c0906a-s15.ufhpc
Wed Aug 27 06:08:32 PM EDT 2025
/blue/shiboli.fsu/yifeisun.umich/adversarial_robustness_FNO
>>> Task 4 running modes index 16 to 19
>>> Running with MODE_SPEC=aaawwwwwww

======================================== 环境诊断 ========================================

[PyTorch]
Version: 2.7.0+cu128
CUDA Available: True
CUDA Version: 12.8
cuDNN Version: 90800
Current Device: 0
Device Name: NVIDIA B200
Device Memory: 178.36 GB

[JAX]
JAX Version: 0.6.0
JAXlib Version: 0.6.0
JAX Backend: gpu
JAX Devices Error: module 'jax.lib.xla_bridge' has no attribute 'devices'

[CUDA/cuDNN System Info]
nvcc not found

[GPU Details]
Device 0: NVIDIA B200
  Compute Capability: 10.0
  Total Memory: 178.36 GB
  Multiprocessors: 148
GPU Details Error: 'torch._C._CudaDeviceProperties' object has no attribute 'max_threads_per_block'

[Compatibility Warnings]
======================================== 诊断结束 ========================================

input_list: [{'norm': 2, 'epsilon': 13.1072, 'alpha': 1.0, 'num_steps': 100}, {'norm': 2, 'epsilon': 39.3216, 'alpha': 1.0, 'num_steps': 100}, {'norm': 2, 'epsilon': 78.6432, 'alpha': 1.0, 'num_steps': 100}, {'norm': 2, 'epsilon': 13.1072, 'alpha': 2.5, 'num_steps': 100}, {'norm': 2, 'epsilon': 39.3216, 'alpha': 2.5, 'num_steps': 100}, {'norm': 2, 'epsilon': 78.6432, 'alpha': 2.5, 'num_steps': 100}, {'norm': 2, 'epsilon': 13.1072, 'alpha': 5.0, 'num_steps': 100}, {'norm': 2, 'epsilon': 39.3216, 'alpha': 5.0, 'num_steps': 100}, {'norm': 2, 'epsilon': 78.6432, 'alpha': 5.0, 'num_steps': 100}, {'norm': 2, 'epsilon': 13.1072, 'alpha': 10.0, 'num_steps': 100}, {'norm': 2, 'epsilon': 39.3216, 'alpha': 10.0, 'num_steps': 100}, {'norm': 2, 'epsilon': 78.6432, 'alpha': 10.0, 'num_steps': 100}, {'norm': 2, 'epsilon': 13.1072, 'alpha': 50.0, 'num_steps': 100}, {'norm': 2, 'epsilon': 39.3216, 'alpha': 50.0, 'num_steps': 100}, {'norm': 2, 'epsilon': 78.6432, 'alpha': 50.0, 'num_steps': 100}]
mode_spec = aaawwwwwww
Per-frame modes: [t=01] approx | [t=02] approx | [t=03] approx | [t=04] with_solver | [t=05] with_solver | [t=06] with_solver | [t=07] with_solver | [t=08] with_solver | [t=09] with_solver | [t=19] with_solver
================================================================================
norm: 2, epsilon: 13.1072, alpha: 1.0, num_steps: 100, index: 1, method: adam, mode_spec: aaawwwwwww, b1: 0.9, b2: 0.999, adam_eps: 1e-08, sign_Linf: True, amsgrad: False

[Step 0] ============ 详细性能分析 ============
[模型部分] 总时间: 61.080777s | 显存: 4.12 GB

[0-9秒 PDE求解详细性能]

[19秒 PDE求解]
  t=19s - 时间: 37.656787s | 显存: 0.00 B

[PDE求解部分] 总时间: 37.656787s | 显存: 0.00 B

[本步骤总计] 时间: 98.737564s | 显存: 4.12 GB
surrogate_loss (vs forward.true_19):  tensor(10839.1455, device='cuda:0', grad_fn=<MseLossBackward0>)
[Step 0] Backward Propagation - Time: 11.1388s, Mem: -4402184192.00 B
[Step 0] PGD Update - Time: 0.2660s, Mem: 1.75 MB

[Step 0] 完整步骤总时间: 78.581601s | 总显存: 21.91 MB
[Step 0] 峰值显存: 16.95 GB

[Step 1] ============ 详细性能分析 ============
[模型部分] 总时间: 1.944790s | 显存: 4.11 GB

[0-9秒 PDE求解详细性能]

[19秒 PDE求解]
  t=19s - 时间: 1.923426s | 显存: 0.00 B

[PDE求解部分] 总时间: 1.923426s | 显存: 0.00 B

[本步骤总计] 时间: 3.868216s | 显存: 4.11 GB
surrogate_loss (vs forward.true_19):  tensor(10350.4395, device='cuda:0', grad_fn=<MseLossBackward0>)
[Step 1] Backward Propagation - Time: 4.2435s, Mem: -4409671680.00 B
[Step 1] PGD Update - Time: 0.0144s, Mem: -3407872.00 B

[Step 1] 完整步骤总时间: 6.204411s | 总显存: 176.00 KB
[Step 1] 峰值显存: 16.96 GB

[Step 2] ============ 详细性能分析 ============
[模型部分] 总时间: 1.963211s | 显存: 4.12 GB

[0-9秒 PDE求解详细性能]

[19秒 PDE求解]
  t=19s - 时间: 1.942526s | 显存: 0.00 B

[PDE求解部分] 总时间: 1.942526s | 显存: 0.00 B

[本步骤总计] 时间: 3.905736s | 显存: 4.12 GB
surrogate_loss (vs forward.true_19):  tensor(9511.9775, device='cuda:0', grad_fn=<MseLossBackward0>)
[Step 2] Backward Propagation - Time: 4.3645s, Mem: -4413235200.00 B
[Step 2] PGD Update - Time: 0.0030s, Mem: -3588096.00 B

[Step 2] 完整步骤总时间: 6.332341s | 总显存: -180224.00 B
[Step 2] 峰值显存: 16.97 GB

[Step 3] ============ 详细性能分析 ============
[模型部分] 总时间: 1.957966s | 显存: 4.11 GB

[0-9秒 PDE求解详细性能]

[19秒 PDE求解]
  t=19s - 时间: 1.937042s | 显存: 0.00 B

[PDE求解部分] 总时间: 1.937042s | 显存: 0.00 B

[本步骤总计] 时间: 3.895008s | 显存: 4.11 GB
surrogate_loss (vs forward.true_19):  tensor(8523.1523, device='cuda:0', grad_fn=<MseLossBackward0>)
[Step 3] Backward Propagation - Time: 4.2418s, Mem: -4409671680.00 B
[Step 3] PGD Update - Time: 0.0029s, Mem: -3407872.00 B

[Step 3] 完整步骤总时间: 6.204468s | 总显存: 176.00 KB
[Step 3] 峰值显存: 16.96 GB

[Step 4] ============ 详细性能分析 ============
[模型部分] 总时间: 1.953065s | 显存: 4.12 GB

[0-9秒 PDE求解详细性能]

[19秒 PDE求解]
  t=19s - 时间: 1.932283s | 显存: 0.00 B

[PDE求解部分] 总时间: 1.932283s | 显存: 0.00 B

[本步骤总计] 时间: 3.885349s | 显存: 4.12 GB
surrogate_loss (vs forward.true_19):  tensor(7870.3848, device='cuda:0', grad_fn=<MseLossBackward0>)
[Step 4] Backward Propagation - Time: 4.1805s, Mem: -4413235200.00 B
[Step 4] PGD Update - Time: 0.0030s, Mem: -3588096.00 B

[Step 4] 完整步骤总时间: 6.138309s | 总显存: -180224.00 B
[Step 4] 峰值显存: 16.97 GB

[Step 5] ============ 详细性能分析 ============
[模型部分] 总时间: 1.935044s | 显存: 4.11 GB

[0-9秒 PDE求解详细性能]

[19秒 PDE求解]
  t=19s - 时间: 1.914474s | 显存: 0.00 B

[PDE求解部分] 总时间: 1.914474s | 显存: 0.00 B

[本步骤总计] 时间: 3.849518s | 显存: 4.11 GB
surrogate_loss (vs forward.true_19):  tensor(7793.4209, device='cuda:0', grad_fn=<MseLossBackward0>)
[Step 5] Backward Propagation - Time: 4.1852s, Mem: -4409671680.00 B
[Step 5] PGD Update - Time: 0.0032s, Mem: -3407872.00 B

[Step 5] 完整步骤总时间: 6.125209s | 总显存: 176.00 KB
[Step 5] 峰值显存: 16.96 GB

[Step 6] ============ 详细性能分析 ============
[模型部分] 总时间: 1.932699s | 显存: 4.12 GB

[0-9秒 PDE求解详细性能]

[19秒 PDE求解]
  t=19s - 时间: 1.911979s | 显存: 0.00 B

[PDE求解部分] 总时间: 1.911979s | 显存: 0.00 B

[本步骤总计] 时间: 3.844679s | 显存: 4.12 GB
surrogate_loss (vs forward.true_19):  tensor(7949.1914, device='cuda:0', grad_fn=<MseLossBackward0>)
[Step 6] Backward Propagation - Time: 4.2090s, Mem: -4413235200.00 B
[Step 6] PGD Update - Time: 0.0031s, Mem: -3588096.00 B

[Step 6] 完整步骤总时间: 6.146552s | 总显存: -180224.00 B
[Step 6] 峰值显存: 16.97 GB

[Step 7] ============ 详细性能分析 ============
[模型部分] 总时间: 2.059063s | 显存: 4.11 GB

[0-9秒 PDE求解详细性能]

[19秒 PDE求解]
  t=19s - 时间: 2.038367s | 显存: 0.00 B

[PDE求解部分] 总时间: 2.038367s | 显存: 0.00 B

[本步骤总计] 时间: 4.097429s | 显存: 4.11 GB
surrogate_loss (vs forward.true_19):  tensor(7210.1357, device='cuda:0', grad_fn=<MseLossBackward0>)
[Step 7] Backward Propagation - Time: 4.2091s, Mem: -4409671680.00 B
[Step 7] PGD Update - Time: 0.0035s, Mem: -3407872.00 B

[Step 7] 完整步骤总时间: 6.273742s | 总显存: 176.00 KB
[Step 7] 峰值显存: 16.96 GB

[Step 8] ============ 详细性能分析 ============
[模型部分] 总时间: 1.933044s | 显存: 4.12 GB

[0-9秒 PDE求解详细性能]

[19秒 PDE求解]
  t=19s - 时间: 1.911962s | 显存: 0.00 B

[PDE求解部分] 总时间: 1.911962s | 显存: 0.00 B

[本步骤总计] 时间: 3.845006s | 显存: 4.12 GB
surrogate_loss (vs forward.true_19):  tensor(5678.5957, device='cuda:0', grad_fn=<MseLossBackward0>)
[Step 8] Backward Propagation - Time: 4.1946s, Mem: -4413235200.00 B
[Step 8] PGD Update - Time: 0.0033s, Mem: -3588096.00 B

[Step 8] 完整步骤总时间: 6.132896s | 总显存: -180224.00 B
[Step 8] 峰值显存: 16.97 GB

[Step 9] ============ 详细性能分析 ============
[模型部分] 总时间: 1.923656s | 显存: 4.11 GB

[0-9秒 PDE求解详细性能]

[19秒 PDE求解]
  t=19s - 时间: 1.902685s | 显存: 0.00 B

[PDE求解部分] 总时间: 1.902685s | 显存: 0.00 B

[本步骤总计] 时间: 3.826341s | 显存: 4.11 GB
surrogate_loss (vs forward.true_19):  tensor(4043.7019, device='cuda:0', grad_fn=<MseLossBackward0>)
[Step 9] Backward Propagation - Time: 4.1835s, Mem: -4409671680.00 B
[Step 9] PGD Update - Time: 0.0030s, Mem: -3407872.00 B

[Step 9] 完整步骤总时间: 6.112145s | 总显存: 176.00 KB
[Step 9] 峰值显存: 16.96 GB

[Step 10] ============ 详细性能分析 ============
[模型部分] 总时间: 1.945764s | 显存: 4.12 GB

[0-9秒 PDE求解详细性能]

[19秒 PDE求解]
  t=19s - 时间: 1.924813s | 显存: 0.00 B

[PDE求解部分] 总时间: 1.924813s | 显存: 0.00 B

[本步骤总计] 时间: 3.870577s | 显存: 4.12 GB
surrogate_loss (vs forward.true_19):  tensor(3255.1357, device='cuda:0', grad_fn=<MseLossBackward0>)
[Step 10] Backward Propagation - Time: 4.2030s, Mem: -4413235200.00 B
[Step 10] PGD Update - Time: 0.0043s, Mem: -3588096.00 B

[Step 10] 完整步骤总时间: 6.155041s | 总显存: -180224.00 B
[Step 10] 峰值显存: 16.97 GB

[Step 11] ============ 详细性能分析 ============
[模型部分] 总时间: 1.926644s | 显存: 4.11 GB

[0-9秒 PDE求解详细性能]

[19秒 PDE求解]
  t=19s - 时间: 1.905848s | 显存: 0.00 B

[PDE求解部分] 总时间: 1.905848s | 显存: 0.00 B

[本步骤总计] 时间: 3.832492s | 显存: 4.11 GB
surrogate_loss (vs forward.true_19):  tensor(3050.8489, device='cuda:0', grad_fn=<MseLossBackward0>)
[Step 11] Backward Propagation - Time: 4.3470s, Mem: -4409671680.00 B
[Step 11] PGD Update - Time: 0.0030s, Mem: -3407872.00 B

[Step 11] 完整步骤总时间: 6.278390s | 总显存: 176.00 KB
[Step 11] 峰值显存: 16.96 GB

[Step 12] ============ 详细性能分析 ============
[模型部分] 总时间: 1.917940s | 显存: 4.12 GB

[0-9秒 PDE求解详细性能]

[19秒 PDE求解]
  t=19s - 时间: 1.897218s | 显存: 0.00 B

[PDE求解部分] 总时间: 1.897218s | 显存: 0.00 B

[本步骤总计] 时间: 3.815158s | 显存: 4.12 GB
surrogate_loss (vs forward.true_19):  tensor(2938.3335, device='cuda:0', grad_fn=<MseLossBackward0>)
[Step 12] Backward Propagation - Time: 4.3755s, Mem: -4413235200.00 B
[Step 12] PGD Update - Time: 0.0031s, Mem: -3588096.00 B

[Step 12] 完整步骤总时间: 6.298560s | 总显存: -180224.00 B
[Step 12] 峰值显存: 16.97 GB

[Step 13] ============ 详细性能分析 ============
[模型部分] 总时间: 1.958444s | 显存: 4.11 GB

[0-9秒 PDE求解详细性能]

[19秒 PDE求解]
  t=19s - 时间: 1.937089s | 显存: 0.00 B

[PDE求解部分] 总时间: 1.937089s | 显存: 0.00 B

[本步骤总计] 时间: 3.895533s | 显存: 4.11 GB
surrogate_loss (vs forward.true_19):  tensor(2769.5259, device='cuda:0', grad_fn=<MseLossBackward0>)
[Step 13] Backward Propagation - Time: 4.1391s, Mem: -4409671680.00 B
[Step 13] PGD Update - Time: 0.0407s, Mem: -3407872.00 B

[Step 13] 完整步骤总时间: 6.140224s | 总显存: 176.00 KB
[Step 13] 峰值显存: 16.96 GB

[Step 14] ============ 详细性能分析 ============
[模型部分] 总时间: 1.931900s | 显存: 4.12 GB

[0-9秒 PDE求解详细性能]

[19秒 PDE求解]
  t=19s - 时间: 1.910738s | 显存: 0.00 B

[PDE求解部分] 总时间: 1.910738s | 显存: 0.00 B

[本步骤总计] 时间: 3.842638s | 显存: 4.12 GB
surrogate_loss (vs forward.true_19):  tensor(2596.9844, device='cuda:0', grad_fn=<MseLossBackward0>)
[Step 14] Backward Propagation - Time: 4.1446s, Mem: -4413235200.00 B
[Step 14] PGD Update - Time: 0.0032s, Mem: -3588096.00 B

[Step 14] 完整步骤总时间: 6.081733s | 总显存: -180224.00 B
[Step 14] 峰值显存: 16.97 GB

[Step 15] ============ 详细性能分析 ============
[模型部分] 总时间: 1.938104s | 显存: 4.11 GB

[0-9秒 PDE求解详细性能]

[19秒 PDE求解]
  t=19s - 时间: 1.917041s | 显存: 0.00 B

[PDE求解部分] 总时间: 1.917041s | 显存: 0.00 B

[本步骤总计] 时间: 3.855145s | 显存: 4.11 GB
surrogate_loss (vs forward.true_19):  tensor(2417.2446, device='cuda:0', grad_fn=<MseLossBackward0>)
[Step 15] Backward Propagation - Time: 4.1941s, Mem: -4409671680.00 B
[Step 15] PGD Update - Time: 0.0037s, Mem: -3407872.00 B

[Step 15] 完整步骤总时间: 6.137706s | 总显存: 176.00 KB
[Step 15] 峰值显存: 16.96 GB

[Step 16] ============ 详细性能分析 ============
[模型部分] 总时间: 1.929249s | 显存: 4.12 GB

[0-9秒 PDE求解详细性能]

[19秒 PDE求解]
  t=19s - 时间: 1.908581s | 显存: 0.00 B

[PDE求解部分] 总时间: 1.908581s | 显存: 0.00 B

[本步骤总计] 时间: 3.837830s | 显存: 4.12 GB
surrogate_loss (vs forward.true_19):  tensor(2274.8003, device='cuda:0', grad_fn=<MseLossBackward0>)
[Step 16] Backward Propagation - Time: 4.1795s, Mem: -4413235200.00 B
[Step 16] PGD Update - Time: 0.0033s, Mem: -3588096.00 B

[Step 16] 完整步骤总时间: 6.113782s | 总显存: -180224.00 B
[Step 16] 峰值显存: 16.97 GB

[Step 17] ============ 详细性能分析 ============
[模型部分] 总时间: 1.928762s | 显存: 4.11 GB

[0-9秒 PDE求解详细性能]

[19秒 PDE求解]
  t=19s - 时间: 1.908009s | 显存: 0.00 B

[PDE求解部分] 总时间: 1.908009s | 显存: 0.00 B

[本步骤总计] 时间: 3.836771s | 显存: 4.11 GB
surrogate_loss (vs forward.true_19):  tensor(2159.9534, device='cuda:0', grad_fn=<MseLossBackward0>)
[Step 17] Backward Propagation - Time: 4.2194s, Mem: -4409671680.00 B
[Step 17] PGD Update - Time: 0.0035s, Mem: -3407872.00 B

[Step 17] 完整步骤总时间: 6.153762s | 总显存: 176.00 KB
[Step 17] 峰值显存: 16.96 GB

[Step 18] ============ 详细性能分析 ============
[模型部分] 总时间: 1.943947s | 显存: 4.12 GB

[0-9秒 PDE求解详细性能]

[19秒 PDE求解]
  t=19s - 时间: 1.922933s | 显存: 0.00 B

[PDE求解部分] 总时间: 1.922933s | 显存: 0.00 B

[本步骤总计] 时间: 3.866880s | 显存: 4.12 GB
surrogate_loss (vs forward.true_19):  tensor(2084.9868, device='cuda:0', grad_fn=<MseLossBackward0>)
[Step 18] Backward Propagation - Time: 4.3621s, Mem: -4413235200.00 B
[Step 18] PGD Update - Time: 0.0033s, Mem: -3588096.00 B

[Step 18] 完整步骤总时间: 6.311376s | 总显存: -180224.00 B
[Step 18] 峰值显存: 16.97 GB

[Step 19] ============ 详细性能分析 ============
[模型部分] 总时间: 1.926765s | 显存: 4.11 GB

[0-9秒 PDE求解详细性能]

[19秒 PDE求解]
  t=19s - 时间: 1.905237s | 显存: 0.00 B

[PDE求解部分] 总时间: 1.905237s | 显存: 0.00 B

[本步骤总计] 时间: 3.832002s | 显存: 4.11 GB
surrogate_loss (vs forward.true_19):  tensor(2059.1362, device='cuda:0', grad_fn=<MseLossBackward0>)
[Step 19] Backward Propagation - Time: 4.1729s, Mem: -4409671680.00 B
[Step 19] PGD Update - Time: 0.0032s, Mem: -3407872.00 B

[Step 19] 完整步骤总时间: 6.104809s | 总显存: 176.00 KB
[Step 19] 峰值显存: 16.96 GB

[Step 20] ============ 详细性能分析 ============
[模型部分] 总时间: 1.919890s | 显存: 4.12 GB

[0-9秒 PDE求解详细性能]

[19秒 PDE求解]
  t=19s - 时间: 1.899106s | 显存: 0.00 B

[PDE求解部分] 总时间: 1.899106s | 显存: 0.00 B

[本步骤总计] 时间: 3.818996s | 显存: 4.12 GB
surrogate_loss (vs forward.true_19):  tensor(2055.1401, device='cuda:0', grad_fn=<MseLossBackward0>)
[Step 20] Backward Propagation - Time: 4.1762s, Mem: -4413235200.00 B
[Step 20] PGD Update - Time: 0.0045s, Mem: -3588096.00 B

[Step 20] 完整步骤总时间: 6.102754s | 总显存: -180224.00 B
[Step 20] 峰值显存: 16.97 GB

[Step 21] ============ 详细性能分析 ============
[模型部分] 总时间: 1.933443s | 显存: 4.11 GB

[0-9秒 PDE求解详细性能]

[19秒 PDE求解]
  t=19s - 时间: 1.912841s | 显存: 0.00 B

[PDE求解部分] 总时间: 1.912841s | 显存: 0.00 B

[本步骤总计] 时间: 3.846284s | 显存: 4.11 GB
surrogate_loss (vs forward.true_19):  tensor(2049.9509, device='cuda:0', grad_fn=<MseLossBackward0>)
[Step 21] Backward Propagation - Time: 4.1915s, Mem: -4409671680.00 B
[Step 21] PGD Update - Time: 0.0036s, Mem: -3407872.00 B

[Step 21] 完整步骤总时间: 6.130435s | 总显存: 176.00 KB
[Step 21] 峰值显存: 16.96 GB

[Step 22] ============ 详细性能分析 ============
[模型部分] 总时间: 1.928389s | 显存: 4.12 GB

[0-9秒 PDE求解详细性能]

[19秒 PDE求解]
  t=19s - 时间: 1.907610s | 显存: 0.00 B

[PDE求解部分] 总时间: 1.907610s | 显存: 0.00 B

[本步骤总计] 时间: 3.836000s | 显存: 4.12 GB
surrogate_loss (vs forward.true_19):  tensor(2049.6877, device='cuda:0', grad_fn=<MseLossBackward0>)
[Step 22] Backward Propagation - Time: 4.2000s, Mem: -4413235200.00 B
[Step 22] PGD Update - Time: 0.0032s, Mem: -3588096.00 B

[Step 22] 完整步骤总时间: 6.133289s | 总显存: -180224.00 B
[Step 22] 峰值显存: 16.97 GB

[Step 23] ============ 详细性能分析 ============
[模型部分] 总时间: 1.928504s | 显存: 4.11 GB

[0-9秒 PDE求解详细性能]

[19秒 PDE求解]
  t=19s - 时间: 1.907819s | 显存: 0.00 B

[PDE求解部分] 总时间: 1.907819s | 显存: 0.00 B

[本步骤总计] 时间: 3.836323s | 显存: 4.11 GB
surrogate_loss (vs forward.true_19):  tensor(2060.9146, device='cuda:0', grad_fn=<MseLossBackward0>)
[Step 23] Backward Propagation - Time: 4.1663s, Mem: -4409671680.00 B
[Step 23] PGD Update - Time: 0.0031s, Mem: -3407872.00 B

[Step 23] 完整步骤总时间: 6.099743s | 总显存: 176.00 KB
[Step 23] 峰值显存: 16.96 GB

[Step 24] ============ 详细性能分析 ============
[模型部分] 总时间: 1.923900s | 显存: 4.12 GB

[0-9秒 PDE求解详细性能]

[19秒 PDE求解]
  t=19s - 时间: 1.902873s | 显存: 0.00 B

[PDE求解部分] 总时间: 1.902873s | 显存: 0.00 B

[本步骤总计] 时间: 3.826774s | 显存: 4.12 GB
surrogate_loss (vs forward.true_19):  tensor(2072.4302, device='cuda:0', grad_fn=<MseLossBackward0>)
[Step 24] Backward Propagation - Time: 4.1779s, Mem: -4413235200.00 B
[Step 24] PGD Update - Time: 0.0033s, Mem: -3588096.00 B

[Step 24] 完整步骤总时间: 6.107148s | 总显存: -180224.00 B
[Step 24] 峰值显存: 16.97 GB

[Step 25] ============ 详细性能分析 ============
[模型部分] 总时间: 1.921973s | 显存: 4.11 GB

[0-9秒 PDE求解详细性能]

[19秒 PDE求解]
  t=19s - 时间: 1.901062s | 显存: 0.00 B

[PDE求解部分] 总时间: 1.901062s | 显存: 0.00 B

[本步骤总计] 时间: 3.823036s | 显存: 4.11 GB
surrogate_loss (vs forward.true_19):  tensor(2078.5803, device='cuda:0', grad_fn=<MseLossBackward0>)
[Step 25] Backward Propagation - Time: 4.4310s, Mem: -4409671680.00 B
[Step 25] PGD Update - Time: 0.0031s, Mem: -3407872.00 B

[Step 25] 完整步骤总时间: 6.357898s | 总显存: 176.00 KB
[Step 25] 峰值显存: 16.96 GB

[Step 26] ============ 详细性能分析 ============
[模型部分] 总时间: 1.964209s | 显存: 4.12 GB

[0-9秒 PDE求解详细性能]

[19秒 PDE求解]
  t=19s - 时间: 1.943031s | 显存: 0.00 B

[PDE求解部分] 总时间: 1.943031s | 显存: 0.00 B

[本步骤总计] 时间: 3.907240s | 显存: 4.12 GB
surrogate_loss (vs forward.true_19):  tensor(2087.1328, device='cuda:0', grad_fn=<MseLossBackward0>)
[Step 26] Backward Propagation - Time: 4.1973s, Mem: -4413235200.00 B
[Step 26] PGD Update - Time: 0.0031s, Mem: -3588096.00 B

[Step 26] 完整步骤总时间: 6.166359s | 总显存: -180224.00 B
[Step 26] 峰值显存: 16.97 GB

[Step 27] ============ 详细性能分析 ============
[模型部分] 总时间: 1.930381s | 显存: 4.11 GB

[0-9秒 PDE求解详细性能]

[19秒 PDE求解]
  t=19s - 时间: 1.909737s | 显存: 0.00 B

[PDE求解部分] 总时间: 1.909737s | 显存: 0.00 B

[本步骤总计] 时间: 3.840118s | 显存: 4.11 GB
surrogate_loss (vs forward.true_19):  tensor(2100.8108, device='cuda:0', grad_fn=<MseLossBackward0>)
[Step 27] Backward Propagation - Time: 4.2450s, Mem: -4409671680.00 B
[Step 27] PGD Update - Time: 0.0043s, Mem: -3407872.00 B

[Step 27] 完整步骤总时间: 6.181782s | 总显存: 176.00 KB
[Step 27] 峰值显存: 16.96 GB

[Step 28] ============ 详细性能分析 ============
[模型部分] 总时间: 1.943574s | 显存: 4.12 GB

[0-9秒 PDE求解详细性能]

[19秒 PDE求解]
  t=19s - 时间: 1.922913s | 显存: 0.00 B

[PDE求解部分] 总时间: 1.922913s | 显存: 0.00 B

[本步骤总计] 时间: 3.866487s | 显存: 4.12 GB
surrogate_loss (vs forward.true_19):  tensor(2106.3652, device='cuda:0', grad_fn=<MseLossBackward0>)
[Step 28] Backward Propagation - Time: 4.1972s, Mem: -4413235200.00 B
[Step 28] PGD Update - Time: 0.0033s, Mem: -3588096.00 B

[Step 28] 完整步骤总时间: 6.146105s | 总显存: -180224.00 B
[Step 28] 峰值显存: 16.97 GB

[Step 29] ============ 详细性能分析 ============
[模型部分] 总时间: 1.936713s | 显存: 4.11 GB

[0-9秒 PDE求解详细性能]

[19秒 PDE求解]
  t=19s - 时间: 1.915910s | 显存: 0.00 B

[PDE求解部分] 总时间: 1.915910s | 显存: 0.00 B

[本步骤总计] 时间: 3.852622s | 显存: 4.11 GB
surrogate_loss (vs forward.true_19):  tensor(2091.8687, device='cuda:0', grad_fn=<MseLossBackward0>)
[Step 29] Backward Propagation - Time: 4.1999s, Mem: -4409671680.00 B
[Step 29] PGD Update - Time: 0.0030s, Mem: -3407872.00 B

[Step 29] 完整步骤总时间: 6.141405s | 总显存: 176.00 KB
[Step 29] 峰值显存: 16.96 GB

[Step 30] ============ 详细性能分析 ============
[模型部分] 总时间: 1.932878s | 显存: 4.12 GB

[0-9秒 PDE求解详细性能]

[19秒 PDE求解]
  t=19s - 时间: 1.912202s | 显存: 0.00 B

[PDE求解部分] 总时间: 1.912202s | 显存: 0.00 B

[本步骤总计] 时间: 3.845080s | 显存: 4.12 GB
surrogate_loss (vs forward.true_19):  tensor(2071.4360, device='cuda:0', grad_fn=<MseLossBackward0>)
[Step 30] Backward Propagation - Time: 4.2463s, Mem: -4413235200.00 B
[Step 30] PGD Update - Time: 0.0033s, Mem: -3588096.00 B

[Step 30] 完整步骤总时间: 6.184264s | 总显存: -180224.00 B
[Step 30] 峰值显存: 16.97 GB

[Step 31] ============ 详细性能分析 ============
[模型部分] 总时间: 1.954887s | 显存: 4.11 GB

[0-9秒 PDE求解详细性能]

[19秒 PDE求解]
  t=19s - 时间: 1.933704s | 显存: 0.00 B

[PDE求解部分] 总时间: 1.933704s | 显存: 0.00 B

[本步骤总计] 时间: 3.888591s | 显存: 4.11 GB
surrogate_loss (vs forward.true_19):  tensor(2058.8181, device='cuda:0', grad_fn=<MseLossBackward0>)
[Step 31] Backward Propagation - Time: 4.2159s, Mem: -4409671680.00 B
[Step 31] PGD Update - Time: 0.0033s, Mem: -3407872.00 B

[Step 31] 完整步骤总时间: 6.176238s | 总显存: 176.00 KB
[Step 31] 峰值显存: 16.96 GB

[Step 32] ============ 详细性能分析 ============
[模型部分] 总时间: 2.053196s | 显存: 4.12 GB

[0-9秒 PDE求解详细性能]

[19秒 PDE求解]
  t=19s - 时间: 2.032385s | 显存: 0.00 B

[PDE求解部分] 总时间: 2.032385s | 显存: 0.00 B

[本步骤总计] 时间: 4.085581s | 显存: 4.12 GB
surrogate_loss (vs forward.true_19):  tensor(2054.4780, device='cuda:0', grad_fn=<MseLossBackward0>)
[Step 32] Backward Propagation - Time: 4.2012s, Mem: -4413235200.00 B
[Step 32] PGD Update - Time: 0.0031s, Mem: -3588096.00 B

[Step 32] 完整步骤总时间: 6.259292s | 总显存: -180224.00 B
[Step 32] 峰值显存: 16.97 GB

[Step 33] ============ 详细性能分析 ============
[模型部分] 总时间: 1.931913s | 显存: 4.11 GB

[0-9秒 PDE求解详细性能]

[19秒 PDE求解]
  t=19s - 时间: 1.911099s | 显存: 0.00 B

[PDE求解部分] 总时间: 1.911099s | 显存: 0.00 B

[本步骤总计] 时间: 3.843012s | 显存: 4.11 GB
surrogate_loss (vs forward.true_19):  tensor(2076.7661, device='cuda:0', grad_fn=<MseLossBackward0>)
[Step 33] Backward Propagation - Time: 4.5127s, Mem: -4409671680.00 B
[Step 33] PGD Update - Time: 0.0041s, Mem: -3407872.00 B

[Step 33] 完整步骤总时间: 6.450853s | 总显存: 176.00 KB
[Step 33] 峰值显存: 16.96 GB

[Step 34] ============ 详细性能分析 ============
[模型部分] 总时间: 1.940166s | 显存: 4.12 GB

[0-9秒 PDE求解详细性能]

[19秒 PDE求解]
  t=19s - 时间: 1.919144s | 显存: 0.00 B

[PDE求解部分] 总时间: 1.919144s | 显存: 0.00 B

[本步骤总计] 时间: 3.859309s | 显存: 4.12 GB
surrogate_loss (vs forward.true_19):  tensor(2118.8218, device='cuda:0', grad_fn=<MseLossBackward0>)
[Step 34] Backward Propagation - Time: 4.2199s, Mem: -4413235200.00 B
[Step 34] PGD Update - Time: 0.0034s, Mem: -3588096.00 B

[Step 34] 完整步骤总时间: 6.165291s | 总显存: -180224.00 B
[Step 34] 峰值显存: 16.97 GB

[Step 35] ============ 详细性能分析 ============
[模型部分] 总时间: 1.932886s | 显存: 4.11 GB

[0-9秒 PDE求解详细性能]

[19秒 PDE求解]
  t=19s - 时间: 1.912077s | 显存: 0.00 B

[PDE求解部分] 总时间: 1.912077s | 显存: 0.00 B

[本步骤总计] 时间: 3.844963s | 显存: 4.11 GB
surrogate_loss (vs forward.true_19):  tensor(2166.3542, device='cuda:0', grad_fn=<MseLossBackward0>)
[Step 35] Backward Propagation - Time: 4.2085s, Mem: -4409671680.00 B
[Step 35] PGD Update - Time: 0.0033s, Mem: -3407872.00 B

[Step 35] 完整步骤总时间: 6.146433s | 总显存: 176.00 KB
[Step 35] 峰值显存: 16.96 GB

[Step 36] ============ 详细性能分析 ============
[模型部分] 总时间: 1.953735s | 显存: 4.12 GB

[0-9秒 PDE求解详细性能]

[19秒 PDE求解]
  t=19s - 时间: 1.933021s | 显存: 0.00 B

[PDE求解部分] 总时间: 1.933021s | 显存: 0.00 B

[本步骤总计] 时间: 3.886756s | 显存: 4.12 GB
surrogate_loss (vs forward.true_19):  tensor(2209.6292, device='cuda:0', grad_fn=<MseLossBackward0>)
[Step 36] Backward Propagation - Time: 4.1995s, Mem: -4413235200.00 B
[Step 36] PGD Update - Time: 0.0030s, Mem: -3588096.00 B

[Step 36] 完整步骤总时间: 6.158000s | 总显存: -180224.00 B
[Step 36] 峰值显存: 16.97 GB

[Step 37] ============ 详细性能分析 ============
[模型部分] 总时间: 1.936740s | 显存: 4.11 GB

[0-9秒 PDE求解详细性能]

[19秒 PDE求解]
  t=19s - 时间: 1.915705s | 显存: 0.00 B

[PDE求解部分] 总时间: 1.915705s | 显存: 0.00 B

[本步骤总计] 时间: 3.852445s | 显存: 4.11 GB
surrogate_loss (vs forward.true_19):  tensor(2234.6711, device='cuda:0', grad_fn=<MseLossBackward0>)
[Step 37] Backward Propagation - Time: 4.2393s, Mem: -4409671680.00 B
[Step 37] PGD Update - Time: 0.0034s, Mem: -3407872.00 B

[Step 37] 完整步骤总时间: 6.181434s | 总显存: 176.00 KB
[Step 37] 峰值显存: 16.96 GB

[Step 38] ============ 详细性能分析 ============
[模型部分] 总时间: 1.970490s | 显存: 4.12 GB

[0-9秒 PDE求解详细性能]

[19秒 PDE求解]
  t=19s - 时间: 1.949404s | 显存: 0.00 B

[PDE求解部分] 总时间: 1.949404s | 显存: 0.00 B

[本步骤总计] 时间: 3.919894s | 显存: 4.12 GB
surrogate_loss (vs forward.true_19):  tensor(2234.6196, device='cuda:0', grad_fn=<MseLossBackward0>)
[Step 38] Backward Propagation - Time: 4.2312s, Mem: -4413235200.00 B
[Step 38] PGD Update - Time: 0.0030s, Mem: -3588096.00 B

[Step 38] 完整步骤总时间: 6.206695s | 总显存: -180224.00 B
[Step 38] 峰值显存: 16.97 GB

[Step 39] ============ 详细性能分析 ============
[模型部分] 总时间: 1.974445s | 显存: 4.11 GB

[0-9秒 PDE求解详细性能]

[19秒 PDE求解]
  t=19s - 时间: 1.953608s | 显存: 0.00 B

[PDE求解部分] 总时间: 1.953608s | 显存: 0.00 B

[本步骤总计] 时间: 3.928053s | 显存: 4.11 GB
surrogate_loss (vs forward.true_19):  tensor(2214.0828, device='cuda:0', grad_fn=<MseLossBackward0>)
[Step 39] Backward Propagation - Time: 4.2180s, Mem: -4409671680.00 B
[Step 39] PGD Update - Time: 0.0042s, Mem: -3407872.00 B

[Step 39] 完整步骤总时间: 6.198750s | 总显存: 176.00 KB
[Step 39] 峰值显存: 16.96 GB

[Step 40] ============ 详细性能分析 ============
[模型部分] 总时间: 1.951871s | 显存: 4.12 GB

[0-9秒 PDE求解详细性能]

[19秒 PDE求解]
  t=19s - 时间: 1.931166s | 显存: 0.00 B

[PDE求解部分] 总时间: 1.931166s | 显存: 0.00 B

[本步骤总计] 时间: 3.883037s | 显存: 4.12 GB
surrogate_loss (vs forward.true_19):  tensor(2183.9199, device='cuda:0', grad_fn=<MseLossBackward0>)
[Step 40] Backward Propagation - Time: 4.2480s, Mem: -4413235200.00 B
[Step 40] PGD Update - Time: 0.0033s, Mem: -3588096.00 B

[Step 40] 完整步骤总时间: 6.204962s | 总显存: -180224.00 B
[Step 40] 峰值显存: 16.97 GB

[Step 41] ============ 详细性能分析 ============
[模型部分] 总时间: 1.947310s | 显存: 4.11 GB

[0-9秒 PDE求解详细性能]

[19秒 PDE求解]
  t=19s - 时间: 1.926402s | 显存: 0.00 B

[PDE求解部分] 总时间: 1.926402s | 显存: 0.00 B

[本步骤总计] 时间: 3.873712s | 显存: 4.11 GB
surrogate_loss (vs forward.true_19):  tensor(2155.9321, device='cuda:0', grad_fn=<MseLossBackward0>)
[Step 41] Backward Propagation - Time: 4.1981s, Mem: -4409671680.00 B
[Step 41] PGD Update - Time: 0.0030s, Mem: -3407872.00 B

[Step 41] 完整步骤总时间: 6.150311s | 总显存: 176.00 KB
[Step 41] 峰值显存: 16.96 GB

[Step 42] ============ 详细性能分析 ============
[模型部分] 总时间: 1.957618s | 显存: 4.12 GB

[0-9秒 PDE求解详细性能]

[19秒 PDE求解]
  t=19s - 时间: 1.936961s | 显存: 0.00 B

[PDE求解部分] 总时间: 1.936961s | 显存: 0.00 B

[本步骤总计] 时间: 3.894579s | 显存: 4.12 GB
surrogate_loss (vs forward.true_19):  tensor(2136.1582, device='cuda:0', grad_fn=<MseLossBackward0>)
[Step 42] Backward Propagation - Time: 4.5937s, Mem: -4413235200.00 B
[Step 42] PGD Update - Time: 0.0029s, Mem: -3588096.00 B

[Step 42] 完整步骤总时间: 6.555916s | 总显存: -180224.00 B
[Step 42] 峰值显存: 16.97 GB

[Step 43] ============ 详细性能分析 ============
[模型部分] 总时间: 1.942545s | 显存: 4.11 GB

[0-9秒 PDE求解详细性能]

[19秒 PDE求解]
  t=19s - 时间: 1.917479s | 显存: 0.00 B

[PDE求解部分] 总时间: 1.917479s | 显存: 0.00 B

[本步骤总计] 时间: 3.860024s | 显存: 4.11 GB
surrogate_loss (vs forward.true_19):  tensor(2126.0308, device='cuda:0', grad_fn=<MseLossBackward0>)
[Step 43] Backward Propagation - Time: 4.1901s, Mem: -4409671680.00 B
[Step 43] PGD Update - Time: 0.0032s, Mem: -3407872.00 B

[Step 43] 完整步骤总时间: 6.137906s | 总显存: 176.00 KB
[Step 43] 峰值显存: 16.96 GB

[Step 44] ============ 详细性能分析 ============
[模型部分] 总时间: 1.942301s | 显存: 4.12 GB

[0-9秒 PDE求解详细性能]

[19秒 PDE求解]
  t=19s - 时间: 1.921560s | 显存: 0.00 B

[PDE求解部分] 总时间: 1.921560s | 显存: 0.00 B

[本步骤总计] 时间: 3.863861s | 显存: 4.12 GB
surrogate_loss (vs forward.true_19):  tensor(2124.3672, device='cuda:0', grad_fn=<MseLossBackward0>)
[Step 44] Backward Propagation - Time: 4.2209s, Mem: -4413235200.00 B
[Step 44] PGD Update - Time: 0.0031s, Mem: -3588096.00 B

[Step 44] 完整步骤总时间: 6.168028s | 总显存: -180224.00 B
[Step 44] 峰值显存: 16.97 GB

[Step 45] ============ 详细性能分析 ============
[模型部分] 总时间: 1.966766s | 显存: 4.11 GB

[0-9秒 PDE求解详细性能]

[19秒 PDE求解]
  t=19s - 时间: 1.945904s | 显存: 0.00 B

[PDE求解部分] 总时间: 1.945904s | 显存: 0.00 B

[本步骤总计] 时间: 3.912669s | 显存: 4.11 GB
surrogate_loss (vs forward.true_19):  tensor(2128.6631, device='cuda:0', grad_fn=<MseLossBackward0>)
[Step 45] Backward Propagation - Time: 4.1510s, Mem: -4409671680.00 B
[Step 45] PGD Update - Time: 0.0032s, Mem: -3407872.00 B

[Step 45] 完整步骤总时间: 6.122865s | 总显存: 176.00 KB
[Step 45] 峰值显存: 16.96 GB

[Step 46] ============ 详细性能分析 ============
[模型部分] 总时间: 1.921907s | 显存: 4.12 GB

[0-9秒 PDE求解详细性能]

[19秒 PDE求解]
  t=19s - 时间: 1.901159s | 显存: 0.00 B

[PDE求解部分] 总时间: 1.901159s | 显存: 0.00 B

[本步骤总计] 时间: 3.823066s | 显存: 4.12 GB
surrogate_loss (vs forward.true_19):  tensor(2137.9426, device='cuda:0', grad_fn=<MseLossBackward0>)
[Step 46] Backward Propagation - Time: 4.1554s, Mem: -4413235200.00 B
[Step 46] PGD Update - Time: 0.0040s, Mem: -3588096.00 B

[Step 46] 完整步骤总时间: 6.083393s | 总显存: -180224.00 B
[Step 46] 峰值显存: 16.97 GB

[Step 47] ============ 详细性能分析 ============
[模型部分] 总时间: 1.960301s | 显存: 4.11 GB

[0-9秒 PDE求解详细性能]

[19秒 PDE求解]
  t=19s - 时间: 1.939552s | 显存: 0.00 B

[PDE求解部分] 总时间: 1.939552s | 显存: 0.00 B

[本步骤总计] 时间: 3.899853s | 显存: 4.11 GB
surrogate_loss (vs forward.true_19):  tensor(2151.3877, device='cuda:0', grad_fn=<MseLossBackward0>)
[Step 47] Backward Propagation - Time: 4.2374s, Mem: -4409671680.00 B
[Step 47] PGD Update - Time: 0.0033s, Mem: -3407872.00 B

[Step 47] 完整步骤总时间: 6.202791s | 总显存: 176.00 KB
[Step 47] 峰值显存: 16.96 GB

[Step 48] ============ 详细性能分析 ============
[模型部分] 总时间: 1.963792s | 显存: 4.12 GB

[0-9秒 PDE求解详细性能]

[19秒 PDE求解]
  t=19s - 时间: 1.943062s | 显存: 0.00 B

[PDE求解部分] 总时间: 1.943062s | 显存: 0.00 B

[本步骤总计] 时间: 3.906853s | 显存: 4.12 GB
surrogate_loss (vs forward.true_19):  tensor(2169.1750, device='cuda:0', grad_fn=<MseLossBackward0>)
[Step 48] Backward Propagation - Time: 4.2310s, Mem: -4413235200.00 B
[Step 48] PGD Update - Time: 0.0033s, Mem: -3588096.00 B

[Step 48] 完整步骤总时间: 6.199849s | 总显存: -180224.00 B
[Step 48] 峰值显存: 16.97 GB

[Step 49] ============ 详细性能分析 ============
[模型部分] 总时间: 1.961314s | 显存: 4.11 GB

[0-9秒 PDE求解详细性能]

[19秒 PDE求解]
  t=19s - 时间: 1.940376s | 显存: 0.00 B

[PDE求解部分] 总时间: 1.940376s | 显存: 0.00 B

[本步骤总计] 时间: 3.901690s | 显存: 4.11 GB
surrogate_loss (vs forward.true_19):  tensor(2191.9351, device='cuda:0', grad_fn=<MseLossBackward0>)
[Step 49] Backward Propagation - Time: 4.2334s, Mem: -4409671680.00 B
[Step 49] PGD Update - Time: 0.0031s, Mem: -3407872.00 B

[Step 49] 完整步骤总时间: 6.199547s | 总显存: 176.00 KB
[Step 49] 峰值显存: 16.96 GB

[Step 50] ============ 详细性能分析 ============
[模型部分] 总时间: 1.969545s | 显存: 4.12 GB

[0-9秒 PDE求解详细性能]

[19秒 PDE求解]
  t=19s - 时间: 1.948832s | 显存: 0.00 B

[PDE求解部分] 总时间: 1.948832s | 显存: 0.00 B

[本步骤总计] 时间: 3.918378s | 显存: 4.12 GB
surrogate_loss (vs forward.true_19):  tensor(2217.3477, device='cuda:0', grad_fn=<MseLossBackward0>)
[Step 50] Backward Propagation - Time: 4.2310s, Mem: -4413235200.00 B
[Step 50] PGD Update - Time: 0.0032s, Mem: -3588096.00 B

[Step 50] 完整步骤总时间: 6.205480s | 总显存: -180224.00 B
[Step 50] 峰值显存: 16.97 GB

[Step 51] ============ 详细性能分析 ============
[模型部分] 总时间: 1.963179s | 显存: 4.11 GB

[0-9秒 PDE求解详细性能]

[19秒 PDE求解]
  t=19s - 时间: 1.941864s | 显存: 0.00 B

[PDE求解部分] 总时间: 1.941864s | 显存: 0.00 B

[本步骤总计] 时间: 3.905043s | 显存: 4.11 GB
surrogate_loss (vs forward.true_19):  tensor(2245.8003, device='cuda:0', grad_fn=<MseLossBackward0>)
[Step 51] Backward Propagation - Time: 4.2499s, Mem: -4409671680.00 B
[Step 51] PGD Update - Time: 0.0032s, Mem: -3407872.00 B

[Step 51] 完整步骤总时间: 6.218532s | 总显存: 176.00 KB
[Step 51] 峰值显存: 16.96 GB

[Step 52] ============ 详细性能分析 ============
[模型部分] 总时间: 1.946118s | 显存: 4.12 GB

[0-9秒 PDE求解详细性能]

[19秒 PDE求解]
  t=19s - 时间: 1.925228s | 显存: 0.00 B

[PDE求解部分] 总时间: 1.925228s | 显存: 0.00 B

[本步骤总计] 时间: 3.871345s | 显存: 4.12 GB
surrogate_loss (vs forward.true_19):  tensor(2274.6169, device='cuda:0', grad_fn=<MseLossBackward0>)
[Step 52] Backward Propagation - Time: 4.2033s, Mem: -4413235200.00 B
[Step 52] PGD Update - Time: 0.0031s, Mem: -3588096.00 B

[Step 52] 完整步骤总时间: 6.154271s | 总显存: -180224.00 B
[Step 52] 峰值显存: 16.97 GB

[Step 53] ============ 详细性能分析 ============
[模型部分] 总时间: 1.944436s | 显存: 4.11 GB

[0-9秒 PDE求解详细性能]

[19秒 PDE求解]
  t=19s - 时间: 1.923683s | 显存: 0.00 B

[PDE求解部分] 总时间: 1.923683s | 显存: 0.00 B

[本步骤总计] 时间: 3.868119s | 显存: 4.11 GB
surrogate_loss (vs forward.true_19):  tensor(2302.0066, device='cuda:0', grad_fn=<MseLossBackward0>)
[Step 53] Backward Propagation - Time: 4.5817s, Mem: -4409671680.00 B
[Step 53] PGD Update - Time: 0.0043s, Mem: -3407872.00 B

[Step 53] 完整步骤总时间: 6.532203s | 总显存: 176.00 KB
[Step 53] 峰值显存: 16.96 GB

[Step 54] ============ 详细性能分析 ============
[模型部分] 总时间: 1.949697s | 显存: 4.12 GB

[0-9秒 PDE求解详细性能]

[19秒 PDE求解]
  t=19s - 时间: 1.928640s | 显存: 0.00 B

[PDE求解部分] 总时间: 1.928640s | 显存: 0.00 B

[本步骤总计] 时间: 3.878337s | 显存: 4.12 GB
surrogate_loss (vs forward.true_19):  tensor(2327.0374, device='cuda:0', grad_fn=<MseLossBackward0>)
[Step 54] Backward Propagation - Time: 4.1985s, Mem: -4413235200.00 B
[Step 54] PGD Update - Time: 0.0031s, Mem: -3588096.00 B

[Step 54] 完整步骤总时间: 6.153051s | 总显存: -180224.00 B
[Step 54] 峰值显存: 16.97 GB

[Step 55] ============ 详细性能分析 ============
[模型部分] 总时间: 1.936142s | 显存: 4.11 GB

[0-9秒 PDE求解详细性能]

[19秒 PDE求解]
  t=19s - 时间: 1.915280s | 显存: 0.00 B

[PDE求解部分] 总时间: 1.915280s | 显存: 0.00 B

[本步骤总计] 时间: 3.851422s | 显存: 4.11 GB
surrogate_loss (vs forward.true_19):  tensor(2348.1079, device='cuda:0', grad_fn=<MseLossBackward0>)
[Step 55] Backward Propagation - Time: 4.2307s, Mem: -4409671680.00 B
[Step 55] PGD Update - Time: 0.0029s, Mem: -3407872.00 B

[Step 55] 完整步骤总时间: 6.171583s | 总显存: 176.00 KB
[Step 55] 峰值显存: 16.96 GB

[Step 56] ============ 详细性能分析 ============
[模型部分] 总时间: 1.965207s | 显存: 4.12 GB

[0-9秒 PDE求解详细性能]

[19秒 PDE求解]
  t=19s - 时间: 1.944525s | 显存: 0.00 B

[PDE求解部分] 总时间: 1.944525s | 显存: 0.00 B

[本步骤总计] 时间: 3.909732s | 显存: 4.12 GB
surrogate_loss (vs forward.true_19):  tensor(2366.7209, device='cuda:0', grad_fn=<MseLossBackward0>)
[Step 56] Backward Propagation - Time: 4.2002s, Mem: -4413235200.00 B
[Step 56] PGD Update - Time: 0.0031s, Mem: -3588096.00 B

[Step 56] 完整步骤总时间: 6.170313s | 总显存: -180224.00 B
[Step 56] 峰值显存: 16.97 GB

[Step 57] ============ 详细性能分析 ============
[模型部分] 总时间: 1.938915s | 显存: 4.11 GB

[0-9秒 PDE求解详细性能]

[19秒 PDE求解]
  t=19s - 时间: 1.917582s | 显存: 0.00 B

[PDE求解部分] 总时间: 1.917582s | 显存: 0.00 B

[本步骤总计] 时间: 3.856498s | 显存: 4.11 GB
surrogate_loss (vs forward.true_19):  tensor(2382.2388, device='cuda:0', grad_fn=<MseLossBackward0>)
[Step 57] Backward Propagation - Time: 4.1830s, Mem: -4409671680.00 B
[Step 57] PGD Update - Time: 0.0030s, Mem: -3407872.00 B

[Step 57] 完整步骤总时间: 6.127021s | 总显存: 176.00 KB
[Step 57] 峰值显存: 16.96 GB

[Step 58] ============ 详细性能分析 ============
[模型部分] 总时间: 1.952795s | 显存: 4.12 GB

[0-9秒 PDE求解详细性能]

[19秒 PDE求解]
  t=19s - 时间: 1.931746s | 显存: 0.00 B

[PDE求解部分] 总时间: 1.931746s | 显存: 0.00 B

[本步骤总计] 时间: 3.884541s | 显存: 4.12 GB
surrogate_loss (vs forward.true_19):  tensor(2394.9170, device='cuda:0', grad_fn=<MseLossBackward0>)
[Step 58] Backward Propagation - Time: 4.2180s, Mem: -4413235200.00 B
[Step 58] PGD Update - Time: 0.0032s, Mem: -3588096.00 B

[Step 58] 完整步骤总时间: 6.175774s | 总显存: -180224.00 B
[Step 58] 峰值显存: 16.97 GB

[Step 59] ============ 详细性能分析 ============
[模型部分] 总时间: 1.969765s | 显存: 4.11 GB

[0-9秒 PDE求解详细性能]

[19秒 PDE求解]
  t=19s - 时间: 1.948938s | 显存: 0.00 B

[PDE求解部分] 总时间: 1.948938s | 显存: 0.00 B

[本步骤总计] 时间: 3.918703s | 显存: 4.11 GB
surrogate_loss (vs forward.true_19):  tensor(2406.5376, device='cuda:0', grad_fn=<MseLossBackward0>)
[Step 59] Backward Propagation - Time: 4.2834s, Mem: -4409671680.00 B
[Step 59] PGD Update - Time: 0.0042s, Mem: -3407872.00 B

[Step 59] 完整步骤总时间: 6.259486s | 总显存: 176.00 KB
[Step 59] 峰值显存: 16.96 GB

[Step 60] ============ 详细性能分析 ============
[模型部分] 总时间: 1.968431s | 显存: 4.12 GB

[0-9秒 PDE求解详细性能]

[19秒 PDE求解]
  t=19s - 时间: 1.947710s | 显存: 0.00 B

[PDE求解部分] 总时间: 1.947710s | 显存: 0.00 B

[本步骤总计] 时间: 3.916140s | 显存: 4.12 GB
surrogate_loss (vs forward.true_19):  tensor(2417.0029, device='cuda:0', grad_fn=<MseLossBackward0>)
[Step 60] Backward Propagation - Time: 4.2371s, Mem: -4413235200.00 B
[Step 60] PGD Update - Time: 0.0030s, Mem: -3588096.00 B

[Step 60] 完整步骤总时间: 6.210258s | 总显存: -180224.00 B
[Step 60] 峰值显存: 16.97 GB

[Step 61] ============ 详细性能分析 ============
[模型部分] 总时间: 1.974457s | 显存: 4.11 GB

[0-9秒 PDE求解详细性能]

[19秒 PDE求解]
  t=19s - 时间: 1.953767s | 显存: 0.00 B

[PDE求解部分] 总时间: 1.953767s | 显存: 0.00 B

[本步骤总计] 时间: 3.928224s | 显存: 4.11 GB
surrogate_loss (vs forward.true_19):  tensor(2426.1011, device='cuda:0', grad_fn=<MseLossBackward0>)
[Step 61] Backward Propagation - Time: 4.2550s, Mem: -4409671680.00 B
[Step 61] PGD Update - Time: 0.0031s, Mem: -3407872.00 B

[Step 61] 完整步骤总时间: 6.234235s | 总显存: 176.00 KB
[Step 61] 峰值显存: 16.96 GB

[Step 62] ============ 详细性能分析 ============
[模型部分] 总时间: 1.951405s | 显存: 4.12 GB

[0-9秒 PDE求解详细性能]

[19秒 PDE求解]
  t=19s - 时间: 1.930551s | 显存: 0.00 B

[PDE求解部分] 总时间: 1.930551s | 显存: 0.00 B

[本步骤总计] 时间: 3.881956s | 显存: 4.12 GB
surrogate_loss (vs forward.true_19):  tensor(2435.3723, device='cuda:0', grad_fn=<MseLossBackward0>)
[Step 62] Backward Propagation - Time: 4.2412s, Mem: -4413235200.00 B
[Step 62] PGD Update - Time: 0.0033s, Mem: -3588096.00 B

[Step 62] 完整步骤总时间: 6.197723s | 总显存: -180224.00 B
[Step 62] 峰值显存: 16.97 GB

[Step 63] ============ 详细性能分析 ============
[模型部分] 总时间: 1.942353s | 显存: 4.11 GB

[0-9秒 PDE求解详细性能]

[19秒 PDE求解]
  t=19s - 时间: 1.921626s | 显存: 0.00 B

[PDE求解部分] 总时间: 1.921626s | 显存: 0.00 B

[本步骤总计] 时间: 3.863979s | 显存: 4.11 GB
surrogate_loss (vs forward.true_19):  tensor(2443.9922, device='cuda:0', grad_fn=<MseLossBackward0>)
[Step 63] Backward Propagation - Time: 4.2265s, Mem: -4409671680.00 B
[Step 63] PGD Update - Time: 0.0031s, Mem: -3407872.00 B

[Step 63] 完整步骤总时间: 6.173695s | 总显存: 176.00 KB
[Step 63] 峰值显存: 16.96 GB

[Step 64] ============ 详细性能分析 ============
[模型部分] 总时间: 1.938027s | 显存: 4.12 GB

[0-9秒 PDE求解详细性能]

[19秒 PDE求解]
  t=19s - 时间: 1.917076s | 显存: 0.00 B

[PDE求解部分] 总时间: 1.917076s | 显存: 0.00 B

[本步骤总计] 时间: 3.855104s | 显存: 4.12 GB
surrogate_loss (vs forward.true_19):  tensor(2452.2480, device='cuda:0', grad_fn=<MseLossBackward0>)
[Step 64] Backward Propagation - Time: 4.2259s, Mem: -4413235200.00 B
[Step 64] PGD Update - Time: 0.0032s, Mem: -3588096.00 B

[Step 64] 完整步骤总时间: 6.169119s | 总显存: -180224.00 B
[Step 64] 峰值显存: 16.97 GB

[Step 65] ============ 详细性能分析 ============
[模型部分] 总时间: 1.965596s | 显存: 4.11 GB

[0-9秒 PDE求解详细性能]

[19秒 PDE求解]
  t=19s - 时间: 1.944707s | 显存: 0.00 B

[PDE求解部分] 总时间: 1.944707s | 显存: 0.00 B

[本步骤总计] 时间: 3.910303s | 显存: 4.11 GB
surrogate_loss (vs forward.true_19):  tensor(2460.4624, device='cuda:0', grad_fn=<MseLossBackward0>)
[Step 65] Backward Propagation - Time: 4.2335s, Mem: -4409671680.00 B
[Step 65] PGD Update - Time: 0.0031s, Mem: -3407872.00 B

[Step 65] 完整步骤总时间: 6.204049s | 总显存: 176.00 KB
[Step 65] 峰值显存: 16.96 GB

[Step 66] ============ 详细性能分析 ============
[模型部分] 总时间: 1.970872s | 显存: 4.12 GB

[0-9秒 PDE求解详细性能]

[19秒 PDE求解]
  t=19s - 时间: 1.949803s | 显存: 0.00 B

[PDE求解部分] 总时间: 1.949803s | 显存: 0.00 B

[本步骤总计] 时间: 3.920674s | 显存: 4.12 GB
surrogate_loss (vs forward.true_19):  tensor(2467.8965, device='cuda:0', grad_fn=<MseLossBackward0>)
[Step 66] Backward Propagation - Time: 4.7753s, Mem: -4413235200.00 B
[Step 66] PGD Update - Time: 0.0033s, Mem: -3588096.00 B

[Step 66] 完整步骤总时间: 6.751451s | 总显存: -180224.00 B
[Step 66] 峰值显存: 16.97 GB

[Step 67] ============ 详细性能分析 ============
[模型部分] 总时间: 1.940116s | 显存: 4.11 GB

[0-9秒 PDE求解详细性能]

[19秒 PDE求解]
  t=19s - 时间: 1.919128s | 显存: 0.00 B

[PDE求解部分] 总时间: 1.919128s | 显存: 0.00 B

[本步骤总计] 时间: 3.859243s | 显存: 4.11 GB
surrogate_loss (vs forward.true_19):  tensor(2475.2314, device='cuda:0', grad_fn=<MseLossBackward0>)
[Step 67] Backward Propagation - Time: 4.2442s, Mem: -4409671680.00 B
[Step 67] PGD Update - Time: 0.0041s, Mem: -3407872.00 B

[Step 67] 完整步骤总时间: 6.190512s | 总显存: 176.00 KB
[Step 67] 峰值显存: 16.96 GB

[Step 68] ============ 详细性能分析 ============
[模型部分] 总时间: 1.975873s | 显存: 4.12 GB

[0-9秒 PDE求解详细性能]

[19秒 PDE求解]
  t=19s - 时间: 1.955281s | 显存: 0.00 B

[PDE求解部分] 总时间: 1.955281s | 显存: 0.00 B

[本步骤总计] 时间: 3.931154s | 显存: 4.12 GB
surrogate_loss (vs forward.true_19):  tensor(2482.1890, device='cuda:0', grad_fn=<MseLossBackward0>)
[Step 68] Backward Propagation - Time: 4.2433s, Mem: -4413235200.00 B
[Step 68] PGD Update - Time: 0.0040s, Mem: -3588096.00 B

[Step 68] 完整步骤总时间: 6.224873s | 总显存: -180224.00 B
[Step 68] 峰值显存: 16.97 GB

[Step 69] ============ 详细性能分析 ============
[模型部分] 总时间: 1.933961s | 显存: 4.11 GB

[0-9秒 PDE求解详细性能]

[19秒 PDE求解]
  t=19s - 时间: 1.913114s | 显存: 0.00 B

[PDE求解部分] 总时间: 1.913114s | 显存: 0.00 B

[本步骤总计] 时间: 3.847076s | 显存: 4.11 GB
surrogate_loss (vs forward.true_19):  tensor(2488.3628, device='cuda:0', grad_fn=<MseLossBackward0>)
[Step 69] Backward Propagation - Time: 4.2006s, Mem: -4409671680.00 B
[Step 69] PGD Update - Time: 0.0033s, Mem: -3407872.00 B

[Step 69] 完整步骤总时间: 6.139573s | 总显存: 176.00 KB
[Step 69] 峰值显存: 16.96 GB

[Step 70] ============ 详细性能分析 ============
[模型部分] 总时间: 1.927360s | 显存: 4.12 GB

[0-9秒 PDE求解详细性能]

[19秒 PDE求解]
  t=19s - 时间: 1.906692s | 显存: 0.00 B

[PDE求解部分] 总时间: 1.906692s | 显存: 0.00 B

[本步骤总计] 时间: 3.834052s | 显存: 4.12 GB
surrogate_loss (vs forward.true_19):  tensor(2494.4963, device='cuda:0', grad_fn=<MseLossBackward0>)
[Step 70] Backward Propagation - Time: 4.2171s, Mem: -4413235200.00 B
[Step 70] PGD Update - Time: 0.0031s, Mem: -3588096.00 B

[Step 70] 完整步骤总时间: 6.149257s | 总显存: -180224.00 B
[Step 70] 峰值显存: 16.97 GB

[Step 71] ============ 详细性能分析 ============
[模型部分] 总时间: 1.944989s | 显存: 4.11 GB

[0-9秒 PDE求解详细性能]

[19秒 PDE求解]
  t=19s - 时间: 1.924092s | 显存: 0.00 B

[PDE求解部分] 总时间: 1.924092s | 显存: 0.00 B

[本步骤总计] 时间: 3.869081s | 显存: 4.11 GB
surrogate_loss (vs forward.true_19):  tensor(2499.7578, device='cuda:0', grad_fn=<MseLossBackward0>)
[Step 71] Backward Propagation - Time: 4.2216s, Mem: -4409671680.00 B
[Step 71] PGD Update - Time: 0.0034s, Mem: -3407872.00 B

[Step 71] 完整步骤总时间: 6.171990s | 总显存: 176.00 KB
[Step 71] 峰值显存: 16.96 GB

[Step 72] ============ 详细性能分析 ============
[模型部分] 总时间: 1.956560s | 显存: 4.12 GB

[0-9秒 PDE求解详细性能]

[19秒 PDE求解]
  t=19s - 时间: 1.935327s | 显存: 0.00 B

[PDE求解部分] 总时间: 1.935327s | 显存: 0.00 B

[本步骤总计] 时间: 3.891886s | 显存: 4.12 GB
surrogate_loss (vs forward.true_19):  tensor(2504.4187, device='cuda:0', grad_fn=<MseLossBackward0>)
[Step 72] Backward Propagation - Time: 4.2074s, Mem: -4413235200.00 B
[Step 72] PGD Update - Time: 0.0030s, Mem: -3588096.00 B

[Step 72] 完整步骤总时间: 6.168861s | 总显存: -180224.00 B
[Step 72] 峰值显存: 16.97 GB

[Step 73] ============ 详细性能分析 ============
[模型部分] 总时间: 1.947313s | 显存: 4.11 GB

[0-9秒 PDE求解详细性能]

[19秒 PDE求解]
  t=19s - 时间: 1.926584s | 显存: 0.00 B

[PDE求解部分] 总时间: 1.926584s | 显存: 0.00 B

[本步骤总计] 时间: 3.873897s | 显存: 4.11 GB
surrogate_loss (vs forward.true_19):  tensor(2509.0569, device='cuda:0', grad_fn=<MseLossBackward0>)
[Step 73] Backward Propagation - Time: 4.1805s, Mem: -4409671680.00 B
[Step 73] PGD Update - Time: 0.0043s, Mem: -3407872.00 B

[Step 73] 完整步骤总时间: 6.134214s | 总显存: 176.00 KB
[Step 73] 峰值显存: 16.96 GB

[Step 74] ============ 详细性能分析 ============
[模型部分] 总时间: 1.954336s | 显存: 4.12 GB

[0-9秒 PDE求解详细性能]

[19秒 PDE求解]
  t=19s - 时间: 1.933486s | 显存: 0.00 B

[PDE求解部分] 总时间: 1.933486s | 显存: 0.00 B

[本步骤总计] 时间: 3.887822s | 显存: 4.12 GB
surrogate_loss (vs forward.true_19):  tensor(2513.0698, device='cuda:0', grad_fn=<MseLossBackward0>)
[Step 74] Backward Propagation - Time: 4.2366s, Mem: -4413235200.00 B
[Step 74] PGD Update - Time: 0.0034s, Mem: -3588096.00 B

[Step 74] 完整步骤总时间: 6.196131s | 总显存: -180224.00 B
[Step 74] 峰值显存: 16.97 GB

[Step 75] ============ 详细性能分析 ============
[模型部分] 总时间: 1.943764s | 显存: 4.11 GB

[0-9秒 PDE求解详细性能]

[19秒 PDE求解]
  t=19s - 时间: 1.923125s | 显存: 0.00 B

[PDE求解部分] 总时间: 1.923125s | 显存: 0.00 B

[本步骤总计] 时间: 3.866889s | 显存: 4.11 GB
surrogate_loss (vs forward.true_19):  tensor(2517.3828, device='cuda:0', grad_fn=<MseLossBackward0>)
[Step 75] Backward Propagation - Time: 4.2749s, Mem: -4409671680.00 B
[Step 75] PGD Update - Time: 0.0028s, Mem: -3407872.00 B

[Step 75] 完整步骤总时间: 6.223360s | 总显存: 176.00 KB
[Step 75] 峰值显存: 16.96 GB

[Step 76] ============ 详细性能分析 ============
[模型部分] 总时间: 1.940003s | 显存: 4.12 GB

[0-9秒 PDE求解详细性能]

[19秒 PDE求解]
  t=19s - 时间: 1.918986s | 显存: 0.00 B

[PDE求解部分] 总时间: 1.918986s | 显存: 0.00 B

[本步骤总计] 时间: 3.858989s | 显存: 4.12 GB
surrogate_loss (vs forward.true_19):  tensor(2521.1169, device='cuda:0', grad_fn=<MseLossBackward0>)
[Step 76] Backward Propagation - Time: 4.2531s, Mem: -4413235200.00 B
[Step 76] PGD Update - Time: 0.0031s, Mem: -3588096.00 B

[Step 76] 完整步骤总时间: 6.198129s | 总显存: -180224.00 B
[Step 76] 峰值显存: 16.97 GB

[Step 77] ============ 详细性能分析 ============
[模型部分] 总时间: 1.939484s | 显存: 4.11 GB

[0-9秒 PDE求解详细性能]

[19秒 PDE求解]
  t=19s - 时间: 1.918935s | 显存: 0.00 B

[PDE求解部分] 总时间: 1.918935s | 显存: 0.00 B

[本步骤总计] 时间: 3.858420s | 显存: 4.11 GB
surrogate_loss (vs forward.true_19):  tensor(2525.2649, device='cuda:0', grad_fn=<MseLossBackward0>)
[Step 77] Backward Propagation - Time: 4.2011s, Mem: -4409671680.00 B
[Step 77] PGD Update - Time: 0.0031s, Mem: -3407872.00 B

[Step 77] 完整步骤总时间: 6.145503s | 总显存: 176.00 KB
[Step 77] 峰值显存: 16.96 GB

[Step 78] ============ 详细性能分析 ============
[模型部分] 总时间: 1.942036s | 显存: 4.12 GB

[0-9秒 PDE求解详细性能]

[19秒 PDE求解]
  t=19s - 时间: 1.920839s | 显存: 0.00 B

[PDE求解部分] 总时间: 1.920839s | 显存: 0.00 B

[本步骤总计] 时间: 3.862875s | 显存: 4.12 GB
surrogate_loss (vs forward.true_19):  tensor(2529.2415, device='cuda:0', grad_fn=<MseLossBackward0>)
[Step 78] Backward Propagation - Time: 4.1962s, Mem: -4413235200.00 B
[Step 78] PGD Update - Time: 0.0031s, Mem: -3588096.00 B

[Step 78] 完整步骤总时间: 6.143576s | 总显存: -180224.00 B
[Step 78] 峰值显存: 16.97 GB

[Step 79] ============ 详细性能分析 ============
[模型部分] 总时间: 1.947617s | 显存: 4.11 GB

[0-9秒 PDE求解详细性能]

[19秒 PDE求解]
  t=19s - 时间: 1.926551s | 显存: 0.00 B

[PDE求解部分] 总时间: 1.926551s | 显存: 0.00 B

[本步骤总计] 时间: 3.874168s | 显存: 4.11 GB
surrogate_loss (vs forward.true_19):  tensor(2533.1265, device='cuda:0', grad_fn=<MseLossBackward0>)
[Step 79] Backward Propagation - Time: 4.1841s, Mem: -4409671680.00 B
[Step 79] PGD Update - Time: 0.0031s, Mem: -3407872.00 B

[Step 79] 完整步骤总时间: 6.136619s | 总显存: 176.00 KB
[Step 79] 峰值显存: 16.96 GB

[Step 80] ============ 详细性能分析 ============
[模型部分] 总时间: 1.943988s | 显存: 4.12 GB

[0-9秒 PDE求解详细性能]

[19秒 PDE求解]
  t=19s - 时间: 1.923150s | 显存: 0.00 B

[PDE求解部分] 总时间: 1.923150s | 显存: 0.00 B

[本步骤总计] 时间: 3.867138s | 显存: 4.12 GB
surrogate_loss (vs forward.true_19):  tensor(2537.1897, device='cuda:0', grad_fn=<MseLossBackward0>)
[Step 80] Backward Propagation - Time: 4.1825s, Mem: -4413235200.00 B
[Step 80] PGD Update - Time: 0.0044s, Mem: -3588096.00 B

[Step 80] 完整步骤总时间: 6.133180s | 总显存: -180224.00 B
[Step 80] 峰值显存: 16.97 GB

[Step 81] ============ 详细性能分析 ============
[模型部分] 总时间: 1.961439s | 显存: 4.11 GB

[0-9秒 PDE求解详细性能]

[19秒 PDE求解]
  t=19s - 时间: 1.940585s | 显存: 0.00 B

[PDE求解部分] 总时间: 1.940585s | 显存: 0.00 B

[本步骤总计] 时间: 3.902024s | 显存: 4.11 GB
surrogate_loss (vs forward.true_19):  tensor(2541.4583, device='cuda:0', grad_fn=<MseLossBackward0>)
[Step 81] Backward Propagation - Time: 4.8316s, Mem: -4409671680.00 B
[Step 81] PGD Update - Time: 0.0033s, Mem: -3407872.00 B

[Step 81] 完整步骤总时间: 6.798227s | 总显存: 176.00 KB
[Step 81] 峰值显存: 16.96 GB

[Step 82] ============ 详细性能分析 ============
[模型部分] 总时间: 1.929307s | 显存: 4.12 GB

[0-9秒 PDE求解详细性能]

[19秒 PDE求解]
  t=19s - 时间: 1.908317s | 显存: 0.00 B

[PDE求解部分] 总时间: 1.908317s | 显存: 0.00 B

[本步骤总计] 时间: 3.837625s | 显存: 4.12 GB
surrogate_loss (vs forward.true_19):  tensor(2546.0156, device='cuda:0', grad_fn=<MseLossBackward0>)
[Step 82] Backward Propagation - Time: 4.5858s, Mem: -4413235200.00 B
[Step 82] PGD Update - Time: 0.0030s, Mem: -3588096.00 B

[Step 82] 完整步骤总时间: 6.520008s | 总显存: -180224.00 B
[Step 82] 峰值显存: 16.97 GB

[Step 83] ============ 详细性能分析 ============
[模型部分] 总时间: 1.953879s | 显存: 4.11 GB

[0-9秒 PDE求解详细性能]

[19秒 PDE求解]
  t=19s - 时间: 1.933021s | 显存: 0.00 B

[PDE求解部分] 总时间: 1.933021s | 显存: 0.00 B

[本步骤总计] 时间: 3.886900s | 显存: 4.11 GB
surrogate_loss (vs forward.true_19):  tensor(2550.3125, device='cuda:0', grad_fn=<MseLossBackward0>)
[Step 83] Backward Propagation - Time: 4.1906s, Mem: -4409671680.00 B
[Step 83] PGD Update - Time: 0.0031s, Mem: -3407872.00 B

[Step 83] 完整步骤总时间: 6.149415s | 总显存: 176.00 KB
[Step 83] 峰值显存: 16.96 GB

[Step 84] ============ 详细性能分析 ============
[模型部分] 总时间: 1.966922s | 显存: 4.12 GB

[0-9秒 PDE求解详细性能]

[19秒 PDE求解]
  t=19s - 时间: 1.946255s | 显存: 0.00 B

[PDE求解部分] 总时间: 1.946255s | 显存: 0.00 B

[本步骤总计] 时间: 3.913177s | 显存: 4.12 GB
surrogate_loss (vs forward.true_19):  tensor(2554.9092, device='cuda:0', grad_fn=<MseLossBackward0>)
[Step 84] Backward Propagation - Time: 4.1960s, Mem: -4413235200.00 B
[Step 84] PGD Update - Time: 0.0032s, Mem: -3588096.00 B

[Step 84] 完整步骤总时间: 6.167833s | 总显存: -180224.00 B
[Step 84] 峰值显存: 16.97 GB

[Step 85] ============ 详细性能分析 ============
[模型部分] 总时间: 1.982089s | 显存: 4.11 GB

[0-9秒 PDE求解详细性能]

[19秒 PDE求解]
  t=19s - 时间: 1.961076s | 显存: 0.00 B

[PDE求解部分] 总时间: 1.961076s | 显存: 0.00 B

[本步骤总计] 时间: 3.943165s | 显存: 4.11 GB
surrogate_loss (vs forward.true_19):  tensor(2559.1257, device='cuda:0', grad_fn=<MseLossBackward0>)
[Step 85] Backward Propagation - Time: 4.2199s, Mem: -4409671680.00 B
[Step 85] PGD Update - Time: 0.0035s, Mem: -3407872.00 B

[Step 85] 完整步骤总时间: 6.207523s | 总显存: 176.00 KB
[Step 85] 峰值显存: 16.96 GB

[Step 86] ============ 详细性能分析 ============
[模型部分] 总时间: 1.971016s | 显存: 4.12 GB

[0-9秒 PDE求解详细性能]

[19秒 PDE求解]
  t=19s - 时间: 1.950056s | 显存: 0.00 B

[PDE求解部分] 总时间: 1.950056s | 显存: 0.00 B

[本步骤总计] 时间: 3.921072s | 显存: 4.12 GB
surrogate_loss (vs forward.true_19):  tensor(2563.4160, device='cuda:0', grad_fn=<MseLossBackward0>)
[Step 86] Backward Propagation - Time: 4.1888s, Mem: -4413235200.00 B
[Step 86] PGD Update - Time: 0.0031s, Mem: -3588096.00 B

[Step 86] 完整步骤总时间: 6.164796s | 总显存: -180224.00 B
[Step 86] 峰值显存: 16.97 GB

[Step 87] ============ 详细性能分析 ============
[模型部分] 总时间: 1.960989s | 显存: 4.11 GB

[0-9秒 PDE求解详细性能]

[19秒 PDE求解]
  t=19s - 时间: 1.940186s | 显存: 0.00 B

[PDE求解部分] 总时间: 1.940186s | 显存: 0.00 B

[本步骤总计] 时间: 3.901176s | 显存: 4.11 GB
surrogate_loss (vs forward.true_19):  tensor(2567.7646, device='cuda:0', grad_fn=<MseLossBackward0>)
[Step 87] Backward Propagation - Time: 4.1966s, Mem: -4409671680.00 B
[Step 87] PGD Update - Time: 0.0044s, Mem: -3407872.00 B

[Step 87] 完整步骤总时间: 6.164070s | 总显存: 176.00 KB
[Step 87] 峰值显存: 16.96 GB

[Step 88] ============ 详细性能分析 ============
[模型部分] 总时间: 1.938831s | 显存: 4.12 GB

[0-9秒 PDE求解详细性能]

[19秒 PDE求解]
  t=19s - 时间: 1.918201s | 显存: 0.00 B

[PDE求解部分] 总时间: 1.918201s | 显存: 0.00 B

[本步骤总计] 时间: 3.857032s | 显存: 4.12 GB
surrogate_loss (vs forward.true_19):  tensor(2571.4419, device='cuda:0', grad_fn=<MseLossBackward0>)
[Step 88] Backward Propagation - Time: 4.2149s, Mem: -4413235200.00 B
[Step 88] PGD Update - Time: 0.0033s, Mem: -3588096.00 B

[Step 88] 完整步骤总时间: 6.158717s | 总显存: -180224.00 B
[Step 88] 峰值显存: 16.97 GB

[Step 89] ============ 详细性能分析 ============
[模型部分] 总时间: 1.947664s | 显存: 4.11 GB

[0-9秒 PDE求解详细性能]

[19秒 PDE求解]
  t=19s - 时间: 1.927019s | 显存: 0.00 B

[PDE求解部分] 总时间: 1.927019s | 显存: 0.00 B

[本步骤总计] 时间: 3.874683s | 显存: 4.11 GB
surrogate_loss (vs forward.true_19):  tensor(2574.9846, device='cuda:0', grad_fn=<MseLossBackward0>)
[Step 89] Backward Propagation - Time: 4.2125s, Mem: -4409671680.00 B
[Step 89] PGD Update - Time: 0.0031s, Mem: -3407872.00 B

[Step 89] 完整步骤总时间: 6.164929s | 总显存: 176.00 KB
[Step 89] 峰值显存: 16.96 GB

[Step 90] ============ 详细性能分析 ============
[模型部分] 总时间: 1.932641s | 显存: 4.12 GB

[0-9秒 PDE求解详细性能]

[19秒 PDE求解]
  t=19s - 时间: 1.911949s | 显存: 0.00 B

[PDE求解部分] 总时间: 1.911949s | 显存: 0.00 B

[本步骤总计] 时间: 3.844590s | 显存: 4.12 GB
surrogate_loss (vs forward.true_19):  tensor(2579.1323, device='cuda:0', grad_fn=<MseLossBackward0>)
[Step 90] Backward Propagation - Time: 4.2086s, Mem: -4413235200.00 B
[Step 90] PGD Update - Time: 0.0031s, Mem: -3588096.00 B

[Step 90] 完整步骤总时间: 6.146521s | 总显存: -180224.00 B
[Step 90] 峰值显存: 16.97 GB

[Step 91] ============ 详细性能分析 ============
[模型部分] 总时间: 1.947248s | 显存: 4.11 GB

[0-9秒 PDE求解详细性能]

[19秒 PDE求解]
  t=19s - 时间: 1.926381s | 显存: 0.00 B

[PDE求解部分] 总时间: 1.926381s | 显存: 0.00 B

[本步骤总计] 时间: 3.873629s | 显存: 4.11 GB
surrogate_loss (vs forward.true_19):  tensor(2582.8662, device='cuda:0', grad_fn=<MseLossBackward0>)
[Step 91] Backward Propagation - Time: 4.1960s, Mem: -4409671680.00 B
[Step 91] PGD Update - Time: 0.0032s, Mem: -3407872.00 B

[Step 91] 完整步骤总时间: 6.148198s | 总显存: 176.00 KB
[Step 91] 峰值显存: 16.96 GB

[Step 92] ============ 详细性能分析 ============
[模型部分] 总时间: 1.956451s | 显存: 4.12 GB

[0-9秒 PDE求解详细性能]

[19秒 PDE求解]
  t=19s - 时间: 1.935824s | 显存: 0.00 B

[PDE求解部分] 总时间: 1.935824s | 显存: 0.00 B

[本步骤总计] 时间: 3.892275s | 显存: 4.12 GB
surrogate_loss (vs forward.true_19):  tensor(2586.5312, device='cuda:0', grad_fn=<MseLossBackward0>)
[Step 92] Backward Propagation - Time: 4.2231s, Mem: -4413235200.00 B
[Step 92] PGD Update - Time: 0.0034s, Mem: -3588096.00 B

[Step 92] 完整步骤总时间: 6.184778s | 总显存: -180224.00 B
[Step 92] 峰值显存: 16.97 GB

[Step 93] ============ 详细性能分析 ============
[模型部分] 总时间: 1.937962s | 显存: 4.11 GB

[0-9秒 PDE求解详细性能]

[19秒 PDE求解]
  t=19s - 时间: 1.916814s | 显存: 0.00 B

[PDE求解部分] 总时间: 1.916814s | 显存: 0.00 B

[本步骤总计] 时间: 3.854777s | 显存: 4.11 GB
surrogate_loss (vs forward.true_19):  tensor(2589.5259, device='cuda:0', grad_fn=<MseLossBackward0>)
[Step 93] Backward Propagation - Time: 4.2641s, Mem: -4409671680.00 B
[Step 93] PGD Update - Time: 0.0030s, Mem: -3407872.00 B

[Step 93] 完整步骤总时间: 6.207085s | 总显存: 176.00 KB
[Step 93] 峰值显存: 16.96 GB

[Step 94] ============ 详细性能分析 ============
[模型部分] 总时间: 2.019073s | 显存: 4.12 GB

[0-9秒 PDE求解详细性能]

[19秒 PDE求解]
  t=19s - 时间: 1.998122s | 显存: 0.00 B

[PDE求解部分] 总时间: 1.998122s | 显存: 0.00 B

[本步骤总计] 时间: 4.017196s | 显存: 4.12 GB
surrogate_loss (vs forward.true_19):  tensor(2592.9297, device='cuda:0', grad_fn=<MseLossBackward0>)
[Step 94] Backward Propagation - Time: 4.2185s, Mem: -4413235200.00 B
[Step 94] PGD Update - Time: 0.0032s, Mem: -3588096.00 B

[Step 94] 完整步骤总时间: 6.242435s | 总显存: -180224.00 B
[Step 94] 峰值显存: 16.97 GB

[Step 95] ============ 详细性能分析 ============
[模型部分] 总时间: 1.944327s | 显存: 4.11 GB

[0-9秒 PDE求解详细性能]

[19秒 PDE求解]
  t=19s - 时间: 1.923471s | 显存: 0.00 B

[PDE求解部分] 总时间: 1.923471s | 显存: 0.00 B

[本步骤总计] 时间: 3.867798s | 显存: 4.11 GB
surrogate_loss (vs forward.true_19):  tensor(2596.4333, device='cuda:0', grad_fn=<MseLossBackward0>)
[Step 95] Backward Propagation - Time: 4.3886s, Mem: -4409671680.00 B
[Step 95] PGD Update - Time: 0.0043s, Mem: -3407872.00 B

[Step 95] 完整步骤总时间: 6.339359s | 总显存: 176.00 KB
[Step 95] 峰值显存: 16.96 GB

[Step 96] ============ 详细性能分析 ============
[模型部分] 总时间: 1.994398s | 显存: 4.12 GB

[0-9秒 PDE求解详细性能]

[19秒 PDE求解]
  t=19s - 时间: 1.939679s | 显存: 0.00 B

[PDE求解部分] 总时间: 1.939679s | 显存: 0.00 B

[本步骤总计] 时间: 3.934077s | 显存: 4.12 GB
surrogate_loss (vs forward.true_19):  tensor(2599.8115, device='cuda:0', grad_fn=<MseLossBackward0>)
[Step 96] Backward Propagation - Time: 4.2129s, Mem: -4413235200.00 B
[Step 96] PGD Update - Time: 0.0032s, Mem: -3588096.00 B

[Step 96] 完整步骤总时间: 6.212347s | 总显存: -180224.00 B
[Step 96] 峰值显存: 16.97 GB

[Step 97] ============ 详细性能分析 ============
[模型部分] 总时间: 1.930132s | 显存: 4.11 GB

[0-9秒 PDE求解详细性能]

[19秒 PDE求解]
  t=19s - 时间: 1.909440s | 显存: 0.00 B

[PDE求解部分] 总时间: 1.909440s | 显存: 0.00 B

[本步骤总计] 时间: 3.839572s | 显存: 4.11 GB
surrogate_loss (vs forward.true_19):  tensor(2603.0156, device='cuda:0', grad_fn=<MseLossBackward0>)
[Step 97] Backward Propagation - Time: 4.9256s, Mem: -4409671680.00 B
[Step 97] PGD Update - Time: 0.0031s, Mem: -3407872.00 B

[Step 97] 完整步骤总时间: 6.860688s | 总显存: 176.00 KB
[Step 97] 峰值显存: 16.96 GB

[Step 98] ============ 详细性能分析 ============
[模型部分] 总时间: 1.950096s | 显存: 4.12 GB

[0-9秒 PDE求解详细性能]

[19秒 PDE求解]
  t=19s - 时间: 1.928956s | 显存: 0.00 B

[PDE求解部分] 总时间: 1.928956s | 显存: 0.00 B

[本步骤总计] 时间: 3.879052s | 显存: 4.12 GB
surrogate_loss (vs forward.true_19):  tensor(2606.1333, device='cuda:0', grad_fn=<MseLossBackward0>)
[Step 98] Backward Propagation - Time: 4.2163s, Mem: -4413235200.00 B
[Step 98] PGD Update - Time: 0.0029s, Mem: -3588096.00 B

[Step 98] 完整步骤总时间: 6.171178s | 总显存: -180224.00 B
[Step 98] 峰值显存: 16.97 GB

[Step 99] ============ 详细性能分析 ============
[模型部分] 总时间: 1.932386s | 显存: 4.11 GB

[0-9秒 PDE求解详细性能]

[19秒 PDE求解]
  t=19s - 时间: 1.911790s | 显存: 0.00 B

[PDE求解部分] 总时间: 1.911790s | 显存: 0.00 B

[本步骤总计] 时间: 3.844176s | 显存: 4.11 GB
surrogate_loss (vs forward.true_19):  tensor(2609.5437, device='cuda:0', grad_fn=<MseLossBackward0>)
[Step 99] Backward Propagation - Time: 4.1844s, Mem: -4409671680.00 B
[Step 99] PGD Update - Time: 0.0035s, Mem: -3407872.00 B

[Step 99] 完整步骤总时间: 6.122163s | 总显存: 176.00 KB
[Step 99] 峰值显存: 16.96 GB
清理前显存占用: 13092.8798828125 MB
PGD攻击完成！显存已清理
当前显存占用: 2092.1298828125 MB
mode_spec = aaawwwwwww
Per-frame modes: [t=01] approx | [t=02] approx | [t=03] approx | [t=04] with_solver | [t=05] with_solver | [t=06] with_solver | [t=07] with_solver | [t=08] with_solver | [t=09] with_solver | [t=19] with_solver
================================================================================
norm: 2, epsilon: 39.3216, alpha: 1.0, num_steps: 100, index: 1, method: adam, mode_spec: aaawwwwwww, b1: 0.9, b2: 0.999, adam_eps: 1e-08, sign_Linf: True, amsgrad: False

[Step 0] ============ 详细性能分析 ============
[模型部分] 总时间: 1.967890s | 显存: 4.12 GB

[0-9秒 PDE求解详细性能]

[19秒 PDE求解]
  t=19s - 时间: 1.935530s | 显存: 0.00 B

[PDE求解部分] 总时间: 1.935530s | 显存: 0.00 B

[本步骤总计] 时间: 3.903420s | 显存: 4.12 GB
surrogate_loss (vs forward.true_19):  tensor(10839.1455, device='cuda:0', grad_fn=<MseLossBackward0>)
[Step 0] Backward Propagation - Time: 4.2274s, Mem: -4411990016.00 B
[Step 0] PGD Update - Time: 0.0020s, Mem: 1.75 MB

[Step 0] 完整步骤总时间: 6.199451s | 总显存: 5.25 MB
[Step 0] 峰值显存: 16.96 GB

[Step 1] ============ 详细性能分析 ============
[模型部分] 总时间: 1.936909s | 显存: 4.12 GB

[0-9秒 PDE求解详细性能]

[19秒 PDE求解]
  t=19s - 时间: 1.915752s | 显存: 0.00 B

[PDE求解部分] 总时间: 1.915752s | 显存: 0.00 B

[本步骤总计] 时间: 3.852662s | 显存: 4.12 GB
surrogate_loss (vs forward.true_19):  tensor(10350.4395, device='cuda:0', grad_fn=<MseLossBackward0>)
[Step 1] Backward Propagation - Time: 4.1691s, Mem: -4410531840.00 B
[Step 1] PGD Update - Time: 0.0038s, Mem: -3407872.00 B

[Step 1] 完整步骤总时间: 6.111627s | 总显存: 176.00 KB
[Step 1] 峰值显存: 16.96 GB

[Step 2] ============ 详细性能分析 ============
[模型部分] 总时间: 1.955694s | 显存: 4.12 GB

[0-9秒 PDE求解详细性能]

[19秒 PDE求解]
  t=19s - 时间: 1.934910s | 显存: 0.00 B

[PDE求解部分] 总时间: 1.934910s | 显存: 0.00 B

[本步骤总计] 时间: 3.890604s | 显存: 4.12 GB
surrogate_loss (vs forward.true_19):  tensor(9511.9775, device='cuda:0', grad_fn=<MseLossBackward0>)
[Step 2] Backward Propagation - Time: 4.2001s, Mem: -4411146240.00 B
[Step 2] PGD Update - Time: 0.0028s, Mem: -3588096.00 B

[Step 2] 完整步骤总时间: 6.160267s | 总显存: -180224.00 B
[Step 2] 峰值显存: 16.96 GB

[Step 3] ============ 详细性能分析 ============
[模型部分] 总时间: 1.936910s | 显存: 4.12 GB

[0-9秒 PDE求解详细性能]

[19秒 PDE求解]
  t=19s - 时间: 1.916226s | 显存: 0.00 B

[PDE求解部分] 总时间: 1.916226s | 显存: 0.00 B

[本步骤总计] 时间: 3.853136s | 显存: 4.12 GB
surrogate_loss (vs forward.true_19):  tensor(8523.1523, device='cuda:0', grad_fn=<MseLossBackward0>)
[Step 3] Backward Propagation - Time: 4.2562s, Mem: -4410531840.00 B
[Step 3] PGD Update - Time: 0.0027s, Mem: -3407872.00 B

[Step 3] 完整步骤总时间: 6.197566s | 总显存: 176.00 KB
[Step 3] 峰值显存: 16.96 GB

[Step 4] ============ 详细性能分析 ============
[模型部分] 总时间: 1.929527s | 显存: 4.12 GB

[0-9秒 PDE求解详细性能]

[19秒 PDE求解]
  t=19s - 时间: 1.908836s | 显存: 0.00 B

[PDE求解部分] 总时间: 1.908836s | 显存: 0.00 B

[本步骤总计] 时间: 3.838363s | 显存: 4.12 GB
surrogate_loss (vs forward.true_19):  tensor(7870.3848, device='cuda:0', grad_fn=<MseLossBackward0>)
[Step 4] Backward Propagation - Time: 4.2128s, Mem: -4411146240.00 B
[Step 4] PGD Update - Time: 0.0027s, Mem: -3588096.00 B

[Step 4] 完整步骤总时间: 6.146817s | 总显存: -180224.00 B
[Step 4] 峰值显存: 16.96 GB

[Step 5] ============ 详细性能分析 ============
[模型部分] 总时间: 1.950553s | 显存: 4.12 GB

[0-9秒 PDE求解详细性能]

[19秒 PDE求解]
  t=19s - 时间: 1.929771s | 显存: 0.00 B

[PDE求解部分] 总时间: 1.929771s | 显存: 0.00 B

[本步骤总计] 时间: 3.880323s | 显存: 4.12 GB
surrogate_loss (vs forward.true_19):  tensor(7793.4209, device='cuda:0', grad_fn=<MseLossBackward0>)
[Step 5] Backward Propagation - Time: 4.2139s, Mem: -4410531840.00 B
[Step 5] PGD Update - Time: 0.0027s, Mem: -3407872.00 B

[Step 5] 完整步骤总时间: 6.168940s | 总显存: 176.00 KB
[Step 5] 峰值显存: 16.96 GB

[Step 6] ============ 详细性能分析 ============
[模型部分] 总时间: 1.956580s | 显存: 4.12 GB

[0-9秒 PDE求解详细性能]

[19秒 PDE求解]
  t=19s - 时间: 1.935436s | 显存: 0.00 B

[PDE求解部分] 总时间: 1.935436s | 显存: 0.00 B

[本步骤总计] 时间: 3.892015s | 显存: 4.12 GB
surrogate_loss (vs forward.true_19):  tensor(7949.1914, device='cuda:0', grad_fn=<MseLossBackward0>)
[Step 6] Backward Propagation - Time: 4.2290s, Mem: -4411146240.00 B
[Step 6] PGD Update - Time: 0.0031s, Mem: -3588096.00 B

[Step 6] 完整步骤总时间: 6.190732s | 总显存: -180224.00 B
[Step 6] 峰值显存: 16.96 GB

[Step 7] ============ 详细性能分析 ============
[模型部分] 总时间: 1.952501s | 显存: 4.12 GB

[0-9秒 PDE求解详细性能]

[19秒 PDE求解]
  t=19s - 时间: 1.931550s | 显存: 0.00 B

[PDE求解部分] 总时间: 1.931550s | 显存: 0.00 B

[本步骤总计] 时间: 3.884051s | 显存: 4.12 GB
surrogate_loss (vs forward.true_19):  tensor(7210.1357, device='cuda:0', grad_fn=<MseLossBackward0>)
[Step 7] Backward Propagation - Time: 4.2177s, Mem: -4410531840.00 B
[Step 7] PGD Update - Time: 0.0027s, Mem: -3407872.00 B

[Step 7] 完整步骤总时间: 6.174750s | 总显存: 176.00 KB
[Step 7] 峰值显存: 16.96 GB

[Step 8] ============ 详细性能分析 ============
[模型部分] 总时间: 1.948716s | 显存: 4.12 GB

[0-9秒 PDE求解详细性能]

[19秒 PDE求解]
  t=19s - 时间: 1.927699s | 显存: 0.00 B

[PDE求解部分] 总时间: 1.927699s | 显存: 0.00 B

[本步骤总计] 时间: 3.876415s | 显存: 4.12 GB
surrogate_loss (vs forward.true_19):  tensor(5678.5957, device='cuda:0', grad_fn=<MseLossBackward0>)
[Step 8] Backward Propagation - Time: 4.1945s, Mem: -4411146240.00 B
[Step 8] PGD Update - Time: 0.0035s, Mem: -3588096.00 B

[Step 8] 完整步骤总时间: 6.148903s | 总显存: -180224.00 B
[Step 8] 峰值显存: 16.96 GB

[Step 9] ============ 详细性能分析 ============
[模型部分] 总时间: 1.951804s | 显存: 4.12 GB

[0-9秒 PDE求解详细性能]

[19秒 PDE求解]
  t=19s - 时间: 1.930931s | 显存: 0.00 B

[PDE求解部分] 总时间: 1.930931s | 显存: 0.00 B

[本步骤总计] 时间: 3.882734s | 显存: 4.12 GB
surrogate_loss (vs forward.true_19):  tensor(4043.7019, device='cuda:0', grad_fn=<MseLossBackward0>)
[Step 9] Backward Propagation - Time: 4.2238s, Mem: -4410531840.00 B
[Step 9] PGD Update - Time: 0.0032s, Mem: -3407872.00 B

[Step 9] 完整步骤总时间: 6.180528s | 总显存: 176.00 KB
[Step 9] 峰值显存: 16.96 GB

[Step 10] ============ 详细性能分析 ============
[模型部分] 总时间: 1.947079s | 显存: 4.12 GB

[0-9秒 PDE求解详细性能]

[19秒 PDE求解]
  t=19s - 时间: 1.926485s | 显存: 0.00 B

[PDE求解部分] 总时间: 1.926485s | 显存: 0.00 B

[本步骤总计] 时间: 3.873564s | 显存: 4.12 GB
surrogate_loss (vs forward.true_19):  tensor(3255.1357, device='cuda:0', grad_fn=<MseLossBackward0>)
[Step 10] Backward Propagation - Time: 4.1750s, Mem: -4411146240.00 B
[Step 10] PGD Update - Time: 0.0031s, Mem: -3588096.00 B

[Step 10] 完整步骤总时间: 6.126840s | 总显存: -180224.00 B
[Step 10] 峰值显存: 16.96 GB

[Step 11] ============ 详细性能分析 ============
[模型部分] 总时间: 1.969613s | 显存: 4.12 GB

[0-9秒 PDE求解详细性能]

[19秒 PDE求解]
  t=19s - 时间: 1.949041s | 显存: 0.00 B

[PDE求解部分] 总时间: 1.949041s | 显存: 0.00 B

[本步骤总计] 时间: 3.918654s | 显存: 4.12 GB
surrogate_loss (vs forward.true_19):  tensor(3050.8489, device='cuda:0', grad_fn=<MseLossBackward0>)
[Step 11] Backward Propagation - Time: 4.2151s, Mem: -4410531840.00 B
[Step 11] PGD Update - Time: 0.0026s, Mem: -3407872.00 B

[Step 11] 完整步骤总时间: 6.188963s | 总显存: 176.00 KB
[Step 11] 峰值显存: 16.96 GB

[Step 12] ============ 详细性能分析 ============
[模型部分] 总时间: 1.923619s | 显存: 4.12 GB

[0-9秒 PDE求解详细性能]

[19秒 PDE求解]
  t=19s - 时间: 1.902883s | 显存: 0.00 B

[PDE求解部分] 总时间: 1.902883s | 显存: 0.00 B

[本步骤总计] 时间: 3.826501s | 显存: 4.12 GB
surrogate_loss (vs forward.true_19):  tensor(2938.3335, device='cuda:0', grad_fn=<MseLossBackward0>)
[Step 12] Backward Propagation - Time: 4.1930s, Mem: -4411146240.00 B
[Step 12] PGD Update - Time: 0.0027s, Mem: -3588096.00 B

[Step 12] 完整步骤总时间: 6.121060s | 总显存: -180224.00 B
[Step 12] 峰值显存: 16.96 GB

[Step 13] ============ 详细性能分析 ============
[模型部分] 总时间: 1.934788s | 显存: 4.12 GB

[0-9秒 PDE求解详细性能]

[19秒 PDE求解]
  t=19s - 时间: 1.913935s | 显存: 0.00 B

[PDE求解部分] 总时间: 1.913935s | 显存: 0.00 B

[本步骤总计] 时间: 3.848722s | 显存: 4.12 GB
surrogate_loss (vs forward.true_19):  tensor(2769.5259, device='cuda:0', grad_fn=<MseLossBackward0>)
[Step 13] Backward Propagation - Time: 4.1733s, Mem: -4410531840.00 B
[Step 13] PGD Update - Time: 0.0029s, Mem: -3407872.00 B

[Step 13] 完整步骤总时间: 6.112908s | 总显存: 176.00 KB
[Step 13] 峰值显存: 16.96 GB

[Step 14] ============ 详细性能分析 ============
[模型部分] 总时间: 1.936777s | 显存: 4.12 GB

[0-9秒 PDE求解详细性能]

[19秒 PDE求解]
  t=19s - 时间: 1.915726s | 显存: 0.00 B

[PDE求解部分] 总时间: 1.915726s | 显存: 0.00 B

[本步骤总计] 时间: 3.852502s | 显存: 4.12 GB
surrogate_loss (vs forward.true_19):  tensor(2620.0645, device='cuda:0', grad_fn=<MseLossBackward0>)
[Step 14] Backward Propagation - Time: 4.1658s, Mem: -4411146240.00 B
[Step 14] PGD Update - Time: 0.0030s, Mem: -3588096.00 B

[Step 14] 完整步骤总时间: 6.107677s | 总显存: -180224.00 B
[Step 14] 峰值显存: 16.96 GB

[Step 15] ============ 详细性能分析 ============
[模型部分] 总时间: 1.950033s | 显存: 4.12 GB

[0-9秒 PDE求解详细性能]

[19秒 PDE求解]
  t=19s - 时间: 1.928888s | 显存: 0.00 B

[PDE求解部分] 总时间: 1.928888s | 显存: 0.00 B

[本步骤总计] 时间: 3.878921s | 显存: 4.12 GB
surrogate_loss (vs forward.true_19):  tensor(2540.8455, device='cuda:0', grad_fn=<MseLossBackward0>)
[Step 15] Backward Propagation - Time: 4.1876s, Mem: -4410531840.00 B
[Step 15] PGD Update - Time: 0.0029s, Mem: -3407872.00 B

[Step 15] 完整步骤总时间: 6.142575s | 总显存: 176.00 KB
[Step 15] 峰值显存: 16.96 GB

[Step 16] ============ 详细性能分析 ============
[模型部分] 总时间: 1.944581s | 显存: 4.12 GB

[0-9秒 PDE求解详细性能]

[19秒 PDE求解]
  t=19s - 时间: 1.923723s | 显存: 0.00 B

[PDE求解部分] 总时间: 1.923723s | 显存: 0.00 B

[本步骤总计] 时间: 3.868303s | 显存: 4.12 GB
surrogate_loss (vs forward.true_19):  tensor(2579.7241, device='cuda:0', grad_fn=<MseLossBackward0>)
[Step 16] Backward Propagation - Time: 4.2127s, Mem: -4411146240.00 B
[Step 16] PGD Update - Time: 0.0032s, Mem: -3588096.00 B

[Step 16] 完整步骤总时间: 6.162431s | 总显存: -180224.00 B
[Step 16] 峰值显存: 16.96 GB

[Step 17] ============ 详细性能分析 ============
[模型部分] 总时间: 1.917462s | 显存: 4.12 GB

[0-9秒 PDE求解详细性能]

[19秒 PDE求解]
  t=19s - 时间: 1.896708s | 显存: 0.00 B

[PDE求解部分] 总时间: 1.896708s | 显存: 0.00 B

[本步骤总计] 时间: 3.814171s | 显存: 4.12 GB
surrogate_loss (vs forward.true_19):  tensor(2783.7549, device='cuda:0', grad_fn=<MseLossBackward0>)
[Step 17] Backward Propagation - Time: 4.2153s, Mem: -4410531840.00 B
[Step 17] PGD Update - Time: 0.0033s, Mem: -3407872.00 B

[Step 17] 完整步骤总时间: 6.138113s | 总显存: 176.00 KB
[Step 17] 峰值显存: 16.96 GB

[Step 18] ============ 详细性能分析 ============
[模型部分] 总时间: 1.947061s | 显存: 4.12 GB

[0-9秒 PDE求解详细性能]

[19秒 PDE求解]
  t=19s - 时间: 1.926303s | 显存: 0.00 B

[PDE求解部分] 总时间: 1.926303s | 显存: 0.00 B

[本步骤总计] 时间: 3.873364s | 显存: 4.12 GB
surrogate_loss (vs forward.true_19):  tensor(3007.4036, device='cuda:0', grad_fn=<MseLossBackward0>)
[Step 18] Backward Propagation - Time: 4.2289s, Mem: -4411146240.00 B
[Step 18] PGD Update - Time: 0.0028s, Mem: -3588096.00 B

[Step 18] 完整步骤总时间: 6.180506s | 总显存: -180224.00 B
[Step 18] 峰值显存: 16.96 GB

[Step 19] ============ 详细性能分析 ============
[模型部分] 总时间: 1.950351s | 显存: 4.12 GB

[0-9秒 PDE求解详细性能]

[19秒 PDE求解]
  t=19s - 时间: 1.929550s | 显存: 0.00 B

[PDE求解部分] 总时间: 1.929550s | 显存: 0.00 B

[本步骤总计] 时间: 3.879901s | 显存: 4.12 GB
surrogate_loss (vs forward.true_19):  tensor(3060.0281, device='cuda:0', grad_fn=<MseLossBackward0>)
[Step 19] Backward Propagation - Time: 5.1364s, Mem: -4410531840.00 B
[Step 19] PGD Update - Time: 0.0028s, Mem: -3407872.00 B

[Step 19] 完整步骤总时间: 7.091402s | 总显存: 176.00 KB
[Step 19] 峰值显存: 16.96 GB

[Step 20] ============ 详细性能分析 ============
[模型部分] 总时间: 1.930870s | 显存: 4.12 GB

[0-9秒 PDE求解详细性能]

[19秒 PDE求解]
  t=19s - 时间: 1.909777s | 显存: 0.00 B

[PDE求解部分] 总时间: 1.909777s | 显存: 0.00 B

[本步骤总计] 时间: 3.840647s | 显存: 4.12 GB
surrogate_loss (vs forward.true_19):  tensor(2945.7097, device='cuda:0', grad_fn=<MseLossBackward0>)
[Step 20] Backward Propagation - Time: 4.1759s, Mem: -4411146240.00 B
[Step 20] PGD Update - Time: 0.0030s, Mem: -3588096.00 B

[Step 20] 完整步骤总时间: 6.111572s | 总显存: -180224.00 B
[Step 20] 峰值显存: 16.96 GB

[Step 21] ============ 详细性能分析 ============
[模型部分] 总时间: 1.920578s | 显存: 4.12 GB

[0-9秒 PDE求解详细性能]

[19秒 PDE求解]
  t=19s - 时间: 1.899871s | 显存: 0.00 B

[PDE求解部分] 总时间: 1.899871s | 显存: 0.00 B

[本步骤总计] 时间: 3.820450s | 显存: 4.12 GB
surrogate_loss (vs forward.true_19):  tensor(2781.4277, device='cuda:0', grad_fn=<MseLossBackward0>)
[Step 21] Backward Propagation - Time: 4.1851s, Mem: -4410531840.00 B
[Step 21] PGD Update - Time: 0.0029s, Mem: -3407872.00 B

[Step 21] 完整步骤总时间: 6.110302s | 总显存: 176.00 KB
[Step 21] 峰值显存: 16.96 GB

[Step 22] ============ 详细性能分析 ============
[模型部分] 总时间: 1.934329s | 显存: 4.12 GB

[0-9秒 PDE求解详细性能]

[19秒 PDE求解]
  t=19s - 时间: 1.913740s | 显存: 0.00 B

[PDE求解部分] 总时间: 1.913740s | 显存: 0.00 B

[本步骤总计] 时间: 3.848068s | 显存: 4.12 GB
surrogate_loss (vs forward.true_19):  tensor(2667.6865, device='cuda:0', grad_fn=<MseLossBackward0>)
[Step 22] Backward Propagation - Time: 4.1703s, Mem: -4411146240.00 B
[Step 22] PGD Update - Time: 0.0031s, Mem: -3588096.00 B

[Step 22] 完整步骤总时间: 6.109435s | 总显存: -180224.00 B
[Step 22] 峰值显存: 16.96 GB

[Step 23] ============ 详细性能分析 ============
[模型部分] 总时间: 1.940417s | 显存: 4.12 GB

[0-9秒 PDE求解详细性能]

[19秒 PDE求解]
  t=19s - 时间: 1.919727s | 显存: 0.00 B

[PDE求解部分] 总时间: 1.919727s | 显存: 0.00 B

[本步骤总计] 时间: 3.860144s | 显存: 4.12 GB
surrogate_loss (vs forward.true_19):  tensor(2629.6018, device='cuda:0', grad_fn=<MseLossBackward0>)
[Step 23] Backward Propagation - Time: 4.2408s, Mem: -4410531840.00 B
[Step 23] PGD Update - Time: 0.0032s, Mem: -3407872.00 B

[Step 23] 完整步骤总时间: 6.186613s | 总显存: 176.00 KB
[Step 23] 峰值显存: 16.96 GB

[Step 24] ============ 详细性能分析 ============
[模型部分] 总时间: 1.967743s | 显存: 4.12 GB

[0-9秒 PDE求解详细性能]

[19秒 PDE求解]
  t=19s - 时间: 1.946584s | 显存: 0.00 B

[PDE求解部分] 总时间: 1.946584s | 显存: 0.00 B

[本步骤总计] 时间: 3.914327s | 显存: 4.12 GB
surrogate_loss (vs forward.true_19):  tensor(2647.2178, device='cuda:0', grad_fn=<MseLossBackward0>)
[Step 24] Backward Propagation - Time: 4.2683s, Mem: -4411146240.00 B
[Step 24] PGD Update - Time: 0.0031s, Mem: -3588096.00 B

[Step 24] 完整步骤总时间: 6.241181s | 总显存: -180224.00 B
[Step 24] 峰值显存: 16.96 GB

[Step 25] ============ 详细性能分析 ============
[模型部分] 总时间: 1.979611s | 显存: 4.12 GB

[0-9秒 PDE求解详细性能]

[19秒 PDE求解]
  t=19s - 时间: 1.958763s | 显存: 0.00 B

[PDE求解部分] 总时间: 1.958763s | 显存: 0.00 B

[本步骤总计] 时间: 3.938374s | 显存: 4.12 GB
surrogate_loss (vs forward.true_19):  tensor(2694.5527, device='cuda:0', grad_fn=<MseLossBackward0>)
[Step 25] Backward Propagation - Time: 4.2328s, Mem: -4410531840.00 B
[Step 25] PGD Update - Time: 0.0028s, Mem: -3407872.00 B

[Step 25] 完整步骤总时间: 6.216945s | 总显存: 176.00 KB
[Step 25] 峰值显存: 16.96 GB

[Step 26] ============ 详细性能分析 ============
[模型部分] 总时间: 1.959306s | 显存: 4.12 GB

[0-9秒 PDE求解详细性能]

[19秒 PDE求解]
  t=19s - 时间: 1.938468s | 显存: 0.00 B

[PDE求解部分] 总时间: 1.938468s | 显存: 0.00 B

[本步骤总计] 时间: 3.897774s | 显存: 4.12 GB
surrogate_loss (vs forward.true_19):  tensor(2740.7212, device='cuda:0', grad_fn=<MseLossBackward0>)
[Step 26] Backward Propagation - Time: 4.2012s, Mem: -4411146240.00 B
[Step 26] PGD Update - Time: 0.0041s, Mem: -3588096.00 B

[Step 26] 完整步骤总时间: 6.166874s | 总显存: -180224.00 B
[Step 26] 峰值显存: 16.96 GB

[Step 27] ============ 详细性能分析 ============
[模型部分] 总时间: 1.938222s | 显存: 4.12 GB

[0-9秒 PDE求解详细性能]

[19秒 PDE求解]
  t=19s - 时间: 1.917565s | 显存: 0.00 B

[PDE求解部分] 总时间: 1.917565s | 显存: 0.00 B

[本步骤总计] 时间: 3.855786s | 显存: 4.12 GB
surrogate_loss (vs forward.true_19):  tensor(2744.9316, device='cuda:0', grad_fn=<MseLossBackward0>)
[Step 27] Backward Propagation - Time: 4.2042s, Mem: -4410531840.00 B
[Step 27] PGD Update - Time: 0.0030s, Mem: -3407872.00 B

[Step 27] 完整步骤总时间: 6.147183s | 总显存: 176.00 KB
[Step 27] 峰值显存: 16.96 GB

[Step 28] ============ 详细性能分析 ============
[模型部分] 总时间: 1.918443s | 显存: 4.12 GB

[0-9秒 PDE求解详细性能]

[19秒 PDE求解]
  t=19s - 时间: 1.897848s | 显存: 0.00 B

[PDE求解部分] 总时间: 1.897848s | 显存: 0.00 B

[本步骤总计] 时间: 3.816292s | 显存: 4.12 GB
surrogate_loss (vs forward.true_19):  tensor(2674.4951, device='cuda:0', grad_fn=<MseLossBackward0>)
[Step 28] Backward Propagation - Time: 4.2035s, Mem: -4411146240.00 B
[Step 28] PGD Update - Time: 0.0030s, Mem: -3588096.00 B

[Step 28] 完整步骤总时间: 6.126667s | 总显存: -180224.00 B
[Step 28] 峰值显存: 16.96 GB

[Step 29] ============ 详细性能分析 ============
[模型部分] 总时间: 1.934713s | 显存: 4.12 GB

[0-9秒 PDE求解详细性能]

[19秒 PDE求解]
  t=19s - 时间: 1.913909s | 显存: 0.00 B

[PDE求解部分] 总时间: 1.913909s | 显存: 0.00 B

[本步骤总计] 时间: 3.848622s | 显存: 4.12 GB
surrogate_loss (vs forward.true_19):  tensor(2522.0493, device='cuda:0', grad_fn=<MseLossBackward0>)
[Step 29] Backward Propagation - Time: 4.2650s, Mem: -4410531840.00 B
[Step 29] PGD Update - Time: 0.0030s, Mem: -3407872.00 B

[Step 29] 完整步骤总时间: 6.204562s | 总显存: 176.00 KB
[Step 29] 峰值显存: 16.96 GB

[Step 30] ============ 详细性能分析 ============
[模型部分] 总时间: 1.927032s | 显存: 4.12 GB

[0-9秒 PDE求解详细性能]

[19秒 PDE求解]
  t=19s - 时间: 1.906343s | 显存: 0.00 B

[PDE求解部分] 总时间: 1.906343s | 显存: 0.00 B

[本步骤总计] 时间: 3.833374s | 显存: 4.12 GB
surrogate_loss (vs forward.true_19):  tensor(2320.0664, device='cuda:0', grad_fn=<MseLossBackward0>)
[Step 30] Backward Propagation - Time: 4.1855s, Mem: -4411146240.00 B
[Step 30] PGD Update - Time: 0.0032s, Mem: -3588096.00 B

[Step 30] 完整步骤总时间: 6.117467s | 总显存: -180224.00 B
[Step 30] 峰值显存: 16.96 GB

[Step 31] ============ 详细性能分析 ============
[模型部分] 总时间: 1.939301s | 显存: 4.12 GB

[0-9秒 PDE求解详细性能]

[19秒 PDE求解]
  t=19s - 时间: 1.918487s | 显存: 0.00 B

[PDE求解部分] 总时间: 1.918487s | 显存: 0.00 B

[本步骤总计] 时间: 3.857788s | 显存: 4.12 GB
surrogate_loss (vs forward.true_19):  tensor(2132.0200, device='cuda:0', grad_fn=<MseLossBackward0>)
[Step 31] Backward Propagation - Time: 4.1563s, Mem: -4410531840.00 B
[Step 31] PGD Update - Time: 0.0033s, Mem: -3407872.00 B

[Step 31] 完整步骤总时间: 6.100695s | 总显存: 176.00 KB
[Step 31] 峰值显存: 16.96 GB

[Step 32] ============ 详细性能分析 ============
[模型部分] 总时间: 1.924677s | 显存: 4.12 GB

[0-9秒 PDE求解详细性能]

[19秒 PDE求解]
  t=19s - 时间: 1.903824s | 显存: 0.00 B

[PDE求解部分] 总时间: 1.903824s | 显存: 0.00 B

[本步骤总计] 时间: 3.828502s | 显存: 4.12 GB
surrogate_loss (vs forward.true_19):  tensor(2026.2300, device='cuda:0', grad_fn=<MseLossBackward0>)
[Step 32] Backward Propagation - Time: 4.2488s, Mem: -4411146240.00 B
[Step 32] PGD Update - Time: 0.0035s, Mem: -3588096.00 B

[Step 32] 完整步骤总时间: 6.179037s | 总显存: -180224.00 B
[Step 32] 峰值显存: 16.96 GB

[Step 33] ============ 详细性能分析 ============
[模型部分] 总时间: 1.976871s | 显存: 4.12 GB

[0-9秒 PDE求解详细性能]

[19秒 PDE求解]
  t=19s - 时间: 1.955498s | 显存: 0.00 B

[PDE求解部分] 总时间: 1.955498s | 显存: 0.00 B

[本步骤总计] 时间: 3.932369s | 显存: 4.12 GB
surrogate_loss (vs forward.true_19):  tensor(2041.7853, device='cuda:0', grad_fn=<MseLossBackward0>)
[Step 33] Backward Propagation - Time: 4.2400s, Mem: -4410531840.00 B
[Step 33] PGD Update - Time: 0.0031s, Mem: -3407872.00 B

[Step 33] 完整步骤总时间: 6.222194s | 总显存: 176.00 KB
[Step 33] 峰值显存: 16.96 GB

[Step 34] ============ 详细性能分析 ============
[模型部分] 总时间: 1.930234s | 显存: 4.12 GB

[0-9秒 PDE求解详细性能]

[19秒 PDE求解]
  t=19s - 时间: 1.909235s | 显存: 0.00 B

[PDE求解部分] 总时间: 1.909235s | 显存: 0.00 B

[本步骤总计] 时间: 3.839468s | 显存: 4.12 GB
surrogate_loss (vs forward.true_19):  tensor(2148.3555, device='cuda:0', grad_fn=<MseLossBackward0>)
[Step 34] Backward Propagation - Time: 4.1626s, Mem: -4411146240.00 B
[Step 34] PGD Update - Time: 0.0034s, Mem: -3588096.00 B

[Step 34] 完整步骤总时间: 6.098126s | 总显存: -180224.00 B
[Step 34] 峰值显存: 16.96 GB

[Step 35] ============ 详细性能分析 ============
[模型部分] 总时间: 1.957936s | 显存: 4.12 GB

[0-9秒 PDE求解详细性能]

[19秒 PDE求解]
  t=19s - 时间: 1.936975s | 显存: 0.00 B

[PDE求解部分] 总时间: 1.936975s | 显存: 0.00 B

[本步骤总计] 时间: 3.894911s | 显存: 4.12 GB
surrogate_loss (vs forward.true_19):  tensor(2264.9409, device='cuda:0', grad_fn=<MseLossBackward0>)
[Step 35] Backward Propagation - Time: 4.2426s, Mem: -4410531840.00 B
[Step 35] PGD Update - Time: 0.0038s, Mem: -3407872.00 B

[Step 35] 完整步骤总时间: 6.206084s | 总显存: 176.00 KB
[Step 35] 峰值显存: 16.96 GB

[Step 36] ============ 详细性能分析 ============
[模型部分] 总时间: 1.931962s | 显存: 4.12 GB

[0-9秒 PDE求解详细性能]

[19秒 PDE求解]
  t=19s - 时间: 1.911211s | 显存: 0.00 B

[PDE求解部分] 总时间: 1.911211s | 显存: 0.00 B

[本步骤总计] 时间: 3.843173s | 显存: 4.12 GB
surrogate_loss (vs forward.true_19):  tensor(2347.8760, device='cuda:0', grad_fn=<MseLossBackward0>)
[Step 36] Backward Propagation - Time: 4.2207s, Mem: -4411146240.00 B
[Step 36] PGD Update - Time: 0.0031s, Mem: -3588096.00 B

[Step 36] 完整步骤总时间: 6.157544s | 总显存: -180224.00 B
[Step 36] 峰值显存: 16.96 GB

[Step 37] ============ 详细性能分析 ============
[模型部分] 总时间: 1.932601s | 显存: 4.12 GB

[0-9秒 PDE求解详细性能]

[19秒 PDE求解]
  t=19s - 时间: 1.911868s | 显存: 0.00 B

[PDE求解部分] 总时间: 1.911868s | 显存: 0.00 B

[本步骤总计] 时间: 3.844470s | 显存: 4.12 GB
surrogate_loss (vs forward.true_19):  tensor(2412.3770, device='cuda:0', grad_fn=<MseLossBackward0>)
[Step 37] Backward Propagation - Time: 4.1814s, Mem: -4410531840.00 B
[Step 37] PGD Update - Time: 0.0032s, Mem: -3407872.00 B

[Step 37] 完整步骤总时间: 6.119057s | 总显存: 176.00 KB
[Step 37] 峰值显存: 16.96 GB

[Step 38] ============ 详细性能分析 ============
[模型部分] 总时间: 1.926095s | 显存: 4.12 GB

[0-9秒 PDE求解详细性能]

[19秒 PDE求解]
  t=19s - 时间: 1.905296s | 显存: 0.00 B

[PDE求解部分] 总时间: 1.905296s | 显存: 0.00 B

[本步骤总计] 时间: 3.831391s | 显存: 4.12 GB
surrogate_loss (vs forward.true_19):  tensor(2452.1306, device='cuda:0', grad_fn=<MseLossBackward0>)
[Step 38] Backward Propagation - Time: 4.2100s, Mem: -4411146240.00 B
[Step 38] PGD Update - Time: 0.0029s, Mem: -3588096.00 B

[Step 38] 完整步骤总时间: 6.140842s | 总显存: -180224.00 B
[Step 38] 峰值显存: 16.96 GB

[Step 39] ============ 详细性能分析 ============
[模型部分] 总时间: 1.957882s | 显存: 4.12 GB

[0-9秒 PDE求解详细性能]

[19秒 PDE求解]
  t=19s - 时间: 1.937147s | 显存: 0.00 B

[PDE求解部分] 总时间: 1.937147s | 显存: 0.00 B

[本步骤总计] 时间: 3.895029s | 显存: 4.12 GB
surrogate_loss (vs forward.true_19):  tensor(2447.0557, device='cuda:0', grad_fn=<MseLossBackward0>)
[Step 39] Backward Propagation - Time: 4.2557s, Mem: -4410531840.00 B
[Step 39] PGD Update - Time: 0.0035s, Mem: -3407872.00 B

[Step 39] 完整步骤总时间: 6.218845s | 总显存: 176.00 KB
[Step 39] 峰值显存: 16.96 GB

[Step 40] ============ 详细性能分析 ============
[模型部分] 总时间: 1.958617s | 显存: 4.12 GB

[0-9秒 PDE求解详细性能]

[19秒 PDE求解]
  t=19s - 时间: 1.937697s | 显存: 0.00 B

[PDE求解部分] 总时间: 1.937697s | 显存: 0.00 B

[本步骤总计] 时间: 3.896313s | 显存: 4.12 GB
surrogate_loss (vs forward.true_19):  tensor(2453.0981, device='cuda:0', grad_fn=<MseLossBackward0>)
[Step 40] Backward Propagation - Time: 4.1874s, Mem: -4411146240.00 B
[Step 40] PGD Update - Time: 0.0034s, Mem: -3588096.00 B

[Step 40] 完整步骤总时间: 6.151275s | 总显存: -180224.00 B
[Step 40] 峰值显存: 16.96 GB

[Step 41] ============ 详细性能分析 ============
[模型部分] 总时间: 1.939142s | 显存: 4.12 GB

[0-9秒 PDE求解详细性能]

[19秒 PDE求解]
  t=19s - 时间: 1.917870s | 显存: 0.00 B

[PDE求解部分] 总时间: 1.917870s | 显存: 0.00 B

[本步骤总计] 时间: 3.857012s | 显存: 4.12 GB
surrogate_loss (vs forward.true_19):  tensor(2557.8315, device='cuda:0', grad_fn=<MseLossBackward0>)
[Step 41] Backward Propagation - Time: 4.1840s, Mem: -4410531840.00 B
[Step 41] PGD Update - Time: 0.0033s, Mem: -3407872.00 B

[Step 41] 完整步骤总时间: 6.128511s | 总显存: 176.00 KB
[Step 41] 峰值显存: 16.96 GB

[Step 42] ============ 详细性能分析 ============
[模型部分] 总时间: 1.915882s | 显存: 4.12 GB

[0-9秒 PDE求解详细性能]

[19秒 PDE求解]
  t=19s - 时间: 1.894974s | 显存: 0.00 B

[PDE求解部分] 总时间: 1.894974s | 显存: 0.00 B

[本步骤总计] 时间: 3.810856s | 显存: 4.12 GB
surrogate_loss (vs forward.true_19):  tensor(2743.3367, device='cuda:0', grad_fn=<MseLossBackward0>)
[Step 42] Backward Propagation - Time: 5.3189s, Mem: -4411146240.00 B
[Step 42] PGD Update - Time: 0.0031s, Mem: -3588096.00 B

[Step 42] 完整步骤总时间: 7.239724s | 总显存: -180224.00 B
[Step 42] 峰值显存: 16.96 GB

[Step 43] ============ 详细性能分析 ============
[模型部分] 总时间: 1.936962s | 显存: 4.12 GB

[0-9秒 PDE求解详细性能]

[19秒 PDE求解]
  t=19s - 时间: 1.915627s | 显存: 0.00 B

[PDE求解部分] 总时间: 1.915627s | 显存: 0.00 B

[本步骤总计] 时间: 3.852589s | 显存: 4.12 GB
surrogate_loss (vs forward.true_19):  tensor(2875.5352, device='cuda:0', grad_fn=<MseLossBackward0>)
[Step 43] Backward Propagation - Time: 4.1809s, Mem: -4410531840.00 B
[Step 43] PGD Update - Time: 0.0041s, Mem: -3407872.00 B

[Step 43] 完整步骤总时间: 6.123776s | 总显存: 176.00 KB
[Step 43] 峰值显存: 16.96 GB

[Step 44] ============ 详细性能分析 ============
[模型部分] 总时间: 1.927739s | 显存: 4.12 GB

[0-9秒 PDE求解详细性能]

[19秒 PDE求解]
  t=19s - 时间: 1.907088s | 显存: 0.00 B

[PDE求解部分] 总时间: 1.907088s | 显存: 0.00 B

[本步骤总计] 时间: 3.834827s | 显存: 4.12 GB
surrogate_loss (vs forward.true_19):  tensor(2869.2031, device='cuda:0', grad_fn=<MseLossBackward0>)
[Step 44] Backward Propagation - Time: 4.1790s, Mem: -4411146240.00 B
[Step 44] PGD Update - Time: 0.0031s, Mem: -3588096.00 B

[Step 44] 完整步骤总时间: 6.111603s | 总显存: -180224.00 B
[Step 44] 峰值显存: 16.96 GB

[Step 45] ============ 详细性能分析 ============
[模型部分] 总时间: 1.955462s | 显存: 4.12 GB

[0-9秒 PDE求解详细性能]

[19秒 PDE求解]
  t=19s - 时间: 1.934468s | 显存: 0.00 B

[PDE求解部分] 总时间: 1.934468s | 显存: 0.00 B

[本步骤总计] 时间: 3.889930s | 显存: 4.12 GB
surrogate_loss (vs forward.true_19):  tensor(2755.9404, device='cuda:0', grad_fn=<MseLossBackward0>)
[Step 45] Backward Propagation - Time: 4.2308s, Mem: -4410531840.00 B
[Step 45] PGD Update - Time: 0.0030s, Mem: -3407872.00 B

[Step 45] 完整步骤总时间: 6.190971s | 总显存: 176.00 KB
[Step 45] 峰值显存: 16.96 GB

[Step 46] ============ 详细性能分析 ============
[模型部分] 总时间: 1.936730s | 显存: 4.12 GB

[0-9秒 PDE求解详细性能]

[19秒 PDE求解]
  t=19s - 时间: 1.915984s | 显存: 0.00 B

[PDE求解部分] 总时间: 1.915984s | 显存: 0.00 B

[本步骤总计] 时间: 3.852713s | 显存: 4.12 GB
surrogate_loss (vs forward.true_19):  tensor(2644.1616, device='cuda:0', grad_fn=<MseLossBackward0>)
[Step 46] Backward Propagation - Time: 4.2083s, Mem: -4411146240.00 B
[Step 46] PGD Update - Time: 0.0031s, Mem: -3588096.00 B

[Step 46] 完整步骤总时间: 6.149960s | 总显存: -180224.00 B
[Step 46] 峰值显存: 16.96 GB

[Step 47] ============ 详细性能分析 ============
[模型部分] 总时间: 1.956677s | 显存: 4.12 GB

[0-9秒 PDE求解详细性能]

[19秒 PDE求解]
  t=19s - 时间: 1.935833s | 显存: 0.00 B

[PDE求解部分] 总时间: 1.935833s | 显存: 0.00 B

[本步骤总计] 时间: 3.892510s | 显存: 4.12 GB
surrogate_loss (vs forward.true_19):  tensor(2595.3706, device='cuda:0', grad_fn=<MseLossBackward0>)
[Step 47] Backward Propagation - Time: 4.1966s, Mem: -4410531840.00 B
[Step 47] PGD Update - Time: 0.0032s, Mem: -3407872.00 B

[Step 47] 完整步骤总时间: 6.158608s | 总显存: 176.00 KB
[Step 47] 峰值显存: 16.96 GB

[Step 48] ============ 详细性能分析 ============
[模型部分] 总时间: 1.939953s | 显存: 4.12 GB

[0-9秒 PDE求解详细性能]

[19秒 PDE求解]
  t=19s - 时间: 1.918984s | 显存: 0.00 B

[PDE求解部分] 总时间: 1.918984s | 显存: 0.00 B

[本步骤总计] 时间: 3.858937s | 显存: 4.12 GB
surrogate_loss (vs forward.true_19):  tensor(2495.0210, device='cuda:0', grad_fn=<MseLossBackward0>)
[Step 48] Backward Propagation - Time: 4.1562s, Mem: -4411146240.00 B
[Step 48] PGD Update - Time: 0.0034s, Mem: -3588096.00 B

[Step 48] 完整步骤总时间: 6.101416s | 总显存: -180224.00 B
[Step 48] 峰值显存: 16.96 GB

[Step 49] ============ 详细性能分析 ============
[模型部分] 总时间: 1.946536s | 显存: 4.12 GB

[0-9秒 PDE求解详细性能]

[19秒 PDE求解]
  t=19s - 时间: 1.925491s | 显存: 0.00 B

[PDE求解部分] 总时间: 1.925491s | 显存: 0.00 B

[本步骤总计] 时间: 3.872027s | 显存: 4.12 GB
surrogate_loss (vs forward.true_19):  tensor(2447.1091, device='cuda:0', grad_fn=<MseLossBackward0>)
[Step 49] Backward Propagation - Time: 4.1778s, Mem: -4410531840.00 B
[Step 49] PGD Update - Time: 0.0030s, Mem: -3407872.00 B

[Step 49] 完整步骤总时间: 6.129465s | 总显存: 176.00 KB
[Step 49] 峰值显存: 16.96 GB

[Step 50] ============ 详细性能分析 ============
[模型部分] 总时间: 1.938167s | 显存: 4.12 GB

[0-9秒 PDE求解详细性能]

[19秒 PDE求解]
  t=19s - 时间: 1.917261s | 显存: 0.00 B

[PDE求解部分] 总时间: 1.917261s | 显存: 0.00 B

[本步骤总计] 时间: 3.855427s | 显存: 4.12 GB
surrogate_loss (vs forward.true_19):  tensor(2535.2004, device='cuda:0', grad_fn=<MseLossBackward0>)
[Step 50] Backward Propagation - Time: 4.2372s, Mem: -4411146240.00 B
[Step 50] PGD Update - Time: 0.0030s, Mem: -3588096.00 B

[Step 50] 完整步骤总时间: 6.180276s | 总显存: -180224.00 B
[Step 50] 峰值显存: 16.96 GB

[Step 51] ============ 详细性能分析 ============
[模型部分] 总时间: 1.935022s | 显存: 4.12 GB

[0-9秒 PDE求解详细性能]

[19秒 PDE求解]
  t=19s - 时间: 1.914341s | 显存: 0.00 B

[PDE求解部分] 总时间: 1.914341s | 显存: 0.00 B

[本步骤总计] 时间: 3.849362s | 显存: 4.12 GB
surrogate_loss (vs forward.true_19):  tensor(2602.2036, device='cuda:0', grad_fn=<MseLossBackward0>)
[Step 51] Backward Propagation - Time: 4.2271s, Mem: -4410531840.00 B
[Step 51] PGD Update - Time: 0.0042s, Mem: -3407872.00 B

[Step 51] 完整步骤总时间: 6.168404s | 总显存: 176.00 KB
[Step 51] 峰值显存: 16.96 GB

[Step 52] ============ 详细性能分析 ============
[模型部分] 总时间: 1.944398s | 显存: 4.12 GB

[0-9秒 PDE求解详细性能]

[19秒 PDE求解]
  t=19s - 时间: 1.923492s | 显存: 0.00 B

[PDE求解部分] 总时间: 1.923492s | 显存: 0.00 B

[本步骤总计] 时间: 3.867890s | 显存: 4.12 GB
surrogate_loss (vs forward.true_19):  tensor(2794.3125, device='cuda:0', grad_fn=<MseLossBackward0>)
[Step 52] Backward Propagation - Time: 4.2091s, Mem: -4411146240.00 B
[Step 52] PGD Update - Time: 0.0033s, Mem: -3588096.00 B

[Step 52] 完整步骤总时间: 6.158594s | 总显存: -180224.00 B
[Step 52] 峰值显存: 16.96 GB

[Step 53] ============ 详细性能分析 ============
[模型部分] 总时间: 1.943224s | 显存: 4.12 GB

[0-9秒 PDE求解详细性能]

[19秒 PDE求解]
  t=19s - 时间: 1.922478s | 显存: 0.00 B

[PDE求解部分] 总时间: 1.922478s | 显存: 0.00 B

[本步骤总计] 时间: 3.865702s | 显存: 4.12 GB
surrogate_loss (vs forward.true_19):  tensor(2990.9438, device='cuda:0', grad_fn=<MseLossBackward0>)
[Step 53] Backward Propagation - Time: 4.1910s, Mem: -4410531840.00 B
[Step 53] PGD Update - Time: 0.0030s, Mem: -3407872.00 B

[Step 53] 完整步骤总时间: 6.138943s | 总显存: 176.00 KB
[Step 53] 峰值显存: 16.96 GB

[Step 54] ============ 详细性能分析 ============
[模型部分] 总时间: 1.921317s | 显存: 4.12 GB

[0-9秒 PDE求解详细性能]

[19秒 PDE求解]
  t=19s - 时间: 1.900597s | 显存: 0.00 B

[PDE求解部分] 总时间: 1.900597s | 显存: 0.00 B

[本步骤总计] 时间: 3.821914s | 显存: 4.12 GB
surrogate_loss (vs forward.true_19):  tensor(3179.1663, device='cuda:0', grad_fn=<MseLossBackward0>)
[Step 54] Backward Propagation - Time: 4.1777s, Mem: -4411146240.00 B
[Step 54] PGD Update - Time: 0.0034s, Mem: -3588096.00 B

[Step 54] 完整步骤总时间: 6.104191s | 总显存: -180224.00 B
[Step 54] 峰值显存: 16.96 GB

[Step 55] ============ 详细性能分析 ============
[模型部分] 总时间: 1.962635s | 显存: 4.12 GB

[0-9秒 PDE求解详细性能]

[19秒 PDE求解]
  t=19s - 时间: 1.941911s | 显存: 0.00 B

[PDE求解部分] 总时间: 1.941911s | 显存: 0.00 B

[本步骤总计] 时间: 3.904547s | 显存: 4.12 GB
surrogate_loss (vs forward.true_19):  tensor(3476.8718, device='cuda:0', grad_fn=<MseLossBackward0>)
[Step 55] Backward Propagation - Time: 4.2359s, Mem: -4410531840.00 B
[Step 55] PGD Update - Time: 0.0034s, Mem: -3407872.00 B

[Step 55] 完整步骤总时间: 6.203776s | 总显存: 176.00 KB
[Step 55] 峰值显存: 16.96 GB

[Step 56] ============ 详细性能分析 ============
[模型部分] 总时间: 1.964390s | 显存: 4.12 GB

[0-9秒 PDE求解详细性能]

[19秒 PDE求解]
  t=19s - 时间: 1.943650s | 显存: 0.00 B

[PDE求解部分] 总时间: 1.943650s | 显存: 0.00 B

[本步骤总计] 时间: 3.908040s | 显存: 4.12 GB
surrogate_loss (vs forward.true_19):  tensor(3948.3123, device='cuda:0', grad_fn=<MseLossBackward0>)
[Step 56] Backward Propagation - Time: 4.1912s, Mem: -4411146240.00 B
[Step 56] PGD Update - Time: 0.0033s, Mem: -3588096.00 B

[Step 56] 完整步骤总时间: 6.160935s | 总显存: -180224.00 B
[Step 56] 峰值显存: 16.96 GB

[Step 57] ============ 详细性能分析 ============
[模型部分] 总时间: 1.940787s | 显存: 4.12 GB

[0-9秒 PDE求解详细性能]

[19秒 PDE求解]
  t=19s - 时间: 1.919377s | 显存: 0.00 B

[PDE求解部分] 总时间: 1.919377s | 显存: 0.00 B

[本步骤总计] 时间: 3.860164s | 显存: 4.12 GB
surrogate_loss (vs forward.true_19):  tensor(4463.7505, device='cuda:0', grad_fn=<MseLossBackward0>)
[Step 57] Backward Propagation - Time: 4.2159s, Mem: -4410531840.00 B
[Step 57] PGD Update - Time: 0.0033s, Mem: -3407872.00 B

[Step 57] 完整步骤总时间: 6.162260s | 总显存: 176.00 KB
[Step 57] 峰值显存: 16.96 GB

[Step 58] ============ 详细性能分析 ============
[模型部分] 总时间: 1.936928s | 显存: 4.12 GB

[0-9秒 PDE求解详细性能]

[19秒 PDE求解]
  t=19s - 时间: 1.915925s | 显存: 0.00 B

[PDE求解部分] 总时间: 1.915925s | 显存: 0.00 B

[本步骤总计] 时间: 3.852853s | 显存: 4.12 GB
surrogate_loss (vs forward.true_19):  tensor(5021.9932, device='cuda:0', grad_fn=<MseLossBackward0>)
[Step 58] Backward Propagation - Time: 4.1875s, Mem: -4411146240.00 B
[Step 58] PGD Update - Time: 0.0031s, Mem: -3588096.00 B

[Step 58] 完整步骤总时间: 6.129360s | 总显存: -180224.00 B
[Step 58] 峰值显存: 16.96 GB

[Step 59] ============ 详细性能分析 ============
[模型部分] 总时间: 1.936708s | 显存: 4.12 GB

[0-9秒 PDE求解详细性能]

[19秒 PDE求解]
  t=19s - 时间: 1.916013s | 显存: 0.00 B

[PDE求解部分] 总时间: 1.916013s | 显存: 0.00 B

[本步骤总计] 时间: 3.852721s | 显存: 4.12 GB
surrogate_loss (vs forward.true_19):  tensor(5456.4541, device='cuda:0', grad_fn=<MseLossBackward0>)
[Step 59] Backward Propagation - Time: 4.1969s, Mem: -4410531840.00 B
[Step 59] PGD Update - Time: 0.0046s, Mem: -3407872.00 B

[Step 59] 完整步骤总时间: 6.140357s | 总显存: 176.00 KB
[Step 59] 峰值显存: 16.96 GB

[Step 60] ============ 详细性能分析 ============
[模型部分] 总时间: 1.934030s | 显存: 4.12 GB

[0-9秒 PDE求解详细性能]

[19秒 PDE求解]
  t=19s - 时间: 1.913343s | 显存: 0.00 B

[PDE求解部分] 总时间: 1.913343s | 显存: 0.00 B

[本步骤总计] 时间: 3.847372s | 显存: 4.12 GB
surrogate_loss (vs forward.true_19):  tensor(5589.7437, device='cuda:0', grad_fn=<MseLossBackward0>)
[Step 60] Backward Propagation - Time: 4.1960s, Mem: -4411146240.00 B
[Step 60] PGD Update - Time: 0.0031s, Mem: -3588096.00 B

[Step 60] 完整步骤总时间: 6.134860s | 总显存: -180224.00 B
[Step 60] 峰值显存: 16.96 GB

[Step 61] ============ 详细性能分析 ============
[模型部分] 总时间: 1.914326s | 显存: 4.12 GB

[0-9秒 PDE求解详细性能]

[19秒 PDE求解]
  t=19s - 时间: 1.893637s | 显存: 0.00 B

[PDE求解部分] 总时间: 1.893637s | 显存: 0.00 B

[本步骤总计] 时间: 3.807964s | 显存: 4.12 GB
surrogate_loss (vs forward.true_19):  tensor(5641.6353, device='cuda:0', grad_fn=<MseLossBackward0>)
[Step 61] Backward Propagation - Time: 4.1723s, Mem: -4410531840.00 B
[Step 61] PGD Update - Time: 0.0036s, Mem: -3407872.00 B

[Step 61] 完整步骤总时间: 6.092134s | 总显存: 176.00 KB
[Step 61] 峰值显存: 16.96 GB

[Step 62] ============ 详细性能分析 ============
[模型部分] 总时间: 1.927290s | 显存: 4.12 GB

[0-9秒 PDE求解详细性能]

[19秒 PDE求解]
  t=19s - 时间: 1.906489s | 显存: 0.00 B

[PDE求解部分] 总时间: 1.906489s | 显存: 0.00 B

[本步骤总计] 时间: 3.833779s | 显存: 4.12 GB
surrogate_loss (vs forward.true_19):  tensor(5777.4561, device='cuda:0', grad_fn=<MseLossBackward0>)
[Step 62] Backward Propagation - Time: 4.1975s, Mem: -4411146240.00 B
[Step 62] PGD Update - Time: 0.0030s, Mem: -3588096.00 B

[Step 62] 完整步骤总时间: 6.129577s | 总显存: -180224.00 B
[Step 62] 峰值显存: 16.96 GB

[Step 63] ============ 详细性能分析 ============
[模型部分] 总时间: 1.927510s | 显存: 4.12 GB

[0-9秒 PDE求解详细性能]

[19秒 PDE求解]
  t=19s - 时间: 1.906883s | 显存: 0.00 B

[PDE求解部分] 总时间: 1.906883s | 显存: 0.00 B

[本步骤总计] 时间: 3.834393s | 显存: 4.12 GB
surrogate_loss (vs forward.true_19):  tensor(5979.1152, device='cuda:0', grad_fn=<MseLossBackward0>)
[Step 63] Backward Propagation - Time: 4.1994s, Mem: -4410531840.00 B
[Step 63] PGD Update - Time: 0.0029s, Mem: -3407872.00 B

[Step 63] 完整步骤总时间: 6.131657s | 总显存: 176.00 KB
[Step 63] 峰值显存: 16.96 GB

[Step 64] ============ 详细性能分析 ============
[模型部分] 总时间: 1.933648s | 显存: 4.12 GB

[0-9秒 PDE求解详细性能]

[19秒 PDE求解]
  t=19s - 时间: 1.913028s | 显存: 0.00 B

[PDE求解部分] 总时间: 1.913028s | 显存: 0.00 B

[本步骤总计] 时间: 3.846675s | 显存: 4.12 GB
surrogate_loss (vs forward.true_19):  tensor(5915.3848, device='cuda:0', grad_fn=<MseLossBackward0>)
[Step 64] Backward Propagation - Time: 4.2031s, Mem: -4411146240.00 B
[Step 64] PGD Update - Time: 0.0031s, Mem: -3588096.00 B

[Step 64] 完整步骤总时间: 6.141608s | 总显存: -180224.00 B
[Step 64] 峰值显存: 16.96 GB

[Step 65] ============ 详细性能分析 ============
[模型部分] 总时间: 1.929609s | 显存: 4.12 GB

[0-9秒 PDE求解详细性能]

[19秒 PDE求解]
  t=19s - 时间: 1.908659s | 显存: 0.00 B

[PDE求解部分] 总时间: 1.908659s | 显存: 0.00 B

[本步骤总计] 时间: 3.838268s | 显存: 4.12 GB
surrogate_loss (vs forward.true_19):  tensor(5425.7373, device='cuda:0', grad_fn=<MseLossBackward0>)
[Step 65] Backward Propagation - Time: 4.1645s, Mem: -4410531840.00 B
[Step 65] PGD Update - Time: 0.0035s, Mem: -3407872.00 B

[Step 65] 完整步骤总时间: 6.099660s | 总显存: 176.00 KB
[Step 65] 峰值显存: 16.96 GB

[Step 66] ============ 详细性能分析 ============
[模型部分] 总时间: 1.944749s | 显存: 4.12 GB

[0-9秒 PDE求解详细性能]

[19秒 PDE求解]
  t=19s - 时间: 1.923174s | 显存: 0.00 B

[PDE求解部分] 总时间: 1.923174s | 显存: 0.00 B

[本步骤总计] 时间: 3.867923s | 显存: 4.12 GB
surrogate_loss (vs forward.true_19):  tensor(4826.8184, device='cuda:0', grad_fn=<MseLossBackward0>)
[Step 66] Backward Propagation - Time: 4.2107s, Mem: -4411146240.00 B
[Step 66] PGD Update - Time: 0.0030s, Mem: -3588096.00 B

[Step 66] 完整步骤总时间: 6.160596s | 总显存: -180224.00 B
[Step 66] 峰值显存: 16.96 GB

[Step 67] ============ 详细性能分析 ============
[模型部分] 总时间: 1.927898s | 显存: 4.12 GB

[0-9秒 PDE求解详细性能]

[19秒 PDE求解]
  t=19s - 时间: 1.907079s | 显存: 0.00 B

[PDE求解部分] 总时间: 1.907079s | 显存: 0.00 B

[本步骤总计] 时间: 3.834977s | 显存: 4.12 GB
surrogate_loss (vs forward.true_19):  tensor(4369.9902, device='cuda:0', grad_fn=<MseLossBackward0>)
[Step 67] Backward Propagation - Time: 4.1731s, Mem: -4410531840.00 B
[Step 67] PGD Update - Time: 0.0035s, Mem: -3407872.00 B

[Step 67] 完整步骤总时间: 6.106490s | 总显存: 176.00 KB
[Step 67] 峰值显存: 16.96 GB

[Step 68] ============ 详细性能分析 ============
[模型部分] 总时间: 1.944397s | 显存: 4.12 GB

[0-9秒 PDE求解详细性能]

[19秒 PDE求解]
  t=19s - 时间: 1.923574s | 显存: 0.00 B

[PDE求解部分] 总时间: 1.923574s | 显存: 0.00 B

[本步骤总计] 时间: 3.867970s | 显存: 4.12 GB
surrogate_loss (vs forward.true_19):  tensor(2895.9146, device='cuda:0', grad_fn=<MseLossBackward0>)
[Step 68] Backward Propagation - Time: 5.4310s, Mem: -4411146240.00 B
[Step 68] PGD Update - Time: 0.0037s, Mem: -3588096.00 B

[Step 68] 完整步骤总时间: 7.380900s | 总显存: -180224.00 B
[Step 68] 峰值显存: 16.96 GB

[Step 69] ============ 详细性能分析 ============
[模型部分] 总时间: 1.926581s | 显存: 4.12 GB

[0-9秒 PDE求解详细性能]

[19秒 PDE求解]
  t=19s - 时间: 1.905412s | 显存: 0.00 B

[PDE求解部分] 总时间: 1.905412s | 显存: 0.00 B

[本步骤总计] 时间: 3.831994s | 显存: 4.12 GB
surrogate_loss (vs forward.true_19):  tensor(2632.0974, device='cuda:0', grad_fn=<MseLossBackward0>)
[Step 69] Backward Propagation - Time: 4.1877s, Mem: -4410531840.00 B
[Step 69] PGD Update - Time: 0.0030s, Mem: -3407872.00 B

[Step 69] 完整步骤总时间: 6.118975s | 总显存: 176.00 KB
[Step 69] 峰值显存: 16.96 GB

[Step 70] ============ 详细性能分析 ============
[模型部分] 总时间: 1.931321s | 显存: 4.12 GB

[0-9秒 PDE求解详细性能]

[19秒 PDE求解]
  t=19s - 时间: 1.910550s | 显存: 0.00 B

[PDE求解部分] 总时间: 1.910550s | 显存: 0.00 B

[本步骤总计] 时间: 3.841870s | 显存: 4.12 GB
surrogate_loss (vs forward.true_19):  tensor(2613.4775, device='cuda:0', grad_fn=<MseLossBackward0>)
[Step 70] Backward Propagation - Time: 4.1925s, Mem: -4411146240.00 B
[Step 70] PGD Update - Time: 0.0033s, Mem: -3588096.00 B

[Step 70] 完整步骤总时间: 6.129081s | 总显存: -180224.00 B
[Step 70] 峰值显存: 16.96 GB

[Step 71] ============ 详细性能分析 ============
[模型部分] 总时间: 1.939650s | 显存: 4.12 GB

[0-9秒 PDE求解详细性能]

[19秒 PDE求解]
  t=19s - 时间: 1.918975s | 显存: 0.00 B

[PDE求解部分] 总时间: 1.918975s | 显存: 0.00 B

[本步骤总计] 时间: 3.858625s | 显存: 4.12 GB
surrogate_loss (vs forward.true_19):  tensor(2829.8091, device='cuda:0', grad_fn=<MseLossBackward0>)
[Step 71] Backward Propagation - Time: 4.1682s, Mem: -4410531840.00 B
[Step 71] PGD Update - Time: 0.0031s, Mem: -3407872.00 B

[Step 71] 完整步骤总时间: 6.112708s | 总显存: 176.00 KB
[Step 71] 峰值显存: 16.96 GB

[Step 72] ============ 详细性能分析 ============
[模型部分] 总时间: 1.925129s | 显存: 4.12 GB

[0-9秒 PDE求解详细性能]

[19秒 PDE求解]
  t=19s - 时间: 1.904357s | 显存: 0.00 B

[PDE求解部分] 总时间: 1.904357s | 显存: 0.00 B

[本步骤总计] 时间: 3.829486s | 显存: 4.12 GB
surrogate_loss (vs forward.true_19):  tensor(3093.2314, device='cuda:0', grad_fn=<MseLossBackward0>)
[Step 72] Backward Propagation - Time: 4.1858s, Mem: -4411146240.00 B
[Step 72] PGD Update - Time: 0.0030s, Mem: -3588096.00 B

[Step 72] 完整步骤总时间: 6.115669s | 总显存: -180224.00 B
[Step 72] 峰值显存: 16.96 GB

[Step 73] ============ 详细性能分析 ============
[模型部分] 总时间: 1.935751s | 显存: 4.12 GB

[0-9秒 PDE求解详细性能]

[19秒 PDE求解]
  t=19s - 时间: 1.914787s | 显存: 0.00 B

[PDE求解部分] 总时间: 1.914787s | 显存: 0.00 B

[本步骤总计] 时间: 3.850538s | 显存: 4.12 GB
surrogate_loss (vs forward.true_19):  tensor(3163.4529, device='cuda:0', grad_fn=<MseLossBackward0>)
[Step 73] Backward Propagation - Time: 4.2214s, Mem: -4410531840.00 B
[Step 73] PGD Update - Time: 0.0032s, Mem: -3407872.00 B

[Step 73] 完整步骤总时间: 6.162254s | 总显存: 176.00 KB
[Step 73] 峰值显存: 16.96 GB

[Step 74] ============ 详细性能分析 ============
[模型部分] 总时间: 1.934300s | 显存: 4.12 GB

[0-9秒 PDE求解详细性能]

[19秒 PDE求解]
  t=19s - 时间: 1.912984s | 显存: 0.00 B

[PDE求解部分] 总时间: 1.912984s | 显存: 0.00 B

[本步骤总计] 时间: 3.847284s | 显存: 4.12 GB
surrogate_loss (vs forward.true_19):  tensor(3048.4902, device='cuda:0', grad_fn=<MseLossBackward0>)
[Step 74] Backward Propagation - Time: 4.1723s, Mem: -4411146240.00 B
[Step 74] PGD Update - Time: 0.0033s, Mem: -3588096.00 B

[Step 74] 完整步骤总时间: 6.111928s | 总显存: -180224.00 B
[Step 74] 峰值显存: 16.96 GB

[Step 75] ============ 详细性能分析 ============
[模型部分] 总时间: 1.926316s | 显存: 4.12 GB

[0-9秒 PDE求解详细性能]

[19秒 PDE求解]
  t=19s - 时间: 1.905200s | 显存: 0.00 B

[PDE求解部分] 总时间: 1.905200s | 显存: 0.00 B

[本步骤总计] 时间: 3.831516s | 显存: 4.12 GB
surrogate_loss (vs forward.true_19):  tensor(2896.7036, device='cuda:0', grad_fn=<MseLossBackward0>)
[Step 75] Backward Propagation - Time: 4.1485s, Mem: -4410531840.00 B
[Step 75] PGD Update - Time: 0.0031s, Mem: -3407872.00 B

[Step 75] 完整步骤总时间: 6.079677s | 总显存: 176.00 KB
[Step 75] 峰值显存: 16.96 GB

[Step 76] ============ 详细性能分析 ============
[模型部分] 总时间: 1.929602s | 显存: 4.12 GB

[0-9秒 PDE求解详细性能]

[19秒 PDE求解]
  t=19s - 时间: 1.908107s | 显存: 0.00 B

[PDE求解部分] 总时间: 1.908107s | 显存: 0.00 B

[本步骤总计] 时间: 3.837709s | 显存: 4.12 GB
surrogate_loss (vs forward.true_19):  tensor(2750.0444, device='cuda:0', grad_fn=<MseLossBackward0>)
[Step 76] Backward Propagation - Time: 4.1886s, Mem: -4411146240.00 B
[Step 76] PGD Update - Time: 0.0040s, Mem: -3588096.00 B

[Step 76] 完整步骤总时间: 6.124066s | 总显存: -180224.00 B
[Step 76] 峰值显存: 16.96 GB

[Step 77] ============ 详细性能分析 ============
[模型部分] 总时间: 1.943722s | 显存: 4.12 GB

[0-9秒 PDE求解详细性能]

[19秒 PDE求解]
  t=19s - 时间: 1.922988s | 显存: 0.00 B

[PDE求解部分] 总时间: 1.922988s | 显存: 0.00 B

[本步骤总计] 时间: 3.866711s | 显存: 4.12 GB
surrogate_loss (vs forward.true_19):  tensor(2660.0132, device='cuda:0', grad_fn=<MseLossBackward0>)
[Step 77] Backward Propagation - Time: 4.2169s, Mem: -4410531840.00 B
[Step 77] PGD Update - Time: 0.0033s, Mem: -3407872.00 B

[Step 77] 完整步骤总时间: 6.165753s | 总显存: 176.00 KB
[Step 77] 峰值显存: 16.96 GB

[Step 78] ============ 详细性能分析 ============
[模型部分] 总时间: 1.943837s | 显存: 4.12 GB

[0-9秒 PDE求解详细性能]

[19秒 PDE求解]
  t=19s - 时间: 1.922930s | 显存: 0.00 B

[PDE求解部分] 总时间: 1.922930s | 显存: 0.00 B

[本步骤总计] 时间: 3.866767s | 显存: 4.12 GB
surrogate_loss (vs forward.true_19):  tensor(2719.7119, device='cuda:0', grad_fn=<MseLossBackward0>)
[Step 78] Backward Propagation - Time: 4.1785s, Mem: -4411146240.00 B
[Step 78] PGD Update - Time: 0.0032s, Mem: -3588096.00 B

[Step 78] 完整步骤总时间: 6.127372s | 总显存: -180224.00 B
[Step 78] 峰值显存: 16.96 GB

[Step 79] ============ 详细性能分析 ============
[模型部分] 总时间: 1.922623s | 显存: 4.12 GB

[0-9秒 PDE求解详细性能]

[19秒 PDE求解]
  t=19s - 时间: 1.901766s | 显存: 0.00 B

[PDE求解部分] 总时间: 1.901766s | 显存: 0.00 B

[本步骤总计] 时间: 3.824390s | 显存: 4.12 GB
surrogate_loss (vs forward.true_19):  tensor(2940.4756, device='cuda:0', grad_fn=<MseLossBackward0>)
[Step 79] Backward Propagation - Time: 4.1989s, Mem: -4410531840.00 B
[Step 79] PGD Update - Time: 0.0030s, Mem: -3407872.00 B

[Step 79] 完整步骤总时间: 6.126222s | 总显存: 176.00 KB
[Step 79] 峰值显存: 16.96 GB

[Step 80] ============ 详细性能分析 ============
[模型部分] 总时间: 1.944608s | 显存: 4.12 GB

[0-9秒 PDE求解详细性能]

[19秒 PDE求解]
  t=19s - 时间: 1.923898s | 显存: 0.00 B

[PDE求解部分] 总时间: 1.923898s | 显存: 0.00 B

[本步骤总计] 时间: 3.868506s | 显存: 4.12 GB
surrogate_loss (vs forward.true_19):  tensor(3263.9731, device='cuda:0', grad_fn=<MseLossBackward0>)
[Step 80] Backward Propagation - Time: 4.1589s, Mem: -4411146240.00 B
[Step 80] PGD Update - Time: 0.0033s, Mem: -3588096.00 B

[Step 80] 完整步骤总时间: 6.108597s | 总显存: -180224.00 B
[Step 80] 峰值显存: 16.96 GB

[Step 81] ============ 详细性能分析 ============
[模型部分] 总时间: 1.971726s | 显存: 4.12 GB

[0-9秒 PDE求解详细性能]

[19秒 PDE求解]
  t=19s - 时间: 1.950809s | 显存: 0.00 B

[PDE求解部分] 总时间: 1.950809s | 显存: 0.00 B

[本步骤总计] 时间: 3.922534s | 显存: 4.12 GB
surrogate_loss (vs forward.true_19):  tensor(2982.2527, device='cuda:0', grad_fn=<MseLossBackward0>)
[Step 81] Backward Propagation - Time: 4.1739s, Mem: -4410531840.00 B
[Step 81] PGD Update - Time: 0.0038s, Mem: -3407872.00 B

[Step 81] 完整步骤总时间: 6.151661s | 总显存: 176.00 KB
[Step 81] 峰值显存: 16.96 GB

[Step 82] ============ 详细性能分析 ============
[模型部分] 总时间: 1.965057s | 显存: 4.12 GB

[0-9秒 PDE求解详细性能]

[19秒 PDE求解]
  t=19s - 时间: 1.943676s | 显存: 0.00 B

[PDE求解部分] 总时间: 1.943676s | 显存: 0.00 B

[本步骤总计] 时间: 3.908733s | 显存: 4.12 GB
surrogate_loss (vs forward.true_19):  tensor(2916.7231, device='cuda:0', grad_fn=<MseLossBackward0>)
[Step 82] Backward Propagation - Time: 4.1945s, Mem: -4411146240.00 B
[Step 82] PGD Update - Time: 0.0032s, Mem: -3588096.00 B

[Step 82] 完整步骤总时间: 6.164946s | 总显存: -180224.00 B
[Step 82] 峰值显存: 16.96 GB

[Step 83] ============ 详细性能分析 ============
[模型部分] 总时间: 1.940701s | 显存: 4.12 GB

[0-9秒 PDE求解详细性能]

[19秒 PDE求解]
  t=19s - 时间: 1.919918s | 显存: 0.00 B

[PDE求解部分] 总时间: 1.919918s | 显存: 0.00 B

[本步骤总计] 时间: 3.860618s | 显存: 4.12 GB
surrogate_loss (vs forward.true_19):  tensor(2827.2593, device='cuda:0', grad_fn=<MseLossBackward0>)
[Step 83] Backward Propagation - Time: 4.1863s, Mem: -4410531840.00 B
[Step 83] PGD Update - Time: 0.0030s, Mem: -3407872.00 B

[Step 83] 完整步骤总时间: 6.131763s | 总显存: 176.00 KB
[Step 83] 峰值显存: 16.96 GB

[Step 84] ============ 详细性能分析 ============
[模型部分] 总时间: 1.939724s | 显存: 4.12 GB

[0-9秒 PDE求解详细性能]

[19秒 PDE求解]
  t=19s - 时间: 1.918940s | 显存: 0.00 B

[PDE求解部分] 总时间: 1.918940s | 显存: 0.00 B

[本步骤总计] 时间: 3.858664s | 显存: 4.12 GB
surrogate_loss (vs forward.true_19):  tensor(2810.8315, device='cuda:0', grad_fn=<MseLossBackward0>)
[Step 84] Backward Propagation - Time: 4.1801s, Mem: -4411146240.00 B
[Step 84] PGD Update - Time: 0.0043s, Mem: -3588096.00 B

[Step 84] 完整步骤总时间: 6.126157s | 总显存: -180224.00 B
[Step 84] 峰值显存: 16.96 GB

[Step 85] ============ 详细性能分析 ============
[模型部分] 总时间: 1.930198s | 显存: 4.12 GB

[0-9秒 PDE求解详细性能]

[19秒 PDE求解]
  t=19s - 时间: 1.909166s | 显存: 0.00 B

[PDE求解部分] 总时间: 1.909166s | 显存: 0.00 B

[本步骤总计] 时间: 3.839364s | 显存: 4.12 GB
surrogate_loss (vs forward.true_19):  tensor(2878.1924, device='cuda:0', grad_fn=<MseLossBackward0>)
[Step 85] Backward Propagation - Time: 4.1970s, Mem: -4410531840.00 B
[Step 85] PGD Update - Time: 0.0034s, Mem: -3407872.00 B

[Step 85] 完整步骤总时间: 6.132464s | 总显存: 176.00 KB
[Step 85] 峰值显存: 16.96 GB

[Step 86] ============ 详细性能分析 ============
[模型部分] 总时间: 1.929746s | 显存: 4.12 GB

[0-9秒 PDE求解详细性能]

[19秒 PDE求解]
  t=19s - 时间: 1.909113s | 显存: 0.00 B

[PDE求解部分] 总时间: 1.909113s | 显存: 0.00 B

[本步骤总计] 时间: 3.838859s | 显存: 4.12 GB
surrogate_loss (vs forward.true_19):  tensor(2966.1282, device='cuda:0', grad_fn=<MseLossBackward0>)
[Step 86] Backward Propagation - Time: 4.1962s, Mem: -4411146240.00 B
[Step 86] PGD Update - Time: 0.0032s, Mem: -3588096.00 B

[Step 86] 完整步骤总时间: 6.130771s | 总显存: -180224.00 B
[Step 86] 峰值显存: 16.96 GB

[Step 87] ============ 详细性能分析 ============
[模型部分] 总时间: 1.958942s | 显存: 4.12 GB

[0-9秒 PDE求解详细性能]

[19秒 PDE求解]
  t=19s - 时间: 1.938231s | 显存: 0.00 B

[PDE求解部分] 总时间: 1.938231s | 显存: 0.00 B

[本步骤总计] 时间: 3.897173s | 显存: 4.12 GB
surrogate_loss (vs forward.true_19):  tensor(2999.1248, device='cuda:0', grad_fn=<MseLossBackward0>)
[Step 87] Backward Propagation - Time: 4.4046s, Mem: -4410531840.00 B
[Step 87] PGD Update - Time: 0.0029s, Mem: -3407872.00 B

[Step 87] 完整步骤总时间: 6.368243s | 总显存: 176.00 KB
[Step 87] 峰值显存: 16.96 GB

[Step 88] ============ 详细性能分析 ============
[模型部分] 总时间: 1.934300s | 显存: 4.12 GB

[0-9秒 PDE求解详细性能]

[19秒 PDE求解]
  t=19s - 时间: 1.913422s | 显存: 0.00 B

[PDE求解部分] 总时间: 1.913422s | 显存: 0.00 B

[本步骤总计] 时间: 3.847722s | 显存: 4.12 GB
surrogate_loss (vs forward.true_19):  tensor(2897.9746, device='cuda:0', grad_fn=<MseLossBackward0>)
[Step 88] Backward Propagation - Time: 4.2034s, Mem: -4411146240.00 B
[Step 88] PGD Update - Time: 0.0031s, Mem: -3588096.00 B

[Step 88] 完整步骤总时间: 6.142614s | 总显存: -180224.00 B
[Step 88] 峰值显存: 16.96 GB

[Step 89] ============ 详细性能分析 ============
[模型部分] 总时间: 1.957118s | 显存: 4.12 GB

[0-9秒 PDE求解详细性能]

[19秒 PDE求解]
  t=19s - 时间: 1.936344s | 显存: 0.00 B

[PDE求解部分] 总时间: 1.936344s | 显存: 0.00 B

[本步骤总计] 时间: 3.893462s | 显存: 4.12 GB
surrogate_loss (vs forward.true_19):  tensor(2682.7012, device='cuda:0', grad_fn=<MseLossBackward0>)
[Step 89] Backward Propagation - Time: 4.2217s, Mem: -4410531840.00 B
[Step 89] PGD Update - Time: 0.0038s, Mem: -3407872.00 B

[Step 89] 完整步骤总时间: 6.184855s | 总显存: 176.00 KB
[Step 89] 峰值显存: 16.96 GB

[Step 90] ============ 详细性能分析 ============
[模型部分] 总时间: 1.965287s | 显存: 4.12 GB

[0-9秒 PDE求解详细性能]

[19秒 PDE求解]
  t=19s - 时间: 1.944011s | 显存: 0.00 B

[PDE求解部分] 总时间: 1.944011s | 显存: 0.00 B

[本步骤总计] 时间: 3.909298s | 显存: 4.12 GB
surrogate_loss (vs forward.true_19):  tensor(2475.8181, device='cuda:0', grad_fn=<MseLossBackward0>)
[Step 90] Backward Propagation - Time: 4.2308s, Mem: -4411146240.00 B
[Step 90] PGD Update - Time: 0.0032s, Mem: -3588096.00 B

[Step 90] 完整步骤总时间: 6.201466s | 总显存: -180224.00 B
[Step 90] 峰值显存: 16.96 GB

[Step 91] ============ 详细性能分析 ============
[模型部分] 总时间: 1.943741s | 显存: 4.12 GB

[0-9秒 PDE求解详细性能]

[19秒 PDE求解]
  t=19s - 时间: 1.922679s | 显存: 0.00 B

[PDE求解部分] 总时间: 1.922679s | 显存: 0.00 B

[本步骤总计] 时间: 3.866420s | 显存: 4.12 GB
surrogate_loss (vs forward.true_19):  tensor(2350.2842, device='cuda:0', grad_fn=<MseLossBackward0>)
[Step 91] Backward Propagation - Time: 4.2208s, Mem: -4410531840.00 B
[Step 91] PGD Update - Time: 0.0032s, Mem: -3407872.00 B

[Step 91] 完整步骤总时间: 6.169449s | 总显存: 176.00 KB
[Step 91] 峰值显存: 16.96 GB

[Step 92] ============ 详细性能分析 ============
[模型部分] 总时间: 1.922291s | 显存: 4.12 GB

[0-9秒 PDE求解详细性能]

[19秒 PDE求解]
  t=19s - 时间: 1.901576s | 显存: 0.00 B

[PDE求解部分] 总时间: 1.901576s | 显存: 0.00 B

[本步骤总计] 时间: 3.823866s | 显存: 4.12 GB
surrogate_loss (vs forward.true_19):  tensor(2320.4380, device='cuda:0', grad_fn=<MseLossBackward0>)
[Step 92] Backward Propagation - Time: 4.1705s, Mem: -4411146240.00 B
[Step 92] PGD Update - Time: 0.0031s, Mem: -3588096.00 B

[Step 92] 完整步骤总时间: 6.097766s | 总显存: -180224.00 B
[Step 92] 峰值显存: 16.96 GB

[Step 93] ============ 详细性能分析 ============
[模型部分] 总时间: 1.938616s | 显存: 4.12 GB

[0-9秒 PDE求解详细性能]

[19秒 PDE求解]
  t=19s - 时间: 1.917744s | 显存: 0.00 B

[PDE求解部分] 总时间: 1.917744s | 显存: 0.00 B

[本步骤总计] 时间: 3.856359s | 显存: 4.12 GB
surrogate_loss (vs forward.true_19):  tensor(2350.8623, device='cuda:0', grad_fn=<MseLossBackward0>)
[Step 93] Backward Propagation - Time: 4.2086s, Mem: -4410531840.00 B
[Step 93] PGD Update - Time: 0.0040s, Mem: -3407872.00 B

[Step 93] 完整步骤总时间: 6.153025s | 总显存: 176.00 KB
[Step 93] 峰值显存: 16.96 GB

[Step 94] ============ 详细性能分析 ============
[模型部分] 总时间: 1.938734s | 显存: 4.12 GB

[0-9秒 PDE求解详细性能]

[19秒 PDE求解]
  t=19s - 时间: 1.918087s | 显存: 0.00 B

[PDE求解部分] 总时间: 1.918087s | 显存: 0.00 B

[本步骤总计] 时间: 3.856822s | 显存: 4.12 GB
surrogate_loss (vs forward.true_19):  tensor(2353.1772, device='cuda:0', grad_fn=<MseLossBackward0>)
[Step 94] Backward Propagation - Time: 4.2323s, Mem: -4411146240.00 B
[Step 94] PGD Update - Time: 0.0033s, Mem: -3588096.00 B

[Step 94] 完整步骤总时间: 6.176167s | 总显存: -180224.00 B
[Step 94] 峰值显存: 16.96 GB

[Step 95] ============ 详细性能分析 ============
[模型部分] 总时间: 1.915414s | 显存: 4.12 GB

[0-9秒 PDE求解详细性能]

[19秒 PDE求解]
  t=19s - 时间: 1.894566s | 显存: 0.00 B

[PDE求解部分] 总时间: 1.894566s | 显存: 0.00 B

[本步骤总计] 时间: 3.809979s | 显存: 4.12 GB
surrogate_loss (vs forward.true_19):  tensor(2279.0259, device='cuda:0', grad_fn=<MseLossBackward0>)
[Step 95] Backward Propagation - Time: 4.1931s, Mem: -4410531840.00 B
[Step 95] PGD Update - Time: 0.0033s, Mem: -3407872.00 B

[Step 95] 完整步骤总时间: 6.113662s | 总显存: 176.00 KB
[Step 95] 峰值显存: 16.96 GB

[Step 96] ============ 详细性能分析 ============
[模型部分] 总时间: 1.942594s | 显存: 4.12 GB

[0-9秒 PDE求解详细性能]

[19秒 PDE求解]
  t=19s - 时间: 1.921759s | 显存: 0.00 B

[PDE求解部分] 总时间: 1.921759s | 显存: 0.00 B

[本步骤总计] 时间: 3.864353s | 显存: 4.12 GB
surrogate_loss (vs forward.true_19):  tensor(2176.6694, device='cuda:0', grad_fn=<MseLossBackward0>)
[Step 96] Backward Propagation - Time: 4.2080s, Mem: -4411146240.00 B
[Step 96] PGD Update - Time: 0.0030s, Mem: -3588096.00 B

[Step 96] 完整步骤总时间: 6.155356s | 总显存: -180224.00 B
[Step 96] 峰值显存: 16.96 GB

[Step 97] ============ 详细性能分析 ============
[模型部分] 总时间: 1.918277s | 显存: 4.12 GB

[0-9秒 PDE求解详细性能]

[19秒 PDE求解]
  t=19s - 时间: 1.897430s | 显存: 0.00 B

[PDE求解部分] 总时间: 1.897430s | 显存: 0.00 B

[本步骤总计] 时间: 3.815707s | 显存: 4.12 GB
surrogate_loss (vs forward.true_19):  tensor(2113.2998, device='cuda:0', grad_fn=<MseLossBackward0>)
[Step 97] Backward Propagation - Time: 4.1951s, Mem: -4410531840.00 B
[Step 97] PGD Update - Time: 0.0033s, Mem: -3407872.00 B

[Step 97] 完整步骤总时间: 6.118745s | 总显存: 176.00 KB
[Step 97] 峰值显存: 16.96 GB

[Step 98] ============ 详细性能分析 ============
[模型部分] 总时间: 1.935284s | 显存: 4.12 GB

[0-9秒 PDE求解详细性能]

[19秒 PDE求解]
  t=19s - 时间: 1.913907s | 显存: 0.00 B

[PDE求解部分] 总时间: 1.913907s | 显存: 0.00 B

[本步骤总计] 时间: 3.849190s | 显存: 4.12 GB
surrogate_loss (vs forward.true_19):  tensor(2107.7585, device='cuda:0', grad_fn=<MseLossBackward0>)
[Step 98] Backward Propagation - Time: 4.1952s, Mem: -4411146240.00 B
[Step 98] PGD Update - Time: 0.0035s, Mem: -3588096.00 B

[Step 98] 完整步骤总时间: 6.136209s | 总显存: -180224.00 B
[Step 98] 峰值显存: 16.96 GB

[Step 99] ============ 详细性能分析 ============
[模型部分] 总时间: 1.929153s | 显存: 4.12 GB

[0-9秒 PDE求解详细性能]

[19秒 PDE求解]
  t=19s - 时间: 1.907940s | 显存: 0.00 B

[PDE求解部分] 总时间: 1.907940s | 显存: 0.00 B

[本步骤总计] 时间: 3.837093s | 显存: 4.12 GB
surrogate_loss (vs forward.true_19):  tensor(2120.6460, device='cuda:0', grad_fn=<MseLossBackward0>)
[Step 99] Backward Propagation - Time: 5.6289s, Mem: -4410531840.00 B
[Step 99] PGD Update - Time: 0.0033s, Mem: -3407872.00 B

[Step 99] 完整步骤总时间: 7.563264s | 总显存: 176.00 KB
[Step 99] 峰值显存: 16.96 GB
清理前显存占用: 13092.8798828125 MB
PGD攻击完成！显存已清理
当前显存占用: 2092.1298828125 MB
mode_spec = aaawwwwwww
Per-frame modes: [t=01] approx | [t=02] approx | [t=03] approx | [t=04] with_solver | [t=05] with_solver | [t=06] with_solver | [t=07] with_solver | [t=08] with_solver | [t=09] with_solver | [t=19] with_solver
================================================================================
norm: 2, epsilon: 78.6432, alpha: 1.0, num_steps: 100, index: 1, method: adam, mode_spec: aaawwwwwww, b1: 0.9, b2: 0.999, adam_eps: 1e-08, sign_Linf: True, amsgrad: False

[Step 0] ============ 详细性能分析 ============
[模型部分] 总时间: 1.955249s | 显存: 4.12 GB

[0-9秒 PDE求解详细性能]

[19秒 PDE求解]
  t=19s - 时间: 1.924748s | 显存: 0.00 B

[PDE求解部分] 总时间: 1.924748s | 显存: 0.00 B

[本步骤总计] 时间: 3.879997s | 显存: 4.12 GB
surrogate_loss (vs forward.true_19):  tensor(10839.1455, device='cuda:0', grad_fn=<MseLossBackward0>)
[Step 0] Backward Propagation - Time: 6.2303s, Mem: -4411990016.00 B
[Step 0] PGD Update - Time: 0.5076s, Mem: 1.75 MB

[Step 0] 完整步骤总时间: 8.787222s | 总显存: 5.25 MB
[Step 0] 峰值显存: 16.96 GB

[Step 1] ============ 详细性能分析 ============
[模型部分] 总时间: 8.703269s | 显存: 4.12 GB

[0-9秒 PDE求解详细性能]

[19秒 PDE求解]
  t=19s - 时间: 7.849506s | 显存: 0.00 B

[PDE求解部分] 总时间: 7.849506s | 显存: 0.00 B

[本步骤总计] 时间: 16.552775s | 显存: 4.12 GB
surrogate_loss (vs forward.true_19):  tensor(10350.4395, device='cuda:0', grad_fn=<MseLossBackward0>)
[Step 1] Backward Propagation - Time: 4.5140s, Mem: -4410531840.00 B
[Step 1] PGD Update - Time: 0.0030s, Mem: -3407872.00 B

[Step 1] 完整步骤总时间: 13.842732s | 总显存: 176.00 KB
[Step 1] 峰值显存: 16.96 GB

[Step 2] ============ 详细性能分析 ============
[模型部分] 总时间: 1.914432s | 显存: 4.12 GB

[0-9秒 PDE求解详细性能]

[19秒 PDE求解]
  t=19s - 时间: 1.893678s | 显存: 0.00 B

[PDE求解部分] 总时间: 1.893678s | 显存: 0.00 B

[本步骤总计] 时间: 3.808110s | 显存: 4.12 GB
surrogate_loss (vs forward.true_19):  tensor(9511.9775, device='cuda:0', grad_fn=<MseLossBackward0>)
[Step 2] Backward Propagation - Time: 4.1731s, Mem: -4411146240.00 B
[Step 2] PGD Update - Time: 0.0027s, Mem: -3588096.00 B

[Step 2] 完整步骤总时间: 6.092177s | 总显存: -180224.00 B
[Step 2] 峰值显存: 16.96 GB

[Step 3] ============ 详细性能分析 ============
[模型部分] 总时间: 1.918741s | 显存: 4.12 GB

[0-9秒 PDE求解详细性能]

[19秒 PDE求解]
  t=19s - 时间: 1.897516s | 显存: 0.00 B

[PDE求解部分] 总时间: 1.897516s | 显存: 0.00 B

[本步骤总计] 时间: 3.816257s | 显存: 4.12 GB
surrogate_loss (vs forward.true_19):  tensor(8523.1523, device='cuda:0', grad_fn=<MseLossBackward0>)
[Step 3] Backward Propagation - Time: 4.1761s, Mem: -4410531840.00 B
[Step 3] PGD Update - Time: 0.0028s, Mem: -3407872.00 B

[Step 3] 完整步骤总时间: 6.099838s | 总显存: 176.00 KB
[Step 3] 峰值显存: 16.96 GB

[Step 4] ============ 详细性能分析 ============
[模型部分] 总时间: 1.936699s | 显存: 4.12 GB

[0-9秒 PDE求解详细性能]

[19秒 PDE求解]
  t=19s - 时间: 1.915775s | 显存: 0.00 B

[PDE求解部分] 总时间: 1.915775s | 显存: 0.00 B

[本步骤总计] 时间: 3.852474s | 显存: 4.12 GB
surrogate_loss (vs forward.true_19):  tensor(7870.3848, device='cuda:0', grad_fn=<MseLossBackward0>)
[Step 4] Backward Propagation - Time: 4.2258s, Mem: -4411146240.00 B
[Step 4] PGD Update - Time: 0.0027s, Mem: -3588096.00 B

[Step 4] 完整步骤总时间: 6.167210s | 总显存: -180224.00 B
[Step 4] 峰值显存: 16.96 GB

[Step 5] ============ 详细性能分析 ============
[模型部分] 总时间: 1.928180s | 显存: 4.12 GB

[0-9秒 PDE求解详细性能]

[19秒 PDE求解]
  t=19s - 时间: 1.907383s | 显存: 0.00 B

[PDE求解部分] 总时间: 1.907383s | 显存: 0.00 B

[本步骤总计] 时间: 3.835562s | 显存: 4.12 GB
surrogate_loss (vs forward.true_19):  tensor(7793.4209, device='cuda:0', grad_fn=<MseLossBackward0>)
[Step 5] Backward Propagation - Time: 4.1777s, Mem: -4410531840.00 B
[Step 5] PGD Update - Time: 0.0033s, Mem: -3407872.00 B

[Step 5] 完整步骤总时间: 6.110925s | 总显存: 176.00 KB
[Step 5] 峰值显存: 16.96 GB

[Step 6] ============ 详细性能分析 ============
[模型部分] 总时间: 1.926903s | 显存: 4.12 GB

[0-9秒 PDE求解详细性能]

[19秒 PDE求解]
  t=19s - 时间: 1.906164s | 显存: 0.00 B

[PDE求解部分] 总时间: 1.906164s | 显存: 0.00 B

[本步骤总计] 时间: 3.833067s | 显存: 4.12 GB
surrogate_loss (vs forward.true_19):  tensor(7949.1914, device='cuda:0', grad_fn=<MseLossBackward0>)
[Step 6] Backward Propagation - Time: 4.2139s, Mem: -4411146240.00 B
[Step 6] PGD Update - Time: 0.0028s, Mem: -3588096.00 B

[Step 6] 完整步骤总时间: 6.145339s | 总显存: -180224.00 B
[Step 6] 峰值显存: 16.96 GB

[Step 7] ============ 详细性能分析 ============
[模型部分] 总时间: 1.942903s | 显存: 4.12 GB

[0-9秒 PDE求解详细性能]

[19秒 PDE求解]
  t=19s - 时间: 1.922196s | 显存: 0.00 B

[PDE求解部分] 总时间: 1.922196s | 显存: 0.00 B

[本步骤总计] 时间: 3.865099s | 显存: 4.12 GB
surrogate_loss (vs forward.true_19):  tensor(7210.1357, device='cuda:0', grad_fn=<MseLossBackward0>)
[Step 7] Backward Propagation - Time: 4.1977s, Mem: -4410531840.00 B
[Step 7] PGD Update - Time: 0.0030s, Mem: -3407872.00 B

[Step 7] 完整步骤总时间: 6.145402s | 总显存: 176.00 KB
[Step 7] 峰值显存: 16.96 GB

[Step 8] ============ 详细性能分析 ============
[模型部分] 总时间: 1.930580s | 显存: 4.12 GB

[0-9秒 PDE求解详细性能]

[19秒 PDE求解]
  t=19s - 时间: 1.909783s | 显存: 0.00 B

[PDE求解部分] 总时间: 1.909783s | 显存: 0.00 B

[本步骤总计] 时间: 3.840363s | 显存: 4.12 GB
surrogate_loss (vs forward.true_19):  tensor(5678.5957, device='cuda:0', grad_fn=<MseLossBackward0>)
[Step 8] Backward Propagation - Time: 4.2078s, Mem: -4411146240.00 B
[Step 8] PGD Update - Time: 0.0027s, Mem: -3588096.00 B

[Step 8] 完整步骤总时间: 6.142864s | 总显存: -180224.00 B
[Step 8] 峰值显存: 16.96 GB

[Step 9] ============ 详细性能分析 ============
[模型部分] 总时间: 1.924286s | 显存: 4.12 GB

[0-9秒 PDE求解详细性能]

[19秒 PDE求解]
  t=19s - 时间: 1.903454s | 显存: 0.00 B

[PDE求解部分] 总时间: 1.903454s | 显存: 0.00 B

[本步骤总计] 时间: 3.827740s | 显存: 4.12 GB
surrogate_loss (vs forward.true_19):  tensor(4043.7019, device='cuda:0', grad_fn=<MseLossBackward0>)
[Step 9] Backward Propagation - Time: 4.2301s, Mem: -4410531840.00 B
[Step 9] PGD Update - Time: 0.0029s, Mem: -3407872.00 B

[Step 9] 完整步骤总时间: 6.159162s | 总显存: 176.00 KB
[Step 9] 峰值显存: 16.96 GB

[Step 10] ============ 详细性能分析 ============
[模型部分] 总时间: 1.963702s | 显存: 4.12 GB

[0-9秒 PDE求解详细性能]

[19秒 PDE求解]
  t=19s - 时间: 1.942286s | 显存: 0.00 B

[PDE求解部分] 总时间: 1.942286s | 显存: 0.00 B

[本步骤总计] 时间: 3.905988s | 显存: 4.12 GB
surrogate_loss (vs forward.true_19):  tensor(3255.1357, device='cuda:0', grad_fn=<MseLossBackward0>)
[Step 10] Backward Propagation - Time: 4.1606s, Mem: -4411146240.00 B
[Step 10] PGD Update - Time: 0.0031s, Mem: -3588096.00 B

[Step 10] 完整步骤总时间: 6.129637s | 总显存: -180224.00 B
[Step 10] 峰值显存: 16.96 GB

[Step 11] ============ 详细性能分析 ============
[模型部分] 总时间: 1.933756s | 显存: 4.12 GB

[0-9秒 PDE求解详细性能]

[19秒 PDE求解]
  t=19s - 时间: 1.912999s | 显存: 0.00 B

[PDE求解部分] 总时间: 1.912999s | 显存: 0.00 B

[本步骤总计] 时间: 3.846755s | 显存: 4.12 GB
surrogate_loss (vs forward.true_19):  tensor(3050.8489, device='cuda:0', grad_fn=<MseLossBackward0>)
[Step 11] Backward Propagation - Time: 4.1941s, Mem: -4410531840.00 B
[Step 11] PGD Update - Time: 0.0038s, Mem: -3407872.00 B

[Step 11] 完整步骤总时间: 6.133729s | 总显存: 176.00 KB
[Step 11] 峰值显存: 16.96 GB

[Step 12] ============ 详细性能分析 ============
[模型部分] 总时间: 1.953984s | 显存: 4.12 GB

[0-9秒 PDE求解详细性能]

[19秒 PDE求解]
  t=19s - 时间: 1.933217s | 显存: 0.00 B

[PDE求解部分] 总时间: 1.933217s | 显存: 0.00 B

[本步骤总计] 时间: 3.887201s | 显存: 4.12 GB
surrogate_loss (vs forward.true_19):  tensor(2938.3335, device='cuda:0', grad_fn=<MseLossBackward0>)
[Step 12] Backward Propagation - Time: 4.1999s, Mem: -4411146240.00 B
[Step 12] PGD Update - Time: 0.0033s, Mem: -3588096.00 B

[Step 12] 完整步骤总时间: 6.158920s | 总显存: -180224.00 B
[Step 12] 峰值显存: 16.96 GB

[Step 13] ============ 详细性能分析 ============
[模型部分] 总时间: 1.934932s | 显存: 4.12 GB

[0-9秒 PDE求解详细性能]

[19秒 PDE求解]
  t=19s - 时间: 1.914255s | 显存: 0.00 B

[PDE求解部分] 总时间: 1.914255s | 显存: 0.00 B

[本步骤总计] 时间: 3.849187s | 显存: 4.12 GB
surrogate_loss (vs forward.true_19):  tensor(2769.5259, device='cuda:0', grad_fn=<MseLossBackward0>)
[Step 13] Backward Propagation - Time: 4.1809s, Mem: -4410531840.00 B
[Step 13] PGD Update - Time: 0.0027s, Mem: -3407872.00 B

[Step 13] 完整步骤总时间: 6.120293s | 总显存: 176.00 KB
[Step 13] 峰值显存: 16.96 GB

[Step 14] ============ 详细性能分析 ============
[模型部分] 总时间: 1.964164s | 显存: 4.12 GB

[0-9秒 PDE求解详细性能]

[19秒 PDE求解]
  t=19s - 时间: 1.943324s | 显存: 0.00 B

[PDE求解部分] 总时间: 1.943324s | 显存: 0.00 B

[本步骤总计] 时间: 3.907487s | 显存: 4.12 GB
surrogate_loss (vs forward.true_19):  tensor(2620.0645, device='cuda:0', grad_fn=<MseLossBackward0>)
[Step 14] Backward Propagation - Time: 4.1546s, Mem: -4411146240.00 B
[Step 14] PGD Update - Time: 0.0028s, Mem: -3588096.00 B

[Step 14] 完整步骤总时间: 6.123373s | 总显存: -180224.00 B
[Step 14] 峰值显存: 16.96 GB

[Step 15] ============ 详细性能分析 ============
[模型部分] 总时间: 1.930783s | 显存: 4.12 GB

[0-9秒 PDE求解详细性能]

[19秒 PDE求解]
  t=19s - 时间: 1.910126s | 显存: 0.00 B

[PDE求解部分] 总时间: 1.910126s | 显存: 0.00 B

[本步骤总计] 时间: 3.840909s | 显存: 4.12 GB
surrogate_loss (vs forward.true_19):  tensor(2540.8455, device='cuda:0', grad_fn=<MseLossBackward0>)
[Step 15] Backward Propagation - Time: 4.2010s, Mem: -4410531840.00 B
[Step 15] PGD Update - Time: 0.0030s, Mem: -3407872.00 B

[Step 15] 完整步骤总时间: 6.136879s | 总显存: 176.00 KB
[Step 15] 峰值显存: 16.96 GB

[Step 16] ============ 详细性能分析 ============
[模型部分] 总时间: 1.929512s | 显存: 4.12 GB

[0-9秒 PDE求解详细性能]

[19秒 PDE求解]
  t=19s - 时间: 1.908700s | 显存: 0.00 B

[PDE求解部分] 总时间: 1.908700s | 显存: 0.00 B

[本步骤总计] 时间: 3.838212s | 显存: 4.12 GB
surrogate_loss (vs forward.true_19):  tensor(2579.7241, device='cuda:0', grad_fn=<MseLossBackward0>)
[Step 16] Backward Propagation - Time: 4.2092s, Mem: -4411146240.00 B
[Step 16] PGD Update - Time: 0.0034s, Mem: -3588096.00 B

[Step 16] 完整步骤总时间: 6.143985s | 总显存: -180224.00 B
[Step 16] 峰值显存: 16.96 GB

[Step 17] ============ 详细性能分析 ============
[模型部分] 总时间: 2.054139s | 显存: 4.12 GB

[0-9秒 PDE求解详细性能]

[19秒 PDE求解]
  t=19s - 时间: 2.032690s | 显存: 0.00 B

[PDE求解部分] 总时间: 2.032690s | 显存: 0.00 B

[本步骤总计] 时间: 4.086829s | 显存: 4.12 GB
surrogate_loss (vs forward.true_19):  tensor(2783.7549, device='cuda:0', grad_fn=<MseLossBackward0>)
[Step 17] Backward Propagation - Time: 4.2398s, Mem: -4410531840.00 B
[Step 17] PGD Update - Time: 0.0033s, Mem: -3407872.00 B

[Step 17] 完整步骤总时间: 6.299349s | 总显存: 176.00 KB
[Step 17] 峰值显存: 16.96 GB

[Step 18] ============ 详细性能分析 ============
[模型部分] 总时间: 1.963825s | 显存: 4.12 GB

[0-9秒 PDE求解详细性能]

[19秒 PDE求解]
  t=19s - 时间: 1.942901s | 显存: 0.00 B

[PDE求解部分] 总时间: 1.942901s | 显存: 0.00 B

[本步骤总计] 时间: 3.906726s | 显存: 4.12 GB
surrogate_loss (vs forward.true_19):  tensor(3007.4036, device='cuda:0', grad_fn=<MseLossBackward0>)
[Step 18] Backward Propagation - Time: 4.2601s, Mem: -4411146240.00 B
[Step 18] PGD Update - Time: 0.0038s, Mem: -3588096.00 B

[Step 18] 完整步骤总时间: 6.229914s | 总显存: -180224.00 B
[Step 18] 峰值显存: 16.96 GB

[Step 19] ============ 详细性能分析 ============
[模型部分] 总时间: 1.968840s | 显存: 4.12 GB

[0-9秒 PDE求解详细性能]

[19秒 PDE求解]
  t=19s - 时间: 1.948065s | 显存: 0.00 B

[PDE求解部分] 总时间: 1.948065s | 显存: 0.00 B

[本步骤总计] 时间: 3.916905s | 显存: 4.12 GB
surrogate_loss (vs forward.true_19):  tensor(3060.0281, device='cuda:0', grad_fn=<MseLossBackward0>)
[Step 19] Backward Propagation - Time: 4.2565s, Mem: -4410531840.00 B
[Step 19] PGD Update - Time: 0.0030s, Mem: -3407872.00 B

[Step 19] 完整步骤总时间: 6.230144s | 总显存: 176.00 KB
[Step 19] 峰值显存: 16.96 GB

[Step 20] ============ 详细性能分析 ============
[模型部分] 总时间: 1.936166s | 显存: 4.12 GB

[0-9秒 PDE求解详细性能]

[19秒 PDE求解]
  t=19s - 时间: 1.915575s | 显存: 0.00 B

[PDE求解部分] 总时间: 1.915575s | 显存: 0.00 B

[本步骤总计] 时间: 3.851741s | 显存: 4.12 GB
surrogate_loss (vs forward.true_19):  tensor(2945.7097, device='cuda:0', grad_fn=<MseLossBackward0>)
[Step 20] Backward Propagation - Time: 4.2218s, Mem: -4411146240.00 B
[Step 20] PGD Update - Time: 0.0033s, Mem: -3588096.00 B

[Step 20] 完整步骤总时间: 6.163069s | 总显存: -180224.00 B
[Step 20] 峰值显存: 16.96 GB

[Step 21] ============ 详细性能分析 ============
[模型部分] 总时间: 1.934238s | 显存: 4.12 GB

[0-9秒 PDE求解详细性能]

[19秒 PDE求解]
  t=19s - 时间: 1.913480s | 显存: 0.00 B

[PDE求解部分] 总时间: 1.913480s | 显存: 0.00 B

[本步骤总计] 时间: 3.847718s | 显存: 4.12 GB
surrogate_loss (vs forward.true_19):  tensor(2781.4277, device='cuda:0', grad_fn=<MseLossBackward0>)
[Step 21] Backward Propagation - Time: 4.2273s, Mem: -4410531840.00 B
[Step 21] PGD Update - Time: 0.0030s, Mem: -3407872.00 B

[Step 21] 完整步骤总时间: 6.166344s | 总显存: 176.00 KB
[Step 21] 峰值显存: 16.96 GB

[Step 22] ============ 详细性能分析 ============
[模型部分] 总时间: 1.959744s | 显存: 4.12 GB

[0-9秒 PDE求解详细性能]

[19秒 PDE求解]
  t=19s - 时间: 1.938935s | 显存: 0.00 B

[PDE求解部分] 总时间: 1.938935s | 显存: 0.00 B

[本步骤总计] 时间: 3.898679s | 显存: 4.12 GB
surrogate_loss (vs forward.true_19):  tensor(2667.6865, device='cuda:0', grad_fn=<MseLossBackward0>)
[Step 22] Backward Propagation - Time: 4.2409s, Mem: -4411146240.00 B
[Step 22] PGD Update - Time: 0.0033s, Mem: -3588096.00 B

[Step 22] 完整步骤总时间: 6.206104s | 总显存: -180224.00 B
[Step 22] 峰值显存: 16.96 GB

[Step 23] ============ 详细性能分析 ============
[模型部分] 总时间: 1.932233s | 显存: 4.12 GB

[0-9秒 PDE求解详细性能]

[19秒 PDE求解]
  t=19s - 时间: 1.911458s | 显存: 0.00 B

[PDE求解部分] 总时间: 1.911458s | 显存: 0.00 B

[本步骤总计] 时间: 3.843691s | 显存: 4.12 GB
surrogate_loss (vs forward.true_19):  tensor(2629.6018, device='cuda:0', grad_fn=<MseLossBackward0>)
[Step 23] Backward Propagation - Time: 4.2135s, Mem: -4410531840.00 B
[Step 23] PGD Update - Time: 0.0030s, Mem: -3407872.00 B

[Step 23] 完整步骤总时间: 6.150586s | 总显存: 176.00 KB
[Step 23] 峰值显存: 16.96 GB

[Step 24] ============ 详细性能分析 ============
[模型部分] 总时间: 1.925265s | 显存: 4.12 GB

[0-9秒 PDE求解详细性能]

[19秒 PDE求解]
  t=19s - 时间: 1.904538s | 显存: 0.00 B

[PDE求解部分] 总时间: 1.904538s | 显存: 0.00 B

[本步骤总计] 时间: 3.829803s | 显存: 4.12 GB
surrogate_loss (vs forward.true_19):  tensor(2647.2178, device='cuda:0', grad_fn=<MseLossBackward0>)
[Step 24] Backward Propagation - Time: 4.1619s, Mem: -4411146240.00 B
[Step 24] PGD Update - Time: 0.0034s, Mem: -3588096.00 B

[Step 24] 完整步骤总时间: 6.092399s | 总显存: -180224.00 B
[Step 24] 峰值显存: 16.96 GB

[Step 25] ============ 详细性能分析 ============
[模型部分] 总时间: 1.928416s | 显存: 4.12 GB

[0-9秒 PDE求解详细性能]

[19秒 PDE求解]
  t=19s - 时间: 1.907228s | 显存: 0.00 B

[PDE求解部分] 总时间: 1.907228s | 显存: 0.00 B

[本步骤总计] 时间: 3.835644s | 显存: 4.12 GB
surrogate_loss (vs forward.true_19):  tensor(2694.5527, device='cuda:0', grad_fn=<MseLossBackward0>)
[Step 25] Backward Propagation - Time: 4.1777s, Mem: -4410531840.00 B
[Step 25] PGD Update - Time: 0.0031s, Mem: -3407872.00 B

[Step 25] 完整步骤总时间: 6.111162s | 总显存: 176.00 KB
[Step 25] 峰值显存: 16.96 GB

[Step 26] ============ 详细性能分析 ============
[模型部分] 总时间: 1.939889s | 显存: 4.12 GB

[0-9秒 PDE求解详细性能]

[19秒 PDE求解]
  t=19s - 时间: 1.919095s | 显存: 0.00 B

[PDE求解部分] 总时间: 1.919095s | 显存: 0.00 B

[本步骤总计] 时间: 3.858983s | 显存: 4.12 GB
surrogate_loss (vs forward.true_19):  tensor(2740.7212, device='cuda:0', grad_fn=<MseLossBackward0>)
[Step 26] Backward Propagation - Time: 4.1850s, Mem: -4411146240.00 B
[Step 26] PGD Update - Time: 0.0034s, Mem: -3588096.00 B

[Step 26] 完整步骤总时间: 6.130212s | 总显存: -180224.00 B
[Step 26] 峰值显存: 16.96 GB

[Step 27] ============ 详细性能分析 ============
[模型部分] 总时间: 1.941043s | 显存: 4.12 GB

[0-9秒 PDE求解详细性能]

[19秒 PDE求解]
  t=19s - 时间: 1.919966s | 显存: 0.00 B

[PDE求解部分] 总时间: 1.919966s | 显存: 0.00 B

[本步骤总计] 时间: 3.861008s | 显存: 4.12 GB
surrogate_loss (vs forward.true_19):  tensor(2744.9316, device='cuda:0', grad_fn=<MseLossBackward0>)
[Step 27] Backward Propagation - Time: 4.1973s, Mem: -4410531840.00 B
[Step 27] PGD Update - Time: 0.0039s, Mem: -3407872.00 B

[Step 27] 完整步骤总时间: 6.144137s | 总显存: 176.00 KB
[Step 27] 峰值显存: 16.96 GB

[Step 28] ============ 详细性能分析 ============
[模型部分] 总时间: 1.947141s | 显存: 4.12 GB

[0-9秒 PDE求解详细性能]

[19秒 PDE求解]
  t=19s - 时间: 1.926429s | 显存: 0.00 B

[PDE求解部分] 总时间: 1.926429s | 显存: 0.00 B

[本步骤总计] 时间: 3.873570s | 显存: 4.12 GB
surrogate_loss (vs forward.true_19):  tensor(2674.4951, device='cuda:0', grad_fn=<MseLossBackward0>)
[Step 28] Backward Propagation - Time: 4.2106s, Mem: -4411146240.00 B
[Step 28] PGD Update - Time: 0.0031s, Mem: -3588096.00 B

[Step 28] 完整步骤总时间: 6.162657s | 总显存: -180224.00 B
[Step 28] 峰值显存: 16.96 GB

[Step 29] ============ 详细性能分析 ============
[模型部分] 总时间: 1.931252s | 显存: 4.12 GB

[0-9秒 PDE求解详细性能]

[19秒 PDE求解]
  t=19s - 时间: 1.910610s | 显存: 0.00 B

[PDE求解部分] 总时间: 1.910610s | 显存: 0.00 B

[本步骤总计] 时间: 3.841862s | 显存: 4.12 GB
surrogate_loss (vs forward.true_19):  tensor(2522.0493, device='cuda:0', grad_fn=<MseLossBackward0>)
[Step 29] Backward Propagation - Time: 4.1788s, Mem: -4410531840.00 B
[Step 29] PGD Update - Time: 0.0030s, Mem: -3407872.00 B

[Step 29] 完整步骤总时间: 6.114743s | 总显存: 176.00 KB
[Step 29] 峰值显存: 16.96 GB

[Step 30] ============ 详细性能分析 ============
[模型部分] 总时间: 1.927344s | 显存: 4.12 GB

[0-9秒 PDE求解详细性能]

[19秒 PDE求解]
  t=19s - 时间: 1.906766s | 显存: 0.00 B

[PDE求解部分] 总时间: 1.906766s | 显存: 0.00 B

[本步骤总计] 时间: 3.834110s | 显存: 4.12 GB
surrogate_loss (vs forward.true_19):  tensor(2320.0664, device='cuda:0', grad_fn=<MseLossBackward0>)
[Step 30] Backward Propagation - Time: 4.2554s, Mem: -4411146240.00 B
[Step 30] PGD Update - Time: 0.0032s, Mem: -3588096.00 B

[Step 30] 完整步骤总时间: 6.187586s | 总显存: -180224.00 B
[Step 30] 峰值显存: 16.96 GB

[Step 31] ============ 详细性能分析 ============
[模型部分] 总时间: 1.943379s | 显存: 4.12 GB

[0-9秒 PDE求解详细性能]

[19秒 PDE求解]
  t=19s - 时间: 1.922649s | 显存: 0.00 B

[PDE求解部分] 总时间: 1.922649s | 显存: 0.00 B

[本步骤总计] 时间: 3.866027s | 显存: 4.12 GB
surrogate_loss (vs forward.true_19):  tensor(2132.0200, device='cuda:0', grad_fn=<MseLossBackward0>)
[Step 31] Backward Propagation - Time: 4.1677s, Mem: -4410531840.00 B
[Step 31] PGD Update - Time: 0.0030s, Mem: -3407872.00 B

[Step 31] 完整步骤总时间: 6.116230s | 总显存: 176.00 KB
[Step 31] 峰值显存: 16.96 GB

[Step 32] ============ 详细性能分析 ============
[模型部分] 总时间: 1.912265s | 显存: 4.12 GB

[0-9秒 PDE求解详细性能]

[19秒 PDE求解]
  t=19s - 时间: 1.891283s | 显存: 0.00 B

[PDE求解部分] 总时间: 1.891283s | 显存: 0.00 B

[本步骤总计] 时间: 3.803548s | 显存: 4.12 GB
surrogate_loss (vs forward.true_19):  tensor(2026.2300, device='cuda:0', grad_fn=<MseLossBackward0>)
[Step 32] Backward Propagation - Time: 4.1805s, Mem: -4411146240.00 B
[Step 32] PGD Update - Time: 0.0031s, Mem: -3588096.00 B

[Step 32] 完整步骤总时间: 6.097896s | 总显存: -180224.00 B
[Step 32] 峰值显存: 16.96 GB

[Step 33] ============ 详细性能分析 ============
[模型部分] 总时间: 1.969975s | 显存: 4.12 GB

[0-9秒 PDE求解详细性能]

[19秒 PDE求解]
  t=19s - 时间: 1.948394s | 显存: 0.00 B

[PDE求解部分] 总时间: 1.948394s | 显存: 0.00 B

[本步骤总计] 时间: 3.918368s | 显存: 4.12 GB
surrogate_loss (vs forward.true_19):  tensor(2041.7853, device='cuda:0', grad_fn=<MseLossBackward0>)
[Step 33] Backward Propagation - Time: 4.2385s, Mem: -4410531840.00 B
[Step 33] PGD Update - Time: 0.0033s, Mem: -3407872.00 B

[Step 33] 完整步骤总时间: 6.214066s | 总显存: 176.00 KB
[Step 33] 峰值显存: 16.96 GB

[Step 34] ============ 详细性能分析 ============
[模型部分] 总时间: 1.932299s | 显存: 4.12 GB

[0-9秒 PDE求解详细性能]

[19秒 PDE求解]
  t=19s - 时间: 1.911231s | 显存: 0.00 B

[PDE求解部分] 总时间: 1.911231s | 显存: 0.00 B

[本步骤总计] 时间: 3.843530s | 显存: 4.12 GB
surrogate_loss (vs forward.true_19):  tensor(2148.3555, device='cuda:0', grad_fn=<MseLossBackward0>)
[Step 34] Backward Propagation - Time: 5.7775s, Mem: -4411146240.00 B
[Step 34] PGD Update - Time: 0.0029s, Mem: -3588096.00 B

[Step 34] 完整步骤总时间: 7.714549s | 总显存: -180224.00 B
[Step 34] 峰值显存: 16.96 GB

[Step 35] ============ 详细性能分析 ============
[模型部分] 总时间: 1.915281s | 显存: 4.12 GB

[0-9秒 PDE求解详细性能]

[19秒 PDE求解]
  t=19s - 时间: 1.893919s | 显存: 0.00 B

[PDE求解部分] 总时间: 1.893919s | 显存: 0.00 B

[本步骤总计] 时间: 3.809200s | 显存: 4.12 GB
surrogate_loss (vs forward.true_19):  tensor(2264.9409, device='cuda:0', grad_fn=<MseLossBackward0>)
[Step 35] Backward Propagation - Time: 4.2320s, Mem: -4410531840.00 B
[Step 35] PGD Update - Time: 0.0037s, Mem: -3407872.00 B

[Step 35] 完整步骤总时间: 6.152859s | 总显存: 176.00 KB
[Step 35] 峰值显存: 16.96 GB

[Step 36] ============ 详细性能分析 ============
[模型部分] 总时间: 1.930846s | 显存: 4.12 GB

[0-9秒 PDE求解详细性能]

[19秒 PDE求解]
  t=19s - 时间: 1.909974s | 显存: 0.00 B

[PDE求解部分] 总时间: 1.909974s | 显存: 0.00 B

[本步骤总计] 时间: 3.840820s | 显存: 4.12 GB
surrogate_loss (vs forward.true_19):  tensor(2347.8760, device='cuda:0', grad_fn=<MseLossBackward0>)
[Step 36] Backward Propagation - Time: 4.1951s, Mem: -4411146240.00 B
[Step 36] PGD Update - Time: 0.0031s, Mem: -3588096.00 B

[Step 36] 完整步骤总时间: 6.130827s | 总显存: -180224.00 B
[Step 36] 峰值显存: 16.96 GB

[Step 37] ============ 详细性能分析 ============
[模型部分] 总时间: 1.943248s | 显存: 4.12 GB

[0-9秒 PDE求解详细性能]

[19秒 PDE求解]
  t=19s - 时间: 1.922469s | 显存: 0.00 B

[PDE求解部分] 总时间: 1.922469s | 显存: 0.00 B

[本步骤总计] 时间: 3.865717s | 显存: 4.12 GB
surrogate_loss (vs forward.true_19):  tensor(2412.3770, device='cuda:0', grad_fn=<MseLossBackward0>)
[Step 37] Backward Propagation - Time: 4.2015s, Mem: -4410531840.00 B
[Step 37] PGD Update - Time: 0.0029s, Mem: -3407872.00 B

[Step 37] 完整步骤总时间: 6.149419s | 总显存: 176.00 KB
[Step 37] 峰值显存: 16.96 GB

[Step 38] ============ 详细性能分析 ============
[模型部分] 总时间: 1.961224s | 显存: 4.12 GB

[0-9秒 PDE求解详细性能]

[19秒 PDE求解]
  t=19s - 时间: 1.940407s | 显存: 0.00 B

[PDE求解部分] 总时间: 1.940407s | 显存: 0.00 B

[本步骤总计] 时间: 3.901631s | 显存: 4.12 GB
surrogate_loss (vs forward.true_19):  tensor(2452.1306, device='cuda:0', grad_fn=<MseLossBackward0>)
[Step 38] Backward Propagation - Time: 4.2523s, Mem: -4411146240.00 B
[Step 38] PGD Update - Time: 0.0032s, Mem: -3588096.00 B

[Step 38] 完整步骤总时间: 6.218418s | 总显存: -180224.00 B
[Step 38] 峰值显存: 16.96 GB

[Step 39] ============ 详细性能分析 ============
[模型部分] 总时间: 1.941113s | 显存: 4.12 GB

[0-9秒 PDE求解详细性能]

[19秒 PDE求解]
  t=19s - 时间: 1.920212s | 显存: 0.00 B

[PDE求解部分] 总时间: 1.920212s | 显存: 0.00 B

[本步骤总计] 时间: 3.861325s | 显存: 4.12 GB
surrogate_loss (vs forward.true_19):  tensor(2447.0557, device='cuda:0', grad_fn=<MseLossBackward0>)
[Step 39] Backward Propagation - Time: 4.2411s, Mem: -4410531840.00 B
[Step 39] PGD Update - Time: 0.0034s, Mem: -3407872.00 B

[Step 39] 完整步骤总时间: 6.187547s | 总显存: 176.00 KB
[Step 39] 峰值显存: 16.96 GB

[Step 40] ============ 详细性能分析 ============
[模型部分] 总时间: 1.944359s | 显存: 4.12 GB

[0-9秒 PDE求解详细性能]

[19秒 PDE求解]
  t=19s - 时间: 1.923590s | 显存: 0.00 B

[PDE求解部分] 总时间: 1.923590s | 显存: 0.00 B

[本步骤总计] 时间: 3.867949s | 显存: 4.12 GB
surrogate_loss (vs forward.true_19):  tensor(2453.0981, device='cuda:0', grad_fn=<MseLossBackward0>)
[Step 40] Backward Propagation - Time: 4.2132s, Mem: -4411146240.00 B
[Step 40] PGD Update - Time: 0.0031s, Mem: -3588096.00 B

[Step 40] 完整步骤总时间: 6.162472s | 总显存: -180224.00 B
[Step 40] 峰值显存: 16.96 GB

[Step 41] ============ 详细性能分析 ============
[模型部分] 总时间: 1.928415s | 显存: 4.12 GB

[0-9秒 PDE求解详细性能]

[19秒 PDE求解]
  t=19s - 时间: 1.907178s | 显存: 0.00 B

[PDE求解部分] 总时间: 1.907178s | 显存: 0.00 B

[本步骤总计] 时间: 3.835593s | 显存: 4.12 GB
surrogate_loss (vs forward.true_19):  tensor(2557.8315, device='cuda:0', grad_fn=<MseLossBackward0>)
[Step 41] Backward Propagation - Time: 4.1803s, Mem: -4410531840.00 B
[Step 41] PGD Update - Time: 0.0033s, Mem: -3407872.00 B

[Step 41] 完整步骤总时间: 6.114220s | 总显存: 176.00 KB
[Step 41] 峰值显存: 16.96 GB

[Step 42] ============ 详细性能分析 ============
[模型部分] 总时间: 1.933611s | 显存: 4.12 GB

[0-9秒 PDE求解详细性能]

[19秒 PDE求解]
  t=19s - 时间: 1.912600s | 显存: 0.00 B

[PDE求解部分] 总时间: 1.912600s | 显存: 0.00 B

[本步骤总计] 时间: 3.846211s | 显存: 4.12 GB
surrogate_loss (vs forward.true_19):  tensor(2743.3367, device='cuda:0', grad_fn=<MseLossBackward0>)
[Step 42] Backward Propagation - Time: 4.1996s, Mem: -4411146240.00 B
[Step 42] PGD Update - Time: 0.0034s, Mem: -3588096.00 B

[Step 42] 完整步骤总时间: 6.138643s | 总显存: -180224.00 B
[Step 42] 峰值显存: 16.96 GB

[Step 43] ============ 详细性能分析 ============
[模型部分] 总时间: 1.945531s | 显存: 4.12 GB

[0-9秒 PDE求解详细性能]

[19秒 PDE求解]
  t=19s - 时间: 1.924801s | 显存: 0.00 B

[PDE求解部分] 总时间: 1.924801s | 显存: 0.00 B

[本步骤总计] 时间: 3.870332s | 显存: 4.12 GB
surrogate_loss (vs forward.true_19):  tensor(2875.5352, device='cuda:0', grad_fn=<MseLossBackward0>)
[Step 43] Backward Propagation - Time: 4.2331s, Mem: -4410531840.00 B
[Step 43] PGD Update - Time: 0.0047s, Mem: -3407872.00 B

[Step 43] 完整步骤总时间: 6.185627s | 总显存: 176.00 KB
[Step 43] 峰值显存: 16.96 GB

[Step 44] ============ 详细性能分析 ============
[模型部分] 总时间: 1.961696s | 显存: 4.12 GB

[0-9秒 PDE求解详细性能]

[19秒 PDE求解]
  t=19s - 时间: 1.940850s | 显存: 0.00 B

[PDE求解部分] 总时间: 1.940850s | 显存: 0.00 B

[本步骤总计] 时间: 3.902546s | 显存: 4.12 GB
surrogate_loss (vs forward.true_19):  tensor(2869.2031, device='cuda:0', grad_fn=<MseLossBackward0>)
[Step 44] Backward Propagation - Time: 4.2519s, Mem: -4411146240.00 B
[Step 44] PGD Update - Time: 0.0033s, Mem: -3588096.00 B

[Step 44] 完整步骤总时间: 6.218672s | 总显存: -180224.00 B
[Step 44] 峰值显存: 16.96 GB

[Step 45] ============ 详细性能分析 ============
[模型部分] 总时间: 1.942467s | 显存: 4.12 GB

[0-9秒 PDE求解详细性能]

[19秒 PDE求解]
  t=19s - 时间: 1.921719s | 显存: 0.00 B

[PDE求解部分] 总时间: 1.921719s | 显存: 0.00 B

[本步骤总计] 时间: 3.864186s | 显存: 4.12 GB
surrogate_loss (vs forward.true_19):  tensor(2755.9404, device='cuda:0', grad_fn=<MseLossBackward0>)
[Step 45] Backward Propagation - Time: 4.1581s, Mem: -4410531840.00 B
[Step 45] PGD Update - Time: 0.0029s, Mem: -3407872.00 B

[Step 45] 完整步骤总时间: 6.105335s | 总显存: 176.00 KB
[Step 45] 峰值显存: 16.96 GB

[Step 46] ============ 详细性能分析 ============
[模型部分] 总时间: 1.928614s | 显存: 4.12 GB

[0-9秒 PDE求解详细性能]

[19秒 PDE求解]
  t=19s - 时间: 1.907948s | 显存: 0.00 B

[PDE求解部分] 总时间: 1.907948s | 显存: 0.00 B

[本步骤总计] 时间: 3.836562s | 显存: 4.12 GB
surrogate_loss (vs forward.true_19):  tensor(2644.1616, device='cuda:0', grad_fn=<MseLossBackward0>)
[Step 46] Backward Propagation - Time: 4.1582s, Mem: -4411146240.00 B
[Step 46] PGD Update - Time: 0.0032s, Mem: -3588096.00 B

[Step 46] 完整步骤总时间: 6.091823s | 总显存: -180224.00 B
[Step 46] 峰值显存: 16.96 GB

[Step 47] ============ 详细性能分析 ============
[模型部分] 总时间: 1.938099s | 显存: 4.12 GB

[0-9秒 PDE求解详细性能]

[19秒 PDE求解]
  t=19s - 时间: 1.917484s | 显存: 0.00 B

[PDE求解部分] 总时间: 1.917484s | 显存: 0.00 B

[本步骤总计] 时间: 3.855583s | 显存: 4.12 GB
surrogate_loss (vs forward.true_19):  tensor(2595.3706, device='cuda:0', grad_fn=<MseLossBackward0>)
[Step 47] Backward Propagation - Time: 4.1638s, Mem: -4410531840.00 B
[Step 47] PGD Update - Time: 0.0030s, Mem: -3407872.00 B

[Step 47] 完整步骤总时间: 6.106649s | 总显存: 176.00 KB
[Step 47] 峰值显存: 16.96 GB

[Step 48] ============ 详细性能分析 ============
[模型部分] 总时间: 1.934930s | 显存: 4.12 GB

[0-9秒 PDE求解详细性能]

[19秒 PDE求解]
  t=19s - 时间: 1.914171s | 显存: 0.00 B

[PDE求解部分] 总时间: 1.914171s | 显存: 0.00 B

[本步骤总计] 时间: 3.849101s | 显存: 4.12 GB
surrogate_loss (vs forward.true_19):  tensor(2495.0210, device='cuda:0', grad_fn=<MseLossBackward0>)
[Step 48] Backward Propagation - Time: 4.1716s, Mem: -4411146240.00 B
[Step 48] PGD Update - Time: 0.0034s, Mem: -3588096.00 B

[Step 48] 完整步骤总时间: 6.111986s | 总显存: -180224.00 B
[Step 48] 峰值显存: 16.96 GB

[Step 49] ============ 详细性能分析 ============
[模型部分] 总时间: 1.956156s | 显存: 4.12 GB

[0-9秒 PDE求解详细性能]

[19秒 PDE求解]
  t=19s - 时间: 1.935151s | 显存: 0.00 B

[PDE求解部分] 总时间: 1.935151s | 显存: 0.00 B

[本步骤总计] 时间: 3.891307s | 显存: 4.12 GB
surrogate_loss (vs forward.true_19):  tensor(2447.1091, device='cuda:0', grad_fn=<MseLossBackward0>)
[Step 49] Backward Propagation - Time: 4.1834s, Mem: -4410531840.00 B
[Step 49] PGD Update - Time: 0.0032s, Mem: -3407872.00 B

[Step 49] 完整步骤总时间: 6.144744s | 总显存: 176.00 KB
[Step 49] 峰值显存: 16.96 GB

[Step 50] ============ 详细性能分析 ============
[模型部分] 总时间: 1.945237s | 显存: 4.12 GB

[0-9秒 PDE求解详细性能]

[19秒 PDE求解]
  t=19s - 时间: 1.924053s | 显存: 0.00 B

[PDE求解部分] 总时间: 1.924053s | 显存: 0.00 B

[本步骤总计] 时间: 3.869291s | 显存: 4.12 GB
surrogate_loss (vs forward.true_19):  tensor(2535.2004, device='cuda:0', grad_fn=<MseLossBackward0>)
[Step 50] Backward Propagation - Time: 4.2727s, Mem: -4411146240.00 B
[Step 50] PGD Update - Time: 0.0030s, Mem: -3588096.00 B

[Step 50] 完整步骤总时间: 6.222969s | 总显存: -180224.00 B
[Step 50] 峰值显存: 16.96 GB

[Step 51] ============ 详细性能分析 ============
[模型部分] 总时间: 1.967973s | 显存: 4.12 GB

[0-9秒 PDE求解详细性能]

[19秒 PDE求解]
  t=19s - 时间: 1.946988s | 显存: 0.00 B

[PDE求解部分] 总时间: 1.946988s | 显存: 0.00 B

[本步骤总计] 时间: 3.914961s | 显存: 4.12 GB
surrogate_loss (vs forward.true_19):  tensor(2602.2036, device='cuda:0', grad_fn=<MseLossBackward0>)
[Step 51] Backward Propagation - Time: 4.2861s, Mem: -4410531840.00 B
[Step 51] PGD Update - Time: 0.0030s, Mem: -3407872.00 B

[Step 51] 完整步骤总时间: 6.258841s | 总显存: 176.00 KB
[Step 51] 峰值显存: 16.96 GB

[Step 52] ============ 详细性能分析 ============
[模型部分] 总时间: 1.954583s | 显存: 4.12 GB

[0-9秒 PDE求解详细性能]

[19秒 PDE求解]
  t=19s - 时间: 1.933860s | 显存: 0.00 B

[PDE求解部分] 总时间: 1.933860s | 显存: 0.00 B

[本步骤总计] 时间: 3.888443s | 显存: 4.12 GB
surrogate_loss (vs forward.true_19):  tensor(2794.7244, device='cuda:0', grad_fn=<MseLossBackward0>)
[Step 52] Backward Propagation - Time: 4.1945s, Mem: -4411146240.00 B
[Step 52] PGD Update - Time: 0.0041s, Mem: -3588096.00 B

[Step 52] 完整步骤总时间: 6.155208s | 总显存: -180224.00 B
[Step 52] 峰值显存: 16.96 GB

[Step 53] ============ 详细性能分析 ============
[模型部分] 总时间: 1.963547s | 显存: 4.12 GB

[0-9秒 PDE求解详细性能]

[19秒 PDE求解]
  t=19s - 时间: 1.942899s | 显存: 0.00 B

[PDE求解部分] 总时间: 1.942899s | 显存: 0.00 B

[本步骤总计] 时间: 3.906445s | 显存: 4.12 GB
surrogate_loss (vs forward.true_19):  tensor(3079.6450, device='cuda:0', grad_fn=<MseLossBackward0>)
[Step 53] Backward Propagation - Time: 4.1740s, Mem: -4410531840.00 B
[Step 53] PGD Update - Time: 0.0031s, Mem: -3407872.00 B

[Step 53] 完整步骤总时间: 6.142311s | 总显存: 176.00 KB
[Step 53] 峰值显存: 16.96 GB

[Step 54] ============ 详细性能分析 ============
[模型部分] 总时间: 1.936664s | 显存: 4.12 GB

[0-9秒 PDE求解详细性能]

[19秒 PDE求解]
  t=19s - 时间: 1.915937s | 显存: 0.00 B

[PDE求解部分] 总时间: 1.915937s | 显存: 0.00 B

[本步骤总计] 时间: 3.852601s | 显存: 4.12 GB
surrogate_loss (vs forward.true_19):  tensor(3482.4910, device='cuda:0', grad_fn=<MseLossBackward0>)
[Step 54] Backward Propagation - Time: 4.1935s, Mem: -4411146240.00 B
[Step 54] PGD Update - Time: 0.0034s, Mem: -3588096.00 B

[Step 54] 完整步骤总时间: 6.135382s | 总显存: -180224.00 B
[Step 54] 峰值显存: 16.96 GB

[Step 55] ============ 详细性能分析 ============
[模型部分] 总时间: 1.929219s | 显存: 4.12 GB

[0-9秒 PDE求解详细性能]

[19秒 PDE求解]
  t=19s - 时间: 1.908510s | 显存: 0.00 B

[PDE求解部分] 总时间: 1.908510s | 显存: 0.00 B

[本步骤总计] 时间: 3.837729s | 显存: 4.12 GB
surrogate_loss (vs forward.true_19):  tensor(4148.5127, device='cuda:0', grad_fn=<MseLossBackward0>)
[Step 55] Backward Propagation - Time: 4.1884s, Mem: -4410531840.00 B
[Step 55] PGD Update - Time: 0.0029s, Mem: -3407872.00 B

[Step 55] 完整步骤总时间: 6.122309s | 总显存: 176.00 KB
[Step 55] 峰值显存: 16.96 GB

[Step 56] ============ 详细性能分析 ============
[模型部分] 总时间: 1.941168s | 显存: 4.12 GB

[0-9秒 PDE求解详细性能]

[19秒 PDE求解]
  t=19s - 时间: 1.920419s | 显存: 0.00 B

[PDE求解部分] 总时间: 1.920419s | 显存: 0.00 B

[本步骤总计] 时间: 3.861587s | 显存: 4.12 GB
surrogate_loss (vs forward.true_19):  tensor(4964.7256, device='cuda:0', grad_fn=<MseLossBackward0>)
[Step 56] Backward Propagation - Time: 4.2099s, Mem: -4411146240.00 B
[Step 56] PGD Update - Time: 0.0032s, Mem: -3588096.00 B

[Step 56] 完整步骤总时间: 6.156331s | 总显存: -180224.00 B
[Step 56] 峰值显存: 16.96 GB

[Step 57] ============ 详细性能分析 ============
[模型部分] 总时间: 1.944083s | 显存: 4.12 GB

[0-9秒 PDE求解详细性能]

[19秒 PDE求解]
  t=19s - 时间: 1.923056s | 显存: 0.00 B

[PDE求解部分] 总时间: 1.923056s | 显存: 0.00 B

[本步骤总计] 时间: 3.867139s | 显存: 4.12 GB
surrogate_loss (vs forward.true_19):  tensor(5879.7021, device='cuda:0', grad_fn=<MseLossBackward0>)
[Step 57] Backward Propagation - Time: 4.2169s, Mem: -4410531840.00 B
[Step 57] PGD Update - Time: 0.0030s, Mem: -3407872.00 B

[Step 57] 完整步骤总时间: 6.166019s | 总显存: 176.00 KB
[Step 57] 峰值显存: 16.96 GB

[Step 58] ============ 详细性能分析 ============
[模型部分] 总时间: 1.923900s | 显存: 4.12 GB

[0-9秒 PDE求解详细性能]

[19秒 PDE求解]
  t=19s - 时间: 1.903073s | 显存: 0.00 B

[PDE求解部分] 总时间: 1.903073s | 显存: 0.00 B

[本步骤总计] 时间: 3.826974s | 显存: 4.12 GB
surrogate_loss (vs forward.true_19):  tensor(6776.5479, device='cuda:0', grad_fn=<MseLossBackward0>)
[Step 58] Backward Propagation - Time: 4.1576s, Mem: -4411146240.00 B
[Step 58] PGD Update - Time: 0.0036s, Mem: -3588096.00 B

[Step 58] 完整步骤总时间: 6.087232s | 总显存: -180224.00 B
[Step 58] 峰值显存: 16.96 GB

[Step 59] ============ 详细性能分析 ============
[模型部分] 总时间: 1.935644s | 显存: 4.12 GB

[0-9秒 PDE求解详细性能]

[19秒 PDE求解]
  t=19s - 时间: 1.914088s | 显存: 0.00 B

[PDE求解部分] 总时间: 1.914088s | 显存: 0.00 B

[本步骤总计] 时间: 3.849732s | 显存: 4.12 GB
surrogate_loss (vs forward.true_19):  tensor(7349.4980, device='cuda:0', grad_fn=<MseLossBackward0>)
[Step 59] Backward Propagation - Time: 4.1731s, Mem: -4410531840.00 B
[Step 59] PGD Update - Time: 0.0031s, Mem: -3407872.00 B

[Step 59] 完整步骤总时间: 6.113875s | 总显存: 176.00 KB
[Step 59] 峰值显存: 16.96 GB

[Step 60] ============ 详细性能分析 ============
[模型部分] 总时间: 1.953763s | 显存: 4.12 GB

[0-9秒 PDE求解详细性能]

[19秒 PDE求解]
  t=19s - 时间: 1.932867s | 显存: 0.00 B

[PDE求解部分] 总时间: 1.932867s | 显存: 0.00 B

[本步骤总计] 时间: 3.886630s | 显存: 4.12 GB
surrogate_loss (vs forward.true_19):  tensor(7613.8745, device='cuda:0', grad_fn=<MseLossBackward0>)
[Step 60] Backward Propagation - Time: 4.2132s, Mem: -4411146240.00 B
[Step 60] PGD Update - Time: 0.0032s, Mem: -3588096.00 B

[Step 60] 完整步骤总时间: 6.172183s | 总显存: -180224.00 B
[Step 60] 峰值显存: 16.96 GB

[Step 61] ============ 详细性能分析 ============
[模型部分] 总时间: 1.960544s | 显存: 4.12 GB

[0-9秒 PDE求解详细性能]

[19秒 PDE求解]
  t=19s - 时间: 1.939707s | 显存: 0.00 B

[PDE求解部分] 总时间: 1.939707s | 显存: 0.00 B

[本步骤总计] 时间: 3.900251s | 显存: 4.12 GB
surrogate_loss (vs forward.true_19):  tensor(7582.4434, device='cuda:0', grad_fn=<MseLossBackward0>)
[Step 61] Backward Propagation - Time: 4.2469s, Mem: -4410531840.00 B
[Step 61] PGD Update - Time: 0.0042s, Mem: -3407872.00 B

[Step 61] 完整步骤总时间: 6.213878s | 总显存: 176.00 KB
[Step 61] 峰值显存: 16.96 GB

[Step 62] ============ 详细性能分析 ============
[模型部分] 总时间: 1.948089s | 显存: 4.12 GB

[0-9秒 PDE求解详细性能]

[19秒 PDE求解]
  t=19s - 时间: 1.927240s | 显存: 0.00 B

[PDE求解部分] 总时间: 1.927240s | 显存: 0.00 B

[本步骤总计] 时间: 3.875330s | 显存: 4.12 GB
surrogate_loss (vs forward.true_19):  tensor(7127.5200, device='cuda:0', grad_fn=<MseLossBackward0>)
[Step 62] Backward Propagation - Time: 4.2434s, Mem: -4411146240.00 B
[Step 62] PGD Update - Time: 0.0033s, Mem: -3588096.00 B

[Step 62] 完整步骤总时间: 6.196704s | 总显存: -180224.00 B
[Step 62] 峰值显存: 16.96 GB

[Step 63] ============ 详细性能分析 ============
[模型部分] 总时间: 1.964440s | 显存: 4.12 GB

[0-9秒 PDE求解详细性能]

[19秒 PDE求解]
  t=19s - 时间: 1.943542s | 显存: 0.00 B

[PDE求解部分] 总时间: 1.943542s | 显存: 0.00 B

[本步骤总计] 时间: 3.907981s | 显存: 4.12 GB
surrogate_loss (vs forward.true_19):  tensor(6729.9189, device='cuda:0', grad_fn=<MseLossBackward0>)
[Step 63] Backward Propagation - Time: 4.2460s, Mem: -4410531840.00 B
[Step 63] PGD Update - Time: 0.0033s, Mem: -3407872.00 B

[Step 63] 完整步骤总时间: 6.215574s | 总显存: 176.00 KB
[Step 63] 峰值显存: 16.96 GB

[Step 64] ============ 详细性能分析 ============
[模型部分] 总时间: 1.944283s | 显存: 4.12 GB

[0-9秒 PDE求解详细性能]

[19秒 PDE求解]
  t=19s - 时间: 1.923453s | 显存: 0.00 B

[PDE求解部分] 总时间: 1.923453s | 显存: 0.00 B

[本步骤总计] 时间: 3.867736s | 显存: 4.12 GB
surrogate_loss (vs forward.true_19):  tensor(6207.3633, device='cuda:0', grad_fn=<MseLossBackward0>)
[Step 64] Backward Propagation - Time: 4.2180s, Mem: -4411146240.00 B
[Step 64] PGD Update - Time: 0.0029s, Mem: -3588096.00 B

[Step 64] 完整步骤总时间: 6.167021s | 总显存: -180224.00 B
[Step 64] 峰值显存: 16.96 GB

[Step 65] ============ 详细性能分析 ============
[模型部分] 总时间: 1.913633s | 显存: 4.12 GB

[0-9秒 PDE求解详细性能]

[19秒 PDE求解]
  t=19s - 时间: 1.893005s | 显存: 0.00 B

[PDE求解部分] 总时间: 1.893005s | 显存: 0.00 B

[本步骤总计] 时间: 3.806639s | 显存: 4.12 GB
surrogate_loss (vs forward.true_19):  tensor(5570.4395, device='cuda:0', grad_fn=<MseLossBackward0>)
[Step 65] Backward Propagation - Time: 4.8439s, Mem: -4410531840.00 B
[Step 65] PGD Update - Time: 0.0033s, Mem: -3407872.00 B

[Step 65] 完整步骤总时间: 6.762808s | 总显存: 176.00 KB
[Step 65] 峰值显存: 16.96 GB

[Step 66] ============ 详细性能分析 ============
[模型部分] 总时间: 1.938529s | 显存: 4.12 GB

[0-9秒 PDE求解详细性能]

[19秒 PDE求解]
  t=19s - 时间: 1.917502s | 显存: 0.00 B

[PDE求解部分] 总时间: 1.917502s | 显存: 0.00 B

[本步骤总计] 时间: 3.856031s | 显存: 4.12 GB
surrogate_loss (vs forward.true_19):  tensor(4970.8818, device='cuda:0', grad_fn=<MseLossBackward0>)
[Step 66] Backward Propagation - Time: 4.2119s, Mem: -4411146240.00 B
[Step 66] PGD Update - Time: 0.0030s, Mem: -3588096.00 B

[Step 66] 完整步骤总时间: 6.155388s | 总显存: -180224.00 B
[Step 66] 峰值显存: 16.96 GB

[Step 67] ============ 详细性能分析 ============
[模型部分] 总时间: 1.927876s | 显存: 4.12 GB

[0-9秒 PDE求解详细性能]

[19秒 PDE求解]
  t=19s - 时间: 1.906930s | 显存: 0.00 B

[PDE求解部分] 总时间: 1.906930s | 显存: 0.00 B

[本步骤总计] 时间: 3.834807s | 显存: 4.12 GB
surrogate_loss (vs forward.true_19):  tensor(4514.8105, device='cuda:0', grad_fn=<MseLossBackward0>)
[Step 67] Backward Propagation - Time: 4.1904s, Mem: -4410531840.00 B
[Step 67] PGD Update - Time: 0.0035s, Mem: -3407872.00 B

[Step 67] 完整步骤总时间: 6.123787s | 总显存: 176.00 KB
[Step 67] 峰值显存: 16.96 GB

[Step 68] ============ 详细性能分析 ============
[模型部分] 总时间: 1.949481s | 显存: 4.12 GB

[0-9秒 PDE求解详细性能]

[19秒 PDE求解]
  t=19s - 时间: 1.927929s | 显存: 0.00 B

[PDE求解部分] 总时间: 1.927929s | 显存: 0.00 B

[本步骤总计] 时间: 3.877411s | 显存: 4.12 GB
surrogate_loss (vs forward.true_19):  tensor(4154.2920, device='cuda:0', grad_fn=<MseLossBackward0>)
[Step 68] Backward Propagation - Time: 4.2169s, Mem: -4411146240.00 B
[Step 68] PGD Update - Time: 0.0032s, Mem: -3588096.00 B

[Step 68] 完整步骤总时间: 6.171647s | 总显存: -180224.00 B
[Step 68] 峰值显存: 16.96 GB

[Step 69] ============ 详细性能分析 ============
[模型部分] 总时间: 1.935521s | 显存: 4.12 GB

[0-9秒 PDE求解详细性能]

[19秒 PDE求解]
  t=19s - 时间: 1.914668s | 显存: 0.00 B

[PDE求解部分] 总时间: 1.914668s | 显存: 0.00 B

[本步骤总计] 时间: 3.850189s | 显存: 4.12 GB
surrogate_loss (vs forward.true_19):  tensor(3896.3931, device='cuda:0', grad_fn=<MseLossBackward0>)
[Step 69] Backward Propagation - Time: 4.2229s, Mem: -4410531840.00 B
[Step 69] PGD Update - Time: 0.0032s, Mem: -3407872.00 B

[Step 69] 完整步骤总时间: 6.163448s | 总显存: 176.00 KB
[Step 69] 峰值显存: 16.96 GB

[Step 70] ============ 详细性能分析 ============
[模型部分] 总时间: 1.932474s | 显存: 4.12 GB

[0-9秒 PDE求解详细性能]

[19秒 PDE求解]
  t=19s - 时间: 1.911477s | 显存: 0.00 B

[PDE求解部分] 总时间: 1.911477s | 显存: 0.00 B

[本步骤总计] 时间: 3.843951s | 显存: 4.12 GB
surrogate_loss (vs forward.true_19):  tensor(3858.9248, device='cuda:0', grad_fn=<MseLossBackward0>)
[Step 70] Backward Propagation - Time: 4.2403s, Mem: -4411146240.00 B
[Step 70] PGD Update - Time: 0.0042s, Mem: -3588096.00 B

[Step 70] 完整步骤总时间: 6.178874s | 总显存: -180224.00 B
[Step 70] 峰值显存: 16.96 GB

[Step 71] ============ 详细性能分析 ============
[模型部分] 总时间: 1.950973s | 显存: 4.12 GB

[0-9秒 PDE求解详细性能]

[19秒 PDE求解]
  t=19s - 时间: 1.929971s | 显存: 0.00 B

[PDE求解部分] 总时间: 1.929971s | 显存: 0.00 B

[本步骤总计] 时间: 3.880944s | 显存: 4.12 GB
surrogate_loss (vs forward.true_19):  tensor(4068.6492, device='cuda:0', grad_fn=<MseLossBackward0>)
[Step 71] Backward Propagation - Time: 4.2247s, Mem: -4410531840.00 B
[Step 71] PGD Update - Time: 0.0030s, Mem: -3407872.00 B

[Step 71] 完整步骤总时间: 6.180456s | 总显存: 176.00 KB
[Step 71] 峰值显存: 16.96 GB

[Step 72] ============ 详细性能分析 ============
[模型部分] 总时间: 1.945778s | 显存: 4.12 GB

[0-9秒 PDE求解详细性能]

[19秒 PDE求解]
  t=19s - 时间: 1.925077s | 显存: 0.00 B

[PDE求解部分] 总时间: 1.925077s | 显存: 0.00 B

[本步骤总计] 时间: 3.870854s | 显存: 4.12 GB
surrogate_loss (vs forward.true_19):  tensor(4472.4092, device='cuda:0', grad_fn=<MseLossBackward0>)
[Step 72] Backward Propagation - Time: 4.2226s, Mem: -4411146240.00 B
[Step 72] PGD Update - Time: 0.0034s, Mem: -3588096.00 B

[Step 72] 完整步骤总时间: 6.173586s | 总显存: -180224.00 B
[Step 72] 峰值显存: 16.96 GB

[Step 73] ============ 详细性能分析 ============
[模型部分] 总时间: 1.939299s | 显存: 4.12 GB

[0-9秒 PDE求解详细性能]

[19秒 PDE求解]
  t=19s - 时间: 1.918520s | 显存: 0.00 B

[PDE求解部分] 总时间: 1.918520s | 显存: 0.00 B

[本步骤总计] 时间: 3.857819s | 显存: 4.12 GB
surrogate_loss (vs forward.true_19):  tensor(4956.2441, device='cuda:0', grad_fn=<MseLossBackward0>)
[Step 73] Backward Propagation - Time: 4.2006s, Mem: -4410531840.00 B
[Step 73] PGD Update - Time: 0.0029s, Mem: -3407872.00 B

[Step 73] 完整步骤总时间: 6.144617s | 总显存: 176.00 KB
[Step 73] 峰值显存: 16.96 GB

[Step 74] ============ 详细性能分析 ============
[模型部分] 总时间: 1.959656s | 显存: 4.12 GB

[0-9秒 PDE求解详细性能]

[19秒 PDE求解]
  t=19s - 时间: 1.938788s | 显存: 0.00 B

[PDE求解部分] 总时间: 1.938788s | 显存: 0.00 B

[本步骤总计] 时间: 3.898444s | 显存: 4.12 GB
surrogate_loss (vs forward.true_19):  tensor(5263.4663, device='cuda:0', grad_fn=<MseLossBackward0>)
[Step 74] Backward Propagation - Time: 4.1799s, Mem: -4411146240.00 B
[Step 74] PGD Update - Time: 0.0031s, Mem: -3588096.00 B

[Step 74] 完整步骤总时间: 6.144836s | 总显存: -180224.00 B
[Step 74] 峰值显存: 16.96 GB

[Step 75] ============ 详细性能分析 ============
[模型部分] 总时间: 1.920219s | 显存: 4.12 GB

[0-9秒 PDE求解详细性能]

[19秒 PDE求解]
  t=19s - 时间: 1.899379s | 显存: 0.00 B

[PDE求解部分] 总时间: 1.899379s | 显存: 0.00 B

[本步骤总计] 时间: 3.819598s | 显存: 4.12 GB
surrogate_loss (vs forward.true_19):  tensor(5171.8623, device='cuda:0', grad_fn=<MseLossBackward0>)
[Step 75] Backward Propagation - Time: 6.1194s, Mem: -4410531840.00 B
[Step 75] PGD Update - Time: 0.0032s, Mem: -3407872.00 B

[Step 75] 完整步骤总时间: 8.044875s | 总显存: 176.00 KB
[Step 75] 峰值显存: 16.96 GB

[Step 76] ============ 详细性能分析 ============
[模型部分] 总时间: 1.915199s | 显存: 4.12 GB

[0-9秒 PDE求解详细性能]

[19秒 PDE求解]
  t=19s - 时间: 1.893529s | 显存: 0.00 B

[PDE求解部分] 总时间: 1.893529s | 显存: 0.00 B

[本步骤总计] 时间: 3.808728s | 显存: 4.12 GB
surrogate_loss (vs forward.true_19):  tensor(4205.5601, device='cuda:0', grad_fn=<MseLossBackward0>)
[Step 76] Backward Propagation - Time: 4.2326s, Mem: -4411146240.00 B
[Step 76] PGD Update - Time: 0.0029s, Mem: -3588096.00 B

[Step 76] 完整步骤总时间: 6.152815s | 总显存: -180224.00 B
[Step 76] 峰值显存: 16.96 GB

[Step 77] ============ 详细性能分析 ============
[模型部分] 总时间: 1.985665s | 显存: 4.12 GB

[0-9秒 PDE求解详细性能]

[19秒 PDE求解]
  t=19s - 时间: 1.964643s | 显存: 0.00 B

[PDE求解部分] 总时间: 1.964643s | 显存: 0.00 B

[本步骤总计] 时间: 3.950308s | 显存: 4.12 GB
surrogate_loss (vs forward.true_19):  tensor(3687.4927, device='cuda:0', grad_fn=<MseLossBackward0>)
[Step 77] Backward Propagation - Time: 4.2419s, Mem: -4410531840.00 B
[Step 77] PGD Update - Time: 0.0031s, Mem: -3407872.00 B

[Step 77] 完整步骤总时间: 6.232583s | 总显存: 176.00 KB
[Step 77] 峰值显存: 16.96 GB

[Step 78] ============ 详细性能分析 ============
[模型部分] 总时间: 1.957790s | 显存: 4.12 GB

[0-9秒 PDE求解详细性能]

[19秒 PDE求解]
  t=19s - 时间: 1.936993s | 显存: 0.00 B

[PDE求解部分] 总时间: 1.936993s | 显存: 0.00 B

[本步骤总计] 时间: 3.894783s | 显存: 4.12 GB
surrogate_loss (vs forward.true_19):  tensor(3322.6021, device='cuda:0', grad_fn=<MseLossBackward0>)
[Step 78] Backward Propagation - Time: 4.2484s, Mem: -4411146240.00 B
[Step 78] PGD Update - Time: 0.0046s, Mem: -3588096.00 B

[Step 78] 完整步骤总时间: 6.212999s | 总显存: -180224.00 B
[Step 78] 峰值显存: 16.96 GB

[Step 79] ============ 详细性能分析 ============
[模型部分] 总时间: 1.960256s | 显存: 4.12 GB

[0-9秒 PDE求解详细性能]

[19秒 PDE求解]
  t=19s - 时间: 1.939512s | 显存: 0.00 B

[PDE求解部分] 总时间: 1.939512s | 显存: 0.00 B

[本步骤总计] 时间: 3.899768s | 显存: 4.12 GB
surrogate_loss (vs forward.true_19):  tensor(3176.7734, device='cuda:0', grad_fn=<MseLossBackward0>)
[Step 79] Backward Propagation - Time: 4.2432s, Mem: -4410531840.00 B
[Step 79] PGD Update - Time: 0.0032s, Mem: -3407872.00 B

[Step 79] 完整步骤总时间: 6.208410s | 总显存: 176.00 KB
[Step 79] 峰值显存: 16.96 GB

[Step 80] ============ 详细性能分析 ============
[模型部分] 总时间: 1.960000s | 显存: 4.12 GB

[0-9秒 PDE求解详细性能]

[19秒 PDE求解]
  t=19s - 时间: 1.939325s | 显存: 0.00 B

[PDE求解部分] 总时间: 1.939325s | 显存: 0.00 B

[本步骤总计] 时间: 3.899324s | 显存: 4.12 GB
surrogate_loss (vs forward.true_19):  tensor(3124.5879, device='cuda:0', grad_fn=<MseLossBackward0>)
[Step 80] Backward Propagation - Time: 4.2651s, Mem: -4411146240.00 B
[Step 80] PGD Update - Time: 0.0032s, Mem: -3588096.00 B

[Step 80] 完整步骤总时间: 6.230169s | 总显存: -180224.00 B
[Step 80] 峰值显存: 16.96 GB

[Step 81] ============ 详细性能分析 ============
[模型部分] 总时间: 1.970496s | 显存: 4.12 GB

[0-9秒 PDE求解详细性能]

[19秒 PDE求解]
  t=19s - 时间: 1.949613s | 显存: 0.00 B

[PDE求解部分] 总时间: 1.949613s | 显存: 0.00 B

[本步骤总计] 时间: 3.920109s | 显存: 4.12 GB
surrogate_loss (vs forward.true_19):  tensor(3024.6431, device='cuda:0', grad_fn=<MseLossBackward0>)
[Step 81] Backward Propagation - Time: 4.2598s, Mem: -4410531840.00 B
[Step 81] PGD Update - Time: 0.0031s, Mem: -3407872.00 B

[Step 81] 完整步骤总时间: 6.235213s | 总显存: 176.00 KB
[Step 81] 峰值显存: 16.96 GB

[Step 82] ============ 详细性能分析 ============
[模型部分] 总时间: 1.956827s | 显存: 4.12 GB

[0-9秒 PDE求解详细性能]

[19秒 PDE求解]
  t=19s - 时间: 1.935937s | 显存: 0.00 B

[PDE求解部分] 总时间: 1.935937s | 显存: 0.00 B

[本步骤总计] 时间: 3.892763s | 显存: 4.12 GB
surrogate_loss (vs forward.true_19):  tensor(2918.9497, device='cuda:0', grad_fn=<MseLossBackward0>)
[Step 82] Backward Propagation - Time: 4.2258s, Mem: -4411146240.00 B
[Step 82] PGD Update - Time: 0.0031s, Mem: -3588096.00 B

[Step 82] 完整步骤总时间: 6.187672s | 总显存: -180224.00 B
[Step 82] 峰值显存: 16.96 GB

[Step 83] ============ 详细性能分析 ============
[模型部分] 总时间: 2.010095s | 显存: 4.12 GB

[0-9秒 PDE求解详细性能]

[19秒 PDE求解]
  t=19s - 时间: 1.988751s | 显存: 0.00 B

[PDE求解部分] 总时间: 1.988751s | 显存: 0.00 B

[本步骤总计] 时间: 3.998847s | 显存: 4.12 GB
surrogate_loss (vs forward.true_19):  tensor(2901.9351, device='cuda:0', grad_fn=<MseLossBackward0>)
[Step 83] Backward Propagation - Time: 4.2151s, Mem: -4410531840.00 B
[Step 83] PGD Update - Time: 0.0030s, Mem: -3407872.00 B

[Step 83] 完整步骤总时间: 6.230175s | 总显存: 176.00 KB
[Step 83] 峰值显存: 16.96 GB

[Step 84] ============ 详细性能分析 ============
[模型部分] 总时间: 1.950201s | 显存: 4.12 GB

[0-9秒 PDE求解详细性能]

[19秒 PDE求解]
  t=19s - 时间: 1.929537s | 显存: 0.00 B

[PDE求解部分] 总时间: 1.929537s | 显存: 0.00 B

[本步骤总计] 时间: 3.879738s | 显存: 4.12 GB
surrogate_loss (vs forward.true_19):  tensor(2987.3281, device='cuda:0', grad_fn=<MseLossBackward0>)
[Step 84] Backward Propagation - Time: 4.2232s, Mem: -4411146240.00 B
[Step 84] PGD Update - Time: 0.0032s, Mem: -3588096.00 B

[Step 84] 完整步骤总时间: 6.178405s | 总显存: -180224.00 B
[Step 84] 峰值显存: 16.96 GB

[Step 85] ============ 详细性能分析 ============
[模型部分] 总时间: 2.008740s | 显存: 4.12 GB

[0-9秒 PDE求解详细性能]

[19秒 PDE求解]
  t=19s - 时间: 1.987722s | 显存: 0.00 B

[PDE求解部分] 总时间: 1.987722s | 显存: 0.00 B

[本步骤总计] 时间: 3.996461s | 显存: 4.12 GB
surrogate_loss (vs forward.true_19):  tensor(3134.5420, device='cuda:0', grad_fn=<MseLossBackward0>)
[Step 85] Backward Propagation - Time: 4.2027s, Mem: -4410531840.00 B
[Step 85] PGD Update - Time: 0.0040s, Mem: -3407872.00 B

[Step 85] 完整步骤总时间: 6.217370s | 总显存: 176.00 KB
[Step 85] 峰值显存: 16.96 GB

[Step 86] ============ 详细性能分析 ============
[模型部分] 总时间: 1.946465s | 显存: 4.12 GB

[0-9秒 PDE求解详细性能]

[19秒 PDE求解]
  t=19s - 时间: 1.925687s | 显存: 0.00 B

[PDE求解部分] 总时间: 1.925687s | 显存: 0.00 B

[本步骤总计] 时间: 3.872152s | 显存: 4.12 GB
surrogate_loss (vs forward.true_19):  tensor(3277.4629, device='cuda:0', grad_fn=<MseLossBackward0>)
[Step 86] Backward Propagation - Time: 4.2005s, Mem: -4411146240.00 B
[Step 86] PGD Update - Time: 0.0031s, Mem: -3588096.00 B

[Step 86] 完整步骤总时间: 6.151899s | 总显存: -180224.00 B
[Step 86] 峰值显存: 16.96 GB

[Step 87] ============ 详细性能分析 ============
[模型部分] 总时间: 1.916242s | 显存: 4.12 GB

[0-9秒 PDE求解详细性能]

[19秒 PDE求解]
  t=19s - 时间: 1.895386s | 显存: 0.00 B

[PDE求解部分] 总时间: 1.895386s | 显存: 0.00 B

[本步骤总计] 时间: 3.811628s | 显存: 4.12 GB
surrogate_loss (vs forward.true_19):  tensor(3376.2329, device='cuda:0', grad_fn=<MseLossBackward0>)
[Step 87] Backward Propagation - Time: 4.2336s, Mem: -4410531840.00 B
[Step 87] PGD Update - Time: 0.0029s, Mem: -3407872.00 B

[Step 87] 完整步骤总时间: 6.154523s | 总显存: 176.00 KB
[Step 87] 峰值显存: 16.96 GB

[Step 88] ============ 详细性能分析 ============
[模型部分] 总时间: 1.952472s | 显存: 4.12 GB

[0-9秒 PDE求解详细性能]

[19秒 PDE求解]
  t=19s - 时间: 1.931727s | 显存: 0.00 B

[PDE求解部分] 总时间: 1.931727s | 显存: 0.00 B

[本步骤总计] 时间: 3.884198s | 显存: 4.12 GB
surrogate_loss (vs forward.true_19):  tensor(3439.0510, device='cuda:0', grad_fn=<MseLossBackward0>)
[Step 88] Backward Propagation - Time: 4.2386s, Mem: -4411146240.00 B
[Step 88] PGD Update - Time: 0.0031s, Mem: -3588096.00 B

[Step 88] 完整步骤总时间: 6.195914s | 总显存: -180224.00 B
[Step 88] 峰值显存: 16.96 GB

[Step 89] ============ 详细性能分析 ============
[模型部分] 总时间: 1.942467s | 显存: 4.12 GB

[0-9秒 PDE求解详细性能]

[19秒 PDE求解]
  t=19s - 时间: 1.921752s | 显存: 0.00 B

[PDE求解部分] 总时间: 1.921752s | 显存: 0.00 B

[本步骤总计] 时间: 3.864219s | 显存: 4.12 GB
surrogate_loss (vs forward.true_19):  tensor(3500.2114, device='cuda:0', grad_fn=<MseLossBackward0>)
[Step 89] Backward Propagation - Time: 4.2148s, Mem: -4410531840.00 B
[Step 89] PGD Update - Time: 0.0031s, Mem: -3407872.00 B

[Step 89] 完整步骤总时间: 6.162354s | 总显存: 176.00 KB
[Step 89] 峰值显存: 16.96 GB

[Step 90] ============ 详细性能分析 ============
[模型部分] 总时间: 1.968411s | 显存: 4.12 GB

[0-9秒 PDE求解详细性能]

[19秒 PDE求解]
  t=19s - 时间: 1.947434s | 显存: 0.00 B

[PDE求解部分] 总时间: 1.947434s | 显存: 0.00 B

[本步骤总计] 时间: 3.915845s | 显存: 4.12 GB
surrogate_loss (vs forward.true_19):  tensor(3576.1287, device='cuda:0', grad_fn=<MseLossBackward0>)
[Step 90] Backward Propagation - Time: 4.2210s, Mem: -4411146240.00 B
[Step 90] PGD Update - Time: 0.0032s, Mem: -3588096.00 B

[Step 90] 完整步骤总时间: 6.194588s | 总显存: -180224.00 B
[Step 90] 峰值显存: 16.96 GB

[Step 91] ============ 详细性能分析 ============
[模型部分] 总时间: 1.949767s | 显存: 4.12 GB

[0-9秒 PDE求解详细性能]

[19秒 PDE求解]
  t=19s - 时间: 1.928848s | 显存: 0.00 B

[PDE求解部分] 总时间: 1.928848s | 显存: 0.00 B

[本步骤总计] 时间: 3.878615s | 显存: 4.12 GB
surrogate_loss (vs forward.true_19):  tensor(3654.1409, device='cuda:0', grad_fn=<MseLossBackward0>)
[Step 91] Backward Propagation - Time: 4.2105s, Mem: -4410531840.00 B
[Step 91] PGD Update - Time: 0.0031s, Mem: -3407872.00 B

[Step 91] 完整步骤总时间: 6.165263s | 总显存: 176.00 KB
[Step 91] 峰值显存: 16.96 GB

[Step 92] ============ 详细性能分析 ============
[模型部分] 总时间: 1.951276s | 显存: 4.12 GB

[0-9秒 PDE求解详细性能]

[19秒 PDE求解]
  t=19s - 时间: 1.930095s | 显存: 0.00 B

[PDE求解部分] 总时间: 1.930095s | 显存: 0.00 B

[本步骤总计] 时间: 3.881371s | 显存: 4.12 GB
surrogate_loss (vs forward.true_19):  tensor(3722.9526, device='cuda:0', grad_fn=<MseLossBackward0>)
[Step 92] Backward Propagation - Time: 4.2319s, Mem: -4411146240.00 B
[Step 92] PGD Update - Time: 0.0032s, Mem: -3588096.00 B

[Step 92] 完整步骤总时间: 6.188412s | 总显存: -180224.00 B
[Step 92] 峰值显存: 16.96 GB

[Step 93] ============ 详细性能分析 ============
[模型部分] 总时间: 1.935502s | 显存: 4.12 GB

[0-9秒 PDE求解详细性能]

[19秒 PDE求解]
  t=19s - 时间: 1.914793s | 显存: 0.00 B

[PDE求解部分] 总时间: 1.914793s | 显存: 0.00 B

[本步骤总计] 时间: 3.850295s | 显存: 4.12 GB
surrogate_loss (vs forward.true_19):  tensor(3758.9653, device='cuda:0', grad_fn=<MseLossBackward0>)
[Step 93] Backward Propagation - Time: 4.3730s, Mem: -4410531840.00 B
[Step 93] PGD Update - Time: 0.0043s, Mem: -3407872.00 B

[Step 93] 完整步骤总时间: 6.314973s | 总显存: 176.00 KB
[Step 93] 峰值显存: 16.96 GB

[Step 94] ============ 详细性能分析 ============
[模型部分] 总时间: 1.987596s | 显存: 4.12 GB

[0-9秒 PDE求解详细性能]

[19秒 PDE求解]
  t=19s - 时间: 1.966704s | 显存: 0.00 B

[PDE求解部分] 总时间: 1.966704s | 显存: 0.00 B

[本步骤总计] 时间: 3.954300s | 显存: 4.12 GB
surrogate_loss (vs forward.true_19):  tensor(3722.4570, device='cuda:0', grad_fn=<MseLossBackward0>)
[Step 94] Backward Propagation - Time: 4.2340s, Mem: -4411146240.00 B
[Step 94] PGD Update - Time: 0.0030s, Mem: -3588096.00 B

[Step 94] 完整步骤总时间: 6.226304s | 总显存: -180224.00 B
[Step 94] 峰值显存: 16.96 GB

[Step 95] ============ 详细性能分析 ============
[模型部分] 总时间: 1.936360s | 显存: 4.12 GB

[0-9秒 PDE求解详细性能]

[19秒 PDE求解]
  t=19s - 时间: 1.915737s | 显存: 0.00 B

[PDE求解部分] 总时间: 1.915737s | 显存: 0.00 B

[本步骤总计] 时间: 3.852097s | 显存: 4.12 GB
surrogate_loss (vs forward.true_19):  tensor(3597.7295, device='cuda:0', grad_fn=<MseLossBackward0>)
[Step 95] Backward Propagation - Time: 4.2120s, Mem: -4410531840.00 B
[Step 95] PGD Update - Time: 0.0030s, Mem: -3407872.00 B

[Step 95] 完整步骤总时间: 6.153567s | 总显存: 176.00 KB
[Step 95] 峰值显存: 16.96 GB

[Step 96] ============ 详细性能分析 ============
[模型部分] 总时间: 1.935812s | 显存: 4.12 GB

[0-9秒 PDE求解详细性能]

[19秒 PDE求解]
  t=19s - 时间: 1.915035s | 显存: 0.00 B

[PDE求解部分] 总时间: 1.915035s | 显存: 0.00 B

[本步骤总计] 时间: 3.850846s | 显存: 4.12 GB
surrogate_loss (vs forward.true_19):  tensor(3423.8977, device='cuda:0', grad_fn=<MseLossBackward0>)
[Step 96] Backward Propagation - Time: 4.1774s, Mem: -4411146240.00 B
[Step 96] PGD Update - Time: 0.0030s, Mem: -3588096.00 B

[Step 96] 完整步骤总时间: 6.117994s | 总显存: -180224.00 B
[Step 96] 峰值显存: 16.96 GB

[Step 97] ============ 详细性能分析 ============
[模型部分] 总时间: 1.937630s | 显存: 4.12 GB

[0-9秒 PDE求解详细性能]

[19秒 PDE求解]
  t=19s - 时间: 1.916777s | 显存: 0.00 B

[PDE求解部分] 总时间: 1.916777s | 显存: 0.00 B

[本步骤总计] 时间: 3.854407s | 显存: 4.12 GB
surrogate_loss (vs forward.true_19):  tensor(3264.8301, device='cuda:0', grad_fn=<MseLossBackward0>)
[Step 97] Backward Propagation - Time: 4.2008s, Mem: -4410531840.00 B
[Step 97] PGD Update - Time: 0.0032s, Mem: -3407872.00 B

[Step 97] 完整步骤总时间: 6.143438s | 总显存: 176.00 KB
[Step 97] 峰值显存: 16.96 GB

[Step 98] ============ 详细性能分析 ============
[模型部分] 总时间: 1.942408s | 显存: 4.12 GB

[0-9秒 PDE求解详细性能]

[19秒 PDE求解]
  t=19s - 时间: 1.921526s | 显存: 0.00 B

[PDE求解部分] 总时间: 1.921526s | 显存: 0.00 B

[本步骤总计] 时间: 3.863934s | 显存: 4.12 GB
surrogate_loss (vs forward.true_19):  tensor(3128.5107, device='cuda:0', grad_fn=<MseLossBackward0>)
[Step 98] Backward Propagation - Time: 4.2031s, Mem: -4411146240.00 B
[Step 98] PGD Update - Time: 0.0031s, Mem: -3588096.00 B

[Step 98] 完整步骤总时间: 6.150505s | 总显存: -180224.00 B
[Step 98] 峰值显存: 16.96 GB

[Step 99] ============ 详细性能分析 ============
[模型部分] 总时间: 1.933437s | 显存: 4.12 GB

[0-9秒 PDE求解详细性能]

[19秒 PDE求解]
  t=19s - 时间: 1.912446s | 显存: 0.00 B

[PDE求解部分] 总时间: 1.912446s | 显存: 0.00 B

[本步骤总计] 时间: 3.845883s | 显存: 4.12 GB
surrogate_loss (vs forward.true_19):  tensor(2987.7461, device='cuda:0', grad_fn=<MseLossBackward0>)
[Step 99] Backward Propagation - Time: 4.1963s, Mem: -4410531840.00 B
[Step 99] PGD Update - Time: 0.0030s, Mem: -3407872.00 B

[Step 99] 完整步骤总时间: 6.134626s | 总显存: 176.00 KB
[Step 99] 峰值显存: 16.96 GB
清理前显存占用: 13092.8798828125 MB
PGD攻击完成！显存已清理
当前显存占用: 2092.1298828125 MB
mode_spec = aaawwwwwww
Per-frame modes: [t=01] approx | [t=02] approx | [t=03] approx | [t=04] with_solver | [t=05] with_solver | [t=06] with_solver | [t=07] with_solver | [t=08] with_solver | [t=09] with_solver | [t=19] with_solver
================================================================================
norm: 2, epsilon: 13.1072, alpha: 2.5, num_steps: 100, index: 1, method: adam, mode_spec: aaawwwwwww, b1: 0.9, b2: 0.999, adam_eps: 1e-08, sign_Linf: True, amsgrad: False

[Step 0] ============ 详细性能分析 ============
[模型部分] 总时间: 1.968323s | 显存: 4.12 GB

[0-9秒 PDE求解详细性能]

[19秒 PDE求解]
  t=19s - 时间: 1.937182s | 显存: 0.00 B

[PDE求解部分] 总时间: 1.937182s | 显存: 0.00 B

[本步骤总计] 时间: 3.905505s | 显存: 4.12 GB
surrogate_loss (vs forward.true_19):  tensor(10839.1455, device='cuda:0', grad_fn=<MseLossBackward0>)
[Step 0] Backward Propagation - Time: 4.2069s, Mem: -4411990016.00 B
[Step 0] PGD Update - Time: 0.0018s, Mem: 1.75 MB

[Step 0] 完整步骤总时间: 6.179481s | 总显存: 5.25 MB
[Step 0] 峰值显存: 16.96 GB

[Step 1] ============ 详细性能分析 ============
[模型部分] 总时间: 1.936049s | 显存: 4.12 GB

[0-9秒 PDE求解详细性能]

[19秒 PDE求解]
  t=19s - 时间: 1.914761s | 显存: 0.00 B

[PDE求解部分] 总时间: 1.914761s | 显存: 0.00 B

[本步骤总计] 时间: 3.850811s | 显存: 4.12 GB
surrogate_loss (vs forward.true_19):  tensor(9070.9844, device='cuda:0', grad_fn=<MseLossBackward0>)
[Step 1] Backward Propagation - Time: 4.1870s, Mem: -4410531840.00 B
[Step 1] PGD Update - Time: 0.0033s, Mem: -3407872.00 B

[Step 1] 完整步骤总时间: 6.128158s | 总显存: 176.00 KB
[Step 1] 峰值显存: 16.96 GB

[Step 2] ============ 详细性能分析 ============
[模型部分] 总时间: 1.931211s | 显存: 4.12 GB

[0-9秒 PDE求解详细性能]

[19秒 PDE求解]
  t=19s - 时间: 1.910341s | 显存: 0.00 B

[PDE求解部分] 总时间: 1.910341s | 显存: 0.00 B

[本步骤总计] 时间: 3.841551s | 显存: 4.12 GB
surrogate_loss (vs forward.true_19):  tensor(7846.0312, device='cuda:0', grad_fn=<MseLossBackward0>)
[Step 2] Backward Propagation - Time: 4.1795s, Mem: -4411146240.00 B
[Step 2] PGD Update - Time: 0.0026s, Mem: -3588096.00 B

[Step 2] 完整步骤总时间: 6.115114s | 总显存: -180224.00 B
[Step 2] 峰值显存: 16.96 GB

[Step 3] ============ 详细性能分析 ============
[模型部分] 总时间: 1.939813s | 显存: 4.12 GB

[0-9秒 PDE求解详细性能]

[19秒 PDE求解]
  t=19s - 时间: 1.919071s | 显存: 0.00 B

[PDE求解部分] 总时间: 1.919071s | 显存: 0.00 B

[本步骤总计] 时间: 3.858884s | 显存: 4.12 GB
surrogate_loss (vs forward.true_19):  tensor(6827.6533, device='cuda:0', grad_fn=<MseLossBackward0>)
[Step 3] Backward Propagation - Time: 4.2581s, Mem: -4410531840.00 B
[Step 3] PGD Update - Time: 0.0028s, Mem: -3407872.00 B

[Step 3] 完整步骤总时间: 6.202530s | 总显存: 176.00 KB
[Step 3] 峰值显存: 16.96 GB

[Step 4] ============ 详细性能分析 ============
[模型部分] 总时间: 1.929338s | 显存: 4.12 GB

[0-9秒 PDE求解详细性能]

[19秒 PDE求解]
  t=19s - 时间: 1.908559s | 显存: 0.00 B

[PDE求解部分] 总时间: 1.908559s | 显存: 0.00 B

[本步骤总计] 时间: 3.837897s | 显存: 4.12 GB
surrogate_loss (vs forward.true_19):  tensor(3519.0891, device='cuda:0', grad_fn=<MseLossBackward0>)
[Step 4] Backward Propagation - Time: 4.2168s, Mem: -4411146240.00 B
[Step 4] PGD Update - Time: 0.0027s, Mem: -3588096.00 B

[Step 4] 完整步骤总时间: 6.150591s | 总显存: -180224.00 B
[Step 4] 峰值显存: 16.96 GB

[Step 5] ============ 详细性能分析 ============
[模型部分] 总时间: 1.930983s | 显存: 4.12 GB

[0-9秒 PDE求解详细性能]

[19秒 PDE求解]
  t=19s - 时间: 1.910108s | 显存: 0.00 B

[PDE求解部分] 总时间: 1.910108s | 显存: 0.00 B

[本步骤总计] 时间: 3.841091s | 显存: 4.12 GB
surrogate_loss (vs forward.true_19):  tensor(3182.7690, device='cuda:0', grad_fn=<MseLossBackward0>)
[Step 5] Backward Propagation - Time: 4.2391s, Mem: -4410531840.00 B
[Step 5] PGD Update - Time: 0.0207s, Mem: -3407872.00 B

[Step 5] 完整步骤总时间: 6.192685s | 总显存: 176.00 KB
[Step 5] 峰值显存: 16.96 GB

[Step 6] ============ 详细性能分析 ============
[模型部分] 总时间: 1.960733s | 显存: 4.12 GB

[0-9秒 PDE求解详细性能]

[19秒 PDE求解]
  t=19s - 时间: 1.939909s | 显存: 0.00 B

[PDE求解部分] 总时间: 1.939909s | 显存: 0.00 B

[本步骤总计] 时间: 3.900642s | 显存: 4.12 GB
surrogate_loss (vs forward.true_19):  tensor(2797.4375, device='cuda:0', grad_fn=<MseLossBackward0>)
[Step 6] Backward Propagation - Time: 4.2075s, Mem: -4411146240.00 B
[Step 6] PGD Update - Time: 0.0029s, Mem: -3588096.00 B

[Step 6] 完整步骤总时间: 6.172945s | 总显存: -180224.00 B
[Step 6] 峰值显存: 16.96 GB

[Step 7] ============ 详细性能分析 ============
[模型部分] 总时间: 1.938312s | 显存: 4.12 GB

[0-9秒 PDE求解详细性能]

[19秒 PDE求解]
  t=19s - 时间: 1.917156s | 显存: 0.00 B

[PDE求解部分] 总时间: 1.917156s | 显存: 0.00 B

[本步骤总计] 时间: 3.855469s | 显存: 4.12 GB
surrogate_loss (vs forward.true_19):  tensor(2406.7637, device='cuda:0', grad_fn=<MseLossBackward0>)
[Step 7] Backward Propagation - Time: 4.1716s, Mem: -4410531840.00 B
[Step 7] PGD Update - Time: 0.0026s, Mem: -3407872.00 B

[Step 7] 完整步骤总时间: 6.114486s | 总显存: 176.00 KB
[Step 7] 峰值显存: 16.96 GB

[Step 8] ============ 详细性能分析 ============
[模型部分] 总时间: 1.948656s | 显存: 4.12 GB

[0-9秒 PDE求解详细性能]

[19秒 PDE求解]
  t=19s - 时间: 1.927569s | 显存: 0.00 B

[PDE求解部分] 总时间: 1.927569s | 显存: 0.00 B

[本步骤总计] 时间: 3.876224s | 显存: 4.12 GB
surrogate_loss (vs forward.true_19):  tensor(2148.1799, device='cuda:0', grad_fn=<MseLossBackward0>)
[Step 8] Backward Propagation - Time: 4.2219s, Mem: -4411146240.00 B
[Step 8] PGD Update - Time: 0.0036s, Mem: -3588096.00 B

[Step 8] 完整步骤总时间: 6.176184s | 总显存: -180224.00 B
[Step 8] 峰值显存: 16.96 GB

[Step 9] ============ 详细性能分析 ============
[模型部分] 总时间: 1.940959s | 显存: 4.12 GB

[0-9秒 PDE求解详细性能]

[19秒 PDE求解]
  t=19s - 时间: 1.920155s | 显存: 0.00 B

[PDE求解部分] 总时间: 1.920155s | 显存: 0.00 B

[本步骤总计] 时间: 3.861114s | 显存: 4.12 GB
surrogate_loss (vs forward.true_19):  tensor(2050.0981, device='cuda:0', grad_fn=<MseLossBackward0>)
[Step 9] Backward Propagation - Time: 4.2305s, Mem: -4410531840.00 B
[Step 9] PGD Update - Time: 0.0035s, Mem: -3407872.00 B

[Step 9] 完整步骤总时间: 6.176963s | 总显存: 176.00 KB
[Step 9] 峰值显存: 16.96 GB

[Step 10] ============ 详细性能分析 ============
[模型部分] 总时间: 1.927182s | 显存: 4.12 GB

[0-9秒 PDE求解详细性能]

[19秒 PDE求解]
  t=19s - 时间: 1.906418s | 显存: 0.00 B

[PDE求解部分] 总时间: 1.906418s | 显存: 0.00 B

[本步骤总计] 时间: 3.833600s | 显存: 4.12 GB
surrogate_loss (vs forward.true_19):  tensor(2045.1235, device='cuda:0', grad_fn=<MseLossBackward0>)
[Step 10] Backward Propagation - Time: 4.1846s, Mem: -4411146240.00 B
[Step 10] PGD Update - Time: 0.0029s, Mem: -3588096.00 B

[Step 10] 完整步骤总时间: 6.116449s | 总显存: -180224.00 B
[Step 10] 峰值显存: 16.96 GB

[Step 11] ============ 详细性能分析 ============
[模型部分] 总时间: 1.938668s | 显存: 4.12 GB

[0-9秒 PDE求解详细性能]

[19秒 PDE求解]
  t=19s - 时间: 1.917835s | 显存: 0.00 B

[PDE求解部分] 总时间: 1.917835s | 显存: 0.00 B

[本步骤总计] 时间: 3.856502s | 显存: 4.12 GB
surrogate_loss (vs forward.true_19):  tensor(2060.7344, device='cuda:0', grad_fn=<MseLossBackward0>)
[Step 11] Backward Propagation - Time: 4.2387s, Mem: -4410531840.00 B
[Step 11] PGD Update - Time: 0.0027s, Mem: -3407872.00 B

[Step 11] 完整步骤总时间: 6.181858s | 总显存: 176.00 KB
[Step 11] 峰值显存: 16.96 GB

[Step 12] ============ 详细性能分析 ============
[模型部分] 总时间: 1.952304s | 显存: 4.12 GB

[0-9秒 PDE求解详细性能]

[19秒 PDE求解]
  t=19s - 时间: 1.931596s | 显存: 0.00 B

[PDE求解部分] 总时间: 1.931596s | 显存: 0.00 B

[本步骤总计] 时间: 3.883900s | 显存: 4.12 GB
surrogate_loss (vs forward.true_19):  tensor(2054.7920, device='cuda:0', grad_fn=<MseLossBackward0>)
[Step 12] Backward Propagation - Time: 4.2272s, Mem: -4411146240.00 B
[Step 12] PGD Update - Time: 0.0029s, Mem: -3588096.00 B

[Step 12] 完整步骤总时间: 6.184273s | 总显存: -180224.00 B
[Step 12] 峰值显存: 16.96 GB

[Step 13] ============ 详细性能分析 ============
[模型部分] 总时间: 1.948609s | 显存: 4.12 GB

[0-9秒 PDE求解详细性能]

[19秒 PDE求解]
  t=19s - 时间: 1.927748s | 显存: 0.00 B

[PDE求解部分] 总时间: 1.927748s | 显存: 0.00 B

[本步骤总计] 时间: 3.876357s | 显存: 4.12 GB
surrogate_loss (vs forward.true_19):  tensor(2036.4218, device='cuda:0', grad_fn=<MseLossBackward0>)
[Step 13] Backward Propagation - Time: 4.2853s, Mem: -4410531840.00 B
[Step 13] PGD Update - Time: 0.0032s, Mem: -3407872.00 B

[Step 13] 完整步骤总时间: 6.239027s | 总显存: 176.00 KB
[Step 13] 峰值显存: 16.96 GB

[Step 14] ============ 详细性能分析 ============
[模型部分] 总时间: 1.963462s | 显存: 4.12 GB

[0-9秒 PDE求解详细性能]

[19秒 PDE求解]
  t=19s - 时间: 1.942527s | 显存: 0.00 B

[PDE求解部分] 总时间: 1.942527s | 显存: 0.00 B

[本步骤总计] 时间: 3.905988s | 显存: 4.12 GB
surrogate_loss (vs forward.true_19):  tensor(2064.2610, device='cuda:0', grad_fn=<MseLossBackward0>)
[Step 14] Backward Propagation - Time: 4.2337s, Mem: -4411146240.00 B
[Step 14] PGD Update - Time: 0.0035s, Mem: -3588096.00 B

[Step 14] 完整步骤总时间: 6.202618s | 总显存: -180224.00 B
[Step 14] 峰值显存: 16.96 GB

[Step 15] ============ 详细性能分析 ============
[模型部分] 总时间: 1.937701s | 显存: 4.12 GB

[0-9秒 PDE求解详细性能]

[19秒 PDE求解]
  t=19s - 时间: 1.916737s | 显存: 0.00 B

[PDE求解部分] 总时间: 1.916737s | 显存: 0.00 B

[本步骤总计] 时间: 3.854439s | 显存: 4.12 GB
surrogate_loss (vs forward.true_19):  tensor(2104.1370, device='cuda:0', grad_fn=<MseLossBackward0>)
[Step 15] Backward Propagation - Time: 4.1842s, Mem: -4410531840.00 B
[Step 15] PGD Update - Time: 0.0029s, Mem: -3407872.00 B

[Step 15] 完整步骤总时间: 6.126685s | 总显存: 176.00 KB
[Step 15] 峰值显存: 16.96 GB

[Step 16] ============ 详细性能分析 ============
[模型部分] 总时间: 1.937211s | 显存: 4.12 GB

[0-9秒 PDE求解详细性能]

[19秒 PDE求解]
  t=19s - 时间: 1.916080s | 显存: 0.00 B

[PDE求解部分] 总时间: 1.916080s | 显存: 0.00 B

[本步骤总计] 时间: 3.853291s | 显存: 4.12 GB
surrogate_loss (vs forward.true_19):  tensor(2063.8853, device='cuda:0', grad_fn=<MseLossBackward0>)
[Step 16] Backward Propagation - Time: 4.1868s, Mem: -4411146240.00 B
[Step 16] PGD Update - Time: 0.0032s, Mem: -3588096.00 B

[Step 16] 完整步骤总时间: 6.129154s | 总显存: -180224.00 B
[Step 16] 峰值显存: 16.96 GB

[Step 17] ============ 详细性能分析 ============
[模型部分] 总时间: 1.936231s | 显存: 4.12 GB

[0-9秒 PDE求解详细性能]

[19秒 PDE求解]
  t=19s - 时间: 1.915177s | 显存: 0.00 B

[PDE求解部分] 总时间: 1.915177s | 显存: 0.00 B

[本步骤总计] 时间: 3.851408s | 显存: 4.12 GB
surrogate_loss (vs forward.true_19):  tensor(2000.2571, device='cuda:0', grad_fn=<MseLossBackward0>)
[Step 17] Backward Propagation - Time: 4.2113s, Mem: -4410531840.00 B
[Step 17] PGD Update - Time: 0.0031s, Mem: -3407872.00 B

[Step 17] 完整步骤总时间: 6.152503s | 总显存: 176.00 KB
[Step 17] 峰值显存: 16.96 GB

[Step 18] ============ 详细性能分析 ============
[模型部分] 总时间: 4.412369s | 显存: 4.12 GB

[0-9秒 PDE求解详细性能]

[19秒 PDE求解]
  t=19s - 时间: 4.391509s | 显存: 0.00 B

[PDE求解部分] 总时间: 4.391509s | 显存: 0.00 B

[本步骤总计] 时间: 8.803878s | 显存: 4.12 GB
surrogate_loss (vs forward.true_19):  tensor(1993.0012, device='cuda:0', grad_fn=<MseLossBackward0>)
[Step 18] Backward Propagation - Time: 15.3477s, Mem: -4411146240.00 B
[Step 18] PGD Update - Time: 0.0042s, Mem: -3588096.00 B

[Step 18] 完整步骤总时间: 19.766314s | 总显存: -180224.00 B
[Step 18] 峰值显存: 16.96 GB

[Step 19] ============ 详细性能分析 ============
[模型部分] 总时间: 1.971056s | 显存: 4.12 GB

[0-9秒 PDE求解详细性能]

[19秒 PDE求解]
  t=19s - 时间: 1.949995s | 显存: 0.00 B

[PDE求解部分] 总时间: 1.949995s | 显存: 0.00 B

[本步骤总计] 时间: 3.921052s | 显存: 4.12 GB
surrogate_loss (vs forward.true_19):  tensor(2058.6733, device='cuda:0', grad_fn=<MseLossBackward0>)
[Step 19] Backward Propagation - Time: 4.2463s, Mem: -4410531840.00 B
[Step 19] PGD Update - Time: 0.0035s, Mem: -3407872.00 B

[Step 19] 完整步骤总时间: 6.222772s | 总显存: 176.00 KB
[Step 19] 峰值显存: 16.96 GB

[Step 20] ============ 详细性能分析 ============
[模型部分] 总时间: 1.962682s | 显存: 4.12 GB

[0-9秒 PDE求解详细性能]

[19秒 PDE求解]
  t=19s - 时间: 1.941984s | 显存: 0.00 B

[PDE求解部分] 总时间: 1.941984s | 显存: 0.00 B

[本步骤总计] 时间: 3.904666s | 显存: 4.12 GB
surrogate_loss (vs forward.true_19):  tensor(2138.7139, device='cuda:0', grad_fn=<MseLossBackward0>)
[Step 20] Backward Propagation - Time: 4.2294s, Mem: -4411146240.00 B
[Step 20] PGD Update - Time: 0.0032s, Mem: -3588096.00 B

[Step 20] 完整步骤总时间: 6.197034s | 总显存: -180224.00 B
[Step 20] 峰值显存: 16.96 GB

[Step 21] ============ 详细性能分析 ============
[模型部分] 总时间: 1.968654s | 显存: 4.12 GB

[0-9秒 PDE求解详细性能]

[19秒 PDE求解]
  t=19s - 时间: 1.947808s | 显存: 0.00 B

[PDE求解部分] 总时间: 1.947808s | 显存: 0.00 B

[本步骤总计] 时间: 3.916462s | 显存: 4.12 GB
surrogate_loss (vs forward.true_19):  tensor(2178.3120, device='cuda:0', grad_fn=<MseLossBackward0>)
[Step 21] Backward Propagation - Time: 4.2567s, Mem: -4410531840.00 B
[Step 21] PGD Update - Time: 0.0030s, Mem: -3407872.00 B

[Step 21] 完整步骤总时间: 6.230070s | 总显存: 176.00 KB
[Step 21] 峰值显存: 16.96 GB

[Step 22] ============ 详细性能分析 ============
[模型部分] 总时间: 1.957151s | 显存: 4.12 GB

[0-9秒 PDE求解详细性能]

[19秒 PDE求解]
  t=19s - 时间: 1.936399s | 显存: 0.00 B

[PDE求解部分] 总时间: 1.936399s | 显存: 0.00 B

[本步骤总计] 时间: 3.893551s | 显存: 4.12 GB
surrogate_loss (vs forward.true_19):  tensor(2162.7847, device='cuda:0', grad_fn=<MseLossBackward0>)
[Step 22] Backward Propagation - Time: 4.2057s, Mem: -4411146240.00 B
[Step 22] PGD Update - Time: 0.0029s, Mem: -3588096.00 B

[Step 22] 完整步骤总时间: 6.167557s | 总显存: -180224.00 B
[Step 22] 峰值显存: 16.96 GB

[Step 23] ============ 详细性能分析 ============
[模型部分] 总时间: 1.950845s | 显存: 4.12 GB

[0-9秒 PDE求解详细性能]

[19秒 PDE求解]
  t=19s - 时间: 1.930015s | 显存: 0.00 B

[PDE求解部分] 总时间: 1.930015s | 显存: 0.00 B

[本步骤总计] 时间: 3.880859s | 显存: 4.12 GB
surrogate_loss (vs forward.true_19):  tensor(2128.6040, device='cuda:0', grad_fn=<MseLossBackward0>)
[Step 23] Backward Propagation - Time: 4.2250s, Mem: -4410531840.00 B
[Step 23] PGD Update - Time: 0.0033s, Mem: -3407872.00 B

[Step 23] 完整步骤总时间: 6.181203s | 总显存: 176.00 KB
[Step 23] 峰值显存: 16.96 GB

[Step 24] ============ 详细性能分析 ============
[模型部分] 总时间: 1.974500s | 显存: 4.12 GB

[0-9秒 PDE求解详细性能]

[19秒 PDE求解]
  t=19s - 时间: 1.953573s | 显存: 0.00 B

[PDE求解部分] 总时间: 1.953573s | 显存: 0.00 B

[本步骤总计] 时间: 3.928073s | 显存: 4.12 GB
surrogate_loss (vs forward.true_19):  tensor(2109.3560, device='cuda:0', grad_fn=<MseLossBackward0>)
[Step 24] Backward Propagation - Time: 4.2628s, Mem: -4411146240.00 B
[Step 24] PGD Update - Time: 0.0031s, Mem: -3588096.00 B

[Step 24] 完整步骤总时间: 6.242272s | 总显存: -180224.00 B
[Step 24] 峰值显存: 16.96 GB

[Step 25] ============ 详细性能分析 ============
[模型部分] 总时间: 1.964767s | 显存: 4.12 GB

[0-9秒 PDE求解详细性能]

[19秒 PDE求解]
  t=19s - 时间: 1.943630s | 显存: 0.00 B

[PDE求解部分] 总时间: 1.943630s | 显存: 0.00 B

[本步骤总计] 时间: 3.908398s | 显存: 4.12 GB
surrogate_loss (vs forward.true_19):  tensor(2112.0381, device='cuda:0', grad_fn=<MseLossBackward0>)
[Step 25] Backward Propagation - Time: 4.2315s, Mem: -4410531840.00 B
[Step 25] PGD Update - Time: 0.0032s, Mem: -3407872.00 B

[Step 25] 完整步骤总时间: 6.201402s | 总显存: 176.00 KB
[Step 25] 峰值显存: 16.96 GB

[Step 26] ============ 详细性能分析 ============
[模型部分] 总时间: 1.933594s | 显存: 4.12 GB

[0-9秒 PDE求解详细性能]

[19秒 PDE求解]
  t=19s - 时间: 1.912442s | 显存: 0.00 B

[PDE求解部分] 总时间: 1.912442s | 显存: 0.00 B

[本步骤总计] 时间: 3.846036s | 显存: 4.12 GB
surrogate_loss (vs forward.true_19):  tensor(2125.0830, device='cuda:0', grad_fn=<MseLossBackward0>)
[Step 26] Backward Propagation - Time: 4.2231s, Mem: -4411146240.00 B
[Step 26] PGD Update - Time: 0.0032s, Mem: -3588096.00 B

[Step 26] 完整步骤总时间: 6.161904s | 总显存: -180224.00 B
[Step 26] 峰值显存: 16.96 GB

[Step 27] ============ 详细性能分析 ============
[模型部分] 总时间: 1.937807s | 显存: 4.12 GB

[0-9秒 PDE求解详细性能]

[19秒 PDE求解]
  t=19s - 时间: 1.916981s | 显存: 0.00 B

[PDE求解部分] 总时间: 1.916981s | 显存: 0.00 B

[本步骤总计] 时间: 3.854788s | 显存: 4.12 GB
surrogate_loss (vs forward.true_19):  tensor(2143.5562, device='cuda:0', grad_fn=<MseLossBackward0>)
[Step 27] Backward Propagation - Time: 4.1781s, Mem: -4410531840.00 B
[Step 27] PGD Update - Time: 0.0032s, Mem: -3407872.00 B

[Step 27] 完整步骤总时间: 6.120900s | 总显存: 176.00 KB
[Step 27] 峰值显存: 16.96 GB

[Step 28] ============ 详细性能分析 ============
[模型部分] 总时间: 1.946120s | 显存: 4.12 GB

[0-9秒 PDE求解详细性能]

[19秒 PDE求解]
  t=19s - 时间: 1.924991s | 显存: 0.00 B

[PDE求解部分] 总时间: 1.924991s | 显存: 0.00 B

[本步骤总计] 时间: 3.871111s | 显存: 4.12 GB
surrogate_loss (vs forward.true_19):  tensor(2167.7134, device='cuda:0', grad_fn=<MseLossBackward0>)
[Step 28] Backward Propagation - Time: 4.2128s, Mem: -4411146240.00 B
[Step 28] PGD Update - Time: 0.0040s, Mem: -3588096.00 B

[Step 28] 完整步骤总时间: 6.164633s | 总显存: -180224.00 B
[Step 28] 峰值显存: 16.96 GB

[Step 29] ============ 详细性能分析 ============
[模型部分] 总时间: 1.946297s | 显存: 4.12 GB

[0-9秒 PDE求解详细性能]

[19秒 PDE求解]
  t=19s - 时间: 1.925501s | 显存: 0.00 B

[PDE求解部分] 总时间: 1.925501s | 显存: 0.00 B

[本步骤总计] 时间: 3.871799s | 显存: 4.12 GB
surrogate_loss (vs forward.true_19):  tensor(2198.8574, device='cuda:0', grad_fn=<MseLossBackward0>)
[Step 29] Backward Propagation - Time: 4.1720s, Mem: -4410531840.00 B
[Step 29] PGD Update - Time: 0.0033s, Mem: -3407872.00 B

[Step 29] 完整步骤总时间: 6.123382s | 总显存: 176.00 KB
[Step 29] 峰值显存: 16.96 GB

[Step 30] ============ 详细性能分析 ============
[模型部分] 总时间: 1.949458s | 显存: 4.12 GB

[0-9秒 PDE求解详细性能]

[19秒 PDE求解]
  t=19s - 时间: 1.928335s | 显存: 0.00 B

[PDE求解部分] 总时间: 1.928335s | 显存: 0.00 B

[本步骤总计] 时间: 3.877793s | 显存: 4.12 GB
surrogate_loss (vs forward.true_19):  tensor(2234.7827, device='cuda:0', grad_fn=<MseLossBackward0>)
[Step 30] Backward Propagation - Time: 4.2285s, Mem: -4411146240.00 B
[Step 30] PGD Update - Time: 0.0034s, Mem: -3588096.00 B

[Step 30] 完整步骤总时间: 6.183312s | 总显存: -180224.00 B
[Step 30] 峰值显存: 16.96 GB

[Step 31] ============ 详细性能分析 ============
[模型部分] 总时间: 1.938889s | 显存: 4.12 GB

[0-9秒 PDE求解详细性能]

[19秒 PDE求解]
  t=19s - 时间: 1.918102s | 显存: 0.00 B

[PDE求解部分] 总时间: 1.918102s | 显存: 0.00 B

[本步骤总计] 时间: 3.856991s | 显存: 4.12 GB
surrogate_loss (vs forward.true_19):  tensor(2270.7305, device='cuda:0', grad_fn=<MseLossBackward0>)
[Step 31] Backward Propagation - Time: 4.2235s, Mem: -4410531840.00 B
[Step 31] PGD Update - Time: 0.0032s, Mem: -3407872.00 B

[Step 31] 完整步骤总时间: 6.167404s | 总显存: 176.00 KB
[Step 31] 峰值显存: 16.96 GB

[Step 32] ============ 详细性能分析 ============
[模型部分] 总时间: 1.960254s | 显存: 4.12 GB

[0-9秒 PDE求解详细性能]

[19秒 PDE求解]
  t=19s - 时间: 1.939479s | 显存: 0.00 B

[PDE求解部分] 总时间: 1.939479s | 显存: 0.00 B

[本步骤总计] 时间: 3.899733s | 显存: 4.12 GB
surrogate_loss (vs forward.true_19):  tensor(2301.6323, device='cuda:0', grad_fn=<MseLossBackward0>)
[Step 32] Backward Propagation - Time: 4.2151s, Mem: -4411146240.00 B
[Step 32] PGD Update - Time: 0.0032s, Mem: -3588096.00 B

[Step 32] 完整步骤总时间: 6.180690s | 总显存: -180224.00 B
[Step 32] 峰值显存: 16.96 GB

[Step 33] ============ 详细性能分析 ============
[模型部分] 总时间: 1.941996s | 显存: 4.12 GB

[0-9秒 PDE求解详细性能]

[19秒 PDE求解]
  t=19s - 时间: 1.921071s | 显存: 0.00 B

[PDE求解部分] 总时间: 1.921071s | 显存: 0.00 B

[本步骤总计] 时间: 3.863067s | 显存: 4.12 GB
surrogate_loss (vs forward.true_19):  tensor(2325.4626, device='cuda:0', grad_fn=<MseLossBackward0>)
[Step 33] Backward Propagation - Time: 4.1821s, Mem: -4410531840.00 B
[Step 33] PGD Update - Time: 0.0031s, Mem: -3407872.00 B

[Step 33] 完整步骤总时间: 6.129124s | 总显存: 176.00 KB
[Step 33] 峰值显存: 16.96 GB

[Step 34] ============ 详细性能分析 ============
[模型部分] 总时间: 1.938173s | 显存: 4.12 GB

[0-9秒 PDE求解详细性能]

[19秒 PDE求解]
  t=19s - 时间: 1.917370s | 显存: 0.00 B

[PDE求解部分] 总时间: 1.917370s | 显存: 0.00 B

[本步骤总计] 时间: 3.855543s | 显存: 4.12 GB
surrogate_loss (vs forward.true_19):  tensor(2344.1338, device='cuda:0', grad_fn=<MseLossBackward0>)
[Step 34] Backward Propagation - Time: 4.2240s, Mem: -4411146240.00 B
[Step 34] PGD Update - Time: 0.0032s, Mem: -3588096.00 B

[Step 34] 完整步骤总时间: 6.167313s | 总显存: -180224.00 B
[Step 34] 峰值显存: 16.96 GB

[Step 35] ============ 详细性能分析 ============
[模型部分] 总时间: 1.950957s | 显存: 4.12 GB

[0-9秒 PDE求解详细性能]

[19秒 PDE求解]
  t=19s - 时间: 1.929741s | 显存: 0.00 B

[PDE求解部分] 总时间: 1.929741s | 显存: 0.00 B

[本步骤总计] 时间: 3.880699s | 显存: 4.12 GB
surrogate_loss (vs forward.true_19):  tensor(2359.9863, device='cuda:0', grad_fn=<MseLossBackward0>)
[Step 35] Backward Propagation - Time: 4.2328s, Mem: -4410531840.00 B
[Step 35] PGD Update - Time: 0.0030s, Mem: -3407872.00 B

[Step 35] 完整步骤总时间: 6.188789s | 总显存: 176.00 KB
[Step 35] 峰值显存: 16.96 GB

[Step 36] ============ 详细性能分析 ============
[模型部分] 总时间: 1.964810s | 显存: 4.12 GB

[0-9秒 PDE求解详细性能]

[19秒 PDE求解]
  t=19s - 时间: 1.944093s | 显存: 0.00 B

[PDE求解部分] 总时间: 1.944093s | 显存: 0.00 B

[本步骤总计] 时间: 3.908903s | 显存: 4.12 GB
surrogate_loss (vs forward.true_19):  tensor(2374.0327, device='cuda:0', grad_fn=<MseLossBackward0>)
[Step 36] Backward Propagation - Time: 4.1965s, Mem: -4411146240.00 B
[Step 36] PGD Update - Time: 0.0030s, Mem: -3588096.00 B

[Step 36] 完整步骤总时间: 6.166170s | 总显存: -180224.00 B
[Step 36] 峰值显存: 16.96 GB

[Step 37] ============ 详细性能分析 ============
[模型部分] 总时间: 1.932182s | 显存: 4.12 GB

[0-9秒 PDE求解详细性能]

[19秒 PDE求解]
  t=19s - 时间: 1.911431s | 显存: 0.00 B

[PDE求解部分] 总时间: 1.911431s | 显存: 0.00 B

[本步骤总计] 时间: 3.843612s | 显存: 4.12 GB
surrogate_loss (vs forward.true_19):  tensor(2387.2451, device='cuda:0', grad_fn=<MseLossBackward0>)
[Step 37] Backward Propagation - Time: 4.2034s, Mem: -4410531840.00 B
[Step 37] PGD Update - Time: 0.0041s, Mem: -3407872.00 B

[Step 37] 完整步骤总时间: 6.141834s | 总显存: 176.00 KB
[Step 37] 峰值显存: 16.96 GB

[Step 38] ============ 详细性能分析 ============
[模型部分] 总时间: 1.969482s | 显存: 4.12 GB

[0-9秒 PDE求解详细性能]

[19秒 PDE求解]
  t=19s - 时间: 1.948380s | 显存: 0.00 B

[PDE求解部分] 总时间: 1.948380s | 显存: 0.00 B

[本步骤总计] 时间: 3.917863s | 显存: 4.12 GB
surrogate_loss (vs forward.true_19):  tensor(2400.3552, device='cuda:0', grad_fn=<MseLossBackward0>)
[Step 38] Backward Propagation - Time: 4.2575s, Mem: -4411146240.00 B
[Step 38] PGD Update - Time: 0.0031s, Mem: -3588096.00 B

[Step 38] 完整步骤总时间: 6.232000s | 总显存: -180224.00 B
[Step 38] 峰值显存: 16.96 GB

[Step 39] ============ 详细性能分析 ============
[模型部分] 总时间: 1.965951s | 显存: 4.12 GB

[0-9秒 PDE求解详细性能]

[19秒 PDE求解]
  t=19s - 时间: 1.945290s | 显存: 0.00 B

[PDE求解部分] 总时间: 1.945290s | 显存: 0.00 B

[本步骤总计] 时间: 3.911241s | 显存: 4.12 GB
surrogate_loss (vs forward.true_19):  tensor(2412.9954, device='cuda:0', grad_fn=<MseLossBackward0>)
[Step 39] Backward Propagation - Time: 4.2432s, Mem: -4410531840.00 B
[Step 39] PGD Update - Time: 0.0031s, Mem: -3407872.00 B

[Step 39] 完整步骤总时间: 6.213934s | 总显存: 176.00 KB
[Step 39] 峰值显存: 16.96 GB

[Step 40] ============ 详细性能分析 ============
[模型部分] 总时间: 1.940015s | 显存: 4.12 GB

[0-9秒 PDE求解详细性能]

[19秒 PDE求解]
  t=19s - 时间: 1.919286s | 显存: 0.00 B

[PDE求解部分] 总时间: 1.919286s | 显存: 0.00 B

[本步骤总计] 时间: 3.859302s | 显存: 4.12 GB
surrogate_loss (vs forward.true_19):  tensor(2424.5903, device='cuda:0', grad_fn=<MseLossBackward0>)
[Step 40] Backward Propagation - Time: 4.2684s, Mem: -4411146240.00 B
[Step 40] PGD Update - Time: 0.0031s, Mem: -3588096.00 B

[Step 40] 完整步骤总时间: 6.213320s | 总显存: -180224.00 B
[Step 40] 峰值显存: 16.96 GB

[Step 41] ============ 详细性能分析 ============
[模型部分] 总时间: 1.963056s | 显存: 4.12 GB

[0-9秒 PDE求解详细性能]

[19秒 PDE求解]
  t=19s - 时间: 1.942292s | 显存: 0.00 B

[PDE求解部分] 总时间: 1.942292s | 显存: 0.00 B

[本步骤总计] 时间: 3.905348s | 显存: 4.12 GB
surrogate_loss (vs forward.true_19):  tensor(2435.7944, device='cuda:0', grad_fn=<MseLossBackward0>)
[Step 41] Backward Propagation - Time: 4.3153s, Mem: -4410531840.00 B
[Step 41] PGD Update - Time: 0.0031s, Mem: -3407872.00 B

[Step 41] 完整步骤总时间: 6.283204s | 总显存: 176.00 KB
[Step 41] 峰值显存: 16.96 GB

[Step 42] ============ 详细性能分析 ============
[模型部分] 总时间: 1.970124s | 显存: 4.12 GB

[0-9秒 PDE求解详细性能]

[19秒 PDE求解]
  t=19s - 时间: 1.949362s | 显存: 0.00 B

[PDE求解部分] 总时间: 1.949362s | 显存: 0.00 B

[本步骤总计] 时间: 3.919486s | 显存: 4.12 GB
surrogate_loss (vs forward.true_19):  tensor(2445.7854, device='cuda:0', grad_fn=<MseLossBackward0>)
[Step 42] Backward Propagation - Time: 4.2549s, Mem: -4411146240.00 B
[Step 42] PGD Update - Time: 0.0033s, Mem: -3588096.00 B

[Step 42] 完整步骤总时间: 6.230698s | 总显存: -180224.00 B
[Step 42] 峰值显存: 16.96 GB

[Step 43] ============ 详细性能分析 ============
[模型部分] 总时间: 1.964469s | 显存: 4.12 GB

[0-9秒 PDE求解详细性能]

[19秒 PDE求解]
  t=19s - 时间: 1.943434s | 显存: 0.00 B

[PDE求解部分] 总时间: 1.943434s | 显存: 0.00 B

[本步骤总计] 时间: 3.907904s | 显存: 4.12 GB
surrogate_loss (vs forward.true_19):  tensor(2454.5425, device='cuda:0', grad_fn=<MseLossBackward0>)
[Step 43] Backward Propagation - Time: 4.2563s, Mem: -4410531840.00 B
[Step 43] PGD Update - Time: 0.0031s, Mem: -3407872.00 B

[Step 43] 完整步骤总时间: 6.225806s | 总显存: 176.00 KB
[Step 43] 峰值显存: 16.96 GB

[Step 44] ============ 详细性能分析 ============
[模型部分] 总时间: 1.973742s | 显存: 4.12 GB

[0-9秒 PDE求解详细性能]

[19秒 PDE求解]
  t=19s - 时间: 1.952711s | 显存: 0.00 B

[PDE求解部分] 总时间: 1.952711s | 显存: 0.00 B

[本步骤总计] 时间: 3.926453s | 显存: 4.12 GB
surrogate_loss (vs forward.true_19):  tensor(2462.1152, device='cuda:0', grad_fn=<MseLossBackward0>)
[Step 44] Backward Propagation - Time: 4.2563s, Mem: -4411146240.00 B
[Step 44] PGD Update - Time: 0.0035s, Mem: -3588096.00 B

[Step 44] 完整步骤总时间: 6.235617s | 总显存: -180224.00 B
[Step 44] 峰值显存: 16.96 GB

[Step 45] ============ 详细性能分析 ============
[模型部分] 总时间: 1.956332s | 显存: 4.12 GB

[0-9秒 PDE求解详细性能]

[19秒 PDE求解]
  t=19s - 时间: 1.935377s | 显存: 0.00 B

[PDE求解部分] 总时间: 1.935377s | 显存: 0.00 B

[本步骤总计] 时间: 3.891709s | 显存: 4.12 GB
surrogate_loss (vs forward.true_19):  tensor(2469.0762, device='cuda:0', grad_fn=<MseLossBackward0>)
[Step 45] Backward Propagation - Time: 4.1938s, Mem: -4410531840.00 B
[Step 45] PGD Update - Time: 0.0034s, Mem: -3407872.00 B

[Step 45] 完整步骤总时间: 6.155382s | 总显存: 176.00 KB
[Step 45] 峰值显存: 16.96 GB

[Step 46] ============ 详细性能分析 ============
[模型部分] 总时间: 1.927956s | 显存: 4.12 GB

[0-9秒 PDE求解详细性能]

[19秒 PDE求解]
  t=19s - 时间: 1.907157s | 显存: 0.00 B

[PDE求解部分] 总时间: 1.907157s | 显存: 0.00 B

[本步骤总计] 时间: 3.835113s | 显存: 4.12 GB
surrogate_loss (vs forward.true_19):  tensor(2476.0894, device='cuda:0', grad_fn=<MseLossBackward0>)
[Step 46] Backward Propagation - Time: 4.2191s, Mem: -4411146240.00 B
[Step 46] PGD Update - Time: 0.0041s, Mem: -3588096.00 B

[Step 46] 完整步骤总时间: 6.153330s | 总显存: -180224.00 B
[Step 46] 峰值显存: 16.96 GB

[Step 47] ============ 详细性能分析 ============
[模型部分] 总时间: 1.928693s | 显存: 4.12 GB

[0-9秒 PDE求解详细性能]

[19秒 PDE求解]
  t=19s - 时间: 1.907893s | 显存: 0.00 B

[PDE求解部分] 总时间: 1.907893s | 显存: 0.00 B

[本步骤总计] 时间: 3.836585s | 显存: 4.12 GB
surrogate_loss (vs forward.true_19):  tensor(2482.6021, device='cuda:0', grad_fn=<MseLossBackward0>)
[Step 47] Backward Propagation - Time: 4.2130s, Mem: -4410531840.00 B
[Step 47] PGD Update - Time: 0.0033s, Mem: -3407872.00 B

[Step 47] 完整步骤总时间: 6.146856s | 总显存: 176.00 KB
[Step 47] 峰值显存: 16.96 GB

[Step 48] ============ 详细性能分析 ============
[模型部分] 总时间: 4.524824s | 显存: 4.12 GB

[0-9秒 PDE求解详细性能]

[19秒 PDE求解]
  t=19s - 时间: 4.503942s | 显存: 0.00 B

[PDE求解部分] 总时间: 4.503942s | 显存: 0.00 B

[本步骤总计] 时间: 9.028766s | 显存: 4.12 GB
surrogate_loss (vs forward.true_19):  tensor(2489.8423, device='cuda:0', grad_fn=<MseLossBackward0>)
[Step 48] Backward Propagation - Time: 4.2219s, Mem: -4411146240.00 B
[Step 48] PGD Update - Time: 0.0032s, Mem: -3588096.00 B

[Step 48] 完整步骤总时间: 8.751856s | 总显存: -180224.00 B
[Step 48] 峰值显存: 16.96 GB

[Step 49] ============ 详细性能分析 ============
[模型部分] 总时间: 1.944995s | 显存: 4.12 GB

[0-9秒 PDE求解详细性能]

[19秒 PDE求解]
  t=19s - 时间: 1.924220s | 显存: 0.00 B

[PDE求解部分] 总时间: 1.924220s | 显存: 0.00 B

[本步骤总计] 时间: 3.869215s | 显存: 4.12 GB
surrogate_loss (vs forward.true_19):  tensor(2496.9714, device='cuda:0', grad_fn=<MseLossBackward0>)
[Step 49] Backward Propagation - Time: 4.2172s, Mem: -4410531840.00 B
[Step 49] PGD Update - Time: 0.0032s, Mem: -3407872.00 B

[Step 49] 完整步骤总时间: 6.167116s | 总显存: 176.00 KB
[Step 49] 峰值显存: 16.96 GB

[Step 50] ============ 详细性能分析 ============
[模型部分] 总时间: 1.933609s | 显存: 4.12 GB

[0-9秒 PDE求解详细性能]

[19秒 PDE求解]
  t=19s - 时间: 1.912094s | 显存: 0.00 B

[PDE求解部分] 总时间: 1.912094s | 显存: 0.00 B

[本步骤总计] 时间: 3.845703s | 显存: 4.12 GB
surrogate_loss (vs forward.true_19):  tensor(2504.3103, device='cuda:0', grad_fn=<MseLossBackward0>)
[Step 50] Backward Propagation - Time: 4.2134s, Mem: -4411146240.00 B
[Step 50] PGD Update - Time: 0.0033s, Mem: -3588096.00 B

[Step 50] 完整步骤总时间: 6.152229s | 总显存: -180224.00 B
[Step 50] 峰值显存: 16.96 GB

[Step 51] ============ 详细性能分析 ============
[模型部分] 总时间: 1.964275s | 显存: 4.12 GB

[0-9秒 PDE求解详细性能]

[19秒 PDE求解]
  t=19s - 时间: 1.943525s | 显存: 0.00 B

[PDE求解部分] 总时间: 1.943525s | 显存: 0.00 B

[本步骤总计] 时间: 3.907800s | 显存: 4.12 GB
surrogate_loss (vs forward.true_19):  tensor(2511.5435, device='cuda:0', grad_fn=<MseLossBackward0>)
[Step 51] Backward Propagation - Time: 4.2483s, Mem: -4410531840.00 B
[Step 51] PGD Update - Time: 0.0032s, Mem: -3407872.00 B

[Step 51] 完整步骤总时间: 6.217814s | 总显存: 176.00 KB
[Step 51] 峰值显存: 16.96 GB

[Step 52] ============ 详细性能分析 ============
[模型部分] 总时间: 1.948889s | 显存: 4.12 GB

[0-9秒 PDE求解详细性能]

[19秒 PDE求解]
  t=19s - 时间: 1.927981s | 显存: 0.00 B

[PDE求解部分] 总时间: 1.927981s | 显存: 0.00 B

[本步骤总计] 时间: 3.876870s | 显存: 4.12 GB
surrogate_loss (vs forward.true_19):  tensor(2518.7283, device='cuda:0', grad_fn=<MseLossBackward0>)
[Step 52] Backward Propagation - Time: 4.2476s, Mem: -4411146240.00 B
[Step 52] PGD Update - Time: 0.0030s, Mem: -3588096.00 B

[Step 52] 完整步骤总时间: 6.201345s | 总显存: -180224.00 B
[Step 52] 峰值显存: 16.96 GB

[Step 53] ============ 详细性能分析 ============
[模型部分] 总时间: 1.938800s | 显存: 4.12 GB

[0-9秒 PDE求解详细性能]

[19秒 PDE求解]
  t=19s - 时间: 1.917676s | 显存: 0.00 B

[PDE求解部分] 总时间: 1.917676s | 显存: 0.00 B

[本步骤总计] 时间: 3.856476s | 显存: 4.12 GB
surrogate_loss (vs forward.true_19):  tensor(2525.0884, device='cuda:0', grad_fn=<MseLossBackward0>)
[Step 53] Backward Propagation - Time: 4.2297s, Mem: -4410531840.00 B
[Step 53] PGD Update - Time: 0.0032s, Mem: -3407872.00 B

[Step 53] 完整步骤总时间: 6.173655s | 总显存: 176.00 KB
[Step 53] 峰值显存: 16.96 GB

[Step 54] ============ 详细性能分析 ============
[模型部分] 总时间: 1.943375s | 显存: 4.12 GB

[0-9秒 PDE求解详细性能]

[19秒 PDE求解]
  t=19s - 时间: 1.922436s | 显存: 0.00 B

[PDE求解部分] 总时间: 1.922436s | 显存: 0.00 B

[本步骤总计] 时间: 3.865810s | 显存: 4.12 GB
surrogate_loss (vs forward.true_19):  tensor(2531.6135, device='cuda:0', grad_fn=<MseLossBackward0>)
[Step 54] Backward Propagation - Time: 4.3267s, Mem: -4411146240.00 B
[Step 54] PGD Update - Time: 0.0031s, Mem: -3588096.00 B

[Step 54] 完整步骤总时间: 6.275141s | 总显存: -180224.00 B
[Step 54] 峰值显存: 16.96 GB

[Step 55] ============ 详细性能分析 ============
[模型部分] 总时间: 1.966370s | 显存: 4.12 GB

[0-9秒 PDE求解详细性能]

[19秒 PDE求解]
  t=19s - 时间: 1.945406s | 显存: 0.00 B

[PDE求解部分] 总时间: 1.945406s | 显存: 0.00 B

[本步骤总计] 时间: 3.911776s | 显存: 4.12 GB
surrogate_loss (vs forward.true_19):  tensor(2537.7476, device='cuda:0', grad_fn=<MseLossBackward0>)
[Step 55] Backward Propagation - Time: 4.1815s, Mem: -4410531840.00 B
[Step 55] PGD Update - Time: 0.0042s, Mem: -3407872.00 B

[Step 55] 完整步骤总时间: 6.154268s | 总显存: 176.00 KB
[Step 55] 峰值显存: 16.96 GB

[Step 56] ============ 详细性能分析 ============
[模型部分] 总时间: 1.959651s | 显存: 4.12 GB

[0-9秒 PDE求解详细性能]

[19秒 PDE求解]
  t=19s - 时间: 1.938948s | 显存: 0.00 B

[PDE求解部分] 总时间: 1.938948s | 显存: 0.00 B

[本步骤总计] 时间: 3.898599s | 显存: 4.12 GB
surrogate_loss (vs forward.true_19):  tensor(2543.3284, device='cuda:0', grad_fn=<MseLossBackward0>)
[Step 56] Backward Propagation - Time: 4.2099s, Mem: -4411146240.00 B
[Step 56] PGD Update - Time: 0.0034s, Mem: -3588096.00 B

[Step 56] 完整步骤总时间: 6.174699s | 总显存: -180224.00 B
[Step 56] 峰值显存: 16.96 GB

[Step 57] ============ 详细性能分析 ============
[模型部分] 总时间: 1.944809s | 显存: 4.12 GB

[0-9秒 PDE求解详细性能]

[19秒 PDE求解]
  t=19s - 时间: 1.924010s | 显存: 0.00 B

[PDE求解部分] 总时间: 1.924010s | 显存: 0.00 B

[本步骤总计] 时间: 3.868819s | 显存: 4.12 GB
surrogate_loss (vs forward.true_19):  tensor(2549.2412, device='cuda:0', grad_fn=<MseLossBackward0>)
[Step 57] Backward Propagation - Time: 4.2463s, Mem: -4410531840.00 B
[Step 57] PGD Update - Time: 0.0032s, Mem: -3407872.00 B

[Step 57] 完整步骤总时间: 6.196129s | 总显存: 176.00 KB
[Step 57] 峰值显存: 16.96 GB

[Step 58] ============ 详细性能分析 ============
[模型部分] 总时间: 1.948472s | 显存: 4.12 GB

[0-9秒 PDE求解详细性能]

[19秒 PDE求解]
  t=19s - 时间: 1.927763s | 显存: 0.00 B

[PDE求解部分] 总时间: 1.927763s | 显存: 0.00 B

[本步骤总计] 时间: 3.876235s | 显存: 4.12 GB
surrogate_loss (vs forward.true_19):  tensor(2555.0024, device='cuda:0', grad_fn=<MseLossBackward0>)
[Step 58] Backward Propagation - Time: 4.2638s, Mem: -4411146240.00 B
[Step 58] PGD Update - Time: 0.0032s, Mem: -3588096.00 B

[Step 58] 完整步骤总时间: 6.217382s | 总显存: -180224.00 B
[Step 58] 峰值显存: 16.96 GB

[Step 59] ============ 详细性能分析 ============
[模型部分] 总时间: 1.951860s | 显存: 4.12 GB

[0-9秒 PDE求解详细性能]

[19秒 PDE求解]
  t=19s - 时间: 1.931003s | 显存: 0.00 B

[PDE求解部分] 总时间: 1.931003s | 显存: 0.00 B

[本步骤总计] 时间: 3.882863s | 显存: 4.12 GB
surrogate_loss (vs forward.true_19):  tensor(2560.0886, device='cuda:0', grad_fn=<MseLossBackward0>)
[Step 59] Backward Propagation - Time: 4.2694s, Mem: -4410531840.00 B
[Step 59] PGD Update - Time: 0.0029s, Mem: -3407872.00 B

[Step 59] 完整步骤总时间: 6.225950s | 总显存: 176.00 KB
[Step 59] 峰值显存: 16.96 GB

[Step 60] ============ 详细性能分析 ============
[模型部分] 总时间: 1.950468s | 显存: 4.12 GB

[0-9秒 PDE求解详细性能]

[19秒 PDE求解]
  t=19s - 时间: 1.929772s | 显存: 0.00 B

[PDE求解部分] 总时间: 1.929772s | 显存: 0.00 B

[本步骤总计] 时间: 3.880241s | 显存: 4.12 GB
surrogate_loss (vs forward.true_19):  tensor(2565.2502, device='cuda:0', grad_fn=<MseLossBackward0>)
[Step 60] Backward Propagation - Time: 4.1992s, Mem: -4411146240.00 B
[Step 60] PGD Update - Time: 0.0033s, Mem: -3588096.00 B

[Step 60] 完整步骤总时间: 6.155014s | 总显存: -180224.00 B
[Step 60] 峰值显存: 16.96 GB

[Step 61] ============ 详细性能分析 ============
[模型部分] 总时间: 1.945265s | 显存: 4.12 GB

[0-9秒 PDE求解详细性能]

[19秒 PDE求解]
  t=19s - 时间: 1.924249s | 显存: 0.00 B

[PDE求解部分] 总时间: 1.924249s | 显存: 0.00 B

[本步骤总计] 时间: 3.869514s | 显存: 4.12 GB
surrogate_loss (vs forward.true_19):  tensor(2570.8599, device='cuda:0', grad_fn=<MseLossBackward0>)
[Step 61] Backward Propagation - Time: 4.2356s, Mem: -4410531840.00 B
[Step 61] PGD Update - Time: 0.0031s, Mem: -3407872.00 B

[Step 61] 完整步骤总时间: 6.186037s | 总显存: 176.00 KB
[Step 61] 峰值显存: 16.96 GB

[Step 62] ============ 详细性能分析 ============
[模型部分] 总时间: 1.954290s | 显存: 4.12 GB

[0-9秒 PDE求解详细性能]

[19秒 PDE求解]
  t=19s - 时间: 1.932920s | 显存: 0.00 B

[PDE求解部分] 总时间: 1.932920s | 显存: 0.00 B

[本步骤总计] 时间: 3.887210s | 显存: 4.12 GB
surrogate_loss (vs forward.true_19):  tensor(2575.9365, device='cuda:0', grad_fn=<MseLossBackward0>)
[Step 62] Backward Propagation - Time: 4.2820s, Mem: -4411146240.00 B
[Step 62] PGD Update - Time: 0.0033s, Mem: -3588096.00 B

[Step 62] 完整步骤总时间: 6.241716s | 总显存: -180224.00 B
[Step 62] 峰值显存: 16.96 GB

[Step 63] ============ 详细性能分析 ============
[模型部分] 总时间: 1.968217s | 显存: 4.12 GB

[0-9秒 PDE求解详细性能]

[19秒 PDE求解]
  t=19s - 时间: 1.947209s | 显存: 0.00 B

[PDE求解部分] 总时间: 1.947209s | 显存: 0.00 B

[本步骤总计] 时间: 3.915426s | 显存: 4.12 GB
surrogate_loss (vs forward.true_19):  tensor(2581.3176, device='cuda:0', grad_fn=<MseLossBackward0>)
[Step 63] Backward Propagation - Time: 4.1932s, Mem: -4410531840.00 B
[Step 63] PGD Update - Time: 0.0031s, Mem: -3407872.00 B

[Step 63] 完整步骤总时间: 6.166471s | 总显存: 176.00 KB
[Step 63] 峰值显存: 16.96 GB

[Step 64] ============ 详细性能分析 ============
[模型部分] 总时间: 1.936238s | 显存: 4.12 GB

[0-9秒 PDE求解详细性能]

[19秒 PDE求解]
  t=19s - 时间: 1.915272s | 显存: 0.00 B

[PDE求解部分] 总时间: 1.915272s | 显存: 0.00 B

[本步骤总计] 时间: 3.851509s | 显存: 4.12 GB
surrogate_loss (vs forward.true_19):  tensor(2586.3193, device='cuda:0', grad_fn=<MseLossBackward0>)
[Step 64] Backward Propagation - Time: 4.1774s, Mem: -4411146240.00 B
[Step 64] PGD Update - Time: 0.0044s, Mem: -3588096.00 B

[Step 64] 完整步骤总时间: 6.120192s | 总显存: -180224.00 B
[Step 64] 峰值显存: 16.96 GB

[Step 65] ============ 详细性能分析 ============
[模型部分] 总时间: 1.945425s | 显存: 4.12 GB

[0-9秒 PDE求解详细性能]

[19秒 PDE求解]
  t=19s - 时间: 1.924524s | 显存: 0.00 B

[PDE求解部分] 总时间: 1.924524s | 显存: 0.00 B

[本步骤总计] 时间: 3.869949s | 显存: 4.12 GB
surrogate_loss (vs forward.true_19):  tensor(2591.2136, device='cuda:0', grad_fn=<MseLossBackward0>)
[Step 65] Backward Propagation - Time: 4.1873s, Mem: -4410531840.00 B
[Step 65] PGD Update - Time: 0.0032s, Mem: -3407872.00 B

[Step 65] 完整步骤总时间: 6.137769s | 总显存: 176.00 KB
[Step 65] 峰值显存: 16.96 GB

[Step 66] ============ 详细性能分析 ============
[模型部分] 总时间: 1.930972s | 显存: 4.12 GB

[0-9秒 PDE求解详细性能]

[19秒 PDE求解]
  t=19s - 时间: 1.910059s | 显存: 0.00 B

[PDE求解部分] 总时间: 1.910059s | 显存: 0.00 B

[本步骤总计] 时间: 3.841031s | 显存: 4.12 GB
surrogate_loss (vs forward.true_19):  tensor(2596.3447, device='cuda:0', grad_fn=<MseLossBackward0>)
[Step 66] Backward Propagation - Time: 4.2107s, Mem: -4411146240.00 B
[Step 66] PGD Update - Time: 0.0030s, Mem: -3588096.00 B

[Step 66] 完整步骤总时间: 6.146435s | 总显存: -180224.00 B
[Step 66] 峰值显存: 16.96 GB

[Step 67] ============ 详细性能分析 ============
[模型部分] 总时间: 1.929891s | 显存: 4.12 GB

[0-9秒 PDE求解详细性能]

[19秒 PDE求解]
  t=19s - 时间: 1.909132s | 显存: 0.00 B

[PDE求解部分] 总时间: 1.909132s | 显存: 0.00 B

[本步骤总计] 时间: 3.839023s | 显存: 4.12 GB
surrogate_loss (vs forward.true_19):  tensor(2601.3149, device='cuda:0', grad_fn=<MseLossBackward0>)
[Step 67] Backward Propagation - Time: 4.1919s, Mem: -4410531840.00 B
[Step 67] PGD Update - Time: 0.0031s, Mem: -3407872.00 B

[Step 67] 完整步骤总时间: 6.126641s | 总显存: 176.00 KB
[Step 67] 峰值显存: 16.96 GB

[Step 68] ============ 详细性能分析 ============
[模型部分] 总时间: 1.936209s | 显存: 4.12 GB

[0-9秒 PDE求解详细性能]

[19秒 PDE求解]
  t=19s - 时间: 1.915448s | 显存: 0.00 B

[PDE求解部分] 总时间: 1.915448s | 显存: 0.00 B

[本步骤总计] 时间: 3.851657s | 显存: 4.12 GB
surrogate_loss (vs forward.true_19):  tensor(2606.1182, device='cuda:0', grad_fn=<MseLossBackward0>)
[Step 68] Backward Propagation - Time: 4.1922s, Mem: -4411146240.00 B
[Step 68] PGD Update - Time: 0.0030s, Mem: -3588096.00 B

[Step 68] 完整步骤总时间: 6.133211s | 总显存: -180224.00 B
[Step 68] 峰值显存: 16.96 GB

[Step 69] ============ 详细性能分析 ============
[模型部分] 总时间: 1.941920s | 显存: 4.12 GB

[0-9秒 PDE求解详细性能]

[19秒 PDE求解]
  t=19s - 时间: 1.921181s | 显存: 0.00 B

[PDE求解部分] 总时间: 1.921181s | 显存: 0.00 B

[本步骤总计] 时间: 3.863101s | 显存: 4.12 GB
surrogate_loss (vs forward.true_19):  tensor(2610.7429, device='cuda:0', grad_fn=<MseLossBackward0>)
[Step 69] Backward Propagation - Time: 4.2146s, Mem: -4410531840.00 B
[Step 69] PGD Update - Time: 0.0031s, Mem: -3407872.00 B

[Step 69] 完整步骤总时间: 6.161423s | 总显存: 176.00 KB
[Step 69] 峰值显存: 16.96 GB

[Step 70] ============ 详细性能分析 ============
[模型部分] 总时间: 1.936367s | 显存: 4.12 GB

[0-9秒 PDE求解详细性能]

[19秒 PDE求解]
  t=19s - 时间: 1.915639s | 显存: 0.00 B

[PDE求解部分] 总时间: 1.915639s | 显存: 0.00 B

[本步骤总计] 时间: 3.852005s | 显存: 4.12 GB
surrogate_loss (vs forward.true_19):  tensor(2615.2739, device='cuda:0', grad_fn=<MseLossBackward0>)
[Step 70] Backward Propagation - Time: 4.2175s, Mem: -4411146240.00 B
[Step 70] PGD Update - Time: 0.0030s, Mem: -3588096.00 B

[Step 70] 完整步骤总时间: 6.158913s | 总显存: -180224.00 B
[Step 70] 峰值显存: 16.96 GB

[Step 71] ============ 详细性能分析 ============
[模型部分] 总时间: 1.936531s | 显存: 4.12 GB

[0-9秒 PDE求解详细性能]

[19秒 PDE求解]
  t=19s - 时间: 1.915662s | 显存: 0.00 B

[PDE求解部分] 总时间: 1.915662s | 显存: 0.00 B

[本步骤总计] 时间: 3.852193s | 显存: 4.12 GB
surrogate_loss (vs forward.true_19):  tensor(2619.9331, device='cuda:0', grad_fn=<MseLossBackward0>)
[Step 71] Backward Propagation - Time: 4.2067s, Mem: -4410531840.00 B
[Step 71] PGD Update - Time: 0.0030s, Mem: -3407872.00 B

[Step 71] 完整步骤总时间: 6.148432s | 总显存: 176.00 KB
[Step 71] 峰值显存: 16.96 GB

[Step 72] ============ 详细性能分析 ============
[模型部分] 总时间: 1.931276s | 显存: 4.12 GB

[0-9秒 PDE求解详细性能]

[19秒 PDE求解]
  t=19s - 时间: 1.909801s | 显存: 0.00 B

[PDE求解部分] 总时间: 1.909801s | 显存: 0.00 B

[本步骤总计] 时间: 3.841077s | 显存: 4.12 GB
surrogate_loss (vs forward.true_19):  tensor(2624.4001, device='cuda:0', grad_fn=<MseLossBackward0>)
[Step 72] Backward Propagation - Time: 4.2142s, Mem: -4411146240.00 B
[Step 72] PGD Update - Time: 0.0034s, Mem: -3588096.00 B

[Step 72] 完整步骤总时间: 6.151152s | 总显存: -180224.00 B
[Step 72] 峰值显存: 16.96 GB

[Step 73] ============ 详细性能分析 ============
[模型部分] 总时间: 1.969176s | 显存: 4.12 GB

[0-9秒 PDE求解详细性能]

[19秒 PDE求解]
  t=19s - 时间: 1.948230s | 显存: 0.00 B

[PDE求解部分] 总时间: 1.948230s | 显存: 0.00 B

[本步骤总计] 时间: 3.917406s | 显存: 4.12 GB
surrogate_loss (vs forward.true_19):  tensor(2628.7019, device='cuda:0', grad_fn=<MseLossBackward0>)
[Step 73] Backward Propagation - Time: 4.2078s, Mem: -4410531840.00 B
[Step 73] PGD Update - Time: 0.0031s, Mem: -3407872.00 B

[Step 73] 完整步骤总时间: 6.181964s | 总显存: 176.00 KB
[Step 73] 峰值显存: 16.96 GB

[Step 74] ============ 详细性能分析 ============
[模型部分] 总时间: 1.947635s | 显存: 4.12 GB

[0-9秒 PDE求解详细性能]

[19秒 PDE求解]
  t=19s - 时间: 1.926897s | 显存: 0.00 B

[PDE求解部分] 总时间: 1.926897s | 显存: 0.00 B

[本步骤总计] 时间: 3.874532s | 显存: 4.12 GB
surrogate_loss (vs forward.true_19):  tensor(2633.1812, device='cuda:0', grad_fn=<MseLossBackward0>)
[Step 74] Backward Propagation - Time: 4.2507s, Mem: -4411146240.00 B
[Step 74] PGD Update - Time: 0.0042s, Mem: -3588096.00 B

[Step 74] 完整步骤总时间: 6.204560s | 总显存: -180224.00 B
[Step 74] 峰值显存: 16.96 GB

[Step 75] ============ 详细性能分析 ============
[模型部分] 总时间: 1.949098s | 显存: 4.12 GB

[0-9秒 PDE求解详细性能]

[19秒 PDE求解]
  t=19s - 时间: 1.928089s | 显存: 0.00 B

[PDE求解部分] 总时间: 1.928089s | 显存: 0.00 B

[本步骤总计] 时间: 3.877186s | 显存: 4.12 GB
surrogate_loss (vs forward.true_19):  tensor(2637.5112, device='cuda:0', grad_fn=<MseLossBackward0>)
[Step 75] Backward Propagation - Time: 4.2074s, Mem: -4410531840.00 B
[Step 75] PGD Update - Time: 0.0038s, Mem: -3407872.00 B

[Step 75] 完整步骤总时间: 6.162177s | 总显存: 176.00 KB
[Step 75] 峰值显存: 16.96 GB

[Step 76] ============ 详细性能分析 ============
[模型部分] 总时间: 1.957066s | 显存: 4.12 GB

[0-9秒 PDE求解详细性能]

[19秒 PDE求解]
  t=19s - 时间: 1.936145s | 显存: 0.00 B

[PDE求解部分] 总时间: 1.936145s | 显存: 0.00 B

[本步骤总计] 时间: 3.893211s | 显存: 4.12 GB
surrogate_loss (vs forward.true_19):  tensor(2641.9583, device='cuda:0', grad_fn=<MseLossBackward0>)
[Step 76] Backward Propagation - Time: 4.2392s, Mem: -4411146240.00 B
[Step 76] PGD Update - Time: 0.0031s, Mem: -3588096.00 B

[Step 76] 完整步骤总时间: 6.201209s | 总显存: -180224.00 B
[Step 76] 峰值显存: 16.96 GB

[Step 77] ============ 详细性能分析 ============
[模型部分] 总时间: 1.938572s | 显存: 4.12 GB

[0-9秒 PDE求解详细性能]

[19秒 PDE求解]
  t=19s - 时间: 1.917856s | 显存: 0.00 B

[PDE求解部分] 总时间: 1.917856s | 显存: 0.00 B

[本步骤总计] 时间: 3.856427s | 显存: 4.12 GB
surrogate_loss (vs forward.true_19):  tensor(2646.2778, device='cuda:0', grad_fn=<MseLossBackward0>)
[Step 77] Backward Propagation - Time: 4.2099s, Mem: -4410531840.00 B
[Step 77] PGD Update - Time: 0.0031s, Mem: -3407872.00 B

[Step 77] 完整步骤总时间: 6.153276s | 总显存: 176.00 KB
[Step 77] 峰值显存: 16.96 GB

[Step 78] ============ 详细性能分析 ============
[模型部分] 总时间: 3.993565s | 显存: 4.12 GB

[0-9秒 PDE求解详细性能]

[19秒 PDE求解]
  t=19s - 时间: 1.913699s | 显存: 0.00 B

[PDE求解部分] 总时间: 1.913699s | 显存: 0.00 B

[本步骤总计] 时间: 5.907264s | 显存: 4.12 GB
surrogate_loss (vs forward.true_19):  tensor(2650.0723, device='cuda:0', grad_fn=<MseLossBackward0>)
[Step 78] Backward Propagation - Time: 4.4071s, Mem: -4411146240.00 B
[Step 78] PGD Update - Time: 0.0030s, Mem: -3588096.00 B

[Step 78] 完整步骤总时间: 8.405582s | 总显存: -180224.00 B
[Step 78] 峰值显存: 16.96 GB

[Step 79] ============ 详细性能分析 ============
[模型部分] 总时间: 1.995025s | 显存: 4.12 GB

[0-9秒 PDE求解详细性能]

[19秒 PDE求解]
  t=19s - 时间: 1.917963s | 显存: 0.00 B

[PDE求解部分] 总时间: 1.917963s | 显存: 0.00 B

[本步骤总计] 时间: 3.912987s | 显存: 4.12 GB
surrogate_loss (vs forward.true_19):  tensor(2654.2693, device='cuda:0', grad_fn=<MseLossBackward0>)
[Step 79] Backward Propagation - Time: 4.2210s, Mem: -4410531840.00 B
[Step 79] PGD Update - Time: 0.0030s, Mem: -3407872.00 B

[Step 79] 完整步骤总时间: 6.220824s | 总显存: 176.00 KB
[Step 79] 峰值显存: 16.96 GB

[Step 80] ============ 详细性能分析 ============
[模型部分] 总时间: 1.921167s | 显存: 4.12 GB

[0-9秒 PDE求解详细性能]

[19秒 PDE求解]
  t=19s - 时间: 1.900343s | 显存: 0.00 B

[PDE求解部分] 总时间: 1.900343s | 显存: 0.00 B

[本步骤总计] 时间: 3.821510s | 显存: 4.12 GB
surrogate_loss (vs forward.true_19):  tensor(2658.2837, device='cuda:0', grad_fn=<MseLossBackward0>)
[Step 80] Backward Propagation - Time: 4.2544s, Mem: -4411146240.00 B
[Step 80] PGD Update - Time: 0.0031s, Mem: -3588096.00 B

[Step 80] 完整步骤总时间: 6.180673s | 总显存: -180224.00 B
[Step 80] 峰值显存: 16.96 GB

[Step 81] ============ 详细性能分析 ============
[模型部分] 总时间: 1.964189s | 显存: 4.12 GB

[0-9秒 PDE求解详细性能]

[19秒 PDE求解]
  t=19s - 时间: 1.943179s | 显存: 0.00 B

[PDE求解部分] 总时间: 1.943179s | 显存: 0.00 B

[本步骤总计] 时间: 3.907368s | 显存: 4.12 GB
surrogate_loss (vs forward.true_19):  tensor(2662.2200, device='cuda:0', grad_fn=<MseLossBackward0>)
[Step 81] Backward Propagation - Time: 4.1887s, Mem: -4410531840.00 B
[Step 81] PGD Update - Time: 0.0030s, Mem: -3407872.00 B

[Step 81] 完整步骤总时间: 6.157874s | 总显存: 176.00 KB
[Step 81] 峰值显存: 16.96 GB

[Step 82] ============ 详细性能分析 ============
[模型部分] 总时间: 1.942257s | 显存: 4.12 GB

[0-9秒 PDE求解详细性能]

[19秒 PDE求解]
  t=19s - 时间: 1.920876s | 显存: 0.00 B

[PDE求解部分] 总时间: 1.920876s | 显存: 0.00 B

[本步骤总计] 时间: 3.863133s | 显存: 4.12 GB
surrogate_loss (vs forward.true_19):  tensor(2666.0886, device='cuda:0', grad_fn=<MseLossBackward0>)
[Step 82] Backward Propagation - Time: 4.2337s, Mem: -4411146240.00 B
[Step 82] PGD Update - Time: 0.0033s, Mem: -3588096.00 B

[Step 82] 完整步骤总时间: 6.181539s | 总显存: -180224.00 B
[Step 82] 峰值显存: 16.96 GB

[Step 83] ============ 详细性能分析 ============
[模型部分] 总时间: 1.959258s | 显存: 4.12 GB

[0-9秒 PDE求解详细性能]

[19秒 PDE求解]
  t=19s - 时间: 1.938247s | 显存: 0.00 B

[PDE求解部分] 总时间: 1.938247s | 显存: 0.00 B

[本步骤总计] 时间: 3.897505s | 显存: 4.12 GB
surrogate_loss (vs forward.true_19):  tensor(2670.1682, device='cuda:0', grad_fn=<MseLossBackward0>)
[Step 83] Backward Propagation - Time: 4.2093s, Mem: -4410531840.00 B
[Step 83] PGD Update - Time: 0.0034s, Mem: -3407872.00 B

[Step 83] 完整步骤总时间: 6.173939s | 总显存: 176.00 KB
[Step 83] 峰值显存: 16.96 GB

[Step 84] ============ 详细性能分析 ============
[模型部分] 总时间: 1.943532s | 显存: 4.12 GB

[0-9秒 PDE求解详细性能]

[19秒 PDE求解]
  t=19s - 时间: 1.922737s | 显存: 0.00 B

[PDE求解部分] 总时间: 1.922737s | 显存: 0.00 B

[本步骤总计] 时间: 3.866269s | 显存: 4.12 GB
surrogate_loss (vs forward.true_19):  tensor(2673.9153, device='cuda:0', grad_fn=<MseLossBackward0>)
[Step 84] Backward Propagation - Time: 4.1593s, Mem: -4411146240.00 B
[Step 84] PGD Update - Time: 0.0041s, Mem: -3588096.00 B

[Step 84] 完整步骤总时间: 6.109015s | 总显存: -180224.00 B
[Step 84] 峰值显存: 16.96 GB

[Step 85] ============ 详细性能分析 ============
[模型部分] 总时间: 1.945931s | 显存: 4.12 GB

[0-9秒 PDE求解详细性能]

[19秒 PDE求解]
  t=19s - 时间: 1.925162s | 显存: 0.00 B

[PDE求解部分] 总时间: 1.925162s | 显存: 0.00 B

[本步骤总计] 时间: 3.871094s | 显存: 4.12 GB
surrogate_loss (vs forward.true_19):  tensor(2677.5708, device='cuda:0', grad_fn=<MseLossBackward0>)
[Step 85] Backward Propagation - Time: 4.1886s, Mem: -4410531840.00 B
[Step 85] PGD Update - Time: 0.0033s, Mem: -3407872.00 B

[Step 85] 完整步骤总时间: 6.139721s | 总显存: 176.00 KB
[Step 85] 峰值显存: 16.96 GB

[Step 86] ============ 详细性能分析 ============
[模型部分] 总时间: 1.941313s | 显存: 4.12 GB

[0-9秒 PDE求解详细性能]

[19秒 PDE求解]
  t=19s - 时间: 1.920612s | 显存: 0.00 B

[PDE求解部分] 总时间: 1.920612s | 显存: 0.00 B

[本步骤总计] 时间: 3.861926s | 显存: 4.12 GB
surrogate_loss (vs forward.true_19):  tensor(2681.7012, device='cuda:0', grad_fn=<MseLossBackward0>)
[Step 86] Backward Propagation - Time: 4.2449s, Mem: -4411146240.00 B
[Step 86] PGD Update - Time: 0.0033s, Mem: -3588096.00 B

[Step 86] 完整步骤总时间: 6.191306s | 总显存: -180224.00 B
[Step 86] 峰值显存: 16.96 GB

[Step 87] ============ 详细性能分析 ============
[模型部分] 总时间: 1.944729s | 显存: 4.12 GB

[0-9秒 PDE求解详细性能]

[19秒 PDE求解]
  t=19s - 时间: 1.923958s | 显存: 0.00 B

[PDE求解部分] 总时间: 1.923958s | 显存: 0.00 B

[本步骤总计] 时间: 3.868687s | 显存: 4.12 GB
surrogate_loss (vs forward.true_19):  tensor(2685.3450, device='cuda:0', grad_fn=<MseLossBackward0>)
[Step 87] Backward Propagation - Time: 4.1992s, Mem: -4410531840.00 B
[Step 87] PGD Update - Time: 0.0034s, Mem: -3407872.00 B

[Step 87] 完整步骤总时间: 6.149168s | 总显存: 176.00 KB
[Step 87] 峰值显存: 16.96 GB

[Step 88] ============ 详细性能分析 ============
[模型部分] 总时间: 1.982372s | 显存: 4.12 GB

[0-9秒 PDE求解详细性能]

[19秒 PDE求解]
  t=19s - 时间: 1.961288s | 显存: 0.00 B

[PDE求解部分] 总时间: 1.961288s | 显存: 0.00 B

[本步骤总计] 时间: 3.943660s | 显存: 4.12 GB
surrogate_loss (vs forward.true_19):  tensor(2688.9680, device='cuda:0', grad_fn=<MseLossBackward0>)
[Step 88] Backward Propagation - Time: 4.2024s, Mem: -4411146240.00 B
[Step 88] PGD Update - Time: 0.0034s, Mem: -3588096.00 B

[Step 88] 完整步骤总时间: 6.190170s | 总显存: -180224.00 B
[Step 88] 峰值显存: 16.96 GB

[Step 89] ============ 详细性能分析 ============
[模型部分] 总时间: 1.943895s | 显存: 4.12 GB

[0-9秒 PDE求解详细性能]

[19秒 PDE求解]
  t=19s - 时间: 1.923014s | 显存: 0.00 B

[PDE求解部分] 总时间: 1.923014s | 显存: 0.00 B

[本步骤总计] 时间: 3.866908s | 显存: 4.12 GB
surrogate_loss (vs forward.true_19):  tensor(2692.4624, device='cuda:0', grad_fn=<MseLossBackward0>)
[Step 89] Backward Propagation - Time: 4.1938s, Mem: -4410531840.00 B
[Step 89] PGD Update - Time: 0.0031s, Mem: -3407872.00 B

[Step 89] 完整步骤总时间: 6.142628s | 总显存: 176.00 KB
[Step 89] 峰值显存: 16.96 GB

[Step 90] ============ 详细性能分析 ============
[模型部分] 总时间: 1.937663s | 显存: 4.12 GB

[0-9秒 PDE求解详细性能]

[19秒 PDE求解]
  t=19s - 时间: 1.916836s | 显存: 0.00 B

[PDE求解部分] 总时间: 1.916836s | 显存: 0.00 B

[本步骤总计] 时间: 3.854499s | 显存: 4.12 GB
surrogate_loss (vs forward.true_19):  tensor(2696.3250, device='cuda:0', grad_fn=<MseLossBackward0>)
[Step 90] Backward Propagation - Time: 4.2087s, Mem: -4411146240.00 B
[Step 90] PGD Update - Time: 0.0042s, Mem: -3588096.00 B

[Step 90] 完整步骤总时间: 6.152657s | 总显存: -180224.00 B
[Step 90] 峰值显存: 16.96 GB

[Step 91] ============ 详细性能分析 ============
[模型部分] 总时间: 1.927846s | 显存: 4.12 GB

[0-9秒 PDE求解详细性能]

[19秒 PDE求解]
  t=19s - 时间: 1.907045s | 显存: 0.00 B

[PDE求解部分] 总时间: 1.907045s | 显存: 0.00 B

[本步骤总计] 时间: 3.834892s | 显存: 4.12 GB
surrogate_loss (vs forward.true_19):  tensor(2699.8162, device='cuda:0', grad_fn=<MseLossBackward0>)
[Step 91] Backward Propagation - Time: 4.2203s, Mem: -4410531840.00 B
[Step 91] PGD Update - Time: 0.0034s, Mem: -3407872.00 B

[Step 91] 完整步骤总时间: 6.153450s | 总显存: 176.00 KB
[Step 91] 峰值显存: 16.96 GB

[Step 92] ============ 详细性能分析 ============
[模型部分] 总时间: 1.929427s | 显存: 4.12 GB

[0-9秒 PDE求解详细性能]

[19秒 PDE求解]
  t=19s - 时间: 1.908511s | 显存: 0.00 B

[PDE求解部分] 总时间: 1.908511s | 显存: 0.00 B

[本步骤总计] 时间: 3.837938s | 显存: 4.12 GB
surrogate_loss (vs forward.true_19):  tensor(2703.2773, device='cuda:0', grad_fn=<MseLossBackward0>)
[Step 92] Backward Propagation - Time: 4.2060s, Mem: -4411146240.00 B
[Step 92] PGD Update - Time: 0.0034s, Mem: -3588096.00 B

[Step 92] 完整步骤总时间: 6.140657s | 总显存: -180224.00 B
[Step 92] 峰值显存: 16.96 GB

[Step 93] ============ 详细性能分析 ============
[模型部分] 总时间: 1.931810s | 显存: 4.12 GB

[0-9秒 PDE求解详细性能]

[19秒 PDE求解]
  t=19s - 时间: 1.910946s | 显存: 0.00 B

[PDE求解部分] 总时间: 1.910946s | 显存: 0.00 B

[本步骤总计] 时间: 3.842756s | 显存: 4.12 GB
surrogate_loss (vs forward.true_19):  tensor(2706.8235, device='cuda:0', grad_fn=<MseLossBackward0>)
[Step 93] Backward Propagation - Time: 4.1892s, Mem: -4410531840.00 B
[Step 93] PGD Update - Time: 0.0030s, Mem: -3407872.00 B

[Step 93] 完整步骤总时间: 6.125754s | 总显存: 176.00 KB
[Step 93] 峰值显存: 16.96 GB

[Step 94] ============ 详细性能分析 ============
[模型部分] 总时间: 1.949948s | 显存: 4.12 GB

[0-9秒 PDE求解详细性能]

[19秒 PDE求解]
  t=19s - 时间: 1.929200s | 显存: 0.00 B

[PDE求解部分] 总时间: 1.929200s | 显存: 0.00 B

[本步骤总计] 时间: 3.879148s | 显存: 4.12 GB
surrogate_loss (vs forward.true_19):  tensor(2710.2966, device='cuda:0', grad_fn=<MseLossBackward0>)
[Step 94] Backward Propagation - Time: 4.2070s, Mem: -4411146240.00 B
[Step 94] PGD Update - Time: 0.0033s, Mem: -3588096.00 B

[Step 94] 完整步骤总时间: 6.162107s | 总显存: -180224.00 B
[Step 94] 峰值显存: 16.96 GB

[Step 95] ============ 详细性能分析 ============
[模型部分] 总时间: 1.957411s | 显存: 4.12 GB

[0-9秒 PDE求解详细性能]

[19秒 PDE求解]
  t=19s - 时间: 1.936568s | 显存: 0.00 B

[PDE求解部分] 总时间: 1.936568s | 显存: 0.00 B

[本步骤总计] 时间: 3.893979s | 显存: 4.12 GB
surrogate_loss (vs forward.true_19):  tensor(2714.0938, device='cuda:0', grad_fn=<MseLossBackward0>)
[Step 95] Backward Propagation - Time: 4.2021s, Mem: -4410531840.00 B
[Step 95] PGD Update - Time: 0.0032s, Mem: -3407872.00 B

[Step 95] 完整步骤总时间: 6.164541s | 总显存: 176.00 KB
[Step 95] 峰值显存: 16.96 GB

[Step 96] ============ 详细性能分析 ============
[模型部分] 总时间: 1.936029s | 显存: 4.12 GB

[0-9秒 PDE求解详细性能]

[19秒 PDE求解]
  t=19s - 时间: 1.915143s | 显存: 0.00 B

[PDE求解部分] 总时间: 1.915143s | 显存: 0.00 B

[本步骤总计] 时间: 3.851172s | 显存: 4.12 GB
surrogate_loss (vs forward.true_19):  tensor(2717.3479, device='cuda:0', grad_fn=<MseLossBackward0>)
[Step 96] Backward Propagation - Time: 4.1766s, Mem: -4411146240.00 B
[Step 96] PGD Update - Time: 0.0031s, Mem: -3588096.00 B

[Step 96] 完整步骤总时间: 6.117641s | 总显存: -180224.00 B
[Step 96] 峰值显存: 16.96 GB

[Step 97] ============ 详细性能分析 ============
[模型部分] 总时间: 1.937798s | 显存: 4.12 GB

[0-9秒 PDE求解详细性能]

[19秒 PDE求解]
  t=19s - 时间: 1.916663s | 显存: 0.00 B

[PDE求解部分] 总时间: 1.916663s | 显存: 0.00 B

[本步骤总计] 时间: 3.854461s | 显存: 4.12 GB
surrogate_loss (vs forward.true_19):  tensor(2720.5132, device='cuda:0', grad_fn=<MseLossBackward0>)
[Step 97] Backward Propagation - Time: 4.2069s, Mem: -4410531840.00 B
[Step 97] PGD Update - Time: 0.0032s, Mem: -3407872.00 B

[Step 97] 完整步骤总时间: 6.149885s | 总显存: 176.00 KB
[Step 97] 峰值显存: 16.96 GB

[Step 98] ============ 详细性能分析 ============
[模型部分] 总时间: 1.966248s | 显存: 4.12 GB

[0-9秒 PDE求解详细性能]

[19秒 PDE求解]
  t=19s - 时间: 1.945661s | 显存: 0.00 B

[PDE求解部分] 总时间: 1.945661s | 显存: 0.00 B

[本步骤总计] 时间: 3.911910s | 显存: 4.12 GB
surrogate_loss (vs forward.true_19):  tensor(2724.0730, device='cuda:0', grad_fn=<MseLossBackward0>)
[Step 98] Backward Propagation - Time: 4.2046s, Mem: -4411146240.00 B
[Step 98] PGD Update - Time: 0.0032s, Mem: -3588096.00 B

[Step 98] 完整步骤总时间: 6.175773s | 总显存: -180224.00 B
[Step 98] 峰值显存: 16.96 GB

[Step 99] ============ 详细性能分析 ============
[模型部分] 总时间: 1.955391s | 显存: 4.12 GB

[0-9秒 PDE求解详细性能]

[19秒 PDE求解]
  t=19s - 时间: 1.934040s | 显存: 0.00 B

[PDE求解部分] 总时间: 1.934040s | 显存: 0.00 B

[本步骤总计] 时间: 3.889431s | 显存: 4.12 GB
surrogate_loss (vs forward.true_19):  tensor(2727.1465, device='cuda:0', grad_fn=<MseLossBackward0>)
[Step 99] Backward Propagation - Time: 4.7264s, Mem: -4410531840.00 B
[Step 99] PGD Update - Time: 0.0040s, Mem: -3407872.00 B

[Step 99] 完整步骤总时间: 6.687732s | 总显存: 176.00 KB
[Step 99] 峰值显存: 16.96 GB
清理前显存占用: 13092.8798828125 MB
PGD攻击完成！显存已清理
当前显存占用: 2092.1298828125 MB
mode_spec = aaawwwwwww
Per-frame modes: [t=01] approx | [t=02] approx | [t=03] approx | [t=04] with_solver | [t=05] with_solver | [t=06] with_solver | [t=07] with_solver | [t=08] with_solver | [t=09] with_solver | [t=19] with_solver
================================================================================
norm: 2, epsilon: 39.3216, alpha: 2.5, num_steps: 100, index: 1, method: adam, mode_spec: aaawwwwwww, b1: 0.9, b2: 0.999, adam_eps: 1e-08, sign_Linf: True, amsgrad: False

[Step 0] ============ 详细性能分析 ============
[模型部分] 总时间: 1.968571s | 显存: 4.12 GB

[0-9秒 PDE求解详细性能]

[19秒 PDE求解]
  t=19s - 时间: 1.938774s | 显存: 0.00 B

[PDE求解部分] 总时间: 1.938774s | 显存: 0.00 B

[本步骤总计] 时间: 3.907345s | 显存: 4.12 GB
surrogate_loss (vs forward.true_19):  tensor(10839.1455, device='cuda:0', grad_fn=<MseLossBackward0>)
[Step 0] Backward Propagation - Time: 4.2612s, Mem: -4411990016.00 B
[Step 0] PGD Update - Time: 0.0016s, Mem: 1.75 MB

[Step 0] 完整步骤总时间: 6.233219s | 总显存: 5.25 MB
[Step 0] 峰值显存: 16.96 GB

[Step 1] ============ 详细性能分析 ============
[模型部分] 总时间: 1.934993s | 显存: 4.12 GB

[0-9秒 PDE求解详细性能]

[19秒 PDE求解]
  t=19s - 时间: 1.911881s | 显存: 0.00 B

[PDE求解部分] 总时间: 1.911881s | 显存: 0.00 B

[本步骤总计] 时间: 3.846874s | 显存: 4.12 GB
surrogate_loss (vs forward.true_19):  tensor(9070.9844, device='cuda:0', grad_fn=<MseLossBackward0>)
[Step 1] Backward Propagation - Time: 4.2100s, Mem: -4410531840.00 B
[Step 1] PGD Update - Time: 0.0026s, Mem: -3407872.00 B

[Step 1] 完整步骤总时间: 6.149335s | 总显存: 176.00 KB
[Step 1] 峰值显存: 16.96 GB

[Step 2] ============ 详细性能分析 ============
[模型部分] 总时间: 1.939202s | 显存: 4.12 GB

[0-9秒 PDE求解详细性能]

[19秒 PDE求解]
  t=19s - 时间: 1.918327s | 显存: 0.00 B

[PDE求解部分] 总时间: 1.918327s | 显存: 0.00 B

[本步骤总计] 时间: 3.857529s | 显存: 4.12 GB
surrogate_loss (vs forward.true_19):  tensor(7846.0312, device='cuda:0', grad_fn=<MseLossBackward0>)
[Step 2] Backward Propagation - Time: 4.2607s, Mem: -4411146240.00 B
[Step 2] PGD Update - Time: 0.0024s, Mem: -3588096.00 B

[Step 2] 完整步骤总时间: 6.204315s | 总显存: -180224.00 B
[Step 2] 峰值显存: 16.96 GB

[Step 3] ============ 详细性能分析 ============
[模型部分] 总时间: 1.969588s | 显存: 4.12 GB

[0-9秒 PDE求解详细性能]

[19秒 PDE求解]
  t=19s - 时间: 1.948858s | 显存: 0.00 B

[PDE求解部分] 总时间: 1.948858s | 显存: 0.00 B

[本步骤总计] 时间: 3.918446s | 显存: 4.12 GB
surrogate_loss (vs forward.true_19):  tensor(6827.6533, device='cuda:0', grad_fn=<MseLossBackward0>)
[Step 3] Backward Propagation - Time: 4.2751s, Mem: -4410531840.00 B
[Step 3] PGD Update - Time: 0.0026s, Mem: -3407872.00 B

[Step 3] 完整步骤总时间: 6.249384s | 总显存: 176.00 KB
[Step 3] 峰值显存: 16.96 GB

[Step 4] ============ 详细性能分析 ============
[模型部分] 总时间: 1.972416s | 显存: 4.12 GB

[0-9秒 PDE求解详细性能]

[19秒 PDE求解]
  t=19s - 时间: 1.951126s | 显存: 0.00 B

[PDE求解部分] 总时间: 1.951126s | 显存: 0.00 B

[本步骤总计] 时间: 3.923542s | 显存: 4.12 GB
surrogate_loss (vs forward.true_19):  tensor(3519.0891, device='cuda:0', grad_fn=<MseLossBackward0>)
[Step 4] Backward Propagation - Time: 4.2020s, Mem: -4411146240.00 B
[Step 4] PGD Update - Time: 0.0024s, Mem: -3588096.00 B

[Step 4] 完整步骤总时间: 6.178871s | 总显存: -180224.00 B
[Step 4] 峰值显存: 16.96 GB

[Step 5] ============ 详细性能分析 ============
[模型部分] 总时间: 1.965049s | 显存: 4.12 GB

[0-9秒 PDE求解详细性能]

[19秒 PDE求解]
  t=19s - 时间: 1.944183s | 显存: 0.00 B

[PDE求解部分] 总时间: 1.944183s | 显存: 0.00 B

[本步骤总计] 时间: 3.909232s | 显存: 4.12 GB
surrogate_loss (vs forward.true_19):  tensor(3182.7690, device='cuda:0', grad_fn=<MseLossBackward0>)
[Step 5] Backward Propagation - Time: 4.2693s, Mem: -4410531840.00 B
[Step 5] PGD Update - Time: 0.0028s, Mem: -3407872.00 B

[Step 5] 完整步骤总时间: 6.239007s | 总显存: 176.00 KB
[Step 5] 峰值显存: 16.96 GB

[Step 6] ============ 详细性能分析 ============
[模型部分] 总时间: 1.977646s | 显存: 4.12 GB

[0-9秒 PDE求解详细性能]

[19秒 PDE求解]
  t=19s - 时间: 1.956789s | 显存: 0.00 B

[PDE求解部分] 总时间: 1.956789s | 显存: 0.00 B

[本步骤总计] 时间: 3.934435s | 显存: 4.12 GB
surrogate_loss (vs forward.true_19):  tensor(2978.9150, device='cuda:0', grad_fn=<MseLossBackward0>)
[Step 6] Backward Propagation - Time: 4.2533s, Mem: -4411146240.00 B
[Step 6] PGD Update - Time: 0.0036s, Mem: -3588096.00 B

[Step 6] 完整步骤总时间: 6.236469s | 总显存: -180224.00 B
[Step 6] 峰值显存: 16.96 GB

[Step 7] ============ 详细性能分析 ============
[模型部分] 总时间: 1.963811s | 显存: 4.12 GB

[0-9秒 PDE求解详细性能]

[19秒 PDE求解]
  t=19s - 时间: 1.943077s | 显存: 0.00 B

[PDE求解部分] 总时间: 1.943077s | 显存: 0.00 B

[本步骤总计] 时间: 3.906888s | 显存: 4.12 GB
surrogate_loss (vs forward.true_19):  tensor(3006.2139, device='cuda:0', grad_fn=<MseLossBackward0>)
[Step 7] Backward Propagation - Time: 4.1980s, Mem: -4410531840.00 B
[Step 7] PGD Update - Time: 0.0028s, Mem: -3407872.00 B

[Step 7] 完整步骤总时间: 6.166548s | 总显存: 176.00 KB
[Step 7] 峰值显存: 16.96 GB

[Step 8] ============ 详细性能分析 ============
[模型部分] 总时间: 1.942448s | 显存: 4.12 GB

[0-9秒 PDE求解详细性能]

[19秒 PDE求解]
  t=19s - 时间: 1.921737s | 显存: 0.00 B

[PDE求解部分] 总时间: 1.921737s | 显存: 0.00 B

[本步骤总计] 时间: 3.864185s | 显存: 4.12 GB
surrogate_loss (vs forward.true_19):  tensor(3315.1345, device='cuda:0', grad_fn=<MseLossBackward0>)
[Step 8] Backward Propagation - Time: 4.2825s, Mem: -4411146240.00 B
[Step 8] PGD Update - Time: 0.0027s, Mem: -3588096.00 B

[Step 8] 完整步骤总时间: 6.229457s | 总显存: -180224.00 B
[Step 8] 峰值显存: 16.96 GB

[Step 9] ============ 详细性能分析 ============
[模型部分] 总时间: 1.935599s | 显存: 4.12 GB

[0-9秒 PDE求解详细性能]

[19秒 PDE求解]
  t=19s - 时间: 1.914883s | 显存: 0.00 B

[PDE求解部分] 总时间: 1.914883s | 显存: 0.00 B

[本步骤总计] 时间: 3.850482s | 显存: 4.12 GB
surrogate_loss (vs forward.true_19):  tensor(2908.8357, device='cuda:0', grad_fn=<MseLossBackward0>)
[Step 9] Backward Propagation - Time: 4.2522s, Mem: -4410531840.00 B
[Step 9] PGD Update - Time: 0.0027s, Mem: -3407872.00 B

[Step 9] 完整步骤总时间: 6.192335s | 总显存: 176.00 KB
[Step 9] 峰值显存: 16.96 GB

[Step 10] ============ 详细性能分析 ============
[模型部分] 总时间: 1.967758s | 显存: 4.12 GB

[0-9秒 PDE求解详细性能]

[19秒 PDE求解]
  t=19s - 时间: 1.947014s | 显存: 0.00 B

[PDE求解部分] 总时间: 1.947014s | 显存: 0.00 B

[本步骤总计] 时间: 3.914772s | 显存: 4.12 GB
surrogate_loss (vs forward.true_19):  tensor(2554.5959, device='cuda:0', grad_fn=<MseLossBackward0>)
[Step 10] Backward Propagation - Time: 4.1997s, Mem: -4411146240.00 B
[Step 10] PGD Update - Time: 0.0028s, Mem: -3588096.00 B

[Step 10] 完整步骤总时间: 6.172056s | 总显存: -180224.00 B
[Step 10] 峰值显存: 16.96 GB

[Step 11] ============ 详细性能分析 ============
[模型部分] 总时间: 1.926952s | 显存: 4.12 GB

[0-9秒 PDE求解详细性能]

[19秒 PDE求解]
  t=19s - 时间: 1.906121s | 显存: 0.00 B

[PDE求解部分] 总时间: 1.906121s | 显存: 0.00 B

[本步骤总计] 时间: 3.833073s | 显存: 4.12 GB
surrogate_loss (vs forward.true_19):  tensor(3871.1572, device='cuda:0', grad_fn=<MseLossBackward0>)
[Step 11] Backward Propagation - Time: 4.2033s, Mem: -4410531840.00 B
[Step 11] PGD Update - Time: 0.0031s, Mem: -3407872.00 B

[Step 11] 完整步骤总时间: 6.135436s | 总显存: 176.00 KB
[Step 11] 峰值显存: 16.96 GB

[Step 12] ============ 详细性能分析 ============
[模型部分] 总时间: 1.939122s | 显存: 4.12 GB

[0-9秒 PDE求解详细性能]

[19秒 PDE求解]
  t=19s - 时间: 1.918283s | 显存: 0.00 B

[PDE求解部分] 总时间: 1.918283s | 显存: 0.00 B

[本步骤总计] 时间: 3.857406s | 显存: 4.12 GB
surrogate_loss (vs forward.true_19):  tensor(3936.0225, device='cuda:0', grad_fn=<MseLossBackward0>)
[Step 12] Backward Propagation - Time: 4.2182s, Mem: -4411146240.00 B
[Step 12] PGD Update - Time: 0.0031s, Mem: -3588096.00 B

[Step 12] 完整步骤总时间: 6.162575s | 总显存: -180224.00 B
[Step 12] 峰值显存: 16.96 GB

[Step 13] ============ 详细性能分析 ============
[模型部分] 总时间: 1.938197s | 显存: 4.12 GB

[0-9秒 PDE求解详细性能]

[19秒 PDE求解]
  t=19s - 时间: 1.917054s | 显存: 0.00 B

[PDE求解部分] 总时间: 1.917054s | 显存: 0.00 B

[本步骤总计] 时间: 3.855251s | 显存: 4.12 GB
surrogate_loss (vs forward.true_19):  tensor(4273.5244, device='cuda:0', grad_fn=<MseLossBackward0>)
[Step 13] Backward Propagation - Time: 4.1955s, Mem: -4410531840.00 B
[Step 13] PGD Update - Time: 0.0029s, Mem: -3407872.00 B

[Step 13] 完整步骤总时间: 6.138656s | 总显存: 176.00 KB
[Step 13] 峰值显存: 16.96 GB

[Step 14] ============ 详细性能分析 ============
[模型部分] 总时间: 1.942822s | 显存: 4.12 GB

[0-9秒 PDE求解详细性能]

[19秒 PDE求解]
  t=19s - 时间: 1.921778s | 显存: 0.00 B

[PDE求解部分] 总时间: 1.921778s | 显存: 0.00 B

[本步骤总计] 时间: 3.864600s | 显存: 4.12 GB
surrogate_loss (vs forward.true_19):  tensor(4776.7153, device='cuda:0', grad_fn=<MseLossBackward0>)
[Step 14] Backward Propagation - Time: 4.1929s, Mem: -4411146240.00 B
[Step 14] PGD Update - Time: 0.0028s, Mem: -3588096.00 B

[Step 14] 完整步骤总时间: 6.140458s | 总显存: -180224.00 B
[Step 14] 峰值显存: 16.96 GB

[Step 15] ============ 详细性能分析 ============
[模型部分] 总时间: 1.930642s | 显存: 4.12 GB

[0-9秒 PDE求解详细性能]

[19秒 PDE求解]
  t=19s - 时间: 1.909731s | 显存: 0.00 B

[PDE求解部分] 总时间: 1.909731s | 显存: 0.00 B

[本步骤总计] 时间: 3.840373s | 显存: 4.12 GB
surrogate_loss (vs forward.true_19):  tensor(4828.7314, device='cuda:0', grad_fn=<MseLossBackward0>)
[Step 15] Backward Propagation - Time: 4.1951s, Mem: -4410531840.00 B
[Step 15] PGD Update - Time: 0.0038s, Mem: -3407872.00 B

[Step 15] 完整步骤总时间: 6.131633s | 总显存: 176.00 KB
[Step 15] 峰值显存: 16.96 GB

[Step 16] ============ 详细性能分析 ============
[模型部分] 总时间: 1.933058s | 显存: 4.12 GB

[0-9秒 PDE求解详细性能]

[19秒 PDE求解]
  t=19s - 时间: 1.912229s | 显存: 0.00 B

[PDE求解部分] 总时间: 1.912229s | 显存: 0.00 B

[本步骤总计] 时间: 3.845288s | 显存: 4.12 GB
surrogate_loss (vs forward.true_19):  tensor(4771.3115, device='cuda:0', grad_fn=<MseLossBackward0>)
[Step 16] Backward Propagation - Time: 4.2171s, Mem: -4411146240.00 B
[Step 16] PGD Update - Time: 0.0033s, Mem: -3588096.00 B

[Step 16] 完整步骤总时间: 6.155274s | 总显存: -180224.00 B
[Step 16] 峰值显存: 16.96 GB

[Step 17] ============ 详细性能分析 ============
[模型部分] 总时间: 1.952776s | 显存: 4.12 GB

[0-9秒 PDE求解详细性能]

[19秒 PDE求解]
  t=19s - 时间: 1.931840s | 显存: 0.00 B

[PDE求解部分] 总时间: 1.931840s | 显存: 0.00 B

[本步骤总计] 时间: 3.884616s | 显存: 4.12 GB
surrogate_loss (vs forward.true_19):  tensor(4610.9697, device='cuda:0', grad_fn=<MseLossBackward0>)
[Step 17] Backward Propagation - Time: 4.2007s, Mem: -4410531840.00 B
[Step 17] PGD Update - Time: 0.0025s, Mem: -3407872.00 B

[Step 17] 完整步骤总时间: 6.157871s | 总显存: 176.00 KB
[Step 17] 峰值显存: 16.96 GB

[Step 18] ============ 详细性能分析 ============
[模型部分] 总时间: 1.918958s | 显存: 4.12 GB

[0-9秒 PDE求解详细性能]

[19秒 PDE求解]
  t=19s - 时间: 1.898061s | 显存: 0.00 B

[PDE求解部分] 总时间: 1.898061s | 显存: 0.00 B

[本步骤总计] 时间: 3.817019s | 显存: 4.12 GB
surrogate_loss (vs forward.true_19):  tensor(4394.4927, device='cuda:0', grad_fn=<MseLossBackward0>)
[Step 18] Backward Propagation - Time: 4.1997s, Mem: -4411146240.00 B
[Step 18] PGD Update - Time: 0.0028s, Mem: -3588096.00 B

[Step 18] 完整步骤总时间: 6.123319s | 总显存: -180224.00 B
[Step 18] 峰值显存: 16.96 GB

[Step 19] ============ 详细性能分析 ============
[模型部分] 总时间: 1.935263s | 显存: 4.12 GB

[0-9秒 PDE求解详细性能]

[19秒 PDE求解]
  t=19s - 时间: 1.914457s | 显存: 0.00 B

[PDE求解部分] 总时间: 1.914457s | 显存: 0.00 B

[本步骤总计] 时间: 3.849721s | 显存: 4.12 GB
surrogate_loss (vs forward.true_19):  tensor(4774.0645, device='cuda:0', grad_fn=<MseLossBackward0>)
[Step 19] Backward Propagation - Time: 4.2312s, Mem: -4410531840.00 B
[Step 19] PGD Update - Time: 0.0028s, Mem: -3407872.00 B

[Step 19] 完整步骤总时间: 6.171085s | 总显存: 176.00 KB
[Step 19] 峰值显存: 16.96 GB

[Step 20] ============ 详细性能分析 ============
[模型部分] 总时间: 1.964225s | 显存: 4.12 GB

[0-9秒 PDE求解详细性能]

[19秒 PDE求解]
  t=19s - 时间: 1.943605s | 显存: 0.00 B

[PDE求解部分] 总时间: 1.943605s | 显存: 0.00 B

[本步骤总计] 时间: 3.907831s | 显存: 4.12 GB
surrogate_loss (vs forward.true_19):  tensor(6138.1377, device='cuda:0', grad_fn=<MseLossBackward0>)
[Step 20] Backward Propagation - Time: 4.1784s, Mem: -4411146240.00 B
[Step 20] PGD Update - Time: 0.0030s, Mem: -3588096.00 B

[Step 20] 完整步骤总时间: 6.147510s | 总显存: -180224.00 B
[Step 20] 峰值显存: 16.96 GB

[Step 21] ============ 详细性能分析 ============
[模型部分] 总时间: 1.940965s | 显存: 4.12 GB

[0-9秒 PDE求解详细性能]

[19秒 PDE求解]
  t=19s - 时间: 1.920229s | 显存: 0.00 B

[PDE求解部分] 总时间: 1.920229s | 显存: 0.00 B

[本步骤总计] 时间: 3.861193s | 显存: 4.12 GB
surrogate_loss (vs forward.true_19):  tensor(2375.9421, device='cuda:0', grad_fn=<MseLossBackward0>)
[Step 21] Backward Propagation - Time: 4.1394s, Mem: -4410531840.00 B
[Step 21] PGD Update - Time: 0.0033s, Mem: -3407872.00 B

[Step 21] 完整步骤总时间: 6.085670s | 总显存: 176.00 KB
[Step 21] 峰值显存: 16.96 GB

[Step 22] ============ 详细性能分析 ============
[模型部分] 总时间: 1.944598s | 显存: 4.12 GB

[0-9秒 PDE求解详细性能]

[19秒 PDE求解]
  t=19s - 时间: 1.923217s | 显存: 0.00 B

[PDE求解部分] 总时间: 1.923217s | 显存: 0.00 B

[本步骤总计] 时间: 3.867816s | 显存: 4.12 GB
surrogate_loss (vs forward.true_19):  tensor(2101.7651, device='cuda:0', grad_fn=<MseLossBackward0>)
[Step 22] Backward Propagation - Time: 4.1627s, Mem: -4411146240.00 B
[Step 22] PGD Update - Time: 0.0033s, Mem: -3588096.00 B

[Step 22] 完整步骤总时间: 6.112672s | 总显存: -180224.00 B
[Step 22] 峰值显存: 16.96 GB

[Step 23] ============ 详细性能分析 ============
[模型部分] 总时间: 1.945425s | 显存: 4.12 GB

[0-9秒 PDE求解详细性能]

[19秒 PDE求解]
  t=19s - 时间: 1.924249s | 显存: 0.00 B

[PDE求解部分] 总时间: 1.924249s | 显存: 0.00 B

[本步骤总计] 时间: 3.869674s | 显存: 4.12 GB
surrogate_loss (vs forward.true_19):  tensor(1961.1843, device='cuda:0', grad_fn=<MseLossBackward0>)
[Step 23] Backward Propagation - Time: 4.1949s, Mem: -4410531840.00 B
[Step 23] PGD Update - Time: 0.0029s, Mem: -3407872.00 B

[Step 23] 完整步骤总时间: 6.145155s | 总显存: 176.00 KB
[Step 23] 峰值显存: 16.96 GB

[Step 24] ============ 详细性能分析 ============
[模型部分] 总时间: 1.940332s | 显存: 4.12 GB

[0-9秒 PDE求解详细性能]

[19秒 PDE求解]
  t=19s - 时间: 1.919454s | 显存: 0.00 B

[PDE求解部分] 总时间: 1.919454s | 显存: 0.00 B

[本步骤总计] 时间: 3.859786s | 显存: 4.12 GB
surrogate_loss (vs forward.true_19):  tensor(2115.5190, device='cuda:0', grad_fn=<MseLossBackward0>)
[Step 24] Backward Propagation - Time: 4.1632s, Mem: -4411146240.00 B
[Step 24] PGD Update - Time: 0.0041s, Mem: -3588096.00 B

[Step 24] 完整步骤总时间: 6.109515s | 总显存: -180224.00 B
[Step 24] 峰值显存: 16.96 GB

[Step 25] ============ 详细性能分析 ============
[模型部分] 总时间: 1.933085s | 显存: 4.12 GB

[0-9秒 PDE求解详细性能]

[19秒 PDE求解]
  t=19s - 时间: 1.912150s | 显存: 0.00 B

[PDE求解部分] 总时间: 1.912150s | 显存: 0.00 B

[本步骤总计] 时间: 3.845234s | 显存: 4.12 GB
surrogate_loss (vs forward.true_19):  tensor(2543.5576, device='cuda:0', grad_fn=<MseLossBackward0>)
[Step 25] Backward Propagation - Time: 4.1389s, Mem: -4410531840.00 B
[Step 25] PGD Update - Time: 0.0037s, Mem: -3407872.00 B

[Step 25] 完整步骤总时间: 6.077544s | 总显存: 176.00 KB
[Step 25] 峰值显存: 16.96 GB

[Step 26] ============ 详细性能分析 ============
[模型部分] 总时间: 1.940033s | 显存: 4.12 GB

[0-9秒 PDE求解详细性能]

[19秒 PDE求解]
  t=19s - 时间: 1.919136s | 显存: 0.00 B

[PDE求解部分] 总时间: 1.919136s | 显存: 0.00 B

[本步骤总计] 时间: 3.859169s | 显存: 4.12 GB
surrogate_loss (vs forward.true_19):  tensor(3008.3643, device='cuda:0', grad_fn=<MseLossBackward0>)
[Step 26] Backward Propagation - Time: 4.1898s, Mem: -4411146240.00 B
[Step 26] PGD Update - Time: 0.0032s, Mem: -3588096.00 B

[Step 26] 完整步骤总时间: 6.134846s | 总显存: -180224.00 B
[Step 26] 峰值显存: 16.96 GB

[Step 27] ============ 详细性能分析 ============
[模型部分] 总时间: 1.927434s | 显存: 4.12 GB

[0-9秒 PDE求解详细性能]

[19秒 PDE求解]
  t=19s - 时间: 1.906670s | 显存: 0.00 B

[PDE求解部分] 总时间: 1.906670s | 显存: 0.00 B

[本步骤总计] 时间: 3.834105s | 显存: 4.12 GB
surrogate_loss (vs forward.true_19):  tensor(3689.5906, device='cuda:0', grad_fn=<MseLossBackward0>)
[Step 27] Backward Propagation - Time: 4.1954s, Mem: -4410531840.00 B
[Step 27] PGD Update - Time: 0.0029s, Mem: -3407872.00 B

[Step 27] 完整步骤总时间: 6.127867s | 总显存: 176.00 KB
[Step 27] 峰值显存: 16.96 GB

[Step 28] ============ 详细性能分析 ============
[模型部分] 总时间: 1.942839s | 显存: 4.12 GB

[0-9秒 PDE求解详细性能]

[19秒 PDE求解]
  t=19s - 时间: 1.922208s | 显存: 0.00 B

[PDE求解部分] 总时间: 1.922208s | 显存: 0.00 B

[本步骤总计] 时间: 3.865046s | 显存: 4.12 GB
surrogate_loss (vs forward.true_19):  tensor(3728.9199, device='cuda:0', grad_fn=<MseLossBackward0>)
[Step 28] Backward Propagation - Time: 4.2650s, Mem: -4411146240.00 B
[Step 28] PGD Update - Time: 0.0033s, Mem: -3588096.00 B

[Step 28] 完整步骤总时间: 6.213008s | 总显存: -180224.00 B
[Step 28] 峰值显存: 16.96 GB

[Step 29] ============ 详细性能分析 ============
[模型部分] 总时间: 1.972089s | 显存: 4.12 GB

[0-9秒 PDE求解详细性能]

[19秒 PDE求解]
  t=19s - 时间: 1.951314s | 显存: 0.00 B

[PDE求解部分] 总时间: 1.951314s | 显存: 0.00 B

[本步骤总计] 时间: 3.923403s | 显存: 4.12 GB
surrogate_loss (vs forward.true_19):  tensor(3588.7732, device='cuda:0', grad_fn=<MseLossBackward0>)
[Step 29] Backward Propagation - Time: 4.2390s, Mem: -4410531840.00 B
[Step 29] PGD Update - Time: 0.0031s, Mem: -3407872.00 B

[Step 29] 完整步骤总时间: 6.216323s | 总显存: 176.00 KB
[Step 29] 峰值显存: 16.96 GB

[Step 30] ============ 详细性能分析 ============
[模型部分] 总时间: 1.977875s | 显存: 4.12 GB

[0-9秒 PDE求解详细性能]

[19秒 PDE求解]
  t=19s - 时间: 1.957116s | 显存: 0.00 B

[PDE求解部分] 总时间: 1.957116s | 显存: 0.00 B

[本步骤总计] 时间: 3.934991s | 显存: 4.12 GB
surrogate_loss (vs forward.true_19):  tensor(3246.5674, device='cuda:0', grad_fn=<MseLossBackward0>)
[Step 30] Backward Propagation - Time: 4.2050s, Mem: -4411146240.00 B
[Step 30] PGD Update - Time: 0.0031s, Mem: -3588096.00 B

[Step 30] 完整步骤总时间: 6.188259s | 总显存: -180224.00 B
[Step 30] 峰值显存: 16.96 GB

[Step 31] ============ 详细性能分析 ============
[模型部分] 总时间: 1.962563s | 显存: 4.12 GB

[0-9秒 PDE求解详细性能]

[19秒 PDE求解]
  t=19s - 时间: 1.941676s | 显存: 0.00 B

[PDE求解部分] 总时间: 1.941676s | 显存: 0.00 B

[本步骤总计] 时间: 3.904240s | 显存: 4.12 GB
surrogate_loss (vs forward.true_19):  tensor(2881.8628, device='cuda:0', grad_fn=<MseLossBackward0>)
[Step 31] Backward Propagation - Time: 4.2546s, Mem: -4410531840.00 B
[Step 31] PGD Update - Time: 0.0034s, Mem: -3407872.00 B

[Step 31] 完整步骤总时间: 6.222741s | 总显存: 176.00 KB
[Step 31] 峰值显存: 16.96 GB

[Step 32] ============ 详细性能分析 ============
[模型部分] 总时间: 1.970692s | 显存: 4.12 GB

[0-9秒 PDE求解详细性能]

[19秒 PDE求解]
  t=19s - 时间: 1.949360s | 显存: 0.00 B

[PDE求解部分] 总时间: 1.949360s | 显存: 0.00 B

[本步骤总计] 时间: 3.920052s | 显存: 4.12 GB
surrogate_loss (vs forward.true_19):  tensor(2624.1604, device='cuda:0', grad_fn=<MseLossBackward0>)
[Step 32] Backward Propagation - Time: 4.2087s, Mem: -4411146240.00 B
[Step 32] PGD Update - Time: 0.0031s, Mem: -3588096.00 B

[Step 32] 完整步骤总时间: 6.184730s | 总显存: -180224.00 B
[Step 32] 峰值显存: 16.96 GB

[Step 33] ============ 详细性能分析 ============
[模型部分] 总时间: 1.946419s | 显存: 4.12 GB

[0-9秒 PDE求解详细性能]

[19秒 PDE求解]
  t=19s - 时间: 1.925628s | 显存: 0.00 B

[PDE求解部分] 总时间: 1.925628s | 显存: 0.00 B

[本步骤总计] 时间: 3.872047s | 显存: 4.12 GB
surrogate_loss (vs forward.true_19):  tensor(2443.2510, device='cuda:0', grad_fn=<MseLossBackward0>)
[Step 33] Backward Propagation - Time: 4.2714s, Mem: -4410531840.00 B
[Step 33] PGD Update - Time: 0.0031s, Mem: -3407872.00 B

[Step 33] 完整步骤总时间: 6.222789s | 总显存: 176.00 KB
[Step 33] 峰值显存: 16.96 GB

[Step 34] ============ 详细性能分析 ============
[模型部分] 总时间: 1.977756s | 显存: 4.12 GB

[0-9秒 PDE求解详细性能]

[19秒 PDE求解]
  t=19s - 时间: 1.956742s | 显存: 0.00 B

[PDE求解部分] 总时间: 1.956742s | 显存: 0.00 B

[本步骤总计] 时间: 3.934498s | 显存: 4.12 GB
surrogate_loss (vs forward.true_19):  tensor(2269.6260, device='cuda:0', grad_fn=<MseLossBackward0>)
[Step 34] Backward Propagation - Time: 4.2639s, Mem: -4411146240.00 B
[Step 34] PGD Update - Time: 0.0041s, Mem: -3588096.00 B

[Step 34] 完整步骤总时间: 6.248019s | 总显存: -180224.00 B
[Step 34] 峰值显存: 16.96 GB

[Step 35] ============ 详细性能分析 ============
[模型部分] 总时间: 1.934539s | 显存: 4.12 GB

[0-9秒 PDE求解详细性能]

[19秒 PDE求解]
  t=19s - 时间: 1.913636s | 显存: 0.00 B

[PDE求解部分] 总时间: 1.913636s | 显存: 0.00 B

[本步骤总计] 时间: 3.848175s | 显存: 4.12 GB
surrogate_loss (vs forward.true_19):  tensor(2105.7129, device='cuda:0', grad_fn=<MseLossBackward0>)
[Step 35] Backward Propagation - Time: 4.2534s, Mem: -4410531840.00 B
[Step 35] PGD Update - Time: 0.0032s, Mem: -3407872.00 B

[Step 35] 完整步骤总时间: 6.192992s | 总显存: 176.00 KB
[Step 35] 峰值显存: 16.96 GB

[Step 36] ============ 详细性能分析 ============
[模型部分] 总时间: 1.964561s | 显存: 4.12 GB

[0-9秒 PDE求解详细性能]

[19秒 PDE求解]
  t=19s - 时间: 1.943858s | 显存: 0.00 B

[PDE求解部分] 总时间: 1.943858s | 显存: 0.00 B

[本步骤总计] 时间: 3.908419s | 显存: 4.12 GB
surrogate_loss (vs forward.true_19):  tensor(2065.0083, device='cuda:0', grad_fn=<MseLossBackward0>)
[Step 36] Backward Propagation - Time: 4.2495s, Mem: -4411146240.00 B
[Step 36] PGD Update - Time: 0.0031s, Mem: -3588096.00 B

[Step 36] 完整步骤总时间: 6.218944s | 总显存: -180224.00 B
[Step 36] 峰值显存: 16.96 GB

[Step 37] ============ 详细性能分析 ============
[模型部分] 总时间: 1.948475s | 显存: 4.12 GB

[0-9秒 PDE求解详细性能]

[19秒 PDE求解]
  t=19s - 时间: 1.927652s | 显存: 0.00 B

[PDE求解部分] 总时间: 1.927652s | 显存: 0.00 B

[本步骤总计] 时间: 3.876128s | 显存: 4.12 GB
surrogate_loss (vs forward.true_19):  tensor(2203.6279, device='cuda:0', grad_fn=<MseLossBackward0>)
[Step 37] Backward Propagation - Time: 4.2185s, Mem: -4410531840.00 B
[Step 37] PGD Update - Time: 0.0031s, Mem: -3407872.00 B

[Step 37] 完整步骤总时间: 6.171853s | 总显存: 176.00 KB
[Step 37] 峰值显存: 16.96 GB

[Step 38] ============ 详细性能分析 ============
[模型部分] 总时间: 1.940471s | 显存: 4.12 GB

[0-9秒 PDE求解详细性能]

[19秒 PDE求解]
  t=19s - 时间: 1.919658s | 显存: 0.00 B

[PDE求解部分] 总时间: 1.919658s | 显存: 0.00 B

[本步骤总计] 时间: 3.860129s | 显存: 4.12 GB
surrogate_loss (vs forward.true_19):  tensor(2447.8711, device='cuda:0', grad_fn=<MseLossBackward0>)
[Step 38] Backward Propagation - Time: 4.2276s, Mem: -4411146240.00 B
[Step 38] PGD Update - Time: 0.0032s, Mem: -3588096.00 B

[Step 38] 完整步骤总时间: 6.173103s | 总显存: -180224.00 B
[Step 38] 峰值显存: 16.96 GB

[Step 39] ============ 详细性能分析 ============
[模型部分] 总时间: 1.959864s | 显存: 4.12 GB

[0-9秒 PDE求解详细性能]

[19秒 PDE求解]
  t=19s - 时间: 1.939164s | 显存: 0.00 B

[PDE求解部分] 总时间: 1.939164s | 显存: 0.00 B

[本步骤总计] 时间: 3.899028s | 显存: 4.12 GB
surrogate_loss (vs forward.true_19):  tensor(2776.9514, device='cuda:0', grad_fn=<MseLossBackward0>)
[Step 39] Backward Propagation - Time: 4.2007s, Mem: -4410531840.00 B
[Step 39] PGD Update - Time: 0.0030s, Mem: -3407872.00 B

[Step 39] 完整步骤总时间: 6.165580s | 总显存: 176.00 KB
[Step 39] 峰值显存: 16.96 GB

[Step 40] ============ 详细性能分析 ============
[模型部分] 总时间: 1.937412s | 显存: 4.12 GB

[0-9秒 PDE求解详细性能]

[19秒 PDE求解]
  t=19s - 时间: 1.916439s | 显存: 0.00 B

[PDE求解部分] 总时间: 1.916439s | 显存: 0.00 B

[本步骤总计] 时间: 3.853851s | 显存: 4.12 GB
surrogate_loss (vs forward.true_19):  tensor(3274.4692, device='cuda:0', grad_fn=<MseLossBackward0>)
[Step 40] Backward Propagation - Time: 4.2334s, Mem: -4411146240.00 B
[Step 40] PGD Update - Time: 0.0033s, Mem: -3588096.00 B

[Step 40] 完整步骤总时间: 6.176216s | 总显存: -180224.00 B
[Step 40] 峰值显存: 16.96 GB

[Step 41] ============ 详细性能分析 ============
[模型部分] 总时间: 1.944576s | 显存: 4.12 GB

[0-9秒 PDE求解详细性能]

[19秒 PDE求解]
  t=19s - 时间: 1.923328s | 显存: 0.00 B

[PDE求解部分] 总时间: 1.923328s | 显存: 0.00 B

[本步骤总计] 时间: 3.867904s | 显存: 4.12 GB
surrogate_loss (vs forward.true_19):  tensor(4124.1211, device='cuda:0', grad_fn=<MseLossBackward0>)
[Step 41] Backward Propagation - Time: 4.2659s, Mem: -4410531840.00 B
[Step 41] PGD Update - Time: 0.0032s, Mem: -3407872.00 B

[Step 41] 完整步骤总时间: 6.215736s | 总显存: 176.00 KB
[Step 41] 峰值显存: 16.96 GB

[Step 42] ============ 详细性能分析 ============
[模型部分] 总时间: 1.962357s | 显存: 4.12 GB

[0-9秒 PDE求解详细性能]

[19秒 PDE求解]
  t=19s - 时间: 1.941318s | 显存: 0.00 B

[PDE求解部分] 总时间: 1.941318s | 显存: 0.00 B

[本步骤总计] 时间: 3.903675s | 显存: 4.12 GB
surrogate_loss (vs forward.true_19):  tensor(5433.4932, device='cuda:0', grad_fn=<MseLossBackward0>)
[Step 42] Backward Propagation - Time: 4.2714s, Mem: -4411146240.00 B
[Step 42] PGD Update - Time: 0.0030s, Mem: -3588096.00 B

[Step 42] 完整步骤总时间: 6.238798s | 总显存: -180224.00 B
[Step 42] 峰值显存: 16.96 GB

[Step 43] ============ 详细性能分析 ============
[模型部分] 总时间: 1.954351s | 显存: 4.12 GB

[0-9秒 PDE求解详细性能]

[19秒 PDE求解]
  t=19s - 时间: 1.933544s | 显存: 0.00 B

[PDE求解部分] 总时间: 1.933544s | 显存: 0.00 B

[本步骤总计] 时间: 3.887895s | 显存: 4.12 GB
surrogate_loss (vs forward.true_19):  tensor(6625.7192, device='cuda:0', grad_fn=<MseLossBackward0>)
[Step 43] Backward Propagation - Time: 4.2230s, Mem: -4410531840.00 B
[Step 43] PGD Update - Time: 0.0033s, Mem: -3407872.00 B

[Step 43] 完整步骤总时间: 6.182461s | 总显存: 176.00 KB
[Step 43] 峰值显存: 16.96 GB

[Step 44] ============ 详细性能分析 ============
[模型部分] 总时间: 1.967176s | 显存: 4.12 GB

[0-9秒 PDE求解详细性能]

[19秒 PDE求解]
  t=19s - 时间: 1.945953s | 显存: 0.00 B

[PDE求解部分] 总时间: 1.945953s | 显存: 0.00 B

[本步骤总计] 时间: 3.913129s | 显存: 4.12 GB
surrogate_loss (vs forward.true_19):  tensor(6566.6836, device='cuda:0', grad_fn=<MseLossBackward0>)
[Step 44] Backward Propagation - Time: 4.2561s, Mem: -4411146240.00 B
[Step 44] PGD Update - Time: 0.0038s, Mem: -3588096.00 B

[Step 44] 完整步骤总时间: 6.229051s | 总显存: -180224.00 B
[Step 44] 峰值显存: 16.96 GB

[Step 45] ============ 详细性能分析 ============
[模型部分] 总时间: 1.953966s | 显存: 4.12 GB

[0-9秒 PDE求解详细性能]

[19秒 PDE求解]
  t=19s - 时间: 1.933119s | 显存: 0.00 B

[PDE求解部分] 总时间: 1.933119s | 显存: 0.00 B

[本步骤总计] 时间: 3.887086s | 显存: 4.12 GB
surrogate_loss (vs forward.true_19):  tensor(5826.7344, device='cuda:0', grad_fn=<MseLossBackward0>)
[Step 45] Backward Propagation - Time: 4.2563s, Mem: -4410531840.00 B
[Step 45] PGD Update - Time: 0.0030s, Mem: -3407872.00 B

[Step 45] 完整步骤总时间: 6.215057s | 总显存: 176.00 KB
[Step 45] 峰值显存: 16.96 GB

[Step 46] ============ 详细性能分析 ============
[模型部分] 总时间: 1.961357s | 显存: 4.12 GB

[0-9秒 PDE求解详细性能]

[19秒 PDE求解]
  t=19s - 时间: 1.940559s | 显存: 0.00 B

[PDE求解部分] 总时间: 1.940559s | 显存: 0.00 B

[本步骤总计] 时间: 3.901916s | 显存: 4.12 GB
surrogate_loss (vs forward.true_19):  tensor(5501.2168, device='cuda:0', grad_fn=<MseLossBackward0>)
[Step 46] Backward Propagation - Time: 4.2184s, Mem: -4411146240.00 B
[Step 46] PGD Update - Time: 0.0030s, Mem: -3588096.00 B

[Step 46] 完整步骤总时间: 6.184511s | 总显存: -180224.00 B
[Step 46] 峰值显存: 16.96 GB

[Step 47] ============ 详细性能分析 ============
[模型部分] 总时间: 1.949366s | 显存: 4.12 GB

[0-9秒 PDE求解详细性能]

[19秒 PDE求解]
  t=19s - 时间: 1.928697s | 显存: 0.00 B

[PDE求解部分] 总时间: 1.928697s | 显存: 0.00 B

[本步骤总计] 时间: 3.878063s | 显存: 4.12 GB
surrogate_loss (vs forward.true_19):  tensor(5289.2822, device='cuda:0', grad_fn=<MseLossBackward0>)
[Step 47] Backward Propagation - Time: 4.2029s, Mem: -4410531840.00 B
[Step 47] PGD Update - Time: 0.0031s, Mem: -3407872.00 B

[Step 47] 完整步骤总时间: 6.157118s | 总显存: 176.00 KB
[Step 47] 峰值显存: 16.96 GB

[Step 48] ============ 详细性能分析 ============
[模型部分] 总时间: 1.925697s | 显存: 4.12 GB

[0-9秒 PDE求解详细性能]

[19秒 PDE求解]
  t=19s - 时间: 1.904899s | 显存: 0.00 B

[PDE求解部分] 总时间: 1.904899s | 显存: 0.00 B

[本步骤总计] 时间: 3.830597s | 显存: 4.12 GB
surrogate_loss (vs forward.true_19):  tensor(5276.5547, device='cuda:0', grad_fn=<MseLossBackward0>)
[Step 48] Backward Propagation - Time: 4.2067s, Mem: -4411146240.00 B
[Step 48] PGD Update - Time: 0.0032s, Mem: -3588096.00 B

[Step 48] 完整步骤总时间: 6.137564s | 总显存: -180224.00 B
[Step 48] 峰值显存: 16.96 GB

[Step 49] ============ 详细性能分析 ============
[模型部分] 总时间: 1.955185s | 显存: 4.12 GB

[0-9秒 PDE求解详细性能]

[19秒 PDE求解]
  t=19s - 时间: 1.934331s | 显存: 0.00 B

[PDE求解部分] 总时间: 1.934331s | 显存: 0.00 B

[本步骤总计] 时间: 3.889516s | 显存: 4.12 GB
surrogate_loss (vs forward.true_19):  tensor(5469.6074, device='cuda:0', grad_fn=<MseLossBackward0>)
[Step 49] Backward Propagation - Time: 4.1931s, Mem: -4410531840.00 B
[Step 49] PGD Update - Time: 0.0031s, Mem: -3407872.00 B

[Step 49] 完整步骤总时间: 6.153261s | 总显存: 176.00 KB
[Step 49] 峰值显存: 16.96 GB

[Step 50] ============ 详细性能分析 ============
[模型部分] 总时间: 1.967894s | 显存: 4.12 GB

[0-9秒 PDE求解详细性能]

[19秒 PDE求解]
  t=19s - 时间: 1.946915s | 显存: 0.00 B

[PDE求解部分] 总时间: 1.946915s | 显存: 0.00 B

[本步骤总计] 时间: 3.914809s | 显存: 4.12 GB
surrogate_loss (vs forward.true_19):  tensor(5502.7441, device='cuda:0', grad_fn=<MseLossBackward0>)
[Step 50] Backward Propagation - Time: 4.2718s, Mem: -4411146240.00 B
[Step 50] PGD Update - Time: 0.0030s, Mem: -3588096.00 B

[Step 50] 完整步骤总时间: 6.244726s | 总显存: -180224.00 B
[Step 50] 峰值显存: 16.96 GB

[Step 51] ============ 详细性能分析 ============
[模型部分] 总时间: 1.949082s | 显存: 4.12 GB

[0-9秒 PDE求解详细性能]

[19秒 PDE求解]
  t=19s - 时间: 1.927720s | 显存: 0.00 B

[PDE求解部分] 总时间: 1.927720s | 显存: 0.00 B

[本步骤总计] 时间: 3.876802s | 显存: 4.12 GB
surrogate_loss (vs forward.true_19):  tensor(5216.2920, device='cuda:0', grad_fn=<MseLossBackward0>)
[Step 51] Backward Propagation - Time: 4.1784s, Mem: -4410531840.00 B
[Step 51] PGD Update - Time: 0.0032s, Mem: -3407872.00 B

[Step 51] 完整步骤总时间: 6.132707s | 总显存: 176.00 KB
[Step 51] 峰值显存: 16.96 GB

[Step 52] ============ 详细性能分析 ============
[模型部分] 总时间: 1.944345s | 显存: 4.12 GB

[0-9秒 PDE求解详细性能]

[19秒 PDE求解]
  t=19s - 时间: 1.923498s | 显存: 0.00 B

[PDE求解部分] 总时间: 1.923498s | 显存: 0.00 B

[本步骤总计] 时间: 3.867843s | 显存: 4.12 GB
surrogate_loss (vs forward.true_19):  tensor(4791.2480, device='cuda:0', grad_fn=<MseLossBackward0>)
[Step 52] Backward Propagation - Time: 4.2292s, Mem: -4411146240.00 B
[Step 52] PGD Update - Time: 0.0032s, Mem: -3588096.00 B

[Step 52] 完整步骤总时间: 6.178588s | 总显存: -180224.00 B
[Step 52] 峰值显存: 16.96 GB

[Step 53] ============ 详细性能分析 ============
[模型部分] 总时间: 1.960193s | 显存: 4.12 GB

[0-9秒 PDE求解详细性能]

[19秒 PDE求解]
  t=19s - 时间: 1.939247s | 显存: 0.00 B

[PDE求解部分] 总时间: 1.939247s | 显存: 0.00 B

[本步骤总计] 时间: 3.899441s | 显存: 4.12 GB
surrogate_loss (vs forward.true_19):  tensor(4150.0459, device='cuda:0', grad_fn=<MseLossBackward0>)
[Step 53] Backward Propagation - Time: 4.2156s, Mem: -4410531840.00 B
[Step 53] PGD Update - Time: 0.0038s, Mem: -3407872.00 B

[Step 53] 完整步骤总时间: 6.181365s | 总显存: 176.00 KB
[Step 53] 峰值显存: 16.96 GB

[Step 54] ============ 详细性能分析 ============
[模型部分] 总时间: 1.956835s | 显存: 4.12 GB

[0-9秒 PDE求解详细性能]

[19秒 PDE求解]
  t=19s - 时间: 1.936005s | 显存: 0.00 B

[PDE求解部分] 总时间: 1.936005s | 显存: 0.00 B

[本步骤总计] 时间: 3.892840s | 显存: 4.12 GB
surrogate_loss (vs forward.true_19):  tensor(3566.6499, device='cuda:0', grad_fn=<MseLossBackward0>)
[Step 54] Backward Propagation - Time: 4.1660s, Mem: -4411146240.00 B
[Step 54] PGD Update - Time: 0.0035s, Mem: -3588096.00 B

[Step 54] 完整步骤总时间: 6.128223s | 总显存: -180224.00 B
[Step 54] 峰值显存: 16.96 GB

[Step 55] ============ 详细性能分析 ============
[模型部分] 总时间: 1.961027s | 显存: 4.12 GB

[0-9秒 PDE求解详细性能]

[19秒 PDE求解]
  t=19s - 时间: 1.940010s | 显存: 0.00 B

[PDE求解部分] 总时间: 1.940010s | 显存: 0.00 B

[本步骤总计] 时间: 3.901037s | 显存: 4.12 GB
surrogate_loss (vs forward.true_19):  tensor(3133.6360, device='cuda:0', grad_fn=<MseLossBackward0>)
[Step 55] Backward Propagation - Time: 4.1619s, Mem: -4410531840.00 B
[Step 55] PGD Update - Time: 0.0031s, Mem: -3407872.00 B

[Step 55] 完整步骤总时间: 6.127812s | 总显存: 176.00 KB
[Step 55] 峰值显存: 16.96 GB

[Step 56] ============ 详细性能分析 ============
[模型部分] 总时间: 1.936740s | 显存: 4.12 GB

[0-9秒 PDE求解详细性能]

[19秒 PDE求解]
  t=19s - 时间: 1.915951s | 显存: 0.00 B

[PDE求解部分] 总时间: 1.915951s | 显存: 0.00 B

[本步骤总计] 时间: 3.852691s | 显存: 4.12 GB
surrogate_loss (vs forward.true_19):  tensor(2770.5889, device='cuda:0', grad_fn=<MseLossBackward0>)
[Step 56] Backward Propagation - Time: 7.2372s, Mem: -4411146240.00 B
[Step 56] PGD Update - Time: 0.0032s, Mem: -3588096.00 B

[Step 56] 完整步骤总时间: 9.178946s | 总显存: -180224.00 B
[Step 56] 峰值显存: 16.96 GB

[Step 57] ============ 详细性能分析 ============
[模型部分] 总时间: 1.947333s | 显存: 4.12 GB

[0-9秒 PDE求解详细性能]

[19秒 PDE求解]
  t=19s - 时间: 1.926040s | 显存: 0.00 B

[PDE求解部分] 总时间: 1.926040s | 显存: 0.00 B

[本步骤总计] 时间: 3.873373s | 显存: 4.12 GB
surrogate_loss (vs forward.true_19):  tensor(2557.7227, device='cuda:0', grad_fn=<MseLossBackward0>)
[Step 57] Backward Propagation - Time: 4.2163s, Mem: -4410531840.00 B
[Step 57] PGD Update - Time: 0.0033s, Mem: -3407872.00 B

[Step 57] 完整步骤总时间: 6.168909s | 总显存: 176.00 KB
[Step 57] 峰值显存: 16.96 GB

[Step 58] ============ 详细性能分析 ============
[模型部分] 总时间: 1.928943s | 显存: 4.12 GB

[0-9秒 PDE求解详细性能]

[19秒 PDE求解]
  t=19s - 时间: 1.908061s | 显存: 0.00 B

[PDE求解部分] 总时间: 1.908061s | 显存: 0.00 B

[本步骤总计] 时间: 3.837005s | 显存: 4.12 GB
surrogate_loss (vs forward.true_19):  tensor(2553.5923, device='cuda:0', grad_fn=<MseLossBackward0>)
[Step 58] Backward Propagation - Time: 4.2280s, Mem: -4411146240.00 B
[Step 58] PGD Update - Time: 0.0032s, Mem: -3588096.00 B

[Step 58] 完整步骤总时间: 6.162193s | 总显存: -180224.00 B
[Step 58] 峰值显存: 16.96 GB

[Step 59] ============ 详细性能分析 ============
[模型部分] 总时间: 1.933377s | 显存: 4.12 GB

[0-9秒 PDE求解详细性能]

[19秒 PDE求解]
  t=19s - 时间: 1.912204s | 显存: 0.00 B

[PDE求解部分] 总时间: 1.912204s | 显存: 0.00 B

[本步骤总计] 时间: 3.845582s | 显存: 4.12 GB
surrogate_loss (vs forward.true_19):  tensor(2643.1785, device='cuda:0', grad_fn=<MseLossBackward0>)
[Step 59] Backward Propagation - Time: 4.2261s, Mem: -4410531840.00 B
[Step 59] PGD Update - Time: 0.0032s, Mem: -3407872.00 B

[Step 59] 完整步骤总时间: 6.164623s | 总显存: 176.00 KB
[Step 59] 峰值显存: 16.96 GB

[Step 60] ============ 详细性能分析 ============
[模型部分] 总时间: 1.939267s | 显存: 4.12 GB

[0-9秒 PDE求解详细性能]

[19秒 PDE求解]
  t=19s - 时间: 1.918403s | 显存: 0.00 B

[PDE求解部分] 总时间: 1.918403s | 显存: 0.00 B

[本步骤总计] 时间: 3.857670s | 显存: 4.12 GB
surrogate_loss (vs forward.true_19):  tensor(2762.1248, device='cuda:0', grad_fn=<MseLossBackward0>)
[Step 60] Backward Propagation - Time: 4.2310s, Mem: -4411146240.00 B
[Step 60] PGD Update - Time: 0.0031s, Mem: -3588096.00 B

[Step 60] 完整步骤总时间: 6.175238s | 总显存: -180224.00 B
[Step 60] 峰值显存: 16.96 GB

[Step 61] ============ 详细性能分析 ============
[模型部分] 总时间: 1.939330s | 显存: 4.12 GB

[0-9秒 PDE求解详细性能]

[19秒 PDE求解]
  t=19s - 时间: 1.918510s | 显存: 0.00 B

[PDE求解部分] 总时间: 1.918510s | 显存: 0.00 B

[本步骤总计] 时间: 3.857839s | 显存: 4.12 GB
surrogate_loss (vs forward.true_19):  tensor(3034.5034, device='cuda:0', grad_fn=<MseLossBackward0>)
[Step 61] Backward Propagation - Time: 4.2026s, Mem: -4410531840.00 B
[Step 61] PGD Update - Time: 0.0043s, Mem: -3407872.00 B

[Step 61] 完整步骤总时间: 6.148332s | 总显存: 176.00 KB
[Step 61] 峰值显存: 16.96 GB

[Step 62] ============ 详细性能分析 ============
[模型部分] 总时间: 1.943896s | 显存: 4.12 GB

[0-9秒 PDE求解详细性能]

[19秒 PDE求解]
  t=19s - 时间: 1.923175s | 显存: 0.00 B

[PDE求解部分] 总时间: 1.923175s | 显存: 0.00 B

[本步骤总计] 时间: 3.867070s | 显存: 4.12 GB
surrogate_loss (vs forward.true_19):  tensor(3427.3350, device='cuda:0', grad_fn=<MseLossBackward0>)
[Step 62] Backward Propagation - Time: 4.2201s, Mem: -4411146240.00 B
[Step 62] PGD Update - Time: 0.0032s, Mem: -3588096.00 B

[Step 62] 完整步骤总时间: 6.168893s | 总显存: -180224.00 B
[Step 62] 峰值显存: 16.96 GB

[Step 63] ============ 详细性能分析 ============
[模型部分] 总时间: 1.952634s | 显存: 4.12 GB

[0-9秒 PDE求解详细性能]

[19秒 PDE求解]
  t=19s - 时间: 1.931816s | 显存: 0.00 B

[PDE求解部分] 总时间: 1.931816s | 显存: 0.00 B

[本步骤总计] 时间: 3.884450s | 显存: 4.12 GB
surrogate_loss (vs forward.true_19):  tensor(4159.7275, device='cuda:0', grad_fn=<MseLossBackward0>)
[Step 63] Backward Propagation - Time: 4.2312s, Mem: -4410531840.00 B
[Step 63] PGD Update - Time: 0.0032s, Mem: -3407872.00 B

[Step 63] 完整步骤总时间: 6.188965s | 总显存: 176.00 KB
[Step 63] 峰值显存: 16.96 GB

[Step 64] ============ 详细性能分析 ============
[模型部分] 总时间: 1.925055s | 显存: 4.12 GB

[0-9秒 PDE求解详细性能]

[19秒 PDE求解]
  t=19s - 时间: 1.904276s | 显存: 0.00 B

[PDE求解部分] 总时间: 1.904276s | 显存: 0.00 B

[本步骤总计] 时间: 3.829331s | 显存: 4.12 GB
surrogate_loss (vs forward.true_19):  tensor(5922.6704, device='cuda:0', grad_fn=<MseLossBackward0>)
[Step 64] Backward Propagation - Time: 4.2009s, Mem: -4411146240.00 B
[Step 64] PGD Update - Time: 0.0032s, Mem: -3588096.00 B

[Step 64] 完整步骤总时间: 6.131066s | 总显存: -180224.00 B
[Step 64] 峰值显存: 16.96 GB

[Step 65] ============ 详细性能分析 ============
[模型部分] 总时间: 1.931876s | 显存: 4.12 GB

[0-9秒 PDE求解详细性能]

[19秒 PDE求解]
  t=19s - 时间: 1.911139s | 显存: 0.00 B

[PDE求解部分] 总时间: 1.911139s | 显存: 0.00 B

[本步骤总计] 时间: 3.843015s | 显存: 4.12 GB
surrogate_loss (vs forward.true_19):  tensor(8452.4287, device='cuda:0', grad_fn=<MseLossBackward0>)
[Step 65] Backward Propagation - Time: 4.2299s, Mem: -4410531840.00 B
[Step 65] PGD Update - Time: 0.0033s, Mem: -3407872.00 B

[Step 65] 完整步骤总时间: 6.166840s | 总显存: 176.00 KB
[Step 65] 峰值显存: 16.96 GB

[Step 66] ============ 详细性能分析 ============
[模型部分] 总时间: 1.951527s | 显存: 4.12 GB

[0-9秒 PDE求解详细性能]

[19秒 PDE求解]
  t=19s - 时间: 1.930677s | 显存: 0.00 B

[PDE求解部分] 总时间: 1.930677s | 显存: 0.00 B

[本步骤总计] 时间: 3.882205s | 显存: 4.12 GB
surrogate_loss (vs forward.true_19):  tensor(9310.2969, device='cuda:0', grad_fn=<MseLossBackward0>)
[Step 66] Backward Propagation - Time: 4.2211s, Mem: -4411146240.00 B
[Step 66] PGD Update - Time: 0.0034s, Mem: -3588096.00 B

[Step 66] 完整步骤总时间: 6.177934s | 总显存: -180224.00 B
[Step 66] 峰值显存: 16.96 GB

[Step 67] ============ 详细性能分析 ============
[模型部分] 总时间: 1.946541s | 显存: 4.12 GB

[0-9秒 PDE求解详细性能]

[19秒 PDE求解]
  t=19s - 时间: 1.925786s | 显存: 0.00 B

[PDE求解部分] 总时间: 1.925786s | 显存: 0.00 B

[本步骤总计] 时间: 3.872328s | 显存: 4.12 GB
surrogate_loss (vs forward.true_19):  tensor(9167.9355, device='cuda:0', grad_fn=<MseLossBackward0>)
[Step 67] Backward Propagation - Time: 4.2184s, Mem: -4410531840.00 B
[Step 67] PGD Update - Time: 0.0033s, Mem: -3407872.00 B

[Step 67] 完整步骤总时间: 6.170372s | 总显存: 176.00 KB
[Step 67] 峰值显存: 16.96 GB

[Step 68] ============ 详细性能分析 ============
[模型部分] 总时间: 1.947560s | 显存: 4.12 GB

[0-9秒 PDE求解详细性能]

[19秒 PDE求解]
  t=19s - 时间: 1.926423s | 显存: 0.00 B

[PDE求解部分] 总时间: 1.926423s | 显存: 0.00 B

[本步骤总计] 时间: 3.873983s | 显存: 4.12 GB
surrogate_loss (vs forward.true_19):  tensor(8591.7197, device='cuda:0', grad_fn=<MseLossBackward0>)
[Step 68] Backward Propagation - Time: 4.2782s, Mem: -4411146240.00 B
[Step 68] PGD Update - Time: 0.0033s, Mem: -3588096.00 B

[Step 68] 完整步骤总时间: 6.231003s | 总显存: -180224.00 B
[Step 68] 峰值显存: 16.96 GB

[Step 69] ============ 详细性能分析 ============
[模型部分] 总时间: 1.981484s | 显存: 4.12 GB

[0-9秒 PDE求解详细性能]

[19秒 PDE求解]
  t=19s - 时间: 1.960207s | 显存: 0.00 B

[PDE求解部分] 总时间: 1.960207s | 显存: 0.00 B

[本步骤总计] 时间: 3.941691s | 显存: 4.12 GB
surrogate_loss (vs forward.true_19):  tensor(5613.7808, device='cuda:0', grad_fn=<MseLossBackward0>)
[Step 69] Backward Propagation - Time: 4.2304s, Mem: -4410531840.00 B
[Step 69] PGD Update - Time: 0.0031s, Mem: -3407872.00 B

[Step 69] 完整步骤总时间: 6.217120s | 总显存: 176.00 KB
[Step 69] 峰值显存: 16.96 GB

[Step 70] ============ 详细性能分析 ============
[模型部分] 总时间: 1.959711s | 显存: 4.12 GB

[0-9秒 PDE求解详细性能]

[19秒 PDE求解]
  t=19s - 时间: 1.938848s | 显存: 0.00 B

[PDE求解部分] 总时间: 1.938848s | 显存: 0.00 B

[本步骤总计] 时间: 3.898559s | 显存: 4.12 GB
surrogate_loss (vs forward.true_19):  tensor(5636.7334, device='cuda:0', grad_fn=<MseLossBackward0>)
[Step 70] Backward Propagation - Time: 4.2382s, Mem: -4411146240.00 B
[Step 70] PGD Update - Time: 0.0034s, Mem: -3588096.00 B

[Step 70] 完整步骤总时间: 6.203235s | 总显存: -180224.00 B
[Step 70] 峰值显存: 16.96 GB

[Step 71] ============ 详细性能分析 ============
[模型部分] 总时间: 1.966711s | 显存: 4.12 GB

[0-9秒 PDE求解详细性能]

[19秒 PDE求解]
  t=19s - 时间: 1.945774s | 显存: 0.00 B

[PDE求解部分] 总时间: 1.945774s | 显存: 0.00 B

[本步骤总计] 时间: 3.912485s | 显存: 4.12 GB
surrogate_loss (vs forward.true_19):  tensor(5549.0244, device='cuda:0', grad_fn=<MseLossBackward0>)
[Step 71] Backward Propagation - Time: 4.2461s, Mem: -4410531840.00 B
[Step 71] PGD Update - Time: 0.0044s, Mem: -3407872.00 B

[Step 71] 完整步骤总时间: 6.219260s | 总显存: 176.00 KB
[Step 71] 峰值显存: 16.96 GB

[Step 72] ============ 详细性能分析 ============
[模型部分] 总时间: 1.961093s | 显存: 4.12 GB

[0-9秒 PDE求解详细性能]

[19秒 PDE求解]
  t=19s - 时间: 1.940420s | 显存: 0.00 B

[PDE求解部分] 总时间: 1.940420s | 显存: 0.00 B

[本步骤总计] 时间: 3.901513s | 显存: 4.12 GB
surrogate_loss (vs forward.true_19):  tensor(4792.5908, device='cuda:0', grad_fn=<MseLossBackward0>)
[Step 72] Backward Propagation - Time: 4.2592s, Mem: -4411146240.00 B
[Step 72] PGD Update - Time: 0.0036s, Mem: -3588096.00 B

[Step 72] 完整步骤总时间: 6.225671s | 总显存: -180224.00 B
[Step 72] 峰值显存: 16.96 GB

[Step 73] ============ 详细性能分析 ============
[模型部分] 总时间: 1.969275s | 显存: 4.12 GB

[0-9秒 PDE求解详细性能]

[19秒 PDE求解]
  t=19s - 时间: 1.948451s | 显存: 0.00 B

[PDE求解部分] 总时间: 1.948451s | 显存: 0.00 B

[本步骤总计] 时间: 3.917726s | 显存: 4.12 GB
surrogate_loss (vs forward.true_19):  tensor(3774.0654, device='cuda:0', grad_fn=<MseLossBackward0>)
[Step 73] Backward Propagation - Time: 4.2635s, Mem: -4410531840.00 B
[Step 73] PGD Update - Time: 0.0032s, Mem: -3407872.00 B

[Step 73] 完整步骤总时间: 6.237850s | 总显存: 176.00 KB
[Step 73] 峰值显存: 16.96 GB

[Step 74] ============ 详细性能分析 ============
[模型部分] 总时间: 1.924486s | 显存: 4.12 GB

[0-9秒 PDE求解详细性能]

[19秒 PDE求解]
  t=19s - 时间: 1.903637s | 显存: 0.00 B

[PDE求解部分] 总时间: 1.903637s | 显存: 0.00 B

[本步骤总计] 时间: 3.828122s | 显存: 4.12 GB
surrogate_loss (vs forward.true_19):  tensor(7834.0820, device='cuda:0', grad_fn=<MseLossBackward0>)
[Step 74] Backward Propagation - Time: 4.2019s, Mem: -4411146240.00 B
[Step 74] PGD Update - Time: 0.0033s, Mem: -3588096.00 B

[Step 74] 完整步骤总时间: 6.131491s | 总显存: -180224.00 B
[Step 74] 峰值显存: 16.96 GB

[Step 75] ============ 详细性能分析 ============
[模型部分] 总时间: 1.931420s | 显存: 4.12 GB

[0-9秒 PDE求解详细性能]

[19秒 PDE求解]
  t=19s - 时间: 1.910337s | 显存: 0.00 B

[PDE求解部分] 总时间: 1.910337s | 显存: 0.00 B

[本步骤总计] 时间: 3.841757s | 显存: 4.12 GB
surrogate_loss (vs forward.true_19):  tensor(8802.1377, device='cuda:0', grad_fn=<MseLossBackward0>)
[Step 75] Backward Propagation - Time: 4.2293s, Mem: -4410531840.00 B
[Step 75] PGD Update - Time: 0.0032s, Mem: -3407872.00 B

[Step 75] 完整步骤总时间: 6.165740s | 总显存: 176.00 KB
[Step 75] 峰值显存: 16.96 GB

[Step 76] ============ 详细性能分析 ============
[模型部分] 总时间: 1.935722s | 显存: 4.12 GB

[0-9秒 PDE求解详细性能]

[19秒 PDE求解]
  t=19s - 时间: 1.914925s | 显存: 0.00 B

[PDE求解部分] 总时间: 1.914925s | 显存: 0.00 B

[本步骤总计] 时间: 3.850647s | 显存: 4.12 GB
surrogate_loss (vs forward.true_19):  tensor(8218.5264, device='cuda:0', grad_fn=<MseLossBackward0>)
[Step 76] Backward Propagation - Time: 4.1665s, Mem: -4411146240.00 B
[Step 76] PGD Update - Time: 0.0032s, Mem: -3588096.00 B

[Step 76] 完整步骤总时间: 6.107421s | 总显存: -180224.00 B
[Step 76] 峰值显存: 16.96 GB

[Step 77] ============ 详细性能分析 ============
[模型部分] 总时间: 1.923554s | 显存: 4.12 GB

[0-9秒 PDE求解详细性能]

[19秒 PDE求解]
  t=19s - 时间: 1.902654s | 显存: 0.00 B

[PDE求解部分] 总时间: 1.902654s | 显存: 0.00 B

[本步骤总计] 时间: 3.826209s | 显存: 4.12 GB
surrogate_loss (vs forward.true_19):  tensor(8087.7480, device='cuda:0', grad_fn=<MseLossBackward0>)
[Step 77] Backward Propagation - Time: 4.1886s, Mem: -4410531840.00 B
[Step 77] PGD Update - Time: 0.0033s, Mem: -3407872.00 B

[Step 77] 完整步骤总时间: 6.117409s | 总显存: 176.00 KB
[Step 77] 峰值显存: 16.96 GB

[Step 78] ============ 详细性能分析 ============
[模型部分] 总时间: 1.970704s | 显存: 4.12 GB

[0-9秒 PDE求解详细性能]

[19秒 PDE求解]
  t=19s - 时间: 1.949391s | 显存: 0.00 B

[PDE求解部分] 总时间: 1.949391s | 显存: 0.00 B

[本步骤总计] 时间: 3.920096s | 显存: 4.12 GB
surrogate_loss (vs forward.true_19):  tensor(8717.0205, device='cuda:0', grad_fn=<MseLossBackward0>)
[Step 78] Backward Propagation - Time: 4.2213s, Mem: -4411146240.00 B
[Step 78] PGD Update - Time: 0.0032s, Mem: -3588096.00 B

[Step 78] 完整步骤总时间: 6.197354s | 总显存: -180224.00 B
[Step 78] 峰值显存: 16.96 GB

[Step 79] ============ 详细性能分析 ============
[模型部分] 总时间: 1.937110s | 显存: 4.12 GB

[0-9秒 PDE求解详细性能]

[19秒 PDE求解]
  t=19s - 时间: 1.915915s | 显存: 0.00 B

[PDE求解部分] 总时间: 1.915915s | 显存: 0.00 B

[本步骤总计] 时间: 3.853025s | 显存: 4.12 GB
surrogate_loss (vs forward.true_19):  tensor(9281.7471, device='cuda:0', grad_fn=<MseLossBackward0>)
[Step 79] Backward Propagation - Time: 4.2387s, Mem: -4410531840.00 B
[Step 79] PGD Update - Time: 0.0035s, Mem: -3407872.00 B

[Step 79] 完整步骤总时间: 6.181229s | 总显存: 176.00 KB
[Step 79] 峰值显存: 16.96 GB

[Step 80] ============ 详细性能分析 ============
[模型部分] 总时间: 1.979477s | 显存: 4.12 GB

[0-9秒 PDE求解详细性能]

[19秒 PDE求解]
  t=19s - 时间: 1.958565s | 显存: 0.00 B

[PDE求解部分] 总时间: 1.958565s | 显存: 0.00 B

[本步骤总计] 时间: 3.938041s | 显存: 4.12 GB
surrogate_loss (vs forward.true_19):  tensor(9486.6992, device='cuda:0', grad_fn=<MseLossBackward0>)
[Step 80] Backward Propagation - Time: 4.1806s, Mem: -4411146240.00 B
[Step 80] PGD Update - Time: 0.0031s, Mem: -3588096.00 B

[Step 80] 完整步骤总时间: 6.165042s | 总显存: -180224.00 B
[Step 80] 峰值显存: 16.96 GB

[Step 81] ============ 详细性能分析 ============
[模型部分] 总时间: 1.947399s | 显存: 4.12 GB

[0-9秒 PDE求解详细性能]

[19秒 PDE求解]
  t=19s - 时间: 1.926370s | 显存: 0.00 B

[PDE求解部分] 总时间: 1.926370s | 显存: 0.00 B

[本步骤总计] 时间: 3.873769s | 显存: 4.12 GB
surrogate_loss (vs forward.true_19):  tensor(9423.5039, device='cuda:0', grad_fn=<MseLossBackward0>)
[Step 81] Backward Propagation - Time: 4.2184s, Mem: -4410531840.00 B
[Step 81] PGD Update - Time: 0.0037s, Mem: -3407872.00 B

[Step 81] 完整步骤总时间: 6.171337s | 总显存: 176.00 KB
[Step 81] 峰值显存: 16.96 GB

[Step 82] ============ 详细性能分析 ============
[模型部分] 总时间: 1.975781s | 显存: 4.12 GB

[0-9秒 PDE求解详细性能]

[19秒 PDE求解]
  t=19s - 时间: 1.954858s | 显存: 0.00 B

[PDE求解部分] 总时间: 1.954858s | 显存: 0.00 B

[本步骤总计] 时间: 3.930640s | 显存: 4.12 GB
surrogate_loss (vs forward.true_19):  tensor(9020.4863, device='cuda:0', grad_fn=<MseLossBackward0>)
[Step 82] Backward Propagation - Time: 4.2867s, Mem: -4411146240.00 B
[Step 82] PGD Update - Time: 0.0034s, Mem: -3588096.00 B

[Step 82] 完整步骤总时间: 6.267825s | 总显存: -180224.00 B
[Step 82] 峰值显存: 16.96 GB

[Step 83] ============ 详细性能分析 ============
[模型部分] 总时间: 1.927024s | 显存: 4.12 GB

[0-9秒 PDE求解详细性能]

[19秒 PDE求解]
  t=19s - 时间: 1.906251s | 显存: 0.00 B

[PDE求解部分] 总时间: 1.906251s | 显存: 0.00 B

[本步骤总计] 时间: 3.833275s | 显存: 4.12 GB
surrogate_loss (vs forward.true_19):  tensor(8748.3984, device='cuda:0', grad_fn=<MseLossBackward0>)
[Step 83] Backward Propagation - Time: 4.1906s, Mem: -4410531840.00 B
[Step 83] PGD Update - Time: 0.0030s, Mem: -3407872.00 B

[Step 83] 完整步骤总时间: 6.122396s | 总显存: 176.00 KB
[Step 83] 峰值显存: 16.96 GB

[Step 84] ============ 详细性能分析 ============
[模型部分] 总时间: 1.967623s | 显存: 4.12 GB

[0-9秒 PDE求解详细性能]

[19秒 PDE求解]
  t=19s - 时间: 1.946805s | 显存: 0.00 B

[PDE求解部分] 总时间: 1.946805s | 显存: 0.00 B

[本步骤总计] 时间: 3.914428s | 显存: 4.12 GB
surrogate_loss (vs forward.true_19):  tensor(8709.9004, device='cuda:0', grad_fn=<MseLossBackward0>)
[Step 84] Backward Propagation - Time: 4.1978s, Mem: -4411146240.00 B
[Step 84] PGD Update - Time: 0.0031s, Mem: -3588096.00 B

[Step 84] 完整步骤总时间: 6.170412s | 总显存: -180224.00 B
[Step 84] 峰值显存: 16.96 GB

[Step 85] ============ 详细性能分析 ============
[模型部分] 总时间: 1.932819s | 显存: 4.12 GB

[0-9秒 PDE求解详细性能]

[19秒 PDE求解]
  t=19s - 时间: 1.912057s | 显存: 0.00 B

[PDE求解部分] 总时间: 1.912057s | 显存: 0.00 B

[本步骤总计] 时间: 3.844876s | 显存: 4.12 GB
surrogate_loss (vs forward.true_19):  tensor(9043.1621, device='cuda:0', grad_fn=<MseLossBackward0>)
[Step 85] Backward Propagation - Time: 4.1800s, Mem: -4410531840.00 B
[Step 85] PGD Update - Time: 0.0031s, Mem: -3407872.00 B

[Step 85] 完整步骤总时间: 6.117722s | 总显存: 176.00 KB
[Step 85] 峰值显存: 16.96 GB

[Step 86] ============ 详细性能分析 ============
[模型部分] 总时间: 1.946746s | 显存: 4.12 GB

[0-9秒 PDE求解详细性能]

[19秒 PDE求解]
  t=19s - 时间: 1.925938s | 显存: 0.00 B

[PDE求解部分] 总时间: 1.925938s | 显存: 0.00 B

[本步骤总计] 时间: 3.872684s | 显存: 4.12 GB
surrogate_loss (vs forward.true_19):  tensor(10325.1523, device='cuda:0', grad_fn=<MseLossBackward0>)
[Step 86] Backward Propagation - Time: 4.2640s, Mem: -4411146240.00 B
[Step 86] PGD Update - Time: 0.0032s, Mem: -3588096.00 B

[Step 86] 完整步骤总时间: 6.216345s | 总显存: -180224.00 B
[Step 86] 峰值显存: 16.96 GB

[Step 87] ============ 详细性能分析 ============
[模型部分] 总时间: 1.961806s | 显存: 4.12 GB

[0-9秒 PDE求解详细性能]

[19秒 PDE求解]
  t=19s - 时间: 1.940682s | 显存: 0.00 B

[PDE求解部分] 总时间: 1.940682s | 显存: 0.00 B

[本步骤总计] 时间: 3.902488s | 显存: 4.12 GB
surrogate_loss (vs forward.true_19):  tensor(9473.7764, device='cuda:0', grad_fn=<MseLossBackward0>)
[Step 87] Backward Propagation - Time: 4.2061s, Mem: -4410531840.00 B
[Step 87] PGD Update - Time: 0.0033s, Mem: -3407872.00 B

[Step 87] 完整步骤总时间: 6.173192s | 总显存: 176.00 KB
[Step 87] 峰值显存: 16.96 GB

[Step 88] ============ 详细性能分析 ============
[模型部分] 总时间: 1.947373s | 显存: 4.12 GB

[0-9秒 PDE求解详细性能]

[19秒 PDE求解]
  t=19s - 时间: 1.926206s | 显存: 0.00 B

[PDE求解部分] 总时间: 1.926206s | 显存: 0.00 B

[本步骤总计] 时间: 3.873579s | 显存: 4.12 GB
surrogate_loss (vs forward.true_19):  tensor(8711.4277, device='cuda:0', grad_fn=<MseLossBackward0>)
[Step 88] Backward Propagation - Time: 4.2368s, Mem: -4411146240.00 B
[Step 88] PGD Update - Time: 0.0030s, Mem: -3588096.00 B

[Step 88] 完整步骤总时间: 6.189151s | 总显存: -180224.00 B
[Step 88] 峰值显存: 16.96 GB

[Step 89] ============ 详细性能分析 ============
[模型部分] 总时间: 1.961590s | 显存: 4.12 GB

[0-9秒 PDE求解详细性能]

[19秒 PDE求解]
  t=19s - 时间: 1.940836s | 显存: 0.00 B

[PDE求解部分] 总时间: 1.940836s | 显存: 0.00 B

[本步骤总计] 时间: 3.902425s | 显存: 4.12 GB
surrogate_loss (vs forward.true_19):  tensor(8547.3193, device='cuda:0', grad_fn=<MseLossBackward0>)
[Step 89] Backward Propagation - Time: 4.1941s, Mem: -4410531840.00 B
[Step 89] PGD Update - Time: 0.0031s, Mem: -3407872.00 B

[Step 89] 完整步骤总时间: 6.160535s | 总显存: 176.00 KB
[Step 89] 峰值显存: 16.96 GB

[Step 90] ============ 详细性能分析 ============
[模型部分] 总时间: 1.955000s | 显存: 4.12 GB

[0-9秒 PDE求解详细性能]

[19秒 PDE求解]
  t=19s - 时间: 1.934227s | 显存: 0.00 B

[PDE求解部分] 总时间: 1.934227s | 显存: 0.00 B

[本步骤总计] 时间: 3.889227s | 显存: 4.12 GB
surrogate_loss (vs forward.true_19):  tensor(10625.7031, device='cuda:0', grad_fn=<MseLossBackward0>)
[Step 90] Backward Propagation - Time: 4.2370s, Mem: -4411146240.00 B
[Step 90] PGD Update - Time: 0.0042s, Mem: -3588096.00 B

[Step 90] 完整步骤总时间: 6.198363s | 总显存: -180224.00 B
[Step 90] 峰值显存: 16.96 GB

[Step 91] ============ 详细性能分析 ============
[模型部分] 总时间: 1.953356s | 显存: 4.12 GB

[0-9秒 PDE求解详细性能]

[19秒 PDE求解]
  t=19s - 时间: 1.932439s | 显存: 0.00 B

[PDE求解部分] 总时间: 1.932439s | 显存: 0.00 B

[本步骤总计] 时间: 3.885794s | 显存: 4.12 GB
surrogate_loss (vs forward.true_19):  tensor(14139.1328, device='cuda:0', grad_fn=<MseLossBackward0>)
[Step 91] Backward Propagation - Time: 4.2128s, Mem: -4410531840.00 B
[Step 91] PGD Update - Time: 0.0034s, Mem: -3407872.00 B

[Step 91] 完整步骤总时间: 6.171498s | 总显存: 176.00 KB
[Step 91] 峰值显存: 16.96 GB

[Step 92] ============ 详细性能分析 ============
[模型部分] 总时间: 1.963721s | 显存: 4.12 GB

[0-9秒 PDE求解详细性能]

[19秒 PDE求解]
  t=19s - 时间: 1.942742s | 显存: 0.00 B

[PDE求解部分] 总时间: 1.942742s | 显存: 0.00 B

[本步骤总计] 时间: 3.906463s | 显存: 4.12 GB
surrogate_loss (vs forward.true_19):  tensor(17546.9023, device='cuda:0', grad_fn=<MseLossBackward0>)
[Step 92] Backward Propagation - Time: 4.2324s, Mem: -4411146240.00 B
[Step 92] PGD Update - Time: 0.0031s, Mem: -3588096.00 B

[Step 92] 完整步骤总时间: 6.201033s | 总显存: -180224.00 B
[Step 92] 峰值显存: 16.96 GB

[Step 93] ============ 详细性能分析 ============
[模型部分] 总时间: 1.946288s | 显存: 4.12 GB

[0-9秒 PDE求解详细性能]

[19秒 PDE求解]
  t=19s - 时间: 1.925445s | 显存: 0.00 B

[PDE求解部分] 总时间: 1.925445s | 显存: 0.00 B

[本步骤总计] 时间: 3.871732s | 显存: 4.12 GB
surrogate_loss (vs forward.true_19):  tensor(17778.2148, device='cuda:0', grad_fn=<MseLossBackward0>)
[Step 93] Backward Propagation - Time: 4.2358s, Mem: -4410531840.00 B
[Step 93] PGD Update - Time: 0.0032s, Mem: -3407872.00 B

[Step 93] 完整步骤总时间: 6.187166s | 总显存: 176.00 KB
[Step 93] 峰值显存: 16.96 GB

[Step 94] ============ 详细性能分析 ============
[模型部分] 总时间: 1.951389s | 显存: 4.12 GB

[0-9秒 PDE求解详细性能]

[19秒 PDE求解]
  t=19s - 时间: 1.930459s | 显存: 0.00 B

[PDE求解部分] 总时间: 1.930459s | 显存: 0.00 B

[本步骤总计] 时间: 3.881848s | 显存: 4.12 GB
surrogate_loss (vs forward.true_19):  tensor(17643.0918, device='cuda:0', grad_fn=<MseLossBackward0>)
[Step 94] Backward Propagation - Time: 4.2419s, Mem: -4411146240.00 B
[Step 94] PGD Update - Time: 0.0030s, Mem: -3588096.00 B

[Step 94] 完整步骤总时间: 6.198234s | 总显存: -180224.00 B
[Step 94] 峰值显存: 16.96 GB

[Step 95] ============ 详细性能分析 ============
[模型部分] 总时间: 1.948081s | 显存: 4.12 GB

[0-9秒 PDE求解详细性能]

[19秒 PDE求解]
  t=19s - 时间: 1.927296s | 显存: 0.00 B

[PDE求解部分] 总时间: 1.927296s | 显存: 0.00 B

[本步骤总计] 时间: 3.875376s | 显存: 4.12 GB
surrogate_loss (vs forward.true_19):  tensor(16238.3779, device='cuda:0', grad_fn=<MseLossBackward0>)
[Step 95] Backward Propagation - Time: 4.2430s, Mem: -4410531840.00 B
[Step 95] PGD Update - Time: 0.0030s, Mem: -3407872.00 B

[Step 95] 完整步骤总时间: 6.195914s | 总显存: 176.00 KB
[Step 95] 峰值显存: 16.96 GB

[Step 96] ============ 详细性能分析 ============
[模型部分] 总时间: 1.932166s | 显存: 4.12 GB

[0-9秒 PDE求解详细性能]

[19秒 PDE求解]
  t=19s - 时间: 1.910457s | 显存: 0.00 B

[PDE求解部分] 总时间: 1.910457s | 显存: 0.00 B

[本步骤总计] 时间: 3.842623s | 显存: 4.12 GB
surrogate_loss (vs forward.true_19):  tensor(14059.0391, device='cuda:0', grad_fn=<MseLossBackward0>)
[Step 96] Backward Propagation - Time: 4.2155s, Mem: -4411146240.00 B
[Step 96] PGD Update - Time: 0.0033s, Mem: -3588096.00 B

[Step 96] 完整步骤总时间: 6.153142s | 总显存: -180224.00 B
[Step 96] 峰值显存: 16.96 GB

[Step 97] ============ 详细性能分析 ============
[模型部分] 总时间: 1.941123s | 显存: 4.12 GB

[0-9秒 PDE求解详细性能]

[19秒 PDE求解]
  t=19s - 时间: 1.920068s | 显存: 0.00 B

[PDE求解部分] 总时间: 1.920068s | 显存: 0.00 B

[本步骤总计] 时间: 3.861191s | 显存: 4.12 GB
surrogate_loss (vs forward.true_19):  tensor(11952.3223, device='cuda:0', grad_fn=<MseLossBackward0>)
[Step 97] Backward Propagation - Time: 4.2448s, Mem: -4410531840.00 B
[Step 97] PGD Update - Time: 0.0032s, Mem: -3407872.00 B

[Step 97] 完整步骤总时间: 6.191070s | 总显存: 176.00 KB
[Step 97] 峰值显存: 16.96 GB

[Step 98] ============ 详细性能分析 ============
[模型部分] 总时间: 1.981969s | 显存: 4.12 GB

[0-9秒 PDE求解详细性能]

[19秒 PDE求解]
  t=19s - 时间: 1.960708s | 显存: 0.00 B

[PDE求解部分] 总时间: 1.960708s | 显存: 0.00 B

[本步骤总计] 时间: 3.942678s | 显存: 4.12 GB
surrogate_loss (vs forward.true_19):  tensor(9993.1396, device='cuda:0', grad_fn=<MseLossBackward0>)
[Step 98] Backward Propagation - Time: 4.2261s, Mem: -4411146240.00 B
[Step 98] PGD Update - Time: 0.0030s, Mem: -3588096.00 B

[Step 98] 完整步骤总时间: 6.213263s | 总显存: -180224.00 B
[Step 98] 峰值显存: 16.96 GB

[Step 99] ============ 详细性能分析 ============
[模型部分] 总时间: 1.948249s | 显存: 4.12 GB

[0-9秒 PDE求解详细性能]

[19秒 PDE求解]
  t=19s - 时间: 1.927397s | 显存: 0.00 B

[PDE求解部分] 总时间: 1.927397s | 显存: 0.00 B

[本步骤总计] 时间: 3.875645s | 显存: 4.12 GB
surrogate_loss (vs forward.true_19):  tensor(7446.3438, device='cuda:0', grad_fn=<MseLossBackward0>)
[Step 99] Backward Propagation - Time: 4.2612s, Mem: -4410531840.00 B
[Step 99] PGD Update - Time: 0.0031s, Mem: -3407872.00 B

[Step 99] 完整步骤总时间: 6.214359s | 总显存: 176.00 KB
[Step 99] 峰值显存: 16.96 GB
清理前显存占用: 13092.8798828125 MB
PGD攻击完成！显存已清理
当前显存占用: 2092.1298828125 MB
mode_spec = aaawwwwwww
Per-frame modes: [t=01] approx | [t=02] approx | [t=03] approx | [t=04] with_solver | [t=05] with_solver | [t=06] with_solver | [t=07] with_solver | [t=08] with_solver | [t=09] with_solver | [t=19] with_solver
================================================================================
norm: 2, epsilon: 78.6432, alpha: 2.5, num_steps: 100, index: 1, method: adam, mode_spec: aaawwwwwww, b1: 0.9, b2: 0.999, adam_eps: 1e-08, sign_Linf: True, amsgrad: False

[Step 0] ============ 详细性能分析 ============
[模型部分] 总时间: 1.987527s | 显存: 4.12 GB

[0-9秒 PDE求解详细性能]

[19秒 PDE求解]
  t=19s - 时间: 1.956087s | 显存: 0.00 B

[PDE求解部分] 总时间: 1.956087s | 显存: 0.00 B

[本步骤总计] 时间: 3.943614s | 显存: 4.12 GB
surrogate_loss (vs forward.true_19):  tensor(10839.1455, device='cuda:0', grad_fn=<MseLossBackward0>)
[Step 0] Backward Propagation - Time: 4.2532s, Mem: -4411990016.00 B
[Step 0] PGD Update - Time: 0.0020s, Mem: 1.75 MB

[Step 0] 完整步骤总时间: 6.244662s | 总显存: 5.25 MB
[Step 0] 峰值显存: 16.96 GB

[Step 1] ============ 详细性能分析 ============
[模型部分] 总时间: 1.926961s | 显存: 4.12 GB

[0-9秒 PDE求解详细性能]

[19秒 PDE求解]
  t=19s - 时间: 1.905534s | 显存: 0.00 B

[PDE求解部分] 总时间: 1.905534s | 显存: 0.00 B

[本步骤总计] 时间: 3.832495s | 显存: 4.12 GB
surrogate_loss (vs forward.true_19):  tensor(9070.9844, device='cuda:0', grad_fn=<MseLossBackward0>)
[Step 1] Backward Propagation - Time: 4.2670s, Mem: -4410531840.00 B
[Step 1] PGD Update - Time: 0.0032s, Mem: -3407872.00 B

[Step 1] 完整步骤总时间: 6.199059s | 总显存: 176.00 KB
[Step 1] 峰值显存: 16.96 GB

[Step 2] ============ 详细性能分析 ============
[模型部分] 总时间: 1.970629s | 显存: 4.12 GB

[0-9秒 PDE求解详细性能]

[19秒 PDE求解]
  t=19s - 时间: 1.949717s | 显存: 0.00 B

[PDE求解部分] 总时间: 1.949717s | 显存: 0.00 B

[本步骤总计] 时间: 3.920346s | 显存: 4.12 GB
surrogate_loss (vs forward.true_19):  tensor(7846.0312, device='cuda:0', grad_fn=<MseLossBackward0>)
[Step 2] Backward Propagation - Time: 4.3213s, Mem: -4411146240.00 B
[Step 2] PGD Update - Time: 0.0028s, Mem: -3588096.00 B

[Step 2] 完整步骤总时间: 6.296545s | 总显存: -180224.00 B
[Step 2] 峰值显存: 16.96 GB

[Step 3] ============ 详细性能分析 ============
[模型部分] 总时间: 1.928062s | 显存: 4.12 GB

[0-9秒 PDE求解详细性能]

[19秒 PDE求解]
  t=19s - 时间: 1.907323s | 显存: 0.00 B

[PDE求解部分] 总时间: 1.907323s | 显存: 0.00 B

[本步骤总计] 时间: 3.835385s | 显存: 4.12 GB
surrogate_loss (vs forward.true_19):  tensor(6827.6533, device='cuda:0', grad_fn=<MseLossBackward0>)
[Step 3] Backward Propagation - Time: 4.3893s, Mem: -4410531840.00 B
[Step 3] PGD Update - Time: 0.0027s, Mem: -3407872.00 B

[Step 3] 完整步骤总时间: 6.322044s | 总显存: 176.00 KB
[Step 3] 峰值显存: 16.96 GB

[Step 4] ============ 详细性能分析 ============
[模型部分] 总时间: 2.134050s | 显存: 4.12 GB

[0-9秒 PDE求解详细性能]

[19秒 PDE求解]
  t=19s - 时间: 2.113154s | 显存: 0.00 B

[PDE求解部分] 总时间: 2.113154s | 显存: 0.00 B

[本步骤总计] 时间: 4.247204s | 显存: 4.12 GB
surrogate_loss (vs forward.true_19):  tensor(3519.0891, device='cuda:0', grad_fn=<MseLossBackward0>)
[Step 4] Backward Propagation - Time: 4.2415s, Mem: -4411146240.00 B
[Step 4] PGD Update - Time: 0.0027s, Mem: -3588096.00 B

[Step 4] 完整步骤总时间: 6.380251s | 总显存: -180224.00 B
[Step 4] 峰值显存: 16.96 GB

[Step 5] ============ 详细性能分析 ============
[模型部分] 总时间: 1.978288s | 显存: 4.12 GB

[0-9秒 PDE求解详细性能]

[19秒 PDE求解]
  t=19s - 时间: 1.956985s | 显存: 0.00 B

[PDE求解部分] 总时间: 1.956985s | 显存: 0.00 B

[本步骤总计] 时间: 3.935273s | 显存: 4.12 GB
surrogate_loss (vs forward.true_19):  tensor(3182.7690, device='cuda:0', grad_fn=<MseLossBackward0>)
[Step 5] Backward Propagation - Time: 4.2116s, Mem: -4410531840.00 B
[Step 5] PGD Update - Time: 0.0025s, Mem: -3407872.00 B

[Step 5] 完整步骤总时间: 6.194397s | 总显存: 176.00 KB
[Step 5] 峰值显存: 16.96 GB

[Step 6] ============ 详细性能分析 ============
[模型部分] 总时间: 1.979000s | 显存: 4.12 GB

[0-9秒 PDE求解详细性能]

[19秒 PDE求解]
  t=19s - 时间: 1.958085s | 显存: 0.00 B

[PDE求解部分] 总时间: 1.958085s | 显存: 0.00 B

[本步骤总计] 时间: 3.937085s | 显存: 4.12 GB
surrogate_loss (vs forward.true_19):  tensor(2978.9150, device='cuda:0', grad_fn=<MseLossBackward0>)
[Step 6] Backward Propagation - Time: 4.2444s, Mem: -4411146240.00 B
[Step 6] PGD Update - Time: 0.0035s, Mem: -3588096.00 B

[Step 6] 完整步骤总时间: 6.229007s | 总显存: -180224.00 B
[Step 6] 峰值显存: 16.96 GB

[Step 7] ============ 详细性能分析 ============
[模型部分] 总时间: 1.945046s | 显存: 4.12 GB

[0-9秒 PDE求解详细性能]

[19秒 PDE求解]
  t=19s - 时间: 1.924127s | 显存: 0.00 B

[PDE求解部分] 总时间: 1.924127s | 显存: 0.00 B

[本步骤总计] 时间: 3.869173s | 显存: 4.12 GB
surrogate_loss (vs forward.true_19):  tensor(3006.2139, device='cuda:0', grad_fn=<MseLossBackward0>)
[Step 7] Backward Propagation - Time: 4.2245s, Mem: -4410531840.00 B
[Step 7] PGD Update - Time: 0.0031s, Mem: -3407872.00 B

[Step 7] 完整步骤总时间: 6.174624s | 总显存: 176.00 KB
[Step 7] 峰值显存: 16.96 GB

[Step 8] ============ 详细性能分析 ============
[模型部分] 总时间: 1.973241s | 显存: 4.12 GB

[0-9秒 PDE求解详细性能]

[19秒 PDE求解]
  t=19s - 时间: 1.952462s | 显存: 0.00 B

[PDE求解部分] 总时间: 1.952462s | 显存: 0.00 B

[本步骤总计] 时间: 3.925703s | 显存: 4.12 GB
surrogate_loss (vs forward.true_19):  tensor(3315.1345, device='cuda:0', grad_fn=<MseLossBackward0>)
[Step 8] Backward Propagation - Time: 4.1769s, Mem: -4411146240.00 B
[Step 8] PGD Update - Time: 0.0030s, Mem: -3588096.00 B

[Step 8] 完整步骤总时间: 6.155080s | 总显存: -180224.00 B
[Step 8] 峰值显存: 16.96 GB

[Step 9] ============ 详细性能分析 ============
[模型部分] 总时间: 1.937552s | 显存: 4.12 GB

[0-9秒 PDE求解详细性能]

[19秒 PDE求解]
  t=19s - 时间: 1.916717s | 显存: 0.00 B

[PDE求解部分] 总时间: 1.916717s | 显存: 0.00 B

[本步骤总计] 时间: 3.854269s | 显存: 4.12 GB
surrogate_loss (vs forward.true_19):  tensor(2908.8357, device='cuda:0', grad_fn=<MseLossBackward0>)
[Step 9] Backward Propagation - Time: 4.2722s, Mem: -4410531840.00 B
[Step 9] PGD Update - Time: 0.0025s, Mem: -3407872.00 B

[Step 9] 完整步骤总时间: 6.214099s | 总显存: 176.00 KB
[Step 9] 峰值显存: 16.96 GB

[Step 10] ============ 详细性能分析 ============
[模型部分] 总时间: 1.939146s | 显存: 4.12 GB

[0-9秒 PDE求解详细性能]

[19秒 PDE求解]
  t=19s - 时间: 1.918473s | 显存: 0.00 B

[PDE求解部分] 总时间: 1.918473s | 显存: 0.00 B

[本步骤总计] 时间: 3.857619s | 显存: 4.12 GB
surrogate_loss (vs forward.true_19):  tensor(2554.5959, device='cuda:0', grad_fn=<MseLossBackward0>)
[Step 10] Backward Propagation - Time: 4.1975s, Mem: -4411146240.00 B
[Step 10] PGD Update - Time: 0.0028s, Mem: -3588096.00 B

[Step 10] 完整步骤总时间: 6.141233s | 总显存: -180224.00 B
[Step 10] 峰值显存: 16.96 GB

[Step 11] ============ 详细性能分析 ============
[模型部分] 总时间: 1.934122s | 显存: 4.12 GB

[0-9秒 PDE求解详细性能]

[19秒 PDE求解]
  t=19s - 时间: 1.913198s | 显存: 0.00 B

[PDE求解部分] 总时间: 1.913198s | 显存: 0.00 B

[本步骤总计] 时间: 3.847320s | 显存: 4.12 GB
surrogate_loss (vs forward.true_19):  tensor(3871.1572, device='cuda:0', grad_fn=<MseLossBackward0>)
[Step 11] Backward Propagation - Time: 4.2162s, Mem: -4410531840.00 B
[Step 11] PGD Update - Time: 0.0026s, Mem: -3407872.00 B

[Step 11] 完整步骤总时间: 6.154723s | 总显存: 176.00 KB
[Step 11] 峰值显存: 16.96 GB

[Step 12] ============ 详细性能分析 ============
[模型部分] 总时间: 1.952925s | 显存: 4.12 GB

[0-9秒 PDE求解详细性能]

[19秒 PDE求解]
  t=19s - 时间: 1.932186s | 显存: 0.00 B

[PDE求解部分] 总时间: 1.932186s | 显存: 0.00 B

[本步骤总计] 时间: 3.885111s | 显存: 4.12 GB
surrogate_loss (vs forward.true_19):  tensor(3936.0225, device='cuda:0', grad_fn=<MseLossBackward0>)
[Step 12] Backward Propagation - Time: 4.1619s, Mem: -4411146240.00 B
[Step 12] PGD Update - Time: 0.0029s, Mem: -3588096.00 B

[Step 12] 完整步骤总时间: 6.119588s | 总显存: -180224.00 B
[Step 12] 峰值显存: 16.96 GB

[Step 13] ============ 详细性能分析 ============
[模型部分] 总时间: 1.931879s | 显存: 4.12 GB

[0-9秒 PDE求解详细性能]

[19秒 PDE求解]
  t=19s - 时间: 1.910942s | 显存: 0.00 B

[PDE求解部分] 总时间: 1.910942s | 显存: 0.00 B

[本步骤总计] 时间: 3.842821s | 显存: 4.12 GB
surrogate_loss (vs forward.true_19):  tensor(4273.5244, device='cuda:0', grad_fn=<MseLossBackward0>)
[Step 13] Backward Propagation - Time: 4.2241s, Mem: -4410531840.00 B
[Step 13] PGD Update - Time: 0.0028s, Mem: -3407872.00 B

[Step 13] 完整步骤总时间: 6.160829s | 总显存: 176.00 KB
[Step 13] 峰值显存: 16.96 GB

[Step 14] ============ 详细性能分析 ============
[模型部分] 总时间: 1.940247s | 显存: 4.12 GB

[0-9秒 PDE求解详细性能]

[19秒 PDE求解]
  t=19s - 时间: 1.918844s | 显存: 0.00 B

[PDE求解部分] 总时间: 1.918844s | 显存: 0.00 B

[本步骤总计] 时间: 3.859091s | 显存: 4.12 GB
surrogate_loss (vs forward.true_19):  tensor(4776.7153, device='cuda:0', grad_fn=<MseLossBackward0>)
[Step 14] Backward Propagation - Time: 4.2178s, Mem: -4411146240.00 B
[Step 14] PGD Update - Time: 0.0032s, Mem: -3588096.00 B

[Step 14] 完整步骤总时间: 6.163309s | 总显存: -180224.00 B
[Step 14] 峰值显存: 16.96 GB

[Step 15] ============ 详细性能分析 ============
[模型部分] 总时间: 1.926234s | 显存: 4.12 GB

[0-9秒 PDE求解详细性能]

[19秒 PDE求解]
  t=19s - 时间: 1.905173s | 显存: 0.00 B

[PDE求解部分] 总时间: 1.905173s | 显存: 0.00 B

[本步骤总计] 时间: 3.831406s | 显存: 4.12 GB
surrogate_loss (vs forward.true_19):  tensor(4828.7314, device='cuda:0', grad_fn=<MseLossBackward0>)
[Step 15] Backward Propagation - Time: 4.1773s, Mem: -4410531840.00 B
[Step 15] PGD Update - Time: 0.0028s, Mem: -3407872.00 B

[Step 15] 完整步骤总时间: 6.108472s | 总显存: 176.00 KB
[Step 15] 峰值显存: 16.96 GB

[Step 16] ============ 详细性能分析 ============
[模型部分] 总时间: 1.955879s | 显存: 4.12 GB

[0-9秒 PDE求解详细性能]

[19秒 PDE求解]
  t=19s - 时间: 1.934755s | 显存: 0.00 B

[PDE求解部分] 总时间: 1.934755s | 显存: 0.00 B

[本步骤总计] 时间: 3.890634s | 显存: 4.12 GB
surrogate_loss (vs forward.true_19):  tensor(4771.3115, device='cuda:0', grad_fn=<MseLossBackward0>)
[Step 16] Backward Propagation - Time: 4.1540s, Mem: -4411146240.00 B
[Step 16] PGD Update - Time: 0.0040s, Mem: -3588096.00 B

[Step 16] 完整步骤总时间: 6.115996s | 总显存: -180224.00 B
[Step 16] 峰值显存: 16.96 GB

[Step 17] ============ 详细性能分析 ============
[模型部分] 总时间: 1.964755s | 显存: 4.12 GB

[0-9秒 PDE求解详细性能]

[19秒 PDE求解]
  t=19s - 时间: 1.943902s | 显存: 0.00 B

[PDE求解部分] 总时间: 1.943902s | 显存: 0.00 B

[本步骤总计] 时间: 3.908657s | 显存: 4.12 GB
surrogate_loss (vs forward.true_19):  tensor(4610.9697, device='cuda:0', grad_fn=<MseLossBackward0>)
[Step 17] Backward Propagation - Time: 4.2111s, Mem: -4410531840.00 B
[Step 17] PGD Update - Time: 0.0030s, Mem: -3407872.00 B

[Step 17] 完整步骤总时间: 6.180704s | 总显存: 176.00 KB
[Step 17] 峰值显存: 16.96 GB

[Step 18] ============ 详细性能分析 ============
[模型部分] 总时间: 1.942957s | 显存: 4.12 GB

[0-9秒 PDE求解详细性能]

[19秒 PDE求解]
  t=19s - 时间: 1.922148s | 显存: 0.00 B

[PDE求解部分] 总时间: 1.922148s | 显存: 0.00 B

[本步骤总计] 时间: 3.865106s | 显存: 4.12 GB
surrogate_loss (vs forward.true_19):  tensor(4394.4927, device='cuda:0', grad_fn=<MseLossBackward0>)
[Step 18] Backward Propagation - Time: 4.2808s, Mem: -4411146240.00 B
[Step 18] PGD Update - Time: 0.0028s, Mem: -3588096.00 B

[Step 18] 完整步骤总时间: 6.228326s | 总显存: -180224.00 B
[Step 18] 峰值显存: 16.96 GB

[Step 19] ============ 详细性能分析 ============
[模型部分] 总时间: 1.955022s | 显存: 4.12 GB

[0-9秒 PDE求解详细性能]

[19秒 PDE求解]
  t=19s - 时间: 1.934262s | 显存: 0.00 B

[PDE求解部分] 总时间: 1.934262s | 显存: 0.00 B

[本步骤总计] 时间: 3.889284s | 显存: 4.12 GB
surrogate_loss (vs forward.true_19):  tensor(4675.1978, device='cuda:0', grad_fn=<MseLossBackward0>)
[Step 19] Backward Propagation - Time: 4.2127s, Mem: -4410531840.00 B
[Step 19] PGD Update - Time: 0.0031s, Mem: -3407872.00 B

[Step 19] 完整步骤总时间: 6.172607s | 总显存: 176.00 KB
[Step 19] 峰值显存: 16.96 GB

[Step 20] ============ 详细性能分析 ============
[模型部分] 总时间: 1.940079s | 显存: 4.12 GB

[0-9秒 PDE求解详细性能]

[19秒 PDE求解]
  t=19s - 时间: 1.919032s | 显存: 0.00 B

[PDE求解部分] 总时间: 1.919032s | 显存: 0.00 B

[本步骤总计] 时间: 3.859111s | 显存: 4.12 GB
surrogate_loss (vs forward.true_19):  tensor(5610.5635, device='cuda:0', grad_fn=<MseLossBackward0>)
[Step 20] Backward Propagation - Time: 4.2218s, Mem: -4411146240.00 B
[Step 20] PGD Update - Time: 0.0029s, Mem: -3588096.00 B

[Step 20] 完整步骤总时间: 6.166611s | 总显存: -180224.00 B
[Step 20] 峰值显存: 16.96 GB

[Step 21] ============ 详细性能分析 ============
[模型部分] 总时间: 1.969325s | 显存: 4.12 GB

[0-9秒 PDE求解详细性能]

[19秒 PDE求解]
  t=19s - 时间: 1.948526s | 显存: 0.00 B

[PDE求解部分] 总时间: 1.948526s | 显存: 0.00 B

[本步骤总计] 时间: 3.917850s | 显存: 4.12 GB
surrogate_loss (vs forward.true_19):  tensor(3195.7603, device='cuda:0', grad_fn=<MseLossBackward0>)
[Step 21] Backward Propagation - Time: 4.2503s, Mem: -4410531840.00 B
[Step 21] PGD Update - Time: 0.0030s, Mem: -3407872.00 B

[Step 21] 完整步骤总时间: 6.224396s | 总显存: 176.00 KB
[Step 21] 峰值显存: 16.96 GB

[Step 22] ============ 详细性能分析 ============
[模型部分] 总时间: 1.937257s | 显存: 4.12 GB

[0-9秒 PDE求解详细性能]

[19秒 PDE求解]
  t=19s - 时间: 1.916372s | 显存: 0.00 B

[PDE求解部分] 总时间: 1.916372s | 显存: 0.00 B

[本步骤总计] 时间: 3.853629s | 显存: 4.12 GB
surrogate_loss (vs forward.true_19):  tensor(3536.3521, device='cuda:0', grad_fn=<MseLossBackward0>)
[Step 22] Backward Propagation - Time: 4.1996s, Mem: -4411146240.00 B
[Step 22] PGD Update - Time: 0.0031s, Mem: -3588096.00 B

[Step 22] 完整步骤总时间: 6.141882s | 总显存: -180224.00 B
[Step 22] 峰值显存: 16.96 GB

[Step 23] ============ 详细性能分析 ============
[模型部分] 总时间: 1.937993s | 显存: 4.12 GB

[0-9秒 PDE求解详细性能]

[19秒 PDE求解]
  t=19s - 时间: 1.916915s | 显存: 0.00 B

[PDE求解部分] 总时间: 1.916915s | 显存: 0.00 B

[本步骤总计] 时间: 3.854909s | 显存: 4.12 GB
surrogate_loss (vs forward.true_19):  tensor(3296.0232, device='cuda:0', grad_fn=<MseLossBackward0>)
[Step 23] Backward Propagation - Time: 4.1882s, Mem: -4410531840.00 B
[Step 23] PGD Update - Time: 0.0030s, Mem: -3407872.00 B

[Step 23] 完整步骤总时间: 6.131122s | 总显存: 176.00 KB
[Step 23] 峰值显存: 16.96 GB

[Step 24] ============ 详细性能分析 ============
[模型部分] 总时间: 4.792828s | 显存: 4.12 GB

[0-9秒 PDE求解详细性能]

[19秒 PDE求解]
  t=19s - 时间: 3.605939s | 显存: 0.00 B

[PDE求解部分] 总时间: 3.605939s | 显存: 0.00 B

[本步骤总计] 时间: 8.398767s | 显存: 4.12 GB
surrogate_loss (vs forward.true_19):  tensor(3156.8845, device='cuda:0', grad_fn=<MseLossBackward0>)
[Step 24] Backward Propagation - Time: 11.7593s, Mem: -4411146240.00 B
[Step 24] PGD Update - Time: 0.0973s, Mem: -3588096.00 B

[Step 24] 完整步骤总时间: 17.022604s | 总显存: -180224.00 B
[Step 24] 峰值显存: 16.96 GB

[Step 25] ============ 详细性能分析 ============
[模型部分] 总时间: 2.023619s | 显存: 4.12 GB

[0-9秒 PDE求解详细性能]

[19秒 PDE求解]
  t=19s - 时间: 1.981199s | 显存: 0.00 B

[PDE求解部分] 总时间: 1.981199s | 显存: 0.00 B

[本步骤总计] 时间: 4.004818s | 显存: 4.12 GB
surrogate_loss (vs forward.true_19):  tensor(3519.0234, device='cuda:0', grad_fn=<MseLossBackward0>)
[Step 25] Backward Propagation - Time: 4.2127s, Mem: -4410531840.00 B
[Step 25] PGD Update - Time: 0.0043s, Mem: -3407872.00 B

[Step 25] 完整步骤总时间: 6.242753s | 总显存: 176.00 KB
[Step 25] 峰值显存: 16.96 GB

[Step 26] ============ 详细性能分析 ============
[模型部分] 总时间: 1.945235s | 显存: 4.12 GB

[0-9秒 PDE求解详细性能]

[19秒 PDE求解]
  t=19s - 时间: 1.924406s | 显存: 0.00 B

[PDE求解部分] 总时间: 1.924406s | 显存: 0.00 B

[本步骤总计] 时间: 3.869641s | 显存: 4.12 GB
surrogate_loss (vs forward.true_19):  tensor(5544.6904, device='cuda:0', grad_fn=<MseLossBackward0>)
[Step 26] Backward Propagation - Time: 4.2890s, Mem: -4411146240.00 B
[Step 26] PGD Update - Time: 0.0034s, Mem: -3588096.00 B

[Step 26] 完整步骤总时间: 6.239496s | 总显存: -180224.00 B
[Step 26] 峰值显存: 16.96 GB

[Step 27] ============ 详细性能分析 ============
[模型部分] 总时间: 1.973324s | 显存: 4.12 GB

[0-9秒 PDE求解详细性能]

[19秒 PDE求解]
  t=19s - 时间: 1.952595s | 显存: 0.00 B

[PDE求解部分] 总时间: 1.952595s | 显存: 0.00 B

[本步骤总计] 时间: 3.925918s | 显存: 4.12 GB
surrogate_loss (vs forward.true_19):  tensor(8196.5947, device='cuda:0', grad_fn=<MseLossBackward0>)
[Step 27] Backward Propagation - Time: 4.2587s, Mem: -4410531840.00 B
[Step 27] PGD Update - Time: 0.0030s, Mem: -3407872.00 B

[Step 27] 完整步骤总时间: 6.236990s | 总显存: 176.00 KB
[Step 27] 峰值显存: 16.96 GB

[Step 28] ============ 详细性能分析 ============
[模型部分] 总时间: 1.956223s | 显存: 4.12 GB

[0-9秒 PDE求解详细性能]

[19秒 PDE求解]
  t=19s - 时间: 1.935527s | 显存: 0.00 B

[PDE求解部分] 总时间: 1.935527s | 显存: 0.00 B

[本步骤总计] 时间: 3.891750s | 显存: 4.12 GB
surrogate_loss (vs forward.true_19):  tensor(10061.3125, device='cuda:0', grad_fn=<MseLossBackward0>)
[Step 28] Backward Propagation - Time: 4.2910s, Mem: -4411146240.00 B
[Step 28] PGD Update - Time: 0.0033s, Mem: -3588096.00 B

[Step 28] 完整步骤总时间: 6.252427s | 总显存: -180224.00 B
[Step 28] 峰值显存: 16.96 GB

[Step 29] ============ 详细性能分析 ============
[模型部分] 总时间: 1.938072s | 显存: 4.12 GB

[0-9秒 PDE求解详细性能]

[19秒 PDE求解]
  t=19s - 时间: 1.917145s | 显存: 0.00 B

[PDE求解部分] 总时间: 1.917145s | 显存: 0.00 B

[本步骤总计] 时间: 3.855216s | 显存: 4.12 GB
surrogate_loss (vs forward.true_19):  tensor(10906.9883, device='cuda:0', grad_fn=<MseLossBackward0>)
[Step 29] Backward Propagation - Time: 4.2159s, Mem: -4410531840.00 B
[Step 29] PGD Update - Time: 0.0029s, Mem: -3407872.00 B

[Step 29] 完整步骤总时间: 6.158681s | 总显存: 176.00 KB
[Step 29] 峰值显存: 16.96 GB

[Step 30] ============ 详细性能分析 ============
[模型部分] 总时间: 1.966139s | 显存: 4.12 GB

[0-9秒 PDE求解详细性能]

[19秒 PDE求解]
  t=19s - 时间: 1.945158s | 显存: 0.00 B

[PDE求解部分] 总时间: 1.945158s | 显存: 0.00 B

[本步骤总计] 时间: 3.911297s | 显存: 4.12 GB
surrogate_loss (vs forward.true_19):  tensor(10917.5566, device='cuda:0', grad_fn=<MseLossBackward0>)
[Step 30] Backward Propagation - Time: 4.2381s, Mem: -4411146240.00 B
[Step 30] PGD Update - Time: 0.0032s, Mem: -3588096.00 B

[Step 30] 完整步骤总时间: 6.209330s | 总显存: -180224.00 B
[Step 30] 峰值显存: 16.96 GB

[Step 31] ============ 详细性能分析 ============
[模型部分] 总时间: 1.952055s | 显存: 4.12 GB

[0-9秒 PDE求解详细性能]

[19秒 PDE求解]
  t=19s - 时间: 1.931246s | 显存: 0.00 B

[PDE求解部分] 总时间: 1.931246s | 显存: 0.00 B

[本步骤总计] 时间: 3.883301s | 显存: 4.12 GB
surrogate_loss (vs forward.true_19):  tensor(10389.9395, device='cuda:0', grad_fn=<MseLossBackward0>)
[Step 31] Backward Propagation - Time: 4.2027s, Mem: -4410531840.00 B
[Step 31] PGD Update - Time: 0.0032s, Mem: -3407872.00 B

[Step 31] 完整步骤总时间: 6.160051s | 总显存: 176.00 KB
[Step 31] 峰值显存: 16.96 GB

[Step 32] ============ 详细性能分析 ============
[模型部分] 总时间: 1.935872s | 显存: 4.12 GB

[0-9秒 PDE求解详细性能]

[19秒 PDE求解]
  t=19s - 时间: 1.914892s | 显存: 0.00 B

[PDE求解部分] 总时间: 1.914892s | 显存: 0.00 B

[本步骤总计] 时间: 3.850764s | 显存: 4.12 GB
surrogate_loss (vs forward.true_19):  tensor(9843.3701, device='cuda:0', grad_fn=<MseLossBackward0>)
[Step 32] Backward Propagation - Time: 4.2226s, Mem: -4411146240.00 B
[Step 32] PGD Update - Time: 0.0033s, Mem: -3588096.00 B

[Step 32] 完整步骤总时间: 6.163814s | 总显存: -180224.00 B
[Step 32] 峰值显存: 16.96 GB

[Step 33] ============ 详细性能分析 ============
[模型部分] 总时间: 1.960939s | 显存: 4.12 GB

[0-9秒 PDE求解详细性能]

[19秒 PDE求解]
  t=19s - 时间: 1.939630s | 显存: 0.00 B

[PDE求解部分] 总时间: 1.939630s | 显存: 0.00 B

[本步骤总计] 时间: 3.900569s | 显存: 4.12 GB
surrogate_loss (vs forward.true_19):  tensor(9733.4902, device='cuda:0', grad_fn=<MseLossBackward0>)
[Step 33] Backward Propagation - Time: 4.2387s, Mem: -4410531840.00 B
[Step 33] PGD Update - Time: 0.0031s, Mem: -3407872.00 B

[Step 33] 完整步骤总时间: 6.205069s | 总显存: 176.00 KB
[Step 33] 峰值显存: 16.96 GB

[Step 34] ============ 详细性能分析 ============
[模型部分] 总时间: 1.945741s | 显存: 4.12 GB

[0-9秒 PDE求解详细性能]

[19秒 PDE求解]
  t=19s - 时间: 1.924724s | 显存: 0.00 B

[PDE求解部分] 总时间: 1.924724s | 显存: 0.00 B

[本步骤总计] 时间: 3.870465s | 显存: 4.12 GB
surrogate_loss (vs forward.true_19):  tensor(10300.7031, device='cuda:0', grad_fn=<MseLossBackward0>)
[Step 34] Backward Propagation - Time: 4.1980s, Mem: -4411146240.00 B
[Step 34] PGD Update - Time: 0.0030s, Mem: -3588096.00 B

[Step 34] 完整步骤总时间: 6.148739s | 总显存: -180224.00 B
[Step 34] 峰值显存: 16.96 GB

[Step 35] ============ 详细性能分析 ============
[模型部分] 总时间: 1.944070s | 显存: 4.12 GB

[0-9秒 PDE求解详细性能]

[19秒 PDE求解]
  t=19s - 时间: 1.923253s | 显存: 0.00 B

[PDE求解部分] 总时间: 1.923253s | 显存: 0.00 B

[本步骤总计] 时间: 3.867323s | 显存: 4.12 GB
surrogate_loss (vs forward.true_19):  tensor(11131.7383, device='cuda:0', grad_fn=<MseLossBackward0>)
[Step 35] Backward Propagation - Time: 4.2061s, Mem: -4410531840.00 B
[Step 35] PGD Update - Time: 0.0040s, Mem: -3407872.00 B

[Step 35] 完整步骤总时间: 6.156228s | 总显存: 176.00 KB
[Step 35] 峰值显存: 16.96 GB

[Step 36] ============ 详细性能分析 ============
[模型部分] 总时间: 1.973248s | 显存: 4.12 GB

[0-9秒 PDE求解详细性能]

[19秒 PDE求解]
  t=19s - 时间: 1.952479s | 显存: 0.00 B

[PDE求解部分] 总时间: 1.952479s | 显存: 0.00 B

[本步骤总计] 时间: 3.925727s | 显存: 4.12 GB
surrogate_loss (vs forward.true_19):  tensor(12897.1191, device='cuda:0', grad_fn=<MseLossBackward0>)
[Step 36] Backward Propagation - Time: 4.1975s, Mem: -4411146240.00 B
[Step 36] PGD Update - Time: 0.0031s, Mem: -3588096.00 B

[Step 36] 完整步骤总时间: 6.175679s | 总显存: -180224.00 B
[Step 36] 峰值显存: 16.96 GB

[Step 37] ============ 详细性能分析 ============
[模型部分] 总时间: 1.971554s | 显存: 4.12 GB

[0-9秒 PDE求解详细性能]

[19秒 PDE求解]
  t=19s - 时间: 1.950723s | 显存: 0.00 B

[PDE求解部分] 总时间: 1.950723s | 显存: 0.00 B

[本步骤总计] 时间: 3.922277s | 显存: 4.12 GB
surrogate_loss (vs forward.true_19):  tensor(13637.1152, device='cuda:0', grad_fn=<MseLossBackward0>)
[Step 37] Backward Propagation - Time: 4.2775s, Mem: -4410531840.00 B
[Step 37] PGD Update - Time: 0.0029s, Mem: -3407872.00 B

[Step 37] 完整步骤总时间: 6.253904s | 总显存: 176.00 KB
[Step 37] 峰值显存: 16.96 GB

[Step 38] ============ 详细性能分析 ============
[模型部分] 总时间: 1.962318s | 显存: 4.12 GB

[0-9秒 PDE求解详细性能]

[19秒 PDE求解]
  t=19s - 时间: 1.941548s | 显存: 0.00 B

[PDE求解部分] 总时间: 1.941548s | 显存: 0.00 B

[本步骤总计] 时间: 3.903866s | 显存: 4.12 GB
surrogate_loss (vs forward.true_19):  tensor(13456.5254, device='cuda:0', grad_fn=<MseLossBackward0>)
[Step 38] Backward Propagation - Time: 4.2004s, Mem: -4411146240.00 B
[Step 38] PGD Update - Time: 0.0031s, Mem: -3588096.00 B

[Step 38] 完整步骤总时间: 6.167578s | 总显存: -180224.00 B
[Step 38] 峰值显存: 16.96 GB

[Step 39] ============ 详细性能分析 ============
[模型部分] 总时间: 1.934377s | 显存: 4.12 GB

[0-9秒 PDE求解详细性能]

[19秒 PDE求解]
  t=19s - 时间: 1.913456s | 显存: 0.00 B

[PDE求解部分] 总时间: 1.913456s | 显存: 0.00 B

[本步骤总计] 时间: 3.847833s | 显存: 4.12 GB
surrogate_loss (vs forward.true_19):  tensor(17437.1680, device='cuda:0', grad_fn=<MseLossBackward0>)
[Step 39] Backward Propagation - Time: 4.2335s, Mem: -4410531840.00 B
[Step 39] PGD Update - Time: 0.0029s, Mem: -3407872.00 B

[Step 39] 完整步骤总时间: 6.172529s | 总显存: 176.00 KB
[Step 39] 峰值显存: 16.96 GB

[Step 40] ============ 详细性能分析 ============
[模型部分] 总时间: 1.927819s | 显存: 4.12 GB

[0-9秒 PDE求解详细性能]

[19秒 PDE求解]
  t=19s - 时间: 1.906951s | 显存: 0.00 B

[PDE求解部分] 总时间: 1.906951s | 显存: 0.00 B

[本步骤总计] 时间: 3.834771s | 显存: 4.12 GB
surrogate_loss (vs forward.true_19):  tensor(23247.5703, device='cuda:0', grad_fn=<MseLossBackward0>)
[Step 40] Backward Propagation - Time: 4.2353s, Mem: -4411146240.00 B
[Step 40] PGD Update - Time: 0.0030s, Mem: -3588096.00 B

[Step 40] 完整步骤总时间: 6.168049s | 总显存: -180224.00 B
[Step 40] 峰值显存: 16.96 GB

[Step 41] ============ 详细性能分析 ============
[模型部分] 总时间: 1.933285s | 显存: 4.12 GB

[0-9秒 PDE求解详细性能]

[19秒 PDE求解]
  t=19s - 时间: 1.912564s | 显存: 0.00 B

[PDE求解部分] 总时间: 1.912564s | 显存: 0.00 B

[本步骤总计] 时间: 3.845849s | 显存: 4.12 GB
surrogate_loss (vs forward.true_19):  tensor(22782.6582, device='cuda:0', grad_fn=<MseLossBackward0>)
[Step 41] Backward Propagation - Time: 4.1977s, Mem: -4410531840.00 B
[Step 41] PGD Update - Time: 0.0032s, Mem: -3407872.00 B

[Step 41] 完整步骤总时间: 6.136341s | 总显存: 176.00 KB
[Step 41] 峰值显存: 16.96 GB

[Step 42] ============ 详细性能分析 ============
[模型部分] 总时间: 1.953903s | 显存: 4.12 GB

[0-9秒 PDE求解详细性能]

[19秒 PDE求解]
  t=19s - 时间: 1.932954s | 显存: 0.00 B

[PDE求解部分] 总时间: 1.932954s | 显存: 0.00 B

[本步骤总计] 时间: 3.886858s | 显存: 4.12 GB
surrogate_loss (vs forward.true_19):  tensor(23181.6719, device='cuda:0', grad_fn=<MseLossBackward0>)
[Step 42] Backward Propagation - Time: 4.2216s, Mem: -4411146240.00 B
[Step 42] PGD Update - Time: 0.0034s, Mem: -3588096.00 B

[Step 42] 完整步骤总时间: 6.180902s | 总显存: -180224.00 B
[Step 42] 峰值显存: 16.96 GB

[Step 43] ============ 详细性能分析 ============
[模型部分] 总时间: 1.964521s | 显存: 4.12 GB

[0-9秒 PDE求解详细性能]

[19秒 PDE求解]
  t=19s - 时间: 1.943319s | 显存: 0.00 B

[PDE求解部分] 总时间: 1.943319s | 显存: 0.00 B

[本步骤总计] 时间: 3.907840s | 显存: 4.12 GB
surrogate_loss (vs forward.true_19):  tensor(26985.8926, device='cuda:0', grad_fn=<MseLossBackward0>)
[Step 43] Backward Propagation - Time: 4.2294s, Mem: -4410531840.00 B
[Step 43] PGD Update - Time: 0.0030s, Mem: -3407872.00 B

[Step 43] 完整步骤总时间: 6.199096s | 总显存: 176.00 KB
[Step 43] 峰值显存: 16.96 GB

[Step 44] ============ 详细性能分析 ============
[模型部分] 总时间: 1.977152s | 显存: 4.12 GB

[0-9秒 PDE求解详细性能]

[19秒 PDE求解]
  t=19s - 时间: 1.956297s | 显存: 0.00 B

[PDE求解部分] 总时间: 1.956297s | 显存: 0.00 B

[本步骤总计] 时间: 3.933449s | 显存: 4.12 GB
surrogate_loss (vs forward.true_19):  tensor(37017.3594, device='cuda:0', grad_fn=<MseLossBackward0>)
[Step 44] Backward Propagation - Time: 4.2184s, Mem: -4411146240.00 B
[Step 44] PGD Update - Time: 0.0031s, Mem: -3588096.00 B

[Step 44] 完整步骤总时间: 6.200578s | 总显存: -180224.00 B
[Step 44] 峰值显存: 16.96 GB

[Step 45] ============ 详细性能分析 ============
[模型部分] 总时间: 1.931487s | 显存: 4.12 GB

[0-9秒 PDE求解详细性能]

[19秒 PDE求解]
  t=19s - 时间: 1.910750s | 显存: 0.00 B

[PDE求解部分] 总时间: 1.910750s | 显存: 0.00 B

[本步骤总计] 时间: 3.842237s | 显存: 4.12 GB
surrogate_loss (vs forward.true_19):  tensor(45902.1992, device='cuda:0', grad_fn=<MseLossBackward0>)
[Step 45] Backward Propagation - Time: 4.1964s, Mem: -4410531840.00 B
[Step 45] PGD Update - Time: 0.0043s, Mem: -3407872.00 B

[Step 45] 完整步骤总时间: 6.134351s | 总显存: 176.00 KB
[Step 45] 峰值显存: 16.96 GB

[Step 46] ============ 详细性能分析 ============
[模型部分] 总时间: 1.983071s | 显存: 4.12 GB

[0-9秒 PDE求解详细性能]

[19秒 PDE求解]
  t=19s - 时间: 1.962062s | 显存: 0.00 B

[PDE求解部分] 总时间: 1.962062s | 显存: 0.00 B

[本步骤总计] 时间: 3.945133s | 显存: 4.12 GB
surrogate_loss (vs forward.true_19):  tensor(46646.5156, device='cuda:0', grad_fn=<MseLossBackward0>)
[Step 46] Backward Propagation - Time: 4.2929s, Mem: -4411146240.00 B
[Step 46] PGD Update - Time: 0.0035s, Mem: -3588096.00 B

[Step 46] 完整步骤总时间: 6.281413s | 总显存: -180224.00 B
[Step 46] 峰值显存: 16.96 GB

[Step 47] ============ 详细性能分析 ============
[模型部分] 总时间: 1.944400s | 显存: 4.12 GB

[0-9秒 PDE求解详细性能]

[19秒 PDE求解]
  t=19s - 时间: 1.923611s | 显存: 0.00 B

[PDE求解部分] 总时间: 1.923611s | 显存: 0.00 B

[本步骤总计] 时间: 3.868011s | 显存: 4.12 GB
surrogate_loss (vs forward.true_19):  tensor(39403.9961, device='cuda:0', grad_fn=<MseLossBackward0>)
[Step 47] Backward Propagation - Time: 4.2251s, Mem: -4410531840.00 B
[Step 47] PGD Update - Time: 0.0033s, Mem: -3407872.00 B

[Step 47] 完整步骤总时间: 6.174706s | 总显存: 176.00 KB
[Step 47] 峰值显存: 16.96 GB

[Step 48] ============ 详细性能分析 ============
[模型部分] 总时间: 1.932054s | 显存: 4.12 GB

[0-9秒 PDE求解详细性能]

[19秒 PDE求解]
  t=19s - 时间: 1.910915s | 显存: 0.00 B

[PDE求解部分] 总时间: 1.910915s | 显存: 0.00 B

[本步骤总计] 时间: 3.842969s | 显存: 4.12 GB
surrogate_loss (vs forward.true_19):  tensor(31235.0273, device='cuda:0', grad_fn=<MseLossBackward0>)
[Step 48] Backward Propagation - Time: 4.2530s, Mem: -4411146240.00 B
[Step 48] PGD Update - Time: 0.0031s, Mem: -3588096.00 B

[Step 48] 完整步骤总时间: 6.190190s | 总显存: -180224.00 B
[Step 48] 峰值显存: 16.96 GB

[Step 49] ============ 详细性能分析 ============
[模型部分] 总时间: 1.936965s | 显存: 4.12 GB

[0-9秒 PDE求解详细性能]

[19秒 PDE求解]
  t=19s - 时间: 1.916100s | 显存: 0.00 B

[PDE求解部分] 总时间: 1.916100s | 显存: 0.00 B

[本步骤总计] 时间: 3.853065s | 显存: 4.12 GB
surrogate_loss (vs forward.true_19):  tensor(27669.7305, device='cuda:0', grad_fn=<MseLossBackward0>)
[Step 49] Backward Propagation - Time: 4.2143s, Mem: -4410531840.00 B
[Step 49] PGD Update - Time: 0.0030s, Mem: -3407872.00 B

[Step 49] 完整步骤总时间: 6.156212s | 总显存: 176.00 KB
[Step 49] 峰值显存: 16.96 GB

[Step 50] ============ 详细性能分析 ============
[模型部分] 总时间: 1.950227s | 显存: 4.12 GB

[0-9秒 PDE求解详细性能]

[19秒 PDE求解]
  t=19s - 时间: 1.929219s | 显存: 0.00 B

[PDE求解部分] 总时间: 1.929219s | 显存: 0.00 B

[本步骤总计] 时间: 3.879446s | 显存: 4.12 GB
surrogate_loss (vs forward.true_19):  tensor(24661.0859, device='cuda:0', grad_fn=<MseLossBackward0>)
[Step 50] Backward Propagation - Time: 4.2494s, Mem: -4411146240.00 B
[Step 50] PGD Update - Time: 0.0031s, Mem: -3588096.00 B

[Step 50] 完整步骤总时间: 6.204880s | 总显存: -180224.00 B
[Step 50] 峰值显存: 16.96 GB

[Step 51] ============ 详细性能分析 ============
[模型部分] 总时间: 1.956313s | 显存: 4.12 GB

[0-9秒 PDE求解详细性能]

[19秒 PDE求解]
  t=19s - 时间: 1.935414s | 显存: 0.00 B

[PDE求解部分] 总时间: 1.935414s | 显存: 0.00 B

[本步骤总计] 时间: 3.891727s | 显存: 4.12 GB
surrogate_loss (vs forward.true_19):  tensor(22493.0645, device='cuda:0', grad_fn=<MseLossBackward0>)
[Step 51] Backward Propagation - Time: 4.2022s, Mem: -4410531840.00 B
[Step 51] PGD Update - Time: 0.0030s, Mem: -3407872.00 B

[Step 51] 完整步骤总时间: 6.163426s | 总显存: 176.00 KB
[Step 51] 峰值显存: 16.96 GB

[Step 52] ============ 详细性能分析 ============
[模型部分] 总时间: 1.954421s | 显存: 4.12 GB

[0-9秒 PDE求解详细性能]

[19秒 PDE求解]
  t=19s - 时间: 1.933497s | 显存: 0.00 B

[PDE求解部分] 总时间: 1.933497s | 显存: 0.00 B

[本步骤总计] 时间: 3.887918s | 显存: 4.12 GB
surrogate_loss (vs forward.true_19):  tensor(20905.3789, device='cuda:0', grad_fn=<MseLossBackward0>)
[Step 52] Backward Propagation - Time: 4.2655s, Mem: -4411146240.00 B
[Step 52] PGD Update - Time: 0.0033s, Mem: -3588096.00 B

[Step 52] 完整步骤总时间: 6.225146s | 总显存: -180224.00 B
[Step 52] 峰值显存: 16.96 GB

[Step 53] ============ 详细性能分析 ============
[模型部分] 总时间: 1.954009s | 显存: 4.12 GB

[0-9秒 PDE求解详细性能]

[19秒 PDE求解]
  t=19s - 时间: 1.932651s | 显存: 0.00 B

[PDE求解部分] 总时间: 1.932651s | 显存: 0.00 B

[本步骤总计] 时间: 3.886660s | 显存: 4.12 GB
surrogate_loss (vs forward.true_19):  tensor(20576.5469, device='cuda:0', grad_fn=<MseLossBackward0>)
[Step 53] Backward Propagation - Time: 4.2364s, Mem: -4410531840.00 B
[Step 53] PGD Update - Time: 0.0030s, Mem: -3407872.00 B

[Step 53] 完整步骤总时间: 6.195534s | 总显存: 176.00 KB
[Step 53] 峰值显存: 16.96 GB

[Step 54] ============ 详细性能分析 ============
[模型部分] 总时间: 1.955806s | 显存: 4.12 GB

[0-9秒 PDE求解详细性能]

[19秒 PDE求解]
  t=19s - 时间: 1.934822s | 显存: 0.00 B

[PDE求解部分] 总时间: 1.934822s | 显存: 0.00 B

[本步骤总计] 时间: 3.890628s | 显存: 4.12 GB
surrogate_loss (vs forward.true_19):  tensor(21366.4199, device='cuda:0', grad_fn=<MseLossBackward0>)
[Step 54] Backward Propagation - Time: 4.2116s, Mem: -4411146240.00 B
[Step 54] PGD Update - Time: 0.0045s, Mem: -3588096.00 B

[Step 54] 完整步骤总时间: 6.173724s | 总显存: -180224.00 B
[Step 54] 峰值显存: 16.96 GB

[Step 55] ============ 详细性能分析 ============
[模型部分] 总时间: 1.954463s | 显存: 4.12 GB

[0-9秒 PDE求解详细性能]

[19秒 PDE求解]
  t=19s - 时间: 1.933629s | 显存: 0.00 B

[PDE求解部分] 总时间: 1.933629s | 显存: 0.00 B

[本步骤总计] 时间: 3.888092s | 显存: 4.12 GB
surrogate_loss (vs forward.true_19):  tensor(22421.7109, device='cuda:0', grad_fn=<MseLossBackward0>)
[Step 55] Backward Propagation - Time: 4.2087s, Mem: -4410531840.00 B
[Step 55] PGD Update - Time: 0.0042s, Mem: -3407872.00 B

[Step 55] 完整步骤总时间: 6.169688s | 总显存: 176.00 KB
[Step 55] 峰值显存: 16.96 GB

[Step 56] ============ 详细性能分析 ============
[模型部分] 总时间: 1.946273s | 显存: 4.12 GB

[0-9秒 PDE求解详细性能]

[19秒 PDE求解]
  t=19s - 时间: 1.925243s | 显存: 0.00 B

[PDE求解部分] 总时间: 1.925243s | 显存: 0.00 B

[本步骤总计] 时间: 3.871516s | 显存: 4.12 GB
surrogate_loss (vs forward.true_19):  tensor(22499.9688, device='cuda:0', grad_fn=<MseLossBackward0>)
[Step 56] Backward Propagation - Time: 4.2277s, Mem: -4411146240.00 B
[Step 56] PGD Update - Time: 0.0032s, Mem: -3588096.00 B

[Step 56] 完整步骤总时间: 6.179108s | 总显存: -180224.00 B
[Step 56] 峰值显存: 16.96 GB

[Step 57] ============ 详细性能分析 ============
[模型部分] 总时间: 1.944944s | 显存: 4.12 GB

[0-9秒 PDE求解详细性能]

[19秒 PDE求解]
  t=19s - 时间: 1.924095s | 显存: 0.00 B

[PDE求解部分] 总时间: 1.924095s | 显存: 0.00 B

[本步骤总计] 时间: 3.869039s | 显存: 4.12 GB
surrogate_loss (vs forward.true_19):  tensor(21236.0586, device='cuda:0', grad_fn=<MseLossBackward0>)
[Step 57] Backward Propagation - Time: 4.2631s, Mem: -4410531840.00 B
[Step 57] PGD Update - Time: 0.0031s, Mem: -3407872.00 B

[Step 57] 完整步骤总时间: 6.213206s | 总显存: 176.00 KB
[Step 57] 峰值显存: 16.96 GB

[Step 58] ============ 详细性能分析 ============
[模型部分] 总时间: 1.952993s | 显存: 4.12 GB

[0-9秒 PDE求解详细性能]

[19秒 PDE求解]
  t=19s - 时间: 1.932129s | 显存: 0.00 B

[PDE求解部分] 总时间: 1.932129s | 显存: 0.00 B

[本步骤总计] 时间: 3.885122s | 显存: 4.12 GB
surrogate_loss (vs forward.true_19):  tensor(19037.3457, device='cuda:0', grad_fn=<MseLossBackward0>)
[Step 58] Backward Propagation - Time: 4.2622s, Mem: -4411146240.00 B
[Step 58] PGD Update - Time: 0.0030s, Mem: -3588096.00 B

[Step 58] 完整步骤总时间: 6.220030s | 总显存: -180224.00 B
[Step 58] 峰值显存: 16.96 GB

[Step 59] ============ 详细性能分析 ============
[模型部分] 总时间: 1.963484s | 显存: 4.12 GB

[0-9秒 PDE求解详细性能]

[19秒 PDE求解]
  t=19s - 时间: 1.942511s | 显存: 0.00 B

[PDE求解部分] 总时间: 1.942511s | 显存: 0.00 B

[本步骤总计] 时间: 3.905994s | 显存: 4.12 GB
surrogate_loss (vs forward.true_19):  tensor(17376.0117, device='cuda:0', grad_fn=<MseLossBackward0>)
[Step 59] Backward Propagation - Time: 4.2404s, Mem: -4410531840.00 B
[Step 59] PGD Update - Time: 0.0031s, Mem: -3407872.00 B

[Step 59] 完整步骤总时间: 6.208832s | 总显存: 176.00 KB
[Step 59] 峰值显存: 16.96 GB

[Step 60] ============ 详细性能分析 ============
[模型部分] 总时间: 1.945019s | 显存: 4.12 GB

[0-9秒 PDE求解详细性能]

[19秒 PDE求解]
  t=19s - 时间: 1.924173s | 显存: 0.00 B

[PDE求解部分] 总时间: 1.924173s | 显存: 0.00 B

[本步骤总计] 时间: 3.869192s | 显存: 4.12 GB
surrogate_loss (vs forward.true_19):  tensor(16640.7324, device='cuda:0', grad_fn=<MseLossBackward0>)
[Step 60] Backward Propagation - Time: 4.2440s, Mem: -4411146240.00 B
[Step 60] PGD Update - Time: 0.0032s, Mem: -3588096.00 B

[Step 60] 完整步骤总时间: 6.194083s | 总显存: -180224.00 B
[Step 60] 峰值显存: 16.96 GB

[Step 61] ============ 详细性能分析 ============
[模型部分] 总时间: 1.957944s | 显存: 4.12 GB

[0-9秒 PDE求解详细性能]

[19秒 PDE求解]
  t=19s - 时间: 1.937116s | 显存: 0.00 B

[PDE求解部分] 总时间: 1.937116s | 显存: 0.00 B

[本步骤总计] 时间: 3.895061s | 显存: 4.12 GB
surrogate_loss (vs forward.true_19):  tensor(16271.7861, device='cuda:0', grad_fn=<MseLossBackward0>)
[Step 61] Backward Propagation - Time: 4.2026s, Mem: -4410531840.00 B
[Step 61] PGD Update - Time: 0.0034s, Mem: -3407872.00 B

[Step 61] 完整步骤总时间: 6.165885s | 总显存: 176.00 KB
[Step 61] 峰值显存: 16.96 GB

[Step 62] ============ 详细性能分析 ============
[模型部分] 总时间: 1.953223s | 显存: 4.12 GB

[0-9秒 PDE求解详细性能]

[19秒 PDE求解]
  t=19s - 时间: 1.931908s | 显存: 0.00 B

[PDE求解部分] 总时间: 1.931908s | 显存: 0.00 B

[本步骤总计] 时间: 3.885131s | 显存: 4.12 GB
surrogate_loss (vs forward.true_19):  tensor(16287.4033, device='cuda:0', grad_fn=<MseLossBackward0>)
[Step 62] Backward Propagation - Time: 4.2169s, Mem: -4411146240.00 B
[Step 62] PGD Update - Time: 0.0032s, Mem: -3588096.00 B

[Step 62] 完整步骤总时间: 6.175390s | 总显存: -180224.00 B
[Step 62] 峰值显存: 16.96 GB

[Step 63] ============ 详细性能分析 ============
[模型部分] 总时间: 1.981249s | 显存: 4.12 GB

[0-9秒 PDE求解详细性能]

[19秒 PDE求解]
  t=19s - 时间: 1.960148s | 显存: 0.00 B

[PDE求解部分] 总时间: 1.960148s | 显存: 0.00 B

[本步骤总计] 时间: 3.941398s | 显存: 4.12 GB
surrogate_loss (vs forward.true_19):  tensor(16217.6191, device='cuda:0', grad_fn=<MseLossBackward0>)
[Step 63] Backward Propagation - Time: 4.2388s, Mem: -4410531840.00 B
[Step 63] PGD Update - Time: 0.0030s, Mem: -3407872.00 B

[Step 63] 完整步骤总时间: 6.225016s | 总显存: 176.00 KB
[Step 63] 峰值显存: 16.96 GB

[Step 64] ============ 详细性能分析 ============
[模型部分] 总时间: 1.984274s | 显存: 4.12 GB

[0-9秒 PDE求解详细性能]

[19秒 PDE求解]
  t=19s - 时间: 1.963499s | 显存: 0.00 B

[PDE求解部分] 总时间: 1.963499s | 显存: 0.00 B

[本步骤总计] 时间: 3.947773s | 显存: 4.12 GB
surrogate_loss (vs forward.true_19):  tensor(15838.4922, device='cuda:0', grad_fn=<MseLossBackward0>)
[Step 64] Backward Propagation - Time: 4.1813s, Mem: -4411146240.00 B
[Step 64] PGD Update - Time: 0.0032s, Mem: -3588096.00 B

[Step 64] 完整步骤总时间: 6.170541s | 总显存: -180224.00 B
[Step 64] 峰值显存: 16.96 GB

[Step 65] ============ 详细性能分析 ============
[模型部分] 总时间: 1.950020s | 显存: 4.12 GB

[0-9秒 PDE求解详细性能]

[19秒 PDE求解]
  t=19s - 时间: 1.928776s | 显存: 0.00 B

[PDE求解部分] 总时间: 1.928776s | 显存: 0.00 B

[本步骤总计] 时间: 3.878796s | 显存: 4.12 GB
surrogate_loss (vs forward.true_19):  tensor(19563.8125, device='cuda:0', grad_fn=<MseLossBackward0>)
[Step 65] Backward Propagation - Time: 7.8147s, Mem: -4410531840.00 B
[Step 65] PGD Update - Time: 0.0037s, Mem: -3407872.00 B

[Step 65] 完整步骤总时间: 9.770323s | 总显存: 176.00 KB
[Step 65] 峰值显存: 16.96 GB

[Step 66] ============ 详细性能分析 ============
[模型部分] 总时间: 1.930186s | 显存: 4.12 GB

[0-9秒 PDE求解详细性能]

[19秒 PDE求解]
  t=19s - 时间: 1.909110s | 显存: 0.00 B

[PDE求解部分] 总时间: 1.909110s | 显存: 0.00 B

[本步骤总计] 时间: 3.839296s | 显存: 4.12 GB
surrogate_loss (vs forward.true_19):  tensor(20152.3203, device='cuda:0', grad_fn=<MseLossBackward0>)
[Step 66] Backward Propagation - Time: 4.2231s, Mem: -4411146240.00 B
[Step 66] PGD Update - Time: 0.0032s, Mem: -3588096.00 B

[Step 66] 完整步骤总时间: 6.158415s | 总显存: -180224.00 B
[Step 66] 峰值显存: 16.96 GB

[Step 67] ============ 详细性能分析 ============
[模型部分] 总时间: 1.933672s | 显存: 4.12 GB

[0-9秒 PDE求解详细性能]

[19秒 PDE求解]
  t=19s - 时间: 1.912814s | 显存: 0.00 B

[PDE求解部分] 总时间: 1.912814s | 显存: 0.00 B

[本步骤总计] 时间: 3.846486s | 显存: 4.12 GB
surrogate_loss (vs forward.true_19):  tensor(20568.0215, device='cuda:0', grad_fn=<MseLossBackward0>)
[Step 67] Backward Propagation - Time: 4.2396s, Mem: -4410531840.00 B
[Step 67] PGD Update - Time: 0.0032s, Mem: -3407872.00 B

[Step 67] 完整步骤总时间: 6.178355s | 总显存: 176.00 KB
[Step 67] 峰值显存: 16.96 GB

[Step 68] ============ 详细性能分析 ============
[模型部分] 总时间: 1.969077s | 显存: 4.12 GB

[0-9秒 PDE求解详细性能]

[19秒 PDE求解]
  t=19s - 时间: 1.948214s | 显存: 0.00 B

[PDE求解部分] 总时间: 1.948214s | 显存: 0.00 B

[本步骤总计] 时间: 3.917292s | 显存: 4.12 GB
surrogate_loss (vs forward.true_19):  tensor(20557.4727, device='cuda:0', grad_fn=<MseLossBackward0>)
[Step 68] Backward Propagation - Time: 4.2135s, Mem: -4411146240.00 B
[Step 68] PGD Update - Time: 0.0031s, Mem: -3588096.00 B

[Step 68] 完整步骤总时间: 6.187447s | 总显存: -180224.00 B
[Step 68] 峰值显存: 16.96 GB

[Step 69] ============ 详细性能分析 ============
[模型部分] 总时间: 1.934279s | 显存: 4.12 GB

[0-9秒 PDE求解详细性能]

[19秒 PDE求解]
  t=19s - 时间: 1.913447s | 显存: 0.00 B

[PDE求解部分] 总时间: 1.913447s | 显存: 0.00 B

[本步骤总计] 时间: 3.847726s | 显存: 4.12 GB
surrogate_loss (vs forward.true_19):  tensor(20266.4922, device='cuda:0', grad_fn=<MseLossBackward0>)
[Step 69] Backward Propagation - Time: 4.1959s, Mem: -4410531840.00 B
[Step 69] PGD Update - Time: 0.0031s, Mem: -3407872.00 B

[Step 69] 完整步骤总时间: 6.135258s | 总显存: 176.00 KB
[Step 69] 峰值显存: 16.96 GB

[Step 70] ============ 详细性能分析 ============
[模型部分] 总时间: 1.951658s | 显存: 4.12 GB

[0-9秒 PDE求解详细性能]

[19秒 PDE求解]
  t=19s - 时间: 1.930784s | 显存: 0.00 B

[PDE求解部分] 总时间: 1.930784s | 显存: 0.00 B

[本步骤总计] 时间: 3.882441s | 显存: 4.12 GB
surrogate_loss (vs forward.true_19):  tensor(19911.2480, device='cuda:0', grad_fn=<MseLossBackward0>)
[Step 70] Backward Propagation - Time: 4.1770s, Mem: -4411146240.00 B
[Step 70] PGD Update - Time: 0.0037s, Mem: -3588096.00 B

[Step 70] 完整步骤总时间: 6.134543s | 总显存: -180224.00 B
[Step 70] 峰值显存: 16.96 GB

[Step 71] ============ 详细性能分析 ============
[模型部分] 总时间: 1.942386s | 显存: 4.12 GB

[0-9秒 PDE求解详细性能]

[19秒 PDE求解]
  t=19s - 时间: 1.921210s | 显存: 0.00 B

[PDE求解部分] 总时间: 1.921210s | 显存: 0.00 B

[本步骤总计] 时间: 3.863596s | 显存: 4.12 GB
surrogate_loss (vs forward.true_19):  tensor(19585.6445, device='cuda:0', grad_fn=<MseLossBackward0>)
[Step 71] Backward Propagation - Time: 4.1954s, Mem: -4410531840.00 B
[Step 71] PGD Update - Time: 0.0034s, Mem: -3407872.00 B

[Step 71] 完整步骤总时间: 6.143565s | 总显存: 176.00 KB
[Step 71] 峰值显存: 16.96 GB

[Step 72] ============ 详细性能分析 ============
[模型部分] 总时间: 1.965526s | 显存: 4.12 GB

[0-9秒 PDE求解详细性能]

[19秒 PDE求解]
  t=19s - 时间: 1.944425s | 显存: 0.00 B

[PDE求解部分] 总时间: 1.944425s | 显存: 0.00 B

[本步骤总计] 时间: 3.909951s | 显存: 4.12 GB
surrogate_loss (vs forward.true_19):  tensor(19281.8262, device='cuda:0', grad_fn=<MseLossBackward0>)
[Step 72] Backward Propagation - Time: 4.2193s, Mem: -4411146240.00 B
[Step 72] PGD Update - Time: 0.0029s, Mem: -3588096.00 B

[Step 72] 完整步骤总时间: 6.189828s | 总显存: -180224.00 B
[Step 72] 峰值显存: 16.96 GB

[Step 73] ============ 详细性能分析 ============
[模型部分] 总时间: 2.037591s | 显存: 4.12 GB

[0-9秒 PDE求解详细性能]

[19秒 PDE求解]
  t=19s - 时间: 1.984682s | 显存: 0.00 B

[PDE求解部分] 总时间: 1.984682s | 显存: 0.00 B

[本步骤总计] 时间: 4.022273s | 显存: 4.12 GB
surrogate_loss (vs forward.true_19):  tensor(19084.7930, device='cuda:0', grad_fn=<MseLossBackward0>)
[Step 73] Backward Propagation - Time: 4.6101s, Mem: -4410531840.00 B
[Step 73] PGD Update - Time: 0.0045s, Mem: -3407872.00 B

[Step 73] 完整步骤总时间: 6.661540s | 总显存: 176.00 KB
[Step 73] 峰值显存: 16.96 GB

[Step 74] ============ 详细性能分析 ============
[模型部分] 总时间: 1.962228s | 显存: 4.12 GB

[0-9秒 PDE求解详细性能]

[19秒 PDE求解]
  t=19s - 时间: 1.941256s | 显存: 0.00 B

[PDE求解部分] 总时间: 1.941256s | 显存: 0.00 B

[本步骤总计] 时间: 3.903484s | 显存: 4.12 GB
surrogate_loss (vs forward.true_19):  tensor(18858.4219, device='cuda:0', grad_fn=<MseLossBackward0>)
[Step 74] Backward Propagation - Time: 4.3417s, Mem: -4411146240.00 B
[Step 74] PGD Update - Time: 0.0039s, Mem: -3588096.00 B

[Step 74] 完整步骤总时间: 6.309754s | 总显存: -180224.00 B
[Step 74] 峰值显存: 16.96 GB

[Step 75] ============ 详细性能分析 ============
[模型部分] 总时间: 1.959434s | 显存: 4.12 GB

[0-9秒 PDE求解详细性能]

[19秒 PDE求解]
  t=19s - 时间: 1.938591s | 显存: 0.00 B

[PDE求解部分] 总时间: 1.938591s | 显存: 0.00 B

[本步骤总计] 时间: 3.898025s | 显存: 4.12 GB
surrogate_loss (vs forward.true_19):  tensor(18971.2559, device='cuda:0', grad_fn=<MseLossBackward0>)
[Step 75] Backward Propagation - Time: 4.2237s, Mem: -4410531840.00 B
[Step 75] PGD Update - Time: 0.0033s, Mem: -3407872.00 B

[Step 75] 完整步骤总时间: 6.188608s | 总显存: 176.00 KB
[Step 75] 峰值显存: 16.96 GB

[Step 76] ============ 详细性能分析 ============
[模型部分] 总时间: 1.978854s | 显存: 4.12 GB

[0-9秒 PDE求解详细性能]

[19秒 PDE求解]
  t=19s - 时间: 1.955778s | 显存: 0.00 B

[PDE求解部分] 总时间: 1.955778s | 显存: 0.00 B

[本步骤总计] 时间: 3.934632s | 显存: 4.12 GB
surrogate_loss (vs forward.true_19):  tensor(19265.9160, device='cuda:0', grad_fn=<MseLossBackward0>)
[Step 76] Backward Propagation - Time: 4.3581s, Mem: -4411146240.00 B
[Step 76] PGD Update - Time: 0.0032s, Mem: -3588096.00 B

[Step 76] 完整步骤总时间: 6.343427s | 总显存: -180224.00 B
[Step 76] 峰值显存: 16.96 GB

[Step 77] ============ 详细性能分析 ============
[模型部分] 总时间: 12.383475s | 显存: 4.12 GB

[0-9秒 PDE求解详细性能]

[19秒 PDE求解]
  t=19s - 时间: 4.422542s | 显存: 0.00 B

[PDE求解部分] 总时间: 4.422542s | 显存: 0.00 B

[本步骤总计] 时间: 16.806017s | 显存: 4.12 GB
surrogate_loss (vs forward.true_19):  tensor(19893.6406, device='cuda:0', grad_fn=<MseLossBackward0>)
[Step 77] Backward Propagation - Time: 8.0556s, Mem: -4410531840.00 B
[Step 77] PGD Update - Time: 0.9106s, Mem: -3407872.00 B

[Step 77] 完整步骤总时间: 23.792883s | 总显存: 176.00 KB
[Step 77] 峰值显存: 16.96 GB

[Step 78] ============ 详细性能分析 ============
[模型部分] 总时间: 2.209853s | 显存: 4.12 GB

[0-9秒 PDE求解详细性能]

[19秒 PDE求解]
  t=19s - 时间: 1.962099s | 显存: 0.00 B

[PDE求解部分] 总时间: 1.962099s | 显存: 0.00 B

[本步骤总计] 时间: 4.171952s | 显存: 4.12 GB
surrogate_loss (vs forward.true_19):  tensor(21288.4980, device='cuda:0', grad_fn=<MseLossBackward0>)
[Step 78] Backward Propagation - Time: 4.2196s, Mem: -4411146240.00 B
[Step 78] PGD Update - Time: 0.0031s, Mem: -3588096.00 B

[Step 78] 完整步骤总时间: 6.434912s | 总显存: -180224.00 B
[Step 78] 峰值显存: 16.96 GB

[Step 79] ============ 详细性能分析 ============
[模型部分] 总时间: 1.961149s | 显存: 4.12 GB

[0-9秒 PDE求解详细性能]

[19秒 PDE求解]
  t=19s - 时间: 1.940173s | 显存: 0.00 B

[PDE求解部分] 总时间: 1.940173s | 显存: 0.00 B

[本步骤总计] 时间: 3.901322s | 显存: 4.12 GB
surrogate_loss (vs forward.true_19):  tensor(22552.1504, device='cuda:0', grad_fn=<MseLossBackward0>)
[Step 79] Backward Propagation - Time: 4.2284s, Mem: -4410531840.00 B
[Step 79] PGD Update - Time: 0.0230s, Mem: -3407872.00 B

[Step 79] 完整步骤总时间: 6.214880s | 总显存: 176.00 KB
[Step 79] 峰值显存: 16.96 GB

[Step 80] ============ 详细性能分析 ============
[模型部分] 总时间: 2.049905s | 显存: 4.12 GB

[0-9秒 PDE求解详细性能]

[19秒 PDE求解]
  t=19s - 时间: 2.028961s | 显存: 0.00 B

[PDE求解部分] 总时间: 2.028961s | 显存: 0.00 B

[本步骤总计] 时间: 4.078866s | 显存: 4.12 GB
surrogate_loss (vs forward.true_19):  tensor(22619.6484, device='cuda:0', grad_fn=<MseLossBackward0>)
[Step 80] Backward Propagation - Time: 4.2554s, Mem: -4411146240.00 B
[Step 80] PGD Update - Time: 0.0034s, Mem: -3588096.00 B

[Step 80] 完整步骤总时间: 6.310926s | 总显存: -180224.00 B
[Step 80] 峰值显存: 16.96 GB

[Step 81] ============ 详细性能分析 ============
[模型部分] 总时间: 1.955224s | 显存: 4.12 GB

[0-9秒 PDE求解详细性能]

[19秒 PDE求解]
  t=19s - 时间: 1.933597s | 显存: 0.00 B

[PDE求解部分] 总时间: 1.933597s | 显存: 0.00 B

[本步骤总计] 时间: 3.888821s | 显存: 4.12 GB
surrogate_loss (vs forward.true_19):  tensor(21698.4199, device='cuda:0', grad_fn=<MseLossBackward0>)
[Step 81] Backward Propagation - Time: 4.2023s, Mem: -4410531840.00 B
[Step 81] PGD Update - Time: 0.0031s, Mem: -3407872.00 B

[Step 81] 完整步骤总时间: 6.162812s | 总显存: 176.00 KB
[Step 81] 峰值显存: 16.96 GB

[Step 82] ============ 详细性能分析 ============
[模型部分] 总时间: 1.935353s | 显存: 4.12 GB

[0-9秒 PDE求解详细性能]

[19秒 PDE求解]
  t=19s - 时间: 1.914332s | 显存: 0.00 B

[PDE求解部分] 总时间: 1.914332s | 显存: 0.00 B

[本步骤总计] 时间: 3.849686s | 显存: 4.12 GB
surrogate_loss (vs forward.true_19):  tensor(19602.8750, device='cuda:0', grad_fn=<MseLossBackward0>)
[Step 82] Backward Propagation - Time: 4.2327s, Mem: -4411146240.00 B
[Step 82] PGD Update - Time: 0.0033s, Mem: -3588096.00 B

[Step 82] 完整步骤总时间: 6.173533s | 总显存: -180224.00 B
[Step 82] 峰值显存: 16.96 GB

[Step 83] ============ 详细性能分析 ============
[模型部分] 总时间: 1.940050s | 显存: 4.12 GB

[0-9秒 PDE求解详细性能]

[19秒 PDE求解]
  t=19s - 时间: 1.919250s | 显存: 0.00 B

[PDE求解部分] 总时间: 1.919250s | 显存: 0.00 B

[本步骤总计] 时间: 3.859300s | 显存: 4.12 GB
surrogate_loss (vs forward.true_19):  tensor(16934.1270, device='cuda:0', grad_fn=<MseLossBackward0>)
[Step 83] Backward Propagation - Time: 4.3934s, Mem: -4410531840.00 B
[Step 83] PGD Update - Time: 0.0167s, Mem: -3407872.00 B

[Step 83] 完整步骤总时间: 6.375720s | 总显存: 176.00 KB
[Step 83] 峰值显存: 16.96 GB

[Step 84] ============ 详细性能分析 ============
[模型部分] 总时间: 2.035417s | 显存: 4.12 GB

[0-9秒 PDE求解详细性能]

[19秒 PDE求解]
  t=19s - 时间: 2.012754s | 显存: 0.00 B

[PDE求解部分] 总时间: 2.012754s | 显存: 0.00 B

[本步骤总计] 时间: 4.048171s | 显存: 4.12 GB
surrogate_loss (vs forward.true_19):  tensor(14097.0283, device='cuda:0', grad_fn=<MseLossBackward0>)
[Step 84] Backward Propagation - Time: 4.3623s, Mem: -4411146240.00 B
[Step 84] PGD Update - Time: 0.0033s, Mem: -3588096.00 B

[Step 84] 完整步骤总时间: 6.457768s | 总显存: -180224.00 B
[Step 84] 峰值显存: 16.96 GB

[Step 85] ============ 详细性能分析 ============
[模型部分] 总时间: 1.965048s | 显存: 4.12 GB

[0-9秒 PDE求解详细性能]

[19秒 PDE求解]
  t=19s - 时间: 1.944193s | 显存: 0.00 B

[PDE求解部分] 总时间: 1.944193s | 显存: 0.00 B

[本步骤总计] 时间: 3.909241s | 显存: 4.12 GB
surrogate_loss (vs forward.true_19):  tensor(10333.0918, device='cuda:0', grad_fn=<MseLossBackward0>)
[Step 85] Backward Propagation - Time: 4.3014s, Mem: -4410531840.00 B
[Step 85] PGD Update - Time: 0.0029s, Mem: -3407872.00 B

[Step 85] 完整步骤总时间: 6.271411s | 总显存: 176.00 KB
[Step 85] 峰值显存: 16.96 GB

[Step 86] ============ 详细性能分析 ============
[模型部分] 总时间: 2.030411s | 显存: 4.12 GB

[0-9秒 PDE求解详细性能]

[19秒 PDE求解]
  t=19s - 时间: 2.009498s | 显存: 0.00 B

[PDE求解部分] 总时间: 2.009498s | 显存: 0.00 B

[本步骤总计] 时间: 4.039909s | 显存: 4.12 GB
surrogate_loss (vs forward.true_19):  tensor(7747.0244, device='cuda:0', grad_fn=<MseLossBackward0>)
[Step 86] Backward Propagation - Time: 4.2587s, Mem: -4411146240.00 B
[Step 86] PGD Update - Time: 0.0030s, Mem: -3588096.00 B

[Step 86] 完整步骤总时间: 6.294106s | 总显存: -180224.00 B
[Step 86] 峰值显存: 16.96 GB

[Step 87] ============ 详细性能分析 ============
[模型部分] 总时间: 1.961270s | 显存: 4.12 GB

[0-9秒 PDE求解详细性能]

[19秒 PDE求解]
  t=19s - 时间: 1.940382s | 显存: 0.00 B

[PDE求解部分] 总时间: 1.940382s | 显存: 0.00 B

[本步骤总计] 时间: 3.901653s | 显存: 4.12 GB
surrogate_loss (vs forward.true_19):  tensor(7222.9219, device='cuda:0', grad_fn=<MseLossBackward0>)
[Step 87] Backward Propagation - Time: 4.2833s, Mem: -4410531840.00 B
[Step 87] PGD Update - Time: 0.0033s, Mem: -3407872.00 B

[Step 87] 完整步骤总时间: 6.250027s | 总显存: 176.00 KB
[Step 87] 峰值显存: 16.96 GB

[Step 88] ============ 详细性能分析 ============
[模型部分] 总时间: 4.497285s | 显存: 4.12 GB

[0-9秒 PDE求解详细性能]

[19秒 PDE求解]
  t=19s - 时间: 2.320159s | 显存: 0.00 B

[PDE求解部分] 总时间: 2.320159s | 显存: 0.00 B

[本步骤总计] 时间: 6.817443s | 显存: 4.12 GB
surrogate_loss (vs forward.true_19):  tensor(6848.5645, device='cuda:0', grad_fn=<MseLossBackward0>)
[Step 88] Backward Propagation - Time: 4.6672s, Mem: -4411146240.00 B
[Step 88] PGD Update - Time: 0.0180s, Mem: -3588096.00 B

[Step 88] 完整步骤总时间: 10.314795s | 总显存: -180224.00 B
[Step 88] 峰值显存: 16.96 GB

[Step 89] ============ 详细性能分析 ============
[模型部分] 总时间: 2.282475s | 显存: 4.12 GB

[0-9秒 PDE求解详细性能]

[19秒 PDE求解]
  t=19s - 时间: 2.102096s | 显存: 0.00 B

[PDE求解部分] 总时间: 2.102096s | 显存: 0.00 B

[本步骤总计] 时间: 4.384572s | 显存: 4.12 GB
surrogate_loss (vs forward.true_19):  tensor(7168.8130, device='cuda:0', grad_fn=<MseLossBackward0>)
[Step 89] Backward Propagation - Time: 4.2237s, Mem: -4410531840.00 B
[Step 89] PGD Update - Time: 0.0032s, Mem: -3407872.00 B

[Step 89] 完整步骤总时间: 6.511681s | 总显存: 176.00 KB
[Step 89] 峰值显存: 16.96 GB

[Step 90] ============ 详细性能分析 ============
[模型部分] 总时间: 1.949910s | 显存: 4.12 GB

[0-9秒 PDE求解详细性能]

[19秒 PDE求解]
  t=19s - 时间: 1.927012s | 显存: 0.00 B

[PDE求解部分] 总时间: 1.927012s | 显存: 0.00 B

[本步骤总计] 时间: 3.876922s | 显存: 4.12 GB
surrogate_loss (vs forward.true_19):  tensor(7415.0991, device='cuda:0', grad_fn=<MseLossBackward0>)
[Step 90] Backward Propagation - Time: 4.1966s, Mem: -4411146240.00 B
[Step 90] PGD Update - Time: 0.0047s, Mem: -3588096.00 B

[Step 90] 完整步骤总时间: 6.153546s | 总显存: -180224.00 B
[Step 90] 峰值显存: 16.96 GB

[Step 91] ============ 详细性能分析 ============
[模型部分] 总时间: 1.978524s | 显存: 4.12 GB

[0-9秒 PDE求解详细性能]

[19秒 PDE求解]
  t=19s - 时间: 1.957027s | 显存: 0.00 B

[PDE求解部分] 总时间: 1.957027s | 显存: 0.00 B

[本步骤总计] 时间: 3.935551s | 显存: 4.12 GB
surrogate_loss (vs forward.true_19):  tensor(8571.4658, device='cuda:0', grad_fn=<MseLossBackward0>)
[Step 91] Backward Propagation - Time: 4.2206s, Mem: -4410531840.00 B
[Step 91] PGD Update - Time: 0.0034s, Mem: -3407872.00 B

[Step 91] 完整步骤总时间: 6.204850s | 总显存: 176.00 KB
[Step 91] 峰值显存: 16.96 GB

[Step 92] ============ 详细性能分析 ============
[模型部分] 总时间: 1.957728s | 显存: 4.12 GB

[0-9秒 PDE求解详细性能]

[19秒 PDE求解]
  t=19s - 时间: 1.936843s | 显存: 0.00 B

[PDE求解部分] 总时间: 1.936843s | 显存: 0.00 B

[本步骤总计] 时间: 3.894571s | 显存: 4.12 GB
surrogate_loss (vs forward.true_19):  tensor(11553.3154, device='cuda:0', grad_fn=<MseLossBackward0>)
[Step 92] Backward Propagation - Time: 4.2177s, Mem: -4411146240.00 B
[Step 92] PGD Update - Time: 0.0033s, Mem: -3588096.00 B

[Step 92] 完整步骤总时间: 6.180825s | 总显存: -180224.00 B
[Step 92] 峰值显存: 16.96 GB

[Step 93] ============ 详细性能分析 ============
[模型部分] 总时间: 1.972531s | 显存: 4.12 GB

[0-9秒 PDE求解详细性能]

[19秒 PDE求解]
  t=19s - 时间: 1.951686s | 显存: 0.00 B

[PDE求解部分] 总时间: 1.951686s | 显存: 0.00 B

[本步骤总计] 时间: 3.924217s | 显存: 4.12 GB
surrogate_loss (vs forward.true_19):  tensor(11288.7178, device='cuda:0', grad_fn=<MseLossBackward0>)
[Step 93] Backward Propagation - Time: 4.2221s, Mem: -4410531840.00 B
[Step 93] PGD Update - Time: 0.0043s, Mem: -3407872.00 B

[Step 93] 完整步骤总时间: 6.201745s | 总显存: 176.00 KB
[Step 93] 峰值显存: 16.96 GB

[Step 94] ============ 详细性能分析 ============
[模型部分] 总时间: 1.942284s | 显存: 4.12 GB

[0-9秒 PDE求解详细性能]

[19秒 PDE求解]
  t=19s - 时间: 1.921295s | 显存: 0.00 B

[PDE求解部分] 总时间: 1.921295s | 显存: 0.00 B

[本步骤总计] 时间: 3.863579s | 显存: 4.12 GB
surrogate_loss (vs forward.true_19):  tensor(11134.9697, device='cuda:0', grad_fn=<MseLossBackward0>)
[Step 94] Backward Propagation - Time: 4.2221s, Mem: -4411146240.00 B
[Step 94] PGD Update - Time: 0.0034s, Mem: -3588096.00 B

[Step 94] 完整步骤总时间: 6.169847s | 总显存: -180224.00 B
[Step 94] 峰值显存: 16.96 GB

[Step 95] ============ 详细性能分析 ============
[模型部分] 总时间: 1.935652s | 显存: 4.12 GB

[0-9秒 PDE求解详细性能]

[19秒 PDE求解]
  t=19s - 时间: 1.914531s | 显存: 0.00 B

[PDE求解部分] 总时间: 1.914531s | 显存: 0.00 B

[本步骤总计] 时间: 3.850183s | 显存: 4.12 GB
surrogate_loss (vs forward.true_19):  tensor(7991.5449, device='cuda:0', grad_fn=<MseLossBackward0>)
[Step 95] Backward Propagation - Time: 4.2080s, Mem: -4410531840.00 B
[Step 95] PGD Update - Time: 0.0031s, Mem: -3407872.00 B

[Step 95] 完整步骤总时间: 6.148944s | 总显存: 176.00 KB
[Step 95] 峰值显存: 16.96 GB

[Step 96] ============ 详细性能分析 ============
[模型部分] 总时间: 1.945184s | 显存: 4.12 GB

[0-9秒 PDE求解详细性能]

[19秒 PDE求解]
  t=19s - 时间: 1.924229s | 显存: 0.00 B

[PDE求解部分] 总时间: 1.924229s | 显存: 0.00 B

[本步骤总计] 时间: 3.869413s | 显存: 4.12 GB
surrogate_loss (vs forward.true_19):  tensor(8610.2197, device='cuda:0', grad_fn=<MseLossBackward0>)
[Step 96] Backward Propagation - Time: 4.2742s, Mem: -4411146240.00 B
[Step 96] PGD Update - Time: 0.0030s, Mem: -3588096.00 B

[Step 96] 完整步骤总时间: 6.224495s | 总显存: -180224.00 B
[Step 96] 峰值显存: 16.96 GB

[Step 97] ============ 详细性能分析 ============
[模型部分] 总时间: 1.961025s | 显存: 4.12 GB

[0-9秒 PDE求解详细性能]

[19秒 PDE求解]
  t=19s - 时间: 1.917712s | 显存: 0.00 B

[PDE求解部分] 总时间: 1.917712s | 显存: 0.00 B

[本步骤总计] 时间: 3.878736s | 显存: 4.12 GB
surrogate_loss (vs forward.true_19):  tensor(17210.9883, device='cuda:0', grad_fn=<MseLossBackward0>)
[Step 97] Backward Propagation - Time: 4.2119s, Mem: -4410531840.00 B
[Step 97] PGD Update - Time: 0.0032s, Mem: -3407872.00 B

[Step 97] 完整步骤总时间: 6.178334s | 总显存: 176.00 KB
[Step 97] 峰值显存: 16.96 GB

[Step 98] ============ 详细性能分析 ============
[模型部分] 总时间: 1.955677s | 显存: 4.12 GB

[0-9秒 PDE求解详细性能]

[19秒 PDE求解]
  t=19s - 时间: 1.934637s | 显存: 0.00 B

[PDE求解部分] 总时间: 1.934637s | 显存: 0.00 B

[本步骤总计] 时间: 3.890314s | 显存: 4.12 GB
surrogate_loss (vs forward.true_19):  tensor(23471.0391, device='cuda:0', grad_fn=<MseLossBackward0>)
[Step 98] Backward Propagation - Time: 4.2022s, Mem: -4411146240.00 B
[Step 98] PGD Update - Time: 0.0032s, Mem: -3588096.00 B

[Step 98] 完整步骤总时间: 6.163131s | 总显存: -180224.00 B
[Step 98] 峰值显存: 16.96 GB

[Step 99] ============ 详细性能分析 ============
[模型部分] 总时间: 1.933189s | 显存: 4.12 GB

[0-9秒 PDE求解详细性能]

[19秒 PDE求解]
  t=19s - 时间: 1.912302s | 显存: 0.00 B

[PDE求解部分] 总时间: 1.912302s | 显存: 0.00 B

[本步骤总计] 时间: 3.845491s | 显存: 4.12 GB
surrogate_loss (vs forward.true_19):  tensor(25457.3809, device='cuda:0', grad_fn=<MseLossBackward0>)
[Step 99] Backward Propagation - Time: 4.2220s, Mem: -4410531840.00 B
[Step 99] PGD Update - Time: 0.0032s, Mem: -3407872.00 B

[Step 99] 完整步骤总时间: 6.160782s | 总显存: 176.00 KB
[Step 99] 峰值显存: 16.96 GB
清理前显存占用: 13092.8798828125 MB
PGD攻击完成！显存已清理
当前显存占用: 2092.1298828125 MB
mode_spec = aaawwwwwww
Per-frame modes: [t=01] approx | [t=02] approx | [t=03] approx | [t=04] with_solver | [t=05] with_solver | [t=06] with_solver | [t=07] with_solver | [t=08] with_solver | [t=09] with_solver | [t=19] with_solver
================================================================================
norm: 2, epsilon: 13.1072, alpha: 5.0, num_steps: 100, index: 1, method: adam, mode_spec: aaawwwwwww, b1: 0.9, b2: 0.999, adam_eps: 1e-08, sign_Linf: True, amsgrad: False

[Step 0] ============ 详细性能分析 ============
[模型部分] 总时间: 2.083824s | 显存: 4.12 GB

[0-9秒 PDE求解详细性能]

[19秒 PDE求解]
  t=19s - 时间: 1.957067s | 显存: 0.00 B

[PDE求解部分] 总时间: 1.957067s | 显存: 0.00 B

[本步骤总计] 时间: 4.040891s | 显存: 4.12 GB
surrogate_loss (vs forward.true_19):  tensor(10839.1455, device='cuda:0', grad_fn=<MseLossBackward0>)
[Step 0] Backward Propagation - Time: 4.2857s, Mem: -4411990016.00 B
[Step 0] PGD Update - Time: 0.0015s, Mem: 1.75 MB

[Step 0] 完整步骤总时间: 6.373413s | 总显存: 5.25 MB
[Step 0] 峰值显存: 16.96 GB

[Step 1] ============ 详细性能分析 ============
[模型部分] 总时间: 1.975570s | 显存: 4.12 GB

[0-9秒 PDE求解详细性能]

[19秒 PDE求解]
  t=19s - 时间: 1.941393s | 显存: 0.00 B

[PDE求解部分] 总时间: 1.941393s | 显存: 0.00 B

[本步骤总计] 时间: 3.916962s | 显存: 4.12 GB
surrogate_loss (vs forward.true_19):  tensor(7915.8525, device='cuda:0', grad_fn=<MseLossBackward0>)
[Step 1] Backward Propagation - Time: 4.2066s, Mem: -4410531840.00 B
[Step 1] PGD Update - Time: 0.0043s, Mem: -3407872.00 B

[Step 1] 完整步骤总时间: 6.188635s | 总显存: 176.00 KB
[Step 1] 峰值显存: 16.96 GB

[Step 2] ============ 详细性能分析 ============
[模型部分] 总时间: 1.939201s | 显存: 4.12 GB

[0-9秒 PDE求解详细性能]

[19秒 PDE求解]
  t=19s - 时间: 1.918368s | 显存: 0.00 B

[PDE求解部分] 总时间: 1.918368s | 显存: 0.00 B

[本步骤总计] 时间: 3.857569s | 显存: 4.12 GB
surrogate_loss (vs forward.true_19):  tensor(3850.6348, device='cuda:0', grad_fn=<MseLossBackward0>)
[Step 2] Backward Propagation - Time: 4.2329s, Mem: -4411146240.00 B
[Step 2] PGD Update - Time: 0.0028s, Mem: -3588096.00 B

[Step 2] 完整步骤总时间: 6.176711s | 总显存: -180224.00 B
[Step 2] 峰值显存: 16.96 GB

[Step 3] ============ 详细性能分析 ============
[模型部分] 总时间: 1.934833s | 显存: 4.12 GB

[0-9秒 PDE求解详细性能]

[19秒 PDE求解]
  t=19s - 时间: 1.913985s | 显存: 0.00 B

[PDE求解部分] 总时间: 1.913985s | 显存: 0.00 B

[本步骤总计] 时间: 3.848817s | 显存: 4.12 GB
surrogate_loss (vs forward.true_19):  tensor(3051.0918, device='cuda:0', grad_fn=<MseLossBackward0>)
[Step 3] Backward Propagation - Time: 4.1566s, Mem: -4410531840.00 B
[Step 3] PGD Update - Time: 0.0029s, Mem: -3407872.00 B

[Step 3] 完整步骤总时间: 6.096284s | 总显存: 176.00 KB
[Step 3] 峰值显存: 16.96 GB

[Step 4] ============ 详细性能分析 ============
[模型部分] 总时间: 1.948103s | 显存: 4.12 GB

[0-9秒 PDE求解详细性能]

[19秒 PDE求解]
  t=19s - 时间: 1.927298s | 显存: 0.00 B

[PDE求解部分] 总时间: 1.927298s | 显存: 0.00 B

[本步骤总计] 时间: 3.875401s | 显存: 4.12 GB
surrogate_loss (vs forward.true_19):  tensor(2362.3564, device='cuda:0', grad_fn=<MseLossBackward0>)
[Step 4] Backward Propagation - Time: 4.8610s, Mem: -4411146240.00 B
[Step 4] PGD Update - Time: 0.0025s, Mem: -3588096.00 B

[Step 4] 完整步骤总时间: 6.813483s | 总显存: -180224.00 B
[Step 4] 峰值显存: 16.96 GB

[Step 5] ============ 详细性能分析 ============
[模型部分] 总时间: 1.959050s | 显存: 4.12 GB

[0-9秒 PDE求解详细性能]

[19秒 PDE求解]
  t=19s - 时间: 1.916278s | 显存: 0.00 B

[PDE求解部分] 总时间: 1.916278s | 显存: 0.00 B

[本步骤总计] 时间: 3.875328s | 显存: 4.12 GB
surrogate_loss (vs forward.true_19):  tensor(2056.5381, device='cuda:0', grad_fn=<MseLossBackward0>)
[Step 5] Backward Propagation - Time: 4.1577s, Mem: -4410531840.00 B
[Step 5] PGD Update - Time: 0.0028s, Mem: -3407872.00 B

[Step 5] 完整步骤总时间: 6.121303s | 总显存: 176.00 KB
[Step 5] 峰值显存: 16.96 GB

[Step 6] ============ 详细性能分析 ============
[模型部分] 总时间: 1.959315s | 显存: 4.12 GB

[0-9秒 PDE求解详细性能]

[19秒 PDE求解]
  t=19s - 时间: 1.938568s | 显存: 0.00 B

[PDE求解部分] 总时间: 1.938568s | 显存: 0.00 B

[本步骤总计] 时间: 3.897883s | 显存: 4.12 GB
surrogate_loss (vs forward.true_19):  tensor(2057.6060, device='cuda:0', grad_fn=<MseLossBackward0>)
[Step 6] Backward Propagation - Time: 4.2635s, Mem: -4411146240.00 B
[Step 6] PGD Update - Time: 0.0031s, Mem: -3588096.00 B

[Step 6] 完整步骤总时间: 6.228040s | 总显存: -180224.00 B
[Step 6] 峰值显存: 16.96 GB

[Step 7] ============ 详细性能分析 ============
[模型部分] 总时间: 1.965614s | 显存: 4.12 GB

[0-9秒 PDE求解详细性能]

[19秒 PDE求解]
  t=19s - 时间: 1.944801s | 显存: 0.00 B

[PDE求解部分] 总时间: 1.944801s | 显存: 0.00 B

[本步骤总计] 时间: 3.910415s | 显存: 4.12 GB
surrogate_loss (vs forward.true_19):  tensor(2056.6030, device='cuda:0', grad_fn=<MseLossBackward0>)
[Step 7] Backward Propagation - Time: 4.2033s, Mem: -4410531840.00 B
[Step 7] PGD Update - Time: 0.0026s, Mem: -3407872.00 B

[Step 7] 完整步骤总时间: 6.174094s | 总显存: 176.00 KB
[Step 7] 峰值显存: 16.96 GB

[Step 8] ============ 详细性能分析 ============
[模型部分] 总时间: 1.962685s | 显存: 4.12 GB

[0-9秒 PDE求解详细性能]

[19秒 PDE求解]
  t=19s - 时间: 1.941887s | 显存: 0.00 B

[PDE求解部分] 总时间: 1.941887s | 显存: 0.00 B

[本步骤总计] 时间: 3.904572s | 显存: 4.12 GB
surrogate_loss (vs forward.true_19):  tensor(2037.1846, device='cuda:0', grad_fn=<MseLossBackward0>)
[Step 8] Backward Propagation - Time: 4.2460s, Mem: -4411146240.00 B
[Step 8] PGD Update - Time: 0.0029s, Mem: -3588096.00 B

[Step 8] 完整步骤总时间: 6.213523s | 总显存: -180224.00 B
[Step 8] 峰值显存: 16.96 GB

[Step 9] ============ 详细性能分析 ============
[模型部分] 总时间: 1.952635s | 显存: 4.12 GB

[0-9秒 PDE求解详细性能]

[19秒 PDE求解]
  t=19s - 时间: 1.931299s | 显存: 0.00 B

[PDE求解部分] 总时间: 1.931299s | 显存: 0.00 B

[本步骤总计] 时间: 3.883934s | 显存: 4.12 GB
surrogate_loss (vs forward.true_19):  tensor(2087.1968, device='cuda:0', grad_fn=<MseLossBackward0>)
[Step 9] Backward Propagation - Time: 4.2342s, Mem: -4410531840.00 B
[Step 9] PGD Update - Time: 0.0025s, Mem: -3407872.00 B

[Step 9] 完整步骤总时间: 6.191473s | 总显存: 176.00 KB
[Step 9] 峰值显存: 16.96 GB

[Step 10] ============ 详细性能分析 ============
[模型部分] 总时间: 1.979586s | 显存: 4.12 GB

[0-9秒 PDE求解详细性能]

[19秒 PDE求解]
  t=19s - 时间: 1.958473s | 显存: 0.00 B

[PDE求解部分] 总时间: 1.958473s | 显存: 0.00 B

[本步骤总计] 时间: 3.938058s | 显存: 4.12 GB
surrogate_loss (vs forward.true_19):  tensor(2001.4630, device='cuda:0', grad_fn=<MseLossBackward0>)
[Step 10] Backward Propagation - Time: 4.2734s, Mem: -4411146240.00 B
[Step 10] PGD Update - Time: 0.0028s, Mem: -3588096.00 B

[Step 10] 完整步骤总时间: 6.257671s | 总显存: -180224.00 B
[Step 10] 峰值显存: 16.96 GB

[Step 11] ============ 详细性能分析 ============
[模型部分] 总时间: 2.361381s | 显存: 4.12 GB

[0-9秒 PDE求解详细性能]

[19秒 PDE求解]
  t=19s - 时间: 2.340581s | 显存: 0.00 B

[PDE求解部分] 总时间: 2.340581s | 显存: 0.00 B

[本步骤总计] 时间: 4.701962s | 显存: 4.12 GB
surrogate_loss (vs forward.true_19):  tensor(1925.9646, device='cuda:0', grad_fn=<MseLossBackward0>)
[Step 11] Backward Propagation - Time: 4.2104s, Mem: -4410531840.00 B
[Step 11] PGD Update - Time: 0.0039s, Mem: -3407872.00 B

[Step 11] 完整步骤总时间: 6.578248s | 总显存: 176.00 KB
[Step 11] 峰值显存: 16.96 GB

[Step 12] ============ 详细性能分析 ============
[模型部分] 总时间: 1.953772s | 显存: 4.12 GB

[0-9秒 PDE求解详细性能]

[19秒 PDE求解]
  t=19s - 时间: 1.932724s | 显存: 0.00 B

[PDE求解部分] 总时间: 1.932724s | 显存: 0.00 B

[本步骤总计] 时间: 3.886497s | 显存: 4.12 GB
surrogate_loss (vs forward.true_19):  tensor(1999.6088, device='cuda:0', grad_fn=<MseLossBackward0>)
[Step 12] Backward Propagation - Time: 4.1958s, Mem: -4411146240.00 B
[Step 12] PGD Update - Time: 0.0033s, Mem: -3588096.00 B

[Step 12] 完整步骤总时间: 6.155098s | 总显存: -180224.00 B
[Step 12] 峰值显存: 16.96 GB

[Step 13] ============ 详细性能分析 ============
[模型部分] 总时间: 1.948342s | 显存: 4.12 GB

[0-9秒 PDE求解详细性能]

[19秒 PDE求解]
  t=19s - 时间: 1.927512s | 显存: 0.00 B

[PDE求解部分] 总时间: 1.927512s | 显存: 0.00 B

[本步骤总计] 时间: 3.875854s | 显存: 4.12 GB
surrogate_loss (vs forward.true_19):  tensor(2100.8823, device='cuda:0', grad_fn=<MseLossBackward0>)
[Step 13] Backward Propagation - Time: 4.2230s, Mem: -4410531840.00 B
[Step 13] PGD Update - Time: 0.0028s, Mem: -3407872.00 B

[Step 13] 完整步骤总时间: 6.176199s | 总显存: 176.00 KB
[Step 13] 峰值显存: 16.96 GB

[Step 14] ============ 详细性能分析 ============
[模型部分] 总时间: 1.972042s | 显存: 4.12 GB

[0-9秒 PDE求解详细性能]

[19秒 PDE求解]
  t=19s - 时间: 1.951133s | 显存: 0.00 B

[PDE求解部分] 总时间: 1.951133s | 显存: 0.00 B

[本步骤总计] 时间: 3.923175s | 显存: 4.12 GB
surrogate_loss (vs forward.true_19):  tensor(2119.4297, device='cuda:0', grad_fn=<MseLossBackward0>)
[Step 14] Backward Propagation - Time: 4.2303s, Mem: -4411146240.00 B
[Step 14] PGD Update - Time: 0.0028s, Mem: -3588096.00 B

[Step 14] 完整步骤总时间: 6.207225s | 总显存: -180224.00 B
[Step 14] 峰值显存: 16.96 GB

[Step 15] ============ 详细性能分析 ============
[模型部分] 总时间: 1.941730s | 显存: 4.12 GB

[0-9秒 PDE求解详细性能]

[19秒 PDE求解]
  t=19s - 时间: 1.920914s | 显存: 0.00 B

[PDE求解部分] 总时间: 1.920914s | 显存: 0.00 B

[本步骤总计] 时间: 3.862643s | 显存: 4.12 GB
surrogate_loss (vs forward.true_19):  tensor(2104.7664, device='cuda:0', grad_fn=<MseLossBackward0>)
[Step 15] Backward Propagation - Time: 4.2290s, Mem: -4410531840.00 B
[Step 15] PGD Update - Time: 0.0030s, Mem: -3407872.00 B

[Step 15] 完整步骤总时间: 6.175841s | 总显存: 176.00 KB
[Step 15] 峰值显存: 16.96 GB

[Step 16] ============ 详细性能分析 ============
[模型部分] 总时间: 1.958699s | 显存: 4.12 GB

[0-9秒 PDE求解详细性能]

[19秒 PDE求解]
  t=19s - 时间: 1.937770s | 显存: 0.00 B

[PDE求解部分] 总时间: 1.937770s | 显存: 0.00 B

[本步骤总计] 时间: 3.896469s | 显存: 4.12 GB
surrogate_loss (vs forward.true_19):  tensor(2112.5264, device='cuda:0', grad_fn=<MseLossBackward0>)
[Step 16] Backward Propagation - Time: 4.1687s, Mem: -4411146240.00 B
[Step 16] PGD Update - Time: 0.0028s, Mem: -3588096.00 B

[Step 16] 完整步骤总时间: 6.132268s | 总显存: -180224.00 B
[Step 16] 峰值显存: 16.96 GB

[Step 17] ============ 详细性能分析 ============
[模型部分] 总时间: 1.935216s | 显存: 4.12 GB

[0-9秒 PDE求解详细性能]

[19秒 PDE求解]
  t=19s - 时间: 1.914369s | 显存: 0.00 B

[PDE求解部分] 总时间: 1.914369s | 显存: 0.00 B

[本步骤总计] 时间: 3.849585s | 显存: 4.12 GB
surrogate_loss (vs forward.true_19):  tensor(2129.0151, device='cuda:0', grad_fn=<MseLossBackward0>)
[Step 17] Backward Propagation - Time: 4.2236s, Mem: -4410531840.00 B
[Step 17] PGD Update - Time: 0.0030s, Mem: -3407872.00 B

[Step 17] 完整步骤总时间: 6.164098s | 总显存: 176.00 KB
[Step 17] 峰值显存: 16.96 GB

[Step 18] ============ 详细性能分析 ============
[模型部分] 总时间: 1.953590s | 显存: 4.12 GB

[0-9秒 PDE求解详细性能]

[19秒 PDE求解]
  t=19s - 时间: 1.932579s | 显存: 0.00 B

[PDE求解部分] 总时间: 1.932579s | 显存: 0.00 B

[本步骤总计] 时间: 3.886169s | 显存: 4.12 GB
surrogate_loss (vs forward.true_19):  tensor(2146.7034, device='cuda:0', grad_fn=<MseLossBackward0>)
[Step 18] Backward Propagation - Time: 4.1951s, Mem: -4411146240.00 B
[Step 18] PGD Update - Time: 0.0028s, Mem: -3588096.00 B

[Step 18] 完整步骤总时间: 6.153812s | 总显存: -180224.00 B
[Step 18] 峰值显存: 16.96 GB

[Step 19] ============ 详细性能分析 ============
[模型部分] 总时间: 1.945701s | 显存: 4.12 GB

[0-9秒 PDE求解详细性能]

[19秒 PDE求解]
  t=19s - 时间: 1.924453s | 显存: 0.00 B

[PDE求解部分] 总时间: 1.924453s | 显存: 0.00 B

[本步骤总计] 时间: 3.870154s | 显存: 4.12 GB
surrogate_loss (vs forward.true_19):  tensor(2172.3135, device='cuda:0', grad_fn=<MseLossBackward0>)
[Step 19] Backward Propagation - Time: 4.2065s, Mem: -4410531840.00 B
[Step 19] PGD Update - Time: 0.0028s, Mem: -3407872.00 B

[Step 19] 完整步骤总时间: 6.157180s | 总显存: 176.00 KB
[Step 19] 峰值显存: 16.96 GB

[Step 20] ============ 详细性能分析 ============
[模型部分] 总时间: 1.936419s | 显存: 4.12 GB

[0-9秒 PDE求解详细性能]

[19秒 PDE求解]
  t=19s - 时间: 1.915443s | 显存: 0.00 B

[PDE求解部分] 总时间: 1.915443s | 显存: 0.00 B

[本步骤总计] 时间: 3.851862s | 显存: 4.12 GB
surrogate_loss (vs forward.true_19):  tensor(2208.1287, device='cuda:0', grad_fn=<MseLossBackward0>)
[Step 20] Backward Propagation - Time: 4.2124s, Mem: -4411146240.00 B
[Step 20] PGD Update - Time: 0.0028s, Mem: -3588096.00 B

[Step 20] 完整步骤总时间: 6.153763s | 总显存: -180224.00 B
[Step 20] 峰值显存: 16.96 GB

[Step 21] ============ 详细性能分析 ============
[模型部分] 总时间: 1.944639s | 显存: 4.12 GB

[0-9秒 PDE求解详细性能]

[19秒 PDE求解]
  t=19s - 时间: 1.923524s | 显存: 0.00 B

[PDE求解部分] 总时间: 1.923524s | 显存: 0.00 B

[本步骤总计] 时间: 3.868163s | 显存: 4.12 GB
surrogate_loss (vs forward.true_19):  tensor(2243.8757, device='cuda:0', grad_fn=<MseLossBackward0>)
[Step 21] Backward Propagation - Time: 4.2084s, Mem: -4410531840.00 B
[Step 21] PGD Update - Time: 0.0038s, Mem: -3407872.00 B

[Step 21] 完整步骤总时间: 6.159499s | 总显存: 176.00 KB
[Step 21] 峰值显存: 16.96 GB

[Step 22] ============ 详细性能分析 ============
[模型部分] 总时间: 1.954501s | 显存: 4.12 GB

[0-9秒 PDE求解详细性能]

[19秒 PDE求解]
  t=19s - 时间: 1.933445s | 显存: 0.00 B

[PDE求解部分] 总时间: 1.933445s | 显存: 0.00 B

[本步骤总计] 时间: 3.887946s | 显存: 4.12 GB
surrogate_loss (vs forward.true_19):  tensor(2273.3325, device='cuda:0', grad_fn=<MseLossBackward0>)
[Step 22] Backward Propagation - Time: 4.1989s, Mem: -4411146240.00 B
[Step 22] PGD Update - Time: 0.0032s, Mem: -3588096.00 B

[Step 22] 完整步骤总时间: 6.158889s | 总显存: -180224.00 B
[Step 22] 峰值显存: 16.96 GB

[Step 23] ============ 详细性能分析 ============
[模型部分] 总时间: 1.953847s | 显存: 4.12 GB

[0-9秒 PDE求解详细性能]

[19秒 PDE求解]
  t=19s - 时间: 1.932927s | 显存: 0.00 B

[PDE求解部分] 总时间: 1.932927s | 显存: 0.00 B

[本步骤总计] 时间: 3.886773s | 显存: 4.12 GB
surrogate_loss (vs forward.true_19):  tensor(2297.4590, device='cuda:0', grad_fn=<MseLossBackward0>)
[Step 23] Backward Propagation - Time: 4.2772s, Mem: -4410531840.00 B
[Step 23] PGD Update - Time: 0.0033s, Mem: -3407872.00 B

[Step 23] 完整步骤总时间: 6.236460s | 总显存: 176.00 KB
[Step 23] 峰值显存: 16.96 GB

[Step 24] ============ 详细性能分析 ============
[模型部分] 总时间: 1.934238s | 显存: 4.12 GB

[0-9秒 PDE求解详细性能]

[19秒 PDE求解]
  t=19s - 时间: 1.913421s | 显存: 0.00 B

[PDE求解部分] 总时间: 1.913421s | 显存: 0.00 B

[本步骤总计] 时间: 3.847659s | 显存: 4.12 GB
surrogate_loss (vs forward.true_19):  tensor(2319.2085, device='cuda:0', grad_fn=<MseLossBackward0>)
[Step 24] Backward Propagation - Time: 4.2179s, Mem: -4411146240.00 B
[Step 24] PGD Update - Time: 0.0029s, Mem: -3588096.00 B

[Step 24] 完整步骤总时间: 6.156982s | 总显存: -180224.00 B
[Step 24] 峰值显存: 16.96 GB

[Step 25] ============ 详细性能分析 ============
[模型部分] 总时间: 1.973673s | 显存: 4.12 GB

[0-9秒 PDE求解详细性能]

[19秒 PDE求解]
  t=19s - 时间: 1.952923s | 显存: 0.00 B

[PDE求解部分] 总时间: 1.952923s | 显存: 0.00 B

[本步骤总计] 时间: 3.926596s | 显存: 4.12 GB
surrogate_loss (vs forward.true_19):  tensor(2338.2881, device='cuda:0', grad_fn=<MseLossBackward0>)
[Step 25] Backward Propagation - Time: 4.1946s, Mem: -4410531840.00 B
[Step 25] PGD Update - Time: 0.0031s, Mem: -3407872.00 B

[Step 25] 完整步骤总时间: 6.173504s | 总显存: 176.00 KB
[Step 25] 峰值显存: 16.96 GB

[Step 26] ============ 详细性能分析 ============
[模型部分] 总时间: 1.949262s | 显存: 4.12 GB

[0-9秒 PDE求解详细性能]

[19秒 PDE求解]
  t=19s - 时间: 1.928492s | 显存: 0.00 B

[PDE求解部分] 总时间: 1.928492s | 显存: 0.00 B

[本步骤总计] 时间: 3.877754s | 显存: 4.12 GB
surrogate_loss (vs forward.true_19):  tensor(2356.0781, device='cuda:0', grad_fn=<MseLossBackward0>)
[Step 26] Backward Propagation - Time: 4.1877s, Mem: -4411146240.00 B
[Step 26] PGD Update - Time: 0.0029s, Mem: -3588096.00 B

[Step 26] 完整步骤总时间: 6.141912s | 总显存: -180224.00 B
[Step 26] 峰值显存: 16.96 GB

[Step 27] ============ 详细性能分析 ============
[模型部分] 总时间: 1.941513s | 显存: 4.12 GB

[0-9秒 PDE求解详细性能]

[19秒 PDE求解]
  t=19s - 时间: 1.920580s | 显存: 0.00 B

[PDE求解部分] 总时间: 1.920580s | 显存: 0.00 B

[本步骤总计] 时间: 3.862093s | 显存: 4.12 GB
surrogate_loss (vs forward.true_19):  tensor(2371.7578, device='cuda:0', grad_fn=<MseLossBackward0>)
[Step 27] Backward Propagation - Time: 4.2403s, Mem: -4410531840.00 B
[Step 27] PGD Update - Time: 0.0031s, Mem: -3407872.00 B

[Step 27] 完整步骤总时间: 6.187192s | 总显存: 176.00 KB
[Step 27] 峰值显存: 16.96 GB

[Step 28] ============ 详细性能分析 ============
[模型部分] 总时间: 1.943312s | 显存: 4.12 GB

[0-9秒 PDE求解详细性能]

[19秒 PDE求解]
  t=19s - 时间: 1.922235s | 显存: 0.00 B

[PDE求解部分] 总时间: 1.922235s | 显存: 0.00 B

[本步骤总计] 时间: 3.865547s | 显存: 4.12 GB
surrogate_loss (vs forward.true_19):  tensor(2385.7112, device='cuda:0', grad_fn=<MseLossBackward0>)
[Step 28] Backward Propagation - Time: 4.2492s, Mem: -4411146240.00 B
[Step 28] PGD Update - Time: 0.0033s, Mem: -3588096.00 B

[Step 28] 完整步骤总时间: 6.198107s | 总显存: -180224.00 B
[Step 28] 峰值显存: 16.96 GB

[Step 29] ============ 详细性能分析 ============
[模型部分] 总时间: 1.948657s | 显存: 4.12 GB

[0-9秒 PDE求解详细性能]

[19秒 PDE求解]
  t=19s - 时间: 1.927121s | 显存: 0.00 B

[PDE求解部分] 总时间: 1.927121s | 显存: 0.00 B

[本步骤总计] 时间: 3.875778s | 显存: 4.12 GB
surrogate_loss (vs forward.true_19):  tensor(2397.7617, device='cuda:0', grad_fn=<MseLossBackward0>)
[Step 29] Backward Propagation - Time: 4.2248s, Mem: -4410531840.00 B
[Step 29] PGD Update - Time: 0.0033s, Mem: -3407872.00 B

[Step 29] 完整步骤总时间: 6.179126s | 总显存: 176.00 KB
[Step 29] 峰值显存: 16.96 GB

[Step 30] ============ 详细性能分析 ============
[模型部分] 总时间: 1.950810s | 显存: 4.12 GB

[0-9秒 PDE求解详细性能]

[19秒 PDE求解]
  t=19s - 时间: 1.929851s | 显存: 0.00 B

[PDE求解部分] 总时间: 1.929851s | 显存: 0.00 B

[本步骤总计] 时间: 3.880661s | 显存: 4.12 GB
surrogate_loss (vs forward.true_19):  tensor(2407.9658, device='cuda:0', grad_fn=<MseLossBackward0>)
[Step 30] Backward Propagation - Time: 4.2451s, Mem: -4411146240.00 B
[Step 30] PGD Update - Time: 0.0033s, Mem: -3588096.00 B

[Step 30] 完整步骤总时间: 6.201335s | 总显存: -180224.00 B
[Step 30] 峰值显存: 16.96 GB

[Step 31] ============ 详细性能分析 ============
[模型部分] 总时间: 1.974632s | 显存: 4.12 GB

[0-9秒 PDE求解详细性能]

[19秒 PDE求解]
  t=19s - 时间: 1.953512s | 显存: 0.00 B

[PDE求解部分] 总时间: 1.953512s | 显存: 0.00 B

[本步骤总计] 时间: 3.928144s | 显存: 4.12 GB
surrogate_loss (vs forward.true_19):  tensor(2417.6038, device='cuda:0', grad_fn=<MseLossBackward0>)
[Step 31] Backward Propagation - Time: 4.2712s, Mem: -4410531840.00 B
[Step 31] PGD Update - Time: 0.0040s, Mem: -3407872.00 B

[Step 31] 完整步骤总时间: 6.252016s | 总显存: 176.00 KB
[Step 31] 峰值显存: 16.96 GB

[Step 32] ============ 详细性能分析 ============
[模型部分] 总时间: 1.990326s | 显存: 4.12 GB

[0-9秒 PDE求解详细性能]

[19秒 PDE求解]
  t=19s - 时间: 1.969517s | 显存: 0.00 B

[PDE求解部分] 总时间: 1.969517s | 显存: 0.00 B

[本步骤总计] 时间: 3.959843s | 显存: 4.12 GB
surrogate_loss (vs forward.true_19):  tensor(2427.5232, device='cuda:0', grad_fn=<MseLossBackward0>)
[Step 32] Backward Propagation - Time: 4.2452s, Mem: -4411146240.00 B
[Step 32] PGD Update - Time: 0.0033s, Mem: -3588096.00 B

[Step 32] 完整步骤总时间: 6.240904s | 总显存: -180224.00 B
[Step 32] 峰值显存: 16.96 GB

[Step 33] ============ 详细性能分析 ============
[模型部分] 总时间: 1.957296s | 显存: 4.12 GB

[0-9秒 PDE求解详细性能]

[19秒 PDE求解]
  t=19s - 时间: 1.936340s | 显存: 0.00 B

[PDE求解部分] 总时间: 1.936340s | 显存: 0.00 B

[本步骤总计] 时间: 3.893635s | 显存: 4.12 GB
surrogate_loss (vs forward.true_19):  tensor(2437.4556, device='cuda:0', grad_fn=<MseLossBackward0>)
[Step 33] Backward Propagation - Time: 4.2157s, Mem: -4410531840.00 B
[Step 33] PGD Update - Time: 0.0030s, Mem: -3407872.00 B

[Step 33] 完整步骤总时间: 6.178191s | 总显存: 176.00 KB
[Step 33] 峰值显存: 16.96 GB

[Step 34] ============ 详细性能分析 ============
[模型部分] 总时间: 1.959531s | 显存: 4.12 GB

[0-9秒 PDE求解详细性能]

[19秒 PDE求解]
  t=19s - 时间: 1.938674s | 显存: 0.00 B

[PDE求解部分] 总时间: 1.938674s | 显存: 0.00 B

[本步骤总计] 时间: 3.898205s | 显存: 4.12 GB
surrogate_loss (vs forward.true_19):  tensor(2447.5874, device='cuda:0', grad_fn=<MseLossBackward0>)
[Step 34] Backward Propagation - Time: 4.2228s, Mem: -4411146240.00 B
[Step 34] PGD Update - Time: 0.0030s, Mem: -3588096.00 B

[Step 34] 完整步骤总时间: 6.187357s | 总显存: -180224.00 B
[Step 34] 峰值显存: 16.96 GB

[Step 35] ============ 详细性能分析 ============
[模型部分] 总时间: 1.935444s | 显存: 4.12 GB

[0-9秒 PDE求解详细性能]

[19秒 PDE求解]
  t=19s - 时间: 1.914596s | 显存: 0.00 B

[PDE求解部分] 总时间: 1.914596s | 显存: 0.00 B

[本步骤总计] 时间: 3.850040s | 显存: 4.12 GB
surrogate_loss (vs forward.true_19):  tensor(2457.0735, device='cuda:0', grad_fn=<MseLossBackward0>)
[Step 35] Backward Propagation - Time: 4.2352s, Mem: -4410531840.00 B
[Step 35] PGD Update - Time: 0.0032s, Mem: -3407872.00 B

[Step 35] 完整步骤总时间: 6.176036s | 总显存: 176.00 KB
[Step 35] 峰值显存: 16.96 GB

[Step 36] ============ 详细性能分析 ============
[模型部分] 总时间: 1.933462s | 显存: 4.12 GB

[0-9秒 PDE求解详细性能]

[19秒 PDE求解]
  t=19s - 时间: 1.912543s | 显存: 0.00 B

[PDE求解部分] 总时间: 1.912543s | 显存: 0.00 B

[本步骤总计] 时间: 3.846005s | 显存: 4.12 GB
surrogate_loss (vs forward.true_19):  tensor(2466.4478, device='cuda:0', grad_fn=<MseLossBackward0>)
[Step 36] Backward Propagation - Time: 4.2123s, Mem: -4411146240.00 B
[Step 36] PGD Update - Time: 0.0031s, Mem: -3588096.00 B

[Step 36] 完整步骤总时间: 6.151116s | 总显存: -180224.00 B
[Step 36] 峰值显存: 16.96 GB

[Step 37] ============ 详细性能分析 ============
[模型部分] 总时间: 1.945933s | 显存: 4.12 GB

[0-9秒 PDE求解详细性能]

[19秒 PDE求解]
  t=19s - 时间: 1.924941s | 显存: 0.00 B

[PDE求解部分] 总时间: 1.924941s | 显存: 0.00 B

[本步骤总计] 时间: 3.870874s | 显存: 4.12 GB
surrogate_loss (vs forward.true_19):  tensor(2474.9668, device='cuda:0', grad_fn=<MseLossBackward0>)
[Step 37] Backward Propagation - Time: 4.2618s, Mem: -4410531840.00 B
[Step 37] PGD Update - Time: 0.0031s, Mem: -3407872.00 B

[Step 37] 完整步骤总时间: 6.213093s | 总显存: 176.00 KB
[Step 37] 峰值显存: 16.96 GB

[Step 38] ============ 详细性能分析 ============
[模型部分] 总时间: 1.932150s | 显存: 4.12 GB

[0-9秒 PDE求解详细性能]

[19秒 PDE求解]
  t=19s - 时间: 1.911042s | 显存: 0.00 B

[PDE求解部分] 总时间: 1.911042s | 显存: 0.00 B

[本步骤总计] 时间: 3.843192s | 显存: 4.12 GB
surrogate_loss (vs forward.true_19):  tensor(2482.8372, device='cuda:0', grad_fn=<MseLossBackward0>)
[Step 38] Backward Propagation - Time: 4.2323s, Mem: -4411146240.00 B
[Step 38] PGD Update - Time: 0.0036s, Mem: -3588096.00 B

[Step 38] 完整步骤总时间: 6.170292s | 总显存: -180224.00 B
[Step 38] 峰值显存: 16.96 GB

[Step 39] ============ 详细性能分析 ============
[模型部分] 总时间: 1.958053s | 显存: 4.12 GB

[0-9秒 PDE求解详细性能]

[19秒 PDE求解]
  t=19s - 时间: 1.936740s | 显存: 0.00 B

[PDE求解部分] 总时间: 1.936740s | 显存: 0.00 B

[本步骤总计] 时间: 3.894793s | 显存: 4.12 GB
surrogate_loss (vs forward.true_19):  tensor(2490.9478, device='cuda:0', grad_fn=<MseLossBackward0>)
[Step 39] Backward Propagation - Time: 4.2179s, Mem: -4410531840.00 B
[Step 39] PGD Update - Time: 0.0029s, Mem: -3407872.00 B

[Step 39] 完整步骤总时间: 6.181037s | 总显存: 176.00 KB
[Step 39] 峰值显存: 16.96 GB

[Step 40] ============ 详细性能分析 ============
[模型部分] 总时间: 1.973588s | 显存: 4.12 GB

[0-9秒 PDE求解详细性能]

[19秒 PDE求解]
  t=19s - 时间: 1.952688s | 显存: 0.00 B

[PDE求解部分] 总时间: 1.952688s | 显存: 0.00 B

[本步骤总计] 时间: 3.926276s | 显存: 4.12 GB
surrogate_loss (vs forward.true_19):  tensor(2498.3179, device='cuda:0', grad_fn=<MseLossBackward0>)
[Step 40] Backward Propagation - Time: 4.2927s, Mem: -4411146240.00 B
[Step 40] PGD Update - Time: 0.0031s, Mem: -3588096.00 B

[Step 40] 完整步骤总时间: 6.271518s | 总显存: -180224.00 B
[Step 40] 峰值显存: 16.96 GB

[Step 41] ============ 详细性能分析 ============
[模型部分] 总时间: 1.993937s | 显存: 4.12 GB

[0-9秒 PDE求解详细性能]

[19秒 PDE求解]
  t=19s - 时间: 1.972870s | 显存: 0.00 B

[PDE求解部分] 总时间: 1.972870s | 显存: 0.00 B

[本步骤总计] 时间: 3.966808s | 显存: 4.12 GB
surrogate_loss (vs forward.true_19):  tensor(2505.8767, device='cuda:0', grad_fn=<MseLossBackward0>)
[Step 41] Backward Propagation - Time: 4.2248s, Mem: -4410531840.00 B
[Step 41] PGD Update - Time: 0.0038s, Mem: -3407872.00 B

[Step 41] 完整步骤总时间: 6.224599s | 总显存: 176.00 KB
[Step 41] 峰值显存: 16.96 GB

[Step 42] ============ 详细性能分析 ============
[模型部分] 总时间: 1.950676s | 显存: 4.12 GB

[0-9秒 PDE求解详细性能]

[19秒 PDE求解]
  t=19s - 时间: 1.929914s | 显存: 0.00 B

[PDE求解部分] 总时间: 1.929914s | 显存: 0.00 B

[本步骤总计] 时间: 3.880589s | 显存: 4.12 GB
surrogate_loss (vs forward.true_19):  tensor(2513.1182, device='cuda:0', grad_fn=<MseLossBackward0>)
[Step 42] Backward Propagation - Time: 4.2295s, Mem: -4411146240.00 B
[Step 42] PGD Update - Time: 0.0031s, Mem: -3588096.00 B

[Step 42] 完整步骤总时间: 6.185346s | 总显存: -180224.00 B
[Step 42] 峰值显存: 16.96 GB

[Step 43] ============ 详细性能分析 ============
[模型部分] 总时间: 1.973051s | 显存: 4.12 GB

[0-9秒 PDE求解详细性能]

[19秒 PDE求解]
  t=19s - 时间: 1.952270s | 显存: 0.00 B

[PDE求解部分] 总时间: 1.952270s | 显存: 0.00 B

[本步骤总计] 时间: 3.925322s | 显存: 4.12 GB
surrogate_loss (vs forward.true_19):  tensor(2520.6379, device='cuda:0', grad_fn=<MseLossBackward0>)
[Step 43] Backward Propagation - Time: 4.1725s, Mem: -4410531840.00 B
[Step 43] PGD Update - Time: 0.0030s, Mem: -3407872.00 B

[Step 43] 完整步骤总时间: 6.150645s | 总显存: 176.00 KB
[Step 43] 峰值显存: 16.96 GB

[Step 44] ============ 详细性能分析 ============
[模型部分] 总时间: 1.935745s | 显存: 4.12 GB

[0-9秒 PDE求解详细性能]

[19秒 PDE求解]
  t=19s - 时间: 1.914567s | 显存: 0.00 B

[PDE求解部分] 总时间: 1.914567s | 显存: 0.00 B

[本步骤总计] 时间: 3.850312s | 显存: 4.12 GB
surrogate_loss (vs forward.true_19):  tensor(2528.0161, device='cuda:0', grad_fn=<MseLossBackward0>)
[Step 44] Backward Propagation - Time: 4.2107s, Mem: -4411146240.00 B
[Step 44] PGD Update - Time: 0.0031s, Mem: -3588096.00 B

[Step 44] 完整步骤总时间: 6.151813s | 总显存: -180224.00 B
[Step 44] 峰值显存: 16.96 GB

[Step 45] ============ 详细性能分析 ============
[模型部分] 总时间: 1.935745s | 显存: 4.12 GB

[0-9秒 PDE求解详细性能]

[19秒 PDE求解]
  t=19s - 时间: 1.914408s | 显存: 0.00 B

[PDE求解部分] 总时间: 1.914408s | 显存: 0.00 B

[本步骤总计] 时间: 3.850153s | 显存: 4.12 GB
surrogate_loss (vs forward.true_19):  tensor(2534.8735, device='cuda:0', grad_fn=<MseLossBackward0>)
[Step 45] Backward Propagation - Time: 4.2496s, Mem: -4410531840.00 B
[Step 45] PGD Update - Time: 0.0031s, Mem: -3407872.00 B

[Step 45] 完整步骤总时间: 6.190575s | 总显存: 176.00 KB
[Step 45] 峰值显存: 16.96 GB

[Step 46] ============ 详细性能分析 ============
[模型部分] 总时间: 1.985294s | 显存: 4.12 GB

[0-9秒 PDE求解详细性能]

[19秒 PDE求解]
  t=19s - 时间: 1.964388s | 显存: 0.00 B

[PDE求解部分] 总时间: 1.964388s | 显存: 0.00 B

[本步骤总计] 时间: 3.949683s | 显存: 4.12 GB
surrogate_loss (vs forward.true_19):  tensor(2542.0029, device='cuda:0', grad_fn=<MseLossBackward0>)
[Step 46] Backward Propagation - Time: 4.1904s, Mem: -4411146240.00 B
[Step 46] PGD Update - Time: 0.0033s, Mem: -3588096.00 B

[Step 46] 完整步骤总时间: 6.181037s | 总显存: -180224.00 B
[Step 46] 峰值显存: 16.96 GB

[Step 47] ============ 详细性能分析 ============
[模型部分] 总时间: 1.943485s | 显存: 4.12 GB

[0-9秒 PDE求解详细性能]

[19秒 PDE求解]
  t=19s - 时间: 1.922219s | 显存: 0.00 B

[PDE求解部分] 总时间: 1.922219s | 显存: 0.00 B

[本步骤总计] 时间: 3.865704s | 显存: 4.12 GB
surrogate_loss (vs forward.true_19):  tensor(2548.5562, device='cuda:0', grad_fn=<MseLossBackward0>)
[Step 47] Backward Propagation - Time: 4.2476s, Mem: -4410531840.00 B
[Step 47] PGD Update - Time: 0.0038s, Mem: -3407872.00 B

[Step 47] 完整步骤总时间: 6.197050s | 总显存: 176.00 KB
[Step 47] 峰值显存: 16.96 GB

[Step 48] ============ 详细性能分析 ============
[模型部分] 总时间: 1.962670s | 显存: 4.12 GB

[0-9秒 PDE求解详细性能]

[19秒 PDE求解]
  t=19s - 时间: 1.941841s | 显存: 0.00 B

[PDE求解部分] 总时间: 1.941841s | 显存: 0.00 B

[本步骤总计] 时间: 3.904512s | 显存: 4.12 GB
surrogate_loss (vs forward.true_19):  tensor(2555.2109, device='cuda:0', grad_fn=<MseLossBackward0>)
[Step 48] Backward Propagation - Time: 4.1906s, Mem: -4411146240.00 B
[Step 48] PGD Update - Time: 0.0031s, Mem: -3588096.00 B

[Step 48] 完整步骤总时间: 6.158517s | 总显存: -180224.00 B
[Step 48] 峰值显存: 16.96 GB

[Step 49] ============ 详细性能分析 ============
[模型部分] 总时间: 1.941288s | 显存: 4.12 GB

[0-9秒 PDE求解详细性能]

[19秒 PDE求解]
  t=19s - 时间: 1.920566s | 显存: 0.00 B

[PDE求解部分] 总时间: 1.920566s | 显存: 0.00 B

[本步骤总计] 时间: 3.861853s | 显存: 4.12 GB
surrogate_loss (vs forward.true_19):  tensor(2562.0261, device='cuda:0', grad_fn=<MseLossBackward0>)
[Step 49] Backward Propagation - Time: 4.1918s, Mem: -4410531840.00 B
[Step 49] PGD Update - Time: 0.0031s, Mem: -3407872.00 B

[Step 49] 完整步骤总时间: 6.138120s | 总显存: 176.00 KB
[Step 49] 峰值显存: 16.96 GB

[Step 50] ============ 详细性能分析 ============
[模型部分] 总时间: 1.946541s | 显存: 4.12 GB

[0-9秒 PDE求解详细性能]

[19秒 PDE求解]
  t=19s - 时间: 1.925711s | 显存: 0.00 B

[PDE求解部分] 总时间: 1.925711s | 显存: 0.00 B

[本步骤总计] 时间: 3.872251s | 显存: 4.12 GB
surrogate_loss (vs forward.true_19):  tensor(2568.4004, device='cuda:0', grad_fn=<MseLossBackward0>)
[Step 50] Backward Propagation - Time: 4.1999s, Mem: -4411146240.00 B
[Step 50] PGD Update - Time: 0.0031s, Mem: -3588096.00 B

[Step 50] 完整步骤总时间: 6.151561s | 总显存: -180224.00 B
[Step 50] 峰值显存: 16.96 GB

[Step 51] ============ 详细性能分析 ============
[模型部分] 总时间: 1.933135s | 显存: 4.12 GB

[0-9秒 PDE求解详细性能]

[19秒 PDE求解]
  t=19s - 时间: 1.912310s | 显存: 0.00 B

[PDE求解部分] 总时间: 1.912310s | 显存: 0.00 B

[本步骤总计] 时间: 3.845445s | 显存: 4.12 GB
surrogate_loss (vs forward.true_19):  tensor(2574.3608, device='cuda:0', grad_fn=<MseLossBackward0>)
[Step 51] Backward Propagation - Time: 4.2354s, Mem: -4410531840.00 B
[Step 51] PGD Update - Time: 0.0031s, Mem: -3407872.00 B

[Step 51] 完整步骤总时间: 6.173867s | 总显存: 176.00 KB
[Step 51] 峰值显存: 16.96 GB

[Step 52] ============ 详细性能分析 ============
[模型部分] 总时间: 1.929871s | 显存: 4.12 GB

[0-9秒 PDE求解详细性能]

[19秒 PDE求解]
  t=19s - 时间: 1.908736s | 显存: 0.00 B

[PDE求解部分] 总时间: 1.908736s | 显存: 0.00 B

[本步骤总计] 时间: 3.838607s | 显存: 4.12 GB
surrogate_loss (vs forward.true_19):  tensor(2580.8711, device='cuda:0', grad_fn=<MseLossBackward0>)
[Step 52] Backward Propagation - Time: 4.2118s, Mem: -4411146240.00 B
[Step 52] PGD Update - Time: 0.0032s, Mem: -3588096.00 B

[Step 52] 完整步骤总时间: 6.147154s | 总显存: -180224.00 B
[Step 52] 峰值显存: 16.96 GB

[Step 53] ============ 详细性能分析 ============
[模型部分] 总时间: 1.972220s | 显存: 4.12 GB

[0-9秒 PDE求解详细性能]

[19秒 PDE求解]
  t=19s - 时间: 1.951324s | 显存: 0.00 B

[PDE求解部分] 总时间: 1.951324s | 显存: 0.00 B

[本步骤总计] 时间: 3.923544s | 显存: 4.12 GB
surrogate_loss (vs forward.true_19):  tensor(2587.0398, device='cuda:0', grad_fn=<MseLossBackward0>)
[Step 53] Backward Propagation - Time: 4.2594s, Mem: -4410531840.00 B
[Step 53] PGD Update - Time: 0.0033s, Mem: -3407872.00 B

[Step 53] 完整步骤总时间: 6.237149s | 总显存: 176.00 KB
[Step 53] 峰值显存: 16.96 GB

[Step 54] ============ 详细性能分析 ============
[模型部分] 总时间: 1.953422s | 显存: 4.12 GB

[0-9秒 PDE求解详细性能]

[19秒 PDE求解]
  t=19s - 时间: 1.932219s | 显存: 0.00 B

[PDE求解部分] 总时间: 1.932219s | 显存: 0.00 B

[本步骤总计] 时间: 3.885641s | 显存: 4.12 GB
surrogate_loss (vs forward.true_19):  tensor(2593.2258, device='cuda:0', grad_fn=<MseLossBackward0>)
[Step 54] Backward Propagation - Time: 4.1960s, Mem: -4411146240.00 B
[Step 54] PGD Update - Time: 0.0031s, Mem: -3588096.00 B

[Step 54] 完整步骤总时间: 6.154765s | 总显存: -180224.00 B
[Step 54] 峰值显存: 16.96 GB

[Step 55] ============ 详细性能分析 ============
[模型部分] 总时间: 1.958243s | 显存: 4.12 GB

[0-9秒 PDE求解详细性能]

[19秒 PDE求解]
  t=19s - 时间: 1.937434s | 显存: 0.00 B

[PDE求解部分] 总时间: 1.937434s | 显存: 0.00 B

[本步骤总计] 时间: 3.895677s | 显存: 4.12 GB
surrogate_loss (vs forward.true_19):  tensor(2598.9167, device='cuda:0', grad_fn=<MseLossBackward0>)
[Step 55] Backward Propagation - Time: 4.2129s, Mem: -4410531840.00 B
[Step 55] PGD Update - Time: 0.0031s, Mem: -3407872.00 B

[Step 55] 完整步骤总时间: 6.176320s | 总显存: 176.00 KB
[Step 55] 峰值显存: 16.96 GB

[Step 56] ============ 详细性能分析 ============
[模型部分] 总时间: 1.965894s | 显存: 4.12 GB

[0-9秒 PDE求解详细性能]

[19秒 PDE求解]
  t=19s - 时间: 1.945031s | 显存: 0.00 B

[PDE求解部分] 总时间: 1.945031s | 显存: 0.00 B

[本步骤总计] 时间: 3.910925s | 显存: 4.12 GB
surrogate_loss (vs forward.true_19):  tensor(2605.4053, device='cuda:0', grad_fn=<MseLossBackward0>)
[Step 56] Backward Propagation - Time: 4.2338s, Mem: -4411146240.00 B
[Step 56] PGD Update - Time: 0.0042s, Mem: -3588096.00 B

[Step 56] 完整步骤总时间: 6.206698s | 总显存: -180224.00 B
[Step 56] 峰值显存: 16.96 GB

[Step 57] ============ 详细性能分析 ============
[模型部分] 总时间: 1.939490s | 显存: 4.12 GB

[0-9秒 PDE求解详细性能]

[19秒 PDE求解]
  t=19s - 时间: 1.918688s | 显存: 0.00 B

[PDE求解部分] 总时间: 1.918688s | 显存: 0.00 B

[本步骤总计] 时间: 3.858178s | 显存: 4.12 GB
surrogate_loss (vs forward.true_19):  tensor(2611.2173, device='cuda:0', grad_fn=<MseLossBackward0>)
[Step 57] Backward Propagation - Time: 4.1746s, Mem: -4410531840.00 B
[Step 57] PGD Update - Time: 0.0036s, Mem: -3407872.00 B

[Step 57] 完整步骤总时间: 6.119850s | 总显存: 176.00 KB
[Step 57] 峰值显存: 16.96 GB

[Step 58] ============ 详细性能分析 ============
[模型部分] 总时间: 1.946304s | 显存: 4.12 GB

[0-9秒 PDE求解详细性能]

[19秒 PDE求解]
  t=19s - 时间: 1.925294s | 显存: 0.00 B

[PDE求解部分] 总时间: 1.925294s | 显存: 0.00 B

[本步骤总计] 时间: 3.871599s | 显存: 4.12 GB
surrogate_loss (vs forward.true_19):  tensor(2616.9849, device='cuda:0', grad_fn=<MseLossBackward0>)
[Step 58] Backward Propagation - Time: 4.2260s, Mem: -4411146240.00 B
[Step 58] PGD Update - Time: 0.0031s, Mem: -3588096.00 B

[Step 58] 完整步骤总时间: 6.177519s | 总显存: -180224.00 B
[Step 58] 峰值显存: 16.96 GB

[Step 59] ============ 详细性能分析 ============
[模型部分] 总时间: 1.925682s | 显存: 4.12 GB

[0-9秒 PDE求解详细性能]

[19秒 PDE求解]
  t=19s - 时间: 1.904883s | 显存: 0.00 B

[PDE求解部分] 总时间: 1.904883s | 显存: 0.00 B

[本步骤总计] 时间: 3.830565s | 显存: 4.12 GB
surrogate_loss (vs forward.true_19):  tensor(2622.6733, device='cuda:0', grad_fn=<MseLossBackward0>)
[Step 59] Backward Propagation - Time: 4.2087s, Mem: -4410531840.00 B
[Step 59] PGD Update - Time: 0.0031s, Mem: -3407872.00 B

[Step 59] 完整步骤总时间: 6.139551s | 总显存: 176.00 KB
[Step 59] 峰值显存: 16.96 GB

[Step 60] ============ 详细性能分析 ============
[模型部分] 总时间: 1.957736s | 显存: 4.12 GB

[0-9秒 PDE求解详细性能]

[19秒 PDE求解]
  t=19s - 时间: 1.936928s | 显存: 0.00 B

[PDE求解部分] 总时间: 1.936928s | 显存: 0.00 B

[本步骤总计] 时间: 3.894664s | 显存: 4.12 GB
surrogate_loss (vs forward.true_19):  tensor(2628.2881, device='cuda:0', grad_fn=<MseLossBackward0>)
[Step 60] Backward Propagation - Time: 4.2463s, Mem: -4411146240.00 B
[Step 60] PGD Update - Time: 0.0036s, Mem: -3588096.00 B

[Step 60] 完整步骤总时间: 6.209672s | 总显存: -180224.00 B
[Step 60] 峰值显存: 16.96 GB

[Step 61] ============ 详细性能分析 ============
[模型部分] 总时间: 1.929848s | 显存: 4.12 GB

[0-9秒 PDE求解详细性能]

[19秒 PDE求解]
  t=19s - 时间: 1.908948s | 显存: 0.00 B

[PDE求解部分] 总时间: 1.908948s | 显存: 0.00 B

[本步骤总计] 时间: 3.838796s | 显存: 4.12 GB
surrogate_loss (vs forward.true_19):  tensor(2633.7588, device='cuda:0', grad_fn=<MseLossBackward0>)
[Step 61] Backward Propagation - Time: 4.2267s, Mem: -4410531840.00 B
[Step 61] PGD Update - Time: 0.0032s, Mem: -3407872.00 B

[Step 61] 完整步骤总时间: 6.161943s | 总显存: 176.00 KB
[Step 61] 峰值显存: 16.96 GB

[Step 62] ============ 详细性能分析 ============
[模型部分] 总时间: 1.938837s | 显存: 4.12 GB

[0-9秒 PDE求解详细性能]

[19秒 PDE求解]
  t=19s - 时间: 1.917743s | 显存: 0.00 B

[PDE求解部分] 总时间: 1.917743s | 显存: 0.00 B

[本步骤总计] 时间: 3.856579s | 显存: 4.12 GB
surrogate_loss (vs forward.true_19):  tensor(2639.1216, device='cuda:0', grad_fn=<MseLossBackward0>)
[Step 62] Backward Propagation - Time: 4.2273s, Mem: -4411146240.00 B
[Step 62] PGD Update - Time: 0.0032s, Mem: -3588096.00 B

[Step 62] 完整步骤总时间: 6.171589s | 总显存: -180224.00 B
[Step 62] 峰值显存: 16.96 GB

[Step 63] ============ 详细性能分析 ============
[模型部分] 总时间: 1.977027s | 显存: 4.12 GB

[0-9秒 PDE求解详细性能]

[19秒 PDE求解]
  t=19s - 时间: 1.956114s | 显存: 0.00 B

[PDE求解部分] 总时间: 1.956114s | 显存: 0.00 B

[本步骤总计] 时间: 3.933140s | 显存: 4.12 GB
surrogate_loss (vs forward.true_19):  tensor(2644.6045, device='cuda:0', grad_fn=<MseLossBackward0>)
[Step 63] Backward Propagation - Time: 4.2765s, Mem: -4410531840.00 B
[Step 63] PGD Update - Time: 0.0031s, Mem: -3407872.00 B

[Step 63] 完整步骤总时间: 6.258750s | 总显存: 176.00 KB
[Step 63] 峰值显存: 16.96 GB

[Step 64] ============ 详细性能分析 ============
[模型部分] 总时间: 1.936617s | 显存: 4.12 GB

[0-9秒 PDE求解详细性能]

[19秒 PDE求解]
  t=19s - 时间: 1.915272s | 显存: 0.00 B

[PDE求解部分] 总时间: 1.915272s | 显存: 0.00 B

[本步骤总计] 时间: 3.851890s | 显存: 4.12 GB
surrogate_loss (vs forward.true_19):  tensor(2649.8843, device='cuda:0', grad_fn=<MseLossBackward0>)
[Step 64] Backward Propagation - Time: 4.1866s, Mem: -4411146240.00 B
[Step 64] PGD Update - Time: 0.0034s, Mem: -3588096.00 B

[Step 64] 完整步骤总时间: 6.128959s | 总显存: -180224.00 B
[Step 64] 峰值显存: 16.96 GB

[Step 65] ============ 详细性能分析 ============
[模型部分] 总时间: 1.952945s | 显存: 4.12 GB

[0-9秒 PDE求解详细性能]

[19秒 PDE求解]
  t=19s - 时间: 1.932130s | 显存: 0.00 B

[PDE求解部分] 总时间: 1.932130s | 显存: 0.00 B

[本步骤总计] 时间: 3.885075s | 显存: 4.12 GB
surrogate_loss (vs forward.true_19):  tensor(2655.1465, device='cuda:0', grad_fn=<MseLossBackward0>)
[Step 65] Backward Propagation - Time: 4.1700s, Mem: -4410531840.00 B
[Step 65] PGD Update - Time: 0.0032s, Mem: -3407872.00 B

[Step 65] 完整步骤总时间: 6.128329s | 总显存: 176.00 KB
[Step 65] 峰值显存: 16.96 GB

[Step 66] ============ 详细性能分析 ============
[模型部分] 总时间: 1.948620s | 显存: 4.12 GB

[0-9秒 PDE求解详细性能]

[19秒 PDE求解]
  t=19s - 时间: 1.927715s | 显存: 0.00 B

[PDE求解部分] 总时间: 1.927715s | 显存: 0.00 B

[本步骤总计] 时间: 3.876334s | 显存: 4.12 GB
surrogate_loss (vs forward.true_19):  tensor(2660.6587, device='cuda:0', grad_fn=<MseLossBackward0>)
[Step 66] Backward Propagation - Time: 4.2023s, Mem: -4411146240.00 B
[Step 66] PGD Update - Time: 0.0041s, Mem: -3588096.00 B

[Step 66] 完整步骤总时间: 6.157729s | 总显存: -180224.00 B
[Step 66] 峰值显存: 16.96 GB

[Step 67] ============ 详细性能分析 ============
[模型部分] 总时间: 1.947808s | 显存: 4.12 GB

[0-9秒 PDE求解详细性能]

[19秒 PDE求解]
  t=19s - 时间: 1.926871s | 显存: 0.00 B

[PDE求解部分] 总时间: 1.926871s | 显存: 0.00 B

[本步骤总计] 时间: 3.874679s | 显存: 4.12 GB
surrogate_loss (vs forward.true_19):  tensor(2665.6602, device='cuda:0', grad_fn=<MseLossBackward0>)
[Step 67] Backward Propagation - Time: 4.1920s, Mem: -4410531840.00 B
[Step 67] PGD Update - Time: 0.0037s, Mem: -3407872.00 B

[Step 67] 完整步骤总时间: 6.145684s | 总显存: 176.00 KB
[Step 67] 峰值显存: 16.96 GB

[Step 68] ============ 详细性能分析 ============
[模型部分] 总时间: 1.947558s | 显存: 4.12 GB

[0-9秒 PDE求解详细性能]

[19秒 PDE求解]
  t=19s - 时间: 1.926817s | 显存: 0.00 B

[PDE求解部分] 总时间: 1.926817s | 显存: 0.00 B

[本步骤总计] 时间: 3.874375s | 显存: 4.12 GB
surrogate_loss (vs forward.true_19):  tensor(2671.0898, device='cuda:0', grad_fn=<MseLossBackward0>)
[Step 68] Backward Propagation - Time: 4.2206s, Mem: -4411146240.00 B
[Step 68] PGD Update - Time: 0.0032s, Mem: -3588096.00 B

[Step 68] 完整步骤总时间: 6.173392s | 总显存: -180224.00 B
[Step 68] 峰值显存: 16.96 GB

[Step 69] ============ 详细性能分析 ============
[模型部分] 总时间: 1.937714s | 显存: 4.12 GB

[0-9秒 PDE求解详细性能]

[19秒 PDE求解]
  t=19s - 时间: 1.916758s | 显存: 0.00 B

[PDE求解部分] 总时间: 1.916758s | 显存: 0.00 B

[本步骤总计] 时间: 3.854472s | 显存: 4.12 GB
surrogate_loss (vs forward.true_19):  tensor(2676.1753, device='cuda:0', grad_fn=<MseLossBackward0>)
[Step 69] Backward Propagation - Time: 4.2168s, Mem: -4410531840.00 B
[Step 69] PGD Update - Time: 0.0033s, Mem: -3407872.00 B

[Step 69] 完整步骤总时间: 6.159913s | 总显存: 176.00 KB
[Step 69] 峰值显存: 16.96 GB

[Step 70] ============ 详细性能分析 ============
[模型部分] 总时间: 1.934672s | 显存: 4.12 GB

[0-9秒 PDE求解详细性能]

[19秒 PDE求解]
  t=19s - 时间: 1.913735s | 显存: 0.00 B

[PDE求解部分] 总时间: 1.913735s | 显存: 0.00 B

[本步骤总计] 时间: 3.848407s | 显存: 4.12 GB
surrogate_loss (vs forward.true_19):  tensor(2681.1216, device='cuda:0', grad_fn=<MseLossBackward0>)
[Step 70] Backward Propagation - Time: 4.2187s, Mem: -4411146240.00 B
[Step 70] PGD Update - Time: 0.0031s, Mem: -3588096.00 B

[Step 70] 完整步骤总时间: 6.158619s | 总显存: -180224.00 B
[Step 70] 峰值显存: 16.96 GB

[Step 71] ============ 详细性能分析 ============
[模型部分] 总时间: 1.960761s | 显存: 4.12 GB

[0-9秒 PDE求解详细性能]

[19秒 PDE求解]
  t=19s - 时间: 1.939927s | 显存: 0.00 B

[PDE求解部分] 总时间: 1.939927s | 显存: 0.00 B

[本步骤总计] 时间: 3.900688s | 显存: 4.12 GB
surrogate_loss (vs forward.true_19):  tensor(2685.8452, device='cuda:0', grad_fn=<MseLossBackward0>)
[Step 71] Backward Propagation - Time: 4.2715s, Mem: -4410531840.00 B
[Step 71] PGD Update - Time: 0.0032s, Mem: -3407872.00 B

[Step 71] 完整步骤总时间: 6.237795s | 总显存: 176.00 KB
[Step 71] 峰值显存: 16.96 GB

[Step 72] ============ 详细性能分析 ============
[模型部分] 总时间: 1.997365s | 显存: 4.12 GB

[0-9秒 PDE求解详细性能]

[19秒 PDE求解]
  t=19s - 时间: 1.976161s | 显存: 0.00 B

[PDE求解部分] 总时间: 1.976161s | 显存: 0.00 B

[本步骤总计] 时间: 3.973526s | 显存: 4.12 GB
surrogate_loss (vs forward.true_19):  tensor(2690.9465, device='cuda:0', grad_fn=<MseLossBackward0>)
[Step 72] Backward Propagation - Time: 4.2777s, Mem: -4411146240.00 B
[Step 72] PGD Update - Time: 0.0034s, Mem: -3588096.00 B

[Step 72] 完整步骤总时间: 6.280801s | 总显存: -180224.00 B
[Step 72] 峰值显存: 16.96 GB

[Step 73] ============ 详细性能分析 ============
[模型部分] 总时间: 1.961183s | 显存: 4.12 GB

[0-9秒 PDE求解详细性能]

[19秒 PDE求解]
  t=19s - 时间: 1.939888s | 显存: 0.00 B

[PDE求解部分] 总时间: 1.939888s | 显存: 0.00 B

[本步骤总计] 时间: 3.901071s | 显存: 4.12 GB
surrogate_loss (vs forward.true_19):  tensor(2695.9790, device='cuda:0', grad_fn=<MseLossBackward0>)
[Step 73] Backward Propagation - Time: 4.2262s, Mem: -4410531840.00 B
[Step 73] PGD Update - Time: 0.0032s, Mem: -3407872.00 B

[Step 73] 完整步骤总时间: 6.192795s | 总显存: 176.00 KB
[Step 73] 峰值显存: 16.96 GB

[Step 74] ============ 详细性能分析 ============
[模型部分] 总时间: 1.975527s | 显存: 4.12 GB

[0-9秒 PDE求解详细性能]

[19秒 PDE求解]
  t=19s - 时间: 1.954351s | 显存: 0.00 B

[PDE求解部分] 总时间: 1.954351s | 显存: 0.00 B

[本步骤总计] 时间: 3.929878s | 显存: 4.12 GB
surrogate_loss (vs forward.true_19):  tensor(2700.8416, device='cuda:0', grad_fn=<MseLossBackward0>)
[Step 74] Backward Propagation - Time: 8.5045s, Mem: -4411146240.00 B
[Step 74] PGD Update - Time: 0.0034s, Mem: -3588096.00 B

[Step 74] 完整步骤总时间: 10.485709s | 总显存: -180224.00 B
[Step 74] 峰值显存: 16.96 GB

[Step 75] ============ 详细性能分析 ============
[模型部分] 总时间: 1.973519s | 显存: 4.12 GB

[0-9秒 PDE求解详细性能]

[19秒 PDE求解]
  t=19s - 时间: 1.952451s | 显存: 0.00 B

[PDE求解部分] 总时间: 1.952451s | 显存: 0.00 B

[本步骤总计] 时间: 3.925970s | 显存: 4.12 GB
surrogate_loss (vs forward.true_19):  tensor(2705.3909, device='cuda:0', grad_fn=<MseLossBackward0>)
[Step 75] Backward Propagation - Time: 4.2392s, Mem: -4410531840.00 B
[Step 75] PGD Update - Time: 0.0043s, Mem: -3407872.00 B

[Step 75] 完整步骤总时间: 6.219655s | 总显存: 176.00 KB
[Step 75] 峰值显存: 16.96 GB

[Step 76] ============ 详细性能分析 ============
[模型部分] 总时间: 1.953602s | 显存: 4.12 GB

[0-9秒 PDE求解详细性能]

[19秒 PDE求解]
  t=19s - 时间: 1.932734s | 显存: 0.00 B

[PDE求解部分] 总时间: 1.932734s | 显存: 0.00 B

[本步骤总计] 时间: 3.886336s | 显存: 4.12 GB
surrogate_loss (vs forward.true_19):  tensor(2710.2393, device='cuda:0', grad_fn=<MseLossBackward0>)
[Step 76] Backward Propagation - Time: 4.2273s, Mem: -4411146240.00 B
[Step 76] PGD Update - Time: 0.0037s, Mem: -3588096.00 B

[Step 76] 完整步骤总时间: 6.186692s | 总显存: -180224.00 B
[Step 76] 峰值显存: 16.96 GB

[Step 77] ============ 详细性能分析 ============
[模型部分] 总时间: 1.972271s | 显存: 4.12 GB

[0-9秒 PDE求解详细性能]

[19秒 PDE求解]
  t=19s - 时间: 1.951531s | 显存: 0.00 B

[PDE求解部分] 总时间: 1.951531s | 显存: 0.00 B

[本步骤总计] 时间: 3.923802s | 显存: 4.12 GB
surrogate_loss (vs forward.true_19):  tensor(2715.0295, device='cuda:0', grad_fn=<MseLossBackward0>)
[Step 77] Backward Propagation - Time: 4.2120s, Mem: -4410531840.00 B
[Step 77] PGD Update - Time: 0.0031s, Mem: -3407872.00 B

[Step 77] 完整步骤总时间: 6.189303s | 总显存: 176.00 KB
[Step 77] 峰值显存: 16.96 GB

[Step 78] ============ 详细性能分析 ============
[模型部分] 总时间: 1.941152s | 显存: 4.12 GB

[0-9秒 PDE求解详细性能]

[19秒 PDE求解]
  t=19s - 时间: 1.919828s | 显存: 0.00 B

[PDE求解部分] 总时间: 1.919828s | 显存: 0.00 B

[本步骤总计] 时间: 3.860981s | 显存: 4.12 GB
surrogate_loss (vs forward.true_19):  tensor(2719.6821, device='cuda:0', grad_fn=<MseLossBackward0>)
[Step 78] Backward Propagation - Time: 4.2101s, Mem: -4411146240.00 B
[Step 78] PGD Update - Time: 0.0035s, Mem: -3588096.00 B

[Step 78] 完整步骤总时间: 6.157026s | 总显存: -180224.00 B
[Step 78] 峰值显存: 16.96 GB

[Step 79] ============ 详细性能分析 ============
[模型部分] 总时间: 1.948146s | 显存: 4.12 GB

[0-9秒 PDE求解详细性能]

[19秒 PDE求解]
  t=19s - 时间: 1.926980s | 显存: 0.00 B

[PDE求解部分] 总时间: 1.926980s | 显存: 0.00 B

[本步骤总计] 时间: 3.875126s | 显存: 4.12 GB
surrogate_loss (vs forward.true_19):  tensor(2724.3467, device='cuda:0', grad_fn=<MseLossBackward0>)
[Step 79] Backward Propagation - Time: 4.2358s, Mem: -4410531840.00 B
[Step 79] PGD Update - Time: 0.0031s, Mem: -3407872.00 B

[Step 79] 完整步骤总时间: 6.189230s | 总显存: 176.00 KB
[Step 79] 峰值显存: 16.96 GB

[Step 80] ============ 详细性能分析 ============
[模型部分] 总时间: 1.951577s | 显存: 4.12 GB

[0-9秒 PDE求解详细性能]

[19秒 PDE求解]
  t=19s - 时间: 1.930842s | 显存: 0.00 B

[PDE求解部分] 总时间: 1.930842s | 显存: 0.00 B

[本步骤总计] 时间: 3.882419s | 显存: 4.12 GB
surrogate_loss (vs forward.true_19):  tensor(2728.6992, device='cuda:0', grad_fn=<MseLossBackward0>)
[Step 80] Backward Propagation - Time: 4.2200s, Mem: -4411146240.00 B
[Step 80] PGD Update - Time: 0.0042s, Mem: -3588096.00 B

[Step 80] 完整步骤总时间: 6.178439s | 总显存: -180224.00 B
[Step 80] 峰值显存: 16.96 GB

[Step 81] ============ 详细性能分析 ============
[模型部分] 总时间: 1.935329s | 显存: 4.12 GB

[0-9秒 PDE求解详细性能]

[19秒 PDE求解]
  t=19s - 时间: 1.914508s | 显存: 0.00 B

[PDE求解部分] 总时间: 1.914508s | 显存: 0.00 B

[本步骤总计] 时间: 3.849837s | 显存: 4.12 GB
surrogate_loss (vs forward.true_19):  tensor(2733.1931, device='cuda:0', grad_fn=<MseLossBackward0>)
[Step 81] Backward Propagation - Time: 4.2246s, Mem: -4410531840.00 B
[Step 81] PGD Update - Time: 0.0034s, Mem: -3407872.00 B

[Step 81] 完整步骤总时间: 6.165341s | 总显存: 176.00 KB
[Step 81] 峰值显存: 16.96 GB

[Step 82] ============ 详细性能分析 ============
[模型部分] 总时间: 1.949317s | 显存: 4.12 GB

[0-9秒 PDE求解详细性能]

[19秒 PDE求解]
  t=19s - 时间: 1.928526s | 显存: 0.00 B

[PDE求解部分] 总时间: 1.928526s | 显存: 0.00 B

[本步骤总计] 时间: 3.877843s | 显存: 4.12 GB
surrogate_loss (vs forward.true_19):  tensor(2738.0269, device='cuda:0', grad_fn=<MseLossBackward0>)
[Step 82] Backward Propagation - Time: 4.2479s, Mem: -4411146240.00 B
[Step 82] PGD Update - Time: 0.0030s, Mem: -3588096.00 B

[Step 82] 完整步骤总时间: 6.202171s | 总显存: -180224.00 B
[Step 82] 峰值显存: 16.96 GB

[Step 83] ============ 详细性能分析 ============
[模型部分] 总时间: 1.939983s | 显存: 4.12 GB

[0-9秒 PDE求解详细性能]

[19秒 PDE求解]
  t=19s - 时间: 1.919193s | 显存: 0.00 B

[PDE求解部分] 总时间: 1.919193s | 显存: 0.00 B

[本步骤总计] 时间: 3.859175s | 显存: 4.12 GB
surrogate_loss (vs forward.true_19):  tensor(2742.2422, device='cuda:0', grad_fn=<MseLossBackward0>)
[Step 83] Backward Propagation - Time: 4.2123s, Mem: -4410531840.00 B
[Step 83] PGD Update - Time: 0.0032s, Mem: -3407872.00 B

[Step 83] 完整步骤总时间: 6.157650s | 总显存: 176.00 KB
[Step 83] 峰值显存: 16.96 GB

[Step 84] ============ 详细性能分析 ============
[模型部分] 总时间: 1.946642s | 显存: 4.12 GB

[0-9秒 PDE求解详细性能]

[19秒 PDE求解]
  t=19s - 时间: 1.925906s | 显存: 0.00 B

[PDE求解部分] 总时间: 1.925906s | 显存: 0.00 B

[本步骤总计] 时间: 3.872548s | 显存: 4.12 GB
surrogate_loss (vs forward.true_19):  tensor(2746.9229, device='cuda:0', grad_fn=<MseLossBackward0>)
[Step 84] Backward Propagation - Time: 4.2010s, Mem: -4411146240.00 B
[Step 84] PGD Update - Time: 0.0033s, Mem: -3588096.00 B

[Step 84] 完整步骤总时间: 6.153035s | 总显存: -180224.00 B
[Step 84] 峰值显存: 16.96 GB

[Step 85] ============ 详细性能分析 ============
[模型部分] 总时间: 1.937320s | 显存: 4.12 GB

[0-9秒 PDE求解详细性能]

[19秒 PDE求解]
  t=19s - 时间: 1.916572s | 显存: 0.00 B

[PDE求解部分] 总时间: 1.916572s | 显存: 0.00 B

[本步骤总计] 时间: 3.853891s | 显存: 4.12 GB
surrogate_loss (vs forward.true_19):  tensor(2750.9233, device='cuda:0', grad_fn=<MseLossBackward0>)
[Step 85] Backward Propagation - Time: 4.2058s, Mem: -4410531840.00 B
[Step 85] PGD Update - Time: 0.0032s, Mem: -3407872.00 B

[Step 85] 完整步骤总时间: 6.148611s | 总显存: 176.00 KB
[Step 85] 峰值显存: 16.96 GB

[Step 86] ============ 详细性能分析 ============
[模型部分] 总时间: 1.951813s | 显存: 4.12 GB

[0-9秒 PDE求解详细性能]

[19秒 PDE求解]
  t=19s - 时间: 1.930336s | 显存: 0.00 B

[PDE求解部分] 总时间: 1.930336s | 显存: 0.00 B

[本步骤总计] 时间: 3.882148s | 显存: 4.12 GB
surrogate_loss (vs forward.true_19):  tensor(2755.3291, device='cuda:0', grad_fn=<MseLossBackward0>)
[Step 86] Backward Propagation - Time: 4.2555s, Mem: -4411146240.00 B
[Step 86] PGD Update - Time: 0.0032s, Mem: -3588096.00 B

[Step 86] 完整步骤总时间: 6.212926s | 总显存: -180224.00 B
[Step 86] 峰值显存: 16.96 GB

[Step 87] ============ 详细性能分析 ============
[模型部分] 总时间: 1.975911s | 显存: 4.12 GB

[0-9秒 PDE求解详细性能]

[19秒 PDE求解]
  t=19s - 时间: 1.955010s | 显存: 0.00 B

[PDE求解部分] 总时间: 1.955010s | 显存: 0.00 B

[本步骤总计] 时间: 3.930921s | 显存: 4.12 GB
surrogate_loss (vs forward.true_19):  tensor(2759.8340, device='cuda:0', grad_fn=<MseLossBackward0>)
[Step 87] Backward Propagation - Time: 4.2454s, Mem: -4410531840.00 B
[Step 87] PGD Update - Time: 0.0032s, Mem: -3407872.00 B

[Step 87] 完整步骤总时间: 6.226618s | 总显存: 176.00 KB
[Step 87] 峰值显存: 16.96 GB

[Step 88] ============ 详细性能分析 ============
[模型部分] 总时间: 1.970784s | 显存: 4.12 GB

[0-9秒 PDE求解详细性能]

[19秒 PDE求解]
  t=19s - 时间: 1.950083s | 显存: 0.00 B

[PDE求解部分] 总时间: 1.950083s | 显存: 0.00 B

[本步骤总计] 时间: 3.920867s | 显存: 4.12 GB
surrogate_loss (vs forward.true_19):  tensor(2764.3083, device='cuda:0', grad_fn=<MseLossBackward0>)
[Step 88] Backward Propagation - Time: 4.2065s, Mem: -4411146240.00 B
[Step 88] PGD Update - Time: 0.0043s, Mem: -3588096.00 B

[Step 88] 完整步骤总时间: 6.184222s | 总显存: -180224.00 B
[Step 88] 峰值显存: 16.96 GB

[Step 89] ============ 详细性能分析 ============
[模型部分] 总时间: 1.957172s | 显存: 4.12 GB

[0-9秒 PDE求解详细性能]

[19秒 PDE求解]
  t=19s - 时间: 1.936352s | 显存: 0.00 B

[PDE求解部分] 总时间: 1.936352s | 显存: 0.00 B

[本步骤总计] 时间: 3.893524s | 显存: 4.12 GB
surrogate_loss (vs forward.true_19):  tensor(2768.4407, device='cuda:0', grad_fn=<MseLossBackward0>)
[Step 89] Backward Propagation - Time: 4.2648s, Mem: -4410531840.00 B
[Step 89] PGD Update - Time: 0.0033s, Mem: -3407872.00 B

[Step 89] 完整步骤总时间: 6.227251s | 总显存: 176.00 KB
[Step 89] 峰值显存: 16.96 GB

[Step 90] ============ 详细性能分析 ============
[模型部分] 总时间: 1.978608s | 显存: 4.12 GB

[0-9秒 PDE求解详细性能]

[19秒 PDE求解]
  t=19s - 时间: 1.957746s | 显存: 0.00 B

[PDE求解部分] 总时间: 1.957746s | 显存: 0.00 B

[本步骤总计] 时间: 3.936354s | 显存: 4.12 GB
surrogate_loss (vs forward.true_19):  tensor(2772.4951, device='cuda:0', grad_fn=<MseLossBackward0>)
[Step 90] Backward Propagation - Time: 4.2452s, Mem: -4411146240.00 B
[Step 90] PGD Update - Time: 0.0031s, Mem: -3588096.00 B

[Step 90] 完整步骤总时间: 6.228957s | 总显存: -180224.00 B
[Step 90] 峰值显存: 16.96 GB

[Step 91] ============ 详细性能分析 ============
[模型部分] 总时间: 1.973022s | 显存: 4.12 GB

[0-9秒 PDE求解详细性能]

[19秒 PDE求解]
  t=19s - 时间: 1.952120s | 显存: 0.00 B

[PDE求解部分] 总时间: 1.952120s | 显存: 0.00 B

[本步骤总计] 时间: 3.925141s | 显存: 4.12 GB
surrogate_loss (vs forward.true_19):  tensor(2776.7402, device='cuda:0', grad_fn=<MseLossBackward0>)
[Step 91] Backward Propagation - Time: 4.2556s, Mem: -4410531840.00 B
[Step 91] PGD Update - Time: 0.0029s, Mem: -3407872.00 B

[Step 91] 完整步骤总时间: 6.233518s | 总显存: 176.00 KB
[Step 91] 峰值显存: 16.96 GB

[Step 92] ============ 详细性能分析 ============
[模型部分] 总时间: 1.937915s | 显存: 4.12 GB

[0-9秒 PDE求解详细性能]

[19秒 PDE求解]
  t=19s - 时间: 1.917063s | 显存: 0.00 B

[PDE求解部分] 总时间: 1.917063s | 显存: 0.00 B

[本步骤总计] 时间: 3.854978s | 显存: 4.12 GB
surrogate_loss (vs forward.true_19):  tensor(2780.6995, device='cuda:0', grad_fn=<MseLossBackward0>)
[Step 92] Backward Propagation - Time: 4.1944s, Mem: -4411146240.00 B
[Step 92] PGD Update - Time: 0.0033s, Mem: -3588096.00 B

[Step 92] 完整步骤总时间: 6.137836s | 总显存: -180224.00 B
[Step 92] 峰值显存: 16.96 GB

[Step 93] ============ 详细性能分析 ============
[模型部分] 总时间: 1.949134s | 显存: 4.12 GB

[0-9秒 PDE求解详细性能]

[19秒 PDE求解]
  t=19s - 时间: 1.928068s | 显存: 0.00 B

[PDE求解部分] 总时间: 1.928068s | 显存: 0.00 B

[本步骤总计] 时间: 3.877202s | 显存: 4.12 GB
surrogate_loss (vs forward.true_19):  tensor(2784.5654, device='cuda:0', grad_fn=<MseLossBackward0>)
[Step 93] Backward Propagation - Time: 4.2125s, Mem: -4410531840.00 B
[Step 93] PGD Update - Time: 0.0035s, Mem: -3407872.00 B

[Step 93] 完整步骤总时间: 6.167592s | 总显存: 176.00 KB
[Step 93] 峰值显存: 16.96 GB

[Step 94] ============ 详细性能分析 ============
[模型部分] 总时间: 1.966342s | 显存: 4.12 GB

[0-9秒 PDE求解详细性能]

[19秒 PDE求解]
  t=19s - 时间: 1.944991s | 显存: 0.00 B

[PDE求解部分] 总时间: 1.944991s | 显存: 0.00 B

[本步骤总计] 时间: 3.911334s | 显存: 4.12 GB
surrogate_loss (vs forward.true_19):  tensor(2788.7148, device='cuda:0', grad_fn=<MseLossBackward0>)
[Step 94] Backward Propagation - Time: 4.1929s, Mem: -4411146240.00 B
[Step 94] PGD Update - Time: 0.0031s, Mem: -3588096.00 B

[Step 94] 完整步骤总时间: 6.164612s | 总显存: -180224.00 B
[Step 94] 峰值显存: 16.96 GB

[Step 95] ============ 详细性能分析 ============
[模型部分] 总时间: 1.954079s | 显存: 4.12 GB

[0-9秒 PDE求解详细性能]

[19秒 PDE求解]
  t=19s - 时间: 1.933132s | 显存: 0.00 B

[PDE求解部分] 总时间: 1.933132s | 显存: 0.00 B

[本步骤总计] 时间: 3.887211s | 显存: 4.12 GB
surrogate_loss (vs forward.true_19):  tensor(2792.7524, device='cuda:0', grad_fn=<MseLossBackward0>)
[Step 95] Backward Propagation - Time: 4.2480s, Mem: -4410531840.00 B
[Step 95] PGD Update - Time: 0.0032s, Mem: -3407872.00 B

[Step 95] 完整步骤总时间: 6.207406s | 总显存: 176.00 KB
[Step 95] 峰值显存: 16.96 GB

[Step 96] ============ 详细性能分析 ============
[模型部分] 总时间: 1.965982s | 显存: 4.12 GB

[0-9秒 PDE求解详细性能]

[19秒 PDE求解]
  t=19s - 时间: 1.945115s | 显存: 0.00 B

[PDE求解部分] 总时间: 1.945115s | 显存: 0.00 B

[本步骤总计] 时间: 3.911097s | 显存: 4.12 GB
surrogate_loss (vs forward.true_19):  tensor(2796.6172, device='cuda:0', grad_fn=<MseLossBackward0>)
[Step 96] Backward Propagation - Time: 4.2269s, Mem: -4411146240.00 B
[Step 96] PGD Update - Time: 0.0041s, Mem: -3588096.00 B

[Step 96] 完整步骤总时间: 6.199723s | 总显存: -180224.00 B
[Step 96] 峰值显存: 16.96 GB

[Step 97] ============ 详细性能分析 ============
[模型部分] 总时间: 1.968449s | 显存: 4.12 GB

[0-9秒 PDE求解详细性能]

[19秒 PDE求解]
  t=19s - 时间: 1.947504s | 显存: 0.00 B

[PDE求解部分] 总时间: 1.947504s | 显存: 0.00 B

[本步骤总计] 时间: 3.915953s | 显存: 4.12 GB
surrogate_loss (vs forward.true_19):  tensor(2800.4734, device='cuda:0', grad_fn=<MseLossBackward0>)
[Step 97] Backward Propagation - Time: 4.2867s, Mem: -4410531840.00 B
[Step 97] PGD Update - Time: 0.0031s, Mem: -3407872.00 B

[Step 97] 完整步骤总时间: 6.260285s | 总显存: 176.00 KB
[Step 97] 峰值显存: 16.96 GB

[Step 98] ============ 详细性能分析 ============
[模型部分] 总时间: 1.969652s | 显存: 4.12 GB

[0-9秒 PDE求解详细性能]

[19秒 PDE求解]
  t=19s - 时间: 1.948868s | 显存: 0.00 B

[PDE求解部分] 总时间: 1.948868s | 显存: 0.00 B

[本步骤总计] 时间: 3.918520s | 显存: 4.12 GB
surrogate_loss (vs forward.true_19):  tensor(2804.3462, device='cuda:0', grad_fn=<MseLossBackward0>)
[Step 98] Backward Propagation - Time: 4.2546s, Mem: -4411146240.00 B
[Step 98] PGD Update - Time: 0.0031s, Mem: -3588096.00 B

[Step 98] 完整步骤总时间: 6.229415s | 总显存: -180224.00 B
[Step 98] 峰值显存: 16.96 GB

[Step 99] ============ 详细性能分析 ============
[模型部分] 总时间: 1.967138s | 显存: 4.12 GB

[0-9秒 PDE求解详细性能]

[19秒 PDE求解]
  t=19s - 时间: 1.946214s | 显存: 0.00 B

[PDE求解部分] 总时间: 1.946214s | 显存: 0.00 B

[本步骤总计] 时间: 3.913351s | 显存: 4.12 GB
surrogate_loss (vs forward.true_19):  tensor(2808.1147, device='cuda:0', grad_fn=<MseLossBackward0>)
[Step 99] Backward Propagation - Time: 4.2808s, Mem: -4410531840.00 B
[Step 99] PGD Update - Time: 0.0033s, Mem: -3407872.00 B

[Step 99] 完整步骤总时间: 6.253376s | 总显存: 176.00 KB
[Step 99] 峰值显存: 16.96 GB
清理前显存占用: 13092.8798828125 MB
PGD攻击完成！显存已清理
当前显存占用: 2092.1298828125 MB
mode_spec = aaawwwwwww
Per-frame modes: [t=01] approx | [t=02] approx | [t=03] approx | [t=04] with_solver | [t=05] with_solver | [t=06] with_solver | [t=07] with_solver | [t=08] with_solver | [t=09] with_solver | [t=19] with_solver
================================================================================
norm: 2, epsilon: 39.3216, alpha: 5.0, num_steps: 100, index: 1, method: adam, mode_spec: aaawwwwwww, b1: 0.9, b2: 0.999, adam_eps: 1e-08, sign_Linf: True, amsgrad: False

[Step 0] ============ 详细性能分析 ============
[模型部分] 总时间: 1.969300s | 显存: 4.12 GB

[0-9秒 PDE求解详细性能]

[19秒 PDE求解]
  t=19s - 时间: 1.936982s | 显存: 0.00 B

[PDE求解部分] 总时间: 1.936982s | 显存: 0.00 B

[本步骤总计] 时间: 3.906282s | 显存: 4.12 GB
surrogate_loss (vs forward.true_19):  tensor(10839.1455, device='cuda:0', grad_fn=<MseLossBackward0>)
[Step 0] Backward Propagation - Time: 4.2237s, Mem: -4411990016.00 B
[Step 0] PGD Update - Time: 0.0014s, Mem: 1.75 MB

[Step 0] 完整步骤总时间: 6.196856s | 总显存: 5.25 MB
[Step 0] 峰值显存: 16.96 GB

[Step 1] ============ 详细性能分析 ============
[模型部分] 总时间: 1.941661s | 显存: 4.12 GB

[0-9秒 PDE求解详细性能]

[19秒 PDE求解]
  t=19s - 时间: 1.919854s | 显存: 0.00 B

[PDE求解部分] 总时间: 1.919854s | 显存: 0.00 B

[本步骤总计] 时间: 3.861514s | 显存: 4.12 GB
surrogate_loss (vs forward.true_19):  tensor(7915.8525, device='cuda:0', grad_fn=<MseLossBackward0>)
[Step 1] Backward Propagation - Time: 4.2429s, Mem: -4410531840.00 B
[Step 1] PGD Update - Time: 0.0026s, Mem: -3407872.00 B

[Step 1] 完整步骤总时间: 6.189229s | 总显存: 176.00 KB
[Step 1] 峰值显存: 16.96 GB

[Step 2] ============ 详细性能分析 ============
[模型部分] 总时间: 1.988593s | 显存: 4.12 GB

[0-9秒 PDE求解详细性能]

[19秒 PDE求解]
  t=19s - 时间: 1.967493s | 显存: 0.00 B

[PDE求解部分] 总时间: 1.967493s | 显存: 0.00 B

[本步骤总计] 时间: 3.956086s | 显存: 4.12 GB
surrogate_loss (vs forward.true_19):  tensor(3850.6348, device='cuda:0', grad_fn=<MseLossBackward0>)
[Step 2] Backward Propagation - Time: 4.1950s, Mem: -4411146240.00 B
[Step 2] PGD Update - Time: 0.0023s, Mem: -3588096.00 B

[Step 2] 完整步骤总时间: 6.187913s | 总显存: -180224.00 B
[Step 2] 峰值显存: 16.96 GB

[Step 3] ============ 详细性能分析 ============
[模型部分] 总时间: 1.954739s | 显存: 4.12 GB

[0-9秒 PDE求解详细性能]

[19秒 PDE求解]
  t=19s - 时间: 1.934072s | 显存: 0.00 B

[PDE求解部分] 总时间: 1.934072s | 显存: 0.00 B

[本步骤总计] 时间: 3.888810s | 显存: 4.12 GB
surrogate_loss (vs forward.true_19):  tensor(3299.7710, device='cuda:0', grad_fn=<MseLossBackward0>)
[Step 3] Backward Propagation - Time: 4.2023s, Mem: -4410531840.00 B
[Step 3] PGD Update - Time: 0.0028s, Mem: -3407872.00 B

[Step 3] 完整步骤总时间: 6.161663s | 总显存: 176.00 KB
[Step 3] 峰值显存: 16.96 GB

[Step 4] ============ 详细性能分析 ============
[模型部分] 总时间: 1.960273s | 显存: 4.12 GB

[0-9秒 PDE求解详细性能]

[19秒 PDE求解]
  t=19s - 时间: 1.939233s | 显存: 0.00 B

[PDE求解部分] 总时间: 1.939233s | 显存: 0.00 B

[本步骤总计] 时间: 3.899506s | 显存: 4.12 GB
surrogate_loss (vs forward.true_19):  tensor(3370.4192, device='cuda:0', grad_fn=<MseLossBackward0>)
[Step 4] Backward Propagation - Time: 4.2217s, Mem: -4411146240.00 B
[Step 4] PGD Update - Time: 0.0035s, Mem: -3588096.00 B

[Step 4] 完整步骤总时间: 6.187298s | 总显存: -180224.00 B
[Step 4] 峰值显存: 16.96 GB

[Step 5] ============ 详细性能分析 ============
[模型部分] 总时间: 1.947493s | 显存: 4.12 GB

[0-9秒 PDE求解详细性能]

[19秒 PDE求解]
  t=19s - 时间: 1.926449s | 显存: 0.00 B

[PDE求解部分] 总时间: 1.926449s | 显存: 0.00 B

[本步骤总计] 时间: 3.873942s | 显存: 4.12 GB
surrogate_loss (vs forward.true_19):  tensor(3622.2405, device='cuda:0', grad_fn=<MseLossBackward0>)
[Step 5] Backward Propagation - Time: 4.2269s, Mem: -4410531840.00 B
[Step 5] PGD Update - Time: 0.0027s, Mem: -3407872.00 B

[Step 5] 完整步骤总时间: 6.178995s | 总显存: 176.00 KB
[Step 5] 峰值显存: 16.96 GB

[Step 6] ============ 详细性能分析 ============
[模型部分] 总时间: 1.949757s | 显存: 4.12 GB

[0-9秒 PDE求解详细性能]

[19秒 PDE求解]
  t=19s - 时间: 1.929019s | 显存: 0.00 B

[PDE求解部分] 总时间: 1.929019s | 显存: 0.00 B

[本步骤总计] 时间: 3.878776s | 显存: 4.12 GB
surrogate_loss (vs forward.true_19):  tensor(4536.4395, device='cuda:0', grad_fn=<MseLossBackward0>)
[Step 6] Backward Propagation - Time: 4.2260s, Mem: -4411146240.00 B
[Step 6] PGD Update - Time: 0.0027s, Mem: -3588096.00 B

[Step 6] 完整步骤总时间: 6.180665s | 总显存: -180224.00 B
[Step 6] 峰值显存: 16.96 GB

[Step 7] ============ 详细性能分析 ============
[模型部分] 总时间: 1.946283s | 显存: 4.12 GB

[0-9秒 PDE求解详细性能]

[19秒 PDE求解]
  t=19s - 时间: 1.925077s | 显存: 0.00 B

[PDE求解部分] 总时间: 1.925077s | 显存: 0.00 B

[本步骤总计] 时间: 3.871360s | 显存: 4.12 GB
surrogate_loss (vs forward.true_19):  tensor(4590.4053, device='cuda:0', grad_fn=<MseLossBackward0>)
[Step 7] Backward Propagation - Time: 4.2184s, Mem: -4410531840.00 B
[Step 7] PGD Update - Time: 0.0027s, Mem: -3407872.00 B

[Step 7] 完整步骤总时间: 6.169456s | 总显存: 176.00 KB
[Step 7] 峰值显存: 16.96 GB

[Step 8] ============ 详细性能分析 ============
[模型部分] 总时间: 1.945369s | 显存: 4.12 GB

[0-9秒 PDE求解详细性能]

[19秒 PDE求解]
  t=19s - 时间: 1.924492s | 显存: 0.00 B

[PDE求解部分] 总时间: 1.924492s | 显存: 0.00 B

[本步骤总计] 时间: 3.869861s | 显存: 4.12 GB
surrogate_loss (vs forward.true_19):  tensor(6760.6313, device='cuda:0', grad_fn=<MseLossBackward0>)
[Step 8] Backward Propagation - Time: 4.1805s, Mem: -4411146240.00 B
[Step 8] PGD Update - Time: 0.0027s, Mem: -3588096.00 B

[Step 8] 完整步骤总时间: 6.130444s | 总显存: -180224.00 B
[Step 8] 峰值显存: 16.96 GB

[Step 9] ============ 详细性能分析 ============
[模型部分] 总时间: 1.952513s | 显存: 4.12 GB

[0-9秒 PDE求解详细性能]

[19秒 PDE求解]
  t=19s - 时间: 1.931454s | 显存: 0.00 B

[PDE求解部分] 总时间: 1.931454s | 显存: 0.00 B

[本步骤总计] 时间: 3.883967s | 显存: 4.12 GB
surrogate_loss (vs forward.true_19):  tensor(6112.4766, device='cuda:0', grad_fn=<MseLossBackward0>)
[Step 9] Backward Propagation - Time: 4.2559s, Mem: -4410531840.00 B
[Step 9] PGD Update - Time: 0.0027s, Mem: -3407872.00 B

[Step 9] 完整步骤总时间: 6.213072s | 总显存: 176.00 KB
[Step 9] 峰值显存: 16.96 GB

[Step 10] ============ 详细性能分析 ============
[模型部分] 总时间: 1.982573s | 显存: 4.12 GB

[0-9秒 PDE求解详细性能]

[19秒 PDE求解]
  t=19s - 时间: 1.961805s | 显存: 0.00 B

[PDE求解部分] 总时间: 1.961805s | 显存: 0.00 B

[本步骤总计] 时间: 3.944377s | 显存: 4.12 GB
surrogate_loss (vs forward.true_19):  tensor(5523.1973, device='cuda:0', grad_fn=<MseLossBackward0>)
[Step 10] Backward Propagation - Time: 4.2246s, Mem: -4411146240.00 B
[Step 10] PGD Update - Time: 0.0028s, Mem: -3588096.00 B

[Step 10] 完整步骤总时间: 6.212104s | 总显存: -180224.00 B
[Step 10] 峰值显存: 16.96 GB

[Step 11] ============ 详细性能分析 ============
[模型部分] 总时间: 1.943460s | 显存: 4.12 GB

[0-9秒 PDE求解详细性能]

[19秒 PDE求解]
  t=19s - 时间: 1.922096s | 显存: 0.00 B

[PDE求解部分] 总时间: 1.922096s | 显存: 0.00 B

[本步骤总计] 时间: 3.865556s | 显存: 4.12 GB
surrogate_loss (vs forward.true_19):  tensor(5896.8223, device='cuda:0', grad_fn=<MseLossBackward0>)
[Step 11] Backward Propagation - Time: 4.2073s, Mem: -4410531840.00 B
[Step 11] PGD Update - Time: 0.0029s, Mem: -3407872.00 B

[Step 11] 完整步骤总时间: 6.156028s | 总显存: 176.00 KB
[Step 11] 峰值显存: 16.96 GB

[Step 12] ============ 详细性能分析 ============
[模型部分] 总时间: 1.961603s | 显存: 4.12 GB

[0-9秒 PDE求解详细性能]

[19秒 PDE求解]
  t=19s - 时间: 1.940384s | 显存: 0.00 B

[PDE求解部分] 总时间: 1.940384s | 显存: 0.00 B

[本步骤总计] 时间: 3.901987s | 显存: 4.12 GB
surrogate_loss (vs forward.true_19):  tensor(3094.2183, device='cuda:0', grad_fn=<MseLossBackward0>)
[Step 12] Backward Propagation - Time: 4.2090s, Mem: -4411146240.00 B
[Step 12] PGD Update - Time: 0.0026s, Mem: -3588096.00 B

[Step 12] 完整步骤总时间: 6.175420s | 总显存: -180224.00 B
[Step 12] 峰值显存: 16.96 GB

[Step 13] ============ 详细性能分析 ============
[模型部分] 总时间: 1.980705s | 显存: 4.12 GB

[0-9秒 PDE求解详细性能]

[19秒 PDE求解]
  t=19s - 时间: 1.959598s | 显存: 0.00 B

[PDE求解部分] 总时间: 1.959598s | 显存: 0.00 B

[本步骤总计] 时间: 3.940303s | 显存: 4.12 GB
surrogate_loss (vs forward.true_19):  tensor(2759.8291, device='cuda:0', grad_fn=<MseLossBackward0>)
[Step 13] Backward Propagation - Time: 4.3202s, Mem: -4410531840.00 B
[Step 13] PGD Update - Time: 0.0039s, Mem: -3407872.00 B

[Step 13] 完整步骤总时间: 6.307090s | 总显存: 176.00 KB
[Step 13] 峰值显存: 16.96 GB

[Step 14] ============ 详细性能分析 ============
[模型部分] 总时间: 2.004669s | 显存: 4.12 GB

[0-9秒 PDE求解详细性能]

[19秒 PDE求解]
  t=19s - 时间: 1.983842s | 显存: 0.00 B

[PDE求解部分] 总时间: 1.983842s | 显存: 0.00 B

[本步骤总计] 时间: 3.988511s | 显存: 4.12 GB
surrogate_loss (vs forward.true_19):  tensor(3362.3799, device='cuda:0', grad_fn=<MseLossBackward0>)
[Step 14] Backward Propagation - Time: 4.2934s, Mem: -4411146240.00 B
[Step 14] PGD Update - Time: 0.0031s, Mem: -3588096.00 B

[Step 14] 完整步骤总时间: 6.303212s | 总显存: -180224.00 B
[Step 14] 峰值显存: 16.96 GB

[Step 15] ============ 详细性能分析 ============
[模型部分] 总时间: 1.937294s | 显存: 4.12 GB

[0-9秒 PDE求解详细性能]

[19秒 PDE求解]
  t=19s - 时间: 1.916343s | 显存: 0.00 B

[PDE求解部分] 总时间: 1.916343s | 显存: 0.00 B

[本步骤总计] 时间: 3.853637s | 显存: 4.12 GB
surrogate_loss (vs forward.true_19):  tensor(3970.2068, device='cuda:0', grad_fn=<MseLossBackward0>)
[Step 15] Backward Propagation - Time: 4.7072s, Mem: -4410531840.00 B
[Step 15] PGD Update - Time: 0.0027s, Mem: -3407872.00 B

[Step 15] 完整步骤总时间: 6.649373s | 总显存: 176.00 KB
[Step 15] 峰值显存: 16.96 GB

[Step 16] ============ 详细性能分析 ============
[模型部分] 总时间: 1.956064s | 显存: 4.12 GB

[0-9秒 PDE求解详细性能]

[19秒 PDE求解]
  t=19s - 时间: 1.935082s | 显存: 0.00 B

[PDE求解部分] 总时间: 1.935082s | 显存: 0.00 B

[本步骤总计] 时间: 3.891147s | 显存: 4.12 GB
surrogate_loss (vs forward.true_19):  tensor(4589.3955, device='cuda:0', grad_fn=<MseLossBackward0>)
[Step 16] Backward Propagation - Time: 4.2343s, Mem: -4411146240.00 B
[Step 16] PGD Update - Time: 0.0031s, Mem: -3588096.00 B

[Step 16] 完整步骤总时间: 6.195816s | 总显存: -180224.00 B
[Step 16] 峰值显存: 16.96 GB

[Step 17] ============ 详细性能分析 ============
[模型部分] 总时间: 1.963569s | 显存: 4.12 GB

[0-9秒 PDE求解详细性能]

[19秒 PDE求解]
  t=19s - 时间: 1.942462s | 显存: 0.00 B

[PDE求解部分] 总时间: 1.942462s | 显存: 0.00 B

[本步骤总计] 时间: 3.906030s | 显存: 4.12 GB
surrogate_loss (vs forward.true_19):  tensor(5254.5396, device='cuda:0', grad_fn=<MseLossBackward0>)
[Step 17] Backward Propagation - Time: 4.1454s, Mem: -4410531840.00 B
[Step 17] PGD Update - Time: 0.0031s, Mem: -3407872.00 B

[Step 17] 完整步骤总时间: 6.114279s | 总显存: 176.00 KB
[Step 17] 峰值显存: 16.96 GB

[Step 18] ============ 详细性能分析 ============
[模型部分] 总时间: 1.954637s | 显存: 4.12 GB

[0-9秒 PDE求解详细性能]

[19秒 PDE求解]
  t=19s - 时间: 1.933523s | 显存: 0.00 B

[PDE求解部分] 总时间: 1.933523s | 显存: 0.00 B

[本步骤总计] 时间: 3.888160s | 显存: 4.12 GB
surrogate_loss (vs forward.true_19):  tensor(6358.0781, device='cuda:0', grad_fn=<MseLossBackward0>)
[Step 18] Backward Propagation - Time: 4.1825s, Mem: -4411146240.00 B
[Step 18] PGD Update - Time: 0.0026s, Mem: -3588096.00 B

[Step 18] 完整步骤总时间: 6.141769s | 总显存: -180224.00 B
[Step 18] 峰值显存: 16.96 GB

[Step 19] ============ 详细性能分析 ============
[模型部分] 总时间: 1.940860s | 显存: 4.12 GB

[0-9秒 PDE求解详细性能]

[19秒 PDE求解]
  t=19s - 时间: 1.919949s | 显存: 0.00 B

[PDE求解部分] 总时间: 1.919949s | 显存: 0.00 B

[本步骤总计] 时间: 3.860809s | 显存: 4.12 GB
surrogate_loss (vs forward.true_19):  tensor(7415.5488, device='cuda:0', grad_fn=<MseLossBackward0>)
[Step 19] Backward Propagation - Time: 4.1743s, Mem: -4410531840.00 B
[Step 19] PGD Update - Time: 0.0032s, Mem: -3407872.00 B

[Step 19] 完整步骤总时间: 6.120761s | 总显存: 176.00 KB
[Step 19] 峰值显存: 16.96 GB

[Step 20] ============ 详细性能分析 ============
[模型部分] 总时间: 1.957469s | 显存: 4.12 GB

[0-9秒 PDE求解详细性能]

[19秒 PDE求解]
  t=19s - 时间: 1.936583s | 显存: 0.00 B

[PDE求解部分] 总时间: 1.936583s | 显存: 0.00 B

[本步骤总计] 时间: 3.894052s | 显存: 4.12 GB
surrogate_loss (vs forward.true_19):  tensor(5434.6387, device='cuda:0', grad_fn=<MseLossBackward0>)
[Step 20] Backward Propagation - Time: 4.1956s, Mem: -4411146240.00 B
[Step 20] PGD Update - Time: 0.0036s, Mem: -3588096.00 B

[Step 20] 完整步骤总时间: 6.158689s | 总显存: -180224.00 B
[Step 20] 峰值显存: 16.96 GB

[Step 21] ============ 详细性能分析 ============
[模型部分] 总时间: 1.947796s | 显存: 4.12 GB

[0-9秒 PDE求解详细性能]

[19秒 PDE求解]
  t=19s - 时间: 1.926894s | 显存: 0.00 B

[PDE求解部分] 总时间: 1.926894s | 显存: 0.00 B

[本步骤总计] 时间: 3.874690s | 显存: 4.12 GB
surrogate_loss (vs forward.true_19):  tensor(3882.3350, device='cuda:0', grad_fn=<MseLossBackward0>)
[Step 21] Backward Propagation - Time: 4.2134s, Mem: -4410531840.00 B
[Step 21] PGD Update - Time: 0.0032s, Mem: -3407872.00 B

[Step 21] 完整步骤总时间: 6.166451s | 总显存: 176.00 KB
[Step 21] 峰值显存: 16.96 GB

[Step 22] ============ 详细性能分析 ============
[模型部分] 总时间: 1.956168s | 显存: 4.12 GB

[0-9秒 PDE求解详细性能]

[19秒 PDE求解]
  t=19s - 时间: 1.935493s | 显存: 0.00 B

[PDE求解部分] 总时间: 1.935493s | 显存: 0.00 B

[本步骤总计] 时间: 3.891661s | 显存: 4.12 GB
surrogate_loss (vs forward.true_19):  tensor(4479.8330, device='cuda:0', grad_fn=<MseLossBackward0>)
[Step 22] Backward Propagation - Time: 4.2338s, Mem: -4411146240.00 B
[Step 22] PGD Update - Time: 0.0030s, Mem: -3588096.00 B

[Step 22] 完整步骤总时间: 6.194994s | 总显存: -180224.00 B
[Step 22] 峰值显存: 16.96 GB

[Step 23] ============ 详细性能分析 ============
[模型部分] 总时间: 1.935447s | 显存: 4.12 GB

[0-9秒 PDE求解详细性能]

[19秒 PDE求解]
  t=19s - 时间: 1.914599s | 显存: 0.00 B

[PDE求解部分] 总时间: 1.914599s | 显存: 0.00 B

[本步骤总计] 时间: 3.850047s | 显存: 4.12 GB
surrogate_loss (vs forward.true_19):  tensor(5935.2188, device='cuda:0', grad_fn=<MseLossBackward0>)
[Step 23] Backward Propagation - Time: 4.2086s, Mem: -4410531840.00 B
[Step 23] PGD Update - Time: 0.0031s, Mem: -3407872.00 B

[Step 23] 完整步骤总时间: 6.149215s | 总显存: 176.00 KB
[Step 23] 峰值显存: 16.96 GB

[Step 24] ============ 详细性能分析 ============
[模型部分] 总时间: 1.948959s | 显存: 4.12 GB

[0-9秒 PDE求解详细性能]

[19秒 PDE求解]
  t=19s - 时间: 1.928057s | 显存: 0.00 B

[PDE求解部分] 总时间: 1.928057s | 显存: 0.00 B

[本步骤总计] 时间: 3.877016s | 显存: 4.12 GB
surrogate_loss (vs forward.true_19):  tensor(9629.2285, device='cuda:0', grad_fn=<MseLossBackward0>)
[Step 24] Backward Propagation - Time: 4.2246s, Mem: -4411146240.00 B
[Step 24] PGD Update - Time: 0.0032s, Mem: -3588096.00 B

[Step 24] 完整步骤总时间: 6.179005s | 总显存: -180224.00 B
[Step 24] 峰值显存: 16.96 GB

[Step 25] ============ 详细性能分析 ============
[模型部分] 总时间: 1.948040s | 显存: 4.12 GB

[0-9秒 PDE求解详细性能]

[19秒 PDE求解]
  t=19s - 时间: 1.927193s | 显存: 0.00 B

[PDE求解部分] 总时间: 1.927193s | 显存: 0.00 B

[本步骤总计] 时间: 3.875232s | 显存: 4.12 GB
surrogate_loss (vs forward.true_19):  tensor(14129.8301, device='cuda:0', grad_fn=<MseLossBackward0>)
[Step 25] Backward Propagation - Time: 4.2459s, Mem: -4410531840.00 B
[Step 25] PGD Update - Time: 0.0035s, Mem: -3407872.00 B

[Step 25] 完整步骤总时间: 6.199913s | 总显存: 176.00 KB
[Step 25] 峰值显存: 16.96 GB

[Step 26] ============ 详细性能分析 ============
[模型部分] 总时间: 1.946830s | 显存: 4.12 GB

[0-9秒 PDE求解详细性能]

[19秒 PDE求解]
  t=19s - 时间: 1.925715s | 显存: 0.00 B

[PDE求解部分] 总时间: 1.925715s | 显存: 0.00 B

[本步骤总计] 时间: 3.872545s | 显存: 4.12 GB
surrogate_loss (vs forward.true_19):  tensor(13853.4355, device='cuda:0', grad_fn=<MseLossBackward0>)
[Step 26] Backward Propagation - Time: 4.1856s, Mem: -4411146240.00 B
[Step 26] PGD Update - Time: 0.0032s, Mem: -3588096.00 B

[Step 26] 完整步骤总时间: 6.137814s | 总显存: -180224.00 B
[Step 26] 峰值显存: 16.96 GB

[Step 27] ============ 详细性能分析 ============
[模型部分] 总时间: 1.947070s | 显存: 4.12 GB

[0-9秒 PDE求解详细性能]

[19秒 PDE求解]
  t=19s - 时间: 1.925835s | 显存: 0.00 B

[PDE求解部分] 总时间: 1.925835s | 显存: 0.00 B

[本步骤总计] 时间: 3.872904s | 显存: 4.12 GB
surrogate_loss (vs forward.true_19):  tensor(10160.8799, device='cuda:0', grad_fn=<MseLossBackward0>)
[Step 27] Backward Propagation - Time: 4.1959s, Mem: -4410531840.00 B
[Step 27] PGD Update - Time: 0.0032s, Mem: -3407872.00 B

[Step 27] 完整步骤总时间: 6.148489s | 总显存: 176.00 KB
[Step 27] 峰值显存: 16.96 GB

[Step 28] ============ 详细性能分析 ============
[模型部分] 总时间: 1.943815s | 显存: 4.12 GB

[0-9秒 PDE求解详细性能]

[19秒 PDE求解]
  t=19s - 时间: 1.922884s | 显存: 0.00 B

[PDE求解部分] 总时间: 1.922884s | 显存: 0.00 B

[本步骤总计] 时间: 3.866698s | 显存: 4.12 GB
surrogate_loss (vs forward.true_19):  tensor(9535.5957, device='cuda:0', grad_fn=<MseLossBackward0>)
[Step 28] Backward Propagation - Time: 4.2249s, Mem: -4411146240.00 B
[Step 28] PGD Update - Time: 0.0030s, Mem: -3588096.00 B

[Step 28] 完整步骤总时间: 6.173576s | 总显存: -180224.00 B
[Step 28] 峰值显存: 16.96 GB

[Step 29] ============ 详细性能分析 ============
[模型部分] 总时间: 1.951063s | 显存: 4.12 GB

[0-9秒 PDE求解详细性能]

[19秒 PDE求解]
  t=19s - 时间: 1.930360s | 显存: 0.00 B

[PDE求解部分] 总时间: 1.930360s | 显存: 0.00 B

[本步骤总计] 时间: 3.881423s | 显存: 4.12 GB
surrogate_loss (vs forward.true_19):  tensor(9104.2246, device='cuda:0', grad_fn=<MseLossBackward0>)
[Step 29] Backward Propagation - Time: 4.2897s, Mem: -4410531840.00 B
[Step 29] PGD Update - Time: 0.0041s, Mem: -3407872.00 B

[Step 29] 完整步骤总时间: 6.247598s | 总显存: 176.00 KB
[Step 29] 峰值显存: 16.96 GB

[Step 30] ============ 详细性能分析 ============
[模型部分] 总时间: 1.956007s | 显存: 4.12 GB

[0-9秒 PDE求解详细性能]

[19秒 PDE求解]
  t=19s - 时间: 1.935054s | 显存: 0.00 B

[PDE求解部分] 总时间: 1.935054s | 显存: 0.00 B

[本步骤总计] 时间: 3.891061s | 显存: 4.12 GB
surrogate_loss (vs forward.true_19):  tensor(7393.1699, device='cuda:0', grad_fn=<MseLossBackward0>)
[Step 30] Backward Propagation - Time: 4.2595s, Mem: -4411146240.00 B
[Step 30] PGD Update - Time: 0.0037s, Mem: -3588096.00 B

[Step 30] 完整步骤总时间: 6.221130s | 总显存: -180224.00 B
[Step 30] 峰值显存: 16.96 GB

[Step 31] ============ 详细性能分析 ============
[模型部分] 总时间: 1.936862s | 显存: 4.12 GB

[0-9秒 PDE求解详细性能]

[19秒 PDE求解]
  t=19s - 时间: 1.916034s | 显存: 0.00 B

[PDE求解部分] 总时间: 1.916034s | 显存: 0.00 B

[本步骤总计] 时间: 3.852896s | 显存: 4.12 GB
surrogate_loss (vs forward.true_19):  tensor(4437.3477, device='cuda:0', grad_fn=<MseLossBackward0>)
[Step 31] Backward Propagation - Time: 4.2744s, Mem: -4410531840.00 B
[Step 31] PGD Update - Time: 0.0031s, Mem: -3407872.00 B

[Step 31] 完整步骤总时间: 6.216430s | 总显存: 176.00 KB
[Step 31] 峰值显存: 16.96 GB

[Step 32] ============ 详细性能分析 ============
[模型部分] 总时间: 1.966049s | 显存: 4.12 GB

[0-9秒 PDE求解详细性能]

[19秒 PDE求解]
  t=19s - 时间: 1.945293s | 显存: 0.00 B

[PDE求解部分] 总时间: 1.945293s | 显存: 0.00 B

[本步骤总计] 时间: 3.911341s | 显存: 4.12 GB
surrogate_loss (vs forward.true_19):  tensor(4002.8740, device='cuda:0', grad_fn=<MseLossBackward0>)
[Step 32] Backward Propagation - Time: 4.2137s, Mem: -4411146240.00 B
[Step 32] PGD Update - Time: 0.0030s, Mem: -3588096.00 B

[Step 32] 完整步骤总时间: 6.184752s | 总显存: -180224.00 B
[Step 32] 峰值显存: 16.96 GB

[Step 33] ============ 详细性能分析 ============
[模型部分] 总时间: 1.950642s | 显存: 4.12 GB

[0-9秒 PDE求解详细性能]

[19秒 PDE求解]
  t=19s - 时间: 1.929916s | 显存: 0.00 B

[PDE求解部分] 总时间: 1.929916s | 显存: 0.00 B

[本步骤总计] 时间: 3.880558s | 显存: 4.12 GB
surrogate_loss (vs forward.true_19):  tensor(4428.0410, device='cuda:0', grad_fn=<MseLossBackward0>)
[Step 33] Backward Propagation - Time: 4.2419s, Mem: -4410531840.00 B
[Step 33] PGD Update - Time: 0.0033s, Mem: -3407872.00 B

[Step 33] 完整步骤总时间: 6.197825s | 总显存: 176.00 KB
[Step 33] 峰值显存: 16.96 GB

[Step 34] ============ 详细性能分析 ============
[模型部分] 总时间: 1.985442s | 显存: 4.12 GB

[0-9秒 PDE求解详细性能]

[19秒 PDE求解]
  t=19s - 时间: 1.964581s | 显存: 0.00 B

[PDE求解部分] 总时间: 1.964581s | 显存: 0.00 B

[本步骤总计] 时间: 3.950022s | 显存: 4.12 GB
surrogate_loss (vs forward.true_19):  tensor(3395.2793, device='cuda:0', grad_fn=<MseLossBackward0>)
[Step 34] Backward Propagation - Time: 4.2103s, Mem: -4411146240.00 B
[Step 34] PGD Update - Time: 0.0031s, Mem: -3588096.00 B

[Step 34] 完整步骤总时间: 6.201027s | 总显存: -180224.00 B
[Step 34] 峰值显存: 16.96 GB

[Step 35] ============ 详细性能分析 ============
[模型部分] 总时间: 1.969930s | 显存: 4.12 GB

[0-9秒 PDE求解详细性能]

[19秒 PDE求解]
  t=19s - 时间: 1.948945s | 显存: 0.00 B

[PDE求解部分] 总时间: 1.948945s | 显存: 0.00 B

[本步骤总计] 时间: 3.918875s | 显存: 4.12 GB
surrogate_loss (vs forward.true_19):  tensor(4476.6436, device='cuda:0', grad_fn=<MseLossBackward0>)
[Step 35] Backward Propagation - Time: 4.2271s, Mem: -4410531840.00 B
[Step 35] PGD Update - Time: 0.0033s, Mem: -3407872.00 B

[Step 35] 完整步骤总时间: 6.202671s | 总显存: 176.00 KB
[Step 35] 峰值显存: 16.96 GB

[Step 36] ============ 详细性能分析 ============
[模型部分] 总时间: 1.955898s | 显存: 4.12 GB

[0-9秒 PDE求解详细性能]

[19秒 PDE求解]
  t=19s - 时间: 1.934753s | 显存: 0.00 B

[PDE求解部分] 总时间: 1.934753s | 显存: 0.00 B

[本步骤总计] 时间: 3.890651s | 显存: 4.12 GB
surrogate_loss (vs forward.true_19):  tensor(6278.2139, device='cuda:0', grad_fn=<MseLossBackward0>)
[Step 36] Backward Propagation - Time: 4.1811s, Mem: -4411146240.00 B
[Step 36] PGD Update - Time: 0.0031s, Mem: -3588096.00 B

[Step 36] 完整步骤总时间: 6.142312s | 总显存: -180224.00 B
[Step 36] 峰值显存: 16.96 GB

[Step 37] ============ 详细性能分析 ============
[模型部分] 总时间: 1.936450s | 显存: 4.12 GB

[0-9秒 PDE求解详细性能]

[19秒 PDE求解]
  t=19s - 时间: 1.915248s | 显存: 0.00 B

[PDE求解部分] 总时间: 1.915248s | 显存: 0.00 B

[本步骤总计] 时间: 3.851698s | 显存: 4.12 GB
surrogate_loss (vs forward.true_19):  tensor(10633.8281, device='cuda:0', grad_fn=<MseLossBackward0>)
[Step 37] Backward Propagation - Time: 4.1506s, Mem: -4410531840.00 B
[Step 37] PGD Update - Time: 0.0032s, Mem: -3407872.00 B

[Step 37] 完整步骤总时间: 6.092537s | 总显存: 176.00 KB
[Step 37] 峰值显存: 16.96 GB

[Step 38] ============ 详细性能分析 ============
[模型部分] 总时间: 1.946355s | 显存: 4.12 GB

[0-9秒 PDE求解详细性能]

[19秒 PDE求解]
  t=19s - 时间: 1.925511s | 显存: 0.00 B

[PDE求解部分] 总时间: 1.925511s | 显存: 0.00 B

[本步骤总计] 时间: 3.871865s | 显存: 4.12 GB
surrogate_loss (vs forward.true_19):  tensor(15763.0332, device='cuda:0', grad_fn=<MseLossBackward0>)
[Step 38] Backward Propagation - Time: 4.2156s, Mem: -4411146240.00 B
[Step 38] PGD Update - Time: 0.0034s, Mem: -3588096.00 B

[Step 38] 完整步骤总时间: 6.167492s | 总显存: -180224.00 B
[Step 38] 峰值显存: 16.96 GB

[Step 39] ============ 详细性能分析 ============
[模型部分] 总时间: 1.975002s | 显存: 4.12 GB

[0-9秒 PDE求解详细性能]

[19秒 PDE求解]
  t=19s - 时间: 1.953564s | 显存: 0.00 B

[PDE求解部分] 总时间: 1.953564s | 显存: 0.00 B

[本步骤总计] 时间: 3.928566s | 显存: 4.12 GB
surrogate_loss (vs forward.true_19):  tensor(18889.4570, device='cuda:0', grad_fn=<MseLossBackward0>)
[Step 39] Backward Propagation - Time: 4.2359s, Mem: -4410531840.00 B
[Step 39] PGD Update - Time: 0.0038s, Mem: -3407872.00 B

[Step 39] 完整步骤总时间: 6.216871s | 总显存: 176.00 KB
[Step 39] 峰值显存: 16.96 GB

[Step 40] ============ 详细性能分析 ============
[模型部分] 总时间: 1.938441s | 显存: 4.12 GB

[0-9秒 PDE求解详细性能]

[19秒 PDE求解]
  t=19s - 时间: 1.917606s | 显存: 0.00 B

[PDE求解部分] 总时间: 1.917606s | 显存: 0.00 B

[本步骤总计] 时间: 3.856047s | 显存: 4.12 GB
surrogate_loss (vs forward.true_19):  tensor(13453.6055, device='cuda:0', grad_fn=<MseLossBackward0>)
[Step 40] Backward Propagation - Time: 4.2392s, Mem: -4411146240.00 B
[Step 40] PGD Update - Time: 0.0032s, Mem: -3588096.00 B

[Step 40] 完整步骤总时间: 6.182982s | 总显存: -180224.00 B
[Step 40] 峰值显存: 16.96 GB

[Step 41] ============ 详细性能分析 ============
[模型部分] 总时间: 1.952588s | 显存: 4.12 GB

[0-9秒 PDE求解详细性能]

[19秒 PDE求解]
  t=19s - 时间: 1.931770s | 显存: 0.00 B

[PDE求解部分] 总时间: 1.931770s | 显存: 0.00 B

[本步骤总计] 时间: 3.884358s | 显存: 4.12 GB
surrogate_loss (vs forward.true_19):  tensor(9969.5938, device='cuda:0', grad_fn=<MseLossBackward0>)
[Step 41] Backward Propagation - Time: 4.2360s, Mem: -4410531840.00 B
[Step 41] PGD Update - Time: 0.0036s, Mem: -3407872.00 B

[Step 41] 完整步骤总时间: 6.194489s | 总显存: 176.00 KB
[Step 41] 峰值显存: 16.96 GB

[Step 42] ============ 详细性能分析 ============
[模型部分] 总时间: 1.951179s | 显存: 4.12 GB

[0-9秒 PDE求解详细性能]

[19秒 PDE求解]
  t=19s - 时间: 1.930264s | 显存: 0.00 B

[PDE求解部分] 总时间: 1.930264s | 显存: 0.00 B

[本步骤总计] 时间: 3.881442s | 显存: 4.12 GB
surrogate_loss (vs forward.true_19):  tensor(6195.1279, device='cuda:0', grad_fn=<MseLossBackward0>)
[Step 42] Backward Propagation - Time: 4.2360s, Mem: -4411146240.00 B
[Step 42] PGD Update - Time: 0.0030s, Mem: -3588096.00 B

[Step 42] 完整步骤总时间: 6.192089s | 总显存: -180224.00 B
[Step 42] 峰值显存: 16.96 GB

[Step 43] ============ 详细性能分析 ============
[模型部分] 总时间: 1.940871s | 显存: 4.12 GB

[0-9秒 PDE求解详细性能]

[19秒 PDE求解]
  t=19s - 时间: 1.919849s | 显存: 0.00 B

[PDE求解部分] 总时间: 1.919849s | 显存: 0.00 B

[本步骤总计] 时间: 3.860720s | 显存: 4.12 GB
surrogate_loss (vs forward.true_19):  tensor(5401.1143, device='cuda:0', grad_fn=<MseLossBackward0>)
[Step 43] Backward Propagation - Time: 4.1793s, Mem: -4410531840.00 B
[Step 43] PGD Update - Time: 0.0033s, Mem: -3407872.00 B

[Step 43] 完整步骤总时间: 6.125598s | 总显存: 176.00 KB
[Step 43] 峰值显存: 16.96 GB

[Step 44] ============ 详细性能分析 ============
[模型部分] 总时间: 1.973502s | 显存: 4.12 GB

[0-9秒 PDE求解详细性能]

[19秒 PDE求解]
  t=19s - 时间: 1.952369s | 显存: 0.00 B

[PDE求解部分] 总时间: 1.952369s | 显存: 0.00 B

[本步骤总计] 时间: 3.925871s | 显存: 4.12 GB
surrogate_loss (vs forward.true_19):  tensor(6997.9004, device='cuda:0', grad_fn=<MseLossBackward0>)
[Step 44] Backward Propagation - Time: 4.2155s, Mem: -4411146240.00 B
[Step 44] PGD Update - Time: 0.0031s, Mem: -3588096.00 B

[Step 44] 完整步骤总时间: 6.194232s | 总显存: -180224.00 B
[Step 44] 峰值显存: 16.96 GB

[Step 45] ============ 详细性能分析 ============
[模型部分] 总时间: 1.946858s | 显存: 4.12 GB

[0-9秒 PDE求解详细性能]

[19秒 PDE求解]
  t=19s - 时间: 1.925760s | 显存: 0.00 B

[PDE求解部分] 总时间: 1.925760s | 显存: 0.00 B

[本步骤总计] 时间: 3.872618s | 显存: 4.12 GB
surrogate_loss (vs forward.true_19):  tensor(8442.4658, device='cuda:0', grad_fn=<MseLossBackward0>)
[Step 45] Backward Propagation - Time: 4.2440s, Mem: -4410531840.00 B
[Step 45] PGD Update - Time: 0.0034s, Mem: -3407872.00 B

[Step 45] 完整步骤总时间: 6.196466s | 总显存: 176.00 KB
[Step 45] 峰值显存: 16.96 GB

[Step 46] ============ 详细性能分析 ============
[模型部分] 总时间: 1.965014s | 显存: 4.12 GB

[0-9秒 PDE求解详细性能]

[19秒 PDE求解]
  t=19s - 时间: 1.943706s | 显存: 0.00 B

[PDE求解部分] 总时间: 1.943706s | 显存: 0.00 B

[本步骤总计] 时间: 3.908720s | 显存: 4.12 GB
surrogate_loss (vs forward.true_19):  tensor(9003.4658, device='cuda:0', grad_fn=<MseLossBackward0>)
[Step 46] Backward Propagation - Time: 4.2973s, Mem: -4411146240.00 B
[Step 46] PGD Update - Time: 0.0032s, Mem: -3588096.00 B

[Step 46] 完整步骤总时间: 6.267720s | 总显存: -180224.00 B
[Step 46] 峰值显存: 16.96 GB

[Step 47] ============ 详细性能分析 ============
[模型部分] 总时间: 1.968236s | 显存: 4.12 GB

[0-9秒 PDE求解详细性能]

[19秒 PDE求解]
  t=19s - 时间: 1.947321s | 显存: 0.00 B

[PDE求解部分] 总时间: 1.947321s | 显存: 0.00 B

[本步骤总计] 时间: 3.915557s | 显存: 4.12 GB
surrogate_loss (vs forward.true_19):  tensor(8298.6309, device='cuda:0', grad_fn=<MseLossBackward0>)
[Step 47] Backward Propagation - Time: 4.2467s, Mem: -4410531840.00 B
[Step 47] PGD Update - Time: 0.0030s, Mem: -3407872.00 B

[Step 47] 完整步骤总时间: 6.220140s | 总显存: 176.00 KB
[Step 47] 峰值显存: 16.96 GB

[Step 48] ============ 详细性能分析 ============
[模型部分] 总时间: 1.988668s | 显存: 4.12 GB

[0-9秒 PDE求解详细性能]

[19秒 PDE求解]
  t=19s - 时间: 1.967860s | 显存: 0.00 B

[PDE求解部分] 总时间: 1.967860s | 显存: 0.00 B

[本步骤总计] 时间: 3.956528s | 显存: 4.12 GB
surrogate_loss (vs forward.true_19):  tensor(6477.9810, device='cuda:0', grad_fn=<MseLossBackward0>)
[Step 48] Backward Propagation - Time: 4.2211s, Mem: -4411146240.00 B
[Step 48] PGD Update - Time: 0.0043s, Mem: -3588096.00 B

[Step 48] 完整步骤总时间: 6.216940s | 总显存: -180224.00 B
[Step 48] 峰值显存: 16.96 GB

[Step 49] ============ 详细性能分析 ============
[模型部分] 总时间: 1.954630s | 显存: 4.12 GB

[0-9秒 PDE求解详细性能]

[19秒 PDE求解]
  t=19s - 时间: 1.933409s | 显存: 0.00 B

[PDE求解部分] 总时间: 1.933409s | 显存: 0.00 B

[本步骤总计] 时间: 3.888039s | 显存: 4.12 GB
surrogate_loss (vs forward.true_19):  tensor(4724.2041, device='cuda:0', grad_fn=<MseLossBackward0>)
[Step 49] Backward Propagation - Time: 4.1920s, Mem: -4410531840.00 B
[Step 49] PGD Update - Time: 0.0036s, Mem: -3407872.00 B

[Step 49] 完整步骤总时间: 6.152499s | 总显存: 176.00 KB
[Step 49] 峰值显存: 16.96 GB

[Step 50] ============ 详细性能分析 ============
[模型部分] 总时间: 1.950780s | 显存: 4.12 GB

[0-9秒 PDE求解详细性能]

[19秒 PDE求解]
  t=19s - 时间: 1.929975s | 显存: 0.00 B

[PDE求解部分] 总时间: 1.929975s | 显存: 0.00 B

[本步骤总计] 时间: 3.880755s | 显存: 4.12 GB
surrogate_loss (vs forward.true_19):  tensor(5538.5742, device='cuda:0', grad_fn=<MseLossBackward0>)
[Step 50] Backward Propagation - Time: 4.2482s, Mem: -4411146240.00 B
[Step 50] PGD Update - Time: 0.0030s, Mem: -3588096.00 B

[Step 50] 完整步骤总时间: 6.204005s | 总显存: -180224.00 B
[Step 50] 峰值显存: 16.96 GB

[Step 51] ============ 详细性能分析 ============
[模型部分] 总时间: 1.947210s | 显存: 4.12 GB

[0-9秒 PDE求解详细性能]

[19秒 PDE求解]
  t=19s - 时间: 1.926438s | 显存: 0.00 B

[PDE求解部分] 总时间: 1.926438s | 显存: 0.00 B

[本步骤总计] 时间: 3.873648s | 显存: 4.12 GB
surrogate_loss (vs forward.true_19):  tensor(8863.6016, device='cuda:0', grad_fn=<MseLossBackward0>)
[Step 51] Backward Propagation - Time: 4.2344s, Mem: -4410531840.00 B
[Step 51] PGD Update - Time: 0.0031s, Mem: -3407872.00 B

[Step 51] 完整步骤总时间: 6.186783s | 总显存: 176.00 KB
[Step 51] 峰值显存: 16.96 GB

[Step 52] ============ 详细性能分析 ============
[模型部分] 总时间: 1.926408s | 显存: 4.12 GB

[0-9秒 PDE求解详细性能]

[19秒 PDE求解]
  t=19s - 时间: 1.905590s | 显存: 0.00 B

[PDE求解部分] 总时间: 1.905590s | 显存: 0.00 B

[本步骤总计] 时间: 3.831998s | 显存: 4.12 GB
surrogate_loss (vs forward.true_19):  tensor(8674.8203, device='cuda:0', grad_fn=<MseLossBackward0>)
[Step 52] Backward Propagation - Time: 4.2074s, Mem: -4411146240.00 B
[Step 52] PGD Update - Time: 0.0031s, Mem: -3588096.00 B

[Step 52] 完整步骤总时间: 6.138931s | 总显存: -180224.00 B
[Step 52] 峰值显存: 16.96 GB

[Step 53] ============ 详细性能分析 ============
[模型部分] 总时间: 1.936403s | 显存: 4.12 GB

[0-9秒 PDE求解详细性能]

[19秒 PDE求解]
  t=19s - 时间: 1.915544s | 显存: 0.00 B

[PDE求解部分] 总时间: 1.915544s | 显存: 0.00 B

[本步骤总计] 时间: 3.851948s | 显存: 4.12 GB
surrogate_loss (vs forward.true_19):  tensor(7317.8848, device='cuda:0', grad_fn=<MseLossBackward0>)
[Step 53] Backward Propagation - Time: 4.1799s, Mem: -4410531840.00 B
[Step 53] PGD Update - Time: 0.0033s, Mem: -3407872.00 B

[Step 53] 完整步骤总时间: 6.121828s | 总显存: 176.00 KB
[Step 53] 峰值显存: 16.96 GB

[Step 54] ============ 详细性能分析 ============
[模型部分] 总时间: 1.948953s | 显存: 4.12 GB

[0-9秒 PDE求解详细性能]

[19秒 PDE求解]
  t=19s - 时间: 1.928008s | 显存: 0.00 B

[PDE求解部分] 总时间: 1.928008s | 显存: 0.00 B

[本步骤总计] 时间: 3.876961s | 显存: 4.12 GB
surrogate_loss (vs forward.true_19):  tensor(8568.1035, device='cuda:0', grad_fn=<MseLossBackward0>)
[Step 54] Backward Propagation - Time: 4.1957s, Mem: -4411146240.00 B
[Step 54] PGD Update - Time: 0.0032s, Mem: -3588096.00 B

[Step 54] 完整步骤总时间: 6.150078s | 总显存: -180224.00 B
[Step 54] 峰值显存: 16.96 GB

[Step 55] ============ 详细性能分析 ============
[模型部分] 总时间: 1.933987s | 显存: 4.12 GB

[0-9秒 PDE求解详细性能]

[19秒 PDE求解]
  t=19s - 时间: 1.912908s | 显存: 0.00 B

[PDE求解部分] 总时间: 1.912908s | 显存: 0.00 B

[本步骤总计] 时间: 3.846895s | 显存: 4.12 GB
surrogate_loss (vs forward.true_19):  tensor(9680.8789, device='cuda:0', grad_fn=<MseLossBackward0>)
[Step 55] Backward Propagation - Time: 4.2479s, Mem: -4410531840.00 B
[Step 55] PGD Update - Time: 0.0033s, Mem: -3407872.00 B

[Step 55] 完整步骤总时间: 6.187420s | 总显存: 176.00 KB
[Step 55] 峰值显存: 16.96 GB

[Step 56] ============ 详细性能分析 ============
[模型部分] 总时间: 1.970772s | 显存: 4.12 GB

[0-9秒 PDE求解详细性能]

[19秒 PDE求解]
  t=19s - 时间: 1.949425s | 显存: 0.00 B

[PDE求解部分] 总时间: 1.949425s | 显存: 0.00 B

[本步骤总计] 时间: 3.920196s | 显存: 4.12 GB
surrogate_loss (vs forward.true_19):  tensor(6421.7412, device='cuda:0', grad_fn=<MseLossBackward0>)
[Step 56] Backward Propagation - Time: 4.1895s, Mem: -4411146240.00 B
[Step 56] PGD Update - Time: 0.0032s, Mem: -3588096.00 B

[Step 56] 完整步骤总时间: 6.165807s | 总显存: -180224.00 B
[Step 56] 峰值显存: 16.96 GB

[Step 57] ============ 详细性能分析 ============
[模型部分] 总时间: 1.944374s | 显存: 4.12 GB

[0-9秒 PDE求解详细性能]

[19秒 PDE求解]
  t=19s - 时间: 1.923337s | 显存: 0.00 B

[PDE求解部分] 总时间: 1.923337s | 显存: 0.00 B

[本步骤总计] 时间: 3.867710s | 显存: 4.12 GB
surrogate_loss (vs forward.true_19):  tensor(3858.1335, device='cuda:0', grad_fn=<MseLossBackward0>)
[Step 57] Backward Propagation - Time: 4.2265s, Mem: -4410531840.00 B
[Step 57] PGD Update - Time: 0.0031s, Mem: -3407872.00 B

[Step 57] 完整步骤总时间: 6.176180s | 总显存: 176.00 KB
[Step 57] 峰值显存: 16.96 GB

[Step 58] ============ 详细性能分析 ============
[模型部分] 总时间: 1.935677s | 显存: 4.12 GB

[0-9秒 PDE求解详细性能]

[19秒 PDE求解]
  t=19s - 时间: 1.914741s | 显存: 0.00 B

[PDE求解部分] 总时间: 1.914741s | 显存: 0.00 B

[本步骤总计] 时间: 3.850419s | 显存: 4.12 GB
surrogate_loss (vs forward.true_19):  tensor(3072.2183, device='cuda:0', grad_fn=<MseLossBackward0>)
[Step 58] Backward Propagation - Time: 4.2288s, Mem: -4411146240.00 B
[Step 58] PGD Update - Time: 0.0043s, Mem: -3588096.00 B

[Step 58] 完整步骤总时间: 6.171580s | 总显存: -180224.00 B
[Step 58] 峰值显存: 16.96 GB

[Step 59] ============ 详细性能分析 ============
[模型部分] 总时间: 1.977512s | 显存: 4.12 GB

[0-9秒 PDE求解详细性能]

[19秒 PDE求解]
  t=19s - 时间: 1.956586s | 显存: 0.00 B

[PDE求解部分] 总时间: 1.956586s | 显存: 0.00 B

[本步骤总计] 时间: 3.934097s | 显存: 4.12 GB
surrogate_loss (vs forward.true_19):  tensor(4052.7854, device='cuda:0', grad_fn=<MseLossBackward0>)
[Step 59] Backward Propagation - Time: 4.2433s, Mem: -4410531840.00 B
[Step 59] PGD Update - Time: 0.0036s, Mem: -3407872.00 B

[Step 59] 完整步骤总时间: 6.226453s | 总显存: 176.00 KB
[Step 59] 峰值显存: 16.96 GB

[Step 60] ============ 详细性能分析 ============
[模型部分] 总时间: 1.962884s | 显存: 4.12 GB

[0-9秒 PDE求解详细性能]

[19秒 PDE求解]
  t=19s - 时间: 1.941824s | 显存: 0.00 B

[PDE求解部分] 总时间: 1.941824s | 显存: 0.00 B

[本步骤总计] 时间: 3.904708s | 显存: 4.12 GB
surrogate_loss (vs forward.true_19):  tensor(4612.1113, device='cuda:0', grad_fn=<MseLossBackward0>)
[Step 60] Backward Propagation - Time: 4.1824s, Mem: -4411146240.00 B
[Step 60] PGD Update - Time: 0.0030s, Mem: -3588096.00 B

[Step 60] 完整步骤总时间: 6.150346s | 总显存: -180224.00 B
[Step 60] 峰值显存: 16.96 GB

[Step 61] ============ 详细性能分析 ============
[模型部分] 总时间: 1.939613s | 显存: 4.12 GB

[0-9秒 PDE求解详细性能]

[19秒 PDE求解]
  t=19s - 时间: 1.918886s | 显存: 0.00 B

[PDE求解部分] 总时间: 1.918886s | 显存: 0.00 B

[本步骤总计] 时间: 3.858499s | 显存: 4.12 GB
surrogate_loss (vs forward.true_19):  tensor(5323.4023, device='cuda:0', grad_fn=<MseLossBackward0>)
[Step 61] Backward Propagation - Time: 4.3103s, Mem: -4410531840.00 B
[Step 61] PGD Update - Time: 0.0034s, Mem: -3407872.00 B

[Step 61] 完整步骤总时间: 6.255383s | 总显存: 176.00 KB
[Step 61] 峰值显存: 16.96 GB

[Step 62] ============ 详细性能分析 ============
[模型部分] 总时间: 1.965368s | 显存: 4.12 GB

[0-9秒 PDE求解详细性能]

[19秒 PDE求解]
  t=19s - 时间: 1.944558s | 显存: 0.00 B

[PDE求解部分] 总时间: 1.944558s | 显存: 0.00 B

[本步骤总计] 时间: 3.909926s | 显存: 4.12 GB
surrogate_loss (vs forward.true_19):  tensor(5452.9229, device='cuda:0', grad_fn=<MseLossBackward0>)
[Step 62] Backward Propagation - Time: 4.2503s, Mem: -4411146240.00 B
[Step 62] PGD Update - Time: 0.0030s, Mem: -3588096.00 B

[Step 62] 完整步骤总时间: 6.220846s | 总显存: -180224.00 B
[Step 62] 峰值显存: 16.96 GB

[Step 63] ============ 详细性能分析 ============
[模型部分] 总时间: 1.962335s | 显存: 4.12 GB

[0-9秒 PDE求解详细性能]

[19秒 PDE求解]
  t=19s - 时间: 1.941561s | 显存: 0.00 B

[PDE求解部分] 总时间: 1.941561s | 显存: 0.00 B

[本步骤总计] 时间: 3.903896s | 显存: 4.12 GB
surrogate_loss (vs forward.true_19):  tensor(5924.1406, device='cuda:0', grad_fn=<MseLossBackward0>)
[Step 63] Backward Propagation - Time: 4.2365s, Mem: -4410531840.00 B
[Step 63] PGD Update - Time: 0.0031s, Mem: -3407872.00 B

[Step 63] 完整步骤总时间: 6.204022s | 总显存: 176.00 KB
[Step 63] 峰值显存: 16.96 GB

[Step 64] ============ 详细性能分析 ============
[模型部分] 总时间: 1.949051s | 显存: 4.12 GB

[0-9秒 PDE求解详细性能]

[19秒 PDE求解]
  t=19s - 时间: 1.928220s | 显存: 0.00 B

[PDE求解部分] 总时间: 1.928220s | 显存: 0.00 B

[本步骤总计] 时间: 3.877271s | 显存: 4.12 GB
surrogate_loss (vs forward.true_19):  tensor(6106.9160, device='cuda:0', grad_fn=<MseLossBackward0>)
[Step 64] Backward Propagation - Time: 4.1952s, Mem: -4411146240.00 B
[Step 64] PGD Update - Time: 0.0031s, Mem: -3588096.00 B

[Step 64] 完整步骤总时间: 6.149379s | 总显存: -180224.00 B
[Step 64] 峰值显存: 16.96 GB

[Step 65] ============ 详细性能分析 ============
[模型部分] 总时间: 1.952197s | 显存: 4.12 GB

[0-9秒 PDE求解详细性能]

[19秒 PDE求解]
  t=19s - 时间: 1.931280s | 显存: 0.00 B

[PDE求解部分] 总时间: 1.931280s | 显存: 0.00 B

[本步骤总计] 时间: 3.883478s | 显存: 4.12 GB
surrogate_loss (vs forward.true_19):  tensor(8023.4395, device='cuda:0', grad_fn=<MseLossBackward0>)
[Step 65] Backward Propagation - Time: 4.2123s, Mem: -4410531840.00 B
[Step 65] PGD Update - Time: 0.0034s, Mem: -3407872.00 B

[Step 65] 完整步骤总时间: 6.170218s | 总显存: 176.00 KB
[Step 65] 峰值显存: 16.96 GB

[Step 66] ============ 详细性能分析 ============
[模型部分] 总时间: 1.982617s | 显存: 4.12 GB

[0-9秒 PDE求解详细性能]

[19秒 PDE求解]
  t=19s - 时间: 1.961316s | 显存: 0.00 B

[PDE求解部分] 总时间: 1.961316s | 显存: 0.00 B

[本步骤总计] 时间: 3.943933s | 显存: 4.12 GB
surrogate_loss (vs forward.true_19):  tensor(10751.9531, device='cuda:0', grad_fn=<MseLossBackward0>)
[Step 66] Backward Propagation - Time: 4.2553s, Mem: -4411146240.00 B
[Step 66] PGD Update - Time: 0.0031s, Mem: -3588096.00 B

[Step 66] 完整步骤总时间: 6.243285s | 总显存: -180224.00 B
[Step 66] 峰值显存: 16.96 GB

[Step 67] ============ 详细性能分析 ============
[模型部分] 总时间: 1.937577s | 显存: 4.12 GB

[0-9秒 PDE求解详细性能]

[19秒 PDE求解]
  t=19s - 时间: 1.916660s | 显存: 0.00 B

[PDE求解部分] 总时间: 1.916660s | 显存: 0.00 B

[本步骤总计] 时间: 3.854237s | 显存: 4.12 GB
surrogate_loss (vs forward.true_19):  tensor(10071.3848, device='cuda:0', grad_fn=<MseLossBackward0>)
[Step 67] Backward Propagation - Time: 4.2134s, Mem: -4410531840.00 B
[Step 67] PGD Update - Time: 0.0031s, Mem: -3407872.00 B

[Step 67] 完整步骤总时间: 6.156226s | 总显存: 176.00 KB
[Step 67] 峰值显存: 16.96 GB

[Step 68] ============ 详细性能分析 ============
[模型部分] 总时间: 1.935142s | 显存: 4.12 GB

[0-9秒 PDE求解详细性能]

[19秒 PDE求解]
  t=19s - 时间: 1.914316s | 显存: 0.00 B

[PDE求解部分] 总时间: 1.914316s | 显存: 0.00 B

[本步骤总计] 时间: 3.849458s | 显存: 4.12 GB
surrogate_loss (vs forward.true_19):  tensor(8703.8320, device='cuda:0', grad_fn=<MseLossBackward0>)
[Step 68] Backward Propagation - Time: 4.1598s, Mem: -4411146240.00 B
[Step 68] PGD Update - Time: 0.0042s, Mem: -3588096.00 B

[Step 68] 完整步骤总时间: 6.102015s | 总显存: -180224.00 B
[Step 68] 峰值显存: 16.96 GB

[Step 69] ============ 详细性能分析 ============
[模型部分] 总时间: 1.953386s | 显存: 4.12 GB

[0-9秒 PDE求解详细性能]

[19秒 PDE求解]
  t=19s - 时间: 1.932415s | 显存: 0.00 B

[PDE求解部分] 总时间: 1.932415s | 显存: 0.00 B

[本步骤总计] 时间: 3.885801s | 显存: 4.12 GB
surrogate_loss (vs forward.true_19):  tensor(7112.8579, device='cuda:0', grad_fn=<MseLossBackward0>)
[Step 69] Backward Propagation - Time: 4.2180s, Mem: -4410531840.00 B
[Step 69] PGD Update - Time: 0.0036s, Mem: -3407872.00 B

[Step 69] 完整步骤总时间: 6.177124s | 总显存: 176.00 KB
[Step 69] 峰值显存: 16.96 GB

[Step 70] ============ 详细性能分析 ============
[模型部分] 总时间: 1.950315s | 显存: 4.12 GB

[0-9秒 PDE求解详细性能]

[19秒 PDE求解]
  t=19s - 时间: 1.929390s | 显存: 0.00 B

[PDE求解部分] 总时间: 1.929390s | 显存: 0.00 B

[本步骤总计] 时间: 3.879704s | 显存: 4.12 GB
surrogate_loss (vs forward.true_19):  tensor(8392.3047, device='cuda:0', grad_fn=<MseLossBackward0>)
[Step 70] Backward Propagation - Time: 4.2624s, Mem: -4411146240.00 B
[Step 70] PGD Update - Time: 0.0035s, Mem: -3588096.00 B

[Step 70] 完整步骤总时间: 6.218416s | 总显存: -180224.00 B
[Step 70] 峰值显存: 16.96 GB

[Step 71] ============ 详细性能分析 ============
[模型部分] 总时间: 1.945359s | 显存: 4.12 GB

[0-9秒 PDE求解详细性能]

[19秒 PDE求解]
  t=19s - 时间: 1.924570s | 显存: 0.00 B

[PDE求解部分] 总时间: 1.924570s | 显存: 0.00 B

[本步骤总计] 时间: 3.869929s | 显存: 4.12 GB
surrogate_loss (vs forward.true_19):  tensor(8186.9678, device='cuda:0', grad_fn=<MseLossBackward0>)
[Step 71] Backward Propagation - Time: 4.2453s, Mem: -4410531840.00 B
[Step 71] PGD Update - Time: 0.0031s, Mem: -3407872.00 B

[Step 71] 完整步骤总时间: 6.195835s | 总显存: 176.00 KB
[Step 71] 峰值显存: 16.96 GB

[Step 72] ============ 详细性能分析 ============
[模型部分] 总时间: 1.953532s | 显存: 4.12 GB

[0-9秒 PDE求解详细性能]

[19秒 PDE求解]
  t=19s - 时间: 1.932684s | 显存: 0.00 B

[PDE求解部分] 总时间: 1.932684s | 显存: 0.00 B

[本步骤总计] 时间: 3.886217s | 显存: 4.12 GB
surrogate_loss (vs forward.true_19):  tensor(7132.6865, device='cuda:0', grad_fn=<MseLossBackward0>)
[Step 72] Backward Propagation - Time: 4.2659s, Mem: -4411146240.00 B
[Step 72] PGD Update - Time: 0.0031s, Mem: -3588096.00 B

[Step 72] 完整步骤总时间: 6.224751s | 总显存: -180224.00 B
[Step 72] 峰值显存: 16.96 GB

[Step 73] ============ 详细性能分析 ============
[模型部分] 总时间: 1.980227s | 显存: 4.12 GB

[0-9秒 PDE求解详细性能]

[19秒 PDE求解]
  t=19s - 时间: 1.959370s | 显存: 0.00 B

[PDE求解部分] 总时间: 1.959370s | 显存: 0.00 B

[本步骤总计] 时间: 3.939598s | 显存: 4.12 GB
surrogate_loss (vs forward.true_19):  tensor(5064.9209, device='cuda:0', grad_fn=<MseLossBackward0>)
[Step 73] Backward Propagation - Time: 4.2406s, Mem: -4410531840.00 B
[Step 73] PGD Update - Time: 0.0033s, Mem: -3407872.00 B

[Step 73] 完整步骤总时间: 6.226149s | 总显存: 176.00 KB
[Step 73] 峰值显存: 16.96 GB

[Step 74] ============ 详细性能分析 ============
[模型部分] 总时间: 1.976620s | 显存: 4.12 GB

[0-9秒 PDE求解详细性能]

[19秒 PDE求解]
  t=19s - 时间: 1.955690s | 显存: 0.00 B

[PDE求解部分] 总时间: 1.955690s | 显存: 0.00 B

[本步骤总计] 时间: 3.932310s | 显存: 4.12 GB
surrogate_loss (vs forward.true_19):  tensor(4824.8701, device='cuda:0', grad_fn=<MseLossBackward0>)
[Step 74] Backward Propagation - Time: 4.2183s, Mem: -4411146240.00 B
[Step 74] PGD Update - Time: 0.0030s, Mem: -3588096.00 B

[Step 74] 完整步骤总时间: 6.200089s | 总显存: -180224.00 B
[Step 74] 峰值显存: 16.96 GB

[Step 75] ============ 详细性能分析 ============
[模型部分] 总时间: 1.984074s | 显存: 4.12 GB

[0-9秒 PDE求解详细性能]

[19秒 PDE求解]
  t=19s - 时间: 1.963007s | 显存: 0.00 B

[PDE求解部分] 总时间: 1.963007s | 显存: 0.00 B

[本步骤总计] 时间: 3.947081s | 显存: 4.12 GB
surrogate_loss (vs forward.true_19):  tensor(6643.7236, device='cuda:0', grad_fn=<MseLossBackward0>)
[Step 75] Backward Propagation - Time: 4.2679s, Mem: -4410531840.00 B
[Step 75] PGD Update - Time: 0.0031s, Mem: -3407872.00 B

[Step 75] 完整步骤总时间: 6.257338s | 总显存: 176.00 KB
[Step 75] 峰值显存: 16.96 GB

[Step 76] ============ 详细性能分析 ============
[模型部分] 总时间: 1.973118s | 显存: 4.12 GB

[0-9秒 PDE求解详细性能]

[19秒 PDE求解]
  t=19s - 时间: 1.951877s | 显存: 0.00 B

[PDE求解部分] 总时间: 1.951877s | 显存: 0.00 B

[本步骤总计] 时间: 3.924995s | 显存: 4.12 GB
surrogate_loss (vs forward.true_19):  tensor(6659.4585, device='cuda:0', grad_fn=<MseLossBackward0>)
[Step 76] Backward Propagation - Time: 4.2548s, Mem: -4411146240.00 B
[Step 76] PGD Update - Time: 0.0035s, Mem: -3588096.00 B

[Step 76] 完整步骤总时间: 6.233697s | 总显存: -180224.00 B
[Step 76] 峰值显存: 16.96 GB

[Step 77] ============ 详细性能分析 ============
[模型部分] 总时间: 1.945462s | 显存: 4.12 GB

[0-9秒 PDE求解详细性能]

[19秒 PDE求解]
  t=19s - 时间: 1.924466s | 显存: 0.00 B

[PDE求解部分] 总时间: 1.924466s | 显存: 0.00 B

[本步骤总计] 时间: 3.869928s | 显存: 4.12 GB
surrogate_loss (vs forward.true_19):  tensor(7953.7939, device='cuda:0', grad_fn=<MseLossBackward0>)
[Step 77] Backward Propagation - Time: 4.1898s, Mem: -4410531840.00 B
[Step 77] PGD Update - Time: 0.0029s, Mem: -3407872.00 B

[Step 77] 完整步骤总时间: 6.140300s | 总显存: 176.00 KB
[Step 77] 峰值显存: 16.96 GB

[Step 78] ============ 详细性能分析 ============
[模型部分] 总时间: 1.949696s | 显存: 4.12 GB

[0-9秒 PDE求解详细性能]

[19秒 PDE求解]
  t=19s - 时间: 1.928880s | 显存: 0.00 B

[PDE求解部分] 总时间: 1.928880s | 显存: 0.00 B

[本步骤总计] 时间: 3.878576s | 显存: 4.12 GB
surrogate_loss (vs forward.true_19):  tensor(11101.8408, device='cuda:0', grad_fn=<MseLossBackward0>)
[Step 78] Backward Propagation - Time: 4.2324s, Mem: -4411146240.00 B
[Step 78] PGD Update - Time: 0.0040s, Mem: -3588096.00 B

[Step 78] 完整步骤总时间: 6.188917s | 总显存: -180224.00 B
[Step 78] 峰值显存: 16.96 GB

[Step 79] ============ 详细性能分析 ============
[模型部分] 总时间: 1.950961s | 显存: 4.12 GB

[0-9秒 PDE求解详细性能]

[19秒 PDE求解]
  t=19s - 时间: 1.930115s | 显存: 0.00 B

[PDE求解部分] 总时间: 1.930115s | 显存: 0.00 B

[本步骤总计] 时间: 3.881076s | 显存: 4.12 GB
surrogate_loss (vs forward.true_19):  tensor(8963.2520, device='cuda:0', grad_fn=<MseLossBackward0>)
[Step 79] Backward Propagation - Time: 4.2495s, Mem: -4410531840.00 B
[Step 79] PGD Update - Time: 0.0033s, Mem: -3407872.00 B

[Step 79] 完整步骤总时间: 6.205784s | 总显存: 176.00 KB
[Step 79] 峰值显存: 16.96 GB

[Step 80] ============ 详细性能分析 ============
[模型部分] 总时间: 1.935117s | 显存: 4.12 GB

[0-9秒 PDE求解详细性能]

[19秒 PDE求解]
  t=19s - 时间: 1.914237s | 显存: 0.00 B

[PDE求解部分] 总时间: 1.914237s | 显存: 0.00 B

[本步骤总计] 时间: 3.849354s | 显存: 4.12 GB
surrogate_loss (vs forward.true_19):  tensor(13047.9902, device='cuda:0', grad_fn=<MseLossBackward0>)
[Step 80] Backward Propagation - Time: 4.2241s, Mem: -4411146240.00 B
[Step 80] PGD Update - Time: 0.0030s, Mem: -3588096.00 B

[Step 80] 完整步骤总时间: 6.164326s | 总显存: -180224.00 B
[Step 80] 峰值显存: 16.96 GB

[Step 81] ============ 详细性能分析 ============
[模型部分] 总时间: 1.933742s | 显存: 4.12 GB

[0-9秒 PDE求解详细性能]

[19秒 PDE求解]
  t=19s - 时间: 1.912908s | 显存: 0.00 B

[PDE求解部分] 总时间: 1.912908s | 显存: 0.00 B

[本步骤总计] 时间: 3.846650s | 显存: 4.12 GB
surrogate_loss (vs forward.true_19):  tensor(18823.1016, device='cuda:0', grad_fn=<MseLossBackward0>)
[Step 81] Backward Propagation - Time: 4.2616s, Mem: -4410531840.00 B
[Step 81] PGD Update - Time: 0.0030s, Mem: -3407872.00 B

[Step 81] 完整步骤总时间: 6.200472s | 总显存: 176.00 KB
[Step 81] 峰值显存: 16.96 GB

[Step 82] ============ 详细性能分析 ============
[模型部分] 总时间: 1.954776s | 显存: 4.12 GB

[0-9秒 PDE求解详细性能]

[19秒 PDE求解]
  t=19s - 时间: 1.933797s | 显存: 0.00 B

[PDE求解部分] 总时间: 1.933797s | 显存: 0.00 B

[本步骤总计] 时间: 3.888573s | 显存: 4.12 GB
surrogate_loss (vs forward.true_19):  tensor(18651.2227, device='cuda:0', grad_fn=<MseLossBackward0>)
[Step 82] Backward Propagation - Time: 9.0063s, Mem: -4411146240.00 B
[Step 82] PGD Update - Time: 0.0032s, Mem: -3588096.00 B

[Step 82] 完整步骤总时间: 10.966358s | 总显存: -180224.00 B
[Step 82] 峰值显存: 16.96 GB

[Step 83] ============ 详细性能分析 ============
[模型部分] 总时间: 1.949617s | 显存: 4.12 GB

[0-9秒 PDE求解详细性能]

[19秒 PDE求解]
  t=19s - 时间: 1.928424s | 显存: 0.00 B

[PDE求解部分] 总时间: 1.928424s | 显存: 0.00 B

[本步骤总计] 时间: 3.878041s | 显存: 4.12 GB
surrogate_loss (vs forward.true_19):  tensor(11889.5371, device='cuda:0', grad_fn=<MseLossBackward0>)
[Step 83] Backward Propagation - Time: 4.2411s, Mem: -4410531840.00 B
[Step 83] PGD Update - Time: 0.0034s, Mem: -3407872.00 B

[Step 83] 完整步骤总时间: 6.196334s | 总显存: 176.00 KB
[Step 83] 峰值显存: 16.96 GB

[Step 84] ============ 详细性能分析 ============
[模型部分] 总时间: 1.963034s | 显存: 4.12 GB

[0-9秒 PDE求解详细性能]

[19秒 PDE求解]
  t=19s - 时间: 1.942095s | 显存: 0.00 B

[PDE求解部分] 总时间: 1.942095s | 显存: 0.00 B

[本步骤总计] 时间: 3.905129s | 显存: 4.12 GB
surrogate_loss (vs forward.true_19):  tensor(18309.6016, device='cuda:0', grad_fn=<MseLossBackward0>)
[Step 84] Backward Propagation - Time: 4.2505s, Mem: -4411146240.00 B
[Step 84] PGD Update - Time: 0.0034s, Mem: -3588096.00 B

[Step 84] 完整步骤总时间: 6.219171s | 总显存: -180224.00 B
[Step 84] 峰值显存: 16.96 GB

[Step 85] ============ 详细性能分析 ============
[模型部分] 总时间: 1.943492s | 显存: 4.12 GB

[0-9秒 PDE求解详细性能]

[19秒 PDE求解]
  t=19s - 时间: 1.922209s | 显存: 0.00 B

[PDE求解部分] 总时间: 1.922209s | 显存: 0.00 B

[本步骤总计] 时间: 3.865701s | 显存: 4.12 GB
surrogate_loss (vs forward.true_19):  tensor(19505.0312, device='cuda:0', grad_fn=<MseLossBackward0>)
[Step 85] Backward Propagation - Time: 4.2372s, Mem: -4410531840.00 B
[Step 85] PGD Update - Time: 0.0032s, Mem: -3407872.00 B

[Step 85] 完整步骤总时间: 6.186187s | 总显存: 176.00 KB
[Step 85] 峰值显存: 16.96 GB

[Step 86] ============ 详细性能分析 ============
[模型部分] 总时间: 1.944426s | 显存: 4.12 GB

[0-9秒 PDE求解详细性能]

[19秒 PDE求解]
  t=19s - 时间: 1.923151s | 显存: 0.00 B

[PDE求解部分] 总时间: 1.923151s | 显存: 0.00 B

[本步骤总计] 时间: 3.867577s | 显存: 4.12 GB
surrogate_loss (vs forward.true_19):  tensor(14385.0479, device='cuda:0', grad_fn=<MseLossBackward0>)
[Step 86] Backward Propagation - Time: 4.2627s, Mem: -4411146240.00 B
[Step 86] PGD Update - Time: 0.0030s, Mem: -3588096.00 B

[Step 86] 完整步骤总时间: 6.212325s | 总显存: -180224.00 B
[Step 86] 峰值显存: 16.96 GB

[Step 87] ============ 详细性能分析 ============
[模型部分] 总时间: 1.972445s | 显存: 4.12 GB

[0-9秒 PDE求解详细性能]

[19秒 PDE求解]
  t=19s - 时间: 1.951561s | 显存: 0.00 B

[PDE求解部分] 总时间: 1.951561s | 显存: 0.00 B

[本步骤总计] 时间: 3.924006s | 显存: 4.12 GB
surrogate_loss (vs forward.true_19):  tensor(13075.6289, device='cuda:0', grad_fn=<MseLossBackward0>)
[Step 87] Backward Propagation - Time: 4.2257s, Mem: -4410531840.00 B
[Step 87] PGD Update - Time: 0.0032s, Mem: -3407872.00 B

[Step 87] 完整步骤总时间: 6.203376s | 总显存: 176.00 KB
[Step 87] 峰值显存: 16.96 GB

[Step 88] ============ 详细性能分析 ============
[模型部分] 总时间: 1.933500s | 显存: 4.12 GB

[0-9秒 PDE求解详细性能]

[19秒 PDE求解]
  t=19s - 时间: 1.912229s | 显存: 0.00 B

[PDE求解部分] 总时间: 1.912229s | 显存: 0.00 B

[本步骤总计] 时间: 3.845729s | 显存: 4.12 GB
surrogate_loss (vs forward.true_19):  tensor(11208.1699, device='cuda:0', grad_fn=<MseLossBackward0>)
[Step 88] Backward Propagation - Time: 4.2326s, Mem: -4411146240.00 B
[Step 88] PGD Update - Time: 0.0039s, Mem: -3588096.00 B

[Step 88] 完整步骤总时间: 6.172171s | 总显存: -180224.00 B
[Step 88] 峰值显存: 16.96 GB

[Step 89] ============ 详细性能分析 ============
[模型部分] 总时间: 1.968817s | 显存: 4.12 GB

[0-9秒 PDE求解详细性能]

[19秒 PDE求解]
  t=19s - 时间: 1.947874s | 显存: 0.00 B

[PDE求解部分] 总时间: 1.947874s | 显存: 0.00 B

[本步骤总计] 时间: 3.916691s | 显存: 4.12 GB
surrogate_loss (vs forward.true_19):  tensor(10695.5723, device='cuda:0', grad_fn=<MseLossBackward0>)
[Step 89] Backward Propagation - Time: 4.1954s, Mem: -4410531840.00 B
[Step 89] PGD Update - Time: 0.0031s, Mem: -3407872.00 B

[Step 89] 完整步骤总时间: 6.169446s | 总显存: 176.00 KB
[Step 89] 峰值显存: 16.96 GB

[Step 90] ============ 详细性能分析 ============
[模型部分] 总时间: 1.930800s | 显存: 4.12 GB

[0-9秒 PDE求解详细性能]

[19秒 PDE求解]
  t=19s - 时间: 1.910023s | 显存: 0.00 B

[PDE求解部分] 总时间: 1.910023s | 显存: 0.00 B

[本步骤总计] 时间: 3.840823s | 显存: 4.12 GB
surrogate_loss (vs forward.true_19):  tensor(9569.6924, device='cuda:0', grad_fn=<MseLossBackward0>)
[Step 90] Backward Propagation - Time: 4.2369s, Mem: -4411146240.00 B
[Step 90] PGD Update - Time: 0.0036s, Mem: -3588096.00 B

[Step 90] 完整步骤总时间: 6.173444s | 总显存: -180224.00 B
[Step 90] 峰值显存: 16.96 GB

[Step 91] ============ 详细性能分析 ============
[模型部分] 总时间: 1.936990s | 显存: 4.12 GB

[0-9秒 PDE求解详细性能]

[19秒 PDE求解]
  t=19s - 时间: 1.916084s | 显存: 0.00 B

[PDE求解部分] 总时间: 1.916084s | 显存: 0.00 B

[本步骤总计] 时间: 3.853074s | 显存: 4.12 GB
surrogate_loss (vs forward.true_19):  tensor(7715.5708, device='cuda:0', grad_fn=<MseLossBackward0>)
[Step 91] Backward Propagation - Time: 4.1686s, Mem: -4410531840.00 B
[Step 91] PGD Update - Time: 0.0032s, Mem: -3407872.00 B

[Step 91] 完整步骤总时间: 6.110973s | 总显存: 176.00 KB
[Step 91] 峰值显存: 16.96 GB

[Step 92] ============ 详细性能分析 ============
[模型部分] 总时间: 1.937815s | 显存: 4.12 GB

[0-9秒 PDE求解详细性能]

[19秒 PDE求解]
  t=19s - 时间: 1.916957s | 显存: 0.00 B

[PDE求解部分] 总时间: 1.916957s | 显存: 0.00 B

[本步骤总计] 时间: 3.854772s | 显存: 4.12 GB
surrogate_loss (vs forward.true_19):  tensor(5905.9922, device='cuda:0', grad_fn=<MseLossBackward0>)
[Step 92] Backward Propagation - Time: 4.1969s, Mem: -4411146240.00 B
[Step 92] PGD Update - Time: 0.0032s, Mem: -3588096.00 B

[Step 92] 完整步骤总时间: 6.140017s | 总显存: -180224.00 B
[Step 92] 峰值显存: 16.96 GB

[Step 93] ============ 详细性能分析 ============
[模型部分] 总时间: 1.967418s | 显存: 4.12 GB

[0-9秒 PDE求解详细性能]

[19秒 PDE求解]
  t=19s - 时间: 1.946574s | 显存: 0.00 B

[PDE求解部分] 总时间: 1.946574s | 显存: 0.00 B

[本步骤总计] 时间: 3.913992s | 显存: 4.12 GB
surrogate_loss (vs forward.true_19):  tensor(8041.2285, device='cuda:0', grad_fn=<MseLossBackward0>)
[Step 93] Backward Propagation - Time: 4.2788s, Mem: -4410531840.00 B
[Step 93] PGD Update - Time: 0.0035s, Mem: -3407872.00 B

[Step 93] 完整步骤总时间: 6.252065s | 总显存: 176.00 KB
[Step 93] 峰值显存: 16.96 GB

[Step 94] ============ 详细性能分析 ============
[模型部分] 总时间: 1.958769s | 显存: 4.12 GB

[0-9秒 PDE求解详细性能]

[19秒 PDE求解]
  t=19s - 时间: 1.937770s | 显存: 0.00 B

[PDE求解部分] 总时间: 1.937770s | 显存: 0.00 B

[本步骤总计] 时间: 3.896538s | 显存: 4.12 GB
surrogate_loss (vs forward.true_19):  tensor(9133.0547, device='cuda:0', grad_fn=<MseLossBackward0>)
[Step 94] Backward Propagation - Time: 4.2370s, Mem: -4411146240.00 B
[Step 94] PGD Update - Time: 0.0033s, Mem: -3588096.00 B

[Step 94] 完整步骤总时间: 6.201491s | 总显存: -180224.00 B
[Step 94] 峰值显存: 16.96 GB

[Step 95] ============ 详细性能分析 ============
[模型部分] 总时间: 1.953872s | 显存: 4.12 GB

[0-9秒 PDE求解详细性能]

[19秒 PDE求解]
  t=19s - 时间: 1.932692s | 显存: 0.00 B

[PDE求解部分] 总时间: 1.932692s | 显存: 0.00 B

[本步骤总计] 时间: 3.886565s | 显存: 4.12 GB
surrogate_loss (vs forward.true_19):  tensor(7437.2783, device='cuda:0', grad_fn=<MseLossBackward0>)
[Step 95] Backward Propagation - Time: 4.2654s, Mem: -4410531840.00 B
[Step 95] PGD Update - Time: 0.0032s, Mem: -3407872.00 B

[Step 95] 完整步骤总时间: 6.224640s | 总显存: 176.00 KB
[Step 95] 峰值显存: 16.96 GB

[Step 96] ============ 详细性能分析 ============
[模型部分] 总时间: 1.942664s | 显存: 4.12 GB

[0-9秒 PDE求解详细性能]

[19秒 PDE求解]
  t=19s - 时间: 1.921393s | 显存: 0.00 B

[PDE求解部分] 总时间: 1.921393s | 显存: 0.00 B

[本步骤总计] 时间: 3.864058s | 显存: 4.12 GB
surrogate_loss (vs forward.true_19):  tensor(6558.4307, device='cuda:0', grad_fn=<MseLossBackward0>)
[Step 96] Backward Propagation - Time: 4.2144s, Mem: -4411146240.00 B
[Step 96] PGD Update - Time: 0.0032s, Mem: -3588096.00 B

[Step 96] 完整步骤总时间: 6.162513s | 总显存: -180224.00 B
[Step 96] 峰值显存: 16.96 GB

[Step 97] ============ 详细性能分析 ============
[模型部分] 总时间: 1.939921s | 显存: 4.12 GB

[0-9秒 PDE求解详细性能]

[19秒 PDE求解]
  t=19s - 时间: 1.918966s | 显存: 0.00 B

[PDE求解部分] 总时间: 1.918966s | 显存: 0.00 B

[本步骤总计] 时间: 3.858887s | 显存: 4.12 GB
surrogate_loss (vs forward.true_19):  tensor(4930.1704, device='cuda:0', grad_fn=<MseLossBackward0>)
[Step 97] Backward Propagation - Time: 4.2842s, Mem: -4410531840.00 B
[Step 97] PGD Update - Time: 0.0031s, Mem: -3407872.00 B

[Step 97] 完整步骤总时间: 6.229322s | 总显存: 176.00 KB
[Step 97] 峰值显存: 16.96 GB

[Step 98] ============ 详细性能分析 ============
[模型部分] 总时间: 1.945164s | 显存: 4.12 GB

[0-9秒 PDE求解详细性能]

[19秒 PDE求解]
  t=19s - 时间: 1.924395s | 显存: 0.00 B

[PDE求解部分] 总时间: 1.924395s | 显存: 0.00 B

[本步骤总计] 时间: 3.869559s | 显存: 4.12 GB
surrogate_loss (vs forward.true_19):  tensor(4273.8359, device='cuda:0', grad_fn=<MseLossBackward0>)
[Step 98] Backward Propagation - Time: 4.2078s, Mem: -4411146240.00 B
[Step 98] PGD Update - Time: 0.0042s, Mem: -3588096.00 B

[Step 98] 完整步骤总时间: 6.159848s | 总显存: -180224.00 B
[Step 98] 峰值显存: 16.96 GB

[Step 99] ============ 详细性能分析 ============
[模型部分] 总时间: 1.951672s | 显存: 4.12 GB

[0-9秒 PDE求解详细性能]

[19秒 PDE求解]
  t=19s - 时间: 1.930740s | 显存: 0.00 B

[PDE求解部分] 总时间: 1.930740s | 显存: 0.00 B

[本步骤总计] 时间: 3.882413s | 显存: 4.12 GB
surrogate_loss (vs forward.true_19):  tensor(3731.5359, device='cuda:0', grad_fn=<MseLossBackward0>)
[Step 99] Backward Propagation - Time: 4.2091s, Mem: -4410531840.00 B
[Step 99] PGD Update - Time: 0.0035s, Mem: -3407872.00 B

[Step 99] 完整步骤总时间: 6.166432s | 总显存: 176.00 KB
[Step 99] 峰值显存: 16.96 GB
清理前显存占用: 13092.8798828125 MB
PGD攻击完成！显存已清理
当前显存占用: 2092.1298828125 MB
mode_spec = aaawwwwwww
Per-frame modes: [t=01] approx | [t=02] approx | [t=03] approx | [t=04] with_solver | [t=05] with_solver | [t=06] with_solver | [t=07] with_solver | [t=08] with_solver | [t=09] with_solver | [t=19] with_solver
================================================================================
norm: 2, epsilon: 78.6432, alpha: 5.0, num_steps: 100, index: 1, method: adam, mode_spec: aaawwwwwww, b1: 0.9, b2: 0.999, adam_eps: 1e-08, sign_Linf: True, amsgrad: False

[Step 0] ============ 详细性能分析 ============
[模型部分] 总时间: 1.963656s | 显存: 4.12 GB

[0-9秒 PDE求解详细性能]

[19秒 PDE求解]
  t=19s - 时间: 1.929712s | 显存: 0.00 B

[PDE求解部分] 总时间: 1.929712s | 显存: 0.00 B

[本步骤总计] 时间: 3.893368s | 显存: 4.12 GB
surrogate_loss (vs forward.true_19):  tensor(10839.1455, device='cuda:0', grad_fn=<MseLossBackward0>)
[Step 0] Backward Propagation - Time: 4.2108s, Mem: -4411990016.00 B
[Step 0] PGD Update - Time: 0.0015s, Mem: 1.75 MB

[Step 0] 完整步骤总时间: 6.178186s | 总显存: 5.25 MB
[Step 0] 峰值显存: 16.96 GB

[Step 1] ============ 详细性能分析 ============
[模型部分] 总时间: 1.969539s | 显存: 4.12 GB

[0-9秒 PDE求解详细性能]

[19秒 PDE求解]
  t=19s - 时间: 1.947999s | 显存: 0.00 B

[PDE求解部分] 总时间: 1.947999s | 显存: 0.00 B

[本步骤总计] 时间: 3.917538s | 显存: 4.12 GB
surrogate_loss (vs forward.true_19):  tensor(7915.8525, device='cuda:0', grad_fn=<MseLossBackward0>)
[Step 1] Backward Propagation - Time: 4.2721s, Mem: -4410531840.00 B
[Step 1] PGD Update - Time: 0.0027s, Mem: -3407872.00 B

[Step 1] 完整步骤总时间: 6.246145s | 总显存: 176.00 KB
[Step 1] 峰值显存: 16.96 GB

[Step 2] ============ 详细性能分析 ============
[模型部分] 总时间: 1.937232s | 显存: 4.12 GB

[0-9秒 PDE求解详细性能]

[19秒 PDE求解]
  t=19s - 时间: 1.916270s | 显存: 0.00 B

[PDE求解部分] 总时间: 1.916270s | 显存: 0.00 B

[本步骤总计] 时间: 3.853502s | 显存: 4.12 GB
surrogate_loss (vs forward.true_19):  tensor(3850.6348, device='cuda:0', grad_fn=<MseLossBackward0>)
[Step 2] Backward Propagation - Time: 4.1784s, Mem: -4411146240.00 B
[Step 2] PGD Update - Time: 0.0025s, Mem: -3588096.00 B

[Step 2] 完整步骤总时间: 6.120354s | 总显存: -180224.00 B
[Step 2] 峰值显存: 16.96 GB

[Step 3] ============ 详细性能分析 ============
[模型部分] 总时间: 1.941476s | 显存: 4.12 GB

[0-9秒 PDE求解详细性能]

[19秒 PDE求解]
  t=19s - 时间: 1.920609s | 显存: 0.00 B

[PDE求解部分] 总时间: 1.920609s | 显存: 0.00 B

[本步骤总计] 时间: 3.862085s | 显存: 4.12 GB
surrogate_loss (vs forward.true_19):  tensor(3299.7710, device='cuda:0', grad_fn=<MseLossBackward0>)
[Step 3] Backward Propagation - Time: 4.2597s, Mem: -4410531840.00 B
[Step 3] PGD Update - Time: 0.0025s, Mem: -3407872.00 B

[Step 3] 完整步骤总时间: 6.205642s | 总显存: 176.00 KB
[Step 3] 峰值显存: 16.96 GB

[Step 4] ============ 详细性能分析 ============
[模型部分] 总时间: 1.982406s | 显存: 4.12 GB

[0-9秒 PDE求解详细性能]

[19秒 PDE求解]
  t=19s - 时间: 1.961114s | 显存: 0.00 B

[PDE求解部分] 总时间: 1.961114s | 显存: 0.00 B

[本步骤总计] 时间: 3.943520s | 显存: 4.12 GB
surrogate_loss (vs forward.true_19):  tensor(3370.4192, device='cuda:0', grad_fn=<MseLossBackward0>)
[Step 4] Backward Propagation - Time: 4.2879s, Mem: -4411146240.00 B
[Step 4] PGD Update - Time: 0.0025s, Mem: -3588096.00 B

[Step 4] 完整步骤总时间: 6.274884s | 总显存: -180224.00 B
[Step 4] 峰值显存: 16.96 GB

[Step 5] ============ 详细性能分析 ============
[模型部分] 总时间: 1.963279s | 显存: 4.12 GB

[0-9秒 PDE求解详细性能]

[19秒 PDE求解]
  t=19s - 时间: 1.942266s | 显存: 0.00 B

[PDE求解部分] 总时间: 1.942266s | 显存: 0.00 B

[本步骤总计] 时间: 3.905545s | 显存: 4.12 GB
surrogate_loss (vs forward.true_19):  tensor(3622.2405, device='cuda:0', grad_fn=<MseLossBackward0>)
[Step 5] Backward Propagation - Time: 4.1927s, Mem: -4410531840.00 B
[Step 5] PGD Update - Time: 0.0024s, Mem: -3407872.00 B

[Step 5] 完整步骤总时间: 6.160287s | 总显存: 176.00 KB
[Step 5] 峰值显存: 16.96 GB

[Step 6] ============ 详细性能分析 ============
[模型部分] 总时间: 1.960574s | 显存: 4.12 GB

[0-9秒 PDE求解详细性能]

[19秒 PDE求解]
  t=19s - 时间: 1.939621s | 显存: 0.00 B

[PDE求解部分] 总时间: 1.939621s | 显存: 0.00 B

[本步骤总计] 时间: 3.900195s | 显存: 4.12 GB
surrogate_loss (vs forward.true_19):  tensor(4536.4395, device='cuda:0', grad_fn=<MseLossBackward0>)
[Step 6] Backward Propagation - Time: 4.2539s, Mem: -4411146240.00 B
[Step 6] PGD Update - Time: 0.0037s, Mem: -3588096.00 B

[Step 6] 完整步骤总时间: 6.220510s | 总显存: -180224.00 B
[Step 6] 峰值显存: 16.96 GB

[Step 7] ============ 详细性能分析 ============
[模型部分] 总时间: 1.951214s | 显存: 4.12 GB

[0-9秒 PDE求解详细性能]

[19秒 PDE求解]
  t=19s - 时间: 1.930298s | 显存: 0.00 B

[PDE求解部分] 总时间: 1.930298s | 显存: 0.00 B

[本步骤总计] 时间: 3.881512s | 显存: 4.12 GB
surrogate_loss (vs forward.true_19):  tensor(4590.4053, device='cuda:0', grad_fn=<MseLossBackward0>)
[Step 7] Backward Propagation - Time: 4.2446s, Mem: -4410531840.00 B
[Step 7] PGD Update - Time: 0.0031s, Mem: -3407872.00 B

[Step 7] 完整步骤总时间: 6.200932s | 总显存: 176.00 KB
[Step 7] 峰值显存: 16.96 GB

[Step 8] ============ 详细性能分析 ============
[模型部分] 总时间: 1.979399s | 显存: 4.12 GB

[0-9秒 PDE求解详细性能]

[19秒 PDE求解]
  t=19s - 时间: 1.958441s | 显存: 0.00 B

[PDE求解部分] 总时间: 1.958441s | 显存: 0.00 B

[本步骤总计] 时间: 3.937840s | 显存: 4.12 GB
surrogate_loss (vs forward.true_19):  tensor(6760.6313, device='cuda:0', grad_fn=<MseLossBackward0>)
[Step 8] Backward Propagation - Time: 4.2236s, Mem: -4411146240.00 B
[Step 8] PGD Update - Time: 0.0028s, Mem: -3588096.00 B

[Step 8] 完整步骤总时间: 6.207796s | 总显存: -180224.00 B
[Step 8] 峰值显存: 16.96 GB

[Step 9] ============ 详细性能分析 ============
[模型部分] 总时间: 1.944852s | 显存: 4.12 GB

[0-9秒 PDE求解详细性能]

[19秒 PDE求解]
  t=19s - 时间: 1.924172s | 显存: 0.00 B

[PDE求解部分] 总时间: 1.924172s | 显存: 0.00 B

[本步骤总计] 时间: 3.869023s | 显存: 4.12 GB
surrogate_loss (vs forward.true_19):  tensor(6149.1396, device='cuda:0', grad_fn=<MseLossBackward0>)
[Step 9] Backward Propagation - Time: 4.2294s, Mem: -4410531840.00 B
[Step 9] PGD Update - Time: 0.0027s, Mem: -3407872.00 B

[Step 9] 完整步骤总时间: 6.178732s | 总显存: 176.00 KB
[Step 9] 峰值显存: 16.96 GB

[Step 10] ============ 详细性能分析 ============
[模型部分] 总时间: 1.965536s | 显存: 4.12 GB

[0-9秒 PDE求解详细性能]

[19秒 PDE求解]
  t=19s - 时间: 1.944696s | 显存: 0.00 B

[PDE求解部分] 总时间: 1.944696s | 显存: 0.00 B

[本步骤总计] 时间: 3.910232s | 显存: 4.12 GB
surrogate_loss (vs forward.true_19):  tensor(5060.6855, device='cuda:0', grad_fn=<MseLossBackward0>)
[Step 10] Backward Propagation - Time: 4.2700s, Mem: -4411146240.00 B
[Step 10] PGD Update - Time: 0.0028s, Mem: -3588096.00 B

[Step 10] 完整步骤总时间: 6.240261s | 总显存: -180224.00 B
[Step 10] 峰值显存: 16.96 GB

[Step 11] ============ 详细性能分析 ============
[模型部分] 总时间: 1.965445s | 显存: 4.12 GB

[0-9秒 PDE求解详细性能]

[19秒 PDE求解]
  t=19s - 时间: 1.944625s | 显存: 0.00 B

[PDE求解部分] 总时间: 1.944625s | 显存: 0.00 B

[本步骤总计] 时间: 3.910070s | 显存: 4.12 GB
surrogate_loss (vs forward.true_19):  tensor(5559.2070, device='cuda:0', grad_fn=<MseLossBackward0>)
[Step 11] Backward Propagation - Time: 4.2405s, Mem: -4410531840.00 B
[Step 11] PGD Update - Time: 0.0027s, Mem: -3407872.00 B

[Step 11] 完整步骤总时间: 6.210581s | 总显存: 176.00 KB
[Step 11] 峰值显存: 16.96 GB

[Step 12] ============ 详细性能分析 ============
[模型部分] 总时间: 1.947233s | 显存: 4.12 GB

[0-9秒 PDE求解详细性能]

[19秒 PDE求解]
  t=19s - 时间: 1.926383s | 显存: 0.00 B

[PDE求解部分] 总时间: 1.926383s | 显存: 0.00 B

[本步骤总计] 时间: 3.873616s | 显存: 4.12 GB
surrogate_loss (vs forward.true_19):  tensor(7584.1846, device='cuda:0', grad_fn=<MseLossBackward0>)
[Step 12] Backward Propagation - Time: 4.2269s, Mem: -4411146240.00 B
[Step 12] PGD Update - Time: 0.0032s, Mem: -3588096.00 B

[Step 12] 完整步骤总时间: 6.179576s | 总显存: -180224.00 B
[Step 12] 峰值显存: 16.96 GB

[Step 13] ============ 详细性能分析 ============
[模型部分] 总时间: 1.961647s | 显存: 4.12 GB

[0-9秒 PDE求解详细性能]

[19秒 PDE求解]
  t=19s - 时间: 1.940766s | 显存: 0.00 B

[PDE求解部分] 总时间: 1.940766s | 显存: 0.00 B

[本步骤总计] 时间: 3.902413s | 显存: 4.12 GB
surrogate_loss (vs forward.true_19):  tensor(6766.1172, device='cuda:0', grad_fn=<MseLossBackward0>)
[Step 13] Backward Propagation - Time: 4.2338s, Mem: -4410531840.00 B
[Step 13] PGD Update - Time: 0.0033s, Mem: -3407872.00 B

[Step 13] 完整步骤总时间: 6.201481s | 总显存: 176.00 KB
[Step 13] 峰值显存: 16.96 GB

[Step 14] ============ 详细性能分析 ============
[模型部分] 总时间: 1.966312s | 显存: 4.12 GB

[0-9秒 PDE求解详细性能]

[19秒 PDE求解]
  t=19s - 时间: 1.944762s | 显存: 0.00 B

[PDE求解部分] 总时间: 1.944762s | 显存: 0.00 B

[本步骤总计] 时间: 3.911074s | 显存: 4.12 GB
surrogate_loss (vs forward.true_19):  tensor(8007.2871, device='cuda:0', grad_fn=<MseLossBackward0>)
[Step 14] Backward Propagation - Time: 4.2711s, Mem: -4411146240.00 B
[Step 14] PGD Update - Time: 0.0029s, Mem: -3588096.00 B

[Step 14] 完整步骤总时间: 6.242605s | 总显存: -180224.00 B
[Step 14] 峰值显存: 16.96 GB

[Step 15] ============ 详细性能分析 ============
[模型部分] 总时间: 1.950129s | 显存: 4.12 GB

[0-9秒 PDE求解详细性能]

[19秒 PDE求解]
  t=19s - 时间: 1.929249s | 显存: 0.00 B

[PDE求解部分] 总时间: 1.929249s | 显存: 0.00 B

[本步骤总计] 时间: 3.879378s | 显存: 4.12 GB
surrogate_loss (vs forward.true_19):  tensor(8941.3311, device='cuda:0', grad_fn=<MseLossBackward0>)
[Step 15] Backward Propagation - Time: 4.2410s, Mem: -4410531840.00 B
[Step 15] PGD Update - Time: 0.0031s, Mem: -3407872.00 B

[Step 15] 完整步骤总时间: 6.196433s | 总显存: 176.00 KB
[Step 15] 峰值显存: 16.96 GB

[Step 16] ============ 详细性能分析 ============
[模型部分] 总时间: 1.944958s | 显存: 4.12 GB

[0-9秒 PDE求解详细性能]

[19秒 PDE求解]
  t=19s - 时间: 1.924038s | 显存: 0.00 B

[PDE求解部分] 总时间: 1.924038s | 显存: 0.00 B

[本步骤总计] 时间: 3.868997s | 显存: 4.12 GB
surrogate_loss (vs forward.true_19):  tensor(8433.0723, device='cuda:0', grad_fn=<MseLossBackward0>)
[Step 16] Backward Propagation - Time: 4.2193s, Mem: -4411146240.00 B
[Step 16] PGD Update - Time: 0.0038s, Mem: -3588096.00 B

[Step 16] 完整步骤总时间: 6.170782s | 总显存: -180224.00 B
[Step 16] 峰值显存: 16.96 GB

[Step 17] ============ 详细性能分析 ============
[模型部分] 总时间: 1.957103s | 显存: 4.12 GB

[0-9秒 PDE求解详细性能]

[19秒 PDE求解]
  t=19s - 时间: 1.936187s | 显存: 0.00 B

[PDE求解部分] 总时间: 1.936187s | 显存: 0.00 B

[本步骤总计] 时间: 3.893290s | 显存: 4.12 GB
surrogate_loss (vs forward.true_19):  tensor(9198.5840, device='cuda:0', grad_fn=<MseLossBackward0>)
[Step 17] Backward Propagation - Time: 4.2893s, Mem: -4410531840.00 B
[Step 17] PGD Update - Time: 0.0032s, Mem: -3407872.00 B

[Step 17] 完整步骤总时间: 6.251784s | 总显存: 176.00 KB
[Step 17] 峰值显存: 16.96 GB

[Step 18] ============ 详细性能分析 ============
[模型部分] 总时间: 1.949017s | 显存: 4.12 GB

[0-9秒 PDE求解详细性能]

[19秒 PDE求解]
  t=19s - 时间: 1.928179s | 显存: 0.00 B

[PDE求解部分] 总时间: 1.928179s | 显存: 0.00 B

[本步骤总计] 时间: 3.877196s | 显存: 4.12 GB
surrogate_loss (vs forward.true_19):  tensor(11572.8203, device='cuda:0', grad_fn=<MseLossBackward0>)
[Step 18] Backward Propagation - Time: 4.2526s, Mem: -4411146240.00 B
[Step 18] PGD Update - Time: 0.0028s, Mem: -3588096.00 B

[Step 18] 完整步骤总时间: 6.206507s | 总显存: -180224.00 B
[Step 18] 峰值显存: 16.96 GB

[Step 19] ============ 详细性能分析 ============
[模型部分] 总时间: 1.970058s | 显存: 4.12 GB

[0-9秒 PDE求解详细性能]

[19秒 PDE求解]
  t=19s - 时间: 1.949122s | 显存: 0.00 B

[PDE求解部分] 总时间: 1.949122s | 显存: 0.00 B

[本步骤总计] 时间: 3.919180s | 显存: 4.12 GB
surrogate_loss (vs forward.true_19):  tensor(16345.0352, device='cuda:0', grad_fn=<MseLossBackward0>)
[Step 19] Backward Propagation - Time: 4.2351s, Mem: -4410531840.00 B
[Step 19] PGD Update - Time: 0.0030s, Mem: -3407872.00 B

[Step 19] 完整步骤总时间: 6.210230s | 总显存: 176.00 KB
[Step 19] 峰值显存: 16.96 GB

[Step 20] ============ 详细性能分析 ============
[模型部分] 总时间: 1.948398s | 显存: 4.12 GB

[0-9秒 PDE求解详细性能]

[19秒 PDE求解]
  t=19s - 时间: 1.927776s | 显存: 0.00 B

[PDE求解部分] 总时间: 1.927776s | 显存: 0.00 B

[本步骤总计] 时间: 3.876174s | 显存: 4.12 GB
surrogate_loss (vs forward.true_19):  tensor(18399.4805, device='cuda:0', grad_fn=<MseLossBackward0>)
[Step 20] Backward Propagation - Time: 4.2275s, Mem: -4411146240.00 B
[Step 20] PGD Update - Time: 0.0028s, Mem: -3588096.00 B

[Step 20] 完整步骤总时间: 6.180744s | 总显存: -180224.00 B
[Step 20] 峰值显存: 16.96 GB

[Step 21] ============ 详细性能分析 ============
[模型部分] 总时间: 1.966352s | 显存: 4.12 GB

[0-9秒 PDE求解详细性能]

[19秒 PDE求解]
  t=19s - 时间: 1.945271s | 显存: 0.00 B

[PDE求解部分] 总时间: 1.945271s | 显存: 0.00 B

[本步骤总计] 时间: 3.911623s | 显存: 4.12 GB
surrogate_loss (vs forward.true_19):  tensor(22116.3926, device='cuda:0', grad_fn=<MseLossBackward0>)
[Step 21] Backward Propagation - Time: 4.5539s, Mem: -4410531840.00 B
[Step 21] PGD Update - Time: 0.0029s, Mem: -3407872.00 B

[Step 21] 完整步骤总时间: 6.525378s | 总显存: 176.00 KB
[Step 21] 峰值显存: 16.96 GB

[Step 22] ============ 详细性能分析 ============
[模型部分] 总时间: 2.090721s | 显存: 4.12 GB

[0-9秒 PDE求解详细性能]

[19秒 PDE求解]
  t=19s - 时间: 2.069811s | 显存: 0.00 B

[PDE求解部分] 总时间: 2.069811s | 显存: 0.00 B

[本步骤总计] 时间: 4.160532s | 显存: 4.12 GB
surrogate_loss (vs forward.true_19):  tensor(22458.3770, device='cuda:0', grad_fn=<MseLossBackward0>)
[Step 22] Backward Propagation - Time: 4.2704s, Mem: -4411146240.00 B
[Step 22] PGD Update - Time: 0.0031s, Mem: -3588096.00 B

[Step 22] 完整步骤总时间: 6.366418s | 总显存: -180224.00 B
[Step 22] 峰值显存: 16.96 GB

[Step 23] ============ 详细性能分析 ============
[模型部分] 总时间: 1.984026s | 显存: 4.12 GB

[0-9秒 PDE求解详细性能]

[19秒 PDE求解]
  t=19s - 时间: 1.962834s | 显存: 0.00 B

[PDE求解部分] 总时间: 1.962834s | 显存: 0.00 B

[本步骤总计] 时间: 3.946860s | 显存: 4.12 GB
surrogate_loss (vs forward.true_19):  tensor(21234.2891, device='cuda:0', grad_fn=<MseLossBackward0>)
[Step 23] Backward Propagation - Time: 4.3087s, Mem: -4410531840.00 B
[Step 23] PGD Update - Time: 0.0032s, Mem: -3407872.00 B

[Step 23] 完整步骤总时间: 6.298227s | 总显存: 176.00 KB
[Step 23] 峰值显存: 16.96 GB

[Step 24] ============ 详细性能分析 ============
[模型部分] 总时间: 1.973989s | 显存: 4.12 GB

[0-9秒 PDE求解详细性能]

[19秒 PDE求解]
  t=19s - 时间: 1.952794s | 显存: 0.00 B

[PDE求解部分] 总时间: 1.952794s | 显存: 0.00 B

[本步骤总计] 时间: 3.926782s | 显存: 4.12 GB
surrogate_loss (vs forward.true_19):  tensor(21278.9414, device='cuda:0', grad_fn=<MseLossBackward0>)
[Step 24] Backward Propagation - Time: 4.2593s, Mem: -4411146240.00 B
[Step 24] PGD Update - Time: 0.0032s, Mem: -3588096.00 B

[Step 24] 完整步骤总时间: 6.238763s | 总显存: -180224.00 B
[Step 24] 峰值显存: 16.96 GB

[Step 25] ============ 详细性能分析 ============
[模型部分] 总时间: 1.957767s | 显存: 4.12 GB

[0-9秒 PDE求解详细性能]

[19秒 PDE求解]
  t=19s - 时间: 1.936855s | 显存: 0.00 B

[PDE求解部分] 总时间: 1.936855s | 显存: 0.00 B

[本步骤总计] 时间: 3.894622s | 显存: 4.12 GB
surrogate_loss (vs forward.true_19):  tensor(24175.8633, device='cuda:0', grad_fn=<MseLossBackward0>)
[Step 25] Backward Propagation - Time: 4.2338s, Mem: -4410531840.00 B
[Step 25] PGD Update - Time: 0.0029s, Mem: -3407872.00 B

[Step 25] 完整步骤总时间: 6.196449s | 总显存: 176.00 KB
[Step 25] 峰值显存: 16.96 GB

[Step 26] ============ 详细性能分析 ============
[模型部分] 总时间: 1.948202s | 显存: 4.12 GB

[0-9秒 PDE求解详细性能]

[19秒 PDE求解]
  t=19s - 时间: 1.927254s | 显存: 0.00 B

[PDE求解部分] 总时间: 1.927254s | 显存: 0.00 B

[本步骤总计] 时间: 3.875456s | 显存: 4.12 GB
surrogate_loss (vs forward.true_19):  tensor(29910.7891, device='cuda:0', grad_fn=<MseLossBackward0>)
[Step 26] Backward Propagation - Time: 4.2704s, Mem: -4411146240.00 B
[Step 26] PGD Update - Time: 0.0043s, Mem: -3588096.00 B

[Step 26] 完整步骤总时间: 6.225565s | 总显存: -180224.00 B
[Step 26] 峰值显存: 16.96 GB

[Step 27] ============ 详细性能分析 ============
[模型部分] 总时间: 1.939413s | 显存: 4.12 GB

[0-9秒 PDE求解详细性能]

[19秒 PDE求解]
  t=19s - 时间: 1.918457s | 显存: 0.00 B

[PDE求解部分] 总时间: 1.918457s | 显存: 0.00 B

[本步骤总计] 时间: 3.857870s | 显存: 4.12 GB
surrogate_loss (vs forward.true_19):  tensor(23531.3945, device='cuda:0', grad_fn=<MseLossBackward0>)
[Step 27] Backward Propagation - Time: 4.2177s, Mem: -4410531840.00 B
[Step 27] PGD Update - Time: 0.0032s, Mem: -3407872.00 B

[Step 27] 完整步骤总时间: 6.162523s | 总显存: 176.00 KB
[Step 27] 峰值显存: 16.96 GB

[Step 28] ============ 详细性能分析 ============
[模型部分] 总时间: 1.933374s | 显存: 4.12 GB

[0-9秒 PDE求解详细性能]

[19秒 PDE求解]
  t=19s - 时间: 1.912459s | 显存: 0.00 B

[PDE求解部分] 总时间: 1.912459s | 显存: 0.00 B

[本步骤总计] 时间: 3.845832s | 显存: 4.12 GB
surrogate_loss (vs forward.true_19):  tensor(26659.1523, device='cuda:0', grad_fn=<MseLossBackward0>)
[Step 28] Backward Propagation - Time: 4.2873s, Mem: -4411146240.00 B
[Step 28] PGD Update - Time: 0.0030s, Mem: -3588096.00 B

[Step 28] 完整步骤总时间: 6.225858s | 总显存: -180224.00 B
[Step 28] 峰值显存: 16.96 GB

[Step 29] ============ 详细性能分析 ============
[模型部分] 总时间: 1.969036s | 显存: 4.12 GB

[0-9秒 PDE求解详细性能]

[19秒 PDE求解]
  t=19s - 时间: 1.948206s | 显存: 0.00 B

[PDE求解部分] 总时间: 1.948206s | 显存: 0.00 B

[本步骤总计] 时间: 3.917242s | 显存: 4.12 GB
surrogate_loss (vs forward.true_19):  tensor(34392.1406, device='cuda:0', grad_fn=<MseLossBackward0>)
[Step 29] Backward Propagation - Time: 4.2675s, Mem: -4410531840.00 B
[Step 29] PGD Update - Time: 0.0030s, Mem: -3407872.00 B

[Step 29] 完整步骤总时间: 6.241623s | 总显存: 176.00 KB
[Step 29] 峰值显存: 16.96 GB

[Step 30] ============ 详细性能分析 ============
[模型部分] 总时间: 1.972448s | 显存: 4.12 GB

[0-9秒 PDE求解详细性能]

[19秒 PDE求解]
  t=19s - 时间: 1.951570s | 显存: 0.00 B

[PDE求解部分] 总时间: 1.951570s | 显存: 0.00 B

[本步骤总计] 时间: 3.924018s | 显存: 4.12 GB
surrogate_loss (vs forward.true_19):  tensor(32851.0195, device='cuda:0', grad_fn=<MseLossBackward0>)
[Step 30] Backward Propagation - Time: 4.2696s, Mem: -4411146240.00 B
[Step 30] PGD Update - Time: 0.0032s, Mem: -3588096.00 B

[Step 30] 完整步骤总时间: 6.247323s | 总显存: -180224.00 B
[Step 30] 峰值显存: 16.96 GB

[Step 31] ============ 详细性能分析 ============
[模型部分] 总时间: 1.939238s | 显存: 4.12 GB

[0-9秒 PDE求解详细性能]

[19秒 PDE求解]
  t=19s - 时间: 1.918354s | 显存: 0.00 B

[PDE求解部分] 总时间: 1.918354s | 显存: 0.00 B

[本步骤总计] 时间: 3.857593s | 显存: 4.12 GB
surrogate_loss (vs forward.true_19):  tensor(32462.4473, device='cuda:0', grad_fn=<MseLossBackward0>)
[Step 31] Backward Propagation - Time: 4.2569s, Mem: -4410531840.00 B
[Step 31] PGD Update - Time: 0.0031s, Mem: -3407872.00 B

[Step 31] 完整步骤总时间: 6.201371s | 总显存: 176.00 KB
[Step 31] 峰值显存: 16.96 GB

[Step 32] ============ 详细性能分析 ============
[模型部分] 总时间: 1.976984s | 显存: 4.12 GB

[0-9秒 PDE求解详细性能]

[19秒 PDE求解]
  t=19s - 时间: 1.956188s | 显存: 0.00 B

[PDE求解部分] 总时间: 1.956188s | 显存: 0.00 B

[本步骤总计] 时间: 3.933172s | 显存: 4.12 GB
surrogate_loss (vs forward.true_19):  tensor(22723.1133, device='cuda:0', grad_fn=<MseLossBackward0>)
[Step 32] Backward Propagation - Time: 4.2352s, Mem: -4411146240.00 B
[Step 32] PGD Update - Time: 0.0033s, Mem: -3588096.00 B

[Step 32] 完整步骤总时间: 6.217752s | 总显存: -180224.00 B
[Step 32] 峰值显存: 16.96 GB

[Step 33] ============ 详细性能分析 ============
[模型部分] 总时间: 1.956402s | 显存: 4.12 GB

[0-9秒 PDE求解详细性能]

[19秒 PDE求解]
  t=19s - 时间: 1.935261s | 显存: 0.00 B

[PDE求解部分] 总时间: 1.935261s | 显存: 0.00 B

[本步骤总计] 时间: 3.891663s | 显存: 4.12 GB
surrogate_loss (vs forward.true_19):  tensor(15619.4189, device='cuda:0', grad_fn=<MseLossBackward0>)
[Step 33] Backward Propagation - Time: 6.4397s, Mem: -4410531840.00 B
[Step 33] PGD Update - Time: 0.4439s, Mem: -3407872.00 B

[Step 33] 完整步骤总时间: 8.923382s | 总显存: 176.00 KB
[Step 33] 峰值显存: 16.96 GB

[Step 34] ============ 详细性能分析 ============
[模型部分] 总时间: 29.052193s | 显存: 4.12 GB

[0-9秒 PDE求解详细性能]

[19秒 PDE求解]
  t=19s - 时间: 27.740341s | 显存: 0.00 B

[PDE求解部分] 总时间: 27.740341s | 显存: 0.00 B

[本步骤总计] 时间: 56.792534s | 显存: 4.12 GB
surrogate_loss (vs forward.true_19):  tensor(19150.1484, device='cuda:0', grad_fn=<MseLossBackward0>)
[Step 34] Backward Propagation - Time: 7.7741s, Mem: -4411146240.00 B
[Step 34] PGD Update - Time: 0.0032s, Mem: -3588096.00 B

[Step 34] 完整步骤总时间: 37.263009s | 总显存: -180224.00 B
[Step 34] 峰值显存: 16.96 GB

[Step 35] ============ 详细性能分析 ============
[模型部分] 总时间: 1.953479s | 显存: 4.12 GB

[0-9秒 PDE求解详细性能]

[19秒 PDE求解]
  t=19s - 时间: 1.932493s | 显存: 0.00 B

[PDE求解部分] 总时间: 1.932493s | 显存: 0.00 B

[本步骤总计] 时间: 3.885972s | 显存: 4.12 GB
surrogate_loss (vs forward.true_19):  tensor(18623.7285, device='cuda:0', grad_fn=<MseLossBackward0>)
[Step 35] Backward Propagation - Time: 4.2673s, Mem: -4410531840.00 B
[Step 35] PGD Update - Time: 0.0033s, Mem: -3407872.00 B

[Step 35] 完整步骤总时间: 6.226192s | 总显存: 176.00 KB
[Step 35] 峰值显存: 16.96 GB

[Step 36] ============ 详细性能分析 ============
[模型部分] 总时间: 1.973654s | 显存: 4.12 GB

[0-9秒 PDE求解详细性能]

[19秒 PDE求解]
  t=19s - 时间: 1.952617s | 显存: 0.00 B

[PDE求解部分] 总时间: 1.952617s | 显存: 0.00 B

[本步骤总计] 时间: 3.926270s | 显存: 4.12 GB
surrogate_loss (vs forward.true_19):  tensor(17850.7344, device='cuda:0', grad_fn=<MseLossBackward0>)
[Step 36] Backward Propagation - Time: 4.2272s, Mem: -4411146240.00 B
[Step 36] PGD Update - Time: 0.0043s, Mem: -3588096.00 B

[Step 36] 完整步骤总时间: 6.208030s | 总显存: -180224.00 B
[Step 36] 峰值显存: 16.96 GB

[Step 37] ============ 详细性能分析 ============
[模型部分] 总时间: 1.967133s | 显存: 4.12 GB

[0-9秒 PDE求解详细性能]

[19秒 PDE求解]
  t=19s - 时间: 1.946225s | 显存: 0.00 B

[PDE求解部分] 总时间: 1.946225s | 显存: 0.00 B

[本步骤总计] 时间: 3.913359s | 显存: 4.12 GB
surrogate_loss (vs forward.true_19):  tensor(16662.3066, device='cuda:0', grad_fn=<MseLossBackward0>)
[Step 37] Backward Propagation - Time: 4.2093s, Mem: -4410531840.00 B
[Step 37] PGD Update - Time: 0.0033s, Mem: -3407872.00 B

[Step 37] 完整步骤总时间: 6.181868s | 总显存: 176.00 KB
[Step 37] 峰值显存: 16.96 GB

[Step 38] ============ 详细性能分析 ============
[模型部分] 总时间: 1.969570s | 显存: 4.12 GB

[0-9秒 PDE求解详细性能]

[19秒 PDE求解]
  t=19s - 时间: 1.948740s | 显存: 0.00 B

[PDE求解部分] 总时间: 1.948740s | 显存: 0.00 B

[本步骤总计] 时间: 3.918311s | 显存: 4.12 GB
surrogate_loss (vs forward.true_19):  tensor(14011.0732, device='cuda:0', grad_fn=<MseLossBackward0>)
[Step 38] Backward Propagation - Time: 4.2630s, Mem: -4411146240.00 B
[Step 38] PGD Update - Time: 0.0031s, Mem: -3588096.00 B

[Step 38] 完整步骤总时间: 6.237755s | 总显存: -180224.00 B
[Step 38] 峰值显存: 16.96 GB

[Step 39] ============ 详细性能分析 ============
[模型部分] 总时间: 1.932416s | 显存: 4.12 GB

[0-9秒 PDE求解详细性能]

[19秒 PDE求解]
  t=19s - 时间: 1.911528s | 显存: 0.00 B

[PDE求解部分] 总时间: 1.911528s | 显存: 0.00 B

[本步骤总计] 时间: 3.843943s | 显存: 4.12 GB
surrogate_loss (vs forward.true_19):  tensor(8830.8184, device='cuda:0', grad_fn=<MseLossBackward0>)
[Step 39] Backward Propagation - Time: 4.1969s, Mem: -4410531840.00 B
[Step 39] PGD Update - Time: 0.0031s, Mem: -3407872.00 B

[Step 39] 完整步骤总时间: 6.134459s | 总显存: 176.00 KB
[Step 39] 峰值显存: 16.96 GB

[Step 40] ============ 详细性能分析 ============
[模型部分] 总时间: 1.957338s | 显存: 4.12 GB

[0-9秒 PDE求解详细性能]

[19秒 PDE求解]
  t=19s - 时间: 1.936315s | 显存: 0.00 B

[PDE求解部分] 总时间: 1.936315s | 显存: 0.00 B

[本步骤总计] 时间: 3.893654s | 显存: 4.12 GB
surrogate_loss (vs forward.true_19):  tensor(7513.5981, device='cuda:0', grad_fn=<MseLossBackward0>)
[Step 40] Backward Propagation - Time: 4.2700s, Mem: -4411146240.00 B
[Step 40] PGD Update - Time: 0.0032s, Mem: -3588096.00 B

[Step 40] 完整步骤总时间: 6.232682s | 总显存: -180224.00 B
[Step 40] 峰值显存: 16.96 GB

[Step 41] ============ 详细性能分析 ============
[模型部分] 总时间: 1.977690s | 显存: 4.12 GB

[0-9秒 PDE求解详细性能]

[19秒 PDE求解]
  t=19s - 时间: 1.956660s | 显存: 0.00 B

[PDE求解部分] 总时间: 1.956660s | 显存: 0.00 B

[本步骤总计] 时间: 3.934350s | 显存: 4.12 GB
surrogate_loss (vs forward.true_19):  tensor(12374.6299, device='cuda:0', grad_fn=<MseLossBackward0>)
[Step 41] Backward Propagation - Time: 4.2625s, Mem: -4410531840.00 B
[Step 41] PGD Update - Time: 0.0031s, Mem: -3407872.00 B

[Step 41] 完整步骤总时间: 6.245427s | 总显存: 176.00 KB
[Step 41] 峰值显存: 16.96 GB

[Step 42] ============ 详细性能分析 ============
[模型部分] 总时间: 1.945944s | 显存: 4.12 GB

[0-9秒 PDE求解详细性能]

[19秒 PDE求解]
  t=19s - 时间: 1.925075s | 显存: 0.00 B

[PDE求解部分] 总时间: 1.925075s | 显存: 0.00 B

[本步骤总计] 时间: 3.871019s | 显存: 4.12 GB
surrogate_loss (vs forward.true_19):  tensor(16033.0117, device='cuda:0', grad_fn=<MseLossBackward0>)
[Step 42] Backward Propagation - Time: 4.1894s, Mem: -4411146240.00 B
[Step 42] PGD Update - Time: 0.0033s, Mem: -3588096.00 B

[Step 42] 完整步骤总时间: 6.141059s | 总显存: -180224.00 B
[Step 42] 峰值显存: 16.96 GB

[Step 43] ============ 详细性能分析 ============
[模型部分] 总时间: 1.939702s | 显存: 4.12 GB

[0-9秒 PDE求解详细性能]

[19秒 PDE求解]
  t=19s - 时间: 1.918533s | 显存: 0.00 B

[PDE求解部分] 总时间: 1.918533s | 显存: 0.00 B

[本步骤总计] 时间: 3.858235s | 显存: 4.12 GB
surrogate_loss (vs forward.true_19):  tensor(17588.4805, device='cuda:0', grad_fn=<MseLossBackward0>)
[Step 43] Backward Propagation - Time: 4.2003s, Mem: -4410531840.00 B
[Step 43] PGD Update - Time: 0.0035s, Mem: -3407872.00 B

[Step 43] 完整步骤总时间: 6.145767s | 总显存: 176.00 KB
[Step 43] 峰值显存: 16.96 GB

[Step 44] ============ 详细性能分析 ============
[模型部分] 总时间: 1.953321s | 显存: 4.12 GB

[0-9秒 PDE求解详细性能]

[19秒 PDE求解]
  t=19s - 时间: 1.931936s | 显存: 0.00 B

[PDE求解部分] 总时间: 1.931936s | 显存: 0.00 B

[本步骤总计] 时间: 3.885257s | 显存: 4.12 GB
surrogate_loss (vs forward.true_19):  tensor(18477.0859, device='cuda:0', grad_fn=<MseLossBackward0>)
[Step 44] Backward Propagation - Time: 4.3106s, Mem: -4411146240.00 B
[Step 44] PGD Update - Time: 0.0032s, Mem: -3588096.00 B

[Step 44] 完整步骤总时间: 6.269442s | 总显存: -180224.00 B
[Step 44] 峰值显存: 16.96 GB

[Step 45] ============ 详细性能分析 ============
[模型部分] 总时间: 1.955941s | 显存: 4.12 GB

[0-9秒 PDE求解详细性能]

[19秒 PDE求解]
  t=19s - 时间: 1.935070s | 显存: 0.00 B

[PDE求解部分] 总时间: 1.935070s | 显存: 0.00 B

[本步骤总计] 时间: 3.891010s | 显存: 4.12 GB
surrogate_loss (vs forward.true_19):  tensor(24797.0801, device='cuda:0', grad_fn=<MseLossBackward0>)
[Step 45] Backward Propagation - Time: 4.2539s, Mem: -4410531840.00 B
[Step 45] PGD Update - Time: 0.0033s, Mem: -3407872.00 B

[Step 45] 完整步骤总时间: 6.215215s | 总显存: 176.00 KB
[Step 45] 峰值显存: 16.96 GB

[Step 46] ============ 详细性能分析 ============
[模型部分] 总时间: 1.953079s | 显存: 4.12 GB

[0-9秒 PDE求解详细性能]

[19秒 PDE求解]
  t=19s - 时间: 1.932128s | 显存: 0.00 B

[PDE求解部分] 总时间: 1.932128s | 显存: 0.00 B

[本步骤总计] 时间: 3.885207s | 显存: 4.12 GB
surrogate_loss (vs forward.true_19):  tensor(24345.7812, device='cuda:0', grad_fn=<MseLossBackward0>)
[Step 46] Backward Propagation - Time: 4.2330s, Mem: -4411146240.00 B
[Step 46] PGD Update - Time: 0.0042s, Mem: -3588096.00 B

[Step 46] 完整步骤总时间: 6.193150s | 总显存: -180224.00 B
[Step 46] 峰值显存: 16.96 GB

[Step 47] ============ 详细性能分析 ============
[模型部分] 总时间: 1.950463s | 显存: 4.12 GB

[0-9秒 PDE求解详细性能]

[19秒 PDE求解]
  t=19s - 时间: 1.929478s | 显存: 0.00 B

[PDE求解部分] 总时间: 1.929478s | 显存: 0.00 B

[本步骤总计] 时间: 3.879942s | 显存: 4.12 GB
surrogate_loss (vs forward.true_19):  tensor(17535.3066, device='cuda:0', grad_fn=<MseLossBackward0>)
[Step 47] Backward Propagation - Time: 4.2520s, Mem: -4410531840.00 B
[Step 47] PGD Update - Time: 0.0034s, Mem: -3407872.00 B

[Step 47] 完整步骤总时间: 6.208008s | 总显存: 176.00 KB
[Step 47] 峰值显存: 16.96 GB

[Step 48] ============ 详细性能分析 ============
[模型部分] 总时间: 1.974957s | 显存: 4.12 GB

[0-9秒 PDE求解详细性能]

[19秒 PDE求解]
  t=19s - 时间: 1.953802s | 显存: 0.00 B

[PDE求解部分] 总时间: 1.953802s | 显存: 0.00 B

[本步骤总计] 时间: 3.928759s | 显存: 4.12 GB
surrogate_loss (vs forward.true_19):  tensor(14609.1699, device='cuda:0', grad_fn=<MseLossBackward0>)
[Step 48] Backward Propagation - Time: 4.2292s, Mem: -4411146240.00 B
[Step 48] PGD Update - Time: 0.0033s, Mem: -3588096.00 B

[Step 48] 完整步骤总时间: 6.209871s | 总显存: -180224.00 B
[Step 48] 峰值显存: 16.96 GB

[Step 49] ============ 详细性能分析 ============
[模型部分] 总时间: 1.994482s | 显存: 4.12 GB

[0-9秒 PDE求解详细性能]

[19秒 PDE求解]
  t=19s - 时间: 1.973141s | 显存: 0.00 B

[PDE求解部分] 总时间: 1.973141s | 显存: 0.00 B

[本步骤总计] 时间: 3.967623s | 显存: 4.12 GB
surrogate_loss (vs forward.true_19):  tensor(16451.3145, device='cuda:0', grad_fn=<MseLossBackward0>)
[Step 49] Backward Propagation - Time: 4.2575s, Mem: -4410531840.00 B
[Step 49] PGD Update - Time: 0.0030s, Mem: -3407872.00 B

[Step 49] 完整步骤总时间: 6.256950s | 总显存: 176.00 KB
[Step 49] 峰值显存: 16.96 GB

[Step 50] ============ 详细性能分析 ============
[模型部分] 总时间: 1.953291s | 显存: 4.12 GB

[0-9秒 PDE求解详细性能]

[19秒 PDE求解]
  t=19s - 时间: 1.932409s | 显存: 0.00 B

[PDE求解部分] 总时间: 1.932409s | 显存: 0.00 B

[本步骤总计] 时间: 3.885700s | 显存: 4.12 GB
surrogate_loss (vs forward.true_19):  tensor(11974.3799, device='cuda:0', grad_fn=<MseLossBackward0>)
[Step 50] Backward Propagation - Time: 4.2680s, Mem: -4411146240.00 B
[Step 50] PGD Update - Time: 0.0033s, Mem: -3588096.00 B

[Step 50] 完整步骤总时间: 6.226725s | 总显存: -180224.00 B
[Step 50] 峰值显存: 16.96 GB

[Step 51] ============ 详细性能分析 ============
[模型部分] 总时间: 1.953261s | 显存: 4.12 GB

[0-9秒 PDE求解详细性能]

[19秒 PDE求解]
  t=19s - 时间: 1.932036s | 显存: 0.00 B

[PDE求解部分] 总时间: 1.932036s | 显存: 0.00 B

[本步骤总计] 时间: 3.885297s | 显存: 4.12 GB
surrogate_loss (vs forward.true_19):  tensor(10854.9834, device='cuda:0', grad_fn=<MseLossBackward0>)
[Step 51] Backward Propagation - Time: 4.1778s, Mem: -4410531840.00 B
[Step 51] PGD Update - Time: 0.0041s, Mem: -3407872.00 B

[Step 51] 完整步骤总时间: 6.137475s | 总显存: 176.00 KB
[Step 51] 峰值显存: 16.96 GB

[Step 52] ============ 详细性能分析 ============
[模型部分] 总时间: 1.939417s | 显存: 4.12 GB

[0-9秒 PDE求解详细性能]

[19秒 PDE求解]
  t=19s - 时间: 1.918444s | 显存: 0.00 B

[PDE求解部分] 总时间: 1.918444s | 显存: 0.00 B

[本步骤总计] 时间: 3.857861s | 显存: 4.12 GB
surrogate_loss (vs forward.true_19):  tensor(17987.6836, device='cuda:0', grad_fn=<MseLossBackward0>)
[Step 52] Backward Propagation - Time: 4.3637s, Mem: -4411146240.00 B
[Step 52] PGD Update - Time: 0.0030s, Mem: -3588096.00 B

[Step 52] 完整步骤总时间: 6.308127s | 总显存: -180224.00 B
[Step 52] 峰值显存: 16.96 GB

[Step 53] ============ 详细性能分析 ============
[模型部分] 总时间: 1.944669s | 显存: 4.12 GB

[0-9秒 PDE求解详细性能]

[19秒 PDE求解]
  t=19s - 时间: 1.923852s | 显存: 0.00 B

[PDE求解部分] 总时间: 1.923852s | 显存: 0.00 B

[本步骤总计] 时间: 3.868521s | 显存: 4.12 GB
surrogate_loss (vs forward.true_19):  tensor(28634.4043, device='cuda:0', grad_fn=<MseLossBackward0>)
[Step 53] Backward Propagation - Time: 4.1772s, Mem: -4410531840.00 B
[Step 53] PGD Update - Time: 0.0030s, Mem: -3407872.00 B

[Step 53] 完整步骤总时间: 6.126922s | 总显存: 176.00 KB
[Step 53] 峰值显存: 16.96 GB

[Step 54] ============ 详细性能分析 ============
[模型部分] 总时间: 1.939178s | 显存: 4.12 GB

[0-9秒 PDE求解详细性能]

[19秒 PDE求解]
  t=19s - 时间: 1.918263s | 显存: 0.00 B

[PDE求解部分] 总时间: 1.918263s | 显存: 0.00 B

[本步骤总计] 时间: 3.857441s | 显存: 4.12 GB
surrogate_loss (vs forward.true_19):  tensor(16584.3867, device='cuda:0', grad_fn=<MseLossBackward0>)
[Step 54] Backward Propagation - Time: 4.2894s, Mem: -4411146240.00 B
[Step 54] PGD Update - Time: 0.0029s, Mem: -3588096.00 B

[Step 54] 完整步骤总时间: 6.233597s | 总显存: -180224.00 B
[Step 54] 峰值显存: 16.96 GB

[Step 55] ============ 详细性能分析 ============
[模型部分] 总时间: 1.974804s | 显存: 4.12 GB

[0-9秒 PDE求解详细性能]

[19秒 PDE求解]
  t=19s - 时间: 1.954040s | 显存: 0.00 B

[PDE求解部分] 总时间: 1.954040s | 显存: 0.00 B

[本步骤总计] 时间: 3.928844s | 显存: 4.12 GB
surrogate_loss (vs forward.true_19):  tensor(30387.2598, device='cuda:0', grad_fn=<MseLossBackward0>)
[Step 55] Backward Propagation - Time: 4.2410s, Mem: -4410531840.00 B
[Step 55] PGD Update - Time: 0.0031s, Mem: -3407872.00 B

[Step 55] 完整步骤总时间: 6.221081s | 总显存: 176.00 KB
[Step 55] 峰值显存: 16.96 GB

[Step 56] ============ 详细性能分析 ============
[模型部分] 总时间: 1.964120s | 显存: 4.12 GB

[0-9秒 PDE求解详细性能]

[19秒 PDE求解]
  t=19s - 时间: 1.943097s | 显存: 0.00 B

[PDE求解部分] 总时间: 1.943097s | 显存: 0.00 B

[本步骤总计] 时间: 3.907217s | 显存: 4.12 GB
surrogate_loss (vs forward.true_19):  tensor(42313.2734, device='cuda:0', grad_fn=<MseLossBackward0>)
[Step 56] Backward Propagation - Time: 4.2846s, Mem: -4411146240.00 B
[Step 56] PGD Update - Time: 0.0033s, Mem: -3588096.00 B

[Step 56] 完整步骤总时间: 6.254342s | 总显存: -180224.00 B
[Step 56] 峰值显存: 16.96 GB

[Step 57] ============ 详细性能分析 ============
[模型部分] 总时间: 1.954624s | 显存: 4.12 GB

[0-9秒 PDE求解详细性能]

[19秒 PDE求解]
  t=19s - 时间: 1.933222s | 显存: 0.00 B

[PDE求解部分] 总时间: 1.933222s | 显存: 0.00 B

[本步骤总计] 时间: 3.887847s | 显存: 4.12 GB
surrogate_loss (vs forward.true_19):  tensor(33893.9141, device='cuda:0', grad_fn=<MseLossBackward0>)
[Step 57] Backward Propagation - Time: 4.2212s, Mem: -4410531840.00 B
[Step 57] PGD Update - Time: 0.0030s, Mem: -3407872.00 B

[Step 57] 完整步骤总时间: 6.181087s | 总显存: 176.00 KB
[Step 57] 峰值显存: 16.96 GB

[Step 58] ============ 详细性能分析 ============
[模型部分] 总时间: 1.943642s | 显存: 4.12 GB

[0-9秒 PDE求解详细性能]

[19秒 PDE求解]
  t=19s - 时间: 1.922677s | 显存: 0.00 B

[PDE求解部分] 总时间: 1.922677s | 显存: 0.00 B

[本步骤总计] 时间: 3.866319s | 显存: 4.12 GB
surrogate_loss (vs forward.true_19):  tensor(26936.5977, device='cuda:0', grad_fn=<MseLossBackward0>)
[Step 58] Backward Propagation - Time: 4.2927s, Mem: -4411146240.00 B
[Step 58] PGD Update - Time: 0.0031s, Mem: -3588096.00 B

[Step 58] 完整步骤总时间: 6.241608s | 总显存: -180224.00 B
[Step 58] 峰值显存: 16.96 GB

[Step 59] ============ 详细性能分析 ============
[模型部分] 总时间: 1.967526s | 显存: 4.12 GB

[0-9秒 PDE求解详细性能]

[19秒 PDE求解]
  t=19s - 时间: 1.946751s | 显存: 0.00 B

[PDE求解部分] 总时间: 1.946751s | 显存: 0.00 B

[本步骤总计] 时间: 3.914276s | 显存: 4.12 GB
surrogate_loss (vs forward.true_19):  tensor(37119.2070, device='cuda:0', grad_fn=<MseLossBackward0>)
[Step 59] Backward Propagation - Time: 4.1956s, Mem: -4410531840.00 B
[Step 59] PGD Update - Time: 0.0042s, Mem: -3407872.00 B

[Step 59] 完整步骤总时间: 6.170001s | 总显存: 176.00 KB
[Step 59] 峰值显存: 16.96 GB

[Step 60] ============ 详细性能分析 ============
[模型部分] 总时间: 1.972236s | 显存: 4.12 GB

[0-9秒 PDE求解详细性能]

[19秒 PDE求解]
  t=19s - 时间: 1.951366s | 显存: 0.00 B

[PDE求解部分] 总时间: 1.951366s | 显存: 0.00 B

[本步骤总计] 时间: 3.923602s | 显存: 4.12 GB
surrogate_loss (vs forward.true_19):  tensor(39312.9648, device='cuda:0', grad_fn=<MseLossBackward0>)
[Step 60] Backward Propagation - Time: 4.2490s, Mem: -4411146240.00 B
[Step 60] PGD Update - Time: 0.0033s, Mem: -3588096.00 B

[Step 60] 完整步骤总时间: 6.226568s | 总显存: -180224.00 B
[Step 60] 峰值显存: 16.96 GB

[Step 61] ============ 详细性能分析 ============
[模型部分] 总时间: 1.972066s | 显存: 4.12 GB

[0-9秒 PDE求解详细性能]

[19秒 PDE求解]
  t=19s - 时间: 1.951172s | 显存: 0.00 B

[PDE求解部分] 总时间: 1.951172s | 显存: 0.00 B

[本步骤总计] 时间: 3.923237s | 显存: 4.12 GB
surrogate_loss (vs forward.true_19):  tensor(35813.4922, device='cuda:0', grad_fn=<MseLossBackward0>)
[Step 61] Backward Propagation - Time: 4.2818s, Mem: -4410531840.00 B
[Step 61] PGD Update - Time: 0.0033s, Mem: -3407872.00 B

[Step 61] 完整步骤总时间: 6.259110s | 总显存: 176.00 KB
[Step 61] 峰值显存: 16.96 GB

[Step 62] ============ 详细性能分析 ============
[模型部分] 总时间: 2.516002s | 显存: 4.12 GB

[0-9秒 PDE求解详细性能]

[19秒 PDE求解]
  t=19s - 时间: 2.495107s | 显存: 0.00 B

[PDE求解部分] 总时间: 2.495107s | 显存: 0.00 B

[本步骤总计] 时间: 5.011110s | 显存: 4.12 GB
surrogate_loss (vs forward.true_19):  tensor(31426.5117, device='cuda:0', grad_fn=<MseLossBackward0>)
[Step 62] Backward Propagation - Time: 5.0788s, Mem: -4411146240.00 B
[Step 62] PGD Update - Time: 0.0031s, Mem: -3588096.00 B

[Step 62] 完整步骤总时间: 7.599993s | 总显存: -180224.00 B
[Step 62] 峰值显存: 16.96 GB

[Step 63] ============ 详细性能分析 ============
[模型部分] 总时间: 1.951670s | 显存: 4.12 GB

[0-9秒 PDE求解详细性能]

[19秒 PDE求解]
  t=19s - 时间: 1.930714s | 显存: 0.00 B

[PDE求解部分] 总时间: 1.930714s | 显存: 0.00 B

[本步骤总计] 时间: 3.882384s | 显存: 4.12 GB
surrogate_loss (vs forward.true_19):  tensor(28986.7188, device='cuda:0', grad_fn=<MseLossBackward0>)
[Step 63] Backward Propagation - Time: 4.3158s, Mem: -4410531840.00 B
[Step 63] PGD Update - Time: 0.0031s, Mem: -3407872.00 B

[Step 63] 完整步骤总时间: 6.272627s | 总显存: 176.00 KB
[Step 63] 峰值显存: 16.96 GB

[Step 64] ============ 详细性能分析 ============
[模型部分] 总时间: 1.971027s | 显存: 4.12 GB

[0-9秒 PDE求解详细性能]

[19秒 PDE求解]
  t=19s - 时间: 1.950127s | 显存: 0.00 B

[PDE求解部分] 总时间: 1.950127s | 显存: 0.00 B

[本步骤总计] 时间: 3.921154s | 显存: 4.12 GB
surrogate_loss (vs forward.true_19):  tensor(24079.7422, device='cuda:0', grad_fn=<MseLossBackward0>)
[Step 64] Backward Propagation - Time: 4.2483s, Mem: -4411146240.00 B
[Step 64] PGD Update - Time: 0.0029s, Mem: -3588096.00 B

[Step 64] 完整步骤总时间: 6.224085s | 总显存: -180224.00 B
[Step 64] 峰值显存: 16.96 GB

[Step 65] ============ 详细性能分析 ============
[模型部分] 总时间: 1.974319s | 显存: 4.12 GB

[0-9秒 PDE求解详细性能]

[19秒 PDE求解]
  t=19s - 时间: 1.953344s | 显存: 0.00 B

[PDE求解部分] 总时间: 1.953344s | 显存: 0.00 B

[本步骤总计] 时间: 3.927663s | 显存: 4.12 GB
surrogate_loss (vs forward.true_19):  tensor(16959.9668, device='cuda:0', grad_fn=<MseLossBackward0>)
[Step 65] Backward Propagation - Time: 4.2026s, Mem: -4410531840.00 B
[Step 65] PGD Update - Time: 0.0032s, Mem: -3407872.00 B

[Step 65] 完整步骤总时间: 6.182450s | 总显存: 176.00 KB
[Step 65] 峰值显存: 16.96 GB

[Step 66] ============ 详细性能分析 ============
[模型部分] 总时间: 1.948879s | 显存: 4.12 GB

[0-9秒 PDE求解详细性能]

[19秒 PDE求解]
  t=19s - 时间: 1.927644s | 显存: 0.00 B

[PDE求解部分] 总时间: 1.927644s | 显存: 0.00 B

[本步骤总计] 时间: 3.876524s | 显存: 4.12 GB
surrogate_loss (vs forward.true_19):  tensor(13205.6777, device='cuda:0', grad_fn=<MseLossBackward0>)
[Step 66] Backward Propagation - Time: 4.2684s, Mem: -4411146240.00 B
[Step 66] PGD Update - Time: 0.0032s, Mem: -3588096.00 B

[Step 66] 完整步骤总时间: 6.222755s | 总显存: -180224.00 B
[Step 66] 峰值显存: 16.96 GB

[Step 67] ============ 详细性能分析 ============
[模型部分] 总时间: 1.993372s | 显存: 4.12 GB

[0-9秒 PDE求解详细性能]

[19秒 PDE求解]
  t=19s - 时间: 1.971874s | 显存: 0.00 B

[PDE求解部分] 总时间: 1.971874s | 显存: 0.00 B

[本步骤总计] 时间: 3.965246s | 显存: 4.12 GB
surrogate_loss (vs forward.true_19):  tensor(10842.5508, device='cuda:0', grad_fn=<MseLossBackward0>)
[Step 67] Backward Propagation - Time: 4.2146s, Mem: -4410531840.00 B
[Step 67] PGD Update - Time: 0.0030s, Mem: -3407872.00 B

[Step 67] 完整步骤总时间: 6.213302s | 总显存: 176.00 KB
[Step 67] 峰值显存: 16.96 GB

[Step 68] ============ 详细性能分析 ============
[模型部分] 总时间: 1.944237s | 显存: 4.12 GB

[0-9秒 PDE求解详细性能]

[19秒 PDE求解]
  t=19s - 时间: 1.923354s | 显存: 0.00 B

[PDE求解部分] 总时间: 1.923354s | 显存: 0.00 B

[本步骤总计] 时间: 3.867590s | 显存: 4.12 GB
surrogate_loss (vs forward.true_19):  tensor(8125.5264, device='cuda:0', grad_fn=<MseLossBackward0>)
[Step 68] Backward Propagation - Time: 4.2128s, Mem: -4411146240.00 B
[Step 68] PGD Update - Time: 0.0031s, Mem: -3588096.00 B

[Step 68] 完整步骤总时间: 6.162112s | 总显存: -180224.00 B
[Step 68] 峰值显存: 16.96 GB

[Step 69] ============ 详细性能分析 ============
[模型部分] 总时间: 1.950691s | 显存: 4.12 GB

[0-9秒 PDE求解详细性能]

[19秒 PDE求解]
  t=19s - 时间: 1.929787s | 显存: 0.00 B

[PDE求解部分] 总时间: 1.929787s | 显存: 0.00 B

[本步骤总计] 时间: 3.880477s | 显存: 4.12 GB
surrogate_loss (vs forward.true_19):  tensor(6874.5117, device='cuda:0', grad_fn=<MseLossBackward0>)
[Step 69] Backward Propagation - Time: 4.2162s, Mem: -4410531840.00 B
[Step 69] PGD Update - Time: 0.0040s, Mem: -3407872.00 B

[Step 69] 完整步骤总时间: 6.173581s | 总显存: 176.00 KB
[Step 69] 峰值显存: 16.96 GB

[Step 70] ============ 详细性能分析 ============
[模型部分] 总时间: 1.948935s | 显存: 4.12 GB

[0-9秒 PDE求解详细性能]

[19秒 PDE求解]
  t=19s - 时间: 1.928153s | 显存: 0.00 B

[PDE求解部分] 总时间: 1.928153s | 显存: 0.00 B

[本步骤总计] 时间: 3.877088s | 显存: 4.12 GB
surrogate_loss (vs forward.true_19):  tensor(9222.4141, device='cuda:0', grad_fn=<MseLossBackward0>)
[Step 70] Backward Propagation - Time: 4.2065s, Mem: -4411146240.00 B
[Step 70] PGD Update - Time: 0.0032s, Mem: -3588096.00 B

[Step 70] 完整步骤总时间: 6.160719s | 总显存: -180224.00 B
[Step 70] 峰值显存: 16.96 GB

[Step 71] ============ 详细性能分析 ============
[模型部分] 总时间: 1.953080s | 显存: 4.12 GB

[0-9秒 PDE求解详细性能]

[19秒 PDE求解]
  t=19s - 时间: 1.932282s | 显存: 0.00 B

[PDE求解部分] 总时间: 1.932282s | 显存: 0.00 B

[本步骤总计] 时间: 3.885362s | 显存: 4.12 GB
surrogate_loss (vs forward.true_19):  tensor(9662.4648, device='cuda:0', grad_fn=<MseLossBackward0>)
[Step 71] Backward Propagation - Time: 4.1913s, Mem: -4410531840.00 B
[Step 71] PGD Update - Time: 0.0029s, Mem: -3407872.00 B

[Step 71] 完整步骤总时间: 6.149337s | 总显存: 176.00 KB
[Step 71] 峰值显存: 16.96 GB

[Step 72] ============ 详细性能分析 ============
[模型部分] 总时间: 1.949406s | 显存: 4.12 GB

[0-9秒 PDE求解详细性能]

[19秒 PDE求解]
  t=19s - 时间: 1.928522s | 显存: 0.00 B

[PDE求解部分] 总时间: 1.928522s | 显存: 0.00 B

[本步骤总计] 时间: 3.877928s | 显存: 4.12 GB
surrogate_loss (vs forward.true_19):  tensor(10994.9160, device='cuda:0', grad_fn=<MseLossBackward0>)
[Step 72] Backward Propagation - Time: 4.2368s, Mem: -4411146240.00 B
[Step 72] PGD Update - Time: 0.0032s, Mem: -3588096.00 B

[Step 72] 完整步骤总时间: 6.191453s | 总显存: -180224.00 B
[Step 72] 峰值显存: 16.96 GB

[Step 73] ============ 详细性能分析 ============
[模型部分] 总时间: 1.969891s | 显存: 4.12 GB

[0-9秒 PDE求解详细性能]

[19秒 PDE求解]
  t=19s - 时间: 1.949047s | 显存: 0.00 B

[PDE求解部分] 总时间: 1.949047s | 显存: 0.00 B

[本步骤总计] 时间: 3.918938s | 显存: 4.12 GB
surrogate_loss (vs forward.true_19):  tensor(18727.7227, device='cuda:0', grad_fn=<MseLossBackward0>)
[Step 73] Backward Propagation - Time: 4.2319s, Mem: -4410531840.00 B
[Step 73] PGD Update - Time: 0.0033s, Mem: -3407872.00 B

[Step 73] 完整步骤总时间: 6.207275s | 总显存: 176.00 KB
[Step 73] 峰值显存: 16.96 GB

[Step 74] ============ 详细性能分析 ============
[模型部分] 总时间: 1.965176s | 显存: 4.12 GB

[0-9秒 PDE求解详细性能]

[19秒 PDE求解]
  t=19s - 时间: 1.944284s | 显存: 0.00 B

[PDE求解部分] 总时间: 1.944284s | 显存: 0.00 B

[本步骤总计] 时间: 3.909461s | 显存: 4.12 GB
surrogate_loss (vs forward.true_19):  tensor(24975.5371, device='cuda:0', grad_fn=<MseLossBackward0>)
[Step 74] Backward Propagation - Time: 4.2597s, Mem: -4411146240.00 B
[Step 74] PGD Update - Time: 0.0030s, Mem: -3588096.00 B

[Step 74] 完整步骤总时间: 6.230055s | 总显存: -180224.00 B
[Step 74] 峰值显存: 16.96 GB

[Step 75] ============ 详细性能分析 ============
[模型部分] 总时间: 1.962634s | 显存: 4.12 GB

[0-9秒 PDE求解详细性能]

[19秒 PDE求解]
  t=19s - 时间: 1.941638s | 显存: 0.00 B

[PDE求解部分] 总时间: 1.941638s | 显存: 0.00 B

[本步骤总计] 时间: 3.904272s | 显存: 4.12 GB
surrogate_loss (vs forward.true_19):  tensor(34845.8242, device='cuda:0', grad_fn=<MseLossBackward0>)
[Step 75] Backward Propagation - Time: 4.2084s, Mem: -4410531840.00 B
[Step 75] PGD Update - Time: 0.0033s, Mem: -3407872.00 B

[Step 75] 完整步骤总时间: 6.176597s | 总显存: 176.00 KB
[Step 75] 峰值显存: 16.96 GB

[Step 76] ============ 详细性能分析 ============
[模型部分] 总时间: 1.947633s | 显存: 4.12 GB

[0-9秒 PDE求解详细性能]

[19秒 PDE求解]
  t=19s - 时间: 1.926425s | 显存: 0.00 B

[PDE求解部分] 总时间: 1.926425s | 显存: 0.00 B

[本步骤总计] 时间: 3.874058s | 显存: 4.12 GB
surrogate_loss (vs forward.true_19):  tensor(46195.5938, device='cuda:0', grad_fn=<MseLossBackward0>)
[Step 76] Backward Propagation - Time: 4.1697s, Mem: -4411146240.00 B
[Step 76] PGD Update - Time: 0.0033s, Mem: -3588096.00 B

[Step 76] 完整步骤总时间: 6.122919s | 总显存: -180224.00 B
[Step 76] 峰值显存: 16.96 GB

[Step 77] ============ 详细性能分析 ============
[模型部分] 总时间: 1.968776s | 显存: 4.12 GB

[0-9秒 PDE求解详细性能]

[19秒 PDE求解]
  t=19s - 时间: 1.947405s | 显存: 0.00 B

[PDE求解部分] 总时间: 1.947405s | 显存: 0.00 B

[本步骤总计] 时间: 3.916181s | 显存: 4.12 GB
surrogate_loss (vs forward.true_19):  tensor(33911.2500, device='cuda:0', grad_fn=<MseLossBackward0>)
[Step 77] Backward Propagation - Time: 4.2208s, Mem: -4410531840.00 B
[Step 77] PGD Update - Time: 0.0033s, Mem: -3407872.00 B

[Step 77] 完整步骤总时间: 6.195134s | 总显存: 176.00 KB
[Step 77] 峰值显存: 16.96 GB

[Step 78] ============ 详细性能分析 ============
[模型部分] 总时间: 1.962236s | 显存: 4.12 GB

[0-9秒 PDE求解详细性能]

[19秒 PDE求解]
  t=19s - 时间: 1.941272s | 显存: 0.00 B

[PDE求解部分] 总时间: 1.941272s | 显存: 0.00 B

[本步骤总计] 时间: 3.903508s | 显存: 4.12 GB
surrogate_loss (vs forward.true_19):  tensor(27885.7461, device='cuda:0', grad_fn=<MseLossBackward0>)
[Step 78] Backward Propagation - Time: 4.2450s, Mem: -4411146240.00 B
[Step 78] PGD Update - Time: 0.0032s, Mem: -3588096.00 B

[Step 78] 完整步骤总时间: 6.212533s | 总显存: -180224.00 B
[Step 78] 峰值显存: 16.96 GB

[Step 79] ============ 详细性能分析 ============
[模型部分] 总时间: 1.970384s | 显存: 4.12 GB

[0-9秒 PDE求解详细性能]

[19秒 PDE求解]
  t=19s - 时间: 1.949522s | 显存: 0.00 B

[PDE求解部分] 总时间: 1.949522s | 显存: 0.00 B

[本步骤总计] 时间: 3.919906s | 显存: 4.12 GB
surrogate_loss (vs forward.true_19):  tensor(33691.9102, device='cuda:0', grad_fn=<MseLossBackward0>)
[Step 79] Backward Propagation - Time: 4.2144s, Mem: -4410531840.00 B
[Step 79] PGD Update - Time: 0.0043s, Mem: -3407872.00 B

[Step 79] 完整步骤总时间: 6.191958s | 总显存: 176.00 KB
[Step 79] 峰值显存: 16.96 GB

[Step 80] ============ 详细性能分析 ============
[模型部分] 总时间: 1.960196s | 显存: 4.12 GB

[0-9秒 PDE求解详细性能]

[19秒 PDE求解]
  t=19s - 时间: 1.939303s | 显存: 0.00 B

[PDE求解部分] 总时间: 1.939303s | 显存: 0.00 B

[本步骤总计] 时间: 3.899499s | 显存: 4.12 GB
surrogate_loss (vs forward.true_19):  tensor(44403.6445, device='cuda:0', grad_fn=<MseLossBackward0>)
[Step 80] Backward Propagation - Time: 4.2507s, Mem: -4411146240.00 B
[Step 80] PGD Update - Time: 0.0033s, Mem: -3588096.00 B

[Step 80] 完整步骤总时间: 6.216272s | 总显存: -180224.00 B
[Step 80] 峰值显存: 16.96 GB

[Step 81] ============ 详细性能分析 ============
[模型部分] 总时间: 1.974255s | 显存: 4.12 GB

[0-9秒 PDE求解详细性能]

[19秒 PDE求解]
  t=19s - 时间: 1.953316s | 显存: 0.00 B

[PDE求解部分] 总时间: 1.953316s | 显存: 0.00 B

[本步骤总计] 时间: 3.927572s | 显存: 4.12 GB
surrogate_loss (vs forward.true_19):  tensor(47389.3945, device='cuda:0', grad_fn=<MseLossBackward0>)
[Step 81] Backward Propagation - Time: 4.2327s, Mem: -4410531840.00 B
[Step 81] PGD Update - Time: 0.0031s, Mem: -3407872.00 B

[Step 81] 完整步骤总时间: 6.212090s | 总显存: 176.00 KB
[Step 81] 峰值显存: 16.96 GB

[Step 82] ============ 详细性能分析 ============
[模型部分] 总时间: 1.976615s | 显存: 4.12 GB

[0-9秒 PDE求解详细性能]

[19秒 PDE求解]
  t=19s - 时间: 1.955623s | 显存: 0.00 B

[PDE求解部分] 总时间: 1.955623s | 显存: 0.00 B

[本步骤总计] 时间: 3.932238s | 显存: 4.12 GB
surrogate_loss (vs forward.true_19):  tensor(46953.8750, device='cuda:0', grad_fn=<MseLossBackward0>)
[Step 82] Backward Propagation - Time: 4.2315s, Mem: -4411146240.00 B
[Step 82] PGD Update - Time: 0.0032s, Mem: -3588096.00 B

[Step 82] 完整步骤总时间: 6.213525s | 总显存: -180224.00 B
[Step 82] 峰值显存: 16.96 GB

[Step 83] ============ 详细性能分析 ============
[模型部分] 总时间: 1.985527s | 显存: 4.12 GB

[0-9秒 PDE求解详细性能]

[19秒 PDE求解]
  t=19s - 时间: 1.964555s | 显存: 0.00 B

[PDE求解部分] 总时间: 1.964555s | 显存: 0.00 B

[本步骤总计] 时间: 3.950082s | 显存: 4.12 GB
surrogate_loss (vs forward.true_19):  tensor(45056.6758, device='cuda:0', grad_fn=<MseLossBackward0>)
[Step 83] Backward Propagation - Time: 4.2348s, Mem: -4410531840.00 B
[Step 83] PGD Update - Time: 0.0031s, Mem: -3407872.00 B

[Step 83] 完整步骤总时间: 6.225526s | 总显存: 176.00 KB
[Step 83] 峰值显存: 16.96 GB

[Step 84] ============ 详细性能分析 ============
[模型部分] 总时间: 1.943879s | 显存: 4.12 GB

[0-9秒 PDE求解详细性能]

[19秒 PDE求解]
  t=19s - 时间: 1.923047s | 显存: 0.00 B

[PDE求解部分] 总时间: 1.923047s | 显存: 0.00 B

[本步骤总计] 时间: 3.866926s | 显存: 4.12 GB
surrogate_loss (vs forward.true_19):  tensor(35313.6836, device='cuda:0', grad_fn=<MseLossBackward0>)
[Step 84] Backward Propagation - Time: 4.2525s, Mem: -4411146240.00 B
[Step 84] PGD Update - Time: 0.0033s, Mem: -3588096.00 B

[Step 84] 完整步骤总时间: 6.201703s | 总显存: -180224.00 B
[Step 84] 峰值显存: 16.96 GB

[Step 85] ============ 详细性能分析 ============
[模型部分] 总时间: 1.945813s | 显存: 4.12 GB

[0-9秒 PDE求解详细性能]

[19秒 PDE求解]
  t=19s - 时间: 1.924837s | 显存: 0.00 B

[PDE求解部分] 总时间: 1.924837s | 显存: 0.00 B

[本步骤总计] 时间: 3.870650s | 显存: 4.12 GB
surrogate_loss (vs forward.true_19):  tensor(24956.2227, device='cuda:0', grad_fn=<MseLossBackward0>)
[Step 85] Backward Propagation - Time: 4.3056s, Mem: -4410531840.00 B
[Step 85] PGD Update - Time: 0.0031s, Mem: -3407872.00 B

[Step 85] 完整步骤总时间: 6.256724s | 总显存: 176.00 KB
[Step 85] 峰值显存: 16.96 GB

[Step 86] ============ 详细性能分析 ============
[模型部分] 总时间: 1.939946s | 显存: 4.12 GB

[0-9秒 PDE求解详细性能]

[19秒 PDE求解]
  t=19s - 时间: 1.918610s | 显存: 0.00 B

[PDE求解部分] 总时间: 1.918610s | 显存: 0.00 B

[本步骤总计] 时间: 3.858556s | 显存: 4.12 GB
surrogate_loss (vs forward.true_19):  tensor(18136.5664, device='cuda:0', grad_fn=<MseLossBackward0>)
[Step 86] Backward Propagation - Time: 4.2206s, Mem: -4411146240.00 B
[Step 86] PGD Update - Time: 0.0033s, Mem: -3588096.00 B

[Step 86] 完整步骤总时间: 6.166186s | 总显存: -180224.00 B
[Step 86] 峰值显存: 16.96 GB

[Step 87] ============ 详细性能分析 ============
[模型部分] 总时间: 1.956799s | 显存: 4.12 GB

[0-9秒 PDE求解详细性能]

[19秒 PDE求解]
  t=19s - 时间: 1.935313s | 显存: 0.00 B

[PDE求解部分] 总时间: 1.935313s | 显存: 0.00 B

[本步骤总计] 时间: 3.892112s | 显存: 4.12 GB
surrogate_loss (vs forward.true_19):  tensor(18898.7266, device='cuda:0', grad_fn=<MseLossBackward0>)
[Step 87] Backward Propagation - Time: 4.2097s, Mem: -4410531840.00 B
[Step 87] PGD Update - Time: 0.0031s, Mem: -3407872.00 B

[Step 87] 完整步骤总时间: 6.171865s | 总显存: 176.00 KB
[Step 87] 峰值显存: 16.96 GB

[Step 88] ============ 详细性能分析 ============
[模型部分] 总时间: 1.957953s | 显存: 4.12 GB

[0-9秒 PDE求解详细性能]

[19秒 PDE求解]
  t=19s - 时间: 1.937000s | 显存: 0.00 B

[PDE求解部分] 总时间: 1.937000s | 显存: 0.00 B

[本步骤总计] 时间: 3.894952s | 显存: 4.12 GB
surrogate_loss (vs forward.true_19):  tensor(21238.7070, device='cuda:0', grad_fn=<MseLossBackward0>)
[Step 88] Backward Propagation - Time: 4.2663s, Mem: -4411146240.00 B
[Step 88] PGD Update - Time: 0.0032s, Mem: -3588096.00 B

[Step 88] 完整步骤总时间: 6.229462s | 总显存: -180224.00 B
[Step 88] 峰值显存: 16.96 GB

[Step 89] ============ 详细性能分析 ============
[模型部分] 总时间: 1.963180s | 显存: 4.12 GB

[0-9秒 PDE求解详细性能]

[19秒 PDE求解]
  t=19s - 时间: 1.942435s | 显存: 0.00 B

[PDE求解部分] 总时间: 1.942435s | 显存: 0.00 B

[本步骤总计] 时间: 3.905615s | 显存: 4.12 GB
surrogate_loss (vs forward.true_19):  tensor(25370.6992, device='cuda:0', grad_fn=<MseLossBackward0>)
[Step 89] Backward Propagation - Time: 4.2383s, Mem: -4410531840.00 B
[Step 89] PGD Update - Time: 0.0042s, Mem: -3407872.00 B

[Step 89] 完整步骤总时间: 6.208499s | 总显存: 176.00 KB
[Step 89] 峰值显存: 16.96 GB

[Step 90] ============ 详细性能分析 ============
[模型部分] 总时间: 1.950221s | 显存: 4.12 GB

[0-9秒 PDE求解详细性能]

[19秒 PDE求解]
  t=19s - 时间: 1.929311s | 显存: 0.00 B

[PDE求解部分] 总时间: 1.929311s | 显存: 0.00 B

[本步骤总计] 时间: 3.879532s | 显存: 4.12 GB
surrogate_loss (vs forward.true_19):  tensor(28536.3457, device='cuda:0', grad_fn=<MseLossBackward0>)
[Step 90] Backward Propagation - Time: 4.2233s, Mem: -4411146240.00 B
[Step 90] PGD Update - Time: 0.0032s, Mem: -3588096.00 B

[Step 90] 完整步骤总时间: 6.178665s | 总显存: -180224.00 B
[Step 90] 峰值显存: 16.96 GB

[Step 91] ============ 详细性能分析 ============
[模型部分] 总时间: 1.936116s | 显存: 4.12 GB

[0-9秒 PDE求解详细性能]

[19秒 PDE求解]
  t=19s - 时间: 1.915324s | 显存: 0.00 B

[PDE求解部分] 总时间: 1.915324s | 显存: 0.00 B

[本步骤总计] 时间: 3.851441s | 显存: 4.12 GB
surrogate_loss (vs forward.true_19):  tensor(28229.6191, device='cuda:0', grad_fn=<MseLossBackward0>)
[Step 91] Backward Propagation - Time: 9.5790s, Mem: -4410531840.00 B
[Step 91] PGD Update - Time: 0.0030s, Mem: -3407872.00 B

[Step 91] 完整步骤总时间: 11.520175s | 总显存: 176.00 KB
[Step 91] 峰值显存: 16.96 GB

[Step 92] ============ 详细性能分析 ============
[模型部分] 总时间: 1.953739s | 显存: 4.12 GB

[0-9秒 PDE求解详细性能]

[19秒 PDE求解]
  t=19s - 时间: 1.932663s | 显存: 0.00 B

[PDE求解部分] 总时间: 1.932663s | 显存: 0.00 B

[本步骤总计] 时间: 3.886402s | 显存: 4.12 GB
surrogate_loss (vs forward.true_19):  tensor(28998.8398, device='cuda:0', grad_fn=<MseLossBackward0>)
[Step 92] Backward Propagation - Time: 4.2170s, Mem: -4411146240.00 B
[Step 92] PGD Update - Time: 0.0032s, Mem: -3588096.00 B

[Step 92] 完整步骤总时间: 6.175915s | 总显存: -180224.00 B
[Step 92] 峰值显存: 16.96 GB

[Step 93] ============ 详细性能分析 ============
[模型部分] 总时间: 1.948277s | 显存: 4.12 GB

[0-9秒 PDE求解详细性能]

[19秒 PDE求解]
  t=19s - 时间: 1.927361s | 显存: 0.00 B

[PDE求解部分] 总时间: 1.927361s | 显存: 0.00 B

[本步骤总计] 时间: 3.875638s | 显存: 4.12 GB
surrogate_loss (vs forward.true_19):  tensor(32586.8535, device='cuda:0', grad_fn=<MseLossBackward0>)
[Step 93] Backward Propagation - Time: 4.2570s, Mem: -4410531840.00 B
[Step 93] PGD Update - Time: 0.0032s, Mem: -3407872.00 B

[Step 93] 完整步骤总时间: 6.210578s | 总显存: 176.00 KB
[Step 93] 峰值显存: 16.96 GB

[Step 94] ============ 详细性能分析 ============
[模型部分] 总时间: 1.941960s | 显存: 4.12 GB

[0-9秒 PDE求解详细性能]

[19秒 PDE求解]
  t=19s - 时间: 1.921016s | 显存: 0.00 B

[PDE求解部分] 总时间: 1.921016s | 显存: 0.00 B

[本步骤总计] 时间: 3.862977s | 显存: 4.12 GB
surrogate_loss (vs forward.true_19):  tensor(35609.1797, device='cuda:0', grad_fn=<MseLossBackward0>)
[Step 94] Backward Propagation - Time: 4.2285s, Mem: -4411146240.00 B
[Step 94] PGD Update - Time: 0.0032s, Mem: -3588096.00 B

[Step 94] 完整步骤总时间: 6.175890s | 总显存: -180224.00 B
[Step 94] 峰值显存: 16.96 GB

[Step 95] ============ 详细性能分析 ============
[模型部分] 总时间: 1.958030s | 显存: 4.12 GB

[0-9秒 PDE求解详细性能]

[19秒 PDE求解]
  t=19s - 时间: 1.937155s | 显存: 0.00 B

[PDE求解部分] 总时间: 1.937155s | 显存: 0.00 B

[本步骤总计] 时间: 3.895185s | 显存: 4.12 GB
surrogate_loss (vs forward.true_19):  tensor(34416.0273, device='cuda:0', grad_fn=<MseLossBackward0>)
[Step 95] Backward Propagation - Time: 4.2208s, Mem: -4410531840.00 B
[Step 95] PGD Update - Time: 0.0030s, Mem: -3407872.00 B

[Step 95] 完整步骤总时间: 6.184078s | 总显存: 176.00 KB
[Step 95] 峰值显存: 16.96 GB

[Step 96] ============ 详细性能分析 ============
[模型部分] 总时间: 1.950601s | 显存: 4.12 GB

[0-9秒 PDE求解详细性能]

[19秒 PDE求解]
  t=19s - 时间: 1.929395s | 显存: 0.00 B

[PDE求解部分] 总时间: 1.929395s | 显存: 0.00 B

[本步骤总计] 时间: 3.879996s | 显存: 4.12 GB
surrogate_loss (vs forward.true_19):  tensor(27159.8809, device='cuda:0', grad_fn=<MseLossBackward0>)
[Step 96] Backward Propagation - Time: 4.2234s, Mem: -4411146240.00 B
[Step 96] PGD Update - Time: 0.0034s, Mem: -3588096.00 B

[Step 96] 完整步骤总时间: 6.179696s | 总显存: -180224.00 B
[Step 96] 峰值显存: 16.96 GB

[Step 97] ============ 详细性能分析 ============
[模型部分] 总时间: 1.944448s | 显存: 4.12 GB

[0-9秒 PDE求解详细性能]

[19秒 PDE求解]
  t=19s - 时间: 1.923185s | 显存: 0.00 B

[PDE求解部分] 总时间: 1.923185s | 显存: 0.00 B

[本步骤总计] 时间: 3.867633s | 显存: 4.12 GB
surrogate_loss (vs forward.true_19):  tensor(20496.7383, device='cuda:0', grad_fn=<MseLossBackward0>)
[Step 97] Backward Propagation - Time: 4.2501s, Mem: -4410531840.00 B
[Step 97] PGD Update - Time: 0.0033s, Mem: -3407872.00 B

[Step 97] 完整步骤总时间: 6.200093s | 总显存: 176.00 KB
[Step 97] 峰值显存: 16.96 GB

[Step 98] ============ 详细性能分析 ============
[模型部分] 总时间: 1.980209s | 显存: 4.12 GB

[0-9秒 PDE求解详细性能]

[19秒 PDE求解]
  t=19s - 时间: 1.959455s | 显存: 0.00 B

[PDE求解部分] 总时间: 1.959455s | 显存: 0.00 B

[本步骤总计] 时间: 3.939665s | 显存: 4.12 GB
surrogate_loss (vs forward.true_19):  tensor(20925.1523, device='cuda:0', grad_fn=<MseLossBackward0>)
[Step 98] Backward Propagation - Time: 4.2236s, Mem: -4411146240.00 B
[Step 98] PGD Update - Time: 0.0030s, Mem: -3588096.00 B

[Step 98] 完整步骤总时间: 6.208742s | 总显存: -180224.00 B
[Step 98] 峰值显存: 16.96 GB

[Step 99] ============ 详细性能分析 ============
[模型部分] 总时间: 1.951469s | 显存: 4.12 GB

[0-9秒 PDE求解详细性能]

[19秒 PDE求解]
  t=19s - 时间: 1.930571s | 显存: 0.00 B

[PDE求解部分] 总时间: 1.930571s | 显存: 0.00 B

[本步骤总计] 时间: 3.882041s | 显存: 4.12 GB
surrogate_loss (vs forward.true_19):  tensor(24126.6797, device='cuda:0', grad_fn=<MseLossBackward0>)
[Step 99] Backward Propagation - Time: 4.2401s, Mem: -4410531840.00 B
[Step 99] PGD Update - Time: 0.0042s, Mem: -3407872.00 B

[Step 99] 完整步骤总时间: 6.197989s | 总显存: 176.00 KB
[Step 99] 峰值显存: 16.96 GB
清理前显存占用: 13092.8798828125 MB
PGD攻击完成！显存已清理
当前显存占用: 2092.1298828125 MB
mode_spec = aaawwwwwww
Per-frame modes: [t=01] approx | [t=02] approx | [t=03] approx | [t=04] with_solver | [t=05] with_solver | [t=06] with_solver | [t=07] with_solver | [t=08] with_solver | [t=09] with_solver | [t=19] with_solver
================================================================================
norm: 2, epsilon: 13.1072, alpha: 10.0, num_steps: 100, index: 1, method: adam, mode_spec: aaawwwwwww, b1: 0.9, b2: 0.999, adam_eps: 1e-08, sign_Linf: True, amsgrad: False

[Step 0] ============ 详细性能分析 ============
[模型部分] 总时间: 1.977451s | 显存: 4.12 GB

[0-9秒 PDE求解详细性能]

[19秒 PDE求解]
  t=19s - 时间: 1.947258s | 显存: 0.00 B

[PDE求解部分] 总时间: 1.947258s | 显存: 0.00 B

[本步骤总计] 时间: 3.924709s | 显存: 4.12 GB
surrogate_loss (vs forward.true_19):  tensor(10839.1455, device='cuda:0', grad_fn=<MseLossBackward0>)
[Step 0] Backward Propagation - Time: 4.2636s, Mem: -4411990016.00 B
[Step 0] PGD Update - Time: 0.0013s, Mem: 1.75 MB

[Step 0] 完整步骤总时间: 6.244512s | 总显存: 5.25 MB
[Step 0] 峰值显存: 16.96 GB

[Step 1] ============ 详细性能分析 ============
[模型部分] 总时间: 1.937537s | 显存: 4.12 GB

[0-9秒 PDE求解详细性能]

[19秒 PDE求解]
  t=19s - 时间: 1.916259s | 显存: 0.00 B

[PDE求解部分] 总时间: 1.916259s | 显存: 0.00 B

[本步骤总计] 时间: 3.853796s | 显存: 4.12 GB
surrogate_loss (vs forward.true_19):  tensor(4780.5996, device='cuda:0', grad_fn=<MseLossBackward0>)
[Step 1] Backward Propagation - Time: 4.2523s, Mem: -4410531840.00 B
[Step 1] PGD Update - Time: 0.0026s, Mem: -3407872.00 B

[Step 1] 完整步骤总时间: 6.194402s | 总显存: 176.00 KB
[Step 1] 峰值显存: 16.96 GB

[Step 2] ============ 详细性能分析 ============
[模型部分] 总时间: 1.969296s | 显存: 4.12 GB

[0-9秒 PDE求解详细性能]

[19秒 PDE求解]
  t=19s - 时间: 1.948443s | 显存: 0.00 B

[PDE求解部分] 总时间: 1.948443s | 显存: 0.00 B

[本步骤总计] 时间: 3.917739s | 显存: 4.12 GB
surrogate_loss (vs forward.true_19):  tensor(2766.6460, device='cuda:0', grad_fn=<MseLossBackward0>)
[Step 2] Backward Propagation - Time: 4.2455s, Mem: -4411146240.00 B
[Step 2] PGD Update - Time: 0.0025s, Mem: -3588096.00 B

[Step 2] 完整步骤总时间: 6.219246s | 总显存: -180224.00 B
[Step 2] 峰值显存: 16.96 GB

[Step 3] ============ 详细性能分析 ============
[模型部分] 总时间: 1.939728s | 显存: 4.12 GB

[0-9秒 PDE求解详细性能]

[19秒 PDE求解]
  t=19s - 时间: 1.918884s | 显存: 0.00 B

[PDE求解部分] 总时间: 1.918884s | 显存: 0.00 B

[本步骤总计] 时间: 3.858612s | 显存: 4.12 GB
surrogate_loss (vs forward.true_19):  tensor(2113.9465, device='cuda:0', grad_fn=<MseLossBackward0>)
[Step 3] Backward Propagation - Time: 4.2235s, Mem: -4410531840.00 B
[Step 3] PGD Update - Time: 0.0028s, Mem: -3407872.00 B

[Step 3] 完整步骤总时间: 6.168151s | 总显存: 176.00 KB
[Step 3] 峰值显存: 16.96 GB

[Step 4] ============ 详细性能分析 ============
[模型部分] 总时间: 1.964826s | 显存: 4.12 GB

[0-9秒 PDE求解详细性能]

[19秒 PDE求解]
  t=19s - 时间: 1.943467s | 显存: 0.00 B

[PDE求解部分] 总时间: 1.943467s | 显存: 0.00 B

[本步骤总计] 时间: 3.908293s | 显存: 4.12 GB
surrogate_loss (vs forward.true_19):  tensor(2151.5469, device='cuda:0', grad_fn=<MseLossBackward0>)
[Step 4] Backward Propagation - Time: 4.2108s, Mem: -4411146240.00 B
[Step 4] PGD Update - Time: 0.0025s, Mem: -3588096.00 B

[Step 4] 完整步骤总时间: 6.180245s | 总显存: -180224.00 B
[Step 4] 峰值显存: 16.96 GB

[Step 5] ============ 详细性能分析 ============
[模型部分] 总时间: 1.963691s | 显存: 4.12 GB

[0-9秒 PDE求解详细性能]

[19秒 PDE求解]
  t=19s - 时间: 1.942746s | 显存: 0.00 B

[PDE求解部分] 总时间: 1.942746s | 显存: 0.00 B

[本步骤总计] 时间: 3.906438s | 显存: 4.12 GB
surrogate_loss (vs forward.true_19):  tensor(2114.9839, device='cuda:0', grad_fn=<MseLossBackward0>)
[Step 5] Backward Propagation - Time: 4.2499s, Mem: -4410531840.00 B
[Step 5] PGD Update - Time: 0.0024s, Mem: -3407872.00 B

[Step 5] 完整步骤总时间: 6.217923s | 总显存: 176.00 KB
[Step 5] 峰值显存: 16.96 GB

[Step 6] ============ 详细性能分析 ============
[模型部分] 总时间: 1.963694s | 显存: 4.12 GB

[0-9秒 PDE求解详细性能]

[19秒 PDE求解]
  t=19s - 时间: 1.942784s | 显存: 0.00 B

[PDE求解部分] 总时间: 1.942784s | 显存: 0.00 B

[本步骤总计] 时间: 3.906479s | 显存: 4.12 GB
surrogate_loss (vs forward.true_19):  tensor(2010.4703, device='cuda:0', grad_fn=<MseLossBackward0>)
[Step 6] Backward Propagation - Time: 4.2432s, Mem: -4411146240.00 B
[Step 6] PGD Update - Time: 0.0039s, Mem: -3588096.00 B

[Step 6] 完整步骤总时间: 6.213433s | 总显存: -180224.00 B
[Step 6] 峰值显存: 16.96 GB

[Step 7] ============ 详细性能分析 ============
[模型部分] 总时间: 1.984348s | 显存: 4.12 GB

[0-9秒 PDE求解详细性能]

[19秒 PDE求解]
  t=19s - 时间: 1.963391s | 显存: 0.00 B

[PDE求解部分] 总时间: 1.963391s | 显存: 0.00 B

[本步骤总计] 时间: 3.947739s | 显存: 4.12 GB
surrogate_loss (vs forward.true_19):  tensor(1890.0491, device='cuda:0', grad_fn=<MseLossBackward0>)
[Step 7] Backward Propagation - Time: 4.2270s, Mem: -4410531840.00 B
[Step 7] PGD Update - Time: 0.0031s, Mem: -3407872.00 B

[Step 7] 完整步骤总时间: 6.216567s | 总显存: 176.00 KB
[Step 7] 峰值显存: 16.96 GB

[Step 8] ============ 详细性能分析 ============
[模型部分] 总时间: 1.942384s | 显存: 4.12 GB

[0-9秒 PDE求解详细性能]

[19秒 PDE求解]
  t=19s - 时间: 1.921592s | 显存: 0.00 B

[PDE求解部分] 总时间: 1.921592s | 显存: 0.00 B

[本步骤总计] 时间: 3.863976s | 显存: 4.12 GB
surrogate_loss (vs forward.true_19):  tensor(2002.1628, device='cuda:0', grad_fn=<MseLossBackward0>)
[Step 8] Backward Propagation - Time: 4.2108s, Mem: -4411146240.00 B
[Step 8] PGD Update - Time: 0.0025s, Mem: -3588096.00 B

[Step 8] 完整步骤总时间: 6.157434s | 总显存: -180224.00 B
[Step 8] 峰值显存: 16.96 GB

[Step 9] ============ 详细性能分析 ============
[模型部分] 总时间: 1.956759s | 显存: 4.12 GB

[0-9秒 PDE求解详细性能]

[19秒 PDE求解]
  t=19s - 时间: 1.935928s | 显存: 0.00 B

[PDE求解部分] 总时间: 1.935928s | 显存: 0.00 B

[本步骤总计] 时间: 3.892688s | 显存: 4.12 GB
surrogate_loss (vs forward.true_19):  tensor(2095.4431, device='cuda:0', grad_fn=<MseLossBackward0>)
[Step 9] Backward Propagation - Time: 4.2078s, Mem: -4410531840.00 B
[Step 9] PGD Update - Time: 0.0025s, Mem: -3407872.00 B

[Step 9] 完整步骤总时间: 6.168973s | 总显存: 176.00 KB
[Step 9] 峰值显存: 16.96 GB

[Step 10] ============ 详细性能分析 ============
[模型部分] 总时间: 1.960345s | 显存: 4.12 GB

[0-9秒 PDE求解详细性能]

[19秒 PDE求解]
  t=19s - 时间: 1.939466s | 显存: 0.00 B

[PDE求解部分] 总时间: 1.939466s | 显存: 0.00 B

[本步骤总计] 时间: 3.899811s | 显存: 4.12 GB
surrogate_loss (vs forward.true_19):  tensor(2142.6350, device='cuda:0', grad_fn=<MseLossBackward0>)
[Step 10] Backward Propagation - Time: 4.2020s, Mem: -4411146240.00 B
[Step 10] PGD Update - Time: 0.0027s, Mem: -3588096.00 B

[Step 10] 完整步骤总时间: 6.167118s | 总显存: -180224.00 B
[Step 10] 峰值显存: 16.96 GB

[Step 11] ============ 详细性能分析 ============
[模型部分] 总时间: 1.938860s | 显存: 4.12 GB

[0-9秒 PDE求解详细性能]

[19秒 PDE求解]
  t=19s - 时间: 1.918072s | 显存: 0.00 B

[PDE求解部分] 总时间: 1.918072s | 显存: 0.00 B

[本步骤总计] 时间: 3.856931s | 显存: 4.12 GB
surrogate_loss (vs forward.true_19):  tensor(2153.7432, device='cuda:0', grad_fn=<MseLossBackward0>)
[Step 11] Backward Propagation - Time: 4.2207s, Mem: -4410531840.00 B
[Step 11] PGD Update - Time: 0.0029s, Mem: -3407872.00 B

[Step 11] 完整步骤总时间: 6.164446s | 总显存: 176.00 KB
[Step 11] 峰值显存: 16.96 GB

[Step 12] ============ 详细性能分析 ============
[模型部分] 总时间: 1.947430s | 显存: 4.12 GB

[0-9秒 PDE求解详细性能]

[19秒 PDE求解]
  t=19s - 时间: 1.926590s | 显存: 0.00 B

[PDE求解部分] 总时间: 1.926590s | 显存: 0.00 B

[本步骤总计] 时间: 3.874019s | 显存: 4.12 GB
surrogate_loss (vs forward.true_19):  tensor(2145.0081, device='cuda:0', grad_fn=<MseLossBackward0>)
[Step 12] Backward Propagation - Time: 4.1848s, Mem: -4411146240.00 B
[Step 12] PGD Update - Time: 0.0029s, Mem: -3588096.00 B

[Step 12] 完整步骤总时间: 6.137302s | 总显存: -180224.00 B
[Step 12] 峰值显存: 16.96 GB

[Step 13] ============ 详细性能分析 ============
[模型部分] 总时间: 1.951080s | 显存: 4.12 GB

[0-9秒 PDE求解详细性能]

[19秒 PDE求解]
  t=19s - 时间: 1.930038s | 显存: 0.00 B

[PDE求解部分] 总时间: 1.930038s | 显存: 0.00 B

[本步骤总计] 时间: 3.881118s | 显存: 4.12 GB
surrogate_loss (vs forward.true_19):  tensor(2162.9443, device='cuda:0', grad_fn=<MseLossBackward0>)
[Step 13] Backward Propagation - Time: 4.2260s, Mem: -4410531840.00 B
[Step 13] PGD Update - Time: 0.0032s, Mem: -3407872.00 B

[Step 13] 完整步骤总时间: 6.182621s | 总显存: 176.00 KB
[Step 13] 峰值显存: 16.96 GB

[Step 14] ============ 详细性能分析 ============
[模型部分] 总时间: 1.959733s | 显存: 4.12 GB

[0-9秒 PDE求解详细性能]

[19秒 PDE求解]
  t=19s - 时间: 1.938478s | 显存: 0.00 B

[PDE求解部分] 总时间: 1.938478s | 显存: 0.00 B

[本步骤总计] 时间: 3.898211s | 显存: 4.12 GB
surrogate_loss (vs forward.true_19):  tensor(2198.9719, device='cuda:0', grad_fn=<MseLossBackward0>)
[Step 14] Backward Propagation - Time: 5.9221s, Mem: -4411146240.00 B
[Step 14] PGD Update - Time: 0.0031s, Mem: -3588096.00 B

[Step 14] 完整步骤总时间: 7.887211s | 总显存: -180224.00 B
[Step 14] 峰值显存: 16.96 GB

[Step 15] ============ 详细性能分析 ============
[模型部分] 总时间: 15.320968s | 显存: 4.12 GB

[0-9秒 PDE求解详细性能]

[19秒 PDE求解]
  t=19s - 时间: 15.299627s | 显存: 0.00 B

[PDE求解部分] 总时间: 15.299627s | 显存: 0.00 B

[本步骤总计] 时间: 30.620595s | 显存: 4.12 GB
surrogate_loss (vs forward.true_19):  tensor(2237.0327, device='cuda:0', grad_fn=<MseLossBackward0>)
[Step 15] Backward Propagation - Time: 4.7835s, Mem: -4410531840.00 B
[Step 15] PGD Update - Time: 0.0031s, Mem: -3407872.00 B

[Step 15] 完整步骤总时间: 20.109857s | 总显存: 176.00 KB
[Step 15] 峰值显存: 16.96 GB

[Step 16] ============ 详细性能分析 ============
[模型部分] 总时间: 1.958155s | 显存: 4.12 GB

[0-9秒 PDE求解详细性能]

[19秒 PDE求解]
  t=19s - 时间: 1.937087s | 显存: 0.00 B

[PDE求解部分] 总时间: 1.937087s | 显存: 0.00 B

[本步骤总计] 时间: 3.895243s | 显存: 4.12 GB
surrogate_loss (vs forward.true_19):  tensor(2269.8091, device='cuda:0', grad_fn=<MseLossBackward0>)
[Step 16] Backward Propagation - Time: 4.1901s, Mem: -4411146240.00 B
[Step 16] PGD Update - Time: 0.0042s, Mem: -3588096.00 B

[Step 16] 完整步骤总时间: 6.155063s | 总显存: -180224.00 B
[Step 16] 峰值显存: 16.96 GB

[Step 17] ============ 详细性能分析 ============
[模型部分] 总时间: 1.988239s | 显存: 4.12 GB

[0-9秒 PDE求解详细性能]

[19秒 PDE求解]
  t=19s - 时间: 1.966370s | 显存: 0.00 B

[PDE求解部分] 总时间: 1.966370s | 显存: 0.00 B

[本步骤总计] 时间: 3.954609s | 显存: 4.12 GB
surrogate_loss (vs forward.true_19):  tensor(2294.5149, device='cuda:0', grad_fn=<MseLossBackward0>)
[Step 17] Backward Propagation - Time: 4.2881s, Mem: -4410531840.00 B
[Step 17] PGD Update - Time: 0.0032s, Mem: -3407872.00 B

[Step 17] 完整步骤总时间: 6.281716s | 总显存: 176.00 KB
[Step 17] 峰值显存: 16.96 GB

[Step 18] ============ 详细性能分析 ============
[模型部分] 总时间: 1.959446s | 显存: 4.12 GB

[0-9秒 PDE求解详细性能]

[19秒 PDE求解]
  t=19s - 时间: 1.938475s | 显存: 0.00 B

[PDE求解部分] 总时间: 1.938475s | 显存: 0.00 B

[本步骤总计] 时间: 3.897921s | 显存: 4.12 GB
surrogate_loss (vs forward.true_19):  tensor(2312.8708, device='cuda:0', grad_fn=<MseLossBackward0>)
[Step 18] Backward Propagation - Time: 4.7824s, Mem: -4411146240.00 B
[Step 18] PGD Update - Time: 0.0032s, Mem: -3588096.00 B

[Step 18] 完整步骤总时间: 6.747091s | 总显存: -180224.00 B
[Step 18] 峰值显存: 16.96 GB

[Step 19] ============ 详细性能分析 ============
[模型部分] 总时间: 1.945629s | 显存: 4.12 GB

[0-9秒 PDE求解详细性能]

[19秒 PDE求解]
  t=19s - 时间: 1.924762s | 显存: 0.00 B

[PDE求解部分] 总时间: 1.924762s | 显存: 0.00 B

[本步骤总计] 时间: 3.870391s | 显存: 4.12 GB
surrogate_loss (vs forward.true_19):  tensor(2327.5007, device='cuda:0', grad_fn=<MseLossBackward0>)
[Step 19] Backward Propagation - Time: 4.1965s, Mem: -4410531840.00 B
[Step 19] PGD Update - Time: 0.0030s, Mem: -3407872.00 B

[Step 19] 完整步骤总时间: 6.147326s | 总显存: 176.00 KB
[Step 19] 峰值显存: 16.96 GB

[Step 20] ============ 详细性能分析 ============
[模型部分] 总时间: 1.966998s | 显存: 4.12 GB

[0-9秒 PDE求解详细性能]

[19秒 PDE求解]
  t=19s - 时间: 1.946066s | 显存: 0.00 B

[PDE求解部分] 总时间: 1.946066s | 显存: 0.00 B

[本步骤总计] 时间: 3.913064s | 显存: 4.12 GB
surrogate_loss (vs forward.true_19):  tensor(2339.7119, device='cuda:0', grad_fn=<MseLossBackward0>)
[Step 20] Backward Propagation - Time: 4.2213s, Mem: -4411146240.00 B
[Step 20] PGD Update - Time: 0.0028s, Mem: -3588096.00 B

[Step 20] 完整步骤总时间: 6.193258s | 总显存: -180224.00 B
[Step 20] 峰值显存: 16.96 GB

[Step 21] ============ 详细性能分析 ============
[模型部分] 总时间: 1.943807s | 显存: 4.12 GB

[0-9秒 PDE求解详细性能]

[19秒 PDE求解]
  t=19s - 时间: 1.922729s | 显存: 0.00 B

[PDE求解部分] 总时间: 1.922729s | 显存: 0.00 B

[本步骤总计] 时间: 3.866536s | 显存: 4.12 GB
surrogate_loss (vs forward.true_19):  tensor(2351.7332, device='cuda:0', grad_fn=<MseLossBackward0>)
[Step 21] Backward Propagation - Time: 4.2498s, Mem: -4410531840.00 B
[Step 21] PGD Update - Time: 0.0029s, Mem: -3407872.00 B

[Step 21] 完整步骤总时间: 6.198602s | 总显存: 176.00 KB
[Step 21] 峰值显存: 16.96 GB

[Step 22] ============ 详细性能分析 ============
[模型部分] 总时间: 1.958862s | 显存: 4.12 GB

[0-9秒 PDE求解详细性能]

[19秒 PDE求解]
  t=19s - 时间: 1.937873s | 显存: 0.00 B

[PDE求解部分] 总时间: 1.937873s | 显存: 0.00 B

[本步骤总计] 时间: 3.896735s | 显存: 4.12 GB
surrogate_loss (vs forward.true_19):  tensor(2363.6646, device='cuda:0', grad_fn=<MseLossBackward0>)
[Step 22] Backward Propagation - Time: 4.2345s, Mem: -4411146240.00 B
[Step 22] PGD Update - Time: 0.0033s, Mem: -3588096.00 B

[Step 22] 完整步骤总时间: 6.199019s | 总显存: -180224.00 B
[Step 22] 峰值显存: 16.96 GB

[Step 23] ============ 详细性能分析 ============
[模型部分] 总时间: 1.946960s | 显存: 4.12 GB

[0-9秒 PDE求解详细性能]

[19秒 PDE求解]
  t=19s - 时间: 1.925974s | 显存: 0.00 B

[PDE求解部分] 总时间: 1.925974s | 显存: 0.00 B

[本步骤总计] 时间: 3.872935s | 显存: 4.12 GB
surrogate_loss (vs forward.true_19):  tensor(2375.8887, device='cuda:0', grad_fn=<MseLossBackward0>)
[Step 23] Backward Propagation - Time: 4.1932s, Mem: -4410531840.00 B
[Step 23] PGD Update - Time: 0.0034s, Mem: -3407872.00 B

[Step 23] 完整步骤总时间: 6.145922s | 总显存: 176.00 KB
[Step 23] 峰值显存: 16.96 GB

[Step 24] ============ 详细性能分析 ============
[模型部分] 总时间: 1.963007s | 显存: 4.12 GB

[0-9秒 PDE求解详细性能]

[19秒 PDE求解]
  t=19s - 时间: 1.941641s | 显存: 0.00 B

[PDE求解部分] 总时间: 1.941641s | 显存: 0.00 B

[本步骤总计] 时间: 3.904648s | 显存: 4.12 GB
surrogate_loss (vs forward.true_19):  tensor(2386.9702, device='cuda:0', grad_fn=<MseLossBackward0>)
[Step 24] Backward Propagation - Time: 4.1980s, Mem: -4411146240.00 B
[Step 24] PGD Update - Time: 0.0033s, Mem: -3588096.00 B

[Step 24] 完整步骤总时间: 6.166621s | 总显存: -180224.00 B
[Step 24] 峰值显存: 16.96 GB

[Step 25] ============ 详细性能分析 ============
[模型部分] 总时间: 1.961283s | 显存: 4.12 GB

[0-9秒 PDE求解详细性能]

[19秒 PDE求解]
  t=19s - 时间: 1.940337s | 显存: 0.00 B

[PDE求解部分] 总时间: 1.940337s | 显存: 0.00 B

[本步骤总计] 时间: 3.901620s | 显存: 4.12 GB
surrogate_loss (vs forward.true_19):  tensor(2397.4360, device='cuda:0', grad_fn=<MseLossBackward0>)
[Step 25] Backward Propagation - Time: 4.2103s, Mem: -4410531840.00 B
[Step 25] PGD Update - Time: 0.0032s, Mem: -3407872.00 B

[Step 25] 完整步骤总时间: 6.177031s | 总显存: 176.00 KB
[Step 25] 峰值显存: 16.96 GB

[Step 26] ============ 详细性能分析 ============
[模型部分] 总时间: 1.950998s | 显存: 4.12 GB

[0-9秒 PDE求解详细性能]

[19秒 PDE求解]
  t=19s - 时间: 1.930043s | 显存: 0.00 B

[PDE求解部分] 总时间: 1.930043s | 显存: 0.00 B

[本步骤总计] 时间: 3.881041s | 显存: 4.12 GB
surrogate_loss (vs forward.true_19):  tensor(2407.2515, device='cuda:0', grad_fn=<MseLossBackward0>)
[Step 26] Backward Propagation - Time: 4.1841s, Mem: -4411146240.00 B
[Step 26] PGD Update - Time: 0.0030s, Mem: -3588096.00 B

[Step 26] 完整步骤总时间: 6.140175s | 总显存: -180224.00 B
[Step 26] 峰值显存: 16.96 GB

[Step 27] ============ 详细性能分析 ============
[模型部分] 总时间: 1.954232s | 显存: 4.12 GB

[0-9秒 PDE求解详细性能]

[19秒 PDE求解]
  t=19s - 时间: 1.933119s | 显存: 0.00 B

[PDE求解部分] 总时间: 1.933119s | 显存: 0.00 B

[本步骤总计] 时间: 3.887351s | 显存: 4.12 GB
surrogate_loss (vs forward.true_19):  tensor(2416.4272, device='cuda:0', grad_fn=<MseLossBackward0>)
[Step 27] Backward Propagation - Time: 4.2039s, Mem: -4410531840.00 B
[Step 27] PGD Update - Time: 0.0040s, Mem: -3407872.00 B

[Step 27] 完整步骤总时间: 6.164179s | 总显存: 176.00 KB
[Step 27] 峰值显存: 16.96 GB

[Step 28] ============ 详细性能分析 ============
[模型部分] 总时间: 1.944010s | 显存: 4.12 GB

[0-9秒 PDE求解详细性能]

[19秒 PDE求解]
  t=19s - 时间: 1.923143s | 显存: 0.00 B

[PDE求解部分] 总时间: 1.923143s | 显存: 0.00 B

[本步骤总计] 时间: 3.867153s | 显存: 4.12 GB
surrogate_loss (vs forward.true_19):  tensor(2425.3647, device='cuda:0', grad_fn=<MseLossBackward0>)
[Step 28] Backward Propagation - Time: 4.2360s, Mem: -4411146240.00 B
[Step 28] PGD Update - Time: 0.0033s, Mem: -3588096.00 B

[Step 28] 完整步骤总时间: 6.185373s | 总显存: -180224.00 B
[Step 28] 峰值显存: 16.96 GB

[Step 29] ============ 详细性能分析 ============
[模型部分] 总时间: 1.957414s | 显存: 4.12 GB

[0-9秒 PDE求解详细性能]

[19秒 PDE求解]
  t=19s - 时间: 1.936543s | 显存: 0.00 B

[PDE求解部分] 总时间: 1.936543s | 显存: 0.00 B

[本步骤总计] 时间: 3.893957s | 显存: 4.12 GB
surrogate_loss (vs forward.true_19):  tensor(2434.1865, device='cuda:0', grad_fn=<MseLossBackward0>)
[Step 29] Backward Propagation - Time: 4.2262s, Mem: -4410531840.00 B
[Step 29] PGD Update - Time: 0.0033s, Mem: -3407872.00 B

[Step 29] 完整步骤总时间: 6.188948s | 总显存: 176.00 KB
[Step 29] 峰值显存: 16.96 GB

[Step 30] ============ 详细性能分析 ============
[模型部分] 总时间: 1.940051s | 显存: 4.12 GB

[0-9秒 PDE求解详细性能]

[19秒 PDE求解]
  t=19s - 时间: 1.919138s | 显存: 0.00 B

[PDE求解部分] 总时间: 1.919138s | 显存: 0.00 B

[本步骤总计] 时间: 3.859190s | 显存: 4.12 GB
surrogate_loss (vs forward.true_19):  tensor(2443.1274, device='cuda:0', grad_fn=<MseLossBackward0>)
[Step 30] Backward Propagation - Time: 4.2482s, Mem: -4411146240.00 B
[Step 30] PGD Update - Time: 0.0030s, Mem: -3588096.00 B

[Step 30] 完整步骤总时间: 6.193404s | 总显存: -180224.00 B
[Step 30] 峰值显存: 16.96 GB

[Step 31] ============ 详细性能分析 ============
[模型部分] 总时间: 1.963931s | 显存: 4.12 GB

[0-9秒 PDE求解详细性能]

[19秒 PDE求解]
  t=19s - 时间: 1.942749s | 显存: 0.00 B

[PDE求解部分] 总时间: 1.942749s | 显存: 0.00 B

[本步骤总计] 时间: 3.906680s | 显存: 4.12 GB
surrogate_loss (vs forward.true_19):  tensor(2451.3462, device='cuda:0', grad_fn=<MseLossBackward0>)
[Step 31] Backward Propagation - Time: 4.2377s, Mem: -4410531840.00 B
[Step 31] PGD Update - Time: 0.0033s, Mem: -3407872.00 B

[Step 31] 完整步骤总时间: 6.207081s | 总显存: 176.00 KB
[Step 31] 峰值显存: 16.96 GB

[Step 32] ============ 详细性能分析 ============
[模型部分] 总时间: 1.948075s | 显存: 4.12 GB

[0-9秒 PDE求解详细性能]

[19秒 PDE求解]
  t=19s - 时间: 1.927215s | 显存: 0.00 B

[PDE求解部分] 总时间: 1.927215s | 显存: 0.00 B

[本步骤总计] 时间: 3.875290s | 显存: 4.12 GB
surrogate_loss (vs forward.true_19):  tensor(2459.9792, device='cuda:0', grad_fn=<MseLossBackward0>)
[Step 32] Backward Propagation - Time: 4.2461s, Mem: -4411146240.00 B
[Step 32] PGD Update - Time: 0.0033s, Mem: -3588096.00 B

[Step 32] 完整步骤总时间: 6.199715s | 总显存: -180224.00 B
[Step 32] 峰值显存: 16.96 GB

[Step 33] ============ 详细性能分析 ============
[模型部分] 总时间: 1.953249s | 显存: 4.12 GB

[0-9秒 PDE求解详细性能]

[19秒 PDE求解]
  t=19s - 时间: 1.932198s | 显存: 0.00 B

[PDE求解部分] 总时间: 1.932198s | 显存: 0.00 B

[本步骤总计] 时间: 3.885448s | 显存: 4.12 GB
surrogate_loss (vs forward.true_19):  tensor(2467.9590, device='cuda:0', grad_fn=<MseLossBackward0>)
[Step 33] Backward Propagation - Time: 4.2495s, Mem: -4410531840.00 B
[Step 33] PGD Update - Time: 0.0032s, Mem: -3407872.00 B

[Step 33] 完整步骤总时间: 6.208337s | 总显存: 176.00 KB
[Step 33] 峰值显存: 16.96 GB

[Step 34] ============ 详细性能分析 ============
[模型部分] 总时间: 1.962940s | 显存: 4.12 GB

[0-9秒 PDE求解详细性能]

[19秒 PDE求解]
  t=19s - 时间: 1.941586s | 显存: 0.00 B

[PDE求解部分] 总时间: 1.941586s | 显存: 0.00 B

[本步骤总计] 时间: 3.904526s | 显存: 4.12 GB
surrogate_loss (vs forward.true_19):  tensor(2476.5557, device='cuda:0', grad_fn=<MseLossBackward0>)
[Step 34] Backward Propagation - Time: 4.2480s, Mem: -4411146240.00 B
[Step 34] PGD Update - Time: 0.0034s, Mem: -3588096.00 B

[Step 34] 完整步骤总时间: 6.216593s | 总显存: -180224.00 B
[Step 34] 峰值显存: 16.96 GB

[Step 35] ============ 详细性能分析 ============
[模型部分] 总时间: 1.962261s | 显存: 4.12 GB

[0-9秒 PDE求解详细性能]

[19秒 PDE求解]
  t=19s - 时间: 1.941311s | 显存: 0.00 B

[PDE求解部分] 总时间: 1.941311s | 显存: 0.00 B

[本步骤总计] 时间: 3.903572s | 显存: 4.12 GB
surrogate_loss (vs forward.true_19):  tensor(2484.2668, device='cuda:0', grad_fn=<MseLossBackward0>)
[Step 35] Backward Propagation - Time: 4.2104s, Mem: -4410531840.00 B
[Step 35] PGD Update - Time: 0.0031s, Mem: -3407872.00 B

[Step 35] 完整步骤总时间: 6.177943s | 总显存: 176.00 KB
[Step 35] 峰值显存: 16.96 GB

[Step 36] ============ 详细性能分析 ============
[模型部分] 总时间: 1.990835s | 显存: 4.12 GB

[0-9秒 PDE求解详细性能]

[19秒 PDE求解]
  t=19s - 时间: 1.969880s | 显存: 0.00 B

[PDE求解部分] 总时间: 1.969880s | 显存: 0.00 B

[本步骤总计] 时间: 3.960715s | 显存: 4.12 GB
surrogate_loss (vs forward.true_19):  tensor(2492.2639, device='cuda:0', grad_fn=<MseLossBackward0>)
[Step 36] Backward Propagation - Time: 4.1883s, Mem: -4411146240.00 B
[Step 36] PGD Update - Time: 0.0045s, Mem: -3588096.00 B

[Step 36] 完整步骤总时间: 6.186368s | 总显存: -180224.00 B
[Step 36] 峰值显存: 16.96 GB

[Step 37] ============ 详细性能分析 ============
[模型部分] 总时间: 1.961237s | 显存: 4.12 GB

[0-9秒 PDE求解详细性能]

[19秒 PDE求解]
  t=19s - 时间: 1.940299s | 显存: 0.00 B

[PDE求解部分] 总时间: 1.940299s | 显存: 0.00 B

[本步骤总计] 时间: 3.901536s | 显存: 4.12 GB
surrogate_loss (vs forward.true_19):  tensor(2500.0930, device='cuda:0', grad_fn=<MseLossBackward0>)
[Step 37] Backward Propagation - Time: 4.2199s, Mem: -4410531840.00 B
[Step 37] PGD Update - Time: 0.0034s, Mem: -3407872.00 B

[Step 37] 完整步骤总时间: 6.186664s | 总显存: 176.00 KB
[Step 37] 峰值显存: 16.96 GB

[Step 38] ============ 详细性能分析 ============
[模型部分] 总时间: 1.952772s | 显存: 4.12 GB

[0-9秒 PDE求解详细性能]

[19秒 PDE求解]
  t=19s - 时间: 1.931828s | 显存: 0.00 B

[PDE求解部分] 总时间: 1.931828s | 显存: 0.00 B

[本步骤总计] 时间: 3.884600s | 显存: 4.12 GB
surrogate_loss (vs forward.true_19):  tensor(2508.1418, device='cuda:0', grad_fn=<MseLossBackward0>)
[Step 38] Backward Propagation - Time: 4.2283s, Mem: -4411146240.00 B
[Step 38] PGD Update - Time: 0.0032s, Mem: -3588096.00 B

[Step 38] 完整步骤总时间: 6.186436s | 总显存: -180224.00 B
[Step 38] 峰值显存: 16.96 GB

[Step 39] ============ 详细性能分析 ============
[模型部分] 总时间: 1.959787s | 显存: 4.12 GB

[0-9秒 PDE求解详细性能]

[19秒 PDE求解]
  t=19s - 时间: 1.938927s | 显存: 0.00 B

[PDE求解部分] 总时间: 1.938927s | 显存: 0.00 B

[本步骤总计] 时间: 3.898714s | 显存: 4.12 GB
surrogate_loss (vs forward.true_19):  tensor(2515.8428, device='cuda:0', grad_fn=<MseLossBackward0>)
[Step 39] Backward Propagation - Time: 4.1939s, Mem: -4410531840.00 B
[Step 39] PGD Update - Time: 0.0031s, Mem: -3407872.00 B

[Step 39] 完整步骤总时间: 6.158821s | 总显存: 176.00 KB
[Step 39] 峰值显存: 16.96 GB

[Step 40] ============ 详细性能分析 ============
[模型部分] 总时间: 1.947797s | 显存: 4.12 GB

[0-9秒 PDE求解详细性能]

[19秒 PDE求解]
  t=19s - 时间: 1.926671s | 显存: 0.00 B

[PDE求解部分] 总时间: 1.926671s | 显存: 0.00 B

[本步骤总计] 时间: 3.874468s | 显存: 4.12 GB
surrogate_loss (vs forward.true_19):  tensor(2523.3550, device='cuda:0', grad_fn=<MseLossBackward0>)
[Step 40] Backward Propagation - Time: 4.2009s, Mem: -4411146240.00 B
[Step 40] PGD Update - Time: 0.0033s, Mem: -3588096.00 B

[Step 40] 完整步骤总时间: 6.154141s | 总显存: -180224.00 B
[Step 40] 峰值显存: 16.96 GB

[Step 41] ============ 详细性能分析 ============
[模型部分] 总时间: 1.946594s | 显存: 4.12 GB

[0-9秒 PDE求解详细性能]

[19秒 PDE求解]
  t=19s - 时间: 1.925843s | 显存: 0.00 B

[PDE求解部分] 总时间: 1.925843s | 显存: 0.00 B

[本步骤总计] 时间: 3.872437s | 显存: 4.12 GB
surrogate_loss (vs forward.true_19):  tensor(2530.8574, device='cuda:0', grad_fn=<MseLossBackward0>)
[Step 41] Backward Propagation - Time: 4.2285s, Mem: -4410531840.00 B
[Step 41] PGD Update - Time: 0.0032s, Mem: -3407872.00 B

[Step 41] 完整步骤总时间: 6.180430s | 总显存: 176.00 KB
[Step 41] 峰值显存: 16.96 GB

[Step 42] ============ 详细性能分析 ============
[模型部分] 总时间: 1.955724s | 显存: 4.12 GB

[0-9秒 PDE求解详细性能]

[19秒 PDE求解]
  t=19s - 时间: 1.934806s | 显存: 0.00 B

[PDE求解部分] 总时间: 1.934806s | 显存: 0.00 B

[本步骤总计] 时间: 3.890531s | 显存: 4.12 GB
surrogate_loss (vs forward.true_19):  tensor(2538.6597, device='cuda:0', grad_fn=<MseLossBackward0>)
[Step 42] Backward Propagation - Time: 4.2094s, Mem: -4411146240.00 B
[Step 42] PGD Update - Time: 0.0031s, Mem: -3588096.00 B

[Step 42] 完整步骤总时间: 6.170504s | 总显存: -180224.00 B
[Step 42] 峰值显存: 16.96 GB

[Step 43] ============ 详细性能分析 ============
[模型部分] 总时间: 1.960511s | 显存: 4.12 GB

[0-9秒 PDE求解详细性能]

[19秒 PDE求解]
  t=19s - 时间: 1.939356s | 显存: 0.00 B

[PDE求解部分] 总时间: 1.939356s | 显存: 0.00 B

[本步骤总计] 时间: 3.899868s | 显存: 4.12 GB
surrogate_loss (vs forward.true_19):  tensor(2545.7925, device='cuda:0', grad_fn=<MseLossBackward0>)
[Step 43] Backward Propagation - Time: 4.2175s, Mem: -4410531840.00 B
[Step 43] PGD Update - Time: 0.0031s, Mem: -3407872.00 B

[Step 43] 完整步骤总时间: 6.183336s | 总显存: 176.00 KB
[Step 43] 峰值显存: 16.96 GB

[Step 44] ============ 详细性能分析 ============
[模型部分] 总时间: 1.944695s | 显存: 4.12 GB

[0-9秒 PDE求解详细性能]

[19秒 PDE求解]
  t=19s - 时间: 1.923440s | 显存: 0.00 B

[PDE求解部分] 总时间: 1.923440s | 显存: 0.00 B

[本步骤总计] 时间: 3.868136s | 显存: 4.12 GB
surrogate_loss (vs forward.true_19):  tensor(2552.9775, device='cuda:0', grad_fn=<MseLossBackward0>)
[Step 44] Backward Propagation - Time: 4.2313s, Mem: -4411146240.00 B
[Step 44] PGD Update - Time: 0.0032s, Mem: -3588096.00 B

[Step 44] 完整步骤总时间: 6.181541s | 总显存: -180224.00 B
[Step 44] 峰值显存: 16.96 GB

[Step 45] ============ 详细性能分析 ============
[模型部分] 总时间: 1.959879s | 显存: 4.12 GB

[0-9秒 PDE求解详细性能]

[19秒 PDE求解]
  t=19s - 时间: 1.938813s | 显存: 0.00 B

[PDE求解部分] 总时间: 1.938813s | 显存: 0.00 B

[本步骤总计] 时间: 3.898692s | 显存: 4.12 GB
surrogate_loss (vs forward.true_19):  tensor(2560.2983, device='cuda:0', grad_fn=<MseLossBackward0>)
[Step 45] Backward Propagation - Time: 4.1964s, Mem: -4410531840.00 B
[Step 45] PGD Update - Time: 0.0029s, Mem: -3407872.00 B

[Step 45] 完整步骤总时间: 6.161394s | 总显存: 176.00 KB
[Step 45] 峰值显存: 16.96 GB

[Step 46] ============ 详细性能分析 ============
[模型部分] 总时间: 1.957589s | 显存: 4.12 GB

[0-9秒 PDE求解详细性能]

[19秒 PDE求解]
  t=19s - 时间: 1.936758s | 显存: 0.00 B

[PDE求解部分] 总时间: 1.936758s | 显存: 0.00 B

[本步骤总计] 时间: 3.894347s | 显存: 4.12 GB
surrogate_loss (vs forward.true_19):  tensor(2567.4453, device='cuda:0', grad_fn=<MseLossBackward0>)
[Step 46] Backward Propagation - Time: 4.2265s, Mem: -4411146240.00 B
[Step 46] PGD Update - Time: 0.0031s, Mem: -3588096.00 B

[Step 46] 完整步骤总时间: 6.189284s | 总显存: -180224.00 B
[Step 46] 峰值显存: 16.96 GB

[Step 47] ============ 详细性能分析 ============
[模型部分] 总时间: 1.961714s | 显存: 4.12 GB

[0-9秒 PDE求解详细性能]

[19秒 PDE求解]
  t=19s - 时间: 1.940585s | 显存: 0.00 B

[PDE求解部分] 总时间: 1.940585s | 显存: 0.00 B

[本步骤总计] 时间: 3.902299s | 显存: 4.12 GB
surrogate_loss (vs forward.true_19):  tensor(2574.8359, device='cuda:0', grad_fn=<MseLossBackward0>)
[Step 47] Backward Propagation - Time: 4.2220s, Mem: -4410531840.00 B
[Step 47] PGD Update - Time: 0.0040s, Mem: -3407872.00 B

[Step 47] 完整步骤总时间: 6.189901s | 总显存: 176.00 KB
[Step 47] 峰值显存: 16.96 GB

[Step 48] ============ 详细性能分析 ============
[模型部分] 总时间: 1.953750s | 显存: 4.12 GB

[0-9秒 PDE求解详细性能]

[19秒 PDE求解]
  t=19s - 时间: 1.932734s | 显存: 0.00 B

[PDE求解部分] 总时间: 1.932734s | 显存: 0.00 B

[本步骤总计] 时间: 3.886483s | 显存: 4.12 GB
surrogate_loss (vs forward.true_19):  tensor(2581.7964, device='cuda:0', grad_fn=<MseLossBackward0>)
[Step 48] Backward Propagation - Time: 4.2355s, Mem: -4411146240.00 B
[Step 48] PGD Update - Time: 0.0034s, Mem: -3588096.00 B

[Step 48] 完整步骤总时间: 6.194707s | 总显存: -180224.00 B
[Step 48] 峰值显存: 16.96 GB

[Step 49] ============ 详细性能分析 ============
[模型部分] 总时间: 1.971055s | 显存: 4.12 GB

[0-9秒 PDE求解详细性能]

[19秒 PDE求解]
  t=19s - 时间: 1.950151s | 显存: 0.00 B

[PDE求解部分] 总时间: 1.950151s | 显存: 0.00 B

[本步骤总计] 时间: 3.921206s | 显存: 4.12 GB
surrogate_loss (vs forward.true_19):  tensor(2589.1997, device='cuda:0', grad_fn=<MseLossBackward0>)
[Step 49] Backward Propagation - Time: 4.2268s, Mem: -4410531840.00 B
[Step 49] PGD Update - Time: 0.0032s, Mem: -3407872.00 B

[Step 49] 完整步骤总时间: 6.203185s | 总显存: 176.00 KB
[Step 49] 峰值显存: 16.96 GB

[Step 50] ============ 详细性能分析 ============
[模型部分] 总时间: 1.938049s | 显存: 4.12 GB

[0-9秒 PDE求解详细性能]

[19秒 PDE求解]
  t=19s - 时间: 1.917179s | 显存: 0.00 B

[PDE求解部分] 总时间: 1.917179s | 显存: 0.00 B

[本步骤总计] 时间: 3.855227s | 显存: 4.12 GB
surrogate_loss (vs forward.true_19):  tensor(2596.1499, device='cuda:0', grad_fn=<MseLossBackward0>)
[Step 50] Backward Propagation - Time: 4.2485s, Mem: -4411146240.00 B
[Step 50] PGD Update - Time: 0.0030s, Mem: -3588096.00 B

[Step 50] 完整步骤总时间: 6.191506s | 总显存: -180224.00 B
[Step 50] 峰值显存: 16.96 GB

[Step 51] ============ 详细性能分析 ============
[模型部分] 总时间: 1.931210s | 显存: 4.12 GB

[0-9秒 PDE求解详细性能]

[19秒 PDE求解]
  t=19s - 时间: 1.910395s | 显存: 0.00 B

[PDE求解部分] 总时间: 1.910395s | 显存: 0.00 B

[本步骤总计] 时间: 3.841605s | 显存: 4.12 GB
surrogate_loss (vs forward.true_19):  tensor(2603.1318, device='cuda:0', grad_fn=<MseLossBackward0>)
[Step 51] Backward Propagation - Time: 4.1871s, Mem: -4410531840.00 B
[Step 51] PGD Update - Time: 0.0032s, Mem: -3407872.00 B

[Step 51] 完整步骤总时间: 6.123567s | 总显存: 176.00 KB
[Step 51] 峰值显存: 16.96 GB

[Step 52] ============ 详细性能分析 ============
[模型部分] 总时间: 1.946777s | 显存: 4.12 GB

[0-9秒 PDE求解详细性能]

[19秒 PDE求解]
  t=19s - 时间: 1.925980s | 显存: 0.00 B

[PDE求解部分] 总时间: 1.925980s | 显存: 0.00 B

[本步骤总计] 时间: 3.872757s | 显存: 4.12 GB
surrogate_loss (vs forward.true_19):  tensor(2610.1160, device='cuda:0', grad_fn=<MseLossBackward0>)
[Step 52] Backward Propagation - Time: 4.2657s, Mem: -4411146240.00 B
[Step 52] PGD Update - Time: 0.0029s, Mem: -3588096.00 B

[Step 52] 完整步骤总时间: 6.217355s | 总显存: -180224.00 B
[Step 52] 峰值显存: 16.96 GB

[Step 53] ============ 详细性能分析 ============
[模型部分] 总时间: 1.971813s | 显存: 4.12 GB

[0-9秒 PDE求解详细性能]

[19秒 PDE求解]
  t=19s - 时间: 1.950914s | 显存: 0.00 B

[PDE求解部分] 总时间: 1.950914s | 显存: 0.00 B

[本步骤总计] 时间: 3.922726s | 显存: 4.12 GB
surrogate_loss (vs forward.true_19):  tensor(2617.2886, device='cuda:0', grad_fn=<MseLossBackward0>)
[Step 53] Backward Propagation - Time: 4.2401s, Mem: -4410531840.00 B
[Step 53] PGD Update - Time: 0.0032s, Mem: -3407872.00 B

[Step 53] 完整步骤总时间: 6.217530s | 总显存: 176.00 KB
[Step 53] 峰值显存: 16.96 GB

[Step 54] ============ 详细性能分析 ============
[模型部分] 总时间: 1.959174s | 显存: 4.12 GB

[0-9秒 PDE求解详细性能]

[19秒 PDE求解]
  t=19s - 时间: 1.937992s | 显存: 0.00 B

[PDE求解部分] 总时间: 1.937992s | 显存: 0.00 B

[本步骤总计] 时间: 3.897165s | 显存: 4.12 GB
surrogate_loss (vs forward.true_19):  tensor(2623.9819, device='cuda:0', grad_fn=<MseLossBackward0>)
[Step 54] Backward Propagation - Time: 4.2015s, Mem: -4411146240.00 B
[Step 54] PGD Update - Time: 0.0034s, Mem: -3588096.00 B

[Step 54] 完整步骤总时间: 6.166492s | 总显存: -180224.00 B
[Step 54] 峰值显存: 16.96 GB

[Step 55] ============ 详细性能分析 ============
[模型部分] 总时间: 1.967242s | 显存: 4.12 GB

[0-9秒 PDE求解详细性能]

[19秒 PDE求解]
  t=19s - 时间: 1.945809s | 显存: 0.00 B

[PDE求解部分] 总时间: 1.945809s | 显存: 0.00 B

[本步骤总计] 时间: 3.913052s | 显存: 4.12 GB
surrogate_loss (vs forward.true_19):  tensor(2630.4854, device='cuda:0', grad_fn=<MseLossBackward0>)
[Step 55] Backward Propagation - Time: 4.2225s, Mem: -4410531840.00 B
[Step 55] PGD Update - Time: 0.0032s, Mem: -3407872.00 B

[Step 55] 完整步骤总时间: 6.195309s | 总显存: 176.00 KB
[Step 55] 峰值显存: 16.96 GB

[Step 56] ============ 详细性能分析 ============
[模型部分] 总时间: 1.954466s | 显存: 4.12 GB

[0-9秒 PDE求解详细性能]

[19秒 PDE求解]
  t=19s - 时间: 1.933374s | 显存: 0.00 B

[PDE求解部分] 总时间: 1.933374s | 显存: 0.00 B

[本步骤总计] 时间: 3.887840s | 显存: 4.12 GB
surrogate_loss (vs forward.true_19):  tensor(2637.3538, device='cuda:0', grad_fn=<MseLossBackward0>)
[Step 56] Backward Propagation - Time: 4.2138s, Mem: -4411146240.00 B
[Step 56] PGD Update - Time: 0.0031s, Mem: -3588096.00 B

[Step 56] 完整步骤总时间: 6.173633s | 总显存: -180224.00 B
[Step 56] 峰值显存: 16.96 GB

[Step 57] ============ 详细性能分析 ============
[模型部分] 总时间: 1.950317s | 显存: 4.12 GB

[0-9秒 PDE求解详细性能]

[19秒 PDE求解]
  t=19s - 时间: 1.929469s | 显存: 0.00 B

[PDE求解部分] 总时间: 1.929469s | 显存: 0.00 B

[本步骤总计] 时间: 3.879786s | 显存: 4.12 GB
surrogate_loss (vs forward.true_19):  tensor(2643.9614, device='cuda:0', grad_fn=<MseLossBackward0>)
[Step 57] Backward Propagation - Time: 4.1979s, Mem: -4410531840.00 B
[Step 57] PGD Update - Time: 0.0042s, Mem: -3407872.00 B

[Step 57] 完整步骤总时间: 6.155182s | 总显存: 176.00 KB
[Step 57] 峰值显存: 16.96 GB

[Step 58] ============ 详细性能分析 ============
[模型部分] 总时间: 1.954359s | 显存: 4.12 GB

[0-9秒 PDE求解详细性能]

[19秒 PDE求解]
  t=19s - 时间: 1.933313s | 显存: 0.00 B

[PDE求解部分] 总时间: 1.933313s | 显存: 0.00 B

[本步骤总计] 时间: 3.887672s | 显存: 4.12 GB
surrogate_loss (vs forward.true_19):  tensor(2650.2297, device='cuda:0', grad_fn=<MseLossBackward0>)
[Step 58] Backward Propagation - Time: 4.2192s, Mem: -4411146240.00 B
[Step 58] PGD Update - Time: 0.0034s, Mem: -3588096.00 B

[Step 58] 完整步骤总时间: 6.179111s | 总显存: -180224.00 B
[Step 58] 峰值显存: 16.96 GB

[Step 59] ============ 详细性能分析 ============
[模型部分] 总时间: 1.952780s | 显存: 4.12 GB

[0-9秒 PDE求解详细性能]

[19秒 PDE求解]
  t=19s - 时间: 1.931974s | 显存: 0.00 B

[PDE求解部分] 总时间: 1.931974s | 显存: 0.00 B

[本步骤总计] 时间: 3.884754s | 显存: 4.12 GB
surrogate_loss (vs forward.true_19):  tensor(2656.8208, device='cuda:0', grad_fn=<MseLossBackward0>)
[Step 59] Backward Propagation - Time: 4.2355s, Mem: -4410531840.00 B
[Step 59] PGD Update - Time: 0.0031s, Mem: -3407872.00 B

[Step 59] 完整步骤总时间: 6.193374s | 总显存: 176.00 KB
[Step 59] 峰值显存: 16.96 GB

[Step 60] ============ 详细性能分析 ============
[模型部分] 总时间: 1.935472s | 显存: 4.12 GB

[0-9秒 PDE求解详细性能]

[19秒 PDE求解]
  t=19s - 时间: 1.914577s | 显存: 0.00 B

[PDE求解部分] 总时间: 1.914577s | 显存: 0.00 B

[本步骤总计] 时间: 3.850049s | 显存: 4.12 GB
surrogate_loss (vs forward.true_19):  tensor(2663.3140, device='cuda:0', grad_fn=<MseLossBackward0>)
[Step 60] Backward Propagation - Time: 4.2126s, Mem: -4411146240.00 B
[Step 60] PGD Update - Time: 0.0032s, Mem: -3588096.00 B

[Step 60] 完整步骤总时间: 6.153433s | 总显存: -180224.00 B
[Step 60] 峰值显存: 16.96 GB

[Step 61] ============ 详细性能分析 ============
[模型部分] 总时间: 1.950035s | 显存: 4.12 GB

[0-9秒 PDE求解详细性能]

[19秒 PDE求解]
  t=19s - 时间: 1.929192s | 显存: 0.00 B

[PDE求解部分] 总时间: 1.929192s | 显存: 0.00 B

[本步骤总计] 时间: 3.879228s | 显存: 4.12 GB
surrogate_loss (vs forward.true_19):  tensor(2669.8564, device='cuda:0', grad_fn=<MseLossBackward0>)
[Step 61] Backward Propagation - Time: 4.2007s, Mem: -4410531840.00 B
[Step 61] PGD Update - Time: 0.0032s, Mem: -3407872.00 B

[Step 61] 完整步骤总时间: 6.155956s | 总显存: 176.00 KB
[Step 61] 峰值显存: 16.96 GB

[Step 62] ============ 详细性能分析 ============
[模型部分] 总时间: 1.940750s | 显存: 4.12 GB

[0-9秒 PDE求解详细性能]

[19秒 PDE求解]
  t=19s - 时间: 1.919870s | 显存: 0.00 B

[PDE求解部分] 总时间: 1.919870s | 显存: 0.00 B

[本步骤总计] 时间: 3.860620s | 显存: 4.12 GB
surrogate_loss (vs forward.true_19):  tensor(2676.2974, device='cuda:0', grad_fn=<MseLossBackward0>)
[Step 62] Backward Propagation - Time: 4.2468s, Mem: -4411146240.00 B
[Step 62] PGD Update - Time: 0.0033s, Mem: -3588096.00 B

[Step 62] 完整步骤总时间: 6.192990s | 总显存: -180224.00 B
[Step 62] 峰值显存: 16.96 GB

[Step 63] ============ 详细性能分析 ============
[模型部分] 总时间: 1.945372s | 显存: 4.12 GB

[0-9秒 PDE求解详细性能]

[19秒 PDE求解]
  t=19s - 时间: 1.924326s | 显存: 0.00 B

[PDE求解部分] 总时间: 1.924326s | 显存: 0.00 B

[本步骤总计] 时间: 3.869699s | 显存: 4.12 GB
surrogate_loss (vs forward.true_19):  tensor(2683.0566, device='cuda:0', grad_fn=<MseLossBackward0>)
[Step 63] Backward Propagation - Time: 4.3489s, Mem: -4410531840.00 B
[Step 63] PGD Update - Time: 0.1440s, Mem: -3407872.00 B

[Step 63] 完整步骤总时间: 6.440539s | 总显存: 176.00 KB
[Step 63] 峰值显存: 16.96 GB

[Step 64] ============ 详细性能分析 ============
[模型部分] 总时间: 3.536441s | 显存: 4.12 GB

[0-9秒 PDE求解详细性能]

[19秒 PDE求解]
  t=19s - 时间: 3.432543s | 显存: 0.00 B

[PDE求解部分] 总时间: 3.432543s | 显存: 0.00 B

[本步骤总计] 时间: 6.968985s | 显存: 4.12 GB
surrogate_loss (vs forward.true_19):  tensor(2689.4814, device='cuda:0', grad_fn=<MseLossBackward0>)
[Step 64] Backward Propagation - Time: 4.3433s, Mem: -4411146240.00 B
[Step 64] PGD Update - Time: 0.0031s, Mem: -3588096.00 B

[Step 64] 完整步骤总时间: 7.884990s | 总显存: -180224.00 B
[Step 64] 峰值显存: 16.96 GB

[Step 65] ============ 详细性能分析 ============
[模型部分] 总时间: 1.981528s | 显存: 4.12 GB

[0-9秒 PDE求解详细性能]

[19秒 PDE求解]
  t=19s - 时间: 1.960626s | 显存: 0.00 B

[PDE求解部分] 总时间: 1.960626s | 显存: 0.00 B

[本步骤总计] 时间: 3.942154s | 显存: 4.12 GB
surrogate_loss (vs forward.true_19):  tensor(2695.5908, device='cuda:0', grad_fn=<MseLossBackward0>)
[Step 65] Backward Propagation - Time: 4.2333s, Mem: -4410531840.00 B
[Step 65] PGD Update - Time: 0.0029s, Mem: -3407872.00 B

[Step 65] 完整步骤总时间: 6.219820s | 总显存: 176.00 KB
[Step 65] 峰值显存: 16.96 GB

[Step 66] ============ 详细性能分析 ============
[模型部分] 总时间: 1.976282s | 显存: 4.12 GB

[0-9秒 PDE求解详细性能]

[19秒 PDE求解]
  t=19s - 时间: 1.955196s | 显存: 0.00 B

[PDE求解部分] 总时间: 1.955196s | 显存: 0.00 B

[本步骤总计] 时间: 3.931478s | 显存: 4.12 GB
surrogate_loss (vs forward.true_19):  tensor(2701.9082, device='cuda:0', grad_fn=<MseLossBackward0>)
[Step 66] Backward Propagation - Time: 4.2206s, Mem: -4411146240.00 B
[Step 66] PGD Update - Time: 0.0037s, Mem: -3588096.00 B

[Step 66] 完整步骤总时间: 6.202649s | 总显存: -180224.00 B
[Step 66] 峰值显存: 16.96 GB

[Step 67] ============ 详细性能分析 ============
[模型部分] 总时间: 1.964945s | 显存: 4.12 GB

[0-9秒 PDE求解详细性能]

[19秒 PDE求解]
  t=19s - 时间: 1.944239s | 显存: 0.00 B

[PDE求解部分] 总时间: 1.944239s | 显存: 0.00 B

[本步骤总计] 时间: 3.909185s | 显存: 4.12 GB
surrogate_loss (vs forward.true_19):  tensor(2708.2117, device='cuda:0', grad_fn=<MseLossBackward0>)
[Step 67] Backward Propagation - Time: 4.1881s, Mem: -4410531840.00 B
[Step 67] PGD Update - Time: 0.0031s, Mem: -3407872.00 B

[Step 67] 完整步骤总时间: 6.158177s | 总显存: 176.00 KB
[Step 67] 峰值显存: 16.96 GB

[Step 68] ============ 详细性能分析 ============
[模型部分] 总时间: 1.965822s | 显存: 4.12 GB

[0-9秒 PDE求解详细性能]

[19秒 PDE求解]
  t=19s - 时间: 1.945049s | 显存: 0.00 B

[PDE求解部分] 总时间: 1.945049s | 显存: 0.00 B

[本步骤总计] 时间: 3.910871s | 显存: 4.12 GB
surrogate_loss (vs forward.true_19):  tensor(2714.3357, device='cuda:0', grad_fn=<MseLossBackward0>)
[Step 68] Backward Propagation - Time: 4.2784s, Mem: -4411146240.00 B
[Step 68] PGD Update - Time: 0.0032s, Mem: -3588096.00 B

[Step 68] 完整步骤总时间: 6.249409s | 总显存: -180224.00 B
[Step 68] 峰值显存: 16.96 GB

[Step 69] ============ 详细性能分析 ============
[模型部分] 总时间: 1.974712s | 显存: 4.12 GB

[0-9秒 PDE求解详细性能]

[19秒 PDE求解]
  t=19s - 时间: 1.953701s | 显存: 0.00 B

[PDE求解部分] 总时间: 1.953701s | 显存: 0.00 B

[本步骤总计] 时间: 3.928412s | 显存: 4.12 GB
surrogate_loss (vs forward.true_19):  tensor(2720.2883, device='cuda:0', grad_fn=<MseLossBackward0>)
[Step 69] Backward Propagation - Time: 4.2197s, Mem: -4410531840.00 B
[Step 69] PGD Update - Time: 0.0032s, Mem: -3407872.00 B

[Step 69] 完整步骤总时间: 6.200079s | 总显存: 176.00 KB
[Step 69] 峰值显存: 16.96 GB

[Step 70] ============ 详细性能分析 ============
[模型部分] 总时间: 1.973764s | 显存: 4.12 GB

[0-9秒 PDE求解详细性能]

[19秒 PDE求解]
  t=19s - 时间: 1.952619s | 显存: 0.00 B

[PDE求解部分] 总时间: 1.952619s | 显存: 0.00 B

[本步骤总计] 时间: 3.926383s | 显存: 4.12 GB
surrogate_loss (vs forward.true_19):  tensor(2726.3965, device='cuda:0', grad_fn=<MseLossBackward0>)
[Step 70] Backward Propagation - Time: 4.2066s, Mem: -4411146240.00 B
[Step 70] PGD Update - Time: 0.0032s, Mem: -3588096.00 B

[Step 70] 完整步骤总时间: 6.185910s | 总显存: -180224.00 B
[Step 70] 峰值显存: 16.96 GB

[Step 71] ============ 详细性能分析 ============
[模型部分] 总时间: 1.971366s | 显存: 4.12 GB

[0-9秒 PDE求解详细性能]

[19秒 PDE求解]
  t=19s - 时间: 1.950002s | 显存: 0.00 B

[PDE求解部分] 总时间: 1.950002s | 显存: 0.00 B

[本步骤总计] 时间: 3.921368s | 显存: 4.12 GB
surrogate_loss (vs forward.true_19):  tensor(2732.4058, device='cuda:0', grad_fn=<MseLossBackward0>)
[Step 71] Backward Propagation - Time: 4.2246s, Mem: -4410531840.00 B
[Step 71] PGD Update - Time: 0.0033s, Mem: -3407872.00 B

[Step 71] 完整步骤总时间: 6.201584s | 总显存: 176.00 KB
[Step 71] 峰值显存: 16.96 GB

[Step 72] ============ 详细性能分析 ============
[模型部分] 总时间: 4.689132s | 显存: 4.12 GB

[0-9秒 PDE求解详细性能]

[19秒 PDE求解]
  t=19s - 时间: 1.925950s | 显存: 0.00 B

[PDE求解部分] 总时间: 1.925950s | 显存: 0.00 B

[本步骤总计] 时间: 6.615083s | 显存: 4.12 GB
surrogate_loss (vs forward.true_19):  tensor(2738.2847, device='cuda:0', grad_fn=<MseLossBackward0>)
[Step 72] Backward Propagation - Time: 4.6322s, Mem: -4411146240.00 B
[Step 72] PGD Update - Time: 0.0033s, Mem: -3588096.00 B

[Step 72] 完整步骤总时间: 9.326915s | 总显存: -180224.00 B
[Step 72] 峰值显存: 16.96 GB

[Step 73] ============ 详细性能分析 ============
[模型部分] 总时间: 2.699432s | 显存: 4.12 GB

[0-9秒 PDE求解详细性能]

[19秒 PDE求解]
  t=19s - 时间: 1.931987s | 显存: 0.00 B

[PDE求解部分] 总时间: 1.931987s | 显存: 0.00 B

[本步骤总计] 时间: 4.631419s | 显存: 4.12 GB
surrogate_loss (vs forward.true_19):  tensor(2744.6323, device='cuda:0', grad_fn=<MseLossBackward0>)
[Step 73] Backward Propagation - Time: 4.3430s, Mem: -4410531840.00 B
[Step 73] PGD Update - Time: 0.0042s, Mem: -3407872.00 B

[Step 73] 完整步骤总时间: 7.049411s | 总显存: 176.00 KB
[Step 73] 峰值显存: 16.96 GB

[Step 74] ============ 详细性能分析 ============
[模型部分] 总时间: 1.957237s | 显存: 4.12 GB

[0-9秒 PDE求解详细性能]

[19秒 PDE求解]
  t=19s - 时间: 1.936381s | 显存: 0.00 B

[PDE求解部分] 总时间: 1.936381s | 显存: 0.00 B

[本步骤总计] 时间: 3.893617s | 显存: 4.12 GB
surrogate_loss (vs forward.true_19):  tensor(2750.1731, device='cuda:0', grad_fn=<MseLossBackward0>)
[Step 74] Backward Propagation - Time: 4.2803s, Mem: -4411146240.00 B
[Step 74] PGD Update - Time: 0.0032s, Mem: -3588096.00 B

[Step 74] 完整步骤总时间: 6.242770s | 总显存: -180224.00 B
[Step 74] 峰值显存: 16.96 GB

[Step 75] ============ 详细性能分析 ============
[模型部分] 总时间: 1.959267s | 显存: 4.12 GB

[0-9秒 PDE求解详细性能]

[19秒 PDE求解]
  t=19s - 时间: 1.938415s | 显存: 0.00 B

[PDE求解部分] 总时间: 1.938415s | 显存: 0.00 B

[本步骤总计] 时间: 3.897682s | 显存: 4.12 GB
surrogate_loss (vs forward.true_19):  tensor(2755.9653, device='cuda:0', grad_fn=<MseLossBackward0>)
[Step 75] Backward Propagation - Time: 4.2499s, Mem: -4410531840.00 B
[Step 75] PGD Update - Time: 0.0033s, Mem: -3407872.00 B

[Step 75] 完整步骤总时间: 6.214557s | 总显存: 176.00 KB
[Step 75] 峰值显存: 16.96 GB

[Step 76] ============ 详细性能分析 ============
[模型部分] 总时间: 1.951291s | 显存: 4.12 GB

[0-9秒 PDE求解详细性能]

[19秒 PDE求解]
  t=19s - 时间: 1.930462s | 显存: 0.00 B

[PDE求解部分] 总时间: 1.930462s | 显存: 0.00 B

[本步骤总计] 时间: 3.881753s | 显存: 4.12 GB
surrogate_loss (vs forward.true_19):  tensor(2761.8899, device='cuda:0', grad_fn=<MseLossBackward0>)
[Step 76] Backward Propagation - Time: 4.2226s, Mem: -4411146240.00 B
[Step 76] PGD Update - Time: 0.0032s, Mem: -3588096.00 B

[Step 76] 完整步骤总时间: 6.179204s | 总显存: -180224.00 B
[Step 76] 峰值显存: 16.96 GB

[Step 77] ============ 详细性能分析 ============
[模型部分] 总时间: 1.939397s | 显存: 4.12 GB

[0-9秒 PDE求解详细性能]

[19秒 PDE求解]
  t=19s - 时间: 1.918572s | 显存: 0.00 B

[PDE求解部分] 总时间: 1.918572s | 显存: 0.00 B

[本步骤总计] 时间: 3.857968s | 显存: 4.12 GB
surrogate_loss (vs forward.true_19):  tensor(2767.6670, device='cuda:0', grad_fn=<MseLossBackward0>)
[Step 77] Backward Propagation - Time: 4.1904s, Mem: -4410531840.00 B
[Step 77] PGD Update - Time: 0.0030s, Mem: -3407872.00 B

[Step 77] 完整步骤总时间: 6.134851s | 总显存: 176.00 KB
[Step 77] 峰值显存: 16.96 GB

[Step 78] ============ 详细性能分析 ============
[模型部分] 总时间: 1.958467s | 显存: 4.12 GB

[0-9秒 PDE求解详细性能]

[19秒 PDE求解]
  t=19s - 时间: 1.937776s | 显存: 0.00 B

[PDE求解部分] 总时间: 1.937776s | 显存: 0.00 B

[本步骤总计] 时间: 3.896243s | 显存: 4.12 GB
surrogate_loss (vs forward.true_19):  tensor(2773.1919, device='cuda:0', grad_fn=<MseLossBackward0>)
[Step 78] Backward Propagation - Time: 4.2901s, Mem: -4411146240.00 B
[Step 78] PGD Update - Time: 0.0032s, Mem: -3588096.00 B

[Step 78] 完整步骤总时间: 6.253934s | 总显存: -180224.00 B
[Step 78] 峰值显存: 16.96 GB

[Step 79] ============ 详细性能分析 ============
[模型部分] 总时间: 1.944805s | 显存: 4.12 GB

[0-9秒 PDE求解详细性能]

[19秒 PDE求解]
  t=19s - 时间: 1.923771s | 显存: 0.00 B

[PDE求解部分] 总时间: 1.923771s | 显存: 0.00 B

[本步骤总计] 时间: 3.868576s | 显存: 4.12 GB
surrogate_loss (vs forward.true_19):  tensor(2779.1296, device='cuda:0', grad_fn=<MseLossBackward0>)
[Step 79] Backward Propagation - Time: 4.2277s, Mem: -4410531840.00 B
[Step 79] PGD Update - Time: 0.0031s, Mem: -3407872.00 B

[Step 79] 完整步骤总时间: 6.177872s | 总显存: 176.00 KB
[Step 79] 峰值显存: 16.96 GB

[Step 80] ============ 详细性能分析 ============
[模型部分] 总时间: 1.966910s | 显存: 4.12 GB

[0-9秒 PDE求解详细性能]

[19秒 PDE求解]
  t=19s - 时间: 1.945684s | 显存: 0.00 B

[PDE求解部分] 总时间: 1.945684s | 显存: 0.00 B

[本步骤总计] 时间: 3.912594s | 显存: 4.12 GB
surrogate_loss (vs forward.true_19):  tensor(2785.0457, device='cuda:0', grad_fn=<MseLossBackward0>)
[Step 80] Backward Propagation - Time: 4.2781s, Mem: -4411146240.00 B
[Step 80] PGD Update - Time: 0.0031s, Mem: -3588096.00 B

[Step 80] 完整步骤总时间: 6.250876s | 总显存: -180224.00 B
[Step 80] 峰值显存: 16.96 GB

[Step 81] ============ 详细性能分析 ============
[模型部分] 总时间: 1.985561s | 显存: 4.12 GB

[0-9秒 PDE求解详细性能]

[19秒 PDE求解]
  t=19s - 时间: 1.964118s | 显存: 0.00 B

[PDE求解部分] 总时间: 1.964118s | 显存: 0.00 B

[本步骤总计] 时间: 3.949680s | 显存: 4.12 GB
surrogate_loss (vs forward.true_19):  tensor(2790.2852, device='cuda:0', grad_fn=<MseLossBackward0>)
[Step 81] Backward Propagation - Time: 4.2844s, Mem: -4410531840.00 B
[Step 81] PGD Update - Time: 0.0035s, Mem: -3407872.00 B

[Step 81] 完整步骤总时间: 6.276353s | 总显存: 176.00 KB
[Step 81] 峰值显存: 16.96 GB

[Step 82] ============ 详细性能分析 ============
[模型部分] 总时间: 1.995894s | 显存: 4.12 GB

[0-9秒 PDE求解详细性能]

[19秒 PDE求解]
  t=19s - 时间: 1.975006s | 显存: 0.00 B

[PDE求解部分] 总时间: 1.975006s | 显存: 0.00 B

[本步骤总计] 时间: 3.970900s | 显存: 4.12 GB
surrogate_loss (vs forward.true_19):  tensor(2795.9570, device='cuda:0', grad_fn=<MseLossBackward0>)
[Step 82] Backward Propagation - Time: 4.2697s, Mem: -4411146240.00 B
[Step 82] PGD Update - Time: 0.0031s, Mem: -3588096.00 B

[Step 82] 完整步骤总时间: 6.271309s | 总显存: -180224.00 B
[Step 82] 峰值显存: 16.96 GB

[Step 83] ============ 详细性能分析 ============
[模型部分] 总时间: 1.959073s | 显存: 4.12 GB

[0-9秒 PDE求解详细性能]

[19秒 PDE求解]
  t=19s - 时间: 1.938205s | 显存: 0.00 B

[PDE求解部分] 总时间: 1.938205s | 显存: 0.00 B

[本步骤总计] 时间: 3.897278s | 显存: 4.12 GB
surrogate_loss (vs forward.true_19):  tensor(2801.3594, device='cuda:0', grad_fn=<MseLossBackward0>)
[Step 83] Backward Propagation - Time: 4.2356s, Mem: -4410531840.00 B
[Step 83] PGD Update - Time: 0.0041s, Mem: -3407872.00 B

[Step 83] 完整步骤总时间: 6.201870s | 总显存: 176.00 KB
[Step 83] 峰值显存: 16.96 GB

[Step 84] ============ 详细性能分析 ============
[模型部分] 总时间: 1.962794s | 显存: 4.12 GB

[0-9秒 PDE求解详细性能]

[19秒 PDE求解]
  t=19s - 时间: 1.941950s | 显存: 0.00 B

[PDE求解部分] 总时间: 1.941950s | 显存: 0.00 B

[本步骤总计] 时间: 3.904745s | 显存: 4.12 GB
surrogate_loss (vs forward.true_19):  tensor(2806.8926, device='cuda:0', grad_fn=<MseLossBackward0>)
[Step 84] Backward Propagation - Time: 4.2192s, Mem: -4411146240.00 B
[Step 84] PGD Update - Time: 0.0034s, Mem: -3588096.00 B

[Step 84] 完整步骤总时间: 6.188077s | 总显存: -180224.00 B
[Step 84] 峰值显存: 16.96 GB

[Step 85] ============ 详细性能分析 ============
[模型部分] 总时间: 1.930481s | 显存: 4.12 GB

[0-9秒 PDE求解详细性能]

[19秒 PDE求解]
  t=19s - 时间: 1.909647s | 显存: 0.00 B

[PDE求解部分] 总时间: 1.909647s | 显存: 0.00 B

[本步骤总计] 时间: 3.840128s | 显存: 4.12 GB
surrogate_loss (vs forward.true_19):  tensor(2812.2178, device='cuda:0', grad_fn=<MseLossBackward0>)
[Step 85] Backward Propagation - Time: 4.2788s, Mem: -4410531840.00 B
[Step 85] PGD Update - Time: 0.0030s, Mem: -3407872.00 B

[Step 85] 完整步骤总时间: 6.214845s | 总显存: 176.00 KB
[Step 85] 峰值显存: 16.96 GB

[Step 86] ============ 详细性能分析 ============
[模型部分] 总时间: 1.963409s | 显存: 4.12 GB

[0-9秒 PDE求解详细性能]

[19秒 PDE求解]
  t=19s - 时间: 1.942599s | 显存: 0.00 B

[PDE求解部分] 总时间: 1.942599s | 显存: 0.00 B

[本步骤总计] 时间: 3.906008s | 显存: 4.12 GB
surrogate_loss (vs forward.true_19):  tensor(2817.3977, device='cuda:0', grad_fn=<MseLossBackward0>)
[Step 86] Backward Propagation - Time: 4.2279s, Mem: -4411146240.00 B
[Step 86] PGD Update - Time: 0.0031s, Mem: -3588096.00 B

[Step 86] 完整步骤总时间: 6.196972s | 总显存: -180224.00 B
[Step 86] 峰值显存: 16.96 GB

[Step 87] ============ 详细性能分析 ============
[模型部分] 总时间: 1.939616s | 显存: 4.12 GB

[0-9秒 PDE求解详细性能]

[19秒 PDE求解]
  t=19s - 时间: 1.918718s | 显存: 0.00 B

[PDE求解部分] 总时间: 1.918718s | 显存: 0.00 B

[本步骤总计] 时间: 3.858333s | 显存: 4.12 GB
surrogate_loss (vs forward.true_19):  tensor(2823.1279, device='cuda:0', grad_fn=<MseLossBackward0>)
[Step 87] Backward Propagation - Time: 4.2131s, Mem: -4410531840.00 B
[Step 87] PGD Update - Time: 0.0031s, Mem: -3407872.00 B

[Step 87] 完整步骤总时间: 6.158458s | 总显存: 176.00 KB
[Step 87] 峰值显存: 16.96 GB

[Step 88] ============ 详细性能分析 ============
[模型部分] 总时间: 1.938499s | 显存: 4.12 GB

[0-9秒 PDE求解详细性能]

[19秒 PDE求解]
  t=19s - 时间: 1.917043s | 显存: 0.00 B

[PDE求解部分] 总时间: 1.917043s | 显存: 0.00 B

[本步骤总计] 时间: 3.855541s | 显存: 4.12 GB
surrogate_loss (vs forward.true_19):  tensor(2828.7864, device='cuda:0', grad_fn=<MseLossBackward0>)
[Step 88] Backward Propagation - Time: 4.2619s, Mem: -4411146240.00 B
[Step 88] PGD Update - Time: 0.0033s, Mem: -3588096.00 B

[Step 88] 完整步骤总时间: 6.206359s | 总显存: -180224.00 B
[Step 88] 峰值显存: 16.96 GB

[Step 89] ============ 详细性能分析 ============
[模型部分] 总时间: 1.966307s | 显存: 4.12 GB

[0-9秒 PDE求解详细性能]

[19秒 PDE求解]
  t=19s - 时间: 1.945480s | 显存: 0.00 B

[PDE求解部分] 总时间: 1.945480s | 显存: 0.00 B

[本步骤总计] 时间: 3.911787s | 显存: 4.12 GB
surrogate_loss (vs forward.true_19):  tensor(2833.8643, device='cuda:0', grad_fn=<MseLossBackward0>)
[Step 89] Backward Propagation - Time: 4.2461s, Mem: -4410531840.00 B
[Step 89] PGD Update - Time: 0.0031s, Mem: -3407872.00 B

[Step 89] 完整步骤总时间: 6.218232s | 总显存: 176.00 KB
[Step 89] 峰值显存: 16.96 GB

[Step 90] ============ 详细性能分析 ============
[模型部分] 总时间: 1.968350s | 显存: 4.12 GB

[0-9秒 PDE求解详细性能]

[19秒 PDE求解]
  t=19s - 时间: 1.947260s | 显存: 0.00 B

[PDE求解部分] 总时间: 1.947260s | 显存: 0.00 B

[本步骤总计] 时间: 3.915610s | 显存: 4.12 GB
surrogate_loss (vs forward.true_19):  tensor(2838.8281, device='cuda:0', grad_fn=<MseLossBackward0>)
[Step 90] Backward Propagation - Time: 4.2566s, Mem: -4411146240.00 B
[Step 90] PGD Update - Time: 0.0041s, Mem: -3588096.00 B

[Step 90] 完整步骤总时间: 6.232555s | 总显存: -180224.00 B
[Step 90] 峰值显存: 16.96 GB

[Step 91] ============ 详细性能分析 ============
[模型部分] 总时间: 1.971714s | 显存: 4.12 GB

[0-9秒 PDE求解详细性能]

[19秒 PDE求解]
  t=19s - 时间: 1.950112s | 显存: 0.00 B

[PDE求解部分] 总时间: 1.950112s | 显存: 0.00 B

[本步骤总计] 时间: 3.921827s | 显存: 4.12 GB
surrogate_loss (vs forward.true_19):  tensor(2844.1416, device='cuda:0', grad_fn=<MseLossBackward0>)
[Step 91] Backward Propagation - Time: 4.2497s, Mem: -4410531840.00 B
[Step 91] PGD Update - Time: 0.0033s, Mem: -3407872.00 B

[Step 91] 完整步骤总时间: 6.227573s | 总显存: 176.00 KB
[Step 91] 峰值显存: 16.96 GB

[Step 92] ============ 详细性能分析 ============
[模型部分] 总时间: 1.977496s | 显存: 4.12 GB

[0-9秒 PDE求解详细性能]

[19秒 PDE求解]
  t=19s - 时间: 1.956541s | 显存: 0.00 B

[PDE求解部分] 总时间: 1.956541s | 显存: 0.00 B

[本步骤总计] 时间: 3.934037s | 显存: 4.12 GB
surrogate_loss (vs forward.true_19):  tensor(2849.9136, device='cuda:0', grad_fn=<MseLossBackward0>)
[Step 92] Backward Propagation - Time: 4.3060s, Mem: -4411146240.00 B
[Step 92] PGD Update - Time: 0.0031s, Mem: -3588096.00 B

[Step 92] 完整步骤总时间: 6.289146s | 总显存: -180224.00 B
[Step 92] 峰值显存: 16.96 GB

[Step 93] ============ 详细性能分析 ============
[模型部分] 总时间: 1.983987s | 显存: 4.12 GB

[0-9秒 PDE求解详细性能]

[19秒 PDE求解]
  t=19s - 时间: 1.963175s | 显存: 0.00 B

[PDE求解部分] 总时间: 1.963175s | 显存: 0.00 B

[本步骤总计] 时间: 3.947163s | 显存: 4.12 GB
surrogate_loss (vs forward.true_19):  tensor(2854.4629, device='cuda:0', grad_fn=<MseLossBackward0>)
[Step 93] Backward Propagation - Time: 4.2197s, Mem: -4410531840.00 B
[Step 93] PGD Update - Time: 0.0038s, Mem: -3407872.00 B

[Step 93] 完整步骤总时间: 6.210499s | 总显存: 176.00 KB
[Step 93] 峰值显存: 16.96 GB

[Step 94] ============ 详细性能分析 ============
[模型部分] 总时间: 1.953008s | 显存: 4.12 GB

[0-9秒 PDE求解详细性能]

[19秒 PDE求解]
  t=19s - 时间: 1.932137s | 显存: 0.00 B

[PDE求解部分] 总时间: 1.932137s | 显存: 0.00 B

[本步骤总计] 时间: 3.885145s | 显存: 4.12 GB
surrogate_loss (vs forward.true_19):  tensor(2859.4980, device='cuda:0', grad_fn=<MseLossBackward0>)
[Step 94] Backward Propagation - Time: 4.2057s, Mem: -4411146240.00 B
[Step 94] PGD Update - Time: 0.0035s, Mem: -3588096.00 B

[Step 94] 完整步骤总时间: 6.165033s | 总显存: -180224.00 B
[Step 94] 峰值显存: 16.96 GB

[Step 95] ============ 详细性能分析 ============
[模型部分] 总时间: 1.976831s | 显存: 4.12 GB

[0-9秒 PDE求解详细性能]

[19秒 PDE求解]
  t=19s - 时间: 1.955892s | 显存: 0.00 B

[PDE求解部分] 总时间: 1.955892s | 显存: 0.00 B

[本步骤总计] 时间: 3.932724s | 显存: 4.12 GB
surrogate_loss (vs forward.true_19):  tensor(2864.6157, device='cuda:0', grad_fn=<MseLossBackward0>)
[Step 95] Backward Propagation - Time: 4.2405s, Mem: -4410531840.00 B
[Step 95] PGD Update - Time: 0.0040s, Mem: -3407872.00 B

[Step 95] 完整步骤总时间: 6.224693s | 总显存: 176.00 KB
[Step 95] 峰值显存: 16.96 GB

[Step 96] ============ 详细性能分析 ============
[模型部分] 总时间: 1.958954s | 显存: 4.12 GB

[0-9秒 PDE求解详细性能]

[19秒 PDE求解]
  t=19s - 时间: 1.937549s | 显存: 0.00 B

[PDE求解部分] 总时间: 1.937549s | 显存: 0.00 B

[本步骤总计] 时间: 3.896503s | 显存: 4.12 GB
surrogate_loss (vs forward.true_19):  tensor(2869.7202, device='cuda:0', grad_fn=<MseLossBackward0>)
[Step 96] Backward Propagation - Time: 4.2223s, Mem: -4411146240.00 B
[Step 96] PGD Update - Time: 0.0032s, Mem: -3588096.00 B

[Step 96] 完整步骤总时间: 6.187201s | 总显存: -180224.00 B
[Step 96] 峰值显存: 16.96 GB

[Step 97] ============ 详细性能分析 ============
[模型部分] 总时间: 1.958487s | 显存: 4.12 GB

[0-9秒 PDE求解详细性能]

[19秒 PDE求解]
  t=19s - 时间: 1.937630s | 显存: 0.00 B

[PDE求解部分] 总时间: 1.937630s | 显存: 0.00 B

[本步骤总计] 时间: 3.896116s | 显存: 4.12 GB
surrogate_loss (vs forward.true_19):  tensor(2874.6418, device='cuda:0', grad_fn=<MseLossBackward0>)
[Step 97] Backward Propagation - Time: 4.2380s, Mem: -4410531840.00 B
[Step 97] PGD Update - Time: 0.0031s, Mem: -3407872.00 B

[Step 97] 完整步骤总时间: 6.202166s | 总显存: 176.00 KB
[Step 97] 峰值显存: 16.96 GB

[Step 98] ============ 详细性能分析 ============
[模型部分] 总时间: 1.961017s | 显存: 4.12 GB

[0-9秒 PDE求解详细性能]

[19秒 PDE求解]
  t=19s - 时间: 1.939789s | 显存: 0.00 B

[PDE求解部分] 总时间: 1.939789s | 显存: 0.00 B

[本步骤总计] 时间: 3.900806s | 显存: 4.12 GB
surrogate_loss (vs forward.true_19):  tensor(2879.4551, device='cuda:0', grad_fn=<MseLossBackward0>)
[Step 98] Backward Propagation - Time: 4.2373s, Mem: -4411146240.00 B
[Step 98] PGD Update - Time: 0.0041s, Mem: -3588096.00 B

[Step 98] 完整步骤总时间: 6.205627s | 总显存: -180224.00 B
[Step 98] 峰值显存: 16.96 GB

[Step 99] ============ 详细性能分析 ============
[模型部分] 总时间: 1.947963s | 显存: 4.12 GB

[0-9秒 PDE求解详细性能]

[19秒 PDE求解]
  t=19s - 时间: 1.926601s | 显存: 0.00 B

[PDE求解部分] 总时间: 1.926601s | 显存: 0.00 B

[本步骤总计] 时间: 3.874564s | 显存: 4.12 GB
surrogate_loss (vs forward.true_19):  tensor(2884.5283, device='cuda:0', grad_fn=<MseLossBackward0>)
[Step 99] Backward Propagation - Time: 10.5170s, Mem: -4410531840.00 B
[Step 99] PGD Update - Time: 0.0034s, Mem: -3407872.00 B

[Step 99] 完整步骤总时间: 12.471089s | 总显存: 176.00 KB
[Step 99] 峰值显存: 16.96 GB
清理前显存占用: 13092.8798828125 MB
PGD攻击完成！显存已清理
当前显存占用: 2092.1298828125 MB
mode_spec = aaawwwwwww
Per-frame modes: [t=01] approx | [t=02] approx | [t=03] approx | [t=04] with_solver | [t=05] with_solver | [t=06] with_solver | [t=07] with_solver | [t=08] with_solver | [t=09] with_solver | [t=19] with_solver
================================================================================
norm: 2, epsilon: 39.3216, alpha: 10.0, num_steps: 100, index: 1, method: adam, mode_spec: aaawwwwwww, b1: 0.9, b2: 0.999, adam_eps: 1e-08, sign_Linf: True, amsgrad: False

[Step 0] ============ 详细性能分析 ============
[模型部分] 总时间: 2.029709s | 显存: 4.12 GB

[0-9秒 PDE求解详细性能]

[19秒 PDE求解]
  t=19s - 时间: 1.998261s | 显存: 0.00 B

[PDE求解部分] 总时间: 1.998261s | 显存: 0.00 B

[本步骤总计] 时间: 4.027970s | 显存: 4.12 GB
surrogate_loss (vs forward.true_19):  tensor(10839.1455, device='cuda:0', grad_fn=<MseLossBackward0>)
[Step 0] Backward Propagation - Time: 4.2591s, Mem: -4411990016.00 B
[Step 0] PGD Update - Time: 0.0016s, Mem: 1.75 MB

[Step 0] 完整步骤总时间: 6.293218s | 总显存: 5.25 MB
[Step 0] 峰值显存: 16.96 GB

[Step 1] ============ 详细性能分析 ============
[模型部分] 总时间: 1.951410s | 显存: 4.12 GB

[0-9秒 PDE求解详细性能]

[19秒 PDE求解]
  t=19s - 时间: 1.928188s | 显存: 0.00 B

[PDE求解部分] 总时间: 1.928188s | 显存: 0.00 B

[本步骤总计] 时间: 3.879598s | 显存: 4.12 GB
surrogate_loss (vs forward.true_19):  tensor(4780.5996, device='cuda:0', grad_fn=<MseLossBackward0>)
[Step 1] Backward Propagation - Time: 4.2033s, Mem: -4410531840.00 B
[Step 1] PGD Update - Time: 0.0027s, Mem: -3407872.00 B

[Step 1] 完整步骤总时间: 6.159724s | 总显存: 176.00 KB
[Step 1] 峰值显存: 16.96 GB

[Step 2] ============ 详细性能分析 ============
[模型部分] 总时间: 1.953318s | 显存: 4.12 GB

[0-9秒 PDE求解详细性能]

[19秒 PDE求解]
  t=19s - 时间: 1.931859s | 显存: 0.00 B

[PDE求解部分] 总时间: 1.931859s | 显存: 0.00 B

[本步骤总计] 时间: 3.885177s | 显存: 4.12 GB
surrogate_loss (vs forward.true_19):  tensor(3831.9595, device='cuda:0', grad_fn=<MseLossBackward0>)
[Step 2] Backward Propagation - Time: 4.2434s, Mem: -4411146240.00 B
[Step 2] PGD Update - Time: 0.0033s, Mem: -3588096.00 B

[Step 2] 完整步骤总时间: 6.202378s | 总显存: -180224.00 B
[Step 2] 峰值显存: 16.96 GB

[Step 3] ============ 详细性能分析 ============
[模型部分] 总时间: 1.988424s | 显存: 4.12 GB

[0-9秒 PDE求解详细性能]

[19秒 PDE求解]
  t=19s - 时间: 1.967177s | 显存: 0.00 B

[PDE求解部分] 总时间: 1.967177s | 显存: 0.00 B

[本步骤总计] 时间: 3.955601s | 显存: 4.12 GB
surrogate_loss (vs forward.true_19):  tensor(5745.3398, device='cuda:0', grad_fn=<MseLossBackward0>)
[Step 3] Backward Propagation - Time: 4.2289s, Mem: -4410531840.00 B
[Step 3] PGD Update - Time: 0.0026s, Mem: -3407872.00 B

[Step 3] 完整步骤总时间: 6.221961s | 总显存: 176.00 KB
[Step 3] 峰值显存: 16.96 GB

[Step 4] ============ 详细性能分析 ============
[模型部分] 总时间: 1.944070s | 显存: 4.12 GB

[0-9秒 PDE求解详细性能]

[19秒 PDE求解]
  t=19s - 时间: 1.923196s | 显存: 0.00 B

[PDE求解部分] 总时间: 1.923196s | 显存: 0.00 B

[本步骤总计] 时间: 3.867265s | 显存: 4.12 GB
surrogate_loss (vs forward.true_19):  tensor(5641.9238, device='cuda:0', grad_fn=<MseLossBackward0>)
[Step 4] Backward Propagation - Time: 4.2223s, Mem: -4411146240.00 B
[Step 4] PGD Update - Time: 0.0025s, Mem: -3588096.00 B

[Step 4] 完整步骤总时间: 6.170790s | 总显存: -180224.00 B
[Step 4] 峰值显存: 16.96 GB

[Step 5] ============ 详细性能分析 ============
[模型部分] 总时间: 1.952402s | 显存: 4.12 GB

[0-9秒 PDE求解详细性能]

[19秒 PDE求解]
  t=19s - 时间: 1.931383s | 显存: 0.00 B

[PDE求解部分] 总时间: 1.931383s | 显存: 0.00 B

[本步骤总计] 时间: 3.883786s | 显存: 4.12 GB
surrogate_loss (vs forward.true_19):  tensor(9161.7324, device='cuda:0', grad_fn=<MseLossBackward0>)
[Step 5] Backward Propagation - Time: 4.2250s, Mem: -4410531840.00 B
[Step 5] PGD Update - Time: 0.0034s, Mem: -3407872.00 B

[Step 5] 完整步骤总时间: 6.182667s | 总显存: 176.00 KB
[Step 5] 峰值显存: 16.96 GB

[Step 6] ============ 详细性能分析 ============
[模型部分] 总时间: 1.957825s | 显存: 4.12 GB

[0-9秒 PDE求解详细性能]

[19秒 PDE求解]
  t=19s - 时间: 1.936851s | 显存: 0.00 B

[PDE求解部分] 总时间: 1.936851s | 显存: 0.00 B

[本步骤总计] 时间: 3.894676s | 显存: 4.12 GB
surrogate_loss (vs forward.true_19):  tensor(7462.2607, device='cuda:0', grad_fn=<MseLossBackward0>)
[Step 6] Backward Propagation - Time: 4.2264s, Mem: -4411146240.00 B
[Step 6] PGD Update - Time: 0.0029s, Mem: -3588096.00 B

[Step 6] 完整步骤总时间: 6.189592s | 总显存: -180224.00 B
[Step 6] 峰值显存: 16.96 GB

[Step 7] ============ 详细性能分析 ============
[模型部分] 总时间: 1.946825s | 显存: 4.12 GB

[0-9秒 PDE求解详细性能]

[19秒 PDE求解]
  t=19s - 时间: 1.925642s | 显存: 0.00 B

[PDE求解部分] 总时间: 1.925642s | 显存: 0.00 B

[本步骤总计] 时间: 3.872467s | 显存: 4.12 GB
surrogate_loss (vs forward.true_19):  tensor(2331.6484, device='cuda:0', grad_fn=<MseLossBackward0>)
[Step 7] Backward Propagation - Time: 4.2401s, Mem: -4410531840.00 B
[Step 7] PGD Update - Time: 0.0032s, Mem: -3407872.00 B

[Step 7] 完整步骤总时间: 6.192854s | 总显存: 176.00 KB
[Step 7] 峰值显存: 16.96 GB

[Step 8] ============ 详细性能分析 ============
[模型部分] 总时间: 1.939234s | 显存: 4.12 GB

[0-9秒 PDE求解详细性能]

[19秒 PDE求解]
  t=19s - 时间: 1.918347s | 显存: 0.00 B

[PDE求解部分] 总时间: 1.918347s | 显存: 0.00 B

[本步骤总计] 时间: 3.857580s | 显存: 4.12 GB
surrogate_loss (vs forward.true_19):  tensor(3297.0652, device='cuda:0', grad_fn=<MseLossBackward0>)
[Step 8] Backward Propagation - Time: 4.2209s, Mem: -4411146240.00 B
[Step 8] PGD Update - Time: 0.0030s, Mem: -3588096.00 B

[Step 8] 完整步骤总时间: 6.165062s | 总显存: -180224.00 B
[Step 8] 峰值显存: 16.96 GB

[Step 9] ============ 详细性能分析 ============
[模型部分] 总时间: 1.962006s | 显存: 4.12 GB

[0-9秒 PDE求解详细性能]

[19秒 PDE求解]
  t=19s - 时间: 1.941076s | 显存: 0.00 B

[PDE求解部分] 总时间: 1.941076s | 显存: 0.00 B

[本步骤总计] 时间: 3.903082s | 显存: 4.12 GB
surrogate_loss (vs forward.true_19):  tensor(5398.8540, device='cuda:0', grad_fn=<MseLossBackward0>)
[Step 9] Backward Propagation - Time: 4.3221s, Mem: -4410531840.00 B
[Step 9] PGD Update - Time: 0.0027s, Mem: -3407872.00 B

[Step 9] 完整步骤总时间: 6.288678s | 总显存: 176.00 KB
[Step 9] 峰值显存: 16.96 GB

[Step 10] ============ 详细性能分析 ============
[模型部分] 总时间: 1.941678s | 显存: 4.12 GB

[0-9秒 PDE求解详细性能]

[19秒 PDE求解]
  t=19s - 时间: 1.920950s | 显存: 0.00 B

[PDE求解部分] 总时间: 1.920950s | 显存: 0.00 B

[本步骤总计] 时间: 3.862629s | 显存: 4.12 GB
surrogate_loss (vs forward.true_19):  tensor(7187.6860, device='cuda:0', grad_fn=<MseLossBackward0>)
