task,epoch,global_step_last,attack_loss_objective,bucket_basis,bucket_index,bucket_count,bucket_fraction_low,bucket_fraction_high,bucket_value_low,bucket_value_high,sample_count,sample_fraction,bucket_value_mean,bucket_value_std,bucket_value_min,bucket_value_max,epsilon_mean,epsilon_std,epsilon_min,epsilon_max,epsilon_jitter_factor_mean,epsilon_jitter_factor_std,epsilon_jitter_factor_min,epsilon_jitter_factor_max,alpha_mean,alpha_std,alpha_min,alpha_max,clean_loss_before_attack_mean,clean_loss_before_attack_std,clean_loss_before_attack_min,clean_loss_before_attack_max,adv_loss_after_attack_mean,adv_loss_after_attack_std,adv_loss_after_attack_min,adv_loss_after_attack_max,attack_loss_gain_mean,attack_loss_gain_std,attack_loss_gain_min,attack_loss_gain_max,loss_increase_mean,loss_increase_std,loss_increase_min,loss_increase_max,attack_loss_gain_relative_mean,attack_loss_gain_relative_std,attack_loss_gain_relative_min,attack_loss_gain_relative_max,loss_increase_relative_mean,loss_increase_relative_std,loss_increase_relative_min,loss_increase_relative_max
darcy,1,1,loss2,epsilon_observed,0,5,0.0,0.2,0.02505190297961235,0.02505190297981235,0,0.0,nan,nan,nan,nan,nan,nan,nan,nan,nan,nan,nan,nan,nan,nan,nan,nan,nan,nan,nan,nan,nan,nan,nan,nan,nan,nan,nan,nan,nan,nan,nan,nan,nan,nan,nan,nan,nan,nan,nan,nan
darcy,1,1,loss2,epsilon_observed,1,5,0.2,0.4,0.02505190297981235,0.02505190298001235,0,0.0,nan,nan,nan,nan,nan,nan,nan,nan,nan,nan,nan,nan,nan,nan,nan,nan,nan,nan,nan,nan,nan,nan,nan,nan,nan,nan,nan,nan,nan,nan,nan,nan,nan,nan,nan,nan,nan,nan,nan,nan
darcy,1,1,loss2,epsilon_observed,2,5,0.4,0.6,0.02505190298001235,0.02505190298021235,0,0.0,nan,nan,nan,nan,nan,nan,nan,nan,nan,nan,nan,nan,nan,nan,nan,nan,nan,nan,nan,nan,nan,nan,nan,nan,nan,nan,nan,nan,nan,nan,nan,nan,nan,nan,nan,nan,nan,nan,nan,nan
darcy,1,1,loss2,epsilon_observed,3,5,0.6,0.8,0.02505190298021235,0.02505190298041235,0,0.0,nan,nan,nan,nan,nan,nan,nan,nan,nan,nan,nan,nan,nan,nan,nan,nan,nan,nan,nan,nan,nan,nan,nan,nan,nan,nan,nan,nan,nan,nan,nan,nan,nan,nan,nan,nan,nan,nan,nan,nan
darcy,1,1,loss2,epsilon_observed,4,5,0.8,1.0,0.02505190298041235,0.02505190298061235,64,1.0,0.0250519048422575,1.862645149230957e-09,0.02505190297961235,0.02505190297961235,0.0250519048422575,1.862645149230957e-09,0.02505190297961235,0.02505190297961235,1.0020761489868164,0.0,1.0020761489868164,1.0020761489868164,0.0250519048422575,1.862645149230957e-09,0.02505190297961235,0.02505190297961235,1.920268033472894e-08,1.599578247635236e-08,2.8769020499197495e-09,8.365338288740531e-08,4.1643022541393293e-07,2.5091682687161665e-07,1.5001891284782687e-08,1.0348696832807036e-06,3.9722755218463135e-07,2.4080472371679207e-07,4.538063258507918e-09,9.633339459469425e-07,3.9722755218463135e-07,2.4080472371679207e-07,4.538063258507918e-09,9.633339459469425e-07,30.64621925354004,33.778621673583984,0.43369054794311523,213.42440795898438,30.64621925354004,33.778621673583984,0.43369054794311523,213.42440795898438
darcy,2,2,loss2,epsilon_observed,0,5,0.0,0.2,0.02505190297961235,0.02505190297981235,0,0.0,nan,nan,nan,nan,nan,nan,nan,nan,nan,nan,nan,nan,nan,nan,nan,nan,nan,nan,nan,nan,nan,nan,nan,nan,nan,nan,nan,nan,nan,nan,nan,nan,nan,nan,nan,nan,nan,nan,nan,nan
darcy,2,2,loss2,epsilon_observed,1,5,0.2,0.4,0.02505190297981235,0.02505190298001235,0,0.0,nan,nan,nan,nan,nan,nan,nan,nan,nan,nan,nan,nan,nan,nan,nan,nan,nan,nan,nan,nan,nan,nan,nan,nan,nan,nan,nan,nan,nan,nan,nan,nan,nan,nan,nan,nan,nan,nan,nan,nan
darcy,2,2,loss2,epsilon_observed,2,5,0.4,0.6,0.02505190298001235,0.02505190298021235,0,0.0,nan,nan,nan,nan,nan,nan,nan,nan,nan,nan,nan,nan,nan,nan,nan,nan,nan,nan,nan,nan,nan,nan,nan,nan,nan,nan,nan,nan,nan,nan,nan,nan,nan,nan,nan,nan,nan,nan,nan,nan
darcy,2,2,loss2,epsilon_observed,3,5,0.6,0.8,0.02505190298021235,0.02505190298041235,0,0.0,nan,nan,nan,nan,nan,nan,nan,nan,nan,nan,nan,nan,nan,nan,nan,nan,nan,nan,nan,nan,nan,nan,nan,nan,nan,nan,nan,nan,nan,nan,nan,nan,nan,nan,nan,nan,nan,nan,nan,nan
darcy,2,2,loss2,epsilon_observed,4,5,0.8,1.0,0.02505190298041235,0.02505190298061235,64,1.0,0.0250519048422575,1.862645149230957e-09,0.02505190297961235,0.02505190297961235,0.0250519048422575,1.862645149230957e-09,0.02505190297961235,0.02505190297961235,1.0020761489868164,0.0,1.0020761489868164,1.0020761489868164,0.0250519048422575,1.862645149230957e-09,0.02505190297961235,0.02505190297961235,1.0621847224001613e-07,6.245591777087611e-08,4.6589963886845e-08,3.926728595615714e-07,6.647047712249332e-07,3.12269861524328e-07,2.1665269400727993e-07,1.5257298855431145e-06,5.584863629337633e-07,2.710559385832312e-07,1.4738085951648827e-07,1.2308094028412597e-06,5.584863629337633e-07,2.710559385832312e-07,1.4738085951648827e-07,1.2308094028412597e-06,5.637322425842285,2.321324348449707,2.0066335201263428,11.733283042907715,5.637322425842285,2.321324348449707,2.0066335201263428,11.733283042907715
darcy,3,3,loss2,epsilon_observed,0,5,0.0,0.2,0.02505190297961235,0.02505190297981235,0,0.0,nan,nan,nan,nan,nan,nan,nan,nan,nan,nan,nan,nan,nan,nan,nan,nan,nan,nan,nan,nan,nan,nan,nan,nan,nan,nan,nan,nan,nan,nan,nan,nan,nan,nan,nan,nan,nan,nan,nan,nan
darcy,3,3,loss2,epsilon_observed,1,5,0.2,0.4,0.02505190297981235,0.02505190298001235,0,0.0,nan,nan,nan,nan,nan,nan,nan,nan,nan,nan,nan,nan,nan,nan,nan,nan,nan,nan,nan,nan,nan,nan,nan,nan,nan,nan,nan,nan,nan,nan,nan,nan,nan,nan,nan,nan,nan,nan,nan,nan
darcy,3,3,loss2,epsilon_observed,2,5,0.4,0.6,0.02505190298001235,0.02505190298021235,0,0.0,nan,nan,nan,nan,nan,nan,nan,nan,nan,nan,nan,nan,nan,nan,nan,nan,nan,nan,nan,nan,nan,nan,nan,nan,nan,nan,nan,nan,nan,nan,nan,nan,nan,nan,nan,nan,nan,nan,nan,nan
darcy,3,3,loss2,epsilon_observed,3,5,0.6,0.8,0.02505190298021235,0.02505190298041235,0,0.0,nan,nan,nan,nan,nan,nan,nan,nan,nan,nan,nan,nan,nan,nan,nan,nan,nan,nan,nan,nan,nan,nan,nan,nan,nan,nan,nan,nan,nan,nan,nan,nan,nan,nan,nan,nan,nan,nan,nan,nan
darcy,3,3,loss2,epsilon_observed,4,5,0.8,1.0,0.02505190298041235,0.02505190298061235,64,1.0,0.0250519048422575,1.862645149230957e-09,0.02505190297961235,0.02505190297961235,0.0250519048422575,1.862645149230957e-09,0.02505190297961235,0.02505190297961235,1.0020761489868164,0.0,1.0020761489868164,1.0020761489868164,0.0250519048422575,1.862645149230957e-09,0.02505190297961235,0.02505190297961235,7.495917770938831e-07,1.4693492289552523e-07,5.280925847728213e-07,1.3358973092181259e-06,1.7708101722746505e-06,3.8804236623946053e-07,1.2248483471921645e-06,3.11714347844827e-06,1.0212182814939297e-06,2.7116490741718735e-07,5.947465524513973e-07,1.781246169230144e-06,1.0212182814939297e-06,2.7116490741718735e-07,5.947465524513973e-07,1.781246169230144e-06,1.3641915321350098,0.2568897008895874,0.8772394061088562,1.8995527029037476,1.3641915321350098,0.2568897008895874,0.8772394061088562,1.8995527029037476
darcy,4,4,loss2,epsilon_observed,0,5,0.0,0.2,0.02505190297961235,0.02505190297981235,0,0.0,nan,nan,nan,nan,nan,nan,nan,nan,nan,nan,nan,nan,nan,nan,nan,nan,nan,nan,nan,nan,nan,nan,nan,nan,nan,nan,nan,nan,nan,nan,nan,nan,nan,nan,nan,nan,nan,nan,nan,nan
darcy,4,4,loss2,epsilon_observed,1,5,0.2,0.4,0.02505190297981235,0.02505190298001235,0,0.0,nan,nan,nan,nan,nan,nan,nan,nan,nan,nan,nan,nan,nan,nan,nan,nan,nan,nan,nan,nan,nan,nan,nan,nan,nan,nan,nan,nan,nan,nan,nan,nan,nan,nan,nan,nan,nan,nan,nan,nan
darcy,4,4,loss2,epsilon_observed,2,5,0.4,0.6,0.02505190298001235,0.02505190298021235,0,0.0,nan,nan,nan,nan,nan,nan,nan,nan,nan,nan,nan,nan,nan,nan,nan,nan,nan,nan,nan,nan,nan,nan,nan,nan,nan,nan,nan,nan,nan,nan,nan,nan,nan,nan,nan,nan,nan,nan,nan,nan
darcy,4,4,loss2,epsilon_observed,3,5,0.6,0.8,0.02505190298021235,0.02505190298041235,0,0.0,nan,nan,nan,nan,nan,nan,nan,nan,nan,nan,nan,nan,nan,nan,nan,nan,nan,nan,nan,nan,nan,nan,nan,nan,nan,nan,nan,nan,nan,nan,nan,nan,nan,nan,nan,nan,nan,nan,nan,nan
darcy,4,4,loss2,epsilon_observed,4,5,0.8,1.0,0.02505190298041235,0.02505190298061235,64,1.0,0.0250519048422575,1.862645149230957e-09,0.02505190297961235,0.02505190297961235,0.0250519048422575,1.862645149230957e-09,0.02505190297961235,0.02505190297961235,1.0020761489868164,0.0,1.0020761489868164,1.0020761489868164,0.0250519048422575,1.862645149230957e-09,0.02505190297961235,0.02505190297961235,1.7555639431066083e-07,4.947594334225869e-08,6.660196305574573e-08,3.032887718745769e-07,7.415620757456054e-07,2.7692664161804714e-07,1.8565273762760626e-07,1.4536825574396062e-06,5.66005610380671e-07,2.41884919205404e-07,1.1318274317773103e-07,1.226626636707806e-06,5.66005610380671e-07,2.41884919205404e-07,1.1318274317773103e-07,1.226626636707806e-06,3.2293503284454346,1.0556551218032837,1.0554038286209106,5.7317280769348145,3.2293503284454346,1.0556551218032837,1.0554038286209106,5.7317280769348145
darcy,5,5,loss2,epsilon_observed,0,5,0.0,0.2,0.02505190297961235,0.02505190297981235,0,0.0,nan,nan,nan,nan,nan,nan,nan,nan,nan,nan,nan,nan,nan,nan,nan,nan,nan,nan,nan,nan,nan,nan,nan,nan,nan,nan,nan,nan,nan,nan,nan,nan,nan,nan,nan,nan,nan,nan,nan,nan
darcy,5,5,loss2,epsilon_observed,1,5,0.2,0.4,0.02505190297981235,0.02505190298001235,0,0.0,nan,nan,nan,nan,nan,nan,nan,nan,nan,nan,nan,nan,nan,nan,nan,nan,nan,nan,nan,nan,nan,nan,nan,nan,nan,nan,nan,nan,nan,nan,nan,nan,nan,nan,nan,nan,nan,nan,nan,nan
darcy,5,5,loss2,epsilon_observed,2,5,0.4,0.6,0.02505190298001235,0.02505190298021235,0,0.0,nan,nan,nan,nan,nan,nan,nan,nan,nan,nan,nan,nan,nan,nan,nan,nan,nan,nan,nan,nan,nan,nan,nan,nan,nan,nan,nan,nan,nan,nan,nan,nan,nan,nan,nan,nan,nan,nan,nan,nan
darcy,5,5,loss2,epsilon_observed,3,5,0.6,0.8,0.02505190298021235,0.02505190298041235,0,0.0,nan,nan,nan,nan,nan,nan,nan,nan,nan,nan,nan,nan,nan,nan,nan,nan,nan,nan,nan,nan,nan,nan,nan,nan,nan,nan,nan,nan,nan,nan,nan,nan,nan,nan,nan,nan,nan,nan,nan,nan
darcy,5,5,loss2,epsilon_observed,4,5,0.8,1.0,0.02505190298041235,0.02505190298061235,64,1.0,0.0250519048422575,1.862645149230957e-09,0.02505190297961235,0.02505190297961235,0.0250519048422575,1.862645149230957e-09,0.02505190297961235,0.02505190297961235,1.0020761489868164,0.0,1.0020761489868164,1.0020761489868164,0.0250519048422575,1.862645149230957e-09,0.02505190297961235,0.02505190297961235,4.983386929779954e-07,1.1159310275843382e-07,1.6928764523527207e-07,7.169978744059335e-07,1.2225317504999111e-06,2.6534689823165536e-07,4.857727731177874e-07,2.0044487882842077e-06,7.241931712087535e-07,1.9299102405057056e-07,2.708511601667851e-07,1.4438298876484623e-06,7.241931712087535e-07,1.9299102405057056e-07,2.708511601667851e-07,1.4438298876484623e-06,1.5019562244415283,0.43110692501068115,0.848027765750885,3.03914475440979,1.5019562244415283,0.43110692501068115,0.848027765750885,3.03914475440979
darcy,6,6,loss2,epsilon_observed,0,5,0.0,0.2,0.02505190297961235,0.02505190297981235,0,0.0,nan,nan,nan,nan,nan,nan,nan,nan,nan,nan,nan,nan,nan,nan,nan,nan,nan,nan,nan,nan,nan,nan,nan,nan,nan,nan,nan,nan,nan,nan,nan,nan,nan,nan,nan,nan,nan,nan,nan,nan
darcy,6,6,loss2,epsilon_observed,1,5,0.2,0.4,0.02505190297981235,0.02505190298001235,0,0.0,nan,nan,nan,nan,nan,nan,nan,nan,nan,nan,nan,nan,nan,nan,nan,nan,nan,nan,nan,nan,nan,nan,nan,nan,nan,nan,nan,nan,nan,nan,nan,nan,nan,nan,nan,nan,nan,nan,nan,nan
darcy,6,6,loss2,epsilon_observed,2,5,0.4,0.6,0.02505190298001235,0.02505190298021235,0,0.0,nan,nan,nan,nan,nan,nan,nan,nan,nan,nan,nan,nan,nan,nan,nan,nan,nan,nan,nan,nan,nan,nan,nan,nan,nan,nan,nan,nan,nan,nan,nan,nan,nan,nan,nan,nan,nan,nan,nan,nan
darcy,6,6,loss2,epsilon_observed,3,5,0.6,0.8,0.02505190298021235,0.02505190298041235,0,0.0,nan,nan,nan,nan,nan,nan,nan,nan,nan,nan,nan,nan,nan,nan,nan,nan,nan,nan,nan,nan,nan,nan,nan,nan,nan,nan,nan,nan,nan,nan,nan,nan,nan,nan,nan,nan,nan,nan,nan,nan
darcy,6,6,loss2,epsilon_observed,4,5,0.8,1.0,0.02505190298041235,0.02505190298061235,64,1.0,0.0250519048422575,1.862645149230957e-09,0.02505190297961235,0.02505190297961235,0.0250519048422575,1.862645149230957e-09,0.02505190297961235,0.02505190297961235,1.0020761489868164,0.0,1.0020761489868164,1.0020761489868164,0.0250519048422575,1.862645149230957e-09,0.02505190297961235,0.02505190297961235,1.5292941668576532e-07,3.839084783407998e-08,9.001494305493907e-08,3.1652277243665594e-07,5.73765248645941e-07,2.641660046265315e-07,2.4500280915162875e-07,1.2987277386855567e-06,4.208358461710304e-07,2.5728434138727607e-07,1.0350126444791385e-07,1.0866804132092511e-06,4.208358461710304e-07,2.5728434138727607e-07,1.0350126444791385e-07,1.0866804132092511e-06,2.901273727416992,1.9436157941818237,0.7030633091926575,8.620987892150879,2.901273727416992,1.9436157941818237,0.7030633091926575,8.620987892150879
darcy,7,7,loss2,epsilon_observed,0,5,0.0,0.2,0.02505190297961235,0.02505190297981235,0,0.0,nan,nan,nan,nan,nan,nan,nan,nan,nan,nan,nan,nan,nan,nan,nan,nan,nan,nan,nan,nan,nan,nan,nan,nan,nan,nan,nan,nan,nan,nan,nan,nan,nan,nan,nan,nan,nan,nan,nan,nan
darcy,7,7,loss2,epsilon_observed,1,5,0.2,0.4,0.02505190297981235,0.02505190298001235,0,0.0,nan,nan,nan,nan,nan,nan,nan,nan,nan,nan,nan,nan,nan,nan,nan,nan,nan,nan,nan,nan,nan,nan,nan,nan,nan,nan,nan,nan,nan,nan,nan,nan,nan,nan,nan,nan,nan,nan,nan,nan
darcy,7,7,loss2,epsilon_observed,2,5,0.4,0.6,0.02505190298001235,0.02505190298021235,0,0.0,nan,nan,nan,nan,nan,nan,nan,nan,nan,nan,nan,nan,nan,nan,nan,nan,nan,nan,nan,nan,nan,nan,nan,nan,nan,nan,nan,nan,nan,nan,nan,nan,nan,nan,nan,nan,nan,nan,nan,nan
darcy,7,7,loss2,epsilon_observed,3,5,0.6,0.8,0.02505190298021235,0.02505190298041235,0,0.0,nan,nan,nan,nan,nan,nan,nan,nan,nan,nan,nan,nan,nan,nan,nan,nan,nan,nan,nan,nan,nan,nan,nan,nan,nan,nan,nan,nan,nan,nan,nan,nan,nan,nan,nan,nan,nan,nan,nan,nan
darcy,7,7,loss2,epsilon_observed,4,5,0.8,1.0,0.02505190298041235,0.02505190298061235,64,1.0,0.0250519048422575,1.862645149230957e-09,0.02505190297961235,0.02505190297961235,0.0250519048422575,1.862645149230957e-09,0.02505190297961235,0.02505190297961235,1.0020761489868164,0.0,1.0020761489868164,1.0020761489868164,0.0250519048422575,1.862645149230957e-09,0.02505190297961235,0.02505190297961235,2.4510245566489175e-07,1.3280487110023387e-07,1.0562150265513992e-07,8.325778253492899e-07,1.0323340120521607e-06,3.467872033979802e-07,4.659167132103903e-07,2.0116458472330123e-06,7.872314995438501e-07,2.421088254322967e-07,3.427472847761237e-07,1.4104748515819665e-06,7.872314995438501e-07,2.421088254322967e-07,3.427472847761237e-07,1.4104748515819665e-06,3.581336498260498,1.1189697980880737,1.3091695308685303,6.876669883728027,3.581336498260498,1.1189697980880737,1.3091695308685303,6.876669883728027
darcy,8,8,loss2,epsilon_observed,0,5,0.0,0.2,0.02505190297961235,0.02505190297981235,0,0.0,nan,nan,nan,nan,nan,nan,nan,nan,nan,nan,nan,nan,nan,nan,nan,nan,nan,nan,nan,nan,nan,nan,nan,nan,nan,nan,nan,nan,nan,nan,nan,nan,nan,nan,nan,nan,nan,nan,nan,nan
darcy,8,8,loss2,epsilon_observed,1,5,0.2,0.4,0.02505190297981235,0.02505190298001235,0,0.0,nan,nan,nan,nan,nan,nan,nan,nan,nan,nan,nan,nan,nan,nan,nan,nan,nan,nan,nan,nan,nan,nan,nan,nan,nan,nan,nan,nan,nan,nan,nan,nan,nan,nan,nan,nan,nan,nan,nan,nan
darcy,8,8,loss2,epsilon_observed,2,5,0.4,0.6,0.02505190298001235,0.02505190298021235,0,0.0,nan,nan,nan,nan,nan,nan,nan,nan,nan,nan,nan,nan,nan,nan,nan,nan,nan,nan,nan,nan,nan,nan,nan,nan,nan,nan,nan,nan,nan,nan,nan,nan,nan,nan,nan,nan,nan,nan,nan,nan
darcy,8,8,loss2,epsilon_observed,3,5,0.6,0.8,0.02505190298021235,0.02505190298041235,0,0.0,nan,nan,nan,nan,nan,nan,nan,nan,nan,nan,nan,nan,nan,nan,nan,nan,nan,nan,nan,nan,nan,nan,nan,nan,nan,nan,nan,nan,nan,nan,nan,nan,nan,nan,nan,nan,nan,nan,nan,nan
darcy,8,8,loss2,epsilon_observed,4,5,0.8,1.0,0.02505190298041235,0.02505190298061235,64,1.0,0.0250519048422575,1.862645149230957e-09,0.02505190297961235,0.02505190297961235,0.0250519048422575,1.862645149230957e-09,0.02505190297961235,0.02505190297961235,1.0020761489868164,0.0,1.0020761489868164,1.0020761489868164,0.0250519048422575,1.862645149230957e-09,0.02505190297961235,0.02505190297961235,1.1474628536234377e-07,7.181869676742281e-08,4.745096049418862e-08,4.328925911067927e-07,6.752110834895575e-07,3.087088202846644e-07,1.821756825393095e-07,1.5823343346710317e-06,5.604648549706326e-07,2.531532743432763e-07,1.2375301139400108e-07,1.1833094504254404e-06,5.604648549706326e-07,2.531532743432763e-07,1.2375301139400108e-07,1.1833094504254404e-06,5.32246208190918,1.8382195234298706,1.9362894296646118,9.860556602478027,5.32246208190918,1.8382195234298706,1.9362894296646118,9.860556602478027
darcy,9,9,loss2,epsilon_observed,0,5,0.0,0.2,0.02505190297961235,0.02505190297981235,0,0.0,nan,nan,nan,nan,nan,nan,nan,nan,nan,nan,nan,nan,nan,nan,nan,nan,nan,nan,nan,nan,nan,nan,nan,nan,nan,nan,nan,nan,nan,nan,nan,nan,nan,nan,nan,nan,nan,nan,nan,nan
darcy,9,9,loss2,epsilon_observed,1,5,0.2,0.4,0.02505190297981235,0.02505190298001235,0,0.0,nan,nan,nan,nan,nan,nan,nan,nan,nan,nan,nan,nan,nan,nan,nan,nan,nan,nan,nan,nan,nan,nan,nan,nan,nan,nan,nan,nan,nan,nan,nan,nan,nan,nan,nan,nan,nan,nan,nan,nan
darcy,9,9,loss2,epsilon_observed,2,5,0.4,0.6,0.02505190298001235,0.02505190298021235,0,0.0,nan,nan,nan,nan,nan,nan,nan,nan,nan,nan,nan,nan,nan,nan,nan,nan,nan,nan,nan,nan,nan,nan,nan,nan,nan,nan,nan,nan,nan,nan,nan,nan,nan,nan,nan,nan,nan,nan,nan,nan
darcy,9,9,loss2,epsilon_observed,3,5,0.6,0.8,0.02505190298021235,0.02505190298041235,0,0.0,nan,nan,nan,nan,nan,nan,nan,nan,nan,nan,nan,nan,nan,nan,nan,nan,nan,nan,nan,nan,nan,nan,nan,nan,nan,nan,nan,nan,nan,nan,nan,nan,nan,nan,nan,nan,nan,nan,nan,nan
darcy,9,9,loss2,epsilon_observed,4,5,0.8,1.0,0.02505190298041235,0.02505190298061235,64,1.0,0.0250519048422575,1.862645149230957e-09,0.02505190297961235,0.02505190297961235,0.0250519048422575,1.862645149230957e-09,0.02505190297961235,0.02505190297961235,1.0020761489868164,0.0,1.0020761489868164,1.0020761489868164,0.0250519048422575,1.862645149230957e-09,0.02505190297961235,0.02505190297961235,7.539291146940741e-08,1.9559385222578385e-08,3.258532288441529e-08,1.1634886476485917e-07,4.467630105864373e-07,2.1743720424183266e-07,8.696577680211703e-08,1.0330059012630954e-06,3.7137010622245725e-07,2.066063586880773e-07,2.0676800716046273e-08,9.166570293928089e-07,3.7137010622245725e-07,2.066063586880773e-07,2.0676800716046273e-08,9.166570293928089e-07,4.986748218536377,2.65940523147583,0.28834766149520874,16.500221252441406,4.986748218536377,2.65940523147583,0.28834766149520874,16.500221252441406
darcy,10,10,loss2,epsilon_observed,0,5,0.0,0.2,0.02505190297961235,0.02505190297981235,0,0.0,nan,nan,nan,nan,nan,nan,nan,nan,nan,nan,nan,nan,nan,nan,nan,nan,nan,nan,nan,nan,nan,nan,nan,nan,nan,nan,nan,nan,nan,nan,nan,nan,nan,nan,nan,nan,nan,nan,nan,nan
darcy,10,10,loss2,epsilon_observed,1,5,0.2,0.4,0.02505190297981235,0.02505190298001235,0,0.0,nan,nan,nan,nan,nan,nan,nan,nan,nan,nan,nan,nan,nan,nan,nan,nan,nan,nan,nan,nan,nan,nan,nan,nan,nan,nan,nan,nan,nan,nan,nan,nan,nan,nan,nan,nan,nan,nan,nan,nan
darcy,10,10,loss2,epsilon_observed,2,5,0.4,0.6,0.02505190298001235,0.02505190298021235,0,0.0,nan,nan,nan,nan,nan,nan,nan,nan,nan,nan,nan,nan,nan,nan,nan,nan,nan,nan,nan,nan,nan,nan,nan,nan,nan,nan,nan,nan,nan,nan,nan,nan,nan,nan,nan,nan,nan,nan,nan,nan
darcy,10,10,loss2,epsilon_observed,3,5,0.6,0.8,0.02505190298021235,0.02505190298041235,0,0.0,nan,nan,nan,nan,nan,nan,nan,nan,nan,nan,nan,nan,nan,nan,nan,nan,nan,nan,nan,nan,nan,nan,nan,nan,nan,nan,nan,nan,nan,nan,nan,nan,nan,nan,nan,nan,nan,nan,nan,nan
darcy,10,10,loss2,epsilon_observed,4,5,0.8,1.0,0.02505190298041235,0.02505190298061235,64,1.0,0.0250519048422575,1.862645149230957e-09,0.02505190297961235,0.02505190297961235,0.0250519048422575,1.862645149230957e-09,0.02505190297961235,0.02505190297961235,1.0020761489868164,0.0,1.0020761489868164,1.0020761489868164,0.0250519048422575,1.862645149230957e-09,0.02505190297961235,0.02505190297961235,1.3582068447703932e-07,3.5493236794081895e-08,6.967246690692264e-08,2.2391351706119167e-07,5.809444587612234e-07,2.035138351175192e-07,2.3506224522407138e-07,1.1308848115731962e-06,4.4512378849503875e-07,1.8101376042523043e-07,1.5328028268868366e-07,9.735372259456199e-07,4.4512378849503875e-07,1.8101376042523043e-07,1.5328028268868366e-07,9.735372259456199e-07,3.3186376094818115,1.1976858377456665,1.2364907264709473,7.163632869720459,3.3186376094818115,1.1976858377456665,1.2364907264709473,7.163632869720459
darcy,11,11,loss2,epsilon_observed,0,5,0.0,0.2,0.02505190297961235,0.02505190297981235,0,0.0,nan,nan,nan,nan,nan,nan,nan,nan,nan,nan,nan,nan,nan,nan,nan,nan,nan,nan,nan,nan,nan,nan,nan,nan,nan,nan,nan,nan,nan,nan,nan,nan,nan,nan,nan,nan,nan,nan,nan,nan
darcy,11,11,loss2,epsilon_observed,1,5,0.2,0.4,0.02505190297981235,0.02505190298001235,0,0.0,nan,nan,nan,nan,nan,nan,nan,nan,nan,nan,nan,nan,nan,nan,nan,nan,nan,nan,nan,nan,nan,nan,nan,nan,nan,nan,nan,nan,nan,nan,nan,nan,nan,nan,nan,nan,nan,nan,nan,nan
darcy,11,11,loss2,epsilon_observed,2,5,0.4,0.6,0.02505190298001235,0.02505190298021235,0,0.0,nan,nan,nan,nan,nan,nan,nan,nan,nan,nan,nan,nan,nan,nan,nan,nan,nan,nan,nan,nan,nan,nan,nan,nan,nan,nan,nan,nan,nan,nan,nan,nan,nan,nan,nan,nan,nan,nan,nan,nan
darcy,11,11,loss2,epsilon_observed,3,5,0.6,0.8,0.02505190298021235,0.02505190298041235,0,0.0,nan,nan,nan,nan,nan,nan,nan,nan,nan,nan,nan,nan,nan,nan,nan,nan,nan,nan,nan,nan,nan,nan,nan,nan,nan,nan,nan,nan,nan,nan,nan,nan,nan,nan,nan,nan,nan,nan,nan,nan
darcy,11,11,loss2,epsilon_observed,4,5,0.8,1.0,0.02505190298041235,0.02505190298061235,64,1.0,0.0250519048422575,1.862645149230957e-09,0.02505190297961235,0.02505190297961235,0.0250519048422575,1.862645149230957e-09,0.02505190297961235,0.02505190297961235,1.0020761489868164,0.0,1.0020761489868164,1.0020761489868164,0.0250519048422575,1.862645149230957e-09,0.02505190297961235,0.02505190297961235,4.70860648249527e-08,2.1119253901247248e-08,1.5650721607585183e-08,1.2803447191345185e-07,3.814437548044225e-07,2.466613011620211e-07,3.768260015135638e-08,1.04347577689623e-06,3.343577077430382e-07,2.3191250875242986e-07,1.6785978829148007e-08,9.302237344854802e-07,3.343577077430382e-07,2.3191250875242986e-07,1.6785978829148007e-08,9.302237344854802e-07,6.913455009460449,4.120849132537842,0.7184774875640869,21.593027114868164,6.913455009460449,4.120849132537842,0.7184774875640869,21.593027114868164
darcy,12,12,loss2,epsilon_observed,0,5,0.0,0.2,0.02505190297961235,0.02505190297981235,0,0.0,nan,nan,nan,nan,nan,nan,nan,nan,nan,nan,nan,nan,nan,nan,nan,nan,nan,nan,nan,nan,nan,nan,nan,nan,nan,nan,nan,nan,nan,nan,nan,nan,nan,nan,nan,nan,nan,nan,nan,nan
darcy,12,12,loss2,epsilon_observed,1,5,0.2,0.4,0.02505190297981235,0.02505190298001235,0,0.0,nan,nan,nan,nan,nan,nan,nan,nan,nan,nan,nan,nan,nan,nan,nan,nan,nan,nan,nan,nan,nan,nan,nan,nan,nan,nan,nan,nan,nan,nan,nan,nan,nan,nan,nan,nan,nan,nan,nan,nan
darcy,12,12,loss2,epsilon_observed,2,5,0.4,0.6,0.02505190298001235,0.02505190298021235,0,0.0,nan,nan,nan,nan,nan,nan,nan,nan,nan,nan,nan,nan,nan,nan,nan,nan,nan,nan,nan,nan,nan,nan,nan,nan,nan,nan,nan,nan,nan,nan,nan,nan,nan,nan,nan,nan,nan,nan,nan,nan
darcy,12,12,loss2,epsilon_observed,3,5,0.6,0.8,0.02505190298021235,0.02505190298041235,0,0.0,nan,nan,nan,nan,nan,nan,nan,nan,nan,nan,nan,nan,nan,nan,nan,nan,nan,nan,nan,nan,nan,nan,nan,nan,nan,nan,nan,nan,nan,nan,nan,nan,nan,nan,nan,nan,nan,nan,nan,nan
darcy,12,12,loss2,epsilon_observed,4,5,0.8,1.0,0.02505190298041235,0.02505190298061235,64,1.0,0.0250519048422575,1.862645149230957e-09,0.02505190297961235,0.02505190297961235,0.0250519048422575,1.862645149230957e-09,0.02505190297961235,0.02505190297961235,1.0020761489868164,0.0,1.0020761489868164,1.0020761489868164,0.0250519048422575,1.862645149230957e-09,0.02505190297961235,0.02505190297961235,4.312817836193972e-08,4.077223891840731e-08,1.1009527511873785e-08,2.332207174049472e-07,6.088049531172146e-07,2.568229717780923e-07,2.2486914019737014e-07,1.282574885408394e-06,5.656767143591424e-07,2.2908874086624564e-07,2.0680280954366026e-07,1.1267538866377436e-06,5.656767143591424e-07,2.2908874086624564e-07,2.0680280954366026e-07,1.1267538866377436e-06,17.66661834716797,8.849020957946777,3.961530923843384,47.218082427978516,17.66661834716797,8.849020957946777,3.961530923843384,47.218082427978516
darcy,13,13,loss2,epsilon_observed,0,5,0.0,0.2,0.02505190297961235,0.02505190297981235,0,0.0,nan,nan,nan,nan,nan,nan,nan,nan,nan,nan,nan,nan,nan,nan,nan,nan,nan,nan,nan,nan,nan,nan,nan,nan,nan,nan,nan,nan,nan,nan,nan,nan,nan,nan,nan,nan,nan,nan,nan,nan
darcy,13,13,loss2,epsilon_observed,1,5,0.2,0.4,0.02505190297981235,0.02505190298001235,0,0.0,nan,nan,nan,nan,nan,nan,nan,nan,nan,nan,nan,nan,nan,nan,nan,nan,nan,nan,nan,nan,nan,nan,nan,nan,nan,nan,nan,nan,nan,nan,nan,nan,nan,nan,nan,nan,nan,nan,nan,nan
darcy,13,13,loss2,epsilon_observed,2,5,0.4,0.6,0.02505190298001235,0.02505190298021235,0,0.0,nan,nan,nan,nan,nan,nan,nan,nan,nan,nan,nan,nan,nan,nan,nan,nan,nan,nan,nan,nan,nan,nan,nan,nan,nan,nan,nan,nan,nan,nan,nan,nan,nan,nan,nan,nan,nan,nan,nan,nan
darcy,13,13,loss2,epsilon_observed,3,5,0.6,0.8,0.02505190298021235,0.02505190298041235,0,0.0,nan,nan,nan,nan,nan,nan,nan,nan,nan,nan,nan,nan,nan,nan,nan,nan,nan,nan,nan,nan,nan,nan,nan,nan,nan,nan,nan,nan,nan,nan,nan,nan,nan,nan,nan,nan,nan,nan,nan,nan
darcy,13,13,loss2,epsilon_observed,4,5,0.8,1.0,0.02505190298041235,0.02505190298061235,64,1.0,0.0250519048422575,1.862645149230957e-09,0.02505190297961235,0.02505190297961235,0.0250519048422575,1.862645149230957e-09,0.02505190297961235,0.02505190297961235,1.0020761489868164,0.0,1.0020761489868164,1.0020761489868164,0.0250519048422575,1.862645149230957e-09,0.02505190297961235,0.02505190297961235,6.502475713432432e-08,4.564934741324578e-08,1.583675945937557e-08,2.7617721798378625e-07,5.977139494461881e-07,2.6078973291987495e-07,1.1631948382273549e-07,1.303214048675727e-06,5.326892278390005e-07,2.280142439303745e-07,9.580451632018594e-08,1.1233908026042627e-06,5.326892278390005e-07,2.280142439303745e-07,9.580451632018594e-08,1.1233908026042627e-06,9.513042449951172,4.277775287628174,3.195366144180298,23.428123474121094,9.513042449951172,4.277775287628174,3.195366144180298,23.428123474121094
darcy,14,14,loss2,epsilon_observed,0,5,0.0,0.2,0.02505190297961235,0.02505190297981235,0,0.0,nan,nan,nan,nan,nan,nan,nan,nan,nan,nan,nan,nan,nan,nan,nan,nan,nan,nan,nan,nan,nan,nan,nan,nan,nan,nan,nan,nan,nan,nan,nan,nan,nan,nan,nan,nan,nan,nan,nan,nan
darcy,14,14,loss2,epsilon_observed,1,5,0.2,0.4,0.02505190297981235,0.02505190298001235,0,0.0,nan,nan,nan,nan,nan,nan,nan,nan,nan,nan,nan,nan,nan,nan,nan,nan,nan,nan,nan,nan,nan,nan,nan,nan,nan,nan,nan,nan,nan,nan,nan,nan,nan,nan,nan,nan,nan,nan,nan,nan
darcy,14,14,loss2,epsilon_observed,2,5,0.4,0.6,0.02505190298001235,0.02505190298021235,0,0.0,nan,nan,nan,nan,nan,nan,nan,nan,nan,nan,nan,nan,nan,nan,nan,nan,nan,nan,nan,nan,nan,nan,nan,nan,nan,nan,nan,nan,nan,nan,nan,nan,nan,nan,nan,nan,nan,nan,nan,nan
darcy,14,14,loss2,epsilon_observed,3,5,0.6,0.8,0.02505190298021235,0.02505190298041235,0,0.0,nan,nan,nan,nan,nan,nan,nan,nan,nan,nan,nan,nan,nan,nan,nan,nan,nan,nan,nan,nan,nan,nan,nan,nan,nan,nan,nan,nan,nan,nan,nan,nan,nan,nan,nan,nan,nan,nan,nan,nan
darcy,14,14,loss2,epsilon_observed,4,5,0.8,1.0,0.02505190298041235,0.02505190298061235,64,1.0,0.0250519048422575,1.862645149230957e-09,0.02505190297961235,0.02505190297961235,0.0250519048422575,1.862645149230957e-09,0.02505190297961235,0.02505190297961235,1.0020761489868164,0.0,1.0020761489868164,1.0020761489868164,0.0250519048422575,1.862645149230957e-09,0.02505190297961235,0.02505190297961235,4.775398565470823e-08,3.362472611456724e-08,1.2692816575565757e-08,2.0434063685570436e-07,4.891273306384392e-07,2.6617877324497385e-07,8.231248216361564e-08,1.200939891532471e-06,4.4137337340544036e-07,2.431908399103122e-07,4.23174064678733e-08,1.0684934750315733e-06,4.4137337340544036e-07,2.431908399103122e-07,4.23174064678733e-08,1.0684934750315733e-06,10.181951522827148,4.49055290222168,1.058065414428711,22.358829498291016,10.181951522827148,4.49055290222168,1.058065414428711,22.358829498291016
darcy,15,15,loss2,epsilon_observed,0,5,0.0,0.2,0.02505190297961235,0.02505190297981235,0,0.0,nan,nan,nan,nan,nan,nan,nan,nan,nan,nan,nan,nan,nan,nan,nan,nan,nan,nan,nan,nan,nan,nan,nan,nan,nan,nan,nan,nan,nan,nan,nan,nan,nan,nan,nan,nan,nan,nan,nan,nan
darcy,15,15,loss2,epsilon_observed,1,5,0.2,0.4,0.02505190297981235,0.02505190298001235,0,0.0,nan,nan,nan,nan,nan,nan,nan,nan,nan,nan,nan,nan,nan,nan,nan,nan,nan,nan,nan,nan,nan,nan,nan,nan,nan,nan,nan,nan,nan,nan,nan,nan,nan,nan,nan,nan,nan,nan,nan,nan
darcy,15,15,loss2,epsilon_observed,2,5,0.4,0.6,0.02505190298001235,0.02505190298021235,0,0.0,nan,nan,nan,nan,nan,nan,nan,nan,nan,nan,nan,nan,nan,nan,nan,nan,nan,nan,nan,nan,nan,nan,nan,nan,nan,nan,nan,nan,nan,nan,nan,nan,nan,nan,nan,nan,nan,nan,nan,nan
darcy,15,15,loss2,epsilon_observed,3,5,0.6,0.8,0.02505190298021235,0.02505190298041235,0,0.0,nan,nan,nan,nan,nan,nan,nan,nan,nan,nan,nan,nan,nan,nan,nan,nan,nan,nan,nan,nan,nan,nan,nan,nan,nan,nan,nan,nan,nan,nan,nan,nan,nan,nan,nan,nan,nan,nan,nan,nan
darcy,15,15,loss2,epsilon_observed,4,5,0.8,1.0,0.02505190298041235,0.02505190298061235,64,1.0,0.0250519048422575,1.862645149230957e-09,0.02505190297961235,0.02505190297961235,0.0250519048422575,1.862645149230957e-09,0.02505190297961235,0.02505190297961235,1.0020761489868164,0.0,1.0020761489868164,1.0020761489868164,0.0250519048422575,1.862645149230957e-09,0.02505190297961235,0.02505190297961235,2.85736767580147e-08,2.3534663995405936e-08,8.152184705068066e-09,1.3744970317475236e-07,4.477900006349955e-07,2.6888830007010256e-07,3.496242939604599e-08,1.1215461199753918e-06,4.1921632032426714e-07,2.546985911067168e-07,2.3904977553002027e-08,1.028424890137103e-06,4.1921632032426714e-07,2.546985911067168e-07,2.3904977553002027e-08,1.028424890137103e-06,16.95899200439453,11.148199081420898,1.9484599828720093,58.642677307128906,16.95899200439453,11.148199081420898,1.9484599828720093,58.642677307128906
darcy,16,16,loss2,epsilon_observed,0,5,0.0,0.2,0.02505190297961235,0.02505190297981235,0,0.0,nan,nan,nan,nan,nan,nan,nan,nan,nan,nan,nan,nan,nan,nan,nan,nan,nan,nan,nan,nan,nan,nan,nan,nan,nan,nan,nan,nan,nan,nan,nan,nan,nan,nan,nan,nan,nan,nan,nan,nan
darcy,16,16,loss2,epsilon_observed,1,5,0.2,0.4,0.02505190297981235,0.02505190298001235,0,0.0,nan,nan,nan,nan,nan,nan,nan,nan,nan,nan,nan,nan,nan,nan,nan,nan,nan,nan,nan,nan,nan,nan,nan,nan,nan,nan,nan,nan,nan,nan,nan,nan,nan,nan,nan,nan,nan,nan,nan,nan
darcy,16,16,loss2,epsilon_observed,2,5,0.4,0.6,0.02505190298001235,0.02505190298021235,0,0.0,nan,nan,nan,nan,nan,nan,nan,nan,nan,nan,nan,nan,nan,nan,nan,nan,nan,nan,nan,nan,nan,nan,nan,nan,nan,nan,nan,nan,nan,nan,nan,nan,nan,nan,nan,nan,nan,nan,nan,nan
darcy,16,16,loss2,epsilon_observed,3,5,0.6,0.8,0.02505190298021235,0.02505190298041235,0,0.0,nan,nan,nan,nan,nan,nan,nan,nan,nan,nan,nan,nan,nan,nan,nan,nan,nan,nan,nan,nan,nan,nan,nan,nan,nan,nan,nan,nan,nan,nan,nan,nan,nan,nan,nan,nan,nan,nan,nan,nan
darcy,16,16,loss2,epsilon_observed,4,5,0.8,1.0,0.02505190298041235,0.02505190298061235,64,1.0,0.0250519048422575,1.862645149230957e-09,0.02505190297961235,0.02505190297961235,0.0250519048422575,1.862645149230957e-09,0.02505190297961235,0.02505190297961235,1.0020761489868164,0.0,1.0020761489868164,1.0020761489868164,0.0250519048422575,1.862645149230957e-09,0.02505190297961235,0.02505190297961235,3.244197444018937e-08,1.9351519497945446e-08,1.26931656296847e-08,1.1185369430677383e-07,4.327598617237527e-07,2.4280799948428466e-07,3.88023480013544e-08,1.0572376822892693e-06,4.003178730727086e-07,2.3142443694723625e-07,1.4180013607756337e-08,9.694188065623166e-07,4.003178730727086e-07,2.3142443694723625e-07,1.4180013607756337e-08,9.694188065623166e-07,13.734565734863281,9.03864574432373,0.5759004354476929,47.315792083740234,13.734565734863281,9.03864574432373,0.5759004354476929,47.315792083740234
darcy,17,17,loss2,epsilon_observed,0,5,0.0,0.2,0.02505190297961235,0.02505190297981235,0,0.0,nan,nan,nan,nan,nan,nan,nan,nan,nan,nan,nan,nan,nan,nan,nan,nan,nan,nan,nan,nan,nan,nan,nan,nan,nan,nan,nan,nan,nan,nan,nan,nan,nan,nan,nan,nan,nan,nan,nan,nan
darcy,17,17,loss2,epsilon_observed,1,5,0.2,0.4,0.02505190297981235,0.02505190298001235,0,0.0,nan,nan,nan,nan,nan,nan,nan,nan,nan,nan,nan,nan,nan,nan,nan,nan,nan,nan,nan,nan,nan,nan,nan,nan,nan,nan,nan,nan,nan,nan,nan,nan,nan,nan,nan,nan,nan,nan,nan,nan
darcy,17,17,loss2,epsilon_observed,2,5,0.4,0.6,0.02505190298001235,0.02505190298021235,0,0.0,nan,nan,nan,nan,nan,nan,nan,nan,nan,nan,nan,nan,nan,nan,nan,nan,nan,nan,nan,nan,nan,nan,nan,nan,nan,nan,nan,nan,nan,nan,nan,nan,nan,nan,nan,nan,nan,nan,nan,nan
darcy,17,17,loss2,epsilon_observed,3,5,0.6,0.8,0.02505190298021235,0.02505190298041235,0,0.0,nan,nan,nan,nan,nan,nan,nan,nan,nan,nan,nan,nan,nan,nan,nan,nan,nan,nan,nan,nan,nan,nan,nan,nan,nan,nan,nan,nan,nan,nan,nan,nan,nan,nan,nan,nan,nan,nan,nan,nan
darcy,17,17,loss2,epsilon_observed,4,5,0.8,1.0,0.02505190298041235,0.02505190298061235,64,1.0,0.0250519048422575,1.862645149230957e-09,0.02505190297961235,0.02505190297961235,0.0250519048422575,1.862645149230957e-09,0.02505190297961235,0.02505190297961235,1.0020761489868164,0.0,1.0020761489868164,1.0020761489868164,0.0250519048422575,1.862645149230957e-09,0.02505190297961235,0.02505190297961235,3.6734476793753856e-08,1.663432769305473e-08,1.3546117116902678e-08,9.484956819960644e-08,3.9064244106157275e-07,2.4066955006674107e-07,3.9161875520221656e-08,9.8588748187467e-07,3.539079500569642e-07,2.29513204885734e-07,1.4167744311066599e-08,9.039447945724532e-07,3.539079500569642e-07,2.29513204885734e-07,1.4167744311066599e-08,9.039447945724532e-07,9.765256881713867,5.83620548248291,0.5668428540229797,34.57904052734375,9.765256881713867,5.83620548248291,0.5668428540229797,34.57904052734375
darcy,18,18,loss2,epsilon_observed,0,5,0.0,0.2,0.02505190297961235,0.02505190297981235,0,0.0,nan,nan,nan,nan,nan,nan,nan,nan,nan,nan,nan,nan,nan,nan,nan,nan,nan,nan,nan,nan,nan,nan,nan,nan,nan,nan,nan,nan,nan,nan,nan,nan,nan,nan,nan,nan,nan,nan,nan,nan
darcy,18,18,loss2,epsilon_observed,1,5,0.2,0.4,0.02505190297981235,0.02505190298001235,0,0.0,nan,nan,nan,nan,nan,nan,nan,nan,nan,nan,nan,nan,nan,nan,nan,nan,nan,nan,nan,nan,nan,nan,nan,nan,nan,nan,nan,nan,nan,nan,nan,nan,nan,nan,nan,nan,nan,nan,nan,nan
darcy,18,18,loss2,epsilon_observed,2,5,0.4,0.6,0.02505190298001235,0.02505190298021235,0,0.0,nan,nan,nan,nan,nan,nan,nan,nan,nan,nan,nan,nan,nan,nan,nan,nan,nan,nan,nan,nan,nan,nan,nan,nan,nan,nan,nan,nan,nan,nan,nan,nan,nan,nan,nan,nan,nan,nan,nan,nan
darcy,18,18,loss2,epsilon_observed,3,5,0.6,0.8,0.02505190298021235,0.02505190298041235,0,0.0,nan,nan,nan,nan,nan,nan,nan,nan,nan,nan,nan,nan,nan,nan,nan,nan,nan,nan,nan,nan,nan,nan,nan,nan,nan,nan,nan,nan,nan,nan,nan,nan,nan,nan,nan,nan,nan,nan,nan,nan
darcy,18,18,loss2,epsilon_observed,4,5,0.8,1.0,0.02505190298041235,0.02505190298061235,64,1.0,0.0250519048422575,1.862645149230957e-09,0.02505190297961235,0.02505190297961235,0.0250519048422575,1.862645149230957e-09,0.02505190297961235,0.02505190297961235,1.0020761489868164,0.0,1.0020761489868164,1.0020761489868164,0.0250519048422575,1.862645149230957e-09,0.02505190297961235,0.02505190297961235,3.1266981892486e-08,1.677874017502745e-08,1.084726086730825e-08,9.820161039897357e-08,3.693550922889699e-07,2.422868021767499e-07,2.9060515771561768e-08,1.004022010420158e-06,3.380881139491976e-07,2.3063883247687045e-07,4.030610512018029e-09,9.229532338395074e-07,3.380881139491976e-07,2.3063883247687045e-07,4.030610512018029e-09,9.229532338395074e-07,11.28630256652832,7.01679801940918,0.1610317975282669,38.54647445678711,11.28630256652832,7.01679801940918,0.1610317975282669,38.54647445678711
darcy,19,19,loss2,epsilon_observed,0,5,0.0,0.2,0.02505190297961235,0.02505190297981235,0,0.0,nan,nan,nan,nan,nan,nan,nan,nan,nan,nan,nan,nan,nan,nan,nan,nan,nan,nan,nan,nan,nan,nan,nan,nan,nan,nan,nan,nan,nan,nan,nan,nan,nan,nan,nan,nan,nan,nan,nan,nan
darcy,19,19,loss2,epsilon_observed,1,5,0.2,0.4,0.02505190297981235,0.02505190298001235,0,0.0,nan,nan,nan,nan,nan,nan,nan,nan,nan,nan,nan,nan,nan,nan,nan,nan,nan,nan,nan,nan,nan,nan,nan,nan,nan,nan,nan,nan,nan,nan,nan,nan,nan,nan,nan,nan,nan,nan,nan,nan
darcy,19,19,loss2,epsilon_observed,2,5,0.4,0.6,0.02505190298001235,0.02505190298021235,0,0.0,nan,nan,nan,nan,nan,nan,nan,nan,nan,nan,nan,nan,nan,nan,nan,nan,nan,nan,nan,nan,nan,nan,nan,nan,nan,nan,nan,nan,nan,nan,nan,nan,nan,nan,nan,nan,nan,nan,nan,nan
darcy,19,19,loss2,epsilon_observed,3,5,0.6,0.8,0.02505190298021235,0.02505190298041235,0,0.0,nan,nan,nan,nan,nan,nan,nan,nan,nan,nan,nan,nan,nan,nan,nan,nan,nan,nan,nan,nan,nan,nan,nan,nan,nan,nan,nan,nan,nan,nan,nan,nan,nan,nan,nan,nan,nan,nan,nan,nan
darcy,19,19,loss2,epsilon_observed,4,5,0.8,1.0,0.02505190298041235,0.02505190298061235,64,1.0,0.0250519048422575,1.862645149230957e-09,0.02505190297961235,0.02505190297961235,0.0250519048422575,1.862645149230957e-09,0.02505190297961235,0.02505190297961235,1.0020761489868164,0.0,1.0020761489868164,1.0020761489868164,0.0250519048422575,1.862645149230957e-09,0.02505190297961235,0.02505190297961235,2.640049245883347e-08,2.14373798712586e-08,5.894974730580316e-09,1.2225768841744866e-07,3.903064964561054e-07,2.625896229346836e-07,2.1120566628951565e-08,1.0919316082436126e-06,3.6390599689184455e-07,2.4903880557758384e-07,8.956231312140517e-10,9.95377376966644e-07,3.6390599689184455e-07,2.4903880557758384e-07,8.956231312140517e-10,9.95377376966644e-07,17.068645477294922,14.39217758178711,0.04428309574723244,79.17753601074219,17.068645477294922,14.39217758178711,0.04428309574723244,79.17753601074219
darcy,20,20,loss2,epsilon_observed,0,5,0.0,0.2,0.02505190297961235,0.02505190297981235,0,0.0,nan,nan,nan,nan,nan,nan,nan,nan,nan,nan,nan,nan,nan,nan,nan,nan,nan,nan,nan,nan,nan,nan,nan,nan,nan,nan,nan,nan,nan,nan,nan,nan,nan,nan,nan,nan,nan,nan,nan,nan
darcy,20,20,loss2,epsilon_observed,1,5,0.2,0.4,0.02505190297981235,0.02505190298001235,0,0.0,nan,nan,nan,nan,nan,nan,nan,nan,nan,nan,nan,nan,nan,nan,nan,nan,nan,nan,nan,nan,nan,nan,nan,nan,nan,nan,nan,nan,nan,nan,nan,nan,nan,nan,nan,nan,nan,nan,nan,nan
darcy,20,20,loss2,epsilon_observed,2,5,0.4,0.6,0.02505190298001235,0.02505190298021235,0,0.0,nan,nan,nan,nan,nan,nan,nan,nan,nan,nan,nan,nan,nan,nan,nan,nan,nan,nan,nan,nan,nan,nan,nan,nan,nan,nan,nan,nan,nan,nan,nan,nan,nan,nan,nan,nan,nan,nan,nan,nan
darcy,20,20,loss2,epsilon_observed,3,5,0.6,0.8,0.02505190298021235,0.02505190298041235,0,0.0,nan,nan,nan,nan,nan,nan,nan,nan,nan,nan,nan,nan,nan,nan,nan,nan,nan,nan,nan,nan,nan,nan,nan,nan,nan,nan,nan,nan,nan,nan,nan,nan,nan,nan,nan,nan,nan,nan,nan,nan
darcy,20,20,loss2,epsilon_observed,4,5,0.8,1.0,0.02505190298041235,0.02505190298061235,64,1.0,0.0250519048422575,1.862645149230957e-09,0.02505190297961235,0.02505190297961235,0.0250519048422575,1.862645149230957e-09,0.02505190297961235,0.02505190297961235,1.0020761489868164,0.0,1.0020761489868164,1.0020761489868164,0.0250519048422575,1.862645149230957e-09,0.02505190297961235,0.02505190297961235,2.6006022224578373e-08,2.4827299327512264e-08,6.437394173275379e-09,1.359179719884196e-07,4.300023874748149e-07,2.826725449267542e-07,5.078489806464859e-08,1.1640738648566185e-06,4.0399635281573865e-07,2.674159418347699e-07,3.457209984958354e-08,1.0511809023228125e-06,4.0399635281573865e-07,2.674159418347699e-07,3.457209984958354e-08,1.0511809023228125e-06,19.492637634277344,14.804891586303711,2.038489580154419,76.09506225585938,19.492637634277344,14.804891586303711,2.038489580154419,76.09506225585938
darcy,21,21,loss2,epsilon_observed,0,5,0.0,0.2,0.02505190297961235,0.02505190297981235,0,0.0,nan,nan,nan,nan,nan,nan,nan,nan,nan,nan,nan,nan,nan,nan,nan,nan,nan,nan,nan,nan,nan,nan,nan,nan,nan,nan,nan,nan,nan,nan,nan,nan,nan,nan,nan,nan,nan,nan,nan,nan
darcy,21,21,loss2,epsilon_observed,1,5,0.2,0.4,0.02505190297981235,0.02505190298001235,0,0.0,nan,nan,nan,nan,nan,nan,nan,nan,nan,nan,nan,nan,nan,nan,nan,nan,nan,nan,nan,nan,nan,nan,nan,nan,nan,nan,nan,nan,nan,nan,nan,nan,nan,nan,nan,nan,nan,nan,nan,nan
darcy,21,21,loss2,epsilon_observed,2,5,0.4,0.6,0.02505190298001235,0.02505190298021235,0,0.0,nan,nan,nan,nan,nan,nan,nan,nan,nan,nan,nan,nan,nan,nan,nan,nan,nan,nan,nan,nan,nan,nan,nan,nan,nan,nan,nan,nan,nan,nan,nan,nan,nan,nan,nan,nan,nan,nan,nan,nan
darcy,21,21,loss2,epsilon_observed,3,5,0.6,0.8,0.02505190298021235,0.02505190298041235,0,0.0,nan,nan,nan,nan,nan,nan,nan,nan,nan,nan,nan,nan,nan,nan,nan,nan,nan,nan,nan,nan,nan,nan,nan,nan,nan,nan,nan,nan,nan,nan,nan,nan,nan,nan,nan,nan,nan,nan,nan,nan
darcy,21,21,loss2,epsilon_observed,4,5,0.8,1.0,0.02505190298041235,0.02505190298061235,64,1.0,0.0250519048422575,1.862645149230957e-09,0.02505190297961235,0.02505190297961235,0.0250519048422575,1.862645149230957e-09,0.02505190297961235,0.02505190297961235,1.0020761489868164,0.0,1.0020761489868164,1.0020761489868164,0.0250519048422575,1.862645149230957e-09,0.02505190297961235,0.02505190297961235,2.7518739287302196e-08,2.169532109519423e-08,9.229771613661342e-09,1.1988447568000993e-07,4.429780062764621e-07,2.704243797779782e-07,5.9050570655472256e-08,1.1523509328981163e-06,4.154593113980809e-07,2.5754783905540535e-07,3.9519338912441526e-08,1.0484732229087967e-06,4.154593113980809e-07,2.5754783905540535e-07,3.9519338912441526e-08,1.0484732229087967e-06,17.599271774291992,11.918540000915527,2.0233919620513916,57.01521682739258,17.599271774291992,11.918540000915527,2.0233919620513916,57.01521682739258
darcy,22,22,loss2,epsilon_observed,0,5,0.0,0.2,0.02505190297961235,0.02505190297981235,0,0.0,nan,nan,nan,nan,nan,nan,nan,nan,nan,nan,nan,nan,nan,nan,nan,nan,nan,nan,nan,nan,nan,nan,nan,nan,nan,nan,nan,nan,nan,nan,nan,nan,nan,nan,nan,nan,nan,nan,nan,nan
darcy,22,22,loss2,epsilon_observed,1,5,0.2,0.4,0.02505190297981235,0.02505190298001235,0,0.0,nan,nan,nan,nan,nan,nan,nan,nan,nan,nan,nan,nan,nan,nan,nan,nan,nan,nan,nan,nan,nan,nan,nan,nan,nan,nan,nan,nan,nan,nan,nan,nan,nan,nan,nan,nan,nan,nan,nan,nan
darcy,22,22,loss2,epsilon_observed,2,5,0.4,0.6,0.02505190298001235,0.02505190298021235,0,0.0,nan,nan,nan,nan,nan,nan,nan,nan,nan,nan,nan,nan,nan,nan,nan,nan,nan,nan,nan,nan,nan,nan,nan,nan,nan,nan,nan,nan,nan,nan,nan,nan,nan,nan,nan,nan,nan,nan,nan,nan
darcy,22,22,loss2,epsilon_observed,3,5,0.6,0.8,0.02505190298021235,0.02505190298041235,0,0.0,nan,nan,nan,nan,nan,nan,nan,nan,nan,nan,nan,nan,nan,nan,nan,nan,nan,nan,nan,nan,nan,nan,nan,nan,nan,nan,nan,nan,nan,nan,nan,nan,nan,nan,nan,nan,nan,nan,nan,nan
darcy,22,22,loss2,epsilon_observed,4,5,0.8,1.0,0.02505190298041235,0.02505190298061235,64,1.0,0.0250519048422575,1.862645149230957e-09,0.02505190297961235,0.02505190297961235,0.0250519048422575,1.862645149230957e-09,0.02505190297961235,0.02505190297961235,1.0020761489868164,0.0,1.0020761489868164,1.0020761489868164,0.0250519048422575,1.862645149230957e-09,0.02505190297961235,0.02505190297961235,2.5280307625052956e-08,1.744936461989255e-08,5.669349434356263e-09,9.391433763994428e-08,4.532398918399849e-07,2.466172759341134e-07,1.398304316779786e-08,1.0785772701638052e-06,4.279595486877952e-07,2.3675643490150833e-07,3.5331222392187556e-09,9.994217862185906e-07,4.279595486877952e-07,2.3675643490150833e-07,3.5331222392187556e-09,9.994217862185906e-07,19.976673126220703,13.718052864074707,0.3381003737449646,71.94962310791016,19.976673126220703,13.718052864074707,0.3381003737449646,71.94962310791016
darcy,23,23,loss2,epsilon_observed,0,5,0.0,0.2,0.02505190297961235,0.02505190297981235,0,0.0,nan,nan,nan,nan,nan,nan,nan,nan,nan,nan,nan,nan,nan,nan,nan,nan,nan,nan,nan,nan,nan,nan,nan,nan,nan,nan,nan,nan,nan,nan,nan,nan,nan,nan,nan,nan,nan,nan,nan,nan
darcy,23,23,loss2,epsilon_observed,1,5,0.2,0.4,0.02505190297981235,0.02505190298001235,0,0.0,nan,nan,nan,nan,nan,nan,nan,nan,nan,nan,nan,nan,nan,nan,nan,nan,nan,nan,nan,nan,nan,nan,nan,nan,nan,nan,nan,nan,nan,nan,nan,nan,nan,nan,nan,nan,nan,nan,nan,nan
darcy,23,23,loss2,epsilon_observed,2,5,0.4,0.6,0.02505190298001235,0.02505190298021235,0,0.0,nan,nan,nan,nan,nan,nan,nan,nan,nan,nan,nan,nan,nan,nan,nan,nan,nan,nan,nan,nan,nan,nan,nan,nan,nan,nan,nan,nan,nan,nan,nan,nan,nan,nan,nan,nan,nan,nan,nan,nan
darcy,23,23,loss2,epsilon_observed,3,5,0.6,0.8,0.02505190298021235,0.02505190298041235,0,0.0,nan,nan,nan,nan,nan,nan,nan,nan,nan,nan,nan,nan,nan,nan,nan,nan,nan,nan,nan,nan,nan,nan,nan,nan,nan,nan,nan,nan,nan,nan,nan,nan,nan,nan,nan,nan,nan,nan,nan,nan
darcy,23,23,loss2,epsilon_observed,4,5,0.8,1.0,0.02505190298041235,0.02505190298061235,64,1.0,0.0250519048422575,1.862645149230957e-09,0.02505190297961235,0.02505190297961235,0.0250519048422575,1.862645149230957e-09,0.02505190297961235,0.02505190297961235,1.0020761489868164,0.0,1.0020761489868164,1.0020761489868164,0.0250519048422575,1.862645149230957e-09,0.02505190297961235,0.02505190297961235,2.7137110336639125e-08,1.4957345584321047e-08,4.989982649306057e-09,7.064391382982649e-08,4.5852220864617266e-07,2.1136322914117045e-07,1.9089519298631785e-08,9.901314115268178e-07,4.313851604820229e-07,2.0272324263714836e-07,3.0051818811216435e-09,9.303478236688534e-07,4.313851604820229e-07,2.0272324263714836e-07,3.0051818811216435e-09,9.303478236688534e-07,19.681472778320312,14.207501411437988,0.1868390291929245,78.77417755126953,19.681472778320312,14.207501411437988,0.1868390291929245,78.77417755126953
darcy,24,24,loss2,epsilon_observed,0,5,0.0,0.2,0.02505190297961235,0.02505190297981235,0,0.0,nan,nan,nan,nan,nan,nan,nan,nan,nan,nan,nan,nan,nan,nan,nan,nan,nan,nan,nan,nan,nan,nan,nan,nan,nan,nan,nan,nan,nan,nan,nan,nan,nan,nan,nan,nan,nan,nan,nan,nan
darcy,24,24,loss2,epsilon_observed,1,5,0.2,0.4,0.02505190297981235,0.02505190298001235,0,0.0,nan,nan,nan,nan,nan,nan,nan,nan,nan,nan,nan,nan,nan,nan,nan,nan,nan,nan,nan,nan,nan,nan,nan,nan,nan,nan,nan,nan,nan,nan,nan,nan,nan,nan,nan,nan,nan,nan,nan,nan
darcy,24,24,loss2,epsilon_observed,2,5,0.4,0.6,0.02505190298001235,0.02505190298021235,0,0.0,nan,nan,nan,nan,nan,nan,nan,nan,nan,nan,nan,nan,nan,nan,nan,nan,nan,nan,nan,nan,nan,nan,nan,nan,nan,nan,nan,nan,nan,nan,nan,nan,nan,nan,nan,nan,nan,nan,nan,nan
darcy,24,24,loss2,epsilon_observed,3,5,0.6,0.8,0.02505190298021235,0.02505190298041235,0,0.0,nan,nan,nan,nan,nan,nan,nan,nan,nan,nan,nan,nan,nan,nan,nan,nan,nan,nan,nan,nan,nan,nan,nan,nan,nan,nan,nan,nan,nan,nan,nan,nan,nan,nan,nan,nan,nan,nan,nan,nan
darcy,24,24,loss2,epsilon_observed,4,5,0.8,1.0,0.02505190298041235,0.02505190298061235,64,1.0,0.0250519048422575,1.862645149230957e-09,0.02505190297961235,0.02505190297961235,0.0250519048422575,1.862645149230957e-09,0.02505190297961235,0.02505190297961235,1.0020761489868164,0.0,1.0020761489868164,1.0020761489868164,0.0250519048422575,1.862645149230957e-09,0.02505190297961235,0.02505190297961235,2.5430109573676418e-08,1.4406677628642228e-08,7.588771389066551e-09,7.568552717884813e-08,4.1202798684025765e-07,2.3542419569366757e-07,2.037644719621312e-08,1.0155572454095818e-06,3.865978612793697e-07,2.2591218851175654e-07,1.1300080871023965e-09,9.484141401117085e-07,3.865978612793697e-07,2.2591218851175654e-07,1.1300080871023965e-09,9.484141401117085e-07,17.171070098876953,12.202056884765625,0.05871257930994034,78.80915069580078,17.171070098876953,12.202056884765625,0.05871257930994034,78.80915069580078
darcy,25,25,loss2,epsilon_observed,0,5,0.0,0.2,0.02505190297961235,0.02505190297981235,0,0.0,nan,nan,nan,nan,nan,nan,nan,nan,nan,nan,nan,nan,nan,nan,nan,nan,nan,nan,nan,nan,nan,nan,nan,nan,nan,nan,nan,nan,nan,nan,nan,nan,nan,nan,nan,nan,nan,nan,nan,nan
darcy,25,25,loss2,epsilon_observed,1,5,0.2,0.4,0.02505190297981235,0.02505190298001235,0,0.0,nan,nan,nan,nan,nan,nan,nan,nan,nan,nan,nan,nan,nan,nan,nan,nan,nan,nan,nan,nan,nan,nan,nan,nan,nan,nan,nan,nan,nan,nan,nan,nan,nan,nan,nan,nan,nan,nan,nan,nan
darcy,25,25,loss2,epsilon_observed,2,5,0.4,0.6,0.02505190298001235,0.02505190298021235,0,0.0,nan,nan,nan,nan,nan,nan,nan,nan,nan,nan,nan,nan,nan,nan,nan,nan,nan,nan,nan,nan,nan,nan,nan,nan,nan,nan,nan,nan,nan,nan,nan,nan,nan,nan,nan,nan,nan,nan,nan,nan
darcy,25,25,loss2,epsilon_observed,3,5,0.6,0.8,0.02505190298021235,0.02505190298041235,0,0.0,nan,nan,nan,nan,nan,nan,nan,nan,nan,nan,nan,nan,nan,nan,nan,nan,nan,nan,nan,nan,nan,nan,nan,nan,nan,nan,nan,nan,nan,nan,nan,nan,nan,nan,nan,nan,nan,nan,nan,nan
darcy,25,25,loss2,epsilon_observed,4,5,0.8,1.0,0.02505190298041235,0.02505190298061235,64,1.0,0.0250519048422575,1.862645149230957e-09,0.02505190297961235,0.02505190297961235,0.0250519048422575,1.862645149230957e-09,0.02505190297961235,0.02505190297961235,1.0020761489868164,0.0,1.0020761489868164,1.0020761489868164,0.0250519048422575,1.862645149230957e-09,0.02505190297961235,0.02505190297961235,2.184006575589592e-08,1.7190133760891513e-08,6.917619810309361e-09,9.225661301570653e-08,3.946401534449251e-07,2.812510899730114e-07,1.6708169070511758e-08,1.1056085895688739e-06,3.728001161107386e-07,2.7051260076405015e-07,2.8381048622350136e-09,1.0169253528147237e-06,3.728001161107386e-07,2.7051260076405015e-07,2.8381048622350136e-09,1.0169253528147237e-06,20.088237762451172,17.190454483032227,0.1905396580696106,73.73927307128906,20.088237762451172,17.190454483032227,0.1905396580696106,73.73927307128906
darcy,26,26,loss2,epsilon_observed,0,5,0.0,0.2,0.02505190297961235,0.02505190297981235,0,0.0,nan,nan,nan,nan,nan,nan,nan,nan,nan,nan,nan,nan,nan,nan,nan,nan,nan,nan,nan,nan,nan,nan,nan,nan,nan,nan,nan,nan,nan,nan,nan,nan,nan,nan,nan,nan,nan,nan,nan,nan
darcy,26,26,loss2,epsilon_observed,1,5,0.2,0.4,0.02505190297981235,0.02505190298001235,0,0.0,nan,nan,nan,nan,nan,nan,nan,nan,nan,nan,nan,nan,nan,nan,nan,nan,nan,nan,nan,nan,nan,nan,nan,nan,nan,nan,nan,nan,nan,nan,nan,nan,nan,nan,nan,nan,nan,nan,nan,nan
darcy,26,26,loss2,epsilon_observed,2,5,0.4,0.6,0.02505190298001235,0.02505190298021235,0,0.0,nan,nan,nan,nan,nan,nan,nan,nan,nan,nan,nan,nan,nan,nan,nan,nan,nan,nan,nan,nan,nan,nan,nan,nan,nan,nan,nan,nan,nan,nan,nan,nan,nan,nan,nan,nan,nan,nan,nan,nan
darcy,26,26,loss2,epsilon_observed,3,5,0.6,0.8,0.02505190298021235,0.02505190298041235,0,0.0,nan,nan,nan,nan,nan,nan,nan,nan,nan,nan,nan,nan,nan,nan,nan,nan,nan,nan,nan,nan,nan,nan,nan,nan,nan,nan,nan,nan,nan,nan,nan,nan,nan,nan,nan,nan,nan,nan,nan,nan
darcy,26,26,loss2,epsilon_observed,4,5,0.8,1.0,0.02505190298041235,0.02505190298061235,64,1.0,0.0250519048422575,1.862645149230957e-09,0.02505190297961235,0.02505190297961235,0.0250519048422575,1.862645149230957e-09,0.02505190297961235,0.02505190297961235,1.0020761489868164,0.0,1.0020761489868164,1.0020761489868164,0.0250519048422575,1.862645149230957e-09,0.02505190297961235,0.02505190297961235,2.168584778416971e-08,1.6257466484148608e-08,6.667007390603885e-09,8.795292671948118e-08,4.1097388248090283e-07,2.7426125370766385e-07,1.3792911701671073e-08,1.1042429832741618e-06,3.892880613420857e-07,2.644013648023247e-07,2.1943424854953264e-10,1.0162900707655353e-06,3.892880613420857e-07,2.644013648023247e-07,2.1943424854953264e-10,1.0162900707655353e-06,21.20934295654297,17.725971221923828,0.01616639830172062,77.26094818115234,21.20934295654297,17.725971221923828,0.01616639830172062,77.26094818115234
darcy,27,27,loss2,epsilon_observed,0,5,0.0,0.2,0.02505190297961235,0.02505190297981235,0,0.0,nan,nan,nan,nan,nan,nan,nan,nan,nan,nan,nan,nan,nan,nan,nan,nan,nan,nan,nan,nan,nan,nan,nan,nan,nan,nan,nan,nan,nan,nan,nan,nan,nan,nan,nan,nan,nan,nan,nan,nan
darcy,27,27,loss2,epsilon_observed,1,5,0.2,0.4,0.02505190297981235,0.02505190298001235,0,0.0,nan,nan,nan,nan,nan,nan,nan,nan,nan,nan,nan,nan,nan,nan,nan,nan,nan,nan,nan,nan,nan,nan,nan,nan,nan,nan,nan,nan,nan,nan,nan,nan,nan,nan,nan,nan,nan,nan,nan,nan
darcy,27,27,loss2,epsilon_observed,2,5,0.4,0.6,0.02505190298001235,0.02505190298021235,0,0.0,nan,nan,nan,nan,nan,nan,nan,nan,nan,nan,nan,nan,nan,nan,nan,nan,nan,nan,nan,nan,nan,nan,nan,nan,nan,nan,nan,nan,nan,nan,nan,nan,nan,nan,nan,nan,nan,nan,nan,nan
darcy,27,27,loss2,epsilon_observed,3,5,0.6,0.8,0.02505190298021235,0.02505190298041235,0,0.0,nan,nan,nan,nan,nan,nan,nan,nan,nan,nan,nan,nan,nan,nan,nan,nan,nan,nan,nan,nan,nan,nan,nan,nan,nan,nan,nan,nan,nan,nan,nan,nan,nan,nan,nan,nan,nan,nan,nan,nan
darcy,27,27,loss2,epsilon_observed,4,5,0.8,1.0,0.02505190298041235,0.02505190298061235,64,1.0,0.0250519048422575,1.862645149230957e-09,0.02505190297961235,0.02505190297961235,0.0250519048422575,1.862645149230957e-09,0.02505190297961235,0.02505190297961235,1.0020761489868164,0.0,1.0020761489868164,1.0020761489868164,0.0250519048422575,1.862645149230957e-09,0.02505190297961235,0.02505190297961235,2.6163112565313895e-08,1.4598700914802976e-08,5.461873175960363e-09,6.530535756610334e-08,4.360559557881061e-07,2.3752357947159908e-07,2.261034914852189e-08,1.0212800134468125e-06,4.09892834341008e-07,2.2905142316176352e-07,3.25099414055785e-09,9.568783525537583e-07,4.09892834341008e-07,2.2905142316176352e-07,3.25099414055785e-09,9.568783525537583e-07,19.871707916259766,20.46099090576172,0.16792884469032288,145.96632385253906,19.871707916259766,20.46099090576172,0.16792884469032288,145.96632385253906
darcy,28,28,loss2,epsilon_observed,0,5,0.0,0.2,0.02505190297961235,0.02505190297981235,0,0.0,nan,nan,nan,nan,nan,nan,nan,nan,nan,nan,nan,nan,nan,nan,nan,nan,nan,nan,nan,nan,nan,nan,nan,nan,nan,nan,nan,nan,nan,nan,nan,nan,nan,nan,nan,nan,nan,nan,nan,nan
darcy,28,28,loss2,epsilon_observed,1,5,0.2,0.4,0.02505190297981235,0.02505190298001235,0,0.0,nan,nan,nan,nan,nan,nan,nan,nan,nan,nan,nan,nan,nan,nan,nan,nan,nan,nan,nan,nan,nan,nan,nan,nan,nan,nan,nan,nan,nan,nan,nan,nan,nan,nan,nan,nan,nan,nan,nan,nan
darcy,28,28,loss2,epsilon_observed,2,5,0.4,0.6,0.02505190298001235,0.02505190298021235,0,0.0,nan,nan,nan,nan,nan,nan,nan,nan,nan,nan,nan,nan,nan,nan,nan,nan,nan,nan,nan,nan,nan,nan,nan,nan,nan,nan,nan,nan,nan,nan,nan,nan,nan,nan,nan,nan,nan,nan,nan,nan
darcy,28,28,loss2,epsilon_observed,3,5,0.6,0.8,0.02505190298021235,0.02505190298041235,0,0.0,nan,nan,nan,nan,nan,nan,nan,nan,nan,nan,nan,nan,nan,nan,nan,nan,nan,nan,nan,nan,nan,nan,nan,nan,nan,nan,nan,nan,nan,nan,nan,nan,nan,nan,nan,nan,nan,nan,nan,nan
darcy,28,28,loss2,epsilon_observed,4,5,0.8,1.0,0.02505190298041235,0.02505190298061235,64,1.0,0.0250519048422575,1.862645149230957e-09,0.02505190297961235,0.02505190297961235,0.0250519048422575,1.862645149230957e-09,0.02505190297961235,0.02505190297961235,1.0020761489868164,0.0,1.0020761489868164,1.0020761489868164,0.0250519048422575,1.862645149230957e-09,0.02505190297961235,0.02505190297961235,2.618125094500101e-08,1.4950453319784174e-08,4.347526783021749e-09,6.829792909002208e-08,4.4975467972108163e-07,2.220922823426008e-07,1.995986664837801e-08,9.940170002664672e-07,4.235734820667858e-07,2.1310418674147513e-07,1.7666170748498189e-09,9.368034170620376e-07,4.235734820667858e-07,2.1310418674147513e-07,1.7666170748498189e-09,9.368034170620376e-07,20.80691146850586,18.2421817779541,0.09710288792848587,117.17901611328125,20.80691146850586,18.2421817779541,0.09710288792848587,117.17901611328125
darcy,29,29,loss2,epsilon_observed,0,5,0.0,0.2,0.02505190297961235,0.02505190297981235,0,0.0,nan,nan,nan,nan,nan,nan,nan,nan,nan,nan,nan,nan,nan,nan,nan,nan,nan,nan,nan,nan,nan,nan,nan,nan,nan,nan,nan,nan,nan,nan,nan,nan,nan,nan,nan,nan,nan,nan,nan,nan
darcy,29,29,loss2,epsilon_observed,1,5,0.2,0.4,0.02505190297981235,0.02505190298001235,0,0.0,nan,nan,nan,nan,nan,nan,nan,nan,nan,nan,nan,nan,nan,nan,nan,nan,nan,nan,nan,nan,nan,nan,nan,nan,nan,nan,nan,nan,nan,nan,nan,nan,nan,nan,nan,nan,nan,nan,nan,nan
darcy,29,29,loss2,epsilon_observed,2,5,0.4,0.6,0.02505190298001235,0.02505190298021235,0,0.0,nan,nan,nan,nan,nan,nan,nan,nan,nan,nan,nan,nan,nan,nan,nan,nan,nan,nan,nan,nan,nan,nan,nan,nan,nan,nan,nan,nan,nan,nan,nan,nan,nan,nan,nan,nan,nan,nan,nan,nan
darcy,29,29,loss2,epsilon_observed,3,5,0.6,0.8,0.02505190298021235,0.02505190298041235,0,0.0,nan,nan,nan,nan,nan,nan,nan,nan,nan,nan,nan,nan,nan,nan,nan,nan,nan,nan,nan,nan,nan,nan,nan,nan,nan,nan,nan,nan,nan,nan,nan,nan,nan,nan,nan,nan,nan,nan,nan,nan
darcy,29,29,loss2,epsilon_observed,4,5,0.8,1.0,0.02505190298041235,0.02505190298061235,64,1.0,0.0250519048422575,1.862645149230957e-09,0.02505190297961235,0.02505190297961235,0.0250519048422575,1.862645149230957e-09,0.02505190297961235,0.02505190297961235,1.0020761489868164,0.0,1.0020761489868164,1.0020761489868164,0.0250519048422575,1.862645149230957e-09,0.02505190297961235,0.02505190297961235,2.0985240212212375e-08,1.6166781691140386e-08,4.684535426235925e-09,8.533758943940484e-08,4.23804749516421e-07,2.5185937602145714e-07,1.4407090631607389e-08,1.0647704584698658e-06,4.0281952351506334e-07,2.413557069758099e-07,1.6830732363359857e-09,9.928451163432328e-07,4.0281952351506334e-07,2.413557069758099e-07,1.6830732363359857e-09,9.928451163432328e-07,23.798124313354492,18.09729766845703,0.1322752982378006,100.18354034423828,23.798124313354492,18.09729766845703,0.1322752982378006,100.18354034423828
darcy,30,30,loss2,epsilon_observed,0,5,0.0,0.2,0.02505190297961235,0.02505190297981235,0,0.0,nan,nan,nan,nan,nan,nan,nan,nan,nan,nan,nan,nan,nan,nan,nan,nan,nan,nan,nan,nan,nan,nan,nan,nan,nan,nan,nan,nan,nan,nan,nan,nan,nan,nan,nan,nan,nan,nan,nan,nan
darcy,30,30,loss2,epsilon_observed,1,5,0.2,0.4,0.02505190297981235,0.02505190298001235,0,0.0,nan,nan,nan,nan,nan,nan,nan,nan,nan,nan,nan,nan,nan,nan,nan,nan,nan,nan,nan,nan,nan,nan,nan,nan,nan,nan,nan,nan,nan,nan,nan,nan,nan,nan,nan,nan,nan,nan,nan,nan
darcy,30,30,loss2,epsilon_observed,2,5,0.4,0.6,0.02505190298001235,0.02505190298021235,0,0.0,nan,nan,nan,nan,nan,nan,nan,nan,nan,nan,nan,nan,nan,nan,nan,nan,nan,nan,nan,nan,nan,nan,nan,nan,nan,nan,nan,nan,nan,nan,nan,nan,nan,nan,nan,nan,nan,nan,nan,nan
darcy,30,30,loss2,epsilon_observed,3,5,0.6,0.8,0.02505190298021235,0.02505190298041235,0,0.0,nan,nan,nan,nan,nan,nan,nan,nan,nan,nan,nan,nan,nan,nan,nan,nan,nan,nan,nan,nan,nan,nan,nan,nan,nan,nan,nan,nan,nan,nan,nan,nan,nan,nan,nan,nan,nan,nan,nan,nan
darcy,30,30,loss2,epsilon_observed,4,5,0.8,1.0,0.02505190298041235,0.02505190298061235,64,1.0,0.0250519048422575,1.862645149230957e-09,0.02505190297961235,0.02505190297961235,0.0250519048422575,1.862645149230957e-09,0.02505190297961235,0.02505190297961235,1.0020761489868164,0.0,1.0020761489868164,1.0020761489868164,0.0250519048422575,1.862645149230957e-09,0.02505190297961235,0.02505190297961235,1.982863473415364e-08,1.659582160584705e-08,3.868037001808489e-09,8.658793859694924e-08,4.0740695794738713e-07,2.7283840609015897e-07,1.6823889836814487e-08,1.0860075008167769e-06,3.8757832498959033e-07,2.620339216719003e-07,5.309134465392162e-09,1.0066653430840233e-06,3.8757832498959033e-07,2.620339216719003e-07,5.309134465392162e-09,1.0066653430840233e-06,23.92372703552246,19.540618896484375,0.46107226610183716,112.06627655029297,23.92372703552246,19.540618896484375,0.46107226610183716,112.06627655029297
darcy,31,31,loss2,epsilon_observed,0,5,0.0,0.2,0.02505190297961235,0.02505190297981235,0,0.0,nan,nan,nan,nan,nan,nan,nan,nan,nan,nan,nan,nan,nan,nan,nan,nan,nan,nan,nan,nan,nan,nan,nan,nan,nan,nan,nan,nan,nan,nan,nan,nan,nan,nan,nan,nan,nan,nan,nan,nan
darcy,31,31,loss2,epsilon_observed,1,5,0.2,0.4,0.02505190297981235,0.02505190298001235,0,0.0,nan,nan,nan,nan,nan,nan,nan,nan,nan,nan,nan,nan,nan,nan,nan,nan,nan,nan,nan,nan,nan,nan,nan,nan,nan,nan,nan,nan,nan,nan,nan,nan,nan,nan,nan,nan,nan,nan,nan,nan
darcy,31,31,loss2,epsilon_observed,2,5,0.4,0.6,0.02505190298001235,0.02505190298021235,0,0.0,nan,nan,nan,nan,nan,nan,nan,nan,nan,nan,nan,nan,nan,nan,nan,nan,nan,nan,nan,nan,nan,nan,nan,nan,nan,nan,nan,nan,nan,nan,nan,nan,nan,nan,nan,nan,nan,nan,nan,nan
darcy,31,31,loss2,epsilon_observed,3,5,0.6,0.8,0.02505190298021235,0.02505190298041235,0,0.0,nan,nan,nan,nan,nan,nan,nan,nan,nan,nan,nan,nan,nan,nan,nan,nan,nan,nan,nan,nan,nan,nan,nan,nan,nan,nan,nan,nan,nan,nan,nan,nan,nan,nan,nan,nan,nan,nan,nan,nan
darcy,31,31,loss2,epsilon_observed,4,5,0.8,1.0,0.02505190298041235,0.02505190298061235,64,1.0,0.0250519048422575,1.862645149230957e-09,0.02505190297961235,0.02505190297961235,0.0250519048422575,1.862645149230957e-09,0.02505190297961235,0.02505190297961235,1.0020761489868164,0.0,1.0020761489868164,1.0020761489868164,0.0250519048422575,1.862645149230957e-09,0.02505190297961235,0.02505190297961235,2.4037785095742947e-08,1.4089031274977515e-08,5.058297780635712e-09,6.634256521920179e-08,4.1320873833683436e-07,2.5216795052074303e-07,1.8902770904105637e-08,1.0070236839965219e-06,3.89170935477523e-07,2.4218326188929495e-07,2.296829393344524e-12,9.406811045664654e-07,3.89170935477523e-07,2.4218326188929495e-07,2.296829393344524e-12,9.406811045664654e-07,17.992422103881836,11.327159881591797,0.00012152231647633016,68.02472686767578,17.992422103881836,11.327159881591797,0.00012152231647633016,68.02472686767578
darcy,32,32,loss2,epsilon_observed,0,5,0.0,0.2,0.02505190297961235,0.02505190297981235,0,0.0,nan,nan,nan,nan,nan,nan,nan,nan,nan,nan,nan,nan,nan,nan,nan,nan,nan,nan,nan,nan,nan,nan,nan,nan,nan,nan,nan,nan,nan,nan,nan,nan,nan,nan,nan,nan,nan,nan,nan,nan
darcy,32,32,loss2,epsilon_observed,1,5,0.2,0.4,0.02505190297981235,0.02505190298001235,0,0.0,nan,nan,nan,nan,nan,nan,nan,nan,nan,nan,nan,nan,nan,nan,nan,nan,nan,nan,nan,nan,nan,nan,nan,nan,nan,nan,nan,nan,nan,nan,nan,nan,nan,nan,nan,nan,nan,nan,nan,nan
darcy,32,32,loss2,epsilon_observed,2,5,0.4,0.6,0.02505190298001235,0.02505190298021235,0,0.0,nan,nan,nan,nan,nan,nan,nan,nan,nan,nan,nan,nan,nan,nan,nan,nan,nan,nan,nan,nan,nan,nan,nan,nan,nan,nan,nan,nan,nan,nan,nan,nan,nan,nan,nan,nan,nan,nan,nan,nan
darcy,32,32,loss2,epsilon_observed,3,5,0.6,0.8,0.02505190298021235,0.02505190298041235,0,0.0,nan,nan,nan,nan,nan,nan,nan,nan,nan,nan,nan,nan,nan,nan,nan,nan,nan,nan,nan,nan,nan,nan,nan,nan,nan,nan,nan,nan,nan,nan,nan,nan,nan,nan,nan,nan,nan,nan,nan,nan
darcy,32,32,loss2,epsilon_observed,4,5,0.8,1.0,0.02505190298041235,0.02505190298061235,64,1.0,0.0250519048422575,1.862645149230957e-09,0.02505190297961235,0.02505190297961235,0.0250519048422575,1.862645149230957e-09,0.02505190297961235,0.02505190297961235,1.0020761489868164,0.0,1.0020761489868164,1.0020761489868164,0.0250519048422575,1.862645149230957e-09,0.02505190297961235,0.02505190297961235,2.5882304299784664e-08,1.4660789915410533e-08,4.364355099539807e-09,5.996967900046002e-08,4.2530274413365987e-07,2.3544284033505392e-07,2.642072161052056e-08,1.0257828080284526e-06,3.994204575974436e-07,2.2549143352534884e-07,1.0273382144987409e-09,9.658131148171378e-07,3.994204575974436e-07,2.2549143352534884e-07,1.0273382144987409e-09,9.658131148171378e-07,18.38383674621582,12.445512771606445,0.040456924587488174,74.31737518310547,18.38383674621582,12.445512771606445,0.040456924587488174,74.31737518310547
darcy,33,33,loss2,epsilon_observed,0,5,0.0,0.2,0.02505190297961235,0.02505190297981235,0,0.0,nan,nan,nan,nan,nan,nan,nan,nan,nan,nan,nan,nan,nan,nan,nan,nan,nan,nan,nan,nan,nan,nan,nan,nan,nan,nan,nan,nan,nan,nan,nan,nan,nan,nan,nan,nan,nan,nan,nan,nan
darcy,33,33,loss2,epsilon_observed,1,5,0.2,0.4,0.02505190297981235,0.02505190298001235,0,0.0,nan,nan,nan,nan,nan,nan,nan,nan,nan,nan,nan,nan,nan,nan,nan,nan,nan,nan,nan,nan,nan,nan,nan,nan,nan,nan,nan,nan,nan,nan,nan,nan,nan,nan,nan,nan,nan,nan,nan,nan
darcy,33,33,loss2,epsilon_observed,2,5,0.4,0.6,0.02505190298001235,0.02505190298021235,0,0.0,nan,nan,nan,nan,nan,nan,nan,nan,nan,nan,nan,nan,nan,nan,nan,nan,nan,nan,nan,nan,nan,nan,nan,nan,nan,nan,nan,nan,nan,nan,nan,nan,nan,nan,nan,nan,nan,nan,nan,nan
darcy,33,33,loss2,epsilon_observed,3,5,0.6,0.8,0.02505190298021235,0.02505190298041235,0,0.0,nan,nan,nan,nan,nan,nan,nan,nan,nan,nan,nan,nan,nan,nan,nan,nan,nan,nan,nan,nan,nan,nan,nan,nan,nan,nan,nan,nan,nan,nan,nan,nan,nan,nan,nan,nan,nan,nan,nan,nan
darcy,33,33,loss2,epsilon_observed,4,5,0.8,1.0,0.02505190298041235,0.02505190298061235,64,1.0,0.0250519048422575,1.862645149230957e-09,0.02505190297961235,0.02505190297961235,0.0250519048422575,1.862645149230957e-09,0.02505190297961235,0.02505190297961235,1.0020761489868164,0.0,1.0020761489868164,1.0020761489868164,0.0250519048422575,1.862645149230957e-09,0.02505190297961235,0.02505190297961235,1.9824032193582752e-08,1.5731773217453338e-08,3.929799596846806e-09,8.434969345216814e-08,4.102612365386449e-07,2.6550526399660157e-07,1.6665756774614238e-08,1.07321000086813e-06,3.904372078977758e-07,2.5509257284284104e-07,-3.8339109664775606e-11,9.98828681986197e-07,3.904372078977758e-07,2.5509257284284104e-07,-3.8339109664775606e-11,9.98828681986197e-07,24.101415634155273,18.87578582763672,-0.0022951920982450247,103.58515167236328,24.101415634155273,18.87578582763672,-0.0022951920982450247,103.58515167236328
darcy,34,34,loss2,epsilon_observed,0,5,0.0,0.2,0.02505190297961235,0.02505190297981235,0,0.0,nan,nan,nan,nan,nan,nan,nan,nan,nan,nan,nan,nan,nan,nan,nan,nan,nan,nan,nan,nan,nan,nan,nan,nan,nan,nan,nan,nan,nan,nan,nan,nan,nan,nan,nan,nan,nan,nan,nan,nan
darcy,34,34,loss2,epsilon_observed,1,5,0.2,0.4,0.02505190297981235,0.02505190298001235,0,0.0,nan,nan,nan,nan,nan,nan,nan,nan,nan,nan,nan,nan,nan,nan,nan,nan,nan,nan,nan,nan,nan,nan,nan,nan,nan,nan,nan,nan,nan,nan,nan,nan,nan,nan,nan,nan,nan,nan,nan,nan
darcy,34,34,loss2,epsilon_observed,2,5,0.4,0.6,0.02505190298001235,0.02505190298021235,0,0.0,nan,nan,nan,nan,nan,nan,nan,nan,nan,nan,nan,nan,nan,nan,nan,nan,nan,nan,nan,nan,nan,nan,nan,nan,nan,nan,nan,nan,nan,nan,nan,nan,nan,nan,nan,nan,nan,nan,nan,nan
darcy,34,34,loss2,epsilon_observed,3,5,0.6,0.8,0.02505190298021235,0.02505190298041235,0,0.0,nan,nan,nan,nan,nan,nan,nan,nan,nan,nan,nan,nan,nan,nan,nan,nan,nan,nan,nan,nan,nan,nan,nan,nan,nan,nan,nan,nan,nan,nan,nan,nan,nan,nan,nan,nan,nan,nan,nan,nan
darcy,34,34,loss2,epsilon_observed,4,5,0.8,1.0,0.02505190298041235,0.02505190298061235,64,1.0,0.0250519048422575,1.862645149230957e-09,0.02505190297961235,0.02505190297961235,0.0250519048422575,1.862645149230957e-09,0.02505190297961235,0.02505190297961235,1.0020761489868164,0.0,1.0020761489868164,1.0020761489868164,0.0250519048422575,1.862645149230957e-09,0.02505190297961235,0.02505190297961235,1.9054985145317005e-08,1.6438766792248316e-08,3.5220302230243306e-09,8.705626441951608e-08,4.287711590222898e-07,2.708597435230331e-07,2.003207910661331e-08,1.1039777518817573e-06,4.097161649951886e-07,2.602538415885647e-07,7.134168811262498e-09,1.02511080513068e-06,4.097161649951886e-07,2.602538415885647e-07,7.134168811262498e-09,1.02511080513068e-06,26.747739791870117,19.73546028137207,0.5531259179115295,98.69139099121094,26.747739791870117,19.73546028137207,0.5531259179115295,98.69139099121094
darcy,35,35,loss2,epsilon_observed,0,5,0.0,0.2,0.02505190297961235,0.02505190297981235,0,0.0,nan,nan,nan,nan,nan,nan,nan,nan,nan,nan,nan,nan,nan,nan,nan,nan,nan,nan,nan,nan,nan,nan,nan,nan,nan,nan,nan,nan,nan,nan,nan,nan,nan,nan,nan,nan,nan,nan,nan,nan
darcy,35,35,loss2,epsilon_observed,1,5,0.2,0.4,0.02505190297981235,0.02505190298001235,0,0.0,nan,nan,nan,nan,nan,nan,nan,nan,nan,nan,nan,nan,nan,nan,nan,nan,nan,nan,nan,nan,nan,nan,nan,nan,nan,nan,nan,nan,nan,nan,nan,nan,nan,nan,nan,nan,nan,nan,nan,nan
darcy,35,35,loss2,epsilon_observed,2,5,0.4,0.6,0.02505190298001235,0.02505190298021235,0,0.0,nan,nan,nan,nan,nan,nan,nan,nan,nan,nan,nan,nan,nan,nan,nan,nan,nan,nan,nan,nan,nan,nan,nan,nan,nan,nan,nan,nan,nan,nan,nan,nan,nan,nan,nan,nan,nan,nan,nan,nan
darcy,35,35,loss2,epsilon_observed,3,5,0.6,0.8,0.02505190298021235,0.02505190298041235,0,0.0,nan,nan,nan,nan,nan,nan,nan,nan,nan,nan,nan,nan,nan,nan,nan,nan,nan,nan,nan,nan,nan,nan,nan,nan,nan,nan,nan,nan,nan,nan,nan,nan,nan,nan,nan,nan,nan,nan,nan,nan
darcy,35,35,loss2,epsilon_observed,4,5,0.8,1.0,0.02505190298041235,0.02505190298061235,64,1.0,0.0250519048422575,1.862645149230957e-09,0.02505190297961235,0.02505190297961235,0.0250519048422575,1.862645149230957e-09,0.02505190297961235,0.02505190297961235,1.0020761489868164,0.0,1.0020761489868164,1.0020761489868164,0.0250519048422575,1.862645149230957e-09,0.02505190297961235,0.02505190297961235,2.2940056965126132e-08,1.3626157091550795e-08,4.508474482634028e-09,5.979706685366182e-08,4.498656949181168e-07,2.3470907706268918e-07,1.7740651614417402e-08,1.0151986771234078e-06,4.269255668987171e-07,2.2607567018440022e-07,1.8030998916174212e-09,9.563627827446908e-07,4.269255668987171e-07,2.2607567018440022e-07,1.8030998916174212e-09,9.563627827446908e-07,23.699132919311523,23.889808654785156,0.11313531547784805,184.30990600585938,23.699132919311523,23.889808654785156,0.11313531547784805,184.30990600585938
darcy,36,36,loss2,epsilon_observed,0,5,0.0,0.2,0.02505190297961235,0.02505190297981235,0,0.0,nan,nan,nan,nan,nan,nan,nan,nan,nan,nan,nan,nan,nan,nan,nan,nan,nan,nan,nan,nan,nan,nan,nan,nan,nan,nan,nan,nan,nan,nan,nan,nan,nan,nan,nan,nan,nan,nan,nan,nan
darcy,36,36,loss2,epsilon_observed,1,5,0.2,0.4,0.02505190297981235,0.02505190298001235,0,0.0,nan,nan,nan,nan,nan,nan,nan,nan,nan,nan,nan,nan,nan,nan,nan,nan,nan,nan,nan,nan,nan,nan,nan,nan,nan,nan,nan,nan,nan,nan,nan,nan,nan,nan,nan,nan,nan,nan,nan,nan
darcy,36,36,loss2,epsilon_observed,2,5,0.4,0.6,0.02505190298001235,0.02505190298021235,0,0.0,nan,nan,nan,nan,nan,nan,nan,nan,nan,nan,nan,nan,nan,nan,nan,nan,nan,nan,nan,nan,nan,nan,nan,nan,nan,nan,nan,nan,nan,nan,nan,nan,nan,nan,nan,nan,nan,nan,nan,nan
darcy,36,36,loss2,epsilon_observed,3,5,0.6,0.8,0.02505190298021235,0.02505190298041235,0,0.0,nan,nan,nan,nan,nan,nan,nan,nan,nan,nan,nan,nan,nan,nan,nan,nan,nan,nan,nan,nan,nan,nan,nan,nan,nan,nan,nan,nan,nan,nan,nan,nan,nan,nan,nan,nan,nan,nan,nan,nan
darcy,36,36,loss2,epsilon_observed,4,5,0.8,1.0,0.02505190298041235,0.02505190298061235,64,1.0,0.0250519048422575,1.862645149230957e-09,0.02505190297961235,0.02505190297961235,0.0250519048422575,1.862645149230957e-09,0.02505190297961235,0.02505190297961235,1.0020761489868164,0.0,1.0020761489868164,1.0020761489868164,0.0250519048422575,1.862645149230957e-09,0.02505190297961235,0.02505190297961235,2.6572857692030993e-08,1.4919219637477e-08,4.078634319171215e-09,6.185922529766685e-08,4.519174012784788e-07,2.2207578354027646e-07,2.623062833606582e-08,1.0049374168374925e-06,4.253445808899414e-07,2.119126634170243e-07,4.115294771622757e-09,9.430781915398256e-07,4.253445808899414e-07,2.119126634170243e-07,4.115294771622757e-09,9.430781915398256e-07,19.588008880615234,12.217782020568848,0.18608331680297852,63.429813385009766,19.588008880615234,12.217782020568848,0.18608331680297852,63.429813385009766
darcy,37,37,loss2,epsilon_observed,0,5,0.0,0.2,0.02505190297961235,0.02505190297981235,0,0.0,nan,nan,nan,nan,nan,nan,nan,nan,nan,nan,nan,nan,nan,nan,nan,nan,nan,nan,nan,nan,nan,nan,nan,nan,nan,nan,nan,nan,nan,nan,nan,nan,nan,nan,nan,nan,nan,nan,nan,nan
darcy,37,37,loss2,epsilon_observed,1,5,0.2,0.4,0.02505190297981235,0.02505190298001235,0,0.0,nan,nan,nan,nan,nan,nan,nan,nan,nan,nan,nan,nan,nan,nan,nan,nan,nan,nan,nan,nan,nan,nan,nan,nan,nan,nan,nan,nan,nan,nan,nan,nan,nan,nan,nan,nan,nan,nan,nan,nan
darcy,37,37,loss2,epsilon_observed,2,5,0.4,0.6,0.02505190298001235,0.02505190298021235,0,0.0,nan,nan,nan,nan,nan,nan,nan,nan,nan,nan,nan,nan,nan,nan,nan,nan,nan,nan,nan,nan,nan,nan,nan,nan,nan,nan,nan,nan,nan,nan,nan,nan,nan,nan,nan,nan,nan,nan,nan,nan
darcy,37,37,loss2,epsilon_observed,3,5,0.6,0.8,0.02505190298021235,0.02505190298041235,0,0.0,nan,nan,nan,nan,nan,nan,nan,nan,nan,nan,nan,nan,nan,nan,nan,nan,nan,nan,nan,nan,nan,nan,nan,nan,nan,nan,nan,nan,nan,nan,nan,nan,nan,nan,nan,nan,nan,nan,nan,nan
darcy,37,37,loss2,epsilon_observed,4,5,0.8,1.0,0.02505190298041235,0.02505190298061235,64,1.0,0.0250519048422575,1.862645149230957e-09,0.02505190297961235,0.02505190297961235,0.0250519048422575,1.862645149230957e-09,0.02505190297961235,0.02505190297961235,1.0020761489868164,0.0,1.0020761489868164,1.0020761489868164,0.0250519048422575,1.862645149230957e-09,0.02505190297961235,0.02505190297961235,2.0194669048123615e-08,1.4021156680144031e-08,4.033854583695984e-09,6.859352197352564e-08,4.116087666261592e-07,2.631780091633118e-07,1.4622167476829873e-08,1.0529868177400203e-06,3.914140904726082e-07,2.5387510049768025e-07,-7.860769812850776e-10,9.850836022451404e-07,3.914140904726082e-07,2.5387510049768025e-07,-7.860769812850776e-10,9.850836022451404e-07,23.88498306274414,23.343505859375,-0.045406781136989594,165.7471160888672,23.88498306274414,23.343505859375,-0.045406781136989594,165.7471160888672
darcy,38,38,loss2,epsilon_observed,0,5,0.0,0.2,0.02505190297961235,0.02505190297981235,0,0.0,nan,nan,nan,nan,nan,nan,nan,nan,nan,nan,nan,nan,nan,nan,nan,nan,nan,nan,nan,nan,nan,nan,nan,nan,nan,nan,nan,nan,nan,nan,nan,nan,nan,nan,nan,nan,nan,nan,nan,nan
darcy,38,38,loss2,epsilon_observed,1,5,0.2,0.4,0.02505190297981235,0.02505190298001235,0,0.0,nan,nan,nan,nan,nan,nan,nan,nan,nan,nan,nan,nan,nan,nan,nan,nan,nan,nan,nan,nan,nan,nan,nan,nan,nan,nan,nan,nan,nan,nan,nan,nan,nan,nan,nan,nan,nan,nan,nan,nan
darcy,38,38,loss2,epsilon_observed,2,5,0.4,0.6,0.02505190298001235,0.02505190298021235,0,0.0,nan,nan,nan,nan,nan,nan,nan,nan,nan,nan,nan,nan,nan,nan,nan,nan,nan,nan,nan,nan,nan,nan,nan,nan,nan,nan,nan,nan,nan,nan,nan,nan,nan,nan,nan,nan,nan,nan,nan,nan
darcy,38,38,loss2,epsilon_observed,3,5,0.6,0.8,0.02505190298021235,0.02505190298041235,0,0.0,nan,nan,nan,nan,nan,nan,nan,nan,nan,nan,nan,nan,nan,nan,nan,nan,nan,nan,nan,nan,nan,nan,nan,nan,nan,nan,nan,nan,nan,nan,nan,nan,nan,nan,nan,nan,nan,nan,nan,nan
darcy,38,38,loss2,epsilon_observed,4,5,0.8,1.0,0.02505190298041235,0.02505190298061235,64,1.0,0.0250519048422575,1.862645149230957e-09,0.02505190297961235,0.02505190297961235,0.0250519048422575,1.862645149230957e-09,0.02505190297961235,0.02505190297961235,1.0020761489868164,0.0,1.0020761489868164,1.0020761489868164,0.0250519048422575,1.862645149230957e-09,0.02505190297961235,0.02505190297961235,1.913588931756749e-08,1.6149908077522923e-08,4.682785270659906e-09,8.344009216898485e-08,4.164608640166989e-07,2.842073740794149e-07,1.8235148502299126e-08,1.112297809413576e-06,3.973249249611399e-07,2.739350577485311e-07,3.2823646023416586e-09,1.0288576959283091e-06,3.973249249611399e-07,2.739350577485311e-07,3.2823646023416586e-09,1.0288576959283091e-06,25.963764190673828,23.128400802612305,0.21951527893543243,119.04485321044922,25.963764190673828,23.128400802612305,0.21951527893543243,119.04485321044922
darcy,39,39,loss2,epsilon_observed,0,5,0.0,0.2,0.02505190297961235,0.02505190297981235,0,0.0,nan,nan,nan,nan,nan,nan,nan,nan,nan,nan,nan,nan,nan,nan,nan,nan,nan,nan,nan,nan,nan,nan,nan,nan,nan,nan,nan,nan,nan,nan,nan,nan,nan,nan,nan,nan,nan,nan,nan,nan
darcy,39,39,loss2,epsilon_observed,1,5,0.2,0.4,0.02505190297981235,0.02505190298001235,0,0.0,nan,nan,nan,nan,nan,nan,nan,nan,nan,nan,nan,nan,nan,nan,nan,nan,nan,nan,nan,nan,nan,nan,nan,nan,nan,nan,nan,nan,nan,nan,nan,nan,nan,nan,nan,nan,nan,nan,nan,nan
darcy,39,39,loss2,epsilon_observed,2,5,0.4,0.6,0.02505190298001235,0.02505190298021235,0,0.0,nan,nan,nan,nan,nan,nan,nan,nan,nan,nan,nan,nan,nan,nan,nan,nan,nan,nan,nan,nan,nan,nan,nan,nan,nan,nan,nan,nan,nan,nan,nan,nan,nan,nan,nan,nan,nan,nan,nan,nan
darcy,39,39,loss2,epsilon_observed,3,5,0.6,0.8,0.02505190298021235,0.02505190298041235,0,0.0,nan,nan,nan,nan,nan,nan,nan,nan,nan,nan,nan,nan,nan,nan,nan,nan,nan,nan,nan,nan,nan,nan,nan,nan,nan,nan,nan,nan,nan,nan,nan,nan,nan,nan,nan,nan,nan,nan,nan,nan
darcy,39,39,loss2,epsilon_observed,4,5,0.8,1.0,0.02505190298041235,0.02505190298061235,64,1.0,0.0250519048422575,1.862645149230957e-09,0.02505190297961235,0.02505190297961235,0.0250519048422575,1.862645149230957e-09,0.02505190297961235,0.02505190297961235,1.0020761489868164,0.0,1.0020761489868164,1.0020761489868164,0.0250519048422575,1.862645149230957e-09,0.02505190297961235,0.02505190297961235,2.249702824030919e-08,1.3792401887258166e-08,4.058020586228395e-09,6.37321946328484e-08,4.341923727224639e-07,2.4065494130809384e-07,2.1321977072830123e-08,1.0186054169025738e-06,4.116954244182125e-07,2.3140974292346073e-07,1.8802310819410195e-09,9.548732577968622e-07,4.116954244182125e-07,2.3140974292346073e-07,1.8802310819410195e-09,9.548732577968622e-07,23.3873291015625,23.914897918701172,0.09671101719141006,185.09173583984375,23.3873291015625,23.914897918701172,0.09671101719141006,185.09173583984375
darcy,40,40,loss2,epsilon_observed,0,5,0.0,0.2,0.02505190297961235,0.02505190297981235,0,0.0,nan,nan,nan,nan,nan,nan,nan,nan,nan,nan,nan,nan,nan,nan,nan,nan,nan,nan,nan,nan,nan,nan,nan,nan,nan,nan,nan,nan,nan,nan,nan,nan,nan,nan,nan,nan,nan,nan,nan,nan
darcy,40,40,loss2,epsilon_observed,1,5,0.2,0.4,0.02505190297981235,0.02505190298001235,0,0.0,nan,nan,nan,nan,nan,nan,nan,nan,nan,nan,nan,nan,nan,nan,nan,nan,nan,nan,nan,nan,nan,nan,nan,nan,nan,nan,nan,nan,nan,nan,nan,nan,nan,nan,nan,nan,nan,nan,nan,nan
darcy,40,40,loss2,epsilon_observed,2,5,0.4,0.6,0.02505190298001235,0.02505190298021235,0,0.0,nan,nan,nan,nan,nan,nan,nan,nan,nan,nan,nan,nan,nan,nan,nan,nan,nan,nan,nan,nan,nan,nan,nan,nan,nan,nan,nan,nan,nan,nan,nan,nan,nan,nan,nan,nan,nan,nan,nan,nan
darcy,40,40,loss2,epsilon_observed,3,5,0.6,0.8,0.02505190298021235,0.02505190298041235,0,0.0,nan,nan,nan,nan,nan,nan,nan,nan,nan,nan,nan,nan,nan,nan,nan,nan,nan,nan,nan,nan,nan,nan,nan,nan,nan,nan,nan,nan,nan,nan,nan,nan,nan,nan,nan,nan,nan,nan,nan,nan
darcy,40,40,loss2,epsilon_observed,4,5,0.8,1.0,0.02505190298041235,0.02505190298061235,64,1.0,0.0250519048422575,1.862645149230957e-09,0.02505190297961235,0.02505190297961235,0.0250519048422575,1.862645149230957e-09,0.02505190297961235,0.02505190297961235,1.0020761489868164,0.0,1.0020761489868164,1.0020761489868164,0.0250519048422575,1.862645149230957e-09,0.02505190297961235,0.02505190297961235,2.525094799921135e-08,1.4443353180126905e-08,3.6031191363861126e-09,5.8319628237768484e-08,4.479074675600714e-07,2.2781304664931668e-07,2.571305124376977e-08,1.0022575906987186e-06,4.226565124554327e-07,2.1769041325114813e-07,4.042494339273617e-09,9.439379482500954e-07,4.226565124554327e-07,2.1769041325114813e-07,4.042494339273617e-09,9.439379482500954e-07,20.111827850341797,12.132197380065918,0.18654316663742065,62.893672943115234,20.111827850341797,12.132197380065918,0.18654316663742065,62.893672943115234
darcy,41,41,loss2,epsilon_observed,0,5,0.0,0.2,0.02505190297961235,0.02505190297981235,0,0.0,nan,nan,nan,nan,nan,nan,nan,nan,nan,nan,nan,nan,nan,nan,nan,nan,nan,nan,nan,nan,nan,nan,nan,nan,nan,nan,nan,nan,nan,nan,nan,nan,nan,nan,nan,nan,nan,nan,nan,nan
darcy,41,41,loss2,epsilon_observed,1,5,0.2,0.4,0.02505190297981235,0.02505190298001235,0,0.0,nan,nan,nan,nan,nan,nan,nan,nan,nan,nan,nan,nan,nan,nan,nan,nan,nan,nan,nan,nan,nan,nan,nan,nan,nan,nan,nan,nan,nan,nan,nan,nan,nan,nan,nan,nan,nan,nan,nan,nan
darcy,41,41,loss2,epsilon_observed,2,5,0.4,0.6,0.02505190298001235,0.02505190298021235,0,0.0,nan,nan,nan,nan,nan,nan,nan,nan,nan,nan,nan,nan,nan,nan,nan,nan,nan,nan,nan,nan,nan,nan,nan,nan,nan,nan,nan,nan,nan,nan,nan,nan,nan,nan,nan,nan,nan,nan,nan,nan
darcy,41,41,loss2,epsilon_observed,3,5,0.6,0.8,0.02505190298021235,0.02505190298041235,0,0.0,nan,nan,nan,nan,nan,nan,nan,nan,nan,nan,nan,nan,nan,nan,nan,nan,nan,nan,nan,nan,nan,nan,nan,nan,nan,nan,nan,nan,nan,nan,nan,nan,nan,nan,nan,nan,nan,nan,nan,nan
darcy,41,41,loss2,epsilon_observed,4,5,0.8,1.0,0.02505190298041235,0.02505190298061235,64,1.0,0.0250519048422575,1.862645149230957e-09,0.02505190297961235,0.02505190297961235,0.0250519048422575,1.862645149230957e-09,0.02505190297961235,0.02505190297961235,1.0020761489868164,0.0,1.0020761489868164,1.0020761489868164,0.0250519048422575,1.862645149230957e-09,0.02505190297961235,0.02505190297961235,2.015114120013095e-08,1.3991497738174985e-08,3.899670364404528e-09,6.887977122005395e-08,4.220812570565613e-07,2.449035889640072e-07,1.4614466969931073e-08,1.04201376416313e-06,4.019300945401483e-07,2.3511748281634937e-07,9.531282429975363e-10,9.779530500964029e-07,4.019300945401483e-07,2.3511748281634937e-07,9.531282429975363e-10,9.779530500964029e-07,24.896869659423828,21.57294464111328,0.06554444879293442,160.276123046875,24.896869659423828,21.57294464111328,0.06554444879293442,160.276123046875
darcy,42,42,loss2,epsilon_observed,0,5,0.0,0.2,0.02505190297961235,0.02505190297981235,0,0.0,nan,nan,nan,nan,nan,nan,nan,nan,nan,nan,nan,nan,nan,nan,nan,nan,nan,nan,nan,nan,nan,nan,nan,nan,nan,nan,nan,nan,nan,nan,nan,nan,nan,nan,nan,nan,nan,nan,nan,nan
darcy,42,42,loss2,epsilon_observed,1,5,0.2,0.4,0.02505190297981235,0.02505190298001235,0,0.0,nan,nan,nan,nan,nan,nan,nan,nan,nan,nan,nan,nan,nan,nan,nan,nan,nan,nan,nan,nan,nan,nan,nan,nan,nan,nan,nan,nan,nan,nan,nan,nan,nan,nan,nan,nan,nan,nan,nan,nan
darcy,42,42,loss2,epsilon_observed,2,5,0.4,0.6,0.02505190298001235,0.02505190298021235,0,0.0,nan,nan,nan,nan,nan,nan,nan,nan,nan,nan,nan,nan,nan,nan,nan,nan,nan,nan,nan,nan,nan,nan,nan,nan,nan,nan,nan,nan,nan,nan,nan,nan,nan,nan,nan,nan,nan,nan,nan,nan
darcy,42,42,loss2,epsilon_observed,3,5,0.6,0.8,0.02505190298021235,0.02505190298041235,0,0.0,nan,nan,nan,nan,nan,nan,nan,nan,nan,nan,nan,nan,nan,nan,nan,nan,nan,nan,nan,nan,nan,nan,nan,nan,nan,nan,nan,nan,nan,nan,nan,nan,nan,nan,nan,nan,nan,nan,nan,nan
darcy,42,42,loss2,epsilon_observed,4,5,0.8,1.0,0.02505190298041235,0.02505190298061235,64,1.0,0.0250519048422575,1.862645149230957e-09,0.02505190297961235,0.02505190297961235,0.0250519048422575,1.862645149230957e-09,0.02505190297961235,0.02505190297961235,1.0020761489868164,0.0,1.0020761489868164,1.0020761489868164,0.0250519048422575,1.862645149230957e-09,0.02505190297961235,0.02505190297961235,1.9041205945313777e-08,1.4577825169226344e-08,3.345249410813267e-09,7.349375152898574e-08,4.238258952682372e-07,2.549506348259456e-07,1.3809179577606301e-08,1.0709403568398557e-06,4.0478468577020976e-07,2.452183025525301e-07,2.9723494776590087e-09,1.0002268027164973e-06,4.0478468577020976e-07,2.452183025525301e-07,2.9723494776590087e-09,1.0002268027164973e-06,26.90652847290039,21.405048370361328,0.22032520174980164,139.3478240966797,26.90652847290039,21.405048370361328,0.22032520174980164,139.3478240966797
darcy,43,43,loss2,epsilon_observed,0,5,0.0,0.2,0.02505190297961235,0.02505190297981235,0,0.0,nan,nan,nan,nan,nan,nan,nan,nan,nan,nan,nan,nan,nan,nan,nan,nan,nan,nan,nan,nan,nan,nan,nan,nan,nan,nan,nan,nan,nan,nan,nan,nan,nan,nan,nan,nan,nan,nan,nan,nan
darcy,43,43,loss2,epsilon_observed,1,5,0.2,0.4,0.02505190297981235,0.02505190298001235,0,0.0,nan,nan,nan,nan,nan,nan,nan,nan,nan,nan,nan,nan,nan,nan,nan,nan,nan,nan,nan,nan,nan,nan,nan,nan,nan,nan,nan,nan,nan,nan,nan,nan,nan,nan,nan,nan,nan,nan,nan,nan
darcy,43,43,loss2,epsilon_observed,2,5,0.4,0.6,0.02505190298001235,0.02505190298021235,0,0.0,nan,nan,nan,nan,nan,nan,nan,nan,nan,nan,nan,nan,nan,nan,nan,nan,nan,nan,nan,nan,nan,nan,nan,nan,nan,nan,nan,nan,nan,nan,nan,nan,nan,nan,nan,nan,nan,nan,nan,nan
darcy,43,43,loss2,epsilon_observed,3,5,0.6,0.8,0.02505190298021235,0.02505190298041235,0,0.0,nan,nan,nan,nan,nan,nan,nan,nan,nan,nan,nan,nan,nan,nan,nan,nan,nan,nan,nan,nan,nan,nan,nan,nan,nan,nan,nan,nan,nan,nan,nan,nan,nan,nan,nan,nan,nan,nan,nan,nan
darcy,43,43,loss2,epsilon_observed,4,5,0.8,1.0,0.02505190298041235,0.02505190298061235,64,1.0,0.0250519048422575,1.862645149230957e-09,0.02505190297961235,0.02505190297961235,0.0250519048422575,1.862645149230957e-09,0.02505190297961235,0.02505190297961235,1.0020761489868164,0.0,1.0020761489868164,1.0020761489868164,0.0250519048422575,1.862645149230957e-09,0.02505190297961235,0.02505190297961235,2.002348509222429e-08,1.3697354361852376e-08,4.132074682416942e-09,6.785974449030618e-08,4.1759761870707734e-07,2.5900081368490646e-07,1.6133105518179036e-08,1.0507593515285407e-06,3.975741265094257e-07,2.496583419997478e-07,1.9215953273032937e-09,9.828995644056704e-07,3.975741265094257e-07,2.496583419997478e-07,1.9215953273032937e-09,9.828995644056704e-07,24.52516746520996,24.11389923095703,0.12797234952449799,182.02391052246094,24.52516746520996,24.11389923095703,0.12797234952449799,182.02391052246094
darcy,44,44,loss2,epsilon_observed,0,5,0.0,0.2,0.02505190297961235,0.02505190297981235,0,0.0,nan,nan,nan,nan,nan,nan,nan,nan,nan,nan,nan,nan,nan,nan,nan,nan,nan,nan,nan,nan,nan,nan,nan,nan,nan,nan,nan,nan,nan,nan,nan,nan,nan,nan,nan,nan,nan,nan,nan,nan
darcy,44,44,loss2,epsilon_observed,1,5,0.2,0.4,0.02505190297981235,0.02505190298001235,0,0.0,nan,nan,nan,nan,nan,nan,nan,nan,nan,nan,nan,nan,nan,nan,nan,nan,nan,nan,nan,nan,nan,nan,nan,nan,nan,nan,nan,nan,nan,nan,nan,nan,nan,nan,nan,nan,nan,nan,nan,nan
darcy,44,44,loss2,epsilon_observed,2,5,0.4,0.6,0.02505190298001235,0.02505190298021235,0,0.0,nan,nan,nan,nan,nan,nan,nan,nan,nan,nan,nan,nan,nan,nan,nan,nan,nan,nan,nan,nan,nan,nan,nan,nan,nan,nan,nan,nan,nan,nan,nan,nan,nan,nan,nan,nan,nan,nan,nan,nan
darcy,44,44,loss2,epsilon_observed,3,5,0.6,0.8,0.02505190298021235,0.02505190298041235,0,0.0,nan,nan,nan,nan,nan,nan,nan,nan,nan,nan,nan,nan,nan,nan,nan,nan,nan,nan,nan,nan,nan,nan,nan,nan,nan,nan,nan,nan,nan,nan,nan,nan,nan,nan,nan,nan,nan,nan,nan,nan
darcy,44,44,loss2,epsilon_observed,4,5,0.8,1.0,0.02505190298041235,0.02505190298061235,64,1.0,0.0250519048422575,1.862645149230957e-09,0.02505190297961235,0.02505190297961235,0.0250519048422575,1.862645149230957e-09,0.02505190297961235,0.02505190297961235,1.0020761489868164,0.0,1.0020761489868164,1.0020761489868164,0.0250519048422575,1.862645149230957e-09,0.02505190297961235,0.02505190297961235,2.3213136302047133e-08,1.4077190968464492e-08,3.930873404556223e-09,6.058610324544134e-08,4.273017566447379e-07,2.3763938372667326e-07,2.492843265144984e-08,1.0105619594469317e-06,4.0408860968454974e-07,2.2728853821263328e-07,4.013088528154185e-09,9.499758562014904e-07,4.0408860968454974e-07,2.2728853821263328e-07,4.013088528154185e-09,9.499758562014904e-07,20.3541202545166,11.688252449035645,0.19187293946743011,60.58699417114258,20.3541202545166,11.688252449035645,0.19187293946743011,60.58699417114258
darcy,45,45,loss2,epsilon_observed,0,5,0.0,0.2,0.02505190297961235,0.02505190297981235,0,0.0,nan,nan,nan,nan,nan,nan,nan,nan,nan,nan,nan,nan,nan,nan,nan,nan,nan,nan,nan,nan,nan,nan,nan,nan,nan,nan,nan,nan,nan,nan,nan,nan,nan,nan,nan,nan,nan,nan,nan,nan
darcy,45,45,loss2,epsilon_observed,1,5,0.2,0.4,0.02505190297981235,0.02505190298001235,0,0.0,nan,nan,nan,nan,nan,nan,nan,nan,nan,nan,nan,nan,nan,nan,nan,nan,nan,nan,nan,nan,nan,nan,nan,nan,nan,nan,nan,nan,nan,nan,nan,nan,nan,nan,nan,nan,nan,nan,nan,nan
darcy,45,45,loss2,epsilon_observed,2,5,0.4,0.6,0.02505190298001235,0.02505190298021235,0,0.0,nan,nan,nan,nan,nan,nan,nan,nan,nan,nan,nan,nan,nan,nan,nan,nan,nan,nan,nan,nan,nan,nan,nan,nan,nan,nan,nan,nan,nan,nan,nan,nan,nan,nan,nan,nan,nan,nan,nan,nan
darcy,45,45,loss2,epsilon_observed,3,5,0.6,0.8,0.02505190298021235,0.02505190298041235,0,0.0,nan,nan,nan,nan,nan,nan,nan,nan,nan,nan,nan,nan,nan,nan,nan,nan,nan,nan,nan,nan,nan,nan,nan,nan,nan,nan,nan,nan,nan,nan,nan,nan,nan,nan,nan,nan,nan,nan,nan,nan
darcy,45,45,loss2,epsilon_observed,4,5,0.8,1.0,0.02505190298041235,0.02505190298061235,64,1.0,0.0250519048422575,1.862645149230957e-09,0.02505190297961235,0.02505190297961235,0.0250519048422575,1.862645149230957e-09,0.02505190297961235,0.02505190297961235,1.0020761489868164,0.0,1.0020761489868164,1.0020761489868164,0.0250519048422575,1.862645149230957e-09,0.02505190297961235,0.02505190297961235,2.0988027316093394e-08,1.3732313064451773e-08,3.6891567578578588e-09,6.203906366408773e-08,4.246522564699262e-07,2.4549302679588436e-07,2.0555003032995955e-08,1.0352641766075976e-06,4.036642451410444e-07,2.3594969889018103e-07,2.6164084232505047e-09,9.73225155576074e-07,4.036642451410444e-07,2.3594969889018103e-07,2.6164084232505047e-09,9.73225155576074e-07,24.71123504638672,25.643394470214844,0.14173278212547302,195.17567443847656,24.71123504638672,25.643394470214844,0.14173278212547302,195.17567443847656
darcy,46,46,loss2,epsilon_observed,0,5,0.0,0.2,0.02505190297961235,0.02505190297981235,0,0.0,nan,nan,nan,nan,nan,nan,nan,nan,nan,nan,nan,nan,nan,nan,nan,nan,nan,nan,nan,nan,nan,nan,nan,nan,nan,nan,nan,nan,nan,nan,nan,nan,nan,nan,nan,nan,nan,nan,nan,nan
darcy,46,46,loss2,epsilon_observed,1,5,0.2,0.4,0.02505190297981235,0.02505190298001235,0,0.0,nan,nan,nan,nan,nan,nan,nan,nan,nan,nan,nan,nan,nan,nan,nan,nan,nan,nan,nan,nan,nan,nan,nan,nan,nan,nan,nan,nan,nan,nan,nan,nan,nan,nan,nan,nan,nan,nan,nan,nan
darcy,46,46,loss2,epsilon_observed,2,5,0.4,0.6,0.02505190298001235,0.02505190298021235,0,0.0,nan,nan,nan,nan,nan,nan,nan,nan,nan,nan,nan,nan,nan,nan,nan,nan,nan,nan,nan,nan,nan,nan,nan,nan,nan,nan,nan,nan,nan,nan,nan,nan,nan,nan,nan,nan,nan,nan,nan,nan
darcy,46,46,loss2,epsilon_observed,3,5,0.6,0.8,0.02505190298021235,0.02505190298041235,0,0.0,nan,nan,nan,nan,nan,nan,nan,nan,nan,nan,nan,nan,nan,nan,nan,nan,nan,nan,nan,nan,nan,nan,nan,nan,nan,nan,nan,nan,nan,nan,nan,nan,nan,nan,nan,nan,nan,nan,nan,nan
darcy,46,46,loss2,epsilon_observed,4,5,0.8,1.0,0.02505190298041235,0.02505190298061235,64,1.0,0.0250519048422575,1.862645149230957e-09,0.02505190297961235,0.02505190297961235,0.0250519048422575,1.862645149230957e-09,0.02505190297961235,0.02505190297961235,1.0020761489868164,0.0,1.0020761489868164,1.0020761489868164,0.0250519048422575,1.862645149230957e-09,0.02505190297961235,0.02505190297961235,1.88519404531462e-08,1.4149461158297072e-08,3.18238391194825e-09,6.979048805533239e-08,4.3012872197323304e-07,2.560396978878998e-07,1.380787750804302e-08,1.0774593874884886e-06,4.112768010600121e-07,2.4682921662133595e-07,1.9239241311197475e-09,1.0085394706038642e-06,4.112768010600121e-07,2.4682921662133595e-07,1.9239241311197475e-09,1.0085394706038642e-06,28.3216495513916,24.642759323120117,0.14121459424495697,144.6923370361328,28.3216495513916,24.642759323120117,0.14121459424495697,144.6923370361328
darcy,47,47,loss2,epsilon_observed,0,5,0.0,0.2,0.02505190297961235,0.02505190297981235,0,0.0,nan,nan,nan,nan,nan,nan,nan,nan,nan,nan,nan,nan,nan,nan,nan,nan,nan,nan,nan,nan,nan,nan,nan,nan,nan,nan,nan,nan,nan,nan,nan,nan,nan,nan,nan,nan,nan,nan,nan,nan
darcy,47,47,loss2,epsilon_observed,1,5,0.2,0.4,0.02505190297981235,0.02505190298001235,0,0.0,nan,nan,nan,nan,nan,nan,nan,nan,nan,nan,nan,nan,nan,nan,nan,nan,nan,nan,nan,nan,nan,nan,nan,nan,nan,nan,nan,nan,nan,nan,nan,nan,nan,nan,nan,nan,nan,nan,nan,nan
darcy,47,47,loss2,epsilon_observed,2,5,0.4,0.6,0.02505190298001235,0.02505190298021235,0,0.0,nan,nan,nan,nan,nan,nan,nan,nan,nan,nan,nan,nan,nan,nan,nan,nan,nan,nan,nan,nan,nan,nan,nan,nan,nan,nan,nan,nan,nan,nan,nan,nan,nan,nan,nan,nan,nan,nan,nan,nan
darcy,47,47,loss2,epsilon_observed,3,5,0.6,0.8,0.02505190298021235,0.02505190298041235,0,0.0,nan,nan,nan,nan,nan,nan,nan,nan,nan,nan,nan,nan,nan,nan,nan,nan,nan,nan,nan,nan,nan,nan,nan,nan,nan,nan,nan,nan,nan,nan,nan,nan,nan,nan,nan,nan,nan,nan,nan,nan
darcy,47,47,loss2,epsilon_observed,4,5,0.8,1.0,0.02505190298041235,0.02505190298061235,64,1.0,0.0250519048422575,1.862645149230957e-09,0.02505190297961235,0.02505190297961235,0.0250519048422575,1.862645149230957e-09,0.02505190297961235,0.02505190297961235,1.0020761489868164,0.0,1.0020761489868164,1.0020761489868164,0.0250519048422575,1.862645149230957e-09,0.02505190297961235,0.02505190297961235,1.9574587284409972e-08,1.3302136281367893e-08,3.7493479432271215e-09,6.441798205969462e-08,4.3503905544639565e-07,2.456867775890714e-07,1.4960196637048284e-08,1.0515552730794298e-06,4.1546442730577837e-07,2.3671576343531342e-07,2.114158625943219e-09,9.871372412817436e-07,4.1546442730577837e-07,2.3671576343531342e-07,2.114158625943219e-09,9.871372412817436e-07,26.8632755279541,24.745946884155273,0.1645767092704773,187.3274383544922,26.8632755279541,24.745946884155273,0.1645767092704773,187.3274383544922
darcy,48,48,loss2,epsilon_observed,0,5,0.0,0.2,0.02505190297961235,0.02505190297981235,0,0.0,nan,nan,nan,nan,nan,nan,nan,nan,nan,nan,nan,nan,nan,nan,nan,nan,nan,nan,nan,nan,nan,nan,nan,nan,nan,nan,nan,nan,nan,nan,nan,nan,nan,nan,nan,nan,nan,nan,nan,nan
darcy,48,48,loss2,epsilon_observed,1,5,0.2,0.4,0.02505190297981235,0.02505190298001235,0,0.0,nan,nan,nan,nan,nan,nan,nan,nan,nan,nan,nan,nan,nan,nan,nan,nan,nan,nan,nan,nan,nan,nan,nan,nan,nan,nan,nan,nan,nan,nan,nan,nan,nan,nan,nan,nan,nan,nan,nan,nan
darcy,48,48,loss2,epsilon_observed,2,5,0.4,0.6,0.02505190298001235,0.02505190298021235,0,0.0,nan,nan,nan,nan,nan,nan,nan,nan,nan,nan,nan,nan,nan,nan,nan,nan,nan,nan,nan,nan,nan,nan,nan,nan,nan,nan,nan,nan,nan,nan,nan,nan,nan,nan,nan,nan,nan,nan,nan,nan
darcy,48,48,loss2,epsilon_observed,3,5,0.6,0.8,0.02505190298021235,0.02505190298041235,0,0.0,nan,nan,nan,nan,nan,nan,nan,nan,nan,nan,nan,nan,nan,nan,nan,nan,nan,nan,nan,nan,nan,nan,nan,nan,nan,nan,nan,nan,nan,nan,nan,nan,nan,nan,nan,nan,nan,nan,nan,nan
darcy,48,48,loss2,epsilon_observed,4,5,0.8,1.0,0.02505190298041235,0.02505190298061235,64,1.0,0.0250519048422575,1.862645149230957e-09,0.02505190297961235,0.02505190297961235,0.0250519048422575,1.862645149230957e-09,0.02505190297961235,0.02505190297961235,1.0020761489868164,0.0,1.0020761489868164,1.0020761489868164,0.0250519048422575,1.862645149230957e-09,0.02505190297961235,0.02505190297961235,2.4049647606716462e-08,1.4187642172203141e-08,3.650022062373637e-09,5.8693817805988147e-08,4.409575353747641e-07,2.2813262035015214e-07,2.3791995928945653e-08,1.0088566568811075e-06,4.1690790908432973e-07,2.1792266124975868e-07,5.420675464051783e-09,9.756515737535665e-07,4.1690790908432973e-07,2.1792266124975868e-07,5.420675464051783e-09,9.756515737535665e-07,20.93641471862793,12.525884628295898,0.2950618267059326,63.311622619628906,20.93641471862793,12.525884628295898,0.2950618267059326,63.311622619628906
darcy,49,49,loss2,epsilon_observed,0,5,0.0,0.2,0.02505190297961235,0.02505190297981235,0,0.0,nan,nan,nan,nan,nan,nan,nan,nan,nan,nan,nan,nan,nan,nan,nan,nan,nan,nan,nan,nan,nan,nan,nan,nan,nan,nan,nan,nan,nan,nan,nan,nan,nan,nan,nan,nan,nan,nan,nan,nan
darcy,49,49,loss2,epsilon_observed,1,5,0.2,0.4,0.02505190297981235,0.02505190298001235,0,0.0,nan,nan,nan,nan,nan,nan,nan,nan,nan,nan,nan,nan,nan,nan,nan,nan,nan,nan,nan,nan,nan,nan,nan,nan,nan,nan,nan,nan,nan,nan,nan,nan,nan,nan,nan,nan,nan,nan,nan,nan
darcy,49,49,loss2,epsilon_observed,2,5,0.4,0.6,0.02505190298001235,0.02505190298021235,0,0.0,nan,nan,nan,nan,nan,nan,nan,nan,nan,nan,nan,nan,nan,nan,nan,nan,nan,nan,nan,nan,nan,nan,nan,nan,nan,nan,nan,nan,nan,nan,nan,nan,nan,nan,nan,nan,nan,nan,nan,nan
darcy,49,49,loss2,epsilon_observed,3,5,0.6,0.8,0.02505190298021235,0.02505190298041235,0,0.0,nan,nan,nan,nan,nan,nan,nan,nan,nan,nan,nan,nan,nan,nan,nan,nan,nan,nan,nan,nan,nan,nan,nan,nan,nan,nan,nan,nan,nan,nan,nan,nan,nan,nan,nan,nan,nan,nan,nan,nan
darcy,49,49,loss2,epsilon_observed,4,5,0.8,1.0,0.02505190298041235,0.02505190298061235,64,1.0,0.0250519048422575,1.862645149230957e-09,0.02505190297961235,0.02505190297961235,0.0250519048422575,1.862645149230957e-09,0.02505190297961235,0.02505190297961235,1.0020761489868164,0.0,1.0020761489868164,1.0020761489868164,0.0250519048422575,1.862645149230957e-09,0.02505190297961235,0.02505190297961235,1.9868219069962834e-08,1.3491155748113215e-08,3.6846079520813646e-09,6.462709478682882e-08,4.1726258359631174e-07,2.5198710318363737e-07,1.751286404783059e-08,1.0445744464959716e-06,3.973943591972784e-07,2.4263167119897844e-07,2.503211860016563e-09,9.799473446037155e-07,3.973943591972784e-07,2.4263167119897844e-07,2.503211860016563e-09,9.799473446037155e-07,25.067636489868164,24.847497940063477,0.16171889007091522,187.31690979003906,25.067636489868164,24.847497940063477,0.16171889007091522,187.31690979003906
darcy,50,50,loss2,epsilon_observed,0,5,0.0,0.2,0.02505190297961235,0.02505190297981235,0,0.0,nan,nan,nan,nan,nan,nan,nan,nan,nan,nan,nan,nan,nan,nan,nan,nan,nan,nan,nan,nan,nan,nan,nan,nan,nan,nan,nan,nan,nan,nan,nan,nan,nan,nan,nan,nan,nan,nan,nan,nan
darcy,50,50,loss2,epsilon_observed,1,5,0.2,0.4,0.02505190297981235,0.02505190298001235,0,0.0,nan,nan,nan,nan,nan,nan,nan,nan,nan,nan,nan,nan,nan,nan,nan,nan,nan,nan,nan,nan,nan,nan,nan,nan,nan,nan,nan,nan,nan,nan,nan,nan,nan,nan,nan,nan,nan,nan,nan,nan
darcy,50,50,loss2,epsilon_observed,2,5,0.4,0.6,0.02505190298001235,0.02505190298021235,0,0.0,nan,nan,nan,nan,nan,nan,nan,nan,nan,nan,nan,nan,nan,nan,nan,nan,nan,nan,nan,nan,nan,nan,nan,nan,nan,nan,nan,nan,nan,nan,nan,nan,nan,nan,nan,nan,nan,nan,nan,nan
darcy,50,50,loss2,epsilon_observed,3,5,0.6,0.8,0.02505190298021235,0.02505190298041235,0,0.0,nan,nan,nan,nan,nan,nan,nan,nan,nan,nan,nan,nan,nan,nan,nan,nan,nan,nan,nan,nan,nan,nan,nan,nan,nan,nan,nan,nan,nan,nan,nan,nan,nan,nan,nan,nan,nan,nan,nan,nan
darcy,50,50,loss2,epsilon_observed,4,5,0.8,1.0,0.02505190298041235,0.02505190298061235,64,1.0,0.0250519048422575,1.862645149230957e-09,0.02505190297961235,0.02505190297961235,0.0250519048422575,1.862645149230957e-09,0.02505190297961235,0.02505190297961235,1.0020761489868164,0.0,1.0020761489868164,1.0020761489868164,0.0250519048422575,1.862645149230957e-09,0.02505190297961235,0.02505190297961235,1.874575339400053e-08,1.4133126668980367e-08,3.552515170923698e-09,7.251180988987471e-08,4.2458975713088876e-07,2.645805636802834e-07,1.4347481425147635e-08,1.08153449218662e-06,4.0584399130239035e-07,2.555850926455605e-07,1.8430483805786935e-09,1.009022639664181e-06,4.0584399130239035e-07,2.555850926455605e-07,1.8430483805786935e-09,1.009022639664181e-06,28.153854370117188,26.488828659057617,0.13114365935325623,141.9366455078125,28.153854370117188,26.488828659057617,0.13114365935325623,141.9366455078125
darcy,51,51,loss2,epsilon_observed,0,5,0.0,0.2,0.02505190297961235,0.02505190297981235,0,0.0,nan,nan,nan,nan,nan,nan,nan,nan,nan,nan,nan,nan,nan,nan,nan,nan,nan,nan,nan,nan,nan,nan,nan,nan,nan,nan,nan,nan,nan,nan,nan,nan,nan,nan,nan,nan,nan,nan,nan,nan
darcy,51,51,loss2,epsilon_observed,1,5,0.2,0.4,0.02505190297981235,0.02505190298001235,0,0.0,nan,nan,nan,nan,nan,nan,nan,nan,nan,nan,nan,nan,nan,nan,nan,nan,nan,nan,nan,nan,nan,nan,nan,nan,nan,nan,nan,nan,nan,nan,nan,nan,nan,nan,nan,nan,nan,nan,nan,nan
darcy,51,51,loss2,epsilon_observed,2,5,0.4,0.6,0.02505190298001235,0.02505190298021235,0,0.0,nan,nan,nan,nan,nan,nan,nan,nan,nan,nan,nan,nan,nan,nan,nan,nan,nan,nan,nan,nan,nan,nan,nan,nan,nan,nan,nan,nan,nan,nan,nan,nan,nan,nan,nan,nan,nan,nan,nan,nan
darcy,51,51,loss2,epsilon_observed,3,5,0.6,0.8,0.02505190298021235,0.02505190298041235,0,0.0,nan,nan,nan,nan,nan,nan,nan,nan,nan,nan,nan,nan,nan,nan,nan,nan,nan,nan,nan,nan,nan,nan,nan,nan,nan,nan,nan,nan,nan,nan,nan,nan,nan,nan,nan,nan,nan,nan,nan,nan
darcy,51,51,loss2,epsilon_observed,4,5,0.8,1.0,0.02505190298041235,0.02505190298061235,64,1.0,0.0250519048422575,1.862645149230957e-09,0.02505190297961235,0.02505190297961235,0.0250519048422575,1.862645149230957e-09,0.02505190297961235,0.02505190297961235,1.0020761489868164,0.0,1.0020761489868164,1.0020761489868164,0.0250519048422575,1.862645149230957e-09,0.02505190297961235,0.02505190297961235,1.9707945497771107e-08,1.3447440494473994e-08,3.907190126994919e-09,6.735607627206264e-08,4.2827417701118975e-07,2.570760102571512e-07,1.7156983389554625e-08,1.0541032224864466e-06,4.085662510533439e-07,2.4817654775688425e-07,2.4410837795585394e-09,9.867471817415208e-07,4.085662510533439e-07,2.4817654775688425e-07,2.4410837795585394e-09,9.867471817415208e-07,26.25083351135254,25.108516693115234,0.1658807098865509,184.09088134765625,26.25083351135254,25.108516693115234,0.1658807098865509,184.09088134765625
darcy,52,52,loss2,epsilon_observed,0,5,0.0,0.2,0.02505190297961235,0.02505190297981235,0,0.0,nan,nan,nan,nan,nan,nan,nan,nan,nan,nan,nan,nan,nan,nan,nan,nan,nan,nan,nan,nan,nan,nan,nan,nan,nan,nan,nan,nan,nan,nan,nan,nan,nan,nan,nan,nan,nan,nan,nan,nan
darcy,52,52,loss2,epsilon_observed,1,5,0.2,0.4,0.02505190297981235,0.02505190298001235,0,0.0,nan,nan,nan,nan,nan,nan,nan,nan,nan,nan,nan,nan,nan,nan,nan,nan,nan,nan,nan,nan,nan,nan,nan,nan,nan,nan,nan,nan,nan,nan,nan,nan,nan,nan,nan,nan,nan,nan,nan,nan
darcy,52,52,loss2,epsilon_observed,2,5,0.4,0.6,0.02505190298001235,0.02505190298021235,0,0.0,nan,nan,nan,nan,nan,nan,nan,nan,nan,nan,nan,nan,nan,nan,nan,nan,nan,nan,nan,nan,nan,nan,nan,nan,nan,nan,nan,nan,nan,nan,nan,nan,nan,nan,nan,nan,nan,nan,nan,nan
darcy,52,52,loss2,epsilon_observed,3,5,0.6,0.8,0.02505190298021235,0.02505190298041235,0,0.0,nan,nan,nan,nan,nan,nan,nan,nan,nan,nan,nan,nan,nan,nan,nan,nan,nan,nan,nan,nan,nan,nan,nan,nan,nan,nan,nan,nan,nan,nan,nan,nan,nan,nan,nan,nan,nan,nan,nan,nan
darcy,52,52,loss2,epsilon_observed,4,5,0.8,1.0,0.02505190298041235,0.02505190298061235,64,1.0,0.0250519048422575,1.862645149230957e-09,0.02505190297961235,0.02505190297961235,0.0250519048422575,1.862645149230957e-09,0.02505190297961235,0.02505190297961235,1.0020761489868164,0.0,1.0020761489868164,1.0020761489868164,0.0250519048422575,1.862645149230957e-09,0.02505190297961235,0.02505190297961235,2.1885881551497732e-08,1.3542221566353874e-08,3.580800100877468e-09,5.83268651155322e-08,4.4318548475530406e-07,2.3022164441499626e-07,2.1066870914410174e-08,1.014367171592312e-06,4.212995747820969e-07,2.2064544680233666e-07,4.074516724017485e-09,9.560402531860746e-07,4.212995747820969e-07,2.2064544680233666e-07,4.074516724017485e-09,9.560402531860746e-07,24.62590217590332,20.353137969970703,0.239785298705101,151.76199340820312,24.62590217590332,20.353137969970703,0.239785298705101,151.76199340820312
darcy,53,53,loss2,epsilon_observed,0,5,0.0,0.2,0.02505190297961235,0.02505190297981235,0,0.0,nan,nan,nan,nan,nan,nan,nan,nan,nan,nan,nan,nan,nan,nan,nan,nan,nan,nan,nan,nan,nan,nan,nan,nan,nan,nan,nan,nan,nan,nan,nan,nan,nan,nan,nan,nan,nan,nan,nan,nan
darcy,53,53,loss2,epsilon_observed,1,5,0.2,0.4,0.02505190297981235,0.02505190298001235,0,0.0,nan,nan,nan,nan,nan,nan,nan,nan,nan,nan,nan,nan,nan,nan,nan,nan,nan,nan,nan,nan,nan,nan,nan,nan,nan,nan,nan,nan,nan,nan,nan,nan,nan,nan,nan,nan,nan,nan,nan,nan
darcy,53,53,loss2,epsilon_observed,2,5,0.4,0.6,0.02505190298001235,0.02505190298021235,0,0.0,nan,nan,nan,nan,nan,nan,nan,nan,nan,nan,nan,nan,nan,nan,nan,nan,nan,nan,nan,nan,nan,nan,nan,nan,nan,nan,nan,nan,nan,nan,nan,nan,nan,nan,nan,nan,nan,nan,nan,nan
darcy,53,53,loss2,epsilon_observed,3,5,0.6,0.8,0.02505190298021235,0.02505190298041235,0,0.0,nan,nan,nan,nan,nan,nan,nan,nan,nan,nan,nan,nan,nan,nan,nan,nan,nan,nan,nan,nan,nan,nan,nan,nan,nan,nan,nan,nan,nan,nan,nan,nan,nan,nan,nan,nan,nan,nan,nan,nan
darcy,53,53,loss2,epsilon_observed,4,5,0.8,1.0,0.02505190298041235,0.02505190298061235,64,1.0,0.0250519048422575,1.862645149230957e-09,0.02505190297961235,0.02505190297961235,0.0250519048422575,1.862645149230957e-09,0.02505190297961235,0.02505190297961235,1.0020761489868164,0.0,1.0020761489868164,1.0020761489868164,0.0250519048422575,1.862645149230957e-09,0.02505190297961235,0.02505190297961235,2.0929093125232612e-08,1.3406991072884011e-08,3.5918255036904156e-09,5.837695127297593e-08,4.312564101383032e-07,2.343793994441512e-07,1.9518431315646012e-08,1.0225626283499878e-06,4.103272601696517e-07,2.2486116790787491e-07,3.6024818683699777e-09,9.64185687735153e-07,4.103272601696517e-07,2.2486116790787491e-07,3.6024818683699777e-09,9.64185687735153e-07,25.13631820678711,22.8300838470459,0.22634413838386536,169.76025390625,25.13631820678711,22.8300838470459,0.22634413838386536,169.76025390625
darcy,54,54,loss2,epsilon_observed,0,5,0.0,0.2,0.02505190297961235,0.02505190297981235,0,0.0,nan,nan,nan,nan,nan,nan,nan,nan,nan,nan,nan,nan,nan,nan,nan,nan,nan,nan,nan,nan,nan,nan,nan,nan,nan,nan,nan,nan,nan,nan,nan,nan,nan,nan,nan,nan,nan,nan,nan,nan
darcy,54,54,loss2,epsilon_observed,1,5,0.2,0.4,0.02505190297981235,0.02505190298001235,0,0.0,nan,nan,nan,nan,nan,nan,nan,nan,nan,nan,nan,nan,nan,nan,nan,nan,nan,nan,nan,nan,nan,nan,nan,nan,nan,nan,nan,nan,nan,nan,nan,nan,nan,nan,nan,nan,nan,nan,nan,nan
darcy,54,54,loss2,epsilon_observed,2,5,0.4,0.6,0.02505190298001235,0.02505190298021235,0,0.0,nan,nan,nan,nan,nan,nan,nan,nan,nan,nan,nan,nan,nan,nan,nan,nan,nan,nan,nan,nan,nan,nan,nan,nan,nan,nan,nan,nan,nan,nan,nan,nan,nan,nan,nan,nan,nan,nan,nan,nan
darcy,54,54,loss2,epsilon_observed,3,5,0.6,0.8,0.02505190298021235,0.02505190298041235,0,0.0,nan,nan,nan,nan,nan,nan,nan,nan,nan,nan,nan,nan,nan,nan,nan,nan,nan,nan,nan,nan,nan,nan,nan,nan,nan,nan,nan,nan,nan,nan,nan,nan,nan,nan,nan,nan,nan,nan,nan,nan
darcy,54,54,loss2,epsilon_observed,4,5,0.8,1.0,0.02505190298041235,0.02505190298061235,64,1.0,0.0250519048422575,1.862645149230957e-09,0.02505190297961235,0.02505190297961235,0.0250519048422575,1.862645149230957e-09,0.02505190297961235,0.02505190297961235,1.0020761489868164,0.0,1.0020761489868164,1.0020761489868164,0.0250519048422575,1.862645149230957e-09,0.02505190297961235,0.02505190297961235,1.8686117542188185e-08,1.3542521770659732e-08,3.2579619002603977e-09,6.731964674600022e-08,4.3362462065488216e-07,2.5025798322531045e-07,1.4906589740348863e-08,1.0705854265324888e-06,4.149385404161876e-07,2.413355559838237e-07,3.0581182031141907e-09,1.0032657655756338e-06,4.149385404161876e-07,2.413355559838237e-07,3.0581182031141907e-09,1.0032657655756338e-06,28.998485565185547,25.347564697265625,0.24036283791065216,164.185546875,28.998485565185547,25.347564697265625,0.24036283791065216,164.185546875
darcy,55,55,loss2,epsilon_observed,0,5,0.0,0.2,0.02505190297961235,0.02505190297981235,0,0.0,nan,nan,nan,nan,nan,nan,nan,nan,nan,nan,nan,nan,nan,nan,nan,nan,nan,nan,nan,nan,nan,nan,nan,nan,nan,nan,nan,nan,nan,nan,nan,nan,nan,nan,nan,nan,nan,nan,nan,nan
darcy,55,55,loss2,epsilon_observed,1,5,0.2,0.4,0.02505190297981235,0.02505190298001235,0,0.0,nan,nan,nan,nan,nan,nan,nan,nan,nan,nan,nan,nan,nan,nan,nan,nan,nan,nan,nan,nan,nan,nan,nan,nan,nan,nan,nan,nan,nan,nan,nan,nan,nan,nan,nan,nan,nan,nan,nan,nan
darcy,55,55,loss2,epsilon_observed,2,5,0.4,0.6,0.02505190298001235,0.02505190298021235,0,0.0,nan,nan,nan,nan,nan,nan,nan,nan,nan,nan,nan,nan,nan,nan,nan,nan,nan,nan,nan,nan,nan,nan,nan,nan,nan,nan,nan,nan,nan,nan,nan,nan,nan,nan,nan,nan,nan,nan,nan,nan
darcy,55,55,loss2,epsilon_observed,3,5,0.6,0.8,0.02505190298021235,0.02505190298041235,0,0.0,nan,nan,nan,nan,nan,nan,nan,nan,nan,nan,nan,nan,nan,nan,nan,nan,nan,nan,nan,nan,nan,nan,nan,nan,nan,nan,nan,nan,nan,nan,nan,nan,nan,nan,nan,nan,nan,nan,nan,nan
darcy,55,55,loss2,epsilon_observed,4,5,0.8,1.0,0.02505190298041235,0.02505190298061235,64,1.0,0.0250519048422575,1.862645149230957e-09,0.02505190297961235,0.02505190297961235,0.0250519048422575,1.862645149230957e-09,0.02505190297961235,0.02505190297961235,1.0020761489868164,0.0,1.0020761489868164,1.0020761489868164,0.0250519048422575,1.862645149230957e-09,0.02505190297961235,0.02505190297961235,2.0703531333765568e-08,1.3328042669513707e-08,3.919274682573359e-09,6.233426574908663e-08,4.2883965534201707e-07,2.4648176122354926e-07,1.9826952524226726e-08,1.03353409031115e-06,4.081360884811147e-07,2.371769767250953e-07,4.091997851674023e-09,9.711998245620634e-07,4.081360884811147e-07,2.371769767250953e-07,4.091997851674023e-09,9.711998245620634e-07,24.812408447265625,25.833948135375977,0.26005780696868896,203.45021057128906,24.812408447265625,25.833948135375977,0.26005780696868896,203.45021057128906
darcy,56,56,loss2,epsilon_observed,0,5,0.0,0.2,0.02505190297961235,0.02505190297981235,0,0.0,nan,nan,nan,nan,nan,nan,nan,nan,nan,nan,nan,nan,nan,nan,nan,nan,nan,nan,nan,nan,nan,nan,nan,nan,nan,nan,nan,nan,nan,nan,nan,nan,nan,nan,nan,nan,nan,nan,nan,nan
darcy,56,56,loss2,epsilon_observed,1,5,0.2,0.4,0.02505190297981235,0.02505190298001235,0,0.0,nan,nan,nan,nan,nan,nan,nan,nan,nan,nan,nan,nan,nan,nan,nan,nan,nan,nan,nan,nan,nan,nan,nan,nan,nan,nan,nan,nan,nan,nan,nan,nan,nan,nan,nan,nan,nan,nan,nan,nan
darcy,56,56,loss2,epsilon_observed,2,5,0.4,0.6,0.02505190298001235,0.02505190298021235,0,0.0,nan,nan,nan,nan,nan,nan,nan,nan,nan,nan,nan,nan,nan,nan,nan,nan,nan,nan,nan,nan,nan,nan,nan,nan,nan,nan,nan,nan,nan,nan,nan,nan,nan,nan,nan,nan,nan,nan,nan,nan
darcy,56,56,loss2,epsilon_observed,3,5,0.6,0.8,0.02505190298021235,0.02505190298041235,0,0.0,nan,nan,nan,nan,nan,nan,nan,nan,nan,nan,nan,nan,nan,nan,nan,nan,nan,nan,nan,nan,nan,nan,nan,nan,nan,nan,nan,nan,nan,nan,nan,nan,nan,nan,nan,nan,nan,nan,nan,nan
darcy,56,56,loss2,epsilon_observed,4,5,0.8,1.0,0.02505190298041235,0.02505190298061235,64,1.0,0.0250519048422575,1.862645149230957e-09,0.02505190297961235,0.02505190297961235,0.0250519048422575,1.862645149230957e-09,0.02505190297961235,0.02505190297961235,1.0020761489868164,0.0,1.0020761489868164,1.0020761489868164,0.0250519048422575,1.862645149230957e-09,0.02505190297961235,0.02505190297961235,2.119661424160313e-08,1.3513458796410305e-08,3.5332381465025264e-09,5.961483395822142e-08,4.316990782626817e-07,2.3809636218175e-07,2.1315271325761387e-08,1.0222037190033006e-06,4.1050248000829015e-07,2.2851335756968183e-07,4.212532545011527e-09,9.62588842412515e-07,4.1050248000829015e-07,2.2851335756968183e-07,4.212532545011527e-09,9.62588842412515e-07,24.75633430480957,24.18045997619629,0.24630747735500336,186.87945556640625,24.75633430480957,24.18045997619629,0.24630747735500336,186.87945556640625
darcy,57,57,loss2,epsilon_observed,0,5,0.0,0.2,0.02505190297961235,0.02505190297981235,0,0.0,nan,nan,nan,nan,nan,nan,nan,nan,nan,nan,nan,nan,nan,nan,nan,nan,nan,nan,nan,nan,nan,nan,nan,nan,nan,nan,nan,nan,nan,nan,nan,nan,nan,nan,nan,nan,nan,nan,nan,nan
darcy,57,57,loss2,epsilon_observed,1,5,0.2,0.4,0.02505190297981235,0.02505190298001235,0,0.0,nan,nan,nan,nan,nan,nan,nan,nan,nan,nan,nan,nan,nan,nan,nan,nan,nan,nan,nan,nan,nan,nan,nan,nan,nan,nan,nan,nan,nan,nan,nan,nan,nan,nan,nan,nan,nan,nan,nan,nan
darcy,57,57,loss2,epsilon_observed,2,5,0.4,0.6,0.02505190298001235,0.02505190298021235,0,0.0,nan,nan,nan,nan,nan,nan,nan,nan,nan,nan,nan,nan,nan,nan,nan,nan,nan,nan,nan,nan,nan,nan,nan,nan,nan,nan,nan,nan,nan,nan,nan,nan,nan,nan,nan,nan,nan,nan,nan,nan
darcy,57,57,loss2,epsilon_observed,3,5,0.6,0.8,0.02505190298021235,0.02505190298041235,0,0.0,nan,nan,nan,nan,nan,nan,nan,nan,nan,nan,nan,nan,nan,nan,nan,nan,nan,nan,nan,nan,nan,nan,nan,nan,nan,nan,nan,nan,nan,nan,nan,nan,nan,nan,nan,nan,nan,nan,nan,nan
darcy,57,57,loss2,epsilon_observed,4,5,0.8,1.0,0.02505190298041235,0.02505190298061235,64,1.0,0.0250519048422575,1.862645149230957e-09,0.02505190297961235,0.02505190297961235,0.0250519048422575,1.862645149230957e-09,0.02505190297961235,0.02505190297961235,1.0020761489868164,0.0,1.0020761489868164,1.0020761489868164,0.0250519048422575,1.862645149230957e-09,0.02505190297961235,0.02505190297961235,1.918810355050482e-08,1.3306181934069627e-08,3.2473170819002917e-09,6.483823256075993e-08,4.367134067706502e-07,2.481276339949545e-07,1.7234974336588493e-08,1.0583544280962087e-06,4.1752525703486754e-07,2.394332909716468e-07,2.6962778676420385e-09,9.935162097463035e-07,4.1752525703486754e-07,2.394332909716468e-07,2.6962778676420385e-09,9.935162097463035e-07,28.921939849853516,27.312231063842773,0.18545526266098022,184.59678649902344,28.921939849853516,27.312231063842773,0.18545526266098022,184.59678649902344
darcy,58,58,loss2,epsilon_observed,0,5,0.0,0.2,0.02505190297961235,0.02505190297981235,0,0.0,nan,nan,nan,nan,nan,nan,nan,nan,nan,nan,nan,nan,nan,nan,nan,nan,nan,nan,nan,nan,nan,nan,nan,nan,nan,nan,nan,nan,nan,nan,nan,nan,nan,nan,nan,nan,nan,nan,nan,nan
darcy,58,58,loss2,epsilon_observed,1,5,0.2,0.4,0.02505190297981235,0.02505190298001235,0,0.0,nan,nan,nan,nan,nan,nan,nan,nan,nan,nan,nan,nan,nan,nan,nan,nan,nan,nan,nan,nan,nan,nan,nan,nan,nan,nan,nan,nan,nan,nan,nan,nan,nan,nan,nan,nan,nan,nan,nan,nan
darcy,58,58,loss2,epsilon_observed,2,5,0.4,0.6,0.02505190298001235,0.02505190298021235,0,0.0,nan,nan,nan,nan,nan,nan,nan,nan,nan,nan,nan,nan,nan,nan,nan,nan,nan,nan,nan,nan,nan,nan,nan,nan,nan,nan,nan,nan,nan,nan,nan,nan,nan,nan,nan,nan,nan,nan,nan,nan
darcy,58,58,loss2,epsilon_observed,3,5,0.6,0.8,0.02505190298021235,0.02505190298041235,0,0.0,nan,nan,nan,nan,nan,nan,nan,nan,nan,nan,nan,nan,nan,nan,nan,nan,nan,nan,nan,nan,nan,nan,nan,nan,nan,nan,nan,nan,nan,nan,nan,nan,nan,nan,nan,nan,nan,nan,nan,nan
darcy,58,58,loss2,epsilon_observed,4,5,0.8,1.0,0.02505190298041235,0.02505190298061235,64,1.0,0.0250519048422575,1.862645149230957e-09,0.02505190297961235,0.02505190297961235,0.0250519048422575,1.862645149230957e-09,0.02505190297961235,0.02505190297961235,1.0020761489868164,0.0,1.0020761489868164,1.0020761489868164,0.0250519048422575,1.862645149230957e-09,0.02505190297961235,0.02505190297961235,1.9148464147633604e-08,1.3111259633546979e-08,3.43633188570891e-09,6.391443463371616e-08,4.3522487658265163e-07,2.44351127776099e-07,1.6684978731973388e-08,1.0553745823926874e-06,4.160763751315244e-07,2.3545811700387276e-07,3.134484671818427e-09,9.91460183286108e-07,4.160763751315244e-07,2.3545811700387276e-07,3.134484671818427e-09,9.91460183286108e-07,28.021587371826172,25.48167610168457,0.23131884634494781,190.95103454589844,28.021587371826172,25.48167610168457,0.23131884634494781,190.95103454589844
darcy,59,59,loss2,epsilon_observed,0,5,0.0,0.2,0.02505190297961235,0.02505190297981235,0,0.0,nan,nan,nan,nan,nan,nan,nan,nan,nan,nan,nan,nan,nan,nan,nan,nan,nan,nan,nan,nan,nan,nan,nan,nan,nan,nan,nan,nan,nan,nan,nan,nan,nan,nan,nan,nan,nan,nan,nan,nan
darcy,59,59,loss2,epsilon_observed,1,5,0.2,0.4,0.02505190297981235,0.02505190298001235,0,0.0,nan,nan,nan,nan,nan,nan,nan,nan,nan,nan,nan,nan,nan,nan,nan,nan,nan,nan,nan,nan,nan,nan,nan,nan,nan,nan,nan,nan,nan,nan,nan,nan,nan,nan,nan,nan,nan,nan,nan,nan
darcy,59,59,loss2,epsilon_observed,2,5,0.4,0.6,0.02505190298001235,0.02505190298021235,0,0.0,nan,nan,nan,nan,nan,nan,nan,nan,nan,nan,nan,nan,nan,nan,nan,nan,nan,nan,nan,nan,nan,nan,nan,nan,nan,nan,nan,nan,nan,nan,nan,nan,nan,nan,nan,nan,nan,nan,nan,nan
darcy,59,59,loss2,epsilon_observed,3,5,0.6,0.8,0.02505190298021235,0.02505190298041235,0,0.0,nan,nan,nan,nan,nan,nan,nan,nan,nan,nan,nan,nan,nan,nan,nan,nan,nan,nan,nan,nan,nan,nan,nan,nan,nan,nan,nan,nan,nan,nan,nan,nan,nan,nan,nan,nan,nan,nan,nan,nan
darcy,59,59,loss2,epsilon_observed,4,5,0.8,1.0,0.02505190298041235,0.02505190298061235,64,1.0,0.0250519048422575,1.862645149230957e-09,0.02505190297961235,0.02505190297961235,0.0250519048422575,1.862645149230957e-09,0.02505190297961235,0.02505190297961235,1.0020761489868164,0.0,1.0020761489868164,1.0020761489868164,0.0250519048422575,1.862645149230957e-09,0.02505190297961235,0.02505190297961235,2.162415135842366e-08,1.3466667780903663e-08,3.530455705558211e-09,5.7857850066511674e-08,4.402698721150955e-07,2.3274232319181465e-07,2.0847005899327087e-08,1.0159301382373087e-06,4.1864572608574235e-07,2.234595228856051e-07,4.719277413300915e-09,9.737605068949051e-07,4.1864572608574235e-07,2.234595228856051e-07,4.719277413300915e-09,9.737605068949051e-07,25.422731399536133,26.40292739868164,0.29261884093284607,207.3135528564453,25.422731399536133,26.40292739868164,0.29261884093284607,207.3135528564453
darcy,60,60,loss2,epsilon_observed,0,5,0.0,0.2,0.02505190297961235,0.02505190297981235,0,0.0,nan,nan,nan,nan,nan,nan,nan,nan,nan,nan,nan,nan,nan,nan,nan,nan,nan,nan,nan,nan,nan,nan,nan,nan,nan,nan,nan,nan,nan,nan,nan,nan,nan,nan,nan,nan,nan,nan,nan,nan
darcy,60,60,loss2,epsilon_observed,1,5,0.2,0.4,0.02505190297981235,0.02505190298001235,0,0.0,nan,nan,nan,nan,nan,nan,nan,nan,nan,nan,nan,nan,nan,nan,nan,nan,nan,nan,nan,nan,nan,nan,nan,nan,nan,nan,nan,nan,nan,nan,nan,nan,nan,nan,nan,nan,nan,nan,nan,nan
darcy,60,60,loss2,epsilon_observed,2,5,0.4,0.6,0.02505190298001235,0.02505190298021235,0,0.0,nan,nan,nan,nan,nan,nan,nan,nan,nan,nan,nan,nan,nan,nan,nan,nan,nan,nan,nan,nan,nan,nan,nan,nan,nan,nan,nan,nan,nan,nan,nan,nan,nan,nan,nan,nan,nan,nan,nan,nan
darcy,60,60,loss2,epsilon_observed,3,5,0.6,0.8,0.02505190298021235,0.02505190298041235,0,0.0,nan,nan,nan,nan,nan,nan,nan,nan,nan,nan,nan,nan,nan,nan,nan,nan,nan,nan,nan,nan,nan,nan,nan,nan,nan,nan,nan,nan,nan,nan,nan,nan,nan,nan,nan,nan,nan,nan,nan,nan
darcy,60,60,loss2,epsilon_observed,4,5,0.8,1.0,0.02505190298041235,0.02505190298061235,64,1.0,0.0250519048422575,1.862645149230957e-09,0.02505190297961235,0.02505190297961235,0.0250519048422575,1.862645149230957e-09,0.02505190297961235,0.02505190297961235,1.0020761489868164,0.0,1.0020761489868164,1.0020761489868164,0.0250519048422575,1.862645149230957e-09,0.02505190297961235,0.02505190297961235,1.9307691445646924e-08,1.3142376964481173e-08,3.2407043715210193e-09,6.344004788161328e-08,4.292767243896378e-07,2.44505713453691e-07,1.6722157880622035e-08,1.0532953638175968e-06,4.0996900452228147e-07,2.3543054794572527e-07,2.8199194090916535e-09,9.89855266197992e-07,4.0996900452228147e-07,2.3543054794572527e-07,2.8199194090916535e-09,9.89855266197992e-07,27.283344268798828,25.49333953857422,0.20283924043178558,193.72549438476562,27.283344268798828,25.49333953857422,0.20283924043178558,193.72549438476562
darcy,61,61,loss2,epsilon_observed,0,5,0.0,0.2,0.02505190297961235,0.02505190297981235,0,0.0,nan,nan,nan,nan,nan,nan,nan,nan,nan,nan,nan,nan,nan,nan,nan,nan,nan,nan,nan,nan,nan,nan,nan,nan,nan,nan,nan,nan,nan,nan,nan,nan,nan,nan,nan,nan,nan,nan,nan,nan
darcy,61,61,loss2,epsilon_observed,1,5,0.2,0.4,0.02505190297981235,0.02505190298001235,0,0.0,nan,nan,nan,nan,nan,nan,nan,nan,nan,nan,nan,nan,nan,nan,nan,nan,nan,nan,nan,nan,nan,nan,nan,nan,nan,nan,nan,nan,nan,nan,nan,nan,nan,nan,nan,nan,nan,nan,nan,nan
darcy,61,61,loss2,epsilon_observed,2,5,0.4,0.6,0.02505190298001235,0.02505190298021235,0,0.0,nan,nan,nan,nan,nan,nan,nan,nan,nan,nan,nan,nan,nan,nan,nan,nan,nan,nan,nan,nan,nan,nan,nan,nan,nan,nan,nan,nan,nan,nan,nan,nan,nan,nan,nan,nan,nan,nan,nan,nan
darcy,61,61,loss2,epsilon_observed,3,5,0.6,0.8,0.02505190298021235,0.02505190298041235,0,0.0,nan,nan,nan,nan,nan,nan,nan,nan,nan,nan,nan,nan,nan,nan,nan,nan,nan,nan,nan,nan,nan,nan,nan,nan,nan,nan,nan,nan,nan,nan,nan,nan,nan,nan,nan,nan,nan,nan,nan,nan
darcy,61,61,loss2,epsilon_observed,4,5,0.8,1.0,0.02505190298041235,0.02505190298061235,64,1.0,0.0250519048422575,1.862645149230957e-09,0.02505190297961235,0.02505190297961235,0.0250519048422575,1.862645149230957e-09,0.02505190297961235,0.02505190297961235,1.0020761489868164,0.0,1.0020761489868164,1.0020761489868164,0.0250519048422575,1.862645149230957e-09,0.02505190297961235,0.02505190297961235,1.904078672509968e-08,1.32391484441996e-08,3.0855835664311826e-09,6.528495788415967e-08,4.3244031644462666e-07,2.4906799467316887e-07,1.629984502926618e-08,1.0641158496582648e-06,4.1339950485053123e-07,2.403796202088415e-07,2.550332389716914e-09,9.988308420361136e-07,4.1339950485053123e-07,2.403796202088415e-07,2.550332389716914e-09,9.988308420361136e-07,28.840967178344727,27.36151123046875,0.1775885671377182,178.46070861816406,28.840967178344727,27.36151123046875,0.1775885671377182,178.46070861816406
darcy,62,62,loss2,epsilon_observed,0,5,0.0,0.2,0.02505190297961235,0.02505190297981235,0,0.0,nan,nan,nan,nan,nan,nan,nan,nan,nan,nan,nan,nan,nan,nan,nan,nan,nan,nan,nan,nan,nan,nan,nan,nan,nan,nan,nan,nan,nan,nan,nan,nan,nan,nan,nan,nan,nan,nan,nan,nan
darcy,62,62,loss2,epsilon_observed,1,5,0.2,0.4,0.02505190297981235,0.02505190298001235,0,0.0,nan,nan,nan,nan,nan,nan,nan,nan,nan,nan,nan,nan,nan,nan,nan,nan,nan,nan,nan,nan,nan,nan,nan,nan,nan,nan,nan,nan,nan,nan,nan,nan,nan,nan,nan,nan,nan,nan,nan,nan
darcy,62,62,loss2,epsilon_observed,2,5,0.4,0.6,0.02505190298001235,0.02505190298021235,0,0.0,nan,nan,nan,nan,nan,nan,nan,nan,nan,nan,nan,nan,nan,nan,nan,nan,nan,nan,nan,nan,nan,nan,nan,nan,nan,nan,nan,nan,nan,nan,nan,nan,nan,nan,nan,nan,nan,nan,nan,nan
darcy,62,62,loss2,epsilon_observed,3,5,0.6,0.8,0.02505190298021235,0.02505190298041235,0,0.0,nan,nan,nan,nan,nan,nan,nan,nan,nan,nan,nan,nan,nan,nan,nan,nan,nan,nan,nan,nan,nan,nan,nan,nan,nan,nan,nan,nan,nan,nan,nan,nan,nan,nan,nan,nan,nan,nan,nan,nan
darcy,62,62,loss2,epsilon_observed,4,5,0.8,1.0,0.02505190298041235,0.02505190298061235,64,1.0,0.0250519048422575,1.862645149230957e-09,0.02505190297961235,0.02505190297961235,0.0250519048422575,1.862645149230957e-09,0.02505190297961235,0.02505190297961235,1.0020761489868164,0.0,1.0020761489868164,1.0020761489868164,0.0250519048422575,1.862645149230957e-09,0.02505190297961235,0.02505190297961235,1.9516317451007126e-08,1.3179422886366865e-08,3.381939839286474e-09,6.487380943553944e-08,4.289315995720244e-07,2.4885045490918856e-07,1.874255239897593e-08,1.054051608662121e-06,4.094152359357395e-07,2.3995002607080096e-07,3.8966962989661624e-09,9.89177806332009e-07,4.094152359357395e-07,2.3995002607080096e-07,3.8966962989661624e-09,9.89177806332009e-07,26.91657066345215,25.677339553833008,0.2624770402908325,191.8717498779297,26.91657066345215,25.677339553833008,0.2624770402908325,191.8717498779297
darcy,63,63,loss2,epsilon_observed,0,5,0.0,0.2,0.02505190297961235,0.02505190297981235,0,0.0,nan,nan,nan,nan,nan,nan,nan,nan,nan,nan,nan,nan,nan,nan,nan,nan,nan,nan,nan,nan,nan,nan,nan,nan,nan,nan,nan,nan,nan,nan,nan,nan,nan,nan,nan,nan,nan,nan,nan,nan
darcy,63,63,loss2,epsilon_observed,1,5,0.2,0.4,0.02505190297981235,0.02505190298001235,0,0.0,nan,nan,nan,nan,nan,nan,nan,nan,nan,nan,nan,nan,nan,nan,nan,nan,nan,nan,nan,nan,nan,nan,nan,nan,nan,nan,nan,nan,nan,nan,nan,nan,nan,nan,nan,nan,nan,nan,nan,nan
darcy,63,63,loss2,epsilon_observed,2,5,0.4,0.6,0.02505190298001235,0.02505190298021235,0,0.0,nan,nan,nan,nan,nan,nan,nan,nan,nan,nan,nan,nan,nan,nan,nan,nan,nan,nan,nan,nan,nan,nan,nan,nan,nan,nan,nan,nan,nan,nan,nan,nan,nan,nan,nan,nan,nan,nan,nan,nan
darcy,63,63,loss2,epsilon_observed,3,5,0.6,0.8,0.02505190298021235,0.02505190298041235,0,0.0,nan,nan,nan,nan,nan,nan,nan,nan,nan,nan,nan,nan,nan,nan,nan,nan,nan,nan,nan,nan,nan,nan,nan,nan,nan,nan,nan,nan,nan,nan,nan,nan,nan,nan,nan,nan,nan,nan,nan,nan
darcy,63,63,loss2,epsilon_observed,4,5,0.8,1.0,0.02505190298041235,0.02505190298061235,64,1.0,0.0250519048422575,1.862645149230957e-09,0.02505190297961235,0.02505190297961235,0.0250519048422575,1.862645149230957e-09,0.02505190297961235,0.02505190297961235,1.0020761489868164,0.0,1.0020761489868164,1.0020761489868164,0.0250519048422575,1.862645149230957e-09,0.02505190297961235,0.02505190297961235,1.9755422187017757e-08,1.3110229346580127e-08,3.385879354667054e-09,6.307615763034846e-08,4.318430910643656e-07,2.4603670567557856e-07,1.899582713349446e-08,1.0485928214620799e-06,4.120876724300615e-07,2.3703958618170873e-07,4.152745702867833e-09,9.85516635410022e-07,4.120876724300615e-07,2.3703958618170873e-07,4.152745702867833e-09,9.85516635410022e-07,26.593717575073242,25.675527572631836,0.27977651357650757,197.93051147460938,26.593717575073242,25.675527572631836,0.27977651357650757,197.93051147460938
darcy,64,64,loss2,epsilon_observed,0,5,0.0,0.2,0.02505190297961235,0.02505190297981235,0,0.0,nan,nan,nan,nan,nan,nan,nan,nan,nan,nan,nan,nan,nan,nan,nan,nan,nan,nan,nan,nan,nan,nan,nan,nan,nan,nan,nan,nan,nan,nan,nan,nan,nan,nan,nan,nan,nan,nan,nan,nan
darcy,64,64,loss2,epsilon_observed,1,5,0.2,0.4,0.02505190297981235,0.02505190298001235,0,0.0,nan,nan,nan,nan,nan,nan,nan,nan,nan,nan,nan,nan,nan,nan,nan,nan,nan,nan,nan,nan,nan,nan,nan,nan,nan,nan,nan,nan,nan,nan,nan,nan,nan,nan,nan,nan,nan,nan,nan,nan
darcy,64,64,loss2,epsilon_observed,2,5,0.4,0.6,0.02505190298001235,0.02505190298021235,0,0.0,nan,nan,nan,nan,nan,nan,nan,nan,nan,nan,nan,nan,nan,nan,nan,nan,nan,nan,nan,nan,nan,nan,nan,nan,nan,nan,nan,nan,nan,nan,nan,nan,nan,nan,nan,nan,nan,nan,nan,nan
darcy,64,64,loss2,epsilon_observed,3,5,0.6,0.8,0.02505190298021235,0.02505190298041235,0,0.0,nan,nan,nan,nan,nan,nan,nan,nan,nan,nan,nan,nan,nan,nan,nan,nan,nan,nan,nan,nan,nan,nan,nan,nan,nan,nan,nan,nan,nan,nan,nan,nan,nan,nan,nan,nan,nan,nan,nan,nan
darcy,64,64,loss2,epsilon_observed,4,5,0.8,1.0,0.02505190298041235,0.02505190298061235,64,1.0,0.0250519048422575,1.862645149230957e-09,0.02505190297961235,0.02505190297961235,0.0250519048422575,1.862645149230957e-09,0.02505190297961235,0.02505190297961235,1.0020761489868164,0.0,1.0020761489868164,1.0020761489868164,0.0250519048422575,1.862645149230957e-09,0.02505190297961235,0.02505190297961235,1.963954687767e-08,1.3009436194977297e-08,3.3009504019076985e-09,6.020631815317756e-08,4.287809929337527e-07,2.4340403115274967e-07,1.8401999923867152e-08,1.0442718121339567e-06,4.091414496087964e-07,2.3428192719165963e-07,3.962976613536284e-09,9.840655366133433e-07,4.091414496087964e-07,2.3428192719165963e-07,3.962976613536284e-09,9.840655366133433e-07,26.5339298248291,26.294727325439453,0.2744629383087158,204.75502014160156,26.5339298248291,26.294727325439453,0.2744629383087158,204.75502014160156
darcy,65,65,loss2,epsilon_observed,0,5,0.0,0.2,0.02505190297961235,0.02505190297981235,0,0.0,nan,nan,nan,nan,nan,nan,nan,nan,nan,nan,nan,nan,nan,nan,nan,nan,nan,nan,nan,nan,nan,nan,nan,nan,nan,nan,nan,nan,nan,nan,nan,nan,nan,nan,nan,nan,nan,nan,nan,nan
darcy,65,65,loss2,epsilon_observed,1,5,0.2,0.4,0.02505190297981235,0.02505190298001235,0,0.0,nan,nan,nan,nan,nan,nan,nan,nan,nan,nan,nan,nan,nan,nan,nan,nan,nan,nan,nan,nan,nan,nan,nan,nan,nan,nan,nan,nan,nan,nan,nan,nan,nan,nan,nan,nan,nan,nan,nan,nan
darcy,65,65,loss2,epsilon_observed,2,5,0.4,0.6,0.02505190298001235,0.02505190298021235,0,0.0,nan,nan,nan,nan,nan,nan,nan,nan,nan,nan,nan,nan,nan,nan,nan,nan,nan,nan,nan,nan,nan,nan,nan,nan,nan,nan,nan,nan,nan,nan,nan,nan,nan,nan,nan,nan,nan,nan,nan,nan
darcy,65,65,loss2,epsilon_observed,3,5,0.6,0.8,0.02505190298021235,0.02505190298041235,0,0.0,nan,nan,nan,nan,nan,nan,nan,nan,nan,nan,nan,nan,nan,nan,nan,nan,nan,nan,nan,nan,nan,nan,nan,nan,nan,nan,nan,nan,nan,nan,nan,nan,nan,nan,nan,nan,nan,nan,nan,nan
darcy,65,65,loss2,epsilon_observed,4,5,0.8,1.0,0.02505190298041235,0.02505190298061235,64,1.0,0.0250519048422575,1.862645149230957e-09,0.02505190297961235,0.02505190297961235,0.0250519048422575,1.862645149230957e-09,0.02505190297961235,0.02505190297961235,1.0020761489868164,0.0,1.0020761489868164,1.0020761489868164,0.0250519048422575,1.862645149230957e-09,0.02505190297961235,0.02505190297961235,1.996386345126666e-08,1.3047209534988724e-08,3.344537979899087e-09,5.858763429955616e-08,4.2453524429220124e-07,2.419281202037382e-07,1.9144378526902983e-08,1.0341889264964266e-06,4.045713808409346e-07,2.3267031679097272e-07,4.279067766788103e-09,9.756013241712935e-07,4.045713808409346e-07,2.3267031679097272e-07,4.279067766788103e-09,9.756013241712935e-07,25.833457946777344,26.19046401977539,0.28785592317581177,204.4909210205078,25.833457946777344,26.19046401977539,0.28785592317581177,204.4909210205078
darcy,66,66,loss2,epsilon_observed,0,5,0.0,0.2,0.02505190297961235,0.02505190297981235,0,0.0,nan,nan,nan,nan,nan,nan,nan,nan,nan,nan,nan,nan,nan,nan,nan,nan,nan,nan,nan,nan,nan,nan,nan,nan,nan,nan,nan,nan,nan,nan,nan,nan,nan,nan,nan,nan,nan,nan,nan,nan
darcy,66,66,loss2,epsilon_observed,1,5,0.2,0.4,0.02505190297981235,0.02505190298001235,0,0.0,nan,nan,nan,nan,nan,nan,nan,nan,nan,nan,nan,nan,nan,nan,nan,nan,nan,nan,nan,nan,nan,nan,nan,nan,nan,nan,nan,nan,nan,nan,nan,nan,nan,nan,nan,nan,nan,nan,nan,nan
darcy,66,66,loss2,epsilon_observed,2,5,0.4,0.6,0.02505190298001235,0.02505190298021235,0,0.0,nan,nan,nan,nan,nan,nan,nan,nan,nan,nan,nan,nan,nan,nan,nan,nan,nan,nan,nan,nan,nan,nan,nan,nan,nan,nan,nan,nan,nan,nan,nan,nan,nan,nan,nan,nan,nan,nan,nan,nan
darcy,66,66,loss2,epsilon_observed,3,5,0.6,0.8,0.02505190298021235,0.02505190298041235,0,0.0,nan,nan,nan,nan,nan,nan,nan,nan,nan,nan,nan,nan,nan,nan,nan,nan,nan,nan,nan,nan,nan,nan,nan,nan,nan,nan,nan,nan,nan,nan,nan,nan,nan,nan,nan,nan,nan,nan,nan,nan
darcy,66,66,loss2,epsilon_observed,4,5,0.8,1.0,0.02505190298041235,0.02505190298061235,64,1.0,0.0250519048422575,1.862645149230957e-09,0.02505190297961235,0.02505190297961235,0.0250519048422575,1.862645149230957e-09,0.02505190297961235,0.02505190297961235,1.0020761489868164,0.0,1.0020761489868164,1.0020761489868164,0.0250519048422575,1.862645149230957e-09,0.02505190297961235,0.02505190297961235,1.845928210286729e-08,1.2968840223948064e-08,3.211265031666244e-09,6.576985356332443e-08,4.3299633034621365e-07,2.506784255729144e-07,1.6374437805666275e-08,1.0656073072823347e-06,4.145370553487737e-07,2.4215307803387986e-07,3.3807889820991477e-09,9.998374252973008e-07,4.145370553487737e-07,2.4215307803387986e-07,3.3807889820991477e-09,9.998374252973008e-07,29.225975036621094,26.217451095581055,0.2601878046989441,170.24598693847656,29.225975036621094,26.217451095581055,0.2601878046989441,170.24598693847656
darcy,67,67,loss2,epsilon_observed,0,5,0.0,0.2,0.02505190297961235,0.02505190297981235,0,0.0,nan,nan,nan,nan,nan,nan,nan,nan,nan,nan,nan,nan,nan,nan,nan,nan,nan,nan,nan,nan,nan,nan,nan,nan,nan,nan,nan,nan,nan,nan,nan,nan,nan,nan,nan,nan,nan,nan,nan,nan
darcy,67,67,loss2,epsilon_observed,1,5,0.2,0.4,0.02505190297981235,0.02505190298001235,0,0.0,nan,nan,nan,nan,nan,nan,nan,nan,nan,nan,nan,nan,nan,nan,nan,nan,nan,nan,nan,nan,nan,nan,nan,nan,nan,nan,nan,nan,nan,nan,nan,nan,nan,nan,nan,nan,nan,nan,nan,nan
darcy,67,67,loss2,epsilon_observed,2,5,0.4,0.6,0.02505190298001235,0.02505190298021235,0,0.0,nan,nan,nan,nan,nan,nan,nan,nan,nan,nan,nan,nan,nan,nan,nan,nan,nan,nan,nan,nan,nan,nan,nan,nan,nan,nan,nan,nan,nan,nan,nan,nan,nan,nan,nan,nan,nan,nan,nan,nan
darcy,67,67,loss2,epsilon_observed,3,5,0.6,0.8,0.02505190298021235,0.02505190298041235,0,0.0,nan,nan,nan,nan,nan,nan,nan,nan,nan,nan,nan,nan,nan,nan,nan,nan,nan,nan,nan,nan,nan,nan,nan,nan,nan,nan,nan,nan,nan,nan,nan,nan,nan,nan,nan,nan,nan,nan,nan,nan
darcy,67,67,loss2,epsilon_observed,4,5,0.8,1.0,0.02505190298041235,0.02505190298061235,64,1.0,0.0250519048422575,1.862645149230957e-09,0.02505190297961235,0.02505190297961235,0.0250519048422575,1.862645149230957e-09,0.02505190297961235,0.02505190297961235,1.0020761489868164,0.0,1.0020761489868164,1.0020761489868164,0.0250519048422575,1.862645149230957e-09,0.02505190297961235,0.02505190297961235,1.9000005124780728e-08,1.2927410253382732e-08,3.1458931015748703e-09,6.485119996568756e-08,4.351545612735208e-07,2.4891616590139165e-07,1.7041140054629977e-08,1.0583978564682184e-06,4.1615459167587687e-07,2.4037584012148727e-07,3.4833229634045892e-09,9.93546677818813e-07,4.1615459167587687e-07,2.4037584012148727e-07,3.4833229634045892e-09,9.93546677818813e-07,28.02099609375,25.073579788208008,0.2569235861301422,179.4090576171875,28.02099609375,25.073579788208008,0.2569235861301422,179.4090576171875
darcy,68,68,loss2,epsilon_observed,0,5,0.0,0.2,0.02505190297961235,0.02505190297981235,0,0.0,nan,nan,nan,nan,nan,nan,nan,nan,nan,nan,nan,nan,nan,nan,nan,nan,nan,nan,nan,nan,nan,nan,nan,nan,nan,nan,nan,nan,nan,nan,nan,nan,nan,nan,nan,nan,nan,nan,nan,nan
darcy,68,68,loss2,epsilon_observed,1,5,0.2,0.4,0.02505190297981235,0.02505190298001235,0,0.0,nan,nan,nan,nan,nan,nan,nan,nan,nan,nan,nan,nan,nan,nan,nan,nan,nan,nan,nan,nan,nan,nan,nan,nan,nan,nan,nan,nan,nan,nan,nan,nan,nan,nan,nan,nan,nan,nan,nan,nan
darcy,68,68,loss2,epsilon_observed,2,5,0.4,0.6,0.02505190298001235,0.02505190298021235,0,0.0,nan,nan,nan,nan,nan,nan,nan,nan,nan,nan,nan,nan,nan,nan,nan,nan,nan,nan,nan,nan,nan,nan,nan,nan,nan,nan,nan,nan,nan,nan,nan,nan,nan,nan,nan,nan,nan,nan,nan,nan
darcy,68,68,loss2,epsilon_observed,3,5,0.6,0.8,0.02505190298021235,0.02505190298041235,0,0.0,nan,nan,nan,nan,nan,nan,nan,nan,nan,nan,nan,nan,nan,nan,nan,nan,nan,nan,nan,nan,nan,nan,nan,nan,nan,nan,nan,nan,nan,nan,nan,nan,nan,nan,nan,nan,nan,nan,nan,nan
darcy,68,68,loss2,epsilon_observed,4,5,0.8,1.0,0.02505190298041235,0.02505190298061235,64,1.0,0.0250519048422575,1.862645149230957e-09,0.02505190297961235,0.02505190297961235,0.0250519048422575,1.862645149230957e-09,0.02505190297961235,0.02505190297961235,1.0020761489868164,0.0,1.0020761489868164,1.0020761489868164,0.0250519048422575,1.862645149230957e-09,0.02505190297961235,0.02505190297961235,2.1421135087962284e-08,1.3681187738256995e-08,3.412784721490425e-09,5.7026404931548313e-08,4.2938034994222107e-07,2.3187051567674644e-07,2.318106950838228e-08,1.0173823739023646e-06,4.079591917616199e-07,2.2191106552327255e-07,5.032109839930854e-09,9.604651722838753e-07,4.079591917616199e-07,2.2191106552327255e-07,5.032109839930854e-09,9.604651722838753e-07,24.134916305541992,17.56067657470703,0.27726712822914124,106.1141586303711,24.134916305541992,17.56067657470703,0.27726712822914124,106.1141586303711
darcy,69,69,loss2,epsilon_observed,0,5,0.0,0.2,0.02505190297961235,0.02505190297981235,0,0.0,nan,nan,nan,nan,nan,nan,nan,nan,nan,nan,nan,nan,nan,nan,nan,nan,nan,nan,nan,nan,nan,nan,nan,nan,nan,nan,nan,nan,nan,nan,nan,nan,nan,nan,nan,nan,nan,nan,nan,nan
darcy,69,69,loss2,epsilon_observed,1,5,0.2,0.4,0.02505190297981235,0.02505190298001235,0,0.0,nan,nan,nan,nan,nan,nan,nan,nan,nan,nan,nan,nan,nan,nan,nan,nan,nan,nan,nan,nan,nan,nan,nan,nan,nan,nan,nan,nan,nan,nan,nan,nan,nan,nan,nan,nan,nan,nan,nan,nan
darcy,69,69,loss2,epsilon_observed,2,5,0.4,0.6,0.02505190298001235,0.02505190298021235,0,0.0,nan,nan,nan,nan,nan,nan,nan,nan,nan,nan,nan,nan,nan,nan,nan,nan,nan,nan,nan,nan,nan,nan,nan,nan,nan,nan,nan,nan,nan,nan,nan,nan,nan,nan,nan,nan,nan,nan,nan,nan
darcy,69,69,loss2,epsilon_observed,3,5,0.6,0.8,0.02505190298021235,0.02505190298041235,0,0.0,nan,nan,nan,nan,nan,nan,nan,nan,nan,nan,nan,nan,nan,nan,nan,nan,nan,nan,nan,nan,nan,nan,nan,nan,nan,nan,nan,nan,nan,nan,nan,nan,nan,nan,nan,nan,nan,nan,nan,nan
darcy,69,69,loss2,epsilon_observed,4,5,0.8,1.0,0.02505190298041235,0.02505190298061235,64,1.0,0.0250519048422575,1.862645149230957e-09,0.02505190297961235,0.02505190297961235,0.0250519048422575,1.862645149230957e-09,0.02505190297961235,0.02505190297961235,1.0020761489868164,0.0,1.0020761489868164,1.0020761489868164,0.0250519048422575,1.862645149230957e-09,0.02505190297961235,0.02505190297961235,1.8482349872783743e-08,1.3061958625826264e-08,3.1890814433666037e-09,6.52873310968971e-08,4.3104631686219363e-07,2.543841617352882e-07,1.4764514055798372e-08,1.0693872809497407e-06,4.125640202801151e-07,2.4596565140200255e-07,2.3598492049359265e-09,1.004099999590835e-06,4.125640202801151e-07,2.4596565140200255e-07,2.3598492049359265e-09,1.004099999590835e-06,29.541654586791992,28.84246826171875,0.17327766120433807,164.7542266845703,29.541654586791992,28.84246826171875,0.17327766120433807,164.7542266845703
darcy,70,70,loss2,epsilon_observed,0,5,0.0,0.2,0.02505190297961235,0.02505190297981235,0,0.0,nan,nan,nan,nan,nan,nan,nan,nan,nan,nan,nan,nan,nan,nan,nan,nan,nan,nan,nan,nan,nan,nan,nan,nan,nan,nan,nan,nan,nan,nan,nan,nan,nan,nan,nan,nan,nan,nan,nan,nan
darcy,70,70,loss2,epsilon_observed,1,5,0.2,0.4,0.02505190297981235,0.02505190298001235,0,0.0,nan,nan,nan,nan,nan,nan,nan,nan,nan,nan,nan,nan,nan,nan,nan,nan,nan,nan,nan,nan,nan,nan,nan,nan,nan,nan,nan,nan,nan,nan,nan,nan,nan,nan,nan,nan,nan,nan,nan,nan
darcy,70,70,loss2,epsilon_observed,2,5,0.4,0.6,0.02505190298001235,0.02505190298021235,0,0.0,nan,nan,nan,nan,nan,nan,nan,nan,nan,nan,nan,nan,nan,nan,nan,nan,nan,nan,nan,nan,nan,nan,nan,nan,nan,nan,nan,nan,nan,nan,nan,nan,nan,nan,nan,nan,nan,nan,nan,nan
darcy,70,70,loss2,epsilon_observed,3,5,0.6,0.8,0.02505190298021235,0.02505190298041235,0,0.0,nan,nan,nan,nan,nan,nan,nan,nan,nan,nan,nan,nan,nan,nan,nan,nan,nan,nan,nan,nan,nan,nan,nan,nan,nan,nan,nan,nan,nan,nan,nan,nan,nan,nan,nan,nan,nan,nan,nan,nan
darcy,70,70,loss2,epsilon_observed,4,5,0.8,1.0,0.02505190298041235,0.02505190298061235,64,1.0,0.0250519048422575,1.862645149230957e-09,0.02505190297961235,0.02505190297961235,0.0250519048422575,1.862645149230957e-09,0.02505190297961235,0.02505190297961235,1.0020761489868164,0.0,1.0020761489868164,1.0020761489868164,0.0250519048422575,1.862645149230957e-09,0.02505190297961235,0.02505190297961235,1.873769583937701e-08,1.2792560788454921e-08,3.246875213136491e-09,6.342306591022862e-08,4.371989632545592e-07,2.483433831912407e-07,1.559158491204471e-08,1.0562264378677355e-06,4.1846129761324846e-07,2.398462299879611e-07,2.954915423458715e-09,9.92803393273789e-07,4.1846129761324846e-07,2.398462299879611e-07,2.954915423458715e-09,9.92803393273789e-07,28.955020904541016,26.228601455688477,0.2338365614414215,189.17568969726562,28.955020904541016,26.228601455688477,0.2338365614414215,189.17568969726562
darcy,71,71,loss2,epsilon_observed,0,5,0.0,0.2,0.02505190297961235,0.02505190297981235,0,0.0,nan,nan,nan,nan,nan,nan,nan,nan,nan,nan,nan,nan,nan,nan,nan,nan,nan,nan,nan,nan,nan,nan,nan,nan,nan,nan,nan,nan,nan,nan,nan,nan,nan,nan,nan,nan,nan,nan,nan,nan
darcy,71,71,loss2,epsilon_observed,1,5,0.2,0.4,0.02505190297981235,0.02505190298001235,0,0.0,nan,nan,nan,nan,nan,nan,nan,nan,nan,nan,nan,nan,nan,nan,nan,nan,nan,nan,nan,nan,nan,nan,nan,nan,nan,nan,nan,nan,nan,nan,nan,nan,nan,nan,nan,nan,nan,nan,nan,nan
darcy,71,71,loss2,epsilon_observed,2,5,0.4,0.6,0.02505190298001235,0.02505190298021235,0,0.0,nan,nan,nan,nan,nan,nan,nan,nan,nan,nan,nan,nan,nan,nan,nan,nan,nan,nan,nan,nan,nan,nan,nan,nan,nan,nan,nan,nan,nan,nan,nan,nan,nan,nan,nan,nan,nan,nan,nan,nan
darcy,71,71,loss2,epsilon_observed,3,5,0.6,0.8,0.02505190298021235,0.02505190298041235,0,0.0,nan,nan,nan,nan,nan,nan,nan,nan,nan,nan,nan,nan,nan,nan,nan,nan,nan,nan,nan,nan,nan,nan,nan,nan,nan,nan,nan,nan,nan,nan,nan,nan,nan,nan,nan,nan,nan,nan,nan,nan
darcy,71,71,loss2,epsilon_observed,4,5,0.8,1.0,0.02505190298041235,0.02505190298061235,64,1.0,0.0250519048422575,1.862645149230957e-09,0.02505190297961235,0.02505190297961235,0.0250519048422575,1.862645149230957e-09,0.02505190297961235,0.02505190297961235,1.0020761489868164,0.0,1.0020761489868164,1.0020761489868164,0.0250519048422575,1.862645149230957e-09,0.02505190297961235,0.02505190297961235,2.1036399289187102e-08,1.3343367299967213e-08,3.711689400276441e-09,5.778606748663151e-08,4.3825261286656314e-07,2.36463350233862e-07,2.0752787932565298e-08,1.0222419177807751e-06,4.172161993665213e-07,2.271797399089337e-07,4.729445279849642e-09,9.644558076615795e-07,4.172161993665213e-07,2.271797399089337e-07,4.729445279849642e-09,9.644558076615795e-07,25.78740119934082,25.565937042236328,0.2951597273349762,199.22091674804688,25.78740119934082,25.565937042236328,0.2951597273349762,199.22091674804688
darcy,72,72,loss2,epsilon_observed,0,5,0.0,0.2,0.02505190297961235,0.02505190297981235,0,0.0,nan,nan,nan,nan,nan,nan,nan,nan,nan,nan,nan,nan,nan,nan,nan,nan,nan,nan,nan,nan,nan,nan,nan,nan,nan,nan,nan,nan,nan,nan,nan,nan,nan,nan,nan,nan,nan,nan,nan,nan
darcy,72,72,loss2,epsilon_observed,1,5,0.2,0.4,0.02505190297981235,0.02505190298001235,0,0.0,nan,nan,nan,nan,nan,nan,nan,nan,nan,nan,nan,nan,nan,nan,nan,nan,nan,nan,nan,nan,nan,nan,nan,nan,nan,nan,nan,nan,nan,nan,nan,nan,nan,nan,nan,nan,nan,nan,nan,nan
darcy,72,72,loss2,epsilon_observed,2,5,0.4,0.6,0.02505190298001235,0.02505190298021235,0,0.0,nan,nan,nan,nan,nan,nan,nan,nan,nan,nan,nan,nan,nan,nan,nan,nan,nan,nan,nan,nan,nan,nan,nan,nan,nan,nan,nan,nan,nan,nan,nan,nan,nan,nan,nan,nan,nan,nan,nan,nan
darcy,72,72,loss2,epsilon_observed,3,5,0.6,0.8,0.02505190298021235,0.02505190298041235,0,0.0,nan,nan,nan,nan,nan,nan,nan,nan,nan,nan,nan,nan,nan,nan,nan,nan,nan,nan,nan,nan,nan,nan,nan,nan,nan,nan,nan,nan,nan,nan,nan,nan,nan,nan,nan,nan,nan,nan,nan,nan
darcy,72,72,loss2,epsilon_observed,4,5,0.8,1.0,0.02505190298041235,0.02505190298061235,64,1.0,0.0250519048422575,1.862645149230957e-09,0.02505190297961235,0.02505190297961235,0.0250519048422575,1.862645149230957e-09,0.02505190297961235,0.02505190297961235,1.0020761489868164,0.0,1.0020761489868164,1.0020761489868164,0.0250519048422575,1.862645149230957e-09,0.02505190297961235,0.02505190297961235,1.8807543966659068e-08,1.2942583005326469e-08,3.073420851151809e-09,6.317367251540418e-08,4.3395169768700725e-07,2.4826590561133344e-07,1.709403285587996e-08,1.0586890084596234e-06,4.15144199905626e-07,2.398229241862282e-07,2.8218325454076876e-09,9.955153927876381e-07,4.15144199905626e-07,2.398229241862282e-07,2.8218325454076876e-09,9.955153927876381e-07,29.537242889404297,29.22783851623535,0.19771531224250793,177.43055725097656,29.537242889404297,29.22783851623535,0.19771531224250793,177.43055725097656
darcy,73,73,loss2,epsilon_observed,0,5,0.0,0.2,0.02505190297961235,0.02505190297981235,0,0.0,nan,nan,nan,nan,nan,nan,nan,nan,nan,nan,nan,nan,nan,nan,nan,nan,nan,nan,nan,nan,nan,nan,nan,nan,nan,nan,nan,nan,nan,nan,nan,nan,nan,nan,nan,nan,nan,nan,nan,nan
darcy,73,73,loss2,epsilon_observed,1,5,0.2,0.4,0.02505190297981235,0.02505190298001235,0,0.0,nan,nan,nan,nan,nan,nan,nan,nan,nan,nan,nan,nan,nan,nan,nan,nan,nan,nan,nan,nan,nan,nan,nan,nan,nan,nan,nan,nan,nan,nan,nan,nan,nan,nan,nan,nan,nan,nan,nan,nan
darcy,73,73,loss2,epsilon_observed,2,5,0.4,0.6,0.02505190298001235,0.02505190298021235,0,0.0,nan,nan,nan,nan,nan,nan,nan,nan,nan,nan,nan,nan,nan,nan,nan,nan,nan,nan,nan,nan,nan,nan,nan,nan,nan,nan,nan,nan,nan,nan,nan,nan,nan,nan,nan,nan,nan,nan,nan,nan
darcy,73,73,loss2,epsilon_observed,3,5,0.6,0.8,0.02505190298021235,0.02505190298041235,0,0.0,nan,nan,nan,nan,nan,nan,nan,nan,nan,nan,nan,nan,nan,nan,nan,nan,nan,nan,nan,nan,nan,nan,nan,nan,nan,nan,nan,nan,nan,nan,nan,nan,nan,nan,nan,nan,nan,nan,nan,nan
darcy,73,73,loss2,epsilon_observed,4,5,0.8,1.0,0.02505190298041235,0.02505190298061235,64,1.0,0.0250519048422575,1.862645149230957e-09,0.02505190297961235,0.02505190297961235,0.0250519048422575,1.862645149230957e-09,0.02505190297961235,0.02505190297961235,1.0020761489868164,0.0,1.0020761489868164,1.0020761489868164,0.0250519048422575,1.862645149230957e-09,0.02505190297961235,0.02505190297961235,1.9026602515737068e-08,1.2958586204092626e-08,3.1614331152951536e-09,6.303243793581714e-08,4.362680670055852e-07,2.453020044868026e-07,1.7967167309507204e-08,1.0566592436589417e-06,4.1724146626620495e-07,2.368031601918119e-07,3.463971331996163e-09,9.936268270394066e-07,4.1724146626620495e-07,2.368031601918119e-07,3.463971331996163e-09,9.936268270394066e-07,29.022823333740234,26.990705490112305,0.2388419359922409,183.89498901367188,29.022823333740234,26.990705490112305,0.2388419359922409,183.89498901367188
darcy,74,74,loss2,epsilon_observed,0,5,0.0,0.2,0.02505190297961235,0.02505190297981235,0,0.0,nan,nan,nan,nan,nan,nan,nan,nan,nan,nan,nan,nan,nan,nan,nan,nan,nan,nan,nan,nan,nan,nan,nan,nan,nan,nan,nan,nan,nan,nan,nan,nan,nan,nan,nan,nan,nan,nan,nan,nan
darcy,74,74,loss2,epsilon_observed,1,5,0.2,0.4,0.02505190297981235,0.02505190298001235,0,0.0,nan,nan,nan,nan,nan,nan,nan,nan,nan,nan,nan,nan,nan,nan,nan,nan,nan,nan,nan,nan,nan,nan,nan,nan,nan,nan,nan,nan,nan,nan,nan,nan,nan,nan,nan,nan,nan,nan,nan,nan
darcy,74,74,loss2,epsilon_observed,2,5,0.4,0.6,0.02505190298001235,0.02505190298021235,0,0.0,nan,nan,nan,nan,nan,nan,nan,nan,nan,nan,nan,nan,nan,nan,nan,nan,nan,nan,nan,nan,nan,nan,nan,nan,nan,nan,nan,nan,nan,nan,nan,nan,nan,nan,nan,nan,nan,nan,nan,nan
darcy,74,74,loss2,epsilon_observed,3,5,0.6,0.8,0.02505190298021235,0.02505190298041235,0,0.0,nan,nan,nan,nan,nan,nan,nan,nan,nan,nan,nan,nan,nan,nan,nan,nan,nan,nan,nan,nan,nan,nan,nan,nan,nan,nan,nan,nan,nan,nan,nan,nan,nan,nan,nan,nan,nan,nan,nan,nan
darcy,74,74,loss2,epsilon_observed,4,5,0.8,1.0,0.02505190298041235,0.02505190298061235,64,1.0,0.0250519048422575,1.862645149230957e-09,0.02505190297961235,0.02505190297961235,0.0250519048422575,1.862645149230957e-09,0.02505190297961235,0.02505190297961235,1.0020761489868164,0.0,1.0020761489868164,1.0020761489868164,0.0250519048422575,1.862645149230957e-09,0.02505190297961235,0.02505190297961235,1.8964085413131215e-08,1.2808490268412243e-08,3.2086382439899808e-09,6.358261828154355e-08,4.335448124948016e-07,2.4581046886851254e-07,1.6432986527092908e-08,1.057776898960583e-06,4.145807110944588e-07,2.3709853280706739e-07,3.2107809744275073e-09,9.941942380464752e-07,4.145807110944588e-07,2.3709853280706739e-07,3.2107809744275073e-09,9.941942380464752e-07,27.855754852294922,25.086334228515625,0.2428324818611145,187.45518493652344,27.855754852294922,25.086334228515625,0.2428324818611145,187.45518493652344
darcy,75,75,loss2,epsilon_observed,0,5,0.0,0.2,0.02505190297961235,0.02505190297981235,0,0.0,nan,nan,nan,nan,nan,nan,nan,nan,nan,nan,nan,nan,nan,nan,nan,nan,nan,nan,nan,nan,nan,nan,nan,nan,nan,nan,nan,nan,nan,nan,nan,nan,nan,nan,nan,nan,nan,nan,nan,nan
darcy,75,75,loss2,epsilon_observed,1,5,0.2,0.4,0.02505190297981235,0.02505190298001235,0,0.0,nan,nan,nan,nan,nan,nan,nan,nan,nan,nan,nan,nan,nan,nan,nan,nan,nan,nan,nan,nan,nan,nan,nan,nan,nan,nan,nan,nan,nan,nan,nan,nan,nan,nan,nan,nan,nan,nan,nan,nan
darcy,75,75,loss2,epsilon_observed,2,5,0.4,0.6,0.02505190298001235,0.02505190298021235,0,0.0,nan,nan,nan,nan,nan,nan,nan,nan,nan,nan,nan,nan,nan,nan,nan,nan,nan,nan,nan,nan,nan,nan,nan,nan,nan,nan,nan,nan,nan,nan,nan,nan,nan,nan,nan,nan,nan,nan,nan,nan
darcy,75,75,loss2,epsilon_observed,3,5,0.6,0.8,0.02505190298021235,0.02505190298041235,0,0.0,nan,nan,nan,nan,nan,nan,nan,nan,nan,nan,nan,nan,nan,nan,nan,nan,nan,nan,nan,nan,nan,nan,nan,nan,nan,nan,nan,nan,nan,nan,nan,nan,nan,nan,nan,nan,nan,nan,nan,nan
darcy,75,75,loss2,epsilon_observed,4,5,0.8,1.0,0.02505190298041235,0.02505190298061235,64,1.0,0.0250519048422575,1.862645149230957e-09,0.02505190297961235,0.02505190297961235,0.0250519048422575,1.862645149230957e-09,0.02505190297961235,0.02505190297961235,1.0020761489868164,0.0,1.0020761489868164,1.0020761489868164,0.0250519048422575,1.862645149230957e-09,0.02505190297961235,0.02505190297961235,1.9810659779295747e-08,1.3062996018220474e-08,3.274300830469201e-09,6.00855329935257e-08,4.2600558458616433e-07,2.4587592406533076e-07,1.937526405981771e-08,1.0429403118905611e-06,4.0619491414872755e-07,2.3667794835091627e-07,4.2475338801750695e-09,9.82854771791608e-07,4.0619491414872755e-07,2.3667794835091627e-07,4.2475338801750695e-09,9.82854771791608e-07,26.039493560791016,25.89067840576172,0.2807779908180237,198.44532775878906,26.039493560791016,25.89067840576172,0.2807779908180237,198.44532775878906
darcy,76,76,loss2,epsilon_observed,0,5,0.0,0.2,0.02505190297961235,0.02505190297981235,0,0.0,nan,nan,nan,nan,nan,nan,nan,nan,nan,nan,nan,nan,nan,nan,nan,nan,nan,nan,nan,nan,nan,nan,nan,nan,nan,nan,nan,nan,nan,nan,nan,nan,nan,nan,nan,nan,nan,nan,nan,nan
darcy,76,76,loss2,epsilon_observed,1,5,0.2,0.4,0.02505190297981235,0.02505190298001235,0,0.0,nan,nan,nan,nan,nan,nan,nan,nan,nan,nan,nan,nan,nan,nan,nan,nan,nan,nan,nan,nan,nan,nan,nan,nan,nan,nan,nan,nan,nan,nan,nan,nan,nan,nan,nan,nan,nan,nan,nan,nan
darcy,76,76,loss2,epsilon_observed,2,5,0.4,0.6,0.02505190298001235,0.02505190298021235,0,0.0,nan,nan,nan,nan,nan,nan,nan,nan,nan,nan,nan,nan,nan,nan,nan,nan,nan,nan,nan,nan,nan,nan,nan,nan,nan,nan,nan,nan,nan,nan,nan,nan,nan,nan,nan,nan,nan,nan,nan,nan
darcy,76,76,loss2,epsilon_observed,3,5,0.6,0.8,0.02505190298021235,0.02505190298041235,0,0.0,nan,nan,nan,nan,nan,nan,nan,nan,nan,nan,nan,nan,nan,nan,nan,nan,nan,nan,nan,nan,nan,nan,nan,nan,nan,nan,nan,nan,nan,nan,nan,nan,nan,nan,nan,nan,nan,nan,nan,nan
darcy,76,76,loss2,epsilon_observed,4,5,0.8,1.0,0.02505190298041235,0.02505190298061235,64,1.0,0.0250519048422575,1.862645149230957e-09,0.02505190297961235,0.02505190297961235,0.0250519048422575,1.862645149230957e-09,0.02505190297961235,0.02505190297961235,1.0020761489868164,0.0,1.0020761489868164,1.0020761489868164,0.0250519048422575,1.862645149230957e-09,0.02505190297961235,0.02505190297961235,2.073885596587388e-08,1.3447401414623528e-08,3.3618159367421185e-09,5.7267133257710157e-08,4.229617331930058e-07,2.3785193548064854e-07,2.1739090527717053e-08,1.0256737823510775e-06,4.022228949907003e-07,2.2799569876497117e-07,4.8769290827976874e-09,9.68406652646081e-07,4.022228949907003e-07,2.2799569876497117e-07,4.8769290827976874e-09,9.68406652646081e-07,24.39937973022461,19.96004867553711,0.28922325372695923,134.8761444091797,24.39937973022461,19.96004867553711,0.28922325372695923,134.8761444091797
darcy,77,77,loss2,epsilon_observed,0,5,0.0,0.2,0.02505190297961235,0.02505190297981235,0,0.0,nan,nan,nan,nan,nan,nan,nan,nan,nan,nan,nan,nan,nan,nan,nan,nan,nan,nan,nan,nan,nan,nan,nan,nan,nan,nan,nan,nan,nan,nan,nan,nan,nan,nan,nan,nan,nan,nan,nan,nan
darcy,77,77,loss2,epsilon_observed,1,5,0.2,0.4,0.02505190297981235,0.02505190298001235,0,0.0,nan,nan,nan,nan,nan,nan,nan,nan,nan,nan,nan,nan,nan,nan,nan,nan,nan,nan,nan,nan,nan,nan,nan,nan,nan,nan,nan,nan,nan,nan,nan,nan,nan,nan,nan,nan,nan,nan,nan,nan
darcy,77,77,loss2,epsilon_observed,2,5,0.4,0.6,0.02505190298001235,0.02505190298021235,0,0.0,nan,nan,nan,nan,nan,nan,nan,nan,nan,nan,nan,nan,nan,nan,nan,nan,nan,nan,nan,nan,nan,nan,nan,nan,nan,nan,nan,nan,nan,nan,nan,nan,nan,nan,nan,nan,nan,nan,nan,nan
darcy,77,77,loss2,epsilon_observed,3,5,0.6,0.8,0.02505190298021235,0.02505190298041235,0,0.0,nan,nan,nan,nan,nan,nan,nan,nan,nan,nan,nan,nan,nan,nan,nan,nan,nan,nan,nan,nan,nan,nan,nan,nan,nan,nan,nan,nan,nan,nan,nan,nan,nan,nan,nan,nan,nan,nan,nan,nan
darcy,77,77,loss2,epsilon_observed,4,5,0.8,1.0,0.02505190298041235,0.02505190298061235,64,1.0,0.0250519048422575,1.862645149230957e-09,0.02505190297961235,0.02505190297961235,0.0250519048422575,1.862645149230957e-09,0.02505190297961235,0.02505190297961235,1.0020761489868164,0.0,1.0020761489868164,1.0020761489868164,0.0250519048422575,1.862645149230957e-09,0.02505190297961235,0.02505190297961235,1.833695861819251e-08,1.284054551575764e-08,3.0532782968606398e-09,6.454922640841687e-08,4.354392046934663e-07,2.532683822664694e-07,1.5574027401044077e-08,1.0711449931477546e-06,4.1710219988999597e-07,2.4491296812811925e-07,2.748783423101031e-09,1.0065957667393377e-06,4.1710219988999597e-07,2.4491296812811925e-07,2.748783423101031e-09,1.0065957667393377e-06,30.079574584960938,28.812740325927734,0.21432600915431976,172.924072265625,30.079574584960938,28.812740325927734,0.21432600915431976,172.924072265625
darcy,78,78,loss2,epsilon_observed,0,5,0.0,0.2,0.02505190297961235,0.02505190297981235,0,0.0,nan,nan,nan,nan,nan,nan,nan,nan,nan,nan,nan,nan,nan,nan,nan,nan,nan,nan,nan,nan,nan,nan,nan,nan,nan,nan,nan,nan,nan,nan,nan,nan,nan,nan,nan,nan,nan,nan,nan,nan
darcy,78,78,loss2,epsilon_observed,1,5,0.2,0.4,0.02505190297981235,0.02505190298001235,0,0.0,nan,nan,nan,nan,nan,nan,nan,nan,nan,nan,nan,nan,nan,nan,nan,nan,nan,nan,nan,nan,nan,nan,nan,nan,nan,nan,nan,nan,nan,nan,nan,nan,nan,nan,nan,nan,nan,nan,nan,nan
darcy,78,78,loss2,epsilon_observed,2,5,0.4,0.6,0.02505190298001235,0.02505190298021235,0,0.0,nan,nan,nan,nan,nan,nan,nan,nan,nan,nan,nan,nan,nan,nan,nan,nan,nan,nan,nan,nan,nan,nan,nan,nan,nan,nan,nan,nan,nan,nan,nan,nan,nan,nan,nan,nan,nan,nan,nan,nan
darcy,78,78,loss2,epsilon_observed,3,5,0.6,0.8,0.02505190298021235,0.02505190298041235,0,0.0,nan,nan,nan,nan,nan,nan,nan,nan,nan,nan,nan,nan,nan,nan,nan,nan,nan,nan,nan,nan,nan,nan,nan,nan,nan,nan,nan,nan,nan,nan,nan,nan,nan,nan,nan,nan,nan,nan,nan,nan
darcy,78,78,loss2,epsilon_observed,4,5,0.8,1.0,0.02505190298041235,0.02505190298061235,64,1.0,0.0250519048422575,1.862645149230957e-09,0.02505190297961235,0.02505190297961235,0.0250519048422575,1.862645149230957e-09,0.02505190297961235,0.02505190297961235,1.0020761489868164,0.0,1.0020761489868164,1.0020761489868164,0.0250519048422575,1.862645149230957e-09,0.02505190297961235,0.02505190297961235,1.8998674633508017e-08,1.2818634154143638e-08,3.231512168966333e-09,6.403526242593216e-08,4.384753538033692e-07,2.501846267932706e-07,1.6308414174659447e-08,1.0625906270433916e-06,4.1947666318264965e-07,2.4166527623492584e-07,3.1958879986859756e-09,9.985553788283141e-07,4.1947666318264965e-07,2.4166527623492584e-07,3.1958879986859756e-09,9.985553788283141e-07,28.27240562438965,25.391504287719727,0.24372786283493042,185.4440155029297,28.27240562438965,25.391504287719727,0.24372786283493042,185.4440155029297
darcy,79,79,loss2,epsilon_observed,0,5,0.0,0.2,0.02505190297961235,0.02505190297981235,0,0.0,nan,nan,nan,nan,nan,nan,nan,nan,nan,nan,nan,nan,nan,nan,nan,nan,nan,nan,nan,nan,nan,nan,nan,nan,nan,nan,nan,nan,nan,nan,nan,nan,nan,nan,nan,nan,nan,nan,nan,nan
darcy,79,79,loss2,epsilon_observed,1,5,0.2,0.4,0.02505190297981235,0.02505190298001235,0,0.0,nan,nan,nan,nan,nan,nan,nan,nan,nan,nan,nan,nan,nan,nan,nan,nan,nan,nan,nan,nan,nan,nan,nan,nan,nan,nan,nan,nan,nan,nan,nan,nan,nan,nan,nan,nan,nan,nan,nan,nan
darcy,79,79,loss2,epsilon_observed,2,5,0.4,0.6,0.02505190298001235,0.02505190298021235,0,0.0,nan,nan,nan,nan,nan,nan,nan,nan,nan,nan,nan,nan,nan,nan,nan,nan,nan,nan,nan,nan,nan,nan,nan,nan,nan,nan,nan,nan,nan,nan,nan,nan,nan,nan,nan,nan,nan,nan,nan,nan
darcy,79,79,loss2,epsilon_observed,3,5,0.6,0.8,0.02505190298021235,0.02505190298041235,0,0.0,nan,nan,nan,nan,nan,nan,nan,nan,nan,nan,nan,nan,nan,nan,nan,nan,nan,nan,nan,nan,nan,nan,nan,nan,nan,nan,nan,nan,nan,nan,nan,nan,nan,nan,nan,nan,nan,nan,nan,nan
darcy,79,79,loss2,epsilon_observed,4,5,0.8,1.0,0.02505190298041235,0.02505190298061235,64,1.0,0.0250519048422575,1.862645149230957e-09,0.02505190297961235,0.02505190297961235,0.0250519048422575,1.862645149230957e-09,0.02505190297961235,0.02505190297961235,1.0020761489868164,0.0,1.0020761489868164,1.0020761489868164,0.0250519048422575,1.862645149230957e-09,0.02505190297961235,0.02505190297961235,2.070032323331361e-08,1.336096921988883e-08,3.540389315048742e-09,5.8101903732676874e-08,4.279685583696846e-07,2.3726815356894804e-07,2.1030883701200764e-08,1.028666588354099e-06,4.072682315836573e-07,2.2760481499517482e-07,5.0064468126720385e-09,9.705646561997128e-07,4.072682315836573e-07,2.2760481499517482e-07,5.0064468126720385e-09,9.705646561997128e-07,25.03449821472168,21.926923751831055,0.31242576241493225,162.0105743408203,25.03449821472168,21.926923751831055,0.31242576241493225,162.0105743408203
darcy,80,80,loss2,epsilon_observed,0,5,0.0,0.2,0.02505190297961235,0.02505190297981235,0,0.0,nan,nan,nan,nan,nan,nan,nan,nan,nan,nan,nan,nan,nan,nan,nan,nan,nan,nan,nan,nan,nan,nan,nan,nan,nan,nan,nan,nan,nan,nan,nan,nan,nan,nan,nan,nan,nan,nan,nan,nan
darcy,80,80,loss2,epsilon_observed,1,5,0.2,0.4,0.02505190297981235,0.02505190298001235,0,0.0,nan,nan,nan,nan,nan,nan,nan,nan,nan,nan,nan,nan,nan,nan,nan,nan,nan,nan,nan,nan,nan,nan,nan,nan,nan,nan,nan,nan,nan,nan,nan,nan,nan,nan,nan,nan,nan,nan,nan,nan
darcy,80,80,loss2,epsilon_observed,2,5,0.4,0.6,0.02505190298001235,0.02505190298021235,0,0.0,nan,nan,nan,nan,nan,nan,nan,nan,nan,nan,nan,nan,nan,nan,nan,nan,nan,nan,nan,nan,nan,nan,nan,nan,nan,nan,nan,nan,nan,nan,nan,nan,nan,nan,nan,nan,nan,nan,nan,nan
darcy,80,80,loss2,epsilon_observed,3,5,0.6,0.8,0.02505190298021235,0.02505190298041235,0,0.0,nan,nan,nan,nan,nan,nan,nan,nan,nan,nan,nan,nan,nan,nan,nan,nan,nan,nan,nan,nan,nan,nan,nan,nan,nan,nan,nan,nan,nan,nan,nan,nan,nan,nan,nan,nan,nan,nan,nan,nan
darcy,80,80,loss2,epsilon_observed,4,5,0.8,1.0,0.02505190298041235,0.02505190298061235,64,1.0,0.0250519048422575,1.862645149230957e-09,0.02505190297961235,0.02505190297961235,0.0250519048422575,1.862645149230957e-09,0.02505190297961235,0.02505190297961235,1.0020761489868164,0.0,1.0020761489868164,1.0020761489868164,0.0250519048422575,1.862645149230957e-09,0.02505190297961235,0.02505190297961235,1.9404309270498743e-08,1.2958937922746827e-08,3.072798682168809e-09,6.03698069312486e-08,4.2358669816167094e-07,2.392254998540011e-07,1.9335468337544626e-08,1.045306134983548e-06,4.0418237290396064e-07,2.2990418813151337e-07,4.3414090100668545e-09,9.849363777902909e-07,4.0418237290396064e-07,2.2990418813151337e-07,4.3414090100668545e-09,9.849363777902909e-07,26.333263397216797,21.6180477142334,0.28954192996025085,153.0990753173828,26.333263397216797,21.6180477142334,0.28954192996025085,153.0990753173828
darcy,81,81,loss2,epsilon_observed,0,5,0.0,0.2,0.02505190297961235,0.02505190297981235,0,0.0,nan,nan,nan,nan,nan,nan,nan,nan,nan,nan,nan,nan,nan,nan,nan,nan,nan,nan,nan,nan,nan,nan,nan,nan,nan,nan,nan,nan,nan,nan,nan,nan,nan,nan,nan,nan,nan,nan,nan,nan
darcy,81,81,loss2,epsilon_observed,1,5,0.2,0.4,0.02505190297981235,0.02505190298001235,0,0.0,nan,nan,nan,nan,nan,nan,nan,nan,nan,nan,nan,nan,nan,nan,nan,nan,nan,nan,nan,nan,nan,nan,nan,nan,nan,nan,nan,nan,nan,nan,nan,nan,nan,nan,nan,nan,nan,nan,nan,nan
darcy,81,81,loss2,epsilon_observed,2,5,0.4,0.6,0.02505190298001235,0.02505190298021235,0,0.0,nan,nan,nan,nan,nan,nan,nan,nan,nan,nan,nan,nan,nan,nan,nan,nan,nan,nan,nan,nan,nan,nan,nan,nan,nan,nan,nan,nan,nan,nan,nan,nan,nan,nan,nan,nan,nan,nan,nan,nan
darcy,81,81,loss2,epsilon_observed,3,5,0.6,0.8,0.02505190298021235,0.02505190298041235,0,0.0,nan,nan,nan,nan,nan,nan,nan,nan,nan,nan,nan,nan,nan,nan,nan,nan,nan,nan,nan,nan,nan,nan,nan,nan,nan,nan,nan,nan,nan,nan,nan,nan,nan,nan,nan,nan,nan,nan,nan,nan
darcy,81,81,loss2,epsilon_observed,4,5,0.8,1.0,0.02505190298041235,0.02505190298061235,64,1.0,0.0250519048422575,1.862645149230957e-09,0.02505190297961235,0.02505190297961235,0.0250519048422575,1.862645149230957e-09,0.02505190297961235,0.02505190297961235,1.0020761489868164,0.0,1.0020761489868164,1.0020761489868164,0.0250519048422575,1.862645149230957e-09,0.02505190297961235,0.02505190297961235,1.794834325608008e-08,1.294450324706986e-08,3.167263562531275e-09,6.79110385704007e-08,4.3134107841069635e-07,2.565271017829218e-07,1.5513698770064366e-08,1.0809984587467625e-06,4.1339268364026793e-07,2.4816208110678417e-07,2.9776137111525713e-09,1.0130873988600797e-06,4.1339268364026793e-07,2.4816208110678417e-07,2.9776137111525713e-09,1.0130873988600797e-06,30.257526397705078,28.24353790283203,0.2375234067440033,152.66612243652344,30.257526397705078,28.24353790283203,0.2375234067440033,152.66612243652344
darcy,82,82,loss2,epsilon_observed,0,5,0.0,0.2,0.02505190297961235,0.02505190297981235,0,0.0,nan,nan,nan,nan,nan,nan,nan,nan,nan,nan,nan,nan,nan,nan,nan,nan,nan,nan,nan,nan,nan,nan,nan,nan,nan,nan,nan,nan,nan,nan,nan,nan,nan,nan,nan,nan,nan,nan,nan,nan
darcy,82,82,loss2,epsilon_observed,1,5,0.2,0.4,0.02505190297981235,0.02505190298001235,0,0.0,nan,nan,nan,nan,nan,nan,nan,nan,nan,nan,nan,nan,nan,nan,nan,nan,nan,nan,nan,nan,nan,nan,nan,nan,nan,nan,nan,nan,nan,nan,nan,nan,nan,nan,nan,nan,nan,nan,nan,nan
darcy,82,82,loss2,epsilon_observed,2,5,0.4,0.6,0.02505190298001235,0.02505190298021235,0,0.0,nan,nan,nan,nan,nan,nan,nan,nan,nan,nan,nan,nan,nan,nan,nan,nan,nan,nan,nan,nan,nan,nan,nan,nan,nan,nan,nan,nan,nan,nan,nan,nan,nan,nan,nan,nan,nan,nan,nan,nan
darcy,82,82,loss2,epsilon_observed,3,5,0.6,0.8,0.02505190298021235,0.02505190298041235,0,0.0,nan,nan,nan,nan,nan,nan,nan,nan,nan,nan,nan,nan,nan,nan,nan,nan,nan,nan,nan,nan,nan,nan,nan,nan,nan,nan,nan,nan,nan,nan,nan,nan,nan,nan,nan,nan,nan,nan,nan,nan
darcy,82,82,loss2,epsilon_observed,4,5,0.8,1.0,0.02505190298041235,0.02505190298061235,64,1.0,0.0250519048422575,1.862645149230957e-09,0.02505190297961235,0.02505190297961235,0.0250519048422575,1.862645149230957e-09,0.02505190297961235,0.02505190297961235,1.0020761489868164,0.0,1.0020761489868164,1.0020761489868164,0.0250519048422575,1.862645149230957e-09,0.02505190297961235,0.02505190297961235,2.0376042186853738e-08,1.3127766429477106e-08,3.5386753527433257e-09,6.034360211515377e-08,4.3588167386587884e-07,2.4294615741382586e-07,1.974412633387601e-08,1.0429272379042231e-06,4.155056672061619e-07,2.3373034707674378e-07,4.759582949986907e-09,9.82583628683642e-07,4.155056672061619e-07,2.3373034707674378e-07,4.759582949986907e-09,9.82583628683642e-07,25.924245834350586,24.952383041381836,0.3176328241825104,192.57728576660156,25.924245834350586,24.952383041381836,0.3176328241825104,192.57728576660156
darcy,83,83,loss2,epsilon_observed,0,5,0.0,0.2,0.02505190297961235,0.02505190297981235,0,0.0,nan,nan,nan,nan,nan,nan,nan,nan,nan,nan,nan,nan,nan,nan,nan,nan,nan,nan,nan,nan,nan,nan,nan,nan,nan,nan,nan,nan,nan,nan,nan,nan,nan,nan,nan,nan,nan,nan,nan,nan
darcy,83,83,loss2,epsilon_observed,1,5,0.2,0.4,0.02505190297981235,0.02505190298001235,0,0.0,nan,nan,nan,nan,nan,nan,nan,nan,nan,nan,nan,nan,nan,nan,nan,nan,nan,nan,nan,nan,nan,nan,nan,nan,nan,nan,nan,nan,nan,nan,nan,nan,nan,nan,nan,nan,nan,nan,nan,nan
darcy,83,83,loss2,epsilon_observed,2,5,0.4,0.6,0.02505190298001235,0.02505190298021235,0,0.0,nan,nan,nan,nan,nan,nan,nan,nan,nan,nan,nan,nan,nan,nan,nan,nan,nan,nan,nan,nan,nan,nan,nan,nan,nan,nan,nan,nan,nan,nan,nan,nan,nan,nan,nan,nan,nan,nan,nan,nan
darcy,83,83,loss2,epsilon_observed,3,5,0.6,0.8,0.02505190298021235,0.02505190298041235,0,0.0,nan,nan,nan,nan,nan,nan,nan,nan,nan,nan,nan,nan,nan,nan,nan,nan,nan,nan,nan,nan,nan,nan,nan,nan,nan,nan,nan,nan,nan,nan,nan,nan,nan,nan,nan,nan,nan,nan,nan,nan
darcy,83,83,loss2,epsilon_observed,4,5,0.8,1.0,0.02505190298041235,0.02505190298061235,64,1.0,0.0250519048422575,1.862645149230957e-09,0.02505190297961235,0.02505190297961235,0.0250519048422575,1.862645149230957e-09,0.02505190297961235,0.02505190297961235,1.0020761489868164,0.0,1.0020761489868164,1.0020761489868164,0.0250519048422575,1.862645149230957e-09,0.02505190297961235,0.02505190297961235,2.1127933180764558e-08,1.3504812379494524e-08,3.3737677096468133e-09,5.589098961422678e-08,4.3382118519730284e-07,2.3043483565743372e-07,2.1376370895609398e-08,1.0267066272717784e-06,4.126932537928951e-07,2.2043315084374626e-07,4.9311275063246285e-09,9.710917083793902e-07,4.126932537928951e-07,2.2043315084374626e-07,4.9311275063246285e-09,9.710917083793902e-07,24.932710647583008,18.027074813842773,0.29985129833221436,105.08098602294922,24.932710647583008,18.027074813842773,0.29985129833221436,105.08098602294922
darcy,84,84,loss2,epsilon_observed,0,5,0.0,0.2,0.02505190297961235,0.02505190297981235,0,0.0,nan,nan,nan,nan,nan,nan,nan,nan,nan,nan,nan,nan,nan,nan,nan,nan,nan,nan,nan,nan,nan,nan,nan,nan,nan,nan,nan,nan,nan,nan,nan,nan,nan,nan,nan,nan,nan,nan,nan,nan
darcy,84,84,loss2,epsilon_observed,1,5,0.2,0.4,0.02505190297981235,0.02505190298001235,0,0.0,nan,nan,nan,nan,nan,nan,nan,nan,nan,nan,nan,nan,nan,nan,nan,nan,nan,nan,nan,nan,nan,nan,nan,nan,nan,nan,nan,nan,nan,nan,nan,nan,nan,nan,nan,nan,nan,nan,nan,nan
darcy,84,84,loss2,epsilon_observed,2,5,0.4,0.6,0.02505190298001235,0.02505190298021235,0,0.0,nan,nan,nan,nan,nan,nan,nan,nan,nan,nan,nan,nan,nan,nan,nan,nan,nan,nan,nan,nan,nan,nan,nan,nan,nan,nan,nan,nan,nan,nan,nan,nan,nan,nan,nan,nan,nan,nan,nan,nan
darcy,84,84,loss2,epsilon_observed,3,5,0.6,0.8,0.02505190298021235,0.02505190298041235,0,0.0,nan,nan,nan,nan,nan,nan,nan,nan,nan,nan,nan,nan,nan,nan,nan,nan,nan,nan,nan,nan,nan,nan,nan,nan,nan,nan,nan,nan,nan,nan,nan,nan,nan,nan,nan,nan,nan,nan,nan,nan
darcy,84,84,loss2,epsilon_observed,4,5,0.8,1.0,0.02505190298041235,0.02505190298061235,64,1.0,0.0250519048422575,1.862645149230957e-09,0.02505190297961235,0.02505190297961235,0.0250519048422575,1.862645149230957e-09,0.02505190297961235,0.02505190297961235,1.0020761489868164,0.0,1.0020761489868164,1.0020761489868164,0.0250519048422575,1.862645149230957e-09,0.02505190297961235,0.02505190297961235,1.7998432966237488e-08,1.3087818828694253e-08,3.2943008321240086e-09,6.862084944714297e-08,4.2853415038734965e-07,2.564821386386029e-07,1.5471023573354614e-08,1.0863219586099149e-06,4.105357334083237e-07,2.480442162777763e-07,2.714002356185574e-09,1.017701151795336e-06,4.105357334083237e-07,2.480442162777763e-07,2.714002356185574e-09,1.017701151795336e-06,30.298561096191406,28.676715850830078,0.2105896919965744,163.99461364746094,30.298561096191406,28.676715850830078,0.2105896919965744,163.99461364746094
darcy,85,85,loss2,epsilon_observed,0,5,0.0,0.2,0.02505190297961235,0.02505190297981235,0,0.0,nan,nan,nan,nan,nan,nan,nan,nan,nan,nan,nan,nan,nan,nan,nan,nan,nan,nan,nan,nan,nan,nan,nan,nan,nan,nan,nan,nan,nan,nan,nan,nan,nan,nan,nan,nan,nan,nan,nan,nan
darcy,85,85,loss2,epsilon_observed,1,5,0.2,0.4,0.02505190297981235,0.02505190298001235,0,0.0,nan,nan,nan,nan,nan,nan,nan,nan,nan,nan,nan,nan,nan,nan,nan,nan,nan,nan,nan,nan,nan,nan,nan,nan,nan,nan,nan,nan,nan,nan,nan,nan,nan,nan,nan,nan,nan,nan,nan,nan
darcy,85,85,loss2,epsilon_observed,2,5,0.4,0.6,0.02505190298001235,0.02505190298021235,0,0.0,nan,nan,nan,nan,nan,nan,nan,nan,nan,nan,nan,nan,nan,nan,nan,nan,nan,nan,nan,nan,nan,nan,nan,nan,nan,nan,nan,nan,nan,nan,nan,nan,nan,nan,nan,nan,nan,nan,nan,nan
darcy,85,85,loss2,epsilon_observed,3,5,0.6,0.8,0.02505190298021235,0.02505190298041235,0,0.0,nan,nan,nan,nan,nan,nan,nan,nan,nan,nan,nan,nan,nan,nan,nan,nan,nan,nan,nan,nan,nan,nan,nan,nan,nan,nan,nan,nan,nan,nan,nan,nan,nan,nan,nan,nan,nan,nan,nan,nan
darcy,85,85,loss2,epsilon_observed,4,5,0.8,1.0,0.02505190298041235,0.02505190298061235,64,1.0,0.0250519048422575,1.862645149230957e-09,0.02505190297961235,0.02505190297961235,0.0250519048422575,1.862645149230957e-09,0.02505190297961235,0.02505190297961235,1.0020761489868164,0.0,1.0020761489868164,1.0020761489868164,0.0250519048422575,1.862645149230957e-09,0.02505190297961235,0.02505190297961235,2.0846632864390813e-08,1.3614427807340235e-08,3.4608471644048677e-09,6.097116056480445e-08,4.207059021155146e-07,2.4260560849143076e-07,2.2113404440915474e-08,1.032721456795116e-06,3.9985928879104904e-07,2.324545391729771e-07,5.2030593167273764e-09,9.717502962303115e-07,3.9985928879104904e-07,2.324545391729771e-07,5.2030593167273764e-09,9.717502962303115e-07,23.111019134521484,16.17365074157715,0.307684987783432,96.72978210449219,23.111019134521484,16.17365074157715,0.307684987783432,96.72978210449219
darcy,86,86,loss2,epsilon_observed,0,5,0.0,0.2,0.02505190297961235,0.02505190297981235,0,0.0,nan,nan,nan,nan,nan,nan,nan,nan,nan,nan,nan,nan,nan,nan,nan,nan,nan,nan,nan,nan,nan,nan,nan,nan,nan,nan,nan,nan,nan,nan,nan,nan,nan,nan,nan,nan,nan,nan,nan,nan
darcy,86,86,loss2,epsilon_observed,1,5,0.2,0.4,0.02505190297981235,0.02505190298001235,0,0.0,nan,nan,nan,nan,nan,nan,nan,nan,nan,nan,nan,nan,nan,nan,nan,nan,nan,nan,nan,nan,nan,nan,nan,nan,nan,nan,nan,nan,nan,nan,nan,nan,nan,nan,nan,nan,nan,nan,nan,nan
darcy,86,86,loss2,epsilon_observed,2,5,0.4,0.6,0.02505190298001235,0.02505190298021235,0,0.0,nan,nan,nan,nan,nan,nan,nan,nan,nan,nan,nan,nan,nan,nan,nan,nan,nan,nan,nan,nan,nan,nan,nan,nan,nan,nan,nan,nan,nan,nan,nan,nan,nan,nan,nan,nan,nan,nan,nan,nan
darcy,86,86,loss2,epsilon_observed,3,5,0.6,0.8,0.02505190298021235,0.02505190298041235,0,0.0,nan,nan,nan,nan,nan,nan,nan,nan,nan,nan,nan,nan,nan,nan,nan,nan,nan,nan,nan,nan,nan,nan,nan,nan,nan,nan,nan,nan,nan,nan,nan,nan,nan,nan,nan,nan,nan,nan,nan,nan
darcy,86,86,loss2,epsilon_observed,4,5,0.8,1.0,0.02505190298041235,0.02505190298061235,64,1.0,0.0250519048422575,1.862645149230957e-09,0.02505190297961235,0.02505190297961235,0.0250519048422575,1.862645149230957e-09,0.02505190297961235,0.02505190297961235,1.0020761489868164,0.0,1.0020761489868164,1.0020761489868164,0.0250519048422575,1.862645149230957e-09,0.02505190297961235,0.02505190297961235,1.936942695124344e-08,1.29413040284021e-08,3.1651830045831275e-09,6.051771350712443e-08,4.3199588617426343e-07,2.457952064105484e-07,1.8414938907085343e-08,1.0471045470694662e-06,4.126264911974431e-07,2.3674270721585344e-07,4.4160897161305e-09,9.865868833003333e-07,4.126264911974431e-07,2.3674270721585344e-07,4.4160897161305e-09,9.865868833003333e-07,27.13829231262207,24.808940887451172,0.3154609203338623,187.4920196533203,27.13829231262207,24.808940887451172,0.3154609203338623,187.4920196533203
darcy,87,87,loss2,epsilon_observed,0,5,0.0,0.2,0.02505190297961235,0.02505190297981235,0,0.0,nan,nan,nan,nan,nan,nan,nan,nan,nan,nan,nan,nan,nan,nan,nan,nan,nan,nan,nan,nan,nan,nan,nan,nan,nan,nan,nan,nan,nan,nan,nan,nan,nan,nan,nan,nan,nan,nan,nan,nan
darcy,87,87,loss2,epsilon_observed,1,5,0.2,0.4,0.02505190297981235,0.02505190298001235,0,0.0,nan,nan,nan,nan,nan,nan,nan,nan,nan,nan,nan,nan,nan,nan,nan,nan,nan,nan,nan,nan,nan,nan,nan,nan,nan,nan,nan,nan,nan,nan,nan,nan,nan,nan,nan,nan,nan,nan,nan,nan
darcy,87,87,loss2,epsilon_observed,2,5,0.4,0.6,0.02505190298001235,0.02505190298021235,0,0.0,nan,nan,nan,nan,nan,nan,nan,nan,nan,nan,nan,nan,nan,nan,nan,nan,nan,nan,nan,nan,nan,nan,nan,nan,nan,nan,nan,nan,nan,nan,nan,nan,nan,nan,nan,nan,nan,nan,nan,nan
darcy,87,87,loss2,epsilon_observed,3,5,0.6,0.8,0.02505190298021235,0.02505190298041235,0,0.0,nan,nan,nan,nan,nan,nan,nan,nan,nan,nan,nan,nan,nan,nan,nan,nan,nan,nan,nan,nan,nan,nan,nan,nan,nan,nan,nan,nan,nan,nan,nan,nan,nan,nan,nan,nan,nan,nan,nan,nan
darcy,87,87,loss2,epsilon_observed,4,5,0.8,1.0,0.02505190298041235,0.02505190298061235,64,1.0,0.0250519048422575,1.862645149230957e-09,0.02505190297961235,0.02505190297961235,0.0250519048422575,1.862645149230957e-09,0.02505190297961235,0.02505190297961235,1.0020761489868164,0.0,1.0020761489868164,1.0020761489868164,0.0250519048422575,1.862645149230957e-09,0.02505190297961235,0.02505190297961235,1.819355333054773e-08,1.2774777680135685e-08,3.0803386508182484e-09,6.365879556824439e-08,4.361862977475539e-07,2.4967567924250034e-07,1.5092112448655826e-08,1.0764381386252353e-06,4.179927941549977e-07,2.411967159332562e-07,2.987853520153294e-09,1.0127793075298541e-06,4.179927941549977e-07,2.411967159332562e-07,2.987853520153294e-09,1.0127793075298541e-06,30.154714584350586,28.250041961669922,0.246843159198761,165.6899871826172,30.154714584350586,28.250041961669922,0.246843159198761,165.6899871826172
darcy,88,88,loss2,epsilon_observed,0,5,0.0,0.2,0.02505190297961235,0.02505190297981235,0,0.0,nan,nan,nan,nan,nan,nan,nan,nan,nan,nan,nan,nan,nan,nan,nan,nan,nan,nan,nan,nan,nan,nan,nan,nan,nan,nan,nan,nan,nan,nan,nan,nan,nan,nan,nan,nan,nan,nan,nan,nan
darcy,88,88,loss2,epsilon_observed,1,5,0.2,0.4,0.02505190297981235,0.02505190298001235,0,0.0,nan,nan,nan,nan,nan,nan,nan,nan,nan,nan,nan,nan,nan,nan,nan,nan,nan,nan,nan,nan,nan,nan,nan,nan,nan,nan,nan,nan,nan,nan,nan,nan,nan,nan,nan,nan,nan,nan,nan,nan
darcy,88,88,loss2,epsilon_observed,2,5,0.4,0.6,0.02505190298001235,0.02505190298021235,0,0.0,nan,nan,nan,nan,nan,nan,nan,nan,nan,nan,nan,nan,nan,nan,nan,nan,nan,nan,nan,nan,nan,nan,nan,nan,nan,nan,nan,nan,nan,nan,nan,nan,nan,nan,nan,nan,nan,nan,nan,nan
darcy,88,88,loss2,epsilon_observed,3,5,0.6,0.8,0.02505190298021235,0.02505190298041235,0,0.0,nan,nan,nan,nan,nan,nan,nan,nan,nan,nan,nan,nan,nan,nan,nan,nan,nan,nan,nan,nan,nan,nan,nan,nan,nan,nan,nan,nan,nan,nan,nan,nan,nan,nan,nan,nan,nan,nan,nan,nan
darcy,88,88,loss2,epsilon_observed,4,5,0.8,1.0,0.02505190298041235,0.02505190298061235,64,1.0,0.0250519048422575,1.862645149230957e-09,0.02505190297961235,0.02505190297961235,0.0250519048422575,1.862645149230957e-09,0.02505190297961235,0.02505190297961235,1.0020761489868164,0.0,1.0020761489868164,1.0020761489868164,0.0250519048422575,1.862645149230957e-09,0.02505190297961235,0.02505190297961235,2.018597911046527e-08,1.3245792906957377e-08,3.203765919224111e-09,5.8962783100469096e-08,4.279860945644032e-07,2.431112591239071e-07,1.9704987863633505e-08,1.0410137747385306e-06,4.078001154539379e-07,2.3355615041964484e-07,4.643361251055467e-09,9.820510058489162e-07,4.078001154539379e-07,2.3355615041964484e-07,4.643361251055467e-09,9.820510058489162e-07,25.64361000061035,24.28162956237793,0.3082908093929291,182.19735717773438,25.64361000061035,24.28162956237793,0.3082908093929291,182.19735717773438
darcy,89,89,loss2,epsilon_observed,0,5,0.0,0.2,0.02505190297961235,0.02505190297981235,0,0.0,nan,nan,nan,nan,nan,nan,nan,nan,nan,nan,nan,nan,nan,nan,nan,nan,nan,nan,nan,nan,nan,nan,nan,nan,nan,nan,nan,nan,nan,nan,nan,nan,nan,nan,nan,nan,nan,nan,nan,nan
darcy,89,89,loss2,epsilon_observed,1,5,0.2,0.4,0.02505190297981235,0.02505190298001235,0,0.0,nan,nan,nan,nan,nan,nan,nan,nan,nan,nan,nan,nan,nan,nan,nan,nan,nan,nan,nan,nan,nan,nan,nan,nan,nan,nan,nan,nan,nan,nan,nan,nan,nan,nan,nan,nan,nan,nan,nan,nan
darcy,89,89,loss2,epsilon_observed,2,5,0.4,0.6,0.02505190298001235,0.02505190298021235,0,0.0,nan,nan,nan,nan,nan,nan,nan,nan,nan,nan,nan,nan,nan,nan,nan,nan,nan,nan,nan,nan,nan,nan,nan,nan,nan,nan,nan,nan,nan,nan,nan,nan,nan,nan,nan,nan,nan,nan,nan,nan
darcy,89,89,loss2,epsilon_observed,3,5,0.6,0.8,0.02505190298021235,0.02505190298041235,0,0.0,nan,nan,nan,nan,nan,nan,nan,nan,nan,nan,nan,nan,nan,nan,nan,nan,nan,nan,nan,nan,nan,nan,nan,nan,nan,nan,nan,nan,nan,nan,nan,nan,nan,nan,nan,nan,nan,nan,nan,nan
darcy,89,89,loss2,epsilon_observed,4,5,0.8,1.0,0.02505190298041235,0.02505190298061235,64,1.0,0.0250519048422575,1.862645149230957e-09,0.02505190297961235,0.02505190297961235,0.0250519048422575,1.862645149230957e-09,0.02505190297961235,0.02505190297961235,1.0020761489868164,0.0,1.0020761489868164,1.0020761489868164,0.0250519048422575,1.862645149230957e-09,0.02505190297961235,0.02505190297961235,1.8793731015875892e-08,1.2951399952498832e-08,3.0166478204307623e-09,6.520638606843931e-08,4.378146059025312e-07,2.516690926768206e-07,1.675747540730299e-08,1.0717503755586222e-06,4.190208926502237e-07,2.4326996594936645e-07,3.0804780948301413e-09,1.0065440392281744e-06,4.190208926502237e-07,2.4326996594936645e-07,3.0804780948301413e-09,1.0065440392281744e-06,29.67441177368164,27.955949783325195,0.22523058950901031,181.23460388183594,29.67441177368164,27.955949783325195,0.22523058950901031,181.23460388183594
darcy,90,90,loss2,epsilon_observed,0,5,0.0,0.2,0.02505190297961235,0.02505190297981235,0,0.0,nan,nan,nan,nan,nan,nan,nan,nan,nan,nan,nan,nan,nan,nan,nan,nan,nan,nan,nan,nan,nan,nan,nan,nan,nan,nan,nan,nan,nan,nan,nan,nan,nan,nan,nan,nan,nan,nan,nan,nan
darcy,90,90,loss2,epsilon_observed,1,5,0.2,0.4,0.02505190297981235,0.02505190298001235,0,0.0,nan,nan,nan,nan,nan,nan,nan,nan,nan,nan,nan,nan,nan,nan,nan,nan,nan,nan,nan,nan,nan,nan,nan,nan,nan,nan,nan,nan,nan,nan,nan,nan,nan,nan,nan,nan,nan,nan,nan,nan
darcy,90,90,loss2,epsilon_observed,2,5,0.4,0.6,0.02505190298001235,0.02505190298021235,0,0.0,nan,nan,nan,nan,nan,nan,nan,nan,nan,nan,nan,nan,nan,nan,nan,nan,nan,nan,nan,nan,nan,nan,nan,nan,nan,nan,nan,nan,nan,nan,nan,nan,nan,nan,nan,nan,nan,nan,nan,nan
darcy,90,90,loss2,epsilon_observed,3,5,0.6,0.8,0.02505190298021235,0.02505190298041235,0,0.0,nan,nan,nan,nan,nan,nan,nan,nan,nan,nan,nan,nan,nan,nan,nan,nan,nan,nan,nan,nan,nan,nan,nan,nan,nan,nan,nan,nan,nan,nan,nan,nan,nan,nan,nan,nan,nan,nan,nan,nan
darcy,90,90,loss2,epsilon_observed,4,5,0.8,1.0,0.02505190298041235,0.02505190298061235,64,1.0,0.0250519048422575,1.862645149230957e-09,0.02505190297961235,0.02505190297961235,0.0250519048422575,1.862645149230957e-09,0.02505190297961235,0.02505190297961235,1.0020761489868164,0.0,1.0020761489868164,1.0020761489868164,0.0250519048422575,1.862645149230957e-09,0.02505190297961235,0.02505190297961235,1.9072370349704215e-08,1.3009674226793777e-08,3.031312534318431e-09,6.285102926995023e-08,4.3358096490919706e-07,2.4706957901798887e-07,1.7909432159513017e-08,1.0639598713169107e-06,4.1450857679592445e-07,2.3848002683735103e-07,3.345355992223631e-09,1.0011087852035416e-06,4.1450857679592445e-07,2.3848002683735103e-07,3.345355992223631e-09,1.0011087852035416e-06,29.22572898864746,28.659086227416992,0.22969914972782135,187.07179260253906,29.22572898864746,28.659086227416992,0.22969914972782135,187.07179260253906
darcy,91,91,loss2,epsilon_observed,0,5,0.0,0.2,0.02505190297961235,0.02505190297981235,0,0.0,nan,nan,nan,nan,nan,nan,nan,nan,nan,nan,nan,nan,nan,nan,nan,nan,nan,nan,nan,nan,nan,nan,nan,nan,nan,nan,nan,nan,nan,nan,nan,nan,nan,nan,nan,nan,nan,nan,nan,nan
darcy,91,91,loss2,epsilon_observed,1,5,0.2,0.4,0.02505190297981235,0.02505190298001235,0,0.0,nan,nan,nan,nan,nan,nan,nan,nan,nan,nan,nan,nan,nan,nan,nan,nan,nan,nan,nan,nan,nan,nan,nan,nan,nan,nan,nan,nan,nan,nan,nan,nan,nan,nan,nan,nan,nan,nan,nan,nan
darcy,91,91,loss2,epsilon_observed,2,5,0.4,0.6,0.02505190298001235,0.02505190298021235,0,0.0,nan,nan,nan,nan,nan,nan,nan,nan,nan,nan,nan,nan,nan,nan,nan,nan,nan,nan,nan,nan,nan,nan,nan,nan,nan,nan,nan,nan,nan,nan,nan,nan,nan,nan,nan,nan,nan,nan,nan,nan
darcy,91,91,loss2,epsilon_observed,3,5,0.6,0.8,0.02505190298021235,0.02505190298041235,0,0.0,nan,nan,nan,nan,nan,nan,nan,nan,nan,nan,nan,nan,nan,nan,nan,nan,nan,nan,nan,nan,nan,nan,nan,nan,nan,nan,nan,nan,nan,nan,nan,nan,nan,nan,nan,nan,nan,nan,nan,nan
darcy,91,91,loss2,epsilon_observed,4,5,0.8,1.0,0.02505190298041235,0.02505190298061235,64,1.0,0.0250519048422575,1.862645149230957e-09,0.02505190297961235,0.02505190297961235,0.0250519048422575,1.862645149230957e-09,0.02505190297961235,0.02505190297961235,1.0020761489868164,0.0,1.0020761489868164,1.0020761489868164,0.0250519048422575,1.862645149230957e-09,0.02505190297961235,0.02505190297961235,1.9547648832940467e-08,1.3005038823621362e-08,3.018766570050957e-09,5.9583907585647466e-08,4.273592253412062e-07,2.4526369202249043e-07,1.8552920977299436e-08,1.0507432079975842e-06,4.0781156940283836e-07,2.3600748022545304e-07,4.196492930930162e-09,9.91159254226659e-07,4.0781156940283836e-07,2.3600748022545304e-07,4.196492930930162e-09,9.91159254226659e-07,26.583663940429688,25.96092414855957,0.292307585477829,200.23553466796875,26.583663940429688,25.96092414855957,0.292307585477829,200.23553466796875
darcy,92,92,loss2,epsilon_observed,0,5,0.0,0.2,0.02505190297961235,0.02505190297981235,0,0.0,nan,nan,nan,nan,nan,nan,nan,nan,nan,nan,nan,nan,nan,nan,nan,nan,nan,nan,nan,nan,nan,nan,nan,nan,nan,nan,nan,nan,nan,nan,nan,nan,nan,nan,nan,nan,nan,nan,nan,nan
darcy,92,92,loss2,epsilon_observed,1,5,0.2,0.4,0.02505190297981235,0.02505190298001235,0,0.0,nan,nan,nan,nan,nan,nan,nan,nan,nan,nan,nan,nan,nan,nan,nan,nan,nan,nan,nan,nan,nan,nan,nan,nan,nan,nan,nan,nan,nan,nan,nan,nan,nan,nan,nan,nan,nan,nan,nan,nan
darcy,92,92,loss2,epsilon_observed,2,5,0.4,0.6,0.02505190298001235,0.02505190298021235,0,0.0,nan,nan,nan,nan,nan,nan,nan,nan,nan,nan,nan,nan,nan,nan,nan,nan,nan,nan,nan,nan,nan,nan,nan,nan,nan,nan,nan,nan,nan,nan,nan,nan,nan,nan,nan,nan,nan,nan,nan,nan
darcy,92,92,loss2,epsilon_observed,3,5,0.6,0.8,0.02505190298021235,0.02505190298041235,0,0.0,nan,nan,nan,nan,nan,nan,nan,nan,nan,nan,nan,nan,nan,nan,nan,nan,nan,nan,nan,nan,nan,nan,nan,nan,nan,nan,nan,nan,nan,nan,nan,nan,nan,nan,nan,nan,nan,nan,nan,nan
darcy,92,92,loss2,epsilon_observed,4,5,0.8,1.0,0.02505190298041235,0.02505190298061235,64,1.0,0.0250519048422575,1.862645149230957e-09,0.02505190297961235,0.02505190297961235,0.0250519048422575,1.862645149230957e-09,0.02505190297961235,0.02505190297961235,1.0020761489868164,0.0,1.0020761489868164,1.0020761489868164,0.0250519048422575,1.862645149230957e-09,0.02505190297961235,0.02505190297961235,1.8013627922641717e-08,1.263703808263017e-08,3.1177944670446323e-09,6.522213880089112e-08,4.3777129121735925e-07,2.5076653287214867e-07,1.5268913244881333e-08,1.0764172202470945e-06,4.197577254672069e-07,2.424194178729522e-07,3.6958365257078185e-09,1.0111950814462034e-06,4.197577254672069e-07,2.424194178729522e-07,3.6958365257078185e-09,1.0111950814462034e-06,30.397029876708984,27.396772384643555,0.3193477988243103,164.8812255859375,30.397029876708984,27.396772384643555,0.3193477988243103,164.8812255859375
darcy,93,93,loss2,epsilon_observed,0,5,0.0,0.2,0.02505190297961235,0.02505190297981235,0,0.0,nan,nan,nan,nan,nan,nan,nan,nan,nan,nan,nan,nan,nan,nan,nan,nan,nan,nan,nan,nan,nan,nan,nan,nan,nan,nan,nan,nan,nan,nan,nan,nan,nan,nan,nan,nan,nan,nan,nan,nan
darcy,93,93,loss2,epsilon_observed,1,5,0.2,0.4,0.02505190297981235,0.02505190298001235,0,0.0,nan,nan,nan,nan,nan,nan,nan,nan,nan,nan,nan,nan,nan,nan,nan,nan,nan,nan,nan,nan,nan,nan,nan,nan,nan,nan,nan,nan,nan,nan,nan,nan,nan,nan,nan,nan,nan,nan,nan,nan
darcy,93,93,loss2,epsilon_observed,2,5,0.4,0.6,0.02505190298001235,0.02505190298021235,0,0.0,nan,nan,nan,nan,nan,nan,nan,nan,nan,nan,nan,nan,nan,nan,nan,nan,nan,nan,nan,nan,nan,nan,nan,nan,nan,nan,nan,nan,nan,nan,nan,nan,nan,nan,nan,nan,nan,nan,nan,nan
darcy,93,93,loss2,epsilon_observed,3,5,0.6,0.8,0.02505190298021235,0.02505190298041235,0,0.0,nan,nan,nan,nan,nan,nan,nan,nan,nan,nan,nan,nan,nan,nan,nan,nan,nan,nan,nan,nan,nan,nan,nan,nan,nan,nan,nan,nan,nan,nan,nan,nan,nan,nan,nan,nan,nan,nan,nan,nan
darcy,93,93,loss2,epsilon_observed,4,5,0.8,1.0,0.02505190298041235,0.02505190298061235,64,1.0,0.0250519048422575,1.862645149230957e-09,0.02505190297961235,0.02505190297961235,0.0250519048422575,1.862645149230957e-09,0.02505190297961235,0.02505190297961235,1.0020761489868164,0.0,1.0020761489868164,1.0020761489868164,0.0250519048422575,1.862645149230957e-09,0.02505190297961235,0.02505190297961235,2.3424895800872036e-08,1.468120647274418e-08,3.507015788883905e-09,6.431927346284283e-08,4.329987177698058e-07,2.319358145541628e-07,2.593266934525218e-08,1.021124262479134e-06,4.0957382907436113e-07,2.21025203472891e-07,7.170083193841492e-09,9.8250689006818e-07,4.0957382907436113e-07,2.21025203472891e-07,7.170083193841492e-09,9.8250689006818e-07,21.987266540527344,14.106767654418945,0.3821479082107544,64.88528442382812,21.987266540527344,14.106767654418945,0.3821479082107544,64.88528442382812
darcy,94,94,loss2,epsilon_observed,0,5,0.0,0.2,0.02505190297961235,0.02505190297981235,0,0.0,nan,nan,nan,nan,nan,nan,nan,nan,nan,nan,nan,nan,nan,nan,nan,nan,nan,nan,nan,nan,nan,nan,nan,nan,nan,nan,nan,nan,nan,nan,nan,nan,nan,nan,nan,nan,nan,nan,nan,nan
darcy,94,94,loss2,epsilon_observed,1,5,0.2,0.4,0.02505190297981235,0.02505190298001235,0,0.0,nan,nan,nan,nan,nan,nan,nan,nan,nan,nan,nan,nan,nan,nan,nan,nan,nan,nan,nan,nan,nan,nan,nan,nan,nan,nan,nan,nan,nan,nan,nan,nan,nan,nan,nan,nan,nan,nan,nan,nan
darcy,94,94,loss2,epsilon_observed,2,5,0.4,0.6,0.02505190298001235,0.02505190298021235,0,0.0,nan,nan,nan,nan,nan,nan,nan,nan,nan,nan,nan,nan,nan,nan,nan,nan,nan,nan,nan,nan,nan,nan,nan,nan,nan,nan,nan,nan,nan,nan,nan,nan,nan,nan,nan,nan,nan,nan,nan,nan
darcy,94,94,loss2,epsilon_observed,3,5,0.6,0.8,0.02505190298021235,0.02505190298041235,0,0.0,nan,nan,nan,nan,nan,nan,nan,nan,nan,nan,nan,nan,nan,nan,nan,nan,nan,nan,nan,nan,nan,nan,nan,nan,nan,nan,nan,nan,nan,nan,nan,nan,nan,nan,nan,nan,nan,nan,nan,nan
darcy,94,94,loss2,epsilon_observed,4,5,0.8,1.0,0.02505190298041235,0.02505190298061235,64,1.0,0.0250519048422575,1.862645149230957e-09,0.02505190297961235,0.02505190297961235,0.0250519048422575,1.862645149230957e-09,0.02505190297961235,0.02505190297961235,1.0020761489868164,0.0,1.0020761489868164,1.0020761489868164,0.0250519048422575,1.862645149230957e-09,0.02505190297961235,0.02505190297961235,1.7755091619164887e-08,1.3094651585277006e-08,3.5408758147781327e-09,7.010569191834293e-08,4.3324132548150374e-07,2.5798132696763787e-07,1.5186065738248544e-08,1.0971012898153276e-06,4.154862267569115e-07,2.496424542641762e-07,2.9879858587378294e-09,1.0269956192132668e-06,4.154862267569115e-07,2.496424542641762e-07,2.9879858587378294e-09,1.0269956192132668e-06,31.139240264892578,29.001455307006836,0.2449554204940796,151.37460327148438,31.139240264892578,29.001455307006836,0.2449554204940796,151.37460327148438
darcy,95,95,loss2,epsilon_observed,0,5,0.0,0.2,0.02505190297961235,0.02505190297981235,0,0.0,nan,nan,nan,nan,nan,nan,nan,nan,nan,nan,nan,nan,nan,nan,nan,nan,nan,nan,nan,nan,nan,nan,nan,nan,nan,nan,nan,nan,nan,nan,nan,nan,nan,nan,nan,nan,nan,nan,nan,nan
darcy,95,95,loss2,epsilon_observed,1,5,0.2,0.4,0.02505190297981235,0.02505190298001235,0,0.0,nan,nan,nan,nan,nan,nan,nan,nan,nan,nan,nan,nan,nan,nan,nan,nan,nan,nan,nan,nan,nan,nan,nan,nan,nan,nan,nan,nan,nan,nan,nan,nan,nan,nan,nan,nan,nan,nan,nan,nan
darcy,95,95,loss2,epsilon_observed,2,5,0.4,0.6,0.02505190298001235,0.02505190298021235,0,0.0,nan,nan,nan,nan,nan,nan,nan,nan,nan,nan,nan,nan,nan,nan,nan,nan,nan,nan,nan,nan,nan,nan,nan,nan,nan,nan,nan,nan,nan,nan,nan,nan,nan,nan,nan,nan,nan,nan,nan,nan
darcy,95,95,loss2,epsilon_observed,3,5,0.6,0.8,0.02505190298021235,0.02505190298041235,0,0.0,nan,nan,nan,nan,nan,nan,nan,nan,nan,nan,nan,nan,nan,nan,nan,nan,nan,nan,nan,nan,nan,nan,nan,nan,nan,nan,nan,nan,nan,nan,nan,nan,nan,nan,nan,nan,nan,nan,nan,nan
darcy,95,95,loss2,epsilon_observed,4,5,0.8,1.0,0.02505190298041235,0.02505190298061235,64,1.0,0.0250519048422575,1.862645149230957e-09,0.02505190297961235,0.02505190297961235,0.0250519048422575,1.862645149230957e-09,0.02505190297961235,0.02505190297961235,1.0020761489868164,0.0,1.0020761489868164,1.0020761489868164,0.0250519048422575,1.862645149230957e-09,0.02505190297961235,0.02505190297961235,2.0614335127788763e-08,1.3555040645485406e-08,3.475053800272576e-09,6.129790364184373e-08,4.3261400151095586e-07,2.4550004695811367e-07,2.0735905437163638e-08,1.0459039003762882e-06,4.1199965039595554e-07,2.3586159159094677e-07,4.48338255409908e-09,9.846060038398718e-07,4.1199965039595554e-07,2.3586159159094677e-07,4.48338255409908e-09,9.846060038398718e-07,25.518291473388672,22.37289810180664,0.2758576273918152,157.65090942382812,25.518291473388672,22.37289810180664,0.2758576273918152,157.65090942382812
darcy,96,96,loss2,epsilon_observed,0,5,0.0,0.2,0.02505190297961235,0.02505190297981235,0,0.0,nan,nan,nan,nan,nan,nan,nan,nan,nan,nan,nan,nan,nan,nan,nan,nan,nan,nan,nan,nan,nan,nan,nan,nan,nan,nan,nan,nan,nan,nan,nan,nan,nan,nan,nan,nan,nan,nan,nan,nan
darcy,96,96,loss2,epsilon_observed,1,5,0.2,0.4,0.02505190297981235,0.02505190298001235,0,0.0,nan,nan,nan,nan,nan,nan,nan,nan,nan,nan,nan,nan,nan,nan,nan,nan,nan,nan,nan,nan,nan,nan,nan,nan,nan,nan,nan,nan,nan,nan,nan,nan,nan,nan,nan,nan,nan,nan,nan,nan
darcy,96,96,loss2,epsilon_observed,2,5,0.4,0.6,0.02505190298001235,0.02505190298021235,0,0.0,nan,nan,nan,nan,nan,nan,nan,nan,nan,nan,nan,nan,nan,nan,nan,nan,nan,nan,nan,nan,nan,nan,nan,nan,nan,nan,nan,nan,nan,nan,nan,nan,nan,nan,nan,nan,nan,nan,nan,nan
darcy,96,96,loss2,epsilon_observed,3,5,0.6,0.8,0.02505190298021235,0.02505190298041235,0,0.0,nan,nan,nan,nan,nan,nan,nan,nan,nan,nan,nan,nan,nan,nan,nan,nan,nan,nan,nan,nan,nan,nan,nan,nan,nan,nan,nan,nan,nan,nan,nan,nan,nan,nan,nan,nan,nan,nan,nan,nan
darcy,96,96,loss2,epsilon_observed,4,5,0.8,1.0,0.02505190298041235,0.02505190298061235,64,1.0,0.0250519048422575,1.862645149230957e-09,0.02505190297961235,0.02505190297961235,0.0250519048422575,1.862645149230957e-09,0.02505190297961235,0.02505190297961235,1.0020761489868164,0.0,1.0020761489868164,1.0020761489868164,0.0250519048422575,1.862645149230957e-09,0.02505190297961235,0.02505190297961235,2.1578379971742834e-08,1.3909306595394355e-08,3.449756924567282e-09,5.733388519502114e-08,4.3099677782265644e-07,2.3780125957273412e-07,2.2090411277986277e-08,1.0287643590345397e-06,4.0941839074548625e-07,2.2734803906132584e-07,4.933301767096054e-09,9.717077773530036e-07,4.0941839074548625e-07,2.2734803906132584e-07,4.933301767096054e-09,9.717077773530036e-07,23.187389373779297,14.507062911987305,0.2875368893146515,78.49344635009766,23.187389373779297,14.507062911987305,0.2875368893146515,78.49344635009766
darcy,97,97,loss2,epsilon_observed,0,5,0.0,0.2,0.02505190297961235,0.02505190297981235,0,0.0,nan,nan,nan,nan,nan,nan,nan,nan,nan,nan,nan,nan,nan,nan,nan,nan,nan,nan,nan,nan,nan,nan,nan,nan,nan,nan,nan,nan,nan,nan,nan,nan,nan,nan,nan,nan,nan,nan,nan,nan
darcy,97,97,loss2,epsilon_observed,1,5,0.2,0.4,0.02505190297981235,0.02505190298001235,0,0.0,nan,nan,nan,nan,nan,nan,nan,nan,nan,nan,nan,nan,nan,nan,nan,nan,nan,nan,nan,nan,nan,nan,nan,nan,nan,nan,nan,nan,nan,nan,nan,nan,nan,nan,nan,nan,nan,nan,nan,nan
darcy,97,97,loss2,epsilon_observed,2,5,0.4,0.6,0.02505190298001235,0.02505190298021235,0,0.0,nan,nan,nan,nan,nan,nan,nan,nan,nan,nan,nan,nan,nan,nan,nan,nan,nan,nan,nan,nan,nan,nan,nan,nan,nan,nan,nan,nan,nan,nan,nan,nan,nan,nan,nan,nan,nan,nan,nan,nan
darcy,97,97,loss2,epsilon_observed,3,5,0.6,0.8,0.02505190298021235,0.02505190298041235,0,0.0,nan,nan,nan,nan,nan,nan,nan,nan,nan,nan,nan,nan,nan,nan,nan,nan,nan,nan,nan,nan,nan,nan,nan,nan,nan,nan,nan,nan,nan,nan,nan,nan,nan,nan,nan,nan,nan,nan,nan,nan
darcy,97,97,loss2,epsilon_observed,4,5,0.8,1.0,0.02505190298041235,0.02505190298061235,64,1.0,0.0250519048422575,1.862645149230957e-09,0.02505190297961235,0.02505190297961235,0.0250519048422575,1.862645149230957e-09,0.02505190297961235,0.02505190297961235,1.0020761489868164,0.0,1.0020761489868164,1.0020761489868164,0.0250519048422575,1.862645149230957e-09,0.02505190297961235,0.02505190297961235,1.7690149789473253e-08,1.3162162915136832e-08,3.4754767952449583e-09,6.931507101626266e-08,4.2953064394168905e-07,2.548823943016032e-07,1.611375388677061e-08,1.096821392820857e-06,4.118405172448547e-07,2.46253790692208e-07,4.57854554269943e-09,1.0275063004883123e-06,4.118405172448547e-07,2.46253790692208e-07,4.57854554269943e-09,1.0275063004883123e-06,30.501625061035156,27.59563636779785,0.3969191908836365,157.58103942871094,30.501625061035156,27.59563636779785,0.3969191908836365,157.58103942871094
darcy,98,98,loss2,epsilon_observed,0,5,0.0,0.2,0.02505190297961235,0.02505190297981235,0,0.0,nan,nan,nan,nan,nan,nan,nan,nan,nan,nan,nan,nan,nan,nan,nan,nan,nan,nan,nan,nan,nan,nan,nan,nan,nan,nan,nan,nan,nan,nan,nan,nan,nan,nan,nan,nan,nan,nan,nan,nan
darcy,98,98,loss2,epsilon_observed,1,5,0.2,0.4,0.02505190297981235,0.02505190298001235,0,0.0,nan,nan,nan,nan,nan,nan,nan,nan,nan,nan,nan,nan,nan,nan,nan,nan,nan,nan,nan,nan,nan,nan,nan,nan,nan,nan,nan,nan,nan,nan,nan,nan,nan,nan,nan,nan,nan,nan,nan,nan
darcy,98,98,loss2,epsilon_observed,2,5,0.4,0.6,0.02505190298001235,0.02505190298021235,0,0.0,nan,nan,nan,nan,nan,nan,nan,nan,nan,nan,nan,nan,nan,nan,nan,nan,nan,nan,nan,nan,nan,nan,nan,nan,nan,nan,nan,nan,nan,nan,nan,nan,nan,nan,nan,nan,nan,nan,nan,nan
darcy,98,98,loss2,epsilon_observed,3,5,0.6,0.8,0.02505190298021235,0.02505190298041235,0,0.0,nan,nan,nan,nan,nan,nan,nan,nan,nan,nan,nan,nan,nan,nan,nan,nan,nan,nan,nan,nan,nan,nan,nan,nan,nan,nan,nan,nan,nan,nan,nan,nan,nan,nan,nan,nan,nan,nan,nan,nan
darcy,98,98,loss2,epsilon_observed,4,5,0.8,1.0,0.02505190298041235,0.02505190298061235,64,1.0,0.0250519048422575,1.862645149230957e-09,0.02505190297961235,0.02505190297961235,0.0250519048422575,1.862645149230957e-09,0.02505190297961235,0.02505190297961235,1.0020761489868164,0.0,1.0020761489868164,1.0020761489868164,0.0250519048422575,1.862645149230957e-09,0.02505190297961235,0.02505190297961235,2.155212008858598e-08,1.3601860082701478e-08,3.733486853008117e-09,5.7867350022888786e-08,4.214398927615548e-07,2.3484179223487445e-07,2.1245702086503115e-08,1.0205401395069202e-06,3.9988773892218887e-07,2.2430351975799567e-07,5.7367426364862695e-09,9.654766017774818e-07,3.9988773892218887e-07,2.2430351975799567e-07,5.7367426364862695e-09,9.654766017774818e-07,22.110685348510742,12.834037780761719,0.36989861726760864,65.36685180664062,22.110685348510742,12.834037780761719,0.36989861726760864,65.36685180664062
darcy,99,99,loss2,epsilon_observed,0,5,0.0,0.2,0.02505190297961235,0.02505190297981235,0,0.0,nan,nan,nan,nan,nan,nan,nan,nan,nan,nan,nan,nan,nan,nan,nan,nan,nan,nan,nan,nan,nan,nan,nan,nan,nan,nan,nan,nan,nan,nan,nan,nan,nan,nan,nan,nan,nan,nan,nan,nan
darcy,99,99,loss2,epsilon_observed,1,5,0.2,0.4,0.02505190297981235,0.02505190298001235,0,0.0,nan,nan,nan,nan,nan,nan,nan,nan,nan,nan,nan,nan,nan,nan,nan,nan,nan,nan,nan,nan,nan,nan,nan,nan,nan,nan,nan,nan,nan,nan,nan,nan,nan,nan,nan,nan,nan,nan,nan,nan
darcy,99,99,loss2,epsilon_observed,2,5,0.4,0.6,0.02505190298001235,0.02505190298021235,0,0.0,nan,nan,nan,nan,nan,nan,nan,nan,nan,nan,nan,nan,nan,nan,nan,nan,nan,nan,nan,nan,nan,nan,nan,nan,nan,nan,nan,nan,nan,nan,nan,nan,nan,nan,nan,nan,nan,nan,nan,nan
darcy,99,99,loss2,epsilon_observed,3,5,0.6,0.8,0.02505190298021235,0.02505190298041235,0,0.0,nan,nan,nan,nan,nan,nan,nan,nan,nan,nan,nan,nan,nan,nan,nan,nan,nan,nan,nan,nan,nan,nan,nan,nan,nan,nan,nan,nan,nan,nan,nan,nan,nan,nan,nan,nan,nan,nan,nan,nan
darcy,99,99,loss2,epsilon_observed,4,5,0.8,1.0,0.02505190298041235,0.02505190298061235,64,1.0,0.0250519048422575,1.862645149230957e-09,0.02505190297961235,0.02505190297961235,0.0250519048422575,1.862645149230957e-09,0.02505190297961235,0.02505190297961235,1.0020761489868164,0.0,1.0020761489868164,1.0020761489868164,0.0250519048422575,1.862645149230957e-09,0.02505190297961235,0.02505190297961235,1.9696704711691382e-08,1.3126484788017478e-08,3.1843367942485656e-09,5.941892666783133e-08,4.199726504339196e-07,2.421938916086219e-07,1.9832164355193527e-08,1.0467962283655652e-06,4.0027592262958933e-07,2.3241494773174054e-07,4.8191051149615305e-09,9.873773478830117e-07,4.0027592262958933e-07,2.3241494773174054e-07,4.8191051149615305e-09,9.873773478830117e-07,24.847288131713867,18.808753967285156,0.32099419832229614,128.97555541992188,24.847288131713867,18.808753967285156,0.32099419832229614,128.97555541992188
darcy,100,100,loss2,epsilon_observed,0,5,0.0,0.2,0.02505190297961235,0.02505190297981235,0,0.0,nan,nan,nan,nan,nan,nan,nan,nan,nan,nan,nan,nan,nan,nan,nan,nan,nan,nan,nan,nan,nan,nan,nan,nan,nan,nan,nan,nan,nan,nan,nan,nan,nan,nan,nan,nan,nan,nan,nan,nan
darcy,100,100,loss2,epsilon_observed,1,5,0.2,0.4,0.02505190297981235,0.02505190298001235,0,0.0,nan,nan,nan,nan,nan,nan,nan,nan,nan,nan,nan,nan,nan,nan,nan,nan,nan,nan,nan,nan,nan,nan,nan,nan,nan,nan,nan,nan,nan,nan,nan,nan,nan,nan,nan,nan,nan,nan,nan,nan
darcy,100,100,loss2,epsilon_observed,2,5,0.4,0.6,0.02505190298001235,0.02505190298021235,0,0.0,nan,nan,nan,nan,nan,nan,nan,nan,nan,nan,nan,nan,nan,nan,nan,nan,nan,nan,nan,nan,nan,nan,nan,nan,nan,nan,nan,nan,nan,nan,nan,nan,nan,nan,nan,nan,nan,nan,nan,nan
darcy,100,100,loss2,epsilon_observed,3,5,0.6,0.8,0.02505190298021235,0.02505190298041235,0,0.0,nan,nan,nan,nan,nan,nan,nan,nan,nan,nan,nan,nan,nan,nan,nan,nan,nan,nan,nan,nan,nan,nan,nan,nan,nan,nan,nan,nan,nan,nan,nan,nan,nan,nan,nan,nan,nan,nan,nan,nan
darcy,100,100,loss2,epsilon_observed,4,5,0.8,1.0,0.02505190298041235,0.02505190298061235,64,1.0,0.0250519048422575,1.862645149230957e-09,0.02505190297961235,0.02505190297961235,0.0250519048422575,1.862645149230957e-09,0.02505190297961235,0.02505190297961235,1.0020761489868164,0.0,1.0020761489868164,1.0020761489868164,0.0250519048422575,1.862645149230957e-09,0.02505190297961235,0.02505190297961235,1.7651315076250285e-08,1.3153830913381626e-08,3.597037778746426e-09,6.946464736756752e-08,4.348336517523421e-07,2.597302000140189e-07,1.439414454296184e-08,1.1049165777876624e-06,4.171823491105897e-07,2.512533114895632e-07,4.145736198779559e-09,1.0354519872635137e-06,4.171823491105897e-07,2.512533114895632e-07,4.145736198779559e-09,1.0354519872635137e-06,30.835357666015625,27.439334869384766,0.33896663784980774,155.01918029785156,30.835357666015625,27.439334869384766,0.33896663784980774,155.01918029785156
