c0901a-s15.ufhpc
Wed Sep 10 08:29:16 AM EDT 2025
/blue/shiboli.fsu/yifeisun.umich/adversarial_robustness_FNO
>>> Running SINGLE job with MODE_SPEC=wwwwwwwwww

======================================== 环境诊断 ========================================

[PyTorch]
Version: 2.7.0+cu128
CUDA Available: True
CUDA Version: 12.8
cuDNN Version: 90800
Current Device: 0
Device Name: NVIDIA B200
Device Memory: 178.36 GB

[JAX]
JAX Version: 0.6.0
JAXlib Version: 0.6.0
JAX Backend: gpu
JAX Devices Error: module 'jax.lib.xla_bridge' has no attribute 'devices'

[CUDA/cuDNN System Info]
nvcc not found

[GPU Details]
Device 0: NVIDIA B200
  Compute Capability: 10.0
  Total Memory: 178.36 GB
  Multiprocessors: 148
GPU Details Error: 'torch._C._CudaDeviceProperties' object has no attribute 'max_threads_per_block'

[Compatibility Warnings]
======================================== 诊断结束 ========================================

input_list: [{'norm': 2, 'epsilon': 471.8592, 'alpha': 50.0, 'num_steps': 100}, {'norm': 2, 'epsilon': 235.9296, 'alpha': 100, 'num_steps': 100}, {'norm': 2, 'epsilon': 471.8592, 'alpha': 100, 'num_steps': 100}]
mode_spec = wwwwwwwwww
Per-frame modes: [t=01] with_solver | [t=02] with_solver | [t=03] with_solver | [t=04] with_solver | [t=05] with_solver | [t=06] with_solver | [t=07] with_solver | [t=08] with_solver | [t=09] with_solver | [t=19] with_solver
================================================================================
norm: 2, epsilon: 471.8592, alpha: 50.0, num_steps: 100, index: 0, method: adam, mode_spec: wwwwwwwwww, b1: 0.9, b2: 0.999, adam_eps: 1e-08, sign_Linf: True, amsgrad: False

[Step 0] ============ 详细性能分析 ============
[模型部分] 总时间: 56.519391s | 显存: 4.12 GB

[0-9秒 PDE求解详细性能]

[19秒 PDE求解]
  t=19s - 时间: 31.354945s | 显存: 0.00 B

[PDE求解部分] 总时间: 31.354945s | 显存: 0.00 B

[本步骤总计] 时间: 87.874336s | 显存: 4.12 GB
surrogate_loss (vs forward.true_19):  2874.302978515625
[Step 0] Backward Propagation - Time: 10.9540s, Mem: -4.10 GB
[Step 0] PGD Update - Time: 2.0297s, Mem: 1.75 MB

[Step 0] 完整步骤总时间: 71.342850s | 总显存: 22.02 MB
[Step 0] 峰值显存: 16.96 GB

[Step 1] ============ 详细性能分析 ============
[模型部分] 总时间: 2.249587s | 显存: 4.12 GB

[0-9秒 PDE求解详细性能]

[19秒 PDE求解]
  t=19s - 时间: 2.230059s | 显存: 0.00 B

[PDE求解部分] 总时间: 2.230059s | 显存: 0.00 B

[本步骤总计] 时间: 4.479646s | 显存: 4.12 GB
surrogate_loss (vs forward.true_19):  22557.025390625
[Step 1] Backward Propagation - Time: 5.4681s, Mem: -4.11 GB
[Step 1] PGD Update - Time: 0.1937s, Mem: -3.25 MB

[Step 1] 完整步骤总时间: 7.912235s | 总显存: -512.00 KB
[Step 1] 峰值显存: 16.97 GB

[Step 2] ============ 详细性能分析 ============
[模型部分] 总时间: 2.266417s | 显存: 4.12 GB

[0-9秒 PDE求解详细性能]

[19秒 PDE求解]
  t=19s - 时间: 2.247275s | 显存: 0.00 B

[PDE求解部分] 总时间: 2.247275s | 显存: 0.00 B

[本步骤总计] 时间: 4.513692s | 显存: 4.12 GB
surrogate_loss (vs forward.true_19):  29920.3671875
[Step 2] Backward Propagation - Time: 5.4927s, Mem: -4.11 GB
[Step 2] PGD Update - Time: 0.0024s, Mem: -2.75 MB

[Step 2] 完整步骤总时间: 7.762282s | 总显存: 0.00 B
[Step 2] 峰值显存: 16.97 GB

[Step 3] ============ 详细性能分析 ============
[模型部分] 总时间: 2.266672s | 显存: 4.12 GB

[0-9秒 PDE求解详细性能]

[19秒 PDE求解]
  t=19s - 时间: 2.247475s | 显存: 0.00 B

[PDE求解部分] 总时间: 2.247475s | 显存: 0.00 B

[本步骤总计] 时间: 4.514147s | 显存: 4.12 GB
surrogate_loss (vs forward.true_19):  43704.0390625
[Step 3] Backward Propagation - Time: 5.4304s, Mem: -4.11 GB
[Step 3] PGD Update - Time: 0.0024s, Mem: -2.75 MB

[Step 3] 完整步骤总时间: 7.700327s | 总显存: 0.00 B
[Step 3] 峰值显存: 16.97 GB

[Step 4] ============ 详细性能分析 ============
[模型部分] 总时间: 2.286374s | 显存: 4.12 GB

[0-9秒 PDE求解详细性能]

[19秒 PDE求解]
  t=19s - 时间: 2.267207s | 显存: 0.00 B

[PDE求解部分] 总时间: 2.267207s | 显存: 0.00 B

[本步骤总计] 时间: 4.553581s | 显存: 4.12 GB
surrogate_loss (vs forward.true_19):  77161.765625
[Step 4] Backward Propagation - Time: 5.4110s, Mem: -4.11 GB
[Step 4] PGD Update - Time: 0.0028s, Mem: -2.75 MB

[Step 4] 完整步骤总时间: 7.701211s | 总显存: 0.00 B
[Step 4] 峰值显存: 16.97 GB

[Step 5] ============ 详细性能分析 ============
[模型部分] 总时间: 2.294614s | 显存: 4.12 GB

[0-9秒 PDE求解详细性能]

[19秒 PDE求解]
  t=19s - 时间: 2.275059s | 显存: 0.00 B

[PDE求解部分] 总时间: 2.275059s | 显存: 0.00 B

[本步骤总计] 时间: 4.569673s | 显存: 4.12 GB
surrogate_loss (vs forward.true_19):  219274.75
[Step 5] Backward Propagation - Time: 5.5507s, Mem: -4.11 GB
[Step 5] PGD Update - Time: 0.0037s, Mem: -2.75 MB

[Step 5] 完整步骤总时间: 7.850684s | 总显存: 0.00 B
[Step 5] 峰值显存: 16.97 GB

[Step 6] ============ 详细性能分析 ============
[模型部分] 总时间: 2.266499s | 显存: 4.12 GB

[0-9秒 PDE求解详细性能]

[19秒 PDE求解]
  t=19s - 时间: 2.247173s | 显存: 0.00 B

[PDE求解部分] 总时间: 2.247173s | 显存: 0.00 B

[本步骤总计] 时间: 4.513672s | 显存: 4.12 GB
surrogate_loss (vs forward.true_19):  245887.4375
[Step 6] Backward Propagation - Time: 5.4343s, Mem: -4.11 GB
[Step 6] PGD Update - Time: 0.0031s, Mem: -2.75 MB

[Step 6] 完整步骤总时间: 7.704990s | 总显存: 0.00 B
[Step 6] 峰值显存: 16.97 GB

[Step 7] ============ 详细性能分析 ============
[模型部分] 总时间: 2.293295s | 显存: 4.12 GB

[0-9秒 PDE求解详细性能]

[19秒 PDE求解]
  t=19s - 时间: 2.273678s | 显存: 0.00 B

[PDE求解部分] 总时间: 2.273678s | 显存: 0.00 B

[本步骤总计] 时间: 4.566973s | 显存: 4.12 GB
surrogate_loss (vs forward.true_19):  339970.1875
[Step 7] Backward Propagation - Time: 5.4738s, Mem: -4.11 GB
[Step 7] PGD Update - Time: 0.0039s, Mem: -2.75 MB

[Step 7] 完整步骤总时间: 7.772177s | 总显存: 0.00 B
[Step 7] 峰值显存: 16.97 GB

[Step 8] ============ 详细性能分析 ============
[模型部分] 总时间: 2.285141s | 显存: 4.12 GB

[0-9秒 PDE求解详细性能]

[19秒 PDE求解]
  t=19s - 时间: 2.265797s | 显存: 0.00 B

[PDE求解部分] 总时间: 2.265797s | 显存: 0.00 B

[本步骤总计] 时间: 4.550938s | 显存: 4.12 GB
surrogate_loss (vs forward.true_19):  199067.78125
[Step 8] Backward Propagation - Time: 5.4467s, Mem: -4.11 GB
[Step 8] PGD Update - Time: 0.0030s, Mem: -2.75 MB

[Step 8] 完整步骤总时间: 7.736073s | 总显存: 0.00 B
[Step 8] 峰值显存: 16.97 GB

[Step 9] ============ 详细性能分析 ============
[模型部分] 总时间: 2.247523s | 显存: 4.12 GB

[0-9秒 PDE求解详细性能]

[19秒 PDE求解]
  t=19s - 时间: 2.227798s | 显存: 0.00 B

[PDE求解部分] 总时间: 2.227798s | 显存: 0.00 B

[本步骤总计] 时间: 4.475320s | 显存: 4.12 GB
surrogate_loss (vs forward.true_19):  324707.15625
[Step 9] Backward Propagation - Time: 5.3644s, Mem: -4.11 GB
[Step 9] PGD Update - Time: 0.0026s, Mem: -2.75 MB

[Step 9] 完整步骤总时间: 7.615456s | 总显存: 0.00 B
[Step 9] 峰值显存: 16.97 GB

[Step 10] ============ 详细性能分析 ============
[模型部分] 总时间: 2.245442s | 显存: 4.12 GB

[0-9秒 PDE求解详细性能]

[19秒 PDE求解]
  t=19s - 时间: 2.226137s | 显存: 0.00 B

[PDE求解部分] 总时间: 2.226137s | 显存: 0.00 B

[本步骤总计] 时间: 4.471579s | 显存: 4.12 GB
surrogate_loss (vs forward.true_19):  402700.0625
[Step 10] Backward Propagation - Time: 5.3914s, Mem: -4.11 GB
[Step 10] PGD Update - Time: 0.0040s, Mem: -2.75 MB

[Step 10] 完整步骤总时间: 7.642070s | 总显存: 0.00 B
[Step 10] 峰值显存: 16.97 GB

[Step 11] ============ 详细性能分析 ============
[模型部分] 总时间: 2.277363s | 显存: 4.12 GB

[0-9秒 PDE求解详细性能]

[19秒 PDE求解]
  t=19s - 时间: 2.258147s | 显存: 0.00 B

[PDE求解部分] 总时间: 2.258147s | 显存: 0.00 B

[本步骤总计] 时间: 4.535510s | 显存: 4.12 GB
surrogate_loss (vs forward.true_19):  375019.84375
[Step 11] Backward Propagation - Time: 5.4761s, Mem: -4.11 GB
[Step 11] PGD Update - Time: 0.0030s, Mem: -2.75 MB

[Step 11] 完整步骤总时间: 7.757398s | 总显存: 0.00 B
[Step 11] 峰值显存: 16.97 GB

[Step 12] ============ 详细性能分析 ============
[模型部分] 总时间: 2.226942s | 显存: 4.12 GB

[0-9秒 PDE求解详细性能]

[19秒 PDE求解]
  t=19s - 时间: 2.207196s | 显存: 0.00 B

[PDE求解部分] 总时间: 2.207196s | 显存: 0.00 B

[本步骤总计] 时间: 4.434139s | 显存: 4.12 GB
surrogate_loss (vs forward.true_19):  337103.53125
[Step 12] Backward Propagation - Time: 5.3780s, Mem: -4.11 GB
[Step 12] PGD Update - Time: 0.0041s, Mem: -2.75 MB

[Step 12] 完整步骤总时间: 7.610417s | 总显存: 0.00 B
[Step 12] 峰值显存: 16.97 GB

[Step 13] ============ 详细性能分析 ============
[模型部分] 总时间: 2.908694s | 显存: 4.12 GB

[0-9秒 PDE求解详细性能]

[19秒 PDE求解]
  t=19s - 时间: 2.424185s | 显存: 0.00 B

[PDE求解部分] 总时间: 2.424185s | 显存: 0.00 B

[本步骤总计] 时间: 5.332878s | 显存: 4.12 GB
surrogate_loss (vs forward.true_19):  384377.5625
[Step 13] Backward Propagation - Time: 5.5031s, Mem: -4.11 GB
[Step 13] PGD Update - Time: 0.0031s, Mem: -2.75 MB

[Step 13] 完整步骤总时间: 8.415872s | 总显存: 0.00 B
[Step 13] 峰值显存: 16.97 GB

[Step 14] ============ 详细性能分析 ============
[模型部分] 总时间: 2.266025s | 显存: 4.12 GB

[0-9秒 PDE求解详细性能]

[19秒 PDE求解]
  t=19s - 时间: 2.246389s | 显存: 0.00 B

[PDE求解部分] 总时间: 2.246389s | 显存: 0.00 B

[本步骤总计] 时间: 4.512415s | 显存: 4.12 GB
surrogate_loss (vs forward.true_19):  432433.875
[Step 14] Backward Propagation - Time: 5.4151s, Mem: -4.11 GB
[Step 14] PGD Update - Time: 0.0040s, Mem: -2.75 MB

[Step 14] 完整步骤总时间: 7.686266s | 总显存: 0.00 B
[Step 14] 峰值显存: 16.97 GB

[Step 15] ============ 详细性能分析 ============
[模型部分] 总时间: 2.285692s | 显存: 4.12 GB

[0-9秒 PDE求解详细性能]

[19秒 PDE求解]
  t=19s - 时间: 2.266472s | 显存: 0.00 B

[PDE求解部分] 总时间: 2.266472s | 显存: 0.00 B

[本步骤总计] 时间: 4.552165s | 显存: 4.12 GB
surrogate_loss (vs forward.true_19):  424885.15625
[Step 15] Backward Propagation - Time: 5.4836s, Mem: -4.11 GB
[Step 15] PGD Update - Time: 0.3828s, Mem: -2.75 MB

[Step 15] 完整步骤总时间: 8.153245s | 总显存: 0.00 B
[Step 15] 峰值显存: 16.97 GB

[Step 16] ============ 详细性能分析 ============
[模型部分] 总时间: 2.277943s | 显存: 4.12 GB

[0-9秒 PDE求解详细性能]

[19秒 PDE求解]
  t=19s - 时间: 2.258716s | 显存: 0.00 B

[PDE求解部分] 总时间: 2.258716s | 显存: 0.00 B

[本步骤总计] 时间: 4.536659s | 显存: 4.12 GB
surrogate_loss (vs forward.true_19):  463510.0625
[Step 16] Backward Propagation - Time: 5.4084s, Mem: -4.11 GB
[Step 16] PGD Update - Time: 0.0028s, Mem: -2.75 MB

[Step 16] 完整步骤总时间: 7.689963s | 总显存: 0.00 B
[Step 16] 峰值显存: 16.97 GB

[Step 17] ============ 详细性能分析 ============
[模型部分] 总时间: 2.288289s | 显存: 4.12 GB

[0-9秒 PDE求解详细性能]

[19秒 PDE求解]
  t=19s - 时间: 2.268937s | 显存: 0.00 B

[PDE求解部分] 总时间: 2.268937s | 显存: 0.00 B

[本步骤总计] 时间: 4.557227s | 显存: 4.12 GB
surrogate_loss (vs forward.true_19):  505920.9375
[Step 17] Backward Propagation - Time: 5.5384s, Mem: -4.11 GB
[Step 17] PGD Update - Time: 0.0027s, Mem: -2.75 MB

[Step 17] 完整步骤总时间: 7.830398s | 总显存: 0.00 B
[Step 17] 峰值显存: 16.97 GB

[Step 18] ============ 详细性能分析 ============
[模型部分] 总时间: 2.252458s | 显存: 4.12 GB

[0-9秒 PDE求解详细性能]

[19秒 PDE求解]
  t=19s - 时间: 2.232915s | 显存: 0.00 B

[PDE求解部分] 总时间: 2.232915s | 显存: 0.00 B

[本步骤总计] 时间: 4.485373s | 显存: 4.12 GB
surrogate_loss (vs forward.true_19):  395038.21875
[Step 18] Backward Propagation - Time: 5.3697s, Mem: -4.11 GB
[Step 18] PGD Update - Time: 0.0042s, Mem: -2.75 MB

[Step 18] 完整步骤总时间: 7.627621s | 总显存: 0.00 B
[Step 18] 峰值显存: 16.97 GB

[Step 19] ============ 详细性能分析 ============
[模型部分] 总时间: 2.265647s | 显存: 4.12 GB

[0-9秒 PDE求解详细性能]

[19秒 PDE求解]
  t=19s - 时间: 2.246438s | 显存: 0.00 B

[PDE求解部分] 总时间: 2.246438s | 显存: 0.00 B

[本步骤总计] 时间: 4.512085s | 显存: 4.12 GB
surrogate_loss (vs forward.true_19):  163243.9375
[Step 19] Backward Propagation - Time: 5.4330s, Mem: -4.11 GB
[Step 19] PGD Update - Time: 0.0029s, Mem: -2.75 MB

[Step 19] 完整步骤总时间: 7.702418s | 总显存: 0.00 B
[Step 19] 峰值显存: 16.97 GB

[Step 20] ============ 详细性能分析 ============
[模型部分] 总时间: 2.277051s | 显存: 4.12 GB

[0-9秒 PDE求解详细性能]

[19秒 PDE求解]
  t=19s - 时间: 2.257729s | 显存: 0.00 B

[PDE求解部分] 总时间: 2.257729s | 显存: 0.00 B

[本步骤总计] 时间: 4.534779s | 显存: 4.12 GB
surrogate_loss (vs forward.true_19):  277981.8125
[Step 20] Backward Propagation - Time: 5.3550s, Mem: -4.11 GB
[Step 20] PGD Update - Time: 0.0034s, Mem: -2.75 MB

[Step 20] 完整步骤总时间: 7.636321s | 总显存: 0.00 B
[Step 20] 峰值显存: 16.97 GB

[Step 21] ============ 详细性能分析 ============
[模型部分] 总时间: 2.263761s | 显存: 4.12 GB

[0-9秒 PDE求解详细性能]

[19秒 PDE求解]
  t=19s - 时间: 2.244181s | 显存: 0.00 B

[PDE求解部分] 总时间: 2.244181s | 显存: 0.00 B

[本步骤总计] 时间: 4.507942s | 显存: 4.12 GB
surrogate_loss (vs forward.true_19):  316630.46875
[Step 21] Backward Propagation - Time: 5.3481s, Mem: -4.11 GB
[Step 21] PGD Update - Time: 0.0040s, Mem: -2.75 MB

[Step 21] 完整步骤总时间: 7.617212s | 总显存: 0.00 B
[Step 21] 峰值显存: 16.97 GB

[Step 22] ============ 详细性能分析 ============
[模型部分] 总时间: 2.279559s | 显存: 4.12 GB

[0-9秒 PDE求解详细性能]

[19秒 PDE求解]
  t=19s - 时间: 2.260352s | 显存: 0.00 B

[PDE求解部分] 总时间: 2.260352s | 显存: 0.00 B

[本步骤总计] 时间: 4.539911s | 显存: 4.12 GB
surrogate_loss (vs forward.true_19):  222100.28125
[Step 22] Backward Propagation - Time: 5.4152s, Mem: -4.11 GB
[Step 22] PGD Update - Time: 0.0030s, Mem: -2.75 MB

[Step 22] 完整步骤总时间: 7.698577s | 总显存: 0.00 B
[Step 22] 峰值显存: 16.97 GB

[Step 23] ============ 详细性能分析 ============
[模型部分] 总时间: 2.244603s | 显存: 4.12 GB

[0-9秒 PDE求解详细性能]

[19秒 PDE求解]
  t=19s - 时间: 2.225376s | 显存: 0.00 B

[PDE求解部分] 总时间: 2.225376s | 显存: 0.00 B

[本步骤总计] 时间: 4.469980s | 显存: 4.12 GB
surrogate_loss (vs forward.true_19):  306758.5625
[Step 23] Backward Propagation - Time: 5.6729s, Mem: -4.11 GB
[Step 23] PGD Update - Time: 0.0028s, Mem: -2.75 MB

[Step 23] 完整步骤总时间: 7.921216s | 总显存: 0.00 B
[Step 23] 峰值显存: 16.97 GB

[Step 24] ============ 详细性能分析 ============
[模型部分] 总时间: 2.248326s | 显存: 4.12 GB

[0-9秒 PDE求解详细性能]

[19秒 PDE求解]
  t=19s - 时间: 2.228812s | 显存: 0.00 B

[PDE求解部分] 总时间: 2.228812s | 显存: 0.00 B

[本步骤总计] 时间: 4.477138s | 显存: 4.12 GB
surrogate_loss (vs forward.true_19):  380395.5
[Step 24] Backward Propagation - Time: 5.4663s, Mem: -4.11 GB
[Step 24] PGD Update - Time: 0.0026s, Mem: -2.75 MB

[Step 24] 完整步骤总时间: 7.718111s | 总显存: 0.00 B
[Step 24] 峰值显存: 16.97 GB

[Step 25] ============ 详细性能分析 ============
[模型部分] 总时间: 2.275736s | 显存: 4.12 GB

[0-9秒 PDE求解详细性能]

[19秒 PDE求解]
  t=19s - 时间: 2.256406s | 显存: 0.00 B

[PDE求解部分] 总时间: 2.256406s | 显存: 0.00 B

[本步骤总计] 时间: 4.532141s | 显存: 4.12 GB
surrogate_loss (vs forward.true_19):  364420.875
[Step 25] Backward Propagation - Time: 5.4085s, Mem: -4.11 GB
[Step 25] PGD Update - Time: 0.0040s, Mem: -2.75 MB

[Step 25] 完整步骤总时间: 7.689460s | 总显存: 0.00 B
[Step 25] 峰值显存: 16.97 GB

[Step 26] ============ 详细性能分析 ============
[模型部分] 总时间: 2.242293s | 显存: 4.12 GB

[0-9秒 PDE求解详细性能]

[19秒 PDE求解]
  t=19s - 时间: 2.223105s | 显存: 0.00 B

[PDE求解部分] 总时间: 2.223105s | 显存: 0.00 B

[本步骤总计] 时间: 4.465397s | 显存: 4.12 GB
surrogate_loss (vs forward.true_19):  523005.53125
[Step 26] Backward Propagation - Time: 5.3914s, Mem: -4.11 GB
[Step 26] PGD Update - Time: 0.0030s, Mem: -2.75 MB

[Step 26] 完整步骤总时间: 7.637550s | 总显存: 0.00 B
[Step 26] 峰值显存: 16.97 GB

[Step 27] ============ 详细性能分析 ============
[模型部分] 总时间: 2.260298s | 显存: 4.12 GB

[0-9秒 PDE求解详细性能]

[19秒 PDE求解]
  t=19s - 时间: 2.241096s | 显存: 0.00 B

[PDE求解部分] 总时间: 2.241096s | 显存: 0.00 B

[本步骤总计] 时间: 4.501393s | 显存: 4.12 GB
surrogate_loss (vs forward.true_19):  746624.375
[Step 27] Backward Propagation - Time: 5.4113s, Mem: -4.11 GB
[Step 27] PGD Update - Time: 0.0028s, Mem: -2.75 MB

[Step 27] 完整步骤总时间: 7.675312s | 总显存: 0.00 B
[Step 27] 峰值显存: 16.97 GB

[Step 28] ============ 详细性能分析 ============
[模型部分] 总时间: 2.281529s | 显存: 4.12 GB

[0-9秒 PDE求解详细性能]

[19秒 PDE求解]
  t=19s - 时间: 2.261935s | 显存: 0.00 B

[PDE求解部分] 总时间: 2.261935s | 显存: 0.00 B

[本步骤总计] 时间: 4.543464s | 显存: 4.12 GB
surrogate_loss (vs forward.true_19):  578021.0
[Step 28] Backward Propagation - Time: 5.4444s, Mem: -4.11 GB
[Step 28] PGD Update - Time: 0.0028s, Mem: -2.75 MB

[Step 28] 完整步骤总时间: 7.729609s | 总显存: 0.00 B
[Step 28] 峰值显存: 16.97 GB

[Step 29] ============ 详细性能分析 ============
[模型部分] 总时间: 2.267585s | 显存: 4.12 GB

[0-9秒 PDE求解详细性能]

[19秒 PDE求解]
  t=19s - 时间: 2.248323s | 显存: 0.00 B

[PDE求解部分] 总时间: 2.248323s | 显存: 0.00 B

[本步骤总计] 时间: 4.515908s | 显存: 4.12 GB
surrogate_loss (vs forward.true_19):  376487.6875
[Step 29] Backward Propagation - Time: 5.4217s, Mem: -4.11 GB
[Step 29] PGD Update - Time: 0.0039s, Mem: -2.75 MB

[Step 29] 完整步骤总时间: 7.694357s | 总显存: 0.00 B
[Step 29] 峰值显存: 16.97 GB

[Step 30] ============ 详细性能分析 ============
[模型部分] 总时间: 2.239422s | 显存: 4.12 GB

[0-9秒 PDE求解详细性能]

[19秒 PDE求解]
  t=19s - 时间: 2.220141s | 显存: 0.00 B

[PDE求解部分] 总时间: 2.220141s | 显存: 0.00 B

[本步骤总计] 时间: 4.459563s | 显存: 4.12 GB
surrogate_loss (vs forward.true_19):  765254.25
[Step 30] Backward Propagation - Time: 5.6663s, Mem: -4.11 GB
[Step 30] PGD Update - Time: 0.0030s, Mem: -2.75 MB

[Step 30] 完整步骤总时间: 7.909706s | 总显存: 0.00 B
[Step 30] 峰值显存: 16.97 GB

[Step 31] ============ 详细性能分析 ============
[模型部分] 总时间: 2.282217s | 显存: 4.12 GB

[0-9秒 PDE求解详细性能]

[19秒 PDE求解]
  t=19s - 时间: 2.262747s | 显存: 0.00 B

[PDE求解部分] 总时间: 2.262747s | 显存: 0.00 B

[本步骤总计] 时间: 4.544964s | 显存: 4.12 GB
surrogate_loss (vs forward.true_19):  1173364.75
[Step 31] Backward Propagation - Time: 5.4480s, Mem: -4.11 GB
[Step 31] PGD Update - Time: 0.0026s, Mem: -2.75 MB

[Step 31] 完整步骤总时间: 7.733690s | 总显存: 0.00 B
[Step 31] 峰值显存: 16.97 GB

[Step 32] ============ 详细性能分析 ============
[模型部分] 总时间: 2.281400s | 显存: 4.12 GB

[0-9秒 PDE求解详细性能]

[19秒 PDE求解]
  t=19s - 时间: 2.262015s | 显存: 0.00 B

[PDE求解部分] 总时间: 2.262015s | 显存: 0.00 B

[本步骤总计] 时间: 4.543415s | 显存: 4.12 GB
surrogate_loss (vs forward.true_19):  818110.9375
[Step 32] Backward Propagation - Time: 5.3168s, Mem: -4.11 GB
[Step 32] PGD Update - Time: 0.0041s, Mem: -2.75 MB

[Step 32] 完整步骤总时间: 7.603535s | 总显存: 0.00 B
[Step 32] 峰值显存: 16.97 GB

[Step 33] ============ 详细性能分析 ============
[模型部分] 总时间: 2.267319s | 显存: 4.12 GB

[0-9秒 PDE求解详细性能]

[19秒 PDE求解]
  t=19s - 时间: 2.248110s | 显存: 0.00 B

[PDE求解部分] 总时间: 2.248110s | 显存: 0.00 B

[本步骤总计] 时间: 4.515428s | 显存: 4.12 GB
surrogate_loss (vs forward.true_19):  942677.25
[Step 33] Backward Propagation - Time: 5.4130s, Mem: -4.11 GB
[Step 33] PGD Update - Time: 0.0029s, Mem: -2.75 MB

[Step 33] 完整步骤总时间: 7.684023s | 总显存: 0.00 B
[Step 33] 峰值显存: 16.97 GB

[Step 34] ============ 详细性能分析 ============
[模型部分] 总时间: 2.241906s | 显存: 4.12 GB

[0-9秒 PDE求解详细性能]

[19秒 PDE求解]
  t=19s - 时间: 2.222697s | 显存: 0.00 B

[PDE求解部分] 总时间: 2.222697s | 显存: 0.00 B

[本步骤总计] 时间: 4.464602s | 显存: 4.12 GB
surrogate_loss (vs forward.true_19):  529788.8125
[Step 34] Backward Propagation - Time: 5.3443s, Mem: -4.11 GB
[Step 34] PGD Update - Time: 0.0028s, Mem: -2.75 MB

[Step 34] 完整步骤总时间: 7.589886s | 总显存: 0.00 B
[Step 34] 峰值显存: 16.97 GB

[Step 35] ============ 详细性能分析 ============
[模型部分] 总时间: 2.239704s | 显存: 4.12 GB

[0-9秒 PDE求解详细性能]

[19秒 PDE求解]
  t=19s - 时间: 2.220076s | 显存: 0.00 B

[PDE求解部分] 总时间: 2.220076s | 显存: 0.00 B

[本步骤总计] 时间: 4.459780s | 显存: 4.12 GB
surrogate_loss (vs forward.true_19):  853431.4375
[Step 35] Backward Propagation - Time: 5.3903s, Mem: -4.11 GB
[Step 35] PGD Update - Time: 0.0026s, Mem: -2.75 MB

[Step 35] 完整步骤总时间: 7.633488s | 总显存: 0.00 B
[Step 35] 峰值显存: 16.97 GB

[Step 36] ============ 详细性能分析 ============
[模型部分] 总时间: 2.274182s | 显存: 4.12 GB

[0-9秒 PDE求解详细性能]

[19秒 PDE求解]
  t=19s - 时间: 2.254718s | 显存: 0.00 B

[PDE求解部分] 总时间: 2.254718s | 显存: 0.00 B

[本步骤总计] 时间: 4.528900s | 显存: 4.12 GB
surrogate_loss (vs forward.true_19):  847705.375
[Step 36] Backward Propagation - Time: 5.3576s, Mem: -4.11 GB
[Step 36] PGD Update - Time: 0.0037s, Mem: -2.75 MB

[Step 36] 完整步骤总时间: 7.636397s | 总显存: 0.00 B
[Step 36] 峰值显存: 16.97 GB

[Step 37] ============ 详细性能分析 ============
[模型部分] 总时间: 2.283786s | 显存: 4.12 GB

[0-9秒 PDE求解详细性能]

[19秒 PDE求解]
  t=19s - 时间: 2.264525s | 显存: 0.00 B

[PDE求解部分] 总时间: 2.264525s | 显存: 0.00 B

[本步骤总计] 时间: 4.548310s | 显存: 4.12 GB
surrogate_loss (vs forward.true_19):  272725.3125
[Step 37] Backward Propagation - Time: 5.3925s, Mem: -4.11 GB
[Step 37] PGD Update - Time: 0.0026s, Mem: -2.75 MB

[Step 37] 完整步骤总时间: 7.679690s | 总显存: 0.00 B
[Step 37] 峰值显存: 16.97 GB

[Step 38] ============ 详细性能分析 ============
[模型部分] 总时间: 2.240470s | 显存: 4.12 GB

[0-9秒 PDE求解详细性能]

[19秒 PDE求解]
  t=19s - 时间: 2.221213s | 显存: 0.00 B

[PDE求解部分] 总时间: 2.221213s | 显存: 0.00 B

[本步骤总计] 时间: 4.461683s | 显存: 4.12 GB
surrogate_loss (vs forward.true_19):  216504.4375
[Step 38] Backward Propagation - Time: 5.6166s, Mem: -4.11 GB
[Step 38] PGD Update - Time: 0.0028s, Mem: -2.75 MB

[Step 38] 完整步骤总时间: 7.860815s | 总显存: 0.00 B
[Step 38] 峰值显存: 16.97 GB

[Step 39] ============ 详细性能分析 ============
[模型部分] 总时间: 2.234721s | 显存: 4.12 GB

[0-9秒 PDE求解详细性能]

[19秒 PDE求解]
  t=19s - 时间: 2.215080s | 显存: 0.00 B

[PDE求解部分] 总时间: 2.215080s | 显存: 0.00 B

[本步骤总计] 时间: 4.449801s | 显存: 4.12 GB
surrogate_loss (vs forward.true_19):  232859.15625
[Step 39] Backward Propagation - Time: 5.3091s, Mem: -4.11 GB
[Step 39] PGD Update - Time: 0.0028s, Mem: -2.75 MB

[Step 39] 完整步骤总时间: 7.547534s | 总显存: 0.00 B
[Step 39] 峰值显存: 16.97 GB

[Step 40] ============ 详细性能分析 ============
[模型部分] 总时间: 2.251094s | 显存: 4.12 GB

[0-9秒 PDE求解详细性能]

[19秒 PDE求解]
  t=19s - 时间: 2.231674s | 显存: 0.00 B

[PDE求解部分] 总时间: 2.231674s | 显存: 0.00 B

[本步骤总计] 时间: 4.482768s | 显存: 4.12 GB
surrogate_loss (vs forward.true_19):  360643.46875
[Step 40] Backward Propagation - Time: 5.8150s, Mem: -4.11 GB
[Step 40] PGD Update - Time: 0.0036s, Mem: -2.75 MB

[Step 40] 完整步骤总时间: 8.070566s | 总显存: 0.00 B
[Step 40] 峰值显存: 16.97 GB

[Step 41] ============ 详细性能分析 ============
[模型部分] 总时间: 2.264905s | 显存: 4.12 GB

[0-9秒 PDE求解详细性能]

[19秒 PDE求解]
  t=19s - 时间: 2.245727s | 显存: 0.00 B

[PDE求解部分] 总时间: 2.245727s | 显存: 0.00 B

[本步骤总计] 时间: 4.510632s | 显存: 4.12 GB
surrogate_loss (vs forward.true_19):  210903.015625
[Step 41] Backward Propagation - Time: 5.3184s, Mem: -4.11 GB
[Step 41] PGD Update - Time: 0.0028s, Mem: -2.75 MB

[Step 41] 完整步骤总时间: 7.586933s | 总显存: 0.00 B
[Step 41] 峰值显存: 16.97 GB

[Step 42] ============ 详细性能分析 ============
[模型部分] 总时间: 2.225916s | 显存: 4.12 GB

[0-9秒 PDE求解详细性能]

[19秒 PDE求解]
  t=19s - 时间: 2.206456s | 显存: 0.00 B

[PDE求解部分] 总时间: 2.206456s | 显存: 0.00 B

[本步骤总计] 时间: 4.432372s | 显存: 4.12 GB
surrogate_loss (vs forward.true_19):  213462.109375
[Step 42] Backward Propagation - Time: 5.4052s, Mem: -4.11 GB
[Step 42] PGD Update - Time: 0.0026s, Mem: -2.75 MB

[Step 42] 完整步骤总时间: 7.634686s | 总显存: 0.00 B
[Step 42] 峰值显存: 16.97 GB

[Step 43] ============ 详细性能分析 ============
[模型部分] 总时间: 2.272738s | 显存: 4.12 GB

[0-9秒 PDE求解详细性能]

[19秒 PDE求解]
  t=19s - 时间: 2.253375s | 显存: 0.00 B

[PDE求解部分] 总时间: 2.253375s | 显存: 0.00 B

[本步骤总计] 时间: 4.526113s | 显存: 4.12 GB
surrogate_loss (vs forward.true_19):  255856.65625
[Step 43] Backward Propagation - Time: 5.4023s, Mem: -4.11 GB
[Step 43] PGD Update - Time: 0.0041s, Mem: -2.75 MB

[Step 43] 完整步骤总时间: 7.680323s | 总显存: 0.00 B
[Step 43] 峰值显存: 16.97 GB

[Step 44] ============ 详细性能分析 ============
[模型部分] 总时间: 2.248271s | 显存: 4.12 GB

[0-9秒 PDE求解详细性能]

[19秒 PDE求解]
  t=19s - 时间: 2.229027s | 显存: 0.00 B

[PDE求解部分] 总时间: 2.229027s | 显存: 0.00 B

[本步骤总计] 时间: 4.477298s | 显存: 4.12 GB
surrogate_loss (vs forward.true_19):  220175.359375
[Step 44] Backward Propagation - Time: 5.3473s, Mem: -4.11 GB
[Step 44] PGD Update - Time: 0.0030s, Mem: -2.75 MB

[Step 44] 完整步骤总时间: 7.599418s | 总显存: 0.00 B
[Step 44] 峰值显存: 16.97 GB

[Step 45] ============ 详细性能分析 ============
[模型部分] 总时间: 2.247024s | 显存: 4.12 GB

[0-9秒 PDE求解详细性能]

[19秒 PDE求解]
  t=19s - 时间: 2.227800s | 显存: 0.00 B

[PDE求解部分] 总时间: 2.227800s | 显存: 0.00 B

[本步骤总计] 时间: 4.474825s | 显存: 4.12 GB
surrogate_loss (vs forward.true_19):  319262.21875
[Step 45] Backward Propagation - Time: 5.4041s, Mem: -4.11 GB
[Step 45] PGD Update - Time: 0.0027s, Mem: -2.75 MB

[Step 45] 完整步骤总时间: 7.654755s | 总显存: 0.00 B
[Step 45] 峰值显存: 16.97 GB

[Step 46] ============ 详细性能分析 ============
[模型部分] 总时间: 2.259956s | 显存: 4.12 GB

[0-9秒 PDE求解详细性能]

[19秒 PDE求解]
  t=19s - 时间: 2.240547s | 显存: 0.00 B

[PDE求解部分] 总时间: 2.240547s | 显存: 0.00 B

[本步骤总计] 时间: 4.500503s | 显存: 4.12 GB
surrogate_loss (vs forward.true_19):  222440.453125
[Step 46] Backward Propagation - Time: 5.4928s, Mem: -4.11 GB
[Step 46] PGD Update - Time: 0.0027s, Mem: -2.75 MB

[Step 46] 完整步骤总时间: 7.756264s | 总显存: 0.00 B
[Step 46] 峰值显存: 16.97 GB

[Step 47] ============ 详细性能分析 ============
[模型部分] 总时间: 2.267939s | 显存: 4.12 GB

[0-9秒 PDE求解详细性能]

[19秒 PDE求解]
  t=19s - 时间: 2.248551s | 显存: 0.00 B

[PDE求解部分] 总时间: 2.248551s | 显存: 0.00 B

[本步骤总计] 时间: 4.516490s | 显存: 4.12 GB
surrogate_loss (vs forward.true_19):  216121.859375
[Step 47] Backward Propagation - Time: 5.8243s, Mem: -4.11 GB
[Step 47] PGD Update - Time: 0.0041s, Mem: -2.75 MB

[Step 47] 完整步骤总时间: 8.097546s | 总显存: 0.00 B
[Step 47] 峰值显存: 16.97 GB

[Step 48] ============ 详细性能分析 ============
[模型部分] 总时间: 2.261199s | 显存: 4.12 GB

[0-9秒 PDE求解详细性能]

[19秒 PDE求解]
  t=19s - 时间: 2.241967s | 显存: 0.00 B

[PDE求解部分] 总时间: 2.241967s | 显存: 0.00 B

[本步骤总计] 时间: 4.503166s | 显存: 4.12 GB
surrogate_loss (vs forward.true_19):  203188.84375
[Step 48] Backward Propagation - Time: 5.4544s, Mem: -4.11 GB
[Step 48] PGD Update - Time: 0.0030s, Mem: -2.75 MB

[Step 48] 完整步骤总时间: 7.719504s | 总显存: 0.00 B
[Step 48] 峰值显存: 16.97 GB

[Step 49] ============ 详细性能分析 ============
[模型部分] 总时间: 2.282451s | 显存: 4.12 GB

[0-9秒 PDE求解详细性能]

[19秒 PDE求解]
  t=19s - 时间: 2.263133s | 显存: 0.00 B

[PDE求解部分] 总时间: 2.263133s | 显存: 0.00 B

[本步骤总计] 时间: 4.545584s | 显存: 4.12 GB
surrogate_loss (vs forward.true_19):  275000.96875
[Step 49] Backward Propagation - Time: 5.3815s, Mem: -4.11 GB
[Step 49] PGD Update - Time: 0.0028s, Mem: -2.75 MB

[Step 49] 完整步骤总时间: 7.667732s | 总显存: 0.00 B
[Step 49] 峰值显存: 16.97 GB

[Step 50] ============ 详细性能分析 ============
[模型部分] 总时间: 2.265388s | 显存: 4.12 GB

[0-9秒 PDE求解详细性能]

[19秒 PDE求解]
  t=19s - 时间: 2.245737s | 显存: 0.00 B

[PDE求解部分] 总时间: 2.245737s | 显存: 0.00 B

[本步骤总计] 时间: 4.511125s | 显存: 4.12 GB
surrogate_loss (vs forward.true_19):  336566.21875
[Step 50] Backward Propagation - Time: 5.3453s, Mem: -4.11 GB
[Step 50] PGD Update - Time: 0.0026s, Mem: -2.75 MB

[Step 50] 完整步骤总时间: 7.614136s | 总显存: 0.00 B
[Step 50] 峰值显存: 16.97 GB

[Step 51] ============ 详细性能分析 ============
[模型部分] 总时间: 2.254706s | 显存: 4.12 GB

[0-9秒 PDE求解详细性能]

[19秒 PDE求解]
  t=19s - 时间: 2.235504s | 显存: 0.00 B

[PDE求解部分] 总时间: 2.235504s | 显存: 0.00 B

[本步骤总计] 时间: 4.490210s | 显存: 4.12 GB
surrogate_loss (vs forward.true_19):  321628.21875
[Step 51] Backward Propagation - Time: 5.3715s, Mem: -4.11 GB
[Step 51] PGD Update - Time: 0.0041s, Mem: -2.75 MB

[Step 51] 完整步骤总时间: 7.631424s | 总显存: 0.00 B
[Step 51] 峰值显存: 16.97 GB

[Step 52] ============ 详细性能分析 ============
[模型部分] 总时间: 2.259914s | 显存: 4.12 GB

[0-9秒 PDE求解详细性能]

[19秒 PDE求解]
  t=19s - 时间: 2.240628s | 显存: 0.00 B

[PDE求解部分] 总时间: 2.240628s | 显存: 0.00 B

[本步骤总计] 时间: 4.500542s | 显存: 4.12 GB
surrogate_loss (vs forward.true_19):  311371.4375
[Step 52] Backward Propagation - Time: 5.4279s, Mem: -4.11 GB
[Step 52] PGD Update - Time: 0.0030s, Mem: -2.75 MB

[Step 52] 完整步骤总时间: 7.691984s | 总显存: 0.00 B
[Step 52] 峰值显存: 16.97 GB

[Step 53] ============ 详细性能分析 ============
[模型部分] 总时间: 2.291406s | 显存: 4.12 GB

[0-9秒 PDE求解详细性能]

[19秒 PDE求解]
  t=19s - 时间: 2.271773s | 显存: 0.00 B

[PDE求解部分] 总时间: 2.271773s | 显存: 0.00 B

[本步骤总计] 时间: 4.563179s | 显存: 4.12 GB
surrogate_loss (vs forward.true_19):  355874.625
[Step 53] Backward Propagation - Time: 5.4169s, Mem: -4.11 GB
[Step 53] PGD Update - Time: 0.0026s, Mem: -2.75 MB

[Step 53] 完整步骤总时间: 7.711942s | 总显存: 0.00 B
[Step 53] 峰值显存: 16.97 GB

[Step 54] ============ 详细性能分析 ============
[模型部分] 总时间: 2.271536s | 显存: 4.12 GB

[0-9秒 PDE求解详细性能]

[19秒 PDE求解]
  t=19s - 时间: 2.252254s | 显存: 0.00 B

[PDE求解部分] 总时间: 2.252254s | 显存: 0.00 B

[本步骤总计] 时间: 4.523790s | 显存: 4.12 GB
surrogate_loss (vs forward.true_19):  513576.71875
[Step 54] Backward Propagation - Time: 5.4275s, Mem: -4.11 GB
[Step 54] PGD Update - Time: 0.0026s, Mem: -2.75 MB

[Step 54] 完整步骤总时间: 7.702448s | 总显存: 0.00 B
[Step 54] 峰值显存: 16.97 GB

[Step 55] ============ 详细性能分析 ============
[模型部分] 总时间: 2.280525s | 显存: 4.12 GB

[0-9秒 PDE求解详细性能]

[19秒 PDE求解]
  t=19s - 时间: 2.261244s | 显存: 0.00 B

[PDE求解部分] 总时间: 2.261244s | 显存: 0.00 B

[本步骤总计] 时间: 4.541770s | 显存: 4.12 GB
surrogate_loss (vs forward.true_19):  498856.0
[Step 55] Backward Propagation - Time: 5.4292s, Mem: -4.11 GB
[Step 55] PGD Update - Time: 0.0041s, Mem: -2.75 MB

[Step 55] 完整步骤总时间: 7.715018s | 总显存: 0.00 B
[Step 55] 峰值显存: 16.97 GB

[Step 56] ============ 详细性能分析 ============
[模型部分] 总时间: 2.268319s | 显存: 4.12 GB

[0-9秒 PDE求解详细性能]

[19秒 PDE求解]
  t=19s - 时间: 2.249067s | 显存: 0.00 B

[PDE求解部分] 总时间: 2.249067s | 显存: 0.00 B

[本步骤总计] 时间: 4.517386s | 显存: 4.12 GB
surrogate_loss (vs forward.true_19):  298849.84375
[Step 56] Backward Propagation - Time: 5.3518s, Mem: -4.11 GB
[Step 56] PGD Update - Time: 0.0029s, Mem: -2.75 MB

[Step 56] 完整步骤总时间: 7.623906s | 总显存: 0.00 B
[Step 56] 峰值显存: 16.97 GB

[Step 57] ============ 详细性能分析 ============
[模型部分] 总时间: 2.249899s | 显存: 4.12 GB

[0-9秒 PDE求解详细性能]

[19秒 PDE求解]
  t=19s - 时间: 2.230697s | 显存: 0.00 B

[PDE求解部分] 总时间: 2.230697s | 显存: 0.00 B

[本步骤总计] 时间: 4.480596s | 显存: 4.12 GB
surrogate_loss (vs forward.true_19):  261914.65625
[Step 57] Backward Propagation - Time: 5.4001s, Mem: -4.11 GB
[Step 57] PGD Update - Time: 0.0029s, Mem: -2.75 MB

[Step 57] 完整步骤总时间: 7.654009s | 总显存: 0.00 B
[Step 57] 峰值显存: 16.97 GB

[Step 58] ============ 详细性能分析 ============
[模型部分] 总时间: 2.294061s | 显存: 4.12 GB

[0-9秒 PDE求解详细性能]

[19秒 PDE求解]
  t=19s - 时间: 2.274522s | 显存: 0.00 B

[PDE求解部分] 总时间: 2.274522s | 显存: 0.00 B

[本步骤总计] 时间: 4.568583s | 显存: 4.12 GB
surrogate_loss (vs forward.true_19):  446809.25
[Step 58] Backward Propagation - Time: 5.9034s, Mem: -4.11 GB
[Step 58] PGD Update - Time: 0.0026s, Mem: -2.75 MB

[Step 58] 完整步骤总时间: 8.200999s | 总显存: 0.00 B
[Step 58] 峰值显存: 16.97 GB

[Step 59] ============ 详细性能分析 ============
[模型部分] 总时间: 2.280913s | 显存: 4.12 GB

[0-9秒 PDE求解详细性能]

[19秒 PDE求解]
  t=19s - 时间: 2.261493s | 显存: 0.00 B

[PDE求解部分] 总时间: 2.261493s | 显存: 0.00 B

[本步骤总计] 时间: 4.542405s | 显存: 4.12 GB
surrogate_loss (vs forward.true_19):  318951.875
[Step 59] Backward Propagation - Time: 5.3519s, Mem: -4.11 GB
[Step 59] PGD Update - Time: 0.0041s, Mem: -2.75 MB

[Step 59] 完整步骤总时间: 7.638101s | 总显存: 0.00 B
[Step 59] 峰值显存: 16.97 GB

[Step 60] ============ 详细性能分析 ============
[模型部分] 总时间: 2.300374s | 显存: 4.12 GB

[0-9秒 PDE求解详细性能]

[19秒 PDE求解]
  t=19s - 时间: 2.281126s | 显存: 0.00 B

[PDE求解部分] 总时间: 2.281126s | 显存: 0.00 B

[本步骤总计] 时间: 4.581500s | 显存: 4.12 GB
surrogate_loss (vs forward.true_19):  362016.28125
[Step 60] Backward Propagation - Time: 5.4166s, Mem: -4.11 GB
[Step 60] PGD Update - Time: 0.0030s, Mem: -2.75 MB

[Step 60] 完整步骤总时间: 7.720853s | 总显存: 0.00 B
[Step 60] 峰值显存: 16.97 GB

[Step 61] ============ 详细性能分析 ============
[模型部分] 总时间: 2.259773s | 显存: 4.12 GB

[0-9秒 PDE求解详细性能]

[19秒 PDE求解]
  t=19s - 时间: 2.240527s | 显存: 0.00 B

[PDE求解部分] 总时间: 2.240527s | 显存: 0.00 B

[本步骤总计] 时间: 4.500299s | 显存: 4.12 GB
surrogate_loss (vs forward.true_19):  523610.34375
[Step 61] Backward Propagation - Time: 5.4294s, Mem: -4.11 GB
[Step 61] PGD Update - Time: 0.0030s, Mem: -2.75 MB

[Step 61] 完整步骤总时间: 7.693249s | 总显存: 0.00 B
[Step 61] 峰值显存: 16.97 GB

[Step 62] ============ 详细性能分析 ============
[模型部分] 总时间: 2.258876s | 显存: 4.12 GB

[0-9秒 PDE求解详细性能]

[19秒 PDE求解]
  t=19s - 时间: 2.239240s | 显存: 0.00 B

[PDE求解部分] 总时间: 2.239240s | 显存: 0.00 B

[本步骤总计] 时间: 4.498116s | 显存: 4.12 GB
surrogate_loss (vs forward.true_19):  399671.8125
[Step 62] Backward Propagation - Time: 5.4225s, Mem: -4.11 GB
[Step 62] PGD Update - Time: 0.0027s, Mem: -2.75 MB

[Step 62] 完整步骤总时间: 7.684967s | 总显存: 0.00 B
[Step 62] 峰值显存: 16.97 GB

[Step 63] ============ 详细性能分析 ============
[模型部分] 总时间: 2.257830s | 显存: 4.12 GB

[0-9秒 PDE求解详细性能]

[19秒 PDE求解]
  t=19s - 时间: 2.238507s | 显存: 0.00 B

[PDE求解部分] 总时间: 2.238507s | 显存: 0.00 B

[本步骤总计] 时间: 4.496338s | 显存: 4.12 GB
surrogate_loss (vs forward.true_19):  579167.0625
[Step 63] Backward Propagation - Time: 5.3762s, Mem: -4.11 GB
[Step 63] PGD Update - Time: 0.0041s, Mem: -2.75 MB

[Step 63] 完整步骤总时间: 7.639380s | 总显存: 0.00 B
[Step 63] 峰值显存: 16.97 GB

[Step 64] ============ 详细性能分析 ============
[模型部分] 总时间: 2.282688s | 显存: 4.12 GB

[0-9秒 PDE求解详细性能]

[19秒 PDE求解]
  t=19s - 时间: 2.263470s | 显存: 0.00 B

[PDE求解部分] 总时间: 2.263470s | 显存: 0.00 B

[本步骤总计] 时间: 4.546158s | 显存: 4.12 GB
surrogate_loss (vs forward.true_19):  549754.1875
[Step 64] Backward Propagation - Time: 5.4253s, Mem: -4.11 GB
[Step 64] PGD Update - Time: 0.0030s, Mem: -2.75 MB

[Step 64] 完整步骤总时间: 7.711840s | 总显存: 0.00 B
[Step 64] 峰值显存: 16.97 GB

[Step 65] ============ 详细性能分析 ============
[模型部分] 总时间: 2.253127s | 显存: 4.12 GB

[0-9秒 PDE求解详细性能]

[19秒 PDE求解]
  t=19s - 时间: 2.233934s | 显存: 0.00 B

[PDE求解部分] 总时间: 2.233934s | 显存: 0.00 B

[本步骤总计] 时间: 4.487061s | 显存: 4.12 GB
surrogate_loss (vs forward.true_19):  590175.25
[Step 65] Backward Propagation - Time: 5.4419s, Mem: -4.11 GB
[Step 65] PGD Update - Time: 0.0027s, Mem: -2.75 MB

[Step 65] 完整步骤总时间: 7.698834s | 总显存: 0.00 B
[Step 65] 峰值显存: 16.97 GB

[Step 66] ============ 详细性能分析 ============
[模型部分] 总时间: 2.279210s | 显存: 4.12 GB

[0-9秒 PDE求解详细性能]

[19秒 PDE求解]
  t=19s - 时间: 2.259799s | 显存: 0.00 B

[PDE求解部分] 总时间: 2.259799s | 显存: 0.00 B

[本步骤总计] 时间: 4.539009s | 显存: 4.12 GB
surrogate_loss (vs forward.true_19):  513317.90625
[Step 66] Backward Propagation - Time: 5.3657s, Mem: -4.11 GB
[Step 66] PGD Update - Time: 0.0028s, Mem: -2.75 MB

[Step 66] 完整步骤总时间: 7.648663s | 总显存: 0.00 B
[Step 66] 峰值显存: 16.97 GB

[Step 67] ============ 详细性能分析 ============
[模型部分] 总时间: 2.271027s | 显存: 4.12 GB

[0-9秒 PDE求解详细性能]

[19秒 PDE求解]
  t=19s - 时间: 2.251449s | 显存: 0.00 B

[PDE求解部分] 总时间: 2.251449s | 显存: 0.00 B

[本步骤总计] 时间: 4.522476s | 显存: 4.12 GB
surrogate_loss (vs forward.true_19):  462565.28125
[Step 67] Backward Propagation - Time: 5.3791s, Mem: -4.11 GB
[Step 67] PGD Update - Time: 0.0026s, Mem: -2.75 MB

[Step 67] 完整步骤总时间: 7.653643s | 总显存: 0.00 B
[Step 67] 峰值显存: 16.97 GB

[Step 68] ============ 详细性能分析 ============
[模型部分] 总时间: 2.267089s | 显存: 4.12 GB

[0-9秒 PDE求解详细性能]

[19秒 PDE求解]
  t=19s - 时间: 2.247666s | 显存: 0.00 B

[PDE求解部分] 总时间: 2.247666s | 显存: 0.00 B

[本步骤总计] 时间: 4.514755s | 显存: 4.12 GB
surrogate_loss (vs forward.true_19):  534601.875
[Step 68] Backward Propagation - Time: 5.3064s, Mem: -4.11 GB
[Step 68] PGD Update - Time: 0.0037s, Mem: -2.75 MB

[Step 68] 完整步骤总时间: 7.578079s | 总显存: 0.00 B
[Step 68] 峰值显存: 16.97 GB

[Step 69] ============ 详细性能分析 ============
[模型部分] 总时间: 2.274154s | 显存: 4.12 GB

[0-9秒 PDE求解详细性能]

[19秒 PDE求解]
  t=19s - 时间: 2.254933s | 显存: 0.00 B

[PDE求解部分] 总时间: 2.254933s | 显存: 0.00 B

[本步骤总计] 时间: 4.529086s | 显存: 4.12 GB
surrogate_loss (vs forward.true_19):  523419.5625
[Step 69] Backward Propagation - Time: 5.3778s, Mem: -4.11 GB
[Step 69] PGD Update - Time: 0.0027s, Mem: -2.75 MB

[Step 69] 完整步骤总时间: 7.655624s | 总显存: 0.00 B
[Step 69] 峰值显存: 16.97 GB

[Step 70] ============ 详细性能分析 ============
[模型部分] 总时间: 2.254042s | 显存: 4.12 GB

[0-9秒 PDE求解详细性能]

[19秒 PDE求解]
  t=19s - 时间: 2.234783s | 显存: 0.00 B

[PDE求解部分] 总时间: 2.234783s | 显存: 0.00 B

[本步骤总计] 时间: 4.488826s | 显存: 4.12 GB
surrogate_loss (vs forward.true_19):  490164.75
[Step 70] Backward Propagation - Time: 5.4002s, Mem: -4.11 GB
[Step 70] PGD Update - Time: 0.0028s, Mem: -2.75 MB

[Step 70] 完整步骤总时间: 7.658139s | 总显存: 0.00 B
[Step 70] 峰值显存: 16.97 GB

[Step 71] ============ 详细性能分析 ============
[模型部分] 总时间: 2.288904s | 显存: 4.12 GB

[0-9秒 PDE求解详细性能]

[19秒 PDE求解]
  t=19s - 时间: 2.269384s | 显存: 0.00 B

[PDE求解部分] 总时间: 2.269384s | 显存: 0.00 B

[本步骤总计] 时间: 4.558288s | 显存: 4.12 GB
surrogate_loss (vs forward.true_19):  463333.0
[Step 71] Backward Propagation - Time: 5.9542s, Mem: -4.11 GB
[Step 71] PGD Update - Time: 0.0027s, Mem: -2.75 MB

[Step 71] 完整步骤总时间: 8.246783s | 总显存: 0.00 B
[Step 71] 峰值显存: 16.97 GB

[Step 72] ============ 详细性能分析 ============
[模型部分] 总时间: 2.250749s | 显存: 4.12 GB

[0-9秒 PDE求解详细性能]

[19秒 PDE求解]
  t=19s - 时间: 2.231362s | 显存: 0.00 B

[PDE求解部分] 总时间: 2.231362s | 显存: 0.00 B

[本步骤总计] 时间: 4.482111s | 显存: 4.12 GB
surrogate_loss (vs forward.true_19):  458154.5625
[Step 72] Backward Propagation - Time: 5.3638s, Mem: -4.11 GB
[Step 72] PGD Update - Time: 0.0041s, Mem: -2.75 MB

[Step 72] 完整步骤总时间: 7.619965s | 总显存: 0.00 B
[Step 72] 峰值显存: 16.97 GB

[Step 73] ============ 详细性能分析 ============
[模型部分] 总时间: 2.261035s | 显存: 4.12 GB

[0-9秒 PDE求解详细性能]

[19秒 PDE求解]
  t=19s - 时间: 2.241818s | 显存: 0.00 B

[PDE求解部分] 总时间: 2.241818s | 显存: 0.00 B

[本步骤总计] 时间: 4.502853s | 显存: 4.12 GB
surrogate_loss (vs forward.true_19):  408224.625
[Step 73] Backward Propagation - Time: 5.4278s, Mem: -4.11 GB
[Step 73] PGD Update - Time: 0.0029s, Mem: -2.75 MB

[Step 73] 完整步骤总时间: 7.692583s | 总显存: 0.00 B
[Step 73] 峰值显存: 16.97 GB

[Step 74] ============ 详细性能分析 ============
[模型部分] 总时间: 2.248775s | 显存: 4.12 GB

[0-9秒 PDE求解详细性能]

[19秒 PDE求解]
  t=19s - 时间: 2.229576s | 显存: 0.00 B

[PDE求解部分] 总时间: 2.229576s | 显存: 0.00 B

[本步骤总计] 时间: 4.478351s | 显存: 4.12 GB
surrogate_loss (vs forward.true_19):  315702.84375
[Step 74] Backward Propagation - Time: 5.4235s, Mem: -4.11 GB
[Step 74] PGD Update - Time: 0.0025s, Mem: -2.75 MB

[Step 74] 完整步骤总时间: 7.675618s | 总显存: 0.00 B
[Step 74] 峰值显存: 16.97 GB

[Step 75] ============ 详细性能分析 ============
[模型部分] 总时间: 2.263416s | 显存: 4.12 GB

[0-9秒 PDE求解详细性能]

[19秒 PDE求解]
  t=19s - 时间: 2.244270s | 显存: 0.00 B

[PDE求解部分] 总时间: 2.244270s | 显存: 0.00 B

[本步骤总计] 时间: 4.507686s | 显存: 4.12 GB
surrogate_loss (vs forward.true_19):  359707.59375
[Step 75] Backward Propagation - Time: 5.4177s, Mem: -4.11 GB
[Step 75] PGD Update - Time: 0.0028s, Mem: -2.75 MB

[Step 75] 完整步骤总时间: 7.685066s | 总显存: 0.00 B
[Step 75] 峰值显存: 16.97 GB

[Step 76] ============ 详细性能分析 ============
[模型部分] 总时间: 2.300030s | 显存: 4.12 GB

[0-9秒 PDE求解详细性能]

[19秒 PDE求解]
  t=19s - 时间: 2.280355s | 显存: 0.00 B

[PDE求解部分] 总时间: 2.280355s | 显存: 0.00 B

[本步骤总计] 时间: 4.580385s | 显存: 4.12 GB
surrogate_loss (vs forward.true_19):  323645.46875
[Step 76] Backward Propagation - Time: 5.4192s, Mem: -4.11 GB
[Step 76] PGD Update - Time: 0.0026s, Mem: -2.75 MB

[Step 76] 完整步骤总时间: 7.722809s | 总显存: 0.00 B
[Step 76] 峰值显存: 16.97 GB

[Step 77] ============ 详细性能分析 ============
[模型部分] 总时间: 2.250307s | 显存: 4.12 GB

[0-9秒 PDE求解详细性能]

[19秒 PDE求解]
  t=19s - 时间: 2.230985s | 显存: 0.00 B

[PDE求解部分] 总时间: 2.230985s | 显存: 0.00 B

[本步骤总计] 时间: 4.481293s | 显存: 4.12 GB
surrogate_loss (vs forward.true_19):  396421.25
[Step 77] Backward Propagation - Time: 5.3765s, Mem: -4.11 GB
[Step 77] PGD Update - Time: 0.0040s, Mem: -2.75 MB

[Step 77] 完整步骤总时间: 7.632061s | 总显存: 0.00 B
[Step 77] 峰值显存: 16.97 GB

[Step 78] ============ 详细性能分析 ============
[模型部分] 总时间: 2.288542s | 显存: 4.12 GB

[0-9秒 PDE求解详细性能]

[19秒 PDE求解]
  t=19s - 时间: 2.269291s | 显存: 0.00 B

[PDE求解部分] 总时间: 2.269291s | 显存: 0.00 B

[本步骤总计] 时间: 4.557832s | 显存: 4.12 GB
surrogate_loss (vs forward.true_19):  180825.8125
[Step 78] Backward Propagation - Time: 5.3895s, Mem: -4.11 GB
[Step 78] PGD Update - Time: 0.0029s, Mem: -2.75 MB

[Step 78] 完整步骤总时间: 7.681924s | 总显存: 0.00 B
[Step 78] 峰值显存: 16.97 GB

[Step 79] ============ 详细性能分析 ============
[模型部分] 总时间: 2.238532s | 显存: 4.12 GB

[0-9秒 PDE求解详细性能]

[19秒 PDE求解]
  t=19s - 时间: 2.219312s | 显存: 0.00 B

[PDE求解部分] 总时间: 2.219312s | 显存: 0.00 B

[本步骤总计] 时间: 4.457844s | 显存: 4.12 GB
surrogate_loss (vs forward.true_19):  222880.09375
[Step 79] Backward Propagation - Time: 5.3430s, Mem: -4.11 GB
[Step 79] PGD Update - Time: 0.0027s, Mem: -2.75 MB

[Step 79] 完整步骤总时间: 7.585384s | 总显存: 0.00 B
[Step 79] 峰值显存: 16.97 GB

[Step 80] ============ 详细性能分析 ============
[模型部分] 总时间: 2.279173s | 显存: 4.12 GB

[0-9秒 PDE求解详细性能]

[19秒 PDE求解]
  t=19s - 时间: 2.259866s | 显存: 0.00 B

[PDE求解部分] 总时间: 2.259866s | 显存: 0.00 B

[本步骤总计] 时间: 4.539039s | 显存: 4.12 GB
surrogate_loss (vs forward.true_19):  328073.375
[Step 80] Backward Propagation - Time: 5.4273s, Mem: -4.11 GB
[Step 80] PGD Update - Time: 0.0028s, Mem: -2.75 MB

[Step 80] 完整步骤总时间: 7.710246s | 总显存: 0.00 B
[Step 80] 峰值显存: 16.97 GB

[Step 81] ============ 详细性能分析 ============
[模型部分] 总时间: 2.277968s | 显存: 4.12 GB

[0-9秒 PDE求解详细性能]

[19秒 PDE求解]
  t=19s - 时间: 2.258316s | 显存: 0.00 B

[PDE求解部分] 总时间: 2.258316s | 显存: 0.00 B

[本步骤总计] 时间: 4.536284s | 显存: 4.12 GB
surrogate_loss (vs forward.true_19):  350748.25
[Step 81] Backward Propagation - Time: 5.4161s, Mem: -4.11 GB
[Step 81] PGD Update - Time: 0.0026s, Mem: -2.75 MB

[Step 81] 完整步骤总时间: 7.697534s | 总显存: 0.00 B
[Step 81] 峰值显存: 16.97 GB

[Step 82] ============ 详细性能分析 ============
[模型部分] 总时间: 2.288453s | 显存: 4.12 GB

[0-9秒 PDE求解详细性能]

[19秒 PDE求解]
  t=19s - 时间: 2.269236s | 显存: 0.00 B

[PDE求解部分] 总时间: 2.269236s | 显存: 0.00 B

[本步骤总计] 时间: 4.557690s | 显存: 4.12 GB
surrogate_loss (vs forward.true_19):  251072.40625
[Step 82] Backward Propagation - Time: 5.3971s, Mem: -4.11 GB
[Step 82] PGD Update - Time: 0.0042s, Mem: -2.75 MB

[Step 82] 完整步骤总时间: 7.691061s | 总显存: 0.00 B
[Step 82] 峰值显存: 16.97 GB

[Step 83] ============ 详细性能分析 ============
[模型部分] 总时间: 2.285522s | 显存: 4.12 GB

[0-9秒 PDE求解详细性能]

[19秒 PDE求解]
  t=19s - 时间: 2.266326s | 显存: 0.00 B

[PDE求解部分] 总时间: 2.266326s | 显存: 0.00 B

[本步骤总计] 时间: 4.551848s | 显存: 4.12 GB
surrogate_loss (vs forward.true_19):  573808.4375
[Step 83] Backward Propagation - Time: 5.2888s, Mem: -4.11 GB
[Step 83] PGD Update - Time: 0.0030s, Mem: -2.75 MB

[Step 83] 完整步骤总时间: 7.578224s | 总显存: 0.00 B
[Step 83] 峰值显存: 16.97 GB

[Step 84] ============ 详细性能分析 ============
[模型部分] 总时间: 2.248181s | 显存: 4.12 GB

[0-9秒 PDE求解详细性能]

[19秒 PDE求解]
  t=19s - 时间: 2.229018s | 显存: 0.00 B

[PDE求解部分] 总时间: 2.229018s | 显存: 0.00 B

[本步骤总计] 时间: 4.477200s | 显存: 4.12 GB
surrogate_loss (vs forward.true_19):  406494.875
[Step 84] Backward Propagation - Time: 5.3753s, Mem: -4.11 GB
[Step 84] PGD Update - Time: 0.0026s, Mem: -2.75 MB

[Step 84] 完整步骤总时间: 7.627043s | 总显存: 0.00 B
[Step 84] 峰值显存: 16.97 GB

[Step 85] ============ 详细性能分析 ============
[模型部分] 总时间: 2.251552s | 显存: 4.12 GB

[0-9秒 PDE求解详细性能]

[19秒 PDE求解]
  t=19s - 时间: 2.232284s | 显存: 0.00 B

[PDE求解部分] 总时间: 2.232284s | 显存: 0.00 B

[本步骤总计] 时间: 4.483836s | 显存: 4.12 GB
surrogate_loss (vs forward.true_19):  278953.875
[Step 85] Backward Propagation - Time: 5.3796s, Mem: -4.11 GB
[Step 85] PGD Update - Time: 0.0027s, Mem: -2.75 MB

[Step 85] 完整步骤总时间: 7.634784s | 总显存: 0.00 B
[Step 85] 峰值显存: 16.97 GB

[Step 86] ============ 详细性能分析 ============
[模型部分] 总时间: 2.251458s | 显存: 4.12 GB

[0-9秒 PDE求解详细性能]

[19秒 PDE求解]
  t=19s - 时间: 2.231949s | 显存: 0.00 B

[PDE求解部分] 总时间: 2.231949s | 显存: 0.00 B

[本步骤总计] 时间: 4.483407s | 显存: 4.12 GB
surrogate_loss (vs forward.true_19):  464008.15625
[Step 86] Backward Propagation - Time: 5.4207s, Mem: -4.11 GB
[Step 86] PGD Update - Time: 0.0026s, Mem: -2.75 MB

[Step 86] 完整步骤总时间: 7.675724s | 总显存: 0.00 B
[Step 86] 峰值显存: 16.97 GB

[Step 87] ============ 详细性能分析 ============
[模型部分] 总时间: 2.273341s | 显存: 4.12 GB

[0-9秒 PDE求解详细性能]

[19秒 PDE求解]
  t=19s - 时间: 2.254091s | 显存: 0.00 B

[PDE求解部分] 总时间: 2.254091s | 显存: 0.00 B

[本步骤总计] 时间: 4.527432s | 显存: 4.12 GB
surrogate_loss (vs forward.true_19):  540669.75
[Step 87] Backward Propagation - Time: 6.1434s, Mem: -4.11 GB
[Step 87] PGD Update - Time: 0.0036s, Mem: -2.75 MB

[Step 87] 完整步骤总时间: 8.421406s | 总显存: 0.00 B
[Step 87] 峰值显存: 16.97 GB

[Step 88] ============ 详细性能分析 ============
[模型部分] 总时间: 2.235808s | 显存: 4.12 GB

[0-9秒 PDE求解详细性能]

[19秒 PDE求解]
  t=19s - 时间: 2.216558s | 显存: 0.00 B

[PDE求解部分] 总时间: 2.216558s | 显存: 0.00 B

[本步骤总计] 时间: 4.452367s | 显存: 4.12 GB
surrogate_loss (vs forward.true_19):  463192.0
[Step 88] Backward Propagation - Time: 5.3304s, Mem: -4.11 GB
[Step 88] PGD Update - Time: 0.0028s, Mem: -2.75 MB

[Step 88] 完整步骤总时间: 7.569909s | 总显存: 0.00 B
[Step 88] 峰值显存: 16.97 GB

[Step 89] ============ 详细性能分析 ============
[模型部分] 总时间: 2.275030s | 显存: 4.12 GB

[0-9秒 PDE求解详细性能]

[19秒 PDE求解]
  t=19s - 时间: 2.255861s | 显存: 0.00 B

[PDE求解部分] 总时间: 2.255861s | 显存: 0.00 B

[本步骤总计] 时间: 4.530891s | 显存: 4.12 GB
surrogate_loss (vs forward.true_19):  414292.0625
[Step 89] Backward Propagation - Time: 5.4302s, Mem: -4.11 GB
[Step 89] PGD Update - Time: 0.0025s, Mem: -2.75 MB

[Step 89] 完整步骤总时间: 7.708714s | 总显存: 0.00 B
[Step 89] 峰值显存: 16.97 GB

[Step 90] ============ 详细性能分析 ============
[模型部分] 总时间: 2.278890s | 显存: 4.12 GB

[0-9秒 PDE求解详细性能]

[19秒 PDE求解]
  t=19s - 时间: 2.259703s | 显存: 0.00 B

[PDE求解部分] 总时间: 2.259703s | 显存: 0.00 B

[本步骤总计] 时间: 4.538593s | 显存: 4.12 GB
surrogate_loss (vs forward.true_19):  331128.125
[Step 90] Backward Propagation - Time: 5.3951s, Mem: -4.11 GB
[Step 90] PGD Update - Time: 0.0028s, Mem: -2.75 MB

[Step 90] 完整步骤总时间: 7.677718s | 总显存: 0.00 B
[Step 90] 峰值显存: 16.97 GB

[Step 91] ============ 详细性能分析 ============
[模型部分] 总时间: 2.255903s | 显存: 4.12 GB

[0-9秒 PDE求解详细性能]

[19秒 PDE求解]
  t=19s - 时间: 2.236211s | 显存: 0.00 B

[PDE求解部分] 总时间: 2.236211s | 显存: 0.00 B

[本步骤总计] 时间: 4.492114s | 显存: 4.12 GB
surrogate_loss (vs forward.true_19):  336673.0625
[Step 91] Backward Propagation - Time: 5.3701s, Mem: -4.11 GB
[Step 91] PGD Update - Time: 0.0026s, Mem: -2.75 MB

[Step 91] 完整步骤总时间: 7.629539s | 总显存: 0.00 B
[Step 91] 峰值显存: 16.97 GB

[Step 92] ============ 详细性能分析 ============
[模型部分] 总时间: 2.289305s | 显存: 4.12 GB

[0-9秒 PDE求解详细性能]

[19秒 PDE求解]
  t=19s - 时间: 2.270085s | 显存: 0.00 B

[PDE求解部分] 总时间: 2.270085s | 显存: 0.00 B

[本步骤总计] 时间: 4.559389s | 显存: 4.12 GB
surrogate_loss (vs forward.true_19):  470336.75
[Step 92] Backward Propagation - Time: 5.3634s, Mem: -4.11 GB
[Step 92] PGD Update - Time: 0.0043s, Mem: -2.75 MB

[Step 92] 完整步骤总时间: 7.658428s | 总显存: 0.00 B
[Step 92] 峰值显存: 16.97 GB

[Step 93] ============ 详细性能分析 ============
[模型部分] 总时间: 2.241103s | 显存: 4.12 GB

[0-9秒 PDE求解详细性能]

[19秒 PDE求解]
  t=19s - 时间: 2.221842s | 显存: 0.00 B

[PDE求解部分] 总时间: 2.221842s | 显存: 0.00 B

[本步骤总计] 时间: 4.462945s | 显存: 4.12 GB
surrogate_loss (vs forward.true_19):  399007.34375
[Step 93] Backward Propagation - Time: 5.3048s, Mem: -4.11 GB
[Step 93] PGD Update - Time: 0.0029s, Mem: -2.75 MB

[Step 93] 完整步骤总时间: 7.549729s | 总显存: 0.00 B
[Step 93] 峰值显存: 16.97 GB

[Step 94] ============ 详细性能分析 ============
[模型部分] 总时间: 2.276750s | 显存: 4.12 GB

[0-9秒 PDE求解详细性能]

[19秒 PDE求解]
  t=19s - 时间: 2.257530s | 显存: 0.00 B

[PDE求解部分] 总时间: 2.257530s | 显存: 0.00 B

[本步骤总计] 时间: 4.534280s | 显存: 4.12 GB
surrogate_loss (vs forward.true_19):  364624.0625
[Step 94] Backward Propagation - Time: 5.4404s, Mem: -4.11 GB
[Step 94] PGD Update - Time: 0.0026s, Mem: -2.75 MB

[Step 94] 完整步骤总时间: 7.720696s | 总显存: 0.00 B
[Step 94] 峰值显存: 16.97 GB

[Step 95] ============ 详细性能分析 ============
[模型部分] 总时间: 2.253460s | 显存: 4.12 GB

[0-9秒 PDE求解详细性能]

[19秒 PDE求解]
  t=19s - 时间: 2.233771s | 显存: 0.00 B

[PDE求解部分] 总时间: 2.233771s | 显存: 0.00 B

[本步骤总计] 时间: 4.487231s | 显存: 4.12 GB
surrogate_loss (vs forward.true_19):  406268.15625
[Step 95] Backward Propagation - Time: 5.4031s, Mem: -4.11 GB
[Step 95] PGD Update - Time: 0.0027s, Mem: -2.75 MB

[Step 95] 完整步骤总时间: 7.660192s | 总显存: 0.00 B
[Step 95] 峰值显存: 16.97 GB

[Step 96] ============ 详细性能分析 ============
[模型部分] 总时间: 2.236360s | 显存: 4.12 GB

[0-9秒 PDE求解详细性能]

[19秒 PDE求解]
  t=19s - 时间: 2.217040s | 显存: 0.00 B

[PDE求解部分] 总时间: 2.217040s | 显存: 0.00 B

[本步骤总计] 时间: 4.453400s | 显存: 4.12 GB
surrogate_loss (vs forward.true_19):  362898.8125
[Step 96] Backward Propagation - Time: 5.4244s, Mem: -4.11 GB
[Step 96] PGD Update - Time: 0.0040s, Mem: -2.75 MB

[Step 96] 完整步骤总时间: 7.665854s | 总显存: 0.00 B
[Step 96] 峰值显存: 16.97 GB

[Step 97] ============ 详细性能分析 ============
[模型部分] 总时间: 2.281720s | 显存: 4.12 GB

[0-9秒 PDE求解详细性能]

[19秒 PDE求解]
  t=19s - 时间: 2.262537s | 显存: 0.00 B

[PDE求解部分] 总时间: 2.262537s | 显存: 0.00 B

[本步骤总计] 时间: 4.544257s | 显存: 4.12 GB
surrogate_loss (vs forward.true_19):  308765.1875
[Step 97] Backward Propagation - Time: 5.3759s, Mem: -4.11 GB
[Step 97] PGD Update - Time: 0.0030s, Mem: -2.75 MB

[Step 97] 完整步骤总时间: 7.661785s | 总显存: 0.00 B
[Step 97] 峰值显存: 16.97 GB

[Step 98] ============ 详细性能分析 ============
[模型部分] 总时间: 2.279917s | 显存: 4.12 GB

[0-9秒 PDE求解详细性能]

[19秒 PDE求解]
  t=19s - 时间: 2.260689s | 显存: 0.00 B

[PDE求解部分] 总时间: 2.260689s | 显存: 0.00 B

[本步骤总计] 时间: 4.540606s | 显存: 4.12 GB
surrogate_loss (vs forward.true_19):  354717.0625
[Step 98] Backward Propagation - Time: 5.4005s, Mem: -4.11 GB
[Step 98] PGD Update - Time: 0.0026s, Mem: -2.75 MB

[Step 98] 完整步骤总时间: 7.683879s | 总显存: 0.00 B
[Step 98] 峰值显存: 16.97 GB

[Step 99] ============ 详细性能分析 ============
[模型部分] 总时间: 2.231283s | 显存: 4.12 GB

[0-9秒 PDE求解详细性能]

[19秒 PDE求解]
  t=19s - 时间: 2.212042s | 显存: 0.00 B

[PDE求解部分] 总时间: 2.212042s | 显存: 0.00 B

[本步骤总计] 时间: 4.443325s | 显存: 4.12 GB
surrogate_loss (vs forward.true_19):  274221.59375
[Step 99] Backward Propagation - Time: 5.4081s, Mem: -4.11 GB
[Step 99] PGD Update - Time: 0.0028s, Mem: -2.75 MB

[Step 99] 完整步骤总时间: 7.643134s | 总显存: 0.00 B
[Step 99] 峰值显存: 16.97 GB
清理前显存占用: 13092.9970703125 MB
PGD攻击完成！显存已清理
当前显存占用: 2092.2470703125 MB
mode_spec = wwwwwwwwww
Per-frame modes: [t=01] with_solver | [t=02] with_solver | [t=03] with_solver | [t=04] with_solver | [t=05] with_solver | [t=06] with_solver | [t=07] with_solver | [t=08] with_solver | [t=09] with_solver | [t=19] with_solver
================================================================================
norm: 2, epsilon: 471.8592, alpha: 50.0, num_steps: 100, index: 1, method: adam, mode_spec: wwwwwwwwww, b1: 0.9, b2: 0.999, adam_eps: 1e-08, sign_Linf: True, amsgrad: False

[Step 0] ============ 详细性能分析 ============
[模型部分] 总时间: 2.607537s | 显存: 4.11 GB

[0-9秒 PDE求解详细性能]

[19秒 PDE求解]
  t=19s - 时间: 2.534025s | 显存: 0.00 B

[PDE求解部分] 总时间: 2.534025s | 显存: 0.00 B

[本步骤总计] 时间: 5.141562s | 显存: 4.11 GB
surrogate_loss (vs forward.true_19):  3644.69091796875
[Step 0] Backward Propagation - Time: 5.3816s, Mem: -4.11 GB
[Step 0] PGD Update - Time: 0.0408s, Mem: 1.75 MB

[Step 0] 完整步骤总时间: 8.034309s | 总显存: 5.25 MB
[Step 0] 峰值显存: 16.96 GB

[Step 1] ============ 详细性能分析 ============
[模型部分] 总时间: 2.276451s | 显存: 4.11 GB

[0-9秒 PDE求解详细性能]

[19秒 PDE求解]
  t=19s - 时间: 2.256967s | 显存: 0.00 B

[PDE求解部分] 总时间: 2.256967s | 显存: 0.00 B

[本步骤总计] 时间: 4.533417s | 显存: 4.11 GB
surrogate_loss (vs forward.true_19):  33327.703125
[Step 1] Backward Propagation - Time: 5.4246s, Mem: -4.11 GB
[Step 1] PGD Update - Time: 0.0029s, Mem: -3.25 MB

[Step 1] 完整步骤总时间: 7.704896s | 总显存: -512.00 KB
[Step 1] 峰值显存: 16.97 GB

[Step 2] ============ 详细性能分析 ============
[模型部分] 总时间: 2.248532s | 显存: 4.11 GB

[0-9秒 PDE求解详细性能]

[19秒 PDE求解]
  t=19s - 时间: 2.229241s | 显存: 0.00 B

[PDE求解部分] 总时间: 2.229241s | 显存: 0.00 B

[本步骤总计] 时间: 4.477774s | 显存: 4.11 GB
surrogate_loss (vs forward.true_19):  67046.734375
[Step 2] Backward Propagation - Time: 5.3964s, Mem: -4.11 GB
[Step 2] PGD Update - Time: 0.0021s, Mem: -2.75 MB

[Step 2] 完整步骤总时间: 7.647861s | 总显存: 0.00 B
[Step 2] 峰值显存: 16.97 GB

[Step 3] ============ 详细性能分析 ============
[模型部分] 总时间: 2.285491s | 显存: 4.12 GB

[0-9秒 PDE求解详细性能]

[19秒 PDE求解]
  t=19s - 时间: 2.266251s | 显存: 0.00 B

[PDE求解部分] 总时间: 2.266251s | 显存: 0.00 B

[本步骤总计] 时间: 4.551742s | 显存: 4.12 GB
surrogate_loss (vs forward.true_19):  69065.1875
[Step 3] Backward Propagation - Time: 5.3906s, Mem: -4.11 GB
[Step 3] PGD Update - Time: 0.0022s, Mem: -2.75 MB

[Step 3] 完整步骤总时间: 7.679192s | 总显存: 0.00 B
[Step 3] 峰值显存: 16.97 GB

[Step 4] ============ 详细性能分析 ============
[模型部分] 总时间: 2.246992s | 显存: 4.11 GB

[0-9秒 PDE求解详细性能]

[19秒 PDE求解]
  t=19s - 时间: 2.227725s | 显存: 0.00 B

[PDE求解部分] 总时间: 2.227725s | 显存: 0.00 B

[本步骤总计] 时间: 4.474716s | 显存: 4.11 GB
surrogate_loss (vs forward.true_19):  67466.8515625
[Step 4] Backward Propagation - Time: 5.3799s, Mem: -4.11 GB
[Step 4] PGD Update - Time: 0.0024s, Mem: -2.75 MB

[Step 4] 完整步骤总时间: 7.630181s | 总显存: 0.00 B
[Step 4] 峰值显存: 16.97 GB

[Step 5] ============ 详细性能分析 ============
[模型部分] 总时间: 2.279984s | 显存: 4.12 GB

[0-9秒 PDE求解详细性能]

[19秒 PDE求解]
  t=19s - 时间: 2.260113s | 显存: 0.00 B

[PDE求解部分] 总时间: 2.260113s | 显存: 0.00 B

[本步骤总计] 时间: 4.540097s | 显存: 4.12 GB
surrogate_loss (vs forward.true_19):  91356.921875
[Step 5] Backward Propagation - Time: 5.4340s, Mem: -4.11 GB
[Step 5] PGD Update - Time: 0.0034s, Mem: -2.75 MB

[Step 5] 完整步骤总时间: 7.718591s | 总显存: 0.00 B
[Step 5] 峰值显存: 16.97 GB

[Step 6] ============ 详细性能分析 ============
[模型部分] 总时间: 2.301755s | 显存: 4.11 GB

[0-9秒 PDE求解详细性能]

[19秒 PDE求解]
  t=19s - 时间: 2.282573s | 显存: 0.00 B

[PDE求解部分] 总时间: 2.282573s | 显存: 0.00 B

[本步骤总计] 时间: 4.584328s | 显存: 4.11 GB
surrogate_loss (vs forward.true_19):  200456.796875
[Step 6] Backward Propagation - Time: 5.4588s, Mem: -4.11 GB
[Step 6] PGD Update - Time: 0.0027s, Mem: -2.75 MB

[Step 6] 完整步骤总时间: 7.764285s | 总显存: 0.00 B
[Step 6] 峰值显存: 16.97 GB

[Step 7] ============ 详细性能分析 ============
[模型部分] 总时间: 2.259325s | 显存: 4.12 GB

[0-9秒 PDE求解详细性能]

[19秒 PDE求解]
  t=19s - 时间: 2.240085s | 显存: 0.00 B

[PDE求解部分] 总时间: 2.240085s | 显存: 0.00 B

[本步骤总计] 时间: 4.499410s | 显存: 4.12 GB
surrogate_loss (vs forward.true_19):  178289.5625
[Step 7] Backward Propagation - Time: 5.7733s, Mem: -4.11 GB
[Step 7] PGD Update - Time: 0.0026s, Mem: -2.75 MB

[Step 7] 完整步骤总时间: 8.036126s | 总显存: 0.00 B
[Step 7] 峰值显存: 16.97 GB

[Step 8] ============ 详细性能分析 ============
[模型部分] 总时间: 2.260442s | 显存: 4.11 GB

[0-9秒 PDE求解详细性能]

[19秒 PDE求解]
  t=19s - 时间: 2.241211s | 显存: 0.00 B

[PDE求解部分] 总时间: 2.241211s | 显存: 0.00 B

[本步骤总计] 时间: 4.501653s | 显存: 4.11 GB
surrogate_loss (vs forward.true_19):  282185.125
[Step 8] Backward Propagation - Time: 5.3696s, Mem: -4.11 GB
[Step 8] PGD Update - Time: 0.0023s, Mem: -2.75 MB

[Step 8] 完整步骤总时间: 7.633413s | 总显存: 0.00 B
[Step 8] 峰值显存: 16.97 GB

[Step 9] ============ 详细性能分析 ============
[模型部分] 总时间: 2.279211s | 显存: 4.12 GB

[0-9秒 PDE求解详细性能]

[19秒 PDE求解]
  t=19s - 时间: 2.259561s | 显存: 0.00 B

[PDE求解部分] 总时间: 2.259561s | 显存: 0.00 B

[本步骤总计] 时间: 4.538772s | 显存: 4.12 GB
surrogate_loss (vs forward.true_19):  356018.875
[Step 9] Backward Propagation - Time: 5.3874s, Mem: -4.11 GB
[Step 9] PGD Update - Time: 0.0033s, Mem: -2.75 MB

[Step 9] 完整步骤总时间: 7.671046s | 总显存: 0.00 B
[Step 9] 峰值显存: 16.97 GB

[Step 10] ============ 详细性能分析 ============
[模型部分] 总时间: 2.297954s | 显存: 4.11 GB

[0-9秒 PDE求解详细性能]

[19秒 PDE求解]
  t=19s - 时间: 2.278602s | 显存: 0.00 B

[PDE求解部分] 总时间: 2.278602s | 显存: 0.00 B

[本步骤总计] 时间: 4.576556s | 显存: 4.11 GB
surrogate_loss (vs forward.true_19):  390828.71875
[Step 10] Backward Propagation - Time: 5.3651s, Mem: -4.11 GB
[Step 10] PGD Update - Time: 0.0033s, Mem: -2.75 MB

[Step 10] 完整步骤总时间: 7.667373s | 总显存: 0.00 B
[Step 10] 峰值显存: 16.97 GB

[Step 11] ============ 详细性能分析 ============
[模型部分] 总时间: 2.263563s | 显存: 4.12 GB

[0-9秒 PDE求解详细性能]

[19秒 PDE求解]
  t=19s - 时间: 2.244290s | 显存: 0.00 B

[PDE求解部分] 总时间: 2.244290s | 显存: 0.00 B

[本步骤总计] 时间: 4.507853s | 显存: 4.12 GB
surrogate_loss (vs forward.true_19):  274179.71875
[Step 11] Backward Propagation - Time: 5.4544s, Mem: -4.11 GB
[Step 11] PGD Update - Time: 0.0025s, Mem: -2.75 MB

[Step 11] 完整步骤总时间: 7.721334s | 总显存: 0.00 B
[Step 11] 峰值显存: 16.97 GB

[Step 12] ============ 详细性能分析 ============
[模型部分] 总时间: 2.290512s | 显存: 4.11 GB

[0-9秒 PDE求解详细性能]

[19秒 PDE求解]
  t=19s - 时间: 2.271188s | 显存: 0.00 B

[PDE求解部分] 总时间: 2.271188s | 显存: 0.00 B

[本步骤总计] 时间: 4.561700s | 显存: 4.11 GB
surrogate_loss (vs forward.true_19):  429169.75
[Step 12] Backward Propagation - Time: 5.3918s, Mem: -4.11 GB
[Step 12] PGD Update - Time: 0.0025s, Mem: -2.75 MB

[Step 12] 完整步骤总时间: 7.685712s | 总显存: 0.00 B
[Step 12] 峰值显存: 16.97 GB

[Step 13] ============ 详细性能分析 ============
[模型部分] 总时间: 2.261164s | 显存: 4.12 GB

[0-9秒 PDE求解详细性能]

[19秒 PDE求解]
  t=19s - 时间: 2.241827s | 显存: 0.00 B

[PDE求解部分] 总时间: 2.241827s | 显存: 0.00 B

[本步骤总计] 时间: 4.502991s | 显存: 4.12 GB
surrogate_loss (vs forward.true_19):  404986.84375
[Step 13] Backward Propagation - Time: 5.4488s, Mem: -4.11 GB
[Step 13] PGD Update - Time: 0.0024s, Mem: -2.75 MB

[Step 13] 完整步骤总时间: 7.713433s | 总显存: 0.00 B
[Step 13] 峰值显存: 16.97 GB

[Step 14] ============ 详细性能分析 ============
[模型部分] 总时间: 2.252038s | 显存: 4.11 GB

[0-9秒 PDE求解详细性能]

[19秒 PDE求解]
  t=19s - 时间: 2.232380s | 显存: 0.00 B

[PDE求解部分] 总时间: 2.232380s | 显存: 0.00 B

[本步骤总计] 时间: 4.484418s | 显存: 4.11 GB
surrogate_loss (vs forward.true_19):  386734.5
[Step 14] Backward Propagation - Time: 5.3358s, Mem: -4.11 GB
[Step 14] PGD Update - Time: 0.0037s, Mem: -2.75 MB

[Step 14] 完整步骤总时间: 7.592830s | 总显存: 0.00 B
[Step 14] 峰值显存: 16.97 GB

[Step 15] ============ 详细性能分析 ============
[模型部分] 总时间: 2.251698s | 显存: 4.12 GB

[0-9秒 PDE求解详细性能]

[19秒 PDE求解]
  t=19s - 时间: 2.232484s | 显存: 0.00 B

[PDE求解部分] 总时间: 2.232484s | 显存: 0.00 B

[本步骤总计] 时间: 4.484182s | 显存: 4.12 GB
surrogate_loss (vs forward.true_19):  254964.25
[Step 15] Backward Propagation - Time: 5.3370s, Mem: -4.11 GB
[Step 15] PGD Update - Time: 0.0031s, Mem: -2.75 MB

[Step 15] 完整步骤总时间: 7.592927s | 总显存: 0.00 B
[Step 15] 峰值显存: 16.97 GB

[Step 16] ============ 详细性能分析 ============
[模型部分] 总时间: 2.256514s | 显存: 4.11 GB

[0-9秒 PDE求解详细性能]

[19秒 PDE求解]
  t=19s - 时间: 2.237256s | 显存: 0.00 B

[PDE求解部分] 总时间: 2.237256s | 显存: 0.00 B

[本步骤总计] 时间: 4.493770s | 显存: 4.11 GB
surrogate_loss (vs forward.true_19):  499917.25
[Step 16] Backward Propagation - Time: 5.3756s, Mem: -4.11 GB
[Step 16] PGD Update - Time: 0.0026s, Mem: -2.75 MB

[Step 16] 完整步骤总时间: 7.635580s | 总显存: 0.00 B
[Step 16] 峰值显存: 16.97 GB

[Step 17] ============ 详细性能分析 ============
[模型部分] 总时间: 2.265230s | 显存: 4.12 GB

[0-9秒 PDE求解详细性能]

[19秒 PDE求解]
  t=19s - 时间: 2.246019s | 显存: 0.00 B

[PDE求解部分] 总时间: 2.246019s | 显存: 0.00 B

[本步骤总计] 时间: 4.511249s | 显存: 4.12 GB
surrogate_loss (vs forward.true_19):  402621.8125
[Step 17] Backward Propagation - Time: 5.4209s, Mem: -4.11 GB
[Step 17] PGD Update - Time: 0.0027s, Mem: -2.75 MB

[Step 17] 完整步骤总时间: 7.689902s | 总显存: 0.00 B
[Step 17] 峰值显存: 16.97 GB

[Step 18] ============ 详细性能分析 ============
[模型部分] 总时间: 2.295171s | 显存: 4.11 GB

[0-9秒 PDE求解详细性能]

[19秒 PDE求解]
  t=19s - 时间: 2.275950s | 显存: 0.00 B

[PDE求解部分] 总时间: 2.275950s | 显存: 0.00 B

[本步骤总计] 时间: 4.571121s | 显存: 4.11 GB
surrogate_loss (vs forward.true_19):  413324.09375
[Step 18] Backward Propagation - Time: 5.4090s, Mem: -4.11 GB
[Step 18] PGD Update - Time: 0.0029s, Mem: -2.75 MB

[Step 18] 完整步骤总时间: 7.707996s | 总显存: 0.00 B
[Step 18] 峰值显存: 16.97 GB

[Step 19] ============ 详细性能分析 ============
[模型部分] 总时间: 2.255317s | 显存: 4.12 GB

[0-9秒 PDE求解详细性能]

[19秒 PDE求解]
  t=19s - 时间: 2.235646s | 显存: 0.00 B

[PDE求解部分] 总时间: 2.235646s | 显存: 0.00 B

[本步骤总计] 时间: 4.490963s | 显存: 4.12 GB
surrogate_loss (vs forward.true_19):  284183.5
[Step 19] Backward Propagation - Time: 5.3894s, Mem: -4.11 GB
[Step 19] PGD Update - Time: 0.0029s, Mem: -2.75 MB

[Step 19] 完整步骤总时间: 7.648512s | 总显存: 0.00 B
[Step 19] 峰值显存: 16.97 GB

[Step 20] ============ 详细性能分析 ============
[模型部分] 总时间: 2.219871s | 显存: 4.11 GB

[0-9秒 PDE求解详细性能]

[19秒 PDE求解]
  t=19s - 时间: 2.200435s | 显存: 0.00 B

[PDE求解部分] 总时间: 2.200435s | 显存: 0.00 B

[本步骤总计] 时间: 4.420306s | 显存: 4.11 GB
surrogate_loss (vs forward.true_19):  342928.375
[Step 20] Backward Propagation - Time: 6.4402s, Mem: -4.11 GB
[Step 20] PGD Update - Time: 0.0037s, Mem: -2.75 MB

[Step 20] 完整步骤总时间: 8.664774s | 总显存: 0.00 B
[Step 20] 峰值显存: 16.97 GB

[Step 21] ============ 详细性能分析 ============
[模型部分] 总时间: 2.251549s | 显存: 4.12 GB

[0-9秒 PDE求解详细性能]

[19秒 PDE求解]
  t=19s - 时间: 2.232253s | 显存: 0.00 B

[PDE求解部分] 总时间: 2.232253s | 显存: 0.00 B

[本步骤总计] 时间: 4.483803s | 显存: 4.12 GB
surrogate_loss (vs forward.true_19):  299932.4375
[Step 21] Backward Propagation - Time: 5.3506s, Mem: -4.11 GB
[Step 21] PGD Update - Time: 0.0025s, Mem: -2.75 MB

[Step 21] 完整步骤总时间: 7.605586s | 总显存: 0.00 B
[Step 21] 峰值显存: 16.97 GB

[Step 22] ============ 详细性能分析 ============
[模型部分] 总时间: 2.237823s | 显存: 4.11 GB

[0-9秒 PDE求解详细性能]

[19秒 PDE求解]
  t=19s - 时间: 2.218590s | 显存: 0.00 B

[PDE求解部分] 总时间: 2.218590s | 显存: 0.00 B

[本步骤总计] 时间: 4.456413s | 显存: 4.11 GB
surrogate_loss (vs forward.true_19):  321149.9375
[Step 22] Backward Propagation - Time: 5.3391s, Mem: -4.11 GB
[Step 22] PGD Update - Time: 0.0027s, Mem: -2.75 MB

[Step 22] 完整步骤总时间: 7.580747s | 总显存: 0.00 B
[Step 22] 峰值显存: 16.97 GB

[Step 23] ============ 详细性能分析 ============
[模型部分] 总时间: 2.269484s | 显存: 4.12 GB

[0-9秒 PDE求解详细性能]

[19秒 PDE求解]
  t=19s - 时间: 2.250057s | 显存: 0.00 B

[PDE求解部分] 总时间: 2.250057s | 显存: 0.00 B

[本步骤总计] 时间: 4.519541s | 显存: 4.12 GB
surrogate_loss (vs forward.true_19):  424001.375
[Step 23] Backward Propagation - Time: 5.4367s, Mem: -4.11 GB
[Step 23] PGD Update - Time: 0.0029s, Mem: -2.75 MB

[Step 23] 完整步骤总时间: 7.709989s | 总显存: 0.00 B
[Step 23] 峰值显存: 16.97 GB

[Step 24] ============ 详细性能分析 ============
[模型部分] 总时间: 2.244777s | 显存: 4.11 GB

[0-9秒 PDE求解详细性能]

[19秒 PDE求解]
  t=19s - 时间: 2.225267s | 显存: 0.00 B

[PDE求解部分] 总时间: 2.225267s | 显存: 0.00 B

[本步骤总计] 时间: 4.470044s | 显存: 4.11 GB
surrogate_loss (vs forward.true_19):  429046.59375
[Step 24] Backward Propagation - Time: 5.3256s, Mem: -4.11 GB
[Step 24] PGD Update - Time: 0.0026s, Mem: -2.75 MB

[Step 24] 完整步骤总时间: 7.573862s | 总显存: 0.00 B
[Step 24] 峰值显存: 16.97 GB

[Step 25] ============ 详细性能分析 ============
[模型部分] 总时间: 2.249856s | 显存: 4.12 GB

[0-9秒 PDE求解详细性能]

[19秒 PDE求解]
  t=19s - 时间: 2.230597s | 显存: 0.00 B

[PDE求解部分] 总时间: 2.230597s | 显存: 0.00 B

[本步骤总计] 时间: 4.480453s | 显存: 4.12 GB
surrogate_loss (vs forward.true_19):  266392.84375
[Step 25] Backward Propagation - Time: 5.4248s, Mem: -4.11 GB
[Step 25] PGD Update - Time: 0.0040s, Mem: -2.75 MB

[Step 25] 完整步骤总时间: 7.679900s | 总显存: 0.00 B
[Step 25] 峰值显存: 16.97 GB

[Step 26] ============ 详细性能分析 ============
[模型部分] 总时间: 2.295452s | 显存: 4.11 GB

[0-9秒 PDE求解详细性能]

[19秒 PDE求解]
  t=19s - 时间: 2.276245s | 显存: 0.00 B

[PDE求解部分] 总时间: 2.276245s | 显存: 0.00 B

[本步骤总计] 时间: 4.571697s | 显存: 4.11 GB
surrogate_loss (vs forward.true_19):  337431.125
[Step 26] Backward Propagation - Time: 5.4005s, Mem: -4.11 GB
[Step 26] PGD Update - Time: 0.0029s, Mem: -2.75 MB

[Step 26] 完整步骤总时间: 7.699675s | 总显存: 0.00 B
[Step 26] 峰值显存: 16.97 GB

[Step 27] ============ 详细性能分析 ============
[模型部分] 总时间: 2.299224s | 显存: 4.12 GB

[0-9秒 PDE求解详细性能]

[19秒 PDE求解]
  t=19s - 时间: 2.280006s | 显存: 0.00 B

[PDE求解部分] 总时间: 2.280006s | 显存: 0.00 B

[本步骤总计] 时间: 4.579231s | 显存: 4.12 GB
surrogate_loss (vs forward.true_19):  596349.75
[Step 27] Backward Propagation - Time: 5.4089s, Mem: -4.11 GB
[Step 27] PGD Update - Time: 0.0027s, Mem: -2.75 MB

[Step 27] 完整步骤总时间: 7.711921s | 总显存: 0.00 B
[Step 27] 峰值显存: 16.97 GB

[Step 28] ============ 详细性能分析 ============
[模型部分] 总时间: 2.278429s | 显存: 4.11 GB

[0-9秒 PDE求解详细性能]

[19秒 PDE求解]
  t=19s - 时间: 2.259025s | 显存: 0.00 B

[PDE求解部分] 总时间: 2.259025s | 显存: 0.00 B

[本步骤总计] 时间: 4.537454s | 显存: 4.11 GB
surrogate_loss (vs forward.true_19):  606542.125
[Step 28] Backward Propagation - Time: 5.4713s, Mem: -4.11 GB
[Step 28] PGD Update - Time: 0.0028s, Mem: -2.75 MB

[Step 28] 完整步骤总时间: 7.753524s | 总显存: 0.00 B
[Step 28] 峰值显存: 16.97 GB

[Step 29] ============ 详细性能分析 ============
[模型部分] 总时间: 2.287272s | 显存: 4.12 GB

[0-9秒 PDE求解详细性能]

[19秒 PDE求解]
  t=19s - 时间: 2.267662s | 显存: 0.00 B

[PDE求解部分] 总时间: 2.267662s | 显存: 0.00 B

[本步骤总计] 时间: 4.554934s | 显存: 4.12 GB
surrogate_loss (vs forward.true_19):  499738.625
[Step 29] Backward Propagation - Time: 5.3957s, Mem: -4.11 GB
[Step 29] PGD Update - Time: 0.0026s, Mem: -2.75 MB

[Step 29] 完整步骤总时间: 7.686465s | 总显存: 0.00 B
[Step 29] 峰值显存: 16.97 GB

[Step 30] ============ 详细性能分析 ============
[模型部分] 总时间: 2.285017s | 显存: 4.11 GB

[0-9秒 PDE求解详细性能]

[19秒 PDE求解]
  t=19s - 时间: 2.265771s | 显存: 0.00 B

[PDE求解部分] 总时间: 2.265771s | 显存: 0.00 B

[本步骤总计] 时间: 4.550789s | 显存: 4.11 GB
surrogate_loss (vs forward.true_19):  286123.9375
[Step 30] Backward Propagation - Time: 5.3896s, Mem: -4.11 GB
[Step 30] PGD Update - Time: 0.0042s, Mem: -2.75 MB

[Step 30] 完整步骤总时间: 7.680023s | 总显存: 0.00 B
[Step 30] 峰值显存: 16.97 GB

[Step 31] ============ 详细性能分析 ============
[模型部分] 总时间: 2.272234s | 显存: 4.12 GB

[0-9秒 PDE求解详细性能]

[19秒 PDE求解]
  t=19s - 时间: 2.252989s | 显存: 0.00 B

[PDE求解部分] 总时间: 2.252989s | 显存: 0.00 B

[本步骤总计] 时间: 4.525222s | 显存: 4.12 GB
surrogate_loss (vs forward.true_19):  398836.8125
[Step 31] Backward Propagation - Time: 5.3642s, Mem: -4.11 GB
[Step 31] PGD Update - Time: 0.0029s, Mem: -2.75 MB

[Step 31] 完整步骤总时间: 7.640201s | 总显存: 0.00 B
[Step 31] 峰值显存: 16.97 GB

[Step 32] ============ 详细性能分析 ============
[模型部分] 总时间: 2.277448s | 显存: 4.11 GB

[0-9秒 PDE求解详细性能]

[19秒 PDE求解]
  t=19s - 时间: 2.258246s | 显存: 0.00 B

[PDE求解部分] 总时间: 2.258246s | 显存: 0.00 B

[本步骤总计] 时间: 4.535694s | 显存: 4.11 GB
surrogate_loss (vs forward.true_19):  249354.75
[Step 32] Backward Propagation - Time: 5.4304s, Mem: -4.11 GB
[Step 32] PGD Update - Time: 0.0027s, Mem: -2.75 MB

[Step 32] 完整步骤总时间: 7.711651s | 总显存: 0.00 B
[Step 32] 峰值显存: 16.97 GB

[Step 33] ============ 详细性能分析 ============
[模型部分] 总时间: 2.292076s | 显存: 4.12 GB

[0-9秒 PDE求解详细性能]

[19秒 PDE求解]
  t=19s - 时间: 2.272823s | 显存: 0.00 B

[PDE求解部分] 总时间: 2.272823s | 显存: 0.00 B

[本步骤总计] 时间: 4.564900s | 显存: 4.12 GB
surrogate_loss (vs forward.true_19):  377263.375
[Step 33] Backward Propagation - Time: 5.4665s, Mem: -4.11 GB
[Step 33] PGD Update - Time: 0.0028s, Mem: -2.75 MB

[Step 33] 完整步骤总时间: 7.762473s | 总显存: 0.00 B
[Step 33] 峰值显存: 16.97 GB

[Step 34] ============ 详细性能分析 ============
[模型部分] 总时间: 2.266327s | 显存: 4.11 GB

[0-9秒 PDE求解详细性能]

[19秒 PDE求解]
  t=19s - 时间: 2.246707s | 显存: 0.00 B

[PDE求解部分] 总时间: 2.246707s | 显存: 0.00 B

[本步骤总计] 时间: 4.513034s | 显存: 4.11 GB
surrogate_loss (vs forward.true_19):  536872.875
[Step 34] Backward Propagation - Time: 5.2947s, Mem: -4.11 GB
[Step 34] PGD Update - Time: 0.0026s, Mem: -2.75 MB

[Step 34] 完整步骤总时间: 7.564605s | 总显存: 0.00 B
[Step 34] 峰值显存: 16.97 GB

[Step 35] ============ 详细性能分析 ============
[模型部分] 总时间: 2.246866s | 显存: 4.12 GB

[0-9秒 PDE求解详细性能]

[19秒 PDE求解]
  t=19s - 时间: 2.227605s | 显存: 0.00 B

[PDE求解部分] 总时间: 2.227605s | 显存: 0.00 B

[本步骤总计] 时间: 4.474471s | 显存: 4.12 GB
surrogate_loss (vs forward.true_19):  386916.8125
[Step 35] Backward Propagation - Time: 5.3809s, Mem: -4.11 GB
[Step 35] PGD Update - Time: 0.0041s, Mem: -2.75 MB

[Step 35] 完整步骤总时间: 7.633199s | 总显存: 0.00 B
[Step 35] 峰值显存: 16.97 GB

[Step 36] ============ 详细性能分析 ============
[模型部分] 总时间: 2.263651s | 显存: 4.11 GB

[0-9秒 PDE求解详细性能]

[19秒 PDE求解]
  t=19s - 时间: 2.244307s | 显存: 0.00 B

[PDE求解部分] 总时间: 2.244307s | 显存: 0.00 B

[本步骤总计] 时间: 4.507958s | 显存: 4.11 GB
surrogate_loss (vs forward.true_19):  387263.40625
[Step 36] Backward Propagation - Time: 5.3666s, Mem: -4.11 GB
[Step 36] PGD Update - Time: 0.0029s, Mem: -2.75 MB

[Step 36] 完整步骤总时间: 7.634095s | 总显存: 0.00 B
[Step 36] 峰值显存: 16.97 GB

[Step 37] ============ 详细性能分析 ============
[模型部分] 总时间: 2.278612s | 显存: 4.12 GB

[0-9秒 PDE求解详细性能]

[19秒 PDE求解]
  t=19s - 时间: 2.259363s | 显存: 0.00 B

[PDE求解部分] 总时间: 2.259363s | 显存: 0.00 B

[本步骤总计] 时间: 4.537975s | 显存: 4.12 GB
surrogate_loss (vs forward.true_19):  454085.3125
[Step 37] Backward Propagation - Time: 5.4431s, Mem: -4.11 GB
[Step 37] PGD Update - Time: 0.0027s, Mem: -2.75 MB

[Step 37] 完整步骤总时间: 7.725676s | 总显存: 0.00 B
[Step 37] 峰值显存: 16.97 GB

[Step 38] ============ 详细性能分析 ============
[模型部分] 总时间: 2.284576s | 显存: 4.11 GB

[0-9秒 PDE求解详细性能]

[19秒 PDE求解]
  t=19s - 时间: 2.265290s | 显存: 0.00 B

[PDE求解部分] 总时间: 2.265290s | 显存: 0.00 B

[本步骤总计] 时间: 4.549866s | 显存: 4.11 GB
surrogate_loss (vs forward.true_19):  429161.90625
[Step 38] Backward Propagation - Time: 5.3345s, Mem: -4.11 GB
[Step 38] PGD Update - Time: 0.0028s, Mem: -2.75 MB

[Step 38] 完整步骤总时间: 7.622970s | 总显存: 0.00 B
[Step 38] 峰值显存: 16.97 GB

[Step 39] ============ 详细性能分析 ============
[模型部分] 总时间: 2.247468s | 显存: 4.12 GB

[0-9秒 PDE求解详细性能]

[19秒 PDE求解]
  t=19s - 时间: 2.227788s | 显存: 0.00 B

[PDE求解部分] 总时间: 2.227788s | 显存: 0.00 B

[本步骤总计] 时间: 4.475256s | 显存: 4.12 GB
surrogate_loss (vs forward.true_19):  663740.875
[Step 39] Backward Propagation - Time: 5.3568s, Mem: -4.11 GB
[Step 39] PGD Update - Time: 0.0027s, Mem: -2.75 MB

[Step 39] 完整步骤总时间: 7.607912s | 总显存: 0.00 B
[Step 39] 峰值显存: 16.97 GB

[Step 40] ============ 详细性能分析 ============
[模型部分] 总时间: 2.254042s | 显存: 4.11 GB

[0-9秒 PDE求解详细性能]

[19秒 PDE求解]
  t=19s - 时间: 2.234815s | 显存: 0.00 B

[PDE求解部分] 总时间: 2.234815s | 显存: 0.00 B

[本步骤总计] 时间: 4.488857s | 显存: 4.11 GB
surrogate_loss (vs forward.true_19):  475371.5625
[Step 40] Backward Propagation - Time: 5.4254s, Mem: -4.11 GB
[Step 40] PGD Update - Time: 0.0041s, Mem: -2.75 MB

[Step 40] 完整步骤总时间: 7.684704s | 总显存: 0.00 B
[Step 40] 峰值显存: 16.97 GB

[Step 41] ============ 详细性能分析 ============
[模型部分] 总时间: 2.278429s | 显存: 4.12 GB

[0-9秒 PDE求解详细性能]

[19秒 PDE求解]
  t=19s - 时间: 2.259191s | 显存: 0.00 B

[PDE求解部分] 总时间: 2.259191s | 显存: 0.00 B

[本步骤总计] 时间: 4.537620s | 显存: 4.12 GB
surrogate_loss (vs forward.true_19):  356249.15625
[Step 41] Backward Propagation - Time: 5.4291s, Mem: -4.11 GB
[Step 41] PGD Update - Time: 0.0029s, Mem: -2.75 MB

[Step 41] 完整步骤总时间: 7.711311s | 总显存: 0.00 B
[Step 41] 峰值显存: 16.97 GB

[Step 42] ============ 详细性能分析 ============
[模型部分] 总时间: 2.265328s | 显存: 4.11 GB

[0-9秒 PDE求解详细性能]

[19秒 PDE求解]
  t=19s - 时间: 2.246100s | 显存: 0.00 B

[PDE求解部分] 总时间: 2.246100s | 显存: 0.00 B

[本步骤总计] 时间: 4.511428s | 显存: 4.11 GB
surrogate_loss (vs forward.true_19):  237170.140625
[Step 42] Backward Propagation - Time: 5.3813s, Mem: -4.11 GB
[Step 42] PGD Update - Time: 0.0026s, Mem: -2.75 MB

[Step 42] 完整步骤总时间: 7.650056s | 总显存: 0.00 B
[Step 42] 峰值显存: 16.97 GB

[Step 43] ============ 详细性能分析 ============
[模型部分] 总时间: 2.254304s | 显存: 4.12 GB

[0-9秒 PDE求解详细性能]

[19秒 PDE求解]
  t=19s - 时间: 2.234966s | 显存: 0.00 B

[PDE求解部分] 总时间: 2.234966s | 显存: 0.00 B

[本步骤总计] 时间: 4.489270s | 显存: 4.12 GB
surrogate_loss (vs forward.true_19):  213045.21875
[Step 43] Backward Propagation - Time: 6.6518s, Mem: -4.11 GB
[Step 43] PGD Update - Time: 0.0029s, Mem: -2.75 MB

[Step 43] 完整步骤总时间: 8.910088s | 总显存: 0.00 B
[Step 43] 峰值显存: 16.97 GB

[Step 44] ============ 详细性能分析 ============
[模型部分] 总时间: 2.278676s | 显存: 4.11 GB

[0-9秒 PDE求解详细性能]

[19秒 PDE求解]
  t=19s - 时间: 2.258996s | 显存: 0.00 B

[PDE求解部分] 总时间: 2.258996s | 显存: 0.00 B

[本步骤总计] 时间: 4.537673s | 显存: 4.11 GB
surrogate_loss (vs forward.true_19):  383292.8125
[Step 44] Backward Propagation - Time: 5.4652s, Mem: -4.11 GB
[Step 44] PGD Update - Time: 0.0026s, Mem: -2.75 MB

[Step 44] 完整步骤总时间: 7.747365s | 总显存: 0.00 B
[Step 44] 峰值显存: 16.97 GB

[Step 45] ============ 详细性能分析 ============
[模型部分] 总时间: 2.264530s | 显存: 4.12 GB

[0-9秒 PDE求解详细性能]

[19秒 PDE求解]
  t=19s - 时间: 2.245282s | 显存: 0.00 B

[PDE求解部分] 总时间: 2.245282s | 显存: 0.00 B

[本步骤总计] 时间: 4.509812s | 显存: 4.12 GB
surrogate_loss (vs forward.true_19):  333219.5625
[Step 45] Backward Propagation - Time: 5.4066s, Mem: -4.11 GB
[Step 45] PGD Update - Time: 0.0040s, Mem: -2.75 MB

[Step 45] 完整步骤总时间: 7.676383s | 总显存: 0.00 B
[Step 45] 峰值显存: 16.97 GB

[Step 46] ============ 详细性能分析 ============
[模型部分] 总时间: 2.279047s | 显存: 4.11 GB

[0-9秒 PDE求解详细性能]

[19秒 PDE求解]
  t=19s - 时间: 2.259832s | 显存: 0.00 B

[PDE求解部分] 总时间: 2.259832s | 显存: 0.00 B

[本步骤总计] 时间: 4.538880s | 显存: 4.11 GB
surrogate_loss (vs forward.true_19):  375914.3125
[Step 46] Backward Propagation - Time: 5.3660s, Mem: -4.11 GB
[Step 46] PGD Update - Time: 0.0030s, Mem: -2.75 MB

[Step 46] 完整步骤总时间: 7.648950s | 总显存: 0.00 B
[Step 46] 峰值显存: 16.97 GB

[Step 47] ============ 详细性能分析 ============
[模型部分] 总时间: 2.231155s | 显存: 4.12 GB

[0-9秒 PDE求解详细性能]

[19秒 PDE求解]
  t=19s - 时间: 2.211899s | 显存: 0.00 B

[PDE求解部分] 总时间: 2.211899s | 显存: 0.00 B

[本步骤总计] 时间: 4.443055s | 显存: 4.12 GB
surrogate_loss (vs forward.true_19):  418616.625
[Step 47] Backward Propagation - Time: 5.4308s, Mem: -4.11 GB
[Step 47] PGD Update - Time: 0.0026s, Mem: -2.75 MB

[Step 47] 完整步骤总时间: 7.665365s | 总显存: 0.00 B
[Step 47] 峰值显存: 16.97 GB

[Step 48] ============ 详细性能分析 ============
[模型部分] 总时间: 2.272211s | 显存: 4.11 GB

[0-9秒 PDE求解详细性能]

[19秒 PDE求解]
  t=19s - 时间: 2.252949s | 显存: 0.00 B

[PDE求解部分] 总时间: 2.252949s | 显存: 0.00 B

[本步骤总计] 时间: 4.525160s | 显存: 4.11 GB
surrogate_loss (vs forward.true_19):  457227.96875
[Step 48] Backward Propagation - Time: 5.3860s, Mem: -4.11 GB
[Step 48] PGD Update - Time: 0.0027s, Mem: -2.75 MB

[Step 48] 完整步骤总时间: 7.662008s | 总显存: 0.00 B
[Step 48] 峰值显存: 16.97 GB

[Step 49] ============ 详细性能分析 ============
[模型部分] 总时间: 2.234834s | 显存: 4.12 GB

[0-9秒 PDE求解详细性能]

[19秒 PDE求解]
  t=19s - 时间: 2.215580s | 显存: 0.00 B

[PDE求解部分] 总时间: 2.215580s | 显存: 0.00 B

[本步骤总计] 时间: 4.450415s | 显存: 4.12 GB
surrogate_loss (vs forward.true_19):  490249.9375
[Step 49] Backward Propagation - Time: 5.4519s, Mem: -4.11 GB
[Step 49] PGD Update - Time: 0.0028s, Mem: -2.75 MB

[Step 49] 完整步骤总时间: 7.690504s | 总显存: 0.00 B
[Step 49] 峰值显存: 16.97 GB

[Step 50] ============ 详细性能分析 ============
[模型部分] 总时间: 2.299915s | 显存: 4.11 GB

[0-9秒 PDE求解详细性能]

[19秒 PDE求解]
  t=19s - 时间: 2.280216s | 显存: 0.00 B

[PDE求解部分] 总时间: 2.280216s | 显存: 0.00 B

[本步骤总计] 时间: 4.580131s | 显存: 4.11 GB
surrogate_loss (vs forward.true_19):  324231.53125
[Step 50] Backward Propagation - Time: 5.3399s, Mem: -4.11 GB
[Step 50] PGD Update - Time: 0.0027s, Mem: -2.75 MB

[Step 50] 完整步骤总时间: 7.643440s | 总显存: 0.00 B
[Step 50] 峰值显存: 16.97 GB

[Step 51] ============ 详细性能分析 ============
[模型部分] 总时间: 2.285358s | 显存: 4.12 GB

[0-9秒 PDE求解详细性能]

[19秒 PDE求解]
  t=19s - 时间: 2.266105s | 显存: 0.00 B

[PDE求解部分] 总时间: 2.266105s | 显存: 0.00 B

[本步骤总计] 时间: 4.551463s | 显存: 4.12 GB
surrogate_loss (vs forward.true_19):  434351.25
[Step 51] Backward Propagation - Time: 5.3912s, Mem: -4.11 GB
[Step 51] PGD Update - Time: 0.0037s, Mem: -2.75 MB

[Step 51] 完整步骤总时间: 7.681212s | 总显存: 0.00 B
[Step 51] 峰值显存: 16.97 GB

[Step 52] ============ 详细性能分析 ============
[模型部分] 总时间: 3.694364s | 显存: 4.11 GB

[0-9秒 PDE求解详细性能]

[19秒 PDE求解]
  t=19s - 时间: 2.484864s | 显存: 0.00 B

[PDE求解部分] 总时间: 2.484864s | 显存: 0.00 B

[本步骤总计] 时间: 6.179227s | 显存: 4.11 GB
surrogate_loss (vs forward.true_19):  352297.0625
[Step 52] Backward Propagation - Time: 5.6244s, Mem: -4.11 GB
[Step 52] PGD Update - Time: 0.0026s, Mem: -2.75 MB

[Step 52] 完整步骤总时间: 9.322247s | 总显存: 0.00 B
[Step 52] 峰值显存: 16.97 GB

[Step 53] ============ 详细性能分析 ============
[模型部分] 总时间: 2.293965s | 显存: 4.12 GB

[0-9秒 PDE求解详细性能]

[19秒 PDE求解]
  t=19s - 时间: 2.274718s | 显存: 0.00 B

[PDE求解部分] 总时间: 2.274718s | 显存: 0.00 B

[本步骤总计] 时间: 4.568683s | 显存: 4.12 GB
surrogate_loss (vs forward.true_19):  400355.3125
[Step 53] Backward Propagation - Time: 5.4501s, Mem: -4.11 GB
[Step 53] PGD Update - Time: 0.0027s, Mem: -2.75 MB

[Step 53] 完整步骤总时间: 7.747891s | 总显存: 0.00 B
[Step 53] 峰值显存: 16.97 GB

[Step 54] ============ 详细性能分析 ============
[模型部分] 总时间: 2.295850s | 显存: 4.11 GB

[0-9秒 PDE求解详细性能]

[19秒 PDE求解]
  t=19s - 时间: 2.276232s | 显存: 0.00 B

[PDE求解部分] 总时间: 2.276232s | 显存: 0.00 B

[本步骤总计] 时间: 4.572082s | 显存: 4.11 GB
surrogate_loss (vs forward.true_19):  314649.8125
[Step 54] Backward Propagation - Time: 5.4408s, Mem: -4.11 GB
[Step 54] PGD Update - Time: 0.0028s, Mem: -2.75 MB

[Step 54] 完整步骤总时间: 7.740415s | 总显存: 0.00 B
[Step 54] 峰值显存: 16.97 GB

[Step 55] ============ 详细性能分析 ============
[模型部分] 总时间: 2.261016s | 显存: 4.12 GB

[0-9秒 PDE求解详细性能]

[19秒 PDE求解]
  t=19s - 时间: 2.241623s | 显存: 0.00 B

[PDE求解部分] 总时间: 2.241623s | 显存: 0.00 B

[本步骤总计] 时间: 4.502639s | 显存: 4.12 GB
surrogate_loss (vs forward.true_19):  402435.5625
[Step 55] Backward Propagation - Time: 5.3219s, Mem: -4.11 GB
[Step 55] PGD Update - Time: 0.0026s, Mem: -2.75 MB

[Step 55] 完整步骤总时间: 7.586492s | 总显存: 0.00 B
[Step 55] 峰值显存: 16.97 GB

[Step 56] ============ 详细性能分析 ============
[模型部分] 总时间: 2.256088s | 显存: 4.11 GB

[0-9秒 PDE求解详细性能]

[19秒 PDE求解]
  t=19s - 时间: 2.236758s | 显存: 0.00 B

[PDE求解部分] 总时间: 2.236758s | 显存: 0.00 B

[本步骤总计] 时间: 4.492846s | 显存: 4.11 GB
surrogate_loss (vs forward.true_19):  254744.8125
[Step 56] Backward Propagation - Time: 5.4641s, Mem: -4.11 GB
[Step 56] PGD Update - Time: 0.0038s, Mem: -2.75 MB

[Step 56] 完整步骤总时间: 7.725127s | 总显存: 0.00 B
[Step 56] 峰值显存: 16.97 GB

[Step 57] ============ 详细性能分析 ============
[模型部分] 总时间: 2.244185s | 显存: 4.12 GB

[0-9秒 PDE求解详细性能]

[19秒 PDE求解]
  t=19s - 时间: 2.224912s | 显存: 0.00 B

[PDE求解部分] 总时间: 2.224912s | 显存: 0.00 B

[本步骤总计] 时间: 4.469097s | 显存: 4.12 GB
surrogate_loss (vs forward.true_19):  298814.9375
[Step 57] Backward Propagation - Time: 5.3430s, Mem: -4.11 GB
[Step 57] PGD Update - Time: 0.0027s, Mem: -2.75 MB

[Step 57] 完整步骤总时间: 7.590857s | 总显存: 0.00 B
[Step 57] 峰值显存: 16.97 GB

[Step 58] ============ 详细性能分析 ============
[模型部分] 总时间: 2.252881s | 显存: 4.11 GB

[0-9秒 PDE求解详细性能]

[19秒 PDE求解]
  t=19s - 时间: 2.233618s | 显存: 0.00 B

[PDE求解部分] 总时间: 2.233618s | 显存: 0.00 B

[本步骤总计] 时间: 4.486499s | 显存: 4.11 GB
surrogate_loss (vs forward.true_19):  295504.03125
[Step 58] Backward Propagation - Time: 5.4066s, Mem: -4.11 GB
[Step 58] PGD Update - Time: 0.0026s, Mem: -2.75 MB

[Step 58] 完整步骤总时间: 7.663123s | 总显存: 0.00 B
[Step 58] 峰值显存: 16.97 GB

[Step 59] ============ 详细性能分析 ============
[模型部分] 总时间: 2.291252s | 显存: 4.12 GB

[0-9秒 PDE求解详细性能]

[19秒 PDE求解]
  t=19s - 时间: 2.271937s | 显存: 0.00 B

[PDE求解部分] 总时间: 2.271937s | 显存: 0.00 B

[本步骤总计] 时间: 4.563189s | 显存: 4.12 GB
surrogate_loss (vs forward.true_19):  480376.5625
[Step 59] Backward Propagation - Time: 5.3709s, Mem: -4.11 GB
[Step 59] PGD Update - Time: 0.0029s, Mem: -2.75 MB

[Step 59] 完整步骤总时间: 7.666044s | 总显存: 0.00 B
[Step 59] 峰值显存: 16.97 GB

[Step 60] ============ 详细性能分析 ============
[模型部分] 总时间: 2.261218s | 显存: 4.11 GB

[0-9秒 PDE求解详细性能]

[19秒 PDE求解]
  t=19s - 时间: 2.241527s | 显存: 0.00 B

[PDE求解部分] 总时间: 2.241527s | 显存: 0.00 B

[本步骤总计] 时间: 4.502744s | 显存: 4.11 GB
surrogate_loss (vs forward.true_19):  445743.0625
[Step 60] Backward Propagation - Time: 5.4492s, Mem: -4.11 GB
[Step 60] PGD Update - Time: 0.0026s, Mem: -2.75 MB

[Step 60] 完整步骤总时间: 7.713905s | 总显存: 0.00 B
[Step 60] 峰值显存: 16.97 GB

[Step 61] ============ 详细性能分析 ============
[模型部分] 总时间: 2.286137s | 显存: 4.12 GB

[0-9秒 PDE求解详细性能]

[19秒 PDE求解]
  t=19s - 时间: 2.266887s | 显存: 0.00 B

[PDE求解部分] 总时间: 2.266887s | 显存: 0.00 B

[本步骤总计] 时间: 4.553023s | 显存: 4.12 GB
surrogate_loss (vs forward.true_19):  376909.9375
[Step 61] Backward Propagation - Time: 5.3714s, Mem: -4.11 GB
[Step 61] PGD Update - Time: 0.0041s, Mem: -2.75 MB

[Step 61] 完整步骤总时间: 7.662881s | 总显存: 0.00 B
[Step 61] 峰值显存: 16.97 GB

[Step 62] ============ 详细性能分析 ============
[模型部分] 总时间: 2.295663s | 显存: 4.11 GB

[0-9秒 PDE求解详细性能]

[19秒 PDE求解]
  t=19s - 时间: 2.276432s | 显存: 0.00 B

[PDE求解部分] 总时间: 2.276432s | 显存: 0.00 B

[本步骤总计] 时间: 4.572095s | 显存: 4.11 GB
surrogate_loss (vs forward.true_19):  610274.875
[Step 62] Backward Propagation - Time: 5.4017s, Mem: -4.11 GB
[Step 62] PGD Update - Time: 0.0029s, Mem: -2.75 MB

[Step 62] 完整步骤总时间: 7.701156s | 总显存: 0.00 B
[Step 62] 峰值显存: 16.97 GB

[Step 63] ============ 详细性能分析 ============
[模型部分] 总时间: 2.260317s | 显存: 4.12 GB

[0-9秒 PDE求解详细性能]

[19秒 PDE求解]
  t=19s - 时间: 2.240998s | 显存: 0.00 B

[PDE求解部分] 总时间: 2.240998s | 显存: 0.00 B

[本步骤总计] 时间: 4.501315s | 显存: 4.12 GB
surrogate_loss (vs forward.true_19):  520549.25
[Step 63] Backward Propagation - Time: 5.3870s, Mem: -4.11 GB
[Step 63] PGD Update - Time: 0.0026s, Mem: -2.75 MB

[Step 63] 完整步骤总时间: 7.650972s | 总显存: 0.00 B
[Step 63] 峰值显存: 16.97 GB

[Step 64] ============ 详细性能分析 ============
[模型部分] 总时间: 2.262272s | 显存: 4.11 GB

[0-9秒 PDE求解详细性能]

[19秒 PDE求解]
  t=19s - 时间: 2.242960s | 显存: 0.00 B

[PDE求解部分] 总时间: 2.242960s | 显存: 0.00 B

[本步骤总计] 时间: 4.505232s | 显存: 4.11 GB
surrogate_loss (vs forward.true_19):  540224.0
[Step 64] Backward Propagation - Time: 5.3874s, Mem: -4.11 GB
[Step 64] PGD Update - Time: 0.0028s, Mem: -2.75 MB

[Step 64] 完整步骤总时间: 7.653440s | 总显存: 0.00 B
[Step 64] 峰值显存: 16.97 GB

[Step 65] ============ 详细性能分析 ============
[模型部分] 总时间: 2.271637s | 显存: 4.12 GB

[0-9秒 PDE求解详细性能]

[19秒 PDE求解]
  t=19s - 时间: 2.252020s | 显存: 0.00 B

[PDE求解部分] 总时间: 2.252020s | 显存: 0.00 B

[本步骤总计] 时间: 4.523657s | 显存: 4.12 GB
surrogate_loss (vs forward.true_19):  763946.375
[Step 65] Backward Propagation - Time: 5.3882s, Mem: -4.11 GB
[Step 65] PGD Update - Time: 0.0025s, Mem: -2.75 MB

[Step 65] 完整步骤总时间: 7.663381s | 总显存: 0.00 B
[Step 65] 峰值显存: 16.97 GB

[Step 66] ============ 详细性能分析 ============
[模型部分] 总时间: 2.263328s | 显存: 4.11 GB

[0-9秒 PDE求解详细性能]

[19秒 PDE求解]
  t=19s - 时间: 2.244091s | 显存: 0.00 B

[PDE求解部分] 总时间: 2.244091s | 显存: 0.00 B

[本步骤总计] 时间: 4.507419s | 显存: 4.11 GB
surrogate_loss (vs forward.true_19):  1089054.125
[Step 66] Backward Propagation - Time: 5.4227s, Mem: -4.11 GB
[Step 66] PGD Update - Time: 0.0040s, Mem: -2.75 MB

[Step 66] 完整步骤总时间: 7.691312s | 总显存: 0.00 B
[Step 66] 峰值显存: 16.97 GB

[Step 67] ============ 详细性能分析 ============
[模型部分] 总时间: 2.303382s | 显存: 4.12 GB

[0-9秒 PDE求解详细性能]

[19秒 PDE求解]
  t=19s - 时间: 2.284152s | 显存: 0.00 B

[PDE求解部分] 总时间: 2.284152s | 显存: 0.00 B

[本步骤总计] 时间: 4.587534s | 显存: 4.12 GB
surrogate_loss (vs forward.true_19):  1594720.0
[Step 67] Backward Propagation - Time: 5.3370s, Mem: -4.11 GB
[Step 67] PGD Update - Time: 0.0029s, Mem: -2.75 MB

[Step 67] 完整步骤总时间: 7.644156s | 总显存: 0.00 B
[Step 67] 峰值显存: 16.97 GB

[Step 68] ============ 详细性能分析 ============
[模型部分] 总时间: 2.253064s | 显存: 4.11 GB

[0-9秒 PDE求解详细性能]

[19秒 PDE求解]
  t=19s - 时间: 2.233812s | 显存: 0.00 B

[PDE求解部分] 总时间: 2.233812s | 显存: 0.00 B

[本步骤总计] 时间: 4.486877s | 显存: 4.11 GB
surrogate_loss (vs forward.true_19):  999183.6875
[Step 68] Backward Propagation - Time: 5.2951s, Mem: -4.11 GB
[Step 68] PGD Update - Time: 0.0027s, Mem: -2.75 MB

[Step 68] 完整步骤总时间: 7.551952s | 总显存: 0.00 B
[Step 68] 峰值显存: 16.97 GB

[Step 69] ============ 详细性能分析 ============
[模型部分] 总时间: 2.240254s | 显存: 4.12 GB

[0-9秒 PDE求解详细性能]

[19秒 PDE求解]
  t=19s - 时间: 2.220934s | 显存: 0.00 B

[PDE求解部分] 总时间: 2.220934s | 显存: 0.00 B

[本步骤总计] 时间: 4.461188s | 显存: 4.12 GB
surrogate_loss (vs forward.true_19):  635552.8125
[Step 69] Backward Propagation - Time: 5.4384s, Mem: -4.11 GB
[Step 69] PGD Update - Time: 0.0026s, Mem: -2.75 MB

[Step 69] 完整步骤总时间: 7.682171s | 总显存: 0.00 B
[Step 69] 峰值显存: 16.97 GB

[Step 70] ============ 详细性能分析 ============
[模型部分] 总时间: 2.241590s | 显存: 4.11 GB

[0-9秒 PDE求解详细性能]

[19秒 PDE求解]
  t=19s - 时间: 2.221999s | 显存: 0.00 B

[PDE求解部分] 总时间: 2.221999s | 显存: 0.00 B

[本步骤总计] 时间: 4.463589s | 显存: 4.11 GB
surrogate_loss (vs forward.true_19):  288133.875
[Step 70] Backward Propagation - Time: 5.4014s, Mem: -4.11 GB
[Step 70] PGD Update - Time: 0.0028s, Mem: -2.75 MB

[Step 70] 完整步骤总时间: 7.646767s | 总显存: 0.00 B
[Step 70] 峰值显存: 16.97 GB

[Step 71] ============ 详细性能分析 ============
[模型部分] 总时间: 2.293517s | 显存: 4.12 GB

[0-9秒 PDE求解详细性能]

[19秒 PDE求解]
  t=19s - 时间: 2.274019s | 显存: 0.00 B

[PDE求解部分] 总时间: 2.274019s | 显存: 0.00 B

[本步骤总计] 时间: 4.567536s | 显存: 4.12 GB
surrogate_loss (vs forward.true_19):  378346.8125
[Step 71] Backward Propagation - Time: 5.4336s, Mem: -4.11 GB
[Step 71] PGD Update - Time: 0.0026s, Mem: -2.75 MB

[Step 71] 完整步骤总时间: 7.730621s | 总显存: 0.00 B
[Step 71] 峰值显存: 16.97 GB

[Step 72] ============ 详细性能分析 ============
[模型部分] 总时间: 2.274654s | 显存: 4.11 GB

[0-9秒 PDE求解详细性能]

[19秒 PDE求解]
  t=19s - 时间: 2.255443s | 显存: 0.00 B

[PDE求解部分] 总时间: 2.255443s | 显存: 0.00 B

[本步骤总计] 时间: 4.530097s | 显存: 4.11 GB
surrogate_loss (vs forward.true_19):  482266.0
[Step 72] Backward Propagation - Time: 6.8514s, Mem: -4.11 GB
[Step 72] PGD Update - Time: 0.0042s, Mem: -2.75 MB

[Step 72] 完整步骤总时间: 9.131420s | 总显存: 0.00 B
[Step 72] 峰值显存: 16.97 GB

[Step 73] ============ 详细性能分析 ============
[模型部分] 总时间: 2.217405s | 显存: 4.12 GB

[0-9秒 PDE求解详细性能]

[19秒 PDE求解]
  t=19s - 时间: 2.198161s | 显存: 0.00 B

[PDE求解部分] 总时间: 2.198161s | 显存: 0.00 B

[本步骤总计] 时间: 4.415566s | 显存: 4.12 GB
surrogate_loss (vs forward.true_19):  412981.15625
[Step 73] Backward Propagation - Time: 5.3242s, Mem: -4.11 GB
[Step 73] PGD Update - Time: 0.0030s, Mem: -2.75 MB

[Step 73] 完整步骤总时间: 7.545468s | 总显存: 0.00 B
[Step 73] 峰值显存: 16.97 GB

[Step 74] ============ 详细性能分析 ============
[模型部分] 总时间: 2.237700s | 显存: 4.11 GB

[0-9秒 PDE求解详细性能]

[19秒 PDE求解]
  t=19s - 时间: 2.218457s | 显存: 0.00 B

[PDE求解部分] 总时间: 2.218457s | 显存: 0.00 B

[本步骤总计] 时间: 4.456157s | 显存: 4.11 GB
surrogate_loss (vs forward.true_19):  388261.78125
[Step 74] Backward Propagation - Time: 5.3567s, Mem: -4.11 GB
[Step 74] PGD Update - Time: 0.0027s, Mem: -2.75 MB

[Step 74] 完整步骤总时间: 7.598192s | 总显存: 0.00 B
[Step 74] 峰值显存: 16.97 GB

[Step 75] ============ 详细性能分析 ============
[模型部分] 总时间: 2.244522s | 显存: 4.12 GB

[0-9秒 PDE求解详细性能]

[19秒 PDE求解]
  t=19s - 时间: 2.225261s | 显存: 0.00 B

[PDE求解部分] 总时间: 2.225261s | 显存: 0.00 B

[本步骤总计] 时间: 4.469783s | 显存: 4.12 GB
surrogate_loss (vs forward.true_19):  479039.625
[Step 75] Backward Propagation - Time: 5.3963s, Mem: -4.11 GB
[Step 75] PGD Update - Time: 0.0029s, Mem: -2.75 MB

[Step 75] 完整步骤总时间: 7.644740s | 总显存: 0.00 B
[Step 75] 峰值显存: 16.97 GB

[Step 76] ============ 详细性能分析 ============
[模型部分] 总时间: 2.260859s | 显存: 4.11 GB

[0-9秒 PDE求解详细性能]

[19秒 PDE求解]
  t=19s - 时间: 2.241342s | 显存: 0.00 B

[PDE求解部分] 总时间: 2.241342s | 显存: 0.00 B

[本步骤总计] 时间: 4.502200s | 显存: 4.11 GB
surrogate_loss (vs forward.true_19):  489056.375
[Step 76] Backward Propagation - Time: 5.4447s, Mem: -4.11 GB
[Step 76] PGD Update - Time: 0.0026s, Mem: -2.75 MB

[Step 76] 完整步骤总时间: 7.709101s | 总显存: 0.00 B
[Step 76] 峰值显存: 16.97 GB

[Step 77] ============ 详细性能分析 ============
[模型部分] 总时间: 2.283387s | 显存: 4.12 GB

[0-9秒 PDE求解详细性能]

[19秒 PDE求解]
  t=19s - 时间: 2.264115s | 显存: 0.00 B

[PDE求解部分] 总时间: 2.264115s | 显存: 0.00 B

[本步骤总计] 时间: 4.547502s | 显存: 4.12 GB
surrogate_loss (vs forward.true_19):  622483.1875
[Step 77] Backward Propagation - Time: 5.4139s, Mem: -4.11 GB
[Step 77] PGD Update - Time: 0.0026s, Mem: -2.75 MB

[Step 77] 完整步骤总时间: 7.700759s | 总显存: 0.00 B
[Step 77] 峰值显存: 16.97 GB

[Step 78] ============ 详细性能分析 ============
[模型部分] 总时间: 2.254375s | 显存: 4.11 GB

[0-9秒 PDE求解详细性能]

[19秒 PDE求解]
  t=19s - 时间: 2.235141s | 显存: 0.00 B

[PDE求解部分] 总时间: 2.235141s | 显存: 0.00 B

[本步骤总计] 时间: 4.489516s | 显存: 4.11 GB
surrogate_loss (vs forward.true_19):  623701.0
[Step 78] Backward Propagation - Time: 5.3128s, Mem: -4.11 GB
[Step 78] PGD Update - Time: 0.0041s, Mem: -2.75 MB

[Step 78] 完整步骤总时间: 7.572409s | 总显存: 0.00 B
[Step 78] 峰值显存: 16.97 GB

[Step 79] ============ 详细性能分析 ============
[模型部分] 总时间: 2.299417s | 显存: 4.12 GB

[0-9秒 PDE求解详细性能]

[19秒 PDE求解]
  t=19s - 时间: 2.280206s | 显存: 0.00 B

[PDE求解部分] 总时间: 2.280206s | 显存: 0.00 B

[本步骤总计] 时间: 4.579623s | 显存: 4.12 GB
surrogate_loss (vs forward.true_19):  592853.9375
[Step 79] Backward Propagation - Time: 5.3660s, Mem: -4.11 GB
[Step 79] PGD Update - Time: 0.0029s, Mem: -2.75 MB

[Step 79] 完整步骤总时间: 7.669200s | 总显存: 0.00 B
[Step 79] 峰值显存: 16.97 GB

[Step 80] ============ 详细性能分析 ============
[模型部分] 总时间: 2.259300s | 显存: 4.11 GB

[0-9秒 PDE求解详细性能]

[19秒 PDE求解]
  t=19s - 时间: 2.239955s | 显存: 0.00 B

[PDE求解部分] 总时间: 2.239955s | 显存: 0.00 B

[本步骤总计] 时间: 4.499255s | 显存: 4.11 GB
surrogate_loss (vs forward.true_19):  541216.625
[Step 80] Backward Propagation - Time: 5.3585s, Mem: -4.11 GB
[Step 80] PGD Update - Time: 0.0026s, Mem: -2.75 MB

[Step 80] 完整步骤总时间: 7.621348s | 总显存: 0.00 B
[Step 80] 峰值显存: 16.97 GB

[Step 81] ============ 详细性能分析 ============
[模型部分] 总时间: 2.287273s | 显存: 4.12 GB

[0-9秒 PDE求解详细性能]

[19秒 PDE求解]
  t=19s - 时间: 2.267998s | 显存: 0.00 B

[PDE求解部分] 总时间: 2.267998s | 显存: 0.00 B

[本步骤总计] 时间: 4.555270s | 显存: 4.12 GB
surrogate_loss (vs forward.true_19):  506826.0625
[Step 81] Backward Propagation - Time: 5.3834s, Mem: -4.11 GB
[Step 81] PGD Update - Time: 0.0029s, Mem: -2.75 MB

[Step 81] 完整步骤总时间: 7.674551s | 总显存: 0.00 B
[Step 81] 峰值显存: 16.97 GB

[Step 82] ============ 详细性能分析 ============
[模型部分] 总时间: 2.299141s | 显存: 4.11 GB

[0-9秒 PDE求解详细性能]

[19秒 PDE求解]
  t=19s - 时间: 2.279481s | 显存: 0.00 B

[PDE求解部分] 总时间: 2.279481s | 显存: 0.00 B

[本步骤总计] 时间: 4.578621s | 显存: 4.11 GB
surrogate_loss (vs forward.true_19):  355354.34375
[Step 82] Backward Propagation - Time: 5.3645s, Mem: -4.11 GB
[Step 82] PGD Update - Time: 0.0026s, Mem: -2.75 MB

[Step 82] 完整步骤总时间: 7.667269s | 总显存: 0.00 B
[Step 82] 峰值显存: 16.97 GB

[Step 83] ============ 详细性能分析 ============
[模型部分] 总时间: 2.309120s | 显存: 4.12 GB

[0-9秒 PDE求解详细性能]

[19秒 PDE求解]
  t=19s - 时间: 2.289600s | 显存: 0.00 B

[PDE求解部分] 总时间: 2.289600s | 显存: 0.00 B

[本步骤总计] 时间: 4.598720s | 显存: 4.12 GB
surrogate_loss (vs forward.true_19):  429156.78125
[Step 83] Backward Propagation - Time: 5.3818s, Mem: -4.11 GB
[Step 83] PGD Update - Time: 0.0037s, Mem: -2.75 MB

[Step 83] 完整步骤总时间: 7.695542s | 总显存: 0.00 B
[Step 83] 峰值显存: 16.97 GB

[Step 84] ============ 详细性能分析 ============
[模型部分] 总时间: 2.279893s | 显存: 4.11 GB

[0-9秒 PDE求解详细性能]

[19秒 PDE求解]
  t=19s - 时间: 2.260670s | 显存: 0.00 B

[PDE求解部分] 总时间: 2.260670s | 显存: 0.00 B

[本步骤总计] 时间: 4.540563s | 显存: 4.11 GB
surrogate_loss (vs forward.true_19):  271583.25
[Step 84] Backward Propagation - Time: 5.3754s, Mem: -4.11 GB
[Step 84] PGD Update - Time: 0.0025s, Mem: -2.75 MB

[Step 84] 完整步骤总时间: 7.658623s | 总显存: 0.00 B
[Step 84] 峰值显存: 16.97 GB

[Step 85] ============ 详细性能分析 ============
[模型部分] 总时间: 2.283085s | 显存: 4.12 GB

[0-9秒 PDE求解详细性能]

[19秒 PDE求解]
  t=19s - 时间: 2.263863s | 显存: 0.00 B

[PDE求解部分] 总时间: 2.263863s | 显存: 0.00 B

[本步骤总计] 时间: 4.546948s | 显存: 4.12 GB
surrogate_loss (vs forward.true_19):  438677.375
[Step 85] Backward Propagation - Time: 5.3755s, Mem: -4.11 GB
[Step 85] PGD Update - Time: 0.0027s, Mem: -2.75 MB

[Step 85] 完整步骤总时间: 7.662471s | 总显存: 0.00 B
[Step 85] 峰值显存: 16.97 GB

[Step 86] ============ 详细性能分析 ============
[模型部分] 总时间: 2.283544s | 显存: 4.11 GB

[0-9秒 PDE求解详细性能]

[19秒 PDE求解]
  t=19s - 时间: 2.264290s | 显存: 0.00 B

[PDE求解部分] 总时间: 2.264290s | 显存: 0.00 B

[本步骤总计] 时间: 4.547834s | 显存: 4.11 GB
surrogate_loss (vs forward.true_19):  630376.125
[Step 86] Backward Propagation - Time: 5.4421s, Mem: -4.11 GB
[Step 86] PGD Update - Time: 0.0026s, Mem: -2.75 MB

[Step 86] 完整步骤总时间: 7.729187s | 总显存: 0.00 B
[Step 86] 峰值显存: 16.97 GB

[Step 87] ============ 详细性能分析 ============
[模型部分] 总时间: 2.274078s | 显存: 4.12 GB

[0-9秒 PDE求解详细性能]

[19秒 PDE求解]
  t=19s - 时间: 2.254820s | 显存: 0.00 B

[PDE求解部分] 总时间: 2.254820s | 显存: 0.00 B

[本步骤总计] 时间: 4.528898s | 显存: 4.12 GB
surrogate_loss (vs forward.true_19):  437549.125
[Step 87] Backward Propagation - Time: 5.4324s, Mem: -4.11 GB
[Step 87] PGD Update - Time: 0.0029s, Mem: -2.75 MB

[Step 87] 完整步骤总时间: 7.710277s | 总显存: 0.00 B
[Step 87] 峰值显存: 16.97 GB

[Step 88] ============ 详细性能分析 ============
[模型部分] 总时间: 2.278589s | 显存: 4.11 GB

[0-9秒 PDE求解详细性能]

[19秒 PDE求解]
  t=19s - 时间: 2.258912s | 显存: 0.00 B

[PDE求解部分] 总时间: 2.258912s | 显存: 0.00 B

[本步骤总计] 时间: 4.537501s | 显存: 4.11 GB
surrogate_loss (vs forward.true_19):  656662.0
[Step 88] Backward Propagation - Time: 5.3482s, Mem: -4.11 GB
[Step 88] PGD Update - Time: 0.0026s, Mem: -2.75 MB

[Step 88] 完整步骤总时间: 7.630256s | 总显存: 0.00 B
[Step 88] 峰值显存: 16.97 GB

[Step 89] ============ 详细性能分析 ============
[模型部分] 总时间: 2.299768s | 显存: 4.12 GB

[0-9秒 PDE求解详细性能]

[19秒 PDE求解]
  t=19s - 时间: 2.280503s | 显存: 0.00 B

[PDE求解部分] 总时间: 2.280503s | 显存: 0.00 B

[本步骤总计] 时间: 4.580271s | 显存: 4.12 GB
surrogate_loss (vs forward.true_19):  574339.5
[Step 89] Backward Propagation - Time: 5.3312s, Mem: -4.11 GB
[Step 89] PGD Update - Time: 0.0042s, Mem: -2.75 MB

[Step 89] 完整步骤总时间: 7.636436s | 总显存: 0.00 B
[Step 89] 峰值显存: 16.97 GB

[Step 90] ============ 详细性能分析 ============
[模型部分] 总时间: 2.302865s | 显存: 4.11 GB

[0-9秒 PDE求解详细性能]

[19秒 PDE求解]
  t=19s - 时间: 2.283618s | 显存: 0.00 B

[PDE求解部分] 总时间: 2.283618s | 显存: 0.00 B

[本步骤总计] 时间: 4.586483s | 显存: 4.11 GB
surrogate_loss (vs forward.true_19):  491255.5
[Step 90] Backward Propagation - Time: 5.3986s, Mem: -4.11 GB
[Step 90] PGD Update - Time: 0.0030s, Mem: -2.75 MB

[Step 90] 完整步骤总时间: 7.705636s | 总显存: 0.00 B
[Step 90] 峰值显存: 16.97 GB

[Step 91] ============ 详细性能分析 ============
[模型部分] 总时间: 2.244370s | 显存: 4.12 GB

[0-9秒 PDE求解详细性能]

[19秒 PDE求解]
  t=19s - 时间: 2.225070s | 显存: 0.00 B

[PDE求解部分] 总时间: 2.225070s | 显存: 0.00 B

[本步骤总计] 时间: 4.469439s | 显存: 4.12 GB
surrogate_loss (vs forward.true_19):  479248.34375
[Step 91] Backward Propagation - Time: 5.3844s, Mem: -4.11 GB
[Step 91] PGD Update - Time: 0.0025s, Mem: -2.75 MB

[Step 91] 完整步骤总时间: 7.632210s | 总显存: 0.00 B
[Step 91] 峰值显存: 16.97 GB

[Step 92] ============ 详细性能分析 ============
[模型部分] 总时间: 2.271170s | 显存: 4.11 GB

[0-9秒 PDE求解详细性能]

[19秒 PDE求解]
  t=19s - 时间: 2.251907s | 显存: 0.00 B

[PDE求解部分] 总时间: 2.251907s | 显存: 0.00 B

[本步骤总计] 时间: 4.523076s | 显存: 4.11 GB
surrogate_loss (vs forward.true_19):  351693.96875
[Step 92] Backward Propagation - Time: 5.3883s, Mem: -4.11 GB
[Step 92] PGD Update - Time: 0.0029s, Mem: -2.75 MB

[Step 92] 完整步骤总时间: 7.663382s | 总显存: 0.00 B
[Step 92] 峰值显存: 16.97 GB

[Step 93] ============ 详细性能分析 ============
[模型部分] 总时间: 2.278407s | 显存: 4.12 GB

[0-9秒 PDE求解详细性能]

[19秒 PDE求解]
  t=19s - 时间: 2.258719s | 显存: 0.00 B

[PDE求解部分] 总时间: 2.258719s | 显存: 0.00 B

[本步骤总计] 时间: 4.537126s | 显存: 4.12 GB
surrogate_loss (vs forward.true_19):  457289.1875
[Step 93] Backward Propagation - Time: 5.4650s, Mem: -4.11 GB
[Step 93] PGD Update - Time: 0.0026s, Mem: -2.75 MB

[Step 93] 完整步骤总时间: 7.746911s | 总显存: 0.00 B
[Step 93] 峰值显存: 16.97 GB

[Step 94] ============ 详细性能分析 ============
[模型部分] 总时间: 2.302965s | 显存: 4.11 GB

[0-9秒 PDE求解详细性能]

[19秒 PDE求解]
  t=19s - 时间: 2.283720s | 显存: 0.00 B

[PDE求解部分] 总时间: 2.283720s | 显存: 0.00 B

[本步骤总计] 时间: 4.586685s | 显存: 4.11 GB
surrogate_loss (vs forward.true_19):  585558.375
[Step 94] Backward Propagation - Time: 5.4429s, Mem: -4.11 GB
[Step 94] PGD Update - Time: 0.0040s, Mem: -2.75 MB

[Step 94] 完整步骤总时间: 7.751159s | 总显存: 0.00 B
[Step 94] 峰值显存: 16.97 GB

[Step 95] ============ 详细性能分析 ============
[模型部分] 总时间: 2.285885s | 显存: 4.12 GB

[0-9秒 PDE求解详细性能]

[19秒 PDE求解]
  t=19s - 时间: 2.266642s | 显存: 0.00 B

[PDE求解部分] 总时间: 2.266642s | 显存: 0.00 B

[本步骤总计] 时间: 4.552527s | 显存: 4.12 GB
surrogate_loss (vs forward.true_19):  425732.625
[Step 95] Backward Propagation - Time: 5.3401s, Mem: -4.11 GB
[Step 95] PGD Update - Time: 0.0029s, Mem: -2.75 MB

[Step 95] 完整步骤总时间: 7.629749s | 总显存: 0.00 B
[Step 95] 峰值显存: 16.97 GB

[Step 96] ============ 详细性能分析 ============
[模型部分] 总时间: 2.280824s | 显存: 4.11 GB

[0-9秒 PDE求解详细性能]

[19秒 PDE求解]
  t=19s - 时间: 2.261615s | 显存: 0.00 B

[PDE求解部分] 总时间: 2.261615s | 显存: 0.00 B

[本步骤总计] 时间: 4.542439s | 显存: 4.11 GB
surrogate_loss (vs forward.true_19):  615592.375
[Step 96] Backward Propagation - Time: 5.3875s, Mem: -4.11 GB
[Step 96] PGD Update - Time: 0.0026s, Mem: -2.75 MB

[Step 96] 完整步骤总时间: 7.671756s | 总显存: 0.00 B
[Step 96] 峰值显存: 16.97 GB

[Step 97] ============ 详细性能分析 ============
[模型部分] 总时间: 2.287352s | 显存: 4.12 GB

[0-9秒 PDE求解详细性能]

[19秒 PDE求解]
  t=19s - 时间: 2.267945s | 显存: 0.00 B

[PDE求解部分] 总时间: 2.267945s | 显存: 0.00 B

[本步骤总计] 时间: 4.555297s | 显存: 4.12 GB
surrogate_loss (vs forward.true_19):  621056.5
[Step 97] Backward Propagation - Time: 5.4330s, Mem: -4.11 GB
[Step 97] PGD Update - Time: 0.0027s, Mem: -2.75 MB

[Step 97] 完整步骤总时间: 7.723995s | 总显存: 0.00 B
[Step 97] 峰值显存: 16.97 GB

[Step 98] ============ 详细性能分析 ============
[模型部分] 总时间: 2.258294s | 显存: 4.11 GB

[0-9秒 PDE求解详细性能]

[19秒 PDE求解]
  t=19s - 时间: 2.239072s | 显存: 0.00 B

[PDE求解部分] 总时间: 2.239072s | 显存: 0.00 B

[本步骤总计] 时间: 4.497366s | 显存: 4.11 GB
surrogate_loss (vs forward.true_19):  644973.5
[Step 98] Backward Propagation - Time: 5.3722s, Mem: -4.11 GB
[Step 98] PGD Update - Time: 0.0026s, Mem: -2.75 MB

[Step 98] 完整步骤总时间: 7.634024s | 总显存: 0.00 B
[Step 98] 峰值显存: 16.97 GB

[Step 99] ============ 详细性能分析 ============
[模型部分] 总时间: 2.288368s | 显存: 4.12 GB

[0-9秒 PDE求解详细性能]

[19秒 PDE求解]
  t=19s - 时间: 2.268578s | 显存: 0.00 B

[PDE求解部分] 总时间: 2.268578s | 显存: 0.00 B

[本步骤总计] 时间: 4.556946s | 显存: 4.12 GB
surrogate_loss (vs forward.true_19):  570495.0
[Step 99] Backward Propagation - Time: 5.3815s, Mem: -4.11 GB
[Step 99] PGD Update - Time: 0.0028s, Mem: -2.75 MB

[Step 99] 完整步骤总时间: 7.673672s | 总显存: 0.00 B
[Step 99] 峰值显存: 16.97 GB
清理前显存占用: 13092.9970703125 MB
PGD攻击完成！显存已清理
当前显存占用: 2092.2470703125 MB
mode_spec = wwwwwwwwww
Per-frame modes: [t=01] with_solver | [t=02] with_solver | [t=03] with_solver | [t=04] with_solver | [t=05] with_solver | [t=06] with_solver | [t=07] with_solver | [t=08] with_solver | [t=09] with_solver | [t=19] with_solver
================================================================================
norm: 2, epsilon: 235.9296, alpha: 100, num_steps: 100, index: 0, method: adam, mode_spec: wwwwwwwwww, b1: 0.9, b2: 0.999, adam_eps: 1e-08, sign_Linf: True, amsgrad: False

[Step 0] ============ 详细性能分析 ============
[模型部分] 总时间: 2.302667s | 显存: 4.11 GB

[0-9秒 PDE求解详细性能]

[19秒 PDE求解]
  t=19s - 时间: 2.276697s | 显存: 0.00 B

[PDE求解部分] 总时间: 2.276697s | 显存: 0.00 B

[本步骤总计] 时间: 4.579364s | 显存: 4.11 GB
surrogate_loss (vs forward.true_19):  2874.302978515625
[Step 0] Backward Propagation - Time: 5.3952s, Mem: -4.11 GB
[Step 0] PGD Update - Time: 0.0013s, Mem: 1.75 MB

[Step 0] 完整步骤总时间: 7.700194s | 总显存: 5.25 MB
[Step 0] 峰值显存: 16.96 GB

[Step 1] ============ 详细性能分析 ============
[模型部分] 总时间: 2.278862s | 显存: 4.11 GB

[0-9秒 PDE求解详细性能]

[19秒 PDE求解]
  t=19s - 时间: 2.259319s | 显存: 0.00 B

[PDE求解部分] 总时间: 2.259319s | 显存: 0.00 B

[本步骤总计] 时间: 4.538181s | 显存: 4.11 GB
surrogate_loss (vs forward.true_19):  97036.203125
[Step 1] Backward Propagation - Time: 5.4791s, Mem: -4.11 GB
[Step 1] PGD Update - Time: 0.0024s, Mem: -3.25 MB

[Step 1] 完整步骤总时间: 7.761487s | 总显存: -512.00 KB
[Step 1] 峰值显存: 16.97 GB

[Step 2] ============ 详细性能分析 ============
[模型部分] 总时间: 2.283753s | 显存: 4.11 GB

[0-9秒 PDE求解详细性能]

[19秒 PDE求解]
  t=19s - 时间: 2.264540s | 显存: 0.00 B

[PDE求解部分] 总时间: 2.264540s | 显存: 0.00 B

[本步骤总计] 时间: 4.548293s | 显存: 4.11 GB
surrogate_loss (vs forward.true_19):  56444.02734375
[Step 2] Backward Propagation - Time: 5.4598s, Mem: -4.11 GB
[Step 2] PGD Update - Time: 0.0022s, Mem: -2.75 MB

[Step 2] 完整步骤总时间: 7.746695s | 总显存: 0.00 B
[Step 2] 峰值显存: 16.97 GB

[Step 3] ============ 详细性能分析 ============
[模型部分] 总时间: 2.272840s | 显存: 4.12 GB

[0-9秒 PDE求解详细性能]

[19秒 PDE求解]
  t=19s - 时间: 2.253607s | 显存: 0.00 B

[PDE求解部分] 总时间: 2.253607s | 显存: 0.00 B

[本步骤总计] 时间: 4.526447s | 显存: 4.12 GB
surrogate_loss (vs forward.true_19):  120421.5390625
[Step 3] Backward Propagation - Time: 5.3947s, Mem: -4.11 GB
[Step 3] PGD Update - Time: 0.0022s, Mem: -2.75 MB

[Step 3] 完整步骤总时间: 7.670655s | 总显存: 0.00 B
[Step 3] 峰值显存: 16.97 GB

[Step 4] ============ 详细性能分析 ============
[模型部分] 总时间: 2.248995s | 显存: 4.11 GB

[0-9秒 PDE求解详细性能]

[19秒 PDE求解]
  t=19s - 时间: 2.229727s | 显存: 0.00 B

[PDE求解部分] 总时间: 2.229727s | 显存: 0.00 B

[本步骤总计] 时间: 4.478722s | 显存: 4.11 GB
surrogate_loss (vs forward.true_19):  148053.609375
[Step 4] Backward Propagation - Time: 5.3648s, Mem: -4.11 GB
[Step 4] PGD Update - Time: 0.0024s, Mem: -2.75 MB

[Step 4] 完整步骤总时间: 7.617083s | 总显存: 0.00 B
[Step 4] 峰值显存: 16.97 GB

[Step 5] ============ 详细性能分析 ============
[模型部分] 总时间: 2.281884s | 显存: 4.12 GB

[0-9秒 PDE求解详细性能]

[19秒 PDE求解]
  t=19s - 时间: 2.262272s | 显存: 0.00 B

[PDE求解部分] 总时间: 2.262272s | 显存: 0.00 B

[本步骤总计] 时间: 4.544156s | 显存: 4.12 GB
surrogate_loss (vs forward.true_19):  129292.6484375
[Step 5] Backward Propagation - Time: 5.3241s, Mem: -4.11 GB
[Step 5] PGD Update - Time: 0.0025s, Mem: -2.75 MB

[Step 5] 完整步骤总时间: 7.609480s | 总显存: 0.00 B
[Step 5] 峰值显存: 16.97 GB

[Step 6] ============ 详细性能分析 ============
[模型部分] 总时间: 2.255138s | 显存: 4.11 GB

[0-9秒 PDE求解详细性能]

[19秒 PDE求解]
  t=19s - 时间: 2.235907s | 显存: 0.00 B

[PDE求解部分] 总时间: 2.235907s | 显存: 0.00 B

[本步骤总计] 时间: 4.491045s | 显存: 4.11 GB
surrogate_loss (vs forward.true_19):  62606.6640625
[Step 6] Backward Propagation - Time: 5.4150s, Mem: -4.11 GB
[Step 6] PGD Update - Time: 0.0036s, Mem: -2.75 MB

[Step 6] 完整步骤总时间: 7.674843s | 总显存: 0.00 B
[Step 6] 峰值显存: 16.97 GB

[Step 7] ============ 详细性能分析 ============
[模型部分] 总时间: 2.257766s | 显存: 4.12 GB

[0-9秒 PDE求解详细性能]

[19秒 PDE求解]
  t=19s - 时间: 2.238531s | 显存: 0.00 B

[PDE求解部分] 总时间: 2.238531s | 显存: 0.00 B

[本步骤总计] 时间: 4.496297s | 显存: 4.12 GB
surrogate_loss (vs forward.true_19):  164839.3125
[Step 7] Backward Propagation - Time: 5.4491s, Mem: -4.11 GB
[Step 7] PGD Update - Time: 0.0027s, Mem: -2.75 MB

[Step 7] 完整步骤总时间: 7.710699s | 总显存: 0.00 B
[Step 7] 峰值显存: 16.97 GB

[Step 8] ============ 详细性能分析 ============
[模型部分] 总时间: 2.253414s | 显存: 4.11 GB

[0-9秒 PDE求解详细性能]

[19秒 PDE求解]
  t=19s - 时间: 2.234111s | 显存: 0.00 B

[PDE求解部分] 总时间: 2.234111s | 显存: 0.00 B

[本步骤总计] 时间: 4.487525s | 显存: 4.11 GB
surrogate_loss (vs forward.true_19):  152489.453125
[Step 8] Backward Propagation - Time: 5.3083s, Mem: -4.11 GB
[Step 8] PGD Update - Time: 0.0025s, Mem: -2.75 MB

[Step 8] 完整步骤总时间: 7.565158s | 总显存: 0.00 B
[Step 8] 峰值显存: 16.97 GB

[Step 9] ============ 详细性能分析 ============
[模型部分] 总时间: 2.270909s | 显存: 4.12 GB

[0-9秒 PDE求解详细性能]

[19秒 PDE求解]
  t=19s - 时间: 2.251665s | 显存: 0.00 B

[PDE求解部分] 总时间: 2.251665s | 显存: 0.00 B

[本步骤总计] 时间: 4.522574s | 显存: 4.12 GB
surrogate_loss (vs forward.true_19):  117672.6796875
[Step 9] Backward Propagation - Time: 5.3804s, Mem: -4.11 GB
[Step 9] PGD Update - Time: 0.0027s, Mem: -2.75 MB

[Step 9] 完整步骤总时间: 7.654929s | 总显存: 0.00 B
[Step 9] 峰值显存: 16.97 GB

[Step 10] ============ 详细性能分析 ============
[模型部分] 总时间: 2.239968s | 显存: 4.11 GB

[0-9秒 PDE求解详细性能]

[19秒 PDE求解]
  t=19s - 时间: 2.220412s | 显存: 0.00 B

[PDE求解部分] 总时间: 2.220412s | 显存: 0.00 B

[本步骤总计] 时间: 4.460380s | 显存: 4.11 GB
surrogate_loss (vs forward.true_19):  200570.0
[Step 10] Backward Propagation - Time: 5.3615s, Mem: -4.11 GB
[Step 10] PGD Update - Time: 0.0027s, Mem: -2.75 MB

[Step 10] 完整步骤总时间: 7.605161s | 总显存: 0.00 B
[Step 10] 峰值显存: 16.97 GB

[Step 11] ============ 详细性能分析 ============
[模型部分] 总时间: 2.270155s | 显存: 4.12 GB

[0-9秒 PDE求解详细性能]

[19秒 PDE求解]
  t=19s - 时间: 2.250860s | 显存: 0.00 B

[PDE求解部分] 总时间: 2.250860s | 显存: 0.00 B

[本步骤总计] 时间: 4.521014s | 显存: 4.12 GB
surrogate_loss (vs forward.true_19):  261141.6875
[Step 11] Backward Propagation - Time: 5.4272s, Mem: -4.11 GB
[Step 11] PGD Update - Time: 0.0032s, Mem: -2.75 MB

[Step 11] 完整步骤总时间: 7.701546s | 总显存: 0.00 B
[Step 11] 峰值显存: 16.97 GB

[Step 12] ============ 详细性能分析 ============
[模型部分] 总时间: 2.251820s | 显存: 4.11 GB

[0-9秒 PDE求解详细性能]

[19秒 PDE求解]
  t=19s - 时间: 2.232501s | 显存: 0.00 B

[PDE求解部分] 总时间: 2.232501s | 显存: 0.00 B

[本步骤总计] 时间: 4.484321s | 显存: 4.11 GB
surrogate_loss (vs forward.true_19):  284950.1875
[Step 12] Backward Propagation - Time: 5.3529s, Mem: -4.11 GB
[Step 12] PGD Update - Time: 0.0033s, Mem: -2.75 MB

[Step 12] 完整步骤总时间: 7.608869s | 总显存: 0.00 B
[Step 12] 峰值显存: 16.97 GB

[Step 13] ============ 详细性能分析 ============
[模型部分] 总时间: 2.261538s | 显存: 4.12 GB

[0-9秒 PDE求解详细性能]

[19秒 PDE求解]
  t=19s - 时间: 2.242325s | 显存: 0.00 B

[PDE求解部分] 总时间: 2.242325s | 显存: 0.00 B

[本步骤总计] 时间: 4.503863s | 显存: 4.12 GB
surrogate_loss (vs forward.true_19):  228292.015625
[Step 13] Backward Propagation - Time: 5.3756s, Mem: -4.11 GB
[Step 13] PGD Update - Time: 0.0025s, Mem: -2.75 MB

[Step 13] 完整步骤总时间: 7.640576s | 总显存: 0.00 B
[Step 13] 峰值显存: 16.97 GB

[Step 14] ============ 详细性能分析 ============
[模型部分] 总时间: 2.250316s | 显存: 4.11 GB

[0-9秒 PDE求解详细性能]

[19秒 PDE求解]
  t=19s - 时间: 2.231070s | 显存: 0.00 B

[PDE求解部分] 总时间: 2.231070s | 显存: 0.00 B

[本步骤总计] 时间: 4.481386s | 显存: 4.11 GB
surrogate_loss (vs forward.true_19):  156425.5625
[Step 14] Backward Propagation - Time: 5.3730s, Mem: -4.11 GB
[Step 14] PGD Update - Time: 0.0024s, Mem: -2.75 MB

[Step 14] 完整步骤总时间: 7.626601s | 总显存: 0.00 B
[Step 14] 峰值显存: 16.97 GB

[Step 15] ============ 详细性能分析 ============
[模型部分] 总时间: 2.248423s | 显存: 4.12 GB

[0-9秒 PDE求解详细性能]

[19秒 PDE求解]
  t=19s - 时间: 2.229024s | 显存: 0.00 B

[PDE求解部分] 总时间: 2.229024s | 显存: 0.00 B

[本步骤总计] 时间: 4.477447s | 显存: 4.12 GB
surrogate_loss (vs forward.true_19):  250218.515625
[Step 15] Backward Propagation - Time: 5.4078s, Mem: -4.11 GB
[Step 15] PGD Update - Time: 0.0026s, Mem: -2.75 MB

[Step 15] 完整步骤总时间: 7.659828s | 总显存: 0.00 B
[Step 15] 峰值显存: 16.97 GB

[Step 16] ============ 详细性能分析 ============
[模型部分] 总时间: 2.280892s | 显存: 4.11 GB

[0-9秒 PDE求解详细性能]

[19秒 PDE求解]
  t=19s - 时间: 2.261624s | 显存: 0.00 B

[PDE求解部分] 总时间: 2.261624s | 显存: 0.00 B

[本步骤总计] 时间: 4.542516s | 显存: 4.11 GB
surrogate_loss (vs forward.true_19):  265141.25
[Step 16] Backward Propagation - Time: 5.4045s, Mem: -4.11 GB
[Step 16] PGD Update - Time: 0.0026s, Mem: -2.75 MB

[Step 16] 完整步骤总时间: 7.688911s | 总显存: 0.00 B
[Step 16] 峰值显存: 16.97 GB

[Step 17] ============ 详细性能分析 ============
[模型部分] 总时间: 2.268326s | 显存: 4.12 GB

[0-9秒 PDE求解详细性能]

[19秒 PDE求解]
  t=19s - 时间: 2.248754s | 显存: 0.00 B

[PDE求解部分] 总时间: 2.248754s | 显存: 0.00 B

[本步骤总计] 时间: 4.517080s | 显存: 4.12 GB
surrogate_loss (vs forward.true_19):  205860.078125
[Step 17] Backward Propagation - Time: 5.4213s, Mem: -4.11 GB
[Step 17] PGD Update - Time: 0.0028s, Mem: -2.75 MB

[Step 17] 完整步骤总时间: 7.693397s | 总显存: 0.00 B
[Step 17] 峰值显存: 16.97 GB

[Step 18] ============ 详细性能分析 ============
[模型部分] 总时间: 2.284910s | 显存: 4.11 GB

[0-9秒 PDE求解详细性能]

[19秒 PDE求解]
  t=19s - 时间: 2.265502s | 显存: 0.00 B

[PDE求解部分] 总时间: 2.265502s | 显存: 0.00 B

[本步骤总计] 时间: 4.550411s | 显存: 4.11 GB
surrogate_loss (vs forward.true_19):  180944.5
[Step 18] Backward Propagation - Time: 5.3971s, Mem: -4.11 GB
[Step 18] PGD Update - Time: 0.0028s, Mem: -2.75 MB

[Step 18] 完整步骤总时间: 7.685749s | 总显存: 0.00 B
[Step 18] 峰值显存: 16.97 GB

[Step 19] ============ 详细性能分析 ============
[模型部分] 总时间: 2.246668s | 显存: 4.12 GB

[0-9秒 PDE求解详细性能]

[19秒 PDE求解]
  t=19s - 时间: 2.227424s | 显存: 0.00 B

[PDE求解部分] 总时间: 2.227424s | 显存: 0.00 B

[本步骤总计] 时间: 4.474092s | 显存: 4.12 GB
surrogate_loss (vs forward.true_19):  174625.75
[Step 19] Backward Propagation - Time: 5.4287s, Mem: -4.11 GB
[Step 19] PGD Update - Time: 0.0040s, Mem: -2.75 MB

[Step 19] 完整步骤总时间: 7.680646s | 总显存: 0.00 B
[Step 19] 峰值显存: 16.97 GB

[Step 20] ============ 详细性能分析 ============
[模型部分] 总时间: 2.285345s | 显存: 4.11 GB

[0-9秒 PDE求解详细性能]

[19秒 PDE求解]
  t=19s - 时间: 2.266081s | 显存: 0.00 B

[PDE求解部分] 总时间: 2.266081s | 显存: 0.00 B

[本步骤总计] 时间: 4.551426s | 显存: 4.11 GB
surrogate_loss (vs forward.true_19):  226941.125
[Step 20] Backward Propagation - Time: 5.3168s, Mem: -4.11 GB
[Step 20] PGD Update - Time: 0.0029s, Mem: -2.75 MB

[Step 20] 完整步骤总时间: 7.605982s | 总显存: 0.00 B
[Step 20] 峰值显存: 16.97 GB

[Step 21] ============ 详细性能分析 ============
[模型部分] 总时间: 2.252791s | 显存: 4.12 GB

[0-9秒 PDE求解详细性能]

[19秒 PDE求解]
  t=19s - 时间: 2.233507s | 显存: 0.00 B

[PDE求解部分] 总时间: 2.233507s | 显存: 0.00 B

[本步骤总计] 时间: 4.486298s | 显存: 4.12 GB
surrogate_loss (vs forward.true_19):  199866.46875
[Step 21] Backward Propagation - Time: 5.4275s, Mem: -4.11 GB
[Step 21] PGD Update - Time: 0.0026s, Mem: -2.75 MB

[Step 21] 完整步骤总时间: 7.683817s | 总显存: 0.00 B
[Step 21] 峰值显存: 16.97 GB

[Step 22] ============ 详细性能分析 ============
[模型部分] 总时间: 2.249707s | 显存: 4.11 GB

[0-9秒 PDE求解详细性能]

[19秒 PDE求解]
  t=19s - 时间: 2.230414s | 显存: 0.00 B

[PDE求解部分] 总时间: 2.230414s | 显存: 0.00 B

[本步骤总计] 时间: 4.480121s | 显存: 4.11 GB
surrogate_loss (vs forward.true_19):  240549.3125
[Step 22] Backward Propagation - Time: 5.4314s, Mem: -4.11 GB
[Step 22] PGD Update - Time: 0.0026s, Mem: -2.75 MB

[Step 22] 完整步骤总时间: 7.684643s | 总显存: 0.00 B
[Step 22] 峰值显存: 16.97 GB

[Step 23] ============ 详细性能分析 ============
[模型部分] 总时间: 2.255961s | 显存: 4.12 GB

[0-9秒 PDE求解详细性能]

[19秒 PDE求解]
  t=19s - 时间: 2.236337s | 显存: 0.00 B

[PDE求解部分] 总时间: 2.236337s | 显存: 0.00 B

[本步骤总计] 时间: 4.492298s | 显存: 4.12 GB
surrogate_loss (vs forward.true_19):  155422.75
[Step 23] Backward Propagation - Time: 5.3857s, Mem: -4.11 GB
[Step 23] PGD Update - Time: 0.0029s, Mem: -2.75 MB

[Step 23] 完整步骤总时间: 7.645543s | 总显存: 0.00 B
[Step 23] 峰值显存: 16.97 GB

[Step 24] ============ 详细性能分析 ============
[模型部分] 总时间: 2.265349s | 显存: 4.11 GB

[0-9秒 PDE求解详细性能]

[19秒 PDE求解]
  t=19s - 时间: 2.245929s | 显存: 0.00 B

[PDE求解部分] 总时间: 2.245929s | 显存: 0.00 B

[本步骤总计] 时间: 4.511278s | 显存: 4.11 GB
surrogate_loss (vs forward.true_19):  239133.28125
[Step 24] Backward Propagation - Time: 5.3191s, Mem: -4.11 GB
[Step 24] PGD Update - Time: 0.0027s, Mem: -2.75 MB

[Step 24] 完整步骤总时间: 7.588013s | 总显存: 0.00 B
[Step 24] 峰值显存: 16.97 GB

[Step 25] ============ 详细性能分析 ============
[模型部分] 总时间: 2.271557s | 显存: 4.12 GB

[0-9秒 PDE求解详细性能]

[19秒 PDE求解]
  t=19s - 时间: 2.252124s | 显存: 0.00 B

[PDE求解部分] 总时间: 2.252124s | 显存: 0.00 B

[本步骤总计] 时间: 4.523681s | 显存: 4.12 GB
surrogate_loss (vs forward.true_19):  206871.015625
[Step 25] Backward Propagation - Time: 5.3777s, Mem: -4.11 GB
[Step 25] PGD Update - Time: 0.0036s, Mem: -2.75 MB

[Step 25] 完整步骤总时间: 7.653887s | 总显存: 0.00 B
[Step 25] 峰值显存: 16.97 GB

[Step 26] ============ 详细性能分析 ============
[模型部分] 总时间: 2.232362s | 显存: 4.11 GB

[0-9秒 PDE求解详细性能]

[19秒 PDE求解]
  t=19s - 时间: 2.213077s | 显存: 0.00 B

[PDE求解部分] 总时间: 2.213077s | 显存: 0.00 B

[本步骤总计] 时间: 4.445439s | 显存: 4.11 GB
surrogate_loss (vs forward.true_19):  299120.71875
[Step 26] Backward Propagation - Time: 5.4299s, Mem: -4.11 GB
[Step 26] PGD Update - Time: 0.0026s, Mem: -2.75 MB

[Step 26] 完整步骤总时间: 7.666024s | 总显存: 0.00 B
[Step 26] 峰值显存: 16.97 GB

[Step 27] ============ 详细性能分析 ============
[模型部分] 总时间: 2.251112s | 显存: 4.12 GB

[0-9秒 PDE求解详细性能]

[19秒 PDE求解]
  t=19s - 时间: 2.231816s | 显存: 0.00 B

[PDE求解部分] 总时间: 2.231816s | 显存: 0.00 B

[本步骤总计] 时间: 4.482928s | 显存: 4.12 GB
surrogate_loss (vs forward.true_19):  150414.5
[Step 27] Backward Propagation - Time: 5.3321s, Mem: -4.11 GB
[Step 27] PGD Update - Time: 0.0026s, Mem: -2.75 MB

[Step 27] 完整步骤总时间: 7.586732s | 总显存: 0.00 B
[Step 27] 峰值显存: 16.97 GB

[Step 28] ============ 详细性能分析 ============
[模型部分] 总时间: 2.265210s | 显存: 4.11 GB

[0-9秒 PDE求解详细性能]

[19秒 PDE求解]
  t=19s - 时间: 2.245991s | 显存: 0.00 B

[PDE求解部分] 总时间: 2.245991s | 显存: 0.00 B

[本步骤总计] 时间: 4.511201s | 显存: 4.11 GB
surrogate_loss (vs forward.true_19):  237916.375
[Step 28] Backward Propagation - Time: 5.3445s, Mem: -4.11 GB
[Step 28] PGD Update - Time: 0.0027s, Mem: -2.75 MB

[Step 28] 完整步骤总时间: 7.613401s | 总显存: 0.00 B
[Step 28] 峰值显存: 16.97 GB

[Step 29] ============ 详细性能分析 ============
[模型部分] 总时间: 2.289302s | 显存: 4.12 GB

[0-9秒 PDE求解详细性能]

[19秒 PDE求解]
  t=19s - 时间: 2.269701s | 显存: 0.00 B

[PDE求解部分] 总时间: 2.269701s | 显存: 0.00 B

[本步骤总计] 时间: 4.559004s | 显存: 4.12 GB
surrogate_loss (vs forward.true_19):  345711.625
[Step 29] Backward Propagation - Time: 5.4581s, Mem: -4.11 GB
[Step 29] PGD Update - Time: 0.0026s, Mem: -2.75 MB

[Step 29] 完整步骤总时间: 7.750937s | 总显存: 0.00 B
[Step 29] 峰值显存: 16.97 GB

[Step 30] ============ 详细性能分析 ============
[模型部分] 总时间: 2.279925s | 显存: 4.11 GB

[0-9秒 PDE求解详细性能]

[19秒 PDE求解]
  t=19s - 时间: 2.260603s | 显存: 0.00 B

[PDE求解部分] 总时间: 2.260603s | 显存: 0.00 B

[本步骤总计] 时间: 4.540528s | 显存: 4.11 GB
surrogate_loss (vs forward.true_19):  402082.75
[Step 30] Backward Propagation - Time: 5.3983s, Mem: -4.11 GB
[Step 30] PGD Update - Time: 0.0041s, Mem: -2.75 MB

[Step 30] 完整步骤总时间: 7.683541s | 总显存: 0.00 B
[Step 30] 峰值显存: 16.97 GB

[Step 31] ============ 详细性能分析 ============
[模型部分] 总时间: 2.232673s | 显存: 4.12 GB

[0-9秒 PDE求解详细性能]

[19秒 PDE求解]
  t=19s - 时间: 2.213470s | 显存: 0.00 B

[PDE求解部分] 总时间: 2.213470s | 显存: 0.00 B

[本步骤总计] 时间: 4.446142s | 显存: 4.12 GB
surrogate_loss (vs forward.true_19):  261202.203125
[Step 31] Backward Propagation - Time: 5.3569s, Mem: -4.11 GB
[Step 31] PGD Update - Time: 0.0029s, Mem: -2.75 MB

[Step 31] 完整步骤总时间: 7.593366s | 总显存: 0.00 B
[Step 31] 峰值显存: 16.97 GB

[Step 32] ============ 详细性能分析 ============
[模型部分] 总时间: 2.235964s | 显存: 4.11 GB

[0-9秒 PDE求解详细性能]

[19秒 PDE求解]
  t=19s - 时间: 2.216730s | 显存: 0.00 B

[PDE求解部分] 总时间: 2.216730s | 显存: 0.00 B

[本步骤总计] 时间: 4.452694s | 显存: 4.11 GB
surrogate_loss (vs forward.true_19):  157065.75
[Step 32] Backward Propagation - Time: 5.3459s, Mem: -4.11 GB
[Step 32] PGD Update - Time: 0.0027s, Mem: -2.75 MB

[Step 32] 完整步骤总时间: 7.585782s | 总显存: 0.00 B
[Step 32] 峰值显存: 16.97 GB

[Step 33] ============ 详细性能分析 ============
[模型部分] 总时间: 2.232235s | 显存: 4.12 GB

[0-9秒 PDE求解详细性能]

[19秒 PDE求解]
  t=19s - 时间: 2.212903s | 显存: 0.00 B

[PDE求解部分] 总时间: 2.212903s | 显存: 0.00 B

[本步骤总计] 时间: 4.445137s | 显存: 4.12 GB
surrogate_loss (vs forward.true_19):  247311.0
[Step 33] Backward Propagation - Time: 5.3743s, Mem: -4.11 GB
[Step 33] PGD Update - Time: 0.0026s, Mem: -2.75 MB

[Step 33] 完整步骤总时间: 7.610085s | 总显存: 0.00 B
[Step 33] 峰值显存: 16.97 GB

[Step 34] ============ 详细性能分析 ============
[模型部分] 总时间: 2.271730s | 显存: 4.11 GB

[0-9秒 PDE求解详细性能]

[19秒 PDE求解]
  t=19s - 时间: 2.252517s | 显存: 0.00 B

[PDE求解部分] 总时间: 2.252517s | 显存: 0.00 B

[本步骤总计] 时间: 4.524247s | 显存: 4.11 GB
surrogate_loss (vs forward.true_19):  343703.21875
[Step 34] Backward Propagation - Time: 5.3634s, Mem: -4.11 GB
[Step 34] PGD Update - Time: 0.0026s, Mem: -2.75 MB

[Step 34] 完整步骤总时间: 7.638770s | 总显存: 0.00 B
[Step 34] 峰值显存: 16.97 GB

[Step 35] ============ 详细性能分析 ============
[模型部分] 总时间: 2.282495s | 显存: 4.12 GB

[0-9秒 PDE求解详细性能]

[19秒 PDE求解]
  t=19s - 时间: 2.262695s | 显存: 0.00 B

[PDE求解部分] 总时间: 2.262695s | 显存: 0.00 B

[本步骤总计] 时间: 4.545189s | 显存: 4.12 GB
surrogate_loss (vs forward.true_19):  257358.4375
[Step 35] Backward Propagation - Time: 5.4592s, Mem: -4.11 GB
[Step 35] PGD Update - Time: 0.0027s, Mem: -2.75 MB

[Step 35] 完整步骤总时间: 7.745438s | 总显存: 0.00 B
[Step 35] 峰值显存: 16.97 GB

[Step 36] ============ 详细性能分析 ============
[模型部分] 总时间: 2.268514s | 显存: 4.11 GB

[0-9秒 PDE求解详细性能]

[19秒 PDE求解]
  t=19s - 时间: 2.249227s | 显存: 0.00 B

[PDE求解部分] 总时间: 2.249227s | 显存: 0.00 B

[本步骤总计] 时间: 4.517741s | 显存: 4.11 GB
surrogate_loss (vs forward.true_19):  209683.8125
[Step 36] Backward Propagation - Time: 5.3589s, Mem: -4.11 GB
[Step 36] PGD Update - Time: 0.0026s, Mem: -2.75 MB

[Step 36] 完整步骤总时间: 7.630886s | 总显存: 0.00 B
[Step 36] 峰值显存: 16.97 GB

[Step 37] ============ 详细性能分析 ============
[模型部分] 总时间: 2.254997s | 显存: 4.12 GB

[0-9秒 PDE求解详细性能]

[19秒 PDE求解]
  t=19s - 时间: 2.235742s | 显存: 0.00 B

[PDE求解部分] 总时间: 2.235742s | 显存: 0.00 B

[本步骤总计] 时间: 4.490739s | 显存: 4.12 GB
surrogate_loss (vs forward.true_19):  281361.53125
[Step 37] Backward Propagation - Time: 7.4401s, Mem: -4.11 GB
[Step 37] PGD Update - Time: 0.0037s, Mem: -2.75 MB

[Step 37] 完整步骤总时间: 9.699678s | 总显存: 0.00 B
[Step 37] 峰值显存: 16.97 GB

[Step 38] ============ 详细性能分析 ============
[模型部分] 总时间: 2.299275s | 显存: 4.11 GB

[0-9秒 PDE求解详细性能]

[19秒 PDE求解]
  t=19s - 时间: 2.280021s | 显存: 0.00 B

[PDE求解部分] 总时间: 2.280021s | 显存: 0.00 B

[本步骤总计] 时间: 4.579297s | 显存: 4.11 GB
surrogate_loss (vs forward.true_19):  187513.40625
[Step 38] Backward Propagation - Time: 5.4461s, Mem: -4.11 GB
[Step 38] PGD Update - Time: 0.0028s, Mem: -2.75 MB

[Step 38] 完整步骤总时间: 7.749081s | 总显存: 0.00 B
[Step 38] 峰值显存: 16.97 GB

[Step 39] ============ 详细性能分析 ============
[模型部分] 总时间: 2.276990s | 显存: 4.12 GB

[0-9秒 PDE求解详细性能]

[19秒 PDE求解]
  t=19s - 时间: 2.257759s | 显存: 0.00 B

[PDE求解部分] 总时间: 2.257759s | 显存: 0.00 B

[本步骤总计] 时间: 4.534749s | 显存: 4.12 GB
surrogate_loss (vs forward.true_19):  234366.8125
[Step 39] Backward Propagation - Time: 5.4404s, Mem: -4.11 GB
[Step 39] PGD Update - Time: 0.0025s, Mem: -2.75 MB

[Step 39] 完整步骤总时间: 7.720814s | 总显存: 0.00 B
[Step 39] 峰值显存: 16.97 GB

[Step 40] ============ 详细性能分析 ============
[模型部分] 总时间: 2.243469s | 显存: 4.11 GB

[0-9秒 PDE求解详细性能]

[19秒 PDE求解]
  t=19s - 时间: 2.224230s | 显存: 0.00 B

[PDE求解部分] 总时间: 2.224230s | 显存: 0.00 B

[本步骤总计] 时间: 4.467699s | 显存: 4.11 GB
surrogate_loss (vs forward.true_19):  191001.359375
[Step 40] Backward Propagation - Time: 5.4273s, Mem: -4.11 GB
[Step 40] PGD Update - Time: 0.0025s, Mem: -2.75 MB

[Step 40] 完整步骤总时间: 7.674277s | 总显存: 0.00 B
[Step 40] 峰值显存: 16.97 GB

[Step 41] ============ 详细性能分析 ============
[模型部分] 总时间: 2.276298s | 显存: 4.12 GB

[0-9秒 PDE求解详细性能]

[19秒 PDE求解]
  t=19s - 时间: 2.256908s | 显存: 0.00 B

[PDE求解部分] 总时间: 2.256908s | 显存: 0.00 B

[本步骤总计] 时间: 4.533207s | 显存: 4.12 GB
surrogate_loss (vs forward.true_19):  239711.734375
[Step 41] Backward Propagation - Time: 5.3985s, Mem: -4.11 GB
[Step 41] PGD Update - Time: 0.0029s, Mem: -2.75 MB

[Step 41] 完整步骤总时间: 7.678680s | 总显存: 0.00 B
[Step 41] 峰值显存: 16.97 GB

[Step 42] ============ 详细性能分析 ============
[模型部分] 总时间: 2.280789s | 显存: 4.11 GB

[0-9秒 PDE求解详细性能]

[19秒 PDE求解]
  t=19s - 时间: 2.261098s | 显存: 0.00 B

[PDE求解部分] 总时间: 2.261098s | 显存: 0.00 B

[本步骤总计] 时间: 4.541887s | 显存: 4.11 GB
surrogate_loss (vs forward.true_19):  236326.859375
[Step 42] Backward Propagation - Time: 5.3769s, Mem: -4.11 GB
[Step 42] PGD Update - Time: 0.0026s, Mem: -2.75 MB

[Step 42] 完整步骤总时间: 7.661203s | 总显存: 0.00 B
[Step 42] 峰值显存: 16.97 GB

[Step 43] ============ 详细性能分析 ============
[模型部分] 总时间: 2.252577s | 显存: 4.12 GB

[0-9秒 PDE求解详细性能]

[19秒 PDE求解]
  t=19s - 时间: 2.233294s | 显存: 0.00 B

[PDE求解部分] 总时间: 2.233294s | 显存: 0.00 B

[本步骤总计] 时间: 4.485870s | 显存: 4.12 GB
surrogate_loss (vs forward.true_19):  219825.25
[Step 43] Backward Propagation - Time: 5.4109s, Mem: -4.11 GB
[Step 43] PGD Update - Time: 0.0041s, Mem: -2.75 MB

[Step 43] 完整步骤总时间: 7.668819s | 总显存: 0.00 B
[Step 43] 峰值显存: 16.97 GB

[Step 44] ============ 详细性能分析 ============
[模型部分] 总时间: 2.267352s | 显存: 4.11 GB

[0-9秒 PDE求解详细性能]

[19秒 PDE求解]
  t=19s - 时间: 2.248059s | 显存: 0.00 B

[PDE求解部分] 总时间: 2.248059s | 显存: 0.00 B

[本步骤总计] 时间: 4.515411s | 显存: 4.11 GB
surrogate_loss (vs forward.true_19):  255185.03125
[Step 44] Backward Propagation - Time: 5.3620s, Mem: -4.11 GB
[Step 44] PGD Update - Time: 0.0030s, Mem: -2.75 MB

[Step 44] 完整步骤总时间: 7.633228s | 总显存: 0.00 B
[Step 44] 峰值显存: 16.97 GB

[Step 45] ============ 详细性能分析 ============
[模型部分] 总时间: 2.229770s | 显存: 4.12 GB

[0-9秒 PDE求解详细性能]

[19秒 PDE求解]
  t=19s - 时间: 2.210503s | 显存: 0.00 B

[PDE求解部分] 总时间: 2.210503s | 显存: 0.00 B

[本步骤总计] 时间: 4.440273s | 显存: 4.12 GB
surrogate_loss (vs forward.true_19):  319008.875
[Step 45] Backward Propagation - Time: 5.3264s, Mem: -4.11 GB
[Step 45] PGD Update - Time: 0.0027s, Mem: -2.75 MB

[Step 45] 完整步骤总时间: 7.559935s | 总显存: 0.00 B
[Step 45] 峰值显存: 16.97 GB

[Step 46] ============ 详细性能分析 ============
[模型部分] 总时间: 2.274142s | 显存: 4.11 GB

[0-9秒 PDE求解详细性能]

[19秒 PDE求解]
  t=19s - 时间: 2.254847s | 显存: 0.00 B

[PDE求解部分] 总时间: 2.254847s | 显存: 0.00 B

[本步骤总计] 时间: 4.528989s | 显存: 4.11 GB
surrogate_loss (vs forward.true_19):  203787.9375
[Step 46] Backward Propagation - Time: 5.4726s, Mem: -4.11 GB
[Step 46] PGD Update - Time: 0.0026s, Mem: -2.75 MB

[Step 46] 完整步骤总时间: 7.750338s | 总显存: 0.00 B
[Step 46] 峰值显存: 16.97 GB

[Step 47] ============ 详细性能分析 ============
[模型部分] 总时间: 2.288705s | 显存: 4.12 GB

[0-9秒 PDE求解详细性能]

[19秒 PDE求解]
  t=19s - 时间: 2.269477s | 显存: 0.00 B

[PDE求解部分] 总时间: 2.269477s | 显存: 0.00 B

[本步骤总计] 时间: 4.558182s | 显存: 4.12 GB
surrogate_loss (vs forward.true_19):  228761.9375
[Step 47] Backward Propagation - Time: 5.4776s, Mem: -4.11 GB
[Step 47] PGD Update - Time: 0.0028s, Mem: -2.75 MB

[Step 47] 完整步骤总时间: 7.770070s | 总显存: 0.00 B
[Step 47] 峰值显存: 16.97 GB

[Step 48] ============ 详细性能分析 ============
[模型部分] 总时间: 2.267662s | 显存: 4.11 GB

[0-9秒 PDE求解详细性能]

[19秒 PDE求解]
  t=19s - 时间: 2.247981s | 显存: 0.00 B

[PDE求解部分] 总时间: 2.247981s | 显存: 0.00 B

[本步骤总计] 时间: 4.515643s | 显存: 4.11 GB
surrogate_loss (vs forward.true_19):  362436.25
[Step 48] Backward Propagation - Time: 5.3818s, Mem: -4.11 GB
[Step 48] PGD Update - Time: 0.0026s, Mem: -2.75 MB

[Step 48] 完整步骤总时间: 7.652996s | 总显存: 0.00 B
[Step 48] 峰值显存: 16.97 GB

[Step 49] ============ 详细性能分析 ============
[模型部分] 总时间: 2.251009s | 显存: 4.12 GB

[0-9秒 PDE求解详细性能]

[19秒 PDE求解]
  t=19s - 时间: 2.231744s | 显存: 0.00 B

[PDE求解部分] 总时间: 2.231744s | 显存: 0.00 B

[本步骤总计] 时间: 4.482752s | 显存: 4.12 GB
surrogate_loss (vs forward.true_19):  176738.390625
[Step 49] Backward Propagation - Time: 5.4343s, Mem: -4.11 GB
[Step 49] PGD Update - Time: 0.0042s, Mem: -2.75 MB

[Step 49] 完整步骤总时间: 7.690739s | 总显存: 0.00 B
[Step 49] 峰值显存: 16.97 GB

[Step 50] ============ 详细性能分析 ============
[模型部分] 总时间: 2.281751s | 显存: 4.11 GB

[0-9秒 PDE求解详细性能]

[19秒 PDE求解]
  t=19s - 时间: 2.262383s | 显存: 0.00 B

[PDE求解部分] 总时间: 2.262383s | 显存: 0.00 B

[本步骤总计] 时间: 4.544134s | 显存: 4.11 GB
surrogate_loss (vs forward.true_19):  334749.125
[Step 50] Backward Propagation - Time: 5.4200s, Mem: -4.11 GB
[Step 50] PGD Update - Time: 0.0029s, Mem: -2.75 MB

[Step 50] 完整步骤总时间: 7.705656s | 总显存: 0.00 B
[Step 50] 峰值显存: 16.97 GB

[Step 51] ============ 详细性能分析 ============
[模型部分] 总时间: 2.289521s | 显存: 4.12 GB

[0-9秒 PDE求解详细性能]

[19秒 PDE求解]
  t=19s - 时间: 2.270275s | 显存: 0.00 B

[PDE求解部分] 总时间: 2.270275s | 显存: 0.00 B

[本步骤总计] 时间: 4.559796s | 显存: 4.12 GB
surrogate_loss (vs forward.true_19):  338364.4375
[Step 51] Backward Propagation - Time: 5.4580s, Mem: -4.11 GB
[Step 51] PGD Update - Time: 0.0026s, Mem: -2.75 MB

[Step 51] 完整步骤总时间: 7.751076s | 总显存: 0.00 B
[Step 51] 峰值显存: 16.97 GB

[Step 52] ============ 详细性能分析 ============
[模型部分] 总时间: 2.262306s | 显存: 4.11 GB

[0-9秒 PDE求解详细性能]

[19秒 PDE求解]
  t=19s - 时间: 2.243044s | 显存: 0.00 B

[PDE求解部分] 总时间: 2.243044s | 显存: 0.00 B

[本步骤总计] 时间: 4.505350s | 显存: 4.11 GB
surrogate_loss (vs forward.true_19):  195626.0
[Step 52] Backward Propagation - Time: 5.3600s, Mem: -4.11 GB
[Step 52] PGD Update - Time: 0.0026s, Mem: -2.75 MB

[Step 52] 完整步骤总时间: 7.625853s | 总显存: 0.00 B
[Step 52] 峰值显存: 16.97 GB

[Step 53] ============ 详细性能分析 ============
[模型部分] 总时间: 2.251891s | 显存: 4.12 GB

[0-9秒 PDE求解详细性能]

[19秒 PDE求解]
  t=19s - 时间: 2.232714s | 显存: 0.00 B

[PDE求解部分] 总时间: 2.232714s | 显存: 0.00 B

[本步骤总计] 时间: 4.484605s | 显存: 4.12 GB
surrogate_loss (vs forward.true_19):  163945.609375
[Step 53] Backward Propagation - Time: 5.4135s, Mem: -4.11 GB
[Step 53] PGD Update - Time: 0.0028s, Mem: -2.75 MB

[Step 53] 完整步骤总时间: 7.669089s | 总显存: 0.00 B
[Step 53] 峰值显存: 16.97 GB

[Step 54] ============ 详细性能分析 ============
[模型部分] 总时间: 2.256522s | 显存: 4.11 GB

[0-9秒 PDE求解详细性能]

[19秒 PDE求解]
  t=19s - 时间: 2.236869s | 显存: 0.00 B

[PDE求解部分] 总时间: 2.236869s | 显存: 0.00 B

[本步骤总计] 时间: 4.493391s | 显存: 4.11 GB
surrogate_loss (vs forward.true_19):  252866.125
[Step 54] Backward Propagation - Time: 5.3778s, Mem: -4.11 GB
[Step 54] PGD Update - Time: 0.0026s, Mem: -2.75 MB

[Step 54] 完整步骤总时间: 7.637887s | 总显存: 0.00 B
[Step 54] 峰值显存: 16.97 GB

[Step 55] ============ 详细性能分析 ============
[模型部分] 总时间: 2.255408s | 显存: 4.12 GB

[0-9秒 PDE求解详细性能]

[19秒 PDE求解]
  t=19s - 时间: 2.236160s | 显存: 0.00 B

[PDE求解部分] 总时间: 2.236160s | 显存: 0.00 B

[本步骤总计] 时间: 4.491567s | 显存: 4.12 GB
surrogate_loss (vs forward.true_19):  141816.0
[Step 55] Backward Propagation - Time: 5.3223s, Mem: -4.11 GB
[Step 55] PGD Update - Time: 0.0041s, Mem: -2.75 MB

[Step 55] 完整步骤总时间: 7.583004s | 总显存: 0.00 B
[Step 55] 峰值显存: 16.97 GB

[Step 56] ============ 详细性能分析 ============
[模型部分] 总时间: 2.247963s | 显存: 4.11 GB

[0-9秒 PDE求解详细性能]

[19秒 PDE求解]
  t=19s - 时间: 2.228670s | 显存: 0.00 B

[PDE求解部分] 总时间: 2.228670s | 显存: 0.00 B

[本步骤总计] 时间: 4.476634s | 显存: 4.11 GB
surrogate_loss (vs forward.true_19):  179358.8125
[Step 56] Backward Propagation - Time: 5.4053s, Mem: -4.11 GB
[Step 56] PGD Update - Time: 0.0030s, Mem: -2.75 MB

[Step 56] 完整步骤总时间: 7.657420s | 总显存: 0.00 B
[Step 56] 峰值显存: 16.97 GB

[Step 57] ============ 详细性能分析 ============
[模型部分] 总时间: 2.281231s | 显存: 4.12 GB

[0-9秒 PDE求解详细性能]

[19秒 PDE求解]
  t=19s - 时间: 2.261980s | 显存: 0.00 B

[PDE求解部分] 总时间: 2.261980s | 显存: 0.00 B

[本步骤总计] 时间: 4.543211s | 显存: 4.12 GB
surrogate_loss (vs forward.true_19):  192833.8125
[Step 57] Backward Propagation - Time: 5.3842s, Mem: -4.11 GB
[Step 57] PGD Update - Time: 0.0026s, Mem: -2.75 MB

[Step 57] 完整步骤总时间: 7.669003s | 总显存: 0.00 B
[Step 57] 峰值显存: 16.97 GB

[Step 58] ============ 详细性能分析 ============
[模型部分] 总时间: 2.236696s | 显存: 4.11 GB

[0-9秒 PDE求解详细性能]

[19秒 PDE求解]
  t=19s - 时间: 2.217443s | 显存: 0.00 B

[PDE求解部分] 总时间: 2.217443s | 显存: 0.00 B

[本步骤总计] 时间: 4.454139s | 显存: 4.11 GB
surrogate_loss (vs forward.true_19):  238576.0625
[Step 58] Backward Propagation - Time: 5.4075s, Mem: -4.11 GB
[Step 58] PGD Update - Time: 0.0026s, Mem: -2.75 MB

[Step 58] 完整步骤总时间: 7.647734s | 总显存: 0.00 B
[Step 58] 峰值显存: 16.97 GB

[Step 59] ============ 详细性能分析 ============
[模型部分] 总时间: 2.281960s | 显存: 4.12 GB

[0-9秒 PDE求解详细性能]

[19秒 PDE求解]
  t=19s - 时间: 2.262730s | 显存: 0.00 B

[PDE求解部分] 总时间: 2.262730s | 显存: 0.00 B

[本步骤总计] 时间: 4.544689s | 显存: 4.12 GB
surrogate_loss (vs forward.true_19):  247072.25
[Step 59] Backward Propagation - Time: 5.4516s, Mem: -4.11 GB
[Step 59] PGD Update - Time: 0.0026s, Mem: -2.75 MB

[Step 59] 完整步骤总时间: 7.737178s | 总显存: 0.00 B
[Step 59] 峰值显存: 16.97 GB

[Step 60] ============ 详细性能分析 ============
[模型部分] 总时间: 2.245114s | 显存: 4.11 GB

[0-9秒 PDE求解详细性能]

[19秒 PDE求解]
  t=19s - 时间: 2.225263s | 显存: 0.00 B

[PDE求解部分] 总时间: 2.225263s | 显存: 0.00 B

[本步骤总计] 时间: 4.470377s | 显存: 4.11 GB
surrogate_loss (vs forward.true_19):  272338.90625
[Step 60] Backward Propagation - Time: 5.4226s, Mem: -4.11 GB
[Step 60] PGD Update - Time: 0.0026s, Mem: -2.75 MB

[Step 60] 完整步骤总时间: 7.671359s | 总显存: 0.00 B
[Step 60] 峰值显存: 16.97 GB

[Step 61] ============ 详细性能分析 ============
[模型部分] 总时间: 2.287232s | 显存: 4.12 GB

[0-9秒 PDE求解详细性能]

[19秒 PDE求解]
  t=19s - 时间: 2.268048s | 显存: 0.00 B

[PDE求解部分] 总时间: 2.268048s | 显存: 0.00 B

[本步骤总计] 时间: 4.555280s | 显存: 4.12 GB
surrogate_loss (vs forward.true_19):  229829.46875
[Step 61] Backward Propagation - Time: 5.4523s, Mem: -4.11 GB
[Step 61] PGD Update - Time: 0.0028s, Mem: -2.75 MB

[Step 61] 完整步骤总时间: 7.743274s | 总显存: 0.00 B
[Step 61] 峰值显存: 16.97 GB

[Step 62] ============ 详细性能分析 ============
[模型部分] 总时间: 2.279274s | 显存: 4.11 GB

[0-9秒 PDE求解详细性能]

[19秒 PDE求解]
  t=19s - 时间: 2.259761s | 显存: 0.00 B

[PDE求解部分] 总时间: 2.259761s | 显存: 0.00 B

[本步骤总计] 时间: 4.539035s | 显存: 4.11 GB
surrogate_loss (vs forward.true_19):  129905.6640625
[Step 62] Backward Propagation - Time: 5.4322s, Mem: -4.11 GB
[Step 62] PGD Update - Time: 0.0037s, Mem: -2.75 MB

[Step 62] 完整步骤总时间: 7.716330s | 总显存: 0.00 B
[Step 62] 峰值显存: 16.97 GB

[Step 63] ============ 详细性能分析 ============
[模型部分] 总时间: 2.293531s | 显存: 4.12 GB

[0-9秒 PDE求解详细性能]

[19秒 PDE求解]
  t=19s - 时间: 2.274224s | 显存: 0.00 B

[PDE求解部分] 总时间: 2.274224s | 显存: 0.00 B

[本步骤总计] 时间: 4.567755s | 显存: 4.12 GB
surrogate_loss (vs forward.true_19):  116863.71875
[Step 63] Backward Propagation - Time: 5.4291s, Mem: -4.11 GB
[Step 63] PGD Update - Time: 0.0027s, Mem: -2.75 MB

[Step 63] 完整步骤总时间: 7.726260s | 总显存: 0.00 B
[Step 63] 峰值显存: 16.97 GB

[Step 64] ============ 详细性能分析 ============
[模型部分] 总时间: 2.276335s | 显存: 4.11 GB

[0-9秒 PDE求解详细性能]

[19秒 PDE求解]
  t=19s - 时间: 2.256804s | 显存: 0.00 B

[PDE求解部分] 总时间: 2.256804s | 显存: 0.00 B

[本步骤总计] 时间: 4.533138s | 显存: 4.11 GB
surrogate_loss (vs forward.true_19):  247670.78125
[Step 64] Backward Propagation - Time: 5.4797s, Mem: -4.11 GB
[Step 64] PGD Update - Time: 0.0026s, Mem: -2.75 MB

[Step 64] 完整步骤总时间: 7.759528s | 总显存: 0.00 B
[Step 64] 峰值显存: 16.97 GB

[Step 65] ============ 详细性能分析 ============
[模型部分] 总时间: 2.273116s | 显存: 4.12 GB

[0-9秒 PDE求解详细性能]

[19秒 PDE求解]
  t=19s - 时间: 2.253852s | 显存: 0.00 B

[PDE求解部分] 总时间: 2.253852s | 显存: 0.00 B

[本步骤总计] 时间: 4.526967s | 显存: 4.12 GB
surrogate_loss (vs forward.true_19):  272548.25
[Step 65] Backward Propagation - Time: 5.3602s, Mem: -4.11 GB
[Step 65] PGD Update - Time: 0.0041s, Mem: -2.75 MB

[Step 65] 完整步骤总时间: 7.638885s | 总显存: 0.00 B
[Step 65] 峰值显存: 16.97 GB

[Step 66] ============ 详细性能分析 ============
[模型部分] 总时间: 2.280209s | 显存: 4.11 GB

[0-9秒 PDE求解详细性能]

[19秒 PDE求解]
  t=19s - 时间: 2.260928s | 显存: 0.00 B

[PDE求解部分] 总时间: 2.260928s | 显存: 0.00 B

[本步骤总计] 时间: 4.541137s | 显存: 4.11 GB
surrogate_loss (vs forward.true_19):  249199.0625
[Step 66] Backward Propagation - Time: 5.3657s, Mem: -4.11 GB
[Step 66] PGD Update - Time: 0.0029s, Mem: -2.75 MB

[Step 66] 完整步骤总时间: 7.649888s | 总显存: 0.00 B
[Step 66] 峰值显存: 16.97 GB

[Step 67] ============ 详细性能分析 ============
[模型部分] 总时间: 2.260836s | 显存: 4.12 GB

[0-9秒 PDE求解详细性能]

[19秒 PDE求解]
  t=19s - 时间: 2.241570s | 显存: 0.00 B

[PDE求解部分] 总时间: 2.241570s | 显存: 0.00 B

[本步骤总计] 时间: 4.502405s | 显存: 4.12 GB
surrogate_loss (vs forward.true_19):  239290.96875
[Step 67] Backward Propagation - Time: 5.3772s, Mem: -4.11 GB
[Step 67] PGD Update - Time: 0.0026s, Mem: -2.75 MB

[Step 67] 完整步骤总时间: 7.641499s | 总显存: 0.00 B
[Step 67] 峰值显存: 16.97 GB

[Step 68] ============ 详细性能分析 ============
[模型部分] 总时间: 2.268556s | 显存: 4.11 GB

[0-9秒 PDE求解详细性能]

[19秒 PDE求解]
  t=19s - 时间: 2.249267s | 显存: 0.00 B

[PDE求解部分] 总时间: 2.249267s | 显存: 0.00 B

[本步骤总计] 时间: 4.517823s | 显存: 4.11 GB
surrogate_loss (vs forward.true_19):  219506.078125
[Step 68] Backward Propagation - Time: 5.4576s, Mem: -4.11 GB
[Step 68] PGD Update - Time: 0.0026s, Mem: -2.75 MB

[Step 68] 完整步骤总时间: 7.729670s | 总显存: 0.00 B
[Step 68] 峰值显存: 16.97 GB

[Step 69] ============ 详细性能分析 ============
[模型部分] 总时间: 2.296396s | 显存: 4.12 GB

[0-9秒 PDE求解详细性能]

[19秒 PDE求解]
  t=19s - 时间: 2.277126s | 显存: 0.00 B

[PDE求解部分] 总时间: 2.277126s | 显存: 0.00 B

[本步骤总计] 时间: 4.573523s | 显存: 4.12 GB
surrogate_loss (vs forward.true_19):  226610.796875
[Step 69] Backward Propagation - Time: 5.4446s, Mem: -4.11 GB
[Step 69] PGD Update - Time: 0.0027s, Mem: -2.75 MB

[Step 69] 完整步骤总时间: 7.744650s | 总显存: 0.00 B
[Step 69] 峰值显存: 16.97 GB

[Step 70] ============ 详细性能分析 ============
[模型部分] 总时间: 2.271755s | 显存: 4.11 GB

[0-9秒 PDE求解详细性能]

[19秒 PDE求解]
  t=19s - 时间: 2.252270s | 显存: 0.00 B

[PDE求解部分] 总时间: 2.252270s | 显存: 0.00 B

[本步骤总计] 时间: 4.524026s | 显存: 4.11 GB
surrogate_loss (vs forward.true_19):  252410.515625
[Step 70] Backward Propagation - Time: 5.3716s, Mem: -4.11 GB
[Step 70] PGD Update - Time: 0.0026s, Mem: -2.75 MB

[Step 70] 完整步骤总时间: 7.646893s | 总显存: 0.00 B
[Step 70] 峰值显存: 16.97 GB

[Step 71] ============ 详细性能分析 ============
[模型部分] 总时间: 2.278614s | 显存: 4.12 GB

[0-9秒 PDE求解详细性能]

[19秒 PDE求解]
  t=19s - 时间: 2.259341s | 显存: 0.00 B

[PDE求解部分] 总时间: 2.259341s | 显存: 0.00 B

[本步骤总计] 时间: 4.537955s | 显存: 4.12 GB
surrogate_loss (vs forward.true_19):  257771.625
[Step 71] Backward Propagation - Time: 5.4027s, Mem: -4.11 GB
[Step 71] PGD Update - Time: 0.0041s, Mem: -2.75 MB

[Step 71] 完整步骤总时间: 7.686655s | 总显存: 0.00 B
[Step 71] 峰值显存: 16.97 GB

[Step 72] ============ 详细性能分析 ============
[模型部分] 总时间: 2.254428s | 显存: 4.11 GB

[0-9秒 PDE求解详细性能]

[19秒 PDE求解]
  t=19s - 时间: 2.235137s | 显存: 0.00 B

[PDE求解部分] 总时间: 2.235137s | 显存: 0.00 B

[本步骤总计] 时间: 4.489564s | 显存: 4.11 GB
surrogate_loss (vs forward.true_19):  253490.359375
[Step 72] Backward Propagation - Time: 5.4003s, Mem: -4.11 GB
[Step 72] PGD Update - Time: 0.0030s, Mem: -2.75 MB

[Step 72] 完整步骤总时间: 7.658606s | 总显存: 0.00 B
[Step 72] 峰值显存: 16.97 GB

[Step 73] ============ 详细性能分析 ============
[模型部分] 总时间: 2.257683s | 显存: 4.12 GB

[0-9秒 PDE求解详细性能]

[19秒 PDE求解]
  t=19s - 时间: 2.238385s | 显存: 0.00 B

[PDE求解部分] 总时间: 2.238385s | 显存: 0.00 B

[本步骤总计] 时间: 4.496067s | 显存: 4.12 GB
surrogate_loss (vs forward.true_19):  300471.5
[Step 73] Backward Propagation - Time: 5.3679s, Mem: -4.11 GB
[Step 73] PGD Update - Time: 0.0026s, Mem: -2.75 MB

[Step 73] 完整步骤总时间: 7.629041s | 总显存: 0.00 B
[Step 73] 峰值显存: 16.97 GB

[Step 74] ============ 详细性能分析 ============
[模型部分] 总时间: 2.297922s | 显存: 4.11 GB

[0-9秒 PDE求解详细性能]

[19秒 PDE求解]
  t=19s - 时间: 2.278681s | 显存: 0.00 B

[PDE求解部分] 总时间: 2.278681s | 显存: 0.00 B

[本步骤总计] 时间: 4.576603s | 显存: 4.11 GB
surrogate_loss (vs forward.true_19):  207287.484375
[Step 74] Backward Propagation - Time: 5.3880s, Mem: -4.11 GB
[Step 74] PGD Update - Time: 0.0026s, Mem: -2.75 MB

[Step 74] 完整步骤总时间: 7.689515s | 总显存: 0.00 B
[Step 74] 峰值显存: 16.97 GB

[Step 75] ============ 详细性能分析 ============
[模型部分] 总时间: 11.720005s | 显存: 4.12 GB

[0-9秒 PDE求解详细性能]

[19秒 PDE求解]
  t=19s - 时间: 11.700580s | 显存: 0.00 B

[PDE求解部分] 总时间: 11.700580s | 显存: 0.00 B

[本步骤总计] 时间: 23.420585s | 显存: 4.12 GB
surrogate_loss (vs forward.true_19):  306080.875
[Step 75] Backward Propagation - Time: 13.7011s, Mem: -4.11 GB
[Step 75] PGD Update - Time: 0.0027s, Mem: -2.75 MB

[Step 75] 完整步骤总时间: 25.424759s | 总显存: 0.00 B
[Step 75] 峰值显存: 16.97 GB

[Step 76] ============ 详细性能分析 ============
[模型部分] 总时间: 2.235756s | 显存: 4.11 GB

[0-9秒 PDE求解详细性能]

[19秒 PDE求解]
  t=19s - 时间: 2.216314s | 显存: 0.00 B

[PDE求解部分] 总时间: 2.216314s | 显存: 0.00 B

[本步骤总计] 时间: 4.452070s | 显存: 4.11 GB
surrogate_loss (vs forward.true_19):  73938.078125
[Step 76] Backward Propagation - Time: 5.4344s, Mem: -4.11 GB
[Step 76] PGD Update - Time: 0.0027s, Mem: -2.75 MB

[Step 76] 完整步骤总时间: 7.673724s | 总显存: 0.00 B
[Step 76] 峰值显存: 16.97 GB

[Step 77] ============ 详细性能分析 ============
[模型部分] 总时间: 2.351195s | 显存: 4.12 GB

[0-9秒 PDE求解详细性能]

[19秒 PDE求解]
  t=19s - 时间: 2.331861s | 显存: 0.00 B

[PDE求解部分] 总时间: 2.331861s | 显存: 0.00 B

[本步骤总计] 时间: 4.683056s | 显存: 4.12 GB
surrogate_loss (vs forward.true_19):  88914.6875
[Step 77] Backward Propagation - Time: 5.3948s, Mem: -4.11 GB
[Step 77] PGD Update - Time: 0.0041s, Mem: -2.75 MB

[Step 77] 完整步骤总时间: 7.751280s | 总显存: 0.00 B
[Step 77] 峰值显存: 16.97 GB

[Step 78] ============ 详细性能分析 ============
[模型部分] 总时间: 2.271728s | 显存: 4.11 GB

[0-9秒 PDE求解详细性能]

[19秒 PDE求解]
  t=19s - 时间: 2.252400s | 显存: 0.00 B

[PDE求解部分] 总时间: 2.252400s | 显存: 0.00 B

[本步骤总计] 时间: 4.524128s | 显存: 4.11 GB
surrogate_loss (vs forward.true_19):  89533.8125
[Step 78] Backward Propagation - Time: 5.4224s, Mem: -4.11 GB
[Step 78] PGD Update - Time: 0.0029s, Mem: -2.75 MB

[Step 78] 完整步骤总时间: 7.698007s | 总显存: 0.00 B
[Step 78] 峰值显存: 16.97 GB

[Step 79] ============ 详细性能分析 ============
[模型部分] 总时间: 2.252873s | 显存: 4.12 GB

[0-9秒 PDE求解详细性能]

[19秒 PDE求解]
  t=19s - 时间: 2.233614s | 显存: 0.00 B

[PDE求解部分] 总时间: 2.233614s | 显存: 0.00 B

[本步骤总计] 时间: 4.486487s | 显存: 4.12 GB
surrogate_loss (vs forward.true_19):  168610.046875
[Step 79] Backward Propagation - Time: 5.4840s, Mem: -4.11 GB
[Step 79] PGD Update - Time: 0.0026s, Mem: -2.75 MB

[Step 79] 完整步骤总时间: 7.740427s | 总显存: 0.00 B
[Step 79] 峰值显存: 16.97 GB

[Step 80] ============ 详细性能分析 ============
[模型部分] 总时间: 2.309292s | 显存: 4.11 GB

[0-9秒 PDE求解详细性能]

[19秒 PDE求解]
  t=19s - 时间: 2.290040s | 显存: 0.00 B

[PDE求解部分] 总时间: 2.290040s | 显存: 0.00 B

[本步骤总计] 时间: 4.599332s | 显存: 4.11 GB
surrogate_loss (vs forward.true_19):  135565.171875
[Step 80] Backward Propagation - Time: 7.8828s, Mem: -4.11 GB
[Step 80] PGD Update - Time: 0.0026s, Mem: -2.75 MB

[Step 80] 完整步骤总时间: 10.195799s | 总显存: 0.00 B
[Step 80] 峰值显存: 16.97 GB

[Step 81] ============ 详细性能分析 ============
[模型部分] 总时间: 2.256043s | 显存: 4.12 GB

[0-9秒 PDE求解详细性能]

[19秒 PDE求解]
  t=19s - 时间: 2.236713s | 显存: 0.00 B

[PDE求解部分] 总时间: 2.236713s | 显存: 0.00 B

[本步骤总计] 时间: 4.492756s | 显存: 4.12 GB
surrogate_loss (vs forward.true_19):  50708.8828125
[Step 81] Backward Propagation - Time: 5.4471s, Mem: -4.11 GB
[Step 81] PGD Update - Time: 0.0029s, Mem: -2.75 MB

[Step 81] 完整步骤总时间: 7.706984s | 总显存: 0.00 B
[Step 81] 峰值显存: 16.97 GB

[Step 82] ============ 详细性能分析 ============
[模型部分] 总时间: 2.301521s | 显存: 4.11 GB

[0-9秒 PDE求解详细性能]

[19秒 PDE求解]
  t=19s - 时间: 2.281826s | 显存: 0.00 B

[PDE求解部分] 总时间: 2.281826s | 显存: 0.00 B

[本步骤总计] 时间: 4.583348s | 显存: 4.11 GB
surrogate_loss (vs forward.true_19):  59864.78125
[Step 82] Backward Propagation - Time: 5.4133s, Mem: -4.11 GB
[Step 82] PGD Update - Time: 0.0026s, Mem: -2.75 MB

[Step 82] 完整步骤总时间: 7.718403s | 总显存: 0.00 B
[Step 82] 峰值显存: 16.97 GB

[Step 83] ============ 详细性能分析 ============
[模型部分] 总时间: 2.266259s | 显存: 4.12 GB

[0-9秒 PDE求解详细性能]

[19秒 PDE求解]
  t=19s - 时间: 2.246961s | 显存: 0.00 B

[PDE求解部分] 总时间: 2.246961s | 显存: 0.00 B

[本步骤总计] 时间: 4.513220s | 显存: 4.12 GB
surrogate_loss (vs forward.true_19):  92118.5390625
[Step 83] Backward Propagation - Time: 5.3865s, Mem: -4.11 GB
[Step 83] PGD Update - Time: 0.0041s, Mem: -2.75 MB

[Step 83] 完整步骤总时间: 7.658142s | 总显存: 0.00 B
[Step 83] 峰值显存: 16.97 GB

[Step 84] ============ 详细性能分析 ============
[模型部分] 总时间: 2.419567s | 显存: 4.11 GB

[0-9秒 PDE求解详细性能]

[19秒 PDE求解]
  t=19s - 时间: 2.400285s | 显存: 0.00 B

[PDE求解部分] 总时间: 2.400285s | 显存: 0.00 B

[本步骤总计] 时间: 4.819853s | 显存: 4.11 GB
surrogate_loss (vs forward.true_19):  165380.328125
[Step 84] Backward Propagation - Time: 5.4355s, Mem: -4.11 GB
[Step 84] PGD Update - Time: 0.0031s, Mem: -2.75 MB

[Step 84] 完整步骤总时间: 7.859080s | 总显存: 0.00 B
[Step 84] 峰值显存: 16.97 GB

[Step 85] ============ 详细性能分析 ============
[模型部分] 总时间: 2.672922s | 显存: 4.12 GB

[0-9秒 PDE求解详细性能]

[19秒 PDE求解]
  t=19s - 时间: 2.653648s | 显存: 0.00 B

[PDE求解部分] 总时间: 2.653648s | 显存: 0.00 B

[本步骤总计] 时间: 5.326570s | 显存: 4.12 GB
surrogate_loss (vs forward.true_19):  127209.015625
[Step 85] Backward Propagation - Time: 5.3892s, Mem: -4.11 GB
[Step 85] PGD Update - Time: 0.0026s, Mem: -2.75 MB

[Step 85] 完整步骤总时间: 8.065636s | 总显存: 0.00 B
[Step 85] 峰值显存: 16.97 GB

[Step 86] ============ 详细性能分析 ============
[模型部分] 总时间: 2.269386s | 显存: 4.11 GB

[0-9秒 PDE求解详细性能]

[19秒 PDE求解]
  t=19s - 时间: 2.250091s | 显存: 0.00 B

[PDE求解部分] 总时间: 2.250091s | 显存: 0.00 B

[本步骤总计] 时间: 4.519477s | 显存: 4.11 GB
surrogate_loss (vs forward.true_19):  96117.921875
[Step 86] Backward Propagation - Time: 5.4213s, Mem: -4.11 GB
[Step 86] PGD Update - Time: 0.0026s, Mem: -2.75 MB

[Step 86] 完整步骤总时间: 7.694276s | 总显存: 0.00 B
[Step 86] 峰值显存: 16.97 GB

[Step 87] ============ 详细性能分析 ============
[模型部分] 总时间: 2.292092s | 显存: 4.12 GB

[0-9秒 PDE求解详细性能]

[19秒 PDE求解]
  t=19s - 时间: 2.272830s | 显存: 0.00 B

[PDE求解部分] 总时间: 2.272830s | 显存: 0.00 B

[本步骤总计] 时间: 4.564922s | 显存: 4.12 GB
surrogate_loss (vs forward.true_19):  84778.96875
[Step 87] Backward Propagation - Time: 5.4763s, Mem: -4.11 GB
[Step 87] PGD Update - Time: 0.0027s, Mem: -2.75 MB

[Step 87] 完整步骤总时间: 7.772152s | 总显存: 0.00 B
[Step 87] 峰值显存: 16.97 GB

[Step 88] ============ 详细性能分析 ============
[模型部分] 总时间: 2.245564s | 显存: 4.11 GB

[0-9秒 PDE求解详细性能]

[19秒 PDE求解]
  t=19s - 时间: 2.225913s | 显存: 0.00 B

[PDE求解部分] 总时间: 2.225913s | 显存: 0.00 B

[本步骤总计] 时间: 4.471477s | 显存: 4.11 GB
surrogate_loss (vs forward.true_19):  159132.40625
[Step 88] Backward Propagation - Time: 5.4841s, Mem: -4.11 GB
[Step 88] PGD Update - Time: 0.0026s, Mem: -2.75 MB

[Step 88] 完整步骤总时间: 7.733260s | 总显存: 0.00 B
[Step 88] 峰值显存: 16.97 GB

[Step 89] ============ 详细性能分析 ============
[模型部分] 总时间: 2.289273s | 显存: 4.12 GB

[0-9秒 PDE求解详细性能]

[19秒 PDE求解]
  t=19s - 时间: 2.269928s | 显存: 0.00 B

[PDE求解部分] 总时间: 2.269928s | 显存: 0.00 B

[本步骤总计] 时间: 4.559201s | 显存: 4.12 GB
surrogate_loss (vs forward.true_19):  162571.1875
[Step 89] Backward Propagation - Time: 5.4583s, Mem: -4.11 GB
[Step 89] PGD Update - Time: 0.0026s, Mem: -2.75 MB

[Step 89] 完整步骤总时间: 7.751149s | 总显存: 0.00 B
[Step 89] 峰值显存: 16.97 GB

[Step 90] ============ 详细性能分析 ============
[模型部分] 总时间: 2.292987s | 显存: 4.11 GB

[0-9秒 PDE求解详细性能]

[19秒 PDE求解]
  t=19s - 时间: 2.273769s | 显存: 0.00 B

[PDE求解部分] 总时间: 2.273769s | 显存: 0.00 B

[本步骤总计] 时间: 4.566756s | 显存: 4.11 GB
surrogate_loss (vs forward.true_19):  132374.640625
[Step 90] Backward Propagation - Time: 5.4832s, Mem: -4.11 GB
[Step 90] PGD Update - Time: 0.0041s, Mem: -2.75 MB

[Step 90] 完整步骤总时间: 7.781700s | 总显存: 0.00 B
[Step 90] 峰值显存: 16.97 GB

[Step 91] ============ 详细性能分析 ============
[模型部分] 总时间: 2.302352s | 显存: 4.12 GB

[0-9秒 PDE求解详细性能]

[19秒 PDE求解]
  t=19s - 时间: 2.283030s | 显存: 0.00 B

[PDE求解部分] 总时间: 2.283030s | 显存: 0.00 B

[本步骤总计] 时间: 4.585382s | 显存: 4.12 GB
surrogate_loss (vs forward.true_19):  257472.21875
[Step 91] Backward Propagation - Time: 5.4360s, Mem: -4.11 GB
[Step 91] PGD Update - Time: 0.0030s, Mem: -2.75 MB

[Step 91] 完整步骤总时间: 7.742336s | 总显存: 0.00 B
[Step 91] 峰值显存: 16.97 GB

[Step 92] ============ 详细性能分析 ============
[模型部分] 总时间: 2.260881s | 显存: 4.11 GB

[0-9秒 PDE求解详细性能]

[19秒 PDE求解]
  t=19s - 时间: 2.241614s | 显存: 0.00 B

[PDE求解部分] 总时间: 2.241614s | 显存: 0.00 B

[本步骤总计] 时间: 4.502494s | 显存: 4.11 GB
surrogate_loss (vs forward.true_19):  171844.8125
[Step 92] Backward Propagation - Time: 5.4106s, Mem: -4.11 GB
[Step 92] PGD Update - Time: 0.0026s, Mem: -2.75 MB

[Step 92] 完整步骤总时间: 7.675063s | 总显存: 0.00 B
[Step 92] 峰值显存: 16.97 GB

[Step 93] ============ 详细性能分析 ============
[模型部分] 总时间: 2.285894s | 显存: 4.12 GB

[0-9秒 PDE求解详细性能]

[19秒 PDE求解]
  t=19s - 时间: 2.266618s | 显存: 0.00 B

[PDE求解部分] 总时间: 2.266618s | 显存: 0.00 B

[本步骤总计] 时间: 4.552512s | 显存: 4.12 GB
surrogate_loss (vs forward.true_19):  185026.1875
[Step 93] Backward Propagation - Time: 5.4658s, Mem: -4.11 GB
[Step 93] PGD Update - Time: 0.0026s, Mem: -2.75 MB

[Step 93] 完整步骤总时间: 7.755273s | 总显存: 0.00 B
[Step 93] 峰值显存: 16.97 GB

[Step 94] ============ 详细性能分析 ============
[模型部分] 总时间: 2.288273s | 显存: 4.11 GB

[0-9秒 PDE求解详细性能]

[19秒 PDE求解]
  t=19s - 时间: 2.268961s | 显存: 0.00 B

[PDE求解部分] 总时间: 2.268961s | 显存: 0.00 B

[本步骤总计] 时间: 4.557233s | 显存: 4.11 GB
surrogate_loss (vs forward.true_19):  161712.296875
[Step 94] Backward Propagation - Time: 5.4585s, Mem: -4.11 GB
[Step 94] PGD Update - Time: 0.0028s, Mem: -2.75 MB

[Step 94] 完整步骤总时间: 7.750568s | 总显存: 0.00 B
[Step 94] 峰值显存: 16.97 GB

[Step 95] ============ 详细性能分析 ============
[模型部分] 总时间: 2.264695s | 显存: 4.12 GB

[0-9秒 PDE求解详细性能]

[19秒 PDE求解]
  t=19s - 时间: 2.245104s | 显存: 0.00 B

[PDE求解部分] 总时间: 2.245104s | 显存: 0.00 B

[本步骤总计] 时间: 4.509799s | 显存: 4.12 GB
surrogate_loss (vs forward.true_19):  152655.53125
[Step 95] Backward Propagation - Time: 5.4648s, Mem: -4.11 GB
[Step 95] PGD Update - Time: 0.0026s, Mem: -2.75 MB

[Step 95] 完整步骤总时间: 7.733026s | 总显存: 0.00 B
[Step 95] 峰值显存: 16.97 GB

[Step 96] ============ 详细性能分析 ============
[模型部分] 总时间: 2.300232s | 显存: 4.11 GB

[0-9秒 PDE求解详细性能]

[19秒 PDE求解]
  t=19s - 时间: 2.280939s | 显存: 0.00 B

[PDE求解部分] 总时间: 2.280939s | 显存: 0.00 B

[本步骤总计] 时间: 4.581172s | 显存: 4.11 GB
surrogate_loss (vs forward.true_19):  88370.375
[Step 96] Backward Propagation - Time: 5.4432s, Mem: -4.11 GB
[Step 96] PGD Update - Time: 0.0042s, Mem: -2.75 MB

[Step 96] 完整步骤总时间: 7.749117s | 总显存: 0.00 B
[Step 96] 峰值显存: 16.97 GB

[Step 97] ============ 详细性能分析 ============
[模型部分] 总时间: 2.276429s | 显存: 4.12 GB

[0-9秒 PDE求解详细性能]

[19秒 PDE求解]
  t=19s - 时间: 2.257052s | 显存: 0.00 B

[PDE求解部分] 总时间: 2.257052s | 显存: 0.00 B

[本步骤总计] 时间: 4.533482s | 显存: 4.12 GB
surrogate_loss (vs forward.true_19):  178649.9375
[Step 97] Backward Propagation - Time: 5.4731s, Mem: -4.11 GB
[Step 97] PGD Update - Time: 0.0030s, Mem: -2.75 MB

[Step 97] 完整步骤总时间: 7.753478s | 总显存: 0.00 B
[Step 97] 峰值显存: 16.97 GB

[Step 98] ============ 详细性能分析 ============
[模型部分] 总时间: 2.275092s | 显存: 4.11 GB

[0-9秒 PDE求解详细性能]

[19秒 PDE求解]
  t=19s - 时间: 2.255836s | 显存: 0.00 B

[PDE求解部分] 总时间: 2.255836s | 显存: 0.00 B

[本步骤总计] 时间: 4.530928s | 显存: 4.11 GB
surrogate_loss (vs forward.true_19):  133307.3125
[Step 98] Backward Propagation - Time: 5.4149s, Mem: -4.11 GB
[Step 98] PGD Update - Time: 0.0026s, Mem: -2.75 MB

[Step 98] 完整步骤总时间: 7.693588s | 总显存: 0.00 B
[Step 98] 峰值显存: 16.97 GB

[Step 99] ============ 详细性能分析 ============
[模型部分] 总时间: 2.283059s | 显存: 4.12 GB

[0-9秒 PDE求解详细性能]

[19秒 PDE求解]
  t=19s - 时间: 2.263827s | 显存: 0.00 B

[PDE求解部分] 总时间: 2.263827s | 显存: 0.00 B

[本步骤总计] 时间: 4.546885s | 显存: 4.12 GB
surrogate_loss (vs forward.true_19):  250460.859375
[Step 99] Backward Propagation - Time: 5.3411s, Mem: -4.11 GB
[Step 99] PGD Update - Time: 0.0027s, Mem: -2.75 MB

[Step 99] 完整步骤总时间: 7.627688s | 总显存: 0.00 B
[Step 99] 峰值显存: 16.97 GB
清理前显存占用: 13092.9970703125 MB
PGD攻击完成！显存已清理
当前显存占用: 2092.2470703125 MB
mode_spec = wwwwwwwwww
Per-frame modes: [t=01] with_solver | [t=02] with_solver | [t=03] with_solver | [t=04] with_solver | [t=05] with_solver | [t=06] with_solver | [t=07] with_solver | [t=08] with_solver | [t=09] with_solver | [t=19] with_solver
================================================================================
norm: 2, epsilon: 235.9296, alpha: 100, num_steps: 100, index: 1, method: adam, mode_spec: wwwwwwwwww, b1: 0.9, b2: 0.999, adam_eps: 1e-08, sign_Linf: True, amsgrad: False

[Step 0] ============ 详细性能分析 ============
[模型部分] 总时间: 2.300821s | 显存: 4.11 GB

[0-9秒 PDE求解详细性能]

[19秒 PDE求解]
  t=19s - 时间: 2.273579s | 显存: 0.00 B

[PDE求解部分] 总时间: 2.273579s | 显存: 0.00 B

[本步骤总计] 时间: 4.574400s | 显存: 4.11 GB
surrogate_loss (vs forward.true_19):  3644.69091796875
[Step 0] Backward Propagation - Time: 5.4803s, Mem: -4.11 GB
[Step 0] PGD Update - Time: 0.0012s, Mem: 1.75 MB

[Step 0] 完整步骤总时间: 7.783570s | 总显存: 5.25 MB
[Step 0] 峰值显存: 16.96 GB

[Step 1] ============ 详细性能分析 ============
[模型部分] 总时间: 2.292904s | 显存: 4.11 GB

[0-9秒 PDE求解详细性能]

[19秒 PDE求解]
  t=19s - 时间: 2.273261s | 显存: 0.00 B

[PDE求解部分] 总时间: 2.273261s | 显存: 0.00 B

[本步骤总计] 时间: 4.566164s | 显存: 4.11 GB
surrogate_loss (vs forward.true_19):  35755.96875
[Step 1] Backward Propagation - Time: 5.4471s, Mem: -4.11 GB
[Step 1] PGD Update - Time: 0.0021s, Mem: -3.25 MB

[Step 1] 完整步骤总时间: 7.743096s | 总显存: -512.00 KB
[Step 1] 峰值显存: 16.97 GB

[Step 2] ============ 详细性能分析 ============
[模型部分] 总时间: 2.288751s | 显存: 4.11 GB

[0-9秒 PDE求解详细性能]

[19秒 PDE求解]
  t=19s - 时间: 2.269443s | 显存: 0.00 B

[PDE求解部分] 总时间: 2.269443s | 显存: 0.00 B

[本步骤总计] 时间: 4.558194s | 显存: 4.11 GB
surrogate_loss (vs forward.true_19):  39129.03515625
[Step 2] Backward Propagation - Time: 5.4072s, Mem: -4.11 GB
[Step 2] PGD Update - Time: 0.0031s, Mem: -2.75 MB

[Step 2] 完整步骤总时间: 7.700034s | 总显存: 0.00 B
[Step 2] 峰值显存: 16.97 GB

[Step 3] ============ 详细性能分析 ============
[模型部分] 总时间: 2.292354s | 显存: 4.12 GB

[0-9秒 PDE求解详细性能]

[19秒 PDE求解]
  t=19s - 时间: 2.273052s | 显存: 0.00 B

[PDE求解部分] 总时间: 2.273052s | 显存: 0.00 B

[本步骤总计] 时间: 4.565405s | 显存: 4.12 GB
surrogate_loss (vs forward.true_19):  84069.0
[Step 3] Backward Propagation - Time: 5.3977s, Mem: -4.11 GB
[Step 3] PGD Update - Time: 0.0026s, Mem: -2.75 MB

[Step 3] 完整步骤总时间: 7.693569s | 总显存: 0.00 B
[Step 3] 峰值显存: 16.97 GB

[Step 4] ============ 详细性能分析 ============
[模型部分] 总时间: 2.281720s | 显存: 4.11 GB

[0-9秒 PDE求解详细性能]

[19秒 PDE求解]
  t=19s - 时间: 2.262460s | 显存: 0.00 B

[PDE求解部分] 总时间: 2.262460s | 显存: 0.00 B

[本步骤总计] 时间: 4.544180s | 显存: 4.11 GB
surrogate_loss (vs forward.true_19):  136481.28125
[Step 4] Backward Propagation - Time: 5.4567s, Mem: -4.11 GB
[Step 4] PGD Update - Time: 0.0020s, Mem: -2.75 MB

[Step 4] 完整步骤总时间: 7.741382s | 总显存: 0.00 B
[Step 4] 峰值显存: 16.97 GB

[Step 5] ============ 详细性能分析 ============
[模型部分] 总时间: 2.253562s | 显存: 4.12 GB

[0-9秒 PDE求解详细性能]

[19秒 PDE求解]
  t=19s - 时间: 2.234342s | 显存: 0.00 B

[PDE求解部分] 总时间: 2.234342s | 显存: 0.00 B

[本步骤总计] 时间: 4.487904s | 显存: 4.12 GB
surrogate_loss (vs forward.true_19):  87153.28125
[Step 5] Backward Propagation - Time: 5.3782s, Mem: -4.11 GB
[Step 5] PGD Update - Time: 0.0022s, Mem: -2.75 MB

[Step 5] 完整步骤总时间: 7.634942s | 总显存: 0.00 B
[Step 5] 峰值显存: 16.97 GB

[Step 6] ============ 详细性能分析 ============
[模型部分] 总时间: 2.252944s | 显存: 4.11 GB

[0-9秒 PDE求解详细性能]

[19秒 PDE求解]
  t=19s - 时间: 2.233692s | 显存: 0.00 B

[PDE求解部分] 总时间: 2.233692s | 显存: 0.00 B

[本步骤总计] 时间: 4.486636s | 显存: 4.11 GB
surrogate_loss (vs forward.true_19):  87959.9921875
[Step 6] Backward Propagation - Time: 5.4386s, Mem: -4.11 GB
[Step 6] PGD Update - Time: 0.0022s, Mem: -2.75 MB

[Step 6] 完整步骤总时间: 7.694688s | 总显存: 0.00 B
[Step 6] 峰值显存: 16.97 GB

[Step 7] ============ 详细性能分析 ============
[模型部分] 总时间: 2.266349s | 显存: 4.12 GB

[0-9秒 PDE求解详细性能]

[19秒 PDE求解]
  t=19s - 时间: 2.247093s | 显存: 0.00 B

[PDE求解部分] 总时间: 2.247093s | 显存: 0.00 B

[本步骤总计] 时间: 4.513442s | 显存: 4.12 GB
surrogate_loss (vs forward.true_19):  193371.046875
[Step 7] Backward Propagation - Time: 5.4436s, Mem: -4.11 GB
[Step 7] PGD Update - Time: 0.0024s, Mem: -2.75 MB

[Step 7] 完整步骤总时间: 7.713354s | 总显存: 0.00 B
[Step 7] 峰值显存: 16.97 GB

[Step 8] ============ 详细性能分析 ============
[模型部分] 总时间: 2.282057s | 显存: 4.11 GB

[0-9秒 PDE求解详细性能]

[19秒 PDE求解]
  t=19s - 时间: 2.262399s | 显存: 0.00 B

[PDE求解部分] 总时间: 2.262399s | 显存: 0.00 B

[本步骤总计] 时间: 4.544456s | 显存: 4.11 GB
surrogate_loss (vs forward.true_19):  195161.671875
[Step 8] Backward Propagation - Time: 5.3836s, Mem: -4.11 GB
[Step 8] PGD Update - Time: 0.0026s, Mem: -2.75 MB

[Step 8] 完整步骤总时间: 7.669316s | 总显存: 0.00 B
[Step 8] 峰值显存: 16.97 GB

[Step 9] ============ 详细性能分析 ============
[模型部分] 总时间: 2.277269s | 显存: 4.12 GB

[0-9秒 PDE求解详细性能]

[19秒 PDE求解]
  t=19s - 时间: 2.258031s | 显存: 0.00 B

[PDE求解部分] 总时间: 2.258031s | 显存: 0.00 B

[本步骤总计] 时间: 4.535300s | 显存: 4.12 GB
surrogate_loss (vs forward.true_19):  106613.109375
[Step 9] Backward Propagation - Time: 5.3557s, Mem: -4.11 GB
[Step 9] PGD Update - Time: 0.0039s, Mem: -2.75 MB

[Step 9] 完整步骤总时间: 7.638128s | 总显存: 0.00 B
[Step 9] 峰值显存: 16.97 GB

[Step 10] ============ 详细性能分析 ============
[模型部分] 总时间: 2.246253s | 显存: 4.11 GB

[0-9秒 PDE求解详细性能]

[19秒 PDE求解]
  t=19s - 时间: 2.226988s | 显存: 0.00 B

[PDE求解部分] 总时间: 2.226988s | 显存: 0.00 B

[本步骤总计] 时间: 4.473241s | 显存: 4.11 GB
surrogate_loss (vs forward.true_19):  160674.3125
[Step 10] Backward Propagation - Time: 5.3456s, Mem: -4.11 GB
[Step 10] PGD Update - Time: 0.0028s, Mem: -2.75 MB

[Step 10] 完整步骤总时间: 7.595723s | 总显存: 0.00 B
[Step 10] 峰值显存: 16.97 GB

[Step 11] ============ 详细性能分析 ============
[模型部分] 总时间: 2.254513s | 显存: 4.12 GB

[0-9秒 PDE求解详细性能]

[19秒 PDE求解]
  t=19s - 时间: 2.235259s | 显存: 0.00 B

[PDE求解部分] 总时间: 2.235259s | 显存: 0.00 B

[本步骤总计] 时间: 4.489771s | 显存: 4.12 GB
surrogate_loss (vs forward.true_19):  184587.875
[Step 11] Backward Propagation - Time: 5.4383s, Mem: -4.11 GB
[Step 11] PGD Update - Time: 0.0024s, Mem: -2.75 MB

[Step 11] 完整步骤总时间: 7.696146s | 总显存: 0.00 B
[Step 11] 峰值显存: 16.97 GB

[Step 12] ============ 详细性能分析 ============
[模型部分] 总时间: 2.289818s | 显存: 4.11 GB

[0-9秒 PDE求解详细性能]

[19秒 PDE求解]
  t=19s - 时间: 2.270577s | 显存: 0.00 B

[PDE求解部分] 总时间: 2.270577s | 显存: 0.00 B

[本步骤总计] 时间: 4.560395s | 显存: 4.11 GB
surrogate_loss (vs forward.true_19):  198578.90625
[Step 12] Backward Propagation - Time: 5.4264s, Mem: -4.11 GB
[Step 12] PGD Update - Time: 0.0025s, Mem: -2.75 MB

[Step 12] 完整步骤总时间: 7.719670s | 总显存: 0.00 B
[Step 12] 峰值显存: 16.97 GB

[Step 13] ============ 详细性能分析 ============
[模型部分] 总时间: 2.289506s | 显存: 4.12 GB

[0-9秒 PDE求解详细性能]

[19秒 PDE求解]
  t=19s - 时间: 2.270194s | 显存: 0.00 B

[PDE求解部分] 总时间: 2.270194s | 显存: 0.00 B

[本步骤总计] 时间: 4.559700s | 显存: 4.12 GB
surrogate_loss (vs forward.true_19):  209994.71875
[Step 13] Backward Propagation - Time: 5.4139s, Mem: -4.11 GB
[Step 13] PGD Update - Time: 0.0024s, Mem: -2.75 MB

[Step 13] 完整步骤总时间: 7.706767s | 总显存: 0.00 B
[Step 13] 峰值显存: 16.97 GB

[Step 14] ============ 详细性能分析 ============
[模型部分] 总时间: 2.261291s | 显存: 4.11 GB

[0-9秒 PDE求解详细性能]

[19秒 PDE求解]
  t=19s - 时间: 2.241976s | 显存: 0.00 B

[PDE求解部分] 总时间: 2.241976s | 显存: 0.00 B

[本步骤总计] 时间: 4.503267s | 显存: 4.11 GB
surrogate_loss (vs forward.true_19):  247656.796875
[Step 14] Backward Propagation - Time: 5.4514s, Mem: -4.11 GB
[Step 14] PGD Update - Time: 0.0027s, Mem: -2.75 MB

[Step 14] 完整步骤总时间: 7.716402s | 总显存: 0.00 B
[Step 14] 峰值显存: 16.97 GB

[Step 15] ============ 详细性能分析 ============
[模型部分] 总时间: 2.289595s | 显存: 4.12 GB

[0-9秒 PDE求解详细性能]

[19秒 PDE求解]
  t=19s - 时间: 2.269875s | 显存: 0.00 B

[PDE求解部分] 总时间: 2.269875s | 显存: 0.00 B

[本步骤总计] 时间: 4.559470s | 显存: 4.12 GB
surrogate_loss (vs forward.true_19):  105911.5859375
[Step 15] Backward Propagation - Time: 5.4341s, Mem: -4.11 GB
[Step 15] PGD Update - Time: 0.0027s, Mem: -2.75 MB

[Step 15] 完整步骤总时间: 7.727338s | 总显存: 0.00 B
[Step 15] 峰值显存: 16.97 GB

[Step 16] ============ 详细性能分析 ============
[模型部分] 总时间: 2.267525s | 显存: 4.11 GB

[0-9秒 PDE求解详细性能]

[19秒 PDE求解]
  t=19s - 时间: 2.248113s | 显存: 0.00 B

[PDE求解部分] 总时间: 2.248113s | 显存: 0.00 B

[本步骤总计] 时间: 4.515638s | 显存: 4.11 GB
surrogate_loss (vs forward.true_19):  59345.15625
[Step 16] Backward Propagation - Time: 5.4169s, Mem: -4.11 GB
[Step 16] PGD Update - Time: 0.0035s, Mem: -2.75 MB

[Step 16] 完整步骤总时间: 7.688893s | 总显存: 0.00 B
[Step 16] 峰值显存: 16.97 GB

[Step 17] ============ 详细性能分析 ============
[模型部分] 总时间: 2.279915s | 显存: 4.12 GB

[0-9秒 PDE求解详细性能]

[19秒 PDE求解]
  t=19s - 时间: 2.260449s | 显存: 0.00 B

[PDE求解部分] 总时间: 2.260449s | 显存: 0.00 B

[本步骤总计] 时间: 4.540363s | 显存: 4.12 GB
surrogate_loss (vs forward.true_19):  248190.0625
[Step 17] Backward Propagation - Time: 5.3806s, Mem: -4.11 GB
[Step 17] PGD Update - Time: 0.0034s, Mem: -2.75 MB

[Step 17] 完整步骤总时间: 7.664851s | 总显存: 0.00 B
[Step 17] 峰值显存: 16.97 GB

[Step 18] ============ 详细性能分析 ============
[模型部分] 总时间: 2.289510s | 显存: 4.11 GB

[0-9秒 PDE求解详细性能]

[19秒 PDE求解]
  t=19s - 时间: 2.270280s | 显存: 0.00 B

[PDE求解部分] 总时间: 2.270280s | 显存: 0.00 B

[本步骤总计] 时间: 4.559790s | 显存: 4.11 GB
surrogate_loss (vs forward.true_19):  143028.890625
[Step 18] Backward Propagation - Time: 5.3936s, Mem: -4.11 GB
[Step 18] PGD Update - Time: 0.0026s, Mem: -2.75 MB

[Step 18] 完整步骤总时间: 7.686591s | 总显存: 0.00 B
[Step 18] 峰值显存: 16.97 GB

[Step 19] ============ 详细性能分析 ============
[模型部分] 总时间: 2.255284s | 显存: 4.12 GB

[0-9秒 PDE求解详细性能]

[19秒 PDE求解]
  t=19s - 时间: 2.236090s | 显存: 0.00 B

[PDE求解部分] 总时间: 2.236090s | 显存: 0.00 B

[本步骤总计] 时间: 4.491374s | 显存: 4.12 GB
surrogate_loss (vs forward.true_19):  223588.5
[Step 19] Backward Propagation - Time: 5.4228s, Mem: -4.11 GB
[Step 19] PGD Update - Time: 0.0027s, Mem: -2.75 MB

[Step 19] 完整步骤总时间: 7.681717s | 总显存: 0.00 B
[Step 19] 峰值显存: 16.97 GB

[Step 20] ============ 详细性能分析 ============
[模型部分] 总时间: 2.284439s | 显存: 4.11 GB

[0-9秒 PDE求解详细性能]

[19秒 PDE求解]
  t=19s - 时间: 2.265198s | 显存: 0.00 B

[PDE求解部分] 总时间: 2.265198s | 显存: 0.00 B

[本步骤总计] 时间: 4.549638s | 显存: 4.11 GB
surrogate_loss (vs forward.true_19):  176144.6875
[Step 20] Backward Propagation - Time: 5.3958s, Mem: -4.11 GB
[Step 20] PGD Update - Time: 0.0026s, Mem: -2.75 MB

[Step 20] 完整步骤总时间: 7.683758s | 总显存: 0.00 B
[Step 20] 峰值显存: 16.97 GB

[Step 21] ============ 详细性能分析 ============
[模型部分] 总时间: 2.261928s | 显存: 4.12 GB

[0-9秒 PDE求解详细性能]

[19秒 PDE求解]
  t=19s - 时间: 2.242381s | 显存: 0.00 B

[PDE求解部分] 总时间: 2.242381s | 显存: 0.00 B

[本步骤总计] 时间: 4.504309s | 显存: 4.12 GB
surrogate_loss (vs forward.true_19):  196157.125
[Step 21] Backward Propagation - Time: 5.3711s, Mem: -4.11 GB
[Step 21] PGD Update - Time: 0.0028s, Mem: -2.75 MB

[Step 21] 完整步骤总时间: 7.636735s | 总显存: 0.00 B
[Step 21] 峰值显存: 16.97 GB

[Step 22] ============ 详细性能分析 ============
[模型部分] 总时间: 2.290248s | 显存: 4.11 GB

[0-9秒 PDE求解详细性能]

[19秒 PDE求解]
  t=19s - 时间: 2.270824s | 显存: 0.00 B

[PDE求解部分] 总时间: 2.270824s | 显存: 0.00 B

[本步骤总计] 时间: 4.561072s | 显存: 4.11 GB
surrogate_loss (vs forward.true_19):  193243.125
[Step 22] Backward Propagation - Time: 5.4816s, Mem: -4.11 GB
[Step 22] PGD Update - Time: 0.0026s, Mem: -2.75 MB

[Step 22] 完整步骤总时间: 7.775416s | 总显存: 0.00 B
[Step 22] 峰值显存: 16.97 GB

[Step 23] ============ 详细性能分析 ============
[模型部分] 总时间: 2.288965s | 显存: 4.12 GB

[0-9秒 PDE求解详细性能]

[19秒 PDE求解]
  t=19s - 时间: 2.269706s | 显存: 0.00 B

[PDE求解部分] 总时间: 2.269706s | 显存: 0.00 B

[本步骤总计] 时间: 4.558671s | 显存: 4.12 GB
surrogate_loss (vs forward.true_19):  286392.96875
[Step 23] Backward Propagation - Time: 5.4476s, Mem: -4.11 GB
[Step 23] PGD Update - Time: 0.0043s, Mem: -2.75 MB

[Step 23] 完整步骤总时间: 7.742402s | 总显存: 0.00 B
[Step 23] 峰值显存: 16.97 GB

[Step 24] ============ 详细性能分析 ============
[模型部分] 总时间: 2.282989s | 显存: 4.11 GB

[0-9秒 PDE求解详细性能]

[19秒 PDE求解]
  t=19s - 时间: 2.263692s | 显存: 0.00 B

[PDE求解部分] 总时间: 2.263692s | 显存: 0.00 B

[本步骤总计] 时间: 4.546681s | 显存: 4.11 GB
surrogate_loss (vs forward.true_19):  275627.1875
[Step 24] Backward Propagation - Time: 5.4215s, Mem: -4.11 GB
[Step 24] PGD Update - Time: 0.0029s, Mem: -2.75 MB

[Step 24] 完整步骤总时间: 7.708345s | 总显存: 0.00 B
[Step 24] 峰值显存: 16.97 GB

[Step 25] ============ 详细性能分析 ============
[模型部分] 总时间: 2.272227s | 显存: 4.12 GB

[0-9秒 PDE求解详细性能]

[19秒 PDE求解]
  t=19s - 时间: 2.252979s | 显存: 0.00 B

[PDE求解部分] 总时间: 2.252979s | 显存: 0.00 B

[本步骤总计] 时间: 4.525206s | 显存: 4.12 GB
surrogate_loss (vs forward.true_19):  250189.46875
[Step 25] Backward Propagation - Time: 5.4685s, Mem: -4.11 GB
[Step 25] PGD Update - Time: 0.0027s, Mem: -2.75 MB

[Step 25] 完整步骤总时间: 7.744357s | 总显存: 0.00 B
[Step 25] 峰值显存: 16.97 GB

[Step 26] ============ 详细性能分析 ============
[模型部分] 总时间: 2.237600s | 显存: 4.11 GB

[0-9秒 PDE求解详细性能]

[19秒 PDE求解]
  t=19s - 时间: 2.218366s | 显存: 0.00 B

[PDE求解部分] 总时间: 2.218366s | 显存: 0.00 B

[本步骤总计] 时间: 4.455966s | 显存: 4.11 GB
surrogate_loss (vs forward.true_19):  244834.421875
[Step 26] Backward Propagation - Time: 5.3444s, Mem: -4.11 GB
[Step 26] PGD Update - Time: 0.0026s, Mem: -2.75 MB

[Step 26] 完整步骤总时间: 7.585498s | 总显存: 0.00 B
[Step 26] 峰值显存: 16.97 GB

[Step 27] ============ 详细性能分析 ============
[模型部分] 总时间: 2.250606s | 显存: 4.12 GB

[0-9秒 PDE求解详细性能]

[19秒 PDE求解]
  t=19s - 时间: 2.231411s | 显存: 0.00 B

[PDE求解部分] 总时间: 2.231411s | 显存: 0.00 B

[本步骤总计] 时间: 4.482017s | 显存: 4.12 GB
surrogate_loss (vs forward.true_19):  309121.5625
[Step 27] Backward Propagation - Time: 5.4183s, Mem: -4.11 GB
[Step 27] PGD Update - Time: 0.0027s, Mem: -2.75 MB

[Step 27] 完整步骤总时间: 7.672487s | 总显存: 0.00 B
[Step 27] 峰值显存: 16.97 GB

[Step 28] ============ 详细性能分析 ============
[模型部分] 总时间: 2.271957s | 显存: 4.11 GB

[0-9秒 PDE求解详细性能]

[19秒 PDE求解]
  t=19s - 时间: 2.252200s | 显存: 0.00 B

[PDE求解部分] 总时间: 2.252200s | 显存: 0.00 B

[本步骤总计] 时间: 4.524157s | 显存: 4.11 GB
surrogate_loss (vs forward.true_19):  352737.6875
[Step 28] Backward Propagation - Time: 5.4489s, Mem: -4.11 GB
[Step 28] PGD Update - Time: 0.0028s, Mem: -2.75 MB

[Step 28] 完整步骤总时间: 7.724660s | 总显存: 0.00 B
[Step 28] 峰值显存: 16.97 GB

[Step 29] ============ 详细性能分析 ============
[模型部分] 总时间: 2.286208s | 显存: 4.12 GB

[0-9秒 PDE求解详细性能]

[19秒 PDE求解]
  t=19s - 时间: 2.266943s | 显存: 0.00 B

[PDE求解部分] 总时间: 2.266943s | 显存: 0.00 B

[本步骤总计] 时间: 4.553152s | 显存: 4.12 GB
surrogate_loss (vs forward.true_19):  265454.71875
[Step 29] Backward Propagation - Time: 5.4398s, Mem: -4.11 GB
[Step 29] PGD Update - Time: 0.0026s, Mem: -2.75 MB

[Step 29] 完整步骤总时间: 7.729474s | 总显存: 0.00 B
[Step 29] 峰值显存: 16.97 GB

[Step 30] ============ 详细性能分析 ============
[模型部分] 总时间: 2.282695s | 显存: 4.11 GB

[0-9秒 PDE求解详细性能]

[19秒 PDE求解]
  t=19s - 时间: 2.263385s | 显存: 0.00 B

[PDE求解部分] 总时间: 2.263385s | 显存: 0.00 B

[本步骤总计] 时间: 4.546080s | 显存: 4.11 GB
surrogate_loss (vs forward.true_19):  232978.375
[Step 30] Backward Propagation - Time: 5.4633s, Mem: -4.11 GB
[Step 30] PGD Update - Time: 0.0042s, Mem: -2.75 MB

[Step 30] 完整步骤总时间: 7.751688s | 总显存: 0.00 B
[Step 30] 峰值显存: 16.97 GB

[Step 31] ============ 详细性能分析 ============
[模型部分] 总时间: 2.292501s | 显存: 4.12 GB

[0-9秒 PDE求解详细性能]

[19秒 PDE求解]
  t=19s - 时间: 2.273200s | 显存: 0.00 B

[PDE求解部分] 总时间: 2.273200s | 显存: 0.00 B

[本步骤总计] 时间: 4.565701s | 显存: 4.12 GB
surrogate_loss (vs forward.true_19):  302167.28125
[Step 31] Backward Propagation - Time: 5.4491s, Mem: -4.11 GB
[Step 31] PGD Update - Time: 0.0030s, Mem: -2.75 MB

[Step 31] 完整步骤总时间: 7.745599s | 总显存: 0.00 B
[Step 31] 峰值显存: 16.97 GB

[Step 32] ============ 详细性能分析 ============
[模型部分] 总时间: 2.300076s | 显存: 4.11 GB

[0-9秒 PDE求解详细性能]

[19秒 PDE求解]
  t=19s - 时间: 2.280880s | 显存: 0.00 B

[PDE求解部分] 总时间: 2.280880s | 显存: 0.00 B

[本步骤总计] 时间: 4.580956s | 显存: 4.11 GB
surrogate_loss (vs forward.true_19):  268549.0625
[Step 32] Backward Propagation - Time: 5.4008s, Mem: -4.11 GB
[Step 32] PGD Update - Time: 0.0026s, Mem: -2.75 MB

[Step 32] 完整步骤总时间: 7.704412s | 总显存: 0.00 B
[Step 32] 峰值显存: 16.97 GB

[Step 33] ============ 详细性能分析 ============
[模型部分] 总时间: 2.244750s | 显存: 4.12 GB

[0-9秒 PDE求解详细性能]

[19秒 PDE求解]
  t=19s - 时间: 2.225506s | 显存: 0.00 B

[PDE求解部分] 总时间: 2.225506s | 显存: 0.00 B

[本步骤总计] 时间: 4.470256s | 显存: 4.12 GB
surrogate_loss (vs forward.true_19):  206144.1875
[Step 33] Backward Propagation - Time: 5.3964s, Mem: -4.11 GB
[Step 33] PGD Update - Time: 0.0027s, Mem: -2.75 MB

[Step 33] 完整步骤总时间: 7.644902s | 总显存: 0.00 B
[Step 33] 峰值显存: 16.97 GB

[Step 34] ============ 详细性能分析 ============
[模型部分] 总时间: 2.275235s | 显存: 4.11 GB

[0-9秒 PDE求解详细性能]

[19秒 PDE求解]
  t=19s - 时间: 2.256005s | 显存: 0.00 B

[PDE求解部分] 总时间: 2.256005s | 显存: 0.00 B

[本步骤总计] 时间: 4.531241s | 显存: 4.11 GB
surrogate_loss (vs forward.true_19):  134102.0
[Step 34] Backward Propagation - Time: 5.3658s, Mem: -4.11 GB
[Step 34] PGD Update - Time: 0.0028s, Mem: -2.75 MB

[Step 34] 完整步骤总时间: 7.644786s | 总显存: 0.00 B
[Step 34] 峰值显存: 16.97 GB

[Step 35] ============ 详细性能分析 ============
[模型部分] 总时间: 2.258718s | 显存: 4.12 GB

[0-9秒 PDE求解详细性能]

[19秒 PDE求解]
  t=19s - 时间: 2.239182s | 显存: 0.00 B

[PDE求解部分] 总时间: 2.239182s | 显存: 0.00 B

[本步骤总计] 时间: 4.497899s | 显存: 4.12 GB
surrogate_loss (vs forward.true_19):  325261.21875
[Step 35] Backward Propagation - Time: 5.3749s, Mem: -4.11 GB
[Step 35] PGD Update - Time: 0.0027s, Mem: -2.75 MB

[Step 35] 完整步骤总时间: 7.637322s | 总显存: 0.00 B
[Step 35] 峰值显存: 16.97 GB

[Step 36] ============ 详细性能分析 ============
[模型部分] 总时间: 2.248752s | 显存: 4.11 GB

[0-9秒 PDE求解详细性能]

[19秒 PDE求解]
  t=19s - 时间: 2.229420s | 显存: 0.00 B

[PDE求解部分] 总时间: 2.229420s | 显存: 0.00 B

[本步骤总计] 时间: 4.478173s | 显存: 4.11 GB
surrogate_loss (vs forward.true_19):  282757.4375
[Step 36] Backward Propagation - Time: 5.3420s, Mem: -4.11 GB
[Step 36] PGD Update - Time: 0.0026s, Mem: -2.75 MB

[Step 36] 完整步骤总时间: 7.594301s | 总显存: 0.00 B
[Step 36] 峰值显存: 16.97 GB

[Step 37] ============ 详细性能分析 ============
[模型部分] 总时间: 2.286339s | 显存: 4.12 GB

[0-9秒 PDE求解详细性能]

[19秒 PDE求解]
  t=19s - 时间: 2.267057s | 显存: 0.00 B

[PDE求解部分] 总时间: 2.267057s | 显存: 0.00 B

[本步骤总计] 时间: 4.553396s | 显存: 4.12 GB
surrogate_loss (vs forward.true_19):  292053.5625
[Step 37] Backward Propagation - Time: 5.4259s, Mem: -4.11 GB
[Step 37] PGD Update - Time: 0.0041s, Mem: -2.75 MB

[Step 37] 完整步骤总时间: 7.717763s | 总显存: 0.00 B
[Step 37] 峰值显存: 16.97 GB

[Step 38] ============ 详细性能分析 ============
[模型部分] 总时间: 2.282101s | 显存: 4.11 GB

[0-9秒 PDE求解详细性能]

[19秒 PDE求解]
  t=19s - 时间: 2.262779s | 显存: 0.00 B

[PDE求解部分] 总时间: 2.262779s | 显存: 0.00 B

[本步骤总计] 时间: 4.544880s | 显存: 4.11 GB
surrogate_loss (vs forward.true_19):  283986.78125
[Step 38] Backward Propagation - Time: 5.3616s, Mem: -4.11 GB
[Step 38] PGD Update - Time: 0.0027s, Mem: -2.75 MB

[Step 38] 完整步骤总时间: 7.647390s | 总显存: 0.00 B
[Step 38] 峰值显存: 16.97 GB

[Step 39] ============ 详细性能分析 ============
[模型部分] 总时间: 2.268961s | 显存: 4.12 GB

[0-9秒 PDE求解详细性能]

[19秒 PDE求解]
  t=19s - 时间: 2.249707s | 显存: 0.00 B

[PDE求解部分] 总时间: 2.249707s | 显存: 0.00 B

[本步骤总计] 时间: 4.518668s | 显存: 4.12 GB
surrogate_loss (vs forward.true_19):  304683.125
[Step 39] Backward Propagation - Time: 5.4542s, Mem: -4.11 GB
[Step 39] PGD Update - Time: 0.0026s, Mem: -2.75 MB

[Step 39] 完整步骤总时间: 7.726697s | 总显存: 0.00 B
[Step 39] 峰值显存: 16.97 GB

[Step 40] ============ 详细性能分析 ============
[模型部分] 总时间: 2.285059s | 显存: 4.11 GB

[0-9秒 PDE求解详细性能]

[19秒 PDE求解]
  t=19s - 时间: 2.265737s | 显存: 0.00 B

[PDE求解部分] 总时间: 2.265737s | 显存: 0.00 B

[本步骤总计] 时间: 4.550797s | 显存: 4.11 GB
surrogate_loss (vs forward.true_19):  340157.5
[Step 40] Backward Propagation - Time: 5.4272s, Mem: -4.11 GB
[Step 40] PGD Update - Time: 0.0026s, Mem: -2.75 MB

[Step 40] 完整步骤总时间: 7.715861s | 总显存: 0.00 B
[Step 40] 峰值显存: 16.97 GB

[Step 41] ============ 详细性能分析 ============
[模型部分] 总时间: 2.289346s | 显存: 4.12 GB

[0-9秒 PDE求解详细性能]

[19秒 PDE求解]
  t=19s - 时间: 2.270072s | 显存: 0.00 B

[PDE求解部分] 总时间: 2.270072s | 显存: 0.00 B

[本步骤总计] 时间: 4.559418s | 显存: 4.12 GB
surrogate_loss (vs forward.true_19):  299978.09375
[Step 41] Backward Propagation - Time: 5.4560s, Mem: -4.11 GB
[Step 41] PGD Update - Time: 0.0029s, Mem: -2.75 MB

[Step 41] 完整步骤总时间: 7.749192s | 总显存: 0.00 B
[Step 41] 峰值显存: 16.97 GB

[Step 42] ============ 详细性能分析 ============
[模型部分] 总时间: 2.299582s | 显存: 4.11 GB

[0-9秒 PDE求解详细性能]

[19秒 PDE求解]
  t=19s - 时间: 2.279903s | 显存: 0.00 B

[PDE求解部分] 总时间: 2.279903s | 显存: 0.00 B

[本步骤总计] 时间: 4.579485s | 显存: 4.11 GB
surrogate_loss (vs forward.true_19):  216887.53125
[Step 42] Backward Propagation - Time: 5.4153s, Mem: -4.11 GB
[Step 42] PGD Update - Time: 0.0026s, Mem: -2.75 MB

[Step 42] 完整步骤总时间: 7.718476s | 总显存: 0.00 B
[Step 42] 峰值显存: 16.97 GB

[Step 43] ============ 详细性能分析 ============
[模型部分] 总时间: 2.283865s | 显存: 4.12 GB

[0-9秒 PDE求解详细性能]

[19秒 PDE求解]
  t=19s - 时间: 2.264641s | 显存: 0.00 B

[PDE求解部分] 总时间: 2.264641s | 显存: 0.00 B

[本步骤总计] 时间: 4.548506s | 显存: 4.12 GB
surrogate_loss (vs forward.true_19):  249633.015625
[Step 43] Backward Propagation - Time: 5.3612s, Mem: -4.11 GB
[Step 43] PGD Update - Time: 0.0041s, Mem: -2.75 MB

[Step 43] 完整步骤总时间: 7.650402s | 总显存: 0.00 B
[Step 43] 峰值显存: 16.97 GB

[Step 44] ============ 详细性能分析 ============
[模型部分] 总时间: 2.243754s | 显存: 4.11 GB

[0-9秒 PDE求解详细性能]

[19秒 PDE求解]
  t=19s - 时间: 2.224527s | 显存: 0.00 B

[PDE求解部分] 总时间: 2.224527s | 显存: 0.00 B

[本步骤总计] 时间: 4.468281s | 显存: 4.11 GB
surrogate_loss (vs forward.true_19):  164137.1875
[Step 44] Backward Propagation - Time: 5.3527s, Mem: -4.11 GB
[Step 44] PGD Update - Time: 0.0031s, Mem: -2.75 MB

[Step 44] 完整步骤总时间: 7.600622s | 总显存: 0.00 B
[Step 44] 峰值显存: 16.97 GB

[Step 45] ============ 详细性能分析 ============
[模型部分] 总时间: 2.246315s | 显存: 4.12 GB

[0-9秒 PDE求解详细性能]

[19秒 PDE求解]
  t=19s - 时间: 2.227004s | 显存: 0.00 B

[PDE求解部分] 总时间: 2.227004s | 显存: 0.00 B

[本步骤总计] 时间: 4.473319s | 显存: 4.12 GB
surrogate_loss (vs forward.true_19):  89918.2265625
[Step 45] Backward Propagation - Time: 5.3626s, Mem: -4.11 GB
[Step 45] PGD Update - Time: 0.0026s, Mem: -2.75 MB

[Step 45] 完整步骤总时间: 7.612480s | 总显存: 0.00 B
[Step 45] 峰值显存: 16.97 GB

[Step 46] ============ 详细性能分析 ============
[模型部分] 总时间: 2.246939s | 显存: 4.11 GB

[0-9秒 PDE求解详细性能]

[19秒 PDE求解]
  t=19s - 时间: 2.227720s | 显存: 0.00 B

[PDE求解部分] 总时间: 2.227720s | 显存: 0.00 B

[本步骤总计] 时间: 4.474659s | 显存: 4.11 GB
surrogate_loss (vs forward.true_19):  124712.5859375
[Step 46] Backward Propagation - Time: 5.3789s, Mem: -4.11 GB
[Step 46] PGD Update - Time: 0.0026s, Mem: -2.75 MB

[Step 46] 完整步骤总时间: 7.629328s | 总显存: 0.00 B
[Step 46] 峰值显存: 16.97 GB

[Step 47] ============ 详细性能分析 ============
[模型部分] 总时间: 2.250613s | 显存: 4.12 GB

[0-9秒 PDE求解详细性能]

[19秒 PDE求解]
  t=19s - 时间: 2.231346s | 显存: 0.00 B

[PDE求解部分] 总时间: 2.231346s | 显存: 0.00 B

[本步骤总计] 时间: 4.481959s | 显存: 4.12 GB
surrogate_loss (vs forward.true_19):  173889.84375
[Step 47] Backward Propagation - Time: 5.3817s, Mem: -4.11 GB
[Step 47] PGD Update - Time: 0.0025s, Mem: -2.75 MB

[Step 47] 完整步骤总时间: 7.635790s | 总显存: 0.00 B
[Step 47] 峰值显存: 16.97 GB

[Step 48] ============ 详细性能分析 ============
[模型部分] 总时间: 2.286530s | 显存: 4.11 GB

[0-9秒 PDE求解详细性能]

[19秒 PDE求解]
  t=19s - 时间: 2.267280s | 显存: 0.00 B

[PDE求解部分] 总时间: 2.267280s | 显存: 0.00 B

[本步骤总计] 时间: 4.553809s | 显存: 4.11 GB
surrogate_loss (vs forward.true_19):  124805.5625
[Step 48] Backward Propagation - Time: 5.3991s, Mem: -4.11 GB
[Step 48] PGD Update - Time: 0.0029s, Mem: -2.75 MB

[Step 48] 完整步骤总时间: 7.689647s | 总显存: 0.00 B
[Step 48] 峰值显存: 16.97 GB

[Step 49] ============ 详细性能分析 ============
[模型部分] 总时间: 2.268253s | 显存: 4.12 GB

[0-9秒 PDE求解详细性能]

[19秒 PDE求解]
  t=19s - 时间: 2.248570s | 显存: 0.00 B

[PDE求解部分] 总时间: 2.248570s | 显存: 0.00 B

[本步骤总计] 时间: 4.516823s | 显存: 4.12 GB
surrogate_loss (vs forward.true_19):  60494.44140625
[Step 49] Backward Propagation - Time: 5.4141s, Mem: -4.11 GB
[Step 49] PGD Update - Time: 0.0026s, Mem: -2.75 MB

[Step 49] 完整步骤总时间: 7.685920s | 总显存: 0.00 B
[Step 49] 峰值显存: 16.97 GB

[Step 50] ============ 详细性能分析 ============
[模型部分] 总时间: 2.248956s | 显存: 4.11 GB

[0-9秒 PDE求解详细性能]

[19秒 PDE求解]
  t=19s - 时间: 2.229669s | 显存: 0.00 B

[PDE求解部分] 总时间: 2.229669s | 显存: 0.00 B

[本步骤总计] 时间: 4.478625s | 显存: 4.11 GB
surrogate_loss (vs forward.true_19):  116362.234375
[Step 50] Backward Propagation - Time: 5.3908s, Mem: -4.11 GB
[Step 50] PGD Update - Time: 0.0041s, Mem: -2.75 MB

[Step 50] 完整步骤总时间: 7.645083s | 总显存: 0.00 B
[Step 50] 峰值显存: 16.97 GB

[Step 51] ============ 详细性能分析 ============
[模型部分] 总时间: 2.291963s | 显存: 4.12 GB

[0-9秒 PDE求解详细性能]

[19秒 PDE求解]
  t=19s - 时间: 2.272665s | 显存: 0.00 B

[PDE求解部分] 总时间: 2.272665s | 显存: 0.00 B

[本步骤总计] 时间: 4.564628s | 显存: 4.12 GB
surrogate_loss (vs forward.true_19):  114557.1484375
[Step 51] Backward Propagation - Time: 5.3261s, Mem: -4.11 GB
[Step 51] PGD Update - Time: 0.0030s, Mem: -2.75 MB

[Step 51] 完整步骤总时间: 7.622098s | 总显存: 0.00 B
[Step 51] 峰值显存: 16.97 GB

[Step 52] ============ 详细性能分析 ============
[模型部分] 总时间: 2.278794s | 显存: 4.11 GB

[0-9秒 PDE求解详细性能]

[19秒 PDE求解]
  t=19s - 时间: 2.259535s | 显存: 0.00 B

[PDE求解部分] 总时间: 2.259535s | 显存: 0.00 B

[本步骤总计] 时间: 4.538329s | 显存: 4.11 GB
surrogate_loss (vs forward.true_19):  127551.3984375
[Step 52] Backward Propagation - Time: 5.4201s, Mem: -4.11 GB
[Step 52] PGD Update - Time: 0.0026s, Mem: -2.75 MB

[Step 52] 完整步骤总时间: 7.702431s | 总显存: 0.00 B
[Step 52] 峰值显存: 16.97 GB

[Step 53] ============ 详细性能分析 ============
[模型部分] 总时间: 2.286077s | 显存: 4.12 GB

[0-9秒 PDE求解详细性能]

[19秒 PDE求解]
  t=19s - 时间: 2.266836s | 显存: 0.00 B

[PDE求解部分] 总时间: 2.266836s | 显存: 0.00 B

[本步骤总计] 时间: 4.552913s | 显存: 4.12 GB
surrogate_loss (vs forward.true_19):  182224.921875
[Step 53] Backward Propagation - Time: 8.5240s, Mem: -4.11 GB
[Step 53] PGD Update - Time: 0.0025s, Mem: -2.75 MB

[Step 53] 完整步骤总时间: 10.813638s | 总显存: 0.00 B
[Step 53] 峰值显存: 16.97 GB

[Step 54] ============ 详细性能分析 ============
[模型部分] 总时间: 2.252776s | 显存: 4.11 GB

[0-9秒 PDE求解详细性能]

[19秒 PDE求解]
  t=19s - 时间: 2.233492s | 显存: 0.00 B

[PDE求解部分] 总时间: 2.233492s | 显存: 0.00 B

[本步骤总计] 时间: 4.486269s | 显存: 4.11 GB
surrogate_loss (vs forward.true_19):  89787.921875
[Step 54] Backward Propagation - Time: 5.3518s, Mem: -4.11 GB
[Step 54] PGD Update - Time: 0.0029s, Mem: -2.75 MB

[Step 54] 完整步骤总时间: 7.608469s | 总显存: 0.00 B
[Step 54] 峰值显存: 16.97 GB

[Step 55] ============ 详细性能分析 ============
[模型部分] 总时间: 2.260815s | 显存: 4.12 GB

[0-9秒 PDE求解详细性能]

[19秒 PDE求解]
  t=19s - 时间: 2.241100s | 显存: 0.00 B

[PDE求解部分] 总时间: 2.241100s | 显存: 0.00 B

[本步骤总计] 时间: 4.501916s | 显存: 4.12 GB
surrogate_loss (vs forward.true_19):  158952.53125
[Step 55] Backward Propagation - Time: 5.3630s, Mem: -4.11 GB
[Step 55] PGD Update - Time: 0.0026s, Mem: -2.75 MB

[Step 55] 完整步骤总时间: 7.627403s | 总显存: 0.00 B
[Step 55] 峰值显存: 16.97 GB

[Step 56] ============ 详细性能分析 ============
[模型部分] 总时间: 2.299835s | 显存: 4.11 GB

[0-9秒 PDE求解详细性能]

[19秒 PDE求解]
  t=19s - 时间: 2.280555s | 显存: 0.00 B

[PDE求解部分] 总时间: 2.280555s | 显存: 0.00 B

[本步骤总计] 时间: 4.580391s | 显存: 4.11 GB
surrogate_loss (vs forward.true_19):  206103.140625
[Step 56] Backward Propagation - Time: 5.3770s, Mem: -4.11 GB
[Step 56] PGD Update - Time: 0.0041s, Mem: -2.75 MB

[Step 56] 完整步骤总时间: 7.682186s | 总显存: 0.00 B
[Step 56] 峰值显存: 16.97 GB

[Step 57] ============ 详细性能分析 ============
[模型部分] 总时间: 2.285509s | 显存: 4.12 GB

[0-9秒 PDE求解详细性能]

[19秒 PDE求解]
  t=19s - 时间: 2.266243s | 显存: 0.00 B

[PDE求解部分] 总时间: 2.266243s | 显存: 0.00 B

[本步骤总计] 时间: 4.551752s | 显存: 4.12 GB
surrogate_loss (vs forward.true_19):  79488.703125
[Step 57] Backward Propagation - Time: 5.3995s, Mem: -4.11 GB
[Step 57] PGD Update - Time: 0.0031s, Mem: -2.75 MB

[Step 57] 完整步骤总时间: 7.689038s | 总显存: 0.00 B
[Step 57] 峰值显存: 16.97 GB

[Step 58] ============ 详细性能分析 ============
[模型部分] 总时间: 2.293416s | 显存: 4.11 GB

[0-9秒 PDE求解详细性能]

[19秒 PDE求解]
  t=19s - 时间: 2.274122s | 显存: 0.00 B

[PDE求解部分] 总时间: 2.274122s | 显存: 0.00 B

[本步骤总计] 时间: 4.567538s | 显存: 4.11 GB
surrogate_loss (vs forward.true_19):  141192.46875
[Step 58] Backward Propagation - Time: 5.7651s, Mem: -4.11 GB
[Step 58] PGD Update - Time: 0.0026s, Mem: -2.75 MB

[Step 58] 完整步骤总时间: 8.062041s | 总显存: 0.00 B
[Step 58] 峰值显存: 16.97 GB

[Step 59] ============ 详细性能分析 ============
[模型部分] 总时间: 2.260509s | 显存: 4.12 GB

[0-9秒 PDE求解详细性能]

[19秒 PDE求解]
  t=19s - 时间: 2.241228s | 显存: 0.00 B

[PDE求解部分] 总时间: 2.241228s | 显存: 0.00 B

[本步骤总计] 时间: 4.501737s | 显存: 4.12 GB
surrogate_loss (vs forward.true_19):  72422.53125
[Step 59] Backward Propagation - Time: 5.4135s, Mem: -4.11 GB
[Step 59] PGD Update - Time: 0.0026s, Mem: -2.75 MB

[Step 59] 完整步骤总时间: 7.677597s | 总显存: 0.00 B
[Step 59] 峰值显存: 16.97 GB

[Step 60] ============ 详细性能分析 ============
[模型部分] 总时间: 2.250284s | 显存: 4.11 GB

[0-9秒 PDE求解详细性能]

[19秒 PDE求解]
  t=19s - 时间: 2.231006s | 显存: 0.00 B

[PDE求解部分] 总时间: 2.231006s | 显存: 0.00 B

[本步骤总计] 时间: 4.481290s | 显存: 4.11 GB
surrogate_loss (vs forward.true_19):  205710.1875
[Step 60] Backward Propagation - Time: 5.4638s, Mem: -4.11 GB
[Step 60] PGD Update - Time: 0.0025s, Mem: -2.75 MB

[Step 60] 完整步骤总时间: 7.717493s | 总显存: 0.00 B
[Step 60] 峰值显存: 16.97 GB

[Step 61] ============ 详细性能分析 ============
[模型部分] 总时间: 2.287512s | 显存: 4.12 GB

[0-9秒 PDE求解详细性能]

[19秒 PDE求解]
  t=19s - 时间: 2.268241s | 显存: 0.00 B

[PDE求解部分] 总时间: 2.268241s | 显存: 0.00 B

[本步骤总计] 时间: 4.555752s | 显存: 4.12 GB
surrogate_loss (vs forward.true_19):  210156.96875
[Step 61] Backward Propagation - Time: 5.4477s, Mem: -4.11 GB
[Step 61] PGD Update - Time: 0.0029s, Mem: -2.75 MB

[Step 61] 完整步骤总时间: 7.739013s | 总显存: 0.00 B
[Step 61] 峰值显存: 16.97 GB

[Step 62] ============ 详细性能分析 ============
[模型部分] 总时间: 2.283647s | 显存: 4.11 GB

[0-9秒 PDE求解详细性能]

[19秒 PDE求解]
  t=19s - 时间: 2.263977s | 显存: 0.00 B

[PDE求解部分] 总时间: 2.263977s | 显存: 0.00 B

[本步骤总计] 时间: 4.547624s | 显存: 4.11 GB
surrogate_loss (vs forward.true_19):  126576.609375
[Step 62] Backward Propagation - Time: 5.4410s, Mem: -4.11 GB
[Step 62] PGD Update - Time: 0.0026s, Mem: -2.75 MB

[Step 62] 完整步骤总时间: 7.729433s | 总显存: 0.00 B
[Step 62] 峰值显存: 16.97 GB

[Step 63] ============ 详细性能分析 ============
[模型部分] 总时间: 2.237984s | 显存: 4.12 GB

[0-9秒 PDE求解详细性能]

[19秒 PDE求解]
  t=19s - 时间: 2.218706s | 显存: 0.00 B

[PDE求解部分] 总时间: 2.218706s | 显存: 0.00 B

[本步骤总计] 时间: 4.456690s | 显存: 4.12 GB
surrogate_loss (vs forward.true_19):  275104.8125
[Step 63] Backward Propagation - Time: 5.4126s, Mem: -4.11 GB
[Step 63] PGD Update - Time: 0.0042s, Mem: -2.75 MB

[Step 63] 完整步骤总时间: 7.656052s | 总显存: 0.00 B
[Step 63] 峰值显存: 16.97 GB

[Step 64] ============ 详细性能分析 ============
[模型部分] 总时间: 2.308589s | 显存: 4.11 GB

[0-9秒 PDE求解详细性能]

[19秒 PDE求解]
  t=19s - 时间: 2.289324s | 显存: 0.00 B

[PDE求解部分] 总时间: 2.289324s | 显存: 0.00 B

[本步骤总计] 时间: 4.597913s | 显存: 4.11 GB
surrogate_loss (vs forward.true_19):  251886.578125
[Step 64] Backward Propagation - Time: 5.3569s, Mem: -4.11 GB
[Step 64] PGD Update - Time: 0.0030s, Mem: -2.75 MB

[Step 64] 完整步骤总时间: 7.669389s | 总显存: 0.00 B
[Step 64] 峰值显存: 16.97 GB

[Step 65] ============ 详细性能分析 ============
[模型部分] 总时间: 2.264008s | 显存: 4.12 GB

[0-9秒 PDE求解详细性能]

[19秒 PDE求解]
  t=19s - 时间: 2.244717s | 显存: 0.00 B

[PDE求解部分] 总时间: 2.244717s | 显存: 0.00 B

[本步骤总计] 时间: 4.508725s | 显存: 4.12 GB
surrogate_loss (vs forward.true_19):  303976.84375
[Step 65] Backward Propagation - Time: 5.3816s, Mem: -4.11 GB
[Step 65] PGD Update - Time: 0.0027s, Mem: -2.75 MB

[Step 65] 完整步骤总时间: 7.649425s | 总显存: 0.00 B
[Step 65] 峰值显存: 16.97 GB

[Step 66] ============ 详细性能分析 ============
[模型部分] 总时间: 2.256751s | 显存: 4.11 GB

[0-9秒 PDE求解详细性能]

[19秒 PDE求解]
  t=19s - 时间: 2.237486s | 显存: 0.00 B

[PDE求解部分] 总时间: 2.237486s | 显存: 0.00 B

[本步骤总计] 时间: 4.494237s | 显存: 4.11 GB
surrogate_loss (vs forward.true_19):  149305.265625
[Step 66] Backward Propagation - Time: 5.4416s, Mem: -4.11 GB
[Step 66] PGD Update - Time: 0.0027s, Mem: -2.75 MB

[Step 66] 完整步骤总时间: 7.702015s | 总显存: 0.00 B
[Step 66] 峰值显存: 16.97 GB

[Step 67] ============ 详细性能分析 ============
[模型部分] 总时间: 2.269146s | 显存: 4.12 GB

[0-9秒 PDE求解详细性能]

[19秒 PDE求解]
  t=19s - 时间: 2.249866s | 显存: 0.00 B

[PDE求解部分] 总时间: 2.249866s | 显存: 0.00 B

[本步骤总计] 时间: 4.519012s | 显存: 4.12 GB
surrogate_loss (vs forward.true_19):  130810.0546875
[Step 67] Backward Propagation - Time: 5.3758s, Mem: -4.11 GB
[Step 67] PGD Update - Time: 0.0028s, Mem: -2.75 MB

[Step 67] 完整步骤总时间: 7.648740s | 总显存: 0.00 B
[Step 67] 峰值显存: 16.97 GB

[Step 68] ============ 详细性能分析 ============
[模型部分] 总时间: 2.265051s | 显存: 4.11 GB

[0-9秒 PDE求解详细性能]

[19秒 PDE求解]
  t=19s - 时间: 2.245453s | 显存: 0.00 B

[PDE求解部分] 总时间: 2.245453s | 显存: 0.00 B

[本步骤总计] 时间: 4.510503s | 显存: 4.11 GB
surrogate_loss (vs forward.true_19):  208872.390625
[Step 68] Backward Propagation - Time: 5.3823s, Mem: -4.11 GB
[Step 68] PGD Update - Time: 0.0027s, Mem: -2.75 MB

[Step 68] 完整步骤总时间: 7.650986s | 总显存: 0.00 B
[Step 68] 峰值显存: 16.97 GB

[Step 69] ============ 详细性能分析 ============
[模型部分] 总时间: 2.271777s | 显存: 4.12 GB

[0-9秒 PDE求解详细性能]

[19秒 PDE求解]
  t=19s - 时间: 2.252374s | 显存: 0.00 B

[PDE求解部分] 总时间: 2.252374s | 显存: 0.00 B

[本步骤总计] 时间: 4.524151s | 显存: 4.12 GB
surrogate_loss (vs forward.true_19):  101091.96875
[Step 69] Backward Propagation - Time: 5.3683s, Mem: -4.11 GB
[Step 69] PGD Update - Time: 0.0026s, Mem: -2.75 MB

[Step 69] 完整步骤总时间: 7.643631s | 总显存: 0.00 B
[Step 69] 峰值显存: 16.97 GB

[Step 70] ============ 详细性能分析 ============
[模型部分] 总时间: 2.259485s | 显存: 4.11 GB

[0-9秒 PDE求解详细性能]

[19秒 PDE求解]
  t=19s - 时间: 2.240230s | 显存: 0.00 B

[PDE求解部分] 总时间: 2.240230s | 显存: 0.00 B

[本步骤总计] 时间: 4.499715s | 显存: 4.11 GB
surrogate_loss (vs forward.true_19):  99541.71875
[Step 70] Backward Propagation - Time: 5.3312s, Mem: -4.11 GB
[Step 70] PGD Update - Time: 0.0041s, Mem: -2.75 MB

[Step 70] 完整步骤总时间: 7.595947s | 总显存: 0.00 B
[Step 70] 峰值显存: 16.97 GB

[Step 71] ============ 详细性能分析 ============
[模型部分] 总时间: 2.246837s | 显存: 4.12 GB

[0-9秒 PDE求解详细性能]

[19秒 PDE求解]
  t=19s - 时间: 2.227542s | 显存: 0.00 B

[PDE求解部分] 总时间: 2.227542s | 显存: 0.00 B

[本步骤总计] 时间: 4.474379s | 显存: 4.12 GB
surrogate_loss (vs forward.true_19):  120104.953125
[Step 71] Backward Propagation - Time: 5.4549s, Mem: -4.11 GB
[Step 71] PGD Update - Time: 0.0029s, Mem: -2.75 MB

[Step 71] 完整步骤总时间: 7.705575s | 总显存: 0.00 B
[Step 71] 峰值显存: 16.97 GB

[Step 72] ============ 详细性能分析 ============
[模型部分] 总时间: 2.275342s | 显存: 4.11 GB

[0-9秒 PDE求解详细性能]

[19秒 PDE求解]
  t=19s - 时间: 2.256053s | 显存: 0.00 B

[PDE求解部分] 总时间: 2.256053s | 显存: 0.00 B

[本步骤总计] 时间: 4.531395s | 显存: 4.11 GB
surrogate_loss (vs forward.true_19):  146312.21875
[Step 72] Backward Propagation - Time: 5.4119s, Mem: -4.11 GB
[Step 72] PGD Update - Time: 0.0026s, Mem: -2.75 MB

[Step 72] 完整步骤总时间: 7.690690s | 总显存: 0.00 B
[Step 72] 峰值显存: 16.97 GB

[Step 73] ============ 详细性能分析 ============
[模型部分] 总时间: 2.292680s | 显存: 4.12 GB

[0-9秒 PDE求解详细性能]

[19秒 PDE求解]
  t=19s - 时间: 2.273442s | 显存: 0.00 B

[PDE求解部分] 总时间: 2.273442s | 显存: 0.00 B

[本步骤总计] 时间: 4.566122s | 显存: 4.12 GB
surrogate_loss (vs forward.true_19):  202303.375
[Step 73] Backward Propagation - Time: 5.3880s, Mem: -4.11 GB
[Step 73] PGD Update - Time: 0.0026s, Mem: -2.75 MB

[Step 73] 完整步骤总时间: 7.684303s | 总显存: 0.00 B
[Step 73] 峰值显存: 16.97 GB

[Step 74] ============ 详细性能分析 ============
[模型部分] 总时间: 2.270127s | 显存: 4.11 GB

[0-9秒 PDE求解详细性能]

[19秒 PDE求解]
  t=19s - 时间: 2.250862s | 显存: 0.00 B

[PDE求解部分] 总时间: 2.250862s | 显存: 0.00 B

[本步骤总计] 时间: 4.520988s | 显存: 4.11 GB
surrogate_loss (vs forward.true_19):  108517.359375
[Step 74] Backward Propagation - Time: 5.4184s, Mem: -4.11 GB
[Step 74] PGD Update - Time: 0.0027s, Mem: -2.75 MB

[Step 74] 完整步骤总时间: 7.692230s | 总显存: 0.00 B
[Step 74] 峰值显存: 16.97 GB

[Step 75] ============ 详细性能分析 ============
[模型部分] 总时间: 2.265645s | 显存: 4.12 GB

[0-9秒 PDE求解详细性能]

[19秒 PDE求解]
  t=19s - 时间: 2.245847s | 显存: 0.00 B

[PDE求解部分] 总时间: 2.245847s | 显存: 0.00 B

[本步骤总计] 时间: 4.511492s | 显存: 4.12 GB
surrogate_loss (vs forward.true_19):  130466.5390625
[Step 75] Backward Propagation - Time: 5.4295s, Mem: -4.11 GB
[Step 75] PGD Update - Time: 0.0026s, Mem: -2.75 MB

[Step 75] 完整步骤总时间: 7.698798s | 总显存: 0.00 B
[Step 75] 峰值显存: 16.97 GB

[Step 76] ============ 详细性能分析 ============
[模型部分] 总时间: 2.280939s | 显存: 4.11 GB

[0-9秒 PDE求解详细性能]

[19秒 PDE求解]
  t=19s - 时间: 2.261646s | 显存: 0.00 B

[PDE求解部分] 总时间: 2.261646s | 显存: 0.00 B

[本步骤总计] 时间: 4.542585s | 显存: 4.11 GB
surrogate_loss (vs forward.true_19):  184640.28125
[Step 76] Backward Propagation - Time: 5.3542s, Mem: -4.11 GB
[Step 76] PGD Update - Time: 0.0026s, Mem: -2.75 MB

[Step 76] 完整步骤总时间: 7.638607s | 总显存: 0.00 B
[Step 76] 峰值显存: 16.97 GB

[Step 77] ============ 详细性能分析 ============
[模型部分] 总时间: 2.256702s | 显存: 4.12 GB

[0-9秒 PDE求解详细性能]

[19秒 PDE求解]
  t=19s - 时间: 2.237484s | 显存: 0.00 B

[PDE求解部分] 总时间: 2.237484s | 显存: 0.00 B

[本步骤总计] 时间: 4.494187s | 显存: 4.12 GB
surrogate_loss (vs forward.true_19):  217404.421875
[Step 77] Backward Propagation - Time: 5.4430s, Mem: -4.11 GB
[Step 77] PGD Update - Time: 0.0041s, Mem: -2.75 MB

[Step 77] 完整步骤总时间: 7.705093s | 总显存: 0.00 B
[Step 77] 峰值显存: 16.97 GB

[Step 78] ============ 详细性能分析 ============
[模型部分] 总时间: 2.242985s | 显存: 4.11 GB

[0-9秒 PDE求解详细性能]

[19秒 PDE求解]
  t=19s - 时间: 2.223718s | 显存: 0.00 B

[PDE求解部分] 总时间: 2.223718s | 显存: 0.00 B

[本步骤总计] 时间: 4.466703s | 显存: 4.11 GB
surrogate_loss (vs forward.true_19):  213842.84375
[Step 78] Backward Propagation - Time: 5.3795s, Mem: -4.11 GB
[Step 78] PGD Update - Time: 0.0029s, Mem: -2.75 MB

[Step 78] 完整步骤总时间: 7.626267s | 总显存: 0.00 B
[Step 78] 峰值显存: 16.97 GB

[Step 79] ============ 详细性能分析 ============
[模型部分] 总时间: 2.253747s | 显存: 4.12 GB

[0-9秒 PDE求解详细性能]

[19秒 PDE求解]
  t=19s - 时间: 2.234481s | 显存: 0.00 B

[PDE求解部分] 总时间: 2.234481s | 显存: 0.00 B

[本步骤总计] 时间: 4.488228s | 显存: 4.12 GB
surrogate_loss (vs forward.true_19):  179959.25
[Step 79] Backward Propagation - Time: 5.3816s, Mem: -4.11 GB
[Step 79] PGD Update - Time: 0.0026s, Mem: -2.75 MB

[Step 79] 完整步骤总时间: 7.638965s | 总显存: 0.00 B
[Step 79] 峰值显存: 16.97 GB

[Step 80] ============ 详细性能分析 ============
[模型部分] 总时间: 2.271129s | 显存: 4.11 GB

[0-9秒 PDE求解详细性能]

[19秒 PDE求解]
  t=19s - 时间: 2.251893s | 显存: 0.00 B

[PDE求解部分] 总时间: 2.251893s | 显存: 0.00 B

[本步骤总计] 时间: 4.523022s | 显存: 4.11 GB
surrogate_loss (vs forward.true_19):  225977.734375
[Step 80] Backward Propagation - Time: 5.3312s, Mem: -4.11 GB
[Step 80] PGD Update - Time: 0.0025s, Mem: -2.75 MB

[Step 80] 完整步骤总时间: 7.605752s | 总显存: 0.00 B
[Step 80] 峰值显存: 16.97 GB

[Step 81] ============ 详细性能分析 ============
[模型部分] 总时间: 2.271737s | 显存: 4.12 GB

[0-9秒 PDE求解详细性能]

[19秒 PDE求解]
  t=19s - 时间: 2.252501s | 显存: 0.00 B

[PDE求解部分] 总时间: 2.252501s | 显存: 0.00 B

[本步骤总计] 时间: 4.524237s | 显存: 4.12 GB
surrogate_loss (vs forward.true_19):  204421.453125
[Step 81] Backward Propagation - Time: 5.4295s, Mem: -4.11 GB
[Step 81] PGD Update - Time: 0.0027s, Mem: -2.75 MB

[Step 81] 完整步骤总时间: 7.704942s | 总显存: 0.00 B
[Step 81] 峰值显存: 16.97 GB

[Step 82] ============ 详细性能分析 ============
[模型部分] 总时间: 2.254809s | 显存: 4.11 GB

[0-9秒 PDE求解详细性能]

[19秒 PDE求解]
  t=19s - 时间: 2.235092s | 显存: 0.00 B

[PDE求解部分] 总时间: 2.235092s | 显存: 0.00 B

[本步骤总计] 时间: 4.489901s | 显存: 4.11 GB
surrogate_loss (vs forward.true_19):  223822.53125
[Step 82] Backward Propagation - Time: 5.4374s, Mem: -4.11 GB
[Step 82] PGD Update - Time: 0.0027s, Mem: -2.75 MB

[Step 82] 完整步骤总时间: 7.695845s | 总显存: 0.00 B
[Step 82] 峰值显存: 16.97 GB

[Step 83] ============ 详细性能分析 ============
[模型部分] 总时间: 2.233369s | 显存: 4.12 GB

[0-9秒 PDE求解详细性能]

[19秒 PDE求解]
  t=19s - 时间: 2.214120s | 显存: 0.00 B

[PDE求解部分] 总时间: 2.214120s | 显存: 0.00 B

[本步骤总计] 时间: 4.447488s | 显存: 4.12 GB
surrogate_loss (vs forward.true_19):  204321.71875
[Step 83] Backward Propagation - Time: 5.3316s, Mem: -4.11 GB
[Step 83] PGD Update - Time: 0.0026s, Mem: -2.75 MB

[Step 83] 完整步骤总时间: 7.568470s | 总显存: 0.00 B
[Step 83] 峰值显存: 16.97 GB

[Step 84] ============ 详细性能分析 ============
[模型部分] 总时间: 2.313895s | 显存: 4.11 GB

[0-9秒 PDE求解详细性能]

[19秒 PDE求解]
  t=19s - 时间: 2.294415s | 显存: 0.00 B

[PDE求解部分] 总时间: 2.294415s | 显存: 0.00 B

[本步骤总计] 时间: 4.608310s | 显存: 4.11 GB
surrogate_loss (vs forward.true_19):  297774.5625
[Step 84] Backward Propagation - Time: 5.3906s, Mem: -4.11 GB
[Step 84] PGD Update - Time: 0.0037s, Mem: -2.75 MB

[Step 84] 完整步骤总时间: 7.709341s | 总显存: 0.00 B
[Step 84] 峰值显存: 16.97 GB

[Step 85] ============ 详细性能分析 ============
[模型部分] 总时间: 2.223643s | 显存: 4.12 GB

[0-9秒 PDE求解详细性能]

[19秒 PDE求解]
  t=19s - 时间: 2.204374s | 显存: 0.00 B

[PDE求解部分] 总时间: 2.204374s | 显存: 0.00 B

[本步骤总计] 时间: 4.428017s | 显存: 4.12 GB
surrogate_loss (vs forward.true_19):  229624.640625
[Step 85] Backward Propagation - Time: 5.4078s, Mem: -4.11 GB
[Step 85] PGD Update - Time: 0.0026s, Mem: -2.75 MB

[Step 85] 完整步骤总时间: 7.635049s | 总显存: 0.00 B
[Step 85] 峰值显存: 16.97 GB

[Step 86] ============ 详细性能分析 ============
[模型部分] 总时间: 2.303692s | 显存: 4.11 GB

[0-9秒 PDE求解详细性能]

[19秒 PDE求解]
  t=19s - 时间: 2.284413s | 显存: 0.00 B

[PDE求解部分] 总时间: 2.284413s | 显存: 0.00 B

[本步骤总计] 时间: 4.588106s | 显存: 4.11 GB
surrogate_loss (vs forward.true_19):  224836.921875
[Step 86] Backward Propagation - Time: 5.4037s, Mem: -4.11 GB
[Step 86] PGD Update - Time: 0.0025s, Mem: -2.75 MB

[Step 86] 完整步骤总时间: 7.710903s | 总显存: 0.00 B
[Step 86] 峰值显存: 16.97 GB

[Step 87] ============ 详细性能分析 ============
[模型部分] 总时间: 2.243821s | 显存: 4.12 GB

[0-9秒 PDE求解详细性能]

[19秒 PDE求解]
  t=19s - 时间: 2.224540s | 显存: 0.00 B

[PDE求解部分] 总时间: 2.224540s | 显存: 0.00 B

[本步骤总计] 时间: 4.468361s | 显存: 4.12 GB
surrogate_loss (vs forward.true_19):  293109.4375
[Step 87] Backward Propagation - Time: 5.4606s, Mem: -4.11 GB
[Step 87] PGD Update - Time: 0.0225s, Mem: -2.75 MB

[Step 87] 完整步骤总时间: 7.763271s | 总显存: 0.00 B
[Step 87] 峰值显存: 16.97 GB

[Step 88] ============ 详细性能分析 ============
[模型部分] 总时间: 2.398753s | 显存: 4.11 GB

[0-9秒 PDE求解详细性能]

[19秒 PDE求解]
  t=19s - 时间: 2.364030s | 显存: 0.00 B

[PDE求解部分] 总时间: 2.364030s | 显存: 0.00 B

[本步骤总计] 时间: 4.762783s | 显存: 4.11 GB
surrogate_loss (vs forward.true_19):  196273.625
[Step 88] Backward Propagation - Time: 5.3817s, Mem: -4.11 GB
[Step 88] PGD Update - Time: 0.0028s, Mem: -2.75 MB

[Step 88] 完整步骤总时间: 7.787148s | 总显存: 0.00 B
[Step 88] 峰值显存: 16.97 GB

[Step 89] ============ 详细性能分析 ============
[模型部分] 总时间: 2.264514s | 显存: 4.12 GB

[0-9秒 PDE求解详细性能]

[19秒 PDE求解]
  t=19s - 时间: 2.244845s | 显存: 0.00 B

[PDE求解部分] 总时间: 2.244845s | 显存: 0.00 B

[本步骤总计] 时间: 4.509359s | 显存: 4.12 GB
surrogate_loss (vs forward.true_19):  161256.765625
[Step 89] Backward Propagation - Time: 5.4060s, Mem: -4.11 GB
[Step 89] PGD Update - Time: 0.0026s, Mem: -2.75 MB

[Step 89] 完整步骤总时间: 7.673999s | 总显存: 0.00 B
[Step 89] 峰值显存: 16.97 GB

[Step 90] ============ 详细性能分析 ============
[模型部分] 总时间: 2.266270s | 显存: 4.11 GB

[0-9秒 PDE求解详细性能]

[19秒 PDE求解]
  t=19s - 时间: 2.247042s | 显存: 0.00 B

[PDE求解部分] 总时间: 2.247042s | 显存: 0.00 B

[本步骤总计] 时间: 4.513312s | 显存: 4.11 GB
surrogate_loss (vs forward.true_19):  129302.34375
[Step 90] Backward Propagation - Time: 5.4522s, Mem: -4.11 GB
[Step 90] PGD Update - Time: 0.0026s, Mem: -2.75 MB

[Step 90] 完整步骤总时间: 7.721996s | 总显存: 0.00 B
[Step 90] 峰值显存: 16.97 GB

[Step 91] ============ 详细性能分析 ============
[模型部分] 总时间: 2.266382s | 显存: 4.12 GB

[0-9秒 PDE求解详细性能]

[19秒 PDE求解]
  t=19s - 时间: 2.247123s | 显存: 0.00 B

[PDE求解部分] 总时间: 2.247123s | 显存: 0.00 B

[本步骤总计] 时间: 4.513505s | 显存: 4.12 GB
surrogate_loss (vs forward.true_19):  333474.53125
[Step 91] Backward Propagation - Time: 5.3550s, Mem: -4.11 GB
[Step 91] PGD Update - Time: 0.0041s, Mem: -2.75 MB

[Step 91] 完整步骤总时间: 7.626933s | 总显存: 0.00 B
[Step 91] 峰值显存: 16.97 GB

[Step 92] ============ 详细性能分析 ============
[模型部分] 总时间: 2.281418s | 显存: 4.11 GB

[0-9秒 PDE求解详细性能]

[19秒 PDE求解]
  t=19s - 时间: 2.262123s | 显存: 0.00 B

[PDE求解部分] 总时间: 2.262123s | 显存: 0.00 B

[本步骤总计] 时间: 4.543541s | 显存: 4.11 GB
surrogate_loss (vs forward.true_19):  219007.15625
[Step 92] Backward Propagation - Time: 5.4231s, Mem: -4.11 GB
[Step 92] PGD Update - Time: 0.0032s, Mem: -2.75 MB

[Step 92] 完整步骤总时间: 7.708653s | 总显存: 0.00 B
[Step 92] 峰值显存: 16.97 GB

[Step 93] ============ 详细性能分析 ============
[模型部分] 总时间: 2.292594s | 显存: 4.12 GB

[0-9秒 PDE求解详细性能]

[19秒 PDE求解]
  t=19s - 时间: 2.273095s | 显存: 0.00 B

[PDE求解部分] 总时间: 2.273095s | 显存: 0.00 B

[本步骤总计] 时间: 4.565689s | 显存: 4.12 GB
surrogate_loss (vs forward.true_19):  165939.78125
[Step 93] Backward Propagation - Time: 5.4113s, Mem: -4.11 GB
[Step 93] PGD Update - Time: 0.0026s, Mem: -2.75 MB

[Step 93] 完整步骤总时间: 7.707360s | 总显存: 0.00 B
[Step 93] 峰值显存: 16.97 GB

[Step 94] ============ 详细性能分析 ============
[模型部分] 总时间: 2.298098s | 显存: 4.11 GB

[0-9秒 PDE求解详细性能]

[19秒 PDE求解]
  t=19s - 时间: 2.278869s | 显存: 0.00 B

[PDE求解部分] 总时间: 2.278869s | 显存: 0.00 B

[本步骤总计] 时间: 4.576967s | 显存: 4.11 GB
surrogate_loss (vs forward.true_19):  186352.375
[Step 94] Backward Propagation - Time: 5.3963s, Mem: -4.11 GB
[Step 94] PGD Update - Time: 0.0040s, Mem: -2.75 MB

[Step 94] 完整步骤总时间: 7.700227s | 总显存: 0.00 B
[Step 94] 峰值显存: 16.97 GB

[Step 95] ============ 详细性能分析 ============
[模型部分] 总时间: 2.293497s | 显存: 4.12 GB

[0-9秒 PDE求解详细性能]

[19秒 PDE求解]
  t=19s - 时间: 2.274128s | 显存: 0.00 B

[PDE求解部分] 总时间: 2.274128s | 显存: 0.00 B

[本步骤总计] 时间: 4.567625s | 显存: 4.12 GB
surrogate_loss (vs forward.true_19):  223636.265625
[Step 95] Backward Propagation - Time: 5.4360s, Mem: -4.11 GB
[Step 95] PGD Update - Time: 0.0030s, Mem: -2.75 MB

[Step 95] 完整步骤总时间: 7.733681s | 总显存: 0.00 B
[Step 95] 峰值显存: 16.97 GB

[Step 96] ============ 详细性能分析 ============
[模型部分] 总时间: 2.260930s | 显存: 4.11 GB

[0-9秒 PDE求解详细性能]

[19秒 PDE求解]
  t=19s - 时间: 2.241693s | 显存: 0.00 B

[PDE求解部分] 总时间: 2.241693s | 显存: 0.00 B

[本步骤总计] 时间: 4.502623s | 显存: 4.11 GB
surrogate_loss (vs forward.true_19):  239526.53125
[Step 96] Backward Propagation - Time: 5.4326s, Mem: -4.11 GB
[Step 96] PGD Update - Time: 0.0026s, Mem: -2.75 MB

[Step 96] 完整步骤总时间: 7.697364s | 总显存: 0.00 B
[Step 96] 峰值显存: 16.97 GB

[Step 97] ============ 详细性能分析 ============
[模型部分] 总时间: 2.291521s | 显存: 4.12 GB

[0-9秒 PDE求解详细性能]

[19秒 PDE求解]
  t=19s - 时间: 2.272271s | 显存: 0.00 B

[PDE求解部分] 总时间: 2.272271s | 显存: 0.00 B

[本步骤总计] 时间: 4.563793s | 显存: 4.12 GB
surrogate_loss (vs forward.true_19):  222579.34375
[Step 97] Backward Propagation - Time: 5.4827s, Mem: -4.11 GB
[Step 97] PGD Update - Time: 0.0026s, Mem: -2.75 MB

[Step 97] 完整步骤总时间: 7.777698s | 总显存: 0.00 B
[Step 97] 峰值显存: 16.97 GB

[Step 98] ============ 详细性能分析 ============
[模型部分] 总时间: 2.236600s | 显存: 4.11 GB

[0-9秒 PDE求解详细性能]

[19秒 PDE求解]
  t=19s - 时间: 2.217375s | 显存: 0.00 B

[PDE求解部分] 总时间: 2.217375s | 显存: 0.00 B

[本步骤总计] 时间: 4.453975s | 显存: 4.11 GB
surrogate_loss (vs forward.true_19):  130687.0
[Step 98] Backward Propagation - Time: 5.3640s, Mem: -4.11 GB
[Step 98] PGD Update - Time: 0.0025s, Mem: -2.75 MB

[Step 98] 完整步骤总时间: 7.604103s | 总显存: 0.00 B
[Step 98] 峰值显存: 16.97 GB

[Step 99] ============ 详细性能分析 ============
[模型部分] 总时间: 2.278405s | 显存: 4.12 GB

[0-9秒 PDE求解详细性能]

[19秒 PDE求解]
  t=19s - 时间: 2.259101s | 显存: 0.00 B

[PDE求解部分] 总时间: 2.259101s | 显存: 0.00 B

[本步骤总计] 时间: 4.537506s | 显存: 4.12 GB
surrogate_loss (vs forward.true_19):  316088.21875
[Step 99] Backward Propagation - Time: 5.3436s, Mem: -4.11 GB
[Step 99] PGD Update - Time: 0.0027s, Mem: -2.75 MB

[Step 99] 完整步骤总时间: 7.625645s | 总显存: 0.00 B
[Step 99] 峰值显存: 16.97 GB
清理前显存占用: 13092.9970703125 MB
PGD攻击完成！显存已清理
当前显存占用: 2092.2470703125 MB
mode_spec = wwwwwwwwww
Per-frame modes: [t=01] with_solver | [t=02] with_solver | [t=03] with_solver | [t=04] with_solver | [t=05] with_solver | [t=06] with_solver | [t=07] with_solver | [t=08] with_solver | [t=09] with_solver | [t=19] with_solver
================================================================================
norm: 2, epsilon: 471.8592, alpha: 100, num_steps: 100, index: 0, method: adam, mode_spec: wwwwwwwwww, b1: 0.9, b2: 0.999, adam_eps: 1e-08, sign_Linf: True, amsgrad: False

[Step 0] ============ 详细性能分析 ============
[模型部分] 总时间: 2.339626s | 显存: 4.11 GB

[0-9秒 PDE求解详细性能]

[19秒 PDE求解]
  t=19s - 时间: 2.309026s | 显存: 0.00 B

[PDE求解部分] 总时间: 2.309026s | 显存: 0.00 B

[本步骤总计] 时间: 4.648651s | 显存: 4.11 GB
surrogate_loss (vs forward.true_19):  2874.302978515625
[Step 0] Backward Propagation - Time: 5.4429s, Mem: -4.11 GB
[Step 0] PGD Update - Time: 0.0013s, Mem: 1.75 MB

[Step 0] 完整步骤总时间: 7.784942s | 总显存: 5.25 MB
[Step 0] 峰值显存: 16.96 GB

[Step 1] ============ 详细性能分析 ============
[模型部分] 总时间: 2.284498s | 显存: 4.11 GB

[0-9秒 PDE求解详细性能]

[19秒 PDE求解]
  t=19s - 时间: 2.264899s | 显存: 0.00 B

[PDE求解部分] 总时间: 2.264899s | 显存: 0.00 B

[本步骤总计] 时间: 4.549397s | 显存: 4.11 GB
surrogate_loss (vs forward.true_19):  97036.203125
[Step 1] Backward Propagation - Time: 5.4621s, Mem: -4.11 GB
[Step 1] PGD Update - Time: 0.0024s, Mem: -3.25 MB

[Step 1] 完整步骤总时间: 7.749901s | 总显存: -512.00 KB
[Step 1] 峰值显存: 16.97 GB

[Step 2] ============ 详细性能分析 ============
[模型部分] 总时间: 2.308224s | 显存: 4.11 GB

[0-9秒 PDE求解详细性能]

[19秒 PDE求解]
  t=19s - 时间: 2.288968s | 显存: 0.00 B

[PDE求解部分] 总时间: 2.288968s | 显存: 0.00 B

[本步骤总计] 时间: 4.597192s | 显存: 4.11 GB
surrogate_loss (vs forward.true_19):  56444.02734375
[Step 2] Backward Propagation - Time: 5.4426s, Mem: -4.11 GB
[Step 2] PGD Update - Time: 0.0022s, Mem: -2.75 MB

[Step 2] 完整步骤总时间: 7.753902s | 总显存: 0.00 B
[Step 2] 峰值显存: 16.97 GB

[Step 3] ============ 详细性能分析 ============
[模型部分] 总时间: 2.285117s | 显存: 4.12 GB

[0-9秒 PDE求解详细性能]

[19秒 PDE求解]
  t=19s - 时间: 2.265842s | 显存: 0.00 B

[PDE求解部分] 总时间: 2.265842s | 显存: 0.00 B

[本步骤总计] 时间: 4.550959s | 显存: 4.12 GB
surrogate_loss (vs forward.true_19):  120316.8671875
[Step 3] Backward Propagation - Time: 5.4755s, Mem: -4.11 GB
[Step 3] PGD Update - Time: 0.0022s, Mem: -2.75 MB

[Step 3] 完整步骤总时间: 7.763723s | 总显存: 0.00 B
[Step 3] 峰值显存: 16.97 GB

[Step 4] ============ 详细性能分析 ============
[模型部分] 总时间: 2.292701s | 显存: 4.11 GB

[0-9秒 PDE求解详细性能]

[19秒 PDE求解]
  t=19s - 时间: 2.273410s | 显存: 0.00 B

[PDE求解部分] 总时间: 2.273410s | 显存: 0.00 B

[本步骤总计] 时间: 4.566110s | 显存: 4.11 GB
surrogate_loss (vs forward.true_19):  104190.3203125
[Step 4] Backward Propagation - Time: 5.3783s, Mem: -4.11 GB
[Step 4] PGD Update - Time: 0.0019s, Mem: -2.75 MB

[Step 4] 完整步骤总时间: 7.673871s | 总显存: 0.00 B
[Step 4] 峰值显存: 16.97 GB

[Step 5] ============ 详细性能分析 ============
[模型部分] 总时间: 2.272236s | 显存: 4.12 GB

[0-9秒 PDE求解详细性能]

[19秒 PDE求解]
  t=19s - 时间: 2.252675s | 显存: 0.00 B

[PDE求解部分] 总时间: 2.252675s | 显存: 0.00 B

[本步骤总计] 时间: 4.524911s | 显存: 4.12 GB
surrogate_loss (vs forward.true_19):  284383.1875
[Step 5] Backward Propagation - Time: 5.3917s, Mem: -4.11 GB
[Step 5] PGD Update - Time: 0.0022s, Mem: -2.75 MB

[Step 5] 完整步骤总时间: 7.667161s | 总显存: 0.00 B
[Step 5] 峰值显存: 16.97 GB

[Step 6] ============ 详细性能分析 ============
[模型部分] 总时间: 2.279782s | 显存: 4.11 GB

[0-9秒 PDE求解详细性能]

[19秒 PDE求解]
  t=19s - 时间: 2.260335s | 显存: 0.00 B

[PDE求解部分] 总时间: 2.260335s | 显存: 0.00 B

[本步骤总计] 时间: 4.540117s | 显存: 4.11 GB
surrogate_loss (vs forward.true_19):  406857.75
[Step 6] Backward Propagation - Time: 5.3687s, Mem: -4.11 GB
[Step 6] PGD Update - Time: 0.0032s, Mem: -2.75 MB

[Step 6] 完整步骤总时间: 7.652738s | 总显存: 0.00 B
[Step 6] 峰值显存: 16.97 GB

[Step 7] ============ 详细性能分析 ============
[模型部分] 总时间: 2.260334s | 显存: 4.12 GB

[0-9秒 PDE求解详细性能]

[19秒 PDE求解]
  t=19s - 时间: 2.241063s | 显存: 0.00 B

[PDE求解部分] 总时间: 2.241063s | 显存: 0.00 B

[本步骤总计] 时间: 4.501397s | 显存: 4.12 GB
surrogate_loss (vs forward.true_19):  563765.5
[Step 7] Backward Propagation - Time: 5.3603s, Mem: -4.11 GB
[Step 7] PGD Update - Time: 0.0035s, Mem: -2.75 MB

[Step 7] 完整步骤总时间: 7.625284s | 总显存: 0.00 B
[Step 7] 峰值显存: 16.97 GB

[Step 8] ============ 详细性能分析 ============
[模型部分] 总时间: 2.281854s | 显存: 4.11 GB

[0-9秒 PDE求解详细性能]

[19秒 PDE求解]
  t=19s - 时间: 2.262560s | 显存: 0.00 B

[PDE求解部分] 总时间: 2.262560s | 显存: 0.00 B

[本步骤总计] 时间: 4.544414s | 显存: 4.11 GB
surrogate_loss (vs forward.true_19):  504393.5625
[Step 8] Backward Propagation - Time: 5.4501s, Mem: -4.11 GB
[Step 8] PGD Update - Time: 0.0025s, Mem: -2.75 MB

[Step 8] 完整步骤总时间: 7.735441s | 总显存: 0.00 B
[Step 8] 峰值显存: 16.97 GB

[Step 9] ============ 详细性能分析 ============
[模型部分] 总时间: 2.282704s | 显存: 4.12 GB

[0-9秒 PDE求解详细性能]

[19秒 PDE求解]
  t=19s - 时间: 2.263376s | 显存: 0.00 B

[PDE求解部分] 总时间: 2.263376s | 显存: 0.00 B

[本步骤总计] 时间: 4.546080s | 显存: 4.12 GB
surrogate_loss (vs forward.true_19):  524909.75
[Step 9] Backward Propagation - Time: 5.3985s, Mem: -4.11 GB
[Step 9] PGD Update - Time: 0.0026s, Mem: -2.75 MB

[Step 9] 完整步骤总时间: 7.684681s | 总显存: 0.00 B
[Step 9] 峰值显存: 16.97 GB

[Step 10] ============ 详细性能分析 ============
[模型部分] 总时间: 2.298600s | 显存: 4.11 GB

[0-9秒 PDE求解详细性能]

[19秒 PDE求解]
  t=19s - 时间: 2.279403s | 显存: 0.00 B

[PDE求解部分] 总时间: 2.279403s | 显存: 0.00 B

[本步骤总计] 时间: 4.578003s | 显存: 4.11 GB
surrogate_loss (vs forward.true_19):  597027.75
[Step 10] Backward Propagation - Time: 5.4259s, Mem: -4.11 GB
[Step 10] PGD Update - Time: 0.0023s, Mem: -2.75 MB

[Step 10] 完整步骤总时间: 7.727908s | 总显存: 0.00 B
[Step 10] 峰值显存: 16.97 GB

[Step 11] ============ 详细性能分析 ============
[模型部分] 总时间: 2.269376s | 显存: 4.12 GB

[0-9秒 PDE求解详细性能]

[19秒 PDE求解]
  t=19s - 时间: 2.250151s | 显存: 0.00 B

[PDE求解部分] 总时间: 2.250151s | 显存: 0.00 B

[本步骤总计] 时间: 4.519527s | 显存: 4.12 GB
surrogate_loss (vs forward.true_19):  748047.0
[Step 11] Backward Propagation - Time: 5.3745s, Mem: -4.11 GB
[Step 11] PGD Update - Time: 0.0024s, Mem: -2.75 MB

[Step 11] 完整步骤总时间: 7.647233s | 总显存: 0.00 B
[Step 11] 峰值显存: 16.97 GB

[Step 12] ============ 详细性能分析 ============
[模型部分] 总时间: 2.244265s | 显存: 4.11 GB

[0-9秒 PDE求解详细性能]

[19秒 PDE求解]
  t=19s - 时间: 2.224586s | 显存: 0.00 B

[PDE求解部分] 总时间: 2.224586s | 显存: 0.00 B

[本步骤总计] 时间: 4.468851s | 显存: 4.11 GB
surrogate_loss (vs forward.true_19):  672693.9375
[Step 12] Backward Propagation - Time: 5.4188s, Mem: -4.11 GB
[Step 12] PGD Update - Time: 0.0026s, Mem: -2.75 MB

[Step 12] 完整步骤总时间: 7.666600s | 总显存: 0.00 B
[Step 12] 峰值显存: 16.97 GB

[Step 13] ============ 详细性能分析 ============
[模型部分] 总时间: 2.266092s | 显存: 4.12 GB

[0-9秒 PDE求解详细性能]

[19秒 PDE求解]
  t=19s - 时间: 2.246808s | 显存: 0.00 B

[PDE求解部分] 总时间: 2.246808s | 显存: 0.00 B

[本步骤总计] 时间: 4.512901s | 显存: 4.12 GB
surrogate_loss (vs forward.true_19):  599803.0625
[Step 13] Backward Propagation - Time: 5.4635s, Mem: -4.11 GB
[Step 13] PGD Update - Time: 0.0027s, Mem: -2.75 MB

[Step 13] 完整步骤总时间: 7.733397s | 总显存: 0.00 B
[Step 13] 峰值显存: 16.97 GB

[Step 14] ============ 详细性能分析 ============
[模型部分] 总时间: 2.270484s | 显存: 4.11 GB

[0-9秒 PDE求解详细性能]

[19秒 PDE求解]
  t=19s - 时间: 2.251138s | 显存: 0.00 B

[PDE求解部分] 总时间: 2.251138s | 显存: 0.00 B

[本步骤总计] 时间: 4.521621s | 显存: 4.11 GB
surrogate_loss (vs forward.true_19):  500333.34375
[Step 14] Backward Propagation - Time: 5.4056s, Mem: -4.11 GB
[Step 14] PGD Update - Time: 0.0033s, Mem: -2.75 MB

[Step 14] 完整步骤总时间: 7.680603s | 总显存: 0.00 B
[Step 14] 峰值显存: 16.97 GB

[Step 15] ============ 详细性能分析 ============
[模型部分] 总时间: 2.255965s | 显存: 4.12 GB

[0-9秒 PDE求解详细性能]

[19秒 PDE求解]
  t=19s - 时间: 2.236674s | 显存: 0.00 B

[PDE求解部分] 总时间: 2.236674s | 显存: 0.00 B

[本步骤总计] 时间: 4.492638s | 显存: 4.12 GB
surrogate_loss (vs forward.true_19):  611143.375
[Step 15] Backward Propagation - Time: 5.3931s, Mem: -4.11 GB
[Step 15] PGD Update - Time: 0.0027s, Mem: -2.75 MB

[Step 15] 完整步骤总时间: 7.652770s | 总显存: 0.00 B
[Step 15] 峰值显存: 16.97 GB

[Step 16] ============ 详细性能分析 ============
[模型部分] 总时间: 2.258026s | 显存: 4.11 GB

[0-9秒 PDE求解详细性能]

[19秒 PDE求解]
  t=19s - 时间: 2.238768s | 显存: 0.00 B

[PDE求解部分] 总时间: 2.238768s | 显存: 0.00 B

[本步骤总计] 时间: 4.496794s | 显存: 4.11 GB
surrogate_loss (vs forward.true_19):  524861.625
[Step 16] Backward Propagation - Time: 5.4423s, Mem: -4.11 GB
[Step 16] PGD Update - Time: 0.0027s, Mem: -2.75 MB

[Step 16] 完整步骤总时间: 7.703918s | 总显存: 0.00 B
[Step 16] 峰值显存: 16.97 GB

[Step 17] ============ 详细性能分析 ============
[模型部分] 总时间: 2.263396s | 显存: 4.12 GB

[0-9秒 PDE求解详细性能]

[19秒 PDE求解]
  t=19s - 时间: 2.244172s | 显存: 0.00 B

[PDE求解部分] 总时间: 2.244172s | 显存: 0.00 B

[本步骤总计] 时间: 4.507568s | 显存: 4.12 GB
surrogate_loss (vs forward.true_19):  355852.34375
[Step 17] Backward Propagation - Time: 5.3901s, Mem: -4.11 GB
[Step 17] PGD Update - Time: 0.0026s, Mem: -2.75 MB

[Step 17] 完整步骤总时间: 7.657082s | 总显存: 0.00 B
[Step 17] 峰值显存: 16.97 GB

[Step 18] ============ 详细性能分析 ============
[模型部分] 总时间: 2.263590s | 显存: 4.11 GB

[0-9秒 PDE求解详细性能]

[19秒 PDE求解]
  t=19s - 时间: 2.244326s | 显存: 0.00 B

[PDE求解部分] 总时间: 2.244326s | 显存: 0.00 B

[本步骤总计] 时间: 4.507916s | 显存: 4.11 GB
surrogate_loss (vs forward.true_19):  472029.125
[Step 18] Backward Propagation - Time: 5.3488s, Mem: -4.11 GB
[Step 18] PGD Update - Time: 0.0026s, Mem: -2.75 MB

[Step 18] 完整步骤总时间: 7.615919s | 总显存: 0.00 B
[Step 18] 峰值显存: 16.97 GB

[Step 19] ============ 详细性能分析 ============
[模型部分] 总时间: 2.261135s | 显存: 4.12 GB

[0-9秒 PDE求解详细性能]

[19秒 PDE求解]
  t=19s - 时间: 2.241524s | 显存: 0.00 B

[PDE求解部分] 总时间: 2.241524s | 显存: 0.00 B

[本步骤总计] 时间: 4.502659s | 显存: 4.12 GB
surrogate_loss (vs forward.true_19):  411128.0625
[Step 19] Backward Propagation - Time: 5.4585s, Mem: -4.11 GB
[Step 19] PGD Update - Time: 0.0027s, Mem: -2.75 MB

[Step 19] 完整步骤总时间: 7.723342s | 总显存: 0.00 B
[Step 19] 峰值显存: 16.97 GB

[Step 20] ============ 详细性能分析 ============
[模型部分] 总时间: 2.267469s | 显存: 4.11 GB

[0-9秒 PDE求解详细性能]

[19秒 PDE求解]
  t=19s - 时间: 2.248129s | 显存: 0.00 B

[PDE求解部分] 总时间: 2.248129s | 显存: 0.00 B

[本步骤总计] 时间: 4.515598s | 显存: 4.11 GB
surrogate_loss (vs forward.true_19):  229831.125
[Step 20] Backward Propagation - Time: 5.4049s, Mem: -4.11 GB
[Step 20] PGD Update - Time: 0.0027s, Mem: -2.75 MB

[Step 20] 完整步骤总时间: 7.675993s | 总显存: 0.00 B
[Step 20] 峰值显存: 16.97 GB

[Step 21] ============ 详细性能分析 ============
[模型部分] 总时间: 2.275773s | 显存: 4.12 GB

[0-9秒 PDE求解详细性能]

[19秒 PDE求解]
  t=19s - 时间: 2.256562s | 显存: 0.00 B

[PDE求解部分] 总时间: 2.256562s | 显存: 0.00 B

[本步骤总计] 时间: 4.532334s | 显存: 4.12 GB
surrogate_loss (vs forward.true_19):  421444.625
[Step 21] Backward Propagation - Time: 5.3910s, Mem: -4.11 GB
[Step 21] PGD Update - Time: 0.0043s, Mem: -2.75 MB

[Step 21] 完整步骤总时间: 7.672535s | 总显存: 0.00 B
[Step 21] 峰值显存: 16.97 GB

[Step 22] ============ 详细性能分析 ============
[模型部分] 总时间: 2.317951s | 显存: 4.11 GB

[0-9秒 PDE求解详细性能]

[19秒 PDE求解]
  t=19s - 时间: 2.298640s | 显存: 0.00 B

[PDE求解部分] 总时间: 2.298640s | 显存: 0.00 B

[本步骤总计] 时间: 4.616591s | 显存: 4.11 GB
surrogate_loss (vs forward.true_19):  503824.125
[Step 22] Backward Propagation - Time: 5.4161s, Mem: -4.11 GB
[Step 22] PGD Update - Time: 0.0029s, Mem: -2.75 MB

[Step 22] 完整步骤总时间: 7.738073s | 总显存: 0.00 B
[Step 22] 峰值显存: 16.97 GB

[Step 23] ============ 详细性能分析 ============
[模型部分] 总时间: 2.300299s | 显存: 4.12 GB

[0-9秒 PDE求解详细性能]

[19秒 PDE求解]
  t=19s - 时间: 2.281021s | 显存: 0.00 B

[PDE求解部分] 总时间: 2.281021s | 显存: 0.00 B

[本步骤总计] 时间: 4.581320s | 显存: 4.12 GB
surrogate_loss (vs forward.true_19):  390247.375
[Step 23] Backward Propagation - Time: 5.3837s, Mem: -4.11 GB
[Step 23] PGD Update - Time: 0.0026s, Mem: -2.75 MB

[Step 23] 完整步骤总时间: 7.687602s | 总显存: 0.00 B
[Step 23] 峰值显存: 16.97 GB

[Step 24] ============ 详细性能分析 ============
[模型部分] 总时间: 2.281060s | 显存: 4.11 GB

[0-9秒 PDE求解详细性能]

[19秒 PDE求解]
  t=19s - 时间: 2.261814s | 显存: 0.00 B

[PDE求解部分] 总时间: 2.261814s | 显存: 0.00 B

[本步骤总计] 时间: 4.542874s | 显存: 4.11 GB
surrogate_loss (vs forward.true_19):  419642.1875
[Step 24] Backward Propagation - Time: 5.3524s, Mem: -4.11 GB
[Step 24] PGD Update - Time: 0.0026s, Mem: -2.75 MB

[Step 24] 完整步骤总时间: 7.637002s | 总显存: 0.00 B
[Step 24] 峰值显存: 16.97 GB

[Step 25] ============ 详细性能分析 ============
[模型部分] 总时间: 2.303148s | 显存: 4.12 GB

[0-9秒 PDE求解详细性能]

[19秒 PDE求解]
  t=19s - 时间: 2.283946s | 显存: 0.00 B

[PDE求解部分] 总时间: 2.283946s | 显存: 0.00 B

[本步骤总计] 时间: 4.587094s | 显存: 4.12 GB
surrogate_loss (vs forward.true_19):  299079.21875
[Step 25] Backward Propagation - Time: 5.4066s, Mem: -4.11 GB
[Step 25] PGD Update - Time: 0.0026s, Mem: -2.75 MB

[Step 25] 完整步骤总时间: 7.713297s | 总显存: 0.00 B
[Step 25] 峰值显存: 16.97 GB

[Step 26] ============ 详细性能分析 ============
[模型部分] 总时间: 2.276264s | 显存: 4.11 GB

[0-9秒 PDE求解详细性能]

[19秒 PDE求解]
  t=19s - 时间: 2.256723s | 显存: 0.00 B

[PDE求解部分] 总时间: 2.256723s | 显存: 0.00 B

[本步骤总计] 时间: 4.532987s | 显存: 4.11 GB
surrogate_loss (vs forward.true_19):  204122.328125
[Step 26] Backward Propagation - Time: 5.4437s, Mem: -4.11 GB
[Step 26] PGD Update - Time: 0.0028s, Mem: -2.75 MB

[Step 26] 完整步骤总时间: 7.723701s | 总显存: 0.00 B
[Step 26] 峰值显存: 16.97 GB

[Step 27] ============ 详细性能分析 ============
[模型部分] 总时间: 2.281915s | 显存: 4.12 GB

[0-9秒 PDE求解详细性能]

[19秒 PDE求解]
  t=19s - 时间: 2.262496s | 显存: 0.00 B

[PDE求解部分] 总时间: 2.262496s | 显存: 0.00 B

[本步骤总计] 时间: 4.544411s | 显存: 4.12 GB
surrogate_loss (vs forward.true_19):  233170.8125
[Step 27] Backward Propagation - Time: 5.3498s, Mem: -4.11 GB
[Step 27] PGD Update - Time: 0.0026s, Mem: -2.75 MB

[Step 27] 完整步骤总时间: 7.635242s | 总显存: 0.00 B
[Step 27] 峰值显存: 16.97 GB

[Step 28] ============ 详细性能分析 ============
[模型部分] 总时间: 2.286772s | 显存: 4.11 GB

[0-9秒 PDE求解详细性能]

[19秒 PDE求解]
  t=19s - 时间: 2.267495s | 显存: 0.00 B

[PDE求解部分] 总时间: 2.267495s | 显存: 0.00 B

[本步骤总计] 时间: 4.554267s | 显存: 4.11 GB
surrogate_loss (vs forward.true_19):  218723.25
[Step 28] Backward Propagation - Time: 5.4505s, Mem: -4.11 GB
[Step 28] PGD Update - Time: 0.0043s, Mem: -2.75 MB

[Step 28] 完整步骤总时间: 7.743023s | 总显存: 0.00 B
[Step 28] 峰值显存: 16.97 GB

[Step 29] ============ 详细性能分析 ============
[模型部分] 总时间: 2.290239s | 显存: 4.12 GB

[0-9秒 PDE求解详细性能]

[19秒 PDE求解]
  t=19s - 时间: 2.270986s | 显存: 0.00 B

[PDE求解部分] 总时间: 2.270986s | 显存: 0.00 B

[本步骤总计] 时间: 4.561225s | 显存: 4.12 GB
surrogate_loss (vs forward.true_19):  309241.9375
[Step 29] Backward Propagation - Time: 5.3692s, Mem: -4.11 GB
[Step 29] PGD Update - Time: 0.0030s, Mem: -2.75 MB

[Step 29] 完整步骤总时间: 7.663378s | 总显存: 0.00 B
[Step 29] 峰值显存: 16.97 GB

[Step 30] ============ 详细性能分析 ============
[模型部分] 总时间: 2.263062s | 显存: 4.11 GB

[0-9秒 PDE求解详细性能]

[19秒 PDE求解]
  t=19s - 时间: 2.243807s | 显存: 0.00 B

[PDE求解部分] 总时间: 2.243807s | 显存: 0.00 B

[本步骤总计] 时间: 4.506869s | 显存: 4.11 GB
surrogate_loss (vs forward.true_19):  208922.78125
[Step 30] Backward Propagation - Time: 5.3946s, Mem: -4.11 GB
[Step 30] PGD Update - Time: 0.0026s, Mem: -2.75 MB

[Step 30] 完整步骤总时间: 7.661141s | 总显存: 0.00 B
[Step 30] 峰值显存: 16.97 GB

[Step 31] ============ 详细性能分析 ============
[模型部分] 总时间: 2.263412s | 显存: 4.12 GB

[0-9秒 PDE求解详细性能]

[19秒 PDE求解]
  t=19s - 时间: 2.244162s | 显存: 0.00 B

[PDE求解部分] 总时间: 2.244162s | 显存: 0.00 B

[本步骤总计] 时间: 4.507575s | 显存: 4.12 GB
surrogate_loss (vs forward.true_19):  315317.5
[Step 31] Backward Propagation - Time: 5.3634s, Mem: -4.11 GB
[Step 31] PGD Update - Time: 0.0025s, Mem: -2.75 MB

[Step 31] 完整步骤总时间: 7.630261s | 总显存: 0.00 B
[Step 31] 峰值显存: 16.97 GB

[Step 32] ============ 详细性能分析 ============
[模型部分] 总时间: 2.258750s | 显存: 4.11 GB

[0-9秒 PDE求解详细性能]

[19秒 PDE求解]
  t=19s - 时间: 2.239521s | 显存: 0.00 B

[PDE求解部分] 总时间: 2.239521s | 显存: 0.00 B

[本步骤总计] 时间: 4.498271s | 显存: 4.11 GB
surrogate_loss (vs forward.true_19):  295631.5625
[Step 32] Backward Propagation - Time: 5.4776s, Mem: -4.11 GB
[Step 32] PGD Update - Time: 0.0026s, Mem: -2.75 MB

[Step 32] 完整步骤总时间: 7.740041s | 总显存: 0.00 B
[Step 32] 峰值显存: 16.97 GB

[Step 33] ============ 详细性能分析 ============
[模型部分] 总时间: 2.248334s | 显存: 4.12 GB

[0-9秒 PDE求解详细性能]

[19秒 PDE求解]
  t=19s - 时间: 2.229091s | 显存: 0.00 B

[PDE求解部分] 总时间: 2.229091s | 显存: 0.00 B

[本步骤总计] 时间: 4.477425s | 显存: 4.12 GB
surrogate_loss (vs forward.true_19):  339460.6875
[Step 33] Backward Propagation - Time: 5.4684s, Mem: -4.11 GB
[Step 33] PGD Update - Time: 0.0028s, Mem: -2.75 MB

[Step 33] 完整步骤总时间: 7.720777s | 总显存: 0.00 B
[Step 33] 峰值显存: 16.97 GB

[Step 34] ============ 详细性能分析 ============
[模型部分] 总时间: 2.266407s | 显存: 4.11 GB

[0-9秒 PDE求解详细性能]

[19秒 PDE求解]
  t=19s - 时间: 2.246693s | 显存: 0.00 B

[PDE求解部分] 总时间: 2.246693s | 显存: 0.00 B

[本步骤总计] 时间: 4.513100s | 显存: 4.11 GB
surrogate_loss (vs forward.true_19):  417436.75
[Step 34] Backward Propagation - Time: 5.4480s, Mem: -4.11 GB
[Step 34] PGD Update - Time: 0.0026s, Mem: -2.75 MB

[Step 34] 完整步骤总时间: 7.718203s | 总显存: 0.00 B
[Step 34] 峰值显存: 16.97 GB

[Step 35] ============ 详细性能分析 ============
[模型部分] 总时间: 2.295343s | 显存: 4.12 GB

[0-9秒 PDE求解详细性能]

[19秒 PDE求解]
  t=19s - 时间: 2.276116s | 显存: 0.00 B

[PDE求解部分] 总时间: 2.276116s | 显存: 0.00 B

[本步骤总计] 时间: 4.571459s | 显存: 4.12 GB
surrogate_loss (vs forward.true_19):  439770.1875
[Step 35] Backward Propagation - Time: 5.4024s, Mem: -4.11 GB
[Step 35] PGD Update - Time: 0.0041s, Mem: -2.75 MB

[Step 35] 完整步骤总时间: 7.703158s | 总显存: 0.00 B
[Step 35] 峰值显存: 16.97 GB

[Step 36] ============ 详细性能分析 ============
[模型部分] 总时间: 2.255687s | 显存: 4.11 GB

[0-9秒 PDE求解详细性能]

[19秒 PDE求解]
  t=19s - 时间: 2.236472s | 显存: 0.00 B

[PDE求解部分] 总时间: 2.236472s | 显存: 0.00 B

[本步骤总计] 时间: 4.492159s | 显存: 4.11 GB
surrogate_loss (vs forward.true_19):  243976.4375
[Step 36] Backward Propagation - Time: 5.4243s, Mem: -4.11 GB
[Step 36] PGD Update - Time: 0.0031s, Mem: -2.75 MB

[Step 36] 完整步骤总时间: 7.684220s | 总显存: 0.00 B
[Step 36] 峰值显存: 16.97 GB

[Step 37] ============ 详细性能分析 ============
[模型部分] 总时间: 2.310607s | 显存: 4.12 GB

[0-9秒 PDE求解详细性能]

[19秒 PDE求解]
  t=19s - 时间: 2.291333s | 显存: 0.00 B

[PDE求解部分] 总时间: 2.291333s | 显存: 0.00 B

[本步骤总计] 时间: 4.601940s | 显存: 4.12 GB
surrogate_loss (vs forward.true_19):  245183.875
[Step 37] Backward Propagation - Time: 5.4705s, Mem: -4.11 GB
[Step 37] PGD Update - Time: 0.0026s, Mem: -2.75 MB

[Step 37] 完整步骤总时间: 7.784675s | 总显存: 0.00 B
[Step 37] 峰值显存: 16.97 GB

[Step 38] ============ 详细性能分析 ============
[模型部分] 总时间: 2.256851s | 显存: 4.11 GB

[0-9秒 PDE求解详细性能]

[19秒 PDE求解]
  t=19s - 时间: 2.237605s | 显存: 0.00 B

[PDE求解部分] 总时间: 2.237605s | 显存: 0.00 B

[本步骤总计] 时间: 4.494457s | 显存: 4.11 GB
surrogate_loss (vs forward.true_19):  162292.375
[Step 38] Backward Propagation - Time: 5.4274s, Mem: -4.11 GB
[Step 38] PGD Update - Time: 0.0026s, Mem: -2.75 MB

[Step 38] 完整步骤总时间: 7.687831s | 总显存: 0.00 B
[Step 38] 峰值显存: 16.97 GB

[Step 39] ============ 详细性能分析 ============
[模型部分] 总时间: 2.245472s | 显存: 4.12 GB

[0-9秒 PDE求解详细性能]

[19秒 PDE求解]
  t=19s - 时间: 2.226186s | 显存: 0.00 B

[PDE求解部分] 总时间: 2.226186s | 显存: 0.00 B

[本步骤总计] 时间: 4.471658s | 显存: 4.12 GB
surrogate_loss (vs forward.true_19):  412284.5625
[Step 39] Backward Propagation - Time: 5.3217s, Mem: -4.11 GB
[Step 39] PGD Update - Time: 0.0026s, Mem: -2.75 MB

[Step 39] 完整步骤总时间: 7.570677s | 总显存: 0.00 B
[Step 39] 峰值显存: 16.97 GB

[Step 40] ============ 详细性能分析 ============
[模型部分] 总时间: 2.248339s | 显存: 4.11 GB

[0-9秒 PDE求解详细性能]

[19秒 PDE求解]
  t=19s - 时间: 2.229106s | 显存: 0.00 B

[PDE求解部分] 总时间: 2.229106s | 显存: 0.00 B

[本步骤总计] 时间: 4.477445s | 显存: 4.11 GB
surrogate_loss (vs forward.true_19):  395723.4375
[Step 40] Backward Propagation - Time: 5.3872s, Mem: -4.11 GB
[Step 40] PGD Update - Time: 0.0027s, Mem: -2.75 MB

[Step 40] 完整步骤总时间: 7.639259s | 总显存: 0.00 B
[Step 40] 峰值显存: 16.97 GB

[Step 41] ============ 详细性能分析 ============
[模型部分] 总时间: 2.267147s | 显存: 4.12 GB

[0-9秒 PDE求解详细性能]

[19秒 PDE求解]
  t=19s - 时间: 2.247484s | 显存: 0.00 B

[PDE求解部分] 总时间: 2.247484s | 显存: 0.00 B

[本步骤总计] 时间: 4.514631s | 显存: 4.12 GB
surrogate_loss (vs forward.true_19):  411957.4375
[Step 41] Backward Propagation - Time: 5.4204s, Mem: -4.11 GB
[Step 41] PGD Update - Time: 0.0026s, Mem: -2.75 MB

[Step 41] 完整步骤总时间: 7.691063s | 总显存: 0.00 B
[Step 41] 峰值显存: 16.97 GB

[Step 42] ============ 详细性能分析 ============
[模型部分] 总时间: 2.296929s | 显存: 4.11 GB

[0-9秒 PDE求解详细性能]

[19秒 PDE求解]
  t=19s - 时间: 2.277586s | 显存: 0.00 B

[PDE求解部分] 总时间: 2.277586s | 显存: 0.00 B

[本步骤总计] 时间: 4.574515s | 显存: 4.11 GB
surrogate_loss (vs forward.true_19):  471299.84375
[Step 42] Backward Propagation - Time: 5.3277s, Mem: -4.11 GB
[Step 42] PGD Update - Time: 0.0027s, Mem: -2.75 MB

[Step 42] 完整步骤总时间: 7.628294s | 总显存: 0.00 B
[Step 42] 峰值显存: 16.97 GB

[Step 43] ============ 详细性能分析 ============
[模型部分] 总时间: 2.302890s | 显存: 4.12 GB

[0-9秒 PDE求解详细性能]

[19秒 PDE求解]
  t=19s - 时间: 2.283255s | 显存: 0.00 B

[PDE求解部分] 总时间: 2.283255s | 显存: 0.00 B

[本步骤总计] 时间: 4.586144s | 显存: 4.12 GB
surrogate_loss (vs forward.true_19):  359800.96875
[Step 43] Backward Propagation - Time: 5.4977s, Mem: -4.11 GB
[Step 43] PGD Update - Time: 0.0037s, Mem: -2.75 MB

[Step 43] 完整步骤总时间: 7.805412s | 总显存: 0.00 B
[Step 43] 峰值显存: 16.97 GB

[Step 44] ============ 详细性能分析 ============
[模型部分] 总时间: 2.240828s | 显存: 4.11 GB

[0-9秒 PDE求解详细性能]

[19秒 PDE求解]
  t=19s - 时间: 2.221523s | 显存: 0.00 B

[PDE求解部分] 总时间: 2.221523s | 显存: 0.00 B

[本步骤总计] 时间: 4.462351s | 显存: 4.11 GB
surrogate_loss (vs forward.true_19):  414674.03125
[Step 44] Backward Propagation - Time: 5.3874s, Mem: -4.11 GB
[Step 44] PGD Update - Time: 0.0027s, Mem: -2.75 MB

[Step 44] 完整步骤总时间: 7.631913s | 总显存: 0.00 B
[Step 44] 峰值显存: 16.97 GB

[Step 45] ============ 详细性能分析 ============
[模型部分] 总时间: 2.286755s | 显存: 4.12 GB

[0-9秒 PDE求解详细性能]

[19秒 PDE求解]
  t=19s - 时间: 2.267465s | 显存: 0.00 B

[PDE求解部分] 总时间: 2.267465s | 显存: 0.00 B

[本步骤总计] 时间: 4.554220s | 显存: 4.12 GB
surrogate_loss (vs forward.true_19):  241038.71875
[Step 45] Backward Propagation - Time: 5.4665s, Mem: -4.11 GB
[Step 45] PGD Update - Time: 0.0025s, Mem: -2.75 MB

[Step 45] 完整步骤总时间: 7.756676s | 总显存: 0.00 B
[Step 45] 峰值显存: 16.97 GB

[Step 46] ============ 详细性能分析 ============
[模型部分] 总时间: 2.271670s | 显存: 4.11 GB

[0-9秒 PDE求解详细性能]

[19秒 PDE求解]
  t=19s - 时间: 2.252384s | 显存: 0.00 B

[PDE求解部分] 总时间: 2.252384s | 显存: 0.00 B

[本步骤总计] 时间: 4.524055s | 显存: 4.11 GB
surrogate_loss (vs forward.true_19):  402411.5
[Step 46] Backward Propagation - Time: 5.4652s, Mem: -4.11 GB
[Step 46] PGD Update - Time: 0.0125s, Mem: -2.75 MB

[Step 46] 完整步骤总时间: 7.750309s | 总显存: 0.00 B
[Step 46] 峰值显存: 16.97 GB

[Step 47] ============ 详细性能分析 ============
[模型部分] 总时间: 2.308716s | 显存: 4.12 GB

[0-9秒 PDE求解详细性能]

[19秒 PDE求解]
  t=19s - 时间: 2.275431s | 显存: 0.00 B

[PDE求解部分] 总时间: 2.275431s | 显存: 0.00 B

[本步骤总计] 时间: 4.584147s | 显存: 4.12 GB
surrogate_loss (vs forward.true_19):  311856.5
[Step 47] Backward Propagation - Time: 5.4412s, Mem: -4.11 GB
[Step 47] PGD Update - Time: 0.0028s, Mem: -2.75 MB

[Step 47] 完整步骤总时间: 7.753729s | 总显存: 0.00 B
[Step 47] 峰值显存: 16.97 GB

[Step 48] ============ 详细性能分析 ============
[模型部分] 总时间: 2.266684s | 显存: 4.11 GB

[0-9秒 PDE求解详细性能]

[19秒 PDE求解]
  t=19s - 时间: 2.247021s | 显存: 0.00 B

[PDE求解部分] 总时间: 2.247021s | 显存: 0.00 B

[本步骤总计] 时间: 4.513704s | 显存: 4.11 GB
surrogate_loss (vs forward.true_19):  314324.09375
[Step 48] Backward Propagation - Time: 5.4483s, Mem: -4.11 GB
[Step 48] PGD Update - Time: 0.0026s, Mem: -2.75 MB

[Step 48] 完整步骤总时间: 7.718522s | 总显存: 0.00 B
[Step 48] 峰值显存: 16.97 GB

[Step 49] ============ 详细性能分析 ============
[模型部分] 总时间: 2.277846s | 显存: 4.12 GB

[0-9秒 PDE求解详细性能]

[19秒 PDE求解]
  t=19s - 时间: 2.258598s | 显存: 0.00 B

[PDE求解部分] 总时间: 2.258598s | 显存: 0.00 B

[本步骤总计] 时间: 4.536444s | 显存: 4.12 GB
surrogate_loss (vs forward.true_19):  296588.375
[Step 49] Backward Propagation - Time: 5.3491s, Mem: -4.11 GB
[Step 49] PGD Update - Time: 0.0026s, Mem: -2.75 MB

[Step 49] 完整步骤总时间: 7.630613s | 总显存: 0.00 B
[Step 49] 峰值显存: 16.97 GB

[Step 50] ============ 详细性能分析 ============
[模型部分] 总时间: 2.254271s | 显存: 4.11 GB

[0-9秒 PDE求解详细性能]

[19秒 PDE求解]
  t=19s - 时间: 2.235034s | 显存: 0.00 B

[PDE求解部分] 总时间: 2.235034s | 显存: 0.00 B

[本步骤总计] 时间: 4.489305s | 显存: 4.11 GB
surrogate_loss (vs forward.true_19):  494883.875
[Step 50] Backward Propagation - Time: 5.3277s, Mem: -4.11 GB
[Step 50] PGD Update - Time: 0.0042s, Mem: -2.75 MB

[Step 50] 完整步骤总时间: 7.587374s | 总显存: 0.00 B
[Step 50] 峰值显存: 16.97 GB

[Step 51] ============ 详细性能分析 ============
[模型部分] 总时间: 2.309017s | 显存: 4.12 GB

[0-9秒 PDE求解详细性能]

[19秒 PDE求解]
  t=19s - 时间: 2.289720s | 显存: 0.00 B

[PDE求解部分] 总时间: 2.289720s | 显存: 0.00 B

[本步骤总计] 时间: 4.598737s | 显存: 4.12 GB
surrogate_loss (vs forward.true_19):  362967.25
[Step 51] Backward Propagation - Time: 5.3555s, Mem: -4.11 GB
[Step 51] PGD Update - Time: 0.0029s, Mem: -2.75 MB

[Step 51] 完整步骤总时间: 7.668416s | 总显存: 0.00 B
[Step 51] 峰值显存: 16.97 GB

[Step 52] ============ 详细性能分析 ============
[模型部分] 总时间: 2.260183s | 显存: 4.11 GB

[0-9秒 PDE求解详细性能]

[19秒 PDE求解]
  t=19s - 时间: 2.240916s | 显存: 0.00 B

[PDE求解部分] 总时间: 2.240916s | 显存: 0.00 B

[本步骤总计] 时间: 4.501099s | 显存: 4.11 GB
surrogate_loss (vs forward.true_19):  353299.5625
[Step 52] Backward Propagation - Time: 5.4384s, Mem: -4.11 GB
[Step 52] PGD Update - Time: 0.0026s, Mem: -2.75 MB

[Step 52] 完整步骤总时间: 7.702126s | 总显存: 0.00 B
[Step 52] 峰值显存: 16.97 GB

[Step 53] ============ 详细性能分析 ============
[模型部分] 总时间: 2.309823s | 显存: 4.12 GB

[0-9秒 PDE求解详细性能]

[19秒 PDE求解]
  t=19s - 时间: 2.290550s | 显存: 0.00 B

[PDE求解部分] 总时间: 2.290550s | 显存: 0.00 B

[本步骤总计] 时间: 4.600373s | 显存: 4.12 GB
surrogate_loss (vs forward.true_19):  220094.8125
[Step 53] Backward Propagation - Time: 5.4500s, Mem: -4.11 GB
[Step 53] PGD Update - Time: 0.0025s, Mem: -2.75 MB

[Step 53] 完整步骤总时间: 7.763195s | 总显存: 0.00 B
[Step 53] 峰值显存: 16.97 GB

[Step 54] ============ 详细性能分析 ============
[模型部分] 总时间: 2.279013s | 显存: 4.11 GB

[0-9秒 PDE求解详细性能]

[19秒 PDE求解]
  t=19s - 时间: 2.259771s | 显存: 0.00 B

[PDE求解部分] 总时间: 2.259771s | 显存: 0.00 B

[本步骤总计] 时间: 4.538783s | 显存: 4.11 GB
surrogate_loss (vs forward.true_19):  359107.625
[Step 54] Backward Propagation - Time: 5.4154s, Mem: -4.11 GB
[Step 54] PGD Update - Time: 0.0027s, Mem: -2.75 MB

[Step 54] 完整步骤总时间: 7.697960s | 总显存: 0.00 B
[Step 54] 峰值显存: 16.97 GB

[Step 55] ============ 详细性能分析 ============
[模型部分] 总时间: 2.287805s | 显存: 4.12 GB

[0-9秒 PDE求解详细性能]

[19秒 PDE求解]
  t=19s - 时间: 2.268269s | 显存: 0.00 B

[PDE求解部分] 总时间: 2.268269s | 显存: 0.00 B

[本步骤总计] 时间: 4.556073s | 显存: 4.12 GB
surrogate_loss (vs forward.true_19):  399558.0
[Step 55] Backward Propagation - Time: 5.3898s, Mem: -4.11 GB
[Step 55] PGD Update - Time: 0.0028s, Mem: -2.75 MB

[Step 55] 完整步骤总时间: 7.681451s | 总显存: 0.00 B
[Step 55] 峰值显存: 16.97 GB

[Step 56] ============ 详细性能分析 ============
[模型部分] 总时间: 2.280289s | 显存: 4.11 GB

[0-9秒 PDE求解详细性能]

[19秒 PDE求解]
  t=19s - 时间: 2.260839s | 显存: 0.00 B

[PDE求解部分] 总时间: 2.260839s | 显存: 0.00 B

[本步骤总计] 时间: 4.541128s | 显存: 4.11 GB
surrogate_loss (vs forward.true_19):  599863.0
[Step 56] Backward Propagation - Time: 5.3878s, Mem: -4.11 GB
[Step 56] PGD Update - Time: 0.0026s, Mem: -2.75 MB

[Step 56] 完整步骤总时间: 7.671567s | 总显存: 0.00 B
[Step 56] 峰值显存: 16.97 GB

[Step 57] ============ 详细性能分析 ============
[模型部分] 总时间: 2.299643s | 显存: 4.12 GB

[0-9秒 PDE求解详细性能]

[19秒 PDE求解]
  t=19s - 时间: 2.280367s | 显存: 0.00 B

[PDE求解部分] 总时间: 2.280367s | 显存: 0.00 B

[本步骤总计] 时间: 4.580010s | 显存: 4.12 GB
surrogate_loss (vs forward.true_19):  489355.78125
[Step 57] Backward Propagation - Time: 5.3813s, Mem: -4.11 GB
[Step 57] PGD Update - Time: 0.0041s, Mem: -2.75 MB

[Step 57] 完整步骤总时间: 7.686274s | 总显存: 0.00 B
[Step 57] 峰值显存: 16.97 GB

[Step 58] ============ 详细性能分析 ============
[模型部分] 总时间: 2.291732s | 显存: 4.11 GB

[0-9秒 PDE求解详细性能]

[19秒 PDE求解]
  t=19s - 时间: 2.272493s | 显存: 0.00 B

[PDE求解部分] 总时间: 2.272493s | 显存: 0.00 B

[本步骤总计] 时间: 4.564225s | 显存: 4.11 GB
surrogate_loss (vs forward.true_19):  451363.8125
[Step 58] Backward Propagation - Time: 5.3990s, Mem: -4.11 GB
[Step 58] PGD Update - Time: 0.0031s, Mem: -2.75 MB

[Step 58] 完整步骤总时间: 7.694864s | 总显存: 0.00 B
[Step 58] 峰值显存: 16.97 GB

[Step 59] ============ 详细性能分析 ============
[模型部分] 总时间: 2.285967s | 显存: 4.12 GB

[0-9秒 PDE求解详细性能]

[19秒 PDE求解]
  t=19s - 时间: 2.266723s | 显存: 0.00 B

[PDE求解部分] 总时间: 2.266723s | 显存: 0.00 B

[本步骤总计] 时间: 4.552689s | 显存: 4.12 GB
surrogate_loss (vs forward.true_19):  348436.125
[Step 59] Backward Propagation - Time: 5.4513s, Mem: -4.11 GB
[Step 59] PGD Update - Time: 0.0025s, Mem: -2.75 MB

[Step 59] 完整步骤总时间: 7.740706s | 总显存: 0.00 B
[Step 59] 峰值显存: 16.97 GB

[Step 60] ============ 详细性能分析 ============
[模型部分] 总时间: 2.278634s | 显存: 4.11 GB

[0-9秒 PDE求解详细性能]

[19秒 PDE求解]
  t=19s - 时间: 2.259361s | 显存: 0.00 B

[PDE求解部分] 总时间: 2.259361s | 显存: 0.00 B

[本步骤总计] 时间: 4.537996s | 显存: 4.11 GB
surrogate_loss (vs forward.true_19):  462719.4375
[Step 60] Backward Propagation - Time: 5.3983s, Mem: -4.11 GB
[Step 60] PGD Update - Time: 0.0026s, Mem: -2.75 MB

[Step 60] 完整步骤总时间: 7.680369s | 总显存: 0.00 B
[Step 60] 峰值显存: 16.97 GB

[Step 61] ============ 详细性能分析 ============
[模型部分] 总时间: 2.237277s | 显存: 4.12 GB

[0-9秒 PDE求解详细性能]

[19秒 PDE求解]
  t=19s - 时间: 2.217999s | 显存: 0.00 B

[PDE求解部分] 总时间: 2.217999s | 显存: 0.00 B

[本步骤总计] 时间: 4.455276s | 显存: 4.12 GB
surrogate_loss (vs forward.true_19):  258032.125
[Step 61] Backward Propagation - Time: 5.3961s, Mem: -4.11 GB
[Step 61] PGD Update - Time: 0.0026s, Mem: -2.75 MB

[Step 61] 完整步骤总时间: 7.636838s | 总显存: 0.00 B
[Step 61] 峰值显存: 16.97 GB

[Step 62] ============ 详细性能分析 ============
[模型部分] 总时间: 2.282598s | 显存: 4.11 GB

[0-9秒 PDE求解详细性能]

[19秒 PDE求解]
  t=19s - 时间: 2.262979s | 显存: 0.00 B

[PDE求解部分] 总时间: 2.262979s | 显存: 0.00 B

[本步骤总计] 时间: 4.545577s | 显存: 4.11 GB
surrogate_loss (vs forward.true_19):  266061.125
[Step 62] Backward Propagation - Time: 5.3986s, Mem: -4.11 GB
[Step 62] PGD Update - Time: 0.0029s, Mem: -2.75 MB

[Step 62] 完整步骤总时间: 7.685113s | 总显存: 0.00 B
[Step 62] 峰值显存: 16.97 GB

[Step 63] ============ 详细性能分析 ============
[模型部分] 总时间: 2.272172s | 显存: 4.12 GB

[0-9秒 PDE求解详细性能]

[19秒 PDE求解]
  t=19s - 时间: 2.252699s | 显存: 0.00 B

[PDE求解部分] 总时间: 2.252699s | 显存: 0.00 B

[本步骤总计] 时间: 4.524870s | 显存: 4.12 GB
surrogate_loss (vs forward.true_19):  218756.9375
[Step 63] Backward Propagation - Time: 5.3899s, Mem: -4.11 GB
[Step 63] PGD Update - Time: 0.0027s, Mem: -2.75 MB

[Step 63] 完整步骤总时间: 7.665631s | 总显存: 0.00 B
[Step 63] 峰值显存: 16.97 GB

[Step 64] ============ 详细性能分析 ============
[模型部分] 总时间: 2.235866s | 显存: 4.11 GB

[0-9秒 PDE求解详细性能]

[19秒 PDE求解]
  t=19s - 时间: 2.216614s | 显存: 0.00 B

[PDE求解部分] 总时间: 2.216614s | 显存: 0.00 B

[本步骤总计] 时间: 4.452480s | 显存: 4.11 GB
surrogate_loss (vs forward.true_19):  271162.84375
[Step 64] Backward Propagation - Time: 5.4035s, Mem: -4.11 GB
[Step 64] PGD Update - Time: 0.0041s, Mem: -2.75 MB

[Step 64] 完整步骤总时间: 7.644790s | 总显存: 0.00 B
[Step 64] 峰值显存: 16.97 GB

[Step 65] ============ 详细性能分析 ============
[模型部分] 总时间: 2.307281s | 显存: 4.12 GB

[0-9秒 PDE求解详细性能]

[19秒 PDE求解]
  t=19s - 时间: 2.287941s | 显存: 0.00 B

[PDE求解部分] 总时间: 2.287941s | 显存: 0.00 B

[本步骤总计] 时间: 4.595222s | 显存: 4.12 GB
surrogate_loss (vs forward.true_19):  349945.375
[Step 65] Backward Propagation - Time: 5.4689s, Mem: -4.11 GB
[Step 65] PGD Update - Time: 0.0048s, Mem: -2.75 MB

[Step 65] 完整步骤总时间: 7.782953s | 总显存: 0.00 B
[Step 65] 峰值显存: 16.97 GB

[Step 66] ============ 详细性能分析 ============
[模型部分] 总时间: 2.303260s | 显存: 4.11 GB

[0-9秒 PDE求解详细性能]

[19秒 PDE求解]
  t=19s - 时间: 2.283989s | 显存: 0.00 B

[PDE求解部分] 总时间: 2.283989s | 显存: 0.00 B

[本步骤总计] 时间: 4.587249s | 显存: 4.11 GB
surrogate_loss (vs forward.true_19):  426535.75
[Step 66] Backward Propagation - Time: 5.4331s, Mem: -4.11 GB
[Step 66] PGD Update - Time: 0.0026s, Mem: -2.75 MB

[Step 66] 完整步骤总时间: 7.739956s | 总显存: 0.00 B
[Step 66] 峰值显存: 16.97 GB

[Step 67] ============ 详细性能分析 ============
[模型部分] 总时间: 2.271038s | 显存: 4.12 GB

[0-9秒 PDE求解详细性能]

[19秒 PDE求解]
  t=19s - 时间: 2.251749s | 显存: 0.00 B

[PDE求解部分] 总时间: 2.251749s | 显存: 0.00 B

[本步骤总计] 时间: 4.522788s | 显存: 4.12 GB
surrogate_loss (vs forward.true_19):  317793.46875
[Step 67] Backward Propagation - Time: 5.4620s, Mem: -4.11 GB
[Step 67] PGD Update - Time: 0.0026s, Mem: -2.75 MB

[Step 67] 完整步骤总时间: 7.736617s | 总显存: 0.00 B
[Step 67] 峰值显存: 16.97 GB

[Step 68] ============ 详细性能分析 ============
[模型部分] 总时间: 2.279928s | 显存: 4.11 GB

[0-9秒 PDE求解详细性能]

[19秒 PDE求解]
  t=19s - 时间: 2.258027s | 显存: 0.00 B

[PDE求解部分] 总时间: 2.258027s | 显存: 0.00 B

[本步骤总计] 时间: 4.537955s | 显存: 4.11 GB
surrogate_loss (vs forward.true_19):  355956.125
[Step 68] Backward Propagation - Time: 7.3041s, Mem: -4.11 GB
[Step 68] PGD Update - Time: 2.0313s, Mem: -2.75 MB

[Step 68] 完整步骤总时间: 11.616392s | 总显存: 0.00 B
[Step 68] 峰值显存: 16.97 GB

[Step 69] ============ 详细性能分析 ============
[模型部分] 总时间: 4.928874s | 显存: 4.12 GB

[0-9秒 PDE求解详细性能]

[19秒 PDE求解]
  t=19s - 时间: 2.830952s | 显存: 0.00 B

[PDE求解部分] 总时间: 2.830952s | 显存: 0.00 B

[本步骤总计] 时间: 7.759826s | 显存: 4.12 GB
surrogate_loss (vs forward.true_19):  307282.625
[Step 69] Backward Propagation - Time: 7.3151s, Mem: -4.11 GB
[Step 69] PGD Update - Time: 0.0027s, Mem: -2.75 MB

[Step 69] 完整步骤总时间: 12.385012s | 总显存: 0.00 B
[Step 69] 峰值显存: 16.97 GB

[Step 70] ============ 详细性能分析 ============
[模型部分] 总时间: 2.282518s | 显存: 4.11 GB

[0-9秒 PDE求解详细性能]

[19秒 PDE求解]
  t=19s - 时间: 2.263141s | 显存: 0.00 B

[PDE求解部分] 总时间: 2.263141s | 显存: 0.00 B

[本步骤总计] 时间: 4.545659s | 显存: 4.11 GB
surrogate_loss (vs forward.true_19):  416995.5625
[Step 70] Backward Propagation - Time: 9.6292s, Mem: -4.11 GB
[Step 70] PGD Update - Time: 0.0041s, Mem: -2.75 MB

[Step 70] 完整步骤总时间: 11.917125s | 总显存: 0.00 B
[Step 70] 峰值显存: 16.97 GB

[Step 71] ============ 详细性能分析 ============
[模型部分] 总时间: 2.291145s | 显存: 4.12 GB

[0-9秒 PDE求解详细性能]

[19秒 PDE求解]
  t=19s - 时间: 2.271844s | 显存: 0.00 B

[PDE求解部分] 总时间: 2.271844s | 显存: 0.00 B

[本步骤总计] 时间: 4.562988s | 显存: 4.12 GB
surrogate_loss (vs forward.true_19):  367921.9375
[Step 71] Backward Propagation - Time: 5.4373s, Mem: -4.11 GB
[Step 71] PGD Update - Time: 0.0031s, Mem: -2.75 MB

[Step 71] 完整步骤总时间: 7.732683s | 总显存: 0.00 B
[Step 71] 峰值显存: 16.97 GB

[Step 72] ============ 详细性能分析 ============
[模型部分] 总时间: 2.261635s | 显存: 4.11 GB

[0-9秒 PDE求解详细性能]

[19秒 PDE求解]
  t=19s - 时间: 2.242380s | 显存: 0.00 B

[PDE求解部分] 总时间: 2.242380s | 显存: 0.00 B

[本步骤总计] 时间: 4.504015s | 显存: 4.11 GB
surrogate_loss (vs forward.true_19):  306270.3125
[Step 72] Backward Propagation - Time: 5.3925s, Mem: -4.11 GB
[Step 72] PGD Update - Time: 0.0026s, Mem: -2.75 MB

[Step 72] 完整步骤总时间: 7.657813s | 总显存: 0.00 B
[Step 72] 峰值显存: 16.97 GB

[Step 73] ============ 详细性能分析 ============
[模型部分] 总时间: 2.282979s | 显存: 4.12 GB

[0-9秒 PDE求解详细性能]

[19秒 PDE求解]
  t=19s - 时间: 2.263684s | 显存: 0.00 B

[PDE求解部分] 总时间: 2.263684s | 显存: 0.00 B

[本步骤总计] 时间: 4.546663s | 显存: 4.12 GB
surrogate_loss (vs forward.true_19):  345389.0
[Step 73] Backward Propagation - Time: 6.4314s, Mem: -4.11 GB
[Step 73] PGD Update - Time: 1.0615s, Mem: -2.75 MB

[Step 73] 完整步骤总时间: 9.845379s | 总显存: 0.00 B
[Step 73] 峰值显存: 16.97 GB

[Step 74] ============ 详细性能分析 ============
[模型部分] 总时间: 5.969835s | 显存: 4.11 GB

[0-9秒 PDE求解详细性能]

[19秒 PDE求解]
  t=19s - 时间: 3.335461s | 显存: 0.00 B

[PDE求解部分] 总时间: 3.335461s | 显存: 0.00 B

[本步骤总计] 时间: 9.305296s | 显存: 4.11 GB
surrogate_loss (vs forward.true_19):  392771.84375
[Step 74] Backward Propagation - Time: 8.4527s, Mem: -4.11 GB
[Step 74] PGD Update - Time: 0.6797s, Mem: -2.75 MB

[Step 74] 完整步骤总时间: 15.456578s | 总显存: 0.00 B
[Step 74] 峰值显存: 16.97 GB

[Step 75] ============ 详细性能分析 ============
[模型部分] 总时间: 35.946554s | 显存: 4.12 GB

[0-9秒 PDE求解详细性能]

[19秒 PDE求解]
  t=19s - 时间: 35.217704s | 显存: 0.00 B

[PDE求解部分] 总时间: 35.217704s | 显存: 0.00 B

[本步骤总计] 时间: 71.164259s | 显存: 4.12 GB
surrogate_loss (vs forward.true_19):  329000.4375
[Step 75] Backward Propagation - Time: 5.6498s, Mem: -4.11 GB
[Step 75] PGD Update - Time: 0.0027s, Mem: -2.75 MB

[Step 75] 完整步骤总时间: 41.615816s | 总显存: 0.00 B
[Step 75] 峰值显存: 16.97 GB

[Step 76] ============ 详细性能分析 ============
[模型部分] 总时间: 2.279579s | 显存: 4.11 GB

[0-9秒 PDE求解详细性能]

[19秒 PDE求解]
  t=19s - 时间: 2.259893s | 显存: 0.00 B

[PDE求解部分] 总时间: 2.259893s | 显存: 0.00 B

[本步骤总计] 时间: 4.539472s | 显存: 4.11 GB
surrogate_loss (vs forward.true_19):  267133.25
[Step 76] Backward Propagation - Time: 5.3697s, Mem: -4.11 GB
[Step 76] PGD Update - Time: 0.0027s, Mem: -2.75 MB

[Step 76] 完整步骤总时间: 7.652893s | 总显存: 0.00 B
[Step 76] 峰值显存: 16.97 GB

[Step 77] ============ 详细性能分析 ============
[模型部分] 总时间: 2.280991s | 显存: 4.12 GB

[0-9秒 PDE求解详细性能]

[19秒 PDE求解]
  t=19s - 时间: 2.261793s | 显存: 0.00 B

[PDE求解部分] 总时间: 2.261793s | 显存: 0.00 B

[本步骤总计] 时间: 4.542783s | 显存: 4.12 GB
surrogate_loss (vs forward.true_19):  274101.0
[Step 77] Backward Propagation - Time: 5.3685s, Mem: -4.11 GB
[Step 77] PGD Update - Time: 0.0026s, Mem: -2.75 MB

[Step 77] 完整步骤总时间: 7.652986s | 总显存: 0.00 B
[Step 77] 峰值显存: 16.97 GB

[Step 78] ============ 详细性能分析 ============
[模型部分] 总时间: 2.255299s | 显存: 4.11 GB

[0-9秒 PDE求解详细性能]

[19秒 PDE求解]
  t=19s - 时间: 2.235958s | 显存: 0.00 B

[PDE求解部分] 总时间: 2.235958s | 显存: 0.00 B

[本步骤总计] 时间: 4.491257s | 显存: 4.11 GB
surrogate_loss (vs forward.true_19):  296383.9375
[Step 78] Backward Propagation - Time: 5.6457s, Mem: -4.11 GB
[Step 78] PGD Update - Time: 0.0042s, Mem: -2.75 MB

[Step 78] 完整步骤总时间: 7.906672s | 总显存: 0.00 B
[Step 78] 峰值显存: 16.97 GB

[Step 79] ============ 详细性能分析 ============
[模型部分] 总时间: 2.252036s | 显存: 4.12 GB

[0-9秒 PDE求解详细性能]

[19秒 PDE求解]
  t=19s - 时间: 2.232760s | 显存: 0.00 B

[PDE求解部分] 总时间: 2.232760s | 显存: 0.00 B

[本步骤总计] 时间: 4.484796s | 显存: 4.12 GB
surrogate_loss (vs forward.true_19):  226445.125
[Step 79] Backward Propagation - Time: 5.4622s, Mem: -4.11 GB
[Step 79] PGD Update - Time: 0.0029s, Mem: -2.75 MB

[Step 79] 完整步骤总时间: 7.718181s | 总显存: 0.00 B
[Step 79] 峰值显存: 16.97 GB

[Step 80] ============ 详细性能分析 ============
[模型部分] 总时间: 2.292814s | 显存: 4.11 GB

[0-9秒 PDE求解详细性能]

[19秒 PDE求解]
  t=19s - 时间: 2.273617s | 显存: 0.00 B

[PDE求解部分] 总时间: 2.273617s | 显存: 0.00 B

[本步骤总计] 时间: 4.566431s | 显存: 4.11 GB
surrogate_loss (vs forward.true_19):  352981.5625
[Step 80] Backward Propagation - Time: 5.3540s, Mem: -4.11 GB
[Step 80] PGD Update - Time: 0.0026s, Mem: -2.75 MB

[Step 80] 完整步骤总时间: 7.650271s | 总显存: 0.00 B
[Step 80] 峰值显存: 16.97 GB

[Step 81] ============ 详细性能分析 ============
[模型部分] 总时间: 2.297125s | 显存: 4.12 GB

[0-9秒 PDE求解详细性能]

[19秒 PDE求解]
  t=19s - 时间: 2.277836s | 显存: 0.00 B

[PDE求解部分] 总时间: 2.277836s | 显存: 0.00 B

[本步骤总计] 时间: 4.574961s | 显存: 4.12 GB
surrogate_loss (vs forward.true_19):  228420.171875
[Step 81] Backward Propagation - Time: 5.4922s, Mem: -4.11 GB
[Step 81] PGD Update - Time: 0.0026s, Mem: -2.75 MB

[Step 81] 完整步骤总时间: 7.792877s | 总显存: 0.00 B
[Step 81] 峰值显存: 16.97 GB

[Step 82] ============ 详细性能分析 ============
[模型部分] 总时间: 2.295184s | 显存: 4.11 GB

[0-9秒 PDE求解详细性能]

[19秒 PDE求解]
  t=19s - 时间: 2.275957s | 显存: 0.00 B

[PDE求解部分] 总时间: 2.275957s | 显存: 0.00 B

[本步骤总计] 时间: 4.571140s | 显存: 4.11 GB
surrogate_loss (vs forward.true_19):  188526.375
[Step 82] Backward Propagation - Time: 5.4657s, Mem: -4.11 GB
[Step 82] PGD Update - Time: 0.0026s, Mem: -2.75 MB

[Step 82] 完整步骤总时间: 7.764410s | 总显存: 0.00 B
[Step 82] 峰值显存: 16.97 GB

[Step 83] ============ 详细性能分析 ============
[模型部分] 总时间: 2.291165s | 显存: 4.12 GB

[0-9秒 PDE求解详细性能]

[19秒 PDE求解]
  t=19s - 时间: 2.271946s | 显存: 0.00 B

[PDE求解部分] 总时间: 2.271946s | 显存: 0.00 B

[本步骤总计] 时间: 4.563111s | 显存: 4.12 GB
surrogate_loss (vs forward.true_19):  311099.375
[Step 83] Backward Propagation - Time: 5.3973s, Mem: -4.11 GB
[Step 83] PGD Update - Time: 0.0028s, Mem: -2.75 MB

[Step 83] 完整步骤总时间: 7.692256s | 总显存: 0.00 B
[Step 83] 峰值显存: 16.97 GB

[Step 84] ============ 详细性能分析 ============
[模型部分] 总时间: 2.314315s | 显存: 4.11 GB

[0-9秒 PDE求解详细性能]

[19秒 PDE求解]
  t=19s - 时间: 2.294605s | 显存: 0.00 B

[PDE求解部分] 总时间: 2.294605s | 显存: 0.00 B

[本步骤总计] 时间: 4.608920s | 显存: 4.11 GB
surrogate_loss (vs forward.true_19):  328547.8125
[Step 84] Backward Propagation - Time: 5.4864s, Mem: -4.11 GB
[Step 84] PGD Update - Time: 0.0026s, Mem: -2.75 MB

[Step 84] 完整步骤总时间: 7.804263s | 总显存: 0.00 B
[Step 84] 峰值显存: 16.97 GB

[Step 85] ============ 详细性能分析 ============
[模型部分] 总时间: 2.242931s | 显存: 4.12 GB

[0-9秒 PDE求解详细性能]

[19秒 PDE求解]
  t=19s - 时间: 2.223652s | 显存: 0.00 B

[PDE求解部分] 总时间: 2.223652s | 显存: 0.00 B

[本步骤总计] 时间: 4.466582s | 显存: 4.12 GB
surrogate_loss (vs forward.true_19):  291427.40625
[Step 85] Backward Propagation - Time: 5.4072s, Mem: -4.11 GB
[Step 85] PGD Update - Time: 0.0041s, Mem: -2.75 MB

[Step 85] 完整步骤总时间: 7.655538s | 总显存: 0.00 B
[Step 85] 峰值显存: 16.97 GB

[Step 86] ============ 详细性能分析 ============
[模型部分] 总时间: 2.284923s | 显存: 4.11 GB

[0-9秒 PDE求解详细性能]

[19秒 PDE求解]
  t=19s - 时间: 2.265611s | 显存: 0.00 B

[PDE求解部分] 总时间: 2.265611s | 显存: 0.00 B

[本步骤总计] 时间: 4.550534s | 显存: 4.11 GB
surrogate_loss (vs forward.true_19):  302278.5625
[Step 86] Backward Propagation - Time: 5.3850s, Mem: -4.11 GB
[Step 86] PGD Update - Time: 0.0030s, Mem: -2.75 MB

[Step 86] 完整步骤总时间: 7.673826s | 总显存: 0.00 B
[Step 86] 峰值显存: 16.97 GB

[Step 87] ============ 详细性能分析 ============
[模型部分] 总时间: 2.260599s | 显存: 4.12 GB

[0-9秒 PDE求解详细性能]

[19秒 PDE求解]
  t=19s - 时间: 2.241339s | 显存: 0.00 B

[PDE求解部分] 总时间: 2.241339s | 显存: 0.00 B

[本步骤总计] 时间: 4.501939s | 显存: 4.12 GB
surrogate_loss (vs forward.true_19):  267687.96875
[Step 87] Backward Propagation - Time: 5.4123s, Mem: -4.11 GB
[Step 87] PGD Update - Time: 0.0026s, Mem: -2.75 MB

[Step 87] 完整步骤总时间: 7.676378s | 总显存: 0.00 B
[Step 87] 峰值显存: 16.97 GB

[Step 88] ============ 详细性能分析 ============
[模型部分] 总时间: 2.272901s | 显存: 4.11 GB

[0-9秒 PDE求解详细性能]

[19秒 PDE求解]
  t=19s - 时间: 2.253621s | 显存: 0.00 B

[PDE求解部分] 总时间: 2.253621s | 显存: 0.00 B

[本步骤总计] 时间: 4.526522s | 显存: 4.11 GB
surrogate_loss (vs forward.true_19):  220570.09375
[Step 88] Backward Propagation - Time: 5.3540s, Mem: -4.11 GB
[Step 88] PGD Update - Time: 0.0026s, Mem: -2.75 MB

[Step 88] 完整步骤总时间: 7.630429s | 总显存: 0.00 B
[Step 88] 峰值显存: 16.97 GB

[Step 89] ============ 详细性能分析 ============
[模型部分] 总时间: 2.319494s | 显存: 4.12 GB

[0-9秒 PDE求解详细性能]

[19秒 PDE求解]
  t=19s - 时间: 2.300233s | 显存: 0.00 B

[PDE求解部分] 总时间: 2.300233s | 显存: 0.00 B

[本步骤总计] 时间: 4.619727s | 显存: 4.12 GB
surrogate_loss (vs forward.true_19):  213844.109375
[Step 89] Backward Propagation - Time: 5.4795s, Mem: -4.11 GB
[Step 89] PGD Update - Time: 0.0026s, Mem: -2.75 MB

[Step 89] 完整步骤总时间: 7.802522s | 总显存: 0.00 B
[Step 89] 峰值显存: 16.97 GB

[Step 90] ============ 详细性能分析 ============
[模型部分] 总时间: 2.301871s | 显存: 4.11 GB

[0-9秒 PDE求解详细性能]

[19秒 PDE求解]
  t=19s - 时间: 2.273601s | 显存: 0.00 B

[PDE求解部分] 总时间: 2.273601s | 显存: 0.00 B

[本步骤总计] 时间: 4.575472s | 显存: 4.11 GB
surrogate_loss (vs forward.true_19):  282743.8125
[Step 90] Backward Propagation - Time: 5.4006s, Mem: -4.11 GB
[Step 90] PGD Update - Time: 0.0028s, Mem: -2.75 MB

[Step 90] 完整步骤总时间: 7.706517s | 总显存: 0.00 B
[Step 90] 峰值显存: 16.97 GB

[Step 91] ============ 详细性能分析 ============
[模型部分] 总时间: 2.269545s | 显存: 4.12 GB

[0-9秒 PDE求解详细性能]

[19秒 PDE求解]
  t=19s - 时间: 2.249865s | 显存: 0.00 B

[PDE求解部分] 总时间: 2.249865s | 显存: 0.00 B

[本步骤总计] 时间: 4.519410s | 显存: 4.12 GB
surrogate_loss (vs forward.true_19):  355067.84375
[Step 91] Backward Propagation - Time: 5.4419s, Mem: -4.11 GB
[Step 91] PGD Update - Time: 0.0026s, Mem: -2.75 MB

[Step 91] 完整步骤总时间: 7.714972s | 总显存: 0.00 B
[Step 91] 峰值显存: 16.97 GB

[Step 92] ============ 详细性能分析 ============
[模型部分] 总时间: 2.264488s | 显存: 4.11 GB

[0-9秒 PDE求解详细性能]

[19秒 PDE求解]
  t=19s - 时间: 2.245217s | 显存: 0.00 B

[PDE求解部分] 总时间: 2.245217s | 显存: 0.00 B

[本步骤总计] 时间: 4.509705s | 显存: 4.11 GB
surrogate_loss (vs forward.true_19):  168193.53125
[Step 92] Backward Propagation - Time: 5.3953s, Mem: -4.11 GB
[Step 92] PGD Update - Time: 0.0041s, Mem: -2.75 MB

[Step 92] 完整步骤总时间: 7.665175s | 总显存: 0.00 B
[Step 92] 峰值显存: 16.97 GB

[Step 93] ============ 详细性能分析 ============
[模型部分] 总时间: 2.276880s | 显存: 4.12 GB

[0-9秒 PDE求解详细性能]

[19秒 PDE求解]
  t=19s - 时间: 2.257618s | 显存: 0.00 B

[PDE求解部分] 总时间: 2.257618s | 显存: 0.00 B

[本步骤总计] 时间: 4.534498s | 显存: 4.12 GB
surrogate_loss (vs forward.true_19):  276877.28125
[Step 93] Backward Propagation - Time: 5.3506s, Mem: -4.11 GB
[Step 93] PGD Update - Time: 0.0030s, Mem: -2.75 MB

[Step 93] 完整步骤总时间: 7.631650s | 总显存: 0.00 B
[Step 93] 峰值显存: 16.97 GB

[Step 94] ============ 详细性能分析 ============
[模型部分] 总时间: 2.244628s | 显存: 4.11 GB

[0-9秒 PDE求解详细性能]

[19秒 PDE求解]
  t=19s - 时间: 2.225371s | 显存: 0.00 B

[PDE求解部分] 总时间: 2.225371s | 显存: 0.00 B

[本步骤总计] 时间: 4.469999s | 显存: 4.11 GB
surrogate_loss (vs forward.true_19):  247752.9375
[Step 94] Backward Propagation - Time: 5.3923s, Mem: -4.11 GB
[Step 94] PGD Update - Time: 0.0026s, Mem: -2.75 MB

[Step 94] 完整步骤总时间: 7.640456s | 总显存: 0.00 B
[Step 94] 峰值显存: 16.97 GB

[Step 95] ============ 详细性能分析 ============
[模型部分] 总时间: 2.276011s | 显存: 4.12 GB

[0-9秒 PDE求解详细性能]

[19秒 PDE求解]
  t=19s - 时间: 2.256729s | 显存: 0.00 B

[PDE求解部分] 总时间: 2.256729s | 显存: 0.00 B

[本步骤总计] 时间: 4.532740s | 显存: 4.12 GB
surrogate_loss (vs forward.true_19):  284882.21875
[Step 95] Backward Propagation - Time: 5.3796s, Mem: -4.11 GB
[Step 95] PGD Update - Time: 0.0026s, Mem: -2.75 MB

[Step 95] 完整步骤总时间: 7.659293s | 总显存: 0.00 B
[Step 95] 峰值显存: 16.97 GB

[Step 96] ============ 详细性能分析 ============
[模型部分] 总时间: 2.315306s | 显存: 4.11 GB

[0-9秒 PDE求解详细性能]

[19秒 PDE求解]
  t=19s - 时间: 2.296010s | 显存: 0.00 B

[PDE求解部分] 总时间: 2.296010s | 显存: 0.00 B

[本步骤总计] 时间: 4.611315s | 显存: 4.11 GB
surrogate_loss (vs forward.true_19):  440799.65625
[Step 96] Backward Propagation - Time: 5.4603s, Mem: -4.11 GB
[Step 96] PGD Update - Time: 0.0026s, Mem: -2.75 MB

[Step 96] 完整步骤总时间: 7.779179s | 总显存: 0.00 B
[Step 96] 峰值显存: 16.97 GB

[Step 97] ============ 详细性能分析 ============
[模型部分] 总时间: 2.288012s | 显存: 4.12 GB

[0-9秒 PDE求解详细性能]

[19秒 PDE求解]
  t=19s - 时间: 2.268752s | 显存: 0.00 B

[PDE求解部分] 总时间: 2.268752s | 显存: 0.00 B

[本步骤总计] 时间: 4.556764s | 显存: 4.12 GB
surrogate_loss (vs forward.true_19):  485436.40625
[Step 97] Backward Propagation - Time: 5.4099s, Mem: -4.11 GB
[Step 97] PGD Update - Time: 0.0028s, Mem: -2.75 MB

[Step 97] 完整步骤总时间: 7.701710s | 总显存: 0.00 B
[Step 97] 峰值显存: 16.97 GB

[Step 98] ============ 详细性能分析 ============
[模型部分] 总时间: 2.296161s | 显存: 4.11 GB

[0-9秒 PDE求解详细性能]

[19秒 PDE求解]
  t=19s - 时间: 2.276448s | 显存: 0.00 B

[PDE求解部分] 总时间: 2.276448s | 显存: 0.00 B

[本步骤总计] 时间: 4.572609s | 显存: 4.11 GB
surrogate_loss (vs forward.true_19):  197230.265625
[Step 98] Backward Propagation - Time: 5.4387s, Mem: -4.11 GB
[Step 98] PGD Update - Time: 0.0026s, Mem: -2.75 MB

[Step 98] 完整步骤总时间: 7.738418s | 总显存: 0.00 B
[Step 98] 峰值显存: 16.97 GB

[Step 99] ============ 详细性能分析 ============
[模型部分] 总时间: 2.283581s | 显存: 4.12 GB

[0-9秒 PDE求解详细性能]

[19秒 PDE求解]
  t=19s - 时间: 2.264326s | 显存: 0.00 B

[PDE求解部分] 总时间: 2.264326s | 显存: 0.00 B

[本步骤总计] 时间: 4.547907s | 显存: 4.12 GB
surrogate_loss (vs forward.true_19):  208080.265625
[Step 99] Backward Propagation - Time: 5.3690s, Mem: -4.11 GB
[Step 99] PGD Update - Time: 0.0027s, Mem: -2.75 MB

[Step 99] 完整步骤总时间: 7.656405s | 总显存: 0.00 B
[Step 99] 峰值显存: 16.97 GB
清理前显存占用: 13092.9970703125 MB
PGD攻击完成！显存已清理
当前显存占用: 2092.2470703125 MB
mode_spec = wwwwwwwwww
Per-frame modes: [t=01] with_solver | [t=02] with_solver | [t=03] with_solver | [t=04] with_solver | [t=05] with_solver | [t=06] with_solver | [t=07] with_solver | [t=08] with_solver | [t=09] with_solver | [t=19] with_solver
================================================================================
norm: 2, epsilon: 471.8592, alpha: 100, num_steps: 100, index: 1, method: adam, mode_spec: wwwwwwwwww, b1: 0.9, b2: 0.999, adam_eps: 1e-08, sign_Linf: True, amsgrad: False

[Step 0] ============ 详细性能分析 ============
[模型部分] 总时间: 6.007881s | 显存: 4.11 GB

[0-9秒 PDE求解详细性能]

[19秒 PDE求解]
  t=19s - 时间: 2.366167s | 显存: 0.00 B

[PDE求解部分] 总时间: 2.366167s | 显存: 0.00 B

[本步骤总计] 时间: 8.374047s | 显存: 4.11 GB
surrogate_loss (vs forward.true_19):  3644.69091796875
[Step 0] Backward Propagation - Time: 5.6132s, Mem: -4.11 GB
[Step 0] PGD Update - Time: 0.0014s, Mem: 1.75 MB

[Step 0] 完整步骤总时间: 11.623640s | 总显存: 5.25 MB
[Step 0] 峰值显存: 16.96 GB

[Step 1] ============ 详细性能分析 ============
[模型部分] 总时间: 2.299255s | 显存: 4.11 GB

[0-9秒 PDE求解详细性能]

[19秒 PDE求解]
  t=19s - 时间: 2.279677s | 显存: 0.00 B

[PDE求解部分] 总时间: 2.279677s | 显存: 0.00 B

[本步骤总计] 时间: 4.578932s | 显存: 4.11 GB
surrogate_loss (vs forward.true_19):  35755.96875
[Step 1] Backward Propagation - Time: 5.3928s, Mem: -4.11 GB
[Step 1] PGD Update - Time: 0.0021s, Mem: -3.25 MB

[Step 1] 完整步骤总时间: 7.695083s | 总显存: -512.00 KB
[Step 1] 峰值显存: 16.97 GB

[Step 2] ============ 详细性能分析 ============
[模型部分] 总时间: 2.275349s | 显存: 4.11 GB

[0-9秒 PDE求解详细性能]

[19秒 PDE求解]
  t=19s - 时间: 2.256159s | 显存: 0.00 B

[PDE求解部分] 总时间: 2.256159s | 显存: 0.00 B

[本步骤总计] 时间: 4.531508s | 显存: 4.11 GB
surrogate_loss (vs forward.true_19):  39129.03515625
[Step 2] Backward Propagation - Time: 5.3756s, Mem: -4.11 GB
[Step 2] PGD Update - Time: 0.0019s, Mem: -2.75 MB

[Step 2] 完整步骤总时间: 7.653791s | 总显存: 0.00 B
[Step 2] 峰值显存: 16.97 GB

[Step 3] ============ 详细性能分析 ============
[模型部分] 总时间: 2.253726s | 显存: 4.12 GB

[0-9秒 PDE求解详细性能]

[19秒 PDE求解]
  t=19s - 时间: 2.234452s | 显存: 0.00 B

[PDE求解部分] 总时间: 2.234452s | 显存: 0.00 B

[本步骤总计] 时间: 4.488178s | 显存: 4.12 GB
surrogate_loss (vs forward.true_19):  80788.671875
[Step 3] Backward Propagation - Time: 5.4370s, Mem: -4.11 GB
[Step 3] PGD Update - Time: 0.0023s, Mem: -2.75 MB

[Step 3] 完整步骤总时间: 7.694014s | 总显存: 0.00 B
[Step 3] 峰值显存: 16.97 GB

[Step 4] ============ 详细性能分析 ============
[模型部分] 总时间: 2.298646s | 显存: 4.11 GB

[0-9秒 PDE求解详细性能]

[19秒 PDE求解]
  t=19s - 时间: 2.278968s | 显存: 0.00 B

[PDE求解部分] 总时间: 2.278968s | 显存: 0.00 B

[本步骤总计] 时间: 4.577615s | 显存: 4.11 GB
surrogate_loss (vs forward.true_19):  123406.7265625
[Step 4] Backward Propagation - Time: 5.4727s, Mem: -4.11 GB
[Step 4] PGD Update - Time: 0.0019s, Mem: -2.75 MB

[Step 4] 完整步骤总时间: 7.774214s | 总显存: 0.00 B
[Step 4] 峰值显存: 16.97 GB

[Step 5] ============ 详细性能分析 ============
[模型部分] 总时间: 2.288203s | 显存: 4.12 GB

[0-9秒 PDE求解详细性能]

[19秒 PDE求解]
  t=19s - 时间: 2.268945s | 显存: 0.00 B

[PDE求解部分] 总时间: 2.268945s | 显存: 0.00 B

[本步骤总计] 时间: 4.557148s | 显存: 4.12 GB
surrogate_loss (vs forward.true_19):  235884.015625
[Step 5] Backward Propagation - Time: 5.4449s, Mem: -4.11 GB
[Step 5] PGD Update - Time: 0.0034s, Mem: -2.75 MB

[Step 5] 完整步骤总时间: 7.737748s | 总显存: 0.00 B
[Step 5] 峰值显存: 16.97 GB

[Step 6] ============ 详细性能分析 ============
[模型部分] 总时间: 2.272946s | 显存: 4.11 GB

[0-9秒 PDE求解详细性能]

[19秒 PDE求解]
  t=19s - 时间: 2.253539s | 显存: 0.00 B

[PDE求解部分] 总时间: 2.253539s | 显存: 0.00 B

[本步骤总计] 时间: 4.526485s | 显存: 4.11 GB
surrogate_loss (vs forward.true_19):  229351.015625
[Step 6] Backward Propagation - Time: 5.4459s, Mem: -4.11 GB
[Step 6] PGD Update - Time: 0.0026s, Mem: -2.75 MB

[Step 6] 完整步骤总时间: 7.722389s | 总显存: 0.00 B
[Step 6] 峰值显存: 16.97 GB

[Step 7] ============ 详细性能分析 ============
[模型部分] 总时间: 2.239211s | 显存: 4.12 GB

[0-9秒 PDE求解详细性能]

[19秒 PDE求解]
  t=19s - 时间: 2.219939s | 显存: 0.00 B

[PDE求解部分] 总时间: 2.219939s | 显存: 0.00 B

[本步骤总计] 时间: 4.459150s | 显存: 4.12 GB
surrogate_loss (vs forward.true_19):  186610.28125
[Step 7] Backward Propagation - Time: 5.4614s, Mem: -4.11 GB
[Step 7] PGD Update - Time: 0.0023s, Mem: -2.75 MB

[Step 7] 完整步骤总时间: 7.703901s | 总显存: 0.00 B
[Step 7] 峰值显存: 16.97 GB

[Step 8] ============ 详细性能分析 ============
[模型部分] 总时间: 2.297711s | 显存: 4.11 GB

[0-9秒 PDE求解详细性能]

[19秒 PDE求解]
  t=19s - 时间: 2.278354s | 显存: 0.00 B

[PDE求解部分] 总时间: 2.278354s | 显存: 0.00 B

[本步骤总计] 时间: 4.576065s | 显存: 4.11 GB
surrogate_loss (vs forward.true_19):  273177.0625
[Step 8] Backward Propagation - Time: 5.4245s, Mem: -4.11 GB
[Step 8] PGD Update - Time: 0.0025s, Mem: -2.75 MB

[Step 8] 完整步骤总时间: 7.725694s | 总显存: 0.00 B
[Step 8] 峰值显存: 16.97 GB

[Step 9] ============ 详细性能分析 ============
[模型部分] 总时间: 2.284334s | 显存: 4.12 GB

[0-9秒 PDE求解详细性能]

[19秒 PDE求解]
  t=19s - 时间: 2.265122s | 显存: 0.00 B

[PDE求解部分] 总时间: 2.265122s | 显存: 0.00 B

[本步骤总计] 时间: 4.549456s | 显存: 4.12 GB
surrogate_loss (vs forward.true_19):  367152.28125
[Step 9] Backward Propagation - Time: 5.4266s, Mem: -4.11 GB
[Step 9] PGD Update - Time: 0.0025s, Mem: -2.75 MB

[Step 9] 完整步骤总时间: 7.714336s | 总显存: 0.00 B
[Step 9] 峰值显存: 16.97 GB

[Step 10] ============ 详细性能分析 ============
[模型部分] 总时间: 2.264866s | 显存: 4.11 GB

[0-9秒 PDE求解详细性能]

[19秒 PDE求解]
  t=19s - 时间: 2.245635s | 显存: 0.00 B

[PDE求解部分] 总时间: 2.245635s | 显存: 0.00 B

[本步骤总计] 时间: 4.510501s | 显存: 4.11 GB
surrogate_loss (vs forward.true_19):  265291.0625
[Step 10] Backward Propagation - Time: 5.3832s, Mem: -4.11 GB
[Step 10] PGD Update - Time: 0.0028s, Mem: -2.75 MB

[Step 10] 完整步骤总时间: 7.651867s | 总显存: 0.00 B
[Step 10] 峰值显存: 16.97 GB

[Step 11] ============ 详细性能分析 ============
[模型部分] 总时间: 2.266165s | 显存: 4.12 GB

[0-9秒 PDE求解详细性能]

[19秒 PDE求解]
  t=19s - 时间: 2.246453s | 显存: 0.00 B

[PDE求解部分] 总时间: 2.246453s | 显存: 0.00 B

[本步骤总计] 时间: 4.512619s | 显存: 4.12 GB
surrogate_loss (vs forward.true_19):  418310.625
[Step 11] Backward Propagation - Time: 5.3689s, Mem: -4.11 GB
[Step 11] PGD Update - Time: 0.0026s, Mem: -2.75 MB

[Step 11] 完整步骤总时间: 7.638620s | 总显存: 0.00 B
[Step 11] 峰值显存: 16.97 GB

[Step 12] ============ 详细性能分析 ============
[模型部分] 总时间: 2.268180s | 显存: 4.11 GB

[0-9秒 PDE求解详细性能]

[19秒 PDE求解]
  t=19s - 时间: 2.248934s | 显存: 0.00 B

[PDE求解部分] 总时间: 2.248934s | 显存: 0.00 B

[本步骤总计] 时间: 4.517114s | 显存: 4.11 GB
surrogate_loss (vs forward.true_19):  360156.9375
[Step 12] Backward Propagation - Time: 5.4506s, Mem: -4.11 GB
[Step 12] PGD Update - Time: 0.0025s, Mem: -2.75 MB

[Step 12] 完整步骤总时间: 7.722219s | 总显存: 0.00 B
[Step 12] 峰值显存: 16.97 GB

[Step 13] ============ 详细性能分析 ============
[模型部分] 总时间: 2.263795s | 显存: 4.12 GB

[0-9秒 PDE求解详细性能]

[19秒 PDE求解]
  t=19s - 时间: 2.244377s | 显存: 0.00 B

[PDE求解部分] 总时间: 2.244377s | 显存: 0.00 B

[本步骤总计] 时间: 4.508172s | 显存: 4.12 GB
surrogate_loss (vs forward.true_19):  224010.21875
[Step 13] Backward Propagation - Time: 5.3898s, Mem: -4.11 GB
[Step 13] PGD Update - Time: 0.0037s, Mem: -2.75 MB

[Step 13] 完整步骤总时间: 7.658475s | 总显存: 0.00 B
[Step 13] 峰值显存: 16.97 GB

[Step 14] ============ 详细性能分析 ============
[模型部分] 总时间: 2.287209s | 显存: 4.11 GB

[0-9秒 PDE求解详细性能]

[19秒 PDE求解]
  t=19s - 时间: 2.267923s | 显存: 0.00 B

[PDE求解部分] 总时间: 2.267923s | 显存: 0.00 B

[本步骤总计] 时间: 4.555133s | 显存: 4.11 GB
surrogate_loss (vs forward.true_19):  138555.15625
[Step 14] Backward Propagation - Time: 5.3740s, Mem: -4.11 GB
[Step 14] PGD Update - Time: 0.0026s, Mem: -2.75 MB

[Step 14] 完整步骤总时间: 7.664781s | 总显存: 0.00 B
[Step 14] 峰值显存: 16.97 GB

[Step 15] ============ 详细性能分析 ============
[模型部分] 总时间: 2.257901s | 显存: 4.12 GB

[0-9秒 PDE求解详细性能]

[19秒 PDE求解]
  t=19s - 时间: 2.238667s | 显存: 0.00 B

[PDE求解部分] 总时间: 2.238667s | 显存: 0.00 B

[本步骤总计] 时间: 4.496567s | 显存: 4.12 GB
surrogate_loss (vs forward.true_19):  99310.5546875
[Step 15] Backward Propagation - Time: 5.4407s, Mem: -4.11 GB
[Step 15] PGD Update - Time: 0.0026s, Mem: -2.75 MB

[Step 15] 完整步骤总时间: 7.702047s | 总显存: 0.00 B
[Step 15] 峰值显存: 16.97 GB

[Step 16] ============ 详细性能分析 ============
[模型部分] 总时间: 2.265403s | 显存: 4.11 GB

[0-9秒 PDE求解详细性能]

[19秒 PDE求解]
  t=19s - 时间: 2.246170s | 显存: 0.00 B

[PDE求解部分] 总时间: 2.246170s | 显存: 0.00 B

[本步骤总计] 时间: 4.511573s | 显存: 4.11 GB
surrogate_loss (vs forward.true_19):  294362.84375
[Step 16] Backward Propagation - Time: 5.3318s, Mem: -4.11 GB
[Step 16] PGD Update - Time: 0.0027s, Mem: -2.75 MB

[Step 16] 完整步骤总时间: 7.600849s | 总显存: 0.00 B
[Step 16] 峰值显存: 16.97 GB

[Step 17] ============ 详细性能分析 ============
[模型部分] 总时间: 2.256544s | 显存: 4.12 GB

[0-9秒 PDE求解详细性能]

[19秒 PDE求解]
  t=19s - 时间: 2.237302s | 显存: 0.00 B

[PDE求解部分] 总时间: 2.237302s | 显存: 0.00 B

[本步骤总计] 时间: 4.493846s | 显存: 4.12 GB
surrogate_loss (vs forward.true_19):  281281.125
[Step 17] Backward Propagation - Time: 5.4521s, Mem: -4.11 GB
[Step 17] PGD Update - Time: 0.0025s, Mem: -2.75 MB

[Step 17] 完整步骤总时间: 7.712136s | 总显存: 0.00 B
[Step 17] 峰值显存: 16.97 GB

[Step 18] ============ 详细性能分析 ============
[模型部分] 总时间: 2.257588s | 显存: 4.11 GB

[0-9秒 PDE求解详细性能]

[19秒 PDE求解]
  t=19s - 时间: 2.238258s | 显存: 0.00 B

[PDE求解部分] 总时间: 2.238258s | 显存: 0.00 B

[本步骤总计] 时间: 4.495846s | 显存: 4.11 GB
surrogate_loss (vs forward.true_19):  316851.1875
[Step 18] Backward Propagation - Time: 5.3984s, Mem: -4.11 GB
[Step 18] PGD Update - Time: 0.0029s, Mem: -2.75 MB

[Step 18] 完整步骤总时间: 7.659890s | 总显存: 0.00 B
[Step 18] 峰值显存: 16.97 GB

[Step 19] ============ 详细性能分析 ============
[模型部分] 总时间: 2.305445s | 显存: 4.12 GB

[0-9秒 PDE求解详细性能]

[19秒 PDE求解]
  t=19s - 时间: 2.285789s | 显存: 0.00 B

[PDE求解部分] 总时间: 2.285789s | 显存: 0.00 B

[本步骤总计] 时间: 4.591234s | 显存: 4.12 GB
surrogate_loss (vs forward.true_19):  287070.0625
[Step 19] Backward Propagation - Time: 5.4219s, Mem: -4.11 GB
[Step 19] PGD Update - Time: 0.0026s, Mem: -2.75 MB

[Step 19] 完整步骤总时间: 7.730929s | 总显存: 0.00 B
[Step 19] 峰值显存: 16.97 GB

[Step 20] ============ 详细性能分析 ============
[模型部分] 总时间: 2.272631s | 显存: 4.11 GB

[0-9秒 PDE求解详细性能]

[19秒 PDE求解]
  t=19s - 时间: 2.253414s | 显存: 0.00 B

[PDE求解部分] 总时间: 2.253414s | 显存: 0.00 B

[本步骤总计] 时间: 4.526045s | 显存: 4.11 GB
surrogate_loss (vs forward.true_19):  115224.6875
[Step 20] Backward Propagation - Time: 5.4005s, Mem: -4.11 GB
[Step 20] PGD Update - Time: 0.0041s, Mem: -2.75 MB

[Step 20] 完整步骤总时间: 7.678461s | 总显存: 0.00 B
[Step 20] 峰值显存: 16.97 GB

[Step 21] ============ 详细性能分析 ============
[模型部分] 总时间: 2.285885s | 显存: 4.12 GB

[0-9秒 PDE求解详细性能]

[19秒 PDE求解]
  t=19s - 时间: 2.266605s | 显存: 0.00 B

[PDE求解部分] 总时间: 2.266605s | 显存: 0.00 B

[本步骤总计] 时间: 4.552489s | 显存: 4.12 GB
surrogate_loss (vs forward.true_19):  119953.0859375
[Step 21] Backward Propagation - Time: 5.4943s, Mem: -4.11 GB
[Step 21] PGD Update - Time: 0.0030s, Mem: -2.75 MB

[Step 21] 完整步骤总时间: 7.784119s | 总显存: 0.00 B
[Step 21] 峰值显存: 16.97 GB

[Step 22] ============ 详细性能分析 ============
[模型部分] 总时间: 2.289641s | 显存: 4.11 GB

[0-9秒 PDE求解详细性能]

[19秒 PDE求解]
  t=19s - 时间: 2.270331s | 显存: 0.00 B

[PDE求解部分] 总时间: 2.270331s | 显存: 0.00 B

[本步骤总计] 时间: 4.559972s | 显存: 4.11 GB
surrogate_loss (vs forward.true_19):  326423.25
[Step 22] Backward Propagation - Time: 5.3698s, Mem: -4.11 GB
[Step 22] PGD Update - Time: 0.0026s, Mem: -2.75 MB

[Step 22] 完整步骤总时间: 7.662977s | 总显存: 0.00 B
[Step 22] 峰值显存: 16.97 GB

[Step 23] ============ 详细性能分析 ============
[模型部分] 总时间: 2.278760s | 显存: 4.12 GB

[0-9秒 PDE求解详细性能]

[19秒 PDE求解]
  t=19s - 时间: 2.259512s | 显存: 0.00 B

[PDE求解部分] 总时间: 2.259512s | 显存: 0.00 B

[本步骤总计] 时间: 4.538272s | 显存: 4.12 GB
surrogate_loss (vs forward.true_19):  327493.875
[Step 23] Backward Propagation - Time: 5.4642s, Mem: -4.11 GB
[Step 23] PGD Update - Time: 0.0026s, Mem: -2.75 MB

[Step 23] 完整步骤总时间: 7.746468s | 总显存: 0.00 B
[Step 23] 峰值显存: 16.97 GB

[Step 24] ============ 详细性能分析 ============
[模型部分] 总时间: 2.251704s | 显存: 4.11 GB

[0-9秒 PDE求解详细性能]

[19秒 PDE求解]
  t=19s - 时间: 2.232456s | 显存: 0.00 B

[PDE求解部分] 总时间: 2.232456s | 显存: 0.00 B

[本步骤总计] 时间: 4.484160s | 显存: 4.11 GB
surrogate_loss (vs forward.true_19):  303348.6875
[Step 24] Backward Propagation - Time: 5.4792s, Mem: -4.11 GB
[Step 24] PGD Update - Time: 0.0026s, Mem: -2.75 MB

[Step 24] 完整步骤总时间: 7.734429s | 总显存: 0.00 B
[Step 24] 峰值显存: 16.97 GB

[Step 25] ============ 详细性能分析 ============
[模型部分] 总时间: 2.292478s | 显存: 4.12 GB

[0-9秒 PDE求解详细性能]

[19秒 PDE求解]
  t=19s - 时间: 2.273271s | 显存: 0.00 B

[PDE求解部分] 总时间: 2.273271s | 显存: 0.00 B

[本步骤总计] 时间: 4.565749s | 显存: 4.12 GB
surrogate_loss (vs forward.true_19):  217450.265625
[Step 25] Backward Propagation - Time: 5.3986s, Mem: -4.11 GB
[Step 25] PGD Update - Time: 0.0027s, Mem: -2.75 MB

[Step 25] 完整步骤总时间: 7.694769s | 总显存: 0.00 B
[Step 25] 峰值显存: 16.97 GB

[Step 26] ============ 详细性能分析 ============
[模型部分] 总时间: 2.262961s | 显存: 4.11 GB

[0-9秒 PDE求解详细性能]

[19秒 PDE求解]
  t=19s - 时间: 2.243265s | 显存: 0.00 B

[PDE求解部分] 总时间: 2.243265s | 显存: 0.00 B

[本步骤总计] 时间: 4.506226s | 显存: 4.11 GB
surrogate_loss (vs forward.true_19):  326995.46875
[Step 26] Backward Propagation - Time: 5.4471s, Mem: -4.11 GB
[Step 26] PGD Update - Time: 0.0027s, Mem: -2.75 MB

[Step 26] 完整步骤总时间: 7.713695s | 总显存: 0.00 B
[Step 26] 峰值显存: 16.97 GB

[Step 27] ============ 详细性能分析 ============
[模型部分] 总时间: 2.252023s | 显存: 4.12 GB

[0-9秒 PDE求解详细性能]

[19秒 PDE求解]
  t=19s - 时间: 2.232756s | 显存: 0.00 B

[PDE求解部分] 总时间: 2.232756s | 显存: 0.00 B

[本步骤总计] 时间: 4.484779s | 显存: 4.12 GB
surrogate_loss (vs forward.true_19):  267528.90625
[Step 27] Backward Propagation - Time: 5.3260s, Mem: -4.11 GB
[Step 27] PGD Update - Time: 0.0026s, Mem: -2.75 MB

[Step 27] 完整步骤总时间: 7.581538s | 总显存: 0.00 B
[Step 27] 峰值显存: 16.97 GB

[Step 28] ============ 详细性能分析 ============
[模型部分] 总时间: 2.292755s | 显存: 4.11 GB

[0-9秒 PDE求解详细性能]

[19秒 PDE求解]
  t=19s - 时间: 2.273446s | 显存: 0.00 B

[PDE求解部分] 总时间: 2.273446s | 显存: 0.00 B

[本步骤总计] 时间: 4.566201s | 显存: 4.11 GB
surrogate_loss (vs forward.true_19):  278453.71875
[Step 28] Backward Propagation - Time: 5.3974s, Mem: -4.11 GB
[Step 28] PGD Update - Time: 0.0041s, Mem: -2.75 MB

[Step 28] 完整步骤总时间: 7.695546s | 总显存: 0.00 B
[Step 28] 峰值显存: 16.97 GB

[Step 29] ============ 详细性能分析 ============
[模型部分] 总时间: 2.295399s | 显存: 4.12 GB

[0-9秒 PDE求解详细性能]

[19秒 PDE求解]
  t=19s - 时间: 2.276129s | 显存: 0.00 B

[PDE求解部分] 总时间: 2.276129s | 显存: 0.00 B

[本步骤总计] 时间: 4.571528s | 显存: 4.12 GB
surrogate_loss (vs forward.true_19):  397348.625
[Step 29] Backward Propagation - Time: 5.4482s, Mem: -4.11 GB
[Step 29] PGD Update - Time: 0.0030s, Mem: -2.75 MB

[Step 29] 完整步骤总时间: 7.747599s | 总显存: 0.00 B
[Step 29] 峰值显存: 16.97 GB

[Step 30] ============ 详细性能分析 ============
[模型部分] 总时间: 2.274599s | 显存: 4.11 GB

[0-9秒 PDE求解详细性能]

[19秒 PDE求解]
  t=19s - 时间: 2.255296s | 显存: 0.00 B

[PDE求解部分] 总时间: 2.255296s | 显存: 0.00 B

[本步骤总计] 时间: 4.529895s | 显存: 4.11 GB
surrogate_loss (vs forward.true_19):  426007.5
[Step 30] Backward Propagation - Time: 5.4102s, Mem: -4.11 GB
[Step 30] PGD Update - Time: 0.0026s, Mem: -2.75 MB

[Step 30] 完整步骤总时间: 7.688317s | 总显存: 0.00 B
[Step 30] 峰值显存: 16.97 GB

[Step 31] ============ 详细性能分析 ============
[模型部分] 总时间: 2.295291s | 显存: 4.12 GB

[0-9秒 PDE求解详细性能]

[19秒 PDE求解]
  t=19s - 时间: 2.276060s | 显存: 0.00 B

[PDE求解部分] 总时间: 2.276060s | 显存: 0.00 B

[本步骤总计] 时间: 4.571350s | 显存: 4.12 GB
surrogate_loss (vs forward.true_19):  304456.5
[Step 31] Backward Propagation - Time: 5.4197s, Mem: -4.11 GB
[Step 31] PGD Update - Time: 0.0026s, Mem: -2.75 MB

[Step 31] 完整步骤总时间: 7.718500s | 总显存: 0.00 B
[Step 31] 峰值显存: 16.97 GB

[Step 32] ============ 详细性能分析 ============
[模型部分] 总时间: 2.261209s | 显存: 4.11 GB

[0-9秒 PDE求解详细性能]

[19秒 PDE求解]
  t=19s - 时间: 2.242019s | 显存: 0.00 B

[PDE求解部分] 总时间: 2.242019s | 显存: 0.00 B

[本步骤总计] 时间: 4.503228s | 显存: 4.11 GB
surrogate_loss (vs forward.true_19):  138838.953125
[Step 32] Backward Propagation - Time: 5.4087s, Mem: -4.11 GB
[Step 32] PGD Update - Time: 0.0026s, Mem: -2.75 MB

[Step 32] 完整步骤总时间: 7.673435s | 总显存: 0.00 B
[Step 32] 峰值显存: 16.97 GB

[Step 33] ============ 详细性能分析 ============
[模型部分] 总时间: 2.260028s | 显存: 4.12 GB

[0-9秒 PDE求解详细性能]

[19秒 PDE求解]
  t=19s - 时间: 2.240475s | 显存: 0.00 B

[PDE求解部分] 总时间: 2.240475s | 显存: 0.00 B

[本步骤总计] 时间: 4.500503s | 显存: 4.12 GB
surrogate_loss (vs forward.true_19):  119419.3046875
[Step 33] Backward Propagation - Time: 5.3786s, Mem: -4.11 GB
[Step 33] PGD Update - Time: 0.0028s, Mem: -2.75 MB

[Step 33] 完整步骤总时间: 7.642357s | 总显存: 0.00 B
[Step 33] 峰值显存: 16.97 GB

[Step 34] ============ 详细性能分析 ============
[模型部分] 总时间: 2.291276s | 显存: 4.11 GB

[0-9秒 PDE求解详细性能]

[19秒 PDE求解]
  t=19s - 时间: 2.271871s | 显存: 0.00 B

[PDE求解部分] 总时间: 2.271871s | 显存: 0.00 B

[本步骤总计] 时间: 4.563148s | 显存: 4.11 GB
surrogate_loss (vs forward.true_19):  226343.765625
[Step 34] Backward Propagation - Time: 5.3692s, Mem: -4.11 GB
[Step 34] PGD Update - Time: 0.0025s, Mem: -2.75 MB

[Step 34] 完整步骤总时间: 7.663916s | 总显存: 0.00 B
[Step 34] 峰值显存: 16.97 GB

[Step 35] ============ 详细性能分析 ============
[模型部分] 总时间: 2.261698s | 显存: 4.12 GB

[0-9秒 PDE求解详细性能]

[19秒 PDE求解]
  t=19s - 时间: 2.242454s | 显存: 0.00 B

[PDE求解部分] 总时间: 2.242454s | 显存: 0.00 B

[本步骤总计] 时间: 4.504152s | 显存: 4.12 GB
surrogate_loss (vs forward.true_19):  235455.84375
[Step 35] Backward Propagation - Time: 5.4349s, Mem: -4.11 GB
[Step 35] PGD Update - Time: 0.0041s, Mem: -2.75 MB

[Step 35] 完整步骤总时间: 7.702125s | 总显存: 0.00 B
[Step 35] 峰值显存: 16.97 GB

[Step 36] ============ 详细性能分析 ============
[模型部分] 总时间: 2.281794s | 显存: 4.11 GB

[0-9秒 PDE求解详细性能]

[19秒 PDE求解]
  t=19s - 时间: 2.262511s | 显存: 0.00 B

[PDE求解部分] 总时间: 2.262511s | 显存: 0.00 B

[本步骤总计] 时间: 4.544305s | 显存: 4.11 GB
surrogate_loss (vs forward.true_19):  250144.71875
[Step 36] Backward Propagation - Time: 5.4278s, Mem: -4.11 GB
[Step 36] PGD Update - Time: 0.0030s, Mem: -2.75 MB

[Step 36] 完整步骤总时间: 7.713623s | 总显存: 0.00 B
[Step 36] 峰值显存: 16.97 GB

[Step 37] ============ 详细性能分析 ============
[模型部分] 总时间: 2.289212s | 显存: 4.12 GB

[0-9秒 PDE求解详细性能]

[19秒 PDE求解]
  t=19s - 时间: 2.269966s | 显存: 0.00 B

[PDE求解部分] 总时间: 2.269966s | 显存: 0.00 B

[本步骤总计] 时间: 4.559178s | 显存: 4.12 GB
surrogate_loss (vs forward.true_19):  243487.375
[Step 37] Backward Propagation - Time: 5.5305s, Mem: -4.11 GB
[Step 37] PGD Update - Time: 0.0026s, Mem: -2.75 MB

[Step 37] 完整步骤总时间: 7.823189s | 总显存: 0.00 B
[Step 37] 峰值显存: 16.97 GB

[Step 38] ============ 详细性能分析 ============
[模型部分] 总时间: 2.251750s | 显存: 4.11 GB

[0-9秒 PDE求解详细性能]

[19秒 PDE求解]
  t=19s - 时间: 2.232476s | 显存: 0.00 B

[PDE求解部分] 总时间: 2.232476s | 显存: 0.00 B

[本步骤总计] 时间: 4.484227s | 显存: 4.11 GB
surrogate_loss (vs forward.true_19):  304458.71875
[Step 38] Backward Propagation - Time: 5.4298s, Mem: -4.11 GB
[Step 38] PGD Update - Time: 0.0027s, Mem: -2.75 MB

[Step 38] 完整步骤总时间: 7.685240s | 总显存: 0.00 B
[Step 38] 峰值显存: 16.97 GB

[Step 39] ============ 详细性能分析 ============
[模型部分] 总时间: 2.270109s | 显存: 4.12 GB

[0-9秒 PDE求解详细性能]

[19秒 PDE求解]
  t=19s - 时间: 2.250564s | 显存: 0.00 B

[PDE求解部分] 总时间: 2.250564s | 显存: 0.00 B

[本步骤总计] 时间: 4.520673s | 显存: 4.12 GB
surrogate_loss (vs forward.true_19):  394191.0
[Step 39] Backward Propagation - Time: 5.4657s, Mem: -4.11 GB
[Step 39] PGD Update - Time: 0.0026s, Mem: -2.75 MB

[Step 39] 完整步骤总时间: 7.739271s | 总显存: 0.00 B
[Step 39] 峰值显存: 16.97 GB

[Step 40] ============ 详细性能分析 ============
[模型部分] 总时间: 2.291320s | 显存: 4.11 GB

[0-9秒 PDE求解详细性能]

[19秒 PDE求解]
  t=19s - 时间: 2.272128s | 显存: 0.00 B

[PDE求解部分] 总时间: 2.272128s | 显存: 0.00 B

[本步骤总计] 时间: 4.563448s | 显存: 4.11 GB
surrogate_loss (vs forward.true_19):  331073.8125
[Step 40] Backward Propagation - Time: 5.3535s, Mem: -4.11 GB
[Step 40] PGD Update - Time: 0.0042s, Mem: -2.75 MB

[Step 40] 完整步骤总时间: 7.650425s | 总显存: 0.00 B
[Step 40] 峰值显存: 16.97 GB

[Step 41] ============ 详细性能分析 ============
[模型部分] 总时间: 2.258200s | 显存: 4.12 GB

[0-9秒 PDE求解详细性能]

[19秒 PDE求解]
  t=19s - 时间: 2.238905s | 显存: 0.00 B

[PDE求解部分] 总时间: 2.238905s | 显存: 0.00 B

[本步骤总计] 时间: 4.497106s | 显存: 4.12 GB
surrogate_loss (vs forward.true_19):  172858.96875
[Step 41] Backward Propagation - Time: 5.4925s, Mem: -4.11 GB
[Step 41] PGD Update - Time: 0.0030s, Mem: -2.75 MB

[Step 41] 完整步骤总时间: 7.754619s | 总显存: 0.00 B
[Step 41] 峰值显存: 16.97 GB

[Step 42] ============ 详细性能分析 ============
[模型部分] 总时间: 2.299080s | 显存: 4.11 GB

[0-9秒 PDE求解详细性能]

[19秒 PDE求解]
  t=19s - 时间: 2.279806s | 显存: 0.00 B

[PDE求解部分] 总时间: 2.279806s | 显存: 0.00 B

[本步骤总计] 时间: 4.578886s | 显存: 4.11 GB
surrogate_loss (vs forward.true_19):  250188.09375
[Step 42] Backward Propagation - Time: 5.4604s, Mem: -4.11 GB
[Step 42] PGD Update - Time: 0.0026s, Mem: -2.75 MB

[Step 42] 完整步骤总时间: 7.763044s | 总显存: 0.00 B
[Step 42] 峰值显存: 16.97 GB

[Step 43] ============ 详细性能分析 ============
[模型部分] 总时间: 2.297746s | 显存: 4.12 GB

[0-9秒 PDE求解详细性能]

[19秒 PDE求解]
  t=19s - 时间: 2.278465s | 显存: 0.00 B

[PDE求解部分] 总时间: 2.278465s | 显存: 0.00 B

[本步骤总计] 时间: 4.576210s | 显存: 4.12 GB
surrogate_loss (vs forward.true_19):  224814.484375
[Step 43] Backward Propagation - Time: 5.4367s, Mem: -4.11 GB
[Step 43] PGD Update - Time: 0.0026s, Mem: -2.75 MB

[Step 43] 完整步骤总时间: 7.737985s | 总显存: 0.00 B
[Step 43] 峰值显存: 16.97 GB

[Step 44] ============ 详细性能分析 ============
[模型部分] 总时间: 2.270150s | 显存: 4.11 GB

[0-9秒 PDE求解详细性能]

[19秒 PDE求解]
  t=19s - 时间: 2.250853s | 显存: 0.00 B

[PDE求解部分] 总时间: 2.250853s | 显存: 0.00 B

[本步骤总计] 时间: 4.521003s | 显存: 4.11 GB
surrogate_loss (vs forward.true_19):  262005.953125
[Step 44] Backward Propagation - Time: 5.3693s, Mem: -4.11 GB
[Step 44] PGD Update - Time: 0.0027s, Mem: -2.75 MB

[Step 44] 完整步骤总时间: 7.643123s | 总显存: 0.00 B
[Step 44] 峰值显存: 16.97 GB

[Step 45] ============ 详细性能分析 ============
[模型部分] 总时间: 2.272592s | 显存: 4.12 GB

[0-9秒 PDE求解详细性能]

[19秒 PDE求解]
  t=19s - 时间: 2.253320s | 显存: 0.00 B

[PDE求解部分] 总时间: 2.253320s | 显存: 0.00 B

[本步骤总计] 时间: 4.525912s | 显存: 4.12 GB
surrogate_loss (vs forward.true_19):  398718.5
[Step 45] Backward Propagation - Time: 5.4218s, Mem: -4.11 GB
[Step 45] PGD Update - Time: 0.0027s, Mem: -2.75 MB

[Step 45] 完整步骤总时间: 7.698038s | 总显存: 0.00 B
[Step 45] 峰值显存: 16.97 GB

[Step 46] ============ 详细性能分析 ============
[模型部分] 总时间: 2.291976s | 显存: 4.11 GB

[0-9秒 PDE求解详细性能]

[19秒 PDE求解]
  t=19s - 时间: 2.272165s | 显存: 0.00 B

[PDE求解部分] 总时间: 2.272165s | 显存: 0.00 B

[本步骤总计] 时间: 4.564141s | 显存: 4.11 GB
surrogate_loss (vs forward.true_19):  272228.75
[Step 46] Backward Propagation - Time: 5.4584s, Mem: -4.11 GB
[Step 46] PGD Update - Time: 0.0026s, Mem: -2.75 MB

[Step 46] 完整步骤总时间: 7.753995s | 总显存: 0.00 B
[Step 46] 峰值显存: 16.97 GB

[Step 47] ============ 详细性能分析 ============
[模型部分] 总时间: 2.301521s | 显存: 4.12 GB

[0-9秒 PDE求解详细性能]

[19秒 PDE求解]
  t=19s - 时间: 2.282312s | 显存: 0.00 B

[PDE求解部分] 总时间: 2.282312s | 显存: 0.00 B

[本步骤总计] 时间: 4.583833s | 显存: 4.12 GB
surrogate_loss (vs forward.true_19):  201874.15625
[Step 47] Backward Propagation - Time: 5.4064s, Mem: -4.11 GB
[Step 47] PGD Update - Time: 0.0026s, Mem: -2.75 MB

[Step 47] 完整步骤总时间: 7.711565s | 总显存: 0.00 B
[Step 47] 峰值显存: 16.97 GB

[Step 48] ============ 详细性能分析 ============
[模型部分] 总时间: 2.261037s | 显存: 4.11 GB

[0-9秒 PDE求解详细性能]

[19秒 PDE求解]
  t=19s - 时间: 2.241712s | 显存: 0.00 B

[PDE求解部分] 总时间: 2.241712s | 显存: 0.00 B

[本步骤总计] 时间: 4.502749s | 显存: 4.11 GB
surrogate_loss (vs forward.true_19):  317564.9375
[Step 48] Backward Propagation - Time: 5.3644s, Mem: -4.11 GB
[Step 48] PGD Update - Time: 0.0037s, Mem: -2.75 MB

[Step 48] 完整步骤总时间: 7.630338s | 总显存: 0.00 B
[Step 48] 峰值显存: 16.97 GB

[Step 49] ============ 详细性能分析 ============
[模型部分] 总时间: 2.274196s | 显存: 4.12 GB

[0-9秒 PDE求解详细性能]

[19秒 PDE求解]
  t=19s - 时间: 2.254923s | 显存: 0.00 B

[PDE求解部分] 总时间: 2.254923s | 显存: 0.00 B

[本步骤总计] 时间: 4.529119s | 显存: 4.12 GB
surrogate_loss (vs forward.true_19):  349941.6875
[Step 49] Backward Propagation - Time: 5.3665s, Mem: -4.11 GB
[Step 49] PGD Update - Time: 0.0027s, Mem: -2.75 MB

[Step 49] 完整步骤总时间: 7.644395s | 总显存: 0.00 B
[Step 49] 峰值显存: 16.97 GB

[Step 50] ============ 详细性能分析 ============
[模型部分] 总时间: 2.242018s | 显存: 4.11 GB

[0-9秒 PDE求解详细性能]

[19秒 PDE求解]
  t=19s - 时间: 2.222735s | 显存: 0.00 B

[PDE求解部分] 总时间: 2.222735s | 显存: 0.00 B

[本步骤总计] 时间: 4.464754s | 显存: 4.11 GB
surrogate_loss (vs forward.true_19):  204423.21875
[Step 50] Backward Propagation - Time: 5.4291s, Mem: -4.11 GB
[Step 50] PGD Update - Time: 0.0026s, Mem: -2.75 MB

[Step 50] 完整步骤总时间: 7.674632s | 总显存: 0.00 B
[Step 50] 峰值显存: 16.97 GB

[Step 51] ============ 详细性能分析 ============
[模型部分] 总时间: 2.300939s | 显存: 4.12 GB

[0-9秒 PDE求解详细性能]

[19秒 PDE求解]
  t=19s - 时间: 2.281608s | 显存: 0.00 B

[PDE求解部分] 总时间: 2.281608s | 显存: 0.00 B

[本步骤总计] 时间: 4.582547s | 显存: 4.12 GB
surrogate_loss (vs forward.true_19):  733481.5
[Step 51] Backward Propagation - Time: 5.4906s, Mem: -4.11 GB
[Step 51] PGD Update - Time: 0.0025s, Mem: -2.75 MB

[Step 51] 完整步骤总时间: 7.795043s | 总显存: 0.00 B
[Step 51] 峰值显存: 16.97 GB

[Step 52] ============ 详细性能分析 ============
[模型部分] 总时间: 2.290393s | 显存: 4.11 GB

[0-9秒 PDE求解详细性能]

[19秒 PDE求解]
  t=19s - 时间: 2.271196s | 显存: 0.00 B

[PDE求解部分] 总时间: 2.271196s | 显存: 0.00 B

[本步骤总计] 时间: 4.561588s | 显存: 4.11 GB
surrogate_loss (vs forward.true_19):  470793.4375
[Step 52] Backward Propagation - Time: 5.4142s, Mem: -4.11 GB
[Step 52] PGD Update - Time: 0.0025s, Mem: -2.75 MB

[Step 52] 完整步骤总时间: 7.707976s | 总显存: 0.00 B
[Step 52] 峰值显存: 16.97 GB

[Step 53] ============ 详细性能分析 ============
[模型部分] 总时间: 2.294170s | 显存: 4.12 GB

[0-9秒 PDE求解详细性能]

[19秒 PDE求解]
  t=19s - 时间: 2.274816s | 显存: 0.00 B

[PDE求解部分] 总时间: 2.274816s | 显存: 0.00 B

[本步骤总计] 时间: 4.568986s | 显存: 4.12 GB
surrogate_loss (vs forward.true_19):  653176.75
[Step 53] Backward Propagation - Time: 5.4185s, Mem: -4.11 GB
[Step 53] PGD Update - Time: 0.0027s, Mem: -2.75 MB

[Step 53] 完整步骤总时间: 7.716217s | 总显存: 0.00 B
[Step 53] 峰值显存: 16.97 GB

[Step 54] ============ 详细性能分析 ============
[模型部分] 总时间: 2.294334s | 显存: 4.11 GB

[0-9秒 PDE求解详细性能]

[19秒 PDE求解]
  t=19s - 时间: 2.274903s | 显存: 0.00 B

[PDE求解部分] 总时间: 2.274903s | 显存: 0.00 B

[本步骤总计] 时间: 4.569237s | 显存: 4.11 GB
surrogate_loss (vs forward.true_19):  386788.5625
[Step 54] Backward Propagation - Time: 5.3861s, Mem: -4.11 GB
[Step 54] PGD Update - Time: 0.0026s, Mem: -2.75 MB

[Step 54] 完整步骤总时间: 7.683944s | 总显存: 0.00 B
[Step 54] 峰值显存: 16.97 GB

[Step 55] ============ 详细性能分析 ============
[模型部分] 总时间: 2.256894s | 显存: 4.12 GB

[0-9秒 PDE求解详细性能]

[19秒 PDE求解]
  t=19s - 时间: 2.237645s | 显存: 0.00 B

[PDE求解部分] 总时间: 2.237645s | 显存: 0.00 B

[本步骤总计] 时间: 4.494540s | 显存: 4.12 GB
surrogate_loss (vs forward.true_19):  400699.8125
[Step 55] Backward Propagation - Time: 5.3519s, Mem: -4.11 GB
[Step 55] PGD Update - Time: 0.0041s, Mem: -2.75 MB

[Step 55] 完整步骤总时间: 7.614296s | 总显存: 0.00 B
[Step 55] 峰值显存: 16.97 GB

[Step 56] ============ 详细性能分析 ============
[模型部分] 总时间: 2.281876s | 显存: 4.11 GB

[0-9秒 PDE求解详细性能]

[19秒 PDE求解]
  t=19s - 时间: 2.262609s | 显存: 0.00 B

[PDE求解部分] 总时间: 2.262609s | 显存: 0.00 B

[本步骤总计] 时间: 4.544485s | 显存: 4.11 GB
surrogate_loss (vs forward.true_19):  411256.65625
[Step 56] Backward Propagation - Time: 5.4288s, Mem: -4.11 GB
[Step 56] PGD Update - Time: 0.0029s, Mem: -2.75 MB

[Step 56] 完整步骤总时间: 7.714619s | 总显存: 0.00 B
[Step 56] 峰值显存: 16.97 GB

[Step 57] ============ 详细性能分析 ============
[模型部分] 总时间: 2.267711s | 显存: 4.12 GB

[0-9秒 PDE求解详细性能]

[19秒 PDE求解]
  t=19s - 时间: 2.248503s | 显存: 0.00 B

[PDE求解部分] 总时间: 2.248503s | 显存: 0.00 B

[本步骤总计] 时间: 4.516214s | 显存: 4.12 GB
surrogate_loss (vs forward.true_19):  331368.875
[Step 57] Backward Propagation - Time: 5.3991s, Mem: -4.11 GB
[Step 57] PGD Update - Time: 0.0025s, Mem: -2.75 MB

[Step 57] 完整步骤总时间: 7.670329s | 总显存: 0.00 B
[Step 57] 峰值显存: 16.97 GB

[Step 58] ============ 详细性能分析 ============
[模型部分] 总时间: 2.256029s | 显存: 4.11 GB

[0-9秒 PDE求解详细性能]

[19秒 PDE求解]
  t=19s - 时间: 2.236838s | 显存: 0.00 B

[PDE求解部分] 总时间: 2.236838s | 显存: 0.00 B

[本步骤总计] 时间: 4.492867s | 显存: 4.11 GB
surrogate_loss (vs forward.true_19):  425002.1875
[Step 58] Backward Propagation - Time: 5.3827s, Mem: -4.11 GB
[Step 58] PGD Update - Time: 0.0026s, Mem: -2.75 MB

[Step 58] 完整步骤总时间: 7.642266s | 总显存: 0.00 B
[Step 58] 峰值显存: 16.97 GB

[Step 59] ============ 详细性能分析 ============
[模型部分] 总时间: 2.286295s | 显存: 4.12 GB

[0-9秒 PDE求解详细性能]

[19秒 PDE求解]
  t=19s - 时间: 2.267064s | 显存: 0.00 B

[PDE求解部分] 总时间: 2.267064s | 显存: 0.00 B

[本步骤总计] 时间: 4.553360s | 显存: 4.12 GB
surrogate_loss (vs forward.true_19):  458483.71875
[Step 59] Backward Propagation - Time: 5.4543s, Mem: -4.11 GB
[Step 59] PGD Update - Time: 0.0026s, Mem: -2.75 MB

[Step 59] 完整步骤总时间: 7.744081s | 总显存: 0.00 B
[Step 59] 峰值显存: 16.97 GB

[Step 60] ============ 详细性能分析 ============
[模型部分] 总时间: 2.257499s | 显存: 4.11 GB

[0-9秒 PDE求解详细性能]

[19秒 PDE求解]
  t=19s - 时间: 2.238264s | 显存: 0.00 B

[PDE求解部分] 总时间: 2.238264s | 显存: 0.00 B

[本步骤总计] 时间: 4.495763s | 显存: 4.11 GB
surrogate_loss (vs forward.true_19):  419751.15625
[Step 60] Backward Propagation - Time: 5.3373s, Mem: -4.11 GB
[Step 60] PGD Update - Time: 0.0027s, Mem: -2.75 MB

[Step 60] 完整步骤总时间: 7.598448s | 总显存: 0.00 B
[Step 60] 峰值显存: 16.97 GB

[Step 61] ============ 详细性能分析 ============
[模型部分] 总时间: 2.245566s | 显存: 4.12 GB

[0-9秒 PDE求解详细性能]

[19秒 PDE求解]
  t=19s - 时间: 2.226045s | 显存: 0.00 B

[PDE求解部分] 总时间: 2.226045s | 显存: 0.00 B

[本步骤总计] 时间: 4.471611s | 显存: 4.12 GB
surrogate_loss (vs forward.true_19):  269316.8125
[Step 61] Backward Propagation - Time: 5.3560s, Mem: -4.11 GB
[Step 61] PGD Update - Time: 0.0026s, Mem: -2.75 MB

[Step 61] 完整步骤总时间: 7.605116s | 总显存: 0.00 B
[Step 61] 峰值显存: 16.97 GB

[Step 62] ============ 详细性能分析 ============
[模型部分] 总时间: 2.285328s | 显存: 4.11 GB

[0-9秒 PDE求解详细性能]

[19秒 PDE求解]
  t=19s - 时间: 2.266110s | 显存: 0.00 B

[PDE求解部分] 总时间: 2.266110s | 显存: 0.00 B

[本步骤总计] 时间: 4.551438s | 显存: 4.11 GB
surrogate_loss (vs forward.true_19):  372064.5625
[Step 62] Backward Propagation - Time: 5.4010s, Mem: -4.11 GB
[Step 62] PGD Update - Time: 0.0040s, Mem: -2.75 MB

[Step 62] 完整步骤总时间: 7.691803s | 总显存: 0.00 B
[Step 62] 峰值显存: 16.97 GB

[Step 63] ============ 详细性能分析 ============
[模型部分] 总时间: 2.296014s | 显存: 4.12 GB

[0-9秒 PDE求解详细性能]

[19秒 PDE求解]
  t=19s - 时间: 2.276662s | 显存: 0.00 B

[PDE求解部分] 总时间: 2.276662s | 显存: 0.00 B

[本步骤总计] 时间: 4.572677s | 显存: 4.12 GB
surrogate_loss (vs forward.true_19):  262650.21875
[Step 63] Backward Propagation - Time: 5.4366s, Mem: -4.11 GB
[Step 63] PGD Update - Time: 0.0029s, Mem: -2.75 MB

[Step 63] 完整步骤总时间: 7.736482s | 总显存: 0.00 B
[Step 63] 峰值显存: 16.97 GB

[Step 64] ============ 详细性能分析 ============
[模型部分] 总时间: 2.290205s | 显存: 4.11 GB

[0-9秒 PDE求解详细性能]

[19秒 PDE求解]
  t=19s - 时间: 2.270990s | 显存: 0.00 B

[PDE求解部分] 总时间: 2.270990s | 显存: 0.00 B

[本步骤总计] 时间: 4.561194s | 显存: 4.11 GB
surrogate_loss (vs forward.true_19):  297983.71875
[Step 64] Backward Propagation - Time: 5.4731s, Mem: -4.11 GB
[Step 64] PGD Update - Time: 0.0025s, Mem: -2.75 MB

[Step 64] 完整步骤总时间: 7.766866s | 总显存: 0.00 B
[Step 64] 峰值显存: 16.97 GB

[Step 65] ============ 详细性能分析 ============
[模型部分] 总时间: 2.248050s | 显存: 4.12 GB

[0-9秒 PDE求解详细性能]

[19秒 PDE求解]
  t=19s - 时间: 2.228847s | 显存: 0.00 B

[PDE求解部分] 总时间: 2.228847s | 显存: 0.00 B

[本步骤总计] 时间: 4.476897s | 显存: 4.12 GB
surrogate_loss (vs forward.true_19):  338635.4375
[Step 65] Backward Propagation - Time: 5.3641s, Mem: -4.11 GB
[Step 65] PGD Update - Time: 0.0026s, Mem: -2.75 MB

[Step 65] 完整步骤总时间: 7.615642s | 总显存: 0.00 B
[Step 65] 峰值显存: 16.97 GB

[Step 66] ============ 详细性能分析 ============
[模型部分] 总时间: 2.273825s | 显存: 4.11 GB

[0-9秒 PDE求解详细性能]

[19秒 PDE求解]
  t=19s - 时间: 2.254605s | 显存: 0.00 B

[PDE求解部分] 总时间: 2.254605s | 显存: 0.00 B

[本步骤总计] 时间: 4.528430s | 显存: 4.11 GB
surrogate_loss (vs forward.true_19):  424837.09375
[Step 66] Backward Propagation - Time: 5.3956s, Mem: -4.11 GB
[Step 66] PGD Update - Time: 0.0026s, Mem: -2.75 MB

[Step 66] 完整步骤总时间: 7.673091s | 总显存: 0.00 B
[Step 66] 峰值显存: 16.97 GB

[Step 67] ============ 详细性能分析 ============
[模型部分] 总时间: 2.295175s | 显存: 4.12 GB

[0-9秒 PDE求解详细性能]

[19秒 PDE求解]
  t=19s - 时间: 2.275931s | 显存: 0.00 B

[PDE求解部分] 总时间: 2.275931s | 显存: 0.00 B

[本步骤总计] 时间: 4.571106s | 显存: 4.12 GB
surrogate_loss (vs forward.true_19):  483338.8125
[Step 67] Backward Propagation - Time: 5.4180s, Mem: -4.11 GB
[Step 67] PGD Update - Time: 0.0027s, Mem: -2.75 MB

[Step 67] 完整步骤总时间: 7.717029s | 总显存: 0.00 B
[Step 67] 峰值显存: 16.97 GB

[Step 68] ============ 详细性能分析 ============
[模型部分] 总时间: 2.282242s | 显存: 4.11 GB

[0-9秒 PDE求解详细性能]

[19秒 PDE求解]
  t=19s - 时间: 2.262745s | 显存: 0.00 B

[PDE求解部分] 总时间: 2.262745s | 显存: 0.00 B

[本步骤总计] 时间: 4.544987s | 显存: 4.11 GB
surrogate_loss (vs forward.true_19):  435815.28125
[Step 68] Backward Propagation - Time: 5.4211s, Mem: -4.11 GB
[Step 68] PGD Update - Time: 0.0025s, Mem: -2.75 MB

[Step 68] 完整步骤总时间: 7.706763s | 总显存: 0.00 B
[Step 68] 峰值显存: 16.97 GB

[Step 69] ============ 详细性能分析 ============
[模型部分] 总时间: 2.324605s | 显存: 4.12 GB

[0-9秒 PDE求解详细性能]

[19秒 PDE求解]
  t=19s - 时间: 2.305259s | 显存: 0.00 B

[PDE求解部分] 总时间: 2.305259s | 显存: 0.00 B

[本步骤总计] 时间: 4.629864s | 显存: 4.12 GB
surrogate_loss (vs forward.true_19):  515502.9375
[Step 69] Backward Propagation - Time: 5.3569s, Mem: -4.11 GB
[Step 69] PGD Update - Time: 0.0027s, Mem: -2.75 MB

[Step 69] 完整步骤总时间: 7.685132s | 总显存: 0.00 B
[Step 69] 峰值显存: 16.97 GB

[Step 70] ============ 详细性能分析 ============
[模型部分] 总时间: 2.311529s | 显存: 4.11 GB

[0-9秒 PDE求解详细性能]

[19秒 PDE求解]
  t=19s - 时间: 2.291976s | 显存: 0.00 B

[PDE求解部分] 总时间: 2.291976s | 显存: 0.00 B

[本步骤总计] 时间: 4.603505s | 显存: 4.11 GB
surrogate_loss (vs forward.true_19):  562042.875
[Step 70] Backward Propagation - Time: 5.4407s, Mem: -4.11 GB
[Step 70] PGD Update - Time: 0.0036s, Mem: -2.75 MB

[Step 70] 完整步骤总时间: 7.756761s | 总显存: 0.00 B
[Step 70] 峰值显存: 16.97 GB

[Step 71] ============ 详细性能分析 ============
[模型部分] 总时间: 2.255572s | 显存: 4.12 GB

[0-9秒 PDE求解详细性能]

[19秒 PDE求解]
  t=19s - 时间: 2.236192s | 显存: 0.00 B

[PDE求解部分] 总时间: 2.236192s | 显存: 0.00 B

[本步骤总计] 时间: 4.491765s | 显存: 4.12 GB
surrogate_loss (vs forward.true_19):  267123.25
[Step 71] Backward Propagation - Time: 5.3311s, Mem: -4.11 GB
[Step 71] PGD Update - Time: 0.0027s, Mem: -2.75 MB

[Step 71] 完整步骤总时间: 7.590265s | 总显存: 0.00 B
[Step 71] 峰值显存: 16.97 GB

[Step 72] ============ 详细性能分析 ============
[模型部分] 总时间: 2.269993s | 显存: 4.11 GB

[0-9秒 PDE求解详细性能]

[19秒 PDE求解]
  t=19s - 时间: 2.250498s | 显存: 0.00 B

[PDE求解部分] 总时间: 2.250498s | 显存: 0.00 B

[本步骤总计] 时间: 4.520491s | 显存: 4.11 GB
surrogate_loss (vs forward.true_19):  474078.375
[Step 72] Backward Propagation - Time: 5.4789s, Mem: -4.11 GB
[Step 72] PGD Update - Time: 0.0026s, Mem: -2.75 MB

[Step 72] 完整步骤总时间: 7.752489s | 总显存: 0.00 B
[Step 72] 峰值显存: 16.97 GB

[Step 73] ============ 详细性能分析 ============
[模型部分] 总时间: 2.308798s | 显存: 4.12 GB

[0-9秒 PDE求解详细性能]

[19秒 PDE求解]
  t=19s - 时间: 2.289554s | 显存: 0.00 B

[PDE求解部分] 总时间: 2.289554s | 显存: 0.00 B

[本步骤总计] 时间: 4.598351s | 显存: 4.12 GB
surrogate_loss (vs forward.true_19):  319584.875
[Step 73] Backward Propagation - Time: 5.4287s, Mem: -4.11 GB
[Step 73] PGD Update - Time: 0.0041s, Mem: -2.75 MB

[Step 73] 完整步骤总时间: 7.742788s | 总显存: 0.00 B
[Step 73] 峰值显存: 16.97 GB

[Step 74] ============ 详细性能分析 ============
[模型部分] 总时间: 2.260231s | 显存: 4.11 GB

[0-9秒 PDE求解详细性能]

[19秒 PDE求解]
  t=19s - 时间: 2.240927s | 显存: 0.00 B

[PDE求解部分] 总时间: 2.240927s | 显存: 0.00 B

[本步骤总计] 时间: 4.501157s | 显存: 4.11 GB
surrogate_loss (vs forward.true_19):  559170.625
[Step 74] Backward Propagation - Time: 5.3628s, Mem: -4.11 GB
[Step 74] PGD Update - Time: 0.0030s, Mem: -2.75 MB

[Step 74] 完整步骤总时间: 7.627050s | 总显存: 0.00 B
[Step 74] 峰值显存: 16.97 GB

[Step 75] ============ 详细性能分析 ============
[模型部分] 总时间: 2.305153s | 显存: 4.12 GB

[0-9秒 PDE求解详细性能]

[19秒 PDE求解]
  t=19s - 时间: 2.285886s | 显存: 0.00 B

[PDE求解部分] 总时间: 2.285886s | 显存: 0.00 B

[本步骤总计] 时间: 4.591039s | 显存: 4.12 GB
surrogate_loss (vs forward.true_19):  496980.78125
[Step 75] Backward Propagation - Time: 5.3698s, Mem: -4.11 GB
[Step 75] PGD Update - Time: 0.0026s, Mem: -2.75 MB

[Step 75] 完整步骤总时间: 7.678492s | 总显存: 0.00 B
[Step 75] 峰值显存: 16.97 GB

[Step 76] ============ 详细性能分析 ============
[模型部分] 总时间: 2.254860s | 显存: 4.11 GB

[0-9秒 PDE求解详细性能]

[19秒 PDE求解]
  t=19s - 时间: 2.235544s | 显存: 0.00 B

[PDE求解部分] 总时间: 2.235544s | 显存: 0.00 B

[本步骤总计] 时间: 4.490404s | 显存: 4.11 GB
surrogate_loss (vs forward.true_19):  482925.1875
[Step 76] Backward Propagation - Time: 5.4307s, Mem: -4.11 GB
[Step 76] PGD Update - Time: 0.0026s, Mem: -2.75 MB

[Step 76] 完整步骤总时间: 7.689103s | 总显存: 0.00 B
[Step 76] 峰值显存: 16.97 GB

[Step 77] ============ 详细性能分析 ============
[模型部分] 总时间: 2.261054s | 显存: 4.12 GB

[0-9秒 PDE求解详细性能]

[19秒 PDE求解]
  t=19s - 时间: 2.241799s | 显存: 0.00 B

[PDE求解部分] 总时间: 2.241799s | 显存: 0.00 B

[本步骤总计] 时间: 4.502853s | 显存: 4.12 GB
surrogate_loss (vs forward.true_19):  567888.4375
[Step 77] Backward Propagation - Time: 5.3766s, Mem: -4.11 GB
[Step 77] PGD Update - Time: 0.0026s, Mem: -2.75 MB

[Step 77] 完整步骤总时间: 7.641255s | 总显存: 0.00 B
[Step 77] 峰值显存: 16.97 GB

[Step 78] ============ 详细性能分析 ============
[模型部分] 总时间: 2.267650s | 显存: 4.11 GB

[0-9秒 PDE求解详细性能]

[19秒 PDE求解]
  t=19s - 时间: 2.248379s | 显存: 0.00 B

[PDE求解部分] 总时间: 2.248379s | 显存: 0.00 B

[本步骤总计] 时间: 4.516028s | 显存: 4.11 GB
surrogate_loss (vs forward.true_19):  416681.0625
[Step 78] Backward Propagation - Time: 5.3815s, Mem: -4.11 GB
[Step 78] PGD Update - Time: 0.0027s, Mem: -2.75 MB

[Step 78] 完整步骤总时间: 7.653169s | 总显存: 0.00 B
[Step 78] 峰值显存: 16.97 GB

[Step 79] ============ 详细性能分析 ============
[模型部分] 总时间: 2.281344s | 显存: 4.12 GB

[0-9秒 PDE求解详细性能]

[19秒 PDE求解]
  t=19s - 时间: 2.261835s | 显存: 0.00 B

[PDE求解部分] 总时间: 2.261835s | 显存: 0.00 B

[本步骤总计] 时间: 4.543178s | 显存: 4.12 GB
surrogate_loss (vs forward.true_19):  462612.78125
[Step 79] Backward Propagation - Time: 5.3826s, Mem: -4.11 GB
[Step 79] PGD Update - Time: 0.0026s, Mem: -2.75 MB

[Step 79] 完整步骤总时间: 7.667427s | 总显存: 0.00 B
[Step 79] 峰值显存: 16.97 GB

[Step 80] ============ 详细性能分析 ============
[模型部分] 总时间: 2.275958s | 显存: 4.11 GB

[0-9秒 PDE求解详细性能]

[19秒 PDE求解]
  t=19s - 时间: 2.256754s | 显存: 0.00 B

[PDE求解部分] 总时间: 2.256754s | 显存: 0.00 B

[本步骤总计] 时间: 4.532711s | 显存: 4.11 GB
surrogate_loss (vs forward.true_19):  409611.9375
[Step 80] Backward Propagation - Time: 5.4328s, Mem: -4.11 GB
[Step 80] PGD Update - Time: 0.0026s, Mem: -2.75 MB

[Step 80] 完整步骤总时间: 7.712250s | 总显存: 0.00 B
[Step 80] 峰值显存: 16.97 GB

[Step 81] ============ 详细性能分析 ============
[模型部分] 总时间: 2.307080s | 显存: 4.12 GB

[0-9秒 PDE求解详细性能]

[19秒 PDE求解]
  t=19s - 时间: 2.287595s | 显存: 0.00 B

[PDE求解部分] 总时间: 2.287595s | 显存: 0.00 B

[本步骤总计] 时间: 4.594675s | 显存: 4.12 GB
surrogate_loss (vs forward.true_19):  830603.25
[Step 81] Backward Propagation - Time: 5.4403s, Mem: -4.11 GB
[Step 81] PGD Update - Time: 0.0036s, Mem: -2.75 MB

[Step 81] 完整步骤总时间: 7.751941s | 总显存: 0.00 B
[Step 81] 峰值显存: 16.97 GB

[Step 82] ============ 详细性能分析 ============
[模型部分] 总时间: 2.266250s | 显存: 4.11 GB

[0-9秒 PDE求解详细性能]

[19秒 PDE求解]
  t=19s - 时间: 2.246954s | 显存: 0.00 B

[PDE求解部分] 总时间: 2.246954s | 显存: 0.00 B

[本步骤总计] 时间: 4.513204s | 显存: 4.11 GB
surrogate_loss (vs forward.true_19):  459803.46875
[Step 82] Backward Propagation - Time: 5.3865s, Mem: -4.11 GB
[Step 82] PGD Update - Time: 0.0025s, Mem: -2.75 MB

[Step 82] 完整步骤总时间: 7.656271s | 总显存: 0.00 B
[Step 82] 峰值显存: 16.97 GB

[Step 83] ============ 详细性能分析 ============
[模型部分] 总时间: 2.261025s | 显存: 4.12 GB

[0-9秒 PDE求解详细性能]

[19秒 PDE求解]
  t=19s - 时间: 2.241781s | 显存: 0.00 B

[PDE求解部分] 总时间: 2.241781s | 显存: 0.00 B

[本步骤总计] 时间: 4.502807s | 显存: 4.12 GB
surrogate_loss (vs forward.true_19):  666393.5625
[Step 83] Backward Propagation - Time: 5.3587s, Mem: -4.11 GB
[Step 83] PGD Update - Time: 0.0025s, Mem: -2.75 MB

[Step 83] 完整步骤总时间: 7.623035s | 总显存: 0.00 B
[Step 83] 峰值显存: 16.97 GB

[Step 84] ============ 详细性能分析 ============
[模型部分] 总时间: 2.273060s | 显存: 4.11 GB

[0-9秒 PDE求解详细性能]

[19秒 PDE求解]
  t=19s - 时间: 2.253823s | 显存: 0.00 B

[PDE求解部分] 总时间: 2.253823s | 显存: 0.00 B

[本步骤总计] 时间: 4.526883s | 显存: 4.11 GB
surrogate_loss (vs forward.true_19):  458043.28125
[Step 84] Backward Propagation - Time: 5.3756s, Mem: -4.11 GB
[Step 84] PGD Update - Time: 0.0026s, Mem: -2.75 MB

[Step 84] 完整步骤总时间: 7.652294s | 总显存: 0.00 B
[Step 84] 峰值显存: 16.97 GB

[Step 85] ============ 详细性能分析 ============
[模型部分] 总时间: 2.273209s | 显存: 4.12 GB

[0-9秒 PDE求解详细性能]

[19秒 PDE求解]
  t=19s - 时间: 2.253966s | 显存: 0.00 B

[PDE求解部分] 总时间: 2.253966s | 显存: 0.00 B

[本步骤总计] 时间: 4.527174s | 显存: 4.12 GB
surrogate_loss (vs forward.true_19):  510121.71875
[Step 85] Backward Propagation - Time: 5.4756s, Mem: -4.11 GB
[Step 85] PGD Update - Time: 0.0026s, Mem: -2.75 MB

[Step 85] 完整步骤总时间: 7.752349s | 总显存: 0.00 B
[Step 85] 峰值显存: 16.97 GB

[Step 86] ============ 详细性能分析 ============
[模型部分] 总时间: 2.288071s | 显存: 4.11 GB

[0-9秒 PDE求解详细性能]

[19秒 PDE求解]
  t=19s - 时间: 2.268513s | 显存: 0.00 B

[PDE求解部分] 总时间: 2.268513s | 显存: 0.00 B

[本步骤总计] 时间: 4.556584s | 显存: 4.11 GB
surrogate_loss (vs forward.true_19):  333201.53125
[Step 86] Backward Propagation - Time: 10.5399s, Mem: -4.11 GB
[Step 86] PGD Update - Time: 0.0027s, Mem: -2.75 MB

[Step 86] 完整步骤总时间: 12.831626s | 总显存: 0.00 B
[Step 86] 峰值显存: 16.97 GB

[Step 87] ============ 详细性能分析 ============
[模型部分] 总时间: 2.256764s | 显存: 4.12 GB

[0-9秒 PDE求解详细性能]

[19秒 PDE求解]
  t=19s - 时间: 2.237505s | 显存: 0.00 B

[PDE求解部分] 总时间: 2.237505s | 显存: 0.00 B

[本步骤总计] 时间: 4.494269s | 显存: 4.12 GB
surrogate_loss (vs forward.true_19):  470400.9375
[Step 87] Backward Propagation - Time: 5.3465s, Mem: -4.11 GB
[Step 87] PGD Update - Time: 0.0041s, Mem: -2.75 MB

[Step 87] 完整步骤总时间: 7.608586s | 总显存: 0.00 B
[Step 87] 峰值显存: 16.97 GB

[Step 88] ============ 详细性能分析 ============
[模型部分] 总时间: 2.274968s | 显存: 4.11 GB

[0-9秒 PDE求解详细性能]

[19秒 PDE求解]
  t=19s - 时间: 2.255723s | 显存: 0.00 B

[PDE求解部分] 总时间: 2.255723s | 显存: 0.00 B

[本步骤总计] 时间: 4.530692s | 显存: 4.11 GB
surrogate_loss (vs forward.true_19):  473292.03125
[Step 88] Backward Propagation - Time: 5.4511s, Mem: -4.11 GB
[Step 88] PGD Update - Time: 0.0030s, Mem: -2.75 MB

[Step 88] 完整步骤总时间: 7.730074s | 总显存: 0.00 B
[Step 88] 峰值显存: 16.97 GB

[Step 89] ============ 详细性能分析 ============
[模型部分] 总时间: 2.256471s | 显存: 4.12 GB

[0-9秒 PDE求解详细性能]

[19秒 PDE求解]
  t=19s - 时间: 2.237198s | 显存: 0.00 B

[PDE求解部分] 总时间: 2.237198s | 显存: 0.00 B

[本步骤总计] 时间: 4.493669s | 显存: 4.12 GB
surrogate_loss (vs forward.true_19):  372621.09375
[Step 89] Backward Propagation - Time: 5.3331s, Mem: -4.11 GB
[Step 89] PGD Update - Time: 0.0026s, Mem: -2.75 MB

[Step 89] 完整步骤总时间: 7.593166s | 总显存: 0.00 B
[Step 89] 峰值显存: 16.97 GB

[Step 90] ============ 详细性能分析 ============
[模型部分] 总时间: 2.297048s | 显存: 4.11 GB

[0-9秒 PDE求解详细性能]

[19秒 PDE求解]
  t=19s - 时间: 2.277124s | 显存: 0.00 B

[PDE求解部分] 总时间: 2.277124s | 显存: 0.00 B

[本步骤总计] 时间: 4.574172s | 显存: 4.11 GB
surrogate_loss (vs forward.true_19):  313447.46875
[Step 90] Backward Propagation - Time: 5.3794s, Mem: -4.11 GB
[Step 90] PGD Update - Time: 0.0026s, Mem: -2.75 MB

[Step 90] 完整步骤总时间: 7.680086s | 总显存: 0.00 B
[Step 90] 峰值显存: 16.97 GB

[Step 91] ============ 详细性能分析 ============
[模型部分] 总时间: 2.273965s | 显存: 4.12 GB

[0-9秒 PDE求解详细性能]

[19秒 PDE求解]
  t=19s - 时间: 2.254718s | 显存: 0.00 B

[PDE求解部分] 总时间: 2.254718s | 显存: 0.00 B

[本步骤总计] 时间: 4.528683s | 显存: 4.12 GB
surrogate_loss (vs forward.true_19):  509495.3125
[Step 91] Backward Propagation - Time: 5.3417s, Mem: -4.11 GB
[Step 91] PGD Update - Time: 0.0026s, Mem: -2.75 MB

[Step 91] 完整步骤总时间: 7.619155s | 总显存: 0.00 B
[Step 91] 峰值显存: 16.97 GB

[Step 92] ============ 详细性能分析 ============
[模型部分] 总时间: 2.256317s | 显存: 4.11 GB

[0-9秒 PDE求解详细性能]

[19秒 PDE求解]
  t=19s - 时间: 2.237105s | 显存: 0.00 B

[PDE求解部分] 总时间: 2.237105s | 显存: 0.00 B

[本步骤总计] 时间: 4.493421s | 显存: 4.11 GB
surrogate_loss (vs forward.true_19):  314506.625
[Step 92] Backward Propagation - Time: 5.3885s, Mem: -4.11 GB
[Step 92] PGD Update - Time: 0.0027s, Mem: -2.75 MB

[Step 92] 完整步骤总时间: 7.648545s | 总显存: 0.00 B
[Step 92] 峰值显存: 16.97 GB

[Step 93] ============ 详细性能分析 ============
[模型部分] 总时间: 2.272693s | 显存: 4.12 GB

[0-9秒 PDE求解详细性能]

[19秒 PDE求解]
  t=19s - 时间: 2.253057s | 显存: 0.00 B

[PDE求解部分] 总时间: 2.253057s | 显存: 0.00 B

[本步骤总计] 时间: 4.525749s | 显存: 4.12 GB
surrogate_loss (vs forward.true_19):  464600.0625
[Step 93] Backward Propagation - Time: 5.3680s, Mem: -4.11 GB
[Step 93] PGD Update - Time: 0.0025s, Mem: -2.75 MB

[Step 93] 完整步骤总时间: 7.644197s | 总显存: 0.00 B
[Step 93] 峰值显存: 16.97 GB

[Step 94] ============ 详细性能分析 ============
[模型部分] 总时间: 2.256389s | 显存: 4.11 GB

[0-9秒 PDE求解详细性能]

[19秒 PDE求解]
  t=19s - 时间: 2.237153s | 显存: 0.00 B

[PDE求解部分] 总时间: 2.237153s | 显存: 0.00 B

[本步骤总计] 时间: 4.493542s | 显存: 4.11 GB
surrogate_loss (vs forward.true_19):  323989.375
[Step 94] Backward Propagation - Time: 5.3814s, Mem: -4.11 GB
[Step 94] PGD Update - Time: 0.0026s, Mem: -2.75 MB

[Step 94] 完整步骤总时间: 7.641374s | 总显存: 0.00 B
[Step 94] 峰值显存: 16.97 GB

[Step 95] ============ 详细性能分析 ============
[模型部分] 总时间: 2.267633s | 显存: 4.12 GB

[0-9秒 PDE求解详细性能]

[19秒 PDE求解]
  t=19s - 时间: 2.248152s | 显存: 0.00 B

[PDE求解部分] 总时间: 2.248152s | 显存: 0.00 B

[本步骤总计] 时间: 4.515785s | 显存: 4.12 GB
surrogate_loss (vs forward.true_19):  240545.890625
[Step 95] Backward Propagation - Time: 5.3740s, Mem: -4.11 GB
[Step 95] PGD Update - Time: 0.0036s, Mem: -2.75 MB

[Step 95] 完整步骤总时间: 7.646129s | 总显存: 0.00 B
[Step 95] 峰值显存: 16.97 GB

[Step 96] ============ 详细性能分析 ============
[模型部分] 总时间: 2.277302s | 显存: 4.11 GB

[0-9秒 PDE求解详细性能]

[19秒 PDE求解]
  t=19s - 时间: 2.258075s | 显存: 0.00 B

[PDE求解部分] 总时间: 2.258075s | 显存: 0.00 B

[本步骤总计] 时间: 4.535377s | 显存: 4.11 GB
surrogate_loss (vs forward.true_19):  491313.3125
[Step 96] Backward Propagation - Time: 5.3823s, Mem: -4.11 GB
[Step 96] PGD Update - Time: 0.0025s, Mem: -2.75 MB

[Step 96] 完整步骤总时间: 7.663141s | 总显存: 0.00 B
[Step 96] 峰值显存: 16.97 GB

[Step 97] ============ 详细性能分析 ============
[模型部分] 总时间: 2.265866s | 显存: 4.12 GB

[0-9秒 PDE求解详细性能]

[19秒 PDE求解]
  t=19s - 时间: 2.246586s | 显存: 0.00 B

[PDE求解部分] 总时间: 2.246586s | 显存: 0.00 B

[本步骤总计] 时间: 4.512451s | 显存: 4.12 GB
surrogate_loss (vs forward.true_19):  519006.875
[Step 97] Backward Propagation - Time: 5.3883s, Mem: -4.11 GB
[Step 97] PGD Update - Time: 0.0025s, Mem: -2.75 MB

[Step 97] 完整步骤总时间: 7.657709s | 总显存: 0.00 B
[Step 97] 峰值显存: 16.97 GB

[Step 98] ============ 详细性能分析 ============
[模型部分] 总时间: 2.286810s | 显存: 4.11 GB

[0-9秒 PDE求解详细性能]

[19秒 PDE求解]
  t=19s - 时间: 2.267570s | 显存: 0.00 B

[PDE求解部分] 总时间: 2.267570s | 显存: 0.00 B

[本步骤总计] 时间: 4.554381s | 显存: 4.11 GB
surrogate_loss (vs forward.true_19):  262981.53125
[Step 98] Backward Propagation - Time: 5.3631s, Mem: -4.11 GB
[Step 98] PGD Update - Time: 0.0027s, Mem: -2.75 MB

[Step 98] 完整步骤总时间: 7.653627s | 总显存: 0.00 B
[Step 98] 峰值显存: 16.97 GB

[Step 99] ============ 详细性能分析 ============
[模型部分] 总时间: 2.240675s | 显存: 4.12 GB

[0-9秒 PDE求解详细性能]

[19秒 PDE求解]
  t=19s - 时间: 2.221417s | 显存: 0.00 B

[PDE求解部分] 总时间: 2.221417s | 显存: 0.00 B

[本步骤总计] 时间: 4.462092s | 显存: 4.12 GB
surrogate_loss (vs forward.true_19):  412207.25
[Step 99] Backward Propagation - Time: 5.4049s, Mem: -4.11 GB
[Step 99] PGD Update - Time: 0.0025s, Mem: -2.75 MB

[Step 99] 完整步骤总时间: 7.649031s | 总显存: 0.00 B
[Step 99] 峰值显存: 16.97 GB
清理前显存占用: 13092.9970703125 MB
PGD攻击完成！显存已清理
当前显存占用: 2092.2470703125 MB
