task,epoch,global_step_last,attack_batches,attack_samples,attack_loss_objective,attack_objective_definition,attack_uses_solver_forward,attack_uses_solver_backward,clean_loss_before_attack_mean,adv_loss_after_attack_mean,attack_loss_gain_mean,attack_loss_gain_relative_mean,clean_solver_mse_before_attack_mean,adv_solver_mse_after_attack_mean,solver_mse_attack_gain_mean,train_loss_used_for_optimizer_updates_mean,epsilon_mean,epsilon_min_observed,epsilon_max_observed,alpha_mean,alpha_min_observed,alpha_max_observed,delta_linf_mean,delta_l2_rms_mean,boundary_ratio_mean,grad_abs_mean_last_mean,darcy_loss1_random_start_flips_mean,attack_wall_sec_total,attack_samples_per_sec
darcy,1,1,1,64,loss2,"MSE(model(a_adv), solver(a_clean).detach())",1,0,1.9202683887442618e-08,4.164302822573518e-07,3.972275983699092e-07,20.686045799549497,1.9202680334728942e-08,2.2765041407524226e-08,3.5623610727952837e-09,7.371174071124642e-07,0.0250519029796123,0.0250519029796123,0.0250519029796123,0.0250519029796123,,,9.0,1.4245014190673828,1.002076119184494,3.081659276718552e-13,0.0,1.706276783021167,37.50856873682613
darcy,2,2,1,64,loss2,"MSE(model(a_adv), solver(a_clean).detach())",1,0,1.0621846513458877e-07,6.647047712249332e-07,5.584863060903444e-07,5.257902243105187,1.0621846513458877e-07,1.2985580610802574e-07,2.3637340973436952e-08,5.655830719319965e-07,0.0250519029796123,0.0250519029796123,0.0250519029796123,0.0250519029796123,,,9.0,1.4245014190673828,1.002076119184494,7.763185710593645e-13,0.0,0.4360209360020235,146.78194259851546
darcy,3,3,1,64,loss2,"MSE(model(a_adv), solver(a_clean).detach())",1,0,7.49591833937302e-07,1.7708101722746503e-06,1.0212183383373483e-06,1.3623658798059508,7.49591833937302e-07,7.462586495421419e-07,-3.33318439516006e-09,4.504258299675712e-07,0.0250519029796123,0.0250519029796123,0.0250519029796123,0.0250519029796123,,,9.0,1.4245014190673828,1.002076119184494,2.5434385500511247e-12,0.0,0.4009264479973353,159.63027712361185
darcy,4,4,1,64,loss2,"MSE(model(a_adv), solver(a_clean).detach())",1,0,1.7555639431066086e-07,7.415620757456054e-07,5.660056814349446e-07,3.2240675918266644,1.7555638009980615e-07,1.5046146017994033e-07,-2.5094919919865788e-08,3.065273546098979e-07,0.0250519029796123,0.0250519029796123,0.0250519029796123,0.0250519029796123,,,9.0,1.4245014190673828,1.002076119184494,1.4406471892172699e-12,0.0,0.4139968989766203,154.59052992475262
darcy,5,5,1,64,loss2,"MSE(model(a_adv), solver(a_clean).detach())",1,0,4.983386361345765e-07,1.2225318641867489e-06,7.241932280521723e-07,1.4532150941967177,4.983386929779954e-07,3.787962157275615e-07,-1.195424772504339e-07,2.9942662393978026e-07,0.0250519029796123,0.0250519029796123,0.0250519029796123,0.0250519029796123,,,9.0,1.4245014190673828,1.002076119184494,1.835214922737971e-12,0.0,0.4006560189882293,159.73802206096454
darcy,6,6,1,64,loss2,"MSE(model(a_adv), solver(a_clean).detach())",1,0,1.5292943089662006e-07,5.73765248645941e-07,4.20835817749321e-07,2.7518301433672705,1.5292943089662006e-07,1.537277114493918e-07,7.982805527717574e-10,1.7548612873952155e-07,0.0250519029796123,0.0250519029796123,0.0250519029796123,0.0250519029796123,,,9.0,1.4245014190673828,1.002076119184494,5.40438136950594e-13,0.0,0.4002196540241129,159.9121866117651
darcy,7,7,1,64,loss2,"MSE(model(a_adv), solver(a_clean).detach())",1,0,2.451024272431823e-07,1.032333898365323e-06,7.872314711221406e-07,3.211846899994492,2.451024272431823e-07,2.045779865511577e-07,-4.0524440692024655e-08,1.912535836368079e-07,0.0250519029796123,0.0250519029796123,0.0250519029796123,0.0250519029796123,,,9.0,1.4245014190673828,1.002076119184494,1.2567415641137614e-12,0.0,0.4300581179850269,148.81709546575345
darcy,8,8,1,64,loss2,"MSE(model(a_adv), solver(a_clean).detach())",1,0,1.1474628536234377e-07,6.752111403329764e-07,5.604648549706326e-07,4.884383430808297,1.1474628536234377e-07,8.93460736506313e-08,-2.5400211711712476e-08,7.038956084670644e-08,0.0250519029796123,0.0250519029796123,0.0250519029796123,0.0250519029796123,,,9.0,1.4245014190673828,1.002076119184494,6.803410916231267e-13,0.0,0.4391882799973245,145.7233785937773
darcy,9,9,1,64,loss2,"MSE(model(a_adv), solver(a_clean).detach())",1,0,7.539288304769799e-08,4.4676295374301844e-07,3.713700706953205e-07,4.925797445103272,7.539288304769799e-08,6.945197128516156e-08,-5.940911762536416e-09,9.124457989173609e-08,0.0250519029796123,0.0250519029796123,0.0250519029796123,0.0250519029796123,,,9.0,1.4245014190673828,1.002076119184494,7.158507727561547e-13,0.0,0.4268040540046058,149.95171531175134
darcy,10,10,1,64,loss2,"MSE(model(a_adv), solver(a_clean).detach())",1,0,1.358206560553299e-07,5.809444019178045e-07,4.451237458624746e-07,3.27729050050489,1.358206418444752e-07,1.1956088030729006e-07,-1.6259761537185113e-08,1.0452104959313149e-07,0.0250519029796123,0.0250519029796123,0.0250519029796123,0.0250519029796123,,,9.0,1.4245014190673828,1.002076119184494,9.78987615800342e-13,0.0,0.4284933499875478,149.36054433950926
darcy,11,11,1,64,loss2,"MSE(model(a_adv), solver(a_clean).detach())",1,0,4.708605771952534e-08,3.814437548044225e-07,3.343576970848972e-07,7.100991530795492,4.708605771952534e-08,5.3424269452762025e-08,6.338211733236676e-09,5.227032318089186e-08,0.0250519029796123,0.0250519029796123,0.0250519029796123,0.0250519029796123,,,9.0,1.4245014190673828,1.002076119184494,3.804068063155419e-13,0.0,0.427764104999369,149.61517166124634
darcy,12,12,1,64,loss2,"MSE(model(a_adv), solver(a_clean).detach())",1,0,4.31281819146534e-08,6.088049531172146e-07,5.656767712025612e-07,13.116174762988669,4.3128178361939724e-08,4.13990584036128e-08,-1.729119958326919e-09,4.820729238019794e-08,0.0250519029796123,0.0250519029796123,0.0250519029796123,0.0250519029796123,,,9.0,1.4245014190673828,1.002076119184494,4.4364384670265993e-13,0.0,0.4005986620031763,159.76089305932967
darcy,13,13,1,64,loss2,"MSE(model(a_adv), solver(a_clean).detach())",1,0,6.502475713432433e-08,5.977140062896069e-07,5.326892491552826e-07,8.192099019376336,6.502475002889696e-08,5.045821538374185e-08,-1.4566534645155116e-08,4.95184320215003e-08,0.0250519029796123,0.0250519029796123,0.0250519029796123,0.0250519029796123,,,9.0,1.4245014190673828,1.002076119184494,4.738973970186411e-13,0.0,0.4009562940045725,159.6183947152857
darcy,14,14,1,64,loss2,"MSE(model(a_adv), solver(a_clean).detach())",1,0,4.775398565470823e-08,4.891273306384392e-07,4.4137334498373093e-07,9.242649360728583,4.775398210199455e-08,3.9875203583505936e-08,-7.878778518488616e-09,3.5378485918613485e-08,0.0250519029796123,0.0250519029796123,0.0250519029796123,0.0250519029796123,,,9.0,1.4245014190673828,1.002076119184494,4.0465482527285445e-13,0.0,0.4189233369834255,152.77258235564022
darcy,15,15,1,64,loss2,"MSE(model(a_adv), solver(a_clean).detach())",1,0,2.85736767580147e-08,4.477900006349955e-07,4.192163238769808e-07,14.671416892801304,2.8573678534371535e-08,3.004565485298372e-08,1.471976318612178e-09,3.01331954943862e-08,0.0250519029796123,0.0250519029796123,0.0250519029796123,0.0250519029796123,,,9.0,1.4245014190673828,1.002076119184494,3.419963693750833e-13,0.0,0.3999887440004386,160.00450252652564
darcy,16,16,1,64,loss2,"MSE(model(a_adv), solver(a_clean).detach())",1,0,3.244196733476201e-08,4.327598048803338e-07,4.003178375455718e-07,12.339505598250996,3.244196733476201e-08,3.830959371953213e-08,5.867626384770119e-09,3.89883005880165e-08,0.0250519029796123,0.0250519029796123,0.0250519029796123,0.0250519029796123,,,9.0,1.4245014190673828,1.002076119184494,3.6081592358003234e-13,0.0,0.4014417579746805,159.42536801076028
darcy,17,17,1,64,loss2,"MSE(model(a_adv), solver(a_clean).detach())",1,0,3.673446613561282e-08,3.906424126398633e-07,3.539079465042505e-07,9.634220494663696,3.673446258289914e-08,3.5325800951113706e-08,-1.408661631785435e-09,3.409795468201082e-08,0.0250519029796123,0.0250519029796123,0.0250519029796123,0.0250519029796123,,,9.0,1.4245014190673828,1.002076119184494,4.306695787752862e-13,0.0,0.4430485269986093,144.45370224693443
darcy,18,18,1,64,loss2,"MSE(model(a_adv), solver(a_clean).detach())",1,0,3.1266981892486e-08,3.693550922889699e-07,3.380881103964839e-07,10.812943556849415,3.1266981892486e-08,2.8207994162698924e-08,-3.058987729787077e-09,2.709192603589372e-08,0.0250519029796123,0.0250519029796123,0.0250519029796123,0.0250519029796123,,,9.0,1.4245014190673828,1.002076119184494,3.985893917441558e-13,0.0,0.4001938449800946,159.92249956563757
darcy,19,19,1,64,loss2,"MSE(model(a_adv), solver(a_clean).detach())",1,0,2.6400488906119793e-08,3.9030646803439605e-07,3.639059791282762e-07,13.78406212181626,2.6400488906119793e-08,2.4419767541417062e-08,-1.980721364702731e-09,2.42298536790031e-08,0.0250519029796123,0.0250519029796123,0.0250519029796123,0.0250519029796123,,,9.0,1.4245014190673828,1.002076119184494,3.259933013637084e-13,0.0,0.4414989379874896,144.96071109872864
darcy,20,20,1,64,loss2,"MSE(model(a_adv), solver(a_clean).detach())",1,0,2.6006016895507852e-08,4.3000235905310557e-07,4.039963421575976e-07,15.534725820599688,2.6006016895507852e-08,2.49194318513446e-08,-1.0865850441632572e-09,2.5680867210553515e-08,0.0250519029796123,0.0250519029796123,0.0250519029796123,0.0250519029796123,,,9.0,1.4245014190673828,1.002076119184494,3.211857863005818e-13,0.0,0.4012266130011994,159.51085477923837
darcy,21,21,1,64,loss2,"MSE(model(a_adv), solver(a_clean).detach())",1,0,2.7518751721800072e-08,4.4297803469817154e-07,4.1545928297637147e-07,15.097315720438326,2.7518749945443236e-08,3.0588022781330444e-08,3.0692728358872046e-09,3.028212702815836e-08,0.0250519029796123,0.0250519029796123,0.0250519029796123,0.0250519029796123,,,9.0,1.4245014190673828,1.002076119184494,3.345371668486003e-13,0.0,0.4006421060184948,159.7435692319508
darcy,22,22,1,64,loss2,"MSE(model(a_adv), solver(a_clean).detach())",1,0,2.5280298743268762e-08,4.532398634182755e-07,4.2795956467500673e-07,16.92858019682054,2.5280296966911923e-08,2.6435499123067533e-08,1.1552021561556103e-09,2.5799077540966664e-08,0.0250519029796123,0.0250519029796123,0.0250519029796123,0.0250519029796123,,,9.0,1.4245014190673828,1.002076119184494,3.450708956857091e-13,0.0,0.4002026670204941,159.91897424492328
darcy,23,23,1,64,loss2,"MSE(model(a_adv), solver(a_clean).detach())",1,0,2.7137101454854928e-08,4.5852220864617276e-07,4.3138510719131773e-07,15.896506408724846,2.7137099678498092e-08,2.2246883446541688e-08,-4.890216231956401e-09,2.2387130371726016e-08,0.0250519029796123,0.0250519029796123,0.0250519029796123,0.0250519029796123,,,9.0,1.4245014190673828,1.002076119184494,4.094559977532719e-13,0.0,0.4015409490093589,159.38598580766
darcy,24,24,1,64,loss2,"MSE(model(a_adv), solver(a_clean).detach())",1,0,2.5430116679103776e-08,4.120279868402577e-07,3.865978701611539e-07,15.202363207355075,2.5430116679103776e-08,2.2473756189356212e-08,-2.956360489747567e-09,2.2039502667325905e-08,0.0250519029796123,0.0250519029796123,0.0250519029796123,0.0250519029796123,,,9.0,1.4245014190673828,1.002076119184494,3.675391696718322e-13,0.0,0.4212579879967961,151.92590247211348
darcy,25,25,1,64,loss2,"MSE(model(a_adv), solver(a_clean).detach())",1,0,2.184006753225276e-08,3.9464021028834406e-07,3.728001427560912e-07,17.069550824673552,2.184006575589592e-08,2.3456140141320247e-08,1.6160743854243263e-09,2.3126519366201137e-08,0.0250519029796123,0.0250519029796123,0.0250519029796123,0.0250519029796123,,,9.0,1.4245014190673828,1.002076119184494,3.0208889317991094e-13,0.0,0.3994841769745108,160.2065956271493
darcy,26,26,1,64,loss2,"MSE(model(a_adv), solver(a_clean).detach())",1,0,2.1685846007812873e-08,4.1097388248090283e-07,3.8928803647309e-07,17.951249692211185,2.1685846007812873e-08,2.5477596921064105e-08,3.791750913251235e-09,2.5270891157447292e-08,0.0250519029796123,0.0250519029796123,0.0250519029796123,0.0250519029796123,,,9.0,1.4245014190673828,1.002076119184494,3.118958541957484e-13,0.0,0.4018254870024975,159.27312246274266
darcy,27,27,1,64,loss2,"MSE(model(a_adv), solver(a_clean).detach())",1,0,2.616309657810234e-08,4.360558989446872e-07,4.098928023665849e-07,15.666830611696469,2.61630948017455e-08,2.23493934470298e-08,-3.813701354715704e-09,2.2611611250056285e-08,0.0250519029796123,0.0250519029796123,0.0250519029796123,0.0250519029796123,,,9.0,1.4245014190673828,1.002076119184494,3.8307313050822694e-13,0.0,0.4009766410163138,159.61029509795347
darcy,28,28,1,64,loss2,"MSE(model(a_adv), solver(a_clean).detach())",1,0,2.6181268708569405e-08,4.497547649862099e-07,4.235734962776405e-07,16.178493906943494,2.6181268708569405e-08,2.0833020641930492e-08,-5.3482480666389165e-09,2.0370977793504608e-08,0.0250519029796123,0.0250519029796123,0.0250519029796123,0.0250519029796123,,,9.0,1.4245014190673828,1.002076119184494,3.9418614856609474e-13,0.0,0.42974549299106,148.92535475952366
darcy,29,29,1,64,loss2,"MSE(model(a_adv), solver(a_clean).detach())",1,0,2.0985238435855532e-08,4.238117412569409e-07,4.028265028210853e-07,19.19570769006908,2.0985238435855532e-08,1.9977585807851028e-08,-1.007652628004507e-09,2.0099494513203808e-08,0.0250519029796123,0.0250519029796123,0.0250519029796123,0.0250519029796123,,,9.0,1.4245014190673828,1.002076119184494,3.147501519400881e-13,0.0,0.4232785050116945,151.20068522787798
darcy,30,30,1,64,loss2,"MSE(model(a_adv), solver(a_clean).detach())",1,0,1.9829137443139192e-08,4.075018296134658e-07,3.876726921703266e-07,19.550658382493587,1.9829137443139192e-08,2.184459724219323e-08,2.0154597990540424e-09,2.159864909145881e-08,0.0250519029796123,0.0250519029796123,0.0250519029796123,0.0250519029796123,,,9.0,1.4245014190673828,1.002076119184494,3.0202522340733173e-13,0.0,0.4545737779990304,140.7912270736754
darcy,31,31,1,64,loss2,"MSE(model(a_adv), solver(a_clean).detach())",1,0,2.4047821511885562e-08,4.136680900046486e-07,3.89620268492763e-07,16.20189455831558,2.4047819735528723e-08,2.1655793602803897e-08,-2.3920261327248227e-09,2.2944336208752247e-08,0.0250519029796123,0.0250519029796123,0.0250519029796123,0.0250519029796123,,,9.0,1.4245014190673828,1.002076119184494,3.734066007787807e-13,0.0,0.4289949920203071,149.18589072240374
darcy,32,32,1,64,loss2,"MSE(model(a_adv), solver(a_clean).detach())",1,0,2.5864476782544443e-08,4.251843961355917e-07,3.993199193530472e-07,15.438932815472317,2.5864475006187604e-08,2.083650940676307e-08,-5.027965599424533e-09,1.9999867539866045e-08,0.0250519029796123,0.0250519029796123,0.0250519029796123,0.0250519029796123,,,9.0,1.4245014190673828,1.002076119184494,4.1005653733661163e-13,0.0,0.4004062330059241,159.8376716554587
darcy,33,33,1,64,loss2,"MSE(model(a_adv), solver(a_clean).detach())",1,0,1.982401798272804e-08,4.102561206309474e-07,3.9043210264821937e-07,19.69490256659316,1.982401798272804e-08,1.8577738458702697e-08,-1.2462795240253401e-09,1.9137684326153703e-08,0.0250519029796123,0.0250519029796123,0.0250519029796123,0.0250519029796123,,,9.0,1.4245014190673828,1.002076119184494,3.018334551480734e-13,0.0,0.4360834399994928,146.7609042894966
darcy,34,34,1,64,loss2,"MSE(model(a_adv), solver(a_clean).detach())",1,0,1.905573832061691e-08,4.2883965534201707e-07,4.097839170214002e-07,21.504489100694883,1.905573832061691e-08,2.0764172603549014e-08,1.708434282932103e-09,2.0086302399136e-08,0.0250519029796123,0.0250519029796123,0.0250519029796123,0.0250519029796123,,,9.0,1.4245014190673828,1.002076119184494,2.872212016835629e-13,0.0,0.4139984469802584,154.58995188707036
darcy,35,35,1,64,loss2,"MSE(model(a_adv), solver(a_clean).detach())",1,0,2.2914219854897052e-08,4.496948804444401e-07,4.26780660589543e-07,18.62514470455928,2.2914219854897052e-08,2.0824565183374943e-08,-2.089654671522112e-09,2.1171346453741083e-08,0.0250519029796123,0.0250519029796123,0.0250519029796123,0.0250519029796123,,,9.0,1.4245014190673828,1.002076119184494,3.5797544941339193e-13,0.0,0.4007350669999141,159.70651253241513
darcy,36,36,1,64,loss2,"MSE(model(a_adv), solver(a_clean).detach())",1,0,2.6534602071137673e-08,4.516816431987536e-07,4.251470411276159e-07,16.022363553364105,2.6534602071137673e-08,2.0356656804665363e-08,-6.1779452664723075e-09,1.9724972766255178e-08,0.0250519029796123,0.0250519029796123,0.0250519029796123,0.0250519029796123,,,9.0,1.4245014190673828,1.002076119184494,4.206000510983271e-13,0.0,0.4000744200020563,159.97023753648398
darcy,37,37,1,64,loss2,"MSE(model(a_adv), solver(a_clean).detach())",1,0,2.020048484041581e-08,4.116701575185289e-07,3.9146967267811306e-07,19.37922162615058,2.020048661677265e-08,1.866523113847052e-08,-1.535255478302133e-09,1.9481451118963378e-08,0.0250519029796123,0.0250519029796123,0.0250519029796123,0.0250519029796123,,,9.0,1.4245014190673828,1.002076119184494,3.223018640169384e-13,0.0,0.4190212170069571,152.73689589550636
darcy,38,38,1,64,loss2,"MSE(model(a_adv), solver(a_clean).detach())",1,0,1.9136471962610813e-08,4.167519023212663e-07,3.976154303586554e-07,20.77788586817485,1.913647373896765e-08,2.1814692274801928e-08,2.6782185358342762e-09,2.097067941519981e-08,0.0250519029796123,0.0250519029796123,0.0250519029796123,0.0250519029796123,,,9.0,1.4245014190673828,1.002076119184494,2.935721869594399e-13,0.0,0.3994675439898856,160.21326629134222
darcy,39,39,1,64,loss2,"MSE(model(a_adv), solver(a_clean).detach())",1,0,2.249098685069839e-08,4.340359680554684e-07,4.1154498120477e-07,18.298218034483032,2.2490985074341552e-08,2.0375249931703365e-08,-2.115735142638186e-09,2.0707553893828393e-08,0.0250519029796123,0.0250519029796123,0.0250519029796123,0.0250519029796123,,,9.0,1.4245014190673828,1.002076119184494,3.606119851513878e-13,0.0,0.4169706359971314,153.4880264336894
darcy,40,40,1,64,loss2,"MSE(model(a_adv), solver(a_clean).detach())",1,0,2.5302425044060328e-08,4.479595077100385e-07,4.226570826659781e-07,16.704212419559983,2.5302426820417168e-08,1.9698667585998922e-08,-5.6037592344182485e-09,1.932331183951419e-08,0.0250519029796123,0.0250519029796123,0.0250519029796123,0.0250519029796123,,,9.0,1.4245014190673828,1.002076119184494,4.016805334530749e-13,0.0,0.4004664380045142,159.81364210920108
darcy,41,41,1,64,loss2,"MSE(model(a_adv), solver(a_clean).detach())",1,0,2.0142859824545667e-08,4.219538709548943e-07,4.018110111303486e-07,19.948061726603,2.0142859824545667e-08,1.761859635962537e-08,-2.5242634649202955e-09,1.759140921819835e-08,0.0250519029796123,0.0250519029796123,0.0250519029796123,0.0250519029796123,,,9.0,1.4245014190673828,1.002076119184494,3.233851717226316e-13,0.0,0.4288666420034133,149.23053866122476
darcy,42,42,1,64,loss2,"MSE(model(a_adv), solver(a_clean).detach())",1,0,1.903233837197149e-08,4.23554013195826e-07,4.045216748238545e-07,21.25443899313942,1.903233837197149e-08,1.8082429775745368e-08,-9.499085962261231e-10,1.795882553778938e-08,0.0250519029796123,0.0250519029796123,0.0250519029796123,0.0250519029796123,,,9.0,1.4245014190673828,1.002076119184494,3.0358829057434977e-13,0.0,0.4009068760205991,159.63807015550313
darcy,43,43,1,64,loss2,"MSE(model(a_adv), solver(a_clean).detach())",1,0,2.001575438725922e-08,4.174546859303519e-07,3.974389315430926e-07,19.856305380929204,2.001575438725922e-08,1.8932174938868233e-08,-1.0835794483909922e-09,1.903968271932399e-08,0.0250519029796123,0.0250519029796123,0.0250519029796123,0.0250519029796123,,,9.0,1.4245014190673828,1.002076119184494,3.27571438940924e-13,0.0,0.4020109729899559,159.1996345870863
darcy,44,44,1,64,loss2,"MSE(model(a_adv), solver(a_clean).detach())",1,0,2.318458669492429e-08,4.27201257480192e-07,4.040166707852677e-07,17.4260889832346,2.318458669492429e-08,2.0029546021760325e-08,-3.155040673163967e-09,1.993966591840035e-08,0.0250519029796123,0.0250519029796123,0.0250519029796123,0.0250519029796123,,,9.0,1.4245014190673828,1.002076119184494,3.774708952526684e-13,0.0,0.4008346929913386,159.66681806502945
darcy,45,45,1,64,loss2,"MSE(model(a_adv), solver(a_clean).detach())",1,0,2.0970793102037533e-08,4.246816445174773e-07,4.037108514154397e-07,19.251100778645085,2.0970791325680693e-08,1.8278925040249305e-08,-2.691866285431388e-09,1.8341663299281663e-08,0.0250519029796123,0.0250519029796123,0.0250519029796123,0.0250519029796123,,,9.0,1.4245014190673828,1.002076119184494,3.474167297162073e-13,0.0,0.4140780130110215,154.56024707666984
darcy,46,46,1,64,loss2,"MSE(model(a_adv), solver(a_clean).detach())",1,0,1.885166867054977e-08,4.301915623727837e-07,4.113398937022339e-07,21.8198134547544,1.8851670446906613e-08,1.8152331193732607e-08,-6.993392531740027e-10,1.8178952565506282e-08,0.0250519029796123,0.0250519029796123,0.0250519029796123,0.0250519029796123,,,9.0,1.4245014190673828,1.002076119184494,3.048735851447771e-13,0.0,0.4188913480029441,152.78424895887366
darcy,47,47,1,64,loss2,"MSE(model(a_adv), solver(a_clean).detach())",1,0,1.9587577781976503e-08,4.349143125637056e-07,4.153267347817291e-07,21.203578074053222,1.9587574229262827e-08,1.939791971494742e-08,-1.8965451431540714e-10,1.985797837278369e-08,0.0250519029796123,0.0250519029796123,0.0250519029796123,0.0250519029796123,,,9.0,1.4245014190673828,1.002076119184494,3.207445160163802e-13,0.0,0.428457010013517,149.3732124909823
darcy,48,48,1,64,loss2,"MSE(model(a_adv), solver(a_clean).detach())",1,0,2.4068823378797788e-08,4.410833582824125e-07,4.1701453490361473e-07,17.325921103021702,2.4068823378797788e-08,1.9650659766057288e-08,-4.4181636127405e-09,1.937884253067068e-08,0.0250519029796123,0.0250519029796123,0.0250519029796123,0.0250519029796123,,,9.0,1.4245014190673828,1.002076119184494,3.9241280038772313e-13,0.0,0.4286116650037002,149.31931448820342
darcy,49,49,1,64,loss2,"MSE(model(a_adv), solver(a_clean).detach())",1,0,1.987711328865771e-08,4.174134460299684e-07,3.975363327413106e-07,19.999701514412205,1.987711328865771e-08,1.7897479054340693e-08,-1.979634234317018e-09,1.7921264472420262e-08,0.0250519029796123,0.0250519029796123,0.0250519029796123,0.0250519029796123,,,9.0,1.4245014190673828,1.002076119184494,3.2941301054099925e-13,0.0,0.4006059269886464,159.75799579673676
darcy,50,50,1,64,loss2,"MSE(model(a_adv), solver(a_clean).detach())",1,0,1.8748558261449944e-08,4.24642337293335e-07,4.0589377903188506e-07,21.649332891183857,1.8748558261449944e-08,1.837734586729312e-08,-3.71212394156828e-10,1.830632534449705e-08,0.0250519029796123,0.0250519029796123,0.0250519029796123,0.0250519029796123,,,9.0,1.4245014190673828,1.002076119184494,3.048264494553282e-13,0.0,0.4278902479854878,149.57106477960818
darcy,51,51,1,64,loss2,"MSE(model(a_adv), solver(a_clean).detach())",1,0,1.9705231224520503e-08,4.280414600543736e-07,4.083362288298531e-07,20.722224681217327,1.9705233000877346e-08,1.9054086308756272e-08,-6.51146692121074e-10,1.903107715861552e-08,0.0250519029796123,0.0250519029796123,0.0250519029796123,0.0250519029796123,,,9.0,1.4245014190673828,1.002076119184494,3.2623507844817273e-13,0.0,0.4500017490063328,142.2216694519988
darcy,52,52,1,64,loss2,"MSE(model(a_adv), solver(a_clean).detach())",1,0,2.1882939904571685e-08,4.427313911037345e-07,4.208484511991628e-07,19.231805828395164,2.1882939904571685e-08,1.9154459351966583e-08,-2.728480552605106e-09,1.9222530234230817e-08,0.0250519029796123,0.0250519029796123,0.0250519029796123,0.0250519029796123,,,9.0,1.4245014190673828,1.002076119184494,3.6219521847881414e-13,0.0,0.4005915309826378,159.76373699915752
darcy,53,53,1,64,loss2,"MSE(model(a_adv), solver(a_clean).detach())",1,0,2.0940786882306384e-08,4.3121244175381445e-07,4.10271654871508e-07,19.591988456659244,2.0940785105949544e-08,1.7629078641334672e-08,-3.311706464614872e-09,1.824602158251309e-08,0.0250519029796123,0.0250519029796123,0.0250519029796123,0.0250519029796123,,,9.0,1.4245014190673828,1.002076119184494,3.4870210560179754e-13,0.0,0.3999890830018557,160.0043669184418
darcy,54,54,1,64,loss2,"MSE(model(a_adv), solver(a_clean).detach())",1,0,1.8691213909960425e-08,4.33520540354948e-07,4.148293264449876e-07,22.19381407988316,1.8691213909960425e-08,1.7751098368989915e-08,-9.401155409705098e-10,1.769089497116738e-08,0.0250519029796123,0.0250519029796123,0.0250519029796123,0.0250519029796123,,,9.0,1.4245014190673828,1.002076119184494,3.076821566624921e-13,0.0,0.429159636987606,149.1286562949728
darcy,55,55,1,64,loss2,"MSE(model(a_adv), solver(a_clean).detach())",1,0,2.070781945917588e-08,4.286431192213058e-07,4.0793529976212994e-07,19.69957776415561,2.070781945917588e-08,1.917850767085838e-08,-1.5293117883175e-09,1.9266334305712007e-08,0.0250519029796123,0.0250519029796123,0.0250519029796123,0.0250519029796123,,,9.0,1.4245014190673828,1.002076119184494,3.4455524913247493e-13,0.0,0.4355171740171499,146.9517250253828
darcy,56,56,1,64,loss2,"MSE(model(a_adv), solver(a_clean).detach())",1,0,2.1243028669459815e-08,4.31913974807685e-07,4.106709461382252e-07,19.33203370047836,2.1243028669459815e-08,1.8481840058370835e-08,-2.7611886110889827e-09,1.855372033787717e-08,0.0250519029796123,0.0250519029796123,0.0250519029796123,0.0250519029796123,,,9.0,1.4245014190673828,1.002076119184494,3.555141749565782e-13,0.0,0.4011716080131009,159.53272545127365
darcy,57,57,1,64,loss2,"MSE(model(a_adv), solver(a_clean).detach())",1,0,1.919648617842995e-08,4.367429369267484e-07,4.175464507483184e-07,21.75119169556628,1.919648440207311e-08,1.7338217972451275e-08,-1.8582664296218354e-09,1.7631146320695734e-08,0.0250519029796123,0.0250519029796123,0.0250519029796123,0.0250519029796123,,,9.0,1.4245014190673828,1.002076119184494,3.199410408914055e-13,0.0,0.4521537309919949,141.54477916081393
darcy,58,58,1,64,loss2,"MSE(model(a_adv), solver(a_clean).detach())",1,0,1.914227887311881e-08,4.352618532266206e-07,4.161195743535018e-07,21.738246376603136,1.9142275320405133e-08,1.7711025535049885e-08,-1.4312497853552484e-09,1.8129049372817008e-08,0.0250519029796123,0.0250519029796123,0.0250519029796123,0.0250519029796123,,,9.0,1.4245014190673828,1.002076119184494,3.19421274369916e-13,0.0,0.4019199250033125,159.23569850256249
darcy,59,59,1,64,loss2,"MSE(model(a_adv), solver(a_clean).detach())",1,0,2.1636108016309663e-08,4.404418234571495e-07,4.188057154408398e-07,19.35679536842472,2.1636108016309663e-08,1.842806618412851e-08,-3.208041832181152e-09,1.8323786932228362e-08,0.0250519029796123,0.0250519029796123,0.0250519029796123,0.0250519029796123,,,9.0,1.4245014190673828,1.002076119184494,3.586693388037826e-13,0.0,0.4308137189946137,148.5560862577827
darcy,60,60,1,64,loss2,"MSE(model(a_adv), solver(a_clean).detach())",1,0,1.9318061816875346e-08,4.293164295177121e-07,4.0999836770083686e-07,21.223576753578957,1.9318058264161664e-08,1.7464751422835434e-08,-1.8533068413262301e-09,1.7495201731776433e-08,0.0250519029796123,0.0250519029796123,0.0250519029796123,0.0250519029796123,,,9.0,1.4245014190673828,1.002076119184494,3.234332560889813e-13,0.0,0.4018789350229781,159.2519398816977
darcy,61,61,1,64,loss2,"MSE(model(a_adv), solver(a_clean).detach())",1,0,1.903192270447107e-08,4.3212349964960605e-07,4.130915769451349e-07,21.705194128814394,1.903192270447107e-08,1.7332835611227893e-08,-1.699087093243179e-09,1.7310015643090537e-08,0.0250519029796123,0.0250519029796123,0.0250519029796123,0.0250519029796123,,,9.0,1.4245014190673828,1.002076119184494,3.182032274392371e-13,0.0,0.4021744320052676,159.13492978877818
darcy,62,62,1,64,loss2,"MSE(model(a_adv), solver(a_clean).detach())",1,0,1.952754580258897e-08,4.291748041396204e-07,4.096472583370314e-07,20.977918191989087,1.952754580258897e-08,1.77347363461422e-08,-1.7928094564467754e-09,1.7807228580579704e-08,0.0250519029796123,0.0250519029796123,0.0250519029796123,0.0250519029796123,,,9.0,1.4245014190673828,1.002076119184494,3.2749055745885663e-13,0.0,0.4023328179901,159.07228328953968
darcy,63,63,1,64,loss2,"MSE(model(a_adv), solver(a_clean).detach())",1,0,1.9747403712244704e-08,4.322428424075042e-07,4.124954386952595e-07,20.88859096142775,1.9747401935887865e-08,1.804471594368806e-08,-1.7026859921998039e-09,1.81556760736612e-08,0.0250519029796123,0.0250519029796123,0.0250519029796123,0.0250519029796123,,,9.0,1.4245014190673828,1.002076119184494,3.3055120598167453e-13,0.0,0.4305599669751245,148.64363830578233
darcy,64,64,1,64,loss2,"MSE(model(a_adv), solver(a_clean).detach())",1,0,1.9700989284388012e-08,4.2876027350757806e-07,4.0905928422318993e-07,20.76338798617324,1.9700989284388012e-08,1.7211208458434157e-08,-2.489780825953858e-09,1.7258457774005365e-08,0.0250519029796123,0.0250519029796123,0.0250519029796123,0.0250519029796123,,,9.0,1.4245014190673828,1.002076119184494,3.311164005741913e-13,0.0,0.4291295570146758,149.13910951561712
darcy,65,65,1,64,loss2,"MSE(model(a_adv), solver(a_clean).detach())",1,0,1.9965161968116263e-08,4.242811542098935e-07,4.043159922417772e-07,20.25107499190125,1.9965160191759423e-08,1.677646288555934e-08,-3.1886973062000834e-09,1.6759362342355644e-08,0.0250519029796123,0.0250519029796123,0.0250519029796123,0.0250519029796123,,,9.0,1.4245014190673828,1.002076119184494,3.3588398989231605e-13,0.0,0.4152846290089655,154.11116985651378
darcy,66,66,1,64,loss2,"MSE(model(a_adv), solver(a_clean).detach())",1,0,1.8448004013293943e-08,4.3291919382681954e-07,4.144711898135256e-07,22.46699369291392,1.8448004013293943e-08,1.7787700201665757e-08,-6.603038116281822e-10,1.7892881842840325e-08,0.0250519029796123,0.0250519029796123,0.0250519029796123,0.0250519029796123,,,9.0,1.4245014190673828,1.002076119184494,3.0849332962289144e-13,0.0,0.4288953980139922,149.2205332497227
darcy,67,67,1,64,loss2,"MSE(model(a_adv), solver(a_clean).detach())",1,0,1.8986355598826776e-08,4.35714810009813e-07,4.167284544109862e-07,21.948838587892933,1.8986355598826776e-08,1.8176741889419645e-08,-8.096137094071311e-10,1.838177521307216e-08,0.0250519029796123,0.0250519029796123,0.0250519029796123,0.0250519029796123,,,9.0,1.4245014190673828,1.002076119184494,3.179266203599818e-13,0.0,0.438007436983753,146.1162404929073
darcy,68,68,1,64,loss2,"MSE(model(a_adv), solver(a_clean).detach())",1,0,2.15351736443381e-08,4.2977433167834533e-07,4.0823915803400723e-07,18.95685471481392,2.1535171867981265e-08,1.727212328717087e-08,-4.263048580810391e-09,1.7091001502933523e-08,0.0250519029796123,0.0250519029796123,0.0250519029796123,0.0250519029796123,,,9.0,1.4245014190673828,1.002076119184494,3.6190690201609593e-13,0.0,0.4284694730013143,149.36886763880068
darcy,69,69,1,64,loss2,"MSE(model(a_adv), solver(a_clean).detach())",1,0,1.8468155005280096e-08,4.31253823762745e-07,4.127856687574649e-07,22.35121313631212,1.8468155005280096e-08,1.6995292284605057e-08,-1.4728627206750387e-09,1.7032840027297883e-08,0.0250519029796123,0.0250519029796123,0.0250519029796123,0.0250519029796123,,,9.0,1.4245014190673828,1.002076119184494,3.075308833543761e-13,0.0,0.4288350990100298,149.2415153231269
darcy,70,70,1,64,loss2,"MSE(model(a_adv), solver(a_clean).detach())",1,0,1.8695713421834625e-08,4.368025088297145e-07,4.1810679540788e-07,22.363778582505184,1.8695711645477783e-08,1.802789384441894e-08,-6.678178010588454e-10,1.8806948887117872e-08,0.0250519029796123,0.0250519029796123,0.0250519029796123,0.0250519029796123,,,9.0,1.4245014190673828,1.002076119184494,3.13742928121849e-13,0.0,0.4312798040045891,148.3955413764726
darcy,71,71,1,64,loss2,"MSE(model(a_adv), solver(a_clean).detach())",1,0,2.1208274247896952e-08,4.394770485305344e-07,4.182687742826374e-07,19.72196178687729,2.1208272471540116e-08,1.812924566024776e-08,-3.0790268112923513e-09,1.8141165014640137e-08,0.0250519029796123,0.0250519029796123,0.0250519029796123,0.0250519029796123,,,9.0,1.4245014190673828,1.002076119184494,3.539771286416999e-13,0.0,0.4293796310084872,149.05224975316764
darcy,72,72,1,64,loss2,"MSE(model(a_adv), solver(a_clean).detach())",1,0,1.879221933620556e-08,4.333259653321875e-07,4.145337459959819e-07,22.058796706216107,1.8792217559848723e-08,1.69134786176528e-08,-1.8787389421959233e-09,1.7013275677157935e-08,0.0250519029796123,0.0250519029796123,0.0250519029796123,0.0250519029796123,,,9.0,1.4245014190673828,1.002076119184494,3.1519060907266033e-13,0.0,0.4278575540229212,149.58249398249816
darcy,73,73,1,64,loss2,"MSE(model(a_adv), solver(a_clean).detach())",1,0,1.8958310477046325e-08,4.360369132427877e-07,4.170786027657414e-07,21.999776998626388,1.8958310477046325e-08,1.7088652271013416e-08,-1.869658206032909e-09,1.7227145043818837e-08,0.0250519029796123,0.0250519029796123,0.0250519029796123,0.0250519029796123,,,9.0,1.4245014190673828,1.002076119184494,3.189470714447251e-13,0.0,0.4346665449847933,147.23930502228788
darcy,74,74,1,64,loss2,"MSE(model(a_adv), solver(a_clean).detach())",1,0,1.906965430009677e-08,4.331872105467483e-07,4.141175562466515e-07,21.71604947471701,1.906965430009677e-08,1.754108502893814e-08,-1.5285692711586307e-09,1.7847681554883366e-08,0.0250519029796123,0.0250519029796123,0.0250519029796123,0.0250519029796123,,,9.0,1.4245014190673828,1.002076119184494,3.203828532766934e-13,0.0,0.3998227890115231,160.07091581304408
darcy,75,75,1,64,loss2,"MSE(model(a_adv), solver(a_clean).detach())",1,0,1.9827682606887723e-08,4.2583957338138134e-07,4.060118907744936e-07,20.47702189026637,1.9827682606887723e-08,1.710489883066657e-08,-2.722783776221149e-09,1.7105111105308882e-08,0.0250519029796123,0.0250519029796123,0.0250519029796123,0.0250519029796123,,,9.0,1.4245014190673828,1.002076119184494,3.34926259903251e-13,0.0,0.410278022987768,155.99178219182383
darcy,76,76,1,64,loss2,"MSE(model(a_adv), solver(a_clean).detach())",1,0,2.0721419247138332e-08,4.2333019223406165e-07,4.026087729869232e-07,19.42959447830893,2.0721417470781492e-08,1.653450709682147e-08,-4.186910373960018e-09,1.6495906862701304e-08,0.0250519029796123,0.0250519029796123,0.0250519029796123,0.0250519029796123,,,9.0,1.4245014190673828,1.002076119184494,3.505362504169912e-13,0.0,0.400628062983742,159.74916865121654
darcy,77,77,1,64,loss2,"MSE(model(a_adv), solver(a_clean).detach())",1,0,1.833598517464452e-08,4.35492211181554e-07,4.171562260069095e-07,22.75068517091539,1.833598517464452e-08,1.7354043535533492e-08,-9.81941639111028e-10,1.7438275712322593e-08,0.0250519029796123,0.0250519029796123,0.0250519029796123,0.0250519029796123,,,9.0,1.4245014190673828,1.002076119184494,3.086388566594933e-13,0.0,0.4005837439908646,159.7668426641385
darcy,78,78,1,64,loss2,"MSE(model(a_adv), solver(a_clean).detach())",1,0,1.9029345210697105e-08,4.387753165246977e-07,4.197459713140006e-07,22.057825251814013,1.9029345210697105e-08,1.8130705825569752e-08,-8.986393851273532e-10,1.8074349128482936e-08,0.0250519029796123,0.0250519029796123,0.0250519029796123,0.0250519029796123,,,9.0,1.4245014190673828,1.002076119184494,3.195667200913549e-13,0.0,0.4003421780071221,159.86324578286485
darcy,79,79,1,64,loss2,"MSE(model(a_adv), solver(a_clean).detach())",1,0,2.0645572362809617e-08,4.279360723558057e-07,4.072904999929961e-07,19.727740787980203,2.0645570586452777e-08,1.6809837077857992e-08,-3.835733508594785e-09,1.6798534119288888e-08,0.0250519029796123,0.0250519029796123,0.0250519029796123,0.0250519029796123,,,9.0,1.4245014190673828,1.002076119184494,3.488479578990511e-13,0.0,0.428143380995607,149.4826332505107
darcy,80,80,1,64,loss2,"MSE(model(a_adv), solver(a_clean).detach())",1,0,1.9365518966196763e-08,4.262487891537603e-07,4.0688327018756354e-07,21.01070830571561,1.9365518966196763e-08,1.6359368970597643e-08,-3.0061499955991167e-09,1.6328652208130734e-08,0.0250519029796123,0.0250519029796123,0.0250519029796123,0.0250519029796123,,,9.0,1.4245014190673828,1.002076119184494,3.269215139486276e-13,0.0,0.3999985579866916,160.00057680740278
darcy,81,81,1,64,loss2,"MSE(model(a_adv), solver(a_clean).detach())",1,0,1.7987213496439836e-08,4.316616468713619e-07,4.136744333749221e-07,22.99825003226873,1.7987211720082996e-08,1.7344650160566744e-08,-6.425615595162525e-10,1.7269699448263512e-08,0.0250519029796123,0.0250519029796123,0.0250519029796123,0.0250519029796123,,,9.0,1.4245014190673828,1.002076119184494,3.01908102467649e-13,0.0,0.3998081269965041,160.07678603431592
darcy,82,82,1,64,loss2,"MSE(model(a_adv), solver(a_clean).detach())",1,0,2.037693036527344e-08,4.353761653419497e-07,4.149992349766762e-07,20.366131087336,2.037693036527344e-08,1.825052287074413e-08,-2.126407494529303e-09,1.8728581352434048e-08,0.0250519029796123,0.0250519029796123,0.0250519029796123,0.0250519029796123,,,9.0,1.4245014190673828,1.002076119184494,3.400863304078156e-13,0.0,0.3998695519985631,160.0521962228071
darcy,83,83,1,64,loss2,"MSE(model(a_adv), solver(a_clean).detach())",1,0,2.108727059635385e-08,4.3355609591344557e-07,4.124688253170916e-07,19.560085950071255,2.1087268819997007e-08,1.6874432517965943e-08,-4.212836302031064e-09,1.7819742126334862e-08,0.0250519029796123,0.0250519029796123,0.0250519029796123,0.0250519029796123,,,9.0,1.4245014190673828,1.002076119184494,3.5648141881970685e-13,0.0,0.403053985995939,158.7876617616302
darcy,84,84,1,64,loss2,"MSE(model(a_adv), solver(a_clean).detach())",1,0,1.798980697742536e-08,4.287877004571783e-07,4.1079789347975293e-07,22.83503619551036,1.79898087537822e-08,1.6828090920739672e-08,-1.1617178330425302e-09,1.6632637489522043e-08,0.0250519029796123,0.0250519029796123,0.0250519029796123,0.0250519029796123,,,9.0,1.4245014190673828,1.002076119184494,2.995197677119893e-13,0.0,0.4176810529897921,153.22696479019874
darcy,85,85,1,64,loss2,"MSE(model(a_adv), solver(a_clean).detach())",1,0,2.0835079439507357e-08,4.211112241137016e-07,4.0027614467419436e-07,19.21164475692821,2.0835079439507357e-08,1.7952851649738477e-08,-2.882227789768876e-09,1.8286702818670623e-08,0.0250519029796123,0.0250519029796123,0.0250519029796123,0.0250519029796123,,,9.0,1.4245014190673828,1.002076119184494,3.4874051346375783e-13,0.0,0.4113416050095111,155.58844332928632
darcy,86,86,1,64,loss2,"MSE(model(a_adv), solver(a_clean).detach())",1,0,1.9406986240255722e-08,4.315020589729102e-07,4.1209507273265444e-07,21.234367234096847,1.9406986240255722e-08,1.6916217759899155e-08,-2.490768480356564e-09,1.7044458289205977e-08,0.0250519029796123,0.0250519029796123,0.0250519029796123,0.0250519029796123,,,9.0,1.4245014190673828,1.002076119184494,3.289615758614306e-13,0.0,0.4003903599805198,159.8440082401429
darcy,87,87,1,64,loss2,"MSE(model(a_adv), solver(a_clean).detach())",1,0,1.81548465150172e-08,4.374223863123916e-07,4.192675397973744e-07,23.09397325119591,1.815484829137404e-08,1.666518478771195e-08,-1.4896635036620862e-09,1.668911941976603e-08,0.0250519029796123,0.0250519029796123,0.0250519029796123,0.0250519029796123,,,9.0,1.4245014190673828,1.002076119184494,3.026983503261194e-13,0.0,0.4002366890199482,159.90538038058318
darcy,88,88,1,64,loss2,"MSE(model(a_adv), solver(a_clean).detach())",1,0,2.01999341697956e-08,4.292365929359221e-07,4.090366587661265e-07,20.249405534090684,2.01999341697956e-08,1.7042989242099793e-08,-3.156944927695804e-09,1.7156499332315892e-08,0.0250519029796123,0.0250519029796123,0.0250519029796123,0.0250519029796123,,,9.0,1.4245014190673828,1.002076119184494,3.417859257334039e-13,0.0,0.4010736839845776,159.57167611740132
darcy,89,89,1,64,loss2,"MSE(model(a_adv), solver(a_clean).detach())",1,0,1.89089188751268e-08,4.371130444269511e-07,4.182041255518243e-07,22.116765549295312,1.89089188751268e-08,1.7839870025682103e-08,-1.069048849444698e-09,1.799081328357488e-08,0.0250519029796123,0.0250519029796123,0.0250519029796123,0.0250519029796123,,,9.0,1.4245014190673828,1.002076119184494,3.204576903316492e-13,0.0,0.4260734200070146,150.20885367349678
darcy,90,90,1,64,loss2,"MSE(model(a_adv), solver(a_clean).detach())",1,0,1.8992359684943952e-08,4.349407731751853e-07,4.159484134902414e-07,21.90082856423477,1.8992357908587113e-08,1.660277781923014e-08,-2.389580089356968e-09,1.7077064207171592e-08,0.0250519029796123,0.0250519029796123,0.0250519029796123,0.0250519029796123,,,9.0,1.4245014190673828,1.002076119184494,3.221654713836397e-13,0.0,0.4104631189838983,155.92143858973745
darcy,91,91,1,64,loss2,"MSE(model(a_adv), solver(a_clean).detach())",1,0,1.9587528043985003e-08,4.2708606429187057e-07,4.074985362478856e-07,20.803979722853363,1.9587528043985003e-08,1.6419168247239213e-08,-3.1683597967457903e-09,1.7153229947552973e-08,0.0250519029796123,0.0250519029796123,0.0250519029796123,0.0250519029796123,,,9.0,1.4245014190673828,1.002076119184494,3.326588950049864e-13,0.0,0.4228612029983196,151.34989813727205
darcy,92,92,1,64,loss2,"MSE(model(a_adv), solver(a_clean).detach())",1,0,1.8069689744493193e-08,4.374866762191232e-07,4.1941698647463e-07,23.21107846372675,1.8069687968136353e-08,1.8023262882138624e-08,-4.6425085997725546e-11,1.797766113753596e-08,0.0250519029796123,0.0250519029796123,0.0250519029796123,0.0250519029796123,,,9.0,1.4245014190673828,1.002076119184494,3.049828727237636e-13,0.0,0.400690337002743,159.72434094302074
darcy,93,93,1,64,loss2,"MSE(model(a_adv), solver(a_clean).detach())",1,0,2.3149674177602723e-08,4.320523316891922e-07,4.089026575115895e-07,17.663430352173265,2.3149674177602723e-08,1.6997939056295763e-08,-6.151735121306956e-09,1.6824251325431305e-08,0.0250519029796123,0.0250519029796123,0.0250519029796123,0.0250519029796123,,,9.0,1.4245014190673828,1.002076119184494,3.8977737595695394e-13,0.0,0.4012207410123665,159.513189269613
darcy,94,94,1,64,loss2,"MSE(model(a_adv), solver(a_clean).detach())",1,0,1.7769838933645588e-08,4.33223647178238e-07,4.154538082445925e-07,23.37971715984257,1.7769837157288748e-08,1.7488062553638883e-08,-2.8177460364986473e-10,1.744423716587562e-08,0.0250519029796123,0.0250519029796123,0.0250519029796123,0.0250519029796123,,,9.0,1.4245014190673828,1.002076119184494,2.977183386973503e-13,0.0,0.4004016740072984,159.83949157723407
darcy,95,95,1,64,loss2,"MSE(model(a_adv), solver(a_clean).detach())",1,0,2.0688284863013e-08,4.326778935137554e-07,4.119896086507424e-07,19.914150031224057,2.068828308665616e-08,1.7993587064779604e-08,-2.694696021876552e-09,1.9058812306127493e-08,0.0250519029796123,0.0250519029796123,0.0250519029796123,0.0250519029796123,,,9.0,1.4245014190673828,1.002076119184494,3.485315877051199e-13,0.0,0.4078390829963609,156.92463686853438
darcy,96,96,1,64,loss2,"MSE(model(a_adv), solver(a_clean).detach())",1,0,2.1574209085883922e-08,4.3104540736749197e-07,4.0947119828160805e-07,18.97966208872641,2.1574207309527086e-08,1.6858095364113982e-08,-4.716111945413104e-09,1.7359687909390686e-08,0.0250519029796123,0.0250519029796123,0.0250519029796123,0.0250519029796123,,,9.0,1.4245014190673828,1.002076119184494,3.6550217063016643e-13,0.0,0.4280112929991446,149.52876488735052
darcy,97,97,1,64,loss2,"MSE(model(a_adv), solver(a_clean).detach())",1,0,1.7702490140436566e-08,4.293389679332904e-07,4.116364777928538e-07,23.253026807374475,1.7702488364079727e-08,1.701636875850454e-08,-6.86119605575186e-10,1.6596181318107032e-08,0.0250519029796123,0.0250519029796123,0.0250519029796123,0.0250519029796123,,,9.0,1.4245014190673828,1.002076119184494,2.9187047743961525e-13,0.0,0.4240978650050238,150.90856446363358
darcy,98,98,1,64,loss2,"MSE(model(a_adv), solver(a_clean).detach())",1,0,2.167145041198637e-08,4.220703146984306e-07,4.003988642864442e-07,18.47586832789861,2.167144863562953e-08,1.6724769125175953e-08,-4.946679510453578e-09,1.7013670472465492e-08,0.0250519029796123,0.0250519029796123,0.0250519029796123,0.0250519029796123,,,9.0,1.4245014190673828,1.002076119184494,3.60707693098164e-13,0.0,0.4020781239960342,159.1730466804288
darcy,99,99,1,64,loss2,"MSE(model(a_adv), solver(a_clean).detach())",1,0,1.9600292944232933e-08,4.214434738969431e-07,4.018431809527101e-07,20.501896685730195,1.9600292944232933e-08,1.5627811933427438e-08,-3.972481010805495e-09,1.634270230255197e-08,0.0250519029796123,0.0250519029796123,0.0250519029796123,0.0250519029796123,,,9.0,1.4245014190673828,1.002076119184494,3.325610457589196e-13,0.0,0.4000597060075961,159.97612116123688
darcy,100,100,1,64,loss2,"MSE(model(a_adv), solver(a_clean).detach())",1,0,1.771592650356979e-08,4.355315468274057e-07,4.178156203238359e-07,23.584181173908423,1.771592650356979e-08,1.7122687268056325e-08,-5.932392355134651e-10,1.735685906112394e-08,0.0250519029796123,0.0250519029796123,0.0250519029796123,0.0250519029796123,,,9.0,1.4245014190673828,1.002076119184494,2.954717904807974e-13,0.0,0.40090873700683,159.63732912837384
darcy,101,101,1,64,loss2,"MSE(model(a_adv), solver(a_clean).detach())",1,0,2.1691999307904556e-08,4.366225425656012e-07,4.149305432576967e-07,19.12827570054809,2.1691999307904556e-08,1.8520520228548776e-08,-3.1714790793557764e-09,1.8400548640329362e-08,0.0250519029796123,0.0250519029796123,0.0250519029796123,0.0250519029796123,,,9.0,1.4245014190673828,1.002076119184494,3.606879064085161e-13,0.0,0.4336183790001087,147.59521989722663
darcy,102,102,1,64,loss2,"MSE(model(a_adv), solver(a_clean).detach())",1,0,1.9210311563711e-08,4.260248829268676e-07,4.068145713631566e-07,21.176885654038248,1.9210309787354163e-08,1.6503651778521092e-08,-2.7066580088330742e-09,1.7657855622132956e-08,0.0250519029796123,0.0250519029796123,0.0250519029796123,0.0250519029796123,,,9.0,1.4245014190673828,1.002076119184494,3.2737305704841346e-13,0.0,0.4035229330183938,158.60312949569754
darcy,103,103,1,64,loss2,"MSE(model(a_adv), solver(a_clean).detach())",1,0,1.8814077407114386e-08,4.275498213246465e-07,4.087357439175321e-07,21.724995335831466,1.8814077407114386e-08,1.5927266616699853e-08,-2.886810790414529e-09,1.6066727503982747e-08,0.0250519029796123,0.0250519029796123,0.0250519029796123,0.0250519029796123,,,9.0,1.4245014190673828,1.002076119184494,3.191503322470119e-13,0.0,0.400296273001004,159.88157851232225
darcy,104,104,1,64,loss2,"MSE(model(a_adv), solver(a_clean).detach())",1,0,2.0593635241539232e-08,4.287220747301035e-07,4.0812843948856425e-07,19.818183370817994,2.0593633465182396e-08,1.6788003875944923e-08,-3.805629589237469e-09,1.6877596209496918e-08,0.0250519029796123,0.0250519029796123,0.0250519029796123,0.0250519029796123,,,9.0,1.4245014190673828,1.002076119184494,3.485869633310795e-13,0.0,0.401024661026895,159.59118283677768
darcy,105,105,1,64,loss2,"MSE(model(a_adv), solver(a_clean).detach())",1,0,1.845990382776108e-08,4.3859165543835843e-07,4.201317516105974e-07,22.75915170147196,1.845990382776108e-08,1.6784680312298406e-08,-1.675223515462676e-09,1.6903268118539927e-08,0.0250519029796123,0.0250519029796123,0.0250519029796123,0.0250519029796123,,,9.0,1.4245014190673828,1.002076119184494,3.1347521150040797e-13,0.0,0.4154755139898043,154.04036542468913
darcy,106,106,1,64,loss2,"MSE(model(a_adv), solver(a_clean).detach())",1,0,2.0139939493901693e-08,4.273177012237284e-07,4.0717776172982667e-07,20.2174272595565,2.0139939493901693e-08,1.5941770570293556e-08,-4.1981689236081365e-09,1.5919733087343957e-08,0.0250519029796123,0.0250519029796123,0.0250519029796123,0.0250519029796123,,,9.0,1.4245014190673828,1.002076119184494,3.4124913723780625e-13,0.0,0.3998901680170093,160.04394485957397
darcy,107,107,1,64,loss2,"MSE(model(a_adv), solver(a_clean).detach())",1,0,1.8185422945293798e-08,4.378993025966338e-07,4.1971387965134e-07,23.079687556013525,1.8185422945293798e-08,1.682672312597333e-08,-1.3586998193204636e-09,1.6984096795624737e-08,0.0250519029796123,0.0250519029796123,0.0250519029796123,0.0250519029796123,,,9.0,1.4245014190673828,1.002076119184494,3.08941457485834e-13,0.0,0.4301096429990139,148.799267911663
darcy,108,108,1,64,loss2,"MSE(model(a_adv), solver(a_clean).detach())",1,0,1.9232341941233244e-08,4.27185142370945e-07,4.079528004297117e-07,21.211810900422893,1.9232341941233244e-08,1.6566737315315553e-08,-2.6656046259176942e-09,1.6629193133610446e-08,0.0250519029796123,0.0250519029796123,0.0250519029796123,0.0250519029796123,,,9.0,1.4245014190673828,1.002076119184494,3.272559632137851e-13,0.0,0.4214286809728946,151.8643673046931
darcy,109,109,1,64,loss2,"MSE(model(a_adv), solver(a_clean).detach())",1,0,2.0395360067482216e-08,4.1702318753777945e-07,3.9662782747029723e-07,19.446963728905644,2.0395360067482216e-08,1.5790490692779713e-08,-4.604869374702503e-09,1.5848952372721214e-08,0.0250519029796123,0.0250519029796123,0.0250519029796123,0.0250519029796123,,,9.0,1.4245014190673828,1.002076119184494,3.4755932940694345e-13,0.0,0.3996869839902501,160.12530445965484
darcy,110,110,1,64,loss2,"MSE(model(a_adv), solver(a_clean).detach())",1,0,1.7873645674626463e-08,4.3306511088303523e-07,4.151914652084088e-07,23.22925455537128,1.787364389826962e-08,1.6924007084639925e-08,-9.49636813629695e-10,1.6928416446404526e-08,0.0250519029796123,0.0250519029796123,0.0250519029796123,0.0250519029796123,,,9.0,1.4245014190673828,1.002076119184494,3.0347306698846893e-13,0.0,0.4000842829991597,159.96629390246358
darcy,111,111,1,64,loss2,"MSE(model(a_adv), solver(a_clean).detach())",1,0,2.1094727742365652e-08,4.33466453841902e-07,4.123717260995363e-07,19.54856830274934,2.1094727742365652e-08,1.7389123030397968e-08,-3.7056047119676805e-09,1.7712343591824723e-08,0.0250519029796123,0.0250519029796123,0.0250519029796123,0.0250519029796123,,,9.0,1.4245014190673828,1.002076119184494,3.530873510237953e-13,0.0,0.401208017981844,159.51824772080255
darcy,112,112,1,64,loss2,"MSE(model(a_adv), solver(a_clean).detach())",1,0,1.924216874726881e-08,4.300522959965747e-07,4.108101272493059e-07,21.349471187213,1.924217052362565e-08,1.5698823574439302e-08,-3.5433469491863434e-09,1.572444841002607e-08,0.0250519029796123,0.0250519029796123,0.0250519029796123,0.0250519029796123,,,9.0,1.4245014190673828,1.002076119184494,3.264019371625182e-13,0.0,0.4029752000060398,158.81870645896018
darcy,113,113,1,64,loss2,"MSE(model(a_adv), solver(a_clean).detach())",1,0,1.7668547513949306e-08,4.331645300226228e-07,4.154959825086735e-07,23.51613691961038,1.7668547513949306e-08,1.6543317826744897e-08,-1.1252296872044099e-09,1.7331934998310317e-08,0.0250519029796123,0.0250519029796123,0.0250519029796123,0.0250519029796123,,,9.0,1.4245014190673828,1.002076119184494,2.9484284480053857e-13,0.0,0.4344277459895238,147.32024045615023
darcy,114,114,1,64,loss2,"MSE(model(a_adv), solver(a_clean).detach())",1,0,1.9714754273536528e-08,4.199788747882849e-07,4.002641205147484e-07,20.302769943829844,1.9714752497179692e-08,1.695502938048321e-08,-2.759723116696477e-09,1.7038371602495772e-08,0.0250519029796123,0.0250519029796123,0.0250519029796123,0.0250519029796123,,,9.0,1.4245014190673828,1.002076119184494,3.3315621854150546e-13,0.0,0.4006990159978159,159.72088137183957
darcy,115,115,1,64,loss2,"MSE(model(a_adv), solver(a_clean).detach())",1,0,1.881355871091728e-08,4.341368367022369e-07,4.1532327799131963e-07,22.0757425202236,1.881355693456044e-08,1.6128716140428878e-08,-2.6848407941315604e-09,1.6246943346232e-08,0.0250519029796123,0.0250519029796123,0.0250519029796123,0.0250519029796123,,,9.0,1.4245014190673828,1.002076119184494,3.20760562208533e-13,0.0,0.4420874729985371,144.76773016414282
darcy,116,116,1,64,loss2,"MSE(model(a_adv), solver(a_clean).detach())",1,0,1.9425350217261442e-08,4.352647806626919e-07,4.158394304454305e-07,21.407049334735493,1.9425350217261442e-08,1.6125486723694852e-08,-3.29986349356659e-09,1.6109829914512375e-08,0.0250519029796123,0.0250519029796123,0.0250519029796123,0.0250519029796123,,,9.0,1.4245014190673828,1.002076119184494,3.310374977610886e-13,0.0,0.4013044840248767,159.47990253712854
darcy,117,117,1,64,loss2,"MSE(model(a_adv), solver(a_clean).detach())",1,0,1.857751641409777e-08,4.433901494849124e-07,4.248126330708146e-07,22.86703042546852,1.857751641409777e-08,1.718836273312263e-08,-1.3891536809751415e-09,1.7176626343484713e-08,0.0250519029796123,0.0250519029796123,0.0250519029796123,0.0250519029796123,,,9.0,1.4245014190673828,1.002076119184494,3.1521093786339443e-13,0.0,0.4004473759850953,159.82124952763354
darcy,118,118,1,64,loss2,"MSE(model(a_adv), solver(a_clean).detach())",1,0,2.0013464663293238e-08,4.240562816448801e-07,4.040428169815869e-07,20.18854924817906,2.0013464663293238e-08,1.5495755789629584e-08,-4.5177088736636514e-09,1.5652010354472168e-08,0.0250519029796123,0.0250519029796123,0.0250519029796123,0.0250519029796123,,,9.0,1.4245014190673828,1.002076119184494,3.397761672713218e-13,0.0,0.4260367820097599,150.22177122381385
darcy,119,119,1,64,loss2,"MSE(model(a_adv), solver(a_clean).detach())",1,0,1.8438587545688282e-08,4.282318855075573e-07,4.09793297961869e-07,22.22476623800265,1.8438587545688282e-08,1.5584703305648873e-08,-2.853884240039406e-09,1.5524222796159393e-08,0.0250519029796123,0.0250519029796123,0.0250519029796123,0.0250519029796123,,,9.0,1.4245014190673828,1.002076119184494,3.1233866946804583e-13,0.0,0.4003354519954882,159.86593163555565
darcy,120,120,1,64,loss2,"MSE(model(a_adv), solver(a_clean).detach())",1,0,1.9416203755895367e-08,4.288035029276216e-07,4.093872991717263e-07,21.08482710207568,1.9416203755895367e-08,1.639103786033047e-08,-3.025165895564896e-09,1.6453861384491123e-08,0.0250519029796123,0.0250519029796123,0.0250519029796123,0.0250519029796123,,,9.0,1.4245014190673828,1.002076119184494,3.2990168756519283e-13,0.0,0.3999564190162346,160.01743429301527
darcy,121,121,1,64,loss2,"MSE(model(a_adv), solver(a_clean).detach())",1,0,1.921289083384181e-08,4.35285983257927e-07,4.160730924240852e-07,21.65593382184888,1.921289261019865e-08,1.6606268360419563e-08,-2.606624249779088e-09,1.6616826137294538e-08,0.0250519029796123,0.0250519029796123,0.0250519029796123,0.0250519029796123,,,9.0,1.4245014190673828,1.002076119184494,3.268676019956007e-13,0.0,0.4007451579964254,159.70249102940096
darcy,122,122,1,64,loss2,"MSE(model(a_adv), solver(a_clean).detach())",1,0,1.919784509141209e-08,4.348953552835156e-07,4.156975101921034e-07,21.6533422481912,1.919784509141209e-08,1.5816763010434446e-08,-3.3810820809776483e-09,1.5824612731307752e-08,0.0250519029796123,0.0250519029796123,0.0250519029796123,0.0250519029796123,,,9.0,1.4245014190673828,1.002076119184494,3.275833109547127e-13,0.0,0.4000367740227375,159.98529174310943
darcy,123,123,1,64,loss2,"MSE(model(a_adv), solver(a_clean).detach())",1,0,1.8251292033255595e-08,4.3225119839007686e-07,4.139999063568212e-07,22.683320479584346,1.8251292033255595e-08,1.6006781677901927e-08,-2.2445103553536683e-09,1.5999863656190882e-08,0.0250519029796123,0.0250519029796123,0.0250519029796123,0.0250519029796123,,,9.0,1.4245014190673828,1.002076119184494,3.1081007993011283e-13,0.0,0.3998856869875453,160.0457382761822
darcy,124,124,1,64,loss2,"MSE(model(a_adv), solver(a_clean).detach())",1,0,1.967191565199755e-08,4.1908450043592893e-07,3.994125847839314e-07,20.303695473774244,1.967191565199755e-08,1.543667593750797e-08,-4.23523971448958e-09,1.5515707385560518e-08,0.0250519029796123,0.0250519029796123,0.0250519029796123,0.0250519029796123,,,9.0,1.4245014190673828,1.002076119184494,3.344270119078757e-13,0.0,0.4000920040125493,159.9632068577721
darcy,125,125,1,64,loss2,"MSE(model(a_adv), solver(a_clean).detach())",1,0,1.873562460730227e-08,4.392768460093066e-07,4.2054122140200434e-07,22.446074268487266,1.873562283094543e-08,1.6289206428155012e-08,-2.446416402790419e-09,1.658053783160085e-08,0.0250519029796123,0.0250519029796123,0.0250519029796123,0.0250519029796123,,,9.0,1.4245014190673828,1.002076119184494,3.185417695675957e-13,0.0,0.4384288040164392,145.97581047070133
darcy,126,126,1,64,loss2,"MSE(model(a_adv), solver(a_clean).detach())",1,0,1.895136492180427e-08,4.401466640047147e-07,4.211952990829104e-07,22.225064042659486,1.8951366698161113e-08,1.5229902672331264e-08,-3.721464025829846e-09,1.523257608937456e-08,0.0250519029796123,0.0250519029796123,0.0250519029796123,0.0250519029796123,,,9.0,1.4245014190673828,1.002076119184494,3.224589649117316e-13,0.0,0.4058696140127722,157.68610851953554
darcy,127,127,1,64,loss2,"MSE(model(a_adv), solver(a_clean).detach())",1,0,1.7486014414203055e-08,4.423276322995662e-07,4.248416178853631e-07,24.29608073182672,1.7486014414203055e-08,1.745169875277952e-08,-3.431566142353404e-11,1.7176317257394658e-08,0.0250519029796123,0.0250519029796123,0.0250519029796123,0.0250519029796123,,,9.0,1.4245014190673828,1.002076119184494,2.970012744855227e-13,0.0,0.4257598489930387,150.3194821009212
darcy,128,128,1,64,loss2,"MSE(model(a_adv), solver(a_clean).detach())",1,0,2.172989432835948e-08,4.2541864786471706e-07,4.036887535363576e-07,18.577575548055343,2.172989432835948e-08,1.6220134568811773e-08,-5.5097597595477055e-09,1.6591489959694172e-08,0.0250519029796123,0.0250519029796123,0.0250519029796123,0.0250519029796123,,,9.0,1.4245014190673828,1.002076119184494,3.6538304391646464e-13,0.0,0.4172494999947957,153.38544444223
darcy,129,129,1,64,loss2,"MSE(model(a_adv), solver(a_clean).detach())",1,0,1.8295040149496344e-08,4.3127946014465124e-07,4.129844199951549e-07,22.573572761824423,1.8295040149496344e-08,1.5960186061647622e-08,-2.334854087848725e-09,1.6906489541668183e-08,0.0250519029796123,0.0250519029796123,0.0250519029796123,0.0250519029796123,,,9.0,1.4245014190673828,1.002076119184494,3.08234774509808e-13,0.0,0.3995853819942567,160.16601928876335
darcy,130,130,1,64,loss2,"MSE(model(a_adv), solver(a_clean).detach())",1,0,1.8125003720115277e-08,4.358064131793072e-07,4.1768140945919196e-07,23.044486826540385,1.8125005496472116e-08,1.6942538039188548e-08,-1.1824674572835647e-09,1.7444110156361603e-08,0.0250519029796123,0.0250519029796123,0.0250519029796123,0.0250519029796123,,,9.0,1.4245014190673828,1.002076119184494,3.079723162689036e-13,0.0,0.418562605016632,152.9042471375504
darcy,131,131,1,64,loss2,"MSE(model(a_adv), solver(a_clean).detach())",1,0,2.3395696047145972e-08,4.3204553890063845e-07,4.086498428534924e-07,17.46688117463995,2.3395694270789136e-08,1.659190829172985e-08,-6.803785979059285e-09,1.6389133605798634e-08,0.0250519029796123,0.0250519029796123,0.0250519029796123,0.0250519029796123,,,9.0,1.4245014190673828,1.002076119184494,3.8906443171338184e-13,0.0,0.40071203399566,159.71569249326103
darcy,132,132,1,64,loss2,"MSE(model(a_adv), solver(a_clean).detach())",1,0,1.7326685863849892e-08,4.295885105420894e-07,4.1226182467823946e-07,23.79346101832294,1.7326685863849892e-08,1.719914344278095e-08,-1.2754242106893798e-10,1.6726532159339058e-08,0.0250519029796123,0.0250519029796123,0.0250519029796123,0.0250519029796123,,,9.0,1.4245014190673828,1.002076119184494,2.865730927299054e-13,0.0,0.4014482119819149,159.4228049591691
darcy,133,133,1,64,loss2,"MSE(model(a_adv), solver(a_clean).detach())",1,0,2.173484503487089e-08,4.279573886378785e-07,4.062225436030076e-07,18.68992131994838,2.173484503487089e-08,1.6118338663773102e-08,-5.616506371097785e-09,1.6005221592507723e-08,0.0250519029796123,0.0250519029796123,0.0250519029796123,0.0250519029796123,,,9.0,1.4245014190673828,1.002076119184494,3.6709304758290873e-13,0.0,0.4003116609819699,159.87543266415756
darcy,134,134,1,64,loss2,"MSE(model(a_adv), solver(a_clean).detach())",1,0,1.801867810513613e-08,4.3573129460128257e-07,4.1771261649614644e-07,23.18220093942849,1.801867810513613e-08,1.710004049471081e-08,-9.186376104253211e-10,1.7518837935881493e-08,0.0250519029796123,0.0250519029796123,0.0250519029796123,0.0250519029796123,,,9.0,1.4245014190673828,1.002076119184494,3.0637447331720297e-13,0.0,0.3997820040094666,160.0872459443785
darcy,135,135,1,64,loss2,"MSE(model(a_adv), solver(a_clean).detach())",1,0,1.9756559055394973e-08,4.28098474003491e-07,4.08341914948096e-07,20.668675845988933,1.9756559055394973e-08,1.5357798588411242e-08,-4.398760466983731e-09,1.5614809001363028e-08,0.0250519029796123,0.0250519029796123,0.0250519029796123,0.0250519029796123,,,9.0,1.4245014190673828,1.002076119184494,3.355718480868575e-13,0.0,0.4277949170209467,149.60439559609418
darcy,136,136,1,64,loss2,"MSE(model(a_adv), solver(a_clean).detach())",1,0,1.920806269595232e-08,4.275934202269127e-07,4.083853575309604e-07,21.261142468939287,1.920806447230916e-08,1.572252550374742e-08,-3.485538968561741e-09,1.5813132581143918e-08,0.0250519029796123,0.0250519029796123,0.0250519029796123,0.0250519029796123,,,9.0,1.4245014190673828,1.002076119184494,3.285120927457724e-13,0.0,0.4054002229822799,157.86868475106252
darcy,137,137,1,64,loss2,"MSE(model(a_adv), solver(a_clean).detach())",1,0,1.7751281333744373e-08,4.327456508690375e-07,4.149943695352931e-07,23.37827685409998,1.7751279557387534e-08,1.5804852537826264e-08,-1.9464270195612703e-09,1.6004302327843334e-08,0.0250519029796123,0.0250519029796123,0.0250519029796123,0.0250519029796123,,,9.0,1.4245014190673828,1.002076119184494,3.0397548627519866e-13,0.0,0.4003616239933762,159.8554810564432
darcy,138,138,1,64,loss2,"MSE(model(a_adv), solver(a_clean).detach())",1,0,1.9822039121208945e-08,4.270439717402042e-07,4.072219326189952e-07,20.543897130304863,1.9822040897565785e-08,1.5743012227176223e-08,-4.079028670389562e-09,1.568951102370875e-08,0.0250519029796123,0.0250519029796123,0.0250519029796123,0.0250519029796123,,,9.0,1.4245014190673828,1.002076119184494,3.3720381630193696e-13,0.0,0.4003510629991069,159.8596979375143
darcy,139,139,1,64,loss2,"MSE(model(a_adv), solver(a_clean).detach())",1,0,1.7445000111138146e-08,4.39645873484551e-07,4.2220087337341283e-07,24.201826923683964,1.7444998334781303e-08,1.731223875367505e-08,-1.3275958110625652e-10,1.75101684263268e-08,0.0250519029796123,0.0250519029796123,0.0250519029796123,0.0250519029796123,,,9.0,1.4245014190673828,1.002076119184494,2.941785541294567e-13,0.0,0.4009192599914968,159.63313910475986
darcy,140,140,1,64,loss2,"MSE(model(a_adv), solver(a_clean).detach())",1,0,1.9580653543016524e-08,4.287047659090604e-07,4.0912411236604395e-07,20.894303219616425,1.9580653543016524e-08,1.5437692013620108e-08,-4.142961529396416e-09,1.5466895320059848e-08,0.0250519029796123,0.0250519029796123,0.0250519029796123,0.0250519029796123,,,9.0,1.4245014190673828,1.002076119184494,3.322919196746543e-13,0.0,0.4008670950133819,159.65391222211323
darcy,141,141,1,64,loss2,"MSE(model(a_adv), solver(a_clean).detach())",1,0,1.821690354120165e-08,4.283325552023598e-07,4.101156516611582e-07,22.51291778175083,1.821690354120165e-08,1.5400587471958715e-08,-2.81631606924293e-09,1.61075677240774e-08,0.0250519029796123,0.0250519029796123,0.0250519029796123,0.0250519029796123,,,9.0,1.4245014190673828,1.002076119184494,3.116424490429842e-13,0.0,0.3999795530107803,160.0081792137886
darcy,142,142,1,64,loss2,"MSE(model(a_adv), solver(a_clean).detach())",1,0,1.909587155068948e-08,4.314409522976348e-07,4.123450807469453e-07,21.593415082018453,1.9095867997975802e-08,1.591190468275272e-08,-3.1839633152230813e-09,1.6175023986875203e-08,0.0250519029796123,0.0250519029796123,0.0250519029796123,0.0250519029796123,,,9.0,1.4245014190673828,1.002076119184494,3.264278766994949e-13,0.0,0.4302642680122517,148.74579359255
darcy,143,143,1,64,loss2,"MSE(model(a_adv), solver(a_clean).detach())",1,0,2.0467899375375964e-08,4.3232483903921093e-07,4.11856939663835e-07,20.122091285993037,2.0467899375375964e-08,1.5753125026662932e-08,-4.7147743487130356e-09,1.5947811071725937e-08,0.0250519029796123,0.0250519029796123,0.0250519029796123,0.0250519029796123,,,9.0,1.4245014190673828,1.002076119184494,3.4575144938937824e-13,0.0,0.4276036150113214,149.67132585702186
darcy,144,144,1,64,loss2,"MSE(model(a_adv), solver(a_clean).detach())",1,0,1.7524463657991873e-08,4.394115649120067e-07,4.218871012540149e-07,24.074180499191318,1.7524461881635034e-08,1.6131528113305652e-08,-1.392933768329385e-09,1.5854876522780614e-08,0.0250519029796123,0.0250519029796123,0.0250519029796123,0.0250519029796123,,,9.0,1.4245014190673828,1.002076119184494,2.9562441904162906e-13,0.0,0.4001866850012447,159.92536083453385
darcy,145,145,1,64,loss2,"MSE(model(a_adv), solver(a_clean).detach())",1,0,2.1682620143792523e-08,4.267359940968163e-07,4.050533739530238e-07,18.68101600576099,2.1682620143792523e-08,1.620533396362589e-08,-5.4772861801666295e-09,1.63712829959195e-08,0.0250519029796123,0.0250519029796123,0.0250519029796123,0.0250519029796123,,,9.0,1.4245014190673828,1.002076119184494,3.662417320370731e-13,0.0,0.4002221729897428,159.91118013753885
darcy,146,146,1,64,loss2,"MSE(model(a_adv), solver(a_clean).detach())",1,0,1.7675723995580483e-08,4.29339735319445e-07,4.116640113238645e-07,23.28979630066605,1.7675723995580483e-08,1.6325572005371214e-08,-1.3501519902092696e-09,1.6446993100771582e-08,0.0250519029796123,0.0250519029796123,0.0250519029796123,0.0250519029796123,,,9.0,1.4245014190673828,1.002076119184494,2.9995632171674063e-13,0.0,0.4564484200091101,140.21299492880848
darcy,147,147,1,64,loss2,"MSE(model(a_adv), solver(a_clean).detach())",1,0,1.8904881216030844e-08,4.3387493064983573e-07,4.149700494338049e-07,21.950418238117315,1.8904879439674005e-08,1.6706575678426816e-08,-2.198303761247189e-09,1.7888521774978017e-08,0.0250519029796123,0.0250519029796123,0.0250519029796123,0.0250519029796123,,,9.0,1.4245014190673828,1.002076119184494,3.2127515166464893e-13,0.0,0.4444314770225901,144.00420156726867
darcy,148,148,1,64,loss2,"MSE(model(a_adv), solver(a_clean).detach())",1,0,2.007191213238002e-08,4.313066597205762e-07,4.112347475881961e-07,20.488070338091603,2.007191035602318e-08,1.5335954728357137e-08,-4.735955627666044e-09,1.6014602532976596e-08,0.0250519029796123,0.0250519029796123,0.0250519029796123,0.0250519029796123,,,9.0,1.4245014190673828,1.002076119184494,3.405378192974929e-13,0.0,0.4025338389910757,158.9928443293407
darcy,149,149,1,64,loss2,"MSE(model(a_adv), solver(a_clean).detach())",1,0,1.7164207832820466e-08,4.379934921416862e-07,4.208292843088657e-07,24.517839005898004,1.7164206056463627e-08,1.7328677159866857e-08,1.644711034032298e-10,1.6969716298831372e-08,0.0250519029796123,0.0250519029796123,0.0250519029796123,0.0250519029796123,,,9.0,1.4245014190673828,1.002076119184494,2.8932558389024865e-13,0.0,0.4004113590053748,159.8356254402386
darcy,150,150,1,64,loss2,"MSE(model(a_adv), solver(a_clean).detach())",1,0,2.4197234438361196e-08,4.412498526562558e-07,4.170526182178946e-07,17.235548933506156,2.4197234438361196e-08,1.7105849181575653e-08,-7.091385256785543e-09,1.6360036880769258e-08,0.0250519029796123,0.0250519029796123,0.0250519029796123,0.0250519029796123,,,9.0,1.4245014190673828,1.002076119184494,4.0633669389292254e-13,0.0,0.3993194270005915,160.2726931687829
darcy,151,151,1,64,loss2,"MSE(model(a_adv), solver(a_clean).detach())",1,0,1.744032651629368e-08,4.261753758783016e-07,4.087350493620079e-07,23.436203959836757,1.744032651629368e-08,1.6827236493099917e-08,-6.13090023193763e-10,1.646934766341701e-08,0.0250519029796123,0.0250519029796123,0.0250519029796123,0.0250519029796123,,,9.0,1.4245014190673828,1.002076119184494,2.903982664146515e-13,0.0,0.402591777005,158.9699632618307
darcy,152,152,1,64,loss2,"MSE(model(a_adv), solver(a_clean).detach())",1,0,2.103095120276066e-08,4.177702521701576e-07,3.96739300967397e-07,18.86454384028613,2.103095120276066e-08,1.5595473357166156e-08,-5.435477845594505e-09,1.563956297800928e-08,0.0250519029796123,0.0250519029796123,0.0250519029796123,0.0250519029796123,,,9.0,1.4245014190673828,1.002076119184494,3.530257141302895e-13,0.0,0.4005493859876878,159.78054701591088
darcy,153,153,1,64,loss2,"MSE(model(a_adv), solver(a_clean).detach())",1,0,1.8210352337177937e-08,4.398349915391009e-07,4.21624639201923e-07,23.153019304362463,1.8210352337177937e-08,1.6061884267060126e-08,-2.148468070117815e-09,1.6070042185845068e-08,0.0250519029796123,0.0250519029796123,0.0250519029796123,0.0250519029796123,,,9.0,1.4245014190673828,1.002076119184494,3.098257598827675e-13,0.0,0.4014224310230929,159.43304373122643
darcy,154,154,1,64,loss2,"MSE(model(a_adv), solver(a_clean).detach())",1,0,1.8284946889934872e-08,4.389672483284812e-07,4.2068230143854645e-07,23.007028894905623,1.8284946889934872e-08,1.494567669624303e-08,-3.3392701936918452e-09,1.4962444172539335e-08,0.0250519029796123,0.0250519029796123,0.0250519029796123,0.0250519029796123,,,9.0,1.4245014190673828,1.002076119184494,3.141062984799575e-13,0.0,0.4010918239946477,159.56445923678075
darcy,155,155,1,64,loss2,"MSE(model(a_adv), solver(a_clean).detach())",1,0,1.91093754153826e-08,4.317969342082506e-07,4.12687558792868e-07,21.596077832071064,1.9109373639025762e-08,1.5093613470185122e-08,-4.015760168840643e-09,1.5203954095710518e-08,0.0250519029796123,0.0250519029796123,0.0250519029796123,0.0250519029796123,,,9.0,1.4245014190673828,1.002076119184494,3.293573367594421e-13,0.0,0.4206558979931287,152.14335590046906
darcy,156,156,1,64,loss2,"MSE(model(a_adv), solver(a_clean).detach())",1,0,1.8394901601936908e-08,4.311697807679593e-07,4.127748791660224e-07,22.43963507380539,1.8394901601936908e-08,1.6520278478537875e-08,-1.874623123399033e-09,1.6631515720177962e-08,0.0250519029796123,0.0250519029796123,0.0250519029796123,0.0250519029796123,,,9.0,1.4245014190673828,1.002076119184494,3.133055609654684e-13,0.0,0.4304187319939956,148.69241332389967
darcy,157,157,1,64,loss2,"MSE(model(a_adv), solver(a_clean).detach())",1,0,2.0467854966454982e-08,4.163753146713134e-07,3.959074597048584e-07,19.34288963614976,2.0467854966454982e-08,1.4919555368919646e-08,-5.548299597535333e-09,1.468558608053172e-08,0.0250519029796123,0.0250519029796123,0.0250519029796123,0.0250519029796123,,,9.0,1.4245014190673828,1.002076119184494,3.466945968592233e-13,0.0,0.4304713890014682,148.6742246643986
darcy,158,158,1,64,loss2,"MSE(model(a_adv), solver(a_clean).detach())",1,0,1.722396447689789e-08,4.412576402046398e-07,4.2403367572774187e-07,24.61881968558914,1.722396447689789e-08,1.7660159556953662e-08,4.3619508005576785e-10,1.734557830701533e-08,0.0250519029796123,0.0250519029796123,0.0250519029796123,0.0250519029796123,,,9.0,1.4245014190673828,1.002076119184494,2.9167285448862545e-13,0.0,0.4274161199864466,149.7369823160377
darcy,159,159,1,64,loss2,"MSE(model(a_adv), solver(a_clean).detach())",1,0,2.225762685270638e-08,4.318786750445725e-07,4.096210481918661e-07,18.40362635705068,2.225762685270638e-08,1.5834846323059537e-08,-6.422780529646843e-09,1.5489774796151323e-08,0.0250519029796123,0.0250519029796123,0.0250519029796123,0.0250519029796123,,,9.0,1.4245014190673828,1.002076119184494,3.7606785632630934e-13,0.0,0.4001204469823278,159.95183571017728
darcy,160,160,1,64,loss2,"MSE(model(a_adv), solver(a_clean).detach())",1,0,1.7793682971500857e-08,4.232942387716321e-07,4.055005558001312e-07,22.789017678329927,1.7793682971500857e-08,1.5545095877200765e-08,-2.248587094300092e-09,1.5685980514490442e-08,0.0250519029796123,0.0250519029796123,0.0250519029796123,0.0250519029796123,,,9.0,1.4245014190673828,1.002076119184494,2.9988308385998924e-13,0.0,0.4234850140055641,151.12695345379825
darcy,161,161,1,64,loss2,"MSE(model(a_adv), solver(a_clean).detach())",1,0,1.95528802038325e-08,4.305359766476613e-07,4.109830964438288e-07,21.019056638176163,1.9552878427475665e-08,1.6998916052557433e-08,-2.5539623749182283e-09,1.806725435926637e-08,0.0250519029796123,0.0250519029796123,0.0250519029796123,0.0250519029796123,,,9.0,1.4245014190673828,1.002076119184494,3.296891839393856e-13,0.0,0.4006304859940428,159.7482024893923
darcy,162,162,1,64,loss2,"MSE(model(a_adv), solver(a_clean).detach())",1,0,1.9818394036974496e-08,4.252574399288278e-07,4.054390458918533e-07,20.457714441212524,1.9818394036974496e-08,1.469559673950016e-08,-5.122797297474335e-09,1.4508655166167728e-08,0.0250519029796123,0.0250519029796123,0.0250519029796123,0.0250519029796123,,,9.0,1.4245014190673828,1.002076119184494,3.379329422629335e-13,0.0,0.4005859690078068,159.76595525429582
darcy,163,163,1,64,loss2,"MSE(model(a_adv), solver(a_clean).detach())",1,0,1.7008797925655017e-08,4.298166800253967e-07,4.128078820997416e-07,24.27025612886421,1.7008799702011856e-08,1.761169698966114e-08,6.028972876492843e-10,1.6499813959569565e-08,0.0250519029796123,0.0250519029796123,0.0250519029796123,0.0250519029796123,,,9.0,1.4245014190673828,1.002076119184494,2.820302043120282e-13,0.0,0.4294259379967116,149.03617675858715
darcy,164,164,1,64,loss2,"MSE(model(a_adv), solver(a_clean).detach())",1,0,2.5002217185488007e-08,4.36580336327097e-07,4.11578119141609e-07,16.461664823090192,2.5002215409131168e-08,1.742373711977052e-08,-7.578478289360646e-09,1.6790334456118217e-08,0.0250519029796123,0.0250519029796123,0.0250519029796123,0.0250519029796123,,,9.0,1.4245014190673828,1.002076119184494,4.090943621186394e-13,0.0,0.4283737139776349,149.40225768227552
darcy,165,165,1,64,loss2,"MSE(model(a_adv), solver(a_clean).detach())",1,0,1.7760218185003396e-08,4.3256707726868637e-07,4.148068590836829e-07,23.35595513313811,1.7760218185003396e-08,1.596886001209441e-08,-1.7913581729089854e-09,1.6343227215998013e-08,0.0250519029796123,0.0250519029796123,0.0250519029796123,0.0250519029796123,,,9.0,1.4245014190673828,1.002076119184494,2.9979217350782633e-13,0.0,0.3998838659899775,160.04646709503422
darcy,166,166,1,64,loss2,"MSE(model(a_adv), solver(a_clean).detach())",1,0,1.9455512756394452e-08,4.327346800891974e-07,4.132791673328029e-07,21.24226549603377,1.9455512756394452e-08,1.5977605016814778e-08,-3.477907739579677e-09,1.6993686458022242e-08,0.0250519029796123,0.0250519029796123,0.0250519029796123,0.0250519029796123,,,9.0,1.4245014190673828,1.002076119184494,3.3215105470739414e-13,0.0,0.4086958629777655,156.5956639093306
darcy,167,167,1,64,loss2,"MSE(model(a_adv), solver(a_clean).detach())",1,0,1.9684851082502064e-08,4.297746158954397e-07,4.100897648129376e-07,20.832759318025417,1.9684851082502064e-08,1.5269369768589062e-08,-4.4154813139130056e-09,1.6675379299613272e-08,0.0250519029796123,0.0250519029796123,0.0250519029796123,0.0250519029796123,,,9.0,1.4245014190673828,1.002076119184494,3.3578039437473506e-13,0.0,0.4011285770102404,159.54983929845054
darcy,168,168,1,64,loss2,"MSE(model(a_adv), solver(a_clean).detach())",1,0,1.7952924480368893e-08,4.2512331788202573e-07,4.0717039340165684e-07,22.67989228422858,1.7952924480368893e-08,1.4787462809806584e-08,-3.165461670562308e-09,1.4940142900599085e-08,0.0250519029796123,0.0250519029796123,0.0250519029796123,0.0250519029796123,,,9.0,1.4245014190673828,1.002076119184494,3.051792759473093e-13,0.0,0.4519747779995668,141.6008218052852
darcy,169,169,1,64,loss2,"MSE(model(a_adv), solver(a_clean).detach())",1,0,2.0757642715807382e-08,4.200812782073626e-07,3.993236354915553e-07,19.23742695443264,2.0757644492164218e-08,1.5042713741308944e-08,-5.714930750855274e-09,1.5130077635205907e-08,0.0250519029796123,0.0250519029796123,0.0250519029796123,0.0250519029796123,,,9.0,1.4245014190673828,1.002076119184494,3.510586190236948e-13,0.0,0.4312704989861231,148.39874313327263
darcy,170,170,1,64,loss2,"MSE(model(a_adv), solver(a_clean).detach())",1,0,1.75298975335636e-08,4.330157707954641e-07,4.154858732619005e-07,23.70155743730908,1.75298975335636e-08,1.5847831491555553e-08,-1.6820660420080456e-09,1.6950994385922513e-08,0.0250519029796123,0.0250519029796123,0.0250519029796123,0.0250519029796123,,,9.0,1.4245014190673828,1.002076119184494,2.977589420687099e-13,0.0,0.4444644989853259,143.99350262193374
darcy,171,171,1,64,loss2,"MSE(model(a_adv), solver(a_clean).detach())",1,0,1.9160356856673392e-08,4.2663060639824845e-07,4.07470249541575e-07,21.2663183984309,1.9160358633030228e-08,1.4461062569637306e-08,-4.6992960633929215e-09,1.6256942014791775e-08,0.0250519029796123,0.0250519029796123,0.0250519029796123,0.0250519029796123,,,9.0,1.4245014190673828,1.002076119184494,3.283049017106105e-13,0.0,0.4230923799914308,151.2672007973678
darcy,172,172,1,64,loss2,"MSE(model(a_adv), solver(a_clean).detach())",1,0,1.8070597462838123e-08,4.364351582353265e-07,4.183645607724884e-07,23.151672856021943,1.8070595686481283e-08,1.5767360750373882e-08,-2.303234936107401e-09,1.8600688989067752e-08,0.0250519029796123,0.0250519029796123,0.0250519029796123,0.0250519029796123,,,9.0,1.4245014190673828,1.002076119184494,3.1006198043109783e-13,0.0,0.3998903229949064,160.04388283438203
darcy,173,173,1,64,loss2,"MSE(model(a_adv), solver(a_clean).detach())",1,0,1.9612274471114688e-08,4.234424011428928e-07,4.038301266717781e-07,20.590683006529733,1.9612274471114688e-08,1.4648573909425977e-08,-4.963700561688711e-09,1.7212229863616813e-08,0.0250519029796123,0.0250519029796123,0.0250519029796123,0.0250519029796123,,,9.0,1.4245014190673828,1.002076119184494,3.3542932971128425e-13,0.0,0.4323017070128117,148.04475430420473
darcy,174,174,1,64,loss2,"MSE(model(a_adv), solver(a_clean).detach())",1,0,1.71594258802088e-08,4.411226939282642e-07,4.239632680480554e-07,24.70731078112833,1.715942410385196e-08,1.85673645347606e-08,1.4079404309086383e-09,1.9724677002841418e-08,0.0250519029796123,0.0250519029796123,0.0250519029796123,0.0250519029796123,,,9.0,1.4245014190673828,1.002076119184494,2.922959996872615e-13,0.0,0.4287873739958741,149.2581262446777
darcy,175,175,1,64,loss2,"MSE(model(a_adv), solver(a_clean).detach())",1,0,2.5747066700887444e-08,4.492564755764761e-07,4.235094088755887e-07,16.4488410969546,2.5747064924530605e-08,1.7590128464917143e-08,-8.156936459613462e-09,1.6451894957469904e-08,0.0250519029796123,0.0250519029796123,0.0250519029796123,0.0250519029796123,,,9.0,1.4245014190673828,1.002076119184494,4.2707704777170124e-13,0.0,0.4006369100243319,159.7456409997598
darcy,176,176,1,64,loss2,"MSE(model(a_adv), solver(a_clean).detach())",1,0,1.7607973745725758e-08,4.286215187221387e-07,4.11013544976413e-07,23.342466936389226,1.7607971969368922e-08,1.8318353056656637e-08,7.103810872877148e-10,1.7366886595482356e-08,0.0250519029796123,0.0250519029796123,0.0250519029796123,0.0250519029796123,,,9.0,1.4245014190673828,1.002076119184494,2.799554208246513e-13,0.0,0.4353592359984759,147.00503563044668
darcy,177,177,1,64,loss2,"MSE(model(a_adv), solver(a_clean).detach())",1,0,2.1924353887925463e-08,4.155015460582945e-07,3.93577192170369e-07,17.951598217319702,2.1924352111568624e-08,1.5859470181567303e-08,-6.06488193000132e-09,1.5733845781795708e-08,0.0250519029796123,0.0250519029796123,0.0250519029796123,0.0250519029796123,,,9.0,1.4245014190673828,1.002076119184494,3.6505206409825913e-13,0.0,0.400378621998243,159.84869441975562
darcy,178,178,1,64,loss2,"MSE(model(a_adv), solver(a_clean).detach())",1,0,1.8309251004211543e-08,4.351902020971466e-07,4.16880951092935e-07,22.76886973678185,1.8309252780568386e-08,1.4609598864012696e-08,-3.6996539165556892e-09,1.4769538481118616e-08,0.0250519029796123,0.0250519029796123,0.0250519029796123,0.0250519029796123,,,9.0,1.4245014190673828,1.002076119184494,3.0996448355073697e-13,0.0,0.3999992810131516,160.00028759525628
darcy,179,179,1,64,loss2,"MSE(model(a_adv), solver(a_clean).detach())",1,0,1.8107197519157125e-08,4.416092451720033e-07,4.235020476528462e-07,23.388602637420163,1.8107197519157125e-08,1.4290222338786409e-08,-3.8169751803707194e-09,1.4746551979527568e-08,0.0250519029796123,0.0250519029796123,0.0250519029796123,0.0250519029796123,,,9.0,1.4245014190673828,1.002076119184494,3.076902339686771e-13,0.0,0.4254441670200322,150.4310200049976
darcy,180,180,1,64,loss2,"MSE(model(a_adv), solver(a_clean).detach())",1,0,1.81211863292674e-08,4.369167356799153e-07,4.187955493506479e-07,23.110824078567862,1.8121184552910563e-08,1.6501376265409817e-08,-1.6198082875007456e-09,1.6577244466020602e-08,0.0250519029796123,0.0250519029796123,0.0250519029796123,0.0250519029796123,,,9.0,1.4245014190673828,1.002076119184494,3.1109828797261374e-13,0.0,0.400734213006217,159.70685287858635
darcy,181,181,1,64,loss2,"MSE(model(a_adv), solver(a_clean).detach())",1,0,1.9264000172825035e-08,4.2179664205832523e-07,4.025326418855002e-07,20.89558961141088,1.9264000172825035e-08,1.4945412019073956e-08,-4.3185881537510795e-09,1.542077310290324e-08,0.0250519029796123,0.0250519029796123,0.0250519029796123,0.0250519029796123,,,9.0,1.4245014190673828,1.002076119184494,3.3002219663666454e-13,0.0,0.401047635008581,159.58204066863686
darcy,182,182,1,64,loss2,"MSE(model(a_adv), solver(a_clean).detach())",1,0,1.763047663416728e-08,4.331290028858348e-07,4.154985262516675e-07,23.5670614512171,1.763047485781044e-08,1.5856917556789085e-08,-1.7735573010213555e-09,1.5895419647193876e-08,0.0250519029796123,0.0250519029796123,0.0250519029796123,0.0250519029796123,,,9.0,1.4245014190673828,1.002076119184494,2.9999540720505873e-13,0.0,0.4008850160171278,159.64677511734587
darcy,183,183,1,64,loss2,"MSE(model(a_adv), solver(a_clean).detach())",1,0,1.8623229181002895e-08,4.366313532955246e-07,4.180081241145217e-07,22.445523279116472,1.8623230957359738e-08,1.5259036700854267e-08,-3.36419425650547e-09,1.5256000018837312e-08,0.0250519029796123,0.0250519029796123,0.0250519029796123,0.0250519029796123,,,9.0,1.4245014190673828,1.002076119184494,3.164602369216951e-13,0.0,0.4003725759976078,159.85110828465534
darcy,184,184,1,64,loss2,"MSE(model(a_adv), solver(a_clean).detach())",1,0,2.0661065747162866e-08,4.236298423165863e-07,4.029687765694234e-07,19.503774950464894,2.0661065747162866e-08,1.4580425755639226e-08,-6.080639991523641e-09,1.4408824799971852e-08,0.0250519029796123,0.0250519029796123,0.0250519029796123,0.0250519029796123,,,9.0,1.4245014190673828,1.002076119184494,3.517571162733185e-13,0.0,0.4003090969927143,159.87645667009363
darcy,185,185,1,64,loss2,"MSE(model(a_adv), solver(a_clean).detach())",1,0,1.6886348319644643e-08,4.3210386024838964e-07,4.152175119287449e-07,24.58894629371727,1.68863465432878e-08,1.7495613846563174e-08,6.092673032753736e-10,1.7356381221134143e-08,0.0250519029796123,0.0250519029796123,0.0250519029796123,0.0250519029796123,,,9.0,1.4245014190673828,1.002076119184494,2.808975654074869e-13,0.0,0.430607861984754,148.6271051926729
darcy,186,186,1,64,loss2,"MSE(model(a_adv), solver(a_clean).detach())",1,0,2.3962655859577356e-08,4.361389187579334e-07,4.121762628983561e-07,17.20077546135681,2.3962655859577356e-08,1.6849870831947555e-08,-7.1127850276297985e-09,1.7176127187212842e-08,0.0250519029796123,0.0250519029796123,0.0250519029796123,0.0250519029796123,,,9.0,1.4245014190673828,1.002076119184494,3.8970240337672657e-13,0.0,0.4173577690089587,153.3456539025783
darcy,187,187,1,64,loss2,"MSE(model(a_adv), solver(a_clean).detach())",1,0,1.948046346456067e-08,4.2524516175035387e-07,4.057646982857932e-07,20.829314406403636,1.9480461688203832e-08,1.4308700890808268e-08,-5.171760797395564e-09,1.666811488831854e-08,0.0250519029796123,0.0250519029796123,0.0250519029796123,0.0250519029796123,,,9.0,1.4245014190673828,1.002076119184494,3.2839342681799393e-13,0.0,0.3999125179834664,160.0350004613908
darcy,188,188,1,64,loss2,"MSE(model(a_adv), solver(a_clean).detach())",1,0,1.777285163484521e-08,4.319817321629671e-07,4.142088805281219e-07,23.30570743729327,1.777285163484521e-08,1.5831700395096963e-08,-1.941151239748251e-09,1.7542884478416454e-08,0.0250519029796123,0.0250519029796123,0.0250519029796123,0.0250519029796123,,,9.0,1.4245014190673828,1.002076119184494,3.048068796061149e-13,0.0,0.4007298520009499,159.70859091338244
darcy,189,189,1,64,loss2,"MSE(model(a_adv), solver(a_clean).detach())",1,0,2.1793898241639912e-08,4.328190925662057e-07,4.110251943245658e-07,18.859645473578095,2.1793898241639912e-08,1.6399928526311672e-08,-5.3939697153282395e-09,1.6021279414246692e-08,0.0250519029796123,0.0250519029796123,0.0250519029796123,0.0250519029796123,,,9.0,1.4245014190673828,1.002076119184494,3.6605286401862613e-13,0.0,0.4006251470127608,159.75033139385394
darcy,190,190,1,64,loss2,"MSE(model(a_adv), solver(a_clean).detach())",1,0,1.7617958647520027e-08,4.288597779122938e-07,4.112418192647738e-07,23.342194603383398,1.7617960423876866e-08,1.5581525403263186e-08,-2.03643502061368e-09,1.527019533043017e-08,0.0250519029796123,0.0250519029796123,0.0250519029796123,0.0250519029796123,,,9.0,1.4245014190673828,1.002076119184494,2.908027009300429e-13,0.0,0.4276630079839378,149.6505398063414
darcy,191,191,1,64,loss2,"MSE(model(a_adv), solver(a_clean).detach())",1,0,2.087627137825621e-08,4.235567985233502e-07,4.0268052714509405e-07,19.288910354198023,2.087626960189937e-08,1.5846437051436624e-08,-5.029832550462743e-09,1.6085275333921345e-08,0.0250519029796123,0.0250519029796123,0.0250519029796123,0.0250519029796123,,,9.0,1.4245014190673828,1.002076119184494,3.479126980000108e-13,0.0,0.4299744299787562,148.84606045797202
darcy,192,192,1,64,loss2,"MSE(model(a_adv), solver(a_clean).detach())",1,0,1.7550835451629613e-08,4.2754538753797533e-07,4.099945520863457e-07,23.36040088896608,1.755083367527277e-08,1.5682918075299312e-08,-1.8679155999734576e-09,1.5761266958236323e-08,0.0250519029796123,0.0250519029796123,0.0250519029796123,0.0250519029796123,,,9.0,1.4245014190673828,1.002076119184494,2.984160227953448e-13,0.0,0.429832999012433,148.8950363211848
darcy,193,193,1,64,loss2,"MSE(model(a_adv), solver(a_clean).detach())",1,0,1.9647792726118496e-08,4.107752715754032e-07,3.911274788492848e-07,19.90694243884939,1.9647789173404817e-08,1.4007960125184128e-08,-5.63982904822069e-09,1.4000831161098404e-08,0.0250519029796123,0.0250519029796123,0.0250519029796123,0.0250519029796123,,,9.0,1.4245014190673828,1.002076119184494,3.377121715955611e-13,0.0,0.4054814349801745,157.8370659636469
darcy,194,194,1,64,loss2,"MSE(model(a_adv), solver(a_clean).detach())",1,0,1.7600639168335874e-08,4.3579953512562497e-07,4.181988959572891e-07,23.760438013503656,1.7600639168335874e-08,1.8375741817067137e-08,7.751026487312628e-10,1.8373706112129184e-08,0.0250519029796123,0.0250519029796123,0.0250519029796123,0.0250519029796123,,,9.0,1.4245014190673828,1.002076119184494,3.005915015594912e-13,0.0,0.4003949390025809,159.84218022193195
darcy,195,195,1,64,loss2,"MSE(model(a_adv), solver(a_clean).detach())",1,0,2.2791462939153465e-08,4.319648496675655e-07,4.09173386728412e-07,17.952923330142745,2.2791462939153465e-08,1.5777333217670275e-08,-7.014129721483186e-09,1.5616065329737694e-08,0.0250519029796123,0.0250519029796123,0.0250519029796123,0.0250519029796123,,,9.0,1.4245014190673828,1.002076119184494,3.803134294034366e-13,0.0,0.4009696229768451,159.61308870446732
darcy,196,196,1,64,loss2,"MSE(model(a_adv), solver(a_clean).detach())",1,0,1.7787241901601192e-08,4.234923949297809e-07,4.057051530281797e-07,22.808772448957274,1.7787241901601192e-08,1.511777547591464e-08,-2.6694664256865504e-09,1.568887508796024e-08,0.0250519029796123,0.0250519029796123,0.0250519029796123,0.0250519029796123,,,9.0,1.4245014190673828,1.002076119184494,2.95149674015352e-13,0.0,0.4320731819898356,148.1230556945457
darcy,197,197,1,64,loss2,"MSE(model(a_adv), solver(a_clean).detach())",1,0,1.815548955619306e-08,4.233636730077706e-07,4.052081834515775e-07,22.318769328550328,1.815548777983622e-08,1.5848685919195304e-08,-2.306801860640917e-09,1.6008633529907e-08,0.0250519029796123,0.0250519029796123,0.0250519029796123,0.0250519029796123,,,9.0,1.4245014190673828,1.002076119184494,3.085580293875345e-13,0.0,0.467808565008454,136.80809798521628
darcy,198,198,1,64,loss2,"MSE(model(a_adv), solver(a_clean).detach())",1,0,1.9957679953108712e-08,4.177480832368019e-07,3.977904032836932e-07,19.931695678972517,1.9957678176751873e-08,1.4219842192630951e-08,-5.73783598412092e-09,1.4160237427063294e-08,0.0250519029796123,0.0250519029796123,0.0250519029796123,0.0250519029796123,,,9.0,1.4245014190673828,1.002076119184494,3.416852846667429e-13,0.0,0.4010524500044994,159.58012474249188
darcy,199,199,1,64,loss2,"MSE(model(a_adv), solver(a_clean).detach())",1,0,1.7465630719470937e-08,4.382372935651802e-07,4.207716628457092e-07,24.09140955766498,1.7465628943114098e-08,1.5338864400860075e-08,-2.1267645422540227e-09,1.527478454832476e-08,0.0250519029796123,0.0250519029796123,0.0250519029796123,0.0250519029796123,,,9.0,1.4245014190673828,1.002076119184494,2.978257018174807e-13,0.0,0.4231434630055446,151.24893941504985
darcy,200,200,1,64,loss2,"MSE(model(a_adv), solver(a_clean).detach())",1,0,1.9990178401485537e-08,4.4714352043229166e-07,4.27153342030806e-07,21.36816057624893,1.9990176625128697e-08,1.6196100460774687e-08,-3.79407616435401e-09,1.6298385308033403e-08,0.0250519029796123,0.0250519029796123,0.0250519029796123,0.0250519029796123,,,9.0,1.4245014190673828,1.002076119184494,3.347016403181663e-13,0.0,0.4009217019774951,159.63216679049344
darcy,201,201,1,64,loss2,"MSE(model(a_adv), solver(a_clean).detach())",1,0,1.989367959254196e-08,4.187360787000216e-07,3.988423991074797e-07,20.048699249032023,1.989367781618512e-08,1.442465347167854e-08,-5.469024344506579e-09,1.5166266020827382e-08,0.0250519029796123,0.0250519029796123,0.0250519029796123,0.0250519029796123,,,9.0,1.4245014190673828,1.002076119184494,3.400250729850701e-13,0.0,0.400396343000466,159.8416197320901
darcy,202,202,1,64,loss2,"MSE(model(a_adv), solver(a_clean).detach())",1,0,1.7433116283882555e-08,4.2478623640818114e-07,4.073531201242986e-07,23.36662668285583,1.7433118060239394e-08,1.6923536350077484e-08,-5.095817101619105e-10,1.6933904056770643e-08,0.0250519029796123,0.0250519029796123,0.0250519029796123,0.0250519029796123,,,9.0,1.4245014190673828,1.002076119184494,2.96213601607212e-13,0.0,0.4011220679967664,159.55242831595075
darcy,203,203,1,64,loss2,"MSE(model(a_adv), solver(a_clean).detach())",1,0,2.3436008689259324e-08,4.306591563363328e-07,4.072231476470734e-07,17.37595991904982,2.3436006912902485e-08,1.5961253652108098e-08,-7.474753260794387e-09,1.6470261599010882e-08,0.0250519029796123,0.0250519029796123,0.0250519029796123,0.0250519029796123,,,9.0,1.4245014190673828,1.002076119184494,3.8711652698523997e-13,0.0,0.4305630800081417,148.64256359089077
darcy,204,204,1,64,loss2,"MSE(model(a_adv), solver(a_clean).detach())",1,0,1.831847740163539e-08,4.4129706111561973e-07,4.2297858371398434e-07,23.09026970092081,1.8318475625278552e-08,1.4571892137382749e-08,-3.746583487895805e-09,1.4354128552440672e-08,0.0250519029796123,0.0250519029796123,0.0250519029796123,0.0250519029796123,,,9.0,1.4245014190673828,1.002076119184494,3.00840271747968e-13,0.0,0.4006569939956534,159.73763333504743
darcy,205,205,1,64,loss2,"MSE(model(a_adv), solver(a_clean).detach())",1,0,1.9481522173236957e-08,4.341926000961394e-07,4.147110779229024e-07,21.28740630404221,1.9481522173236957e-08,1.5906909567320326e-08,-3.574612605916627e-09,1.6041445505265983e-08,0.0250519029796123,0.0250519029796123,0.0250519029796123,0.0250519029796123,,,9.0,1.4245014190673828,1.002076119184494,3.290746852530752e-13,0.0,0.4006718400050886,159.73171461010884
darcy,206,206,1,64,loss2,"MSE(model(a_adv), solver(a_clean).detach())",1,0,1.8523394373914925e-08,4.122574353004893e-07,3.937340409265744e-07,21.256041575243888,1.852339259755809e-08,1.5684069154531244e-08,-2.839323443026842e-09,1.5814088705212725e-08,0.0250519029796123,0.0250519029796123,0.0250519029796123,0.0250519029796123,,,9.0,1.4245014190673828,1.002076119184494,3.172996533486877e-13,0.0,0.4007887530024163,159.68511970597677
darcy,207,207,1,64,loss2,"MSE(model(a_adv), solver(a_clean).detach())",1,0,1.9394166272945768e-08,4.178964445600286e-07,3.985022782870829e-07,20.547533349911543,1.9394166272945768e-08,1.4240398193976489e-08,-5.1537680789692786e-09,1.4146737115083852e-08,0.0250519029796123,0.0250519029796123,0.0250519029796123,0.0250519029796123,,,9.0,1.4245014190673828,1.002076119184494,3.305163759868835e-13,0.0,0.4190007830038667,152.74434463147384
darcy,208,208,1,64,loss2,"MSE(model(a_adv), solver(a_clean).detach())",1,0,1.7511075256493314e-08,4.427162423326081e-07,4.252051670761148e-07,24.28207068086488,1.7511075256493314e-08,1.821514850064432e-08,7.040732441510045e-10,1.7875555258228818e-08,0.0250519029796123,0.0250519029796123,0.0250519029796123,0.0250519029796123,,,9.0,1.4245014190673828,1.002076119184494,2.958509901906242e-13,0.0,0.4308942249917891,148.52833082462303
darcy,209,209,1,64,loss2,"MSE(model(a_adv), solver(a_clean).detach())",1,0,2.3889420219802563e-08,4.363434982224136e-07,4.124540780026109e-07,17.265135537308563,2.3889418443445723e-08,1.5956899801494728e-08,-7.932518641950992e-09,1.522807258069747e-08,0.0250519029796123,0.0250519029796123,0.0250519029796123,0.0250519029796123,,,9.0,1.4245014190673828,1.002076119184494,4.028770047605213e-13,0.0,0.4015685660124291,159.37502438380378
darcy,210,210,1,64,loss2,"MSE(model(a_adv), solver(a_clean).detach())",1,0,1.7659615991760802e-08,4.178224060069624e-07,4.001627900152016e-07,22.659767358582425,1.765961776811764e-08,1.5436361522347397e-08,-2.2232562457702443e-09,1.5055201529889928e-08,0.0250519029796123,0.0250519029796123,0.0250519029796123,0.0250519029796123,,,9.0,1.4245014190673828,1.002076119184494,2.9308172100166174e-13,0.0,0.4302815910195932,148.73980513167183
darcy,211,211,1,64,loss2,"MSE(model(a_adv), solver(a_clean).detach())",1,0,2.168436097349513e-08,4.241575197738712e-07,4.0247315880037604e-07,18.56052660681679,2.168436097349513e-08,1.6264586122360924e-08,-5.419774851134207e-09,1.6636834132555123e-08,0.0250519029796123,0.0250519029796123,0.0250519029796123,0.0250519029796123,,,9.0,1.4245014190673828,1.002076119184494,3.5656360134438125e-13,0.0,0.3995562590134796,160.17769351935212
darcy,212,212,1,64,loss2,"MSE(model(a_adv), solver(a_clean).detach())",1,0,1.9241275239778588e-08,4.2337094896538485e-07,4.041296737256062e-07,21.00326868616929,1.9241273463421752e-08,1.4061907194218293e-08,-5.179366269203456e-09,1.4758831490269133e-08,0.0250519029796123,0.0250519029796123,0.0250519029796123,0.0250519029796123,,,9.0,1.4245014190673828,1.002076119184494,3.268572749699078e-13,0.0,0.4006086050067097,159.75692783465817
darcy,213,213,1,64,loss2,"MSE(model(a_adv), solver(a_clean).detach())",1,0,1.7187044676347796e-08,4.309301289140421e-07,4.1374308423769445e-07,24.07296263138671,1.7187046452704635e-08,1.4915981338958773e-08,-2.271065113745862e-09,1.6925691515012886e-08,0.0250519029796123,0.0250519029796123,0.0250519029796123,0.0250519029796123,,,9.0,1.4245014190673828,1.002076119184494,2.9171681888671974e-13,0.0,0.4001308270089794,159.94768630651836
darcy,214,214,1,64,loss2,"MSE(model(a_adv), solver(a_clean).detach())",1,0,1.9108721716065705e-08,4.2703956637524243e-07,4.0793084465917673e-07,21.34788766724296,1.9108719939708866e-08,1.8371707710684863e-08,-7.370122290240032e-10,2.022590006589553e-08,0.0250519029796123,0.0250519029796123,0.0250519029796123,0.0250519029796123,,,9.0,1.4245014190673828,1.002076119184494,3.203621992253075e-13,0.0,0.4015709919913206,159.37406156414622
darcy,215,215,1,64,loss2,"MSE(model(a_adv), solver(a_clean).detach())",1,0,2.2973685176452815e-08,4.238422945945786e-07,4.008686094181258e-07,17.449033811475807,2.2973683400095982e-08,1.5493943905653396e-08,-7.479739494442583e-09,1.7041142719165236e-08,0.0250519029796123,0.0250519029796123,0.0250519029796123,0.0250519029796123,,,9.0,1.4245014190673828,1.002076119184494,3.873910198702591e-13,0.0,0.4027271359809674,158.91653251551588
darcy,216,216,1,64,loss2,"MSE(model(a_adv), solver(a_clean).detach())",1,0,1.7031339893947006e-08,4.380056566333224e-07,4.209743167393754e-07,24.71762758307648,1.7031339893947006e-08,1.954117756497453e-08,2.509837671027526e-09,2.0605701145370855e-08,0.0250519029796123,0.0250519029796123,0.0250519029796123,0.0250519029796123,,,9.0,1.4245014190673828,1.002076119184494,2.775056660159203e-13,0.0,0.4310012919886503,148.49143422448333
darcy,217,217,1,64,loss2,"MSE(model(a_adv), solver(a_clean).detach())",1,0,2.3386295566751872e-08,4.3632471147248e-07,4.129384159057281e-07,17.65728200633878,2.3386295566751872e-08,1.7282907549542873e-08,-6.103388017208999e-09,1.8603961926544343e-08,0.0250519029796123,0.0250519029796123,0.0250519029796123,0.0250519029796123,,,9.0,1.4245014190673828,1.002076119184494,3.76057068514693e-13,0.0,0.4200820719997864,152.35118150919934
darcy,218,218,1,64,loss2,"MSE(model(a_adv), solver(a_clean).detach())",1,0,2.1722218690456433e-08,4.1800529970714717e-07,3.962830810166906e-07,18.243213856915823,2.172221691409959e-08,1.4852137297793888e-08,-6.870079616305702e-09,1.880857070091224e-08,0.0250519029796123,0.0250519029796123,0.0250519029796123,0.0250519029796123,,,9.0,1.4245014190673828,1.002076119184494,3.596292100921384e-13,0.0,0.4021760970063042,159.1342709733363
darcy,219,219,1,64,loss2,"MSE(model(a_adv), solver(a_clean).detach())",1,0,1.7260342488611968e-08,4.272548039807589e-07,4.099944614921469e-07,23.753553080574918,1.7260340712255132e-08,2.014503763803077e-08,2.8846969257756427e-09,2.7705574723313475e-08,0.0250519029796123,0.0250519029796123,0.0250519029796123,0.0250519029796123,,,9.0,1.4245014190673828,1.002076119184494,2.902779470785599e-13,0.0,0.4025317160121631,158.99368286812498
darcy,220,220,1,64,loss2,"MSE(model(a_adv), solver(a_clean).detach())",1,0,2.440364887945634e-08,4.398900443902676e-07,4.1548639551081123e-07,17.025584885405355,2.4403647103099505e-08,1.6476674247201117e-08,-7.926972855898384e-09,2.0067701278492226e-08,0.0250519029796123,0.0250519029796123,0.0250519029796123,0.0250519029796123,,,9.0,1.4245014190673828,1.002076119184494,4.1229817953833403e-13,0.0,0.4326305549766402,147.93222361156543
darcy,221,221,1,64,loss2,"MSE(model(a_adv), solver(a_clean).detach())",1,0,1.8302863225017063e-08,4.123026542401931e-07,3.93999791015176e-07,21.526675153024247,1.8302863225017063e-08,1.5924211282936085e-08,-2.378651942080978e-09,1.507213598372914e-08,0.0250519029796123,0.0250519029796123,0.0250519029796123,0.0250519029796123,,,9.0,1.4245014190673828,1.002076119184494,2.8251923370192777e-13,0.0,0.4015403280209284,159.38623230059298
darcy,222,222,1,64,loss2,"MSE(model(a_adv), solver(a_clean).detach())",1,0,2.3384863823139312e-08,4.2449494230822893e-07,4.011100784850896e-07,17.15255139045075,2.3384862046782476e-08,1.8805637935770392e-08,-4.579224111012081e-09,1.8355778230727537e-08,0.0250519029796123,0.0250519029796123,0.0250519029796123,0.0250519029796123,,,9.0,1.4245014190673828,1.002076119184494,3.6672311780165677e-13,0.0,0.4275893830053974,149.67630755975094
darcy,223,223,1,64,loss2,"MSE(model(a_adv), solver(a_clean).detach())",1,0,1.99694376590287e-08,4.30398472417437e-07,4.104290347584083e-07,20.552858912020625,1.9969439435385542e-08,1.4172196749484556e-08,-5.797242685900983e-09,1.4423354510739728e-08,0.0250519029796123,0.0250519029796123,0.0250519029796123,0.0250519029796123,,,9.0,1.4245014190673828,1.002076119184494,3.359235090615032e-13,0.0,0.4015322820050642,159.38942612637263
darcy,224,224,1,64,loss2,"MSE(model(a_adv), solver(a_clean).detach())",1,0,1.7633855264875823e-08,4.411004397297802e-07,4.234665844649044e-07,24.014407405758327,1.7633855264875823e-08,1.4715641150075952e-08,-2.918214114799866e-09,1.5159369315398408e-08,0.0250519029796123,0.0250519029796123,0.0250519029796123,0.0250519029796123,,,9.0,1.4245014190673828,1.002076119184494,3.036433409396577e-13,0.0,0.4037905680015683,158.49800632230574
darcy,225,225,1,64,loss2,"MSE(model(a_adv), solver(a_clean).detach())",1,0,1.8848847815888803e-08,4.3395925786171574e-07,4.1511041004582694e-07,22.02311855348028,1.8848847815888803e-08,1.7677960428841292e-08,-1.1708873870475143e-09,1.743238975393524e-08,0.0250519029796123,0.0250519029796123,0.0250519029796123,0.0250519029796123,,,9.0,1.4245014190673828,1.002076119184494,3.1869906019776906e-13,0.0,0.4575764760083984,139.86733006533606
darcy,226,226,1,64,loss2,"MSE(model(a_adv), solver(a_clean).detach())",1,0,2.170817481328413e-08,4.111299176656758e-07,3.894217428523916e-07,17.938944485286175,2.170817481328413e-08,1.4936961889588932e-08,-6.771212923695202e-09,1.4320946206680674e-08,0.0250519029796123,0.0250519029796123,0.0250519029796123,0.0250519029796123,,,9.0,1.4245014190673828,1.002076119184494,3.6751390776121334e-13,0.0,0.4180319579900242,153.09834278633613
darcy,227,227,1,64,loss2,"MSE(model(a_adv), solver(a_clean).detach())",1,0,1.7137676167067184e-08,4.286114290152909e-07,4.1147375284822374e-07,24.009891938496136,1.7137676167067184e-08,2.013792865795949e-08,3.0002524908923082e-09,1.901977775276009e-08,0.0250519029796123,0.0250519029796123,0.0250519029796123,0.0250519029796123,,,9.0,1.4245014190673828,1.002076119184494,2.8679901335759705e-13,0.0,0.4184644230117555,152.94012221966622
darcy,228,228,1,64,loss2,"MSE(model(a_adv), solver(a_clean).detach())",1,0,2.7315971706798337e-08,4.483340489969123e-07,4.21018077290114e-07,15.412890370849665,2.7315971706798337e-08,1.7992427103763475e-08,-9.32354460303486e-09,1.7119208273186363e-08,0.0250519029796123,0.0250519029796123,0.0250519029796123,0.0250519029796123,,,9.0,1.4245014190673828,1.002076119184494,4.30340008419905e-13,0.0,0.400442366983043,159.82324867915418
darcy,229,229,1,64,loss2,"MSE(model(a_adv), solver(a_clean).detach())",1,0,1.9275283591468906e-08,4.152412316216214e-07,3.959659480301525e-07,20.54267819983744,1.9275281815112063e-08,1.532072069210244e-08,-3.9545611230096264e-09,1.625064971477741e-08,0.0250519029796123,0.0250519029796123,0.0250519029796123,0.0250519029796123,,,9.0,1.4245014190673828,1.002076119184494,2.989311272474926e-13,0.0,0.4009329480177257,159.62768915956113
darcy,230,230,1,64,loss2,"MSE(model(a_adv), solver(a_clean).detach())",1,0,1.87940152329702e-08,4.315588171266427e-07,4.127648018936725e-07,21.96256610293485,1.8794017009327035e-08,2.035035606695601e-08,1.5563390576289746e-09,2.8574119070867713e-08,0.0250519029796123,0.0250519029796123,0.0250519029796123,0.0250519029796123,,,9.0,1.4245014190673828,1.002076119184494,3.117802240340528e-13,0.0,0.4014916410087608,159.40556032299432
darcy,231,231,1,64,loss2,"MSE(model(a_adv), solver(a_clean).detach())",1,0,1.8616040264873845e-08,4.298039755212813e-07,4.111879352564074e-07,22.087830140347727,1.861603848851701e-08,1.4144112547853638e-08,-4.471925940663368e-09,2.2093043394733062e-08,0.0250519029796123,0.0250519029796123,0.0250519029796123,0.0250519029796123,,,9.0,1.4245014190673828,1.002076119184494,3.202696625698859e-13,0.0,0.4007855170057155,159.6864090253224
darcy,232,232,1,64,loss2,"MSE(model(a_adv), solver(a_clean).detach())",1,0,1.9254681404845545e-08,4.199940235594113e-07,4.007393421545658e-07,20.81256675863344,1.925468318120238e-08,1.3722038616492682e-08,-5.532644564709699e-09,1.7514292238729467e-08,0.0250519029796123,0.0250519029796123,0.0250519029796123,0.0250519029796123,,,9.0,1.4245014190673828,1.002076119184494,3.239645422585536e-13,0.0,0.4281954249890987,149.46446473973737
darcy,233,233,1,64,loss2,"MSE(model(a_adv), solver(a_clean).detach())",1,0,1.875537947171324e-08,4.237849680066575e-07,4.050295885349442e-07,21.59538222864579,1.87553776953564e-08,1.815999262078094e-08,-5.953850745754606e-10,1.9762111946874942e-08,0.0250519029796123,0.0250519029796123,0.0250519029796123,0.0250519029796123,,,9.0,1.4245014190673828,1.002076119184494,3.100014277397645e-13,0.0,0.4011199880042113,159.55325566904452
darcy,234,234,1,64,loss2,"MSE(model(a_adv), solver(a_clean).detach())",1,0,2.0955500446007136e-08,4.153900192704896e-07,3.9443451882448244e-07,18.82248146928116,2.0955498669650297e-08,1.4332036890607467e-08,-6.623461779042827e-09,1.4723395835858357e-08,0.0250519029796123,0.0250519029796123,0.0250519029796123,0.0250519029796123,,,9.0,1.4245014190673828,1.002076119184494,3.5651050254298383e-13,0.0,0.4399846729938872,145.45961240992858
darcy,235,235,1,64,loss2,"MSE(model(a_adv), solver(a_clean).detach())",1,0,1.6948199288435717e-08,4.309748646846856e-07,4.140266653962499e-07,24.42894719079408,1.6948199288435717e-08,1.7562280518745865e-08,6.140812303101484e-10,1.7615907843548942e-08,0.0250519029796123,0.0250519029796123,0.0250519029796123,0.0250519029796123,,,9.0,1.4245014190673828,1.002076119184494,2.855207932063453e-13,0.0,0.3999640959955286,160.0143628910018
darcy,236,236,1,64,loss2,"MSE(model(a_adv), solver(a_clean).detach())",1,0,2.370207852209205e-08,4.414391128193529e-07,4.1773703429726083e-07,17.624489510820737,2.370207852209205e-08,1.7598797086293416e-08,-6.103281435798635e-09,1.7935493978882278e-08,0.0250519029796123,0.0250519029796123,0.0250519029796123,0.0250519029796123,,,9.0,1.4245014190673828,1.002076119184494,3.8109443443838653e-13,0.0,0.4307564120099414,148.57584986691492
darcy,237,237,1,64,loss2,"MSE(model(a_adv), solver(a_clean).detach())",1,0,2.1397550398205567e-08,4.0194129269366396e-07,3.805437422954583e-07,17.784453603968206,2.1397550398205567e-08,1.5155308119574332e-08,-6.242242278631238e-09,1.5350032800398594e-08,0.0250519029796123,0.0250519029796123,0.0250519029796123,0.0250519029796123,,,9.0,1.4245014190673828,1.002076119184494,3.4523515231484064e-13,0.0,0.4060356419940945,157.62163066692267
darcy,238,238,1,64,loss2,"MSE(model(a_adv), solver(a_clean).detach())",1,0,1.71665401893506e-08,4.384434078019695e-07,4.212768676126189e-07,24.540580860548783,1.7166538412993763e-08,2.440370749923204e-08,7.237169086238282e-09,2.752477712419932e-08,0.0250519029796123,0.0250519029796123,0.0250519029796123,0.0250519029796123,,,9.0,1.4245014190673828,1.002076119184494,2.876767292263327e-13,0.0,0.4296574250038247,148.95588037243922
darcy,239,239,1,64,loss2,"MSE(model(a_adv), solver(a_clean).detach())",1,0,2.6009082887412663e-08,4.487529849939165e-07,4.227439021065038e-07,16.253702752091066,2.6009082887412663e-08,1.7570451760207106e-08,-8.438631127205554e-09,2.22129754590128e-08,0.0250519029796123,0.0250519029796123,0.0250519029796123,0.0250519029796123,,,9.0,1.4245014190673828,1.002076119184494,4.2648255261547313e-13,0.0,0.4222033649857621,151.5857174709118
darcy,240,240,1,64,loss2,"MSE(model(a_adv), solver(a_clean).detach())",1,0,2.061608661563241e-08,4.051810833516356e-07,3.845649967360032e-07,18.65363703140449,2.061608483927557e-08,1.51098973333319e-08,-5.5061875059436716e-09,1.4811988524598974e-08,0.0250519029796123,0.0250519029796123,0.0250519029796123,0.0250519029796123,,,9.0,1.4245014190673828,1.002076119184494,3.2647514791421533e-13,0.0,0.4008871349797118,159.6459312749932
darcy,241,241,1,64,loss2,"MSE(model(a_adv), solver(a_clean).detach())",1,0,1.9752530278083213e-08,4.23040461328128e-07,4.032879310500448e-07,20.41702634408921,1.9752530278083213e-08,2.2499824225974407e-08,2.747293947891194e-09,2.1957197837707557e-08,0.0250519029796123,0.0250519029796123,0.0250519029796123,0.0250519029796123,,,9.0,1.4245014190673828,1.002076119184494,3.1664148841988043e-13,0.0,0.4000551460194401,159.9779446328882
darcy,242,242,1,64,loss2,"MSE(model(a_adv), solver(a_clean).detach())",1,0,2.4329015246848943e-08,4.452841437796451e-07,4.209551285327962e-07,17.30259627287289,2.43290134704921e-08,1.6142783110240092e-08,-8.186230360252011e-09,1.5866371327888373e-08,0.0250519029796123,0.0250519029796123,0.0250519029796123,0.0250519029796123,,,9.0,1.4245014190673828,1.002076119184494,4.142515594874469e-13,0.0,0.4002740330179222,159.8904618355156
darcy,243,243,1,64,loss2,"MSE(model(a_adv), solver(a_clean).detach())",1,0,1.8148627489722458e-08,4.3130845028827036e-07,4.131598227985478e-07,22.765348125224325,1.8148625713365615e-08,1.6338089992018467e-08,-1.8105357213471507e-09,1.596589482844024e-08,0.0250519029796123,0.0250519029796123,0.0250519029796123,0.0250519029796123,,,9.0,1.4245014190673828,1.002076119184494,2.936003762159245e-13,0.0,0.4007762880064547,159.69008625322974
darcy,244,244,1,64,loss2,"MSE(model(a_adv), solver(a_clean).detach())",1,0,1.948477823532357e-08,4.239456927734864e-07,4.044609145381628e-07,20.757788959841665,1.948477823532357e-08,2.066211557405495e-08,1.1773373387313766e-09,2.0254974586464414e-08,0.0250519029796123,0.0250519029796123,0.0250519029796123,0.0250519029796123,,,9.0,1.4245014190673828,1.002076119184494,3.168311424849024e-13,0.0,0.4009044289996382,159.63904454659382
darcy,245,245,1,64,loss2,"MSE(model(a_adv), solver(a_clean).detach())",1,0,2.326862968971e-08,4.185814646007202e-07,3.953128349110102e-07,16.989089610456436,2.326862791335316e-08,1.5702090294666963e-08,-7.566537618686198e-09,1.6060799801209672e-08,0.0250519029796123,0.0250519029796123,0.0250519029796123,0.0250519029796123,,,9.0,1.4245014190673828,1.002076119184494,3.923267418402821e-13,0.0,0.4002433079876937,159.90273596771246
darcy,246,246,1,64,loss2,"MSE(model(a_adv), solver(a_clean).detach())",1,0,1.7117823603030047e-08,4.338406824899721e-07,4.167228588869421e-07,24.34438329024359,1.7117821826673207e-08,1.8679601865301265e-08,1.5617800386280576e-09,2.0159993674440105e-08,0.0250519029796123,0.0250519029796123,0.0250519029796123,0.0250519029796123,,,9.0,1.4245014190673828,1.002076119184494,2.8340884868950644e-13,0.0,0.4518255210132338,141.64759851651996
darcy,247,247,1,64,loss2,"MSE(model(a_adv), solver(a_clean).detach())",1,0,2.2476676520000183e-08,4.358424519068649e-07,4.133657753868647e-07,18.390876205343076,2.2476676520000183e-08,1.8977269533593244e-08,-3.4994069864069392e-09,1.907301339088008e-08,0.0250519029796123,0.0250519029796123,0.0250519029796123,0.0250519029796123,,,9.0,1.4245014190673828,1.002076119184494,3.5505886425424293e-13,0.0,0.4172243139764759,153.39470365480298
darcy,248,248,1,64,loss2,"MSE(model(a_adv), solver(a_clean).detach())",1,0,2.476431149034397e-08,4.243636055889511e-07,3.9959929409860717e-07,16.13609545552751,2.476430971398713e-08,1.7595937151781982e-08,-7.1683725622051506e-09,1.5683232934549096e-08,0.0250519029796123,0.0250519029796123,0.0250519029796123,0.0250519029796123,,,9.0,1.4245014190673828,1.002076119184494,4.055166304747088e-13,0.0,0.4736174469871912,135.13015706478154
darcy,249,249,1,64,loss2,"MSE(model(a_adv), solver(a_clean).detach())",1,0,1.7596928358898367e-08,4.4758166950487066e-07,4.299847411459723e-07,24.43521575903551,1.7596928358898367e-08,2.8506704552455634e-08,1.0909776193557263e-08,2.7053189910475343e-08,0.0250519029796123,0.0250519029796123,0.0250519029796123,0.0250519029796123,,,9.0,1.4245014190673828,1.002076119184494,2.94830457790718e-13,0.0,0.4470322749984916,143.16639665495282
darcy,250,250,1,64,loss2,"MSE(model(a_adv), solver(a_clean).detach())",1,0,3.06214786860437e-08,4.531046045030962e-07,4.224831258170525e-07,13.796953770544295,3.062147513333002e-08,1.901548785099294e-08,-1.1605987282337082e-08,1.79760037966048e-08,0.0250519029796123,0.0250519029796123,0.0250519029796123,0.0250519029796123,,,9.0,1.4245014190673828,1.002076119184494,4.833621025136792e-13,0.0,0.4281172609771602,149.49175339000024
darcy,251,251,1,64,loss2,"MSE(model(a_adv), solver(a_clean).detach())",1,0,2.0666806932467807e-08,3.99248790472484e-07,3.785819835400162e-07,18.31835874681053,2.0666806932467807e-08,1.6971819505329222e-08,-3.694987427138585e-09,1.5291882426993197e-08,0.0250519029796123,0.0250519029796123,0.0250519029796123,0.0250519029796123,,,9.0,1.4245014190673828,1.002076119184494,2.9399087873339946e-13,0.0,0.4206459019915201,152.1469713528558
darcy,252,252,1,64,loss2,"MSE(model(a_adv), solver(a_clean).detach())",1,0,1.982501451891494e-08,4.389547143546224e-07,4.1912969983570747e-07,21.14145739645325,1.98250127425581e-08,2.489350769963039e-08,5.068494957072289e-09,2.5353822152851532e-08,0.0250519029796123,0.0250519029796123,0.0250519029796123,0.0250519029796123,,,9.0,1.4245014190673828,1.002076119184494,3.022016231007951e-13,0.0,0.4009225699992385,159.6318211771454
darcy,253,253,1,64,loss2,"MSE(model(a_adv), solver(a_clean).detach())",1,0,2.4974461609872375e-08,4.36298364547838e-07,4.113239029379656e-07,16.469780584794258,2.4974459833515542e-08,1.6576500172504893e-08,-8.397959661010646e-09,1.8466456808141632e-08,0.0250519029796123,0.0250519029796123,0.0250519029796123,0.0250519029796123,,,9.0,1.4245014190673828,1.002076119184494,4.197168329035661e-13,0.0,0.4001542699988931,159.93831579050007
darcy,254,254,1,64,loss2,"MSE(model(a_adv), solver(a_clean).detach())",1,0,1.8374269217247278e-08,4.180857331448351e-07,3.997114639275879e-07,21.753870001664765,1.8374269217247278e-08,1.6557770265990257e-08,-1.8164989512570171e-09,1.5463079705568816e-08,0.0250519029796123,0.0250519029796123,0.0250519029796123,0.0250519029796123,,,9.0,1.4245014190673828,1.002076119184494,2.850463463356656e-13,0.0,0.4003751650161575,159.85007461043998
darcy,255,255,1,64,loss2,"MSE(model(a_adv), solver(a_clean).detach())",1,0,2.5457600472122976e-08,4.366852124348952e-07,4.112276119627722e-07,16.15343175854621,2.5457600472122976e-08,2.16727862323296e-08,-3.784814239793377e-09,2.039457225322394e-08,0.0250519029796123,0.0250519029796123,0.0250519029796123,0.0250519029796123,,,9.0,1.4245014190673828,1.002076119184494,3.7226108697344107e-13,0.0,0.435848900990095,146.8398792669078
darcy,256,256,1,64,loss2,"MSE(model(a_adv), solver(a_clean).detach())",1,0,2.7099794408513844e-08,4.268082705038978e-07,3.99708476095384e-07,14.749502157470577,2.7099790855800165e-08,1.933176640989132e-08,-7.76802444590885e-09,1.7939876251205078e-08,0.0250519029796123,0.0250519029796123,0.0250519029796123,0.0250519029796123,,,9.0,1.4245014190673828,1.002076119184494,4.418821536976425e-13,0.0,0.4001835729868617,159.92660448883834
darcy,257,257,1,64,loss2,"MSE(model(a_adv), solver(a_clean).detach())",1,0,1.7274128794042554e-08,4.527414603217039e-07,4.3546733152766137e-07,25.209221068089057,1.7274130570399393e-08,2.2730734627884885e-08,5.456604057485492e-09,2.1982653031216163e-08,0.0250519029796123,0.0250519029796123,0.0250519029796123,0.0250519029796123,,,9.0,1.4245014190673828,1.002076119184494,2.8958470820947274e-13,0.0,0.4261311550217215,150.1885024030634
darcy,258,258,1,64,loss2,"MSE(model(a_adv), solver(a_clean).detach())",1,0,2.7164581695160453e-08,4.416623085035099e-07,4.144977268083494e-07,15.258756106014138,2.716457991880361e-08,2.1547721829051625e-08,-5.616858089751986e-09,1.93960341121624e-08,0.0250519029796123,0.0250519029796123,0.0250519029796123,0.0250519029796123,,,9.0,1.4245014190673828,1.002076119184494,3.923433030284668e-13,0.0,0.4446783809980843,143.92424443111327
darcy,259,259,1,64,loss2,"MSE(model(a_adv), solver(a_clean).detach())",1,0,2.5884304477585832e-08,3.9950975860847393e-07,3.736254541308881e-07,14.434440548882591,2.5884300924872153e-08,2.012762401193413e-08,-5.756676912938019e-09,2.068557236611923e-08,0.0250519029796123,0.0250519029796123,0.0250519029796123,0.0250519029796123,,,9.0,1.4245014190673828,1.002076119184494,3.800834159125438e-13,0.0,0.4011616139905527,159.53669984363756
darcy,260,260,1,64,loss2,"MSE(model(a_adv), solver(a_clean).detach())",1,0,1.7745705349625496e-08,4.2578022885209066e-07,4.080345235024652e-07,22.993423786960168,1.7745701796911817e-08,2.1603320021768013e-08,3.857618224856196e-09,2.851410751958383e-08,0.0250519029796123,0.0250519029796123,0.0250519029796123,0.0250519029796123,,,9.0,1.4245014190673828,1.002076119184494,2.9150453210134713e-13,0.0,0.4003781719948165,159.848874081049
darcy,261,261,1,64,loss2,"MSE(model(a_adv), solver(a_clean).detach())",1,0,2.2427357748711078e-08,4.334780214776402e-07,4.1105066372892907e-07,18.32809144682024,2.2427359525067917e-08,1.6812204961524913e-08,-5.615154563543001e-09,2.0694741920124216e-08,0.0250519029796123,0.0250519029796123,0.0250519029796123,0.0250519029796123,,,9.0,1.4245014190673828,1.002076119184494,3.673015938707863e-13,0.0,0.4005471729906276,159.78142979303348
darcy,262,262,1,64,loss2,"MSE(model(a_adv), solver(a_clean).detach())",1,0,2.320959957557989e-08,4.008334428817762e-07,3.7762384330619625e-07,16.270157616313007,2.320960135193673e-08,1.7736848434424246e-08,-5.47275291751248e-09,1.6592342610977084e-08,0.0250519029796123,0.0250519029796123,0.0250519029796123,0.0250519029796123,,,9.0,1.4245014190673828,1.002076119184494,3.495853509016128e-13,0.0,0.401893842004938,159.2460329342733
darcy,263,263,1,64,loss2,"MSE(model(a_adv), solver(a_clean).detach())",1,0,1.8596530537706712e-08,4.3110100023113773e-07,4.12504469693431e-07,22.18179723669576,1.8596528761349876e-08,3.0005789852793896e-08,1.1409261091444025e-08,2.8158300580116705e-08,0.0250519029796123,0.0250519029796123,0.0250519029796123,0.0250519029796123,,,9.0,1.4245014190673828,1.002076119184494,2.891983798703618e-13,0.0,0.3996744560135994,160.13032365976954
darcy,264,264,1,64,loss2,"MSE(model(a_adv), solver(a_clean).detach())",1,0,3.0782118187744345e-08,4.475919581636845e-07,4.168098399759401e-07,13.540648419116575,3.0782118187744345e-08,1.9241216620002888e-08,-1.1540901567741456e-08,1.9575222331980058e-08,0.0250519029796123,0.0250519029796123,0.0250519029796123,0.0250519029796123,,,9.0,1.4245014190673828,1.002076119184494,4.971155865424183e-13,0.0,0.3999950049910694,160.00199802852265
darcy,265,265,1,64,loss2,"MSE(model(a_adv), solver(a_clean).detach())",1,0,2.0006739376299265e-08,4.00836142944172e-07,3.808294035678728e-07,19.035055958144664,2.0006737599942426e-08,1.6245834899564215e-08,-3.76090270037821e-09,1.4973341233570636e-08,0.0250519029796123,0.0250519029796123,0.0250519029796123,0.0250519029796123,,,9.0,1.4245014190673828,1.002076119184494,2.940684533988408e-13,0.0,0.4013806460134219,159.44964122126575
darcy,266,266,1,64,loss2,"MSE(model(a_adv), solver(a_clean).detach())",1,0,2.06312797956798e-08,4.220972300572612e-07,4.014659502615814e-07,19.45909096466466,2.06312797956798e-08,2.4364393169662435e-08,3.733113373982633e-09,2.2684895739644162e-08,0.0250519029796123,0.0250519029796123,0.0250519029796123,0.0250519029796123,,,9.0,1.4245014190673828,1.002076119184494,3.0948537461071573e-13,0.0,0.4192026289820205,152.6707982614893
darcy,267,267,1,64,loss2,"MSE(model(a_adv), solver(a_clean).detach())",1,0,2.869301773955613e-08,4.339830184107996e-07,4.052900006712434e-07,14.125039211630629,2.869301596319929e-08,1.955142892029471e-08,-9.141587042904575e-09,1.8022364933756307e-08,0.0250519029796123,0.0250519029796123,0.0250519029796123,0.0250519029796123,,,9.0,1.4245014190673828,1.002076119184494,4.812289347393139e-13,0.0,0.4004494420078117,159.8204249682823
darcy,268,268,1,64,loss2,"MSE(model(a_adv), solver(a_clean).detach())",1,0,1.9051686450666242e-08,4.320440893934574e-07,4.129924029427912e-07,21.677472176136344,1.90516846743094e-08,1.9593414890550772e-08,5.417302162413762e-10,1.841437935468093e-08,0.0250519029796123,0.0250519029796123,0.0250519029796123,0.0250519029796123,,,9.0,1.4245014190673828,1.002076119184494,2.925735554434178e-13,0.0,0.4503974230028689,142.09672775945776
darcy,269,269,1,64,loss2,"MSE(model(a_adv), solver(a_clean).detach())",1,0,2.4340208071294e-08,4.276001277503383e-07,4.032599196790443e-07,16.567644717656915,2.4340208071294e-08,2.4620808503073025e-08,2.8060043177902116e-10,2.358152340065089e-08,0.0250519029796123,0.0250519029796123,0.0250519029796123,0.0250519029796123,,,9.0,1.4245014190673828,1.002076119184494,3.4896708461275294e-13,0.0,0.4243477409763727,150.8197023807497
darcy,270,270,1,64,loss2,"MSE(model(a_adv), solver(a_clean).detach())",1,0,2.485834826870814e-08,4.072301464930206e-07,3.823717982243125e-07,15.38202756237206,2.485835004506498e-08,1.8486424835373327e-08,-6.371925209691653e-09,2.0548881707327385e-08,0.0250519029796123,0.0250519029796123,0.0250519029796123,0.0250519029796123,,,9.0,1.4245014190673828,1.002076119184494,3.8143888546858523e-13,0.0,0.4303222659800667,148.725745934245
darcy,271,271,1,64,loss2,"MSE(model(a_adv), solver(a_clean).detach())",1,0,1.6629840615678404e-08,4.327106921664381e-07,4.160808515507597e-07,25.020134658325222,1.6629842392035243e-08,1.935552340626145e-08,2.725681014226211e-09,2.2130717702850692e-08,0.0250519029796123,0.0250519029796123,0.0250519029796123,0.0250519029796123,,,9.0,1.4245014190673828,1.002076119184494,2.789330181759975e-13,0.0,0.4002132570021786,159.9147426534439
darcy,272,272,1,64,loss2,"MSE(model(a_adv), solver(a_clean).detach())",1,0,2.7537661040355488e-08,4.397008410705894e-07,4.121631800302339e-07,14.967254460218063,2.7537661040355488e-08,2.087139883144573e-08,-6.666262208909757e-09,2.0070411999029147e-08,0.0250519029796123,0.0250519029796123,0.0250519029796123,0.0250519029796123,,,9.0,1.4245014190673828,1.002076119184494,3.9661947771191253e-13,0.0,0.4034940119890962,158.61449760927184
darcy,273,273,1,64,loss2,"MSE(model(a_adv), solver(a_clean).detach())",1,0,2.7507269351190192e-08,4.019082666673057e-07,3.7440099731611554e-07,13.61098379254122,2.7507269351190192e-08,2.137893595488549e-08,-6.128333396304697e-09,1.84117854296062e-08,0.0250519029796123,0.0250519029796123,0.0250519029796123,0.0250519029796123,,,9.0,1.4245014190673828,1.002076119184494,3.857969445211079e-13,0.0,0.4283452850067988,149.4121734034826
darcy,274,274,1,64,loss2,"MSE(model(a_adv), solver(a_clean).detach())",1,0,1.8475784457905323e-08,4.234182142681675e-07,4.049424298102622e-07,21.917468821574047,1.8475784457905323e-08,2.7270809610513425e-08,8.795025152608105e-09,2.78108807094668e-08,0.0250519029796123,0.0250519029796123,0.0250519029796123,0.0250519029796123,,,9.0,1.4245014190673828,1.002076119184494,2.9802771578726905e-13,0.0,0.4005960079957731,159.76195149871612
darcy,275,275,1,64,loss2,"MSE(model(a_adv), solver(a_clean).detach())",1,0,3.1099233410714084e-08,4.643693500838708e-07,4.3327011667315684e-07,13.931858414358526,3.1099233410714084e-08,2.0392258548440623e-08,-1.0706974862273457e-08,2.1918845405366483e-08,0.0250519029796123,0.0250519029796123,0.0250519029796123,0.0250519029796123,,,9.0,1.4245014190673828,1.002076119184494,4.781571189341194e-13,0.0,0.4012360909837298,159.50708682035088
darcy,276,276,1,64,loss2,"MSE(model(a_adv), solver(a_clean).detach())",1,0,2.5611932130686913e-08,3.919255959772272e-07,3.663136638465403e-07,14.3024611332482,2.5611930354330074e-08,1.9886480018271868e-08,-5.725450336058202e-09,1.7050834966170214e-08,0.0250519029796123,0.0250519029796123,0.0250519029796123,0.0250519029796123,,,9.0,1.4245014190673828,1.002076119184494,3.617992407403681e-13,0.0,0.4002403990016319,159.90389815631545
darcy,277,277,1,64,loss2,"MSE(model(a_adv), solver(a_clean).detach())",1,0,1.9148689744952208e-08,4.3074663835795945e-07,4.115979486130073e-07,21.494836153032807,1.9148689744952208e-08,3.2805733241048074e-08,1.3657043496095866e-08,3.244827784243398e-08,0.0250519029796123,0.0250519029796123,0.0250519029796123,0.0250519029796123,,,9.0,1.4245014190673828,1.002076119184494,2.9558888431542585e-13,0.0,0.4001469500071835,159.94124158350093
darcy,278,278,1,64,loss2,"MSE(model(a_adv), solver(a_clean).detach())",1,0,2.8455229283963493e-08,4.483708835323341e-07,4.199156542483706e-07,14.757064512041111,2.8455231060320333e-08,1.7499557358746642e-08,-1.0955673701573689e-08,1.88098221443056e-08,0.0250519029796123,0.0250519029796123,0.0250519029796123,0.0250519029796123,,,9.0,1.4245014190673828,1.002076119184494,4.538347237077745e-13,0.0,0.420991243008757,152.02216450537605
darcy,279,279,1,64,loss2,"MSE(model(a_adv), solver(a_clean).detach())",1,0,2.416002331528944e-08,3.787992568504706e-07,3.546392335351811e-07,14.678762056936888,2.416002331528944e-08,1.8829819481425147e-08,-5.330203833864289e-09,1.580921660249146e-08,0.0250519029796123,0.0250519029796123,0.0250519029796123,0.0250519029796123,,,9.0,1.4245014190673828,1.002076119184494,3.341404843787421e-13,0.0,0.4289108049997594,149.2151730708577
darcy,280,280,1,64,loss2,"MSE(model(a_adv), solver(a_clean).detach())",1,0,2.1181524090252424e-08,4.230747094879917e-07,4.018931853977392e-07,18.973761457641636,2.1181525866609263e-08,2.9142688262595584e-08,7.961162395986321e-09,2.7748479958233933e-08,0.0250519029796123,0.0250519029796123,0.0250519029796123,0.0250519029796123,,,9.0,1.4245014190673828,1.002076119184494,3.062023291172667e-13,0.0,0.4009244540065992,159.63107104199375
darcy,281,281,1,64,loss2,"MSE(model(a_adv), solver(a_clean).detach())",1,0,3.22578443956445e-08,4.529443344836182e-07,4.206864900879737e-07,13.041370183581622,3.22578443956445e-08,2.0614367102211872e-08,-1.1643477293432625e-08,2.1586868292899908e-08,0.0250519029796123,0.0250519029796123,0.0250519029796123,0.0250519029796123,,,9.0,1.4245014190673828,1.002076119184494,5.247092365635865e-13,0.0,0.4275975910131819,149.67343442780765
darcy,282,282,1,64,loss2,"MSE(model(a_adv), solver(a_clean).detach())",1,0,2.1292873242373392e-08,4.017717856186209e-07,3.8047891237624754e-07,17.86883846277187,2.1292873242373392e-08,1.8598761641897e-08,-2.6941116004763903e-09,1.755583589613252e-08,0.0250519029796123,0.0250519029796123,0.0250519029796123,0.0250519029796123,,,9.0,1.4245014190673828,1.002076119184494,2.951323267805922e-13,0.0,0.4013851390045602,159.44785638731105
darcy,283,283,1,64,loss2,"MSE(model(a_adv), solver(a_clean).detach())",1,0,2.250741104603549e-08,4.220180471747881e-07,3.995106361287526e-07,17.750181720661445,2.2507407493321807e-08,2.9622961861264233e-08,7.1155543679424235e-09,2.6616145731850338e-08,0.0250519029796123,0.0250519029796123,0.0250519029796123,0.0250519029796123,,,9.0,1.4245014190673828,1.002076119184494,3.12044308578216e-13,0.0,0.4002155660127755,159.91382003856646
darcy,284,284,1,64,loss2,"MSE(model(a_adv), solver(a_clean).detach())",1,0,3.25677085299958e-08,4.4904436435899697e-07,4.164766558290012e-07,12.788024538030184,3.25677085299958e-08,2.1800499183655123e-08,-1.0767209346340678e-08,2.162481216316792e-08,0.0250519029796123,0.0250519029796123,0.0250519029796123,0.0250519029796123,,,9.0,1.4245014190673828,1.002076119184494,5.264094282003695e-13,0.0,0.4312142730050254,148.41809282888494
darcy,285,285,1,64,loss2,"MSE(model(a_adv), solver(a_clean).detach())",1,0,1.9456219746416537e-08,4.144233685110521e-07,3.949671487646356e-07,20.30030262365745,1.9456217970059697e-08,1.7692308063033124e-08,-1.7639099070265731e-09,1.6886134268645492e-08,0.0250519029796123,0.0250519029796123,0.0250519029796123,0.0250519029796123,,,9.0,1.4245014190673828,1.002076119184494,2.85021111530101e-13,0.0,0.4263275059929583,150.1193310315218
darcy,286,286,1,64,loss2,"MSE(model(a_adv), solver(a_clean).detach())",1,0,2.7494932552940557e-08,4.2437397951289313e-07,3.968790469599526e-07,14.4346252239672,2.7494934329297397e-08,2.9656682443146565e-08,2.161748113849171e-09,2.93599802247968e-08,0.0250519029796123,0.0250519029796123,0.0250519029796123,0.0250519029796123,,,9.0,1.4245014190673828,1.002076119184494,3.431573330613808e-13,0.0,0.42829919300857,149.42825259705637
darcy,287,287,1,64,loss2,"MSE(model(a_adv), solver(a_clean).detach())",1,0,2.6736280744898977e-08,4.096964119071345e-07,3.829601311622355e-07,14.323612727447165,2.6736282521255816e-08,2.027032408591367e-08,-6.465958435342145e-09,2.420962008642391e-08,0.0250519029796123,0.0250519029796123,0.0250519029796123,0.0250519029796123,,,9.0,1.4245014190673828,1.002076119184494,3.861320172025146e-13,0.0,0.4008651039912365,159.65470519329398
darcy,288,288,1,64,loss2,"MSE(model(a_adv), solver(a_clean).detach())",1,0,1.7243189986970723e-08,4.241134661242541e-07,4.0687027613728333e-07,23.59599798208581,1.724318643425704e-08,1.7568252630439932e-08,3.2506619618288823e-10,2.4720024249802464e-08,0.0250519029796123,0.0250519029796123,0.0250519029796123,0.0250519029796123,,,9.0,1.4245014190673828,1.002076119184494,2.8815703078874377e-13,0.0,0.4003469349991064,159.86134625994538
darcy,289,289,1,64,loss2,"MSE(model(a_adv), solver(a_clean).detach())",1,0,2.443062996348999e-08,4.193301492705359e-07,3.948995193070459e-07,16.164115288766517,2.4430628187133152e-08,2.5527755909138253e-08,1.0971277220050979e-09,2.5571670114743483e-08,0.0250519029796123,0.0250519029796123,0.0250519029796123,0.0250519029796123,,,9.0,1.4245014190673828,1.002076119184494,3.325912407894233e-13,0.0,0.4374233209819067,146.31135773999404
darcy,290,290,1,64,loss2,"MSE(model(a_adv), solver(a_clean).detach())",1,0,3.470427856200331e-08,4.127235797568574e-07,3.780193011948541e-07,10.892584916279926,3.470427500928963e-08,2.6804720221207393e-08,-7.899554788082241e-09,2.3353349476451516e-08,0.0250519029796123,0.0250519029796123,0.0250519029796123,0.0250519029796123,,,9.0,1.4245014190673828,1.002076119184494,5.341197319500002e-13,0.0,0.4050219249911606,158.01613703109223
darcy,291,291,1,64,loss2,"MSE(model(a_adv), solver(a_clean).detach())",1,0,1.8115379418759403e-08,4.474304091672821e-07,4.293150297485227e-07,23.69892563795517,1.8115377642402564e-08,2.6178268441867655e-08,8.062890799465094e-09,2.6146000919879956e-08,0.0250519029796123,0.0250519029796123,0.0250519029796123,0.0250519029796123,,,9.0,1.4245014190673828,1.002076119184494,3.0136789873520813e-13,0.0,0.4253808360081166,150.4534162859627
darcy,292,292,1,64,loss2,"MSE(model(a_adv), solver(a_clean).detach())",1,0,3.5574981183117416e-08,4.619895435098442e-07,4.264145623267268e-07,11.986360867819307,3.5574977630403743e-08,2.7175053318728718e-08,-8.399924311675022e-09,2.295699985666033e-08,0.0250519029796123,0.0250519029796123,0.0250519029796123,0.0250519029796123,,,9.0,1.4245014190673828,1.002076119184494,4.439076059861713e-13,0.0,0.3999782909813802,160.00868407875495
darcy,293,293,1,64,loss2,"MSE(model(a_adv), solver(a_clean).detach())",1,0,3.131901493702571e-08,4.047830941544817e-07,3.7346407921745605e-07,11.92451550498615,3.131901493702571e-08,2.4214202198891144e-08,-7.104812738134569e-09,2.2030492985436467e-08,0.0250519029796123,0.0250519029796123,0.0250519029796123,0.0250519029796123,,,9.0,1.4245014190673828,1.002076119184494,4.4454449344734364e-13,0.0,0.4009050669847056,159.63879050309328
darcy,294,294,1,64,loss2,"MSE(model(a_adv), solver(a_clean).detach())",1,0,1.73233907219128e-08,4.508290771809698e-07,4.33505686459057e-07,25.024297691946902,1.73233907219128e-08,2.3604401988563953e-08,6.2810112666511494e-09,2.743579319286482e-08,0.0250519029796123,0.0250519029796123,0.0250519029796123,0.0250519029796123,,,9.0,1.4245014190673828,1.002076119184494,2.878389529763909e-13,0.0,0.401236567995511,159.50689718967996
darcy,295,295,1,64,loss2,"MSE(model(a_adv), solver(a_clean).detach())",1,0,2.6575259326477866e-08,4.277181915313122e-07,4.011429322048343e-07,15.094600857014465,2.6575259326477866e-08,2.5740002129737153e-08,-8.35257196740713e-10,2.301493395862053e-08,0.0250519029796123,0.0250519029796123,0.0250519029796123,0.0250519029796123,,,9.0,1.4245014190673828,1.002076119184494,3.549897734708013e-13,0.0,0.4005295970127918,159.7884412970261
darcy,296,296,1,64,loss2,"MSE(model(a_adv), solver(a_clean).detach())",1,0,3.5442205614799605e-08,4.0958542513180873e-07,3.7414321951700913e-07,10.55643160539586,3.5442205614799605e-08,2.756018702143592e-08,-7.882018593363682e-09,2.5288531269040962e-08,0.0250519029796123,0.0250519029796123,0.0250519029796123,0.0250519029796123,,,9.0,1.4245014190673828,1.002076119184494,5.181646127797035e-13,0.0,0.4006665209890343,159.73383511559126
darcy,297,297,1,64,loss2,"MSE(model(a_adv), solver(a_clean).detach())",1,0,1.7288520837155374e-08,4.267392341716914e-07,4.09450713334536e-07,23.68338605663539,1.7288520837155374e-08,1.9711247745135552e-08,2.422726907980177e-09,2.4122389419289906e-08,0.0250519029796123,0.0250519029796123,0.0250519029796123,0.0250519029796123,,,9.0,1.4245014190673828,1.002076119184494,2.8932832150073423e-13,0.0,0.4408112000091932,145.18687365172494
darcy,298,298,1,64,loss2,"MSE(model(a_adv), solver(a_clean).detach())",1,0,2.410953925391368e-08,4.242006355070771e-07,4.000910962531634e-07,16.59472178375275,2.410953925391368e-08,2.3018008832309533e-08,-1.0915304216041475e-09,2.18546452046553e-08,0.0250519029796123,0.0250519029796123,0.0250519029796123,0.0250519029796123,,,9.0,1.4245014190673828,1.002076119184494,3.438068514778625e-13,0.0,0.4002371770038735,159.90518541804678
darcy,299,299,1,64,loss2,"MSE(model(a_adv), solver(a_clean).detach())",1,0,3.4537272597390256e-08,4.124864290133701e-07,3.779491564159798e-07,10.943225332869476,3.4537276150103935e-08,2.6493976790220586e-08,-8.043299359883349e-09,2.3053753572810365e-08,0.0250519029796123,0.0250519029796123,0.0250519029796123,0.0250519029796123,,,9.0,1.4245014190673828,1.002076119184494,5.248585854128462e-13,0.0,0.4121886140201241,155.2687236452275
darcy,300,300,1,64,loss2,"MSE(model(a_adv), solver(a_clean).detach())",1,0,1.7563763776706764e-08,4.509598738877685e-07,4.333961101110617e-07,24.67558295710148,1.7563763776706764e-08,2.406997978710024e-08,6.506216010393473e-09,2.4931376074732725e-08,0.0250519029796123,0.0250519029796123,0.0250519029796123,0.0250519029796123,,,9.0,1.4245014190673828,1.002076119184494,2.927922119165538e-13,0.0,0.4009645860060118,159.6150937854657
darcy,301,301,1,64,loss2,"MSE(model(a_adv), solver(a_clean).detach())",1,0,2.7785032941096688e-08,4.2707659986263035e-07,3.992915669215336e-07,14.370742974032744,2.7785032941096688e-08,2.7355619991453753e-08,-4.2941294964293775e-10,2.2825808798643266e-08,0.0250519029796123,0.0250519029796123,0.0250519029796123,0.0250519029796123,,,9.0,1.4245014190673828,1.002076119184494,3.582402115839129e-13,0.0,0.4006727309897542,159.73135941122126
darcy,302,302,1,64,loss2,"MSE(model(a_adv), solver(a_clean).detach())",1,0,3.2629735358113976e-08,4.118206788916723e-07,3.791909435335583e-07,11.621024178465046,3.2629735358113976e-08,2.567981205459091e-08,-6.9499233035230645e-09,2.6706714173485583e-08,0.0250519029796123,0.0250519029796123,0.0250519029796123,0.0250519029796123,,,9.0,1.4245014190673828,1.002076119184494,4.73015127500781e-13,0.0,0.4048556769848801,158.08102402474194
darcy,303,303,1,64,loss2,"MSE(model(a_adv), solver(a_clean).detach())",1,0,1.7190183498883016e-08,4.2465453020668075e-07,4.0746434670779763e-07,23.703315717035476,1.7190183498883016e-08,1.7418011921677138e-08,2.2782842279411847e-10,2.9174799465181426e-08,0.0250519029796123,0.0250519029796123,0.0250519029796123,0.0250519029796123,,,9.0,1.4245014190673828,1.002076119184494,2.925448511909013e-13,0.0,0.4257027010025922,150.33966157431144
darcy,304,304,1,64,loss2,"MSE(model(a_adv), solver(a_clean).detach())",1,0,1.981451447363725e-08,4.3315083075867733e-07,4.133363162850401e-07,20.860279813314357,1.981451447363725e-08,3.147863480990054e-08,1.1664120336263297e-08,3.1551421031394966e-08,0.0250519029796123,0.0250519029796123,0.0250519029796123,0.0250519029796123,,,9.0,1.4245014190673828,1.002076119184494,2.9162861903998805e-13,0.0,0.43582468299428,146.84803889558492
darcy,305,305,1,64,loss2,"MSE(model(a_adv), solver(a_clean).detach())",1,0,4.808804021649848e-08,4.959911734658817e-07,4.479031332493833e-07,9.31423138129286,4.808804376921216e-08,3.3330742610360176e-08,-1.4757301158851988e-08,2.9265014411805623e-08,0.0250519029796123,0.0250519029796123,0.0250519029796123,0.0250519029796123,,,9.0,1.4245014190673828,1.002076119184494,7.356474912741108e-13,0.0,0.4332996679877396,147.70378268974557
darcy,306,306,1,64,loss2,"MSE(model(a_adv), solver(a_clean).detach())",1,0,2.20414726470608e-08,4.717657589026203e-07,4.497242862555595e-07,20.40354986514613,2.20414726470608e-08,2.458671666261125e-08,2.545244015550452e-09,2.8527928463972785e-08,0.0250519029796123,0.0250519029796123,0.0250519029796123,0.0250519029796123,,,9.0,1.4245014190673828,1.002076119184494,3.160237642321068e-13,0.0,0.3998445629840716,160.06219897642956
darcy,307,307,1,64,loss2,"MSE(model(a_adv), solver(a_clean).detach())",1,0,3.286460881213316e-08,4.181026724836556e-07,3.852380636715225e-07,11.721973198393828,3.286460881213316e-08,3.3129659016140074e-08,2.6505020400691137e-10,3.9310091182187534e-08,0.0250519029796123,0.0250519029796123,0.0250519029796123,0.0250519029796123,,,9.0,1.4245014190673828,1.002076119184494,3.6183970858645614e-13,0.0,0.4009084559802431,159.6374410300638
darcy,308,308,1,64,loss2,"MSE(model(a_adv), solver(a_clean).detach())",1,0,2.9122713129936528e-08,3.8714730976607836e-07,3.580245966361417e-07,12.29365530054658,2.9122713129936528e-08,2.3153496897521112e-08,-5.9692162324154205e-09,4.329476421816025e-08,0.0250519029796123,0.0250519029796123,0.0250519029796123,0.0250519029796123,,,9.0,1.4245014190673828,1.002076119184494,3.87564600638074e-13,0.0,0.4019403819984291,159.22759410685472
darcy,309,309,1,64,loss2,"MSE(model(a_adv), solver(a_clean).detach())",1,0,1.9977212772914757e-08,4.257720149780653e-07,4.057948022051505e-07,20.312883825081443,1.9977214549271597e-08,1.43395855189965e-08,-5.637629030275093e-09,3.617208621520263e-08,0.0250519029796123,0.0250519029796123,0.0250519029796123,0.0250519029796123,,,9.0,1.4245014190673828,1.002076119184494,3.42959276429522e-13,0.0,0.4317436689743772,148.2361053539808
darcy,310,310,1,64,loss2,"MSE(model(a_adv), solver(a_clean).detach())",1,0,2.252515685086109e-08,4.491707272791246e-07,4.2664557042826345e-07,18.94084792630217,2.252515685086109e-08,4.488275351377524e-08,2.2357596662914148e-08,4.9270068913642724e-08,0.0250519029796123,0.0250519029796123,0.0250519029796123,0.0250519029796123,,,9.0,1.4245014190673828,1.002076119184494,3.2417514853055884e-13,0.0,0.4006071749900002,159.7574981067115
darcy,311,311,1,64,loss2,"MSE(model(a_adv), solver(a_clean).detach())",1,0,5.0477012791816385e-08,4.91397599944321e-07,4.409205871525046e-07,8.73507687491343,5.04770092391027e-08,3.142636018083067e-08,-1.9050649058272032e-08,3.3599222959423975e-08,0.0250519029796123,0.0250519029796123,0.0250519029796123,0.0250519029796123,,,9.0,1.4245014190673828,1.002076119184494,7.107049866152126e-13,0.0,0.3996033270086627,160.15882670219256
darcy,312,312,1,64,loss2,"MSE(model(a_adv), solver(a_clean).detach())",1,0,2.5084510468786906e-08,4.302832792291156e-07,4.051987687603287e-07,16.153345677784888,2.5084508692430063e-08,2.392612685753193e-08,-1.1583818348981367e-09,3.368670764558601e-08,0.0250519029796123,0.0250519029796123,0.0250519029796123,0.0250519029796123,,,9.0,1.4245014190673828,1.002076119184494,3.021077582977122e-13,0.0,0.411476342997048,155.5374958712004
darcy,313,313,1,64,loss2,"MSE(model(a_adv), solver(a_clean).detach())",1,0,3.083423294469867e-08,4.145317973325291e-07,3.836975643878304e-07,12.443882261510888,3.083422939198499e-08,3.071913212693289e-08,-1.1509726505209983e-10,5.361624744182336e-08,0.0250519029796123,0.0250519029796123,0.0250519029796123,0.0250519029796123,,,9.0,1.4245014190673828,1.002076119184494,3.4963077897264e-13,0.0,0.400509420025628,159.79649116843424
darcy,314,314,1,64,loss2,"MSE(model(a_adv), solver(a_clean).detach())",1,0,2.1678797423874133e-08,3.979759810590622e-07,3.762971836351881e-07,17.357843992803062,2.167879564751729e-08,1.696545481877365e-08,-4.7133408287436396e-09,4.8392240437067364e-08,0.0250519029796123,0.0250519029796123,0.0250519029796123,0.0250519029796123,,,9.0,1.4245014190673828,1.002076119184494,3.25241949258176e-13,0.0,0.3997706389927771,160.0917970395428
darcy,315,315,1,64,loss2,"MSE(model(a_adv), solver(a_clean).detach())",1,0,2.399863419100257e-08,4.2191399529656337e-07,3.979153611055608e-07,16.580750301812802,2.399863241464573e-08,1.6825316251356526e-08,-7.1733161632892015e-09,3.7713657974336456e-08,0.0250519029796123,0.0250519029796123,0.0250519029796123,0.0250519029796123,,,9.0,1.4245014190673828,1.002076119184494,3.8079373096584773e-13,0.0,0.4006735139992088,159.7310472589071
darcy,316,316,1,64,loss2,"MSE(model(a_adv), solver(a_clean).detach())",1,0,2.3105524604716265e-08,4.198869021365681e-07,3.967813775318519e-07,17.172576010278572,2.3105522828359423e-08,4.0851663385410575e-08,1.7746140557051152e-08,4.3223666423841685e-08,0.0250519029796123,0.0250519029796123,0.0250519029796123,0.0250519029796123,,,9.0,1.4245014190673828,1.002076119184494,3.258590771347547e-13,0.0,0.4035927630029619,158.57568783890784
darcy,317,317,1,64,loss2,"MSE(model(a_adv), solver(a_clean).detach())",1,0,3.4608678589620474e-08,4.563004267765791e-07,4.216917481869587e-07,12.18456657034657,3.4608678589620474e-08,2.094917839201571e-08,-1.3659500197604757e-08,3.0951054164063414e-08,0.0250519029796123,0.0250519029796123,0.0250519029796123,0.0250519029796123,,,9.0,1.4245014190673828,1.002076119184494,5.3162818114752e-13,0.0,0.429494423995493,149.0124118600236
darcy,318,318,1,64,loss2,"MSE(model(a_adv), solver(a_clean).detach())",1,0,2.5268034775649543e-08,3.923647682313458e-07,3.6709673345569627e-07,14.528107813491786,2.52680329992927e-08,2.2002705435397732e-08,-3.2653275638949712e-09,3.428531947236024e-08,0.0250519029796123,0.0250519029796123,0.0250519029796123,0.0250519029796123,,,9.0,1.4245014190673828,1.002076119184494,2.960695653485973e-13,0.0,0.4002752869855612,159.88996093658065
darcy,319,319,1,64,loss2,"MSE(model(a_adv), solver(a_clean).detach())",1,0,2.747379035383801e-08,4.2154471202593413e-07,3.940709216720961e-07,14.343522193218073,2.747379035383801e-08,2.7513241462884253e-08,3.9451109046240156e-11,4.9843977834029836e-08,0.0250519029796123,0.0250519029796123,0.0250519029796123,0.0250519029796123,,,9.0,1.4245014190673828,1.002076119184494,3.5251578674351525e-13,0.0,0.3999060950009152,160.0375708198534
darcy,320,320,1,64,loss2,"MSE(model(a_adv), solver(a_clean).detach())",1,0,2.3569239004928025e-08,4.290532160666771e-07,4.054839770617491e-07,17.2039486288449,2.356924078128486e-08,1.5914515927306638e-08,-7.654724853978223e-09,3.994395925133176e-08,0.0250519029796123,0.0250519029796123,0.0250519029796123,0.0250519029796123,,,9.0,1.4245014190673828,1.002076119184494,3.7391449528648156e-13,0.0,0.4801177589979488,133.30063052359085
darcy,321,321,1,64,loss2,"MSE(model(a_adv), solver(a_clean).detach())",1,0,2.1707549535676666e-08,3.9831928688727203e-07,3.7661173735159537e-07,17.349343680300198,2.1707549535676666e-08,1.655287285018403e-08,-5.154676685492632e-09,3.3334143445529214e-08,0.0250519029796123,0.0250519029796123,0.0250519029796123,0.0250519029796123,,,9.0,1.4245014190673828,1.002076119184494,3.163524672257501e-13,0.0,0.4015144139993936,159.39651919967352
darcy,322,322,1,64,loss2,"MSE(model(a_adv), solver(a_clean).detach())",1,0,2.0651974352858812e-08,4.2927496224365314e-07,4.086229878907943e-07,19.786146394968256,2.0651972576501976e-08,2.7446077410786532e-08,6.794104834284553e-09,3.745504972840763e-08,0.0250519029796123,0.0250519029796123,0.0250519029796123,0.0250519029796123,,,9.0,1.4245014190673828,1.002076119184494,2.997830662095774e-13,0.0,0.4010933959798421,159.56383386381276
darcy,323,323,1,64,loss2,"MSE(model(a_adv), solver(a_clean).detach())",1,0,3.053352770621132e-08,4.476102049011388e-07,4.1707667719492747e-07,13.65962954585438,3.053352770621132e-08,1.937866400680832e-08,-1.1154863699402996e-08,2.3981098884462423e-08,0.0250519029796123,0.0250519029796123,0.0250519029796123,0.0250519029796123,,,9.0,1.4245014190673828,1.002076119184494,4.997952464218247e-13,0.0,0.4018138259998522,159.2777447136016
darcy,324,324,1,64,loss2,"MSE(model(a_adv), solver(a_clean).detach())",1,0,2.2579715874826437e-08,3.977305027547118e-07,3.751507868798854e-07,16.61450431704199,2.2579714098469598e-08,1.7092180115696465e-08,-5.487533982773129e-09,2.3044194996657552e-08,0.0250519029796123,0.0250519029796123,0.0250519029796123,0.0250519029796123,,,9.0,1.4245014190673828,1.002076119184494,3.253075705946657e-13,0.0,0.4439198079926427,144.17018309996362
darcy,325,325,1,64,loss2,"MSE(model(a_adv), solver(a_clean).detach())",1,0,2.1875184330610864e-08,4.2464836269573436e-07,4.027731783651234e-07,18.41233300153297,2.1875186106967703e-08,2.598544135423708e-08,4.110255247269379e-09,3.895298750222764e-08,0.0250519029796123,0.0250519029796123,0.0250519029796123,0.0250519029796123,,,9.0,1.4245014190673828,1.002076119184494,3.2781882677163093e-13,0.0,0.3999049319827463,160.03803624697792
darcy,326,326,1,64,loss2,"MSE(model(a_adv), solver(a_clean).detach())",1,0,2.4718868729678437e-08,4.28899937787719e-07,4.041810690580405e-07,16.35111515329037,2.4718868729678437e-08,1.5434391542612502e-08,-9.284477187065932e-09,3.096935063950923e-08,0.0250519029796123,0.0250519029796123,0.0250519029796123,0.0250519029796123,,,9.0,1.4245014190673828,1.002076119184494,4.017329817331689e-13,0.0,0.4002410570101347,159.9036352694307
darcy,327,327,1,64,loss2,"MSE(model(a_adv), solver(a_clean).detach())",1,0,2.2325961523961272e-08,3.757380113711406e-07,3.5341204984717933e-07,15.829645207794565,2.2325959747604432e-08,1.666971627400926e-08,-5.656243473595168e-09,2.5255458169226586e-08,0.0250519029796123,0.0250519029796123,0.0250519029796123,0.0250519029796123,,,9.0,1.4245014190673828,1.002076119184494,3.4185883832950353e-13,0.0,0.3999481880164239,160.02072747825983
darcy,328,328,1,64,loss2,"MSE(model(a_adv), solver(a_clean).detach())",1,0,1.825503481711621e-08,4.198409158107097e-07,4.015858809935935e-07,21.9986368153656,1.825503304075937e-08,2.1749244183411065e-08,3.494211142651693e-09,2.9269250134689173e-08,0.0250519029796123,0.0250519029796123,0.0250519029796123,0.0250519029796123,,,9.0,1.4245014190673828,1.002076119184494,2.913301923920114e-13,0.0,0.4010777840157971,159.5700448905424
darcy,329,329,1,64,loss2,"MSE(model(a_adv), solver(a_clean).detach())",1,0,2.8462345369462128e-08,4.594012068537268e-07,4.309388614842647e-07,15.140665882953847,2.8462341816748452e-08,1.7822655351551475e-08,-1.0639686465196974e-08,2.450752134564027e-08,0.0250519029796123,0.0250519029796123,0.0250519029796123,0.0250519029796123,,,9.0,1.4245014190673828,1.002076119184494,4.3540466913329084e-13,0.0,0.4007805419969372,159.6883912604946
darcy,330,330,1,64,loss2,"MSE(model(a_adv), solver(a_clean).detach())",1,0,2.3712123820018863e-08,4.0507930521016533e-07,3.813671813901465e-07,16.08321482650908,2.3712123820018863e-08,1.7851084166409237e-08,-5.861039653609623e-09,2.5119794244687913e-08,0.0250519029796123,0.0250519029796123,0.0250519029796123,0.0250519029796123,,,9.0,1.4245014190673828,1.002076119184494,3.393811111047224e-13,0.0,0.4306027269922197,148.6288775898913
darcy,331,331,1,64,loss2,"MSE(model(a_adv), solver(a_clean).detach())",1,0,1.917530667583378e-08,4.33394347965077e-07,4.142190412892433e-07,21.601690564421293,1.917530667583378e-08,2.298161660974074e-08,3.8063099339069595e-09,3.8552445680295484e-08,0.0250519029796123,0.0250519029796123,0.0250519029796123,0.0250519029796123,,,9.0,1.4245014190673828,1.002076119184494,3.1958179050155244e-13,0.0,0.4295629780099261,148.98863094882705
darcy,332,332,1,64,loss2,"MSE(model(a_adv), solver(a_clean).detach())",1,0,2.4703638246137416e-08,4.451511586012202e-07,4.204475203550828e-07,17.01965986410211,2.4703636469780577e-08,1.644541924861187e-08,-8.258217221168707e-09,3.140076909602385e-08,0.0250519029796123,0.0250519029796123,0.0250519029796123,0.0250519029796123,,,9.0,1.4245014190673828,1.002076119184494,3.94987509496833e-13,0.0,0.400748002983164,159.70135727086512
darcy,333,333,1,64,loss2,"MSE(model(a_adv), solver(a_clean).detach())",1,0,2.425700884600701e-08,3.964175050441554e-07,3.721604961981484e-07,15.342390257626937,2.425700884600701e-08,1.7190835421843076e-08,-7.066173424163935e-09,2.2935237709020843e-08,0.0250519029796123,0.0250519029796123,0.0250519029796123,0.0250519029796123,,,9.0,1.4245014190673828,1.002076119184494,3.862655909101648e-13,0.0,0.4286236710031517,149.31513196696363
darcy,334,334,1,64,loss2,"MSE(model(a_adv), solver(a_clean).detach())",1,0,1.78045773679969e-08,4.194124585410464e-07,4.0160788117304957e-07,22.55644000260997,1.7804575591640063e-08,1.7410052066679782e-08,-3.9452352496027743e-10,2.2160735468901294e-08,0.0250519029796123,0.0250519029796123,0.0250519029796123,0.0250519029796123,,,9.0,1.4245014190673828,1.002076119184494,2.950703104163261e-13,0.0,0.40009810400079,159.96076802171905
darcy,335,335,1,64,loss2,"MSE(model(a_adv), solver(a_clean).detach())",1,0,2.267231025143701e-08,4.348407287579903e-07,4.121684185065533e-07,18.17937448524591,2.267230847508017e-08,1.9319404742645933e-08,-3.352903732434242e-09,2.177429792027397e-08,0.0250519029796123,0.0250519029796123,0.0250519029796123,0.0250519029796123,,,9.0,1.4245014190673828,1.002076119184494,3.47056937225268e-13,0.0,0.4025460940029006,158.98800399126176
darcy,336,336,1,64,loss2,"MSE(model(a_adv), solver(a_clean).detach())",1,0,2.7029505744735616e-08,4.29013056191252e-07,4.0198355044651645e-07,14.872027414885617,2.7029505744735616e-08,1.8130112522385392e-08,-8.899393222350227e-09,2.5785652724152897e-08,0.0250519029796123,0.0250519029796123,0.0250519029796123,0.0250519029796123,,,9.0,1.4245014190673828,1.002076119184494,4.381374278140948e-13,0.0,0.4293553860043175,149.0606664926207
darcy,337,337,1,64,loss2,"MSE(model(a_adv), solver(a_clean).detach())",1,0,1.7762557646960886e-08,4.301438139009406e-07,4.123812562539797e-07,23.216321908716605,1.776255587060405e-08,1.6805756786197893e-08,-9.567990844061571e-10,2.563004475319985e-08,0.0250519029796123,0.0250519029796123,0.0250519029796123,0.0250519029796123,,,9.0,1.4245014190673828,1.002076119184494,3.0306524434128845e-13,0.0,0.3998505109921098,160.05981795847427
darcy,338,338,1,64,loss2,"MSE(model(a_adv), solver(a_clean).detach())",1,0,2.171596591438174e-08,4.1671486883387843e-07,3.949989029194967e-07,18.189331502767853,2.17159641380249e-08,2.054482628466303e-08,-1.1711378533618701e-09,2.2487112616431663e-08,0.0250519029796123,0.0250519029796123,0.0250519029796123,0.0250519029796123,,,9.0,1.4245014190673828,1.002076119184494,3.341105332937272e-13,0.0,0.4010459769924637,159.58270041742037
darcy,339,339,1,64,loss2,"MSE(model(a_adv), solver(a_clean).detach())",1,0,2.478835980923577e-08,4.233142192333617e-07,3.985258594241259e-07,16.077137111574487,2.478835803287893e-08,1.665704196796014e-08,-8.131316064918792e-09,1.6615402387287762e-08,0.0250519029796123,0.0250519029796123,0.0250519029796123,0.0250519029796123,,,9.0,1.4245014190673828,1.002076119184494,4.052931764069595e-13,0.0,0.3997551999927964,160.09797996662277
darcy,340,340,1,64,loss2,"MSE(model(a_adv), solver(a_clean).detach())",1,0,1.775723923458372e-08,4.151069674662722e-07,3.973497282316885e-07,22.376773944556444,1.775723923458372e-08,1.3757201600128612e-08,-4.000037634455111e-09,1.4177483187438613e-08,0.0250519029796123,0.0250519029796123,0.0250519029796123,0.0250519029796123,,,9.0,1.4245014190673828,1.002076119184494,3.004234773278103e-13,0.0,0.4188643110101111,152.79411092738115
darcy,341,341,1,64,loss2,"MSE(model(a_adv), solver(a_clean).detach())",1,0,1.9540793871897225e-08,4.243514126756054e-07,4.048106188037082e-07,20.71618079887176,1.9540793871897225e-08,2.4079641391949732e-08,4.5388475200525136e-09,2.307691016056879e-08,0.0250519029796123,0.0250519029796123,0.0250519029796123,0.0250519029796123,,,9.0,1.4245014190673828,1.002076119184494,3.0624173986623653e-13,0.0,0.4004677810007706,159.81310616315685
darcy,342,342,1,64,loss2,"MSE(model(a_adv), solver(a_clean).detach())",1,0,2.9094202602664158e-08,4.3163637997167836e-07,4.025421773690141e-07,13.835820931973348,2.9094202602664158e-08,1.8942994728377016e-08,-1.0151207874287138e-08,1.9320042454751277e-08,0.0250519029796123,0.0250519029796123,0.0250519029796123,0.0250519029796123,,,9.0,1.4245014190673828,1.002076119184494,4.752457108403442e-13,0.0,0.4006398250057827,159.74447871994812
darcy,343,343,1,64,loss2,"MSE(model(a_adv), solver(a_clean).detach())",1,0,1.8768165688243243e-08,4.223637688482995e-07,4.0359560316005627e-07,21.50426471420575,1.8768167464600083e-08,1.7175054267681844e-08,-1.5931131969182386e-09,1.6648256995210886e-08,0.0250519029796123,0.0250519029796123,0.0250519029796123,0.0250519029796123,,,9.0,1.4245014190673828,1.002076119184494,2.905077437290182e-13,0.0,0.400923937006155,159.6312768898542
darcy,344,344,1,64,loss2,"MSE(model(a_adv), solver(a_clean).detach())",1,0,2.377965202526866e-08,4.190781055513071e-07,3.9529845352603843e-07,16.623391002777822,2.377965202526866e-08,2.3808308213801865e-08,2.8656188533204837e-11,2.1523067772477592e-08,0.0250519029796123,0.0250519029796123,0.0250519029796123,0.0250519029796123,,,9.0,1.4245014190673828,1.002076119184494,3.3335603700189453e-13,0.0,0.4003237030119635,159.87062349412616
darcy,345,345,1,64,loss2,"MSE(model(a_adv), solver(a_clean).detach())",1,0,2.59419081771739e-08,4.2592549220898956e-07,3.9998358403181566e-07,15.418433420551471,2.59419081771739e-08,1.7396859064433556e-08,-8.545049112740344e-09,1.8354029407419148e-08,0.0250519029796123,0.0250519029796123,0.0250519029796123,0.0250519029796123,,,9.0,1.4245014190673828,1.002076119184494,4.3116102051501964e-13,0.0,0.4011605920095462,159.53710627308334
darcy,346,346,1,64,loss2,"MSE(model(a_adv), solver(a_clean).detach())",1,0,1.8864659168116304e-08,4.1829463270914857e-07,3.9942997354103227e-07,21.17345296204027,1.8864659168116304e-08,1.6087705390077645e-08,-2.7769537780386604e-09,1.6252640122615958e-08,0.0250519029796123,0.0250519029796123,0.0250519029796123,0.0250519029796123,,,9.0,1.4245014190673828,1.002076119184494,2.92445050380924e-13,0.0,0.4001038019778207,159.9584899809269
darcy,347,347,1,64,loss2,"MSE(model(a_adv), solver(a_clean).detach())",1,0,2.136097165816864e-08,4.265946529358189e-07,4.0523368127765035e-07,18.97075131985792,2.13609698818118e-08,2.786996766701577e-08,6.508997785203974e-09,2.4860194791642698e-08,0.0250519029796123,0.0250519029796123,0.0250519029796123,0.0250519029796123,,,9.0,1.4245014190673828,1.002076119184494,3.070341561290519e-13,0.0,0.4006391799775883,159.74473590820585
darcy,348,348,1,64,loss2,"MSE(model(a_adv), solver(a_clean).detach())",1,0,3.334545084499041e-08,4.38649806255853e-07,4.053043554108626e-07,12.15471211635313,3.334544729227673e-08,2.1465012878252313e-08,-1.188043441402442e-08,2.3485770661579863e-08,0.0250519029796123,0.0250519029796123,0.0250519029796123,0.0250519029796123,,,9.0,1.4245014190673828,1.002076119184494,5.530693633105932e-13,0.0,0.400633690005634,159.7469249256097
darcy,349,349,1,64,loss2,"MSE(model(a_adv), solver(a_clean).detach())",1,0,2.0127608024722576e-08,3.886471517944301e-07,3.685195437697075e-07,18.30915741786396,2.0127606248365737e-08,1.529421389534491e-08,-4.833392353020827e-09,1.4775167755942677e-08,0.0250519029796123,0.0250519029796123,0.0250519029796123,0.0250519029796123,,,9.0,1.4245014190673828,1.002076119184494,3.0562637381818797e-13,0.0,0.4004875600221567,159.80521341651473
darcy,350,350,1,64,loss2,"MSE(model(a_adv), solver(a_clean).detach())",1,0,2.0756559138135344e-08,4.2645552866815706e-07,4.056989695300217e-07,19.54557915067167,2.0756557361778505e-08,2.8769951754270554e-08,8.013394392492046e-09,2.6285223775346367e-08,0.0250519029796123,0.0250519029796123,0.0250519029796123,0.0250519029796123,,,9.0,1.4245014190673828,1.002076119184494,3.04527534916374e-13,0.0,0.4208099209936335,152.08766905704263
darcy,351,351,1,64,loss2,"MSE(model(a_adv), solver(a_clean).detach())",1,0,3.1509607367752324e-08,4.48756253490501e-07,4.172466461227487e-07,13.24188655393303,3.1509603815038645e-08,1.9316294341820143e-08,-1.2193309473218504e-08,1.9446218857410716e-08,0.0250519029796123,0.0250519029796123,0.0250519029796123,0.0250519029796123,,,9.0,1.4245014190673828,1.002076119184494,5.096034271651062e-13,0.0,0.4167249680031091,153.57851080217134
darcy,352,352,1,64,loss2,"MSE(model(a_adv), solver(a_clean).detach())",1,0,2.0730436034455124e-08,3.909109409505618e-07,3.7018050491610666e-07,17.85686052627385,2.0730434258098285e-08,1.7037031341260445e-08,-3.69340291683784e-09,1.5944059406081124e-08,0.0250519029796123,0.0250519029796123,0.0250519029796123,0.0250519029796123,,,9.0,1.4245014190673828,1.002076119184494,2.96835174712698e-13,0.0,0.4053430150088388,157.89096550388174
darcy,353,353,1,64,loss2,"MSE(model(a_adv), solver(a_clean).detach())",1,0,2.014256494931033e-08,4.193348104308825e-07,3.9919224548157217e-07,19.818342226333016,2.014256494931033e-08,2.4912388596476376e-08,4.769823647166049e-09,2.384867059390672e-08,0.0250519029796123,0.0250519029796123,0.0250519029796123,0.0250519029796123,,,9.0,1.4245014190673828,1.002076119184494,3.0397055315531385e-13,0.0,0.4000710429972969,159.97158784729243
darcy,354,354,1,64,loss2,"MSE(model(a_adv), solver(a_clean).detach())",1,0,2.6275841946699078e-08,4.383765030979704e-07,4.121006611512712e-07,15.683632973102188,2.6275840170342235e-08,1.592685805462679e-08,-1.0348982115715444e-08,1.6261424207186792e-08,0.0250519029796123,0.0250519029796123,0.0250519029796123,0.0250519029796123,,,9.0,1.4245014190673828,1.002076119184494,4.3235705814159697e-13,0.0,0.4001585170044563,159.9366183159042
darcy,355,355,1,64,loss2,"MSE(model(a_adv), solver(a_clean).detach())",1,0,2.053801395618393e-08,4.0030306536209537e-07,3.797650514059114e-07,18.490836174135783,2.053801217982709e-08,1.7078518155244637e-08,-3.459494024582454e-09,1.5695194033327198e-08,0.0250519029796123,0.0250519029796123,0.0250519029796123,0.0250519029796123,,,9.0,1.4245014190673828,1.002076119184494,2.967305763081074e-13,0.0,0.4292296320199966,149.10433769171468
darcy,356,356,1,64,loss2,"MSE(model(a_adv), solver(a_clean).detach())",1,0,2.009354638232708e-08,4.244344040671422e-07,4.043408576848151e-07,20.122921558558023,2.009354638232708e-08,2.3191514486597956e-08,3.097968104270876e-09,2.2430798551908996e-08,0.0250519029796123,0.0250519029796123,0.0250519029796123,0.0250519029796123,,,9.0,1.4245014190673828,1.002076119184494,3.122159648871748e-13,0.0,0.4288780229981057,149.22657857962255
darcy,357,357,1,64,loss2,"MSE(model(a_adv), solver(a_clean).detach())",1,0,2.5949017157245183e-08,4.3639994373734236e-07,4.104509265800971e-07,15.817590473383143,2.594901538088834e-08,1.5999118474496754e-08,-9.949896906391588e-09,1.591685094837203e-08,0.0250519029796123,0.0250519029796123,0.0250519029796123,0.0250519029796123,,,9.0,1.4245014190673828,1.002076119184494,4.325741967316915e-13,0.0,0.4186686879838817,152.86550400555376
darcy,358,358,1,64,loss2,"MSE(model(a_adv), solver(a_clean).detach())",1,0,2.0299495417930306e-08,4.006418521385058e-07,3.803423567205755e-07,18.73654240610452,2.0299495417930306e-08,1.648498582085267e-08,-3.814509597077631e-09,1.5453926582864597e-08,0.0250519029796123,0.0250519029796123,0.0250519029796123,0.0250519029796123,,,9.0,1.4245014190673828,1.002076119184494,3.0068845633876573e-13,0.0,0.4002016409940552,159.9193842409824
darcy,359,359,1,64,loss2,"MSE(model(a_adv), solver(a_clean).detach())",1,0,1.938468052742337e-08,4.225636018873047e-07,4.031789213598813e-07,20.798842714457276,1.938467875106653e-08,2.1869007937880273e-08,2.484329186813738e-09,2.084900874166351e-08,0.0250519029796123,0.0250519029796123,0.0250519029796123,0.0250519029796123,,,9.0,1.4245014190673828,1.002076119184494,3.0900089886994053e-13,0.0,0.4005734040110837,159.77096671707426
darcy,360,360,1,64,loss2,"MSE(model(a_adv), solver(a_clean).detach())",1,0,3.0072225598587465e-08,4.4806989762946614e-07,4.179976720308787e-07,13.89979170848308,3.0072225598587465e-08,1.8143175850582335e-08,-1.1929049748005129e-08,1.7703665200485833e-08,0.0250519029796123,0.0250519029796123,0.0250519029796123,0.0250519029796123,,,9.0,1.4245014190673828,1.002076119184494,4.836394956395096e-13,0.0,0.4001522260077763,159.9391327608315
darcy,361,361,1,64,loss2,"MSE(model(a_adv), solver(a_clean).detach())",1,0,1.9352000890648924e-08,4.047796551276406e-07,3.854276542369917e-07,19.916682332483465,1.9352000890648924e-08,1.5574221023939572e-08,-3.777779866709352e-09,1.4443434004363098e-08,0.0250519029796123,0.0250519029796123,0.0250519029796123,0.0250519029796123,,,9.0,1.4245014190673828,1.002076119184494,2.951714393739646e-13,0.0,0.4183234049996827,152.99167877075524
darcy,362,362,1,64,loss2,"MSE(model(a_adv), solver(a_clean).detach())",1,0,1.9715598043035243e-08,4.1006563833434484e-07,3.903500402913096e-07,19.799046391555198,1.9715596266678403e-08,1.9301015896644458e-08,-4.1458037003394566e-10,1.9387924155012115e-08,0.0250519029796123,0.0250519029796123,0.0250519029796123,0.0250519029796123,,,9.0,1.4245014190673828,1.002076119184494,3.15021338008481e-13,0.0,0.4296042299829423,148.97432458367825
darcy,363,363,1,64,loss2,"MSE(model(a_adv), solver(a_clean).detach())",1,0,2.2429158974546223e-08,4.2273518374713603e-07,4.003060247725898e-07,17.847571780416636,2.242915719818939e-08,1.3747561311561185e-08,-8.681595886628202e-09,1.4196254838338973e-08,0.0250519029796123,0.0250519029796123,0.0250519029796123,0.0250519029796123,,,9.0,1.4245014190673828,1.002076119184494,3.7639775194234236e-13,0.0,0.4301229659758974,148.79465888270272
darcy,364,364,1,64,loss2,"MSE(model(a_adv), solver(a_clean).detach())",1,0,1.9216807700672692e-08,4.1231029968002986e-07,3.930934919793572e-07,20.455712421246577,1.9216807700672692e-08,1.5035888978331968e-08,-4.180918722340721e-09,1.434429508506696e-08,0.0250519029796123,0.0250519029796123,0.0250519029796123,0.0250519029796123,,,9.0,1.4245014190673828,1.002076119184494,3.000057071256973e-13,0.0,0.4003030539897736,159.87887017628145
darcy,365,365,1,64,loss2,"MSE(model(a_adv), solver(a_clean).detach())",1,0,1.874543897883996e-08,4.269813871360384e-07,4.0823594815719844e-07,21.77788146855453,1.874543542612628e-08,1.9883433566292297e-08,1.1379981401660186e-09,2.044708580228871e-08,0.0250519029796123,0.0250519029796123,0.0250519029796123,0.0250519029796123,,,9.0,1.4245014190673828,1.002076119184494,3.0662327061073413e-13,0.0,0.4160417660023086,153.83070938999157
darcy,366,366,1,64,loss2,"MSE(model(a_adv), solver(a_clean).detach())",1,0,2.0128640088046268e-08,4.1287734120487595e-07,3.927487011168296e-07,19.51193420911083,2.0128640088046268e-08,1.330504773022767e-08,-6.823592357818597e-09,1.6149555026601092e-08,0.0250519029796123,0.0250519029796123,0.0250519029796123,0.0250519029796123,,,9.0,1.4245014190673828,1.002076119184494,3.4840451921050453e-13,0.0,0.4315433830197435,148.30490402183258
darcy,367,367,1,64,loss2,"MSE(model(a_adv), solver(a_clean).detach())",1,0,2.0284964818984008e-08,3.889654180966318e-07,3.686804532776478e-07,18.17506002931848,2.0284966595340848e-08,1.3532094556012453e-08,-6.752872039328395e-09,1.3525990549823064e-08,0.0250519029796123,0.0250519029796123,0.0250519029796123,0.0250519029796123,,,9.0,1.4245014190673828,1.002076119184494,3.3645170525488377e-13,0.0,0.3991771800210699,160.3298064198506
darcy,368,368,1,64,loss2,"MSE(model(a_adv), solver(a_clean).detach())",1,0,1.8035279936157167e-08,4.247928586664784e-07,4.067575787303213e-07,22.553438603126576,1.8035278159800328e-08,1.9017074137650525e-08,9.81795977850197e-10,1.843805552681488e-08,0.0250519029796123,0.0250519029796123,0.0250519029796123,0.0250519029796123,,,9.0,1.4245014190673828,1.002076119184494,2.986746592235912e-13,0.0,0.4003923469863366,159.84321499078
darcy,369,369,1,64,loss2,"MSE(model(a_adv), solver(a_clean).detach())",1,0,2.3495084988667262e-08,4.384111775834754e-07,4.149160925948081e-07,17.65969745565683,2.3495084988667262e-08,1.4366404954557764e-08,-9.128680034109491e-09,1.3909390084165809e-08,0.0250519029796123,0.0250519029796123,0.0250519029796123,0.0250519029796123,,,9.0,1.4245014190673828,1.002076119184494,3.9506267181244064e-13,0.0,0.4246466819895431,150.71352895105392
darcy,370,370,1,64,loss2,"MSE(model(a_adv), solver(a_clean).detach())",1,0,1.8570194271205764e-08,4.115124170311901e-07,3.929422227599844e-07,21.159833711016454,1.8570192494848925e-08,1.501896917943668e-08,-3.551223315412244e-09,1.430549501080236e-08,0.0250519029796123,0.0250519029796123,0.0250519029796123,0.0250519029796123,,,9.0,1.4245014190673828,1.002076119184494,2.9687024865297784e-13,0.0,0.4007013070222456,159.71996816183815
darcy,371,371,1,64,loss2,"MSE(model(a_adv), solver(a_clean).detach())",1,0,1.8614326080523824e-08,4.123417625123693e-07,3.937274364318455e-07,21.151850178653667,1.8614324304166985e-08,1.85845419053976e-08,-2.97823987693846e-11,1.9859160538260312e-08,0.0250519029796123,0.0250519029796123,0.0250519029796123,0.0250519029796123,,,9.0,1.4245014190673828,1.002076119184494,3.1167988112298933e-13,0.0,0.4125594079960137,155.12917354345822
darcy,372,372,1,64,loss2,"MSE(model(a_adv), solver(a_clean).detach())",1,0,1.9974995879579186e-08,4.1339336576129437e-07,3.934183698817151e-07,19.69554197925588,1.9974995879579186e-08,1.3189992209561296e-08,-6.785003670017886e-09,1.5393796459761688e-08,0.0250519029796123,0.0250519029796123,0.0250519029796123,0.0250519029796123,,,9.0,1.4245014190673828,1.002076119184494,3.396875337437211e-13,0.0,0.399953624990303,160.01855215476968
darcy,373,373,1,64,loss2,"MSE(model(a_adv), solver(a_clean).detach())",1,0,2.0655846810768708e-08,4.124026986573881e-07,3.917468518466194e-07,18.96542201515487,2.0655843258055032e-08,1.3193212744511127e-08,-7.4626305135439e-09,1.3634429585351882e-08,0.0250519029796123,0.0250519029796123,0.0250519029796123,0.0250519029796123,,,9.0,1.4245014190673828,1.002076119184494,3.487679166736674e-13,0.0,0.4280562069907319,149.51307551390255
darcy,374,374,1,64,loss2,"MSE(model(a_adv), solver(a_clean).detach())",1,0,1.697896401253729e-08,4.252939618254459e-07,4.083149978129086e-07,24.048286898506188,1.697896401253729e-08,1.7500822124816295e-08,5.218581122790056e-10,1.7110009409293525e-08,0.0250519029796123,0.0250519029796123,0.0250519029796123,0.0250519029796123,,,9.0,1.4245014190673828,1.002076119184494,2.870115711935129e-13,0.0,0.4002386769861914,159.90458613825584
darcy,375,375,1,64,loss2,"MSE(model(a_adv), solver(a_clean).detach())",1,0,2.3850070363096165e-08,4.343080775015551e-07,4.104580071384589e-07,17.209928561618472,2.385006858673933e-08,1.4553218186108552e-08,-9.296850400630774e-09,1.4037523587973057e-08,0.0250519029796123,0.0250519029796123,0.0250519029796123,0.0250519029796123,,,9.0,1.4245014190673828,1.002076119184494,3.9686111927110523e-13,0.0,0.399415742023848,160.2340450471748
darcy,376,376,1,64,loss2,"MSE(model(a_adv), solver(a_clean).detach())",1,0,1.8747940089269832e-08,4.0308023585566843e-07,3.843322957663986e-07,20.49997460714987,1.8747940089269832e-08,1.3612459603962181e-08,-5.135480485307653e-09,1.3583651981008416e-08,0.0250519029796123,0.0250519029796123,0.0250519029796123,0.0250519029796123,,,9.0,1.4245014190673828,1.002076119184494,3.0902087529496863e-13,0.0,0.4291952930216212,149.11626721119686
darcy,377,377,1,64,loss2,"MSE(model(a_adv), solver(a_clean).detach())",1,0,2.0204351969255185e-08,4.247099809617794e-07,4.045056289925242e-07,20.02071779426816,2.0204350192898343e-08,1.5976757694602384e-08,-4.227592498295962e-09,1.7035313604196745e-08,0.0250519029796123,0.0250519029796123,0.0250519029796123,0.0250519029796123,,,9.0,1.4245014190673828,1.002076119184494,3.35552874548839e-13,0.0,0.4262858969741501,150.13398391615323
darcy,378,378,1,64,loss2,"MSE(model(a_adv), solver(a_clean).detach())",1,0,1.974843044649788e-08,4.195202336632065e-07,3.997718032167086e-07,20.243219039597285,1.974842867014104e-08,1.3712013746669529e-08,-6.0364149234715114e-09,1.4937168391071512e-08,0.0250519029796123,0.0250519029796123,0.0250519029796123,0.0250519029796123,,,9.0,1.4245014190673828,1.002076119184494,3.392231699532456e-13,0.0,0.4010310799931176,159.58862839533123
darcy,379,379,1,64,loss2,"MSE(model(a_adv), solver(a_clean).detach())",1,0,2.061070070169535e-08,3.988675416621845e-07,3.782568409604892e-07,18.35244936283876,2.0610702478052193e-08,1.3328487646901976e-08,-7.282214831150213e-09,1.3465387471711663e-08,0.0250519029796123,0.0250519029796123,0.0250519029796123,0.0250519029796123,,,9.0,1.4245014190673828,1.002076119184494,3.5184607506157095e-13,0.0,0.4248386899998877,150.6454132038137
darcy,380,380,1,64,loss2,"MSE(model(a_adv), solver(a_clean).detach())",1,0,1.68291833801959e-08,4.256749548403605e-07,4.088457714601645e-07,24.293856821435703,1.68291833801959e-08,1.5928151242405875e-08,-9.010321377900253e-10,1.5750822868199066e-08,0.0250519029796123,0.0250519029796123,0.0250519029796123,0.0250519029796123,,,9.0,1.4245014190673828,1.002076119184494,2.8741760490710866e-13,0.0,0.4008271950006019,159.66980483922478
darcy,381,381,1,64,loss2,"MSE(model(a_adv), solver(a_clean).detach())",1,0,2.205198690319321e-08,4.302261515931605e-07,4.081741646899673e-07,18.509632101716065,2.205198512683637e-08,1.4246586133026541e-08,-7.805398993809831e-09,1.4338174647576808e-08,0.0250519029796123,0.0250519029796123,0.0250519029796123,0.0250519029796123,,,9.0,1.4245014190673828,1.002076119184494,3.593570482417902e-13,0.0,0.4141942650021519,154.516866619743
darcy,382,382,1,64,loss2,"MSE(model(a_adv), solver(a_clean).detach())",1,0,1.835132756866642e-08,4.1332791056447604e-07,3.949765829958096e-07,21.5230522978732,1.835132756866642e-08,1.4443430451649421e-08,-3.907897117017001e-09,1.5460011937307172e-08,0.0250519029796123,0.0250519029796123,0.0250519029796123,0.0250519029796123,,,9.0,1.4245014190673828,1.002076119184494,2.9806663864526133e-13,0.0,0.407864051987417,156.91503011394212
darcy,383,383,1,64,loss2,"MSE(model(a_adv), solver(a_clean).detach())",1,0,2.2432425694773883e-08,4.306922676278191e-07,4.082598419330452e-07,18.199540588611335,2.2432423918417044e-08,1.4630092692868857e-08,-7.802331225548187e-09,1.8581177485543776e-08,0.0250519029796123,0.0250519029796123,0.0250519029796123,0.0250519029796123,,,9.0,1.4245014190673828,1.002076119184494,3.730894716433286e-13,0.0,0.4275036389881279,149.706328001052
darcy,384,384,1,64,loss2,"MSE(model(a_adv), solver(a_clean).detach())",1,0,1.7031187127258818e-08,4.41071108525648e-07,4.240399213983892e-07,24.89784876590917,1.7031185350901982e-08,1.7902618054677077e-08,8.714327037750991e-10,1.861756615539889e-08,0.0250519029796123,0.0250519029796123,0.0250519029796123,0.0250519029796123,,,9.0,1.4245014190673828,1.002076119184494,2.8883893974512853e-13,0.0,0.4249760859820526,150.59670911154004
darcy,385,385,1,64,loss2,"MSE(model(a_adv), solver(a_clean).detach())",1,0,2.252591713158836e-08,4.294825544093328e-07,4.069566372777445e-07,18.066151753131702,2.252591713158836e-08,1.3541539445327544e-08,-8.984377686260814e-09,1.4320948871215933e-08,0.0250519029796123,0.0250519029796123,0.0250519029796123,0.0250519029796123,,,9.0,1.4245014190673828,1.002076119184494,3.810762198418888e-13,0.0,0.4010747050051577,159.5712698939141
darcy,386,386,1,64,loss2,"MSE(model(a_adv), solver(a_clean).detach())",1,0,1.7156828846509597e-08,4.111341809220903e-07,3.939773520755807e-07,22.96329674908029,1.7156828846509597e-08,1.5070074965706226e-08,-2.0867538808033714e-09,1.5503622385892868e-08,0.0250519029796123,0.0250519029796123,0.0250519029796123,0.0250519029796123,,,9.0,1.4245014190673828,1.002076119184494,2.903232938344241e-13,0.0,0.4001675619801972,159.93300327318164
darcy,387,387,1,64,loss2,"MSE(model(a_adv), solver(a_clean).detach())",1,0,2.3937204218782423e-08,4.338850772001024e-07,4.0994787298132e-07,17.125971322066622,2.3937200666068748e-08,1.4440992401887344e-08,-9.496208264181405e-09,1.4069003295702489e-08,0.0250519029796123,0.0250519029796123,0.0250519029796123,0.0250519029796123,,,9.0,1.4245014190673828,1.002076119184494,3.929385300211613e-13,0.0,0.4266050140140578,150.02167789310377
darcy,388,388,1,64,loss2,"MSE(model(a_adv), solver(a_clean).detach())",1,0,1.8109780342001613e-08,4.183723660844408e-07,4.002625857424391e-07,22.102012182561868,1.810977856564477e-08,1.3277624333341011e-08,-4.832154232303765e-09,1.4024293282233202e-08,0.0250519029796123,0.0250519029796123,0.0250519029796123,0.0250519029796123,,,9.0,1.4245014190673828,1.002076119184494,3.073591457302544e-13,0.0,0.4304639979964122,148.6767773794951
darcy,389,389,1,64,loss2,"MSE(model(a_adv), solver(a_clean).detach())",1,0,1.9986458710263832e-08,4.223569760597457e-07,4.023705173494818e-07,20.13215663577504,1.9986460486620672e-08,1.3526007869302248e-08,-6.460452617318424e-09,1.4334641029734032e-08,0.0250519029796123,0.0250519029796123,0.0250519029796123,0.0250519029796123,,,9.0,1.4245014190673828,1.002076119184494,3.4170127664878697e-13,0.0,0.4022959239955526,159.08687158537435
darcy,390,390,1,64,loss2,"MSE(model(a_adv), solver(a_clean).detach())",1,0,1.8109986399394984e-08,4.1322323340864397e-07,3.951132470092489e-07,21.81742372939876,1.8109984623038144e-08,1.4235497225456584e-08,-3.874487397581561e-09,1.543143168802885e-08,0.0250519029796123,0.0250519029796123,0.0250519029796123,0.0250519029796123,,,9.0,1.4245014190673828,1.002076119184494,3.1166269651855543e-13,0.0,0.400555407977663,159.7781448592225
darcy,391,391,1,64,loss2,"MSE(model(a_adv), solver(a_clean).detach())",1,0,2.2141911415474172e-08,4.220357254780538e-07,3.998938140625796e-07,18.060492003554334,2.2141911415474172e-08,1.3586132219245428e-08,-8.555779196228741e-09,1.348992473282351e-08,0.0250519029796123,0.0250519029796123,0.0250519029796123,0.0250519029796123,,,9.0,1.4245014190673828,1.002076119184494,3.766094695215744e-13,0.0,0.4298968919902108,148.87290695150534
darcy,392,392,1,64,loss2,"MSE(model(a_adv), solver(a_clean).detach())",1,0,1.7101262628216318e-08,4.19389522221536e-07,4.022882595933197e-07,23.523892261005457,1.7101260851859482e-08,1.4602039577482628e-08,-2.49922127437685e-09,1.4458851005372253e-08,0.0250519029796123,0.0250519029796123,0.0250519029796123,0.0250519029796123,,,9.0,1.4245014190673828,1.002076119184494,2.9218828420142506e-13,0.0,0.4025430840265471,158.98919280843808
darcy,393,393,1,64,loss2,"MSE(model(a_adv), solver(a_clean).detach())",1,0,2.1154525242650383e-08,4.249595235705783e-07,4.0380499832792793e-07,19.088350775833177,2.1154525242650383e-08,1.4088088029495792e-08,-7.066437213154586e-09,1.4014242211146666e-08,0.0250519029796123,0.0250519029796123,0.0250519029796123,0.0250519029796123,,,9.0,1.4245014190673828,1.002076119184494,3.5565812990003e-13,0.0,0.4325287910178303,147.9670286211345
darcy,394,394,1,64,loss2,"MSE(model(a_adv), solver(a_clean).detach())",1,0,2.1086794532720887e-08,4.2026414348583785e-07,3.99177348953117e-07,18.930205268216746,2.1086794532720887e-08,1.2958331296886172e-08,-8.128463235834715e-09,1.3145818211768301e-08,0.0250519029796123,0.0250519029796123,0.0250519029796123,0.0250519029796123,,,9.0,1.4245014190673828,1.002076119184494,3.6239460325833417e-13,0.0,0.430259280023165,148.74751800020272
darcy,395,395,1,64,loss2,"MSE(model(a_adv), solver(a_clean).detach())",1,0,1.8018448955103853e-08,4.131432547183067e-07,3.951248057632029e-07,21.928902246121524,1.8018448955103853e-08,1.2921860914616444e-08,-5.096588040487404e-09,1.3175903035289592e-08,0.0250519029796123,0.0250519029796123,0.0250519029796123,0.0250519029796123,,,9.0,1.4245014190673828,1.002076119184494,3.085081289825459e-13,0.0,0.4005082189978566,159.79697035965825
darcy,396,396,1,64,loss2,"MSE(model(a_adv), solver(a_clean).detach())",1,0,1.816393258025073e-08,4.207489610053017e-07,4.02585028425051e-07,22.16397944918456,1.816393258025073e-08,1.4512814061617972e-08,-3.6511185186327566e-09,1.4985318319560292e-08,0.0250519029796123,0.0250519029796123,0.0250519029796123,0.0250519029796123,,,9.0,1.4245014190673828,1.002076119184494,3.0937923121802935e-13,0.0,0.4009482529945671,159.621595859322
darcy,397,397,1,64,loss2,"MSE(model(a_adv), solver(a_clean).detach())",1,0,2.2800600518735337e-08,4.309744383590442e-07,4.081738378403088e-07,17.9018897991266,2.2800600518735337e-08,1.3756570993450625e-08,-9.044029525284714e-09,1.3529126707823025e-08,0.0250519029796123,0.0250519029796123,0.0250519029796123,0.0250519029796123,,,9.0,1.4245014190673828,1.002076119184494,3.868034093978262e-13,0.0,0.4171555979992263,153.41997160522033
darcy,398,398,1,64,loss2,"MSE(model(a_adv), solver(a_clean).detach())",1,0,1.7233068305699817e-08,4.356612919309555e-07,4.184282236252557e-07,24.28054112028681,1.7233066529342977e-08,1.6051155071750145e-08,-1.1819114575928322e-09,1.5373438078114532e-08,0.0250519029796123,0.0250519029796123,0.0250519029796123,0.0250519029796123,,,9.0,1.4245014190673828,1.002076119184494,2.873728544624393e-13,0.0,0.4008880229957867,159.64557763970072
darcy,399,399,1,64,loss2,"MSE(model(a_adv), solver(a_clean).detach())",1,0,2.0978168535634726e-08,4.202026957500493e-07,3.992245272144146e-07,19.03047573177177,2.0978168535634726e-08,1.5159015376298157e-08,-5.819153159336565e-09,1.4958353666827406e-08,0.0250519029796123,0.0250519029796123,0.0250519029796123,0.0250519029796123,,,9.0,1.4245014190673828,1.002076119184494,3.452484066863992e-13,0.0,0.4009863889950793,159.60641497181933
darcy,400,400,1,64,loss2,"MSE(model(a_adv), solver(a_clean).detach())",1,0,2.019503497763253e-08,4.0703920944906713e-07,3.868441744714346e-07,19.15540997576348,2.019503675398937e-08,1.275731431604754e-08,-7.437722437941829e-09,1.3342276616867821e-08,0.0250519029796123,0.0250519029796123,0.0250519029796123,0.0250519029796123,,,9.0,1.4245014190673828,1.002076119184494,3.468749809956706e-13,0.0,0.4005139860091731,159.7946694389199
darcy,401,401,1,64,loss2,"MSE(model(a_adv), solver(a_clean).detach())",1,0,1.771678270756638e-08,4.1057415955947363e-07,3.928573768519073e-07,22.17430688948553,1.771678448392322e-08,1.3024040512732428e-08,-4.692743971190794e-09,1.3329535697437224e-08,0.0250519029796123,0.0250519029796123,0.0250519029796123,0.0250519029796123,,,9.0,1.4245014190673828,1.002076119184494,3.049630047189528e-13,0.0,0.4294724559877068,149.02003401548046
darcy,402,402,1,64,loss2,"MSE(model(a_adv), solver(a_clean).detach())",1,0,1.919140224515559e-08,4.2076686668224283e-07,4.015754644370873e-07,20.92475887417009,1.919140224515559e-08,1.537477700708223e-08,-3.816625238073357e-09,1.5392618291087956e-08,0.0250519029796123,0.0250519029796123,0.0250519029796123,0.0250519029796123,,,9.0,1.4245014190673828,1.002076119184494,3.195819531318783e-13,0.0,0.4306907369755208,148.59850585464895
darcy,403,403,1,64,loss2,"MSE(model(a_adv), solver(a_clean).detach())",1,0,2.1868387989343322e-08,4.2208381501041014e-07,4.002154270210667e-07,18.301094128021493,2.1868387989343322e-08,1.3356915573581318e-08,-8.511472415762e-09,1.2995889697720033e-08,0.0250519029796123,0.0250519029796123,0.0250519029796123,0.0250519029796123,,,9.0,1.4245014190673828,1.002076119184494,3.708478294416062e-13,0.0,0.4125582319975365,155.12961573963253
darcy,404,404,1,64,loss2,"MSE(model(a_adv), solver(a_clean).detach())",1,0,1.7292602905172316e-08,4.24185770953045e-07,4.068931680478727e-07,23.529897163495765,1.7292601128815477e-08,1.4297774519889115e-08,-2.9948266089263598e-09,1.3888520555838111e-08,0.0250519029796123,0.0250519029796123,0.0250519029796123,0.0250519029796123,,,9.0,1.4245014190673828,1.002076119184494,2.911615447440813e-13,0.0,0.400429649016587,159.8283247935742
darcy,405,405,1,64,loss2,"MSE(model(a_adv), solver(a_clean).detach())",1,0,2.1009087802781323e-08,4.1761330749068293e-07,3.966042196879016e-07,18.877745831277668,2.1009087802781323e-08,1.4968076555987864e-08,-6.0410112467934596e-09,1.5064764546934842e-08,0.0250519029796123,0.0250519029796123,0.0250519029796123,0.0250519029796123,,,9.0,1.4245014190673828,1.002076119184494,3.454174338050897e-13,0.0,0.4018511050089728,159.26296880176793
darcy,406,406,1,64,loss2,"MSE(model(a_adv), solver(a_clean).detach())",1,0,1.8895949693842343e-08,4.0464698258801945e-07,3.857510328941771e-07,20.414482423176786,1.8895949693842343e-08,1.2506600199913011e-08,-6.38934949392933e-09,1.3571327617256657e-08,0.0250519029796123,0.0250519029796123,0.0250519029796123,0.0250519029796123,,,9.0,1.4245014190673828,1.002076119184494,3.1981324056032384e-13,0.0,0.4181764860113617,153.04542971902333
darcy,407,407,1,64,loss2,"MSE(model(a_adv), solver(a_clean).detach())",1,0,1.8532348988742345e-08,4.164454310284782e-07,3.9791308203973596e-07,21.47127071055332,1.8532347212385506e-08,1.2388545300723308e-08,-6.143801911662194e-09,1.4836142980811928e-08,0.0250519029796123,0.0250519029796123,0.0250519029796123,0.0250519029796123,,,9.0,1.4245014190673828,1.002076119184494,3.1752421872366376e-13,0.0,0.4265542990178801,150.03951465817315
darcy,408,408,1,64,loss2,"MSE(model(a_adv), solver(a_clean).detach())",1,0,1.7145575625931997e-08,4.373171123006614e-07,4.201715366747294e-07,24.50612017010597,1.7145575625931997e-08,2.070766669248769e-08,3.5620910665556953e-09,1.9677154128316946e-08,0.0250519029796123,0.0250519029796123,0.0250519029796123,0.0250519029796123,,,9.0,1.4245014190673828,1.002076119184494,2.919742626925764e-13,0.0,0.4241787149803713,150.87980075323105
darcy,409,409,1,64,loss2,"MSE(model(a_adv), solver(a_clean).detach())",1,0,2.4298339340589337e-08,4.273223908057844e-07,4.030240514651951e-07,16.586485430794877,2.4298337564232497e-08,1.505542890356537e-08,-9.242908660667126e-09,1.4538881210057752e-08,0.0250519029796123,0.0250519029796123,0.0250519029796123,0.0250519029796123,,,9.0,1.4245014190673828,1.002076119184494,4.173483661527172e-13,0.0,0.4226354229904245,151.43075217679996
darcy,410,410,1,64,loss2,"MSE(model(a_adv), solver(a_clean).detach())",1,0,1.712145625276662e-08,4.128461341679213e-07,3.957246779151546e-07,23.112793215309026,1.712145447640978e-08,1.513219771709373e-08,-1.989256759316049e-09,1.7361165838281067e-08,0.0250519029796123,0.0250519029796123,0.0250519029796123,0.0250519029796123,,,9.0,1.4245014190673828,1.002076119184494,2.8245626866076073e-13,0.0,0.4006052479962818,159.75826657316782
darcy,411,411,1,64,loss2,"MSE(model(a_adv), solver(a_clean).detach())",1,0,1.801514137866889e-08,4.221152778427495e-07,4.041001364640806e-07,22.43113878321054,1.801514137866889e-08,1.5819443532905098e-08,-2.1956978457637888e-09,1.5746555170892407e-08,0.0250519029796123,0.0250519029796123,0.0250519029796123,0.0250519029796123,,,9.0,1.4245014190673828,1.002076119184494,2.984211185455554e-13,0.0,0.4293984620016999,149.04571316267692
darcy,412,412,1,64,loss2,"MSE(model(a_adv), solver(a_clean).detach())",1,0,2.310591895593461e-08,4.226105261295743e-07,3.995046071736397e-07,17.290141454037663,2.310591895593461e-08,1.4457600450157317e-08,-8.648318505777297e-09,1.3750796501454944e-08,0.0250519029796123,0.0250519029796123,0.0250519029796123,0.0250519029796123,,,9.0,1.4245014190673828,1.002076119184494,3.955272253382963e-13,0.0,0.4004787519806996,159.8087281371781
darcy,413,413,1,64,loss2,"MSE(model(a_adv), solver(a_clean).detach())",1,0,1.6893945797846754e-08,4.358410308213934e-07,4.189470850235466e-07,24.79865213471587,1.6893945797846754e-08,1.6451346951384952e-08,-4.4259884646180575e-10,1.6172716499340822e-08,0.0250519029796123,0.0250519029796123,0.0250519029796123,0.0250519029796123,,,9.0,1.4245014190673828,1.002076119184494,2.895709659469365e-13,0.0,0.440352047997294,145.33825899316196
darcy,414,414,1,64,loss2,"MSE(model(a_adv), solver(a_clean).detach())",1,0,2.2682289824160762e-08,4.267659790002654e-07,4.040836891761046e-07,17.814942508391812,2.268228804780392e-08,1.5994229940474725e-08,-6.688058107329198e-09,1.5284354226707822e-08,0.0250519029796123,0.0250519029796123,0.0250519029796123,0.0250519029796123,,,9.0,1.4245014190673828,1.002076119184494,3.627082087367256e-13,0.0,0.4003496379882563,159.86026694465838
darcy,415,415,1,64,loss2,"MSE(model(a_adv), solver(a_clean).detach())",1,0,2.1300376573663016e-08,3.960535082114802e-07,3.747531316378172e-07,17.59373269020901,2.1300373020949337e-08,1.3944916332775392e-08,-7.355456688173945e-09,1.4584841778741977e-08,0.0250519029796123,0.0250519029796123,0.0250519029796123,0.0250519029796123,,,9.0,1.4245014190673828,1.002076119184494,3.5071414088844177e-13,0.0,0.400260171998525,159.89599884606017
darcy,416,416,1,64,loss2,"MSE(model(a_adv), solver(a_clean).detach())",1,0,1.794771620211577e-08,4.094049472769257e-07,3.914572310748099e-07,21.81097732248869,1.794771797847261e-08,1.3848304725172513e-08,-4.099413253300099e-09,1.4849035778752297e-08,0.0250519029796123,0.0250519029796123,0.0250519029796123,0.0250519029796123,,,9.0,1.4245014190673828,1.002076119184494,3.082562688178775e-13,0.0,0.4252869379997719,150.48663450847465
darcy,417,417,1,64,loss2,"MSE(model(a_adv), solver(a_clean).detach())",1,0,1.9948622309584607e-08,4.2953502088494133e-07,4.095863985753567e-07,20.53206443126476,1.9948620533227768e-08,1.5059653080129465e-08,-4.888967453098303e-09,1.4977066253862862e-08,0.0250519029796123,0.0250519029796123,0.0250519029796123,0.0250519029796123,,,9.0,1.4245014190673828,1.002076119184494,3.273167869556615e-13,0.0,0.4016485899919644,159.34327069660674
darcy,418,418,1,64,loss2,"MSE(model(a_adv), solver(a_clean).detach())",1,0,2.096989071276312e-08,4.1139026052405835e-07,3.9042036981129513e-07,18.618140416615027,2.096988893640628e-08,1.3704850587714644e-08,-7.265038348691632e-09,1.3110001972904683e-08,0.0250519029796123,0.0250519029796123,0.0250519029796123,0.0250519029796123,,,9.0,1.4245014190673828,1.002076119184494,3.522691307492748e-13,0.0,0.4003312429995276,159.86761243132733
darcy,419,419,1,64,loss2,"MSE(model(a_adv), solver(a_clean).detach())",1,0,1.6949828207657447e-08,4.2783807430168963e-07,4.108882460940322e-07,24.24144015267392,1.6949826431300608e-08,1.758622580894098e-08,6.36399377640373e-10,2.021290423925848e-08,0.0250519029796123,0.0250519029796123,0.0250519029796123,0.0250519029796123,,,9.0,1.4245014190673828,1.002076119184494,2.906960425413247e-13,0.0,0.429077111009974,149.15733875749038
darcy,420,420,1,64,loss2,"MSE(model(a_adv), solver(a_clean).detach())",1,0,1.7970888777085747e-08,4.035226197629528e-07,3.855517309858669e-07,21.4542383389226,1.7970887000728908e-08,1.496325729988257e-08,-3.007629700846337e-09,1.5662796393201006e-08,0.0250519029796123,0.0250519029796123,0.0250519029796123,0.0250519029796123,,,9.0,1.4245014190673828,1.002076119184494,3.0605674787055615e-13,0.0,0.4011875349970069,159.5263920661879
darcy,421,421,1,64,loss2,"MSE(model(a_adv), solver(a_clean).detach())",1,0,2.322538250609796e-08,4.222755194405181e-07,3.990501369344202e-07,17.181638960290417,2.32253842824548e-08,1.4810912496443508e-08,-8.41447178601129e-09,1.4275147730558048e-08,0.0250519029796123,0.0250519029796123,0.0250519029796123,0.0250519029796123,,,9.0,1.4245014190673828,1.002076119184494,4.000546638752156e-13,0.0,0.3999276210088283,160.02895683613517
darcy,422,422,1,64,loss2,"MSE(model(a_adv), solver(a_clean).detach())",1,0,1.7195603163600026e-08,4.461367950625572e-07,4.289411918989572e-07,24.94481803388833,1.7195601387243187e-08,2.0290102042963557e-08,3.094500655720367e-09,2.0034659264922542e-08,0.0250519029796123,0.0250519029796123,0.0250519029796123,0.0250519029796123,,,9.0,1.4245014190673828,1.002076119184494,2.898177032563398e-13,0.0,0.4491729100118391,142.48410483685026
darcy,423,423,1,64,loss2,"MSE(model(a_adv), solver(a_clean).detach())",1,0,3.234944045971133e-08,4.6039002654652005e-07,4.280405860868086e-07,13.231777118986008,3.234943690699765e-08,1.9287897501385487e-08,-1.3061539405612166e-08,1.7959775888698463e-08,0.0250519029796123,0.0250519029796123,0.0250519029796123,0.0250519029796123,,,9.0,1.4245014190673828,1.002076119184494,4.62508557928093e-13,0.0,0.448184499022318,142.79833447968716
darcy,424,424,1,64,loss2,"MSE(model(a_adv), solver(a_clean).detach())",1,0,2.116799713292039e-08,3.987076695466385e-07,3.775396724137181e-07,17.835398882711004,2.116799713292039e-08,1.618838929573485e-08,-4.97960783718554e-09,1.8314118221951503e-08,0.0250519029796123,0.0250519029796123,0.0250519029796123,0.0250519029796123,,,9.0,1.4245014190673828,1.002076119184494,3.0233655206116095e-13,0.0,0.422206339018885,151.58464969692773
darcy,425,425,1,64,loss2,"MSE(model(a_adv), solver(a_clean).detach())",1,0,2.1546137318750883e-08,4.284279384592082e-07,4.068818011404574e-07,18.884210896881356,2.154613554239404e-08,1.4003310511156997e-08,-7.542825031237044e-09,1.8540668111910463e-08,0.0250519029796123,0.0250519029796123,0.0250519029796123,0.0250519029796123,,,9.0,1.4245014190673828,1.002076119184494,3.5886552518689385e-13,0.0,0.4007004879822489,159.7202946327213
darcy,426,426,1,64,loss2,"MSE(model(a_adv), solver(a_clean).detach())",1,0,1.7058667367564343e-08,4.3347597511456126e-07,4.164173077469968e-07,24.41089322948991,1.7058667367564343e-08,1.9907043125044765e-08,2.8483757574804262e-09,2.25000311715462e-08,0.0250519029796123,0.0250519029796123,0.0250519029796123,0.0250519029796123,,,9.0,1.4245014190673828,1.002076119184494,2.884442901543438e-13,0.0,0.4013031570066232,159.48042990088842
darcy,427,427,1,64,loss2,"MSE(model(a_adv), solver(a_clean).detach())",1,0,3.671407711181018e-08,4.582851147461042e-07,4.215710376342941e-07,11.482544865568284,3.671408066452386e-08,2.2610066707784423e-08,-1.4104013956739436e-08,1.9912139492817005e-08,0.0250519029796123,0.0250519029796123,0.0250519029796123,0.0250519029796123,,,9.0,1.4245014190673828,1.002076119184494,5.935711449266134e-13,0.0,0.4010773730115033,159.57020841004763
darcy,428,428,1,64,loss2,"MSE(model(a_adv), solver(a_clean).detach())",1,0,1.8392658063248746e-08,4.361200183211622e-07,4.1772736025791357e-07,22.71163628559999,1.8392658063248746e-08,1.94320932678238e-08,1.0394352045750566e-09,1.994037912567137e-08,0.0250519029796123,0.0250519029796123,0.0250519029796123,0.0250519029796123,,,9.0,1.4245014190673828,1.002076119184494,2.890968985470172e-13,0.0,0.4175264590012375,153.2836988417309
darcy,429,429,1,64,loss2,"MSE(model(a_adv), solver(a_clean).detach())",1,0,2.8965274623260484e-08,4.397513748699567e-07,4.107861002466962e-07,14.182019869986508,2.8965274623260484e-08,1.8884046326661522e-08,-1.0081228296598964e-08,2.2486064565896413e-08,0.0250519029796123,0.0250519029796123,0.0250519029796123,0.0250519029796123,,,9.0,1.4245014190673828,1.002076119184494,4.0413969371565217e-13,0.0,0.416811470000539,153.5466382437058
darcy,430,430,1,64,loss2,"MSE(model(a_adv), solver(a_clean).detach())",1,0,2.107426944064628e-08,3.995810686774348e-07,3.7850679923678854e-07,17.96061307381581,2.107426766428944e-08,1.6588465712175093e-08,-4.485801952114343e-09,2.545130683984098e-08,0.0250519029796123,0.0250519029796123,0.0250519029796123,0.0250519029796123,,,9.0,1.4245014190673828,1.002076119184494,3.024154277692093e-13,0.0,0.3998754599888343,160.04983151951126
darcy,431,431,1,64,loss2,"MSE(model(a_adv), solver(a_clean).detach())",1,0,2.5333729780641082e-08,4.449540824680298e-07,4.1962035268738873e-07,16.56370208101154,2.5333728004284243e-08,1.5429677091560734e-08,-9.904050912723504e-09,2.3401210302864683e-08,0.0250519029796123,0.0250519029796123,0.0250519029796123,0.0250519029796123,,,9.0,1.4245014190673828,1.002076119184494,4.1428075163094097e-13,0.0,0.3993985860142857,160.2409278377136
darcy,432,432,1,64,loss2,"MSE(model(a_adv), solver(a_clean).detach())",1,0,1.7574480537518866e-08,4.545540264189185e-07,4.369795458813997e-07,24.86443596147916,1.7574478761162027e-08,2.7142130321067274e-08,9.567651559905244e-09,2.7887112175051243e-08,0.0250519029796123,0.0250519029796123,0.0250519029796123,0.0250519029796123,,,9.0,1.4245014190673828,1.002076119184494,3.004282749224235e-13,0.0,0.4298498310090508,148.88920591119745
darcy,433,433,1,64,loss2,"MSE(model(a_adv), solver(a_clean).detach())",1,0,3.433072492953215e-08,4.56238609558568e-07,4.219078846290359e-07,12.289512834204675,3.433072492953215e-08,1.9615351121160532e-08,-1.4715373808371623e-08,1.869864441061964e-08,0.0250519029796123,0.0250519029796123,0.0250519029796123,0.0250519029796123,,,9.0,1.4245014190673828,1.002076119184494,5.315307113722134e-13,0.0,0.4005692840146366,159.77261001785016
darcy,434,434,1,64,loss2,"MSE(model(a_adv), solver(a_clean).detach())",1,0,1.8398413459408406e-08,4.0200615103458404e-07,3.8360773757517563e-07,20.85004440309553,1.8398411683051563e-08,1.533242333096041e-08,-3.065988352091153e-09,1.5690726939965316e-08,0.0250519029796123,0.0250519029796123,0.0250519029796123,0.0250519029796123,,,9.0,1.4245014190673828,1.002076119184494,2.894771282489078e-13,0.0,0.4306049699953291,148.62810338834274
darcy,435,435,1,64,loss2,"MSE(model(a_adv), solver(a_clean).detach())",1,0,2.1211739920090625e-08,4.0626838426760514e-07,3.850566443475145e-07,18.1529966800512,2.1211739920090625e-08,1.6592327511943953e-08,-4.6194124081466725e-09,2.002869514683425e-08,0.0250519029796123,0.0250519029796123,0.0250519029796123,0.0250519029796123,,,9.0,1.4245014190673828,1.002076119184494,3.320614996079469e-13,0.0,0.4331103580188937,147.76834313717362
darcy,436,436,1,64,loss2,"MSE(model(a_adv), solver(a_clean).detach())",1,0,1.8981820559815787e-08,4.223883252052474e-07,4.034065046454316e-07,21.252255724060355,1.8981820559815787e-08,1.3826917388826132e-08,-5.154903170989655e-09,1.7794550277727694e-08,0.0250519029796123,0.0250519029796123,0.0250519029796123,0.0250519029796123,,,9.0,1.4245014190673828,1.002076119184494,3.071239009638793e-13,0.0,0.4311441300087608,148.4422390227127
darcy,437,437,1,64,loss2,"MSE(model(a_adv), solver(a_clean).detach())",1,0,2.0960939650649383e-08,4.2500010977164493e-07,4.0403917012099566e-07,19.27581381631802,2.0960937874292543e-08,1.2689394424114653e-08,-8.271543450177887e-09,1.7137845809145347e-08,0.0250519029796123,0.0250519029796123,0.0250519029796123,0.0250519029796123,,,9.0,1.4245014190673828,1.002076119184494,3.557724319140643e-13,0.0,0.4296658679959364,148.95295336934998
darcy,438,438,1,64,loss2,"MSE(model(a_adv), solver(a_clean).detach())",1,0,1.7383351647026757e-08,4.2651851117625483e-07,4.091351595292281e-07,23.53603423763256,1.7383351647026757e-08,2.2384039510825463e-08,5.000687863798703e-09,2.2900309204487712e-08,0.0250519029796123,0.0250519029796123,0.0250519029796123,0.0250519029796123,,,9.0,1.4245014190673828,1.002076119184494,2.952682586279676e-13,0.0,0.4019377990043722,159.22861735953285
darcy,439,439,1,64,loss2,"MSE(model(a_adv), solver(a_clean).detach())",1,0,3.2234510172202135e-08,4.533608546353207e-07,4.211263444631186e-07,13.064456143846806,3.2234510172202135e-08,1.8763296694146447e-08,-1.3471213478055688e-08,1.7492093107307486e-08,0.0250519029796123,0.0250519029796123,0.0250519029796123,0.0250519029796123,,,9.0,1.4245014190673828,1.002076119184494,5.164066331671269e-13,0.0,0.4306860420037992,148.6001257487593
darcy,440,440,1,64,loss2,"MSE(model(a_adv), solver(a_clean).detach())",1,0,1.837712204633135e-08,4.148666334913287e-07,3.9648951144499733e-07,21.575168867322677,1.8377120269974512e-08,1.4568136030845837e-08,-3.8089842391286766e-09,1.4971348161196832e-08,0.0250519029796123,0.0250519029796123,0.0250519029796123,0.0250519029796123,,,9.0,1.4245014190673828,1.002076119184494,2.863784242298356e-13,0.0,0.4008096409961581,159.67679779592294
darcy,441,441,1,64,loss2,"MSE(model(a_adv), solver(a_clean).detach())",1,0,2.1157696039608712e-08,4.2256598931089684e-07,4.0140829327128813e-07,18.97221193270871,2.1157694263251873e-08,1.7707174393422065e-08,-3.450519869829804e-09,1.8393773615343892e-08,0.0250519029796123,0.0250519029796123,0.0250519029796123,0.0250519029796123,,,9.0,1.4245014190673828,1.002076119184494,3.355884363800965e-13,0.0,0.4318934760231059,148.18468801454193
darcy,442,442,1,64,loss2,"MSE(model(a_adv), solver(a_clean).detach())",1,0,2.2209516004068064e-08,4.276345464404585e-07,4.0542503043639044e-07,18.254563960877388,2.2209514227711225e-08,1.3466041615117774e-08,-8.74347261259345e-09,1.6892028220638622e-08,0.0250519029796123,0.0250519029796123,0.0250519029796123,0.0250519029796123,,,9.0,1.4245014190673828,1.002076119184494,3.766238352003598e-13,0.0,0.4002971759764477,159.8812178574189
darcy,443,443,1,64,loss2,"MSE(model(a_adv), solver(a_clean).detach())",1,0,2.0220019436578696e-08,4.101706565506902e-07,3.899506371141115e-07,19.285373999625225,2.0220017660221856e-08,1.3278286914442106e-08,-6.9417307457797506e-09,1.4651760249506653e-08,0.0250519029796123,0.0250519029796123,0.0250519029796123,0.0250519029796123,,,9.0,1.4245014190673828,1.002076119184494,3.43717974004773e-13,0.0,0.4004648519912734,159.8142750400343
darcy,444,444,1,64,loss2,"MSE(model(a_adv), solver(a_clean).detach())",1,0,1.801737425921601e-08,4.165849532000721e-07,3.9856757894085604e-07,22.121290994273817,1.8017372482859173e-08,1.885190670236625e-08,8.345342195070771e-10,1.8194179496333618e-08,0.0250519029796123,0.0250519029796123,0.0250519029796123,0.0250519029796123,,,9.0,1.4245014190673828,1.002076119184494,2.967051246621083e-13,0.0,0.4272441119828727,149.79726625832498
darcy,445,445,1,64,loss2,"MSE(model(a_adv), solver(a_clean).detach())",1,0,2.461443138201957e-08,4.2131495092689885e-07,3.967005195448792e-07,16.11658272287623,2.461443138201957e-08,1.4691541316835812e-08,-9.922890065183765e-09,1.4016288574225657e-08,0.0250519029796123,0.0250519029796123,0.0250519029796123,0.0250519029796123,,,9.0,1.4245014190673828,1.002076119184494,4.1525062468433793e-13,0.0,0.4077916689857375,156.94288252425872
darcy,446,446,1,64,loss2,"MSE(model(a_adv), solver(a_clean).detach())",1,0,1.7508936522858676e-08,4.194112364075409e-07,4.019022998846822e-07,22.95412399033952,1.7508936522858676e-08,1.4423308769551111e-08,-3.0856277533075627e-09,1.4195321806909078e-08,0.0250519029796123,0.0250519029796123,0.0250519029796123,0.0250519029796123,,,9.0,1.4245014190673828,1.002076119184494,2.887951108723058e-13,0.0,0.4298079349973704,148.90371905393403
darcy,447,447,1,64,loss2,"MSE(model(a_adv), solver(a_clean).detach())",1,0,2.11196393706814e-08,4.31320586358197e-07,4.102009469875157e-07,19.422724971192583,2.11196393706814e-08,1.7873768243248378e-08,-3.2458711274330203e-09,2.017949451982304e-08,0.0250519029796123,0.0250519029796123,0.0250519029796123,0.0250519029796123,,,9.0,1.4245014190673828,1.002076119184494,3.3068236733949097e-13,0.0,0.4305845049966592,148.6351674463914
darcy,448,448,1,64,loss2,"MSE(model(a_adv), solver(a_clean).detach())",1,0,1.9451483979082692e-08,4.0662135347702133e-07,3.871698694979386e-07,19.90438723926076,1.9451483979082692e-08,1.4813400284197089e-08,-4.6380836948856086e-09,1.8960716552385293e-08,0.0250519029796123,0.0250519029796123,0.0250519029796123,0.0250519029796123,,,9.0,1.4245014190673828,1.002076119184494,3.070622098602649e-13,0.0,0.4070331279945094,157.23535898744663
darcy,449,449,1,64,loss2,"MSE(model(a_adv), solver(a_clean).detach())",1,0,2.3484080458047174e-08,4.3068735067208763e-07,4.072032702140405e-07,17.33954501397163,2.348407868169033e-08,1.4077170540360841e-08,-9.406908141329497e-09,1.685553918662208e-08,0.0250519029796123,0.0250519029796123,0.0250519029796123,0.0250519029796123,,,9.0,1.4245014190673828,1.002076119184494,3.9012979587312046e-13,0.0,0.4041857119882479,158.34305395204285
darcy,450,450,1,64,loss2,"MSE(model(a_adv), solver(a_clean).detach())",1,0,1.803633331576293e-08,4.316978561291762e-07,4.136615228134133e-07,22.93490121142816,1.803633331576293e-08,1.7436645904922443e-08,-5.996874108404882e-10,1.8396607792681152e-08,0.0250519029796123,0.0250519029796123,0.0250519029796123,0.0250519029796123,,,9.0,1.4245014190673828,1.002076119184494,3.0117843440556624e-13,0.0,0.4601479489938356,139.08570089238273
darcy,451,451,1,64,loss2,"MSE(model(a_adv), solver(a_clean).detach())",1,0,3.0022995645140333e-08,4.466582197437674e-07,4.166352240986271e-07,13.877203628281702,3.0022992092426655e-08,1.79851831205724e-08,-1.2037808971854249e-08,1.663408433216773e-08,0.0250519029796123,0.0250519029796123,0.0250519029796123,0.0250519029796123,,,9.0,1.4245014190673828,1.002076119184494,4.98391800919651e-13,0.0,0.4308031830005348,148.55971943902873
darcy,452,452,1,64,loss2,"MSE(model(a_adv), solver(a_clean).detach())",1,0,1.8813480551216344e-08,4.40512849309016e-07,4.216993687577997e-07,22.41474498085553,1.8813480551216344e-08,2.154503597751045e-08,2.7315554262941077e-09,2.0479968831921272e-08,0.0250519029796123,0.0250519029796123,0.0250519029796123,0.0250519029796123,,,9.0,1.4245014190673828,1.002076119184494,3.020414322298104e-13,0.0,0.4001035650144331,159.9585847171627
darcy,453,453,1,64,loss2,"MSE(model(a_adv), solver(a_clean).detach())",1,0,2.6531431274179343e-08,4.285489580979629e-07,4.020175268237836e-07,15.152500544327252,2.65314294978225e-08,1.8254333156164648e-08,-8.277096341657852e-09,1.7543003494324694e-08,0.0250519029796123,0.0250519029796123,0.0250519029796123,0.0250519029796123,,,9.0,1.4245014190673828,1.002076119184494,3.8035237936648324e-13,0.0,0.4274460170126986,149.72650920291224
darcy,454,454,1,64,loss2,"MSE(model(a_adv), solver(a_clean).detach())",1,0,2.316341252139864e-08,4.002815217063471e-07,3.771181091849485e-07,16.280766438734457,2.316341252139864e-08,1.5631044902875146e-08,-7.532367618523494e-09,1.792209536333189e-08,0.0250519029796123,0.0250519029796123,0.0250519029796123,0.0250519029796123,,,9.0,1.4245014190673828,1.002076119184494,3.604036557039448e-13,0.0,0.4009185049799271,159.6334397266205
darcy,455,455,1,64,loss2,"MSE(model(a_adv), solver(a_clean).detach())",1,0,1.8296406167905843e-08,4.1151011487272637e-07,3.932137087048204e-07,21.491308462235924,1.8296407944262686e-08,1.3708012502888778e-08,-4.588395441373905e-09,1.9780993287810134e-08,0.0250519029796123,0.0250519029796123,0.0250519029796123,0.0250519029796123,,,9.0,1.4245014190673828,1.002076119184494,3.160312452270969e-13,0.0,0.4563030750141479,140.2576565981188
darcy,456,456,1,64,loss2,"MSE(model(a_adv), solver(a_clean).detach())",1,0,1.770624002972454e-08,4.400960165185097e-07,4.223897764887852e-07,23.8554190940422,1.770624002972454e-08,2.2856307069218932e-08,5.150067039494388e-09,2.24370655388384e-08,0.0250519029796123,0.0250519029796123,0.0250519029796123,0.0250519029796123,,,9.0,1.4245014190673828,1.002076119184494,2.9484769660526045e-13,0.0,0.4007753590121865,159.69045641364875
darcy,457,457,1,64,loss2,"MSE(model(a_adv), solver(a_clean).detach())",1,0,3.4564884288101894e-08,4.49860351636744e-07,4.15295467348642e-07,12.014953207628622,3.4564880735388215e-08,2.1362955848758247e-08,-1.3201924886629968e-08,1.838338015147656e-08,0.0250519029796123,0.0250519029796123,0.0250519029796123,0.0250519029796123,,,9.0,1.4245014190673828,1.002076119184494,5.608406534324263e-13,0.0,0.4478658640000503,142.89992862682834
darcy,458,458,1,64,loss2,"MSE(model(a_adv), solver(a_clean).detach())",1,0,1.7997432877336905e-08,4.246062701440678e-07,4.066088372667309e-07,22.59260195817978,1.7997432877336905e-08,1.7755036552102865e-08,-2.4239632523404003e-10,1.82181594254871e-08,0.0250519029796123,0.0250519029796123,0.0250519029796123,0.0250519029796123,,,9.0,1.4245014190673828,1.002076119184494,2.8792715282312253e-13,0.0,0.4002101680089254,159.91597694382588
darcy,459,459,1,64,loss2,"MSE(model(a_adv), solver(a_clean).detach())",1,0,3.071096088547165e-08,4.445114996087796e-07,4.138005387233079e-07,13.47403424681067,3.071096088547165e-08,2.075344340823904e-08,-9.957517477232614e-09,1.972374796821441e-08,0.0250519029796123,0.0250519029796123,0.0250519029796123,0.0250519029796123,,,9.0,1.4245014190673828,1.002076119184494,4.15380972890525e-13,0.0,0.3992238350037951,160.31106960182277
darcy,460,460,1,64,loss2,"MSE(model(a_adv), solver(a_clean).detach())",1,0,2.3478301969248605e-08,3.948595690417278e-07,3.713812670724792e-07,15.818063314753628,2.3478303745605444e-08,1.6603619812372017e-08,-6.8746839332334275e-09,1.9981262866508587e-08,0.0250519029796123,0.0250519029796123,0.0250519029796123,0.0250519029796123,,,9.0,1.4245014190673828,1.002076119184494,3.437693651877488e-13,0.0,0.3997662190231494,160.09356707624644
darcy,461,461,1,64,loss2,"MSE(model(a_adv), solver(a_clean).detach())",1,0,1.9669553097401152e-08,4.18788602019049e-07,3.9911904892164795e-07,20.29121083459602,1.9669553097401152e-08,1.3968628032046126e-08,-5.7009250653550225e-09,2.2953908995759772e-08,0.0250519029796123,0.0250519029796123,0.0250519029796123,0.0250519029796123,,,9.0,1.4245014190673828,1.002076119184494,3.318490772973026e-13,0.0,0.4277725279971491,149.61222568370852
darcy,462,462,1,64,loss2,"MSE(model(a_adv), solver(a_clean).detach())",1,0,1.7914356220671834e-08,4.373134743218543e-07,4.193991181011825e-07,23.41134188328951,1.7914356220671834e-08,2.81204606267238e-08,1.0206104406051963e-08,2.8781416361312043e-08,0.0250519029796123,0.0250519029796123,0.0250519029796123,0.0250519029796123,,,9.0,1.4245014190673828,1.002076119184494,2.983329458038781e-13,0.0,0.4299362619931344,148.85927440338125
darcy,463,463,1,64,loss2,"MSE(model(a_adv), solver(a_clean).detach())",1,0,4.800774178193024e-08,4.960739943271619e-07,4.480662525452317e-07,9.33320826837726,4.800774533464392e-08,2.841944812814745e-08,-1.9588297206496463e-08,2.5795014124696536e-08,0.0250519029796123,0.0250519029796123,0.0250519029796123,0.0250519029796123,,,9.0,1.4245014190673828,1.002076119184494,7.090024097336499e-13,0.0,0.4001481749874074,159.94075195273368
darcy,464,464,1,64,loss2,"MSE(model(a_adv), solver(a_clean).detach())",1,0,2.311229252427438e-08,4.68787959562178e-07,4.456756670379036e-07,19.28305755778313,2.311229252427438e-08,2.333969639778388e-08,2.2740387350950184e-10,2.363262474602834e-08,0.0250519029796123,0.0250519029796123,0.0250519029796123,0.0250519029796123,,,9.0,1.4245014190673828,1.002076119184494,3.2180131497895614e-13,0.0,0.4001312399923336,159.94752122135284
darcy,465,465,1,64,loss2,"MSE(model(a_adv), solver(a_clean).detach())",1,0,2.6220165594281752e-08,4.169085627836466e-07,3.906883971893649e-07,14.900302432665356,2.6220165594281752e-08,2.7891609022390185e-08,1.6714434281084323e-09,3.082572330725952e-08,0.0250519029796123,0.0250519029796123,0.0250519029796123,0.0250519029796123,,,9.0,1.4245014190673828,1.002076119184494,3.2840459410037053e-13,0.0,0.4219676479988266,151.6703953573663
darcy,466,466,1,64,loss2,"MSE(model(a_adv), solver(a_clean).detach())",1,0,2.61930761524809e-08,4.139845941608656e-07,3.877915180083847e-07,14.80511551033133,2.61930761524809e-08,1.8268504931029383e-08,-7.924571221451515e-09,3.153479344319976e-08,0.0250519029796123,0.0250519029796123,0.0250519029796123,0.0250519029796123,,,9.0,1.4245014190673828,1.002076119184494,4.1502744166713184e-13,0.0,0.4691770549979992,136.40905777089404
darcy,467,467,1,64,loss2,"MSE(model(a_adv), solver(a_clean).detach())",1,0,2.145200816983106e-08,4.1332418732054077e-07,3.918721791507096e-07,18.26738905040216,2.145200816983106e-08,1.3266729048666548e-08,-8.185279121164513e-09,2.8775810623216106e-08,0.0250519029796123,0.0250519029796123,0.0250519029796123,0.0250519029796123,,,9.0,1.4245014190673828,1.002076119184494,3.6483896416125705e-13,0.0,0.4440555580076761,144.126109550674
darcy,468,468,1,64,loss2,"MSE(model(a_adv), solver(a_clean).detach())",1,0,2.2460492132836407e-08,4.829357749258634e-07,4.60475282793027e-07,20.501566932268112,2.2460490356479568e-08,4.129229580485117e-08,1.88318054483716e-08,4.93542913204692e-08,0.0250519029796123,0.0250519029796123,0.0250519029796123,0.0250519029796123,,,9.0,1.4245014190673828,1.002076119184494,3.665542262082378e-13,0.0,0.4010137190052774,159.59553742638354
darcy,469,469,1,64,loss2,"MSE(model(a_adv), solver(a_clean).detach())",1,0,5.978368733394747e-08,5.383656116464408e-07,4.785819243124934e-07,8.005225934612707,5.978368733394747e-08,3.5071234805172935e-08,-2.4712452528774523e-08,3.8751686304294715e-08,0.0250519029796123,0.0250519029796123,0.0250519029796123,0.0250519029796123,,,9.0,1.4245014190673828,1.002076119184494,7.610940415229972e-13,0.0,0.4012424390239175,159.50456326526577
darcy,470,470,1,64,loss2,"MSE(model(a_adv), solver(a_clean).detach())",1,0,2.8847880528815043e-08,4.033447567053372e-07,3.744968761765222e-07,12.981781306340745,2.8847880528815043e-08,2.567119317120614e-08,-3.1766873576088983e-09,3.9716860911198644e-08,0.0250519029796123,0.0250519029796123,0.0250519029796123,0.0250519029796123,,,9.0,1.4245014190673828,1.002076119184494,3.0146704902388193e-13,0.0,0.400389399001142,159.84439188365587
darcy,471,471,1,64,loss2,"MSE(model(a_adv), solver(a_clean).detach())",1,0,3.3071156479991266e-08,4.277882226233487e-07,3.947170661433575e-07,11.935387454084635,3.3071156479991266e-08,2.8606232049810387e-08,-4.464924430180872e-09,6.40995914125142e-08,0.0250519029796123,0.0250519029796123,0.0250519029796123,0.0250519029796123,,,9.0,1.4245014190673828,1.002076119184494,3.7412819153467846e-13,0.0,0.400126310007181,159.94949194630917
darcy,472,472,1,64,loss2,"MSE(model(a_adv), solver(a_clean).detach())",1,0,1.9433493037013253e-08,4.2387301846247283e-07,4.044395254254596e-07,20.811468358012608,1.9433493037013253e-08,1.6867630847627882e-08,-2.56586218938537e-09,6.35143804217364e-08,0.0250519029796123,0.0250519029796123,0.0250519029796123,0.0250519029796123,,,9.0,1.4245014190673828,1.002076119184494,2.9044307106942946e-13,0.0,0.4006548789911903,159.7384765690255
darcy,473,473,1,64,loss2,"MSE(model(a_adv), solver(a_clean).detach())",1,0,3.5786332119869264e-08,4.619881224243727e-07,4.262017903045035e-07,11.909624849981986,3.5786332119869264e-08,2.1074324507708297e-08,-1.4712007612160962e-08,4.9523187328759384e-08,0.0250519029796123,0.0250519029796123,0.0250519029796123,0.0250519029796123,,,9.0,1.4245014190673828,1.002076119184494,5.542854044672529e-13,0.0,0.4005544100073166,159.7785429420961
darcy,474,474,1,64,loss2,"MSE(model(a_adv), solver(a_clean).detach())",1,0,2.3119987702102666e-08,4.949053504788026e-07,4.717853627766999e-07,20.405952150822,2.3119987702102666e-08,3.7897383009521945e-08,1.4777395307419285e-08,6.538841823555687e-08,0.0250519029796123,0.0250519029796123,0.0250519029796123,0.0250519029796123,,,9.0,1.4245014190673828,1.002076119184494,3.6572757626182617e-13,0.0,0.4329755810031201,147.81434059566234
darcy,475,475,1,64,loss2,"MSE(model(a_adv), solver(a_clean).detach())",1,0,4.402064845976384e-08,4.793549805981456e-07,4.353343321383818e-07,9.88932120198752,4.402064845976384e-08,2.4125624165094454e-08,-1.9895024294669383e-08,6.123373008648514e-08,0.0250519029796123,0.0250519029796123,0.0250519029796123,0.0250519029796123,,,9.0,1.4245014190673828,1.002076119184494,5.574418964621186e-13,0.0,0.4431585629936307,144.41783448268794
darcy,476,476,1,64,loss2,"MSE(model(a_adv), solver(a_clean).detach())",1,0,3.039471607735322e-08,3.956125453896675e-07,3.652178293123143e-07,12.015832896180076,3.039471607735322e-08,2.6575236233838954e-08,-3.819479843514273e-09,6.176944911118198e-08,0.0250519029796123,0.0250519029796123,0.0250519029796123,0.0250519029796123,,,9.0,1.4245014190673828,1.002076119184494,3.0708622493838544e-13,0.0,0.4014007500081789,159.44165525026037
darcy,477,477,1,64,loss2,"MSE(model(a_adv), solver(a_clean).detach())",1,0,2.5079581078557567e-08,4.247800120538159e-07,3.997004309752583e-07,15.937284985872132,2.5079581078557567e-08,2.3155394046625588e-08,-1.9241870319319787e-09,7.283341307839919e-08,0.0250519029796123,0.0250519029796123,0.0250519029796123,0.0250519029796123,,,9.0,1.4245014190673828,1.002076119184494,3.268945986296956e-13,0.0,0.400188707979396,159.92455240215097
darcy,478,478,1,64,loss2,"MSE(model(a_adv), solver(a_clean).detach())",1,0,2.2339531113857447e-08,4.380439406759251e-07,4.157044095620677e-07,18.608466195792342,2.2339531113857447e-08,1.8156814718395253e-08,-4.182716395462194e-09,5.5559125300419516e-08,0.0250519029796123,0.0250519029796123,0.0250519029796123,0.0250519029796123,,,9.0,1.4245014190673828,1.002076119184494,3.464246034132201e-13,0.0,0.4017525340022985,159.30204437648635
darcy,479,479,1,64,loss2,"MSE(model(a_adv), solver(a_clean).detach())",1,0,3.4877430721280696e-08,4.06559195198497e-07,3.7168176447721645e-07,10.656798875108432,3.4877430721280696e-08,2.26647713930106e-08,-1.2212659328270092e-08,4.66218841310706e-08,0.0250519029796123,0.0250519029796123,0.0250519029796123,0.0250519029796123,,,9.0,1.4245014190673828,1.002076119184494,5.043923720533805e-13,0.0,0.417127855005674,153.43017550129667
darcy,480,480,1,64,loss2,"MSE(model(a_adv), solver(a_clean).detach())",1,0,2.1647466041940788e-08,4.394799475448963e-07,4.178324815029555e-07,19.301680884655404,2.1647469594654467e-08,2.8305528587679877e-08,6.658058993025406e-09,4.663227315404584e-08,0.0250519029796123,0.0250519029796123,0.0250519029796123,0.0250519029796123,,,9.0,1.4245014190673828,1.002076119184494,3.303099438932422e-13,0.0,0.400016619998496,159.99335227681448
darcy,481,481,1,64,loss2,"MSE(model(a_adv), solver(a_clean).detach())",1,0,3.1221713214790725e-08,4.497360350796953e-07,4.185143218649046e-07,13.404591829593802,3.1221709662077046e-08,2.306649982131148e-08,-8.155209840765565e-09,4.39738352397967e-08,0.0250519029796123,0.0250519029796123,0.0250519029796123,0.0250519029796123,,,9.0,1.4245014190673828,1.002076119184494,4.0376320451125663e-13,0.0,0.4238993790058885,150.97922565984925
darcy,482,482,1,64,loss2,"MSE(model(a_adv), solver(a_clean).detach())",1,0,2.8830779541522134e-08,4.0754525798547547e-07,3.787144784439533e-07,13.135769634620116,2.8830779541522134e-08,2.1399266358912428e-08,-7.431513182609706e-09,4.6538158215980736e-08,0.0250519029796123,0.0250519029796123,0.0250519029796123,0.0250519029796123,,,9.0,1.4245014190673828,1.002076119184494,4.083875707223961e-13,0.0,0.4296371540112886,148.96290835759146
darcy,483,483,1,64,loss2,"MSE(model(a_adv), solver(a_clean).detach())",1,0,2.269092469475709e-08,3.856491161968734e-07,3.629581915021163e-07,15.995742632118494,2.269092469475709e-08,1.615121725251356e-08,-6.539707442243525e-09,3.7662628571411005e-08,0.0250519029796123,0.0250519029796123,0.0250519029796123,0.0250519029796123,,,9.0,1.4245014190673828,1.002076119184494,3.586918088938074e-13,0.0,0.4003444840200245,159.86232495911904
darcy,484,484,1,64,loss2,"MSE(model(a_adv), solver(a_clean).detach())",1,0,2.2725984649696332e-08,4.093425047813072e-07,3.8661652013161074e-07,17.01209105308345,2.2725984649696332e-08,2.2913363650900465e-08,1.8737900120413542e-10,3.264618708698208e-08,0.0250519029796123,0.0250519029796123,0.0250519029796123,0.0250519029796123,,,9.0,1.4245014190673828,1.002076119184494,3.2838068744246723e-13,0.0,0.4253320500138215,150.47067343718928
darcy,485,485,1,64,loss2,"MSE(model(a_adv), solver(a_clean).detach())",1,0,2.782131680589828e-08,4.3264810756227234e-07,4.048267907563741e-07,14.550957223942344,2.782131502954144e-08,1.789792847262106e-08,-9.923386556920376e-09,2.7546544600909332e-08,0.0250519029796123,0.0250519029796123,0.0250519029796123,0.0250519029796123,,,9.0,1.4245014190673828,1.002076119184494,4.3454893546360234e-13,0.0,0.4380930569896009,146.0876838354441
darcy,486,486,1,64,loss2,"MSE(model(a_adv), solver(a_clean).detach())",1,0,1.9815068696971142e-08,4.18384928480009e-07,3.985698597830378e-07,20.114482865454907,1.98150669206143e-08,1.7429938381496868e-08,-2.3851285391174315e-09,2.4237556850437162e-08,0.0250519029796123,0.0250519029796123,0.0250519029796123,0.0250519029796123,,,9.0,1.4245014190673828,1.002076119184494,3.1850563853019764e-13,0.0,0.4002073970041238,159.91708418957717
darcy,487,487,1,64,loss2,"MSE(model(a_adv), solver(a_clean).detach())",1,0,2.323284675753712e-08,4.068598968842707e-07,3.836270501267336e-07,16.512270499192212,2.323284675753712e-08,2.6729670921099572e-08,3.4968241635624513e-09,3.6624376420490996e-08,0.0250519029796123,0.0250519029796123,0.0250519029796123,0.0250519029796123,,,9.0,1.4245014190673828,1.002076119184494,3.31577565968258e-13,0.0,0.4003940249967854,159.84254510419785
darcy,488,488,1,64,loss2,"MSE(model(a_adv), solver(a_clean).detach())",1,0,2.7484430731306023e-08,4.126895873923786e-07,3.852051566610726e-07,14.01539513140821,2.7484428954949184e-08,1.7231940319106798e-08,-1.0252488635842384e-08,3.4662830827869584e-08,0.0250519029796123,0.0250519029796123,0.0250519029796123,0.0250519029796123,,,9.0,1.4245014190673828,1.002076119184494,4.278416000386837e-13,0.0,0.4015887879941147,159.36699906307624
darcy,489,489,1,64,loss2,"MSE(model(a_adv), solver(a_clean).detach())",1,0,2.0608798223520356e-08,3.856511341382429e-07,3.6504233591472257e-07,17.712936579587065,2.0608798223520356e-08,1.43156588805482e-08,-6.293139342972154e-09,3.16114396881062e-08,0.0250519029796123,0.0250519029796123,0.0250519029796123,0.0250519029796123,,,9.0,1.4245014190673828,1.002076119184494,3.3116003971163377e-13,0.0,0.4534148560196627,141.15108746508426
darcy,490,490,1,64,loss2,"MSE(model(a_adv), solver(a_clean).detach())",1,0,1.9900177505860484e-08,4.2338581351941684e-07,4.034856360135564e-07,20.275479246088747,1.9900175729503644e-08,2.8379963268321265e-08,8.479787538817618e-09,3.834839290561831e-08,0.0250519029796123,0.0250519029796123,0.0250519029796123,0.0250519029796123,,,9.0,1.4245014190673828,1.002076119184494,3.027002205748669e-13,0.0,0.4036138470110018,158.567404151165
darcy,491,491,1,64,loss2,"MSE(model(a_adv), solver(a_clean).detach())",1,0,3.691684469231405e-08,4.741128805108019e-07,4.37196035818488e-07,11.842724898683189,3.691684113960037e-08,2.0122108423947797e-08,-1.679473271565257e-08,2.720423886160006e-08,0.0250519029796123,0.0250519029796123,0.0250519029796123,0.0250519029796123,,,9.0,1.4245014190673828,1.002076119184494,5.55516570244219e-13,0.0,0.4048561250092461,158.08084908815042
darcy,492,492,1,64,loss2,"MSE(model(a_adv), solver(a_clean).detach())",1,0,2.268863141807742e-08,4.078045208188996e-07,3.851158894008222e-07,16.973958556794077,2.2688633194434263e-08,1.78442611797891e-08,-4.8443720146451605e-09,2.811234711685984e-08,0.0250519029796123,0.0250519029796123,0.0250519029796123,0.0250519029796123,,,9.0,1.4245014190673828,1.002076119184494,3.1419840145451017e-13,0.0,0.4207155549956951,152.1217821400848
darcy,493,493,1,64,loss2,"MSE(model(a_adv), solver(a_clean).detach())",1,0,2.2053235682051312e-08,4.1399238170924956e-07,3.919391460271982e-07,17.77240998454434,2.2053233905694473e-08,2.1882032186226752e-08,-1.7120171946771734e-10,4.337428993750336e-08,0.0250519029796123,0.0250519029796123,0.0250519029796123,0.0250519029796123,,,9.0,1.4245014190673828,1.002076119184494,3.299807801136756e-13,0.0,0.404749017994618,158.12268135225224
darcy,494,494,1,64,loss2,"MSE(model(a_adv), solver(a_clean).detach())",1,0,2.2108016750621573e-08,4.108706548322516e-07,3.8876263808163003e-07,17.5846907692749,2.2108014974264734e-08,1.3651140662318541e-08,-8.456874311946194e-09,3.6455142016222914e-08,0.0250519029796123,0.0250519029796123,0.0250519029796123,0.0250519029796123,,,9.0,1.4245014190673828,1.002076119184494,3.735240198740608e-13,0.0,0.433586776984157,147.60597738970836
darcy,495,495,1,64,loss2,"MSE(model(a_adv), solver(a_clean).detach())",1,0,2.1419520379595273e-08,3.978980203100946e-07,3.764784999304993e-07,17.576420632141765,2.1419520379595273e-08,1.4082292665307252e-08,-7.337227714288019e-09,2.9155539760239435e-08,0.0250519029796123,0.0250519029796123,0.0250519029796123,0.0250519029796123,,,9.0,1.4245014190673828,1.002076119184494,3.395794929972329e-13,0.0,0.4114136380085256,155.56120188381735
darcy,496,496,1,64,loss2,"MSE(model(a_adv), solver(a_clean).detach())",1,0,1.9512565785362312e-08,4.2137656919294397e-07,4.0186400340758166e-07,20.59513893908544,1.9512562232648637e-08,2.0847760850983832e-08,1.3351986183351983e-09,3.1350156248777246e-08,0.0250519029796123,0.0250519029796123,0.0250519029796123,0.0250519029796123,,,9.0,1.4245014190673828,1.002076119184494,3.072076284766495e-13,0.0,0.4324400899931788,147.99737924624313
darcy,497,497,1,64,loss2,"MSE(model(a_adv), solver(a_clean).detach())",1,0,2.491144535099465e-08,4.304081357986434e-07,4.054966904476487e-07,16.277525640697448,2.491144357463781e-08,1.4437564921365721e-08,-1.0473878653272097e-08,1.8453652828043232e-08,0.0250519029796123,0.0250519029796123,0.0250519029796123,0.0250519029796123,,,9.0,1.4245014190673828,1.002076119184494,3.9699854189646777e-13,0.0,0.4021868130075745,159.13003094607845
darcy,498,498,1,64,loss2,"MSE(model(a_adv), solver(a_clean).detach())",1,0,2.3546075311742243e-08,4.0792627942209947e-07,3.843802041103572e-07,16.324597582454423,2.354607708809908e-08,1.4733943842770714e-08,-8.812133245328369e-09,1.8804941159800137e-08,0.0250519029796123,0.0250519029796123,0.0250519029796123,0.0250519029796123,,,9.0,1.4245014190673828,1.002076119184494,3.874642306219561e-13,0.0,0.4320015099947341,148.14763031911656
darcy,499,499,1,64,loss2,"MSE(model(a_adv), solver(a_clean).detach())",1,0,1.8285330583012186e-08,4.228078012147307e-07,4.0452247063171853e-07,22.12278683151271,1.8285330583012186e-08,1.9786430272006328e-08,1.501099688994145e-09,2.319720771026823e-08,0.0250519029796123,0.0250519029796123,0.0250519029796123,0.0250519029796123,,,9.0,1.4245014190673828,1.002076119184494,3.122997195049993e-13,0.0,0.4259323739970568,150.25859480792187
darcy,500,500,1,64,loss2,"MSE(model(a_adv), solver(a_clean).detach())",1,0,2.6772880801217983e-08,4.472892101148318e-07,4.205163293136138e-07,15.706801686222846,2.6772880801217983e-08,1.5829495936259264e-08,-1.0943384864958716e-08,1.7620233272452882e-08,0.0250519029796123,0.0250519029796123,0.0250519029796123,0.0250519029796123,,,9.0,1.4245014190673828,1.002076119184494,4.1537468451792464e-13,0.0,0.4010626760136802,159.57605588263957
darcy,501,501,1,64,loss2,"MSE(model(a_adv), solver(a_clean).detach())",1,0,2.2234994290215585e-08,3.9881120983409357e-07,3.765762155438779e-07,16.93619573851605,2.223499606657242e-08,1.4777350898498298e-08,-7.457645168074123e-09,1.4688353200398296e-08,0.0250519029796123,0.0250519029796123,0.0250519029796123,0.0250519029796123,,,9.0,1.4245014190673828,1.002076119184494,3.5005887620044585e-13,0.0,0.3996613300114404,160.13558278997866
darcy,502,502,1,64,loss2,"MSE(model(a_adv), solver(a_clean).detach())",1,0,1.758595935541507e-08,4.239059876454121e-07,4.06320028289997e-07,23.10479741697361,1.758595757905823e-08,1.499160440232572e-08,-2.594353176732511e-09,1.6729333918164002e-08,0.0250519029796123,0.0250519029796123,0.0250519029796123,0.0250519029796123,,,9.0,1.4245014190673828,1.002076119184494,2.9651341061295855e-13,0.0,0.4270817699725739,149.85420708570612
darcy,503,503,1,64,loss2,"MSE(model(a_adv), solver(a_clean).detach())",1,0,2.598414283738748e-08,4.447148853614636e-07,4.187307425240761e-07,16.11485686268558,2.5984144613744323e-08,1.632297674802885e-08,-9.661167865715471e-09,1.7182086864409033e-08,0.0250519029796123,0.0250519029796123,0.0250519029796123,0.0250519029796123,,,9.0,1.4245014190673828,1.002076119184494,3.950615605052138e-13,0.0,0.4550637819920666,140.63962576814285
darcy,504,504,1,64,loss2,"MSE(model(a_adv), solver(a_clean).detach())",1,0,2.3171089935658532e-08,3.9484865510530653e-07,3.71677565169648e-07,16.040573240262848,2.3171091712015368e-08,1.5715258427917433e-08,-7.455833284097935e-09,1.97879348462493e-08,0.0250519029796123,0.0250519029796123,0.0250519029796123,0.0250519029796123,,,9.0,1.4245014190673828,1.002076119184494,3.5243926917519213e-13,0.0,0.4011385370104108,159.54587778321334
darcy,505,505,1,64,loss2,"MSE(model(a_adv), solver(a_clean).detach())",1,0,1.9416244612102677e-08,4.2601831751198926e-07,4.066020728998865e-07,20.94133448681628,1.9416242835745837e-08,1.6051032503128226e-08,-3.3652103326176075e-09,2.435593060567953e-08,0.0250519029796123,0.0250519029796123,0.0250519029796123,0.0250519029796123,,,9.0,1.4245014190673828,1.002076119184494,3.317101909990073e-13,0.0,0.4220290429948363,151.64833099124664
darcy,506,506,1,64,loss2,"MSE(model(a_adv), solver(a_clean).detach())",1,0,1.9454553523701182e-08,4.245876539243909e-07,4.0513310040068973e-07,20.82458998131838,1.9454555300058022e-08,1.8889553032863663e-08,-5.650022671943589e-10,1.996878218335496e-08,0.0250519029796123,0.0250519029796123,0.0250519029796123,0.0250519029796123,,,9.0,1.4245014190673828,1.002076119184494,3.197279409544035e-13,0.0,0.4016521880112123,159.34184329207093
darcy,507,507,1,64,loss2,"MSE(model(a_adv), solver(a_clean).detach())",1,0,2.3622698464009773e-08,4.0390128219769394e-07,3.8027858373368417e-07,16.09801624962768,2.3622698464009773e-08,1.531195614745684e-08,-8.310742316552933e-09,1.5336335756899192e-08,0.0250519029796123,0.0250519029796123,0.0250519029796123,0.0250519029796123,,,9.0,1.4245014190673828,1.002076119184494,3.908520913604302e-13,0.0,0.4292546739743557,149.095639209798
darcy,508,508,1,64,loss2,"MSE(model(a_adv), solver(a_clean).detach())",1,0,1.809449301504173e-08,4.005888456504181e-07,3.8249435263537634e-07,21.13871620041597,1.8094491238684896e-08,1.4300381323550937e-08,-3.7941099151339586e-09,1.5008717824116502e-08,0.0250519029796123,0.0250519029796123,0.0250519029796123,0.0250519029796123,,,9.0,1.4245014190673828,1.002076119184494,3.040026184345651e-13,0.0,0.4261438369867392,150.18403281986585
darcy,509,509,1,64,loss2,"MSE(model(a_adv), solver(a_clean).detach())",1,0,2.0700788638805534e-08,4.12252063597407e-07,3.915512749586014e-07,18.9147999040289,2.070078686244869e-08,1.8238024424022118e-08,-2.46276243842658e-09,1.800251325789759e-08,0.0250519029796123,0.0250519029796123,0.0250519029796123,0.0250519029796123,,,9.0,1.4245014190673828,1.002076119184494,3.251069660877015e-13,0.0,0.4285702519991901,149.33374330451883
darcy,510,510,1,64,loss2,"MSE(model(a_adv), solver(a_clean).detach())",1,0,2.508846996818193e-08,4.235243409311807e-07,3.984358709629987e-07,15.88123434662652,2.508846996818193e-08,1.5707579237300706e-08,-9.380890730881221e-09,1.9902604897481524e-08,0.0250519029796123,0.0250519029796123,0.0250519029796123,0.0250519029796123,,,9.0,1.4245014190673828,1.002076119184494,4.215856721882794e-13,0.0,0.4012904420087579,159.48548308210948
darcy,511,511,1,64,loss2,"MSE(model(a_adv), solver(a_clean).detach())",1,0,1.798805726593855e-08,4.1191401578544173e-07,3.939259585195032e-07,21.899305338849757,1.798805726593855e-08,1.3177698043875809e-08,-4.810359222062743e-09,1.568218044312175e-08,0.0250519029796123,0.0250519029796123,0.0250519029796123,0.0250519029796123,,,9.0,1.4245014190673828,1.002076119184494,3.097042479242862e-13,0.0,0.4145572510024067,154.38157177385483
darcy,512,512,1,64,loss2,"MSE(model(a_adv), solver(a_clean).detach())",1,0,2.1409956474371942e-08,4.125394923448767e-07,3.911295358705047e-07,18.26858155170437,2.14099546980151e-08,1.9668906503511607e-08,-1.7410481945034915e-09,1.9790555860765835e-08,0.0250519029796123,0.0250519029796123,0.0250519029796123,0.0250519029796123,,,9.0,1.4245014190673828,1.002076119184494,3.3340230532960535e-13,0.0,0.4011947809776757,159.52351085933307
darcy,513,513,1,64,loss2,"MSE(model(a_adv), solver(a_clean).detach())",1,0,2.951685473817633e-08,4.3192784460188715e-07,4.024109898637107e-07,13.633261180204366,2.951685473817633e-08,1.7280093800309263e-08,-1.2236760937867077e-08,1.6603214803012634e-08,0.0250519029796123,0.0250519029796123,0.0250519029796123,0.0250519029796123,,,9.0,1.4245014190673828,1.002076119184494,4.754806574511218e-13,0.0,0.4255668359983247,150.38765849755254
darcy,514,514,1,64,loss2,"MSE(model(a_adv), solver(a_clean).detach())",1,0,1.7980157807073738e-08,4.249996550242941e-07,4.070194972172203e-07,22.63714821552295,1.7980157807073738e-08,1.5464230784800748e-08,-2.51592702227299e-09,1.565081930721135e-08,0.0250519029796123,0.0250519029796123,0.0250519029796123,0.0250519029796123,,,9.0,1.4245014190673828,1.002076119184494,2.91286471939406e-13,0.0,0.4177271529915742,153.21005479691885
darcy,515,515,1,64,loss2,"MSE(model(a_adv), solver(a_clean).detach())",1,0,2.342828686607845e-08,4.1907105696736846e-07,3.956427701012899e-07,16.88739652040613,2.342828508972161e-08,2.091409179172388e-08,-2.5141932979977355e-09,2.1072895428631e-08,0.0250519029796123,0.0250519029796123,0.0250519029796123,0.0250519029796123,,,9.0,1.4245014190673828,1.002076119184494,3.402097397200987e-13,0.0,0.4392371150024701,145.7071768619555
darcy,516,516,1,64,loss2,"MSE(model(a_adv), solver(a_clean).detach())",1,0,2.4082215333010023e-08,4.116844820600818e-07,3.876022667270718e-07,16.094958929952625,2.4082217109366866e-08,1.5005793940758853e-08,-9.076423168608017e-09,2.0006444056974715e-08,0.0250519029796123,0.0250519029796123,0.0250519029796123,0.0250519029796123,,,9.0,1.4245014190673828,1.002076119184494,4.0002750461079494e-13,0.0,0.4072485349897761,157.1521920922483
darcy,517,517,1,64,loss2,"MSE(model(a_adv), solver(a_clean).detach())",1,0,1.85473467695374e-08,3.9732924506097334e-07,3.7878189829143604e-07,20.422430388456224,1.8547344993180562e-08,1.339375987896574e-08,-5.15358511421482e-09,1.662454707229699e-08,0.0250519029796123,0.0250519029796123,0.0250519029796123,0.0250519029796123,,,9.0,1.4245014190673828,1.002076119184494,3.083596203899697e-13,0.0,0.4011144120013341,159.55547366317802
darcy,518,518,1,64,loss2,"MSE(model(a_adv), solver(a_clean).detach())",1,0,2.1411318940067762e-08,4.24223742356844e-07,4.0281242341677626e-07,18.81305979067824,2.1411318940067762e-08,2.3113008396080662e-08,1.7016894560129003e-09,2.1357648982700542e-08,0.0250519029796123,0.0250519029796123,0.0250519029796123,0.0250519029796123,,,9.0,1.4245014190673828,1.002076119184494,3.203390244038707e-13,0.0,0.401078700000653,159.56968046394834
darcy,519,519,1,64,loss2,"MSE(model(a_adv), solver(a_clean).detach())",1,0,2.492602391157561e-08,4.1905607872649853e-07,3.941300548149229e-07,15.811990561073378,2.492602391157561e-08,1.5367941585964218e-08,-9.558082325611394e-09,1.608806954322972e-08,0.0250519029796123,0.0250519029796123,0.0250519029796123,0.0250519029796123,,,9.0,1.4245014190673828,1.002076119184494,4.18084810478378e-13,0.0,0.4284150860039517,149.38782991271614
darcy,520,520,1,64,loss2,"MSE(model(a_adv), solver(a_clean).detach())",1,0,1.8212627850289212e-08,4.031209641652822e-07,3.84908336314993e-07,21.13414601555595,1.8212629626646052e-08,1.3586366698348229e-08,-4.6262629282978204e-09,1.3840839141465722e-08,0.0250519029796123,0.0250519029796123,0.0250519029796123,0.0250519029796123,,,9.0,1.4245014190673828,1.002076119184494,3.030374887656728e-13,0.0,0.4010652650031261,159.57502577417455
darcy,521,521,1,64,loss2,"MSE(model(a_adv), solver(a_clean).detach())",1,0,2.0762872310342573e-08,4.235550363773656e-07,4.027921640670229e-07,19.399635948557115,2.0762872310342573e-08,2.2545641797933055e-08,1.7827694875904852e-09,2.221557782178252e-08,0.0250519029796123,0.0250519029796123,0.0250519029796123,0.0250519029796123,,,9.0,1.4245014190673828,1.002076119184494,3.156967417518308e-13,0.0,0.4004626969981473,159.81513504189402
darcy,522,522,1,64,loss2,"MSE(model(a_adv), solver(a_clean).detach())",1,0,2.352156869278588e-08,4.132013771140919e-07,3.89679808421306e-07,16.566914116609144,2.352156869278588e-08,1.4608597886933694e-08,-8.912970805852183e-09,1.870902721634593e-08,0.0250519029796123,0.0250519029796123,0.0250519029796123,0.0250519029796123,,,9.0,1.4245014190673828,1.002076119184494,3.97303961648457e-13,0.0,0.4010263500094879,159.59051069458607
darcy,523,523,1,64,loss2,"MSE(model(a_adv), solver(a_clean).detach())",1,0,1.857668152638325e-08,3.969090300870448e-07,3.783323485606616e-07,20.36598129883105,1.8576683302740093e-08,1.2943780269836225e-08,-5.632903032903869e-09,1.5315815726779647e-08,0.0250519029796123,0.0250519029796123,0.0250519029796123,0.0250519029796123,,,9.0,1.4245014190673828,1.002076119184494,3.145243126275593e-13,0.0,0.4010630840202793,159.57589354387926
darcy,524,524,1,64,loss2,"MSE(model(a_adv), solver(a_clean).detach())",1,0,2.1034132657860027e-08,4.1438499920332106e-07,3.93350866545461e-07,18.70059835333756,2.1034130881503188e-08,2.329741910500616e-08,2.2632882235029683e-09,2.152032596569597e-08,0.0250519029796123,0.0250519029796123,0.0250519029796123,0.0250519029796123,,,9.0,1.4245014190673828,1.002076119184494,3.220968684911757e-13,0.0,0.429287839011522,149.0841206854738
darcy,525,525,1,64,loss2,"MSE(model(a_adv), solver(a_clean).detach())",1,0,2.8477669999915637e-08,4.321342714774801e-07,4.036566014775645e-07,14.174495367028282,2.8477668223558797e-08,1.6852677475753808e-08,-1.1624990747804986e-08,1.7167322674538354e-08,0.0250519029796123,0.0250519029796123,0.0250519029796123,0.0250519029796123,,,9.0,1.4245014190673828,1.002076119184494,4.652126123563806e-13,0.0,0.4005743509915191,159.77058900946702
darcy,526,526,1,64,loss2,"MSE(model(a_adv), solver(a_clean).detach())",1,0,1.859268294879257e-08,4.015028025605716e-07,3.82910119611779e-07,20.594667303604272,1.859268294879257e-08,1.4118410440744356e-08,-4.474272508048216e-09,1.3874700055538371e-08,0.0250519029796123,0.0250519029796123,0.0250519029796123,0.0250519029796123,,,9.0,1.4245014190673828,1.002076119184494,3.0267428103789023e-13,0.0,0.4390956510032993,145.754119526725
darcy,527,527,1,64,loss2,"MSE(model(a_adv), solver(a_clean).detach())",1,0,2.0909215692199723e-08,4.154931332323031e-07,3.945839175401034e-07,18.87129213016367,2.0909213915842884e-08,2.2720511694274137e-08,1.811297778431253e-09,2.1498591351587493e-08,0.0250519029796123,0.0250519029796123,0.0250519029796123,0.0250519029796123,,,9.0,1.4245014190673828,1.002076119184494,3.171009190904711e-13,0.0,0.4010632089921273,159.57584381981118
darcy,528,528,1,64,loss2,"MSE(model(a_adv), solver(a_clean).detach())",1,0,2.5416893478791284e-08,4.308994903112762e-07,4.054825968324849e-07,15.953271282772356,2.541689170243444e-08,1.4728900765703656e-08,-1.0687990936730785e-08,1.7798670981505893e-08,0.0250519029796123,0.0250519029796123,0.0250519029796123,0.0250519029796123,,,9.0,1.4245014190673828,1.002076119184494,4.1854413272875146e-13,0.0,0.4009956819936633,159.6027161235401
darcy,529,529,1,64,loss2,"MSE(model(a_adv), solver(a_clean).detach())",1,0,1.953690542677577e-08,3.98232714360347e-07,3.7869580893357124e-07,19.38361274015075,1.9536903650418932e-08,1.3161176148912546e-08,-6.3757275015063905e-09,1.4373569001691068e-08,0.0250519029796123,0.0250519029796123,0.0250519029796123,0.0250519029796123,,,9.0,1.4245014190673828,1.002076119184494,3.2019420209868093e-13,0.0,0.4059915739926509,157.6387395694042
darcy,530,530,1,64,loss2,"MSE(model(a_adv), solver(a_clean).detach())",1,0,1.9374244430991894e-08,4.257873627011577e-07,4.064131182701658e-07,20.97697898453524,1.9374244430991894e-08,2.3081966560312143e-08,3.707722129320245e-09,2.1491063151302118e-08,0.0250519029796123,0.0250519029796123,0.0250519029796123,0.0250519029796123,,,9.0,1.4245014190673828,1.002076119184494,3.0629844363985753e-13,0.0,0.4006969470065087,159.72170608766933
darcy,531,531,1,64,loss2,"MSE(model(a_adv), solver(a_clean).detach())",1,0,2.7596776419613892e-08,4.3671721527971386e-07,4.091204388601e-07,14.824935805521305,2.7596774643257053e-08,1.6280980119631753e-08,-1.13157945236253e-08,1.5610759351858405e-08,0.0250519029796123,0.0250519029796123,0.0250519029796123,0.0250519029796123,,,9.0,1.4245014190673828,1.002076119184494,4.682181834088361e-13,0.0,0.4012831900035962,159.4883653098612
darcy,532,532,1,64,loss2,"MSE(model(a_adv), solver(a_clean).detach())",1,0,1.9797864680981547e-08,4.042885848321021e-07,3.844907201511205e-07,19.42081766628471,1.9797862904624708e-08,1.5998082858459384e-08,-3.799780046165324e-09,1.47251246751523e-08,0.0250519029796123,0.0250519029796123,0.0250519029796123,0.0250519029796123,,,9.0,1.4245014190673828,1.002076119184494,2.948514371027555e-13,0.0,0.4007718230132013,159.69186535823866
darcy,533,533,1,64,loss2,"MSE(model(a_adv), solver(a_clean).detach())",1,0,2.1207887002105963e-08,4.112577585146937e-07,3.900498715125877e-07,18.39173659657161,2.1207887002105963e-08,2.27148877485206e-08,1.5070007464146327e-09,2.2409611943885466e-08,0.0250519029796123,0.0250519029796123,0.0250519029796123,0.0250519029796123,,,9.0,1.4245014190673828,1.002076119184494,3.2333624709959823e-13,0.0,0.4245904840063303,150.73347710507286
darcy,534,534,1,64,loss2,"MSE(model(a_adv), solver(a_clean).detach())",1,0,2.5794724578531717e-08,4.317453488056344e-07,4.059506242271027e-07,15.737738272459206,2.5794722802174878e-08,1.4857539198942504e-08,-1.0937183603232372e-08,1.7568331678319282e-08,0.0250519029796123,0.0250519029796123,0.0250519029796123,0.0250519029796123,,,9.0,1.4245014190673828,1.002076119184494,4.2797709820519003e-13,0.0,0.3999155860219616,160.0337727184391
darcy,535,535,1,64,loss2,"MSE(model(a_adv), solver(a_clean).detach())",1,0,1.978917651968004e-08,3.972605782109895e-07,3.774714016913095e-07,19.0746391754058,1.97891747433232e-08,1.4509057955081062e-08,-5.2801167882421404e-09,1.6533023394771362e-08,0.0250519029796123,0.0250519029796123,0.0250519029796123,0.0250519029796123,,,9.0,1.4245014190673828,1.002076119184494,3.1132006152699565e-13,0.0,0.4323158210027031,148.03992102708594
darcy,536,536,1,64,loss2,"MSE(model(a_adv), solver(a_clean).detach())",1,0,1.9085124591811112e-08,4.4255568809603574e-07,4.234705635042247e-07,22.18851448766145,1.9085122815454273e-08,2.4219461991492608e-08,5.134339176038338e-09,2.271204024850704e-08,0.0250519029796123,0.0250519029796123,0.0250519029796123,0.0250519029796123,,,9.0,1.4245014190673828,1.002076119184494,3.013548069939753e-13,0.0,0.4200141649926081,152.37581332792988
darcy,537,537,1,64,loss2,"MSE(model(a_adv), solver(a_clean).detach())",1,0,3.2226566304416344e-08,4.446988270956354e-07,4.12472260791219e-07,12.799137732979442,3.2226566304416344e-08,1.7998852186451586e-08,-1.4227714117964751e-08,1.7210687985880213e-08,0.0250519029796123,0.0250519029796123,0.0250519029796123,0.0250519029796123,,,9.0,1.4245014190673828,1.002076119184494,5.083188102210369e-13,0.0,0.4298274350003339,148.89696373138742
darcy,538,538,1,64,loss2,"MSE(model(a_adv), solver(a_clean).detach())",1,0,2.065284476771012e-08,3.827045134130458e-07,3.620516686453357e-07,17.530353455781,2.065284476771012e-08,1.5390567043027662e-08,-5.2622777246824626e-09,1.4078333165912228e-08,0.0250519029796123,0.0250519029796123,0.0250519029796123,0.0250519029796123,,,9.0,1.4245014190673828,1.002076119184494,3.115889436657721e-13,0.0,0.401219747000141,159.51358445968387
darcy,539,539,1,64,loss2,"MSE(model(a_adv), solver(a_clean).detach())",1,0,2.0275571444017263e-08,4.264258564035117e-07,4.061502849594945e-07,20.03150865961599,2.027556789130358e-08,2.1136035144309065e-08,8.604672530054812e-10,2.3719989528103724e-08,0.0250519029796123,0.0250519029796123,0.0250519029796123,0.0250519029796123,,,9.0,1.4245014190673828,1.002076119184494,3.081021494790587e-13,0.0,0.4006748200044967,159.7305266132814
darcy,540,540,1,64,loss2,"MSE(model(a_adv), solver(a_clean).detach())",1,0,2.0991080873500323e-08,4.19036098264769e-07,3.980450173912687e-07,18.962578429859267,2.0991079097143484e-08,1.2827819695360176e-08,-8.163259401783307e-09,1.890620993094672e-08,0.0250519029796123,0.0250519029796123,0.0250519029796123,0.0250519029796123,,,9.0,1.4245014190673828,1.002076119184494,3.639892749186802e-13,0.0,0.4291004709957633,149.14921871673243
darcy,541,541,1,64,loss2,"MSE(model(a_adv), solver(a_clean).detach())",1,0,2.1244307646384183e-08,3.97204019009223e-07,3.759597113628388e-07,17.69696229318293,2.1244309422741026e-08,1.3338686599695393e-08,-7.905622823045633e-09,1.4163066275330038e-08,0.0250519029796123,0.0250519029796123,0.0250519029796123,0.0250519029796123,,,9.0,1.4245014190673828,1.002076119184494,3.515778163390437e-13,0.0,0.4293894800066482,149.04883090989813
darcy,542,542,1,64,loss2,"MSE(model(a_adv), solver(a_clean).detach())",1,0,1.9351610092144256e-08,4.136908557939023e-07,3.943392457017581e-07,20.37759358648091,1.9351610092144256e-08,2.218429173694858e-08,2.8326816448043246e-09,2.123686115851342e-08,0.0250519029796123,0.0250519029796123,0.0250519029796123,0.0250519029796123,,,9.0,1.4245014190673828,1.002076119184494,3.170058074548898e-13,0.0,0.4290805209893733,149.15615337752664
darcy,543,543,1,64,loss2,"MSE(model(a_adv), solver(a_clean).detach())",1,0,2.6285761123290285e-08,4.436017491116218e-07,4.1731598798833147e-07,15.876123427849766,2.628575934693345e-08,1.4629377709240998e-08,-1.1656381637692448e-08,1.4122562674856454e-08,0.0250519029796123,0.0250519029796123,0.0250519029796123,0.0250519029796123,,,9.0,1.4245014190673828,1.002076119184494,4.3081475344618203e-13,0.0,0.400390423979843,159.8439826903102
darcy,544,544,1,64,loss2,"MSE(model(a_adv), solver(a_clean).detach())",1,0,1.9339692514108723e-08,4.036814971186687e-07,3.843418046045599e-07,19.873211754746062,1.9339692514108723e-08,1.5286849119888757e-08,-4.0528433942199635e-09,1.4141525284117053e-08,0.0250519029796123,0.0250519029796123,0.0250519029796123,0.0250519029796123,,,9.0,1.4245014190673828,1.002076119184494,2.9672515529724497e-13,0.0,0.4262267279846128,150.15482558454303
darcy,545,545,1,64,loss2,"MSE(model(a_adv), solver(a_clean).detach())",1,0,1.948219541247909e-08,4.0903168496697617e-07,3.895494895544971e-07,19.99515359059461,1.948219541247909e-08,1.975661056974332e-08,2.744151572642295e-10,1.9653142224740353e-08,0.0250519029796123,0.0250519029796123,0.0250519029796123,0.0250519029796123,,,9.0,1.4245014190673828,1.002076119184494,3.1440177067701414e-13,0.0,0.4306479570223018,148.613267418068
darcy,546,546,1,64,loss2,"MSE(model(a_adv), solver(a_clean).detach())",1,0,2.5656598623413632e-08,4.328470026848663e-07,4.071904040614527e-07,15.870786694611184,2.5656598623413632e-08,1.4132805148392436e-08,-1.1523793475021192e-08,1.612912159387747e-08,0.0250519029796123,0.0250519029796123,0.0250519029796123,0.0250519029796123,,,9.0,1.4245014190673828,1.002076119184494,4.217863309053521e-13,0.0,0.417249552992871,153.38542495956486
darcy,547,547,1,64,loss2,"MSE(model(a_adv), solver(a_clean).detach())",1,0,1.962118290066428e-08,3.928304010969441e-07,3.732092181962799e-07,19.02072979420852,1.962118112430744e-08,1.3534511289492457e-08,-6.086669834814984e-09,1.3214310090603476e-08,0.0250519029796123,0.0250519029796123,0.0250519029796123,0.0250519029796123,,,9.0,1.4245014190673828,1.002076119184494,3.14076293184834e-13,0.0,0.4299707669997588,148.84732849765086
darcy,548,548,1,64,loss2,"MSE(model(a_adv), solver(a_clean).detach())",1,0,1.8947279301073653e-08,4.161180982009682e-07,3.971708188998946e-07,20.961891815116108,1.894727574835997e-08,1.960512996390662e-08,6.578542155466494e-10,1.9231245040884918e-08,0.0250519029796123,0.0250519029796123,0.0250519029796123,0.0250519029796123,,,9.0,1.4245014190673828,1.002076119184494,3.060170931760975e-13,0.0,0.4214178910187911,151.86825562929465
darcy,549,549,1,64,loss2,"MSE(model(a_adv), solver(a_clean).detach())",1,0,2.2644217168021896e-08,4.249361040820077e-07,4.022918869139858e-07,17.765767035749036,2.2644217168021896e-08,1.2920205350042124e-08,-9.724011817979772e-09,1.394383097874652e-08,0.0250519029796123,0.0250519029796123,0.0250519029796123,0.0250519029796123,,,9.0,1.4245014190673828,1.002076119184494,3.880163334732401e-13,0.0,0.4004042840097099,159.83844967664726
darcy,550,550,1,64,loss2,"MSE(model(a_adv), solver(a_clean).detach())",1,0,1.9462389033719774e-08,3.943131900996377e-07,3.7485080106591805e-07,19.26026657963039,1.9462389033719774e-08,1.3106912888360966e-08,-6.355476145358807e-09,1.245594782872672e-08,0.0250519029796123,0.0250519029796123,0.0250519029796123,0.0250519029796123,,,9.0,1.4245014190673828,1.002076119184494,3.105298678786339e-13,0.0,0.4009014560142532,159.6402283900027
darcy,551,551,1,64,loss2,"MSE(model(a_adv), solver(a_clean).detach())",1,0,1.941773319913409e-08,4.174335117568262e-07,3.980157785576921e-07,20.49754080334367,1.941773142277725e-08,1.9843666265728643e-08,4.2593484295139206e-10,1.9022698083404063e-08,0.0250519029796123,0.0250519029796123,0.0250519029796123,0.0250519029796123,,,9.0,1.4245014190673828,1.002076119184494,3.137970569153104e-13,0.0,0.4010309629957191,159.58867495396652
darcy,552,552,1,64,loss2,"MSE(model(a_adv), solver(a_clean).detach())",1,0,2.5674847137224788e-08,4.423126256369869e-07,4.1663777849976213e-07,16.22746870791289,2.5674848913581627e-08,1.4612998811003308e-08,-1.106185010257832e-08,1.4180588703283092e-08,0.0250519029796123,0.0250519029796123,0.0250519029796123,0.0250519029796123,,,9.0,1.4245014190673828,1.002076119184494,4.3282445769815547e-13,0.0,0.4009353820001706,159.6267200981847
darcy,553,553,1,64,loss2,"MSE(model(a_adv), solver(a_clean).detach())",1,0,1.941801386351472e-08,4.023610813419509e-07,3.829430674784362e-07,19.721021427323382,1.941801386351472e-08,1.4979081086607948e-08,-4.438932776906768e-09,1.4000054893159586e-08,0.0250519029796123,0.0250519029796123,0.0250519029796123,0.0250519029796123,,,9.0,1.4245014190673828,1.002076119184494,3.003529770815444e-13,0.0,0.4382936440233607,146.02082615779128
darcy,554,554,1,64,loss2,"MSE(model(a_adv), solver(a_clean).detach())",1,0,1.9348370017269193e-08,4.1182977383869e-07,3.9248140382142083e-07,20.28498542622017,1.9348371793626032e-08,1.8287428460439518e-08,-1.0609433331865148e-09,1.9675079343528523e-08,0.0250519029796123,0.0250519029796123,0.0250519029796123,0.0250519029796123,,,9.0,1.4245014190673828,1.002076119184494,3.1450973010833943e-13,0.0,0.4323410109791439,148.0312956086587
darcy,555,555,1,64,loss2,"MSE(model(a_adv), solver(a_clean).detach())",1,0,2.020071221409125e-08,4.066833980687079e-07,3.8648268585461675e-07,19.13213166736868,2.020071221409125e-08,1.1850972647664548e-08,-8.349739566426706e-09,1.522739401238482e-08,0.0250519029796123,0.0250519029796123,0.0250519029796123,0.0250519029796123,,,9.0,1.4245014190673828,1.002076119184494,3.4555886797849045e-13,0.0,0.4015295630088076,159.39050544728173
darcy,556,556,1,64,loss2,"MSE(model(a_adv), solver(a_clean).detach())",1,0,2.000613008590335e-08,4.034386904550047e-07,3.8343256036910134e-07,19.16575363264654,2.000612830954651e-08,1.2334916199563397e-08,-7.671212109983117e-09,1.3857240688253114e-08,0.0250519029796123,0.0250519029796123,0.0250519029796123,0.0250519029796123,,,9.0,1.4245014190673828,1.002076119184494,3.3951246219791897e-13,0.0,0.4491064150060992,142.50520113174252
darcy,557,557,1,64,loss2,"MSE(model(a_adv), solver(a_clean).detach())",1,0,1.7134039964616932e-08,4.322069457884936e-07,4.150729058238767e-07,24.225045971705047,1.7134038188260092e-08,2.0100012321222493e-08,2.965974132962401e-09,1.907772695375343e-08,0.0250519029796123,0.0250519029796123,0.0250519029796123,0.0250519029796123,,,9.0,1.4245014190673828,1.002076119184494,2.933084547809828e-13,0.0,0.401219316991046,159.51375541927928
darcy,558,558,1,64,loss2,"MSE(model(a_adv), solver(a_clean).detach())",1,0,2.7087242671086642e-08,4.4024011458532186e-07,4.131528719142352e-07,15.252673626881972,2.7087242671086642e-08,1.4685743288112008e-08,-1.2401499382974634e-08,1.3908305174226145e-08,0.0250519029796123,0.0250519029796123,0.0250519029796123,0.0250519029796123,,,9.0,1.4245014190673828,1.002076119184494,4.409393314884491e-13,0.0,0.40107755898498,159.57013441980368
darcy,559,559,1,64,loss2,"MSE(model(a_adv), solver(a_clean).detach())",1,0,1.928318482669056e-08,3.960121830459684e-07,3.7672899821927786e-07,19.53665857612035,1.9283183050333722e-08,1.4531153169627942e-08,-4.752029880705777e-09,1.4039099660578812e-08,0.0250519029796123,0.0250519029796123,0.0250519029796123,0.0250519029796123,,,9.0,1.4245014190673828,1.002076119184494,3.0104038836395453e-13,0.0,0.4009198140120134,159.63291851193534
darcy,560,560,1,64,loss2,"MSE(model(a_adv), solver(a_clean).detach())",1,0,2.051210046261076e-08,4.116122909181286e-07,3.911001904555178e-07,19.06680357618232,2.051210046261076e-08,1.6575505412674832e-08,-3.9365950499359315e-09,1.6427728510848283e-08,0.0250519029796123,0.0250519029796123,0.0250519029796123,0.0250519029796123,,,9.0,1.4245014190673828,1.002076119184494,3.29458140456429e-13,0.0,0.401776840997627,159.29240680245678
darcy,561,561,1,64,loss2,"MSE(model(a_adv), solver(a_clean).detach())",1,0,2.4514225316352167e-08,4.371793522750522e-07,4.126651269587001e-07,16.83370049974341,2.4514223539995328e-08,1.3816488397822012e-08,-1.0697735142173316e-08,1.4738640086164878e-08,0.0250519029796123,0.0250519029796123,0.0250519029796123,0.0250519029796123,,,9.0,1.4245014190673828,1.002076119184494,4.1359049431782813e-13,0.0,0.4528226800030097,141.33567691347665
darcy,562,562,1,64,loss2,"MSE(model(a_adv), solver(a_clean).detach())",1,0,1.9073837620453563e-08,3.9536644180770963e-07,3.762926041872561e-07,19.72820633555903,1.907383584409672e-08,1.320224018996896e-08,-5.871595654127759e-09,1.5464589608882306e-08,0.0250519029796123,0.0250519029796123,0.0250519029796123,0.0250519029796123,,,9.0,1.4245014190673828,1.002076119184494,3.099716121800211e-13,0.0,0.4290090469876304,149.18100317321586
darcy,563,563,1,64,loss2,"MSE(model(a_adv), solver(a_clean).detach())",1,0,1.7525056961176233e-08,4.323632367686514e-07,4.148381798074752e-07,23.671145875672657,1.7525055184819394e-08,2.0609892459333423e-08,3.084837274514029e-09,1.9523062277926332e-08,0.0250519029796123,0.0250519029796123,0.0250519029796123,0.0250519029796123,,,9.0,1.4245014190673828,1.002076119184494,2.954477754026769e-13,0.0,0.4002081349899526,159.91678930166358
darcy,564,564,1,64,loss2,"MSE(model(a_adv), solver(a_clean).detach())",1,0,2.997953174599388e-08,4.53983517445522e-07,4.2400398569952813e-07,14.143115686127658,2.997953529870756e-08,1.6837583771689424e-08,-1.3141951527018136e-08,1.5443617940036347e-08,0.0250519029796123,0.0250519029796123,0.0250519029796123,0.0250519029796123,,,9.0,1.4245014190673828,1.002076119184494,4.883088833458615e-13,0.0,0.4290122440143022,149.17989146684212
darcy,565,565,1,64,loss2,"MSE(model(a_adv), solver(a_clean).detach())",1,0,1.962048301606956e-08,4.020184007913485e-07,3.82397917775279e-07,19.48973006740393,1.962048301606956e-08,1.5817491316738597e-08,-3.802991699330961e-09,1.4809614423683117e-08,0.0250519029796123,0.0250519029796123,0.0250519029796123,0.0250519029796123,,,9.0,1.4245014190673828,1.002076119184494,2.959532033504353e-13,0.0,0.4277965689834673,149.60381788960387
darcy,566,566,1,64,loss2,"MSE(model(a_adv), solver(a_clean).detach())",1,0,1.8168567095244725e-08,4.3109801595164754e-07,4.129294488564028e-07,22.72768384494555,1.816856531888789e-08,2.0367359354622753e-08,2.1987940357348634e-09,2.001063403866965e-08,0.0250519029796123,0.0250519029796123,0.0250519029796123,0.0250519029796123,,,9.0,1.4245014190673828,1.002076119184494,3.0211789558802493e-13,0.0,0.4122308130026795,155.2528291949491
darcy,567,567,1,64,loss2,"MSE(model(a_adv), solver(a_clean).detach())",1,0,2.6149388432372692e-08,4.404325295581657e-07,4.14283141125793e-07,15.842938055595766,2.6149386656015853e-08,1.423766793351433e-08,-1.191171872250152e-08,1.5691409505080856e-08,0.0250519029796123,0.0250519029796123,0.0250519029796123,0.0250519029796123,,,9.0,1.4245014190673828,1.002076119184494,4.281867558002944e-13,0.0,0.4010341920075007,159.58738999193113
darcy,568,568,1,64,loss2,"MSE(model(a_adv), solver(a_clean).detach())",1,0,1.9996122091470173e-08,3.855025454413408e-07,3.655064233498706e-07,18.27886535588749,1.9996122091470173e-08,1.3529899867137374e-08,-6.466222224332796e-09,1.4152918392795756e-08,0.0250519029796123,0.0250519029796123,0.0250519029796123,0.0250519029796123,,,9.0,1.4245014190673828,1.002076119184494,3.2298716110511216e-13,0.0,0.4001808780012652,159.92768150155754
darcy,569,569,1,64,loss2,"MSE(model(a_adv), solver(a_clean).detach())",1,0,1.735769217248162e-08,4.308417373977136e-07,4.13484045225232e-07,23.821372168401368,1.7357693948838463e-08,2.0653180499152768e-08,3.2954865503143083e-09,1.979197161716684e-08,0.0250519029796123,0.0250519029796123,0.0250519029796123,0.0250519029796123,,,9.0,1.4245014190673828,1.002076119184494,2.9198591786593064e-13,0.0,0.4006694619893096,159.73266263478698
darcy,570,570,1,64,loss2,"MSE(model(a_adv), solver(a_clean).detach())",1,0,3.3959945966444145e-08,4.5758719124933123e-07,4.236272452828871e-07,12.47432035673654,3.3959942413730466e-08,1.8687986269583238e-08,-1.5271956144147225e-08,1.6313275175150466e-08,0.0250519029796123,0.0250519029796123,0.0250519029796123,0.0250519029796123,,,9.0,1.4245014190673828,1.002076119184494,5.160013041849433e-13,0.0,0.417567901982693,153.26848566691942
darcy,571,571,1,64,loss2,"MSE(model(a_adv), solver(a_clean).detach())",1,0,2.0897587660329012e-08,4.040587953113573e-07,3.831612076510282e-07,18.33518843796518,2.089758410761533e-08,1.7231919002824725e-08,-3.6656651047906044e-09,1.6406343839037163e-08,0.0250519029796123,0.0250519029796123,0.0250519029796123,0.0250519029796123,,,9.0,1.4245014190673828,1.002076119184494,3.0339381180966024e-13,0.0,0.4266014360182453,150.0229361564146
darcy,572,572,1,64,loss2,"MSE(model(a_adv), solver(a_clean).detach())",1,0,2.2464679005906877e-08,4.132011497404165e-07,3.907364707345096e-07,17.393369859937422,2.2464675453193198e-08,1.7853128753131386e-08,-4.611546700061808e-09,2.503364449069068e-08,0.0250519029796123,0.0250519029796123,0.0250519029796123,0.0250519029796123,,,9.0,1.4245014190673828,1.002076119184494,3.461471018671725e-13,0.0,0.4007269240100868,159.70975785592344
darcy,573,573,1,64,loss2,"MSE(model(a_adv), solver(a_clean).detach())",1,0,1.7705247046251316e-08,4.130457682549604e-07,3.953405212087091e-07,22.32900338391005,1.7705245269894476e-08,1.3288250499954302e-08,-4.4169947699401754e-09,2.1743443046062797e-08,0.0250519029796123,0.0250519029796123,0.0250519029796123,0.0250519029796123,,,9.0,1.4245014190673828,1.002076119184494,2.978969881103216e-13,0.0,0.4249205990054179,150.61637432922845
darcy,574,574,1,64,loss2,"MSE(model(a_adv), solver(a_clean).detach())",1,0,2.3399985948913127e-08,4.255033445588197e-07,4.021033586099066e-07,17.183914532588993,2.3399985948913127e-08,1.3410245358613793e-08,-9.989740590299334e-09,1.9292363262479743e-08,0.0250519029796123,0.0250519029796123,0.0250519029796123,0.0250519029796123,,,9.0,1.4245014190673828,1.002076119184494,3.949111816638901e-13,0.0,0.4013828499882947,159.44876569057791
darcy,575,575,1,64,loss2,"MSE(model(a_adv), solver(a_clean).detach())",1,0,1.7752935121961855e-08,4.344663011579542e-07,4.167133660359923e-07,23.47292789463773,1.7752933345605015e-08,2.3476365740293662e-08,5.723432394688643e-09,2.5126534630715014e-08,0.0250519029796123,0.0250519029796123,0.0250519029796123,0.0250519029796123,,,9.0,1.4245014190673828,1.002076119184494,3.012126409841082e-13,0.0,0.4568929770030081,140.0765676456844
darcy,576,576,1,64,loss2,"MSE(model(a_adv), solver(a_clean).detach())",1,0,3.272630522133113e-08,4.657824206333317e-07,4.330561154120005e-07,13.23266138609906,3.272630166861745e-08,1.7384223838234902e-08,-1.534207783038255e-08,1.7631206716828274e-08,0.0250519029796123,0.0250519029796123,0.0250519029796123,0.0250519029796123,,,9.0,1.4245014190673828,1.002076119184494,5.001424079574546e-13,0.0,0.4288998889969662,149.2189707711785
darcy,577,577,1,64,loss2,"MSE(model(a_adv), solver(a_clean).detach())",1,0,2.0722723093058448e-08,3.843012450488459e-07,3.635785219557874e-07,17.544920149880127,2.0722723093058448e-08,1.4904179224117797e-08,-5.818543868940651e-09,1.7042498523522912e-08,0.0250519029796123,0.0250519029796123,0.0250519029796123,0.0250519029796123,,,9.0,1.4245014190673828,1.002076119184494,3.1535917540542746e-13,0.0,0.4183416000159923,152.98502467254852
darcy,578,578,1,64,loss2,"MSE(model(a_adv), solver(a_clean).detach())",1,0,2.0941349987424477e-08,4.082687610207359e-07,3.873274110333114e-07,18.49581862038054,2.0941351763781316e-08,1.6189089180329574e-08,-4.752262583451738e-09,2.516753561110363e-08,0.0250519029796123,0.0250519029796123,0.0250519029796123,0.0250519029796123,,,9.0,1.4245014190673828,1.002076119184494,3.3435079249515e-13,0.0,0.401235440018354,159.50734560504526
darcy,579,579,1,64,loss2,"MSE(model(a_adv), solver(a_clean).detach())",1,0,1.8083669672819272e-08,4.1552908669473254e-07,3.974454170219133e-07,21.97813962612329,1.8083669672819272e-08,1.3108030216812951e-08,-4.975639456006321e-09,1.955098616335249e-08,0.0250519029796123,0.0250519029796123,0.0250519029796123,0.0250519029796123,,,9.0,1.4245014190673828,1.002076119184494,3.095330524012508e-13,0.0,0.4007635359885171,159.6951674810898
darcy,580,580,1,64,loss2,"MSE(model(a_adv), solver(a_clean).detach())",1,0,2.259379350277868e-08,4.185984607829596e-07,3.960046672801809e-07,17.52714378094491,2.259379172642184e-08,1.3096460804717937e-08,-9.497330921703906e-09,1.740267929761785e-08,0.0250519029796123,0.0250519029796123,0.0250519029796123,0.0250519029796123,,,9.0,1.4245014190673828,1.002076119184494,3.8389574180154605e-13,0.0,0.4409587899863254,145.13827925277258
darcy,581,581,1,64,loss2,"MSE(model(a_adv), solver(a_clean).detach())",1,0,1.7590870982076012e-08,4.339803467701131e-07,4.163894757880371e-07,23.67077083404862,1.7590867429362333e-08,2.0572626269199645e-08,2.9817588398373122e-09,2.1346724388138227e-08,0.0250519029796123,0.0250519029796123,0.0250519029796123,0.0250519029796123,,,9.0,1.4245014190673828,1.002076119184494,2.961867133933344e-13,0.0,0.4010415149969049,159.58447593759448
darcy,582,582,1,64,loss2,"MSE(model(a_adv), solver(a_clean).detach())",1,0,2.8317160172264263e-08,4.4811429233959643e-07,4.197971321673322e-07,14.82483164319951,2.8317160172264263e-08,1.5485236204426656e-08,-1.283192396783761e-08,1.5194765889958717e-08,0.0250519029796123,0.0250519029796123,0.0250519029796123,0.0250519029796123,,,9.0,1.4245014190673828,1.002076119184494,4.455110867891688e-13,0.0,0.4288676170108374,149.23019939363417
darcy,583,583,1,64,loss2,"MSE(model(a_adv), solver(a_clean).detach())",1,0,2.004795085497335e-08,3.899192506651161e-07,3.698712998101428e-07,18.449331928524145,2.004794907861651e-08,1.3765116158026558e-08,-6.282832920589953e-09,1.4572003159685211e-08,0.0250519029796123,0.0250519029796123,0.0250519029796123,0.0250519029796123,,,9.0,1.4245014190673828,1.002076119184494,3.193387394795355e-13,0.0,0.4228500110039022,151.3539040664927
darcy,584,584,1,64,loss2,"MSE(model(a_adv), solver(a_clean).detach())",1,0,1.9088593816718458e-08,4.108313476081094e-07,3.917427537913909e-07,20.522347405616063,1.9088592040361615e-08,1.576641572853532e-08,-3.322176311826297e-09,2.1244727754776704e-08,0.0250519029796123,0.0250519029796123,0.0250519029796123,0.0250519029796123,,,9.0,1.4245014190673828,1.002076119184494,3.2026489208032694e-13,0.0,0.4015575039957184,159.3794148114896
darcy,585,585,1,64,loss2,"MSE(model(a_adv), solver(a_clean).detach())",1,0,1.83192803149268e-08,4.0778294874144194e-07,3.8946366842651525e-07,21.25976903738816,1.83192803149268e-08,1.3154076050625464e-08,-5.165204264301337e-09,1.5457147561903642e-08,0.0250519029796123,0.0250519029796123,0.0250519029796123,0.0250519029796123,,,9.0,1.4245014190673828,1.002076119184494,3.1757357702756617e-13,0.0,0.4002871629782021,159.88521721213718
darcy,586,586,1,64,loss2,"MSE(model(a_adv), solver(a_clean).detach())",1,0,2.1588476784017985e-08,4.0868474115995923e-07,3.870962643759413e-07,17.930689054565896,2.1588475007661145e-08,1.2940019722407214e-08,-8.648455285253931e-09,1.320398990145577e-08,0.0250519029796123,0.0250519029796123,0.0250519029796123,0.0250519029796123,,,9.0,1.4245014190673828,1.002076119184494,3.651578009151308e-13,0.0,0.3998192049912177,160.07235070512883
darcy,587,587,1,64,loss2,"MSE(model(a_adv), solver(a_clean).detach())",1,0,1.7826211617943954e-08,4.254332850450737e-07,4.076070734271298e-07,22.86560275189544,1.7826209841587115e-08,1.5163770683557232e-08,-2.6624391580298834e-09,1.5121500940296073e-08,0.0250519029796123,0.0250519029796123,0.0250519029796123,0.0250519029796123,,,9.0,1.4245014190673828,1.002076119184494,3.026982690109564e-13,0.0,0.4207875750144012,152.095745692609
darcy,588,588,1,64,loss2,"MSE(model(a_adv), solver(a_clean).detach())",1,0,2.180326319489723e-08,4.1547392015672813e-07,3.936706569618309e-07,18.055584315193904,2.180326319489723e-08,1.2646648173131324e-08,-9.1566150217659e-09,1.2606728994057905e-08,0.0250519029796123,0.0250519029796123,0.0250519029796123,0.0250519029796123,,,9.0,1.4245014190673828,1.002076119184494,3.664842138529495e-13,0.0,0.4012609600031283,159.49720102225007
darcy,589,589,1,64,loss2,"MSE(model(a_adv), solver(a_clean).detach())",1,0,1.9922453020626566e-08,4.037867995521083e-07,3.838643465314817e-07,19.267925798798505,1.9922453020626566e-08,1.231434509918472e-08,-7.608107921441842e-09,1.184690923139442e-08,0.0250519029796123,0.0250519029796123,0.0250519029796123,0.0250519029796123,,,9.0,1.4245014190673828,1.002076119184494,3.335676461609094e-13,0.0,0.4143429329851642,154.46142531961937
darcy,590,590,1,64,loss2,"MSE(model(a_adv), solver(a_clean).detach())",1,0,1.7345151093195454e-08,4.372610646896647e-07,4.199159135964692e-07,24.20941226399597,1.7345149316838615e-08,1.673176619476635e-08,-6.133831220722641e-10,1.802552329621676e-08,0.0250519029796123,0.0250519029796123,0.0250519029796123,0.0250519029796123,,,9.0,1.4245014190673828,1.002076119184494,3.009894308618477e-13,0.0,0.4001946909993421,159.92216148640816
darcy,591,591,1,64,loss2,"MSE(model(a_adv), solver(a_clean).detach())",1,0,2.0278225321135324e-08,4.086959393134748e-07,3.884177139923395e-07,19.15442341926759,2.0278227097492163e-08,1.243663927397165e-08,-7.841587823520513e-09,1.3841501722566818e-08,0.0250519029796123,0.0250519029796123,0.0250519029796123,0.0250519029796123,,,9.0,1.4245014190673828,1.002076119184494,3.4558545803677065e-13,0.0,0.4287757249840069,149.26218130092872
darcy,592,592,1,64,loss2,"MSE(model(a_adv), solver(a_clean).detach())",1,0,2.1442520647951824e-08,4.0387490685134253e-07,3.824323862033907e-07,17.835234601484242,2.1442518871594984e-08,1.2530143145284e-08,-8.912375726310984e-09,1.2569371321546896e-08,0.0250519029796123,0.0250519029796123,0.0250519029796123,0.0250519029796123,,,9.0,1.4245014190673828,1.002076119184494,3.6480028524875363e-13,0.0,0.4158261060074437,153.9104906483537
darcy,593,593,1,64,loss2,"MSE(model(a_adv), solver(a_clean).detach())",1,0,1.7379512939896813e-08,4.297654072615842e-07,4.123858943216874e-07,23.728276836516216,1.7379511163539973e-08,1.62309561346774e-08,-1.1485550288625743e-09,1.6024265470093724e-08,0.0250519029796123,0.0250519029796123,0.0250519029796123,0.0250519029796123,,,9.0,1.4245014190673828,1.002076119184494,2.9674551119303343e-13,0.0,0.4285721429914702,149.3330843980538
darcy,594,594,1,64,loss2,"MSE(model(a_adv), solver(a_clean).detach())",1,0,2.703123769265403e-08,4.506380264501786e-07,4.236067887575246e-07,15.671009724894814,2.703123769265403e-08,1.4736217579525146e-08,-1.2295020113128885e-08,1.3852111013790136e-08,0.0250519029796123,0.0250519029796123,0.0250519029796123,0.0250519029796123,,,9.0,1.4245014190673828,1.002076119184494,4.2980606595501014e-13,0.0,0.432004633010365,148.14655934133108
darcy,595,595,1,64,loss2,"MSE(model(a_adv), solver(a_clean).detach())",1,0,1.958655815315069e-08,3.942697901493375e-07,3.746832319961868e-07,19.12961067822502,1.9586559929507533e-08,1.38842910502035e-08,-5.702268879304029e-09,1.4108049839478554e-08,0.0250519029796123,0.0250519029796123,0.0250519029796123,0.0250519029796123,,,9.0,1.4245014190673828,1.002076119184494,3.1016381412014853e-13,0.0,0.4168834230222273,153.52013648330566
darcy,596,596,1,64,loss2,"MSE(model(a_adv), solver(a_clean).detach())",1,0,2.0414322676742813e-08,4.0918973809311865e-07,3.887754154163759e-07,19.044247588938696,2.0414322676742813e-08,1.414134942478995e-08,-6.2729732519528625e-09,1.613152322832434e-08,0.0250519029796123,0.0250519029796123,0.0250519029796123,0.0250519029796123,,,9.0,1.4245014190673828,1.002076119184494,3.3657403036499445e-13,0.0,0.4027288439974654,158.915858533348
darcy,597,597,1,64,loss2,"MSE(model(a_adv), solver(a_clean).detach())",1,0,1.894834333882045e-08,4.130866955165402e-07,3.941383521777198e-07,20.80067608708716,1.894834333882045e-08,1.2502466617547725e-08,-6.445876721272725e-09,1.4642775880702176e-08,0.0250519029796123,0.0250519029796123,0.0250519029796123,0.0250519029796123,,,9.0,1.4245014190673828,1.002076119184494,3.232894637758555e-13,0.0,0.4154215310118161,154.06038258084317
darcy,598,598,1,64,loss2,"MSE(model(a_adv), solver(a_clean).detach())",1,0,2.280263267095961e-08,4.135659992243746e-07,3.907633665534149e-07,17.136765398631944,2.280263089460277e-08,1.3362263295846333e-08,-9.440367598756438e-09,1.3851324087710282e-08,0.0250519029796123,0.0250519029796123,0.0250519029796123,0.0250519029796123,,,9.0,1.4245014190673828,1.002076119184494,3.857663700198438e-13,0.0,0.4016320680093486,159.3498256182828
darcy,599,599,1,64,loss2,"MSE(model(a_adv), solver(a_clean).detach())",1,0,1.7199745627749508e-08,4.317082584748277e-07,4.145085128470783e-07,24.099688554598373,1.7199743851392668e-08,1.84571860017968e-08,1.257442150404131e-09,1.8094763909459743e-08,0.0250519029796123,0.0250519029796123,0.0250519029796123,0.0250519029796123,,,9.0,1.4245014190673828,1.002076119184494,2.970025213180211e-13,0.0,0.3996362430043518,160.1456352378507
darcy,600,600,1,64,loss2,"MSE(model(a_adv), solver(a_clean).detach())",1,0,2.89035675393734e-08,4.525608119365643e-07,4.236572443971909e-07,14.657610823303072,2.890356931573024e-08,1.5557025889734177e-08,-1.3346543425996062e-08,1.4454848873413084e-08,0.0250519029796123,0.0250519029796123,0.0250519029796123,0.0250519029796123,,,9.0,1.4245014190673828,1.002076119184494,4.418176707734339e-13,0.0,0.4004809299949556,159.8078590179216
darcy,601,601,1,64,loss2,"MSE(model(a_adv), solver(a_clean).detach())",1,0,2.004941990207953e-08,3.88346222734981e-07,3.6829680283290155e-07,18.369449322306902,2.0049418125722696e-08,1.3757897043831237e-08,-6.29152108189146e-09,1.4127544467612552e-08,0.0250519029796123,0.0250519029796123,0.0250519029796123,0.0250519029796123,,,9.0,1.4245014190673828,1.002076119184494,3.1477896461282184e-13,0.0,0.4011390330269933,159.54568050148671
darcy,602,602,1,64,loss2,"MSE(model(a_adv), solver(a_clean).detach())",1,0,1.9622827807097565e-08,4.081854285686859e-07,3.8856260076158833e-07,19.801559927109256,1.9622827807097565e-08,1.3342001281557714e-08,-6.280826525539851e-09,1.6227676091773446e-08,0.0250519029796123,0.0250519029796123,0.0250519029796123,0.0250519029796123,,,9.0,1.4245014190673828,1.002076119184494,3.308149381601317e-13,0.0,0.4010215009911917,159.59244040983663
darcy,603,603,1,64,loss2,"MSE(model(a_adv), solver(a_clean).detach())",1,0,1.8174318938690703e-08,4.176461345650751e-07,3.9947181562638434e-07,21.98001570094393,1.8174317162333864e-08,1.3711196622523404e-08,-4.463120539810461e-09,1.4904028677875658e-08,0.0250519029796123,0.0250519029796123,0.0250519029796123,0.0250519029796123,,,9.0,1.4245014190673828,1.002076119184494,3.119832137857964e-13,0.0,0.4005325399921275,159.78726722492488
darcy,604,604,1,64,loss2,"MSE(model(a_adv), solver(a_clean).detach())",1,0,2.3458772702156242e-08,4.216962565806171e-07,3.982374838784608e-07,16.976057909536603,2.345877447851308e-08,1.3711450641551437e-08,-9.74732383696164e-09,1.3091250750107974e-08,0.0250519029796123,0.0250519029796123,0.0250519029796123,0.0250519029796123,,,9.0,1.4245014190673828,1.002076119184494,4.009919024432207e-13,0.0,0.4014754820091184,159.4119762425403
darcy,605,605,1,64,loss2,"MSE(model(a_adv), solver(a_clean).detach())",1,0,1.746431621540978e-08,4.2038260517074377e-07,4.02918288955334e-07,23.07094557757811,1.746431621540978e-08,1.5328259550528855e-08,-2.136056664880925e-09,1.4953476235035623e-08,0.0250519029796123,0.0250519029796123,0.0250519029796123,0.0250519029796123,,,9.0,1.4245014190673828,1.002076119184494,2.988339827328379e-13,0.0,0.4001849539927207,159.9260525950812
darcy,606,606,1,64,loss2,"MSE(model(a_adv), solver(a_clean).detach())",1,0,2.3190938946981987e-08,4.30747462587533e-07,4.07556523640551e-07,17.573955266420526,2.3190938946981987e-08,1.2741802279947478e-08,-1.0449136667034509e-08,1.2967888096682144e-08,0.0250519029796123,0.0250519029796123,0.0250519029796123,0.0250519029796123,,,9.0,1.4245014190673828,1.002076119184494,3.858089791652225e-13,0.0,0.4309433930029627,148.51138464851695
darcy,607,607,1,64,loss2,"MSE(model(a_adv), solver(a_clean).detach())",1,0,2.026813028521701e-08,4.124748329559225e-07,3.9220670267070556e-07,19.35090692389962,2.0268128508860173e-08,1.2199678600666177e-08,-8.068449908193998e-09,1.1822103740399824e-08,0.0250519029796123,0.0250519029796123,0.0250519029796123,0.0250519029796123,,,9.0,1.4245014190673828,1.002076119184494,3.4512497026906175e-13,0.0,0.4164786149922292,153.66935467069328
darcy,608,608,1,64,loss2,"MSE(model(a_adv), solver(a_clean).detach())",1,0,1.7518381412173767e-08,4.3161850271644653e-07,4.141001213042728e-07,23.638035476069085,1.7518381412173767e-08,1.5591247404245223e-08,-1.9271340079285437e-09,1.5346286019735093e-08,0.0250519029796123,0.0250519029796123,0.0250519029796123,0.0250519029796123,,,9.0,1.4245014190673828,1.002076119184494,3.04373659523044e-13,0.0,0.4112067690002732,155.6394612753991
darcy,609,609,1,64,loss2,"MSE(model(a_adv), solver(a_clean).detach())",1,0,2.2837346236315174e-08,4.281390317828482e-07,4.05301685546533e-07,17.747319734638697,2.2837346236315174e-08,1.2675493543667926e-08,-1.0161852692647244e-08,1.3280740507326529e-08,0.0250519029796123,0.0250519029796123,0.0250519029796123,0.0250519029796123,,,9.0,1.4245014190673828,1.002076119184494,3.828388073136985e-13,0.0,0.4043418089859187,158.28192528620954
darcy,610,610,1,64,loss2,"MSE(model(a_adv), solver(a_clean).detach())",1,0,2.0938280442805993e-08,4.0472281170877977e-07,3.837845312659738e-07,18.32932424008272,2.0938280442805993e-08,1.2327222798091952e-08,-8.611057644714037e-09,1.2075830557733981e-08,0.0250519029796123,0.0250519029796123,0.0250519029796123,0.0250519029796123,,,9.0,1.4245014190673828,1.002076119184494,3.530045179778174e-13,0.0,0.4555627760128118,140.48557821194794
darcy,611,611,1,64,loss2,"MSE(model(a_adv), solver(a_clean).detach())",1,0,1.7379321093358158e-08,4.26478635517924e-07,4.090993144245658e-07,23.53943012082969,1.7379321093358158e-08,1.4075753895781418e-08,-3.3035671975767404e-09,1.38917615188916e-08,0.0250519029796123,0.0250519029796123,0.0250519029796123,0.0250519029796123,,,9.0,1.4245014190673828,1.002076119184494,2.997432488847929e-13,0.0,0.4041742839908693,158.3475310899439
darcy,612,612,1,64,loss2,"MSE(model(a_adv), solver(a_clean).detach())",1,0,2.2489672346637235e-08,4.2711445757959154e-07,4.046247852329543e-07,17.991582046923675,2.24896705702804e-08,1.2866054888149849e-08,-9.623615682130549e-09,1.2455968256830374e-08,0.0250519029796123,0.0250519029796123,0.0250519029796123,0.0250519029796123,,,9.0,1.4245014190673828,1.002076119184494,3.761539690838589e-13,0.0,0.4327108470024541,147.90477392316683
darcy,613,613,1,64,loss2,"MSE(model(a_adv), solver(a_clean).detach())",1,0,1.842248309458228e-08,4.061316758452449e-07,3.877091927506626e-07,21.04543620749371,1.842248309458228e-08,1.2101362578675891e-08,-6.321120515906386e-09,1.1976735159180409e-08,0.0250519029796123,0.0250519029796123,0.0250519029796123,0.0250519029796123,,,9.0,1.4245014190673828,1.002076119184494,3.1255973829101563e-13,0.0,0.4035698389925528,158.58469542660993
darcy,614,614,1,64,loss2,"MSE(model(a_adv), solver(a_clean).detach())",1,0,1.969552343439318e-08,4.1039956499844266e-07,3.907040415640495e-07,19.837200207727665,1.969552343439318e-08,1.2621288014713627e-08,-7.074235419679553e-09,1.3120951880551956e-08,0.0250519029796123,0.0250519029796123,0.0250519029796123,0.0250519029796123,,,9.0,1.4245014190673828,1.002076119184494,3.318417047225297e-13,0.0,0.4042817959852982,158.30542120755635
darcy,615,615,1,64,loss2,"MSE(model(a_adv), solver(a_clean).detach())",1,0,1.847148567435397e-08,4.073016839356569e-07,3.888301982613029e-07,21.050293685968064,1.847148567435397e-08,1.1848160674787778e-08,-6.623324999566193e-09,1.2618286415744253e-08,0.0250519029796123,0.0250519029796123,0.0250519029796123,0.0250519029796123,,,9.0,1.4245014190673828,1.002076119184494,3.205276755818831e-13,0.0,0.4038788769976236,158.46335038803372
darcy,616,616,1,64,loss2,"MSE(model(a_adv), solver(a_clean).detach())",1,0,2.0443984283247122e-08,4.1215696455765283e-07,3.917129802744057e-07,19.160305293102574,2.0443984283247122e-08,1.1773858332730924e-08,-8.670125950516194e-09,1.1938589228321916e-08,0.0250519029796123,0.0250519029796123,0.0250519029796123,0.0250519029796123,,,9.0,1.4245014190673828,1.002076119184494,3.53896382684904e-13,0.0,0.4040508210018743,158.39591623971262
darcy,617,617,1,64,loss2,"MSE(model(a_adv), solver(a_clean).detach())",1,0,1.739631194652702e-08,4.2960974155903386e-07,4.122134296125069e-07,23.69544940787295,1.739631194652702e-08,1.4541948978319397e-08,-2.854362968207624e-09,1.4354353261580854e-08,0.0250519029796123,0.0250519029796123,0.0250519029796123,0.0250519029796123,,,9.0,1.4245014190673828,1.002076119184494,3.024283026700076e-13,0.0,0.4449959789926652,143.82152428630127
darcy,618,618,1,64,loss2,"MSE(model(a_adv), solver(a_clean).detach())",1,0,2.2115036912850883e-08,4.244839715283888e-07,4.023689346155379e-07,18.194359620612904,2.2115036912850883e-08,1.2466133902933052e-08,-9.64890300991783e-09,1.2348233102699169e-08,0.0250519029796123,0.0250519029796123,0.0250519029796123,0.0250519029796123,,,9.0,1.4245014190673828,1.002076119184494,3.702797346082781e-13,0.0,0.4184864660201128,152.93206637875858
darcy,619,619,1,64,loss2,"MSE(model(a_adv), solver(a_clean).detach())",1,0,1.7980411826101772e-08,4.065084908688732e-07,3.885280790427714e-07,21.608408238945543,1.798041360245861e-08,1.2800105864130272e-08,-5.180307738328338e-09,1.2730513532233091e-08,0.0250519029796123,0.0250519029796123,0.0250519029796123,0.0250519029796123,,,9.0,1.4245014190673828,1.002076119184494,3.005528497520421e-13,0.0,0.403871241986053,158.46634606930027
darcy,620,620,1,64,loss2,"MSE(model(a_adv), solver(a_clean).detach())",1,0,1.998855125862065e-08,4.1040973997041874e-07,3.904211887117981e-07,19.53224041404289,1.998855125862065e-08,1.2926964387816042e-08,-7.0615868708046045e-09,1.4508722667727625e-08,0.0250519029796123,0.0250519029796123,0.0250519029796123,0.0250519029796123,,,9.0,1.4245014190673828,1.002076119184494,3.37388781192563e-13,0.0,0.4042480839998461,158.31862297713292
darcy,621,621,1,64,loss2,"MSE(model(a_adv), solver(a_clean).detach())",1,0,1.7924641326771962e-08,4.121412189306284e-07,3.942165776038564e-07,21.992996703095017,1.7924641326771962e-08,1.224222323514823e-08,-5.682418091623731e-09,1.4555991079134856e-08,0.0250519029796123,0.0250519029796123,0.0250519029796123,0.0250519029796123,,,9.0,1.4245014190673828,1.002076119184494,3.0879503598243985e-13,0.0,0.4384698559879325,145.9621434084659
darcy,622,622,1,64,loss2,"MSE(model(a_adv), solver(a_clean).detach())",1,0,2.2594125681507652e-08,4.326535076870641e-07,4.100593820055565e-07,18.148937816220656,2.2594127457864488e-08,1.2647277891630893e-08,-9.946849566233595e-09,1.4049697405482677e-08,0.0250519029796123,0.0250519029796123,0.0250519029796123,0.0250519029796123,,,9.0,1.4245014190673828,1.002076119184494,3.8207186980193653e-13,0.0,0.4042074830213096,158.33452543140066
darcy,623,623,1,64,loss2,"MSE(model(a_adv), solver(a_clean).detach())",1,0,1.6929654123032378e-08,4.387547392070701e-07,4.218250850840377e-07,24.91634395000161,1.6929654123032378e-08,1.5736485892148266e-08,-1.1931682308841116e-09,1.5288075694286363e-08,0.0250519029796123,0.0250519029796123,0.0250519029796123,0.0250519029796123,,,9.0,1.4245014190673828,1.002076119184494,2.903744681769655e-13,0.0,0.404332150996197,158.28570605210655
darcy,624,624,1,64,loss2,"MSE(model(a_adv), solver(a_clean).detach())",1,0,2.2131773746991712e-08,4.229973455949221e-07,4.008655718479304e-07,18.112672595996447,2.2131771970634876e-08,1.2312462160934956e-08,-9.819309809699917e-09,1.2481321753909924e-08,0.0250519029796123,0.0250519029796123,0.0250519029796123,0.0250519029796123,,,9.0,1.4245014190673828,1.002076119184494,3.769476863892812e-13,0.0,0.4044026350020431,158.258118173925
darcy,625,625,1,64,loss2,"MSE(model(a_adv), solver(a_clean).detach())",1,0,1.7705364285802716e-08,4.159982154305908e-07,3.982928511447881e-07,22.49560329375231,1.7705364285802716e-08,1.3659877673433131e-08,-4.045486612369586e-09,1.3520562003321857e-08,0.0250519029796123,0.0250519029796123,0.0250519029796123,0.0250519029796123,,,9.0,1.4245014190673828,1.002076119184494,3.030005716816997e-13,0.0,0.4033629010082222,158.66605441410044
darcy,626,626,1,64,loss2,"MSE(model(a_adv), solver(a_clean).detach())",1,0,1.7868595492132044e-08,4.171763237081905e-07,3.993077282160584e-07,22.346900649907425,1.7868595492132044e-08,1.2659437942375009e-08,-5.2091575497570375e-09,1.3029013867793536e-08,0.0250519029796123,0.0250519029796123,0.0250519029796123,0.0250519029796123,,,9.0,1.4245014190673828,1.002076119184494,3.0819230088970084e-13,0.0,0.4039634889923036,158.43015951676597
darcy,627,627,1,64,loss2,"MSE(model(a_adv), solver(a_clean).detach())",1,0,1.8300953641414708e-08,4.1705692410687334e-07,3.987559704654586e-07,21.788808292649925,1.8300953641414708e-08,1.1920354481276265e-08,-6.380599160138445e-09,1.2558359241410244e-08,0.0250519029796123,0.0250519029796123,0.0250519029796123,0.0250519029796123,,,9.0,1.4245014190673828,1.002076119184494,3.174442046033344e-13,0.0,0.4445042769948486,143.9806168630897
darcy,628,628,1,64,loss2,"MSE(model(a_adv), solver(a_clean).detach())",1,0,1.9648926041782037e-08,4.062605967192212e-07,3.866116706774392e-07,19.67596955962566,1.9648926041782037e-08,1.1599984084398331e-08,-8.048941957383704e-09,1.1866869709109553e-08,0.0250519029796123,0.0250519029796123,0.0250519029796123,0.0250519029796123,,,9.0,1.4245014190673828,1.002076119184494,3.3849480293376977e-13,0.0,0.4002187620208133,159.9125430223376
darcy,629,629,1,64,loss2,"MSE(model(a_adv), solver(a_clean).detach())",1,0,1.7791158768432073e-08,4.214441560179694e-07,4.036529972495373e-07,22.688403970952315,1.779115699207523e-08,1.3094622275389156e-08,-4.696534716686074e-09,1.3588511205142597e-08,0.0250519029796123,0.0250519029796123,0.0250519029796123,0.0250519029796123,,,9.0,1.4245014190673828,1.002076119184494,3.073109800487417e-13,0.0,0.4008363030152395,159.66617673740686
darcy,630,630,1,64,loss2,"MSE(model(a_adv), solver(a_clean).detach())",1,0,2.3709592511522718e-08,4.3948404027105436e-07,4.1577444775953154e-07,17.53612794304532,2.3709592511522718e-08,1.3154107136870152e-08,-1.0555485374652562e-08,1.3394364284380345e-08,0.0250519029796123,0.0250519029796123,0.0250519029796123,0.0250519029796123,,,9.0,1.4245014190673828,1.002076119184494,4.0007306820709364e-13,0.0,0.4010338520165533,159.58752528791086
darcy,631,631,1,64,loss2,"MSE(model(a_adv), solver(a_clean).detach())",1,0,1.7692331155672036e-08,4.293385984510678e-07,4.116462672953958e-07,23.26693207771125,1.7692329379315197e-08,1.5654348928251238e-08,-2.0379804510639588e-09,1.5153442500803752e-08,0.0250519029796123,0.0250519029796123,0.0250519029796123,0.0250519029796123,,,9.0,1.4245014190673828,1.002076119184494,2.952044262250625e-13,0.0,0.4008604789851233,159.65654724065516
darcy,632,632,1,64,loss2,"MSE(model(a_adv), solver(a_clean).detach())",1,0,2.3527949366553006e-08,4.240894213580759e-07,4.005614719915229e-07,17.02492069117402,2.3527947590196163e-08,1.3702191381526065e-08,-9.8257562086701e-09,1.4848805740541593e-08,0.0250519029796123,0.0250519029796123,0.0250519029796123,0.0250519029796123,,,9.0,1.4245014190673828,1.002076119184494,3.770266976226011e-13,0.0,0.4268364330055192,149.94034025950276
darcy,633,633,1,64,loss2,"MSE(model(a_adv), solver(a_clean).detach())",1,0,1.8310029048507204e-08,4.086496403488127e-07,3.903396113003055e-07,21.31835019301236,1.8310030824864043e-08,1.3208002691555976e-08,-5.1020281333080675e-09,1.879032840435002e-08,0.0250519029796123,0.0250519029796123,0.0250519029796123,0.0250519029796123,,,9.0,1.4245014190673828,1.002076119184494,3.0455458576057753e-13,0.0,0.4004815880034584,159.80759644672432
darcy,634,634,1,64,loss2,"MSE(model(a_adv), solver(a_clean).detach())",1,0,2.9283441449479145e-08,4.54120140602754e-07,4.248366991532748e-07,14.50774492766564,2.9283439673122306e-08,1.5933339980733763e-08,-1.3350099692388541e-08,2.0139717449296768e-08,0.0250519029796123,0.0250519029796123,0.0250519029796123,0.0250519029796123,,,9.0,1.4245014190673828,1.002076119184494,4.664004100464469e-13,0.0,0.4056387179880403,157.77586596624377
darcy,635,635,1,64,loss2,"MSE(model(a_adv), solver(a_clean).detach())",1,0,1.9283952212845182e-08,4.744154864511074e-07,4.5513153423826235e-07,23.601569284904983,1.9283952212845182e-08,2.1883476364337184e-08,2.599524151492005e-09,2.5912559209473333e-08,0.0250519029796123,0.0250519029796123,0.0250519029796123,0.0250519029796123,,,9.0,1.4245014190673828,1.002076119184494,3.1902106824299725e-13,0.0,0.3998742429830599,160.05031862657697
darcy,636,636,1,64,loss2,"MSE(model(a_adv), solver(a_clean).detach())",1,0,3.3046095637701e-08,4.738125198855414e-07,4.407664242478404e-07,13.337927393304131,3.3046095637701e-08,1.7878207358990043e-08,-1.516788827871096e-08,2.5592798991169733e-08,0.0250519029796123,0.0250519029796123,0.0250519029796123,0.0250519029796123,,,9.0,1.4245014190673828,1.002076119184494,4.787636758395164e-13,0.0,0.4011622329999227,159.53645367212903
darcy,637,637,1,64,loss2,"MSE(model(a_adv), solver(a_clean).detach())",1,0,2.0595123828570653e-08,4.359588388069824e-07,4.1536371497841174e-07,20.168061063182204,2.059512205221381e-08,1.8895113029770986e-08,-1.7000090224428275e-09,2.986253644365888e-08,0.0250519029796123,0.0250519029796123,0.0250519029796123,0.0250519029796123,,,9.0,1.4245014190673828,1.002076119184494,3.030975264609742e-13,0.0,0.4004421939898748,159.82331772365188
darcy,638,638,1,64,loss2,"MSE(model(a_adv), solver(a_clean).detach())",1,0,3.0398283001886746e-08,4.5046542140880774e-07,4.20067138406921e-07,13.818778461298244,3.039827944917306e-08,1.6102164934750366e-08,-1.4296114514422698e-08,2.941604115846985e-08,0.0250519029796123,0.0250519029796123,0.0250519029796123,0.0250519029796123,,,9.0,1.4245014190673828,1.002076119184494,4.4294017238766253e-13,0.0,0.4190374640165828,152.73097394811288
darcy,639,639,1,64,loss2,"MSE(model(a_adv), solver(a_clean).detach())",1,0,1.895080181668618e-08,4.293853521630808e-07,4.104345503463946e-07,21.657898927791383,1.895080181668618e-08,1.8012974223324818e-08,-9.37827593361362e-10,3.0478704005076906e-08,0.0250519029796123,0.0250519029796123,0.0250519029796123,0.0250519029796123,,,9.0,1.4245014190673828,1.002076119184494,3.028175312499299e-13,0.0,0.4005257099925075,159.7899920112425
darcy,640,640,1,64,loss2,"MSE(model(a_adv), solver(a_clean).detach())",1,0,3.107938439939062e-08,4.520834693266807e-07,4.2100408492729e-07,13.546088285311878,3.107938084667694e-08,1.5742678272090416e-08,-1.5336702574586525e-08,2.7794754053900306e-08,0.0250519029796123,0.0250519029796123,0.0250519029796123,0.0250519029796123,,,9.0,1.4245014190673828,1.002076119184494,4.829740665561466e-13,0.0,0.4006083799758926,159.75701757374952
darcy,641,641,1,64,loss2,"MSE(model(a_adv), solver(a_clean).detach())",1,0,2.0392821653558716e-08,4.616235003140901e-07,4.412306786605314e-07,21.636568306060436,2.0392821653558716e-08,2.3208034605204372e-08,2.815212951645662e-09,2.8375948701864218e-08,0.0250519029796123,0.0250519029796123,0.0250519029796123,0.0250519029796123,,,9.0,1.4245014190673828,1.002076119184494,3.231232284777591e-13,0.0,0.4256384579930454,150.3623528328958
darcy,642,642,1,64,loss2,"MSE(model(a_adv), solver(a_clean).detach())",1,0,2.4519628993857623e-08,4.32737294886465e-07,4.0821766589260733e-07,16.64860695872965,2.4519627217500783e-08,1.4285621574572362e-08,-1.0234005642928425e-08,2.523922670860657e-08,0.0250519029796123,0.0250519029796123,0.0250519029796123,0.0250519029796123,,,9.0,1.4245014190673828,1.002076119184494,3.798885576770938e-13,0.0,0.4003008249856066,159.87976043342206
darcy,643,643,1,64,loss2,"MSE(model(a_adv), solver(a_clean).detach())",1,0,2.016547639982491e-08,3.927419243154873e-07,3.725764479156624e-07,18.47595566444923,2.0165472847111232e-08,1.3204081383833e-08,-6.9613914632782325e-09,2.570420187808509e-08,0.0250519029796123,0.0250519029796123,0.0250519029796123,0.0250519029796123,,,9.0,1.4245014190673828,1.002076119184494,3.235500517680124e-13,0.0,0.4010016709798947,159.60033244651694
darcy,644,644,1,64,loss2,"MSE(model(a_adv), solver(a_clean).detach())",1,0,2.3778280677788644e-08,4.28620808179403e-07,4.048425275016143e-07,17.02572751106344,2.3778280677788644e-08,1.3721388469889462e-08,-1.0056892207899182e-08,2.3867158027712776e-08,0.0250519029796123,0.0250519029796123,0.0250519029796123,0.0250519029796123,,,9.0,1.4245014190673828,1.002076119184494,3.9162360962637093e-13,0.0,0.4013958099822048,159.44361751767497
darcy,645,645,1,64,loss2,"MSE(model(a_adv), solver(a_clean).detach())",1,0,1.7639042226846868e-08,4.390376204810309e-07,4.2139857825418403e-07,23.890105416994214,1.7639044003203708e-08,1.7642880933976812e-08,3.836930773104541e-12,2.3327026532626863e-08,0.0250519029796123,0.0250519029796123,0.0250519029796123,0.0250519029796123,,,9.0,1.4245014190673828,1.002076119184494,2.962581352114469e-13,0.0,0.4293381329916883,149.06665651624985
darcy,646,646,1,64,loss2,"MSE(model(a_adv), solver(a_clean).detach())",1,0,3.084329591729329e-08,4.484923579184397e-07,4.176490620011464e-07,13.540999740140546,3.084329591729329e-08,1.6610346875722826e-08,-1.4232949041570464e-08,1.996051413044597e-08,0.0250519029796123,0.0250519029796123,0.0250519029796123,0.0250519029796123,,,9.0,1.4245014190673828,1.002076119184494,4.823490782138173e-13,0.0,0.4009860419901088,159.60655309188718
darcy,647,647,1,64,loss2,"MSE(model(a_adv), solver(a_clean).detach())",1,0,1.8914505517386715e-08,4.216365994125226e-07,4.027220938951359e-07,21.2917061736001,1.891450374102988e-08,1.7496990523113712e-08,-1.4175132179161663e-09,2.0773017084252388e-08,0.0250519029796123,0.0250519029796123,0.0250519029796123,0.0250519029796123,,,9.0,1.4245014190673828,1.002076119184494,3.03023177296996e-13,0.0,0.3992933990084566,160.28314056512752
darcy,648,648,1,64,loss2,"MSE(model(a_adv), solver(a_clean).detach())",1,0,2.5713640994240453e-08,4.2882311390712857e-07,4.031094729128881e-07,15.676872559711784,2.5713639217883614e-08,1.561696372220922e-08,-1.0096675495674391e-08,2.0765257957577887e-08,0.0250519029796123,0.0250519029796123,0.0250519029796123,0.0250519029796123,,,9.0,1.4245014190673828,1.002076119184494,3.9179998221478e-13,0.0,0.4346241359889973,147.25367208235346
darcy,649,649,1,64,loss2,"MSE(model(a_adv), solver(a_clean).detach())",1,0,2.0586389481991322e-08,4.066101837452152e-07,3.8602379426322397e-07,18.75140828365809,2.0586389481991322e-08,1.3469601434223932e-08,-7.116788047767386e-09,2.302171875356862e-08,0.0250519029796123,0.0250519029796123,0.0250519029796123,0.0250519029796123,,,9.0,1.4245014190673828,1.002076119184494,3.286262592345352e-13,0.0,0.4009105559962336,159.6366048306327
darcy,650,650,1,64,loss2,"MSE(model(a_adv), solver(a_clean).detach())",1,0,2.2670747057418342e-08,4.294175823815749e-07,4.067468353241566e-07,17.9414835467921,2.2670747057418342e-08,1.2683822880887874e-08,-9.986924176530463e-09,2.3310958052746852e-08,0.0250519029796123,0.0250519029796123,0.0250519029796123,0.0250519029796123,,,9.0,1.4245014190673828,1.002076119184494,3.76088158011989e-13,0.0,0.4010905530012678,159.56496487165504
darcy,651,651,1,64,loss2,"MSE(model(a_adv), solver(a_clean).detach())",1,0,1.7714135935875674e-08,4.256671672919765e-07,4.0795303135610084e-07,23.02980133114431,1.7714135935875674e-08,2.0803287981152607e-08,3.0891520452769324e-09,3.007640891894425e-08,0.0250519029796123,0.0250519029796123,0.0250519029796123,0.0250519029796123,,,9.0,1.4245014190673828,1.002076119184494,3.005173421308932e-13,0.0,0.4270027239981573,149.88194782634733
darcy,652,652,1,64,loss2,"MSE(model(a_adv), solver(a_clean).detach())",1,0,4.279895193803896e-08,4.891123808192788e-07,4.463134288812398e-07,10.428139210683902,4.279895193803896e-08,2.2956239575933072e-08,-1.9842712362105885e-08,2.5940486203523964e-08,0.0250519029796123,0.0250519029796123,0.0250519029796123,0.0250519029796123,,,9.0,1.4245014190673828,1.002076119184494,6.271385862878509e-13,0.0,0.4054952219885308,157.83169943691766
darcy,653,653,1,64,loss2,"MSE(model(a_adv), solver(a_clean).detach())",1,0,2.169855051192826e-08,4.433761660038727e-07,4.216776154919444e-07,19.433446269147662,2.169855051192826e-08,1.888499845392744e-08,-2.8135520580008233e-09,2.5629822708594933e-08,0.0250519029796123,0.0250519029796123,0.0250519029796123,0.0250519029796123,,,9.0,1.4245014190673828,1.002076119184494,3.159820224484661e-13,0.0,0.4003800789942033,159.84811272522523
darcy,654,654,1,64,loss2,"MSE(model(a_adv), solver(a_clean).detach())",1,0,2.512840779900216e-08,4.233903041495069e-07,3.982618963505047e-07,15.849070085782335,2.512840602264532e-08,2.1371084457655346e-08,-3.757321564989979e-09,3.874012044491337e-08,0.0250519029796123,0.0250519029796123,0.0250519029796123,0.0250519029796123,,,9.0,1.4245014190673828,1.002076119184494,3.528612948708321e-13,0.0,0.4296606260177213,148.9547706364891
darcy,655,655,1,64,loss2,"MSE(model(a_adv), solver(a_clean).detach())",1,0,2.0820522195208472e-08,3.86135241114971e-07,3.6531471891976253e-07,17.54589608726693,2.0820520418851632e-08,1.4038891826828605e-08,-6.781628592023026e-09,3.5192288194707544e-08,0.0250519029796123,0.0250519029796123,0.0250519029796123,0.0250519029796123,,,9.0,1.4245014190673828,1.002076119184494,3.208259938096425e-13,0.0,0.3999753579846583,160.009857413403
darcy,656,656,1,64,loss2,"MSE(model(a_adv), solver(a_clean).detach())",1,0,2.4494415384879176e-08,4.177467189947493e-07,3.932523036098701e-07,16.05477401402409,2.4494415384879176e-08,1.3489874994832009e-08,-1.1004540390047168e-08,3.34514900224292e-08,0.0250519029796123,0.0250519029796123,0.0250519029796123,0.0250519029796123,,,9.0,1.4245014190673828,1.002076119184494,4.055611911839979e-13,0.0,0.4011730680067558,159.53214486203305
darcy,657,657,1,64,loss2,"MSE(model(a_adv), solver(a_clean).detach())",1,0,1.9996006628275612e-08,4.729099032374506e-07,4.52913896609175e-07,22.65021736733805,1.9996006628275612e-08,2.6929255270147223e-08,6.933248641871614e-09,3.3684051103932695e-08,0.0250519029796123,0.0250519029796123,0.0250519029796123,0.0250519029796123,,,9.0,1.4245014190673828,1.002076119184494,3.317568116924241e-13,0.0,0.4012474099872634,159.50258719933302
darcy,658,658,1,64,loss2,"MSE(model(a_adv), solver(a_clean).detach())",1,0,2.701470691590657e-08,4.377333766569791e-07,4.107186697410725e-07,15.203521216039425,2.701470691590657e-08,1.3861376046975238e-08,-1.3153330868931334e-08,2.277185373600332e-08,0.0250519029796123,0.0250519029796123,0.0250519029796123,0.0250519029796123,,,9.0,1.4245014190673828,1.002076119184494,4.336872386819652e-13,0.0,0.4427524119964801,144.55031359718217
darcy,659,659,1,64,loss2,"MSE(model(a_adv), solver(a_clean).detach())",1,0,2.0175599857452653e-08,4.05207458697987e-07,3.850318588405344e-07,19.084035248563264,2.0175598081095814e-08,1.5173226231013363e-08,-5.002371850082454e-09,2.3738742527257276e-08,0.0250519029796123,0.0250519029796123,0.0250519029796123,0.0250519029796123,,,9.0,1.4245014190673828,1.002076119184494,3.2643272850421684e-13,0.0,0.4003412790189031,159.8636047645191
darcy,660,660,1,64,loss2,"MSE(model(a_adv), solver(a_clean).detach())",1,0,2.3750857280901986e-08,4.20818651036825e-07,3.9706779375592315e-07,16.71804049259327,2.3750855504545143e-08,1.6654874812616072e-08,-7.095980691929071e-09,2.286669520401574e-08,0.0250519029796123,0.0250519029796123,0.0250519029796123,0.0250519029796123,,,9.0,1.4245014190673828,1.002076119184494,3.652421789492044e-13,0.0,0.4010266129916999,159.5904060395229
darcy,661,661,1,64,loss2,"MSE(model(a_adv), solver(a_clean).detach())",1,0,2.1424140683734553e-08,4.1211194456991517e-07,3.906878038861805e-07,18.235868110350637,2.1424140683734553e-08,1.2651056202628297e-08,-8.773084481106252e-09,2.591413661434672e-08,0.0250519029796123,0.0250519029796123,0.0250519029796123,0.0250519029796123,,,9.0,1.4245014190673828,1.002076119184494,3.626038271725696e-13,0.0,0.4001628250116482,159.93489649653748
darcy,662,662,1,64,loss2,"MSE(model(a_adv), solver(a_clean).detach())",1,0,2.363371010005721e-08,4.132446065341356e-07,3.896108964340783e-07,16.485388658174966,2.3633708323700372e-08,1.3621775707406414e-08,-1.001193261629396e-08,2.3688845107727733e-08,0.0250519029796123,0.0250519029796123,0.0250519029796123,0.0250519029796123,,,9.0,1.4245014190673828,1.002076119184494,3.948327396367108e-13,0.0,0.400976365985116,159.6104045752553
darcy,663,663,1,64,loss2,"MSE(model(a_adv), solver(a_clean).detach())",1,0,1.8385575728530057e-08,4.4032069013155706e-07,4.21935114403027e-07,22.949246770025464,1.8385575728530057e-08,2.1675131023357608e-08,3.2895552948275512e-09,2.5854564711380593e-08,0.0250519029796123,0.0250519029796123,0.0250519029796123,0.0250519029796123,,,9.0,1.4245014190673828,1.002076119184494,3.098133728729469e-13,0.0,0.4291090430051554,149.14623926774505
darcy,664,664,1,64,loss2,"MSE(model(a_adv), solver(a_clean).detach())",1,0,2.9195643236334945e-08,4.5016440708423033e-07,4.209687638478954e-07,14.418889847372355,2.9195641459978106e-08,1.4999386621639132e-08,-1.4196254838338973e-08,2.1470651923038986e-08,0.0250519029796123,0.0250519029796123,0.0250519029796123,0.0250519029796123,,,9.0,1.4245014190673828,1.002076119184494,4.5453490147076563e-13,0.0,0.4015550670155789,159.38038206231133
darcy,665,665,1,64,loss2,"MSE(model(a_adv), solver(a_clean).detach())",1,0,2.089248951619993e-08,4.1616016233092523e-07,3.952676728147253e-07,18.91912749355393,2.089248951619993e-08,1.7017930176166374e-08,-3.8745593400335565e-09,2.1267626770793413e-08,0.0250519029796123,0.0250519029796123,0.0250519029796123,0.0250519029796123,,,9.0,1.4245014190673828,1.002076119184494,3.145126032440965e-13,0.0,0.4009109449980315,159.6364499360681
darcy,666,666,1,64,loss2,"MSE(model(a_adv), solver(a_clean).detach())",1,0,2.2954523615226208e-08,4.2404212763358373e-07,4.010876040183575e-07,17.473139967596968,2.2954523615226208e-08,1.80669399441058e-08,-4.88758367112041e-09,2.6204010517005827e-08,0.0250519029796123,0.0250519029796123,0.0250519029796123,0.0250519029796123,,,9.0,1.4245014190673828,1.002076119184494,3.522058133424017e-13,0.0,0.4006515409855637,159.73980742109774
darcy,667,667,1,64,loss2,"MSE(model(a_adv), solver(a_clean).detach())",1,0,2.136743582070721e-08,4.045094783577952e-07,3.8314204253708805e-07,17.931119379602134,2.136743582070721e-08,1.2362702861423712e-08,-9.004732959283501e-09,2.697275602869809e-08,0.0250519029796123,0.0250519029796123,0.0250519029796123,0.0250519029796123,,,9.0,1.4245014190673828,1.002076119184494,3.6451589901891073e-13,0.0,0.4010200769989751,159.59300711062295
darcy,668,668,1,64,loss2,"MSE(model(a_adv), solver(a_clean).detach())",1,0,2.40146498242666e-08,4.040610974698211e-07,3.800464476455545e-07,15.82560855255615,2.401465160062344e-08,1.3265119669370053e-08,-1.0749531931253388e-08,2.245011643253747e-08,0.0250519029796123,0.0250519029796123,0.0250519029796123,0.0250519029796123,,,9.0,1.4245014190673828,1.002076119184494,3.977546102814506e-13,0.0,0.4443419309973251,144.03322201970013
darcy,669,669,1,64,loss2,"MSE(model(a_adv), solver(a_clean).detach())",1,0,1.8176836036332134e-08,4.344002206835285e-07,4.162233846471963e-07,22.898560773461497,1.817683425997529e-08,2.1793191251617827e-08,3.616356991642533e-09,2.78284773003179e-08,0.0250519029796123,0.0250519029796123,0.0250519029796123,0.0250519029796123,,,9.0,1.4245014190673828,1.002076119184494,3.080568027231945e-13,0.0,0.4006276260188315,159.74934288977784
darcy,670,670,1,64,loss2,"MSE(model(a_adv), solver(a_clean).detach())",1,0,3.5765658878972324e-08,4.779905111718108e-07,4.422248522928385e-07,12.364510151743229,3.5765658878972324e-08,1.9167975651157576e-08,-1.659768322781474e-08,2.162522338977624e-08,0.0250519029796123,0.0250519029796123,0.0250519029796123,0.0250519029796123,,,9.0,1.4245014190673828,1.002076119184494,5.405713311874838e-13,0.0,0.4010834750079084,159.56778074374188
darcy,671,671,1,64,loss2,"MSE(model(a_adv), solver(a_clean).detach())",1,0,1.998021481597334e-08,4.1216716795133845e-07,3.92186953135365e-07,19.628765593742667,1.998021481597334e-08,1.482772482575001e-08,-5.15248999022333e-09,1.9417158547696545e-08,0.0250519029796123,0.0250519029796123,0.0250519029796123,0.0250519029796123,,,9.0,1.4245014190673828,1.002076119184494,3.075726522430711e-13,0.0,0.400495982990833,159.8018524981433
darcy,672,672,1,64,loss2,"MSE(model(a_adv), solver(a_clean).detach())",1,0,2.164260237691451e-08,3.95928026364345e-07,3.742854239874305e-07,17.293919532831648,2.164260060055767e-08,1.6706700023405574e-08,-4.935900577152097e-09,2.6073642800383826e-08,0.0250519029796123,0.0250519029796123,0.0250519029796123,0.0250519029796123,,,9.0,1.4245014190673828,1.002076119184494,3.3997162181796664e-13,0.0,0.4005187420116272,159.79277194010078
darcy,673,673,1,64,loss2,"MSE(model(a_adv), solver(a_clean).detach())",1,0,1.9592549804769988e-08,3.967228394685663e-07,3.7713028966379625e-07,19.24865795527953,1.9592551581126827e-08,1.1798586108113795e-08,-7.793965473013031e-09,1.9418254115777245e-08,0.0250519029796123,0.0250519029796123,0.0250519029796123,0.0250519029796123,,,9.0,1.4245014190673828,1.002076119184494,3.3359822066217353e-13,0.0,0.4263047120184637,150.12735772253927
darcy,674,674,1,64,loss2,"MSE(model(a_adv), solver(a_clean).detach())",1,0,2.0840483117012812e-08,4.0577629079052713e-07,3.849358076735143e-07,18.470579857108877,2.0840484893369652e-08,1.2575001484549377e-08,-8.265483408820273e-09,1.8298520032544733e-08,0.0250519029796123,0.0250519029796123,0.0250519029796123,0.0250519029796123,,,9.0,1.4245014190673828,1.002076119184494,3.542481520797669e-13,0.0,0.4261586390202865,150.17881638427468
darcy,675,675,1,64,loss2,"MSE(model(a_adv), solver(a_clean).detach())",1,0,1.7946600650020628e-08,4.4729824821843067e-07,4.293516475684101e-07,23.9238425115297,1.7946602426377467e-08,2.02386623016082e-08,2.292059875230734e-09,2.1257080540237894e-08,0.0250519029796123,0.0250519029796123,0.0250519029796123,0.0250519029796123,,,9.0,1.4245014190673828,1.002076119184494,2.9954714381684455e-13,0.0,0.4002955190080683,159.88187966378413
darcy,676,676,1,64,loss2,"MSE(model(a_adv), solver(a_clean).detach())",1,0,2.954579869651752e-08,4.4011287059220194e-07,4.105670718956844e-07,13.895954416831412,2.9545796920160683e-08,1.5440562606272582e-08,-1.4105234313888104e-08,1.5794784147260543e-08,0.0250519029796123,0.0250519029796123,0.0250519029796123,0.0250519029796123,,,9.0,1.4245014190673828,1.002076119184494,4.675494475088471e-13,0.0,0.4000373860180843,159.98504699035
darcy,677,677,1,64,loss2,"MSE(model(a_adv), solver(a_clean).detach())",1,0,1.9786414284794773e-08,4.059149887325475e-07,3.861285744477527e-07,19.51483320272336,1.9786414284794773e-08,1.4328155550913381e-08,-5.458258733881394e-09,1.4105293821842224e-08,0.0250519029796123,0.0250519029796123,0.0250519029796123,0.0250519029796123,,,9.0,1.4245014190673828,1.002076119184494,3.081341605482013e-13,0.0,0.4015945679857395,159.36470535695247
darcy,678,678,1,64,loss2,"MSE(model(a_adv), solver(a_clean).detach())",1,0,1.9636960502111837e-08,4.3360677182136e-07,4.1396981131924804e-07,21.081155165267464,1.9636960502111837e-08,2.1135688754725382e-08,1.4987282526135461e-09,2.3563836215600983e-08,0.0250519029796123,0.0250519029796123,0.0250519029796123,0.0250519029796123,,,9.0,1.4245014190673828,1.002076119184494,3.127502868228299e-13,0.0,0.4159706470090896,153.8570100082122
darcy,679,679,1,64,loss2,"MSE(model(a_adv), solver(a_clean).detach())",1,0,2.564409307126425e-08,4.410485416883603e-07,4.15404448617096e-07,16.198835632934966,2.564409129490741e-08,1.4186499974755408e-08,-1.1457591320152004e-08,1.8955088165739653e-08,0.0250519029796123,0.0250519029796123,0.0250519029796123,0.0250519029796123,,,9.0,1.4245014190673828,1.002076119184494,4.3397737118332235e-13,0.0,0.4041406559990719,158.3607069716514
darcy,680,680,1,64,loss2,"MSE(model(a_adv), solver(a_clean).detach())",1,0,2.0254731225577416e-08,3.796170062742021e-07,3.593622750486247e-07,17.74213990037185,2.0254731225577416e-08,1.3738485016290271e-08,-6.516246209287146e-09,1.53120174317678e-08,0.0250519029796123,0.0250519029796123,0.0250519029796123,0.0250519029796123,,,9.0,1.4245014190673828,1.002076119184494,3.236610198603662e-13,0.0,0.4361682849994395,146.73235583848617
darcy,681,681,1,64,loss2,"MSE(model(a_adv), solver(a_clean).detach())",1,0,2.0357362018330605e-08,4.075998845110007e-07,3.872425224926701e-07,19.02223491157553,2.0357360241973765e-08,2.3800092563419642e-08,3.4427323214458742e-09,2.199196380558988e-08,0.0250519029796123,0.0250519029796123,0.0250519029796123,0.0250519029796123,,,9.0,1.4245014190673828,1.002076119184494,3.1335819898094253e-13,0.0,0.4318979660165496,148.18314749263632
darcy,682,682,1,64,loss2,"MSE(model(a_adv), solver(a_clean).detach())",1,0,2.7823425341466645e-08,4.395167252368992e-07,4.116932998954326e-07,14.796643290424251,2.782342178875297e-08,1.5487639615230364e-08,-1.2335782173522604e-08,1.5273918574365553e-08,0.0250519029796123,0.0250519029796123,0.0250519029796123,0.0250519029796123,,,9.0,1.4245014190673828,1.002076119184494,4.55756905739374e-13,0.0,0.405167868011631,157.95921901231014
darcy,683,683,1,64,loss2,"MSE(model(a_adv), solver(a_clean).detach())",1,0,1.9483344715354175e-08,4.046727326567634e-07,3.851893879414092e-07,19.770188002568894,1.9483344715354175e-08,1.5177022305579158e-08,-4.306322409775021e-09,1.4462193220765585e-08,0.0250519029796123,0.0250519029796123,0.0250519029796123,0.0250519029796123,,,9.0,1.4245014190673828,1.002076119184494,2.998695313328331e-13,0.0,0.4302087809774093,148.76497837769773
darcy,684,684,1,64,loss2,"MSE(model(a_adv), solver(a_clean).detach())",1,0,2.0294038449719665e-08,4.228509169479367e-07,4.02556878498217e-07,19.83621345231943,2.0294038449719665e-08,2.431777623712605e-08,4.0237377874063895e-09,2.3248452940549672e-08,0.0250519029796123,0.0250519029796123,0.0250519029796123,0.0250519029796123,,,9.0,1.4245014190673828,1.002076119184494,3.134138185523911e-13,0.0,0.4053781429829541,157.87728348908823
darcy,685,685,1,64,loss2,"MSE(model(a_adv), solver(a_clean).detach())",1,0,2.6944890763047624e-08,4.320650077715982e-07,4.051201170085506e-07,15.035136737838796,2.6944888986690785e-08,1.4956659910581038e-08,-1.1988229076109748e-08,1.8938760337761096e-08,0.0250519029796123,0.0250519029796123,0.0250519029796123,0.0250519029796123,,,9.0,1.4245014190673828,1.002076119184494,4.459373408732814e-13,0.0,0.4325229550013318,147.96902513486927
darcy,686,686,1,64,loss2,"MSE(model(a_adv), solver(a_clean).detach())",1,0,2.0029666814025404e-08,3.936668235837715e-07,3.736371567697461e-07,18.65418732318171,2.0029666814025404e-08,1.2956427930532756e-08,-7.0732388834926504e-09,1.4501105205511068e-08,0.0250519029796123,0.0250519029796123,0.0250519029796123,0.0250519029796123,,,9.0,1.4245014190673828,1.002076119184494,3.27352348786919e-13,0.0,0.4268824290193151,149.9241843873227
darcy,687,687,1,64,loss2,"MSE(model(a_adv), solver(a_clean).detach())",1,0,1.9571352538605424e-08,4.313790782362048e-07,4.118077256975994e-07,21.041352399395446,1.9571352538605424e-08,2.571982804511208e-08,6.1484755065066565e-09,2.3026669460080033e-08,0.0250519029796123,0.0250519029796123,0.0250519029796123,0.0250519029796123,,,9.0,1.4245014190673828,1.002076119184494,3.078228318943721e-13,0.0,0.4346576450043358,147.24231987076078
darcy,688,688,1,64,loss2,"MSE(model(a_adv), solver(a_clean).detach())",1,0,3.407295778856678e-08,4.545422314095049e-07,4.204692736209381e-07,12.340263390988236,3.407295778856678e-08,1.8798626655325282e-08,-1.5274331133241503e-08,1.8558020897785358e-08,0.0250519029796123,0.0250519029796123,0.0250519029796123,0.0250519029796123,,,9.0,1.4245014190673828,1.002076119184494,5.421323112653198e-13,0.0,0.4149797019781545,154.22441072399516
darcy,689,689,1,64,loss2,"MSE(model(a_adv), solver(a_clean).detach())",1,0,2.0052667082381962e-08,3.900788101418584e-07,3.700261430594765e-07,18.45271462091829,2.0052665306025123e-08,1.4489628163971702e-08,-5.5630371420534175e-09,1.3583468128075538e-08,0.0250519029796123,0.0250519029796123,0.0250519029796123,0.0250519029796123,,,9.0,1.4245014190673828,1.002076119184494,3.03646485125958e-13,0.0,0.4013736000051722,159.45244031788658
darcy,690,690,1,64,loss2,"MSE(model(a_adv), solver(a_clean).detach())",1,0,2.0985973847587047e-08,4.122825600916258e-07,3.9129658624403874e-07,18.645624410183363,2.0985972071230208e-08,2.6512170236969723e-08,5.526198165739515e-09,2.5349736532120918e-08,0.0250519029796123,0.0250519029796123,0.0250519029796123,0.0250519029796123,,,9.0,1.4245014190673828,1.002076119184494,3.088684364695171e-13,0.0,0.4012133220094256,159.51613889455163
darcy,691,691,1,64,loss2,"MSE(model(a_adv), solver(a_clean).detach())",1,0,2.7689820214504838e-08,4.308868142288702e-07,4.0319699401436537e-07,14.561199418808709,2.7689820214504838e-08,1.625420331663463e-08,-1.1435616897870204e-08,2.1253679705068865e-08,0.0250519029796123,0.0250519029796123,0.0250519029796123,0.0250519029796123,,,9.0,1.4245014190673828,1.002076119184494,4.62095043219507e-13,0.0,0.4307189399842173,148.58877578577142
darcy,692,692,1,64,loss2,"MSE(model(a_adv), solver(a_clean).detach())",1,0,1.9619189828290476e-08,4.029521960546845e-07,3.83333006226394e-07,19.538676651858253,1.9619191604647312e-08,1.304914576394367e-08,-6.570045840703642e-09,1.7331351909177783e-08,0.0250519029796123,0.0250519029796123,0.0250519029796123,0.0250519029796123,,,9.0,1.4245014190673828,1.002076119184494,3.209032703194864e-13,0.0,0.4457747459819074,143.5702685647373
darcy,693,693,1,64,loss2,"MSE(model(a_adv), solver(a_clean).detach())",1,0,2.0116559085181507e-08,4.282071586203529e-07,4.080905995351714e-07,20.28630233466636,2.0116559085181507e-08,2.839160728740353e-08,8.275048202222024e-09,2.558753831038985e-08,0.0250519029796123,0.0250519029796123,0.0250519029796123,0.0250519029796123,,,9.0,1.4245014190673828,1.002076119184494,3.134532564064152e-13,0.0,0.4004484439792577,159.82082328509446
darcy,694,694,1,64,loss2,"MSE(model(a_adv), solver(a_clean).detach())",1,0,2.80431535770731e-08,4.339452175372571e-07,4.05902063960184e-07,14.474194667322738,2.80431535770731e-08,1.6404209546294624e-08,-1.1638944030778477e-08,1.7778460481565617e-08,0.0250519029796123,0.0250519029796123,0.0250519029796123,0.0250519029796123,,,9.0,1.4245014190673828,1.002076119184494,4.753230686653509e-13,0.0,0.4271585769893136,149.8272619294757
darcy,695,695,1,64,loss2,"MSE(model(a_adv), solver(a_clean).detach())",1,0,1.9720413746426857e-08,3.836456983208336e-07,3.639252845744068e-07,18.45424184572935,1.9720411970070018e-08,1.2947270811025646e-08,-6.773141159044371e-09,1.243367586667432e-08,0.0250519029796123,0.0250519029796123,0.0250519029796123,0.0250519029796123,,,9.0,1.4245014190673828,1.002076119184494,3.194136036395457e-13,0.0,0.4009238989965524,159.63129202370231
darcy,696,696,1,64,loss2,"MSE(model(a_adv), solver(a_clean).detach())",1,0,2.1362078328479583e-08,4.2067097183462476e-07,3.9930889350614507e-07,18.69241781469328,2.1362078328479583e-08,2.300510182351445e-08,1.6430234950348675e-09,2.1734641642012772e-08,0.0250519029796123,0.0250519029796123,0.0250519029796123,0.0250519029796123,,,9.0,1.4245014190673828,1.002076119184494,3.187318573134868e-13,0.0,0.400181467004586,159.92744611350673
darcy,697,697,1,64,loss2,"MSE(model(a_adv), solver(a_clean).detach())",1,0,2.630540052450669e-08,4.326081466388132e-07,4.063027461143065e-07,15.44560196815045,2.630540052450669e-08,1.4978862594716702e-08,-1.1326537929789993e-08,1.6441672467948365e-08,0.0250519029796123,0.0250519029796123,0.0250519029796123,0.0250519029796123,,,9.0,1.4245014190673828,1.002076119184494,4.3636573304403625e-13,0.0,0.4273214119893964,149.7701687871145
darcy,698,698,1,64,loss2,"MSE(model(a_adv), solver(a_clean).detach())",1,0,1.964703955081859e-08,3.962927905831748e-07,3.766457510323562e-07,19.170610923754328,1.9647041327175433e-08,1.4751714516592074e-08,-4.895326810583356e-09,1.4810025650291436e-08,0.0250519029796123,0.0250519029796123,0.0250519029796123,0.0250519029796123,,,9.0,1.4245014190673828,1.002076119184494,3.168834281346705e-13,0.0,0.4135497660026885,154.7576743147859
darcy,699,699,1,64,loss2,"MSE(model(a_adv), solver(a_clean).detach())",1,0,2.1936852334647483e-08,4.132182027660747e-07,3.912813504314272e-07,17.836713511237434,2.1936852334647483e-08,2.2684565337272037e-08,7.477130026245503e-10,2.0798069932936872e-08,0.0250519029796123,0.0250519029796123,0.0250519029796123,0.0250519029796123,,,9.0,1.4245014190673828,1.002076119184494,3.28049301048447e-13,0.0,0.4011635509959887,159.53592952576076
darcy,700,700,1,64,loss2,"MSE(model(a_adv), solver(a_clean).detach())",1,0,2.6314399548255096e-08,4.227529188938206e-07,3.964385193455655e-07,15.065459450008742,2.6314399548255096e-08,1.5438491374197838e-08,-1.0875908174057258e-08,1.6451531692496246e-08,0.0250519029796123,0.0250519029796123,0.0250519029796123,0.0250519029796123,,,9.0,1.4245014190673828,1.002076119184494,4.3163392239760345e-13,0.0,0.4014808410138357,159.40984839621387
darcy,701,701,1,64,loss2,"MSE(model(a_adv), solver(a_clean).detach())",1,0,1.8396502099449208e-08,3.9856308831076603e-07,3.801665862113168e-07,20.665156025650063,1.8396500323092372e-08,1.309413555361516e-08,-5.302364769477208e-09,1.2811792959865898e-08,0.0250519029796123,0.0250519029796123,0.0250519029796123,0.0250519029796123,,,9.0,1.4245014190673828,1.002076119184494,3.0411979358435653e-13,0.0,0.4287352740066126,149.27626411959957
darcy,702,702,1,64,loss2,"MSE(model(a_adv), solver(a_clean).detach())",1,0,2.3759874068218775e-08,4.155953092777054e-07,3.918354352094866e-07,16.491477778226354,2.3759872291861942e-08,2.1037108055566023e-08,-2.722764236295916e-09,1.9064025913451133e-08,0.0250519029796123,0.0250519029796123,0.0250519029796123,0.0250519029796123,,,9.0,1.4245014190673828,1.002076119184494,3.395979244341652e-13,0.0,0.40093171200715,159.62818126708484
darcy,703,703,1,64,loss2,"MSE(model(a_adv), solver(a_clean).detach())",1,0,2.472478399795364e-08,4.150062125063414e-07,3.902814285083878e-07,15.785028841533649,2.472478044523996e-08,1.5041829115602923e-08,-9.682951329637037e-09,1.6945856273764548e-08,0.0250519029796123,0.0250519029796123,0.0250519029796123,0.0250519029796123,,,9.0,1.4245014190673828,1.002076119184494,4.012311045475253e-13,0.0,0.4267633109993767,149.96603117106633
darcy,704,704,1,64,loss2,"MSE(model(a_adv), solver(a_clean).detach())",1,0,1.8540678325962293e-08,4.103449668946269e-07,3.918042885686646e-07,21.13214423336528,1.8540680102319133e-08,1.2898519585746726e-08,-5.642160516572403e-09,1.4672883796862381e-08,0.0250519029796123,0.0250519029796123,0.0250519029796123,0.0250519029796123,,,9.0,1.4245014190673828,1.002076119184494,3.108261803323742e-13,0.0,0.4307342320098541,148.58350055292524
darcy,705,705,1,64,loss2,"MSE(model(a_adv), solver(a_clean).detach())",1,0,1.9544099671975346e-08,4.328592240199214e-07,4.133151243479461e-07,21.14782114730035,1.9544099671975346e-08,2.488225092633911e-08,5.3381512543637655e-09,2.1938353356176776e-08,0.0250519029796123,0.0250519029796123,0.0250519029796123,0.0250519029796123,,,9.0,1.4245014190673828,1.002076119184494,3.044749511110084e-13,0.0,0.401527747977525,159.39122594232845
darcy,706,706,1,64,loss2,"MSE(model(a_adv), solver(a_clean).detach())",1,0,3.5712535151333213e-08,4.568034341900784e-07,4.210908990387452e-07,11.791123123977524,3.5712531598619535e-08,2.1011651085700578e-08,-1.4700880512918957e-08,1.9633912273775426e-08,0.0250519029796123,0.0250519029796123,0.0250519029796123,0.0250519029796123,,,9.0,1.4245014190673828,1.002076119184494,5.857593598536381e-13,0.0,0.4300489930028561,148.820253137007
darcy,707,707,1,64,loss2,"MSE(model(a_adv), solver(a_clean).detach())",1,0,1.9833169773164627e-08,4.050174027270259e-07,3.851842329538613e-07,19.42121392391028,1.9833169773164627e-08,1.5741147052494853e-08,-4.0920227206697746e-09,1.4671263315335636e-08,0.0250519029796123,0.0250519029796123,0.0250519029796123,0.0250519029796123,,,9.0,1.4245014190673828,1.002076119184494,3.009903795387487e-13,0.0,0.4250671449990477,150.56444788303594
darcy,708,708,1,64,loss2,"MSE(model(a_adv), solver(a_clean).detach())",1,0,2.390324738144045e-08,4.142442548982217e-07,3.903410075167813e-07,16.330040905649476,2.390324382872677e-08,2.779461993895893e-08,3.891376110232159e-09,2.3962528850063336e-08,0.0250519029796123,0.0250519029796123,0.0250519029796123,0.0250519029796123,,,9.0,1.4245014190673828,1.002076119184494,3.2596614209928765e-13,0.0,0.4412744879955426,145.03444395962106
darcy,709,709,1,64,loss2,"MSE(model(a_adv), solver(a_clean).detach())",1,0,3.7017649390236336e-08,4.653130076803791e-07,4.282953582901428e-07,11.57003119714859,3.7017649390236336e-08,2.1452850162972936e-08,-1.5564799227263393e-08,2.1359828572542483e-08,0.0250519029796123,0.0250519029796123,0.0250519029796123,0.0250519029796123,,,9.0,1.4245014190673828,1.002076119184494,5.908618321177894e-13,0.0,0.4323081329930573,148.04255371487034
darcy,710,710,1,64,loss2,"MSE(model(a_adv), solver(a_clean).detach())",1,0,2.1824282825377853e-08,4.006967060377065e-07,3.788724232123286e-07,17.360131659023672,2.1824282825377853e-08,1.78317680621376e-08,-3.992514763240251e-09,1.6450740325524293e-08,0.0250519029796123,0.0250519029796123,0.0250519029796123,0.0250519029796123,,,9.0,1.4245014190673828,1.002076119184494,3.038960955711184e-13,0.0,0.4006700160098262,159.732441766819
darcy,711,711,1,64,loss2,"MSE(model(a_adv), solver(a_clean).detach())",1,0,2.3776069113523594e-08,4.112778242415516e-07,3.87501755128028e-07,16.29797395346655,2.3776069113523594e-08,2.797052367498054e-08,4.1944545614569514e-09,2.4560836919818033e-08,0.0250519029796123,0.0250519029796123,0.0250519029796123,0.0250519029796123,,,9.0,1.4245014190673828,1.002076119184494,3.2220108742500586e-13,0.0,0.4298460079880897,148.89053012159957
darcy,712,712,1,64,loss2,"MSE(model(a_adv), solver(a_clean).detach())",1,0,3.147439642248173e-08,4.380629547995341e-07,4.065885583770523e-07,12.918073246565315,3.147439997519541e-08,1.833666019024349e-08,-1.3137739784951918e-08,2.1059598509509673e-08,0.0250519029796123,0.0250519029796123,0.0250519029796123,0.0250519029796123,,,9.0,1.4245014190673828,1.002076119184494,5.075911479329731e-13,0.0,0.4295721349772066,148.98545503515
darcy,713,713,1,64,loss2,"MSE(model(a_adv), solver(a_clean).detach())",1,0,2.0903984321307693e-08,3.92755509892595e-07,3.718515255712873e-07,17.788547860335623,2.0903984321307693e-08,1.4657947744467492e-08,-6.246036576840197e-09,1.4456073227364641e-08,0.0250519029796123,0.0250519029796123,0.0250519029796123,0.0250519029796123,,,9.0,1.4245014190673828,1.002076119184494,3.152581548680061e-13,0.0,0.4011998790083453,159.52148380051915
darcy,714,714,1,64,loss2,"MSE(model(a_adv), solver(a_clean).detach())",1,0,2.1349634948819585e-08,4.204758852210944e-07,3.991262502722748e-07,18.694757602604454,2.1349633172462745e-08,3.149341054609067e-08,1.0143777373627929e-08,2.7735828744823724e-08,0.0250519029796123,0.0250519029796123,0.0250519029796123,0.0250519029796123,,,9.0,1.4245014190673828,1.002076119184494,3.094439309826724e-13,0.0,0.4296445049985777,148.96035968203958
darcy,715,715,1,64,loss2,"MSE(model(a_adv), solver(a_clean).detach())",1,0,3.3857688208627224e-08,4.5673778004129417e-07,4.22880091832667e-07,12.489928114020303,3.3857688208627224e-08,1.871636001737897e-08,-1.5141328191248252e-08,1.8534260348701537e-08,0.0250519029796123,0.0250519029796123,0.0250519029796123,0.0250519029796123,,,9.0,1.4245014190673828,1.002076119184494,5.461864142387862e-13,0.0,0.4169089809875004,153.51072516693716
darcy,716,716,1,64,loss2,"MSE(model(a_adv), solver(a_clean).detach())",1,0,2.3308402319344168e-08,3.8569339722016593e-07,3.6238499490082177e-07,15.54739745504008,2.3308402319344168e-08,1.857320874876223e-08,-4.7351935705819415e-09,1.5997004609857868e-08,0.0250519029796123,0.0250519029796123,0.0250519029796123,0.0250519029796123,,,9.0,1.4245014190673828,1.002076119184494,3.0887057776880777e-13,0.0,0.4007037070114165,159.71901152932574
darcy,717,717,1,64,loss2,"MSE(model(a_adv), solver(a_clean).detach())",1,0,2.3815033500795838e-08,4.128759201194044e-07,3.890608866186085e-07,16.336776792928177,2.3815033500795838e-08,2.7731891449889193e-08,3.916857949093355e-09,2.8054073730743312e-08,0.0250519029796123,0.0250519029796123,0.0250519029796123,0.0250519029796123,,,9.0,1.4245014190673828,1.002076119184494,3.2210846945442134e-13,0.0,0.4004854880040511,159.8060402112563
darcy,718,718,1,64,loss2,"MSE(model(a_adv), solver(a_clean).detach())",1,0,2.4104471307850872e-08,4.250719882747944e-07,4.0096751696694365e-07,16.63457006984209,2.4104471307850872e-08,1.4039293283474308e-08,-1.0065178024376564e-08,2.3695195583428585e-08,0.0250519029796123,0.0250519029796123,0.0250519029796123,0.0250519029796123,,,9.0,1.4245014190673828,1.002076119184494,4.1004604768059283e-13,0.0,0.4136476049898192,154.72106988646817
darcy,719,719,1,64,loss2,"MSE(model(a_adv), solver(a_clean).detach())",1,0,2.304966173483081e-08,4.005533469353395e-07,3.775036852005087e-07,16.3778405749901,2.304966173483081e-08,1.4710846762966412e-08,-8.338814971864394e-09,1.5750799331470944e-08,0.0250519029796123,0.0250519029796123,0.0250519029796123,0.0250519029796123,,,9.0,1.4245014190673828,1.002076119184494,3.721722637104602e-13,0.0,0.4186260330025106,152.88107990077188
darcy,720,720,1,64,loss2,"MSE(model(a_adv), solver(a_clean).detach())",1,0,2.0331587080590907e-08,4.284142676169722e-07,4.080826805363813e-07,20.071363780840716,2.033158885694775e-08,3.0786406313154664e-08,1.045481745620691e-08,2.8012872910210266e-08,0.0250519029796123,0.0250519029796123,0.0250519029796123,0.0250519029796123,,,9.0,1.4245014190673828,1.002076119184494,3.1572634047113973e-13,0.0,0.4003965579904616,159.84153390630453
darcy,721,721,1,64,loss2,"MSE(model(a_adv), solver(a_clean).detach())",1,0,3.03484668506826e-08,4.5899361111878534e-07,4.2864514426810274e-07,14.124111981573186,3.03484668506826e-08,1.6040278438822497e-08,-1.4308188411860101e-08,1.6245172318463122e-08,0.0250519029796123,0.0250519029796123,0.0250519029796123,0.0250519029796123,,,9.0,1.4245014190673828,1.002076119184494,4.87712788991429e-13,0.0,0.4282147350022569,149.45772475499396
darcy,722,722,1,64,loss2,"MSE(model(a_adv), solver(a_clean).detach())",1,0,2.258901332652385e-08,3.7522025309044693e-07,3.526312397639231e-07,15.61074114511527,2.2589015102880694e-08,1.652775871718859e-08,-6.061256385692104e-09,1.4772197243217988e-08,0.0250519029796123,0.0250519029796123,0.0250519029796123,0.0250519029796123,,,9.0,1.4245014190673828,1.002076119184494,3.199180558053488e-13,0.0,0.4275430029956624,149.6925444962768
darcy,723,723,1,64,loss2,"MSE(model(a_adv), solver(a_clean).detach())",1,0,1.966421692145559e-08,4.245931677360204e-07,4.049289508145648e-07,20.592172697848323,1.966421692145559e-08,2.6594825897063856e-08,6.9306089756082664e-09,2.433770518450729e-08,0.0250519029796123,0.0250519029796123,0.0250519029796123,0.0250519029796123,,,9.0,1.4245014190673828,1.002076119184494,3.045620667555677e-13,0.0,0.4007064229808748,159.71792896131
darcy,724,724,1,64,loss2,"MSE(model(a_adv), solver(a_clean).detach())",1,0,3.539417292586222e-08,4.785877649737813e-07,4.431935920479191e-07,12.521654142794825,3.539417292586222e-08,1.9229107195428696e-08,-1.6165065730433525e-08,2.0185414228990343e-08,0.0250519029796123,0.0250519029796123,0.0250519029796123,0.0250519029796123,,,9.0,1.4245014190673828,1.002076119184494,5.409634871132718e-13,0.0,0.4305277490057051,148.6547618540423
darcy,725,725,1,64,loss2,"MSE(model(a_adv), solver(a_clean).detach())",1,0,2.5078922050170153e-08,3.738701934707933e-07,3.487912714206232e-07,13.90774574452879,2.5078923826526992e-08,1.7347788983101964e-08,-7.731134843425025e-09,1.4738297693384084e-08,0.0250519029796123,0.0250519029796123,0.0250519029796123,0.0250519029796123,,,9.0,1.4245014190673828,1.002076119184494,3.606596629419229e-13,0.0,0.4004841610149015,159.80656972253803
darcy,726,726,1,64,loss2,"MSE(model(a_adv), solver(a_clean).detach())",1,0,1.9867174572141263e-08,4.1058547139982693e-07,3.907182968276857e-07,19.66652557508455,1.9867176348498106e-08,2.425640488468161e-08,4.389228536183509e-09,2.7362749399628683e-08,0.0250519029796123,0.0250519029796123,0.0250519029796123,0.0250519029796123,,,9.0,1.4245014190673828,1.002076119184494,3.180418168408084e-13,0.0,0.4249866839963943,150.59295363838504
darcy,727,727,1,64,loss2,"MSE(model(a_adv), solver(a_clean).detach())",1,0,2.0997200422812057e-08,4.2036361946884426e-07,3.993664190460322e-07,19.01998414094039,2.0997200422812057e-08,1.2676295568780917e-08,-8.320904854031141e-09,1.7656296869006386e-08,0.0250519029796123,0.0250519029796123,0.0250519029796123,0.0250519029796123,,,9.0,1.4245014190673828,1.002076119184494,3.5436993508879133e-13,0.0,0.4010199170152191,159.59307077900357
darcy,728,728,1,64,loss2,"MSE(model(a_adv), solver(a_clean).detach())",1,0,2.8563468035258666e-08,4.276706135897257e-07,3.99107145554467e-07,13.972643134993632,2.856346448254499e-08,1.8183998307108595e-08,-1.0379466175436391e-08,1.6918462186765737e-08,0.0250519029796123,0.0250519029796123,0.0250519029796123,0.0250519029796123,,,9.0,1.4245014190673828,1.002076119184494,4.639768387201815e-13,0.0,0.4163470079947728,153.71792944601515
darcy,729,729,1,64,loss2,"MSE(model(a_adv), solver(a_clean).detach())",1,0,1.8389098244142588e-08,4.366684720480407e-07,4.182793738038981e-07,22.746051396899308,1.8389096467785748e-08,2.5954159710295244e-08,7.565063242509495e-09,2.4796117159553432e-08,0.0250519029796123,0.0250519029796123,0.0250519029796123,0.0250519029796123,,,9.0,1.4245014190673828,1.002076119184494,3.2105576335504654e-13,0.0,0.4000968350155744,159.96127536852094
darcy,730,730,1,64,loss2,"MSE(model(a_adv), solver(a_clean).detach())",1,0,2.8696577558662284e-08,4.32303181696625e-07,4.036066041379627e-07,14.064625069414625,2.8696577558662284e-08,1.6117073897703452e-08,-1.2579503660958837e-08,1.4591409858155656e-08,0.0250519029796123,0.0250519029796123,0.0250519029796123,0.0250519029796123,,,9.0,1.4245014190673828,1.002076119184494,4.20719096496866e-13,0.0,0.400326311995741,159.86958159442912
darcy,731,731,1,64,loss2,"MSE(model(a_adv), solver(a_clean).detach())",1,0,2.377005259290854e-08,3.686903369271022e-07,3.449202843341937e-07,14.510707664024933,2.3770050816551705e-08,1.688948536582302e-08,-6.880565450728682e-09,1.6765129728923966e-08,0.0250519029796123,0.0250519029796123,0.0250519029796123,0.0250519029796123,,,9.0,1.4245014190673828,1.002076119184494,3.325078114322505e-13,0.0,0.3999858589959331,160.00565660160183
darcy,732,732,1,64,loss2,"MSE(model(a_adv), solver(a_clean).detach())",1,0,2.115762676169197e-08,4.209814505884424e-07,3.998238238267504e-07,18.89738524694424,2.115762676169197e-08,1.4213034305043948e-08,-6.944592456648024e-09,1.828743956266976e-08,0.0250519029796123,0.0250519029796123,0.0250519029796123,0.0250519029796123,,,9.0,1.4245014190673828,1.002076119184494,3.469641024142489e-13,0.0,0.400482210010523,159.80734824230606
darcy,733,733,1,64,loss2,"MSE(model(a_adv), solver(a_clean).detach())",1,0,1.88072117879301e-08,4.1980945297837035e-07,4.010022411904402e-07,21.32172730929692,1.88072117879301e-08,1.54725423584523e-08,-3.334669429477799e-09,1.71052607633726e-08,0.0250519029796123,0.0250519029796123,0.0250519029796123,0.0250519029796123,,,9.0,1.4245014190673828,1.002076119184494,3.1678061866366463e-13,0.0,0.4017750300117768,159.29312480699468
darcy,734,734,1,64,loss2,"MSE(model(a_adv), solver(a_clean).detach())",1,0,3.026620376544997e-08,4.249671405887057e-07,3.947009368232557e-07,13.04097930093968,3.026620376544997e-08,1.810350802600169e-08,-1.2162695739448282e-08,1.6083550047341078e-08,0.0250519029796123,0.0250519029796123,0.0250519029796123,0.0250519029796123,,,9.0,1.4245014190673828,1.002076119184494,4.871070452376615e-13,0.0,0.4008807700010948,159.6484660509538
darcy,735,735,1,64,loss2,"MSE(model(a_adv), solver(a_clean).detach())",1,0,1.8078130992194023e-08,4.331473348884174e-07,4.1506920389622337e-07,22.95974091986869,1.8078130992194023e-08,2.0772544573333107e-08,2.694413581139088e-09,1.991115983202008e-08,0.0250519029796123,0.0250519029796123,0.0250519029796123,0.0250519029796123,,,9.0,1.4245014190673828,1.002076119184494,3.050900461085138e-13,0.0,0.4292991310067009,149.08019927718192
darcy,736,736,1,64,loss2,"MSE(model(a_adv), solver(a_clean).detach())",1,0,2.619662353708918e-08,4.316450485930545e-07,4.054484250559653e-07,15.477125305172686,2.619662353708918e-08,1.6721825701893067e-08,-9.474797835196114e-09,1.4987294960633335e-08,0.0250519029796123,0.0250519029796123,0.0250519029796123,0.0250519029796123,,,9.0,1.4245014190673828,1.002076119184494,3.8774812896082155e-13,0.0,0.4016491210204549,159.34306002562036
darcy,737,737,1,64,loss2,"MSE(model(a_adv), solver(a_clean).detach())",1,0,2.3375759994337383e-08,3.874438903039845e-07,3.6406813030964713e-07,15.574600800052709,2.3375758217980547e-08,1.5119690388587514e-08,-8.256067829393032e-09,1.59308033431671e-08,0.0250519029796123,0.0250519029796123,0.0250519029796123,0.0250519029796123,,,9.0,1.4245014190673828,1.002076119184494,3.6261136237766833e-13,0.0,0.4021799130132422,159.1327610583394
darcy,738,738,1,64,loss2,"MSE(model(a_adv), solver(a_clean).detach())",1,0,1.8631482134878752e-08,4.153345400936814e-07,3.967030579588027e-07,21.292082674204508,1.8631482134878752e-08,1.2323604359210094e-08,-6.307877775668658e-09,1.6540833147615785e-08,0.0250519029796123,0.0250519029796123,0.0250519029796123,0.0250519029796123,,,9.0,1.4245014190673828,1.002076119184494,3.2184606542362553e-13,0.0,0.4156526569859124,153.97471644736564
darcy,739,739,1,64,loss2,"MSE(model(a_adv), solver(a_clean).detach())",1,0,1.841168817406924e-08,4.4208144345248e-07,4.236697552784108e-07,23.010913028339317,1.84116863977124e-08,2.1490905055543408e-08,3.079218657831006e-09,1.960014817115052e-08,0.0250519029796123,0.0250519029796123,0.0250519029796123,0.0250519029796123,,,9.0,1.4245014190673828,1.002076119184494,3.094629587307996e-13,0.0,0.4003757949976716,159.84982309025995
darcy,740,740,1,64,loss2,"MSE(model(a_adv), solver(a_clean).detach())",1,0,3.2665830929090596e-08,4.519010587955563e-07,4.192352278664657e-07,12.834059809362309,3.2665830929090596e-08,1.8811764590509483e-08,-1.3854066338581106e-08,1.7195059598407173e-08,0.0250519029796123,0.0250519029796123,0.0250519029796123,0.0250519029796123,,,9.0,1.4245014190673828,1.002076119184494,5.367832914271453e-13,0.0,0.4013267699920106,159.47104650226564
darcy,741,741,1,64,loss2,"MSE(model(a_adv), solver(a_clean).detach())",1,0,1.826230544565988e-08,4.102058710486745e-07,3.919435656030146e-07,21.46188863006679,1.82623018929462e-08,1.397839000105705e-08,-4.283911891889147e-09,1.3849425606338173e-08,0.0250519029796123,0.0250519029796123,0.0250519029796123,0.0250519029796123,,,9.0,1.4245014190673828,1.002076119184494,3.0349510339762464e-13,0.0,0.4336130009905901,147.59705048924232
darcy,742,742,1,64,loss2,"MSE(model(a_adv), solver(a_clean).detach())",1,0,2.2536550403629008e-08,4.084531326498109e-07,3.8591658224618186e-07,17.12403075601307,2.2536552179985847e-08,1.852740894037197e-08,-4.009143239613877e-09,1.7148520825571726e-08,0.0250519029796123,0.0250519029796123,0.0250519029796123,0.0250519029796123,,,9.0,1.4245014190673828,1.002076119184494,3.382115009060993e-13,0.0,0.401222245011013,159.51259132764008
darcy,743,743,1,64,loss2,"MSE(model(a_adv), solver(a_clean).detach())",1,0,2.5227961941709512e-08,4.292142534723098e-07,4.039862915306003e-07,16.013433525230106,2.5227960165352673e-08,1.5044149037635183e-08,-1.018381112771749e-08,1.7014685660399212e-08,0.0250519029796123,0.0250519029796123,0.0250519029796123,0.0250519029796123,,,9.0,1.4245014190673828,1.002076119184494,4.2006515995653143e-13,0.0,0.4294465260172728,149.02903184138424
darcy,744,744,1,64,loss2,"MSE(model(a_adv), solver(a_clean).detach())",1,0,1.8543701685302952e-08,4.0588622596260393e-07,3.87342524277301e-07,20.88809078417684,1.8543699908946113e-08,1.2091176948558768e-08,-6.452522960387341e-09,1.4001122039530856e-08,0.0250519029796123,0.0250519029796123,0.0250519029796123,0.0250519029796123,,,9.0,1.4245014190673828,1.002076119184494,3.194883322742842e-13,0.0,0.4019723999954294,159.21491127432554
darcy,745,745,1,64,loss2,"MSE(model(a_adv), solver(a_clean).detach())",1,0,1.9602321543743528e-08,4.1561713715054793e-07,3.960148156068044e-07,20.20244462999335,1.9602319767386692e-08,2.2930022325340363e-08,3.327702557953671e-09,2.12204582794584e-08,0.0250519029796123,0.0250519029796123,0.0250519029796123,0.0250519029796123,,,9.0,1.4245014190673828,1.002076119184494,3.164084120578503e-13,0.0,0.4005917710019275,159.763641274828
darcy,746,746,1,64,loss2,"MSE(model(a_adv), solver(a_clean).detach())",1,0,2.733254511610994e-08,4.216553861624561e-07,3.943228410463462e-07,14.426861434646652,2.7332541563396265e-08,1.6377525113853153e-08,-1.0955016449543107e-08,1.8010761770881345e-08,0.0250519029796123,0.0250519029796123,0.0250519029796123,0.0250519029796123,,,9.0,1.4245014190673828,1.002076119184494,4.467933998036217e-13,0.0,0.4015109699976165,159.3978864397651
darcy,747,747,1,64,loss2,"MSE(model(a_adv), solver(a_clean).detach())",1,0,1.8216603336895787e-08,4.09006247537036e-07,3.907896442001402e-07,21.452388075478236,1.8216603336895787e-08,1.2207937771790968e-08,-6.0086655651048204e-09,1.3782369467918444e-08,0.0250519029796123,0.0250519029796123,0.0250519029796123,0.0250519029796123,,,9.0,1.4245014190673828,1.002076119184494,3.120435496366953e-13,0.0,0.4008212390181143,159.6721774444384
darcy,748,748,1,64,loss2,"MSE(model(a_adv), solver(a_clean).detach())",1,0,1.8846510130288152e-08,4.277106882000226e-07,4.088641780697344e-07,21.69442380807948,1.8846508353931316e-08,2.1828213903063446e-08,2.9817055491321302e-09,1.9575823628770195e-08,0.0250519029796123,0.0250519029796123,0.0250519029796123,0.0250519029796123,,,9.0,1.4245014190673828,1.002076119184494,3.0191455347057533e-13,0.0,0.4009022820100654,159.6398994765342
darcy,749,749,1,64,loss2,"MSE(model(a_adv), solver(a_clean).detach())",1,0,2.98388584951681e-08,4.42309726622625e-07,4.124708681274569e-07,13.823279070620268,2.98388584951681e-08,1.7156777332161255e-08,-1.2682081163006842e-08,1.6541934044767004e-08,0.0250519029796123,0.0250519029796123,0.0250519029796123,0.0250519029796123,,,9.0,1.4245014190673828,1.002076119184494,4.98070606026052e-13,0.0,0.4339285469905007,147.4897202405101
darcy,750,750,1,64,loss2,"MSE(model(a_adv), solver(a_clean).detach())",1,0,1.933705107148853e-08,4.036898531012412e-07,3.843528020297527e-07,19.87649515992957,1.933705107148853e-08,1.3995201442185136e-08,-5.341849629303397e-09,1.3205053939202573e-08,0.0250519029796123,0.0250519029796123,0.0250519029796123,0.0250519029796123,,,9.0,1.4245014190673828,1.002076119184494,3.010165630212142e-13,0.0,0.4010081870073918,159.59773908261948
darcy,751,751,1,64,loss2,"MSE(model(a_adv), solver(a_clean).detach())",1,0,2.138786925343084e-08,4.071248724812904e-07,3.8573700322785953e-07,18.03531706020614,2.1387867477074e-08,2.101931428910575e-08,-3.6855318796824577e-10,1.90480733408549e-08,0.0250519029796123,0.0250519029796123,0.0250519029796123,0.0250519029796123,,,9.0,1.4245014190673828,1.002076119184494,3.24836593170938e-13,0.0,0.4009676520072389,159.61387328782465
darcy,752,752,1,64,loss2,"MSE(model(a_adv), solver(a_clean).detach())",1,0,3.023865957629823e-08,4.473192234399903e-07,4.170805638636921e-07,13.792958077765112,3.0238656023584554e-08,1.74115992734869e-08,-1.2827056750097654e-08,1.9301886311495764e-08,0.0250519029796123,0.0250519029796123,0.0250519029796123,0.0250519029796123,,,9.0,1.4245014190673828,1.002076119184494,5.053472289066885e-13,0.0,0.4006557610118761,159.7381249139281
darcy,753,753,1,64,loss2,"MSE(model(a_adv), solver(a_clean).detach())",1,0,1.91851992070724e-08,4.0977568005473596e-07,3.9059048084766346e-07,20.358948407670265,1.918519743071556e-08,1.3073445437328246e-08,-6.1117519933873155e-09,1.4946786475178442e-08,0.0250519029796123,0.0250519029796123,0.0250519029796123,0.0250519029796123,,,9.0,1.4245014190673828,1.002076119184494,3.090731609447367e-13,0.0,0.4003222159808501,159.8712173472319
darcy,754,754,1,64,loss2,"MSE(model(a_adv), solver(a_clean).detach())",1,0,1.8684392699697128e-08,4.310661552153761e-07,4.1238176251567893e-07,22.070921391111824,1.8684390923340288e-08,2.6383625950643363e-08,7.699235027303075e-09,2.3625018386042033e-08,0.0250519029796123,0.0250519029796123,0.0250519029796123,0.0250519029796123,,,9.0,1.4245014190673828,1.002076119184494,3.076634270699624e-13,0.0,0.4000990390195511,159.96039419847892
darcy,755,755,1,64,loss2,"MSE(model(a_adv), solver(a_clean).detach())",1,0,4.0620520280754135e-08,4.780566769113648e-07,4.374361566306106e-07,10.768846720997477,4.0620520280754135e-08,2.185377745433925e-08,-1.8766742826414884e-08,2.00877945388811e-08,0.0250519029796123,0.0250519029796123,0.0250519029796123,0.0250519029796123,,,9.0,1.4245014190673828,1.002076119184494,6.050328424031526e-13,0.0,0.4007605210063047,159.69636889206743
darcy,756,756,1,64,loss2,"MSE(model(a_adv), solver(a_clean).detach())",1,0,2.1794386739770744e-08,3.804516381933354e-07,3.586572514535647e-07,16.456404841118157,2.1794384963413904e-08,1.5856830515303958e-08,-5.9375544481099504e-09,1.39849971603212e-08,0.0250519029796123,0.0250519029796123,0.0250519029796123,0.0250519029796123,,,9.0,1.4245014190673828,1.002076119184494,3.174904729310452e-13,0.0,0.4003882280085236,159.84485937143373
darcy,757,757,1,64,loss2,"MSE(model(a_adv), solver(a_clean).detach())",1,0,2.0100504372067007e-08,4.279798417883285e-07,4.078793374162615e-07,20.291995159239768,2.0100502595710168e-08,2.2240731922806845e-08,2.1402293270966766e-09,2.187892533811464e-08,0.0250519029796123,0.0250519029796123,0.0250519029796123,0.0250519029796123,,,9.0,1.4245014190673828,1.002076119184494,3.083537114881296e-13,0.0,0.4005724670132622,159.77134044482662
darcy,758,758,1,64,loss2,"MSE(model(a_adv), solver(a_clean).detach())",1,0,2.4955944866178473e-08,4.3314111053405213e-07,4.081851656678737e-07,16.356229662178265,2.495594131346479e-08,1.3518910435550424e-08,-1.1437030877914369e-08,1.8639223053895648e-08,0.0250519029796123,0.0250519029796123,0.0250519029796123,0.0250519029796123,,,9.0,1.4245014190673828,1.002076119184494,4.2117272668583394e-13,0.0,0.4546616559964604,140.76401463794923
darcy,759,759,1,64,loss2,"MSE(model(a_adv), solver(a_clean).detach())",1,0,2.2211061434518345e-08,3.8645305266982177e-07,3.642419912353034e-07,16.39912582787389,2.2211057881804663e-08,1.3663915332529086e-08,-8.547142549275577e-09,1.3611697546878077e-08,0.0250519029796123,0.0250519029796123,0.0250519029796123,0.0250519029796123,,,9.0,1.4245014190673828,1.002076119184494,3.6094979544328e-13,0.0,0.4010582090122625,159.5778332467524
darcy,760,760,1,64,loss2,"MSE(model(a_adv), solver(a_clean).detach())",1,0,1.8429263448638267e-08,4.268378290817054e-07,4.084085656330672e-07,22.16087293837261,1.8429261672281427e-08,2.4558740818747538e-08,6.12947914646611e-09,2.2748514183490446e-08,0.0250519029796123,0.0250519029796123,0.0250519029796123,0.0250519029796123,,,9.0,1.4245014190673828,1.002076119184494,3.034787590498744e-13,0.0,0.4189902690122835,152.7481775432921
darcy,761,761,1,64,loss2,"MSE(model(a_adv), solver(a_clean).detach())",1,0,3.2512033953935315e-08,4.6889044824638404e-07,4.363784142924487e-07,13.422058272660871,3.251203040122164e-08,1.708540686706783e-08,-1.5426623534153805e-08,1.5786985940735576e-08,0.0250519029796123,0.0250519029796123,0.0250519029796123,0.0250519029796123,,,9.0,1.4245014190673828,1.002076119184494,5.11227778859924e-13,0.0,0.4015285500208847,159.39090756229206
darcy,762,762,1,64,loss2,"MSE(model(a_adv), solver(a_clean).detach())",1,0,2.2483170880605033e-08,3.807242592301918e-07,3.582410883495868e-07,15.933743965742009,2.248316910424819e-08,1.632146506835852e-08,-6.16170403588967e-09,1.4088119115740484e-08,0.0250519029796123,0.0250519029796123,0.0250519029796123,0.0250519029796123,,,9.0,1.4245014190673828,1.002076119184494,3.204059738880216e-13,0.0,0.4014303149888292,159.42991251615106
darcy,763,763,1,64,loss2,"MSE(model(a_adv), solver(a_clean).detach())",1,0,1.885950062785469e-08,4.300436557969079e-07,4.111841551690532e-07,21.80249431216389,1.8859498851497847e-08,2.1859522192357872e-08,3.000023340860025e-09,2.2391757781292654e-08,0.0250519029796123,0.0250519029796123,0.0250519029796123,0.0250519029796123,,,9.0,1.4245014190673828,1.002076119184494,3.096777391811689e-13,0.0,0.4003505759756081,159.85989240564822
darcy,764,764,1,64,loss2,"MSE(model(a_adv), solver(a_clean).detach())",1,0,2.555227496259249e-08,4.431839215612854e-07,4.176316465986929e-07,16.3442060329301,2.5552271409878813e-08,1.3767140316645056e-08,-1.1785131093233758e-08,1.5721449031502743e-08,0.0250519029796123,0.0250519029796123,0.0250519029796123,0.0250519029796123,,,9.0,1.4245014190673828,1.002076119184494,4.093506133021063e-13,0.0,0.4000872169854119,159.96512081097953
darcy,765,765,1,64,loss2,"MSE(model(a_adv), solver(a_clean).detach())",1,0,2.4465505177317937e-08,3.920542894775281e-07,3.6758878430021014e-07,15.024778014434917,2.4465505177317937e-08,1.575335595305205e-08,-8.712149224265886e-09,1.4844907081368321e-08,0.0250519029796123,0.0250519029796123,0.0250519029796123,0.0250519029796123,,,9.0,1.4245014190673828,1.002076119184494,3.831131375683916e-13,0.0,0.4047751749749295,158.1124633050037
darcy,766,766,1,64,loss2,"MSE(model(a_adv), solver(a_clean).detach())",1,0,1.7378212646690372e-08,4.255869612279639e-07,4.0820874858127365e-07,23.48968544006254,1.7378210870333533e-08,1.9940983975175183e-08,2.562773104841653e-09,1.9312907717505823e-08,0.0250519029796123,0.0250519029796123,0.0250519029796123,0.0250519029796123,,,9.0,1.4245014190673828,1.002076119184494,2.978083003726123e-13,0.0,0.4003412310266867,159.8636239286924
darcy,767,767,1,64,loss2,"MSE(model(a_adv), solver(a_clean).detach())",1,0,3.0388758176513875e-08,4.557092552204267e-07,4.2532049704391284e-07,13.995981493334735,3.0388758176513875e-08,1.6949007530797644e-08,-1.343975064571623e-08,1.5545312148645962e-08,0.0250519029796123,0.0250519029796123,0.0250519029796123,0.0250519029796123,,,9.0,1.4245014190673828,1.002076119184494,4.529783395167825e-13,0.0,0.4009699939924758,159.61294101523458
darcy,768,768,1,64,loss2,"MSE(model(a_adv), solver(a_clean).detach())",1,0,2.2888485773364664e-08,3.9167915133475617e-07,3.687906655613915e-07,16.112497314722027,2.2888483997007825e-08,1.5143090337232934e-08,-7.74539365977489e-09,1.450521081025613e-08,0.0250519029796123,0.0250519029796123,0.0250519029796123,0.0250519029796123,,,9.0,1.4245014190673828,1.002076119184494,3.503704487997639e-13,0.0,0.4030988839804195,158.76997566460344
darcy,769,769,1,64,loss2,"MSE(model(a_adv), solver(a_clean).detach())",1,0,1.9473507251177583e-08,4.119549998904404e-07,3.924814926392628e-07,20.154638174668257,1.9473507251177583e-08,1.4503148904054797e-08,-4.970358347122783e-09,1.610827293774264e-08,0.0250519029796123,0.0250519029796123,0.0250519029796123,0.0250519029796123,,,9.0,1.4245014190673828,1.002076119184494,3.2848967686585633e-13,0.0,0.4013340009842068,159.46817324983763
darcy,770,770,1,64,loss2,"MSE(model(a_adv), solver(a_clean).detach())",1,0,2.103379870277422e-08,4.11902874475345e-07,3.908690757725708e-07,18.582904652454324,2.103379870277422e-08,1.4187330421577826e-08,-6.846468281196394e-09,1.5297221267474015e-08,0.0250519029796123,0.0250519029796123,0.0250519029796123,0.0250519029796123,,,9.0,1.4245014190673828,1.002076119184494,3.472867609807806e-13,0.0,0.4311004490009509,148.4572798481563
darcy,771,771,1,64,loss2,"MSE(model(a_adv), solver(a_clean).detach())",1,0,2.890043759862237e-08,4.2988716586478404e-07,4.009867282661617e-07,13.874763207228249,2.890043759862237e-08,1.7645236383145857e-08,-1.1255201215476518e-08,1.5881256310024128e-08,0.0250519029796123,0.0250519029796123,0.0250519029796123,0.0250519029796123,,,9.0,1.4245014190673828,1.002076119184494,4.782198942399063e-13,0.0,0.4556536689924542,140.45755439985246
darcy,772,772,1,64,loss2,"MSE(model(a_adv), solver(a_clean).detach())",1,0,1.7097075755145852e-08,4.264809660980973e-07,4.093838903429514e-07,23.944673124568432,1.7097072202432173e-08,1.4425172167875644e-08,-2.671900034556529e-09,1.5530518204798227e-08,0.0250519029796123,0.0250519029796123,0.0250519029796123,0.0250519029796123,,,9.0,1.4245014190673828,1.002076119184494,2.969257326991548e-13,0.0,0.4298481129808351,148.88980099548198
darcy,773,773,1,64,loss2,"MSE(model(a_adv), solver(a_clean).detach())",1,0,2.011588406958253e-08,4.069473789058975e-07,3.86831494836315e-07,19.23015133206337,2.0115882293225692e-08,1.5755908577830272e-08,-4.359973715395426e-09,1.4879397269851324e-08,0.0250519029796123,0.0250519029796123,0.0250519029796123,0.0250519029796123,,,9.0,1.4245014190673828,1.002076119184494,3.242994794146886e-13,0.0,0.4036314800032414,158.5604769962096
darcy,774,774,1,64,loss2,"MSE(model(a_adv), solver(a_clean).detach())",1,0,2.3590217779201342e-08,4.039164878122392e-07,3.8032627003303787e-07,16.12220258383363,2.3590214226487664e-08,1.4915537249748922e-08,-8.674676976738738e-09,1.5588990098791555e-08,0.0250519029796123,0.0250519029796123,0.0250519029796123,0.0250519029796123,,,9.0,1.4245014190673828,1.002076119184494,3.866325933455511e-13,0.0,0.4041412589722313,158.36047069967054
darcy,775,775,1,64,loss2,"MSE(model(a_adv), solver(a_clean).detach())",1,0,1.7737626478719903e-08,4.1527493976900587e-07,3.97537313290286e-07,22.41209181889231,1.7737626478719903e-08,1.227945389814522e-08,-5.458172580574683e-09,1.7254341067030058e-08,0.0250519029796123,0.0250519029796123,0.0250519029796123,0.0250519029796123,,,9.0,1.4245014190673828,1.002076119184494,3.0539912504283506e-13,0.0,0.4267196770233568,149.9813658616378
darcy,776,776,1,64,loss2,"MSE(model(a_adv), solver(a_clean).detach())",1,0,1.7159628384888492e-08,4.383050509204623e-07,4.211454225355738e-07,24.54280553688753,1.7159626608531653e-08,2.1946764405811336e-08,4.7871377972796836e-09,2.118315212129573e-08,0.0250519029796123,0.0250519029796123,0.0250519029796123,0.0250519029796123,,,9.0,1.4245014190673828,1.002076119184494,2.9956798760361064e-13,0.0,0.4008854310086462,159.6466098530272
darcy,777,777,1,64,loss2,"MSE(model(a_adv), solver(a_clean).detach())",1,0,2.5224592192785167e-08,4.168298346485244e-07,3.9160524245573924e-07,15.52474027975555,2.522459396914201e-08,1.5219670856936318e-08,-1.0004923112205688e-08,1.633313484461496e-08,0.0250519029796123,0.0250519029796123,0.0250519029796123,0.0250519029796123,,,9.0,1.4245014190673828,1.002076119184494,4.252992814694767e-13,0.0,0.4006127759930677,159.75526452283555
darcy,778,778,1,64,loss2,"MSE(model(a_adv), solver(a_clean).detach())",1,0,1.8361577147629763e-08,4.108225084564765e-07,3.9246093130884674e-07,21.37403166151816,1.836157537127292e-08,1.1973932956266252e-08,-6.387642415006667e-09,1.4089156064045484e-08,0.0250519029796123,0.0250519029796123,0.0250519029796123,0.0250519029796123,,,9.0,1.4245014190673828,1.002076119184494,3.1948662465586253e-13,0.0,0.428050431975862,149.51509265994386
darcy,779,779,1,64,loss2,"MSE(model(a_adv), solver(a_clean).detach())",1,0,1.7761818682515695e-08,4.3620897827167937e-07,4.184471595891637e-07,23.55880144194203,1.7761816906158856e-08,2.068051152548378e-08,2.918694619324924e-09,1.8741460827698123e-08,0.0250519029796123,0.0250519029796123,0.0250519029796123,0.0250519029796123,,,9.0,1.4245014190673828,1.002076119184494,3.048286720697818e-13,0.0,0.4005347730126232,159.78637639529737
darcy,780,780,1,64,loss2,"MSE(model(a_adv), solver(a_clean).detach())",1,0,3.445559570991463e-08,4.545527190202847e-07,4.200971233103701e-07,12.19242084354637,3.445559570991463e-08,1.9670459039389243e-08,-1.4785136670525391e-08,1.9464995837381597e-08,0.0250519029796123,0.0250519029796123,0.0250519029796123,0.0250519029796123,,,9.0,1.4245014190673828,1.002076119184494,5.629636297063699e-13,0.0,0.4279625460039824,149.54579693383832
darcy,781,781,1,64,loss2,"MSE(model(a_adv), solver(a_clean).detach())",1,0,1.824927409188604e-08,4.122156269659172e-07,3.9396635287403125e-07,21.588056099677733,1.824927053917236e-08,1.2641604207885848e-08,-5.607666331286509e-09,1.3147963162651877e-08,0.0250519029796123,0.0250519029796123,0.0250519029796123,0.0250519029796123,,,9.0,1.4245014190673828,1.002076119184494,2.992999186164636e-13,0.0,0.4499148179893382,142.24914904117836
darcy,782,782,1,64,loss2,"MSE(model(a_adv), solver(a_clean).detach())",1,0,1.9423875841084737e-08,4.038621455038083e-07,3.8443826966272354e-07,19.792047313727803,1.9423875841084737e-08,1.7471043278760593e-08,-1.952832562324147e-09,1.653850567606696e-08,0.0250519029796123,0.0250519029796123,0.0250519029796123,0.0250519029796123,,,9.0,1.4245014190673828,1.002076119184494,3.1017452061660183e-13,0.0,0.4012486939900554,159.50207678828275
darcy,783,783,1,64,loss2,"MSE(model(a_adv), solver(a_clean).detach())",1,0,2.3153262418418308e-08,4.15531957287385e-07,3.923786948689667e-07,16.947015404482755,2.3153262418418308e-08,1.3412667421164317e-08,-9.740594997253993e-09,1.4205722820292976e-08,0.0250519029796123,0.0250519029796123,0.0250519029796123,0.0250519029796123,,,9.0,1.4245014190673828,1.002076119184494,3.931901191352866e-13,0.0,0.4317437529971357,148.23607650537235
darcy,784,784,1,64,loss2,"MSE(model(a_adv), solver(a_clean).detach())",1,0,1.807273442011592e-08,4.2522390231169993e-07,4.07151167891584e-07,22.528476235361648,1.807273442011592e-08,1.3105461604823176e-08,-4.967272815292745e-09,1.5604467940022463e-08,0.0250519029796123,0.0250519029796123,0.0250519029796123,0.0250519029796123,,,9.0,1.4245014190673828,1.002076119184494,3.13526440053058e-13,0.0,0.4034773769963067,158.62103713583386
darcy,785,785,1,64,loss2,"MSE(model(a_adv), solver(a_clean).detach())",1,0,1.7970673837908183e-08,4.408171889735968e-07,4.228465151356886e-07,23.529808561975923,1.7970673837908183e-08,2.3182154862411156e-08,5.211481024502973e-09,2.0659681077006556e-08,0.0250519029796123,0.0250519029796123,0.0250519029796123,0.0250519029796123,,,9.0,1.4245014190673828,1.002076119184494,3.038822177833106e-13,0.0,0.4007600960030686,159.69653824893274
darcy,786,786,1,64,loss2,"MSE(model(a_adv), solver(a_clean).detach())",1,0,4.0062893447156966e-08,4.755911504616961e-07,4.355282570145391e-07,10.871113380490147,4.006289699987065e-08,2.2585989967183195e-08,-1.747690703268745e-08,2.1886248369185072e-08,0.0250519029796123,0.0250519029796123,0.0250519029796123,0.0250519029796123,,,9.0,1.4245014190673828,1.002076119184494,6.278971483378304e-13,0.0,0.4010436960088555,159.58360806296483
darcy,787,787,1,64,loss2,"MSE(model(a_adv), solver(a_clean).detach())",1,0,2.00435437136548e-08,3.878324150718981e-07,3.677888713582434e-07,18.349493313783864,2.00435437136548e-08,1.3034503254516494e-08,-7.009040459138305e-09,1.2242624247704724e-08,0.0250519029796123,0.0250519029796123,0.0250519029796123,0.0250519029796123,,,9.0,1.4245014190673828,1.002076119184494,3.178080628524205e-13,0.0,0.4223380940093193,151.53736048869837
darcy,788,788,1,64,loss2,"MSE(model(a_adv), solver(a_clean).detach())",1,0,1.9059596567672088e-08,4.2559776147754746e-07,4.065381649098754e-07,21.329841031337704,1.9059596567672088e-08,2.3153077677307013e-08,4.093481109634922e-09,2.3007868499291817e-08,0.0250519029796123,0.0250519029796123,0.0250519029796123,0.0250519029796123,,,9.0,1.4245014190673828,1.002076119184494,3.044622117354817e-13,0.0,0.426980113988975,149.88988457118762
darcy,789,789,1,64,loss2,"MSE(model(a_adv), solver(a_clean).detach())",1,0,2.3903325541141385e-08,4.316854358421552e-07,4.077821103010138e-07,17.05963923719135,2.3903325541141385e-08,1.3268331322535689e-08,-1.0634994218605698e-08,1.6640241184973092e-08,0.0250519029796123,0.0250519029796123,0.0250519029796123,0.0250519029796123,,,9.0,1.4245014190673828,1.002076119184494,4.115373677688466e-13,0.0,0.400257873989176,159.89691686048062
darcy,790,790,1,64,loss2,"MSE(model(a_adv), solver(a_clean).detach())",1,0,2.027305257001899e-08,3.903859351339634e-07,3.701128825639444e-07,18.25639633131961,2.027305079366215e-08,1.2827199746823226e-08,-7.445851046838925e-09,1.4042144780290757e-08,0.0250519029796123,0.0250519029796123,0.0250519029796123,0.0250519029796123,,,9.0,1.4245014190673828,1.002076119184494,3.349643153995052e-13,0.0,0.4009162069996819,159.63435471704636
darcy,791,791,1,64,loss2,"MSE(model(a_adv), solver(a_clean).detach())",1,0,1.855767450820167e-08,4.2941593392242805e-07,4.108582594142264e-07,22.13953365938416,1.8557672731844832e-08,2.4177564839078517e-08,5.6198921072336824e-09,2.244141938945177e-08,0.0250519029796123,0.0250519029796123,0.0250519029796123,0.0250519029796123,,,9.0,1.4245014190673828,1.002076119184494,3.061790729806668e-13,0.0,0.418280624988256,153.00732612656137
darcy,792,792,1,64,loss2,"MSE(model(a_adv), solver(a_clean).detach())",1,0,4.11471958727816e-08,4.84248857901548e-07,4.4310166202876644e-07,10.768696447717671,4.114719232006792e-08,2.2269608379588132e-08,-1.887758394047978e-08,1.9986472032940128e-08,0.0250519029796123,0.0250519029796123,0.0250519029796123,0.0250519029796123,,,9.0,1.4245014190673828,1.002076119184494,6.113252807617153e-13,0.0,0.4291913019842468,149.11765383900786
darcy,793,793,1,64,loss2,"MSE(model(a_adv), solver(a_clean).detach())",1,0,2.1995379739792046e-08,3.868532871820207e-07,3.648579074422287e-07,16.58793400061927,2.1995381516148882e-08,1.5963331989610197e-08,-6.032049526538685e-09,1.3939754239800097e-08,0.0250519029796123,0.0250519029796123,0.0250519029796123,0.0250519029796123,,,9.0,1.4245014190673828,1.002076119184494,3.109318900441916e-13,0.0,0.4359025790181476,146.8217970725416
darcy,794,794,1,64,loss2,"MSE(model(a_adv), solver(a_clean).detach())",1,0,2.134363263905925e-08,4.227819090374396e-07,4.014382763983804e-07,18.808338917141064,2.134363263905925e-08,2.0451860649473023e-08,-8.917719895862318e-10,2.1711772824062336e-08,0.0250519029796123,0.0250519029796123,0.0250519029796123,0.0250519029796123,,,9.0,1.4245014190673828,1.002076119184494,3.2273584304152997e-13,0.0,0.404060113010928,158.39227367208375
darcy,795,795,1,64,loss2,"MSE(model(a_adv), solver(a_clean).detach())",1,0,2.0548215573512607e-08,4.1764559455259597e-07,3.970973789790833e-07,19.3251514983596,2.054821734986945e-08,1.1432024216162516e-08,-9.116193133706927e-09,1.5552895860082572e-08,0.0250519029796123,0.0250519029796123,0.0250519029796123,0.0250519029796123,,,9.0,1.4245014190673828,1.002076119184494,3.571760671516183e-13,0.0,0.4039654840016737,158.42937709929402
darcy,796,796,1,64,loss2,"MSE(model(a_adv), solver(a_clean).detach())",1,0,2.221059247631274e-08,4.044527770474815e-07,3.822421845711688e-07,17.20990491265932,2.221059247631274e-08,1.3380208940816374e-08,-8.830383535496367e-09,1.3764632544877033e-08,0.0250519029796123,0.0250519029796123,0.0250519029796123,0.0250519029796123,,,9.0,1.4245014190673828,1.002076119184494,3.6461277248302236e-13,0.0,0.4041680300142616,158.34998131282595
darcy,797,797,1,64,loss2,"MSE(model(a_adv), solver(a_clean).detach())",1,0,1.834966845137842e-08,4.3757378875852737e-07,4.19224120307149e-07,22.8464138966858,1.834966845137842e-08,2.4907194529077973e-08,6.557526077699549e-09,2.3074991695182238e-08,0.0250519029796123,0.0250519029796123,0.0250519029796123,0.0250519029796123,,,9.0,1.4245014190673828,1.002076119184494,3.1161640108579025e-13,0.0,0.462612903007539,138.34460643860817
darcy,798,798,1,64,loss2,"MSE(model(a_adv), solver(a_clean).detach())",1,0,3.645909885108267e-08,4.697467090863938e-07,4.3328761023531126e-07,11.884210632991124,3.645909885108267e-08,1.9340703261150335e-08,-1.7118395589932334e-08,1.6548304060393093e-08,0.0250519029796123,0.0250519029796123,0.0250519029796123,0.0250519029796123,,,9.0,1.4245014190673828,1.002076119184494,5.490592789453297e-13,0.0,0.4086055050138384,156.63029306918537
darcy,799,799,1,64,loss2,"MSE(model(a_adv), solver(a_clean).detach())",1,0,2.4934031728207632e-08,3.952503959681053e-07,3.703163642398977e-07,14.851844590418258,2.4934029951850792e-08,2.0973267567114817e-08,-3.960762384735972e-09,1.7484266923162295e-08,0.0250519029796123,0.0250519029796123,0.0250519029796123,0.0250519029796123,,,9.0,1.4245014190673828,1.002076119184494,3.0630082888463694e-13,0.0,0.4034454560023732,158.6335873854123
darcy,800,800,1,64,loss2,"MSE(model(a_adv), solver(a_clean).detach())",1,0,2.570644852539772e-08,4.2250468368365546e-07,3.967982351582578e-07,15.435746978670544,2.570644852539772e-08,1.920609271621743e-08,-6.5003558091802915e-09,2.054642589399691e-08,0.0250519029796123,0.0250519029796123,0.0250519029796123,0.0250519029796123,,,9.0,1.4245014190673828,1.002076119184494,3.587769187643475e-13,0.0,0.4040984739840496,158.37723753078606
darcy,801,801,1,64,loss2,"MSE(model(a_adv), solver(a_clean).detach())",1,0,2.0222177710138567e-08,4.265836537342693e-07,4.0636147602413086e-07,20.0948424966317,2.0222175933781728e-08,1.1547668599121153e-08,-8.674507334660575e-09,1.7174138555731133e-08,0.0250519029796123,0.0250519029796123,0.0250519029796123,0.0250519029796123,,,9.0,1.4245014190673828,1.002076119184494,3.458170707258679e-13,0.0,0.4042220099945552,158.32883518851943
darcy,802,802,1,64,loss2,"MSE(model(a_adv), solver(a_clean).detach())",1,0,2.955762035128373e-08,4.284602255211212e-07,3.989026051698375e-07,13.495761851901332,2.955762035128373e-08,1.8245872368538585e-08,-1.1311747982745146e-08,1.7315087141867025e-08,0.0250519029796123,0.0250519029796123,0.0250519029796123,0.0250519029796123,,,9.0,1.4245014190673828,1.002076119184494,4.826862108793517e-13,0.0,0.414552916015964,154.3831861444087
darcy,803,803,1,64,loss2,"MSE(model(a_adv), solver(a_clean).detach())",1,0,1.9414823526631156e-08,4.660905972286855e-07,4.4667577370205446e-07,23.00694482694385,1.9414823526631156e-08,2.7878902741917958e-08,8.464079215286802e-09,2.6538879538406945e-08,0.0250519029796123,0.0250519029796123,0.0250519029796123,0.0250519029796123,,,9.0,1.4245014190673828,1.002076119184494,3.351967954503404e-13,0.0,0.4040236540022306,158.40656695720756
darcy,804,804,1,64,loss2,"MSE(model(a_adv), solver(a_clean).detach())",1,0,2.7967999471911756e-08,4.370355668470438e-07,4.090675673751321e-07,14.62627199295961,2.7967999471911756e-08,1.567160801130285e-08,-1.2296391460608902e-08,1.4995992447808252e-08,0.0250519029796123,0.0250519029796123,0.0250519029796123,0.0250519029796123,,,9.0,1.4245014190673828,1.002076119184494,4.13883906530757e-13,0.0,0.404045003990177,158.39819665622184
darcy,805,805,1,64,loss2,"MSE(model(a_adv), solver(a_clean).detach())",1,0,2.4607592408187884e-08,3.6733661090693204e-07,3.4272901849874415e-07,13.927775331027718,2.4607592408187884e-08,1.8349913588622258e-08,-6.257678819565626e-09,1.8559978443022374e-08,0.0250519029796123,0.0250519029796123,0.0250519029796123,0.0250519029796123,,,9.0,1.4245014190673828,1.002076119184494,3.257291355043823e-13,0.0,0.4005923269724007,159.76341954350352
darcy,806,806,1,64,loss2,"MSE(model(a_adv), solver(a_clean).detach())",1,0,2.13481072819377e-08,4.109112126116088e-07,3.895631053296711e-07,18.248133203793405,2.1348103729224025e-08,1.3943767918078722e-08,-7.4043358111453025e-09,2.0577594739279448e-08,0.0250519029796123,0.0250519029796123,0.0250519029796123,0.0250519029796123,,,9.0,1.4245014190673828,1.002076119184494,3.4230948696249713e-13,0.0,0.4006129269837402,159.75520431121183
darcy,807,807,1,64,loss2,"MSE(model(a_adv), solver(a_clean).detach())",1,0,1.7777406213781433e-08,4.446102366273408e-07,4.268328304135594e-07,24.00984852799669,1.7777404437424593e-08,2.085586814359885e-08,3.078463706174261e-09,2.0855531523977788e-08,0.0250519029796123,0.0250519029796123,0.0250519029796123,0.0250519029796123,,,9.0,1.4245014190673828,1.002076119184494,2.975745463842245e-13,0.0,0.4300115979858674,148.83319496443767
darcy,808,808,1,64,loss2,"MSE(model(a_adv), solver(a_clean).detach())",1,0,4.5833392192662365e-08,4.862174023401167e-07,4.403840101474543e-07,9.60836606411945,4.5833388639948687e-08,2.7487445208862482e-08,-1.83459434310862e-08,2.205850258008013e-08,0.0250519029796123,0.0250519029796123,0.0250519029796123,0.0250519029796123,,,9.0,1.4245014190673828,1.002076119184494,6.998354261551766e-13,0.0,0.400649124989286,159.7407706848516
darcy,809,809,1,64,loss2,"MSE(model(a_adv), solver(a_clean).detach())",1,0,1.9602603984480996e-08,4.368521615560894e-07,4.172495575716084e-07,21.285414830699885,1.9602603984480996e-08,2.0449908433306522e-08,8.473044488255255e-10,2.019340428205396e-08,0.0250519029796123,0.0250519029796123,0.0250519029796123,0.0250519029796123,,,9.0,1.4245014190673828,1.002076119184494,3.157787887512337e-13,0.0,0.4306936979992315,148.59748423835586
darcy,810,810,1,64,loss2,"MSE(model(a_adv), solver(a_clean).detach())",1,0,2.0740332118407423e-08,4.1049599985854e-07,3.897556677401326e-07,18.792161355710277,2.0740332118407423e-08,2.1256578719430763e-08,5.162466010233402e-10,1.9341094947833426e-08,0.0250519029796123,0.0250519029796123,0.0250519029796123,0.0250519029796123,,,9.0,1.4245014190673828,1.002076119184494,3.168421471369532e-13,0.0,0.4280227989947889,149.52474529465238
darcy,811,811,1,64,loss2,"MSE(model(a_adv), solver(a_clean).detach())",1,0,2.7221593867921e-08,4.35631079653831e-07,4.0840948578591e-07,15.00314374564216,2.7221595644277844e-08,1.6778868072719888e-08,-1.0442727571557953e-08,1.9422169650340493e-08,0.0250519029796123,0.0250519029796123,0.0250519029796123,0.0250519029796123,,,9.0,1.4245014190673828,1.002076119184494,4.533550997717212e-13,0.0,0.400818338006502,159.67333310723373
darcy,812,812,1,64,loss2,"MSE(model(a_adv), solver(a_clean).detach())",1,0,1.8598584006213062e-08,4.05182959184458e-07,3.86584375178245e-07,20.785688579792,1.8598582229856223e-08,1.1924672804752845e-08,-6.673909425103375e-09,1.5398375907693662e-08,0.0250519029796123,0.0250519029796123,0.0250519029796123,0.0250519029796123,,,9.0,1.4245014190673828,1.002076119184494,3.200178024052175e-13,0.0,0.4090438909770455,156.46242716674996
darcy,813,813,1,64,loss2,"MSE(model(a_adv), solver(a_clean).detach())",1,0,1.84943225178813e-08,4.313533565891703e-07,4.12859034071289e-07,22.32355544098005,1.849432429423814e-08,2.536939192054888e-08,6.875067626310738e-09,2.2965991774981376e-08,0.0250519029796123,0.0250519029796123,0.0250519029796123,0.0250519029796123,,,9.0,1.4245014190673828,1.002076119184494,3.115136187198387e-13,0.0,0.4008333189995028,159.6673653770768
darcy,814,814,1,64,loss2,"MSE(model(a_adv), solver(a_clean).detach())",1,0,3.8951057490521634e-08,4.7627332833144475e-07,4.37322270840923e-07,11.2274813321138,3.8951057490521634e-08,2.07482795389069e-08,-1.820277795161473e-08,1.793983983588987e-08,0.0250519029796123,0.0250519029796123,0.0250519029796123,0.0250519029796123,,,9.0,1.4245014190673828,1.002076119184494,5.951435091272607e-13,0.0,0.4342453810095321,147.38210882338697
darcy,815,815,1,64,loss2,"MSE(model(a_adv), solver(a_clean).detach())",1,0,2.1077172007721856e-08,3.9830081277614237e-07,3.772236407684204e-07,17.897260630136735,2.1077170231365017e-08,1.7101060123536627e-08,-3.97611010782839e-09,1.5048418511298678e-08,0.0250519029796123,0.0250519029796123,0.0250519029796123,0.0250519029796123,,,9.0,1.4245014190673828,1.002076119184494,3.019035217134703e-13,0.0,0.4176712860062253,153.2305479075861
darcy,816,816,1,64,loss2,"MSE(model(a_adv), solver(a_clean).detach())",1,0,2.1233709901480324e-08,4.1125872485281444e-07,3.90025014951334e-07,18.3681992812826,2.1233711677837164e-08,2.0929238786493446e-08,-3.0447289134372113e-10,2.267167520386693e-08,0.0250519029796123,0.0250519029796123,0.0250519029796123,0.0250519029796123,,,9.0,1.4245014190673828,1.002076119184494,3.169055187539349e-13,0.0,0.4008775800175499,159.6497364537028
darcy,817,817,1,64,loss2,"MSE(model(a_adv), solver(a_clean).detach())",1,0,2.0072871365073297e-08,4.006699612091325e-07,3.805970898440592e-07,18.96076963389983,2.0072871365073297e-08,1.1880946892972588e-08,-8.191924472100709e-09,2.025950074369121e-08,0.0250519029796123,0.0250519029796123,0.0250519029796123,0.0250519029796123,,,9.0,1.4245014190673828,1.002076119184494,3.408067014362693e-13,0.0,0.4004410239867866,159.82378469322816
darcy,818,818,1,64,loss2,"MSE(model(a_adv), solver(a_clean).detach())",1,0,2.4482988081331317e-08,4.211569830658846e-07,3.966739949845533e-07,16.202025409105346,2.4482988081331317e-08,1.3784223540369568e-08,-1.0698764540961749e-08,1.982997099858608e-08,0.0250519029796123,0.0250519029796123,0.0250519029796123,0.0250519029796123,,,9.0,1.4245014190673828,1.002076119184494,4.125969856570711e-13,0.0,0.4645380959846079,137.77126257933554
darcy,819,819,1,64,loss2,"MSE(model(a_adv), solver(a_clean).detach())",1,0,2.2576411851105153e-08,5.248882644082187e-07,5.023118525571135e-07,22.24941039656506,2.2576410074748313e-08,3.206395504662396e-08,9.487544971875652e-09,3.226345590690016e-08,0.0250519029796123,0.0250519029796123,0.0250519029796123,0.0250519029796123,,,9.0,1.4245014190673828,1.002076119184494,3.9063389567321754e-13,0.0,0.4327455449965782,147.8929147624294
darcy,820,820,1,64,loss2,"MSE(model(a_adv), solver(a_clean).detach())",1,0,4.150128063429293e-08,4.98631663958804e-07,4.5713038332451116e-07,11.014850056139704,4.150128063429293e-08,2.2776914576638774e-08,-1.872436605765415e-08,2.4676784171617786e-08,0.0250519029796123,0.0250519029796123,0.0250519029796123,0.0250519029796123,,,9.0,1.4245014190673828,1.002076119184494,5.541466265891748e-13,0.0,0.4046857120119966,158.14741687273298
darcy,821,821,1,64,loss2,"MSE(model(a_adv), solver(a_clean).detach())",1,0,2.8292596709889043e-08,4.048739867812401e-07,3.7658139007135116e-07,13.31024486485984,2.8292596709889043e-08,2.4118538277662086e-08,-4.174058432226957e-09,3.0504760495375656e-08,0.0250519029796123,0.0250519029796123,0.0250519029796123,0.0250519029796123,,,9.0,1.4245014190673828,1.002076119184494,3.20086188457247e-13,0.0,0.403537011006847,158.5975963897747
darcy,822,822,1,64,loss2,"MSE(model(a_adv), solver(a_clean).detach())",1,0,3.3429923718131256e-08,4.563464131024375e-07,4.2291648938430637e-07,12.650836207410512,3.342992016541757e-08,1.8965824466476988e-08,-1.4464095698940582e-08,3.2565610652568466e-08,0.0250519029796123,0.0250519029796123,0.0250519029796123,0.0250519029796123,,,9.0,1.4245014190673828,1.002076119184494,4.43902889706721e-13,0.0,0.4136944240017328,154.70355964897396
darcy,823,823,1,64,loss2,"MSE(model(a_adv), solver(a_clean).detach())",1,0,1.9611416490761258e-08,4.706397476184066e-07,4.510283311276453e-07,22.99825366210137,1.9611416490761258e-08,2.5008846549212652e-08,5.397430058451391e-09,3.742826404362632e-08,0.0250519029796123,0.0250519029796123,0.0250519029796123,0.0250519029796123,,,9.0,1.4245014190673828,1.002076119184494,3.308705035214715e-13,0.0,0.4444941279944032,143.983904329116
darcy,824,824,1,64,loss2,"MSE(model(a_adv), solver(a_clean).detach())",1,0,4.722851443261789e-08,4.978142555955856e-07,4.505857411629677e-07,9.54054444811788,4.7228510879904206e-08,2.5468944286899383e-08,-2.1759566593004823e-08,2.9682044377921105e-08,0.0250519029796123,0.0250519029796123,0.0250519029796123,0.0250519029796123,,,9.0,1.4245014190673828,1.002076119184494,6.727427859579138e-13,0.0,0.4047779409738723,158.11138286345275
darcy,825,825,1,64,loss2,"MSE(model(a_adv), solver(a_clean).detach())",1,0,2.5267844705467724e-08,4.928022008243715e-07,4.675343561189038e-07,18.50313556888901,2.5267842929110884e-08,2.4840325352215583e-08,-4.275175768952977e-10,3.031511131013076e-08,0.0250519029796123,0.0250519029796123,0.0250519029796123,0.0250519029796123,,,9.0,1.4245014190673828,1.002076119184494,3.6106623875660493e-13,0.0,0.4382474879967049,146.03620500497018
darcy,826,826,1,64,loss2,"MSE(model(a_adv), solver(a_clean).detach())",1,0,2.6884274362259933e-08,4.335003609412525e-07,4.066160865789925e-07,15.12468148107427,2.688427258590309e-08,1.9443984200506748e-08,-7.440288385396343e-09,4.3758161538676183e-08,0.0250519029796123,0.0250519029796123,0.0250519029796123,0.0250519029796123,,,9.0,1.4245014190673828,1.002076119184494,3.6793227427452113e-13,0.0,0.4040401179809123,158.40011214684253
darcy,827,827,1,64,loss2,"MSE(model(a_adv), solver(a_clean).detach())",1,0,2.386132180731693e-08,4.1149945673168986e-07,3.8763813492437293e-07,16.245459411452476,2.386132180731693e-08,2.0957520163733534e-08,-2.903801643583392e-09,4.964798971940355e-08,0.0250519029796123,0.0250519029796123,0.0250519029796123,0.0250519029796123,,,9.0,1.4245014190673828,1.002076119184494,3.114785718846131e-13,0.0,0.4003828759887256,159.84699605834837
darcy,828,828,1,64,loss2,"MSE(model(a_adv), solver(a_clean).detach())",1,0,4.004504816634835e-08,4.815558440895984e-07,4.415107959232501e-07,11.025353099569283,4.004504816634835e-08,2.0493761354600792e-08,-1.9551286811747562e-08,5.3806239463938255e-08,0.0250519029796123,0.0250519029796123,0.0250519029796123,0.0250519029796123,,,9.0,1.4245014190673828,1.002076119184494,5.396323036858941e-13,0.0,0.400866068986943,159.65432086017887
darcy,829,829,1,64,loss2,"MSE(model(a_adv), solver(a_clean).detach())",1,0,2.839852086822248e-08,5.335465402822592e-07,5.051480194140368e-07,17.787828519593422,2.839852264457932e-08,2.7862485652008218e-08,-5.360369925710984e-10,7.42104733220117e-08,0.0250519029796123,0.0250519029796123,0.0250519029796123,0.0250519029796123,,,9.0,1.4245014190673828,1.002076119184494,4.19903695147994e-13,0.0,0.4000685579958372,159.97258150105847
darcy,830,830,1,64,loss2,"MSE(model(a_adv), solver(a_clean).detach())",1,0,4.249240959097733e-08,4.7613161768822476e-07,4.336392080972473e-07,10.205098093315106,4.249240603826365e-08,2.466459925187792e-08,-1.7827806786385736e-08,9.00615937382554e-08,0.0250519029796123,0.0250519029796123,0.0250519029796123,0.0250519029796123,,,9.0,1.4245014190673828,1.002076119184494,5.204991711076079e-13,0.0,0.4000947839813307,159.9620953893425
darcy,831,831,1,64,loss2,"MSE(model(a_adv), solver(a_clean).detach())",1,0,2.9440297311111866e-08,4.568594249576563e-07,4.274191276465445e-07,14.518166142473724,2.9440295534755023e-08,2.4991733127421867e-08,-4.4485624073331564e-09,9.447265369999512e-08,0.0250519029796123,0.0250519029796123,0.0250519029796123,0.0250519029796123,,,9.0,1.4245014190673828,1.002076119184494,3.370916013770847e-13,0.0,0.4002792410028633,159.88838151999542
darcy,832,832,1,64,loss2,"MSE(model(a_adv), solver(a_clean).detach())",1,0,3.0492262936832055e-08,4.39127035178899e-07,4.086347722420669e-07,13.401260939163391,3.0492266489545734e-08,1.761913281939087e-08,-1.2873133670154855e-08,1.0204263567459293e-07,0.0250519029796123,0.0250519029796123,0.0250519029796123,0.0250519029796123,,,9.0,1.4245014190673828,1.002076119184494,4.13112442474925e-13,0.0,0.4441478649969212,144.09615590619495
darcy,833,833,1,64,loss2,"MSE(model(a_adv), solver(a_clean).detach())",1,0,2.126573583893787e-08,4.6672454345753067e-07,4.454588076185928e-07,20.94725576356268,2.126573583893787e-08,2.466301829429085e-08,3.397282455352979e-09,9.650856114262753e-08,0.0250519029796123,0.0250519029796123,0.0250519029796123,0.0250519029796123,,,9.0,1.4245014190673828,1.002076119184494,3.280476205350797e-13,0.0,0.401003282982856,159.59969086521463
darcy,834,834,1,64,loss2,"MSE(model(a_adv), solver(a_clean).detach())",1,0,3.7079587400512544e-08,4.583266388635821e-07,4.212470514630695e-07,11.360618631297037,3.7079587400512544e-08,1.8387405376074643e-08,-1.8692182024437898e-08,9.946585066700209e-08,0.0250519029796123,0.0250519029796123,0.0250519029796123,0.0250519029796123,,,9.0,1.4245014190673828,1.002076119184494,5.232532614661556e-13,0.0,0.4010825199948158,159.56816068879598
darcy,835,835,1,64,loss2,"MSE(model(a_adv), solver(a_clean).detach())",1,0,2.4528286957092863e-08,4.28892008130788e-07,4.04363721173695e-07,16.485607897569256,2.4528285180736024e-08,2.1294015439821123e-08,-3.2342697409148972e-09,1.0639822711766557e-07,0.0250519029796123,0.0250519029796123,0.0250519029796123,0.0250519029796123,,,9.0,1.4245014190673828,1.002076119184494,3.261444662516072e-13,0.0,0.4250723550212569,150.56260244635175
darcy,836,836,1,64,loss2,"MSE(model(a_adv), solver(a_clean).detach())",1,0,3.051076191695756e-08,4.19468960899394e-07,3.889581989824365e-07,12.748229626027712,3.051076191695756e-08,2.167642421113669e-08,-8.834337705820872e-09,1.0681937467893476e-07,0.0250519029796123,0.0250519029796123,0.0250519029796123,0.0250519029796123,,,9.0,1.4245014190673828,1.002076119184494,3.9601194502456027e-13,0.0,0.4011260539991781,159.55084283837402
darcy,837,837,1,64,loss2,"MSE(model(a_adv), solver(a_clean).detach())",1,0,2.4543368226659368e-08,3.91563247603699e-07,3.670198793770396e-07,14.953932809367918,2.4543366450302532e-08,1.4790069613468404e-08,-9.753296836834124e-09,1.0112065096379297e-07,0.0250519029796123,0.0250519029796123,0.0250519029796123,0.0250519029796123,,,9.0,1.4245014190673828,1.002076119184494,3.7682622864090853e-13,0.0,0.4000618580030277,159.9752606246098
darcy,838,838,1,64,loss2,"MSE(model(a_adv), solver(a_clean).detach())",1,0,2.7217527787115614e-08,4.24785696395702e-07,3.9756816860858645e-07,14.60706393755532,2.7217529563472453e-08,1.5582479306885944e-08,-1.1635050256586512e-08,9.48826679447734e-08,0.0250519029796123,0.0250519029796123,0.0250519029796123,0.0250519029796123,,,9.0,1.4245014190673828,1.002076119184494,4.23706886633693e-13,0.0,0.4002650649927091,159.89404421583924
darcy,839,839,1,64,loss2,"MSE(model(a_adv), solver(a_clean).detach())",1,0,2.1881614742369493e-08,4.185021111879905e-07,3.96620496445621e-07,18.125741683845774,2.1881612966012653e-08,1.9067005752049223e-08,-2.814607213963427e-09,8.349054159140223e-08,0.0250519029796123,0.0250519029796123,0.0250519029796123,0.0250519029796123,,,9.0,1.4245014190673828,1.002076119184494,3.352543665856994e-13,0.0,0.4008525120152626,159.65972042496062
darcy,840,840,1,64,loss2,"MSE(model(a_adv), solver(a_clean).detach())",1,0,2.51636027570612e-08,4.0066061046672985e-07,3.7549700770966876e-07,14.922227605278016,2.51636027570612e-08,1.6020182513898362e-08,-9.143420243162836e-09,7.045253447302002e-08,0.0250519029796123,0.0250519029796123,0.0250519029796123,0.0250519029796123,,,9.0,1.4245014190673828,1.002076119184494,3.900968632321311e-13,0.0,0.40074110601563,159.7041058161471
darcy,841,841,1,64,loss2,"MSE(model(a_adv), solver(a_clean).detach())",1,0,2.9395648581953537e-08,4.1229111502616433e-07,3.828954664442108e-07,13.025583204150715,2.9395646805596698e-08,1.6061381558074572e-08,-1.3334265247522126e-08,7.042377259125487e-08,0.0250519029796123,0.0250519029796123,0.0250519029796123,0.0250519029796123,,,9.0,1.4245014190673828,1.002076119184494,4.5265123572134363e-13,0.0,0.4006755999871529,159.7302156708621
darcy,842,842,1,64,loss2,"MSE(model(a_adv), solver(a_clean).detach())",1,0,2.27859686674492e-08,3.98770765741574e-07,3.759847970741248e-07,16.500715969614948,2.278596689109236e-08,1.5329984393019913e-08,-7.455982498072444e-09,4.741494175064531e-08,0.0250519029796123,0.0250519029796123,0.0250519029796123,0.0250519029796123,,,9.0,1.4245014190673828,1.002076119184494,3.6678253208070893e-13,0.0,0.4179096180014312,153.14316120807925
darcy,843,843,1,64,loss2,"MSE(model(a_adv), solver(a_clean).detach())",1,0,2.9643610233165415e-08,4.3686807771337044e-07,4.07224467480205e-07,13.737343875362397,2.9643610233165415e-08,1.6684031933777987e-08,-1.2959578299387433e-08,3.6378912326995305e-08,0.0250519029796123,0.0250519029796123,0.0250519029796123,0.0250519029796123,,,9.0,1.4245014190673828,1.002076119184494,4.294309320033302e-13,0.0,0.4006423020036891,159.74349108899312
darcy,844,844,1,64,loss2,"MSE(model(a_adv), solver(a_clean).detach())",1,0,2.262157394739006e-08,3.973688080805005e-07,3.747472341331104e-07,16.56592220349665,2.2621572171033225e-08,1.6048630868681357e-08,-6.5729413023518646e-09,3.032290241122837e-08,0.0250519029796123,0.0250519029796123,0.0250519029796123,0.0250519029796123,,,9.0,1.4245014190673828,1.002076119184494,3.4837153235940665e-13,0.0,0.4213493209972512,151.8929705369515
darcy,845,845,1,64,loss2,"MSE(model(a_adv), solver(a_clean).detach())",1,0,2.257851861031668e-08,4.103937669697189e-07,3.878152483594022e-07,17.176292876105695,2.257851861031668e-08,1.3644386065436722e-08,-8.934132544879958e-09,2.1576571196391118e-08,0.0250519029796123,0.0250519029796123,0.0250519029796123,0.0250519029796123,,,9.0,1.4245014190673828,1.002076119184494,3.741111153504617e-13,0.0,0.4006958719983231,159.72213459755292
darcy,846,846,1,64,loss2,"MSE(model(a_adv), solver(a_clean).detach())",1,0,1.992298948039206e-08,4.073890806921554e-07,3.874660912117634e-07,19.448190322697418,1.9922987704035225e-08,1.9614237345422225e-08,-3.087503586129969e-10,2.3891550959831423e-08,0.0250519029796123,0.0250519029796123,0.0250519029796123,0.0250519029796123,,,9.0,1.4245014190673828,1.002076119184494,3.2233636875107774e-13,0.0,0.4009145770105533,159.63500373875237
darcy,847,847,1,64,loss2,"MSE(model(a_adv), solver(a_clean).detach())",1,0,3.3319523140562524e-08,4.31054331784253e-07,3.977348086436905e-07,11.936989823227574,3.3319519587848845e-08,1.7281664099755293e-08,-1.6037855488093555e-08,2.5579264928410342e-08,0.0250519029796123,0.0250519029796123,0.0250519029796123,0.0250519029796123,,,9.0,1.4245014190673828,1.002076119184494,4.92012084286203e-13,0.0,0.4007565449865069,159.69795328521664
darcy,848,848,1,64,loss2,"MSE(model(a_adv), solver(a_clean).detach())",1,0,2.224940232053996e-08,4.050285440371226e-07,3.8277914171658267e-07,17.204019065411607,2.224940054418312e-08,1.433635610226247e-08,-7.913044441920647e-09,1.5347301207668806e-08,0.0250519029796123,0.0250519029796123,0.0250519029796123,0.0250519029796123,,,9.0,1.4245014190673828,1.002076119184494,3.5745714656483523e-13,0.0,0.4291042920085601,149.14789059887397
darcy,849,849,1,64,loss2,"MSE(model(a_adv), solver(a_clean).detach())",1,0,2.1288935059260442e-08,4.0356860608881117e-07,3.822796710295506e-07,17.956730572263332,2.1288935059260442e-08,1.6914057709982444e-08,-4.3748773492779955e-09,1.7163412913134838e-08,0.0250519029796123,0.0250519029796123,0.0250519029796123,0.0250519029796123,,,9.0,1.4245014190673828,1.002076119184494,3.371565721922709e-13,0.0,0.4270117380074225,149.87878389162108
darcy,850,850,1,64,loss2,"MSE(model(a_adv), solver(a_clean).detach())",1,0,2.1368400382471012e-08,4.017147148260848e-07,3.803463144436137e-07,17.79947528293323,2.1368402158827848e-08,1.2412932015593016e-08,-8.955470143234834e-09,1.3615411909029262e-08,0.0250519029796123,0.0250519029796123,0.0250519029796123,0.0250519029796123,,,9.0,1.4245014190673828,1.002076119184494,3.5402434564631163e-13,0.0,0.4003192370000761,159.87240703096123
darcy,851,851,1,64,loss2,"MSE(model(a_adv), solver(a_clean).detach())",1,0,2.2150539180643136e-08,3.890964705988154e-07,3.669459314181722e-07,16.566004485292083,2.2150537404286297e-08,1.3027365852735784e-08,-9.123171551550513e-09,1.251094872145586e-08,0.0250519029796123,0.0250519029796123,0.0250519029796123,0.0250519029796123,,,9.0,1.4245014190673828,1.002076119184494,3.475105132041273e-13,0.0,0.4291141249996144,149.14447293026652
darcy,852,852,1,64,loss2,"MSE(model(a_adv), solver(a_clean).detach())",1,0,1.8557019032527933e-08,4.221965923534299e-07,4.0363957332090205e-07,21.75131537093197,1.8557019032527933e-08,1.5738551795152492e-08,-2.8184672373754442e-09,1.612592548383418e-08,0.0250519029796123,0.0250519029796123,0.0250519029796123,0.0250519029796123,,,9.0,1.4245014190673828,1.002076119184494,3.093489006622541e-13,0.0,0.4158651170146186,153.89605278614954
darcy,853,853,1,64,loss2,"MSE(model(a_adv), solver(a_clean).detach())",1,0,2.237965190943214e-08,4.041786496600253e-07,3.817989977505931e-07,17.060095451693773,2.237965190943214e-08,1.3145998067898292e-08,-9.233653841533853e-09,1.3669690712703186e-08,0.0250519029796123,0.0250519029796123,0.0250519029796123,0.0250519029796123,,,9.0,1.4245014190673828,1.002076119184494,3.658407398635794e-13,0.0,0.4449250739999115,143.8444442445892
darcy,854,854,1,64,loss2,"MSE(model(a_adv), solver(a_clean).detach())",1,0,2.1341339362379586e-08,3.893026132573141e-07,3.679612738949345e-07,17.24171419829324,2.1341337586022743e-08,1.3116883579300522e-08,-8.224454006722226e-09,1.248695991051818e-08,0.0250519029796123,0.0250519029796123,0.0250519029796123,0.0250519029796123,,,9.0,1.4245014190673828,1.002076119184494,3.50856659264015e-13,0.0,0.4013136079884134,159.47627672233776
darcy,855,855,1,64,loss2,"MSE(model(a_adv), solver(a_clean).detach())",1,0,1.94477962622841e-08,4.27548400239175e-07,4.081006039768909e-07,20.984413785141143,1.944779448592726e-08,1.436043461922054e-08,-5.087359866706721e-09,1.47735503830404e-08,0.0250519029796123,0.0250519029796123,0.0250519029796123,0.0250519029796123,,,9.0,1.4245014190673828,1.002076119184494,3.240198907794589e-13,0.0,0.4294096500088926,149.04182986729484
darcy,856,856,1,64,loss2,"MSE(model(a_adv), solver(a_clean).detach())",1,0,2.2805256350011405e-08,4.0612525253891363e-07,3.833199961889022e-07,16.808405496775332,2.2805254573654565e-08,1.2965577056434086e-08,-9.839677517220481e-09,1.3510416785322832e-08,0.0250519029796123,0.0250519029796123,0.0250519029796123,0.0250519029796123,,,9.0,1.4245014190673828,1.002076119184494,3.654180365415816e-13,0.0,0.4387647570110857,145.86403984671674
darcy,857,857,1,64,loss2,"MSE(model(a_adv), solver(a_clean).detach())",1,0,2.278776456421383e-08,3.9630623405173537e-07,3.7351846948752165e-07,16.391185209719925,2.278776278785699e-08,1.290158646582995e-08,-9.88617632202704e-09,1.2495205758966677e-08,0.0250519029796123,0.0250519029796123,0.0250519029796123,0.0250519029796123,,,9.0,1.4245014190673828,1.002076119184494,3.815717544448233e-13,0.0,0.4251995669910684,150.51755685664742
darcy,858,858,1,64,loss2,"MSE(model(a_adv), solver(a_clean).detach())",1,0,1.8181282257501152e-08,4.098978081401583e-07,3.9171652588265726e-07,21.545043981760116,1.8181280481144316e-08,1.3713816748861518e-08,-4.467463732282795e-09,1.3779611229836064e-08,0.0250519029796123,0.0250519029796123,0.0250519029796123,0.0250519029796123,,,9.0,1.4245014190673828,1.002076119184494,3.11874278572516e-13,0.0,0.4300059830129612,148.83513841264602
darcy,859,859,1,64,loss2,"MSE(model(a_adv), solver(a_clean).detach())",1,0,1.9832725683954777e-08,4.125368207041902e-07,3.927040950202354e-07,19.80081312463994,1.9832727460311617e-08,1.3140290633373296e-08,-6.6924368269383194e-09,1.2904178614547844e-08,0.0250519029796123,0.0250519029796123,0.0250519029796123,0.0250519029796123,,,9.0,1.4245014190673828,1.002076119184494,3.3136660733054657e-13,0.0,0.4009803860099055,159.60880440276446
darcy,860,860,1,64,loss2,"MSE(model(a_adv), solver(a_clean).detach())",1,0,2.3698607520827863e-08,4.0568050962974667e-07,3.819819021089188e-07,16.118326858369567,2.3698607520827863e-08,1.2563662998843485e-08,-1.113494452198438e-08,1.2386144110365649e-08,0.0250519029796123,0.0250519029796123,0.0250519029796123,0.0250519029796123,,,9.0,1.4245014190673828,1.002076119184494,3.895632731329424e-13,0.0,0.4009711249964311,159.61249080110102
darcy,861,861,1,64,loss2,"MSE(model(a_adv), solver(a_clean).detach())",1,0,1.8206844032420122e-08,4.163109110777441e-07,3.98104067045324e-07,21.86562736169089,1.8206844032420122e-08,1.2797877424475246e-08,-5.408966607944876e-09,1.2840820851067748e-08,0.0250519029796123,0.0250519029796123,0.0250519029796123,0.0250519029796123,,,9.0,1.4245014190673828,1.002076119184494,3.113340748400751e-13,0.0,0.4316538679995574,148.26694429172966
darcy,862,862,1,64,loss2,"MSE(model(a_adv), solver(a_clean).detach())",1,0,1.945224781252364e-08,4.1428728536629933e-07,3.948350375537757e-07,20.297656155684752,1.94522460361668e-08,1.5396180330640163e-08,-4.056065705526635e-09,1.4833362982358269e-08,0.0250519029796123,0.0250519029796123,0.0250519029796123,0.0250519029796123,,,9.0,1.4245014190673828,1.002076119184494,3.219631863633083e-13,0.0,0.4378890520019922,146.15574357796189
darcy,863,863,1,64,loss2,"MSE(model(a_adv), solver(a_clean).detach())",1,0,2.3288333039772624e-08,4.195218821223534e-07,3.962335490825808e-07,17.01425123068617,2.3288333039772624e-08,1.2412685101992338e-08,-1.0875647937780286e-08,1.3569203094476734e-08,0.0250519029796123,0.0250519029796123,0.0250519029796123,0.0250519029796123,,,9.0,1.4245014190673828,1.002076119184494,3.959043921690497e-13,0.0,0.4261278729827609,150.18965915564303
darcy,864,864,1,64,loss2,"MSE(model(a_adv), solver(a_clean).detach())",1,0,1.975591423786227e-08,3.99315752019902e-07,3.795598377820397e-07,19.21246636385028,1.975591246150543e-08,1.1477027328510305e-08,-8.278885132995129e-09,1.1402776500801792e-08,0.0250519029796123,0.0250519029796123,0.0250519029796123,0.0250519029796123,,,9.0,1.4245014190673828,1.002076119184494,3.3468922620329133e-13,0.0,0.4004067479982041,159.83746607658833
darcy,865,865,1,64,loss2,"MSE(model(a_adv), solver(a_clean).detach())",1,0,2.116684250097478e-08,4.053922282309941e-07,3.842253857300193e-07,18.15222963521011,2.116684250097478e-08,1.5385454688043865e-08,-5.781387812930916e-09,1.550020556351228e-08,0.0250519029796123,0.0250519029796123,0.0250519029796123,0.0250519029796123,,,9.0,1.4245014190673828,1.002076119184494,3.398545550883925e-13,0.0,0.4279163969913497,149.56192482919448
darcy,866,866,1,64,loss2,"MSE(model(a_adv), solver(a_clean).detach())",1,0,2.104239804623376e-08,4.025133364393696e-07,3.814709383931359e-07,18.128681795438844,2.10423998225906e-08,1.1461287918734795e-08,-9.5811119038558e-09,1.2862327203322366e-08,0.0250519029796123,0.0250519029796123,0.0250519029796123,0.0250519029796123,,,9.0,1.4245014190673828,1.002076119184494,3.60428429723586e-13,0.0,0.4292613930010702,149.09330548587312
darcy,867,867,1,64,loss2,"MSE(model(a_adv), solver(a_clean).detach())",1,0,1.9337601742108745e-08,3.97941761320908e-07,3.786041595787992e-07,19.57865120132073,1.9337603518465585e-08,1.1720842074680604e-08,-7.61676144378498e-09,1.1878902750339648e-08,0.0250519029796123,0.0250519029796123,0.0250519029796123,0.0250519029796123,,,9.0,1.4245014190673828,1.002076119184494,3.313386620195508e-13,0.0,0.4267831679899245,149.95905368393278
darcy,868,868,1,64,loss2,"MSE(model(a_adv), solver(a_clean).detach())",1,0,1.9162442299602844e-08,4.0816303226165473e-07,3.890005899620519e-07,20.30015714490184,1.9162442299602844e-08,1.4676881932018661e-08,-4.485560367584185e-09,1.4256689162550629e-08,0.0250519029796123,0.0250519029796123,0.0250519029796123,0.0250519029796123,,,9.0,1.4245014190673828,1.002076119184494,3.219529948628869e-13,0.0,0.400859554996714,159.65691525183834
darcy,869,869,1,64,loss2,"MSE(model(a_adv), solver(a_clean).detach())",1,0,2.2854973025232542e-08,4.148407128923282e-07,3.919857398670956e-07,17.151004266525813,2.28549712488757e-08,1.1799324184380566e-08,-1.1055647064495132e-08,1.195694121491897e-08,0.0250519029796123,0.0250519029796123,0.0250519029796123,0.0250519029796123,,,9.0,1.4245014190673828,1.002076119184494,3.865259078517786e-13,0.0,0.4000065230065956,159.99739083991065
darcy,870,870,1,64,loss2,"MSE(model(a_adv), solver(a_clean).detach())",1,0,1.9231311654266392e-08,4.143446119542205e-07,3.951133002999541e-07,20.54531211407516,1.9231311654266392e-08,1.1640248764877016e-08,-7.591062889389377e-09,1.1473059835509504e-08,0.0250519029796123,0.0250519029796123,0.0250519029796123,0.0250519029796123,,,9.0,1.4245014190673828,1.002076119184494,3.2657852659136177e-13,0.0,0.4247100039792713,150.6910583700864
darcy,871,871,1,64,loss2,"MSE(model(a_adv), solver(a_clean).detach())",1,0,1.890547984828572e-08,4.187637614450068e-07,3.998582815967211e-07,21.15039051140396,1.8905481624642562e-08,1.4396057679277874e-08,-4.509423945364688e-09,1.4026340977579821e-08,0.0250519029796123,0.0250519029796123,0.0250519029796123,0.0250519029796123,,,9.0,1.4245014190673828,1.002076119184494,3.2030609176288143e-13,0.0,0.3999177840014454,160.03289316028187
darcy,872,872,1,64,loss2,"MSE(model(a_adv), solver(a_clean).detach())",1,0,2.3792344094886172e-08,4.279385450445261e-07,4.0414620094963993e-07,16.986396940875842,2.3792342318529336e-08,1.2495972256942878e-08,-1.1296370061586458e-08,1.1916068132222792e-08,0.0250519029796123,0.0250519029796123,0.0250519029796123,0.0250519029796123,,,9.0,1.4245014190673828,1.002076119184494,4.0695002706189753e-13,0.0,0.400082520005526,159.96699880593638
darcy,873,873,1,64,loss2,"MSE(model(a_adv), solver(a_clean).detach())",1,0,1.8688245617681787e-08,4.162342861491197e-07,3.9754604053143794e-07,21.27251795937987,1.8688243841324947e-08,1.3654770647519854e-08,-5.0334731938050944e-09,1.3007661614494737e-08,0.0250519029796123,0.0250519029796123,0.0250519029796123,0.0250519029796123,,,9.0,1.4245014190673828,1.002076119184494,3.04619231315112e-13,0.0,0.4542711240064818,140.8850279444282
darcy,874,874,1,64,loss2,"MSE(model(a_adv), solver(a_clean).detach())",1,0,2.0060504368757396e-08,4.179295558515151e-07,3.9786905148275764e-07,19.833452049311703,2.0060504368757396e-08,1.5133601038996858e-08,-4.926903329760535e-09,1.4610729959230184e-08,0.0250519029796123,0.0250519029796123,0.0250519029796123,0.0250519029796123,,,9.0,1.4245014190673828,1.002076119184494,3.28353663703318e-13,0.0,0.403039783006534,158.79325738661
darcy,875,875,1,64,loss2,"MSE(model(a_adv), solver(a_clean).detach())",1,0,2.5778037482382388e-08,4.349999471742194e-07,4.09221909691837e-07,15.874827941091851,2.5778037482382388e-08,1.3184623171014211e-08,-1.2593414311368178e-08,1.3138203414087002e-08,0.0250519029796123,0.0250519029796123,0.0250519029796123,0.0250519029796123,,,9.0,1.4245014190673828,1.002076119184494,4.3130774017401124e-13,0.0,0.4001693400205113,159.93229265570315
darcy,876,876,1,64,loss2,"MSE(model(a_adv), solver(a_clean).detach())",1,0,1.9195859124465642e-08,4.049559834129468e-07,3.857601242884812e-07,20.096007257983025,1.9195859124465642e-08,1.3365831996736688e-08,-5.830027127728954e-09,1.2571072627309832e-08,0.0250519029796123,0.0250519029796123,0.0250519029796123,0.0250519029796123,,,9.0,1.4245014190673828,1.002076119184494,3.1478999636992693e-13,0.0,0.4264174940180965,150.0876509472755
darcy,877,877,1,64,loss2,"MSE(model(a_adv), solver(a_clean).detach())",1,0,1.9547719887214043e-08,4.165553377788456e-07,3.970076178916315e-07,20.30966374504425,1.9547719887214043e-08,1.6411952685757573e-08,-3.135767201456474e-09,1.598790477785883e-08,0.0250519029796123,0.0250519029796123,0.0250519029796123,0.0250519029796123,,,9.0,1.4245014190673828,1.002076119184494,3.219435623039863e-13,0.0,0.4293043829966336,149.07837547165656
darcy,878,878,1,64,loss2,"MSE(model(a_adv), solver(a_clean).detach())",1,0,2.706818591491356e-08,4.374064701551106e-07,4.10338284240197e-07,15.159430540711485,2.70681876912704e-08,1.3199883852621497e-08,-1.38683038386489e-08,1.2416550010385665e-08,0.0250519029796123,0.0250519029796123,0.0250519029796123,0.0250519029796123,,,9.0,1.4245014190673828,1.002076119184494,4.372095133847731e-13,0.0,0.4296742209990043,148.95005767671668
darcy,879,879,1,64,loss2,"MSE(model(a_adv), solver(a_clean).detach())",1,0,2.0096262431934523e-08,4.01542251893261e-07,3.814459894613265e-07,18.98094189172108,2.009626065557768e-08,1.4606692744223436e-08,-5.489567911354243e-09,1.3401397325196742e-08,0.0250519029796123,0.0250519029796123,0.0250519029796123,0.0250519029796123,,,9.0,1.4245014190673828,1.002076119184494,3.1034514693349674e-13,0.0,0.4538503049989231,141.01565933761322
darcy,880,880,1,64,loss2,"MSE(model(a_adv), solver(a_clean).detach())",1,0,1.940798810551314e-08,4.155839974373521e-07,3.961760093318389e-07,20.413038547735862,1.940798810551314e-08,1.641855540412962e-08,-2.989432701383521e-09,2.1084375134705624e-08,0.0250519029796123,0.0250519029796123,0.0250519029796123,0.0250519029796123,,,9.0,1.4245014190673828,1.002076119184494,3.1610263994015513e-13,0.0,0.4032792380021419,158.69897076045376
darcy,881,881,1,64,loss2,"MSE(model(a_adv), solver(a_clean).detach())",1,0,1.8954466440845863e-08,4.055420959048206e-07,3.8658762946397474e-07,20.39559544819996,1.8954464664489024e-08,1.0977632136643932e-08,-7.97683252784509e-09,1.5676335785030915e-08,0.0250519029796123,0.0250519029796123,0.0250519029796123,0.0250519029796123,,,9.0,1.4245014190673828,1.002076119184494,3.2872874344488934e-13,0.0,0.40549562999513,157.83154062786974
darcy,882,882,1,64,loss2,"MSE(model(a_adv), solver(a_clean).detach())",1,0,2.0401580869133795e-08,4.007968357200298e-07,3.80395254850896e-07,18.645381320739126,2.0401580869133795e-08,1.1789647480497932e-08,-8.611933388635862e-09,1.4274462056818038e-08,0.0250519029796123,0.0250519029796123,0.0250519029796123,0.0250519029796123,,,9.0,1.4245014190673828,1.002076119184494,3.405472789614478e-13,0.0,0.4010147239896469,159.5951374634621
darcy,883,883,1,64,loss2,"MSE(model(a_adv), solver(a_clean).detach())",1,0,1.7928538653677606e-08,4.3741988520196173e-07,4.1949134654828413e-07,23.39796648525147,1.792853687732077e-08,1.6546344738799238e-08,-1.3821921385215319e-09,1.6845024042311252e-08,0.0250519029796123,0.0250519029796123,0.0250519029796123,0.0250519029796123,,,9.0,1.4245014190673828,1.002076119184494,3.070978259016311e-13,0.0,0.4178455920191481,153.16662715223077
darcy,884,884,1,64,loss2,"MSE(model(a_adv), solver(a_clean).detach())",1,0,2.4935161491157487e-08,4.2915536369037e-07,4.042202021992125e-07,16.210851585723926,2.4935159714800648e-08,1.2503436508382038e-08,-1.2431723206418612e-08,1.29019719352641e-08,0.0250519029796123,0.0250519029796123,0.0250519029796123,0.0250519029796123,,,9.0,1.4245014190673828,1.002076119184494,4.0960580738845514e-13,0.0,0.4290721509896684,149.159062997638
darcy,885,885,1,64,loss2,"MSE(model(a_adv), solver(a_clean).detach())",1,0,1.971573659886872e-08,4.032154379274289e-07,3.834997013285602e-07,19.451451859554933,1.971573659886872e-08,1.3362241091385842e-08,-6.353495507482876e-09,1.36072126899478e-08,0.0250519029796123,0.0250519029796123,0.0250519029796123,0.0250519029796123,,,9.0,1.4245014190673828,1.002076119184494,3.179593903706452e-13,0.0,0.4002794529951643,159.8882968413899
darcy,886,886,1,64,loss2,"MSE(model(a_adv), solver(a_clean).detach())",1,0,1.9049920751967875e-08,4.275225364835933e-07,4.084726157316254e-07,21.442221259079503,1.9049920751967875e-08,1.490062029319006e-08,-4.149300458777816e-09,1.795079818123213e-08,0.0250519029796123,0.0250519029796123,0.0250519029796123,0.0250519029796123,,,9.0,1.4245014190673828,1.002076119184494,3.1768389459861657e-13,0.0,0.4006636669801082,159.73497293224096
darcy,887,887,1,64,loss2,"MSE(model(a_adv), solver(a_clean).detach())",1,0,2.1346306056102552e-08,4.157794819548144e-07,3.9443317589871196e-07,18.47781882551759,2.1346304279745713e-08,1.1180714132308369e-08,-1.0165590147437342e-08,1.4777991275138902e-08,0.0250519029796123,0.0250519029796123,0.0250519029796123,0.0250519029796123,,,9.0,1.4245014190673828,1.002076119184494,3.625398050342843e-13,0.0,0.4581737429834902,139.6850015525795
darcy,888,888,1,64,loss2,"MSE(model(a_adv), solver(a_clean).detach())",1,0,2.1225801560831318e-08,3.963764356740285e-07,3.751506341131972e-07,17.674274068663454,2.1225799784474475e-08,1.2171415875172896e-08,-9.054383909301578e-09,1.3297234868758778e-08,0.0250519029796123,0.0250519029796123,0.0250519029796123,0.0250519029796123,,,9.0,1.4245014190673828,1.002076119184494,3.579176885426527e-13,0.0,0.4312726280186325,148.39801054388957
darcy,889,889,1,64,loss2,"MSE(model(a_adv), solver(a_clean).detach())",1,0,1.7531998963704613e-08,4.4531185494633974e-07,4.277798559826352e-07,24.399947596862216,1.7531997187347773e-08,1.5698519817419765e-08,-1.8334773699280051e-09,1.6246191059110515e-08,0.0250519029796123,0.0250519029796123,0.0250519029796123,0.0250519029796123,,,9.0,1.4245014190673828,1.002076119184494,3.006564723746774e-13,0.0,0.4057573169993702,157.72974957861163
darcy,890,890,1,64,loss2,"MSE(model(a_adv), solver(a_clean).detach())",1,0,2.5947290538397283e-08,4.425787665240932e-07,4.1663147598569605e-07,16.056839359360353,2.5947290538397283e-08,1.3236022944340677e-08,-1.2711267594056608e-08,1.355911871669946e-08,0.0250519029796123,0.0250519029796123,0.0250519029796123,0.0250519029796123,,,9.0,1.4245014190673828,1.002076119184494,4.214707738630502e-13,0.0,0.4209647229872644,152.031741628707
darcy,891,891,1,64,loss2,"MSE(model(a_adv), solver(a_clean).detach())",1,0,2.0728361249666705e-08,3.964849497606338e-07,3.7575658851096715e-07,18.127655340675275,2.0728359473309865e-08,1.2955315931151292e-08,-7.773043542158575e-09,1.411845484966534e-08,0.0250519029796123,0.0250519029796123,0.0250519029796123,0.0250519029796123,,,9.0,1.4245014190673828,1.002076119184494,3.3526772937747534e-13,0.0,0.4007828620087821,159.68746687226763
darcy,892,892,1,64,loss2,"MSE(model(a_adv), solver(a_clean).detach())",1,0,1.910356672851776e-08,4.234555319726496e-07,4.0435196524413197e-07,21.166307370262757,1.910356672851776e-08,1.4294944783443952e-08,-4.808621945073811e-09,1.8421546510438705e-08,0.0250519029796123,0.0250519029796123,0.0250519029796123,0.0250519029796123,,,9.0,1.4245014190673828,1.002076119184494,3.2486388796063026e-13,0.0,0.4266500119992997,150.0058553850575
darcy,893,893,1,64,loss2,"MSE(model(a_adv), solver(a_clean).detach())",1,0,2.0754770346798068e-08,4.191280709164858e-07,3.983733005696877e-07,19.194300583101683,2.0754770346798068e-08,1.1694453405652894e-08,-9.060316941145174e-09,1.551768269436593e-08,0.0250519029796123,0.0250519029796123,0.0250519029796123,0.0250519029796123,,,9.0,1.4245014190673828,1.002076119184494,3.537868511604287e-13,0.0,0.4181229310052003,153.0650324442598
darcy,894,894,1,64,loss2,"MSE(model(a_adv), solver(a_clean).detach())",1,0,2.2422412371270184e-08,4.097013572845754e-07,3.872789449133052e-07,17.27195711597586,2.2422412371270184e-08,1.2483073241753573e-08,-9.939339129516613e-09,1.3188331315916456e-08,0.0250519029796123,0.0250519029796123,0.0250519029796123,0.0250519029796123,,,9.0,1.4245014190673828,1.002076119184494,3.831066865654653e-13,0.0,0.4004438569827471,159.82265399755502
darcy,895,895,1,64,loss2,"MSE(model(a_adv), solver(a_clean).detach())",1,0,1.7954754127913475e-08,4.20151366142818e-07,4.0219661201490453e-07,22.40056361393593,1.7954752351556635e-08,1.302974439454374e-08,-4.9250079570128954e-09,1.3519219965729691e-08,0.0250519029796123,0.0250519029796123,0.0250519029796123,0.0250519029796123,,,9.0,1.4245014190673828,1.002076119184494,3.1005140945991605e-13,0.0,0.429788732988527,148.91037174236124
darcy,896,896,1,64,loss2,"MSE(model(a_adv), solver(a_clean).detach())",1,0,1.988531650454206e-08,4.067357508574787e-07,3.8685043435293675e-07,19.454074782494665,1.988531472818522e-08,1.2012181471732221e-08,-7.873133256453002e-09,1.2376461189234078e-08,0.0250519029796123,0.0250519029796123,0.0250519029796123,0.0250519029796123,,,9.0,1.4245014190673828,1.002076119184494,3.3672833943919345e-13,0.0,0.4010727480053901,159.57204850811723
darcy,897,897,1,64,loss2,"MSE(model(a_adv), solver(a_clean).detach())",1,0,2.1978168618375094e-08,4.112887097562634e-07,3.893105411378883e-07,17.713511434815405,2.1978168618375094e-08,1.2225685352973414e-08,-9.75248326540168e-09,1.2832759743730549e-08,0.0250519029796123,0.0250519029796123,0.0250519029796123,0.0250519029796123,,,9.0,1.4245014190673828,1.002076119184494,3.7415274871388525e-13,0.0,0.4004806320008356,159.8079779295456
darcy,898,898,1,64,loss2,"MSE(model(a_adv), solver(a_clean).detach())",1,0,1.7588924094980033e-08,4.355271130407346e-07,4.179381889457545e-07,23.761441387141826,1.7588924094980033e-08,1.3089244355057872e-08,-4.499679739922158e-09,1.5069159697844725e-08,0.0250519029796123,0.0250519029796123,0.0250519029796123,0.0250519029796123,,,9.0,1.4245014190673828,1.002076119184494,3.0860652032969893e-13,0.0,0.4009285409993026,159.62944379185845
darcy,899,899,1,64,loss2,"MSE(model(a_adv), solver(a_clean).detach())",1,0,1.9984856436394693e-08,4.1918082160918857e-07,3.991959651727939e-07,19.97492283436236,1.9984856436394693e-08,1.1489841078571317e-08,-8.495015357823377e-09,1.437314756103092e-08,0.0250519029796123,0.0250519029796123,0.0250519029796123,0.0250519029796123,,,9.0,1.4245014190673828,1.002076119184494,3.43197123281111e-13,0.0,0.4250835189886857,150.55864822108867
darcy,900,900,1,64,loss2,"MSE(model(a_adv), solver(a_clean).detach())",1,0,2.4076552307406022e-08,4.1743032852537e-07,3.93353776217964e-07,16.337628876247667,2.4076552307406022e-08,1.2680644978502189e-08,-1.1395907328903832e-08,1.2959822548452848e-08,0.0250519029796123,0.0250519029796123,0.0250519029796123,0.0250519029796123,,,9.0,1.4245014190673828,1.002076119184494,4.047505061145762e-13,0.0,0.4005168699950445,159.79351881180898
darcy,901,901,1,64,loss2,"MSE(model(a_adv), solver(a_clean).detach())",1,0,1.74906151784171e-08,4.400197042286891e-07,4.22529089050272e-07,24.15747443644294,1.7490613402060262e-08,1.3465476733642845e-08,-4.025136668417417e-09,1.501799440362106e-08,0.0250519029796123,0.0250519029796123,0.0250519029796123,0.0250519029796123,,,9.0,1.4245014190673828,1.002076119184494,3.0604476743655023e-13,0.0,0.400339237996377,159.86441978634926
darcy,902,902,1,64,loss2,"MSE(model(a_adv), solver(a_clean).detach())",1,0,2.4875976833982353e-08,4.420730306264886e-07,4.1719705379250637e-07,16.771082260479737,2.4875975057625513e-08,1.3835017576013796e-08,-1.1040957481611713e-08,1.490632861589347e-08,0.0250519029796123,0.0250519029796123,0.0250519029796123,0.0250519029796123,,,9.0,1.4245014190673828,1.002076119184494,3.940909556153505e-13,0.0,0.4351753119844943,147.0671663522134
darcy,903,903,1,64,loss2,"MSE(model(a_adv), solver(a_clean).detach())",1,0,2.0116980081752445e-08,4.016280854557408e-07,3.815111053739884e-07,18.96463106408533,2.0116978305395605e-08,1.1918396936039244e-08,-8.198581369356361e-09,1.4364151645906986e-08,0.0250519029796123,0.0250519029796123,0.0250519029796123,0.0250519029796123,,,9.0,1.4245014190673828,1.002076119184494,3.402146186298749e-13,0.0,0.4083357669878751,156.7337597489969
darcy,904,904,1,64,loss2,"MSE(model(a_adv), solver(a_clean).detach())",1,0,1.8741445728664985e-08,4.125697330437106e-07,3.938282873150456e-07,21.013762386147533,1.8741443952308146e-08,1.3424338973777594e-08,-5.317104978530551e-09,1.7244439654007238e-08,0.0250519029796123,0.0250519029796123,0.0250519029796123,0.0250519029796123,,,9.0,1.4245014190673828,1.002076119184494,3.2612091195941e-13,0.0,0.4003302329801954,159.86801577178437
darcy,905,905,1,64,loss2,"MSE(model(a_adv), solver(a_clean).detach())",1,0,2.109175767373017e-08,4.18518652622879e-07,3.974268949491489e-07,18.842758441329188,2.109175767373017e-08,1.2856762765522944e-08,-8.234994908207227e-09,1.4834029116173042e-08,0.0250519029796123,0.0250519029796123,0.0250519029796123,0.0250519029796123,,,9.0,1.4245014190673828,1.002076119184494,3.4116077476074874e-13,0.0,0.4297310600231867,148.93035657359
darcy,906,906,1,64,loss2,"MSE(model(a_adv), solver(a_clean).detach())",1,0,2.3104879787183563e-08,4.180477048976172e-07,3.949428251104337e-07,17.093481063230254,2.3104879787183563e-08,1.3071893789629032e-08,-1.0032985997554532e-08,1.52418202503668e-08,0.0250519029796123,0.0250519029796123,0.0250519029796123,0.0250519029796123,,,9.0,1.4245014190673828,1.002076119184494,3.9862931748915753e-13,0.0,0.4307291559816804,148.58525156983342
darcy,907,907,1,64,loss2,"MSE(model(a_adv), solver(a_clean).detach())",1,0,1.7515759509478812e-08,4.191104494566389e-07,4.015946899471601e-07,22.92762067952768,1.7515759509478812e-08,1.5381214524268216e-08,-2.1345449852105958e-09,1.6405066638469634e-08,0.0250519029796123,0.0250519029796123,0.0250519029796123,0.0250519029796123,,,9.0,1.4245014190673828,1.002076119184494,2.9960316996410774e-13,0.0,0.4314511510019656,148.336607403577
darcy,908,908,1,64,loss2,"MSE(model(a_adv), solver(a_clean).detach())",1,0,2.4011278298985417e-08,4.0907895026975893e-07,3.850676719707735e-07,16.036950102196116,2.4011278298985417e-08,1.5957413168621315e-08,-8.053865130364102e-09,1.9098516546023347e-08,0.0250519029796123,0.0250519029796123,0.0250519029796123,0.0250519029796123,,,9.0,1.4245014190673828,1.002076119184494,3.621068560017565e-13,0.0,0.400642640015576,159.74335631751984
darcy,909,909,1,64,loss2,"MSE(model(a_adv), solver(a_clean).detach())",1,0,2.1791489501765682e-08,4.023134465569456e-07,3.805219570551799e-07,17.46195261339743,2.1791489501765682e-08,1.2545244842954162e-08,-9.246244658811522e-09,1.7950732456029073e-08,0.0250519029796123,0.0250519029796123,0.0250519029796123,0.0250519029796123,,,9.0,1.4245014190673828,1.002076119184494,3.5221405327891253e-13,0.0,0.4285784600069746,149.33088330887762
darcy,910,910,1,64,loss2,"MSE(model(a_adv), solver(a_clean).detach())",1,0,1.792479054074647e-08,4.191888933746668e-07,4.0126410283392033e-07,22.38598559474212,1.792479054074647e-08,1.2115535241719044e-08,-5.809255299027427e-09,1.636491608891788e-08,0.0250519029796123,0.0250519029796123,0.0250519029796123,0.0250519029796123,,,9.0,1.4245014190673828,1.002076119184494,3.087969875463503e-13,0.0,0.4010922379966359,159.56429453650205
darcy,911,911,1,64,loss2,"MSE(model(a_adv), solver(a_clean).detach())",1,0,2.1236246539046988e-08,4.1778113768486957e-07,3.965448911458225e-07,18.673021638578984,2.1236244762690152e-08,1.6116013412670327e-08,-5.1202313500198215e-09,1.8912046151342565e-08,0.0250519029796123,0.0250519029796123,0.0250519029796123,0.0250519029796123,,,9.0,1.4245014190673828,1.002076119184494,3.326735588393692e-13,0.0,0.4007315839990042,159.7079006384459
darcy,912,912,1,64,loss2,"MSE(model(a_adv), solver(a_clean).detach())",1,0,2.900412710005185e-08,4.218438789393986e-07,3.928397518393467e-07,13.54427080271085,2.900412710005185e-08,1.6454293927381514e-08,-1.2549833172670333e-08,1.5777222195367813e-08,0.0250519029796123,0.0250519029796123,0.0250519029796123,0.0250519029796123,,,9.0,1.4245014190673828,1.002076119184494,4.744218798195809e-13,0.0,0.4006170590000693,159.75355657530534
darcy,913,913,1,64,loss2,"MSE(model(a_adv), solver(a_clean).detach())",1,0,1.8207622076715783e-08,4.305412062421965e-07,4.123335841654807e-07,22.6462073096728,1.8207622076715783e-08,1.4118469948698475e-08,-4.089152128017304e-09,1.5224146832082397e-08,0.0250519029796123,0.0250519029796123,0.0250519029796123,0.0250519029796123,,,9.0,1.4245014190673828,1.002076119184494,3.0924259463924186e-13,0.0,0.4397754099918529,145.52882800151477
darcy,914,914,1,64,loss2,"MSE(model(a_adv), solver(a_clean).detach())",1,0,2.3797904091793495e-08,4.180358814664942e-07,3.942379773747007e-07,16.566079762908625,2.3797900539079823e-08,1.69675580252715e-08,-6.8303425138083185e-09,1.7867201052013115e-08,0.0250519029796123,0.0250519029796123,0.0250519029796123,0.0250519029796123,,,9.0,1.4245014190673828,1.002076119184494,3.587936425828581e-13,0.0,0.4292933940014336,149.0821915600832
darcy,915,915,1,64,loss2,"MSE(model(a_adv), solver(a_clean).detach())",1,0,2.4159609424145856e-08,4.0902529008235433e-07,3.848656806582085e-07,15.930128418117633,2.4159611200502692e-08,1.4691856620174804e-08,-9.467754580327892e-09,2.0781311782513967e-08,0.0250519029796123,0.0250519029796123,0.0250519029796123,0.0250519029796123,,,9.0,1.4245014190673828,1.002076119184494,4.0953584924327546e-13,0.0,0.424978104972979,150.59599365494194
darcy,916,916,1,64,loss2,"MSE(model(a_adv), solver(a_clean).detach())",1,0,1.8050645422817982e-08,4.160835374023009e-07,3.980328919794829e-07,22.05089528135797,1.8050643646461143e-08,1.1910265662606891e-08,-6.14037798385425e-09,1.7056795087455612e-08,0.0250519029796123,0.0250519029796123,0.0250519029796123,0.0250519029796123,,,9.0,1.4245014190673828,1.002076119184494,3.137146846552558e-13,0.0,0.4009286309883464,159.6294079627859
darcy,917,917,1,64,loss2,"MSE(model(a_adv), solver(a_clean).detach())",1,0,1.92376958807472e-08,4.3053501030954077e-07,4.112973144287936e-07,21.3797596644832,1.92376958807472e-08,2.2663193988137212e-08,3.4254981073900126e-09,2.0597279437595265e-08,0.0250519029796123,0.0250519029796123,0.0250519029796123,0.0250519029796123,,,9.0,1.4245014190673828,1.002076119184494,3.104914871217279e-13,0.0,0.4287515099858865,149.27061132007844
darcy,918,918,1,64,loss2,"MSE(model(a_adv), solver(a_clean).detach())",1,0,2.9229742182224072e-08,4.363786842986883e-07,4.071489421164642e-07,13.92926901572433,2.9229738629510397e-08,1.6197857277688854e-08,-1.3031881351821541e-08,1.55894204212359e-08,0.0250519029796123,0.0250519029796123,0.0250519029796123,0.0250519029796123,,,9.0,1.4245014190673828,1.002076119184494,4.841086841296527e-13,0.0,0.4311060949985403,148.4553355716687
darcy,919,919,1,64,loss2,"MSE(model(a_adv), solver(a_clean).detach())",1,0,1.849889130767224e-08,4.197288490104256e-07,4.012299577027534e-07,21.6894056529943,1.84988895313154e-08,1.3300764045709457e-08,-5.198125485605942e-09,1.3158901079890484e-08,0.0250519029796123,0.0250519029796123,0.0250519029796123,0.0250519029796123,,,9.0,1.4245014190673828,1.002076119184494,3.044596638603764e-13,0.0,0.4251089100143872,150.54965561139147
darcy,920,920,1,64,loss2,"MSE(model(a_adv), solver(a_clean).detach())",1,0,2.188611247788685e-08,4.158230808570807e-07,3.939369683791938e-07,17.999403447150208,2.188611070153001e-08,2.0265510158878897e-08,-1.6206005426511183e-09,1.862566900712181e-08,0.0250519029796123,0.0250519029796123,0.0250519029796123,0.0250519029796123,,,9.0,1.4245014190673828,1.002076119184494,3.230920034551915e-13,0.0,0.4002567130082752,159.89738065599116
darcy,921,921,1,64,loss2,"MSE(model(a_adv), solver(a_clean).detach())",1,0,2.6574294764714068e-08,4.363745347291115e-07,4.098002399643974e-07,15.42092625948212,2.6574294764714068e-08,1.5223214688830922e-08,-1.1351080075883146e-08,1.7947524355577116e-08,0.0250519029796123,0.0250519029796123,0.0250519029796123,0.0250519029796123,,,9.0,1.4245014190673828,1.002076119184494,4.547716370151278e-13,0.0,0.400292853009887,159.88294449618672
darcy,922,922,1,64,loss2,"MSE(model(a_adv), solver(a_clean).detach())",1,0,1.9219815072801797e-08,4.093713243946695e-07,3.901515093218677e-07,20.29944137568608,1.9219815072801797e-08,1.3320548220008277e-08,-5.8992668527935174e-09,1.3936371168199456e-08,0.0250519029796123,0.0250519029796123,0.0250519029796123,0.0250519029796123,,,9.0,1.4245014190673828,1.002076119184494,3.094302700352991e-13,0.0,0.4006489860184956,159.7408260932064
darcy,923,923,1,64,loss2,"MSE(model(a_adv), solver(a_clean).detach())",1,0,2.2541245314755546e-08,4.26685460297449e-07,4.041442149826935e-07,17.92909882925323,2.2541243538398703e-08,2.291448275570929e-08,3.732392173105836e-10,2.0659296495750823e-08,0.0250519029796123,0.0250519029796123,0.0250519029796123,0.0250519029796123,,,9.0,1.4245014190673828,1.002076119184494,3.2727271413735e-13,0.0,0.418719251989387,152.8470441612801
darcy,924,924,1,64,loss2,"MSE(model(a_adv), solver(a_clean).detach())",1,0,2.6685995635489238e-08,4.2895712226709293e-07,4.022711266316037e-07,15.074240891227248,2.668599208277556e-08,1.501849311580372e-08,-1.1667498966971834e-08,1.5689639809579603e-08,0.0250519029796123,0.0250519029796123,0.0250519029796123,0.0250519029796123,,,9.0,1.4245014190673828,1.002076119184494,4.558729153718299e-13,0.0,0.4012333189893979,159.50818880445746
darcy,925,925,1,64,loss2,"MSE(model(a_adv), solver(a_clean).detach())",1,0,2.0125574096141463e-08,4.064717700202891e-07,3.863461959241477e-07,19.19677888832096,2.0125572319784624e-08,1.6223472343313006e-08,-3.902099976471618e-09,1.4656157620862588e-08,0.0250519029796123,0.0250519029796123,0.0250519029796123,0.0250519029796123,,,9.0,1.4245014190673828,1.002076119184494,3.05239422062828e-13,0.0,0.4005602939869277,159.77619589546396
darcy,926,926,1,64,loss2,"MSE(model(a_adv), solver(a_clean).detach())",1,0,2.3831418616282466e-08,4.2962656721101677e-07,4.057951485947342e-07,17.0277378417364,2.3831418616282466e-08,2.26694378824277e-08,-1.1619807338547614e-09,2.0730644756383757e-08,0.0250519029796123,0.0250519029796123,0.0250519029796123,0.0250519029796123,,,9.0,1.4245014190673828,1.002076119184494,3.34275332023945e-13,0.0,0.4288465880090371,149.23751707370778
darcy,927,927,1,64,loss2,"MSE(model(a_adv), solver(a_clean).detach())",1,0,2.85874772743e-08,4.2617853068804834e-07,3.9759105341374834e-07,13.907874752249676,2.85874772743e-08,1.5590327251402414e-08,-1.2997150022897586e-08,1.8166231186000917e-08,0.0250519029796123,0.0250519029796123,0.0250519029796123,0.0250519029796123,,,9.0,1.4245014190673828,1.002076119184494,4.622169075436944e-13,0.0,0.4007136690197512,159.71504080846674
darcy,928,928,1,64,loss2,"MSE(model(a_adv), solver(a_clean).detach())",1,0,2.0390181987295364e-08,3.81847854669104e-07,3.614576726818086e-07,17.727044952665175,2.0390178434581685e-08,1.3505578877470724e-08,-6.8845995571109605e-09,1.2808283766929662e-08,0.0250519029796123,0.0250519029796123,0.0250519029796123,0.0250519029796123,,,9.0,1.4245014190673828,1.002076119184494,3.203484840678256e-13,0.0,0.4003603580058552,159.85598653866725
darcy,929,929,1,64,loss2,"MSE(model(a_adv), solver(a_clean).detach())",1,0,2.041840119204608e-08,4.306619985072757e-07,4.1024359731522964e-07,20.091857019394777,2.041839941568924e-08,2.3761741019256988e-08,3.343341603567751e-09,2.171929391892036e-08,0.0250519029796123,0.0250519029796123,0.0250519029796123,0.0250519029796123,,,9.0,1.4245014190673828,1.002076119184494,3.0591637079427363e-13,0.0,0.4495471910049673,142.36547637396498
darcy,930,930,1,64,loss2,"MSE(model(a_adv), solver(a_clean).detach())",1,0,2.8166610377411416e-08,4.52516019322502e-07,4.243494089450906e-07,15.065689596977672,2.8166610377411416e-08,1.4675261894581126e-08,-1.3491348482830292e-08,1.4216122501409244e-08,0.0250519029796123,0.0250519029796123,0.0250519029796123,0.0250519029796123,,,9.0,1.4245014190673828,1.002076119184494,4.747251311672251e-13,0.0,0.4014684889989439,159.41475297247638
darcy,931,931,1,64,loss2,"MSE(model(a_adv), solver(a_clean).detach())",1,0,2.2527622434154185e-08,3.971993862705858e-07,3.746717638364317e-07,16.631660306432998,2.2527620657797346e-08,1.7101738691849278e-08,-5.425881965948065e-09,1.4669439885039992e-08,0.0250519029796123,0.0250519029796123,0.0250519029796123,0.0250519029796123,,,9.0,1.4245014190673828,1.002076119184494,3.1409884459002174e-13,0.0,0.400357320002513,159.8571995626264
darcy,932,932,1,64,loss2,"MSE(model(a_adv), solver(a_clean).detach())",1,0,2.225143447276423e-08,4.100518253835617e-07,3.878003909107975e-07,17.428107450127108,2.225143269640739e-08,2.2578054981181598e-08,3.266222847742028e-10,2.2602493210399643e-08,0.0250519029796123,0.0250519029796123,0.0250519029796123,0.0250519029796123,,,9.0,1.4245014190673828,1.002076119184494,3.297796064005709e-13,0.0,0.430505736003397,148.66236300158144
darcy,933,933,1,64,loss2,"MSE(model(a_adv), solver(a_clean).detach())",1,0,2.5862030739176592e-08,4.4055335024495445e-07,4.146913195057778e-07,16.034754721623262,2.5862028962819753e-08,1.3435002443884514e-08,-1.2427026518935236e-08,1.6312041495325502e-08,0.0250519029796123,0.0250519029796123,0.0250519029796123,0.0250519029796123,,,9.0,1.4245014190673828,1.002076119184494,4.314589863770729e-13,0.0,0.4093680199875962,156.33854349917024
darcy,934,934,1,64,loss2,"MSE(model(a_adv), solver(a_clean).detach())",1,0,2.2248627828957982e-08,3.92494541756605e-07,3.7024591392764716e-07,16.641292073111533,2.2248627828957982e-08,1.5324232549573935e-08,-6.9243952793840435e-09,1.6385842016575225e-08,0.0250519029796123,0.0250519029796123,0.0250519029796123,0.0250519029796123,,,9.0,1.4245014190673828,1.002076119184494,3.3506807354741213e-13,0.0,0.430282934976276,148.73934055397453
darcy,935,935,1,64,loss2,"MSE(model(a_adv), solver(a_clean).detach())",1,0,1.8052498163001477e-08,4.357118825737416e-07,4.1765938441074013e-07,23.135822014192552,1.8052499939358316e-08,2.3526231629489306e-08,5.4737316901309904e-09,2.357710471301289e-08,0.0250519029796123,0.0250519029796123,0.0250519029796123,0.0250519029796123,,,9.0,1.4245014190673828,1.002076119184494,3.0553711687433815e-13,0.0,0.4505915159825235,142.0355193782261
darcy,936,936,1,64,loss2,"MSE(model(a_adv), solver(a_clean).detach())",1,0,4.011802445802459e-08,4.85440921238478e-07,4.4532289678045355e-07,11.1003196891311,4.0118020905310914e-08,2.06622079446106e-08,-1.9455812960700317e-08,1.8391269840378758e-08,0.0250519029796123,0.0250519029796123,0.0250519029796123,0.0250519029796123,,,9.0,1.4245014190673828,1.002076119184494,5.673100877956472e-13,0.0,0.4004564399947412,159.8176321021094
darcy,937,937,1,64,loss2,"MSE(model(a_adv), solver(a_clean).detach())",1,0,2.494549633524912e-08,3.837795645722508e-07,3.588340682370017e-07,14.384723535444468,2.494549455889228e-08,1.8559047632038528e-08,-6.3864469268537505e-09,1.766782364853725e-08,0.0250519029796123,0.0250519029796123,0.0250519029796123,0.0250519029796123,,,9.0,1.4245014190673828,1.002076119184494,3.2587124730414085e-13,0.0,0.4004390389891341,159.82457694824464
darcy,938,938,1,64,loss2,"MSE(model(a_adv), solver(a_clean).detach())",1,0,2.0191574634509383e-08,4.192683036308154e-07,3.99076728996306e-07,19.764517439578228,2.0191572858152543e-08,1.860811416065644e-08,-1.5834586974960983e-09,2.5241649659335508e-08,0.0250519029796123,0.0250519029796123,0.0250519029796123,0.0250519029796123,,,9.0,1.4245014190673828,1.002076119184494,3.191897972060903e-13,0.0,0.4013377040100749,159.46670188354238
darcy,939,939,1,64,loss2,"MSE(model(a_adv), solver(a_clean).detach())",1,0,2.2684190525978923e-08,4.362308345662314e-07,4.1354664404025243e-07,18.230610590518577,2.268418874962208e-08,1.2919577407899396e-08,-9.764611341722684e-09,2.1645763403910223e-08,0.0250519029796123,0.0250519029796123,0.0250519029796123,0.0250519029796123,,,9.0,1.4245014190673828,1.002076119184494,3.7883685446472864e-13,0.0,0.4000513339997269,159.97946903495065
darcy,940,940,1,64,loss2,"MSE(model(a_adv), solver(a_clean).detach())",1,0,2.6504761052592585e-08,4.068614600782894e-07,3.803566990256968e-07,14.350504736525137,2.6504761052592585e-08,1.6306705319379944e-08,-1.0198055733212641e-08,1.7344577329936328e-08,0.0250519029796123,0.0250519029796123,0.0250519029796123,0.0250519029796123,,,9.0,1.4245014190673828,1.002076119184494,4.2597238128320997e-13,0.0,0.4010418870020658,159.5843279075493
darcy,941,941,1,64,loss2,"MSE(model(a_adv), solver(a_clean).detach())",1,0,1.830796669821666e-08,4.39518885286816e-07,4.212109185885993e-07,23.00697426053481,1.830796669821666e-08,1.914220781884524e-08,8.34241120628576e-10,1.957198314528341e-08,0.0250519029796123,0.0250519029796123,0.0250519029796123,0.0250519029796123,,,9.0,1.4245014190673828,1.002076119184494,3.09787595966296e-13,0.0,0.399906528997235,160.03739713997643
darcy,942,942,1,64,loss2,"MSE(model(a_adv), solver(a_clean).detach())",1,0,2.47064235736616e-08,4.3735710164583e-07,4.126506780721684e-07,16.70216155899135,2.47064235736616e-08,1.4226929856420156e-08,-1.0479493717241441e-08,1.424137030525685e-08,0.0250519029796123,0.0250519029796123,0.0250519029796123,0.0250519029796123,,,9.0,1.4245014190673828,1.002076119184494,3.882204616372648e-13,0.0,0.4009109209873713,159.6364594967369
darcy,943,943,1,64,loss2,"MSE(model(a_adv), solver(a_clean).detach())",1,0,2.3925368353161506e-08,3.93969884271428e-07,3.700445159182664e-07,15.466617293245084,2.3925366576804663e-08,1.4871259779170032e-08,-9.054106797634633e-09,1.520927028764163e-08,0.0250519029796123,0.0250519029796123,0.0250519029796123,0.0250519029796123,,,9.0,1.4245014190673828,1.002076119184494,3.834904399244166e-13,0.0,0.4420373459870461,144.78414681703276
darcy,944,944,1,64,loss2,"MSE(model(a_adv), solver(a_clean).detach())",1,0,1.7743960967209205e-08,4.299395754969737e-07,4.121956145297645e-07,23.230191685582547,1.7743959190852365e-08,1.3699303913483618e-08,-4.044655277368747e-09,1.729264953453935e-08,0.0250519029796123,0.0250519029796123,0.0250519029796123,0.0250519029796123,,,9.0,1.4245014190673828,1.002076119184494,3.0963580766214804e-13,0.0,0.4274539939942769,149.723715064543
darcy,945,945,1,64,loss2,"MSE(model(a_adv), solver(a_clean).detach())",1,0,2.0443195580810425e-08,4.1768709024836426e-07,3.972438946675538e-07,19.431594884335887,2.0443193804453585e-08,1.5926460150694766e-08,-4.516733653758821e-09,1.608312327761041e-08,0.0250519029796123,0.0250519029796123,0.0250519029796123,0.0250519029796123,,,9.0,1.4245014190673828,1.002076119184494,3.324719243403413e-13,0.0,0.4273857299995143,149.7476296180332
darcy,946,946,1,64,loss2,"MSE(model(a_adv), solver(a_clean).detach())",1,0,2.8554438813443997e-08,4.343016257735144e-07,4.057471869600704e-07,14.209601162570795,2.8554438813443997e-08,1.6892673926349744e-08,-1.166176488709425e-08,1.601373167403608e-08,0.0250519029796123,0.0250519029796123,0.0250519029796123,0.0250519029796123,,,9.0,1.4245014190673828,1.002076119184494,4.759818299053531e-13,0.0,0.4247326930053532,150.68300852271187
darcy,947,947,1,64,loss2,"MSE(model(a_adv), solver(a_clean).detach())",1,0,1.830916929179693e-08,4.438098244463618e-07,4.255006551545648e-07,23.239757542970672,1.830916929179693e-08,1.542071004223544e-08,-2.888459249561492e-09,1.5946957532264605e-08,0.0250519029796123,0.0250519029796123,0.0250519029796123,0.0250519029796123,,,9.0,1.4245014190673828,1.002076119184494,3.075770432618697e-13,0.0,0.4013852209900506,159.44782381906984
darcy,948,948,1,64,loss2,"MSE(model(a_adv), solver(a_clean).detach())",1,0,2.4181662894307013e-08,4.1375278669875126e-07,3.895711238044442e-07,16.110187521312245,2.4181664670663853e-08,2.0733246230975052e-08,-3.448418439688794e-09,1.91122877524208e-08,0.0250519029796123,0.0250519029796123,0.0250519029796123,0.0250519029796123,,,9.0,1.4245014190673828,1.002076119184494,3.4332299915333653e-13,0.0,0.4007470239885151,159.70174740919387
darcy,949,949,1,64,loss2,"MSE(model(a_adv), solver(a_clean).detach())",1,0,2.7416550807402018e-08,4.273517788533354e-07,3.999352280459334e-07,14.587364794916414,2.7416552583758858e-08,1.6359383181452358e-08,-1.10571694023065e-08,2.050611680459724e-08,0.0250519029796123,0.0250519029796123,0.0250519029796123,0.0250519029796123,,,9.0,1.4245014190673828,1.002076119184494,4.5276065882560173e-13,0.0,0.4007398730027489,159.70459720029152
darcy,950,950,1,64,loss2,"MSE(model(a_adv), solver(a_clean).detach())",1,0,1.858784237640521e-08,4.125479620142869e-07,3.939601196378817e-07,21.19450507811287,1.858784060004837e-08,1.2641315549899446e-08,-5.946525050148921e-09,1.658012260818964e-08,0.0250519029796123,0.0250519029796123,0.0250519029796123,0.0250519029796123,,,9.0,1.4245014190673828,1.002076119184494,3.064722683531612e-13,0.0,0.4012309670215472,159.509123822347
darcy,951,951,1,64,loss2,"MSE(model(a_adv), solver(a_clean).detach())",1,0,2.0863323513253818e-08,4.217891387270356e-07,4.009258152137818e-07,19.21677603086997,2.0863323513253818e-08,2.5598879460631e-08,4.735555947377179e-09,2.4149217736635364e-08,0.0250519029796123,0.0250519029796123,0.0250519029796123,0.0250519029796123,,,9.0,1.4245014190673828,1.002076119184494,3.1113252165621e-13,0.0,0.4183109210280236,152.99624461803734
darcy,952,952,1,64,loss2,"MSE(model(a_adv), solver(a_clean).detach())",1,0,3.6557707971951465e-08,4.604510195349576e-07,4.2389331156300614e-07,11.59518293346602,3.655770441923778e-08,2.0149377277789423e-08,-1.6408327141448353e-08,1.9433525011436362e-08,0.0250519029796123,0.0250519029796123,0.0250519029796123,0.0250519029796123,,,9.0,1.4245014190673828,1.002076119184494,5.885818633692698e-13,0.0,0.4301437129906844,148.787482106907
darcy,953,953,1,64,loss2,"MSE(model(a_adv), solver(a_clean).detach())",1,0,2.3866473242151187e-08,4.1152318885906425e-07,3.8765671561691306e-07,16.242731453605078,2.3866471465794348e-08,1.9555026042894497e-08,-4.311445422899851e-09,1.7419449882538632e-08,0.0250519029796123,0.0250519029796123,0.0250519029796123,0.0250519029796123,,,9.0,1.4245014190673828,1.002076119184494,3.2374371738107255e-13,0.0,0.4144095880037639,154.43658122943503
darcy,954,954,1,64,loss2,"MSE(model(a_adv), solver(a_clean).detach())",1,0,2.544318888908492e-08,4.188895275092364e-07,3.934463386201514e-07,15.46371959644332,2.5443185336371243e-08,2.634561724335072e-08,9.024319069794727e-10,3.0631801095637456e-08,0.0250519029796123,0.0250519029796123,0.0250519029796123,0.0250519029796123,,,9.0,1.4245014190673828,1.002076119184494,3.399294734585112e-13,0.0,0.431382433976978,148.36023666975632
darcy,955,955,1,64,loss2,"MSE(model(a_adv), solver(a_clean).detach())",1,0,2.4852411684150866e-08,4.281487804291828e-07,4.0329636874503205e-07,16.22765524209573,2.4852409907794023e-08,1.3647516006187745e-08,-1.1204893901606285e-08,2.3747280142316644e-08,0.0250519029796123,0.0250519029796123,0.0250519029796123,0.0250519029796123,,,9.0,1.4245014190673828,1.002076119184494,4.24371367040155e-13,0.0,0.4040490970073733,158.39659208255102
darcy,956,956,1,64,loss2,"MSE(model(a_adv), solver(a_clean).detach())",1,0,2.3151763173245854e-08,3.701107971210149e-07,3.4695903394776906e-07,14.986289871378542,2.315176139688901e-08,1.5721115076416936e-08,-7.430646320472078e-09,2.1644953385191457e-08,0.0250519029796123,0.0250519029796123,0.0250519029796123,0.0250519029796123,,,9.0,1.4245014190673828,1.002076119184494,3.462713785411936e-13,0.0,0.4009389870043378,159.62528482995236
darcy,957,957,1,64,loss2,"MSE(model(a_adv), solver(a_clean).detach())",1,0,1.9469647227765563e-08,4.266352107151761e-07,4.071655634874105e-07,20.912837234500778,1.94696490041224e-08,2.8488189585118562e-08,9.018540580996161e-09,2.8854920230969583e-08,0.0250519029796123,0.0250519029796123,0.0250519029796123,0.0250519029796123,,,9.0,1.4245014190673828,1.002076119184494,3.163947782155313e-13,0.0,0.4173298639943823,153.355907452771
darcy,958,958,1,64,loss2,"MSE(model(a_adv), solver(a_clean).detach())",1,0,3.443989626816801e-08,4.685166459239554e-07,4.340767496557874e-07,12.603892482016397,3.443989626816801e-08,1.7136239094384113e-08,-1.7303657173783904e-08,1.6235664812569442e-08,0.0250519029796123,0.0250519029796123,0.0250519029796123,0.0250519029796123,,,9.0,1.4245014190673828,1.002076119184494,5.006971942091154e-13,0.0,0.4083151170052588,156.741686346077
darcy,959,959,1,64,loss2,"MSE(model(a_adv), solver(a_clean).detach())",1,0,2.5405800130329226e-08,3.730094988441124e-07,3.476036987137832e-07,13.682060668454085,2.5405801906686065e-08,1.838978569423944e-08,-7.0160162124466305e-09,1.8081933284008755e-08,0.0250519029796123,0.0250519029796123,0.0250519029796123,0.0250519029796123,,,9.0,1.4245014190673828,1.002076119184494,3.449589247063456e-13,0.0,0.4015895540069323,159.36669507816734
darcy,960,960,1,64,loss2,"MSE(model(a_adv), solver(a_clean).detach())",1,0,2.0132231881575532e-08,4.0477868878952005e-07,3.846464569079444e-07,19.106001717572223,2.013223365793237e-08,1.717011954838199e-08,-2.962114109550384e-09,2.4026409306543428e-08,0.0250519029796123,0.0250519029796123,0.0250519029796123,0.0250519029796123,,,9.0,1.4245014190673828,1.002076119184494,3.2152427421883184e-13,0.0,0.4005121490044985,159.7954023593955
darcy,961,961,1,64,loss2,"MSE(model(a_adv), solver(a_clean).detach())",1,0,2.1721508147720673e-08,4.1723211552380246e-07,3.955106073760817e-07,18.208248004068,2.1721508147720673e-08,1.3559857237055441e-08,-8.16165091066523e-09,1.6611950037770384e-08,0.0250519029796123,0.0250519029796123,0.0250519029796123,0.0250519029796123,,,9.0,1.4245014190673828,1.002076119184494,3.451029880700146e-13,0.0,0.4323949399986304,148.0128328980971
darcy,962,962,1,64,loss2,"MSE(model(a_adv), solver(a_clean).detach())",1,0,2.7650465028727922e-08,4.073870627507858e-07,3.797365977220579e-07,13.733461528676791,2.765046325237108e-08,1.7868277524257792e-08,-9.78218572811329e-09,1.685853412425331e-08,0.0250519029796123,0.0250519029796123,0.0250519029796123,0.0250519029796123,,,9.0,1.4245014190673828,1.002076119184494,4.315597900740598e-13,0.0,0.4007677329936996,159.6934950873556
darcy,963,963,1,64,loss2,"MSE(model(a_adv), solver(a_clean).detach())",1,0,1.7474937052952555e-08,4.17975513755664e-07,4.005005767027114e-07,22.91857049264982,1.7474938829309394e-08,1.510110436697687e-08,-2.3738344623325247e-09,1.6410007575018426e-08,0.0250519029796123,0.0250519029796123,0.0250519029796123,0.0250519029796123,,,9.0,1.4245014190673828,1.002076119184494,3.03954588278324e-13,0.0,0.4244492659927346,150.78362746207577
darcy,964,964,1,64,loss2,"MSE(model(a_adv), solver(a_clean).detach())",1,0,2.4236456397375153e-08,4.171681098341651e-07,3.9293165343678993e-07,16.212421774634723,2.4236456397375153e-08,1.6157473581301932e-08,-8.078982816073221e-09,1.5147527232528546e-08,0.0250519029796123,0.0250519029796123,0.0250519029796123,0.0250519029796123,,,9.0,1.4245014190673828,1.002076119184494,3.6292019736650083e-13,0.0,0.4166648359969258,153.60067486105834
darcy,965,965,1,64,loss2,"MSE(model(a_adv), solver(a_clean).detach())",1,0,2.5146881910131924e-08,4.1144511442325893e-07,3.86298232513127e-07,15.361675212602949,2.5146881910131924e-08,1.5427900734721334e-08,-9.71898117541059e-09,1.6061400653910596e-08,0.0250519029796123,0.0250519029796123,0.0250519029796123,0.0250519029796123,,,9.0,1.4245014190673828,1.002076119184494,3.991126548176516e-13,0.0,0.4018776250013616,159.25245900361625
darcy,966,966,1,64,loss2,"MSE(model(a_adv), solver(a_clean).detach())",1,0,1.7313642075578173e-08,4.316513582125481e-07,4.143377161369699e-07,23.93128576461769,1.7313642075578173e-08,1.3439173329743426e-08,-3.874468745834747e-09,1.6939677216498694e-08,0.0250519029796123,0.0250519029796123,0.0250519029796123,0.0250519029796123,,,9.0,1.4245014190673828,1.002076119184494,3.037544174522289e-13,0.0,0.4321532509929966,148.09561157515662
darcy,967,967,1,64,loss2,"MSE(model(a_adv), solver(a_clean).detach())",1,0,2.0536429445883183e-08,4.037680980673032e-07,3.832316686214199e-07,18.66106616202672,2.0536427669526347e-08,1.807113569896046e-08,-2.465291970565886e-09,1.6923658918699402e-08,0.0250519029796123,0.0250519029796123,0.0250519029796123,0.0250519029796123,,,9.0,1.4245014190673828,1.002076119184494,3.257977383968464e-13,0.0,0.4662242339982185,137.27300155796823
darcy,968,968,1,64,loss2,"MSE(model(a_adv), solver(a_clean).detach())",1,0,2.6797916774512487e-08,4.22158962010144e-07,3.9536104523563154e-07,14.753424624844708,2.6797916774512487e-08,1.5665678532172933e-08,-1.1132238242339554e-08,1.5293094790536088e-08,0.0250519029796123,0.0250519029796123,0.0250519029796123,0.0250519029796123,,,9.0,1.4245014190673828,1.002076119184494,4.4978712594734294e-13,0.0,0.4314710000180639,148.3297834554827
darcy,969,969,1,64,loss2,"MSE(model(a_adv), solver(a_clean).detach())",1,0,1.82335107012932e-08,4.216325351080741e-07,4.033990244067809e-07,22.12404572083697,1.82335107012932e-08,1.2748240685311885e-08,-5.485270015981314e-09,1.3153375277852321e-08,0.0250519029796123,0.0250519029796123,0.0250519029796123,0.0250519029796123,,,9.0,1.4245014190673828,1.002076119184494,3.066537909018896e-13,0.0,0.400310200988315,159.8760157547625
darcy,970,970,1,64,loss2,"MSE(model(a_adv), solver(a_clean).detach())",1,0,1.9292837549755862e-08,4.280912264675863e-07,4.087983889178304e-07,21.189127201405555,1.9292837549755862e-08,2.3103268631530227e-08,3.810431081774368e-09,2.2107301766993718e-08,0.0250519029796123,0.0250519029796123,0.0250519029796123,0.0250519029796123,,,9.0,1.4245014190673828,1.002076119184494,3.110632682424425e-13,0.0,0.4012752559792716,159.4915187177801
darcy,971,971,1,64,loss2,"MSE(model(a_adv), solver(a_clean).detach())",1,0,2.73416684848371e-08,4.370279498289165e-07,4.096862813440794e-07,14.983953213070356,2.73416684848371e-08,1.5113966966850967e-08,-1.2227701517986134e-08,1.7633698945473952e-08,0.0250519029796123,0.0250519029796123,0.0250519029796123,0.0250519029796123,,,9.0,1.4245014190673828,1.002076119184494,4.613184834134644e-13,0.0,0.4279235439898912,149.5594269090085
darcy,972,972,1,64,loss2,"MSE(model(a_adv), solver(a_clean).detach())",1,0,1.9615320923094263e-08,4.037204064388789e-07,3.841050855157846e-07,19.58189147257618,1.9615320923094263e-08,1.3842425872212516e-08,-5.772895050881743e-09,1.4771250889111798e-08,0.0250519029796123,0.0250519029796123,0.0250519029796123,0.0250519029796123,,,9.0,1.4245014190673828,1.002076119184494,3.0406932397322733e-13,0.0,0.4016258930205367,159.35227561816444
darcy,973,973,1,64,loss2,"MSE(model(a_adv), solver(a_clean).detach())",1,0,1.926413339958799e-08,4.150766130806005e-07,3.958124796810125e-07,20.5466018881222,1.926413339958799e-08,2.2312487857334418e-08,3.048354457746427e-09,2.040994662166895e-08,0.0250519029796123,0.0250519029796123,0.0250519029796123,0.0250519029796123,,,9.0,1.4245014190673828,1.002076119184494,3.081650061000085e-13,0.0,0.4018530559842475,159.26219558850084
darcy,974,974,1,64,loss2,"MSE(model(a_adv), solver(a_clean).detach())",1,0,2.850507385687706e-08,4.456375108929933e-07,4.171324370361162e-07,14.633620636470653,2.8505072080520225e-08,1.5152240351312685e-08,-1.3352831729207535e-08,1.59101860575106e-08,0.0250519029796123,0.0250519029796123,0.0250519029796123,0.0250519029796123,,,9.0,1.4245014190673828,1.002076119184494,4.772475275215127e-13,0.0,0.4165311690012458,153.6499661080791
darcy,975,975,1,64,loss2,"MSE(model(a_adv), solver(a_clean).detach())",1,0,2.0418578827730016e-08,3.997817543677229e-07,3.793631755399929e-07,18.579313415524695,2.0418578827730016e-08,1.3510792484794365e-08,-6.907786342935651e-09,1.2245573000058131e-08,0.0250519029796123,0.0250519029796123,0.0250519029796123,0.0250519029796123,,,9.0,1.4245014190673828,1.002076119184494,3.209424371229675e-13,0.0,0.4006441500096116,159.74275425827287
darcy,976,976,1,64,loss2,"MSE(model(a_adv), solver(a_clean).detach())",1,0,1.9692098618406817e-08,4.1683313156681844e-07,3.971410329484115e-07,20.167532198787157,1.9692098618406817e-08,2.072295401944757e-08,1.0308554010407531e-09,2.0811786072272295e-08,0.0250519029796123,0.0250519029796123,0.0250519029796123,0.0250519029796123,,,9.0,1.4245014190673828,1.002076119184494,3.15392135151471e-13,0.0,0.400964104977902,159.6152852722993
darcy,977,977,1,64,loss2,"MSE(model(a_adv), solver(a_clean).detach())",1,0,2.3831027817777798e-08,4.318481501286442e-07,4.080171223108664e-07,17.12125576079804,2.3831029594134637e-08,1.1995087589866673e-08,-1.1835942004267965e-08,1.5069503866982362e-08,0.0250519029796123,0.0250519029796123,0.0250519029796123,0.0250519029796123,,,9.0,1.4245014190673828,1.002076119184494,4.047232926400468e-13,0.0,0.4167135790048633,153.5827081825262
darcy,978,978,1,64,loss2,"MSE(model(a_adv), solver(a_clean).detach())",1,0,2.2588526604749862e-08,3.913399382327043e-07,3.6875141162795444e-07,16.324721752786402,2.25885283811067e-08,1.3336684645537389e-08,-9.251843735569311e-09,1.2534175475309441e-08,0.0250519029796123,0.0250519029796123,0.0250519029796123,0.0250519029796123,,,9.0,1.4245014190673828,1.002076119184494,3.657281996780754e-13,0.0,0.425345509982435,150.4659118245845
darcy,979,979,1,64,loss2,"MSE(model(a_adv), solver(a_clean).detach())",1,0,1.7942511476576328e-08,4.273207423466374e-07,4.093782308700611e-07,22.81610528183293,1.7942511476576328e-08,1.6518539425192102e-08,-1.4239720513842256e-09,1.6572706762474354e-08,0.0250519029796123,0.0250519029796123,0.0250519029796123,0.0250519029796123,,,9.0,1.4245014190673828,1.002076119184494,3.028724460899662e-13,0.0,0.4238096039916854,151.01120738466227
darcy,980,980,1,64,loss2,"MSE(model(a_adv), solver(a_clean).detach())",1,0,2.4029603196140673e-08,4.305343850319332e-07,4.0650478183579253e-07,16.916832896395068,2.4029604972497512e-08,1.2374393065783806e-08,-1.1655211906713704e-08,1.2316520692223776e-08,0.0250519029796123,0.0250519029796123,0.0250519029796123,0.0250519029796123,,,9.0,1.4245014190673828,1.002076119184494,3.942914517020973e-13,0.0,0.4299843339831568,148.8426320260007
darcy,981,981,1,64,loss2,"MSE(model(a_adv), solver(a_clean).detach())",1,0,2.212759930841912e-08,3.924902785001905e-07,3.703626791917714e-07,16.73758974164249,2.212759930841912e-08,1.3447039037828292e-08,-8.680560270590831e-09,1.2334433918681498e-08,0.0250519029796123,0.0250519029796123,0.0250519029796123,0.0250519029796123,,,9.0,1.4245014190673828,1.002076119184494,3.567652900535179e-13,0.0,0.3993953600001987,160.24222214291163
darcy,982,982,1,64,loss2,"MSE(model(a_adv), solver(a_clean).detach())",1,0,1.7655329642707332e-08,4.3199156607443e-07,4.143362364317227e-07,23.468054395850235,1.7655329642707332e-08,1.5705511557939644e-08,-1.949818084767685e-09,1.5375026585218166e-08,0.0250519029796123,0.0250519029796123,0.0250519029796123,0.0250519029796123,,,9.0,1.4245014190673828,1.002076119184494,3.0959458087453933e-13,0.0,0.431058671005303,148.47166825513793
darcy,983,983,1,64,loss2,"MSE(model(a_adv), solver(a_clean).detach())",1,0,3.041299834194433e-08,4.648308049581829e-07,4.344178066162385e-07,14.283951938310132,3.041299478923065e-08,1.6237192923540533e-08,-1.417580186569012e-08,1.4715058060943422e-08,0.0250519029796123,0.0250519029796123,0.0250519029796123,0.0250519029796123,,,9.0,1.4245014190673828,1.002076119184494,4.630210602950269e-13,0.0,0.4000753629952669,159.9698604804044
darcy,984,984,1,64,loss2,"MSE(model(a_adv), solver(a_clean).detach())",1,0,2.2145068001577783e-08,3.912297472652426e-07,3.6908467926366484e-07,16.666676265675427,2.2145068001577783e-08,1.4125097536066278e-08,-8.019970465511506e-09,1.362966228768414e-08,0.0250519029796123,0.0250519029796123,0.0250519029796123,0.0250519029796123,,,9.0,1.4245014190673828,1.002076119184494,3.4067461850660624e-13,0.0,0.4729068090091459,135.33321741358614
darcy,985,985,1,64,loss2,"MSE(model(a_adv), solver(a_clean).detach())",1,0,1.8838331783399557e-08,4.115979663765757e-07,3.927596345931761e-07,20.84896046577108,1.8838330007042717e-08,1.2405663163406189e-08,-6.432666843636525e-09,1.5279210341390126e-08,0.0250519029796123,0.0250519029796123,0.0250519029796123,0.0250519029796123,,,9.0,1.4245014190673828,1.002076119184494,3.2359640141088613e-13,0.0,0.4005668580066412,159.77357767061923
darcy,986,986,1,64,loss2,"MSE(model(a_adv), solver(a_clean).detach())",1,0,1.8308840665781645e-08,4.15398432096481e-07,3.9708959143069933e-07,21.68840718423209,1.830883888942481e-08,1.3559302125543128e-08,-4.749536763881679e-09,1.368037061411087e-08,0.0250519029796123,0.0250519029796123,0.0250519029796123,0.0250519029796123,,,9.0,1.4245014190673828,1.002076119184494,3.143456903196423e-13,0.0,0.4017760659917258,159.29271406952853
darcy,987,987,1,64,loss2,"MSE(model(a_adv), solver(a_clean).detach())",1,0,2.3800435400289643e-08,4.21075128542725e-07,3.972746931424354e-07,16.69190863363788,2.3800435400289643e-08,1.3641459517543808e-08,-1.0158975882745835e-08,1.3220379013745289e-08,0.0250519029796123,0.0250519029796123,0.0250519029796123,0.0250519029796123,,,9.0,1.4245014190673828,1.002076119184494,4.1060443890447723e-13,0.0,0.4015829409763682,159.36931943472712
darcy,988,988,1,64,loss2,"MSE(model(a_adv), solver(a_clean).detach())",1,0,1.7274809138712044e-08,4.3123927184751675e-07,4.139644627088046e-07,23.963475334794264,1.7274807362355205e-08,1.2623519118903914e-08,-4.65128824345129e-09,1.2779501901150072e-08,0.0250519029796123,0.0250519029796123,0.0250519029796123,0.0250519029796123,,,9.0,1.4245014190673828,1.002076119184494,2.999718258078071e-13,0.0,0.4005208369926549,159.79193612135012
darcy,989,989,1,64,loss2,"MSE(model(a_adv), solver(a_clean).detach())",1,0,1.9474223122983855e-08,4.049170172493177e-07,3.8544279412633387e-07,19.79246061278957,1.9474219570270183e-08,1.6037995820283868e-08,-3.4362237499863113e-09,1.530884663480947e-08,0.0250519029796123,0.0250519029796123,0.0250519029796123,0.0250519029796123,,,9.0,1.4245014190673828,1.002076119184494,3.243170705949372e-13,0.0,0.4012241899908986,159.51181807221488
darcy,990,990,1,64,loss2,"MSE(model(a_adv), solver(a_clean).detach())",1,0,2.4867969017350333e-08,4.262739707883157e-07,4.014060017709653e-07,16.14148712711139,2.4867967240993494e-08,1.3660368836099224e-08,-1.1207598404894272e-08,1.4479976773174032e-08,0.0250519029796123,0.0250519029796123,0.0250519029796123,0.0250519029796123,,,9.0,1.4245014190673828,1.002076119184494,4.208211741314055e-13,0.0,0.4408977980201598,145.15835707819443
darcy,991,991,1,64,loss2,"MSE(model(a_adv), solver(a_clean).detach())",1,0,1.7843802879724535e-08,4.199513057301374e-07,4.021075028504129e-07,22.53485456888327,1.7843801103367696e-08,1.2740089871954297e-08,-5.103711231413399e-09,1.4413553461878337e-08,0.0250519029796123,0.0250519029796123,0.0250519029796123,0.0250519029796123,,,9.0,1.4245014190673828,1.002076119184494,3.0631430009663013e-13,0.0,0.426676339993719,149.9965992980584
darcy,992,992,1,64,loss2,"MSE(model(a_adv), solver(a_clean).detach())",1,0,1.8455367012393253e-08,4.179669872428349e-07,3.995116202304416e-07,21.6474492196313,1.8455367012393253e-08,1.8595031292534262e-08,1.396642801410053e-10,1.7542906682876946e-08,0.0250519029796123,0.0250519029796123,0.0250519029796123,0.0250519029796123,,,9.0,1.4245014190673828,1.002076119184494,3.0945211670907474e-13,0.0,0.4008478820032906,159.6615645819344
darcy,993,993,1,64,loss2,"MSE(model(a_adv), solver(a_clean).detach())",1,0,2.52642369247269e-08,4.1438852349529043e-07,3.8912428657056353e-07,15.40217849167316,2.5264235148370066e-08,1.3465467851858648e-08,-1.1798767296511414e-08,1.4720433760828657e-08,0.0250519029796123,0.0250519029796123,0.0250519029796123,0.0250519029796123,,,9.0,1.4245014190673828,1.002076119184494,4.198926362858346e-13,0.0,0.4358054260083008,146.85452768727342
darcy,994,994,1,64,loss2,"MSE(model(a_adv), solver(a_clean).detach())",1,0,1.9009096519084775e-08,4.0631886122355365e-07,3.873097647044688e-07,20.374969652851043,1.9009094742727942e-08,1.145162720206372e-08,-7.55746754066422e-09,1.1716768444358651e-08,0.0250519029796123,0.0250519029796123,0.0250519029796123,0.0250519029796123,,,9.0,1.4245014190673828,1.002076119184494,3.1747133676270083e-13,0.0,0.4152977360063232,154.1063060334756
darcy,995,995,1,64,loss2,"MSE(model(a_adv), solver(a_clean).detach())",1,0,1.8077994212717385e-08,4.343710600096529e-07,4.162930657969355e-07,23.027613622316817,1.8077994212717385e-08,1.953866402004678e-08,1.4606698073293956e-09,1.8918067112849712e-08,0.0250519029796123,0.0250519029796123,0.0250519029796123,0.0250519029796123,,,9.0,1.4245014190673828,1.002076119184494,3.012525125190013e-13,0.0,0.4013851819909177,159.4478393112383
darcy,996,996,1,64,loss2,"MSE(model(a_adv), solver(a_clean).detach())",1,0,2.3408258442714214e-08,4.330028104959638e-07,4.095945520532496e-07,17.497865253650907,2.3408258442714214e-08,1.2405268812187842e-08,-1.1002989630526372e-08,1.4319754715330646e-08,0.0250519029796123,0.0250519029796123,0.0250519029796123,0.0250519029796123,,,9.0,1.4245014190673828,1.002076119184494,4.088571657883539e-13,0.0,0.4015051869791932,159.40018230279202
darcy,997,997,1,64,loss2,"MSE(model(a_adv), solver(a_clean).detach())",1,0,2.16139142139582e-08,3.919047344425053e-07,3.702908202285471e-07,17.132057459051747,2.16139142139582e-08,1.2610581023864142e-08,-9.003333190094054e-09,1.191953824530856e-08,0.0250519029796123,0.0250519029796123,0.0250519029796123,0.0250519029796123,,,9.0,1.4245014190673828,1.002076119184494,3.532741048480059e-13,0.0,0.4297596279939171,148.9204565322871
darcy,998,998,1,64,loss2,"MSE(model(a_adv), solver(a_clean).detach())",1,0,1.8308991656112997e-08,4.2370908204247836e-07,4.054000903863653e-07,22.142130926746617,1.8308989879756158e-08,1.8846369798097843e-08,5.37379918341685e-10,1.8244747934659244e-08,0.0250519029796123,0.0250519029796123,0.0250519029796123,0.0250519029796123,,,9.0,1.4245014190673828,1.002076119184494,3.151611729836773e-13,0.0,0.4013568210066296,159.45910633705873
darcy,999,999,1,64,loss2,"MSE(model(a_adv), solver(a_clean).detach())",1,0,2.5601199382663253e-08,4.485496560846514e-07,4.229484567019881e-07,16.520650082839573,2.5601199382663253e-08,1.3218804717496369e-08,-1.2382394665166885e-08,1.4103874956816752e-08,0.0250519029796123,0.0250519029796123,0.0250519029796123,0.0250519029796123,,,9.0,1.4245014190673828,1.002076119184494,4.2320140447582593e-13,0.0,0.4012301070033572,159.50946572278158
darcy,1000,1000,1,64,loss2,"MSE(model(a_adv), solver(a_clean).detach())",1,0,2.195992010456393e-08,3.9933226503308106e-07,3.773723449285171e-07,17.18459553275368,2.1959918328207092e-08,1.3180283531255554e-08,-8.779634796951541e-09,1.2737515042715586e-08,0.0250519029796123,0.0250519029796123,0.0250519029796123,0.0250519029796123,,,9.0,1.4245014190673828,1.002076119184494,3.6642547720025514e-13,0.0,0.4025920940039214,158.96983808970828
