c1103a-s5.ufhpc
Sun Jul 20 06:30:02 AM EDT 2025
/blue/shiboli.fsu/yifeisun.umich/adversarial_robustness_FNO

======================================== 环境诊断 ========================================

[PyTorch]
Version: 2.7.0+cu128
CUDA Available: True
CUDA Version: 12.8
cuDNN Version: 90800
Current Device: 0
Device Name: NVIDIA B200
Device Memory: 178.36 GB

[JAX]
JAX Version: 0.6.0
JAXlib Version: 0.6.0
JAX Backend: gpu
JAX Devices Error: module 'jax.lib.xla_bridge' has no attribute 'devices'

[CUDA/cuDNN System Info]
nvcc not found

[GPU Details]
Device 0: NVIDIA B200
  Compute Capability: 10.0
  Total Memory: 178.36 GB
  Multiprocessors: 148
GPU Details Error: 'torch._C._CudaDeviceProperties' object has no attribute 'max_threads_per_block'

[Compatibility Warnings]
======================================== 诊断结束 ========================================

input_list:  [(2, 39.3216, 1.0, 100), (2, 26.2144, 2.0, 100), (2, 13.1072, 5.0, 100)]
================================================================================
norm: 2, epsilon: 39.3216, alpha: 1.0, num_steps: 100, index: 1
x_adv.shape:  torch.Size([256, 256])

[Step 0] ============ 详细性能分析 ============
[模型部分] 总时间: 25.521817s | 显存: 4.12 GB

[0-9秒 PDE求解详细性能]
  t=0s - 时间: 0.000000s | 显存: 0.00 B
  t=1s - 时间: 5.688481s | 显存: 0.00 B
  t=2s - 时间: 0.558431s | 显存: 0.00 B
  t=3s - 时间: 0.591155s | 显存: 0.00 B
  t=4s - 时间: 0.709181s | 显存: 0.00 B
  t=5s - 时间: 0.856257s | 显存: 0.00 B
  t=6s - 时间: 0.863382s | 显存: 0.00 B
  t=7s - 时间: 0.968781s | 显存: 0.00 B
  t=8s - 时间: 1.087877s | 显存: 0.00 B
  t=9s - 时间: 1.193392s | 显存: 0.00 B

[19秒 PDE求解]
  t=19.0s - 时间: 1.904668s | 显存: 0.00 B

[PDE求解部分] 总时间: 1.904929s | 显存: 0.00 B

[本步骤总计] 时间: 27.426746s | 显存: 4.12 GB
orginal_loss:  tensor(3644.5620, device='cuda:0', grad_fn=<MseLossBackward0>)
[Step 0] Backward Propagation - Time: 3.0113s, Mem: -4405329920.00 B
x_adv.requires_grad:  True
pred_19.requires_grad, true_19.requires_grad:  True False
Autograd grad max:  tensor(0.5650, device='cuda:0')
Autograd grad min:  tensor(-0.5409, device='cuda:0')
Autograd grad mean:  tensor(-0.0003, device='cuda:0')
[Step 0] PGD Update - Time: 0.4027s, Mem: 513.00 KB

[Step 0] 完整步骤总时间: 35.220423s | 总显存: 20.66 MB
[Step 0] 峰值显存: 6.21 GB

[Step 1] ============ 详细性能分析 ============
[模型部分] 总时间: 6.845633s | 显存: 4.12 GB

[0-9秒 PDE求解详细性能]
  t=0s - 时间: 0.000000s | 显存: 0.00 B
  t=1s - 时间: 0.389553s | 显存: 0.00 B
  t=2s - 时间: 0.544451s | 显存: 0.00 B
  t=3s - 时间: 0.551941s | 显存: 0.00 B
  t=4s - 时间: 0.687879s | 显存: 0.00 B
  t=5s - 时间: 0.815389s | 显存: 0.00 B
  t=6s - 时间: 0.828577s | 显存: 0.00 B
  t=7s - 时间: 0.996050s | 显存: 0.00 B
  t=8s - 时间: 0.981239s | 显存: 0.00 B
  t=9s - 时间: 1.029598s | 显存: 0.00 B

[19秒 PDE求解]
  t=19.0s - 时间: 1.937330s | 显存: 0.00 B

[PDE求解部分] 总时间: 1.937626s | 显存: 0.00 B

[本步骤总计] 时间: 8.783259s | 显存: 4.12 GB
orginal_loss:  tensor(3603.7881, device='cuda:0', grad_fn=<MseLossBackward0>)
[Step 1] Backward Propagation - Time: 0.0239s, Mem: -4414291968.00 B
x_adv.requires_grad:  True
pred_19.requires_grad, true_19.requires_grad:  True False
Autograd grad max:  tensor(0.5317, device='cuda:0')
Autograd grad min:  tensor(-0.5208, device='cuda:0')
Autograd grad mean:  tensor(-0.0013, device='cuda:0')
[Step 1] PGD Update - Time: 0.0011s, Mem: 0.00 B

[Step 1] 完整步骤总时间: 8.811874s | 总显存: -524288.00 B
[Step 1] 峰值显存: 6.22 GB

[Step 2] ============ 详细性能分析 ============
[模型部分] 总时间: 6.912100s | 显存: 4.12 GB

[0-9秒 PDE求解详细性能]
  t=0s - 时间: 0.000000s | 显存: 0.00 B
  t=1s - 时间: 0.435355s | 显存: 0.00 B
  t=2s - 时间: 0.577877s | 显存: 0.00 B
  t=3s - 时间: 0.569598s | 显存: 0.00 B
  t=4s - 时间: 0.659432s | 显存: 0.00 B
  t=5s - 时间: 0.737189s | 显存: 0.00 B
  t=6s - 时间: 0.839460s | 显存: 0.00 B
  t=7s - 时间: 0.939325s | 显存: 0.00 B
  t=8s - 时间: 1.000930s | 显存: 0.00 B
  t=9s - 时间: 1.131947s | 显存: 0.00 B

[19秒 PDE求解]
  t=19.0s - 时间: 1.930975s | 显存: 0.00 B

[PDE求解部分] 总时间: 1.931306s | 显存: 0.00 B

[本步骤总计] 时间: 8.843407s | 显存: 4.12 GB
orginal_loss:  tensor(3513.3188, device='cuda:0', grad_fn=<MseLossBackward0>)
[Step 2] Backward Propagation - Time: 0.0234s, Mem: -4416135168.00 B
x_adv.requires_grad:  True
pred_19.requires_grad, true_19.requires_grad:  True False
Autograd grad max:  tensor(0.5003, device='cuda:0')
Autograd grad min:  tensor(-0.5026, device='cuda:0')
Autograd grad mean:  tensor(-0.0022, device='cuda:0')
[Step 2] PGD Update - Time: 0.0012s, Mem: 0.00 B

[Step 2] 完整步骤总时间: 8.871846s | 总显存: 0.00 B
[Step 2] 峰值显存: 6.22 GB

[Step 3] ============ 详细性能分析 ============
[模型部分] 总时间: 6.619348s | 显存: 4.12 GB

[0-9秒 PDE求解详细性能]
  t=0s - 时间: 0.000000s | 显存: 0.00 B
  t=1s - 时间: 0.389879s | 显存: 0.00 B
  t=2s - 时间: 0.474027s | 显存: 0.00 B
  t=3s - 时间: 0.529905s | 显存: 0.00 B
  t=4s - 时间: 0.644359s | 显存: 0.00 B
  t=5s - 时间: 0.699788s | 显存: 0.00 B
  t=6s - 时间: 0.849840s | 显存: 0.00 B
  t=7s - 时间: 0.924646s | 显存: 0.00 B
  t=8s - 时间: 1.032286s | 显存: 0.00 B
  t=9s - 时间: 1.053656s | 显存: 0.00 B

[19秒 PDE求解]
  t=19.0s - 时间: 1.915686s | 显存: 0.00 B

[PDE求解部分] 总时间: 1.915990s | 显存: 0.00 B

[本步骤总计] 时间: 8.535338s | 显存: 4.12 GB
orginal_loss:  tensor(3373.2375, device='cuda:0', grad_fn=<MseLossBackward0>)
[Step 3] Backward Propagation - Time: 0.0235s, Mem: -4416135168.00 B
x_adv.requires_grad:  True
pred_19.requires_grad, true_19.requires_grad:  True False
Autograd grad max:  tensor(0.4672, device='cuda:0')
Autograd grad min:  tensor(-0.4831, device='cuda:0')
Autograd grad mean:  tensor(-0.0030, device='cuda:0')
[Step 3] PGD Update - Time: 0.0011s, Mem: 0.00 B

[Step 3] 完整步骤总时间: 8.563649s | 总显存: 0.00 B
[Step 3] 峰值显存: 6.22 GB

[Step 4] ============ 详细性能分析 ============
[模型部分] 总时间: 6.659701s | 显存: 4.12 GB

[0-9秒 PDE求解详细性能]
  t=0s - 时间: 0.000000s | 显存: 0.00 B
  t=1s - 时间: 0.449566s | 显存: 0.00 B
  t=2s - 时间: 0.487880s | 显存: 0.00 B
  t=3s - 时间: 0.614336s | 显存: 0.00 B
  t=4s - 时间: 0.608409s | 显存: 0.00 B
  t=5s - 时间: 0.719953s | 显存: 0.00 B
  t=6s - 时间: 0.805018s | 显存: 0.00 B
  t=7s - 时间: 0.858256s | 显存: 0.00 B
  t=8s - 时间: 1.013684s | 显存: 0.00 B
  t=9s - 时间: 1.081699s | 显存: 0.00 B

[19秒 PDE求解]
  t=19.0s - 时间: 1.949775s | 显存: 0.00 B

[PDE求解部分] 总时间: 1.950062s | 显存: 0.00 B

[本步骤总计] 时间: 8.609763s | 显存: 4.12 GB
orginal_loss:  tensor(3204.4092, device='cuda:0', grad_fn=<MseLossBackward0>)
[Step 4] Backward Propagation - Time: 0.0234s, Mem: -4416135168.00 B
x_adv.requires_grad:  True
pred_19.requires_grad, true_19.requires_grad:  True False
Autograd grad max:  tensor(0.4302, device='cuda:0')
Autograd grad min:  tensor(-0.4581, device='cuda:0')
Autograd grad mean:  tensor(-0.0036, device='cuda:0')
[Step 4] PGD Update - Time: 0.0011s, Mem: 0.00 B

[Step 4] 完整步骤总时间: 8.638034s | 总显存: 0.00 B
[Step 4] 峰值显存: 6.22 GB

[Step 5] ============ 详细性能分析 ============
[模型部分] 总时间: 6.886912s | 显存: 4.12 GB

[0-9秒 PDE求解详细性能]
  t=0s - 时间: 0.000000s | 显存: 0.00 B
  t=1s - 时间: 0.482994s | 显存: 0.00 B
  t=2s - 时间: 0.517078s | 显存: 0.00 B
  t=3s - 时间: 0.561281s | 显存: 0.00 B
  t=4s - 时间: 0.637207s | 显存: 0.00 B
  t=5s - 时间: 0.760101s | 显存: 0.00 B
  t=6s - 时间: 0.877563s | 显存: 0.00 B
  t=7s - 时间: 0.927047s | 显存: 0.00 B
  t=8s - 时间: 1.028357s | 显存: 0.00 B
  t=9s - 时间: 1.074290s | 显存: 0.00 B

[19秒 PDE求解]
  t=19.0s - 时间: 1.877438s | 显存: 0.00 B

[PDE求解部分] 总时间: 1.877738s | 显存: 0.00 B

[本步骤总计] 时间: 8.764650s | 显存: 4.12 GB
orginal_loss:  tensor(3027.9780, device='cuda:0', grad_fn=<MseLossBackward0>)
[Step 5] Backward Propagation - Time: 0.0234s, Mem: -4416135168.00 B
x_adv.requires_grad:  True
pred_19.requires_grad, true_19.requires_grad:  True False
Autograd grad max:  tensor(0.3899, device='cuda:0')
Autograd grad min:  tensor(-0.4282, device='cuda:0')
Autograd grad mean:  tensor(-0.0041, device='cuda:0')
[Step 5] PGD Update - Time: 0.0012s, Mem: 0.00 B

[Step 5] 完整步骤总时间: 8.792955s | 总显存: 0.00 B
[Step 5] 峰值显存: 6.22 GB

[Step 6] ============ 详细性能分析 ============
[模型部分] 总时间: 6.671237s | 显存: 4.12 GB

[0-9秒 PDE求解详细性能]
  t=0s - 时间: 0.000000s | 显存: 0.00 B
  t=1s - 时间: 0.404592s | 显存: 0.00 B
  t=2s - 时间: 0.452063s | 显存: 0.00 B
  t=3s - 时间: 0.529139s | 显存: 0.00 B
  t=4s - 时间: 0.693069s | 显存: 0.00 B
  t=5s - 时间: 0.723049s | 显存: 0.00 B
  t=6s - 时间: 0.812919s | 显存: 0.00 B
  t=7s - 时间: 0.931029s | 显存: 0.00 B
  t=8s - 时间: 1.012742s | 显存: 0.00 B
  t=9s - 时间: 1.091123s | 显存: 0.00 B

[19秒 PDE求解]
  t=19.0s - 时间: 1.977369s | 显存: 0.00 B

[PDE求解部分] 总时间: 1.977663s | 显存: 0.00 B

[本步骤总计] 时间: 8.648900s | 显存: 4.12 GB
orginal_loss:  tensor(2848.1011, device='cuda:0', grad_fn=<MseLossBackward0>)
[Step 6] Backward Propagation - Time: 0.0237s, Mem: -4416135168.00 B
x_adv.requires_grad:  True
pred_19.requires_grad, true_19.requires_grad:  True False
Autograd grad max:  tensor(0.3502, device='cuda:0')
Autograd grad min:  tensor(-0.4068, device='cuda:0')
Autograd grad mean:  tensor(-0.0044, device='cuda:0')
[Step 6] PGD Update - Time: 0.0012s, Mem: 0.00 B

[Step 6] 完整步骤总时间: 8.677941s | 总显存: 0.00 B
[Step 6] 峰值显存: 6.22 GB

[Step 7] ============ 详细性能分析 ============
[模型部分] 总时间: 7.134457s | 显存: 4.12 GB

[0-9秒 PDE求解详细性能]
  t=0s - 时间: 0.000000s | 显存: 0.00 B
  t=1s - 时间: 0.503265s | 显存: 0.00 B
  t=2s - 时间: 0.484298s | 显存: 0.00 B
  t=3s - 时间: 0.720217s | 显存: 0.00 B
  t=4s - 时间: 0.693671s | 显存: 0.00 B
  t=5s - 时间: 0.732956s | 显存: 0.00 B
  t=6s - 时间: 0.920423s | 显存: 0.00 B
  t=7s - 时间: 0.880574s | 显存: 0.00 B
  t=8s - 时间: 1.089023s | 显存: 0.00 B
  t=9s - 时间: 1.088898s | 显存: 0.00 B

[19秒 PDE求解]
  t=19.0s - 时间: 1.979099s | 显存: 0.00 B

[PDE求解部分] 总时间: 1.979425s | 显存: 0.00 B

[本步骤总计] 时间: 9.113882s | 显存: 4.12 GB
orginal_loss:  tensor(2659.9314, device='cuda:0', grad_fn=<MseLossBackward0>)
[Step 7] Backward Propagation - Time: 0.0242s, Mem: -4416135168.00 B
x_adv.requires_grad:  True
pred_19.requires_grad, true_19.requires_grad:  True False
Autograd grad max:  tensor(0.3251, device='cuda:0')
Autograd grad min:  tensor(-0.3875, device='cuda:0')
Autograd grad mean:  tensor(-0.0044, device='cuda:0')
[Step 7] PGD Update - Time: 0.0012s, Mem: 0.00 B

[Step 7] 完整步骤总时间: 9.143825s | 总显存: 0.00 B
[Step 7] 峰值显存: 6.22 GB

[Step 8] ============ 详细性能分析 ============
[模型部分] 总时间: 6.758336s | 显存: 4.12 GB

[0-9秒 PDE求解详细性能]
  t=0s - 时间: 0.000000s | 显存: 0.00 B
  t=1s - 时间: 0.384849s | 显存: 0.00 B
  t=2s - 时间: 0.467530s | 显存: 0.00 B
  t=3s - 时间: 0.553271s | 显存: 0.00 B
  t=4s - 时间: 0.691536s | 显存: 0.00 B
  t=5s - 时间: 0.773787s | 显存: 0.00 B
  t=6s - 时间: 0.807293s | 显存: 0.00 B
  t=7s - 时间: 0.966527s | 显存: 0.00 B
  t=8s - 时间: 1.010279s | 显存: 0.00 B
  t=9s - 时间: 1.082247s | 显存: 0.00 B

[19秒 PDE求解]
  t=19.0s - 时间: 1.956429s | 显存: 0.00 B

[PDE求解部分] 总时间: 1.956758s | 显存: 0.00 B

[本步骤总计] 时间: 8.715094s | 显存: 4.12 GB
orginal_loss:  tensor(2467.7134, device='cuda:0', grad_fn=<MseLossBackward0>)
[Step 8] Backward Propagation - Time: 0.0234s, Mem: -4416135168.00 B
x_adv.requires_grad:  True
pred_19.requires_grad, true_19.requires_grad:  True False
Autograd grad max:  tensor(0.3041, device='cuda:0')
Autograd grad min:  tensor(-0.3650, device='cuda:0')
Autograd grad mean:  tensor(-0.0042, device='cuda:0')
[Step 8] PGD Update - Time: 0.0012s, Mem: 0.00 B

[Step 8] 完整步骤总时间: 8.743588s | 总显存: 0.00 B
[Step 8] 峰值显存: 6.22 GB

[Step 9] ============ 详细性能分析 ============
[模型部分] 总时间: 6.926506s | 显存: 4.12 GB

[0-9秒 PDE求解详细性能]
  t=0s - 时间: 0.000000s | 显存: 0.00 B
  t=1s - 时间: 0.475923s | 显存: 0.00 B
  t=2s - 时间: 0.503015s | 显存: 0.00 B
  t=3s - 时间: 0.638593s | 显存: 0.00 B
  t=4s - 时间: 0.715926s | 显存: 0.00 B
  t=5s - 时间: 0.726203s | 显存: 0.00 B
  t=6s - 时间: 0.826162s | 显存: 0.00 B
  t=7s - 时间: 0.933730s | 显存: 0.00 B
  t=8s - 时间: 1.007469s | 显存: 0.00 B
  t=9s - 时间: 1.078006s | 显存: 0.00 B

[19秒 PDE求解]
  t=19.0s - 时间: 1.975067s | 显存: 0.00 B

[PDE求解部分] 总时间: 1.975376s | 显存: 0.00 B

[本步骤总计] 时间: 8.901882s | 显存: 4.12 GB
orginal_loss:  tensor(2284.7021, device='cuda:0', grad_fn=<MseLossBackward0>)
[Step 9] Backward Propagation - Time: 0.0236s, Mem: -4416135168.00 B
x_adv.requires_grad:  True
pred_19.requires_grad, true_19.requires_grad:  True False
Autograd grad max:  tensor(0.2819, device='cuda:0')
Autograd grad min:  tensor(-0.3411, device='cuda:0')
Autograd grad mean:  tensor(-0.0037, device='cuda:0')
[Step 9] PGD Update - Time: 0.0013s, Mem: 0.00 B

[Step 9] 完整步骤总时间: 8.930783s | 总显存: 0.00 B
[Step 9] 峰值显存: 6.22 GB

[Step 10] ============ 详细性能分析 ============
[模型部分] 总时间: 7.039706s | 显存: 4.12 GB

[0-9秒 PDE求解详细性能]
  t=0s - 时间: 0.000000s | 显存: 0.00 B
  t=1s - 时间: 0.398845s | 显存: 0.00 B
  t=2s - 时间: 0.541215s | 显存: 0.00 B
  t=3s - 时间: 0.563123s | 显存: 0.00 B
  t=4s - 时间: 0.693004s | 显存: 0.00 B
  t=5s - 时间: 0.849739s | 显存: 0.00 B
  t=6s - 时间: 0.839342s | 显存: 0.00 B
  t=7s - 时间: 0.977290s | 显存: 0.00 B
  t=8s - 时间: 1.086692s | 显存: 0.00 B
  t=9s - 时间: 1.069385s | 显存: 0.00 B

[19秒 PDE求解]
  t=19.0s - 时间: 1.853233s | 显存: 0.00 B

[PDE求解部分] 总时间: 1.853550s | 显存: 0.00 B

[本步骤总计] 时间: 8.893257s | 显存: 4.12 GB
orginal_loss:  tensor(2122.0364, device='cuda:0', grad_fn=<MseLossBackward0>)
[Step 10] Backward Propagation - Time: 0.0235s, Mem: -4416135168.00 B
x_adv.requires_grad:  True
pred_19.requires_grad, true_19.requires_grad:  True False
Autograd grad max:  tensor(0.2626, device='cuda:0')
Autograd grad min:  tensor(-0.3183, device='cuda:0')
Autograd grad mean:  tensor(-0.0031, device='cuda:0')
[Step 10] PGD Update - Time: 0.0012s, Mem: 0.00 B

[Step 10] 完整步骤总时间: 8.921598s | 总显存: 0.00 B
[Step 10] 峰值显存: 6.22 GB

[Step 11] ============ 详细性能分析 ============
[模型部分] 总时间: 7.202091s | 显存: 4.12 GB

[0-9秒 PDE求解详细性能]
  t=0s - 时间: 0.000000s | 显存: 0.00 B
  t=1s - 时间: 0.493714s | 显存: 0.00 B
  t=2s - 时间: 0.597645s | 显存: 0.00 B
  t=3s - 时间: 0.623641s | 显存: 0.00 B
  t=4s - 时间: 0.685256s | 显存: 0.00 B
  t=5s - 时间: 0.833964s | 显存: 0.00 B
  t=6s - 时间: 0.834324s | 显存: 0.00 B
  t=7s - 时间: 0.980778s | 显存: 0.00 B
  t=8s - 时间: 1.033150s | 显存: 0.00 B
  t=9s - 时间: 1.098537s | 显存: 0.00 B

[19秒 PDE求解]
  t=19.0s - 时间: 1.882090s | 显存: 0.00 B

[PDE求解部分] 总时间: 1.882380s | 显存: 0.00 B

[本步骤总计] 时间: 9.084471s | 显存: 4.12 GB
orginal_loss:  tensor(1984.1545, device='cuda:0', grad_fn=<MseLossBackward0>)
[Step 11] Backward Propagation - Time: 0.0236s, Mem: -4416135168.00 B
x_adv.requires_grad:  True
pred_19.requires_grad, true_19.requires_grad:  True False
Autograd grad max:  tensor(0.2485, device='cuda:0')
Autograd grad min:  tensor(-0.2984, device='cuda:0')
Autograd grad mean:  tensor(-0.0025, device='cuda:0')
[Step 11] PGD Update - Time: 0.0011s, Mem: 0.00 B

[Step 11] 完整步骤总时间: 9.113680s | 总显存: 0.00 B
[Step 11] 峰值显存: 6.22 GB

[Step 12] ============ 详细性能分析 ============
[模型部分] 总时间: 7.378886s | 显存: 4.12 GB

[0-9秒 PDE求解详细性能]
  t=0s - 时间: 0.000000s | 显存: 0.00 B
  t=1s - 时间: 0.441403s | 显存: 0.00 B
  t=2s - 时间: 0.563543s | 显存: 0.00 B
  t=3s - 时间: 0.667605s | 显存: 0.00 B
  t=4s - 时间: 0.735880s | 显存: 0.00 B
  t=5s - 时间: 0.781718s | 显存: 0.00 B
  t=6s - 时间: 0.921137s | 显存: 0.00 B
  t=7s - 时间: 1.152851s | 显存: 0.00 B
  t=8s - 时间: 1.045531s | 显存: 0.00 B
  t=9s - 时间: 1.047979s | 显存: 0.00 B

[19秒 PDE求解]
  t=19.0s - 时间: 1.892100s | 显存: 0.00 B

[PDE求解部分] 总时间: 1.892440s | 显存: 0.00 B

[本步骤总计] 时间: 9.271325s | 显存: 4.12 GB
orginal_loss:  tensor(1870.8730, device='cuda:0', grad_fn=<MseLossBackward0>)
[Step 12] Backward Propagation - Time: 0.0237s, Mem: -4416135168.00 B
x_adv.requires_grad:  True
pred_19.requires_grad, true_19.requires_grad:  True False
Autograd grad max:  tensor(0.2361, device='cuda:0')
Autograd grad min:  tensor(-0.2813, device='cuda:0')
Autograd grad mean:  tensor(-0.0020, device='cuda:0')
[Step 12] PGD Update - Time: 0.0012s, Mem: 0.00 B

[Step 12] 完整步骤总时间: 9.300265s | 总显存: 0.00 B
[Step 12] 峰值显存: 6.22 GB

[Step 13] ============ 详细性能分析 ============
[模型部分] 总时间: 20.452027s | 显存: 4.12 GB

[0-9秒 PDE求解详细性能]
  t=0s - 时间: 0.000000s | 显存: 0.00 B
  t=1s - 时间: 0.408340s | 显存: 0.00 B
  t=2s - 时间: 0.547169s | 显存: 0.00 B
  t=3s - 时间: 0.670230s | 显存: 0.00 B
  t=4s - 时间: 0.731009s | 显存: 0.00 B
  t=5s - 时间: 0.854465s | 显存: 0.00 B
  t=6s - 时间: 3.005552s | 显存: 0.00 B
  t=7s - 时间: 11.458837s | 显存: 0.00 B
  t=8s - 时间: 1.046517s | 显存: 0.00 B
  t=9s - 时间: 1.138090s | 显存: 0.00 B

[19秒 PDE求解]
  t=19.0s - 时间: 1.915579s | 显存: 0.00 B

[PDE求解部分] 总时间: 1.915878s | 显存: 0.00 B

[本步骤总计] 时间: 22.367905s | 显存: 4.12 GB
orginal_loss:  tensor(1781.7148, device='cuda:0', grad_fn=<MseLossBackward0>)
[Step 13] Backward Propagation - Time: 0.0788s, Mem: -4416135168.00 B
x_adv.requires_grad:  True
pred_19.requires_grad, true_19.requires_grad:  True False
Autograd grad max:  tensor(0.2247, device='cuda:0')
Autograd grad min:  tensor(-0.2656, device='cuda:0')
Autograd grad mean:  tensor(-0.0015, device='cuda:0')
[Step 13] PGD Update - Time: 0.0374s, Mem: 0.00 B

[Step 13] 完整步骤总时间: 22.679778s | 总显存: 0.00 B
[Step 13] 峰值显存: 6.22 GB

[Step 14] ============ 详细性能分析 ============
[模型部分] 总时间: 7.194232s | 显存: 4.12 GB

[0-9秒 PDE求解详细性能]
  t=0s - 时间: 0.000000s | 显存: 0.00 B
  t=1s - 时间: 0.468001s | 显存: 0.00 B
  t=2s - 时间: 0.466241s | 显存: 0.00 B
  t=3s - 时间: 0.652098s | 显存: 0.00 B
  t=4s - 时间: 0.714481s | 显存: 0.00 B
  t=5s - 时间: 0.825159s | 显存: 0.00 B
  t=6s - 时间: 0.920087s | 显存: 0.00 B
  t=7s - 时间: 0.940817s | 显存: 0.00 B
  t=8s - 时间: 1.011203s | 显存: 0.00 B
  t=9s - 时间: 1.175161s | 显存: 0.00 B

[19秒 PDE求解]
  t=19.0s - 时间: 1.922876s | 显存: 0.00 B

[PDE求解部分] 总时间: 1.923164s | 显存: 0.00 B

[本步骤总计] 时间: 9.117395s | 显存: 4.12 GB
orginal_loss:  tensor(1717.5077, device='cuda:0', grad_fn=<MseLossBackward0>)
[Step 14] Backward Propagation - Time: 0.0233s, Mem: -4416135168.00 B
x_adv.requires_grad:  True
pred_19.requires_grad, true_19.requires_grad:  True False
Autograd grad max:  tensor(0.2150, device='cuda:0')
Autograd grad min:  tensor(-0.2517, device='cuda:0')
Autograd grad mean:  tensor(-0.0012, device='cuda:0')
[Step 14] PGD Update - Time: 0.0011s, Mem: 0.00 B

[Step 14] 完整步骤总时间: 9.145643s | 总显存: 0.00 B
[Step 14] 峰值显存: 6.22 GB

[Step 15] ============ 详细性能分析 ============
[模型部分] 总时间: 6.848220s | 显存: 4.12 GB

[0-9秒 PDE求解详细性能]
  t=0s - 时间: 0.000000s | 显存: 0.00 B
  t=1s - 时间: 0.410921s | 显存: 0.00 B
  t=2s - 时间: 0.516855s | 显存: 0.00 B
  t=3s - 时间: 0.589595s | 显存: 0.00 B
  t=4s - 时间: 0.710512s | 显存: 0.00 B
  t=5s - 时间: 0.759007s | 显存: 0.00 B
  t=6s - 时间: 0.922598s | 显存: 0.00 B
  t=7s - 时间: 0.883561s | 显存: 0.00 B
  t=8s - 时间: 0.964074s | 显存: 0.00 B
  t=9s - 时间: 1.069995s | 显存: 0.00 B

[19秒 PDE求解]
  t=19.0s - 时间: 1.888201s | 显存: 0.00 B

[PDE求解部分] 总时间: 1.888519s | 显存: 0.00 B

[本步骤总计] 时间: 8.736739s | 显存: 4.12 GB
orginal_loss:  tensor(1675.6506, device='cuda:0', grad_fn=<MseLossBackward0>)
[Step 15] Backward Propagation - Time: 0.0236s, Mem: -4416135168.00 B
x_adv.requires_grad:  True
pred_19.requires_grad, true_19.requires_grad:  True False
Autograd grad max:  tensor(0.2085, device='cuda:0')
Autograd grad min:  tensor(-0.2404, device='cuda:0')
Autograd grad mean:  tensor(-0.0010, device='cuda:0')
[Step 15] PGD Update - Time: 0.0011s, Mem: 0.00 B

[Step 15] 完整步骤总时间: 8.765673s | 总显存: 0.00 B
[Step 15] 峰值显存: 6.22 GB

[Step 16] ============ 详细性能分析 ============
[模型部分] 总时间: 6.759890s | 显存: 4.12 GB

[0-9秒 PDE求解详细性能]
  t=0s - 时间: 0.000000s | 显存: 0.00 B
  t=1s - 时间: 0.434989s | 显存: 0.00 B
  t=2s - 时间: 0.554323s | 显存: 0.00 B
  t=3s - 时间: 0.588660s | 显存: 0.00 B
  t=4s - 时间: 0.682542s | 显存: 0.00 B
  t=5s - 时间: 0.727230s | 显存: 0.00 B
  t=6s - 时间: 0.863637s | 显存: 0.00 B
  t=7s - 时间: 0.894868s | 显存: 0.00 B
  t=8s - 时间: 0.957095s | 显存: 0.00 B
  t=9s - 时间: 1.035132s | 显存: 0.00 B

[19秒 PDE求解]
  t=19.0s - 时间: 1.835762s | 显存: 0.00 B

[PDE求解部分] 总时间: 1.836072s | 显存: 0.00 B

[本步骤总计] 时间: 8.595961s | 显存: 4.12 GB
orginal_loss:  tensor(1654.0013, device='cuda:0', grad_fn=<MseLossBackward0>)
[Step 16] Backward Propagation - Time: 0.0237s, Mem: -4416135168.00 B
x_adv.requires_grad:  True
pred_19.requires_grad, true_19.requires_grad:  True False
Autograd grad max:  tensor(0.2096, device='cuda:0')
Autograd grad min:  tensor(-0.2320, device='cuda:0')
Autograd grad mean:  tensor(-0.0008, device='cuda:0')
[Step 16] PGD Update - Time: 0.0012s, Mem: 0.00 B

[Step 16] 完整步骤总时间: 8.624810s | 总显存: 0.00 B
[Step 16] 峰值显存: 6.22 GB

[Step 17] ============ 详细性能分析 ============
[模型部分] 总时间: 6.960270s | 显存: 4.12 GB

[0-9秒 PDE求解详细性能]
  t=0s - 时间: 0.000000s | 显存: 0.00 B
  t=1s - 时间: 0.406448s | 显存: 0.00 B
  t=2s - 时间: 0.484622s | 显存: 0.00 B
  t=3s - 时间: 0.618823s | 显存: 0.00 B
  t=4s - 时间: 0.718375s | 显存: 0.00 B
  t=5s - 时间: 0.821770s | 显存: 0.00 B
  t=6s - 时间: 0.942276s | 显存: 0.00 B
  t=7s - 时间: 0.962098s | 显存: 0.00 B
  t=8s - 时间: 0.939740s | 显存: 0.00 B
  t=9s - 时间: 1.045002s | 显存: 0.00 B

[19秒 PDE求解]
  t=19.0s - 时间: 1.850458s | 显存: 0.00 B

[PDE求解部分] 总时间: 1.850773s | 显存: 0.00 B

[本步骤总计] 时间: 8.811043s | 显存: 4.12 GB
orginal_loss:  tensor(1657.8820, device='cuda:0', grad_fn=<MseLossBackward0>)
[Step 17] Backward Propagation - Time: 0.0235s, Mem: -4416135168.00 B
x_adv.requires_grad:  True
pred_19.requires_grad, true_19.requires_grad:  True False
Autograd grad max:  tensor(0.2117, device='cuda:0')
Autograd grad min:  tensor(-0.2264, device='cuda:0')
Autograd grad mean:  tensor(-0.0008, device='cuda:0')
[Step 17] PGD Update - Time: 0.0039s, Mem: 0.00 B

[Step 17] 完整步骤总时间: 8.842143s | 总显存: 0.00 B
[Step 17] 峰值显存: 6.22 GB

[Step 18] ============ 详细性能分析 ============
[模型部分] 总时间: 6.815384s | 显存: 4.12 GB

[0-9秒 PDE求解详细性能]
  t=0s - 时间: 0.000000s | 显存: 0.00 B
  t=1s - 时间: 0.396428s | 显存: 0.00 B
  t=2s - 时间: 0.507620s | 显存: 0.00 B
  t=3s - 时间: 0.626080s | 显存: 0.00 B
  t=4s - 时间: 0.683054s | 显存: 0.00 B
  t=5s - 时间: 0.762807s | 显存: 0.00 B
  t=6s - 时间: 0.853555s | 显存: 0.00 B
  t=7s - 时间: 0.944820s | 显存: 0.00 B
  t=8s - 时间: 0.980296s | 显存: 0.00 B
  t=9s - 时间: 1.039759s | 显存: 0.00 B

[19秒 PDE求解]
  t=19.0s - 时间: 1.841504s | 显存: 0.00 B

[PDE求解部分] 总时间: 1.841807s | 显存: 0.00 B

[本步骤总计] 时间: 8.657191s | 显存: 4.12 GB
orginal_loss:  tensor(1699.8672, device='cuda:0', grad_fn=<MseLossBackward0>)
[Step 18] Backward Propagation - Time: 0.0237s, Mem: -4416135168.00 B
x_adv.requires_grad:  True
pred_19.requires_grad, true_19.requires_grad:  True False
Autograd grad max:  tensor(0.2155, device='cuda:0')
Autograd grad min:  tensor(-0.2241, device='cuda:0')
Autograd grad mean:  tensor(-0.0008, device='cuda:0')
[Step 18] PGD Update - Time: 0.0012s, Mem: 0.00 B

[Step 18] 完整步骤总时间: 8.686692s | 总显存: 0.00 B
[Step 18] 峰值显存: 6.22 GB

[Step 19] ============ 详细性能分析 ============
[模型部分] 总时间: 7.205629s | 显存: 4.12 GB

[0-9秒 PDE求解详细性能]
  t=0s - 时间: 0.000000s | 显存: 0.00 B
  t=1s - 时间: 0.394209s | 显存: 0.00 B
  t=2s - 时间: 0.490647s | 显存: 0.00 B
  t=3s - 时间: 0.665865s | 显存: 0.00 B
  t=4s - 时间: 0.713136s | 显存: 0.00 B
  t=5s - 时间: 0.985375s | 显存: 0.00 B
  t=6s - 时间: 0.835141s | 显存: 0.00 B
  t=7s - 时间: 0.988037s | 显存: 0.00 B
  t=8s - 时间: 1.054266s | 显存: 0.00 B
  t=9s - 时间: 1.057778s | 显存: 0.00 B

[19秒 PDE求解]
  t=19.0s - 时间: 1.883436s | 显存: 0.00 B

[PDE求解部分] 总时间: 1.883762s | 显存: 0.00 B

[本步骤总计] 时间: 9.089391s | 显存: 4.12 GB
orginal_loss:  tensor(1788.4431, device='cuda:0', grad_fn=<MseLossBackward0>)
[Step 19] Backward Propagation - Time: 0.0235s, Mem: -4416135168.00 B
x_adv.requires_grad:  True
pred_19.requires_grad, true_19.requires_grad:  True False
Autograd grad max:  tensor(0.2235, device='cuda:0')
Autograd grad min:  tensor(-0.2271, device='cuda:0')
Autograd grad mean:  tensor(-0.0009, device='cuda:0')
[Step 19] PGD Update - Time: 0.0012s, Mem: 0.00 B

[Step 19] 完整步骤总时间: 9.118288s | 总显存: 0.00 B
[Step 19] 峰值显存: 6.22 GB

[Step 20] ============ 详细性能分析 ============
[模型部分] 总时间: 6.972352s | 显存: 4.12 GB

[0-9秒 PDE求解详细性能]
  t=0s - 时间: 0.000000s | 显存: 0.00 B
  t=1s - 时间: 0.483267s | 显存: 0.00 B
  t=2s - 时间: 0.493750s | 显存: 0.00 B
  t=3s - 时间: 0.641033s | 显存: 0.00 B
  t=4s - 时间: 0.719471s | 显存: 0.00 B
  t=5s - 时间: 0.705481s | 显存: 0.00 B
  t=6s - 时间: 0.804832s | 显存: 0.00 B
  t=7s - 时间: 0.933992s | 显存: 0.00 B
  t=8s - 时间: 1.031224s | 显存: 0.00 B
  t=9s - 时间: 1.137941s | 显存: 0.00 B

[19秒 PDE求解]
  t=19.0s - 时间: 1.901528s | 显存: 0.00 B

[PDE求解部分] 总时间: 1.901828s | 显存: 0.00 B

[本步骤总计] 时间: 8.874181s | 显存: 4.12 GB
orginal_loss:  tensor(1919.2439, device='cuda:0', grad_fn=<MseLossBackward0>)
[Step 20] Backward Propagation - Time: 0.0237s, Mem: -4416135168.00 B
x_adv.requires_grad:  True
pred_19.requires_grad, true_19.requires_grad:  True False
Autograd grad max:  tensor(0.2368, device='cuda:0')
Autograd grad min:  tensor(-0.2372, device='cuda:0')
Autograd grad mean:  tensor(-0.0011, device='cuda:0')
[Step 20] PGD Update - Time: 0.0012s, Mem: 0.00 B

[Step 20] 完整步骤总时间: 8.903025s | 总显存: 0.00 B
[Step 20] 峰值显存: 6.22 GB

[Step 21] ============ 详细性能分析 ============
[模型部分] 总时间: 6.734087s | 显存: 4.12 GB

[0-9秒 PDE求解详细性能]
  t=0s - 时间: 0.000000s | 显存: 0.00 B
  t=1s - 时间: 0.431764s | 显存: 0.00 B
  t=2s - 时间: 0.536564s | 显存: 0.00 B
  t=3s - 时间: 0.578771s | 显存: 0.00 B
  t=4s - 时间: 0.602601s | 显存: 0.00 B
  t=5s - 时间: 0.772347s | 显存: 0.00 B
  t=6s - 时间: 0.808050s | 显存: 0.00 B
  t=7s - 时间: 0.931727s | 显存: 0.00 B
  t=8s - 时间: 0.980421s | 显存: 0.00 B
  t=9s - 时间: 1.070617s | 显存: 0.00 B

[19秒 PDE求解]
  t=19.0s - 时间: 1.961075s | 显存: 0.00 B

[PDE求解部分] 总时间: 1.961364s | 显存: 0.00 B

[本步骤总计] 时间: 8.695451s | 显存: 4.12 GB
orginal_loss:  tensor(2061.5957, device='cuda:0', grad_fn=<MseLossBackward0>)
[Step 21] Backward Propagation - Time: 0.0235s, Mem: -4416135168.00 B
x_adv.requires_grad:  True
pred_19.requires_grad, true_19.requires_grad:  True False
Autograd grad max:  tensor(0.2536, device='cuda:0')
Autograd grad min:  tensor(-0.2538, device='cuda:0')
Autograd grad mean:  tensor(-0.0013, device='cuda:0')
[Step 21] PGD Update - Time: 0.0011s, Mem: 0.00 B

[Step 21] 完整步骤总时间: 8.723814s | 总显存: 0.00 B
[Step 21] 峰值显存: 6.22 GB

[Step 22] ============ 详细性能分析 ============
[模型部分] 总时间: 7.333937s | 显存: 4.12 GB

[0-9秒 PDE求解详细性能]
  t=0s - 时间: 0.000000s | 显存: 0.00 B
  t=1s - 时间: 0.450250s | 显存: 0.00 B
  t=2s - 时间: 0.469642s | 显存: 0.00 B
  t=3s - 时间: 0.630754s | 显存: 0.00 B
  t=4s - 时间: 0.705062s | 显存: 0.00 B
  t=5s - 时间: 0.723911s | 显存: 0.00 B
  t=6s - 时间: 0.802895s | 显存: 0.00 B
  t=7s - 时间: 0.960069s | 显存: 0.00 B
  t=8s - 时间: 0.963186s | 显存: 0.00 B
  t=9s - 时间: 1.124511s | 显存: 0.00 B

[19秒 PDE求解]
  t=19.0s - 时间: 1.932876s | 显存: 0.00 B

[PDE求解部分] 总时间: 1.933181s | 显存: 0.00 B

[本步骤总计] 时间: 9.267118s | 显存: 4.12 GB
orginal_loss:  tensor(2166.5684, device='cuda:0', grad_fn=<MseLossBackward0>)
[Step 22] Backward Propagation - Time: 0.1064s, Mem: -4416135168.00 B
x_adv.requires_grad:  True
pred_19.requires_grad, true_19.requires_grad:  True False
Autograd grad max:  tensor(0.2737, device='cuda:0')
Autograd grad min:  tensor(-0.2755, device='cuda:0')
Autograd grad mean:  tensor(-0.0015, device='cuda:0')
[Step 22] PGD Update - Time: 0.0012s, Mem: 0.00 B

[Step 22] 完整步骤总时间: 9.378595s | 总显存: 0.00 B
[Step 22] 峰值显存: 6.22 GB

[Step 23] ============ 详细性能分析 ============
[模型部分] 总时间: 6.832912s | 显存: 4.12 GB

[0-9秒 PDE求解详细性能]
  t=0s - 时间: 0.000000s | 显存: 0.00 B
  t=1s - 时间: 0.406981s | 显存: 0.00 B
  t=2s - 时间: 0.452303s | 显存: 0.00 B
  t=3s - 时间: 0.549027s | 显存: 0.00 B
  t=4s - 时间: 0.693472s | 显存: 0.00 B
  t=5s - 时间: 0.802886s | 显存: 0.00 B
  t=6s - 时间: 0.927810s | 显存: 0.00 B
  t=7s - 时间: 0.871628s | 显存: 0.00 B
  t=8s - 时间: 1.031628s | 显存: 0.00 B
  t=9s - 时间: 1.076049s | 显存: 0.00 B

[19秒 PDE求解]
  t=19.0s - 时间: 1.906331s | 显存: 0.00 B

[PDE求解部分] 总时间: 1.906679s | 显存: 0.00 B

[本步骤总计] 时间: 8.739590s | 显存: 4.12 GB
orginal_loss:  tensor(2225.9690, device='cuda:0', grad_fn=<MseLossBackward0>)
[Step 23] Backward Propagation - Time: 0.0236s, Mem: -4416135168.00 B
x_adv.requires_grad:  True
pred_19.requires_grad, true_19.requires_grad:  True False
Autograd grad max:  tensor(0.2956, device='cuda:0')
Autograd grad min:  tensor(-0.2972, device='cuda:0')
Autograd grad mean:  tensor(-0.0018, device='cuda:0')
[Step 23] PGD Update - Time: 0.0012s, Mem: 0.00 B

[Step 23] 完整步骤总时间: 8.768719s | 总显存: 0.00 B
[Step 23] 峰值显存: 6.22 GB

[Step 24] ============ 详细性能分析 ============
[模型部分] 总时间: 6.854362s | 显存: 4.12 GB

[0-9秒 PDE求解详细性能]
  t=0s - 时间: 0.000000s | 显存: 0.00 B
  t=1s - 时间: 0.404846s | 显存: 0.00 B
  t=2s - 时间: 0.554677s | 显存: 0.00 B
  t=3s - 时间: 0.574874s | 显存: 0.00 B
  t=4s - 时间: 0.623854s | 显存: 0.00 B
  t=5s - 时间: 0.748329s | 显存: 0.00 B
  t=6s - 时间: 0.906802s | 显存: 0.00 B
  t=7s - 时间: 0.873600s | 显存: 0.00 B
  t=8s - 时间: 1.026055s | 显存: 0.00 B
  t=9s - 时间: 1.119767s | 显存: 0.00 B

[19秒 PDE求解]
  t=19.0s - 时间: 1.967838s | 显存: 0.00 B

[PDE求解部分] 总时间: 1.968155s | 显存: 0.00 B

[本步骤总计] 时间: 8.822516s | 显存: 4.12 GB
orginal_loss:  tensor(2304.2690, device='cuda:0', grad_fn=<MseLossBackward0>)
[Step 24] Backward Propagation - Time: 0.0236s, Mem: -4416135168.00 B
x_adv.requires_grad:  True
pred_19.requires_grad, true_19.requires_grad:  True False
Autograd grad max:  tensor(0.3139, device='cuda:0')
Autograd grad min:  tensor(-0.3149, device='cuda:0')
Autograd grad mean:  tensor(-0.0021, device='cuda:0')
[Step 24] PGD Update - Time: 0.0012s, Mem: 0.00 B

[Step 24] 完整步骤总时间: 8.851389s | 总显存: 0.00 B
[Step 24] 峰值显存: 6.22 GB

[Step 25] ============ 详细性能分析 ============
[模型部分] 总时间: 6.719986s | 显存: 4.12 GB

[0-9秒 PDE求解详细性能]
  t=0s - 时间: 0.000000s | 显存: 0.00 B
  t=1s - 时间: 0.486847s | 显存: 0.00 B
  t=2s - 时间: 0.512938s | 显存: 0.00 B
  t=3s - 时间: 0.640350s | 显存: 0.00 B
  t=4s - 时间: 0.641240s | 显存: 0.00 B
  t=5s - 时间: 0.699067s | 显存: 0.00 B
  t=6s - 时间: 0.793770s | 显存: 0.00 B
  t=7s - 时间: 0.865913s | 显存: 0.00 B
  t=8s - 时间: 0.984160s | 显存: 0.00 B
  t=9s - 时间: 1.074537s | 显存: 0.00 B

[19秒 PDE求解]
  t=19.0s - 时间: 1.931664s | 显存: 0.00 B

[PDE求解部分] 总时间: 1.931982s | 显存: 0.00 B

[本步骤总计] 时间: 8.651969s | 显存: 4.12 GB
orginal_loss:  tensor(2452.0830, device='cuda:0', grad_fn=<MseLossBackward0>)
[Step 25] Backward Propagation - Time: 0.0235s, Mem: -4416135168.00 B
x_adv.requires_grad:  True
pred_19.requires_grad, true_19.requires_grad:  True False
Autograd grad max:  tensor(0.3266, device='cuda:0')
Autograd grad min:  tensor(-0.3286, device='cuda:0')
Autograd grad mean:  tensor(-0.0022, device='cuda:0')
[Step 25] PGD Update - Time: 0.0012s, Mem: 0.00 B

[Step 25] 完整步骤总时间: 8.680344s | 总显存: 0.00 B
[Step 25] 峰值显存: 6.22 GB

[Step 26] ============ 详细性能分析 ============
[模型部分] 总时间: 7.035820s | 显存: 4.12 GB

[0-9秒 PDE求解详细性能]
  t=0s - 时间: 0.000000s | 显存: 0.00 B
  t=1s - 时间: 0.454133s | 显存: 0.00 B
  t=2s - 时间: 0.512191s | 显存: 0.00 B
  t=3s - 时间: 0.661504s | 显存: 0.00 B
  t=4s - 时间: 0.781594s | 显存: 0.00 B
  t=5s - 时间: 0.746645s | 显存: 0.00 B
  t=6s - 时间: 0.806015s | 显存: 0.00 B
  t=7s - 时间: 0.894326s | 显存: 0.00 B
  t=8s - 时间: 1.032964s | 显存: 0.00 B
  t=9s - 时间: 1.125405s | 显存: 0.00 B

[19秒 PDE求解]
  t=19.0s - 时间: 1.973289s | 显存: 0.00 B

[PDE求解部分] 总时间: 1.973606s | 显存: 0.00 B

[本步骤总计] 时间: 9.009426s | 显存: 4.12 GB
orginal_loss:  tensor(2629.1440, device='cuda:0', grad_fn=<MseLossBackward0>)
[Step 26] Backward Propagation - Time: 0.0235s, Mem: -4416135168.00 B
x_adv.requires_grad:  True
pred_19.requires_grad, true_19.requires_grad:  True False
Autograd grad max:  tensor(0.3313, device='cuda:0')
Autograd grad min:  tensor(-0.3371, device='cuda:0')
Autograd grad mean:  tensor(-0.0024, device='cuda:0')
[Step 26] PGD Update - Time: 0.0012s, Mem: 0.00 B

[Step 26] 完整步骤总时间: 9.037756s | 总显存: 0.00 B
[Step 26] 峰值显存: 6.22 GB

[Step 27] ============ 详细性能分析 ============
[模型部分] 总时间: 7.315973s | 显存: 4.12 GB

[0-9秒 PDE求解详细性能]
  t=0s - 时间: 0.000000s | 显存: 0.00 B
  t=1s - 时间: 0.483853s | 显存: 0.00 B
  t=2s - 时间: 0.489101s | 显存: 0.00 B
  t=3s - 时间: 0.614108s | 显存: 0.00 B
  t=4s - 时间: 0.713096s | 显存: 0.00 B
  t=5s - 时间: 0.820501s | 显存: 0.00 B
  t=6s - 时间: 1.084204s | 显存: 0.00 B
  t=7s - 时间: 0.972660s | 显存: 0.00 B
  t=8s - 时间: 1.021253s | 显存: 0.00 B
  t=9s - 时间: 1.095958s | 显存: 0.00 B

[19秒 PDE求解]
  t=19.0s - 时间: 1.973217s | 显存: 0.00 B

[PDE求解部分] 总时间: 1.973540s | 显存: 0.00 B

[本步骤总计] 时间: 9.289512s | 显存: 4.12 GB
orginal_loss:  tensor(2730.3354, device='cuda:0', grad_fn=<MseLossBackward0>)
[Step 27] Backward Propagation - Time: 0.0235s, Mem: -4416135168.00 B
x_adv.requires_grad:  True
pred_19.requires_grad, true_19.requires_grad:  True False
Autograd grad max:  tensor(0.3258, device='cuda:0')
Autograd grad min:  tensor(-0.3338, device='cuda:0')
Autograd grad mean:  tensor(-0.0024, device='cuda:0')
[Step 27] PGD Update - Time: 0.0011s, Mem: 0.00 B

[Step 27] 完整步骤总时间: 9.318532s | 总显存: 0.00 B
[Step 27] 峰值显存: 6.22 GB

[Step 28] ============ 详细性能分析 ============
[模型部分] 总时间: 6.959812s | 显存: 4.12 GB

[0-9秒 PDE求解详细性能]
  t=0s - 时间: 0.000000s | 显存: 0.00 B
  t=1s - 时间: 0.470384s | 显存: 0.00 B
  t=2s - 时间: 0.491599s | 显存: 0.00 B
  t=3s - 时间: 0.600530s | 显存: 0.00 B
  t=4s - 时间: 0.697775s | 显存: 0.00 B
  t=5s - 时间: 0.703327s | 显存: 0.00 B
  t=6s - 时间: 0.880255s | 显存: 0.00 B
  t=7s - 时间: 0.977596s | 显存: 0.00 B
  t=8s - 时间: 1.049093s | 显存: 0.00 B
  t=9s - 时间: 1.068040s | 显存: 0.00 B

[19秒 PDE求解]
  t=19.0s - 时间: 1.992077s | 显存: 0.00 B

[PDE求解部分] 总时间: 1.992397s | 显存: 0.00 B

[本步骤总计] 时间: 8.952209s | 显存: 4.12 GB
orginal_loss:  tensor(2696.4360, device='cuda:0', grad_fn=<MseLossBackward0>)
[Step 28] Backward Propagation - Time: 0.0237s, Mem: -4416135168.00 B
x_adv.requires_grad:  True
pred_19.requires_grad, true_19.requires_grad:  True False
Autograd grad max:  tensor(0.3069, device='cuda:0')
Autograd grad min:  tensor(-0.3142, device='cuda:0')
Autograd grad mean:  tensor(-0.0024, device='cuda:0')
[Step 28] PGD Update - Time: 0.0013s, Mem: 0.00 B

[Step 28] 完整步骤总时间: 8.981358s | 总显存: 0.00 B
[Step 28] 峰值显存: 6.22 GB

[Step 29] ============ 详细性能分析 ============
[模型部分] 总时间: 6.632271s | 显存: 4.12 GB

[0-9秒 PDE求解详细性能]
  t=0s - 时间: 0.000000s | 显存: 0.00 B
  t=1s - 时间: 0.446914s | 显存: 0.00 B
  t=2s - 时间: 0.449565s | 显存: 0.00 B
  t=3s - 时间: 0.523644s | 显存: 0.00 B
  t=4s - 时间: 0.611371s | 显存: 0.00 B
  t=5s - 时间: 0.771023s | 显存: 0.00 B
  t=6s - 时间: 0.855781s | 显存: 0.00 B
  t=7s - 时间: 0.871307s | 显存: 0.00 B
  t=8s - 时间: 1.046711s | 显存: 0.00 B
  t=9s - 时间: 1.034668s | 显存: 0.00 B

[19秒 PDE求解]
  t=19.0s - 时间: 1.892184s | 显存: 0.00 B

[PDE求解部分] 总时间: 1.892489s | 显存: 0.00 B

[本步骤总计] 时间: 8.524759s | 显存: 4.12 GB
orginal_loss:  tensor(2523.4478, device='cuda:0', grad_fn=<MseLossBackward0>)
[Step 29] Backward Propagation - Time: 0.0235s, Mem: -4416135168.00 B
x_adv.requires_grad:  True
pred_19.requires_grad, true_19.requires_grad:  True False
Autograd grad max:  tensor(0.2741, device='cuda:0')
Autograd grad min:  tensor(-0.2904, device='cuda:0')
Autograd grad mean:  tensor(-0.0022, device='cuda:0')
[Step 29] PGD Update - Time: 0.0011s, Mem: 0.00 B

[Step 29] 完整步骤总时间: 8.553060s | 总显存: 0.00 B
[Step 29] 峰值显存: 6.22 GB

[Step 30] ============ 详细性能分析 ============
[模型部分] 总时间: 6.962852s | 显存: 4.12 GB

[0-9秒 PDE求解详细性能]
  t=0s - 时间: 0.000000s | 显存: 0.00 B
  t=1s - 时间: 0.400051s | 显存: 0.00 B
  t=2s - 时间: 0.533029s | 显存: 0.00 B
  t=3s - 时间: 0.577867s | 显存: 0.00 B
  t=4s - 时间: 0.637313s | 显存: 0.00 B
  t=5s - 时间: 0.751891s | 显存: 0.00 B
  t=6s - 时间: 0.893183s | 显存: 0.00 B
  t=7s - 时间: 0.987588s | 显存: 0.00 B
  t=8s - 时间: 1.061264s | 显存: 0.00 B
  t=9s - 时间: 1.099735s | 显存: 0.00 B

[19秒 PDE求解]
  t=19.0s - 时间: 1.855031s | 显存: 0.00 B

[PDE求解部分] 总时间: 1.855340s | 显存: 0.00 B

[本步骤总计] 时间: 8.818192s | 显存: 4.12 GB
orginal_loss:  tensor(2287.7285, device='cuda:0', grad_fn=<MseLossBackward0>)
[Step 30] Backward Propagation - Time: 0.0235s, Mem: -4416135168.00 B
x_adv.requires_grad:  True
pred_19.requires_grad, true_19.requires_grad:  True False
Autograd grad max:  tensor(0.2587, device='cuda:0')
Autograd grad min:  tensor(-0.2646, device='cuda:0')
Autograd grad mean:  tensor(-0.0017, device='cuda:0')
[Step 30] PGD Update - Time: 0.0011s, Mem: 0.00 B

[Step 30] 完整步骤总时间: 8.846443s | 总显存: 0.00 B
[Step 30] 峰值显存: 6.22 GB

[Step 31] ============ 详细性能分析 ============
[模型部分] 总时间: 6.477840s | 显存: 4.12 GB

[0-9秒 PDE求解详细性能]
  t=0s - 时间: 0.000000s | 显存: 0.00 B
  t=1s - 时间: 0.386916s | 显存: 0.00 B
  t=2s - 时间: 0.438400s | 显存: 0.00 B
  t=3s - 时间: 0.524311s | 显存: 0.00 B
  t=4s - 时间: 0.614956s | 显存: 0.00 B
  t=5s - 时间: 0.720212s | 显存: 0.00 B
  t=6s - 时间: 0.781345s | 显存: 0.00 B
  t=7s - 时间: 0.898862s | 显存: 0.00 B
  t=8s - 时间: 1.014970s | 显存: 0.00 B
  t=9s - 时间: 1.076749s | 显存: 0.00 B

[19秒 PDE求解]
  t=19.0s - 时间: 1.884685s | 显存: 0.00 B

[PDE求解部分] 总时间: 1.885052s | 显存: 0.00 B

[本步骤总计] 时间: 8.362892s | 显存: 4.12 GB
orginal_loss:  tensor(2109.0042, device='cuda:0', grad_fn=<MseLossBackward0>)
[Step 31] Backward Propagation - Time: 0.0237s, Mem: -4416135168.00 B
x_adv.requires_grad:  True
pred_19.requires_grad, true_19.requires_grad:  True False
Autograd grad max:  tensor(0.2396, device='cuda:0')
Autograd grad min:  tensor(-0.2333, device='cuda:0')
Autograd grad mean:  tensor(-0.0011, device='cuda:0')
[Step 31] PGD Update - Time: 0.0012s, Mem: 0.00 B

[Step 31] 完整步骤总时间: 8.392319s | 总显存: 0.00 B
[Step 31] 峰值显存: 6.22 GB

[Step 32] ============ 详细性能分析 ============
[模型部分] 总时间: 7.109219s | 显存: 4.12 GB

[0-9秒 PDE求解详细性能]
  t=0s - 时间: 0.000000s | 显存: 0.00 B
  t=1s - 时间: 0.511973s | 显存: 0.00 B
  t=2s - 时间: 0.462661s | 显存: 0.00 B
  t=3s - 时间: 0.555132s | 显存: 0.00 B
  t=4s - 时间: 0.728184s | 显存: 0.00 B
  t=5s - 时间: 0.755348s | 显存: 0.00 B
  t=6s - 时间: 0.899655s | 显存: 0.00 B
  t=7s - 时间: 1.005345s | 显存: 0.00 B
  t=8s - 时间: 1.040594s | 显存: 0.00 B
  t=9s - 时间: 1.129217s | 显存: 0.00 B

[19秒 PDE求解]
  t=19.0s - 时间: 1.972380s | 显存: 0.00 B

[PDE求解部分] 总时间: 1.972701s | 显存: 0.00 B

[本步骤总计] 时间: 9.081920s | 显存: 4.12 GB
orginal_loss:  tensor(2020.3135, device='cuda:0', grad_fn=<MseLossBackward0>)
[Step 32] Backward Propagation - Time: 0.0236s, Mem: -4416135168.00 B
x_adv.requires_grad:  True
pred_19.requires_grad, true_19.requires_grad:  True False
Autograd grad max:  tensor(0.2206, device='cuda:0')
Autograd grad min:  tensor(-0.2074, device='cuda:0')
Autograd grad mean:  tensor(-0.0004, device='cuda:0')
[Step 32] PGD Update - Time: 0.0012s, Mem: 0.00 B

[Step 32] 完整步骤总时间: 9.110623s | 总显存: 0.00 B
[Step 32] 峰值显存: 6.22 GB

[Step 33] ============ 详细性能分析 ============
[模型部分] 总时间: 6.887733s | 显存: 4.12 GB

[0-9秒 PDE求解详细性能]
  t=0s - 时间: 0.000000s | 显存: 0.00 B
  t=1s - 时间: 0.387435s | 显存: 0.00 B
  t=2s - 时间: 0.446201s | 显存: 0.00 B
  t=3s - 时间: 0.593064s | 显存: 0.00 B
  t=4s - 时间: 0.695881s | 显存: 0.00 B
  t=5s - 时间: 0.749595s | 显存: 0.00 B
  t=6s - 时间: 0.807621s | 显存: 0.00 B
  t=7s - 时间: 0.954562s | 显存: 0.00 B
  t=8s - 时间: 1.039807s | 显存: 0.00 B
  t=9s - 时间: 1.192084s | 显存: 0.00 B

[19秒 PDE求解]
  t=19.0s - 时间: 1.969734s | 显存: 0.00 B

[PDE求解部分] 总时间: 1.970038s | 显存: 0.00 B

[本步骤总计] 时间: 8.857770s | 显存: 4.12 GB
orginal_loss:  tensor(2004.5723, device='cuda:0', grad_fn=<MseLossBackward0>)
[Step 33] Backward Propagation - Time: 0.0237s, Mem: -4416135168.00 B
x_adv.requires_grad:  True
pred_19.requires_grad, true_19.requires_grad:  True False
Autograd grad max:  tensor(0.2180, device='cuda:0')
Autograd grad min:  tensor(-0.1994, device='cuda:0')
Autograd grad mean:  tensor(0.0003, device='cuda:0')
[Step 33] PGD Update - Time: 0.0012s, Mem: 0.00 B

[Step 33] 完整步骤总时间: 8.886561s | 总显存: 0.00 B
[Step 33] 峰值显存: 6.22 GB

[Step 34] ============ 详细性能分析 ============
[模型部分] 总时间: 7.061494s | 显存: 4.12 GB

[0-9秒 PDE求解详细性能]
  t=0s - 时间: 0.000000s | 显存: 0.00 B
  t=1s - 时间: 0.422385s | 显存: 0.00 B
  t=2s - 时间: 0.564925s | 显存: 0.00 B
  t=3s - 时间: 0.629964s | 显存: 0.00 B
  t=4s - 时间: 0.718582s | 显存: 0.00 B
  t=5s - 时间: 0.775193s | 显存: 0.00 B
  t=6s - 时间: 0.862498s | 显存: 0.00 B
  t=7s - 时间: 0.936355s | 显存: 0.00 B
  t=8s - 时间: 1.043051s | 显存: 0.00 B
  t=9s - 时间: 1.087505s | 显存: 0.00 B

[19秒 PDE求解]
  t=19.0s - 时间: 1.960087s | 显存: 0.00 B

[PDE求解部分] 总时间: 1.960403s | 显存: 0.00 B

[本步骤总计] 时间: 9.021897s | 显存: 4.12 GB
orginal_loss:  tensor(2047.5560, device='cuda:0', grad_fn=<MseLossBackward0>)
[Step 34] Backward Propagation - Time: 0.0234s, Mem: -4416135168.00 B
x_adv.requires_grad:  True
pred_19.requires_grad, true_19.requires_grad:  True False
Autograd grad max:  tensor(0.2392, device='cuda:0')
Autograd grad min:  tensor(-0.2158, device='cuda:0')
Autograd grad mean:  tensor(0.0008, device='cuda:0')
[Step 34] PGD Update - Time: 0.0012s, Mem: 0.00 B

[Step 34] 完整步骤总时间: 9.050277s | 总显存: 0.00 B
[Step 34] 峰值显存: 6.22 GB

[Step 35] ============ 详细性能分析 ============
[模型部分] 总时间: 7.006262s | 显存: 4.12 GB

[0-9秒 PDE求解详细性能]
  t=0s - 时间: 0.000000s | 显存: 0.00 B
  t=1s - 时间: 0.572495s | 显存: 0.00 B
  t=2s - 时间: 0.494595s | 显存: 0.00 B
  t=3s - 时间: 0.631671s | 显存: 0.00 B
  t=4s - 时间: 0.621978s | 显存: 0.00 B
  t=5s - 时间: 0.700689s | 显存: 0.00 B
  t=6s - 时间: 0.866292s | 显存: 0.00 B
  t=7s - 时间: 0.909708s | 显存: 0.00 B
  t=8s - 时间: 0.996722s | 显存: 0.00 B
  t=9s - 时间: 1.191185s | 显存: 0.00 B

[19秒 PDE求解]
  t=19.0s - 时间: 1.930061s | 显存: 0.00 B

[PDE求解部分] 总时间: 1.930357s | 显存: 0.00 B

[本步骤总计] 时间: 8.936619s | 显存: 4.12 GB
orginal_loss:  tensor(2134.1514, device='cuda:0', grad_fn=<MseLossBackward0>)
[Step 35] Backward Propagation - Time: 0.0235s, Mem: -4416135168.00 B
x_adv.requires_grad:  True
pred_19.requires_grad, true_19.requires_grad:  True False
Autograd grad max:  tensor(0.2820, device='cuda:0')
Autograd grad min:  tensor(-0.2522, device='cuda:0')
Autograd grad mean:  tensor(0.0014, device='cuda:0')
[Step 35] PGD Update - Time: 0.0012s, Mem: 0.00 B

[Step 35] 完整步骤总时间: 8.965048s | 总显存: 0.00 B
[Step 35] 峰值显存: 6.22 GB

[Step 36] ============ 详细性能分析 ============
[模型部分] 总时间: 6.842494s | 显存: 4.12 GB

[0-9秒 PDE求解详细性能]
  t=0s - 时间: 0.000000s | 显存: 0.00 B
  t=1s - 时间: 0.451443s | 显存: 0.00 B
  t=2s - 时间: 0.602664s | 显存: 0.00 B
  t=3s - 时间: 0.559532s | 显存: 0.00 B
  t=4s - 时间: 0.631460s | 显存: 0.00 B
  t=5s - 时间: 0.728489s | 显存: 0.00 B
  t=6s - 时间: 0.813570s | 显存: 0.00 B
  t=7s - 时间: 0.938786s | 显存: 0.00 B
  t=8s - 时间: 1.029820s | 显存: 0.00 B
  t=9s - 时间: 1.065571s | 显存: 0.00 B

[19秒 PDE求解]
  t=19.0s - 时间: 1.881639s | 显存: 0.00 B

[PDE求解部分] 总时间: 1.881993s | 显存: 0.00 B

[本步骤总计] 时间: 8.724488s | 显存: 4.12 GB
orginal_loss:  tensor(2238.9434, device='cuda:0', grad_fn=<MseLossBackward0>)
[Step 36] Backward Propagation - Time: 0.0235s, Mem: -4416135168.00 B
x_adv.requires_grad:  True
pred_19.requires_grad, true_19.requires_grad:  True False
Autograd grad max:  tensor(0.3408, device='cuda:0')
Autograd grad min:  tensor(-0.3007, device='cuda:0')
Autograd grad mean:  tensor(0.0021, device='cuda:0')
[Step 36] PGD Update - Time: 0.0012s, Mem: 0.00 B

[Step 36] 完整步骤总时间: 8.753761s | 总显存: 0.00 B
[Step 36] 峰值显存: 6.22 GB

[Step 37] ============ 详细性能分析 ============
[模型部分] 总时间: 7.116389s | 显存: 4.12 GB

[0-9秒 PDE求解详细性能]
  t=0s - 时间: 0.000000s | 显存: 0.00 B
  t=1s - 时间: 0.379992s | 显存: 0.00 B
  t=2s - 时间: 0.522764s | 显存: 0.00 B
  t=3s - 时间: 0.932591s | 显存: 0.00 B
  t=4s - 时间: 0.709810s | 显存: 0.00 B
  t=5s - 时间: 0.738831s | 显存: 0.00 B
  t=6s - 时间: 0.821197s | 显存: 0.00 B
  t=7s - 时间: 0.914243s | 显存: 0.00 B
  t=8s - 时间: 1.031156s | 显存: 0.00 B
  t=9s - 时间: 1.044157s | 显存: 0.00 B

[19秒 PDE求解]
  t=19.0s - 时间: 1.854934s | 显存: 0.00 B

[PDE求解部分] 总时间: 1.855243s | 显存: 0.00 B

[本步骤总计] 时间: 8.971631s | 显存: 4.12 GB
orginal_loss:  tensor(2367.6289, device='cuda:0', grad_fn=<MseLossBackward0>)
[Step 37] Backward Propagation - Time: 0.0236s, Mem: -4416135168.00 B
x_adv.requires_grad:  True
pred_19.requires_grad, true_19.requires_grad:  True False
Autograd grad max:  tensor(0.4086, device='cuda:0')
Autograd grad min:  tensor(-0.3536, device='cuda:0')
Autograd grad mean:  tensor(0.0029, device='cuda:0')
[Step 37] PGD Update - Time: 0.0012s, Mem: 0.00 B

[Step 37] 完整步骤总时间: 9.000527s | 总显存: 0.00 B
[Step 37] 峰值显存: 6.22 GB

[Step 38] ============ 详细性能分析 ============
[模型部分] 总时间: 7.158188s | 显存: 4.12 GB

[0-9秒 PDE求解详细性能]
  t=0s - 时间: 0.000000s | 显存: 0.00 B
  t=1s - 时间: 0.452217s | 显存: 0.00 B
  t=2s - 时间: 0.592452s | 显存: 0.00 B
  t=3s - 时间: 0.611103s | 显存: 0.00 B
  t=4s - 时间: 0.682334s | 显存: 0.00 B
  t=5s - 时间: 0.749952s | 显存: 0.00 B
  t=6s - 时间: 0.887803s | 显存: 0.00 B
  t=7s - 时间: 1.007173s | 显存: 0.00 B
  t=8s - 时间: 1.072268s | 显存: 0.00 B
  t=9s - 时间: 1.081731s | 显存: 0.00 B

[19秒 PDE求解]
  t=19.0s - 时间: 1.975542s | 显存: 0.00 B

[PDE求解部分] 总时间: 1.975858s | 显存: 0.00 B

[本步骤总计] 时间: 9.134046s | 显存: 4.12 GB
orginal_loss:  tensor(2531.0417, device='cuda:0', grad_fn=<MseLossBackward0>)
[Step 38] Backward Propagation - Time: 0.0234s, Mem: -4416135168.00 B
x_adv.requires_grad:  True
pred_19.requires_grad, true_19.requires_grad:  True False
Autograd grad max:  tensor(0.4760, device='cuda:0')
Autograd grad min:  tensor(-0.4049, device='cuda:0')
Autograd grad mean:  tensor(0.0040, device='cuda:0')
[Step 38] PGD Update - Time: 0.0012s, Mem: 0.00 B

[Step 38] 完整步骤总时间: 9.162636s | 总显存: 0.00 B
[Step 38] 峰值显存: 6.22 GB

[Step 39] ============ 详细性能分析 ============
[模型部分] 总时间: 6.963248s | 显存: 4.12 GB

[0-9秒 PDE求解详细性能]
  t=0s - 时间: 0.000000s | 显存: 0.00 B
  t=1s - 时间: 0.453894s | 显存: 0.00 B
  t=2s - 时间: 0.481785s | 显存: 0.00 B
  t=3s - 时间: 0.602438s | 显存: 0.00 B
  t=4s - 时间: 0.709997s | 显存: 0.00 B
  t=5s - 时间: 0.768529s | 显存: 0.00 B
  t=6s - 时间: 0.922889s | 显存: 0.00 B
  t=7s - 时间: 0.931728s | 显存: 0.00 B
  t=8s - 时间: 1.006010s | 显存: 0.00 B
  t=9s - 时间: 1.065018s | 显存: 0.00 B

[19秒 PDE求解]
  t=19.0s - 时间: 1.917885s | 显存: 0.00 B

[PDE求解部分] 总时间: 1.918193s | 显存: 0.00 B

[本步骤总计] 时间: 8.881441s | 显存: 4.12 GB
orginal_loss:  tensor(2661.0576, device='cuda:0', grad_fn=<MseLossBackward0>)
[Step 39] Backward Propagation - Time: 0.0234s, Mem: -4416135168.00 B
x_adv.requires_grad:  True
pred_19.requires_grad, true_19.requires_grad:  True False
Autograd grad max:  tensor(0.5291, device='cuda:0')
Autograd grad min:  tensor(-0.4446, device='cuda:0')
Autograd grad mean:  tensor(0.0051, device='cuda:0')
[Step 39] PGD Update - Time: 0.0011s, Mem: 0.00 B

[Step 39] 完整步骤总时间: 8.909667s | 总显存: 0.00 B
[Step 39] 峰值显存: 6.22 GB

[Step 40] ============ 详细性能分析 ============
[模型部分] 总时间: 7.013359s | 显存: 4.12 GB

[0-9秒 PDE求解详细性能]
  t=0s - 时间: 0.000000s | 显存: 0.00 B
  t=1s - 时间: 0.415710s | 显存: 0.00 B
  t=2s - 时间: 0.550463s | 显存: 0.00 B
  t=3s - 时间: 0.675996s | 显存: 0.00 B
  t=4s - 时间: 0.774477s | 显存: 0.00 B
  t=5s - 时间: 0.781863s | 显存: 0.00 B
  t=6s - 时间: 0.837307s | 显存: 0.00 B
  t=7s - 时间: 0.933198s | 显存: 0.00 B
  t=8s - 时间: 0.940789s | 显存: 0.00 B
  t=9s - 时间: 1.082599s | 显存: 0.00 B

[19秒 PDE求解]
  t=19.0s - 时间: 1.933182s | 显存: 0.00 B

[PDE求解部分] 总时间: 1.933514s | 显存: 0.00 B

[本步骤总计] 时间: 8.946873s | 显存: 4.12 GB
orginal_loss:  tensor(2659.9980, device='cuda:0', grad_fn=<MseLossBackward0>)
[Step 40] Backward Propagation - Time: 0.0241s, Mem: -4416135168.00 B
x_adv.requires_grad:  True
pred_19.requires_grad, true_19.requires_grad:  True False
Autograd grad max:  tensor(0.5491, device='cuda:0')
Autograd grad min:  tensor(-0.4567, device='cuda:0')
Autograd grad mean:  tensor(0.0061, device='cuda:0')
[Step 40] PGD Update - Time: 0.0011s, Mem: 0.00 B

[Step 40] 完整步骤总时间: 8.976591s | 总显存: 0.00 B
[Step 40] 峰值显存: 6.22 GB

[Step 41] ============ 详细性能分析 ============
[模型部分] 总时间: 7.152619s | 显存: 4.12 GB

[0-9秒 PDE求解详细性能]
  t=0s - 时间: 0.000000s | 显存: 0.00 B
  t=1s - 时间: 0.493422s | 显存: 0.00 B
  t=2s - 时间: 0.585794s | 显存: 0.00 B
  t=3s - 时间: 0.592309s | 显存: 0.00 B
  t=4s - 时间: 0.687460s | 显存: 0.00 B
  t=5s - 时间: 0.744992s | 显存: 0.00 B
  t=6s - 时间: 0.908803s | 显存: 0.00 B
  t=7s - 时间: 0.983378s | 显存: 0.00 B
  t=8s - 时间: 0.956595s | 显存: 0.00 B
  t=9s - 时间: 1.178750s | 显存: 0.00 B

[19秒 PDE求解]
  t=19.0s - 时间: 1.896107s | 显存: 0.00 B

[PDE求解部分] 总时间: 1.896423s | 显存: 0.00 B

[本步骤总计] 时间: 9.049042s | 显存: 4.12 GB
orginal_loss:  tensor(2510.3350, device='cuda:0', grad_fn=<MseLossBackward0>)
[Step 41] Backward Propagation - Time: 0.0234s, Mem: -4416135168.00 B
x_adv.requires_grad:  True
pred_19.requires_grad, true_19.requires_grad:  True False
Autograd grad max:  tensor(0.5216, device='cuda:0')
Autograd grad min:  tensor(-0.4283, device='cuda:0')
Autograd grad mean:  tensor(0.0065, device='cuda:0')
[Step 41] PGD Update - Time: 0.0013s, Mem: 0.00 B

[Step 41] 完整步骤总时间: 9.077534s | 总显存: 0.00 B
[Step 41] 峰值显存: 6.22 GB

[Step 42] ============ 详细性能分析 ============
[模型部分] 总时间: 6.843099s | 显存: 4.12 GB

[0-9秒 PDE求解详细性能]
  t=0s - 时间: 0.000000s | 显存: 0.00 B
  t=1s - 时间: 0.424168s | 显存: 0.00 B
  t=2s - 时间: 0.564320s | 显存: 0.00 B
  t=3s - 时间: 0.598403s | 显存: 0.00 B
  t=4s - 时间: 0.667030s | 显存: 0.00 B
  t=5s - 时间: 0.762851s | 显存: 0.00 B
  t=6s - 时间: 0.903702s | 显存: 0.00 B
  t=7s - 时间: 0.874275s | 显存: 0.00 B
  t=8s - 时间: 0.983948s | 显存: 0.00 B
  t=9s - 时间: 1.042821s | 显存: 0.00 B

[19秒 PDE求解]
  t=19.0s - 时间: 1.878279s | 显存: 0.00 B

[PDE求解部分] 总时间: 1.878593s | 显存: 0.00 B

[本步骤总计] 时间: 8.721692s | 显存: 4.12 GB
orginal_loss:  tensor(2211.7188, device='cuda:0', grad_fn=<MseLossBackward0>)
[Step 42] Backward Propagation - Time: 0.0236s, Mem: -4416135168.00 B
x_adv.requires_grad:  True
pred_19.requires_grad, true_19.requires_grad:  True False
Autograd grad max:  tensor(0.4491, device='cuda:0')
Autograd grad min:  tensor(-0.3612, device='cuda:0')
Autograd grad mean:  tensor(0.0060, device='cuda:0')
[Step 42] PGD Update - Time: 0.0012s, Mem: 0.00 B

[Step 42] 完整步骤总时间: 8.750600s | 总显存: 0.00 B
[Step 42] 峰值显存: 6.22 GB

[Step 43] ============ 详细性能分析 ============
[模型部分] 总时间: 6.991055s | 显存: 4.12 GB

[0-9秒 PDE求解详细性能]
  t=0s - 时间: 0.000000s | 显存: 0.00 B
  t=1s - 时间: 0.535680s | 显存: 0.00 B
  t=2s - 时间: 0.553448s | 显存: 0.00 B
  t=3s - 时间: 0.658696s | 显存: 0.00 B
  t=4s - 时间: 0.725865s | 显存: 0.00 B
  t=5s - 时间: 0.724344s | 显存: 0.00 B
  t=6s - 时间: 0.822814s | 显存: 0.00 B
  t=7s - 时间: 0.882195s | 显存: 0.00 B
  t=8s - 时间: 1.010901s | 显存: 0.00 B
  t=9s - 时间: 1.056114s | 显存: 0.00 B

[19秒 PDE求解]
  t=19.0s - 时间: 1.876984s | 显存: 0.00 B

[PDE求解部分] 总时间: 1.877298s | 显存: 0.00 B

[本步骤总计] 时间: 8.868353s | 显存: 4.12 GB
orginal_loss:  tensor(1923.7577, device='cuda:0', grad_fn=<MseLossBackward0>)
[Step 43] Backward Propagation - Time: 0.0234s, Mem: -4416135168.00 B
x_adv.requires_grad:  True
pred_19.requires_grad, true_19.requires_grad:  True False
Autograd grad max:  tensor(0.3608, device='cuda:0')
Autograd grad min:  tensor(-0.2829, device='cuda:0')
Autograd grad mean:  tensor(0.0050, device='cuda:0')
[Step 43] PGD Update - Time: 0.0011s, Mem: 0.00 B

[Step 43] 完整步骤总时间: 8.896606s | 总显存: 0.00 B
[Step 43] 峰值显存: 6.22 GB

[Step 44] ============ 详细性能分析 ============
[模型部分] 总时间: 6.743117s | 显存: 4.12 GB

[0-9秒 PDE求解详细性能]
  t=0s - 时间: 0.000000s | 显存: 0.00 B
  t=1s - 时间: 0.490707s | 显存: 0.00 B
  t=2s - 时间: 0.507822s | 显存: 0.00 B
  t=3s - 时间: 0.622811s | 显存: 0.00 B
  t=4s - 时间: 0.626104s | 显存: 0.00 B
  t=5s - 时间: 0.709382s | 显存: 0.00 B
  t=6s - 时间: 0.779856s | 显存: 0.00 B
  t=7s - 时间: 0.929885s | 显存: 0.00 B
  t=8s - 时间: 1.014275s | 显存: 0.00 B
  t=9s - 时间: 1.041239s | 显存: 0.00 B

[19秒 PDE求解]
  t=19.0s - 时间: 1.954416s | 显存: 0.00 B

[PDE求解部分] 总时间: 1.954717s | 显存: 0.00 B

[本步骤总计] 时间: 8.697834s | 显存: 4.12 GB
orginal_loss:  tensor(1720.5564, device='cuda:0', grad_fn=<MseLossBackward0>)
[Step 44] Backward Propagation - Time: 0.0234s, Mem: -4416135168.00 B
x_adv.requires_grad:  True
pred_19.requires_grad, true_19.requires_grad:  True False
Autograd grad max:  tensor(0.2692, device='cuda:0')
Autograd grad min:  tensor(-0.2119, device='cuda:0')
Autograd grad mean:  tensor(0.0036, device='cuda:0')
[Step 44] PGD Update - Time: 0.0011s, Mem: 0.00 B

[Step 44] 完整步骤总时间: 8.726105s | 总显存: 0.00 B
[Step 44] 峰值显存: 6.22 GB

[Step 45] ============ 详细性能分析 ============
[模型部分] 总时间: 7.360258s | 显存: 4.12 GB

[0-9秒 PDE求解详细性能]
  t=0s - 时间: 0.000000s | 显存: 0.00 B
  t=1s - 时间: 0.479306s | 显存: 0.00 B
  t=2s - 时间: 0.503677s | 显存: 0.00 B
  t=3s - 时间: 0.639618s | 显存: 0.00 B
  t=4s - 时间: 0.921260s | 显存: 0.00 B
  t=5s - 时间: 0.818861s | 显存: 0.00 B
  t=6s - 时间: 0.837280s | 显存: 0.00 B
  t=7s - 时间: 0.972836s | 显存: 0.00 B
  t=8s - 时间: 1.048918s | 显存: 0.00 B
  t=9s - 时间: 1.099807s | 显存: 0.00 B

[19秒 PDE求解]
  t=19.0s - 时间: 1.895782s | 显存: 0.00 B

[PDE求解部分] 总时间: 1.896113s | 显存: 0.00 B

[本步骤总计] 时间: 9.256371s | 显存: 4.12 GB
orginal_loss:  tensor(1574.4222, device='cuda:0', grad_fn=<MseLossBackward0>)
[Step 45] Backward Propagation - Time: 0.0251s, Mem: -4416135168.00 B
x_adv.requires_grad:  True
pred_19.requires_grad, true_19.requires_grad:  True False
Autograd grad max:  tensor(0.1688, device='cuda:0')
Autograd grad min:  tensor(-0.1421, device='cuda:0')
Autograd grad mean:  tensor(0.0021, device='cuda:0')
[Step 45] PGD Update - Time: 0.0012s, Mem: 0.00 B

[Step 45] 完整步骤总时间: 9.303086s | 总显存: 0.00 B
[Step 45] 峰值显存: 6.22 GB

[Step 46] ============ 详细性能分析 ============
[模型部分] 总时间: 6.727402s | 显存: 4.12 GB

[0-9秒 PDE求解详细性能]
  t=0s - 时间: 0.000000s | 显存: 0.00 B
  t=1s - 时间: 0.459017s | 显存: 0.00 B
  t=2s - 时间: 0.479323s | 显存: 0.00 B
  t=3s - 时间: 0.554071s | 显存: 0.00 B
  t=4s - 时间: 0.642600s | 显存: 0.00 B
  t=5s - 时间: 0.713719s | 显存: 0.00 B
  t=6s - 时间: 0.819833s | 显存: 0.00 B
  t=7s - 时间: 0.927486s | 显存: 0.00 B
  t=8s - 时间: 0.968217s | 显存: 0.00 B
  t=9s - 时间: 1.142041s | 显存: 0.00 B

[19秒 PDE求解]
  t=19.0s - 时间: 1.911644s | 显存: 0.00 B

[PDE求解部分] 总时间: 1.911985s | 显存: 0.00 B

[本步骤总计] 时间: 8.639387s | 显存: 4.12 GB
orginal_loss:  tensor(1526.1987, device='cuda:0', grad_fn=<MseLossBackward0>)
[Step 46] Backward Propagation - Time: 0.0236s, Mem: -4416135168.00 B
x_adv.requires_grad:  True
pred_19.requires_grad, true_19.requires_grad:  True False
Autograd grad max:  tensor(0.1066, device='cuda:0')
Autograd grad min:  tensor(-0.1125, device='cuda:0')
Autograd grad mean:  tensor(0.0003, device='cuda:0')
[Step 46] PGD Update - Time: 0.0012s, Mem: 0.00 B

[Step 46] 完整步骤总时间: 8.668363s | 总显存: 0.00 B
[Step 46] 峰值显存: 6.22 GB

[Step 47] ============ 详细性能分析 ============
[模型部分] 总时间: 7.002330s | 显存: 4.12 GB

[0-9秒 PDE求解详细性能]
  t=0s - 时间: 0.000000s | 显存: 0.00 B
  t=1s - 时间: 0.433317s | 显存: 0.00 B
  t=2s - 时间: 0.510208s | 显存: 0.00 B
  t=3s - 时间: 0.659019s | 显存: 0.00 B
  t=4s - 时间: 0.664208s | 显存: 0.00 B
  t=5s - 时间: 0.749439s | 显存: 0.00 B
  t=6s - 时间: 0.892612s | 显存: 0.00 B
  t=7s - 时间: 0.919745s | 显存: 0.00 B
  t=8s - 时间: 0.995847s | 显存: 0.00 B
  t=9s - 时间: 1.156419s | 显存: 0.00 B

[19秒 PDE求解]
  t=19.0s - 时间: 1.906698s | 显存: 0.00 B

[PDE求解部分] 总时间: 1.907027s | 显存: 0.00 B

[本步骤总计] 时间: 8.909357s | 显存: 4.12 GB
orginal_loss:  tensor(1522.9308, device='cuda:0', grad_fn=<MseLossBackward0>)
[Step 47] Backward Propagation - Time: 0.0235s, Mem: -4416135168.00 B
x_adv.requires_grad:  True
pred_19.requires_grad, true_19.requires_grad:  True False
Autograd grad max:  tensor(0.0881, device='cuda:0')
Autograd grad min:  tensor(-0.1014, device='cuda:0')
Autograd grad mean:  tensor(-0.0006, device='cuda:0')
[Step 47] PGD Update - Time: 0.0012s, Mem: 0.00 B

[Step 47] 完整步骤总时间: 8.937968s | 总显存: 0.00 B
[Step 47] 峰值显存: 6.22 GB

[Step 48] ============ 详细性能分析 ============
[模型部分] 总时间: 6.823966s | 显存: 4.12 GB

[0-9秒 PDE求解详细性能]
  t=0s - 时间: 0.000000s | 显存: 0.00 B
  t=1s - 时间: 0.434536s | 显存: 0.00 B
  t=2s - 时间: 0.565376s | 显存: 0.00 B
  t=3s - 时间: 0.601410s | 显存: 0.00 B
  t=4s - 时间: 0.658928s | 显存: 0.00 B
  t=5s - 时间: 0.710644s | 显存: 0.00 B
  t=6s - 时间: 0.811695s | 显存: 0.00 B
  t=7s - 时间: 0.956732s | 显存: 0.00 B
  t=8s - 时间: 0.987726s | 显存: 0.00 B
  t=9s - 时间: 1.075946s | 显存: 0.00 B

[19秒 PDE求解]
  t=19.0s - 时间: 1.846176s | 显存: 0.00 B

[PDE求解部分] 总时间: 1.846477s | 显存: 0.00 B

[本步骤总计] 时间: 8.670443s | 显存: 4.12 GB
orginal_loss:  tensor(1519.0228, device='cuda:0', grad_fn=<MseLossBackward0>)
[Step 48] Backward Propagation - Time: 0.0234s, Mem: -4416135168.00 B
x_adv.requires_grad:  True
pred_19.requires_grad, true_19.requires_grad:  True False
Autograd grad max:  tensor(0.0827, device='cuda:0')
Autograd grad min:  tensor(-0.0803, device='cuda:0')
Autograd grad mean:  tensor(-0.0005, device='cuda:0')
[Step 48] PGD Update - Time: 0.0011s, Mem: 0.00 B

[Step 48] 完整步骤总时间: 8.698762s | 总显存: 0.00 B
[Step 48] 峰值显存: 6.22 GB

[Step 49] ============ 详细性能分析 ============
[模型部分] 总时间: 7.443108s | 显存: 4.12 GB

[0-9秒 PDE求解详细性能]
  t=0s - 时间: 0.000000s | 显存: 0.00 B
  t=1s - 时间: 0.516970s | 显存: 0.00 B
  t=2s - 时间: 0.949078s | 显存: 0.00 B
  t=3s - 时间: 0.584099s | 显存: 0.00 B
  t=4s - 时间: 0.651885s | 显存: 0.00 B
  t=5s - 时间: 0.828275s | 显存: 0.00 B
  t=6s - 时间: 0.861942s | 显存: 0.00 B
  t=7s - 时间: 0.986839s | 显存: 0.00 B
  t=8s - 时间: 0.993963s | 显存: 0.00 B
  t=9s - 时间: 1.049033s | 显存: 0.00 B

[19秒 PDE求解]
  t=19.0s - 时间: 1.886340s | 显存: 0.00 B

[PDE求解部分] 总时间: 1.886651s | 显存: 0.00 B

[本步骤总计] 时间: 9.329759s | 显存: 4.12 GB
orginal_loss:  tensor(1509.1614, device='cuda:0', grad_fn=<MseLossBackward0>)
[Step 49] Backward Propagation - Time: 0.0235s, Mem: -4416135168.00 B
x_adv.requires_grad:  True
pred_19.requires_grad, true_19.requires_grad:  True False
Autograd grad max:  tensor(0.0763, device='cuda:0')
Autograd grad min:  tensor(-0.0601, device='cuda:0')
Autograd grad mean:  tensor(-0.0002, device='cuda:0')
[Step 49] PGD Update - Time: 0.0012s, Mem: 0.00 B

[Step 49] 完整步骤总时间: 9.358216s | 总显存: 0.00 B
[Step 49] 峰值显存: 6.22 GB

[Step 50] ============ 详细性能分析 ============
[模型部分] 总时间: 6.827877s | 显存: 4.12 GB

[0-9秒 PDE求解详细性能]
  t=0s - 时间: 0.000000s | 显存: 0.00 B
  t=1s - 时间: 0.391841s | 显存: 0.00 B
  t=2s - 时间: 0.525791s | 显存: 0.00 B
  t=3s - 时间: 0.536486s | 显存: 0.00 B
  t=4s - 时间: 0.711802s | 显存: 0.00 B
  t=5s - 时间: 0.723500s | 显存: 0.00 B
  t=6s - 时间: 0.812523s | 显存: 0.00 B
  t=7s - 时间: 0.956658s | 显存: 0.00 B
  t=8s - 时间: 1.065239s | 显存: 0.00 B
  t=9s - 时间: 1.082828s | 显存: 0.00 B

[19秒 PDE求解]
  t=19.0s - 时间: 1.957524s | 显存: 0.00 B

[PDE求解部分] 总时间: 1.957916s | 显存: 0.00 B

[本步骤总计] 时间: 8.785794s | 显存: 4.12 GB
orginal_loss:  tensor(1483.8634, device='cuda:0', grad_fn=<MseLossBackward0>)
[Step 50] Backward Propagation - Time: 0.0236s, Mem: -4416135168.00 B
x_adv.requires_grad:  True
pred_19.requires_grad, true_19.requires_grad:  True False
Autograd grad max:  tensor(0.0750, device='cuda:0')
Autograd grad min:  tensor(-0.0566, device='cuda:0')
Autograd grad mean:  tensor(-6.7184e-05, device='cuda:0')
[Step 50] PGD Update - Time: 0.0013s, Mem: 0.00 B

[Step 50] 完整步骤总时间: 8.816723s | 总显存: 0.00 B
[Step 50] 峰值显存: 6.22 GB

[Step 51] ============ 详细性能分析 ============
[模型部分] 总时间: 6.977823s | 显存: 4.12 GB

[0-9秒 PDE求解详细性能]
  t=0s - 时间: 0.000000s | 显存: 0.00 B
  t=1s - 时间: 0.525793s | 显存: 0.00 B
  t=2s - 时间: 0.496434s | 显存: 0.00 B
  t=3s - 时间: 0.630009s | 显存: 0.00 B
  t=4s - 时间: 0.699172s | 显存: 0.00 B
  t=5s - 时间: 0.776986s | 显存: 0.00 B
  t=6s - 时间: 0.829815s | 显存: 0.00 B
  t=7s - 时间: 0.930632s | 显存: 0.00 B
  t=8s - 时间: 1.024108s | 显存: 0.00 B
  t=9s - 时间: 1.043897s | 显存: 0.00 B

[19秒 PDE求解]
  t=19.0s - 时间: 1.907500s | 显存: 0.00 B

[PDE求解部分] 总时间: 1.907830s | 显存: 0.00 B

[本步骤总计] 时间: 8.885653s | 显存: 4.12 GB
orginal_loss:  tensor(1457.3612, device='cuda:0', grad_fn=<MseLossBackward0>)
[Step 51] Backward Propagation - Time: 0.0236s, Mem: -4416135168.00 B
x_adv.requires_grad:  True
pred_19.requires_grad, true_19.requires_grad:  True False
Autograd grad max:  tensor(0.0748, device='cuda:0')
Autograd grad min:  tensor(-0.0572, device='cuda:0')
Autograd grad mean:  tensor(-3.6939e-05, device='cuda:0')
[Step 51] PGD Update - Time: 0.0012s, Mem: 0.00 B

[Step 51] 完整步骤总时间: 8.914359s | 总显存: 0.00 B
[Step 51] 峰值显存: 6.22 GB

[Step 52] ============ 详细性能分析 ============
[模型部分] 总时间: 6.813191s | 显存: 4.12 GB

[0-9秒 PDE求解详细性能]
  t=0s - 时间: 0.000000s | 显存: 0.00 B
  t=1s - 时间: 0.389513s | 显存: 0.00 B
  t=2s - 时间: 0.464607s | 显存: 0.00 B
  t=3s - 时间: 0.570791s | 显存: 0.00 B
  t=4s - 时间: 0.694601s | 显存: 0.00 B
  t=5s - 时间: 0.721250s | 显存: 0.00 B
  t=6s - 时间: 0.823372s | 显存: 0.00 B
  t=7s - 时间: 0.937585s | 显存: 0.00 B
  t=8s - 时间: 1.095567s | 显存: 0.00 B
  t=9s - 时间: 1.094465s | 显存: 0.00 B

[19秒 PDE求解]
  t=19.0s - 时间: 1.959098s | 显存: 0.00 B

[PDE求解部分] 总时间: 1.959406s | 显存: 0.00 B

[本步骤总计] 时间: 8.772597s | 显存: 4.12 GB
orginal_loss:  tensor(1433.3936, device='cuda:0', grad_fn=<MseLossBackward0>)
[Step 52] Backward Propagation - Time: 0.0236s, Mem: -4416135168.00 B
x_adv.requires_grad:  True
pred_19.requires_grad, true_19.requires_grad:  True False
Autograd grad max:  tensor(0.0741, device='cuda:0')
Autograd grad min:  tensor(-0.0565, device='cuda:0')
Autograd grad mean:  tensor(-5.4151e-06, device='cuda:0')
[Step 52] PGD Update - Time: 0.0012s, Mem: 0.00 B

[Step 52] 完整步骤总时间: 8.801285s | 总显存: 0.00 B
[Step 52] 峰值显存: 6.22 GB

[Step 53] ============ 详细性能分析 ============
[模型部分] 总时间: 7.062123s | 显存: 4.12 GB

[0-9秒 PDE求解详细性能]
  t=0s - 时间: 0.000000s | 显存: 0.00 B
  t=1s - 时间: 0.394197s | 显存: 0.00 B
  t=2s - 时间: 0.545918s | 显存: 0.00 B
  t=3s - 时间: 0.651934s | 显存: 0.00 B
  t=4s - 时间: 0.747670s | 显存: 0.00 B
  t=5s - 时间: 0.794585s | 显存: 0.00 B
  t=6s - 时间: 0.847907s | 显存: 0.00 B
  t=7s - 时间: 0.931016s | 显存: 0.00 B
  t=8s - 时间: 1.034830s | 显存: 0.00 B
  t=9s - 时间: 1.092968s | 显存: 0.00 B

[19秒 PDE求解]
  t=19.0s - 时间: 1.919017s | 显存: 0.00 B

[PDE求解部分] 总时间: 1.919324s | 显存: 0.00 B

[本步骤总计] 时间: 8.981448s | 显存: 4.12 GB
orginal_loss:  tensor(1411.9054, device='cuda:0', grad_fn=<MseLossBackward0>)
[Step 53] Backward Propagation - Time: 0.0235s, Mem: -4416135168.00 B
x_adv.requires_grad:  True
pred_19.requires_grad, true_19.requires_grad:  True False
Autograd grad max:  tensor(0.0726, device='cuda:0')
Autograd grad min:  tensor(-0.0553, device='cuda:0')
Autograd grad mean:  tensor(4.2801e-05, device='cuda:0')
[Step 53] PGD Update - Time: 0.0012s, Mem: 0.00 B

[Step 53] 完整步骤总时间: 9.009782s | 总显存: 0.00 B
[Step 53] 峰值显存: 6.22 GB

[Step 54] ============ 详细性能分析 ============
[模型部分] 总时间: 7.242280s | 显存: 4.12 GB

[0-9秒 PDE求解详细性能]
  t=0s - 时间: 0.000000s | 显存: 0.00 B
  t=1s - 时间: 0.521500s | 显存: 0.00 B
  t=2s - 时间: 0.613119s | 显存: 0.00 B
  t=3s - 时间: 0.602916s | 显存: 0.00 B
  t=4s - 时间: 0.667092s | 显存: 0.00 B
  t=5s - 时间: 0.738614s | 显存: 0.00 B
  t=6s - 时间: 0.884121s | 显存: 0.00 B
  t=7s - 时间: 1.011286s | 显存: 0.00 B
  t=8s - 时间: 1.068325s | 显存: 0.00 B
  t=9s - 时间: 1.114313s | 显存: 0.00 B

[19秒 PDE求解]
  t=19.0s - 时间: 1.963701s | 显存: 0.00 B

[PDE求解部分] 总时间: 1.963995s | 显存: 0.00 B

[本步骤总计] 时间: 9.206274s | 显存: 4.12 GB
orginal_loss:  tensor(1392.9458, device='cuda:0', grad_fn=<MseLossBackward0>)
[Step 54] Backward Propagation - Time: 0.0234s, Mem: -4416135168.00 B
x_adv.requires_grad:  True
pred_19.requires_grad, true_19.requires_grad:  True False
Autograd grad max:  tensor(0.0708, device='cuda:0')
Autograd grad min:  tensor(-0.0541, device='cuda:0')
Autograd grad mean:  tensor(9.2380e-05, device='cuda:0')
[Step 54] PGD Update - Time: 0.0012s, Mem: 0.00 B

[Step 54] 完整步骤总时间: 9.234575s | 总显存: 0.00 B
[Step 54] 峰值显存: 6.22 GB

[Step 55] ============ 详细性能分析 ============
[模型部分] 总时间: 6.973132s | 显存: 4.12 GB

[0-9秒 PDE求解详细性能]
  t=0s - 时间: 0.000000s | 显存: 0.00 B
  t=1s - 时间: 0.507763s | 显存: 0.00 B
  t=2s - 时间: 0.465752s | 显存: 0.00 B
  t=3s - 时间: 0.654300s | 显存: 0.00 B
  t=4s - 时间: 0.615795s | 显存: 0.00 B
  t=5s - 时间: 0.828218s | 显存: 0.00 B
  t=6s - 时间: 0.783911s | 显存: 0.00 B
  t=7s - 时间: 0.958057s | 显存: 0.00 B
  t=8s - 时间: 1.024448s | 显存: 0.00 B
  t=9s - 时间: 1.113861s | 显存: 0.00 B

[19秒 PDE求解]
  t=19.0s - 时间: 1.897446s | 显存: 0.00 B

[PDE求解部分] 总时间: 1.897759s | 显存: 0.00 B

[本步骤总计] 时间: 8.870891s | 显存: 4.12 GB
orginal_loss:  tensor(1377.4165, device='cuda:0', grad_fn=<MseLossBackward0>)
[Step 55] Backward Propagation - Time: 0.0242s, Mem: -4416135168.00 B
x_adv.requires_grad:  True
pred_19.requires_grad, true_19.requires_grad:  True False
Autograd grad max:  tensor(0.0685, device='cuda:0')
Autograd grad min:  tensor(-0.0535, device='cuda:0')
Autograd grad mean:  tensor(0.0001, device='cuda:0')
[Step 55] PGD Update - Time: 0.0012s, Mem: 0.00 B

[Step 55] 完整步骤总时间: 8.900941s | 总显存: 0.00 B
[Step 55] 峰值显存: 6.22 GB

[Step 56] ============ 详细性能分析 ============
[模型部分] 总时间: 6.998972s | 显存: 4.12 GB

[0-9秒 PDE求解详细性能]
  t=0s - 时间: 0.000000s | 显存: 0.00 B
  t=1s - 时间: 0.504344s | 显存: 0.00 B
  t=2s - 时间: 0.505968s | 显存: 0.00 B
  t=3s - 时间: 0.640967s | 显存: 0.00 B
  t=4s - 时间: 0.717898s | 显存: 0.00 B
  t=5s - 时间: 0.743015s | 显存: 0.00 B
  t=6s - 时间: 0.819747s | 显存: 0.00 B
  t=7s - 时间: 0.927363s | 显存: 0.00 B
  t=8s - 时间: 1.052799s | 显存: 0.00 B
  t=9s - 时间: 1.065813s | 显存: 0.00 B

[19秒 PDE求解]
  t=19.0s - 时间: 1.878505s | 显存: 0.00 B

[PDE求解部分] 总时间: 1.878864s | 显存: 0.00 B

[本步骤总计] 时间: 8.877836s | 显存: 4.12 GB
orginal_loss:  tensor(1366.0615, device='cuda:0', grad_fn=<MseLossBackward0>)
[Step 56] Backward Propagation - Time: 0.0236s, Mem: -4416135168.00 B
x_adv.requires_grad:  True
pred_19.requires_grad, true_19.requires_grad:  True False
Autograd grad max:  tensor(0.0663, device='cuda:0')
Autograd grad min:  tensor(-0.0527, device='cuda:0')
Autograd grad mean:  tensor(0.0002, device='cuda:0')
[Step 56] PGD Update - Time: 0.0012s, Mem: 0.00 B

[Step 56] 完整步骤总时间: 8.906593s | 总显存: 0.00 B
[Step 56] 峰值显存: 6.22 GB

[Step 57] ============ 详细性能分析 ============
[模型部分] 总时间: 6.784318s | 显存: 4.12 GB

[0-9秒 PDE求解详细性能]
  t=0s - 时间: 0.000000s | 显存: 0.00 B
  t=1s - 时间: 0.439886s | 显存: 0.00 B
  t=2s - 时间: 0.556902s | 显存: 0.00 B
  t=3s - 时间: 0.590293s | 显存: 0.00 B
  t=4s - 时间: 0.684295s | 显存: 0.00 B
  t=5s - 时间: 0.741817s | 显存: 0.00 B
  t=6s - 时间: 0.858432s | 显存: 0.00 B
  t=7s - 时间: 0.897964s | 显存: 0.00 B
  t=8s - 时间: 0.951300s | 显存: 0.00 B
  t=9s - 时间: 1.041861s | 显存: 0.00 B

[19秒 PDE求解]
  t=19.0s - 时间: 1.852893s | 显存: 0.00 B

[PDE求解部分] 总时间: 1.853206s | 显存: 0.00 B

[本步骤总计] 时间: 8.637525s | 显存: 4.12 GB
orginal_loss:  tensor(1359.4312, device='cuda:0', grad_fn=<MseLossBackward0>)
[Step 57] Backward Propagation - Time: 0.0235s, Mem: -4416135168.00 B
x_adv.requires_grad:  True
pred_19.requires_grad, true_19.requires_grad:  True False
Autograd grad max:  tensor(0.0646, device='cuda:0')
Autograd grad min:  tensor(-0.0513, device='cuda:0')
Autograd grad mean:  tensor(0.0002, device='cuda:0')
[Step 57] PGD Update - Time: 0.0012s, Mem: 0.00 B

[Step 57] 完整步骤总时间: 8.666155s | 总显存: 0.00 B
[Step 57] 峰值显存: 6.22 GB

[Step 58] ============ 详细性能分析 ============
[模型部分] 总时间: 6.834261s | 显存: 4.12 GB

[0-9秒 PDE求解详细性能]
  t=0s - 时间: 0.000000s | 显存: 0.00 B
  t=1s - 时间: 0.409145s | 显存: 0.00 B
  t=2s - 时间: 0.476715s | 显存: 0.00 B
  t=3s - 时间: 0.620954s | 显存: 0.00 B
  t=4s - 时间: 0.673922s | 显存: 0.00 B
  t=5s - 时间: 0.697494s | 显存: 0.00 B
  t=6s - 时间: 0.847528s | 显存: 0.00 B
  t=7s - 时间: 0.992433s | 显存: 0.00 B
  t=8s - 时间: 1.045507s | 显存: 0.00 B
  t=9s - 时间: 1.049540s | 显存: 0.00 B

[19秒 PDE求解]
  t=19.0s - 时间: 1.905699s | 显存: 0.00 B

[PDE求解部分] 总时间: 1.906011s | 显存: 0.00 B

[本步骤总计] 时间: 8.740271s | 显存: 4.12 GB
orginal_loss:  tensor(1357.6105, device='cuda:0', grad_fn=<MseLossBackward0>)
[Step 58] Backward Propagation - Time: 0.0235s, Mem: -4416135168.00 B
x_adv.requires_grad:  True
pred_19.requires_grad, true_19.requires_grad:  True False
Autograd grad max:  tensor(0.0630, device='cuda:0')
Autograd grad min:  tensor(-0.0497, device='cuda:0')
Autograd grad mean:  tensor(0.0003, device='cuda:0')
[Step 58] PGD Update - Time: 0.0012s, Mem: 0.00 B

[Step 58] 完整步骤总时间: 8.768680s | 总显存: 0.00 B
[Step 58] 峰值显存: 6.22 GB

[Step 59] ============ 详细性能分析 ============
[模型部分] 总时间: 7.213048s | 显存: 4.12 GB

[0-9秒 PDE求解详细性能]
  t=0s - 时间: 0.000000s | 显存: 0.00 B
  t=1s - 时间: 0.522094s | 显存: 0.00 B
  t=2s - 时间: 0.526095s | 显存: 0.00 B
  t=3s - 时间: 0.625458s | 显存: 0.00 B
  t=4s - 时间: 0.714836s | 显存: 0.00 B
  t=5s - 时间: 0.809465s | 显存: 0.00 B
  t=6s - 时间: 0.856985s | 显存: 0.00 B
  t=7s - 时间: 0.933501s | 显存: 0.00 B
  t=8s - 时间: 1.075564s | 显存: 0.00 B
  t=9s - 时间: 1.128070s | 显存: 0.00 B

[19秒 PDE求解]
  t=19.0s - 时间: 1.981789s | 显存: 0.00 B

[PDE求解部分] 总时间: 1.982098s | 显存: 0.00 B

[本步骤总计] 时间: 9.195146s | 显存: 4.12 GB
orginal_loss:  tensor(1360.3595, device='cuda:0', grad_fn=<MseLossBackward0>)
[Step 59] Backward Propagation - Time: 0.0236s, Mem: -4416135168.00 B
x_adv.requires_grad:  True
pred_19.requires_grad, true_19.requires_grad:  True False
Autograd grad max:  tensor(0.0616, device='cuda:0')
Autograd grad min:  tensor(-0.0478, device='cuda:0')
Autograd grad mean:  tensor(0.0004, device='cuda:0')
[Step 59] PGD Update - Time: 0.0012s, Mem: 0.00 B

[Step 59] 完整步骤总时间: 9.223540s | 总显存: 0.00 B
[Step 59] 峰值显存: 6.22 GB

[Step 60] ============ 详细性能分析 ============
[模型部分] 总时间: 6.982658s | 显存: 4.12 GB

[0-9秒 PDE求解详细性能]
  t=0s - 时间: 0.000000s | 显存: 0.00 B
  t=1s - 时间: 0.455040s | 显存: 0.00 B
  t=2s - 时间: 0.594380s | 显存: 0.00 B
  t=3s - 时间: 0.605028s | 显存: 0.00 B
  t=4s - 时间: 0.678699s | 显存: 0.00 B
  t=5s - 时间: 0.751872s | 显存: 0.00 B
  t=6s - 时间: 0.845911s | 显存: 0.00 B
  t=7s - 时间: 0.993808s | 显存: 0.00 B
  t=8s - 时间: 0.978124s | 显存: 0.00 B
  t=9s - 时间: 1.058849s | 显存: 0.00 B

[19秒 PDE求解]
  t=19.0s - 时间: 1.957625s | 显存: 0.00 B

[PDE求解部分] 总时间: 1.957933s | 显存: 0.00 B

[本步骤总计] 时间: 8.940591s | 显存: 4.12 GB
orginal_loss:  tensor(1366.4585, device='cuda:0', grad_fn=<MseLossBackward0>)
[Step 60] Backward Propagation - Time: 0.0235s, Mem: -4416135168.00 B
x_adv.requires_grad:  True
pred_19.requires_grad, true_19.requires_grad:  True False
Autograd grad max:  tensor(0.0606, device='cuda:0')
Autograd grad min:  tensor(-0.0469, device='cuda:0')
Autograd grad mean:  tensor(0.0004, device='cuda:0')
[Step 60] PGD Update - Time: 0.0012s, Mem: 0.00 B

[Step 60] 完整步骤总时间: 8.969161s | 总显存: 0.00 B
[Step 60] 峰值显存: 6.22 GB

[Step 61] ============ 详细性能分析 ============
[模型部分] 总时间: 6.945098s | 显存: 4.12 GB

[0-9秒 PDE求解详细性能]
  t=0s - 时间: 0.000000s | 显存: 0.00 B
  t=1s - 时间: 0.471176s | 显存: 0.00 B
  t=2s - 时间: 0.493912s | 显存: 0.00 B
  t=3s - 时间: 0.627203s | 显存: 0.00 B
  t=4s - 时间: 0.712168s | 显存: 0.00 B
  t=5s - 时间: 0.752829s | 显存: 0.00 B
  t=6s - 时间: 0.918954s | 显存: 0.00 B
  t=7s - 时间: 0.896201s | 显存: 0.00 B
  t=8s - 时间: 1.017302s | 显存: 0.00 B
  t=9s - 时间: 1.034264s | 显存: 0.00 B

[19秒 PDE求解]
  t=19.0s - 时间: 1.886307s | 显存: 0.00 B

[PDE求解部分] 总时间: 1.886649s | 显存: 0.00 B

[本步骤总计] 时间: 8.831748s | 显存: 4.12 GB
orginal_loss:  tensor(1374.2633, device='cuda:0', grad_fn=<MseLossBackward0>)
[Step 61] Backward Propagation - Time: 0.0234s, Mem: -4416135168.00 B
x_adv.requires_grad:  True
pred_19.requires_grad, true_19.requires_grad:  True False
Autograd grad max:  tensor(0.0601, device='cuda:0')
Autograd grad min:  tensor(-0.0482, device='cuda:0')
Autograd grad mean:  tensor(0.0004, device='cuda:0')
[Step 61] PGD Update - Time: 0.0012s, Mem: 0.00 B

[Step 61] 完整步骤总时间: 8.860833s | 总显存: 0.00 B
[Step 61] 峰值显存: 6.22 GB

[Step 62] ============ 详细性能分析 ============
[模型部分] 总时间: 7.161893s | 显存: 4.12 GB

[0-9秒 PDE求解详细性能]
  t=0s - 时间: 0.000000s | 显存: 0.00 B
  t=1s - 时间: 0.520336s | 显存: 0.00 B
  t=2s - 时间: 0.501247s | 显存: 0.00 B
  t=3s - 时间: 0.640414s | 显存: 0.00 B
  t=4s - 时间: 0.725387s | 显存: 0.00 B
  t=5s - 时间: 0.785283s | 显存: 0.00 B
  t=6s - 时间: 0.833801s | 显存: 0.00 B
  t=7s - 时间: 0.903160s | 显存: 0.00 B
  t=8s - 时间: 1.078709s | 显存: 0.00 B
  t=9s - 时间: 1.151950s | 显存: 0.00 B

[19秒 PDE求解]
  t=19.0s - 时间: 1.959375s | 显存: 0.00 B

[PDE求解部分] 总时间: 1.959677s | 显存: 0.00 B

[本步骤总计] 时间: 9.121570s | 显存: 4.12 GB
orginal_loss:  tensor(1380.7458, device='cuda:0', grad_fn=<MseLossBackward0>)
[Step 62] Backward Propagation - Time: 0.0236s, Mem: -4416135168.00 B
x_adv.requires_grad:  True
pred_19.requires_grad, true_19.requires_grad:  True False
Autograd grad max:  tensor(0.0608, device='cuda:0')
Autograd grad min:  tensor(-0.0500, device='cuda:0')
Autograd grad mean:  tensor(0.0005, device='cuda:0')
[Step 62] PGD Update - Time: 0.0012s, Mem: 0.00 B

[Step 62] 完整步骤总时间: 9.150645s | 总显存: 0.00 B
[Step 62] 峰值显存: 6.22 GB

[Step 63] ============ 详细性能分析 ============
[模型部分] 总时间: 7.334929s | 显存: 4.12 GB

[0-9秒 PDE求解详细性能]
  t=0s - 时间: 0.000000s | 显存: 0.00 B
  t=1s - 时间: 0.469979s | 显存: 0.00 B
  t=2s - 时间: 0.496451s | 显存: 0.00 B
  t=3s - 时间: 1.077282s | 显存: 0.00 B
  t=4s - 时间: 0.618602s | 显存: 0.00 B
  t=5s - 时间: 0.739493s | 显存: 0.00 B
  t=6s - 时间: 0.816565s | 显存: 0.00 B
  t=7s - 时间: 0.964266s | 显存: 0.00 B
  t=8s - 时间: 1.056180s | 显存: 0.00 B
  t=9s - 时间: 1.075046s | 显存: 0.00 B

[19秒 PDE求解]
  t=19.0s - 时间: 1.995697s | 显存: 0.00 B

[PDE求解部分] 总时间: 1.996014s | 显存: 0.00 B

[本步骤总计] 时间: 9.330943s | 显存: 4.12 GB
orginal_loss:  tensor(1382.1472, device='cuda:0', grad_fn=<MseLossBackward0>)
[Step 63] Backward Propagation - Time: 0.0236s, Mem: -4416135168.00 B
x_adv.requires_grad:  True
pred_19.requires_grad, true_19.requires_grad:  True False
Autograd grad max:  tensor(0.0641, device='cuda:0')
Autograd grad min:  tensor(-0.0527, device='cuda:0')
Autograd grad mean:  tensor(0.0005, device='cuda:0')
[Step 63] PGD Update - Time: 0.0012s, Mem: 0.00 B

[Step 63] 完整步骤总时间: 9.359511s | 总显存: 0.00 B
[Step 63] 峰值显存: 6.22 GB

[Step 64] ============ 详细性能分析 ============
[模型部分] 总时间: 7.225200s | 显存: 4.12 GB

[0-9秒 PDE求解详细性能]
  t=0s - 时间: 0.000000s | 显存: 0.00 B
  t=1s - 时间: 0.489206s | 显存: 0.00 B
  t=2s - 时间: 0.510468s | 显存: 0.00 B
  t=3s - 时间: 0.636171s | 显存: 0.00 B
  t=4s - 时间: 0.750082s | 显存: 0.00 B
  t=5s - 时间: 0.745710s | 显存: 0.00 B
  t=6s - 时间: 0.922602s | 显存: 0.00 B
  t=7s - 时间: 0.977259s | 显存: 0.00 B
  t=8s - 时间: 1.064036s | 显存: 0.00 B
  t=9s - 时间: 1.108664s | 显存: 0.00 B

[19秒 PDE求解]
  t=19.0s - 时间: 1.942780s | 显存: 0.00 B

[PDE求解部分] 总时间: 1.943090s | 显存: 0.00 B

[本步骤总计] 时间: 9.168290s | 显存: 4.12 GB
orginal_loss:  tensor(1375.0149, device='cuda:0', grad_fn=<MseLossBackward0>)
[Step 64] Backward Propagation - Time: 0.0235s, Mem: -4416135168.00 B
x_adv.requires_grad:  True
pred_19.requires_grad, true_19.requires_grad:  True False
Autograd grad max:  tensor(0.0681, device='cuda:0')
Autograd grad min:  tensor(-0.0564, device='cuda:0')
Autograd grad mean:  tensor(0.0005, device='cuda:0')
[Step 64] PGD Update - Time: 0.0012s, Mem: 0.00 B

[Step 64] 完整步骤总时间: 9.196588s | 总显存: 0.00 B
[Step 64] 峰值显存: 6.22 GB

[Step 65] ============ 详细性能分析 ============
[模型部分] 总时间: 6.999127s | 显存: 4.12 GB

[0-9秒 PDE求解详细性能]
  t=0s - 时间: 0.000000s | 显存: 0.00 B
  t=1s - 时间: 0.404901s | 显存: 0.00 B
  t=2s - 时间: 0.490051s | 显存: 0.00 B
  t=3s - 时间: 0.653472s | 显存: 0.00 B
  t=4s - 时间: 0.661380s | 显存: 0.00 B
  t=5s - 时间: 0.815701s | 显存: 0.00 B
  t=6s - 时间: 0.828753s | 显存: 0.00 B
  t=7s - 时间: 0.984676s | 显存: 0.00 B
  t=8s - 时间: 1.043229s | 显存: 0.00 B
  t=9s - 时间: 1.096028s | 显存: 0.00 B

[19秒 PDE求解]
  t=19.0s - 时间: 1.960696s | 显存: 0.00 B

[PDE求解部分] 总时间: 1.961008s | 显存: 0.00 B

[本步骤总计] 时间: 8.960134s | 显存: 4.12 GB
orginal_loss:  tensor(1358.7478, device='cuda:0', grad_fn=<MseLossBackward0>)
[Step 65] Backward Propagation - Time: 0.0236s, Mem: -4416135168.00 B
x_adv.requires_grad:  True
pred_19.requires_grad, true_19.requires_grad:  True False
Autograd grad max:  tensor(0.0726, device='cuda:0')
Autograd grad min:  tensor(-0.0614, device='cuda:0')
Autograd grad mean:  tensor(0.0005, device='cuda:0')
[Step 65] PGD Update - Time: 0.0011s, Mem: 0.00 B

[Step 65] 完整步骤总时间: 8.988562s | 总显存: 0.00 B
[Step 65] 峰值显存: 6.22 GB

[Step 66] ============ 详细性能分析 ============
[模型部分] 总时间: 6.973303s | 显存: 4.12 GB

[0-9秒 PDE求解详细性能]
  t=0s - 时间: 0.000000s | 显存: 0.00 B
  t=1s - 时间: 0.402022s | 显存: 0.00 B
  t=2s - 时间: 0.497591s | 显存: 0.00 B
  t=3s - 时间: 0.578197s | 显存: 0.00 B
  t=4s - 时间: 0.679407s | 显存: 0.00 B
  t=5s - 时间: 0.832079s | 显存: 0.00 B
  t=6s - 时间: 0.853156s | 显存: 0.00 B
  t=7s - 时间: 0.967514s | 显存: 0.00 B
  t=8s - 时间: 1.036997s | 显存: 0.00 B
  t=9s - 时间: 1.105138s | 显存: 0.00 B

[19秒 PDE求解]
  t=19.0s - 时间: 1.974341s | 显存: 0.00 B

[PDE求解部分] 总时间: 1.974669s | 显存: 0.00 B

[本步骤总计] 时间: 8.947972s | 显存: 4.12 GB
orginal_loss:  tensor(1339.6371, device='cuda:0', grad_fn=<MseLossBackward0>)
[Step 66] Backward Propagation - Time: 0.0235s, Mem: -4416135168.00 B
x_adv.requires_grad:  True
pred_19.requires_grad, true_19.requires_grad:  True False
Autograd grad max:  tensor(0.0782, device='cuda:0')
Autograd grad min:  tensor(-0.0753, device='cuda:0')
Autograd grad mean:  tensor(0.0004, device='cuda:0')
[Step 66] PGD Update - Time: 0.0012s, Mem: 0.00 B

[Step 66] 完整步骤总时间: 8.977184s | 总显存: 0.00 B
[Step 66] 峰值显存: 6.22 GB

[Step 67] ============ 详细性能分析 ============
[模型部分] 总时间: 7.031322s | 显存: 4.12 GB

[0-9秒 PDE求解详细性能]
  t=0s - 时间: 0.000000s | 显存: 0.00 B
  t=1s - 时间: 0.444705s | 显存: 0.00 B
  t=2s - 时间: 0.498250s | 显存: 0.00 B
  t=3s - 时间: 0.613332s | 显存: 0.00 B
  t=4s - 时间: 0.692750s | 显存: 0.00 B
  t=5s - 时间: 0.763045s | 显存: 0.00 B
  t=6s - 时间: 0.889309s | 显存: 0.00 B
  t=7s - 时间: 0.963560s | 显存: 0.00 B
  t=8s - 时间: 1.067909s | 显存: 0.00 B
  t=9s - 时间: 1.076950s | 显存: 0.00 B

[19秒 PDE求解]
  t=19.0s - 时间: 1.877932s | 显存: 0.00 B

[PDE求解部分] 总时间: 1.878248s | 显存: 0.00 B

[本步骤总计] 时间: 8.909571s | 显存: 4.12 GB
orginal_loss:  tensor(1330.1932, device='cuda:0', grad_fn=<MseLossBackward0>)
[Step 67] Backward Propagation - Time: 0.0236s, Mem: -4416135168.00 B
x_adv.requires_grad:  True
pred_19.requires_grad, true_19.requires_grad:  True False
Autograd grad max:  tensor(0.0848, device='cuda:0')
Autograd grad min:  tensor(-0.0996, device='cuda:0')
Autograd grad mean:  tensor(0.0004, device='cuda:0')
[Step 67] PGD Update - Time: 0.0012s, Mem: 0.00 B

[Step 67] 完整步骤总时间: 8.938393s | 总显存: 0.00 B
[Step 67] 峰值显存: 6.22 GB

[Step 68] ============ 详细性能分析 ============
[模型部分] 总时间: 6.796759s | 显存: 4.12 GB

[0-9秒 PDE求解详细性能]
  t=0s - 时间: 0.000000s | 显存: 0.00 B
  t=1s - 时间: 0.392779s | 显存: 0.00 B
  t=2s - 时间: 0.498522s | 显存: 0.00 B
  t=3s - 时间: 0.625007s | 显存: 0.00 B
  t=4s - 时间: 0.677677s | 显存: 0.00 B
  t=5s - 时间: 0.708886s | 显存: 0.00 B
  t=6s - 时间: 0.836034s | 显存: 0.00 B
  t=7s - 时间: 0.879522s | 显存: 0.00 B
  t=8s - 时间: 1.066150s | 显存: 0.00 B
  t=9s - 时间: 1.091044s | 显存: 0.00 B

[19秒 PDE求解]
  t=19.0s - 时间: 1.939824s | 显存: 0.00 B

[PDE求解部分] 总时间: 1.940124s | 显存: 0.00 B

[本步骤总计] 时间: 8.736883s | 显存: 4.12 GB
orginal_loss:  tensor(1340.8723, device='cuda:0', grad_fn=<MseLossBackward0>)
[Step 68] Backward Propagation - Time: 0.0236s, Mem: -4416135168.00 B
x_adv.requires_grad:  True
pred_19.requires_grad, true_19.requires_grad:  True False
Autograd grad max:  tensor(0.0959, device='cuda:0')
Autograd grad min:  tensor(-0.1286, device='cuda:0')
Autograd grad mean:  tensor(0.0003, device='cuda:0')
[Step 68] PGD Update - Time: 0.0012s, Mem: 0.00 B

[Step 68] 完整步骤总时间: 8.765394s | 总显存: 0.00 B
[Step 68] 峰值显存: 6.22 GB

[Step 69] ============ 详细性能分析 ============
[模型部分] 总时间: 7.003713s | 显存: 4.12 GB

[0-9秒 PDE求解详细性能]
  t=0s - 时间: 0.000000s | 显存: 0.00 B
  t=1s - 时间: 0.445920s | 显存: 0.00 B
  t=2s - 时间: 0.574952s | 显存: 0.00 B
  t=3s - 时间: 0.598631s | 显存: 0.00 B
  t=4s - 时间: 0.677291s | 显存: 0.00 B
  t=5s - 时间: 0.737809s | 显存: 0.00 B
  t=6s - 时间: 0.867802s | 显存: 0.00 B
  t=7s - 时间: 0.899686s | 显存: 0.00 B
  t=8s - 时间: 1.011919s | 显存: 0.00 B
  t=9s - 时间: 1.168658s | 显存: 0.00 B

[19秒 PDE求解]
  t=19.0s - 时间: 1.860342s | 显存: 0.00 B

[PDE求解部分] 总时间: 1.860658s | 显存: 0.00 B

[本步骤总计] 时间: 8.864371s | 显存: 4.12 GB
orginal_loss:  tensor(1373.3376, device='cuda:0', grad_fn=<MseLossBackward0>)
[Step 69] Backward Propagation - Time: 0.0234s, Mem: -4416135168.00 B
x_adv.requires_grad:  True
pred_19.requires_grad, true_19.requires_grad:  True False
Autograd grad max:  tensor(0.1093, device='cuda:0')
Autograd grad min:  tensor(-0.1608, device='cuda:0')
Autograd grad mean:  tensor(0.0002, device='cuda:0')
[Step 69] PGD Update - Time: 0.0011s, Mem: 0.00 B

[Step 69] 完整步骤总时间: 8.892653s | 总显存: 0.00 B
[Step 69] 峰值显存: 6.22 GB

[Step 70] ============ 详细性能分析 ============
[模型部分] 总时间: 7.188458s | 显存: 4.12 GB

[0-9秒 PDE求解详细性能]
  t=0s - 时间: 0.000000s | 显存: 0.00 B
  t=1s - 时间: 0.488967s | 显存: 0.00 B
  t=2s - 时间: 0.514467s | 显存: 0.00 B
  t=3s - 时间: 0.566170s | 显存: 0.00 B
  t=4s - 时间: 0.729154s | 显存: 0.00 B
  t=5s - 时间: 0.764266s | 显存: 0.00 B
  t=6s - 时间: 0.914280s | 显存: 0.00 B
  t=7s - 时间: 1.025216s | 显存: 0.00 B
  t=8s - 时间: 1.061590s | 显存: 0.00 B
  t=9s - 时间: 1.103363s | 显存: 0.00 B

[19秒 PDE求解]
  t=19.0s - 时间: 1.871984s | 显存: 0.00 B

[PDE求解部分] 总时间: 1.872312s | 显存: 0.00 B

[本步骤总计] 时间: 9.060769s | 显存: 4.12 GB
orginal_loss:  tensor(1423.5642, device='cuda:0', grad_fn=<MseLossBackward0>)
[Step 70] Backward Propagation - Time: 0.0236s, Mem: -4416135168.00 B
x_adv.requires_grad:  True
pred_19.requires_grad, true_19.requires_grad:  True False
Autograd grad max:  tensor(0.1241, device='cuda:0')
Autograd grad min:  tensor(-0.1941, device='cuda:0')
Autograd grad mean:  tensor(8.5826e-05, device='cuda:0')
[Step 70] PGD Update - Time: 0.0012s, Mem: 0.00 B

[Step 70] 完整步骤总时间: 9.089284s | 总显存: 0.00 B
[Step 70] 峰值显存: 6.22 GB

[Step 71] ============ 详细性能分析 ============
[模型部分] 总时间: 7.053694s | 显存: 4.12 GB

[0-9秒 PDE求解详细性能]
  t=0s - 时间: 0.000000s | 显存: 0.00 B
  t=1s - 时间: 0.439411s | 显存: 0.00 B
  t=2s - 时间: 0.557122s | 显存: 0.00 B
  t=3s - 时间: 0.585845s | 显存: 0.00 B
  t=4s - 时间: 0.681394s | 显存: 0.00 B
  t=5s - 时间: 0.782307s | 显存: 0.00 B
  t=6s - 时间: 0.897499s | 显存: 0.00 B
  t=7s - 时间: 0.983918s | 显存: 0.00 B
  t=8s - 时间: 1.072021s | 显存: 0.00 B
  t=9s - 时间: 1.032970s | 显存: 0.00 B

[19秒 PDE求解]
  t=19.0s - 时间: 1.911237s | 显存: 0.00 B

[PDE求解部分] 总时间: 1.911637s | 显存: 0.00 B

[本步骤总计] 时间: 8.965331s | 显存: 4.12 GB
orginal_loss:  tensor(1481.0461, device='cuda:0', grad_fn=<MseLossBackward0>)
[Step 71] Backward Propagation - Time: 0.0236s, Mem: -4416135168.00 B
x_adv.requires_grad:  True
pred_19.requires_grad, true_19.requires_grad:  True False
Autograd grad max:  tensor(0.1366, device='cuda:0')
Autograd grad min:  tensor(-0.2245, device='cuda:0')
Autograd grad mean:  tensor(-5.7557e-05, device='cuda:0')
[Step 71] PGD Update - Time: 0.0013s, Mem: 0.00 B

[Step 71] 完整步骤总时间: 8.994927s | 总显存: 0.00 B
[Step 71] 峰值显存: 6.22 GB

[Step 72] ============ 详细性能分析 ============
[模型部分] 总时间: 7.061809s | 显存: 4.12 GB

[0-9秒 PDE求解详细性能]
  t=0s - 时间: 0.000000s | 显存: 0.00 B
  t=1s - 时间: 0.405206s | 显存: 0.00 B
  t=2s - 时间: 0.565518s | 显存: 0.00 B
  t=3s - 时间: 0.593114s | 显存: 0.00 B
  t=4s - 时间: 0.702493s | 显存: 0.00 B
  t=5s - 时间: 0.862492s | 显存: 0.00 B
  t=6s - 时间: 0.800321s | 显存: 0.00 B
  t=7s - 时间: 0.979340s | 显存: 0.00 B
  t=8s - 时间: 1.073430s | 显存: 0.00 B
  t=9s - 时间: 1.058452s | 显存: 0.00 B

[19秒 PDE求解]
  t=19.0s - 时间: 1.890543s | 显存: 0.00 B

[PDE求解部分] 总时间: 1.890891s | 显存: 0.00 B

[本步骤总计] 时间: 8.952700s | 显存: 4.12 GB
orginal_loss:  tensor(1525.1334, device='cuda:0', grad_fn=<MseLossBackward0>)
[Step 72] Backward Propagation - Time: 0.0235s, Mem: -4416135168.00 B
x_adv.requires_grad:  True
pred_19.requires_grad, true_19.requires_grad:  True False
Autograd grad max:  tensor(0.1557, device='cuda:0')
Autograd grad min:  tensor(-0.2489, device='cuda:0')
Autograd grad mean:  tensor(-0.0002, device='cuda:0')
[Step 72] PGD Update - Time: 0.0012s, Mem: 0.00 B

[Step 72] 完整步骤总时间: 8.981673s | 总显存: 0.00 B
[Step 72] 峰值显存: 6.22 GB

[Step 73] ============ 详细性能分析 ============
[模型部分] 总时间: 7.003510s | 显存: 4.12 GB

[0-9秒 PDE求解详细性能]
  t=0s - 时间: 0.000000s | 显存: 0.00 B
  t=1s - 时间: 0.507271s | 显存: 0.00 B
  t=2s - 时间: 0.502299s | 显存: 0.00 B
  t=3s - 时间: 0.651584s | 显存: 0.00 B
  t=4s - 时间: 0.697198s | 显存: 0.00 B
  t=5s - 时间: 0.790738s | 显存: 0.00 B
  t=6s - 时间: 0.847391s | 显存: 0.00 B
  t=7s - 时间: 0.933402s | 显存: 0.00 B
  t=8s - 时间: 1.017454s | 显存: 0.00 B
  t=9s - 时间: 1.034913s | 显存: 0.00 B

[19秒 PDE求解]
  t=19.0s - 时间: 1.903776s | 显存: 0.00 B

[PDE求解部分] 总时间: 1.904081s | 显存: 0.00 B

[本步骤总计] 时间: 8.907591s | 显存: 4.12 GB
orginal_loss:  tensor(1529.1729, device='cuda:0', grad_fn=<MseLossBackward0>)
[Step 73] Backward Propagation - Time: 0.0235s, Mem: -4416135168.00 B
x_adv.requires_grad:  True
pred_19.requires_grad, true_19.requires_grad:  True False
Autograd grad max:  tensor(0.1814, device='cuda:0')
Autograd grad min:  tensor(-0.2673, device='cuda:0')
Autograd grad mean:  tensor(-0.0003, device='cuda:0')
[Step 73] PGD Update - Time: 0.0012s, Mem: 0.00 B

[Step 73] 完整步骤总时间: 8.936182s | 总显存: 0.00 B
[Step 73] 峰值显存: 6.22 GB

[Step 74] ============ 详细性能分析 ============
[模型部分] 总时间: 7.112297s | 显存: 4.12 GB

[0-9秒 PDE求解详细性能]
  t=0s - 时间: 0.000000s | 显存: 0.00 B
  t=1s - 时间: 0.470678s | 显存: 0.00 B
  t=2s - 时间: 0.529382s | 显存: 0.00 B
  t=3s - 时间: 0.712002s | 显存: 0.00 B
  t=4s - 时间: 0.677668s | 显存: 0.00 B
  t=5s - 时间: 0.706376s | 显存: 0.00 B
  t=6s - 时间: 0.879610s | 显存: 0.00 B
  t=7s - 时间: 0.961117s | 显存: 0.00 B
  t=8s - 时间: 1.073550s | 显存: 0.00 B
  t=9s - 时间: 1.080872s | 显存: 0.00 B

[19秒 PDE求解]
  t=19.0s - 时间: 1.860475s | 显存: 0.00 B

[PDE求解部分] 总时间: 1.860785s | 显存: 0.00 B

[本步骤总计] 时间: 8.973083s | 显存: 4.12 GB
orginal_loss:  tensor(1484.7427, device='cuda:0', grad_fn=<MseLossBackward0>)
[Step 74] Backward Propagation - Time: 0.0234s, Mem: -4416135168.00 B
x_adv.requires_grad:  True
pred_19.requires_grad, true_19.requires_grad:  True False
Autograd grad max:  tensor(0.2001, device='cuda:0')
Autograd grad min:  tensor(-0.2781, device='cuda:0')
Autograd grad mean:  tensor(-0.0003, device='cuda:0')
[Step 74] PGD Update - Time: 0.0012s, Mem: 0.00 B

[Step 74] 完整步骤总时间: 9.001293s | 总显存: 0.00 B
[Step 74] 峰值显存: 6.22 GB

[Step 75] ============ 详细性能分析 ============
[模型部分] 总时间: 6.872975s | 显存: 4.12 GB

[0-9秒 PDE求解详细性能]
  t=0s - 时间: 0.000000s | 显存: 0.00 B
  t=1s - 时间: 0.386116s | 显存: 0.00 B
  t=2s - 时间: 0.504853s | 显存: 0.00 B
  t=3s - 时间: 0.620726s | 显存: 0.00 B
  t=4s - 时间: 0.692412s | 显存: 0.00 B
  t=5s - 时间: 0.710611s | 显存: 0.00 B
  t=6s - 时间: 0.821900s | 显存: 0.00 B
  t=7s - 时间: 0.960614s | 显存: 0.00 B
  t=8s - 时间: 0.997181s | 显存: 0.00 B
  t=9s - 时间: 1.157492s | 显存: 0.00 B

[19秒 PDE求解]
  t=19.0s - 时间: 2.006003s | 显存: 0.00 B

[PDE求解部分] 总时间: 2.006312s | 显存: 0.00 B

[本步骤总计] 时间: 8.879287s | 显存: 4.12 GB
orginal_loss:  tensor(1400.5697, device='cuda:0', grad_fn=<MseLossBackward0>)
[Step 75] Backward Propagation - Time: 0.0234s, Mem: -4416135168.00 B
x_adv.requires_grad:  True
pred_19.requires_grad, true_19.requires_grad:  True False
Autograd grad max:  tensor(0.2081, device='cuda:0')
Autograd grad min:  tensor(-0.2761, device='cuda:0')
Autograd grad mean:  tensor(-0.0003, device='cuda:0')
[Step 75] PGD Update - Time: 0.0012s, Mem: 0.00 B

[Step 75] 完整步骤总时间: 8.907654s | 总显存: 0.00 B
[Step 75] 峰值显存: 6.22 GB

[Step 76] ============ 详细性能分析 ============
[模型部分] 总时间: 7.002933s | 显存: 4.12 GB

[0-9秒 PDE求解详细性能]
  t=0s - 时间: 0.000000s | 显存: 0.00 B
  t=1s - 时间: 0.455994s | 显存: 0.00 B
  t=2s - 时间: 0.494644s | 显存: 0.00 B
  t=3s - 时间: 0.632768s | 显存: 0.00 B
  t=4s - 时间: 0.697160s | 显存: 0.00 B
  t=5s - 时间: 0.740120s | 显存: 0.00 B
  t=6s - 时间: 0.832378s | 显存: 0.00 B
  t=7s - 时间: 0.977147s | 显存: 0.00 B
  t=8s - 时间: 0.997663s | 显存: 0.00 B
  t=9s - 时间: 1.154060s | 显存: 0.00 B

[19秒 PDE求解]
  t=19.0s - 时间: 1.954276s | 显存: 0.00 B

[PDE求解部分] 总时间: 1.954599s | 显存: 0.00 B

[本步骤总计] 时间: 8.957531s | 显存: 4.12 GB
orginal_loss:  tensor(1280.4546, device='cuda:0', grad_fn=<MseLossBackward0>)
[Step 76] Backward Propagation - Time: 0.0236s, Mem: -4416135168.00 B
x_adv.requires_grad:  True
pred_19.requires_grad, true_19.requires_grad:  True False
Autograd grad max:  tensor(0.2047, device='cuda:0')
Autograd grad min:  tensor(-0.2596, device='cuda:0')
Autograd grad mean:  tensor(-0.0003, device='cuda:0')
[Step 76] PGD Update - Time: 0.0012s, Mem: 0.00 B

[Step 76] 完整步骤总时间: 8.985925s | 总显存: 0.00 B
[Step 76] 峰值显存: 6.22 GB

[Step 77] ============ 详细性能分析 ============
[模型部分] 总时间: 7.185470s | 显存: 4.12 GB

[0-9秒 PDE求解详细性能]
  t=0s - 时间: 0.000000s | 显存: 0.00 B
  t=1s - 时间: 0.494118s | 显存: 0.00 B
  t=2s - 时间: 0.528986s | 显存: 0.00 B
  t=3s - 时间: 0.637665s | 显存: 0.00 B
  t=4s - 时间: 0.698071s | 显存: 0.00 B
  t=5s - 时间: 0.771264s | 显存: 0.00 B
  t=6s - 时间: 0.911575s | 显存: 0.00 B
  t=7s - 时间: 0.883612s | 显存: 0.00 B
  t=8s - 时间: 1.081666s | 显存: 0.00 B
  t=9s - 时间: 1.157192s | 显存: 0.00 B

[19秒 PDE求解]
  t=19.0s - 时间: 1.862557s | 显存: 0.00 B

[PDE求解部分] 总时间: 1.862913s | 显存: 0.00 B

[本步骤总计] 时间: 9.048383s | 显存: 4.12 GB
orginal_loss:  tensor(1141.7671, device='cuda:0', grad_fn=<MseLossBackward0>)
[Step 77] Backward Propagation - Time: 0.0235s, Mem: -4416135168.00 B
x_adv.requires_grad:  True
pred_19.requires_grad, true_19.requires_grad:  True False
Autograd grad max:  tensor(0.1888, device='cuda:0')
Autograd grad min:  tensor(-0.2301, device='cuda:0')
Autograd grad mean:  tensor(-0.0002, device='cuda:0')
[Step 77] PGD Update - Time: 0.0013s, Mem: 0.00 B

[Step 77] 完整步骤总时间: 9.077838s | 总显存: 0.00 B
[Step 77] 峰值显存: 6.22 GB

[Step 78] ============ 详细性能分析 ============
[模型部分] 总时间: 6.836121s | 显存: 4.12 GB

[0-9秒 PDE求解详细性能]
  t=0s - 时间: 0.000000s | 显存: 0.00 B
  t=1s - 时间: 0.388813s | 显存: 0.00 B
  t=2s - 时间: 0.571692s | 显存: 0.00 B
  t=3s - 时间: 0.645927s | 显存: 0.00 B
  t=4s - 时间: 0.631319s | 显存: 0.00 B
  t=5s - 时间: 0.829433s | 显存: 0.00 B
  t=6s - 时间: 0.823591s | 显存: 0.00 B
  t=7s - 时间: 0.866278s | 显存: 0.00 B
  t=8s - 时间: 0.998614s | 显存: 0.00 B
  t=9s - 时间: 1.058846s | 显存: 0.00 B

[19秒 PDE求解]
  t=19.0s - 时间: 1.925482s | 显存: 0.00 B

[PDE求解部分] 总时间: 1.925791s | 显存: 0.00 B

[本步骤总计] 时间: 8.761912s | 显存: 4.12 GB
orginal_loss:  tensor(1014.3008, device='cuda:0', grad_fn=<MseLossBackward0>)
[Step 78] Backward Propagation - Time: 0.0235s, Mem: -4416135168.00 B
x_adv.requires_grad:  True
pred_19.requires_grad, true_19.requires_grad:  True False
Autograd grad max:  tensor(0.1635, device='cuda:0')
Autograd grad min:  tensor(-0.1912, device='cuda:0')
Autograd grad mean:  tensor(-0.0002, device='cuda:0')
[Step 78] PGD Update - Time: 0.0012s, Mem: 0.00 B

[Step 78] 完整步骤总时间: 8.790688s | 总显存: 0.00 B
[Step 78] 峰值显存: 6.22 GB

[Step 79] ============ 详细性能分析 ============
[模型部分] 总时间: 6.953108s | 显存: 4.12 GB

[0-9秒 PDE求解详细性能]
  t=0s - 时间: 0.000000s | 显存: 0.00 B
  t=1s - 时间: 0.448819s | 显存: 0.00 B
  t=2s - 时间: 0.504431s | 显存: 0.00 B
  t=3s - 时间: 0.602772s | 显存: 0.00 B
  t=4s - 时间: 0.761164s | 显存: 0.00 B
  t=5s - 时间: 0.772399s | 显存: 0.00 B
  t=6s - 时间: 0.828540s | 显存: 0.00 B
  t=7s - 时间: 0.983143s | 显存: 0.00 B
  t=8s - 时间: 0.986209s | 显存: 0.00 B
  t=9s - 时间: 1.044622s | 显存: 0.00 B

[19秒 PDE求解]
  t=19.0s - 时间: 1.883862s | 显存: 0.00 B

[PDE求解部分] 总时间: 1.884204s | 显存: 0.00 B

[本步骤总计] 时间: 8.837311s | 显存: 4.12 GB
orginal_loss:  tensor(925.4371, device='cuda:0', grad_fn=<MseLossBackward0>)
[Step 79] Backward Propagation - Time: 0.0235s, Mem: -4416135168.00 B
x_adv.requires_grad:  True
pred_19.requires_grad, true_19.requires_grad:  True False
Autograd grad max:  tensor(0.1308, device='cuda:0')
Autograd grad min:  tensor(-0.1475, device='cuda:0')
Autograd grad mean:  tensor(-0.0002, device='cuda:0')
[Step 79] PGD Update - Time: 0.0012s, Mem: 0.00 B

[Step 79] 完整步骤总时间: 8.865787s | 总显存: 0.00 B
[Step 79] 峰值显存: 6.22 GB

[Step 80] ============ 详细性能分析 ============
[模型部分] 总时间: 7.803278s | 显存: 4.12 GB

[0-9秒 PDE求解详细性能]
  t=0s - 时间: 0.000000s | 显存: 0.00 B
  t=1s - 时间: 0.397506s | 显存: 0.00 B
  t=2s - 时间: 0.556586s | 显存: 0.00 B
  t=3s - 时间: 0.680967s | 显存: 0.00 B
  t=4s - 时间: 0.738222s | 显存: 0.00 B
  t=5s - 时间: 0.741866s | 显存: 0.00 B
  t=6s - 时间: 0.853762s | 显存: 0.00 B
  t=7s - 时间: 1.662718s | 显存: 0.00 B
  t=8s - 时间: 1.047804s | 显存: 0.00 B
  t=9s - 时间: 1.102809s | 显存: 0.00 B

[19秒 PDE求解]
  t=19.0s - 时间: 1.874944s | 显存: 0.00 B

[PDE求解部分] 总时间: 1.875272s | 显存: 0.00 B

[本步骤总计] 时间: 9.678550s | 显存: 4.12 GB
orginal_loss:  tensor(898.7080, device='cuda:0', grad_fn=<MseLossBackward0>)
[Step 80] Backward Propagation - Time: 0.0234s, Mem: -4416135168.00 B
x_adv.requires_grad:  True
pred_19.requires_grad, true_19.requires_grad:  True False
Autograd grad max:  tensor(0.0989, device='cuda:0')
Autograd grad min:  tensor(-0.1123, device='cuda:0')
Autograd grad mean:  tensor(-0.0001, device='cuda:0')
[Step 80] PGD Update - Time: 0.0012s, Mem: 0.00 B

[Step 80] 完整步骤总时间: 9.707056s | 总显存: 0.00 B
[Step 80] 峰值显存: 6.22 GB

[Step 81] ============ 详细性能分析 ============
[模型部分] 总时间: 6.638600s | 显存: 4.12 GB

[0-9秒 PDE求解详细性能]
  t=0s - 时间: 0.000000s | 显存: 0.00 B
  t=1s - 时间: 0.472787s | 显存: 0.00 B
  t=2s - 时间: 0.482044s | 显存: 0.00 B
  t=3s - 时间: 0.546748s | 显存: 0.00 B
  t=4s - 时间: 0.618672s | 显存: 0.00 B
  t=5s - 时间: 0.733522s | 显存: 0.00 B
  t=6s - 时间: 0.774290s | 显存: 0.00 B
  t=7s - 时间: 0.910818s | 显存: 0.00 B
  t=8s - 时间: 1.022771s | 显存: 0.00 B
  t=9s - 时间: 1.055848s | 显存: 0.00 B

[19秒 PDE求解]
  t=19.0s - 时间: 1.965214s | 显存: 0.00 B

[PDE求解部分] 总时间: 1.965536s | 显存: 0.00 B

[本步骤总计] 时间: 8.604135s | 显存: 4.12 GB
orginal_loss:  tensor(938.6997, device='cuda:0', grad_fn=<MseLossBackward0>)
[Step 81] Backward Propagation - Time: 0.0236s, Mem: -4416135168.00 B
x_adv.requires_grad:  True
pred_19.requires_grad, true_19.requires_grad:  True False
Autograd grad max:  tensor(0.0908, device='cuda:0')
Autograd grad min:  tensor(-0.1166, device='cuda:0')
Autograd grad mean:  tensor(-5.9808e-05, device='cuda:0')
[Step 81] PGD Update - Time: 0.0011s, Mem: 0.00 B

[Step 81] 完整步骤总时间: 8.632443s | 总显存: 0.00 B
[Step 81] 峰值显存: 6.22 GB

[Step 82] ============ 详细性能分析 ============
[模型部分] 总时间: 7.109520s | 显存: 4.12 GB

[0-9秒 PDE求解详细性能]
  t=0s - 时间: 0.000000s | 显存: 0.00 B
  t=1s - 时间: 0.462481s | 显存: 0.00 B
  t=2s - 时间: 0.513437s | 显存: 0.00 B
  t=3s - 时间: 0.581701s | 显存: 0.00 B
  t=4s - 时间: 0.666030s | 显存: 0.00 B
  t=5s - 时间: 0.740865s | 显存: 0.00 B
  t=6s - 时间: 0.913347s | 显存: 0.00 B
  t=7s - 时间: 0.993759s | 显存: 0.00 B
  t=8s - 时间: 1.101135s | 显存: 0.00 B
  t=9s - 时间: 1.115661s | 显存: 0.00 B

[19秒 PDE求解]
  t=19.0s - 时间: 1.911443s | 显存: 0.00 B

[PDE求解部分] 总时间: 1.911748s | 显存: 0.00 B

[本步骤总计] 时间: 9.021269s | 显存: 4.12 GB
orginal_loss:  tensor(1018.2471, device='cuda:0', grad_fn=<MseLossBackward0>)
[Step 82] Backward Propagation - Time: 0.0240s, Mem: -4416135168.00 B
x_adv.requires_grad:  True
pred_19.requires_grad, true_19.requires_grad:  True False
Autograd grad max:  tensor(0.1010, device='cuda:0')
Autograd grad min:  tensor(-0.1223, device='cuda:0')
Autograd grad mean:  tensor(9.8368e-06, device='cuda:0')
[Step 82] PGD Update - Time: 0.0012s, Mem: 0.00 B

[Step 82] 完整步骤总时间: 9.051006s | 总显存: 0.00 B
[Step 82] 峰值显存: 6.22 GB

[Step 83] ============ 详细性能分析 ============
[模型部分] 总时间: 7.186501s | 显存: 4.12 GB

[0-9秒 PDE求解详细性能]
  t=0s - 时间: 0.000000s | 显存: 0.00 B
  t=1s - 时间: 0.411217s | 显存: 0.00 B
  t=2s - 时间: 0.496667s | 显存: 0.00 B
  t=3s - 时间: 0.654908s | 显存: 0.00 B
  t=4s - 时间: 0.742180s | 显存: 0.00 B
  t=5s - 时间: 0.807504s | 显存: 0.00 B
  t=6s - 时间: 0.928411s | 显存: 0.00 B
  t=7s - 时间: 0.974061s | 显存: 0.00 B
  t=8s - 时间: 1.035200s | 显存: 0.00 B
  t=9s - 时间: 1.115058s | 显存: 0.00 B

[19秒 PDE求解]
  t=19.0s - 时间: 1.880949s | 显存: 0.00 B

[PDE求解部分] 总时间: 1.881279s | 显存: 0.00 B

[本步骤总计] 时间: 9.067780s | 显存: 4.12 GB
orginal_loss:  tensor(1101.6588, device='cuda:0', grad_fn=<MseLossBackward0>)
[Step 83] Backward Propagation - Time: 0.0236s, Mem: -4416135168.00 B
x_adv.requires_grad:  True
pred_19.requires_grad, true_19.requires_grad:  True False
Autograd grad max:  tensor(0.1109, device='cuda:0')
Autograd grad min:  tensor(-0.1274, device='cuda:0')
Autograd grad mean:  tensor(0.0001, device='cuda:0')
[Step 83] PGD Update - Time: 0.0012s, Mem: 0.00 B

[Step 83] 完整步骤总时间: 9.096780s | 总显存: 0.00 B
[Step 83] 峰值显存: 6.22 GB

[Step 84] ============ 详细性能分析 ============
[模型部分] 总时间: 6.812273s | 显存: 4.12 GB

[0-9秒 PDE求解详细性能]
  t=0s - 时间: 0.000000s | 显存: 0.00 B
  t=1s - 时间: 0.401201s | 显存: 0.00 B
  t=2s - 时间: 0.498933s | 显存: 0.00 B
  t=3s - 时间: 0.614627s | 显存: 0.00 B
  t=4s - 时间: 0.694470s | 显存: 0.00 B
  t=5s - 时间: 0.759259s | 显存: 0.00 B
  t=6s - 时间: 0.789524s | 显存: 0.00 B
  t=7s - 时间: 0.883688s | 显存: 0.00 B
  t=8s - 时间: 1.042507s | 显存: 0.00 B
  t=9s - 时间: 1.106775s | 显存: 0.00 B

[19秒 PDE求解]
  t=19.0s - 时间: 1.961174s | 显存: 0.00 B

[PDE求解部分] 总时间: 1.961490s | 显存: 0.00 B

[本步骤总计] 时间: 8.773763s | 显存: 4.12 GB
orginal_loss:  tensor(1169.1860, device='cuda:0', grad_fn=<MseLossBackward0>)
[Step 84] Backward Propagation - Time: 0.0236s, Mem: -4416135168.00 B
x_adv.requires_grad:  True
pred_19.requires_grad, true_19.requires_grad:  True False
Autograd grad max:  tensor(0.1183, device='cuda:0')
Autograd grad min:  tensor(-0.1309, device='cuda:0')
Autograd grad mean:  tensor(0.0002, device='cuda:0')
[Step 84] PGD Update - Time: 0.0011s, Mem: 0.00 B

[Step 84] 完整步骤总时间: 8.802182s | 总显存: 0.00 B
[Step 84] 峰值显存: 6.22 GB

[Step 85] ============ 详细性能分析 ============
[模型部分] 总时间: 7.067384s | 显存: 4.12 GB

[0-9秒 PDE求解详细性能]
  t=0s - 时间: 0.000000s | 显存: 0.00 B
  t=1s - 时间: 0.505593s | 显存: 0.00 B
  t=2s - 时间: 0.522527s | 显存: 0.00 B
  t=3s - 时间: 0.624394s | 显存: 0.00 B
  t=4s - 时间: 0.712954s | 显存: 0.00 B
  t=5s - 时间: 0.739819s | 显存: 0.00 B
  t=6s - 时间: 0.827862s | 显存: 0.00 B
  t=7s - 时间: 0.918226s | 显存: 0.00 B
  t=8s - 时间: 1.087902s | 显存: 0.00 B
  t=9s - 时间: 1.107068s | 显存: 0.00 B

[19秒 PDE求解]
  t=19.0s - 时间: 1.943720s | 显存: 0.00 B

[PDE求解部分] 总时间: 1.944032s | 显存: 0.00 B

[本步骤总计] 时间: 9.011416s | 显存: 4.12 GB
orginal_loss:  tensor(1217.5614, device='cuda:0', grad_fn=<MseLossBackward0>)
[Step 85] Backward Propagation - Time: 0.0234s, Mem: -4416135168.00 B
x_adv.requires_grad:  True
pred_19.requires_grad, true_19.requires_grad:  True False
Autograd grad max:  tensor(0.1280, device='cuda:0')
Autograd grad min:  tensor(-0.1326, device='cuda:0')
Autograd grad mean:  tensor(0.0004, device='cuda:0')
[Step 85] PGD Update - Time: 0.0011s, Mem: 0.00 B

[Step 85] 完整步骤总时间: 9.039753s | 总显存: 0.00 B
[Step 85] 峰值显存: 6.22 GB

[Step 86] ============ 详细性能分析 ============
[模型部分] 总时间: 7.366865s | 显存: 4.12 GB

[0-9秒 PDE求解详细性能]
  t=0s - 时间: 0.000000s | 显存: 0.00 B
  t=1s - 时间: 0.446028s | 显存: 0.00 B
  t=2s - 时间: 0.573540s | 显存: 0.00 B
  t=3s - 时间: 0.676721s | 显存: 0.00 B
  t=4s - 时间: 0.722867s | 显存: 0.00 B
  t=5s - 时间: 0.822188s | 显存: 0.00 B
  t=6s - 时间: 0.923638s | 显存: 0.00 B
  t=7s - 时间: 1.015745s | 显存: 0.00 B
  t=8s - 时间: 1.057484s | 显存: 0.00 B
  t=9s - 时间: 1.107588s | 显存: 0.00 B

[19秒 PDE求解]
  t=19.0s - 时间: 2.328288s | 显存: 0.00 B

[PDE求解部分] 总时间: 2.378684s | 显存: 0.00 B

[本步骤总计] 时间: 9.745548s | 显存: 4.12 GB
orginal_loss:  tensor(1262.4868, device='cuda:0', grad_fn=<MseLossBackward0>)
[Step 86] Backward Propagation - Time: 0.8808s, Mem: -4416135168.00 B
x_adv.requires_grad:  True
pred_19.requires_grad, true_19.requires_grad:  True False
Autograd grad max:  tensor(0.1414, device='cuda:0')
Autograd grad min:  tensor(-0.1317, device='cuda:0')
Autograd grad mean:  tensor(0.0006, device='cuda:0')
[Step 86] PGD Update - Time: 0.2182s, Mem: 0.00 B

[Step 86] 完整步骤总时间: 13.125453s | 总显存: 0.00 B
[Step 86] 峰值显存: 6.22 GB

[Step 87] ============ 详细性能分析 ============
[模型部分] 总时间: 7.956561s | 显存: 4.12 GB

[0-9秒 PDE求解详细性能]
  t=0s - 时间: 0.000000s | 显存: 0.00 B
  t=1s - 时间: 1.193987s | 显存: 0.00 B
  t=2s - 时间: 0.563575s | 显存: 0.00 B
  t=3s - 时间: 0.580701s | 显存: 0.00 B
  t=4s - 时间: 0.630696s | 显存: 0.00 B
  t=5s - 时间: 0.781437s | 显存: 0.00 B
  t=6s - 时间: 0.781164s | 显存: 0.00 B
  t=7s - 时间: 0.960033s | 显存: 0.00 B
  t=8s - 时间: 1.067548s | 显存: 0.00 B
  t=9s - 时间: 1.074631s | 显存: 0.00 B

[19秒 PDE求解]
  t=19.0s - 时间: 1.886355s | 显存: 0.00 B

[PDE求解部分] 总时间: 1.886688s | 显存: 0.00 B

[本步骤总计] 时间: 9.843249s | 显存: 4.12 GB
orginal_loss:  tensor(1326.7379, device='cuda:0', grad_fn=<MseLossBackward0>)
[Step 87] Backward Propagation - Time: 0.0235s, Mem: -4416135168.00 B
x_adv.requires_grad:  True
pred_19.requires_grad, true_19.requires_grad:  True False
Autograd grad max:  tensor(0.1549, device='cuda:0')
Autograd grad min:  tensor(-0.1260, device='cuda:0')
Autograd grad mean:  tensor(0.0008, device='cuda:0')
[Step 87] PGD Update - Time: 0.0012s, Mem: 0.00 B

[Step 87] 完整步骤总时间: 9.871574s | 总显存: 0.00 B
[Step 87] 峰值显存: 6.22 GB

[Step 88] ============ 详细性能分析 ============
[模型部分] 总时间: 6.807213s | 显存: 4.12 GB

[0-9秒 PDE求解详细性能]
  t=0s - 时间: 0.000000s | 显存: 0.00 B
  t=1s - 时间: 0.413795s | 显存: 0.00 B
  t=2s - 时间: 0.531889s | 显存: 0.00 B
  t=3s - 时间: 0.558613s | 显存: 0.00 B
  t=4s - 时间: 0.716172s | 显存: 0.00 B
  t=5s - 时间: 0.716219s | 显存: 0.00 B
  t=6s - 时间: 0.830380s | 显存: 0.00 B
  t=7s - 时间: 0.875193s | 显存: 0.00 B
  t=8s - 时间: 1.036448s | 显存: 0.00 B
  t=9s - 时间: 1.107304s | 显存: 0.00 B

[19秒 PDE求解]
  t=19.0s - 时间: 1.953803s | 显存: 0.00 B

[PDE求解部分] 总时间: 1.954233s | 显存: 0.00 B

[本步骤总计] 时间: 8.761446s | 显存: 4.12 GB
orginal_loss:  tensor(1417.3063, device='cuda:0', grad_fn=<MseLossBackward0>)
[Step 88] Backward Propagation - Time: 0.0235s, Mem: -4416135168.00 B
x_adv.requires_grad:  True
pred_19.requires_grad, true_19.requires_grad:  True False
Autograd grad max:  tensor(0.1660, device='cuda:0')
Autograd grad min:  tensor(-0.1395, device='cuda:0')
Autograd grad mean:  tensor(0.0009, device='cuda:0')
[Step 88] PGD Update - Time: 0.0013s, Mem: 0.00 B

[Step 88] 完整步骤总时间: 8.790844s | 总显存: 0.00 B
[Step 88] 峰值显存: 6.22 GB

[Step 89] ============ 详细性能分析 ============
[模型部分] 总时间: 6.912019s | 显存: 4.12 GB

[0-9秒 PDE求解详细性能]
  t=0s - 时间: 0.000000s | 显存: 0.00 B
  t=1s - 时间: 0.491390s | 显存: 0.00 B
  t=2s - 时间: 0.490629s | 显存: 0.00 B
  t=3s - 时间: 0.586162s | 显存: 0.00 B
  t=4s - 时间: 0.732472s | 显存: 0.00 B
  t=5s - 时间: 0.760855s | 显存: 0.00 B
  t=6s - 时间: 0.894498s | 显存: 0.00 B
  t=7s - 时间: 0.896983s | 显存: 0.00 B
  t=8s - 时间: 0.996939s | 显存: 0.00 B
  t=9s - 时间: 1.040516s | 显存: 0.00 B

[19秒 PDE求解]
  t=19.0s - 时间: 1.924580s | 显存: 0.00 B

[PDE求解部分] 总时间: 1.924888s | 显存: 0.00 B

[本步骤总计] 时间: 8.836907s | 显存: 4.12 GB
orginal_loss:  tensor(1520.7153, device='cuda:0', grad_fn=<MseLossBackward0>)
[Step 89] Backward Propagation - Time: 0.0237s, Mem: -4416135168.00 B
x_adv.requires_grad:  True
pred_19.requires_grad, true_19.requires_grad:  True False
Autograd grad max:  tensor(0.1834, device='cuda:0')
Autograd grad min:  tensor(-0.1682, device='cuda:0')
Autograd grad mean:  tensor(0.0009, device='cuda:0')
[Step 89] PGD Update - Time: 0.0012s, Mem: 0.00 B

[Step 89] 完整步骤总时间: 8.865877s | 总显存: 0.00 B
[Step 89] 峰值显存: 6.22 GB

[Step 90] ============ 详细性能分析 ============
[模型部分] 总时间: 6.646179s | 显存: 4.12 GB

[0-9秒 PDE求解详细性能]
  t=0s - 时间: 0.000000s | 显存: 0.00 B
  t=1s - 时间: 0.390472s | 显存: 0.00 B
  t=2s - 时间: 0.460802s | 显存: 0.00 B
  t=3s - 时间: 0.558666s | 显存: 0.00 B
  t=4s - 时间: 0.613771s | 显存: 0.00 B
  t=5s - 时间: 0.716025s | 显存: 0.00 B
  t=6s - 时间: 0.828361s | 显存: 0.00 B
  t=7s - 时间: 0.950099s | 显存: 0.00 B
  t=8s - 时间: 1.023376s | 显存: 0.00 B
  t=9s - 时间: 1.083468s | 显存: 0.00 B

[19秒 PDE求解]
  t=19.0s - 时间: 1.961194s | 显存: 0.00 B

[PDE求解部分] 总时间: 1.961506s | 显存: 0.00 B

[本步骤总计] 时间: 8.607685s | 显存: 4.12 GB
orginal_loss:  tensor(1629.7383, device='cuda:0', grad_fn=<MseLossBackward0>)
[Step 90] Backward Propagation - Time: 0.0235s, Mem: -4416135168.00 B
x_adv.requires_grad:  True
pred_19.requires_grad, true_19.requires_grad:  True False
Autograd grad max:  tensor(0.1991, device='cuda:0')
Autograd grad min:  tensor(-0.1904, device='cuda:0')
Autograd grad mean:  tensor(0.0007, device='cuda:0')
[Step 90] PGD Update - Time: 0.0012s, Mem: 0.00 B

[Step 90] 完整步骤总时间: 8.636183s | 总显存: 0.00 B
[Step 90] 峰值显存: 6.22 GB

[Step 91] ============ 详细性能分析 ============
[模型部分] 总时间: 6.873415s | 显存: 4.12 GB

[0-9秒 PDE求解详细性能]
  t=0s - 时间: 0.000000s | 显存: 0.00 B
  t=1s - 时间: 0.384916s | 显存: 0.00 B
  t=2s - 时间: 0.531358s | 显存: 0.00 B
  t=3s - 时间: 0.656449s | 显存: 0.00 B
  t=4s - 时间: 0.745700s | 显存: 0.00 B
  t=5s - 时间: 0.713070s | 显存: 0.00 B
  t=6s - 时间: 0.851998s | 显存: 0.00 B
  t=7s - 时间: 0.974133s | 显存: 0.00 B
  t=8s - 时间: 0.961700s | 显存: 0.00 B
  t=9s - 时间: 1.033040s | 显存: 0.00 B

[19秒 PDE求解]
  t=19.0s - 时间: 1.978247s | 显存: 0.00 B

[PDE求解部分] 总时间: 1.978573s | 显存: 0.00 B

[本步骤总计] 时间: 8.851988s | 显存: 4.12 GB
orginal_loss:  tensor(1753.2267, device='cuda:0', grad_fn=<MseLossBackward0>)
[Step 91] Backward Propagation - Time: 0.0234s, Mem: -4416135168.00 B
x_adv.requires_grad:  True
pred_19.requires_grad, true_19.requires_grad:  True False
Autograd grad max:  tensor(0.2062, device='cuda:0')
Autograd grad min:  tensor(-0.2020, device='cuda:0')
Autograd grad mean:  tensor(0.0004, device='cuda:0')
[Step 91] PGD Update - Time: 0.0011s, Mem: 0.00 B

[Step 91] 完整步骤总时间: 8.880185s | 总显存: 0.00 B
[Step 91] 峰值显存: 6.22 GB

[Step 92] ============ 详细性能分析 ============
[模型部分] 总时间: 7.165184s | 显存: 4.12 GB

[0-9秒 PDE求解详细性能]
  t=0s - 时间: 0.000000s | 显存: 0.00 B
  t=1s - 时间: 0.481103s | 显存: 0.00 B
  t=2s - 时间: 0.500299s | 显存: 0.00 B
  t=3s - 时间: 0.666801s | 显存: 0.00 B
  t=4s - 时间: 0.745883s | 显存: 0.00 B
  t=5s - 时间: 0.752176s | 显存: 0.00 B
  t=6s - 时间: 0.912276s | 显存: 0.00 B
  t=7s - 时间: 0.933224s | 显存: 0.00 B
  t=8s - 时间: 1.009352s | 显存: 0.00 B
  t=9s - 时间: 1.142968s | 显存: 0.00 B

[19秒 PDE求解]
  t=19.0s - 时间: 1.906726s | 显存: 0.00 B

[PDE求解部分] 总时间: 1.907036s | 显存: 0.00 B

[本步骤总计] 时间: 9.072220s | 显存: 4.12 GB
orginal_loss:  tensor(1885.8978, device='cuda:0', grad_fn=<MseLossBackward0>)
[Step 92] Backward Propagation - Time: 0.0234s, Mem: -4416135168.00 B
x_adv.requires_grad:  True
pred_19.requires_grad, true_19.requires_grad:  True False
Autograd grad max:  tensor(0.2031, device='cuda:0')
Autograd grad min:  tensor(-0.2025, device='cuda:0')
Autograd grad mean:  tensor(0.0002, device='cuda:0')
[Step 92] PGD Update - Time: 0.0012s, Mem: 0.00 B

[Step 92] 完整步骤总时间: 9.100535s | 总显存: 0.00 B
[Step 92] 峰值显存: 6.22 GB

[Step 93] ============ 详细性能分析 ============
[模型部分] 总时间: 7.106842s | 显存: 4.12 GB

[0-9秒 PDE求解详细性能]
  t=0s - 时间: 0.000000s | 显存: 0.00 B
  t=1s - 时间: 0.438452s | 显存: 0.00 B
  t=2s - 时间: 0.517695s | 显存: 0.00 B
  t=3s - 时间: 0.625737s | 显存: 0.00 B
  t=4s - 时间: 0.673512s | 显存: 0.00 B
  t=5s - 时间: 0.811652s | 显存: 0.00 B
  t=6s - 时间: 0.885402s | 显存: 0.00 B
  t=7s - 时间: 1.018913s | 显存: 0.00 B
  t=8s - 时间: 1.022356s | 显存: 0.00 B
  t=9s - 时间: 1.092145s | 显存: 0.00 B

[19秒 PDE求解]
  t=19.0s - 时间: 1.900781s | 显存: 0.00 B

[PDE求解部分] 总时间: 1.901090s | 显存: 0.00 B

[本步骤总计] 时间: 9.007932s | 显存: 4.12 GB
orginal_loss:  tensor(2008.0222, device='cuda:0', grad_fn=<MseLossBackward0>)
[Step 93] Backward Propagation - Time: 0.0234s, Mem: -4416135168.00 B
x_adv.requires_grad:  True
pred_19.requires_grad, true_19.requires_grad:  True False
Autograd grad max:  tensor(0.1920, device='cuda:0')
Autograd grad min:  tensor(-0.1975, device='cuda:0')
Autograd grad mean:  tensor(0.0002, device='cuda:0')
[Step 93] PGD Update - Time: 0.0012s, Mem: 0.00 B

[Step 93] 完整步骤总时间: 9.036241s | 总显存: 0.00 B
[Step 93] 峰值显存: 6.22 GB

[Step 94] ============ 详细性能分析 ============
[模型部分] 总时间: 7.126164s | 显存: 4.12 GB

[0-9秒 PDE求解详细性能]
  t=0s - 时间: 0.000000s | 显存: 0.00 B
  t=1s - 时间: 0.452192s | 显存: 0.00 B
  t=2s - 时间: 0.603170s | 显存: 0.00 B
  t=3s - 时间: 0.682616s | 显存: 0.00 B
  t=4s - 时间: 0.729650s | 显存: 0.00 B
  t=5s - 时间: 0.738899s | 显存: 0.00 B
  t=6s - 时间: 0.840631s | 显存: 0.00 B
  t=7s - 时间: 0.929805s | 显存: 0.00 B
  t=8s - 时间: 1.043241s | 显存: 0.00 B
  t=9s - 时间: 1.084679s | 显存: 0.00 B

[19秒 PDE求解]
  t=19.0s - 时间: 1.888591s | 显存: 0.00 B

[PDE求解部分] 总时间: 1.888984s | 显存: 0.00 B

[本步骤总计] 时间: 9.015147s | 显存: 4.12 GB
orginal_loss:  tensor(2103.5867, device='cuda:0', grad_fn=<MseLossBackward0>)
[Step 94] Backward Propagation - Time: 0.0236s, Mem: -4416135168.00 B
x_adv.requires_grad:  True
pred_19.requires_grad, true_19.requires_grad:  True False
Autograd grad max:  tensor(0.1753, device='cuda:0')
Autograd grad min:  tensor(-0.1919, device='cuda:0')
Autograd grad mean:  tensor(0.0002, device='cuda:0')
[Step 94] PGD Update - Time: 0.0013s, Mem: 0.00 B

[Step 94] 完整步骤总时间: 9.044672s | 总显存: 0.00 B
[Step 94] 峰值显存: 6.22 GB

[Step 95] ============ 详细性能分析 ============
[模型部分] 总时间: 6.983141s | 显存: 4.12 GB

[0-9秒 PDE求解详细性能]
  t=0s - 时间: 0.000000s | 显存: 0.00 B
  t=1s - 时间: 0.412170s | 显存: 0.00 B
  t=2s - 时间: 0.535401s | 显存: 0.00 B
  t=3s - 时间: 0.573499s | 显存: 0.00 B
  t=4s - 时间: 0.653335s | 显存: 0.00 B
  t=5s - 时间: 0.744157s | 显存: 0.00 B
  t=6s - 时间: 0.899035s | 显存: 0.00 B
  t=7s - 时间: 1.002338s | 显存: 0.00 B
  t=8s - 时间: 1.073248s | 显存: 0.00 B
  t=9s - 时间: 1.068427s | 显存: 0.00 B

[19秒 PDE求解]
  t=19.0s - 时间: 1.895113s | 显存: 0.00 B

[PDE求解部分] 总时间: 1.895427s | 显存: 0.00 B

[本步骤总计] 时间: 8.878568s | 显存: 4.12 GB
orginal_loss:  tensor(2166.7158, device='cuda:0', grad_fn=<MseLossBackward0>)
[Step 95] Backward Propagation - Time: 0.0236s, Mem: -4416135168.00 B
x_adv.requires_grad:  True
pred_19.requires_grad, true_19.requires_grad:  True False
Autograd grad max:  tensor(0.1540, device='cuda:0')
Autograd grad min:  tensor(-0.1867, device='cuda:0')
Autograd grad mean:  tensor(0.0003, device='cuda:0')
[Step 95] PGD Update - Time: 0.3082s, Mem: 0.00 B

[Step 95] 完整步骤总时间: 9.214480s | 总显存: 0.00 B
[Step 95] 峰值显存: 6.22 GB

[Step 96] ============ 详细性能分析 ============
[模型部分] 总时间: 7.223264s | 显存: 4.12 GB

[0-9秒 PDE求解详细性能]
  t=0s - 时间: 0.000000s | 显存: 0.00 B
  t=1s - 时间: 0.449841s | 显存: 0.00 B
  t=2s - 时间: 0.557280s | 显存: 0.00 B
  t=3s - 时间: 0.586356s | 显存: 0.00 B
  t=4s - 时间: 0.692778s | 显存: 0.00 B
  t=5s - 时间: 0.844124s | 显存: 0.00 B
  t=6s - 时间: 0.843351s | 显存: 0.00 B
  t=7s - 时间: 0.995345s | 显存: 0.00 B
  t=8s - 时间: 1.084884s | 显存: 0.00 B
  t=9s - 时间: 1.148186s | 显存: 0.00 B

[19秒 PDE求解]
  t=19.0s - 时间: 1.958849s | 显存: 0.00 B

[PDE求解部分] 总时间: 1.959160s | 显存: 0.00 B

[本步骤总计] 时间: 9.182424s | 显存: 4.12 GB
orginal_loss:  tensor(2187.8694, device='cuda:0', grad_fn=<MseLossBackward0>)
[Step 96] Backward Propagation - Time: 0.0234s, Mem: -4416135168.00 B
x_adv.requires_grad:  True
pred_19.requires_grad, true_19.requires_grad:  True False
Autograd grad max:  tensor(0.1284, device='cuda:0')
Autograd grad min:  tensor(-0.1785, device='cuda:0')
Autograd grad mean:  tensor(0.0004, device='cuda:0')
[Step 96] PGD Update - Time: 0.0013s, Mem: 0.00 B

[Step 96] 完整步骤总时间: 9.210969s | 总显存: 0.00 B
[Step 96] 峰值显存: 6.22 GB

[Step 97] ============ 详细性能分析 ============
[模型部分] 总时间: 6.987711s | 显存: 4.12 GB

[0-9秒 PDE求解详细性能]
  t=0s - 时间: 0.000000s | 显存: 0.00 B
  t=1s - 时间: 0.418985s | 显存: 0.00 B
  t=2s - 时间: 0.488617s | 显存: 0.00 B
  t=3s - 时间: 0.618425s | 显存: 0.00 B
  t=4s - 时间: 0.698990s | 显存: 0.00 B
  t=5s - 时间: 0.815013s | 显存: 0.00 B
  t=6s - 时间: 0.883594s | 显存: 0.00 B
  t=7s - 时间: 0.991901s | 显存: 0.00 B
  t=8s - 时间: 0.968684s | 显存: 0.00 B
  t=9s - 时间: 1.082502s | 显存: 0.00 B

[19秒 PDE求解]
  t=19.0s - 时间: 1.979359s | 显存: 0.00 B

[PDE求解部分] 总时间: 1.979684s | 显存: 0.00 B

[本步骤总计] 时间: 8.967395s | 显存: 4.12 GB
orginal_loss:  tensor(2097.8706, device='cuda:0', grad_fn=<MseLossBackward0>)
[Step 97] Backward Propagation - Time: 0.0236s, Mem: -4416135168.00 B
x_adv.requires_grad:  True
pred_19.requires_grad, true_19.requires_grad:  True False
Autograd grad max:  tensor(0.1034, device='cuda:0')
Autograd grad min:  tensor(-0.1486, device='cuda:0')
Autograd grad mean:  tensor(0.0005, device='cuda:0')
[Step 97] PGD Update - Time: 0.0012s, Mem: 0.00 B

[Step 97] 完整步骤总时间: 8.995904s | 总显存: 0.00 B
[Step 97] 峰值显存: 6.22 GB

[Step 98] ============ 详细性能分析 ============
[模型部分] 总时间: 6.933586s | 显存: 4.12 GB

[0-9秒 PDE求解详细性能]
  t=0s - 时间: 0.000000s | 显存: 0.00 B
  t=1s - 时间: 0.477315s | 显存: 0.00 B
  t=2s - 时间: 0.602067s | 显存: 0.00 B
  t=3s - 时间: 0.573744s | 显存: 0.00 B
  t=4s - 时间: 0.617869s | 显存: 0.00 B
  t=5s - 时间: 0.727454s | 显存: 0.00 B
  t=6s - 时间: 0.836348s | 显存: 0.00 B
  t=7s - 时间: 0.927854s | 显存: 0.00 B
  t=8s - 时间: 1.057206s | 显存: 0.00 B
  t=9s - 时间: 1.092731s | 显存: 0.00 B

[19秒 PDE求解]
  t=19.0s - 时间: 1.912852s | 显存: 0.00 B

[PDE求解部分] 总时间: 1.913152s | 显存: 0.00 B

[本步骤总计] 时间: 8.846739s | 显存: 4.12 GB
orginal_loss:  tensor(1987.4242, device='cuda:0', grad_fn=<MseLossBackward0>)
[Step 98] Backward Propagation - Time: 0.0236s, Mem: -4416135168.00 B
x_adv.requires_grad:  True
pred_19.requires_grad, true_19.requires_grad:  True False
Autograd grad max:  tensor(0.0906, device='cuda:0')
Autograd grad min:  tensor(-0.1324, device='cuda:0')
Autograd grad mean:  tensor(0.0007, device='cuda:0')
[Step 98] PGD Update - Time: 0.0012s, Mem: 0.00 B

[Step 98] 完整步骤总时间: 8.875095s | 总显存: 0.00 B
[Step 98] 峰值显存: 6.22 GB

[Step 99] ============ 详细性能分析 ============
[模型部分] 总时间: 6.886840s | 显存: 4.12 GB

[0-9秒 PDE求解详细性能]
  t=0s - 时间: 0.000000s | 显存: 0.00 B
  t=1s - 时间: 0.449141s | 显存: 0.00 B
  t=2s - 时间: 0.496386s | 显存: 0.00 B
  t=3s - 时间: 0.635311s | 显存: 0.00 B
  t=4s - 时间: 0.705115s | 显存: 0.00 B
  t=5s - 时间: 0.779147s | 显存: 0.00 B
  t=6s - 时间: 0.840332s | 显存: 0.00 B
  t=7s - 时间: 0.869480s | 显存: 0.00 B
  t=8s - 时间: 0.971402s | 显存: 0.00 B
  t=9s - 时间: 1.119490s | 显存: 0.00 B

[19秒 PDE求解]
  t=19.0s - 时间: 1.963962s | 显存: 0.00 B

[PDE求解部分] 总时间: 1.964269s | 显存: 0.00 B

[本步骤总计] 时间: 8.851109s | 显存: 4.12 GB
orginal_loss:  tensor(1875.6658, device='cuda:0', grad_fn=<MseLossBackward0>)
[Step 99] Backward Propagation - Time: 0.0234s, Mem: -4416135168.00 B
x_adv.requires_grad:  True
pred_19.requires_grad, true_19.requires_grad:  True False
Autograd grad max:  tensor(0.0898, device='cuda:0')
Autograd grad min:  tensor(-0.1231, device='cuda:0')
Autograd grad mean:  tensor(0.0008, device='cuda:0')
[Step 99] PGD Update - Time: 0.0012s, Mem: 0.00 B

[Step 99] 完整步骤总时间: 8.879476s | 总显存: 0.00 B
[Step 99] 峰值显存: 6.22 GB
清理前显存占用: 2092.8798828125 MB
PGD攻击完成！显存已清理
当前显存占用: 2092.1298828125 MB
================================================================================
norm: 2, epsilon: 26.2144, alpha: 2.0, num_steps: 100, index: 1
x_adv.shape:  torch.Size([256, 256])

[Step 0] ============ 详细性能分析 ============
[模型部分] 总时间: 7.359368s | 显存: 4.11 GB

[0-9秒 PDE求解详细性能]
  t=0s - 时间: 0.000000s | 显存: 0.00 B
  t=1s - 时间: 0.478956s | 显存: 0.00 B
  t=2s - 时间: 0.545682s | 显存: 0.00 B
  t=3s - 时间: 0.626416s | 显存: 0.00 B
  t=4s - 时间: 0.705389s | 显存: 0.00 B
  t=5s - 时间: 0.752579s | 显存: 0.00 B
  t=6s - 时间: 0.950624s | 显存: 0.00 B
  t=7s - 时间: 1.008090s | 显存: 0.00 B
  t=8s - 时间: 1.063082s | 显存: 0.00 B
  t=9s - 时间: 1.140637s | 显存: 0.00 B

[19秒 PDE求解]
  t=19.0s - 时间: 1.957454s | 显存: 0.00 B

[PDE求解部分] 总时间: 1.957799s | 显存: 0.00 B

[本步骤总计] 时间: 9.317167s | 显存: 4.11 GB
orginal_loss:  tensor(3644.5620, device='cuda:0', grad_fn=<MseLossBackward0>)
[Step 0] Backward Propagation - Time: 0.0238s, Mem: -4411621376.00 B
x_adv.requires_grad:  True
pred_19.requires_grad, true_19.requires_grad:  True False
Autograd grad max:  tensor(0.5650, device='cuda:0')
Autograd grad min:  tensor(-0.5409, device='cuda:0')
Autograd grad mean:  tensor(-0.0003, device='cuda:0')
[Step 0] PGD Update - Time: 0.0008s, Mem: 513.00 KB

[Step 0] 完整步骤总时间: 9.345130s | 总显存: 4.00 MB
[Step 0] 峰值显存: 6.22 GB

[Step 1] ============ 详细性能分析 ============
[模型部分] 总时间: 7.287879s | 显存: 4.11 GB

[0-9秒 PDE求解详细性能]
  t=0s - 时间: 0.000000s | 显存: 0.00 B
  t=1s - 时间: 0.460569s | 显存: 0.00 B
  t=2s - 时间: 0.589082s | 显存: 0.00 B
  t=3s - 时间: 0.610692s | 显存: 0.00 B
  t=4s - 时间: 0.688062s | 显存: 0.00 B
  t=5s - 时间: 0.796969s | 显存: 0.00 B
  t=6s - 时间: 0.924238s | 显存: 0.00 B
  t=7s - 时间: 0.998921s | 显存: 0.00 B
  t=8s - 时间: 1.042288s | 显存: 0.00 B
  t=9s - 时间: 1.085577s | 显存: 0.00 B

[19秒 PDE求解]
  t=19.0s - 时间: 1.975481s | 显存: 0.00 B

[PDE求解部分] 总时间: 1.975840s | 显存: 0.00 B

[本步骤总计] 时间: 9.263719s | 显存: 4.11 GB
orginal_loss:  tensor(3541.3386, device='cuda:0', grad_fn=<MseLossBackward0>)
[Step 1] Backward Propagation - Time: 0.0242s, Mem: -4410040320.00 B
x_adv.requires_grad:  True
pred_19.requires_grad, true_19.requires_grad:  True False
Autograd grad max:  tensor(0.5049, device='cuda:0')
Autograd grad min:  tensor(-0.5076, device='cuda:0')
Autograd grad mean:  tensor(-0.0022, device='cuda:0')
[Step 1] PGD Update - Time: 0.0011s, Mem: 0.00 B

[Step 1] 完整步骤总时间: 9.293185s | 总显存: -524288.00 B
[Step 1] 峰值显存: 6.22 GB

[Step 2] ============ 详细性能分析 ============
[模型部分] 总时间: 6.734689s | 显存: 4.12 GB

[0-9秒 PDE求解详细性能]
  t=0s - 时间: 0.000000s | 显存: 0.00 B
  t=1s - 时间: 0.401829s | 显存: 0.00 B
  t=2s - 时间: 0.484521s | 显存: 0.00 B
  t=3s - 时间: 0.582678s | 显存: 0.00 B
  t=4s - 时间: 0.674541s | 显存: 0.00 B
  t=5s - 时间: 0.709127s | 显存: 0.00 B
  t=6s - 时间: 0.830811s | 显存: 0.00 B
  t=7s - 时间: 0.938282s | 显存: 0.00 B
  t=8s - 时间: 1.042657s | 显存: 0.00 B
  t=9s - 时间: 1.049164s | 显存: 0.00 B

[19秒 PDE求解]
  t=19.0s - 时间: 1.998152s | 显存: 0.00 B

[PDE求解部分] 总时间: 1.998464s | 显存: 0.00 B

[本步骤总计] 时间: 8.733152s | 显存: 4.12 GB
orginal_loss:  tensor(3265.9124, device='cuda:0', grad_fn=<MseLossBackward0>)
[Step 2] Backward Propagation - Time: 0.0236s, Mem: -4413235200.00 B
x_adv.requires_grad:  True
pred_19.requires_grad, true_19.requires_grad:  True False
Autograd grad max:  tensor(0.4402, device='cuda:0')
Autograd grad min:  tensor(-0.4690, device='cuda:0')
Autograd grad mean:  tensor(-0.0035, device='cuda:0')
[Step 2] PGD Update - Time: 0.0012s, Mem: 0.00 B

[Step 2] 完整步骤总时间: 8.761642s | 总显存: 0.00 B
[Step 2] 峰值显存: 6.22 GB

[Step 3] ============ 详细性能分析 ============
[模型部分] 总时间: 7.336198s | 显存: 4.12 GB

[0-9秒 PDE求解详细性能]
  t=0s - 时间: 0.000000s | 显存: 0.00 B
  t=1s - 时间: 0.422314s | 显存: 0.00 B
  t=2s - 时间: 0.596580s | 显存: 0.00 B
  t=3s - 时间: 0.680777s | 显存: 0.00 B
  t=4s - 时间: 0.736059s | 显存: 0.00 B
  t=5s - 时间: 0.787616s | 显存: 0.00 B
  t=6s - 时间: 0.940186s | 显存: 0.00 B
  t=7s - 时间: 1.002703s | 显存: 0.00 B
  t=8s - 时间: 1.049037s | 显存: 0.00 B
  t=9s - 时间: 1.099825s | 显存: 0.00 B

[19秒 PDE求解]
  t=19.0s - 时间: 1.958232s | 显存: 0.00 B

[PDE求解部分] 总时间: 1.958537s | 显存: 0.00 B

[本步骤总计] 时间: 9.294736s | 显存: 4.12 GB
orginal_loss:  tensor(2946.1687, device='cuda:0', grad_fn=<MseLossBackward0>)
[Step 3] Backward Propagation - Time: 0.0236s, Mem: -4413235200.00 B
x_adv.requires_grad:  True
pred_19.requires_grad, true_19.requires_grad:  True False
Autograd grad max:  tensor(0.3638, device='cuda:0')
Autograd grad min:  tensor(-0.4144, device='cuda:0')
Autograd grad mean:  tensor(-0.0043, device='cuda:0')
[Step 3] PGD Update - Time: 0.0011s, Mem: 0.00 B

[Step 3] 完整步骤总时间: 9.323179s | 总显存: 0.00 B
[Step 3] 峰值显存: 6.22 GB

[Step 4] ============ 详细性能分析 ============
[模型部分] 总时间: 7.248347s | 显存: 4.12 GB

[0-9秒 PDE求解详细性能]
  t=0s - 时间: 0.000000s | 显存: 0.00 B
  t=1s - 时间: 0.505324s | 显存: 0.00 B
  t=2s - 时间: 0.615584s | 显存: 0.00 B
  t=3s - 时间: 0.606536s | 显存: 0.00 B
  t=4s - 时间: 0.700378s | 显存: 0.00 B
  t=5s - 时间: 0.841671s | 显存: 0.00 B
  t=6s - 时间: 0.876343s | 显存: 0.00 B
  t=7s - 时间: 0.970592s | 显存: 0.00 B
  t=8s - 时间: 1.006452s | 显存: 0.00 B
  t=9s - 时间: 1.104385s | 显存: 0.00 B

[19秒 PDE求解]
  t=19.0s - 时间: 1.906299s | 显存: 0.00 B

[PDE求解部分] 总时间: 1.906612s | 显存: 0.00 B

[本步骤总计] 时间: 9.154959s | 显存: 4.12 GB
orginal_loss:  tensor(2578.0198, device='cuda:0', grad_fn=<MseLossBackward0>)
[Step 4] Backward Propagation - Time: 0.0235s, Mem: -4413235200.00 B
x_adv.requires_grad:  True
pred_19.requires_grad, true_19.requires_grad:  True False
Autograd grad max:  tensor(0.3171, device='cuda:0')
Autograd grad min:  tensor(-0.3748, device='cuda:0')
Autograd grad mean:  tensor(-0.0042, device='cuda:0')
[Step 4] PGD Update - Time: 0.0011s, Mem: 0.00 B

[Step 4] 完整步骤总时间: 9.183191s | 总显存: 0.00 B
[Step 4] 峰值显存: 6.22 GB

[Step 5] ============ 详细性能分析 ============
[模型部分] 总时间: 7.151735s | 显存: 4.12 GB

[0-9秒 PDE求解详细性能]
  t=0s - 时间: 0.000000s | 显存: 0.00 B
  t=1s - 时间: 0.509718s | 显存: 0.00 B
  t=2s - 时间: 0.543387s | 显存: 0.00 B
  t=3s - 时间: 0.660261s | 显存: 0.00 B
  t=4s - 时间: 0.703078s | 显存: 0.00 B
  t=5s - 时间: 0.758673s | 显存: 0.00 B
  t=6s - 时间: 0.904307s | 显存: 0.00 B
  t=7s - 时间: 0.921379s | 显存: 0.00 B
  t=8s - 时间: 1.018314s | 显存: 0.00 B
  t=9s - 时间: 1.111516s | 显存: 0.00 B

[19秒 PDE求解]
  t=19.0s - 时间: 1.916958s | 显存: 0.00 B

[PDE求解部分] 总时间: 1.917274s | 显存: 0.00 B

[本步骤总计] 时间: 9.069008s | 显存: 4.12 GB
orginal_loss:  tensor(2201.7236, device='cuda:0', grad_fn=<MseLossBackward0>)
[Step 5] Backward Propagation - Time: 0.0235s, Mem: -4413235200.00 B
x_adv.requires_grad:  True
pred_19.requires_grad, true_19.requires_grad:  True False
Autograd grad max:  tensor(0.2758, device='cuda:0')
Autograd grad min:  tensor(-0.3271, device='cuda:0')
Autograd grad mean:  tensor(-0.0032, device='cuda:0')
[Step 5] PGD Update - Time: 0.0012s, Mem: 0.00 B

[Step 5] 完整步骤总时间: 9.097479s | 总显存: 0.00 B
[Step 5] 峰值显存: 6.22 GB

[Step 6] ============ 详细性能分析 ============
[模型部分] 总时间: 7.105949s | 显存: 4.12 GB

[0-9秒 PDE求解详细性能]
  t=0s - 时间: 0.000000s | 显存: 0.00 B
  t=1s - 时间: 0.443385s | 显存: 0.00 B
  t=2s - 时间: 0.552250s | 显存: 0.00 B
  t=3s - 时间: 0.574834s | 显存: 0.00 B
  t=4s - 时间: 0.680334s | 显存: 0.00 B
  t=5s - 时间: 0.892040s | 显存: 0.00 B
  t=6s - 时间: 0.836484s | 显存: 0.00 B
  t=7s - 时间: 0.962608s | 显存: 0.00 B
  t=8s - 时间: 1.044828s | 显存: 0.00 B
  t=9s - 时间: 1.097508s | 显存: 0.00 B

[19秒 PDE求解]
  t=19.0s - 时间: 1.984343s | 显存: 0.00 B

[PDE求解部分] 总时间: 1.984690s | 显存: 0.00 B

[本步骤总计] 时间: 9.090638s | 显存: 4.12 GB
orginal_loss:  tensor(1906.2557, device='cuda:0', grad_fn=<MseLossBackward0>)
[Step 6] Backward Propagation - Time: 0.0236s, Mem: -4413235200.00 B
x_adv.requires_grad:  True
pred_19.requires_grad, true_19.requires_grad:  True False
Autograd grad max:  tensor(0.2476, device='cuda:0')
Autograd grad min:  tensor(-0.2859, device='cuda:0')
Autograd grad mean:  tensor(-0.0021, device='cuda:0')
[Step 6] PGD Update - Time: 0.0013s, Mem: 0.00 B

[Step 6] 完整步骤总时间: 9.120486s | 总显存: 0.00 B
[Step 6] 峰值显存: 6.22 GB

[Step 7] ============ 详细性能分析 ============
[模型部分] 总时间: 7.182873s | 显存: 4.12 GB

[0-9秒 PDE求解详细性能]
  t=0s - 时间: 0.000000s | 显存: 0.00 B
  t=1s - 时间: 0.425767s | 显存: 0.00 B
  t=2s - 时间: 0.623327s | 显存: 0.00 B
  t=3s - 时间: 0.601751s | 显存: 0.00 B
  t=4s - 时间: 0.693867s | 显存: 0.00 B
  t=5s - 时间: 0.828948s | 显存: 0.00 B
  t=6s - 时间: 0.838982s | 显存: 0.00 B
  t=7s - 时间: 1.002499s | 显存: 0.00 B
  t=8s - 时间: 0.983226s | 显存: 0.00 B
  t=9s - 时间: 1.163254s | 显存: 0.00 B

[19秒 PDE求解]
  t=19.0s - 时间: 2.001932s | 显存: 0.00 B

[PDE求解部分] 总时间: 2.002245s | 显存: 0.00 B

[本步骤总计] 时间: 9.185118s | 显存: 4.12 GB
orginal_loss:  tensor(1729.0872, device='cuda:0', grad_fn=<MseLossBackward0>)
[Step 7] Backward Propagation - Time: 0.0236s, Mem: -4413235200.00 B
x_adv.requires_grad:  True
pred_19.requires_grad, true_19.requires_grad:  True False
Autograd grad max:  tensor(0.2232, device='cuda:0')
Autograd grad min:  tensor(-0.2536, device='cuda:0')
Autograd grad mean:  tensor(-0.0013, device='cuda:0')
[Step 7] PGD Update - Time: 0.0012s, Mem: 0.00 B

[Step 7] 完整步骤总时间: 9.213727s | 总显存: 0.00 B
[Step 7] 峰值显存: 6.22 GB

[Step 8] ============ 详细性能分析 ============
[模型部分] 总时间: 7.213581s | 显存: 4.12 GB

[0-9秒 PDE求解详细性能]
  t=0s - 时间: 0.000000s | 显存: 0.00 B
  t=1s - 时间: 0.495830s | 显存: 0.00 B
  t=2s - 时间: 0.613168s | 显存: 0.00 B
  t=3s - 时间: 0.627528s | 显存: 0.00 B
  t=4s - 时间: 0.696978s | 显存: 0.00 B
  t=5s - 时间: 0.823253s | 显存: 0.00 B
  t=6s - 时间: 0.888435s | 显存: 0.00 B
  t=7s - 时间: 0.911764s | 显存: 0.00 B
  t=8s - 时间: 0.982672s | 显存: 0.00 B
  t=9s - 时间: 1.152784s | 显存: 0.00 B

[19秒 PDE求解]
  t=19.0s - 时间: 1.887788s | 显存: 0.00 B

[PDE求解部分] 总时间: 1.888107s | 显存: 0.00 B

[本步骤总计] 时间: 9.101688s | 显存: 4.12 GB
orginal_loss:  tensor(1654.4075, device='cuda:0', grad_fn=<MseLossBackward0>)
[Step 8] Backward Propagation - Time: 0.0236s, Mem: -4413235200.00 B
x_adv.requires_grad:  True
pred_19.requires_grad, true_19.requires_grad:  True False
Autograd grad max:  tensor(0.2123, device='cuda:0')
Autograd grad min:  tensor(-0.2333, device='cuda:0')
Autograd grad mean:  tensor(-0.0009, device='cuda:0')
[Step 8] PGD Update - Time: 0.0012s, Mem: 0.00 B

[Step 8] 完整步骤总时间: 9.130164s | 总显存: 0.00 B
[Step 8] 峰值显存: 6.22 GB

[Step 9] ============ 详细性能分析 ============
[模型部分] 总时间: 7.106487s | 显存: 4.12 GB

[0-9秒 PDE求解详细性能]
  t=0s - 时间: 0.000000s | 显存: 0.00 B
  t=1s - 时间: 0.443473s | 显存: 0.00 B
  t=2s - 时间: 0.562135s | 显存: 0.00 B
  t=3s - 时间: 0.579918s | 显存: 0.00 B
  t=4s - 时间: 0.701168s | 显存: 0.00 B
  t=5s - 时间: 0.817052s | 显存: 0.00 B
  t=6s - 时间: 0.880771s | 显存: 0.00 B
  t=7s - 时间: 0.978934s | 显存: 0.00 B
  t=8s - 时间: 1.054833s | 显存: 0.00 B
  t=9s - 时间: 1.067013s | 显存: 0.00 B

[19秒 PDE求解]
  t=19.0s - 时间: 2.002485s | 显存: 0.00 B

[PDE求解部分] 总时间: 2.002800s | 显存: 0.00 B

[本步骤总计] 时间: 9.109287s | 显存: 4.12 GB
orginal_loss:  tensor(1679.0739, device='cuda:0', grad_fn=<MseLossBackward0>)
[Step 9] Backward Propagation - Time: 0.0236s, Mem: -4413235200.00 B
x_adv.requires_grad:  True
pred_19.requires_grad, true_19.requires_grad:  True False
Autograd grad max:  tensor(0.2169, device='cuda:0')
Autograd grad min:  tensor(-0.2249, device='cuda:0')
Autograd grad mean:  tensor(-0.0008, device='cuda:0')
[Step 9] PGD Update - Time: 0.0012s, Mem: 0.00 B

[Step 9] 完整步骤总时间: 9.138633s | 总显存: 0.00 B
[Step 9] 峰值显存: 6.22 GB

[Step 10] ============ 详细性能分析 ============
[模型部分] 总时间: 7.138473s | 显存: 4.12 GB

[0-9秒 PDE求解详细性能]
  t=0s - 时间: 0.000000s | 显存: 0.00 B
  t=1s - 时间: 0.501931s | 显存: 0.00 B
  t=2s - 时间: 0.527867s | 显存: 0.00 B
  t=3s - 时间: 0.631678s | 显存: 0.00 B
  t=4s - 时间: 0.709082s | 显存: 0.00 B
  t=5s - 时间: 0.786541s | 显存: 0.00 B
  t=6s - 时间: 0.838049s | 显存: 0.00 B
  t=7s - 时间: 1.010845s | 显存: 0.00 B
  t=8s - 时间: 1.055477s | 显存: 0.00 B
  t=9s - 时间: 1.055939s | 显存: 0.00 B

[19秒 PDE求解]
  t=19.0s - 时间: 1.892366s | 显存: 0.00 B

[PDE求解部分] 总时间: 1.892693s | 显存: 0.00 B

[本步骤总计] 时间: 9.031167s | 显存: 4.12 GB
orginal_loss:  tensor(1868.7239, device='cuda:0', grad_fn=<MseLossBackward0>)
[Step 10] Backward Propagation - Time: 0.0235s, Mem: -4413235200.00 B
x_adv.requires_grad:  True
pred_19.requires_grad, true_19.requires_grad:  True False
Autograd grad max:  tensor(0.2347, device='cuda:0')
Autograd grad min:  tensor(-0.2354, device='cuda:0')
Autograd grad mean:  tensor(-0.0009, device='cuda:0')
[Step 10] PGD Update - Time: 0.0012s, Mem: 0.00 B

[Step 10] 完整步骤总时间: 9.059601s | 总显存: 0.00 B
[Step 10] 峰值显存: 6.22 GB

[Step 11] ============ 详细性能分析 ============
[模型部分] 总时间: 7.193117s | 显存: 4.12 GB

[0-9秒 PDE求解详细性能]
  t=0s - 时间: 0.000000s | 显存: 0.00 B
  t=1s - 时间: 0.493095s | 显存: 0.00 B
  t=2s - 时间: 0.467459s | 显存: 0.00 B
  t=3s - 时间: 0.714545s | 显存: 0.00 B
  t=4s - 时间: 0.878487s | 显存: 0.00 B
  t=5s - 时间: 0.740328s | 显存: 0.00 B
  t=6s - 时间: 0.891498s | 显存: 0.00 B
  t=7s - 时间: 0.912277s | 显存: 0.00 B
  t=8s - 时间: 1.016796s | 显存: 0.00 B
  t=9s - 时间: 1.057487s | 显存: 0.00 B

[19秒 PDE求解]
  t=19.0s - 时间: 1.914893s | 显存: 0.00 B

[PDE求解部分] 总时间: 1.915234s | 显存: 0.00 B

[本步骤总计] 时间: 9.108350s | 显存: 4.12 GB
orginal_loss:  tensor(2137.4590, device='cuda:0', grad_fn=<MseLossBackward0>)
[Step 11] Backward Propagation - Time: 0.0241s, Mem: -4413235200.00 B
x_adv.requires_grad:  True
pred_19.requires_grad, true_19.requires_grad:  True False
Autograd grad max:  tensor(0.2682, device='cuda:0')
Autograd grad min:  tensor(-0.2697, device='cuda:0')
Autograd grad mean:  tensor(-0.0013, device='cuda:0')
[Step 11] PGD Update - Time: 0.0012s, Mem: 0.00 B

[Step 11] 完整步骤总时间: 9.138370s | 总显存: 0.00 B
[Step 11] 峰值显存: 6.22 GB

[Step 12] ============ 详细性能分析 ============
[模型部分] 总时间: 6.885022s | 显存: 4.12 GB

[0-9秒 PDE求解详细性能]
  t=0s - 时间: 0.000000s | 显存: 0.00 B
  t=1s - 时间: 0.418864s | 显存: 0.00 B
  t=2s - 时间: 0.499334s | 显存: 0.00 B
  t=3s - 时间: 0.608154s | 显存: 0.00 B
  t=4s - 时间: 0.637804s | 显存: 0.00 B
  t=5s - 时间: 0.817106s | 显存: 0.00 B
  t=6s - 时间: 0.809508s | 显存: 0.00 B
  t=7s - 时间: 0.967571s | 显存: 0.00 B
  t=8s - 时间: 1.050499s | 显存: 0.00 B
  t=9s - 时间: 1.054550s | 显存: 0.00 B

[19秒 PDE求解]
  t=19.0s - 时间: 1.906348s | 显存: 0.00 B

[PDE求解部分] 总时间: 1.906710s | 显存: 0.00 B

[本步骤总计] 时间: 8.791732s | 显存: 4.12 GB
orginal_loss:  tensor(2234.2427, device='cuda:0', grad_fn=<MseLossBackward0>)
[Step 12] Backward Propagation - Time: 0.0238s, Mem: -4413235200.00 B
x_adv.requires_grad:  True
pred_19.requires_grad, true_19.requires_grad:  True False
Autograd grad max:  tensor(0.3066, device='cuda:0')
Autograd grad min:  tensor(-0.3070, device='cuda:0')
Autograd grad mean:  tensor(-0.0017, device='cuda:0')
[Step 12] PGD Update - Time: 0.0013s, Mem: 0.00 B

[Step 12] 完整步骤总时间: 8.820973s | 总显存: 0.00 B
[Step 12] 峰值显存: 6.22 GB

[Step 13] ============ 详细性能分析 ============
[模型部分] 总时间: 7.407281s | 显存: 4.12 GB

[0-9秒 PDE求解详细性能]
  t=0s - 时间: 0.000000s | 显存: 0.00 B
  t=1s - 时间: 0.500421s | 显存: 0.00 B
  t=2s - 时间: 0.676021s | 显存: 0.00 B
  t=3s - 时间: 0.618787s | 显存: 0.00 B
  t=4s - 时间: 0.749919s | 显存: 0.00 B
  t=5s - 时间: 0.776533s | 显存: 0.00 B
  t=6s - 时间: 0.863183s | 显存: 0.00 B
  t=7s - 时间: 0.947763s | 显存: 0.00 B
  t=8s - 时间: 1.053512s | 显存: 0.00 B
  t=9s - 时间: 1.199872s | 显存: 0.00 B

[19秒 PDE求解]
  t=19.0s - 时间: 1.935221s | 显存: 0.00 B

[PDE求解部分] 总时间: 1.935539s | 显存: 0.00 B

[本步骤总计] 时间: 9.342820s | 显存: 4.12 GB
orginal_loss:  tensor(2454.9426, device='cuda:0', grad_fn=<MseLossBackward0>)
[Step 13] Backward Propagation - Time: 0.0237s, Mem: -4413235200.00 B
x_adv.requires_grad:  True
pred_19.requires_grad, true_19.requires_grad:  True False
Autograd grad max:  tensor(0.3297, device='cuda:0')
Autograd grad min:  tensor(-0.3274, device='cuda:0')
Autograd grad mean:  tensor(-0.0020, device='cuda:0')
[Step 13] PGD Update - Time: 0.0012s, Mem: 0.00 B

[Step 13] 完整步骤总时间: 9.371560s | 总显存: 0.00 B
[Step 13] 峰值显存: 6.22 GB

[Step 14] ============ 详细性能分析 ============
[模型部分] 总时间: 6.972115s | 显存: 4.12 GB

[0-9秒 PDE求解详细性能]
  t=0s - 时间: 0.000000s | 显存: 0.00 B
  t=1s - 时间: 0.410209s | 显存: 0.00 B
  t=2s - 时间: 0.511123s | 显存: 0.00 B
  t=3s - 时间: 0.614639s | 显存: 0.00 B
  t=4s - 时间: 0.688978s | 显存: 0.00 B
  t=5s - 时间: 0.832164s | 显存: 0.00 B
  t=6s - 时间: 0.799212s | 显存: 0.00 B
  t=7s - 时间: 0.964722s | 显存: 0.00 B
  t=8s - 时间: 1.069733s | 显存: 0.00 B
  t=9s - 时间: 1.060241s | 显存: 0.00 B

[19秒 PDE求解]
  t=19.0s - 时间: 1.898665s | 显存: 0.00 B

[PDE求解部分] 总时间: 1.898991s | 显存: 0.00 B

[本步骤总计] 时间: 8.871106s | 显存: 4.12 GB
orginal_loss:  tensor(2748.5798, device='cuda:0', grad_fn=<MseLossBackward0>)
[Step 14] Backward Propagation - Time: 0.0234s, Mem: -4413235200.00 B
x_adv.requires_grad:  True
pred_19.requires_grad, true_19.requires_grad:  True False
Autograd grad max:  tensor(0.3250, device='cuda:0')
Autograd grad min:  tensor(-0.3311, device='cuda:0')
Autograd grad mean:  tensor(-0.0021, device='cuda:0')
[Step 14] PGD Update - Time: 0.0011s, Mem: 0.00 B

[Step 14] 完整步骤总时间: 8.899498s | 总显存: 0.00 B
[Step 14] 峰值显存: 6.22 GB

[Step 15] ============ 详细性能分析 ============
[模型部分] 总时间: 7.097726s | 显存: 4.12 GB

[0-9秒 PDE求解详细性能]
  t=0s - 时间: 0.000000s | 显存: 0.00 B
  t=1s - 时间: 0.406881s | 显存: 0.00 B
  t=2s - 时间: 0.477796s | 显存: 0.00 B
  t=3s - 时间: 0.575392s | 显存: 0.00 B
  t=4s - 时间: 0.745037s | 显存: 0.00 B
  t=5s - 时间: 0.793316s | 显存: 0.00 B
  t=6s - 时间: 0.914204s | 显存: 0.00 B
  t=7s - 时间: 0.966756s | 显存: 0.00 B
  t=8s - 时间: 1.084212s | 显存: 0.00 B
  t=9s - 时间: 1.113051s | 显存: 0.00 B

[19秒 PDE求解]
  t=19.0s - 时间: 1.992587s | 显存: 0.00 B

[PDE求解部分] 总时间: 1.992904s | 显存: 0.00 B

[本步骤总计] 时间: 9.090630s | 显存: 4.12 GB
orginal_loss:  tensor(2663.4673, device='cuda:0', grad_fn=<MseLossBackward0>)
[Step 15] Backward Propagation - Time: 0.0235s, Mem: -4413235200.00 B
x_adv.requires_grad:  True
pred_19.requires_grad, true_19.requires_grad:  True False
Autograd grad max:  tensor(0.2778, device='cuda:0')
Autograd grad min:  tensor(-0.3122, device='cuda:0')
Autograd grad mean:  tensor(-0.0021, device='cuda:0')
[Step 15] PGD Update - Time: 0.0011s, Mem: 0.00 B

[Step 15] 完整步骤总时间: 9.118909s | 总显存: 0.00 B
[Step 15] 峰值显存: 6.22 GB

[Step 16] ============ 详细性能分析 ============
[模型部分] 总时间: 7.169216s | 显存: 4.12 GB

[0-9秒 PDE求解详细性能]
  t=0s - 时间: 0.000000s | 显存: 0.00 B
  t=1s - 时间: 0.531303s | 显存: 0.00 B
  t=2s - 时间: 0.600907s | 显存: 0.00 B
  t=3s - 时间: 0.591037s | 显存: 0.00 B
  t=4s - 时间: 0.691027s | 显存: 0.00 B
  t=5s - 时间: 0.773784s | 显存: 0.00 B
  t=6s - 时间: 0.867943s | 显存: 0.00 B
  t=7s - 时间: 0.966149s | 显存: 0.00 B
  t=8s - 时间: 1.041970s | 显存: 0.00 B
  t=9s - 时间: 1.084047s | 显存: 0.00 B

[19秒 PDE求解]
  t=19.0s - 时间: 1.884963s | 显存: 0.00 B

[PDE求解部分] 总时间: 1.885276s | 显存: 0.00 B

[本步骤总计] 时间: 9.054493s | 显存: 4.12 GB
orginal_loss:  tensor(2373.1655, device='cuda:0', grad_fn=<MseLossBackward0>)
[Step 16] Backward Propagation - Time: 0.0234s, Mem: -4413235200.00 B
x_adv.requires_grad:  True
pred_19.requires_grad, true_19.requires_grad:  True False
Autograd grad max:  tensor(0.2528, device='cuda:0')
Autograd grad min:  tensor(-0.2811, device='cuda:0')
Autograd grad mean:  tensor(-0.0012, device='cuda:0')
[Step 16] PGD Update - Time: 0.0012s, Mem: 0.00 B

[Step 16] 完整步骤总时间: 9.083019s | 总显存: 0.00 B
[Step 16] 峰值显存: 6.22 GB

[Step 17] ============ 详细性能分析 ============
[模型部分] 总时间: 7.231188s | 显存: 4.12 GB

[0-9秒 PDE求解详细性能]
  t=0s - 时间: 0.000000s | 显存: 0.00 B
  t=1s - 时间: 0.460641s | 显存: 0.00 B
  t=2s - 时间: 0.498635s | 显存: 0.00 B
  t=3s - 时间: 0.571400s | 显存: 0.00 B
  t=4s - 时间: 0.739200s | 显存: 0.00 B
  t=5s - 时间: 0.788643s | 显存: 0.00 B
  t=6s - 时间: 0.905273s | 显存: 0.00 B
  t=7s - 时间: 1.039990s | 显存: 0.00 B
  t=8s - 时间: 1.095769s | 显存: 0.00 B
  t=9s - 时间: 1.110560s | 显存: 0.00 B

[19秒 PDE求解]
  t=19.0s - 时间: 1.930801s | 显存: 0.00 B

[PDE求解部分] 总时间: 1.931132s | 显存: 0.00 B

[本步骤总计] 时间: 9.162320s | 显存: 4.12 GB
orginal_loss:  tensor(2204.9731, device='cuda:0', grad_fn=<MseLossBackward0>)
[Step 17] Backward Propagation - Time: 0.0241s, Mem: -4413235200.00 B
x_adv.requires_grad:  True
pred_19.requires_grad, true_19.requires_grad:  True False
Autograd grad max:  tensor(0.2401, device='cuda:0')
Autograd grad min:  tensor(-0.2542, device='cuda:0')
Autograd grad mean:  tensor(4.8234e-05, device='cuda:0')
[Step 17] PGD Update - Time: 0.0012s, Mem: 0.00 B

[Step 17] 完整步骤总时间: 9.192123s | 总显存: 0.00 B
[Step 17] 峰值显存: 6.22 GB

[Step 18] ============ 详细性能分析 ============
[模型部分] 总时间: 7.020365s | 显存: 4.12 GB

[0-9秒 PDE求解详细性能]
  t=0s - 时间: 0.000000s | 显存: 0.00 B
  t=1s - 时间: 0.531454s | 显存: 0.00 B
  t=2s - 时间: 0.517363s | 显存: 0.00 B
  t=3s - 时间: 0.655076s | 显存: 0.00 B
  t=4s - 时间: 0.741467s | 显存: 0.00 B
  t=5s - 时间: 0.733578s | 显存: 0.00 B
  t=6s - 时间: 0.825838s | 显存: 0.00 B
  t=7s - 时间: 0.885678s | 显存: 0.00 B
  t=8s - 时间: 1.044423s | 显存: 0.00 B
  t=9s - 时间: 1.064326s | 显存: 0.00 B

[19秒 PDE求解]
  t=19.0s - 时间: 1.986021s | 显存: 0.00 B

[PDE求解部分] 总时间: 1.986399s | 显存: 0.00 B

[本步骤总计] 时间: 9.006765s | 显存: 4.12 GB
orginal_loss:  tensor(2243.7102, device='cuda:0', grad_fn=<MseLossBackward0>)
[Step 18] Backward Propagation - Time: 0.0239s, Mem: -4413235200.00 B
x_adv.requires_grad:  True
pred_19.requires_grad, true_19.requires_grad:  True False
Autograd grad max:  tensor(0.2761, device='cuda:0')
Autograd grad min:  tensor(-0.2780, device='cuda:0')
Autograd grad mean:  tensor(0.0011, device='cuda:0')
[Step 18] PGD Update - Time: 0.0014s, Mem: 0.00 B

[Step 18] 完整步骤总时间: 9.036603s | 总显存: 0.00 B
[Step 18] 峰值显存: 6.22 GB

[Step 19] ============ 详细性能分析 ============
[模型部分] 总时间: 6.847644s | 显存: 4.12 GB

[0-9秒 PDE求解详细性能]
  t=0s - 时间: 0.000000s | 显存: 0.00 B
  t=1s - 时间: 0.443405s | 显存: 0.00 B
  t=2s - 时间: 0.501656s | 显存: 0.00 B
  t=3s - 时间: 0.576026s | 显存: 0.00 B
  t=4s - 时间: 0.713060s | 显存: 0.00 B
  t=5s - 时间: 0.739486s | 显存: 0.00 B
  t=6s - 时间: 0.845090s | 显存: 0.00 B
  t=7s - 时间: 0.911099s | 显存: 0.00 B
  t=8s - 时间: 1.038223s | 显存: 0.00 B
  t=9s - 时间: 1.058056s | 显存: 0.00 B

[19秒 PDE求解]
  t=19.0s - 时间: 1.879417s | 显存: 0.00 B

[PDE求解部分] 总时间: 1.879741s | 显存: 0.00 B

[本步骤总计] 时间: 8.727385s | 显存: 4.12 GB
orginal_loss:  tensor(2473.8533, device='cuda:0', grad_fn=<MseLossBackward0>)
[Step 19] Backward Propagation - Time: 0.0237s, Mem: -4413235200.00 B
x_adv.requires_grad:  True
pred_19.requires_grad, true_19.requires_grad:  True False
Autograd grad max:  tensor(0.3619, device='cuda:0')
Autograd grad min:  tensor(-0.3456, device='cuda:0')
Autograd grad mean:  tensor(0.0023, device='cuda:0')
[Step 19] PGD Update - Time: 0.0012s, Mem: 0.00 B

[Step 19] 完整步骤总时间: 8.756103s | 总显存: 0.00 B
[Step 19] 峰值显存: 6.22 GB

[Step 20] ============ 详细性能分析 ============
[模型部分] 总时间: 7.023694s | 显存: 4.12 GB

[0-9秒 PDE求解详细性能]
  t=0s - 时间: 0.000000s | 显存: 0.00 B
  t=1s - 时间: 0.396080s | 显存: 0.00 B
  t=2s - 时间: 0.548097s | 显存: 0.00 B
  t=3s - 时间: 0.577911s | 显存: 0.00 B
  t=4s - 时间: 0.673497s | 显存: 0.00 B
  t=5s - 时间: 0.781086s | 显存: 0.00 B
  t=6s - 时间: 0.912292s | 显存: 0.00 B
  t=7s - 时间: 0.971609s | 显存: 0.00 B
  t=8s - 时间: 1.076292s | 显存: 0.00 B
  t=9s - 时间: 1.065698s | 显存: 0.00 B

[19秒 PDE求解]
  t=19.0s - 时间: 1.940462s | 显存: 0.00 B

[PDE求解部分] 总时间: 1.940788s | 显存: 0.00 B

[本步骤总计] 时间: 8.964482s | 显存: 4.12 GB
orginal_loss:  tensor(2627.8301, device='cuda:0', grad_fn=<MseLossBackward0>)
[Step 20] Backward Propagation - Time: 0.0234s, Mem: -4413235200.00 B
x_adv.requires_grad:  True
pred_19.requires_grad, true_19.requires_grad:  True False
Autograd grad max:  tensor(0.4637, device='cuda:0')
Autograd grad min:  tensor(-0.4194, device='cuda:0')
Autograd grad mean:  tensor(0.0040, device='cuda:0')
[Step 20] PGD Update - Time: 0.0012s, Mem: 0.00 B

[Step 20] 完整步骤总时间: 8.992850s | 总显存: 0.00 B
[Step 20] 峰值显存: 6.22 GB

[Step 21] ============ 详细性能分析 ============
[模型部分] 总时间: 7.055796s | 显存: 4.12 GB

[0-9秒 PDE求解详细性能]
  t=0s - 时间: 0.000000s | 显存: 0.00 B
  t=1s - 时间: 0.401816s | 显存: 0.00 B
  t=2s - 时间: 0.566091s | 显存: 0.00 B
  t=3s - 时间: 0.643396s | 显存: 0.00 B
  t=4s - 时间: 0.740529s | 显存: 0.00 B
  t=5s - 时间: 0.764820s | 显存: 0.00 B
  t=6s - 时间: 0.818713s | 显存: 0.00 B
  t=7s - 时间: 0.942988s | 显存: 0.00 B
  t=8s - 时间: 0.991742s | 显存: 0.00 B
  t=9s - 时间: 1.164562s | 显存: 0.00 B

[19秒 PDE求解]
  t=19.0s - 时间: 1.977167s | 显存: 0.00 B

[PDE求解部分] 总时间: 1.977494s | 显存: 0.00 B

[本步骤总计] 时间: 9.033289s | 显存: 4.12 GB
orginal_loss:  tensor(2594.4111, device='cuda:0', grad_fn=<MseLossBackward0>)
[Step 21] Backward Propagation - Time: 0.0234s, Mem: -4413235200.00 B
x_adv.requires_grad:  True
pred_19.requires_grad, true_19.requires_grad:  True False
Autograd grad max:  tensor(0.5210, device='cuda:0')
Autograd grad min:  tensor(-0.4516, device='cuda:0')
Autograd grad mean:  tensor(0.0058, device='cuda:0')
[Step 21] PGD Update - Time: 0.0012s, Mem: 0.00 B

[Step 21] 完整步骤总时间: 9.061617s | 总显存: 0.00 B
[Step 21] 峰值显存: 6.22 GB

[Step 22] ============ 详细性能分析 ============
[模型部分] 总时间: 7.132642s | 显存: 4.12 GB

[0-9秒 PDE求解详细性能]
  t=0s - 时间: 0.000000s | 显存: 0.00 B
  t=1s - 时间: 0.494861s | 显存: 0.00 B
  t=2s - 时间: 0.492301s | 显存: 0.00 B
  t=3s - 时间: 0.595543s | 显存: 0.00 B
  t=4s - 时间: 0.698950s | 显存: 0.00 B
  t=5s - 时间: 0.786813s | 显存: 0.00 B
  t=6s - 时间: 0.967824s | 显存: 0.00 B
  t=7s - 时间: 0.928855s | 显存: 0.00 B
  t=8s - 时间: 1.022202s | 显存: 0.00 B
  t=9s - 时间: 1.124117s | 显存: 0.00 B

[19秒 PDE求解]
  t=19.0s - 时间: 1.950792s | 显存: 0.00 B

[PDE求解部分] 总时间: 1.951106s | 显存: 0.00 B

[本步骤总计] 时间: 9.083748s | 显存: 4.12 GB
orginal_loss:  tensor(2119.6279, device='cuda:0', grad_fn=<MseLossBackward0>)
[Step 22] Backward Propagation - Time: 0.0235s, Mem: -4413235200.00 B
x_adv.requires_grad:  True
pred_19.requires_grad, true_19.requires_grad:  True False
Autograd grad max:  tensor(0.4323, device='cuda:0')
Autograd grad min:  tensor(-0.3576, device='cuda:0')
Autograd grad mean:  tensor(0.0058, device='cuda:0')
[Step 22] PGD Update - Time: 0.0012s, Mem: 0.00 B

[Step 22] 完整步骤总时间: 9.112155s | 总显存: 0.00 B
[Step 22] 峰值显存: 6.22 GB

[Step 23] ============ 详细性能分析 ============
[模型部分] 总时间: 7.138188s | 显存: 4.12 GB

[0-9秒 PDE求解详细性能]
  t=0s - 时间: 0.000000s | 显存: 0.00 B
  t=1s - 时间: 0.433966s | 显存: 0.00 B
  t=2s - 时间: 0.587166s | 显存: 0.00 B
  t=3s - 时间: 0.617211s | 显存: 0.00 B
  t=4s - 时间: 0.706968s | 显存: 0.00 B
  t=5s - 时间: 0.829810s | 显存: 0.00 B
  t=6s - 时间: 0.861660s | 显存: 0.00 B
  t=7s - 时间: 0.921044s | 显存: 0.00 B
  t=8s - 时间: 1.061431s | 显存: 0.00 B
  t=9s - 时间: 1.097876s | 显存: 0.00 B

[19秒 PDE求解]
  t=19.0s - 时间: 1.878801s | 显存: 0.00 B

[PDE求解部分] 总时间: 1.879126s | 显存: 0.00 B

[本步骤总计] 时间: 9.017313s | 显存: 4.12 GB
orginal_loss:  tensor(1709.6940, device='cuda:0', grad_fn=<MseLossBackward0>)
[Step 23] Backward Propagation - Time: 0.0236s, Mem: -4413235200.00 B
x_adv.requires_grad:  True
pred_19.requires_grad, true_19.requires_grad:  True False
Autograd grad max:  tensor(0.2499, device='cuda:0')
Autograd grad min:  tensor(-0.2038, device='cuda:0')
Autograd grad mean:  tensor(0.0034, device='cuda:0')
[Step 23] PGD Update - Time: 0.0012s, Mem: 0.00 B

[Step 23] 完整步骤总时间: 9.045803s | 总显存: 0.00 B
[Step 23] 峰值显存: 6.22 GB

[Step 24] ============ 详细性能分析 ============
[模型部分] 总时间: 8.037206s | 显存: 4.12 GB

[0-9秒 PDE求解详细性能]
  t=0s - 时间: 0.000000s | 显存: 0.00 B
  t=1s - 时间: 0.409012s | 显存: 0.00 B
  t=2s - 时间: 0.590226s | 显存: 0.00 B
  t=3s - 时间: 0.690813s | 显存: 0.00 B
  t=4s - 时间: 0.779773s | 显存: 0.00 B
  t=5s - 时间: 0.782050s | 显存: 0.00 B
  t=6s - 时间: 0.861190s | 显存: 0.00 B
  t=7s - 时间: 1.667526s | 显存: 0.00 B
  t=8s - 时间: 1.119677s | 显存: 0.00 B
  t=9s - 时间: 1.115530s | 显存: 0.00 B

[19秒 PDE求解]
  t=19.0s - 时间: 1.890949s | 显存: 0.00 B

[PDE求解部分] 总时间: 1.891283s | 显存: 0.00 B

[本步骤总计] 时间: 9.928490s | 显存: 4.12 GB
orginal_loss:  tensor(1627.0974, device='cuda:0', grad_fn=<MseLossBackward0>)
[Step 24] Backward Propagation - Time: 0.0235s, Mem: -4413235200.00 B
x_adv.requires_grad:  True
pred_19.requires_grad, true_19.requires_grad:  True False
Autograd grad max:  tensor(0.1340, device='cuda:0')
Autograd grad min:  tensor(-0.1495, device='cuda:0')
Autograd grad mean:  tensor(-0.0002, device='cuda:0')
[Step 24] PGD Update - Time: 0.0012s, Mem: 0.00 B

[Step 24] 完整步骤总时间: 9.957600s | 总显存: 0.00 B
[Step 24] 峰值显存: 6.22 GB

[Step 25] ============ 详细性能分析 ============
[模型部分] 总时间: 7.151431s | 显存: 4.12 GB

[0-9秒 PDE求解详细性能]
  t=0s - 时间: 0.000000s | 显存: 0.00 B
  t=1s - 时间: 0.523594s | 显存: 0.00 B
  t=2s - 时间: 0.469423s | 显存: 0.00 B
  t=3s - 时间: 0.659708s | 显存: 0.00 B
  t=4s - 时间: 0.675691s | 显存: 0.00 B
  t=5s - 时间: 0.737542s | 显存: 0.00 B
  t=6s - 时间: 0.909729s | 显存: 0.00 B
  t=7s - 时间: 0.975455s | 显存: 0.00 B
  t=8s - 时间: 1.075285s | 显存: 0.00 B
  t=9s - 时间: 1.103261s | 显存: 0.00 B

[19秒 PDE求解]
  t=19.0s - 时间: 1.944355s | 显存: 0.00 B

[PDE求解部分] 总时间: 1.944695s | 显存: 0.00 B

[本步骤总计] 时间: 9.096126s | 显存: 4.12 GB
orginal_loss:  tensor(1584.7675, device='cuda:0', grad_fn=<MseLossBackward0>)
[Step 25] Backward Propagation - Time: 0.0238s, Mem: -4413235200.00 B
x_adv.requires_grad:  True
pred_19.requires_grad, true_19.requires_grad:  True False
Autograd grad max:  tensor(0.1107, device='cuda:0')
Autograd grad min:  tensor(-0.1400, device='cuda:0')
Autograd grad mean:  tensor(-0.0017, device='cuda:0')
[Step 25] PGD Update - Time: 0.0012s, Mem: 0.00 B

[Step 25] 完整步骤总时间: 9.125294s | 总显存: 0.00 B
[Step 25] 峰值显存: 6.22 GB

[Step 26] ============ 详细性能分析 ============
[模型部分] 总时间: 7.173487s | 显存: 4.12 GB

[0-9秒 PDE求解详细性能]
  t=0s - 时间: 0.000000s | 显存: 0.00 B
  t=1s - 时间: 0.449645s | 显存: 0.00 B
  t=2s - 时间: 0.516295s | 显存: 0.00 B
  t=3s - 时间: 0.568628s | 显存: 0.00 B
  t=4s - 时间: 0.803375s | 显存: 0.00 B
  t=5s - 时间: 0.817830s | 显存: 0.00 B
  t=6s - 时间: 0.856711s | 显存: 0.00 B
  t=7s - 时间: 0.947481s | 显存: 0.00 B
  t=8s - 时间: 1.071999s | 显存: 0.00 B
  t=9s - 时间: 1.120360s | 显存: 0.00 B

[19秒 PDE求解]
  t=19.0s - 时间: 1.962923s | 显存: 0.00 B

[PDE求解部分] 总时间: 1.963237s | 显存: 0.00 B

[本步骤总计] 时间: 9.136725s | 显存: 4.12 GB
orginal_loss:  tensor(1608.5466, device='cuda:0', grad_fn=<MseLossBackward0>)
[Step 26] Backward Propagation - Time: 0.0236s, Mem: -4413235200.00 B
x_adv.requires_grad:  True
pred_19.requires_grad, true_19.requires_grad:  True False
Autograd grad max:  tensor(0.0799, device='cuda:0')
Autograd grad min:  tensor(-0.0978, device='cuda:0')
Autograd grad mean:  tensor(0.0003, device='cuda:0')
[Step 26] PGD Update - Time: 0.0012s, Mem: 0.00 B

[Step 26] 完整步骤总时间: 9.165179s | 总显存: 0.00 B
[Step 26] 峰值显存: 6.22 GB

[Step 27] ============ 详细性能分析 ============
[模型部分] 总时间: 7.203965s | 显存: 4.12 GB

[0-9秒 PDE求解详细性能]
  t=0s - 时间: 0.000000s | 显存: 0.00 B
  t=1s - 时间: 0.432574s | 显存: 0.00 B
  t=2s - 时间: 0.515279s | 显存: 0.00 B
  t=3s - 时间: 0.614035s | 显存: 0.00 B
  t=4s - 时间: 0.706116s | 显存: 0.00 B
  t=5s - 时间: 0.873763s | 显存: 0.00 B
  t=6s - 时间: 0.864876s | 显存: 0.00 B
  t=7s - 时间: 1.002395s | 显存: 0.00 B
  t=8s - 时间: 1.078977s | 显存: 0.00 B
  t=9s - 时间: 1.094888s | 显存: 0.00 B

[19秒 PDE求解]
  t=19.0s - 时间: 1.917728s | 显存: 0.00 B

[PDE求解部分] 总时间: 1.918055s | 显存: 0.00 B

[本步骤总计] 时间: 9.122021s | 显存: 4.12 GB
orginal_loss:  tensor(1473.7478, device='cuda:0', grad_fn=<MseLossBackward0>)
[Step 27] Backward Propagation - Time: 0.0234s, Mem: -4413235200.00 B
x_adv.requires_grad:  True
pred_19.requires_grad, true_19.requires_grad:  True False
Autograd grad max:  tensor(0.0857, device='cuda:0')
Autograd grad min:  tensor(-0.0872, device='cuda:0')
Autograd grad mean:  tensor(-0.0002, device='cuda:0')
[Step 27] PGD Update - Time: 0.0012s, Mem: 0.00 B

[Step 27] 完整步骤总时间: 9.150445s | 总显存: 0.00 B
[Step 27] 峰值显存: 6.22 GB

[Step 28] ============ 详细性能分析 ============
[模型部分] 总时间: 7.372798s | 显存: 4.12 GB

[0-9秒 PDE求解详细性能]
  t=0s - 时间: 0.000000s | 显存: 0.00 B
  t=1s - 时间: 0.501775s | 显存: 0.00 B
  t=2s - 时间: 0.528801s | 显存: 0.00 B
  t=3s - 时间: 0.636606s | 显存: 0.00 B
  t=4s - 时间: 0.756735s | 显存: 0.00 B
  t=5s - 时间: 0.792298s | 显存: 0.00 B
  t=6s - 时间: 0.938548s | 显存: 0.00 B
  t=7s - 时间: 0.997350s | 显存: 0.00 B
  t=8s - 时间: 1.081656s | 显存: 0.00 B
  t=9s - 时间: 1.117937s | 显存: 0.00 B

[19秒 PDE求解]
  t=19.0s - 时间: 1.964383s | 显存: 0.00 B

[PDE求解部分] 总时间: 1.964704s | 显存: 0.00 B

[本步骤总计] 时间: 9.337502s | 显存: 4.12 GB
orginal_loss:  tensor(1436.7322, device='cuda:0', grad_fn=<MseLossBackward0>)
[Step 28] Backward Propagation - Time: 0.0235s, Mem: -4413235200.00 B
x_adv.requires_grad:  True
pred_19.requires_grad, true_19.requires_grad:  True False
Autograd grad max:  tensor(0.0853, device='cuda:0')
Autograd grad min:  tensor(-0.0760, device='cuda:0')
Autograd grad mean:  tensor(-0.0007, device='cuda:0')
[Step 28] PGD Update - Time: 0.0012s, Mem: 0.00 B

[Step 28] 完整步骤总时间: 9.365940s | 总显存: 0.00 B
[Step 28] 峰值显存: 6.22 GB

[Step 29] ============ 详细性能分析 ============
[模型部分] 总时间: 7.403028s | 显存: 4.12 GB

[0-9秒 PDE求解详细性能]
  t=0s - 时间: 0.000000s | 显存: 0.00 B
  t=1s - 时间: 0.480320s | 显存: 0.00 B
  t=2s - 时间: 0.512461s | 显存: 0.00 B
  t=3s - 时间: 0.603954s | 显存: 0.00 B
  t=4s - 时间: 0.754395s | 显存: 0.00 B
  t=5s - 时间: 0.794874s | 显存: 0.00 B
  t=6s - 时间: 0.898090s | 显存: 0.00 B
  t=7s - 时间: 1.020426s | 显存: 0.00 B
  t=8s - 时间: 1.106495s | 显存: 0.00 B
  t=9s - 时间: 1.210913s | 显存: 0.00 B

[19秒 PDE求解]
  t=19.0s - 时间: 1.968361s | 显存: 0.00 B

[PDE求解部分] 总时间: 1.968678s | 显存: 0.00 B

[本步骤总计] 时间: 9.371706s | 显存: 4.12 GB
orginal_loss:  tensor(1401.6514, device='cuda:0', grad_fn=<MseLossBackward0>)
[Step 29] Backward Propagation - Time: 0.0235s, Mem: -4413235200.00 B
x_adv.requires_grad:  True
pred_19.requires_grad, true_19.requires_grad:  True False
Autograd grad max:  tensor(0.0743, device='cuda:0')
Autograd grad min:  tensor(-0.0630, device='cuda:0')
Autograd grad mean:  tensor(0.0004, device='cuda:0')
[Step 29] PGD Update - Time: 0.0012s, Mem: 0.00 B

[Step 29] 完整步骤总时间: 9.400012s | 总显存: 0.00 B
[Step 29] 峰值显存: 6.22 GB

[Step 30] ============ 详细性能分析 ============
[模型部分] 总时间: 7.068223s | 显存: 4.12 GB

[0-9秒 PDE求解详细性能]
  t=0s - 时间: 0.000000s | 显存: 0.00 B
  t=1s - 时间: 0.430155s | 显存: 0.00 B
  t=2s - 时间: 0.472303s | 显存: 0.00 B
  t=3s - 时间: 0.591316s | 显存: 0.00 B
  t=4s - 时间: 0.706841s | 显存: 0.00 B
  t=5s - 时间: 0.785472s | 显存: 0.00 B
  t=6s - 时间: 0.913422s | 显存: 0.00 B
  t=7s - 时间: 1.025307s | 显存: 0.00 B
  t=8s - 时间: 1.061602s | 显存: 0.00 B
  t=9s - 时间: 1.060408s | 显存: 0.00 B

[19秒 PDE求解]
  t=19.0s - 时间: 1.966145s | 显存: 0.00 B

[PDE求解部分] 总时间: 1.966528s | 显存: 0.00 B

[本步骤总计] 时间: 9.034751s | 显存: 4.12 GB
orginal_loss:  tensor(1349.5105, device='cuda:0', grad_fn=<MseLossBackward0>)
[Step 30] Backward Propagation - Time: 0.0236s, Mem: -4413235200.00 B
x_adv.requires_grad:  True
pred_19.requires_grad, true_19.requires_grad:  True False
Autograd grad max:  tensor(0.0744, device='cuda:0')
Autograd grad min:  tensor(-0.0666, device='cuda:0')
Autograd grad mean:  tensor(0.0001, device='cuda:0')
[Step 30] PGD Update - Time: 0.0012s, Mem: 0.00 B

[Step 30] 完整步骤总时间: 9.064178s | 总显存: 0.00 B
[Step 30] 峰值显存: 6.22 GB

[Step 31] ============ 详细性能分析 ============
[模型部分] 总时间: 7.330666s | 显存: 4.12 GB

[0-9秒 PDE求解详细性能]
  t=0s - 时间: 0.000000s | 显存: 0.00 B
  t=1s - 时间: 0.559226s | 显存: 0.00 B
  t=2s - 时间: 0.581804s | 显存: 0.00 B
  t=3s - 时间: 0.717263s | 显存: 0.00 B
  t=4s - 时间: 0.750895s | 显存: 0.00 B
  t=5s - 时间: 0.783699s | 显存: 0.00 B
  t=6s - 时间: 0.870406s | 显存: 0.00 B
  t=7s - 时间: 0.954984s | 显存: 0.00 B
  t=8s - 时间: 1.018072s | 显存: 0.00 B
  t=9s - 时间: 1.072772s | 显存: 0.00 B

[19秒 PDE求解]
  t=19.0s - 时间: 2.008371s | 显存: 0.00 B

[PDE求解部分] 总时间: 2.008684s | 显存: 0.00 B

[本步骤总计] 时间: 9.339350s | 显存: 4.12 GB
orginal_loss:  tensor(1327.3665, device='cuda:0', grad_fn=<MseLossBackward0>)
[Step 31] Backward Propagation - Time: 0.0236s, Mem: -4413235200.00 B
x_adv.requires_grad:  True
pred_19.requires_grad, true_19.requires_grad:  True False
Autograd grad max:  tensor(0.0717, device='cuda:0')
Autograd grad min:  tensor(-0.0570, device='cuda:0')
Autograd grad mean:  tensor(-7.9169e-05, device='cuda:0')
[Step 31] PGD Update - Time: 0.0013s, Mem: 0.00 B

[Step 31] 完整步骤总时间: 9.368374s | 总显存: 0.00 B
[Step 31] 峰值显存: 6.22 GB

[Step 32] ============ 详细性能分析 ============
[模型部分] 总时间: 7.353252s | 显存: 4.12 GB

[0-9秒 PDE求解详细性能]
  t=0s - 时间: 0.000000s | 显存: 0.00 B
  t=1s - 时间: 0.489759s | 显存: 0.00 B
  t=2s - 时间: 0.531418s | 显存: 0.00 B
  t=3s - 时间: 0.599334s | 显存: 0.00 B
  t=4s - 时间: 0.748019s | 显存: 0.00 B
  t=5s - 时间: 0.852259s | 显存: 0.00 B
  t=6s - 时间: 0.932518s | 显存: 0.00 B
  t=7s - 时间: 0.947613s | 显存: 0.00 B
  t=8s - 时间: 1.057098s | 显存: 0.00 B
  t=9s - 时间: 1.173987s | 显存: 0.00 B

[19秒 PDE求解]
  t=19.0s - 时间: 1.945611s | 显存: 0.00 B

[PDE求解部分] 总时间: 1.945943s | 显存: 0.00 B

[本步骤总计] 时间: 9.299195s | 显存: 4.12 GB
orginal_loss:  tensor(1311.4839, device='cuda:0', grad_fn=<MseLossBackward0>)
[Step 32] Backward Propagation - Time: 0.0235s, Mem: -4413235200.00 B
x_adv.requires_grad:  True
pred_19.requires_grad, true_19.requires_grad:  True False
Autograd grad max:  tensor(0.0689, device='cuda:0')
Autograd grad min:  tensor(-0.0570, device='cuda:0')
Autograd grad mean:  tensor(0.0003, device='cuda:0')
[Step 32] PGD Update - Time: 0.0012s, Mem: 0.00 B

[Step 32] 完整步骤总时间: 9.327708s | 总显存: 0.00 B
[Step 32] 峰值显存: 6.22 GB

[Step 33] ============ 详细性能分析 ============
[模型部分] 总时间: 7.273306s | 显存: 4.12 GB

[0-9秒 PDE求解详细性能]
  t=0s - 时间: 0.000000s | 显存: 0.00 B
  t=1s - 时间: 0.477271s | 显存: 0.00 B
  t=2s - 时间: 0.604489s | 显存: 0.00 B
  t=3s - 时间: 0.690387s | 显存: 0.00 B
  t=4s - 时间: 0.773715s | 显存: 0.00 B
  t=5s - 时间: 0.786731s | 显存: 0.00 B
  t=6s - 时间: 0.828643s | 显存: 0.00 B
  t=7s - 时间: 0.927147s | 显存: 0.00 B
  t=8s - 时间: 1.059535s | 显存: 0.00 B
  t=9s - 时间: 1.104278s | 显存: 0.00 B

[19秒 PDE求解]
  t=19.0s - 时间: 1.959261s | 显存: 0.00 B

[PDE求解部分] 总时间: 1.959586s | 显存: 0.00 B

[本步骤总计] 时间: 9.232892s | 显存: 4.12 GB
orginal_loss:  tensor(1318.3354, device='cuda:0', grad_fn=<MseLossBackward0>)
[Step 33] Backward Propagation - Time: 0.0236s, Mem: -4413235200.00 B
x_adv.requires_grad:  True
pred_19.requires_grad, true_19.requires_grad:  True False
Autograd grad max:  tensor(0.0751, device='cuda:0')
Autograd grad min:  tensor(-0.0668, device='cuda:0')
Autograd grad mean:  tensor(0.0005, device='cuda:0')
[Step 33] PGD Update - Time: 0.0012s, Mem: 0.00 B

[Step 33] 完整步骤总时间: 9.261299s | 总显存: 0.00 B
[Step 33] 峰值显存: 6.22 GB

[Step 34] ============ 详细性能分析 ============
[模型部分] 总时间: 6.955172s | 显存: 4.12 GB

[0-9秒 PDE求解详细性能]
  t=0s - 时间: 0.000000s | 显存: 0.00 B
  t=1s - 时间: 0.451875s | 显存: 0.00 B
  t=2s - 时间: 0.572711s | 显存: 0.00 B
  t=3s - 时间: 0.608721s | 显存: 0.00 B
  t=4s - 时间: 0.698109s | 显存: 0.00 B
  t=5s - 时间: 0.745759s | 显存: 0.00 B
  t=6s - 时间: 0.833339s | 显存: 0.00 B
  t=7s - 时间: 0.929525s | 显存: 0.00 B
  t=8s - 时间: 0.978237s | 显存: 0.00 B
  t=9s - 时间: 1.115707s | 显存: 0.00 B

[19秒 PDE求解]
  t=19.0s - 时间: 1.999215s | 显存: 0.00 B

[PDE求解部分] 总时间: 2.001922s | 显存: 0.00 B

[本步骤总计] 时间: 8.957095s | 显存: 4.12 GB
orginal_loss:  tensor(1320.4252, device='cuda:0', grad_fn=<MseLossBackward0>)
[Step 34] Backward Propagation - Time: 0.0363s, Mem: -4413235200.00 B
x_adv.requires_grad:  True
pred_19.requires_grad, true_19.requires_grad:  True False
Autograd grad max:  tensor(0.0931, device='cuda:0')
Autograd grad min:  tensor(-0.1035, device='cuda:0')
Autograd grad mean:  tensor(0.0004, device='cuda:0')
[Step 34] PGD Update - Time: 0.0023s, Mem: 0.00 B

[Step 34] 完整步骤总时间: 9.023755s | 总显存: 0.00 B
[Step 34] 峰值显存: 6.22 GB

[Step 35] ============ 详细性能分析 ============
[模型部分] 总时间: 7.083309s | 显存: 4.12 GB

[0-9秒 PDE求解详细性能]
  t=0s - 时间: 0.000000s | 显存: 0.00 B
  t=1s - 时间: 0.487190s | 显存: 0.00 B
  t=2s - 时间: 0.574953s | 显存: 0.00 B
  t=3s - 时间: 0.647286s | 显存: 0.00 B
  t=4s - 时间: 0.645597s | 显存: 0.00 B
  t=5s - 时间: 0.728896s | 显存: 0.00 B
  t=6s - 时间: 0.870289s | 显存: 0.00 B
  t=7s - 时间: 0.942884s | 显存: 0.00 B
  t=8s - 时间: 1.022764s | 显存: 0.00 B
  t=9s - 时间: 1.139732s | 显存: 0.00 B

[19秒 PDE求解]
  t=19.0s - 时间: 1.988217s | 显存: 0.00 B

[PDE求解部分] 总时间: 1.988528s | 显存: 0.00 B

[本步骤总计] 时间: 9.071837s | 显存: 4.12 GB
orginal_loss:  tensor(1365.0142, device='cuda:0', grad_fn=<MseLossBackward0>)
[Step 35] Backward Propagation - Time: 0.0236s, Mem: -4413235200.00 B
x_adv.requires_grad:  True
pred_19.requires_grad, true_19.requires_grad:  True False
Autograd grad max:  tensor(0.1235, device='cuda:0')
Autograd grad min:  tensor(-0.1695, device='cuda:0')
Autograd grad mean:  tensor(0.0001, device='cuda:0')
[Step 35] PGD Update - Time: 0.0013s, Mem: 0.00 B

[Step 35] 完整步骤总时间: 9.100571s | 总显存: 0.00 B
[Step 35] 峰值显存: 6.22 GB

[Step 36] ============ 详细性能分析 ============
[模型部分] 总时间: 7.226227s | 显存: 4.12 GB

[0-9秒 PDE求解详细性能]
  t=0s - 时间: 0.000000s | 显存: 0.00 B
  t=1s - 时间: 0.454382s | 显存: 0.00 B
  t=2s - 时间: 0.581323s | 显存: 0.00 B
  t=3s - 时间: 0.616179s | 显存: 0.00 B
  t=4s - 时间: 0.678310s | 显存: 0.00 B
  t=5s - 时间: 0.777468s | 显存: 0.00 B
  t=6s - 时间: 0.900047s | 显存: 0.00 B
  t=7s - 时间: 0.978317s | 显存: 0.00 B
  t=8s - 时间: 1.087110s | 显存: 0.00 B
  t=9s - 时间: 1.131952s | 显存: 0.00 B

[19秒 PDE求解]
  t=19.0s - 时间: 1.974835s | 显存: 0.00 B

[PDE求解部分] 总时间: 1.975161s | 显存: 0.00 B

[本步骤总计] 时间: 9.201387s | 显存: 4.12 GB
orginal_loss:  tensor(1453.6951, device='cuda:0', grad_fn=<MseLossBackward0>)
[Step 36] Backward Propagation - Time: 0.0235s, Mem: -4413235200.00 B
x_adv.requires_grad:  True
pred_19.requires_grad, true_19.requires_grad:  True False
Autograd grad max:  tensor(0.1472, device='cuda:0')
Autograd grad min:  tensor(-0.2240, device='cuda:0')
Autograd grad mean:  tensor(-0.0004, device='cuda:0')
[Step 36] PGD Update - Time: 0.0012s, Mem: 0.00 B

[Step 36] 完整步骤总时间: 9.230083s | 总显存: 0.00 B
[Step 36] 峰值显存: 6.22 GB

[Step 37] ============ 详细性能分析 ============
[模型部分] 总时间: 7.131354s | 显存: 4.12 GB

[0-9秒 PDE求解详细性能]
  t=0s - 时间: 0.000000s | 显存: 0.00 B
  t=1s - 时间: 0.452209s | 显存: 0.00 B
  t=2s - 时间: 0.515736s | 显存: 0.00 B
  t=3s - 时间: 0.659053s | 显存: 0.00 B
  t=4s - 时间: 0.738955s | 显存: 0.00 B
  t=5s - 时间: 0.758043s | 显存: 0.00 B
  t=6s - 时间: 0.899192s | 显存: 0.00 B
  t=7s - 时间: 0.904681s | 显存: 0.00 B
  t=8s - 时间: 1.019197s | 显存: 0.00 B
  t=9s - 时间: 1.162927s | 显存: 0.00 B

[19秒 PDE求解]
  t=19.0s - 时间: 1.907019s | 显存: 0.00 B

[PDE求解部分] 总时间: 1.907381s | 显存: 0.00 B

[本步骤总计] 时间: 9.038735s | 显存: 4.12 GB
orginal_loss:  tensor(1495.2332, device='cuda:0', grad_fn=<MseLossBackward0>)
[Step 37] Backward Propagation - Time: 0.0236s, Mem: -4413235200.00 B
x_adv.requires_grad:  True
pred_19.requires_grad, true_19.requires_grad:  True False
Autograd grad max:  tensor(0.1906, device='cuda:0')
Autograd grad min:  tensor(-0.2501, device='cuda:0')
Autograd grad mean:  tensor(-0.0006, device='cuda:0')
[Step 37] PGD Update - Time: 0.0013s, Mem: 0.00 B

[Step 37] 完整步骤总时间: 9.068024s | 总显存: 0.00 B
[Step 37] 峰值显存: 6.22 GB

[Step 38] ============ 详细性能分析 ============
[模型部分] 总时间: 7.149216s | 显存: 4.12 GB

[0-9秒 PDE求解详细性能]
  t=0s - 时间: 0.000000s | 显存: 0.00 B
  t=1s - 时间: 0.435172s | 显存: 0.00 B
  t=2s - 时间: 0.578847s | 显存: 0.00 B
  t=3s - 时间: 0.600107s | 显存: 0.00 B
  t=4s - 时间: 0.682119s | 显存: 0.00 B
  t=5s - 时间: 0.876242s | 显存: 0.00 B
  t=6s - 时间: 0.847800s | 显存: 0.00 B
  t=7s - 时间: 0.946874s | 显存: 0.00 B
  t=8s - 时间: 1.063472s | 显存: 0.00 B
  t=9s - 时间: 1.096848s | 显存: 0.00 B

[19秒 PDE求解]
  t=19.0s - 时间: 1.957919s | 显存: 0.00 B

[PDE求解部分] 总时间: 1.958247s | 显存: 0.00 B

[本步骤总计] 时间: 9.107464s | 显存: 4.12 GB
orginal_loss:  tensor(1375.1078, device='cuda:0', grad_fn=<MseLossBackward0>)
[Step 38] Backward Propagation - Time: 0.0235s, Mem: -4413235200.00 B
x_adv.requires_grad:  True
pred_19.requires_grad, true_19.requires_grad:  True False
Autograd grad max:  tensor(0.2023, device='cuda:0')
Autograd grad min:  tensor(-0.2428, device='cuda:0')
Autograd grad mean:  tensor(-0.0006, device='cuda:0')
[Step 38] PGD Update - Time: 0.0013s, Mem: 0.00 B

[Step 38] 完整步骤总时间: 9.136343s | 总显存: 0.00 B
[Step 38] 峰值显存: 6.22 GB

[Step 39] ============ 详细性能分析 ============
[模型部分] 总时间: 7.033083s | 显存: 4.12 GB

[0-9秒 PDE求解详细性能]
  t=0s - 时间: 0.000000s | 显存: 0.00 B
  t=1s - 时间: 0.429185s | 显存: 0.00 B
  t=2s - 时间: 0.589925s | 显存: 0.00 B
  t=3s - 时间: 0.589002s | 显存: 0.00 B
  t=4s - 时间: 0.676559s | 显存: 0.00 B
  t=5s - 时间: 0.770390s | 显存: 0.00 B
  t=6s - 时间: 0.882250s | 显存: 0.00 B
  t=7s - 时间: 0.945201s | 显存: 0.00 B
  t=8s - 时间: 1.038633s | 显存: 0.00 B
  t=9s - 时间: 1.090831s | 显存: 0.00 B

[19秒 PDE求解]
  t=19.0s - 时间: 1.974442s | 显存: 0.00 B

[PDE求解部分] 总时间: 1.974790s | 显存: 0.00 B

[本步骤总计] 时间: 9.007873s | 显存: 4.12 GB
orginal_loss:  tensor(1138.3943, device='cuda:0', grad_fn=<MseLossBackward0>)
[Step 39] Backward Propagation - Time: 0.0234s, Mem: -4413235200.00 B
x_adv.requires_grad:  True
pred_19.requires_grad, true_19.requires_grad:  True False
Autograd grad max:  tensor(0.1868, device='cuda:0')
Autograd grad min:  tensor(-0.2050, device='cuda:0')
Autograd grad mean:  tensor(-0.0003, device='cuda:0')
[Step 39] PGD Update - Time: 0.0012s, Mem: 0.00 B

[Step 39] 完整步骤总时间: 9.036339s | 总显存: 0.00 B
[Step 39] 峰值显存: 6.22 GB

[Step 40] ============ 详细性能分析 ============
[模型部分] 总时间: 7.062775s | 显存: 4.12 GB

[0-9秒 PDE求解详细性能]
  t=0s - 时间: 0.000000s | 显存: 0.00 B
  t=1s - 时间: 0.387352s | 显存: 0.00 B
  t=2s - 时间: 0.562411s | 显存: 0.00 B
  t=3s - 时间: 0.645809s | 显存: 0.00 B
  t=4s - 时间: 0.731058s | 显存: 0.00 B
  t=5s - 时间: 0.774093s | 显存: 0.00 B
  t=6s - 时间: 0.842160s | 显存: 0.00 B
  t=7s - 时间: 0.927798s | 显存: 0.00 B
  t=8s - 时间: 1.047343s | 显存: 0.00 B
  t=9s - 时间: 1.123656s | 显存: 0.00 B

[19秒 PDE求解]
  t=19.0s - 时间: 1.902908s | 显存: 0.00 B

[PDE求解部分] 总时间: 1.903239s | 显存: 0.00 B

[本步骤总计] 时间: 8.966014s | 显存: 4.12 GB
orginal_loss:  tensor(923.9636, device='cuda:0', grad_fn=<MseLossBackward0>)
[Step 40] Backward Propagation - Time: 0.0236s, Mem: -4413235200.00 B
x_adv.requires_grad:  True
pred_19.requires_grad, true_19.requires_grad:  True False
Autograd grad max:  tensor(0.1492, device='cuda:0')
Autograd grad min:  tensor(-0.1505, device='cuda:0')
Autograd grad mean:  tensor(-2.2117e-05, device='cuda:0')
[Step 40] PGD Update - Time: 0.0012s, Mem: 0.00 B

[Step 40] 完整步骤总时间: 8.994499s | 总显存: 0.00 B
[Step 40] 峰值显存: 6.22 GB

[Step 41] ============ 详细性能分析 ============
[模型部分] 总时间: 6.962746s | 显存: 4.12 GB

[0-9秒 PDE求解详细性能]
  t=0s - 时间: 0.000000s | 显存: 0.00 B
  t=1s - 时间: 0.494458s | 显存: 0.00 B
  t=2s - 时间: 0.489620s | 显存: 0.00 B
  t=3s - 时间: 0.634834s | 显存: 0.00 B
  t=4s - 时间: 0.729312s | 显存: 0.00 B
  t=5s - 时间: 0.757433s | 显存: 0.00 B
  t=6s - 时间: 0.838609s | 显存: 0.00 B
  t=7s - 时间: 0.904671s | 显存: 0.00 B
  t=8s - 时间: 1.048493s | 显存: 0.00 B
  t=9s - 时间: 1.044159s | 显存: 0.00 B

[19秒 PDE求解]
  t=19.0s - 时间: 1.865339s | 显存: 0.00 B

[PDE求解部分] 总时间: 1.865671s | 显存: 0.00 B

[本步骤总计] 时间: 8.828418s | 显存: 4.12 GB
orginal_loss:  tensor(840.3605, device='cuda:0', grad_fn=<MseLossBackward0>)
[Step 41] Backward Propagation - Time: 0.0235s, Mem: -4413235200.00 B
x_adv.requires_grad:  True
pred_19.requires_grad, true_19.requires_grad:  True False
Autograd grad max:  tensor(0.1073, device='cuda:0')
Autograd grad min:  tensor(-0.0964, device='cuda:0')
Autograd grad mean:  tensor(0.0003, device='cuda:0')
[Step 41] PGD Update - Time: 0.0012s, Mem: 0.00 B

[Step 41] 完整步骤总时间: 8.856959s | 总显存: 0.00 B
[Step 41] 峰值显存: 6.22 GB

[Step 42] ============ 详细性能分析 ============
[模型部分] 总时间: 7.152191s | 显存: 4.12 GB

[0-9秒 PDE求解详细性能]
  t=0s - 时间: 0.000000s | 显存: 0.00 B
  t=1s - 时间: 0.431738s | 显存: 0.00 B
  t=2s - 时间: 0.529012s | 显存: 0.00 B
  t=3s - 时间: 0.630402s | 显存: 0.00 B
  t=4s - 时间: 0.701713s | 显存: 0.00 B
  t=5s - 时间: 0.781182s | 显存: 0.00 B
  t=6s - 时间: 0.932094s | 显存: 0.00 B
  t=7s - 时间: 1.012770s | 显存: 0.00 B
  t=8s - 时间: 1.060660s | 显存: 0.00 B
  t=9s - 时间: 1.051509s | 显存: 0.00 B

[19秒 PDE求解]
  t=19.0s - 时间: 1.921401s | 显存: 0.00 B

[PDE求解部分] 总时间: 1.921730s | 显存: 0.00 B

[本步骤总计] 时间: 9.073921s | 显存: 4.12 GB
orginal_loss:  tensor(906.8707, device='cuda:0', grad_fn=<MseLossBackward0>)
[Step 42] Backward Propagation - Time: 0.0236s, Mem: -4413235200.00 B
x_adv.requires_grad:  True
pred_19.requires_grad, true_19.requires_grad:  True False
Autograd grad max:  tensor(0.1153, device='cuda:0')
Autograd grad min:  tensor(-0.1038, device='cuda:0')
Autograd grad mean:  tensor(0.0005, device='cuda:0')
[Step 42] PGD Update - Time: 0.0012s, Mem: 0.00 B

[Step 42] 完整步骤总时间: 9.102399s | 总显存: 0.00 B
[Step 42] 峰值显存: 6.22 GB

[Step 43] ============ 详细性能分析 ============
[模型部分] 总时间: 7.114526s | 显存: 4.12 GB

[0-9秒 PDE求解详细性能]
  t=0s - 时间: 0.000000s | 显存: 0.00 B
  t=1s - 时间: 0.424636s | 显存: 0.00 B
  t=2s - 时间: 0.572511s | 显存: 0.00 B
  t=3s - 时间: 0.591819s | 显存: 0.00 B
  t=4s - 时间: 0.675795s | 显存: 0.00 B
  t=5s - 时间: 0.734676s | 显存: 0.00 B
  t=6s - 时间: 0.913561s | 显存: 0.00 B
  t=7s - 时间: 0.988480s | 显存: 0.00 B
  t=8s - 时间: 1.081287s | 显存: 0.00 B
  t=9s - 时间: 1.110389s | 显存: 0.00 B

[19秒 PDE求解]
  t=19.0s - 时间: 1.967024s | 显存: 0.00 B

[PDE求解部分] 总时间: 1.967409s | 显存: 0.00 B

[本步骤总计] 时间: 9.081935s | 显存: 4.12 GB
orginal_loss:  tensor(999.3018, device='cuda:0', grad_fn=<MseLossBackward0>)
[Step 43] Backward Propagation - Time: 0.0237s, Mem: -4413235200.00 B
x_adv.requires_grad:  True
pred_19.requires_grad, true_19.requires_grad:  True False
Autograd grad max:  tensor(0.1418, device='cuda:0')
Autograd grad min:  tensor(-0.1073, device='cuda:0')
Autograd grad mean:  tensor(0.0006, device='cuda:0')
[Step 43] PGD Update - Time: 0.0013s, Mem: 0.00 B

[Step 43] 完整步骤总时间: 9.111585s | 总显存: 0.00 B
[Step 43] 峰值显存: 6.22 GB

[Step 44] ============ 详细性能分析 ============
[模型部分] 总时间: 7.189867s | 显存: 4.12 GB

[0-9秒 PDE求解详细性能]
  t=0s - 时间: 0.000000s | 显存: 0.00 B
  t=1s - 时间: 0.456613s | 显存: 0.00 B
  t=2s - 时间: 0.599483s | 显存: 0.00 B
  t=3s - 时间: 0.700199s | 显存: 0.00 B
  t=4s - 时间: 0.722138s | 显存: 0.00 B
  t=5s - 时间: 0.798463s | 显存: 0.00 B
  t=6s - 时间: 0.926074s | 显存: 0.00 B
  t=7s - 时间: 0.927971s | 显存: 0.00 B
  t=8s - 时间: 0.974044s | 显存: 0.00 B
  t=9s - 时间: 1.063239s | 显存: 0.00 B

[19秒 PDE求解]
  t=19.0s - 时间: 1.893364s | 显存: 0.00 B

[PDE求解部分] 总时间: 1.893702s | 显存: 0.00 B

[本步骤总计] 时间: 9.083568s | 显存: 4.12 GB
orginal_loss:  tensor(1070.0272, device='cuda:0', grad_fn=<MseLossBackward0>)
[Step 44] Backward Propagation - Time: 0.0236s, Mem: -4413235200.00 B
x_adv.requires_grad:  True
pred_19.requires_grad, true_19.requires_grad:  True False
Autograd grad max:  tensor(0.1591, device='cuda:0')
Autograd grad min:  tensor(-0.1089, device='cuda:0')
Autograd grad mean:  tensor(0.0008, device='cuda:0')
[Step 44] PGD Update - Time: 0.0012s, Mem: 0.00 B

[Step 44] 完整步骤总时间: 9.112466s | 总显存: 0.00 B
[Step 44] 峰值显存: 6.22 GB

[Step 45] ============ 详细性能分析 ============
[模型部分] 总时间: 7.229555s | 显存: 4.12 GB

[0-9秒 PDE求解详细性能]
  t=0s - 时间: 0.000000s | 显存: 0.00 B
  t=1s - 时间: 0.425806s | 显存: 0.00 B
  t=2s - 时间: 0.617898s | 显存: 0.00 B
  t=3s - 时间: 0.646359s | 显存: 0.00 B
  t=4s - 时间: 0.724987s | 显存: 0.00 B
  t=5s - 时间: 0.765896s | 显存: 0.00 B
  t=6s - 时间: 0.932160s | 显存: 0.00 B
  t=7s - 时间: 0.934579s | 显存: 0.00 B
  t=8s - 时间: 1.039794s | 显存: 0.00 B
  t=9s - 时间: 1.120873s | 显存: 0.00 B

[19秒 PDE求解]
  t=19.0s - 时间: 1.975519s | 显存: 0.00 B

[PDE求解部分] 总时间: 1.975838s | 显存: 0.00 B

[本步骤总计] 时间: 9.205394s | 显存: 4.12 GB
orginal_loss:  tensor(1131.1934, device='cuda:0', grad_fn=<MseLossBackward0>)
[Step 45] Backward Propagation - Time: 0.0235s, Mem: -4413235200.00 B
x_adv.requires_grad:  True
pred_19.requires_grad, true_19.requires_grad:  True False
Autograd grad max:  tensor(0.1680, device='cuda:0')
Autograd grad min:  tensor(-0.1175, device='cuda:0')
Autograd grad mean:  tensor(0.0008, device='cuda:0')
[Step 45] PGD Update - Time: 0.0012s, Mem: 0.00 B

[Step 45] 完整步骤总时间: 9.235558s | 总显存: 0.00 B
[Step 45] 峰值显存: 6.22 GB

[Step 46] ============ 详细性能分析 ============
[模型部分] 总时间: 6.997941s | 显存: 4.12 GB

[0-9秒 PDE求解详细性能]
  t=0s - 时间: 0.000000s | 显存: 0.00 B
  t=1s - 时间: 0.434785s | 显存: 0.00 B
  t=2s - 时间: 0.599771s | 显存: 0.00 B
  t=3s - 时间: 0.680581s | 显存: 0.00 B
  t=4s - 时间: 0.752725s | 显存: 0.00 B
  t=5s - 时间: 0.736424s | 显存: 0.00 B
  t=6s - 时间: 0.838467s | 显存: 0.00 B
  t=7s - 时间: 0.891844s | 显存: 0.00 B
  t=8s - 时间: 0.983107s | 显存: 0.00 B
  t=9s - 时间: 1.059088s | 显存: 0.00 B

[19秒 PDE求解]
  t=19.0s - 时间: 1.940456s | 显存: 0.00 B

[PDE求解部分] 总时间: 1.940789s | 显存: 0.00 B

[本步骤总计] 时间: 8.938729s | 显存: 4.12 GB
orginal_loss:  tensor(1209.8486, device='cuda:0', grad_fn=<MseLossBackward0>)
[Step 46] Backward Propagation - Time: 0.0235s, Mem: -4413235200.00 B
x_adv.requires_grad:  True
pred_19.requires_grad, true_19.requires_grad:  True False
Autograd grad max:  tensor(0.1684, device='cuda:0')
Autograd grad min:  tensor(-0.1247, device='cuda:0')
Autograd grad mean:  tensor(0.0009, device='cuda:0')
[Step 46] PGD Update - Time: 0.0012s, Mem: 0.00 B

[Step 46] 完整步骤总时间: 8.967115s | 总显存: 0.00 B
[Step 46] 峰值显存: 6.22 GB

[Step 47] ============ 详细性能分析 ============
[模型部分] 总时间: 7.278677s | 显存: 4.12 GB

[0-9秒 PDE求解详细性能]
  t=0s - 时间: 0.000000s | 显存: 0.00 B
  t=1s - 时间: 0.436122s | 显存: 0.00 B
  t=2s - 时间: 0.603001s | 显存: 0.00 B
  t=3s - 时间: 0.712438s | 显存: 0.00 B
  t=4s - 时间: 0.768803s | 显存: 0.00 B
  t=5s - 时间: 0.783831s | 显存: 0.00 B
  t=6s - 时间: 0.858426s | 显存: 0.00 B
  t=7s - 时间: 0.919515s | 显存: 0.00 B
  t=8s - 时间: 1.006784s | 显存: 0.00 B
  t=9s - 时间: 1.168695s | 显存: 0.00 B

[19秒 PDE求解]
  t=19.0s - 时间: 1.905322s | 显存: 0.00 B

[PDE求解部分] 总时间: 1.905637s | 显存: 0.00 B

[本步骤总计] 时间: 9.184314s | 显存: 4.12 GB
orginal_loss:  tensor(1320.1151, device='cuda:0', grad_fn=<MseLossBackward0>)
[Step 47] Backward Propagation - Time: 0.0236s, Mem: -4413235200.00 B
x_adv.requires_grad:  True
pred_19.requires_grad, true_19.requires_grad:  True False
Autograd grad max:  tensor(0.1589, device='cuda:0')
Autograd grad min:  tensor(-0.1306, device='cuda:0')
Autograd grad mean:  tensor(0.0010, device='cuda:0')
[Step 47] PGD Update - Time: 0.0012s, Mem: 0.00 B

[Step 47] 完整步骤总时间: 9.212865s | 总显存: 0.00 B
[Step 47] 峰值显存: 6.22 GB

[Step 48] ============ 详细性能分析 ============
[模型部分] 总时间: 7.142375s | 显存: 4.12 GB

[0-9秒 PDE求解详细性能]
  t=0s - 时间: 0.000000s | 显存: 0.00 B
  t=1s - 时间: 0.437817s | 显存: 0.00 B
  t=2s - 时间: 0.580977s | 显存: 0.00 B
  t=3s - 时间: 0.679902s | 显存: 0.00 B
  t=4s - 时间: 0.760558s | 显存: 0.00 B
  t=5s - 时间: 0.753693s | 显存: 0.00 B
  t=6s - 时间: 0.866349s | 显存: 0.00 B
  t=7s - 时间: 0.993867s | 显存: 0.00 B
  t=8s - 时间: 1.001894s | 显存: 0.00 B
  t=9s - 时间: 1.046277s | 显存: 0.00 B

[19秒 PDE求解]
  t=19.0s - 时间: 2.029194s | 显存: 0.00 B

[PDE求解部分] 总时间: 2.029511s | 显存: 0.00 B

[本步骤总计] 时间: 9.171885s | 显存: 4.12 GB
orginal_loss:  tensor(1436.5020, device='cuda:0', grad_fn=<MseLossBackward0>)
[Step 48] Backward Propagation - Time: 0.0235s, Mem: -4413235200.00 B
x_adv.requires_grad:  True
pred_19.requires_grad, true_19.requires_grad:  True False
Autograd grad max:  tensor(0.1356, device='cuda:0')
Autograd grad min:  tensor(-0.1347, device='cuda:0')
Autograd grad mean:  tensor(0.0010, device='cuda:0')
[Step 48] PGD Update - Time: 0.0012s, Mem: 0.00 B

[Step 48] 完整步骤总时间: 9.200242s | 总显存: 0.00 B
[Step 48] 峰值显存: 6.22 GB

[Step 49] ============ 详细性能分析 ============
[模型部分] 总时间: 7.387425s | 显存: 4.12 GB

[0-9秒 PDE求解详细性能]
  t=0s - 时间: 0.000000s | 显存: 0.00 B
  t=1s - 时间: 0.516465s | 显存: 0.00 B
  t=2s - 时间: 0.609459s | 显存: 0.00 B
  t=3s - 时间: 0.684802s | 显存: 0.00 B
  t=4s - 时间: 0.653718s | 显存: 0.00 B
  t=5s - 时间: 0.772144s | 显存: 0.00 B
  t=6s - 时间: 0.922586s | 显存: 0.00 B
  t=7s - 时间: 0.995286s | 显存: 0.00 B
  t=8s - 时间: 1.093063s | 显存: 0.00 B
  t=9s - 时间: 1.118724s | 显存: 0.00 B

[19秒 PDE求解]
  t=19.0s - 时间: 1.989555s | 显存: 0.00 B

[PDE求解部分] 总时间: 1.989865s | 显存: 0.00 B

[本步骤总计] 时间: 9.377290s | 显存: 4.12 GB
orginal_loss:  tensor(1454.3982, device='cuda:0', grad_fn=<MseLossBackward0>)
[Step 49] Backward Propagation - Time: 0.0235s, Mem: -4413235200.00 B
x_adv.requires_grad:  True
pred_19.requires_grad, true_19.requires_grad:  True False
Autograd grad max:  tensor(0.0968, device='cuda:0')
Autograd grad min:  tensor(-0.1294, device='cuda:0')
Autograd grad mean:  tensor(0.0011, device='cuda:0')
[Step 49] PGD Update - Time: 0.0012s, Mem: 0.00 B

[Step 49] 完整步骤总时间: 9.405523s | 总显存: 0.00 B
[Step 49] 峰值显存: 6.22 GB

[Step 50] ============ 详细性能分析 ============
[模型部分] 总时间: 7.173715s | 显存: 4.12 GB

[0-9秒 PDE求解详细性能]
  t=0s - 时间: 0.000000s | 显存: 0.00 B
  t=1s - 时间: 0.464289s | 显存: 0.00 B
  t=2s - 时间: 0.494374s | 显存: 0.00 B
  t=3s - 时间: 0.585298s | 显存: 0.00 B
  t=4s - 时间: 0.724941s | 显存: 0.00 B
  t=5s - 时间: 0.816360s | 显存: 0.00 B
  t=6s - 时间: 0.934887s | 显存: 0.00 B
  t=7s - 时间: 0.938793s | 显存: 0.00 B
  t=8s - 时间: 1.103345s | 显存: 0.00 B
  t=9s - 时间: 1.089995s | 显存: 0.00 B

[19秒 PDE求解]
  t=19.0s - 时间: 1.887218s | 显存: 0.00 B

[PDE求解部分] 总时间: 1.887567s | 显存: 0.00 B

[本步骤总计] 时间: 9.061283s | 显存: 4.12 GB
orginal_loss:  tensor(1295.7666, device='cuda:0', grad_fn=<MseLossBackward0>)
[Step 50] Backward Propagation - Time: 0.0235s, Mem: -4413235200.00 B
x_adv.requires_grad:  True
pred_19.requires_grad, true_19.requires_grad:  True False
Autograd grad max:  tensor(0.1039, device='cuda:0')
Autograd grad min:  tensor(-0.1021, device='cuda:0')
Autograd grad mean:  tensor(0.0012, device='cuda:0')
[Step 50] PGD Update - Time: 0.0013s, Mem: 0.00 B

[Step 50] 完整步骤总时间: 9.090815s | 总显存: 0.00 B
[Step 50] 峰值显存: 6.22 GB

[Step 51] ============ 详细性能分析 ============
[模型部分] 总时间: 7.401361s | 显存: 4.12 GB

[0-9秒 PDE求解详细性能]
  t=0s - 时间: 0.000000s | 显存: 0.00 B
  t=1s - 时间: 0.436574s | 显存: 0.00 B
  t=2s - 时间: 0.572967s | 显存: 0.00 B
  t=3s - 时间: 0.709808s | 显存: 0.00 B
  t=4s - 时间: 0.766244s | 显存: 0.00 B
  t=5s - 时间: 0.816374s | 显存: 0.00 B
  t=6s - 时间: 0.913990s | 显存: 0.00 B
  t=7s - 时间: 1.044602s | 显存: 0.00 B
  t=8s - 时间: 1.048986s | 显存: 0.00 B
  t=9s - 时间: 1.070084s | 显存: 0.00 B

[19秒 PDE求解]
  t=19.0s - 时间: 2.153635s | 显存: 0.00 B

[PDE求解部分] 总时间: 2.153957s | 显存: 0.00 B

[本步骤总计] 时间: 9.555318s | 显存: 4.12 GB
orginal_loss:  tensor(1322.0482, device='cuda:0', grad_fn=<MseLossBackward0>)
[Step 51] Backward Propagation - Time: 0.0821s, Mem: -4413235200.00 B
x_adv.requires_grad:  True
pred_19.requires_grad, true_19.requires_grad:  True False
Autograd grad max:  tensor(0.1102, device='cuda:0')
Autograd grad min:  tensor(-0.1263, device='cuda:0')
Autograd grad mean:  tensor(0.0006, device='cuda:0')
[Step 51] PGD Update - Time: 0.0012s, Mem: 0.00 B

[Step 51] 完整步骤总时间: 9.642881s | 总显存: 0.00 B
[Step 51] 峰值显存: 6.22 GB

[Step 52] ============ 详细性能分析 ============
[模型部分] 总时间: 7.279434s | 显存: 4.12 GB

[0-9秒 PDE求解详细性能]
  t=0s - 时间: 0.000000s | 显存: 0.00 B
  t=1s - 时间: 0.532786s | 显存: 0.00 B
  t=2s - 时间: 0.557487s | 显存: 0.00 B
  t=3s - 时间: 0.574019s | 显存: 0.00 B
  t=4s - 时间: 0.716094s | 显存: 0.00 B
  t=5s - 时间: 0.789814s | 显存: 0.00 B
  t=6s - 时间: 0.944113s | 显存: 0.00 B
  t=7s - 时间: 0.965943s | 显存: 0.00 B
  t=8s - 时间: 1.014027s | 显存: 0.00 B
  t=9s - 时间: 1.163971s | 显存: 0.00 B

[19秒 PDE求解]
  t=19.0s - 时间: 1.893481s | 显存: 0.00 B

[PDE求解部分] 总时间: 1.893791s | 显存: 0.00 B

[本步骤总计] 时间: 9.173225s | 显存: 4.12 GB
orginal_loss:  tensor(1449.7241, device='cuda:0', grad_fn=<MseLossBackward0>)
[Step 52] Backward Propagation - Time: 0.0236s, Mem: -4413235200.00 B
x_adv.requires_grad:  True
pred_19.requires_grad, true_19.requires_grad:  True False
Autograd grad max:  tensor(0.1390, device='cuda:0')
Autograd grad min:  tensor(-0.1413, device='cuda:0')
Autograd grad mean:  tensor(-0.0001, device='cuda:0')
[Step 52] PGD Update - Time: 0.0011s, Mem: 0.00 B

[Step 52] 完整步骤总时间: 9.201619s | 总显存: 0.00 B
[Step 52] 峰值显存: 6.22 GB

[Step 53] ============ 详细性能分析 ============
[模型部分] 总时间: 8.379358s | 显存: 4.12 GB

[0-9秒 PDE求解详细性能]
  t=0s - 时间: 0.000000s | 显存: 0.00 B
  t=1s - 时间: 0.493654s | 显存: 0.00 B
  t=2s - 时间: 0.527264s | 显存: 0.00 B
  t=3s - 时间: 0.582798s | 显存: 0.00 B
  t=4s - 时间: 0.728083s | 显存: 0.00 B
  t=5s - 时间: 2.003595s | 显存: 0.00 B
  t=6s - 时间: 0.928364s | 显存: 0.00 B
  t=7s - 时间: 1.017300s | 显存: 0.00 B
  t=8s - 时间: 1.001074s | 显存: 0.00 B
  t=9s - 时间: 1.076030s | 显存: 0.00 B

[19秒 PDE求解]
  t=19.0s - 时间: 1.954084s | 显存: 0.00 B

[PDE求解部分] 总时间: 1.954408s | 显存: 0.00 B

[本步骤总计] 时间: 10.333766s | 显存: 4.12 GB
orginal_loss:  tensor(1480.8193, device='cuda:0', grad_fn=<MseLossBackward0>)
[Step 53] Backward Propagation - Time: 0.0235s, Mem: -4413235200.00 B
x_adv.requires_grad:  True
pred_19.requires_grad, true_19.requires_grad:  True False
Autograd grad max:  tensor(0.1354, device='cuda:0')
Autograd grad min:  tensor(-0.1272, device='cuda:0')
Autograd grad mean:  tensor(-0.0003, device='cuda:0')
[Step 53] PGD Update - Time: 0.0012s, Mem: 0.00 B

[Step 53] 完整步骤总时间: 10.362125s | 总显存: 0.00 B
[Step 53] 峰值显存: 6.22 GB

[Step 54] ============ 详细性能分析 ============
[模型部分] 总时间: 7.225209s | 显存: 4.12 GB

[0-9秒 PDE求解详细性能]
  t=0s - 时间: 0.000000s | 显存: 0.00 B
  t=1s - 时间: 0.455206s | 显存: 0.00 B
  t=2s - 时间: 0.581437s | 显存: 0.00 B
  t=3s - 时间: 0.600138s | 显存: 0.00 B
  t=4s - 时间: 0.683346s | 显存: 0.00 B
  t=5s - 时间: 0.758364s | 显存: 0.00 B
  t=6s - 时间: 0.886767s | 显存: 0.00 B
  t=7s - 时间: 0.987784s | 显存: 0.00 B
  t=8s - 时间: 1.093890s | 显存: 0.00 B
  t=9s - 时间: 1.157092s | 显存: 0.00 B

[19秒 PDE求解]
  t=19.0s - 时间: 2.010036s | 显存: 0.00 B

[PDE求解部分] 总时间: 2.010359s | 显存: 0.00 B

[本步骤总计] 时间: 9.235568s | 显存: 4.12 GB
orginal_loss:  tensor(1480.7938, device='cuda:0', grad_fn=<MseLossBackward0>)
[Step 54] Backward Propagation - Time: 0.0235s, Mem: -4413235200.00 B
x_adv.requires_grad:  True
pred_19.requires_grad, true_19.requires_grad:  True False
Autograd grad max:  tensor(0.1202, device='cuda:0')
Autograd grad min:  tensor(-0.1057, device='cuda:0')
Autograd grad mean:  tensor(-0.0004, device='cuda:0')
[Step 54] PGD Update - Time: 0.0012s, Mem: 0.00 B

[Step 54] 完整步骤总时间: 9.263984s | 总显存: 0.00 B
[Step 54] 峰值显存: 6.22 GB

[Step 55] ============ 详细性能分析 ============
[模型部分] 总时间: 7.099069s | 显存: 4.12 GB

[0-9秒 PDE求解详细性能]
  t=0s - 时间: 0.000000s | 显存: 0.00 B
  t=1s - 时间: 0.454502s | 显存: 0.00 B
  t=2s - 时间: 0.511735s | 显存: 0.00 B
  t=3s - 时间: 0.568361s | 显存: 0.00 B
  t=4s - 时间: 0.710545s | 显存: 0.00 B
  t=5s - 时间: 0.785369s | 显存: 0.00 B
  t=6s - 时间: 0.923583s | 显存: 0.00 B
  t=7s - 时间: 0.944219s | 显存: 0.00 B
  t=8s - 时间: 1.091388s | 显存: 0.00 B
  t=9s - 时间: 1.088278s | 显存: 0.00 B

[19秒 PDE求解]
  t=19.0s - 时间: 2.010148s | 显存: 0.00 B

[PDE求解部分] 总时间: 2.010482s | 显存: 0.00 B

[本步骤总计] 时间: 9.109552s | 显存: 4.12 GB
orginal_loss:  tensor(1467.1953, device='cuda:0', grad_fn=<MseLossBackward0>)
[Step 55] Backward Propagation - Time: 0.0234s, Mem: -4413235200.00 B
x_adv.requires_grad:  True
pred_19.requires_grad, true_19.requires_grad:  True False
Autograd grad max:  tensor(0.1357, device='cuda:0')
Autograd grad min:  tensor(-0.1320, device='cuda:0')
Autograd grad mean:  tensor(-0.0003, device='cuda:0')
[Step 55] PGD Update - Time: 0.0012s, Mem: 0.00 B

[Step 55] 完整步骤总时间: 9.138038s | 总显存: 0.00 B
[Step 55] 峰值显存: 6.22 GB

[Step 56] ============ 详细性能分析 ============
[模型部分] 总时间: 7.266000s | 显存: 4.12 GB

[0-9秒 PDE求解详细性能]
  t=0s - 时间: 0.000000s | 显存: 0.00 B
  t=1s - 时间: 0.408209s | 显存: 0.00 B
  t=2s - 时间: 0.628203s | 显存: 0.00 B
  t=3s - 时间: 0.641620s | 显存: 0.00 B
  t=4s - 时间: 0.789400s | 显存: 0.00 B
  t=5s - 时间: 0.834658s | 显存: 0.00 B
  t=6s - 时间: 0.857649s | 显存: 0.00 B
  t=7s - 时间: 0.969302s | 显存: 0.00 B
  t=8s - 时间: 1.012841s | 显存: 0.00 B
  t=9s - 时间: 1.102922s | 显存: 0.00 B

[19秒 PDE求解]
  t=19.0s - 时间: 1.982247s | 显存: 0.00 B

[PDE求解部分] 总时间: 1.982671s | 显存: 0.00 B

[本步骤总计] 时间: 9.248671s | 显存: 4.12 GB
orginal_loss:  tensor(1356.3844, device='cuda:0', grad_fn=<MseLossBackward0>)
[Step 56] Backward Propagation - Time: 0.0242s, Mem: -4413235200.00 B
x_adv.requires_grad:  True
pred_19.requires_grad, true_19.requires_grad:  True False
Autograd grad max:  tensor(0.1603, device='cuda:0')
Autograd grad min:  tensor(-0.1685, device='cuda:0')
Autograd grad mean:  tensor(-0.0002, device='cuda:0')
[Step 56] PGD Update - Time: 0.0013s, Mem: 0.00 B

[Step 56] 完整步骤总时间: 9.278861s | 总显存: 0.00 B
[Step 56] 峰值显存: 6.22 GB

[Step 57] ============ 详细性能分析 ============
[模型部分] 总时间: 7.348242s | 显存: 4.12 GB

[0-9秒 PDE求解详细性能]
  t=0s - 时间: 0.000000s | 显存: 0.00 B
  t=1s - 时间: 0.496017s | 显存: 0.00 B
  t=2s - 时间: 0.630385s | 显存: 0.00 B
  t=3s - 时间: 0.693076s | 显存: 0.00 B
  t=4s - 时间: 0.701353s | 显存: 0.00 B
  t=5s - 时间: 0.837856s | 显存: 0.00 B
  t=6s - 时间: 0.863299s | 显存: 0.00 B
  t=7s - 时间: 0.963298s | 显存: 0.00 B
  t=8s - 时间: 1.040974s | 显存: 0.00 B
  t=9s - 时间: 1.100379s | 显存: 0.00 B

[19秒 PDE求解]
  t=19.0s - 时间: 1.984532s | 显存: 0.00 B

[PDE求解部分] 总时间: 1.984857s | 显存: 0.00 B

[本步骤总计] 时间: 9.333099s | 显存: 4.12 GB
orginal_loss:  tensor(1141.0637, device='cuda:0', grad_fn=<MseLossBackward0>)
[Step 57] Backward Propagation - Time: 0.0237s, Mem: -4413235200.00 B
x_adv.requires_grad:  True
pred_19.requires_grad, true_19.requires_grad:  True False
Autograd grad max:  tensor(0.1489, device='cuda:0')
Autograd grad min:  tensor(-0.1777, device='cuda:0')
Autograd grad mean:  tensor(-7.3525e-05, device='cuda:0')
[Step 57] PGD Update - Time: 0.0013s, Mem: 0.00 B

[Step 57] 完整步骤总时间: 9.362115s | 总显存: 0.00 B
[Step 57] 峰值显存: 6.22 GB

[Step 58] ============ 详细性能分析 ============
[模型部分] 总时间: 7.242916s | 显存: 4.12 GB

[0-9秒 PDE求解详细性能]
  t=0s - 时间: 0.000000s | 显存: 0.00 B
  t=1s - 时间: 0.446645s | 显存: 0.00 B
  t=2s - 时间: 0.606784s | 显存: 0.00 B
  t=3s - 时间: 0.590689s | 显存: 0.00 B
  t=4s - 时间: 0.730166s | 显存: 0.00 B
  t=5s - 时间: 0.789706s | 显存: 0.00 B
  t=6s - 时间: 0.921917s | 显存: 0.00 B
  t=7s - 时间: 0.989733s | 显存: 0.00 B
  t=8s - 时间: 1.005938s | 显存: 0.00 B
  t=9s - 时间: 1.140017s | 显存: 0.00 B

[19秒 PDE求解]
  t=19.0s - 时间: 1.923076s | 显存: 0.00 B

[PDE求解部分] 总时间: 1.923401s | 显存: 0.00 B

[本步骤总计] 时间: 9.166317s | 显存: 4.12 GB
orginal_loss:  tensor(1061.5891, device='cuda:0', grad_fn=<MseLossBackward0>)
[Step 58] Backward Propagation - Time: 0.0235s, Mem: -4413235200.00 B
x_adv.requires_grad:  True
pred_19.requires_grad, true_19.requires_grad:  True False
Autograd grad max:  tensor(0.1609, device='cuda:0')
Autograd grad min:  tensor(-0.1770, device='cuda:0')
Autograd grad mean:  tensor(0.0003, device='cuda:0')
[Step 58] PGD Update - Time: 0.0012s, Mem: 0.00 B

[Step 58] 完整步骤总时间: 9.194736s | 总显存: 0.00 B
[Step 58] 峰值显存: 6.22 GB

[Step 59] ============ 详细性能分析 ============
[模型部分] 总时间: 6.944275s | 显存: 4.12 GB

[0-9秒 PDE求解详细性能]
  t=0s - 时间: 0.000000s | 显存: 0.00 B
  t=1s - 时间: 0.470606s | 显存: 0.00 B
  t=2s - 时间: 0.507213s | 显存: 0.00 B
  t=3s - 时间: 0.594198s | 显存: 0.00 B
  t=4s - 时间: 0.717695s | 显存: 0.00 B
  t=5s - 时间: 0.750774s | 显存: 0.00 B
  t=6s - 时间: 0.869434s | 显存: 0.00 B
  t=7s - 时间: 0.911889s | 显存: 0.00 B
  t=8s - 时间: 0.996740s | 显存: 0.00 B
  t=9s - 时间: 1.104563s | 显存: 0.00 B

[19秒 PDE求解]
  t=19.0s - 时间: 1.953709s | 显存: 0.00 B

[PDE求解部分] 总时间: 1.954020s | 显存: 0.00 B

[本步骤总计] 时间: 8.898295s | 显存: 4.12 GB
orginal_loss:  tensor(1190.9110, device='cuda:0', grad_fn=<MseLossBackward0>)
[Step 59] Backward Propagation - Time: 0.0235s, Mem: -4413235200.00 B
x_adv.requires_grad:  True
pred_19.requires_grad, true_19.requires_grad:  True False
Autograd grad max:  tensor(0.1986, device='cuda:0')
Autograd grad min:  tensor(-0.1680, device='cuda:0')
Autograd grad mean:  tensor(0.0008, device='cuda:0')
[Step 59] PGD Update - Time: 0.0012s, Mem: 0.00 B

[Step 59] 完整步骤总时间: 8.926722s | 总显存: 0.00 B
[Step 59] 峰值显存: 6.22 GB

[Step 60] ============ 详细性能分析 ============
[模型部分] 总时间: 7.005228s | 显存: 4.12 GB

[0-9秒 PDE求解详细性能]
  t=0s - 时间: 0.000000s | 显存: 0.00 B
  t=1s - 时间: 0.401714s | 显存: 0.00 B
  t=2s - 时间: 0.475452s | 显存: 0.00 B
  t=3s - 时间: 0.597439s | 显存: 0.00 B
  t=4s - 时间: 0.709044s | 显存: 0.00 B
  t=5s - 时间: 0.727696s | 显存: 0.00 B
  t=6s - 时间: 0.844221s | 显存: 0.00 B
  t=7s - 时间: 0.931603s | 显存: 0.00 B
  t=8s - 时间: 1.075288s | 显存: 0.00 B
  t=9s - 时间: 1.221650s | 显存: 0.00 B

[19秒 PDE求解]
  t=19.0s - 时间: 1.951208s | 显存: 0.00 B

[PDE求解部分] 总时间: 1.951526s | 显存: 0.00 B

[本步骤总计] 时间: 8.956754s | 显存: 4.12 GB
orginal_loss:  tensor(1256.0938, device='cuda:0', grad_fn=<MseLossBackward0>)
[Step 60] Backward Propagation - Time: 0.0235s, Mem: -4413235200.00 B
x_adv.requires_grad:  True
pred_19.requires_grad, true_19.requires_grad:  True False
Autograd grad max:  tensor(0.2079, device='cuda:0')
Autograd grad min:  tensor(-0.1515, device='cuda:0')
Autograd grad mean:  tensor(0.0010, device='cuda:0')
[Step 60] PGD Update - Time: 0.0012s, Mem: 0.00 B

[Step 60] 完整步骤总时间: 8.985201s | 总显存: 0.00 B
[Step 60] 峰值显存: 6.22 GB

[Step 61] ============ 详细性能分析 ============
[模型部分] 总时间: 7.363535s | 显存: 4.12 GB

[0-9秒 PDE求解详细性能]
  t=0s - 时间: 0.000000s | 显存: 0.00 B
  t=1s - 时间: 0.446690s | 显存: 0.00 B
  t=2s - 时间: 0.609656s | 显存: 0.00 B
  t=3s - 时间: 0.589431s | 显存: 0.00 B
  t=4s - 时间: 0.712287s | 显存: 0.00 B
  t=5s - 时间: 0.857569s | 显存: 0.00 B
  t=6s - 时间: 0.877506s | 显存: 0.00 B
  t=7s - 时间: 0.995753s | 显存: 0.00 B
  t=8s - 时间: 1.050311s | 显存: 0.00 B
  t=9s - 时间: 1.203246s | 显存: 0.00 B

[19秒 PDE求解]
  t=19.0s - 时间: 1.945057s | 显存: 0.00 B

[PDE求解部分] 总时间: 1.945380s | 显存: 0.00 B

[本步骤总计] 时间: 9.308915s | 显存: 4.12 GB
orginal_loss:  tensor(1274.5791, device='cuda:0', grad_fn=<MseLossBackward0>)
[Step 61] Backward Propagation - Time: 0.0235s, Mem: -4413235200.00 B
x_adv.requires_grad:  True
pred_19.requires_grad, true_19.requires_grad:  True False
Autograd grad max:  tensor(0.2041, device='cuda:0')
Autograd grad min:  tensor(-0.1350, device='cuda:0')
Autograd grad mean:  tensor(0.0011, device='cuda:0')
[Step 61] PGD Update - Time: 0.0012s, Mem: 0.00 B

[Step 61] 完整步骤总时间: 9.337402s | 总显存: 0.00 B
[Step 61] 峰值显存: 6.22 GB

[Step 62] ============ 详细性能分析 ============
[模型部分] 总时间: 7.210199s | 显存: 4.12 GB

[0-9秒 PDE求解详细性能]
  t=0s - 时间: 0.000000s | 显存: 0.00 B
  t=1s - 时间: 0.460217s | 显存: 0.00 B
  t=2s - 时间: 0.576396s | 显存: 0.00 B
  t=3s - 时间: 0.606349s | 显存: 0.00 B
  t=4s - 时间: 0.698232s | 显存: 0.00 B
  t=5s - 时间: 0.871972s | 显存: 0.00 B
  t=6s - 时间: 0.888324s | 显存: 0.00 B
  t=7s - 时间: 0.947400s | 显存: 0.00 B
  t=8s - 时间: 1.005028s | 显存: 0.00 B
  t=9s - 时间: 1.135089s | 显存: 0.00 B

[19秒 PDE求解]
  t=19.0s - 时间: 1.986380s | 显存: 0.00 B

[PDE求解部分] 总时间: 1.986702s | 显存: 0.00 B

[本步骤总计] 时间: 9.196902s | 显存: 4.12 GB
orginal_loss:  tensor(1299.5721, device='cuda:0', grad_fn=<MseLossBackward0>)
[Step 62] Backward Propagation - Time: 0.0235s, Mem: -4413235200.00 B
x_adv.requires_grad:  True
pred_19.requires_grad, true_19.requires_grad:  True False
Autograd grad max:  tensor(0.1947, device='cuda:0')
Autograd grad min:  tensor(-0.1320, device='cuda:0')
Autograd grad mean:  tensor(0.0010, device='cuda:0')
[Step 62] PGD Update - Time: 0.0012s, Mem: 0.00 B

[Step 62] 完整步骤总时间: 9.225140s | 总显存: 0.00 B
[Step 62] 峰值显存: 6.22 GB

[Step 63] ============ 详细性能分析 ============
[模型部分] 总时间: 7.220901s | 显存: 4.12 GB

[0-9秒 PDE求解详细性能]
  t=0s - 时间: 0.000000s | 显存: 0.00 B
  t=1s - 时间: 0.487260s | 显存: 0.00 B
  t=2s - 时间: 0.523504s | 显存: 0.00 B
  t=3s - 时间: 0.610123s | 显存: 0.00 B
  t=4s - 时间: 0.722829s | 显存: 0.00 B
  t=5s - 时间: 0.789875s | 显存: 0.00 B
  t=6s - 时间: 0.916534s | 显存: 0.00 B
  t=7s - 时间: 0.991509s | 显存: 0.00 B
  t=8s - 时间: 1.092551s | 显存: 0.00 B
  t=9s - 时间: 1.065451s | 显存: 0.00 B

[19秒 PDE求解]
  t=19.0s - 时间: 1.958824s | 显存: 0.00 B

[PDE求解部分] 总时间: 1.959251s | 显存: 0.00 B

[本步骤总计] 时间: 9.180152s | 显存: 4.12 GB
orginal_loss:  tensor(1373.4515, device='cuda:0', grad_fn=<MseLossBackward0>)
[Step 63] Backward Propagation - Time: 0.0236s, Mem: -4413235200.00 B
x_adv.requires_grad:  True
pred_19.requires_grad, true_19.requires_grad:  True False
Autograd grad max:  tensor(0.1823, device='cuda:0')
Autograd grad min:  tensor(-0.1242, device='cuda:0')
Autograd grad mean:  tensor(0.0009, device='cuda:0')
[Step 63] PGD Update - Time: 0.0013s, Mem: 0.00 B

[Step 63] 完整步骤总时间: 9.209929s | 总显存: 0.00 B
[Step 63] 峰值显存: 6.22 GB

[Step 64] ============ 详细性能分析 ============
[模型部分] 总时间: 6.998963s | 显存: 4.12 GB

[0-9秒 PDE求解详细性能]
  t=0s - 时间: 0.000000s | 显存: 0.00 B
  t=1s - 时间: 0.448686s | 显存: 0.00 B
  t=2s - 时间: 0.512571s | 显存: 0.00 B
  t=3s - 时间: 0.614692s | 显存: 0.00 B
  t=4s - 时间: 0.722569s | 显存: 0.00 B
  t=5s - 时间: 0.719466s | 显存: 0.00 B
  t=6s - 时间: 0.869878s | 显存: 0.00 B
  t=7s - 时间: 0.962631s | 显存: 0.00 B
  t=8s - 时间: 1.033864s | 显存: 0.00 B
  t=9s - 时间: 1.093008s | 显存: 0.00 B

[19秒 PDE求解]
  t=19.0s - 时间: 2.007697s | 显存: 0.00 B

[PDE求解部分] 总时间: 2.008020s | 显存: 0.00 B

[本步骤总计] 时间: 9.006983s | 显存: 4.12 GB
orginal_loss:  tensor(1509.6252, device='cuda:0', grad_fn=<MseLossBackward0>)
[Step 64] Backward Propagation - Time: 0.0237s, Mem: -4413235200.00 B
x_adv.requires_grad:  True
pred_19.requires_grad, true_19.requires_grad:  True False
Autograd grad max:  tensor(0.1694, device='cuda:0')
Autograd grad min:  tensor(-0.1194, device='cuda:0')
Autograd grad mean:  tensor(0.0008, device='cuda:0')
[Step 64] PGD Update - Time: 0.0013s, Mem: 0.00 B

[Step 64] 完整步骤总时间: 9.036210s | 总显存: 0.00 B
[Step 64] 峰值显存: 6.22 GB

[Step 65] ============ 详细性能分析 ============
[模型部分] 总时间: 7.401942s | 显存: 4.12 GB

[0-9秒 PDE求解详细性能]
  t=0s - 时间: 0.000000s | 显存: 0.00 B
  t=1s - 时间: 0.506881s | 显存: 0.00 B
  t=2s - 时间: 0.530589s | 显存: 0.00 B
  t=3s - 时间: 0.672246s | 显存: 0.00 B
  t=4s - 时间: 0.763197s | 显存: 0.00 B
  t=5s - 时间: 0.809467s | 显存: 0.00 B
  t=6s - 时间: 0.936031s | 显存: 0.00 B
  t=7s - 时间: 0.997977s | 显存: 0.00 B
  t=8s - 时间: 1.008004s | 显存: 0.00 B
  t=9s - 时间: 1.156339s | 显存: 0.00 B

[19秒 PDE求解]
  t=19.0s - 时间: 1.866819s | 显存: 0.00 B

[PDE求解部分] 总时间: 1.867127s | 显存: 0.00 B

[本步骤总计] 时间: 9.269069s | 显存: 4.12 GB
orginal_loss:  tensor(1657.6008, device='cuda:0', grad_fn=<MseLossBackward0>)
[Step 65] Backward Propagation - Time: 0.0235s, Mem: -4413235200.00 B
x_adv.requires_grad:  True
pred_19.requires_grad, true_19.requires_grad:  True False
Autograd grad max:  tensor(0.1550, device='cuda:0')
Autograd grad min:  tensor(-0.1240, device='cuda:0')
Autograd grad mean:  tensor(0.0008, device='cuda:0')
[Step 65] PGD Update - Time: 0.0012s, Mem: 0.00 B

[Step 65] 完整步骤总时间: 9.297679s | 总显存: 0.00 B
[Step 65] 峰值显存: 6.22 GB

[Step 66] ============ 详细性能分析 ============
[模型部分] 总时间: 6.853008s | 显存: 4.12 GB

[0-9秒 PDE求解详细性能]
  t=0s - 时间: 0.000000s | 显存: 0.00 B
  t=1s - 时间: 0.411668s | 显存: 0.00 B
  t=2s - 时间: 0.516930s | 显存: 0.00 B
  t=3s - 时间: 0.582572s | 显存: 0.00 B
  t=4s - 时间: 0.720943s | 显存: 0.00 B
  t=5s - 时间: 0.733742s | 显存: 0.00 B
  t=6s - 时间: 0.839818s | 显存: 0.00 B
  t=7s - 时间: 0.893568s | 显存: 0.00 B
  t=8s - 时间: 0.983917s | 显存: 0.00 B
  t=9s - 时间: 1.148752s | 显存: 0.00 B

[19秒 PDE求解]
  t=19.0s - 时间: 1.941193s | 显存: 0.00 B

[PDE求解部分] 总时间: 1.941517s | 显存: 0.00 B

[本步骤总计] 时间: 8.794525s | 显存: 4.12 GB
orginal_loss:  tensor(1700.7722, device='cuda:0', grad_fn=<MseLossBackward0>)
[Step 66] Backward Propagation - Time: 0.0235s, Mem: -4413235200.00 B
x_adv.requires_grad:  True
pred_19.requires_grad, true_19.requires_grad:  True False
Autograd grad max:  tensor(0.1309, device='cuda:0')
Autograd grad min:  tensor(-0.1282, device='cuda:0')
Autograd grad mean:  tensor(0.0009, device='cuda:0')
[Step 66] PGD Update - Time: 0.0012s, Mem: 0.00 B

[Step 66] 完整步骤总时间: 8.823162s | 总显存: 0.00 B
[Step 66] 峰值显存: 6.22 GB

[Step 67] ============ 详细性能分析 ============
[模型部分] 总时间: 7.199171s | 显存: 4.12 GB

[0-9秒 PDE求解详细性能]
  t=0s - 时间: 0.000000s | 显存: 0.00 B
  t=1s - 时间: 0.519726s | 显存: 0.00 B
  t=2s - 时间: 0.534185s | 显存: 0.00 B
  t=3s - 时间: 0.675019s | 显存: 0.00 B
  t=4s - 时间: 0.710079s | 显存: 0.00 B
  t=5s - 时间: 0.762765s | 显存: 0.00 B
  t=6s - 时间: 0.809242s | 显存: 0.00 B
  t=7s - 时间: 0.927635s | 显存: 0.00 B
  t=8s - 时间: 1.086859s | 显存: 0.00 B
  t=9s - 时间: 1.152465s | 显存: 0.00 B

[19秒 PDE求解]
  t=19.0s - 时间: 1.976807s | 显存: 0.00 B

[PDE求解部分] 总时间: 1.977117s | 显存: 0.00 B

[本步骤总计] 时间: 9.176288s | 显存: 4.12 GB
orginal_loss:  tensor(1519.4462, device='cuda:0', grad_fn=<MseLossBackward0>)
[Step 67] Backward Propagation - Time: 0.0235s, Mem: -4413235200.00 B
x_adv.requires_grad:  True
pred_19.requires_grad, true_19.requires_grad:  True False
Autograd grad max:  tensor(0.1105, device='cuda:0')
Autograd grad min:  tensor(-0.1231, device='cuda:0')
Autograd grad mean:  tensor(0.0012, device='cuda:0')
[Step 67] PGD Update - Time: 0.0012s, Mem: 0.00 B

[Step 67] 完整步骤总时间: 9.204712s | 总显存: 0.00 B
[Step 67] 峰值显存: 6.22 GB

[Step 68] ============ 详细性能分析 ============
[模型部分] 总时间: 7.180901s | 显存: 4.12 GB

[0-9秒 PDE求解详细性能]
  t=0s - 时间: 0.000000s | 显存: 0.00 B
  t=1s - 时间: 0.464412s | 显存: 0.00 B
  t=2s - 时间: 0.584603s | 显存: 0.00 B
  t=3s - 时间: 0.592816s | 显存: 0.00 B
  t=4s - 时间: 0.704651s | 显存: 0.00 B
  t=5s - 时间: 0.866946s | 显存: 0.00 B
  t=6s - 时间: 0.814550s | 显存: 0.00 B
  t=7s - 时间: 0.976930s | 显存: 0.00 B
  t=8s - 时间: 1.045577s | 显存: 0.00 B
  t=9s - 时间: 1.109268s | 显存: 0.00 B

[19秒 PDE求解]
  t=19.0s - 时间: 1.959813s | 显存: 0.00 B

[PDE求解部分] 总时间: 1.960126s | 显存: 0.00 B

[本步骤总计] 时间: 9.141026s | 显存: 4.12 GB
orginal_loss:  tensor(1309.7236, device='cuda:0', grad_fn=<MseLossBackward0>)
[Step 68] Backward Propagation - Time: 0.0234s, Mem: -4413235200.00 B
x_adv.requires_grad:  True
pred_19.requires_grad, true_19.requires_grad:  True False
Autograd grad max:  tensor(0.1086, device='cuda:0')
Autograd grad min:  tensor(-0.0994, device='cuda:0')
Autograd grad mean:  tensor(0.0015, device='cuda:0')
[Step 68] PGD Update - Time: 0.0012s, Mem: 0.00 B

[Step 68] 完整步骤总时间: 9.169355s | 总显存: 0.00 B
[Step 68] 峰值显存: 6.22 GB

[Step 69] ============ 详细性能分析 ============
[模型部分] 总时间: 7.406315s | 显存: 4.12 GB

[0-9秒 PDE求解详细性能]
  t=0s - 时间: 0.000000s | 显存: 0.00 B
  t=1s - 时间: 0.515064s | 显存: 0.00 B
  t=2s - 时间: 0.544991s | 显存: 0.00 B
  t=3s - 时间: 0.679730s | 显存: 0.00 B
  t=4s - 时间: 0.762709s | 显存: 0.00 B
  t=5s - 时间: 0.871181s | 显存: 0.00 B
  t=6s - 时间: 0.830781s | 显存: 0.00 B
  t=7s - 时间: 1.015784s | 显存: 0.00 B
  t=8s - 时间: 1.052491s | 显存: 0.00 B
  t=9s - 时间: 1.112443s | 显存: 0.00 B

[19秒 PDE求解]
  t=19.0s - 时间: 2.024085s | 显存: 0.00 B

[PDE求解部分] 总时间: 2.024424s | 显存: 0.00 B

[本步骤总计] 时间: 9.430739s | 显存: 4.12 GB
orginal_loss:  tensor(1411.4795, device='cuda:0', grad_fn=<MseLossBackward0>)
[Step 69] Backward Propagation - Time: 0.0235s, Mem: -4413235200.00 B
x_adv.requires_grad:  True
pred_19.requires_grad, true_19.requires_grad:  True False
Autograd grad max:  tensor(0.1166, device='cuda:0')
Autograd grad min:  tensor(-0.1129, device='cuda:0')
Autograd grad mean:  tensor(0.0012, device='cuda:0')
[Step 69] PGD Update - Time: 0.0012s, Mem: 0.00 B

[Step 69] 完整步骤总时间: 9.459201s | 总显存: 0.00 B
[Step 69] 峰值显存: 6.22 GB

[Step 70] ============ 详细性能分析 ============
[模型部分] 总时间: 7.176738s | 显存: 4.12 GB

[0-9秒 PDE求解详细性能]
  t=0s - 时间: 0.000000s | 显存: 0.00 B
  t=1s - 时间: 0.455691s | 显存: 0.00 B
  t=2s - 时间: 0.565640s | 显存: 0.00 B
  t=3s - 时间: 0.669815s | 显存: 0.00 B
  t=4s - 时间: 0.647562s | 显存: 0.00 B
  t=5s - 时间: 0.731742s | 显存: 0.00 B
  t=6s - 时间: 0.895723s | 显存: 0.00 B
  t=7s - 时间: 1.003468s | 显存: 0.00 B
  t=8s - 时间: 1.066083s | 显存: 0.00 B
  t=9s - 时间: 1.119693s | 显存: 0.00 B

[19秒 PDE求解]
  t=19.0s - 时间: 1.977701s | 显存: 0.00 B

[PDE求解部分] 总时间: 1.978055s | 显存: 0.00 B

[本步骤总计] 时间: 9.154793s | 显存: 4.12 GB
orginal_loss:  tensor(1381.0671, device='cuda:0', grad_fn=<MseLossBackward0>)
[Step 70] Backward Propagation - Time: 0.0236s, Mem: -4413235200.00 B
x_adv.requires_grad:  True
pred_19.requires_grad, true_19.requires_grad:  True False
Autograd grad max:  tensor(0.1011, device='cuda:0')
Autograd grad min:  tensor(-0.1120, device='cuda:0')
Autograd grad mean:  tensor(0.0005, device='cuda:0')
[Step 70] PGD Update - Time: 0.0013s, Mem: 0.00 B

[Step 70] 完整步骤总时间: 9.184238s | 总显存: 0.00 B
[Step 70] 峰值显存: 6.22 GB

[Step 71] ============ 详细性能分析 ============
[模型部分] 总时间: 7.357347s | 显存: 4.12 GB

[0-9秒 PDE求解详细性能]
  t=0s - 时间: 0.000000s | 显存: 0.00 B
  t=1s - 时间: 0.543004s | 显存: 0.00 B
  t=2s - 时间: 0.591203s | 显存: 0.00 B
  t=3s - 时间: 0.606187s | 显存: 0.00 B
  t=4s - 时间: 0.708806s | 显存: 0.00 B
  t=5s - 时间: 0.786767s | 显存: 0.00 B
  t=6s - 时间: 0.923213s | 显存: 0.00 B
  t=7s - 时间: 1.006591s | 显存: 0.00 B
  t=8s - 时间: 1.051217s | 显存: 0.00 B
  t=9s - 时间: 1.118626s | 显存: 0.00 B

[19秒 PDE求解]
  t=19.0s - 时间: 1.943072s | 显存: 0.00 B

[PDE求解部分] 总时间: 1.943415s | 显存: 0.00 B

[本步骤总计] 时间: 9.300762s | 显存: 4.12 GB
orginal_loss:  tensor(1284.3033, device='cuda:0', grad_fn=<MseLossBackward0>)
[Step 71] Backward Propagation - Time: 0.0238s, Mem: -4413235200.00 B
x_adv.requires_grad:  True
pred_19.requires_grad, true_19.requires_grad:  True False
Autograd grad max:  tensor(0.1016, device='cuda:0')
Autograd grad min:  tensor(-0.0891, device='cuda:0')
Autograd grad mean:  tensor(4.6813e-05, device='cuda:0')
[Step 71] PGD Update - Time: 0.0013s, Mem: 0.00 B

[Step 71] 完整步骤总时间: 9.330097s | 总显存: 0.00 B
[Step 71] 峰值显存: 6.22 GB

[Step 72] ============ 详细性能分析 ============
[模型部分] 总时间: 7.075193s | 显存: 4.12 GB

[0-9秒 PDE求解详细性能]
  t=0s - 时间: 0.000000s | 显存: 0.00 B
  t=1s - 时间: 0.449499s | 显存: 0.00 B
  t=2s - 时间: 0.502253s | 显存: 0.00 B
  t=3s - 时间: 0.565620s | 显存: 0.00 B
  t=4s - 时间: 0.703261s | 显存: 0.00 B
  t=5s - 时间: 0.769758s | 显存: 0.00 B
  t=6s - 时间: 0.911538s | 显存: 0.00 B
  t=7s - 时间: 0.943499s | 显存: 0.00 B
  t=8s - 时间: 1.021683s | 显存: 0.00 B
  t=9s - 时间: 1.186969s | 显存: 0.00 B

[19秒 PDE求解]
  t=19.0s - 时间: 3.283761s | 显存: 0.00 B

[PDE求解部分] 总时间: 3.284098s | 显存: 0.00 B

[本步骤总计] 时间: 10.359291s | 显存: 4.12 GB
orginal_loss:  tensor(1252.5991, device='cuda:0', grad_fn=<MseLossBackward0>)
[Step 72] Backward Propagation - Time: 0.0235s, Mem: -4413235200.00 B
x_adv.requires_grad:  True
pred_19.requires_grad, true_19.requires_grad:  True False
Autograd grad max:  tensor(0.0957, device='cuda:0')
Autograd grad min:  tensor(-0.0654, device='cuda:0')
Autograd grad mean:  tensor(-0.0003, device='cuda:0')
[Step 72] PGD Update - Time: 0.0012s, Mem: 0.00 B

[Step 72] 完整步骤总时间: 10.394990s | 总显存: 0.00 B
[Step 72] 峰值显存: 6.22 GB

[Step 73] ============ 详细性能分析 ============
[模型部分] 总时间: 11.571920s | 显存: 4.12 GB

[0-9秒 PDE求解详细性能]
  t=0s - 时间: 0.000000s | 显存: 0.00 B
  t=1s - 时间: 4.835096s | 显存: 0.00 B
  t=2s - 时间: 0.594389s | 显存: 0.00 B
  t=3s - 时间: 0.676172s | 显存: 0.00 B
  t=4s - 时间: 0.760164s | 显存: 0.00 B
  t=5s - 时间: 0.732773s | 显存: 0.00 B
  t=6s - 时间: 0.863506s | 显存: 0.00 B
  t=7s - 时间: 1.004609s | 显存: 0.00 B
  t=8s - 时间: 1.041324s | 显存: 0.00 B
  t=9s - 时间: 1.042702s | 显存: 0.00 B

[19秒 PDE求解]
  t=19.0s - 时间: 1.997514s | 显存: 0.00 B

[PDE求解部分] 总时间: 1.997851s | 显存: 0.00 B

[本步骤总计] 时间: 13.569771s | 显存: 4.12 GB
orginal_loss:  tensor(1316.7532, device='cuda:0', grad_fn=<MseLossBackward0>)
[Step 73] Backward Propagation - Time: 0.0236s, Mem: -4413235200.00 B
x_adv.requires_grad:  True
pred_19.requires_grad, true_19.requires_grad:  True False
Autograd grad max:  tensor(0.1060, device='cuda:0')
Autograd grad min:  tensor(-0.0922, device='cuda:0')
Autograd grad mean:  tensor(-0.0006, device='cuda:0')
[Step 73] PGD Update - Time: 0.0012s, Mem: 0.00 B

[Step 73] 完整步骤总时间: 13.598356s | 总显存: 0.00 B
[Step 73] 峰值显存: 6.22 GB

[Step 74] ============ 详细性能分析 ============
[模型部分] 总时间: 7.301587s | 显存: 4.12 GB

[0-9秒 PDE求解详细性能]
  t=0s - 时间: 0.000000s | 显存: 0.00 B
  t=1s - 时间: 0.489914s | 显存: 0.00 B
  t=2s - 时间: 0.531335s | 显存: 0.00 B
  t=3s - 时间: 0.594446s | 显存: 0.00 B
  t=4s - 时间: 0.681508s | 显存: 0.00 B
  t=5s - 时间: 0.836732s | 显存: 0.00 B
  t=6s - 时间: 0.947994s | 显存: 0.00 B
  t=7s - 时间: 1.043205s | 显存: 0.00 B
  t=8s - 时间: 1.052855s | 显存: 0.00 B
  t=9s - 时间: 1.102447s | 显存: 0.00 B

[19秒 PDE求解]
  t=19.0s - 时间: 1.904376s | 显存: 0.00 B

[PDE求解部分] 总时间: 1.904718s | 显存: 0.00 B

[本步骤总计] 时间: 9.206305s | 显存: 4.12 GB
orginal_loss:  tensor(1382.9709, device='cuda:0', grad_fn=<MseLossBackward0>)
[Step 74] Backward Propagation - Time: 0.0234s, Mem: -4413235200.00 B
x_adv.requires_grad:  True
pred_19.requires_grad, true_19.requires_grad:  True False
Autograd grad max:  tensor(0.1172, device='cuda:0')
Autograd grad min:  tensor(-0.1228, device='cuda:0')
Autograd grad mean:  tensor(-0.0007, device='cuda:0')
[Step 74] PGD Update - Time: 0.0012s, Mem: 0.00 B

[Step 74] 完整步骤总时间: 9.234885s | 总显存: 0.00 B
[Step 74] 峰值显存: 6.22 GB

[Step 75] ============ 详细性能分析 ============
[模型部分] 总时间: 7.334982s | 显存: 4.12 GB

[0-9秒 PDE求解详细性能]
  t=0s - 时间: 0.000000s | 显存: 0.00 B
  t=1s - 时间: 0.501370s | 显存: 0.00 B
  t=2s - 时间: 0.546945s | 显存: 0.00 B
  t=3s - 时间: 0.604443s | 显存: 0.00 B
  t=4s - 时间: 0.778487s | 显存: 0.00 B
  t=5s - 时间: 0.810313s | 显存: 0.00 B
  t=6s - 时间: 0.957745s | 显存: 0.00 B
  t=7s - 时间: 0.943753s | 显存: 0.00 B
  t=8s - 时间: 1.012540s | 显存: 0.00 B
  t=9s - 时间: 1.158229s | 显存: 0.00 B

[19秒 PDE求解]
  t=19.0s - 时间: 1.959137s | 显存: 0.00 B

[PDE求解部分] 总时间: 1.959442s | 显存: 0.00 B

[本步骤总计] 时间: 9.294424s | 显存: 4.12 GB
orginal_loss:  tensor(1311.7473, device='cuda:0', grad_fn=<MseLossBackward0>)
[Step 75] Backward Propagation - Time: 0.0234s, Mem: -4413235200.00 B
x_adv.requires_grad:  True
pred_19.requires_grad, true_19.requires_grad:  True False
Autograd grad max:  tensor(0.1151, device='cuda:0')
Autograd grad min:  tensor(-0.1298, device='cuda:0')
Autograd grad mean:  tensor(-0.0005, device='cuda:0')
[Step 75] PGD Update - Time: 0.0012s, Mem: 0.00 B

[Step 75] 完整步骤总时间: 9.322936s | 总显存: 0.00 B
[Step 75] 峰值显存: 6.22 GB

[Step 76] ============ 详细性能分析 ============
[模型部分] 总时间: 7.053982s | 显存: 4.12 GB

[0-9秒 PDE求解详细性能]
  t=0s - 时间: 0.000000s | 显存: 0.00 B
  t=1s - 时间: 0.416383s | 显存: 0.00 B
  t=2s - 时间: 0.497794s | 显存: 0.00 B
  t=3s - 时间: 0.694627s | 显存: 0.00 B
  t=4s - 时间: 0.719282s | 显存: 0.00 B
  t=5s - 时间: 0.785874s | 显存: 0.00 B
  t=6s - 时间: 0.837413s | 显存: 0.00 B
  t=7s - 时间: 0.901580s | 显存: 0.00 B
  t=8s - 时间: 1.070081s | 显存: 0.00 B
  t=9s - 时间: 1.109838s | 显存: 0.00 B

[19秒 PDE求解]
  t=19.0s - 时间: 1.950229s | 显存: 0.00 B

[PDE求解部分] 总时间: 1.950560s | 显存: 0.00 B

[本步骤总计] 时间: 9.004542s | 显存: 4.12 GB
orginal_loss:  tensor(1153.2561, device='cuda:0', grad_fn=<MseLossBackward0>)
[Step 76] Backward Propagation - Time: 0.0235s, Mem: -4413235200.00 B
x_adv.requires_grad:  True
pred_19.requires_grad, true_19.requires_grad:  True False
Autograd grad max:  tensor(0.1123, device='cuda:0')
Autograd grad min:  tensor(-0.1207, device='cuda:0')
Autograd grad mean:  tensor(-0.0001, device='cuda:0')
[Step 76] PGD Update - Time: 0.0012s, Mem: 0.00 B

[Step 76] 完整步骤总时间: 9.032901s | 总显存: 0.00 B
[Step 76] 峰值显存: 6.22 GB

[Step 77] ============ 详细性能分析 ============
[模型部分] 总时间: 7.071248s | 显存: 4.12 GB

[0-9秒 PDE求解详细性能]
  t=0s - 时间: 0.000000s | 显存: 0.00 B
  t=1s - 时间: 0.516357s | 显存: 0.00 B
  t=2s - 时间: 0.520076s | 显存: 0.00 B
  t=3s - 时间: 0.608193s | 显存: 0.00 B
  t=4s - 时间: 0.727909s | 显存: 0.00 B
  t=5s - 时间: 0.784455s | 显存: 0.00 B
  t=6s - 时间: 0.837893s | 显存: 0.00 B
  t=7s - 时间: 0.961552s | 显存: 0.00 B
  t=8s - 时间: 1.045443s | 显存: 0.00 B
  t=9s - 时间: 1.047994s | 显存: 0.00 B

[19秒 PDE求解]
  t=19.0s - 时间: 1.949743s | 显存: 0.00 B

[PDE求解部分] 总时间: 1.950086s | 显存: 0.00 B

[本步骤总计] 时间: 9.021335s | 显存: 4.12 GB
orginal_loss:  tensor(1065.4730, device='cuda:0', grad_fn=<MseLossBackward0>)
[Step 77] Backward Propagation - Time: 0.0237s, Mem: -4413235200.00 B
x_adv.requires_grad:  True
pred_19.requires_grad, true_19.requires_grad:  True False
Autograd grad max:  tensor(0.1242, device='cuda:0')
Autograd grad min:  tensor(-0.1047, device='cuda:0')
Autograd grad mean:  tensor(0.0003, device='cuda:0')
[Step 77] PGD Update - Time: 0.0013s, Mem: 0.00 B

[Step 77] 完整步骤总时间: 9.051034s | 总显存: 0.00 B
[Step 77] 峰值显存: 6.22 GB

[Step 78] ============ 详细性能分析 ============
[模型部分] 总时间: 7.171574s | 显存: 4.12 GB

[0-9秒 PDE求解详细性能]
  t=0s - 时间: 0.000000s | 显存: 0.00 B
  t=1s - 时间: 0.406331s | 显存: 0.00 B
  t=2s - 时间: 0.549601s | 显存: 0.00 B
  t=3s - 时间: 0.659909s | 显存: 0.00 B
  t=4s - 时间: 0.742627s | 显存: 0.00 B
  t=5s - 时间: 0.787731s | 显存: 0.00 B
  t=6s - 时间: 0.860767s | 显存: 0.00 B
  t=7s - 时间: 0.928374s | 显存: 0.00 B
  t=8s - 时间: 1.070725s | 显存: 0.00 B
  t=9s - 时间: 1.121172s | 显存: 0.00 B

[19秒 PDE求解]
  t=19.0s - 时间: 1.872085s | 显存: 0.00 B

[PDE求解部分] 总时间: 1.872404s | 显存: 0.00 B

[本步骤总计] 时间: 9.043978s | 显存: 4.12 GB
orginal_loss:  tensor(1095.4153, device='cuda:0', grad_fn=<MseLossBackward0>)
[Step 78] Backward Propagation - Time: 0.0236s, Mem: -4413235200.00 B
x_adv.requires_grad:  True
pred_19.requires_grad, true_19.requires_grad:  True False
Autograd grad max:  tensor(0.1223, device='cuda:0')
Autograd grad min:  tensor(-0.1013, device='cuda:0')
Autograd grad mean:  tensor(0.0005, device='cuda:0')
[Step 78] PGD Update - Time: 0.0013s, Mem: 0.00 B

[Step 78] 完整步骤总时间: 9.073123s | 总显存: 0.00 B
[Step 78] 峰值显存: 6.22 GB

[Step 79] ============ 详细性能分析 ============
[模型部分] 总时间: 7.087670s | 显存: 4.12 GB

[0-9秒 PDE求解详细性能]
  t=0s - 时间: 0.000000s | 显存: 0.00 B
  t=1s - 时间: 0.395847s | 显存: 0.00 B
  t=2s - 时间: 0.564223s | 显存: 0.00 B
  t=3s - 时间: 0.642493s | 显存: 0.00 B
  t=4s - 时间: 0.726152s | 显存: 0.00 B
  t=5s - 时间: 0.780879s | 显存: 0.00 B
  t=6s - 时间: 0.829519s | 显存: 0.00 B
  t=7s - 时间: 0.944790s | 显存: 0.00 B
  t=8s - 时间: 1.050302s | 显存: 0.00 B
  t=9s - 时间: 1.132373s | 显存: 0.00 B

[19秒 PDE求解]
  t=19.0s - 时间: 1.913897s | 显存: 0.00 B

[PDE求解部分] 总时间: 1.914216s | 显存: 0.00 B

[本步骤总计] 时间: 9.001886s | 显存: 4.12 GB
orginal_loss:  tensor(1157.5341, device='cuda:0', grad_fn=<MseLossBackward0>)
[Step 79] Backward Propagation - Time: 0.0234s, Mem: -4413235200.00 B
x_adv.requires_grad:  True
pred_19.requires_grad, true_19.requires_grad:  True False
Autograd grad max:  tensor(0.1045, device='cuda:0')
Autograd grad min:  tensor(-0.0941, device='cuda:0')
Autograd grad mean:  tensor(0.0007, device='cuda:0')
[Step 79] PGD Update - Time: 0.0012s, Mem: 0.00 B

[Step 79] 完整步骤总时间: 9.030221s | 总显存: 0.00 B
[Step 79] 峰值显存: 6.22 GB

[Step 80] ============ 详细性能分析 ============
[模型部分] 总时间: 7.200162s | 显存: 4.12 GB

[0-9秒 PDE求解详细性能]
  t=0s - 时间: 0.000000s | 显存: 0.00 B
  t=1s - 时间: 0.474442s | 显存: 0.00 B
  t=2s - 时间: 0.605518s | 显存: 0.00 B
  t=3s - 时间: 0.593922s | 显存: 0.00 B
  t=4s - 时间: 0.689714s | 显存: 0.00 B
  t=5s - 时间: 0.757569s | 显存: 0.00 B
  t=6s - 时间: 0.953817s | 显存: 0.00 B
  t=7s - 时间: 0.960363s | 显存: 0.00 B
  t=8s - 时间: 1.039364s | 显存: 0.00 B
  t=9s - 时间: 1.104281s | 显存: 0.00 B

[19秒 PDE求解]
  t=19.0s - 时间: 1.922620s | 显存: 0.00 B

[PDE求解部分] 总时间: 1.922959s | 显存: 0.00 B

[本步骤总计] 时间: 9.123121s | 显存: 4.12 GB
orginal_loss:  tensor(1153.2871, device='cuda:0', grad_fn=<MseLossBackward0>)
[Step 80] Backward Propagation - Time: 0.0236s, Mem: -4413235200.00 B
x_adv.requires_grad:  True
pred_19.requires_grad, true_19.requires_grad:  True False
Autograd grad max:  tensor(0.0730, device='cuda:0')
Autograd grad min:  tensor(-0.0878, device='cuda:0')
Autograd grad mean:  tensor(0.0009, device='cuda:0')
[Step 80] PGD Update - Time: 0.0013s, Mem: 0.00 B

[Step 80] 完整步骤总时间: 9.151649s | 总显存: 0.00 B
[Step 80] 峰值显存: 6.22 GB

[Step 81] ============ 详细性能分析 ============
[模型部分] 总时间: 7.288732s | 显存: 4.12 GB

[0-9秒 PDE求解详细性能]
  t=0s - 时间: 0.000000s | 显存: 0.00 B
  t=1s - 时间: 0.536987s | 显存: 0.00 B
  t=2s - 时间: 0.546311s | 显存: 0.00 B
  t=3s - 时间: 0.683650s | 显存: 0.00 B
  t=4s - 时间: 0.665841s | 显存: 0.00 B
  t=5s - 时间: 0.809577s | 显存: 0.00 B
  t=6s - 时间: 0.898566s | 显存: 0.00 B
  t=7s - 时间: 0.987462s | 显存: 0.00 B
  t=8s - 时间: 0.993832s | 显存: 0.00 B
  t=9s - 时间: 1.145399s | 显存: 0.00 B

[19秒 PDE求解]
  t=19.0s - 时间: 1.898942s | 显存: 0.00 B

[PDE求解部分] 总时间: 1.899251s | 显存: 0.00 B

[本步骤总计] 时间: 9.187983s | 显存: 4.12 GB
orginal_loss:  tensor(1134.9404, device='cuda:0', grad_fn=<MseLossBackward0>)
[Step 81] Backward Propagation - Time: 0.0236s, Mem: -4413235200.00 B
x_adv.requires_grad:  True
pred_19.requires_grad, true_19.requires_grad:  True False
Autograd grad max:  tensor(0.0970, device='cuda:0')
Autograd grad min:  tensor(-0.0764, device='cuda:0')
Autograd grad mean:  tensor(0.0013, device='cuda:0')
[Step 81] PGD Update - Time: 0.0012s, Mem: 0.00 B

[Step 81] 完整步骤总时间: 9.216622s | 总显存: 0.00 B
[Step 81] 峰值显存: 6.22 GB

[Step 82] ============ 详细性能分析 ============
[模型部分] 总时间: 7.165942s | 显存: 4.12 GB

[0-9秒 PDE求解详细性能]
  t=0s - 时间: 0.000000s | 显存: 0.00 B
  t=1s - 时间: 0.446856s | 显存: 0.00 B
  t=2s - 时间: 0.563687s | 显存: 0.00 B
  t=3s - 时间: 0.627540s | 显存: 0.00 B
  t=4s - 时间: 0.674473s | 显存: 0.00 B
  t=5s - 时间: 0.844263s | 显存: 0.00 B
  t=6s - 时间: 0.874526s | 显存: 0.00 B
  t=7s - 时间: 0.966989s | 显存: 0.00 B
  t=8s - 时间: 1.083894s | 显存: 0.00 B
  t=9s - 时间: 1.062643s | 显存: 0.00 B

[19秒 PDE求解]
  t=19.0s - 时间: 1.917208s | 显存: 0.00 B

[PDE求解部分] 总时间: 1.917559s | 显存: 0.00 B

[本步骤总计] 时间: 9.083501s | 显存: 4.12 GB
orginal_loss:  tensor(1298.4009, device='cuda:0', grad_fn=<MseLossBackward0>)
[Step 82] Backward Propagation - Time: 0.0234s, Mem: -4413235200.00 B
x_adv.requires_grad:  True
pred_19.requires_grad, true_19.requires_grad:  True False
Autograd grad max:  tensor(0.1319, device='cuda:0')
Autograd grad min:  tensor(-0.1127, device='cuda:0')
Autograd grad mean:  tensor(0.0015, device='cuda:0')
[Step 82] PGD Update - Time: 0.0012s, Mem: 0.00 B

[Step 82] 完整步骤总时间: 9.111845s | 总显存: 0.00 B
[Step 82] 峰值显存: 6.22 GB

[Step 83] ============ 详细性能分析 ============
[模型部分] 总时间: 7.080916s | 显存: 4.12 GB

[0-9秒 PDE求解详细性能]
  t=0s - 时间: 0.000000s | 显存: 0.00 B
  t=1s - 时间: 0.534915s | 显存: 0.00 B
  t=2s - 时间: 0.546937s | 显存: 0.00 B
  t=3s - 时间: 0.648793s | 显存: 0.00 B
  t=4s - 时间: 0.712785s | 显存: 0.00 B
  t=5s - 时间: 0.768637s | 显存: 0.00 B
  t=6s - 时间: 0.895984s | 显存: 0.00 B
  t=7s - 时间: 0.896804s | 显存: 0.00 B
  t=8s - 时间: 1.003452s | 显存: 0.00 B
  t=9s - 时间: 1.051535s | 显存: 0.00 B

[19秒 PDE求解]
  t=19.0s - 时间: 1.955753s | 显存: 0.00 B

[PDE求解部分] 总时间: 1.956060s | 显存: 0.00 B

[本步骤总计] 时间: 9.036975s | 显存: 4.12 GB
orginal_loss:  tensor(1334.6558, device='cuda:0', grad_fn=<MseLossBackward0>)
[Step 83] Backward Propagation - Time: 0.0235s, Mem: -4413235200.00 B
x_adv.requires_grad:  True
pred_19.requires_grad, true_19.requires_grad:  True False
Autograd grad max:  tensor(0.1548, device='cuda:0')
Autograd grad min:  tensor(-0.1451, device='cuda:0')
Autograd grad mean:  tensor(0.0016, device='cuda:0')
[Step 83] PGD Update - Time: 0.0012s, Mem: 0.00 B

[Step 83] 完整步骤总时间: 9.065419s | 总显存: 0.00 B
[Step 83] 峰值显存: 6.22 GB

[Step 84] ============ 详细性能分析 ============
[模型部分] 总时间: 7.411259s | 显存: 4.12 GB

[0-9秒 PDE求解详细性能]
  t=0s - 时间: 0.000000s | 显存: 0.00 B
  t=1s - 时间: 0.513145s | 显存: 0.00 B
  t=2s - 时间: 0.708348s | 显存: 0.00 B
  t=3s - 时间: 0.678226s | 显存: 0.00 B
  t=4s - 时间: 0.718197s | 显存: 0.00 B
  t=5s - 时间: 0.846815s | 显存: 0.00 B
  t=6s - 时间: 0.876528s | 显存: 0.00 B
  t=7s - 时间: 0.965557s | 显存: 0.00 B
  t=8s - 时间: 1.010462s | 显存: 0.00 B
  t=9s - 时间: 1.072542s | 显存: 0.00 B

[19秒 PDE求解]
  t=19.0s - 时间: 1.982769s | 显存: 0.00 B

[PDE求解部分] 总时间: 1.983118s | 显存: 0.00 B

[本步骤总计] 时间: 9.394377s | 显存: 4.12 GB
orginal_loss:  tensor(1377.9863, device='cuda:0', grad_fn=<MseLossBackward0>)
[Step 84] Backward Propagation - Time: 0.0236s, Mem: -4413235200.00 B
x_adv.requires_grad:  True
pred_19.requires_grad, true_19.requires_grad:  True False
Autograd grad max:  tensor(0.1756, device='cuda:0')
Autograd grad min:  tensor(-0.1883, device='cuda:0')
Autograd grad mean:  tensor(0.0017, device='cuda:0')
[Step 84] PGD Update - Time: 0.0013s, Mem: 0.00 B

[Step 84] 完整步骤总时间: 9.423972s | 总显存: 0.00 B
[Step 84] 峰值显存: 6.22 GB

[Step 85] ============ 详细性能分析 ============
[模型部分] 总时间: 7.107535s | 显存: 4.12 GB

[0-9秒 PDE求解详细性能]
  t=0s - 时间: 0.000000s | 显存: 0.00 B
  t=1s - 时间: 0.507410s | 显存: 0.00 B
  t=2s - 时间: 0.536094s | 显存: 0.00 B
  t=3s - 时间: 0.678200s | 显存: 0.00 B
  t=4s - 时间: 0.706198s | 显存: 0.00 B
  t=5s - 时间: 0.750134s | 显存: 0.00 B
  t=6s - 时间: 0.854246s | 显存: 0.00 B
  t=7s - 时间: 0.920670s | 显存: 0.00 B
  t=8s - 时间: 1.021819s | 显存: 0.00 B
  t=9s - 时间: 1.111049s | 显存: 0.00 B

[19秒 PDE求解]
  t=19.0s - 时间: 1.995184s | 显存: 0.00 B

[PDE求解部分] 总时间: 1.995507s | 显存: 0.00 B

[本步骤总计] 时间: 9.103042s | 显存: 4.12 GB
orginal_loss:  tensor(1455.4392, device='cuda:0', grad_fn=<MseLossBackward0>)
[Step 85] Backward Propagation - Time: 0.0236s, Mem: -4413235200.00 B
x_adv.requires_grad:  True
pred_19.requires_grad, true_19.requires_grad:  True False
Autograd grad max:  tensor(0.1782, device='cuda:0')
Autograd grad min:  tensor(-0.2116, device='cuda:0')
Autograd grad mean:  tensor(0.0014, device='cuda:0')
[Step 85] PGD Update - Time: 0.0012s, Mem: 0.00 B

[Step 85] 完整步骤总时间: 9.132029s | 总显存: 0.00 B
[Step 85] 峰值显存: 6.22 GB

[Step 86] ============ 详细性能分析 ============
[模型部分] 总时间: 7.452263s | 显存: 4.12 GB

[0-9秒 PDE求解详细性能]
  t=0s - 时间: 0.000000s | 显存: 0.00 B
  t=1s - 时间: 0.479851s | 显存: 0.00 B
  t=2s - 时间: 0.604332s | 显存: 0.00 B
  t=3s - 时间: 0.675823s | 显存: 0.00 B
  t=4s - 时间: 0.658910s | 显存: 0.00 B
  t=5s - 时间: 0.825174s | 显存: 0.00 B
  t=6s - 时间: 0.946240s | 显存: 0.00 B
  t=7s - 时间: 1.040993s | 显存: 0.00 B
  t=8s - 时间: 1.068679s | 显存: 0.00 B
  t=9s - 时间: 1.131119s | 显存: 0.00 B

[19秒 PDE求解]
  t=19.0s - 时间: 1.971358s | 显存: 0.00 B

[PDE求解部分] 总时间: 1.971673s | 显存: 0.00 B

[本步骤总计] 时间: 9.423936s | 显存: 4.12 GB
orginal_loss:  tensor(1545.8280, device='cuda:0', grad_fn=<MseLossBackward0>)
[Step 86] Backward Propagation - Time: 0.0236s, Mem: -4413235200.00 B
x_adv.requires_grad:  True
pred_19.requires_grad, true_19.requires_grad:  True False
Autograd grad max:  tensor(0.1687, device='cuda:0')
Autograd grad min:  tensor(-0.2082, device='cuda:0')
Autograd grad mean:  tensor(0.0009, device='cuda:0')
[Step 86] PGD Update - Time: 0.0012s, Mem: 0.00 B

[Step 86] 完整步骤总时间: 9.452583s | 总显存: 0.00 B
[Step 86] 峰值显存: 6.22 GB

[Step 87] ============ 详细性能分析 ============
[模型部分] 总时间: 8.680907s | 显存: 4.12 GB

[0-9秒 PDE求解详细性能]
  t=0s - 时间: 0.000000s | 显存: 0.00 B
  t=1s - 时间: 0.436790s | 显存: 0.00 B
  t=2s - 时间: 0.554657s | 显存: 0.00 B
  t=3s - 时间: 0.579456s | 显存: 0.00 B
  t=4s - 时间: 0.756831s | 显存: 0.00 B
  t=5s - 时间: 0.811398s | 显存: 0.00 B
  t=6s - 时间: 0.933308s | 显存: 0.00 B
  t=7s - 时间: 2.386480s | 显存: 0.00 B
  t=8s - 时间: 1.033943s | 显存: 0.00 B
  t=9s - 时间: 1.166946s | 显存: 0.00 B

[19秒 PDE求解]
  t=19.0s - 时间: 1.921177s | 显存: 0.00 B

[PDE求解部分] 总时间: 1.921522s | 显存: 0.00 B

[本步骤总计] 时间: 10.602430s | 显存: 4.12 GB
orginal_loss:  tensor(1587.9523, device='cuda:0', grad_fn=<MseLossBackward0>)
[Step 87] Backward Propagation - Time: 0.0234s, Mem: -4413235200.00 B
x_adv.requires_grad:  True
pred_19.requires_grad, true_19.requires_grad:  True False
Autograd grad max:  tensor(0.1553, device='cuda:0')
Autograd grad min:  tensor(-0.1901, device='cuda:0')
Autograd grad mean:  tensor(0.0006, device='cuda:0')
[Step 87] PGD Update - Time: 0.0012s, Mem: 0.00 B

[Step 87] 完整步骤总时间: 10.631048s | 总显存: 0.00 B
[Step 87] 峰值显存: 6.22 GB

[Step 88] ============ 详细性能分析 ============
[模型部分] 总时间: 7.348203s | 显存: 4.12 GB

[0-9秒 PDE求解详细性能]
  t=0s - 时间: 0.000000s | 显存: 0.00 B
  t=1s - 时间: 0.531419s | 显存: 0.00 B
  t=2s - 时间: 0.534417s | 显存: 0.00 B
  t=3s - 时间: 0.639915s | 显存: 0.00 B
  t=4s - 时间: 0.741010s | 显存: 0.00 B
  t=5s - 时间: 0.803796s | 显存: 0.00 B
  t=6s - 时间: 0.919041s | 显存: 0.00 B
  t=7s - 时间: 1.056041s | 显存: 0.00 B
  t=8s - 时间: 1.010039s | 显存: 0.00 B
  t=9s - 时间: 1.091391s | 显存: 0.00 B

[19秒 PDE求解]
  t=19.0s - 时间: 1.972972s | 显存: 0.00 B

[PDE求解部分] 总时间: 1.973295s | 显存: 0.00 B

[本步骤总计] 时间: 9.321498s | 显存: 4.12 GB
orginal_loss:  tensor(1579.6221, device='cuda:0', grad_fn=<MseLossBackward0>)
[Step 88] Backward Propagation - Time: 0.0234s, Mem: -4413235200.00 B
x_adv.requires_grad:  True
pred_19.requires_grad, true_19.requires_grad:  True False
Autograd grad max:  tensor(0.1236, device='cuda:0')
Autograd grad min:  tensor(-0.1501, device='cuda:0')
Autograd grad mean:  tensor(0.0010, device='cuda:0')
[Step 88] PGD Update - Time: 0.0012s, Mem: 0.00 B

[Step 88] 完整步骤总时间: 9.349908s | 总显存: 0.00 B
[Step 88] 峰值显存: 6.22 GB

[Step 89] ============ 详细性能分析 ============
[模型部分] 总时间: 7.123635s | 显存: 4.12 GB

[0-9秒 PDE求解详细性能]
  t=0s - 时间: 0.000000s | 显存: 0.00 B
  t=1s - 时间: 0.447093s | 显存: 0.00 B
  t=2s - 时间: 0.514703s | 显存: 0.00 B
  t=3s - 时间: 0.628484s | 显存: 0.00 B
  t=4s - 时间: 0.711604s | 显存: 0.00 B
  t=5s - 时间: 0.791015s | 显存: 0.00 B
  t=6s - 时间: 0.890752s | 显存: 0.00 B
  t=7s - 时间: 0.989618s | 显存: 0.00 B
  t=8s - 时间: 1.060808s | 显存: 0.00 B
  t=9s - 时间: 1.068412s | 显存: 0.00 B

[19秒 PDE求解]
  t=19.0s - 时间: 1.873967s | 显存: 0.00 B

[PDE求解部分] 总时间: 1.874294s | 显存: 0.00 B

[本步骤总计] 时间: 8.997930s | 显存: 4.12 GB
orginal_loss:  tensor(1653.6908, device='cuda:0', grad_fn=<MseLossBackward0>)
[Step 89] Backward Propagation - Time: 0.0235s, Mem: -4413235200.00 B
x_adv.requires_grad:  True
pred_19.requires_grad, true_19.requires_grad:  True False
Autograd grad max:  tensor(0.1111, device='cuda:0')
Autograd grad min:  tensor(-0.1264, device='cuda:0')
Autograd grad mean:  tensor(0.0018, device='cuda:0')
[Step 89] PGD Update - Time: 0.0012s, Mem: 0.00 B

[Step 89] 完整步骤总时间: 9.026432s | 总显存: 0.00 B
[Step 89] 峰值显存: 6.22 GB

[Step 90] ============ 详细性能分析 ============
[模型部分] 总时间: 6.979070s | 显存: 4.12 GB

[0-9秒 PDE求解详细性能]
  t=0s - 时间: 0.000000s | 显存: 0.00 B
  t=1s - 时间: 0.444362s | 显存: 0.00 B
  t=2s - 时间: 0.522421s | 显存: 0.00 B
  t=3s - 时间: 0.592854s | 显存: 0.00 B
  t=4s - 时间: 0.686968s | 显存: 0.00 B
  t=5s - 时间: 0.725392s | 显存: 0.00 B
  t=6s - 时间: 0.842008s | 显存: 0.00 B
  t=7s - 时间: 0.988814s | 显存: 0.00 B
  t=8s - 时间: 1.037976s | 显存: 0.00 B
  t=9s - 时间: 1.116967s | 显存: 0.00 B

[19秒 PDE求解]
  t=19.0s - 时间: 1.981084s | 显存: 0.00 B

[PDE求解部分] 总时间: 1.981401s | 显存: 0.00 B

[本步骤总计] 时间: 8.960470s | 显存: 4.12 GB
orginal_loss:  tensor(1640.4231, device='cuda:0', grad_fn=<MseLossBackward0>)
[Step 90] Backward Propagation - Time: 0.0234s, Mem: -4413235200.00 B
x_adv.requires_grad:  True
pred_19.requires_grad, true_19.requires_grad:  True False
Autograd grad max:  tensor(0.0587, device='cuda:0')
Autograd grad min:  tensor(-0.0616, device='cuda:0')
Autograd grad mean:  tensor(0.0015, device='cuda:0')
[Step 90] PGD Update - Time: 0.0012s, Mem: 0.00 B

[Step 90] 完整步骤总时间: 8.988970s | 总显存: 0.00 B
[Step 90] 峰值显存: 6.22 GB

[Step 91] ============ 详细性能分析 ============
[模型部分] 总时间: 7.113543s | 显存: 4.12 GB

[0-9秒 PDE求解详细性能]
  t=0s - 时间: 0.000000s | 显存: 0.00 B
  t=1s - 时间: 0.488427s | 显存: 0.00 B
  t=2s - 时间: 0.537250s | 显存: 0.00 B
  t=3s - 时间: 0.598545s | 显存: 0.00 B
  t=4s - 时间: 0.705689s | 显存: 0.00 B
  t=5s - 时间: 0.787673s | 显存: 0.00 B
  t=6s - 时间: 0.917375s | 显存: 0.00 B
  t=7s - 时间: 0.950926s | 显存: 0.00 B
  t=8s - 时间: 0.983226s | 显存: 0.00 B
  t=9s - 时间: 1.123149s | 显存: 0.00 B

[19秒 PDE求解]
  t=19.0s - 时间: 2.021896s | 显存: 0.00 B

[PDE求解部分] 总时间: 2.022273s | 显存: 0.00 B

[本步骤总计] 时间: 9.135816s | 显存: 4.12 GB
orginal_loss:  tensor(1752.4685, device='cuda:0', grad_fn=<MseLossBackward0>)
[Step 91] Backward Propagation - Time: 0.0236s, Mem: -4413235200.00 B
x_adv.requires_grad:  True
pred_19.requires_grad, true_19.requires_grad:  True False
Autograd grad max:  tensor(0.1308, device='cuda:0')
Autograd grad min:  tensor(-0.1341, device='cuda:0')
Autograd grad mean:  tensor(0.0009, device='cuda:0')
[Step 91] PGD Update - Time: 0.0012s, Mem: 0.00 B

[Step 91] 完整步骤总时间: 9.165748s | 总显存: 0.00 B
[Step 91] 峰值显存: 6.22 GB

[Step 92] ============ 详细性能分析 ============
[模型部分] 总时间: 7.365278s | 显存: 4.12 GB

[0-9秒 PDE求解详细性能]
  t=0s - 时间: 0.000000s | 显存: 0.00 B
  t=1s - 时间: 0.481195s | 显存: 0.00 B
  t=2s - 时间: 0.611807s | 显存: 0.00 B
  t=3s - 时间: 0.684130s | 显存: 0.00 B
  t=4s - 时间: 0.805850s | 显存: 0.00 B
  t=5s - 时间: 0.876033s | 显存: 0.00 B
  t=6s - 时间: 0.877142s | 显存: 0.00 B
  t=7s - 时间: 0.904740s | 显存: 0.00 B
  t=8s - 时间: 0.999837s | 显存: 0.00 B
  t=9s - 时间: 1.102965s | 显存: 0.00 B

[19秒 PDE求解]
  t=19.0s - 时间: 1.967671s | 显存: 0.00 B

[PDE求解部分] 总时间: 1.967991s | 显存: 0.00 B

[本步骤总计] 时间: 9.333269s | 显存: 4.12 GB
orginal_loss:  tensor(1892., device='cuda:0', grad_fn=<MseLossBackward0>)
[Step 92] Backward Propagation - Time: 0.0236s, Mem: -4413235200.00 B
x_adv.requires_grad:  True
pred_19.requires_grad, true_19.requires_grad:  True False
Autograd grad max:  tensor(0.1974, device='cuda:0')
Autograd grad min:  tensor(-0.2042, device='cuda:0')
Autograd grad mean:  tensor(0.0001, device='cuda:0')
[Step 92] PGD Update - Time: 0.0013s, Mem: 0.00 B

[Step 92] 完整步骤总时间: 9.362260s | 总显存: 0.00 B
[Step 92] 峰值显存: 6.22 GB

[Step 93] ============ 详细性能分析 ============
[模型部分] 总时间: 7.273661s | 显存: 4.12 GB

[0-9秒 PDE求解详细性能]
  t=0s - 时间: 0.000000s | 显存: 0.00 B
  t=1s - 时间: 0.428966s | 显存: 0.00 B
  t=2s - 时间: 0.605415s | 显存: 0.00 B
  t=3s - 时间: 0.723193s | 显存: 0.00 B
  t=4s - 时间: 0.766847s | 显存: 0.00 B
  t=5s - 时间: 0.771127s | 显存: 0.00 B
  t=6s - 时间: 0.846238s | 显存: 0.00 B
  t=7s - 时间: 0.957893s | 显存: 0.00 B
  t=8s - 时间: 1.029271s | 显存: 0.00 B
  t=9s - 时间: 1.123653s | 显存: 0.00 B

[19秒 PDE求解]
  t=19.0s - 时间: 1.974678s | 显存: 0.00 B

[PDE求解部分] 总时间: 1.974995s | 显存: 0.00 B

[本步骤总计] 时间: 9.248655s | 显存: 4.12 GB
orginal_loss:  tensor(1898.7930, device='cuda:0', grad_fn=<MseLossBackward0>)
[Step 93] Backward Propagation - Time: 0.0235s, Mem: -4413235200.00 B
x_adv.requires_grad:  True
pred_19.requires_grad, true_19.requires_grad:  True False
Autograd grad max:  tensor(0.1495, device='cuda:0')
Autograd grad min:  tensor(-0.1982, device='cuda:0')
Autograd grad mean:  tensor(-0.0004, device='cuda:0')
[Step 93] PGD Update - Time: 0.0012s, Mem: 0.00 B

[Step 93] 完整步骤总时间: 9.277003s | 总显存: 0.00 B
[Step 93] 峰值显存: 6.22 GB

[Step 94] ============ 详细性能分析 ============
[模型部分] 总时间: 12.113412s | 显存: 4.12 GB

[0-9秒 PDE求解详细性能]
  t=0s - 时间: 0.000000s | 显存: 0.00 B
  t=1s - 时间: 0.402206s | 显存: 0.00 B
  t=2s - 时间: 0.508458s | 显存: 0.00 B
  t=3s - 时间: 0.570189s | 显存: 0.00 B
  t=4s - 时间: 0.706418s | 显存: 0.00 B
  t=5s - 时间: 0.729934s | 显存: 0.00 B
  t=6s - 时间: 0.869875s | 显存: 0.00 B
  t=7s - 时间: 1.930311s | 显存: 0.00 B
  t=8s - 时间: 2.011186s | 显存: 0.00 B
  t=9s - 时间: 1.085447s | 显存: 0.00 B

[19秒 PDE求解]
  t=19.0s - 时间: 1.978185s | 显存: 0.00 B

[PDE求解部分] 总时间: 1.978512s | 显存: 0.00 B

[本步骤总计] 时间: 14.091924s | 显存: 4.12 GB
orginal_loss:  tensor(1904.0883, device='cuda:0', grad_fn=<MseLossBackward0>)
[Step 94] Backward Propagation - Time: 1.5720s, Mem: -4413235200.00 B
x_adv.requires_grad:  True
pred_19.requires_grad, true_19.requires_grad:  True False
Autograd grad max:  tensor(0.0941, device='cuda:0')
Autograd grad min:  tensor(-0.1312, device='cuda:0')
Autograd grad mean:  tensor(0.0006, device='cuda:0')
[Step 94] PGD Update - Time: 0.1140s, Mem: 0.00 B

[Step 94] 完整步骤总时间: 17.448631s | 总显存: 0.00 B
[Step 94] 峰值显存: 6.22 GB

[Step 95] ============ 详细性能分析 ============
[模型部分] 总时间: 7.320080s | 显存: 4.12 GB

[0-9秒 PDE求解详细性能]
  t=0s - 时间: 0.000000s | 显存: 0.00 B
  t=1s - 时间: 0.538845s | 显存: 0.00 B
  t=2s - 时间: 0.549792s | 显存: 0.00 B
  t=3s - 时间: 0.590709s | 显存: 0.00 B
  t=4s - 时间: 0.671776s | 显存: 0.00 B
  t=5s - 时间: 0.760966s | 显存: 0.00 B
  t=6s - 时间: 0.910050s | 显存: 0.00 B
  t=7s - 时间: 1.031736s | 显存: 0.00 B
  t=8s - 时间: 1.123735s | 显存: 0.00 B
  t=9s - 时间: 1.121364s | 显存: 0.00 B

[19秒 PDE求解]
  t=19.0s - 时间: 2.025980s | 显存: 0.00 B

[PDE求解部分] 总时间: 2.026296s | 显存: 0.00 B

[本步骤总计] 时间: 9.346376s | 显存: 4.12 GB
orginal_loss:  tensor(1964.6658, device='cuda:0', grad_fn=<MseLossBackward0>)
[Step 95] Backward Propagation - Time: 0.0236s, Mem: -4413235200.00 B
x_adv.requires_grad:  True
pred_19.requires_grad, true_19.requires_grad:  True False
Autograd grad max:  tensor(0.0773, device='cuda:0')
Autograd grad min:  tensor(-0.1006, device='cuda:0')
Autograd grad mean:  tensor(0.0020, device='cuda:0')
[Step 95] PGD Update - Time: 0.0012s, Mem: 0.00 B

[Step 95] 完整步骤总时间: 9.375130s | 总显存: 0.00 B
[Step 95] 峰值显存: 6.22 GB

[Step 96] ============ 详细性能分析 ============
[模型部分] 总时间: 7.302927s | 显存: 4.12 GB

[0-9秒 PDE求解详细性能]
  t=0s - 时间: 0.000000s | 显存: 0.00 B
  t=1s - 时间: 0.459193s | 显存: 0.00 B
  t=2s - 时间: 0.524899s | 显存: 0.00 B
  t=3s - 时间: 0.604881s | 显存: 0.00 B
  t=4s - 时间: 0.685146s | 显存: 0.00 B
  t=5s - 时间: 0.841955s | 显存: 0.00 B
  t=6s - 时间: 0.966108s | 显存: 0.00 B
  t=7s - 时间: 1.035090s | 显存: 0.00 B
  t=8s - 时间: 1.074424s | 显存: 0.00 B
  t=9s - 时间: 1.090155s | 显存: 0.00 B

[19秒 PDE求解]
  t=19.0s - 时间: 1.959734s | 显存: 0.00 B

[PDE求解部分] 总时间: 1.960053s | 显存: 0.00 B

[本步骤总计] 时间: 9.262980s | 显存: 4.12 GB
orginal_loss:  tensor(1963.3544, device='cuda:0', grad_fn=<MseLossBackward0>)
[Step 96] Backward Propagation - Time: 0.0236s, Mem: -4413235200.00 B
x_adv.requires_grad:  True
pred_19.requires_grad, true_19.requires_grad:  True False
Autograd grad max:  tensor(0.1421, device='cuda:0')
Autograd grad min:  tensor(-0.1445, device='cuda:0')
Autograd grad mean:  tensor(0.0009, device='cuda:0')
[Step 96] PGD Update - Time: 0.0011s, Mem: 0.00 B

[Step 96] 完整步骤总时间: 9.291351s | 总显存: 0.00 B
[Step 96] 峰值显存: 6.22 GB

[Step 97] ============ 详细性能分析 ============
[模型部分] 总时间: 7.270311s | 显存: 4.12 GB

[0-9秒 PDE求解详细性能]
  t=0s - 时间: 0.000000s | 显存: 0.00 B
  t=1s - 时间: 0.422447s | 显存: 0.00 B
  t=2s - 时间: 0.580229s | 显存: 0.00 B
  t=3s - 时间: 0.653301s | 显存: 0.00 B
  t=4s - 时间: 0.715651s | 显存: 0.00 B
  t=5s - 时间: 0.788141s | 显存: 0.00 B
  t=6s - 时间: 0.883992s | 显存: 0.00 B
  t=7s - 时间: 0.938853s | 显存: 0.00 B
  t=8s - 时间: 1.120231s | 显存: 0.00 B
  t=9s - 时间: 1.146331s | 显存: 0.00 B

[19秒 PDE求解]
  t=19.0s - 时间: 1.963029s | 显存: 0.00 B

[PDE求解部分] 总时间: 1.963355s | 显存: 0.00 B

[本步骤总计] 时间: 9.233666s | 显存: 4.12 GB
orginal_loss:  tensor(2013.9686, device='cuda:0', grad_fn=<MseLossBackward0>)
[Step 97] Backward Propagation - Time: 0.0234s, Mem: -4413235200.00 B
x_adv.requires_grad:  True
pred_19.requires_grad, true_19.requires_grad:  True False
Autograd grad max:  tensor(0.0946, device='cuda:0')
Autograd grad min:  tensor(-0.1081, device='cuda:0')
Autograd grad mean:  tensor(0.0006, device='cuda:0')
[Step 97] PGD Update - Time: 0.0011s, Mem: 0.00 B

[Step 97] 完整步骤总时间: 9.262066s | 总显存: 0.00 B
[Step 97] 峰值显存: 6.22 GB

[Step 98] ============ 详细性能分析 ============
[模型部分] 总时间: 7.254320s | 显存: 4.12 GB

[0-9秒 PDE求解详细性能]
  t=0s - 时间: 0.000000s | 显存: 0.00 B
  t=1s - 时间: 0.512084s | 显存: 0.00 B
  t=2s - 时间: 0.543647s | 显存: 0.00 B
  t=3s - 时间: 0.656373s | 显存: 0.00 B
  t=4s - 时间: 0.689138s | 显存: 0.00 B
  t=5s - 时间: 0.781418s | 显存: 0.00 B
  t=6s - 时间: 0.934749s | 显存: 0.00 B
  t=7s - 时间: 0.983418s | 显存: 0.00 B
  t=8s - 时间: 1.061842s | 显存: 0.00 B
  t=9s - 时间: 1.070259s | 显存: 0.00 B

[19秒 PDE求解]
  t=19.0s - 时间: 1.882366s | 显存: 0.00 B

[PDE求解部分] 总时间: 1.882730s | 显存: 0.00 B

[本步骤总计] 时间: 9.137050s | 显存: 4.12 GB
orginal_loss:  tensor(2130.8215, device='cuda:0', grad_fn=<MseLossBackward0>)
[Step 98] Backward Propagation - Time: 0.0237s, Mem: -4413235200.00 B
x_adv.requires_grad:  True
pred_19.requires_grad, true_19.requires_grad:  True False
Autograd grad max:  tensor(0.0689, device='cuda:0')
Autograd grad min:  tensor(-0.1023, device='cuda:0')
Autograd grad mean:  tensor(0.0013, device='cuda:0')
[Step 98] PGD Update - Time: 0.0012s, Mem: 0.00 B

[Step 98] 完整步骤总时间: 9.166335s | 总显存: 0.00 B
[Step 98] 峰值显存: 6.22 GB

[Step 99] ============ 详细性能分析 ============
[模型部分] 总时间: 7.137673s | 显存: 4.12 GB

[0-9秒 PDE求解详细性能]
  t=0s - 时间: 0.000000s | 显存: 0.00 B
  t=1s - 时间: 0.434792s | 显存: 0.00 B
  t=2s - 时间: 0.554726s | 显存: 0.00 B
  t=3s - 时间: 0.588120s | 显存: 0.00 B
  t=4s - 时间: 0.686930s | 显存: 0.00 B
  t=5s - 时间: 0.770231s | 显存: 0.00 B
  t=6s - 时间: 0.887354s | 显存: 0.00 B
  t=7s - 时间: 0.984830s | 显存: 0.00 B
  t=8s - 时间: 1.090277s | 显存: 0.00 B
  t=9s - 时间: 1.118599s | 显存: 0.00 B

[19秒 PDE求解]
  t=19.0s - 时间: 1.917511s | 显存: 0.00 B

[PDE求解部分] 总时间: 1.917855s | 显存: 0.00 B

[本步骤总计] 时间: 9.055527s | 显存: 4.12 GB
orginal_loss:  tensor(2099.8108, device='cuda:0', grad_fn=<MseLossBackward0>)
[Step 99] Backward Propagation - Time: 0.0237s, Mem: -4413235200.00 B
x_adv.requires_grad:  True
pred_19.requires_grad, true_19.requires_grad:  True False
Autograd grad max:  tensor(0.0643, device='cuda:0')
Autograd grad min:  tensor(-0.0661, device='cuda:0')
Autograd grad mean:  tensor(0.0016, device='cuda:0')
[Step 99] PGD Update - Time: 0.0012s, Mem: 0.00 B

[Step 99] 完整步骤总时间: 9.084752s | 总显存: 0.00 B
[Step 99] 峰值显存: 6.22 GB
清理前显存占用: 2092.8798828125 MB
PGD攻击完成！显存已清理
当前显存占用: 2092.1298828125 MB
================================================================================
norm: 2, epsilon: 13.1072, alpha: 5.0, num_steps: 100, index: 1
x_adv.shape:  torch.Size([256, 256])

[Step 0] ============ 详细性能分析 ============
[模型部分] 总时间: 7.213990s | 显存: 4.11 GB

[0-9秒 PDE求解详细性能]
  t=0s - 时间: 0.000000s | 显存: 0.00 B
  t=1s - 时间: 0.541737s | 显存: 0.00 B
  t=2s - 时间: 0.488175s | 显存: 0.00 B
  t=3s - 时间: 0.582545s | 显存: 0.00 B
  t=4s - 时间: 0.761526s | 显存: 0.00 B
  t=5s - 时间: 0.772757s | 显存: 0.00 B
  t=6s - 时间: 0.930089s | 显存: 0.00 B
  t=7s - 时间: 0.909326s | 显存: 0.00 B
  t=8s - 时间: 1.017631s | 显存: 0.00 B
  t=9s - 时间: 1.178268s | 显存: 0.00 B

[19秒 PDE求解]
  t=19.0s - 时间: 1.928918s | 显存: 0.00 B

[PDE求解部分] 总时间: 1.929253s | 显存: 0.00 B

[本步骤总计] 时间: 9.143243s | 显存: 4.11 GB
orginal_loss:  tensor(3644.5620, device='cuda:0', grad_fn=<MseLossBackward0>)
[Step 0] Backward Propagation - Time: 0.0236s, Mem: -4411621376.00 B
x_adv.requires_grad:  True
pred_19.requires_grad, true_19.requires_grad:  True False
Autograd grad max:  tensor(0.5650, device='cuda:0')
Autograd grad min:  tensor(-0.5409, device='cuda:0')
Autograd grad mean:  tensor(-0.0003, device='cuda:0')
[Step 0] PGD Update - Time: 0.0008s, Mem: 513.00 KB

[Step 0] 完整步骤总时间: 9.170933s | 总显存: 4.00 MB
[Step 0] 峰值显存: 6.22 GB

[Step 1] ============ 详细性能分析 ============
[模型部分] 总时间: 7.317944s | 显存: 4.11 GB

[0-9秒 PDE求解详细性能]
  t=0s - 时间: 0.000000s | 显存: 0.00 B
  t=1s - 时间: 0.517097s | 显存: 0.00 B
  t=2s - 时间: 0.556230s | 显存: 0.00 B
  t=3s - 时间: 0.691716s | 显存: 0.00 B
  t=4s - 时间: 0.715860s | 显存: 0.00 B
  t=5s - 时间: 0.809979s | 显存: 0.00 B
  t=6s - 时间: 0.844756s | 显存: 0.00 B
  t=7s - 时间: 0.954898s | 显存: 0.00 B
  t=8s - 时间: 1.044983s | 显存: 0.00 B
  t=9s - 时间: 1.161249s | 显存: 0.00 B

[19秒 PDE求解]
  t=19.0s - 时间: 1.955244s | 显存: 0.00 B

[PDE求解部分] 总时间: 1.955578s | 显存: 0.00 B

[本步骤总计] 时间: 9.273522s | 显存: 4.11 GB
orginal_loss:  tensor(3303.8130, device='cuda:0', grad_fn=<MseLossBackward0>)
[Step 1] Backward Propagation - Time: 0.0240s, Mem: -4410040320.00 B
x_adv.requires_grad:  True
pred_19.requires_grad, true_19.requires_grad:  True False
Autograd grad max:  tensor(0.4324, device='cuda:0')
Autograd grad min:  tensor(-0.4754, device='cuda:0')
Autograd grad mean:  tensor(-0.0038, device='cuda:0')
[Step 1] PGD Update - Time: 0.0008s, Mem: 0.00 B

[Step 1] 完整步骤总时间: 9.302099s | 总显存: -524288.00 B
[Step 1] 峰值显存: 6.22 GB

[Step 2] ============ 详细性能分析 ============
[模型部分] 总时间: 7.491749s | 显存: 4.12 GB

[0-9秒 PDE求解详细性能]
  t=0s - 时间: 0.000000s | 显存: 0.00 B
  t=1s - 时间: 0.518540s | 显存: 0.00 B
  t=2s - 时间: 0.551687s | 显存: 0.00 B
  t=3s - 时间: 0.653259s | 显存: 0.00 B
  t=4s - 时间: 0.705349s | 显存: 0.00 B
  t=5s - 时间: 0.792840s | 显存: 0.00 B
  t=6s - 时间: 0.974130s | 显存: 0.00 B
  t=7s - 时间: 1.055822s | 显存: 0.00 B
  t=8s - 时间: 1.112389s | 显存: 0.00 B
  t=9s - 时间: 1.106551s | 显存: 0.00 B

[19秒 PDE求解]
  t=19.0s - 时间: 1.967181s | 显存: 0.00 B

[PDE求解部分] 总时间: 1.967502s | 显存: 0.00 B

[本步骤总计] 时间: 9.459250s | 显存: 4.12 GB
orginal_loss:  tensor(2378.9697, device='cuda:0', grad_fn=<MseLossBackward0>)
[Step 2] Backward Propagation - Time: 0.0236s, Mem: -4413235200.00 B
x_adv.requires_grad:  True
pred_19.requires_grad, true_19.requires_grad:  True False
Autograd grad max:  tensor(0.3086, device='cuda:0')
Autograd grad min:  tensor(-0.3444, device='cuda:0')
Autograd grad mean:  tensor(-0.0033, device='cuda:0')
[Step 2] PGD Update - Time: 0.0258s, Mem: 0.00 B

[Step 2] 完整步骤总时间: 9.512722s | 总显存: 0.00 B
[Step 2] 峰值显存: 6.22 GB

[Step 3] ============ 详细性能分析 ============
[模型部分] 总时间: 7.093989s | 显存: 4.12 GB

[0-9秒 PDE求解详细性能]
  t=0s - 时间: 0.000000s | 显存: 0.00 B
  t=1s - 时间: 0.418916s | 显存: 0.00 B
  t=2s - 时间: 0.515448s | 显存: 0.00 B
  t=3s - 时间: 0.570749s | 显存: 0.00 B
  t=4s - 时间: 0.648539s | 显存: 0.00 B
  t=5s - 时间: 0.804410s | 显存: 0.00 B
  t=6s - 时间: 0.943973s | 显存: 0.00 B
  t=7s - 时间: 0.964458s | 显存: 0.00 B
  t=8s - 时间: 1.008272s | 显存: 0.00 B
  t=9s - 时间: 1.198111s | 显存: 0.00 B

[19秒 PDE求解]
  t=19.0s - 时间: 1.948064s | 显存: 0.00 B

[PDE求解部分] 总时间: 1.948388s | 显存: 0.00 B

[本步骤总计] 时间: 9.042377s | 显存: 4.12 GB
orginal_loss:  tensor(1763.2130, device='cuda:0', grad_fn=<MseLossBackward0>)
[Step 3] Backward Propagation - Time: 0.0235s, Mem: -4413235200.00 B
x_adv.requires_grad:  True
pred_19.requires_grad, true_19.requires_grad:  True False
Autograd grad max:  tensor(0.2403, device='cuda:0')
Autograd grad min:  tensor(-0.2585, device='cuda:0')
Autograd grad mean:  tensor(-0.0016, device='cuda:0')
[Step 3] PGD Update - Time: 0.0012s, Mem: 0.00 B

[Step 3] 完整步骤总时间: 9.070817s | 总显存: 0.00 B
[Step 3] 峰值显存: 6.22 GB

[Step 4] ============ 详细性能分析 ============
[模型部分] 总时间: 7.464045s | 显存: 4.12 GB

[0-9秒 PDE求解详细性能]
  t=0s - 时间: 0.000000s | 显存: 0.00 B
  t=1s - 时间: 0.528160s | 显存: 0.00 B
  t=2s - 时间: 0.513697s | 显存: 0.00 B
  t=3s - 时间: 0.687854s | 显存: 0.00 B
  t=4s - 时间: 0.770675s | 显存: 0.00 B
  t=5s - 时间: 0.812864s | 显存: 0.00 B
  t=6s - 时间: 0.949911s | 显存: 0.00 B
  t=7s - 时间: 1.011991s | 显存: 0.00 B
  t=8s - 时间: 1.057310s | 显存: 0.00 B
  t=9s - 时间: 1.110368s | 显存: 0.00 B

[19秒 PDE求解]
  t=19.0s - 时间: 1.940041s | 显存: 0.00 B

[PDE求解部分] 总时间: 1.940377s | 显存: 0.00 B

[本步骤总计] 时间: 9.404422s | 显存: 4.12 GB
orginal_loss:  tensor(1773.4410, device='cuda:0', grad_fn=<MseLossBackward0>)
[Step 4] Backward Propagation - Time: 0.0236s, Mem: -4413235200.00 B
x_adv.requires_grad:  True
pred_19.requires_grad, true_19.requires_grad:  True False
Autograd grad max:  tensor(0.2196, device='cuda:0')
Autograd grad min:  tensor(-0.2628, device='cuda:0')
Autograd grad mean:  tensor(-0.0016, device='cuda:0')
[Step 4] PGD Update - Time: 0.0012s, Mem: 0.00 B

[Step 4] 完整步骤总时间: 9.433282s | 总显存: 0.00 B
[Step 4] 峰值显存: 6.22 GB

[Step 5] ============ 详细性能分析 ============
[模型部分] 总时间: 7.327229s | 显存: 4.12 GB

[0-9秒 PDE求解详细性能]
  t=0s - 时间: 0.000000s | 显存: 0.00 B
  t=1s - 时间: 0.484409s | 显存: 0.00 B
  t=2s - 时间: 0.524480s | 显存: 0.00 B
  t=3s - 时间: 0.591102s | 显存: 0.00 B
  t=4s - 时间: 0.711086s | 显存: 0.00 B
  t=5s - 时间: 0.820195s | 显存: 0.00 B
  t=6s - 时间: 0.930403s | 显存: 0.00 B
  t=7s - 时间: 1.017816s | 显存: 0.00 B
  t=8s - 时间: 1.116870s | 显存: 0.00 B
  t=9s - 时间: 1.109441s | 显存: 0.00 B

[19秒 PDE求解]
  t=19.0s - 时间: 1.888946s | 显存: 0.00 B

[PDE求解部分] 总时间: 1.889350s | 显存: 0.00 B

[本步骤总计] 时间: 9.216579s | 显存: 4.12 GB
orginal_loss:  tensor(1741.9958, device='cuda:0', grad_fn=<MseLossBackward0>)
[Step 5] Backward Propagation - Time: 0.0236s, Mem: -4413235200.00 B
x_adv.requires_grad:  True
pred_19.requires_grad, true_19.requires_grad:  True False
Autograd grad max:  tensor(0.2096, device='cuda:0')
Autograd grad min:  tensor(-0.2579, device='cuda:0')
Autograd grad mean:  tensor(-0.0016, device='cuda:0')
[Step 5] PGD Update - Time: 0.0013s, Mem: 0.00 B

[Step 5] 完整步骤总时间: 9.246411s | 总显存: 0.00 B
[Step 5] 峰值显存: 6.22 GB

[Step 6] ============ 详细性能分析 ============
[模型部分] 总时间: 7.237250s | 显存: 4.12 GB

[0-9秒 PDE求解详细性能]
  t=0s - 时间: 0.000000s | 显存: 0.00 B
  t=1s - 时间: 0.476520s | 显存: 0.00 B
  t=2s - 时间: 0.535463s | 显存: 0.00 B
  t=3s - 时间: 0.598903s | 显存: 0.00 B
  t=4s - 时间: 0.738771s | 显存: 0.00 B
  t=5s - 时间: 0.889231s | 显存: 0.00 B
  t=6s - 时间: 0.892802s | 显存: 0.00 B
  t=7s - 时间: 0.962556s | 显存: 0.00 B
  t=8s - 时间: 1.042411s | 显存: 0.00 B
  t=9s - 时间: 1.078845s | 显存: 0.00 B

[19秒 PDE求解]
  t=19.0s - 时间: 1.873782s | 显存: 0.00 B

[PDE求解部分] 总时间: 1.874146s | 显存: 0.00 B

[本步骤总计] 时间: 9.111396s | 显存: 4.12 GB
orginal_loss:  tensor(1693.7878, device='cuda:0', grad_fn=<MseLossBackward0>)
[Step 6] Backward Propagation - Time: 0.0236s, Mem: -4413235200.00 B
x_adv.requires_grad:  True
pred_19.requires_grad, true_19.requires_grad:  True False
Autograd grad max:  tensor(0.2023, device='cuda:0')
Autograd grad min:  tensor(-0.2464, device='cuda:0')
Autograd grad mean:  tensor(-0.0016, device='cuda:0')
[Step 6] PGD Update - Time: 0.0012s, Mem: 0.00 B

[Step 6] 完整步骤总时间: 9.140436s | 总显存: 0.00 B
[Step 6] 峰值显存: 6.22 GB

[Step 7] ============ 详细性能分析 ============
[模型部分] 总时间: 7.198171s | 显存: 4.12 GB

[0-9秒 PDE求解详细性能]
  t=0s - 时间: 0.000000s | 显存: 0.00 B
  t=1s - 时间: 0.434203s | 显存: 0.00 B
  t=2s - 时间: 0.585407s | 显存: 0.00 B
  t=3s - 时间: 0.641631s | 显存: 0.00 B
  t=4s - 时间: 0.743528s | 显存: 0.00 B
  t=5s - 时间: 0.770846s | 显存: 0.00 B
  t=6s - 时间: 0.952911s | 显存: 0.00 B
  t=7s - 时间: 0.928381s | 显存: 0.00 B
  t=8s - 时间: 0.999156s | 显存: 0.00 B
  t=9s - 时间: 1.120832s | 显存: 0.00 B

[19秒 PDE求解]
  t=19.0s - 时间: 1.972482s | 显存: 0.00 B

[PDE求解部分] 总时间: 1.972824s | 显存: 0.00 B

[本步骤总计] 时间: 9.170995s | 显存: 4.12 GB
orginal_loss:  tensor(1647.5433, device='cuda:0', grad_fn=<MseLossBackward0>)
[Step 7] Backward Propagation - Time: 0.0237s, Mem: -4413235200.00 B
x_adv.requires_grad:  True
pred_19.requires_grad, true_19.requires_grad:  True False
Autograd grad max:  tensor(0.1961, device='cuda:0')
Autograd grad min:  tensor(-0.2320, device='cuda:0')
Autograd grad mean:  tensor(-0.0017, device='cuda:0')
[Step 7] PGD Update - Time: 0.0012s, Mem: 0.00 B

[Step 7] 完整步骤总时间: 9.199791s | 总显存: 0.00 B
[Step 7] 峰值显存: 6.22 GB

[Step 8] ============ 详细性能分析 ============
[模型部分] 总时间: 7.211910s | 显存: 4.12 GB

[0-9秒 PDE求解详细性能]
  t=0s - 时间: 0.000000s | 显存: 0.00 B
  t=1s - 时间: 0.410217s | 显存: 0.00 B
  t=2s - 时间: 0.537394s | 显存: 0.00 B
  t=3s - 时间: 0.607368s | 显存: 0.00 B
  t=4s - 时间: 0.742407s | 显存: 0.00 B
  t=5s - 时间: 0.812157s | 显存: 0.00 B
  t=6s - 时间: 0.929231s | 显存: 0.00 B
  t=7s - 时间: 1.011401s | 显存: 0.00 B
  t=8s - 时间: 0.996627s | 显存: 0.00 B
  t=9s - 时间: 1.143871s | 显存: 0.00 B

[19秒 PDE求解]
  t=19.0s - 时间: 1.997704s | 显存: 0.00 B

[PDE求解部分] 总时间: 1.998056s | 显存: 0.00 B

[本步骤总计] 时间: 9.209966s | 显存: 4.12 GB
orginal_loss:  tensor(1611.0078, device='cuda:0', grad_fn=<MseLossBackward0>)
[Step 8] Backward Propagation - Time: 0.0236s, Mem: -4413235200.00 B
x_adv.requires_grad:  True
pred_19.requires_grad, true_19.requires_grad:  True False
Autograd grad max:  tensor(0.1919, device='cuda:0')
Autograd grad min:  tensor(-0.2175, device='cuda:0')
Autograd grad mean:  tensor(-0.0019, device='cuda:0')
[Step 8] PGD Update - Time: 0.0012s, Mem: 0.00 B

[Step 8] 完整步骤总时间: 9.238678s | 总显存: 0.00 B
[Step 8] 峰值显存: 6.22 GB

[Step 9] ============ 详细性能分析 ============
[模型部分] 总时间: 7.395340s | 显存: 4.12 GB

[0-9秒 PDE求解详细性能]
  t=0s - 时间: 0.000000s | 显存: 0.00 B
  t=1s - 时间: 0.525142s | 显存: 0.00 B
  t=2s - 时间: 0.580613s | 显存: 0.00 B
  t=3s - 时间: 0.603752s | 显存: 0.00 B
  t=4s - 时间: 0.791561s | 显存: 0.00 B
  t=5s - 时间: 0.834773s | 显存: 0.00 B
  t=6s - 时间: 0.936062s | 显存: 0.00 B
  t=7s - 时间: 0.945632s | 显存: 0.00 B
  t=8s - 时间: 1.070157s | 显存: 0.00 B
  t=9s - 时间: 1.086405s | 显存: 0.00 B

[19秒 PDE求解]
  t=19.0s - 时间: 2.004021s | 显存: 0.00 B

[PDE求解部分] 总时间: 2.004357s | 显存: 0.00 B

[本步骤总计] 时间: 9.399697s | 显存: 4.12 GB
orginal_loss:  tensor(1583.3976, device='cuda:0', grad_fn=<MseLossBackward0>)
[Step 9] Backward Propagation - Time: 0.0235s, Mem: -4413235200.00 B
x_adv.requires_grad:  True
pred_19.requires_grad, true_19.requires_grad:  True False
Autograd grad max:  tensor(0.1898, device='cuda:0')
Autograd grad min:  tensor(-0.2068, device='cuda:0')
Autograd grad mean:  tensor(-0.0023, device='cuda:0')
[Step 9] PGD Update - Time: 0.0012s, Mem: 0.00 B

[Step 9] 完整步骤总时间: 9.428167s | 总显存: 0.00 B
[Step 9] 峰值显存: 6.22 GB

[Step 10] ============ 详细性能分析 ============
[模型部分] 总时间: 7.537070s | 显存: 4.12 GB

[0-9秒 PDE求解详细性能]
  t=0s - 时间: 0.000000s | 显存: 0.00 B
  t=1s - 时间: 0.557093s | 显存: 0.00 B
  t=2s - 时间: 0.610712s | 显存: 0.00 B
  t=3s - 时间: 0.714399s | 显存: 0.00 B
  t=4s - 时间: 0.763818s | 显存: 0.00 B
  t=5s - 时间: 0.806313s | 显存: 0.00 B
  t=6s - 时间: 0.868633s | 显存: 0.00 B
  t=7s - 时间: 0.982670s | 显存: 0.00 B
  t=8s - 时间: 1.091886s | 显存: 0.00 B
  t=9s - 时间: 1.120374s | 显存: 0.00 B

[19秒 PDE求解]
  t=19.0s - 时间: 2.039521s | 显存: 0.00 B

[PDE求解部分] 总时间: 2.039863s | 显存: 0.00 B

[本步骤总计] 时间: 9.576933s | 显存: 4.12 GB
orginal_loss:  tensor(1548.6066, device='cuda:0', grad_fn=<MseLossBackward0>)
[Step 10] Backward Propagation - Time: 0.0236s, Mem: -4413235200.00 B
x_adv.requires_grad:  True
pred_19.requires_grad, true_19.requires_grad:  True False
Autograd grad max:  tensor(0.1889, device='cuda:0')
Autograd grad min:  tensor(-0.2045, device='cuda:0')
Autograd grad mean:  tensor(-0.0027, device='cuda:0')
[Step 10] PGD Update - Time: 0.0012s, Mem: 0.00 B

[Step 10] 完整步骤总时间: 9.605806s | 总显存: 0.00 B
[Step 10] 峰值显存: 6.22 GB

[Step 11] ============ 详细性能分析 ============
[模型部分] 总时间: 7.163088s | 显存: 4.12 GB

[0-9秒 PDE求解详细性能]
  t=0s - 时间: 0.000000s | 显存: 0.00 B
  t=1s - 时间: 0.470882s | 显存: 0.00 B
  t=2s - 时间: 0.594849s | 显存: 0.00 B
  t=3s - 时间: 0.684206s | 显存: 0.00 B
  t=4s - 时间: 0.654463s | 显存: 0.00 B
  t=5s - 时间: 0.806836s | 显存: 0.00 B
  t=6s - 时间: 0.840024s | 显存: 0.00 B
  t=7s - 时间: 0.946611s | 显存: 0.00 B
  t=8s - 时间: 1.034492s | 显存: 0.00 B
  t=9s - 时间: 1.109455s | 显存: 0.00 B

[19秒 PDE求解]
  t=19.0s - 时间: 1.959997s | 显存: 0.00 B

[PDE求解部分] 总时间: 1.960366s | 显存: 0.00 B

[本步骤总计] 时间: 9.123454s | 显存: 4.12 GB
orginal_loss:  tensor(1487.8943, device='cuda:0', grad_fn=<MseLossBackward0>)
[Step 11] Backward Propagation - Time: 0.0234s, Mem: -4413235200.00 B
x_adv.requires_grad:  True
pred_19.requires_grad, true_19.requires_grad:  True False
Autograd grad max:  tensor(0.1817, device='cuda:0')
Autograd grad min:  tensor(-0.2034, device='cuda:0')
Autograd grad mean:  tensor(-0.0030, device='cuda:0')
[Step 11] PGD Update - Time: 0.0012s, Mem: 0.00 B

[Step 11] 完整步骤总时间: 9.152042s | 总显存: 0.00 B
[Step 11] 峰值显存: 6.22 GB

[Step 12] ============ 详细性能分析 ============
[模型部分] 总时间: 7.065466s | 显存: 4.12 GB

[0-9秒 PDE求解详细性能]
  t=0s - 时间: 0.000000s | 显存: 0.00 B
  t=1s - 时间: 0.450293s | 显存: 0.00 B
  t=2s - 时间: 0.524478s | 显存: 0.00 B
  t=3s - 时间: 0.573061s | 显存: 0.00 B
  t=4s - 时间: 0.646516s | 显存: 0.00 B
  t=5s - 时间: 0.729619s | 显存: 0.00 B
  t=6s - 时间: 0.939831s | 显存: 0.00 B
  t=7s - 时间: 1.052624s | 显存: 0.00 B
  t=8s - 时间: 1.065763s | 显存: 0.00 B
  t=9s - 时间: 1.061792s | 显存: 0.00 B

[19秒 PDE求解]
  t=19.0s - 时间: 1.994084s | 显存: 0.00 B

[PDE求解部分] 总时间: 1.994549s | 显存: 0.00 B

[本步骤总计] 时间: 9.060015s | 显存: 4.12 GB
orginal_loss:  tensor(1432.1809, device='cuda:0', grad_fn=<MseLossBackward0>)
[Step 12] Backward Propagation - Time: 0.0239s, Mem: -4413235200.00 B
x_adv.requires_grad:  True
pred_19.requires_grad, true_19.requires_grad:  True False
Autograd grad max:  tensor(0.1646, device='cuda:0')
Autograd grad min:  tensor(-0.1787, device='cuda:0')
Autograd grad mean:  tensor(-0.0027, device='cuda:0')
[Step 12] PGD Update - Time: 0.0014s, Mem: 0.00 B

[Step 12] 完整步骤总时间: 9.090423s | 总显存: 0.00 B
[Step 12] 峰值显存: 6.22 GB

[Step 13] ============ 详细性能分析 ============
[模型部分] 总时间: 7.386540s | 显存: 4.12 GB

[0-9秒 PDE求解详细性能]
  t=0s - 时间: 0.000000s | 显存: 0.00 B
  t=1s - 时间: 0.465075s | 显存: 0.00 B
  t=2s - 时间: 0.629141s | 显存: 0.00 B
  t=3s - 时间: 0.612937s | 显存: 0.00 B
  t=4s - 时间: 0.798663s | 显存: 0.00 B
  t=5s - 时间: 0.830566s | 显存: 0.00 B
  t=6s - 时间: 0.911213s | 显存: 0.00 B
  t=7s - 时间: 0.937171s | 显存: 0.00 B
  t=8s - 时间: 1.017238s | 显存: 0.00 B
  t=9s - 时间: 1.162748s | 显存: 0.00 B

[19秒 PDE求解]
  t=19.0s - 时间: 1.913495s | 显存: 0.00 B

[PDE求解部分] 总时间: 1.913856s | 显存: 0.00 B

[本步骤总计] 时间: 9.300395s | 显存: 4.12 GB
orginal_loss:  tensor(1383.4626, device='cuda:0', grad_fn=<MseLossBackward0>)
[Step 13] Backward Propagation - Time: 0.0237s, Mem: -4413235200.00 B
x_adv.requires_grad:  True
pred_19.requires_grad, true_19.requires_grad:  True False
Autograd grad max:  tensor(0.1473, device='cuda:0')
Autograd grad min:  tensor(-0.1342, device='cuda:0')
Autograd grad mean:  tensor(-0.0022, device='cuda:0')
[Step 13] PGD Update - Time: 0.0013s, Mem: 0.00 B

[Step 13] 完整步骤总时间: 9.329735s | 总显存: 0.00 B
[Step 13] 峰值显存: 6.22 GB

[Step 14] ============ 详细性能分析 ============
[模型部分] 总时间: 7.682277s | 显存: 4.12 GB

[0-9秒 PDE求解详细性能]
  t=0s - 时间: 0.000000s | 显存: 0.00 B
  t=1s - 时间: 0.511055s | 显存: 0.00 B
  t=2s - 时间: 0.628491s | 显存: 0.00 B
  t=3s - 时间: 0.659143s | 显存: 0.00 B
  t=4s - 时间: 0.774729s | 显存: 0.00 B
  t=5s - 时间: 0.803507s | 显存: 0.00 B
  t=6s - 时间: 0.932694s | 显存: 0.00 B
  t=7s - 时间: 1.007579s | 显存: 0.00 B
  t=8s - 时间: 1.126415s | 显存: 0.00 B
  t=9s - 时间: 1.217409s | 显存: 0.00 B

[19秒 PDE求解]
  t=19.0s - 时间: 2.005122s | 显存: 0.00 B

[PDE求解部分] 总时间: 2.005489s | 显存: 0.00 B

[本步骤总计] 时间: 9.687765s | 显存: 4.12 GB
orginal_loss:  tensor(1328.8245, device='cuda:0', grad_fn=<MseLossBackward0>)
[Step 14] Backward Propagation - Time: 0.0236s, Mem: -4413235200.00 B
x_adv.requires_grad:  True
pred_19.requires_grad, true_19.requires_grad:  True False
Autograd grad max:  tensor(0.1297, device='cuda:0')
Autograd grad min:  tensor(-0.0923, device='cuda:0')
Autograd grad mean:  tensor(-0.0014, device='cuda:0')
[Step 14] PGD Update - Time: 0.0012s, Mem: 0.00 B

[Step 14] 完整步骤总时间: 9.716388s | 总显存: 0.00 B
[Step 14] 峰值显存: 6.22 GB

[Step 15] ============ 详细性能分析 ============
[模型部分] 总时间: 7.540980s | 显存: 4.12 GB

[0-9秒 PDE求解详细性能]
  t=0s - 时间: 0.000000s | 显存: 0.00 B
  t=1s - 时间: 0.510770s | 显存: 0.00 B
  t=2s - 时间: 0.581332s | 显存: 0.00 B
  t=3s - 时间: 0.616463s | 显存: 0.00 B
  t=4s - 时间: 0.810830s | 显存: 0.00 B
  t=5s - 时间: 0.806486s | 显存: 0.00 B
  t=6s - 时间: 0.892441s | 显存: 0.00 B
  t=7s - 时间: 1.046120s | 显存: 0.00 B
  t=8s - 时间: 1.080640s | 显存: 0.00 B
  t=9s - 时间: 1.174662s | 显存: 0.00 B

[19秒 PDE求解]
  t=19.0s - 时间: 1.929686s | 显存: 0.00 B

[PDE求解部分] 总时间: 1.930040s | 显存: 0.00 B

[本步骤总计] 时间: 9.471020s | 显存: 4.12 GB
orginal_loss:  tensor(1481.4553, device='cuda:0', grad_fn=<MseLossBackward0>)
[Step 15] Backward Propagation - Time: 0.0235s, Mem: -4413235200.00 B
x_adv.requires_grad:  True
pred_19.requires_grad, true_19.requires_grad:  True False
Autograd grad max:  tensor(0.1436, device='cuda:0')
Autograd grad min:  tensor(-0.1654, device='cuda:0')
Autograd grad mean:  tensor(-0.0017, device='cuda:0')
[Step 15] PGD Update - Time: 0.0012s, Mem: 0.00 B

[Step 15] 完整步骤总时间: 9.499720s | 总显存: 0.00 B
[Step 15] 峰值显存: 6.22 GB

[Step 16] ============ 详细性能分析 ============
[模型部分] 总时间: 7.389400s | 显存: 4.12 GB

[0-9秒 PDE求解详细性能]
  t=0s - 时间: 0.000000s | 显存: 0.00 B
  t=1s - 时间: 0.474718s | 显存: 0.00 B
  t=2s - 时间: 0.641528s | 显存: 0.00 B
  t=3s - 时间: 0.676454s | 显存: 0.00 B
  t=4s - 时间: 0.724882s | 显存: 0.00 B
  t=5s - 时间: 0.803630s | 显存: 0.00 B
  t=6s - 时间: 0.947125s | 显存: 0.00 B
  t=7s - 时间: 0.932078s | 显存: 0.00 B
  t=8s - 时间: 1.055785s | 显存: 0.00 B
  t=9s - 时间: 1.111959s | 显存: 0.00 B

[19秒 PDE求解]
  t=19.0s - 时间: 1.894790s | 显存: 0.00 B

[PDE求解部分] 总时间: 1.895127s | 显存: 0.00 B

[本步骤总计] 时间: 9.284527s | 显存: 4.12 GB
orginal_loss:  tensor(1550.0551, device='cuda:0', grad_fn=<MseLossBackward0>)
[Step 16] Backward Propagation - Time: 0.0236s, Mem: -4413235200.00 B
x_adv.requires_grad:  True
pred_19.requires_grad, true_19.requires_grad:  True False
Autograd grad max:  tensor(0.1903, device='cuda:0')
Autograd grad min:  tensor(-0.2162, device='cuda:0')
Autograd grad mean:  tensor(-0.0027, device='cuda:0')
[Step 16] PGD Update - Time: 0.0012s, Mem: 0.00 B

[Step 16] 完整步骤总时间: 9.313150s | 总显存: 0.00 B
[Step 16] 峰值显存: 6.22 GB

[Step 17] ============ 详细性能分析 ============
[模型部分] 总时间: 7.231257s | 显存: 4.12 GB

[0-9秒 PDE求解详细性能]
  t=0s - 时间: 0.000000s | 显存: 0.00 B
  t=1s - 时间: 0.415436s | 显存: 0.00 B
  t=2s - 时间: 0.547928s | 显存: 0.00 B
  t=3s - 时间: 0.656602s | 显存: 0.00 B
  t=4s - 时间: 0.732007s | 显存: 0.00 B
  t=5s - 时间: 0.751705s | 显存: 0.00 B
  t=6s - 时间: 0.960982s | 显存: 0.00 B
  t=7s - 时间: 1.027283s | 显存: 0.00 B
  t=8s - 时间: 1.039803s | 显存: 0.00 B
  t=9s - 时间: 1.078314s | 显存: 0.00 B

[19秒 PDE求解]
  t=19.0s - 时间: 1.988284s | 显存: 0.00 B

[PDE求解部分] 总时间: 1.988659s | 显存: 0.00 B

[本步骤总计] 时间: 9.219916s | 显存: 4.12 GB
orginal_loss:  tensor(1554.3057, device='cuda:0', grad_fn=<MseLossBackward0>)
[Step 17] Backward Propagation - Time: 0.0235s, Mem: -4413235200.00 B
x_adv.requires_grad:  True
pred_19.requires_grad, true_19.requires_grad:  True False
Autograd grad max:  tensor(0.1942, device='cuda:0')
Autograd grad min:  tensor(-0.2127, device='cuda:0')
Autograd grad mean:  tensor(-0.0027, device='cuda:0')
[Step 17] PGD Update - Time: 0.0012s, Mem: 0.00 B

[Step 17] 完整步骤总时间: 9.248628s | 总显存: 0.00 B
[Step 17] 峰值显存: 6.22 GB

[Step 18] ============ 详细性能分析 ============
[模型部分] 总时间: 7.147738s | 显存: 4.12 GB

[0-9秒 PDE求解详细性能]
  t=0s - 时间: 0.000000s | 显存: 0.00 B
  t=1s - 时间: 0.477884s | 显存: 0.00 B
  t=2s - 时间: 0.521602s | 显存: 0.00 B
  t=3s - 时间: 0.610923s | 显存: 0.00 B
  t=4s - 时间: 0.687061s | 显存: 0.00 B
  t=5s - 时间: 0.743762s | 显存: 0.00 B
  t=6s - 时间: 0.923393s | 显存: 0.00 B
  t=7s - 时间: 0.994447s | 显存: 0.00 B
  t=8s - 时间: 1.057963s | 显存: 0.00 B
  t=9s - 时间: 1.109443s | 显存: 0.00 B

[19秒 PDE求解]
  t=19.0s - 时间: 1.965783s | 显存: 0.00 B

[PDE求解部分] 总时间: 1.966141s | 显存: 0.00 B

[本步骤总计] 时间: 9.113878s | 显存: 4.12 GB
orginal_loss:  tensor(1571.7358, device='cuda:0', grad_fn=<MseLossBackward0>)
[Step 18] Backward Propagation - Time: 0.0236s, Mem: -4413235200.00 B
x_adv.requires_grad:  True
pred_19.requires_grad, true_19.requires_grad:  True False
Autograd grad max:  tensor(0.1926, device='cuda:0')
Autograd grad min:  tensor(-0.2111, device='cuda:0')
Autograd grad mean:  tensor(-0.0028, device='cuda:0')
[Step 18] PGD Update - Time: 0.0012s, Mem: 0.00 B

[Step 18] 完整步骤总时间: 9.142615s | 总显存: 0.00 B
[Step 18] 峰值显存: 6.22 GB

[Step 19] ============ 详细性能分析 ============
[模型部分] 总时间: 7.414095s | 显存: 4.12 GB

[0-9秒 PDE求解详细性能]
  t=0s - 时间: 0.000000s | 显存: 0.00 B
  t=1s - 时间: 0.427208s | 显存: 0.00 B
  t=2s - 时间: 0.638529s | 显存: 0.00 B
  t=3s - 时间: 0.724598s | 显存: 0.00 B
  t=4s - 时间: 0.695185s | 显存: 0.00 B
  t=5s - 时间: 0.872355s | 显存: 0.00 B
  t=6s - 时间: 0.860800s | 显存: 0.00 B
  t=7s - 时间: 1.001088s | 显存: 0.00 B
  t=8s - 时间: 1.051402s | 显存: 0.00 B
  t=9s - 时间: 1.121401s | 显存: 0.00 B

[19秒 PDE求解]
  t=19.0s - 时间: 1.928974s | 显存: 0.00 B

[PDE求解部分] 总时间: 1.929362s | 显存: 0.00 B

[本步骤总计] 时间: 9.343456s | 显存: 4.12 GB
orginal_loss:  tensor(1580.2883, device='cuda:0', grad_fn=<MseLossBackward0>)
[Step 19] Backward Propagation - Time: 0.0238s, Mem: -4413235200.00 B
x_adv.requires_grad:  True
pred_19.requires_grad, true_19.requires_grad:  True False
Autograd grad max:  tensor(0.1877, device='cuda:0')
Autograd grad min:  tensor(-0.2045, device='cuda:0')
Autograd grad mean:  tensor(-0.0029, device='cuda:0')
[Step 19] PGD Update - Time: 0.0013s, Mem: 0.00 B

[Step 19] 完整步骤总时间: 9.374428s | 总显存: 0.00 B
[Step 19] 峰值显存: 6.22 GB

[Step 20] ============ 详细性能分析 ============
[模型部分] 总时间: 7.473087s | 显存: 4.12 GB

[0-9秒 PDE求解详细性能]
  t=0s - 时间: 0.000000s | 显存: 0.00 B
  t=1s - 时间: 0.489959s | 显存: 0.00 B
  t=2s - 时间: 0.519028s | 显存: 0.00 B
  t=3s - 时间: 0.680566s | 显存: 0.00 B
  t=4s - 时间: 0.759259s | 显存: 0.00 B
  t=5s - 时间: 0.799106s | 显存: 0.00 B
  t=6s - 时间: 0.943012s | 显存: 0.00 B
  t=7s - 时间: 1.034597s | 显存: 0.00 B
  t=8s - 时间: 1.094459s | 显存: 0.00 B
  t=9s - 时间: 1.131192s | 显存: 0.00 B

[19秒 PDE求解]
  t=19.0s - 时间: 1.990153s | 显存: 0.00 B

[PDE求解部分] 总时间: 1.990526s | 显存: 0.00 B

[本步骤总计] 时间: 9.463613s | 显存: 4.12 GB
orginal_loss:  tensor(1561.4491, device='cuda:0', grad_fn=<MseLossBackward0>)
[Step 20] Backward Propagation - Time: 0.0237s, Mem: -4413235200.00 B
x_adv.requires_grad:  True
pred_19.requires_grad, true_19.requires_grad:  True False
Autograd grad max:  tensor(0.1789, device='cuda:0')
Autograd grad min:  tensor(-0.1888, device='cuda:0')
Autograd grad mean:  tensor(-0.0028, device='cuda:0')
[Step 20] PGD Update - Time: 0.0013s, Mem: 0.00 B

[Step 20] 完整步骤总时间: 9.493147s | 总显存: 0.00 B
[Step 20] 峰值显存: 6.22 GB

[Step 21] ============ 详细性能分析 ============
[模型部分] 总时间: 7.477295s | 显存: 4.12 GB

[0-9秒 PDE求解详细性能]
  t=0s - 时间: 0.000000s | 显存: 0.00 B
  t=1s - 时间: 0.502966s | 显存: 0.00 B
  t=2s - 时间: 0.576599s | 显存: 0.00 B
  t=3s - 时间: 0.663153s | 显存: 0.00 B
  t=4s - 时间: 0.786546s | 显存: 0.00 B
  t=5s - 时间: 0.806975s | 显存: 0.00 B
  t=6s - 时间: 0.926171s | 显存: 0.00 B
  t=7s - 时间: 0.979731s | 显存: 0.00 B
  t=8s - 时间: 1.116211s | 显存: 0.00 B
  t=9s - 时间: 1.097631s | 显存: 0.00 B

[19秒 PDE求解]
  t=19.0s - 时间: 1.934295s | 显存: 0.00 B

[PDE求解部分] 总时间: 1.934646s | 显存: 0.00 B

[本步骤总计] 时间: 9.411941s | 显存: 4.12 GB
orginal_loss:  tensor(1513.8384, device='cuda:0', grad_fn=<MseLossBackward0>)
[Step 21] Backward Propagation - Time: 0.0237s, Mem: -4413235200.00 B
x_adv.requires_grad:  True
pred_19.requires_grad, true_19.requires_grad:  True False
Autograd grad max:  tensor(0.1661, device='cuda:0')
Autograd grad min:  tensor(-0.1647, device='cuda:0')
Autograd grad mean:  tensor(-0.0024, device='cuda:0')
[Step 21] PGD Update - Time: 0.0012s, Mem: 0.00 B

[Step 21] 完整步骤总时间: 9.440975s | 总显存: 0.00 B
[Step 21] 峰值显存: 6.22 GB

[Step 22] ============ 详细性能分析 ============
[模型部分] 总时间: 7.487079s | 显存: 4.12 GB

[0-9秒 PDE求解详细性能]
  t=0s - 时间: 0.000000s | 显存: 0.00 B
  t=1s - 时间: 0.498076s | 显存: 0.00 B
  t=2s - 时间: 0.585988s | 显存: 0.00 B
  t=3s - 时间: 0.629859s | 显存: 0.00 B
  t=4s - 时间: 0.790923s | 显存: 0.00 B
  t=5s - 时间: 0.811717s | 显存: 0.00 B
  t=6s - 时间: 0.940067s | 显存: 0.00 B
  t=7s - 时间: 1.042705s | 显存: 0.00 B
  t=8s - 时间: 1.086356s | 显存: 0.00 B
  t=9s - 时间: 1.080101s | 显存: 0.00 B

[19秒 PDE求解]
  t=19.0s - 时间: 1.955977s | 显存: 0.00 B

[PDE求解部分] 总时间: 1.956342s | 显存: 0.00 B

[本步骤总计] 时间: 9.443421s | 显存: 4.12 GB
orginal_loss:  tensor(1477.8827, device='cuda:0', grad_fn=<MseLossBackward0>)
[Step 22] Backward Propagation - Time: 0.0236s, Mem: -4413235200.00 B
x_adv.requires_grad:  True
pred_19.requires_grad, true_19.requires_grad:  True False
Autograd grad max:  tensor(0.1544, device='cuda:0')
Autograd grad min:  tensor(-0.1478, device='cuda:0')
Autograd grad mean:  tensor(-0.0021, device='cuda:0')
[Step 22] PGD Update - Time: 0.0012s, Mem: 0.00 B

[Step 22] 完整步骤总时间: 9.472083s | 总显存: 0.00 B
[Step 22] 峰值显存: 6.22 GB

[Step 23] ============ 详细性能分析 ============
[模型部分] 总时间: 7.589572s | 显存: 4.12 GB

[0-9秒 PDE求解详细性能]
  t=0s - 时间: 0.000000s | 显存: 0.00 B
  t=1s - 时间: 0.543959s | 显存: 0.00 B
  t=2s - 时间: 0.617933s | 显存: 0.00 B
  t=3s - 时间: 0.689765s | 显存: 0.00 B
  t=4s - 时间: 0.773612s | 显存: 0.00 B
  t=5s - 时间: 0.807784s | 显存: 0.00 B
  t=6s - 时间: 0.891262s | 显存: 0.00 B
  t=7s - 时间: 1.039652s | 显存: 0.00 B
  t=8s - 时间: 0.991425s | 显存: 0.00 B
  t=9s - 时间: 1.212890s | 显存: 0.00 B

[19秒 PDE求解]
  t=19.0s - 时间: 1.907639s | 显存: 0.00 B

[PDE求解部分] 总时间: 1.908003s | 显存: 0.00 B

[本步骤总计] 时间: 9.497575s | 显存: 4.12 GB
orginal_loss:  tensor(1516.0525, device='cuda:0', grad_fn=<MseLossBackward0>)
[Step 23] Backward Propagation - Time: 0.0236s, Mem: -4413235200.00 B
x_adv.requires_grad:  True
pred_19.requires_grad, true_19.requires_grad:  True False
Autograd grad max:  tensor(0.1562, device='cuda:0')
Autograd grad min:  tensor(-0.1635, device='cuda:0')
Autograd grad mean:  tensor(-0.0022, device='cuda:0')
[Step 23] PGD Update - Time: 0.0012s, Mem: 0.00 B

[Step 23] 完整步骤总时间: 9.526147s | 总显存: 0.00 B
[Step 23] 峰值显存: 6.22 GB

[Step 24] ============ 详细性能分析 ============
[模型部分] 总时间: 7.438205s | 显存: 4.12 GB

[0-9秒 PDE求解详细性能]
  t=0s - 时间: 0.000000s | 显存: 0.00 B
  t=1s - 时间: 0.529034s | 显存: 0.00 B
  t=2s - 时间: 0.564877s | 显存: 0.00 B
  t=3s - 时间: 0.647363s | 显存: 0.00 B
  t=4s - 时间: 0.729188s | 显存: 0.00 B
  t=5s - 时间: 0.891054s | 显存: 0.00 B
  t=6s - 时间: 0.888437s | 显存: 0.00 B
  t=7s - 时间: 0.942562s | 显存: 0.00 B
  t=8s - 时间: 1.040955s | 显存: 0.00 B
  t=9s - 时间: 1.183449s | 显存: 0.00 B

[19秒 PDE求解]
  t=19.0s - 时间: 1.946818s | 显存: 0.00 B

[PDE求解部分] 总时间: 1.947170s | 显存: 0.00 B

[本步骤总计] 时间: 9.385375s | 显存: 4.12 GB
orginal_loss:  tensor(1582.4490, device='cuda:0', grad_fn=<MseLossBackward0>)
[Step 24] Backward Propagation - Time: 0.0235s, Mem: -4413235200.00 B
x_adv.requires_grad:  True
pred_19.requires_grad, true_19.requires_grad:  True False
Autograd grad max:  tensor(0.1709, device='cuda:0')
Autograd grad min:  tensor(-0.1885, device='cuda:0')
Autograd grad mean:  tensor(-0.0025, device='cuda:0')
[Step 24] PGD Update - Time: 0.0012s, Mem: 0.00 B

[Step 24] 完整步骤总时间: 9.413947s | 总显存: 0.00 B
[Step 24] 峰值显存: 6.22 GB

[Step 25] ============ 详细性能分析 ============
[模型部分] 总时间: 7.460177s | 显存: 4.12 GB

[0-9秒 PDE求解详细性能]
  t=0s - 时间: 0.000000s | 显存: 0.00 B
  t=1s - 时间: 0.533541s | 显存: 0.00 B
  t=2s - 时间: 0.552623s | 显存: 0.00 B
  t=3s - 时间: 0.673158s | 显存: 0.00 B
  t=4s - 时间: 0.724296s | 显存: 0.00 B
  t=5s - 时间: 0.813468s | 显存: 0.00 B
  t=6s - 时间: 0.880820s | 显存: 0.00 B
  t=7s - 时间: 0.978038s | 显存: 0.00 B
  t=8s - 时间: 1.075648s | 显存: 0.00 B
  t=9s - 时间: 1.207379s | 显存: 0.00 B

[19秒 PDE求解]
  t=19.0s - 时间: 1.933866s | 显存: 0.00 B

[PDE求解部分] 总时间: 1.934228s | 显存: 0.00 B

[本步骤总计] 时间: 9.394405s | 显存: 4.12 GB
orginal_loss:  tensor(1603.3933, device='cuda:0', grad_fn=<MseLossBackward0>)
[Step 25] Backward Propagation - Time: 0.0234s, Mem: -4413235200.00 B
x_adv.requires_grad:  True
pred_19.requires_grad, true_19.requires_grad:  True False
Autograd grad max:  tensor(0.1782, device='cuda:0')
Autograd grad min:  tensor(-0.1941, device='cuda:0')
Autograd grad mean:  tensor(-0.0027, device='cuda:0')
[Step 25] PGD Update - Time: 0.0012s, Mem: 0.00 B

[Step 25] 完整步骤总时间: 9.422950s | 总显存: 0.00 B
[Step 25] 峰值显存: 6.22 GB

[Step 26] ============ 详细性能分析 ============
[模型部分] 总时间: 7.032814s | 显存: 4.12 GB

[0-9秒 PDE求解详细性能]
  t=0s - 时间: 0.000000s | 显存: 0.00 B
  t=1s - 时间: 0.423844s | 显存: 0.00 B
  t=2s - 时间: 0.559516s | 显存: 0.00 B
  t=3s - 时间: 0.665675s | 显存: 0.00 B
  t=4s - 时间: 0.653441s | 显存: 0.00 B
  t=5s - 时间: 0.758383s | 显存: 0.00 B
  t=6s - 时间: 0.855553s | 显存: 0.00 B
  t=7s - 时间: 0.929273s | 显存: 0.00 B
  t=8s - 时间: 1.028382s | 显存: 0.00 B
  t=9s - 时间: 1.137192s | 显存: 0.00 B

[19秒 PDE求解]
  t=19.0s - 时间: 1.965907s | 显存: 0.00 B

[PDE求解部分] 总时间: 1.966376s | 显存: 0.00 B

[本步骤总计] 时间: 8.999190s | 显存: 4.12 GB
orginal_loss:  tensor(1599.2062, device='cuda:0', grad_fn=<MseLossBackward0>)
[Step 26] Backward Propagation - Time: 0.0236s, Mem: -4413235200.00 B
x_adv.requires_grad:  True
pred_19.requires_grad, true_19.requires_grad:  True False
Autograd grad max:  tensor(0.1774, device='cuda:0')
Autograd grad min:  tensor(-0.1904, device='cuda:0')
Autograd grad mean:  tensor(-0.0027, device='cuda:0')
[Step 26] PGD Update - Time: 0.0013s, Mem: 0.00 B

[Step 26] 完整步骤总时间: 9.028964s | 总显存: 0.00 B
[Step 26] 峰值显存: 6.22 GB

[Step 27] ============ 详细性能分析 ============
[模型部分] 总时间: 7.215782s | 显存: 4.12 GB

[0-9秒 PDE求解详细性能]
  t=0s - 时间: 0.000000s | 显存: 0.00 B
  t=1s - 时间: 0.455786s | 显存: 0.00 B
  t=2s - 时间: 0.512870s | 显存: 0.00 B
  t=3s - 时间: 0.599952s | 显存: 0.00 B
  t=4s - 时间: 0.772591s | 显存: 0.00 B
  t=5s - 时间: 0.816306s | 显存: 0.00 B
  t=6s - 时间: 0.935772s | 显存: 0.00 B
  t=7s - 时间: 0.995377s | 显存: 0.00 B
  t=8s - 时间: 0.980904s | 显存: 0.00 B
  t=9s - 时间: 1.124346s | 显存: 0.00 B

[19秒 PDE求解]
  t=19.0s - 时间: 1.998233s | 显存: 0.00 B

[PDE求解部分] 总时间: 1.998595s | 显存: 0.00 B

[本步骤总计] 时间: 9.214377s | 显存: 4.12 GB
orginal_loss:  tensor(1581.2727, device='cuda:0', grad_fn=<MseLossBackward0>)
[Step 27] Backward Propagation - Time: 0.0238s, Mem: -4413235200.00 B
x_adv.requires_grad:  True
pred_19.requires_grad, true_19.requires_grad:  True False
Autograd grad max:  tensor(0.1730, device='cuda:0')
Autograd grad min:  tensor(-0.1821, device='cuda:0')
Autograd grad mean:  tensor(-0.0026, device='cuda:0')
[Step 27] PGD Update - Time: 0.0013s, Mem: 0.00 B

[Step 27] 完整步骤总时间: 9.243959s | 总显存: 0.00 B
[Step 27] 峰值显存: 6.22 GB

[Step 28] ============ 详细性能分析 ============
[模型部分] 总时间: 7.227145s | 显存: 4.12 GB

[0-9秒 PDE求解详细性能]
  t=0s - 时间: 0.000000s | 显存: 0.00 B
  t=1s - 时间: 0.448231s | 显存: 0.00 B
  t=2s - 时间: 0.618244s | 显存: 0.00 B
  t=3s - 时间: 0.586962s | 显存: 0.00 B
  t=4s - 时间: 0.680415s | 显存: 0.00 B
  t=5s - 时间: 0.774406s | 显存: 0.00 B
  t=6s - 时间: 0.881883s | 显存: 0.00 B
  t=7s - 时间: 1.013406s | 显存: 0.00 B
  t=8s - 时间: 1.080838s | 显存: 0.00 B
  t=9s - 时间: 1.121482s | 显存: 0.00 B

[19秒 PDE求解]
  t=19.0s - 时间: 1.973770s | 显存: 0.00 B

[PDE求解部分] 总时间: 1.974123s | 显存: 0.00 B

[本步骤总计] 时间: 9.201269s | 显存: 4.12 GB
orginal_loss:  tensor(1557.2668, device='cuda:0', grad_fn=<MseLossBackward0>)
[Step 28] Backward Propagation - Time: 0.0235s, Mem: -4413235200.00 B
x_adv.requires_grad:  True
pred_19.requires_grad, true_19.requires_grad:  True False
Autograd grad max:  tensor(0.1672, device='cuda:0')
Autograd grad min:  tensor(-0.1724, device='cuda:0')
Autograd grad mean:  tensor(-0.0025, device='cuda:0')
[Step 28] PGD Update - Time: 0.0012s, Mem: 0.00 B

[Step 28] 完整步骤总时间: 9.230196s | 总显存: 0.00 B
[Step 28] 峰值显存: 6.22 GB

[Step 29] ============ 详细性能分析 ============
[模型部分] 总时间: 7.438083s | 显存: 4.12 GB

[0-9秒 PDE求解详细性能]
  t=0s - 时间: 0.000000s | 显存: 0.00 B
  t=1s - 时间: 0.432606s | 显存: 0.00 B
  t=2s - 时间: 0.573563s | 显存: 0.00 B
  t=3s - 时间: 0.676061s | 显存: 0.00 B
  t=4s - 时间: 0.774330s | 显存: 0.00 B
  t=5s - 时间: 0.795914s | 显存: 0.00 B
  t=6s - 时间: 0.959983s | 显存: 0.00 B
  t=7s - 时间: 1.022246s | 显存: 0.00 B
  t=8s - 时间: 1.057287s | 显存: 0.00 B
  t=9s - 时间: 1.124824s | 显存: 0.00 B

[19秒 PDE求解]
  t=19.0s - 时间: 1.915049s | 显存: 0.00 B

[PDE求解部分] 总时间: 1.915422s | 显存: 0.00 B

[本步骤总计] 时间: 9.353506s | 显存: 4.12 GB
orginal_loss:  tensor(1544.3751, device='cuda:0', grad_fn=<MseLossBackward0>)
[Step 29] Backward Propagation - Time: 0.0236s, Mem: -4413235200.00 B
x_adv.requires_grad:  True
pred_19.requires_grad, true_19.requires_grad:  True False
Autograd grad max:  tensor(0.1632, device='cuda:0')
Autograd grad min:  tensor(-0.1681, device='cuda:0')
Autograd grad mean:  tensor(-0.0024, device='cuda:0')
[Step 29] PGD Update - Time: 0.0013s, Mem: 0.00 B

[Step 29] 完整步骤总时间: 9.382537s | 总显存: 0.00 B
[Step 29] 峰值显存: 6.22 GB

[Step 30] ============ 详细性能分析 ============
[模型部分] 总时间: 7.295495s | 显存: 4.12 GB

[0-9秒 PDE求解详细性能]
  t=0s - 时间: 0.000000s | 显存: 0.00 B
  t=1s - 时间: 0.492390s | 显存: 0.00 B
  t=2s - 时间: 0.634650s | 显存: 0.00 B
  t=3s - 时间: 0.731900s | 显存: 0.00 B
  t=4s - 时间: 0.712219s | 显存: 0.00 B
  t=5s - 时间: 0.758447s | 显存: 0.00 B
  t=6s - 时间: 0.870221s | 显存: 0.00 B
  t=7s - 时间: 0.938010s | 显存: 0.00 B
  t=8s - 时间: 1.034102s | 显存: 0.00 B
  t=9s - 时间: 1.102324s | 显存: 0.00 B

[19秒 PDE求解]
  t=19.0s - 时间: 1.970731s | 显存: 0.00 B

[PDE求解部分] 总时间: 1.971095s | 显存: 0.00 B

[本步骤总计] 时间: 9.266591s | 显存: 4.12 GB
orginal_loss:  tensor(1554.8400, device='cuda:0', grad_fn=<MseLossBackward0>)
[Step 30] Backward Propagation - Time: 0.0235s, Mem: -4413235200.00 B
x_adv.requires_grad:  True
pred_19.requires_grad, true_19.requires_grad:  True False
Autograd grad max:  tensor(0.1640, device='cuda:0')
Autograd grad min:  tensor(-0.1726, device='cuda:0')
Autograd grad mean:  tensor(-0.0024, device='cuda:0')
[Step 30] PGD Update - Time: 0.0012s, Mem: 0.00 B

[Step 30] 完整步骤总时间: 9.295339s | 总显存: 0.00 B
[Step 30] 峰值显存: 6.22 GB

[Step 31] ============ 详细性能分析 ============
[模型部分] 总时间: 7.517877s | 显存: 4.12 GB

[0-9秒 PDE求解详细性能]
  t=0s - 时间: 0.000000s | 显存: 0.00 B
  t=1s - 时间: 0.541341s | 显存: 0.00 B
  t=2s - 时间: 0.583821s | 显存: 0.00 B
  t=3s - 时间: 0.712685s | 显存: 0.00 B
  t=4s - 时间: 0.746300s | 显存: 0.00 B
  t=5s - 时间: 0.759766s | 显存: 0.00 B
  t=6s - 时间: 0.952484s | 显存: 0.00 B
  t=7s - 时间: 1.007541s | 显存: 0.00 B
  t=8s - 时间: 1.099178s | 显存: 0.00 B
  t=9s - 时间: 1.093467s | 显存: 0.00 B

[19秒 PDE求解]
  t=19.0s - 时间: 2.001858s | 显存: 0.00 B

[PDE求解部分] 总时间: 2.002228s | 显存: 0.00 B

[本步骤总计] 时间: 9.520105s | 显存: 4.12 GB
orginal_loss:  tensor(1575.1060, device='cuda:0', grad_fn=<MseLossBackward0>)
[Step 31] Backward Propagation - Time: 0.0236s, Mem: -4413235200.00 B
x_adv.requires_grad:  True
pred_19.requires_grad, true_19.requires_grad:  True False
Autograd grad max:  tensor(0.1682, device='cuda:0')
Autograd grad min:  tensor(-0.1799, device='cuda:0')
Autograd grad mean:  tensor(-0.0025, device='cuda:0')
[Step 31] PGD Update - Time: 0.0012s, Mem: 0.00 B

[Step 31] 完整步骤总时间: 9.549137s | 总显存: 0.00 B
[Step 31] 峰值显存: 6.22 GB

[Step 32] ============ 详细性能分析 ============
[模型部分] 总时间: 7.301524s | 显存: 4.12 GB

[0-9秒 PDE求解详细性能]
  t=0s - 时间: 0.000000s | 显存: 0.00 B
  t=1s - 时间: 0.460692s | 显存: 0.00 B
  t=2s - 时间: 0.580009s | 显存: 0.00 B
  t=3s - 时间: 0.602520s | 显存: 0.00 B
  t=4s - 时间: 0.792231s | 显存: 0.00 B
  t=5s - 时间: 0.812880s | 显存: 0.00 B
  t=6s - 时间: 0.890233s | 显存: 0.00 B
  t=7s - 时间: 0.991590s | 显存: 0.00 B
  t=8s - 时间: 1.033482s | 显存: 0.00 B
  t=9s - 时间: 1.116603s | 显存: 0.00 B

[19秒 PDE求解]
  t=19.0s - 时间: 1.918609s | 显存: 0.00 B

[PDE求解部分] 总时间: 1.918971s | 显存: 0.00 B

[本步骤总计] 时间: 9.220495s | 显存: 4.12 GB
orginal_loss:  tensor(1585.8162, device='cuda:0', grad_fn=<MseLossBackward0>)
[Step 32] Backward Propagation - Time: 0.0237s, Mem: -4413235200.00 B
x_adv.requires_grad:  True
pred_19.requires_grad, true_19.requires_grad:  True False
Autograd grad max:  tensor(0.1711, device='cuda:0')
Autograd grad min:  tensor(-0.1831, device='cuda:0')
Autograd grad mean:  tensor(-0.0025, device='cuda:0')
[Step 32] PGD Update - Time: 0.0012s, Mem: 0.00 B

[Step 32] 完整步骤总时间: 9.249329s | 总显存: 0.00 B
[Step 32] 峰值显存: 6.22 GB

[Step 33] ============ 详细性能分析 ============
[模型部分] 总时间: 7.012454s | 显存: 4.12 GB

[0-9秒 PDE求解详细性能]
  t=0s - 时间: 0.000000s | 显存: 0.00 B
  t=1s - 时间: 0.420585s | 显存: 0.00 B
  t=2s - 时间: 0.526504s | 显存: 0.00 B
  t=3s - 时间: 0.594118s | 显存: 0.00 B
  t=4s - 时间: 0.708055s | 显存: 0.00 B
  t=5s - 时间: 0.781133s | 显存: 0.00 B
  t=6s - 时间: 0.922508s | 显存: 0.00 B
  t=7s - 时间: 0.902616s | 显存: 0.00 B
  t=8s - 时间: 1.014239s | 显存: 0.00 B
  t=9s - 时间: 1.121341s | 显存: 0.00 B

[19秒 PDE求解]
  t=19.0s - 时间: 1.905782s | 显存: 0.00 B

[PDE求解部分] 总时间: 1.906252s | 显存: 0.00 B

[本步骤总计] 时间: 8.918707s | 显存: 4.12 GB
orginal_loss:  tensor(1584.7759, device='cuda:0', grad_fn=<MseLossBackward0>)
[Step 33] Backward Propagation - Time: 0.0241s, Mem: -4413235200.00 B
x_adv.requires_grad:  True
pred_19.requires_grad, true_19.requires_grad:  True False
Autograd grad max:  tensor(0.1713, device='cuda:0')
Autograd grad min:  tensor(-0.1820, device='cuda:0')
Autograd grad mean:  tensor(-0.0025, device='cuda:0')
[Step 33] PGD Update - Time: 0.0013s, Mem: 0.00 B

[Step 33] 完整步骤总时间: 8.948964s | 总显存: 0.00 B
[Step 33] 峰值显存: 6.22 GB

[Step 34] ============ 详细性能分析 ============
[模型部分] 总时间: 7.211829s | 显存: 4.12 GB

[0-9秒 PDE求解详细性能]
  t=0s - 时间: 0.000000s | 显存: 0.00 B
  t=1s - 时间: 0.466411s | 显存: 0.00 B
  t=2s - 时间: 0.586080s | 显存: 0.00 B
  t=3s - 时间: 0.609831s | 显存: 0.00 B
  t=4s - 时间: 0.782105s | 显存: 0.00 B
  t=5s - 时间: 0.820814s | 显存: 0.00 B
  t=6s - 时间: 0.857572s | 显存: 0.00 B
  t=7s - 时间: 0.955768s | 显存: 0.00 B
  t=8s - 时间: 1.037403s | 显存: 0.00 B
  t=9s - 时间: 1.073942s | 显存: 0.00 B

[19秒 PDE求解]
  t=19.0s - 时间: 2.049026s | 显存: 0.00 B

[PDE求解部分] 总时间: 2.049391s | 显存: 0.00 B

[本步骤总计] 时间: 9.261219s | 显存: 4.12 GB
orginal_loss:  tensor(1577.3744, device='cuda:0', grad_fn=<MseLossBackward0>)
[Step 34] Backward Propagation - Time: 0.0238s, Mem: -4413235200.00 B
x_adv.requires_grad:  True
pred_19.requires_grad, true_19.requires_grad:  True False
Autograd grad max:  tensor(0.1698, device='cuda:0')
Autograd grad min:  tensor(-0.1788, device='cuda:0')
Autograd grad mean:  tensor(-0.0025, device='cuda:0')
[Step 34] PGD Update - Time: 0.0013s, Mem: 0.00 B

[Step 34] 完整步骤总时间: 9.290763s | 总显存: 0.00 B
[Step 34] 峰值显存: 6.22 GB

[Step 35] ============ 详细性能分析 ============
[模型部分] 总时间: 7.491417s | 显存: 4.12 GB

[0-9秒 PDE求解详细性能]
  t=0s - 时间: 0.000000s | 显存: 0.00 B
  t=1s - 时间: 0.513151s | 显存: 0.00 B
  t=2s - 时间: 0.631595s | 显存: 0.00 B
  t=3s - 时间: 0.592390s | 显存: 0.00 B
  t=4s - 时间: 0.732902s | 显存: 0.00 B
  t=5s - 时间: 0.769001s | 显存: 0.00 B
  t=6s - 时间: 0.940437s | 显存: 0.00 B
  t=7s - 时间: 0.973074s | 显存: 0.00 B
  t=8s - 时间: 1.121574s | 显存: 0.00 B
  t=9s - 时间: 1.195873s | 显存: 0.00 B

[19秒 PDE求解]
  t=19.0s - 时间: 1.921256s | 显存: 0.00 B

[PDE求解部分] 总时间: 1.921619s | 显存: 0.00 B

[本步骤总计] 时间: 9.413036s | 显存: 4.12 GB
orginal_loss:  tensor(1569.2400, device='cuda:0', grad_fn=<MseLossBackward0>)
[Step 35] Backward Propagation - Time: 0.0236s, Mem: -4413235200.00 B
x_adv.requires_grad:  True
pred_19.requires_grad, true_19.requires_grad:  True False
Autograd grad max:  tensor(0.1678, device='cuda:0')
Autograd grad min:  tensor(-0.1760, device='cuda:0')
Autograd grad mean:  tensor(-0.0025, device='cuda:0')
[Step 35] PGD Update - Time: 0.0013s, Mem: 0.00 B

[Step 35] 完整步骤总时间: 9.442262s | 总显存: 0.00 B
[Step 35] 峰值显存: 6.22 GB

[Step 36] ============ 详细性能分析 ============
[模型部分] 总时间: 7.122485s | 显存: 4.12 GB

[0-9秒 PDE求解详细性能]
  t=0s - 时间: 0.000000s | 显存: 0.00 B
  t=1s - 时间: 0.439472s | 显存: 0.00 B
  t=2s - 时间: 0.569471s | 显存: 0.00 B
  t=3s - 时间: 0.572293s | 显存: 0.00 B
  t=4s - 时间: 0.658625s | 显存: 0.00 B
  t=5s - 时间: 0.856873s | 显存: 0.00 B
  t=6s - 时间: 0.890762s | 显存: 0.00 B
  t=7s - 时间: 0.976085s | 显存: 0.00 B
  t=8s - 时间: 1.057921s | 显存: 0.00 B
  t=9s - 时间: 1.079677s | 显存: 0.00 B

[19秒 PDE求解]
  t=19.0s - 时间: 1.960716s | 显存: 0.00 B

[PDE求解部分] 总时间: 1.961085s | 显存: 0.00 B

[本步骤总计] 时间: 9.083570s | 显存: 4.12 GB
orginal_loss:  tensor(1566.2164, device='cuda:0', grad_fn=<MseLossBackward0>)
[Step 36] Backward Propagation - Time: 0.0236s, Mem: -4413235200.00 B
x_adv.requires_grad:  True
pred_19.requires_grad, true_19.requires_grad:  True False
Autograd grad max:  tensor(0.1668, device='cuda:0')
Autograd grad min:  tensor(-0.1751, device='cuda:0')
Autograd grad mean:  tensor(-0.0024, device='cuda:0')
[Step 36] PGD Update - Time: 0.0012s, Mem: 0.00 B

[Step 36] 完整步骤总时间: 9.112224s | 总显存: 0.00 B
[Step 36] 峰值显存: 6.22 GB

[Step 37] ============ 详细性能分析 ============
[模型部分] 总时间: 7.303251s | 显存: 4.12 GB

[0-9秒 PDE求解详细性能]
  t=0s - 时间: 0.000000s | 显存: 0.00 B
  t=1s - 时间: 0.484506s | 显存: 0.00 B
  t=2s - 时间: 0.535924s | 显存: 0.00 B
  t=3s - 时间: 0.611447s | 显存: 0.00 B
  t=4s - 时间: 0.693204s | 显存: 0.00 B
  t=5s - 时间: 0.790621s | 显存: 0.00 B
  t=6s - 时间: 0.920038s | 显存: 0.00 B
  t=7s - 时间: 1.012222s | 显存: 0.00 B
  t=8s - 时间: 1.099602s | 显存: 0.00 B
  t=9s - 时间: 1.134448s | 显存: 0.00 B

[19秒 PDE求解]
  t=19.0s - 时间: 2.007969s | 显存: 0.00 B

[PDE求解部分] 总时间: 2.008311s | 显存: 0.00 B

[本步骤总计] 时间: 9.311563s | 显存: 4.12 GB
orginal_loss:  tensor(1569.4337, device='cuda:0', grad_fn=<MseLossBackward0>)
[Step 37] Backward Propagation - Time: 0.0236s, Mem: -4413235200.00 B
x_adv.requires_grad:  True
pred_19.requires_grad, true_19.requires_grad:  True False
Autograd grad max:  tensor(0.1671, device='cuda:0')
Autograd grad min:  tensor(-0.1765, device='cuda:0')
Autograd grad mean:  tensor(-0.0024, device='cuda:0')
[Step 37] PGD Update - Time: 0.0012s, Mem: 0.00 B

[Step 37] 完整步骤总时间: 9.340448s | 总显存: 0.00 B
[Step 37] 峰值显存: 6.22 GB

[Step 38] ============ 详细性能分析 ============
[模型部分] 总时间: 7.402913s | 显存: 4.12 GB

[0-9秒 PDE求解详细性能]
  t=0s - 时间: 0.000000s | 显存: 0.00 B
  t=1s - 时间: 0.459860s | 显存: 0.00 B
  t=2s - 时间: 0.644222s | 显存: 0.00 B
  t=3s - 时间: 0.641051s | 显存: 0.00 B
  t=4s - 时间: 0.717625s | 显存: 0.00 B
  t=5s - 时间: 0.844476s | 显存: 0.00 B
  t=6s - 时间: 0.880641s | 显存: 0.00 B
  t=7s - 时间: 0.961679s | 显存: 0.00 B
  t=8s - 时间: 1.045780s | 显存: 0.00 B
  t=9s - 时间: 1.186261s | 显存: 0.00 B

[19秒 PDE求解]
  t=19.0s - 时间: 1.918732s | 显存: 0.00 B

[PDE求解部分] 总时间: 1.919078s | 显存: 0.00 B

[本步骤总计] 时间: 9.321991s | 显存: 4.12 GB
orginal_loss:  tensor(1574.6835, device='cuda:0', grad_fn=<MseLossBackward0>)
[Step 38] Backward Propagation - Time: 0.0234s, Mem: -4413235200.00 B
x_adv.requires_grad:  True
pred_19.requires_grad, true_19.requires_grad:  True False
Autograd grad max:  tensor(0.1683, device='cuda:0')
Autograd grad min:  tensor(-0.1784, device='cuda:0')
Autograd grad mean:  tensor(-0.0025, device='cuda:0')
[Step 38] PGD Update - Time: 0.0012s, Mem: 0.00 B

[Step 38] 完整步骤总时间: 9.350719s | 总显存: 0.00 B
[Step 38] 峰值显存: 6.22 GB

[Step 39] ============ 详细性能分析 ============
[模型部分] 总时间: 7.514804s | 显存: 4.12 GB

[0-9秒 PDE求解详细性能]
  t=0s - 时间: 0.000000s | 显存: 0.00 B
  t=1s - 时间: 0.448546s | 显存: 0.00 B
  t=2s - 时间: 0.616927s | 显存: 0.00 B
  t=3s - 时间: 0.693156s | 显存: 0.00 B
  t=4s - 时间: 0.799606s | 显存: 0.00 B
  t=5s - 时间: 0.809728s | 显存: 0.00 B
  t=6s - 时间: 0.940660s | 显存: 0.00 B
  t=7s - 时间: 0.968512s | 显存: 0.00 B
  t=8s - 时间: 1.091782s | 显存: 0.00 B
  t=9s - 时间: 1.124691s | 显存: 0.00 B

[19秒 PDE求解]
  t=19.0s - 时间: 1.925026s | 显存: 0.00 B

[PDE求解部分] 总时间: 1.925380s | 显存: 0.00 B

[本步骤总计] 时间: 9.440184s | 显存: 4.12 GB
orginal_loss:  tensor(1577.8320, device='cuda:0', grad_fn=<MseLossBackward0>)
[Step 39] Backward Propagation - Time: 0.0235s, Mem: -4413235200.00 B
x_adv.requires_grad:  True
pred_19.requires_grad, true_19.requires_grad:  True False
Autograd grad max:  tensor(0.1691, device='cuda:0')
Autograd grad min:  tensor(-0.1794, device='cuda:0')
Autograd grad mean:  tensor(-0.0025, device='cuda:0')
[Step 39] PGD Update - Time: 0.0013s, Mem: 0.00 B

[Step 39] 完整步骤总时间: 9.468847s | 总显存: 0.00 B
[Step 39] 峰值显存: 6.22 GB

[Step 40] ============ 详细性能分析 ============
[模型部分] 总时间: 7.306846s | 显存: 4.12 GB

[0-9秒 PDE求解详细性能]
  t=0s - 时间: 0.000000s | 显存: 0.00 B
  t=1s - 时间: 0.506968s | 显存: 0.00 B
  t=2s - 时间: 0.530956s | 显存: 0.00 B
  t=3s - 时间: 0.630810s | 显存: 0.00 B
  t=4s - 时间: 0.771034s | 显存: 0.00 B
  t=5s - 时间: 0.803770s | 显存: 0.00 B
  t=6s - 时间: 0.950911s | 显存: 0.00 B
  t=7s - 时间: 1.037088s | 显存: 0.00 B
  t=8s - 时间: 0.985949s | 显存: 0.00 B
  t=9s - 时间: 1.068106s | 显存: 0.00 B

[19秒 PDE求解]
  t=19.0s - 时间: 1.962944s | 显存: 0.00 B

[PDE求解部分] 总时间: 1.963302s | 显存: 0.00 B

[本步骤总计] 时间: 9.270149s | 显存: 4.12 GB
orginal_loss:  tensor(1577.7529, device='cuda:0', grad_fn=<MseLossBackward0>)
[Step 40] Backward Propagation - Time: 0.0235s, Mem: -4413235200.00 B
x_adv.requires_grad:  True
pred_19.requires_grad, true_19.requires_grad:  True False
Autograd grad max:  tensor(0.1692, device='cuda:0')
Autograd grad min:  tensor(-0.1792, device='cuda:0')
Autograd grad mean:  tensor(-0.0025, device='cuda:0')
[Step 40] PGD Update - Time: 0.0012s, Mem: 0.00 B

[Step 40] 完整步骤总时间: 9.298819s | 总显存: 0.00 B
[Step 40] 峰值显存: 6.22 GB

[Step 41] ============ 详细性能分析 ============
[模型部分] 总时间: 7.336293s | 显存: 4.12 GB

[0-9秒 PDE求解详细性能]
  t=0s - 时间: 0.000000s | 显存: 0.00 B
  t=1s - 时间: 0.479139s | 显存: 0.00 B
  t=2s - 时间: 0.516055s | 显存: 0.00 B
  t=3s - 时间: 0.627859s | 显存: 0.00 B
  t=4s - 时间: 0.697440s | 显存: 0.00 B
  t=5s - 时间: 0.811433s | 显存: 0.00 B
  t=6s - 时间: 0.940576s | 显存: 0.00 B
  t=7s - 时间: 0.995769s | 显存: 0.00 B
  t=8s - 时间: 1.098983s | 显存: 0.00 B
  t=9s - 时间: 1.147258s | 显存: 0.00 B

[19秒 PDE求解]
  t=19.0s - 时间: 2.002447s | 显存: 0.00 B

[PDE求解部分] 总时间: 2.002868s | 显存: 0.00 B

[本步骤总计] 时间: 9.339161s | 显存: 4.12 GB
orginal_loss:  tensor(1575.4856, device='cuda:0', grad_fn=<MseLossBackward0>)
[Step 41] Backward Propagation - Time: 0.0238s, Mem: -4413235200.00 B
x_adv.requires_grad:  True
pred_19.requires_grad, true_19.requires_grad:  True False
Autograd grad max:  tensor(0.1688, device='cuda:0')
Autograd grad min:  tensor(-0.1782, device='cuda:0')
Autograd grad mean:  tensor(-0.0025, device='cuda:0')
[Step 41] PGD Update - Time: 0.0014s, Mem: 0.00 B

[Step 41] 完整步骤总时间: 9.369281s | 总显存: 0.00 B
[Step 41] 峰值显存: 6.22 GB

[Step 42] ============ 详细性能分析 ============
[模型部分] 总时间: 8.919221s | 显存: 4.12 GB

[0-9秒 PDE求解详细性能]
  t=0s - 时间: 0.000000s | 显存: 0.00 B
  t=1s - 时间: 0.489959s | 显存: 0.00 B
  t=2s - 时间: 2.196308s | 显存: 0.00 B
  t=3s - 时间: 0.660663s | 显存: 0.00 B
  t=4s - 时间: 0.746280s | 显存: 0.00 B
  t=5s - 时间: 0.762179s | 显存: 0.00 B
  t=6s - 时间: 0.831570s | 显存: 0.00 B
  t=7s - 时间: 0.999061s | 显存: 0.00 B
  t=8s - 时间: 1.074799s | 显存: 0.00 B
  t=9s - 时间: 1.136944s | 显存: 0.00 B

[19秒 PDE求解]
  t=19.0s - 时间: 2.016568s | 显存: 0.00 B

[PDE求解部分] 总时间: 2.016920s | 显存: 0.00 B

[本步骤总计] 时间: 10.936142s | 显存: 4.12 GB
orginal_loss:  tensor(1572.7552, device='cuda:0', grad_fn=<MseLossBackward0>)
[Step 42] Backward Propagation - Time: 0.0239s, Mem: -4413235200.00 B
x_adv.requires_grad:  True
pred_19.requires_grad, true_19.requires_grad:  True False
Autograd grad max:  tensor(0.1682, device='cuda:0')
Autograd grad min:  tensor(-0.1772, device='cuda:0')
Autograd grad mean:  tensor(-0.0025, device='cuda:0')
[Step 42] PGD Update - Time: 0.0013s, Mem: 0.00 B

[Step 42] 完整步骤总时间: 10.965677s | 总显存: 0.00 B
[Step 42] 峰值显存: 6.22 GB

[Step 43] ============ 详细性能分析 ============
[模型部分] 总时间: 7.252496s | 显存: 4.12 GB

[0-9秒 PDE求解详细性能]
  t=0s - 时间: 0.000000s | 显存: 0.00 B
  t=1s - 时间: 0.490662s | 显存: 0.00 B
  t=2s - 时间: 0.627359s | 显存: 0.00 B
  t=3s - 时间: 0.673388s | 显存: 0.00 B
  t=4s - 时间: 0.677108s | 显存: 0.00 B
  t=5s - 时间: 0.812298s | 显存: 0.00 B
  t=6s - 时间: 0.841532s | 显存: 0.00 B
  t=7s - 时间: 0.957781s | 显存: 0.00 B
  t=8s - 时间: 1.031763s | 显存: 0.00 B
  t=9s - 时间: 1.119269s | 显存: 0.00 B

[19秒 PDE求解]
  t=19.0s - 时间: 1.949138s | 显存: 0.00 B

[PDE求解部分] 总时间: 1.949488s | 显存: 0.00 B

[本步骤总计] 时间: 9.201984s | 显存: 4.12 GB
orginal_loss:  tensor(1571.7799, device='cuda:0', grad_fn=<MseLossBackward0>)
[Step 43] Backward Propagation - Time: 0.0237s, Mem: -4413235200.00 B
x_adv.requires_grad:  True
pred_19.requires_grad, true_19.requires_grad:  True False
Autograd grad max:  tensor(0.1678, device='cuda:0')
Autograd grad min:  tensor(-0.1770, device='cuda:0')
Autograd grad mean:  tensor(-0.0025, device='cuda:0')
[Step 43] PGD Update - Time: 0.0012s, Mem: 0.00 B

[Step 43] 完整步骤总时间: 9.230608s | 总显存: 0.00 B
[Step 43] 峰值显存: 6.22 GB

[Step 44] ============ 详细性能分析 ============
[模型部分] 总时间: 7.169469s | 显存: 4.12 GB

[0-9秒 PDE求解详细性能]
  t=0s - 时间: 0.000000s | 显存: 0.00 B
  t=1s - 时间: 0.500992s | 显存: 0.00 B
  t=2s - 时间: 0.601711s | 显存: 0.00 B
  t=3s - 时间: 0.608575s | 显存: 0.00 B
  t=4s - 时间: 0.710698s | 显存: 0.00 B
  t=5s - 时间: 0.748984s | 显存: 0.00 B
  t=6s - 时间: 0.879546s | 显存: 0.00 B
  t=7s - 时间: 0.973938s | 显存: 0.00 B
  t=8s - 时间: 1.067454s | 显存: 0.00 B
  t=9s - 时间: 1.056305s | 显存: 0.00 B

[19秒 PDE求解]
  t=19.0s - 时间: 1.889221s | 显存: 0.00 B

[PDE求解部分] 总时间: 1.889579s | 显存: 0.00 B

[本步骤总计] 时间: 9.059048s | 显存: 4.12 GB
orginal_loss:  tensor(1572.9838, device='cuda:0', grad_fn=<MseLossBackward0>)
[Step 44] Backward Propagation - Time: 0.0235s, Mem: -4413235200.00 B
x_adv.requires_grad:  True
pred_19.requires_grad, true_19.requires_grad:  True False
Autograd grad max:  tensor(0.1680, device='cuda:0')
Autograd grad min:  tensor(-0.1775, device='cuda:0')
Autograd grad mean:  tensor(-0.0025, device='cuda:0')
[Step 44] PGD Update - Time: 0.0012s, Mem: 0.00 B

[Step 44] 完整步骤总时间: 9.087659s | 总显存: 0.00 B
[Step 44] 峰值显存: 6.22 GB

[Step 45] ============ 详细性能分析 ============
[模型部分] 总时间: 7.358296s | 显存: 4.12 GB

[0-9秒 PDE求解详细性能]
  t=0s - 时间: 0.000000s | 显存: 0.00 B
  t=1s - 时间: 0.447600s | 显存: 0.00 B
  t=2s - 时间: 0.536910s | 显存: 0.00 B
  t=3s - 时间: 0.663975s | 显存: 0.00 B
  t=4s - 时间: 0.736872s | 显存: 0.00 B
  t=5s - 时间: 0.796257s | 显存: 0.00 B
  t=6s - 时间: 0.975187s | 显存: 0.00 B
  t=7s - 时间: 0.991304s | 显存: 0.00 B
  t=8s - 时间: 1.067088s | 显存: 0.00 B
  t=9s - 时间: 1.121893s | 显存: 0.00 B

[19秒 PDE求解]
  t=19.0s - 时间: 1.939310s | 显存: 0.00 B

[PDE求解部分] 总时间: 1.939666s | 显存: 0.00 B

[本步骤总计] 时间: 9.297961s | 显存: 4.12 GB
orginal_loss:  tensor(1574.9697, device='cuda:0', grad_fn=<MseLossBackward0>)
[Step 45] Backward Propagation - Time: 0.0236s, Mem: -4413235200.00 B
x_adv.requires_grad:  True
pred_19.requires_grad, true_19.requires_grad:  True False
Autograd grad max:  tensor(0.1684, device='cuda:0')
Autograd grad min:  tensor(-0.1783, device='cuda:0')
Autograd grad mean:  tensor(-0.0025, device='cuda:0')
[Step 45] PGD Update - Time: 0.0012s, Mem: 0.00 B

[Step 45] 完整步骤总时间: 9.326514s | 总显存: 0.00 B
[Step 45] 峰值显存: 6.22 GB

[Step 46] ============ 详细性能分析 ============
[模型部分] 总时间: 7.333837s | 显存: 4.12 GB

[0-9秒 PDE求解详细性能]
  t=0s - 时间: 0.000000s | 显存: 0.00 B
  t=1s - 时间: 0.510027s | 显存: 0.00 B
  t=2s - 时间: 0.548973s | 显存: 0.00 B
  t=3s - 时间: 0.619942s | 显存: 0.00 B
  t=4s - 时间: 0.748526s | 显存: 0.00 B
  t=5s - 时间: 0.782513s | 显存: 0.00 B
  t=6s - 时间: 0.878258s | 显存: 0.00 B
  t=7s - 时间: 1.005143s | 显存: 0.00 B
  t=8s - 时间: 1.100888s | 显存: 0.00 B
  t=9s - 时间: 1.118304s | 显存: 0.00 B

[19秒 PDE求解]
  t=19.0s - 时间: 1.999023s | 显存: 0.00 B

[PDE求解部分] 总时间: 1.999359s | 显存: 0.00 B

[本步骤总计] 时间: 9.333196s | 显存: 4.12 GB
orginal_loss:  tensor(1575.9851, device='cuda:0', grad_fn=<MseLossBackward0>)
[Step 46] Backward Propagation - Time: 0.0237s, Mem: -4413235200.00 B
x_adv.requires_grad:  True
pred_19.requires_grad, true_19.requires_grad:  True False
Autograd grad max:  tensor(0.1687, device='cuda:0')
Autograd grad min:  tensor(-0.1785, device='cuda:0')
Autograd grad mean:  tensor(-0.0025, device='cuda:0')
[Step 46] PGD Update - Time: 0.0012s, Mem: 0.00 B

[Step 46] 完整步骤总时间: 9.361884s | 总显存: 0.00 B
[Step 46] 峰值显存: 6.22 GB

[Step 47] ============ 详细性能分析 ============
[模型部分] 总时间: 7.238277s | 显存: 4.12 GB

[0-9秒 PDE求解详细性能]
  t=0s - 时间: 0.000000s | 显存: 0.00 B
  t=1s - 时间: 0.558947s | 显存: 0.00 B
  t=2s - 时间: 0.528484s | 显存: 0.00 B
  t=3s - 时间: 0.640255s | 显存: 0.00 B
  t=4s - 时间: 0.715340s | 显存: 0.00 B
  t=5s - 时间: 0.764798s | 显存: 0.00 B
  t=6s - 时间: 0.827136s | 显存: 0.00 B
  t=7s - 时间: 0.968820s | 显存: 0.00 B
  t=8s - 时间: 1.052735s | 显存: 0.00 B
  t=9s - 时间: 1.160477s | 显存: 0.00 B

[19秒 PDE求解]
  t=19.0s - 时间: 1.926313s | 显存: 0.00 B

[PDE求解部分] 总时间: 1.926661s | 显存: 0.00 B

[本步骤总计] 时间: 9.164938s | 显存: 4.12 GB
orginal_loss:  tensor(1575.6809, device='cuda:0', grad_fn=<MseLossBackward0>)
[Step 47] Backward Propagation - Time: 0.0235s, Mem: -4413235200.00 B
x_adv.requires_grad:  True
pred_19.requires_grad, true_19.requires_grad:  True False
Autograd grad max:  tensor(0.1687, device='cuda:0')
Autograd grad min:  tensor(-0.1783, device='cuda:0')
Autograd grad mean:  tensor(-0.0025, device='cuda:0')
[Step 47] PGD Update - Time: 0.0012s, Mem: 0.00 B

[Step 47] 完整步骤总时间: 9.193461s | 总显存: 0.00 B
[Step 47] 峰值显存: 6.22 GB

[Step 48] ============ 详细性能分析 ============
[模型部分] 总时间: 7.287172s | 显存: 4.12 GB

[0-9秒 PDE求解详细性能]
  t=0s - 时间: 0.000000s | 显存: 0.00 B
  t=1s - 时间: 0.467599s | 显存: 0.00 B
  t=2s - 时间: 0.619417s | 显存: 0.00 B
  t=3s - 时间: 0.706125s | 显存: 0.00 B
  t=4s - 时间: 0.747077s | 显存: 0.00 B
  t=5s - 时间: 0.770447s | 显存: 0.00 B
  t=6s - 时间: 0.855490s | 显存: 0.00 B
  t=7s - 时间: 0.903130s | 显存: 0.00 B
  t=8s - 时间: 1.089405s | 显存: 0.00 B
  t=9s - 时间: 1.107087s | 显存: 0.00 B

[19秒 PDE求解]
  t=19.0s - 时间: 2.001891s | 显存: 0.00 B

[PDE求解部分] 总时间: 2.002311s | 显存: 0.00 B

[本步骤总计] 时间: 9.289483s | 显存: 4.12 GB
orginal_loss:  tensor(1574.3524, device='cuda:0', grad_fn=<MseLossBackward0>)
[Step 48] Backward Propagation - Time: 0.0236s, Mem: -4413235200.00 B
x_adv.requires_grad:  True
pred_19.requires_grad, true_19.requires_grad:  True False
Autograd grad max:  tensor(0.1685, device='cuda:0')
Autograd grad min:  tensor(-0.1779, device='cuda:0')
Autograd grad mean:  tensor(-0.0025, device='cuda:0')
[Step 48] PGD Update - Time: 0.0013s, Mem: 0.00 B

[Step 48] 完整步骤总时间: 9.319281s | 总显存: 0.00 B
[Step 48] 峰值显存: 6.22 GB

[Step 49] ============ 详细性能分析 ============
[模型部分] 总时间: 7.232956s | 显存: 4.12 GB

[0-9秒 PDE求解详细性能]
  t=0s - 时间: 0.000000s | 显存: 0.00 B
  t=1s - 时间: 0.504029s | 显存: 0.00 B
  t=2s - 时间: 0.618098s | 显存: 0.00 B
  t=3s - 时间: 0.689116s | 显存: 0.00 B
  t=4s - 时间: 0.743043s | 显存: 0.00 B
  t=5s - 时间: 0.775771s | 显存: 0.00 B
  t=6s - 时间: 0.857157s | 显存: 0.00 B
  t=7s - 时间: 0.908368s | 显存: 0.00 B
  t=8s - 时间: 0.997137s | 显存: 0.00 B
  t=9s - 时间: 1.118573s | 显存: 0.00 B

[19秒 PDE求解]
  t=19.0s - 时间: 1.993074s | 显存: 0.00 B

[PDE求解部分] 总时间: 1.993417s | 显存: 0.00 B

[本步骤总计] 时间: 9.226373s | 显存: 4.12 GB
orginal_loss:  tensor(1573.6816, device='cuda:0', grad_fn=<MseLossBackward0>)
[Step 49] Backward Propagation - Time: 0.0256s, Mem: -4413235200.00 B
x_adv.requires_grad:  True
pred_19.requires_grad, true_19.requires_grad:  True False
Autograd grad max:  tensor(0.1683, device='cuda:0')
Autograd grad min:  tensor(-0.1776, device='cuda:0')
Autograd grad mean:  tensor(-0.0025, device='cuda:0')
[Step 49] PGD Update - Time: 0.0012s, Mem: 0.00 B

[Step 49] 完整步骤总时间: 9.273587s | 总显存: 0.00 B
[Step 49] 峰值显存: 6.22 GB

[Step 50] ============ 详细性能分析 ============
[模型部分] 总时间: 7.125404s | 显存: 4.12 GB

[0-9秒 PDE求解详细性能]
  t=0s - 时间: 0.000000s | 显存: 0.00 B
  t=1s - 时间: 0.486312s | 显存: 0.00 B
  t=2s - 时间: 0.625790s | 显存: 0.00 B
  t=3s - 时间: 0.683625s | 显存: 0.00 B
  t=4s - 时间: 0.677849s | 显存: 0.00 B
  t=5s - 时间: 0.735150s | 显存: 0.00 B
  t=6s - 时间: 0.822175s | 显存: 0.00 B
  t=7s - 时间: 0.913307s | 显存: 0.00 B
  t=8s - 时间: 1.074053s | 显存: 0.00 B
  t=9s - 时间: 1.085871s | 显存: 0.00 B

[19秒 PDE求解]
  t=19.0s - 时间: 1.899648s | 显存: 0.00 B

[PDE求解部分] 总时间: 1.900004s | 显存: 0.00 B

[本步骤总计] 时间: 9.025408s | 显存: 4.12 GB
orginal_loss:  tensor(1573.8459, device='cuda:0', grad_fn=<MseLossBackward0>)
[Step 50] Backward Propagation - Time: 0.0235s, Mem: -4413235200.00 B
x_adv.requires_grad:  True
pred_19.requires_grad, true_19.requires_grad:  True False
Autograd grad max:  tensor(0.1682, device='cuda:0')
Autograd grad min:  tensor(-0.1778, device='cuda:0')
Autograd grad mean:  tensor(-0.0025, device='cuda:0')
[Step 50] PGD Update - Time: 0.0012s, Mem: 0.00 B

[Step 50] 完整步骤总时间: 9.054279s | 总显存: 0.00 B
[Step 50] 峰值显存: 6.22 GB

[Step 51] ============ 详细性能分析 ============
[模型部分] 总时间: 7.265411s | 显存: 4.12 GB

[0-9秒 PDE求解详细性能]
  t=0s - 时间: 0.000000s | 显存: 0.00 B
  t=1s - 时间: 0.499788s | 显存: 0.00 B
  t=2s - 时间: 0.537728s | 显存: 0.00 B
  t=3s - 时间: 0.637630s | 显存: 0.00 B
  t=4s - 时间: 0.718058s | 显存: 0.00 B
  t=5s - 时间: 0.777567s | 显存: 0.00 B
  t=6s - 时间: 0.928726s | 显存: 0.00 B
  t=7s - 时间: 0.945234s | 显存: 0.00 B
  t=8s - 时间: 1.047223s | 显存: 0.00 B
  t=9s - 时间: 1.152275s | 显存: 0.00 B

[19秒 PDE求解]
  t=19.0s - 时间: 1.940997s | 显存: 0.00 B

[PDE求解部分] 总时间: 1.941350s | 显存: 0.00 B

[本步骤总计] 时间: 9.206760s | 显存: 4.12 GB
orginal_loss:  tensor(1574.5239, device='cuda:0', grad_fn=<MseLossBackward0>)
[Step 51] Backward Propagation - Time: 0.0234s, Mem: -4413235200.00 B
x_adv.requires_grad:  True
pred_19.requires_grad, true_19.requires_grad:  True False
Autograd grad max:  tensor(0.1684, device='cuda:0')
Autograd grad min:  tensor(-0.1780, device='cuda:0')
Autograd grad mean:  tensor(-0.0025, device='cuda:0')
[Step 51] PGD Update - Time: 0.0012s, Mem: 0.00 B

[Step 51] 完整步骤总时间: 9.235324s | 总显存: 0.00 B
[Step 51] 峰值显存: 6.22 GB

[Step 52] ============ 详细性能分析 ============
[模型部分] 总时间: 7.126375s | 显存: 4.12 GB

[0-9秒 PDE求解详细性能]
  t=0s - 时间: 0.000000s | 显存: 0.00 B
  t=1s - 时间: 0.515539s | 显存: 0.00 B
  t=2s - 时间: 0.520623s | 显存: 0.00 B
  t=3s - 时间: 0.650120s | 显存: 0.00 B
  t=4s - 时间: 0.707577s | 显存: 0.00 B
  t=5s - 时间: 0.750308s | 显存: 0.00 B
  t=6s - 时间: 0.828003s | 显存: 0.00 B
  t=7s - 时间: 0.976308s | 显存: 0.00 B
  t=8s - 时间: 1.032451s | 显存: 0.00 B
  t=9s - 时间: 1.124173s | 显存: 0.00 B

[19秒 PDE求解]
  t=19.0s - 时间: 2.004856s | 显存: 0.00 B

[PDE求解部分] 总时间: 2.005206s | 显存: 0.00 B

[本步骤总计] 时间: 9.131581s | 显存: 4.12 GB
orginal_loss:  tensor(1574.6592, device='cuda:0', grad_fn=<MseLossBackward0>)
[Step 52] Backward Propagation - Time: 0.0235s, Mem: -4413235200.00 B
x_adv.requires_grad:  True
pred_19.requires_grad, true_19.requires_grad:  True False
Autograd grad max:  tensor(0.1684, device='cuda:0')
Autograd grad min:  tensor(-0.1781, device='cuda:0')
Autograd grad mean:  tensor(-0.0025, device='cuda:0')
[Step 52] PGD Update - Time: 0.0012s, Mem: 0.00 B

[Step 52] 完整步骤总时间: 9.160079s | 总显存: 0.00 B
[Step 52] 峰值显存: 6.22 GB

[Step 53] ============ 详细性能分析 ============
[模型部分] 总时间: 7.016540s | 显存: 4.12 GB

[0-9秒 PDE求解详细性能]
  t=0s - 时间: 0.000000s | 显存: 0.00 B
  t=1s - 时间: 0.469269s | 显存: 0.00 B
  t=2s - 时间: 0.592441s | 显存: 0.00 B
  t=3s - 时间: 0.570078s | 显存: 0.00 B
  t=4s - 时间: 0.693759s | 显存: 0.00 B
  t=5s - 时间: 0.752151s | 显存: 0.00 B
  t=6s - 时间: 0.825994s | 显存: 0.00 B
  t=7s - 时间: 0.980265s | 显存: 0.00 B
  t=8s - 时间: 1.037079s | 显存: 0.00 B
  t=9s - 时间: 1.074197s | 显存: 0.00 B

[19秒 PDE求解]
  t=19.0s - 时间: 1.937090s | 显存: 0.00 B

[PDE求解部分] 总时间: 1.937441s | 显存: 0.00 B

[本步骤总计] 时间: 8.953980s | 显存: 4.12 GB
orginal_loss:  tensor(1574.7488, device='cuda:0', grad_fn=<MseLossBackward0>)
[Step 53] Backward Propagation - Time: 0.0237s, Mem: -4413235200.00 B
x_adv.requires_grad:  True
pred_19.requires_grad, true_19.requires_grad:  True False
Autograd grad max:  tensor(0.1685, device='cuda:0')
Autograd grad min:  tensor(-0.1781, device='cuda:0')
Autograd grad mean:  tensor(-0.0025, device='cuda:0')
[Step 53] PGD Update - Time: 0.0012s, Mem: 0.00 B

[Step 53] 完整步骤总时间: 8.982693s | 总显存: 0.00 B
[Step 53] 峰值显存: 6.22 GB

[Step 54] ============ 详细性能分析 ============
[模型部分] 总时间: 7.177531s | 显存: 4.12 GB

[0-9秒 PDE求解详细性能]
  t=0s - 时间: 0.000000s | 显存: 0.00 B
  t=1s - 时间: 0.541705s | 显存: 0.00 B
  t=2s - 时间: 0.546403s | 显存: 0.00 B
  t=3s - 时间: 0.641108s | 显存: 0.00 B
  t=4s - 时间: 0.707100s | 显存: 0.00 B
  t=5s - 时间: 0.765529s | 显存: 0.00 B
  t=6s - 时间: 0.851192s | 显存: 0.00 B
  t=7s - 时间: 0.980655s | 显存: 0.00 B
  t=8s - 时间: 1.006182s | 显存: 0.00 B
  t=9s - 时间: 1.116412s | 显存: 0.00 B

[19秒 PDE求解]
  t=19.0s - 时间: 1.990000s | 显存: 0.00 B

[PDE求解部分] 总时间: 1.990382s | 显存: 0.00 B

[本步骤总计] 时间: 9.167913s | 显存: 4.12 GB
orginal_loss:  tensor(1574.6381, device='cuda:0', grad_fn=<MseLossBackward0>)
[Step 54] Backward Propagation - Time: 0.0236s, Mem: -4413235200.00 B
x_adv.requires_grad:  True
pred_19.requires_grad, true_19.requires_grad:  True False
Autograd grad max:  tensor(0.1685, device='cuda:0')
Autograd grad min:  tensor(-0.1780, device='cuda:0')
Autograd grad mean:  tensor(-0.0025, device='cuda:0')
[Step 54] PGD Update - Time: 0.0012s, Mem: 0.00 B

[Step 54] 完整步骤总时间: 9.196595s | 总显存: 0.00 B
[Step 54] 峰值显存: 6.22 GB

[Step 55] ============ 详细性能分析 ============
[模型部分] 总时间: 7.551479s | 显存: 4.12 GB

[0-9秒 PDE求解详细性能]
  t=0s - 时间: 0.000000s | 显存: 0.00 B
  t=1s - 时间: 0.492558s | 显存: 0.00 B
  t=2s - 时间: 0.614776s | 显存: 0.00 B
  t=3s - 时间: 0.619210s | 显存: 0.00 B
  t=4s - 时间: 0.694032s | 显存: 0.00 B
  t=5s - 时间: 0.877310s | 显存: 0.00 B
  t=6s - 时间: 0.961868s | 显存: 0.00 B
  t=7s - 时间: 1.053145s | 显存: 0.00 B
  t=8s - 时间: 1.076147s | 显存: 0.00 B
  t=9s - 时间: 1.140909s | 显存: 0.00 B

[19秒 PDE求解]
  t=19.0s - 时间: 2.044461s | 显存: 0.00 B

[PDE求解部分] 总时间: 2.044957s | 显存: 0.00 B

[本步骤总计] 时间: 9.596437s | 显存: 4.12 GB
orginal_loss:  tensor(1574.1379, device='cuda:0', grad_fn=<MseLossBackward0>)
[Step 55] Backward Propagation - Time: 0.0237s, Mem: -4413235200.00 B
x_adv.requires_grad:  True
pred_19.requires_grad, true_19.requires_grad:  True False
Autograd grad max:  tensor(0.1684, device='cuda:0')
Autograd grad min:  tensor(-0.1778, device='cuda:0')
Autograd grad mean:  tensor(-0.0025, device='cuda:0')
[Step 55] PGD Update - Time: 0.0013s, Mem: 0.00 B

[Step 55] 完整步骤总时间: 9.626041s | 总显存: 0.00 B
[Step 55] 峰值显存: 6.22 GB

[Step 56] ============ 详细性能分析 ============
[模型部分] 总时间: 7.367871s | 显存: 4.12 GB

[0-9秒 PDE求解详细性能]
  t=0s - 时间: 0.000000s | 显存: 0.00 B
  t=1s - 时间: 0.448714s | 显存: 0.00 B
  t=2s - 时间: 0.528843s | 显存: 0.00 B
  t=3s - 时间: 0.644720s | 显存: 0.00 B
  t=4s - 时间: 0.720685s | 显存: 0.00 B
  t=5s - 时间: 0.872759s | 显存: 0.00 B
  t=6s - 时间: 0.866095s | 显存: 0.00 B
  t=7s - 时间: 0.986025s | 显存: 0.00 B
  t=8s - 时间: 1.075512s | 显存: 0.00 B
  t=9s - 时间: 1.202536s | 显存: 0.00 B

[19秒 PDE求解]
  t=19.0s - 时间: 1.969798s | 显存: 0.00 B

[PDE求解部分] 总时间: 1.970153s | 显存: 0.00 B

[本步骤总计] 时间: 9.338024s | 显存: 4.12 GB
orginal_loss:  tensor(1573.9498, device='cuda:0', grad_fn=<MseLossBackward0>)
[Step 56] Backward Propagation - Time: 0.0237s, Mem: -4413235200.00 B
x_adv.requires_grad:  True
pred_19.requires_grad, true_19.requires_grad:  True False
Autograd grad max:  tensor(0.1683, device='cuda:0')
Autograd grad min:  tensor(-0.1778, device='cuda:0')
Autograd grad mean:  tensor(-0.0025, device='cuda:0')
[Step 56] PGD Update - Time: 0.0013s, Mem: 0.00 B

[Step 56] 完整步骤总时间: 9.367247s | 总显存: 0.00 B
[Step 56] 峰值显存: 6.22 GB

[Step 57] ============ 详细性能分析 ============
[模型部分] 总时间: 7.659089s | 显存: 4.12 GB

[0-9秒 PDE求解详细性能]
  t=0s - 时间: 0.000000s | 显存: 0.00 B
  t=1s - 时间: 0.509625s | 显存: 0.00 B
  t=2s - 时间: 0.649074s | 显存: 0.00 B
  t=3s - 时间: 0.714846s | 显存: 0.00 B
  t=4s - 时间: 0.755430s | 显存: 0.00 B
  t=5s - 时间: 0.848811s | 显存: 0.00 B
  t=6s - 时间: 0.913802s | 显存: 0.00 B
  t=7s - 时间: 0.968595s | 显存: 0.00 B
  t=8s - 时间: 1.049583s | 显存: 0.00 B
  t=9s - 时间: 1.228001s | 显存: 0.00 B

[19秒 PDE求解]
  t=19.0s - 时间: 1.923309s | 显存: 0.00 B

[PDE求解部分] 总时间: 1.923676s | 显存: 0.00 B

[本步骤总计] 时间: 9.582765s | 显存: 4.12 GB
orginal_loss:  tensor(1574.2705, device='cuda:0', grad_fn=<MseLossBackward0>)
[Step 57] Backward Propagation - Time: 0.0236s, Mem: -4413235200.00 B
x_adv.requires_grad:  True
pred_19.requires_grad, true_19.requires_grad:  True False
Autograd grad max:  tensor(0.1683, device='cuda:0')
Autograd grad min:  tensor(-0.1779, device='cuda:0')
Autograd grad mean:  tensor(-0.0025, device='cuda:0')
[Step 57] PGD Update - Time: 0.0012s, Mem: 0.00 B

[Step 57] 完整步骤总时间: 9.611347s | 总显存: 0.00 B
[Step 57] 峰值显存: 6.22 GB

[Step 58] ============ 详细性能分析 ============
[模型部分] 总时间: 7.489334s | 显存: 4.12 GB

[0-9秒 PDE求解详细性能]
  t=0s - 时间: 0.000000s | 显存: 0.00 B
  t=1s - 时间: 0.467204s | 显存: 0.00 B
  t=2s - 时间: 0.596771s | 显存: 0.00 B
  t=3s - 时间: 0.672617s | 显存: 0.00 B
  t=4s - 时间: 0.786582s | 显存: 0.00 B
  t=5s - 时间: 0.820819s | 显存: 0.00 B
  t=6s - 时间: 0.936858s | 显存: 0.00 B
  t=7s - 时间: 0.997644s | 显存: 0.00 B
  t=8s - 时间: 1.096828s | 显存: 0.00 B
  t=9s - 时间: 1.092574s | 显存: 0.00 B

[19秒 PDE求解]
  t=19.0s - 时间: 2.012590s | 显存: 0.00 B

[PDE求解部分] 总时间: 2.012942s | 显存: 0.00 B

[本步骤总计] 时间: 9.502276s | 显存: 4.12 GB
orginal_loss:  tensor(1574.5687, device='cuda:0', grad_fn=<MseLossBackward0>)
[Step 58] Backward Propagation - Time: 0.0237s, Mem: -4413235200.00 B
x_adv.requires_grad:  True
pred_19.requires_grad, true_19.requires_grad:  True False
Autograd grad max:  tensor(0.1684, device='cuda:0')
Autograd grad min:  tensor(-0.1780, device='cuda:0')
Autograd grad mean:  tensor(-0.0025, device='cuda:0')
[Step 58] PGD Update - Time: 0.0012s, Mem: 0.00 B

[Step 58] 完整步骤总时间: 9.531252s | 总显存: 0.00 B
[Step 58] 峰值显存: 6.22 GB

[Step 59] ============ 详细性能分析 ============
[模型部分] 总时间: 7.604394s | 显存: 4.12 GB

[0-9秒 PDE求解详细性能]
  t=0s - 时间: 0.000000s | 显存: 0.00 B
  t=1s - 时间: 0.522781s | 显存: 0.00 B
  t=2s - 时间: 0.634361s | 显存: 0.00 B
  t=3s - 时间: 0.725723s | 显存: 0.00 B
  t=4s - 时间: 0.778891s | 显存: 0.00 B
  t=5s - 时间: 0.816521s | 显存: 0.00 B
  t=6s - 时间: 0.946447s | 显存: 0.00 B
  t=7s - 时间: 1.038486s | 显存: 0.00 B
  t=8s - 时间: 1.026770s | 显存: 0.00 B
  t=9s - 时间: 1.093122s | 显存: 0.00 B

[19秒 PDE求解]
  t=19.0s - 时间: 1.963927s | 显存: 0.00 B

[PDE求解部分] 总时间: 1.964300s | 显存: 0.00 B

[本步骤总计] 时间: 9.568693s | 显存: 4.12 GB
orginal_loss:  tensor(1574.4978, device='cuda:0', grad_fn=<MseLossBackward0>)
[Step 59] Backward Propagation - Time: 0.0235s, Mem: -4413235200.00 B
x_adv.requires_grad:  True
pred_19.requires_grad, true_19.requires_grad:  True False
Autograd grad max:  tensor(0.1684, device='cuda:0')
Autograd grad min:  tensor(-0.1780, device='cuda:0')
Autograd grad mean:  tensor(-0.0025, device='cuda:0')
[Step 59] PGD Update - Time: 0.0012s, Mem: 0.00 B

[Step 59] 完整步骤总时间: 9.597180s | 总显存: 0.00 B
[Step 59] 峰值显存: 6.22 GB

[Step 60] ============ 详细性能分析 ============
[模型部分] 总时间: 7.143788s | 显存: 4.12 GB

[0-9秒 PDE求解详细性能]
  t=0s - 时间: 0.000000s | 显存: 0.00 B
  t=1s - 时间: 0.450233s | 显存: 0.00 B
  t=2s - 时间: 0.522839s | 显存: 0.00 B
  t=3s - 时间: 0.664747s | 显存: 0.00 B
  t=4s - 时间: 0.709597s | 显存: 0.00 B
  t=5s - 时间: 0.799314s | 显存: 0.00 B
  t=6s - 时间: 0.817495s | 显存: 0.00 B
  t=7s - 时间: 0.930825s | 显存: 0.00 B
  t=8s - 时间: 1.086442s | 显存: 0.00 B
  t=9s - 时间: 1.141012s | 显存: 0.00 B

[19秒 PDE求解]
  t=19.0s - 时间: 1.984458s | 显存: 0.00 B

[PDE求解部分] 总时间: 1.984811s | 显存: 0.00 B

[本步骤总计] 时间: 9.128599s | 显存: 4.12 GB
orginal_loss:  tensor(1574.4331, device='cuda:0', grad_fn=<MseLossBackward0>)
[Step 60] Backward Propagation - Time: 0.0236s, Mem: -4413235200.00 B
x_adv.requires_grad:  True
pred_19.requires_grad, true_19.requires_grad:  True False
Autograd grad max:  tensor(0.1684, device='cuda:0')
Autograd grad min:  tensor(-0.1779, device='cuda:0')
Autograd grad mean:  tensor(-0.0025, device='cuda:0')
[Step 60] PGD Update - Time: 0.0012s, Mem: 0.00 B

[Step 60] 完整步骤总时间: 9.157080s | 总显存: 0.00 B
[Step 60] 峰值显存: 6.22 GB

[Step 61] ============ 详细性能分析 ============
[模型部分] 总时间: 7.032962s | 显存: 4.12 GB

[0-9秒 PDE求解详细性能]
  t=0s - 时间: 0.000000s | 显存: 0.00 B
  t=1s - 时间: 0.430057s | 显存: 0.00 B
  t=2s - 时间: 0.534271s | 显存: 0.00 B
  t=3s - 时间: 0.613078s | 显存: 0.00 B
  t=4s - 时间: 0.678175s | 显存: 0.00 B
  t=5s - 时间: 0.787344s | 显存: 0.00 B
  t=6s - 时间: 0.923817s | 显存: 0.00 B
  t=7s - 时间: 0.934273s | 显存: 0.00 B
  t=8s - 时间: 1.016993s | 显存: 0.00 B
  t=9s - 时间: 1.093675s | 显存: 0.00 B

[19秒 PDE求解]
  t=19.0s - 时间: 1.879581s | 显存: 0.00 B

[PDE求解部分] 总时间: 1.879958s | 显存: 0.00 B

[本步骤总计] 时间: 8.912920s | 显存: 4.12 GB
orginal_loss:  tensor(1574.2692, device='cuda:0', grad_fn=<MseLossBackward0>)
[Step 61] Backward Propagation - Time: 0.0236s, Mem: -4413235200.00 B
x_adv.requires_grad:  True
pred_19.requires_grad, true_19.requires_grad:  True False
Autograd grad max:  tensor(0.1684, device='cuda:0')
Autograd grad min:  tensor(-0.1779, device='cuda:0')
Autograd grad mean:  tensor(-0.0025, device='cuda:0')
[Step 61] PGD Update - Time: 0.0012s, Mem: 0.00 B

[Step 61] 完整步骤总时间: 8.941467s | 总显存: 0.00 B
[Step 61] 峰值显存: 6.22 GB

[Step 62] ============ 详细性能分析 ============
[模型部分] 总时间: 7.252188s | 显存: 4.12 GB

[0-9秒 PDE求解详细性能]
  t=0s - 时间: 0.000000s | 显存: 0.00 B
  t=1s - 时间: 0.510631s | 显存: 0.00 B
  t=2s - 时间: 0.528104s | 显存: 0.00 B
  t=3s - 时间: 0.659787s | 显存: 0.00 B
  t=4s - 时间: 0.753855s | 显存: 0.00 B
  t=5s - 时间: 0.777594s | 显存: 0.00 B
  t=6s - 时间: 0.815102s | 显存: 0.00 B
  t=7s - 时间: 0.949056s | 显存: 0.00 B
  t=8s - 时间: 1.064867s | 显存: 0.00 B
  t=9s - 时间: 1.171886s | 显存: 0.00 B

[19秒 PDE求解]
  t=19.0s - 时间: 1.957346s | 显存: 0.00 B

[PDE求解部分] 总时间: 1.957695s | 显存: 0.00 B

[本步骤总计] 时间: 9.209883s | 显存: 4.12 GB
orginal_loss:  tensor(1574.2200, device='cuda:0', grad_fn=<MseLossBackward0>)
[Step 62] Backward Propagation - Time: 0.0236s, Mem: -4413235200.00 B
x_adv.requires_grad:  True
pred_19.requires_grad, true_19.requires_grad:  True False
Autograd grad max:  tensor(0.1683, device='cuda:0')
Autograd grad min:  tensor(-0.1779, device='cuda:0')
Autograd grad mean:  tensor(-0.0025, device='cuda:0')
[Step 62] PGD Update - Time: 0.0012s, Mem: 0.00 B

[Step 62] 完整步骤总时间: 9.238688s | 总显存: 0.00 B
[Step 62] 峰值显存: 6.22 GB

[Step 63] ============ 详细性能分析 ============
[模型部分] 总时间: 7.045759s | 显存: 4.12 GB

[0-9秒 PDE求解详细性能]
  t=0s - 时间: 0.000000s | 显存: 0.00 B
  t=1s - 时间: 0.415515s | 显存: 0.00 B
  t=2s - 时间: 0.536270s | 显存: 0.00 B
  t=3s - 时间: 0.619043s | 显存: 0.00 B
  t=4s - 时间: 0.688002s | 显存: 0.00 B
  t=5s - 时间: 0.743579s | 显存: 0.00 B
  t=6s - 时间: 0.849546s | 显存: 0.00 B
  t=7s - 时间: 1.030316s | 显存: 0.00 B
  t=8s - 时间: 1.023303s | 显存: 0.00 B
  t=9s - 时间: 1.118439s | 显存: 0.00 B

[19秒 PDE求解]
  t=19.0s - 时间: 1.915044s | 显存: 0.00 B

[PDE求解部分] 总时间: 1.915481s | 显存: 0.00 B

[本步骤总计] 时间: 8.961239s | 显存: 4.12 GB
orginal_loss:  tensor(1574.3480, device='cuda:0', grad_fn=<MseLossBackward0>)
[Step 63] Backward Propagation - Time: 0.0238s, Mem: -4413235200.00 B
x_adv.requires_grad:  True
pred_19.requires_grad, true_19.requires_grad:  True False
Autograd grad max:  tensor(0.1684, device='cuda:0')
Autograd grad min:  tensor(-0.1779, device='cuda:0')
Autograd grad mean:  tensor(-0.0025, device='cuda:0')
[Step 63] PGD Update - Time: 0.0014s, Mem: 0.00 B

[Step 63] 完整步骤总时间: 8.991317s | 总显存: 0.00 B
[Step 63] 峰值显存: 6.22 GB

[Step 64] ============ 详细性能分析 ============
[模型部分] 总时间: 7.133391s | 显存: 4.12 GB

[0-9秒 PDE求解详细性能]
  t=0s - 时间: 0.000000s | 显存: 0.00 B
  t=1s - 时间: 0.487509s | 显存: 0.00 B
  t=2s - 时间: 0.605622s | 显存: 0.00 B
  t=3s - 时间: 0.692290s | 显存: 0.00 B
  t=4s - 时间: 0.677233s | 显存: 0.00 B
  t=5s - 时间: 0.769411s | 显存: 0.00 B
  t=6s - 时间: 0.855529s | 显存: 0.00 B
  t=7s - 时间: 0.917270s | 显存: 0.00 B
  t=8s - 时间: 1.036535s | 显存: 0.00 B
  t=9s - 时间: 1.070569s | 显存: 0.00 B

[19秒 PDE求解]
  t=19.0s - 时间: 1.970279s | 显存: 0.00 B

[PDE求解部分] 总时间: 1.970655s | 显存: 0.00 B

[本步骤总计] 时间: 9.104046s | 显存: 4.12 GB
orginal_loss:  tensor(1574.3325, device='cuda:0', grad_fn=<MseLossBackward0>)
[Step 64] Backward Propagation - Time: 0.0236s, Mem: -4413235200.00 B
x_adv.requires_grad:  True
pred_19.requires_grad, true_19.requires_grad:  True False
Autograd grad max:  tensor(0.1684, device='cuda:0')
Autograd grad min:  tensor(-0.1779, device='cuda:0')
Autograd grad mean:  tensor(-0.0025, device='cuda:0')
[Step 64] PGD Update - Time: 0.0012s, Mem: 0.00 B

[Step 64] 完整步骤总时间: 9.132784s | 总显存: 0.00 B
[Step 64] 峰值显存: 6.22 GB

[Step 65] ============ 详细性能分析 ============
[模型部分] 总时间: 6.984827s | 显存: 4.12 GB

[0-9秒 PDE求解详细性能]
  t=0s - 时间: 0.000000s | 显存: 0.00 B
  t=1s - 时间: 0.523252s | 显存: 0.00 B
  t=2s - 时间: 0.536506s | 显存: 0.00 B
  t=3s - 时间: 0.580005s | 显存: 0.00 B
  t=4s - 时间: 0.675806s | 显存: 0.00 B
  t=5s - 时间: 0.813615s | 显存: 0.00 B
  t=6s - 时间: 0.839615s | 显存: 0.00 B
  t=7s - 时间: 0.904221s | 显存: 0.00 B
  t=8s - 时间: 1.024651s | 显存: 0.00 B
  t=9s - 时间: 1.065878s | 显存: 0.00 B

[19秒 PDE求解]
  t=19.0s - 时间: 1.887227s | 显存: 0.00 B

[PDE求解部分] 总时间: 1.887588s | 显存: 0.00 B

[本步骤总计] 时间: 8.872415s | 显存: 4.12 GB
orginal_loss:  tensor(1574.3566, device='cuda:0', grad_fn=<MseLossBackward0>)
[Step 65] Backward Propagation - Time: 0.0236s, Mem: -4413235200.00 B
x_adv.requires_grad:  True
pred_19.requires_grad, true_19.requires_grad:  True False
Autograd grad max:  tensor(0.1684, device='cuda:0')
Autograd grad min:  tensor(-0.1779, device='cuda:0')
Autograd grad mean:  tensor(-0.0025, device='cuda:0')
[Step 65] PGD Update - Time: 0.0012s, Mem: 0.00 B

[Step 65] 完整步骤总时间: 8.901316s | 总显存: 0.00 B
[Step 65] 峰值显存: 6.22 GB

[Step 66] ============ 详细性能分析 ============
[模型部分] 总时间: 6.847153s | 显存: 4.12 GB

[0-9秒 PDE求解详细性能]
  t=0s - 时间: 0.000000s | 显存: 0.00 B
  t=1s - 时间: 0.411683s | 显存: 0.00 B
  t=2s - 时间: 0.557695s | 显存: 0.00 B
  t=3s - 时间: 0.578396s | 显存: 0.00 B
  t=4s - 时间: 0.660224s | 显存: 0.00 B
  t=5s - 时间: 0.738566s | 显存: 0.00 B
  t=6s - 时间: 0.837394s | 显存: 0.00 B
  t=7s - 时间: 0.889993s | 显存: 0.00 B
  t=8s - 时间: 1.041479s | 显存: 0.00 B
  t=9s - 时间: 1.110444s | 显存: 0.00 B

[19秒 PDE求解]
  t=19.0s - 时间: 1.907694s | 显存: 0.00 B

[PDE求解部分] 总时间: 1.908083s | 显存: 0.00 B

[本步骤总计] 时间: 8.755236s | 显存: 4.12 GB
orginal_loss:  tensor(1574.2134, device='cuda:0', grad_fn=<MseLossBackward0>)
[Step 66] Backward Propagation - Time: 0.0235s, Mem: -4413235200.00 B
x_adv.requires_grad:  True
pred_19.requires_grad, true_19.requires_grad:  True False
Autograd grad max:  tensor(0.1683, device='cuda:0')
Autograd grad min:  tensor(-0.1779, device='cuda:0')
Autograd grad mean:  tensor(-0.0025, device='cuda:0')
[Step 66] PGD Update - Time: 0.0012s, Mem: 0.00 B

[Step 66] 完整步骤总时间: 8.783751s | 总显存: 0.00 B
[Step 66] 峰值显存: 6.22 GB

[Step 67] ============ 详细性能分析 ============
[模型部分] 总时间: 7.319621s | 显存: 4.12 GB

[0-9秒 PDE求解详细性能]
  t=0s - 时间: 0.000000s | 显存: 0.00 B
  t=1s - 时间: 0.459277s | 显存: 0.00 B
  t=2s - 时间: 0.503380s | 显存: 0.00 B
  t=3s - 时间: 0.568239s | 显存: 0.00 B
  t=4s - 时间: 0.739593s | 显存: 0.00 B
  t=5s - 时间: 0.802090s | 显存: 0.00 B
  t=6s - 时间: 0.956696s | 显存: 0.00 B
  t=7s - 时间: 1.025976s | 显存: 0.00 B
  t=8s - 时间: 1.098366s | 显存: 0.00 B
  t=9s - 时间: 1.144769s | 显存: 0.00 B

[19秒 PDE求解]
  t=19.0s - 时间: 1.949064s | 显存: 0.00 B

[PDE求解部分] 总时间: 1.949450s | 显存: 0.00 B

[本步骤总计] 时间: 9.269071s | 显存: 4.12 GB
orginal_loss:  tensor(1574.3549, device='cuda:0', grad_fn=<MseLossBackward0>)
[Step 67] Backward Propagation - Time: 0.0235s, Mem: -4413235200.00 B
x_adv.requires_grad:  True
pred_19.requires_grad, true_19.requires_grad:  True False
Autograd grad max:  tensor(0.1684, device='cuda:0')
Autograd grad min:  tensor(-0.1779, device='cuda:0')
Autograd grad mean:  tensor(-0.0025, device='cuda:0')
[Step 67] PGD Update - Time: 0.0012s, Mem: 0.00 B

[Step 67] 完整步骤总时间: 9.297426s | 总显存: 0.00 B
[Step 67] 峰值显存: 6.22 GB

[Step 68] ============ 详细性能分析 ============
[模型部分] 总时间: 7.387124s | 显存: 4.12 GB

[0-9秒 PDE求解详细性能]
  t=0s - 时间: 0.000000s | 显存: 0.00 B
  t=1s - 时间: 0.448974s | 显存: 0.00 B
  t=2s - 时间: 0.565942s | 显存: 0.00 B
  t=3s - 时间: 0.652370s | 显存: 0.00 B
  t=4s - 时间: 0.736437s | 显存: 0.00 B
  t=5s - 时间: 0.778320s | 显存: 0.00 B
  t=6s - 时间: 0.971191s | 显存: 0.00 B
  t=7s - 时间: 1.010072s | 显存: 0.00 B
  t=8s - 时间: 1.070711s | 显存: 0.00 B
  t=9s - 时间: 1.131851s | 显存: 0.00 B

[19秒 PDE求解]
  t=19.0s - 时间: 1.984197s | 显存: 0.00 B

[PDE求解部分] 总时间: 1.984574s | 显存: 0.00 B

[本步骤总计] 时间: 9.371698s | 显存: 4.12 GB
orginal_loss:  tensor(1574.3547, device='cuda:0', grad_fn=<MseLossBackward0>)
[Step 68] Backward Propagation - Time: 0.0236s, Mem: -4413235200.00 B
x_adv.requires_grad:  True
pred_19.requires_grad, true_19.requires_grad:  True False
Autograd grad max:  tensor(0.1683, device='cuda:0')
Autograd grad min:  tensor(-0.1779, device='cuda:0')
Autograd grad mean:  tensor(-0.0025, device='cuda:0')
[Step 68] PGD Update - Time: 0.0012s, Mem: 0.00 B

[Step 68] 完整步骤总时间: 9.400416s | 总显存: 0.00 B
[Step 68] 峰值显存: 6.22 GB

[Step 69] ============ 详细性能分析 ============
[模型部分] 总时间: 7.282929s | 显存: 4.12 GB

[0-9秒 PDE求解详细性能]
  t=0s - 时间: 0.000000s | 显存: 0.00 B
  t=1s - 时间: 0.457124s | 显存: 0.00 B
  t=2s - 时间: 0.540545s | 显存: 0.00 B
  t=3s - 时间: 0.646556s | 显存: 0.00 B
  t=4s - 时间: 0.706692s | 显存: 0.00 B
  t=5s - 时间: 0.885873s | 显存: 0.00 B
  t=6s - 时间: 0.807206s | 显存: 0.00 B
  t=7s - 时间: 1.011062s | 显存: 0.00 B
  t=8s - 时间: 1.079372s | 显存: 0.00 B
  t=9s - 时间: 1.127177s | 显存: 0.00 B

[19秒 PDE求解]
  t=19.0s - 时间: 1.908163s | 显存: 0.00 B

[PDE求解部分] 总时间: 1.908526s | 显存: 0.00 B

[本步骤总计] 时间: 9.191455s | 显存: 4.12 GB
orginal_loss:  tensor(1574.4414, device='cuda:0', grad_fn=<MseLossBackward0>)
[Step 69] Backward Propagation - Time: 0.0235s, Mem: -4413235200.00 B
x_adv.requires_grad:  True
pred_19.requires_grad, true_19.requires_grad:  True False
Autograd grad max:  tensor(0.1684, device='cuda:0')
Autograd grad min:  tensor(-0.1779, device='cuda:0')
Autograd grad mean:  tensor(-0.0025, device='cuda:0')
[Step 69] PGD Update - Time: 0.0012s, Mem: 0.00 B

[Step 69] 完整步骤总时间: 9.220056s | 总显存: 0.00 B
[Step 69] 峰值显存: 6.22 GB

[Step 70] ============ 详细性能分析 ============
[模型部分] 总时间: 7.455499s | 显存: 4.12 GB

[0-9秒 PDE求解详细性能]
  t=0s - 时间: 0.000000s | 显存: 0.00 B
  t=1s - 时间: 0.464348s | 显存: 0.00 B
  t=2s - 时间: 0.599537s | 显存: 0.00 B
  t=3s - 时间: 0.694107s | 显存: 0.00 B
  t=4s - 时间: 0.764939s | 显存: 0.00 B
  t=5s - 时间: 0.783310s | 显存: 0.00 B
  t=6s - 时间: 0.932604s | 显存: 0.00 B
  t=7s - 时间: 1.014162s | 显存: 0.00 B
  t=8s - 时间: 1.092988s | 显存: 0.00 B
  t=9s - 时间: 1.087859s | 显存: 0.00 B

[19秒 PDE求解]
  t=19.0s - 时间: 2.014046s | 显存: 0.00 B

[PDE求解部分] 总时间: 2.014463s | 显存: 0.00 B

[本步骤总计] 时间: 9.469962s | 显存: 4.12 GB
orginal_loss:  tensor(1574.4094, device='cuda:0', grad_fn=<MseLossBackward0>)
[Step 70] Backward Propagation - Time: 0.0235s, Mem: -4413235200.00 B
x_adv.requires_grad:  True
pred_19.requires_grad, true_19.requires_grad:  True False
Autograd grad max:  tensor(0.1684, device='cuda:0')
Autograd grad min:  tensor(-0.1780, device='cuda:0')
Autograd grad mean:  tensor(-0.0025, device='cuda:0')
[Step 70] PGD Update - Time: 0.0013s, Mem: 0.00 B

[Step 70] 完整步骤总时间: 9.499497s | 总显存: 0.00 B
[Step 70] 峰值显存: 6.22 GB

[Step 71] ============ 详细性能分析 ============
[模型部分] 总时间: 7.296582s | 显存: 4.12 GB

[0-9秒 PDE求解详细性能]
  t=0s - 时间: 0.000000s | 显存: 0.00 B
  t=1s - 时间: 0.501908s | 显存: 0.00 B
  t=2s - 时间: 0.529674s | 显存: 0.00 B
  t=3s - 时间: 0.626211s | 显存: 0.00 B
  t=4s - 时间: 0.710867s | 显存: 0.00 B
  t=5s - 时间: 0.885645s | 显存: 0.00 B
  t=6s - 时间: 0.877020s | 显存: 0.00 B
  t=7s - 时间: 0.973676s | 显存: 0.00 B
  t=8s - 时间: 1.034816s | 显存: 0.00 B
  t=9s - 时间: 1.134917s | 显存: 0.00 B

[19秒 PDE求解]
  t=19.0s - 时间: 1.993729s | 显存: 0.00 B

[PDE求解部分] 总时间: 1.994107s | 显存: 0.00 B

[本步骤总计] 时间: 9.290689s | 显存: 4.12 GB
orginal_loss:  tensor(1574.3823, device='cuda:0', grad_fn=<MseLossBackward0>)
[Step 71] Backward Propagation - Time: 0.0237s, Mem: -4413235200.00 B
x_adv.requires_grad:  True
pred_19.requires_grad, true_19.requires_grad:  True False
Autograd grad max:  tensor(0.1684, device='cuda:0')
Autograd grad min:  tensor(-0.1779, device='cuda:0')
Autograd grad mean:  tensor(-0.0025, device='cuda:0')
[Step 71] PGD Update - Time: 0.0013s, Mem: 0.00 B

[Step 71] 完整步骤总时间: 9.320071s | 总显存: 0.00 B
[Step 71] 峰值显存: 6.22 GB

[Step 72] ============ 详细性能分析 ============
[模型部分] 总时间: 7.253374s | 显存: 4.12 GB

[0-9秒 PDE求解详细性能]
  t=0s - 时间: 0.000000s | 显存: 0.00 B
  t=1s - 时间: 0.462254s | 显存: 0.00 B
  t=2s - 时间: 0.563920s | 显存: 0.00 B
  t=3s - 时间: 0.641410s | 显存: 0.00 B
  t=4s - 时间: 0.724951s | 显存: 0.00 B
  t=5s - 时间: 0.859783s | 显存: 0.00 B
  t=6s - 时间: 0.871432s | 显存: 0.00 B
  t=7s - 时间: 0.938496s | 显存: 0.00 B
  t=8s - 时间: 1.079414s | 显存: 0.00 B
  t=9s - 时间: 1.090398s | 显存: 0.00 B

[19秒 PDE求解]
  t=19.0s - 时间: 1.994086s | 显存: 0.00 B

[PDE求解部分] 总时间: 1.994437s | 显存: 0.00 B

[本步骤总计] 时间: 9.247811s | 显存: 4.12 GB
orginal_loss:  tensor(1574.4619, device='cuda:0', grad_fn=<MseLossBackward0>)
[Step 72] Backward Propagation - Time: 0.0236s, Mem: -4413235200.00 B
x_adv.requires_grad:  True
pred_19.requires_grad, true_19.requires_grad:  True False
Autograd grad max:  tensor(0.1684, device='cuda:0')
Autograd grad min:  tensor(-0.1780, device='cuda:0')
Autograd grad mean:  tensor(-0.0025, device='cuda:0')
[Step 72] PGD Update - Time: 0.0012s, Mem: 0.00 B

[Step 72] 完整步骤总时间: 9.276587s | 总显存: 0.00 B
[Step 72] 峰值显存: 6.22 GB

[Step 73] ============ 详细性能分析 ============
[模型部分] 总时间: 7.301274s | 显存: 4.12 GB

[0-9秒 PDE求解详细性能]
  t=0s - 时间: 0.000000s | 显存: 0.00 B
  t=1s - 时间: 0.536500s | 显存: 0.00 B
  t=2s - 时间: 0.562821s | 显存: 0.00 B
  t=3s - 时间: 0.630724s | 显存: 0.00 B
  t=4s - 时间: 0.708870s | 显存: 0.00 B
  t=5s - 时间: 0.737114s | 显存: 0.00 B
  t=6s - 时间: 0.839156s | 显存: 0.00 B
  t=7s - 时间: 1.037904s | 显存: 0.00 B
  t=8s - 时间: 1.052776s | 显存: 0.00 B
  t=9s - 时间: 1.174110s | 显存: 0.00 B

[19秒 PDE求解]
  t=19.0s - 时间: 1.935881s | 显存: 0.00 B

[PDE求解部分] 总时间: 1.936235s | 显存: 0.00 B

[本步骤总计] 时间: 9.237509s | 显存: 4.12 GB
orginal_loss:  tensor(1574.2598, device='cuda:0', grad_fn=<MseLossBackward0>)
[Step 73] Backward Propagation - Time: 0.0237s, Mem: -4413235200.00 B
x_adv.requires_grad:  True
pred_19.requires_grad, true_19.requires_grad:  True False
Autograd grad max:  tensor(0.1684, device='cuda:0')
Autograd grad min:  tensor(-0.1779, device='cuda:0')
Autograd grad mean:  tensor(-0.0025, device='cuda:0')
[Step 73] PGD Update - Time: 0.0012s, Mem: 0.00 B

[Step 73] 完整步骤总时间: 9.266565s | 总显存: 0.00 B
[Step 73] 峰值显存: 6.22 GB

[Step 74] ============ 详细性能分析 ============
[模型部分] 总时间: 7.086522s | 显存: 4.12 GB

[0-9秒 PDE求解详细性能]
  t=0s - 时间: 0.000000s | 显存: 0.00 B
  t=1s - 时间: 0.439367s | 显存: 0.00 B
  t=2s - 时间: 0.569508s | 显存: 0.00 B
  t=3s - 时间: 0.680574s | 显存: 0.00 B
  t=4s - 时间: 0.728564s | 显存: 0.00 B
  t=5s - 时间: 0.733330s | 显存: 0.00 B
  t=6s - 时间: 0.824699s | 显存: 0.00 B
  t=7s - 时间: 0.929865s | 显存: 0.00 B
  t=8s - 时间: 1.016215s | 显存: 0.00 B
  t=9s - 时间: 1.143115s | 显存: 0.00 B

[19秒 PDE求解]
  t=19.0s - 时间: 1.963962s | 显存: 0.00 B

[PDE求解部分] 总时间: 1.964325s | 显存: 0.00 B

[本步骤总计] 时间: 9.050847s | 显存: 4.12 GB
orginal_loss:  tensor(1574.3071, device='cuda:0', grad_fn=<MseLossBackward0>)
[Step 74] Backward Propagation - Time: 0.0234s, Mem: -4413235200.00 B
x_adv.requires_grad:  True
pred_19.requires_grad, true_19.requires_grad:  True False
Autograd grad max:  tensor(0.1683, device='cuda:0')
Autograd grad min:  tensor(-0.1779, device='cuda:0')
Autograd grad mean:  tensor(-0.0025, device='cuda:0')
[Step 74] PGD Update - Time: 0.0012s, Mem: 0.00 B

[Step 74] 完整步骤总时间: 9.079577s | 总显存: 0.00 B
[Step 74] 峰值显存: 6.22 GB

[Step 75] ============ 详细性能分析 ============
[模型部分] 总时间: 7.417152s | 显存: 4.12 GB

[0-9秒 PDE求解详细性能]
  t=0s - 时间: 0.000000s | 显存: 0.00 B
  t=1s - 时间: 0.515561s | 显存: 0.00 B
  t=2s - 时间: 0.558341s | 显存: 0.00 B
  t=3s - 时间: 0.634989s | 显存: 0.00 B
  t=4s - 时间: 0.718903s | 显存: 0.00 B
  t=5s - 时间: 0.770399s | 显存: 0.00 B
  t=6s - 时间: 0.931258s | 显存: 0.00 B
  t=7s - 时间: 1.013361s | 显存: 0.00 B
  t=8s - 时间: 1.108845s | 显存: 0.00 B
  t=9s - 时间: 1.144216s | 显存: 0.00 B

[19秒 PDE求解]
  t=19.0s - 时间: 1.946652s | 显存: 0.00 B

[PDE求解部分] 总时间: 1.947025s | 显存: 0.00 B

[本步骤总计] 时间: 9.364176s | 显存: 4.12 GB
orginal_loss:  tensor(1574.3789, device='cuda:0', grad_fn=<MseLossBackward0>)
[Step 75] Backward Propagation - Time: 0.0236s, Mem: -4413235200.00 B
x_adv.requires_grad:  True
pred_19.requires_grad, true_19.requires_grad:  True False
Autograd grad max:  tensor(0.1684, device='cuda:0')
Autograd grad min:  tensor(-0.1779, device='cuda:0')
Autograd grad mean:  tensor(-0.0025, device='cuda:0')
[Step 75] PGD Update - Time: 0.0012s, Mem: 0.00 B

[Step 75] 完整步骤总时间: 9.392754s | 总显存: 0.00 B
[Step 75] 峰值显存: 6.22 GB

[Step 76] ============ 详细性能分析 ============
[模型部分] 总时间: 7.326713s | 显存: 4.12 GB

[0-9秒 PDE求解详细性能]
  t=0s - 时间: 0.000000s | 显存: 0.00 B
  t=1s - 时间: 0.446302s | 显存: 0.00 B
  t=2s - 时间: 0.518050s | 显存: 0.00 B
  t=3s - 时间: 0.608293s | 显存: 0.00 B
  t=4s - 时间: 0.702006s | 显存: 0.00 B
  t=5s - 时间: 0.872385s | 显存: 0.00 B
  t=6s - 时间: 0.931060s | 显存: 0.00 B
  t=7s - 时间: 1.000100s | 显存: 0.00 B
  t=8s - 时间: 1.060940s | 显存: 0.00 B
  t=9s - 时间: 1.166255s | 显存: 0.00 B

[19秒 PDE求解]
  t=19.0s - 时间: 2.011981s | 显存: 0.00 B

[PDE求解部分] 总时间: 2.012331s | 显存: 0.00 B

[本步骤总计] 时间: 9.339044s | 显存: 4.12 GB
orginal_loss:  tensor(1574.2393, device='cuda:0', grad_fn=<MseLossBackward0>)
[Step 76] Backward Propagation - Time: 0.0235s, Mem: -4413235200.00 B
x_adv.requires_grad:  True
pred_19.requires_grad, true_19.requires_grad:  True False
Autograd grad max:  tensor(0.1683, device='cuda:0')
Autograd grad min:  tensor(-0.1779, device='cuda:0')
Autograd grad mean:  tensor(-0.0025, device='cuda:0')
[Step 76] PGD Update - Time: 0.0012s, Mem: 0.00 B

[Step 76] 完整步骤总时间: 9.367500s | 总显存: 0.00 B
[Step 76] 峰值显存: 6.22 GB

[Step 77] ============ 详细性能分析 ============
[模型部分] 总时间: 7.257194s | 显存: 4.12 GB

[0-9秒 PDE求解详细性能]
  t=0s - 时间: 0.000000s | 显存: 0.00 B
  t=1s - 时间: 0.479611s | 显存: 0.00 B
  t=2s - 时间: 0.482546s | 显存: 0.00 B
  t=3s - 时间: 0.570366s | 显存: 0.00 B
  t=4s - 时间: 0.767086s | 显存: 0.00 B
  t=5s - 时间: 0.800841s | 显存: 0.00 B
  t=6s - 时间: 0.912986s | 显存: 0.00 B
  t=7s - 时间: 1.014969s | 显存: 0.00 B
  t=8s - 时间: 1.104581s | 显存: 0.00 B
  t=9s - 时间: 1.103019s | 显存: 0.00 B

[19秒 PDE求解]
  t=19.0s - 时间: 2.007925s | 显存: 0.00 B

[PDE求解部分] 总时间: 2.008335s | 显存: 0.00 B

[本步骤总计] 时间: 9.265528s | 显存: 4.12 GB
orginal_loss:  tensor(1574.4459, device='cuda:0', grad_fn=<MseLossBackward0>)
[Step 77] Backward Propagation - Time: 0.0241s, Mem: -4413235200.00 B
x_adv.requires_grad:  True
pred_19.requires_grad, true_19.requires_grad:  True False
Autograd grad max:  tensor(0.1683, device='cuda:0')
Autograd grad min:  tensor(-0.1779, device='cuda:0')
Autograd grad mean:  tensor(-0.0025, device='cuda:0')
[Step 77] PGD Update - Time: 0.0012s, Mem: 0.00 B

[Step 77] 完整步骤总时间: 9.295690s | 总显存: 0.00 B
[Step 77] 峰值显存: 6.22 GB

[Step 78] ============ 详细性能分析 ============
[模型部分] 总时间: 7.242380s | 显存: 4.12 GB

[0-9秒 PDE求解详细性能]
  t=0s - 时间: 0.000000s | 显存: 0.00 B
  t=1s - 时间: 0.446308s | 显存: 0.00 B
  t=2s - 时间: 0.559122s | 显存: 0.00 B
  t=3s - 时间: 0.654147s | 显存: 0.00 B
  t=4s - 时间: 0.675652s | 显存: 0.00 B
  t=5s - 时间: 0.786970s | 显存: 0.00 B
  t=6s - 时间: 0.912178s | 显存: 0.00 B
  t=7s - 时间: 0.948612s | 显存: 0.00 B
  t=8s - 时间: 1.098593s | 显存: 0.00 B
  t=9s - 时间: 1.138870s | 显存: 0.00 B

[19秒 PDE求解]
  t=19.0s - 时间: 1.997341s | 显存: 0.00 B

[PDE求解部分] 总时间: 1.997750s | 显存: 0.00 B

[本步骤总计] 时间: 9.240130s | 显存: 4.12 GB
orginal_loss:  tensor(1574.3364, device='cuda:0', grad_fn=<MseLossBackward0>)
[Step 78] Backward Propagation - Time: 0.0237s, Mem: -4413235200.00 B
x_adv.requires_grad:  True
pred_19.requires_grad, true_19.requires_grad:  True False
Autograd grad max:  tensor(0.1684, device='cuda:0')
Autograd grad min:  tensor(-0.1779, device='cuda:0')
Autograd grad mean:  tensor(-0.0025, device='cuda:0')
[Step 78] PGD Update - Time: 0.0014s, Mem: 0.00 B

[Step 78] 完整步骤总时间: 9.269669s | 总显存: 0.00 B
[Step 78] 峰值显存: 6.22 GB

[Step 79] ============ 详细性能分析 ============
[模型部分] 总时间: 7.343250s | 显存: 4.12 GB

[0-9秒 PDE求解详细性能]
  t=0s - 时间: 0.000000s | 显存: 0.00 B
  t=1s - 时间: 0.475626s | 显存: 0.00 B
  t=2s - 时间: 0.606549s | 显存: 0.00 B
  t=3s - 时间: 0.710405s | 显存: 0.00 B
  t=4s - 时间: 0.727709s | 显存: 0.00 B
  t=5s - 时间: 0.758784s | 显存: 0.00 B
  t=6s - 时间: 0.876611s | 显存: 0.00 B
  t=7s - 时间: 1.021831s | 显存: 0.00 B
  t=8s - 时间: 1.024752s | 显存: 0.00 B
  t=9s - 时间: 1.119543s | 显存: 0.00 B

[19秒 PDE求解]
  t=19.0s - 时间: 1.926318s | 显存: 0.00 B

[PDE求解部分] 总时间: 1.926699s | 显存: 0.00 B

[本步骤总计] 时间: 9.269949s | 显存: 4.12 GB
orginal_loss:  tensor(1574.6179, device='cuda:0', grad_fn=<MseLossBackward0>)
[Step 79] Backward Propagation - Time: 0.0235s, Mem: -4413235200.00 B
x_adv.requires_grad:  True
pred_19.requires_grad, true_19.requires_grad:  True False
Autograd grad max:  tensor(0.1684, device='cuda:0')
Autograd grad min:  tensor(-0.1780, device='cuda:0')
Autograd grad mean:  tensor(-0.0025, device='cuda:0')
[Step 79] PGD Update - Time: 0.0012s, Mem: 0.00 B

[Step 79] 完整步骤总时间: 9.298599s | 总显存: 0.00 B
[Step 79] 峰值显存: 6.22 GB

[Step 80] ============ 详细性能分析 ============
[模型部分] 总时间: 7.380929s | 显存: 4.12 GB

[0-9秒 PDE求解详细性能]
  t=0s - 时间: 0.000000s | 显存: 0.00 B
  t=1s - 时间: 0.525128s | 显存: 0.00 B
  t=2s - 时间: 0.538898s | 显存: 0.00 B
  t=3s - 时间: 0.619314s | 显存: 0.00 B
  t=4s - 时间: 0.773624s | 显存: 0.00 B
  t=5s - 时间: 0.796128s | 显存: 0.00 B
  t=6s - 时间: 0.939543s | 显存: 0.00 B
  t=7s - 时间: 0.982661s | 显存: 0.00 B
  t=8s - 时间: 1.049977s | 显存: 0.00 B
  t=9s - 时间: 1.134417s | 显存: 0.00 B

[19秒 PDE求解]
  t=19.0s - 时间: 1.896529s | 显存: 0.00 B

[PDE求解部分] 总时间: 1.896929s | 显存: 0.00 B

[本步骤总计] 时间: 9.277858s | 显存: 4.12 GB
orginal_loss:  tensor(1574.3351, device='cuda:0', grad_fn=<MseLossBackward0>)
[Step 80] Backward Propagation - Time: 0.0239s, Mem: -4413235200.00 B
x_adv.requires_grad:  True
pred_19.requires_grad, true_19.requires_grad:  True False
Autograd grad max:  tensor(0.1684, device='cuda:0')
Autograd grad min:  tensor(-0.1779, device='cuda:0')
Autograd grad mean:  tensor(-0.0025, device='cuda:0')
[Step 80] PGD Update - Time: 0.0012s, Mem: 0.00 B

[Step 80] 完整步骤总时间: 9.306934s | 总显存: 0.00 B
[Step 80] 峰值显存: 6.22 GB

[Step 81] ============ 详细性能分析 ============
[模型部分] 总时间: 7.281176s | 显存: 4.12 GB

[0-9秒 PDE求解详细性能]
  t=0s - 时间: 0.000000s | 显存: 0.00 B
  t=1s - 时间: 0.529849s | 显存: 0.00 B
  t=2s - 时间: 0.557477s | 显存: 0.00 B
  t=3s - 时间: 0.639465s | 显存: 0.00 B
  t=4s - 时间: 0.708213s | 显存: 0.00 B
  t=5s - 时间: 0.795862s | 显存: 0.00 B
  t=6s - 时间: 0.937207s | 显存: 0.00 B
  t=7s - 时间: 0.946133s | 显存: 0.00 B
  t=8s - 时间: 1.029931s | 显存: 0.00 B
  t=9s - 时间: 1.115711s | 显存: 0.00 B

[19秒 PDE求解]
  t=19.0s - 时间: 1.998056s | 显存: 0.00 B

[PDE求解部分] 总时间: 1.998432s | 显存: 0.00 B

[本步骤总计] 时间: 9.279608s | 显存: 4.12 GB
orginal_loss:  tensor(1574.4287, device='cuda:0', grad_fn=<MseLossBackward0>)
[Step 81] Backward Propagation - Time: 0.0234s, Mem: -4413235200.00 B
x_adv.requires_grad:  True
pred_19.requires_grad, true_19.requires_grad:  True False
Autograd grad max:  tensor(0.1684, device='cuda:0')
Autograd grad min:  tensor(-0.1779, device='cuda:0')
Autograd grad mean:  tensor(-0.0025, device='cuda:0')
[Step 81] PGD Update - Time: 0.0012s, Mem: 0.00 B

[Step 81] 完整步骤总时间: 9.308225s | 总显存: 0.00 B
[Step 81] 峰值显存: 6.22 GB

[Step 82] ============ 详细性能分析 ============
[模型部分] 总时间: 7.172433s | 显存: 4.12 GB

[0-9秒 PDE求解详细性能]
  t=0s - 时间: 0.000000s | 显存: 0.00 B
  t=1s - 时间: 0.498902s | 显存: 0.00 B
  t=2s - 时间: 0.606347s | 显存: 0.00 B
  t=3s - 时间: 0.676576s | 显存: 0.00 B
  t=4s - 时间: 0.738594s | 显存: 0.00 B
  t=5s - 时间: 0.730902s | 显存: 0.00 B
  t=6s - 时间: 0.852882s | 显存: 0.00 B
  t=7s - 时间: 0.897995s | 显存: 0.00 B
  t=8s - 时间: 0.980151s | 显存: 0.00 B
  t=9s - 时间: 1.168836s | 显存: 0.00 B

[19秒 PDE求解]
  t=19.0s - 时间: 2.034814s | 显存: 0.00 B

[PDE求解部分] 总时间: 2.035183s | 显存: 0.00 B

[本步骤总计] 时间: 9.207616s | 显存: 4.12 GB
orginal_loss:  tensor(1574.3262, device='cuda:0', grad_fn=<MseLossBackward0>)
[Step 82] Backward Propagation - Time: 0.0235s, Mem: -4413235200.00 B
x_adv.requires_grad:  True
pred_19.requires_grad, true_19.requires_grad:  True False
Autograd grad max:  tensor(0.1684, device='cuda:0')
Autograd grad min:  tensor(-0.1779, device='cuda:0')
Autograd grad mean:  tensor(-0.0025, device='cuda:0')
[Step 82] PGD Update - Time: 0.0012s, Mem: 0.00 B

[Step 82] 完整步骤总时间: 9.236400s | 总显存: 0.00 B
[Step 82] 峰值显存: 6.22 GB

[Step 83] ============ 详细性能分析 ============
[模型部分] 总时间: 6.999787s | 显存: 4.12 GB

[0-9秒 PDE求解详细性能]
  t=0s - 时间: 0.000000s | 显存: 0.00 B
  t=1s - 时间: 0.482851s | 显存: 0.00 B
  t=2s - 时间: 0.528828s | 显存: 0.00 B
  t=3s - 时间: 0.590475s | 显存: 0.00 B
  t=4s - 时间: 0.714058s | 显存: 0.00 B
  t=5s - 时间: 0.751439s | 显存: 0.00 B
  t=6s - 时间: 0.855000s | 显存: 0.00 B
  t=7s - 时间: 0.933690s | 显存: 0.00 B
  t=8s - 时间: 1.053068s | 显存: 0.00 B
  t=9s - 时间: 1.068965s | 显存: 0.00 B

[19秒 PDE求解]
  t=19.0s - 时间: 1.995846s | 显存: 0.00 B

[PDE求解部分] 总时间: 1.996217s | 显存: 0.00 B

[本步骤总计] 时间: 8.996004s | 显存: 4.12 GB
orginal_loss:  tensor(1574.2919, device='cuda:0', grad_fn=<MseLossBackward0>)
[Step 83] Backward Propagation - Time: 0.0237s, Mem: -4413235200.00 B
x_adv.requires_grad:  True
pred_19.requires_grad, true_19.requires_grad:  True False
Autograd grad max:  tensor(0.1684, device='cuda:0')
Autograd grad min:  tensor(-0.1779, device='cuda:0')
Autograd grad mean:  tensor(-0.0025, device='cuda:0')
[Step 83] PGD Update - Time: 0.0013s, Mem: 0.00 B

[Step 83] 完整步骤总时间: 9.024949s | 总显存: 0.00 B
[Step 83] 峰值显存: 6.22 GB

[Step 84] ============ 详细性能分析 ============
[模型部分] 总时间: 7.463523s | 显存: 4.12 GB

[0-9秒 PDE求解详细性能]
  t=0s - 时间: 0.000000s | 显存: 0.00 B
  t=1s - 时间: 0.522122s | 显存: 0.00 B
  t=2s - 时间: 0.599687s | 显存: 0.00 B
  t=3s - 时间: 0.688951s | 显存: 0.00 B
  t=4s - 时间: 0.782483s | 显存: 0.00 B
  t=5s - 时间: 0.808065s | 显存: 0.00 B
  t=6s - 时间: 0.861505s | 显存: 0.00 B
  t=7s - 时间: 1.004227s | 显存: 0.00 B
  t=8s - 时间: 1.053789s | 显存: 0.00 B
  t=9s - 时间: 1.121401s | 显存: 0.00 B

[19秒 PDE求解]
  t=19.0s - 时间: 1.986998s | 显存: 0.00 B

[PDE求解部分] 总时间: 1.987356s | 显存: 0.00 B

[本步骤总计] 时间: 9.450879s | 显存: 4.12 GB
orginal_loss:  tensor(1574.4009, device='cuda:0', grad_fn=<MseLossBackward0>)
[Step 84] Backward Propagation - Time: 0.0235s, Mem: -4413235200.00 B
x_adv.requires_grad:  True
pred_19.requires_grad, true_19.requires_grad:  True False
Autograd grad max:  tensor(0.1684, device='cuda:0')
Autograd grad min:  tensor(-0.1780, device='cuda:0')
Autograd grad mean:  tensor(-0.0025, device='cuda:0')
[Step 84] PGD Update - Time: 0.0012s, Mem: 0.00 B

[Step 84] 完整步骤总时间: 9.479630s | 总显存: 0.00 B
[Step 84] 峰值显存: 6.22 GB

[Step 85] ============ 详细性能分析 ============
[模型部分] 总时间: 7.359597s | 显存: 4.12 GB

[0-9秒 PDE求解详细性能]
  t=0s - 时间: 0.000000s | 显存: 0.00 B
  t=1s - 时间: 0.426187s | 显存: 0.00 B
  t=2s - 时间: 0.650929s | 显存: 0.00 B
  t=3s - 时间: 0.700925s | 显存: 0.00 B
  t=4s - 时间: 0.758080s | 显存: 0.00 B
  t=5s - 时间: 0.769078s | 显存: 0.00 B
  t=6s - 时间: 0.836071s | 显存: 0.00 B
  t=7s - 时间: 1.026984s | 显存: 0.00 B
  t=8s - 时间: 1.039167s | 显存: 0.00 B
  t=9s - 时间: 1.130541s | 显存: 0.00 B

[19秒 PDE求解]
  t=19.0s - 时间: 1.999804s | 显存: 0.00 B

[PDE求解部分] 总时间: 2.000288s | 显存: 0.00 B

[本步骤总计] 时间: 9.359885s | 显存: 4.12 GB
orginal_loss:  tensor(1574.3633, device='cuda:0', grad_fn=<MseLossBackward0>)
[Step 85] Backward Propagation - Time: 0.0237s, Mem: -4413235200.00 B
x_adv.requires_grad:  True
pred_19.requires_grad, true_19.requires_grad:  True False
Autograd grad max:  tensor(0.1684, device='cuda:0')
Autograd grad min:  tensor(-0.1779, device='cuda:0')
Autograd grad mean:  tensor(-0.0025, device='cuda:0')
[Step 85] PGD Update - Time: 0.0014s, Mem: 0.00 B

[Step 85] 完整步骤总时间: 9.390206s | 总显存: 0.00 B
[Step 85] 峰值显存: 6.22 GB

[Step 86] ============ 详细性能分析 ============
[模型部分] 总时间: 7.548900s | 显存: 4.12 GB

[0-9秒 PDE求解详细性能]
  t=0s - 时间: 0.000000s | 显存: 0.00 B
  t=1s - 时间: 0.547376s | 显存: 0.00 B
  t=2s - 时间: 0.598735s | 显存: 0.00 B
  t=3s - 时间: 0.686836s | 显存: 0.00 B
  t=4s - 时间: 0.699759s | 显存: 0.00 B
  t=5s - 时间: 0.811006s | 显存: 0.00 B
  t=6s - 时间: 0.946756s | 显存: 0.00 B
  t=7s - 时间: 1.025744s | 显存: 0.00 B
  t=8s - 时间: 1.073711s | 显存: 0.00 B
  t=9s - 时间: 1.137094s | 显存: 0.00 B

[19秒 PDE求解]
  t=19.0s - 时间: 2.017577s | 显存: 0.00 B

[PDE求解部分] 总时间: 2.017948s | 显存: 0.00 B

[本步骤总计] 时间: 9.566848s | 显存: 4.12 GB
orginal_loss:  tensor(1574.2815, device='cuda:0', grad_fn=<MseLossBackward0>)
[Step 86] Backward Propagation - Time: 0.0236s, Mem: -4413235200.00 B
x_adv.requires_grad:  True
pred_19.requires_grad, true_19.requires_grad:  True False
Autograd grad max:  tensor(0.1683, device='cuda:0')
Autograd grad min:  tensor(-0.1779, device='cuda:0')
Autograd grad mean:  tensor(-0.0025, device='cuda:0')
[Step 86] PGD Update - Time: 0.0012s, Mem: 0.00 B

[Step 86] 完整步骤总时间: 9.595549s | 总显存: 0.00 B
[Step 86] 峰值显存: 6.22 GB

[Step 87] ============ 详细性能分析 ============
[模型部分] 总时间: 7.146475s | 显存: 4.12 GB

[0-9秒 PDE求解详细性能]
  t=0s - 时间: 0.000000s | 显存: 0.00 B
  t=1s - 时间: 0.474112s | 显存: 0.00 B
  t=2s - 时间: 0.528182s | 显存: 0.00 B
  t=3s - 时间: 0.641212s | 显存: 0.00 B
  t=4s - 时间: 0.715143s | 显存: 0.00 B
  t=5s - 时间: 0.831323s | 显存: 0.00 B
  t=6s - 时间: 0.872983s | 显存: 0.00 B
  t=7s - 时间: 1.009941s | 显存: 0.00 B
  t=8s - 时间: 0.981034s | 显存: 0.00 B
  t=9s - 时间: 1.071316s | 显存: 0.00 B

[19秒 PDE求解]
  t=19.0s - 时间: 1.966835s | 显存: 0.00 B

[PDE求解部分] 总时间: 1.967193s | 显存: 0.00 B

[本步骤总计] 时间: 9.113668s | 显存: 4.12 GB
orginal_loss:  tensor(1574.4399, device='cuda:0', grad_fn=<MseLossBackward0>)
[Step 87] Backward Propagation - Time: 0.0235s, Mem: -4413235200.00 B
x_adv.requires_grad:  True
pred_19.requires_grad, true_19.requires_grad:  True False
Autograd grad max:  tensor(0.1684, device='cuda:0')
Autograd grad min:  tensor(-0.1779, device='cuda:0')
Autograd grad mean:  tensor(-0.0025, device='cuda:0')
[Step 87] PGD Update - Time: 0.0012s, Mem: 0.00 B

[Step 87] 完整步骤总时间: 9.142277s | 总显存: 0.00 B
[Step 87] 峰值显存: 6.22 GB

[Step 88] ============ 详细性能分析 ============
[模型部分] 总时间: 7.453218s | 显存: 4.12 GB

[0-9秒 PDE求解详细性能]
  t=0s - 时间: 0.000000s | 显存: 0.00 B
  t=1s - 时间: 0.445686s | 显存: 0.00 B
  t=2s - 时间: 0.603433s | 显存: 0.00 B
  t=3s - 时间: 0.704878s | 显存: 0.00 B
  t=4s - 时间: 0.771918s | 显存: 0.00 B
  t=5s - 时间: 0.793016s | 显存: 0.00 B
  t=6s - 时间: 0.916408s | 显存: 0.00 B
  t=7s - 时间: 1.011893s | 显存: 0.00 B
  t=8s - 时间: 1.060487s | 显存: 0.00 B
  t=9s - 时间: 1.124185s | 显存: 0.00 B

[19秒 PDE求解]
  t=19.0s - 时间: 1.982671s | 显存: 0.00 B

[PDE求解部分] 总时间: 1.983024s | 显存: 0.00 B

[本步骤总计] 时间: 9.436242s | 显存: 4.12 GB
orginal_loss:  tensor(1574.4302, device='cuda:0', grad_fn=<MseLossBackward0>)
[Step 88] Backward Propagation - Time: 0.0236s, Mem: -4413235200.00 B
x_adv.requires_grad:  True
pred_19.requires_grad, true_19.requires_grad:  True False
Autograd grad max:  tensor(0.1684, device='cuda:0')
Autograd grad min:  tensor(-0.1780, device='cuda:0')
Autograd grad mean:  tensor(-0.0025, device='cuda:0')
[Step 88] PGD Update - Time: 0.0012s, Mem: 0.00 B

[Step 88] 完整步骤总时间: 9.465084s | 总显存: 0.00 B
[Step 88] 峰值显存: 6.22 GB

[Step 89] ============ 详细性能分析 ============
[模型部分] 总时间: 7.164663s | 显存: 4.12 GB

[0-9秒 PDE求解详细性能]
  t=0s - 时间: 0.000000s | 显存: 0.00 B
  t=1s - 时间: 0.432735s | 显存: 0.00 B
  t=2s - 时间: 0.569422s | 显存: 0.00 B
  t=3s - 时间: 0.599324s | 显存: 0.00 B
  t=4s - 时间: 0.712114s | 显存: 0.00 B
  t=5s - 时间: 0.839758s | 显存: 0.00 B
  t=6s - 时间: 0.896876s | 显存: 0.00 B
  t=7s - 时间: 0.934557s | 显存: 0.00 B
  t=8s - 时间: 1.026690s | 显存: 0.00 B
  t=9s - 时间: 1.131945s | 显存: 0.00 B

[19秒 PDE求解]
  t=19.0s - 时间: 1.911596s | 显存: 0.00 B

[PDE求解部分] 总时间: 1.911962s | 显存: 0.00 B

[本步骤总计] 时间: 9.076625s | 显存: 4.12 GB
orginal_loss:  tensor(1574.4208, device='cuda:0', grad_fn=<MseLossBackward0>)
[Step 89] Backward Propagation - Time: 0.0235s, Mem: -4413235200.00 B
x_adv.requires_grad:  True
pred_19.requires_grad, true_19.requires_grad:  True False
Autograd grad max:  tensor(0.1684, device='cuda:0')
Autograd grad min:  tensor(-0.1779, device='cuda:0')
Autograd grad mean:  tensor(-0.0025, device='cuda:0')
[Step 89] PGD Update - Time: 0.0012s, Mem: 0.00 B

[Step 89] 完整步骤总时间: 9.105429s | 总显存: 0.00 B
[Step 89] 峰值显存: 6.22 GB

[Step 90] ============ 详细性能分析 ============
[模型部分] 总时间: 7.113876s | 显存: 4.12 GB

[0-9秒 PDE求解详细性能]
  t=0s - 时间: 0.000000s | 显存: 0.00 B
  t=1s - 时间: 0.508555s | 显存: 0.00 B
  t=2s - 时间: 0.509074s | 显存: 0.00 B
  t=3s - 时间: 0.637320s | 显存: 0.00 B
  t=4s - 时间: 0.709570s | 显存: 0.00 B
  t=5s - 时间: 0.731573s | 显存: 0.00 B
  t=6s - 时间: 0.883643s | 显存: 0.00 B
  t=7s - 时间: 0.957066s | 显存: 0.00 B
  t=8s - 时间: 1.035091s | 显存: 0.00 B
  t=9s - 时间: 1.120713s | 显存: 0.00 B

[19秒 PDE求解]
  t=19.0s - 时间: 1.989164s | 显存: 0.00 B

[PDE求解部分] 总时间: 1.989548s | 显存: 0.00 B

[本步骤总计] 时间: 9.103424s | 显存: 4.12 GB
orginal_loss:  tensor(1574.3070, device='cuda:0', grad_fn=<MseLossBackward0>)
[Step 90] Backward Propagation - Time: 0.0236s, Mem: -4413235200.00 B
x_adv.requires_grad:  True
pred_19.requires_grad, true_19.requires_grad:  True False
Autograd grad max:  tensor(0.1684, device='cuda:0')
Autograd grad min:  tensor(-0.1779, device='cuda:0')
Autograd grad mean:  tensor(-0.0025, device='cuda:0')
[Step 90] PGD Update - Time: 0.0012s, Mem: 0.00 B

[Step 90] 完整步骤总时间: 9.132045s | 总显存: 0.00 B
[Step 90] 峰值显存: 6.22 GB

[Step 91] ============ 详细性能分析 ============
[模型部分] 总时间: 7.290836s | 显存: 4.12 GB

[0-9秒 PDE求解详细性能]
  t=0s - 时间: 0.000000s | 显存: 0.00 B
  t=1s - 时间: 0.425873s | 显存: 0.00 B
  t=2s - 时间: 0.543951s | 显存: 0.00 B
  t=3s - 时间: 0.614475s | 显存: 0.00 B
  t=4s - 时间: 0.721009s | 显存: 0.00 B
  t=5s - 时间: 0.803704s | 显存: 0.00 B
  t=6s - 时间: 0.969165s | 显存: 0.00 B
  t=7s - 时间: 1.038313s | 显存: 0.00 B
  t=8s - 时间: 1.003367s | 显存: 0.00 B
  t=9s - 时间: 1.149785s | 显存: 0.00 B

[19秒 PDE求解]
  t=19.0s - 时间: 2.009823s | 显存: 0.00 B

[PDE求解部分] 总时间: 2.010194s | 显存: 0.00 B

[本步骤总计] 时间: 9.301030s | 显存: 4.12 GB
orginal_loss:  tensor(1574.2659, device='cuda:0', grad_fn=<MseLossBackward0>)
[Step 91] Backward Propagation - Time: 0.0235s, Mem: -4413235200.00 B
x_adv.requires_grad:  True
pred_19.requires_grad, true_19.requires_grad:  True False
Autograd grad max:  tensor(0.1683, device='cuda:0')
Autograd grad min:  tensor(-0.1779, device='cuda:0')
Autograd grad mean:  tensor(-0.0025, device='cuda:0')
[Step 91] PGD Update - Time: 0.0012s, Mem: 0.00 B

[Step 91] 完整步骤总时间: 9.329780s | 总显存: 0.00 B
[Step 91] 峰值显存: 6.22 GB

[Step 92] ============ 详细性能分析 ============
[模型部分] 总时间: 9.253086s | 显存: 4.12 GB

[0-9秒 PDE求解详细性能]
  t=0s - 时间: 0.000000s | 显存: 0.00 B
  t=1s - 时间: 0.480582s | 显存: 0.00 B
  t=2s - 时间: 0.609303s | 显存: 0.00 B
  t=3s - 时间: 2.614861s | 显存: 0.00 B
  t=4s - 时间: 0.775993s | 显存: 0.00 B
  t=5s - 时间: 0.773880s | 显存: 0.00 B
  t=6s - 时间: 0.886534s | 显存: 0.00 B
  t=7s - 时间: 0.939495s | 显存: 0.00 B
  t=8s - 时间: 1.012339s | 显存: 0.00 B
  t=9s - 时间: 1.138420s | 显存: 0.00 B

[19秒 PDE求解]
  t=19.0s - 时间: 2.016002s | 显存: 0.00 B

[PDE求解部分] 总时间: 2.016491s | 显存: 0.00 B

[本步骤总计] 时间: 11.269577s | 显存: 4.12 GB
orginal_loss:  tensor(1574.3914, device='cuda:0', grad_fn=<MseLossBackward0>)
[Step 92] Backward Propagation - Time: 0.0237s, Mem: -4413235200.00 B
x_adv.requires_grad:  True
pred_19.requires_grad, true_19.requires_grad:  True False
Autograd grad max:  tensor(0.1683, device='cuda:0')
Autograd grad min:  tensor(-0.1779, device='cuda:0')
Autograd grad mean:  tensor(-0.0025, device='cuda:0')
[Step 92] PGD Update - Time: 0.0013s, Mem: 0.00 B

[Step 92] 完整步骤总时间: 11.299198s | 总显存: 0.00 B
[Step 92] 峰值显存: 6.22 GB

[Step 93] ============ 详细性能分析 ============
[模型部分] 总时间: 7.364469s | 显存: 4.12 GB

[0-9秒 PDE求解详细性能]
  t=0s - 时间: 0.000000s | 显存: 0.00 B
  t=1s - 时间: 0.558177s | 显存: 0.00 B
  t=2s - 时间: 0.567522s | 显存: 0.00 B
  t=3s - 时间: 0.683438s | 显存: 0.00 B
  t=4s - 时间: 0.687736s | 显存: 0.00 B
  t=5s - 时间: 0.889538s | 显存: 0.00 B
  t=6s - 时间: 0.894559s | 显存: 0.00 B
  t=7s - 时间: 0.960376s | 显存: 0.00 B
  t=8s - 时间: 1.004895s | 显存: 0.00 B
  t=9s - 时间: 1.096180s | 显存: 0.00 B

[19秒 PDE求解]
  t=19.0s - 时间: 1.977037s | 显存: 0.00 B

[PDE求解部分] 总时间: 1.977406s | 显存: 0.00 B

[本步骤总计] 时间: 9.341875s | 显存: 4.12 GB
orginal_loss:  tensor(1574.5466, device='cuda:0', grad_fn=<MseLossBackward0>)
[Step 93] Backward Propagation - Time: 0.0236s, Mem: -4413235200.00 B
x_adv.requires_grad:  True
pred_19.requires_grad, true_19.requires_grad:  True False
Autograd grad max:  tensor(0.1684, device='cuda:0')
Autograd grad min:  tensor(-0.1780, device='cuda:0')
Autograd grad mean:  tensor(-0.0025, device='cuda:0')
[Step 93] PGD Update - Time: 0.0013s, Mem: 0.00 B

[Step 93] 完整步骤总时间: 9.371080s | 总显存: 0.00 B
[Step 93] 峰值显存: 6.22 GB

[Step 94] ============ 详细性能分析 ============
[模型部分] 总时间: 7.327789s | 显存: 4.12 GB

[0-9秒 PDE求解详细性能]
  t=0s - 时间: 0.000000s | 显存: 0.00 B
  t=1s - 时间: 0.451613s | 显存: 0.00 B
  t=2s - 时间: 0.549431s | 显存: 0.00 B
  t=3s - 时间: 0.586953s | 显存: 0.00 B
  t=4s - 时间: 0.754064s | 显存: 0.00 B
  t=5s - 时间: 0.810325s | 显存: 0.00 B
  t=6s - 时间: 0.955200s | 显存: 0.00 B
  t=7s - 时间: 1.021585s | 显存: 0.00 B
  t=8s - 时间: 1.065205s | 显存: 0.00 B
  t=9s - 时间: 1.112116s | 显存: 0.00 B

[19秒 PDE求解]
  t=19.0s - 时间: 1.989032s | 显存: 0.00 B

[PDE求解部分] 总时间: 1.989415s | 显存: 0.00 B

[本步骤总计] 时间: 9.317205s | 显存: 4.12 GB
orginal_loss:  tensor(1574.3159, device='cuda:0', grad_fn=<MseLossBackward0>)
[Step 94] Backward Propagation - Time: 0.0236s, Mem: -4413235200.00 B
x_adv.requires_grad:  True
pred_19.requires_grad, true_19.requires_grad:  True False
Autograd grad max:  tensor(0.1684, device='cuda:0')
Autograd grad min:  tensor(-0.1779, device='cuda:0')
Autograd grad mean:  tensor(-0.0025, device='cuda:0')
[Step 94] PGD Update - Time: 0.0022s, Mem: 0.00 B

[Step 94] 完整步骤总时间: 9.346944s | 总显存: 0.00 B
[Step 94] 峰值显存: 6.22 GB

[Step 95] ============ 详细性能分析 ============
[模型部分] 总时间: 7.349985s | 显存: 4.12 GB

[0-9秒 PDE求解详细性能]
  t=0s - 时间: 0.000000s | 显存: 0.00 B
  t=1s - 时间: 0.458514s | 显存: 0.00 B
  t=2s - 时间: 0.564131s | 显存: 0.00 B
  t=3s - 时间: 0.713324s | 显存: 0.00 B
  t=4s - 时间: 0.674425s | 显存: 0.00 B
  t=5s - 时间: 0.792753s | 显存: 0.00 B
  t=6s - 时间: 0.923151s | 显存: 0.00 B
  t=7s - 时间: 1.000910s | 显存: 0.00 B
  t=8s - 时间: 1.073283s | 显存: 0.00 B
  t=9s - 时间: 1.128127s | 显存: 0.00 B

[19秒 PDE求解]
  t=19.0s - 时间: 1.995594s | 显存: 0.00 B

[PDE求解部分] 总时间: 1.995950s | 显存: 0.00 B

[本步骤总计] 时间: 9.345935s | 显存: 4.12 GB
orginal_loss:  tensor(1574.4219, device='cuda:0', grad_fn=<MseLossBackward0>)
[Step 95] Backward Propagation - Time: 0.0237s, Mem: -4413235200.00 B
x_adv.requires_grad:  True
pred_19.requires_grad, true_19.requires_grad:  True False
Autograd grad max:  tensor(0.1684, device='cuda:0')
Autograd grad min:  tensor(-0.1779, device='cuda:0')
Autograd grad mean:  tensor(-0.0025, device='cuda:0')
[Step 95] PGD Update - Time: 0.0012s, Mem: 0.00 B

[Step 95] 完整步骤总时间: 9.375094s | 总显存: 0.00 B
[Step 95] 峰值显存: 6.22 GB

[Step 96] ============ 详细性能分析 ============
[模型部分] 总时间: 7.408721s | 显存: 4.12 GB

[0-9秒 PDE求解详细性能]
  t=0s - 时间: 0.000000s | 显存: 0.00 B
  t=1s - 时间: 0.543673s | 显存: 0.00 B
  t=2s - 时间: 0.605338s | 显存: 0.00 B
  t=3s - 时间: 0.604349s | 显存: 0.00 B
  t=4s - 时间: 0.702986s | 显存: 0.00 B
  t=5s - 时间: 0.825801s | 显存: 0.00 B
  t=6s - 时间: 0.888637s | 显存: 0.00 B
  t=7s - 时间: 0.932095s | 显存: 0.00 B
  t=8s - 时间: 1.103278s | 显存: 0.00 B
  t=9s - 时间: 1.181243s | 显存: 0.00 B

[19秒 PDE求解]
  t=19.0s - 时间: 1.892851s | 显存: 0.00 B

[PDE求解部分] 总时间: 1.893203s | 显存: 0.00 B

[本步骤总计] 时间: 9.301924s | 显存: 4.12 GB
orginal_loss:  tensor(1574.2896, device='cuda:0', grad_fn=<MseLossBackward0>)
[Step 96] Backward Propagation - Time: 0.0235s, Mem: -4413235200.00 B
x_adv.requires_grad:  True
pred_19.requires_grad, true_19.requires_grad:  True False
Autograd grad max:  tensor(0.1683, device='cuda:0')
Autograd grad min:  tensor(-0.1779, device='cuda:0')
Autograd grad mean:  tensor(-0.0025, device='cuda:0')
[Step 96] PGD Update - Time: 0.0012s, Mem: 0.00 B

[Step 96] 完整步骤总时间: 9.330367s | 总显存: 0.00 B
[Step 96] 峰值显存: 6.22 GB

[Step 97] ============ 详细性能分析 ============
[模型部分] 总时间: 7.024642s | 显存: 4.12 GB

[0-9秒 PDE求解详细性能]
  t=0s - 时间: 0.000000s | 显存: 0.00 B
  t=1s - 时间: 0.436221s | 显存: 0.00 B
  t=2s - 时间: 0.546673s | 显存: 0.00 B
  t=3s - 时间: 0.575578s | 显存: 0.00 B
  t=4s - 时间: 0.738810s | 显存: 0.00 B
  t=5s - 时间: 0.735921s | 显存: 0.00 B
  t=6s - 时间: 0.923809s | 显存: 0.00 B
  t=7s - 时间: 0.933250s | 显存: 0.00 B
  t=8s - 时间: 1.013909s | 显存: 0.00 B
  t=9s - 时间: 1.099189s | 显存: 0.00 B

[19秒 PDE求解]
  t=19.0s - 时间: 1.994658s | 显存: 0.00 B

[PDE求解部分] 总时间: 1.994996s | 显存: 0.00 B

[本步骤总计] 时间: 9.019638s | 显存: 4.12 GB
orginal_loss:  tensor(1574.3445, device='cuda:0', grad_fn=<MseLossBackward0>)
[Step 97] Backward Propagation - Time: 0.0236s, Mem: -4413235200.00 B
x_adv.requires_grad:  True
pred_19.requires_grad, true_19.requires_grad:  True False
Autograd grad max:  tensor(0.1683, device='cuda:0')
Autograd grad min:  tensor(-0.1779, device='cuda:0')
Autograd grad mean:  tensor(-0.0025, device='cuda:0')
[Step 97] PGD Update - Time: 0.0012s, Mem: 0.00 B

[Step 97] 完整步骤总时间: 9.048156s | 总显存: 0.00 B
[Step 97] 峰值显存: 6.22 GB

[Step 98] ============ 详细性能分析 ============
[模型部分] 总时间: 6.968787s | 显存: 4.12 GB

[0-9秒 PDE求解详细性能]
  t=0s - 时间: 0.000000s | 显存: 0.00 B
  t=1s - 时间: 0.433125s | 显存: 0.00 B
  t=2s - 时间: 0.536820s | 显存: 0.00 B
  t=3s - 时间: 0.582781s | 显存: 0.00 B
  t=4s - 时间: 0.719066s | 显存: 0.00 B
  t=5s - 时间: 0.779279s | 显存: 0.00 B
  t=6s - 时间: 0.933315s | 显存: 0.00 B
  t=7s - 时间: 0.908149s | 显存: 0.00 B
  t=8s - 时间: 0.985385s | 显存: 0.00 B
  t=9s - 时间: 1.069648s | 显存: 0.00 B

[19秒 PDE求解]
  t=19.0s - 时间: 1.877668s | 显存: 0.00 B

[PDE求解部分] 总时间: 1.878030s | 显存: 0.00 B

[本步骤总计] 时间: 8.846816s | 显存: 4.12 GB
orginal_loss:  tensor(1574.5258, device='cuda:0', grad_fn=<MseLossBackward0>)
[Step 98] Backward Propagation - Time: 0.0236s, Mem: -4413235200.00 B
x_adv.requires_grad:  True
pred_19.requires_grad, true_19.requires_grad:  True False
Autograd grad max:  tensor(0.1684, device='cuda:0')
Autograd grad min:  tensor(-0.1780, device='cuda:0')
Autograd grad mean:  tensor(-0.0025, device='cuda:0')
[Step 98] PGD Update - Time: 0.0012s, Mem: 0.00 B

[Step 98] 完整步骤总时间: 8.875437s | 总显存: 0.00 B
[Step 98] 峰值显存: 6.22 GB

[Step 99] ============ 详细性能分析 ============
[模型部分] 总时间: 7.351149s | 显存: 4.12 GB

[0-9秒 PDE求解详细性能]
  t=0s - 时间: 0.000000s | 显存: 0.00 B
  t=1s - 时间: 0.484003s | 显存: 0.00 B
  t=2s - 时间: 0.605027s | 显存: 0.00 B
  t=3s - 时间: 0.645207s | 显存: 0.00 B
  t=4s - 时间: 0.718413s | 显存: 0.00 B
  t=5s - 时间: 0.756484s | 显存: 0.00 B
  t=6s - 时间: 0.902075s | 显存: 0.00 B
  t=7s - 时间: 1.004395s | 显存: 0.00 B
  t=8s - 时间: 1.104001s | 显存: 0.00 B
  t=9s - 时间: 1.110335s | 显存: 0.00 B

[19秒 PDE求解]
  t=19.0s - 时间: 1.972144s | 显存: 0.00 B

[PDE求解部分] 总时间: 1.972493s | 显存: 0.00 B

[本步骤总计] 时间: 9.323642s | 显存: 4.12 GB
orginal_loss:  tensor(1574.4628, device='cuda:0', grad_fn=<MseLossBackward0>)
[Step 99] Backward Propagation - Time: 0.0235s, Mem: -4413235200.00 B
x_adv.requires_grad:  True
pred_19.requires_grad, true_19.requires_grad:  True False
Autograd grad max:  tensor(0.1684, device='cuda:0')
Autograd grad min:  tensor(-0.1780, device='cuda:0')
Autograd grad mean:  tensor(-0.0025, device='cuda:0')
[Step 99] PGD Update - Time: 0.0012s, Mem: 0.00 B

[Step 99] 完整步骤总时间: 9.352249s | 总显存: 0.00 B
[Step 99] 峰值显存: 6.22 GB
清理前显存占用: 2092.8798828125 MB
PGD攻击完成！显存已清理
当前显存占用: 2092.1298828125 MB
