c0900a-s15.ufhpc
Sun Jul 20 06:18:50 AM EDT 2025
/blue/shiboli.fsu/yifeisun.umich/adversarial_robustness_FNO

======================================== 环境诊断 ========================================

[PyTorch]
Version: 2.7.0+cu128
CUDA Available: True
CUDA Version: 12.8
cuDNN Version: 90800
Current Device: 0
Device Name: NVIDIA B200
Device Memory: 178.36 GB

[JAX]
JAX Version: 0.6.0
JAXlib Version: 0.6.0
JAX Backend: gpu
JAX Devices Error: module 'jax.lib.xla_bridge' has no attribute 'devices'

[CUDA/cuDNN System Info]
nvcc not found

[GPU Details]
Device 0: NVIDIA B200
  Compute Capability: 10.0
  Total Memory: 178.36 GB
  Multiprocessors: 148
GPU Details Error: 'torch._C._CudaDeviceProperties' object has no attribute 'max_threads_per_block'

[Compatibility Warnings]
======================================== 诊断结束 ========================================

input_list:  [(2, 39.3216, 1.0, 100), (2, 26.2144, 2.0, 100), (2, 13.1072, 5.0, 100)]
================================================================================
norm: 2, epsilon: 39.3216, alpha: 1.0, num_steps: 100, index: 1
x_adv.shape:  torch.Size([256, 256])

[Step 0] ============ 详细性能分析 ============
[模型部分] 总时间: 24.497196s | 显存: 4.12 GB

[0-9秒 PDE求解详细性能]
  t=0s - 时间: 0.000000s | 显存: 0.00 B
  t=1s - 时间: 5.092344s | 显存: 0.00 B
  t=2s - 时间: 0.490940s | 显存: 0.00 B
  t=3s - 时间: 0.582054s | 显存: 0.00 B
  t=4s - 时间: 0.668090s | 显存: 0.00 B
  t=5s - 时间: 0.751569s | 显存: 0.00 B
  t=6s - 时间: 0.824996s | 显存: 0.00 B
  t=7s - 时间: 0.868511s | 显存: 0.00 B
  t=8s - 时间: 0.969428s | 显存: 0.00 B
  t=9s - 时间: 1.091243s | 显存: 0.00 B

[19秒 PDE求解]
  t=19.0s - 时间: 1.852405s | 显存: 0.00 B

[PDE求解部分] 总时间: 1.852672s | 显存: 0.00 B

[本步骤总计] 时间: 26.349868s | 显存: 4.12 GB
orginal_loss:  tensor(3644.5620, device='cuda:0', grad_fn=<MseLossBackward0>)
[Step 0] Backward Propagation - Time: 13.0325s, Mem: -4405592064.00 B
x_adv.requires_grad:  True
pred_19.requires_grad, true_19.requires_grad:  True True
Autograd grad max:  tensor(95.2903, device='cuda:0')
Autograd grad min:  tensor(-56.5517, device='cuda:0')
Autograd grad mean:  tensor(-0.0571, device='cuda:0')
[Step 0] PGD Update - Time: 0.0316s, Mem: 513.00 KB

[Step 0] 完整步骤总时间: 39.874426s | 总显存: 20.41 MB
[Step 0] 峰值显存: 6.21 GB

[Step 1] ============ 详细性能分析 ============
[模型部分] 总时间: 6.390008s | 显存: 4.12 GB

[0-9秒 PDE求解详细性能]
  t=0s - 时间: 0.000000s | 显存: 0.00 B
  t=1s - 时间: 0.375262s | 显存: 0.00 B
  t=2s - 时间: 0.459842s | 显存: 0.00 B
  t=3s - 时间: 0.568021s | 显存: 0.00 B
  t=4s - 时间: 0.620235s | 显存: 0.00 B
  t=5s - 时间: 0.725647s | 显存: 0.00 B
  t=6s - 时间: 0.808927s | 显存: 0.00 B
  t=7s - 时间: 0.855279s | 显存: 0.00 B
  t=8s - 时间: 0.938535s | 显存: 0.00 B
  t=9s - 时间: 1.017451s | 显存: 0.00 B

[19秒 PDE求解]
  t=19.0s - 时间: 1.838267s | 显存: 0.00 B

[PDE求解部分] 总时间: 1.838494s | 显存: 0.00 B

[本步骤总计] 时间: 8.228502s | 显存: 4.12 GB
orginal_loss:  tensor(4150.8018, device='cuda:0', grad_fn=<MseLossBackward0>)
[Step 1] Backward Propagation - Time: 10.0360s, Mem: -4414291968.00 B
x_adv.requires_grad:  True
pred_19.requires_grad, true_19.requires_grad:  True True
Autograd grad max:  tensor(102.1840, device='cuda:0')
Autograd grad min:  tensor(-54.7198, device='cuda:0')
Autograd grad mean:  tensor(-0.0811, device='cuda:0')
[Step 1] PGD Update - Time: 0.0012s, Mem: 0.00 B

[Step 1] 完整步骤总时间: 18.269512s | 总显存: -524288.00 B
[Step 1] 峰值显存: 6.22 GB

[Step 2] ============ 详细性能分析 ============
[模型部分] 总时间: 6.374682s | 显存: 4.12 GB

[0-9秒 PDE求解详细性能]
  t=0s - 时间: 0.000000s | 显存: 0.00 B
  t=1s - 时间: 0.411661s | 显存: 0.00 B
  t=2s - 时间: 0.465400s | 显存: 0.00 B
  t=3s - 时间: 0.532592s | 显存: 0.00 B
  t=4s - 时间: 0.618493s | 显存: 0.00 B
  t=5s - 时间: 0.690822s | 显存: 0.00 B
  t=6s - 时间: 0.774987s | 显存: 0.00 B
  t=7s - 时间: 0.876333s | 显存: 0.00 B
  t=8s - 时间: 0.964783s | 显存: 0.00 B
  t=9s - 时间: 1.019017s | 显存: 0.00 B

[19秒 PDE求解]
  t=19.0s - 时间: 1.818601s | 显存: 0.00 B

[PDE求解部分] 总时间: 1.818883s | 显存: 0.00 B

[本步骤总计] 时间: 8.193564s | 显存: 4.12 GB
orginal_loss:  tensor(4726.2979, device='cuda:0', grad_fn=<MseLossBackward0>)
[Step 2] Backward Propagation - Time: 10.0825s, Mem: -4416135168.00 B
x_adv.requires_grad:  True
pred_19.requires_grad, true_19.requires_grad:  True True
Autograd grad max:  tensor(113.4300, device='cuda:0')
Autograd grad min:  tensor(-60.8005, device='cuda:0')
Autograd grad mean:  tensor(-0.0996, device='cuda:0')
[Step 2] PGD Update - Time: 0.0011s, Mem: 0.00 B

[Step 2] 完整步骤总时间: 18.281491s | 总显存: 0.00 B
[Step 2] 峰值显存: 6.22 GB

[Step 3] ============ 详细性能分析 ============
[模型部分] 总时间: 6.434093s | 显存: 4.12 GB

[0-9秒 PDE求解详细性能]
  t=0s - 时间: 0.000000s | 显存: 0.00 B
  t=1s - 时间: 0.409316s | 显存: 0.00 B
  t=2s - 时间: 0.461864s | 显存: 0.00 B
  t=3s - 时间: 0.532606s | 显存: 0.00 B
  t=4s - 时间: 0.615121s | 显存: 0.00 B
  t=5s - 时间: 0.707050s | 显存: 0.00 B
  t=6s - 时间: 0.815136s | 显存: 0.00 B
  t=7s - 时间: 0.895209s | 显存: 0.00 B
  t=8s - 时间: 0.964459s | 显存: 0.00 B
  t=9s - 时间: 1.012169s | 显存: 0.00 B

[19秒 PDE求解]
  t=19.0s - 时间: 1.824664s | 显存: 0.00 B

[PDE求解部分] 总时间: 1.824980s | 显存: 0.00 B

[本步骤总计] 时间: 8.259073s | 显存: 4.12 GB
orginal_loss:  tensor(5652.4995, device='cuda:0', grad_fn=<MseLossBackward0>)
[Step 3] Backward Propagation - Time: 10.0779s, Mem: -4416135168.00 B
x_adv.requires_grad:  True
pred_19.requires_grad, true_19.requires_grad:  True True
Autograd grad max:  tensor(125.0163, device='cuda:0')
Autograd grad min:  tensor(-68.1912, device='cuda:0')
Autograd grad mean:  tensor(-0.1181, device='cuda:0')
[Step 3] PGD Update - Time: 0.0010s, Mem: 0.00 B

[Step 3] 完整步骤总时间: 18.343146s | 总显存: 0.00 B
[Step 3] 峰值显存: 6.22 GB

[Step 4] ============ 详细性能分析 ============
[模型部分] 总时间: 6.434490s | 显存: 4.12 GB

[0-9秒 PDE求解详细性能]
  t=0s - 时间: 0.000000s | 显存: 0.00 B
  t=1s - 时间: 0.448211s | 显存: 0.00 B
  t=2s - 时间: 0.476012s | 显存: 0.00 B
  t=3s - 时间: 0.558701s | 显存: 0.00 B
  t=4s - 时间: 0.628840s | 显存: 0.00 B
  t=5s - 时间: 0.718967s | 显存: 0.00 B
  t=6s - 时间: 0.764104s | 显存: 0.00 B
  t=7s - 时间: 0.854197s | 显存: 0.00 B
  t=8s - 时间: 0.934682s | 显存: 0.00 B
  t=9s - 时间: 1.029479s | 显存: 0.00 B

[19秒 PDE求解]
  t=19.0s - 时间: 1.806984s | 显存: 0.00 B

[PDE求解部分] 总时间: 1.807241s | 显存: 0.00 B

[本步骤总计] 时间: 8.241731s | 显存: 4.12 GB
orginal_loss:  tensor(6536.9663, device='cuda:0', grad_fn=<MseLossBackward0>)
[Step 4] Backward Propagation - Time: 9.9037s, Mem: -4416135168.00 B
x_adv.requires_grad:  True
pred_19.requires_grad, true_19.requires_grad:  True True
Autograd grad max:  tensor(126.3400, device='cuda:0')
Autograd grad min:  tensor(-70.1840, device='cuda:0')
Autograd grad mean:  tensor(-0.1356, device='cuda:0')
[Step 4] PGD Update - Time: 0.0013s, Mem: 0.00 B

[Step 4] 完整步骤总时间: 18.150950s | 总显存: 0.00 B
[Step 4] 峰值显存: 6.22 GB

[Step 5] ============ 详细性能分析 ============
[模型部分] 总时间: 6.346366s | 显存: 4.12 GB

[0-9秒 PDE求解详细性能]
  t=0s - 时间: 0.000000s | 显存: 0.00 B
  t=1s - 时间: 0.369561s | 显存: 0.00 B
  t=2s - 时间: 0.425101s | 显存: 0.00 B
  t=3s - 时间: 0.512500s | 显存: 0.00 B
  t=4s - 时间: 0.640339s | 显存: 0.00 B
  t=5s - 时间: 0.718044s | 显存: 0.00 B
  t=6s - 时间: 0.808966s | 显存: 0.00 B
  t=7s - 时间: 0.885685s | 显存: 0.00 B
  t=8s - 时间: 0.950918s | 显存: 0.00 B
  t=9s - 时间: 1.014551s | 显存: 0.00 B

[19秒 PDE求解]
  t=19.0s - 时间: 1.804457s | 显存: 0.00 B

[PDE求解部分] 总时间: 1.804766s | 显存: 0.00 B

[本步骤总计] 时间: 8.151132s | 显存: 4.12 GB
orginal_loss:  tensor(6969.7393, device='cuda:0', grad_fn=<MseLossBackward0>)
[Step 5] Backward Propagation - Time: 10.1278s, Mem: -4416135168.00 B
x_adv.requires_grad:  True
pred_19.requires_grad, true_19.requires_grad:  True True
Autograd grad max:  tensor(122.4144, device='cuda:0')
Autograd grad min:  tensor(-70.8837, device='cuda:0')
Autograd grad mean:  tensor(-0.1425, device='cuda:0')
[Step 5] PGD Update - Time: 0.0013s, Mem: 0.00 B

[Step 5] 完整步骤总时间: 18.284845s | 总显存: 0.00 B
[Step 5] 峰值显存: 6.22 GB

[Step 6] ============ 详细性能分析 ============
[模型部分] 总时间: 6.466578s | 显存: 4.12 GB

[0-9秒 PDE求解详细性能]
  t=0s - 时间: 0.000000s | 显存: 0.00 B
  t=1s - 时间: 0.381084s | 显存: 0.00 B
  t=2s - 时间: 0.480529s | 显存: 0.00 B
  t=3s - 时间: 0.576645s | 显存: 0.00 B
  t=4s - 时间: 0.636409s | 显存: 0.00 B
  t=5s - 时间: 0.727711s | 显存: 0.00 B
  t=6s - 时间: 0.799803s | 显存: 0.00 B
  t=7s - 时间: 0.890897s | 显存: 0.00 B
  t=8s - 时间: 0.916089s | 显存: 0.00 B
  t=9s - 时间: 1.036305s | 显存: 0.00 B

[19秒 PDE求解]
  t=19.0s - 时间: 1.822832s | 显存: 0.00 B

[PDE求解部分] 总时间: 1.823110s | 显存: 0.00 B

[本步骤总计] 时间: 8.289688s | 显存: 4.12 GB
orginal_loss:  tensor(7145.8281, device='cuda:0', grad_fn=<MseLossBackward0>)
[Step 6] Backward Propagation - Time: 10.1632s, Mem: -4416135168.00 B
x_adv.requires_grad:  True
pred_19.requires_grad, true_19.requires_grad:  True True
Autograd grad max:  tensor(117.8450, device='cuda:0')
Autograd grad min:  tensor(-73.5420, device='cuda:0')
Autograd grad mean:  tensor(-0.1415, device='cuda:0')
[Step 6] PGD Update - Time: 0.0012s, Mem: 0.00 B

[Step 6] 完整步骤总时间: 18.458757s | 总显存: 0.00 B
[Step 6] 峰值显存: 6.22 GB

[Step 7] ============ 详细性能分析 ============
[模型部分] 总时间: 6.356718s | 显存: 4.12 GB

[0-9秒 PDE求解详细性能]
  t=0s - 时间: 0.000000s | 显存: 0.00 B
  t=1s - 时间: 0.376749s | 显存: 0.00 B
  t=2s - 时间: 0.465060s | 显存: 0.00 B
  t=3s - 时间: 0.542282s | 显存: 0.00 B
  t=4s - 时间: 0.629408s | 显存: 0.00 B
  t=5s - 时间: 0.712635s | 显存: 0.00 B
  t=6s - 时间: 0.773125s | 显存: 0.00 B
  t=7s - 时间: 0.841999s | 显存: 0.00 B
  t=8s - 时间: 0.952933s | 显存: 0.00 B
  t=9s - 时间: 1.041437s | 显存: 0.00 B

[19秒 PDE求解]
  t=19.0s - 时间: 1.835944s | 显存: 0.00 B

[PDE求解部分] 总时间: 1.836220s | 显存: 0.00 B

[本步骤总计] 时间: 8.192938s | 显存: 4.12 GB
orginal_loss:  tensor(7207.1187, device='cuda:0', grad_fn=<MseLossBackward0>)
[Step 7] Backward Propagation - Time: 9.8416s, Mem: -4416135168.00 B
x_adv.requires_grad:  True
pred_19.requires_grad, true_19.requires_grad:  True True
Autograd grad max:  tensor(112.9635, device='cuda:0')
Autograd grad min:  tensor(-76.0699, device='cuda:0')
Autograd grad mean:  tensor(-0.1403, device='cuda:0')
[Step 7] PGD Update - Time: 0.0013s, Mem: 0.00 B

[Step 7] 完整步骤总时间: 18.040513s | 总显存: 0.00 B
[Step 7] 峰值显存: 6.22 GB

[Step 8] ============ 详细性能分析 ============
[模型部分] 总时间: 6.524103s | 显存: 4.12 GB

[0-9秒 PDE求解详细性能]
  t=0s - 时间: 0.000000s | 显存: 0.00 B
  t=1s - 时间: 0.584960s | 显存: 0.00 B
  t=2s - 时间: 0.452910s | 显存: 0.00 B
  t=3s - 时间: 0.538454s | 显存: 0.00 B
  t=4s - 时间: 0.643068s | 显存: 0.00 B
  t=5s - 时间: 0.696763s | 显存: 0.00 B
  t=6s - 时间: 0.783939s | 显存: 0.00 B
  t=7s - 时间: 0.877786s | 显存: 0.00 B
  t=8s - 时间: 0.926392s | 显存: 0.00 B
  t=9s - 时间: 0.998887s | 显存: 0.00 B

[19秒 PDE求解]
  t=19.0s - 时间: 1.807114s | 显存: 0.00 B

[PDE求解部分] 总时间: 1.807425s | 显存: 0.00 B

[本步骤总计] 时间: 8.331527s | 显存: 4.12 GB
orginal_loss:  tensor(7337.5303, device='cuda:0', grad_fn=<MseLossBackward0>)
[Step 8] Backward Propagation - Time: 9.9620s, Mem: -4416135168.00 B
x_adv.requires_grad:  True
pred_19.requires_grad, true_19.requires_grad:  True True
Autograd grad max:  tensor(109.7523, device='cuda:0')
Autograd grad min:  tensor(-79.3237, device='cuda:0')
Autograd grad mean:  tensor(-0.1445, device='cuda:0')
[Step 8] PGD Update - Time: 0.0012s, Mem: 0.00 B

[Step 8] 完整步骤总时间: 18.298932s | 总显存: 0.00 B
[Step 8] 峰值显存: 6.22 GB

[Step 9] ============ 详细性能分析 ============
[模型部分] 总时间: 6.364301s | 显存: 4.12 GB

[0-9秒 PDE求解详细性能]
  t=0s - 时间: 0.000000s | 显存: 0.00 B
  t=1s - 时间: 0.378244s | 显存: 0.00 B
  t=2s - 时间: 0.484775s | 显存: 0.00 B
  t=3s - 时间: 0.531974s | 显存: 0.00 B
  t=4s - 时间: 0.640668s | 显存: 0.00 B
  t=5s - 时间: 0.679575s | 显存: 0.00 B
  t=6s - 时间: 0.768698s | 显存: 0.00 B
  t=7s - 时间: 0.862686s | 显存: 0.00 B
  t=8s - 时间: 0.942540s | 显存: 0.00 B
  t=9s - 时间: 1.054209s | 显存: 0.00 B

[19秒 PDE求解]
  t=19.0s - 时间: 1.839396s | 显存: 0.00 B

[PDE求解部分] 总时间: 1.839666s | 显存: 0.00 B

[本步骤总计] 时间: 8.203968s | 显存: 4.12 GB
orginal_loss:  tensor(7619.9590, device='cuda:0', grad_fn=<MseLossBackward0>)
[Step 9] Backward Propagation - Time: 9.9064s, Mem: -4416135168.00 B
x_adv.requires_grad:  True
pred_19.requires_grad, true_19.requires_grad:  True True
Autograd grad max:  tensor(108.8233, device='cuda:0')
Autograd grad min:  tensor(-83.5160, device='cuda:0')
Autograd grad mean:  tensor(-0.1527, device='cuda:0')
[Step 9] PGD Update - Time: 0.0013s, Mem: 0.00 B

[Step 9] 完整步骤总时间: 18.115983s | 总显存: 0.00 B
[Step 9] 峰值显存: 6.22 GB

[Step 10] ============ 详细性能分析 ============
[模型部分] 总时间: 6.430935s | 显存: 4.12 GB

[0-9秒 PDE求解详细性能]
  t=0s - 时间: 0.000000s | 显存: 0.00 B
  t=1s - 时间: 0.373641s | 显存: 0.00 B
  t=2s - 时间: 0.443198s | 显存: 0.00 B
  t=3s - 时间: 0.529962s | 显存: 0.00 B
  t=4s - 时间: 0.853122s | 显存: 0.00 B
  t=5s - 时间: 0.686753s | 显存: 0.00 B
  t=6s - 时间: 0.776149s | 显存: 0.00 B
  t=7s - 时间: 0.829515s | 显存: 0.00 B
  t=8s - 时间: 0.918234s | 显存: 0.00 B
  t=9s - 时间: 0.999419s | 显存: 0.00 B

[19秒 PDE求解]
  t=19.0s - 时间: 1.807149s | 显存: 0.00 B

[PDE求解部分] 总时间: 1.807450s | 显存: 0.00 B

[本步骤总计] 时间: 8.238385s | 显存: 4.12 GB
orginal_loss:  tensor(8075.1543, device='cuda:0', grad_fn=<MseLossBackward0>)
[Step 10] Backward Propagation - Time: 9.8723s, Mem: -4416135168.00 B
x_adv.requires_grad:  True
pred_19.requires_grad, true_19.requires_grad:  True True
Autograd grad max:  tensor(108.4447, device='cuda:0')
Autograd grad min:  tensor(-87.3981, device='cuda:0')
Autograd grad mean:  tensor(-0.1591, device='cuda:0')
[Step 10] PGD Update - Time: 0.0013s, Mem: 0.00 B

[Step 10] 完整步骤总时间: 18.116805s | 总显存: 0.00 B
[Step 10] 峰值显存: 6.22 GB

[Step 11] ============ 详细性能分析 ============
[模型部分] 总时间: 6.432551s | 显存: 4.12 GB

[0-9秒 PDE求解详细性能]
  t=0s - 时间: 0.000000s | 显存: 0.00 B
  t=1s - 时间: 0.416215s | 显存: 0.00 B
  t=2s - 时间: 0.489663s | 显存: 0.00 B
  t=3s - 时间: 0.538018s | 显存: 0.00 B
  t=4s - 时间: 0.646103s | 显存: 0.00 B
  t=5s - 时间: 0.710130s | 显存: 0.00 B
  t=6s - 时间: 0.785992s | 显存: 0.00 B
  t=7s - 时间: 0.837121s | 显存: 0.00 B
  t=8s - 时间: 0.931447s | 显存: 0.00 B
  t=9s - 时间: 1.056655s | 显存: 0.00 B

[19秒 PDE求解]
  t=19.0s - 时间: 1.834519s | 显存: 0.00 B

[PDE求解部分] 总时间: 1.834785s | 显存: 0.00 B

[本步骤总计] 时间: 8.267337s | 显存: 4.12 GB
orginal_loss:  tensor(8557.3633, device='cuda:0', grad_fn=<MseLossBackward0>)
[Step 11] Backward Propagation - Time: 10.0521s, Mem: -4416135168.00 B
x_adv.requires_grad:  True
pred_19.requires_grad, true_19.requires_grad:  True True
Autograd grad max:  tensor(106.8088, device='cuda:0')
Autograd grad min:  tensor(-89.7491, device='cuda:0')
Autograd grad mean:  tensor(-0.1587, device='cuda:0')
[Step 11] PGD Update - Time: 0.0011s, Mem: 0.00 B

[Step 11] 完整步骤总时间: 18.324847s | 总显存: 0.00 B
[Step 11] 峰值显存: 6.22 GB

[Step 12] ============ 详细性能分析 ============
[模型部分] 总时间: 6.387772s | 显存: 4.12 GB

[0-9秒 PDE求解详细性能]
  t=0s - 时间: 0.000000s | 显存: 0.00 B
  t=1s - 时间: 0.396161s | 显存: 0.00 B
  t=2s - 时间: 0.467864s | 显存: 0.00 B
  t=3s - 时间: 0.556193s | 显存: 0.00 B
  t=4s - 时间: 0.628681s | 显存: 0.00 B
  t=5s - 时间: 0.683881s | 显存: 0.00 B
  t=6s - 时间: 0.789104s | 显存: 0.00 B
  t=7s - 时间: 0.849278s | 显存: 0.00 B
  t=8s - 时间: 0.963408s | 显存: 0.00 B
  t=9s - 时间: 1.032295s | 显存: 0.00 B

[19秒 PDE求解]
  t=19.0s - 时间: 1.808211s | 显存: 0.00 B

[PDE求解部分] 总时间: 1.808490s | 显存: 0.00 B

[本步骤总计] 时间: 8.196262s | 显存: 4.12 GB
orginal_loss:  tensor(8880.6211, device='cuda:0', grad_fn=<MseLossBackward0>)
[Step 12] Backward Propagation - Time: 10.2051s, Mem: -4416135168.00 B
x_adv.requires_grad:  True
pred_19.requires_grad, true_19.requires_grad:  True True
Autograd grad max:  tensor(105.0001, device='cuda:0')
Autograd grad min:  tensor(-90.8567, device='cuda:0')
Autograd grad mean:  tensor(-0.1540, device='cuda:0')
[Step 12] PGD Update - Time: 0.0013s, Mem: 0.00 B

[Step 12] 完整步骤总时间: 18.407264s | 总显存: 0.00 B
[Step 12] 峰值显存: 6.22 GB

[Step 13] ============ 详细性能分析 ============
[模型部分] 总时间: 6.333897s | 显存: 4.12 GB

[0-9秒 PDE求解详细性能]
  t=0s - 时间: 0.000000s | 显存: 0.00 B
  t=1s - 时间: 0.376790s | 显存: 0.00 B
  t=2s - 时间: 0.461389s | 显存: 0.00 B
  t=3s - 时间: 0.532002s | 显存: 0.00 B
  t=4s - 时间: 0.597756s | 显存: 0.00 B
  t=5s - 时间: 0.716318s | 显存: 0.00 B
  t=6s - 时间: 0.801249s | 显存: 0.00 B
  t=7s - 时间: 0.887176s | 显存: 0.00 B
  t=8s - 时间: 0.929621s | 显存: 0.00 B
  t=9s - 时间: 1.010451s | 显存: 0.00 B

[19秒 PDE求解]
  t=19.0s - 时间: 1.809485s | 显存: 0.00 B

[PDE求解部分] 总时间: 1.809735s | 显存: 0.00 B

[本步骤总计] 时间: 8.143632s | 显存: 4.12 GB
orginal_loss:  tensor(8960.5625, device='cuda:0', grad_fn=<MseLossBackward0>)
[Step 13] Backward Propagation - Time: 10.0123s, Mem: -4416135168.00 B
x_adv.requires_grad:  True
pred_19.requires_grad, true_19.requires_grad:  True True
Autograd grad max:  tensor(104.8894, device='cuda:0')
Autograd grad min:  tensor(-92.2025, device='cuda:0')
Autograd grad mean:  tensor(-0.1483, device='cuda:0')
[Step 13] PGD Update - Time: 0.0011s, Mem: 0.00 B

[Step 13] 完整步骤总时间: 18.161197s | 总显存: 0.00 B
[Step 13] 峰值显存: 6.22 GB

[Step 14] ============ 详细性能分析 ============
[模型部分] 总时间: 6.413317s | 显存: 4.12 GB

[0-9秒 PDE求解详细性能]
  t=0s - 时间: 0.000000s | 显存: 0.00 B
  t=1s - 时间: 0.410192s | 显存: 0.00 B
  t=2s - 时间: 0.477851s | 显存: 0.00 B
  t=3s - 时间: 0.528408s | 显存: 0.00 B
  t=4s - 时间: 0.606835s | 显存: 0.00 B
  t=5s - 时间: 0.679491s | 显存: 0.00 B
  t=6s - 时间: 0.799736s | 显存: 0.00 B
  t=7s - 时间: 0.873921s | 显存: 0.00 B
  t=8s - 时间: 0.963800s | 显存: 0.00 B
  t=9s - 时间: 1.052308s | 显存: 0.00 B

[19秒 PDE求解]
  t=19.0s - 时间: 1.812911s | 显存: 0.00 B

[PDE求解部分] 总时间: 1.813241s | 显存: 0.00 B

[本步骤总计] 时间: 8.226559s | 显存: 4.12 GB
orginal_loss:  tensor(9285.1104, device='cuda:0', grad_fn=<MseLossBackward0>)
[Step 14] Backward Propagation - Time: 9.8116s, Mem: -4416135168.00 B
x_adv.requires_grad:  True
pred_19.requires_grad, true_19.requires_grad:  True True
Autograd grad max:  tensor(108.8532, device='cuda:0')
Autograd grad min:  tensor(-95.7163, device='cuda:0')
Autograd grad mean:  tensor(-0.1357, device='cuda:0')
[Step 14] PGD Update - Time: 0.0012s, Mem: 0.00 B

[Step 14] 完整步骤总时间: 18.044093s | 总显存: 0.00 B
[Step 14] 峰值显存: 6.22 GB

[Step 15] ============ 详细性能分析 ============
[模型部分] 总时间: 6.281657s | 显存: 4.12 GB

[0-9秒 PDE求解详细性能]
  t=0s - 时间: 0.000000s | 显存: 0.00 B
  t=1s - 时间: 0.361354s | 显存: 0.00 B
  t=2s - 时间: 0.467090s | 显存: 0.00 B
  t=3s - 时间: 0.530649s | 显存: 0.00 B
  t=4s - 时间: 0.650567s | 显存: 0.00 B
  t=5s - 时间: 0.705101s | 显存: 0.00 B
  t=6s - 时间: 0.795988s | 显存: 0.00 B
  t=7s - 时间: 0.836530s | 显存: 0.00 B
  t=8s - 时间: 0.919621s | 显存: 0.00 B
  t=9s - 时间: 0.994014s | 显存: 0.00 B

[19秒 PDE求解]
  t=19.0s - 时间: 1.793476s | 显存: 0.00 B

[PDE求解部分] 总时间: 1.793767s | 显存: 0.00 B

[本步骤总计] 时间: 8.075424s | 显存: 4.12 GB
orginal_loss:  tensor(10286.6768, device='cuda:0', grad_fn=<MseLossBackward0>)
[Step 15] Backward Propagation - Time: 10.3980s, Mem: -4416135168.00 B
x_adv.requires_grad:  True
pred_19.requires_grad, true_19.requires_grad:  True True
Autograd grad max:  tensor(114.4378, device='cuda:0')
Autograd grad min:  tensor(-99.3919, device='cuda:0')
Autograd grad mean:  tensor(-0.1264, device='cuda:0')
[Step 15] PGD Update - Time: 0.0013s, Mem: 0.00 B

[Step 15] 完整步骤总时间: 18.479011s | 总显存: 0.00 B
[Step 15] 峰值显存: 6.22 GB

[Step 16] ============ 详细性能分析 ============
[模型部分] 总时间: 6.350869s | 显存: 4.12 GB

[0-9秒 PDE求解详细性能]
  t=0s - 时间: 0.000000s | 显存: 0.00 B
  t=1s - 时间: 0.382587s | 显存: 0.00 B
  t=2s - 时间: 0.453928s | 显存: 0.00 B
  t=3s - 时间: 0.536212s | 显存: 0.00 B
  t=4s - 时间: 0.654535s | 显存: 0.00 B
  t=5s - 时间: 0.726295s | 显存: 0.00 B
  t=6s - 时间: 0.799367s | 显存: 0.00 B
  t=7s - 时间: 0.841255s | 显存: 0.00 B
  t=8s - 时间: 0.928164s | 显存: 0.00 B
  t=9s - 时间: 1.007403s | 显存: 0.00 B

[19秒 PDE求解]
  t=19.0s - 时间: 1.796625s | 显存: 0.00 B

[PDE求解部分] 总时间: 1.796901s | 显存: 0.00 B

[本步骤总计] 时间: 8.147770s | 显存: 4.12 GB
orginal_loss:  tensor(11322.0078, device='cuda:0', grad_fn=<MseLossBackward0>)
[Step 16] Backward Propagation - Time: 9.9761s, Mem: -4416135168.00 B
x_adv.requires_grad:  True
pred_19.requires_grad, true_19.requires_grad:  True True
Autograd grad max:  tensor(113.6629, device='cuda:0')
Autograd grad min:  tensor(-99.5802, device='cuda:0')
Autograd grad mean:  tensor(-0.1319, device='cuda:0')
[Step 16] PGD Update - Time: 0.0013s, Mem: 0.00 B

[Step 16] 完整步骤总时间: 18.129350s | 总显存: 0.00 B
[Step 16] 峰值显存: 6.22 GB

[Step 17] ============ 详细性能分析 ============
[模型部分] 总时间: 6.493613s | 显存: 4.12 GB

[0-9秒 PDE求解详细性能]
  t=0s - 时间: 0.000000s | 显存: 0.00 B
  t=1s - 时间: 0.429870s | 显存: 0.00 B
  t=2s - 时间: 0.484549s | 显存: 0.00 B
  t=3s - 时间: 0.571530s | 显存: 0.00 B
  t=4s - 时间: 0.637113s | 显存: 0.00 B
  t=5s - 时间: 0.692325s | 显存: 0.00 B
  t=6s - 时间: 0.790958s | 显存: 0.00 B
  t=7s - 时间: 0.867194s | 显存: 0.00 B
  t=8s - 时间: 0.962887s | 显存: 0.00 B
  t=9s - 时间: 1.036557s | 显存: 0.00 B

[19秒 PDE求解]
  t=19.0s - 时间: 1.810788s | 显存: 0.00 B

[PDE求解部分] 总时间: 1.811071s | 显存: 0.00 B

[本步骤总计] 时间: 8.304684s | 显存: 4.12 GB
orginal_loss:  tensor(11670.5605, device='cuda:0', grad_fn=<MseLossBackward0>)
[Step 17] Backward Propagation - Time: 9.8826s, Mem: -4416135168.00 B
x_adv.requires_grad:  True
pred_19.requires_grad, true_19.requires_grad:  True True
Autograd grad max:  tensor(106.1359, device='cuda:0')
Autograd grad min:  tensor(-95.6763, device='cuda:0')
Autograd grad mean:  tensor(-0.1379, device='cuda:0')
[Step 17] PGD Update - Time: 0.0013s, Mem: 0.00 B

[Step 17] 完整步骤总时间: 18.192911s | 总显存: 0.00 B
[Step 17] 峰值显存: 6.22 GB

[Step 18] ============ 详细性能分析 ============
[模型部分] 总时间: 6.320749s | 显存: 4.12 GB

[0-9秒 PDE求解详细性能]
  t=0s - 时间: 0.000000s | 显存: 0.00 B
  t=1s - 时间: 0.377477s | 显存: 0.00 B
  t=2s - 时间: 0.479949s | 显存: 0.00 B
  t=3s - 时间: 0.555980s | 显存: 0.00 B
  t=4s - 时间: 0.631922s | 显存: 0.00 B
  t=5s - 时间: 0.713897s | 显存: 0.00 B
  t=6s - 时间: 0.764129s | 显存: 0.00 B
  t=7s - 时间: 0.834525s | 显存: 0.00 B
  t=8s - 时间: 0.931724s | 显存: 0.00 B
  t=9s - 时间: 1.010064s | 显存: 0.00 B

[19秒 PDE求解]
  t=19.0s - 时间: 1.834889s | 显存: 0.00 B

[PDE求解部分] 总时间: 1.835183s | 显存: 0.00 B

[本步骤总计] 时间: 8.155933s | 显存: 4.12 GB
orginal_loss:  tensor(11377.8477, device='cuda:0', grad_fn=<MseLossBackward0>)
[Step 18] Backward Propagation - Time: 10.4261s, Mem: -4416135168.00 B
x_adv.requires_grad:  True
pred_19.requires_grad, true_19.requires_grad:  True True
Autograd grad max:  tensor(97.0532, device='cuda:0')
Autograd grad min:  tensor(-90.2239, device='cuda:0')
Autograd grad mean:  tensor(-0.1316, device='cuda:0')
[Step 18] PGD Update - Time: 0.0012s, Mem: 0.00 B

[Step 18] 完整步骤总时间: 18.587592s | 总显存: 0.00 B
[Step 18] 峰值显存: 6.22 GB

[Step 19] ============ 详细性能分析 ============
[模型部分] 总时间: 6.203802s | 显存: 4.12 GB

[0-9秒 PDE求解详细性能]
  t=0s - 时间: 0.000000s | 显存: 0.00 B
  t=1s - 时间: 0.403747s | 显存: 0.00 B
  t=2s - 时间: 0.459852s | 显存: 0.00 B
  t=3s - 时间: 0.524275s | 显存: 0.00 B
  t=4s - 时间: 0.606922s | 显存: 0.00 B
  t=5s - 时间: 0.679128s | 显存: 0.00 B
  t=6s - 时间: 0.762236s | 显存: 0.00 B
  t=7s - 时间: 0.841574s | 显存: 0.00 B
  t=8s - 时间: 0.907056s | 显存: 0.00 B
  t=9s - 时间: 0.998262s | 显存: 0.00 B

[19秒 PDE求解]
  t=19.0s - 时间: 1.820276s | 显存: 0.00 B

[PDE求解部分] 总时间: 1.820606s | 显存: 0.00 B

[本步骤总计] 时间: 8.024407s | 显存: 4.12 GB
orginal_loss:  tensor(10696.0176, device='cuda:0', grad_fn=<MseLossBackward0>)
[Step 19] Backward Propagation - Time: 9.8256s, Mem: -4416135168.00 B
x_adv.requires_grad:  True
pred_19.requires_grad, true_19.requires_grad:  True True
Autograd grad max:  tensor(87.2582, device='cuda:0')
Autograd grad min:  tensor(-83.5014, device='cuda:0')
Autograd grad mean:  tensor(-0.1205, device='cuda:0')
[Step 19] PGD Update - Time: 0.0012s, Mem: 0.00 B

[Step 19] 完整步骤总时间: 17.855594s | 总显存: 0.00 B
[Step 19] 峰值显存: 6.22 GB

[Step 20] ============ 详细性能分析 ============
[模型部分] 总时间: 6.480337s | 显存: 4.12 GB

[0-9秒 PDE求解详细性能]
  t=0s - 时间: 0.000000s | 显存: 0.00 B
  t=1s - 时间: 0.418583s | 显存: 0.00 B
  t=2s - 时间: 0.479918s | 显存: 0.00 B
  t=3s - 时间: 0.553354s | 显存: 0.00 B
  t=4s - 时间: 0.653933s | 显存: 0.00 B
  t=5s - 时间: 0.722172s | 显存: 0.00 B
  t=6s - 时间: 0.770589s | 显存: 0.00 B
  t=7s - 时间: 0.859376s | 显存: 0.00 B
  t=8s - 时间: 0.979652s | 显存: 0.00 B
  t=9s - 时间: 1.021778s | 显存: 0.00 B

[19秒 PDE求解]
  t=19.0s - 时间: 1.790935s | 显存: 0.00 B

[PDE求解部分] 总时间: 1.791199s | 显存: 0.00 B

[本步骤总计] 时间: 8.271536s | 显存: 4.12 GB
orginal_loss:  tensor(9904.3691, device='cuda:0', grad_fn=<MseLossBackward0>)
[Step 20] Backward Propagation - Time: 10.0243s, Mem: -4416135168.00 B
x_adv.requires_grad:  True
pred_19.requires_grad, true_19.requires_grad:  True True
Autograd grad max:  tensor(77.0154, device='cuda:0')
Autograd grad min:  tensor(-77.1738, device='cuda:0')
Autograd grad mean:  tensor(-0.1097, device='cuda:0')
[Step 20] PGD Update - Time: 0.0012s, Mem: 0.00 B

[Step 20] 完整步骤总时间: 18.301201s | 总显存: 0.00 B
[Step 20] 峰值显存: 6.22 GB

[Step 21] ============ 详细性能分析 ============
[模型部分] 总时间: 6.398117s | 显存: 4.12 GB

[0-9秒 PDE求解详细性能]
  t=0s - 时间: 0.000000s | 显存: 0.00 B
  t=1s - 时间: 0.406606s | 显存: 0.00 B
  t=2s - 时间: 0.456727s | 显存: 0.00 B
  t=3s - 时间: 0.538019s | 显存: 0.00 B
  t=4s - 时间: 0.617167s | 显存: 0.00 B
  t=5s - 时间: 0.719231s | 显存: 0.00 B
  t=6s - 时间: 0.789926s | 显存: 0.00 B
  t=7s - 时间: 0.872934s | 显存: 0.00 B
  t=8s - 时间: 0.959525s | 显存: 0.00 B
  t=9s - 时间: 1.016990s | 显存: 0.00 B

[19秒 PDE求解]
  t=19.0s - 时间: 1.837747s | 显存: 0.00 B

[PDE求解部分] 总时间: 1.838070s | 显存: 0.00 B

[本步骤总计] 时间: 8.236188s | 显存: 4.12 GB
orginal_loss:  tensor(9429.6904, device='cuda:0', grad_fn=<MseLossBackward0>)
[Step 21] Backward Propagation - Time: 9.9272s, Mem: -4416135168.00 B
x_adv.requires_grad:  True
pred_19.requires_grad, true_19.requires_grad:  True True
Autograd grad max:  tensor(69.8643, device='cuda:0')
Autograd grad min:  tensor(-77.3034, device='cuda:0')
Autograd grad mean:  tensor(-0.0954, device='cuda:0')
[Step 21] PGD Update - Time: 0.0012s, Mem: 0.00 B

[Step 21] 完整步骤总时间: 18.169493s | 总显存: 0.00 B
[Step 21] 峰值显存: 6.22 GB

[Step 22] ============ 详细性能分析 ============
[模型部分] 总时间: 6.973050s | 显存: 4.12 GB

[0-9秒 PDE求解详细性能]
  t=0s - 时间: 0.000000s | 显存: 0.00 B
  t=1s - 时间: 0.375911s | 显存: 0.00 B
  t=2s - 时间: 0.451006s | 显存: 0.00 B
  t=3s - 时间: 1.045898s | 显存: 0.00 B
  t=4s - 时间: 0.645525s | 显存: 0.00 B
  t=5s - 时间: 0.718785s | 显存: 0.00 B
  t=6s - 时间: 0.811749s | 显存: 0.00 B
  t=7s - 时间: 0.878922s | 显存: 0.00 B
  t=8s - 时间: 0.972133s | 显存: 0.00 B
  t=9s - 时间: 1.052371s | 显存: 0.00 B

[19秒 PDE求解]
  t=19.0s - 时间: 1.853220s | 显存: 0.00 B

[PDE求解部分] 总时间: 1.853500s | 显存: 0.00 B

[本步骤总计] 时间: 8.826550s | 显存: 4.12 GB
orginal_loss:  tensor(9640.8477, device='cuda:0', grad_fn=<MseLossBackward0>)
[Step 22] Backward Propagation - Time: 9.8492s, Mem: -4416135168.00 B
x_adv.requires_grad:  True
pred_19.requires_grad, true_19.requires_grad:  True True
Autograd grad max:  tensor(67.6349, device='cuda:0')
Autograd grad min:  tensor(-81.3382, device='cuda:0')
Autograd grad mean:  tensor(-0.0803, device='cuda:0')
[Step 22] PGD Update - Time: 0.0012s, Mem: 0.00 B

[Step 22] 完整步骤总时间: 18.681146s | 总显存: 0.00 B
[Step 22] 峰值显存: 6.22 GB

[Step 23] ============ 详细性能分析 ============
[模型部分] 总时间: 6.299929s | 显存: 4.12 GB

[0-9秒 PDE求解详细性能]
  t=0s - 时间: 0.000000s | 显存: 0.00 B
  t=1s - 时间: 0.354452s | 显存: 0.00 B
  t=2s - 时间: 0.465154s | 显存: 0.00 B
  t=3s - 时间: 0.541855s | 显存: 0.00 B
  t=4s - 时间: 0.631929s | 显存: 0.00 B
  t=5s - 时间: 0.695704s | 显存: 0.00 B
  t=6s - 时间: 0.772074s | 显存: 0.00 B
  t=7s - 时间: 0.842164s | 显存: 0.00 B
  t=8s - 时间: 0.924025s | 显存: 0.00 B
  t=9s - 时间: 1.051579s | 显存: 0.00 B

[19秒 PDE求解]
  t=19.0s - 时间: 1.815644s | 显存: 0.00 B

[PDE求解部分] 总时间: 1.815923s | 显存: 0.00 B

[本步骤总计] 时间: 8.115852s | 显存: 4.12 GB
orginal_loss:  tensor(10363.9297, device='cuda:0', grad_fn=<MseLossBackward0>)
[Step 23] Backward Propagation - Time: 9.9465s, Mem: -4416135168.00 B
x_adv.requires_grad:  True
pred_19.requires_grad, true_19.requires_grad:  True True
Autograd grad max:  tensor(72.1260, device='cuda:0')
Autograd grad min:  tensor(-88.3329, device='cuda:0')
Autograd grad mean:  tensor(-0.0679, device='cuda:0')
[Step 23] PGD Update - Time: 0.0012s, Mem: 0.00 B

[Step 23] 完整步骤总时间: 18.067814s | 总显存: 0.00 B
[Step 23] 峰值显存: 6.22 GB

[Step 24] ============ 详细性能分析 ============
[模型部分] 总时间: 6.452228s | 显存: 4.12 GB

[0-9秒 PDE求解详细性能]
  t=0s - 时间: 0.000000s | 显存: 0.00 B
  t=1s - 时间: 0.415601s | 显存: 0.00 B
  t=2s - 时间: 0.453894s | 显存: 0.00 B
  t=3s - 时间: 0.550565s | 显存: 0.00 B
  t=4s - 时间: 0.623662s | 显存: 0.00 B
  t=5s - 时间: 0.725864s | 显存: 0.00 B
  t=6s - 时间: 0.788294s | 显存: 0.00 B
  t=7s - 时间: 0.862387s | 显存: 0.00 B
  t=8s - 时间: 0.962944s | 显存: 0.00 B
  t=9s - 时间: 1.048336s | 显存: 0.00 B

[19秒 PDE求解]
  t=19.0s - 时间: 1.847549s | 显存: 0.00 B

[PDE求解部分] 总时间: 1.847838s | 显存: 0.00 B

[本步骤总计] 时间: 8.300067s | 显存: 4.12 GB
orginal_loss:  tensor(11111.8789, device='cuda:0', grad_fn=<MseLossBackward0>)
[Step 24] Backward Propagation - Time: 9.8119s, Mem: -4416135168.00 B
x_adv.requires_grad:  True
pred_19.requires_grad, true_19.requires_grad:  True True
Autograd grad max:  tensor(76.2513, device='cuda:0')
Autograd grad min:  tensor(-95.1315, device='cuda:0')
Autograd grad mean:  tensor(-0.0590, device='cuda:0')
[Step 24] PGD Update - Time: 0.0012s, Mem: 0.00 B

[Step 24] 完整步骤总时间: 18.117473s | 总显存: 0.00 B
[Step 24] 峰值显存: 6.22 GB

[Step 25] ============ 详细性能分析 ============
[模型部分] 总时间: 6.476851s | 显存: 4.12 GB

[0-9秒 PDE求解详细性能]
  t=0s - 时间: 0.000000s | 显存: 0.00 B
  t=1s - 时间: 0.409496s | 显存: 0.00 B
  t=2s - 时间: 0.482361s | 显存: 0.00 B
  t=3s - 时间: 0.549211s | 显存: 0.00 B
  t=4s - 时间: 0.626083s | 显存: 0.00 B
  t=5s - 时间: 0.722270s | 显存: 0.00 B
  t=6s - 时间: 0.794383s | 显存: 0.00 B
  t=7s - 时间: 0.876661s | 显存: 0.00 B
  t=8s - 时间: 0.952874s | 显存: 0.00 B
  t=9s - 时间: 1.042665s | 显存: 0.00 B

[19秒 PDE求解]
  t=19.0s - 时间: 1.810773s | 显存: 0.00 B

[PDE求解部分] 总时间: 1.811060s | 显存: 0.00 B

[本步骤总计] 时间: 8.287910s | 显存: 4.12 GB
orginal_loss:  tensor(11639.9971, device='cuda:0', grad_fn=<MseLossBackward0>)
[Step 25] Backward Propagation - Time: 9.9028s, Mem: -4416135168.00 B
x_adv.requires_grad:  True
pred_19.requires_grad, true_19.requires_grad:  True True
Autograd grad max:  tensor(81.7023, device='cuda:0')
Autograd grad min:  tensor(-100.4633, device='cuda:0')
Autograd grad mean:  tensor(-0.0519, device='cuda:0')
[Step 25] PGD Update - Time: 0.0011s, Mem: 0.00 B

[Step 25] 完整步骤总时间: 18.196305s | 总显存: 0.00 B
[Step 25] 峰值显存: 6.22 GB

[Step 26] ============ 详细性能分析 ============
[模型部分] 总时间: 6.170616s | 显存: 4.12 GB

[0-9秒 PDE求解详细性能]
  t=0s - 时间: 0.000000s | 显存: 0.00 B
  t=1s - 时间: 0.381986s | 显存: 0.00 B
  t=2s - 时间: 0.449329s | 显存: 0.00 B
  t=3s - 时间: 0.515992s | 显存: 0.00 B
  t=4s - 时间: 0.590984s | 显存: 0.00 B
  t=5s - 时间: 0.674872s | 显存: 0.00 B
  t=6s - 时间: 0.767622s | 显存: 0.00 B
  t=7s - 时间: 0.831582s | 显存: 0.00 B
  t=8s - 时间: 0.932803s | 显存: 0.00 B
  t=9s - 时间: 1.004818s | 显存: 0.00 B

[19秒 PDE求解]
  t=19.0s - 时间: 1.804490s | 显存: 0.00 B

[PDE求解部分] 总时间: 1.804813s | 显存: 0.00 B

[本步骤总计] 时间: 7.975429s | 显存: 4.12 GB
orginal_loss:  tensor(12116.6582, device='cuda:0', grad_fn=<MseLossBackward0>)
[Step 26] Backward Propagation - Time: 10.3703s, Mem: -4416135168.00 B
x_adv.requires_grad:  True
pred_19.requires_grad, true_19.requires_grad:  True True
Autograd grad max:  tensor(89.1159, device='cuda:0')
Autograd grad min:  tensor(-105.7237, device='cuda:0')
Autograd grad mean:  tensor(-0.0444, device='cuda:0')
[Step 26] PGD Update - Time: 0.0013s, Mem: 0.00 B

[Step 26] 完整步骤总时间: 18.351826s | 总显存: 0.00 B
[Step 26] 峰值显存: 6.22 GB

[Step 27] ============ 详细性能分析 ============
[模型部分] 总时间: 6.274258s | 显存: 4.12 GB

[0-9秒 PDE求解详细性能]
  t=0s - 时间: 0.000000s | 显存: 0.00 B
  t=1s - 时间: 0.375766s | 显存: 0.00 B
  t=2s - 时间: 0.445024s | 显存: 0.00 B
  t=3s - 时间: 0.528888s | 显存: 0.00 B
  t=4s - 时间: 0.614240s | 显存: 0.00 B
  t=5s - 时间: 0.679714s | 显存: 0.00 B
  t=6s - 时间: 0.784181s | 显存: 0.00 B
  t=7s - 时间: 0.861812s | 显存: 0.00 B
  t=8s - 时间: 0.939637s | 显存: 0.00 B
  t=9s - 时间: 1.024545s | 显存: 0.00 B

[19秒 PDE求解]
  t=19.0s - 时间: 1.800803s | 显存: 0.00 B

[PDE求解部分] 总时间: 1.801020s | 显存: 0.00 B

[本步骤总计] 时间: 8.075278s | 显存: 4.12 GB
orginal_loss:  tensor(12728.5742, device='cuda:0', grad_fn=<MseLossBackward0>)
[Step 27] Backward Propagation - Time: 9.8568s, Mem: -4416135168.00 B
x_adv.requires_grad:  True
pred_19.requires_grad, true_19.requires_grad:  True True
Autograd grad max:  tensor(97.0061, device='cuda:0')
Autograd grad min:  tensor(-111.6932, device='cuda:0')
Autograd grad mean:  tensor(-0.0401, device='cuda:0')
[Step 27] PGD Update - Time: 0.0011s, Mem: 0.00 B

[Step 27] 完整步骤总时间: 17.937074s | 总显存: 0.00 B
[Step 27] 峰值显存: 6.22 GB

[Step 28] ============ 详细性能分析 ============
[模型部分] 总时间: 6.405952s | 显存: 4.12 GB

[0-9秒 PDE求解详细性能]
  t=0s - 时间: 0.000000s | 显存: 0.00 B
  t=1s - 时间: 0.359678s | 显存: 0.00 B
  t=2s - 时间: 0.435737s | 显存: 0.00 B
  t=3s - 时间: 0.531202s | 显存: 0.00 B
  t=4s - 时间: 0.622241s | 显存: 0.00 B
  t=5s - 时间: 0.732792s | 显存: 0.00 B
  t=6s - 时间: 0.808264s | 显存: 0.00 B
  t=7s - 时间: 0.878658s | 显存: 0.00 B
  t=8s - 时间: 0.968527s | 显存: 0.00 B
  t=9s - 时间: 1.047977s | 显存: 0.00 B

[19秒 PDE求解]
  t=19.0s - 时间: 1.780389s | 显存: 0.00 B

[PDE求解部分] 总时间: 1.780656s | 显存: 0.00 B

[本步骤总计] 时间: 8.186607s | 显存: 4.12 GB
orginal_loss:  tensor(13556.0605, device='cuda:0', grad_fn=<MseLossBackward0>)
[Step 28] Backward Propagation - Time: 10.0535s, Mem: -4416135168.00 B
x_adv.requires_grad:  True
pred_19.requires_grad, true_19.requires_grad:  True True
Autograd grad max:  tensor(103.7488, device='cuda:0')
Autograd grad min:  tensor(-117.4413, device='cuda:0')
Autograd grad mean:  tensor(-0.0412, device='cuda:0')
[Step 28] PGD Update - Time: 0.0013s, Mem: 0.00 B

[Step 28] 完整步骤总时间: 18.245704s | 总显存: 0.00 B
[Step 28] 峰值显存: 6.22 GB

[Step 29] ============ 详细性能分析 ============
[模型部分] 总时间: 6.433555s | 显存: 4.12 GB

[0-9秒 PDE求解详细性能]
  t=0s - 时间: 0.000000s | 显存: 0.00 B
  t=1s - 时间: 0.412156s | 显存: 0.00 B
  t=2s - 时间: 0.466224s | 显存: 0.00 B
  t=3s - 时间: 0.557924s | 显存: 0.00 B
  t=4s - 时间: 0.655697s | 显存: 0.00 B
  t=5s - 时间: 0.731094s | 显存: 0.00 B
  t=6s - 时间: 0.798782s | 显存: 0.00 B
  t=7s - 时间: 0.838373s | 显存: 0.00 B
  t=8s - 时间: 0.926889s | 显存: 0.00 B
  t=9s - 时间: 1.025750s | 显存: 0.00 B

[19秒 PDE求解]
  t=19.0s - 时间: 1.828096s | 显存: 0.00 B

[PDE求解部分] 总时间: 1.828416s | 显存: 0.00 B

[本步骤总计] 时间: 8.261971s | 显存: 4.12 GB
orginal_loss:  tensor(14583.4590, device='cuda:0', grad_fn=<MseLossBackward0>)
[Step 29] Backward Propagation - Time: 9.9752s, Mem: -4416135168.00 B
x_adv.requires_grad:  True
pred_19.requires_grad, true_19.requires_grad:  True True
Autograd grad max:  tensor(108.9663, device='cuda:0')
Autograd grad min:  tensor(-122.7800, device='cuda:0')
Autograd grad mean:  tensor(-0.0443, device='cuda:0')
[Step 29] PGD Update - Time: 0.0010s, Mem: 0.00 B

[Step 29] 完整步骤总时间: 18.242272s | 总显存: 0.00 B
[Step 29] 峰值显存: 6.22 GB

[Step 30] ============ 详细性能分析 ============
[模型部分] 总时间: 6.242335s | 显存: 4.12 GB

[0-9秒 PDE求解详细性能]
  t=0s - 时间: 0.000000s | 显存: 0.00 B
  t=1s - 时间: 0.373383s | 显存: 0.00 B
  t=2s - 时间: 0.438967s | 显存: 0.00 B
  t=3s - 时间: 0.548097s | 显存: 0.00 B
  t=4s - 时间: 0.612086s | 显存: 0.00 B
  t=5s - 时间: 0.695857s | 显存: 0.00 B
  t=6s - 时间: 0.771375s | 显存: 0.00 B
  t=7s - 时间: 0.842058s | 显存: 0.00 B
  t=8s - 时间: 0.934199s | 显存: 0.00 B
  t=9s - 时间: 1.005904s | 显存: 0.00 B

[19秒 PDE求解]
  t=19.0s - 时间: 1.821491s | 显存: 0.00 B

[PDE求解部分] 总时间: 1.821749s | 显存: 0.00 B

[本步骤总计] 时间: 8.064084s | 显存: 4.12 GB
orginal_loss:  tensor(15676.4072, device='cuda:0', grad_fn=<MseLossBackward0>)
[Step 30] Backward Propagation - Time: 9.9794s, Mem: -4416135168.00 B
x_adv.requires_grad:  True
pred_19.requires_grad, true_19.requires_grad:  True True
Autograd grad max:  tensor(113.4419, device='cuda:0')
Autograd grad min:  tensor(-127.7620, device='cuda:0')
Autograd grad mean:  tensor(-0.0449, device='cuda:0')
[Step 30] PGD Update - Time: 0.0012s, Mem: 0.00 B

[Step 30] 完整步骤总时间: 18.048828s | 总显存: 0.00 B
[Step 30] 峰值显存: 6.22 GB

[Step 31] ============ 详细性能分析 ============
[模型部分] 总时间: 6.250581s | 显存: 4.12 GB

[0-9秒 PDE求解详细性能]
  t=0s - 时间: 0.000000s | 显存: 0.00 B
  t=1s - 时间: 0.369266s | 显存: 0.00 B
  t=2s - 时间: 0.441050s | 显存: 0.00 B
  t=3s - 时间: 0.532968s | 显存: 0.00 B
  t=4s - 时间: 0.601529s | 显存: 0.00 B
  t=5s - 时间: 0.684319s | 显存: 0.00 B
  t=6s - 时间: 0.769427s | 显存: 0.00 B
  t=7s - 时间: 0.838666s | 显存: 0.00 B
  t=8s - 时间: 0.954259s | 显存: 0.00 B
  t=9s - 时间: 1.038323s | 显存: 0.00 B

[19秒 PDE求解]
  t=19.0s - 时间: 1.836009s | 显存: 0.00 B

[PDE求解部分] 总时间: 1.836292s | 显存: 0.00 B

[本步骤总计] 时间: 8.086873s | 显存: 4.12 GB
orginal_loss:  tensor(16723.5234, device='cuda:0', grad_fn=<MseLossBackward0>)
[Step 31] Backward Propagation - Time: 10.5551s, Mem: -4416135168.00 B
x_adv.requires_grad:  True
pred_19.requires_grad, true_19.requires_grad:  True True
Autograd grad max:  tensor(117.7358, device='cuda:0')
Autograd grad min:  tensor(-132.5490, device='cuda:0')
Autograd grad mean:  tensor(-0.0381, device='cuda:0')
[Step 31] PGD Update - Time: 0.0012s, Mem: 0.00 B

[Step 31] 完整步骤总时间: 18.647137s | 总显存: 0.00 B
[Step 31] 峰值显存: 6.22 GB

[Step 32] ============ 详细性能分析 ============
[模型部分] 总时间: 6.478614s | 显存: 4.12 GB

[0-9秒 PDE求解详细性能]
  t=0s - 时间: 0.000000s | 显存: 0.00 B
  t=1s - 时间: 0.386457s | 显存: 0.00 B
  t=2s - 时间: 0.465762s | 显存: 0.00 B
  t=3s - 时间: 0.547813s | 显存: 0.00 B
  t=4s - 时间: 0.644537s | 显存: 0.00 B
  t=5s - 时间: 0.737866s | 显存: 0.00 B
  t=6s - 时间: 0.815192s | 显存: 0.00 B
  t=7s - 时间: 0.885811s | 显存: 0.00 B
  t=8s - 时间: 0.931418s | 显存: 0.00 B
  t=9s - 时间: 1.043289s | 显存: 0.00 B

[19秒 PDE求解]
  t=19.0s - 时间: 1.837753s | 显存: 0.00 B

[PDE求解部分] 总时间: 1.838022s | 显存: 0.00 B

[本步骤总计] 时间: 8.316637s | 显存: 4.12 GB
orginal_loss:  tensor(17686.6992, device='cuda:0', grad_fn=<MseLossBackward0>)
[Step 32] Backward Propagation - Time: 9.8806s, Mem: -4416135168.00 B
x_adv.requires_grad:  True
pred_19.requires_grad, true_19.requires_grad:  True True
Autograd grad max:  tensor(121.8894, device='cuda:0')
Autograd grad min:  tensor(-138.2083, device='cuda:0')
Autograd grad mean:  tensor(-0.0231, device='cuda:0')
[Step 32] PGD Update - Time: 0.0012s, Mem: 0.00 B

[Step 32] 完整步骤总时间: 18.202307s | 总显存: 0.00 B
[Step 32] 峰值显存: 6.22 GB

[Step 33] ============ 详细性能分析 ============
[模型部分] 总时间: 6.369591s | 显存: 4.12 GB

[0-9秒 PDE求解详细性能]
  t=0s - 时间: 0.000000s | 显存: 0.00 B
  t=1s - 时间: 0.381446s | 显存: 0.00 B
  t=2s - 时间: 0.455957s | 显存: 0.00 B
  t=3s - 时间: 0.536255s | 显存: 0.00 B
  t=4s - 时间: 0.600377s | 显存: 0.00 B
  t=5s - 时间: 0.689804s | 显存: 0.00 B
  t=6s - 时间: 0.813289s | 显存: 0.00 B
  t=7s - 时间: 0.884591s | 显存: 0.00 B
  t=8s - 时间: 0.978592s | 显存: 0.00 B
  t=9s - 时间: 1.008286s | 显存: 0.00 B

[19秒 PDE求解]
  t=19.0s - 时间: 1.823479s | 显存: 0.00 B

[PDE求解部分] 总时间: 1.823767s | 显存: 0.00 B

[本步骤总计] 时间: 8.193359s | 显存: 4.12 GB
orginal_loss:  tensor(18569.3633, device='cuda:0', grad_fn=<MseLossBackward0>)
[Step 33] Backward Propagation - Time: 9.8916s, Mem: -4416135168.00 B
x_adv.requires_grad:  True
pred_19.requires_grad, true_19.requires_grad:  True True
Autograd grad max:  tensor(125.8492, device='cuda:0')
Autograd grad min:  tensor(-144.4571, device='cuda:0')
Autograd grad mean:  tensor(-0.0040, device='cuda:0')
[Step 33] PGD Update - Time: 0.0026s, Mem: 0.00 B

[Step 33] 完整步骤总时间: 18.093233s | 总显存: 0.00 B
[Step 33] 峰值显存: 6.22 GB

[Step 34] ============ 详细性能分析 ============
[模型部分] 总时间: 6.265208s | 显存: 4.12 GB

[0-9秒 PDE求解详细性能]
  t=0s - 时间: 0.000000s | 显存: 0.00 B
  t=1s - 时间: 0.384831s | 显存: 0.00 B
  t=2s - 时间: 0.451179s | 显存: 0.00 B
  t=3s - 时间: 0.539270s | 显存: 0.00 B
  t=4s - 时间: 0.607466s | 显存: 0.00 B
  t=5s - 时间: 0.710808s | 显存: 0.00 B
  t=6s - 时间: 0.762644s | 显存: 0.00 B
  t=7s - 时间: 0.837994s | 显存: 0.00 B
  t=8s - 时间: 0.939822s | 显存: 0.00 B
  t=9s - 时间: 1.010408s | 显存: 0.00 B

[19秒 PDE求解]
  t=19.0s - 时间: 1.825654s | 显存: 0.00 B

[PDE求解部分] 总时间: 1.825934s | 显存: 0.00 B

[本步骤总计] 时间: 8.091142s | 显存: 4.12 GB
orginal_loss:  tensor(19254.9336, device='cuda:0', grad_fn=<MseLossBackward0>)
[Step 34] Backward Propagation - Time: 9.9935s, Mem: -4416135168.00 B
x_adv.requires_grad:  True
pred_19.requires_grad, true_19.requires_grad:  True True
Autograd grad max:  tensor(128.8886, device='cuda:0')
Autograd grad min:  tensor(-150.0688, device='cuda:0')
Autograd grad mean:  tensor(0.0173, device='cuda:0')
[Step 34] PGD Update - Time: 0.0012s, Mem: 0.00 B

[Step 34] 完整步骤总时间: 18.090690s | 总显存: 0.00 B
[Step 34] 峰值显存: 6.22 GB

[Step 35] ============ 详细性能分析 ============
[模型部分] 总时间: 6.456240s | 显存: 4.12 GB

[0-9秒 PDE求解详细性能]
  t=0s - 时间: 0.000000s | 显存: 0.00 B
  t=1s - 时间: 0.412335s | 显存: 0.00 B
  t=2s - 时间: 0.480372s | 显存: 0.00 B
  t=3s - 时间: 0.559787s | 显存: 0.00 B
  t=4s - 时间: 0.645454s | 显存: 0.00 B
  t=5s - 时间: 0.682483s | 显存: 0.00 B
  t=6s - 时间: 0.770378s | 显存: 0.00 B
  t=7s - 时间: 0.858404s | 显存: 0.00 B
  t=8s - 时间: 0.983951s | 显存: 0.00 B
  t=9s - 时间: 1.042346s | 显存: 0.00 B

[19秒 PDE求解]
  t=19.0s - 时间: 1.817783s | 显存: 0.00 B

[PDE求解部分] 总时间: 1.818072s | 显存: 0.00 B

[本步骤总计] 时间: 8.274312s | 显存: 4.12 GB
orginal_loss:  tensor(19486.9160, device='cuda:0', grad_fn=<MseLossBackward0>)
[Step 35] Backward Propagation - Time: 10.0470s, Mem: -4416135168.00 B
x_adv.requires_grad:  True
pred_19.requires_grad, true_19.requires_grad:  True True
Autograd grad max:  tensor(129.8814, device='cuda:0')
Autograd grad min:  tensor(-152.3885, device='cuda:0')
Autograd grad mean:  tensor(0.0368, device='cuda:0')
[Step 35] PGD Update - Time: 0.0012s, Mem: 0.00 B

[Step 35] 完整步骤总时间: 18.326535s | 总显存: 0.00 B
[Step 35] 峰值显存: 6.22 GB

[Step 36] ============ 详细性能分析 ============
[模型部分] 总时间: 6.463640s | 显存: 4.12 GB

[0-9秒 PDE求解详细性能]
  t=0s - 时间: 0.000000s | 显存: 0.00 B
  t=1s - 时间: 0.380902s | 显存: 0.00 B
  t=2s - 时间: 0.460470s | 显存: 0.00 B
  t=3s - 时间: 0.558430s | 显存: 0.00 B
  t=4s - 时间: 0.625834s | 显存: 0.00 B
  t=5s - 时间: 0.737592s | 显存: 0.00 B
  t=6s - 时间: 0.814541s | 显存: 0.00 B
  t=7s - 时间: 0.882980s | 显存: 0.00 B
  t=8s - 时间: 0.925287s | 显存: 0.00 B
  t=9s - 时间: 1.056522s | 显存: 0.00 B

[19秒 PDE求解]
  t=19.0s - 时间: 1.826795s | 显存: 0.00 B

[PDE求解部分] 总时间: 1.827101s | 显存: 0.00 B

[本步骤总计] 时间: 8.290741s | 显存: 4.12 GB
orginal_loss:  tensor(19225.6406, device='cuda:0', grad_fn=<MseLossBackward0>)
[Step 36] Backward Propagation - Time: 9.9024s, Mem: -4416135168.00 B
x_adv.requires_grad:  True
pred_19.requires_grad, true_19.requires_grad:  True True
Autograd grad max:  tensor(128.8046, device='cuda:0')
Autograd grad min:  tensor(-151.1451, device='cuda:0')
Autograd grad mean:  tensor(0.0516, device='cuda:0')
[Step 36] PGD Update - Time: 0.0013s, Mem: 0.00 B

[Step 36] 完整步骤总时间: 18.198949s | 总显存: 0.00 B
[Step 36] 峰值显存: 6.22 GB

[Step 37] ============ 详细性能分析 ============
[模型部分] 总时间: 7.271693s | 显存: 4.12 GB

[0-9秒 PDE求解详细性能]
  t=0s - 时间: 0.000000s | 显存: 0.00 B
  t=1s - 时间: 0.405397s | 显存: 0.00 B
  t=2s - 时间: 0.468042s | 显存: 0.00 B
  t=3s - 时间: 0.554757s | 显存: 0.00 B
  t=4s - 时间: 0.606098s | 显存: 0.00 B
  t=5s - 时间: 0.667906s | 显存: 0.00 B
  t=6s - 时间: 0.783372s | 显存: 0.00 B
  t=7s - 时间: 0.946946s | 显存: 0.00 B
  t=8s - 时间: 1.798423s | 显存: 0.00 B
  t=9s - 时间: 1.019858s | 显存: 0.00 B

[19秒 PDE求解]
  t=19.0s - 时间: 1.820055s | 显存: 0.00 B

[PDE求解部分] 总时间: 1.820411s | 显存: 0.00 B

[本步骤总计] 时间: 9.092103s | 显存: 4.12 GB
orginal_loss:  tensor(18640.5566, device='cuda:0', grad_fn=<MseLossBackward0>)
[Step 37] Backward Propagation - Time: 9.9468s, Mem: -4416135168.00 B
x_adv.requires_grad:  True
pred_19.requires_grad, true_19.requires_grad:  True True
Autograd grad max:  tensor(126.5433, device='cuda:0')
Autograd grad min:  tensor(-148.2755, device='cuda:0')
Autograd grad mean:  tensor(0.0646, device='cuda:0')
[Step 37] PGD Update - Time: 0.0013s, Mem: 0.00 B

[Step 37] 完整步骤总时间: 19.045252s | 总显存: 0.00 B
[Step 37] 峰值显存: 6.22 GB

[Step 38] ============ 详细性能分析 ============
[模型部分] 总时间: 6.260191s | 显存: 4.12 GB

[0-9秒 PDE求解详细性能]
  t=0s - 时间: 0.000000s | 显存: 0.00 B
  t=1s - 时间: 0.379384s | 显存: 0.00 B
  t=2s - 时间: 0.458456s | 显存: 0.00 B
  t=3s - 时间: 0.520973s | 显存: 0.00 B
  t=4s - 时间: 0.594324s | 显存: 0.00 B
  t=5s - 时间: 0.682894s | 显存: 0.00 B
  t=6s - 时间: 0.771082s | 显存: 0.00 B
  t=7s - 时间: 0.835445s | 显存: 0.00 B
  t=8s - 时间: 0.979888s | 显存: 0.00 B
  t=9s - 时间: 1.016969s | 显存: 0.00 B

[19秒 PDE求解]
  t=19.0s - 时间: 1.814882s | 显存: 0.00 B

[PDE求解部分] 总时间: 1.815122s | 显存: 0.00 B

[本步骤总计] 时间: 8.075313s | 显存: 4.12 GB
orginal_loss:  tensor(17941.1133, device='cuda:0', grad_fn=<MseLossBackward0>)
[Step 38] Backward Propagation - Time: 9.9909s, Mem: -4416135168.00 B
x_adv.requires_grad:  True
pred_19.requires_grad, true_19.requires_grad:  True True
Autograd grad max:  tensor(125.6377, device='cuda:0')
Autograd grad min:  tensor(-145.0646, device='cuda:0')
Autograd grad mean:  tensor(0.0756, device='cuda:0')
[Step 38] PGD Update - Time: 0.0010s, Mem: 0.00 B

[Step 38] 完整步骤总时间: 18.071088s | 总显存: 0.00 B
[Step 38] 峰值显存: 6.22 GB

[Step 39] ============ 详细性能分析 ============
[模型部分] 总时间: 6.425930s | 显存: 4.12 GB

[0-9秒 PDE求解详细性能]
  t=0s - 时间: 0.000000s | 显存: 0.00 B
  t=1s - 时间: 0.406415s | 显存: 0.00 B
  t=2s - 时间: 0.489053s | 显存: 0.00 B
  t=3s - 时间: 0.537451s | 显存: 0.00 B
  t=4s - 时间: 0.614663s | 显存: 0.00 B
  t=5s - 时间: 0.690620s | 显存: 0.00 B
  t=6s - 时间: 0.819387s | 显存: 0.00 B
  t=7s - 时间: 0.864963s | 显存: 0.00 B
  t=8s - 时间: 0.954889s | 显存: 0.00 B
  t=9s - 时间: 1.027238s | 显存: 0.00 B

[19秒 PDE求解]
  t=19.0s - 时间: 1.781767s | 显存: 0.00 B

[PDE求解部分] 总时间: 1.782092s | 显存: 0.00 B

[本步骤总计] 时间: 8.208021s | 显存: 4.12 GB
orginal_loss:  tensor(17336.4590, device='cuda:0', grad_fn=<MseLossBackward0>)
[Step 39] Backward Propagation - Time: 9.8947s, Mem: -4416135168.00 B
x_adv.requires_grad:  True
pred_19.requires_grad, true_19.requires_grad:  True True
Autograd grad max:  tensor(125.5233, device='cuda:0')
Autograd grad min:  tensor(-142.5395, device='cuda:0')
Autograd grad mean:  tensor(0.0850, device='cuda:0')
[Step 39] PGD Update - Time: 0.0011s, Mem: 0.00 B

[Step 39] 完整步骤总时间: 18.108166s | 总显存: 0.00 B
[Step 39] 峰值显存: 6.22 GB

[Step 40] ============ 详细性能分析 ============
[模型部分] 总时间: 6.506408s | 显存: 4.12 GB

[0-9秒 PDE求解详细性能]
  t=0s - 时间: 0.000000s | 显存: 0.00 B
  t=1s - 时间: 0.413929s | 显存: 0.00 B
  t=2s - 时间: 0.491713s | 显存: 0.00 B
  t=3s - 时间: 0.545367s | 显存: 0.00 B
  t=4s - 时间: 0.639199s | 显存: 0.00 B
  t=5s - 时间: 0.708981s | 显存: 0.00 B
  t=6s - 时间: 0.828998s | 显存: 0.00 B
  t=7s - 时间: 0.896487s | 显存: 0.00 B
  t=8s - 时间: 0.941960s | 显存: 0.00 B
  t=9s - 时间: 1.019043s | 显存: 0.00 B

[19秒 PDE求解]
  t=19.0s - 时间: 1.800258s | 显存: 0.00 B

[PDE求解部分] 总时间: 1.800564s | 显存: 0.00 B

[本步骤总计] 时间: 8.306972s | 显存: 4.12 GB
orginal_loss:  tensor(16950.5430, device='cuda:0', grad_fn=<MseLossBackward0>)
[Step 40] Backward Propagation - Time: 10.0692s, Mem: -4416135168.00 B
x_adv.requires_grad:  True
pred_19.requires_grad, true_19.requires_grad:  True True
Autograd grad max:  tensor(126.1155, device='cuda:0')
Autograd grad min:  tensor(-141.9044, device='cuda:0')
Autograd grad mean:  tensor(0.0942, device='cuda:0')
[Step 40] PGD Update - Time: 0.0012s, Mem: 0.00 B

[Step 40] 完整步骤总时间: 18.382415s | 总显存: 0.00 B
[Step 40] 峰值显存: 6.22 GB

[Step 41] ============ 详细性能分析 ============
[模型部分] 总时间: 6.478566s | 显存: 4.12 GB

[0-9秒 PDE求解详细性能]
  t=0s - 时间: 0.000000s | 显存: 0.00 B
  t=1s - 时间: 0.415320s | 显存: 0.00 B
  t=2s - 时间: 0.490432s | 显存: 0.00 B
  t=3s - 时间: 0.552191s | 显存: 0.00 B
  t=4s - 时间: 0.628317s | 显存: 0.00 B
  t=5s - 时间: 0.707902s | 显存: 0.00 B
  t=6s - 时间: 0.797520s | 显存: 0.00 B
  t=7s - 时间: 0.848225s | 显存: 0.00 B
  t=8s - 时间: 0.963848s | 显存: 0.00 B
  t=9s - 时间: 1.054056s | 显存: 0.00 B

[19秒 PDE求解]
  t=19.0s - 时间: 1.826326s | 显存: 0.00 B

[PDE求解部分] 总时间: 1.826645s | 显存: 0.00 B

[本步骤总计] 时间: 8.305211s | 显存: 4.12 GB
orginal_loss:  tensor(16826.1562, device='cuda:0', grad_fn=<MseLossBackward0>)
[Step 41] Backward Propagation - Time: 9.9435s, Mem: -4416135168.00 B
x_adv.requires_grad:  True
pred_19.requires_grad, true_19.requires_grad:  True True
Autograd grad max:  tensor(128.0404, device='cuda:0')
Autograd grad min:  tensor(-144.1721, device='cuda:0')
Autograd grad mean:  tensor(0.1044, device='cuda:0')
[Step 41] PGD Update - Time: 0.0012s, Mem: 0.00 B

[Step 41] 完整步骤总时间: 18.254087s | 总显存: 0.00 B
[Step 41] 峰值显存: 6.22 GB

[Step 42] ============ 详细性能分析 ============
[模型部分] 总时间: 6.334537s | 显存: 4.12 GB

[0-9秒 PDE求解详细性能]
  t=0s - 时间: 0.000000s | 显存: 0.00 B
  t=1s - 时间: 0.374805s | 显存: 0.00 B
  t=2s - 时间: 0.460165s | 显存: 0.00 B
  t=3s - 时间: 0.545941s | 显存: 0.00 B
  t=4s - 时间: 0.624372s | 显存: 0.00 B
  t=5s - 时间: 0.700320s | 显存: 0.00 B
  t=6s - 时间: 0.807868s | 显存: 0.00 B
  t=7s - 时间: 0.849683s | 显存: 0.00 B
  t=8s - 时间: 0.935634s | 显存: 0.00 B
  t=9s - 时间: 1.014648s | 显存: 0.00 B

[19秒 PDE求解]
  t=19.0s - 时间: 1.790859s | 显存: 0.00 B

[PDE求解部分] 总时间: 1.791149s | 显存: 0.00 B

[本步骤总计] 时间: 8.125687s | 显存: 4.12 GB
orginal_loss:  tensor(16925.7285, device='cuda:0', grad_fn=<MseLossBackward0>)
[Step 42] Backward Propagation - Time: 9.8917s, Mem: -4416135168.00 B
x_adv.requires_grad:  True
pred_19.requires_grad, true_19.requires_grad:  True True
Autograd grad max:  tensor(131.7146, device='cuda:0')
Autograd grad min:  tensor(-150.2446, device='cuda:0')
Autograd grad mean:  tensor(0.1153, device='cuda:0')
[Step 42] PGD Update - Time: 0.0012s, Mem: 0.00 B

[Step 42] 完整步骤总时间: 18.022667s | 总显存: 0.00 B
[Step 42] 峰值显存: 6.22 GB

[Step 43] ============ 详细性能分析 ============
[模型部分] 总时间: 6.394659s | 显存: 4.12 GB

[0-9秒 PDE求解详细性能]
  t=0s - 时间: 0.000000s | 显存: 0.00 B
  t=1s - 时间: 0.367183s | 显存: 0.00 B
  t=2s - 时间: 0.437530s | 显存: 0.00 B
  t=3s - 时间: 0.530192s | 显存: 0.00 B
  t=4s - 时间: 0.657293s | 显存: 0.00 B
  t=5s - 时间: 0.700329s | 显存: 0.00 B
  t=6s - 时间: 0.800615s | 显存: 0.00 B
  t=7s - 时间: 0.885184s | 显存: 0.00 B
  t=8s - 时间: 0.955639s | 显存: 0.00 B
  t=9s - 时间: 1.039735s | 显存: 0.00 B

[19秒 PDE求解]
  t=19.0s - 时间: 1.805994s | 显存: 0.00 B

[PDE求解部分] 总时间: 1.806314s | 显存: 0.00 B

[本步骤总计] 时间: 8.200973s | 显存: 4.12 GB
orginal_loss:  tensor(17258.0137, device='cuda:0', grad_fn=<MseLossBackward0>)
[Step 43] Backward Propagation - Time: 10.9499s, Mem: -4416135168.00 B
x_adv.requires_grad:  True
pred_19.requires_grad, true_19.requires_grad:  True True
Autograd grad max:  tensor(137.5780, device='cuda:0')
Autograd grad min:  tensor(-160.3159, device='cuda:0')
Autograd grad mean:  tensor(0.1233, device='cuda:0')
[Step 43] PGD Update - Time: 0.0012s, Mem: 0.00 B

[Step 43] 完整步骤总时间: 19.156687s | 总显存: 0.00 B
[Step 43] 峰值显存: 6.22 GB

[Step 44] ============ 详细性能分析 ============
[模型部分] 总时间: 6.231503s | 显存: 4.12 GB

[0-9秒 PDE求解详细性能]
  t=0s - 时间: 0.000000s | 显存: 0.00 B
  t=1s - 时间: 0.365205s | 显存: 0.00 B
  t=2s - 时间: 0.457235s | 显存: 0.00 B
  t=3s - 时间: 0.539764s | 显存: 0.00 B
  t=4s - 时间: 0.620443s | 显存: 0.00 B
  t=5s - 时间: 0.718551s | 显存: 0.00 B
  t=6s - 时间: 0.762048s | 显存: 0.00 B
  t=7s - 时间: 0.833053s | 显存: 0.00 B
  t=8s - 时间: 0.924951s | 显存: 0.00 B
  t=9s - 时间: 0.989496s | 显存: 0.00 B

[19秒 PDE求解]
  t=19.0s - 时间: 1.854299s | 显存: 0.00 B

[PDE求解部分] 总时间: 1.854606s | 显存: 0.00 B

[本步骤总计] 时间: 8.086109s | 显存: 4.12 GB
orginal_loss:  tensor(17926.9473, device='cuda:0', grad_fn=<MseLossBackward0>)
[Step 44] Backward Propagation - Time: 9.8878s, Mem: -4416135168.00 B
x_adv.requires_grad:  True
pred_19.requires_grad, true_19.requires_grad:  True True
Autograd grad max:  tensor(146.4272, device='cuda:0')
Autograd grad min:  tensor(-172.8599, device='cuda:0')
Autograd grad mean:  tensor(0.1268, device='cuda:0')
[Step 44] PGD Update - Time: 0.0011s, Mem: 0.00 B

[Step 44] 完整步骤总时间: 17.979100s | 总显存: 0.00 B
[Step 44] 峰值显存: 6.22 GB

[Step 45] ============ 详细性能分析 ============
[模型部分] 总时间: 6.342425s | 显存: 4.12 GB

[0-9秒 PDE求解详细性能]
  t=0s - 时间: 0.000000s | 显存: 0.00 B
  t=1s - 时间: 0.369188s | 显存: 0.00 B
  t=2s - 时间: 0.443090s | 显存: 0.00 B
  t=3s - 时间: 0.539601s | 显存: 0.00 B
  t=4s - 时间: 0.639812s | 显存: 0.00 B
  t=5s - 时间: 0.721523s | 显存: 0.00 B
  t=6s - 时间: 0.769939s | 显存: 0.00 B
  t=7s - 时间: 0.855530s | 显存: 0.00 B
  t=8s - 时间: 0.926207s | 显存: 0.00 B
  t=9s - 时间: 1.056614s | 显存: 0.00 B

[19秒 PDE求解]
  t=19.0s - 时间: 1.795423s | 显存: 0.00 B

[PDE求解部分] 总时间: 1.795674s | 显存: 0.00 B

[本步骤总计] 时间: 8.138099s | 显存: 4.12 GB
orginal_loss:  tensor(18961.1406, device='cuda:0', grad_fn=<MseLossBackward0>)
[Step 45] Backward Propagation - Time: 9.8178s, Mem: -4416135168.00 B
x_adv.requires_grad:  True
pred_19.requires_grad, true_19.requires_grad:  True True
Autograd grad max:  tensor(153.0220, device='cuda:0')
Autograd grad min:  tensor(-182.6175, device='cuda:0')
Autograd grad mean:  tensor(0.1305, device='cuda:0')
[Step 45] PGD Update - Time: 0.0012s, Mem: 0.00 B

[Step 45] 完整步骤总时间: 17.960883s | 总显存: 0.00 B
[Step 45] 峰值显存: 6.22 GB

[Step 46] ============ 详细性能分析 ============
[模型部分] 总时间: 6.257336s | 显存: 4.12 GB

[0-9秒 PDE求解详细性能]
  t=0s - 时间: 0.000000s | 显存: 0.00 B
  t=1s - 时间: 0.404653s | 显存: 0.00 B
  t=2s - 时间: 0.460506s | 显存: 0.00 B
  t=3s - 时间: 0.541271s | 显存: 0.00 B
  t=4s - 时间: 0.611336s | 显存: 0.00 B
  t=5s - 时间: 0.687490s | 显存: 0.00 B
  t=6s - 时间: 0.761912s | 显存: 0.00 B
  t=7s - 时间: 0.843647s | 显存: 0.00 B
  t=8s - 时间: 0.919645s | 显存: 0.00 B
  t=9s - 时间: 1.006209s | 显存: 0.00 B

[19秒 PDE求解]
  t=19.0s - 时间: 1.813109s | 显存: 0.00 B

[PDE求解部分] 总时间: 1.813416s | 显存: 0.00 B

[本步骤总计] 时间: 8.070752s | 显存: 4.12 GB
orginal_loss:  tensor(20130.1523, device='cuda:0', grad_fn=<MseLossBackward0>)
[Step 46] Backward Propagation - Time: 9.8379s, Mem: -4416135168.00 B
x_adv.requires_grad:  True
pred_19.requires_grad, true_19.requires_grad:  True True
Autograd grad max:  tensor(151.6527, device='cuda:0')
Autograd grad min:  tensor(-182.3987, device='cuda:0')
Autograd grad mean:  tensor(0.1396, device='cuda:0')
[Step 46] PGD Update - Time: 0.0012s, Mem: 0.00 B

[Step 46] 完整步骤总时间: 17.914671s | 总显存: 0.00 B
[Step 46] 峰值显存: 6.22 GB

[Step 47] ============ 详细性能分析 ============
[模型部分] 总时间: 6.372712s | 显存: 4.12 GB

[0-9秒 PDE求解详细性能]
  t=0s - 时间: 0.000000s | 显存: 0.00 B
  t=1s - 时间: 0.414170s | 显存: 0.00 B
  t=2s - 时间: 0.495600s | 显存: 0.00 B
  t=3s - 时间: 0.526366s | 显存: 0.00 B
  t=4s - 时间: 0.604079s | 显存: 0.00 B
  t=5s - 时间: 0.778263s | 显存: 0.00 B
  t=6s - 时间: 0.773084s | 显存: 0.00 B
  t=7s - 时间: 0.832607s | 显存: 0.00 B
  t=8s - 时间: 0.926602s | 显存: 0.00 B
  t=9s - 时间: 1.001441s | 显存: 0.00 B

[19秒 PDE求解]
  t=19.0s - 时间: 1.830556s | 显存: 0.00 B

[PDE求解部分] 总时间: 1.830852s | 显存: 0.00 B

[本步骤总计] 时间: 8.203564s | 显存: 4.12 GB
orginal_loss:  tensor(21027.7852, device='cuda:0', grad_fn=<MseLossBackward0>)
[Step 47] Backward Propagation - Time: 10.0971s, Mem: -4416135168.00 B
x_adv.requires_grad:  True
pred_19.requires_grad, true_19.requires_grad:  True True
Autograd grad max:  tensor(142.2092, device='cuda:0')
Autograd grad min:  tensor(-172.5595, device='cuda:0')
Autograd grad mean:  tensor(0.1489, device='cuda:0')
[Step 47] PGD Update - Time: 0.0012s, Mem: 0.00 B

[Step 47] 完整步骤总时间: 18.306261s | 总显存: 0.00 B
[Step 47] 峰值显存: 6.22 GB

[Step 48] ============ 详细性能分析 ============
[模型部分] 总时间: 6.275678s | 显存: 4.12 GB

[0-9秒 PDE求解详细性能]
  t=0s - 时间: 0.000000s | 显存: 0.00 B
  t=1s - 时间: 0.407479s | 显存: 0.00 B
  t=2s - 时间: 0.444535s | 显存: 0.00 B
  t=3s - 时间: 0.524444s | 显存: 0.00 B
  t=4s - 时间: 0.609499s | 显存: 0.00 B
  t=5s - 时间: 0.698106s | 显存: 0.00 B
  t=6s - 时间: 0.795934s | 显存: 0.00 B
  t=7s - 时间: 0.859916s | 显存: 0.00 B
  t=8s - 时间: 0.920154s | 显存: 0.00 B
  t=9s - 时间: 0.994499s | 显存: 0.00 B

[19秒 PDE求解]
  t=19.0s - 时间: 1.819943s | 显存: 0.00 B

[PDE求解部分] 总时间: 1.820254s | 显存: 0.00 B

[本步骤总计] 时间: 8.095932s | 显存: 4.12 GB
orginal_loss:  tensor(21269.2676, device='cuda:0', grad_fn=<MseLossBackward0>)
[Step 48] Backward Propagation - Time: 9.9789s, Mem: -4416135168.00 B
x_adv.requires_grad:  True
pred_19.requires_grad, true_19.requires_grad:  True True
Autograd grad max:  tensor(127.7702, device='cuda:0')
Autograd grad min:  tensor(-158.7827, device='cuda:0')
Autograd grad mean:  tensor(0.1602, device='cuda:0')
[Step 48] PGD Update - Time: 0.0012s, Mem: 0.00 B

[Step 48] 完整步骤总时间: 18.080001s | 总显存: 0.00 B
[Step 48] 峰值显存: 6.22 GB

[Step 49] ============ 详细性能分析 ============
[模型部分] 总时间: 6.430888s | 显存: 4.12 GB

[0-9秒 PDE求解详细性能]
  t=0s - 时间: 0.000000s | 显存: 0.00 B
  t=1s - 时间: 0.367488s | 显存: 0.00 B
  t=2s - 时间: 0.448649s | 显存: 0.00 B
  t=3s - 时间: 0.576117s | 显存: 0.00 B
  t=4s - 时间: 0.650456s | 显存: 0.00 B
  t=5s - 时间: 0.715133s | 显存: 0.00 B
  t=6s - 时间: 0.811419s | 显存: 0.00 B
  t=7s - 时间: 0.888991s | 显存: 0.00 B
  t=8s - 时间: 0.941719s | 显存: 0.00 B
  t=9s - 时间: 1.010063s | 显存: 0.00 B

[19秒 PDE求解]
  t=19.0s - 时间: 1.848084s | 显存: 0.00 B

[PDE求解部分] 总时间: 1.848422s | 显存: 0.00 B

[本步骤总计] 时间: 8.279310s | 显存: 4.12 GB
orginal_loss:  tensor(20490.8086, device='cuda:0', grad_fn=<MseLossBackward0>)
[Step 49] Backward Propagation - Time: 9.9644s, Mem: -4416135168.00 B
x_adv.requires_grad:  True
pred_19.requires_grad, true_19.requires_grad:  True True
Autograd grad max:  tensor(114.1111, device='cuda:0')
Autograd grad min:  tensor(-144.8064, device='cuda:0')
Autograd grad mean:  tensor(0.1770, device='cuda:0')
[Step 49] PGD Update - Time: 0.0010s, Mem: 0.00 B

[Step 49] 完整步骤总时间: 18.249501s | 总显存: 0.00 B
[Step 49] 峰值显存: 6.22 GB

[Step 50] ============ 详细性能分析 ============
[模型部分] 总时间: 6.586456s | 显存: 4.12 GB

[0-9秒 PDE求解详细性能]
  t=0s - 时间: 0.000000s | 显存: 0.00 B
  t=1s - 时间: 0.423659s | 显存: 0.00 B
  t=2s - 时间: 0.513606s | 显存: 0.00 B
  t=3s - 时间: 0.581786s | 显存: 0.00 B
  t=4s - 时间: 0.654714s | 显存: 0.00 B
  t=5s - 时间: 0.717232s | 显存: 0.00 B
  t=6s - 时间: 0.803463s | 显存: 0.00 B
  t=7s - 时间: 0.863828s | 显存: 0.00 B
  t=8s - 时间: 0.959733s | 显存: 0.00 B
  t=9s - 时间: 1.047619s | 显存: 0.00 B

[19秒 PDE求解]
  t=19.0s - 时间: 1.858869s | 显存: 0.00 B

[PDE求解部分] 总时间: 1.859211s | 显存: 0.00 B

[本步骤总计] 时间: 8.445667s | 显存: 4.12 GB
orginal_loss:  tensor(18821.3984, device='cuda:0', grad_fn=<MseLossBackward0>)
[Step 50] Backward Propagation - Time: 10.0741s, Mem: -4416135168.00 B
x_adv.requires_grad:  True
pred_19.requires_grad, true_19.requires_grad:  True True
Autograd grad max:  tensor(108.5058, device='cuda:0')
Autograd grad min:  tensor(-132.1515, device='cuda:0')
Autograd grad mean:  tensor(0.1844, device='cuda:0')
[Step 50] PGD Update - Time: 0.0011s, Mem: 0.00 B

[Step 50] 完整步骤总时间: 18.524980s | 总显存: 0.00 B
[Step 50] 峰值显存: 6.22 GB

[Step 51] ============ 详细性能分析 ============
[模型部分] 总时间: 6.377554s | 显存: 4.12 GB

[0-9秒 PDE求解详细性能]
  t=0s - 时间: 0.000000s | 显存: 0.00 B
  t=1s - 时间: 0.411524s | 显存: 0.00 B
  t=2s - 时间: 0.473732s | 显存: 0.00 B
  t=3s - 时间: 0.533427s | 显存: 0.00 B
  t=4s - 时间: 0.610157s | 显存: 0.00 B
  t=5s - 时间: 0.687214s | 显存: 0.00 B
  t=6s - 时间: 0.786457s | 显存: 0.00 B
  t=7s - 时间: 0.886350s | 显存: 0.00 B
  t=8s - 时间: 0.925893s | 显存: 0.00 B
  t=9s - 时间: 1.041548s | 显存: 0.00 B

[19秒 PDE求解]
  t=19.0s - 时间: 3.247517s | 显存: 0.00 B

[PDE求解部分] 总时间: 3.247831s | 显存: 0.00 B

[本步骤总计] 时间: 9.625384s | 显存: 4.12 GB
orginal_loss:  tensor(16912.0352, device='cuda:0', grad_fn=<MseLossBackward0>)
[Step 51] Backward Propagation - Time: 10.0205s, Mem: -4416135168.00 B
x_adv.requires_grad:  True
pred_19.requires_grad, true_19.requires_grad:  True True
Autograd grad max:  tensor(103.2123, device='cuda:0')
Autograd grad min:  tensor(-121.4658, device='cuda:0')
Autograd grad mean:  tensor(0.1739, device='cuda:0')
[Step 51] PGD Update - Time: 0.0012s, Mem: 0.00 B

[Step 51] 完整步骤总时间: 19.651269s | 总显存: 0.00 B
[Step 51] 峰值显存: 6.22 GB

[Step 52] ============ 详细性能分析 ============
[模型部分] 总时间: 6.423717s | 显存: 4.12 GB

[0-9秒 PDE求解详细性能]
  t=0s - 时间: 0.000000s | 显存: 0.00 B
  t=1s - 时间: 0.411561s | 显存: 0.00 B
  t=2s - 时间: 0.486378s | 显存: 0.00 B
  t=3s - 时间: 0.543589s | 显存: 0.00 B
  t=4s - 时间: 0.611132s | 显存: 0.00 B
  t=5s - 时间: 0.709124s | 显存: 0.00 B
  t=6s - 时间: 0.767410s | 显存: 0.00 B
  t=7s - 时间: 0.862041s | 显存: 0.00 B
  t=8s - 时间: 0.971294s | 显存: 0.00 B
  t=9s - 时间: 1.040353s | 显存: 0.00 B

[19秒 PDE求解]
  t=19.0s - 时间: 1.846686s | 显存: 0.00 B

[PDE求解部分] 总时间: 1.846978s | 显存: 0.00 B

[本步骤总计] 时间: 8.270695s | 显存: 4.12 GB
orginal_loss:  tensor(15184.8906, device='cuda:0', grad_fn=<MseLossBackward0>)
[Step 52] Backward Propagation - Time: 9.8711s, Mem: -4416135168.00 B
x_adv.requires_grad:  True
pred_19.requires_grad, true_19.requires_grad:  True True
Autograd grad max:  tensor(98.8179, device='cuda:0')
Autograd grad min:  tensor(-112.1411, device='cuda:0')
Autograd grad mean:  tensor(0.1493, device='cuda:0')
[Step 52] PGD Update - Time: 0.0012s, Mem: 0.00 B

[Step 52] 完整步骤总时间: 18.147733s | 总显存: 0.00 B
[Step 52] 峰值显存: 6.22 GB

[Step 53] ============ 详细性能分析 ============
[模型部分] 总时间: 6.426297s | 显存: 4.12 GB

[0-9秒 PDE求解详细性能]
  t=0s - 时间: 0.000000s | 显存: 0.00 B
  t=1s - 时间: 0.416446s | 显存: 0.00 B
  t=2s - 时间: 0.491426s | 显存: 0.00 B
  t=3s - 时间: 0.577034s | 显存: 0.00 B
  t=4s - 时间: 0.621695s | 显存: 0.00 B
  t=5s - 时间: 0.688513s | 显存: 0.00 B
  t=6s - 时间: 0.774858s | 显存: 0.00 B
  t=7s - 时间: 0.891052s | 显存: 0.00 B
  t=8s - 时间: 0.934875s | 显存: 0.00 B
  t=9s - 时间: 1.009693s | 显存: 0.00 B

[19秒 PDE求解]
  t=19.0s - 时间: 1.807040s | 显存: 0.00 B

[PDE求解部分] 总时间: 1.807375s | 显存: 0.00 B

[本步骤总计] 时间: 8.233673s | 显存: 4.12 GB
orginal_loss:  tensor(13861.1348, device='cuda:0', grad_fn=<MseLossBackward0>)
[Step 53] Backward Propagation - Time: 10.1098s, Mem: -4416135168.00 B
x_adv.requires_grad:  True
pred_19.requires_grad, true_19.requires_grad:  True True
Autograd grad max:  tensor(94.2555, device='cuda:0')
Autograd grad min:  tensor(-104.9049, device='cuda:0')
Autograd grad mean:  tensor(0.1138, device='cuda:0')
[Step 53] PGD Update - Time: 0.0011s, Mem: 0.00 B

[Step 53] 完整步骤总时间: 18.348917s | 总显存: 0.00 B
[Step 53] 峰值显存: 6.22 GB

[Step 54] ============ 详细性能分析 ============
[模型部分] 总时间: 6.397873s | 显存: 4.12 GB

[0-9秒 PDE求解详细性能]
  t=0s - 时间: 0.000000s | 显存: 0.00 B
  t=1s - 时间: 0.407696s | 显存: 0.00 B
  t=2s - 时间: 0.457360s | 显存: 0.00 B
  t=3s - 时间: 0.525625s | 显存: 0.00 B
  t=4s - 时间: 0.605456s | 显存: 0.00 B
  t=5s - 时间: 0.719412s | 显存: 0.00 B
  t=6s - 时间: 0.776706s | 显存: 0.00 B
  t=7s - 时间: 0.880252s | 显存: 0.00 B
  t=8s - 时间: 0.964885s | 显存: 0.00 B
  t=9s - 时间: 1.039500s | 显存: 0.00 B

[19秒 PDE求解]
  t=19.0s - 时间: 1.832774s | 显存: 0.00 B

[PDE求解部分] 总时间: 1.833066s | 显存: 0.00 B

[本步骤总计] 时间: 8.230939s | 显存: 4.12 GB
orginal_loss:  tensor(12682.8125, device='cuda:0', grad_fn=<MseLossBackward0>)
[Step 54] Backward Propagation - Time: 9.9413s, Mem: -4416135168.00 B
x_adv.requires_grad:  True
pred_19.requires_grad, true_19.requires_grad:  True True
Autograd grad max:  tensor(88.9174, device='cuda:0')
Autograd grad min:  tensor(-96.6374, device='cuda:0')
Autograd grad mean:  tensor(0.0861, device='cuda:0')
[Step 54] PGD Update - Time: 0.0012s, Mem: 0.00 B

[Step 54] 完整步骤总时间: 18.177436s | 总显存: 0.00 B
[Step 54] 峰值显存: 6.22 GB

[Step 55] ============ 详细性能分析 ============
[模型部分] 总时间: 6.430921s | 显存: 4.12 GB

[0-9秒 PDE求解详细性能]
  t=0s - 时间: 0.000000s | 显存: 0.00 B
  t=1s - 时间: 0.381356s | 显存: 0.00 B
  t=2s - 时间: 0.465062s | 显存: 0.00 B
  t=3s - 时间: 0.549963s | 显存: 0.00 B
  t=4s - 时间: 0.637373s | 显存: 0.00 B
  t=5s - 时间: 0.688903s | 显存: 0.00 B
  t=6s - 时间: 0.806683s | 显存: 0.00 B
  t=7s - 时间: 0.868054s | 显存: 0.00 B
  t=8s - 时间: 0.970038s | 显存: 0.00 B
  t=9s - 时间: 1.042865s | 显存: 0.00 B

[19秒 PDE求解]
  t=19.0s - 时间: 1.819682s | 显存: 0.00 B

[PDE求解部分] 总时间: 1.820004s | 显存: 0.00 B

[本步骤总计] 时间: 8.250925s | 显存: 4.12 GB
orginal_loss:  tensor(11489.1211, device='cuda:0', grad_fn=<MseLossBackward0>)
[Step 55] Backward Propagation - Time: 10.0671s, Mem: -4416135168.00 B
x_adv.requires_grad:  True
pred_19.requires_grad, true_19.requires_grad:  True True
Autograd grad max:  tensor(78.1465, device='cuda:0')
Autograd grad min:  tensor(-83.7273, device='cuda:0')
Autograd grad mean:  tensor(0.0679, device='cuda:0')
[Step 55] PGD Update - Time: 0.0011s, Mem: 0.00 B

[Step 55] 完整步骤总时间: 18.323710s | 总显存: 0.00 B
[Step 55] 峰值显存: 6.22 GB

[Step 56] ============ 详细性能分析 ============
[模型部分] 总时间: 6.474938s | 显存: 4.12 GB

[0-9秒 PDE求解详细性能]
  t=0s - 时间: 0.000000s | 显存: 0.00 B
  t=1s - 时间: 0.417951s | 显存: 0.00 B
  t=2s - 时间: 0.482459s | 显存: 0.00 B
  t=3s - 时间: 0.558724s | 显存: 0.00 B
  t=4s - 时间: 0.647945s | 显存: 0.00 B
  t=5s - 时间: 0.733109s | 显存: 0.00 B
  t=6s - 时间: 0.762553s | 显存: 0.00 B
  t=7s - 时间: 0.847587s | 显存: 0.00 B
  t=8s - 时间: 0.952822s | 显存: 0.00 B
  t=9s - 时间: 1.051034s | 显存: 0.00 B

[19秒 PDE求解]
  t=19.0s - 时间: 1.849799s | 显存: 0.00 B

[PDE求解部分] 总时间: 1.850103s | 显存: 0.00 B

[本步骤总计] 时间: 8.325041s | 显存: 4.12 GB
orginal_loss:  tensor(10818.3535, device='cuda:0', grad_fn=<MseLossBackward0>)
[Step 56] Backward Propagation - Time: 10.0266s, Mem: -4416135168.00 B
x_adv.requires_grad:  True
pred_19.requires_grad, true_19.requires_grad:  True True
Autograd grad max:  tensor(68.7078, device='cuda:0')
Autograd grad min:  tensor(-70.8127, device='cuda:0')
Autograd grad mean:  tensor(0.0452, device='cuda:0')
[Step 56] PGD Update - Time: 0.0012s, Mem: 0.00 B

[Step 56] 完整步骤总时间: 18.357276s | 总显存: 0.00 B
[Step 56] 峰值显存: 6.22 GB

[Step 57] ============ 详细性能分析 ============
[模型部分] 总时间: 6.359998s | 显存: 4.12 GB

[0-9秒 PDE求解详细性能]
  t=0s - 时间: 0.000000s | 显存: 0.00 B
  t=1s - 时间: 0.380596s | 显存: 0.00 B
  t=2s - 时间: 0.449760s | 显存: 0.00 B
  t=3s - 时间: 0.541342s | 显存: 0.00 B
  t=4s - 时间: 0.629345s | 显存: 0.00 B
  t=5s - 时间: 0.710447s | 显存: 0.00 B
  t=6s - 时间: 0.761710s | 显存: 0.00 B
  t=7s - 时间: 0.891031s | 显存: 0.00 B
  t=8s - 时间: 0.959198s | 显存: 0.00 B
  t=9s - 时间: 1.015412s | 显存: 0.00 B

[19秒 PDE求解]
  t=19.0s - 时间: 1.802607s | 显存: 0.00 B

[PDE求解部分] 总时间: 1.802929s | 显存: 0.00 B

[本步骤总计] 时间: 8.162926s | 显存: 4.12 GB
orginal_loss:  tensor(10737.2178, device='cuda:0', grad_fn=<MseLossBackward0>)
[Step 57] Backward Propagation - Time: 9.9289s, Mem: -4416135168.00 B
x_adv.requires_grad:  True
pred_19.requires_grad, true_19.requires_grad:  True True
Autograd grad max:  tensor(57.9860, device='cuda:0')
Autograd grad min:  tensor(-57.7960, device='cuda:0')
Autograd grad mean:  tensor(0.0273, device='cuda:0')
[Step 57] PGD Update - Time: 0.0014s, Mem: 0.00 B

[Step 57] 完整步骤总时间: 18.097351s | 总显存: 0.00 B
[Step 57] 峰值显存: 6.22 GB

[Step 58] ============ 详细性能分析 ============
[模型部分] 总时间: 6.464723s | 显存: 4.12 GB

[0-9秒 PDE求解详细性能]
  t=0s - 时间: 0.000000s | 显存: 0.00 B
  t=1s - 时间: 0.421675s | 显存: 0.00 B
  t=2s - 时间: 0.490568s | 显存: 0.00 B
  t=3s - 时间: 0.578109s | 显存: 0.00 B
  t=4s - 时间: 0.623991s | 显存: 0.00 B
  t=5s - 时间: 0.691776s | 显存: 0.00 B
  t=6s - 时间: 0.785971s | 显存: 0.00 B
  t=7s - 时间: 0.851172s | 显存: 0.00 B
  t=8s - 时间: 0.940699s | 显存: 0.00 B
  t=9s - 时间: 1.059906s | 显存: 0.00 B

[19秒 PDE求解]
  t=19.0s - 时间: 1.830435s | 显存: 0.00 B

[PDE求解部分] 总时间: 1.830740s | 显存: 0.00 B

[本步骤总计] 时间: 8.295463s | 显存: 4.12 GB
orginal_loss:  tensor(10845.8096, device='cuda:0', grad_fn=<MseLossBackward0>)
[Step 58] Backward Propagation - Time: 10.0001s, Mem: -4416135168.00 B
x_adv.requires_grad:  True
pred_19.requires_grad, true_19.requires_grad:  True True
Autograd grad max:  tensor(56.2986, device='cuda:0')
Autograd grad min:  tensor(-56.8237, device='cuda:0')
Autograd grad mean:  tensor(0.0218, device='cuda:0')
[Step 58] PGD Update - Time: 0.0013s, Mem: 0.00 B

[Step 58] 完整步骤总时间: 18.301617s | 总显存: 0.00 B
[Step 58] 峰值显存: 6.22 GB

[Step 59] ============ 详细性能分析 ============
[模型部分] 总时间: 6.440395s | 显存: 4.12 GB

[0-9秒 PDE求解详细性能]
  t=0s - 时间: 0.000000s | 显存: 0.00 B
  t=1s - 时间: 0.410538s | 显存: 0.00 B
  t=2s - 时间: 0.494338s | 显存: 0.00 B
  t=3s - 时间: 0.554226s | 显存: 0.00 B
  t=4s - 时间: 0.595638s | 显存: 0.00 B
  t=5s - 时间: 0.686131s | 显存: 0.00 B
  t=6s - 时间: 0.800282s | 显存: 0.00 B
  t=7s - 时间: 0.880790s | 显存: 0.00 B
  t=8s - 时间: 0.962939s | 显存: 0.00 B
  t=9s - 时间: 1.034518s | 显存: 0.00 B

[19秒 PDE求解]
  t=19.0s - 时间: 1.806655s | 显存: 0.00 B

[PDE求解部分] 总时间: 1.807030s | 显存: 0.00 B

[本步骤总计] 时间: 8.247424s | 显存: 4.12 GB
orginal_loss:  tensor(11312.1113, device='cuda:0', grad_fn=<MseLossBackward0>)
[Step 59] Backward Propagation - Time: 11.3225s, Mem: -4416135168.00 B
x_adv.requires_grad:  True
pred_19.requires_grad, true_19.requires_grad:  True True
Autograd grad max:  tensor(59.5590, device='cuda:0')
Autograd grad min:  tensor(-62.0864, device='cuda:0')
Autograd grad mean:  tensor(0.0202, device='cuda:0')
[Step 59] PGD Update - Time: 0.0013s, Mem: 0.00 B

[Step 59] 完整步骤总时间: 19.575689s | 总显存: 0.00 B
[Step 59] 峰值显存: 6.22 GB

[Step 60] ============ 详细性能分析 ============
[模型部分] 总时间: 6.473493s | 显存: 4.12 GB

[0-9秒 PDE求解详细性能]
  t=0s - 时间: 0.000000s | 显存: 0.00 B
  t=1s - 时间: 0.397549s | 显存: 0.00 B
  t=2s - 时间: 0.497365s | 显存: 0.00 B
  t=3s - 时间: 0.568190s | 显存: 0.00 B
  t=4s - 时间: 0.655710s | 显存: 0.00 B
  t=5s - 时间: 0.703118s | 显存: 0.00 B
  t=6s - 时间: 0.809040s | 显存: 0.00 B
  t=7s - 时间: 0.852008s | 显存: 0.00 B
  t=8s - 时间: 0.930127s | 显存: 0.00 B
  t=9s - 时间: 1.039151s | 显存: 0.00 B

[19秒 PDE求解]
  t=19.0s - 时间: 1.820175s | 显存: 0.00 B

[PDE求解部分] 总时间: 1.820416s | 显存: 0.00 B

[本步骤总计] 时间: 8.293909s | 显存: 4.12 GB
orginal_loss:  tensor(12166.0371, device='cuda:0', grad_fn=<MseLossBackward0>)
[Step 60] Backward Propagation - Time: 9.9771s, Mem: -4416135168.00 B
x_adv.requires_grad:  True
pred_19.requires_grad, true_19.requires_grad:  True True
Autograd grad max:  tensor(66.4028, device='cuda:0')
Autograd grad min:  tensor(-74.1345, device='cuda:0')
Autograd grad mean:  tensor(0.0204, device='cuda:0')
[Step 60] PGD Update - Time: 0.0012s, Mem: 0.00 B

[Step 60] 完整步骤总时间: 18.276155s | 总显存: 0.00 B
[Step 60] 峰值显存: 6.22 GB

[Step 61] ============ 详细性能分析 ============
[模型部分] 总时间: 6.387749s | 显存: 4.12 GB

[0-9秒 PDE求解详细性能]
  t=0s - 时间: 0.000000s | 显存: 0.00 B
  t=1s - 时间: 0.373881s | 显存: 0.00 B
  t=2s - 时间: 0.454766s | 显存: 0.00 B
  t=3s - 时间: 0.521504s | 显存: 0.00 B
  t=4s - 时间: 0.609490s | 显存: 0.00 B
  t=5s - 时间: 0.719009s | 显存: 0.00 B
  t=6s - 时间: 0.805613s | 显存: 0.00 B
  t=7s - 时间: 0.883968s | 显存: 0.00 B
  t=8s - 时间: 0.961993s | 显存: 0.00 B
  t=9s - 时间: 1.036627s | 显存: 0.00 B

[19秒 PDE求解]
  t=19.0s - 时间: 1.850883s | 显存: 0.00 B

[PDE求解部分] 总时间: 1.851173s | 显存: 0.00 B

[本步骤总计] 时间: 8.238922s | 显存: 4.12 GB
orginal_loss:  tensor(13137.5938, device='cuda:0', grad_fn=<MseLossBackward0>)
[Step 61] Backward Propagation - Time: 9.9470s, Mem: -4416135168.00 B
x_adv.requires_grad:  True
pred_19.requires_grad, true_19.requires_grad:  True True
Autograd grad max:  tensor(76.1969, device='cuda:0')
Autograd grad min:  tensor(-98.8293, device='cuda:0')
Autograd grad mean:  tensor(0.0228, device='cuda:0')
[Step 61] PGD Update - Time: 0.0012s, Mem: 0.00 B

[Step 61] 完整步骤总时间: 18.191792s | 总显存: 0.00 B
[Step 61] 峰值显存: 6.22 GB

[Step 62] ============ 详细性能分析 ============
[模型部分] 总时间: 6.445764s | 显存: 4.12 GB

[0-9秒 PDE求解详细性能]
  t=0s - 时间: 0.000000s | 显存: 0.00 B
  t=1s - 时间: 0.392737s | 显存: 0.00 B
  t=2s - 时间: 0.449487s | 显存: 0.00 B
  t=3s - 时间: 0.541962s | 显存: 0.00 B
  t=4s - 时间: 0.621214s | 显存: 0.00 B
  t=5s - 时间: 0.736144s | 显存: 0.00 B
  t=6s - 时间: 0.784035s | 显存: 0.00 B
  t=7s - 时间: 0.868097s | 显存: 0.00 B
  t=8s - 时间: 0.972165s | 显存: 0.00 B
  t=9s - 时间: 1.058469s | 显存: 0.00 B

[19秒 PDE求解]
  t=19.0s - 时间: 1.810829s | 显存: 0.00 B

[PDE求解部分] 总时间: 1.811185s | 显存: 0.00 B

[本步骤总计] 时间: 8.256949s | 显存: 4.12 GB
orginal_loss:  tensor(14059.7500, device='cuda:0', grad_fn=<MseLossBackward0>)
[Step 62] Backward Propagation - Time: 10.0251s, Mem: -4416135168.00 B
x_adv.requires_grad:  True
pred_19.requires_grad, true_19.requires_grad:  True True
Autograd grad max:  tensor(87.8816, device='cuda:0')
Autograd grad min:  tensor(-126.4349, device='cuda:0')
Autograd grad mean:  tensor(0.0262, device='cuda:0')
[Step 62] PGD Update - Time: 0.0013s, Mem: 0.00 B

[Step 62] 完整步骤总时间: 18.287562s | 总显存: 0.00 B
[Step 62] 峰值显存: 6.22 GB

[Step 63] ============ 详细性能分析 ============
[模型部分] 总时间: 6.490476s | 显存: 4.12 GB

[0-9秒 PDE求解详细性能]
  t=0s - 时间: 0.000000s | 显存: 0.00 B
  t=1s - 时间: 0.389600s | 显存: 0.00 B
  t=2s - 时间: 0.492233s | 显存: 0.00 B
  t=3s - 时间: 0.573937s | 显存: 0.00 B
  t=4s - 时间: 0.652500s | 显存: 0.00 B
  t=5s - 时间: 0.728137s | 显存: 0.00 B
  t=6s - 时间: 0.810540s | 显存: 0.00 B
  t=7s - 时间: 0.841369s | 显存: 0.00 B
  t=8s - 时间: 0.928544s | 显存: 0.00 B
  t=9s - 时间: 1.052138s | 显存: 0.00 B

[19秒 PDE求解]
  t=19.0s - 时间: 1.818744s | 显存: 0.00 B

[PDE求解部分] 总时间: 1.819053s | 显存: 0.00 B

[本步骤总计] 时间: 8.309529s | 显存: 4.12 GB
orginal_loss:  tensor(14940.4746, device='cuda:0', grad_fn=<MseLossBackward0>)
[Step 63] Backward Propagation - Time: 9.9561s, Mem: -4416135168.00 B
x_adv.requires_grad:  True
pred_19.requires_grad, true_19.requires_grad:  True True
Autograd grad max:  tensor(99.0304, device='cuda:0')
Autograd grad min:  tensor(-153.3130, device='cuda:0')
Autograd grad mean:  tensor(0.0270, device='cuda:0')
[Step 63] PGD Update - Time: 0.0013s, Mem: 0.00 B

[Step 63] 完整步骤总时间: 18.271231s | 总显存: 0.00 B
[Step 63] 峰值显存: 6.22 GB

[Step 64] ============ 详细性能分析 ============
[模型部分] 总时间: 6.444707s | 显存: 4.12 GB

[0-9秒 PDE求解详细性能]
  t=0s - 时间: 0.000000s | 显存: 0.00 B
  t=1s - 时间: 0.420959s | 显存: 0.00 B
  t=2s - 时间: 0.489729s | 显存: 0.00 B
  t=3s - 时间: 0.542790s | 显存: 0.00 B
  t=4s - 时间: 0.613944s | 显存: 0.00 B
  t=5s - 时间: 0.682912s | 显存: 0.00 B
  t=6s - 时间: 0.805505s | 显存: 0.00 B
  t=7s - 时间: 0.878226s | 显存: 0.00 B
  t=8s - 时间: 0.944693s | 显存: 0.00 B
  t=9s - 时间: 1.045290s | 显存: 0.00 B

[19秒 PDE求解]
  t=19.0s - 时间: 1.814035s | 显存: 0.00 B

[PDE求解部分] 总时间: 1.814374s | 显存: 0.00 B

[本步骤总计] 时间: 8.259082s | 显存: 4.12 GB
orginal_loss:  tensor(15851.5039, device='cuda:0', grad_fn=<MseLossBackward0>)
[Step 64] Backward Propagation - Time: 9.9943s, Mem: -4416135168.00 B
x_adv.requires_grad:  True
pred_19.requires_grad, true_19.requires_grad:  True True
Autograd grad max:  tensor(107.6407, device='cuda:0')
Autograd grad min:  tensor(-176.3186, device='cuda:0')
Autograd grad mean:  tensor(0.0229, device='cuda:0')
[Step 64] PGD Update - Time: 0.0013s, Mem: 0.00 B

[Step 64] 完整步骤总时间: 18.259536s | 总显存: 0.00 B
[Step 64] 峰值显存: 6.22 GB

[Step 65] ============ 详细性能分析 ============
[模型部分] 总时间: 6.545530s | 显存: 4.12 GB

[0-9秒 PDE求解详细性能]
  t=0s - 时间: 0.000000s | 显存: 0.00 B
  t=1s - 时间: 0.412997s | 显存: 0.00 B
  t=2s - 时间: 0.499186s | 显存: 0.00 B
  t=3s - 时间: 0.574955s | 显存: 0.00 B
  t=4s - 时间: 0.654073s | 显存: 0.00 B
  t=5s - 时间: 0.726316s | 显存: 0.00 B
  t=6s - 时间: 0.799103s | 显存: 0.00 B
  t=7s - 时间: 0.882574s | 显存: 0.00 B
  t=8s - 时间: 0.971052s | 显存: 0.00 B
  t=9s - 时间: 1.004575s | 显存: 0.00 B

[19秒 PDE求解]
  t=19.0s - 时间: 1.836833s | 显存: 0.00 B

[PDE求解部分] 总时间: 1.837292s | 显存: 0.00 B

[本步骤总计] 时间: 8.382822s | 显存: 4.12 GB
orginal_loss:  tensor(16870.3789, device='cuda:0', grad_fn=<MseLossBackward0>)
[Step 65] Backward Propagation - Time: 10.1274s, Mem: -4416135168.00 B
x_adv.requires_grad:  True
pred_19.requires_grad, true_19.requires_grad:  True True
Autograd grad max:  tensor(111.5820, device='cuda:0')
Autograd grad min:  tensor(-191.3401, device='cuda:0')
Autograd grad mean:  tensor(0.0173, device='cuda:0')
[Step 65] PGD Update - Time: 0.0014s, Mem: 0.00 B

[Step 65] 完整步骤总时间: 18.516004s | 总显存: 0.00 B
[Step 65] 峰值显存: 6.22 GB

[Step 66] ============ 详细性能分析 ============
[模型部分] 总时间: 6.499152s | 显存: 4.12 GB

[0-9秒 PDE求解详细性能]
  t=0s - 时间: 0.000000s | 显存: 0.00 B
  t=1s - 时间: 0.381332s | 显存: 0.00 B
  t=2s - 时间: 0.466146s | 显存: 0.00 B
  t=3s - 时间: 0.583684s | 显存: 0.00 B
  t=4s - 时间: 0.672732s | 显存: 0.00 B
  t=5s - 时间: 0.717862s | 显存: 0.00 B
  t=6s - 时间: 0.809338s | 显存: 0.00 B
  t=7s - 时间: 0.840434s | 显存: 0.00 B
  t=8s - 时间: 0.942888s | 显存: 0.00 B
  t=9s - 时间: 1.063467s | 显存: 0.00 B

[19秒 PDE求解]
  t=19.0s - 时间: 1.825559s | 显存: 0.00 B

[PDE求解部分] 总时间: 1.825808s | 显存: 0.00 B

[本步骤总计] 时间: 8.324960s | 显存: 4.12 GB
orginal_loss:  tensor(17982.5254, device='cuda:0', grad_fn=<MseLossBackward0>)
[Step 66] Backward Propagation - Time: 10.0330s, Mem: -4416135168.00 B
x_adv.requires_grad:  True
pred_19.requires_grad, true_19.requires_grad:  True True
Autograd grad max:  tensor(114.8098, device='cuda:0')
Autograd grad min:  tensor(-195.3065, device='cuda:0')
Autograd grad mean:  tensor(0.0159, device='cuda:0')
[Step 66] PGD Update - Time: 0.0012s, Mem: 0.00 B

[Step 66] 完整步骤总时间: 18.363480s | 总显存: 0.00 B
[Step 66] 峰值显存: 6.22 GB

[Step 67] ============ 详细性能分析 ============
[模型部分] 总时间: 6.469852s | 显存: 4.12 GB

[0-9秒 PDE求解详细性能]
  t=0s - 时间: 0.000000s | 显存: 0.00 B
  t=1s - 时间: 0.407811s | 显存: 0.00 B
  t=2s - 时间: 0.488330s | 显存: 0.00 B
  t=3s - 时间: 0.562022s | 显存: 0.00 B
  t=4s - 时间: 0.631230s | 显存: 0.00 B
  t=5s - 时间: 0.697357s | 显存: 0.00 B
  t=6s - 时间: 0.778170s | 显存: 0.00 B
  t=7s - 时间: 0.845690s | 显存: 0.00 B
  t=8s - 时间: 0.980979s | 显存: 0.00 B
  t=9s - 时间: 1.057366s | 显存: 0.00 B

[19秒 PDE求解]
  t=19.0s - 时间: 1.840378s | 显存: 0.00 B

[PDE求解部分] 总时间: 1.840701s | 显存: 0.00 B

[本步骤总计] 时间: 8.310553s | 显存: 4.12 GB
orginal_loss:  tensor(19135.5742, device='cuda:0', grad_fn=<MseLossBackward0>)
[Step 67] Backward Propagation - Time: 10.0155s, Mem: -4416135168.00 B
x_adv.requires_grad:  True
pred_19.requires_grad, true_19.requires_grad:  True True
Autograd grad max:  tensor(115.8158, device='cuda:0')
Autograd grad min:  tensor(-193.7158, device='cuda:0')
Autograd grad mean:  tensor(0.0171, device='cuda:0')
[Step 67] PGD Update - Time: 0.0013s, Mem: 0.00 B

[Step 67] 完整步骤总时间: 18.331421s | 总显存: 0.00 B
[Step 67] 峰值显存: 6.22 GB

[Step 68] ============ 详细性能分析 ============
[模型部分] 总时间: 8.225261s | 显存: 4.12 GB

[0-9秒 PDE求解详细性能]
  t=0s - 时间: 0.000000s | 显存: 0.00 B
  t=1s - 时间: 0.380213s | 显存: 0.00 B
  t=2s - 时间: 0.448112s | 显存: 0.00 B
  t=3s - 时间: 0.577987s | 显存: 0.00 B
  t=4s - 时间: 0.635324s | 显存: 0.00 B
  t=5s - 时间: 0.752334s | 显存: 0.00 B
  t=6s - 时间: 0.803911s | 显存: 0.00 B
  t=7s - 时间: 0.847825s | 显存: 0.00 B
  t=8s - 时间: 2.734250s | 显存: 0.00 B
  t=9s - 时间: 1.024449s | 显存: 0.00 B

[19秒 PDE求解]
  t=19.0s - 时间: 1.800650s | 显存: 0.00 B

[PDE求解部分] 总时间: 1.801010s | 显存: 0.00 B

[本步骤总计] 时间: 10.026271s | 显存: 4.12 GB
orginal_loss:  tensor(20386.2383, device='cuda:0', grad_fn=<MseLossBackward0>)
[Step 68] Backward Propagation - Time: 9.9154s, Mem: -4416135168.00 B
x_adv.requires_grad:  True
pred_19.requires_grad, true_19.requires_grad:  True True
Autograd grad max:  tensor(120.7813, device='cuda:0')
Autograd grad min:  tensor(-192.0210, device='cuda:0')
Autograd grad mean:  tensor(0.0133, device='cuda:0')
[Step 68] PGD Update - Time: 0.0013s, Mem: 0.00 B

[Step 68] 完整步骤总时间: 19.947125s | 总显存: 0.00 B
[Step 68] 峰值显存: 6.22 GB

[Step 69] ============ 详细性能分析 ============
[模型部分] 总时间: 6.430642s | 显存: 4.12 GB

[0-9秒 PDE求解详细性能]
  t=0s - 时间: 0.000000s | 显存: 0.00 B
  t=1s - 时间: 0.415313s | 显存: 0.00 B
  t=2s - 时间: 0.493879s | 显存: 0.00 B
  t=3s - 时间: 0.578594s | 显存: 0.00 B
  t=4s - 时间: 0.628079s | 显存: 0.00 B
  t=5s - 时间: 0.716936s | 显存: 0.00 B
  t=6s - 时间: 0.787640s | 显存: 0.00 B
  t=7s - 时间: 0.832439s | 显存: 0.00 B
  t=8s - 时间: 0.930805s | 显存: 0.00 B
  t=9s - 时间: 1.025675s | 显存: 0.00 B

[19秒 PDE求解]
  t=19.0s - 时间: 1.824863s | 显存: 0.00 B

[PDE求解部分] 总时间: 1.825124s | 显存: 0.00 B

[本步骤总计] 时间: 8.255765s | 显存: 4.12 GB
orginal_loss:  tensor(21921.5215, device='cuda:0', grad_fn=<MseLossBackward0>)
[Step 69] Backward Propagation - Time: 10.0220s, Mem: -4416135168.00 B
x_adv.requires_grad:  True
pred_19.requires_grad, true_19.requires_grad:  True True
Autograd grad max:  tensor(127.2237, device='cuda:0')
Autograd grad min:  tensor(-189.3880, device='cuda:0')
Autograd grad mean:  tensor(0.0028, device='cuda:0')
[Step 69] PGD Update - Time: 0.0013s, Mem: 0.00 B

[Step 69] 完整步骤总时间: 18.283313s | 总显存: 0.00 B
[Step 69] 峰值显存: 6.22 GB

[Step 70] ============ 详细性能分析 ============
[模型部分] 总时间: 6.541320s | 显存: 4.12 GB

[0-9秒 PDE求解详细性能]
  t=0s - 时间: 0.000000s | 显存: 0.00 B
  t=1s - 时间: 0.405288s | 显存: 0.00 B
  t=2s - 时间: 0.474223s | 显存: 0.00 B
  t=3s - 时间: 0.579481s | 显存: 0.00 B
  t=4s - 时间: 0.654656s | 显存: 0.00 B
  t=5s - 时间: 0.727079s | 显存: 0.00 B
  t=6s - 时间: 0.819021s | 显存: 0.00 B
  t=7s - 时间: 0.882033s | 显存: 0.00 B
  t=8s - 时间: 0.974169s | 显存: 0.00 B
  t=9s - 时间: 1.004450s | 显存: 0.00 B

[19秒 PDE求解]
  t=19.0s - 时间: 1.839061s | 显存: 0.00 B

[PDE求解部分] 总时间: 1.839359s | 显存: 0.00 B

[本步骤总计] 时间: 8.380679s | 显存: 4.12 GB
orginal_loss:  tensor(24038.0039, device='cuda:0', grad_fn=<MseLossBackward0>)
[Step 70] Backward Propagation - Time: 10.0484s, Mem: -4416135168.00 B
x_adv.requires_grad:  True
pred_19.requires_grad, true_19.requires_grad:  True True
Autograd grad max:  tensor(130.9133, device='cuda:0')
Autograd grad min:  tensor(-184.2349, device='cuda:0')
Autograd grad mean:  tensor(-0.0068, device='cuda:0')
[Step 70] PGD Update - Time: 0.0013s, Mem: 0.00 B

[Step 70] 完整步骤总时间: 18.434672s | 总显存: 0.00 B
[Step 70] 峰值显存: 6.22 GB

[Step 71] ============ 详细性能分析 ============
[模型部分] 总时间: 6.578442s | 显存: 4.12 GB

[0-9秒 PDE求解详细性能]
  t=0s - 时间: 0.000000s | 显存: 0.00 B
  t=1s - 时间: 0.422278s | 显存: 0.00 B
  t=2s - 时间: 0.492590s | 显存: 0.00 B
  t=3s - 时间: 0.584105s | 显存: 0.00 B
  t=4s - 时间: 0.654747s | 显存: 0.00 B
  t=5s - 时间: 0.721862s | 显存: 0.00 B
  t=6s - 时间: 0.805065s | 显存: 0.00 B
  t=7s - 时间: 0.872692s | 显存: 0.00 B
  t=8s - 时间: 0.932498s | 显存: 0.00 B
  t=9s - 时间: 1.071849s | 显存: 0.00 B

[19秒 PDE求解]
  t=19.0s - 时间: 1.804998s | 显存: 0.00 B

[PDE求解部分] 总时间: 1.805270s | 显存: 0.00 B

[本步骤总计] 时间: 8.383712s | 显存: 4.12 GB
orginal_loss:  tensor(26899.2363, device='cuda:0', grad_fn=<MseLossBackward0>)
[Step 71] Backward Propagation - Time: 9.9827s, Mem: -4416135168.00 B
x_adv.requires_grad:  True
pred_19.requires_grad, true_19.requires_grad:  True True
Autograd grad max:  tensor(125.9380, device='cuda:0')
Autograd grad min:  tensor(-172.9634, device='cuda:0')
Autograd grad mean:  tensor(-0.0179, device='cuda:0')
[Step 71] PGD Update - Time: 0.0013s, Mem: 0.00 B

[Step 71] 完整步骤总时间: 18.371736s | 总显存: 0.00 B
[Step 71] 峰值显存: 6.22 GB

[Step 72] ============ 详细性能分析 ============
[模型部分] 总时间: 6.502976s | 显存: 4.12 GB

[0-9秒 PDE求解详细性能]
  t=0s - 时间: 0.000000s | 显存: 0.00 B
  t=1s - 时间: 0.386455s | 显存: 0.00 B
  t=2s - 时间: 0.458473s | 显存: 0.00 B
  t=3s - 时间: 0.558748s | 显存: 0.00 B
  t=4s - 时间: 0.655148s | 显存: 0.00 B
  t=5s - 时间: 0.749035s | 显存: 0.00 B
  t=6s - 时间: 0.823361s | 显存: 0.00 B
  t=7s - 时间: 0.886753s | 显存: 0.00 B
  t=8s - 时间: 0.940145s | 显存: 0.00 B
  t=9s - 时间: 1.023934s | 显存: 0.00 B

[19秒 PDE求解]
  t=19.0s - 时间: 1.882530s | 显存: 0.00 B

[PDE求解部分] 总时间: 1.882858s | 显存: 0.00 B

[本步骤总计] 时间: 8.385834s | 显存: 4.12 GB
orginal_loss:  tensor(29476.5000, device='cuda:0', grad_fn=<MseLossBackward0>)
[Step 72] Backward Propagation - Time: 9.9594s, Mem: -4416135168.00 B
x_adv.requires_grad:  True
pred_19.requires_grad, true_19.requires_grad:  True True
Autograd grad max:  tensor(119.6400, device='cuda:0')
Autograd grad min:  tensor(-161.9087, device='cuda:0')
Autograd grad mean:  tensor(-0.0496, device='cuda:0')
[Step 72] PGD Update - Time: 0.0013s, Mem: 0.00 B

[Step 72] 完整步骤总时间: 18.350946s | 总显存: 0.00 B
[Step 72] 峰值显存: 6.22 GB

[Step 73] ============ 详细性能分析 ============
[模型部分] 总时间: 6.395047s | 显存: 4.12 GB

[0-9秒 PDE求解详细性能]
  t=0s - 时间: 0.000000s | 显存: 0.00 B
  t=1s - 时间: 0.396013s | 显存: 0.00 B
  t=2s - 时间: 0.457829s | 显存: 0.00 B
  t=3s - 时间: 0.569311s | 显存: 0.00 B
  t=4s - 时间: 0.630837s | 显存: 0.00 B
  t=5s - 时间: 0.700642s | 显存: 0.00 B
  t=6s - 时间: 0.773219s | 显存: 0.00 B
  t=7s - 时间: 0.868943s | 显存: 0.00 B
  t=8s - 时间: 0.943258s | 显存: 0.00 B
  t=9s - 时间: 1.034008s | 显存: 0.00 B

[19秒 PDE求解]
  t=19.0s - 时间: 1.862014s | 显存: 0.00 B

[PDE求解部分] 总时间: 1.862306s | 显存: 0.00 B

[本步骤总计] 时间: 8.257353s | 显存: 4.12 GB
orginal_loss:  tensor(31107.5117, device='cuda:0', grad_fn=<MseLossBackward0>)
[Step 73] Backward Propagation - Time: 9.9369s, Mem: -4416135168.00 B
x_adv.requires_grad:  True
pred_19.requires_grad, true_19.requires_grad:  True True
Autograd grad max:  tensor(121.7873, device='cuda:0')
Autograd grad min:  tensor(-163.5201, device='cuda:0')
Autograd grad mean:  tensor(-0.1079, device='cuda:0')
[Step 73] PGD Update - Time: 0.0012s, Mem: 0.00 B

[Step 73] 完整步骤总时间: 18.199600s | 总显存: 0.00 B
[Step 73] 峰值显存: 6.22 GB

[Step 74] ============ 详细性能分析 ============
[模型部分] 总时间: 6.446573s | 显存: 4.12 GB

[0-9秒 PDE求解详细性能]
  t=0s - 时间: 0.000000s | 显存: 0.00 B
  t=1s - 时间: 0.382656s | 显存: 0.00 B
  t=2s - 时间: 0.449221s | 显存: 0.00 B
  t=3s - 时间: 0.560355s | 显存: 0.00 B
  t=4s - 时间: 0.634412s | 显存: 0.00 B
  t=5s - 时间: 0.711401s | 显存: 0.00 B
  t=6s - 时间: 0.817704s | 显存: 0.00 B
  t=7s - 时间: 0.890036s | 显存: 0.00 B
  t=8s - 时间: 0.955971s | 显存: 0.00 B
  t=9s - 时间: 1.024125s | 显存: 0.00 B

[19秒 PDE求解]
  t=19.0s - 时间: 1.820337s | 显存: 0.00 B

[PDE求解部分] 总时间: 1.820667s | 显存: 0.00 B

[本步骤总计] 时间: 8.267239s | 显存: 4.12 GB
orginal_loss:  tensor(32130.4297, device='cuda:0', grad_fn=<MseLossBackward0>)
[Step 74] Backward Propagation - Time: 10.0097s, Mem: -4416135168.00 B
x_adv.requires_grad:  True
pred_19.requires_grad, true_19.requires_grad:  True True
Autograd grad max:  tensor(118.8508, device='cuda:0')
Autograd grad min:  tensor(-162.0122, device='cuda:0')
Autograd grad mean:  tensor(-0.1724, device='cuda:0')
[Step 74] PGD Update - Time: 0.0013s, Mem: 0.00 B

[Step 74] 完整步骤总时间: 18.282612s | 总显存: 0.00 B
[Step 74] 峰值显存: 6.22 GB

[Step 75] ============ 详细性能分析 ============
[模型部分] 总时间: 6.337768s | 显存: 4.12 GB

[0-9秒 PDE求解详细性能]
  t=0s - 时间: 0.000000s | 显存: 0.00 B
  t=1s - 时间: 0.406615s | 显存: 0.00 B
  t=2s - 时间: 0.469650s | 显存: 0.00 B
  t=3s - 时间: 0.544286s | 显存: 0.00 B
  t=4s - 时间: 0.613090s | 显存: 0.00 B
  t=5s - 时间: 0.682553s | 显存: 0.00 B
  t=6s - 时间: 0.806853s | 显存: 0.00 B
  t=7s - 时间: 0.856962s | 显存: 0.00 B
  t=8s - 时间: 0.929817s | 显存: 0.00 B
  t=9s - 时间: 1.007075s | 显存: 0.00 B

[19秒 PDE求解]
  t=19.0s - 时间: 1.821845s | 显存: 0.00 B

[PDE求解部分] 总时间: 1.822168s | 显存: 0.00 B

[本步骤总计] 时间: 8.159935s | 显存: 4.12 GB
orginal_loss:  tensor(33307.5391, device='cuda:0', grad_fn=<MseLossBackward0>)
[Step 75] Backward Propagation - Time: 9.9009s, Mem: -4416135168.00 B
x_adv.requires_grad:  True
pred_19.requires_grad, true_19.requires_grad:  True True
Autograd grad max:  tensor(112.1982, device='cuda:0')
Autograd grad min:  tensor(-169.9362, device='cuda:0')
Autograd grad mean:  tensor(-0.2085, device='cuda:0')
[Step 75] PGD Update - Time: 0.0013s, Mem: 0.00 B

[Step 75] 完整步骤总时间: 18.066617s | 总显存: 0.00 B
[Step 75] 峰值显存: 6.22 GB

[Step 76] ============ 详细性能分析 ============
[模型部分] 总时间: 6.376434s | 显存: 4.12 GB

[0-9秒 PDE求解详细性能]
  t=0s - 时间: 0.000000s | 显存: 0.00 B
  t=1s - 时间: 0.391959s | 显存: 0.00 B
  t=2s - 时间: 0.481674s | 显存: 0.00 B
  t=3s - 时间: 0.530942s | 显存: 0.00 B
  t=4s - 时间: 0.599699s | 显存: 0.00 B
  t=5s - 时间: 0.695402s | 显存: 0.00 B
  t=6s - 时间: 0.799136s | 显存: 0.00 B
  t=7s - 时间: 0.875972s | 显存: 0.00 B
  t=8s - 时间: 0.957891s | 显存: 0.00 B
  t=9s - 时间: 1.022750s | 显存: 0.00 B

[19秒 PDE求解]
  t=19.0s - 时间: 1.818046s | 显存: 0.00 B

[PDE求解部分] 总时间: 1.818368s | 显存: 0.00 B

[本步骤总计] 时间: 8.194802s | 显存: 4.12 GB
orginal_loss:  tensor(35937.9844, device='cuda:0', grad_fn=<MseLossBackward0>)
[Step 76] Backward Propagation - Time: 10.1585s, Mem: -4416135168.00 B
x_adv.requires_grad:  True
pred_19.requires_grad, true_19.requires_grad:  True True
Autograd grad max:  tensor(107.7362, device='cuda:0')
Autograd grad min:  tensor(-198.1389, device='cuda:0')
Autograd grad mean:  tensor(-0.2657, device='cuda:0')
[Step 76] PGD Update - Time: 0.0013s, Mem: 0.00 B

[Step 76] 完整步骤总时间: 18.358687s | 总显存: 0.00 B
[Step 76] 峰值显存: 6.22 GB

[Step 77] ============ 详细性能分析 ============
[模型部分] 总时间: 6.379302s | 显存: 4.12 GB

[0-9秒 PDE求解详细性能]
  t=0s - 时间: 0.000000s | 显存: 0.00 B
  t=1s - 时间: 0.382355s | 显存: 0.00 B
  t=2s - 时间: 0.485647s | 显存: 0.00 B
  t=3s - 时间: 0.548739s | 显存: 0.00 B
  t=4s - 时间: 0.635459s | 显存: 0.00 B
  t=5s - 时间: 0.731615s | 显存: 0.00 B
  t=6s - 时间: 0.780287s | 显存: 0.00 B
  t=7s - 时间: 0.847305s | 显存: 0.00 B
  t=8s - 时间: 0.927463s | 显存: 0.00 B
  t=9s - 时间: 1.019513s | 显存: 0.00 B

[19秒 PDE求解]
  t=19.0s - 时间: 1.798980s | 显存: 0.00 B

[PDE求解部分] 总时间: 1.799298s | 显存: 0.00 B

[本步骤总计] 时间: 8.178600s | 显存: 4.12 GB
orginal_loss:  tensor(37320.5625, device='cuda:0', grad_fn=<MseLossBackward0>)
[Step 77] Backward Propagation - Time: 11.8610s, Mem: -4416135168.00 B
x_adv.requires_grad:  True
pred_19.requires_grad, true_19.requires_grad:  True True
Autograd grad max:  tensor(102.4464, device='cuda:0')
Autograd grad min:  tensor(-188.0513, device='cuda:0')
Autograd grad mean:  tensor(-0.3485, device='cuda:0')
[Step 77] PGD Update - Time: 0.0011s, Mem: 0.00 B

[Step 77] 完整步骤总时间: 20.045277s | 总显存: 0.00 B
[Step 77] 峰值显存: 6.22 GB

[Step 78] ============ 详细性能分析 ============
[模型部分] 总时间: 6.305244s | 显存: 4.12 GB

[0-9秒 PDE求解详细性能]
  t=0s - 时间: 0.000000s | 显存: 0.00 B
  t=1s - 时间: 0.373635s | 显存: 0.00 B
  t=2s - 时间: 0.478198s | 显存: 0.00 B
  t=3s - 时间: 0.560335s | 显存: 0.00 B
  t=4s - 时间: 0.603903s | 显存: 0.00 B
  t=5s - 时间: 0.694373s | 显存: 0.00 B
  t=6s - 时间: 0.761495s | 显存: 0.00 B
  t=7s - 时间: 0.849120s | 显存: 0.00 B
  t=8s - 时间: 0.939742s | 显存: 0.00 B
  t=9s - 时间: 1.023712s | 显存: 0.00 B

[19秒 PDE求解]
  t=19.0s - 时间: 1.820210s | 显存: 0.00 B

[PDE求解部分] 总时间: 1.820530s | 显存: 0.00 B

[本步骤总计] 时间: 8.125774s | 显存: 4.12 GB
orginal_loss:  tensor(34753.1797, device='cuda:0', grad_fn=<MseLossBackward0>)
[Step 78] Backward Propagation - Time: 9.9801s, Mem: -4416135168.00 B
x_adv.requires_grad:  True
pred_19.requires_grad, true_19.requires_grad:  True True
Autograd grad max:  tensor(90.4929, device='cuda:0')
Autograd grad min:  tensor(-161.1753, device='cuda:0')
Autograd grad mean:  tensor(-0.3955, device='cuda:0')
[Step 78] PGD Update - Time: 0.0013s, Mem: 0.00 B

[Step 78] 完整步骤总时间: 18.111539s | 总显存: 0.00 B
[Step 78] 峰值显存: 6.22 GB

[Step 79] ============ 详细性能分析 ============
[模型部分] 总时间: 6.484361s | 显存: 4.12 GB

[0-9秒 PDE求解详细性能]
  t=0s - 时间: 0.000000s | 显存: 0.00 B
  t=1s - 时间: 0.394418s | 显存: 0.00 B
  t=2s - 时间: 0.485887s | 显存: 0.00 B
  t=3s - 时间: 0.572051s | 显存: 0.00 B
  t=4s - 时间: 0.644655s | 显存: 0.00 B
  t=5s - 时间: 0.701926s | 显存: 0.00 B
  t=6s - 时间: 0.802251s | 显存: 0.00 B
  t=7s - 时间: 0.859506s | 显存: 0.00 B
  t=8s - 时间: 0.982747s | 显存: 0.00 B
  t=9s - 时间: 1.019722s | 显存: 0.00 B

[19秒 PDE求解]
  t=19.0s - 时间: 1.821561s | 显存: 0.00 B

[PDE求解部分] 总时间: 1.821866s | 显存: 0.00 B

[本步骤总计] 时间: 8.306227s | 显存: 4.12 GB
orginal_loss:  tensor(30986.2578, device='cuda:0', grad_fn=<MseLossBackward0>)
[Step 79] Backward Propagation - Time: 10.0989s, Mem: -4416135168.00 B
x_adv.requires_grad:  True
pred_19.requires_grad, true_19.requires_grad:  True True
Autograd grad max:  tensor(97.8019, device='cuda:0')
Autograd grad min:  tensor(-166.7839, device='cuda:0')
Autograd grad mean:  tensor(-0.3617, device='cuda:0')
[Step 79] PGD Update - Time: 0.0012s, Mem: 0.00 B

[Step 79] 完整步骤总时间: 18.410478s | 总显存: 0.00 B
[Step 79] 峰值显存: 6.22 GB

[Step 80] ============ 详细性能分析 ============
[模型部分] 总时间: 6.403490s | 显存: 4.12 GB

[0-9秒 PDE求解详细性能]
  t=0s - 时间: 0.000000s | 显存: 0.00 B
  t=1s - 时间: 0.422502s | 显存: 0.00 B
  t=2s - 时间: 0.457378s | 显存: 0.00 B
  t=3s - 时间: 0.531711s | 显存: 0.00 B
  t=4s - 时间: 0.627225s | 显存: 0.00 B
  t=5s - 时间: 0.716127s | 显存: 0.00 B
  t=6s - 时间: 0.815786s | 显存: 0.00 B
  t=7s - 时间: 0.852560s | 显存: 0.00 B
  t=8s - 时间: 0.932928s | 显存: 0.00 B
  t=9s - 时间: 1.026237s | 显存: 0.00 B

[19秒 PDE求解]
  t=19.0s - 时间: 1.822047s | 显存: 0.00 B

[PDE求解部分] 总时间: 1.822342s | 显存: 0.00 B

[本步骤总计] 时间: 8.225832s | 显存: 4.12 GB
orginal_loss:  tensor(30818.1797, device='cuda:0', grad_fn=<MseLossBackward0>)
[Step 80] Backward Propagation - Time: 9.9480s, Mem: -4416135168.00 B
x_adv.requires_grad:  True
pred_19.requires_grad, true_19.requires_grad:  True True
Autograd grad max:  tensor(106.9023, device='cuda:0')
Autograd grad min:  tensor(-201.4907, device='cuda:0')
Autograd grad mean:  tensor(-0.2930, device='cuda:0')
[Step 80] PGD Update - Time: 0.0013s, Mem: 0.00 B

[Step 80] 完整步骤总时间: 18.179930s | 总显存: 0.00 B
[Step 80] 峰值显存: 6.22 GB

[Step 81] ============ 详细性能分析 ============
[模型部分] 总时间: 6.433856s | 显存: 4.12 GB

[0-9秒 PDE求解详细性能]
  t=0s - 时间: 0.000000s | 显存: 0.00 B
  t=1s - 时间: 0.390665s | 显存: 0.00 B
  t=2s - 时间: 0.461547s | 显存: 0.00 B
  t=3s - 时间: 0.549797s | 显存: 0.00 B
  t=4s - 时间: 0.627657s | 显存: 0.00 B
  t=5s - 时间: 0.705447s | 显存: 0.00 B
  t=6s - 时间: 0.782295s | 显存: 0.00 B
  t=7s - 时间: 0.874017s | 显存: 0.00 B
  t=8s - 时间: 0.972136s | 显存: 0.00 B
  t=9s - 时间: 1.049234s | 显存: 0.00 B

[19秒 PDE求解]
  t=19.0s - 时间: 1.822698s | 显存: 0.00 B

[PDE求解部分] 总时间: 1.823054s | 显存: 0.00 B

[本步骤总计] 时间: 8.256910s | 显存: 4.12 GB
orginal_loss:  tensor(33493.9414, device='cuda:0', grad_fn=<MseLossBackward0>)
[Step 81] Backward Propagation - Time: 9.9098s, Mem: -4416135168.00 B
x_adv.requires_grad:  True
pred_19.requires_grad, true_19.requires_grad:  True True
Autograd grad max:  tensor(122.6714, device='cuda:0')
Autograd grad min:  tensor(-216.4569, device='cuda:0')
Autograd grad mean:  tensor(-0.2892, device='cuda:0')
[Step 81] PGD Update - Time: 0.0013s, Mem: 0.00 B

[Step 81] 完整步骤总时间: 18.172157s | 总显存: 0.00 B
[Step 81] 峰值显存: 6.22 GB

[Step 82] ============ 详细性能分析 ============
[模型部分] 总时间: 6.271685s | 显存: 4.12 GB

[0-9秒 PDE求解详细性能]
  t=0s - 时间: 0.000000s | 显存: 0.00 B
  t=1s - 时间: 0.395330s | 显存: 0.00 B
  t=2s - 时间: 0.434795s | 显存: 0.00 B
  t=3s - 时间: 0.516936s | 显存: 0.00 B
  t=4s - 时间: 0.646614s | 显存: 0.00 B
  t=5s - 时间: 0.679254s | 显存: 0.00 B
  t=6s - 时间: 0.753640s | 显存: 0.00 B
  t=7s - 时间: 0.843415s | 显存: 0.00 B
  t=8s - 时间: 0.949654s | 显存: 0.00 B
  t=9s - 时间: 1.030736s | 显存: 0.00 B

[19秒 PDE求解]
  t=19.0s - 时间: 1.806266s | 显存: 0.00 B

[PDE求解部分] 总时间: 1.806597s | 显存: 0.00 B

[本步骤总计] 时间: 8.078282s | 显存: 4.12 GB
orginal_loss:  tensor(35343.7344, device='cuda:0', grad_fn=<MseLossBackward0>)
[Step 82] Backward Propagation - Time: 9.9316s, Mem: -4416135168.00 B
x_adv.requires_grad:  True
pred_19.requires_grad, true_19.requires_grad:  True True
Autograd grad max:  tensor(118.7696, device='cuda:0')
Autograd grad min:  tensor(-202.8870, device='cuda:0')
Autograd grad mean:  tensor(-0.3241, device='cuda:0')
[Step 82] PGD Update - Time: 0.0013s, Mem: 0.00 B

[Step 82] 完整步骤总时间: 18.015668s | 总显存: 0.00 B
[Step 82] 峰值显存: 6.22 GB

[Step 83] ============ 详细性能分析 ============
[模型部分] 总时间: 6.489795s | 显存: 4.12 GB

[0-9秒 PDE求解详细性能]
  t=0s - 时间: 0.000000s | 显存: 0.00 B
  t=1s - 时间: 0.396975s | 显存: 0.00 B
  t=2s - 时间: 0.480463s | 显存: 0.00 B
  t=3s - 时间: 0.543893s | 显存: 0.00 B
  t=4s - 时间: 0.612509s | 显存: 0.00 B
  t=5s - 时间: 0.693795s | 显存: 0.00 B
  t=6s - 时间: 0.805830s | 显存: 0.00 B
  t=7s - 时间: 0.897528s | 显存: 0.00 B
  t=8s - 时间: 0.981946s | 显存: 0.00 B
  t=9s - 时间: 1.056091s | 显存: 0.00 B

[19秒 PDE求解]
  t=19.0s - 时间: 1.847688s | 显存: 0.00 B

[PDE求解部分] 总时间: 1.847998s | 显存: 0.00 B

[本步骤总计] 时间: 8.337793s | 显存: 4.12 GB
orginal_loss:  tensor(35201.7422, device='cuda:0', grad_fn=<MseLossBackward0>)
[Step 83] Backward Propagation - Time: 9.9329s, Mem: -4416135168.00 B
x_adv.requires_grad:  True
pred_19.requires_grad, true_19.requires_grad:  True True
Autograd grad max:  tensor(109.1450, device='cuda:0')
Autograd grad min:  tensor(-185.9394, device='cuda:0')
Autograd grad mean:  tensor(-0.3274, device='cuda:0')
[Step 83] PGD Update - Time: 0.0013s, Mem: 0.00 B

[Step 83] 完整步骤总时间: 18.276348s | 总显存: 0.00 B
[Step 83] 峰值显存: 6.22 GB

[Step 84] ============ 详细性能分析 ============
[模型部分] 总时间: 6.555189s | 显存: 4.12 GB

[0-9秒 PDE求解详细性能]
  t=0s - 时间: 0.000000s | 显存: 0.00 B
  t=1s - 时间: 0.410877s | 显存: 0.00 B
  t=2s - 时间: 0.489055s | 显存: 0.00 B
  t=3s - 时间: 0.578862s | 显存: 0.00 B
  t=4s - 时间: 0.656995s | 显存: 0.00 B
  t=5s - 时间: 0.695609s | 显存: 0.00 B
  t=6s - 时间: 0.776718s | 显存: 0.00 B
  t=7s - 时间: 0.894648s | 显存: 0.00 B
  t=8s - 时间: 0.954824s | 显存: 0.00 B
  t=9s - 时间: 1.076643s | 显存: 0.00 B

[19秒 PDE求解]
  t=19.0s - 时间: 1.843447s | 显存: 0.00 B

[PDE求解部分] 总时间: 1.843759s | 显存: 0.00 B

[本步骤总计] 时间: 8.398948s | 显存: 4.12 GB
orginal_loss:  tensor(32722.2695, device='cuda:0', grad_fn=<MseLossBackward0>)
[Step 84] Backward Propagation - Time: 10.0997s, Mem: -4416135168.00 B
x_adv.requires_grad:  True
pred_19.requires_grad, true_19.requires_grad:  True True
Autograd grad max:  tensor(90.2931, device='cuda:0')
Autograd grad min:  tensor(-154.8059, device='cuda:0')
Autograd grad mean:  tensor(-0.3355, device='cuda:0')
[Step 84] PGD Update - Time: 0.0012s, Mem: 0.00 B

[Step 84] 完整步骤总时间: 18.504136s | 总显存: 0.00 B
[Step 84] 峰值显存: 6.22 GB

[Step 85] ============ 详细性能分析 ============
[模型部分] 总时间: 6.372756s | 显存: 4.12 GB

[0-9秒 PDE求解详细性能]
  t=0s - 时间: 0.000000s | 显存: 0.00 B
  t=1s - 时间: 0.383474s | 显存: 0.00 B
  t=2s - 时间: 0.470052s | 显存: 0.00 B
  t=3s - 时间: 0.550277s | 显存: 0.00 B
  t=4s - 时间: 0.622722s | 显存: 0.00 B
  t=5s - 时间: 0.704444s | 显存: 0.00 B
  t=6s - 时间: 0.790601s | 显存: 0.00 B
  t=7s - 时间: 0.874349s | 显存: 0.00 B
  t=8s - 时间: 0.937791s | 显存: 0.00 B
  t=9s - 时间: 1.018084s | 显存: 0.00 B

[19秒 PDE求解]
  t=19.0s - 时间: 1.776992s | 显存: 0.00 B

[PDE求解部分] 总时间: 1.777392s | 显存: 0.00 B

[本步骤总计] 时间: 8.150149s | 显存: 4.12 GB
orginal_loss:  tensor(28117.2617, device='cuda:0', grad_fn=<MseLossBackward0>)
[Step 85] Backward Propagation - Time: 10.0682s, Mem: -4416135168.00 B
x_adv.requires_grad:  True
pred_19.requires_grad, true_19.requires_grad:  True True
Autograd grad max:  tensor(82.5990, device='cuda:0')
Autograd grad min:  tensor(-126.0356, device='cuda:0')
Autograd grad mean:  tensor(-0.3018, device='cuda:0')
[Step 85] PGD Update - Time: 0.0013s, Mem: 0.00 B

[Step 85] 完整步骤总时间: 18.224092s | 总显存: 0.00 B
[Step 85] 峰值显存: 6.22 GB

[Step 86] ============ 详细性能分析 ============
[模型部分] 总时间: 6.508449s | 显存: 4.12 GB

[0-9秒 PDE求解详细性能]
  t=0s - 时间: 0.000000s | 显存: 0.00 B
  t=1s - 时间: 0.376521s | 显存: 0.00 B
  t=2s - 时间: 0.452938s | 显存: 0.00 B
  t=3s - 时间: 0.537491s | 显存: 0.00 B
  t=4s - 时间: 0.662403s | 显存: 0.00 B
  t=5s - 时间: 0.740411s | 显存: 0.00 B
  t=6s - 时间: 0.822379s | 显存: 0.00 B
  t=7s - 时间: 0.889607s | 显存: 0.00 B
  t=8s - 时间: 0.974442s | 显存: 0.00 B
  t=9s - 时间: 1.030921s | 显存: 0.00 B

[19秒 PDE求解]
  t=19.0s - 时间: 1.849077s | 显存: 0.00 B

[PDE求解部分] 总时间: 1.849399s | 显存: 0.00 B

[本步骤总计] 时间: 8.357849s | 显存: 4.12 GB
orginal_loss:  tensor(24945.0566, device='cuda:0', grad_fn=<MseLossBackward0>)
[Step 86] Backward Propagation - Time: 10.1183s, Mem: -4416135168.00 B
x_adv.requires_grad:  True
pred_19.requires_grad, true_19.requires_grad:  True True
Autograd grad max:  tensor(84.4427, device='cuda:0')
Autograd grad min:  tensor(-122.4386, device='cuda:0')
Autograd grad mean:  tensor(-0.2353, device='cuda:0')
[Step 86] PGD Update - Time: 0.0011s, Mem: 0.00 B

[Step 86] 完整步骤总时间: 18.481411s | 总显存: 0.00 B
[Step 86] 峰值显存: 6.22 GB

[Step 87] ============ 详细性能分析 ============
[模型部分] 总时间: 6.439539s | 显存: 4.12 GB

[0-9秒 PDE求解详细性能]
  t=0s - 时间: 0.000000s | 显存: 0.00 B
  t=1s - 时间: 0.429084s | 显存: 0.00 B
  t=2s - 时间: 0.485138s | 显存: 0.00 B
  t=3s - 时间: 0.544456s | 显存: 0.00 B
  t=4s - 时间: 0.653902s | 显存: 0.00 B
  t=5s - 时间: 0.708051s | 显存: 0.00 B
  t=6s - 时间: 0.778214s | 显存: 0.00 B
  t=7s - 时间: 0.856961s | 显存: 0.00 B
  t=8s - 时间: 0.920480s | 显存: 0.00 B
  t=9s - 时间: 1.042475s | 显存: 0.00 B

[19秒 PDE求解]
  t=19.0s - 时间: 1.815372s | 显存: 0.00 B

[PDE求解部分] 总时间: 1.815679s | 显存: 0.00 B

[本步骤总计] 时间: 8.255218s | 显存: 4.12 GB
orginal_loss:  tensor(23642.4199, device='cuda:0', grad_fn=<MseLossBackward0>)
[Step 87] Backward Propagation - Time: 10.0139s, Mem: -4416135168.00 B
x_adv.requires_grad:  True
pred_19.requires_grad, true_19.requires_grad:  True True
Autograd grad max:  tensor(76.0029, device='cuda:0')
Autograd grad min:  tensor(-115.8974, device='cuda:0')
Autograd grad mean:  tensor(-0.1851, device='cuda:0')
[Step 87] PGD Update - Time: 0.0012s, Mem: 0.00 B

[Step 87] 完整步骤总时间: 18.275162s | 总显存: 0.00 B
[Step 87] 峰值显存: 6.22 GB

[Step 88] ============ 详细性能分析 ============
[模型部分] 总时间: 6.559742s | 显存: 4.12 GB

[0-9秒 PDE求解详细性能]
  t=0s - 时间: 0.000000s | 显存: 0.00 B
  t=1s - 时间: 0.413274s | 显存: 0.00 B
  t=2s - 时间: 0.479628s | 显存: 0.00 B
  t=3s - 时间: 0.553314s | 显存: 0.00 B
  t=4s - 时间: 0.624884s | 显存: 0.00 B
  t=5s - 时间: 0.695205s | 显存: 0.00 B
  t=6s - 时间: 0.820311s | 显存: 0.00 B
  t=7s - 时间: 0.908230s | 显存: 0.00 B
  t=8s - 时间: 0.977648s | 显存: 0.00 B
  t=9s - 时间: 1.066441s | 显存: 0.00 B

[19秒 PDE求解]
  t=19.0s - 时间: 1.821774s | 显存: 0.00 B

[PDE求解部分] 总时间: 1.822111s | 显存: 0.00 B

[本步骤总计] 时间: 8.381853s | 显存: 4.12 GB
orginal_loss:  tensor(23078.8613, device='cuda:0', grad_fn=<MseLossBackward0>)
[Step 88] Backward Propagation - Time: 12.3678s, Mem: -4416135168.00 B
x_adv.requires_grad:  True
pred_19.requires_grad, true_19.requires_grad:  True True
Autograd grad max:  tensor(72.1616, device='cuda:0')
Autograd grad min:  tensor(-110.4017, device='cuda:0')
Autograd grad mean:  tensor(-0.1464, device='cuda:0')
[Step 88] PGD Update - Time: 0.0011s, Mem: 0.00 B

[Step 88] 完整步骤总时间: 20.754835s | 总显存: 0.00 B
[Step 88] 峰值显存: 6.22 GB

[Step 89] ============ 详细性能分析 ============
[模型部分] 总时间: 6.594326s | 显存: 4.12 GB

[0-9秒 PDE求解详细性能]
  t=0s - 时间: 0.000000s | 显存: 0.00 B
  t=1s - 时间: 0.408071s | 显存: 0.00 B
  t=2s - 时间: 0.487817s | 显存: 0.00 B
  t=3s - 时间: 0.578193s | 显存: 0.00 B
  t=4s - 时间: 0.661055s | 显存: 0.00 B
  t=5s - 时间: 0.738375s | 显存: 0.00 B
  t=6s - 时间: 0.833472s | 显存: 0.00 B
  t=7s - 时间: 0.888253s | 显存: 0.00 B
  t=8s - 时间: 0.947557s | 显存: 0.00 B
  t=9s - 时间: 1.030102s | 显存: 0.00 B

[19秒 PDE求解]
  t=19.0s - 时间: 1.804675s | 显存: 0.00 B

[PDE求解部分] 总时间: 1.805007s | 显存: 0.00 B

[本步骤总计] 时间: 8.399332s | 显存: 4.12 GB
orginal_loss:  tensor(22947.6133, device='cuda:0', grad_fn=<MseLossBackward0>)
[Step 89] Backward Propagation - Time: 9.9650s, Mem: -4416135168.00 B
x_adv.requires_grad:  True
pred_19.requires_grad, true_19.requires_grad:  True True
Autograd grad max:  tensor(72.1375, device='cuda:0')
Autograd grad min:  tensor(-108.5241, device='cuda:0')
Autograd grad mean:  tensor(-0.1206, device='cuda:0')
[Step 89] PGD Update - Time: 0.0013s, Mem: 0.00 B

[Step 89] 完整步骤总时间: 18.370166s | 总显存: 0.00 B
[Step 89] 峰值显存: 6.22 GB

[Step 90] ============ 详细性能分析 ============
[模型部分] 总时间: 6.555648s | 显存: 4.12 GB

[0-9秒 PDE求解详细性能]
  t=0s - 时间: 0.000000s | 显存: 0.00 B
  t=1s - 时间: 0.421904s | 显存: 0.00 B
  t=2s - 时间: 0.481045s | 显存: 0.00 B
  t=3s - 时间: 0.559681s | 显存: 0.00 B
  t=4s - 时间: 0.653500s | 显存: 0.00 B
  t=5s - 时间: 0.728483s | 显存: 0.00 B
  t=6s - 时间: 0.787601s | 显存: 0.00 B
  t=7s - 时间: 0.864567s | 显存: 0.00 B
  t=8s - 时间: 0.975318s | 显存: 0.00 B
  t=9s - 时间: 1.062675s | 显存: 0.00 B

[19秒 PDE求解]
  t=19.0s - 时间: 1.829970s | 显存: 0.00 B

[PDE求解部分] 总时间: 1.830274s | 显存: 0.00 B

[本步骤总计] 时间: 8.385921s | 显存: 4.12 GB
orginal_loss:  tensor(23092.6426, device='cuda:0', grad_fn=<MseLossBackward0>)
[Step 90] Backward Propagation - Time: 9.9831s, Mem: -4416135168.00 B
x_adv.requires_grad:  True
pred_19.requires_grad, true_19.requires_grad:  True True
Autograd grad max:  tensor(74.0723, device='cuda:0')
Autograd grad min:  tensor(-109.4939, device='cuda:0')
Autograd grad mean:  tensor(-0.1036, device='cuda:0')
[Step 90] PGD Update - Time: 0.0011s, Mem: 0.00 B

[Step 90] 完整步骤总时间: 18.374155s | 总显存: 0.00 B
[Step 90] 峰值显存: 6.22 GB

[Step 91] ============ 详细性能分析 ============
[模型部分] 总时间: 6.454219s | 显存: 4.12 GB

[0-9秒 PDE求解详细性能]
  t=0s - 时间: 0.000000s | 显存: 0.00 B
  t=1s - 时间: 0.425851s | 显存: 0.00 B
  t=2s - 时间: 0.490813s | 显存: 0.00 B
  t=3s - 时间: 0.531272s | 显存: 0.00 B
  t=4s - 时间: 0.599366s | 显存: 0.00 B
  t=5s - 时间: 0.699029s | 显存: 0.00 B
  t=6s - 时间: 0.771483s | 显存: 0.00 B
  t=7s - 时间: 0.893779s | 显存: 0.00 B
  t=8s - 时间: 0.971143s | 显存: 0.00 B
  t=9s - 时间: 1.050693s | 显存: 0.00 B

[19秒 PDE求解]
  t=19.0s - 时间: 1.825068s | 显存: 0.00 B

[PDE求解部分] 总时间: 1.825410s | 显存: 0.00 B

[本步骤总计] 时间: 8.279629s | 显存: 4.12 GB
orginal_loss:  tensor(23402.2812, device='cuda:0', grad_fn=<MseLossBackward0>)
[Step 91] Backward Propagation - Time: 9.9758s, Mem: -4416135168.00 B
x_adv.requires_grad:  True
pred_19.requires_grad, true_19.requires_grad:  True True
Autograd grad max:  tensor(76.8863, device='cuda:0')
Autograd grad min:  tensor(-111.5822, device='cuda:0')
Autograd grad mean:  tensor(-0.0902, device='cuda:0')
[Step 91] PGD Update - Time: 0.0013s, Mem: 0.00 B

[Step 91] 完整步骤总时间: 18.260710s | 总显存: 0.00 B
[Step 91] 峰值显存: 6.22 GB

[Step 92] ============ 详细性能分析 ============
[模型部分] 总时间: 6.374044s | 显存: 4.12 GB

[0-9秒 PDE求解详细性能]
  t=0s - 时间: 0.000000s | 显存: 0.00 B
  t=1s - 时间: 0.402996s | 显存: 0.00 B
  t=2s - 时间: 0.462899s | 显存: 0.00 B
  t=3s - 时间: 0.517166s | 显存: 0.00 B
  t=4s - 时间: 0.611626s | 显存: 0.00 B
  t=5s - 时间: 0.693961s | 显存: 0.00 B
  t=6s - 时间: 0.759657s | 显存: 0.00 B
  t=7s - 时间: 0.881197s | 显存: 0.00 B
  t=8s - 时间: 0.959962s | 显存: 0.00 B
  t=9s - 时间: 1.063776s | 显存: 0.00 B

[19秒 PDE求解]
  t=19.0s - 时间: 1.817099s | 显存: 0.00 B

[PDE求解部分] 总时间: 1.817424s | 显存: 0.00 B

[本步骤总计] 时间: 8.191468s | 显存: 4.12 GB
orginal_loss:  tensor(23822.2852, device='cuda:0', grad_fn=<MseLossBackward0>)
[Step 92] Backward Propagation - Time: 10.0040s, Mem: -4416135168.00 B
x_adv.requires_grad:  True
pred_19.requires_grad, true_19.requires_grad:  True True
Autograd grad max:  tensor(80.6301, device='cuda:0')
Autograd grad min:  tensor(-114.5994, device='cuda:0')
Autograd grad mean:  tensor(-0.0782, device='cuda:0')
[Step 92] PGD Update - Time: 0.0014s, Mem: 0.00 B

[Step 92] 完整步骤总时间: 18.201257s | 总显存: 0.00 B
[Step 92] 峰值显存: 6.22 GB

[Step 93] ============ 详细性能分析 ============
[模型部分] 总时间: 6.408015s | 显存: 4.12 GB

[0-9秒 PDE求解详细性能]
  t=0s - 时间: 0.000000s | 显存: 0.00 B
  t=1s - 时间: 0.415817s | 显存: 0.00 B
  t=2s - 时间: 0.490755s | 显存: 0.00 B
  t=3s - 时间: 0.525655s | 显存: 0.00 B
  t=4s - 时间: 0.593368s | 显存: 0.00 B
  t=5s - 时间: 0.695473s | 显存: 0.00 B
  t=6s - 时间: 0.778776s | 显存: 0.00 B
  t=7s - 时间: 0.873564s | 显存: 0.00 B
  t=8s - 时间: 0.968934s | 显存: 0.00 B
  t=9s - 时间: 1.044543s | 显存: 0.00 B

[19秒 PDE求解]
  t=19.0s - 时间: 1.770518s | 显存: 0.00 B

[PDE求解部分] 总时间: 1.770829s | 显存: 0.00 B

[本步骤总计] 时间: 8.178844s | 显存: 4.12 GB
orginal_loss:  tensor(24331.5234, device='cuda:0', grad_fn=<MseLossBackward0>)
[Step 93] Backward Propagation - Time: 10.0802s, Mem: -4416135168.00 B
x_adv.requires_grad:  True
pred_19.requires_grad, true_19.requires_grad:  True True
Autograd grad max:  tensor(84.9231, device='cuda:0')
Autograd grad min:  tensor(-117.9339, device='cuda:0')
Autograd grad mean:  tensor(-0.0664, device='cuda:0')
[Step 93] PGD Update - Time: 0.0013s, Mem: 0.00 B

[Step 93] 完整步骤总时间: 18.264590s | 总显存: 0.00 B
[Step 93] 峰值显存: 6.22 GB

[Step 94] ============ 详细性能分析 ============
[模型部分] 总时间: 6.511575s | 显存: 4.12 GB

[0-9秒 PDE求解详细性能]
  t=0s - 时间: 0.000000s | 显存: 0.00 B
  t=1s - 时间: 0.404678s | 显存: 0.00 B
  t=2s - 时间: 0.471885s | 显存: 0.00 B
  t=3s - 时间: 0.593608s | 显存: 0.00 B
  t=4s - 时间: 0.610503s | 显存: 0.00 B
  t=5s - 时间: 0.704075s | 显存: 0.00 B
  t=6s - 时间: 0.804622s | 显存: 0.00 B
  t=7s - 时间: 0.896023s | 显存: 0.00 B
  t=8s - 时间: 0.982893s | 显存: 0.00 B
  t=9s - 时间: 1.017298s | 显存: 0.00 B

[19秒 PDE求解]
  t=19.0s - 时间: 1.787870s | 显存: 0.00 B

[PDE求解部分] 总时间: 1.788187s | 显存: 0.00 B

[本步骤总计] 时间: 8.299762s | 显存: 4.12 GB
orginal_loss:  tensor(24949.5508, device='cuda:0', grad_fn=<MseLossBackward0>)
[Step 94] Backward Propagation - Time: 10.0660s, Mem: -4416135168.00 B
x_adv.requires_grad:  True
pred_19.requires_grad, true_19.requires_grad:  True True
Autograd grad max:  tensor(89.9638, device='cuda:0')
Autograd grad min:  tensor(-122.0043, device='cuda:0')
Autograd grad mean:  tensor(-0.0540, device='cuda:0')
[Step 94] PGD Update - Time: 0.0013s, Mem: 0.00 B

[Step 94] 完整步骤总时间: 18.373062s | 总显存: 0.00 B
[Step 94] 峰值显存: 6.22 GB

[Step 95] ============ 详细性能分析 ============
[模型部分] 总时间: 6.509465s | 显存: 4.12 GB

[0-9秒 PDE求解详细性能]
  t=0s - 时间: 0.000000s | 显存: 0.00 B
  t=1s - 时间: 0.375141s | 显存: 0.00 B
  t=2s - 时间: 0.447864s | 显存: 0.00 B
  t=3s - 时间: 0.570863s | 显存: 0.00 B
  t=4s - 时间: 0.644690s | 显存: 0.00 B
  t=5s - 时间: 0.732562s | 显存: 0.00 B
  t=6s - 时间: 0.807530s | 显存: 0.00 B
  t=7s - 时间: 0.903064s | 显存: 0.00 B
  t=8s - 时间: 0.957604s | 显存: 0.00 B
  t=9s - 时间: 1.049257s | 显存: 0.00 B

[19秒 PDE求解]
  t=19.0s - 时间: 1.808472s | 显存: 0.00 B

[PDE求解部分] 总时间: 1.808821s | 显存: 0.00 B

[本步骤总计] 时间: 8.318286s | 显存: 4.12 GB
orginal_loss:  tensor(25711.2148, device='cuda:0', grad_fn=<MseLossBackward0>)
[Step 95] Backward Propagation - Time: 9.9648s, Mem: -4416135168.00 B
x_adv.requires_grad:  True
pred_19.requires_grad, true_19.requires_grad:  True True
Autograd grad max:  tensor(95.2841, device='cuda:0')
Autograd grad min:  tensor(-125.2015, device='cuda:0')
Autograd grad mean:  tensor(-0.0398, device='cuda:0')
[Step 95] PGD Update - Time: 0.0013s, Mem: 0.00 B

[Step 95] 完整步骤总时间: 18.288629s | 总显存: 0.00 B
[Step 95] 峰值显存: 6.22 GB

[Step 96] ============ 详细性能分析 ============
[模型部分] 总时间: 6.513891s | 显存: 4.12 GB

[0-9秒 PDE求解详细性能]
  t=0s - 时间: 0.000000s | 显存: 0.00 B
  t=1s - 时间: 0.421191s | 显存: 0.00 B
  t=2s - 时间: 0.491771s | 显存: 0.00 B
  t=3s - 时间: 0.559945s | 显存: 0.00 B
  t=4s - 时间: 0.632789s | 显存: 0.00 B
  t=5s - 时间: 0.704246s | 显存: 0.00 B
  t=6s - 时间: 0.805008s | 显存: 0.00 B
  t=7s - 时间: 0.889080s | 显存: 0.00 B
  t=8s - 时间: 0.962158s | 显存: 0.00 B
  t=9s - 时间: 1.026488s | 显存: 0.00 B

[19秒 PDE求解]
  t=19.0s - 时间: 1.849806s | 显存: 0.00 B

[PDE求解部分] 总时间: 1.850129s | 显存: 0.00 B

[本步骤总计] 时间: 8.364020s | 显存: 4.12 GB
orginal_loss:  tensor(26621.9453, device='cuda:0', grad_fn=<MseLossBackward0>)
[Step 96] Backward Propagation - Time: 10.0067s, Mem: -4416135168.00 B
x_adv.requires_grad:  True
pred_19.requires_grad, true_19.requires_grad:  True True
Autograd grad max:  tensor(102.2101, device='cuda:0')
Autograd grad min:  tensor(-125.8108, device='cuda:0')
Autograd grad mean:  tensor(-0.0226, device='cuda:0')
[Step 96] PGD Update - Time: 0.0014s, Mem: 0.00 B

[Step 96] 完整步骤总时间: 18.376735s | 总显存: 0.00 B
[Step 96] 峰值显存: 6.22 GB

[Step 97] ============ 详细性能分析 ============
[模型部分] 总时间: 6.621221s | 显存: 4.12 GB

[0-9秒 PDE求解详细性能]
  t=0s - 时间: 0.000000s | 显存: 0.00 B
  t=1s - 时间: 0.438362s | 显存: 0.00 B
  t=2s - 时间: 0.499803s | 显存: 0.00 B
  t=3s - 时间: 0.583843s | 显存: 0.00 B
  t=4s - 时间: 0.638107s | 显存: 0.00 B
  t=5s - 时间: 0.748129s | 显存: 0.00 B
  t=6s - 时间: 0.806140s | 显存: 0.00 B
  t=7s - 时间: 0.850168s | 显存: 0.00 B
  t=8s - 时间: 0.978864s | 显存: 0.00 B
  t=9s - 时间: 1.056908s | 显存: 0.00 B

[19秒 PDE求解]
  t=19.0s - 时间: 1.805982s | 显存: 0.00 B

[PDE求解部分] 总时间: 1.806289s | 显存: 0.00 B

[本步骤总计] 时间: 8.427510s | 显存: 4.12 GB
orginal_loss:  tensor(27558.9102, device='cuda:0', grad_fn=<MseLossBackward0>)
[Step 97] Backward Propagation - Time: 10.0621s, Mem: -4416135168.00 B
x_adv.requires_grad:  True
pred_19.requires_grad, true_19.requires_grad:  True True
Autograd grad max:  tensor(105.2754, device='cuda:0')
Autograd grad min:  tensor(-122.9373, device='cuda:0')
Autograd grad mean:  tensor(-0.0010, device='cuda:0')
[Step 97] PGD Update - Time: 0.0013s, Mem: 0.00 B

[Step 97] 完整步骤总时间: 18.494974s | 总显存: 0.00 B
[Step 97] 峰值显存: 6.22 GB

[Step 98] ============ 详细性能分析 ============
[模型部分] 总时间: 6.501657s | 显存: 4.12 GB

[0-9秒 PDE求解详细性能]
  t=0s - 时间: 0.000000s | 显存: 0.00 B
  t=1s - 时间: 0.413235s | 显存: 0.00 B
  t=2s - 时间: 0.472827s | 显存: 0.00 B
  t=3s - 时间: 0.535732s | 显存: 0.00 B
  t=4s - 时间: 0.617218s | 显存: 0.00 B
  t=5s - 时间: 0.718083s | 显存: 0.00 B
  t=6s - 时间: 0.814929s | 显存: 0.00 B
  t=7s - 时间: 0.886782s | 显存: 0.00 B
  t=8s - 时间: 0.957384s | 显存: 0.00 B
  t=9s - 时间: 1.064678s | 显存: 0.00 B

[19秒 PDE求解]
  t=19.0s - 时间: 1.845988s | 显存: 0.00 B

[PDE求解部分] 总时间: 1.846590s | 显存: 0.00 B

[本步骤总计] 时间: 8.348247s | 显存: 4.12 GB
orginal_loss:  tensor(28305.5840, device='cuda:0', grad_fn=<MseLossBackward0>)
[Step 98] Backward Propagation - Time: 9.9507s, Mem: -4416135168.00 B
x_adv.requires_grad:  True
pred_19.requires_grad, true_19.requires_grad:  True True
Autograd grad max:  tensor(106.6562, device='cuda:0')
Autograd grad min:  tensor(-118.6106, device='cuda:0')
Autograd grad mean:  tensor(0.0255, device='cuda:0')
[Step 98] PGD Update - Time: 0.0011s, Mem: 0.00 B

[Step 98] 完整步骤总时间: 18.307553s | 总显存: 0.00 B
[Step 98] 峰值显存: 6.22 GB

[Step 99] ============ 详细性能分析 ============
[模型部分] 总时间: 11.391564s | 显存: 4.12 GB

[0-9秒 PDE求解详细性能]
  t=0s - 时间: 0.000000s | 显存: 0.00 B
  t=1s - 时间: 0.418801s | 显存: 0.00 B
  t=2s - 时间: 0.481204s | 显存: 0.00 B
  t=3s - 时间: 0.554580s | 显存: 0.00 B
  t=4s - 时间: 0.629955s | 显存: 0.00 B
  t=5s - 时间: 0.733621s | 显存: 0.00 B
  t=6s - 时间: 0.822209s | 显存: 0.00 B
  t=7s - 时间: 1.816687s | 显存: 0.00 B
  t=8s - 时间: 1.586301s | 显存: 0.00 B
  t=9s - 时间: 1.019071s | 显存: 0.00 B

[19秒 PDE求解]
  t=19.0s - 时间: 1.844076s | 显存: 0.00 B

[PDE求解部分] 总时间: 1.844388s | 显存: 0.00 B

[本步骤总计] 时间: 13.235951s | 显存: 4.12 GB
orginal_loss:  tensor(28770.3008, device='cuda:0', grad_fn=<MseLossBackward0>)
[Step 99] Backward Propagation - Time: 11.4452s, Mem: -4416135168.00 B
x_adv.requires_grad:  True
pred_19.requires_grad, true_19.requires_grad:  True True
Autograd grad max:  tensor(111.8996, device='cuda:0')
Autograd grad min:  tensor(-116.9538, device='cuda:0')
Autograd grad mean:  tensor(0.0564, device='cuda:0')
[Step 99] PGD Update - Time: 0.1082s, Mem: 0.00 B

[Step 99] 完整步骤总时间: 26.047062s | 总显存: 0.00 B
[Step 99] 峰值显存: 6.22 GB
清理前显存占用: 2092.6298828125 MB
PGD攻击完成！显存已清理
当前显存占用: 2092.1298828125 MB
================================================================================
norm: 2, epsilon: 26.2144, alpha: 2.0, num_steps: 100, index: 1
x_adv.shape:  torch.Size([256, 256])

[Step 0] ============ 详细性能分析 ============
[模型部分] 总时间: 6.515849s | 显存: 4.11 GB

[0-9秒 PDE求解详细性能]
  t=0s - 时间: 0.000000s | 显存: 0.00 B
  t=1s - 时间: 0.406817s | 显存: 0.00 B
  t=2s - 时间: 0.471057s | 显存: 0.00 B
  t=3s - 时间: 0.559442s | 显存: 0.00 B
  t=4s - 时间: 0.623771s | 显存: 0.00 B
  t=5s - 时间: 0.706322s | 显存: 0.00 B
  t=6s - 时间: 0.799965s | 显存: 0.00 B
  t=7s - 时间: 0.886303s | 显存: 0.00 B
  t=8s - 时间: 0.974440s | 显存: 0.00 B
  t=9s - 时间: 1.058594s | 显存: 0.00 B

[19秒 PDE求解]
  t=19.0s - 时间: 1.846709s | 显存: 0.00 B

[PDE求解部分] 总时间: 1.847026s | 显存: 0.00 B

[本步骤总计] 时间: 8.362875s | 显存: 4.11 GB
orginal_loss:  tensor(3644.5620, device='cuda:0', grad_fn=<MseLossBackward0>)
[Step 0] Backward Propagation - Time: 10.0387s, Mem: -4411883520.00 B
x_adv.requires_grad:  True
pred_19.requires_grad, true_19.requires_grad:  True True
Autograd grad max:  tensor(95.2903, device='cuda:0')
Autograd grad min:  tensor(-56.5517, device='cuda:0')
Autograd grad mean:  tensor(-0.0571, device='cuda:0')
[Step 0] PGD Update - Time: 0.0009s, Mem: 513.00 KB

[Step 0] 完整步骤总时间: 18.406009s | 总显存: 3.75 MB
[Step 0] 峰值显存: 6.22 GB

[Step 1] ============ 详细性能分析 ============
[模型部分] 总时间: 6.699700s | 显存: 4.11 GB

[0-9秒 PDE求解详细性能]
  t=0s - 时间: 0.000000s | 显存: 0.00 B
  t=1s - 时间: 0.433649s | 显存: 0.00 B
  t=2s - 时间: 0.515304s | 显存: 0.00 B
  t=3s - 时间: 0.580907s | 显存: 0.00 B
  t=4s - 时间: 0.668142s | 显存: 0.00 B
  t=5s - 时间: 0.748959s | 显存: 0.00 B
  t=6s - 时间: 0.833769s | 显存: 0.00 B
  t=7s - 时间: 0.875148s | 显存: 0.00 B
  t=8s - 时间: 0.946357s | 显存: 0.00 B
  t=9s - 时间: 1.076463s | 显存: 0.00 B

[19秒 PDE求解]
  t=19.0s - 时间: 1.820484s | 显存: 0.00 B

[PDE求解部分] 总时间: 1.820799s | 显存: 0.00 B

[本步骤总计] 时间: 8.520499s | 显存: 4.11 GB
orginal_loss:  tensor(4713.1494, device='cuda:0', grad_fn=<MseLossBackward0>)
[Step 1] Backward Propagation - Time: 10.0545s, Mem: -4410040320.00 B
x_adv.requires_grad:  True
pred_19.requires_grad, true_19.requires_grad:  True True
Autograd grad max:  tensor(112.7109, device='cuda:0')
Autograd grad min:  tensor(-60.4256, device='cuda:0')
Autograd grad mean:  tensor(-0.0981, device='cuda:0')
[Step 1] PGD Update - Time: 0.0011s, Mem: 0.00 B

[Step 1] 完整步骤总时间: 18.580141s | 总显存: -524288.00 B
[Step 1] 峰值显存: 6.22 GB

[Step 2] ============ 详细性能分析 ============
[模型部分] 总时间: 6.662871s | 显存: 4.12 GB

[0-9秒 PDE求解详细性能]
  t=0s - 时间: 0.000000s | 显存: 0.00 B
  t=1s - 时间: 0.434127s | 显存: 0.00 B
  t=2s - 时间: 0.473875s | 显存: 0.00 B
  t=3s - 时间: 0.566341s | 显存: 0.00 B
  t=4s - 时间: 0.680375s | 显存: 0.00 B
  t=5s - 时间: 0.742272s | 显存: 0.00 B
  t=6s - 时间: 0.826215s | 显存: 0.00 B
  t=7s - 时间: 0.903146s | 显存: 0.00 B
  t=8s - 时间: 0.973046s | 显存: 0.00 B
  t=9s - 时间: 1.042586s | 显存: 0.00 B

[19秒 PDE求解]
  t=19.0s - 时间: 1.853599s | 显存: 0.00 B

[PDE求解部分] 总时间: 1.853968s | 显存: 0.00 B

[本步骤总计] 时间: 8.516839s | 显存: 4.12 GB
orginal_loss:  tensor(6548.1904, device='cuda:0', grad_fn=<MseLossBackward0>)
[Step 2] Backward Propagation - Time: 9.8581s, Mem: -4413235200.00 B
x_adv.requires_grad:  True
pred_19.requires_grad, true_19.requires_grad:  True True
Autograd grad max:  tensor(126.0007, device='cuda:0')
Autograd grad min:  tensor(-70.0793, device='cuda:0')
Autograd grad mean:  tensor(-0.1324, device='cuda:0')
[Step 2] PGD Update - Time: 0.0011s, Mem: 0.00 B

[Step 2] 完整步骤总时间: 18.380438s | 总显存: 0.00 B
[Step 2] 峰值显存: 6.22 GB

[Step 3] ============ 详细性能分析 ============
[模型部分] 总时间: 6.786350s | 显存: 4.12 GB

[0-9秒 PDE求解详细性能]
  t=0s - 时间: 0.000000s | 显存: 0.00 B
  t=1s - 时间: 0.432924s | 显存: 0.00 B
  t=2s - 时间: 0.524144s | 显存: 0.00 B
  t=3s - 时间: 0.607318s | 显存: 0.00 B
  t=4s - 时间: 0.675408s | 显存: 0.00 B
  t=5s - 时间: 0.769222s | 显存: 0.00 B
  t=6s - 时间: 0.839171s | 显存: 0.00 B
  t=7s - 时间: 0.918544s | 显存: 0.00 B
  t=8s - 时间: 0.940383s | 显存: 0.00 B
  t=9s - 时间: 1.057932s | 显存: 0.00 B

[19秒 PDE求解]
  t=19.0s - 时间: 1.825161s | 显存: 0.00 B

[PDE求解部分] 总时间: 1.825497s | 显存: 0.00 B

[本步骤总计] 时间: 8.611848s | 显存: 4.12 GB
orginal_loss:  tensor(7194.1001, device='cuda:0', grad_fn=<MseLossBackward0>)
[Step 3] Backward Propagation - Time: 10.2286s, Mem: -4413235200.00 B
x_adv.requires_grad:  True
pred_19.requires_grad, true_19.requires_grad:  True True
Autograd grad max:  tensor(117.6158, device='cuda:0')
Autograd grad min:  tensor(-73.3462, device='cuda:0')
Autograd grad mean:  tensor(-0.1378, device='cuda:0')
[Step 3] PGD Update - Time: 0.0013s, Mem: 0.00 B

[Step 3] 完整步骤总时间: 18.845966s | 总显存: 0.00 B
[Step 3] 峰值显存: 6.22 GB

[Step 4] ============ 详细性能分析 ============
[模型部分] 总时间: 6.669049s | 显存: 4.12 GB

[0-9秒 PDE求解详细性能]
  t=0s - 时间: 0.000000s | 显存: 0.00 B
  t=1s - 时间: 0.430876s | 显存: 0.00 B
  t=2s - 时间: 0.498628s | 显存: 0.00 B
  t=3s - 时间: 0.577213s | 显存: 0.00 B
  t=4s - 时间: 0.684139s | 显存: 0.00 B
  t=5s - 时间: 0.722698s | 显存: 0.00 B
  t=6s - 时间: 0.788917s | 显存: 0.00 B
  t=7s - 时间: 0.888227s | 显存: 0.00 B
  t=8s - 时间: 0.983322s | 显存: 0.00 B
  t=9s - 时间: 1.071261s | 显存: 0.00 B

[19秒 PDE求解]
  t=19.0s - 时间: 1.880696s | 显存: 0.00 B

[PDE求解部分] 总时间: 1.881046s | 显存: 0.00 B

[本步骤总计] 时间: 8.550095s | 显存: 4.12 GB
orginal_loss:  tensor(7352.7583, device='cuda:0', grad_fn=<MseLossBackward0>)
[Step 4] Backward Propagation - Time: 10.2123s, Mem: -4413235200.00 B
x_adv.requires_grad:  True
pred_19.requires_grad, true_19.requires_grad:  True True
Autograd grad max:  tensor(108.8901, device='cuda:0')
Autograd grad min:  tensor(-78.6000, device='cuda:0')
Autograd grad mean:  tensor(-0.1393, device='cuda:0')
[Step 4] PGD Update - Time: 0.0010s, Mem: 0.00 B

[Step 4] 完整步骤总时间: 18.768222s | 总显存: 0.00 B
[Step 4] 峰值显存: 6.22 GB

[Step 5] ============ 详细性能分析 ============
[模型部分] 总时间: 6.553947s | 显存: 4.12 GB

[0-9秒 PDE求解详细性能]
  t=0s - 时间: 0.000000s | 显存: 0.00 B
  t=1s - 时间: 0.424070s | 显存: 0.00 B
  t=2s - 时间: 0.474191s | 显存: 0.00 B
  t=3s - 时间: 0.560164s | 显存: 0.00 B
  t=4s - 时间: 0.634480s | 显存: 0.00 B
  t=5s - 时间: 0.747126s | 显存: 0.00 B
  t=6s - 时间: 0.826409s | 显存: 0.00 B
  t=7s - 时间: 0.887217s | 显存: 0.00 B
  t=8s - 时间: 0.938662s | 显存: 0.00 B
  t=9s - 时间: 1.040765s | 显存: 0.00 B

[19秒 PDE求解]
  t=19.0s - 时间: 1.833978s | 显存: 0.00 B

[PDE求解部分] 总时间: 1.834358s | 显存: 0.00 B

[本步骤总计] 时间: 8.388305s | 显存: 4.12 GB
orginal_loss:  tensor(7963.6504, device='cuda:0', grad_fn=<MseLossBackward0>)
[Step 5] Backward Propagation - Time: 9.9761s, Mem: -4413235200.00 B
x_adv.requires_grad:  True
pred_19.requires_grad, true_19.requires_grad:  True True
Autograd grad max:  tensor(106.8509, device='cuda:0')
Autograd grad min:  tensor(-85.9215, device='cuda:0')
Autograd grad mean:  tensor(-0.1536, device='cuda:0')
[Step 5] PGD Update - Time: 0.0013s, Mem: 0.00 B

[Step 5] 完整步骤总时间: 18.369920s | 总显存: 0.00 B
[Step 5] 峰值显存: 6.22 GB

[Step 6] ============ 详细性能分析 ============
[模型部分] 总时间: 6.683135s | 显存: 4.12 GB

[0-9秒 PDE求解详细性能]
  t=0s - 时间: 0.000000s | 显存: 0.00 B
  t=1s - 时间: 0.401747s | 显存: 0.00 B
  t=2s - 时间: 0.488027s | 显存: 0.00 B
  t=3s - 时间: 0.564209s | 显存: 0.00 B
  t=4s - 时间: 0.694846s | 显存: 0.00 B
  t=5s - 时间: 0.739468s | 显存: 0.00 B
  t=6s - 时间: 0.843889s | 显存: 0.00 B
  t=7s - 时间: 0.910810s | 显存: 0.00 B
  t=8s - 时间: 0.980330s | 显存: 0.00 B
  t=9s - 时间: 1.038648s | 显存: 0.00 B

[19秒 PDE求解]
  t=19.0s - 时间: 1.834881s | 显存: 0.00 B

[PDE求解部分] 总时间: 1.835232s | 显存: 0.00 B

[本步骤总计] 时间: 8.518367s | 显存: 4.12 GB
orginal_loss:  tensor(8735.8652, device='cuda:0', grad_fn=<MseLossBackward0>)
[Step 6] Backward Propagation - Time: 9.8371s, Mem: -4413235200.00 B
x_adv.requires_grad:  True
pred_19.requires_grad, true_19.requires_grad:  True True
Autograd grad max:  tensor(103.2614, device='cuda:0')
Autograd grad min:  tensor(-89.0636, device='cuda:0')
Autograd grad mean:  tensor(-0.1471, device='cuda:0')
[Step 6] PGD Update - Time: 0.0013s, Mem: 0.00 B

[Step 6] 完整步骤总时间: 18.361337s | 总显存: 0.00 B
[Step 6] 峰值显存: 6.22 GB

[Step 7] ============ 详细性能分析 ============
[模型部分] 总时间: 6.546571s | 显存: 4.12 GB

[0-9秒 PDE求解详细性能]
  t=0s - 时间: 0.000000s | 显存: 0.00 B
  t=1s - 时间: 0.422214s | 显存: 0.00 B
  t=2s - 时间: 0.467073s | 显存: 0.00 B
  t=3s - 时间: 0.552525s | 显存: 0.00 B
  t=4s - 时间: 0.634750s | 显存: 0.00 B
  t=5s - 时间: 0.762904s | 显存: 0.00 B
  t=6s - 时间: 0.814160s | 显存: 0.00 B
  t=7s - 时间: 0.898961s | 显存: 0.00 B
  t=8s - 时间: 0.949367s | 显存: 0.00 B
  t=9s - 时间: 1.023500s | 显存: 0.00 B

[19秒 PDE求解]
  t=19.0s - 时间: 1.816443s | 显存: 0.00 B

[PDE求解部分] 总时间: 1.816749s | 显存: 0.00 B

[本步骤总计] 时间: 8.363320s | 显存: 4.12 GB
orginal_loss:  tensor(9088.0371, device='cuda:0', grad_fn=<MseLossBackward0>)
[Step 7] Backward Propagation - Time: 9.9885s, Mem: -4413235200.00 B
x_adv.requires_grad:  True
pred_19.requires_grad, true_19.requires_grad:  True True
Autograd grad max:  tensor(106.3617, device='cuda:0')
Autograd grad min:  tensor(-93.3601, device='cuda:0')
Autograd grad mean:  tensor(-0.1312, device='cuda:0')
[Step 7] PGD Update - Time: 0.0013s, Mem: 0.00 B

[Step 7] 完整步骤总时间: 18.357329s | 总显存: 0.00 B
[Step 7] 峰值显存: 6.22 GB

[Step 8] ============ 详细性能分析 ============
[模型部分] 总时间: 6.807650s | 显存: 4.12 GB

[0-9秒 PDE求解详细性能]
  t=0s - 时间: 0.000000s | 显存: 0.00 B
  t=1s - 时间: 0.424348s | 显存: 0.00 B
  t=2s - 时间: 0.513573s | 显存: 0.00 B
  t=3s - 时间: 0.562888s | 显存: 0.00 B
  t=4s - 时间: 0.695974s | 显存: 0.00 B
  t=5s - 时间: 0.762694s | 显存: 0.00 B
  t=6s - 时间: 0.843023s | 显存: 0.00 B
  t=7s - 时间: 0.919062s | 显存: 0.00 B
  t=8s - 时间: 0.995615s | 显存: 0.00 B
  t=9s - 时间: 1.069545s | 显存: 0.00 B

[19秒 PDE求解]
  t=19.0s - 时间: 1.881083s | 显存: 0.00 B

[PDE求解部分] 总时间: 1.881403s | 显存: 0.00 B

[本步骤总计] 时间: 8.689053s | 显存: 4.12 GB
orginal_loss:  tensor(11176.3320, device='cuda:0', grad_fn=<MseLossBackward0>)
[Step 8] Backward Propagation - Time: 10.1101s, Mem: -4413235200.00 B
x_adv.requires_grad:  True
pred_19.requires_grad, true_19.requires_grad:  True True
Autograd grad max:  tensor(112.6774, device='cuda:0')
Autograd grad min:  tensor(-97.9818, device='cuda:0')
Autograd grad mean:  tensor(-0.1277, device='cuda:0')
[Step 8] PGD Update - Time: 0.0012s, Mem: 0.00 B

[Step 8] 完整步骤总时间: 18.805099s | 总显存: 0.00 B
[Step 8] 峰值显存: 6.22 GB

[Step 9] ============ 详细性能分析 ============
[模型部分] 总时间: 6.700871s | 显存: 4.12 GB

[0-9秒 PDE求解详细性能]
  t=0s - 时间: 0.000000s | 显存: 0.00 B
  t=1s - 时间: 0.407306s | 显存: 0.00 B
  t=2s - 时间: 0.482009s | 显存: 0.00 B
  t=3s - 时间: 0.627466s | 显存: 0.00 B
  t=4s - 时间: 0.655158s | 显存: 0.00 B
  t=5s - 时间: 0.757425s | 显存: 0.00 B
  t=6s - 时间: 0.832900s | 显存: 0.00 B
  t=7s - 时间: 0.913674s | 显存: 0.00 B
  t=8s - 时间: 0.960093s | 显存: 0.00 B
  t=9s - 时间: 1.043918s | 显存: 0.00 B

[19秒 PDE求解]
  t=19.0s - 时间: 1.871443s | 显存: 0.00 B

[PDE求解部分] 总时间: 1.871814s | 显存: 0.00 B

[本步骤总计] 时间: 8.572685s | 显存: 4.12 GB
orginal_loss:  tensor(11520.0762, device='cuda:0', grad_fn=<MseLossBackward0>)
[Step 9] Backward Propagation - Time: 10.1526s, Mem: -4413235200.00 B
x_adv.requires_grad:  True
pred_19.requires_grad, true_19.requires_grad:  True True
Autograd grad max:  tensor(98.3190, device='cuda:0')
Autograd grad min:  tensor(-89.9999, device='cuda:0')
Autograd grad mean:  tensor(-0.1333, device='cuda:0')
[Step 9] PGD Update - Time: 0.0012s, Mem: 0.00 B

[Step 9] 完整步骤总时间: 18.731015s | 总显存: 0.00 B
[Step 9] 峰值显存: 6.22 GB

[Step 10] ============ 详细性能分析 ============
[模型部分] 总时间: 6.615640s | 显存: 4.12 GB

[0-9秒 PDE求解详细性能]
  t=0s - 时间: 0.000000s | 显存: 0.00 B
  t=1s - 时间: 0.429698s | 显存: 0.00 B
  t=2s - 时间: 0.504669s | 显存: 0.00 B
  t=3s - 时间: 0.603116s | 显存: 0.00 B
  t=4s - 时间: 0.668822s | 显存: 0.00 B
  t=5s - 时间: 0.719066s | 显存: 0.00 B
  t=6s - 时间: 0.803157s | 显存: 0.00 B
  t=7s - 时间: 0.870495s | 显存: 0.00 B
  t=8s - 时间: 0.941550s | 显存: 0.00 B
  t=9s - 时间: 1.053819s | 显存: 0.00 B

[19秒 PDE求解]
  t=19.0s - 时间: 1.827869s | 显存: 0.00 B

[PDE求解部分] 总时间: 1.828188s | 显存: 0.00 B

[本步骤总计] 时间: 8.443828s | 显存: 4.12 GB
orginal_loss:  tensor(10184.2441, device='cuda:0', grad_fn=<MseLossBackward0>)
[Step 10] Backward Propagation - Time: 9.9983s, Mem: -4413235200.00 B
x_adv.requires_grad:  True
pred_19.requires_grad, true_19.requires_grad:  True True
Autograd grad max:  tensor(79.8990, device='cuda:0')
Autograd grad min:  tensor(-76.3694, device='cuda:0')
Autograd grad mean:  tensor(-0.1087, device='cuda:0')
[Step 10] PGD Update - Time: 0.0011s, Mem: 0.00 B

[Step 10] 完整步骤总时间: 18.447400s | 总显存: 0.00 B
[Step 10] 峰值显存: 6.22 GB

[Step 11] ============ 详细性能分析 ============
[模型部分] 总时间: 6.684558s | 显存: 4.12 GB

[0-9秒 PDE求解详细性能]
  t=0s - 时间: 0.000000s | 显存: 0.00 B
  t=1s - 时间: 0.422540s | 显存: 0.00 B
  t=2s - 时间: 0.513388s | 显存: 0.00 B
  t=3s - 时间: 0.584100s | 显存: 0.00 B
  t=4s - 时间: 0.657420s | 显存: 0.00 B
  t=5s - 时间: 0.743301s | 显存: 0.00 B
  t=6s - 时间: 0.833875s | 显存: 0.00 B
  t=7s - 时间: 0.883473s | 显存: 0.00 B
  t=8s - 时间: 0.975869s | 显存: 0.00 B
  t=9s - 时间: 1.049769s | 显存: 0.00 B

[19秒 PDE求解]
  t=19.0s - 时间: 1.859647s | 显存: 0.00 B

[PDE求解部分] 总时间: 1.859984s | 显存: 0.00 B

[本步骤总计] 时间: 8.544542s | 显存: 4.12 GB
orginal_loss:  tensor(9531.0762, device='cuda:0', grad_fn=<MseLossBackward0>)
[Step 11] Backward Propagation - Time: 9.9562s, Mem: -4413235200.00 B
x_adv.requires_grad:  True
pred_19.requires_grad, true_19.requires_grad:  True True
Autograd grad max:  tensor(66.3030, device='cuda:0')
Autograd grad min:  tensor(-74.4499, device='cuda:0')
Autograd grad mean:  tensor(-0.0772, device='cuda:0')
[Step 11] PGD Update - Time: 0.0012s, Mem: 0.00 B

[Step 11] 完整步骤总时间: 18.506865s | 总显存: 0.00 B
[Step 11] 峰值显存: 6.22 GB

[Step 12] ============ 详细性能分析 ============
[模型部分] 总时间: 6.517212s | 显存: 4.12 GB

[0-9秒 PDE求解详细性能]
  t=0s - 时间: 0.000000s | 显存: 0.00 B
  t=1s - 时间: 0.431694s | 显存: 0.00 B
  t=2s - 时间: 0.469478s | 显存: 0.00 B
  t=3s - 时间: 0.545012s | 显存: 0.00 B
  t=4s - 时间: 0.671964s | 显存: 0.00 B
  t=5s - 时间: 0.705547s | 显存: 0.00 B
  t=6s - 时间: 0.780629s | 显存: 0.00 B
  t=7s - 时间: 0.889978s | 显存: 0.00 B
  t=8s - 时间: 0.964822s | 显存: 0.00 B
  t=9s - 时间: 1.037283s | 显存: 0.00 B

[19秒 PDE求解]
  t=19.0s - 时间: 1.835003s | 显存: 0.00 B

[PDE求解部分] 总时间: 1.835370s | 显存: 0.00 B

[本步骤总计] 时间: 8.352582s | 显存: 4.12 GB
orginal_loss:  tensor(10745.6113, device='cuda:0', grad_fn=<MseLossBackward0>)
[Step 12] Backward Propagation - Time: 13.0540s, Mem: -4413235200.00 B
x_adv.requires_grad:  True
pred_19.requires_grad, true_19.requires_grad:  True True
Autograd grad max:  tensor(72.5386, device='cuda:0')
Autograd grad min:  tensor(-88.4799, device='cuda:0')
Autograd grad mean:  tensor(-0.0560, device='cuda:0')
[Step 12] PGD Update - Time: 0.0010s, Mem: 0.00 B

[Step 12] 完整步骤总时间: 21.411654s | 总显存: 0.00 B
[Step 12] 峰值显存: 6.22 GB

[Step 13] ============ 详细性能分析 ============
[模型部分] 总时间: 6.636124s | 显存: 4.12 GB

[0-9秒 PDE求解详细性能]
  t=0s - 时间: 0.000000s | 显存: 0.00 B
  t=1s - 时间: 0.437639s | 显存: 0.00 B
  t=2s - 时间: 0.489198s | 显存: 0.00 B
  t=3s - 时间: 0.569296s | 显存: 0.00 B
  t=4s - 时间: 0.646820s | 显存: 0.00 B
  t=5s - 时间: 0.735789s | 显存: 0.00 B
  t=6s - 时间: 0.841028s | 显存: 0.00 B
  t=7s - 时间: 0.901143s | 显存: 0.00 B
  t=8s - 时间: 0.958487s | 显存: 0.00 B
  t=9s - 时间: 1.035439s | 显存: 0.00 B

[19秒 PDE求解]
  t=19.0s - 时间: 1.856569s | 显存: 0.00 B

[PDE求解部分] 总时间: 1.856912s | 显存: 0.00 B

[本步骤总计] 时间: 8.493036s | 显存: 4.12 GB
orginal_loss:  tensor(11928.2646, device='cuda:0', grad_fn=<MseLossBackward0>)
[Step 13] Backward Propagation - Time: 10.1558s, Mem: -4413235200.00 B
x_adv.requires_grad:  True
pred_19.requires_grad, true_19.requires_grad:  True True
Autograd grad max:  tensor(85.5971, device='cuda:0')
Autograd grad min:  tensor(-100.4576, device='cuda:0')
Autograd grad mean:  tensor(-0.0434, device='cuda:0')
[Step 13] PGD Update - Time: 0.0020s, Mem: 0.00 B

[Step 13] 完整步骤总时间: 18.655407s | 总显存: 0.00 B
[Step 13] 峰值显存: 6.22 GB

[Step 14] ============ 详细性能分析 ============
[模型部分] 总时间: 6.695323s | 显存: 4.12 GB

[0-9秒 PDE求解详细性能]
  t=0s - 时间: 0.000000s | 显存: 0.00 B
  t=1s - 时间: 0.416074s | 显存: 0.00 B
  t=2s - 时间: 0.502507s | 显存: 0.00 B
  t=3s - 时间: 0.585333s | 显存: 0.00 B
  t=4s - 时间: 0.673489s | 显存: 0.00 B
  t=5s - 时间: 0.739338s | 显存: 0.00 B
  t=6s - 时间: 0.816219s | 显存: 0.00 B
  t=7s - 时间: 0.905401s | 显存: 0.00 B
  t=8s - 时间: 0.977107s | 显存: 0.00 B
  t=9s - 时间: 1.058728s | 显存: 0.00 B

[19秒 PDE求解]
  t=19.0s - 时间: 1.864609s | 显存: 0.00 B

[PDE求解部分] 总时间: 1.864893s | 显存: 0.00 B

[本步骤总计] 时间: 8.560216s | 显存: 4.12 GB
orginal_loss:  tensor(13512.3027, device='cuda:0', grad_fn=<MseLossBackward0>)
[Step 14] Backward Propagation - Time: 10.1827s, Mem: -4413235200.00 B
x_adv.requires_grad:  True
pred_19.requires_grad, true_19.requires_grad:  True True
Autograd grad max:  tensor(101.4748, device='cuda:0')
Autograd grad min:  tensor(-111.3705, device='cuda:0')
Autograd grad mean:  tensor(-0.0370, device='cuda:0')
[Step 14] PGD Update - Time: 0.0012s, Mem: 0.00 B

[Step 14] 完整步骤总时间: 18.748244s | 总显存: 0.00 B
[Step 14] 峰值显存: 6.22 GB

[Step 15] ============ 详细性能分析 ============
[模型部分] 总时间: 6.652974s | 显存: 4.12 GB

[0-9秒 PDE求解详细性能]
  t=0s - 时间: 0.000000s | 显存: 0.00 B
  t=1s - 时间: 0.417924s | 显存: 0.00 B
  t=2s - 时间: 0.482767s | 显存: 0.00 B
  t=3s - 时间: 0.567945s | 显存: 0.00 B
  t=4s - 时间: 0.679047s | 显存: 0.00 B
  t=5s - 时间: 0.745510s | 显存: 0.00 B
  t=6s - 时间: 0.820800s | 显存: 0.00 B
  t=7s - 时间: 0.904535s | 显存: 0.00 B
  t=8s - 时间: 0.965098s | 显存: 0.00 B
  t=9s - 时间: 1.048308s | 显存: 0.00 B

[19秒 PDE求解]
  t=19.0s - 时间: 1.860746s | 显存: 0.00 B

[PDE求解部分] 总时间: 1.861082s | 显存: 0.00 B

[本步骤总计] 时间: 8.514056s | 显存: 4.12 GB
orginal_loss:  tensor(15478.7676, device='cuda:0', grad_fn=<MseLossBackward0>)
[Step 15] Backward Propagation - Time: 10.0702s, Mem: -4413235200.00 B
x_adv.requires_grad:  True
pred_19.requires_grad, true_19.requires_grad:  True True
Autograd grad max:  tensor(112.3052, device='cuda:0')
Autograd grad min:  tensor(-121.8469, device='cuda:0')
Autograd grad mean:  tensor(-0.0407, device='cuda:0')
[Step 15] PGD Update - Time: 0.0012s, Mem: 0.00 B

[Step 15] 完整步骤总时间: 18.589865s | 总显存: 0.00 B
[Step 15] 峰值显存: 6.22 GB

[Step 16] ============ 详细性能分析 ============
[模型部分] 总时间: 6.609684s | 显存: 4.12 GB

[0-9秒 PDE求解详细性能]
  t=0s - 时间: 0.000000s | 显存: 0.00 B
  t=1s - 时间: 0.441574s | 显存: 0.00 B
  t=2s - 时间: 0.510971s | 显存: 0.00 B
  t=3s - 时间: 0.581530s | 显存: 0.00 B
  t=4s - 时间: 0.640971s | 显存: 0.00 B
  t=5s - 时间: 0.723882s | 显存: 0.00 B
  t=6s - 时间: 0.820000s | 显存: 0.00 B
  t=7s - 时间: 0.900046s | 显存: 0.00 B
  t=8s - 时间: 0.938589s | 显存: 0.00 B
  t=9s - 时间: 1.031228s | 显存: 0.00 B

[19秒 PDE求解]
  t=19.0s - 时间: 1.823300s | 显存: 0.00 B

[PDE求解部分] 总时间: 1.823653s | 显存: 0.00 B

[本步骤总计] 时间: 8.433337s | 显存: 4.12 GB
orginal_loss:  tensor(16680.7109, device='cuda:0', grad_fn=<MseLossBackward0>)
[Step 16] Backward Propagation - Time: 10.0075s, Mem: -4413235200.00 B
x_adv.requires_grad:  True
pred_19.requires_grad, true_19.requires_grad:  True True
Autograd grad max:  tensor(118.3024, device='cuda:0')
Autograd grad min:  tensor(-132.9137, device='cuda:0')
Autograd grad mean:  tensor(-0.0394, device='cuda:0')
[Step 16] PGD Update - Time: 0.0014s, Mem: 0.00 B

[Step 16] 完整步骤总时间: 18.446730s | 总显存: 0.00 B
[Step 16] 峰值显存: 6.22 GB

[Step 17] ============ 详细性能分析 ============
[模型部分] 总时间: 6.665811s | 显存: 4.12 GB

[0-9秒 PDE求解详细性能]
  t=0s - 时间: 0.000000s | 显存: 0.00 B
  t=1s - 时间: 0.441790s | 显存: 0.00 B
  t=2s - 时间: 0.496610s | 显存: 0.00 B
  t=3s - 时间: 0.571216s | 显存: 0.00 B
  t=4s - 时间: 0.653345s | 显存: 0.00 B
  t=5s - 时间: 0.740484s | 显存: 0.00 B
  t=6s - 时间: 0.800229s | 显存: 0.00 B
  t=7s - 时间: 0.875794s | 显存: 0.00 B
  t=8s - 时间: 0.954403s | 显存: 0.00 B
  t=9s - 时间: 1.110693s | 显存: 0.00 B

[19秒 PDE求解]
  t=19.0s - 时间: 1.872082s | 显存: 0.00 B

[PDE求解部分] 总时间: 1.872393s | 显存: 0.00 B

[本步骤总计] 时间: 8.538204s | 显存: 4.12 GB
orginal_loss:  tensor(17553.8555, device='cuda:0', grad_fn=<MseLossBackward0>)
[Step 17] Backward Propagation - Time: 10.2623s, Mem: -4413235200.00 B
x_adv.requires_grad:  True
pred_19.requires_grad, true_19.requires_grad:  True True
Autograd grad max:  tensor(123.5670, device='cuda:0')
Autograd grad min:  tensor(-146.1572, device='cuda:0')
Autograd grad mean:  tensor(-0.0341, device='cuda:0')
[Step 17] PGD Update - Time: 0.0013s, Mem: 0.00 B

[Step 17] 完整步骤总时间: 18.805919s | 总显存: 0.00 B
[Step 17] 峰值显存: 6.22 GB

[Step 18] ============ 详细性能分析 ============
[模型部分] 总时间: 6.687108s | 显存: 4.12 GB

[0-9秒 PDE求解详细性能]
  t=0s - 时间: 0.000000s | 显存: 0.00 B
  t=1s - 时间: 0.415137s | 显存: 0.00 B
  t=2s - 时间: 0.488297s | 显存: 0.00 B
  t=3s - 时间: 0.575957s | 显存: 0.00 B
  t=4s - 时间: 0.678171s | 显存: 0.00 B
  t=5s - 时间: 0.765240s | 显存: 0.00 B
  t=6s - 时间: 0.830490s | 显存: 0.00 B
  t=7s - 时间: 0.922091s | 显存: 0.00 B
  t=8s - 时间: 0.950827s | 显存: 0.00 B
  t=9s - 时间: 1.039618s | 显存: 0.00 B

[19秒 PDE求解]
  t=19.0s - 时间: 1.844047s | 显存: 0.00 B

[PDE求解部分] 总时间: 1.844376s | 显存: 0.00 B

[本步骤总计] 时间: 8.531484s | 显存: 4.12 GB
orginal_loss:  tensor(18375.8848, device='cuda:0', grad_fn=<MseLossBackward0>)
[Step 18] Backward Propagation - Time: 10.1917s, Mem: -4413235200.00 B
x_adv.requires_grad:  True
pred_19.requires_grad, true_19.requires_grad:  True True
Autograd grad max:  tensor(129.3825, device='cuda:0')
Autograd grad min:  tensor(-157.2487, device='cuda:0')
Autograd grad mean:  tensor(-0.0222, device='cuda:0')
[Step 18] PGD Update - Time: 0.0014s, Mem: 0.00 B

[Step 18] 完整步骤总时间: 18.729589s | 总显存: 0.00 B
[Step 18] 峰值显存: 6.22 GB

[Step 19] ============ 详细性能分析 ============
[模型部分] 总时间: 6.751787s | 显存: 4.12 GB

[0-9秒 PDE求解详细性能]
  t=0s - 时间: 0.000000s | 显存: 0.00 B
  t=1s - 时间: 0.427501s | 显存: 0.00 B
  t=2s - 时间: 0.506041s | 显存: 0.00 B
  t=3s - 时间: 0.594654s | 显存: 0.00 B
  t=4s - 时间: 0.656457s | 显存: 0.00 B
  t=5s - 时间: 0.748587s | 显存: 0.00 B
  t=6s - 时间: 0.836261s | 显存: 0.00 B
  t=7s - 时间: 0.910420s | 显存: 0.00 B
  t=8s - 时间: 0.987708s | 显存: 0.00 B
  t=9s - 时间: 1.063160s | 显存: 0.00 B

[19秒 PDE求解]
  t=19.0s - 时间: 1.870695s | 显存: 0.00 B

[PDE求解部分] 总时间: 1.871105s | 显存: 0.00 B

[本步骤总计] 时间: 8.622892s | 显存: 4.12 GB
orginal_loss:  tensor(18696.1504, device='cuda:0', grad_fn=<MseLossBackward0>)
[Step 19] Backward Propagation - Time: 10.1328s, Mem: -4413235200.00 B
x_adv.requires_grad:  True
pred_19.requires_grad, true_19.requires_grad:  True True
Autograd grad max:  tensor(134.8373, device='cuda:0')
Autograd grad min:  tensor(-165.6452, device='cuda:0')
Autograd grad mean:  tensor(-0.0093, device='cuda:0')
[Step 19] PGD Update - Time: 0.0013s, Mem: 0.00 B

[Step 19] 完整步骤总时间: 18.761200s | 总显存: 0.00 B
[Step 19] 峰值显存: 6.22 GB

[Step 20] ============ 详细性能分析 ============
[模型部分] 总时间: 6.609432s | 显存: 4.12 GB

[0-9秒 PDE求解详细性能]
  t=0s - 时间: 0.000000s | 显存: 0.00 B
  t=1s - 时间: 0.424646s | 显存: 0.00 B
  t=2s - 时间: 0.498376s | 显存: 0.00 B
  t=3s - 时间: 0.593648s | 显存: 0.00 B
  t=4s - 时间: 0.647946s | 显存: 0.00 B
  t=5s - 时间: 0.741749s | 显存: 0.00 B
  t=6s - 时间: 0.796900s | 显存: 0.00 B
  t=7s - 时间: 0.861086s | 显存: 0.00 B
  t=8s - 时间: 0.958500s | 显存: 0.00 B
  t=9s - 时间: 1.065117s | 显存: 0.00 B

[19秒 PDE求解]
  t=19.0s - 时间: 1.826071s | 显存: 0.00 B

[PDE求解部分] 总时间: 1.826408s | 显存: 0.00 B

[本步骤总计] 时间: 8.435840s | 显存: 4.12 GB
orginal_loss:  tensor(18344.1465, device='cuda:0', grad_fn=<MseLossBackward0>)
[Step 20] Backward Propagation - Time: 9.9214s, Mem: -4413235200.00 B
x_adv.requires_grad:  True
pred_19.requires_grad, true_19.requires_grad:  True True
Autograd grad max:  tensor(140.0162, device='cuda:0')
Autograd grad min:  tensor(-174.9078, device='cuda:0')
Autograd grad mean:  tensor(-0.0013, device='cuda:0')
[Step 20] PGD Update - Time: 0.0012s, Mem: 0.00 B

[Step 20] 完整步骤总时间: 18.362785s | 总显存: 0.00 B
[Step 20] 峰值显存: 6.22 GB

[Step 21] ============ 详细性能分析 ============
[模型部分] 总时间: 6.615707s | 显存: 4.12 GB

[0-9秒 PDE求解详细性能]
  t=0s - 时间: 0.000000s | 显存: 0.00 B
  t=1s - 时间: 0.412226s | 显存: 0.00 B
  t=2s - 时间: 0.467692s | 显存: 0.00 B
  t=3s - 时间: 0.570000s | 显存: 0.00 B
  t=4s - 时间: 0.652277s | 显存: 0.00 B
  t=5s - 时间: 0.751346s | 显存: 0.00 B
  t=6s - 时间: 0.822621s | 显存: 0.00 B
  t=7s - 时间: 0.909404s | 显存: 0.00 B
  t=8s - 时间: 0.958373s | 显存: 0.00 B
  t=9s - 时间: 1.050933s | 显存: 0.00 B

[19秒 PDE求解]
  t=19.0s - 时间: 1.859659s | 显存: 0.00 B

[PDE求解部分] 总时间: 1.859977s | 显存: 0.00 B

[本步骤总计] 时间: 8.475684s | 显存: 4.12 GB
orginal_loss:  tensor(17471.2051, device='cuda:0', grad_fn=<MseLossBackward0>)
[Step 21] Backward Propagation - Time: 10.0127s, Mem: -4413235200.00 B
x_adv.requires_grad:  True
pred_19.requires_grad, true_19.requires_grad:  True True
Autograd grad max:  tensor(144.0033, device='cuda:0')
Autograd grad min:  tensor(-186.3984, device='cuda:0')
Autograd grad mean:  tensor(-0.0013, device='cuda:0')
[Step 21] PGD Update - Time: 0.0012s, Mem: 0.00 B

[Step 21] 完整步骤总时间: 18.493878s | 总显存: 0.00 B
[Step 21] 峰值显存: 6.22 GB

[Step 22] ============ 详细性能分析 ============
[模型部分] 总时间: 6.704429s | 显存: 4.12 GB

[0-9秒 PDE求解详细性能]
  t=0s - 时间: 0.000000s | 显存: 0.00 B
  t=1s - 时间: 0.452211s | 显存: 0.00 B
  t=2s - 时间: 0.503901s | 显存: 0.00 B
  t=3s - 时间: 0.579503s | 显存: 0.00 B
  t=4s - 时间: 0.663018s | 显存: 0.00 B
  t=5s - 时间: 0.756730s | 显存: 0.00 B
  t=6s - 时间: 0.807484s | 显存: 0.00 B
  t=7s - 时间: 0.896987s | 显存: 0.00 B
  t=8s - 时间: 0.940826s | 显存: 0.00 B
  t=9s - 时间: 1.082824s | 显存: 0.00 B

[19秒 PDE求解]
  t=19.0s - 时间: 1.861426s | 显存: 0.00 B

[PDE求解部分] 总时间: 1.861769s | 显存: 0.00 B

[本步骤总计] 时间: 8.566198s | 显存: 4.12 GB
orginal_loss:  tensor(16429.2109, device='cuda:0', grad_fn=<MseLossBackward0>)
[Step 22] Backward Propagation - Time: 10.1211s, Mem: -4413235200.00 B
x_adv.requires_grad:  True
pred_19.requires_grad, true_19.requires_grad:  True True
Autograd grad max:  tensor(146.0594, device='cuda:0')
Autograd grad min:  tensor(-198.9772, device='cuda:0')
Autograd grad mean:  tensor(-0.0020, device='cuda:0')
[Step 22] PGD Update - Time: 0.0013s, Mem: 0.00 B

[Step 22] 完整步骤总时间: 18.692797s | 总显存: 0.00 B
[Step 22] 峰值显存: 6.22 GB

[Step 23] ============ 详细性能分析 ============
[模型部分] 总时间: 6.685381s | 显存: 4.12 GB

[0-9秒 PDE求解详细性能]
  t=0s - 时间: 0.000000s | 显存: 0.00 B
  t=1s - 时间: 0.418460s | 显存: 0.00 B
  t=2s - 时间: 0.518993s | 显存: 0.00 B
  t=3s - 时间: 0.578788s | 显存: 0.00 B
  t=4s - 时间: 0.654032s | 显存: 0.00 B
  t=5s - 时间: 0.737145s | 显存: 0.00 B
  t=6s - 时间: 0.813580s | 显存: 0.00 B
  t=7s - 时间: 0.905813s | 显存: 0.00 B
  t=8s - 时间: 0.968227s | 显存: 0.00 B
  t=9s - 时间: 1.069307s | 显存: 0.00 B

[19秒 PDE求解]
  t=19.0s - 时间: 1.844187s | 显存: 0.00 B

[PDE求解部分] 总时间: 1.844550s | 显存: 0.00 B

[本步骤总计] 时间: 8.529930s | 显存: 4.12 GB
orginal_loss:  tensor(15276.4766, device='cuda:0', grad_fn=<MseLossBackward0>)
[Step 23] Backward Propagation - Time: 10.0755s, Mem: -4413235200.00 B
x_adv.requires_grad:  True
pred_19.requires_grad, true_19.requires_grad:  True True
Autograd grad max:  tensor(147.0506, device='cuda:0')
Autograd grad min:  tensor(-208.1392, device='cuda:0')
Autograd grad mean:  tensor(0.0084, device='cuda:0')
[Step 23] PGD Update - Time: 0.0013s, Mem: 0.00 B

[Step 23] 完整步骤总时间: 18.611189s | 总显存: 0.00 B
[Step 23] 峰值显存: 6.22 GB

[Step 24] ============ 详细性能分析 ============
[模型部分] 总时间: 6.477192s | 显存: 4.12 GB

[0-9秒 PDE求解详细性能]
  t=0s - 时间: 0.000000s | 显存: 0.00 B
  t=1s - 时间: 0.399080s | 显存: 0.00 B
  t=2s - 时间: 0.463179s | 显存: 0.00 B
  t=3s - 时间: 0.568045s | 显存: 0.00 B
  t=4s - 时间: 0.631821s | 显存: 0.00 B
  t=5s - 时间: 0.730743s | 显存: 0.00 B
  t=6s - 时间: 0.781734s | 显存: 0.00 B
  t=7s - 时间: 0.874880s | 显存: 0.00 B
  t=8s - 时间: 0.962587s | 显存: 0.00 B
  t=9s - 时间: 1.044059s | 显存: 0.00 B

[19秒 PDE求解]
  t=19.0s - 时间: 1.870705s | 显存: 0.00 B

[PDE求解部分] 总时间: 1.870978s | 显存: 0.00 B

[本步骤总计] 时间: 8.348170s | 显存: 4.12 GB
orginal_loss:  tensor(13912.3975, device='cuda:0', grad_fn=<MseLossBackward0>)
[Step 24] Backward Propagation - Time: 10.0376s, Mem: -4413235200.00 B
x_adv.requires_grad:  True
pred_19.requires_grad, true_19.requires_grad:  True True
Autograd grad max:  tensor(145.6814, device='cuda:0')
Autograd grad min:  tensor(-215.0600, device='cuda:0')
Autograd grad mean:  tensor(0.0241, device='cuda:0')
[Step 24] PGD Update - Time: 0.0012s, Mem: 0.00 B

[Step 24] 完整步骤总时间: 18.390988s | 总显存: 0.00 B
[Step 24] 峰值显存: 6.22 GB

[Step 25] ============ 详细性能分析 ============
[模型部分] 总时间: 6.620202s | 显存: 4.12 GB

[0-9秒 PDE求解详细性能]
  t=0s - 时间: 0.000000s | 显存: 0.00 B
  t=1s - 时间: 0.436815s | 显存: 0.00 B
  t=2s - 时间: 0.495579s | 显存: 0.00 B
  t=3s - 时间: 0.551728s | 显存: 0.00 B
  t=4s - 时间: 0.645390s | 显存: 0.00 B
  t=5s - 时间: 0.717268s | 显存: 0.00 B
  t=6s - 时间: 0.806351s | 显存: 0.00 B
  t=7s - 时间: 0.882716s | 显存: 0.00 B
  t=8s - 时间: 0.990018s | 显存: 0.00 B
  t=9s - 时间: 1.073523s | 显存: 0.00 B

[19秒 PDE求解]
  t=19.0s - 时间: 1.858836s | 显存: 0.00 B

[PDE求解部分] 总时间: 1.859155s | 显存: 0.00 B

[本步骤总计] 时间: 8.479357s | 显存: 4.12 GB
orginal_loss:  tensor(12883.2246, device='cuda:0', grad_fn=<MseLossBackward0>)
[Step 25] Backward Propagation - Time: 10.0962s, Mem: -4413235200.00 B
x_adv.requires_grad:  True
pred_19.requires_grad, true_19.requires_grad:  True True
Autograd grad max:  tensor(143.4932, device='cuda:0')
Autograd grad min:  tensor(-222.2185, device='cuda:0')
Autograd grad mean:  tensor(0.0449, device='cuda:0')
[Step 25] PGD Update - Time: 0.0013s, Mem: 0.00 B

[Step 25] 完整步骤总时间: 18.581729s | 总显存: 0.00 B
[Step 25] 峰值显存: 6.22 GB

[Step 26] ============ 详细性能分析 ============
[模型部分] 总时间: 6.599274s | 显存: 4.12 GB

[0-9秒 PDE求解详细性能]
  t=0s - 时间: 0.000000s | 显存: 0.00 B
  t=1s - 时间: 0.418498s | 显存: 0.00 B
  t=2s - 时间: 0.523442s | 显存: 0.00 B
  t=3s - 时间: 0.574606s | 显存: 0.00 B
  t=4s - 时间: 0.657532s | 显存: 0.00 B
  t=5s - 时间: 0.730646s | 显存: 0.00 B
  t=6s - 时间: 0.794646s | 显存: 0.00 B
  t=7s - 时间: 0.863747s | 显存: 0.00 B
  t=8s - 时间: 0.949084s | 显存: 0.00 B
  t=9s - 时间: 1.066113s | 显存: 0.00 B

[19秒 PDE求解]
  t=19.0s - 时间: 1.861904s | 显存: 0.00 B

[PDE求解部分] 总时间: 1.862231s | 显存: 0.00 B

[本步骤总计] 时间: 8.461505s | 显存: 4.12 GB
orginal_loss:  tensor(12676.1699, device='cuda:0', grad_fn=<MseLossBackward0>)
[Step 26] Backward Propagation - Time: 13.4176s, Mem: -4413235200.00 B
x_adv.requires_grad:  True
pred_19.requires_grad, true_19.requires_grad:  True True
Autograd grad max:  tensor(142.7650, device='cuda:0')
Autograd grad min:  tensor(-225.8326, device='cuda:0')
Autograd grad mean:  tensor(0.0633, device='cuda:0')
[Step 26] PGD Update - Time: 0.0013s, Mem: 0.00 B

[Step 26] 完整步骤总时间: 21.884323s | 总显存: 0.00 B
[Step 26] 峰值显存: 6.22 GB

[Step 27] ============ 详细性能分析 ============
[模型部分] 总时间: 6.750613s | 显存: 4.12 GB

[0-9秒 PDE求解详细性能]
  t=0s - 时间: 0.000000s | 显存: 0.00 B
  t=1s - 时间: 0.449300s | 显存: 0.00 B
  t=2s - 时间: 0.519621s | 显存: 0.00 B
  t=3s - 时间: 0.617150s | 显存: 0.00 B
  t=4s - 时间: 0.675938s | 显存: 0.00 B
  t=5s - 时间: 0.753115s | 显存: 0.00 B
  t=6s - 时间: 0.840264s | 显存: 0.00 B
  t=7s - 时间: 0.878019s | 显存: 0.00 B
  t=8s - 时间: 0.960129s | 显存: 0.00 B
  t=9s - 时间: 1.035826s | 显存: 0.00 B

[19秒 PDE求解]
  t=19.0s - 时间: 1.843486s | 显存: 0.00 B

[PDE求解部分] 总时间: 1.843739s | 显存: 0.00 B

[本步骤总计] 时间: 8.594352s | 显存: 4.12 GB
orginal_loss:  tensor(13385.5391, device='cuda:0', grad_fn=<MseLossBackward0>)
[Step 27] Backward Propagation - Time: 10.0963s, Mem: -4413235200.00 B
x_adv.requires_grad:  True
pred_19.requires_grad, true_19.requires_grad:  True True
Autograd grad max:  tensor(151.6999, device='cuda:0')
Autograd grad min:  tensor(-220.3536, device='cuda:0')
Autograd grad mean:  tensor(0.0613, device='cuda:0')
[Step 27] PGD Update - Time: 0.0013s, Mem: 0.00 B

[Step 27] 完整步骤总时间: 18.696305s | 总显存: 0.00 B
[Step 27] 峰值显存: 6.22 GB

[Step 28] ============ 详细性能分析 ============
[模型部分] 总时间: 6.543029s | 显存: 4.12 GB

[0-9秒 PDE求解详细性能]
  t=0s - 时间: 0.000000s | 显存: 0.00 B
  t=1s - 时间: 0.501956s | 显存: 0.00 B
  t=2s - 时间: 0.500804s | 显存: 0.00 B
  t=3s - 时间: 0.581095s | 显存: 0.00 B
  t=4s - 时间: 0.633133s | 显存: 0.00 B
  t=5s - 时间: 0.700881s | 显存: 0.00 B
  t=6s - 时间: 0.774443s | 显存: 0.00 B
  t=7s - 时间: 0.870546s | 显存: 0.00 B
  t=8s - 时间: 0.944415s | 显存: 0.00 B
  t=9s - 时间: 1.014971s | 显存: 0.00 B

[19秒 PDE求解]
  t=19.0s - 时间: 1.843367s | 显存: 0.00 B

[PDE求解部分] 总时间: 1.843681s | 显存: 0.00 B

[本步骤总计] 时间: 8.386711s | 显存: 4.12 GB
orginal_loss:  tensor(14134.8184, device='cuda:0', grad_fn=<MseLossBackward0>)
[Step 28] Backward Propagation - Time: 10.1352s, Mem: -4413235200.00 B
x_adv.requires_grad:  True
pred_19.requires_grad, true_19.requires_grad:  True True
Autograd grad max:  tensor(152.8037, device='cuda:0')
Autograd grad min:  tensor(-204.0515, device='cuda:0')
Autograd grad mean:  tensor(0.0519, device='cuda:0')
[Step 28] PGD Update - Time: 0.0013s, Mem: 0.00 B

[Step 28] 完整步骤总时间: 18.527454s | 总显存: 0.00 B
[Step 28] 峰值显存: 6.22 GB

[Step 29] ============ 详细性能分析 ============
[模型部分] 总时间: 6.599001s | 显存: 4.12 GB

[0-9秒 PDE求解详细性能]
  t=0s - 时间: 0.000000s | 显存: 0.00 B
  t=1s - 时间: 0.443382s | 显存: 0.00 B
  t=2s - 时间: 0.513663s | 显存: 0.00 B
  t=3s - 时间: 0.575845s | 显存: 0.00 B
  t=4s - 时间: 0.629479s | 显存: 0.00 B
  t=5s - 时间: 0.711333s | 显存: 0.00 B
  t=6s - 时间: 0.840923s | 显存: 0.00 B
  t=7s - 时间: 0.887646s | 显存: 0.00 B
  t=8s - 时间: 0.951243s | 显存: 0.00 B
  t=9s - 时间: 1.024611s | 显存: 0.00 B

[19秒 PDE求解]
  t=19.0s - 时间: 1.787964s | 显存: 0.00 B

[PDE求解部分] 总时间: 1.788275s | 显存: 0.00 B

[本步骤总计] 时间: 8.387276s | 显存: 4.12 GB
orginal_loss:  tensor(13669.8066, device='cuda:0', grad_fn=<MseLossBackward0>)
[Step 29] Backward Propagation - Time: 10.0023s, Mem: -4413235200.00 B
x_adv.requires_grad:  True
pred_19.requires_grad, true_19.requires_grad:  True True
Autograd grad max:  tensor(144.6186, device='cuda:0')
Autograd grad min:  tensor(-179.8428, device='cuda:0')
Autograd grad mean:  tensor(0.0523, device='cuda:0')
[Step 29] PGD Update - Time: 0.0012s, Mem: 0.00 B

[Step 29] 完整步骤总时间: 18.395099s | 总显存: 0.00 B
[Step 29] 峰值显存: 6.22 GB

[Step 30] ============ 详细性能分析 ============
[模型部分] 总时间: 6.561132s | 显存: 4.12 GB

[0-9秒 PDE求解详细性能]
  t=0s - 时间: 0.000000s | 显存: 0.00 B
  t=1s - 时间: 0.386602s | 显存: 0.00 B
  t=2s - 时间: 0.465498s | 显存: 0.00 B
  t=3s - 时间: 0.582330s | 显存: 0.00 B
  t=4s - 时间: 0.653146s | 显存: 0.00 B
  t=5s - 时间: 0.707721s | 显存: 0.00 B
  t=6s - 时间: 0.819602s | 显存: 0.00 B
  t=7s - 时间: 0.903471s | 显存: 0.00 B
  t=8s - 时间: 0.978467s | 显存: 0.00 B
  t=9s - 时间: 1.043312s | 显存: 0.00 B

[19秒 PDE求解]
  t=19.0s - 时间: 1.837579s | 显存: 0.00 B

[PDE求解部分] 总时间: 1.837902s | 显存: 0.00 B

[本步骤总计] 时间: 8.399035s | 显存: 4.12 GB
orginal_loss:  tensor(11545.0176, device='cuda:0', grad_fn=<MseLossBackward0>)
[Step 30] Backward Propagation - Time: 9.9614s, Mem: -4413235200.00 B
x_adv.requires_grad:  True
pred_19.requires_grad, true_19.requires_grad:  True True
Autograd grad max:  tensor(135.9600, device='cuda:0')
Autograd grad min:  tensor(-159.9705, device='cuda:0')
Autograd grad mean:  tensor(0.0484, device='cuda:0')
[Step 30] PGD Update - Time: 0.0014s, Mem: 0.00 B

[Step 30] 完整步骤总时间: 18.366260s | 总显存: 0.00 B
[Step 30] 峰值显存: 6.22 GB

[Step 31] ============ 详细性能分析 ============
[模型部分] 总时间: 6.484099s | 显存: 4.12 GB

[0-9秒 PDE求解详细性能]
  t=0s - 时间: 0.000000s | 显存: 0.00 B
  t=1s - 时间: 0.399254s | 显存: 0.00 B
  t=2s - 时间: 0.479717s | 显存: 0.00 B
  t=3s - 时间: 0.564669s | 显存: 0.00 B
  t=4s - 时间: 0.638376s | 显存: 0.00 B
  t=5s - 时间: 0.728968s | 显存: 0.00 B
  t=6s - 时间: 0.809411s | 显存: 0.00 B
  t=7s - 时间: 0.877222s | 显存: 0.00 B
  t=8s - 时间: 0.941064s | 显存: 0.00 B
  t=9s - 时间: 1.024111s | 显存: 0.00 B

[19秒 PDE求解]
  t=19.0s - 时间: 1.869303s | 显存: 0.00 B

[PDE求解部分] 总时间: 1.869653s | 显存: 0.00 B

[本步骤总计] 时间: 8.353752s | 显存: 4.12 GB
orginal_loss:  tensor(9415.2852, device='cuda:0', grad_fn=<MseLossBackward0>)
[Step 31] Backward Propagation - Time: 10.0363s, Mem: -4413235200.00 B
x_adv.requires_grad:  True
pred_19.requires_grad, true_19.requires_grad:  True True
Autograd grad max:  tensor(126.5325, device='cuda:0')
Autograd grad min:  tensor(-144.0475, device='cuda:0')
Autograd grad mean:  tensor(0.0391, device='cuda:0')
[Step 31] PGD Update - Time: 0.0011s, Mem: 0.00 B

[Step 31] 完整步骤总时间: 18.395406s | 总显存: 0.00 B
[Step 31] 峰值显存: 6.22 GB

[Step 32] ============ 详细性能分析 ============
[模型部分] 总时间: 6.726931s | 显存: 4.12 GB

[0-9秒 PDE求解详细性能]
  t=0s - 时间: 0.000000s | 显存: 0.00 B
  t=1s - 时间: 0.472603s | 显存: 0.00 B
  t=2s - 时间: 0.519678s | 显存: 0.00 B
  t=3s - 时间: 0.589676s | 显存: 0.00 B
  t=4s - 时间: 0.684988s | 显存: 0.00 B
  t=5s - 时间: 0.724414s | 显存: 0.00 B
  t=6s - 时间: 0.815056s | 显存: 0.00 B
  t=7s - 时间: 0.880237s | 显存: 0.00 B
  t=8s - 时间: 0.976642s | 显存: 0.00 B
  t=9s - 时间: 1.042795s | 显存: 0.00 B

[19秒 PDE求解]
  t=19.0s - 时间: 1.883214s | 显存: 0.00 B

[PDE求解部分] 总时间: 1.883568s | 显存: 0.00 B

[本步骤总计] 时间: 8.610499s | 显存: 4.12 GB
orginal_loss:  tensor(8121.7124, device='cuda:0', grad_fn=<MseLossBackward0>)
[Step 32] Backward Propagation - Time: 10.1669s, Mem: -4413235200.00 B
x_adv.requires_grad:  True
pred_19.requires_grad, true_19.requires_grad:  True True
Autograd grad max:  tensor(115.7112, device='cuda:0')
Autograd grad min:  tensor(-128.2757, device='cuda:0')
Autograd grad mean:  tensor(0.0340, device='cuda:0')
[Step 32] PGD Update - Time: 0.0012s, Mem: 0.00 B

[Step 32] 完整步骤总时间: 18.783361s | 总显存: 0.00 B
[Step 32] 峰值显存: 6.22 GB

[Step 33] ============ 详细性能分析 ============
[模型部分] 总时间: 6.670890s | 显存: 4.12 GB

[0-9秒 PDE求解详细性能]
  t=0s - 时间: 0.000000s | 显存: 0.00 B
  t=1s - 时间: 0.437402s | 显存: 0.00 B
  t=2s - 时间: 0.511940s | 显存: 0.00 B
  t=3s - 时间: 0.586560s | 显存: 0.00 B
  t=4s - 时间: 0.669890s | 显存: 0.00 B
  t=5s - 时间: 0.718393s | 显存: 0.00 B
  t=6s - 时间: 0.799344s | 显存: 0.00 B
  t=7s - 时间: 0.876233s | 显存: 0.00 B
  t=8s - 时间: 0.988556s | 显存: 0.00 B
  t=9s - 时间: 1.061846s | 显存: 0.00 B

[19秒 PDE求解]
  t=19.0s - 时间: 1.887175s | 显存: 0.00 B

[PDE求解部分] 总时间: 1.887578s | 显存: 0.00 B

[本步骤总计] 时间: 8.558467s | 显存: 4.12 GB
orginal_loss:  tensor(7389.5596, device='cuda:0', grad_fn=<MseLossBackward0>)
[Step 33] Backward Propagation - Time: 10.0921s, Mem: -4413235200.00 B
x_adv.requires_grad:  True
pred_19.requires_grad, true_19.requires_grad:  True True
Autograd grad max:  tensor(108.1066, device='cuda:0')
Autograd grad min:  tensor(-117.4444, device='cuda:0')
Autograd grad mean:  tensor(0.0376, device='cuda:0')
[Step 33] PGD Update - Time: 0.0012s, Mem: 0.00 B

[Step 33] 完整步骤总时间: 18.655817s | 总显存: 0.00 B
[Step 33] 峰值显存: 6.22 GB

[Step 34] ============ 详细性能分析 ============
[模型部分] 总时间: 6.735876s | 显存: 4.12 GB

[0-9秒 PDE求解详细性能]
  t=0s - 时间: 0.000000s | 显存: 0.00 B
  t=1s - 时间: 0.439210s | 显存: 0.00 B
  t=2s - 时间: 0.523709s | 显存: 0.00 B
  t=3s - 时间: 0.596663s | 显存: 0.00 B
  t=4s - 时间: 0.642491s | 显存: 0.00 B
  t=5s - 时间: 0.713250s | 显存: 0.00 B
  t=6s - 时间: 0.819002s | 显存: 0.00 B
  t=7s - 时间: 0.899453s | 显存: 0.00 B
  t=8s - 时间: 1.012043s | 显存: 0.00 B
  t=9s - 时间: 1.068981s | 显存: 0.00 B

[19秒 PDE求解]
  t=19.0s - 时间: 1.853395s | 显存: 0.00 B

[PDE求解部分] 总时间: 1.853763s | 显存: 0.00 B

[本步骤总计] 时间: 8.589639s | 显存: 4.12 GB
orginal_loss:  tensor(6730.6880, device='cuda:0', grad_fn=<MseLossBackward0>)
[Step 34] Backward Propagation - Time: 10.1474s, Mem: -4413235200.00 B
x_adv.requires_grad:  True
pred_19.requires_grad, true_19.requires_grad:  True True
Autograd grad max:  tensor(98.9107, device='cuda:0')
Autograd grad min:  tensor(-106.1642, device='cuda:0')
Autograd grad mean:  tensor(0.0339, device='cuda:0')
[Step 34] PGD Update - Time: 0.0014s, Mem: 0.00 B

[Step 34] 完整步骤总时间: 18.743092s | 总显存: 0.00 B
[Step 34] 峰值显存: 6.22 GB

[Step 35] ============ 详细性能分析 ============
[模型部分] 总时间: 6.744739s | 显存: 4.12 GB

[0-9秒 PDE求解详细性能]
  t=0s - 时间: 0.000000s | 显存: 0.00 B
  t=1s - 时间: 0.452493s | 显存: 0.00 B
  t=2s - 时间: 0.480892s | 显存: 0.00 B
  t=3s - 时间: 0.562419s | 显存: 0.00 B
  t=4s - 时间: 0.688920s | 显存: 0.00 B
  t=5s - 时间: 0.755599s | 显存: 0.00 B
  t=6s - 时间: 0.845502s | 显存: 0.00 B
  t=7s - 时间: 0.891426s | 显存: 0.00 B
  t=8s - 时间: 0.964156s | 显存: 0.00 B
  t=9s - 时间: 1.081861s | 显存: 0.00 B

[19秒 PDE求解]
  t=19.0s - 时间: 1.890827s | 显存: 0.00 B

[PDE求解部分] 总时间: 1.891170s | 显存: 0.00 B

[本步骤总计] 时间: 8.635910s | 显存: 4.12 GB
orginal_loss:  tensor(5838.0684, device='cuda:0', grad_fn=<MseLossBackward0>)
[Step 35] Backward Propagation - Time: 10.1834s, Mem: -4413235200.00 B
x_adv.requires_grad:  True
pred_19.requires_grad, true_19.requires_grad:  True True
Autograd grad max:  tensor(83.3321, device='cuda:0')
Autograd grad min:  tensor(-89.1658, device='cuda:0')
Autograd grad mean:  tensor(0.0181, device='cuda:0')
[Step 35] PGD Update - Time: 0.0012s, Mem: 0.00 B

[Step 35] 完整步骤总时间: 18.824991s | 总显存: 0.00 B
[Step 35] 峰值显存: 6.22 GB

[Step 36] ============ 详细性能分析 ============
[模型部分] 总时间: 6.665639s | 显存: 4.12 GB

[0-9秒 PDE求解详细性能]
  t=0s - 时间: 0.000000s | 显存: 0.00 B
  t=1s - 时间: 0.421823s | 显存: 0.00 B
  t=2s - 时间: 0.487452s | 显存: 0.00 B
  t=3s - 时间: 0.560517s | 显存: 0.00 B
  t=4s - 时间: 0.681856s | 显存: 0.00 B
  t=5s - 时间: 0.752190s | 显存: 0.00 B
  t=6s - 时间: 0.836666s | 显存: 0.00 B
  t=7s - 时间: 0.907602s | 显存: 0.00 B
  t=8s - 时间: 0.963992s | 显存: 0.00 B
  t=9s - 时间: 1.032745s | 显存: 0.00 B

[19秒 PDE求解]
  t=19.0s - 时间: 1.854938s | 显存: 0.00 B

[PDE求解部分] 总时间: 1.855276s | 显存: 0.00 B

[本步骤总计] 时间: 8.520915s | 显存: 4.12 GB
orginal_loss:  tensor(5001.2959, device='cuda:0', grad_fn=<MseLossBackward0>)
[Step 36] Backward Propagation - Time: 10.1769s, Mem: -4413235200.00 B
x_adv.requires_grad:  True
pred_19.requires_grad, true_19.requires_grad:  True True
Autograd grad max:  tensor(87.4804, device='cuda:0')
Autograd grad min:  tensor(-71.8514, device='cuda:0')
Autograd grad mean:  tensor(-0.0034, device='cuda:0')
[Step 36] PGD Update - Time: 0.0013s, Mem: 0.00 B

[Step 36] 完整步骤总时间: 18.703820s | 总显存: 0.00 B
[Step 36] 峰值显存: 6.22 GB

[Step 37] ============ 详细性能分析 ============
[模型部分] 总时间: 6.763110s | 显存: 4.12 GB

[0-9秒 PDE求解详细性能]
  t=0s - 时间: 0.000000s | 显存: 0.00 B
  t=1s - 时间: 0.448271s | 显存: 0.00 B
  t=2s - 时间: 0.524446s | 显存: 0.00 B
  t=3s - 时间: 0.597797s | 显存: 0.00 B
  t=4s - 时间: 0.631214s | 显存: 0.00 B
  t=5s - 时间: 0.723864s | 显存: 0.00 B
  t=6s - 时间: 0.853037s | 显存: 0.00 B
  t=7s - 时间: 0.899269s | 显存: 0.00 B
  t=8s - 时间: 0.993231s | 显存: 0.00 B
  t=9s - 时间: 1.070868s | 显存: 0.00 B

[19秒 PDE求解]
  t=19.0s - 时间: 1.858254s | 显存: 0.00 B

[PDE求解部分] 总时间: 1.858597s | 显存: 0.00 B

[本步骤总计] 时间: 8.621707s | 显存: 4.12 GB
orginal_loss:  tensor(4716.6724, device='cuda:0', grad_fn=<MseLossBackward0>)
[Step 37] Backward Propagation - Time: 10.1113s, Mem: -4413235200.00 B
x_adv.requires_grad:  True
pred_19.requires_grad, true_19.requires_grad:  True True
Autograd grad max:  tensor(102.5194, device='cuda:0')
Autograd grad min:  tensor(-64.5608, device='cuda:0')
Autograd grad mean:  tensor(-0.0287, device='cuda:0')
[Step 37] PGD Update - Time: 0.0013s, Mem: 0.00 B

[Step 37] 完整步骤总时间: 18.738562s | 总显存: 0.00 B
[Step 37] 峰值显存: 6.22 GB

[Step 38] ============ 详细性能分析 ============
[模型部分] 总时间: 6.695647s | 显存: 4.12 GB

[0-9秒 PDE求解详细性能]
  t=0s - 时间: 0.000000s | 显存: 0.00 B
  t=1s - 时间: 0.425148s | 显存: 0.00 B
  t=2s - 时间: 0.476348s | 显存: 0.00 B
  t=3s - 时间: 0.565315s | 显存: 0.00 B
  t=4s - 时间: 0.657123s | 显存: 0.00 B
  t=5s - 时间: 0.771453s | 显存: 0.00 B
  t=6s - 时间: 0.861547s | 显存: 0.00 B
  t=7s - 时间: 0.895581s | 显存: 0.00 B
  t=8s - 时间: 0.975421s | 显存: 0.00 B
  t=9s - 时间: 1.046894s | 显存: 0.00 B

[19秒 PDE求解]
  t=19.0s - 时间: 1.852292s | 显存: 0.00 B

[PDE求解部分] 总时间: 1.852616s | 显存: 0.00 B

[本步骤总计] 时间: 8.548262s | 显存: 4.12 GB
orginal_loss:  tensor(5817.2705, device='cuda:0', grad_fn=<MseLossBackward0>)
[Step 38] Backward Propagation - Time: 10.0845s, Mem: -4413235200.00 B
x_adv.requires_grad:  True
pred_19.requires_grad, true_19.requires_grad:  True True
Autograd grad max:  tensor(125.8471, device='cuda:0')
Autograd grad min:  tensor(-75.1398, device='cuda:0')
Autograd grad mean:  tensor(-0.0196, device='cuda:0')
[Step 38] PGD Update - Time: 0.0012s, Mem: 0.00 B

[Step 38] 完整步骤总时间: 18.638847s | 总显存: 0.00 B
[Step 38] 峰值显存: 6.22 GB

[Step 39] ============ 详细性能分析 ============
[模型部分] 总时间: 6.650346s | 显存: 4.12 GB

[0-9秒 PDE求解详细性能]
  t=0s - 时间: 0.000000s | 显存: 0.00 B
  t=1s - 时间: 0.415165s | 显存: 0.00 B
  t=2s - 时间: 0.474572s | 显存: 0.00 B
  t=3s - 时间: 0.557300s | 显存: 0.00 B
  t=4s - 时间: 0.663228s | 显存: 0.00 B
  t=5s - 时间: 0.752874s | 显存: 0.00 B
  t=6s - 时间: 0.832352s | 显存: 0.00 B
  t=7s - 时间: 0.897782s | 显存: 0.00 B
  t=8s - 时间: 0.992559s | 显存: 0.00 B
  t=9s - 时间: 1.043434s | 显存: 0.00 B

[19秒 PDE求解]
  t=19.0s - 时间: 1.867361s | 显存: 0.00 B

[PDE求解部分] 总时间: 1.867700s | 显存: 0.00 B

[本步骤总计] 时间: 8.518046s | 显存: 4.12 GB
orginal_loss:  tensor(8613.4502, device='cuda:0', grad_fn=<MseLossBackward0>)
[Step 39] Backward Propagation - Time: 10.1295s, Mem: -4413235200.00 B
x_adv.requires_grad:  True
pred_19.requires_grad, true_19.requires_grad:  True True
Autograd grad max:  tensor(156.6176, device='cuda:0')
Autograd grad min:  tensor(-92.2599, device='cuda:0')
Autograd grad mean:  tensor(-0.0188, device='cuda:0')
[Step 39] PGD Update - Time: 0.0013s, Mem: 0.00 B

[Step 39] 完整步骤总时间: 18.653182s | 总显存: 0.00 B
[Step 39] 峰值显存: 6.22 GB

[Step 40] ============ 详细性能分析 ============
[模型部分] 总时间: 6.772683s | 显存: 4.12 GB

[0-9秒 PDE求解详细性能]
  t=0s - 时间: 0.000000s | 显存: 0.00 B
  t=1s - 时间: 0.444282s | 显存: 0.00 B
  t=2s - 时间: 0.518277s | 显存: 0.00 B
  t=3s - 时间: 0.596511s | 显存: 0.00 B
  t=4s - 时间: 0.667129s | 显存: 0.00 B
  t=5s - 时间: 0.758680s | 显存: 0.00 B
  t=6s - 时间: 0.825767s | 显存: 0.00 B
  t=7s - 时间: 0.882424s | 显存: 0.00 B
  t=8s - 时间: 0.974635s | 显存: 0.00 B
  t=9s - 时间: 1.083934s | 显存: 0.00 B

[19秒 PDE求解]
  t=19.0s - 时间: 1.880008s | 显存: 0.00 B

[PDE求解部分] 总时间: 1.880394s | 显存: 0.00 B

[本步骤总计] 时间: 8.653077s | 显存: 4.12 GB
orginal_loss:  tensor(8406.5820, device='cuda:0', grad_fn=<MseLossBackward0>)
[Step 40] Backward Propagation - Time: 10.0398s, Mem: -4413235200.00 B
x_adv.requires_grad:  True
pred_19.requires_grad, true_19.requires_grad:  True True
Autograd grad max:  tensor(163.7215, device='cuda:0')
Autograd grad min:  tensor(-96.4332, device='cuda:0')
Autograd grad mean:  tensor(-0.0614, device='cuda:0')
[Step 40] PGD Update - Time: 0.0010s, Mem: 0.00 B

[Step 40] 完整步骤总时间: 18.698434s | 总显存: 0.00 B
[Step 40] 峰值显存: 6.22 GB

[Step 41] ============ 详细性能分析 ============
[模型部分] 总时间: 6.665164s | 显存: 4.12 GB

[0-9秒 PDE求解详细性能]
  t=0s - 时间: 0.000000s | 显存: 0.00 B
  t=1s - 时间: 0.433007s | 显存: 0.00 B
  t=2s - 时间: 0.492366s | 显存: 0.00 B
  t=3s - 时间: 0.576136s | 显存: 0.00 B
  t=4s - 时间: 0.649588s | 显存: 0.00 B
  t=5s - 时间: 0.768211s | 显存: 0.00 B
  t=6s - 时间: 0.846618s | 显存: 0.00 B
  t=7s - 时间: 0.877605s | 显存: 0.00 B
  t=8s - 时间: 0.982077s | 显存: 0.00 B
  t=9s - 时间: 1.018338s | 显存: 0.00 B

[19秒 PDE求解]
  t=19.0s - 时间: 1.880378s | 显存: 0.00 B

[PDE求解部分] 总时间: 1.880656s | 显存: 0.00 B

[本步骤总计] 时间: 8.545820s | 显存: 4.12 GB
orginal_loss:  tensor(8004.5488, device='cuda:0', grad_fn=<MseLossBackward0>)
[Step 41] Backward Propagation - Time: 13.3965s, Mem: -4413235200.00 B
x_adv.requires_grad:  True
pred_19.requires_grad, true_19.requires_grad:  True True
Autograd grad max:  tensor(168.1726, device='cuda:0')
Autograd grad min:  tensor(-113.4472, device='cuda:0')
Autograd grad mean:  tensor(-0.0872, device='cuda:0')
[Step 41] PGD Update - Time: 0.0013s, Mem: 0.00 B

[Step 41] 完整步骤总时间: 21.948084s | 总显存: 0.00 B
[Step 41] 峰值显存: 6.22 GB

[Step 42] ============ 详细性能分析 ============
[模型部分] 总时间: 6.665661s | 显存: 4.12 GB

[0-9秒 PDE求解详细性能]
  t=0s - 时间: 0.000000s | 显存: 0.00 B
  t=1s - 时间: 0.428632s | 显存: 0.00 B
  t=2s - 时间: 0.488172s | 显存: 0.00 B
  t=3s - 时间: 0.587700s | 显存: 0.00 B
  t=4s - 时间: 0.671639s | 显存: 0.00 B
  t=5s - 时间: 0.715760s | 显存: 0.00 B
  t=6s - 时间: 0.808589s | 显存: 0.00 B
  t=7s - 时间: 0.899209s | 显存: 0.00 B
  t=8s - 时间: 0.995474s | 显存: 0.00 B
  t=9s - 时间: 1.049824s | 显存: 0.00 B

[19秒 PDE求解]
  t=19.0s - 时间: 1.826127s | 显存: 0.00 B

[PDE求解部分] 总时间: 1.826436s | 显存: 0.00 B

[本步骤总计] 时间: 8.492097s | 显存: 4.12 GB
orginal_loss:  tensor(8493.9883, device='cuda:0', grad_fn=<MseLossBackward0>)
[Step 42] Backward Propagation - Time: 10.0639s, Mem: -4413235200.00 B
x_adv.requires_grad:  True
pred_19.requires_grad, true_19.requires_grad:  True True
Autograd grad max:  tensor(171.2215, device='cuda:0')
Autograd grad min:  tensor(-116.7124, device='cuda:0')
Autograd grad mean:  tensor(-0.1008, device='cuda:0')
[Step 42] PGD Update - Time: 0.0011s, Mem: 0.00 B

[Step 42] 完整步骤总时间: 18.561300s | 总显存: 0.00 B
[Step 42] 峰值显存: 6.22 GB

[Step 43] ============ 详细性能分析 ============
[模型部分] 总时间: 6.609037s | 显存: 4.12 GB

[0-9秒 PDE求解详细性能]
  t=0s - 时间: 0.000000s | 显存: 0.00 B
  t=1s - 时间: 0.407617s | 显存: 0.00 B
  t=2s - 时间: 0.468043s | 显存: 0.00 B
  t=3s - 时间: 0.560563s | 显存: 0.00 B
  t=4s - 时间: 0.630995s | 显存: 0.00 B
  t=5s - 时间: 0.756380s | 显存: 0.00 B
  t=6s - 时间: 0.828921s | 显存: 0.00 B
  t=7s - 时间: 0.874280s | 显存: 0.00 B
  t=8s - 时间: 0.964118s | 显存: 0.00 B
  t=9s - 时间: 1.097216s | 显存: 0.00 B

[19秒 PDE求解]
  t=19.0s - 时间: 1.899198s | 显存: 0.00 B

[PDE求解部分] 总时间: 1.899579s | 显存: 0.00 B

[本步骤总计] 时间: 8.508616s | 显存: 4.12 GB
orginal_loss:  tensor(11146.0781, device='cuda:0', grad_fn=<MseLossBackward0>)
[Step 43] Backward Propagation - Time: 10.0286s, Mem: -4413235200.00 B
x_adv.requires_grad:  True
pred_19.requires_grad, true_19.requires_grad:  True True
Autograd grad max:  tensor(181.2585, device='cuda:0')
Autograd grad min:  tensor(-119.1352, device='cuda:0')
Autograd grad mean:  tensor(-0.1209, device='cuda:0')
[Step 43] PGD Update - Time: 0.0011s, Mem: 0.00 B

[Step 43] 完整步骤总时间: 18.542776s | 总显存: 0.00 B
[Step 43] 峰值显存: 6.22 GB

[Step 44] ============ 详细性能分析 ============
[模型部分] 总时间: 6.699014s | 显存: 4.12 GB

[0-9秒 PDE求解详细性能]
  t=0s - 时间: 0.000000s | 显存: 0.00 B
  t=1s - 时间: 0.416631s | 显存: 0.00 B
  t=2s - 时间: 0.488421s | 显存: 0.00 B
  t=3s - 时间: 0.573435s | 显存: 0.00 B
  t=4s - 时间: 0.698253s | 显存: 0.00 B
  t=5s - 时间: 0.743898s | 显存: 0.00 B
  t=6s - 时间: 0.835871s | 显存: 0.00 B
  t=7s - 时间: 0.903670s | 显存: 0.00 B
  t=8s - 时间: 0.984690s | 显存: 0.00 B
  t=9s - 时间: 1.032700s | 显存: 0.00 B

[19秒 PDE求解]
  t=19.0s - 时间: 1.863573s | 显存: 0.00 B

[PDE求解部分] 总时间: 1.863919s | 显存: 0.00 B

[本步骤总计] 时间: 8.562933s | 显存: 4.12 GB
orginal_loss:  tensor(13144.7256, device='cuda:0', grad_fn=<MseLossBackward0>)
[Step 44] Backward Propagation - Time: 10.0891s, Mem: -4413235200.00 B
x_adv.requires_grad:  True
pred_19.requires_grad, true_19.requires_grad:  True True
Autograd grad max:  tensor(170.5523, device='cuda:0')
Autograd grad min:  tensor(-113.8322, device='cuda:0')
Autograd grad mean:  tensor(-0.1428, device='cuda:0')
[Step 44] PGD Update - Time: 0.0012s, Mem: 0.00 B

[Step 44] 完整步骤总时间: 18.657627s | 总显存: 0.00 B
[Step 44] 峰值显存: 6.22 GB

[Step 45] ============ 详细性能分析 ============
[模型部分] 总时间: 6.815192s | 显存: 4.12 GB

[0-9秒 PDE求解详细性能]
  t=0s - 时间: 0.000000s | 显存: 0.00 B
  t=1s - 时间: 0.460389s | 显存: 0.00 B
  t=2s - 时间: 0.520193s | 显存: 0.00 B
  t=3s - 时间: 0.596798s | 显存: 0.00 B
  t=4s - 时间: 0.686772s | 显存: 0.00 B
  t=5s - 时间: 0.753397s | 显存: 0.00 B
  t=6s - 时间: 0.828589s | 显存: 0.00 B
  t=7s - 时间: 0.886288s | 显存: 0.00 B
  t=8s - 时间: 0.969129s | 显存: 0.00 B
  t=9s - 时间: 1.092750s | 显存: 0.00 B

[19秒 PDE求解]
  t=19.0s - 时间: 1.879754s | 显存: 0.00 B

[PDE求解部分] 总时间: 1.880080s | 显存: 0.00 B

[本步骤总计] 时间: 8.695272s | 显存: 4.12 GB
orginal_loss:  tensor(12186.5859, device='cuda:0', grad_fn=<MseLossBackward0>)
[Step 45] Backward Propagation - Time: 10.2454s, Mem: -4413235200.00 B
x_adv.requires_grad:  True
pred_19.requires_grad, true_19.requires_grad:  True True
Autograd grad max:  tensor(149.8108, device='cuda:0')
Autograd grad min:  tensor(-102.0461, device='cuda:0')
Autograd grad mean:  tensor(-0.1443, device='cuda:0')
[Step 45] PGD Update - Time: 0.0013s, Mem: 0.00 B

[Step 45] 完整步骤总时间: 18.946078s | 总显存: 0.00 B
[Step 45] 峰值显存: 6.22 GB

[Step 46] ============ 详细性能分析 ============
[模型部分] 总时间: 6.638762s | 显存: 4.12 GB

[0-9秒 PDE求解详细性能]
  t=0s - 时间: 0.000000s | 显存: 0.00 B
  t=1s - 时间: 0.446933s | 显存: 0.00 B
  t=2s - 时间: 0.519503s | 显存: 0.00 B
  t=3s - 时间: 0.563471s | 显存: 0.00 B
  t=4s - 时间: 0.633296s | 显存: 0.00 B
  t=5s - 时间: 0.724284s | 显存: 0.00 B
  t=6s - 时间: 0.798087s | 显存: 0.00 B
  t=7s - 时间: 0.883127s | 显存: 0.00 B
  t=8s - 时间: 0.966908s | 显存: 0.00 B
  t=9s - 时间: 1.081741s | 显存: 0.00 B

[19秒 PDE求解]
  t=19.0s - 时间: 1.904596s | 显存: 0.00 B

[PDE求解部分] 总时间: 1.904904s | 显存: 0.00 B

[本步骤总计] 时间: 8.543666s | 显存: 4.12 GB
orginal_loss:  tensor(11012.1074, device='cuda:0', grad_fn=<MseLossBackward0>)
[Step 46] Backward Propagation - Time: 10.1086s, Mem: -4413235200.00 B
x_adv.requires_grad:  True
pred_19.requires_grad, true_19.requires_grad:  True True
Autograd grad max:  tensor(137.9680, device='cuda:0')
Autograd grad min:  tensor(-100.5113, device='cuda:0')
Autograd grad mean:  tensor(-0.1247, device='cuda:0')
[Step 46] PGD Update - Time: 0.0013s, Mem: 0.00 B

[Step 46] 完整步骤总时间: 18.658045s | 总显存: 0.00 B
[Step 46] 峰值显存: 6.22 GB

[Step 47] ============ 详细性能分析 ============
[模型部分] 总时间: 6.781531s | 显存: 4.12 GB

[0-9秒 PDE求解详细性能]
  t=0s - 时间: 0.000000s | 显存: 0.00 B
  t=1s - 时间: 0.441528s | 显存: 0.00 B
  t=2s - 时间: 0.487464s | 显存: 0.00 B
  t=3s - 时间: 0.562345s | 显存: 0.00 B
  t=4s - 时间: 0.644474s | 显存: 0.00 B
  t=5s - 时间: 0.727943s | 显存: 0.00 B
  t=6s - 时间: 0.821273s | 显存: 0.00 B
  t=7s - 时间: 0.920699s | 显存: 0.00 B
  t=8s - 时间: 1.032723s | 显存: 0.00 B
  t=9s - 时间: 1.122092s | 显存: 0.00 B

[19秒 PDE求解]
  t=19.0s - 时间: 1.875297s | 显存: 0.00 B

[PDE求解部分] 总时间: 1.875629s | 显存: 0.00 B

[本步骤总计] 时间: 8.657160s | 显存: 4.12 GB
orginal_loss:  tensor(11764.8359, device='cuda:0', grad_fn=<MseLossBackward0>)
[Step 47] Backward Propagation - Time: 10.2346s, Mem: -4413235200.00 B
x_adv.requires_grad:  True
pred_19.requires_grad, true_19.requires_grad:  True True
Autograd grad max:  tensor(144.2970, device='cuda:0')
Autograd grad min:  tensor(-119.7064, device='cuda:0')
Autograd grad mean:  tensor(-0.1072, device='cuda:0')
[Step 47] PGD Update - Time: 0.0014s, Mem: 0.00 B

[Step 47] 完整步骤总时间: 18.897422s | 总显存: 0.00 B
[Step 47] 峰值显存: 6.22 GB

[Step 48] ============ 详细性能分析 ============
[模型部分] 总时间: 6.576358s | 显存: 4.12 GB

[0-9秒 PDE求解详细性能]
  t=0s - 时间: 0.000000s | 显存: 0.00 B
  t=1s - 时间: 0.417509s | 显存: 0.00 B
  t=2s - 时间: 0.481573s | 显存: 0.00 B
  t=3s - 时间: 0.558502s | 显存: 0.00 B
  t=4s - 时间: 0.653689s | 显存: 0.00 B
  t=5s - 时间: 0.727127s | 显存: 0.00 B
  t=6s - 时间: 0.805176s | 显存: 0.00 B
  t=7s - 时间: 0.870241s | 显存: 0.00 B
  t=8s - 时间: 0.986503s | 显存: 0.00 B
  t=9s - 时间: 1.055051s | 显存: 0.00 B

[19秒 PDE求解]
  t=19.0s - 时间: 1.867139s | 显存: 0.00 B

[PDE求解部分] 总时间: 1.867474s | 显存: 0.00 B

[本步骤总计] 时间: 8.443832s | 显存: 4.12 GB
orginal_loss:  tensor(15355.9775, device='cuda:0', grad_fn=<MseLossBackward0>)
[Step 48] Backward Propagation - Time: 10.1998s, Mem: -4413235200.00 B
x_adv.requires_grad:  True
pred_19.requires_grad, true_19.requires_grad:  True True
Autograd grad max:  tensor(162.7984, device='cuda:0')
Autograd grad min:  tensor(-146.1188, device='cuda:0')
Autograd grad mean:  tensor(-0.1050, device='cuda:0')
[Step 48] PGD Update - Time: 0.0013s, Mem: 0.00 B

[Step 48] 完整步骤总时间: 18.649199s | 总显存: 0.00 B
[Step 48] 峰值显存: 6.22 GB

[Step 49] ============ 详细性能分析 ============
[模型部分] 总时间: 6.610331s | 显存: 4.12 GB

[0-9秒 PDE求解详细性能]
  t=0s - 时间: 0.000000s | 显存: 0.00 B
  t=1s - 时间: 0.431655s | 显存: 0.00 B
  t=2s - 时间: 0.493494s | 显存: 0.00 B
  t=3s - 时间: 0.575392s | 显存: 0.00 B
  t=4s - 时间: 0.650184s | 显存: 0.00 B
  t=5s - 时间: 0.727048s | 显存: 0.00 B
  t=6s - 时间: 0.828096s | 显存: 0.00 B
  t=7s - 时间: 0.880750s | 显存: 0.00 B
  t=8s - 时间: 0.974577s | 显存: 0.00 B
  t=9s - 时间: 1.028098s | 显存: 0.00 B

[19秒 PDE求解]
  t=19.0s - 时间: 1.843361s | 显存: 0.00 B

[PDE求解部分] 总时间: 1.843780s | 显存: 0.00 B

[本步骤总计] 时间: 8.454111s | 显存: 4.12 GB
orginal_loss:  tensor(19831.8242, device='cuda:0', grad_fn=<MseLossBackward0>)
[Step 49] Backward Propagation - Time: 10.1735s, Mem: -4413235200.00 B
x_adv.requires_grad:  True
pred_19.requires_grad, true_19.requires_grad:  True True
Autograd grad max:  tensor(164.8480, device='cuda:0')
Autograd grad min:  tensor(-164.3479, device='cuda:0')
Autograd grad mean:  tensor(-0.1180, device='cuda:0')
[Step 49] PGD Update - Time: 0.0014s, Mem: 0.00 B

[Step 49] 完整步骤总时间: 18.633576s | 总显存: 0.00 B
[Step 49] 峰值显存: 6.22 GB

[Step 50] ============ 详细性能分析 ============
[模型部分] 总时间: 6.808109s | 显存: 4.12 GB

[0-9秒 PDE求解详细性能]
  t=0s - 时间: 0.000000s | 显存: 0.00 B
  t=1s - 时间: 0.477310s | 显存: 0.00 B
  t=2s - 时间: 0.519074s | 显存: 0.00 B
  t=3s - 时间: 0.589816s | 显存: 0.00 B
  t=4s - 时间: 0.681483s | 显存: 0.00 B
  t=5s - 时间: 0.735757s | 显存: 0.00 B
  t=6s - 时间: 0.812700s | 显存: 0.00 B
  t=7s - 时间: 0.921437s | 显存: 0.00 B
  t=8s - 时间: 0.997216s | 显存: 0.00 B
  t=9s - 时间: 1.052054s | 显存: 0.00 B

[19秒 PDE求解]
  t=19.0s - 时间: 1.865892s | 显存: 0.00 B

[PDE求解部分] 总时间: 1.866217s | 显存: 0.00 B

[本步骤总计] 时间: 8.674326s | 显存: 4.12 GB
orginal_loss:  tensor(22089.5820, device='cuda:0', grad_fn=<MseLossBackward0>)
[Step 50] Backward Propagation - Time: 10.2216s, Mem: -4413235200.00 B
x_adv.requires_grad:  True
pred_19.requires_grad, true_19.requires_grad:  True True
Autograd grad max:  tensor(158.5312, device='cuda:0')
Autograd grad min:  tensor(-169.2805, device='cuda:0')
Autograd grad mean:  tensor(-0.1216, device='cuda:0')
[Step 50] PGD Update - Time: 0.0012s, Mem: 0.00 B

[Step 50] 完整步骤总时间: 18.901350s | 总显存: 0.00 B
[Step 50] 峰值显存: 6.22 GB

[Step 51] ============ 详细性能分析 ============
[模型部分] 总时间: 6.684975s | 显存: 4.12 GB

[0-9秒 PDE求解详细性能]
  t=0s - 时间: 0.000000s | 显存: 0.00 B
  t=1s - 时间: 0.433611s | 显存: 0.00 B
  t=2s - 时间: 0.483108s | 显存: 0.00 B
  t=3s - 时间: 0.565150s | 显存: 0.00 B
  t=4s - 时间: 0.671832s | 显存: 0.00 B
  t=5s - 时间: 0.743806s | 显存: 0.00 B
  t=6s - 时间: 0.811039s | 显存: 0.00 B
  t=7s - 时间: 0.914881s | 显存: 0.00 B
  t=8s - 时间: 0.993392s | 显存: 0.00 B
  t=9s - 时间: 1.047070s | 显存: 0.00 B

[19秒 PDE求解]
  t=19.0s - 时间: 1.833979s | 显存: 0.00 B

[PDE求解部分] 总时间: 1.834387s | 显存: 0.00 B

[本步骤总计] 时间: 8.519362s | 显存: 4.12 GB
orginal_loss:  tensor(23090.3496, device='cuda:0', grad_fn=<MseLossBackward0>)
[Step 51] Backward Propagation - Time: 10.2029s, Mem: -4413235200.00 B
x_adv.requires_grad:  True
pred_19.requires_grad, true_19.requires_grad:  True True
Autograd grad max:  tensor(157.6389, device='cuda:0')
Autograd grad min:  tensor(-178.4540, device='cuda:0')
Autograd grad mean:  tensor(-0.1096, device='cuda:0')
[Step 51] PGD Update - Time: 0.0013s, Mem: 0.00 B

[Step 51] 完整步骤总时间: 18.728468s | 总显存: 0.00 B
[Step 51] 峰值显存: 6.22 GB

[Step 52] ============ 详细性能分析 ============
[模型部分] 总时间: 6.735023s | 显存: 4.12 GB

[0-9秒 PDE求解详细性能]
  t=0s - 时间: 0.000000s | 显存: 0.00 B
  t=1s - 时间: 0.406362s | 显存: 0.00 B
  t=2s - 时间: 0.515908s | 显存: 0.00 B
  t=3s - 时间: 0.590008s | 显存: 0.00 B
  t=4s - 时间: 0.677281s | 显存: 0.00 B
  t=5s - 时间: 0.732881s | 显存: 0.00 B
  t=6s - 时间: 0.813872s | 显存: 0.00 B
  t=7s - 时间: 0.896014s | 显存: 0.00 B
  t=8s - 时间: 1.014138s | 显存: 0.00 B
  t=9s - 时间: 1.067343s | 显存: 0.00 B

[19秒 PDE求解]
  t=19.0s - 时间: 1.836837s | 显存: 0.00 B

[PDE求解部分] 总时间: 1.837202s | 显存: 0.00 B

[本步骤总计] 时间: 8.572225s | 显存: 4.12 GB
orginal_loss:  tensor(23908.9199, device='cuda:0', grad_fn=<MseLossBackward0>)
[Step 52] Backward Propagation - Time: 10.1272s, Mem: -4413235200.00 B
x_adv.requires_grad:  True
pred_19.requires_grad, true_19.requires_grad:  True True
Autograd grad max:  tensor(152.1664, device='cuda:0')
Autograd grad min:  tensor(-175.9748, device='cuda:0')
Autograd grad mean:  tensor(-0.0716, device='cuda:0')
[Step 52] PGD Update - Time: 0.0010s, Mem: 0.00 B

[Step 52] 完整步骤总时间: 18.704568s | 总显存: 0.00 B
[Step 52] 峰值显存: 6.22 GB

[Step 53] ============ 详细性能分析 ============
[模型部分] 总时间: 6.751932s | 显存: 4.12 GB

[0-9秒 PDE求解详细性能]
  t=0s - 时间: 0.000000s | 显存: 0.00 B
  t=1s - 时间: 0.471777s | 显存: 0.00 B
  t=2s - 时间: 0.531908s | 显存: 0.00 B
  t=3s - 时间: 0.564212s | 显存: 0.00 B
  t=4s - 时间: 0.663653s | 显存: 0.00 B
  t=5s - 时间: 0.733066s | 显存: 0.00 B
  t=6s - 时间: 0.830000s | 显存: 0.00 B
  t=7s - 时间: 0.919357s | 显存: 0.00 B
  t=8s - 时间: 0.962597s | 显存: 0.00 B
  t=9s - 时间: 1.053730s | 显存: 0.00 B

[19秒 PDE求解]
  t=19.0s - 时间: 1.840988s | 显存: 0.00 B

[PDE求解部分] 总时间: 1.841340s | 显存: 0.00 B

[本步骤总计] 时间: 8.593272s | 显存: 4.12 GB
orginal_loss:  tensor(23972.6094, device='cuda:0', grad_fn=<MseLossBackward0>)
[Step 53] Backward Propagation - Time: 10.0033s, Mem: -4413235200.00 B
x_adv.requires_grad:  True
pred_19.requires_grad, true_19.requires_grad:  True True
Autograd grad max:  tensor(146.9299, device='cuda:0')
Autograd grad min:  tensor(-176.8739, device='cuda:0')
Autograd grad mean:  tensor(-0.0321, device='cuda:0')
[Step 53] PGD Update - Time: 0.0013s, Mem: 0.00 B

[Step 53] 完整步骤总时间: 18.602281s | 总显存: 0.00 B
[Step 53] 峰值显存: 6.22 GB

[Step 54] ============ 详细性能分析 ============
[模型部分] 总时间: 6.720154s | 显存: 4.12 GB

[0-9秒 PDE求解详细性能]
  t=0s - 时间: 0.000000s | 显存: 0.00 B
  t=1s - 时间: 0.441703s | 显存: 0.00 B
  t=2s - 时间: 0.516907s | 显存: 0.00 B
  t=3s - 时间: 0.591358s | 显存: 0.00 B
  t=4s - 时间: 0.659437s | 显存: 0.00 B
  t=5s - 时间: 0.742623s | 显存: 0.00 B
  t=6s - 时间: 0.798239s | 显存: 0.00 B
  t=7s - 时间: 0.909549s | 显存: 0.00 B
  t=8s - 时间: 0.977701s | 显存: 0.00 B
  t=9s - 时间: 1.061488s | 显存: 0.00 B

[19秒 PDE求解]
  t=19.0s - 时间: 1.839419s | 显存: 0.00 B

[PDE求解部分] 总时间: 1.839757s | 显存: 0.00 B

[本步骤总计] 时间: 8.559911s | 显存: 4.12 GB
orginal_loss:  tensor(23442.7773, device='cuda:0', grad_fn=<MseLossBackward0>)
[Step 54] Backward Propagation - Time: 10.1848s, Mem: -4413235200.00 B
x_adv.requires_grad:  True
pred_19.requires_grad, true_19.requires_grad:  True True
Autograd grad max:  tensor(142.1620, device='cuda:0')
Autograd grad min:  tensor(-173.9081, device='cuda:0')
Autograd grad mean:  tensor(0.0045, device='cuda:0')
[Step 54] PGD Update - Time: 0.0012s, Mem: 0.00 B

[Step 54] 完整步骤总时间: 18.750371s | 总显存: 0.00 B
[Step 54] 峰值显存: 6.22 GB

[Step 55] ============ 详细性能分析 ============
[模型部分] 总时间: 6.768858s | 显存: 4.12 GB

[0-9秒 PDE求解详细性能]
  t=0s - 时间: 0.000000s | 显存: 0.00 B
  t=1s - 时间: 0.467427s | 显存: 0.00 B
  t=2s - 时间: 0.532021s | 显存: 0.00 B
  t=3s - 时间: 0.571956s | 显存: 0.00 B
  t=4s - 时间: 0.650995s | 显存: 0.00 B
  t=5s - 时间: 0.736063s | 显存: 0.00 B
  t=6s - 时间: 0.845233s | 显存: 0.00 B
  t=7s - 时间: 0.922053s | 显存: 0.00 B
  t=8s - 时间: 0.965834s | 显存: 0.00 B
  t=9s - 时间: 1.056031s | 显存: 0.00 B

[19秒 PDE求解]
  t=19.0s - 时间: 1.857460s | 显存: 0.00 B

[PDE求解部分] 总时间: 1.857821s | 显存: 0.00 B

[本步骤总计] 时间: 8.626679s | 显存: 4.12 GB
orginal_loss:  tensor(22248.2676, device='cuda:0', grad_fn=<MseLossBackward0>)
[Step 55] Backward Propagation - Time: 10.2197s, Mem: -4413235200.00 B
x_adv.requires_grad:  True
pred_19.requires_grad, true_19.requires_grad:  True True
Autograd grad max:  tensor(137.3878, device='cuda:0')
Autograd grad min:  tensor(-169.7234, device='cuda:0')
Autograd grad mean:  tensor(0.0277, device='cuda:0')
[Step 55] PGD Update - Time: 0.0013s, Mem: 0.00 B

[Step 55] 完整步骤总时间: 18.852073s | 总显存: 0.00 B
[Step 55] 峰值显存: 6.22 GB

[Step 56] ============ 详细性能分析 ============
[模型部分] 总时间: 6.699329s | 显存: 4.12 GB

[0-9秒 PDE求解详细性能]
  t=0s - 时间: 0.000000s | 显存: 0.00 B
  t=1s - 时间: 0.439879s | 显存: 0.00 B
  t=2s - 时间: 0.486336s | 显存: 0.00 B
  t=3s - 时间: 0.571560s | 显存: 0.00 B
  t=4s - 时间: 0.642521s | 显存: 0.00 B
  t=5s - 时间: 0.757558s | 显存: 0.00 B
  t=6s - 时间: 0.806875s | 显存: 0.00 B
  t=7s - 时间: 0.926645s | 显存: 0.00 B
  t=8s - 时间: 0.961529s | 显存: 0.00 B
  t=9s - 时间: 1.085220s | 显存: 0.00 B

[19秒 PDE求解]
  t=19.0s - 时间: 1.901364s | 显存: 0.00 B

[PDE求解部分] 总时间: 1.901821s | 显存: 0.00 B

[本步骤总计] 时间: 8.601151s | 显存: 4.12 GB
orginal_loss:  tensor(20632.3867, device='cuda:0', grad_fn=<MseLossBackward0>)
[Step 56] Backward Propagation - Time: 10.2814s, Mem: -4413235200.00 B
x_adv.requires_grad:  True
pred_19.requires_grad, true_19.requires_grad:  True True
Autograd grad max:  tensor(134.3827, device='cuda:0')
Autograd grad min:  tensor(-169.8261, device='cuda:0')
Autograd grad mean:  tensor(0.0292, device='cuda:0')
[Step 56] PGD Update - Time: 0.0013s, Mem: 0.00 B

[Step 56] 完整步骤总时间: 18.888413s | 总显存: 0.00 B
[Step 56] 峰值显存: 6.22 GB

[Step 57] ============ 详细性能分析 ============
[模型部分] 总时间: 6.745748s | 显存: 4.12 GB

[0-9秒 PDE求解详细性能]
  t=0s - 时间: 0.000000s | 显存: 0.00 B
  t=1s - 时间: 0.473196s | 显存: 0.00 B
  t=2s - 时间: 0.507588s | 显存: 0.00 B
  t=3s - 时间: 0.578008s | 显存: 0.00 B
  t=4s - 时间: 0.652800s | 显存: 0.00 B
  t=5s - 时间: 0.739356s | 显存: 0.00 B
  t=6s - 时间: 0.829094s | 显存: 0.00 B
  t=7s - 时间: 0.884836s | 显存: 0.00 B
  t=8s - 时间: 0.976672s | 显存: 0.00 B
  t=9s - 时间: 1.082612s | 显存: 0.00 B

[19秒 PDE求解]
  t=19.0s - 时间: 1.814559s | 显存: 0.00 B

[PDE求解部分] 总时间: 1.814901s | 显存: 0.00 B

[本步骤总计] 时间: 8.560649s | 显存: 4.12 GB
orginal_loss:  tensor(19198.9414, device='cuda:0', grad_fn=<MseLossBackward0>)
[Step 57] Backward Propagation - Time: 10.3543s, Mem: -4413235200.00 B
x_adv.requires_grad:  True
pred_19.requires_grad, true_19.requires_grad:  True True
Autograd grad max:  tensor(131.6259, device='cuda:0')
Autograd grad min:  tensor(-170.7337, device='cuda:0')
Autograd grad mean:  tensor(0.0170, device='cuda:0')
[Step 57] PGD Update - Time: 0.0012s, Mem: 0.00 B

[Step 57] 完整步骤总时间: 18.920481s | 总显存: 0.00 B
[Step 57] 峰值显存: 6.22 GB

[Step 58] ============ 详细性能分析 ============
[模型部分] 总时间: 6.666551s | 显存: 4.12 GB

[0-9秒 PDE求解详细性能]
  t=0s - 时间: 0.000000s | 显存: 0.00 B
  t=1s - 时间: 0.464187s | 显存: 0.00 B
  t=2s - 时间: 0.497031s | 显存: 0.00 B
  t=3s - 时间: 0.603504s | 显存: 0.00 B
  t=4s - 时间: 0.670639s | 显存: 0.00 B
  t=5s - 时间: 0.755518s | 显存: 0.00 B
  t=6s - 时间: 0.777702s | 显存: 0.00 B
  t=7s - 时间: 0.869246s | 显存: 0.00 B
  t=8s - 时间: 0.938848s | 显存: 0.00 B
  t=9s - 时间: 1.069119s | 显存: 0.00 B

[19秒 PDE求解]
  t=19.0s - 时间: 1.874697s | 显存: 0.00 B

[PDE求解部分] 总时间: 1.874997s | 显存: 0.00 B

[本步骤总计] 时间: 8.541548s | 显存: 4.12 GB
orginal_loss:  tensor(18462.3320, device='cuda:0', grad_fn=<MseLossBackward0>)
[Step 58] Backward Propagation - Time: 13.9017s, Mem: -4413235200.00 B
x_adv.requires_grad:  True
pred_19.requires_grad, true_19.requires_grad:  True True
Autograd grad max:  tensor(129.1209, device='cuda:0')
Autograd grad min:  tensor(-173.9544, device='cuda:0')
Autograd grad mean:  tensor(0.0038, device='cuda:0')
[Step 58] PGD Update - Time: 0.0013s, Mem: 0.00 B

[Step 58] 完整步骤总时间: 22.449279s | 总显存: 0.00 B
[Step 58] 峰值显存: 6.22 GB

[Step 59] ============ 详细性能分析 ============
[模型部分] 总时间: 6.613289s | 显存: 4.12 GB

[0-9秒 PDE求解详细性能]
  t=0s - 时间: 0.000000s | 显存: 0.00 B
  t=1s - 时间: 0.415939s | 显存: 0.00 B
  t=2s - 时间: 0.514224s | 显存: 0.00 B
  t=3s - 时间: 0.594526s | 显存: 0.00 B
  t=4s - 时间: 0.659078s | 显存: 0.00 B
  t=5s - 时间: 0.725061s | 显存: 0.00 B
  t=6s - 时间: 0.805919s | 显存: 0.00 B
  t=7s - 时间: 0.889789s | 显存: 0.00 B
  t=8s - 时间: 0.965755s | 显存: 0.00 B
  t=9s - 时间: 1.022010s | 显存: 0.00 B

[19秒 PDE求解]
  t=19.0s - 时间: 1.853981s | 显存: 0.00 B

[PDE求解部分] 总时间: 1.854263s | 显存: 0.00 B

[本步骤总计] 时间: 8.467552s | 显存: 4.12 GB
orginal_loss:  tensor(18254.0547, device='cuda:0', grad_fn=<MseLossBackward0>)
[Step 59] Backward Propagation - Time: 10.2883s, Mem: -4413235200.00 B
x_adv.requires_grad:  True
pred_19.requires_grad, true_19.requires_grad:  True True
Autograd grad max:  tensor(126.6355, device='cuda:0')
Autograd grad min:  tensor(-178.2606, device='cuda:0')
Autograd grad mean:  tensor(-0.0067, device='cuda:0')
[Step 59] PGD Update - Time: 0.0012s, Mem: 0.00 B

[Step 59] 完整步骤总时间: 18.761058s | 总显存: 0.00 B
[Step 59] 峰值显存: 6.22 GB

[Step 60] ============ 详细性能分析 ============
[模型部分] 总时间: 6.738635s | 显存: 4.12 GB

[0-9秒 PDE求解详细性能]
  t=0s - 时间: 0.000000s | 显存: 0.00 B
  t=1s - 时间: 0.424361s | 显存: 0.00 B
  t=2s - 时间: 0.467834s | 显存: 0.00 B
  t=3s - 时间: 0.592161s | 显存: 0.00 B
  t=4s - 时间: 0.666103s | 显存: 0.00 B
  t=5s - 时间: 0.758215s | 显存: 0.00 B
  t=6s - 时间: 0.857848s | 显存: 0.00 B
  t=7s - 时间: 0.923627s | 显存: 0.00 B
  t=8s - 时间: 0.970032s | 显存: 0.00 B
  t=9s - 时间: 1.057218s | 显存: 0.00 B

[19秒 PDE求解]
  t=19.0s - 时间: 1.872693s | 显存: 0.00 B

[PDE求解部分] 总时间: 1.873026s | 显存: 0.00 B

[本步骤总计] 时间: 8.611662s | 显存: 4.12 GB
orginal_loss:  tensor(18057.7441, device='cuda:0', grad_fn=<MseLossBackward0>)
[Step 60] Backward Propagation - Time: 10.3607s, Mem: -4413235200.00 B
x_adv.requires_grad:  True
pred_19.requires_grad, true_19.requires_grad:  True True
Autograd grad max:  tensor(126.3080, device='cuda:0')
Autograd grad min:  tensor(-182.5574, device='cuda:0')
Autograd grad mean:  tensor(-0.0135, device='cuda:0')
[Step 60] PGD Update - Time: 0.0012s, Mem: 0.00 B

[Step 60] 完整步骤总时间: 18.977942s | 总显存: 0.00 B
[Step 60] 峰值显存: 6.22 GB

[Step 61] ============ 详细性能分析 ============
[模型部分] 总时间: 6.844988s | 显存: 4.12 GB

[0-9秒 PDE求解详细性能]
  t=0s - 时间: 0.000000s | 显存: 0.00 B
  t=1s - 时间: 0.456930s | 显存: 0.00 B
  t=2s - 时间: 0.522012s | 显存: 0.00 B
  t=3s - 时间: 0.601595s | 显存: 0.00 B
  t=4s - 时间: 0.683349s | 显存: 0.00 B
  t=5s - 时间: 0.763582s | 显存: 0.00 B
  t=6s - 时间: 0.834137s | 显存: 0.00 B
  t=7s - 时间: 0.908206s | 显存: 0.00 B
  t=8s - 时间: 0.986445s | 显存: 0.00 B
  t=9s - 时间: 1.067927s | 显存: 0.00 B

[19秒 PDE求解]
  t=19.0s - 时间: 1.815311s | 显存: 0.00 B

[PDE求解部分] 总时间: 1.815641s | 显存: 0.00 B

[本步骤总计] 时间: 8.660629s | 显存: 4.12 GB
orginal_loss:  tensor(17473.8711, device='cuda:0', grad_fn=<MseLossBackward0>)
[Step 61] Backward Propagation - Time: 10.1144s, Mem: -4413235200.00 B
x_adv.requires_grad:  True
pred_19.requires_grad, true_19.requires_grad:  True True
Autograd grad max:  tensor(127.4618, device='cuda:0')
Autograd grad min:  tensor(-185.3801, device='cuda:0')
Autograd grad mean:  tensor(-0.0195, device='cuda:0')
[Step 61] PGD Update - Time: 0.0013s, Mem: 0.00 B

[Step 61] 完整步骤总时间: 18.780598s | 总显存: 0.00 B
[Step 61] 峰值显存: 6.22 GB

[Step 62] ============ 详细性能分析 ============
[模型部分] 总时间: 6.685490s | 显存: 4.12 GB

[0-9秒 PDE求解详细性能]
  t=0s - 时间: 0.000000s | 显存: 0.00 B
  t=1s - 时间: 0.423480s | 显存: 0.00 B
  t=2s - 时间: 0.478703s | 显存: 0.00 B
  t=3s - 时间: 0.602601s | 显存: 0.00 B
  t=4s - 时间: 0.668923s | 显存: 0.00 B
  t=5s - 时间: 0.772947s | 显存: 0.00 B
  t=6s - 时间: 0.815330s | 显存: 0.00 B
  t=7s - 时间: 0.879621s | 显存: 0.00 B
  t=8s - 时间: 0.983651s | 显存: 0.00 B
  t=9s - 时间: 1.039044s | 显存: 0.00 B

[19秒 PDE求解]
  t=19.0s - 时间: 1.815987s | 显存: 0.00 B

[PDE求解部分] 总时间: 1.816324s | 显存: 0.00 B

[本步骤总计] 时间: 8.501814s | 显存: 4.12 GB
orginal_loss:  tensor(16571.9980, device='cuda:0', grad_fn=<MseLossBackward0>)
[Step 62] Backward Propagation - Time: 10.1468s, Mem: -4413235200.00 B
x_adv.requires_grad:  True
pred_19.requires_grad, true_19.requires_grad:  True True
Autograd grad max:  tensor(129.4898, device='cuda:0')
Autograd grad min:  tensor(-185.5452, device='cuda:0')
Autograd grad mean:  tensor(-0.0269, device='cuda:0')
[Step 62] PGD Update - Time: 0.0013s, Mem: 0.00 B

[Step 62] 完整步骤总时间: 18.654341s | 总显存: 0.00 B
[Step 62] 峰值显存: 6.22 GB

[Step 63] ============ 详细性能分析 ============
[模型部分] 总时间: 6.936486s | 显存: 4.12 GB

[0-9秒 PDE求解详细性能]
  t=0s - 时间: 0.000000s | 显存: 0.00 B
  t=1s - 时间: 0.456021s | 显存: 0.00 B
  t=2s - 时间: 0.509638s | 显存: 0.00 B
  t=3s - 时间: 0.604162s | 显存: 0.00 B
  t=4s - 时间: 0.665799s | 显存: 0.00 B
  t=5s - 时间: 0.779513s | 显存: 0.00 B
  t=6s - 时间: 0.842437s | 显存: 0.00 B
  t=7s - 时间: 0.971921s | 显存: 0.00 B
  t=8s - 时间: 1.007886s | 显存: 0.00 B
  t=9s - 时间: 1.078185s | 显存: 0.00 B

[19秒 PDE求解]
  t=19.0s - 时间: 1.892735s | 显存: 0.00 B

[PDE求解部分] 总时间: 1.893113s | 显存: 0.00 B

[本步骤总计] 时间: 8.829598s | 显存: 4.12 GB
orginal_loss:  tensor(15585.6680, device='cuda:0', grad_fn=<MseLossBackward0>)
[Step 63] Backward Propagation - Time: 10.2996s, Mem: -4413235200.00 B
x_adv.requires_grad:  True
pred_19.requires_grad, true_19.requires_grad:  True True
Autograd grad max:  tensor(131.9731, device='cuda:0')
Autograd grad min:  tensor(-185.1796, device='cuda:0')
Autograd grad mean:  tensor(-0.0320, device='cuda:0')
[Step 63] PGD Update - Time: 0.0013s, Mem: 0.00 B

[Step 63] 完整步骤总时间: 19.135023s | 总显存: 0.00 B
[Step 63] 峰值显存: 6.22 GB

[Step 64] ============ 详细性能分析 ============
[模型部分] 总时间: 6.819238s | 显存: 4.12 GB

[0-9秒 PDE求解详细性能]
  t=0s - 时间: 0.000000s | 显存: 0.00 B
  t=1s - 时间: 0.453103s | 显存: 0.00 B
  t=2s - 时间: 0.494884s | 显存: 0.00 B
  t=3s - 时间: 0.618404s | 显存: 0.00 B
  t=4s - 时间: 0.685849s | 显存: 0.00 B
  t=5s - 时间: 0.764752s | 显存: 0.00 B
  t=6s - 时间: 0.828125s | 显存: 0.00 B
  t=7s - 时间: 0.918603s | 显存: 0.00 B
  t=8s - 时间: 0.994910s | 显存: 0.00 B
  t=9s - 时间: 1.039503s | 显存: 0.00 B

[19秒 PDE求解]
  t=19.0s - 时间: 1.870011s | 显存: 0.00 B

[PDE求解部分] 总时间: 1.870341s | 显存: 0.00 B

[本步骤总计] 时间: 8.689580s | 显存: 4.12 GB
orginal_loss:  tensor(14634.8223, device='cuda:0', grad_fn=<MseLossBackward0>)
[Step 64] Backward Propagation - Time: 9.9866s, Mem: -4413235200.00 B
x_adv.requires_grad:  True
pred_19.requires_grad, true_19.requires_grad:  True True
Autograd grad max:  tensor(134.2359, device='cuda:0')
Autograd grad min:  tensor(-185.3304, device='cuda:0')
Autograd grad mean:  tensor(-0.0344, device='cuda:0')
[Step 64] PGD Update - Time: 0.0013s, Mem: 0.00 B

[Step 64] 完整步骤总时间: 18.681713s | 总显存: 0.00 B
[Step 64] 峰值显存: 6.22 GB

[Step 65] ============ 详细性能分析 ============
[模型部分] 总时间: 6.857030s | 显存: 4.12 GB

[0-9秒 PDE求解详细性能]
  t=0s - 时间: 0.000000s | 显存: 0.00 B
  t=1s - 时间: 0.448903s | 显存: 0.00 B
  t=2s - 时间: 0.512958s | 显存: 0.00 B
  t=3s - 时间: 0.594187s | 显存: 0.00 B
  t=4s - 时间: 0.686862s | 显存: 0.00 B
  t=5s - 时间: 0.764168s | 显存: 0.00 B
  t=6s - 时间: 0.840396s | 显存: 0.00 B
  t=7s - 时间: 0.909789s | 显存: 0.00 B
  t=8s - 时间: 0.992227s | 显存: 0.00 B
  t=9s - 时间: 1.086871s | 显存: 0.00 B

[19秒 PDE求解]
  t=19.0s - 时间: 1.891644s | 显存: 0.00 B

[PDE求解部分] 总时间: 1.891982s | 显存: 0.00 B

[本步骤总计] 时间: 8.749012s | 显存: 4.12 GB
orginal_loss:  tensor(13761.8145, device='cuda:0', grad_fn=<MseLossBackward0>)
[Step 65] Backward Propagation - Time: 10.2041s, Mem: -4413235200.00 B
x_adv.requires_grad:  True
pred_19.requires_grad, true_19.requires_grad:  True True
Autograd grad max:  tensor(135.1088, device='cuda:0')
Autograd grad min:  tensor(-187.5463, device='cuda:0')
Autograd grad mean:  tensor(-0.0339, device='cuda:0')
[Step 65] PGD Update - Time: 0.0011s, Mem: 0.00 B

[Step 65] 完整步骤总时间: 18.959150s | 总显存: 0.00 B
[Step 65] 峰值显存: 6.22 GB

[Step 66] ============ 详细性能分析 ============
[模型部分] 总时间: 7.865903s | 显存: 4.12 GB

[0-9秒 PDE求解详细性能]
  t=0s - 时间: 0.000000s | 显存: 0.00 B
  t=1s - 时间: 0.451651s | 显存: 0.00 B
  t=2s - 时间: 0.496813s | 显存: 0.00 B
  t=3s - 时间: 0.588314s | 显存: 0.00 B
  t=4s - 时间: 0.692951s | 显存: 0.00 B
  t=5s - 时间: 0.745556s | 显存: 0.00 B
  t=6s - 时间: 0.854180s | 显存: 0.00 B
  t=7s - 时间: 0.901405s | 显存: 0.00 B
  t=8s - 时间: 0.957922s | 显存: 0.00 B
  t=9s - 时间: 1.032721s | 显存: 0.00 B

[19秒 PDE求解]
  t=19.0s - 时间: 1.823541s | 显存: 0.00 B

[PDE求解部分] 总时间: 1.823859s | 显存: 0.00 B

[本步骤总计] 时间: 9.689762s | 显存: 4.12 GB
orginal_loss:  tensor(12894.3467, device='cuda:0', grad_fn=<MseLossBackward0>)
[Step 66] Backward Propagation - Time: 10.3696s, Mem: -4413235200.00 B
x_adv.requires_grad:  True
pred_19.requires_grad, true_19.requires_grad:  True True
Autograd grad max:  tensor(133.9012, device='cuda:0')
Autograd grad min:  tensor(-189.1303, device='cuda:0')
Autograd grad mean:  tensor(-0.0289, device='cuda:0')
[Step 66] PGD Update - Time: 0.0012s, Mem: 0.00 B

[Step 66] 完整步骤总时间: 20.064458s | 总显存: 0.00 B
[Step 66] 峰值显存: 6.22 GB

[Step 67] ============ 详细性能分析 ============
[模型部分] 总时间: 6.624107s | 显存: 4.12 GB

[0-9秒 PDE求解详细性能]
  t=0s - 时间: 0.000000s | 显存: 0.00 B
  t=1s - 时间: 0.399866s | 显存: 0.00 B
  t=2s - 时间: 0.494737s | 显存: 0.00 B
  t=3s - 时间: 0.576323s | 显存: 0.00 B
  t=4s - 时间: 0.630877s | 显存: 0.00 B
  t=5s - 时间: 0.723874s | 显存: 0.00 B
  t=6s - 时间: 0.847593s | 显存: 0.00 B
  t=7s - 时间: 0.901264s | 显存: 0.00 B
  t=8s - 时间: 0.966247s | 显存: 0.00 B
  t=9s - 时间: 1.062147s | 显存: 0.00 B

[19秒 PDE求解]
  t=19.0s - 时间: 1.832885s | 显存: 0.00 B

[PDE求解部分] 总时间: 1.833256s | 显存: 0.00 B

[本步骤总计] 时间: 8.457363s | 显存: 4.12 GB
orginal_loss:  tensor(11935.9502, device='cuda:0', grad_fn=<MseLossBackward0>)
[Step 67] Backward Propagation - Time: 10.2954s, Mem: -4413235200.00 B
x_adv.requires_grad:  True
pred_19.requires_grad, true_19.requires_grad:  True True
Autograd grad max:  tensor(130.7726, device='cuda:0')
Autograd grad min:  tensor(-189.4684, device='cuda:0')
Autograd grad mean:  tensor(-0.0199, device='cuda:0')
[Step 67] PGD Update - Time: 0.0013s, Mem: 0.00 B

[Step 67] 完整步骤总时间: 18.758518s | 总显存: 0.00 B
[Step 67] 峰值显存: 6.22 GB

[Step 68] ============ 详细性能分析 ============
[模型部分] 总时间: 6.846520s | 显存: 4.12 GB

[0-9秒 PDE求解详细性能]
  t=0s - 时间: 0.000000s | 显存: 0.00 B
  t=1s - 时间: 0.446665s | 显存: 0.00 B
  t=2s - 时间: 0.503672s | 显存: 0.00 B
  t=3s - 时间: 0.597561s | 显存: 0.00 B
  t=4s - 时间: 0.688914s | 显存: 0.00 B
  t=5s - 时间: 0.766239s | 显存: 0.00 B
  t=6s - 时间: 0.849226s | 显存: 0.00 B
  t=7s - 时间: 0.915972s | 显存: 0.00 B
  t=8s - 时间: 1.014200s | 显存: 0.00 B
  t=9s - 时间: 1.042847s | 显存: 0.00 B

[19秒 PDE求解]
  t=19.0s - 时间: 1.849049s | 显存: 0.00 B

[PDE求解部分] 总时间: 1.849382s | 显存: 0.00 B

[本步骤总计] 时间: 8.695901s | 显存: 4.12 GB
orginal_loss:  tensor(10890.9980, device='cuda:0', grad_fn=<MseLossBackward0>)
[Step 68] Backward Propagation - Time: 10.0823s, Mem: -4413235200.00 B
x_adv.requires_grad:  True
pred_19.requires_grad, true_19.requires_grad:  True True
Autograd grad max:  tensor(125.8831, device='cuda:0')
Autograd grad min:  tensor(-187.1435, device='cuda:0')
Autograd grad mean:  tensor(-0.0107, device='cuda:0')
[Step 68] PGD Update - Time: 0.0013s, Mem: 0.00 B

[Step 68] 完整步骤总时间: 18.783775s | 总显存: 0.00 B
[Step 68] 峰值显存: 6.22 GB

[Step 69] ============ 详细性能分析 ============
[模型部分] 总时间: 6.677945s | 显存: 4.12 GB

[0-9秒 PDE求解详细性能]
  t=0s - 时间: 0.000000s | 显存: 0.00 B
  t=1s - 时间: 0.446640s | 显存: 0.00 B
  t=2s - 时间: 0.514882s | 显存: 0.00 B
  t=3s - 时间: 0.598789s | 显存: 0.00 B
  t=4s - 时间: 0.639610s | 显存: 0.00 B
  t=5s - 时间: 0.735916s | 显存: 0.00 B
  t=6s - 时间: 0.796338s | 显存: 0.00 B
  t=7s - 时间: 0.880820s | 显存: 0.00 B
  t=8s - 时间: 0.998541s | 显存: 0.00 B
  t=9s - 时间: 1.045473s | 显存: 0.00 B

[19秒 PDE求解]
  t=19.0s - 时间: 1.860054s | 显存: 0.00 B

[PDE求解部分] 总时间: 1.860356s | 显存: 0.00 B

[本步骤总计] 时间: 8.538301s | 显存: 4.12 GB
orginal_loss:  tensor(9890.9248, device='cuda:0', grad_fn=<MseLossBackward0>)
[Step 69] Backward Propagation - Time: 10.3385s, Mem: -4413235200.00 B
x_adv.requires_grad:  True
pred_19.requires_grad, true_19.requires_grad:  True True
Autograd grad max:  tensor(123.7422, device='cuda:0')
Autograd grad min:  tensor(-181.6117, device='cuda:0')
Autograd grad mean:  tensor(-0.0060, device='cuda:0')
[Step 69] PGD Update - Time: 0.0013s, Mem: 0.00 B

[Step 69] 完整步骤总时间: 18.882780s | 总显存: 0.00 B
[Step 69] 峰值显存: 6.22 GB

[Step 70] ============ 详细性能分析 ============
[模型部分] 总时间: 6.731025s | 显存: 4.12 GB

[0-9秒 PDE求解详细性能]
  t=0s - 时间: 0.000000s | 显存: 0.00 B
  t=1s - 时间: 0.435762s | 显存: 0.00 B
  t=2s - 时间: 0.506135s | 显存: 0.00 B
  t=3s - 时间: 0.579034s | 显存: 0.00 B
  t=4s - 时间: 0.668114s | 显存: 0.00 B
  t=5s - 时间: 0.744693s | 显存: 0.00 B
  t=6s - 时间: 0.805335s | 显存: 0.00 B
  t=7s - 时间: 0.896399s | 显存: 0.00 B
  t=8s - 时间: 0.989701s | 显存: 0.00 B
  t=9s - 时间: 1.084815s | 显存: 0.00 B

[19秒 PDE求解]
  t=19.0s - 时间: 1.877936s | 显存: 0.00 B

[PDE求解部分] 总时间: 1.878301s | 显存: 0.00 B

[本步骤总计] 时间: 8.609326s | 显存: 4.12 GB
orginal_loss:  tensor(9101.4688, device='cuda:0', grad_fn=<MseLossBackward0>)
[Step 70] Backward Propagation - Time: 10.2450s, Mem: -4413235200.00 B
x_adv.requires_grad:  True
pred_19.requires_grad, true_19.requires_grad:  True True
Autograd grad max:  tensor(127.0556, device='cuda:0')
Autograd grad min:  tensor(-174.5861, device='cuda:0')
Autograd grad mean:  tensor(-0.0070, device='cuda:0')
[Step 70] PGD Update - Time: 0.0013s, Mem: 0.00 B

[Step 70] 完整步骤总时间: 18.859825s | 总显存: 0.00 B
[Step 70] 峰值显存: 6.22 GB

[Step 71] ============ 详细性能分析 ============
[模型部分] 总时间: 6.820850s | 显存: 4.12 GB

[0-9秒 PDE求解详细性能]
  t=0s - 时间: 0.000000s | 显存: 0.00 B
  t=1s - 时间: 0.455825s | 显存: 0.00 B
  t=2s - 时间: 0.514794s | 显存: 0.00 B
  t=3s - 时间: 0.589256s | 显存: 0.00 B
  t=4s - 时间: 0.671534s | 显存: 0.00 B
  t=5s - 时间: 0.758739s | 显存: 0.00 B
  t=6s - 时间: 0.833611s | 显存: 0.00 B
  t=7s - 时间: 0.920195s | 显存: 0.00 B
  t=8s - 时间: 0.975121s | 显存: 0.00 B
  t=9s - 时间: 1.080623s | 显存: 0.00 B

[19秒 PDE求解]
  t=19.0s - 时间: 1.886837s | 显存: 0.00 B

[PDE求解部分] 总时间: 1.887165s | 显存: 0.00 B

[本步骤总计] 时间: 8.708015s | 显存: 4.12 GB
orginal_loss:  tensor(8572.2441, device='cuda:0', grad_fn=<MseLossBackward0>)
[Step 71] Backward Propagation - Time: 10.0901s, Mem: -4413235200.00 B
x_adv.requires_grad:  True
pred_19.requires_grad, true_19.requires_grad:  True True
Autograd grad max:  tensor(130.1109, device='cuda:0')
Autograd grad min:  tensor(-167.8510, device='cuda:0')
Autograd grad mean:  tensor(-0.0082, device='cuda:0')
[Step 71] PGD Update - Time: 0.0013s, Mem: 0.00 B

[Step 71] 完整步骤总时间: 18.803915s | 总显存: 0.00 B
[Step 71] 峰值显存: 6.22 GB

[Step 72] ============ 详细性能分析 ============
[模型部分] 总时间: 6.621075s | 显存: 4.12 GB

[0-9秒 PDE求解详细性能]
  t=0s - 时间: 0.000000s | 显存: 0.00 B
  t=1s - 时间: 0.438192s | 显存: 0.00 B
  t=2s - 时间: 0.488862s | 显存: 0.00 B
  t=3s - 时间: 0.572420s | 显存: 0.00 B
  t=4s - 时间: 0.636086s | 显存: 0.00 B
  t=5s - 时间: 0.724840s | 显存: 0.00 B
  t=6s - 时间: 0.801409s | 显存: 0.00 B
  t=7s - 时间: 0.904200s | 显存: 0.00 B
  t=8s - 时间: 0.998108s | 显存: 0.00 B
  t=9s - 时间: 1.035929s | 显存: 0.00 B

[19秒 PDE求解]
  t=19.0s - 时间: 1.838114s | 显存: 0.00 B

[PDE求解部分] 总时间: 1.838474s | 显存: 0.00 B

[本步骤总计] 时间: 8.459549s | 显存: 4.12 GB
orginal_loss:  tensor(8032.4204, device='cuda:0', grad_fn=<MseLossBackward0>)
[Step 72] Backward Propagation - Time: 10.0395s, Mem: -4413235200.00 B
x_adv.requires_grad:  True
pred_19.requires_grad, true_19.requires_grad:  True True
Autograd grad max:  tensor(130.3653, device='cuda:0')
Autograd grad min:  tensor(-160.2027, device='cuda:0')
Autograd grad mean:  tensor(-0.0081, device='cuda:0')
[Step 72] PGD Update - Time: 0.0013s, Mem: 0.00 B

[Step 72] 完整步骤总时间: 18.504643s | 总显存: 0.00 B
[Step 72] 峰值显存: 6.22 GB

[Step 73] ============ 详细性能分析 ============
[模型部分] 总时间: 6.589564s | 显存: 4.12 GB

[0-9秒 PDE求解详细性能]
  t=0s - 时间: 0.000000s | 显存: 0.00 B
  t=1s - 时间: 0.430313s | 显存: 0.00 B
  t=2s - 时间: 0.485266s | 显存: 0.00 B
  t=3s - 时间: 0.546809s | 显存: 0.00 B
  t=4s - 时间: 0.642709s | 显存: 0.00 B
  t=5s - 时间: 0.709027s | 显存: 0.00 B
  t=6s - 时间: 0.810094s | 显存: 0.00 B
  t=7s - 时间: 0.887444s | 显存: 0.00 B
  t=8s - 时间: 0.984085s | 显存: 0.00 B
  t=9s - 时间: 1.072840s | 显存: 0.00 B

[19秒 PDE求解]
  t=19.0s - 时间: 1.886714s | 显存: 0.00 B

[PDE求解部分] 总时间: 1.887069s | 显存: 0.00 B

[本步骤总计] 时间: 8.476633s | 显存: 4.12 GB
orginal_loss:  tensor(7295.3354, device='cuda:0', grad_fn=<MseLossBackward0>)
[Step 73] Backward Propagation - Time: 10.0291s, Mem: -4413235200.00 B
x_adv.requires_grad:  True
pred_19.requires_grad, true_19.requires_grad:  True True
Autograd grad max:  tensor(127.6587, device='cuda:0')
Autograd grad min:  tensor(-152.3130, device='cuda:0')
Autograd grad mean:  tensor(-0.0125, device='cuda:0')
[Step 73] PGD Update - Time: 0.0013s, Mem: 0.00 B

[Step 73] 完整步骤总时间: 18.512235s | 总显存: 0.00 B
[Step 73] 峰值显存: 6.22 GB

[Step 74] ============ 详细性能分析 ============
[模型部分] 总时间: 6.585537s | 显存: 4.12 GB

[0-9秒 PDE求解详细性能]
  t=0s - 时间: 0.000000s | 显存: 0.00 B
  t=1s - 时间: 0.418081s | 显存: 0.00 B
  t=2s - 时间: 0.483351s | 显存: 0.00 B
  t=3s - 时间: 0.592763s | 显存: 0.00 B
  t=4s - 时间: 0.684881s | 显存: 0.00 B
  t=5s - 时间: 0.726736s | 显存: 0.00 B
  t=6s - 时间: 0.803161s | 显存: 0.00 B
  t=7s - 时间: 0.874405s | 显存: 0.00 B
  t=8s - 时间: 0.949757s | 显存: 0.00 B
  t=9s - 时间: 1.031404s | 显存: 0.00 B

[19秒 PDE求解]
  t=19.0s - 时间: 1.836945s | 显存: 0.00 B

[PDE求解部分] 总时间: 1.837268s | 显存: 0.00 B

[本步骤总计] 时间: 8.422805s | 显存: 4.12 GB
orginal_loss:  tensor(6598.1963, device='cuda:0', grad_fn=<MseLossBackward0>)
[Step 74] Backward Propagation - Time: 10.1929s, Mem: -4413235200.00 B
x_adv.requires_grad:  True
pred_19.requires_grad, true_19.requires_grad:  True True
Autograd grad max:  tensor(120.9715, device='cuda:0')
Autograd grad min:  tensor(-143.0122, device='cuda:0')
Autograd grad mean:  tensor(-0.0230, device='cuda:0')
[Step 74] PGD Update - Time: 0.0013s, Mem: 0.00 B

[Step 74] 完整步骤总时间: 18.621270s | 总显存: 0.00 B
[Step 74] 峰值显存: 6.22 GB

[Step 75] ============ 详细性能分析 ============
[模型部分] 总时间: 6.839269s | 显存: 4.12 GB

[0-9秒 PDE求解详细性能]
  t=0s - 时间: 0.000000s | 显存: 0.00 B
  t=1s - 时间: 0.465915s | 显存: 0.00 B
  t=2s - 时间: 0.512621s | 显存: 0.00 B
  t=3s - 时间: 0.575453s | 显存: 0.00 B
  t=4s - 时间: 0.674984s | 显存: 0.00 B
  t=5s - 时间: 0.765225s | 显存: 0.00 B
  t=6s - 时间: 0.822565s | 显存: 0.00 B
  t=7s - 时间: 0.903171s | 显存: 0.00 B
  t=8s - 时间: 1.006118s | 显存: 0.00 B
  t=9s - 时间: 1.092028s | 显存: 0.00 B

[19秒 PDE求解]
  t=19.0s - 时间: 1.878652s | 显存: 0.00 B

[PDE求解部分] 总时间: 1.878998s | 显存: 0.00 B

[本步骤总计] 时间: 8.718267s | 显存: 4.12 GB
orginal_loss:  tensor(5937.2500, device='cuda:0', grad_fn=<MseLossBackward0>)
[Step 75] Backward Propagation - Time: 10.1517s, Mem: -4413235200.00 B
x_adv.requires_grad:  True
pred_19.requires_grad, true_19.requires_grad:  True True
Autograd grad max:  tensor(104.9275, device='cuda:0')
Autograd grad min:  tensor(-125.5695, device='cuda:0')
Autograd grad mean:  tensor(-0.0333, device='cuda:0')
[Step 75] PGD Update - Time: 0.0013s, Mem: 0.00 B

[Step 75] 完整步骤总时间: 18.876077s | 总显存: 0.00 B
[Step 75] 峰值显存: 6.22 GB

[Step 76] ============ 详细性能分析 ============
[模型部分] 总时间: 10.938397s | 显存: 4.12 GB

[0-9秒 PDE求解详细性能]
  t=0s - 时间: 0.000000s | 显存: 0.00 B
  t=1s - 时间: 0.407425s | 显存: 0.00 B
  t=2s - 时间: 0.477367s | 显存: 0.00 B
  t=3s - 时间: 0.593553s | 显存: 0.00 B
  t=4s - 时间: 0.639319s | 显存: 0.00 B
  t=5s - 时间: 0.723651s | 显存: 0.00 B
  t=6s - 时间: 0.826247s | 显存: 0.00 B
  t=7s - 时间: 5.182363s | 显存: 0.00 B
  t=8s - 时间: 1.000296s | 显存: 0.00 B
  t=9s - 时间: 1.067064s | 显存: 0.00 B

[19秒 PDE求解]
  t=19.0s - 时间: 1.840548s | 显存: 0.00 B

[PDE求解部分] 总时间: 1.840892s | 显存: 0.00 B

[本步骤总计] 时间: 12.779289s | 显存: 4.12 GB
orginal_loss:  tensor(5182.1650, device='cuda:0', grad_fn=<MseLossBackward0>)
[Step 76] Backward Propagation - Time: 10.2200s, Mem: -4413235200.00 B
x_adv.requires_grad:  True
pred_19.requires_grad, true_19.requires_grad:  True True
Autograd grad max:  tensor(95.7517, device='cuda:0')
Autograd grad min:  tensor(-100.5777, device='cuda:0')
Autograd grad mean:  tensor(-0.0364, device='cuda:0')
[Step 76] PGD Update - Time: 0.0012s, Mem: 0.00 B

[Step 76] 完整步骤总时间: 23.004503s | 总显存: 0.00 B
[Step 76] 峰值显存: 6.22 GB

[Step 77] ============ 详细性能分析 ============
[模型部分] 总时间: 6.830026s | 显存: 4.12 GB

[0-9秒 PDE求解详细性能]
  t=0s - 时间: 0.000000s | 显存: 0.00 B
  t=1s - 时间: 0.432681s | 显存: 0.00 B
  t=2s - 时间: 0.522603s | 显存: 0.00 B
  t=3s - 时间: 0.582471s | 显存: 0.00 B
  t=4s - 时间: 0.681451s | 显存: 0.00 B
  t=5s - 时间: 0.763476s | 显存: 0.00 B
  t=6s - 时间: 0.834442s | 显存: 0.00 B
  t=7s - 时间: 0.929171s | 显存: 0.00 B
  t=8s - 时间: 0.997533s | 显存: 0.00 B
  t=9s - 时间: 1.064873s | 显存: 0.00 B

[19秒 PDE求解]
  t=19.0s - 时间: 1.870031s | 显存: 0.00 B

[PDE求解部分] 总时间: 1.870363s | 显存: 0.00 B

[本步骤总计] 时间: 8.700389s | 显存: 4.12 GB
orginal_loss:  tensor(4386.4849, device='cuda:0', grad_fn=<MseLossBackward0>)
[Step 77] Backward Propagation - Time: 9.9982s, Mem: -4413235200.00 B
x_adv.requires_grad:  True
pred_19.requires_grad, true_19.requires_grad:  True True
Autograd grad max:  tensor(91.6457, device='cuda:0')
Autograd grad min:  tensor(-72.8506, device='cuda:0')
Autograd grad mean:  tensor(-0.0458, device='cuda:0')
[Step 77] PGD Update - Time: 0.0013s, Mem: 0.00 B

[Step 77] 完整步骤总时间: 18.704023s | 总显存: 0.00 B
[Step 77] 峰值显存: 6.22 GB

[Step 78] ============ 详细性能分析 ============
[模型部分] 总时间: 6.678948s | 显存: 4.12 GB

[0-9秒 PDE求解详细性能]
  t=0s - 时间: 0.000000s | 显存: 0.00 B
  t=1s - 时间: 0.416470s | 显存: 0.00 B
  t=2s - 时间: 0.504559s | 显存: 0.00 B
  t=3s - 时间: 0.581616s | 显存: 0.00 B
  t=4s - 时间: 0.649182s | 显存: 0.00 B
  t=5s - 时间: 0.734136s | 显存: 0.00 B
  t=6s - 时间: 0.832671s | 显存: 0.00 B
  t=7s - 时间: 0.934077s | 显存: 0.00 B
  t=8s - 时间: 0.965550s | 显存: 0.00 B
  t=9s - 时间: 1.039872s | 显存: 0.00 B

[19秒 PDE求解]
  t=19.0s - 时间: 1.839590s | 显存: 0.00 B

[PDE求解部分] 总时间: 1.839866s | 显存: 0.00 B

[本步骤总计] 时间: 8.518814s | 显存: 4.12 GB
orginal_loss:  tensor(4135.2412, device='cuda:0', grad_fn=<MseLossBackward0>)
[Step 78] Backward Propagation - Time: 10.0287s, Mem: -4413235200.00 B
x_adv.requires_grad:  True
pred_19.requires_grad, true_19.requires_grad:  True True
Autograd grad max:  tensor(87.3367, device='cuda:0')
Autograd grad min:  tensor(-71.3008, device='cuda:0')
Autograd grad mean:  tensor(-0.0791, device='cuda:0')
[Step 78] PGD Update - Time: 0.0013s, Mem: 0.00 B

[Step 78] 完整步骤总时间: 18.552939s | 总显存: 0.00 B
[Step 78] 峰值显存: 6.22 GB

[Step 79] ============ 详细性能分析 ============
[模型部分] 总时间: 6.645044s | 显存: 4.12 GB

[0-9秒 PDE求解详细性能]
  t=0s - 时间: 0.000000s | 显存: 0.00 B
  t=1s - 时间: 0.436439s | 显存: 0.00 B
  t=2s - 时间: 0.506515s | 显存: 0.00 B
  t=3s - 时间: 0.582253s | 显存: 0.00 B
  t=4s - 时间: 0.648929s | 显存: 0.00 B
  t=5s - 时间: 0.754107s | 显存: 0.00 B
  t=6s - 时间: 0.796721s | 显存: 0.00 B
  t=7s - 时间: 0.888237s | 显存: 0.00 B
  t=8s - 时间: 0.969335s | 显存: 0.00 B
  t=9s - 时间: 1.041652s | 显存: 0.00 B

[19秒 PDE求解]
  t=19.0s - 时间: 1.848492s | 显存: 0.00 B

[PDE求解部分] 总时间: 1.848835s | 显存: 0.00 B

[本步骤总计] 时间: 8.493879s | 显存: 4.12 GB
orginal_loss:  tensor(5235.3955, device='cuda:0', grad_fn=<MseLossBackward0>)
[Step 79] Backward Propagation - Time: 10.1340s, Mem: -4413235200.00 B
x_adv.requires_grad:  True
pred_19.requires_grad, true_19.requires_grad:  True True
Autograd grad max:  tensor(123.4820, device='cuda:0')
Autograd grad min:  tensor(-93.1014, device='cuda:0')
Autograd grad mean:  tensor(-0.1085, device='cuda:0')
[Step 79] PGD Update - Time: 0.0012s, Mem: 0.00 B

[Step 79] 完整步骤总时间: 18.633395s | 总显存: 0.00 B
[Step 79] 峰值显存: 6.22 GB

[Step 80] ============ 详细性能分析 ============
[模型部分] 总时间: 6.555917s | 显存: 4.12 GB

[0-9秒 PDE求解详细性能]
  t=0s - 时间: 0.000000s | 显存: 0.00 B
  t=1s - 时间: 0.408790s | 显存: 0.00 B
  t=2s - 时间: 0.480909s | 显存: 0.00 B
  t=3s - 时间: 0.551096s | 显存: 0.00 B
  t=4s - 时间: 0.636256s | 显存: 0.00 B
  t=5s - 时间: 0.728600s | 显存: 0.00 B
  t=6s - 时间: 0.799489s | 显存: 0.00 B
  t=7s - 时间: 0.886274s | 显存: 0.00 B
  t=8s - 时间: 0.975768s | 显存: 0.00 B
  t=9s - 时间: 1.067822s | 显存: 0.00 B

[19秒 PDE求解]
  t=19.0s - 时间: 1.868879s | 显存: 0.00 B

[PDE求解部分] 总时间: 1.869247s | 显存: 0.00 B

[本步骤总计] 时间: 8.425164s | 显存: 4.12 GB
orginal_loss:  tensor(7913.7598, device='cuda:0', grad_fn=<MseLossBackward0>)
[Step 80] Backward Propagation - Time: 10.2152s, Mem: -4413235200.00 B
x_adv.requires_grad:  True
pred_19.requires_grad, true_19.requires_grad:  True True
Autograd grad max:  tensor(171.3475, device='cuda:0')
Autograd grad min:  tensor(-121.1961, device='cuda:0')
Autograd grad mean:  tensor(-0.1197, device='cuda:0')
[Step 80] PGD Update - Time: 0.0013s, Mem: 0.00 B

[Step 80] 完整步骤总时间: 18.646166s | 总显存: 0.00 B
[Step 80] 峰值显存: 6.22 GB

[Step 81] ============ 详细性能分析 ============
[模型部分] 总时间: 6.665225s | 显存: 4.12 GB

[0-9秒 PDE求解详细性能]
  t=0s - 时间: 0.000000s | 显存: 0.00 B
  t=1s - 时间: 0.398300s | 显存: 0.00 B
  t=2s - 时间: 0.477861s | 显存: 0.00 B
  t=3s - 时间: 0.550878s | 显存: 0.00 B
  t=4s - 时间: 0.678827s | 显存: 0.00 B
  t=5s - 时间: 0.749516s | 显存: 0.00 B
  t=6s - 时间: 0.823593s | 显存: 0.00 B
  t=7s - 时间: 0.917889s | 显存: 0.00 B
  t=8s - 时间: 0.967404s | 显存: 0.00 B
  t=9s - 时间: 1.079679s | 显存: 0.00 B

[19秒 PDE求解]
  t=19.0s - 时间: 1.873915s | 显存: 0.00 B

[PDE求解部分] 总时间: 1.874254s | 显存: 0.00 B

[本步骤总计] 时间: 8.539479s | 显存: 4.12 GB
orginal_loss:  tensor(9269.6074, device='cuda:0', grad_fn=<MseLossBackward0>)
[Step 81] Backward Propagation - Time: 10.1370s, Mem: -4413235200.00 B
x_adv.requires_grad:  True
pred_19.requires_grad, true_19.requires_grad:  True True
Autograd grad max:  tensor(190.4912, device='cuda:0')
Autograd grad min:  tensor(-140.2246, device='cuda:0')
Autograd grad mean:  tensor(-0.1558, device='cuda:0')
[Step 81] PGD Update - Time: 0.0012s, Mem: 0.00 B

[Step 81] 完整步骤总时间: 18.682247s | 总显存: 0.00 B
[Step 81] 峰值显存: 6.22 GB

[Step 82] ============ 详细性能分析 ============
[模型部分] 总时间: 6.534648s | 显存: 4.12 GB

[0-9秒 PDE求解详细性能]
  t=0s - 时间: 0.000000s | 显存: 0.00 B
  t=1s - 时间: 0.425850s | 显存: 0.00 B
  t=2s - 时间: 0.477751s | 显存: 0.00 B
  t=3s - 时间: 0.554104s | 显存: 0.00 B
  t=4s - 时间: 0.679238s | 显存: 0.00 B
  t=5s - 时间: 0.707615s | 显存: 0.00 B
  t=6s - 时间: 0.810600s | 显存: 0.00 B
  t=7s - 时间: 0.879178s | 显存: 0.00 B
  t=8s - 时间: 0.935586s | 显存: 0.00 B
  t=9s - 时间: 1.043824s | 显存: 0.00 B

[19秒 PDE求解]
  t=19.0s - 时间: 1.854476s | 显存: 0.00 B

[PDE求解部分] 总时间: 1.854823s | 显存: 0.00 B

[本步骤总计] 时间: 8.389472s | 显存: 4.12 GB
orginal_loss:  tensor(8542.2930, device='cuda:0', grad_fn=<MseLossBackward0>)
[Step 82] Backward Propagation - Time: 10.2268s, Mem: -4413235200.00 B
x_adv.requires_grad:  True
pred_19.requires_grad, true_19.requires_grad:  True True
Autograd grad max:  tensor(190.0151, device='cuda:0')
Autograd grad min:  tensor(-145.0464, device='cuda:0')
Autograd grad mean:  tensor(-0.1657, device='cuda:0')
[Step 82] PGD Update - Time: 0.0012s, Mem: 0.00 B

[Step 82] 完整步骤总时间: 18.621509s | 总显存: 0.00 B
[Step 82] 峰值显存: 6.22 GB

[Step 83] ============ 详细性能分析 ============
[模型部分] 总时间: 6.746592s | 显存: 4.12 GB

[0-9秒 PDE求解详细性能]
  t=0s - 时间: 0.000000s | 显存: 0.00 B
  t=1s - 时间: 0.440652s | 显存: 0.00 B
  t=2s - 时间: 0.500102s | 显存: 0.00 B
  t=3s - 时间: 0.575344s | 显存: 0.00 B
  t=4s - 时间: 0.668057s | 显存: 0.00 B
  t=5s - 时间: 0.746718s | 显存: 0.00 B
  t=6s - 时间: 0.813114s | 显存: 0.00 B
  t=7s - 时间: 0.913373s | 显存: 0.00 B
  t=8s - 时间: 1.004160s | 显存: 0.00 B
  t=9s - 时间: 1.064248s | 显存: 0.00 B

[19秒 PDE求解]
  t=19.0s - 时间: 1.893544s | 显存: 0.00 B

[PDE求解部分] 总时间: 1.893876s | 显存: 0.00 B

[本步骤总计] 时间: 8.640468s | 显存: 4.12 GB
orginal_loss:  tensor(9217.1289, device='cuda:0', grad_fn=<MseLossBackward0>)
[Step 83] Backward Propagation - Time: 10.1666s, Mem: -4413235200.00 B
x_adv.requires_grad:  True
pred_19.requires_grad, true_19.requires_grad:  True True
Autograd grad max:  tensor(189.0490, device='cuda:0')
Autograd grad min:  tensor(-144.8685, device='cuda:0')
Autograd grad mean:  tensor(-0.1493, device='cuda:0')
[Step 83] PGD Update - Time: 0.0011s, Mem: 0.00 B

[Step 83] 完整步骤总时间: 18.812393s | 总显存: 0.00 B
[Step 83] 峰值显存: 6.22 GB

[Step 84] ============ 详细性能分析 ============
[模型部分] 总时间: 6.819300s | 显存: 4.12 GB

[0-9秒 PDE求解详细性能]
  t=0s - 时间: 0.000000s | 显存: 0.00 B
  t=1s - 时间: 0.454677s | 显存: 0.00 B
  t=2s - 时间: 0.511299s | 显存: 0.00 B
  t=3s - 时间: 0.595300s | 显存: 0.00 B
  t=4s - 时间: 0.666776s | 显存: 0.00 B
  t=5s - 时间: 0.759378s | 显存: 0.00 B
  t=6s - 时间: 0.831689s | 显存: 0.00 B
  t=7s - 时间: 0.911957s | 显存: 0.00 B
  t=8s - 时间: 0.995328s | 显存: 0.00 B
  t=9s - 时间: 1.071961s | 显存: 0.00 B

[19秒 PDE求解]
  t=19.0s - 时间: 1.882873s | 显存: 0.00 B

[PDE求解部分] 总时间: 1.883195s | 显存: 0.00 B

[本步骤总计] 时间: 8.702495s | 显存: 4.12 GB
orginal_loss:  tensor(11798.9590, device='cuda:0', grad_fn=<MseLossBackward0>)
[Step 84] Backward Propagation - Time: 9.9590s, Mem: -4413235200.00 B
x_adv.requires_grad:  True
pred_19.requires_grad, true_19.requires_grad:  True True
Autograd grad max:  tensor(187.3084, device='cuda:0')
Autograd grad min:  tensor(-137.5927, device='cuda:0')
Autograd grad mean:  tensor(-0.1509, device='cuda:0')
[Step 84] PGD Update - Time: 0.0013s, Mem: 0.00 B

[Step 84] 完整步骤总时间: 18.667107s | 总显存: 0.00 B
[Step 84] 峰值显存: 6.22 GB

[Step 85] ============ 详细性能分析 ============
[模型部分] 总时间: 6.678708s | 显存: 4.12 GB

[0-9秒 PDE求解详细性能]
  t=0s - 时间: 0.000000s | 显存: 0.00 B
  t=1s - 时间: 0.452642s | 显存: 0.00 B
  t=2s - 时间: 0.501584s | 显存: 0.00 B
  t=3s - 时间: 0.597224s | 显存: 0.00 B
  t=4s - 时间: 0.673347s | 显存: 0.00 B
  t=5s - 时间: 0.743666s | 显存: 0.00 B
  t=6s - 时间: 0.789798s | 显存: 0.00 B
  t=7s - 时间: 0.884607s | 显存: 0.00 B
  t=8s - 时间: 0.954312s | 显存: 0.00 B
  t=9s - 时间: 1.060393s | 显存: 0.00 B

[19秒 PDE求解]
  t=19.0s - 时间: 1.882386s | 显存: 0.00 B

[PDE求解部分] 总时间: 1.882717s | 显存: 0.00 B

[本步骤总计] 时间: 8.561425s | 显存: 4.12 GB
orginal_loss:  tensor(13117.0879, device='cuda:0', grad_fn=<MseLossBackward0>)
[Step 85] Backward Propagation - Time: 10.2648s, Mem: -4413235200.00 B
x_adv.requires_grad:  True
pred_19.requires_grad, true_19.requires_grad:  True True
Autograd grad max:  tensor(165.4419, device='cuda:0')
Autograd grad min:  tensor(-122.6914, device='cuda:0')
Autograd grad mean:  tensor(-0.1607, device='cuda:0')
[Step 85] PGD Update - Time: 0.0012s, Mem: 0.00 B

[Step 85] 完整步骤总时间: 18.831476s | 总显存: 0.00 B
[Step 85] 峰值显存: 6.22 GB

[Step 86] ============ 详细性能分析 ============
[模型部分] 总时间: 6.572925s | 显存: 4.12 GB

[0-9秒 PDE求解详细性能]
  t=0s - 时间: 0.000000s | 显存: 0.00 B
  t=1s - 时间: 0.428631s | 显存: 0.00 B
  t=2s - 时间: 0.468789s | 显存: 0.00 B
  t=3s - 时间: 0.564431s | 显存: 0.00 B
  t=4s - 时间: 0.620615s | 显存: 0.00 B
  t=5s - 时间: 0.731256s | 显存: 0.00 B
  t=6s - 时间: 0.826238s | 显存: 0.00 B
  t=7s - 时间: 0.914356s | 显存: 0.00 B
  t=8s - 时间: 0.954396s | 显存: 0.00 B
  t=9s - 时间: 1.043199s | 显存: 0.00 B

[19秒 PDE求解]
  t=19.0s - 时间: 1.856725s | 显存: 0.00 B

[PDE求解部分] 总时间: 1.857083s | 显存: 0.00 B

[本步骤总计] 时间: 8.430008s | 显存: 4.12 GB
orginal_loss:  tensor(12589.4639, device='cuda:0', grad_fn=<MseLossBackward0>)
[Step 86] Backward Propagation - Time: 10.0947s, Mem: -4413235200.00 B
x_adv.requires_grad:  True
pred_19.requires_grad, true_19.requires_grad:  True True
Autograd grad max:  tensor(159.1047, device='cuda:0')
Autograd grad min:  tensor(-135.0508, device='cuda:0')
Autograd grad mean:  tensor(-0.1575, device='cuda:0')
[Step 86] PGD Update - Time: 0.0011s, Mem: 0.00 B

[Step 86] 完整步骤总时间: 18.530600s | 总显存: 0.00 B
[Step 86] 峰值显存: 6.22 GB

[Step 87] ============ 详细性能分析 ============
[模型部分] 总时间: 6.678153s | 显存: 4.12 GB

[0-9秒 PDE求解详细性能]
  t=0s - 时间: 0.000000s | 显存: 0.00 B
  t=1s - 时间: 0.441171s | 显存: 0.00 B
  t=2s - 时间: 0.475602s | 显存: 0.00 B
  t=3s - 时间: 0.558513s | 显存: 0.00 B
  t=4s - 时间: 0.655143s | 显存: 0.00 B
  t=5s - 时间: 0.738582s | 显存: 0.00 B
  t=6s - 时间: 0.849197s | 显存: 0.00 B
  t=7s - 时间: 0.923766s | 显存: 0.00 B
  t=8s - 时间: 0.973529s | 显存: 0.00 B
  t=9s - 时间: 1.041743s | 显存: 0.00 B

[19秒 PDE求解]
  t=19.0s - 时间: 1.823232s | 显存: 0.00 B

[PDE求解部分] 总时间: 1.823607s | 显存: 0.00 B

[本步骤总计] 时间: 8.501760s | 显存: 4.12 GB
orginal_loss:  tensor(13445.5654, device='cuda:0', grad_fn=<MseLossBackward0>)
[Step 87] Backward Propagation - Time: 9.8841s, Mem: -4413235200.00 B
x_adv.requires_grad:  True
pred_19.requires_grad, true_19.requires_grad:  True True
Autograd grad max:  tensor(160.2356, device='cuda:0')
Autograd grad min:  tensor(-160.2750, device='cuda:0')
Autograd grad mean:  tensor(-0.1387, device='cuda:0')
[Step 87] PGD Update - Time: 0.0012s, Mem: 0.00 B

[Step 87] 完整步骤总时间: 18.391307s | 总显存: 0.00 B
[Step 87] 峰值显存: 6.22 GB

[Step 88] ============ 详细性能分析 ============
[模型部分] 总时间: 6.546709s | 显存: 4.12 GB

[0-9秒 PDE求解详细性能]
  t=0s - 时间: 0.000000s | 显存: 0.00 B
  t=1s - 时间: 0.437468s | 显存: 0.00 B
  t=2s - 时间: 0.473676s | 显存: 0.00 B
  t=3s - 时间: 0.552791s | 显存: 0.00 B
  t=4s - 时间: 0.644934s | 显存: 0.00 B
  t=5s - 时间: 0.735416s | 显存: 0.00 B
  t=6s - 时间: 0.834180s | 显存: 0.00 B
  t=7s - 时间: 0.870215s | 显存: 0.00 B
  t=8s - 时间: 0.948499s | 显存: 0.00 B
  t=9s - 时间: 1.028537s | 显存: 0.00 B

[19秒 PDE求解]
  t=19.0s - 时间: 1.865138s | 显存: 0.00 B

[PDE求解部分] 总时间: 1.865433s | 显存: 0.00 B

[本步骤总计] 时间: 8.412142s | 显存: 4.12 GB
orginal_loss:  tensor(15687.9648, device='cuda:0', grad_fn=<MseLossBackward0>)
[Step 88] Backward Propagation - Time: 10.1257s, Mem: -4413235200.00 B
x_adv.requires_grad:  True
pred_19.requires_grad, true_19.requires_grad:  True True
Autograd grad max:  tensor(159.5750, device='cuda:0')
Autograd grad min:  tensor(-182.1225, device='cuda:0')
Autograd grad mean:  tensor(-0.1279, device='cuda:0')
[Step 88] PGD Update - Time: 0.0013s, Mem: 0.00 B

[Step 88] 完整步骤总时间: 18.543226s | 总显存: 0.00 B
[Step 88] 峰值显存: 6.22 GB

[Step 89] ============ 详细性能分析 ============
[模型部分] 总时间: 6.736720s | 显存: 4.12 GB

[0-9秒 PDE求解详细性能]
  t=0s - 时间: 0.000000s | 显存: 0.00 B
  t=1s - 时间: 0.455842s | 显存: 0.00 B
  t=2s - 时间: 0.505951s | 显存: 0.00 B
  t=3s - 时间: 0.583643s | 显存: 0.00 B
  t=4s - 时间: 0.671102s | 显存: 0.00 B
  t=5s - 时间: 0.772768s | 显存: 0.00 B
  t=6s - 时间: 0.827892s | 显存: 0.00 B
  t=7s - 时间: 0.904393s | 显存: 0.00 B
  t=8s - 时间: 0.963203s | 显存: 0.00 B
  t=9s - 时间: 1.030917s | 显存: 0.00 B

[19秒 PDE求解]
  t=19.0s - 时间: 1.846359s | 显存: 0.00 B

[PDE求解部分] 总时间: 1.846687s | 显存: 0.00 B

[本步骤总计] 时间: 8.583407s | 显存: 4.12 GB
orginal_loss:  tensor(17024.9141, device='cuda:0', grad_fn=<MseLossBackward0>)
[Step 89] Backward Propagation - Time: 10.0880s, Mem: -4413235200.00 B
x_adv.requires_grad:  True
pred_19.requires_grad, true_19.requires_grad:  True True
Autograd grad max:  tensor(154.1691, device='cuda:0')
Autograd grad min:  tensor(-194.3210, device='cuda:0')
Autograd grad mean:  tensor(-0.1049, device='cuda:0')
[Step 89] PGD Update - Time: 0.0009s, Mem: 0.00 B

[Step 89] 完整步骤总时间: 18.676398s | 总显存: 0.00 B
[Step 89] 峰值显存: 6.22 GB

[Step 90] ============ 详细性能分析 ============
[模型部分] 总时间: 6.605527s | 显存: 4.12 GB

[0-9秒 PDE求解详细性能]
  t=0s - 时间: 0.000000s | 显存: 0.00 B
  t=1s - 时间: 0.428675s | 显存: 0.00 B
  t=2s - 时间: 0.502528s | 显存: 0.00 B
  t=3s - 时间: 0.561657s | 显存: 0.00 B
  t=4s - 时间: 0.641616s | 显存: 0.00 B
  t=5s - 时间: 0.715168s | 显存: 0.00 B
  t=6s - 时间: 0.788160s | 显存: 0.00 B
  t=7s - 时间: 0.898061s | 显存: 0.00 B
  t=8s - 时间: 0.968488s | 显存: 0.00 B
  t=9s - 时间: 1.080291s | 显存: 0.00 B

[19秒 PDE求解]
  t=19.0s - 时间: 1.875019s | 显存: 0.00 B

[PDE求解部分] 总时间: 1.875354s | 显存: 0.00 B

[本步骤总计] 时间: 8.480881s | 显存: 4.12 GB
orginal_loss:  tensor(17922.9805, device='cuda:0', grad_fn=<MseLossBackward0>)
[Step 90] Backward Propagation - Time: 9.9966s, Mem: -4413235200.00 B
x_adv.requires_grad:  True
pred_19.requires_grad, true_19.requires_grad:  True True
Autograd grad max:  tensor(150.2248, device='cuda:0')
Autograd grad min:  tensor(-194.1172, device='cuda:0')
Autograd grad mean:  tensor(-0.0709, device='cuda:0')
[Step 90] PGD Update - Time: 0.0013s, Mem: 0.00 B

[Step 90] 完整步骤总时间: 18.483657s | 总显存: 0.00 B
[Step 90] 峰值显存: 6.22 GB

[Step 91] ============ 详细性能分析 ============
[模型部分] 总时间: 6.710747s | 显存: 4.12 GB

[0-9秒 PDE求解详细性能]
  t=0s - 时间: 0.000000s | 显存: 0.00 B
  t=1s - 时间: 0.425546s | 显存: 0.00 B
  t=2s - 时间: 0.498331s | 显存: 0.00 B
  t=3s - 时间: 0.581325s | 显存: 0.00 B
  t=4s - 时间: 0.670257s | 显存: 0.00 B
  t=5s - 时间: 0.764016s | 显存: 0.00 B
  t=6s - 时间: 0.832528s | 显存: 0.00 B
  t=7s - 时间: 0.909183s | 显存: 0.00 B
  t=8s - 时间: 0.966403s | 显存: 0.00 B
  t=9s - 时间: 1.042221s | 显存: 0.00 B

[19秒 PDE求解]
  t=19.0s - 时间: 1.830998s | 显存: 0.00 B

[PDE求解部分] 总时间: 1.831337s | 显存: 0.00 B

[本步骤总计] 时间: 8.542084s | 显存: 4.12 GB
orginal_loss:  tensor(18378.1484, device='cuda:0', grad_fn=<MseLossBackward0>)
[Step 91] Backward Propagation - Time: 10.2119s, Mem: -4413235200.00 B
x_adv.requires_grad:  True
pred_19.requires_grad, true_19.requires_grad:  True True
Autograd grad max:  tensor(141.1511, device='cuda:0')
Autograd grad min:  tensor(-177.8830, device='cuda:0')
Autograd grad mean:  tensor(-0.0297, device='cuda:0')
[Step 91] PGD Update - Time: 0.0013s, Mem: 0.00 B

[Step 91] 完整步骤总时间: 18.759381s | 总显存: 0.00 B
[Step 91] 峰值显存: 6.22 GB

[Step 92] ============ 详细性能分析 ============
[模型部分] 总时间: 6.753586s | 显存: 4.12 GB

[0-9秒 PDE求解详细性能]
  t=0s - 时间: 0.000000s | 显存: 0.00 B
  t=1s - 时间: 0.427039s | 显存: 0.00 B
  t=2s - 时间: 0.563554s | 显存: 0.00 B
  t=3s - 时间: 0.600013s | 显存: 0.00 B
  t=4s - 时间: 0.678780s | 显存: 0.00 B
  t=5s - 时间: 0.731318s | 显存: 0.00 B
  t=6s - 时间: 0.805612s | 显存: 0.00 B
  t=7s - 时间: 0.915516s | 显存: 0.00 B
  t=8s - 时间: 0.973606s | 显存: 0.00 B
  t=9s - 时间: 1.036553s | 显存: 0.00 B

[19秒 PDE求解]
  t=19.0s - 时间: 1.840287s | 显存: 0.00 B

[PDE求解部分] 总时间: 1.840625s | 显存: 0.00 B

[本步骤总计] 时间: 8.594212s | 显存: 4.12 GB
orginal_loss:  tensor(18167.7266, device='cuda:0', grad_fn=<MseLossBackward0>)
[Step 92] Backward Propagation - Time: 10.1767s, Mem: -4413235200.00 B
x_adv.requires_grad:  True
pred_19.requires_grad, true_19.requires_grad:  True True
Autograd grad max:  tensor(131.0620, device='cuda:0')
Autograd grad min:  tensor(-157.2193, device='cuda:0')
Autograd grad mean:  tensor(0.0070, device='cuda:0')
[Step 92] PGD Update - Time: 0.0013s, Mem: 0.00 B

[Step 92] 完整步骤总时间: 18.776781s | 总显存: 0.00 B
[Step 92] 峰值显存: 6.22 GB

[Step 93] ============ 详细性能分析 ============
[模型部分] 总时间: 6.585012s | 显存: 4.12 GB

[0-9秒 PDE求解详细性能]
  t=0s - 时间: 0.000000s | 显存: 0.00 B
  t=1s - 时间: 0.447069s | 显存: 0.00 B
  t=2s - 时间: 0.469550s | 显存: 0.00 B
  t=3s - 时间: 0.558316s | 显存: 0.00 B
  t=4s - 时间: 0.637005s | 显存: 0.00 B
  t=5s - 时间: 0.741077s | 显存: 0.00 B
  t=6s - 时间: 0.807627s | 显存: 0.00 B
  t=7s - 时间: 0.888561s | 显存: 0.00 B
  t=8s - 时间: 0.947335s | 显存: 0.00 B
  t=9s - 时间: 1.067488s | 显存: 0.00 B

[19秒 PDE求解]
  t=19.0s - 时间: 1.882365s | 显存: 0.00 B

[PDE求解部分] 总时间: 1.882721s | 显存: 0.00 B

[本步骤总计] 时间: 8.467733s | 显存: 4.12 GB
orginal_loss:  tensor(17498.0762, device='cuda:0', grad_fn=<MseLossBackward0>)
[Step 93] Backward Propagation - Time: 23.2589s, Mem: -4413235200.00 B
x_adv.requires_grad:  True
pred_19.requires_grad, true_19.requires_grad:  True True
Autograd grad max:  tensor(124.1278, device='cuda:0')
Autograd grad min:  tensor(-149.4868, device='cuda:0')
Autograd grad mean:  tensor(0.0261, device='cuda:0')
[Step 93] PGD Update - Time: 0.0691s, Mem: 0.00 B

[Step 93] 完整步骤总时间: 32.153521s | 总显存: 0.00 B
[Step 93] 峰值显存: 6.22 GB

[Step 94] ============ 详细性能分析 ============
[模型部分] 总时间: 9.437975s | 显存: 4.12 GB

[0-9秒 PDE求解详细性能]
  t=0s - 时间: 0.000000s | 显存: 0.00 B
  t=1s - 时间: 2.223298s | 显存: 0.00 B
  t=2s - 时间: 0.523484s | 显存: 0.00 B
  t=3s - 时间: 0.572340s | 显存: 0.00 B
  t=4s - 时间: 0.649000s | 显存: 0.00 B
  t=5s - 时间: 0.750566s | 显存: 0.00 B
  t=6s - 时间: 0.844809s | 显存: 0.00 B
  t=7s - 时间: 0.933129s | 显存: 0.00 B
  t=8s - 时间: 0.972418s | 显存: 0.00 B
  t=9s - 时间: 1.083449s | 显存: 0.00 B

[19秒 PDE求解]
  t=19.0s - 时间: 1.858387s | 显存: 0.00 B

[PDE求解部分] 总时间: 1.858783s | 显存: 0.00 B

[本步骤总计] 时间: 11.296758s | 显存: 4.12 GB
orginal_loss:  tensor(16397.4961, device='cuda:0', grad_fn=<MseLossBackward0>)
[Step 94] Backward Propagation - Time: 10.8549s, Mem: -4413235200.00 B
x_adv.requires_grad:  True
pred_19.requires_grad, true_19.requires_grad:  True True
Autograd grad max:  tensor(123.7860, device='cuda:0')
Autograd grad min:  tensor(-148.2363, device='cuda:0')
Autograd grad mean:  tensor(0.0236, device='cuda:0')
[Step 94] PGD Update - Time: 0.0012s, Mem: 0.00 B

[Step 94] 完整步骤总时间: 22.163708s | 总显存: 0.00 B
[Step 94] 峰值显存: 6.22 GB

[Step 95] ============ 详细性能分析 ============
[模型部分] 总时间: 6.609775s | 显存: 4.12 GB

[0-9秒 PDE求解详细性能]
  t=0s - 时间: 0.000000s | 显存: 0.00 B
  t=1s - 时间: 0.428563s | 显存: 0.00 B
  t=2s - 时间: 0.496745s | 显存: 0.00 B
  t=3s - 时间: 0.554801s | 显存: 0.00 B
  t=4s - 时间: 0.643063s | 显存: 0.00 B
  t=5s - 时间: 0.735980s | 显存: 0.00 B
  t=6s - 时间: 0.822499s | 显存: 0.00 B
  t=7s - 时间: 0.915371s | 显存: 0.00 B
  t=8s - 时间: 0.947582s | 显存: 0.00 B
  t=9s - 时间: 1.043551s | 显存: 0.00 B

[19秒 PDE求解]
  t=19.0s - 时间: 1.901811s | 显存: 0.00 B

[PDE求解部分] 总时间: 1.902170s | 显存: 0.00 B

[本步骤总计] 时间: 8.511945s | 显存: 4.12 GB
orginal_loss:  tensor(14992.9395, device='cuda:0', grad_fn=<MseLossBackward0>)
[Step 95] Backward Propagation - Time: 14.8652s, Mem: -4413235200.00 B
x_adv.requires_grad:  True
pred_19.requires_grad, true_19.requires_grad:  True True
Autograd grad max:  tensor(122.4700, device='cuda:0')
Autograd grad min:  tensor(-147.0499, device='cuda:0')
Autograd grad mean:  tensor(0.0042, device='cuda:0')
[Step 95] PGD Update - Time: 0.0013s, Mem: 0.00 B

[Step 95] 完整步骤总时间: 23.382846s | 总显存: 0.00 B
[Step 95] 峰值显存: 6.22 GB

[Step 96] ============ 详细性能分析 ============
[模型部分] 总时间: 6.702653s | 显存: 4.12 GB

[0-9秒 PDE求解详细性能]
  t=0s - 时间: 0.000000s | 显存: 0.00 B
  t=1s - 时间: 0.461562s | 显存: 0.00 B
  t=2s - 时间: 0.495170s | 显存: 0.00 B
  t=3s - 时间: 0.574786s | 显存: 0.00 B
  t=4s - 时间: 0.644534s | 显存: 0.00 B
  t=5s - 时间: 0.732359s | 显存: 0.00 B
  t=6s - 时间: 0.838835s | 显存: 0.00 B
  t=7s - 时间: 0.904888s | 显存: 0.00 B
  t=8s - 时间: 0.981076s | 显存: 0.00 B
  t=9s - 时间: 1.048236s | 显存: 0.00 B

[19秒 PDE求解]
  t=19.0s - 时间: 1.858245s | 显存: 0.00 B

[PDE求解部分] 总时间: 1.858563s | 显存: 0.00 B

[本步骤总计] 时间: 8.561216s | 显存: 4.12 GB
orginal_loss:  tensor(14027.9619, device='cuda:0', grad_fn=<MseLossBackward0>)
[Step 96] Backward Propagation - Time: 10.0938s, Mem: -4413235200.00 B
x_adv.requires_grad:  True
pred_19.requires_grad, true_19.requires_grad:  True True
Autograd grad max:  tensor(120.8539, device='cuda:0')
Autograd grad min:  tensor(-152.3466, device='cuda:0')
Autograd grad mean:  tensor(-0.0164, device='cuda:0')
[Step 96] PGD Update - Time: 0.0012s, Mem: 0.00 B

[Step 96] 完整步骤总时间: 18.661086s | 总显存: 0.00 B
[Step 96] 峰值显存: 6.22 GB

[Step 97] ============ 详细性能分析 ============
[模型部分] 总时间: 6.683306s | 显存: 4.12 GB

[0-9秒 PDE求解详细性能]
  t=0s - 时间: 0.000000s | 显存: 0.00 B
  t=1s - 时间: 0.400766s | 显存: 0.00 B
  t=2s - 时间: 0.488678s | 显存: 0.00 B
  t=3s - 时间: 0.605906s | 显存: 0.00 B
  t=4s - 时间: 0.668530s | 显存: 0.00 B
  t=5s - 时间: 0.767395s | 显存: 0.00 B
  t=6s - 时间: 0.799198s | 显存: 0.00 B
  t=7s - 时间: 0.880809s | 显存: 0.00 B
  t=8s - 时间: 0.979171s | 显存: 0.00 B
  t=9s - 时间: 1.071632s | 显存: 0.00 B

[19秒 PDE求解]
  t=19.0s - 时间: 1.843386s | 显存: 0.00 B

[PDE求解部分] 总时间: 1.843763s | 显存: 0.00 B

[本步骤总计] 时间: 8.527069s | 显存: 4.12 GB
orginal_loss:  tensor(13892.1035, device='cuda:0', grad_fn=<MseLossBackward0>)
[Step 97] Backward Propagation - Time: 10.1881s, Mem: -4413235200.00 B
x_adv.requires_grad:  True
pred_19.requires_grad, true_19.requires_grad:  True True
Autograd grad max:  tensor(119.8022, device='cuda:0')
Autograd grad min:  tensor(-161.3392, device='cuda:0')
Autograd grad mean:  tensor(-0.0259, device='cuda:0')
[Step 97] PGD Update - Time: 0.0013s, Mem: 0.00 B

[Step 97] 完整步骤总时间: 18.720519s | 总显存: 0.00 B
[Step 97] 峰值显存: 6.22 GB

[Step 98] ============ 详细性能分析 ============
[模型部分] 总时间: 6.715518s | 显存: 4.12 GB

[0-9秒 PDE求解详细性能]
  t=0s - 时间: 0.000000s | 显存: 0.00 B
  t=1s - 时间: 0.429722s | 显存: 0.00 B
  t=2s - 时间: 0.518283s | 显存: 0.00 B
  t=3s - 时间: 0.567903s | 显存: 0.00 B
  t=4s - 时间: 0.651955s | 显存: 0.00 B
  t=5s - 时间: 0.759796s | 显存: 0.00 B
  t=6s - 时间: 0.804143s | 显存: 0.00 B
  t=7s - 时间: 0.911201s | 显存: 0.00 B
  t=8s - 时间: 0.969717s | 显存: 0.00 B
  t=9s - 时间: 1.081501s | 显存: 0.00 B

[19秒 PDE求解]
  t=19.0s - 时间: 1.886566s | 显存: 0.00 B

[PDE求解部分] 总时间: 1.886945s | 显存: 0.00 B

[本步骤总计] 时间: 8.602463s | 显存: 4.12 GB
orginal_loss:  tensor(14248.7090, device='cuda:0', grad_fn=<MseLossBackward0>)
[Step 98] Backward Propagation - Time: 10.0682s, Mem: -4413235200.00 B
x_adv.requires_grad:  True
pred_19.requires_grad, true_19.requires_grad:  True True
Autograd grad max:  tensor(119.3910, device='cuda:0')
Autograd grad min:  tensor(-169.4468, device='cuda:0')
Autograd grad mean:  tensor(-0.0268, device='cuda:0')
[Step 98] PGD Update - Time: 0.0013s, Mem: 0.00 B

[Step 98] 完整步骤总时间: 18.676525s | 总显存: 0.00 B
[Step 98] 峰值显存: 6.22 GB

[Step 99] ============ 详细性能分析 ============
[模型部分] 总时间: 6.702873s | 显存: 4.12 GB

[0-9秒 PDE求解详细性能]
  t=0s - 时间: 0.000000s | 显存: 0.00 B
  t=1s - 时间: 0.430576s | 显存: 0.00 B
  t=2s - 时间: 0.509000s | 显存: 0.00 B
  t=3s - 时间: 0.551412s | 显存: 0.00 B
  t=4s - 时间: 0.666226s | 显存: 0.00 B
  t=5s - 时间: 0.726869s | 显存: 0.00 B
  t=6s - 时间: 0.819259s | 显存: 0.00 B
  t=7s - 时间: 0.927285s | 显存: 0.00 B
  t=8s - 时间: 1.006382s | 显存: 0.00 B
  t=9s - 时间: 1.044258s | 显存: 0.00 B

[19秒 PDE求解]
  t=19.0s - 时间: 1.866245s | 显存: 0.00 B

[PDE求解部分] 总时间: 1.866572s | 显存: 0.00 B

[本步骤总计] 时间: 8.569445s | 显存: 4.12 GB
orginal_loss:  tensor(14353.7754, device='cuda:0', grad_fn=<MseLossBackward0>)
[Step 99] Backward Propagation - Time: 10.1649s, Mem: -4413235200.00 B
x_adv.requires_grad:  True
pred_19.requires_grad, true_19.requires_grad:  True True
Autograd grad max:  tensor(117.1827, device='cuda:0')
Autograd grad min:  tensor(-172.1486, device='cuda:0')
Autograd grad mean:  tensor(-0.0294, device='cuda:0')
[Step 99] PGD Update - Time: 0.0012s, Mem: 0.00 B

[Step 99] 完整步骤总时间: 18.739605s | 总显存: 0.00 B
[Step 99] 峰值显存: 6.22 GB
清理前显存占用: 2092.6298828125 MB
PGD攻击完成！显存已清理
当前显存占用: 2092.1298828125 MB
================================================================================
norm: 2, epsilon: 13.1072, alpha: 5.0, num_steps: 100, index: 1
x_adv.shape:  torch.Size([256, 256])

[Step 0] ============ 详细性能分析 ============
[模型部分] 总时间: 6.934952s | 显存: 4.11 GB

[0-9秒 PDE求解详细性能]
  t=0s - 时间: 0.000000s | 显存: 0.00 B
  t=1s - 时间: 0.470073s | 显存: 0.00 B
  t=2s - 时间: 0.533166s | 显存: 0.00 B
  t=3s - 时间: 0.608263s | 显存: 0.00 B
  t=4s - 时间: 0.678834s | 显存: 0.00 B
  t=5s - 时间: 0.722481s | 显存: 0.00 B
  t=6s - 时间: 0.798379s | 显存: 0.00 B
  t=7s - 时间: 0.927120s | 显存: 0.00 B
  t=8s - 时间: 1.006164s | 显存: 0.00 B
  t=9s - 时间: 1.046661s | 显存: 0.00 B

[19秒 PDE求解]
  t=19.0s - 时间: 1.880024s | 显存: 0.00 B

[PDE求解部分] 总时间: 1.880371s | 显存: 0.00 B

[本步骤总计] 时间: 8.815323s | 显存: 4.11 GB
orginal_loss:  tensor(3644.5620, device='cuda:0', grad_fn=<MseLossBackward0>)
[Step 0] Backward Propagation - Time: 10.0963s, Mem: -4411883520.00 B
x_adv.requires_grad:  True
pred_19.requires_grad, true_19.requires_grad:  True True
Autograd grad max:  tensor(95.2903, device='cuda:0')
Autograd grad min:  tensor(-56.5517, device='cuda:0')
Autograd grad mean:  tensor(-0.0571, device='cuda:0')
[Step 0] PGD Update - Time: 0.0009s, Mem: 513.00 KB

[Step 0] 完整步骤总时间: 18.916382s | 总显存: 3.75 MB
[Step 0] 峰值显存: 6.22 GB

[Step 1] ============ 详细性能分析 ============
[模型部分] 总时间: 6.689689s | 显存: 4.11 GB

[0-9秒 PDE求解详细性能]
  t=0s - 时间: 0.000000s | 显存: 0.00 B
  t=1s - 时间: 0.407305s | 显存: 0.00 B
  t=2s - 时间: 0.470884s | 显存: 0.00 B
  t=3s - 时间: 0.555100s | 显存: 0.00 B
  t=4s - 时间: 0.667062s | 显存: 0.00 B
  t=5s - 时间: 0.766126s | 显存: 0.00 B
  t=6s - 时间: 0.833561s | 显存: 0.00 B
  t=7s - 时间: 0.891411s | 显存: 0.00 B
  t=8s - 时间: 1.000896s | 显存: 0.00 B
  t=9s - 时间: 1.075954s | 显存: 0.00 B

[19秒 PDE求解]
  t=19.0s - 时间: 1.814875s | 显存: 0.00 B

[PDE求解部分] 总时间: 1.815204s | 显存: 0.00 B

[本步骤总计] 时间: 8.504893s | 显存: 4.11 GB
orginal_loss:  tensor(7007.9292, device='cuda:0', grad_fn=<MseLossBackward0>)
[Step 1] Backward Propagation - Time: 10.2495s, Mem: -4410040320.00 B
x_adv.requires_grad:  True
pred_19.requires_grad, true_19.requires_grad:  True True
Autograd grad max:  tensor(120.7558, device='cuda:0')
Autograd grad min:  tensor(-69.9626, device='cuda:0')
Autograd grad mean:  tensor(-0.1279, device='cuda:0')
[Step 1] PGD Update - Time: 0.0010s, Mem: 0.00 B

[Step 1] 完整步骤总时间: 18.759764s | 总显存: -524288.00 B
[Step 1] 峰值显存: 6.22 GB

[Step 2] ============ 详细性能分析 ============
[模型部分] 总时间: 6.816218s | 显存: 4.12 GB

[0-9秒 PDE求解详细性能]
  t=0s - 时间: 0.000000s | 显存: 0.00 B
  t=1s - 时间: 0.455819s | 显存: 0.00 B
  t=2s - 时间: 0.538872s | 显存: 0.00 B
  t=3s - 时间: 0.574994s | 显存: 0.00 B
  t=4s - 时间: 0.664165s | 显存: 0.00 B
  t=5s - 时间: 0.739805s | 显存: 0.00 B
  t=6s - 时间: 0.857156s | 显存: 0.00 B
  t=7s - 时间: 0.928008s | 显存: 0.00 B
  t=8s - 时间: 0.962017s | 显存: 0.00 B
  t=9s - 时间: 1.074096s | 显存: 0.00 B

[19秒 PDE求解]
  t=19.0s - 时间: 1.876024s | 显存: 0.00 B

[PDE求解部分] 总时间: 1.876372s | 显存: 0.00 B

[本步骤总计] 时间: 8.692589s | 显存: 4.12 GB
orginal_loss:  tensor(7447.0576, device='cuda:0', grad_fn=<MseLossBackward0>)
[Step 2] Backward Propagation - Time: 10.2464s, Mem: -4413235200.00 B
x_adv.requires_grad:  True
pred_19.requires_grad, true_19.requires_grad:  True True
Autograd grad max:  tensor(101.3556, device='cuda:0')
Autograd grad min:  tensor(-78.8453, device='cuda:0')
Autograd grad mean:  tensor(-0.1341, device='cuda:0')
[Step 2] PGD Update - Time: 0.0013s, Mem: 0.00 B

[Step 2] 完整步骤总时间: 18.944531s | 总显存: 0.00 B
[Step 2] 峰值显存: 6.22 GB

[Step 3] ============ 详细性能分析 ============
[模型部分] 总时间: 6.786175s | 显存: 4.12 GB

[0-9秒 PDE求解详细性能]
  t=0s - 时间: 0.000000s | 显存: 0.00 B
  t=1s - 时间: 0.413974s | 显存: 0.00 B
  t=2s - 时间: 0.513869s | 显存: 0.00 B
  t=3s - 时间: 0.601197s | 显存: 0.00 B
  t=4s - 时间: 0.661981s | 显存: 0.00 B
  t=5s - 时间: 0.771575s | 显存: 0.00 B
  t=6s - 时间: 0.802474s | 显存: 0.00 B
  t=7s - 时间: 0.898713s | 显存: 0.00 B
  t=8s - 时间: 1.006887s | 显存: 0.00 B
  t=9s - 时间: 1.094194s | 显存: 0.00 B

[19秒 PDE求解]
  t=19.0s - 时间: 1.846225s | 显存: 0.00 B

[PDE求解部分] 总时间: 1.846649s | 显存: 0.00 B

[本步骤总计] 时间: 8.632824s | 显存: 4.12 GB
orginal_loss:  tensor(8588.2783, device='cuda:0', grad_fn=<MseLossBackward0>)
[Step 3] Backward Propagation - Time: 11.9742s, Mem: -4413235200.00 B
x_adv.requires_grad:  True
pred_19.requires_grad, true_19.requires_grad:  True True
Autograd grad max:  tensor(101.8534, device='cuda:0')
Autograd grad min:  tensor(-86.0138, device='cuda:0')
Autograd grad mean:  tensor(-0.1190, device='cuda:0')
[Step 3] PGD Update - Time: 0.3015s, Mem: 0.00 B

[Step 3] 完整步骤总时间: 22.173540s | 总显存: 0.00 B
[Step 3] 峰值显存: 6.22 GB

[Step 4] ============ 详细性能分析 ============
[模型部分] 总时间: 7.786603s | 显存: 4.12 GB

[0-9秒 PDE求解详细性能]
  t=0s - 时间: 0.000000s | 显存: 0.00 B
  t=1s - 时间: 0.593110s | 显存: 0.00 B
  t=2s - 时间: 0.516608s | 显存: 0.00 B
  t=3s - 时间: 0.553908s | 显存: 0.00 B
  t=4s - 时间: 0.640058s | 显存: 0.00 B
  t=5s - 时间: 0.759937s | 显存: 0.00 B
  t=6s - 时间: 0.783489s | 显存: 0.00 B
  t=7s - 时间: 0.910482s | 显存: 0.00 B
  t=8s - 时间: 0.954538s | 显存: 0.00 B
  t=9s - 时间: 1.043049s | 显存: 0.00 B

[19秒 PDE求解]
  t=19.0s - 时间: 2.049043s | 显存: 0.00 B

[PDE求解部分] 总时间: 2.049398s | 显存: 0.00 B

[本步骤总计] 时间: 9.836001s | 显存: 4.12 GB
orginal_loss:  tensor(9441.5469, device='cuda:0', grad_fn=<MseLossBackward0>)
[Step 4] Backward Propagation - Time: 10.5513s, Mem: -4413235200.00 B
x_adv.requires_grad:  True
pred_19.requires_grad, true_19.requires_grad:  True True
Autograd grad max:  tensor(117.7048, device='cuda:0')
Autograd grad min:  tensor(-96.5800, device='cuda:0')
Autograd grad mean:  tensor(-0.1285, device='cuda:0')
[Step 4] PGD Update - Time: 0.0014s, Mem: 0.00 B

[Step 4] 完整步骤总时间: 20.450229s | 总显存: 0.00 B
[Step 4] 峰值显存: 6.22 GB

[Step 5] ============ 详细性能分析 ============
[模型部分] 总时间: 6.763023s | 显存: 4.12 GB

[0-9秒 PDE求解详细性能]
  t=0s - 时间: 0.000000s | 显存: 0.00 B
  t=1s - 时间: 0.486949s | 显存: 0.00 B
  t=2s - 时间: 0.493737s | 显存: 0.00 B
  t=3s - 时间: 0.561733s | 显存: 0.00 B
  t=4s - 时间: 0.649142s | 显存: 0.00 B
  t=5s - 时间: 0.740003s | 显存: 0.00 B
  t=6s - 时间: 0.848098s | 显存: 0.00 B
  t=7s - 时间: 0.908483s | 显存: 0.00 B
  t=8s - 时间: 0.962443s | 显存: 0.00 B
  t=9s - 时间: 1.091040s | 显存: 0.00 B

[19秒 PDE求解]
  t=19.0s - 时间: 1.968636s | 显存: 0.00 B

[PDE求解部分] 总时间: 1.968955s | 显存: 0.00 B

[本步骤总计] 时间: 8.731978s | 显存: 4.12 GB
orginal_loss:  tensor(9821.9160, device='cuda:0', grad_fn=<MseLossBackward0>)
[Step 5] Backward Propagation - Time: 12.8995s, Mem: -4413235200.00 B
x_adv.requires_grad:  True
pred_19.requires_grad, true_19.requires_grad:  True True
Autograd grad max:  tensor(126.3096, device='cuda:0')
Autograd grad min:  tensor(-100.4303, device='cuda:0')
Autograd grad mean:  tensor(-0.1315, device='cuda:0')
[Step 5] PGD Update - Time: 0.0013s, Mem: 0.00 B

[Step 5] 完整步骤总时间: 21.638105s | 总显存: 0.00 B
[Step 5] 峰值显存: 6.22 GB

[Step 6] ============ 详细性能分析 ============
[模型部分] 总时间: 6.855292s | 显存: 4.12 GB

[0-9秒 PDE求解详细性能]
  t=0s - 时间: 0.000000s | 显存: 0.00 B
  t=1s - 时间: 0.433686s | 显存: 0.00 B
  t=2s - 时间: 0.490508s | 显存: 0.00 B
  t=3s - 时间: 0.599572s | 显存: 0.00 B
  t=4s - 时间: 0.670428s | 显存: 0.00 B
  t=5s - 时间: 0.784273s | 显存: 0.00 B
  t=6s - 时间: 0.800136s | 显存: 0.00 B
  t=7s - 时间: 0.920487s | 显存: 0.00 B
  t=8s - 时间: 1.013585s | 显存: 0.00 B
  t=9s - 时间: 1.106091s | 显存: 0.00 B

[19秒 PDE求解]
  t=19.0s - 时间: 1.843334s | 显存: 0.00 B

[PDE求解部分] 总时间: 1.843728s | 显存: 0.00 B

[本步骤总计] 时间: 8.699020s | 显存: 4.12 GB
orginal_loss:  tensor(9744.5957, device='cuda:0', grad_fn=<MseLossBackward0>)
[Step 6] Backward Propagation - Time: 10.1509s, Mem: -4413235200.00 B
x_adv.requires_grad:  True
pred_19.requires_grad, true_19.requires_grad:  True True
Autograd grad max:  tensor(129.5467, device='cuda:0')
Autograd grad min:  tensor(-102.3543, device='cuda:0')
Autograd grad mean:  tensor(-0.1274, device='cuda:0')
[Step 6] PGD Update - Time: 0.0025s, Mem: 0.00 B

[Step 6] 完整步骤总时间: 18.869192s | 总显存: 0.00 B
[Step 6] 峰值显存: 6.22 GB

[Step 7] ============ 详细性能分析 ============
[模型部分] 总时间: 6.746832s | 显存: 4.12 GB

[0-9秒 PDE求解详细性能]
  t=0s - 时间: 0.000000s | 显存: 0.00 B
  t=1s - 时间: 0.416598s | 显存: 0.00 B
  t=2s - 时间: 0.541097s | 显存: 0.00 B
  t=3s - 时间: 0.619505s | 显存: 0.00 B
  t=4s - 时间: 0.658877s | 显存: 0.00 B
  t=5s - 时间: 0.734031s | 显存: 0.00 B
  t=6s - 时间: 0.833394s | 显存: 0.00 B
  t=7s - 时间: 0.896694s | 显存: 0.00 B
  t=8s - 时间: 0.968084s | 显存: 0.00 B
  t=9s - 时间: 1.047887s | 显存: 0.00 B

[19秒 PDE求解]
  t=19.0s - 时间: 1.864193s | 显存: 0.00 B

[PDE求解部分] 总时间: 1.864537s | 显存: 0.00 B

[本步骤总计] 时间: 8.611369s | 显存: 4.12 GB
orginal_loss:  tensor(9410.7266, device='cuda:0', grad_fn=<MseLossBackward0>)
[Step 7] Backward Propagation - Time: 10.0742s, Mem: -4413235200.00 B
x_adv.requires_grad:  True
pred_19.requires_grad, true_19.requires_grad:  True True
Autograd grad max:  tensor(128.7870, device='cuda:0')
Autograd grad min:  tensor(-102.0389, device='cuda:0')
Autograd grad mean:  tensor(-0.1196, device='cuda:0')
[Step 7] PGD Update - Time: 0.0013s, Mem: 0.00 B

[Step 7] 完整步骤总时间: 18.691798s | 总显存: 0.00 B
[Step 7] 峰值显存: 6.22 GB

[Step 8] ============ 详细性能分析 ============
[模型部分] 总时间: 6.677610s | 显存: 4.12 GB

[0-9秒 PDE求解详细性能]
  t=0s - 时间: 0.000000s | 显存: 0.00 B
  t=1s - 时间: 0.418188s | 显存: 0.00 B
  t=2s - 时间: 0.489374s | 显存: 0.00 B
  t=3s - 时间: 0.609884s | 显存: 0.00 B
  t=4s - 时间: 0.653800s | 显存: 0.00 B
  t=5s - 时间: 0.730682s | 显存: 0.00 B
  t=6s - 时间: 0.802383s | 显存: 0.00 B
  t=7s - 时间: 0.879546s | 显存: 0.00 B
  t=8s - 时间: 0.993330s | 显存: 0.00 B
  t=9s - 时间: 1.079256s | 显存: 0.00 B

[19秒 PDE求解]
  t=19.0s - 时间: 1.846310s | 显存: 0.00 B

[PDE求解部分] 总时间: 1.846665s | 显存: 0.00 B

[本步骤总计] 时间: 8.524274s | 显存: 4.12 GB
orginal_loss:  tensor(8948.5176, device='cuda:0', grad_fn=<MseLossBackward0>)
[Step 8] Backward Propagation - Time: 10.0998s, Mem: -4413235200.00 B
x_adv.requires_grad:  True
pred_19.requires_grad, true_19.requires_grad:  True True
Autograd grad max:  tensor(124.4958, device='cuda:0')
Autograd grad min:  tensor(-100.0381, device='cuda:0')
Autograd grad mean:  tensor(-0.1097, device='cuda:0')
[Step 8] PGD Update - Time: 0.0012s, Mem: 0.00 B

[Step 8] 完整步骤总时间: 18.629683s | 总显存: 0.00 B
[Step 8] 峰值显存: 6.22 GB

[Step 9] ============ 详细性能分析 ============
[模型部分] 总时间: 6.832443s | 显存: 4.12 GB

[0-9秒 PDE求解详细性能]
  t=0s - 时间: 0.000000s | 显存: 0.00 B
  t=1s - 时间: 0.457605s | 显存: 0.00 B
  t=2s - 时间: 0.522809s | 显存: 0.00 B
  t=3s - 时间: 0.590838s | 显存: 0.00 B
  t=4s - 时间: 0.649447s | 显存: 0.00 B
  t=5s - 时间: 0.754376s | 显存: 0.00 B
  t=6s - 时间: 0.847655s | 显存: 0.00 B
  t=7s - 时间: 0.919185s | 显存: 0.00 B
  t=8s - 时间: 0.976452s | 显存: 0.00 B
  t=9s - 时间: 1.092927s | 显存: 0.00 B

[19秒 PDE求解]
  t=19.0s - 时间: 1.891784s | 显存: 0.00 B

[PDE求解部分] 总时间: 1.892079s | 显存: 0.00 B

[本步骤总计] 时间: 8.724521s | 显存: 4.12 GB
orginal_loss:  tensor(8376.9580, device='cuda:0', grad_fn=<MseLossBackward0>)
[Step 9] Backward Propagation - Time: 10.3012s, Mem: -4413235200.00 B
x_adv.requires_grad:  True
pred_19.requires_grad, true_19.requires_grad:  True True
Autograd grad max:  tensor(117.3039, device='cuda:0')
Autograd grad min:  tensor(-96.3428, device='cuda:0')
Autograd grad mean:  tensor(-0.0984, device='cuda:0')
[Step 9] PGD Update - Time: 0.0012s, Mem: 0.00 B

[Step 9] 完整步骤总时间: 19.030936s | 总显存: 0.00 B
[Step 9] 峰值显存: 6.22 GB

[Step 10] ============ 详细性能分析 ============
[模型部分] 总时间: 6.807698s | 显存: 4.12 GB

[0-9秒 PDE求解详细性能]
  t=0s - 时间: 0.000000s | 显存: 0.00 B
  t=1s - 时间: 0.419819s | 显存: 0.00 B
  t=2s - 时间: 0.531633s | 显存: 0.00 B
  t=3s - 时间: 0.603953s | 显存: 0.00 B
  t=4s - 时间: 0.673809s | 显存: 0.00 B
  t=5s - 时间: 0.752231s | 显存: 0.00 B
  t=6s - 时间: 0.841873s | 显存: 0.00 B
  t=7s - 时间: 0.917148s | 显存: 0.00 B
  t=8s - 时间: 0.983497s | 显存: 0.00 B
  t=9s - 时间: 1.062603s | 显存: 0.00 B

[19秒 PDE求解]
  t=19.0s - 时间: 1.846446s | 显存: 0.00 B

[PDE求解部分] 总时间: 1.846839s | 显存: 0.00 B

[本步骤总计] 时间: 8.654537s | 显存: 4.12 GB
orginal_loss:  tensor(7738.8613, device='cuda:0', grad_fn=<MseLossBackward0>)
[Step 10] Backward Propagation - Time: 10.2129s, Mem: -4413235200.00 B
x_adv.requires_grad:  True
pred_19.requires_grad, true_19.requires_grad:  True True
Autograd grad max:  tensor(107.4526, device='cuda:0')
Autograd grad min:  tensor(-91.2828, device='cuda:0')
Autograd grad mean:  tensor(-0.0899, device='cuda:0')
[Step 10] PGD Update - Time: 0.0012s, Mem: 0.00 B

[Step 10] 完整步骤总时间: 18.873059s | 总显存: 0.00 B
[Step 10] 峰值显存: 6.22 GB

[Step 11] ============ 详细性能分析 ============
[模型部分] 总时间: 6.776105s | 显存: 4.12 GB

[0-9秒 PDE求解详细性能]
  t=0s - 时间: 0.000000s | 显存: 0.00 B
  t=1s - 时间: 0.437112s | 显存: 0.00 B
  t=2s - 时间: 0.512435s | 显存: 0.00 B
  t=3s - 时间: 0.562767s | 显存: 0.00 B
  t=4s - 时间: 0.664344s | 显存: 0.00 B
  t=5s - 时间: 0.749080s | 显存: 0.00 B
  t=6s - 时间: 0.842456s | 显存: 0.00 B
  t=7s - 时间: 0.894626s | 显存: 0.00 B
  t=8s - 时间: 0.988919s | 显存: 0.00 B
  t=9s - 时间: 1.103162s | 显存: 0.00 B

[19秒 PDE求解]
  t=19.0s - 时间: 1.873824s | 显存: 0.00 B

[PDE求解部分] 总时间: 1.874180s | 显存: 0.00 B

[本步骤总计] 时间: 8.650285s | 显存: 4.12 GB
orginal_loss:  tensor(7084.1558, device='cuda:0', grad_fn=<MseLossBackward0>)
[Step 11] Backward Propagation - Time: 10.2535s, Mem: -4413235200.00 B
x_adv.requires_grad:  True
pred_19.requires_grad, true_19.requires_grad:  True True
Autograd grad max:  tensor(94.9090, device='cuda:0')
Autograd grad min:  tensor(-92.4694, device='cuda:0')
Autograd grad mean:  tensor(-0.0856, device='cuda:0')
[Step 11] PGD Update - Time: 0.0013s, Mem: 0.00 B

[Step 11] 完整步骤总时间: 18.909350s | 总显存: 0.00 B
[Step 11] 峰值显存: 6.22 GB

[Step 12] ============ 详细性能分析 ============
[模型部分] 总时间: 6.732433s | 显存: 4.12 GB

[0-9秒 PDE求解详细性能]
  t=0s - 时间: 0.000000s | 显存: 0.00 B
  t=1s - 时间: 0.461288s | 显存: 0.00 B
  t=2s - 时间: 0.522684s | 显存: 0.00 B
  t=3s - 时间: 0.609462s | 显存: 0.00 B
  t=4s - 时间: 0.652725s | 显存: 0.00 B
  t=5s - 时间: 0.738416s | 显存: 0.00 B
  t=6s - 时间: 0.786468s | 显存: 0.00 B
  t=7s - 时间: 0.895156s | 显存: 0.00 B
  t=8s - 时间: 0.978820s | 显存: 0.00 B
  t=9s - 时间: 1.066494s | 显存: 0.00 B

[19秒 PDE求解]
  t=19.0s - 时间: 1.849942s | 显存: 0.00 B

[PDE求解部分] 总时间: 1.850236s | 显存: 0.00 B

[本步骤总计] 时间: 8.582669s | 显存: 4.12 GB
orginal_loss:  tensor(6473.2959, device='cuda:0', grad_fn=<MseLossBackward0>)
[Step 12] Backward Propagation - Time: 10.1424s, Mem: -4413235200.00 B
x_adv.requires_grad:  True
pred_19.requires_grad, true_19.requires_grad:  True True
Autograd grad max:  tensor(81.1443, device='cuda:0')
Autograd grad min:  tensor(-92.8979, device='cuda:0')
Autograd grad mean:  tensor(-0.0857, device='cuda:0')
[Step 12] PGD Update - Time: 0.0012s, Mem: 0.00 B

[Step 12] 完整步骤总时间: 18.731047s | 总显存: 0.00 B
[Step 12] 峰值显存: 6.22 GB

[Step 13] ============ 详细性能分析 ============
[模型部分] 总时间: 6.811037s | 显存: 4.12 GB

[0-9秒 PDE求解详细性能]
  t=0s - 时间: 0.000000s | 显存: 0.00 B
  t=1s - 时间: 0.441414s | 显存: 0.00 B
  t=2s - 时间: 0.515100s | 显存: 0.00 B
  t=3s - 时间: 0.588613s | 显存: 0.00 B
  t=4s - 时间: 0.683568s | 显存: 0.00 B
  t=5s - 时间: 0.740459s | 显存: 0.00 B
  t=6s - 时间: 0.810704s | 显存: 0.00 B
  t=7s - 时间: 0.927106s | 显存: 0.00 B
  t=8s - 时间: 1.005936s | 显存: 0.00 B
  t=9s - 时间: 1.077199s | 显存: 0.00 B

[19秒 PDE求解]
  t=19.0s - 时间: 1.878046s | 显存: 0.00 B

[PDE求解部分] 总时间: 1.878396s | 显存: 0.00 B

[本步骤总计] 时间: 8.689433s | 显存: 4.12 GB
orginal_loss:  tensor(5904.4287, device='cuda:0', grad_fn=<MseLossBackward0>)
[Step 13] Backward Propagation - Time: 10.3789s, Mem: -4413235200.00 B
x_adv.requires_grad:  True
pred_19.requires_grad, true_19.requires_grad:  True True
Autograd grad max:  tensor(69.8837, device='cuda:0')
Autograd grad min:  tensor(-91.7586, device='cuda:0')
Autograd grad mean:  tensor(-0.0874, device='cuda:0')
[Step 13] PGD Update - Time: 0.0012s, Mem: 0.00 B

[Step 13] 完整步骤总时间: 19.074009s | 总显存: 0.00 B
[Step 13] 峰值显存: 6.22 GB

[Step 14] ============ 详细性能分析 ============
[模型部分] 总时间: 6.784207s | 显存: 4.12 GB

[0-9秒 PDE求解详细性能]
  t=0s - 时间: 0.000000s | 显存: 0.00 B
  t=1s - 时间: 0.456064s | 显存: 0.00 B
  t=2s - 时间: 0.487487s | 显存: 0.00 B
  t=3s - 时间: 0.556519s | 显存: 0.00 B
  t=4s - 时间: 0.646907s | 显存: 0.00 B
  t=5s - 时间: 0.770762s | 显存: 0.00 B
  t=6s - 时间: 0.830306s | 显存: 0.00 B
  t=7s - 时间: 0.917889s | 显存: 0.00 B
  t=8s - 时间: 0.997336s | 显存: 0.00 B
  t=9s - 时间: 1.099886s | 显存: 0.00 B

[19秒 PDE求解]
  t=19.0s - 时间: 1.884802s | 显存: 0.00 B

[PDE求解部分] 总时间: 1.885151s | 显存: 0.00 B

[本步骤总计] 时间: 8.669357s | 显存: 4.12 GB
orginal_loss:  tensor(5384.5298, device='cuda:0', grad_fn=<MseLossBackward0>)
[Step 14] Backward Propagation - Time: 10.1976s, Mem: -4413235200.00 B
x_adv.requires_grad:  True
pred_19.requires_grad, true_19.requires_grad:  True True
Autograd grad max:  tensor(61.7384, device='cuda:0')
Autograd grad min:  tensor(-91.1341, device='cuda:0')
Autograd grad mean:  tensor(-0.0885, device='cuda:0')
[Step 14] PGD Update - Time: 0.0013s, Mem: 0.00 B

[Step 14] 完整步骤总时间: 18.872572s | 总显存: 0.00 B
[Step 14] 峰值显存: 6.22 GB

[Step 15] ============ 详细性能分析 ============
[模型部分] 总时间: 6.831298s | 显存: 4.12 GB

[0-9秒 PDE求解详细性能]
  t=0s - 时间: 0.000000s | 显存: 0.00 B
  t=1s - 时间: 0.459421s | 显存: 0.00 B
  t=2s - 时间: 0.524823s | 显存: 0.00 B
  t=3s - 时间: 0.597754s | 显存: 0.00 B
  t=4s - 时间: 0.681552s | 显存: 0.00 B
  t=5s - 时间: 0.772548s | 显存: 0.00 B
  t=6s - 时间: 0.824157s | 显存: 0.00 B
  t=7s - 时间: 0.911502s | 显存: 0.00 B
  t=8s - 时间: 0.964079s | 显存: 0.00 B
  t=9s - 时间: 1.074257s | 显存: 0.00 B

[19秒 PDE求解]
  t=19.0s - 时间: 1.880222s | 显存: 0.00 B

[PDE求解部分] 总时间: 1.880538s | 显存: 0.00 B

[本步骤总计] 时间: 8.711836s | 显存: 4.12 GB
orginal_loss:  tensor(4897.5664, device='cuda:0', grad_fn=<MseLossBackward0>)
[Step 15] Backward Propagation - Time: 10.1077s, Mem: -4413235200.00 B
x_adv.requires_grad:  True
pred_19.requires_grad, true_19.requires_grad:  True True
Autograd grad max:  tensor(55.0663, device='cuda:0')
Autograd grad min:  tensor(-91.6530, device='cuda:0')
Autograd grad mean:  tensor(-0.0880, device='cuda:0')
[Step 15] PGD Update - Time: 0.0012s, Mem: 0.00 B

[Step 15] 完整步骤总时间: 18.824925s | 总显存: 0.00 B
[Step 15] 峰值显存: 6.22 GB

[Step 16] ============ 详细性能分析 ============
[模型部分] 总时间: 6.611985s | 显存: 4.12 GB

[0-9秒 PDE求解详细性能]
  t=0s - 时间: 0.000000s | 显存: 0.00 B
  t=1s - 时间: 0.442067s | 显存: 0.00 B
  t=2s - 时间: 0.500324s | 显存: 0.00 B
  t=3s - 时间: 0.560813s | 显存: 0.00 B
  t=4s - 时间: 0.663103s | 显存: 0.00 B
  t=5s - 时间: 0.730451s | 显存: 0.00 B
  t=6s - 时间: 0.784791s | 显存: 0.00 B
  t=7s - 时间: 0.877854s | 显存: 0.00 B
  t=8s - 时间: 0.973615s | 显存: 0.00 B
  t=9s - 时间: 1.058043s | 显存: 0.00 B

[19秒 PDE求解]
  t=19.0s - 时间: 1.836083s | 显存: 0.00 B

[PDE求解部分] 总时间: 1.836413s | 显存: 0.00 B

[本步骤总计] 时间: 8.448399s | 显存: 4.12 GB
orginal_loss:  tensor(4470.9761, device='cuda:0', grad_fn=<MseLossBackward0>)
[Step 16] Backward Propagation - Time: 10.1662s, Mem: -4413235200.00 B
x_adv.requires_grad:  True
pred_19.requires_grad, true_19.requires_grad:  True True
Autograd grad max:  tensor(58.7938, device='cuda:0')
Autograd grad min:  tensor(-95.8431, device='cuda:0')
Autograd grad mean:  tensor(-0.0870, device='cuda:0')
[Step 16] PGD Update - Time: 0.0012s, Mem: 0.00 B

[Step 16] 完整步骤总时间: 18.620736s | 总显存: 0.00 B
[Step 16] 峰值显存: 6.22 GB

[Step 17] ============ 详细性能分析 ============
[模型部分] 总时间: 6.648101s | 显存: 4.12 GB

[0-9秒 PDE求解详细性能]
  t=0s - 时间: 0.000000s | 显存: 0.00 B
  t=1s - 时间: 0.435335s | 显存: 0.00 B
  t=2s - 时间: 0.475829s | 显存: 0.00 B
  t=3s - 时间: 0.552303s | 显存: 0.00 B
  t=4s - 时间: 0.647465s | 显存: 0.00 B
  t=5s - 时间: 0.751233s | 显存: 0.00 B
  t=6s - 时间: 0.827725s | 显存: 0.00 B
  t=7s - 时间: 0.902542s | 显存: 0.00 B
  t=8s - 时间: 0.982189s | 显存: 0.00 B
  t=9s - 时间: 1.052634s | 显存: 0.00 B

[19秒 PDE求解]
  t=19.0s - 时间: 1.854642s | 显存: 0.00 B

[PDE求解部分] 总时间: 1.855008s | 显存: 0.00 B

[本步骤总计] 时间: 8.503109s | 显存: 4.12 GB
orginal_loss:  tensor(4172.4541, device='cuda:0', grad_fn=<MseLossBackward0>)
[Step 17] Backward Propagation - Time: 10.0921s, Mem: -4413235200.00 B
x_adv.requires_grad:  True
pred_19.requires_grad, true_19.requires_grad:  True True
Autograd grad max:  tensor(67.9265, device='cuda:0')
Autograd grad min:  tensor(-102.0959, device='cuda:0')
Autograd grad mean:  tensor(-0.0810, device='cuda:0')
[Step 17] PGD Update - Time: 0.0013s, Mem: 0.00 B

[Step 17] 完整步骤总时间: 18.600745s | 总显存: 0.00 B
[Step 17] 峰值显存: 6.22 GB

[Step 18] ============ 详细性能分析 ============
[模型部分] 总时间: 6.666049s | 显存: 4.12 GB

[0-9秒 PDE求解详细性能]
  t=0s - 时间: 0.000000s | 显存: 0.00 B
  t=1s - 时间: 0.417478s | 显存: 0.00 B
  t=2s - 时间: 0.511688s | 显存: 0.00 B
  t=3s - 时间: 0.564205s | 显存: 0.00 B
  t=4s - 时间: 0.650304s | 显存: 0.00 B
  t=5s - 时间: 0.729575s | 显存: 0.00 B
  t=6s - 时间: 0.808037s | 显存: 0.00 B
  t=7s - 时间: 0.906836s | 显存: 0.00 B
  t=8s - 时间: 0.993339s | 显存: 0.00 B
  t=9s - 时间: 1.063035s | 显存: 0.00 B

[19秒 PDE求解]
  t=19.0s - 时间: 1.813899s | 显存: 0.00 B

[PDE求解部分] 总时间: 1.814255s | 显存: 0.00 B

[本步骤总计] 时间: 8.480303s | 显存: 4.12 GB
orginal_loss:  tensor(3536.8340, device='cuda:0', grad_fn=<MseLossBackward0>)
[Step 18] Backward Propagation - Time: 10.1664s, Mem: -4413235200.00 B
x_adv.requires_grad:  True
pred_19.requires_grad, true_19.requires_grad:  True True
Autograd grad max:  tensor(65.5680, device='cuda:0')
Autograd grad min:  tensor(-95.3879, device='cuda:0')
Autograd grad mean:  tensor(-0.0491, device='cuda:0')
[Step 18] PGD Update - Time: 0.0014s, Mem: 0.00 B

[Step 18] 完整步骤总时间: 18.652459s | 总显存: 0.00 B
[Step 18] 峰值显存: 6.22 GB

[Step 19] ============ 详细性能分析 ============
[模型部分] 总时间: 6.762698s | 显存: 4.12 GB

[0-9秒 PDE求解详细性能]
  t=0s - 时间: 0.000000s | 显存: 0.00 B
  t=1s - 时间: 0.438650s | 显存: 0.00 B
  t=2s - 时间: 0.535604s | 显存: 0.00 B
  t=3s - 时间: 0.604406s | 显存: 0.00 B
  t=4s - 时间: 0.649855s | 显存: 0.00 B
  t=5s - 时间: 0.718990s | 显存: 0.00 B
  t=6s - 时间: 0.839350s | 显存: 0.00 B
  t=7s - 时间: 0.900618s | 显存: 0.00 B
  t=8s - 时间: 0.992625s | 显存: 0.00 B
  t=9s - 时间: 1.061345s | 显存: 0.00 B

[19秒 PDE求解]
  t=19.0s - 时间: 1.856057s | 显存: 0.00 B

[PDE求解部分] 总时间: 1.856418s | 显存: 0.00 B

[本步骤总计] 时间: 8.619116s | 显存: 4.12 GB
orginal_loss:  tensor(2766.3076, device='cuda:0', grad_fn=<MseLossBackward0>)
[Step 19] Backward Propagation - Time: 10.1121s, Mem: -4413235200.00 B
x_adv.requires_grad:  True
pred_19.requires_grad, true_19.requires_grad:  True True
Autograd grad max:  tensor(54.0742, device='cuda:0')
Autograd grad min:  tensor(-80.7928, device='cuda:0')
Autograd grad mean:  tensor(-0.0150, device='cuda:0')
[Step 19] PGD Update - Time: 0.0013s, Mem: 0.00 B

[Step 19] 完整步骤总时间: 18.737159s | 总显存: 0.00 B
[Step 19] 峰值显存: 6.22 GB

[Step 20] ============ 详细性能分析 ============
[模型部分] 总时间: 6.676896s | 显存: 4.12 GB

[0-9秒 PDE求解详细性能]
  t=0s - 时间: 0.000000s | 显存: 0.00 B
  t=1s - 时间: 0.461125s | 显存: 0.00 B
  t=2s - 时间: 0.512810s | 显存: 0.00 B
  t=3s - 时间: 0.547247s | 显存: 0.00 B
  t=4s - 时间: 0.657600s | 显存: 0.00 B
  t=5s - 时间: 0.723739s | 显存: 0.00 B
  t=6s - 时间: 0.812362s | 显存: 0.00 B
  t=7s - 时间: 0.916161s | 显存: 0.00 B
  t=8s - 时间: 0.998393s | 显存: 0.00 B
  t=9s - 时间: 1.026314s | 显存: 0.00 B

[19秒 PDE求解]
  t=19.0s - 时间: 1.807325s | 显存: 0.00 B

[PDE求解部分] 总时间: 1.807675s | 显存: 0.00 B

[本步骤总计] 时间: 8.484572s | 显存: 4.12 GB
orginal_loss:  tensor(3454.9578, device='cuda:0', grad_fn=<MseLossBackward0>)
[Step 20] Backward Propagation - Time: 10.0612s, Mem: -4413235200.00 B
x_adv.requires_grad:  True
pred_19.requires_grad, true_19.requires_grad:  True True
Autograd grad max:  tensor(72.0652, device='cuda:0')
Autograd grad min:  tensor(-100.2232, device='cuda:0')
Autograd grad mean:  tensor(0.0163, device='cuda:0')
[Step 20] PGD Update - Time: 0.0012s, Mem: 0.00 B

[Step 20] 完整步骤总时间: 18.551586s | 总显存: 0.00 B
[Step 20] 峰值显存: 6.22 GB

[Step 21] ============ 详细性能分析 ============
[模型部分] 总时间: 11.796721s | 显存: 4.12 GB

[0-9秒 PDE求解详细性能]
  t=0s - 时间: 0.000000s | 显存: 0.00 B
  t=1s - 时间: 0.415175s | 显存: 0.00 B
  t=2s - 时间: 0.488757s | 显存: 0.00 B
  t=3s - 时间: 0.592525s | 显存: 0.00 B
  t=4s - 时间: 5.827729s | 显存: 0.00 B
  t=5s - 时间: 0.719939s | 显存: 0.00 B
  t=6s - 时间: 0.800436s | 显存: 0.00 B
  t=7s - 时间: 0.904799s | 显存: 0.00 B
  t=8s - 时间: 0.967499s | 显存: 0.00 B
  t=9s - 时间: 1.058408s | 显存: 0.00 B

[19秒 PDE求解]
  t=19.0s - 时间: 1.824495s | 显存: 0.00 B

[PDE求解部分] 总时间: 1.824876s | 显存: 0.00 B

[本步骤总计] 时间: 13.621597s | 显存: 4.12 GB
orginal_loss:  tensor(3224.8430, device='cuda:0', grad_fn=<MseLossBackward0>)
[Step 21] Backward Propagation - Time: 10.0621s, Mem: -4413235200.00 B
x_adv.requires_grad:  True
pred_19.requires_grad, true_19.requires_grad:  True True
Autograd grad max:  tensor(70.4819, device='cuda:0')
Autograd grad min:  tensor(-91.3184, device='cuda:0')
Autograd grad mean:  tensor(0.0374, device='cuda:0')
[Step 21] PGD Update - Time: 0.0013s, Mem: 0.00 B

[Step 21] 完整步骤总时间: 23.689227s | 总显存: 0.00 B
[Step 21] 峰值显存: 6.22 GB

[Step 22] ============ 详细性能分析 ============
[模型部分] 总时间: 6.818878s | 显存: 4.12 GB

[0-9秒 PDE求解详细性能]
  t=0s - 时间: 0.000000s | 显存: 0.00 B
  t=1s - 时间: 0.458940s | 显存: 0.00 B
  t=2s - 时间: 0.499977s | 显存: 0.00 B
  t=3s - 时间: 0.591320s | 显存: 0.00 B
  t=4s - 时间: 0.689517s | 显存: 0.00 B
  t=5s - 时间: 0.729006s | 显存: 0.00 B
  t=6s - 时间: 0.821526s | 显存: 0.00 B
  t=7s - 时间: 0.937933s | 显存: 0.00 B
  t=8s - 时间: 0.969304s | 显存: 0.00 B
  t=9s - 时间: 1.100196s | 显存: 0.00 B

[19秒 PDE求解]
  t=19.0s - 时间: 1.859832s | 显存: 0.00 B

[PDE求解部分] 总时间: 1.860146s | 显存: 0.00 B

[本步骤总计] 时间: 8.679024s | 显存: 4.12 GB
orginal_loss:  tensor(3732.1416, device='cuda:0', grad_fn=<MseLossBackward0>)
[Step 22] Backward Propagation - Time: 10.1574s, Mem: -4413235200.00 B
x_adv.requires_grad:  True
pred_19.requires_grad, true_19.requires_grad:  True True
Autograd grad max:  tensor(55.7661, device='cuda:0')
Autograd grad min:  tensor(-68.1515, device='cuda:0')
Autograd grad mean:  tensor(0.0338, device='cuda:0')
[Step 22] PGD Update - Time: 0.0012s, Mem: 0.00 B

[Step 22] 完整步骤总时间: 18.842428s | 总显存: 0.00 B
[Step 22] 峰值显存: 6.22 GB

[Step 23] ============ 详细性能分析 ============
[模型部分] 总时间: 6.502616s | 显存: 4.12 GB

[0-9秒 PDE求解详细性能]
  t=0s - 时间: 0.000000s | 显存: 0.00 B
  t=1s - 时间: 0.404350s | 显存: 0.00 B
  t=2s - 时间: 0.467983s | 显存: 0.00 B
  t=3s - 时间: 0.539250s | 显存: 0.00 B
  t=4s - 时间: 0.639552s | 显存: 0.00 B
  t=5s - 时间: 0.729655s | 显存: 0.00 B
  t=6s - 时间: 0.825564s | 显存: 0.00 B
  t=7s - 时间: 0.869441s | 显存: 0.00 B
  t=8s - 时间: 0.947111s | 显存: 0.00 B
  t=9s - 时间: 1.058854s | 显存: 0.00 B

[19秒 PDE求解]
  t=19.0s - 时间: 1.823415s | 显存: 0.00 B

[PDE求解部分] 总时间: 1.823810s | 显存: 0.00 B

[本步骤总计] 时间: 8.326426s | 显存: 4.12 GB
orginal_loss:  tensor(4207.7651, device='cuda:0', grad_fn=<MseLossBackward0>)
[Step 23] Backward Propagation - Time: 9.9737s, Mem: -4413235200.00 B
x_adv.requires_grad:  True
pred_19.requires_grad, true_19.requires_grad:  True True
Autograd grad max:  tensor(76.2147, device='cuda:0')
Autograd grad min:  tensor(-68.8605, device='cuda:0')
Autograd grad mean:  tensor(0.0085, device='cuda:0')
[Step 23] PGD Update - Time: 0.0013s, Mem: 0.00 B

[Step 23] 完整步骤总时间: 18.308647s | 总显存: 0.00 B
[Step 23] 峰值显存: 6.22 GB

[Step 24] ============ 详细性能分析 ============
[模型部分] 总时间: 6.776685s | 显存: 4.12 GB

[0-9秒 PDE求解详细性能]
  t=0s - 时间: 0.000000s | 显存: 0.00 B
  t=1s - 时间: 0.446273s | 显存: 0.00 B
  t=2s - 时间: 0.519760s | 显存: 0.00 B
  t=3s - 时间: 0.609680s | 显存: 0.00 B
  t=4s - 时间: 0.691171s | 显存: 0.00 B
  t=5s - 时间: 0.742014s | 显存: 0.00 B
  t=6s - 时间: 0.814561s | 显存: 0.00 B
  t=7s - 时间: 0.896157s | 显存: 0.00 B
  t=8s - 时间: 0.984950s | 显存: 0.00 B
  t=9s - 时间: 1.050519s | 显存: 0.00 B

[19秒 PDE求解]
  t=19.0s - 时间: 1.820703s | 显存: 0.00 B

[PDE求解部分] 总时间: 1.821078s | 显存: 0.00 B

[本步骤总计] 时间: 8.597763s | 显存: 4.12 GB
orginal_loss:  tensor(4142.8750, device='cuda:0', grad_fn=<MseLossBackward0>)
[Step 24] Backward Propagation - Time: 10.0075s, Mem: -4413235200.00 B
x_adv.requires_grad:  True
pred_19.requires_grad, true_19.requires_grad:  True True
Autograd grad max:  tensor(95.1244, device='cuda:0')
Autograd grad min:  tensor(-76.8749, device='cuda:0')
Autograd grad mean:  tensor(-0.0298, device='cuda:0')
[Step 24] PGD Update - Time: 0.0013s, Mem: 0.00 B

[Step 24] 完整步骤总时间: 18.617810s | 总显存: 0.00 B
[Step 24] 峰值显存: 6.22 GB

[Step 25] ============ 详细性能分析 ============
[模型部分] 总时间: 6.698592s | 显存: 4.12 GB

[0-9秒 PDE求解详细性能]
  t=0s - 时间: 0.000000s | 显存: 0.00 B
  t=1s - 时间: 0.425226s | 显存: 0.00 B
  t=2s - 时间: 0.513449s | 显存: 0.00 B
  t=3s - 时间: 0.604884s | 显存: 0.00 B
  t=4s - 时间: 0.666144s | 显存: 0.00 B
  t=5s - 时间: 0.735710s | 显存: 0.00 B
  t=6s - 时间: 0.801208s | 显存: 0.00 B
  t=7s - 时间: 0.866165s | 显存: 0.00 B
  t=8s - 时间: 0.974080s | 显存: 0.00 B
  t=9s - 时间: 1.090733s | 显存: 0.00 B

[19秒 PDE求解]
  t=19.0s - 时间: 1.840342s | 显存: 0.00 B

[PDE求解部分] 总时间: 1.840693s | 显存: 0.00 B

[本步骤总计] 时间: 8.539284s | 显存: 4.12 GB
orginal_loss:  tensor(5320.7227, device='cuda:0', grad_fn=<MseLossBackward0>)
[Step 25] Backward Propagation - Time: 10.1161s, Mem: -4413235200.00 B
x_adv.requires_grad:  True
pred_19.requires_grad, true_19.requires_grad:  True True
Autograd grad max:  tensor(109.7616, device='cuda:0')
Autograd grad min:  tensor(-73.7305, device='cuda:0')
Autograd grad mean:  tensor(-0.0366, device='cuda:0')
[Step 25] PGD Update - Time: 0.0013s, Mem: 0.00 B

[Step 25] 完整步骤总时间: 18.661081s | 总显存: 0.00 B
[Step 25] 峰值显存: 6.22 GB

[Step 26] ============ 详细性能分析 ============
[模型部分] 总时间: 6.745351s | 显存: 4.12 GB

[0-9秒 PDE求解详细性能]
  t=0s - 时间: 0.000000s | 显存: 0.00 B
  t=1s - 时间: 0.455066s | 显存: 0.00 B
  t=2s - 时间: 0.502285s | 显存: 0.00 B
  t=3s - 时间: 0.575946s | 显存: 0.00 B
  t=4s - 时间: 0.669551s | 显存: 0.00 B
  t=5s - 时间: 0.753767s | 显存: 0.00 B
  t=6s - 时间: 0.805718s | 显存: 0.00 B
  t=7s - 时间: 0.905639s | 显存: 0.00 B
  t=8s - 时间: 0.993317s | 显存: 0.00 B
  t=9s - 时间: 1.063044s | 显存: 0.00 B

[19秒 PDE求解]
  t=19.0s - 时间: 1.870559s | 显存: 0.00 B

[PDE求解部分] 总时间: 1.870886s | 显存: 0.00 B

[本步骤总计] 时间: 8.616237s | 显存: 4.12 GB
orginal_loss:  tensor(6827.8711, device='cuda:0', grad_fn=<MseLossBackward0>)
[Step 26] Backward Propagation - Time: 10.1254s, Mem: -4413235200.00 B
x_adv.requires_grad:  True
pred_19.requires_grad, true_19.requires_grad:  True True
Autograd grad max:  tensor(128.7854, device='cuda:0')
Autograd grad min:  tensor(-103.3808, device='cuda:0')
Autograd grad mean:  tensor(-0.0821, device='cuda:0')
[Step 26] PGD Update - Time: 0.0012s, Mem: 0.00 B

[Step 26] 完整步骤总时间: 18.747049s | 总显存: 0.00 B
[Step 26] 峰值显存: 6.22 GB

[Step 27] ============ 详细性能分析 ============
[模型部分] 总时间: 6.569555s | 显存: 4.12 GB

[0-9秒 PDE求解详细性能]
  t=0s - 时间: 0.000000s | 显存: 0.00 B
  t=1s - 时间: 0.404917s | 显存: 0.00 B
  t=2s - 时间: 0.479024s | 显存: 0.00 B
  t=3s - 时间: 0.561676s | 显存: 0.00 B
  t=4s - 时间: 0.651841s | 显存: 0.00 B
  t=5s - 时间: 0.716147s | 显存: 0.00 B
  t=6s - 时间: 0.844681s | 显存: 0.00 B
  t=7s - 时间: 0.900770s | 显存: 0.00 B
  t=8s - 时间: 0.956849s | 显存: 0.00 B
  t=9s - 时间: 1.032289s | 显存: 0.00 B

[19秒 PDE求解]
  t=19.0s - 时间: 1.881230s | 显存: 0.00 B

[PDE求解部分] 总时间: 1.881639s | 显存: 0.00 B

[本步骤总计] 时间: 8.451193s | 显存: 4.12 GB
orginal_loss:  tensor(8777.9951, device='cuda:0', grad_fn=<MseLossBackward0>)
[Step 27] Backward Propagation - Time: 10.1608s, Mem: -4413235200.00 B
x_adv.requires_grad:  True
pred_19.requires_grad, true_19.requires_grad:  True True
Autograd grad max:  tensor(142.2199, device='cuda:0')
Autograd grad min:  tensor(-127.0570, device='cuda:0')
Autograd grad mean:  tensor(-0.1124, device='cuda:0')
[Step 27] PGD Update - Time: 0.0011s, Mem: 0.00 B

[Step 27] 完整步骤总时间: 18.617228s | 总显存: 0.00 B
[Step 27] 峰值显存: 6.22 GB

[Step 28] ============ 详细性能分析 ============
[模型部分] 总时间: 6.653683s | 显存: 4.12 GB

[0-9秒 PDE求解详细性能]
  t=0s - 时间: 0.000000s | 显存: 0.00 B
  t=1s - 时间: 0.429002s | 显存: 0.00 B
  t=2s - 时间: 0.500597s | 显存: 0.00 B
  t=3s - 时间: 0.551223s | 显存: 0.00 B
  t=4s - 时间: 0.633423s | 显存: 0.00 B
  t=5s - 时间: 0.708421s | 显存: 0.00 B
  t=6s - 时间: 0.835673s | 显存: 0.00 B
  t=7s - 时间: 0.900642s | 显存: 0.00 B
  t=8s - 时间: 0.991497s | 显存: 0.00 B
  t=9s - 时间: 1.081852s | 显存: 0.00 B

[19秒 PDE求解]
  t=19.0s - 时间: 1.867837s | 显存: 0.00 B

[PDE求解部分] 总时间: 1.868180s | 显存: 0.00 B

[本步骤总计] 时间: 8.521863s | 显存: 4.12 GB
orginal_loss:  tensor(10860.6445, device='cuda:0', grad_fn=<MseLossBackward0>)
[Step 28] Backward Propagation - Time: 10.2271s, Mem: -4413235200.00 B
x_adv.requires_grad:  True
pred_19.requires_grad, true_19.requires_grad:  True True
Autograd grad max:  tensor(154.0811, device='cuda:0')
Autograd grad min:  tensor(-136.7083, device='cuda:0')
Autograd grad mean:  tensor(-0.1483, device='cuda:0')
[Step 28] PGD Update - Time: 0.0013s, Mem: 0.00 B

[Step 28] 完整步骤总时间: 18.754788s | 总显存: 0.00 B
[Step 28] 峰值显存: 6.22 GB

[Step 29] ============ 详细性能分析 ============
[模型部分] 总时间: 6.827825s | 显存: 4.12 GB

[0-9秒 PDE求解详细性能]
  t=0s - 时间: 0.000000s | 显存: 0.00 B
  t=1s - 时间: 0.440394s | 显存: 0.00 B
  t=2s - 时间: 0.497950s | 显存: 0.00 B
  t=3s - 时间: 0.611738s | 显存: 0.00 B
  t=4s - 时间: 0.672255s | 显存: 0.00 B
  t=5s - 时间: 0.786216s | 显存: 0.00 B
  t=6s - 时间: 0.862279s | 显存: 0.00 B
  t=7s - 时间: 0.907141s | 显存: 0.00 B
  t=8s - 时间: 0.974820s | 显存: 0.00 B
  t=9s - 时间: 1.053933s | 显存: 0.00 B

[19秒 PDE求解]
  t=19.0s - 时间: 1.825682s | 显存: 0.00 B

[PDE求解部分] 总时间: 1.826040s | 显存: 0.00 B

[本步骤总计] 时间: 8.653865s | 显存: 4.12 GB
orginal_loss:  tensor(12372.4355, device='cuda:0', grad_fn=<MseLossBackward0>)
[Step 29] Backward Propagation - Time: 10.2587s, Mem: -4413235200.00 B
x_adv.requires_grad:  True
pred_19.requires_grad, true_19.requires_grad:  True True
Autograd grad max:  tensor(154.2365, device='cuda:0')
Autograd grad min:  tensor(-132.3739, device='cuda:0')
Autograd grad mean:  tensor(-0.1618, device='cuda:0')
[Step 29] PGD Update - Time: 0.0012s, Mem: 0.00 B

[Step 29] 完整步骤总时间: 18.918090s | 总显存: 0.00 B
[Step 29] 峰值显存: 6.22 GB

[Step 30] ============ 详细性能分析 ============
[模型部分] 总时间: 6.679308s | 显存: 4.12 GB

[0-9秒 PDE求解详细性能]
  t=0s - 时间: 0.000000s | 显存: 0.00 B
  t=1s - 时间: 0.463511s | 显存: 0.00 B
  t=2s - 时间: 0.489585s | 显存: 0.00 B
  t=3s - 时间: 0.595592s | 显存: 0.00 B
  t=4s - 时间: 0.652810s | 显存: 0.00 B
  t=5s - 时间: 0.726567s | 显存: 0.00 B
  t=6s - 时间: 0.794551s | 显存: 0.00 B
  t=7s - 时间: 0.898166s | 显存: 0.00 B
  t=8s - 时间: 0.964572s | 显存: 0.00 B
  t=9s - 时间: 1.072826s | 显存: 0.00 B

[19秒 PDE求解]
  t=19.0s - 时间: 1.835029s | 显存: 0.00 B

[PDE求解部分] 总时间: 1.835434s | 显存: 0.00 B

[本步骤总计] 时间: 8.514742s | 显存: 4.12 GB
orginal_loss:  tensor(12504.3789, device='cuda:0', grad_fn=<MseLossBackward0>)
[Step 30] Backward Propagation - Time: 10.2516s, Mem: -4413235200.00 B
x_adv.requires_grad:  True
pred_19.requires_grad, true_19.requires_grad:  True True
Autograd grad max:  tensor(150.0058, device='cuda:0')
Autograd grad min:  tensor(-126.8586, device='cuda:0')
Autograd grad mean:  tensor(-0.1755, device='cuda:0')
[Step 30] PGD Update - Time: 0.0011s, Mem: 0.00 B

[Step 30] 完整步骤总时间: 18.771548s | 总显存: 0.00 B
[Step 30] 峰值显存: 6.22 GB

[Step 31] ============ 详细性能分析 ============
[模型部分] 总时间: 6.785445s | 显存: 4.12 GB

[0-9秒 PDE求解详细性能]
  t=0s - 时间: 0.000000s | 显存: 0.00 B
  t=1s - 时间: 0.452701s | 显存: 0.00 B
  t=2s - 时间: 0.507552s | 显存: 0.00 B
  t=3s - 时间: 0.580890s | 显存: 0.00 B
  t=4s - 时间: 0.643754s | 显存: 0.00 B
  t=5s - 时间: 0.726329s | 显存: 0.00 B
  t=6s - 时间: 0.839809s | 显存: 0.00 B
  t=7s - 时间: 0.908250s | 显存: 0.00 B
  t=8s - 时间: 1.003790s | 显存: 0.00 B
  t=9s - 时间: 1.100887s | 显存: 0.00 B

[19秒 PDE求解]
  t=19.0s - 时间: 1.846123s | 显存: 0.00 B

[PDE求解部分] 总时间: 1.846464s | 显存: 0.00 B

[本步骤总计] 时间: 8.631909s | 显存: 4.12 GB
orginal_loss:  tensor(11953.5859, device='cuda:0', grad_fn=<MseLossBackward0>)
[Step 31] Backward Propagation - Time: 9.9824s, Mem: -4413235200.00 B
x_adv.requires_grad:  True
pred_19.requires_grad, true_19.requires_grad:  True True
Autograd grad max:  tensor(143.1096, device='cuda:0')
Autograd grad min:  tensor(-121.0737, device='cuda:0')
Autograd grad mean:  tensor(-0.1802, device='cuda:0')
[Step 31] PGD Update - Time: 0.0012s, Mem: 0.00 B

[Step 31] 完整步骤总时间: 18.619881s | 总显存: 0.00 B
[Step 31] 峰值显存: 6.22 GB

[Step 32] ============ 详细性能分析 ============
[模型部分] 总时间: 6.676603s | 显存: 4.12 GB

[0-9秒 PDE求解详细性能]
  t=0s - 时间: 0.000000s | 显存: 0.00 B
  t=1s - 时间: 0.429336s | 显存: 0.00 B
  t=2s - 时间: 0.473399s | 显存: 0.00 B
  t=3s - 时间: 0.551722s | 显存: 0.00 B
  t=4s - 时间: 0.643432s | 显存: 0.00 B
  t=5s - 时间: 0.751771s | 显存: 0.00 B
  t=6s - 时间: 0.845235s | 显存: 0.00 B
  t=7s - 时间: 0.927784s | 显存: 0.00 B
  t=8s - 时间: 0.979278s | 显存: 0.00 B
  t=9s - 时间: 1.053561s | 显存: 0.00 B

[19秒 PDE求解]
  t=19.0s - 时间: 1.864435s | 显存: 0.00 B

[PDE求解部分] 总时间: 1.864786s | 显存: 0.00 B

[本步骤总计] 时间: 8.541389s | 显存: 4.12 GB
orginal_loss:  tensor(11173.0225, device='cuda:0', grad_fn=<MseLossBackward0>)
[Step 32] Backward Propagation - Time: 10.2973s, Mem: -4413235200.00 B
x_adv.requires_grad:  True
pred_19.requires_grad, true_19.requires_grad:  True True
Autograd grad max:  tensor(134.7949, device='cuda:0')
Autograd grad min:  tensor(-114.4987, device='cuda:0')
Autograd grad mean:  tensor(-0.1730, device='cuda:0')
[Step 32] PGD Update - Time: 0.0013s, Mem: 0.00 B

[Step 32] 完整步骤总时间: 18.844259s | 总显存: 0.00 B
[Step 32] 峰值显存: 6.22 GB

[Step 33] ============ 详细性能分析 ============
[模型部分] 总时间: 6.757636s | 显存: 4.12 GB

[0-9秒 PDE求解详细性能]
  t=0s - 时间: 0.000000s | 显存: 0.00 B
  t=1s - 时间: 0.434139s | 显存: 0.00 B
  t=2s - 时间: 0.521195s | 显存: 0.00 B
  t=3s - 时间: 0.577829s | 显存: 0.00 B
  t=4s - 时间: 0.644675s | 显存: 0.00 B
  t=5s - 时间: 0.774190s | 显存: 0.00 B
  t=6s - 时间: 0.843465s | 显存: 0.00 B
  t=7s - 时间: 0.895620s | 显存: 0.00 B
  t=8s - 时间: 0.970251s | 显存: 0.00 B
  t=9s - 时间: 1.075079s | 显存: 0.00 B

[19秒 PDE求解]
  t=19.0s - 时间: 1.880953s | 显存: 0.00 B

[PDE求解部分] 总时间: 1.881309s | 显存: 0.00 B

[本步骤总计] 时间: 8.638945s | 显存: 4.12 GB
orginal_loss:  tensor(10308.5225, device='cuda:0', grad_fn=<MseLossBackward0>)
[Step 33] Backward Propagation - Time: 10.2244s, Mem: -4413235200.00 B
x_adv.requires_grad:  True
pred_19.requires_grad, true_19.requires_grad:  True True
Autograd grad max:  tensor(125.4640, device='cuda:0')
Autograd grad min:  tensor(-106.1713, device='cuda:0')
Autograd grad mean:  tensor(-0.1562, device='cuda:0')
[Step 33] PGD Update - Time: 0.0013s, Mem: 0.00 B

[Step 33] 完整步骤总时间: 18.869139s | 总显存: 0.00 B
[Step 33] 峰值显存: 6.22 GB

[Step 34] ============ 详细性能分析 ============
[模型部分] 总时间: 6.751382s | 显存: 4.12 GB

[0-9秒 PDE求解详细性能]
  t=0s - 时间: 0.000000s | 显存: 0.00 B
  t=1s - 时间: 0.421778s | 显存: 0.00 B
  t=2s - 时间: 0.493065s | 显存: 0.00 B
  t=3s - 时间: 0.566332s | 显存: 0.00 B
  t=4s - 时间: 0.653626s | 显存: 0.00 B
  t=5s - 时间: 0.740922s | 显存: 0.00 B
  t=6s - 时间: 0.832451s | 显存: 0.00 B
  t=7s - 时间: 0.922429s | 显存: 0.00 B
  t=8s - 时间: 1.004570s | 显存: 0.00 B
  t=9s - 时间: 1.094914s | 显存: 0.00 B

[19秒 PDE求解]
  t=19.0s - 时间: 1.865277s | 显存: 0.00 B

[PDE求解部分] 总时间: 1.865714s | 显存: 0.00 B

[本步骤总计] 时间: 8.617096s | 显存: 4.12 GB
orginal_loss:  tensor(9387.9707, device='cuda:0', grad_fn=<MseLossBackward0>)
[Step 34] Backward Propagation - Time: 10.2588s, Mem: -4413235200.00 B
x_adv.requires_grad:  True
pred_19.requires_grad, true_19.requires_grad:  True True
Autograd grad max:  tensor(115.6313, device='cuda:0')
Autograd grad min:  tensor(-96.3397, device='cuda:0')
Autograd grad mean:  tensor(-0.1349, device='cuda:0')
[Step 34] PGD Update - Time: 0.0013s, Mem: 0.00 B

[Step 34] 完整步骤总时间: 18.881675s | 总显存: 0.00 B
[Step 34] 峰值显存: 6.22 GB

[Step 35] ============ 详细性能分析 ============
[模型部分] 总时间: 6.863970s | 显存: 4.12 GB

[0-9秒 PDE求解详细性能]
  t=0s - 时间: 0.000000s | 显存: 0.00 B
  t=1s - 时间: 0.459059s | 显存: 0.00 B
  t=2s - 时间: 0.492843s | 显存: 0.00 B
  t=3s - 时间: 0.572764s | 显存: 0.00 B
  t=4s - 时间: 0.661939s | 显存: 0.00 B
  t=5s - 时间: 0.824573s | 显存: 0.00 B
  t=6s - 时间: 0.820783s | 显存: 0.00 B
  t=7s - 时间: 0.911101s | 显存: 0.00 B
  t=8s - 时间: 1.012560s | 显存: 0.00 B
  t=9s - 时间: 1.086857s | 显存: 0.00 B

[19秒 PDE求解]
  t=19.0s - 时间: 1.847964s | 显存: 0.00 B

[PDE求解部分] 总时间: 1.848328s | 显存: 0.00 B

[本步骤总计] 时间: 8.712298s | 显存: 4.12 GB
orginal_loss:  tensor(8489.5820, device='cuda:0', grad_fn=<MseLossBackward0>)
[Step 35] Backward Propagation - Time: 10.1937s, Mem: -4413235200.00 B
x_adv.requires_grad:  True
pred_19.requires_grad, true_19.requires_grad:  True True
Autograd grad max:  tensor(105.1731, device='cuda:0')
Autograd grad min:  tensor(-94.7862, device='cuda:0')
Autograd grad mean:  tensor(-0.1157, device='cuda:0')
[Step 35] PGD Update - Time: 0.0010s, Mem: 0.00 B

[Step 35] 完整步骤总时间: 18.911500s | 总显存: 0.00 B
[Step 35] 峰值显存: 6.22 GB

[Step 36] ============ 详细性能分析 ============
[模型部分] 总时间: 6.792115s | 显存: 4.12 GB

[0-9秒 PDE求解详细性能]
  t=0s - 时间: 0.000000s | 显存: 0.00 B
  t=1s - 时间: 0.441129s | 显存: 0.00 B
  t=2s - 时间: 0.518963s | 显存: 0.00 B
  t=3s - 时间: 0.589939s | 显存: 0.00 B
  t=4s - 时间: 0.683349s | 显存: 0.00 B
  t=5s - 时间: 0.770876s | 显存: 0.00 B
  t=6s - 时间: 0.833964s | 显存: 0.00 B
  t=7s - 时间: 0.918075s | 显存: 0.00 B
  t=8s - 时间: 0.963604s | 显存: 0.00 B
  t=9s - 时间: 1.051122s | 显存: 0.00 B

[19秒 PDE求解]
  t=19.0s - 时间: 1.881982s | 显存: 0.00 B

[PDE求解部分] 总时间: 1.882350s | 显存: 0.00 B

[本步骤总计] 时间: 8.674464s | 显存: 4.12 GB
orginal_loss:  tensor(7628.5308, device='cuda:0', grad_fn=<MseLossBackward0>)
[Step 36] Backward Propagation - Time: 10.2556s, Mem: -4413235200.00 B
x_adv.requires_grad:  True
pred_19.requires_grad, true_19.requires_grad:  True True
Autograd grad max:  tensor(93.0461, device='cuda:0')
Autograd grad min:  tensor(-95.1210, device='cuda:0')
Autograd grad mean:  tensor(-0.1019, device='cuda:0')
[Step 36] PGD Update - Time: 0.0013s, Mem: 0.00 B

[Step 36] 完整步骤总时间: 18.935523s | 总显存: 0.00 B
[Step 36] 峰值显存: 6.22 GB

[Step 37] ============ 详细性能分析 ============
[模型部分] 总时间: 6.794145s | 显存: 4.12 GB

[0-9秒 PDE求解详细性能]
  t=0s - 时间: 0.000000s | 显存: 0.00 B
  t=1s - 时间: 0.464412s | 显存: 0.00 B
  t=2s - 时间: 0.530812s | 显存: 0.00 B
  t=3s - 时间: 0.557926s | 显存: 0.00 B
  t=4s - 时间: 0.663877s | 显存: 0.00 B
  t=5s - 时间: 0.726754s | 显存: 0.00 B
  t=6s - 时间: 0.824992s | 显存: 0.00 B
  t=7s - 时间: 0.919410s | 显存: 0.00 B
  t=8s - 时间: 0.993548s | 显存: 0.00 B
  t=9s - 时间: 1.091220s | 显存: 0.00 B

[19秒 PDE求解]
  t=19.0s - 时间: 1.881720s | 显存: 0.00 B

[PDE求解部分] 总时间: 1.882057s | 显存: 0.00 B

[本步骤总计] 时间: 8.676202s | 显存: 4.12 GB
orginal_loss:  tensor(6831.0649, device='cuda:0', grad_fn=<MseLossBackward0>)
[Step 37] Backward Propagation - Time: 10.1600s, Mem: -4413235200.00 B
x_adv.requires_grad:  True
pred_19.requires_grad, true_19.requires_grad:  True True
Autograd grad max:  tensor(81.5552, device='cuda:0')
Autograd grad min:  tensor(-94.6561, device='cuda:0')
Autograd grad mean:  tensor(-0.0948, device='cuda:0')
[Step 37] PGD Update - Time: 0.0013s, Mem: 0.00 B

[Step 37] 完整步骤总时间: 18.841634s | 总显存: 0.00 B
[Step 37] 峰值显存: 6.22 GB

[Step 38] ============ 详细性能分析 ============
[模型部分] 总时间: 6.837332s | 显存: 4.12 GB

[0-9秒 PDE求解详细性能]
  t=0s - 时间: 0.000000s | 显存: 0.00 B
  t=1s - 时间: 0.427072s | 显存: 0.00 B
  t=2s - 时间: 0.537252s | 显存: 0.00 B
  t=3s - 时间: 0.624151s | 显存: 0.00 B
  t=4s - 时间: 0.682027s | 显存: 0.00 B
  t=5s - 时间: 0.769198s | 显存: 0.00 B
  t=6s - 时间: 0.820276s | 显存: 0.00 B
  t=7s - 时间: 0.931722s | 显存: 0.00 B
  t=8s - 时间: 0.968584s | 显存: 0.00 B
  t=9s - 时间: 1.055779s | 显存: 0.00 B

[19秒 PDE求解]
  t=19.0s - 时间: 1.871462s | 显存: 0.00 B

[PDE求解部分] 总时间: 1.871885s | 显存: 0.00 B

[本步骤总计] 时间: 8.709217s | 显存: 4.12 GB
orginal_loss:  tensor(6103.9565, device='cuda:0', grad_fn=<MseLossBackward0>)
[Step 38] Backward Propagation - Time: 10.1520s, Mem: -4413235200.00 B
x_adv.requires_grad:  True
pred_19.requires_grad, true_19.requires_grad:  True True
Autograd grad max:  tensor(71.3860, device='cuda:0')
Autograd grad min:  tensor(-93.3268, device='cuda:0')
Autograd grad mean:  tensor(-0.0923, device='cuda:0')
[Step 38] PGD Update - Time: 0.0014s, Mem: 0.00 B

[Step 38] 完整步骤总时间: 18.867150s | 总显存: 0.00 B
[Step 38] 峰值显存: 6.22 GB

[Step 39] ============ 详细性能分析 ============
[模型部分] 总时间: 6.652760s | 显存: 4.12 GB

[0-9秒 PDE求解详细性能]
  t=0s - 时间: 0.000000s | 显存: 0.00 B
  t=1s - 时间: 0.425632s | 显存: 0.00 B
  t=2s - 时间: 0.495843s | 显存: 0.00 B
  t=3s - 时间: 0.564516s | 显存: 0.00 B
  t=4s - 时间: 0.653122s | 显存: 0.00 B
  t=5s - 时间: 0.745514s | 显存: 0.00 B
  t=6s - 时间: 0.813272s | 显存: 0.00 B
  t=7s - 时间: 0.877318s | 显存: 0.00 B
  t=8s - 时间: 0.991364s | 显存: 0.00 B
  t=9s - 时间: 1.064759s | 显存: 0.00 B

[19秒 PDE求解]
  t=19.0s - 时间: 1.868790s | 显存: 0.00 B

[PDE求解部分] 总时间: 1.869166s | 显存: 0.00 B

[本步骤总计] 时间: 8.521926s | 显存: 4.12 GB
orginal_loss:  tensor(5467.2002, device='cuda:0', grad_fn=<MseLossBackward0>)
[Step 39] Backward Propagation - Time: 10.0191s, Mem: -4413235200.00 B
x_adv.requires_grad:  True
pred_19.requires_grad, true_19.requires_grad:  True True
Autograd grad max:  tensor(62.5864, device='cuda:0')
Autograd grad min:  tensor(-92.2016, device='cuda:0')
Autograd grad mean:  tensor(-0.0911, device='cuda:0')
[Step 39] PGD Update - Time: 0.0012s, Mem: 0.00 B

[Step 39] 完整步骤总时间: 18.546583s | 总显存: 0.00 B
[Step 39] 峰值显存: 6.22 GB

[Step 40] ============ 详细性能分析 ============
[模型部分] 总时间: 6.679406s | 显存: 4.12 GB

[0-9秒 PDE求解详细性能]
  t=0s - 时间: 0.000000s | 显存: 0.00 B
  t=1s - 时间: 0.426401s | 显存: 0.00 B
  t=2s - 时间: 0.484893s | 显存: 0.00 B
  t=3s - 时间: 0.557469s | 显存: 0.00 B
  t=4s - 时间: 0.649833s | 显存: 0.00 B
  t=5s - 时间: 0.745878s | 显存: 0.00 B
  t=6s - 时间: 0.809726s | 显存: 0.00 B
  t=7s - 时间: 0.914857s | 显存: 0.00 B
  t=8s - 时间: 0.987418s | 显存: 0.00 B
  t=9s - 时间: 1.081635s | 显存: 0.00 B

[19秒 PDE求解]
  t=19.0s - 时间: 1.859318s | 显存: 0.00 B

[PDE求解部分] 总时间: 1.859687s | 显存: 0.00 B

[本步骤总计] 时间: 8.539093s | 显存: 4.12 GB
orginal_loss:  tensor(4903.3789, device='cuda:0', grad_fn=<MseLossBackward0>)
[Step 40] Backward Propagation - Time: 10.0486s, Mem: -4413235200.00 B
x_adv.requires_grad:  True
pred_19.requires_grad, true_19.requires_grad:  True True
Autograd grad max:  tensor(54.9325, device='cuda:0')
Autograd grad min:  tensor(-92.2607, device='cuda:0')
Autograd grad mean:  tensor(-0.0897, device='cuda:0')
[Step 40] PGD Update - Time: 0.0011s, Mem: 0.00 B

[Step 40] 完整步骤总时间: 18.593775s | 总显存: 0.00 B
[Step 40] 峰值显存: 6.22 GB

[Step 41] ============ 详细性能分析 ============
[模型部分] 总时间: 6.830626s | 显存: 4.12 GB

[0-9秒 PDE求解详细性能]
  t=0s - 时间: 0.000000s | 显存: 0.00 B
  t=1s - 时间: 0.428267s | 显存: 0.00 B
  t=2s - 时间: 0.538947s | 显存: 0.00 B
  t=3s - 时间: 0.616070s | 显存: 0.00 B
  t=4s - 时间: 0.664637s | 显存: 0.00 B
  t=5s - 时间: 0.767134s | 显存: 0.00 B
  t=6s - 时间: 0.857488s | 显存: 0.00 B
  t=7s - 时间: 0.916663s | 显存: 0.00 B
  t=8s - 时间: 0.969568s | 显存: 0.00 B
  t=9s - 时间: 1.050388s | 显存: 0.00 B

[19秒 PDE求解]
  t=19.0s - 时间: 1.886866s | 显存: 0.00 B

[PDE求解部分] 总时间: 1.887224s | 显存: 0.00 B

[本步骤总计] 时间: 8.717850s | 显存: 4.12 GB
orginal_loss:  tensor(4443.0942, device='cuda:0', grad_fn=<MseLossBackward0>)
[Step 41] Backward Propagation - Time: 10.1743s, Mem: -4413235200.00 B
x_adv.requires_grad:  True
pred_19.requires_grad, true_19.requires_grad:  True True
Autograd grad max:  tensor(59.0525, device='cuda:0')
Autograd grad min:  tensor(-96.2394, device='cuda:0')
Autograd grad mean:  tensor(-0.0883, device='cuda:0')
[Step 41] PGD Update - Time: 0.0013s, Mem: 0.00 B

[Step 41] 完整步骤总时间: 18.897963s | 总显存: 0.00 B
[Step 41] 峰值显存: 6.22 GB

[Step 42] ============ 详细性能分析 ============
[模型部分] 总时间: 6.805256s | 显存: 4.12 GB

[0-9秒 PDE求解详细性能]
  t=0s - 时间: 0.000000s | 显存: 0.00 B
  t=1s - 时间: 0.452607s | 显存: 0.00 B
  t=2s - 时间: 0.521334s | 显存: 0.00 B
  t=3s - 时间: 0.610407s | 显存: 0.00 B
  t=4s - 时间: 0.673817s | 显存: 0.00 B
  t=5s - 时间: 0.772975s | 显存: 0.00 B
  t=6s - 时间: 0.842254s | 显存: 0.00 B
  t=7s - 时间: 0.919464s | 显存: 0.00 B
  t=8s - 时间: 0.955466s | 显存: 0.00 B
  t=9s - 时间: 1.035886s | 显存: 0.00 B

[19秒 PDE求解]
  t=19.0s - 时间: 1.882863s | 显存: 0.00 B

[PDE求解部分] 总时间: 1.883226s | 显存: 0.00 B

[本步骤总计] 时间: 8.688482s | 显存: 4.12 GB
orginal_loss:  tensor(4156.3564, device='cuda:0', grad_fn=<MseLossBackward0>)
[Step 42] Backward Propagation - Time: 10.0592s, Mem: -4413235200.00 B
x_adv.requires_grad:  True
pred_19.requires_grad, true_19.requires_grad:  True True
Autograd grad max:  tensor(68.2735, device='cuda:0')
Autograd grad min:  tensor(-102.5518, device='cuda:0')
Autograd grad mean:  tensor(-0.0817, device='cuda:0')
[Step 42] PGD Update - Time: 0.0013s, Mem: 0.00 B

[Step 42] 完整步骤总时间: 18.753195s | 总显存: 0.00 B
[Step 42] 峰值显存: 6.22 GB

[Step 43] ============ 详细性能分析 ============
[模型部分] 总时间: 6.784696s | 显存: 4.12 GB

[0-9秒 PDE求解详细性能]
  t=0s - 时间: 0.000000s | 显存: 0.00 B
  t=1s - 时间: 0.449780s | 显存: 0.00 B
  t=2s - 时间: 0.503898s | 显存: 0.00 B
  t=3s - 时间: 0.600255s | 显存: 0.00 B
  t=4s - 时间: 0.686110s | 显存: 0.00 B
  t=5s - 时间: 0.766486s | 显存: 0.00 B
  t=6s - 时间: 0.851927s | 显存: 0.00 B
  t=7s - 时间: 0.881189s | 显存: 0.00 B
  t=8s - 时间: 0.958332s | 显存: 0.00 B
  t=9s - 时间: 1.065551s | 显存: 0.00 B

[19秒 PDE求解]
  t=19.0s - 时间: 1.857876s | 显存: 0.00 B

[PDE求解部分] 总时间: 1.858242s | 显存: 0.00 B

[本步骤总计] 时间: 8.642938s | 显存: 4.12 GB
orginal_loss:  tensor(3531.6658, device='cuda:0', grad_fn=<MseLossBackward0>)
[Step 43] Backward Propagation - Time: 15.7115s, Mem: -4413235200.00 B
x_adv.requires_grad:  True
pred_19.requires_grad, true_19.requires_grad:  True True
Autograd grad max:  tensor(65.4862, device='cuda:0')
Autograd grad min:  tensor(-95.6641, device='cuda:0')
Autograd grad mean:  tensor(-0.0486, device='cuda:0')
[Step 43] PGD Update - Time: 0.0012s, Mem: 0.00 B

[Step 43] 完整步骤总时间: 24.359824s | 总显存: 0.00 B
[Step 43] 峰值显存: 6.22 GB

[Step 44] ============ 详细性能分析 ============
[模型部分] 总时间: 6.873323s | 显存: 4.12 GB

[0-9秒 PDE求解详细性能]
  t=0s - 时间: 0.000000s | 显存: 0.00 B
  t=1s - 时间: 0.470783s | 显存: 0.00 B
  t=2s - 时间: 0.530564s | 显存: 0.00 B
  t=3s - 时间: 0.579250s | 显存: 0.00 B
  t=4s - 时间: 0.658453s | 显存: 0.00 B
  t=5s - 时间: 0.751048s | 显存: 0.00 B
  t=6s - 时间: 0.853114s | 显存: 0.00 B
  t=7s - 时间: 0.932326s | 显存: 0.00 B
  t=8s - 时间: 1.010016s | 显存: 0.00 B
  t=9s - 时间: 1.066385s | 显存: 0.00 B

[19秒 PDE求解]
  t=19.0s - 时间: 1.899420s | 显存: 0.00 B

[PDE求解部分] 总时间: 1.899758s | 显存: 0.00 B

[本步骤总计] 时间: 8.773082s | 显存: 4.12 GB
orginal_loss:  tensor(2780.2571, device='cuda:0', grad_fn=<MseLossBackward0>)
[Step 44] Backward Propagation - Time: 10.1883s, Mem: -4413235200.00 B
x_adv.requires_grad:  True
pred_19.requires_grad, true_19.requires_grad:  True True
Autograd grad max:  tensor(54.2194, device='cuda:0')
Autograd grad min:  tensor(-81.5667, device='cuda:0')
Autograd grad mean:  tensor(-0.0145, device='cuda:0')
[Step 44] PGD Update - Time: 0.0014s, Mem: 0.00 B

[Step 44] 完整步骤总时间: 18.967108s | 总显存: 0.00 B
[Step 44] 峰值显存: 6.22 GB

[Step 45] ============ 详细性能分析 ============
[模型部分] 总时间: 6.710047s | 显存: 4.12 GB

[0-9秒 PDE求解详细性能]
  t=0s - 时间: 0.000000s | 显存: 0.00 B
  t=1s - 时间: 0.426814s | 显存: 0.00 B
  t=2s - 时间: 0.500290s | 显存: 0.00 B
  t=3s - 时间: 0.599853s | 显存: 0.00 B
  t=4s - 时间: 0.678001s | 显存: 0.00 B
  t=5s - 时间: 0.737583s | 显存: 0.00 B
  t=6s - 时间: 0.850183s | 显存: 0.00 B
  t=7s - 时间: 0.911016s | 显存: 0.00 B
  t=8s - 时间: 0.945960s | 显存: 0.00 B
  t=9s - 时间: 1.039242s | 显存: 0.00 B

[19秒 PDE求解]
  t=19.0s - 时间: 1.873193s | 显存: 0.00 B

[PDE求解部分] 总时间: 1.873560s | 显存: 0.00 B

[本步骤总计] 时间: 8.583606s | 显存: 4.12 GB
orginal_loss:  tensor(3427.7356, device='cuda:0', grad_fn=<MseLossBackward0>)
[Step 45] Backward Propagation - Time: 10.1267s, Mem: -4413235200.00 B
x_adv.requires_grad:  True
pred_19.requires_grad, true_19.requires_grad:  True True
Autograd grad max:  tensor(71.8484, device='cuda:0')
Autograd grad min:  tensor(-99.5292, device='cuda:0')
Autograd grad mean:  tensor(0.0186, device='cuda:0')
[Step 45] PGD Update - Time: 0.0013s, Mem: 0.00 B

[Step 45] 完整步骤总时间: 18.715781s | 总显存: 0.00 B
[Step 45] 峰值显存: 6.22 GB

[Step 46] ============ 详细性能分析 ============
[模型部分] 总时间: 6.686137s | 显存: 4.12 GB

[0-9秒 PDE求解详细性能]
  t=0s - 时间: 0.000000s | 显存: 0.00 B
  t=1s - 时间: 0.434118s | 显存: 0.00 B
  t=2s - 时间: 0.508096s | 显存: 0.00 B
  t=3s - 时间: 0.574418s | 显存: 0.00 B
  t=4s - 时间: 0.652043s | 显存: 0.00 B
  t=5s - 时间: 0.731690s | 显存: 0.00 B
  t=6s - 时间: 0.820733s | 显存: 0.00 B
  t=7s - 时间: 0.892645s | 显存: 0.00 B
  t=8s - 时间: 0.972548s | 显存: 0.00 B
  t=9s - 时间: 1.078736s | 显存: 0.00 B

[19秒 PDE求解]
  t=19.0s - 时间: 1.861089s | 显存: 0.00 B

[PDE求解部分] 总时间: 1.861419s | 显存: 0.00 B

[本步骤总计] 时间: 8.547555s | 显存: 4.12 GB
orginal_loss:  tensor(3199.1191, device='cuda:0', grad_fn=<MseLossBackward0>)
[Step 46] Backward Propagation - Time: 10.2371s, Mem: -4413235200.00 B
x_adv.requires_grad:  True
pred_19.requires_grad, true_19.requires_grad:  True True
Autograd grad max:  tensor(68.6074, device='cuda:0')
Autograd grad min:  tensor(-88.3829, device='cuda:0')
Autograd grad mean:  tensor(0.0376, device='cuda:0')
[Step 46] PGD Update - Time: 0.0012s, Mem: 0.00 B

[Step 46] 完整步骤总时间: 18.789949s | 总显存: 0.00 B
[Step 46] 峰值显存: 6.22 GB

[Step 47] ============ 详细性能分析 ============
[模型部分] 总时间: 6.682591s | 显存: 4.12 GB

[0-9秒 PDE求解详细性能]
  t=0s - 时间: 0.000000s | 显存: 0.00 B
  t=1s - 时间: 0.420779s | 显存: 0.00 B
  t=2s - 时间: 0.488520s | 显存: 0.00 B
  t=3s - 时间: 0.588986s | 显存: 0.00 B
  t=4s - 时间: 0.688804s | 显存: 0.00 B
  t=5s - 时间: 0.755603s | 显存: 0.00 B
  t=6s - 时间: 0.834056s | 显存: 0.00 B
  t=7s - 时间: 0.878896s | 显存: 0.00 B
  t=8s - 时间: 0.951811s | 显存: 0.00 B
  t=9s - 时间: 1.053813s | 显存: 0.00 B

[19秒 PDE求解]
  t=19.0s - 时间: 1.875159s | 显存: 0.00 B

[PDE求解部分] 总时间: 1.875588s | 显存: 0.00 B

[本步骤总计] 时间: 8.558179s | 显存: 4.12 GB
orginal_loss:  tensor(3776.4460, device='cuda:0', grad_fn=<MseLossBackward0>)
[Step 47] Backward Propagation - Time: 10.1857s, Mem: -4413235200.00 B
x_adv.requires_grad:  True
pred_19.requires_grad, true_19.requires_grad:  True True
Autograd grad max:  tensor(56.2202, device='cuda:0')
Autograd grad min:  tensor(-65.1118, device='cuda:0')
Autograd grad mean:  tensor(0.0325, device='cuda:0')
[Step 47] PGD Update - Time: 0.0014s, Mem: 0.00 B

[Step 47] 完整步骤总时间: 18.749686s | 总显存: 0.00 B
[Step 47] 峰值显存: 6.22 GB

[Step 48] ============ 详细性能分析 ============
[模型部分] 总时间: 6.660545s | 显存: 4.12 GB

[0-9秒 PDE求解详细性能]
  t=0s - 时间: 0.000000s | 显存: 0.00 B
  t=1s - 时间: 0.427494s | 显存: 0.00 B
  t=2s - 时间: 0.511674s | 显存: 0.00 B
  t=3s - 时间: 0.600107s | 显存: 0.00 B
  t=4s - 时间: 0.657003s | 显存: 0.00 B
  t=5s - 时间: 0.739772s | 显存: 0.00 B
  t=6s - 时间: 0.819726s | 显存: 0.00 B
  t=7s - 时间: 0.877967s | 显存: 0.00 B
  t=8s - 时间: 0.955979s | 显存: 0.00 B
  t=9s - 时间: 1.049334s | 显存: 0.00 B

[19秒 PDE求解]
  t=19.0s - 时间: 1.879525s | 显存: 0.00 B

[PDE求解部分] 总时间: 1.879865s | 显存: 0.00 B

[本步骤总计] 时间: 8.540410s | 显存: 4.12 GB
orginal_loss:  tensor(4381.2168, device='cuda:0', grad_fn=<MseLossBackward0>)
[Step 48] Backward Propagation - Time: 9.9948s, Mem: -4413235200.00 B
x_adv.requires_grad:  True
pred_19.requires_grad, true_19.requires_grad:  True True
Autograd grad max:  tensor(82.5249, device='cuda:0')
Autograd grad min:  tensor(-74.2973, device='cuda:0')
Autograd grad mean:  tensor(0.0024, device='cuda:0')
[Step 48] PGD Update - Time: 0.0013s, Mem: 0.00 B

[Step 48] 完整步骤总时间: 18.543268s | 总显存: 0.00 B
[Step 48] 峰值显存: 6.22 GB

[Step 49] ============ 详细性能分析 ============
[模型部分] 总时间: 6.648098s | 显存: 4.12 GB

[0-9秒 PDE求解详细性能]
  t=0s - 时间: 0.000000s | 显存: 0.00 B
  t=1s - 时间: 0.439592s | 显存: 0.00 B
  t=2s - 时间: 0.509593s | 显存: 0.00 B
  t=3s - 时间: 0.571672s | 显存: 0.00 B
  t=4s - 时间: 0.641666s | 显存: 0.00 B
  t=5s - 时间: 0.731841s | 显存: 0.00 B
  t=6s - 时间: 0.817610s | 显存: 0.00 B
  t=7s - 时间: 0.885231s | 显存: 0.00 B
  t=8s - 时间: 0.986308s | 显存: 0.00 B
  t=9s - 时间: 1.043240s | 显存: 0.00 B

[19秒 PDE求解]
  t=19.0s - 时间: 1.866371s | 显存: 0.00 B

[PDE求解部分] 总时间: 1.866714s | 显存: 0.00 B

[本步骤总计] 时间: 8.514811s | 显存: 4.12 GB
orginal_loss:  tensor(4124.8682, device='cuda:0', grad_fn=<MseLossBackward0>)
[Step 49] Backward Propagation - Time: 10.1765s, Mem: -4413235200.00 B
x_adv.requires_grad:  True
pred_19.requires_grad, true_19.requires_grad:  True True
Autograd grad max:  tensor(94.4373, device='cuda:0')
Autograd grad min:  tensor(-74.1565, device='cuda:0')
Autograd grad mean:  tensor(-0.0415, device='cuda:0')
[Step 49] PGD Update - Time: 0.0013s, Mem: 0.00 B

[Step 49] 完整步骤总时间: 18.697446s | 总显存: 0.00 B
[Step 49] 峰值显存: 6.22 GB

[Step 50] ============ 详细性能分析 ============
[模型部分] 总时间: 6.656476s | 显存: 4.12 GB

[0-9秒 PDE求解详细性能]
  t=0s - 时间: 0.000000s | 显存: 0.00 B
  t=1s - 时间: 0.431863s | 显存: 0.00 B
  t=2s - 时间: 0.512271s | 显存: 0.00 B
  t=3s - 时间: 0.568378s | 显存: 0.00 B
  t=4s - 时间: 0.641592s | 显存: 0.00 B
  t=5s - 时间: 0.732363s | 显存: 0.00 B
  t=6s - 时间: 0.853595s | 显存: 0.00 B
  t=7s - 时间: 0.889038s | 显存: 0.00 B
  t=8s - 时间: 0.958642s | 显存: 0.00 B
  t=9s - 时间: 1.047626s | 显存: 0.00 B

[19秒 PDE求解]
  t=19.0s - 时间: 1.849088s | 显存: 0.00 B

[PDE求解部分] 总时间: 1.849432s | 显存: 0.00 B

[本步骤总计] 时间: 8.505909s | 显存: 4.12 GB
orginal_loss:  tensor(5815.1621, device='cuda:0', grad_fn=<MseLossBackward0>)
[Step 50] Backward Propagation - Time: 10.0433s, Mem: -4413235200.00 B
x_adv.requires_grad:  True
pred_19.requires_grad, true_19.requires_grad:  True True
Autograd grad max:  tensor(115.1608, device='cuda:0')
Autograd grad min:  tensor(-76.0947, device='cuda:0')
Autograd grad mean:  tensor(-0.0413, device='cuda:0')
[Step 50] PGD Update - Time: 0.0013s, Mem: 0.00 B

[Step 50] 完整步骤总时间: 18.554844s | 总显存: 0.00 B
[Step 50] 峰值显存: 6.22 GB

[Step 51] ============ 详细性能分析 ============
[模型部分] 总时间: 6.613858s | 显存: 4.12 GB

[0-9秒 PDE求解详细性能]
  t=0s - 时间: 0.000000s | 显存: 0.00 B
  t=1s - 时间: 0.433559s | 显存: 0.00 B
  t=2s - 时间: 0.478285s | 显存: 0.00 B
  t=3s - 时间: 0.566605s | 显存: 0.00 B
  t=4s - 时间: 0.633163s | 显存: 0.00 B
  t=5s - 时间: 0.723116s | 显存: 0.00 B
  t=6s - 时间: 0.813372s | 显存: 0.00 B
  t=7s - 时间: 0.895643s | 显存: 0.00 B
  t=8s - 时间: 0.973208s | 显存: 0.00 B
  t=9s - 时间: 1.075670s | 显存: 0.00 B

[19秒 PDE求解]
  t=19.0s - 时间: 1.859221s | 显存: 0.00 B

[PDE求解部分] 总时间: 1.859597s | 显存: 0.00 B

[本步骤总计] 时间: 8.473454s | 显存: 4.12 GB
orginal_loss:  tensor(7142.4307, device='cuda:0', grad_fn=<MseLossBackward0>)
[Step 51] Backward Propagation - Time: 10.1745s, Mem: -4413235200.00 B
x_adv.requires_grad:  True
pred_19.requires_grad, true_19.requires_grad:  True True
Autograd grad max:  tensor(131.6505, device='cuda:0')
Autograd grad min:  tensor(-108.5432, device='cuda:0')
Autograd grad mean:  tensor(-0.0838, device='cuda:0')
[Step 51] PGD Update - Time: 0.0013s, Mem: 0.00 B

[Step 51] 完整步骤总时间: 18.653681s | 总显存: 0.00 B
[Step 51] 峰值显存: 6.22 GB

[Step 52] ============ 详细性能分析 ============
[模型部分] 总时间: 6.755684s | 显存: 4.12 GB

[0-9秒 PDE求解详细性能]
  t=0s - 时间: 0.000000s | 显存: 0.00 B
  t=1s - 时间: 0.439454s | 显存: 0.00 B
  t=2s - 时间: 0.485049s | 显存: 0.00 B
  t=3s - 时间: 0.594517s | 显存: 0.00 B
  t=4s - 时间: 0.696218s | 显存: 0.00 B
  t=5s - 时间: 0.762091s | 显存: 0.00 B
  t=6s - 时间: 0.839204s | 显存: 0.00 B
  t=7s - 时间: 0.881445s | 显存: 0.00 B
  t=8s - 时间: 0.965783s | 显存: 0.00 B
  t=9s - 时间: 1.070701s | 显存: 0.00 B

[19秒 PDE求解]
  t=19.0s - 时间: 1.840659s | 显存: 0.00 B

[PDE求解部分] 总时间: 1.841020s | 显存: 0.00 B

[本步骤总计] 时间: 8.596704s | 显存: 4.12 GB
orginal_loss:  tensor(9148.1543, device='cuda:0', grad_fn=<MseLossBackward0>)
[Step 52] Backward Propagation - Time: 9.9918s, Mem: -4413235200.00 B
x_adv.requires_grad:  True
pred_19.requires_grad, true_19.requires_grad:  True True
Autograd grad max:  tensor(144.8543, device='cuda:0')
Autograd grad min:  tensor(-129.6302, device='cuda:0')
Autograd grad mean:  tensor(-0.1194, device='cuda:0')
[Step 52] PGD Update - Time: 0.0012s, Mem: 0.00 B

[Step 52] 完整步骤总时间: 18.594101s | 总显存: 0.00 B
[Step 52] 峰值显存: 6.22 GB

[Step 53] ============ 详细性能分析 ============
[模型部分] 总时间: 6.748961s | 显存: 4.12 GB

[0-9秒 PDE求解详细性能]
  t=0s - 时间: 0.000000s | 显存: 0.00 B
  t=1s - 时间: 0.422159s | 显存: 0.00 B
  t=2s - 时间: 0.475579s | 显存: 0.00 B
  t=3s - 时间: 0.561532s | 显存: 0.00 B
  t=4s - 时间: 0.661000s | 显存: 0.00 B
  t=5s - 时间: 0.758787s | 显存: 0.00 B
  t=6s - 时间: 0.835724s | 显存: 0.00 B
  t=7s - 时间: 0.910663s | 显存: 0.00 B
  t=8s - 时间: 1.007713s | 显存: 0.00 B
  t=9s - 时间: 1.094750s | 显存: 0.00 B

[19秒 PDE求解]
  t=19.0s - 时间: 1.877355s | 显存: 0.00 B

[PDE求解部分] 总时间: 1.877708s | 显存: 0.00 B

[本步骤总计] 时间: 8.626669s | 显存: 4.12 GB
orginal_loss:  tensor(11248.8955, device='cuda:0', grad_fn=<MseLossBackward0>)
[Step 53] Backward Propagation - Time: 10.2807s, Mem: -4413235200.00 B
x_adv.requires_grad:  True
pred_19.requires_grad, true_19.requires_grad:  True True
Autograd grad max:  tensor(155.1001, device='cuda:0')
Autograd grad min:  tensor(-136.9862, device='cuda:0')
Autograd grad mean:  tensor(-0.1506, device='cuda:0')
[Step 53] PGD Update - Time: 0.0013s, Mem: 0.00 B

[Step 53] 完整步骤总时间: 18.913871s | 总显存: 0.00 B
[Step 53] 峰值显存: 6.22 GB

[Step 54] ============ 详细性能分析 ============
[模型部分] 总时间: 6.712869s | 显存: 4.12 GB

[0-9秒 PDE求解详细性能]
  t=0s - 时间: 0.000000s | 显存: 0.00 B
  t=1s - 时间: 0.449708s | 显存: 0.00 B
  t=2s - 时间: 0.513190s | 显存: 0.00 B
  t=3s - 时间: 0.574043s | 显存: 0.00 B
  t=4s - 时间: 0.677552s | 显存: 0.00 B
  t=5s - 时间: 0.727873s | 显存: 0.00 B
  t=6s - 时间: 0.827782s | 显存: 0.00 B
  t=7s - 时间: 0.881312s | 显存: 0.00 B
  t=8s - 时间: 0.975367s | 显存: 0.00 B
  t=9s - 时间: 1.064890s | 显存: 0.00 B

[19秒 PDE求解]
  t=19.0s - 时间: 1.872160s | 显存: 0.00 B

[PDE求解部分] 总时间: 1.872493s | 显存: 0.00 B

[本步骤总计] 时间: 8.585363s | 显存: 4.12 GB
orginal_loss:  tensor(12550.1045, device='cuda:0', grad_fn=<MseLossBackward0>)
[Step 54] Backward Propagation - Time: 10.2127s, Mem: -4413235200.00 B
x_adv.requires_grad:  True
pred_19.requires_grad, true_19.requires_grad:  True True
Autograd grad max:  tensor(154.1589, device='cuda:0')
Autograd grad min:  tensor(-131.8065, device='cuda:0')
Autograd grad mean:  tensor(-0.1639, device='cuda:0')
[Step 54] PGD Update - Time: 0.0012s, Mem: 0.00 B

[Step 54] 完整步骤总时间: 18.803511s | 总显存: 0.00 B
[Step 54] 峰值显存: 6.22 GB

[Step 55] ============ 详细性能分析 ============
[模型部分] 总时间: 6.718465s | 显存: 4.12 GB

[0-9秒 PDE求解详细性能]
  t=0s - 时间: 0.000000s | 显存: 0.00 B
  t=1s - 时间: 0.440913s | 显存: 0.00 B
  t=2s - 时间: 0.499729s | 显存: 0.00 B
  t=3s - 时间: 0.564695s | 显存: 0.00 B
  t=4s - 时间: 0.681208s | 显存: 0.00 B
  t=5s - 时间: 0.724810s | 显存: 0.00 B
  t=6s - 时间: 0.827583s | 显存: 0.00 B
  t=7s - 时间: 0.910002s | 显存: 0.00 B
  t=8s - 时间: 1.002839s | 显存: 0.00 B
  t=9s - 时间: 1.045603s | 显存: 0.00 B

[19秒 PDE求解]
  t=19.0s - 时间: 1.880268s | 显存: 0.00 B

[PDE求解部分] 总时间: 1.880646s | 显存: 0.00 B

[本步骤总计] 时间: 8.599111s | 显存: 4.12 GB
orginal_loss:  tensor(12533.3594, device='cuda:0', grad_fn=<MseLossBackward0>)
[Step 55] Backward Propagation - Time: 10.2200s, Mem: -4413235200.00 B
x_adv.requires_grad:  True
pred_19.requires_grad, true_19.requires_grad:  True True
Autograd grad max:  tensor(149.5699, device='cuda:0')
Autograd grad min:  tensor(-126.3929, device='cuda:0')
Autograd grad mean:  tensor(-0.1772, device='cuda:0')
[Step 55] PGD Update - Time: 0.0011s, Mem: 0.00 B

[Step 55] 完整步骤总时间: 18.825347s | 总显存: 0.00 B
[Step 55] 峰值显存: 6.22 GB

[Step 56] ============ 详细性能分析 ============
[模型部分] 总时间: 6.597379s | 显存: 4.12 GB

[0-9秒 PDE求解详细性能]
  t=0s - 时间: 0.000000s | 显存: 0.00 B
  t=1s - 时间: 0.422187s | 显存: 0.00 B
  t=2s - 时间: 0.492774s | 显存: 0.00 B
  t=3s - 时间: 0.577995s | 显存: 0.00 B
  t=4s - 时间: 0.659018s | 显存: 0.00 B
  t=5s - 时间: 0.726010s | 显存: 0.00 B
  t=6s - 时间: 0.808862s | 显存: 0.00 B
  t=7s - 时间: 0.887957s | 显存: 0.00 B
  t=8s - 时间: 0.962107s | 显存: 0.00 B
  t=9s - 时间: 1.039453s | 显存: 0.00 B

[19秒 PDE求解]
  t=19.0s - 时间: 1.855306s | 显存: 0.00 B

[PDE求解部分] 总时间: 1.855674s | 显存: 0.00 B

[本步骤总计] 时间: 8.453054s | 显存: 4.12 GB
orginal_loss:  tensor(11923.5557, device='cuda:0', grad_fn=<MseLossBackward0>)
[Step 56] Backward Propagation - Time: 10.2158s, Mem: -4413235200.00 B
x_adv.requires_grad:  True
pred_19.requires_grad, true_19.requires_grad:  True True
Autograd grad max:  tensor(142.4128, device='cuda:0')
Autograd grad min:  tensor(-120.6037, device='cuda:0')
Autograd grad mean:  tensor(-0.1804, device='cuda:0')
[Step 56] PGD Update - Time: 0.0013s, Mem: 0.00 B

[Step 56] 完整步骤总时间: 18.674329s | 总显存: 0.00 B
[Step 56] 峰值显存: 6.22 GB

[Step 57] ============ 详细性能分析 ============
[模型部分] 总时间: 6.689603s | 显存: 4.12 GB

[0-9秒 PDE求解详细性能]
  t=0s - 时间: 0.000000s | 显存: 0.00 B
  t=1s - 时间: 0.441943s | 显存: 0.00 B
  t=2s - 时间: 0.497550s | 显存: 0.00 B
  t=3s - 时间: 0.574577s | 显存: 0.00 B
  t=4s - 时间: 0.638914s | 显存: 0.00 B
  t=5s - 时间: 0.731141s | 显存: 0.00 B
  t=6s - 时间: 0.817221s | 显存: 0.00 B
  t=7s - 时间: 0.887396s | 显存: 0.00 B
  t=8s - 时间: 0.982022s | 显存: 0.00 B
  t=9s - 时间: 1.097619s | 显存: 0.00 B

[19秒 PDE求解]
  t=19.0s - 时间: 1.897463s | 显存: 0.00 B

[PDE求解部分] 总时间: 1.897822s | 显存: 0.00 B

[本步骤总计] 时间: 8.587425s | 显存: 4.12 GB
orginal_loss:  tensor(11115.5039, device='cuda:0', grad_fn=<MseLossBackward0>)
[Step 57] Backward Propagation - Time: 10.2749s, Mem: -4413235200.00 B
x_adv.requires_grad:  True
pred_19.requires_grad, true_19.requires_grad:  True True
Autograd grad max:  tensor(133.9400, device='cuda:0')
Autograd grad min:  tensor(-113.8603, device='cuda:0')
Autograd grad mean:  tensor(-0.1719, device='cuda:0')
[Step 57] PGD Update - Time: 0.0013s, Mem: 0.00 B

[Step 57] 完整步骤总时间: 18.868002s | 总显存: 0.00 B
[Step 57] 峰值显存: 6.22 GB

[Step 58] ============ 详细性能分析 ============
[模型部分] 总时间: 6.786758s | 显存: 4.12 GB

[0-9秒 PDE求解详细性能]
  t=0s - 时间: 0.000000s | 显存: 0.00 B
  t=1s - 时间: 0.451647s | 显存: 0.00 B
  t=2s - 时间: 0.529727s | 显存: 0.00 B
  t=3s - 时间: 0.584462s | 显存: 0.00 B
  t=4s - 时间: 0.695687s | 显存: 0.00 B
  t=5s - 时间: 0.732452s | 显存: 0.00 B
  t=6s - 时间: 0.815891s | 显存: 0.00 B
  t=7s - 时间: 0.907093s | 显存: 0.00 B
  t=8s - 时间: 1.012980s | 显存: 0.00 B
  t=9s - 时间: 1.035623s | 显存: 0.00 B

[19秒 PDE求解]
  t=19.0s - 时间: 1.829665s | 显存: 0.00 B

[PDE求解部分] 总时间: 1.830011s | 显存: 0.00 B

[本步骤总计] 时间: 8.616769s | 显存: 4.12 GB
orginal_loss:  tensor(10230.8604, device='cuda:0', grad_fn=<MseLossBackward0>)
[Step 58] Backward Propagation - Time: 10.0941s, Mem: -4413235200.00 B
x_adv.requires_grad:  True
pred_19.requires_grad, true_19.requires_grad:  True True
Autograd grad max:  tensor(124.4261, device='cuda:0')
Autograd grad min:  tensor(-105.2535, device='cuda:0')
Autograd grad mean:  tensor(-0.1543, device='cuda:0')
[Step 58] PGD Update - Time: 0.0013s, Mem: 0.00 B

[Step 58] 完整步骤总时间: 18.716322s | 总显存: 0.00 B
[Step 58] 峰值显存: 6.22 GB

[Step 59] ============ 详细性能分析 ============
[模型部分] 总时间: 6.643804s | 显存: 4.12 GB

[0-9秒 PDE求解详细性能]
  t=0s - 时间: 0.000000s | 显存: 0.00 B
  t=1s - 时间: 0.446251s | 显存: 0.00 B
  t=2s - 时间: 0.483109s | 显存: 0.00 B
  t=3s - 时间: 0.567248s | 显存: 0.00 B
  t=4s - 时间: 0.648729s | 显存: 0.00 B
  t=5s - 时间: 0.743794s | 显存: 0.00 B
  t=6s - 时间: 0.820752s | 显存: 0.00 B
  t=7s - 时间: 0.883143s | 显存: 0.00 B
  t=8s - 时间: 0.974981s | 显存: 0.00 B
  t=9s - 时间: 1.054620s | 显存: 0.00 B

[19秒 PDE求解]
  t=19.0s - 时间: 1.882454s | 显存: 0.00 B

[PDE求解部分] 总时间: 1.882787s | 显存: 0.00 B

[本步骤总计] 时间: 8.526591s | 显存: 4.12 GB
orginal_loss:  tensor(9301.8252, device='cuda:0', grad_fn=<MseLossBackward0>)
[Step 59] Backward Propagation - Time: 10.0470s, Mem: -4413235200.00 B
x_adv.requires_grad:  True
pred_19.requires_grad, true_19.requires_grad:  True True
Autograd grad max:  tensor(114.5711, device='cuda:0')
Autograd grad min:  tensor(-95.3203, device='cuda:0')
Autograd grad mean:  tensor(-0.1329, device='cuda:0')
[Step 59] PGD Update - Time: 0.0012s, Mem: 0.00 B

[Step 59] 完整步骤总时间: 18.579720s | 总显存: 0.00 B
[Step 59] 峰值显存: 6.22 GB

[Step 60] ============ 详细性能分析 ============
[模型部分] 总时间: 6.657990s | 显存: 4.12 GB

[0-9秒 PDE求解详细性能]
  t=0s - 时间: 0.000000s | 显存: 0.00 B
  t=1s - 时间: 0.403142s | 显存: 0.00 B
  t=2s - 时间: 0.475070s | 显存: 0.00 B
  t=3s - 时间: 0.557822s | 显存: 0.00 B
  t=4s - 时间: 0.649981s | 显存: 0.00 B
  t=5s - 时间: 0.777901s | 显存: 0.00 B
  t=6s - 时间: 0.836162s | 显存: 0.00 B
  t=7s - 时间: 0.911274s | 显存: 0.00 B
  t=8s - 时间: 0.965466s | 显存: 0.00 B
  t=9s - 时间: 1.059974s | 显存: 0.00 B

[19秒 PDE求解]
  t=19.0s - 时间: 1.880116s | 显存: 0.00 B

[PDE求解部分] 总时间: 1.880470s | 显存: 0.00 B

[本步骤总计] 时间: 8.538460s | 显存: 4.12 GB
orginal_loss:  tensor(8399.4189, device='cuda:0', grad_fn=<MseLossBackward0>)
[Step 60] Backward Propagation - Time: 10.3376s, Mem: -4413235200.00 B
x_adv.requires_grad:  True
pred_19.requires_grad, true_19.requires_grad:  True True
Autograd grad max:  tensor(103.9180, device='cuda:0')
Autograd grad min:  tensor(-94.9654, device='cuda:0')
Autograd grad mean:  tensor(-0.1141, device='cuda:0')
[Step 60] PGD Update - Time: 0.0013s, Mem: 0.00 B

[Step 60] 完整步骤总时间: 18.881335s | 总显存: 0.00 B
[Step 60] 峰值显存: 6.22 GB

[Step 61] ============ 详细性能分析 ============
[模型部分] 总时间: 6.691066s | 显存: 4.12 GB

[0-9秒 PDE求解详细性能]
  t=0s - 时间: 0.000000s | 显存: 0.00 B
  t=1s - 时间: 0.423805s | 显存: 0.00 B
  t=2s - 时间: 0.509033s | 显存: 0.00 B
  t=3s - 时间: 0.558192s | 显存: 0.00 B
  t=4s - 时间: 0.661932s | 显存: 0.00 B
  t=5s - 时间: 0.747318s | 显存: 0.00 B
  t=6s - 时间: 0.819445s | 显存: 0.00 B
  t=7s - 时间: 0.899162s | 显存: 0.00 B
  t=8s - 时间: 0.963563s | 显存: 0.00 B
  t=9s - 时间: 1.087365s | 显存: 0.00 B

[19秒 PDE求解]
  t=19.0s - 时间: 1.880358s | 显存: 0.00 B

[PDE求解部分] 总时间: 1.880738s | 显存: 0.00 B

[本步骤总计] 时间: 8.571804s | 显存: 4.12 GB
orginal_loss:  tensor(7537.3750, device='cuda:0', grad_fn=<MseLossBackward0>)
[Step 61] Backward Propagation - Time: 10.2371s, Mem: -4413235200.00 B
x_adv.requires_grad:  True
pred_19.requires_grad, true_19.requires_grad:  True True
Autograd grad max:  tensor(91.6564, device='cuda:0')
Autograd grad min:  tensor(-95.1029, device='cuda:0')
Autograd grad mean:  tensor(-0.1008, device='cuda:0')
[Step 61] PGD Update - Time: 0.0014s, Mem: 0.00 B

[Step 61] 完整步骤总时间: 18.814950s | 总显存: 0.00 B
[Step 61] 峰值显存: 6.22 GB

[Step 62] ============ 详细性能分析 ============
[模型部分] 总时间: 6.820009s | 显存: 4.12 GB

[0-9秒 PDE求解详细性能]
  t=0s - 时间: 0.000000s | 显存: 0.00 B
  t=1s - 时间: 0.454907s | 显存: 0.00 B
  t=2s - 时间: 0.522173s | 显存: 0.00 B
  t=3s - 时间: 0.584394s | 显存: 0.00 B
  t=4s - 时间: 0.672362s | 显存: 0.00 B
  t=5s - 时间: 0.770549s | 显存: 0.00 B
  t=6s - 时间: 0.802728s | 显存: 0.00 B
  t=7s - 时间: 0.891203s | 显存: 0.00 B
  t=8s - 时间: 1.010450s | 显存: 0.00 B
  t=9s - 时间: 1.089868s | 显存: 0.00 B

[19秒 PDE求解]
  t=19.0s - 时间: 1.819226s | 显存: 0.00 B

[PDE求解部分] 总时间: 1.819583s | 显存: 0.00 B

[本步骤总计] 时间: 8.639592s | 显存: 4.12 GB
orginal_loss:  tensor(6746.9873, device='cuda:0', grad_fn=<MseLossBackward0>)
[Step 62] Backward Propagation - Time: 10.1643s, Mem: -4413235200.00 B
x_adv.requires_grad:  True
pred_19.requires_grad, true_19.requires_grad:  True True
Autograd grad max:  tensor(80.3891, device='cuda:0')
Autograd grad min:  tensor(-94.5737, device='cuda:0')
Autograd grad mean:  tensor(-0.0944, device='cuda:0')
[Step 62] PGD Update - Time: 0.0012s, Mem: 0.00 B

[Step 62] 完整步骤总时间: 18.809344s | 总显存: 0.00 B
[Step 62] 峰值显存: 6.22 GB

[Step 63] ============ 详细性能分析 ============
[模型部分] 总时间: 6.741634s | 显存: 4.12 GB

[0-9秒 PDE求解详细性能]
  t=0s - 时间: 0.000000s | 显存: 0.00 B
  t=1s - 时间: 0.415231s | 显存: 0.00 B
  t=2s - 时间: 0.483111s | 显存: 0.00 B
  t=3s - 时间: 0.543434s | 显存: 0.00 B
  t=4s - 时间: 0.644568s | 显存: 0.00 B
  t=5s - 时间: 0.777574s | 显存: 0.00 B
  t=6s - 时间: 0.848305s | 显存: 0.00 B
  t=7s - 时间: 0.932366s | 显存: 0.00 B
  t=8s - 时间: 0.995050s | 显存: 0.00 B
  t=9s - 时间: 1.080759s | 显存: 0.00 B

[19秒 PDE求解]
  t=19.0s - 时间: 1.860227s | 显存: 0.00 B

[PDE求解部分] 总时间: 1.860570s | 显存: 0.00 B

[本步骤总计] 时间: 8.602204s | 显存: 4.12 GB
orginal_loss:  tensor(6028.3960, device='cuda:0', grad_fn=<MseLossBackward0>)
[Step 63] Backward Propagation - Time: 10.1654s, Mem: -4413235200.00 B
x_adv.requires_grad:  True
pred_19.requires_grad, true_19.requires_grad:  True True
Autograd grad max:  tensor(70.2666, device='cuda:0')
Autograd grad min:  tensor(-93.1003, device='cuda:0')
Autograd grad mean:  tensor(-0.0920, device='cuda:0')
[Step 63] PGD Update - Time: 0.0012s, Mem: 0.00 B

[Step 63] 完整步骤总时间: 18.773719s | 总显存: 0.00 B
[Step 63] 峰值显存: 6.22 GB

[Step 64] ============ 详细性能分析 ============
[模型部分] 总时间: 6.642601s | 显存: 4.12 GB

[0-9秒 PDE求解详细性能]
  t=0s - 时间: 0.000000s | 显存: 0.00 B
  t=1s - 时间: 0.421129s | 显存: 0.00 B
  t=2s - 时间: 0.512970s | 显存: 0.00 B
  t=3s - 时间: 0.588076s | 显存: 0.00 B
  t=4s - 时间: 0.647561s | 显存: 0.00 B
  t=5s - 时间: 0.744736s | 显存: 0.00 B
  t=6s - 时间: 0.836521s | 显存: 0.00 B
  t=7s - 时间: 0.885474s | 显存: 0.00 B
  t=8s - 时间: 0.952864s | 显存: 0.00 B
  t=9s - 时间: 1.032096s | 显存: 0.00 B

[19秒 PDE求解]
  t=19.0s - 时间: 1.836658s | 显存: 0.00 B

[PDE求解部分] 总时间: 1.837075s | 显存: 0.00 B

[本步骤总计] 时间: 8.479677s | 显存: 4.12 GB
orginal_loss:  tensor(5400.0923, device='cuda:0', grad_fn=<MseLossBackward0>)
[Step 64] Backward Propagation - Time: 10.1816s, Mem: -4413235200.00 B
x_adv.requires_grad:  True
pred_19.requires_grad, true_19.requires_grad:  True True
Autograd grad max:  tensor(61.6343, device='cuda:0')
Autograd grad min:  tensor(-92.0551, device='cuda:0')
Autograd grad mean:  tensor(-0.0910, device='cuda:0')
[Step 64] PGD Update - Time: 0.0012s, Mem: 0.00 B

[Step 64] 完整步骤总时间: 18.666651s | 总显存: 0.00 B
[Step 64] 峰值显存: 6.22 GB

[Step 65] ============ 详细性能分析 ============
[模型部分] 总时间: 6.839467s | 显存: 4.12 GB

[0-9秒 PDE求解详细性能]
  t=0s - 时间: 0.000000s | 显存: 0.00 B
  t=1s - 时间: 0.446977s | 显存: 0.00 B
  t=2s - 时间: 0.512608s | 显存: 0.00 B
  t=3s - 时间: 0.610480s | 显存: 0.00 B
  t=4s - 时间: 0.681903s | 显存: 0.00 B
  t=5s - 时间: 0.761526s | 显存: 0.00 B
  t=6s - 时间: 0.808439s | 显存: 0.00 B
  t=7s - 时间: 0.922163s | 显存: 0.00 B
  t=8s - 时间: 0.992028s | 显存: 0.00 B
  t=9s - 时间: 1.082204s | 显存: 0.00 B

[19秒 PDE求解]
  t=19.0s - 时间: 1.864488s | 显存: 0.00 B

[PDE求解部分] 总时间: 1.864852s | 显存: 0.00 B

[本步骤总计] 时间: 8.704319s | 显存: 4.12 GB
orginal_loss:  tensor(4842.9189, device='cuda:0', grad_fn=<MseLossBackward0>)
[Step 65] Backward Propagation - Time: 10.0490s, Mem: -4413235200.00 B
x_adv.requires_grad:  True
pred_19.requires_grad, true_19.requires_grad:  True True
Autograd grad max:  tensor(54.0809, device='cuda:0')
Autograd grad min:  tensor(-92.3378, device='cuda:0')
Autograd grad mean:  tensor(-0.0895, device='cuda:0')
[Step 65] PGD Update - Time: 0.0012s, Mem: 0.00 B

[Step 65] 完整步骤总时间: 18.758890s | 总显存: 0.00 B
[Step 65] 峰值显存: 6.22 GB

[Step 66] ============ 详细性能分析 ============
[模型部分] 总时间: 6.746293s | 显存: 4.12 GB

[0-9秒 PDE求解详细性能]
  t=0s - 时间: 0.000000s | 显存: 0.00 B
  t=1s - 时间: 0.453259s | 显存: 0.00 B
  t=2s - 时间: 0.519897s | 显存: 0.00 B
  t=3s - 时间: 0.604692s | 显存: 0.00 B
  t=4s - 时间: 0.658602s | 显存: 0.00 B
  t=5s - 时间: 0.738754s | 显存: 0.00 B
  t=6s - 时间: 0.822354s | 显存: 0.00 B
  t=7s - 时间: 0.907496s | 显存: 0.00 B
  t=8s - 时间: 0.971316s | 显存: 0.00 B
  t=9s - 时间: 1.048711s | 显存: 0.00 B

[19秒 PDE求解]
  t=19.0s - 时间: 1.829562s | 显存: 0.00 B

[PDE求解部分] 总时间: 1.829924s | 显存: 0.00 B

[本步骤总计] 时间: 8.576216s | 显存: 4.12 GB
orginal_loss:  tensor(4402.7607, device='cuda:0', grad_fn=<MseLossBackward0>)
[Step 66] Backward Propagation - Time: 10.1287s, Mem: -4413235200.00 B
x_adv.requires_grad:  True
pred_19.requires_grad, true_19.requires_grad:  True True
Autograd grad max:  tensor(60.2021, device='cuda:0')
Autograd grad min:  tensor(-96.9889, device='cuda:0')
Autograd grad mean:  tensor(-0.0880, device='cuda:0')
[Step 66] PGD Update - Time: 0.0012s, Mem: 0.00 B

[Step 66] 完整步骤总时间: 18.710286s | 总显存: 0.00 B
[Step 66] 峰值显存: 6.22 GB

[Step 67] ============ 详细性能分析 ============
[模型部分] 总时间: 6.785822s | 显存: 4.12 GB

[0-9秒 PDE求解详细性能]
  t=0s - 时间: 0.000000s | 显存: 0.00 B
  t=1s - 时间: 0.454421s | 显存: 0.00 B
  t=2s - 时间: 0.528421s | 显存: 0.00 B
  t=3s - 时间: 0.609645s | 显存: 0.00 B
  t=4s - 时间: 0.676444s | 显存: 0.00 B
  t=5s - 时间: 0.736042s | 显存: 0.00 B
  t=6s - 时间: 0.808053s | 显存: 0.00 B
  t=7s - 时间: 0.903335s | 显存: 0.00 B
  t=8s - 时间: 0.993549s | 显存: 0.00 B
  t=9s - 时间: 1.054761s | 显存: 0.00 B

[19秒 PDE求解]
  t=19.0s - 时间: 1.850271s | 显存: 0.00 B

[PDE求解部分] 总时间: 1.850637s | 显存: 0.00 B

[本步骤总计] 时间: 8.636459s | 显存: 4.12 GB
orginal_loss:  tensor(4117.9487, device='cuda:0', grad_fn=<MseLossBackward0>)
[Step 67] Backward Propagation - Time: 10.2416s, Mem: -4413235200.00 B
x_adv.requires_grad:  True
pred_19.requires_grad, true_19.requires_grad:  True True
Autograd grad max:  tensor(68.7830, device='cuda:0')
Autograd grad min:  tensor(-102.7411, device='cuda:0')
Autograd grad mean:  tensor(-0.0797, device='cuda:0')
[Step 67] PGD Update - Time: 0.0012s, Mem: 0.00 B

[Step 67] 完整步骤总时间: 18.884243s | 总显存: 0.00 B
[Step 67] 峰值显存: 6.22 GB

[Step 68] ============ 详细性能分析 ============
[模型部分] 总时间: 6.870892s | 显存: 4.12 GB

[0-9秒 PDE求解详细性能]
  t=0s - 时间: 0.000000s | 显存: 0.00 B
  t=1s - 时间: 0.449004s | 显存: 0.00 B
  t=2s - 时间: 0.539013s | 显存: 0.00 B
  t=3s - 时间: 0.606172s | 显存: 0.00 B
  t=4s - 时间: 0.681586s | 显存: 0.00 B
  t=5s - 时间: 0.760050s | 显存: 0.00 B
  t=6s - 时间: 0.835160s | 显存: 0.00 B
  t=7s - 时间: 0.933172s | 显存: 0.00 B
  t=8s - 时间: 0.982692s | 显存: 0.00 B
  t=9s - 时间: 1.062983s | 显存: 0.00 B

[19秒 PDE求解]
  t=19.0s - 时间: 1.879634s | 显存: 0.00 B

[PDE求解部分] 总时间: 1.879994s | 显存: 0.00 B

[本步骤总计] 时间: 8.750886s | 显存: 4.12 GB
orginal_loss:  tensor(3430.3064, device='cuda:0', grad_fn=<MseLossBackward0>)
[Step 68] Backward Propagation - Time: 16.1045s, Mem: -4413235200.00 B
x_adv.requires_grad:  True
pred_19.requires_grad, true_19.requires_grad:  True True
Autograd grad max:  tensor(64.1360, device='cuda:0')
Autograd grad min:  tensor(-93.7404, device='cuda:0')
Autograd grad mean:  tensor(-0.0434, device='cuda:0')
[Step 68] PGD Update - Time: 0.0013s, Mem: 0.00 B

[Step 68] 完整步骤总时间: 24.861307s | 总显存: 0.00 B
[Step 68] 峰值显存: 6.22 GB

[Step 69] ============ 详细性能分析 ============
[模型部分] 总时间: 6.712437s | 显存: 4.12 GB

[0-9秒 PDE求解详细性能]
  t=0s - 时间: 0.000000s | 显存: 0.00 B
  t=1s - 时间: 0.430547s | 显存: 0.00 B
  t=2s - 时间: 0.480561s | 显存: 0.00 B
  t=3s - 时间: 0.585323s | 显存: 0.00 B
  t=4s - 时间: 0.652511s | 显存: 0.00 B
  t=5s - 时间: 0.728118s | 显存: 0.00 B
  t=6s - 时间: 0.812276s | 显存: 0.00 B
  t=7s - 时间: 0.946076s | 显存: 0.00 B
  t=8s - 时间: 0.977493s | 显存: 0.00 B
  t=9s - 时间: 1.078294s | 显存: 0.00 B

[19秒 PDE求解]
  t=19.0s - 时间: 1.867523s | 显存: 0.00 B

[PDE求解部分] 总时间: 1.867865s | 显存: 0.00 B

[本步骤总计] 时间: 8.580302s | 显存: 4.12 GB
orginal_loss:  tensor(2814.3977, device='cuda:0', grad_fn=<MseLossBackward0>)
[Step 69] Backward Propagation - Time: 10.2098s, Mem: -4413235200.00 B
x_adv.requires_grad:  True
pred_19.requires_grad, true_19.requires_grad:  True True
Autograd grad max:  tensor(55.0832, device='cuda:0')
Autograd grad min:  tensor(-83.2906, device='cuda:0')
Autograd grad mean:  tensor(-0.0127, device='cuda:0')
[Step 69] PGD Update - Time: 0.0013s, Mem: 0.00 B

[Step 69] 完整步骤总时间: 18.795556s | 总显存: 0.00 B
[Step 69] 峰值显存: 6.22 GB

[Step 70] ============ 详细性能分析 ============
[模型部分] 总时间: 6.930324s | 显存: 4.12 GB

[0-9秒 PDE求解详细性能]
  t=0s - 时间: 0.000000s | 显存: 0.00 B
  t=1s - 时间: 0.434208s | 显存: 0.00 B
  t=2s - 时间: 0.490858s | 显存: 0.00 B
  t=3s - 时间: 0.568771s | 显存: 0.00 B
  t=4s - 时间: 0.864550s | 显存: 0.00 B
  t=5s - 时间: 0.757300s | 显存: 0.00 B
  t=6s - 时间: 0.841343s | 显存: 0.00 B
  t=7s - 时间: 0.913932s | 显存: 0.00 B
  t=8s - 时间: 0.996760s | 显存: 0.00 B
  t=9s - 时间: 1.041488s | 显存: 0.00 B

[19秒 PDE求解]
  t=19.0s - 时间: 1.830070s | 显存: 0.00 B

[PDE求解部分] 总时间: 1.830440s | 显存: 0.00 B

[本步骤总计] 时间: 8.760764s | 显存: 4.12 GB
orginal_loss:  tensor(3301.8564, device='cuda:0', grad_fn=<MseLossBackward0>)
[Step 70] Backward Propagation - Time: 10.1507s, Mem: -4413235200.00 B
x_adv.requires_grad:  True
pred_19.requires_grad, true_19.requires_grad:  True True
Autograd grad max:  tensor(71.9997, device='cuda:0')
Autograd grad min:  tensor(-98.5927, device='cuda:0')
Autograd grad mean:  tensor(0.0238, device='cuda:0')
[Step 70] PGD Update - Time: 0.0011s, Mem: 0.00 B

[Step 70] 完整步骤总时间: 18.916858s | 总显存: 0.00 B
[Step 70] 峰值显存: 6.22 GB

[Step 71] ============ 详细性能分析 ============
[模型部分] 总时间: 6.814210s | 显存: 4.12 GB

[0-9秒 PDE求解详细性能]
  t=0s - 时间: 0.000000s | 显存: 0.00 B
  t=1s - 时间: 0.452596s | 显存: 0.00 B
  t=2s - 时间: 0.524179s | 显存: 0.00 B
  t=3s - 时间: 0.619390s | 显存: 0.00 B
  t=4s - 时间: 0.684934s | 显存: 0.00 B
  t=5s - 时间: 0.763780s | 显存: 0.00 B
  t=6s - 时间: 0.809892s | 显存: 0.00 B
  t=7s - 时间: 0.892740s | 显存: 0.00 B
  t=8s - 时间: 0.973622s | 显存: 0.00 B
  t=9s - 时间: 1.071831s | 显存: 0.00 B

[19秒 PDE求解]
  t=19.0s - 时间: 1.845695s | 显存: 0.00 B

[PDE求解部分] 总时间: 1.846089s | 显存: 0.00 B

[本步骤总计] 时间: 8.660299s | 显存: 4.12 GB
orginal_loss:  tensor(3256.6431, device='cuda:0', grad_fn=<MseLossBackward0>)
[Step 71] Backward Propagation - Time: 10.3178s, Mem: -4413235200.00 B
x_adv.requires_grad:  True
pred_19.requires_grad, true_19.requires_grad:  True True
Autograd grad max:  tensor(67.0742, device='cuda:0')
Autograd grad min:  tensor(-86.2681, device='cuda:0')
Autograd grad mean:  tensor(0.0374, device='cuda:0')
[Step 71] PGD Update - Time: 0.0012s, Mem: 0.00 B

[Step 71] 完整步骤总时间: 18.983813s | 总显存: 0.00 B
[Step 71] 峰值显存: 6.22 GB

[Step 72] ============ 详细性能分析 ============
[模型部分] 总时间: 6.795510s | 显存: 4.12 GB

[0-9秒 PDE求解详细性能]
  t=0s - 时间: 0.000000s | 显存: 0.00 B
  t=1s - 时间: 0.439701s | 显存: 0.00 B
  t=2s - 时间: 0.499165s | 显存: 0.00 B
  t=3s - 时间: 0.580234s | 显存: 0.00 B
  t=4s - 时间: 0.670493s | 显存: 0.00 B
  t=5s - 时间: 0.770255s | 显存: 0.00 B
  t=6s - 时间: 0.806323s | 显存: 0.00 B
  t=7s - 时间: 0.935408s | 显存: 0.00 B
  t=8s - 时间: 0.991935s | 显存: 0.00 B
  t=9s - 时间: 1.080625s | 显存: 0.00 B

[19秒 PDE求解]
  t=19.0s - 时间: 1.870754s | 显存: 0.00 B

[PDE求解部分] 总时间: 1.871139s | 显存: 0.00 B

[本步骤总计] 时间: 8.666649s | 显存: 4.12 GB
orginal_loss:  tensor(3876.2827, device='cuda:0', grad_fn=<MseLossBackward0>)
[Step 72] Backward Propagation - Time: 10.2054s, Mem: -4413235200.00 B
x_adv.requires_grad:  True
pred_19.requires_grad, true_19.requires_grad:  True True
Autograd grad max:  tensor(57.3529, device='cuda:0')
Autograd grad min:  tensor(-63.7235, device='cuda:0')
Autograd grad mean:  tensor(0.0317, device='cuda:0')
[Step 72] PGD Update - Time: 0.0011s, Mem: 0.00 B

[Step 72] 完整步骤总时间: 18.877833s | 总显存: 0.00 B
[Step 72] 峰值显存: 6.22 GB

[Step 73] ============ 详细性能分析 ============
[模型部分] 总时间: 6.885290s | 显存: 4.12 GB

[0-9秒 PDE求解详细性能]
  t=0s - 时间: 0.000000s | 显存: 0.00 B
  t=1s - 时间: 0.474191s | 显存: 0.00 B
  t=2s - 时间: 0.505661s | 显存: 0.00 B
  t=3s - 时间: 0.624632s | 显存: 0.00 B
  t=4s - 时间: 0.688684s | 显存: 0.00 B
  t=5s - 时间: 0.763869s | 显存: 0.00 B
  t=6s - 时间: 0.855858s | 显存: 0.00 B
  t=7s - 时间: 0.902241s | 显存: 0.00 B
  t=8s - 时间: 0.972252s | 显存: 0.00 B
  t=9s - 时间: 1.076761s | 显存: 0.00 B

[19秒 PDE求解]
  t=19.0s - 时间: 1.882404s | 显存: 0.00 B

[PDE求解部分] 总时间: 1.882712s | 显存: 0.00 B

[本步骤总计] 时间: 8.768002s | 显存: 4.12 GB
orginal_loss:  tensor(4539.7715, device='cuda:0', grad_fn=<MseLossBackward0>)
[Step 73] Backward Propagation - Time: 10.2980s, Mem: -4413235200.00 B
x_adv.requires_grad:  True
pred_19.requires_grad, true_19.requires_grad:  True True
Autograd grad max:  tensor(87.5877, device='cuda:0')
Autograd grad min:  tensor(-78.4755, device='cuda:0')
Autograd grad mean:  tensor(-0.0018, device='cuda:0')
[Step 73] PGD Update - Time: 0.0011s, Mem: 0.00 B

[Step 73] 完整步骤总时间: 19.071234s | 总显存: 0.00 B
[Step 73] 峰值显存: 6.22 GB

[Step 74] ============ 详细性能分析 ============
[模型部分] 总时间: 6.797878s | 显存: 4.12 GB

[0-9秒 PDE求解详细性能]
  t=0s - 时间: 0.000000s | 显存: 0.00 B
  t=1s - 时间: 0.436821s | 显存: 0.00 B
  t=2s - 时间: 0.530965s | 显存: 0.00 B
  t=3s - 时间: 0.610075s | 显存: 0.00 B
  t=4s - 时间: 0.657848s | 显存: 0.00 B
  t=5s - 时间: 0.722755s | 显存: 0.00 B
  t=6s - 时间: 0.848369s | 显存: 0.00 B
  t=7s - 时间: 0.912764s | 显存: 0.00 B
  t=8s - 时间: 0.985965s | 显存: 0.00 B
  t=9s - 时间: 1.071221s | 显存: 0.00 B

[19秒 PDE求解]
  t=19.0s - 时间: 1.844005s | 显存: 0.00 B

[PDE求解部分] 总时间: 1.844393s | 显存: 0.00 B

[本步骤总计] 时间: 8.642272s | 显存: 4.12 GB
orginal_loss:  tensor(4161.5342, device='cuda:0', grad_fn=<MseLossBackward0>)
[Step 74] Backward Propagation - Time: 10.3585s, Mem: -4413235200.00 B
x_adv.requires_grad:  True
pred_19.requires_grad, true_19.requires_grad:  True True
Autograd grad max:  tensor(93.7617, device='cuda:0')
Autograd grad min:  tensor(-72.4836, device='cuda:0')
Autograd grad mean:  tensor(-0.0490, device='cuda:0')
[Step 74] PGD Update - Time: 0.0013s, Mem: 0.00 B

[Step 74] 完整步骤总时间: 19.006864s | 总显存: 0.00 B
[Step 74] 峰值显存: 6.22 GB

[Step 75] ============ 详细性能分析 ============
[模型部分] 总时间: 6.863034s | 显存: 4.12 GB

[0-9秒 PDE求解详细性能]
  t=0s - 时间: 0.000000s | 显存: 0.00 B
  t=1s - 时间: 0.473969s | 显存: 0.00 B
  t=2s - 时间: 0.497146s | 显存: 0.00 B
  t=3s - 时间: 0.579744s | 显存: 0.00 B
  t=4s - 时间: 0.666569s | 显存: 0.00 B
  t=5s - 时间: 0.764302s | 显存: 0.00 B
  t=6s - 时间: 0.857224s | 显存: 0.00 B
  t=7s - 时间: 0.926204s | 显存: 0.00 B
  t=8s - 时间: 0.990209s | 显存: 0.00 B
  t=9s - 时间: 1.086245s | 显存: 0.00 B

[19秒 PDE求解]
  t=19.0s - 时间: 1.870739s | 显存: 0.00 B

[PDE求解部分] 总时间: 1.871109s | 显存: 0.00 B

[本步骤总计] 时间: 8.734143s | 显存: 4.12 GB
orginal_loss:  tensor(6106.7290, device='cuda:0', grad_fn=<MseLossBackward0>)
[Step 75] Backward Propagation - Time: 10.2507s, Mem: -4413235200.00 B
x_adv.requires_grad:  True
pred_19.requires_grad, true_19.requires_grad:  True True
Autograd grad max:  tensor(118.2881, device='cuda:0')
Autograd grad min:  tensor(-77.7936, device='cuda:0')
Autograd grad mean:  tensor(-0.0478, device='cuda:0')
[Step 75] PGD Update - Time: 0.0011s, Mem: 0.00 B

[Step 75] 完整步骤总时间: 18.991184s | 总显存: 0.00 B
[Step 75] 峰值显存: 6.22 GB

[Step 76] ============ 详细性能分析 ============
[模型部分] 总时间: 6.725138s | 显存: 4.12 GB

[0-9秒 PDE求解详细性能]
  t=0s - 时间: 0.000000s | 显存: 0.00 B
  t=1s - 时间: 0.426600s | 显存: 0.00 B
  t=2s - 时间: 0.491190s | 显存: 0.00 B
  t=3s - 时间: 0.589885s | 显存: 0.00 B
  t=4s - 时间: 0.660217s | 显存: 0.00 B
  t=5s - 时间: 0.746583s | 显存: 0.00 B
  t=6s - 时间: 0.832155s | 显存: 0.00 B
  t=7s - 时间: 0.915241s | 显存: 0.00 B
  t=8s - 时间: 0.993576s | 显存: 0.00 B
  t=9s - 时间: 1.048548s | 显存: 0.00 B

[19秒 PDE求解]
  t=19.0s - 时间: 1.845022s | 显存: 0.00 B

[PDE求解部分] 总时间: 1.845380s | 显存: 0.00 B

[本步骤总计] 时间: 8.570517s | 显存: 4.12 GB
orginal_loss:  tensor(7367.8857, device='cuda:0', grad_fn=<MseLossBackward0>)
[Step 76] Backward Propagation - Time: 10.2844s, Mem: -4413235200.00 B
x_adv.requires_grad:  True
pred_19.requires_grad, true_19.requires_grad:  True True
Autograd grad max:  tensor(133.3964, device='cuda:0')
Autograd grad min:  tensor(-111.8773, device='cuda:0')
Autograd grad mean:  tensor(-0.0851, device='cuda:0')
[Step 76] PGD Update - Time: 0.0010s, Mem: 0.00 B

[Step 76] 完整步骤总时间: 18.860097s | 总显存: 0.00 B
[Step 76] 峰值显存: 6.22 GB

[Step 77] ============ 详细性能分析 ============
[模型部分] 总时间: 6.767785s | 显存: 4.12 GB

[0-9秒 PDE求解详细性能]
  t=0s - 时间: 0.000000s | 显存: 0.00 B
  t=1s - 时间: 0.420431s | 显存: 0.00 B
  t=2s - 时间: 0.490321s | 显存: 0.00 B
  t=3s - 时间: 0.598454s | 显存: 0.00 B
  t=4s - 时间: 0.647807s | 显存: 0.00 B
  t=5s - 时间: 0.726020s | 显存: 0.00 B
  t=6s - 时间: 0.848571s | 显存: 0.00 B
  t=7s - 时间: 0.936293s | 显存: 0.00 B
  t=8s - 时间: 1.002964s | 显存: 0.00 B
  t=9s - 时间: 1.075872s | 显存: 0.00 B

[19秒 PDE求解]
  t=19.0s - 时间: 1.792967s | 显存: 0.00 B

[PDE求解部分] 总时间: 1.793326s | 显存: 0.00 B

[本步骤总计] 时间: 8.561111s | 显存: 4.12 GB
orginal_loss:  tensor(9388.4561, device='cuda:0', grad_fn=<MseLossBackward0>)
[Step 77] Backward Propagation - Time: 10.2199s, Mem: -4413235200.00 B
x_adv.requires_grad:  True
pred_19.requires_grad, true_19.requires_grad:  True True
Autograd grad max:  tensor(146.6379, device='cuda:0')
Autograd grad min:  tensor(-131.3242, device='cuda:0')
Autograd grad mean:  tensor(-0.1247, device='cuda:0')
[Step 77] PGD Update - Time: 0.0011s, Mem: 0.00 B

[Step 77] 完整步骤总时间: 18.786393s | 总显存: 0.00 B
[Step 77] 峰值显存: 6.22 GB

[Step 78] ============ 详细性能分析 ============
[模型部分] 总时间: 6.752648s | 显存: 4.12 GB

[0-9秒 PDE求解详细性能]
  t=0s - 时间: 0.000000s | 显存: 0.00 B
  t=1s - 时间: 0.416339s | 显存: 0.00 B
  t=2s - 时间: 0.485249s | 显存: 0.00 B
  t=3s - 时间: 0.557033s | 显存: 0.00 B
  t=4s - 时间: 0.653137s | 显存: 0.00 B
  t=5s - 时间: 0.731570s | 显存: 0.00 B
  t=6s - 时间: 0.856881s | 显存: 0.00 B
  t=7s - 时间: 0.932183s | 显存: 0.00 B
  t=8s - 时间: 1.010015s | 显存: 0.00 B
  t=9s - 时间: 1.088741s | 显存: 0.00 B

[19秒 PDE求解]
  t=19.0s - 时间: 1.850306s | 显存: 0.00 B

[PDE求解部分] 总时间: 1.850727s | 显存: 0.00 B

[本步骤总计] 时间: 8.603375s | 显存: 4.12 GB
orginal_loss:  tensor(11488.3359, device='cuda:0', grad_fn=<MseLossBackward0>)
[Step 78] Backward Propagation - Time: 10.2343s, Mem: -4413235200.00 B
x_adv.requires_grad:  True
pred_19.requires_grad, true_19.requires_grad:  True True
Autograd grad max:  tensor(155.5177, device='cuda:0')
Autograd grad min:  tensor(-136.7928, device='cuda:0')
Autograd grad mean:  tensor(-0.1521, device='cuda:0')
[Step 78] PGD Update - Time: 0.0011s, Mem: 0.00 B

[Step 78] 完整步骤总时间: 18.844582s | 总显存: 0.00 B
[Step 78] 峰值显存: 6.22 GB

[Step 79] ============ 详细性能分析 ============
[模型部分] 总时间: 6.773662s | 显存: 4.12 GB

[0-9秒 PDE求解详细性能]
  t=0s - 时间: 0.000000s | 显存: 0.00 B
  t=1s - 时间: 0.425635s | 显存: 0.00 B
  t=2s - 时间: 0.488800s | 显存: 0.00 B
  t=3s - 时间: 0.562945s | 显存: 0.00 B
  t=4s - 时间: 0.680019s | 显存: 0.00 B
  t=5s - 时间: 0.767197s | 显存: 0.00 B
  t=6s - 时间: 0.824653s | 显存: 0.00 B
  t=7s - 时间: 0.933808s | 显存: 0.00 B
  t=8s - 时间: 1.009995s | 显存: 0.00 B
  t=9s - 时间: 1.059313s | 显存: 0.00 B

[19秒 PDE求解]
  t=19.0s - 时间: 1.880989s | 显存: 0.00 B

[PDE求解部分] 总时间: 1.881347s | 显存: 0.00 B

[本步骤总计] 时间: 8.655009s | 显存: 4.12 GB
orginal_loss:  tensor(12619.2734, device='cuda:0', grad_fn=<MseLossBackward0>)
[Step 79] Backward Propagation - Time: 10.3636s, Mem: -4413235200.00 B
x_adv.requires_grad:  True
pred_19.requires_grad, true_19.requires_grad:  True True
Autograd grad max:  tensor(153.8822, device='cuda:0')
Autograd grad min:  tensor(-131.2809, device='cuda:0')
Autograd grad mean:  tensor(-0.1656, device='cuda:0')
[Step 79] PGD Update - Time: 0.0011s, Mem: 0.00 B

[Step 79] 完整步骤总时间: 19.024042s | 总显存: 0.00 B
[Step 79] 峰值显存: 6.22 GB

[Step 80] ============ 详细性能分析 ============
[模型部分] 总时间: 6.815371s | 显存: 4.12 GB

[0-9秒 PDE求解详细性能]
  t=0s - 时间: 0.000000s | 显存: 0.00 B
  t=1s - 时间: 0.428046s | 显存: 0.00 B
  t=2s - 时间: 0.505980s | 显存: 0.00 B
  t=3s - 时间: 0.612667s | 显存: 0.00 B
  t=4s - 时间: 0.677503s | 显存: 0.00 B
  t=5s - 时间: 0.758506s | 显存: 0.00 B
  t=6s - 时间: 0.850173s | 显存: 0.00 B
  t=7s - 时间: 0.927170s | 显存: 0.00 B
  t=8s - 时间: 0.971987s | 显存: 0.00 B
  t=9s - 时间: 1.062116s | 显存: 0.00 B

[19秒 PDE求解]
  t=19.0s - 时间: 1.882567s | 显存: 0.00 B

[PDE求解部分] 总时间: 1.882919s | 显存: 0.00 B

[本步骤总计] 时间: 8.698291s | 显存: 4.12 GB
orginal_loss:  tensor(12497.9844, device='cuda:0', grad_fn=<MseLossBackward0>)
[Step 80] Backward Propagation - Time: 10.3881s, Mem: -4413235200.00 B
x_adv.requires_grad:  True
pred_19.requires_grad, true_19.requires_grad:  True True
Autograd grad max:  tensor(148.9060, device='cuda:0')
Autograd grad min:  tensor(-125.8529, device='cuda:0')
Autograd grad mean:  tensor(-0.1783, device='cuda:0')
[Step 80] PGD Update - Time: 0.0011s, Mem: 0.00 B

[Step 80] 完整步骤总时间: 19.091758s | 总显存: 0.00 B
[Step 80] 峰值显存: 6.22 GB

[Step 81] ============ 详细性能分析 ============
[模型部分] 总时间: 6.707023s | 显存: 4.12 GB

[0-9秒 PDE求解详细性能]
  t=0s - 时间: 0.000000s | 显存: 0.00 B
  t=1s - 时间: 0.457495s | 显存: 0.00 B
  t=2s - 时间: 0.522384s | 显存: 0.00 B
  t=3s - 时间: 0.599041s | 显存: 0.00 B
  t=4s - 时间: 0.662670s | 显存: 0.00 B
  t=5s - 时间: 0.734837s | 显存: 0.00 B
  t=6s - 时间: 0.825525s | 显存: 0.00 B
  t=7s - 时间: 0.859881s | 显存: 0.00 B
  t=8s - 时间: 0.959479s | 显存: 0.00 B
  t=9s - 时间: 1.064567s | 显存: 0.00 B

[19秒 PDE求解]
  t=19.0s - 时间: 1.869999s | 显存: 0.00 B

[PDE求解部分] 总时间: 1.870393s | 显存: 0.00 B

[本步骤总计] 时间: 8.577417s | 显存: 4.12 GB
orginal_loss:  tensor(11846.9512, device='cuda:0', grad_fn=<MseLossBackward0>)
[Step 81] Backward Propagation - Time: 10.3572s, Mem: -4413235200.00 B
x_adv.requires_grad:  True
pred_19.requires_grad, true_19.requires_grad:  True True
Autograd grad max:  tensor(141.5423, device='cuda:0')
Autograd grad min:  tensor(-119.9719, device='cuda:0')
Autograd grad mean:  tensor(-0.1800, device='cuda:0')
[Step 81] PGD Update - Time: 0.0012s, Mem: 0.00 B

[Step 81] 完整步骤总时间: 18.940368s | 总显存: 0.00 B
[Step 81] 峰值显存: 6.22 GB

[Step 82] ============ 详细性能分析 ============
[模型部分] 总时间: 6.857134s | 显存: 4.12 GB

[0-9秒 PDE求解详细性能]
  t=0s - 时间: 0.000000s | 显存: 0.00 B
  t=1s - 时间: 0.434024s | 显存: 0.00 B
  t=2s - 时间: 0.525372s | 显存: 0.00 B
  t=3s - 时间: 0.609724s | 显存: 0.00 B
  t=4s - 时间: 0.693305s | 显存: 0.00 B
  t=5s - 时间: 0.759095s | 显存: 0.00 B
  t=6s - 时间: 0.820380s | 显存: 0.00 B
  t=7s - 时间: 0.886283s | 显存: 0.00 B
  t=8s - 时间: 1.015419s | 显存: 0.00 B
  t=9s - 时间: 1.092307s | 显存: 0.00 B

[19秒 PDE求解]
  t=19.0s - 时间: 1.870368s | 显存: 0.00 B

[PDE求解部分] 总时间: 1.870726s | 显存: 0.00 B

[本步骤总计] 时间: 8.727861s | 显存: 4.12 GB
orginal_loss:  tensor(11029.6973, device='cuda:0', grad_fn=<MseLossBackward0>)
[Step 82] Backward Propagation - Time: 10.3293s, Mem: -4413235200.00 B
x_adv.requires_grad:  True
pred_19.requires_grad, true_19.requires_grad:  True True
Autograd grad max:  tensor(132.9814, device='cuda:0')
Autograd grad min:  tensor(-113.0609, device='cuda:0')
Autograd grad mean:  tensor(-0.1705, device='cuda:0')
[Step 82] PGD Update - Time: 0.0011s, Mem: 0.00 B

[Step 82] 完整步骤总时间: 19.063530s | 总显存: 0.00 B
[Step 82] 峰值显存: 6.22 GB

[Step 83] ============ 详细性能分析 ============
[模型部分] 总时间: 6.778443s | 显存: 4.12 GB

[0-9秒 PDE求解详细性能]
  t=0s - 时间: 0.000000s | 显存: 0.00 B
  t=1s - 时间: 0.459735s | 显存: 0.00 B
  t=2s - 时间: 0.511760s | 显存: 0.00 B
  t=3s - 时间: 0.576917s | 显存: 0.00 B
  t=4s - 时间: 0.650739s | 显存: 0.00 B
  t=5s - 时间: 0.738888s | 显存: 0.00 B
  t=6s - 时间: 0.847947s | 显存: 0.00 B
  t=7s - 时间: 0.891982s | 显存: 0.00 B
  t=8s - 时间: 0.996795s | 显存: 0.00 B
  t=9s - 时间: 1.082630s | 显存: 0.00 B

[19秒 PDE求解]
  t=19.0s - 时间: 1.855394s | 显存: 0.00 B

[PDE求解部分] 总时间: 1.855767s | 显存: 0.00 B

[本步骤总计] 时间: 8.634210s | 显存: 4.12 GB
orginal_loss:  tensor(10134.8008, device='cuda:0', grad_fn=<MseLossBackward0>)
[Step 83] Backward Propagation - Time: 10.2477s, Mem: -4413235200.00 B
x_adv.requires_grad:  True
pred_19.requires_grad, true_19.requires_grad:  True True
Autograd grad max:  tensor(123.3975, device='cuda:0')
Autograd grad min:  tensor(-104.2721, device='cuda:0')
Autograd grad mean:  tensor(-0.1521, device='cuda:0')
[Step 83] PGD Update - Time: 0.0011s, Mem: 0.00 B

[Step 83] 完整步骤总时间: 18.887230s | 总显存: 0.00 B
[Step 83] 峰值显存: 6.22 GB

[Step 84] ============ 详细性能分析 ============
[模型部分] 总时间: 6.823134s | 显存: 4.12 GB

[0-9秒 PDE求解详细性能]
  t=0s - 时间: 0.000000s | 显存: 0.00 B
  t=1s - 时间: 0.466612s | 显存: 0.00 B
  t=2s - 时间: 0.502303s | 显存: 0.00 B
  t=3s - 时间: 0.587358s | 显存: 0.00 B
  t=4s - 时间: 0.653623s | 显存: 0.00 B
  t=5s - 时间: 0.768094s | 显存: 0.00 B
  t=6s - 时间: 0.840546s | 显存: 0.00 B
  t=7s - 时间: 0.931671s | 显存: 0.00 B
  t=8s - 时间: 1.012796s | 显存: 0.00 B
  t=9s - 时间: 1.038471s | 显存: 0.00 B

[19秒 PDE求解]
  t=19.0s - 时间: 1.840230s | 显存: 0.00 B

[PDE求解部分] 总时间: 1.840594s | 显存: 0.00 B

[本步骤总计] 时间: 8.663729s | 显存: 4.12 GB
orginal_loss:  tensor(9203.5264, device='cuda:0', grad_fn=<MseLossBackward0>)
[Step 84] Backward Propagation - Time: 10.3124s, Mem: -4413235200.00 B
x_adv.requires_grad:  True
pred_19.requires_grad, true_19.requires_grad:  True True
Autograd grad max:  tensor(113.4904, device='cuda:0')
Autograd grad min:  tensor(-94.2040, device='cuda:0')
Autograd grad mean:  tensor(-0.1307, device='cuda:0')
[Step 84] PGD Update - Time: 0.0013s, Mem: 0.00 B

[Step 84] 完整步骤总时间: 18.983095s | 总显存: 0.00 B
[Step 84] 峰值显存: 6.22 GB

[Step 85] ============ 详细性能分析 ============
[模型部分] 总时间: 6.573499s | 显存: 4.12 GB

[0-9秒 PDE求解详细性能]
  t=0s - 时间: 0.000000s | 显存: 0.00 B
  t=1s - 时间: 0.440930s | 显存: 0.00 B
  t=2s - 时间: 0.527926s | 显存: 0.00 B
  t=3s - 时间: 0.572963s | 显存: 0.00 B
  t=4s - 时间: 0.627550s | 显存: 0.00 B
  t=5s - 时间: 0.721774s | 显存: 0.00 B
  t=6s - 时间: 0.797666s | 显存: 0.00 B
  t=7s - 时间: 0.859460s | 显存: 0.00 B
  t=8s - 时间: 0.950861s | 显存: 0.00 B
  t=9s - 时间: 1.053333s | 显存: 0.00 B

[19秒 PDE求解]
  t=19.0s - 时间: 1.862698s | 显存: 0.00 B

[PDE求解部分] 总时间: 1.863038s | 显存: 0.00 B

[本步骤总计] 时间: 8.436536s | 显存: 4.12 GB
orginal_loss:  tensor(8307.7930, device='cuda:0', grad_fn=<MseLossBackward0>)
[Step 85] Backward Propagation - Time: 10.2430s, Mem: -4413235200.00 B
x_adv.requires_grad:  True
pred_19.requires_grad, true_19.requires_grad:  True True
Autograd grad max:  tensor(102.7274, device='cuda:0')
Autograd grad min:  tensor(-95.0858, device='cuda:0')
Autograd grad mean:  tensor(-0.1124, device='cuda:0')
[Step 85] PGD Update - Time: 0.0011s, Mem: 0.00 B

[Step 85] 完整步骤总时间: 18.684992s | 总显存: 0.00 B
[Step 85] 峰值显存: 6.22 GB

[Step 86] ============ 详细性能分析 ============
[模型部分] 总时间: 6.965964s | 显存: 4.12 GB

[0-9秒 PDE求解详细性能]
  t=0s - 时间: 0.000000s | 显存: 0.00 B
  t=1s - 时间: 0.458162s | 显存: 0.00 B
  t=2s - 时间: 0.512249s | 显存: 0.00 B
  t=3s - 时间: 0.595069s | 显存: 0.00 B
  t=4s - 时间: 0.701385s | 显存: 0.00 B
  t=5s - 时间: 0.799282s | 显存: 0.00 B
  t=6s - 时间: 0.848621s | 显存: 0.00 B
  t=7s - 时间: 0.920627s | 显存: 0.00 B
  t=8s - 时间: 1.025164s | 显存: 0.00 B
  t=9s - 时间: 1.084300s | 显存: 0.00 B

[19秒 PDE求解]
  t=19.0s - 时间: 1.882348s | 显存: 0.00 B

[PDE求解部分] 总时间: 1.882701s | 显存: 0.00 B

[本步骤总计] 时间: 8.848664s | 显存: 4.12 GB
orginal_loss:  tensor(7451.3271, device='cuda:0', grad_fn=<MseLossBackward0>)
[Step 86] Backward Propagation - Time: 10.3808s, Mem: -4413235200.00 B
x_adv.requires_grad:  True
pred_19.requires_grad, true_19.requires_grad:  True True
Autograd grad max:  tensor(90.3629, device='cuda:0')
Autograd grad min:  tensor(-95.1794, device='cuda:0')
Autograd grad mean:  tensor(-0.0999, device='cuda:0')
[Step 86] PGD Update - Time: 0.0011s, Mem: 0.00 B

[Step 86] 完整步骤总时间: 19.234932s | 总显存: 0.00 B
[Step 86] 峰值显存: 6.22 GB

[Step 87] ============ 详细性能分析 ============
[模型部分] 总时间: 6.728895s | 显存: 4.12 GB

[0-9秒 PDE求解详细性能]
  t=0s - 时间: 0.000000s | 显存: 0.00 B
  t=1s - 时间: 0.463962s | 显存: 0.00 B
  t=2s - 时间: 0.538484s | 显存: 0.00 B
  t=3s - 时间: 0.557906s | 显存: 0.00 B
  t=4s - 时间: 0.637967s | 显存: 0.00 B
  t=5s - 时间: 0.714018s | 显存: 0.00 B
  t=6s - 时间: 0.819469s | 显存: 0.00 B
  t=7s - 时间: 0.914729s | 显存: 0.00 B
  t=8s - 时间: 0.988291s | 显存: 0.00 B
  t=9s - 时间: 1.072788s | 显存: 0.00 B

[19秒 PDE求解]
  t=19.0s - 时间: 1.844024s | 显存: 0.00 B

[PDE求解部分] 总时间: 1.844487s | 显存: 0.00 B

[本步骤总计] 时间: 8.573381s | 显存: 4.12 GB
orginal_loss:  tensor(6666.0259, device='cuda:0', grad_fn=<MseLossBackward0>)
[Step 87] Backward Propagation - Time: 10.3367s, Mem: -4413235200.00 B
x_adv.requires_grad:  True
pred_19.requires_grad, true_19.requires_grad:  True True
Autograd grad max:  tensor(79.2842, device='cuda:0')
Autograd grad min:  tensor(-94.4496, device='cuda:0')
Autograd grad mean:  tensor(-0.0940, device='cuda:0')
[Step 87] PGD Update - Time: 0.0012s, Mem: 0.00 B

[Step 87] 完整步骤总时间: 18.916158s | 总显存: 0.00 B
[Step 87] 峰值显存: 6.22 GB

[Step 88] ============ 详细性能分析 ============
[模型部分] 总时间: 6.812039s | 显存: 4.12 GB

[0-9秒 PDE求解详细性能]
  t=0s - 时间: 0.000000s | 显存: 0.00 B
  t=1s - 时间: 0.450137s | 显存: 0.00 B
  t=2s - 时间: 0.536515s | 显存: 0.00 B
  t=3s - 时间: 0.621405s | 显存: 0.00 B
  t=4s - 时间: 0.690874s | 显存: 0.00 B
  t=5s - 时间: 0.750655s | 显存: 0.00 B
  t=6s - 时间: 0.810823s | 显存: 0.00 B
  t=7s - 时间: 0.901871s | 显存: 0.00 B
  t=8s - 时间: 0.977386s | 显存: 0.00 B
  t=9s - 时间: 1.051156s | 显存: 0.00 B

[19秒 PDE求解]
  t=19.0s - 时间: 1.836341s | 显存: 0.00 B

[PDE求解部分] 总时间: 1.836694s | 显存: 0.00 B

[本步骤总计] 时间: 8.648733s | 显存: 4.12 GB
orginal_loss:  tensor(5956.6865, device='cuda:0', grad_fn=<MseLossBackward0>)
[Step 88] Backward Propagation - Time: 10.3389s, Mem: -4413235200.00 B
x_adv.requires_grad:  True
pred_19.requires_grad, true_19.requires_grad:  True True
Autograd grad max:  tensor(69.2125, device='cuda:0')
Autograd grad min:  tensor(-92.8538, device='cuda:0')
Autograd grad mean:  tensor(-0.0919, device='cuda:0')
[Step 88] PGD Update - Time: 0.0011s, Mem: 0.00 B

[Step 88] 完整步骤总时间: 18.993452s | 总显存: 0.00 B
[Step 88] 峰值显存: 6.22 GB

[Step 89] ============ 详细性能分析 ============
[模型部分] 总时间: 6.743661s | 显存: 4.12 GB

[0-9秒 PDE求解详细性能]
  t=0s - 时间: 0.000000s | 显存: 0.00 B
  t=1s - 时间: 0.456342s | 显存: 0.00 B
  t=2s - 时间: 0.521895s | 显存: 0.00 B
  t=3s - 时间: 0.604482s | 显存: 0.00 B
  t=4s - 时间: 0.650924s | 显存: 0.00 B
  t=5s - 时间: 0.736750s | 显存: 0.00 B
  t=6s - 时间: 0.820119s | 显存: 0.00 B
  t=7s - 时间: 0.903353s | 显存: 0.00 B
  t=8s - 时间: 0.975087s | 显存: 0.00 B
  t=9s - 时间: 1.053453s | 显存: 0.00 B

[19秒 PDE求解]
  t=19.0s - 时间: 1.866915s | 显存: 0.00 B

[PDE求解部分] 总时间: 1.867276s | 显存: 0.00 B

[本步骤总计] 时间: 8.610937s | 显存: 4.12 GB
orginal_loss:  tensor(5336.7490, device='cuda:0', grad_fn=<MseLossBackward0>)
[Step 89] Backward Propagation - Time: 10.1585s, Mem: -4413235200.00 B
x_adv.requires_grad:  True
pred_19.requires_grad, true_19.requires_grad:  True True
Autograd grad max:  tensor(60.7807, device='cuda:0')
Autograd grad min:  tensor(-92.0131, device='cuda:0')
Autograd grad mean:  tensor(-0.0908, device='cuda:0')
[Step 89] PGD Update - Time: 0.0012s, Mem: 0.00 B

[Step 89] 完整步骤总时间: 18.774803s | 总显存: 0.00 B
[Step 89] 峰值显存: 6.22 GB

[Step 90] ============ 详细性能分析 ============
[模型部分] 总时间: 6.693796s | 显存: 4.12 GB

[0-9秒 PDE求解详细性能]
  t=0s - 时间: 0.000000s | 显存: 0.00 B
  t=1s - 时间: 0.431586s | 显存: 0.00 B
  t=2s - 时间: 0.495542s | 显存: 0.00 B
  t=3s - 时间: 0.581503s | 显存: 0.00 B
  t=4s - 时间: 0.688458s | 显存: 0.00 B
  t=5s - 时间: 0.743544s | 显存: 0.00 B
  t=6s - 时间: 0.829069s | 显存: 0.00 B
  t=7s - 时间: 0.893730s | 显存: 0.00 B
  t=8s - 时间: 0.952116s | 显存: 0.00 B
  t=9s - 时间: 1.057048s | 显存: 0.00 B

[19秒 PDE求解]
  t=19.0s - 时间: 1.898897s | 显存: 0.00 B

[PDE求解部分] 总时间: 1.899319s | 显存: 0.00 B

[本步骤总计] 时间: 8.593115s | 显存: 4.12 GB
orginal_loss:  tensor(4788.0376, device='cuda:0', grad_fn=<MseLossBackward0>)
[Step 90] Backward Propagation - Time: 10.4388s, Mem: -4413235200.00 B
x_adv.requires_grad:  True
pred_19.requires_grad, true_19.requires_grad:  True True
Autograd grad max:  tensor(53.3582, device='cuda:0')
Autograd grad min:  tensor(-92.5842, device='cuda:0')
Autograd grad mean:  tensor(-0.0893, device='cuda:0')
[Step 90] PGD Update - Time: 0.0011s, Mem: 0.00 B

[Step 90] 完整步骤总时间: 19.037309s | 总显存: 0.00 B
[Step 90] 峰值显存: 6.22 GB

[Step 91] ============ 详细性能分析 ============
[模型部分] 总时间: 6.906079s | 显存: 4.12 GB

[0-9秒 PDE求解详细性能]
  t=0s - 时间: 0.000000s | 显存: 0.00 B
  t=1s - 时间: 0.456799s | 显存: 0.00 B
  t=2s - 时间: 0.540694s | 显存: 0.00 B
  t=3s - 时间: 0.617732s | 显存: 0.00 B
  t=4s - 时间: 0.692380s | 显存: 0.00 B
  t=5s - 时间: 0.759919s | 显存: 0.00 B
  t=6s - 时间: 0.818773s | 显存: 0.00 B
  t=7s - 时间: 0.932623s | 显存: 0.00 B
  t=8s - 时间: 1.001221s | 显存: 0.00 B
  t=9s - 时间: 1.064417s | 显存: 0.00 B

[19秒 PDE求解]
  t=19.0s - 时间: 1.873559s | 显存: 0.00 B

[PDE求解部分] 总时间: 1.873975s | 显存: 0.00 B

[本步骤总计] 时间: 8.780054s | 显存: 4.12 GB
orginal_loss:  tensor(4369.0376, device='cuda:0', grad_fn=<MseLossBackward0>)
[Step 91] Backward Propagation - Time: 10.2627s, Mem: -4413235200.00 B
x_adv.requires_grad:  True
pred_19.requires_grad, true_19.requires_grad:  True True
Autograd grad max:  tensor(61.3332, device='cuda:0')
Autograd grad min:  tensor(-97.8187, device='cuda:0')
Autograd grad mean:  tensor(-0.0878, device='cuda:0')
[Step 91] PGD Update - Time: 0.0012s, Mem: 0.00 B

[Step 91] 完整步骤总时间: 19.048489s | 总显存: 0.00 B
[Step 91] 峰值显存: 6.22 GB

[Step 92] ============ 详细性能分析 ============
[模型部分] 总时间: 6.835106s | 显存: 4.12 GB

[0-9秒 PDE求解详细性能]
  t=0s - 时间: 0.000000s | 显存: 0.00 B
  t=1s - 时间: 0.452468s | 显存: 0.00 B
  t=2s - 时间: 0.525181s | 显存: 0.00 B
  t=3s - 时间: 0.590318s | 显存: 0.00 B
  t=4s - 时间: 0.656440s | 显存: 0.00 B
  t=5s - 时间: 0.736632s | 显存: 0.00 B
  t=6s - 时间: 0.819098s | 显存: 0.00 B
  t=7s - 时间: 0.897314s | 显存: 0.00 B
  t=8s - 时间: 1.010631s | 显存: 0.00 B
  t=9s - 时间: 1.125810s | 显存: 0.00 B

[19秒 PDE求解]
  t=19.0s - 时间: 1.865268s | 显存: 0.00 B

[PDE求解部分] 总时间: 1.865604s | 显存: 0.00 B

[本步骤总计] 时间: 8.700710s | 显存: 4.12 GB
orginal_loss:  tensor(4075.1829, device='cuda:0', grad_fn=<MseLossBackward0>)
[Step 92] Backward Propagation - Time: 10.2102s, Mem: -4413235200.00 B
x_adv.requires_grad:  True
pred_19.requires_grad, true_19.requires_grad:  True True
Autograd grad max:  tensor(69.0815, device='cuda:0')
Autograd grad min:  tensor(-102.6755, device='cuda:0')
Autograd grad mean:  tensor(-0.0775, device='cuda:0')
[Step 92] PGD Update - Time: 0.0012s, Mem: 0.00 B

[Step 92] 完整步骤总时间: 18.916610s | 总显存: 0.00 B
[Step 92] 峰值显存: 6.22 GB

[Step 93] ============ 详细性能分析 ============
[模型部分] 总时间: 6.796927s | 显存: 4.12 GB

[0-9秒 PDE求解详细性能]
  t=0s - 时间: 0.000000s | 显存: 0.00 B
  t=1s - 时间: 0.464282s | 显存: 0.00 B
  t=2s - 时间: 0.543049s | 显存: 0.00 B
  t=3s - 时间: 0.609347s | 显存: 0.00 B
  t=4s - 时间: 0.681172s | 显存: 0.00 B
  t=5s - 时间: 0.735694s | 显存: 0.00 B
  t=6s - 时间: 0.818985s | 显存: 0.00 B
  t=7s - 时间: 0.897738s | 显存: 0.00 B
  t=8s - 时间: 0.952378s | 显存: 0.00 B
  t=9s - 时间: 1.073111s | 显存: 0.00 B

[19秒 PDE求解]
  t=19.0s - 时间: 1.865230s | 显存: 0.00 B

[PDE求解部分] 总时间: 1.865593s | 显存: 0.00 B

[本步骤总计] 时间: 8.662519s | 显存: 4.12 GB
orginal_loss:  tensor(3332.0405, device='cuda:0', grad_fn=<MseLossBackward0>)
[Step 93] Backward Propagation - Time: 10.4309s, Mem: -4413235200.00 B
x_adv.requires_grad:  True
pred_19.requires_grad, true_19.requires_grad:  True True
Autograd grad max:  tensor(62.6145, device='cuda:0')
Autograd grad min:  tensor(-91.7216, device='cuda:0')
Autograd grad mean:  tensor(-0.0385, device='cuda:0')
[Step 93] PGD Update - Time: 0.0011s, Mem: 0.00 B

[Step 93] 完整步骤总时间: 19.098796s | 总显存: 0.00 B
[Step 93] 峰值显存: 6.22 GB

[Step 94] ============ 详细性能分析 ============
[模型部分] 总时间: 6.758838s | 显存: 4.12 GB

[0-9秒 PDE求解详细性能]
  t=0s - 时间: 0.000000s | 显存: 0.00 B
  t=1s - 时间: 0.426644s | 显存: 0.00 B
  t=2s - 时间: 0.527167s | 显存: 0.00 B
  t=3s - 时间: 0.578656s | 显存: 0.00 B
  t=4s - 时间: 0.674592s | 显存: 0.00 B
  t=5s - 时间: 0.746334s | 显存: 0.00 B
  t=6s - 时间: 0.816156s | 显存: 0.00 B
  t=7s - 时间: 0.880031s | 显存: 0.00 B
  t=8s - 时间: 0.979235s | 显存: 0.00 B
  t=9s - 时间: 1.087714s | 显存: 0.00 B

[19秒 PDE求解]
  t=19.0s - 时间: 1.865597s | 显存: 0.00 B

[PDE求解部分] 总时间: 1.865981s | 显存: 0.00 B

[本步骤总计] 时间: 8.624819s | 显存: 4.12 GB
orginal_loss:  tensor(2891.8037, device='cuda:0', grad_fn=<MseLossBackward0>)
[Step 94] Backward Propagation - Time: 16.6696s, Mem: -4413235200.00 B
x_adv.requires_grad:  True
pred_19.requires_grad, true_19.requires_grad:  True True
Autograd grad max:  tensor(56.3537, device='cuda:0')
Autograd grad min:  tensor(-85.6758, device='cuda:0')
Autograd grad mean:  tensor(-0.0109, device='cuda:0')
[Step 94] PGD Update - Time: 0.0012s, Mem: 0.00 B

[Step 94] 完整步骤总时间: 25.300083s | 总显存: 0.00 B
[Step 94] 峰值显存: 6.22 GB

[Step 95] ============ 详细性能分析 ============
[模型部分] 总时间: 6.727346s | 显存: 4.12 GB

[0-9秒 PDE求解详细性能]
  t=0s - 时间: 0.000000s | 显存: 0.00 B
  t=1s - 时间: 0.428739s | 显存: 0.00 B
  t=2s - 时间: 0.511924s | 显存: 0.00 B
  t=3s - 时间: 0.568256s | 显存: 0.00 B
  t=4s - 时间: 0.656302s | 显存: 0.00 B
  t=5s - 时间: 0.721294s | 显存: 0.00 B
  t=6s - 时间: 0.840723s | 显存: 0.00 B
  t=7s - 时间: 0.932427s | 显存: 0.00 B
  t=8s - 时间: 0.994922s | 显存: 0.00 B
  t=9s - 时间: 1.051416s | 显存: 0.00 B

[19秒 PDE求解]
  t=19.0s - 时间: 1.835465s | 显存: 0.00 B

[PDE求解部分] 总时间: 1.835866s | 显存: 0.00 B

[本步骤总计] 时间: 8.563213s | 显存: 4.12 GB
orginal_loss:  tensor(3174.8513, device='cuda:0', grad_fn=<MseLossBackward0>)
[Step 95] Backward Propagation - Time: 10.3062s, Mem: -4413235200.00 B
x_adv.requires_grad:  True
pred_19.requires_grad, true_19.requires_grad:  True True
Autograd grad max:  tensor(71.9858, device='cuda:0')
Autograd grad min:  tensor(-97.4358, device='cuda:0')
Autograd grad mean:  tensor(0.0277, device='cuda:0')
[Step 95] PGD Update - Time: 0.0011s, Mem: 0.00 B

[Step 95] 完整步骤总时间: 18.875822s | 总显存: 0.00 B
[Step 95] 峰值显存: 6.22 GB

[Step 96] ============ 详细性能分析 ============
[模型部分] 总时间: 6.933922s | 显存: 4.12 GB

[0-9秒 PDE求解详细性能]
  t=0s - 时间: 0.000000s | 显存: 0.00 B
  t=1s - 时间: 0.458347s | 显存: 0.00 B
  t=2s - 时间: 0.527348s | 显存: 0.00 B
  t=3s - 时间: 0.618490s | 显存: 0.00 B
  t=4s - 时间: 0.679729s | 显存: 0.00 B
  t=5s - 时间: 0.780931s | 显存: 0.00 B
  t=6s - 时间: 0.848930s | 显存: 0.00 B
  t=7s - 时间: 0.931542s | 显存: 0.00 B
  t=8s - 时间: 1.011190s | 显存: 0.00 B
  t=9s - 时间: 1.056317s | 显存: 0.00 B

[19秒 PDE求解]
  t=19.0s - 时间: 1.836081s | 显存: 0.00 B

[PDE求解部分] 总时间: 1.836428s | 显存: 0.00 B

[本步骤总计] 时间: 8.770349s | 显存: 4.12 GB
orginal_loss:  tensor(3306.1699, device='cuda:0', grad_fn=<MseLossBackward0>)
[Step 96] Backward Propagation - Time: 10.2440s, Mem: -4413235200.00 B
x_adv.requires_grad:  True
pred_19.requires_grad, true_19.requires_grad:  True True
Autograd grad max:  tensor(65.4413, device='cuda:0')
Autograd grad min:  tensor(-84.2622, device='cuda:0')
Autograd grad mean:  tensor(0.0370, device='cuda:0')
[Step 96] PGD Update - Time: 0.0011s, Mem: 0.00 B

[Step 96] 完整步骤总时间: 19.019590s | 总显存: 0.00 B
[Step 96] 峰值显存: 6.22 GB

[Step 97] ============ 详细性能分析 ============
[模型部分] 总时间: 6.710249s | 显存: 4.12 GB

[0-9秒 PDE求解详细性能]
  t=0s - 时间: 0.000000s | 显存: 0.00 B
  t=1s - 时间: 0.418457s | 显存: 0.00 B
  t=2s - 时间: 0.482357s | 显存: 0.00 B
  t=3s - 时间: 0.580205s | 显存: 0.00 B
  t=4s - 时间: 0.683062s | 显存: 0.00 B
  t=5s - 时间: 0.724129s | 显存: 0.00 B
  t=6s - 时间: 0.815139s | 显存: 0.00 B
  t=7s - 时间: 0.912260s | 显存: 0.00 B
  t=8s - 时间: 0.977932s | 显存: 0.00 B
  t=9s - 时间: 1.095688s | 显存: 0.00 B

[19秒 PDE求解]
  t=19.0s - 时间: 2.100076s | 显存: 0.00 B

[PDE求解部分] 总时间: 2.107625s | 显存: 0.00 B

[本步骤总计] 时间: 8.817874s | 显存: 4.12 GB
orginal_loss:  tensor(3952.4126, device='cuda:0', grad_fn=<MseLossBackward0>)
[Step 97] Backward Propagation - Time: 10.2932s, Mem: -4413235200.00 B
x_adv.requires_grad:  True
pred_19.requires_grad, true_19.requires_grad:  True True
Autograd grad max:  tensor(58.4902, device='cuda:0')
Autograd grad min:  tensor(-62.9388, device='cuda:0')
Autograd grad mean:  tensor(0.0306, device='cuda:0')
[Step 97] PGD Update - Time: 0.0011s, Mem: 0.00 B

[Step 97] 完整步骤总时间: 19.157751s | 总显存: 0.00 B
[Step 97] 峰值显存: 6.22 GB

[Step 98] ============ 详细性能分析 ============
[模型部分] 总时间: 6.625984s | 显存: 4.12 GB

[0-9秒 PDE求解详细性能]
  t=0s - 时间: 0.000000s | 显存: 0.00 B
  t=1s - 时间: 0.446054s | 显存: 0.00 B
  t=2s - 时间: 0.536717s | 显存: 0.00 B
  t=3s - 时间: 0.586460s | 显存: 0.00 B
  t=4s - 时间: 0.646257s | 显存: 0.00 B
  t=5s - 时间: 0.722927s | 显存: 0.00 B
  t=6s - 时间: 0.791415s | 显存: 0.00 B
  t=7s - 时间: 0.890827s | 显存: 0.00 B
  t=8s - 时间: 0.953164s | 显存: 0.00 B
  t=9s - 时间: 1.030906s | 显存: 0.00 B

[19秒 PDE求解]
  t=19.0s - 时间: 1.867112s | 显存: 0.00 B

[PDE求解部分] 总时间: 1.867532s | 显存: 0.00 B

[本步骤总计] 时间: 8.493516s | 显存: 4.12 GB
orginal_loss:  tensor(4691.5947, device='cuda:0', grad_fn=<MseLossBackward0>)
[Step 98] Backward Propagation - Time: 10.4444s, Mem: -4413235200.00 B
x_adv.requires_grad:  True
pred_19.requires_grad, true_19.requires_grad:  True True
Autograd grad max:  tensor(91.8515, device='cuda:0')
Autograd grad min:  tensor(-81.6731, device='cuda:0')
Autograd grad mean:  tensor(-0.0051, device='cuda:0')
[Step 98] PGD Update - Time: 0.0013s, Mem: 0.00 B

[Step 98] 完整步骤总时间: 18.944840s | 总显存: 0.00 B
[Step 98] 峰值显存: 6.22 GB

[Step 99] ============ 详细性能分析 ============
[模型部分] 总时间: 6.825630s | 显存: 4.12 GB

[0-9秒 PDE求解详细性能]
  t=0s - 时间: 0.000000s | 显存: 0.00 B
  t=1s - 时间: 0.462880s | 显存: 0.00 B
  t=2s - 时间: 0.524489s | 显存: 0.00 B
  t=3s - 时间: 0.571765s | 显存: 0.00 B
  t=4s - 时间: 0.688506s | 显存: 0.00 B
  t=5s - 时间: 0.759589s | 显存: 0.00 B
  t=6s - 时间: 0.819483s | 显存: 0.00 B
  t=7s - 时间: 0.916135s | 显存: 0.00 B
  t=8s - 时间: 0.991817s | 显存: 0.00 B
  t=9s - 时间: 1.069669s | 显存: 0.00 B

[19秒 PDE求解]
  t=19.0s - 时间: 1.855732s | 显存: 0.00 B

[PDE求解部分] 总时间: 1.856071s | 显存: 0.00 B

[本步骤总计] 时间: 8.681701s | 显存: 4.12 GB
orginal_loss:  tensor(4244.3262, device='cuda:0', grad_fn=<MseLossBackward0>)
[Step 99] Backward Propagation - Time: 10.3421s, Mem: -4413235200.00 B
x_adv.requires_grad:  True
pred_19.requires_grad, true_19.requires_grad:  True True
Autograd grad max:  tensor(94.5934, device='cuda:0')
Autograd grad min:  tensor(-71.8928, device='cuda:0')
Autograd grad mean:  tensor(-0.0535, device='cuda:0')
[Step 99] PGD Update - Time: 0.0012s, Mem: 0.00 B

[Step 99] 完整步骤总时间: 19.029777s | 总显存: 0.00 B
[Step 99] 峰值显存: 6.22 GB
清理前显存占用: 2092.6298828125 MB
PGD攻击完成！显存已清理
当前显存占用: 2092.1298828125 MB
