attack_root,scope,n,x,y,pearson,spearman
burgers_run2_ns50_p2q2_loss3_checkpoint_series_svd20_attack_correlation_20260608,all_samples_all_models,120,error_spectral_norm,endpoint_growth_mse,0.5158650310171687,0.6549204805889297
burgers_run2_ns50_p2q2_loss3_checkpoint_series_svd20_attack_correlation_20260608,all_samples_all_models,120,error_spectral_norm,residual_change_mse,0.5552327905361255,0.6768664490589623
burgers_run2_ns50_p2q2_loss3_checkpoint_series_svd20_attack_correlation_20260608,all_samples_all_models,120,error_spectral_norm,residual_change_rms,0.610348424546934,0.6768664490589623
burgers_run2_ns50_p2q2_loss3_checkpoint_series_svd20_attack_correlation_20260608,all_samples_all_models,120,error_spectral_norm,cross_term_mse,-0.8077574446558837,-0.5705535106604624
burgers_run2_ns50_p2q2_loss3_checkpoint_series_svd20_attack_correlation_20260608,all_samples_all_models,120,error_spectral_norm,residual_change_clean_cosine,-0.46905996247157017,-0.5327244947565802
burgers_run2_ns50_p2q2_loss3_checkpoint_series_svd20_attack_correlation_20260608,all_samples_all_models,120,error_spectral_norm,final_loss_mse,0.531880322156484,0.6707549135356621
burgers_run2_ns50_p2q2_loss3_checkpoint_series_svd20_attack_correlation_20260608,all_samples_all_models,120,error_spectral_norm,initial_loss_mse,0.893374844402687,0.8598583234946869
burgers_run2_ns50_p2q2_loss3_checkpoint_series_svd20_attack_correlation_20260608,all_samples_all_models,120,fro_norm,endpoint_growth_mse,0.5659313567497164,0.7194527397735953
burgers_run2_ns50_p2q2_loss3_checkpoint_series_svd20_attack_correlation_20260608,all_samples_all_models,120,fro_norm,residual_change_mse,0.6025374602190546,0.7398986040697269
burgers_run2_ns50_p2q2_loss3_checkpoint_series_svd20_attack_correlation_20260608,all_samples_all_models,120,fro_norm,residual_change_rms,0.6602023816294954,0.7398986040697269
burgers_run2_ns50_p2q2_loss3_checkpoint_series_svd20_attack_correlation_20260608,all_samples_all_models,120,fro_norm,cross_term_mse,-0.7971678448456938,-0.5586776859504132
burgers_run2_ns50_p2q2_loss3_checkpoint_series_svd20_attack_correlation_20260608,all_samples_all_models,120,fro_norm,residual_change_clean_cosine,-0.46690897187396124,-0.5331898048475588
burgers_run2_ns50_p2q2_loss3_checkpoint_series_svd20_attack_correlation_20260608,all_samples_all_models,120,fro_norm,final_loss_mse,0.5815510600950462,0.7375720536148342
burgers_run2_ns50_p2q2_loss3_checkpoint_series_svd20_attack_correlation_20260608,all_samples_all_models,120,fro_norm,initial_loss_mse,0.9058431163339645,0.9354538509618722
burgers_run2_ns50_p2q2_loss3_checkpoint_series_svd20_attack_correlation_20260608,all_samples_all_models,120,effective_rank,endpoint_growth_mse,-0.12840257066660352,-0.3329120077783179
burgers_run2_ns50_p2q2_loss3_checkpoint_series_svd20_attack_correlation_20260608,all_samples_all_models,120,effective_rank,residual_change_mse,-0.14792777002508944,-0.360434752413362
burgers_run2_ns50_p2q2_loss3_checkpoint_series_svd20_attack_correlation_20260608,all_samples_all_models,120,effective_rank,residual_change_rms,-0.1719490490897961,-0.360434752413362
burgers_run2_ns50_p2q2_loss3_checkpoint_series_svd20_attack_correlation_20260608,all_samples_all_models,120,effective_rank,cross_term_mse,0.3325422402052708,0.4974303771095215
burgers_run2_ns50_p2q2_loss3_checkpoint_series_svd20_attack_correlation_20260608,all_samples_all_models,120,effective_rank,residual_change_clean_cosine,0.23866110376376087,0.45988610320161116
burgers_run2_ns50_p2q2_loss3_checkpoint_series_svd20_attack_correlation_20260608,all_samples_all_models,120,effective_rank,final_loss_mse,-0.13684299679512665,-0.34390582679352727
burgers_run2_ns50_p2q2_loss3_checkpoint_series_svd20_attack_correlation_20260608,all_samples_all_models,120,effective_rank,initial_loss_mse,-0.3919420578631559,-0.5236683102993263
burgers_run2_ns50_p2q2_loss3_checkpoint_series_svd20_attack_correlation_20260608,all_samples_all_models,120,sv_01,endpoint_growth_mse,0.5158650310171687,0.6549204805889297
burgers_run2_ns50_p2q2_loss3_checkpoint_series_svd20_attack_correlation_20260608,all_samples_all_models,120,sv_01,residual_change_mse,0.5552327905361255,0.6768664490589623
burgers_run2_ns50_p2q2_loss3_checkpoint_series_svd20_attack_correlation_20260608,all_samples_all_models,120,sv_01,residual_change_rms,0.610348424546934,0.6768664490589623
burgers_run2_ns50_p2q2_loss3_checkpoint_series_svd20_attack_correlation_20260608,all_samples_all_models,120,sv_01,cross_term_mse,-0.8077574446558837,-0.5705535106604624
burgers_run2_ns50_p2q2_loss3_checkpoint_series_svd20_attack_correlation_20260608,all_samples_all_models,120,sv_01,residual_change_clean_cosine,-0.46905996247157017,-0.5327244947565802
burgers_run2_ns50_p2q2_loss3_checkpoint_series_svd20_attack_correlation_20260608,all_samples_all_models,120,sv_01,final_loss_mse,0.531880322156484,0.6707549135356621
burgers_run2_ns50_p2q2_loss3_checkpoint_series_svd20_attack_correlation_20260608,all_samples_all_models,120,sv_01,initial_loss_mse,0.893374844402687,0.8598583234946869
burgers_run2_ns50_p2q2_loss3_checkpoint_series_svd20_attack_correlation_20260608,all_samples_all_models,120,sv_02,endpoint_growth_mse,0.6278811937796029,0.6018265157302589
burgers_run2_ns50_p2q2_loss3_checkpoint_series_svd20_attack_correlation_20260608,all_samples_all_models,120,sv_02,residual_change_mse,0.6188187338231591,0.607889436766442
burgers_run2_ns50_p2q2_loss3_checkpoint_series_svd20_attack_correlation_20260608,all_samples_all_models,120,sv_02,residual_change_rms,0.6228188607429598,0.607889436766442
burgers_run2_ns50_p2q2_loss3_checkpoint_series_svd20_attack_correlation_20260608,all_samples_all_models,120,sv_02,cross_term_mse,-0.212885617969368,-0.280984790610459
burgers_run2_ns50_p2q2_loss3_checkpoint_series_svd20_attack_correlation_20260608,all_samples_all_models,120,sv_02,residual_change_clean_cosine,-0.1586760577536341,-0.2708590874366275
burgers_run2_ns50_p2q2_loss3_checkpoint_series_svd20_attack_correlation_20260608,all_samples_all_models,120,sv_02,final_loss_mse,0.629810766749322,0.617528995069102
burgers_run2_ns50_p2q2_loss3_checkpoint_series_svd20_attack_correlation_20260608,all_samples_all_models,120,sv_02,initial_loss_mse,0.4187014746943363,0.7641919577748454
burgers_run2_ns50_p2q2_loss3_checkpoint_series_svd20_attack_correlation_20260608,all_samples_all_models,120,sv_05,endpoint_growth_mse,0.6683229140550528,0.6644975345510105
burgers_run2_ns50_p2q2_loss3_checkpoint_series_svd20_attack_correlation_20260608,all_samples_all_models,120,sv_05,residual_change_mse,0.6608720653048765,0.6539134662129314
burgers_run2_ns50_p2q2_loss3_checkpoint_series_svd20_attack_correlation_20260608,all_samples_all_models,120,sv_05,residual_change_rms,0.666621233187286,0.6539134662129314
burgers_run2_ns50_p2q2_loss3_checkpoint_series_svd20_attack_correlation_20260608,all_samples_all_models,120,sv_05,cross_term_mse,-0.256275098190209,-0.20264601708451974
burgers_run2_ns50_p2q2_loss3_checkpoint_series_svd20_attack_correlation_20260608,all_samples_all_models,120,sv_05,residual_change_clean_cosine,-0.14225767251546345,-0.19074241266754635
burgers_run2_ns50_p2q2_loss3_checkpoint_series_svd20_attack_correlation_20260608,all_samples_all_models,120,sv_05,final_loss_mse,0.6686304148835045,0.6722550177095631
burgers_run2_ns50_p2q2_loss3_checkpoint_series_svd20_attack_correlation_20260608,all_samples_all_models,120,sv_05,initial_loss_mse,0.3791837036194751,0.6946176817834571
burgers_run2_ns50_p2q2_loss3_checkpoint_series_svd20_attack_correlation_20260608,all_samples_all_models,120,sv_10,endpoint_growth_mse,0.7266439303066929,0.7128758941593165
burgers_run2_ns50_p2q2_loss3_checkpoint_series_svd20_attack_correlation_20260608,all_samples_all_models,120,sv_10,residual_change_mse,0.7265463018952534,0.7044655878880477
burgers_run2_ns50_p2q2_loss3_checkpoint_series_svd20_attack_correlation_20260608,all_samples_all_models,120,sv_10,residual_change_rms,0.7567823972633229,0.7044655878880477
burgers_run2_ns50_p2q2_loss3_checkpoint_series_svd20_attack_correlation_20260608,all_samples_all_models,120,sv_10,cross_term_mse,-0.38683374889501204,-0.27216473366205984
burgers_run2_ns50_p2q2_loss3_checkpoint_series_svd20_attack_correlation_20260608,all_samples_all_models,120,sv_10,residual_change_clean_cosine,-0.2008946405442527,-0.2538856865060073
burgers_run2_ns50_p2q2_loss3_checkpoint_series_svd20_attack_correlation_20260608,all_samples_all_models,120,sv_10,final_loss_mse,0.7298466076614792,0.7215848322800194
burgers_run2_ns50_p2q2_loss3_checkpoint_series_svd20_attack_correlation_20260608,all_samples_all_models,120,sv_10,initial_loss_mse,0.5214753189705411,0.7396902562677963
burgers_run2_ns50_p2q2_loss3_checkpoint_series_svd20_attack_correlation_20260608,all_samples_all_models,120,sv_20,endpoint_growth_mse,0.6760639464727088,0.716334467671366
burgers_run2_ns50_p2q2_loss3_checkpoint_series_svd20_attack_correlation_20260608,all_samples_all_models,120,sv_20,residual_change_mse,0.6789806323891426,0.7083964164178067
burgers_run2_ns50_p2q2_loss3_checkpoint_series_svd20_attack_correlation_20260608,all_samples_all_models,120,sv_20,residual_change_rms,0.7266750218367137,0.7083964164178067
burgers_run2_ns50_p2q2_loss3_checkpoint_series_svd20_attack_correlation_20260608,all_samples_all_models,120,sv_20,cross_term_mse,-0.4005645891745889,-0.2886450447947774
burgers_run2_ns50_p2q2_loss3_checkpoint_series_svd20_attack_correlation_20260608,all_samples_all_models,120,sv_20,residual_change_clean_cosine,-0.22826950331093193,-0.2509688172789777
burgers_run2_ns50_p2q2_loss3_checkpoint_series_svd20_attack_correlation_20260608,all_samples_all_models,120,sv_20,final_loss_mse,0.6798686455024774,0.7242725189249253
burgers_run2_ns50_p2q2_loss3_checkpoint_series_svd20_attack_correlation_20260608,all_samples_all_models,120,sv_20,initial_loss_mse,0.5165839224495097,0.7145565664282242
burgers_run2_ns50_p2q2_loss3_checkpoint_series_svd20_attack_correlation_20260608,all_samples_trained,100,error_spectral_norm,endpoint_growth_mse,0.6420684842148489,0.6884128412841284
burgers_run2_ns50_p2q2_loss3_checkpoint_series_svd20_attack_correlation_20260608,all_samples_trained,100,error_spectral_norm,residual_change_mse,0.6940670489579451,0.71005100510051
burgers_run2_ns50_p2q2_loss3_checkpoint_series_svd20_attack_correlation_20260608,all_samples_trained,100,error_spectral_norm,residual_change_rms,0.7229758262274187,0.71005100510051
burgers_run2_ns50_p2q2_loss3_checkpoint_series_svd20_attack_correlation_20260608,all_samples_trained,100,error_spectral_norm,cross_term_mse,-0.8568548837948752,-0.5862466246624662
burgers_run2_ns50_p2q2_loss3_checkpoint_series_svd20_attack_correlation_20260608,all_samples_trained,100,error_spectral_norm,residual_change_clean_cosine,-0.49066865356256867,-0.5634923492349234
burgers_run2_ns50_p2q2_loss3_checkpoint_series_svd20_attack_correlation_20260608,all_samples_trained,100,error_spectral_norm,final_loss_mse,0.6654744316169663,0.7058745874587459
burgers_run2_ns50_p2q2_loss3_checkpoint_series_svd20_attack_correlation_20260608,all_samples_trained,100,error_spectral_norm,initial_loss_mse,0.9131799139702742,0.8558535853585357
burgers_run2_ns50_p2q2_loss3_checkpoint_series_svd20_attack_correlation_20260608,all_samples_trained,100,fro_norm,endpoint_growth_mse,0.6643901021691309,0.7200600060006
burgers_run2_ns50_p2q2_loss3_checkpoint_series_svd20_attack_correlation_20260608,all_samples_trained,100,fro_norm,residual_change_mse,0.7125012097330381,0.7422022202220221
burgers_run2_ns50_p2q2_loss3_checkpoint_series_svd20_attack_correlation_20260608,all_samples_trained,100,fro_norm,residual_change_rms,0.7477384801527883,0.7422022202220221
burgers_run2_ns50_p2q2_loss3_checkpoint_series_svd20_attack_correlation_20260608,all_samples_trained,100,fro_norm,cross_term_mse,-0.8493382536868704,-0.5892949294929493
burgers_run2_ns50_p2q2_loss3_checkpoint_series_svd20_attack_correlation_20260608,all_samples_trained,100,fro_norm,residual_change_clean_cosine,-0.4951262462349359,-0.5762376237623762
burgers_run2_ns50_p2q2_loss3_checkpoint_series_svd20_attack_correlation_20260608,all_samples_trained,100,fro_norm,final_loss_mse,0.687566803994176,0.7411581158115811
burgers_run2_ns50_p2q2_loss3_checkpoint_series_svd20_attack_correlation_20260608,all_samples_trained,100,fro_norm,initial_loss_mse,0.9273798700346728,0.9247884788478846
burgers_run2_ns50_p2q2_loss3_checkpoint_series_svd20_attack_correlation_20260608,all_samples_trained,100,effective_rank,endpoint_growth_mse,-0.2797921067020006,-0.507074707470747
burgers_run2_ns50_p2q2_loss3_checkpoint_series_svd20_attack_correlation_20260608,all_samples_trained,100,effective_rank,residual_change_mse,-0.3021088791550266,-0.528016801680168
burgers_run2_ns50_p2q2_loss3_checkpoint_series_svd20_attack_correlation_20260608,all_samples_trained,100,effective_rank,residual_change_rms,-0.36546270352829346,-0.528016801680168
burgers_run2_ns50_p2q2_loss3_checkpoint_series_svd20_attack_correlation_20260608,all_samples_trained,100,effective_rank,cross_term_mse,0.37114554849569475,0.49770177017701767
burgers_run2_ns50_p2q2_loss3_checkpoint_series_svd20_attack_correlation_20260608,all_samples_trained,100,effective_rank,residual_change_clean_cosine,0.2692747378659332,0.477047704770477
burgers_run2_ns50_p2q2_loss3_checkpoint_series_svd20_attack_correlation_20260608,all_samples_trained,100,effective_rank,final_loss_mse,-0.29141728594508803,-0.5165556555655565
burgers_run2_ns50_p2q2_loss3_checkpoint_series_svd20_attack_correlation_20260608,all_samples_trained,100,effective_rank,initial_loss_mse,-0.42191868201627647,-0.5778457845784577
burgers_run2_ns50_p2q2_loss3_checkpoint_series_svd20_attack_correlation_20260608,all_samples_trained,100,sv_01,endpoint_growth_mse,0.6420684842148489,0.6884128412841284
burgers_run2_ns50_p2q2_loss3_checkpoint_series_svd20_attack_correlation_20260608,all_samples_trained,100,sv_01,residual_change_mse,0.6940670489579451,0.71005100510051
burgers_run2_ns50_p2q2_loss3_checkpoint_series_svd20_attack_correlation_20260608,all_samples_trained,100,sv_01,residual_change_rms,0.7229758262274187,0.71005100510051
burgers_run2_ns50_p2q2_loss3_checkpoint_series_svd20_attack_correlation_20260608,all_samples_trained,100,sv_01,cross_term_mse,-0.8568548837948752,-0.5862466246624662
burgers_run2_ns50_p2q2_loss3_checkpoint_series_svd20_attack_correlation_20260608,all_samples_trained,100,sv_01,residual_change_clean_cosine,-0.49066865356256867,-0.5634923492349234
burgers_run2_ns50_p2q2_loss3_checkpoint_series_svd20_attack_correlation_20260608,all_samples_trained,100,sv_01,final_loss_mse,0.6654744316169663,0.7058745874587459
burgers_run2_ns50_p2q2_loss3_checkpoint_series_svd20_attack_correlation_20260608,all_samples_trained,100,sv_01,initial_loss_mse,0.9131799139702742,0.8558535853585357
burgers_run2_ns50_p2q2_loss3_checkpoint_series_svd20_attack_correlation_20260608,all_samples_trained,100,sv_02,endpoint_growth_mse,0.29497274386975875,0.48816081608160805
burgers_run2_ns50_p2q2_loss3_checkpoint_series_svd20_attack_correlation_20260608,all_samples_trained,100,sv_02,residual_change_mse,0.2743621745950032,0.5048304830483048
burgers_run2_ns50_p2q2_loss3_checkpoint_series_svd20_attack_correlation_20260608,all_samples_trained,100,sv_02,residual_change_rms,0.36638578966392776,0.5048304830483048
burgers_run2_ns50_p2q2_loss3_checkpoint_series_svd20_attack_correlation_20260608,all_samples_trained,100,sv_02,cross_term_mse,-0.10216372364618369,-0.33660966096609657
burgers_run2_ns50_p2q2_loss3_checkpoint_series_svd20_attack_correlation_20260608,all_samples_trained,100,sv_02,residual_change_clean_cosine,-0.17907226896204417,-0.3442424242424242
burgers_run2_ns50_p2q2_loss3_checkpoint_series_svd20_attack_correlation_20260608,all_samples_trained,100,sv_02,final_loss_mse,0.2991166523044675,0.5112391239123911
burgers_run2_ns50_p2q2_loss3_checkpoint_series_svd20_attack_correlation_20260608,all_samples_trained,100,sv_02,initial_loss_mse,0.30833268335527625,0.7482748274827483
burgers_run2_ns50_p2q2_loss3_checkpoint_series_svd20_attack_correlation_20260608,all_samples_trained,100,sv_05,endpoint_growth_mse,0.4018911785409348,0.5732253225322531
burgers_run2_ns50_p2q2_loss3_checkpoint_series_svd20_attack_correlation_20260608,all_samples_trained,100,sv_05,residual_change_mse,0.3816637854526627,0.5651245124512451
burgers_run2_ns50_p2q2_loss3_checkpoint_series_svd20_attack_correlation_20260608,all_samples_trained,100,sv_05,residual_change_rms,0.42563481367553907,0.5651245124512451
burgers_run2_ns50_p2q2_loss3_checkpoint_series_svd20_attack_correlation_20260608,all_samples_trained,100,sv_05,cross_term_mse,-0.1906401817480434,-0.2835403540354035
burgers_run2_ns50_p2q2_loss3_checkpoint_series_svd20_attack_correlation_20260608,all_samples_trained,100,sv_05,residual_change_clean_cosine,-0.17472572410471413,-0.26917491749174915
burgers_run2_ns50_p2q2_loss3_checkpoint_series_svd20_attack_correlation_20260608,all_samples_trained,100,sv_05,final_loss_mse,0.40253814909634184,0.5873987398739874
burgers_run2_ns50_p2q2_loss3_checkpoint_series_svd20_attack_correlation_20260608,all_samples_trained,100,sv_05,initial_loss_mse,0.33599021131404616,0.7232403240324031
burgers_run2_ns50_p2q2_loss3_checkpoint_series_svd20_attack_correlation_20260608,all_samples_trained,100,sv_10,endpoint_growth_mse,0.590468315761334,0.6062646264626462
burgers_run2_ns50_p2q2_loss3_checkpoint_series_svd20_attack_correlation_20260608,all_samples_trained,100,sv_10,residual_change_mse,0.5827459800775006,0.6043444344434442
burgers_run2_ns50_p2q2_loss3_checkpoint_series_svd20_attack_correlation_20260608,all_samples_trained,100,sv_10,residual_change_rms,0.6175507326725114,0.6043444344434442
burgers_run2_ns50_p2q2_loss3_checkpoint_series_svd20_attack_correlation_20260608,all_samples_trained,100,sv_10,cross_term_mse,-0.4241755616609301,-0.373045304530453
burgers_run2_ns50_p2q2_loss3_checkpoint_series_svd20_attack_correlation_20260608,all_samples_trained,100,sv_10,residual_change_clean_cosine,-0.26195032467497326,-0.36104410441044105
burgers_run2_ns50_p2q2_loss3_checkpoint_series_svd20_attack_correlation_20260608,all_samples_trained,100,sv_10,final_loss_mse,0.597251301048608,0.622166216621662
burgers_run2_ns50_p2q2_loss3_checkpoint_series_svd20_attack_correlation_20260608,all_samples_trained,100,sv_10,initial_loss_mse,0.5917709791521303,0.7758415841584158
burgers_run2_ns50_p2q2_loss3_checkpoint_series_svd20_attack_correlation_20260608,all_samples_trained,100,sv_20,endpoint_growth_mse,0.6374275267907564,0.6127692769276928
burgers_run2_ns50_p2q2_loss3_checkpoint_series_svd20_attack_correlation_20260608,all_samples_trained,100,sv_20,residual_change_mse,0.6315866454579079,0.6113051305130514
burgers_run2_ns50_p2q2_loss3_checkpoint_series_svd20_attack_correlation_20260608,all_samples_trained,100,sv_20,residual_change_rms,0.6560751614594323,0.6113051305130514
burgers_run2_ns50_p2q2_loss3_checkpoint_series_svd20_attack_correlation_20260608,all_samples_trained,100,sv_20,cross_term_mse,-0.4742567129352575,-0.37510951095109507
burgers_run2_ns50_p2q2_loss3_checkpoint_series_svd20_attack_correlation_20260608,all_samples_trained,100,sv_20,residual_change_clean_cosine,-0.29335446000099824,-0.3516591659165916
burgers_run2_ns50_p2q2_loss3_checkpoint_series_svd20_attack_correlation_20260608,all_samples_trained,100,sv_20,final_loss_mse,0.6435158703212822,0.6284548454845484
burgers_run2_ns50_p2q2_loss3_checkpoint_series_svd20_attack_correlation_20260608,all_samples_trained,100,sv_20,initial_loss_mse,0.6180713567185713,0.7386018601860185
burgers_run2_ns50_p2q2_loss3_checkpoint_series_svd20_attack_correlation_20260608,train_all_models,36,error_spectral_norm,endpoint_growth_mse,0.5879330173530138,0.577091377091377
burgers_run2_ns50_p2q2_loss3_checkpoint_series_svd20_attack_correlation_20260608,train_all_models,36,error_spectral_norm,residual_change_mse,0.5844062375173366,0.5498069498069499
burgers_run2_ns50_p2q2_loss3_checkpoint_series_svd20_attack_correlation_20260608,train_all_models,36,error_spectral_norm,residual_change_rms,0.5744683038797723,0.5498069498069499
burgers_run2_ns50_p2q2_loss3_checkpoint_series_svd20_attack_correlation_20260608,train_all_models,36,error_spectral_norm,cross_term_mse,-0.42568525711727057,-0.11505791505791506
burgers_run2_ns50_p2q2_loss3_checkpoint_series_svd20_attack_correlation_20260608,train_all_models,36,error_spectral_norm,residual_change_clean_cosine,-0.115402714145424,-0.09935649935649937
burgers_run2_ns50_p2q2_loss3_checkpoint_series_svd20_attack_correlation_20260608,train_all_models,36,error_spectral_norm,final_loss_mse,0.5960679992894177,0.6028314028314029
burgers_run2_ns50_p2q2_loss3_checkpoint_series_svd20_attack_correlation_20260608,train_all_models,36,error_spectral_norm,initial_loss_mse,0.8592731021891149,0.805920205920206
burgers_run2_ns50_p2q2_loss3_checkpoint_series_svd20_attack_correlation_20260608,train_all_models,36,fro_norm,endpoint_growth_mse,0.6356241269433922,0.6774774774774777
burgers_run2_ns50_p2q2_loss3_checkpoint_series_svd20_attack_correlation_20260608,train_all_models,36,fro_norm,residual_change_mse,0.6305926825259898,0.6671814671814672
burgers_run2_ns50_p2q2_loss3_checkpoint_series_svd20_attack_correlation_20260608,train_all_models,36,fro_norm,residual_change_rms,0.6381002060355349,0.6671814671814672
burgers_run2_ns50_p2q2_loss3_checkpoint_series_svd20_attack_correlation_20260608,train_all_models,36,fro_norm,cross_term_mse,-0.4423807685318482,-0.19356499356499354
burgers_run2_ns50_p2q2_loss3_checkpoint_series_svd20_attack_correlation_20260608,train_all_models,36,fro_norm,residual_change_clean_cosine,-0.16690537485882867,-0.21338481338481338
burgers_run2_ns50_p2q2_loss3_checkpoint_series_svd20_attack_correlation_20260608,train_all_models,36,fro_norm,final_loss_mse,0.6444036093796369,0.7106821106821107
burgers_run2_ns50_p2q2_loss3_checkpoint_series_svd20_attack_correlation_20260608,train_all_models,36,fro_norm,initial_loss_mse,0.9281682721507729,0.9204633204633205
burgers_run2_ns50_p2q2_loss3_checkpoint_series_svd20_attack_correlation_20260608,train_all_models,36,effective_rank,endpoint_growth_mse,0.08949453654027127,-0.04555984555984556
burgers_run2_ns50_p2q2_loss3_checkpoint_series_svd20_attack_correlation_20260608,train_all_models,36,effective_rank,residual_change_mse,0.09061860587498213,-0.025997425997425997
burgers_run2_ns50_p2q2_loss3_checkpoint_series_svd20_attack_correlation_20260608,train_all_models,36,effective_rank,residual_change_rms,0.09781961575355211,-0.025997425997425997
burgers_run2_ns50_p2q2_loss3_checkpoint_series_svd20_attack_correlation_20260608,train_all_models,36,effective_rank,cross_term_mse,-0.08910602902150132,-0.005920205920205921
burgers_run2_ns50_p2q2_loss3_checkpoint_series_svd20_attack_correlation_20260608,train_all_models,36,effective_rank,residual_change_clean_cosine,-0.21080789403199432,-0.10913770913770915
burgers_run2_ns50_p2q2_loss3_checkpoint_series_svd20_attack_correlation_20260608,train_all_models,36,effective_rank,final_loss_mse,0.08400988827731468,-0.05173745173745174
burgers_run2_ns50_p2q2_loss3_checkpoint_series_svd20_attack_correlation_20260608,train_all_models,36,effective_rank,initial_loss_mse,-0.2215209548599334,-0.2146718146718147
burgers_run2_ns50_p2q2_loss3_checkpoint_series_svd20_attack_correlation_20260608,train_all_models,36,sv_01,endpoint_growth_mse,0.5879330173530138,0.577091377091377
burgers_run2_ns50_p2q2_loss3_checkpoint_series_svd20_attack_correlation_20260608,train_all_models,36,sv_01,residual_change_mse,0.5844062375173366,0.5498069498069499
burgers_run2_ns50_p2q2_loss3_checkpoint_series_svd20_attack_correlation_20260608,train_all_models,36,sv_01,residual_change_rms,0.5744683038797723,0.5498069498069499
burgers_run2_ns50_p2q2_loss3_checkpoint_series_svd20_attack_correlation_20260608,train_all_models,36,sv_01,cross_term_mse,-0.42568525711727057,-0.11505791505791506
burgers_run2_ns50_p2q2_loss3_checkpoint_series_svd20_attack_correlation_20260608,train_all_models,36,sv_01,residual_change_clean_cosine,-0.115402714145424,-0.09935649935649937
burgers_run2_ns50_p2q2_loss3_checkpoint_series_svd20_attack_correlation_20260608,train_all_models,36,sv_01,final_loss_mse,0.5960679992894177,0.6028314028314029
burgers_run2_ns50_p2q2_loss3_checkpoint_series_svd20_attack_correlation_20260608,train_all_models,36,sv_01,initial_loss_mse,0.8592731021891149,0.805920205920206
burgers_run2_ns50_p2q2_loss3_checkpoint_series_svd20_attack_correlation_20260608,train_all_models,36,sv_02,endpoint_growth_mse,0.43683539592787746,0.6138996138996139
burgers_run2_ns50_p2q2_loss3_checkpoint_series_svd20_attack_correlation_20260608,train_all_models,36,sv_02,residual_change_mse,0.42768839481070087,0.6105534105534106
burgers_run2_ns50_p2q2_loss3_checkpoint_series_svd20_attack_correlation_20260608,train_all_models,36,sv_02,residual_change_rms,0.47025332209405396,0.6105534105534106
burgers_run2_ns50_p2q2_loss3_checkpoint_series_svd20_attack_correlation_20260608,train_all_models,36,sv_02,cross_term_mse,-0.22076453744457428,-0.20180180180180182
burgers_run2_ns50_p2q2_loss3_checkpoint_series_svd20_attack_correlation_20260608,train_all_models,36,sv_02,residual_change_clean_cosine,-0.15231266163056179,-0.2810810810810811
burgers_run2_ns50_p2q2_loss3_checkpoint_series_svd20_attack_correlation_20260608,train_all_models,36,sv_02,final_loss_mse,0.4455854106556162,0.6514800514800515
burgers_run2_ns50_p2q2_loss3_checkpoint_series_svd20_attack_correlation_20260608,train_all_models,36,sv_02,initial_loss_mse,0.7802350019563452,0.82985842985843
burgers_run2_ns50_p2q2_loss3_checkpoint_series_svd20_attack_correlation_20260608,train_all_models,36,sv_05,endpoint_growth_mse,0.4494473125775893,0.7109395109395109
burgers_run2_ns50_p2q2_loss3_checkpoint_series_svd20_attack_correlation_20260608,train_all_models,36,sv_05,residual_change_mse,0.44470482280322937,0.7176319176319177
burgers_run2_ns50_p2q2_loss3_checkpoint_series_svd20_attack_correlation_20260608,train_all_models,36,sv_05,residual_change_rms,0.5328018550142837,0.7176319176319177
burgers_run2_ns50_p2q2_loss3_checkpoint_series_svd20_attack_correlation_20260608,train_all_models,36,sv_05,cross_term_mse,-0.29546616674780457,-0.21492921492921493
burgers_run2_ns50_p2q2_loss3_checkpoint_series_svd20_attack_correlation_20260608,train_all_models,36,sv_05,residual_change_clean_cosine,-0.27288164574408263,-0.2924066924066924
burgers_run2_ns50_p2q2_loss3_checkpoint_series_svd20_attack_correlation_20260608,train_all_models,36,sv_05,final_loss_mse,0.45307081711252073,0.7348777348777349
burgers_run2_ns50_p2q2_loss3_checkpoint_series_svd20_attack_correlation_20260608,train_all_models,36,sv_05,initial_loss_mse,0.520865812584689,0.7824967824967826
burgers_run2_ns50_p2q2_loss3_checkpoint_series_svd20_attack_correlation_20260608,train_all_models,36,sv_10,endpoint_growth_mse,0.5930167829130133,0.7037323037323038
burgers_run2_ns50_p2q2_loss3_checkpoint_series_svd20_attack_correlation_20260608,train_all_models,36,sv_10,residual_change_mse,0.582854254891045,0.7148005148005149
burgers_run2_ns50_p2q2_loss3_checkpoint_series_svd20_attack_correlation_20260608,train_all_models,36,sv_10,residual_change_rms,0.6598886133421983,0.7148005148005149
burgers_run2_ns50_p2q2_loss3_checkpoint_series_svd20_attack_correlation_20260608,train_all_models,36,sv_10,cross_term_mse,-0.33269483673753386,-0.2545688545688546
burgers_run2_ns50_p2q2_loss3_checkpoint_series_svd20_attack_correlation_20260608,train_all_models,36,sv_10,residual_change_clean_cosine,-0.24768768367423183,-0.3184041184041184
burgers_run2_ns50_p2q2_loss3_checkpoint_series_svd20_attack_correlation_20260608,train_all_models,36,sv_10,final_loss_mse,0.5959136498715042,0.7294723294723297
burgers_run2_ns50_p2q2_loss3_checkpoint_series_svd20_attack_correlation_20260608,train_all_models,36,sv_10,initial_loss_mse,0.5885113596585141,0.7428571428571429
burgers_run2_ns50_p2q2_loss3_checkpoint_series_svd20_attack_correlation_20260608,train_all_models,36,sv_20,endpoint_growth_mse,0.6115530553316272,0.6761904761904762
burgers_run2_ns50_p2q2_loss3_checkpoint_series_svd20_attack_correlation_20260608,train_all_models,36,sv_20,residual_change_mse,0.6003644327418849,0.6653796653796654
burgers_run2_ns50_p2q2_loss3_checkpoint_series_svd20_attack_correlation_20260608,train_all_models,36,sv_20,residual_change_rms,0.6567886985546351,0.6653796653796654
burgers_run2_ns50_p2q2_loss3_checkpoint_series_svd20_attack_correlation_20260608,train_all_models,36,sv_20,cross_term_mse,-0.33272567937444275,-0.1842985842985843
burgers_run2_ns50_p2q2_loss3_checkpoint_series_svd20_attack_correlation_20260608,train_all_models,36,sv_20,residual_change_clean_cosine,-0.22460228525963777,-0.25997425997426005
burgers_run2_ns50_p2q2_loss3_checkpoint_series_svd20_attack_correlation_20260608,train_all_models,36,sv_20,final_loss_mse,0.6130482648839206,0.6954954954954956
burgers_run2_ns50_p2q2_loss3_checkpoint_series_svd20_attack_correlation_20260608,train_all_models,36,sv_20,initial_loss_mse,0.5287072420334176,0.624967824967825
burgers_run2_ns50_p2q2_loss3_checkpoint_series_svd20_attack_correlation_20260608,train_trained,30,error_spectral_norm,endpoint_growth_mse,0.49637879548646396,0.603559510567297
burgers_run2_ns50_p2q2_loss3_checkpoint_series_svd20_attack_correlation_20260608,train_trained,30,error_spectral_norm,residual_change_mse,0.46934675251821334,0.56440489432703
burgers_run2_ns50_p2q2_loss3_checkpoint_series_svd20_attack_correlation_20260608,train_trained,30,error_spectral_norm,residual_change_rms,0.5017385673588282,0.56440489432703
burgers_run2_ns50_p2q2_loss3_checkpoint_series_svd20_attack_correlation_20260608,train_trained,30,error_spectral_norm,cross_term_mse,-0.023272988966460934,-0.01757508342602892
burgers_run2_ns50_p2q2_loss3_checkpoint_series_svd20_attack_correlation_20260608,train_trained,30,error_spectral_norm,residual_change_clean_cosine,-0.02542944602493529,-0.027808676307007785
burgers_run2_ns50_p2q2_loss3_checkpoint_series_svd20_attack_correlation_20260608,train_trained,30,error_spectral_norm,final_loss_mse,0.5172616932449017,0.6382647385984427
burgers_run2_ns50_p2q2_loss3_checkpoint_series_svd20_attack_correlation_20260608,train_trained,30,error_spectral_norm,initial_loss_mse,0.7064982711840665,0.8011123470522803
burgers_run2_ns50_p2q2_loss3_checkpoint_series_svd20_attack_correlation_20260608,train_trained,30,fro_norm,endpoint_growth_mse,0.5268683009526645,0.6511679644048943
burgers_run2_ns50_p2q2_loss3_checkpoint_series_svd20_attack_correlation_20260608,train_trained,30,fro_norm,residual_change_mse,0.4977450753428462,0.6369299221357063
burgers_run2_ns50_p2q2_loss3_checkpoint_series_svd20_attack_correlation_20260608,train_trained,30,fro_norm,residual_change_rms,0.5456366876305492,0.6369299221357063
burgers_run2_ns50_p2q2_loss3_checkpoint_series_svd20_attack_correlation_20260608,train_trained,30,fro_norm,cross_term_mse,-0.02194126050780188,-0.10433815350389322
burgers_run2_ns50_p2q2_loss3_checkpoint_series_svd20_attack_correlation_20260608,train_trained,30,fro_norm,residual_change_clean_cosine,-0.08173418342398799,-0.14438264738598441
burgers_run2_ns50_p2q2_loss3_checkpoint_series_svd20_attack_correlation_20260608,train_trained,30,fro_norm,final_loss_mse,0.5545555900277221,0.6947719688542825
burgers_run2_ns50_p2q2_loss3_checkpoint_series_svd20_attack_correlation_20260608,train_trained,30,fro_norm,initial_loss_mse,0.8738876217372311,0.9047830923248054
burgers_run2_ns50_p2q2_loss3_checkpoint_series_svd20_attack_correlation_20260608,train_trained,30,effective_rank,endpoint_growth_mse,-0.3096645900242552,-0.28587319243604004
burgers_run2_ns50_p2q2_loss3_checkpoint_series_svd20_attack_correlation_20260608,train_trained,30,effective_rank,residual_change_mse,-0.27373872292768037,-0.2418242491657397
burgers_run2_ns50_p2q2_loss3_checkpoint_series_svd20_attack_correlation_20260608,train_trained,30,effective_rank,residual_change_rms,-0.315551369930643,-0.2418242491657397
burgers_run2_ns50_p2q2_loss3_checkpoint_series_svd20_attack_correlation_20260608,train_trained,30,effective_rank,cross_term_mse,-0.1076675132618048,-0.08876529477196884
burgers_run2_ns50_p2q2_loss3_checkpoint_series_svd20_attack_correlation_20260608,train_trained,30,effective_rank,residual_change_clean_cosine,-0.22208804664756115,-0.1568409343715239
burgers_run2_ns50_p2q2_loss3_checkpoint_series_svd20_attack_correlation_20260608,train_trained,30,effective_rank,final_loss_mse,-0.31460247558707677,-0.29699666295884314
burgers_run2_ns50_p2q2_loss3_checkpoint_series_svd20_attack_correlation_20260608,train_trained,30,effective_rank,initial_loss_mse,-0.25908335664265864,-0.3103448275862069
burgers_run2_ns50_p2q2_loss3_checkpoint_series_svd20_attack_correlation_20260608,train_trained,30,sv_01,endpoint_growth_mse,0.49637879548646396,0.603559510567297
burgers_run2_ns50_p2q2_loss3_checkpoint_series_svd20_attack_correlation_20260608,train_trained,30,sv_01,residual_change_mse,0.46934675251821334,0.56440489432703
burgers_run2_ns50_p2q2_loss3_checkpoint_series_svd20_attack_correlation_20260608,train_trained,30,sv_01,residual_change_rms,0.5017385673588282,0.56440489432703
burgers_run2_ns50_p2q2_loss3_checkpoint_series_svd20_attack_correlation_20260608,train_trained,30,sv_01,cross_term_mse,-0.023272988966460934,-0.01757508342602892
burgers_run2_ns50_p2q2_loss3_checkpoint_series_svd20_attack_correlation_20260608,train_trained,30,sv_01,residual_change_clean_cosine,-0.02542944602493529,-0.027808676307007785
burgers_run2_ns50_p2q2_loss3_checkpoint_series_svd20_attack_correlation_20260608,train_trained,30,sv_01,final_loss_mse,0.5172616932449017,0.6382647385984427
burgers_run2_ns50_p2q2_loss3_checkpoint_series_svd20_attack_correlation_20260608,train_trained,30,sv_01,initial_loss_mse,0.7064982711840665,0.8011123470522803
burgers_run2_ns50_p2q2_loss3_checkpoint_series_svd20_attack_correlation_20260608,train_trained,30,sv_02,endpoint_growth_mse,0.3993379788728442,0.5150166852057843
burgers_run2_ns50_p2q2_loss3_checkpoint_series_svd20_attack_correlation_20260608,train_trained,30,sv_02,residual_change_mse,0.36614754912421305,0.5225806451612903
burgers_run2_ns50_p2q2_loss3_checkpoint_series_svd20_attack_correlation_20260608,train_trained,30,sv_02,residual_change_rms,0.42523645025802115,0.5225806451612903
burgers_run2_ns50_p2q2_loss3_checkpoint_series_svd20_attack_correlation_20260608,train_trained,30,sv_02,cross_term_mse,0.05462652431920164,-0.1946607341490545
burgers_run2_ns50_p2q2_loss3_checkpoint_series_svd20_attack_correlation_20260608,train_trained,30,sv_02,residual_change_clean_cosine,-0.10611212943638101,-0.2943270300333704
burgers_run2_ns50_p2q2_loss3_checkpoint_series_svd20_attack_correlation_20260608,train_trained,30,sv_02,final_loss_mse,0.4301507886001076,0.5661846496106785
burgers_run2_ns50_p2q2_loss3_checkpoint_series_svd20_attack_correlation_20260608,train_trained,30,sv_02,initial_loss_mse,0.8830398344909022,0.7833147942157953
burgers_run2_ns50_p2q2_loss3_checkpoint_series_svd20_attack_correlation_20260608,train_trained,30,sv_05,endpoint_growth_mse,0.4010282012471107,0.5968854282536151
burgers_run2_ns50_p2q2_loss3_checkpoint_series_svd20_attack_correlation_20260608,train_trained,30,sv_05,residual_change_mse,0.3895805988312326,0.6066740823136819
burgers_run2_ns50_p2q2_loss3_checkpoint_series_svd20_attack_correlation_20260608,train_trained,30,sv_05,residual_change_rms,0.45143499894024486,0.6066740823136819
burgers_run2_ns50_p2q2_loss3_checkpoint_series_svd20_attack_correlation_20260608,train_trained,30,sv_05,cross_term_mse,-0.08541309679016756,-0.16395995550611792
burgers_run2_ns50_p2q2_loss3_checkpoint_series_svd20_attack_correlation_20260608,train_trained,30,sv_05,residual_change_clean_cosine,-0.18940487326551764,-0.2395995550611791
burgers_run2_ns50_p2q2_loss3_checkpoint_series_svd20_attack_correlation_20260608,train_trained,30,sv_05,final_loss_mse,0.4249693783385483,0.6364849833147942
burgers_run2_ns50_p2q2_loss3_checkpoint_series_svd20_attack_correlation_20260608,train_trained,30,sv_05,initial_loss_mse,0.7295411980757823,0.7944382647385985
burgers_run2_ns50_p2q2_loss3_checkpoint_series_svd20_attack_correlation_20260608,train_trained,30,sv_10,endpoint_growth_mse,0.48250848119917,0.5434927697441602
burgers_run2_ns50_p2q2_loss3_checkpoint_series_svd20_attack_correlation_20260608,train_trained,30,sv_10,residual_change_mse,0.446291079425366,0.5706340378197998
burgers_run2_ns50_p2q2_loss3_checkpoint_series_svd20_attack_correlation_20260608,train_trained,30,sv_10,residual_change_rms,0.4769601589107366,0.5706340378197998
burgers_run2_ns50_p2q2_loss3_checkpoint_series_svd20_attack_correlation_20260608,train_trained,30,sv_10,cross_term_mse,0.041096978467355945,-0.22180200222469412
burgers_run2_ns50_p2q2_loss3_checkpoint_series_svd20_attack_correlation_20260608,train_trained,30,sv_10,residual_change_clean_cosine,-0.12807393687208468,-0.30233592880978866
burgers_run2_ns50_p2q2_loss3_checkpoint_series_svd20_attack_correlation_20260608,train_trained,30,sv_10,final_loss_mse,0.5067149530682894,0.585761957730812
burgers_run2_ns50_p2q2_loss3_checkpoint_series_svd20_attack_correlation_20260608,train_trained,30,sv_10,initial_loss_mse,0.7744934877641527,0.7308120133481646
burgers_run2_ns50_p2q2_loss3_checkpoint_series_svd20_attack_correlation_20260608,train_trained,30,sv_20,endpoint_growth_mse,0.24986816365985917,0.49766407119021133
burgers_run2_ns50_p2q2_loss3_checkpoint_series_svd20_attack_correlation_20260608,train_trained,30,sv_20,residual_change_mse,0.20861303537445902,0.4852057842046719
burgers_run2_ns50_p2q2_loss3_checkpoint_series_svd20_attack_correlation_20260608,train_trained,30,sv_20,residual_change_rms,0.2705149234109409,0.4852057842046719
burgers_run2_ns50_p2q2_loss3_checkpoint_series_svd20_attack_correlation_20260608,train_trained,30,sv_20,cross_term_mse,0.1655049980184381,-0.11679644048943269
burgers_run2_ns50_p2q2_loss3_checkpoint_series_svd20_attack_correlation_20260608,train_trained,30,sv_20,residual_change_clean_cosine,-0.09243108522962096,-0.22758620689655173
burgers_run2_ns50_p2q2_loss3_checkpoint_series_svd20_attack_correlation_20260608,train_trained,30,sv_20,final_loss_mse,0.2716168399574988,0.5310344827586206
burgers_run2_ns50_p2q2_loss3_checkpoint_series_svd20_attack_correlation_20260608,train_trained,30,sv_20,initial_loss_mse,0.6079648169034763,0.5884315906562848
burgers_run2_ns50_p2q2_loss3_checkpoint_series_svd20_attack_correlation_20260608,test_all_models,24,error_spectral_norm,endpoint_growth_mse,0.1422956060332125,0.6295652173913043
burgers_run2_ns50_p2q2_loss3_checkpoint_series_svd20_attack_correlation_20260608,test_all_models,24,error_spectral_norm,residual_change_mse,0.1675207502005741,0.6565217391304347
burgers_run2_ns50_p2q2_loss3_checkpoint_series_svd20_attack_correlation_20260608,test_all_models,24,error_spectral_norm,residual_change_rms,0.3240207876292911,0.6565217391304347
burgers_run2_ns50_p2q2_loss3_checkpoint_series_svd20_attack_correlation_20260608,test_all_models,24,error_spectral_norm,cross_term_mse,-0.6058165628901521,-0.21652173913043476
burgers_run2_ns50_p2q2_loss3_checkpoint_series_svd20_attack_correlation_20260608,test_all_models,24,error_spectral_norm,residual_change_clean_cosine,-0.5171721177824616,-0.4252173913043478
burgers_run2_ns50_p2q2_loss3_checkpoint_series_svd20_attack_correlation_20260608,test_all_models,24,error_spectral_norm,final_loss_mse,0.15716853982222295,0.6504347826086957
burgers_run2_ns50_p2q2_loss3_checkpoint_series_svd20_attack_correlation_20260608,test_all_models,24,error_spectral_norm,initial_loss_mse,0.8085602356053803,0.8973913043478261
burgers_run2_ns50_p2q2_loss3_checkpoint_series_svd20_attack_correlation_20260608,test_all_models,24,fro_norm,endpoint_growth_mse,0.25852865716033535,0.7791304347826087
burgers_run2_ns50_p2q2_loss3_checkpoint_series_svd20_attack_correlation_20260608,test_all_models,24,fro_norm,residual_change_mse,0.27972078053189686,0.7878260869565217
burgers_run2_ns50_p2q2_loss3_checkpoint_series_svd20_attack_correlation_20260608,test_all_models,24,fro_norm,residual_change_rms,0.44664521262336043,0.7878260869565217
burgers_run2_ns50_p2q2_loss3_checkpoint_series_svd20_attack_correlation_20260608,test_all_models,24,fro_norm,cross_term_mse,-0.5186950178000945,-0.19391304347826085
burgers_run2_ns50_p2q2_loss3_checkpoint_series_svd20_attack_correlation_20260608,test_all_models,24,fro_norm,residual_change_clean_cosine,-0.4595814769410578,-0.41913043478260864
burgers_run2_ns50_p2q2_loss3_checkpoint_series_svd20_attack_correlation_20260608,test_all_models,24,fro_norm,final_loss_mse,0.27469067512597134,0.7999999999999999
burgers_run2_ns50_p2q2_loss3_checkpoint_series_svd20_attack_correlation_20260608,test_all_models,24,fro_norm,initial_loss_mse,0.9013387838627002,0.9773913043478261
burgers_run2_ns50_p2q2_loss3_checkpoint_series_svd20_attack_correlation_20260608,test_all_models,24,effective_rank,endpoint_growth_mse,0.18334033051627424,-0.07826086956521738
burgers_run2_ns50_p2q2_loss3_checkpoint_series_svd20_attack_correlation_20260608,test_all_models,24,effective_rank,residual_change_mse,0.16658479771006438,-0.13739130434782607
burgers_run2_ns50_p2q2_loss3_checkpoint_series_svd20_attack_correlation_20260608,test_all_models,24,effective_rank,residual_change_rms,0.17012066423742042,-0.13739130434782607
burgers_run2_ns50_p2q2_loss3_checkpoint_series_svd20_attack_correlation_20260608,test_all_models,24,effective_rank,cross_term_mse,0.3829405471759843,0.46956521739130425
burgers_run2_ns50_p2q2_loss3_checkpoint_series_svd20_attack_correlation_20260608,test_all_models,24,effective_rank,residual_change_clean_cosine,0.3468584970106673,0.4956521739130434
burgers_run2_ns50_p2q2_loss3_checkpoint_series_svd20_attack_correlation_20260608,test_all_models,24,effective_rank,final_loss_mse,0.17645575314885703,-0.09913043478260869
burgers_run2_ns50_p2q2_loss3_checkpoint_series_svd20_attack_correlation_20260608,test_all_models,24,effective_rank,initial_loss_mse,-0.3198348684446576,-0.3913043478260869
burgers_run2_ns50_p2q2_loss3_checkpoint_series_svd20_attack_correlation_20260608,test_all_models,24,sv_01,endpoint_growth_mse,0.1422956060332125,0.6295652173913043
burgers_run2_ns50_p2q2_loss3_checkpoint_series_svd20_attack_correlation_20260608,test_all_models,24,sv_01,residual_change_mse,0.1675207502005741,0.6565217391304347
burgers_run2_ns50_p2q2_loss3_checkpoint_series_svd20_attack_correlation_20260608,test_all_models,24,sv_01,residual_change_rms,0.3240207876292911,0.6565217391304347
burgers_run2_ns50_p2q2_loss3_checkpoint_series_svd20_attack_correlation_20260608,test_all_models,24,sv_01,cross_term_mse,-0.6058165628901521,-0.21652173913043476
burgers_run2_ns50_p2q2_loss3_checkpoint_series_svd20_attack_correlation_20260608,test_all_models,24,sv_01,residual_change_clean_cosine,-0.5171721177824616,-0.4252173913043478
burgers_run2_ns50_p2q2_loss3_checkpoint_series_svd20_attack_correlation_20260608,test_all_models,24,sv_01,final_loss_mse,0.15716853982222295,0.6504347826086957
burgers_run2_ns50_p2q2_loss3_checkpoint_series_svd20_attack_correlation_20260608,test_all_models,24,sv_01,initial_loss_mse,0.8085602356053803,0.8973913043478261
burgers_run2_ns50_p2q2_loss3_checkpoint_series_svd20_attack_correlation_20260608,test_all_models,24,sv_02,endpoint_growth_mse,0.279899817075519,0.5939130434782608
burgers_run2_ns50_p2q2_loss3_checkpoint_series_svd20_attack_correlation_20260608,test_all_models,24,sv_02,residual_change_mse,0.28652354552175907,0.5878260869565216
burgers_run2_ns50_p2q2_loss3_checkpoint_series_svd20_attack_correlation_20260608,test_all_models,24,sv_02,residual_change_rms,0.40694281835555485,0.5878260869565216
burgers_run2_ns50_p2q2_loss3_checkpoint_series_svd20_attack_correlation_20260608,test_all_models,24,sv_02,cross_term_mse,-0.17606964206290435,0.07130434782608694
burgers_run2_ns50_p2q2_loss3_checkpoint_series_svd20_attack_correlation_20260608,test_all_models,24,sv_02,residual_change_clean_cosine,-0.18127289394635304,-0.16695652173913042
burgers_run2_ns50_p2q2_loss3_checkpoint_series_svd20_attack_correlation_20260608,test_all_models,24,sv_02,final_loss_mse,0.2955971475427243,0.6191304347826087
burgers_run2_ns50_p2q2_loss3_checkpoint_series_svd20_attack_correlation_20260608,test_all_models,24,sv_02,initial_loss_mse,0.8817163699793785,0.8765217391304346
burgers_run2_ns50_p2q2_loss3_checkpoint_series_svd20_attack_correlation_20260608,test_all_models,24,sv_05,endpoint_growth_mse,0.4103037555096818,0.6626086956521738
burgers_run2_ns50_p2q2_loss3_checkpoint_series_svd20_attack_correlation_20260608,test_all_models,24,sv_05,residual_change_mse,0.4023263836154477,0.6330434782608695
burgers_run2_ns50_p2q2_loss3_checkpoint_series_svd20_attack_correlation_20260608,test_all_models,24,sv_05,residual_change_rms,0.5062010934066234,0.6330434782608695
burgers_run2_ns50_p2q2_loss3_checkpoint_series_svd20_attack_correlation_20260608,test_all_models,24,sv_05,cross_term_mse,0.15968933811211447,0.2652173913043478
burgers_run2_ns50_p2q2_loss3_checkpoint_series_svd20_attack_correlation_20260608,test_all_models,24,sv_05,residual_change_clean_cosine,0.05460185171884397,0.04434782608695652
burgers_run2_ns50_p2q2_loss3_checkpoint_series_svd20_attack_correlation_20260608,test_all_models,24,sv_05,final_loss_mse,0.41925648494469936,0.6747826086956521
burgers_run2_ns50_p2q2_loss3_checkpoint_series_svd20_attack_correlation_20260608,test_all_models,24,sv_05,initial_loss_mse,0.5576342802831504,0.7399999999999999
burgers_run2_ns50_p2q2_loss3_checkpoint_series_svd20_attack_correlation_20260608,test_all_models,24,sv_10,endpoint_growth_mse,0.4727315957181428,0.6669565217391304
burgers_run2_ns50_p2q2_loss3_checkpoint_series_svd20_attack_correlation_20260608,test_all_models,24,sv_10,residual_change_mse,0.46388424287478186,0.6234782608695651
burgers_run2_ns50_p2q2_loss3_checkpoint_series_svd20_attack_correlation_20260608,test_all_models,24,sv_10,residual_change_rms,0.5752610904294103,0.6234782608695651
burgers_run2_ns50_p2q2_loss3_checkpoint_series_svd20_attack_correlation_20260608,test_all_models,24,sv_10,cross_term_mse,0.17586569597211638,0.2617391304347826
burgers_run2_ns50_p2q2_loss3_checkpoint_series_svd20_attack_correlation_20260608,test_all_models,24,sv_10,residual_change_clean_cosine,0.047438779108301715,0.033913043478260865
burgers_run2_ns50_p2q2_loss3_checkpoint_series_svd20_attack_correlation_20260608,test_all_models,24,sv_10,final_loss_mse,0.480836791565503,0.6730434782608695
burgers_run2_ns50_p2q2_loss3_checkpoint_series_svd20_attack_correlation_20260608,test_all_models,24,sv_10,initial_loss_mse,0.5269679640132542,0.6765217391304347
burgers_run2_ns50_p2q2_loss3_checkpoint_series_svd20_attack_correlation_20260608,test_all_models,24,sv_20,endpoint_growth_mse,0.456517198823543,0.5539130434782608
burgers_run2_ns50_p2q2_loss3_checkpoint_series_svd20_attack_correlation_20260608,test_all_models,24,sv_20,residual_change_mse,0.44305360298579904,0.5252173913043477
burgers_run2_ns50_p2q2_loss3_checkpoint_series_svd20_attack_correlation_20260608,test_all_models,24,sv_20,residual_change_rms,0.5165637696678393,0.5252173913043477
burgers_run2_ns50_p2q2_loss3_checkpoint_series_svd20_attack_correlation_20260608,test_all_models,24,sv_20,cross_term_mse,0.2860426725109831,0.27652173913043476
burgers_run2_ns50_p2q2_loss3_checkpoint_series_svd20_attack_correlation_20260608,test_all_models,24,sv_20,residual_change_clean_cosine,0.08104216837879857,0.005217391304347826
burgers_run2_ns50_p2q2_loss3_checkpoint_series_svd20_attack_correlation_20260608,test_all_models,24,sv_20,final_loss_mse,0.4613951728758421,0.5608695652173912
burgers_run2_ns50_p2q2_loss3_checkpoint_series_svd20_attack_correlation_20260608,test_all_models,24,sv_20,initial_loss_mse,0.3547245270824253,0.6182608695652172
burgers_run2_ns50_p2q2_loss3_checkpoint_series_svd20_attack_correlation_20260608,test_trained,20,error_spectral_norm,endpoint_growth_mse,0.8260080722886088,0.7353383458646616
burgers_run2_ns50_p2q2_loss3_checkpoint_series_svd20_attack_correlation_20260608,test_trained,20,error_spectral_norm,residual_change_mse,0.8389160183294176,0.7609022556390977
burgers_run2_ns50_p2q2_loss3_checkpoint_series_svd20_attack_correlation_20260608,test_trained,20,error_spectral_norm,residual_change_rms,0.8566303397553106,0.7609022556390977
burgers_run2_ns50_p2q2_loss3_checkpoint_series_svd20_attack_correlation_20260608,test_trained,20,error_spectral_norm,cross_term_mse,-0.7094852877172693,-0.3954887218045112
burgers_run2_ns50_p2q2_loss3_checkpoint_series_svd20_attack_correlation_20260608,test_trained,20,error_spectral_norm,residual_change_clean_cosine,-0.5801143574194679,-0.5593984962406015
burgers_run2_ns50_p2q2_loss3_checkpoint_series_svd20_attack_correlation_20260608,test_trained,20,error_spectral_norm,final_loss_mse,0.8316153145912221,0.7609022556390977
burgers_run2_ns50_p2q2_loss3_checkpoint_series_svd20_attack_correlation_20260608,test_trained,20,error_spectral_norm,initial_loss_mse,0.8127188974929327,0.9157894736842105
burgers_run2_ns50_p2q2_loss3_checkpoint_series_svd20_attack_correlation_20260608,test_trained,20,fro_norm,endpoint_growth_mse,0.8649101549408122,0.7864661654135338
burgers_run2_ns50_p2q2_loss3_checkpoint_series_svd20_attack_correlation_20260608,test_trained,20,fro_norm,residual_change_mse,0.8651449128854738,0.7924812030075187
burgers_run2_ns50_p2q2_loss3_checkpoint_series_svd20_attack_correlation_20260608,test_trained,20,fro_norm,residual_change_rms,0.8816313860343999,0.7924812030075187
burgers_run2_ns50_p2q2_loss3_checkpoint_series_svd20_attack_correlation_20260608,test_trained,20,fro_norm,cross_term_mse,-0.6576916383301966,-0.35639097744360904
burgers_run2_ns50_p2q2_loss3_checkpoint_series_svd20_attack_correlation_20260608,test_trained,20,fro_norm,residual_change_clean_cosine,-0.5303261770096117,-0.5308270676691729
burgers_run2_ns50_p2q2_loss3_checkpoint_series_svd20_attack_correlation_20260608,test_trained,20,fro_norm,final_loss_mse,0.8751729265761004,0.8120300751879698
burgers_run2_ns50_p2q2_loss3_checkpoint_series_svd20_attack_correlation_20260608,test_trained,20,fro_norm,initial_loss_mse,0.9021624551724521,0.9729323308270676
burgers_run2_ns50_p2q2_loss3_checkpoint_series_svd20_attack_correlation_20260608,test_trained,20,effective_rank,endpoint_growth_mse,-0.5175063432719371,-0.5639097744360902
burgers_run2_ns50_p2q2_loss3_checkpoint_series_svd20_attack_correlation_20260608,test_trained,20,effective_rank,residual_change_mse,-0.5346653203351485,-0.6105263157894737
burgers_run2_ns50_p2q2_loss3_checkpoint_series_svd20_attack_correlation_20260608,test_trained,20,effective_rank,residual_change_rms,-0.548427866285088,-0.6105263157894737
burgers_run2_ns50_p2q2_loss3_checkpoint_series_svd20_attack_correlation_20260608,test_trained,20,effective_rank,cross_term_mse,0.5027061912209418,0.4601503759398496
burgers_run2_ns50_p2q2_loss3_checkpoint_series_svd20_attack_correlation_20260608,test_trained,20,effective_rank,residual_change_clean_cosine,0.5943026914781108,0.5428571428571428
burgers_run2_ns50_p2q2_loss3_checkpoint_series_svd20_attack_correlation_20260608,test_trained,20,effective_rank,final_loss_mse,-0.5185130155281293,-0.5744360902255639
burgers_run2_ns50_p2q2_loss3_checkpoint_series_svd20_attack_correlation_20260608,test_trained,20,effective_rank,initial_loss_mse,-0.47997753948773,-0.625563909774436
burgers_run2_ns50_p2q2_loss3_checkpoint_series_svd20_attack_correlation_20260608,test_trained,20,sv_01,endpoint_growth_mse,0.8260080722886088,0.7353383458646616
burgers_run2_ns50_p2q2_loss3_checkpoint_series_svd20_attack_correlation_20260608,test_trained,20,sv_01,residual_change_mse,0.8389160183294176,0.7609022556390977
burgers_run2_ns50_p2q2_loss3_checkpoint_series_svd20_attack_correlation_20260608,test_trained,20,sv_01,residual_change_rms,0.8566303397553106,0.7609022556390977
burgers_run2_ns50_p2q2_loss3_checkpoint_series_svd20_attack_correlation_20260608,test_trained,20,sv_01,cross_term_mse,-0.7094852877172693,-0.3954887218045112
burgers_run2_ns50_p2q2_loss3_checkpoint_series_svd20_attack_correlation_20260608,test_trained,20,sv_01,residual_change_clean_cosine,-0.5801143574194679,-0.5593984962406015
burgers_run2_ns50_p2q2_loss3_checkpoint_series_svd20_attack_correlation_20260608,test_trained,20,sv_01,final_loss_mse,0.8316153145912221,0.7609022556390977
burgers_run2_ns50_p2q2_loss3_checkpoint_series_svd20_attack_correlation_20260608,test_trained,20,sv_01,initial_loss_mse,0.8127188974929327,0.9157894736842105
burgers_run2_ns50_p2q2_loss3_checkpoint_series_svd20_attack_correlation_20260608,test_trained,20,sv_02,endpoint_growth_mse,0.7091822649345921,0.6195488721804511
burgers_run2_ns50_p2q2_loss3_checkpoint_series_svd20_attack_correlation_20260608,test_trained,20,sv_02,residual_change_mse,0.6745796456326802,0.6120300751879698
burgers_run2_ns50_p2q2_loss3_checkpoint_series_svd20_attack_correlation_20260608,test_trained,20,sv_02,residual_change_rms,0.6785307658936912,0.6120300751879698
burgers_run2_ns50_p2q2_loss3_checkpoint_series_svd20_attack_correlation_20260608,test_trained,20,sv_02,cross_term_mse,-0.3160378140971669,-0.07368421052631578
burgers_run2_ns50_p2q2_loss3_checkpoint_series_svd20_attack_correlation_20260608,test_trained,20,sv_02,residual_change_clean_cosine,-0.2601663225454761,-0.25864661654135335
burgers_run2_ns50_p2q2_loss3_checkpoint_series_svd20_attack_correlation_20260608,test_trained,20,sv_02,final_loss_mse,0.73059357189568,0.6406015037593984
burgers_run2_ns50_p2q2_loss3_checkpoint_series_svd20_attack_correlation_20260608,test_trained,20,sv_02,initial_loss_mse,0.8911554603530774,0.8691729323308269
burgers_run2_ns50_p2q2_loss3_checkpoint_series_svd20_attack_correlation_20260608,test_trained,20,sv_05,endpoint_growth_mse,0.48509662829566497,0.5639097744360902
burgers_run2_ns50_p2q2_loss3_checkpoint_series_svd20_attack_correlation_20260608,test_trained,20,sv_05,residual_change_mse,0.43752786438684643,0.5022556390977443
burgers_run2_ns50_p2q2_loss3_checkpoint_series_svd20_attack_correlation_20260608,test_trained,20,sv_05,residual_change_rms,0.47498438183520875,0.5022556390977443
burgers_run2_ns50_p2q2_loss3_checkpoint_series_svd20_attack_correlation_20260608,test_trained,20,sv_05,cross_term_mse,-0.06284264235854713,0.14586466165413534
burgers_run2_ns50_p2q2_loss3_checkpoint_series_svd20_attack_correlation_20260608,test_trained,20,sv_05,residual_change_clean_cosine,-0.05386642304906691,-0.03157894736842105
burgers_run2_ns50_p2q2_loss3_checkpoint_series_svd20_attack_correlation_20260608,test_trained,20,sv_05,final_loss_mse,0.5037703045088041,0.5804511278195488
burgers_run2_ns50_p2q2_loss3_checkpoint_series_svd20_attack_correlation_20260608,test_trained,20,sv_05,initial_loss_mse,0.6565013607037561,0.7578947368421052
burgers_run2_ns50_p2q2_loss3_checkpoint_series_svd20_attack_correlation_20260608,test_trained,20,sv_10,endpoint_growth_mse,0.5715614329306699,0.5308270676691729
burgers_run2_ns50_p2q2_loss3_checkpoint_series_svd20_attack_correlation_20260608,test_trained,20,sv_10,residual_change_mse,0.5238511395751317,0.47518796992481205
burgers_run2_ns50_p2q2_loss3_checkpoint_series_svd20_attack_correlation_20260608,test_trained,20,sv_10,residual_change_rms,0.553074015100215,0.47518796992481205
burgers_run2_ns50_p2q2_loss3_checkpoint_series_svd20_attack_correlation_20260608,test_trained,20,sv_10,cross_term_mse,-0.12753322071095854,0.08421052631578946
burgers_run2_ns50_p2q2_loss3_checkpoint_series_svd20_attack_correlation_20260608,test_trained,20,sv_10,residual_change_clean_cosine,-0.11003465176658632,-0.10977443609022557
burgers_run2_ns50_p2q2_loss3_checkpoint_series_svd20_attack_correlation_20260608,test_trained,20,sv_10,final_loss_mse,0.5886749779473457,0.5473684210526315
burgers_run2_ns50_p2q2_loss3_checkpoint_series_svd20_attack_correlation_20260608,test_trained,20,sv_10,initial_loss_mse,0.7165581303607762,0.7172932330827068
burgers_run2_ns50_p2q2_loss3_checkpoint_series_svd20_attack_correlation_20260608,test_trained,20,sv_20,endpoint_growth_mse,0.29917658482875836,0.37744360902255636
burgers_run2_ns50_p2q2_loss3_checkpoint_series_svd20_attack_correlation_20260608,test_trained,20,sv_20,residual_change_mse,0.25761694089584675,0.33533834586466166
burgers_run2_ns50_p2q2_loss3_checkpoint_series_svd20_attack_correlation_20260608,test_trained,20,sv_20,residual_change_rms,0.2946222425274639,0.33533834586466166
burgers_run2_ns50_p2q2_loss3_checkpoint_series_svd20_attack_correlation_20260608,test_trained,20,sv_20,cross_term_mse,0.03965730208103344,0.11578947368421053
burgers_run2_ns50_p2q2_loss3_checkpoint_series_svd20_attack_correlation_20260608,test_trained,20,sv_20,residual_change_clean_cosine,-0.06542636428594294,-0.11127819548872178
burgers_run2_ns50_p2q2_loss3_checkpoint_series_svd20_attack_correlation_20260608,test_trained,20,sv_20,final_loss_mse,0.31829189198784363,0.3984962406015037
burgers_run2_ns50_p2q2_loss3_checkpoint_series_svd20_attack_correlation_20260608,test_trained,20,sv_20,initial_loss_mse,0.49342348483283477,0.6180451127819548
burgers_run2_ns50_p2q2_loss3_checkpoint_series_svd20_attack_correlation_20260608,generalization_all_models,60,error_spectral_norm,endpoint_growth_mse,0.40599779872480796,0.47991108641289265
burgers_run2_ns50_p2q2_loss3_checkpoint_series_svd20_attack_correlation_20260608,generalization_all_models,60,error_spectral_norm,residual_change_mse,0.4541897099072573,0.5300361211447625
burgers_run2_ns50_p2q2_loss3_checkpoint_series_svd20_attack_correlation_20260608,generalization_all_models,60,error_spectral_norm,residual_change_rms,0.5064286063694666,0.5300361211447625
burgers_run2_ns50_p2q2_loss3_checkpoint_series_svd20_attack_correlation_20260608,generalization_all_models,60,error_spectral_norm,cross_term_mse,-0.8143136791795105,-0.723145318143929
burgers_run2_ns50_p2q2_loss3_checkpoint_series_svd20_attack_correlation_20260608,generalization_all_models,60,error_spectral_norm,residual_change_clean_cosine,-0.5125676490185692,-0.640677966101695
burgers_run2_ns50_p2q2_loss3_checkpoint_series_svd20_attack_correlation_20260608,generalization_all_models,60,error_spectral_norm,final_loss_mse,0.4244255750402896,0.5079188663517644
burgers_run2_ns50_p2q2_loss3_checkpoint_series_svd20_attack_correlation_20260608,generalization_all_models,60,error_spectral_norm,initial_loss_mse,0.8813834455425271,0.8918032786885247
burgers_run2_ns50_p2q2_loss3_checkpoint_series_svd20_attack_correlation_20260608,generalization_all_models,60,fro_norm,endpoint_growth_mse,0.4699164359555433,0.5752709085857184
burgers_run2_ns50_p2q2_loss3_checkpoint_series_svd20_attack_correlation_20260608,generalization_all_models,60,fro_norm,residual_change_mse,0.5150777439706284,0.6231175326479579
burgers_run2_ns50_p2q2_loss3_checkpoint_series_svd20_attack_correlation_20260608,generalization_all_models,60,fro_norm,residual_change_rms,0.5697553958432947,0.6231175326479579
burgers_run2_ns50_p2q2_loss3_checkpoint_series_svd20_attack_correlation_20260608,generalization_all_models,60,fro_norm,cross_term_mse,-0.8027978203158695,-0.718032786885246
burgers_run2_ns50_p2q2_loss3_checkpoint_series_svd20_attack_correlation_20260608,generalization_all_models,60,fro_norm,residual_change_clean_cosine,-0.49975857984441113,-0.6106696304529037
burgers_run2_ns50_p2q2_loss3_checkpoint_series_svd20_attack_correlation_20260608,generalization_all_models,60,fro_norm,final_loss_mse,0.4878408507980829,0.6025562656293415
burgers_run2_ns50_p2q2_loss3_checkpoint_series_svd20_attack_correlation_20260608,generalization_all_models,60,fro_norm,initial_loss_mse,0.8921668587477225,0.9373159210891917
burgers_run2_ns50_p2q2_loss3_checkpoint_series_svd20_attack_correlation_20260608,generalization_all_models,60,effective_rank,endpoint_growth_mse,0.040205863203154515,-0.06868574604056683
burgers_run2_ns50_p2q2_loss3_checkpoint_series_svd20_attack_correlation_20260608,generalization_all_models,60,effective_rank,residual_change_mse,0.01321947199957416,-0.1124201166990831
burgers_run2_ns50_p2q2_loss3_checkpoint_series_svd20_attack_correlation_20260608,generalization_all_models,60,effective_rank,residual_change_rms,0.0029357856778379514,-0.1124201166990831
burgers_run2_ns50_p2q2_loss3_checkpoint_series_svd20_attack_correlation_20260608,generalization_all_models,60,effective_rank,cross_term_mse,0.33727082498324756,0.5551542095026397
burgers_run2_ns50_p2q2_loss3_checkpoint_series_svd20_attack_correlation_20260608,generalization_all_models,60,effective_rank,residual_change_clean_cosine,0.2597336580171955,0.6004445679355378
burgers_run2_ns50_p2q2_loss3_checkpoint_series_svd20_attack_correlation_20260608,generalization_all_models,60,effective_rank,final_loss_mse,0.030142844849502824,-0.09319255348707976
burgers_run2_ns50_p2q2_loss3_checkpoint_series_svd20_attack_correlation_20260608,generalization_all_models,60,effective_rank,initial_loss_mse,-0.3595860254607444,-0.5610447346485137
burgers_run2_ns50_p2q2_loss3_checkpoint_series_svd20_attack_correlation_20260608,generalization_all_models,60,sv_01,endpoint_growth_mse,0.40599779872480796,0.47991108641289265
burgers_run2_ns50_p2q2_loss3_checkpoint_series_svd20_attack_correlation_20260608,generalization_all_models,60,sv_01,residual_change_mse,0.4541897099072573,0.5300361211447625
burgers_run2_ns50_p2q2_loss3_checkpoint_series_svd20_attack_correlation_20260608,generalization_all_models,60,sv_01,residual_change_rms,0.5064286063694666,0.5300361211447625
burgers_run2_ns50_p2q2_loss3_checkpoint_series_svd20_attack_correlation_20260608,generalization_all_models,60,sv_01,cross_term_mse,-0.8143136791795105,-0.723145318143929
burgers_run2_ns50_p2q2_loss3_checkpoint_series_svd20_attack_correlation_20260608,generalization_all_models,60,sv_01,residual_change_clean_cosine,-0.5125676490185692,-0.640677966101695
burgers_run2_ns50_p2q2_loss3_checkpoint_series_svd20_attack_correlation_20260608,generalization_all_models,60,sv_01,final_loss_mse,0.4244255750402896,0.5079188663517644
burgers_run2_ns50_p2q2_loss3_checkpoint_series_svd20_attack_correlation_20260608,generalization_all_models,60,sv_01,initial_loss_mse,0.8813834455425271,0.8918032786885247
burgers_run2_ns50_p2q2_loss3_checkpoint_series_svd20_attack_correlation_20260608,generalization_all_models,60,sv_02,endpoint_growth_mse,0.6409606834440335,0.6590163934426231
burgers_run2_ns50_p2q2_loss3_checkpoint_series_svd20_attack_correlation_20260608,generalization_all_models,60,sv_02,residual_change_mse,0.6293566870056507,0.6752986940816895
burgers_run2_ns50_p2q2_loss3_checkpoint_series_svd20_attack_correlation_20260608,generalization_all_models,60,sv_02,residual_change_rms,0.6294079636452031,0.6752986940816895
burgers_run2_ns50_p2q2_loss3_checkpoint_series_svd20_attack_correlation_20260608,generalization_all_models,60,sv_02,cross_term_mse,-0.1317275635921182,-0.33070297304806895
burgers_run2_ns50_p2q2_loss3_checkpoint_series_svd20_attack_correlation_20260608,generalization_all_models,60,sv_02,residual_change_clean_cosine,-0.053820004568532635,-0.16982495137538206
burgers_run2_ns50_p2q2_loss3_checkpoint_series_svd20_attack_correlation_20260608,generalization_all_models,60,sv_02,final_loss_mse,0.6413319860677766,0.6715754376215617
burgers_run2_ns50_p2q2_loss3_checkpoint_series_svd20_attack_correlation_20260608,generalization_all_models,60,sv_02,initial_loss_mse,0.31183056009272514,0.6363989997221452
burgers_run2_ns50_p2q2_loss3_checkpoint_series_svd20_attack_correlation_20260608,generalization_all_models,60,sv_05,endpoint_growth_mse,0.8320792693792483,0.8242845234787443
burgers_run2_ns50_p2q2_loss3_checkpoint_series_svd20_attack_correlation_20260608,generalization_all_models,60,sv_05,residual_change_mse,0.8262035026160428,0.8251180883578774
burgers_run2_ns50_p2q2_loss3_checkpoint_series_svd20_attack_correlation_20260608,generalization_all_models,60,sv_05,residual_change_rms,0.8166091752828321,0.8251180883578774
burgers_run2_ns50_p2q2_loss3_checkpoint_series_svd20_attack_correlation_20260608,generalization_all_models,60,sv_05,cross_term_mse,-0.29191287471325,-0.35837732703528763
burgers_run2_ns50_p2q2_loss3_checkpoint_series_svd20_attack_correlation_20260608,generalization_all_models,60,sv_05,residual_change_clean_cosine,-0.08353409286300509,-0.13192553487079745
burgers_run2_ns50_p2q2_loss3_checkpoint_series_svd20_attack_correlation_20260608,generalization_all_models,60,sv_05,final_loss_mse,0.8323714344136774,0.8284523478744097
burgers_run2_ns50_p2q2_loss3_checkpoint_series_svd20_attack_correlation_20260608,generalization_all_models,60,sv_05,initial_loss_mse,0.39767449629603135,0.6558488469019174
burgers_run2_ns50_p2q2_loss3_checkpoint_series_svd20_attack_correlation_20260608,generalization_all_models,60,sv_10,endpoint_growth_mse,0.8645295243287103,0.7887190886357323
burgers_run2_ns50_p2q2_loss3_checkpoint_series_svd20_attack_correlation_20260608,generalization_all_models,60,sv_10,residual_change_mse,0.8690370030619663,0.7980550152820228
burgers_run2_ns50_p2q2_loss3_checkpoint_series_svd20_attack_correlation_20260608,generalization_all_models,60,sv_10,residual_change_rms,0.8782928743872208,0.7980550152820228
burgers_run2_ns50_p2q2_loss3_checkpoint_series_svd20_attack_correlation_20260608,generalization_all_models,60,sv_10,cross_term_mse,-0.44294497498302476,-0.41394831897749385
burgers_run2_ns50_p2q2_loss3_checkpoint_series_svd20_attack_correlation_20260608,generalization_all_models,60,sv_10,residual_change_clean_cosine,-0.15247146322520155,-0.1898305084745763
burgers_run2_ns50_p2q2_loss3_checkpoint_series_svd20_attack_correlation_20260608,generalization_all_models,60,sv_10,final_loss_mse,0.8687576155066804,0.7981661572659073
burgers_run2_ns50_p2q2_loss3_checkpoint_series_svd20_attack_correlation_20260608,generalization_all_models,60,sv_10,initial_loss_mse,0.5607074178847424,0.7317032509030288
burgers_run2_ns50_p2q2_loss3_checkpoint_series_svd20_attack_correlation_20260608,generalization_all_models,60,sv_20,endpoint_growth_mse,0.7905334977529405,0.7927757710475134
burgers_run2_ns50_p2q2_loss3_checkpoint_series_svd20_attack_correlation_20260608,generalization_all_models,60,sv_20,residual_change_mse,0.7992294613059225,0.8102806335093083
burgers_run2_ns50_p2q2_loss3_checkpoint_series_svd20_attack_correlation_20260608,generalization_all_models,60,sv_20,residual_change_rms,0.8348888362689108,0.8102806335093083
burgers_run2_ns50_p2q2_loss3_checkpoint_series_svd20_attack_correlation_20260608,generalization_all_models,60,sv_20,cross_term_mse,-0.4652255822021752,-0.4373992775771048
burgers_run2_ns50_p2q2_loss3_checkpoint_series_svd20_attack_correlation_20260608,generalization_all_models,60,sv_20,residual_change_clean_cosine,-0.19950414719285445,-0.19666574048346766
burgers_run2_ns50_p2q2_loss3_checkpoint_series_svd20_attack_correlation_20260608,generalization_all_models,60,sv_20,final_loss_mse,0.7961302480707005,0.803167546540706
burgers_run2_ns50_p2q2_loss3_checkpoint_series_svd20_attack_correlation_20260608,generalization_all_models,60,sv_20,initial_loss_mse,0.5777675361410454,0.7255348707974439
burgers_run2_ns50_p2q2_loss3_checkpoint_series_svd20_attack_correlation_20260608,generalization_trained,50,error_spectral_norm,endpoint_growth_mse,0.5467393079974369,0.4627611044417767
burgers_run2_ns50_p2q2_loss3_checkpoint_series_svd20_attack_correlation_20260608,generalization_trained,50,error_spectral_norm,residual_change_mse,0.6174360564814717,0.5238415366146458
burgers_run2_ns50_p2q2_loss3_checkpoint_series_svd20_attack_correlation_20260608,generalization_trained,50,error_spectral_norm,residual_change_rms,0.6316526158218082,0.5238415366146458
burgers_run2_ns50_p2q2_loss3_checkpoint_series_svd20_attack_correlation_20260608,generalization_trained,50,error_spectral_norm,cross_term_mse,-0.8760697570043229,-0.7759423769507803
burgers_run2_ns50_p2q2_loss3_checkpoint_series_svd20_attack_correlation_20260608,generalization_trained,50,error_spectral_norm,residual_change_clean_cosine,-0.5558883996418786,-0.7327250900360143
burgers_run2_ns50_p2q2_loss3_checkpoint_series_svd20_attack_correlation_20260608,generalization_trained,50,error_spectral_norm,final_loss_mse,0.5764605644403438,0.49896758703481386
burgers_run2_ns50_p2q2_loss3_checkpoint_series_svd20_attack_correlation_20260608,generalization_trained,50,error_spectral_norm,initial_loss_mse,0.9146152952188722,0.8898439375750299
burgers_run2_ns50_p2q2_loss3_checkpoint_series_svd20_attack_correlation_20260608,generalization_trained,50,fro_norm,endpoint_growth_mse,0.5789684617984969,0.5481392557022808
burgers_run2_ns50_p2q2_loss3_checkpoint_series_svd20_attack_correlation_20260608,generalization_trained,50,fro_norm,residual_change_mse,0.6452217189146219,0.6088355342136854
burgers_run2_ns50_p2q2_loss3_checkpoint_series_svd20_attack_correlation_20260608,generalization_trained,50,fro_norm,residual_change_rms,0.6671403330491007,0.6088355342136854
burgers_run2_ns50_p2q2_loss3_checkpoint_series_svd20_attack_correlation_20260608,generalization_trained,50,fro_norm,cross_term_mse,-0.8731291260222935,-0.7951500600240096
burgers_run2_ns50_p2q2_loss3_checkpoint_series_svd20_attack_correlation_20260608,generalization_trained,50,fro_norm,residual_change_clean_cosine,-0.558280897603644,-0.7286914765906362
burgers_run2_ns50_p2q2_loss3_checkpoint_series_svd20_attack_correlation_20260608,generalization_trained,50,fro_norm,final_loss_mse,0.6079415432010796,0.584249699879952
burgers_run2_ns50_p2q2_loss3_checkpoint_series_svd20_attack_correlation_20260608,generalization_trained,50,fro_norm,initial_loss_mse,0.9274589305307898,0.9368067226890756
burgers_run2_ns50_p2q2_loss3_checkpoint_series_svd20_attack_correlation_20260608,generalization_trained,50,effective_rank,endpoint_growth_mse,-0.06458956769476973,-0.23793517406962783
burgers_run2_ns50_p2q2_loss3_checkpoint_series_svd20_attack_correlation_20260608,generalization_trained,50,effective_rank,residual_change_mse,-0.11229699659385983,-0.2920048019207683
burgers_run2_ns50_p2q2_loss3_checkpoint_series_svd20_attack_correlation_20260608,generalization_trained,50,effective_rank,residual_change_rms,-0.10771977035370225,-0.2920048019207683
burgers_run2_ns50_p2q2_loss3_checkpoint_series_svd20_attack_correlation_20260608,generalization_trained,50,effective_rank,cross_term_mse,0.3529636691645395,0.6445618247298919
burgers_run2_ns50_p2q2_loss3_checkpoint_series_svd20_attack_correlation_20260608,generalization_trained,50,effective_rank,residual_change_clean_cosine,0.25150845598548,0.6722208883553421
burgers_run2_ns50_p2q2_loss3_checkpoint_series_svd20_attack_correlation_20260608,generalization_trained,50,effective_rank,final_loss_mse,-0.08428217531985452,-0.26953181272509
burgers_run2_ns50_p2q2_loss3_checkpoint_series_svd20_attack_correlation_20260608,generalization_trained,50,effective_rank,initial_loss_mse,-0.3738652773124737,-0.6307322929171668
burgers_run2_ns50_p2q2_loss3_checkpoint_series_svd20_attack_correlation_20260608,generalization_trained,50,sv_01,endpoint_growth_mse,0.5467393079974369,0.4627611044417767
burgers_run2_ns50_p2q2_loss3_checkpoint_series_svd20_attack_correlation_20260608,generalization_trained,50,sv_01,residual_change_mse,0.6174360564814717,0.5238415366146458
burgers_run2_ns50_p2q2_loss3_checkpoint_series_svd20_attack_correlation_20260608,generalization_trained,50,sv_01,residual_change_rms,0.6316526158218082,0.5238415366146458
burgers_run2_ns50_p2q2_loss3_checkpoint_series_svd20_attack_correlation_20260608,generalization_trained,50,sv_01,cross_term_mse,-0.8760697570043229,-0.7759423769507803
burgers_run2_ns50_p2q2_loss3_checkpoint_series_svd20_attack_correlation_20260608,generalization_trained,50,sv_01,residual_change_clean_cosine,-0.5558883996418786,-0.7327250900360143
burgers_run2_ns50_p2q2_loss3_checkpoint_series_svd20_attack_correlation_20260608,generalization_trained,50,sv_01,final_loss_mse,0.5764605644403438,0.49896758703481386
burgers_run2_ns50_p2q2_loss3_checkpoint_series_svd20_attack_correlation_20260608,generalization_trained,50,sv_01,initial_loss_mse,0.9146152952188722,0.8898439375750299
burgers_run2_ns50_p2q2_loss3_checkpoint_series_svd20_attack_correlation_20260608,generalization_trained,50,sv_02,endpoint_growth_mse,0.25304309438379,0.5089555822328932
burgers_run2_ns50_p2q2_loss3_checkpoint_series_svd20_attack_correlation_20260608,generalization_trained,50,sv_02,residual_change_mse,0.23064447459545573,0.5444897959183673
burgers_run2_ns50_p2q2_loss3_checkpoint_series_svd20_attack_correlation_20260608,generalization_trained,50,sv_02,residual_change_rms,0.3173534843546826,0.5444897959183673
burgers_run2_ns50_p2q2_loss3_checkpoint_series_svd20_attack_correlation_20260608,generalization_trained,50,sv_02,cross_term_mse,-0.05607690017941436,-0.44893157262905165
burgers_run2_ns50_p2q2_loss3_checkpoint_series_svd20_attack_correlation_20260608,generalization_trained,50,sv_02,residual_change_clean_cosine,-0.13535653249842927,-0.35097238895558225
burgers_run2_ns50_p2q2_loss3_checkpoint_series_svd20_attack_correlation_20260608,generalization_trained,50,sv_02,final_loss_mse,0.2542501197863942,0.5305642256902761
burgers_run2_ns50_p2q2_loss3_checkpoint_series_svd20_attack_correlation_20260608,generalization_trained,50,sv_02,initial_loss_mse,0.21716498428919317,0.6607923169267707
burgers_run2_ns50_p2q2_loss3_checkpoint_series_svd20_attack_correlation_20260608,generalization_trained,50,sv_05,endpoint_growth_mse,0.5902638872734125,0.7441536614645858
burgers_run2_ns50_p2q2_loss3_checkpoint_series_svd20_attack_correlation_20260608,generalization_trained,50,sv_05,residual_change_mse,0.5628187121155098,0.7465546218487394
burgers_run2_ns50_p2q2_loss3_checkpoint_series_svd20_attack_correlation_20260608,generalization_trained,50,sv_05,residual_change_rms,0.6041498489443374,0.7465546218487394
burgers_run2_ns50_p2q2_loss3_checkpoint_series_svd20_attack_correlation_20260608,generalization_trained,50,sv_05,cross_term_mse,-0.2880317754974588,-0.4607442977190876
burgers_run2_ns50_p2q2_loss3_checkpoint_series_svd20_attack_correlation_20260608,generalization_trained,50,sv_05,residual_change_clean_cosine,-0.2107772727389431,-0.26780312124849937
burgers_run2_ns50_p2q2_loss3_checkpoint_series_svd20_attack_correlation_20260608,generalization_trained,50,sv_05,final_loss_mse,0.5860080999284353,0.7517406962785115
burgers_run2_ns50_p2q2_loss3_checkpoint_series_svd20_attack_correlation_20260608,generalization_trained,50,sv_05,initial_loss_mse,0.39040970129655406,0.6914285714285715
burgers_run2_ns50_p2q2_loss3_checkpoint_series_svd20_attack_correlation_20260608,generalization_trained,50,sv_10,endpoint_growth_mse,0.7075087738930739,0.6562785114045617
burgers_run2_ns50_p2q2_loss3_checkpoint_series_svd20_attack_correlation_20260608,generalization_trained,50,sv_10,residual_change_mse,0.7050355305810374,0.6718367346938775
burgers_run2_ns50_p2q2_loss3_checkpoint_series_svd20_attack_correlation_20260608,generalization_trained,50,sv_10,residual_change_rms,0.7203157029676955,0.6718367346938775
burgers_run2_ns50_p2q2_loss3_checkpoint_series_svd20_attack_correlation_20260608,generalization_trained,50,sv_10,cross_term_mse,-0.5380926582194604,-0.5250900360144057
burgers_run2_ns50_p2q2_loss3_checkpoint_series_svd20_attack_correlation_20260608,generalization_trained,50,sv_10,residual_change_clean_cosine,-0.28276293021153004,-0.35471788715486197
burgers_run2_ns50_p2q2_loss3_checkpoint_series_svd20_attack_correlation_20260608,generalization_trained,50,sv_10,final_loss_mse,0.7138811842100843,0.6723169267707083
burgers_run2_ns50_p2q2_loss3_checkpoint_series_svd20_attack_correlation_20260608,generalization_trained,50,sv_10,initial_loss_mse,0.6564355198754255,0.7870828331332532
burgers_run2_ns50_p2q2_loss3_checkpoint_series_svd20_attack_correlation_20260608,generalization_trained,50,sv_20,endpoint_growth_mse,0.7182074760647388,0.6791356542617046
burgers_run2_ns50_p2q2_loss3_checkpoint_series_svd20_attack_correlation_20260608,generalization_trained,50,sv_20,residual_change_mse,0.7148175598601828,0.7087154861944778
burgers_run2_ns50_p2q2_loss3_checkpoint_series_svd20_attack_correlation_20260608,generalization_trained,50,sv_20,residual_change_rms,0.7350654424796121,0.7087154861944778
burgers_run2_ns50_p2q2_loss3_checkpoint_series_svd20_attack_correlation_20260608,generalization_trained,50,sv_20,cross_term_mse,-0.5406559475039902,-0.5462184873949579
burgers_run2_ns50_p2q2_loss3_checkpoint_series_svd20_attack_correlation_20260608,generalization_trained,50,sv_20,residual_change_clean_cosine,-0.30141974604153304,-0.36489795918367346
burgers_run2_ns50_p2q2_loss3_checkpoint_series_svd20_attack_correlation_20260608,generalization_trained,50,sv_20,final_loss_mse,0.7232724247707029,0.6970948379351741
burgers_run2_ns50_p2q2_loss3_checkpoint_series_svd20_attack_correlation_20260608,generalization_trained,50,sv_20,initial_loss_mse,0.6433009944073665,0.7780552220888355
burgers_run2_ns50_p2q2_loss3_checkpoint_series_svd20_attack_correlation_20260608,model_baseline,20,error_spectral_norm,endpoint_growth_mse,0.75963454367725,0.6857142857142857
burgers_run2_ns50_p2q2_loss3_checkpoint_series_svd20_attack_correlation_20260608,model_baseline,20,error_spectral_norm,residual_change_mse,0.7717744610468,0.7052631578947368
burgers_run2_ns50_p2q2_loss3_checkpoint_series_svd20_attack_correlation_20260608,model_baseline,20,error_spectral_norm,residual_change_rms,0.7254220819578885,0.7052631578947368
burgers_run2_ns50_p2q2_loss3_checkpoint_series_svd20_attack_correlation_20260608,model_baseline,20,error_spectral_norm,cross_term_mse,-0.6330104116871245,-0.5849624060150376
burgers_run2_ns50_p2q2_loss3_checkpoint_series_svd20_attack_correlation_20260608,model_baseline,20,error_spectral_norm,residual_change_clean_cosine,-0.3769319047721931,-0.4496240601503759
burgers_run2_ns50_p2q2_loss3_checkpoint_series_svd20_attack_correlation_20260608,model_baseline,20,error_spectral_norm,final_loss_mse,0.7657246300033522,0.7007518796992479
burgers_run2_ns50_p2q2_loss3_checkpoint_series_svd20_attack_correlation_20260608,model_baseline,20,error_spectral_norm,initial_loss_mse,0.7999567240211164,0.8721804511278194
burgers_run2_ns50_p2q2_loss3_checkpoint_series_svd20_attack_correlation_20260608,model_baseline,20,fro_norm,endpoint_growth_mse,0.7727764752866895,0.7789473684210525
burgers_run2_ns50_p2q2_loss3_checkpoint_series_svd20_attack_correlation_20260608,model_baseline,20,fro_norm,residual_change_mse,0.7833000429910576,0.7954887218045112
burgers_run2_ns50_p2q2_loss3_checkpoint_series_svd20_attack_correlation_20260608,model_baseline,20,fro_norm,residual_change_rms,0.7370034433486118,0.7954887218045112
burgers_run2_ns50_p2q2_loss3_checkpoint_series_svd20_attack_correlation_20260608,model_baseline,20,fro_norm,cross_term_mse,-0.6141436276863862,-0.5263157894736841
burgers_run2_ns50_p2q2_loss3_checkpoint_series_svd20_attack_correlation_20260608,model_baseline,20,fro_norm,residual_change_clean_cosine,-0.35749966932748234,-0.4240601503759398
burgers_run2_ns50_p2q2_loss3_checkpoint_series_svd20_attack_correlation_20260608,model_baseline,20,fro_norm,final_loss_mse,0.7788417990670163,0.78796992481203
burgers_run2_ns50_p2q2_loss3_checkpoint_series_svd20_attack_correlation_20260608,model_baseline,20,fro_norm,initial_loss_mse,0.8068755614336509,0.8796992481203006
burgers_run2_ns50_p2q2_loss3_checkpoint_series_svd20_attack_correlation_20260608,model_baseline,20,effective_rank,endpoint_growth_mse,-0.6615972197013399,-0.6872180451127818
burgers_run2_ns50_p2q2_loss3_checkpoint_series_svd20_attack_correlation_20260608,model_baseline,20,effective_rank,residual_change_mse,-0.6651609799578156,-0.7007518796992479
burgers_run2_ns50_p2q2_loss3_checkpoint_series_svd20_attack_correlation_20260608,model_baseline,20,effective_rank,residual_change_rms,-0.6536889870880541,-0.7007518796992479
burgers_run2_ns50_p2q2_loss3_checkpoint_series_svd20_attack_correlation_20260608,model_baseline,20,effective_rank,cross_term_mse,0.4368772168694921,0.5308270676691729
burgers_run2_ns50_p2q2_loss3_checkpoint_series_svd20_attack_correlation_20260608,model_baseline,20,effective_rank,residual_change_clean_cosine,0.31611650630288074,0.3759398496240601
burgers_run2_ns50_p2q2_loss3_checkpoint_series_svd20_attack_correlation_20260608,model_baseline,20,effective_rank,final_loss_mse,-0.6651148075983537,-0.7037593984962407
burgers_run2_ns50_p2q2_loss3_checkpoint_series_svd20_attack_correlation_20260608,model_baseline,20,effective_rank,initial_loss_mse,-0.6016980498277446,-0.8210526315789473
burgers_run2_ns50_p2q2_loss3_checkpoint_series_svd20_attack_correlation_20260608,model_baseline,20,sv_01,endpoint_growth_mse,0.75963454367725,0.6857142857142857
burgers_run2_ns50_p2q2_loss3_checkpoint_series_svd20_attack_correlation_20260608,model_baseline,20,sv_01,residual_change_mse,0.7717744610468,0.7052631578947368
burgers_run2_ns50_p2q2_loss3_checkpoint_series_svd20_attack_correlation_20260608,model_baseline,20,sv_01,residual_change_rms,0.7254220819578885,0.7052631578947368
burgers_run2_ns50_p2q2_loss3_checkpoint_series_svd20_attack_correlation_20260608,model_baseline,20,sv_01,cross_term_mse,-0.6330104116871245,-0.5849624060150376
burgers_run2_ns50_p2q2_loss3_checkpoint_series_svd20_attack_correlation_20260608,model_baseline,20,sv_01,residual_change_clean_cosine,-0.3769319047721931,-0.4496240601503759
burgers_run2_ns50_p2q2_loss3_checkpoint_series_svd20_attack_correlation_20260608,model_baseline,20,sv_01,final_loss_mse,0.7657246300033522,0.7007518796992479
burgers_run2_ns50_p2q2_loss3_checkpoint_series_svd20_attack_correlation_20260608,model_baseline,20,sv_01,initial_loss_mse,0.7999567240211164,0.8721804511278194
burgers_run2_ns50_p2q2_loss3_checkpoint_series_svd20_attack_correlation_20260608,model_baseline,20,sv_02,endpoint_growth_mse,0.6876996178984616,0.7127819548872181
burgers_run2_ns50_p2q2_loss3_checkpoint_series_svd20_attack_correlation_20260608,model_baseline,20,sv_02,residual_change_mse,0.6842185281471064,0.7203007518796991
burgers_run2_ns50_p2q2_loss3_checkpoint_series_svd20_attack_correlation_20260608,model_baseline,20,sv_02,residual_change_rms,0.6457405527161552,0.7203007518796991
burgers_run2_ns50_p2q2_loss3_checkpoint_series_svd20_attack_correlation_20260608,model_baseline,20,sv_02,cross_term_mse,-0.3368012051008006,-0.30075187969924805
burgers_run2_ns50_p2q2_loss3_checkpoint_series_svd20_attack_correlation_20260608,model_baseline,20,sv_02,residual_change_clean_cosine,-0.1651402570928006,-0.18345864661654135
burgers_run2_ns50_p2q2_loss3_checkpoint_series_svd20_attack_correlation_20260608,model_baseline,20,sv_02,final_loss_mse,0.691797701016884,0.7172932330827068
burgers_run2_ns50_p2q2_loss3_checkpoint_series_svd20_attack_correlation_20260608,model_baseline,20,sv_02,initial_loss_mse,0.6489299173715578,0.7533834586466165
burgers_run2_ns50_p2q2_loss3_checkpoint_series_svd20_attack_correlation_20260608,model_baseline,20,sv_05,endpoint_growth_mse,0.5590912790160539,0.4526315789473684
burgers_run2_ns50_p2q2_loss3_checkpoint_series_svd20_attack_correlation_20260608,model_baseline,20,sv_05,residual_change_mse,0.5617615872305306,0.46917293233082696
burgers_run2_ns50_p2q2_loss3_checkpoint_series_svd20_attack_correlation_20260608,model_baseline,20,sv_05,residual_change_rms,0.4918287158104224,0.46917293233082696
burgers_run2_ns50_p2q2_loss3_checkpoint_series_svd20_attack_correlation_20260608,model_baseline,20,sv_05,cross_term_mse,-0.36361628571937304,-0.05263157894736842
burgers_run2_ns50_p2q2_loss3_checkpoint_series_svd20_attack_correlation_20260608,model_baseline,20,sv_05,residual_change_clean_cosine,-0.09379084198403388,-0.045112781954887216
burgers_run2_ns50_p2q2_loss3_checkpoint_series_svd20_attack_correlation_20260608,model_baseline,20,sv_05,final_loss_mse,0.561843986594809,0.4496240601503759
burgers_run2_ns50_p2q2_loss3_checkpoint_series_svd20_attack_correlation_20260608,model_baseline,20,sv_05,initial_loss_mse,0.49677878588911184,0.24812030075187969
burgers_run2_ns50_p2q2_loss3_checkpoint_series_svd20_attack_correlation_20260608,model_baseline,20,sv_10,endpoint_growth_mse,0.6390494644238637,0.5488721804511278
burgers_run2_ns50_p2q2_loss3_checkpoint_series_svd20_attack_correlation_20260608,model_baseline,20,sv_10,residual_change_mse,0.6462704343874419,0.5609022556390978
burgers_run2_ns50_p2q2_loss3_checkpoint_series_svd20_attack_correlation_20260608,model_baseline,20,sv_10,residual_change_rms,0.5933802984083918,0.5609022556390978
burgers_run2_ns50_p2q2_loss3_checkpoint_series_svd20_attack_correlation_20260608,model_baseline,20,sv_10,cross_term_mse,-0.4836797604482254,-0.12932330827067667
burgers_run2_ns50_p2q2_loss3_checkpoint_series_svd20_attack_correlation_20260608,model_baseline,20,sv_10,residual_change_clean_cosine,-0.18283279155369359,-0.11428571428571428
burgers_run2_ns50_p2q2_loss3_checkpoint_series_svd20_attack_correlation_20260608,model_baseline,20,sv_10,final_loss_mse,0.6429215616447195,0.5533834586466165
burgers_run2_ns50_p2q2_loss3_checkpoint_series_svd20_attack_correlation_20260608,model_baseline,20,sv_10,initial_loss_mse,0.606422821714038,0.3233082706766917
burgers_run2_ns50_p2q2_loss3_checkpoint_series_svd20_attack_correlation_20260608,model_baseline,20,sv_20,endpoint_growth_mse,0.212333257904476,0.30526315789473685
burgers_run2_ns50_p2q2_loss3_checkpoint_series_svd20_attack_correlation_20260608,model_baseline,20,sv_20,residual_change_mse,0.2255779703985996,0.3037593984962406
burgers_run2_ns50_p2q2_loss3_checkpoint_series_svd20_attack_correlation_20260608,model_baseline,20,sv_20,residual_change_rms,0.22749880035843095,0.3037593984962406
burgers_run2_ns50_p2q2_loss3_checkpoint_series_svd20_attack_correlation_20260608,model_baseline,20,sv_20,cross_term_mse,-0.3377766128019711,-0.3082706766917293
burgers_run2_ns50_p2q2_loss3_checkpoint_series_svd20_attack_correlation_20260608,model_baseline,20,sv_20,residual_change_clean_cosine,-0.2561734798628436,-0.24360902255639094
burgers_run2_ns50_p2q2_loss3_checkpoint_series_svd20_attack_correlation_20260608,model_baseline,20,sv_20,final_loss_mse,0.2164620850669622,0.30977443609022554
burgers_run2_ns50_p2q2_loss3_checkpoint_series_svd20_attack_correlation_20260608,model_baseline,20,sv_20,initial_loss_mse,0.3526614091644418,0.20300751879699244
burgers_run2_ns50_p2q2_loss3_checkpoint_series_svd20_attack_correlation_20260608,model_epoch0200,20,error_spectral_norm,endpoint_growth_mse,0.7724138649457596,0.7849624060150376
burgers_run2_ns50_p2q2_loss3_checkpoint_series_svd20_attack_correlation_20260608,model_epoch0200,20,error_spectral_norm,residual_change_mse,0.8122572987079003,0.7699248120300751
burgers_run2_ns50_p2q2_loss3_checkpoint_series_svd20_attack_correlation_20260608,model_epoch0200,20,error_spectral_norm,residual_change_rms,0.7985620823650168,0.7699248120300751
burgers_run2_ns50_p2q2_loss3_checkpoint_series_svd20_attack_correlation_20260608,model_epoch0200,20,error_spectral_norm,cross_term_mse,-0.9224948632489935,-0.7052631578947368
burgers_run2_ns50_p2q2_loss3_checkpoint_series_svd20_attack_correlation_20260608,model_epoch0200,20,error_spectral_norm,residual_change_clean_cosine,-0.6025979485561284,-0.7127819548872181
burgers_run2_ns50_p2q2_loss3_checkpoint_series_svd20_attack_correlation_20260608,model_epoch0200,20,error_spectral_norm,final_loss_mse,0.7878040388197046,0.7894736842105263
burgers_run2_ns50_p2q2_loss3_checkpoint_series_svd20_attack_correlation_20260608,model_epoch0200,20,error_spectral_norm,initial_loss_mse,0.9470896469941953,0.8270676691729323
burgers_run2_ns50_p2q2_loss3_checkpoint_series_svd20_attack_correlation_20260608,model_epoch0200,20,fro_norm,endpoint_growth_mse,0.7782733383225592,0.77593984962406
burgers_run2_ns50_p2q2_loss3_checkpoint_series_svd20_attack_correlation_20260608,model_epoch0200,20,fro_norm,residual_change_mse,0.8167575476045732,0.732330827067669
burgers_run2_ns50_p2q2_loss3_checkpoint_series_svd20_attack_correlation_20260608,model_epoch0200,20,fro_norm,residual_change_rms,0.8041830531288436,0.732330827067669
burgers_run2_ns50_p2q2_loss3_checkpoint_series_svd20_attack_correlation_20260608,model_epoch0200,20,fro_norm,cross_term_mse,-0.9190147371867621,-0.631578947368421
burgers_run2_ns50_p2q2_loss3_checkpoint_series_svd20_attack_correlation_20260608,model_epoch0200,20,fro_norm,residual_change_clean_cosine,-0.6009763633159144,-0.6571428571428571
burgers_run2_ns50_p2q2_loss3_checkpoint_series_svd20_attack_correlation_20260608,model_epoch0200,20,fro_norm,final_loss_mse,0.7938845913861015,0.7834586466165413
burgers_run2_ns50_p2q2_loss3_checkpoint_series_svd20_attack_correlation_20260608,model_epoch0200,20,fro_norm,initial_loss_mse,0.9562647079768148,0.8691729323308269
burgers_run2_ns50_p2q2_loss3_checkpoint_series_svd20_attack_correlation_20260608,model_epoch0200,20,effective_rank,endpoint_growth_mse,-0.6239085983048245,-0.7578947368421052
burgers_run2_ns50_p2q2_loss3_checkpoint_series_svd20_attack_correlation_20260608,model_epoch0200,20,effective_rank,residual_change_mse,-0.6476545357887824,-0.7413533834586465
burgers_run2_ns50_p2q2_loss3_checkpoint_series_svd20_attack_correlation_20260608,model_epoch0200,20,effective_rank,residual_change_rms,-0.698296274609759,-0.7413533834586465
burgers_run2_ns50_p2q2_loss3_checkpoint_series_svd20_attack_correlation_20260608,model_epoch0200,20,effective_rank,cross_term_mse,0.6919257396390943,0.6556390977443608
burgers_run2_ns50_p2q2_loss3_checkpoint_series_svd20_attack_correlation_20260608,model_epoch0200,20,effective_rank,residual_change_clean_cosine,0.5877416388667966,0.6616541353383457
burgers_run2_ns50_p2q2_loss3_checkpoint_series_svd20_attack_correlation_20260608,model_epoch0200,20,effective_rank,final_loss_mse,-0.6347447048548478,-0.7624060150375939
burgers_run2_ns50_p2q2_loss3_checkpoint_series_svd20_attack_correlation_20260608,model_epoch0200,20,effective_rank,initial_loss_mse,-0.73456764289128,-0.7338345864661654
burgers_run2_ns50_p2q2_loss3_checkpoint_series_svd20_attack_correlation_20260608,model_epoch0200,20,sv_01,endpoint_growth_mse,0.7724138649457596,0.7849624060150376
burgers_run2_ns50_p2q2_loss3_checkpoint_series_svd20_attack_correlation_20260608,model_epoch0200,20,sv_01,residual_change_mse,0.8122572987079003,0.7699248120300751
burgers_run2_ns50_p2q2_loss3_checkpoint_series_svd20_attack_correlation_20260608,model_epoch0200,20,sv_01,residual_change_rms,0.7985620823650168,0.7699248120300751
burgers_run2_ns50_p2q2_loss3_checkpoint_series_svd20_attack_correlation_20260608,model_epoch0200,20,sv_01,cross_term_mse,-0.9224948632489935,-0.7052631578947368
burgers_run2_ns50_p2q2_loss3_checkpoint_series_svd20_attack_correlation_20260608,model_epoch0200,20,sv_01,residual_change_clean_cosine,-0.6025979485561284,-0.7127819548872181
burgers_run2_ns50_p2q2_loss3_checkpoint_series_svd20_attack_correlation_20260608,model_epoch0200,20,sv_01,final_loss_mse,0.7878040388197046,0.7894736842105263
burgers_run2_ns50_p2q2_loss3_checkpoint_series_svd20_attack_correlation_20260608,model_epoch0200,20,sv_01,initial_loss_mse,0.9470896469941953,0.8270676691729323
burgers_run2_ns50_p2q2_loss3_checkpoint_series_svd20_attack_correlation_20260608,model_epoch0200,20,sv_02,endpoint_growth_mse,-0.26601808090723944,-0.2781954887218045
burgers_run2_ns50_p2q2_loss3_checkpoint_series_svd20_attack_correlation_20260608,model_epoch0200,20,sv_02,residual_change_mse,-0.3114206438744421,-0.3218045112781954
burgers_run2_ns50_p2q2_loss3_checkpoint_series_svd20_attack_correlation_20260608,model_epoch0200,20,sv_02,residual_change_rms,-0.25139401290109764,-0.3218045112781954
burgers_run2_ns50_p2q2_loss3_checkpoint_series_svd20_attack_correlation_20260608,model_epoch0200,20,sv_02,cross_term_mse,0.5174996335622871,0.6075187969924812
burgers_run2_ns50_p2q2_loss3_checkpoint_series_svd20_attack_correlation_20260608,model_epoch0200,20,sv_02,residual_change_clean_cosine,0.2936525156791258,0.5293233082706766
burgers_run2_ns50_p2q2_loss3_checkpoint_series_svd20_attack_correlation_20260608,model_epoch0200,20,sv_02,final_loss_mse,-0.27426889401559945,-0.26616541353383455
burgers_run2_ns50_p2q2_loss3_checkpoint_series_svd20_attack_correlation_20260608,model_epoch0200,20,sv_02,initial_loss_mse,-0.3824674431258564,-0.31879699248120297
burgers_run2_ns50_p2q2_loss3_checkpoint_series_svd20_attack_correlation_20260608,model_epoch0200,20,sv_05,endpoint_growth_mse,-0.18326617471497425,-0.2045112781954887
burgers_run2_ns50_p2q2_loss3_checkpoint_series_svd20_attack_correlation_20260608,model_epoch0200,20,sv_05,residual_change_mse,-0.2020477500525616,-0.15488721804511277
burgers_run2_ns50_p2q2_loss3_checkpoint_series_svd20_attack_correlation_20260608,model_epoch0200,20,sv_05,residual_change_rms,-0.22964585000809978,-0.15488721804511277
burgers_run2_ns50_p2q2_loss3_checkpoint_series_svd20_attack_correlation_20260608,model_epoch0200,20,sv_05,cross_term_mse,0.2777032710638181,0.13984962406015036
burgers_run2_ns50_p2q2_loss3_checkpoint_series_svd20_attack_correlation_20260608,model_epoch0200,20,sv_05,residual_change_clean_cosine,0.012845944377428604,0.0781954887218045
burgers_run2_ns50_p2q2_loss3_checkpoint_series_svd20_attack_correlation_20260608,model_epoch0200,20,sv_05,final_loss_mse,-0.1927060399086548,-0.193984962406015
burgers_run2_ns50_p2q2_loss3_checkpoint_series_svd20_attack_correlation_20260608,model_epoch0200,20,sv_05,initial_loss_mse,-0.3351448162215537,-0.21804511278195485
burgers_run2_ns50_p2q2_loss3_checkpoint_series_svd20_attack_correlation_20260608,model_epoch0200,20,sv_10,endpoint_growth_mse,0.3129021144285962,0.25864661654135335
burgers_run2_ns50_p2q2_loss3_checkpoint_series_svd20_attack_correlation_20260608,model_epoch0200,20,sv_10,residual_change_mse,0.3214856048944977,0.28120300751879695
burgers_run2_ns50_p2q2_loss3_checkpoint_series_svd20_attack_correlation_20260608,model_epoch0200,20,sv_10,residual_change_rms,0.28893754796608795,0.28120300751879695
burgers_run2_ns50_p2q2_loss3_checkpoint_series_svd20_attack_correlation_20260608,model_epoch0200,20,sv_10,cross_term_mse,-0.3260413489141738,-0.3413533834586466
burgers_run2_ns50_p2q2_loss3_checkpoint_series_svd20_attack_correlation_20260608,model_epoch0200,20,sv_10,residual_change_clean_cosine,-0.3381252926446644,-0.3293233082706767
burgers_run2_ns50_p2q2_loss3_checkpoint_series_svd20_attack_correlation_20260608,model_epoch0200,20,sv_10,final_loss_mse,0.3173743344606238,0.2571428571428572
burgers_run2_ns50_p2q2_loss3_checkpoint_series_svd20_attack_correlation_20260608,model_epoch0200,20,sv_10,initial_loss_mse,0.35004038477317034,0.47067669172932325
burgers_run2_ns50_p2q2_loss3_checkpoint_series_svd20_attack_correlation_20260608,model_epoch0200,20,sv_20,endpoint_growth_mse,0.5012592751246743,0.3759398496240601
burgers_run2_ns50_p2q2_loss3_checkpoint_series_svd20_attack_correlation_20260608,model_epoch0200,20,sv_20,residual_change_mse,0.5023245976547192,0.3789473684210526
burgers_run2_ns50_p2q2_loss3_checkpoint_series_svd20_attack_correlation_20260608,model_epoch0200,20,sv_20,residual_change_rms,0.47557418002925905,0.3789473684210526
burgers_run2_ns50_p2q2_loss3_checkpoint_series_svd20_attack_correlation_20260608,model_epoch0200,20,sv_20,cross_term_mse,-0.44230872200996346,-0.5172932330827067
burgers_run2_ns50_p2q2_loss3_checkpoint_series_svd20_attack_correlation_20260608,model_epoch0200,20,sv_20,residual_change_clean_cosine,-0.3167704893423856,-0.38345864661654133
burgers_run2_ns50_p2q2_loss3_checkpoint_series_svd20_attack_correlation_20260608,model_epoch0200,20,sv_20,final_loss_mse,0.5039734831711801,0.3744360902255639
burgers_run2_ns50_p2q2_loss3_checkpoint_series_svd20_attack_correlation_20260608,model_epoch0200,20,sv_20,initial_loss_mse,0.47584999153386626,0.5097744360902255
burgers_run2_ns50_p2q2_loss3_checkpoint_series_svd20_attack_correlation_20260608,model_epoch0400,20,error_spectral_norm,endpoint_growth_mse,0.6637608719133715,0.7563909774436091
burgers_run2_ns50_p2q2_loss3_checkpoint_series_svd20_attack_correlation_20260608,model_epoch0400,20,error_spectral_norm,residual_change_mse,0.7411701066908839,0.7714285714285714
burgers_run2_ns50_p2q2_loss3_checkpoint_series_svd20_attack_correlation_20260608,model_epoch0400,20,error_spectral_norm,residual_change_rms,0.769359260436574,0.7714285714285714
burgers_run2_ns50_p2q2_loss3_checkpoint_series_svd20_attack_correlation_20260608,model_epoch0400,20,error_spectral_norm,cross_term_mse,-0.9204970382127352,-0.7203007518796991
burgers_run2_ns50_p2q2_loss3_checkpoint_series_svd20_attack_correlation_20260608,model_epoch0400,20,error_spectral_norm,residual_change_clean_cosine,-0.44231472589574167,-0.5503759398496241
burgers_run2_ns50_p2q2_loss3_checkpoint_series_svd20_attack_correlation_20260608,model_epoch0400,20,error_spectral_norm,final_loss_mse,0.7000297468037272,0.7684210526315788
burgers_run2_ns50_p2q2_loss3_checkpoint_series_svd20_attack_correlation_20260608,model_epoch0400,20,error_spectral_norm,initial_loss_mse,0.954721530249777,0.932330827067669
burgers_run2_ns50_p2q2_loss3_checkpoint_series_svd20_attack_correlation_20260608,model_epoch0400,20,fro_norm,endpoint_growth_mse,0.6849669577293461,0.7488721804511278
burgers_run2_ns50_p2q2_loss3_checkpoint_series_svd20_attack_correlation_20260608,model_epoch0400,20,fro_norm,residual_change_mse,0.7612128745355967,0.7699248120300751
burgers_run2_ns50_p2q2_loss3_checkpoint_series_svd20_attack_correlation_20260608,model_epoch0400,20,fro_norm,residual_change_rms,0.7886891822377401,0.7699248120300751
burgers_run2_ns50_p2q2_loss3_checkpoint_series_svd20_attack_correlation_20260608,model_epoch0400,20,fro_norm,cross_term_mse,-0.9303471666168402,-0.724812030075188
burgers_run2_ns50_p2q2_loss3_checkpoint_series_svd20_attack_correlation_20260608,model_epoch0400,20,fro_norm,residual_change_clean_cosine,-0.4509396241120867,-0.5699248120300752
burgers_run2_ns50_p2q2_loss3_checkpoint_series_svd20_attack_correlation_20260608,model_epoch0400,20,fro_norm,final_loss_mse,0.7208853571491844,0.7593984962406014
burgers_run2_ns50_p2q2_loss3_checkpoint_series_svd20_attack_correlation_20260608,model_epoch0400,20,fro_norm,initial_loss_mse,0.9659919847486519,0.932330827067669
burgers_run2_ns50_p2q2_loss3_checkpoint_series_svd20_attack_correlation_20260608,model_epoch0400,20,effective_rank,endpoint_growth_mse,-0.5022463505848921,-0.7052631578947368
burgers_run2_ns50_p2q2_loss3_checkpoint_series_svd20_attack_correlation_20260608,model_epoch0400,20,effective_rank,residual_change_mse,-0.5299756263955081,-0.7187969924812029
burgers_run2_ns50_p2q2_loss3_checkpoint_series_svd20_attack_correlation_20260608,model_epoch0400,20,effective_rank,residual_change_rms,-0.6046267404460223,-0.7187969924812029
burgers_run2_ns50_p2q2_loss3_checkpoint_series_svd20_attack_correlation_20260608,model_epoch0400,20,effective_rank,cross_term_mse,0.5306188170417959,0.6556390977443608
burgers_run2_ns50_p2q2_loss3_checkpoint_series_svd20_attack_correlation_20260608,model_epoch0400,20,effective_rank,residual_change_clean_cosine,0.33720754898914224,0.5187969924812029
burgers_run2_ns50_p2q2_loss3_checkpoint_series_svd20_attack_correlation_20260608,model_epoch0400,20,effective_rank,final_loss_mse,-0.5211174110296778,-0.7172932330827068
burgers_run2_ns50_p2q2_loss3_checkpoint_series_svd20_attack_correlation_20260608,model_epoch0400,20,effective_rank,initial_loss_mse,-0.6131711323584847,-0.8962406015037594
burgers_run2_ns50_p2q2_loss3_checkpoint_series_svd20_attack_correlation_20260608,model_epoch0400,20,sv_01,endpoint_growth_mse,0.6637608719133715,0.7563909774436091
burgers_run2_ns50_p2q2_loss3_checkpoint_series_svd20_attack_correlation_20260608,model_epoch0400,20,sv_01,residual_change_mse,0.7411701066908839,0.7714285714285714
burgers_run2_ns50_p2q2_loss3_checkpoint_series_svd20_attack_correlation_20260608,model_epoch0400,20,sv_01,residual_change_rms,0.769359260436574,0.7714285714285714
burgers_run2_ns50_p2q2_loss3_checkpoint_series_svd20_attack_correlation_20260608,model_epoch0400,20,sv_01,cross_term_mse,-0.9204970382127352,-0.7203007518796991
burgers_run2_ns50_p2q2_loss3_checkpoint_series_svd20_attack_correlation_20260608,model_epoch0400,20,sv_01,residual_change_clean_cosine,-0.44231472589574167,-0.5503759398496241
burgers_run2_ns50_p2q2_loss3_checkpoint_series_svd20_attack_correlation_20260608,model_epoch0400,20,sv_01,final_loss_mse,0.7000297468037272,0.7684210526315788
burgers_run2_ns50_p2q2_loss3_checkpoint_series_svd20_attack_correlation_20260608,model_epoch0400,20,sv_01,initial_loss_mse,0.954721530249777,0.932330827067669
burgers_run2_ns50_p2q2_loss3_checkpoint_series_svd20_attack_correlation_20260608,model_epoch0400,20,sv_02,endpoint_growth_mse,0.32919914585326254,0.49323308270676686
burgers_run2_ns50_p2q2_loss3_checkpoint_series_svd20_attack_correlation_20260608,model_epoch0400,20,sv_02,residual_change_mse,0.3225866017822725,0.5112781954887218
burgers_run2_ns50_p2q2_loss3_checkpoint_series_svd20_attack_correlation_20260608,model_epoch0400,20,sv_02,residual_change_rms,0.3657981844044878,0.5112781954887218
burgers_run2_ns50_p2q2_loss3_checkpoint_series_svd20_attack_correlation_20260608,model_epoch0400,20,sv_02,cross_term_mse,-0.21447621443525197,-0.29172932330827067
burgers_run2_ns50_p2q2_loss3_checkpoint_series_svd20_attack_correlation_20260608,model_epoch0400,20,sv_02,residual_change_clean_cosine,-0.16259487404906073,-0.14436090225563908
burgers_run2_ns50_p2q2_loss3_checkpoint_series_svd20_attack_correlation_20260608,model_epoch0400,20,sv_02,final_loss_mse,0.3309522081912591,0.512781954887218
burgers_run2_ns50_p2q2_loss3_checkpoint_series_svd20_attack_correlation_20260608,model_epoch0400,20,sv_02,initial_loss_mse,0.26662826090245495,0.5187969924812029
burgers_run2_ns50_p2q2_loss3_checkpoint_series_svd20_attack_correlation_20260608,model_epoch0400,20,sv_05,endpoint_growth_mse,-0.08004441468946867,-0.06917293233082707
burgers_run2_ns50_p2q2_loss3_checkpoint_series_svd20_attack_correlation_20260608,model_epoch0400,20,sv_05,residual_change_mse,-0.11004617106778537,-0.04661654135338346
burgers_run2_ns50_p2q2_loss3_checkpoint_series_svd20_attack_correlation_20260608,model_epoch0400,20,sv_05,residual_change_rms,-0.10911983415568592,-0.04661654135338346
burgers_run2_ns50_p2q2_loss3_checkpoint_series_svd20_attack_correlation_20260608,model_epoch0400,20,sv_05,cross_term_mse,0.222159981244539,0.17142857142857143
burgers_run2_ns50_p2q2_loss3_checkpoint_series_svd20_attack_correlation_20260608,model_epoch0400,20,sv_05,residual_change_clean_cosine,-0.016319547191083045,0.15789473684210525
burgers_run2_ns50_p2q2_loss3_checkpoint_series_svd20_attack_correlation_20260608,model_epoch0400,20,sv_05,final_loss_mse,-0.09540600936415969,-0.07218045112781954
burgers_run2_ns50_p2q2_loss3_checkpoint_series_svd20_attack_correlation_20260608,model_epoch0400,20,sv_05,initial_loss_mse,-0.2551466596210356,-0.12932330827067667
burgers_run2_ns50_p2q2_loss3_checkpoint_series_svd20_attack_correlation_20260608,model_epoch0400,20,sv_10,endpoint_growth_mse,0.577163530374856,0.39999999999999997
burgers_run2_ns50_p2q2_loss3_checkpoint_series_svd20_attack_correlation_20260608,model_epoch0400,20,sv_10,residual_change_mse,0.5552711375801487,0.4090225563909774
burgers_run2_ns50_p2q2_loss3_checkpoint_series_svd20_attack_correlation_20260608,model_epoch0400,20,sv_10,residual_change_rms,0.5207496846524268,0.4090225563909774
burgers_run2_ns50_p2q2_loss3_checkpoint_series_svd20_attack_correlation_20260608,model_epoch0400,20,sv_10,cross_term_mse,-0.32063454322212415,-0.35187969924812035
burgers_run2_ns50_p2q2_loss3_checkpoint_series_svd20_attack_correlation_20260608,model_epoch0400,20,sv_10,residual_change_clean_cosine,-0.1395328840119953,-0.16691729323308271
burgers_run2_ns50_p2q2_loss3_checkpoint_series_svd20_attack_correlation_20260608,model_epoch0400,20,sv_10,final_loss_mse,0.5670884004492409,0.3984962406015037
burgers_run2_ns50_p2q2_loss3_checkpoint_series_svd20_attack_correlation_20260608,model_epoch0400,20,sv_10,initial_loss_mse,0.299913085554455,0.4030075187969925
burgers_run2_ns50_p2q2_loss3_checkpoint_series_svd20_attack_correlation_20260608,model_epoch0400,20,sv_20,endpoint_growth_mse,0.5365484085920711,0.47218045112781953
burgers_run2_ns50_p2q2_loss3_checkpoint_series_svd20_attack_correlation_20260608,model_epoch0400,20,sv_20,residual_change_mse,0.5121137097642645,0.4827067669172932
burgers_run2_ns50_p2q2_loss3_checkpoint_series_svd20_attack_correlation_20260608,model_epoch0400,20,sv_20,residual_change_rms,0.5035380089109946,0.4827067669172932
burgers_run2_ns50_p2q2_loss3_checkpoint_series_svd20_attack_correlation_20260608,model_epoch0400,20,sv_20,cross_term_mse,-0.2761118874842669,-0.3383458646616541
burgers_run2_ns50_p2q2_loss3_checkpoint_series_svd20_attack_correlation_20260608,model_epoch0400,20,sv_20,residual_change_clean_cosine,-0.12410160166416803,-0.13082706766917293
burgers_run2_ns50_p2q2_loss3_checkpoint_series_svd20_attack_correlation_20260608,model_epoch0400,20,sv_20,final_loss_mse,0.529370125858439,0.49323308270676686
burgers_run2_ns50_p2q2_loss3_checkpoint_series_svd20_attack_correlation_20260608,model_epoch0400,20,sv_20,initial_loss_mse,0.3066872742948183,0.49323308270676686
burgers_run2_ns50_p2q2_loss3_checkpoint_series_svd20_attack_correlation_20260608,model_epoch0600,20,error_spectral_norm,endpoint_growth_mse,0.09852259964574529,0.3533834586466165
burgers_run2_ns50_p2q2_loss3_checkpoint_series_svd20_attack_correlation_20260608,model_epoch0600,20,error_spectral_norm,residual_change_mse,0.3340423118002189,0.5007518796992482
burgers_run2_ns50_p2q2_loss3_checkpoint_series_svd20_attack_correlation_20260608,model_epoch0600,20,error_spectral_norm,residual_change_rms,0.41800602313782564,0.5007518796992482
burgers_run2_ns50_p2q2_loss3_checkpoint_series_svd20_attack_correlation_20260608,model_epoch0600,20,error_spectral_norm,cross_term_mse,-0.8547643746043768,-0.8210526315789473
burgers_run2_ns50_p2q2_loss3_checkpoint_series_svd20_attack_correlation_20260608,model_epoch0600,20,error_spectral_norm,residual_change_clean_cosine,-0.5741701445219657,-0.7368421052631579
burgers_run2_ns50_p2q2_loss3_checkpoint_series_svd20_attack_correlation_20260608,model_epoch0600,20,error_spectral_norm,final_loss_mse,0.19884230043695297,0.4195488721804511
burgers_run2_ns50_p2q2_loss3_checkpoint_series_svd20_attack_correlation_20260608,model_epoch0600,20,error_spectral_norm,initial_loss_mse,0.9633213465155915,0.9593984962406013
burgers_run2_ns50_p2q2_loss3_checkpoint_series_svd20_attack_correlation_20260608,model_epoch0600,20,fro_norm,endpoint_growth_mse,0.12267507839686248,0.362406015037594
burgers_run2_ns50_p2q2_loss3_checkpoint_series_svd20_attack_correlation_20260608,model_epoch0600,20,fro_norm,residual_change_mse,0.35754801223052707,0.5218045112781955
burgers_run2_ns50_p2q2_loss3_checkpoint_series_svd20_attack_correlation_20260608,model_epoch0600,20,fro_norm,residual_change_rms,0.43900205431977135,0.5218045112781955
burgers_run2_ns50_p2q2_loss3_checkpoint_series_svd20_attack_correlation_20260608,model_epoch0600,20,fro_norm,cross_term_mse,-0.8575816130825797,-0.806015037593985
burgers_run2_ns50_p2q2_loss3_checkpoint_series_svd20_attack_correlation_20260608,model_epoch0600,20,fro_norm,residual_change_clean_cosine,-0.5758373661657665,-0.7278195488721804
burgers_run2_ns50_p2q2_loss3_checkpoint_series_svd20_attack_correlation_20260608,model_epoch0600,20,fro_norm,final_loss_mse,0.22331028720289386,0.44060150375939844
burgers_run2_ns50_p2q2_loss3_checkpoint_series_svd20_attack_correlation_20260608,model_epoch0600,20,fro_norm,initial_loss_mse,0.9705270387999066,0.9894736842105262
burgers_run2_ns50_p2q2_loss3_checkpoint_series_svd20_attack_correlation_20260608,model_epoch0600,20,effective_rank,endpoint_growth_mse,0.08460969419949999,-0.38195488721804516
burgers_run2_ns50_p2q2_loss3_checkpoint_series_svd20_attack_correlation_20260608,model_epoch0600,20,effective_rank,residual_change_mse,-0.07727565346167653,-0.5037593984962406
burgers_run2_ns50_p2q2_loss3_checkpoint_series_svd20_attack_correlation_20260608,model_epoch0600,20,effective_rank,residual_change_rms,-0.21120116104355274,-0.5037593984962406
burgers_run2_ns50_p2q2_loss3_checkpoint_series_svd20_attack_correlation_20260608,model_epoch0600,20,effective_rank,cross_term_mse,0.5553132635878814,0.8075187969924811
burgers_run2_ns50_p2q2_loss3_checkpoint_series_svd20_attack_correlation_20260608,model_epoch0600,20,effective_rank,residual_change_clean_cosine,0.5294371779776806,0.7218045112781954
burgers_run2_ns50_p2q2_loss3_checkpoint_series_svd20_attack_correlation_20260608,model_epoch0600,20,effective_rank,final_loss_mse,0.017268404414121755,-0.437593984962406
burgers_run2_ns50_p2q2_loss3_checkpoint_series_svd20_attack_correlation_20260608,model_epoch0600,20,effective_rank,initial_loss_mse,-0.6202426063544441,-0.9142857142857143
burgers_run2_ns50_p2q2_loss3_checkpoint_series_svd20_attack_correlation_20260608,model_epoch0600,20,sv_01,endpoint_growth_mse,0.09852259964574529,0.3533834586466165
burgers_run2_ns50_p2q2_loss3_checkpoint_series_svd20_attack_correlation_20260608,model_epoch0600,20,sv_01,residual_change_mse,0.3340423118002189,0.5007518796992482
burgers_run2_ns50_p2q2_loss3_checkpoint_series_svd20_attack_correlation_20260608,model_epoch0600,20,sv_01,residual_change_rms,0.41800602313782564,0.5007518796992482
burgers_run2_ns50_p2q2_loss3_checkpoint_series_svd20_attack_correlation_20260608,model_epoch0600,20,sv_01,cross_term_mse,-0.8547643746043768,-0.8210526315789473
burgers_run2_ns50_p2q2_loss3_checkpoint_series_svd20_attack_correlation_20260608,model_epoch0600,20,sv_01,residual_change_clean_cosine,-0.5741701445219657,-0.7368421052631579
burgers_run2_ns50_p2q2_loss3_checkpoint_series_svd20_attack_correlation_20260608,model_epoch0600,20,sv_01,final_loss_mse,0.19884230043695297,0.4195488721804511
burgers_run2_ns50_p2q2_loss3_checkpoint_series_svd20_attack_correlation_20260608,model_epoch0600,20,sv_01,initial_loss_mse,0.9633213465155915,0.9593984962406013
burgers_run2_ns50_p2q2_loss3_checkpoint_series_svd20_attack_correlation_20260608,model_epoch0600,20,sv_02,endpoint_growth_mse,0.17686333083536004,0.08270676691729321
burgers_run2_ns50_p2q2_loss3_checkpoint_series_svd20_attack_correlation_20260608,model_epoch0600,20,sv_02,residual_change_mse,0.2228265796337693,0.2646616541353383
burgers_run2_ns50_p2q2_loss3_checkpoint_series_svd20_attack_correlation_20260608,model_epoch0600,20,sv_02,residual_change_rms,0.2503671042420841,0.2646616541353383
burgers_run2_ns50_p2q2_loss3_checkpoint_series_svd20_attack_correlation_20260608,model_epoch0600,20,sv_02,cross_term_mse,-0.20014708411012927,-0.4631578947368421
burgers_run2_ns50_p2q2_loss3_checkpoint_series_svd20_attack_correlation_20260608,model_epoch0600,20,sv_02,residual_change_clean_cosine,-0.22975835104658743,-0.393984962406015
burgers_run2_ns50_p2q2_loss3_checkpoint_series_svd20_attack_correlation_20260608,model_epoch0600,20,sv_02,final_loss_mse,0.19793314199185408,0.16541353383458643
burgers_run2_ns50_p2q2_loss3_checkpoint_series_svd20_attack_correlation_20260608,model_epoch0600,20,sv_02,initial_loss_mse,0.22967631021554014,0.46917293233082696
burgers_run2_ns50_p2q2_loss3_checkpoint_series_svd20_attack_correlation_20260608,model_epoch0600,20,sv_05,endpoint_growth_mse,0.14927106676549498,0.02706766917293233
burgers_run2_ns50_p2q2_loss3_checkpoint_series_svd20_attack_correlation_20260608,model_epoch0600,20,sv_05,residual_change_mse,0.12779880714948444,0.10375939849624059
burgers_run2_ns50_p2q2_loss3_checkpoint_series_svd20_attack_correlation_20260608,model_epoch0600,20,sv_05,residual_change_rms,0.06947489182189295,0.10375939849624059
burgers_run2_ns50_p2q2_loss3_checkpoint_series_svd20_attack_correlation_20260608,model_epoch0600,20,sv_05,cross_term_mse,0.04446376654285866,-0.006015037593984962
burgers_run2_ns50_p2q2_loss3_checkpoint_series_svd20_attack_correlation_20260608,model_epoch0600,20,sv_05,residual_change_clean_cosine,0.04537152038603621,0.037593984962406006
burgers_run2_ns50_p2q2_loss3_checkpoint_series_svd20_attack_correlation_20260608,model_epoch0600,20,sv_05,final_loss_mse,0.14461093450605467,0.06766917293233082
burgers_run2_ns50_p2q2_loss3_checkpoint_series_svd20_attack_correlation_20260608,model_epoch0600,20,sv_05,initial_loss_mse,-0.017802583293754608,0.12180451127819547
burgers_run2_ns50_p2q2_loss3_checkpoint_series_svd20_attack_correlation_20260608,model_epoch0600,20,sv_10,endpoint_growth_mse,0.4306405751226486,0.3203007518796992
burgers_run2_ns50_p2q2_loss3_checkpoint_series_svd20_attack_correlation_20260608,model_epoch0600,20,sv_10,residual_change_mse,0.47754388126575376,0.4496240601503759
burgers_run2_ns50_p2q2_loss3_checkpoint_series_svd20_attack_correlation_20260608,model_epoch0600,20,sv_10,residual_change_rms,0.4436792901935873,0.4496240601503759
burgers_run2_ns50_p2q2_loss3_checkpoint_series_svd20_attack_correlation_20260608,model_epoch0600,20,sv_10,cross_term_mse,-0.2571404576826216,-0.20150375939849624
burgers_run2_ns50_p2q2_loss3_checkpoint_series_svd20_attack_correlation_20260608,model_epoch0600,20,sv_10,residual_change_clean_cosine,-0.12906913626377642,-0.16842105263157892
burgers_run2_ns50_p2q2_loss3_checkpoint_series_svd20_attack_correlation_20260608,model_epoch0600,20,sv_10,final_loss_mse,0.4591271296463949,0.38796992481203
burgers_run2_ns50_p2q2_loss3_checkpoint_series_svd20_attack_correlation_20260608,model_epoch0600,20,sv_10,initial_loss_mse,0.3440693256492554,0.4240601503759398
burgers_run2_ns50_p2q2_loss3_checkpoint_series_svd20_attack_correlation_20260608,model_epoch0600,20,sv_20,endpoint_growth_mse,0.3595101931969217,0.17142857142857143
burgers_run2_ns50_p2q2_loss3_checkpoint_series_svd20_attack_correlation_20260608,model_epoch0600,20,sv_20,residual_change_mse,0.372179667253587,0.2857142857142857
burgers_run2_ns50_p2q2_loss3_checkpoint_series_svd20_attack_correlation_20260608,model_epoch0600,20,sv_20,residual_change_rms,0.33819060291105746,0.2857142857142857
burgers_run2_ns50_p2q2_loss3_checkpoint_series_svd20_attack_correlation_20260608,model_epoch0600,20,sv_20,cross_term_mse,-0.12088351018488457,-0.10375939849624059
burgers_run2_ns50_p2q2_loss3_checkpoint_series_svd20_attack_correlation_20260608,model_epoch0600,20,sv_20,residual_change_clean_cosine,-0.09415311012349444,-0.11278195488721804
burgers_run2_ns50_p2q2_loss3_checkpoint_series_svd20_attack_correlation_20260608,model_epoch0600,20,sv_20,final_loss_mse,0.37217501876383563,0.20300751879699244
burgers_run2_ns50_p2q2_loss3_checkpoint_series_svd20_attack_correlation_20260608,model_epoch0600,20,sv_20,initial_loss_mse,0.1824039937303635,0.18796992481203004
burgers_run2_ns50_p2q2_loss3_checkpoint_series_svd20_attack_correlation_20260608,model_epoch0800,20,error_spectral_norm,endpoint_growth_mse,0.2390484444312832,0.4827067669172932
burgers_run2_ns50_p2q2_loss3_checkpoint_series_svd20_attack_correlation_20260608,model_epoch0800,20,error_spectral_norm,residual_change_mse,0.2547515634306582,0.5052631578947367
burgers_run2_ns50_p2q2_loss3_checkpoint_series_svd20_attack_correlation_20260608,model_epoch0800,20,error_spectral_norm,residual_change_rms,0.3224389409595664,0.5052631578947367
burgers_run2_ns50_p2q2_loss3_checkpoint_series_svd20_attack_correlation_20260608,model_epoch0800,20,error_spectral_norm,cross_term_mse,-0.45129469466938565,-0.45714285714285713
burgers_run2_ns50_p2q2_loss3_checkpoint_series_svd20_attack_correlation_20260608,model_epoch0800,20,error_spectral_norm,residual_change_clean_cosine,-0.4741958951305822,-0.512781954887218
burgers_run2_ns50_p2q2_loss3_checkpoint_series_svd20_attack_correlation_20260608,model_epoch0800,20,error_spectral_norm,final_loss_mse,0.24326132665214328,0.4827067669172932
burgers_run2_ns50_p2q2_loss3_checkpoint_series_svd20_attack_correlation_20260608,model_epoch0800,20,error_spectral_norm,initial_loss_mse,0.7927808573081492,0.7368421052631579
burgers_run2_ns50_p2q2_loss3_checkpoint_series_svd20_attack_correlation_20260608,model_epoch0800,20,fro_norm,endpoint_growth_mse,0.34432415223133817,0.48872180451127817
burgers_run2_ns50_p2q2_loss3_checkpoint_series_svd20_attack_correlation_20260608,model_epoch0800,20,fro_norm,residual_change_mse,0.3606914232290609,0.5112781954887218
burgers_run2_ns50_p2q2_loss3_checkpoint_series_svd20_attack_correlation_20260608,model_epoch0800,20,fro_norm,residual_change_rms,0.41427440761387596,0.5112781954887218
burgers_run2_ns50_p2q2_loss3_checkpoint_series_svd20_attack_correlation_20260608,model_epoch0800,20,fro_norm,cross_term_mse,-0.5064822693611168,-0.43909774436090226
burgers_run2_ns50_p2q2_loss3_checkpoint_series_svd20_attack_correlation_20260608,model_epoch0800,20,fro_norm,residual_change_clean_cosine,-0.5034240313232415,-0.49022556390977434
burgers_run2_ns50_p2q2_loss3_checkpoint_series_svd20_attack_correlation_20260608,model_epoch0800,20,fro_norm,final_loss_mse,0.3485264361012724,0.48872180451127817
burgers_run2_ns50_p2q2_loss3_checkpoint_series_svd20_attack_correlation_20260608,model_epoch0800,20,fro_norm,initial_loss_mse,0.8492266095399548,0.7293233082706766
burgers_run2_ns50_p2q2_loss3_checkpoint_series_svd20_attack_correlation_20260608,model_epoch0800,20,effective_rank,endpoint_growth_mse,-0.012640373104850555,-0.4330827067669173
burgers_run2_ns50_p2q2_loss3_checkpoint_series_svd20_attack_correlation_20260608,model_epoch0800,20,effective_rank,residual_change_mse,-0.013839141368982542,-0.4616541353383458
burgers_run2_ns50_p2q2_loss3_checkpoint_series_svd20_attack_correlation_20260608,model_epoch0800,20,effective_rank,residual_change_rms,-0.09665806168325096,-0.4616541353383458
burgers_run2_ns50_p2q2_loss3_checkpoint_series_svd20_attack_correlation_20260608,model_epoch0800,20,effective_rank,cross_term_mse,0.032323087990363035,0.32631578947368417
burgers_run2_ns50_p2q2_loss3_checkpoint_series_svd20_attack_correlation_20260608,model_epoch0800,20,effective_rank,residual_change_clean_cosine,0.1037575635295046,0.39097744360902253
burgers_run2_ns50_p2q2_loss3_checkpoint_series_svd20_attack_correlation_20260608,model_epoch0800,20,effective_rank,final_loss_mse,-0.015732412040182726,-0.4330827067669173
burgers_run2_ns50_p2q2_loss3_checkpoint_series_svd20_attack_correlation_20260608,model_epoch0800,20,effective_rank,initial_loss_mse,-0.49199560516399643,-0.6210526315789473
burgers_run2_ns50_p2q2_loss3_checkpoint_series_svd20_attack_correlation_20260608,model_epoch0800,20,sv_01,endpoint_growth_mse,0.2390484444312832,0.4827067669172932
burgers_run2_ns50_p2q2_loss3_checkpoint_series_svd20_attack_correlation_20260608,model_epoch0800,20,sv_01,residual_change_mse,0.2547515634306582,0.5052631578947367
burgers_run2_ns50_p2q2_loss3_checkpoint_series_svd20_attack_correlation_20260608,model_epoch0800,20,sv_01,residual_change_rms,0.3224389409595664,0.5052631578947367
burgers_run2_ns50_p2q2_loss3_checkpoint_series_svd20_attack_correlation_20260608,model_epoch0800,20,sv_01,cross_term_mse,-0.45129469466938565,-0.45714285714285713
burgers_run2_ns50_p2q2_loss3_checkpoint_series_svd20_attack_correlation_20260608,model_epoch0800,20,sv_01,residual_change_clean_cosine,-0.4741958951305822,-0.512781954887218
burgers_run2_ns50_p2q2_loss3_checkpoint_series_svd20_attack_correlation_20260608,model_epoch0800,20,sv_01,final_loss_mse,0.24326132665214328,0.4827067669172932
burgers_run2_ns50_p2q2_loss3_checkpoint_series_svd20_attack_correlation_20260608,model_epoch0800,20,sv_01,initial_loss_mse,0.7927808573081492,0.7368421052631579
burgers_run2_ns50_p2q2_loss3_checkpoint_series_svd20_attack_correlation_20260608,model_epoch0800,20,sv_02,endpoint_growth_mse,0.6146372857243324,0.26616541353383455
burgers_run2_ns50_p2q2_loss3_checkpoint_series_svd20_attack_correlation_20260608,model_epoch0800,20,sv_02,residual_change_mse,0.6193934172637441,0.2556390977443609
burgers_run2_ns50_p2q2_loss3_checkpoint_series_svd20_attack_correlation_20260608,model_epoch0800,20,sv_02,residual_change_rms,0.5700803255766052,0.2556390977443609
burgers_run2_ns50_p2q2_loss3_checkpoint_series_svd20_attack_correlation_20260608,model_epoch0800,20,sv_02,cross_term_mse,-0.3423803945501755,-0.2556390977443609
burgers_run2_ns50_p2q2_loss3_checkpoint_series_svd20_attack_correlation_20260608,model_epoch0800,20,sv_02,residual_change_clean_cosine,-0.1935009045220458,-0.21804511278195485
burgers_run2_ns50_p2q2_loss3_checkpoint_series_svd20_attack_correlation_20260608,model_epoch0800,20,sv_02,final_loss_mse,0.6163280965538497,0.26616541353383455
burgers_run2_ns50_p2q2_loss3_checkpoint_series_svd20_attack_correlation_20260608,model_epoch0800,20,sv_02,initial_loss_mse,0.6044781847388591,0.4992481203007519
burgers_run2_ns50_p2q2_loss3_checkpoint_series_svd20_attack_correlation_20260608,model_epoch0800,20,sv_05,endpoint_growth_mse,0.7700503218452768,0.4781954887218045
burgers_run2_ns50_p2q2_loss3_checkpoint_series_svd20_attack_correlation_20260608,model_epoch0800,20,sv_05,residual_change_mse,0.7818892508884893,0.4766917293233082
burgers_run2_ns50_p2q2_loss3_checkpoint_series_svd20_attack_correlation_20260608,model_epoch0800,20,sv_05,residual_change_rms,0.7402359367972917,0.4766917293233082
burgers_run2_ns50_p2q2_loss3_checkpoint_series_svd20_attack_correlation_20260608,model_epoch0800,20,sv_05,cross_term_mse,-0.5639877738011023,-0.5984962406015037
burgers_run2_ns50_p2q2_loss3_checkpoint_series_svd20_attack_correlation_20260608,model_epoch0800,20,sv_05,residual_change_clean_cosine,-0.49077517296082057,-0.58796992481203
burgers_run2_ns50_p2q2_loss3_checkpoint_series_svd20_attack_correlation_20260608,model_epoch0800,20,sv_05,final_loss_mse,0.77159444920896,0.4781954887218045
burgers_run2_ns50_p2q2_loss3_checkpoint_series_svd20_attack_correlation_20260608,model_epoch0800,20,sv_05,initial_loss_mse,0.6672508599730438,0.6030075187969924
burgers_run2_ns50_p2q2_loss3_checkpoint_series_svd20_attack_correlation_20260608,model_epoch0800,20,sv_10,endpoint_growth_mse,0.31318710215088286,0.22556390977443608
burgers_run2_ns50_p2q2_loss3_checkpoint_series_svd20_attack_correlation_20260608,model_epoch0800,20,sv_10,residual_change_mse,0.33385541475601943,0.23759398496240602
burgers_run2_ns50_p2q2_loss3_checkpoint_series_svd20_attack_correlation_20260608,model_epoch0800,20,sv_10,residual_change_rms,0.32866564077530347,0.23759398496240602
burgers_run2_ns50_p2q2_loss3_checkpoint_series_svd20_attack_correlation_20260608,model_epoch0800,20,sv_10,cross_term_mse,-0.5934427173450565,-0.6796992481203006
burgers_run2_ns50_p2q2_loss3_checkpoint_series_svd20_attack_correlation_20260608,model_epoch0800,20,sv_10,residual_change_clean_cosine,-0.6050372582771452,-0.6887218045112782
burgers_run2_ns50_p2q2_loss3_checkpoint_series_svd20_attack_correlation_20260608,model_epoch0800,20,sv_10,final_loss_mse,0.316429671838917,0.22556390977443608
burgers_run2_ns50_p2q2_loss3_checkpoint_series_svd20_attack_correlation_20260608,model_epoch0800,20,sv_10,initial_loss_mse,0.6814994431090479,0.5849624060150376
burgers_run2_ns50_p2q2_loss3_checkpoint_series_svd20_attack_correlation_20260608,model_epoch0800,20,sv_20,endpoint_growth_mse,0.37307537154590675,0.23909774436090225
burgers_run2_ns50_p2q2_loss3_checkpoint_series_svd20_attack_correlation_20260608,model_epoch0800,20,sv_20,residual_change_mse,0.38623989120785096,0.2421052631578947
burgers_run2_ns50_p2q2_loss3_checkpoint_series_svd20_attack_correlation_20260608,model_epoch0800,20,sv_20,residual_change_rms,0.3631431555246242,0.2421052631578947
burgers_run2_ns50_p2q2_loss3_checkpoint_series_svd20_attack_correlation_20260608,model_epoch0800,20,sv_20,cross_term_mse,-0.44384057167756213,-0.5383458646616541
burgers_run2_ns50_p2q2_loss3_checkpoint_series_svd20_attack_correlation_20260608,model_epoch0800,20,sv_20,residual_change_clean_cosine,-0.5399284999938102,-0.5428571428571428
burgers_run2_ns50_p2q2_loss3_checkpoint_series_svd20_attack_correlation_20260608,model_epoch0800,20,sv_20,final_loss_mse,0.3746642222701353,0.23909774436090225
burgers_run2_ns50_p2q2_loss3_checkpoint_series_svd20_attack_correlation_20260608,model_epoch0800,20,sv_20,initial_loss_mse,0.45515218641402394,0.49022556390977434
burgers_run2_ns50_p2q2_loss3_checkpoint_series_svd20_attack_correlation_20260608,model_epoch1000,20,error_spectral_norm,endpoint_growth_mse,0.3022657938663772,0.6827067669172932
burgers_run2_ns50_p2q2_loss3_checkpoint_series_svd20_attack_correlation_20260608,model_epoch1000,20,error_spectral_norm,residual_change_mse,0.2606561416598765,0.6781954887218045
burgers_run2_ns50_p2q2_loss3_checkpoint_series_svd20_attack_correlation_20260608,model_epoch1000,20,error_spectral_norm,residual_change_rms,0.3536347238108028,0.6781954887218045
burgers_run2_ns50_p2q2_loss3_checkpoint_series_svd20_attack_correlation_20260608,model_epoch1000,20,error_spectral_norm,cross_term_mse,0.3995960207224432,0.021052631578947364
burgers_run2_ns50_p2q2_loss3_checkpoint_series_svd20_attack_correlation_20260608,model_epoch1000,20,error_spectral_norm,residual_change_clean_cosine,0.2897725641715052,0.06616541353383458
burgers_run2_ns50_p2q2_loss3_checkpoint_series_svd20_attack_correlation_20260608,model_epoch1000,20,error_spectral_norm,final_loss_mse,0.30553827856001653,0.6962406015037594
burgers_run2_ns50_p2q2_loss3_checkpoint_series_svd20_attack_correlation_20260608,model_epoch1000,20,error_spectral_norm,initial_loss_mse,0.5740308162908482,0.6
burgers_run2_ns50_p2q2_loss3_checkpoint_series_svd20_attack_correlation_20260608,model_epoch1000,20,fro_norm,endpoint_growth_mse,0.31659589197853966,0.6646616541353383
burgers_run2_ns50_p2q2_loss3_checkpoint_series_svd20_attack_correlation_20260608,model_epoch1000,20,fro_norm,residual_change_mse,0.27675003150776356,0.6601503759398496
burgers_run2_ns50_p2q2_loss3_checkpoint_series_svd20_attack_correlation_20260608,model_epoch1000,20,fro_norm,residual_change_rms,0.3606989633150801,0.6601503759398496
burgers_run2_ns50_p2q2_loss3_checkpoint_series_svd20_attack_correlation_20260608,model_epoch1000,20,fro_norm,cross_term_mse,0.3774099444844768,-0.03458646616541353
burgers_run2_ns50_p2q2_loss3_checkpoint_series_svd20_attack_correlation_20260608,model_epoch1000,20,fro_norm,residual_change_clean_cosine,0.2662119852674381,0.022556390977443608
burgers_run2_ns50_p2q2_loss3_checkpoint_series_svd20_attack_correlation_20260608,model_epoch1000,20,fro_norm,final_loss_mse,0.3200036203698635,0.6781954887218045
burgers_run2_ns50_p2q2_loss3_checkpoint_series_svd20_attack_correlation_20260608,model_epoch1000,20,fro_norm,initial_loss_mse,0.598593107508009,0.6466165413533834
burgers_run2_ns50_p2q2_loss3_checkpoint_series_svd20_attack_correlation_20260608,model_epoch1000,20,effective_rank,endpoint_growth_mse,-0.2713354006393796,-0.5669172932330826
burgers_run2_ns50_p2q2_loss3_checkpoint_series_svd20_attack_correlation_20260608,model_epoch1000,20,effective_rank,residual_change_mse,-0.2420540952300247,-0.5428571428571428
burgers_run2_ns50_p2q2_loss3_checkpoint_series_svd20_attack_correlation_20260608,model_epoch1000,20,effective_rank,residual_change_rms,-0.33466710683398343,-0.5428571428571428
burgers_run2_ns50_p2q2_loss3_checkpoint_series_svd20_attack_correlation_20260608,model_epoch1000,20,effective_rank,cross_term_mse,-0.2698667966266487,-0.2270676691729323
burgers_run2_ns50_p2q2_loss3_checkpoint_series_svd20_attack_correlation_20260608,model_epoch1000,20,effective_rank,residual_change_clean_cosine,-0.1992919148665943,-0.22406015037593985
burgers_run2_ns50_p2q2_loss3_checkpoint_series_svd20_attack_correlation_20260608,model_epoch1000,20,effective_rank,final_loss_mse,-0.2735293248287961,-0.5744360902255639
burgers_run2_ns50_p2q2_loss3_checkpoint_series_svd20_attack_correlation_20260608,model_epoch1000,20,effective_rank,initial_loss_mse,-0.41619874720237265,-0.5368421052631579
burgers_run2_ns50_p2q2_loss3_checkpoint_series_svd20_attack_correlation_20260608,model_epoch1000,20,sv_01,endpoint_growth_mse,0.3022657938663772,0.6827067669172932
burgers_run2_ns50_p2q2_loss3_checkpoint_series_svd20_attack_correlation_20260608,model_epoch1000,20,sv_01,residual_change_mse,0.2606561416598765,0.6781954887218045
burgers_run2_ns50_p2q2_loss3_checkpoint_series_svd20_attack_correlation_20260608,model_epoch1000,20,sv_01,residual_change_rms,0.3536347238108028,0.6781954887218045
burgers_run2_ns50_p2q2_loss3_checkpoint_series_svd20_attack_correlation_20260608,model_epoch1000,20,sv_01,cross_term_mse,0.3995960207224432,0.021052631578947364
burgers_run2_ns50_p2q2_loss3_checkpoint_series_svd20_attack_correlation_20260608,model_epoch1000,20,sv_01,residual_change_clean_cosine,0.2897725641715052,0.06616541353383458
burgers_run2_ns50_p2q2_loss3_checkpoint_series_svd20_attack_correlation_20260608,model_epoch1000,20,sv_01,final_loss_mse,0.30553827856001653,0.6962406015037594
burgers_run2_ns50_p2q2_loss3_checkpoint_series_svd20_attack_correlation_20260608,model_epoch1000,20,sv_01,initial_loss_mse,0.5740308162908482,0.6
burgers_run2_ns50_p2q2_loss3_checkpoint_series_svd20_attack_correlation_20260608,model_epoch1000,20,sv_02,endpoint_growth_mse,-0.04833469955603937,-0.22857142857142856
burgers_run2_ns50_p2q2_loss3_checkpoint_series_svd20_attack_correlation_20260608,model_epoch1000,20,sv_02,residual_change_mse,-0.038925004961746314,-0.20300751879699244
burgers_run2_ns50_p2q2_loss3_checkpoint_series_svd20_attack_correlation_20260608,model_epoch1000,20,sv_02,residual_change_rms,-0.07217838497503523,-0.20300751879699244
burgers_run2_ns50_p2q2_loss3_checkpoint_series_svd20_attack_correlation_20260608,model_epoch1000,20,sv_02,cross_term_mse,-0.09423597656504329,-0.3533834586466165
burgers_run2_ns50_p2q2_loss3_checkpoint_series_svd20_attack_correlation_20260608,model_epoch1000,20,sv_02,residual_change_clean_cosine,-0.1562865526897028,-0.4030075187969925
burgers_run2_ns50_p2q2_loss3_checkpoint_series_svd20_attack_correlation_20260608,model_epoch1000,20,sv_02,final_loss_mse,-0.04620959079897919,-0.20751879699248119
burgers_run2_ns50_p2q2_loss3_checkpoint_series_svd20_attack_correlation_20260608,model_epoch1000,20,sv_02,initial_loss_mse,0.26109410708886277,0.27669172932330827
burgers_run2_ns50_p2q2_loss3_checkpoint_series_svd20_attack_correlation_20260608,model_epoch1000,20,sv_05,endpoint_growth_mse,0.7021282777357247,0.44060150375939844
burgers_run2_ns50_p2q2_loss3_checkpoint_series_svd20_attack_correlation_20260608,model_epoch1000,20,sv_05,residual_change_mse,0.6776282697569433,0.431578947368421
burgers_run2_ns50_p2q2_loss3_checkpoint_series_svd20_attack_correlation_20260608,model_epoch1000,20,sv_05,residual_change_rms,0.6368607800803571,0.431578947368421
burgers_run2_ns50_p2q2_loss3_checkpoint_series_svd20_attack_correlation_20260608,model_epoch1000,20,sv_05,cross_term_mse,0.1339483240852017,-0.051127819548872175
burgers_run2_ns50_p2q2_loss3_checkpoint_series_svd20_attack_correlation_20260608,model_epoch1000,20,sv_05,residual_change_clean_cosine,0.22067442132678847,0.14887218045112782
burgers_run2_ns50_p2q2_loss3_checkpoint_series_svd20_attack_correlation_20260608,model_epoch1000,20,sv_05,final_loss_mse,0.7040073148687284,0.4496240601503759
burgers_run2_ns50_p2q2_loss3_checkpoint_series_svd20_attack_correlation_20260608,model_epoch1000,20,sv_05,initial_loss_mse,0.5709024412932254,0.5819548872180451
burgers_run2_ns50_p2q2_loss3_checkpoint_series_svd20_attack_correlation_20260608,model_epoch1000,20,sv_10,endpoint_growth_mse,0.41839068236616556,0.5052631578947367
burgers_run2_ns50_p2q2_loss3_checkpoint_series_svd20_attack_correlation_20260608,model_epoch1000,20,sv_10,residual_change_mse,0.4116230966412678,0.544360902255639
burgers_run2_ns50_p2q2_loss3_checkpoint_series_svd20_attack_correlation_20260608,model_epoch1000,20,sv_10,residual_change_rms,0.45794475311123894,0.544360902255639
burgers_run2_ns50_p2q2_loss3_checkpoint_series_svd20_attack_correlation_20260608,model_epoch1000,20,sv_10,cross_term_mse,-0.006391776128249318,-0.30526315789473685
burgers_run2_ns50_p2q2_loss3_checkpoint_series_svd20_attack_correlation_20260608,model_epoch1000,20,sv_10,residual_change_clean_cosine,-0.08630978915489271,-0.23609022556390977
burgers_run2_ns50_p2q2_loss3_checkpoint_series_svd20_attack_correlation_20260608,model_epoch1000,20,sv_10,final_loss_mse,0.41913300119139707,0.5142857142857143
burgers_run2_ns50_p2q2_loss3_checkpoint_series_svd20_attack_correlation_20260608,model_epoch1000,20,sv_10,initial_loss_mse,0.2899100146460328,0.20751879699248119
burgers_run2_ns50_p2q2_loss3_checkpoint_series_svd20_attack_correlation_20260608,model_epoch1000,20,sv_20,endpoint_growth_mse,0.3344025113555233,0.38947368421052625
burgers_run2_ns50_p2q2_loss3_checkpoint_series_svd20_attack_correlation_20260608,model_epoch1000,20,sv_20,residual_change_mse,0.3370667071795834,0.4526315789473684
burgers_run2_ns50_p2q2_loss3_checkpoint_series_svd20_attack_correlation_20260608,model_epoch1000,20,sv_20,residual_change_rms,0.37370026004436696,0.4526315789473684
burgers_run2_ns50_p2q2_loss3_checkpoint_series_svd20_attack_correlation_20260608,model_epoch1000,20,sv_20,cross_term_mse,-0.09397794125507761,-0.2045112781954887
burgers_run2_ns50_p2q2_loss3_checkpoint_series_svd20_attack_correlation_20260608,model_epoch1000,20,sv_20,residual_change_clean_cosine,-0.1375303287003922,-0.11428571428571428
burgers_run2_ns50_p2q2_loss3_checkpoint_series_svd20_attack_correlation_20260608,model_epoch1000,20,sv_20,final_loss_mse,0.3334533082095437,0.38796992481203
burgers_run2_ns50_p2q2_loss3_checkpoint_series_svd20_attack_correlation_20260608,model_epoch1000,20,sv_20,initial_loss_mse,0.026181891543861024,0.007518796992481202
