task,epoch,global_step,optimizer_global_step_last,local_batch_idx,batch_size,attack_batch_size,configured_attack_batch_size,optimizer_batch_size,optimizer_microbatches,training_data_mode,clean_train_samples,adv_train_samples,effective_train_samples,clean_plus_adv_multiplier,progress_fraction,train_loss_on_adv,train_loss_on_adv_mean,label_mode,target_source,grad_norm,grad_norm_mean,grad_norm_last,attack_wall_sec,work_clock_step_seconds,work_clock_seconds,work_clock_attack_seconds,work_clock_optimizer_seconds,attack_sec_per_sample,attack_samples_per_sec,train_wall_sec,train_sec_per_sample,step_sec_per_sample,step_samples_per_sec,optimizer_wall_sec_mean,step_wall_sec,cuda_allocated_mb,cuda_reserved_mb,cuda_peak_allocated_mb,training_target_source,attack_loss_objective,attack_objective_definition,attack_uses_solver_forward,attack_uses_solver_backward,full_solver_gradient,attack_target_source,attack_type,attack_method,attack_steps,epsilon_mean,epsilon_min,epsilon_max,alpha_mean,alpha_min,alpha_max,alpha_ratio_nominal,clean_loss_before_attack,adv_loss_after_random_start,adv_loss_after_attack,attack_loss_gain,clean_solver_mse_before_attack,adv_solver_mse_after_attack,solver_mse_attack_gain,grad_abs_mean_last,boundary_ratio_mean,delta_linf_mean,delta_l2_rms_mean,darcy_budget_pixels_mean,darcy_flip_fraction,darcy_random_source_mode,darcy_random_source_kernel_set,darcy_random_source_alpha_values,darcy_random_source_alpha_draw_mean,darcy_random_source_alpha_draw_min,darcy_random_source_alpha_draw_max,darcy_random_source_lengthscale_min_cfg,darcy_random_source_lengthscale_max_cfg,darcy_random_source_lengthscale_draw_mean,darcy_random_source_lengthscale_draw_min,darcy_random_source_lengthscale_draw_max,darcy_random_source_min_flip_fraction_cfg,darcy_random_source_max_flip_fraction_cfg,darcy_random_source_observed_flip_fraction_mean,darcy_random_source_normalized_l1_energy_mean,darcy_random_source_normalized_squared_l2_energy_mean,darcy_random_source_field_abs_mean,darcy_random_source_field_std_mean,darcy_random_source_binary_error_max,darcy_random_source_distinct_kernel_count,darcy_random_source_kernel_bandpass_count,darcy_random_source_kernel_gaussian_count,darcy_random_source_kernel_highpass_count,darcy_random_source_kernel_matern_count,darcy_random_source_kernel_mixed_count,target_min,target_max,target_absmax,target_invalid_fraction
darcy,1,1,4,1,96,96,96,24,4,random-binary-solver-y,0,96,96,1.0,0.0125,1.029982255928985e-06,1.029982255928985e-06,solver,solver(a_random).detach(),0.0026174702858723416,0.001751072184576283,0.0026174702858723416,1.6452835240052082,2.2918733329861425,2.2918733329861425,1.6452835240052082,0.6465898089809343,0.01713837004172092,58.348605938933666,0.6465898089809343,0.006735310510218066,0.023892912447990966,41.85341582683801,0.1407427407684736,2.2937195950071327,3627.15380859375,5894.0,4768.1142578125,solver(a_random).detach() after random binary flips,random-binary-solver-y,random binary source perturbation; no adversarial gradient is used,1,0,False,solver(a_random).detach(),random_binary_source,random-binary-solver-y,0,0.028369378298521042,0.005813148804008961,0.04913494735956192,3.3145835399627686,1.2000000476837158,5.199999809265137,nan,4.682974719116828e-08,4.8314678480210205e-08,4.8314678480210205e-08,1.4849312890419242e-09,4.682974719116828e-08,4.8314678480210205e-08,1.4849312890419242e-09,nan,0.5673875287175179,9.0,1.4657500982284546,204.96875,0.028369376435875893,random-binary-solver-y,"gaussian,matern,highpass,bandpass,mixed","1.2,2.2,3.2,4.2,5.2",3.3145835399627686,1.2000000476837158,5.199999809265137,0.035,0.3,0.16323482990264893,0.036049239337444305,0.29462510347366333,0.005,0.05,0.028369376435875893,0.028369376435875893,0.028369376435875893,0.7982004787772894,0.9999999844779571,0.0,5,22,15,24,18,17,0.0,0.017242586240172386,0.017242586240172386,0.0
darcy,1,2,8,2,96,96,96,24,4,random-binary-solver-y,0,96,96,1.0,0.025,8.050349808996771e-07,8.050349808996771e-07,solver,solver(a_random).detach(),0.0014155541129165356,0.0017393512165217722,0.0014155541129165356,0.23403927800245583,0.731480234011542,3.0233535669976845,0.23403927800245583,0.4974409560090862,0.002437909145858915,410.1875583422055,0.4974409560090862,0.005181676625094648,0.00765005373978056,130.71803597927206,0.09985180776857305,0.7344051590189338,3627.15380859375,6848.0,5073.84130859375,solver(a_random).detach() after random binary flips,random-binary-solver-y,random binary source perturbation; no adversarial gradient is used,1,0,False,solver(a_random).detach(),random_binary_source,random-binary-solver-y,0,0.027988754212856293,0.005259515717625618,0.049273356795310974,3.1895835399627686,1.2000000476837158,5.199999809265137,nan,1.6663062751831603e-06,1.775650162016973e-06,1.775650162016973e-06,1.0934388683381258e-07,1.6663062751831603e-06,1.775650162016973e-06,1.0934388683381258e-07,nan,0.5597750842571259,9.0,1.463065505027771,202.21875,0.027988754212856293,random-binary-solver-y,"gaussian,matern,highpass,bandpass,mixed","1.2,2.2,3.2,4.2,5.2",3.1895835399627686,1.2000000476837158,5.199999809265137,0.035,0.3,0.1648411750793457,0.035822294652462006,0.2965949773788452,0.005,0.05,0.027988754212856293,0.027988754212856293,0.027988754212856293,0.7992723571757475,0.9999999857197205,0.0,5,16,26,15,22,17,0.0,0.015539469197392464,0.015539469197392464,0.0
darcy,1,3,12,3,96,96,96,24,4,random-binary-solver-y,0,96,96,1.0,0.0375,5.616787106532684e-07,5.616787106532684e-07,solver,solver(a_random).detach(),0.00039601768940509294,0.001487966534471198,0.00039601768940509294,0.23328395001590252,0.7319415190140717,3.755295086011756,0.23328395001590252,0.49865756899816915,0.0024300411459989846,411.5156657517839,0.49865756899816915,0.005194349677064262,0.007643617479213087,130.82810628861432,0.1001154207624495,0.7337872780044563,3627.15380859375,6848.0,5073.841796875,solver(a_random).detach() after random binary flips,random-binary-solver-y,random binary source perturbation; no adversarial gradient is used,1,0,False,solver(a_random).detach(),random_binary_source,random-binary-solver-y,0,0.028699537739157677,0.005121107213199139,0.04996539652347565,3.231250286102295,1.2000000476837158,5.199999809265137,nan,1.02437081750395e-06,9.119821697822772e-07,9.119821697822772e-07,-1.123886477216729e-07,1.02437081750395e-06,9.119821697822772e-07,-1.123886477216729e-07,nan,0.5739907547831535,9.0,1.470432162284851,207.3541717529297,0.028699537739157677,random-binary-solver-y,"gaussian,matern,highpass,bandpass,mixed","1.2,2.2,3.2,4.2,5.2",3.231250286102295,1.2000000476837158,5.199999809265137,0.035,0.3,0.17488573491573334,0.03905576467514038,0.29806095361709595,0.005,0.05,0.028699537739157677,0.028699537739157677,0.028699537739157677,0.7983010970056057,0.9999999819944302,0.0,5,24,14,18,24,16,0.0,0.01577003300189972,0.01577003300189972,0.0
darcy,1,4,16,4,96,96,96,24,4,random-binary-solver-y,0,96,96,1.0,0.05,4.0559087111091685e-07,4.0559087111091685e-07,solver,solver(a_random).detach(),0.001559307287597958,0.00129147948324408,0.001559307287597958,0.23585735395317897,0.7353693009354174,4.490664386947174,0.23585735395317897,0.49951194698223844,0.002456847437012281,407.02568052661763,0.49951194698223844,0.0052032494477316504,0.0076852450729347765,130.11946795577313,0.10033369950542692,0.7377835270017385,3627.15380859375,6848.0,5073.841796875,solver(a_random).detach() after random binary flips,random-binary-solver-y,random binary source perturbation; no adversarial gradient is used,1,0,False,solver(a_random).detach(),random_binary_source,random-binary-solver-y,0,0.027883505448698997,0.005674740299582481,0.049550171941518784,3.137500286102295,1.2000000476837158,5.199999809265137,nan,1.203261490445584e-07,1.3943308374564367e-07,1.3943308374564367e-07,1.9106934701085265e-08,1.203261490445584e-07,1.3943308374564367e-07,1.9106934701085265e-08,nan,0.55767010897398,9.0,1.453545331954956,201.45834350585938,0.027883505448698997,random-binary-solver-y,"gaussian,matern,highpass,bandpass,mixed","1.2,2.2,3.2,4.2,5.2",3.137500286102295,1.2000000476837158,5.199999809265137,0.035,0.3,0.17004303634166718,0.04105304181575775,0.29700836539268494,0.005,0.05,0.027883505448698997,0.027883505448698997,0.027883505448698997,0.7990744734803835,0.9999999875823656,0.0,5,19,17,14,26,20,0.0,0.016898494213819504,0.016898494213819504,0.0
darcy,2,5,20,1,96,96,96,24,4,random-binary-solver-y,0,96,96,1.0,0.0625,1.9770037695820974e-07,1.9770037695820974e-07,solver,solver(a_random).detach(),0.0012454905469779188,0.0007794705436235867,0.0012454905469779188,0.31503443303518,0.8142548589967191,5.304919245943893,0.31503443303518,0.49922042596153915,0.0032816086774497912,304.72859450661906,0.49922042596153915,0.0052002127704326995,0.008499206312383953,117.65804514510118,0.10035685249022208,0.8159238059888594,3627.15380859375,6848.0,5073.841796875,solver(a_random).detach() after random binary flips,random-binary-solver-y,random binary source perturbation; no adversarial gradient is used,1,0,False,solver(a_random).detach(),random_binary_source,random-binary-solver-y,0,0.030643023550510406,0.005121107213199139,0.04968858137726784,3.335416793823242,1.2000000476837158,5.199999809265137,nan,1.4513088331113977e-07,1.7856068268429226e-07,1.7856068268429226e-07,3.342979937315249e-08,1.4513088331113977e-07,1.7856068268429226e-07,3.342979937315249e-08,nan,0.6128604337573051,9.0,1.5310144424438477,221.39584350585938,0.030643021687865257,random-binary-solver-y,"gaussian,matern,highpass,bandpass,mixed","1.2,2.2,3.2,4.2,5.2",3.335416793823242,1.2000000476837158,5.199999809265137,0.035,0.3,0.16960695385932922,0.038270752876996994,0.29922062158584595,0.005,0.05,0.030643021687865257,0.030643021687865257,0.030643021687865257,0.7988978866487741,0.9999999788900217,0.0,5,19,21,17,20,19,0.0,0.01570027321577072,0.01570027321577072,0.0
darcy,2,6,24,2,96,96,96,24,4,random-binary-solver-y,0,96,96,1.0,0.075,1.6613886799632382e-07,1.6613886799632382e-07,solver,solver(a_random).detach(),0.00027011938649230174,0.0006815826792944246,0.00027011938649230174,0.23452201299369335,0.735688428976573,6.040607674920466,0.23452201299369335,0.5011664159828797,0.0024429376353509724,409.34323722772064,0.5011664159828797,0.005220483499821664,0.007685756208350843,130.1108144587601,0.10084157600067556,0.7378325960016809,3627.15380859375,6848.0,5073.841796875,solver(a_random).detach() after random binary flips,random-binary-solver-y,random binary source perturbation; no adversarial gradient is used,1,0,False,solver(a_random).detach(),random_binary_source,random-binary-solver-y,0,0.031613320112228394,0.005259515717625618,0.048996541649103165,3.054166793823242,1.2000000476837158,5.199999809265137,nan,4.0598513351142174e-07,3.48049184140109e-07,3.48049184140109e-07,-5.7935949371312745e-08,4.0598513351142174e-07,3.48049184140109e-07,-5.7935949371312745e-08,nan,0.6322664022445679,9.0,1.554858922958374,228.40625,0.031613320112228394,random-binary-solver-y,"gaussian,matern,highpass,bandpass,mixed","1.2,2.2,3.2,4.2,5.2",3.054166793823242,1.2000000476837158,5.199999809265137,0.035,0.3,0.15828268229961395,0.03884240239858627,0.2950268089771271,0.005,0.05,0.031613320112228394,0.031613320112228394,0.031613320112228394,0.7974639584620794,0.9999999695767959,0.0,5,20,21,20,14,21,0.0,0.015935204923152924,0.015935204923152924,0.0
darcy,2,7,28,3,96,96,96,24,4,random-binary-solver-y,0,96,96,1.0,0.0875,1.9157592845431282e-07,1.9157592845431282e-07,solver,solver(a_random).detach(),0.000661263115913339,0.0008043185371195074,0.000661263115913339,0.23508290998870507,0.7328465039609,6.773454178881366,0.23508290998870507,0.49776359397219494,0.0024487803123823446,408.36656311857155,0.49776359397219494,0.005185037437210364,0.007653620864706075,130.65711219266194,0.10001823549100664,0.7347476030117832,3627.15380859375,6848.0,5073.841796875,solver(a_random).detach() after random binary flips,random-binary-solver-y,random binary source perturbation; no adversarial gradient is used,1,0,False,solver(a_random).detach(),random_binary_source,random-binary-solver-y,0,0.028409747406840324,0.005121107213199139,0.04996539652347565,3.2833335399627686,1.2000000476837158,5.199999809265137,nan,1.3960486455744103e-07,1.646267691057801e-07,1.646267691057801e-07,2.502190454833908e-08,1.3960486455744103e-07,1.646267691057801e-07,2.502190454833908e-08,nan,0.5681949108839035,9.0,1.4605096578598022,205.2604217529297,0.028409745544195175,random-binary-solver-y,"gaussian,matern,highpass,bandpass,mixed","1.2,2.2,3.2,4.2,5.2",3.2833335399627686,1.2000000476837158,5.199999809265137,0.035,0.3,0.1848408430814743,0.03978667035698891,0.2989169657230377,0.005,0.05,0.028409745544195175,0.028409745544195175,0.028409745544195175,0.7997165179500977,0.9999999764064947,0.0,5,15,30,15,20,16,0.0,0.017023907974362373,0.017023907974362373,0.0
darcy,2,8,32,4,96,96,96,24,4,random-binary-solver-y,0,96,96,1.0,0.1,1.0718548182353516e-07,1.0718548182353516e-07,solver,solver(a_random).detach(),0.0004819607735208968,0.0004014018024475714,0.0004819607735208968,0.23512219497933984,0.734986389928963,7.508440568810329,0.23512219497933984,0.4998641949496232,0.00244918953103479,408.2983318883847,0.4998641949496232,0.005206918697391909,0.007675189229606379,130.289947268347,0.10026920527161565,0.7368181660422124,3627.15380859375,6848.0,5073.841796875,solver(a_random).detach() after random binary flips,random-binary-solver-y,random binary source perturbation; no adversarial gradient is used,1,0,False,solver(a_random).detach(),random_binary_source,random-binary-solver-y,0,0.027691755443811417,0.0062283738516271114,0.049550171941518784,3.450000286102295,1.2000000476837158,5.199999809265137,nan,7.757927988905067e-08,7.613722630139819e-08,7.613722630139819e-08,-1.442053587652481e-09,7.757927988905067e-08,7.613722630139819e-08,-1.442053587652481e-09,nan,0.5538350716233253,9.0,1.4532771110534668,200.0729217529297,0.027691753581166267,random-binary-solver-y,"gaussian,matern,highpass,bandpass,mixed","1.2,2.2,3.2,4.2,5.2",3.450000286102295,1.2000000476837158,5.199999809265137,0.035,0.3,0.17279236018657684,0.03588006645441055,0.29851385951042175,0.005,0.05,0.027691753581166267,0.027691753581166267,0.027691753581166267,0.7989762704819441,0.999999980131785,0.0,5,16,23,17,21,19,0.0,0.017273301258683205,0.017273301258683205,0.0
darcy,3,9,36,1,96,96,96,24,4,random-binary-solver-y,0,96,96,1.0,0.1125,7.736743512509747e-08,7.736743512509747e-08,solver,solver(a_random).detach(),0.00036881054957819476,0.00037108071365172065,0.00036881054957819476,0.31019561394350603,0.8094040449359454,8.317844613746274,0.31019561394350603,0.4992084309924394,0.003231204311911521,309.482132192507,0.4992084309924394,0.005200087822837911,0.008449319000040608,118.35273351558794,0.10024300601799041,0.8111346240038984,3627.15380859375,6848.0,5073.841796875,solver(a_random).detach() after random binary flips,random-binary-solver-y,random binary source perturbation; no adversarial gradient is used,1,0,False,solver(a_random).detach(),random_binary_source,random-binary-solver-y,0,0.02669694274663925,0.0063667818903923035,0.049550171941518784,3.262500286102295,1.2000000476837158,5.199999809265137,nan,1.273868832640801e-07,9.993907923444567e-08,9.993907923444567e-08,-2.7447804029634426e-08,1.273868832640801e-07,9.993907923444567e-08,-2.7447804029634426e-08,nan,0.533938854932785,9.0,1.4230098724365234,192.8854217529297,0.02669694274663925,random-binary-solver-y,"gaussian,matern,highpass,bandpass,mixed","1.2,2.2,3.2,4.2,5.2",3.262500286102295,1.2000000476837158,5.199999809265137,0.035,0.3,0.1523151397705078,0.03625723347067833,0.2986738085746765,0.005,0.05,0.02669694274663925,0.02669694274663925,0.02669694274663925,0.7988478951156139,0.9999999795109034,0.0,5,21,21,24,12,18,0.0,0.01570127159357071,0.01570127159357071,0.0
darcy,3,10,40,2,96,96,96,24,4,random-binary-solver-y,0,96,96,1.0,0.125,8.4030459035489e-08,8.4030459035489e-08,solver,solver(a_random).detach(),5.332337467807947e-05,0.00027403391737282275,5.332337467807947e-05,0.23550977499689907,0.7346644380013458,9.05250905174762,0.23550977499689907,0.4991546630044468,0.0024532268228843654,407.6263925829152,0.4991546630044468,0.005199527739629654,0.0076718047912436305,130.34742504675955,0.10023280124005396,0.7364932599593885,3627.15380859375,6848.0,5073.841796875,solver(a_random).detach() after random binary flips,random-binary-solver-y,random binary source perturbation; no adversarial gradient is used,1,0,False,solver(a_random).detach(),random_binary_source,random-binary-solver-y,0,0.027769606560468674,0.005259515717625618,0.049273356795310974,3.397916793823242,1.2000000476837158,5.199999809265137,nan,7.775269494914028e-08,9.45419387221591e-08,9.45419387221591e-08,1.6789243773018825e-08,7.775269494914028e-08,9.45419387221591e-08,1.6789243773018825e-08,nan,0.5553921684622765,9.0,1.460968017578125,200.6354217529297,0.027769608423113823,random-binary-solver-y,"gaussian,matern,highpass,bandpass,mixed","1.2,2.2,3.2,4.2,5.2",3.397916793823242,1.2000000476837158,5.199999809265137,0.035,0.3,0.16273507475852966,0.04407602921128273,0.2996244728565216,0.005,0.05,0.027769608423113823,0.027769608423113823,0.027769608423113823,0.7968552156041065,0.9999999819944302,0.0,5,15,23,22,12,24,0.0,0.01718631200492382,0.01718631200492382,0.0
darcy,3,11,44,3,96,96,96,24,4,random-binary-solver-y,0,96,96,1.0,0.1375,8.016495911533639e-08,8.016495911533639e-08,solver,solver(a_random).detach(),0.0004032759413080439,0.000331489620775886,0.0004032759413080439,0.239550999016501,0.7388068599975668,9.791315911745187,0.239550999016501,0.4992558609810658,0.0024953229064218854,400.74973760968214,0.4992558609810658,0.005200581885219435,0.007721643239468297,129.50611275183167,0.10027602323680185,0.7412777509889565,3627.15380859375,6848.0,5073.84228515625,solver(a_random).detach() after random binary flips,random-binary-solver-y,random binary source perturbation; no adversarial gradient is used,1,0,False,solver(a_random).detach(),random_binary_source,random-binary-solver-y,0,0.027508651837706566,0.005674740299582481,0.04982699081301689,3.325000286102295,1.2000000476837158,5.199999809265137,nan,8.010239582745271e-08,6.750302361524518e-08,6.750302361524518e-08,-1.2599372212207527e-08,8.010239582745271e-08,6.750302361524518e-08,-1.2599372212207527e-08,nan,0.5501729995012283,9.0,1.4431898593902588,198.75,0.027508649975061417,random-binary-solver-y,"gaussian,matern,highpass,bandpass,mixed","1.2,2.2,3.2,4.2,5.2",3.325000286102295,1.2000000476837158,5.199999809265137,0.035,0.3,0.16703717410564423,0.03576638177037239,0.2991335988044739,0.005,0.05,0.027508649975061417,0.027508649975061417,0.027508649975061417,0.798666567231218,0.9999999807526668,0.0,5,20,25,12,19,20,0.0,0.01667340286076069,0.01667340286076069,0.0
darcy,3,12,48,4,96,96,96,24,4,random-binary-solver-y,0,96,96,1.0,0.15,7.272435809113631e-08,7.272435809113631e-08,solver,solver(a_random).detach(),0.0004373611325309881,0.0002548256673250555,0.0004373611325309881,0.23441826802445576,0.7331412530038506,10.524457164749037,0.23441826802445576,0.4987229849793948,0.002441856958588081,409.5243976036235,0.4987229849793948,0.005195031093535363,0.007656179832944569,130.61344192791768,0.10024839075049385,0.7349932639626786,3627.15380859375,6848.0,5073.84228515625,solver(a_random).detach() after random binary flips,random-binary-solver-y,random binary source perturbation; no adversarial gradient is used,1,0,False,solver(a_random).detach(),random_binary_source,random-binary-solver-y,0,0.029923588037490845,0.005674740299582481,0.04968858137726784,2.9083335399627686,1.2000000476837158,5.199999809265137,nan,7.085051834110345e-08,5.780911394026589e-08,5.780911394026589e-08,-1.3041404400837564e-08,7.085051834110345e-08,5.780911394026589e-08,-1.3041404400837564e-08,nan,0.5984717234969139,9.0,1.5155304670333862,216.1979217529297,0.029923586174845695,random-binary-solver-y,"gaussian,matern,highpass,bandpass,mixed","1.2,2.2,3.2,4.2,5.2",2.9083335399627686,1.2000000476837158,5.199999809265137,0.035,0.3,0.1665308177471161,0.03635074570775032,0.2969878315925598,0.005,0.05,0.029923586174845695,0.029923586174845695,0.029923586174845695,0.7968641184270382,0.9999999782691399,0.0,5,20,18,19,21,18,0.0,0.016385262832045555,0.016385262832045555,0.0
darcy,4,13,52,1,96,96,96,24,4,random-binary-solver-y,0,96,96,1.0,0.1625,5.7101779304957745e-08,5.7101779304957745e-08,solver,solver(a_random).detach(),0.0003310761710524588,0.0001854515550899471,0.0003310761710524588,0.31141018599737436,0.8113017839496024,11.33575894869864,0.31141018599737436,0.49989159795222804,0.0032438561041393164,308.2750799962896,0.49989159795222804,0.005207204145335709,0.008469546926789917,118.07007017540839,0.10054620123992208,0.813076504971832,3627.15380859375,6848.0,5073.84228515625,solver(a_random).detach() after random binary flips,random-binary-solver-y,random binary source perturbation; no adversarial gradient is used,1,0,False,solver(a_random).detach(),random_binary_source,random-binary-solver-y,0,0.025226354598999023,0.00539792375639081,0.046505190432071686,3.3770835399627686,1.2000000476837158,5.199999809265137,nan,5.9218898229573824e-08,6.892219062137883e-08,6.892219062137883e-08,9.703292391805007e-09,5.9218898229573824e-08,6.892219062137883e-08,9.703292391805007e-09,nan,0.5045270919799805,9.0,1.3827451467514038,182.2604217529297,0.025226354598999023,random-binary-solver-y,"gaussian,matern,highpass,bandpass,mixed","1.2,2.2,3.2,4.2,5.2",3.3770835399627686,1.2000000476837158,5.199999809265137,0.035,0.3,0.16846796870231628,0.03709113597869873,0.2963600754737854,0.005,0.05,0.025226354598999023,0.025226354598999023,0.025226354598999023,0.7990141945580641,0.9999999764064947,0.0,5,24,19,14,24,15,0.0,0.016723502427339554,0.016723502427339554,0.0
darcy,4,14,56,2,96,96,96,24,4,random-binary-solver-y,0,96,96,1.0,0.175,6.261061447077054e-08,6.261061447077054e-08,solver,solver(a_random).detach(),3.239473955347402e-05,0.00020590119561331925,3.239473955347402e-05,0.2337605960201472,0.733009840012528,12.068768788711168,0.2337605960201472,0.4992492439923808,0.0024350062085432,410.6765709637651,0.4992492439923808,0.005200512958253967,0.007656746781625164,130.60377057261746,0.10039616050198674,0.7350476910360157,3627.15380859375,6848.0,5073.84228515625,solver(a_random).detach() after random binary flips,random-binary-solver-y,random binary source perturbation; no adversarial gradient is used,1,0,False,solver(a_random).detach(),random_binary_source,random-binary-solver-y,0,0.026988178491592407,0.0063667818903923035,0.049550171941518784,3.0958335399627686,1.2000000476837158,5.199999809265137,nan,1.2072234767401824e-07,9.185936278299778e-08,9.185936278299778e-08,-2.886298489102046e-08,1.2072234767401824e-07,9.185936278299778e-08,-2.886298489102046e-08,nan,0.5397635698318481,9.0,1.4372680187225342,194.98959350585938,0.026988178491592407,random-binary-solver-y,"gaussian,matern,highpass,bandpass,mixed","1.2,2.2,3.2,4.2,5.2",3.0958335399627686,1.2000000476837158,5.199999809265137,0.035,0.3,0.1626981496810913,0.035853467881679535,0.29759639501571655,0.005,0.05,0.026988178491592407,0.026988178491592407,0.026988178491592407,0.7982290207097927,0.9999999819944302,0.0,5,20,17,19,18,22,0.0,0.01616249978542328,0.01616249978542328,0.0
darcy,4,15,60,3,96,96,96,24,4,random-binary-solver-y,0,96,96,1.0,0.1875,8.705079235227231e-08,8.705079235227231e-08,solver,solver(a_random).detach(),0.00010572537348656429,0.0003013558269036719,0.00010572537348656429,0.23337452003033832,0.7328523710020818,12.80162115971325,0.23337452003033832,0.49947785097174346,0.0024309845836493573,411.35596117142586,0.49947785097174346,0.005202894280955661,0.007657325875091677,130.59389352265586,0.10031561300274916,0.735103284008801,3627.15380859375,6848.0,5073.84228515625,solver(a_random).detach() after random binary flips,random-binary-solver-y,random binary source perturbation; no adversarial gradient is used,1,0,False,solver(a_random).detach(),random_binary_source,random-binary-solver-y,0,0.026634950190782547,0.005536332260817289,0.04996539652347565,3.147916793823242,1.2000000476837158,5.199999809265137,nan,8.270016138567371e-08,9.650986498854763e-08,9.650986498854763e-08,1.3809703602873924e-08,8.270016138567371e-08,9.650986498854763e-08,1.3809703602873924e-08,nan,0.532698966562748,9.0,1.4209861755371094,192.4375,0.026634948328137398,random-binary-solver-y,"gaussian,matern,highpass,bandpass,mixed","1.2,2.2,3.2,4.2,5.2",3.147916793823242,1.2000000476837158,5.199999809265137,0.035,0.3,0.16827040910720825,0.0352916419506073,0.2984137535095215,0.005,0.05,0.026634948328137398,0.026634948328137398,0.026634948328137398,0.798965917279323,0.9999999832361937,0.0,5,13,23,23,17,20,0.0,0.015045396983623505,0.015045396983623505,0.0
darcy,4,16,64,4,96,96,96,24,4,random-binary-solver-y,0,96,96,1.0,0.2,7.629086162808107e-08,7.629086162808107e-08,solver,solver(a_random).detach(),9.371826818197852e-05,0.00024131637138240832,9.371826818197852e-05,0.23477410397026688,0.7340292260050774,13.535650385718327,0.23477410397026688,0.4992551220348105,0.0024455635830236133,408.90370094717935,0.4992551220348105,0.0052005741878626095,0.007666025062765887,130.44569927863006,0.10023314975842368,0.7359384060255252,3627.15380859375,6848.0,5073.84228515625,solver(a_random).detach() after random binary flips,random-binary-solver-y,random binary source perturbation; no adversarial gradient is used,1,0,False,solver(a_random).detach(),random_binary_source,random-binary-solver-y,0,0.0269708763808012,0.00539792375639081,0.04941176623106003,3.1895835399627686,1.2000000476837158,5.199999809265137,nan,9.619908070135352e-08,7.859252093567193e-08,7.859252093567193e-08,-1.7606559765681595e-08,9.619908070135352e-08,7.859252093567193e-08,-1.7606559765681595e-08,nan,0.539417527616024,9.0,1.4299535751342773,194.86459350585938,0.0269708763808012,random-binary-solver-y,"gaussian,matern,highpass,bandpass,mixed","1.2,2.2,3.2,4.2,5.2",3.1895835399627686,1.2000000476837158,5.199999809265137,0.035,0.3,0.1675201952457428,0.03536709025502205,0.29964107275009155,0.005,0.05,0.0269708763808012,0.0269708763808012,0.0269708763808012,0.7995019933829705,0.9999999776482582,0.0,5,16,18,20,21,21,0.0,0.01645011641085148,0.01645011641085148,0.0
darcy,5,17,68,1,96,96,96,24,4,random-binary-solver-y,0,96,96,1.0,0.2125,6.258062690278621e-08,6.258062690278621e-08,solver,solver(a_random).detach(),6.37611189121629e-06,0.0001863476518626662,6.37611189121629e-06,0.3126047700061463,0.8118492129724473,14.347499598690774,0.3126047700061463,0.499244442966301,0.0032562996875640238,307.0970414114682,0.499244442966301,0.005200462947565636,0.008474557291871557,118.00026426857228,0.10025808651698753,0.8135575000196695,3627.15380859375,6848.0,5073.84228515625,solver(a_random).detach() after random binary flips,random-binary-solver-y,random binary source perturbation; no adversarial gradient is used,1,0,False,solver(a_random).detach(),random_binary_source,random-binary-solver-y,0,0.02642877772450447,0.005121107213199139,0.049550171941518784,3.1895835399627686,1.2000000476837158,5.199999809265137,nan,5.824967175271922e-08,6.312226474847193e-08,6.312226474847193e-08,4.8725929957527114e-09,5.824967175271922e-08,6.312226474847193e-08,4.8725929957527114e-09,nan,0.5285755544900894,9.0,1.416649580001831,190.9479217529297,0.02642877772450447,random-binary-solver-y,"gaussian,matern,highpass,bandpass,mixed","1.2,2.2,3.2,4.2,5.2",3.1895835399627686,1.2000000476837158,5.199999809265137,0.035,0.3,0.16307520866394043,0.04282863065600395,0.2993374764919281,0.005,0.05,0.02642877772450447,0.02642877772450447,0.02642877772450447,0.7980629342297713,0.9999999850988388,0.0,5,20,11,27,19,19,0.0,0.017300419509410858,0.017300419509410858,0.0
darcy,5,18,72,2,96,96,96,24,4,random-binary-solver-y,0,96,96,1.0,0.225,6.800282292829252e-08,6.800282292829252e-08,solver,solver(a_random).detach(),4.784304237965705e-05,0.0002219866826116464,4.784304237965705e-05,0.23457728303037584,0.7336385620292276,15.081138160720002,0.23457728303037584,0.4990612789988518,0.0024435133648997485,409.24678962868194,0.4990612789988518,0.005198554989571373,0.007663840198195733,130.4828877088833,0.10019405197817832,0.7357286590267904,3627.15380859375,6848.0,5073.84228515625,solver(a_random).detach() after random binary flips,random-binary-solver-y,random binary source perturbation; no adversarial gradient is used,1,0,False,solver(a_random).detach(),random_binary_source,random-binary-solver-y,0,0.028349190950393677,0.005259515717625618,0.04968858137726784,3.2208335399627686,1.2000000476837158,5.199999809265137,nan,8.290485453699148e-08,6.51161613518525e-08,6.51161613518525e-08,-1.7788693185138982e-08,8.290485453699148e-08,6.51161613518525e-08,-1.7788693185138982e-08,nan,0.5669838562607765,9.0,1.4704374074935913,204.8229217529297,0.028349192813038826,random-binary-solver-y,"gaussian,matern,highpass,bandpass,mixed","1.2,2.2,3.2,4.2,5.2",3.2208335399627686,1.2000000476837158,5.199999809265137,0.035,0.3,0.17162983119487762,0.035954397171735764,0.2993410527706146,0.005,0.05,0.028349192813038826,0.028349192813038826,0.028349192813038826,0.7993944318344196,0.9999999807526668,0.0,5,28,11,17,20,20,0.0,0.016082778573036194,0.016082778573036194,0.0
darcy,5,19,76,3,96,96,96,24,4,random-binary-solver-y,0,96,96,1.0,0.2375,6.378144679075604e-08,6.378144679075604e-08,solver,solver(a_random).detach(),7.952681911415396e-05,0.00020051660150421067,7.952681911415396e-05,0.23377963103121147,0.7323486650711857,15.813486825791188,0.23377963103121147,0.4985690340399742,0.0024352044899084526,410.64313249422156,0.4985690340399742,0.005193427437916398,0.0076492590208848315,130.73161691474849,0.10021573776612058,0.7343288660049438,3627.15380859375,6848.0,5073.84228515625,solver(a_random).detach() after random binary flips,random-binary-solver-y,random binary source perturbation; no adversarial gradient is used,1,0,False,solver(a_random).detach(),random_binary_source,random-binary-solver-y,0,0.028696656227111816,0.005121107213199139,0.049550171941518784,3.0645835399627686,1.2000000476837158,5.199999809265137,nan,6.107755012862981e-08,6.691585952012247e-08,6.691585952012247e-08,5.838309391492658e-09,6.107755012862981e-08,6.691585952012247e-08,5.838309391492658e-09,nan,0.5739330872893333,9.0,1.4780080318450928,207.33334350585938,0.028696654364466667,random-binary-solver-y,"gaussian,matern,highpass,bandpass,mixed","1.2,2.2,3.2,4.2,5.2",3.0645835399627686,1.2000000476837158,5.199999809265137,0.035,0.3,0.16170339286327362,0.03831499442458153,0.2963619828224182,0.005,0.05,0.028696654364466667,0.028696654364466667,0.028696654364466667,0.7987296140442292,0.9999999807526668,0.0,5,21,23,18,13,21,0.0,0.01577257364988327,0.01577257364988327,0.0
darcy,5,20,80,4,96,96,96,24,4,random-binary-solver-y,0,96,96,1.0,0.25,6.18880369174235e-08,6.18880369174235e-08,solver,solver(a_random).detach(),0.00014238498070456021,0.00017114023445860777,0.00014238498070456021,0.23446829698514193,0.7339122319826856,16.547399057773873,0.23446829698514193,0.4994439349975437,0.0024423780935952286,409.43701657919,0.4994439349975437,0.005202540989557747,0.007677077687427906,130.2578976942769,0.10042760652140714,0.736999457993079,3627.15380859375,6848.0,5073.84228515625,solver(a_random).detach() after random binary flips,random-binary-solver-y,random binary source perturbation; no adversarial gradient is used,1,0,False,solver(a_random).detach(),random_binary_source,random-binary-solver-y,0,0.025850635021924973,0.005259515717625618,0.04664359986782074,3.200000286102295,1.2000000476837158,5.199999809265137,nan,7.692033676676147e-08,6.460547297137964e-08,6.460547297137964e-08,-1.2314863795381825e-08,7.692033676676147e-08,6.460547297137964e-08,-1.2314863795381825e-08,nan,0.5170127004384995,9.0,1.3999252319335938,186.77084350585938,0.025850635021924973,random-binary-solver-y,"gaussian,matern,highpass,bandpass,mixed","1.2,2.2,3.2,4.2,5.2",3.200000286102295,1.2000000476837158,5.199999809265137,0.035,0.3,0.1697009652853012,0.035372428596019745,0.29665452241897583,0.005,0.05,0.025850635021924973,0.025850635021924973,0.025850635021924973,0.798771470785141,0.9999999819944302,0.0,5,13,20,20,21,22,0.0,0.015591355040669441,0.015591355040669441,0.0
darcy,6,21,84,1,96,96,96,24,4,random-binary-solver-y,0,96,96,1.0,0.2625,6.533930374530428e-08,6.533930374530428e-08,solver,solver(a_random).detach(),2.3973889768269387e-05,0.00010238233935124704,2.3973889768269387e-05,0.31140369398053735,0.8101666689617559,17.35756572673563,0.31140369398053735,0.4987629749812186,0.0032437884789639306,308.28150678906195,0.4987629749812186,0.00519544765605436,0.008456908458053173,118.24652057664646,0.10021804648567922,0.8118632119731046,3627.15380859375,6848.0,5073.84228515625,solver(a_random).detach() after random binary flips,random-binary-solver-y,random binary source perturbation; no adversarial gradient is used,1,0,False,solver(a_random).detach(),random_binary_source,random-binary-solver-y,0,0.027877740561962128,0.005121107213199139,0.04941176623106003,3.272916793823242,1.2000000476837158,5.199999809265137,nan,6.821304054938082e-08,6.459268320213596e-08,6.459268320213596e-08,-3.6203573472448625e-09,6.821304054938082e-08,6.459268320213596e-08,-3.6203573472448625e-09,nan,0.5575547739863396,9.0,1.4540185928344727,201.4166717529297,0.02787773869931698,random-binary-solver-y,"gaussian,matern,highpass,bandpass,mixed","1.2,2.2,3.2,4.2,5.2",3.272916793823242,1.2000000476837158,5.199999809265137,0.035,0.3,0.17019176483154297,0.03544789180159569,0.2974384129047394,0.005,0.05,0.02787773869931698,0.02787773869931698,0.02787773869931698,0.799731041615208,0.9999999757856131,0.0,5,16,14,22,23,21,0.0,0.01671856828033924,0.01671856828033924,0.0
darcy,6,22,88,2,96,96,96,24,4,random-binary-solver-y,0,96,96,1.0,0.275,5.6985795637842784e-08,5.6985795637842784e-08,solver,solver(a_random).detach(),0.00010606046607412913,0.00013157928512723662,0.00010606046607412913,0.23531665198970586,0.7343230579863302,18.09188878472196,0.23531665198970586,0.4990064059966244,0.0024512151248927694,407.9609291916987,0.4990064059966244,0.005197983395798171,0.00766862120811614,130.4015380159399,0.10013936125324108,0.7361876359791495,3627.15380859375,6848.0,5073.84228515625,solver(a_random).detach() after random binary flips,random-binary-solver-y,random binary source perturbation; no adversarial gradient is used,1,0,False,solver(a_random).detach(),random_binary_source,random-binary-solver-y,0,0.025821801275014877,0.005121107213199139,0.04968858137726784,3.147916793823242,1.2000000476837158,5.199999809265137,nan,5.2875080314152e-08,5.494851507137355e-08,5.494851507137355e-08,2.0734347572215484e-09,5.2875080314152e-08,5.494851507137355e-08,2.0734347572215484e-09,nan,0.5164359882473946,9.0,1.3876588344573975,186.5625,0.025821799412369728,random-binary-solver-y,"gaussian,matern,highpass,bandpass,mixed","1.2,2.2,3.2,4.2,5.2",3.147916793823242,1.2000000476837158,5.199999809265137,0.035,0.3,0.1619717925786972,0.04089747741818428,0.29503414034843445,0.005,0.05,0.025821799412369728,0.025821799412369728,0.025821799412369728,0.7973312468578418,0.9999999733020862,0.0,5,14,23,21,14,24,0.0,0.016963135451078415,0.016963135451078415,0.0
darcy,6,23,92,3,96,96,96,24,4,random-binary-solver-y,0,96,96,1.0,0.2875,5.159181526437351e-08,5.159181526437351e-08,solver,solver(a_random).detach(),4.471364791964149e-05,0.00012042805370061423,4.471364791964149e-05,0.23209299601148814,0.731276431994047,18.823165216716006,0.23209299601148814,0.4991834359825589,0.002417635375119668,413.62730306281276,0.4991834359825589,0.005199827458151655,0.007637983489985345,130.92460874145183,0.10018006424070336,0.7332464150385931,3627.15380859375,6848.0,5073.84228515625,solver(a_random).detach() after random binary flips,random-binary-solver-y,random binary source perturbation; no adversarial gradient is used,1,0,False,solver(a_random).detach(),random_binary_source,random-binary-solver-y,0,0.025198962539434433,0.005813148804008961,0.04982699081301689,3.085416793823242,1.2000000476837158,5.199999809265137,nan,6.20019164898622e-08,5.461260599304296e-08,5.461260599304296e-08,-7.389310496819235e-09,6.20019164898622e-08,5.461260599304296e-08,-7.389310496819235e-09,nan,0.5039792507886887,9.0,1.3792600631713867,182.0625,0.025198962539434433,random-binary-solver-y,"gaussian,matern,highpass,bandpass,mixed","1.2,2.2,3.2,4.2,5.2",3.085416793823242,1.2000000476837158,5.199999809265137,0.035,0.3,0.17292368412017822,0.037922464311122894,0.2982572913169861,0.005,0.05,0.025198962539434433,0.025198962539434433,0.025198962539434433,0.798607592160503,0.9999999776482582,0.0,5,21,21,16,19,19,0.0,0.015866126865148544,0.015866126865148544,0.0
darcy,6,24,96,4,96,96,96,24,4,random-binary-solver-y,0,96,96,1.0,0.3,7.059561291100636e-08,7.059561291100636e-08,solver,solver(a_random).detach(),0.00025197014652997193,0.000259296541402051,0.00025197014652997193,0.2348302840255201,0.7343067729962058,19.557471989712212,0.2348302840255201,0.49947648897068575,0.002446148791932501,408.8058761176103,0.49947648897068575,0.0052028800934446435,0.0076686252705258084,130.40146893648304,0.10030508098134305,0.7361880259704776,3627.15380859375,6848.0,5073.84228515625,solver(a_random).detach() after random binary flips,random-binary-solver-y,random binary source perturbation; no adversarial gradient is used,1,0,False,solver(a_random).detach(),random_binary_source,random-binary-solver-y,0,0.028478950262069702,0.005674740299582481,0.04968858137726784,3.106250286102295,1.2000000476837158,5.199999809265137,nan,6.242829897473712e-08,6.854929779365193e-08,6.854929779365193e-08,6.1209988189148135e-09,6.242829897473712e-08,6.854929779365193e-08,6.1209988189148135e-09,nan,0.569579005241394,9.0,1.4640471935272217,205.7604217529297,0.028478950262069702,random-binary-solver-y,"gaussian,matern,highpass,bandpass,mixed","1.2,2.2,3.2,4.2,5.2",3.106250286102295,1.2000000476837158,5.199999809265137,0.035,0.3,0.18477313220500946,0.04107790067791939,0.29925838112831116,0.005,0.05,0.028478950262069702,0.028478950262069702,0.028478950262069702,0.7990358043462038,0.9999999776482582,0.0,5,17,21,19,21,18,0.0,0.016328629106283188,0.016328629106283188,0.0
darcy,7,25,100,1,96,96,96,24,4,random-binary-solver-y,0,96,96,1.0,0.3125,7.243917110599796e-08,7.243917110599796e-08,solver,solver(a_random).detach(),0.0002642665337819997,0.00022934887826366992,0.0002642665337819997,0.31100626004626974,0.8100438610417768,20.36751585075399,0.31100626004626974,0.4990376009955071,0.003239648542148643,308.67545876960054,0.4990376009955071,0.005198308343703199,0.008455434208372026,118.26713748300051,0.10019983825623058,0.8117216840037145,3627.15380859375,6848.0,5073.84228515625,solver(a_random).detach() after random binary flips,random-binary-solver-y,random binary source perturbation; no adversarial gradient is used,1,0,False,solver(a_random).detach(),random_binary_source,random-binary-solver-y,0,0.026512399315834045,0.005121107213199139,0.049550171941518784,3.106250286102295,1.2000000476837158,5.199999809265137,nan,7.606257668157923e-08,6.701917243390199e-08,6.701917243390199e-08,-9.043404247677245e-09,7.606257668157923e-08,6.701917243390199e-08,-9.043404247677245e-09,nan,0.5302479863166809,9.0,1.4116952419281006,191.55209350585938,0.026512399315834045,random-binary-solver-y,"gaussian,matern,highpass,bandpass,mixed","1.2,2.2,3.2,4.2,5.2",3.106250286102295,1.2000000476837158,5.199999809265137,0.035,0.3,0.1537797898054123,0.03668898716568947,0.29409417510032654,0.005,0.05,0.026512399315834045,0.026512399315834045,0.026512399315834045,0.7985294256359339,0.9999999894450108,0.0,5,11,20,24,19,22,0.0,0.01684613712131977,0.01684613712131977,0.0
darcy,7,26,104,2,96,96,96,24,4,random-binary-solver-y,0,96,96,1.0,0.325,5.97413949421366e-08,5.97413949421366e-08,solver,solver(a_random).detach(),0.0003892436875062956,0.00018914182767659196,0.0003892436875062956,0.23419849999481812,0.7334422789863311,21.10095812974032,0.23419849999481812,0.49924377899151295,0.0024395677082793554,409.90868857880855,0.49924377899151295,0.005200456031161593,0.007716088167095829,129.59934857462608,0.10036733272136189,0.7407444640411995,3627.15380859375,6848.0,5073.84228515625,solver(a_random).detach() after random binary flips,random-binary-solver-y,random binary source perturbation; no adversarial gradient is used,1,0,False,solver(a_random).detach(),random_binary_source,random-binary-solver-y,0,0.027843138203024864,0.005121107213199139,0.04788927361369133,3.168750286102295,1.2000000476837158,5.199999809265137,nan,5.3453575787898444e-08,5.309228257033283e-08,5.309228257033283e-08,-3.6129321756561694e-10,5.3453575787898444e-08,5.309228257033283e-08,-3.6129321756561694e-10,nan,0.5568627268075943,9.0,1.4558829069137573,201.1666717529297,0.027843136340379715,random-binary-solver-y,"gaussian,matern,highpass,bandpass,mixed","1.2,2.2,3.2,4.2,5.2",3.168750286102295,1.2000000476837158,5.199999809265137,0.035,0.3,0.16726700961589813,0.03717123344540596,0.2990033030509949,0.005,0.05,0.027843136340379715,0.027843136340379715,0.027843136340379715,0.7970055509358644,0.999999980131785,0.0,5,21,20,19,14,22,0.0,0.015000599436461926,0.015000599436461926,0.0
darcy,7,27,108,3,96,96,96,24,4,random-binary-solver-y,0,96,96,1.0,0.3375,6.824920451009575e-08,6.824920451009575e-08,solver,solver(a_random).detach(),0.00024124010921675919,0.00018674499831753598,0.00024124010921675919,0.23455319600179791,0.733502816001419,21.83446094574174,0.23455319600179791,0.49894961999962106,0.0024432624583520615,409.2888165090879,0.49894961999962106,0.005197391874996053,0.007659828802085637,130.5512206392547,0.10029114424833097,0.7353435650002211,3627.15380859375,6848.0,5073.84228515625,solver(a_random).detach() after random binary flips,random-binary-solver-y,random binary source perturbation; no adversarial gradient is used,1,0,False,solver(a_random).detach(),random_binary_source,random-binary-solver-y,0,0.02726931869983673,0.00539792375639081,0.04996539652347565,3.075000286102295,1.2000000476837158,5.199999809265137,nan,6.650657979889729e-08,5.996864160806581e-08,5.996864160806581e-08,-6.537938190831483e-09,6.650657979889729e-08,5.996864160806581e-08,-6.537938190831483e-09,nan,0.5453863739967346,9.0,1.4403785467147827,197.02084350585938,0.02726931869983673,random-binary-solver-y,"gaussian,matern,highpass,bandpass,mixed","1.2,2.2,3.2,4.2,5.2",3.075000286102295,1.2000000476837158,5.199999809265137,0.035,0.3,0.16799291968345642,0.03702599182724953,0.29971805214881897,0.005,0.05,0.02726931869983673,0.02726931869983673,0.02726931869983673,0.7987854077170292,0.999999980131785,0.0,5,22,19,15,15,25,0.0,0.015434970147907734,0.015434970147907734,0.0
darcy,7,28,112,4,96,96,96,24,4,random-binary-solver-y,0,96,96,1.0,0.35,6.48331903718713e-08,6.48331903718713e-08,solver,solver(a_random).detach(),0.0003357645134013628,0.0002587673723100786,0.0003357645134013628,0.23422864195890725,0.7330099019454792,22.56747084768722,0.23422864195890725,0.49878125998657197,0.0024398816870719506,409.855939039437,0.49878125998657197,0.005195638124860125,0.007655287978802032,130.62865861729333,0.10027051923680119,0.734907645964995,3627.15380859375,6848.0,5073.84228515625,solver(a_random).detach() after random binary flips,random-binary-solver-y,random binary source perturbation; no adversarial gradient is used,1,0,False,solver(a_random).detach(),random_binary_source,random-binary-solver-y,0,0.02861591801047325,0.005121107213199139,0.049550171941518784,3.2520835399627686,1.2000000476837158,5.199999809265137,nan,5.312290696224409e-08,5.197149377522692e-08,5.197149377522692e-08,-1.1514131870171695e-09,5.312290696224409e-08,5.197149377522692e-08,-1.1514131870171695e-09,nan,0.572318322956562,9.0,1.4747788906097412,206.75,0.028615916147828102,random-binary-solver-y,"gaussian,matern,highpass,bandpass,mixed","1.2,2.2,3.2,4.2,5.2",3.2520835399627686,1.2000000476837158,5.199999809265137,0.035,0.3,0.16001033782958984,0.03571533411741257,0.2973441779613495,0.005,0.05,0.028615916147828102,0.028615916147828102,0.028615916147828102,0.7999952118843794,0.9999999764064947,0.0,5,22,18,19,19,18,0.0,0.016004066914319992,0.016004066914319992,0.0
darcy,8,29,116,1,96,96,96,24,4,random-binary-solver-y,0,96,96,1.0,0.3625,8.188885214366337e-08,8.188885214366337e-08,solver,solver(a_random).detach(),0.00010583117107462949,0.00023058544312006706,0.00010583117107462949,0.3099547689780593,0.8090620579896495,23.376532905676868,0.3099547689780593,0.4991072890115902,0.0032286955101881176,309.72260990375514,0.4991072890115902,0.005199034260537398,0.008446477593679447,118.39254753346015,0.10018315675552003,0.8108618489932269,3627.15380859375,6848.0,5073.84228515625,solver(a_random).detach() after random binary flips,random-binary-solver-y,random binary source perturbation; no adversarial gradient is used,1,0,False,solver(a_random).detach(),random_binary_source,random-binary-solver-y,0,0.025628603994846344,0.005259515717625618,0.04941176623106003,3.293750286102295,1.2000000476837158,5.199999809265137,nan,7.326332251977874e-08,6.930984142172747e-08,6.930984142172747e-08,-3.95348109805127e-09,7.326332251977874e-08,6.930984142172747e-08,-3.95348109805127e-09,nan,0.5125720798969269,9.0,1.3935270309448242,185.1666717529297,0.025628603994846344,random-binary-solver-y,"gaussian,matern,highpass,bandpass,mixed","1.2,2.2,3.2,4.2,5.2",3.293750286102295,1.2000000476837158,5.199999809265137,0.035,0.3,0.1809156835079193,0.042384978383779526,0.29301583766937256,0.005,0.05,0.025628603994846344,0.025628603994846344,0.025628603994846344,0.7992269874860843,0.9999999795109034,0.0,5,20,21,21,17,17,0.0,0.01580379158258438,0.01580379158258438,0.0
darcy,8,30,120,2,96,96,96,24,4,random-binary-solver-y,0,96,96,1.0,0.375,6.214709280527586e-08,6.214709280527586e-08,solver,solver(a_random).detach(),0.00028485108755128954,0.0001671557658363673,0.00028485108755128954,0.23441158200148493,0.7339703580364585,24.110503263713326,0.23441158200148493,0.49955877603497356,0.002441787312515468,409.5360782957894,0.49955877603497356,0.005203737250364308,0.0076648561037776135,130.46559341239967,0.10031530550622847,0.7358261859626509,3627.15380859375,6848.0,5073.84228515625,solver(a_random).detach() after random binary flips,random-binary-solver-y,random binary source perturbation; no adversarial gradient is used,1,0,False,solver(a_random).detach(),random_binary_source,random-binary-solver-y,0,0.028509225696325302,0.005121107213199139,0.04982699081301689,3.137500286102295,1.2000000476837158,5.199999809265137,nan,5.5169007140420945e-08,5.572175609813712e-08,5.572175609813712e-08,5.527489577161759e-10,5.5169007140420945e-08,5.572175609813712e-08,5.527489577161759e-10,nan,0.570184551179409,9.0,1.4743077754974365,205.9791717529297,0.02850922755897045,random-binary-solver-y,"gaussian,matern,highpass,bandpass,mixed","1.2,2.2,3.2,4.2,5.2",3.137500286102295,1.2000000476837158,5.199999809265137,0.035,0.3,0.1568911075592041,0.0376451313495636,0.29500865936279297,0.005,0.05,0.02850922755897045,0.02850922755897045,0.02850922755897045,0.7998664025217295,0.9999999776482582,0.0,5,20,18,12,21,25,0.0,0.015292779542505741,0.015292779542505741,0.0
darcy,8,31,124,3,96,96,96,24,4,random-binary-solver-y,0,96,96,1.0,0.3875,6.245376393820834e-08,6.245376393820834e-08,solver,solver(a_random).detach(),0.0002480867117786871,0.00020900252816794367,0.0002480867117786871,0.23397092201048508,0.7331450890051201,24.843648352718446,0.23397092201048508,0.499174166994635,0.0024371971042758864,410.30739706918746,0.499174166994635,0.005199730906194115,0.0076573483226335766,130.59351068622564,0.10023426151019521,0.7351054389728233,3627.15380859375,6848.0,5073.84228515625,solver(a_random).detach() after random binary flips,random-binary-solver-y,random binary source perturbation; no adversarial gradient is used,1,0,False,solver(a_random).detach(),random_binary_source,random-binary-solver-y,0,0.027716264128684998,0.005259515717625618,0.04982699081301689,3.2520835399627686,1.2000000476837158,5.199999809265137,nan,6.416266273845395e-08,5.586300488857887e-08,5.586300488857887e-08,-8.299657849875075e-09,6.416266273845395e-08,5.586300488857887e-08,-8.299657849875075e-09,nan,0.554325245320797,9.0,1.4461452960968018,200.25,0.02771626226603985,random-binary-solver-y,"gaussian,matern,highpass,bandpass,mixed","1.2,2.2,3.2,4.2,5.2",3.2520835399627686,1.2000000476837158,5.199999809265137,0.035,0.3,0.1815619170665741,0.036816712468862534,0.2991753816604614,0.005,0.05,0.02771626226603985,0.02771626226603985,0.02771626226603985,0.7981518066177765,0.9999999782691399,0.0,5,27,16,14,20,19,0.0,0.01741868630051613,0.01741868630051613,0.0
darcy,8,32,128,4,96,96,96,24,4,random-binary-solver-y,0,96,96,1.0,0.4,5.927625323920438e-08,5.927625323920438e-08,solver,solver(a_random).detach(),4.4748605666975915e-05,0.00020142746772897112,4.4748605666975915e-05,0.23433309100801125,0.7333520790562034,25.57700043177465,0.23433309100801125,0.4990189880481921,0.002440969698000117,409.67325437071116,0.4990189880481921,0.0051981144588353345,0.007659594176705771,130.555219627847,0.10018593826680444,0.7353210409637541,3627.15380859375,6848.0,5073.84228515625,solver(a_random).detach() after random binary flips,random-binary-solver-y,random binary source perturbation; no adversarial gradient is used,1,0,False,solver(a_random).detach(),random_binary_source,random-binary-solver-y,0,0.02751874551177025,0.006089965347200632,0.04941176623106003,3.387500286102295,1.2000000476837158,5.199999809265137,nan,4.802006969839567e-08,5.208077169527314e-08,5.208077169527314e-08,4.060701996877469e-09,4.802006969839567e-08,5.208077169527314e-08,4.060701996877469e-09,nan,0.550374872982502,9.0,1.4471515417099,198.8229217529297,0.0275187436491251,random-binary-solver-y,"gaussian,matern,highpass,bandpass,mixed","1.2,2.2,3.2,4.2,5.2",3.387500286102295,1.2000000476837158,5.199999809265137,0.035,0.3,0.16774773597717285,0.038661204278469086,0.29588019847869873,0.005,0.05,0.0275187436491251,0.0275187436491251,0.0275187436491251,0.7992409914731979,0.9999999857197205,0.0,5,18,20,19,19,20,0.0,0.016597803682088852,0.016597803682088852,0.0
darcy,9,33,132,1,96,96,96,24,4,random-binary-solver-y,0,96,96,1.0,0.4125,6.06498202770922e-08,6.06498202770922e-08,solver,solver(a_random).detach(),0.00012126057498030644,0.00010018942208251541,0.00012126057498030644,0.31168654799694195,0.8111534410272725,26.388153872801922,0.31168654799694195,0.49946689303033054,0.0032467348749681455,308.0017428308837,0.49946689303033054,0.00520278013573261,0.008468156833866184,118.08945200456856,0.10042648525268305,0.8129430560511537,3627.15380859375,6848.0,5073.84228515625,solver(a_random).detach() after random binary flips,random-binary-solver-y,random binary source perturbation; no adversarial gradient is used,1,0,False,solver(a_random).detach(),random_binary_source,random-binary-solver-y,0,0.02629180997610092,0.005121107213199139,0.04830449819564819,3.387500286102295,1.2000000476837158,5.199999809265137,nan,5.8083806209197064e-08,5.890430543331604e-08,5.890430543331604e-08,8.204992241189757e-10,5.8083806209197064e-08,5.890430543331604e-08,8.204992241189757e-10,nan,0.5258361995220184,9.0,1.4022016525268555,189.95834350585938,0.02629180997610092,random-binary-solver-y,"gaussian,matern,highpass,bandpass,mixed","1.2,2.2,3.2,4.2,5.2",3.387500286102295,1.2000000476837158,5.199999809265137,0.035,0.3,0.16738681495189667,0.03508283942937851,0.2910362780094147,0.005,0.05,0.02629180997610092,0.02629180997610092,0.02629180997610092,0.8004655831803879,0.9999999857197205,0.0,5,12,16,26,21,21,0.0,0.016126057133078575,0.016126057133078575,0.0
darcy,9,34,136,2,96,96,96,24,4,random-binary-solver-y,0,96,96,1.0,0.425,4.925572572034298e-08,4.925572572034298e-08,solver,solver(a_random).detach(),2.0778785125228997e-05,5.6620118231787835e-05,2.0778785125228997e-05,0.23471142596099526,0.7333575899829157,27.121511462784838,0.23471142596099526,0.4986461640219204,0.0024449106870937007,409.01289575886875,0.4986461640219204,0.005194230875228338,0.007658350479080885,130.5764214802578,0.10023231524974108,0.735201645991765,3627.15380859375,6848.0,5073.84228515625,solver(a_random).detach() after random binary flips,random-binary-solver-y,random binary source perturbation; no adversarial gradient is used,1,0,False,solver(a_random).detach(),random_binary_source,random-binary-solver-y,0,0.026134660467505455,0.005813148804008961,0.04941176623106003,3.3458335399627686,1.2000000476837158,5.199999809265137,nan,5.744854192357707e-08,4.897068706100072e-08,4.897068706100072e-08,-8.47785486257635e-09,5.744854192357707e-08,4.897068706100072e-08,-8.47785486257635e-09,nan,0.5226932093501091,9.0,1.4126052856445312,188.8229217529297,0.026134660467505455,random-binary-solver-y,"gaussian,matern,highpass,bandpass,mixed","1.2,2.2,3.2,4.2,5.2",3.3458335399627686,1.2000000476837158,5.199999809265137,0.035,0.3,0.15332430601119995,0.03549717739224434,0.29962676763534546,0.005,0.05,0.026134660467505455,0.026134660467505455,0.026134660467505455,0.801225051904718,0.9999999838570753,0.0,5,16,24,18,18,20,0.0,0.016447974368929863,0.016447974368929863,0.0
darcy,9,35,140,3,96,96,96,24,4,random-binary-solver-y,0,96,96,1.0,0.4375,5.8678186753979844e-08,5.8678186753979844e-08,solver,solver(a_random).detach(),0.00011121543694177928,6.847110725467517e-05,0.00011121543694177928,0.23394654202274978,0.732653001032304,27.854164463817142,0.23394654202274978,0.49870645900955424,0.0024369431460703104,410.35015593718254,0.49870645900955424,0.00519485894801619,0.007654043593599151,130.64989606752047,0.10023101026308723,0.7347881849855185,3627.15380859375,6848.0,5073.84228515625,solver(a_random).detach() after random binary flips,random-binary-solver-y,random binary source perturbation; no adversarial gradient is used,1,0,False,solver(a_random).detach(),random_binary_source,random-binary-solver-y,0,0.027520185336470604,0.004982699174433947,0.04968858137726784,3.075000286102295,1.2000000476837158,5.199999809265137,nan,6.145011610669826e-08,5.845295092399283e-08,5.845295092399283e-08,-2.99716518270543e-09,6.145011610669826e-08,5.845295092399283e-08,-2.99716518270543e-09,nan,0.5504037067294121,9.0,1.4439562559127808,198.83334350585938,0.027520185336470604,random-binary-solver-y,"gaussian,matern,highpass,bandpass,mixed","1.2,2.2,3.2,4.2,5.2",3.075000286102295,1.2000000476837158,5.199999809265137,0.035,0.3,0.15597741305828094,0.035704102367162704,0.29947027564048767,0.005,0.05,0.027520185336470604,0.027520185336470604,0.027520185336470604,0.8006016140182813,0.9999999764064947,0.0,5,19,21,14,22,20,0.0,0.016093460842967033,0.016093460842967033,0.0
darcy,9,36,144,4,96,96,96,24,4,random-binary-solver-y,0,96,96,1.0,0.45,5.99984470994741e-08,5.99984470994741e-08,solver,solver(a_random).detach(),0.00011654227669631688,7.129137920691223e-05,0.00011654227669631688,0.23429227201268077,0.733305364032276,28.587469827849418,0.23429227201268077,0.4990130920195952,0.0024405445001320913,409.74462868670344,0.4990130920195952,0.005198053041870783,0.007659461552369369,130.5574802044226,0.10014701224281453,0.7353083090274595,3627.15380859375,6848.0,5073.84228515625,solver(a_random).detach() after random binary flips,random-binary-solver-y,random binary source perturbation; no adversarial gradient is used,1,0,False,solver(a_random).detach(),random_binary_source,random-binary-solver-y,0,0.02957468293607235,0.006505190394818783,0.04996539652347565,3.2833335399627686,1.2000000476837158,5.199999809265137,nan,6.200861690786041e-08,5.9105513372514906e-08,5.9105513372514906e-08,-2.903103535345508e-09,6.200861690786041e-08,5.9105513372514906e-08,-2.903103535345508e-09,nan,0.591493658721447,9.0,1.4991010427474976,213.67709350585938,0.02957468293607235,random-binary-solver-y,"gaussian,matern,highpass,bandpass,mixed","1.2,2.2,3.2,4.2,5.2",3.2833335399627686,1.2000000476837158,5.199999809265137,0.035,0.3,0.16716282069683075,0.035794906318187714,0.2990635931491852,0.005,0.05,0.02957468293607235,0.02957468293607235,0.02957468293607235,0.7978994759420553,0.9999999844779571,0.0,5,14,22,19,20,21,0.0,0.01711055263876915,0.01711055263876915,0.0
darcy,10,37,148,1,96,96,96,24,4,random-binary-solver-y,0,96,96,1.0,0.4625,5.518014933869608e-08,5.518014933869608e-08,solver,solver(a_random).detach(),4.794910783026395e-05,9.194551757095014e-05,4.794910783026395e-05,0.31027375196572393,0.8092852240079083,29.396755051857326,0.31027375196572393,0.4990114720421843,0.0032320182496429575,309.40419352844634,0.4990114720421843,0.005198036167106086,0.008448625572782476,118.36244740464447,0.10018901377043221,0.8110680549871176,3627.15380859375,6848.0,5073.84228515625,solver(a_random).detach() after random binary flips,random-binary-solver-y,random binary source perturbation; no adversarial gradient is used,1,0,False,solver(a_random).detach(),random_binary_source,random-binary-solver-y,0,0.026975205168128014,0.00595155730843544,0.04996539652347565,2.991666793823242,1.2000000476837158,5.199999809265137,nan,5.409556536051241e-08,5.477258468999935e-08,5.477258468999935e-08,6.770193294869387e-10,5.409556536051241e-08,5.477258468999935e-08,6.770193294869387e-10,nan,0.5395040288567543,9.0,1.434288501739502,194.89584350585938,0.026975201442837715,random-binary-solver-y,"gaussian,matern,highpass,bandpass,mixed","1.2,2.2,3.2,4.2,5.2",2.991666793823242,1.2000000476837158,5.199999809265137,0.035,0.3,0.17033985257148743,0.036100056022405624,0.2925911545753479,0.005,0.05,0.026975201442837715,0.026975201442837715,0.026975201442837715,0.7988889105618,0.9999999788900217,0.0,5,21,18,14,25,18,0.0,0.016664257273077965,0.016664257273077965,0.0
darcy,10,38,152,2,96,96,96,24,4,random-binary-solver-y,0,96,96,1.0,0.475,5.5551322653002444e-08,5.5551322653002444e-08,solver,solver(a_random).detach(),2.8652168348322214e-05,0.00012688441078465172,2.8652168348322214e-05,0.23431361699476838,0.7332083570072427,30.12996340886457,0.23431361699476838,0.49889474001247436,0.002440766843695504,409.7073026794829,0.49889474001247436,0.005196820208463275,0.007656921656234772,130.60078774421493,0.10012251950684004,0.7350644789985381,3627.15380859375,6848.0,5073.84228515625,solver(a_random).detach() after random binary flips,random-binary-solver-y,random binary source perturbation; no adversarial gradient is used,1,0,False,solver(a_random).detach(),random_binary_source,random-binary-solver-y,0,0.027364475652575493,0.005674740299582481,0.04996539652347565,3.366666793823242,1.2000000476837158,5.199999809265137,nan,5.693139826234983e-08,5.320823248666784e-08,5.320823248666784e-08,-3.7231657756819914e-09,5.693139826234983e-08,5.320823248666784e-08,-3.7231657756819914e-09,nan,0.5472895130515099,9.0,1.441528081893921,197.70834350585938,0.027364475652575493,random-binary-solver-y,"gaussian,matern,highpass,bandpass,mixed","1.2,2.2,3.2,4.2,5.2",3.366666793823242,1.2000000476837158,5.199999809265137,0.035,0.3,0.1598939299583435,0.04159744083881378,0.2998943030834198,0.005,0.05,0.027364475652575493,0.027364475652575493,0.027364475652575493,0.7991288130482038,0.9999999782691399,0.0,5,21,15,17,22,21,0.0,0.016164613887667656,0.016164613887667656,0.0
darcy,10,39,156,3,96,96,96,24,4,random-binary-solver-y,0,96,96,1.0,0.4875,6.298476051824764e-08,6.298476051824764e-08,solver,solver(a_random).detach(),0.00016832468103257433,0.00013140847471391123,0.00016832468103257433,0.23391348001314327,0.7329949589911848,30.862958367855754,0.23391348001314327,0.49908147897804156,0.002436598750136909,410.40815601822476,0.49908147897804156,0.005198765406021266,0.007655669031616223,130.62215671422325,0.10021342450636439,0.7349442270351574,3627.15380859375,6848.0,5073.84228515625,solver(a_random).detach() after random binary flips,random-binary-solver-y,random binary source perturbation; no adversarial gradient is used,1,0,False,solver(a_random).detach(),random_binary_source,random-binary-solver-y,0,0.027076125144958496,0.005536332260817289,0.04913494735956192,3.2833335399627686,1.2000000476837158,5.199999809265137,nan,7.570585580651823e-08,6.460670931573986e-08,6.460670931573986e-08,-1.1099146490778367e-08,7.570585580651823e-08,6.460670931573986e-08,-1.1099146490778367e-08,nan,0.5415225028991699,9.0,1.4295289516448975,195.625,0.027076125144958496,random-binary-solver-y,"gaussian,matern,highpass,bandpass,mixed","1.2,2.2,3.2,4.2,5.2",3.2833335399627686,1.2000000476837158,5.199999809265137,0.035,0.3,0.15946021676063538,0.0374060682952404,0.2922596037387848,0.005,0.05,0.027076125144958496,0.027076125144958496,0.027076125144958496,0.798738914852341,0.9999999894450108,0.0,5,19,27,15,19,16,0.0,0.017192713916301727,0.017192713916301727,0.0
darcy,10,40,160,4,96,96,96,24,4,random-binary-solver-y,0,96,96,1.0,0.5,6.546877617807922e-08,6.546877617807922e-08,solver,solver(a_random).detach(),0.0001698398837644732,0.00021155735800891632,0.0001698398837644732,0.23373536398867145,0.7324732999550179,31.59543166781077,0.23373536398867145,0.4987379359663464,0.0024347433748819944,410.7209040248307,0.4987379359663464,0.005195186832982775,0.007649614989835148,130.72553341949964,0.10022284826845862,0.7343630390241742,3627.15380859375,6848.0,5073.84228515625,solver(a_random).detach() after random binary flips,random-binary-solver-y,random binary source perturbation; no adversarial gradient is used,1,0,False,solver(a_random).detach(),random_binary_source,random-binary-solver-y,0,0.026036620140075684,0.005536332260817289,0.04982699081301689,3.179166793823242,1.2000000476837158,5.199999809265137,nan,5.7170520761928856e-08,6.382706629892709e-08,6.382706629892709e-08,6.656545536998237e-09,5.7170520761928856e-08,6.382706629892709e-08,6.656545536998237e-09,nan,0.5207324028015137,9.0,1.405353307723999,188.11459350585938,0.026036620140075684,random-binary-solver-y,"gaussian,matern,highpass,bandpass,mixed","1.2,2.2,3.2,4.2,5.2",3.179166793823242,1.2000000476837158,5.199999809265137,0.035,0.3,0.18944035470485687,0.053087178617715836,0.29920852184295654,0.005,0.05,0.026036620140075684,0.026036620140075684,0.026036620140075684,0.799636754517754,0.9999999776482582,0.0,5,18,18,26,17,17,0.0,0.01554657518863678,0.01554657518863678,0.0
darcy,11,41,164,1,96,96,96,24,4,random-binary-solver-y,0,96,96,1.0,0.5125,6.026758292421164e-08,6.026758292421164e-08,solver,solver(a_random).detach(),0.00011447976405359744,0.00010693393362751341,0.00011447976405359744,0.3068414540030062,0.8052253099740483,32.40065697778482,0.3068414540030062,0.49838385597104207,0.0031962651458646483,312.86515804041085,0.49838385597104207,0.005191498499698355,0.008406277843581242,118.95871378597928,0.10016328451456502,0.8070026729837991,3627.15380859375,6848.0,5073.84228515625,solver(a_random).detach() after random binary flips,random-binary-solver-y,random binary source perturbation; no adversarial gradient is used,1,0,False,solver(a_random).detach(),random_binary_source,random-binary-solver-y,0,0.028741350397467613,0.005121107213199139,0.04982699081301689,3.4083335399627686,1.2000000476837158,5.199999809265137,nan,7.103670895958203e-08,6.166378341276868e-08,6.166378341276868e-08,-9.372925546813349e-09,7.103670895958203e-08,6.166378341276868e-08,-9.372925546813349e-09,nan,0.5748269706964493,9.0,1.4705017805099487,207.65625,0.028741348534822464,random-binary-solver-y,"gaussian,matern,highpass,bandpass,mixed","1.2,2.2,3.2,4.2,5.2",3.4083335399627686,1.2000000476837158,5.199999809265137,0.035,0.3,0.16286998987197876,0.043766655027866364,0.29481810331344604,0.005,0.05,0.028741348534822464,0.028741348534822464,0.028741348534822464,0.7982885253926119,0.9999999838570753,0.0,5,22,15,18,21,20,0.0,0.015976713970303535,0.015976713970303535,0.0
darcy,11,42,168,2,96,96,96,24,4,random-binary-solver-y,0,96,96,1.0,0.525,4.903916384080276e-08,4.903916384080276e-08,solver,solver(a_random).detach(),0.00018787268212308852,0.00016778363023490923,0.00018787268212308852,0.23254963604267687,0.7306663060444407,33.13132328382926,0.23254963604267687,0.49811667000176385,0.0024223920421112175,412.81509459074084,0.49811667000176385,0.005188715312518373,0.007635036989692405,130.97513494041203,0.1000755332497647,0.7329635510104708,3627.15380859375,6848.0,5073.84228515625,solver(a_random).detach() after random binary flips,random-binary-solver-y,random binary source perturbation; no adversarial gradient is used,1,0,False,solver(a_random).detach(),random_binary_source,random-binary-solver-y,0,0.026665223762392998,0.005121107213199139,0.049273356795310974,3.085416793823242,1.2000000476837158,5.199999809265137,nan,4.759857574754278e-08,4.9617138841995256e-08,4.9617138841995256e-08,2.0185630944524746e-09,4.759857574754278e-08,4.9617138841995256e-08,2.0185630944524746e-09,nan,0.5333045125007629,9.0,1.4078614711761475,192.65625,0.026665225625038147,random-binary-solver-y,"gaussian,matern,highpass,bandpass,mixed","1.2,2.2,3.2,4.2,5.2",3.085416793823242,1.2000000476837158,5.199999809265137,0.035,0.3,0.17377370595932007,0.040328994393348694,0.29660388827323914,0.005,0.05,0.026665225625038147,0.026665225625038147,0.026665225625038147,0.799340482801199,0.9999999832361937,0.0,5,19,18,21,24,14,0.0,0.015710901468992233,0.015710901468992233,0.0
darcy,11,43,172,3,96,96,96,24,4,random-binary-solver-y,0,96,96,1.0,0.5375,7.330423201779013e-08,7.330423201779013e-08,solver,solver(a_random).detach(),0.00018567654470275996,0.00022879013417315553,0.00018567654470275996,0.23483623302308843,0.7343603009940125,33.86568358482327,0.23483623302308843,0.4995240679709241,0.0024462107606571712,408.79552002761665,0.4995240679709241,0.0052033757080304594,0.007669847031138488,130.38069676489533,0.10026330348046031,0.7363053149892949,3627.15380859375,6848.0,5073.84228515625,solver(a_random).detach() after random binary flips,random-binary-solver-y,random binary source perturbation; no adversarial gradient is used,1,0,False,solver(a_random).detach(),random_binary_source,random-binary-solver-y,0,0.027420705184340477,0.00539792375639081,0.04941176623106003,2.960416793823242,1.2000000476837158,5.199999809265137,nan,8.1118280093051e-08,6.78033487133689e-08,6.78033487133689e-08,-1.3314931379682093e-08,8.1118280093051e-08,6.78033487133689e-08,-1.3314931379682093e-08,nan,0.5484140664339066,9.0,1.4449666738510132,198.11459350585938,0.027420703321695328,random-binary-solver-y,"gaussian,matern,highpass,bandpass,mixed","1.2,2.2,3.2,4.2,5.2",2.960416793823242,1.2000000476837158,5.199999809265137,0.035,0.3,0.1766284704208374,0.03720376268029213,0.29985079169273376,0.005,0.05,0.027420703321695328,0.027420703321695328,0.027420703321695328,0.7992751294126114,0.9999999888241291,0.0,5,21,19,22,14,20,0.0,0.016325639560818672,0.016325639560818672,0.0
darcy,11,44,176,4,96,96,96,24,4,random-binary-solver-y,0,96,96,1.0,0.55,5.276128778319844e-08,5.276128778319844e-08,solver,solver(a_random).detach(),8.545805616057542e-05,0.00012961682676855345,8.545805616057542e-05,0.23412388795986772,0.7331787159200758,34.59886230074335,0.23412388795986772,0.49905482796020806,0.0024387904995819554,410.0393207909473,0.49905482796020806,0.005198487791252167,0.007665955031067521,130.44689095453057,0.10017220824374817,0.735931682982482,3627.15380859375,6848.0,5073.84228515625,solver(a_random).detach() after random binary flips,random-binary-solver-y,random binary source perturbation; no adversarial gradient is used,1,0,False,solver(a_random).detach(),random_binary_source,random-binary-solver-y,0,0.026336506009101868,0.005813148804008961,0.048996541649103165,3.387500286102295,1.2000000476837158,5.199999809265137,nan,6.007141450936615e-08,5.1603379347398004e-08,5.1603379347398004e-08,-8.468035161968146e-09,6.007141450936615e-08,5.1603379347398004e-08,-8.468035161968146e-09,nan,0.5267301201820374,9.0,1.4072941541671753,190.28125,0.026336506009101868,random-binary-solver-y,"gaussian,matern,highpass,bandpass,mixed","1.2,2.2,3.2,4.2,5.2",3.387500286102295,1.2000000476837158,5.199999809265137,0.035,0.3,0.17736375331878662,0.03628527373075485,0.29866474866867065,0.005,0.05,0.026336506009101868,0.026336506009101868,0.026336506009101868,0.7993284743279219,0.9999999813735485,0.0,5,13,19,16,18,30,0.0,0.016466587781906128,0.016466587781906128,0.0
darcy,12,45,180,1,96,96,96,24,4,random-binary-solver-y,0,96,96,1.0,0.5625,5.327587970782588e-08,5.327587970782588e-08,solver,solver(a_random).detach(),7.233120798029708e-05,0.00012186300252451705,7.233120798029708e-05,0.3032631649984978,0.802381924004294,35.40124422474764,0.3032631649984978,0.49911875900579616,0.0031589913020676854,316.55674371292514,0.49911875900579616,0.00519915373964371,0.00837871515614097,119.35004130878885,0.10021570148819592,0.8043566549895331,3627.15380859375,6848.0,5073.84228515625,solver(a_random).detach() after random binary flips,random-binary-solver-y,random binary source perturbation; no adversarial gradient is used,1,0,False,solver(a_random).detach(),random_binary_source,random-binary-solver-y,0,0.024826988577842712,0.005121107213199139,0.04788927361369133,3.2833335399627686,1.2000000476837158,5.199999809265137,nan,5.482542420054415e-08,5.0620911906662514e-08,5.0620911906662514e-08,-4.204512293881635e-09,5.482542420054415e-08,5.0620911906662514e-08,-4.204512293881635e-09,nan,0.49653980880975723,9.0,1.3740441799163818,179.375,0.02482699044048786,random-binary-solver-y,"gaussian,matern,highpass,bandpass,mixed","1.2,2.2,3.2,4.2,5.2",3.2833335399627686,1.2000000476837158,5.199999809265137,0.035,0.3,0.16398842632770538,0.03644217923283577,0.29880163073539734,0.005,0.05,0.02482699044048786,0.02482699044048786,0.02482699044048786,0.8007391281425953,0.9999999751647314,0.0,5,14,26,17,20,19,0.0,0.017235781997442245,0.017235781997442245,0.0
darcy,12,46,184,2,96,96,96,24,4,random-binary-solver-y,0,96,96,1.0,0.575,5.08131670073908e-08,5.08131670073908e-08,solver,solver(a_random).detach(),1.6923349817715614e-05,0.00010326257066931771,1.6923349817715614e-05,0.23575916700065136,0.7352596439886838,36.13650386873633,0.23575916700065136,0.49950047698803246,0.002455824656256785,407.1951950853931,0.49950047698803246,0.005203129968625338,0.007680547458221554,130.19905227322846,0.10029466250853147,0.7373325559892692,3627.15380859375,6848.0,5073.84228515625,solver(a_random).detach() after random binary flips,random-binary-solver-y,random binary source perturbation; no adversarial gradient is used,1,0,False,solver(a_random).detach(),random_binary_source,random-binary-solver-y,0,0.027873411774635315,0.0062283738516271114,0.04968858137726784,3.106250286102295,1.2000000476837158,5.199999809265137,nan,6.094074223028656e-08,5.282787540750178e-08,5.282787540750178e-08,-8.112866822784781e-09,6.094074223028656e-08,5.282787540750178e-08,-8.112866822784781e-09,nan,0.5574682727456093,9.0,1.4533103704452515,201.3854217529297,0.027873413637280464,random-binary-solver-y,"gaussian,matern,highpass,bandpass,mixed","1.2,2.2,3.2,4.2,5.2",3.106250286102295,1.2000000476837158,5.199999809265137,0.035,0.3,0.16465060412883759,0.036959368735551834,0.29819759726524353,0.005,0.05,0.027873413637280464,0.027873413637280464,0.027873413637280464,0.7994511605550846,0.9999999832361937,0.0,5,19,14,19,16,28,0.0,0.01682274229824543,0.01682274229824543,0.0
darcy,12,47,188,3,96,96,96,24,4,random-binary-solver-y,0,96,96,1.0,0.5875,6.83476182317122e-08,6.83476182317122e-08,solver,solver(a_random).detach(),5.554620810853847e-05,0.00011914125075295271,5.554620810853847e-05,0.23412500997073948,0.7342030289582908,36.87070689769462,0.23412500997073948,0.5000780189875513,0.002438802187195203,410.0373557357153,0.5000780189875513,0.005209146031120326,0.007669685156239818,130.38344855478599,0.10057052101183217,0.7362897749990225,3627.15380859375,6848.0,5073.84228515625,solver(a_random).detach() after random binary flips,random-binary-solver-y,random binary source perturbation; no adversarial gradient is used,1,0,False,solver(a_random).detach(),random_binary_source,random-binary-solver-y,0,0.027730681002140045,0.005121107213199139,0.049550171941518784,2.9083335399627686,1.2000000476837158,5.199999809265137,nan,7.826590575632508e-08,6.697649013176488e-08,6.697649013176488e-08,-1.1289415624560206e-08,7.826590575632508e-08,6.697649013176488e-08,-1.1289415624560206e-08,nan,0.5546136200428009,9.0,1.449150800704956,200.3541717529297,0.027730681002140045,random-binary-solver-y,"gaussian,matern,highpass,bandpass,mixed","1.2,2.2,3.2,4.2,5.2",2.9083335399627686,1.2000000476837158,5.199999809265137,0.035,0.3,0.16235049068927765,0.03527785465121269,0.2837156355381012,0.005,0.05,0.027730681002140045,0.027730681002140045,0.027730681002140045,0.7980950884521008,0.9999999819944302,0.0,5,13,17,17,26,23,0.0,0.014905017800629139,0.014905017800629139,0.0
darcy,12,48,192,4,96,96,96,24,4,random-binary-solver-y,0,96,96,1.0,0.6,5.897864951975862e-08,5.897864951975862e-08,solver,solver(a_random).detach(),9.961234091672787e-06,0.0001113538467904524,9.961234091672787e-06,0.23449281102512032,0.7329976610490121,37.60370455874363,0.23449281102512032,0.4985048500238918,0.0024426334481783365,409.39421375146503,0.4985048500238918,0.00519275885441554,0.007657121208467288,130.59738415714176,0.10017236176645383,0.7350836360128596,3627.15380859375,6848.0,5073.84228515625,solver(a_random).detach() after random binary flips,random-binary-solver-y,random binary source perturbation; no adversarial gradient is used,1,0,False,solver(a_random).detach(),random_binary_source,random-binary-solver-y,0,0.026386966928839684,0.005813148804008961,0.04982699081301689,3.616666793823242,1.2000000476837158,5.199999809265137,nan,6.112376382816365e-08,5.835625316308324e-08,5.835625316308324e-08,-2.7675106650804082e-09,6.112376382816365e-08,5.835625316308324e-08,-2.7675106650804082e-09,nan,0.5277393385767937,9.0,1.4125937223434448,190.64584350585938,0.026386966928839684,random-binary-solver-y,"gaussian,matern,highpass,bandpass,mixed","1.2,2.2,3.2,4.2,5.2",3.616666793823242,1.2000000476837158,5.199999809265137,0.035,0.3,0.17064127326011658,0.039892639964818954,0.29577866196632385,0.005,0.05,0.026386966928839684,0.026386966928839684,0.026386966928839684,0.797028457125028,0.9999999832361937,0.0,5,17,26,17,14,22,0.0,0.016338031738996506,0.016338031738996506,0.0
darcy,13,49,196,1,96,96,96,24,4,random-binary-solver-y,0,96,96,1.0,0.6125,5.558334503774631e-08,5.558334503774631e-08,solver,solver(a_random).detach(),0.0001611449694026318,0.0001010389768624777,0.0001611449694026318,0.31125888897804543,0.80986599100288,38.41357054974651,0.31125888897804543,0.4986071020248346,0.0032422800935213067,308.4249266428865,0.4986071020248346,0.0051938239794253604,0.008454438281357094,118.28106927045677,0.10016515775350854,0.8116260750102811,3627.15380859375,6848.0,5073.84228515625,solver(a_random).detach() after random binary flips,random-binary-solver-y,random binary source perturbation; no adversarial gradient is used,1,0,False,solver(a_random).detach(),random_binary_source,random-binary-solver-y,0,0.02643454633653164,0.006505190394818783,0.04982699081301689,3.1270835399627686,1.2000000476837158,5.199999809265137,nan,5.2352778112663145e-08,5.52117818131137e-08,5.52117818131137e-08,2.8590037004505575e-09,5.2352778112663145e-08,5.52117818131137e-08,2.8590037004505575e-09,nan,0.5286908894777298,9.0,1.4183244705200195,190.98959350585938,0.02643454447388649,random-binary-solver-y,"gaussian,matern,highpass,bandpass,mixed","1.2,2.2,3.2,4.2,5.2",3.1270835399627686,1.2000000476837158,5.199999809265137,0.035,0.3,0.1739579439163208,0.03932524472475052,0.29711538553237915,0.005,0.05,0.02643454447388649,0.02643454447388649,0.02643454447388649,0.7995512088139852,0.9999999844779571,0.0,5,17,18,14,26,21,0.0,0.017083527520298958,0.017083527520298958,0.0
darcy,13,50,200,2,96,96,96,24,4,random-binary-solver-y,0,96,96,1.0,0.625,4.4008174882037565e-08,4.4008174882037565e-08,solver,solver(a_random).detach(),4.764930215629289e-05,5.838356111083635e-05,4.764930215629289e-05,0.2342689740471542,0.733737169066444,39.147307718812954,0.2342689740471542,0.49946819501928985,0.0024403018129911893,409.7853776432081,0.49946819501928985,0.005202793698117603,0.007664251927053556,130.47587807887206,0.10024054298992269,0.7357681849971414,3627.15380859375,6848.0,5073.84228515625,solver(a_random).detach() after random binary flips,random-binary-solver-y,random binary source perturbation; no adversarial gradient is used,1,0,False,solver(a_random).detach(),random_binary_source,random-binary-solver-y,0,0.027123700827360153,0.005536332260817289,0.04982699081301689,3.3145835399627686,1.2000000476837158,5.199999809265137,nan,5.1658943789334444e-08,4.4015614264480973e-08,4.4015614264480973e-08,-7.64332952485347e-09,5.1658943789334444e-08,4.4015614264480973e-08,-7.64332952485347e-09,nan,0.542474053800106,9.0,1.4394192695617676,195.96875,0.027123702690005302,random-binary-solver-y,"gaussian,matern,highpass,bandpass,mixed","1.2,2.2,3.2,4.2,5.2",3.3145835399627686,1.2000000476837158,5.199999809265137,0.035,0.3,0.16770347952842712,0.03516273945569992,0.2992934584617615,0.005,0.05,0.027123702690005302,0.027123702690005302,0.027123702690005302,0.7978851472338041,0.9999999844779571,0.0,5,20,18,21,16,21,0.0,0.015529975295066833,0.015529975295066833,0.0
darcy,13,51,204,3,96,96,96,24,4,random-binary-solver-y,0,96,96,1.0,0.6375,5.5859112002565325e-08,5.5859112002565325e-08,solver,solver(a_random).detach(),3.894946259488835e-05,4.2220180191758255e-05,3.894946259488835e-05,0.23269835801329464,0.7307695300551131,39.87807724886807,0.23269835801329464,0.4980711720418185,0.0024239412293051523,412.55125656931057,0.4980711720418185,0.005188241375435609,0.007633147573263462,131.00755493090276,0.09997643674432766,0.7327821670332924,3627.15380859375,6848.0,5073.84228515625,solver(a_random).detach() after random binary flips,random-binary-solver-y,random binary source perturbation; no adversarial gradient is used,1,0,False,solver(a_random).detach(),random_binary_source,random-binary-solver-y,0,0.026097174733877182,0.005813148804008961,0.04968858137726784,3.2208335399627686,1.2000000476837158,5.199999809265137,nan,5.6521226809991276e-08,5.5593766035144654e-08,5.5593766035144654e-08,-9.274607748466224e-10,5.6521226809991276e-08,5.5593766035144654e-08,-9.274607748466224e-10,nan,0.5219434946775436,9.0,1.3948214054107666,188.55209350585938,0.026097174733877182,random-binary-solver-y,"gaussian,matern,highpass,bandpass,mixed","1.2,2.2,3.2,4.2,5.2",3.2208335399627686,1.2000000476837158,5.199999809265137,0.035,0.3,0.16548925638198853,0.03741006925702095,0.29995405673980713,0.005,0.05,0.026097174733877182,0.026097174733877182,0.026097174733877182,0.7985954613735279,0.9999999782691399,0.0,5,20,19,23,18,16,0.0,0.016235245391726494,0.016235245391726494,0.0
darcy,13,52,208,4,96,96,96,24,4,random-binary-solver-y,0,96,96,1.0,0.65,6.938691488045379e-08,6.938691488045379e-08,solver,solver(a_random).detach(),0.0001307325760517679,0.00015566371714202475,0.0001307325760517679,0.23465469403890893,0.734608022030443,40.61268527089851,0.23465469403890893,0.499953327991534,0.002444319729571968,409.1117818596968,0.499953327991534,0.005207847166578479,0.007671954489220904,130.34488166020796,0.1004432219924638,0.7365076309652068,3627.15380859375,6848.0,5073.84228515625,solver(a_random).detach() after random binary flips,random-binary-solver-y,random binary source perturbation; no adversarial gradient is used,1,0,False,solver(a_random).detach(),random_binary_source,random-binary-solver-y,0,0.026652252301573753,0.005674740299582481,0.04996539652347565,3.106250286102295,1.2000000476837158,5.199999809265137,nan,7.697616410951014e-08,6.653922923760547e-08,6.653922923760547e-08,-1.0436934871904668e-08,7.697616410951014e-08,6.653922923760547e-08,-1.0436934871904668e-08,nan,0.5330449715256691,9.0,1.4215807914733887,192.5625,0.026652248576283455,random-binary-solver-y,"gaussian,matern,highpass,bandpass,mixed","1.2,2.2,3.2,4.2,5.2",3.106250286102295,1.2000000476837158,5.199999809265137,0.035,0.3,0.1695617139339447,0.03688351437449455,0.2985282242298126,0.005,0.05,0.026652248576283455,0.026652248576283455,0.026652248576283455,0.7983448940018812,0.9999999813735485,0.0,5,19,16,19,25,17,0.0,0.01616201549768448,0.01616201549768448,0.0
darcy,14,53,212,1,96,96,96,24,4,random-binary-solver-y,0,96,96,1.0,0.6625,7.494311482503235e-08,7.494311482503235e-08,solver,solver(a_random).detach(),9.485619484951963e-05,0.0001507146524674293,9.485619484951963e-05,0.3073488349909894,0.8062697490095161,41.418955019908026,0.3073488349909894,0.4989209140185267,0.003201550364489473,312.34867053527125,0.4989209140185267,0.005197092854359653,0.008417191468955329,118.80447340282633,0.10043272025359329,0.8080503810197115,3627.15380859375,6848.0,5073.84228515625,solver(a_random).detach() after random binary flips,random-binary-solver-y,random binary source perturbation; no adversarial gradient is used,1,0,False,solver(a_random).detach(),random_binary_source,random-binary-solver-y,0,0.02723327837884426,0.005259515717625618,0.04941176623106003,3.2520835399627686,1.2000000476837158,5.199999809265137,nan,8.428936837390211e-08,7.492860731872497e-08,7.492860731872497e-08,-9.360761055177136e-09,8.428936837390211e-08,7.492860731872497e-08,-9.360761055177136e-09,nan,0.5446655303239822,9.0,1.4401553869247437,196.7604217529297,0.027233276516199112,random-binary-solver-y,"gaussian,matern,highpass,bandpass,mixed","1.2,2.2,3.2,4.2,5.2",3.2520835399627686,1.2000000476837158,5.199999809265137,0.035,0.3,0.17504167556762695,0.04296226426959038,0.29891687631607056,0.005,0.05,0.027233276516199112,0.027233276516199112,0.027233276516199112,0.7993426620960236,0.9999999751647314,0.0,5,22,21,19,16,18,0.0,0.01639510877430439,0.01639510877430439,0.0
darcy,14,54,216,2,96,96,96,24,4,random-binary-solver-y,0,96,96,1.0,0.675,5.1247894816697226e-08,5.1247894816697226e-08,solver,solver(a_random).detach(),0.00013573181996318493,0.00010745918726633058,0.00013573181996318493,0.23365990800084546,0.733520154026337,42.15247517393436,0.23365990800084546,0.4998602460254915,0.002433957375008807,410.8535384669099,0.4998602460254915,0.005206877562765537,0.00766049816653928,130.53981324190588,0.10051649376691785,0.7354078239877708,3627.15380859375,6848.0,5073.84228515625,solver(a_random).detach() after random binary flips,random-binary-solver-y,random binary source perturbation; no adversarial gradient is used,1,0,False,solver(a_random).detach(),random_binary_source,random-binary-solver-y,0,0.02632208727300167,0.004982699174433947,0.04968858137726784,3.481250286102295,1.2000000476837158,5.199999809265137,nan,5.100186584172661e-08,5.743989461848287e-08,5.743989461848287e-08,6.438028776756255e-09,5.100186584172661e-08,5.743989461848287e-08,6.438028776756255e-09,nan,0.5264417454600334,9.0,1.4003045558929443,190.17709350585938,0.02632208727300167,random-binary-solver-y,"gaussian,matern,highpass,bandpass,mixed","1.2,2.2,3.2,4.2,5.2",3.481250286102295,1.2000000476837158,5.199999809265137,0.035,0.3,0.186558336019516,0.03694305568933487,0.29867276549339294,0.005,0.05,0.02632208727300167,0.02632208727300167,0.02632208727300167,0.7979077820976576,0.9999999770273765,0.0,5,17,23,19,18,19,0.0,0.015537159517407417,0.015537159517407417,0.0
darcy,14,55,220,3,96,96,96,24,4,random-binary-solver-y,0,96,96,1.0,0.6875,5.5146230693026155e-08,5.5146230693026155e-08,solver,solver(a_random).detach(),0.0001467353203121775,0.0001458013067131863,0.0001467353203121775,0.2355009889579378,0.7341671929461882,42.88664236688055,0.2355009889579378,0.49866620398825034,0.0024531353016451853,407.64160025309405,0.49866620398825034,0.0051944396248776075,0.00766880473990265,130.39841721314895,0.10024991276441142,0.7362052550306544,3627.15380859375,6848.0,5073.84228515625,solver(a_random).detach() after random binary flips,random-binary-solver-y,random binary source perturbation; no adversarial gradient is used,1,0,False,solver(a_random).detach(),random_binary_source,random-binary-solver-y,0,0.02862168475985527,0.005536332260817289,0.04941176623106003,3.1895835399627686,1.2000000476837158,5.199999809265137,nan,6.390205697925921e-08,5.399095570624013e-08,5.399095570624013e-08,-9.911101273019085e-09,6.390205697925921e-08,5.399095570624013e-08,-9.911101273019085e-09,nan,0.5724336951971054,9.0,1.4819962978363037,206.7916717529297,0.02862168475985527,random-binary-solver-y,"gaussian,matern,highpass,bandpass,mixed","1.2,2.2,3.2,4.2,5.2",3.1895835399627686,1.2000000476837158,5.199999809265137,0.035,0.3,0.16926446557044983,0.03550977632403374,0.29896482825279236,0.005,0.05,0.02862168475985527,0.02862168475985527,0.02862168475985527,0.7991718755414089,0.9999999807526668,0.0,5,9,20,26,23,18,0.0,0.01679263822734356,0.01679263822734356,0.0
darcy,14,56,224,4,96,96,96,24,4,random-binary-solver-y,0,96,96,1.0,0.7,4.4678500898953644e-08,4.4678500898953644e-08,solver,solver(a_random).detach(),0.00013237339571183857,7.373829364440822e-05,0.00013237339571183857,0.2350636119954288,0.7346071380306967,43.62124950491125,0.2350636119954288,0.49954352603526786,0.00244857929161905,408.40008874647464,0.49954352603526786,0.005203578396200707,0.007672756687801059,130.3312539012091,0.1004417277436005,0.7365846420289017,3627.15380859375,6848.0,5073.84228515625,solver(a_random).detach() after random binary flips,random-binary-solver-y,random binary source perturbation; no adversarial gradient is used,1,0,False,solver(a_random).detach(),random_binary_source,random-binary-solver-y,0,0.02769896388053894,0.00595155730843544,0.04996539652347565,3.012500286102295,1.2000000476837158,5.199999809265137,nan,4.7193413621471336e-08,4.41307577148109e-08,4.41307577148109e-08,-3.0626559066604386e-09,4.7193413621471336e-08,4.41307577148109e-08,-3.0626559066604386e-09,nan,0.5539792403578758,9.0,1.452742338180542,200.125,0.02769896201789379,random-binary-solver-y,"gaussian,matern,highpass,bandpass,mixed","1.2,2.2,3.2,4.2,5.2",3.012500286102295,1.2000000476837158,5.199999809265137,0.035,0.3,0.17353129386901855,0.03545472025871277,0.2999603748321533,0.005,0.05,0.02769896201789379,0.02769896201789379,0.02769896201789379,0.8015520150462786,0.9999999832361937,0.0,5,13,16,21,27,19,0.0,0.016432147473096848,0.016432147473096848,0.0
darcy,15,57,228,1,96,96,96,24,4,random-binary-solver-y,0,96,96,1.0,0.7125,5.6356880051566804e-08,5.6356880051566804e-08,solver,solver(a_random).detach(),7.507875691475326e-05,7.371499817788896e-05,7.507875691475326e-05,0.3151185190072283,0.8140333240153268,44.435282828926574,0.3151185190072283,0.4989148050080985,0.0032824845729919616,304.6472809736641,0.4989148050080985,0.005197029218834359,0.00849791011448057,117.67599168835459,0.10027333025936969,0.8157993709901348,3627.15380859375,6848.0,5073.84228515625,solver(a_random).detach() after random binary flips,random-binary-solver-y,random binary source perturbation; no adversarial gradient is used,1,0,False,solver(a_random).detach(),random_binary_source,random-binary-solver-y,0,0.02578575722873211,0.005121107213199139,0.049550171941518784,3.231250286102295,1.2000000476837158,5.199999809265137,nan,6.400033925046955e-08,5.560860927289468e-08,5.560860927289468e-08,-8.391729977574869e-09,6.400033925046955e-08,5.560860927289468e-08,-8.391729977574869e-09,nan,0.5157151073217392,9.0,1.3862800598144531,186.30209350585938,0.02578575536608696,random-binary-solver-y,"gaussian,matern,highpass,bandpass,mixed","1.2,2.2,3.2,4.2,5.2",3.231250286102295,1.2000000476837158,5.199999809265137,0.035,0.3,0.16934439539909363,0.03559892997145653,0.2993684709072113,0.005,0.05,0.02578575536608696,0.02578575536608696,0.02578575536608696,0.7995244823396206,0.9999999819944302,0.0,5,21,23,16,18,18,0.0,0.016632739454507828,0.016632739454507828,0.0
darcy,15,58,232,2,96,96,96,24,4,random-binary-solver-y,0,96,96,1.0,0.725,5.118387935709734e-08,5.118387935709734e-08,solver,solver(a_random).detach(),0.00012478475398222075,6.700350059991557e-05,0.00012478475398222075,0.23392858798615634,0.733310226991307,45.16859305591788,0.23392858798615634,0.49938163900515065,0.0024367561248557954,410.38165034228814,0.49938163900515065,0.0052018920729703195,0.007657706083288455,130.58740948315022,0.10024359975068364,0.7351397839956917,3627.15380859375,6848.0,5073.84228515625,solver(a_random).detach() after random binary flips,random-binary-solver-y,random binary source perturbation; no adversarial gradient is used,1,0,False,solver(a_random).detach(),random_binary_source,random-binary-solver-y,0,0.02832035720348358,0.004982699174433947,0.04996539652347565,3.022916793823242,1.2000000476837158,5.199999809265137,nan,5.970883165673513e-08,5.10380999685367e-08,5.10380999685367e-08,-8.67073168819843e-09,5.970883165673513e-08,5.10380999685367e-08,-8.67073168819843e-09,nan,0.5664071440696716,9.0,1.4691261053085327,204.61459350585938,0.02832035720348358,random-binary-solver-y,"gaussian,matern,highpass,bandpass,mixed","1.2,2.2,3.2,4.2,5.2",3.022916793823242,1.2000000476837158,5.199999809265137,0.035,0.3,0.16545370221138,0.03599441796541214,0.29937541484832764,0.005,0.05,0.02832035720348358,0.02832035720348358,0.02832035720348358,0.799221913019816,0.9999999813735485,0.0,5,13,20,20,19,24,0.0,0.016301216557621956,0.016301216557621956,0.0
darcy,15,59,236,3,96,96,96,24,4,random-binary-solver-y,0,96,96,1.0,0.7375,4.8007979813746715e-08,4.8007979813746715e-08,solver,solver(a_random).detach(),0.00010736608990206744,8.440839416667812e-05,0.00010736608990206744,0.23468355799559504,0.7335285569424741,45.902121612860356,0.23468355799559504,0.49884499894687906,0.002444620395787448,409.0614648078665,0.49884499894687906,0.0051963020723633235,0.007661369124737878,130.52497324154362,0.1001425217546057,0.7354914359748363,3627.15380859375,6848.0,5073.84228515625,solver(a_random).detach() after random binary flips,random-binary-solver-y,random binary source perturbation; no adversarial gradient is used,1,0,False,solver(a_random).detach(),random_binary_source,random-binary-solver-y,0,0.026734430342912674,0.005121107213199139,0.04968858137726784,3.3145835399627686,1.2000000476837158,5.199999809265137,nan,4.7124046886892756e-08,4.8384990236627345e-08,4.8384990236627345e-08,1.260943349734589e-09,4.7124046886892756e-08,4.8384990236627345e-08,1.260943349734589e-09,nan,0.5346885696053505,9.0,1.4217370748519897,193.15625,0.026734428480267525,random-binary-solver-y,"gaussian,matern,highpass,bandpass,mixed","1.2,2.2,3.2,4.2,5.2",3.3145835399627686,1.2000000476837158,5.199999809265137,0.035,0.3,0.16794030368328094,0.04246807470917702,0.2988578975200653,0.005,0.05,0.026734428480267525,0.026734428480267525,0.026734428480267525,0.7984340817977985,0.9999999838570753,0.0,5,19,23,22,16,16,0.0,0.015818145126104355,0.015818145126104355,0.0
darcy,15,60,240,4,96,96,96,24,4,random-binary-solver-y,0,96,96,1.0,0.75,5.5380506402968877e-08,5.5380506402968877e-08,solver,solver(a_random).detach(),5.0228246519156116e-05,8.315002707291145e-05,5.0228246519156116e-05,0.23395210097078234,0.7357747419737279,46.63789635483408,0.23395210097078234,0.5018226410029456,0.002437001051778983,410.3404055857963,0.5018226410029456,0.005227319177114016,0.007684284698067738,130.13573016776127,0.10082413475902285,0.7376913310145028,3627.15380859375,6848.0,5073.84228515625,solver(a_random).detach() after random binary flips,random-binary-solver-y,random binary source perturbation; no adversarial gradient is used,1,0,False,solver(a_random).detach(),random_binary_source,random-binary-solver-y,0,0.02822808548808098,0.005674740299582481,0.049550171941518784,3.3145835399627686,1.2000000476837158,5.199999809265137,nan,7.468729990023348e-08,6.000620089707809e-08,6.000620089707809e-08,-1.4681099003155396e-08,7.468729990023348e-08,6.000620089707809e-08,-1.4681099003155396e-08,nan,0.5645617097616196,9.0,1.4673103094100952,203.9479217529297,0.02822808548808098,random-binary-solver-y,"gaussian,matern,highpass,bandpass,mixed","1.2,2.2,3.2,4.2,5.2",3.3145835399627686,1.2000000476837158,5.199999809265137,0.035,0.3,0.16485248506069183,0.036385782063007355,0.29946374893188477,0.005,0.05,0.02822808548808098,0.02822808548808098,0.02822808548808098,0.7996379944185416,0.9999999813735485,0.0,5,14,18,19,25,20,0.0,0.016626475378870964,0.016626475378870964,0.0
darcy,16,61,244,1,96,96,96,24,4,random-binary-solver-y,0,96,96,1.0,0.7625,6.016631370897585e-08,6.016631370897585e-08,solver,solver(a_random).detach(),0.00020638617171323938,0.00016750553393491346,0.00020638617171323938,0.3125047999783419,0.8127577030099928,47.450654057844076,0.3125047999783419,0.5002529030316509,0.003255258333107728,307.1952815017666,0.5002529030316509,0.0052109677399130305,0.008489577114232816,117.79149733188657,0.10047243846929632,0.8149994029663503,3627.15380859375,6848.0,5073.84228515625,solver(a_random).detach() after random binary flips,random-binary-solver-y,random binary source perturbation; no adversarial gradient is used,1,0,False,solver(a_random).detach(),random_binary_source,random-binary-solver-y,0,0.025529127568006516,0.005121107213199139,0.04968858137726784,3.262500286102295,1.2000000476837158,5.199999809265137,nan,5.6608698173477023e-08,5.9410290020878165e-08,5.9410290020878165e-08,2.8015918474011414e-09,5.6608698173477023e-08,5.9410290020878165e-08,2.8015918474011414e-09,nan,0.5105824768543243,9.0,1.3801822662353516,184.4479217529297,0.025529123842716217,random-binary-solver-y,"gaussian,matern,highpass,bandpass,mixed","1.2,2.2,3.2,4.2,5.2",3.262500286102295,1.2000000476837158,5.199999809265137,0.035,0.3,0.15490542352199554,0.03549767658114433,0.2923548221588135,0.005,0.05,0.025529123842716217,0.025529123842716217,0.025529123842716217,0.7988288961350918,0.9999999788900217,0.0,5,21,18,15,20,22,0.0,0.01610271818935871,0.01610271818935871,0.0
darcy,16,62,248,2,96,96,96,24,4,random-binary-solver-y,0,96,96,1.0,0.775,4.914235507413878e-08,4.914235507413878e-08,solver,solver(a_random).detach(),0.00014674408723602578,0.00011290209235006546,0.00014674408723602578,0.23290336498757824,0.7319099660380743,48.18256402388215,0.23290336498757824,0.4990066010504961,0.0024260767186206067,412.1881193306078,0.4990066010504961,0.005197985427609335,0.00764467387489276,130.81002752573642,0.10031438973965123,0.733888691989705,3627.15380859375,6848.0,5073.84228515625,solver(a_random).detach() after random binary flips,random-binary-solver-y,random binary source perturbation; no adversarial gradient is used,1,0,False,solver(a_random).detach(),random_binary_source,random-binary-solver-y,0,0.026750288903713226,0.005674740299582481,0.04913494735956192,3.200000286102295,1.2000000476837158,5.199999809265137,nan,4.831237632174634e-08,4.752999416268722e-08,4.752999416268722e-08,-7.823821590591251e-10,4.831237632174634e-08,4.752999416268722e-08,-7.823821590591251e-10,nan,0.5350057780742645,9.0,1.4194929599761963,193.27084350585938,0.026750288903713226,random-binary-solver-y,"gaussian,matern,highpass,bandpass,mixed","1.2,2.2,3.2,4.2,5.2",3.200000286102295,1.2000000476837158,5.199999809265137,0.035,0.3,0.16397644579410553,0.037482425570487976,0.2931486666202545,0.005,0.05,0.026750288903713226,0.026750288903713226,0.026750288903713226,0.7988354389866194,0.9999999813735485,0.0,5,17,18,19,22,20,0.0,0.016293874010443687,0.016293874010443687,0.0
darcy,16,63,252,3,96,96,96,24,4,random-binary-solver-y,0,96,96,1.0,0.7875,5.185780604932688e-08,5.185780604932688e-08,solver,solver(a_random).detach(),2.189515573972999e-05,8.281931977193484e-05,2.189515573972999e-05,0.233910488022957,0.7320791400270537,48.914643163909204,0.233910488022957,0.49816865200409666,0.0024365675835724687,410.4134056211201,0.49816865200409666,0.00518925679170934,0.007645313729274979,130.79907972525177,0.10011136675893795,0.733950118010398,3627.15380859375,6848.0,5073.84228515625,solver(a_random).detach() after random binary flips,random-binary-solver-y,random binary source perturbation; no adversarial gradient is used,1,0,False,solver(a_random).detach(),random_binary_source,random-binary-solver-y,0,0.02702854573726654,0.0070588234812021255,0.04885813221335411,3.2520835399627686,1.2000000476837158,5.199999809265137,nan,5.979050854421075e-08,5.2438167585933115e-08,5.2438167585933115e-08,-7.352340958277637e-09,5.979050854421075e-08,5.2438167585933115e-08,-7.352340958277637e-09,nan,0.5405709519982338,9.0,1.4443334341049194,195.28125,0.02702854759991169,random-binary-solver-y,"gaussian,matern,highpass,bandpass,mixed","1.2,2.2,3.2,4.2,5.2",3.2520835399627686,1.2000000476837158,5.199999809265137,0.035,0.3,0.1620350331068039,0.03526931628584862,0.2991809844970703,0.005,0.05,0.02702854759991169,0.02702854759991169,0.02702854759991169,0.7995209159950415,0.9999999838570753,0.0,5,22,22,17,17,18,0.0,0.016001537442207336,0.016001537442207336,0.0
darcy,16,64,256,4,96,96,96,24,4,random-binary-solver-y,0,96,96,1.0,0.8,6.119148121541684e-08,6.119148121541684e-08,solver,solver(a_random).detach(),2.9445035716161267e-05,5.108792384628437e-05,2.9445035716161267e-05,0.23710633302107453,0.7361004760605283,49.65074363996973,0.23710633302107453,0.4989941430394538,0.002469857635636193,404.8816359176172,0.4989941430394538,0.005197855656660977,0.007689069781311749,130.05474373902754,0.10030025402375031,0.7381506990059279,3627.15380859375,6848.0,5073.84228515625,solver(a_random).detach() after random binary flips,random-binary-solver-y,random binary source perturbation; no adversarial gradient is used,1,0,False,solver(a_random).detach(),random_binary_source,random-binary-solver-y,0,0.029753459617495537,0.005121107213199139,0.04996539652347565,3.200000286102295,1.2000000476837158,5.199999809265137,nan,6.519230311141655e-08,6.102249727746312e-08,6.102249727746312e-08,-4.169805833953433e-09,6.519230311141655e-08,6.102249727746312e-08,-4.169805833953433e-09,nan,0.5950691923499107,9.0,1.5084359645843506,214.96875,0.029753459617495537,random-binary-solver-y,"gaussian,matern,highpass,bandpass,mixed","1.2,2.2,3.2,4.2,5.2",3.200000286102295,1.2000000476837158,5.199999809265137,0.035,0.3,0.17971032857894897,0.0354655459523201,0.29510262608528137,0.005,0.05,0.029753459617495537,0.029753459617495537,0.029753459617495537,0.8001596281925837,0.9999999844779571,0.0,5,17,17,24,19,19,0.0,0.01700238510966301,0.01700238510966301,0.0
darcy,17,65,260,1,96,96,96,24,4,random-binary-solver-y,0,96,96,1.0,0.8125,5.2126048366574196e-08,5.2126048366574196e-08,solver,solver(a_random).detach(),0.00014682896982385309,8.877158372236745e-05,0.00014682896982385309,0.3115100570139475,0.8104164570104331,50.461160096980166,0.3115100570139475,0.49890639999648556,0.00324489642722862,308.1762461226146,0.49890639999648556,0.005196941666630058,0.008460283093882026,118.19935443095758,0.10014439075894188,0.8121871770126745,3627.15380859375,6848.0,5073.84228515625,solver(a_random).detach() after random binary flips,random-binary-solver-y,random binary source perturbation; no adversarial gradient is used,1,0,False,solver(a_random).detach(),random_binary_source,random-binary-solver-y,0,0.02916090004146099,0.005674740299582481,0.04968858137726784,3.1583335399627686,1.2000000476837158,5.199999809265137,nan,5.8331387720045313e-08,5.157505356123693e-08,5.157505356123693e-08,-6.756334158808386e-09,5.8331387720045313e-08,5.157505356123693e-08,-6.756334158808386e-09,nan,0.5832180008292198,9.0,1.4888604879379272,210.6875,0.02916090004146099,random-binary-solver-y,"gaussian,matern,highpass,bandpass,mixed","1.2,2.2,3.2,4.2,5.2",3.1583335399627686,1.2000000476837158,5.199999809265137,0.035,0.3,0.16808032989501953,0.03948453068733215,0.2984473705291748,0.005,0.05,0.02916090004146099,0.02916090004146099,0.02916090004146099,0.7985772024840117,0.9999999819944302,0.0,5,20,25,16,18,17,0.0,0.016023965552449226,0.016023965552449226,0.0
darcy,17,66,264,2,96,96,96,24,4,random-binary-solver-y,0,96,96,1.0,0.825,5.807309655381232e-08,5.807309655381232e-08,solver,solver(a_random).detach(),9.924678248793369e-05,6.193143255086279e-05,9.924678248793369e-05,0.23406299098860472,0.7326154579641297,51.193775554944295,0.23406299098860472,0.498552466975525,0.002438156156131299,410.14600212757995,0.498552466975525,0.005193254864328385,0.007650820166721435,130.7049411969808,0.10009264326072298,0.7344787360052578,3627.15380859375,6848.0,5073.84228515625,solver(a_random).detach() after random binary flips,random-binary-solver-y,random binary source perturbation; no adversarial gradient is used,1,0,False,solver(a_random).detach(),random_binary_source,random-binary-solver-y,0,0.0313408300280571,0.005121107213199139,0.04996539652347565,2.991666793823242,1.2000000476837158,5.199999809265137,nan,6.262315821459197e-08,5.7215419957401537e-08,5.7215419957401537e-08,-5.407738257190431e-09,6.262315821459197e-08,5.7215419957401537e-08,-5.407738257190431e-09,nan,0.626816600561142,9.0,1.5539476871490479,226.4375,0.0313408300280571,random-binary-solver-y,"gaussian,matern,highpass,bandpass,mixed","1.2,2.2,3.2,4.2,5.2",2.991666793823242,1.2000000476837158,5.199999809265137,0.035,0.3,0.17319127917289734,0.039315707981586456,0.29950541257858276,0.005,0.05,0.0313408300280571,0.0313408300280571,0.0313408300280571,0.7982101117571195,0.9999999819944302,0.0,5,22,19,22,8,25,0.0,0.016737891361117363,0.016737891361117363,0.0
darcy,17,67,268,3,96,96,96,24,4,random-binary-solver-y,0,96,96,1.0,0.8375,5.2110827652995795e-08,5.2110827652995795e-08,solver,solver(a_random).detach(),0.00015818406029256414,0.00015874469888016665,0.00015818406029256414,0.234940248017665,0.733568643045146,51.92734419798944,0.234940248017665,0.498628395027481,0.0024472942501840103,408.61453416351986,0.498628395027481,0.005194045781536261,0.007660828947943325,130.53417675752522,0.10009144074865617,0.7354395790025592,3627.15380859375,6848.0,5073.84228515625,solver(a_random).detach() after random binary flips,random-binary-solver-y,random binary source perturbation; no adversarial gradient is used,1,0,False,solver(a_random).detach(),random_binary_source,random-binary-solver-y,0,0.02721741795539856,0.005259515717625618,0.049550171941518784,3.3458335399627686,1.2000000476837158,5.199999809265137,nan,5.917498313579017e-08,5.072740449918456e-08,5.072740449918456e-08,-8.447578636605613e-09,5.917498313579017e-08,5.072740449918456e-08,-8.447578636605613e-09,nan,0.5443483218550682,9.0,1.441052794456482,196.64584350585938,0.02721741609275341,random-binary-solver-y,"gaussian,matern,highpass,bandpass,mixed","1.2,2.2,3.2,4.2,5.2",3.3458335399627686,1.2000000476837158,5.199999809265137,0.035,0.3,0.1723639965057373,0.03930952772498131,0.29509618878364563,0.005,0.05,0.02721741609275341,0.02721741609275341,0.02721741609275341,0.7981752380728722,0.9999999788900217,0.0,5,15,17,22,20,22,0.0,0.016913248226046562,0.016913248226046562,0.0
darcy,17,68,272,4,96,96,96,24,4,random-binary-solver-y,0,96,96,1.0,0.85,5.7448428236739346e-08,5.7448428236739346e-08,solver,solver(a_random).detach(),0.00016174921189375654,0.00011439489694147583,0.00016174921189375654,0.23471355199581012,0.7348149539902806,52.66215915197972,0.23471355199581012,0.5001014019944705,0.002444932833289689,409.00919092099844,0.5001014019944705,0.0052093896041090675,0.007674631635381957,130.29941338027896,0.10044523800024763,0.7367646369966678,3627.15380859375,6848.0,5073.84228515625,solver(a_random).detach() after random binary flips,random-binary-solver-y,random binary source perturbation; no adversarial gradient is used,1,0,False,solver(a_random).detach(),random_binary_source,random-binary-solver-y,0,0.028017591685056686,0.005536332260817289,0.04982699081301689,3.304166793823242,1.2000000476837158,5.199999809265137,nan,6.124476215063623e-08,5.640534084250248e-08,5.640534084250248e-08,-4.839421308133751e-09,6.124476215063623e-08,5.640534084250248e-08,-4.839421308133751e-09,nan,0.5603517964482307,9.0,1.4497294425964355,202.42709350585938,0.028017589822411537,random-binary-solver-y,"gaussian,matern,highpass,bandpass,mixed","1.2,2.2,3.2,4.2,5.2",3.304166793823242,1.2000000476837158,5.199999809265137,0.035,0.3,0.1569845974445343,0.03690909594297409,0.29986870288848877,0.005,0.05,0.028017589822411537,0.028017589822411537,0.028017589822411537,0.7983250288913647,0.9999999770273765,0.0,5,23,20,21,17,15,0.0,0.015624444000422955,0.015624444000422955,0.0
darcy,18,69,276,1,96,96,96,24,4,random-binary-solver-y,0,96,96,1.0,0.8625,5.79954413382211e-08,5.79954413382211e-08,solver,solver(a_random).detach(),0.00011235108337134159,8.474557904782574e-05,0.00011235108337134159,0.3220205780235119,0.8210045300074853,53.48316368198721,0.3220205780235119,0.4989839519839734,0.003354381021078249,298.1175941898678,0.4989839519839734,0.005197749499833056,0.008574789562165583,116.62093777931126,0.10029948399460409,0.8231797979678959,3627.15380859375,6848.0,5073.84228515625,solver(a_random).detach() after random binary flips,random-binary-solver-y,random binary source perturbation; no adversarial gradient is used,1,0,False,solver(a_random).detach(),random_binary_source,random-binary-solver-y,0,0.027393311262130737,0.005121107213199139,0.04982699081301689,2.9708335399627686,1.2000000476837158,5.199999809265137,nan,6.894792647926806e-08,5.983531536912778e-08,5.983531536912778e-08,-9.112611110140278e-09,6.894792647926806e-08,5.983531536912778e-08,-9.112611110140278e-09,nan,0.5478661879897118,9.0,1.4356515407562256,197.9166717529297,0.027393309399485588,random-binary-solver-y,"gaussian,matern,highpass,bandpass,mixed","1.2,2.2,3.2,4.2,5.2",2.9708335399627686,1.2000000476837158,5.199999809265137,0.035,0.3,0.17587769031524658,0.03642274811863899,0.2957068681716919,0.005,0.05,0.027393309399485588,0.027393309399485588,0.027393309399485588,0.7981361746788025,0.999999982615312,0.0,5,20,13,20,25,18,0.0,0.01675788126885891,0.01675788126885891,0.0
darcy,18,70,280,2,96,96,96,24,4,random-binary-solver-y,0,96,96,1.0,0.875,5.227724475531659e-08,5.227724475531659e-08,solver,solver(a_random).detach(),0.00014694416941467872,0.0001723611839914267,0.00014694416941467872,0.23489630699623376,0.7334381340187974,54.216601816006005,0.23489630699623376,0.49854182702256367,0.0024468365312107685,408.69097189143645,0.49854182702256367,0.005193144031485038,0.0076629777813650435,130.4975726840572,0.10018558548472356,0.7356458670110442,3627.15380859375,6848.0,5073.84228515625,solver(a_random).detach() after random binary flips,random-binary-solver-y,random binary source perturbation; no adversarial gradient is used,1,0,False,solver(a_random).detach(),random_binary_source,random-binary-solver-y,0,0.027103519067168236,0.004982699174433947,0.04982699081301689,3.179166793823242,1.2000000476837158,5.199999809265137,nan,4.927175467628331e-08,5.2921389936955165e-08,5.2921389936955165e-08,3.6496352606718574e-09,4.927175467628331e-08,5.2921389936955165e-08,3.6496352606718574e-09,nan,0.5420703440904617,9.0,1.425954818725586,195.8229217529297,0.027103517204523087,random-binary-solver-y,"gaussian,matern,highpass,bandpass,mixed","1.2,2.2,3.2,4.2,5.2",3.179166793823242,1.2000000476837158,5.199999809265137,0.035,0.3,0.16851846873760223,0.036584265530109406,0.2986643314361572,0.005,0.05,0.027103517204523087,0.027103517204523087,0.027103517204523087,0.7998200238992771,0.9999999819944302,0.0,5,14,12,27,20,23,0.0,0.017078319564461708,0.017078319564461708,0.0
darcy,18,71,284,3,96,96,96,24,4,random-binary-solver-y,0,96,96,1.0,0.8875,6.325197876577704e-08,6.325197876577704e-08,solver,solver(a_random).detach(),0.00016996045199113073,0.00016565891356170865,0.00016996045199113073,0.2331922670127824,0.7313845220487565,54.94798633805476,0.2331922670127824,0.4981922550359741,0.0024290861147164833,411.6774592475563,0.4981922550359741,0.00518950265662473,0.007648774781046086,130.7398934634646,0.10012029876816086,0.7342823789804243,3627.15380859375,6848.0,5073.84228515625,solver(a_random).detach() after random binary flips,random-binary-solver-y,random binary source perturbation; no adversarial gradient is used,1,0,False,solver(a_random).detach(),random_binary_source,random-binary-solver-y,0,0.028056517243385315,0.006505190394818783,0.04913494735956192,3.200000286102295,1.2000000476837158,5.199999809265137,nan,6.656747331135193e-08,5.878399633729714e-08,5.878399633729714e-08,-7.783476974054793e-09,6.656747331135193e-08,5.878399633729714e-08,-7.783476974054793e-09,nan,0.5611303448677063,9.0,1.4582551717758179,202.70834350585938,0.028056517243385315,random-binary-solver-y,"gaussian,matern,highpass,bandpass,mixed","1.2,2.2,3.2,4.2,5.2",3.200000286102295,1.2000000476837158,5.199999809265137,0.035,0.3,0.1671438068151474,0.03521890565752983,0.2994610667228699,0.005,0.05,0.028056517243385315,0.028056517243385315,0.028056517243385315,0.7997282656530539,0.9999999832361937,0.0,5,15,22,19,22,18,0.0,0.015666622668504715,0.015666622668504715,0.0
darcy,18,72,288,4,96,96,96,24,4,random-binary-solver-y,0,96,96,1.0,0.9,5.897657295861336e-08,5.897657295861336e-08,solver,solver(a_random).detach(),0.0002732163249786747,0.0002009739111716014,0.0002732163249786747,0.2330104360007681,0.7320783209870569,55.68006465904182,0.2330104360007681,0.49906788498628885,0.0024271920416746675,411.9987140819888,0.49906788498628885,0.005198623801940509,0.007646115468863475,130.78536468252432,0.10020632324449252,0.7340270850108936,3627.15380859375,6848.0,5073.84228515625,solver(a_random).detach() after random binary flips,random-binary-solver-y,random binary source perturbation; no adversarial gradient is used,1,0,False,solver(a_random).detach(),random_binary_source,random-binary-solver-y,0,0.0268641859292984,0.005121107213199139,0.04830449819564819,3.397916793823242,1.2000000476837158,5.199999809265137,nan,6.733039015216491e-08,5.8101928601672626e-08,5.8101928601672626e-08,-9.228461550492284e-09,6.733039015216491e-08,5.8101928601672626e-08,-9.228461550492284e-09,nan,0.537283718585968,9.0,1.4195832014083862,194.09375,0.0268641859292984,random-binary-solver-y,"gaussian,matern,highpass,bandpass,mixed","1.2,2.2,3.2,4.2,5.2",3.397916793823242,1.2000000476837158,5.199999809265137,0.035,0.3,0.17075300216674805,0.03905243054032326,0.2997727692127228,0.005,0.05,0.0268641859292984,0.0268641859292984,0.0268641859292984,0.8002762657900652,0.9999999882032474,0.0,5,26,19,18,17,16,0.0,0.016073694452643394,0.016073694452643394,0.0
darcy,19,73,292,1,96,96,96,24,4,random-binary-solver-y,0,96,96,1.0,0.9125,4.797485608776242e-08,4.797485608776242e-08,solver,solver(a_random).detach(),5.0141210116327054e-05,7.042044323241208e-05,5.0141210116327054e-05,0.31128593801986426,0.8110885870410129,56.49115324608283,0.31128593801986426,0.4998026490211487,0.003242561854373586,308.39812620727474,0.4998026490211487,0.005206277593970299,0.008467020562723823,118.10529956694734,0.10038626950699836,0.8128339740214869,3627.15380859375,6848.0,5073.84228515625,solver(a_random).detach() after random binary flips,random-binary-solver-y,random binary source perturbation; no adversarial gradient is used,1,0,False,solver(a_random).detach(),random_binary_source,random-binary-solver-y,0,0.028813436627388,0.005259515717625618,0.04968858137726784,2.991666793823242,1.2000000476837158,5.199999809265137,nan,4.6673971354493915e-08,4.7766526733994397e-08,4.7766526733994397e-08,1.0925553795004816e-09,4.6673971354493915e-08,4.7766526733994397e-08,1.0925553795004816e-09,nan,0.57626873254776,9.0,1.4840431213378906,208.17709350585938,0.028813436627388,random-binary-solver-y,"gaussian,matern,highpass,bandpass,mixed","1.2,2.2,3.2,4.2,5.2",2.991666793823242,1.2000000476837158,5.199999809265137,0.035,0.3,0.164155974984169,0.0358746200799942,0.29662463068962097,0.005,0.05,0.028813436627388,0.028813436627388,0.028813436627388,0.7980449224511782,0.9999999757856131,0.0,5,21,14,18,21,22,0.0,0.01633867435157299,0.01633867435157299,0.0
darcy,19,74,296,2,96,96,96,24,4,random-binary-solver-y,0,96,96,1.0,0.925,6.743500691186455e-08,6.743500691186455e-08,solver,solver(a_random).detach(),0.00028007684810318813,8.881163930657242e-05,0.00028007684810318813,0.23335843702079728,0.7331284090178087,57.22428165510064,0.23335843702079728,0.49976997199701145,0.0024308170522999717,411.38431172918905,0.49976997199701145,0.005205937208302203,0.007658211219071139,130.5787959347104,0.10035366824013181,0.7351882770308293,3627.15380859375,6848.0,5073.84228515625,solver(a_random).detach() after random binary flips,random-binary-solver-y,random binary source perturbation; no adversarial gradient is used,1,0,False,solver(a_random).detach(),random_binary_source,random-binary-solver-y,0,0.027502885088324547,0.005813148804008961,0.04968858137726784,3.210416793823242,1.2000000476837158,5.199999809265137,nan,7.497708764958588e-08,6.62097860981703e-08,6.62097860981703e-08,-8.767301551415585e-09,7.497708764958588e-08,6.62097860981703e-08,-8.767301551415585e-09,nan,0.550057664513588,9.0,1.4342501163482666,198.70834350585938,0.027502883225679398,random-binary-solver-y,"gaussian,matern,highpass,bandpass,mixed","1.2,2.2,3.2,4.2,5.2",3.210416793823242,1.2000000476837158,5.199999809265137,0.035,0.3,0.16672667860984802,0.035017360001802444,0.29375243186950684,0.005,0.05,0.027502883225679398,0.027502883225679398,0.027502883225679398,0.8011016752570868,0.9999999882032474,0.0,5,16,23,18,20,19,0.0,0.015523369424045086,0.015523369424045086,0.0
darcy,19,75,300,3,96,96,96,24,4,random-binary-solver-y,0,96,96,1.0,0.9375,5.4899007118081045e-08,5.4899007118081045e-08,solver,solver(a_random).detach(),0.00022527872420176267,0.00015570802231082507,0.00022527872420176267,0.23530832096002996,0.7344247529399581,57.9587064080406,0.23530832096002996,0.49911643197992817,0.0024511283433336453,407.9753729418978,0.49911643197992817,0.005199129499790918,0.0076708223332389025,130.36411958947866,0.10018364975985605,0.7363989439909346,3627.15380859375,6848.0,5073.84228515625,solver(a_random).detach() after random binary flips,random-binary-solver-y,random binary source perturbation; no adversarial gradient is used,1,0,False,solver(a_random).detach(),random_binary_source,random-binary-solver-y,0,0.026802193373441696,0.005259515717625618,0.04968858137726784,3.168750286102295,1.2000000476837158,5.199999809265137,nan,5.19219085504119e-08,5.5531650389184506e-08,5.5531650389184506e-08,3.6097418387726066e-09,5.19219085504119e-08,5.5531650389184506e-08,3.6097418387726066e-09,nan,0.5360438302159309,9.0,1.4268549680709839,193.64584350585938,0.026802191510796547,random-binary-solver-y,"gaussian,matern,highpass,bandpass,mixed","1.2,2.2,3.2,4.2,5.2",3.168750286102295,1.2000000476837158,5.199999809265137,0.035,0.3,0.16369181871414185,0.04177685081958771,0.2990918457508087,0.005,0.05,0.026802191510796547,0.026802191510796547,0.026802191510796547,0.7981929325809082,0.9999999782691399,0.0,5,18,15,25,22,16,0.0,0.01718774624168873,0.01718774624168873,0.0
darcy,19,76,304,4,96,96,96,24,4,random-binary-solver-y,0,96,96,1.0,0.95,5.584401829850094e-08,5.584401829850094e-08,solver,solver(a_random).detach(),0.00022185148696289616,0.00015979409461307093,0.00022185148696289616,0.2350999900372699,0.7333081450778991,58.6920145531185,0.2350999900372699,0.4982081550406292,0.002448958229554895,408.33689522820197,0.4982081550406292,0.005189668281673221,0.007658547448348448,130.5730632008617,0.10011051449691877,0.735220555041451,3627.15380859375,6848.0,5073.84228515625,solver(a_random).detach() after random binary flips,random-binary-solver-y,random binary source perturbation; no adversarial gradient is used,1,0,False,solver(a_random).detach(),random_binary_source,random-binary-solver-y,0,0.02771049737930298,0.005674740299582481,0.04996539652347565,3.387500286102295,1.2000000476837158,5.199999809265137,nan,5.6535807146929073e-08,5.319448703744456e-08,5.319448703744456e-08,-3.3413201094845135e-09,5.6535807146929073e-08,5.319448703744456e-08,-3.3413201094845135e-09,nan,0.5542099103331566,9.0,1.4514707326889038,200.20834350585938,0.02771049551665783,random-binary-solver-y,"gaussian,matern,highpass,bandpass,mixed","1.2,2.2,3.2,4.2,5.2",3.387500286102295,1.2000000476837158,5.199999809265137,0.035,0.3,0.15385353565216064,0.03500992804765701,0.29794201254844666,0.005,0.05,0.02771049551665783,0.02771049551665783,0.02771049551665783,0.7995525269458691,0.9999999844779571,0.0,5,20,15,18,23,20,0.0,0.016621144488453865,0.016621144488453865,0.0
darcy,20,77,308,1,96,96,96,24,4,random-binary-solver-y,0,96,96,1.0,0.9625,5.820563497849207e-08,5.820563497849207e-08,solver,solver(a_random).detach(),7.925688049166771e-05,0.00014354490334297438,7.925688049166771e-05,0.3154555960209109,0.8137171230046079,59.505731676123105,0.3154555960209109,0.49826152698369697,0.0032859957918844884,304.3217530800638,0.49826152698369697,0.00519022423941351,0.008494992020738815,117.71641427781226,0.10013068099215161,0.8155192339909263,3627.15380859375,6848.0,5073.84228515625,solver(a_random).detach() after random binary flips,random-binary-solver-y,random binary source perturbation; no adversarial gradient is used,1,0,False,solver(a_random).detach(),random_binary_source,random-binary-solver-y,0,0.028693770989775658,0.005121107213199139,0.04982699081301689,3.137500286102295,1.2000000476837158,5.199999809265137,nan,5.6681052740259474e-08,5.325808416500877e-08,5.325808416500877e-08,-3.4229685752507066e-09,5.6681052740259474e-08,5.325808416500877e-08,-3.4229685752507066e-09,nan,0.5738754197955132,9.0,1.4729053974151611,207.3125,0.028693770989775658,random-binary-solver-y,"gaussian,matern,highpass,bandpass,mixed","1.2,2.2,3.2,4.2,5.2",3.137500286102295,1.2000000476837158,5.199999809265137,0.035,0.3,0.16609127819538116,0.037447988986968994,0.29851454496383667,0.005,0.05,0.028693770989775658,0.028693770989775658,0.028693770989775658,0.7982005154093107,0.9999999745438496,0.0,5,18,19,17,21,21,0.0,0.016468636691570282,0.016468636691570282,0.0
darcy,20,78,312,2,96,96,96,24,4,random-binary-solver-y,0,96,96,1.0,0.975,5.676083514316588e-08,5.676083514316588e-08,solver,solver(a_random).detach(),0.00020334198269929832,0.00020217402983549655,0.00020334198269929832,0.23340587795246392,0.7311788999359123,60.23691057605902,0.23340587795246392,0.4977730219834484,0.002431311228671499,411.30069577575773,0.4977730219834484,0.005185135645660921,0.0076374926150795846,130.93302349328422,0.10002918551617768,0.7331992910476401,3627.15380859375,6848.0,5073.84228515625,solver(a_random).detach() after random binary flips,random-binary-solver-y,random binary source perturbation; no adversarial gradient is used,1,0,False,solver(a_random).detach(),random_binary_source,random-binary-solver-y,0,0.02824106439948082,0.004982699174433947,0.04996539652347565,3.304166793823242,1.2000000476837158,5.199999809265137,nan,7.509867572252915e-08,6.054147405620824e-08,6.054147405620824e-08,-1.4557201666320907e-08,7.509867572252915e-08,6.054147405620824e-08,-1.4557201666320907e-08,nan,0.5648212134838104,9.0,1.4619102478027344,204.0416717529297,0.02824106067419052,random-binary-solver-y,"gaussian,matern,highpass,bandpass,mixed","1.2,2.2,3.2,4.2,5.2",3.304166793823242,1.2000000476837158,5.199999809265137,0.035,0.3,0.1642918884754181,0.035084083676338196,0.29831331968307495,0.005,0.05,0.02824106067419052,0.02824106067419052,0.02824106067419052,0.7982856413970391,0.9999999757856131,0.0,5,18,13,28,18,19,0.0,0.015301761217415333,0.015301761217415333,0.0
darcy,20,79,316,3,96,96,96,24,4,random-binary-solver-y,0,96,96,1.0,0.9875,7.211868435774704e-08,7.211868435774704e-08,solver,solver(a_random).detach(),0.00011467074622483007,0.00019873792460132984,0.00011467074622483007,0.23288798402063549,0.7316939299926162,60.96860450605163,0.23288798402063549,0.4988059459719807,0.002425916500214953,412.2153420826286,0.4988059459719807,0.005195895270541466,0.00764297353149838,130.83912902207229,0.10014374325692188,0.7337254590238445,3627.15380859375,6848.0,5073.84228515625,solver(a_random).detach() after random binary flips,random-binary-solver-y,random binary source perturbation; no adversarial gradient is used,1,0,False,solver(a_random).detach(),random_binary_source,random-binary-solver-y,0,0.02999855950474739,0.004982699174433947,0.04968858137726784,2.9083335399627686,1.2000000476837158,5.199999809265137,nan,7.171747995471378e-08,7.70798038729481e-08,7.70798038729481e-08,5.362323918234324e-09,7.171747995471378e-08,7.70798038729481e-08,5.362323918234324e-09,nan,0.5999711528420448,9.0,1.5101531744003296,216.73959350585938,0.02999855764210224,random-binary-solver-y,"gaussian,matern,highpass,bandpass,mixed","1.2,2.2,3.2,4.2,5.2",2.9083335399627686,1.2000000476837158,5.199999809265137,0.035,0.3,0.17743974924087524,0.043306075036525726,0.2970779836177826,0.005,0.05,0.02999855764210224,0.02999855764210224,0.02999855764210224,0.7996689906964699,0.9999999751647314,0.0,5,16,21,24,21,14,0.0,0.016235724091529846,0.016235724091529846,0.0
darcy,20,80,320,4,96,96,96,24,4,random-binary-solver-y,0,96,96,1.0,1.0,4.9059226014946944e-08,4.9059226014946944e-08,solver,solver(a_random).detach(),0.00022817867774743955,0.00015242222688622618,0.00022817867774743955,0.23278094100533053,0.731599732011091,61.700204238062724,0.23278094100533053,0.49881879100576043,0.0024248014688055264,412.4048970048697,0.49881879100576043,0.005196029072976671,0.007643791968803271,130.82511979411734,0.1001568597566802,0.733804029005114,3627.15380859375,6848.0,5073.84228515625,solver(a_random).detach() after random binary flips,random-binary-solver-y,random binary source perturbation; no adversarial gradient is used,1,0,False,solver(a_random).detach(),random_binary_source,random-binary-solver-y,0,0.029625145718455315,0.00595155730843544,0.04996539652347565,3.293750286102295,1.2000000476837158,5.199999809265137,nan,5.735739705414744e-08,4.8996138701795644e-08,4.8996138701795644e-08,-8.361258352351797e-09,5.735739705414744e-08,4.8996138701795644e-08,-8.361258352351797e-09,nan,0.5925028771162033,9.0,1.510046362876892,214.0416717529297,0.029625143855810165,random-binary-solver-y,"gaussian,matern,highpass,bandpass,mixed","1.2,2.2,3.2,4.2,5.2",3.293750286102295,1.2000000476837158,5.199999809265137,0.035,0.3,0.16406360268592834,0.0370812751352787,0.2997240424156189,0.005,0.05,0.029625143855810165,0.029625143855810165,0.029625143855810165,0.7977838174750408,0.999999986961484,0.0,5,23,15,15,26,17,0.0,0.015416666865348816,0.015416666865348816,0.0
