c0901a-s5.ufhpc
Sat Aug 23 09:34:13 PM EDT 2025
/blue/shiboli.fsu/yifeisun.umich/adversarial_robustness_FNO

======================================== 环境诊断 ========================================

[PyTorch]
Version: 2.7.0+cu128
CUDA Available: True
CUDA Version: 12.8
cuDNN Version: 90800
Current Device: 0
Device Name: NVIDIA B200
Device Memory: 178.36 GB

[JAX]
JAX Version: 0.6.0
JAXlib Version: 0.6.0
JAX Backend: gpu
JAX Devices Error: module 'jax.lib.xla_bridge' has no attribute 'devices'

[CUDA/cuDNN System Info]
nvcc not found

[GPU Details]
Device 0: NVIDIA B200
  Compute Capability: 10.0
  Total Memory: 178.36 GB
  Multiprocessors: 148
GPU Details Error: 'torch._C._CudaDeviceProperties' object has no attribute 'max_threads_per_block'

[Compatibility Warnings]
======================================== 诊断结束 ========================================

input_list: [{'norm': 2, 'epsilon': 39.3216, 'alpha': 5.0, 'num_steps': 100}, {'norm': 2, 'epsilon': 78.6432, 'alpha': 5.0, 'num_steps': 100}, {'norm': 2, 'epsilon': 13.1072, 'alpha': 10.0, 'num_steps': 100}, {'norm': 2, 'epsilon': 39.3216, 'alpha': 10.0, 'num_steps': 100}, {'norm': 2, 'epsilon': 78.6432, 'alpha': 10.0, 'num_steps': 100}, {'norm': 2, 'epsilon': 13.1072, 'alpha': 50.0, 'num_steps': 100}, {'norm': 2, 'epsilon': 39.3216, 'alpha': 50.0, 'num_steps': 100}, {'norm': 2, 'epsilon': 78.6432, 'alpha': 50.0, 'num_steps': 100}]
detached1to9
[1, 2, 3, 4, 5, 6, 7, 8, 9]
================================================================================
norm: 2, epsilon: 39.3216, alpha: 5.0, num_steps: 100, index: 1, method: adam, detach: detached1to9, b1: 0.9, b2: 0.999, adam_eps: 1e-08, sign_Linf: True, amsgrad: False

[Step 0] ============ 详细性能分析 ============
[模型部分] 总时间: 37.907676s | 显存: 4.12 GB

[0-9秒 PDE求解详细性能]

[19秒 PDE求解]
  t=19s - 时间: 17.380452s | 显存: 0.00 B

[PDE求解部分] 总时间: 17.380452s | 显存: 0.00 B

[本步骤总计] 时间: 55.288128s | 显存: 4.12 GB
orginal_loss:  tensor(3644.5620, device='cuda:0', grad_fn=<MseLossBackward0>)
[Step 0] Backward Propagation - Time: 7.8954s, Mem: -4405469184.00 B
[Step 0] PGD Update - Time: 1.1672s, Mem: 1.75 MB

[Step 0] 完整步骤总时间: 52.207917s | 总显存: 21.77 MB
[Step 0] 峰值显存: 6.22 GB

[Step 1] ============ 详细性能分析 ============
[模型部分] 总时间: 1.891998s | 显存: 4.12 GB

[0-9秒 PDE求解详细性能]

[19秒 PDE求解]
  t=19s - 时间: 1.872604s | 显存: 0.00 B

[PDE求解部分] 总时间: 1.872604s | 显存: 0.00 B

[本步骤总计] 时间: 3.764602s | 显存: 4.12 GB
orginal_loss:  tensor(6399.9941, device='cuda:0', grad_fn=<MseLossBackward0>)
[Step 1] Backward Propagation - Time: 3.9932s, Mem: -4414169088.00 B
[Step 1] PGD Update - Time: 0.0017s, Mem: 0.00 B

[Step 1] 完整步骤总时间: 5.948087s | 总显存: -524288.00 B
[Step 1] 峰值显存: 6.23 GB

[Step 2] ============ 详细性能分析 ============
[模型部分] 总时间: 1.909416s | 显存: 4.12 GB

[0-9秒 PDE求解详细性能]

[19秒 PDE求解]
  t=19s - 时间: 1.890187s | 显存: 0.00 B

[PDE求解部分] 总时间: 1.890187s | 显存: 0.00 B

[本步骤总计] 时间: 3.799602s | 显存: 4.12 GB
orginal_loss:  tensor(6831.0103, device='cuda:0', grad_fn=<MseLossBackward0>)
[Step 2] Backward Propagation - Time: 4.0326s, Mem: -4416012288.00 B
[Step 2] PGD Update - Time: 0.0017s, Mem: 0.00 B

[Step 2] 完整步骤总时间: 5.945851s | 总显存: 0.00 B
[Step 2] 峰值显存: 6.23 GB

[Step 3] ============ 详细性能分析 ============
[模型部分] 总时间: 1.891655s | 显存: 4.12 GB

[0-9秒 PDE求解详细性能]

[19秒 PDE求解]
  t=19s - 时间: 1.872417s | 显存: 0.00 B

[PDE求解部分] 总时间: 1.872417s | 显存: 0.00 B

[本步骤总计] 时间: 3.764072s | 显存: 4.12 GB
orginal_loss:  tensor(6885.1914, device='cuda:0', grad_fn=<MseLossBackward0>)
[Step 3] Backward Propagation - Time: 3.9496s, Mem: -4416012288.00 B
[Step 3] PGD Update - Time: 0.0016s, Mem: 0.00 B

[Step 3] 完整步骤总时间: 5.845105s | 总显存: 0.00 B
[Step 3] 峰值显存: 6.23 GB

[Step 4] ============ 详细性能分析 ============
[模型部分] 总时间: 1.866242s | 显存: 4.12 GB

[0-9秒 PDE求解详细性能]

[19秒 PDE求解]
  t=19s - 时间: 1.847064s | 显存: 0.00 B

[PDE求解部分] 总时间: 1.847064s | 显存: 0.00 B

[本步骤总计] 时间: 3.713306s | 显存: 4.12 GB
orginal_loss:  tensor(9294.9277, device='cuda:0', grad_fn=<MseLossBackward0>)
[Step 4] Backward Propagation - Time: 4.0014s, Mem: -4416012288.00 B
[Step 4] PGD Update - Time: 0.0017s, Mem: 0.00 B

[Step 4] 完整步骤总时间: 5.871441s | 总显存: 0.00 B
[Step 4] 峰值显存: 6.23 GB

[Step 5] ============ 详细性能分析 ============
[模型部分] 总时间: 1.894374s | 显存: 4.12 GB

[0-9秒 PDE求解详细性能]

[19秒 PDE求解]
  t=19s - 时间: 1.875204s | 显存: 0.00 B

[PDE求解部分] 总时间: 1.875204s | 显存: 0.00 B

[本步骤总计] 时间: 3.769579s | 显存: 4.12 GB
orginal_loss:  tensor(9860.5332, device='cuda:0', grad_fn=<MseLossBackward0>)
[Step 5] Backward Propagation - Time: 3.9848s, Mem: -4416012288.00 B
[Step 5] PGD Update - Time: 0.0016s, Mem: 0.00 B

[Step 5] 完整步骤总时间: 5.882984s | 总显存: 0.00 B
[Step 5] 峰值显存: 6.23 GB

[Step 6] ============ 详细性能分析 ============
[模型部分] 总时间: 1.871205s | 显存: 4.12 GB

[0-9秒 PDE求解详细性能]

[19秒 PDE求解]
  t=19s - 时间: 1.852029s | 显存: 0.00 B

[PDE求解部分] 总时间: 1.852029s | 显存: 0.00 B

[本步骤总计] 时间: 3.723234s | 显存: 4.12 GB
orginal_loss:  tensor(9766.9424, device='cuda:0', grad_fn=<MseLossBackward0>)
[Step 6] Backward Propagation - Time: 3.9937s, Mem: -4416012288.00 B
[Step 6] PGD Update - Time: 0.0016s, Mem: 0.00 B

[Step 6] 完整步骤总时间: 5.868745s | 总显存: 0.00 B
[Step 6] 峰值显存: 6.23 GB

[Step 7] ============ 详细性能分析 ============
[模型部分] 总时间: 1.982083s | 显存: 4.12 GB

[0-9秒 PDE求解详细性能]

[19秒 PDE求解]
  t=19s - 时间: 1.962886s | 显存: 0.00 B

[PDE求解部分] 总时间: 1.962886s | 显存: 0.00 B

[本步骤总计] 时间: 3.944968s | 显存: 4.12 GB
orginal_loss:  tensor(12259.1953, device='cuda:0', grad_fn=<MseLossBackward0>)
[Step 7] Backward Propagation - Time: 3.9463s, Mem: -4416012288.00 B
[Step 7] PGD Update - Time: 0.0016s, Mem: 0.00 B

[Step 7] 完整步骤总时间: 5.932097s | 总显存: 0.00 B
[Step 7] 峰值显存: 6.23 GB

[Step 8] ============ 详细性能分析 ============
[模型部分] 总时间: 1.873363s | 显存: 4.12 GB

[0-9秒 PDE求解详细性能]

[19秒 PDE求解]
  t=19s - 时间: 1.854132s | 显存: 0.00 B

[PDE求解部分] 总时间: 1.854132s | 显存: 0.00 B

[本步骤总计] 时间: 3.727495s | 显存: 4.12 GB
orginal_loss:  tensor(14991.7109, device='cuda:0', grad_fn=<MseLossBackward0>)
[Step 8] Backward Propagation - Time: 3.9650s, Mem: -4416012288.00 B
[Step 8] PGD Update - Time: 0.0042s, Mem: 0.00 B

[Step 8] 完整步骤总时间: 5.844824s | 总显存: 0.00 B
[Step 8] 峰值显存: 6.23 GB

[Step 9] ============ 详细性能分析 ============
[模型部分] 总时间: 1.916558s | 显存: 4.12 GB

[0-9秒 PDE求解详细性能]

[19秒 PDE求解]
  t=19s - 时间: 1.897103s | 显存: 0.00 B

[PDE求解部分] 总时间: 1.897103s | 显存: 0.00 B

[本步骤总计] 时间: 3.813660s | 显存: 4.12 GB
orginal_loss:  tensor(16348.2783, device='cuda:0', grad_fn=<MseLossBackward0>)
[Step 9] Backward Propagation - Time: 3.9076s, Mem: -4416012288.00 B
[Step 9] PGD Update - Time: 0.0017s, Mem: 0.00 B

[Step 9] 完整步骤总时间: 5.828286s | 总显存: 0.00 B
[Step 9] 峰值显存: 6.23 GB

[Step 10] ============ 详细性能分析 ============
[模型部分] 总时间: 1.899073s | 显存: 4.12 GB

[0-9秒 PDE求解详细性能]

[19秒 PDE求解]
  t=19s - 时间: 1.879700s | 显存: 0.00 B

[PDE求解部分] 总时间: 1.879700s | 显存: 0.00 B

[本步骤总计] 时间: 3.778773s | 显存: 4.12 GB
orginal_loss:  tensor(17725.0508, device='cuda:0', grad_fn=<MseLossBackward0>)
[Step 10] Backward Propagation - Time: 3.9496s, Mem: -4416012288.00 B
[Step 10] PGD Update - Time: 0.0017s, Mem: 0.00 B

[Step 10] 完整步骤总时间: 5.853180s | 总显存: 0.00 B
[Step 10] 峰值显存: 6.23 GB

[Step 11] ============ 详细性能分析 ============
[模型部分] 总时间: 1.863704s | 显存: 4.12 GB

[0-9秒 PDE求解详细性能]

[19秒 PDE求解]
  t=19s - 时间: 1.844489s | 显存: 0.00 B

[PDE求解部分] 总时间: 1.844489s | 显存: 0.00 B

[本步骤总计] 时间: 3.708194s | 显存: 4.12 GB
orginal_loss:  tensor(18672.0391, device='cuda:0', grad_fn=<MseLossBackward0>)
[Step 11] Backward Propagation - Time: 3.9129s, Mem: -4416012288.00 B
[Step 11] PGD Update - Time: 0.0017s, Mem: 0.00 B

[Step 11] 完整步骤总时间: 5.780512s | 总显存: 0.00 B
[Step 11] 峰值显存: 6.23 GB

[Step 12] ============ 详细性能分析 ============
[模型部分] 总时间: 1.909240s | 显存: 4.12 GB

[0-9秒 PDE求解详细性能]

[19秒 PDE求解]
  t=19s - 时间: 1.889792s | 显存: 0.00 B

[PDE求解部分] 总时间: 1.889792s | 显存: 0.00 B

[本步骤总计] 时间: 3.799031s | 显存: 4.12 GB
orginal_loss:  tensor(19555.2793, device='cuda:0', grad_fn=<MseLossBackward0>)
[Step 12] Backward Propagation - Time: 4.0349s, Mem: -4416012288.00 B
[Step 12] PGD Update - Time: 0.0017s, Mem: 0.00 B

[Step 12] 完整步骤总时间: 5.948200s | 总显存: 0.00 B
[Step 12] 峰值显存: 6.23 GB

[Step 13] ============ 详细性能分析 ============
[模型部分] 总时间: 1.896782s | 显存: 4.12 GB

[0-9秒 PDE求解详细性能]

[19秒 PDE求解]
  t=19s - 时间: 1.877571s | 显存: 0.00 B

[PDE求解部分] 总时间: 1.877571s | 显存: 0.00 B

[本步骤总计] 时间: 3.774353s | 显存: 4.12 GB
orginal_loss:  tensor(20844.0156, device='cuda:0', grad_fn=<MseLossBackward0>)
[Step 13] Backward Propagation - Time: 3.9735s, Mem: -4416012288.00 B
[Step 13] PGD Update - Time: 0.0016s, Mem: 0.00 B

[Step 13] 完整步骤总时间: 5.874007s | 总显存: 0.00 B
[Step 13] 峰值显存: 6.23 GB

[Step 14] ============ 详细性能分析 ============
[模型部分] 总时间: 1.902538s | 显存: 4.12 GB

[0-9秒 PDE求解详细性能]

[19秒 PDE求解]
  t=19s - 时间: 1.883197s | 显存: 0.00 B

[PDE求解部分] 总时间: 1.883197s | 显存: 0.00 B

[本步骤总计] 时间: 3.785735s | 显存: 4.12 GB
orginal_loss:  tensor(21951.0254, device='cuda:0', grad_fn=<MseLossBackward0>)
[Step 14] Backward Propagation - Time: 3.9861s, Mem: -4416012288.00 B
[Step 14] PGD Update - Time: 0.0017s, Mem: 0.00 B

[Step 14] 完整步骤总时间: 5.893096s | 总显存: 0.00 B
[Step 14] 峰值显存: 6.23 GB

[Step 15] ============ 详细性能分析 ============
[模型部分] 总时间: 1.873480s | 显存: 4.12 GB

[0-9秒 PDE求解详细性能]

[19秒 PDE求解]
  t=19s - 时间: 1.854279s | 显存: 0.00 B

[PDE求解部分] 总时间: 1.854279s | 显存: 0.00 B

[本步骤总计] 时间: 3.727759s | 显存: 4.12 GB
orginal_loss:  tensor(22668.6152, device='cuda:0', grad_fn=<MseLossBackward0>)
[Step 15] Backward Propagation - Time: 3.9995s, Mem: -4416012288.00 B
[Step 15] PGD Update - Time: 0.0016s, Mem: 0.00 B

[Step 15] 完整步骤总时间: 5.876806s | 总显存: 0.00 B
[Step 15] 峰值显存: 6.23 GB

[Step 16] ============ 详细性能分析 ============
[模型部分] 总时间: 1.886268s | 显存: 4.12 GB

[0-9秒 PDE求解详细性能]

[19秒 PDE求解]
  t=19s - 时间: 1.866997s | 显存: 0.00 B

[PDE求解部分] 总时间: 1.866997s | 显存: 0.00 B

[本步骤总计] 时间: 3.753265s | 显存: 4.12 GB
orginal_loss:  tensor(23404.9492, device='cuda:0', grad_fn=<MseLossBackward0>)
[Step 16] Backward Propagation - Time: 3.9440s, Mem: -4416012288.00 B
[Step 16] PGD Update - Time: 0.0017s, Mem: 0.00 B

[Step 16] 完整步骤总时间: 5.834975s | 总显存: 0.00 B
[Step 16] 峰值显存: 6.23 GB

[Step 17] ============ 详细性能分析 ============
[模型部分] 总时间: 1.886921s | 显存: 4.12 GB

[0-9秒 PDE求解详细性能]

[19秒 PDE求解]
  t=19s - 时间: 1.867752s | 显存: 0.00 B

[PDE求解部分] 总时间: 1.867752s | 显存: 0.00 B

[本步骤总计] 时间: 3.754674s | 显存: 4.12 GB
orginal_loss:  tensor(24428.1211, device='cuda:0', grad_fn=<MseLossBackward0>)
[Step 17] Backward Propagation - Time: 3.9715s, Mem: -4416012288.00 B
[Step 17] PGD Update - Time: 0.0019s, Mem: 0.00 B

[Step 17] 完整步骤总时间: 5.862609s | 总显存: 0.00 B
[Step 17] 峰值显存: 6.23 GB

[Step 18] ============ 详细性能分析 ============
[模型部分] 总时间: 1.880363s | 显存: 4.12 GB

[0-9秒 PDE求解详细性能]

[19秒 PDE求解]
  t=19s - 时间: 1.860860s | 显存: 0.00 B

[PDE求解部分] 总时间: 1.860860s | 显存: 0.00 B

[本步骤总计] 时间: 3.741223s | 显存: 4.12 GB
orginal_loss:  tensor(25920.3867, device='cuda:0', grad_fn=<MseLossBackward0>)
[Step 18] Backward Propagation - Time: 4.0777s, Mem: -4416012288.00 B
[Step 18] PGD Update - Time: 0.0017s, Mem: 0.00 B

[Step 18] 完整步骤总时间: 5.962154s | 总显存: 0.00 B
[Step 18] 峰值显存: 6.23 GB

[Step 19] ============ 详细性能分析 ============
[模型部分] 总时间: 1.897141s | 显存: 4.12 GB

[0-9秒 PDE求解详细性能]

[19秒 PDE求解]
  t=19s - 时间: 1.877815s | 显存: 0.00 B

[PDE求解部分] 总时间: 1.877815s | 显存: 0.00 B

[本步骤总计] 时间: 3.774956s | 显存: 4.12 GB
orginal_loss:  tensor(27772.6758, device='cuda:0', grad_fn=<MseLossBackward0>)
[Step 19] Backward Propagation - Time: 3.9663s, Mem: -4416012288.00 B
[Step 19] PGD Update - Time: 0.0018s, Mem: 0.00 B

[Step 19] 完整步骤总时间: 5.867673s | 总显存: 0.00 B
[Step 19] 峰值显存: 6.23 GB

[Step 20] ============ 详细性能分析 ============
[模型部分] 总时间: 1.888051s | 显存: 4.12 GB

[0-9秒 PDE求解详细性能]

[19秒 PDE求解]
  t=19s - 时间: 1.868813s | 显存: 0.00 B

[PDE求解部分] 总时间: 1.868813s | 显存: 0.00 B

[本步骤总计] 时间: 3.756864s | 显存: 4.12 GB
orginal_loss:  tensor(29629.3633, device='cuda:0', grad_fn=<MseLossBackward0>)
[Step 20] Backward Propagation - Time: 3.9065s, Mem: -4416012288.00 B
[Step 20] PGD Update - Time: 0.0017s, Mem: 0.00 B

[Step 20] 完整步骤总时间: 5.798728s | 总显存: 0.00 B
[Step 20] 峰值显存: 6.23 GB

[Step 21] ============ 详细性能分析 ============
[模型部分] 总时间: 1.890703s | 显存: 4.12 GB

[0-9秒 PDE求解详细性能]

[19秒 PDE求解]
  t=19s - 时间: 1.871545s | 显存: 0.00 B

[PDE求解部分] 总时间: 1.871545s | 显存: 0.00 B

[本步骤总计] 时间: 3.762248s | 显存: 4.12 GB
orginal_loss:  tensor(31227.2188, device='cuda:0', grad_fn=<MseLossBackward0>)
[Step 21] Backward Propagation - Time: 3.9891s, Mem: -4416012288.00 B
[Step 21] PGD Update - Time: 0.0017s, Mem: 0.00 B

[Step 21] 完整步骤总时间: 5.883602s | 总显存: 0.00 B
[Step 21] 峰值显存: 6.23 GB

[Step 22] ============ 详细性能分析 ============
[模型部分] 总时间: 1.880597s | 显存: 4.12 GB

[0-9秒 PDE求解详细性能]

[19秒 PDE求解]
  t=19s - 时间: 1.861388s | 显存: 0.00 B

[PDE求解部分] 总时间: 1.861388s | 显存: 0.00 B

[本步骤总计] 时间: 3.741985s | 显存: 4.12 GB
orginal_loss:  tensor(32573.4707, device='cuda:0', grad_fn=<MseLossBackward0>)
[Step 22] Backward Propagation - Time: 3.9297s, Mem: -4416012288.00 B
[Step 22] PGD Update - Time: 0.0016s, Mem: 0.00 B

[Step 22] 完整步骤总时间: 5.814072s | 总显存: 0.00 B
[Step 22] 峰值显存: 6.23 GB

[Step 23] ============ 详细性能分析 ============
[模型部分] 总时间: 1.889400s | 显存: 4.12 GB

[0-9秒 PDE求解详细性能]

[19秒 PDE求解]
  t=19s - 时间: 1.870243s | 显存: 0.00 B

[PDE求解部分] 总时间: 1.870243s | 显存: 0.00 B

[本步骤总计] 时间: 3.759642s | 显存: 4.12 GB
orginal_loss:  tensor(33234.0508, device='cuda:0', grad_fn=<MseLossBackward0>)
[Step 23] Backward Propagation - Time: 3.9481s, Mem: -4416012288.00 B
[Step 23] PGD Update - Time: 0.0018s, Mem: 0.00 B

[Step 23] 完整步骤总时间: 5.841456s | 总显存: 0.00 B
[Step 23] 峰值显存: 6.23 GB

[Step 24] ============ 详细性能分析 ============
[模型部分] 总时间: 1.894516s | 显存: 4.12 GB

[0-9秒 PDE求解详细性能]

[19秒 PDE求解]
  t=19s - 时间: 1.875131s | 显存: 0.00 B

[PDE求解部分] 总时间: 1.875131s | 显存: 0.00 B

[本步骤总计] 时间: 3.769647s | 显存: 4.12 GB
orginal_loss:  tensor(32341.8320, device='cuda:0', grad_fn=<MseLossBackward0>)
[Step 24] Backward Propagation - Time: 3.9617s, Mem: -4416012288.00 B
[Step 24] PGD Update - Time: 0.0017s, Mem: 0.00 B

[Step 24] 完整步骤总时间: 5.860345s | 总显存: 0.00 B
[Step 24] 峰值显存: 6.23 GB

[Step 25] ============ 详细性能分析 ============
[模型部分] 总时间: 1.868828s | 显存: 4.12 GB

[0-9秒 PDE求解详细性能]

[19秒 PDE求解]
  t=19s - 时间: 1.849409s | 显存: 0.00 B

[PDE求解部分] 总时间: 1.849409s | 显存: 0.00 B

[本步骤总计] 时间: 3.718237s | 显存: 4.12 GB
orginal_loss:  tensor(28912.3906, device='cuda:0', grad_fn=<MseLossBackward0>)
[Step 25] Backward Propagation - Time: 4.0935s, Mem: -4416012288.00 B
[Step 25] PGD Update - Time: 0.0016s, Mem: 0.00 B

[Step 25] 完整步骤总时间: 5.966257s | 总显存: 0.00 B
[Step 25] 峰值显存: 6.23 GB

[Step 26] ============ 详细性能分析 ============
[模型部分] 总时间: 1.865033s | 显存: 4.12 GB

[0-9秒 PDE求解详细性能]

[19秒 PDE求解]
  t=19s - 时间: 1.845745s | 显存: 0.00 B

[PDE求解部分] 总时间: 1.845745s | 显存: 0.00 B

[本步骤总计] 时间: 3.710778s | 显存: 4.12 GB
orginal_loss:  tensor(23535.0977, device='cuda:0', grad_fn=<MseLossBackward0>)
[Step 26] Backward Propagation - Time: 4.0128s, Mem: -4416012288.00 B
[Step 26] PGD Update - Time: 0.0017s, Mem: 0.00 B

[Step 26] 完整步骤总时间: 5.882401s | 总显存: 0.00 B
[Step 26] 峰值显存: 6.23 GB

[Step 27] ============ 详细性能分析 ============
[模型部分] 总时间: 1.890712s | 显存: 4.12 GB

[0-9秒 PDE求解详细性能]

[19秒 PDE求解]
  t=19s - 时间: 1.871481s | 显存: 0.00 B

[PDE求解部分] 总时间: 1.871481s | 显存: 0.00 B

[本步骤总计] 时间: 3.762193s | 显存: 4.12 GB
orginal_loss:  tensor(18615.5000, device='cuda:0', grad_fn=<MseLossBackward0>)
[Step 27] Backward Propagation - Time: 3.9398s, Mem: -4416012288.00 B
[Step 27] PGD Update - Time: 0.0017s, Mem: 0.00 B

[Step 27] 完整步骤总时间: 5.834559s | 总显存: 0.00 B
[Step 27] 峰值显存: 6.23 GB

[Step 28] ============ 详细性能分析 ============
[模型部分] 总时间: 1.872001s | 显存: 4.12 GB

[0-9秒 PDE求解详细性能]

[19秒 PDE求解]
  t=19s - 时间: 1.852784s | 显存: 0.00 B

[PDE求解部分] 总时间: 1.852784s | 显存: 0.00 B

[本步骤总计] 时间: 3.724785s | 显存: 4.12 GB
orginal_loss:  tensor(15669.3506, device='cuda:0', grad_fn=<MseLossBackward0>)
[Step 28] Backward Propagation - Time: 3.9571s, Mem: -4416012288.00 B
[Step 28] PGD Update - Time: 0.0017s, Mem: 0.00 B

[Step 28] 完整步骤总时间: 5.832991s | 总显存: 0.00 B
[Step 28] 峰值显存: 6.23 GB

[Step 29] ============ 详细性能分析 ============
[模型部分] 总时间: 1.888287s | 显存: 4.12 GB

[0-9秒 PDE求解详细性能]

[19秒 PDE求解]
  t=19s - 时间: 1.869116s | 显存: 0.00 B

[PDE求解部分] 总时间: 1.869116s | 显存: 0.00 B

[本步骤总计] 时间: 3.757402s | 显存: 4.12 GB
orginal_loss:  tensor(15216.6230, device='cuda:0', grad_fn=<MseLossBackward0>)
[Step 29] Backward Propagation - Time: 3.9216s, Mem: -4416012288.00 B
[Step 29] PGD Update - Time: 0.0018s, Mem: 0.00 B

[Step 29] 完整步骤总时间: 5.813912s | 总显存: 0.00 B
[Step 29] 峰值显存: 6.23 GB

[Step 30] ============ 详细性能分析 ============
[模型部分] 总时间: 1.895892s | 显存: 4.12 GB

[0-9秒 PDE求解详细性能]

[19秒 PDE求解]
  t=19s - 时间: 1.876398s | 显存: 0.00 B

[PDE求解部分] 总时间: 1.876398s | 显存: 0.00 B

[本步骤总计] 时间: 3.772289s | 显存: 4.12 GB
orginal_loss:  tensor(16384.0879, device='cuda:0', grad_fn=<MseLossBackward0>)
[Step 30] Backward Propagation - Time: 3.9499s, Mem: -4416012288.00 B
[Step 30] PGD Update - Time: 0.0017s, Mem: 0.00 B

[Step 30] 完整步骤总时间: 5.849921s | 总显存: 0.00 B
[Step 30] 峰值显存: 6.23 GB

[Step 31] ============ 详细性能分析 ============
[模型部分] 总时间: 1.878517s | 显存: 4.12 GB

[0-9秒 PDE求解详细性能]

[19秒 PDE求解]
  t=19s - 时间: 1.859230s | 显存: 0.00 B

[PDE求解部分] 总时间: 1.859230s | 显存: 0.00 B

[本步骤总计] 时间: 3.737748s | 显存: 4.12 GB
orginal_loss:  tensor(16580.6445, device='cuda:0', grad_fn=<MseLossBackward0>)
[Step 31] Backward Propagation - Time: 3.9663s, Mem: -4416012288.00 B
[Step 31] PGD Update - Time: 0.0018s, Mem: 0.00 B

[Step 31] 完整步骤总时间: 5.849098s | 总显存: 0.00 B
[Step 31] 峰值显存: 6.23 GB

[Step 32] ============ 详细性能分析 ============
[模型部分] 总时间: 1.875789s | 显存: 4.12 GB

[0-9秒 PDE求解详细性能]

[19秒 PDE求解]
  t=19s - 时间: 1.856590s | 显存: 0.00 B

[PDE求解部分] 总时间: 1.856590s | 显存: 0.00 B

[本步骤总计] 时间: 3.732379s | 显存: 4.12 GB
orginal_loss:  tensor(17149.5332, device='cuda:0', grad_fn=<MseLossBackward0>)
[Step 32] Backward Propagation - Time: 3.9137s, Mem: -4416012288.00 B
[Step 32] PGD Update - Time: 0.0017s, Mem: 0.00 B

[Step 32] 完整步骤总时间: 5.793490s | 总显存: 0.00 B
[Step 32] 峰值显存: 6.23 GB

[Step 33] ============ 详细性能分析 ============
[模型部分] 总时间: 1.862235s | 显存: 4.12 GB

[0-9秒 PDE求解详细性能]

[19秒 PDE求解]
  t=19s - 时间: 1.843048s | 显存: 0.00 B

[PDE求解部分] 总时间: 1.843048s | 显存: 0.00 B

[本步骤总计] 时间: 3.705283s | 显存: 4.12 GB
orginal_loss:  tensor(18943.5625, device='cuda:0', grad_fn=<MseLossBackward0>)
[Step 33] Backward Propagation - Time: 4.1265s, Mem: -4416012288.00 B
[Step 33] PGD Update - Time: 0.0017s, Mem: 0.00 B

[Step 33] 完整步骤总时间: 5.992737s | 总显存: 0.00 B
[Step 33] 峰值显存: 6.23 GB

[Step 34] ============ 详细性能分析 ============
[模型部分] 总时间: 1.909428s | 显存: 4.12 GB

[0-9秒 PDE求解详细性能]

[19秒 PDE求解]
  t=19s - 时间: 1.890220s | 显存: 0.00 B

[PDE求解部分] 总时间: 1.890220s | 显存: 0.00 B

[本步骤总计] 时间: 3.799647s | 显存: 4.12 GB
orginal_loss:  tensor(21054.1406, device='cuda:0', grad_fn=<MseLossBackward0>)
[Step 34] Backward Propagation - Time: 3.9609s, Mem: -4416012288.00 B
[Step 34] PGD Update - Time: 0.0017s, Mem: 0.00 B

[Step 34] 完整步骤总时间: 5.874235s | 总显存: 0.00 B
[Step 34] 峰值显存: 6.23 GB

[Step 35] ============ 详细性能分析 ============
[模型部分] 总时间: 1.855275s | 显存: 4.12 GB

[0-9秒 PDE求解详细性能]

[19秒 PDE求解]
  t=19s - 时间: 1.836135s | 显存: 0.00 B

[PDE求解部分] 总时间: 1.836135s | 显存: 0.00 B

[本步骤总计] 时间: 3.691410s | 显存: 4.12 GB
orginal_loss:  tensor(22711.5156, device='cuda:0', grad_fn=<MseLossBackward0>)
[Step 35] Backward Propagation - Time: 3.8609s, Mem: -4416012288.00 B
[Step 35] PGD Update - Time: 0.0017s, Mem: 0.00 B

[Step 35] 完整步骤总时间: 5.720066s | 总显存: 0.00 B
[Step 35] 峰值显存: 6.23 GB

[Step 36] ============ 详细性能分析 ============
[模型部分] 总时间: 1.897046s | 显存: 4.12 GB

[0-9秒 PDE求解详细性能]

[19秒 PDE求解]
  t=19s - 时间: 1.877848s | 显存: 0.00 B

[PDE求解部分] 总时间: 1.877848s | 显存: 0.00 B

[本步骤总计] 时间: 3.774894s | 显存: 4.12 GB
orginal_loss:  tensor(22783.5938, device='cuda:0', grad_fn=<MseLossBackward0>)
[Step 36] Backward Propagation - Time: 3.9317s, Mem: -4416012288.00 B
[Step 36] PGD Update - Time: 0.0018s, Mem: 0.00 B

[Step 36] 完整步骤总时间: 5.832775s | 总显存: 0.00 B
[Step 36] 峰值显存: 6.23 GB

[Step 37] ============ 详细性能分析 ============
[模型部分] 总时间: 1.885730s | 显存: 4.12 GB

[0-9秒 PDE求解详细性能]

[19秒 PDE求解]
  t=19s - 时间: 1.866228s | 显存: 0.00 B

[PDE求解部分] 总时间: 1.866228s | 显存: 0.00 B

[本步骤总计] 时间: 3.751959s | 显存: 4.12 GB
orginal_loss:  tensor(20997.0957, device='cuda:0', grad_fn=<MseLossBackward0>)
[Step 37] Backward Propagation - Time: 3.9519s, Mem: -4416012288.00 B
[Step 37] PGD Update - Time: 0.0016s, Mem: 0.00 B

[Step 37] 完整步骤总时间: 5.841638s | 总显存: 0.00 B
[Step 37] 峰值显存: 6.23 GB

[Step 38] ============ 详细性能分析 ============
[模型部分] 总时间: 1.873786s | 显存: 4.12 GB

[0-9秒 PDE求解详细性能]

[19秒 PDE求解]
  t=19s - 时间: 1.854435s | 显存: 0.00 B

[PDE求解部分] 总时间: 1.854435s | 显存: 0.00 B

[本步骤总计] 时间: 3.728221s | 显存: 4.12 GB
orginal_loss:  tensor(18942.8906, device='cuda:0', grad_fn=<MseLossBackward0>)
[Step 38] Backward Propagation - Time: 3.9384s, Mem: -4416012288.00 B
[Step 38] PGD Update - Time: 0.0017s, Mem: 0.00 B

[Step 38] 完整步骤总时间: 5.816122s | 总显存: 0.00 B
[Step 38] 峰值显存: 6.23 GB

[Step 39] ============ 详细性能分析 ============
[模型部分] 总时间: 1.870330s | 显存: 4.12 GB

[0-9秒 PDE求解详细性能]

[19秒 PDE求解]
  t=19s - 时间: 1.851111s | 显存: 0.00 B

[PDE求解部分] 总时间: 1.851111s | 显存: 0.00 B

[本步骤总计] 时间: 3.721441s | 显存: 4.12 GB
orginal_loss:  tensor(18534.9512, device='cuda:0', grad_fn=<MseLossBackward0>)
[Step 39] Backward Propagation - Time: 4.0085s, Mem: -4416012288.00 B
[Step 39] PGD Update - Time: 0.0017s, Mem: 0.00 B

[Step 39] 完整步骤总时间: 5.883418s | 总显存: 0.00 B
[Step 39] 峰值显存: 6.23 GB

[Step 40] ============ 详细性能分析 ============
[模型部分] 总时间: 1.879832s | 显存: 4.12 GB

[0-9秒 PDE求解详细性能]

[19秒 PDE求解]
  t=19s - 时间: 1.860607s | 显存: 0.00 B

[PDE求解部分] 总时间: 1.860607s | 显存: 0.00 B

[本步骤总计] 时间: 3.740439s | 显存: 4.12 GB
orginal_loss:  tensor(20644.6152, device='cuda:0', grad_fn=<MseLossBackward0>)
[Step 40] Backward Propagation - Time: 3.9026s, Mem: -4416012288.00 B
[Step 40] PGD Update - Time: 0.0017s, Mem: 0.00 B

[Step 40] 完整步骤总时间: 5.786329s | 总显存: 0.00 B
[Step 40] 峰值显存: 6.23 GB

[Step 41] ============ 详细性能分析 ============
[模型部分] 总时间: 1.893227s | 显存: 4.12 GB

[0-9秒 PDE求解详细性能]

[19秒 PDE求解]
  t=19s - 时间: 1.874019s | 显存: 0.00 B

[PDE求解部分] 总时间: 1.874019s | 显存: 0.00 B

[本步骤总计] 时间: 3.767246s | 显存: 4.12 GB
orginal_loss:  tensor(24673.6230, device='cuda:0', grad_fn=<MseLossBackward0>)
[Step 41] Backward Propagation - Time: 3.9398s, Mem: -4416012288.00 B
[Step 41] PGD Update - Time: 0.0018s, Mem: 0.00 B

[Step 41] 完整步骤总时间: 5.837230s | 总显存: 0.00 B
[Step 41] 峰值显存: 6.23 GB

[Step 42] ============ 详细性能分析 ============
[模型部分] 总时间: 1.914878s | 显存: 4.12 GB

[0-9秒 PDE求解详细性能]

[19秒 PDE求解]
  t=19s - 时间: 1.895656s | 显存: 0.00 B

[PDE求解部分] 总时间: 1.895656s | 显存: 0.00 B

[本步骤总计] 时间: 3.810534s | 显存: 4.12 GB
orginal_loss:  tensor(27762.7656, device='cuda:0', grad_fn=<MseLossBackward0>)
[Step 42] Backward Propagation - Time: 4.2260s, Mem: -4416012288.00 B
[Step 42] PGD Update - Time: 0.0017s, Mem: 0.00 B

[Step 42] 完整步骤总时间: 6.144768s | 总显存: 0.00 B
[Step 42] 峰值显存: 6.23 GB

[Step 43] ============ 详细性能分析 ============
[模型部分] 总时间: 1.890193s | 显存: 4.12 GB

[0-9秒 PDE求解详细性能]

[19秒 PDE求解]
  t=19s - 时间: 1.871006s | 显存: 0.00 B

[PDE求解部分] 总时间: 1.871006s | 显存: 0.00 B

[本步骤总计] 时间: 3.761199s | 显存: 4.12 GB
orginal_loss:  tensor(29067.6055, device='cuda:0', grad_fn=<MseLossBackward0>)
[Step 43] Backward Propagation - Time: 3.9202s, Mem: -4416012288.00 B
[Step 43] PGD Update - Time: 0.0018s, Mem: 0.00 B

[Step 43] 完整步骤总时间: 5.814425s | 总显存: 0.00 B
[Step 43] 峰值显存: 6.23 GB

[Step 44] ============ 详细性能分析 ============
[模型部分] 总时间: 1.871797s | 显存: 4.12 GB

[0-9秒 PDE求解详细性能]

[19秒 PDE求解]
  t=19s - 时间: 1.852388s | 显存: 0.00 B

[PDE求解部分] 总时间: 1.852388s | 显存: 0.00 B

[本步骤总计] 时间: 3.724185s | 显存: 4.12 GB
orginal_loss:  tensor(27243.0391, device='cuda:0', grad_fn=<MseLossBackward0>)
[Step 44] Backward Propagation - Time: 3.9377s, Mem: -4416012288.00 B
[Step 44] PGD Update - Time: 0.0017s, Mem: 0.00 B

[Step 44] 完整步骤总时间: 5.813649s | 总显存: 0.00 B
[Step 44] 峰值显存: 6.23 GB

[Step 45] ============ 详细性能分析 ============
[模型部分] 总时间: 1.879489s | 显存: 4.12 GB

[0-9秒 PDE求解详细性能]

[19秒 PDE求解]
  t=19s - 时间: 1.860171s | 显存: 0.00 B

[PDE求解部分] 总时间: 1.860171s | 显存: 0.00 B

[本步骤总计] 时间: 3.739660s | 显存: 4.12 GB
orginal_loss:  tensor(24798.8203, device='cuda:0', grad_fn=<MseLossBackward0>)
[Step 45] Backward Propagation - Time: 3.9378s, Mem: -4416012288.00 B
[Step 45] PGD Update - Time: 0.0017s, Mem: 0.00 B

[Step 45] 完整步骤总时间: 5.821285s | 总显存: 0.00 B
[Step 45] 峰值显存: 6.23 GB

[Step 46] ============ 详细性能分析 ============
[模型部分] 总时间: 1.874133s | 显存: 4.12 GB

[0-9秒 PDE求解详细性能]

[19秒 PDE求解]
  t=19s - 时间: 1.854920s | 显存: 0.00 B

[PDE求解部分] 总时间: 1.854920s | 显存: 0.00 B

[本步骤总计] 时间: 3.729053s | 显存: 4.12 GB
orginal_loss:  tensor(22481.5215, device='cuda:0', grad_fn=<MseLossBackward0>)
[Step 46] Backward Propagation - Time: 3.9571s, Mem: -4416012288.00 B
[Step 46] PGD Update - Time: 0.0017s, Mem: 0.00 B

[Step 46] 完整步骤总时间: 5.835491s | 总显存: 0.00 B
[Step 46] 峰值显存: 6.23 GB

[Step 47] ============ 详细性能分析 ============
[模型部分] 总时间: 1.873675s | 显存: 4.12 GB

[0-9秒 PDE求解详细性能]

[19秒 PDE求解]
  t=19s - 时间: 1.854457s | 显存: 0.00 B

[PDE求解部分] 总时间: 1.854457s | 显存: 0.00 B

[本步骤总计] 时间: 3.728132s | 显存: 4.12 GB
orginal_loss:  tensor(20113.5547, device='cuda:0', grad_fn=<MseLossBackward0>)
[Step 47] Backward Propagation - Time: 3.9017s, Mem: -4416012288.00 B
[Step 47] PGD Update - Time: 0.0017s, Mem: 0.00 B

[Step 47] 完整步骤总时间: 5.779334s | 总显存: 0.00 B
[Step 47] 峰值显存: 6.23 GB

[Step 48] ============ 详细性能分析 ============
[模型部分] 总时间: 1.877512s | 显存: 4.12 GB

[0-9秒 PDE求解详细性能]

[19秒 PDE求解]
  t=19s - 时间: 1.858335s | 显存: 0.00 B

[PDE求解部分] 总时间: 1.858335s | 显存: 0.00 B

[本步骤总计] 时间: 3.735847s | 显存: 4.12 GB
orginal_loss:  tensor(19351.5508, device='cuda:0', grad_fn=<MseLossBackward0>)
[Step 48] Backward Propagation - Time: 3.9476s, Mem: -4416012288.00 B
[Step 48] PGD Update - Time: 0.0016s, Mem: 0.00 B

[Step 48] 完整步骤总时间: 5.828963s | 总显存: 0.00 B
[Step 48] 峰值显存: 6.23 GB

[Step 49] ============ 详细性能分析 ============
[模型部分] 总时间: 1.877740s | 显存: 4.12 GB

[0-9秒 PDE求解详细性能]

[19秒 PDE求解]
  t=19s - 时间: 1.858589s | 显存: 0.00 B

[PDE求解部分] 总时间: 1.858589s | 显存: 0.00 B

[本步骤总计] 时间: 3.736329s | 显存: 4.12 GB
orginal_loss:  tensor(17919.7012, device='cuda:0', grad_fn=<MseLossBackward0>)
[Step 49] Backward Propagation - Time: 3.9169s, Mem: -4416012288.00 B
[Step 49] PGD Update - Time: 0.0017s, Mem: 0.00 B

[Step 49] 完整步骤总时间: 5.798653s | 总显存: 0.00 B
[Step 49] 峰值显存: 6.23 GB

[Step 50] ============ 详细性能分析 ============
[模型部分] 总时间: 1.875883s | 显存: 4.12 GB

[0-9秒 PDE求解详细性能]

[19秒 PDE求解]
  t=19s - 时间: 1.856662s | 显存: 0.00 B

[PDE求解部分] 总时间: 1.856662s | 显存: 0.00 B

[本步骤总计] 时间: 3.732545s | 显存: 4.12 GB
orginal_loss:  tensor(15833.4111, device='cuda:0', grad_fn=<MseLossBackward0>)
[Step 50] Backward Propagation - Time: 3.9860s, Mem: -4416012288.00 B
[Step 50] PGD Update - Time: 0.0016s, Mem: 0.00 B

[Step 50] 完整步骤总时间: 5.865853s | 总显存: 0.00 B
[Step 50] 峰值显存: 6.23 GB

[Step 51] ============ 详细性能分析 ============
[模型部分] 总时间: 1.916780s | 显存: 4.12 GB

[0-9秒 PDE求解详细性能]

[19秒 PDE求解]
  t=19s - 时间: 1.897310s | 显存: 0.00 B

[PDE求解部分] 总时间: 1.897310s | 显存: 0.00 B

[本步骤总计] 时间: 3.814090s | 显存: 4.12 GB
orginal_loss:  tensor(14922.9004, device='cuda:0', grad_fn=<MseLossBackward0>)
[Step 51] Backward Propagation - Time: 3.9478s, Mem: -4416012288.00 B
[Step 51] PGD Update - Time: 0.0018s, Mem: 0.00 B

[Step 51] 完整步骤总时间: 5.868795s | 总显存: 0.00 B
[Step 51] 峰值显存: 6.23 GB

[Step 52] ============ 详细性能分析 ============
[模型部分] 总时间: 1.876777s | 显存: 4.12 GB

[0-9秒 PDE求解详细性能]

[19秒 PDE求解]
  t=19s - 时间: 1.857384s | 显存: 0.00 B

[PDE求解部分] 总时间: 1.857384s | 显存: 0.00 B

[本步骤总计] 时间: 3.734161s | 显存: 4.12 GB
orginal_loss:  tensor(16302.1357, device='cuda:0', grad_fn=<MseLossBackward0>)
[Step 52] Backward Propagation - Time: 3.9946s, Mem: -4416012288.00 B
[Step 52] PGD Update - Time: 0.0017s, Mem: 0.00 B

[Step 52] 完整步骤总时间: 5.875200s | 总显存: 0.00 B
[Step 52] 峰值显存: 6.23 GB

[Step 53] ============ 详细性能分析 ============
[模型部分] 总时间: 1.887288s | 显存: 4.12 GB

[0-9秒 PDE求解详细性能]

[19秒 PDE求解]
  t=19s - 时间: 1.868068s | 显存: 0.00 B

[PDE求解部分] 总时间: 1.868068s | 显存: 0.00 B

[本步骤总计] 时间: 3.755356s | 显存: 4.12 GB
orginal_loss:  tensor(17108.0664, device='cuda:0', grad_fn=<MseLossBackward0>)
[Step 53] Backward Propagation - Time: 3.9452s, Mem: -4416012288.00 B
[Step 53] PGD Update - Time: 0.0017s, Mem: 0.00 B

[Step 53] 完整步骤总时间: 5.836743s | 总显存: 0.00 B
[Step 53] 峰值显存: 6.23 GB

[Step 54] ============ 详细性能分析 ============
[模型部分] 总时间: 2.114435s | 显存: 4.12 GB

[0-9秒 PDE求解详细性能]

[19秒 PDE求解]
  t=19s - 时间: 2.095233s | 显存: 0.00 B

[PDE求解部分] 总时间: 2.095233s | 显存: 0.00 B

[本步骤总计] 时间: 4.209668s | 显存: 4.12 GB
orginal_loss:  tensor(16246.3330, device='cuda:0', grad_fn=<MseLossBackward0>)
[Step 54] Backward Propagation - Time: 4.0063s, Mem: -4416012288.00 B
[Step 54] PGD Update - Time: 0.0017s, Mem: 0.00 B

[Step 54] 完整步骤总时间: 6.124713s | 总显存: 0.00 B
[Step 54] 峰值显存: 6.23 GB

[Step 55] ============ 详细性能分析 ============
[模型部分] 总时间: 1.869595s | 显存: 4.12 GB

[0-9秒 PDE求解详细性能]

[19秒 PDE求解]
  t=19s - 时间: 1.850358s | 显存: 0.00 B

[PDE求解部分] 总时间: 1.850358s | 显存: 0.00 B

[本步骤总计] 时间: 3.719953s | 显存: 4.12 GB
orginal_loss:  tensor(13023.7969, device='cuda:0', grad_fn=<MseLossBackward0>)
[Step 55] Backward Propagation - Time: 3.9093s, Mem: -4416012288.00 B
[Step 55] PGD Update - Time: 0.0017s, Mem: 0.00 B

[Step 55] 完整步骤总时间: 5.782966s | 总显存: 0.00 B
[Step 55] 峰值显存: 6.23 GB

[Step 56] ============ 详细性能分析 ============
[模型部分] 总时间: 1.881746s | 显存: 4.12 GB

[0-9秒 PDE求解详细性能]

[19秒 PDE求解]
  t=19s - 时间: 1.862545s | 显存: 0.00 B

[PDE求解部分] 总时间: 1.862545s | 显存: 0.00 B

[本步骤总计] 时间: 3.744291s | 显存: 4.12 GB
orginal_loss:  tensor(11820.4199, device='cuda:0', grad_fn=<MseLossBackward0>)
[Step 56] Backward Propagation - Time: 3.9923s, Mem: -4416012288.00 B
[Step 56] PGD Update - Time: 0.0017s, Mem: 0.00 B

[Step 56] 完整步骤总时间: 5.877974s | 总显存: 0.00 B
[Step 56] 峰值显存: 6.23 GB

[Step 57] ============ 详细性能分析 ============
[模型部分] 总时间: 1.895099s | 显存: 4.12 GB

[0-9秒 PDE求解详细性能]

[19秒 PDE求解]
  t=19s - 时间: 1.875927s | 显存: 0.00 B

[PDE求解部分] 总时间: 1.875927s | 显存: 0.00 B

[本步骤总计] 时间: 3.771027s | 显存: 4.12 GB
orginal_loss:  tensor(12761.6191, device='cuda:0', grad_fn=<MseLossBackward0>)
[Step 57] Backward Propagation - Time: 3.9252s, Mem: -4416012288.00 B
[Step 57] PGD Update - Time: 0.0017s, Mem: 0.00 B

[Step 57] 完整步骤总时间: 5.824089s | 总显存: 0.00 B
[Step 57] 峰值显存: 6.23 GB

[Step 58] ============ 详细性能分析 ============
[模型部分] 总时间: 1.873089s | 显存: 4.12 GB

[0-9秒 PDE求解详细性能]

[19秒 PDE求解]
  t=19s - 时间: 1.853876s | 显存: 0.00 B

[PDE求解部分] 总时间: 1.853876s | 显存: 0.00 B

[本步骤总计] 时间: 3.726965s | 显存: 4.12 GB
orginal_loss:  tensor(15409.9883, device='cuda:0', grad_fn=<MseLossBackward0>)
[Step 58] Backward Propagation - Time: 3.9700s, Mem: -4416012288.00 B
[Step 58] PGD Update - Time: 0.0018s, Mem: 0.00 B

[Step 58] 完整步骤总时间: 5.847160s | 总显存: 0.00 B
[Step 58] 峰值显存: 6.23 GB

[Step 59] ============ 详细性能分析 ============
[模型部分] 总时间: 1.892264s | 显存: 4.12 GB

[0-9秒 PDE求解详细性能]

[19秒 PDE求解]
  t=19s - 时间: 1.872838s | 显存: 0.00 B

[PDE求解部分] 总时间: 1.872838s | 显存: 0.00 B

[本步骤总计] 时间: 3.765101s | 显存: 4.12 GB
orginal_loss:  tensor(17270.7852, device='cuda:0', grad_fn=<MseLossBackward0>)
[Step 59] Backward Propagation - Time: 4.0321s, Mem: -4416012288.00 B
[Step 59] PGD Update - Time: 0.0017s, Mem: 0.00 B

[Step 59] 完整步骤总时间: 5.928461s | 总显存: 0.00 B
[Step 59] 峰值显存: 6.23 GB

[Step 60] ============ 详细性能分析 ============
[模型部分] 总时间: 1.917829s | 显存: 4.12 GB

[0-9秒 PDE求解详细性能]

[19秒 PDE求解]
  t=19s - 时间: 1.898430s | 显存: 0.00 B

[PDE求解部分] 总时间: 1.898430s | 显存: 0.00 B

[本步骤总计] 时间: 3.816259s | 显存: 4.12 GB
orginal_loss:  tensor(18895.8320, device='cuda:0', grad_fn=<MseLossBackward0>)
[Step 60] Backward Propagation - Time: 3.9853s, Mem: -4416012288.00 B
[Step 60] PGD Update - Time: 0.0015s, Mem: 0.00 B

[Step 60] 完整步骤总时间: 5.906888s | 总显存: 0.00 B
[Step 60] 峰值显存: 6.23 GB

[Step 61] ============ 详细性能分析 ============
[模型部分] 总时间: 1.926246s | 显存: 4.12 GB

[0-9秒 PDE求解详细性能]

[19秒 PDE求解]
  t=19s - 时间: 1.907088s | 显存: 0.00 B

[PDE求解部分] 总时间: 1.907088s | 显存: 0.00 B

[本步骤总计] 时间: 3.833334s | 显存: 4.12 GB
orginal_loss:  tensor(21682.3945, device='cuda:0', grad_fn=<MseLossBackward0>)
[Step 61] Backward Propagation - Time: 3.9695s, Mem: -4416012288.00 B
[Step 61] PGD Update - Time: 0.0017s, Mem: 0.00 B

[Step 61] 完整步骤总时间: 5.900010s | 总显存: 0.00 B
[Step 61] 峰值显存: 6.23 GB

[Step 62] ============ 详细性能分析 ============
[模型部分] 总时间: 1.913088s | 显存: 4.12 GB

[0-9秒 PDE求解详细性能]

[19秒 PDE求解]
  t=19s - 时间: 1.893845s | 显存: 0.00 B

[PDE求解部分] 总时间: 1.893845s | 显存: 0.00 B

[本步骤总计] 时间: 3.806933s | 显存: 4.12 GB
orginal_loss:  tensor(26343.4570, device='cuda:0', grad_fn=<MseLossBackward0>)
[Step 62] Backward Propagation - Time: 3.9723s, Mem: -4416012288.00 B
[Step 62] PGD Update - Time: 0.0017s, Mem: 0.00 B

[Step 62] 完整步骤总时间: 5.889435s | 总显存: 0.00 B
[Step 62] 峰值显存: 6.23 GB

[Step 63] ============ 详细性能分析 ============
[模型部分] 总时间: 1.884794s | 显存: 4.12 GB

[0-9秒 PDE求解详细性能]

[19秒 PDE求解]
  t=19s - 时间: 1.865581s | 显存: 0.00 B

[PDE求解部分] 总时间: 1.865581s | 显存: 0.00 B

[本步骤总计] 时间: 3.750375s | 显存: 4.12 GB
orginal_loss:  tensor(25967.9316, device='cuda:0', grad_fn=<MseLossBackward0>)
[Step 63] Backward Propagation - Time: 3.9634s, Mem: -4416012288.00 B
[Step 63] PGD Update - Time: 0.0017s, Mem: 0.00 B

[Step 63] 完整步骤总时间: 5.852102s | 总显存: 0.00 B
[Step 63] 峰值显存: 6.23 GB

[Step 64] ============ 详细性能分析 ============
[模型部分] 总时间: 1.911940s | 显存: 4.12 GB

[0-9秒 PDE求解详细性能]

[19秒 PDE求解]
  t=19s - 时间: 1.892740s | 显存: 0.00 B

[PDE求解部分] 总时间: 1.892740s | 显存: 0.00 B

[本步骤总计] 时间: 3.804681s | 显存: 4.12 GB
orginal_loss:  tensor(31981.0312, device='cuda:0', grad_fn=<MseLossBackward0>)
[Step 64] Backward Propagation - Time: 3.9953s, Mem: -4416012288.00 B
[Step 64] PGD Update - Time: 0.0017s, Mem: 0.00 B

[Step 64] 完整步骤总时间: 5.911202s | 总显存: 0.00 B
[Step 64] 峰值显存: 6.23 GB

[Step 65] ============ 详细性能分析 ============
[模型部分] 总时间: 1.881148s | 显存: 4.12 GB

[0-9秒 PDE求解详细性能]

[19秒 PDE求解]
  t=19s - 时间: 1.861962s | 显存: 0.00 B

[PDE求解部分] 总时间: 1.861962s | 显存: 0.00 B

[本步骤总计] 时间: 3.743109s | 显存: 4.12 GB
orginal_loss:  tensor(33081.7070, device='cuda:0', grad_fn=<MseLossBackward0>)
[Step 65] Backward Propagation - Time: 3.9763s, Mem: -4416012288.00 B
[Step 65] PGD Update - Time: 0.0016s, Mem: 0.00 B

[Step 65] 完整步骤总时间: 5.861177s | 总显存: 0.00 B
[Step 65] 峰值显存: 6.23 GB

[Step 66] ============ 详细性能分析 ============
[模型部分] 总时间: 1.913265s | 显存: 4.12 GB

[0-9秒 PDE求解详细性能]

[19秒 PDE求解]
  t=19s - 时间: 1.894071s | 显存: 0.00 B

[PDE求解部分] 总时间: 1.894071s | 显存: 0.00 B

[本步骤总计] 时间: 3.807336s | 显存: 4.12 GB
orginal_loss:  tensor(30357.7383, device='cuda:0', grad_fn=<MseLossBackward0>)
[Step 66] Backward Propagation - Time: 4.1874s, Mem: -4416012288.00 B
[Step 66] PGD Update - Time: 0.0018s, Mem: 0.00 B

[Step 66] 完整步骤总时间: 6.104698s | 总显存: 0.00 B
[Step 66] 峰值显存: 6.23 GB

[Step 67] ============ 详细性能分析 ============
[模型部分] 总时间: 1.914614s | 显存: 4.12 GB

[0-9秒 PDE求解详细性能]

[19秒 PDE求解]
  t=19s - 时间: 1.895108s | 显存: 0.00 B

[PDE求解部分] 总时间: 1.895108s | 显存: 0.00 B

[本步骤总计] 时间: 3.809722s | 显存: 4.12 GB
orginal_loss:  tensor(28345.6973, device='cuda:0', grad_fn=<MseLossBackward0>)
[Step 67] Backward Propagation - Time: 3.9560s, Mem: -4416012288.00 B
[Step 67] PGD Update - Time: 0.0017s, Mem: 0.00 B

[Step 67] 完整步骤总时间: 5.874798s | 总显存: 0.00 B
[Step 67] 峰值显存: 6.23 GB

[Step 68] ============ 详细性能分析 ============
[模型部分] 总时间: 1.910798s | 显存: 4.12 GB

[0-9秒 PDE求解详细性能]

[19秒 PDE求解]
  t=19s - 时间: 1.891467s | 显存: 0.00 B

[PDE求解部分] 总时间: 1.891467s | 显存: 0.00 B

[本步骤总计] 时间: 3.802264s | 显存: 4.12 GB
orginal_loss:  tensor(30002.8203, device='cuda:0', grad_fn=<MseLossBackward0>)
[Step 68] Backward Propagation - Time: 3.9420s, Mem: -4416012288.00 B
[Step 68] PGD Update - Time: 0.0017s, Mem: 0.00 B

[Step 68] 完整步骤总时间: 5.856702s | 总显存: 0.00 B
[Step 68] 峰值显存: 6.23 GB

[Step 69] ============ 详细性能分析 ============
[模型部分] 总时间: 1.881646s | 显存: 4.12 GB

[0-9秒 PDE求解详细性能]

[19秒 PDE求解]
  t=19s - 时间: 1.862354s | 显存: 0.00 B

[PDE求解部分] 总时间: 1.862354s | 显存: 0.00 B

[本步骤总计] 时间: 3.744000s | 显存: 4.12 GB
orginal_loss:  tensor(33341.0586, device='cuda:0', grad_fn=<MseLossBackward0>)
[Step 69] Backward Propagation - Time: 3.8867s, Mem: -4416012288.00 B
[Step 69] PGD Update - Time: 0.0017s, Mem: 0.00 B

[Step 69] 完整步骤总时间: 5.773038s | 总显存: 0.00 B
[Step 69] 峰值显存: 6.23 GB

[Step 70] ============ 详细性能分析 ============
[模型部分] 总时间: 1.911374s | 显存: 4.12 GB

[0-9秒 PDE求解详细性能]

[19秒 PDE求解]
  t=19s - 时间: 1.892166s | 显存: 0.00 B

[PDE求解部分] 总时间: 1.892166s | 显存: 0.00 B

[本步骤总计] 时间: 3.803540s | 显存: 4.12 GB
orginal_loss:  tensor(33575.0391, device='cuda:0', grad_fn=<MseLossBackward0>)
[Step 70] Backward Propagation - Time: 3.8726s, Mem: -4416012288.00 B
[Step 70] PGD Update - Time: 0.0015s, Mem: 0.00 B

[Step 70] 完整步骤总时间: 5.787844s | 总显存: 0.00 B
[Step 70] 峰值显存: 6.23 GB

[Step 71] ============ 详细性能分析 ============
[模型部分] 总时间: 1.874165s | 显存: 4.12 GB

[0-9秒 PDE求解详细性能]

[19秒 PDE求解]
  t=19s - 时间: 1.854993s | 显存: 0.00 B

[PDE求解部分] 总时间: 1.854993s | 显存: 0.00 B

[本步骤总计] 时间: 3.729158s | 显存: 4.12 GB
orginal_loss:  tensor(32761.1133, device='cuda:0', grad_fn=<MseLossBackward0>)
[Step 71] Backward Propagation - Time: 3.9930s, Mem: -4416012288.00 B
[Step 71] PGD Update - Time: 0.0017s, Mem: 0.00 B

[Step 71] 完整步骤总时间: 5.870910s | 总显存: 0.00 B
[Step 71] 峰值显存: 6.23 GB

[Step 72] ============ 详细性能分析 ============
[模型部分] 总时间: 1.873095s | 显存: 4.12 GB

[0-9秒 PDE求解详细性能]

[19秒 PDE求解]
  t=19s - 时间: 1.853881s | 显存: 0.00 B

[PDE求解部分] 总时间: 1.853881s | 显存: 0.00 B

[本步骤总计] 时间: 3.726977s | 显存: 4.12 GB
orginal_loss:  tensor(33312.1406, device='cuda:0', grad_fn=<MseLossBackward0>)
[Step 72] Backward Propagation - Time: 3.9342s, Mem: -4416012288.00 B
[Step 72] PGD Update - Time: 0.0017s, Mem: 0.00 B

[Step 72] 完整步骤总时间: 5.811157s | 总显存: 0.00 B
[Step 72] 峰值显存: 6.23 GB

[Step 73] ============ 详细性能分析 ============
[模型部分] 总时间: 1.879007s | 显存: 4.12 GB

[0-9秒 PDE求解详细性能]

[19秒 PDE求解]
  t=19s - 时间: 1.859820s | 显存: 0.00 B

[PDE求解部分] 总时间: 1.859820s | 显存: 0.00 B

[本步骤总计] 时间: 3.738826s | 显存: 4.12 GB
orginal_loss:  tensor(34336.1406, device='cuda:0', grad_fn=<MseLossBackward0>)
[Step 73] Backward Propagation - Time: 3.9580s, Mem: -4416012288.00 B
[Step 73] PGD Update - Time: 0.0018s, Mem: 0.00 B

[Step 73] 完整步骤总时间: 5.841045s | 总显存: 0.00 B
[Step 73] 峰值显存: 6.23 GB

[Step 74] ============ 详细性能分析 ============
[模型部分] 总时间: 1.872955s | 显存: 4.12 GB

[0-9秒 PDE求解详细性能]

[19秒 PDE求解]
  t=19s - 时间: 1.853507s | 显存: 0.00 B

[PDE求解部分] 总时间: 1.853507s | 显存: 0.00 B

[本步骤总计] 时间: 3.726462s | 显存: 4.12 GB
orginal_loss:  tensor(34505.2383, device='cuda:0', grad_fn=<MseLossBackward0>)
[Step 74] Backward Propagation - Time: 3.9146s, Mem: -4416012288.00 B
[Step 74] PGD Update - Time: 0.0017s, Mem: 0.00 B

[Step 74] 完整步骤总时间: 5.791582s | 总显存: 0.00 B
[Step 74] 峰值显存: 6.23 GB

[Step 75] ============ 详细性能分析 ============
[模型部分] 总时间: 1.874367s | 显存: 4.12 GB

[0-9秒 PDE求解详细性能]

[19秒 PDE求解]
  t=19s - 时间: 1.855077s | 显存: 0.00 B

[PDE求解部分] 总时间: 1.855077s | 显存: 0.00 B

[本步骤总计] 时间: 3.729444s | 显存: 4.12 GB
orginal_loss:  tensor(32342.7734, device='cuda:0', grad_fn=<MseLossBackward0>)
[Step 75] Backward Propagation - Time: 4.0040s, Mem: -4416012288.00 B
[Step 75] PGD Update - Time: 0.0017s, Mem: 0.00 B

[Step 75] 完整步骤总时间: 5.882272s | 总显存: 0.00 B
[Step 75] 峰值显存: 6.23 GB

[Step 76] ============ 详细性能分析 ============
[模型部分] 总时间: 1.897051s | 显存: 4.12 GB

[0-9秒 PDE求解详细性能]

[19秒 PDE求解]
  t=19s - 时间: 1.877762s | 显存: 0.00 B

[PDE求解部分] 总时间: 1.877762s | 显存: 0.00 B

[本步骤总计] 时间: 3.774813s | 显存: 4.12 GB
orginal_loss:  tensor(29559.4609, device='cuda:0', grad_fn=<MseLossBackward0>)
[Step 76] Backward Propagation - Time: 4.0012s, Mem: -4416012288.00 B
[Step 76] PGD Update - Time: 0.0017s, Mem: 0.00 B

[Step 76] 完整步骤总时间: 5.903044s | 总显存: 0.00 B
[Step 76] 峰值显存: 6.23 GB

[Step 77] ============ 详细性能分析 ============
[模型部分] 总时间: 1.897661s | 显存: 4.12 GB

[0-9秒 PDE求解详细性能]

[19秒 PDE求解]
  t=19s - 时间: 1.878444s | 显存: 0.00 B

[PDE求解部分] 总时间: 1.878444s | 显存: 0.00 B

[本步骤总计] 时间: 3.776105s | 显存: 4.12 GB
orginal_loss:  tensor(28391.0273, device='cuda:0', grad_fn=<MseLossBackward0>)
[Step 77] Backward Propagation - Time: 4.0109s, Mem: -4416012288.00 B
[Step 77] PGD Update - Time: 0.0017s, Mem: 0.00 B

[Step 77] 完整步骤总时间: 5.912541s | 总显存: 0.00 B
[Step 77] 峰值显存: 6.23 GB

[Step 78] ============ 详细性能分析 ============
[模型部分] 总时间: 1.887161s | 显存: 4.12 GB

[0-9秒 PDE求解详细性能]

[19秒 PDE求解]
  t=19s - 时间: 1.867963s | 显存: 0.00 B

[PDE求解部分] 总时间: 1.867963s | 显存: 0.00 B

[本步骤总计] 时间: 3.755124s | 显存: 4.12 GB
orginal_loss:  tensor(28380., device='cuda:0', grad_fn=<MseLossBackward0>)
[Step 78] Backward Propagation - Time: 3.9421s, Mem: -4416012288.00 B
[Step 78] PGD Update - Time: 0.0017s, Mem: 0.00 B

[Step 78] 完整步骤总时间: 5.833068s | 总显存: 0.00 B
[Step 78] 峰值显存: 6.23 GB

[Step 79] ============ 详细性能分析 ============
[模型部分] 总时间: 1.872797s | 显存: 4.12 GB

[0-9秒 PDE求解详细性能]

[19秒 PDE求解]
  t=19s - 时间: 1.853572s | 显存: 0.00 B

[PDE求解部分] 总时间: 1.853572s | 显存: 0.00 B

[本步骤总计] 时间: 3.726369s | 显存: 4.12 GB
orginal_loss:  tensor(28622.0469, device='cuda:0', grad_fn=<MseLossBackward0>)
[Step 79] Backward Propagation - Time: 3.9938s, Mem: -4416012288.00 B
[Step 79] PGD Update - Time: 0.0017s, Mem: 0.00 B

[Step 79] 完整步骤总时间: 5.870501s | 总显存: 0.00 B
[Step 79] 峰值显存: 6.23 GB

[Step 80] ============ 详细性能分析 ============
[模型部分] 总时间: 1.884221s | 显存: 4.12 GB

[0-9秒 PDE求解详细性能]

[19秒 PDE求解]
  t=19s - 时间: 1.864999s | 显存: 0.00 B

[PDE求解部分] 总时间: 1.864999s | 显存: 0.00 B

[本步骤总计] 时间: 3.749219s | 显存: 4.12 GB
orginal_loss:  tensor(28581.5898, device='cuda:0', grad_fn=<MseLossBackward0>)
[Step 80] Backward Propagation - Time: 4.3254s, Mem: -4416012288.00 B
[Step 80] PGD Update - Time: 0.0019s, Mem: 0.00 B

[Step 80] 完整步骤总时间: 6.213749s | 总显存: 0.00 B
[Step 80] 峰值显存: 6.23 GB

[Step 81] ============ 详细性能分析 ============
[模型部分] 总时间: 1.900478s | 显存: 4.12 GB

[0-9秒 PDE求解详细性能]

[19秒 PDE求解]
  t=19s - 时间: 1.880947s | 显存: 0.00 B

[PDE求解部分] 总时间: 1.880947s | 显存: 0.00 B

[本步骤总计] 时间: 3.781425s | 显存: 4.12 GB
orginal_loss:  tensor(28417.7930, device='cuda:0', grad_fn=<MseLossBackward0>)
[Step 81] Backward Propagation - Time: 3.9391s, Mem: -4416012288.00 B
[Step 81] PGD Update - Time: 0.0017s, Mem: 0.00 B

[Step 81] 完整步骤总时间: 5.843598s | 总显存: 0.00 B
[Step 81] 峰值显存: 6.23 GB

[Step 82] ============ 详细性能分析 ============
[模型部分] 总时间: 1.905690s | 显存: 4.12 GB

[0-9秒 PDE求解详细性能]

[19秒 PDE求解]
  t=19s - 时间: 1.886399s | 显存: 0.00 B

[PDE求解部分] 总时间: 1.886399s | 显存: 0.00 B

[本步骤总计] 时间: 3.792089s | 显存: 4.12 GB
orginal_loss:  tensor(26744.7891, device='cuda:0', grad_fn=<MseLossBackward0>)
[Step 82] Backward Propagation - Time: 3.9337s, Mem: -4416012288.00 B
[Step 82] PGD Update - Time: 0.0017s, Mem: 0.00 B

[Step 82] 完整步骤总时间: 5.843349s | 总显存: 0.00 B
[Step 82] 峰值显存: 6.23 GB

[Step 83] ============ 详细性能分析 ============
[模型部分] 总时间: 1.888105s | 显存: 4.12 GB

[0-9秒 PDE求解详细性能]

[19秒 PDE求解]
  t=19s - 时间: 1.868880s | 显存: 0.00 B

[PDE求解部分] 总时间: 1.868880s | 显存: 0.00 B

[本步骤总计] 时间: 3.756985s | 显存: 4.12 GB
orginal_loss:  tensor(23544.9922, device='cuda:0', grad_fn=<MseLossBackward0>)
[Step 83] Backward Propagation - Time: 3.9321s, Mem: -4416012288.00 B
[Step 83] PGD Update - Time: 0.0017s, Mem: 0.00 B

[Step 83] 完整步骤总时间: 5.824464s | 总显存: 0.00 B
[Step 83] 峰值显存: 6.23 GB

[Step 84] ============ 详细性能分析 ============
[模型部分] 总时间: 1.916940s | 显存: 4.12 GB

[0-9秒 PDE求解详细性能]

[19秒 PDE求解]
  t=19s - 时间: 1.897728s | 显存: 0.00 B

[PDE求解部分] 总时间: 1.897728s | 显存: 0.00 B

[本步骤总计] 时间: 3.814668s | 显存: 4.12 GB
orginal_loss:  tensor(20874.2695, device='cuda:0', grad_fn=<MseLossBackward0>)
[Step 84] Backward Propagation - Time: 3.9835s, Mem: -4416012288.00 B
[Step 84] PGD Update - Time: 0.0017s, Mem: 0.00 B

[Step 84] 完整步骤总时间: 5.904464s | 总显存: 0.00 B
[Step 84] 峰值显存: 6.23 GB

[Step 85] ============ 详细性能分析 ============
[模型部分] 总时间: 1.916492s | 显存: 4.12 GB

[0-9秒 PDE求解详细性能]

[19秒 PDE求解]
  t=19s - 时间: 1.897271s | 显存: 0.00 B

[PDE求解部分] 总时间: 1.897271s | 显存: 0.00 B

[本步骤总计] 时间: 3.813764s | 显存: 4.12 GB
orginal_loss:  tensor(17933.1113, device='cuda:0', grad_fn=<MseLossBackward0>)
[Step 85] Backward Propagation - Time: 3.9351s, Mem: -4416012288.00 B
[Step 85] PGD Update - Time: 0.0016s, Mem: 0.00 B

[Step 85] 完整步骤总时间: 5.855632s | 总显存: 0.00 B
[Step 85] 峰值显存: 6.23 GB

[Step 86] ============ 详细性能分析 ============
[模型部分] 总时间: 1.864796s | 显存: 4.12 GB

[0-9秒 PDE求解详细性能]

[19秒 PDE求解]
  t=19s - 时间: 1.845581s | 显存: 0.00 B

[PDE求解部分] 总时间: 1.845581s | 显存: 0.00 B

[本步骤总计] 时间: 3.710377s | 显存: 4.12 GB
orginal_loss:  tensor(15354.4648, device='cuda:0', grad_fn=<MseLossBackward0>)
[Step 86] Backward Propagation - Time: 3.9612s, Mem: -4416012288.00 B
[Step 86] PGD Update - Time: 0.0017s, Mem: 0.00 B

[Step 86] 完整步骤总时间: 5.830012s | 总显存: 0.00 B
[Step 86] 峰值显存: 6.23 GB

[Step 87] ============ 详细性能分析 ============
[模型部分] 总时间: 1.910678s | 显存: 4.12 GB

[0-9秒 PDE求解详细性能]

[19秒 PDE求解]
  t=19s - 时间: 1.891482s | 显存: 0.00 B

[PDE求解部分] 总时间: 1.891482s | 显存: 0.00 B

[本步骤总计] 时间: 3.802160s | 显存: 4.12 GB
orginal_loss:  tensor(13871.5889, device='cuda:0', grad_fn=<MseLossBackward0>)
[Step 87] Backward Propagation - Time: 3.9908s, Mem: -4416012288.00 B
[Step 87] PGD Update - Time: 0.0017s, Mem: 0.00 B

[Step 87] 完整步骤总时间: 5.905382s | 总显存: 0.00 B
[Step 87] 峰值显存: 6.23 GB

[Step 88] ============ 详细性能分析 ============
[模型部分] 总时间: 1.878164s | 显存: 4.12 GB

[0-9秒 PDE求解详细性能]

[19秒 PDE求解]
  t=19s - 时间: 1.858972s | 显存: 0.00 B

[PDE求解部分] 总时间: 1.858972s | 显存: 0.00 B

[本步骤总计] 时间: 3.737136s | 显存: 4.12 GB
orginal_loss:  tensor(13653.2578, device='cuda:0', grad_fn=<MseLossBackward0>)
[Step 88] Backward Propagation - Time: 3.9509s, Mem: -4416012288.00 B
[Step 88] PGD Update - Time: 0.0016s, Mem: 0.00 B

[Step 88] 完整步骤总时间: 5.832871s | 总显存: 0.00 B
[Step 88] 峰值显存: 6.23 GB

[Step 89] ============ 详细性能分析 ============
[模型部分] 总时间: 1.879527s | 显存: 4.12 GB

[0-9秒 PDE求解详细性能]

[19秒 PDE求解]
  t=19s - 时间: 1.860021s | 显存: 0.00 B

[PDE求解部分] 总时间: 1.860021s | 显存: 0.00 B

[本步骤总计] 时间: 3.739549s | 显存: 4.12 GB
orginal_loss:  tensor(13706.9648, device='cuda:0', grad_fn=<MseLossBackward0>)
[Step 89] Backward Propagation - Time: 3.9806s, Mem: -4416012288.00 B
[Step 89] PGD Update - Time: 0.0018s, Mem: 0.00 B

[Step 89] 完整步骤总时间: 5.864283s | 总显存: 0.00 B
[Step 89] 峰值显存: 6.23 GB

[Step 90] ============ 详细性能分析 ============
[模型部分] 总时间: 1.883480s | 显存: 4.12 GB

[0-9秒 PDE求解详细性能]

[19秒 PDE求解]
  t=19s - 时间: 1.864121s | 显存: 0.00 B

[PDE求解部分] 总时间: 1.864121s | 显存: 0.00 B

[本步骤总计] 时间: 3.747601s | 显存: 4.12 GB
orginal_loss:  tensor(15456.8789, device='cuda:0', grad_fn=<MseLossBackward0>)
[Step 90] Backward Propagation - Time: 3.9854s, Mem: -4416012288.00 B
[Step 90] PGD Update - Time: 0.0015s, Mem: 0.00 B

[Step 90] 完整步骤总时间: 5.872739s | 总显存: 0.00 B
[Step 90] 峰值显存: 6.23 GB

[Step 91] ============ 详细性能分析 ============
[模型部分] 总时间: 1.905890s | 显存: 4.12 GB

[0-9秒 PDE求解详细性能]

[19秒 PDE求解]
  t=19s - 时间: 1.886638s | 显存: 0.00 B

[PDE求解部分] 总时间: 1.886638s | 显存: 0.00 B

[本步骤总计] 时间: 3.792528s | 显存: 4.12 GB
orginal_loss:  tensor(18259., device='cuda:0', grad_fn=<MseLossBackward0>)
[Step 91] Backward Propagation - Time: 3.9027s, Mem: -4416012288.00 B
[Step 91] PGD Update - Time: 0.0017s, Mem: 0.00 B

[Step 91] 完整步骤总时间: 5.812522s | 总显存: 0.00 B
[Step 91] 峰值显存: 6.23 GB

[Step 92] ============ 详细性能分析 ============
[模型部分] 总时间: 1.871405s | 显存: 4.12 GB

[0-9秒 PDE求解详细性能]

[19秒 PDE求解]
  t=19s - 时间: 1.852199s | 显存: 0.00 B

[PDE求解部分] 总时间: 1.852199s | 显存: 0.00 B

[本步骤总计] 时间: 3.723604s | 显存: 4.12 GB
orginal_loss:  tensor(20367.5254, device='cuda:0', grad_fn=<MseLossBackward0>)
[Step 92] Backward Propagation - Time: 4.1937s, Mem: -4416012288.00 B
[Step 92] PGD Update - Time: 0.0017s, Mem: 0.00 B

[Step 92] 完整步骤总时间: 6.069299s | 总显存: 0.00 B
[Step 92] 峰值显存: 6.23 GB

[Step 93] ============ 详细性能分析 ============
[模型部分] 总时间: 1.886585s | 显存: 4.12 GB

[0-9秒 PDE求解详细性能]

[19秒 PDE求解]
  t=19s - 时间: 1.867364s | 显存: 0.00 B

[PDE求解部分] 总时间: 1.867364s | 显存: 0.00 B

[本步骤总计] 时间: 3.753948s | 显存: 4.12 GB
orginal_loss:  tensor(23224.7969, device='cuda:0', grad_fn=<MseLossBackward0>)
[Step 93] Backward Propagation - Time: 3.9314s, Mem: -4416012288.00 B
[Step 93] PGD Update - Time: 0.0018s, Mem: 0.00 B

[Step 93] 完整步骤总时间: 5.822348s | 总显存: 0.00 B
[Step 93] 峰值显存: 6.23 GB

[Step 94] ============ 详细性能分析 ============
[模型部分] 总时间: 1.880563s | 显存: 4.12 GB

[0-9秒 PDE求解详细性能]

[19秒 PDE求解]
  t=19s - 时间: 1.861326s | 显存: 0.00 B

[PDE求解部分] 总时间: 1.861326s | 显存: 0.00 B

[本步骤总计] 时间: 3.741889s | 显存: 4.12 GB
orginal_loss:  tensor(26376.6562, device='cuda:0', grad_fn=<MseLossBackward0>)
[Step 94] Backward Propagation - Time: 3.9975s, Mem: -4416012288.00 B
[Step 94] PGD Update - Time: 0.0017s, Mem: 0.00 B

[Step 94] 完整步骤总时间: 5.882180s | 总显存: 0.00 B
[Step 94] 峰值显存: 6.23 GB

[Step 95] ============ 详细性能分析 ============
[模型部分] 总时间: 1.880241s | 显存: 4.12 GB

[0-9秒 PDE求解详细性能]

[19秒 PDE求解]
  t=19s - 时间: 1.861013s | 显存: 0.00 B

[PDE求解部分] 总时间: 1.861013s | 显存: 0.00 B

[本步骤总计] 时间: 3.741254s | 显存: 4.12 GB
orginal_loss:  tensor(29544.9082, device='cuda:0', grad_fn=<MseLossBackward0>)
[Step 95] Backward Propagation - Time: 3.9833s, Mem: -4416012288.00 B
[Step 95] PGD Update - Time: 0.0015s, Mem: 0.00 B

[Step 95] 完整步骤总时间: 5.867172s | 总显存: 0.00 B
[Step 95] 峰值显存: 6.23 GB

[Step 96] ============ 详细性能分析 ============
[模型部分] 总时间: 1.911028s | 显存: 4.12 GB

[0-9秒 PDE求解详细性能]

[19秒 PDE求解]
  t=19s - 时间: 1.891803s | 显存: 0.00 B

[PDE求解部分] 总时间: 1.891803s | 显存: 0.00 B

[本步骤总计] 时间: 3.802831s | 显存: 4.12 GB
orginal_loss:  tensor(28711.4570, device='cuda:0', grad_fn=<MseLossBackward0>)
[Step 96] Backward Propagation - Time: 3.9306s, Mem: -4416012288.00 B
[Step 96] PGD Update - Time: 0.0016s, Mem: 0.00 B

[Step 96] 完整步骤总时间: 5.845490s | 总显存: 0.00 B
[Step 96] 峰值显存: 6.23 GB

[Step 97] ============ 详细性能分析 ============
[模型部分] 总时间: 1.932912s | 显存: 4.12 GB

[0-9秒 PDE求解详细性能]

[19秒 PDE求解]
  t=19s - 时间: 1.913426s | 显存: 0.00 B

[PDE求解部分] 总时间: 1.913426s | 显存: 0.00 B

[本步骤总计] 时间: 3.846338s | 显存: 4.12 GB
orginal_loss:  tensor(29433.1289, device='cuda:0', grad_fn=<MseLossBackward0>)
[Step 97] Backward Propagation - Time: 4.3358s, Mem: -4416012288.00 B
[Step 97] PGD Update - Time: 0.0018s, Mem: 0.00 B

[Step 97] 完整步骤总时间: 6.272947s | 总显存: 0.00 B
[Step 97] 峰值显存: 6.23 GB

[Step 98] ============ 详细性能分析 ============
[模型部分] 总时间: 1.929367s | 显存: 4.12 GB

[0-9秒 PDE求解详细性能]

[19秒 PDE求解]
  t=19s - 时间: 1.909976s | 显存: 0.00 B

[PDE求解部分] 总时间: 1.909976s | 显存: 0.00 B

[本步骤总计] 时间: 3.839343s | 显存: 4.12 GB
orginal_loss:  tensor(33506.1211, device='cuda:0', grad_fn=<MseLossBackward0>)
[Step 98] Backward Propagation - Time: 3.9870s, Mem: -4416012288.00 B
[Step 98] PGD Update - Time: 0.0017s, Mem: 0.00 B

[Step 98] 完整步骤总时间: 5.920301s | 总显存: 0.00 B
[Step 98] 峰值显存: 6.23 GB

[Step 99] ============ 详细性能分析 ============
[模型部分] 总时间: 1.920595s | 显存: 4.12 GB

[0-9秒 PDE求解详细性能]

[19秒 PDE求解]
  t=19s - 时间: 1.901404s | 显存: 0.00 B

[PDE求解部分] 总时间: 1.901404s | 显存: 0.00 B

[本步骤总计] 时间: 3.821999s | 显存: 4.12 GB
orginal_loss:  tensor(28898.7500, device='cuda:0', grad_fn=<MseLossBackward0>)
[Step 99] Backward Propagation - Time: 3.9837s, Mem: -4416012288.00 B
[Step 99] PGD Update - Time: 0.0017s, Mem: 0.00 B

[Step 99] 完整步骤总时间: 5.908256s | 总显存: 0.00 B
[Step 99] 峰值显存: 6.23 GB
清理前显存占用: 2092.7470703125 MB
PGD攻击完成！显存已清理
当前显存占用: 2092.2470703125 MB
detached1to9
[1, 2, 3, 4, 5, 6, 7, 8, 9]
================================================================================
norm: 2, epsilon: 78.6432, alpha: 5.0, num_steps: 100, index: 1, method: adam, detach: detached1to9, b1: 0.9, b2: 0.999, adam_eps: 1e-08, sign_Linf: True, amsgrad: False

[Step 0] ============ 详细性能分析 ============
[模型部分] 总时间: 1.934955s | 显存: 4.11 GB

[0-9秒 PDE求解详细性能]

[19秒 PDE求解]
  t=19s - 时间: 1.907985s | 显存: 0.00 B

[PDE求解部分] 总时间: 1.907985s | 显存: 0.00 B

[本步骤总计] 时间: 3.842940s | 显存: 4.11 GB
orginal_loss:  tensor(3644.5620, device='cuda:0', grad_fn=<MseLossBackward0>)
[Step 0] Backward Propagation - Time: 3.9944s, Mem: -4411760640.00 B
[Step 0] PGD Update - Time: 0.0012s, Mem: 1.75 MB

[Step 0] 完整步骤总时间: 5.932316s | 总显存: 5.00 MB
[Step 0] 峰值显存: 6.22 GB

[Step 1] ============ 详细性能分析 ============
[模型部分] 总时间: 1.930360s | 显存: 4.11 GB

[0-9秒 PDE求解详细性能]

[19秒 PDE求解]
  t=19s - 时间: 1.911114s | 显存: 0.00 B

[PDE求解部分] 总时间: 1.911114s | 显存: 0.00 B

[本步骤总计] 时间: 3.841474s | 显存: 4.11 GB
orginal_loss:  tensor(6399.9941, device='cuda:0', grad_fn=<MseLossBackward0>)
[Step 1] Backward Propagation - Time: 3.9546s, Mem: -4409917440.00 B
[Step 1] PGD Update - Time: 0.0011s, Mem: 0.00 B

[Step 1] 完整步骤总时间: 5.888488s | 总显存: -524288.00 B
[Step 1] 峰值显存: 6.22 GB

[Step 2] ============ 详细性能分析 ============
[模型部分] 总时间: 1.891871s | 显存: 4.11 GB

[0-9秒 PDE求解详细性能]

[19秒 PDE求解]
  t=19s - 时间: 1.872449s | 显存: 0.00 B

[PDE求解部分] 总时间: 1.872449s | 显存: 0.00 B

[本步骤总计] 时间: 3.764320s | 显存: 4.11 GB
orginal_loss:  tensor(6831.0103, device='cuda:0', grad_fn=<MseLossBackward0>)
[Step 2] Backward Propagation - Time: 3.9553s, Mem: -4413112320.00 B
[Step 2] PGD Update - Time: 0.0011s, Mem: 0.00 B

[Step 2] 完整步骤总时间: 5.850626s | 总显存: 0.00 B
[Step 2] 峰值显存: 6.23 GB

[Step 3] ============ 详细性能分析 ============
[模型部分] 总时间: 1.883479s | 显存: 4.12 GB

[0-9秒 PDE求解详细性能]

[19秒 PDE求解]
  t=19s - 时间: 1.864202s | 显存: 0.00 B

[PDE求解部分] 总时间: 1.864202s | 显存: 0.00 B

[本步骤总计] 时间: 3.747682s | 显存: 4.12 GB
orginal_loss:  tensor(6885.1914, device='cuda:0', grad_fn=<MseLossBackward0>)
[Step 3] Backward Propagation - Time: 3.9841s, Mem: -4413112320.00 B
[Step 3] PGD Update - Time: 0.0088s, Mem: 0.00 B

[Step 3] 完整步骤总时间: 5.893707s | 总显存: 0.00 B
[Step 3] 峰值显存: 6.23 GB

[Step 4] ============ 详细性能分析 ============
[模型部分] 总时间: 1.987046s | 显存: 4.11 GB

[0-9秒 PDE求解详细性能]

[19秒 PDE求解]
  t=19s - 时间: 1.965548s | 显存: 0.00 B

[PDE求解部分] 总时间: 1.965548s | 显存: 0.00 B

[本步骤总计] 时间: 3.952594s | 显存: 4.11 GB
orginal_loss:  tensor(9294.9277, device='cuda:0', grad_fn=<MseLossBackward0>)
[Step 4] Backward Propagation - Time: 3.9932s, Mem: -4413112320.00 B
[Step 4] PGD Update - Time: 0.0013s, Mem: 0.00 B

[Step 4] 完整步骤总时间: 5.984010s | 总显存: 0.00 B
[Step 4] 峰值显存: 6.23 GB

[Step 5] ============ 详细性能分析 ============
[模型部分] 总时间: 1.914305s | 显存: 4.12 GB

[0-9秒 PDE求解详细性能]

[19秒 PDE求解]
  t=19s - 时间: 1.895101s | 显存: 0.00 B

[PDE求解部分] 总时间: 1.895101s | 显存: 0.00 B

[本步骤总计] 时间: 3.809405s | 显存: 4.12 GB
orginal_loss:  tensor(9860.5332, device='cuda:0', grad_fn=<MseLossBackward0>)
[Step 5] Backward Propagation - Time: 3.9921s, Mem: -4413112320.00 B
[Step 5] PGD Update - Time: 0.0013s, Mem: 0.00 B

[Step 5] 完整步骤总时间: 5.910021s | 总显存: 0.00 B
[Step 5] 峰值显存: 6.23 GB

[Step 6] ============ 详细性能分析 ============
[模型部分] 总时间: 1.892898s | 显存: 4.11 GB

[0-9秒 PDE求解详细性能]

[19秒 PDE求解]
  t=19s - 时间: 1.873690s | 显存: 0.00 B

[PDE求解部分] 总时间: 1.873690s | 显存: 0.00 B

[本步骤总计] 时间: 3.766588s | 显存: 4.11 GB
orginal_loss:  tensor(9766.9424, device='cuda:0', grad_fn=<MseLossBackward0>)
[Step 6] Backward Propagation - Time: 4.0091s, Mem: -4413112320.00 B
[Step 6] PGD Update - Time: 0.0013s, Mem: 0.00 B

[Step 6] 完整步骤总时间: 5.905764s | 总显存: 0.00 B
[Step 6] 峰值显存: 6.23 GB

[Step 7] ============ 详细性能分析 ============
[模型部分] 总时间: 1.932855s | 显存: 4.12 GB

[0-9秒 PDE求解详细性能]

[19秒 PDE求解]
  t=19s - 时间: 1.913631s | 显存: 0.00 B

[PDE求解部分] 总时间: 1.913631s | 显存: 0.00 B

[本步骤总计] 时间: 3.846485s | 显存: 4.12 GB
orginal_loss:  tensor(12259.1953, device='cuda:0', grad_fn=<MseLossBackward0>)
[Step 7] Backward Propagation - Time: 3.9667s, Mem: -4413112320.00 B
[Step 7] PGD Update - Time: 0.0013s, Mem: 0.00 B

[Step 7] 完整步骤总时间: 5.903379s | 总显存: 0.00 B
[Step 7] 峰值显存: 6.23 GB

[Step 8] ============ 详细性能分析 ============
[模型部分] 总时间: 1.911972s | 显存: 4.11 GB

[0-9秒 PDE求解详细性能]

[19秒 PDE求解]
  t=19s - 时间: 1.892751s | 显存: 0.00 B

[PDE求解部分] 总时间: 1.892751s | 显存: 0.00 B

[本步骤总计] 时间: 3.804723s | 显存: 4.11 GB
orginal_loss:  tensor(14991.7109, device='cuda:0', grad_fn=<MseLossBackward0>)
[Step 8] Backward Propagation - Time: 3.9685s, Mem: -4413112320.00 B
[Step 8] PGD Update - Time: 0.0014s, Mem: 0.00 B

[Step 8] 完整步骤总时间: 5.884115s | 总显存: 0.00 B
[Step 8] 峰值显存: 6.23 GB

[Step 9] ============ 详细性能分析 ============
[模型部分] 总时间: 1.897622s | 显存: 4.12 GB

[0-9秒 PDE求解详细性能]

[19秒 PDE求解]
  t=19s - 时间: 1.878465s | 显存: 0.00 B

[PDE求解部分] 总时间: 1.878465s | 显存: 0.00 B

[本步骤总计] 时间: 3.776087s | 显存: 4.12 GB
orginal_loss:  tensor(18876.4219, device='cuda:0', grad_fn=<MseLossBackward0>)
[Step 9] Backward Propagation - Time: 3.9666s, Mem: -4413112320.00 B
[Step 9] PGD Update - Time: 0.0013s, Mem: 0.00 B

[Step 9] 完整步骤总时间: 5.867684s | 总显存: 0.00 B
[Step 9] 峰值显存: 6.23 GB

[Step 10] ============ 详细性能分析 ============
[模型部分] 总时间: 1.901292s | 显存: 4.11 GB

[0-9秒 PDE求解详细性能]

[19秒 PDE求解]
  t=19s - 时间: 1.881862s | 显存: 0.00 B

[PDE求解部分] 总时间: 1.881862s | 显存: 0.00 B

[本步骤总计] 时间: 3.783154s | 显存: 4.11 GB
orginal_loss:  tensor(19826.1660, device='cuda:0', grad_fn=<MseLossBackward0>)
[Step 10] Backward Propagation - Time: 3.9653s, Mem: -4413112320.00 B
[Step 10] PGD Update - Time: 0.0014s, Mem: 0.00 B

[Step 10] 完整步骤总时间: 5.870360s | 总显存: 0.00 B
[Step 10] 峰值显存: 6.23 GB

[Step 11] ============ 详细性能分析 ============
[模型部分] 总时间: 1.928881s | 显存: 4.12 GB

[0-9秒 PDE求解详细性能]

[19秒 PDE求解]
  t=19s - 时间: 1.909656s | 显存: 0.00 B

[PDE求解部分] 总时间: 1.909656s | 显存: 0.00 B

[本步骤总计] 时间: 3.838537s | 显存: 4.12 GB
orginal_loss:  tensor(18935.0938, device='cuda:0', grad_fn=<MseLossBackward0>)
[Step 11] Backward Propagation - Time: 3.9648s, Mem: -4413112320.00 B
[Step 11] PGD Update - Time: 0.0017s, Mem: 0.00 B

[Step 11] 完整步骤总时间: 5.897942s | 总显存: 0.00 B
[Step 11] 峰值显存: 6.23 GB

[Step 12] ============ 详细性能分析 ============
[模型部分] 总时间: 1.895355s | 显存: 4.11 GB

[0-9秒 PDE求解详细性能]

[19秒 PDE求解]
  t=19s - 时间: 1.876110s | 显存: 0.00 B

[PDE求解部分] 总时间: 1.876110s | 显存: 0.00 B

[本步骤总计] 时间: 3.771464s | 显存: 4.11 GB
orginal_loss:  tensor(15931.2520, device='cuda:0', grad_fn=<MseLossBackward0>)
[Step 12] Backward Propagation - Time: 3.9721s, Mem: -4413112320.00 B
[Step 12] PGD Update - Time: 0.0016s, Mem: 0.00 B

[Step 12] 完整步骤总时间: 5.871432s | 总显存: 0.00 B
[Step 12] 峰值显存: 6.23 GB

[Step 13] ============ 详细性能分析 ============
[模型部分] 总时间: 1.886966s | 显存: 4.12 GB

[0-9秒 PDE求解详细性能]

[19秒 PDE求解]
  t=19s - 时间: 1.867752s | 显存: 0.00 B

[PDE求解部分] 总时间: 1.867752s | 显存: 0.00 B

[本步骤总计] 时间: 3.754718s | 显存: 4.12 GB
orginal_loss:  tensor(14928.4395, device='cuda:0', grad_fn=<MseLossBackward0>)
[Step 13] Backward Propagation - Time: 3.9448s, Mem: -4413112320.00 B
[Step 13] PGD Update - Time: 0.0013s, Mem: 0.00 B

[Step 13] 完整步骤总时间: 5.835282s | 总显存: 0.00 B
[Step 13] 峰值显存: 6.23 GB

[Step 14] ============ 详细性能分析 ============
[模型部分] 总时间: 1.898824s | 显存: 4.11 GB

[0-9秒 PDE求解详细性能]

[19秒 PDE求解]
  t=19s - 时间: 1.879635s | 显存: 0.00 B

[PDE求解部分] 总时间: 1.879635s | 显存: 0.00 B

[本步骤总计] 时间: 3.778459s | 显存: 4.11 GB
orginal_loss:  tensor(21695.6875, device='cuda:0', grad_fn=<MseLossBackward0>)
[Step 14] Backward Propagation - Time: 3.9570s, Mem: -4413112320.00 B
[Step 14] PGD Update - Time: 0.0014s, Mem: 0.00 B

[Step 14] 完整步骤总时间: 5.859405s | 总显存: 0.00 B
[Step 14] 峰值显存: 6.23 GB

[Step 15] ============ 详细性能分析 ============
[模型部分] 总时间: 1.870965s | 显存: 4.12 GB

[0-9秒 PDE求解详细性能]

[19秒 PDE求解]
  t=19s - 时间: 1.851682s | 显存: 0.00 B

[PDE求解部分] 总时间: 1.851682s | 显存: 0.00 B

[本步骤总计] 时间: 3.722647s | 显存: 4.12 GB
orginal_loss:  tensor(40079.5352, device='cuda:0', grad_fn=<MseLossBackward0>)
[Step 15] Backward Propagation - Time: 3.9995s, Mem: -4413112320.00 B
[Step 15] PGD Update - Time: 0.0014s, Mem: 0.00 B

[Step 15] 完整步骤总时间: 5.874259s | 总显存: 0.00 B
[Step 15] 峰值显存: 6.23 GB

[Step 16] ============ 详细性能分析 ============
[模型部分] 总时间: 1.929006s | 显存: 4.11 GB

[0-9秒 PDE求解详细性能]

[19秒 PDE求解]
  t=19s - 时间: 1.909890s | 显存: 0.00 B

[PDE求解部分] 总时间: 1.909890s | 显存: 0.00 B

[本步骤总计] 时间: 3.838896s | 显存: 4.11 GB
orginal_loss:  tensor(61746.1094, device='cuda:0', grad_fn=<MseLossBackward0>)
[Step 16] Backward Propagation - Time: 3.9758s, Mem: -4413112320.00 B
[Step 16] PGD Update - Time: 0.0015s, Mem: 0.00 B

[Step 16] 完整步骤总时间: 5.908413s | 总显存: 0.00 B
[Step 16] 峰值显存: 6.23 GB

[Step 17] ============ 详细性能分析 ============
[模型部分] 总时间: 1.909031s | 显存: 4.12 GB

[0-9秒 PDE求解详细性能]

[19秒 PDE求解]
  t=19s - 时间: 1.889820s | 显存: 0.00 B

[PDE求解部分] 总时间: 1.889820s | 显存: 0.00 B

[本步骤总计] 时间: 3.798851s | 显存: 4.12 GB
orginal_loss:  tensor(74357.1016, device='cuda:0', grad_fn=<MseLossBackward0>)
[Step 17] Backward Propagation - Time: 3.9796s, Mem: -4413112320.00 B
[Step 17] PGD Update - Time: 0.0016s, Mem: 0.00 B

[Step 17] 完整步骤总时间: 5.892373s | 总显存: 0.00 B
[Step 17] 峰值显存: 6.23 GB

[Step 18] ============ 详细性能分析 ============
[模型部分] 总时间: 1.898153s | 显存: 4.11 GB

[0-9秒 PDE求解详细性能]

[19秒 PDE求解]
  t=19s - 时间: 1.878751s | 显存: 0.00 B

[PDE求解部分] 总时间: 1.878751s | 显存: 0.00 B

[本步骤总计] 时间: 3.776904s | 显存: 4.11 GB
orginal_loss:  tensor(76127.7344, device='cuda:0', grad_fn=<MseLossBackward0>)
[Step 18] Backward Propagation - Time: 3.9362s, Mem: -4413112320.00 B
[Step 18] PGD Update - Time: 0.0015s, Mem: 0.00 B

[Step 18] 完整步骤总时间: 5.838096s | 总显存: 0.00 B
[Step 18] 峰值显存: 6.23 GB

[Step 19] ============ 详细性能分析 ============
[模型部分] 总时间: 1.876286s | 显存: 4.12 GB

[0-9秒 PDE求解详细性能]

[19秒 PDE求解]
  t=19s - 时间: 1.857034s | 显存: 0.00 B

[PDE求解部分] 总时间: 1.857034s | 显存: 0.00 B

[本步骤总计] 时间: 3.733319s | 显存: 4.12 GB
orginal_loss:  tensor(72478.6172, device='cuda:0', grad_fn=<MseLossBackward0>)
[Step 19] Backward Propagation - Time: 4.3794s, Mem: -4413112320.00 B
[Step 19] PGD Update - Time: 0.0016s, Mem: 0.00 B

[Step 19] 完整步骤总时间: 6.259841s | 总显存: 0.00 B
[Step 19] 峰值显存: 6.23 GB

[Step 20] ============ 详细性能分析 ============
[模型部分] 总时间: 1.920493s | 显存: 4.11 GB

[0-9秒 PDE求解详细性能]

[19秒 PDE求解]
  t=19s - 时间: 1.901295s | 显存: 0.00 B

[PDE求解部分] 总时间: 1.901295s | 显存: 0.00 B

[本步骤总计] 时间: 3.821788s | 显存: 4.11 GB
orginal_loss:  tensor(69861.5000, device='cuda:0', grad_fn=<MseLossBackward0>)
[Step 20] Backward Propagation - Time: 3.9216s, Mem: -4413112320.00 B
[Step 20] PGD Update - Time: 0.0015s, Mem: 0.00 B

[Step 20] 完整步骤总时间: 5.845878s | 总显存: 0.00 B
[Step 20] 峰值显存: 6.23 GB

[Step 21] ============ 详细性能分析 ============
[模型部分] 总时间: 1.894175s | 显存: 4.12 GB

[0-9秒 PDE求解详细性能]

[19秒 PDE求解]
  t=19s - 时间: 1.874978s | 显存: 0.00 B

[PDE求解部分] 总时间: 1.874978s | 显存: 0.00 B

[本步骤总计] 时间: 3.769153s | 显存: 4.12 GB
orginal_loss:  tensor(77277.5312, device='cuda:0', grad_fn=<MseLossBackward0>)
[Step 21] Backward Propagation - Time: 3.9482s, Mem: -4413112320.00 B
[Step 21] PGD Update - Time: 0.0017s, Mem: 0.00 B

[Step 21] 完整步骤总时间: 5.846304s | 总显存: 0.00 B
[Step 21] 峰值显存: 6.23 GB

[Step 22] ============ 详细性能分析 ============
[模型部分] 总时间: 1.900262s | 显存: 4.11 GB

[0-9秒 PDE求解详细性能]

[19秒 PDE求解]
  t=19s - 时间: 1.881076s | 显存: 0.00 B

[PDE求解部分] 总时间: 1.881076s | 显存: 0.00 B

[本步骤总计] 时间: 3.781338s | 显存: 4.11 GB
orginal_loss:  tensor(94420.1875, device='cuda:0', grad_fn=<MseLossBackward0>)
[Step 22] Backward Propagation - Time: 3.9479s, Mem: -4413112320.00 B
[Step 22] PGD Update - Time: 0.0017s, Mem: 0.00 B

[Step 22] 完整步骤总时间: 5.852064s | 总显存: 0.00 B
[Step 22] 峰值显存: 6.23 GB

[Step 23] ============ 详细性能分析 ============
[模型部分] 总时间: 1.890132s | 显存: 4.12 GB

[0-9秒 PDE求解详细性能]

[19秒 PDE求解]
  t=19s - 时间: 1.870937s | 显存: 0.00 B

[PDE求解部分] 总时间: 1.870937s | 显存: 0.00 B

[本步骤总计] 时间: 3.761069s | 显存: 4.12 GB
orginal_loss:  tensor(102920.2500, device='cuda:0', grad_fn=<MseLossBackward0>)
[Step 23] Backward Propagation - Time: 3.9533s, Mem: -4413112320.00 B
[Step 23] PGD Update - Time: 0.0018s, Mem: 0.00 B

[Step 23] 完整步骤总时间: 5.847761s | 总显存: 0.00 B
[Step 23] 峰值显存: 6.23 GB

[Step 24] ============ 详细性能分析 ============
[模型部分] 总时间: 1.972450s | 显存: 4.11 GB

[0-9秒 PDE求解详细性能]

[19秒 PDE求解]
  t=19s - 时间: 1.953245s | 显存: 0.00 B

[PDE求解部分] 总时间: 1.953245s | 显存: 0.00 B

[本步骤总计] 时间: 3.925695s | 显存: 4.11 GB
orginal_loss:  tensor(124959.7188, device='cuda:0', grad_fn=<MseLossBackward0>)
[Step 24] Backward Propagation - Time: 15.0112s, Mem: -4413112320.00 B
[Step 24] PGD Update - Time: 1.5279s, Mem: 0.00 B

[Step 24] 完整步骤总时间: 18.521497s | 总显存: 0.00 B
[Step 24] 峰值显存: 6.23 GB

[Step 25] ============ 详细性能分析 ============
[模型部分] 总时间: 4.324763s | 显存: 4.12 GB

[0-9秒 PDE求解详细性能]

[19秒 PDE求解]
  t=19s - 时间: 3.148726s | 显存: 0.00 B

[PDE求解部分] 总时间: 3.148726s | 显存: 0.00 B

[本步骤总计] 时间: 7.473489s | 显存: 4.12 GB
orginal_loss:  tensor(162025.8594, device='cuda:0', grad_fn=<MseLossBackward0>)
[Step 25] Backward Propagation - Time: 4.6862s, Mem: -4413112320.00 B
[Step 25] PGD Update - Time: 0.0018s, Mem: 0.00 B

[Step 25] 完整步骤总时间: 9.850589s | 总显存: 0.00 B
[Step 25] 峰值显存: 6.23 GB

[Step 26] ============ 详细性能分析 ============
[模型部分] 总时间: 1.902011s | 显存: 4.11 GB

[0-9秒 PDE求解详细性能]

[19秒 PDE求解]
  t=19s - 时间: 1.882803s | 显存: 0.00 B

[PDE求解部分] 总时间: 1.882803s | 显存: 0.00 B

[本步骤总计] 时间: 3.784814s | 显存: 4.11 GB
orginal_loss:  tensor(203403.0938, device='cuda:0', grad_fn=<MseLossBackward0>)
[Step 26] Backward Propagation - Time: 3.9243s, Mem: -4413112320.00 B
[Step 26] PGD Update - Time: 0.0017s, Mem: 0.00 B

[Step 26] 完整步骤总时间: 5.830513s | 总显存: 0.00 B
[Step 26] 峰值显存: 6.23 GB

[Step 27] ============ 详细性能分析 ============
[模型部分] 总时间: 1.892107s | 显存: 4.12 GB

[0-9秒 PDE求解详细性能]

[19秒 PDE求解]
  t=19s - 时间: 1.872900s | 显存: 0.00 B

[PDE求解部分] 总时间: 1.872900s | 显存: 0.00 B

[本步骤总计] 时间: 3.765007s | 显存: 4.12 GB
orginal_loss:  tensor(234867.2500, device='cuda:0', grad_fn=<MseLossBackward0>)
[Step 27] Backward Propagation - Time: 3.9441s, Mem: -4413112320.00 B
[Step 27] PGD Update - Time: 0.0017s, Mem: 0.00 B

[Step 27] 完整步骤总时间: 5.840189s | 总显存: 0.00 B
[Step 27] 峰值显存: 6.23 GB

[Step 28] ============ 详细性能分析 ============
[模型部分] 总时间: 1.919784s | 显存: 4.11 GB

[0-9秒 PDE求解详细性能]

[19秒 PDE求解]
  t=19s - 时间: 1.900605s | 显存: 0.00 B

[PDE求解部分] 总时间: 1.900605s | 显存: 0.00 B

[本步骤总计] 时间: 3.820389s | 显存: 4.11 GB
orginal_loss:  tensor(248315.0469, device='cuda:0', grad_fn=<MseLossBackward0>)
[Step 28] Backward Propagation - Time: 3.9726s, Mem: -4413112320.00 B
[Step 28] PGD Update - Time: 0.0017s, Mem: 0.00 B

[Step 28] 完整步骤总时间: 5.896334s | 总显存: 0.00 B
[Step 28] 峰值显存: 6.23 GB

[Step 29] ============ 详细性能分析 ============
[模型部分] 总时间: 1.917764s | 显存: 4.12 GB

[0-9秒 PDE求解详细性能]

[19秒 PDE求解]
  t=19s - 时间: 1.898552s | 显存: 0.00 B

[PDE求解部分] 总时间: 1.898552s | 显存: 0.00 B

[本步骤总计] 时间: 3.816315s | 显存: 4.12 GB
orginal_loss:  tensor(256420.6719, device='cuda:0', grad_fn=<MseLossBackward0>)
[Step 29] Backward Propagation - Time: 4.0338s, Mem: -4413112320.00 B
[Step 29] PGD Update - Time: 0.0017s, Mem: 0.00 B

[Step 29] 完整步骤总时间: 5.955427s | 总显存: 0.00 B
[Step 29] 峰值显存: 6.23 GB

[Step 30] ============ 详细性能分析 ============
[模型部分] 总时间: 1.912738s | 显存: 4.11 GB

[0-9秒 PDE求解详细性能]

[19秒 PDE求解]
  t=19s - 时间: 1.893474s | 显存: 0.00 B

[PDE求解部分] 总时间: 1.893474s | 显存: 0.00 B

[本步骤总计] 时间: 3.806213s | 显存: 4.11 GB
orginal_loss:  tensor(264502.7812, device='cuda:0', grad_fn=<MseLossBackward0>)
[Step 30] Backward Propagation - Time: 3.9212s, Mem: -4413112320.00 B
[Step 30] PGD Update - Time: 0.0017s, Mem: 0.00 B

[Step 30] 完整步骤总时间: 5.837837s | 总显存: 0.00 B
[Step 30] 峰值显存: 6.23 GB

[Step 31] ============ 详细性能分析 ============
[模型部分] 总时间: 1.934105s | 显存: 4.12 GB

[0-9秒 PDE求解详细性能]

[19秒 PDE求解]
  t=19s - 时间: 1.914882s | 显存: 0.00 B

[PDE求解部分] 总时间: 1.914882s | 显存: 0.00 B

[本步骤总计] 时间: 3.848987s | 显存: 4.12 GB
orginal_loss:  tensor(262204.5000, device='cuda:0', grad_fn=<MseLossBackward0>)
[Step 31] Backward Propagation - Time: 3.9799s, Mem: -4413112320.00 B
[Step 31] PGD Update - Time: 0.0017s, Mem: 0.00 B

[Step 31] 完整步骤总时间: 5.917914s | 总显存: 0.00 B
[Step 31] 峰值显存: 6.23 GB

[Step 32] ============ 详细性能分析 ============
[模型部分] 总时间: 1.894312s | 显存: 4.11 GB

[0-9秒 PDE求解详细性能]

[19秒 PDE求解]
  t=19s - 时间: 1.874953s | 显存: 0.00 B

[PDE求解部分] 总时间: 1.874953s | 显存: 0.00 B

[本步骤总计] 时间: 3.769265s | 显存: 4.11 GB
orginal_loss:  tensor(255240.5625, device='cuda:0', grad_fn=<MseLossBackward0>)
[Step 32] Backward Propagation - Time: 3.9868s, Mem: -4413112320.00 B
[Step 32] PGD Update - Time: 0.0017s, Mem: 0.00 B

[Step 32] 完整步骤总时间: 5.885195s | 总显存: 0.00 B
[Step 32] 峰值显存: 6.23 GB

[Step 33] ============ 详细性能分析 ============
[模型部分] 总时间: 1.891076s | 显存: 4.12 GB

[0-9秒 PDE求解详细性能]

[19秒 PDE求解]
  t=19s - 时间: 1.871788s | 显存: 0.00 B

[PDE求解部分] 总时间: 1.871788s | 显存: 0.00 B

[本步骤总计] 时间: 3.762864s | 显存: 4.12 GB
orginal_loss:  tensor(242187.0625, device='cuda:0', grad_fn=<MseLossBackward0>)
[Step 33] Backward Propagation - Time: 3.9568s, Mem: -4413112320.00 B
[Step 33] PGD Update - Time: 0.0017s, Mem: 0.00 B

[Step 33] 完整步骤总时间: 5.851757s | 总显存: 0.00 B
[Step 33] 峰值显存: 6.23 GB

[Step 34] ============ 详细性能分析 ============
[模型部分] 总时间: 1.879773s | 显存: 4.11 GB

[0-9秒 PDE求解详细性能]

[19秒 PDE求解]
  t=19s - 时间: 1.860526s | 显存: 0.00 B

[PDE求解部分] 总时间: 1.860526s | 显存: 0.00 B

[本步骤总计] 时间: 3.740299s | 显存: 4.11 GB
orginal_loss:  tensor(225836.1719, device='cuda:0', grad_fn=<MseLossBackward0>)
[Step 34] Backward Propagation - Time: 3.9516s, Mem: -4413112320.00 B
[Step 34] PGD Update - Time: 0.0017s, Mem: 0.00 B

[Step 34] 完整步骤总时间: 5.835312s | 总显存: 0.00 B
[Step 34] 峰值显存: 6.23 GB

[Step 35] ============ 详细性能分析 ============
[模型部分] 总时间: 1.890574s | 显存: 4.12 GB

[0-9秒 PDE求解详细性能]

[19秒 PDE求解]
  t=19s - 时间: 1.871371s | 显存: 0.00 B

[PDE求解部分] 总时间: 1.871371s | 显存: 0.00 B

[本步骤总计] 时间: 3.761945s | 显存: 4.12 GB
orginal_loss:  tensor(213166.7344, device='cuda:0', grad_fn=<MseLossBackward0>)
[Step 35] Backward Propagation - Time: 3.9936s, Mem: -4413112320.00 B
[Step 35] PGD Update - Time: 0.0017s, Mem: 0.00 B

[Step 35] 完整步骤总时间: 5.888382s | 总显存: 0.00 B
[Step 35] 峰值显存: 6.23 GB

[Step 36] ============ 详细性能分析 ============
[模型部分] 总时间: 1.903993s | 显存: 4.11 GB

[0-9秒 PDE求解详细性能]

[19秒 PDE求解]
  t=19s - 时间: 1.884760s | 显存: 0.00 B

[PDE求解部分] 总时间: 1.884760s | 显存: 0.00 B

[本步骤总计] 时间: 3.788754s | 显存: 4.11 GB
orginal_loss:  tensor(209573.4844, device='cuda:0', grad_fn=<MseLossBackward0>)
[Step 36] Backward Propagation - Time: 3.9000s, Mem: -4413112320.00 B
[Step 36] PGD Update - Time: 0.0017s, Mem: 0.00 B

[Step 36] 完整步骤总时间: 5.807972s | 总显存: 0.00 B
[Step 36] 峰值显存: 6.23 GB

[Step 37] ============ 详细性能分析 ============
[模型部分] 总时间: 1.885818s | 显存: 4.12 GB

[0-9秒 PDE求解详细性能]

[19秒 PDE求解]
  t=19s - 时间: 1.866583s | 显存: 0.00 B

[PDE求解部分] 总时间: 1.866583s | 显存: 0.00 B

[本步骤总计] 时间: 3.752402s | 显存: 4.12 GB
orginal_loss:  tensor(213731.0938, device='cuda:0', grad_fn=<MseLossBackward0>)
[Step 37] Backward Propagation - Time: 3.8902s, Mem: -4413112320.00 B
[Step 37] PGD Update - Time: 0.0017s, Mem: 0.00 B

[Step 37] 完整步骤总时间: 5.779849s | 总显存: 0.00 B
[Step 37] 峰值显存: 6.23 GB

[Step 38] ============ 详细性能分析 ============
[模型部分] 总时间: 1.889003s | 显存: 4.11 GB

[0-9秒 PDE求解详细性能]

[19秒 PDE求解]
  t=19s - 时间: 1.869777s | 显存: 0.00 B

[PDE求解部分] 总时间: 1.869777s | 显存: 0.00 B

[本步骤总计] 时间: 3.758780s | 显存: 4.11 GB
orginal_loss:  tensor(218781.9844, device='cuda:0', grad_fn=<MseLossBackward0>)
[Step 38] Backward Propagation - Time: 3.9320s, Mem: -4413112320.00 B
[Step 38] PGD Update - Time: 0.0018s, Mem: 0.00 B

[Step 38] 完整步骤总时间: 5.825237s | 总显存: 0.00 B
[Step 38] 峰值显存: 6.23 GB

[Step 39] ============ 详细性能分析 ============
[模型部分] 总时间: 1.897633s | 显存: 4.12 GB

[0-9秒 PDE求解详细性能]

[19秒 PDE求解]
  t=19s - 时间: 1.878413s | 显存: 0.00 B

[PDE求解部分] 总时间: 1.878413s | 显存: 0.00 B

[本步骤总计] 时间: 3.776046s | 显存: 4.12 GB
orginal_loss:  tensor(221802.3750, device='cuda:0', grad_fn=<MseLossBackward0>)
[Step 39] Backward Propagation - Time: 3.9729s, Mem: -4413112320.00 B
[Step 39] PGD Update - Time: 0.0017s, Mem: 0.00 B

[Step 39] 完整步骤总时间: 5.874528s | 总显存: 0.00 B
[Step 39] 峰值显存: 6.23 GB

[Step 40] ============ 详细性能分析 ============
[模型部分] 总时间: 1.887762s | 显存: 4.11 GB

[0-9秒 PDE求解详细性能]

[19秒 PDE求解]
  t=19s - 时间: 1.868555s | 显存: 0.00 B

[PDE求解部分] 总时间: 1.868555s | 显存: 0.00 B

[本步骤总计] 时间: 3.756317s | 显存: 4.11 GB
orginal_loss:  tensor(223935.0156, device='cuda:0', grad_fn=<MseLossBackward0>)
[Step 40] Backward Propagation - Time: 3.9810s, Mem: -4413112320.00 B
[Step 40] PGD Update - Time: 0.0017s, Mem: 0.00 B

[Step 40] 完整步骤总时间: 5.872680s | 总显存: 0.00 B
[Step 40] 峰值显存: 6.23 GB

[Step 41] ============ 详细性能分析 ============
[模型部分] 总时间: 1.886547s | 显存: 4.12 GB

[0-9秒 PDE求解详细性能]

[19秒 PDE求解]
  t=19s - 时间: 1.867182s | 显存: 0.00 B

[PDE求解部分] 总时间: 1.867182s | 显存: 0.00 B

[本步骤总计] 时间: 3.753729s | 显存: 4.12 GB
orginal_loss:  tensor(225149.6875, device='cuda:0', grad_fn=<MseLossBackward0>)
[Step 41] Backward Propagation - Time: 3.9583s, Mem: -4413112320.00 B
[Step 41] PGD Update - Time: 0.0017s, Mem: 0.00 B

[Step 41] 完整步骤总时间: 5.848924s | 总显存: 0.00 B
[Step 41] 峰值显存: 6.23 GB

[Step 42] ============ 详细性能分析 ============
[模型部分] 总时间: 1.930998s | 显存: 4.11 GB

[0-9秒 PDE求解详细性能]

[19秒 PDE求解]
  t=19s - 时间: 1.911654s | 显存: 0.00 B

[PDE求解部分] 总时间: 1.911654s | 显存: 0.00 B

[本步骤总计] 时间: 3.842652s | 显存: 4.11 GB
orginal_loss:  tensor(224844.3594, device='cuda:0', grad_fn=<MseLossBackward0>)
[Step 42] Backward Propagation - Time: 4.4647s, Mem: -4413112320.00 B
[Step 42] PGD Update - Time: 0.0017s, Mem: 0.00 B

[Step 42] 完整步骤总时间: 6.399644s | 总显存: 0.00 B
[Step 42] 峰值显存: 6.23 GB

[Step 43] ============ 详细性能分析 ============
[模型部分] 总时间: 1.922358s | 显存: 4.12 GB

[0-9秒 PDE求解详细性能]

[19秒 PDE求解]
  t=19s - 时间: 1.903203s | 显存: 0.00 B

[PDE求解部分] 总时间: 1.903203s | 显存: 0.00 B

[本步骤总计] 时间: 3.825561s | 显存: 4.12 GB
orginal_loss:  tensor(222320.8750, device='cuda:0', grad_fn=<MseLossBackward0>)
[Step 43] Backward Propagation - Time: 3.9279s, Mem: -4413112320.00 B
[Step 43] PGD Update - Time: 0.0017s, Mem: 0.00 B

[Step 43] 完整步骤总时间: 5.854480s | 总显存: 0.00 B
[Step 43] 峰值显存: 6.23 GB

[Step 44] ============ 详细性能分析 ============
[模型部分] 总时间: 1.893519s | 显存: 4.11 GB

[0-9秒 PDE求解详细性能]

[19秒 PDE求解]
  t=19s - 时间: 1.874311s | 显存: 0.00 B

[PDE求解部分] 总时间: 1.874311s | 显存: 0.00 B

[本步骤总计] 时间: 3.767830s | 显存: 4.11 GB
orginal_loss:  tensor(218321.8906, device='cuda:0', grad_fn=<MseLossBackward0>)
[Step 44] Backward Propagation - Time: 3.9288s, Mem: -4413112320.00 B
[Step 44] PGD Update - Time: 0.0017s, Mem: 0.00 B

[Step 44] 完整步骤总时间: 5.826294s | 总显存: 0.00 B
[Step 44] 峰值显存: 6.23 GB

[Step 45] ============ 详细性能分析 ============
[模型部分] 总时间: 1.905393s | 显存: 4.12 GB

[0-9秒 PDE求解详细性能]

[19秒 PDE求解]
  t=19s - 时间: 1.886230s | 显存: 0.00 B

[PDE求解部分] 总时间: 1.886230s | 显存: 0.00 B

[本步骤总计] 时间: 3.791623s | 显存: 4.12 GB
orginal_loss:  tensor(217486.5156, device='cuda:0', grad_fn=<MseLossBackward0>)
[Step 45] Backward Propagation - Time: 3.8884s, Mem: -4413112320.00 B
[Step 45] PGD Update - Time: 0.0017s, Mem: 0.00 B

[Step 45] 完整步骤总时间: 5.797620s | 总显存: 0.00 B
[Step 45] 峰值显存: 6.23 GB

[Step 46] ============ 详细性能分析 ============
[模型部分] 总时间: 1.877688s | 显存: 4.11 GB

[0-9秒 PDE求解详细性能]

[19秒 PDE求解]
  t=19s - 时间: 1.858478s | 显存: 0.00 B

[PDE求解部分] 总时间: 1.858478s | 显存: 0.00 B

[本步骤总计] 时间: 3.736166s | 显存: 4.11 GB
orginal_loss:  tensor(218919.2188, device='cuda:0', grad_fn=<MseLossBackward0>)
[Step 46] Backward Propagation - Time: 3.9749s, Mem: -4413112320.00 B
[Step 46] PGD Update - Time: 0.0016s, Mem: 0.00 B

[Step 46] 完整步骤总时间: 5.856278s | 总显存: 0.00 B
[Step 46] 峰值显存: 6.23 GB

[Step 47] ============ 详细性能分析 ============
[模型部分] 总时间: 1.899993s | 显存: 4.12 GB

[0-9秒 PDE求解详细性能]

[19秒 PDE求解]
  t=19s - 时间: 1.880793s | 显存: 0.00 B

[PDE求解部分] 总时间: 1.880793s | 显存: 0.00 B

[本步骤总计] 时间: 3.780786s | 显存: 4.12 GB
orginal_loss:  tensor(220825.8125, device='cuda:0', grad_fn=<MseLossBackward0>)
[Step 47] Backward Propagation - Time: 3.9298s, Mem: -4413112320.00 B
[Step 47] PGD Update - Time: 0.0017s, Mem: 0.00 B

[Step 47] 完整步骤总时间: 5.833863s | 总显存: 0.00 B
[Step 47] 峰值显存: 6.23 GB

[Step 48] ============ 详细性能分析 ============
[模型部分] 总时间: 1.881359s | 显存: 4.11 GB

[0-9秒 PDE求解详细性能]

[19秒 PDE求解]
  t=19s - 时间: 1.862102s | 显存: 0.00 B

[PDE求解部分] 总时间: 1.862102s | 显存: 0.00 B

[本步骤总计] 时间: 3.743460s | 显存: 4.11 GB
orginal_loss:  tensor(223466.3281, device='cuda:0', grad_fn=<MseLossBackward0>)
[Step 48] Backward Propagation - Time: 3.9312s, Mem: -4413112320.00 B
[Step 48] PGD Update - Time: 0.0017s, Mem: 0.00 B

[Step 48] 完整步骤总时间: 5.816433s | 总显存: 0.00 B
[Step 48] 峰值显存: 6.23 GB

[Step 49] ============ 详细性能分析 ============
[模型部分] 总时间: 1.898290s | 显存: 4.12 GB

[0-9秒 PDE求解详细性能]

[19秒 PDE求解]
  t=19s - 时间: 1.879117s | 显存: 0.00 B

[PDE求解部分] 总时间: 1.879117s | 显存: 0.00 B

[本步骤总计] 时间: 3.777407s | 显存: 4.12 GB
orginal_loss:  tensor(225439.6094, device='cuda:0', grad_fn=<MseLossBackward0>)
[Step 49] Backward Propagation - Time: 3.9705s, Mem: -4413112320.00 B
[Step 49] PGD Update - Time: 0.0018s, Mem: 0.00 B

[Step 49] 完整步骤总时间: 5.872777s | 总显存: 0.00 B
[Step 49] 峰值显存: 6.23 GB

[Step 50] ============ 详细性能分析 ============
[模型部分] 总时间: 1.938054s | 显存: 4.11 GB

[0-9秒 PDE求解详细性能]

[19秒 PDE求解]
  t=19s - 时间: 1.918649s | 显存: 0.00 B

[PDE求解部分] 总时间: 1.918649s | 显存: 0.00 B

[本步骤总计] 时间: 3.856703s | 显存: 4.11 GB
orginal_loss:  tensor(225740.0938, device='cuda:0', grad_fn=<MseLossBackward0>)
[Step 50] Backward Propagation - Time: 3.9703s, Mem: -4413112320.00 B
[Step 50] PGD Update - Time: 0.0017s, Mem: 0.00 B

[Step 50] 完整步骤总时间: 5.912417s | 总显存: 0.00 B
[Step 50] 峰值显存: 6.23 GB

[Step 51] ============ 详细性能分析 ============
[模型部分] 总时间: 1.915672s | 显存: 4.12 GB

[0-9秒 PDE求解详细性能]

[19秒 PDE求解]
  t=19s - 时间: 1.896432s | 显存: 0.00 B

[PDE求解部分] 总时间: 1.896432s | 显存: 0.00 B

[本步骤总计] 时间: 3.812104s | 显存: 4.12 GB
orginal_loss:  tensor(226043.3125, device='cuda:0', grad_fn=<MseLossBackward0>)
[Step 51] Backward Propagation - Time: 3.9382s, Mem: -4413112320.00 B
[Step 51] PGD Update - Time: 0.0017s, Mem: 0.00 B

[Step 51] 完整步骤总时间: 5.857923s | 总显存: 0.00 B
[Step 51] 峰值显存: 6.23 GB

[Step 52] ============ 详细性能分析 ============
[模型部分] 总时间: 1.898511s | 显存: 4.11 GB

[0-9秒 PDE求解详细性能]

[19秒 PDE求解]
  t=19s - 时间: 1.879212s | 显存: 0.00 B

[PDE求解部分] 总时间: 1.879212s | 显存: 0.00 B

[本步骤总计] 时间: 3.777723s | 显存: 4.11 GB
orginal_loss:  tensor(227047.2500, device='cuda:0', grad_fn=<MseLossBackward0>)
[Step 52] Backward Propagation - Time: 3.9556s, Mem: -4413112320.00 B
[Step 52] PGD Update - Time: 0.0017s, Mem: 0.00 B

[Step 52] 完整步骤总时间: 5.858740s | 总显存: 0.00 B
[Step 52] 峰值显存: 6.23 GB

[Step 53] ============ 详细性能分析 ============
[模型部分] 总时间: 1.925256s | 显存: 4.12 GB

[0-9秒 PDE求解详细性能]

[19秒 PDE求解]
  t=19s - 时间: 1.906070s | 显存: 0.00 B

[PDE求解部分] 总时间: 1.906070s | 显存: 0.00 B

[本步骤总计] 时间: 3.831326s | 显存: 4.12 GB
orginal_loss:  tensor(227381.4688, device='cuda:0', grad_fn=<MseLossBackward0>)
[Step 53] Backward Propagation - Time: 3.9923s, Mem: -4413112320.00 B
[Step 53] PGD Update - Time: 0.0017s, Mem: 0.00 B

[Step 53] 完整步骤总时间: 5.921633s | 总显存: 0.00 B
[Step 53] 峰值显存: 6.23 GB

[Step 54] ============ 详细性能分析 ============
[模型部分] 总时间: 1.885677s | 显存: 4.11 GB

[0-9秒 PDE求解详细性能]

[19秒 PDE求解]
  t=19s - 时间: 1.866450s | 显存: 0.00 B

[PDE求解部分] 总时间: 1.866450s | 显存: 0.00 B

[本步骤总计] 时间: 3.752127s | 显存: 4.11 GB
orginal_loss:  tensor(226270.9219, device='cuda:0', grad_fn=<MseLossBackward0>)
[Step 54] Backward Propagation - Time: 3.9811s, Mem: -4413112320.00 B
[Step 54] PGD Update - Time: 0.0018s, Mem: 0.00 B

[Step 54] 完整步骤总时间: 5.870887s | 总显存: 0.00 B
[Step 54] 峰值显存: 6.23 GB

[Step 55] ============ 详细性能分析 ============
[模型部分] 总时间: 1.911369s | 显存: 4.12 GB

[0-9秒 PDE求解详细性能]

[19秒 PDE求解]
  t=19s - 时间: 1.892142s | 显存: 0.00 B

[PDE求解部分] 总时间: 1.892142s | 显存: 0.00 B

[本步骤总计] 时间: 3.803512s | 显存: 4.12 GB
orginal_loss:  tensor(223945.5938, device='cuda:0', grad_fn=<MseLossBackward0>)
[Step 55] Backward Propagation - Time: 3.9744s, Mem: -4413112320.00 B
[Step 55] PGD Update - Time: 0.0018s, Mem: 0.00 B

[Step 55] 完整步骤总时间: 5.889845s | 总显存: 0.00 B
[Step 55] 峰值显存: 6.23 GB

[Step 56] ============ 详细性能分析 ============
[模型部分] 总时间: 1.896144s | 显存: 4.11 GB

[0-9秒 PDE求解详细性能]

[19秒 PDE求解]
  t=19s - 时间: 1.876690s | 显存: 0.00 B

[PDE求解部分] 总时间: 1.876690s | 显存: 0.00 B

[本步骤总计] 时间: 3.772835s | 显存: 4.11 GB
orginal_loss:  tensor(221691.1875, device='cuda:0', grad_fn=<MseLossBackward0>)
[Step 56] Backward Propagation - Time: 3.9904s, Mem: -4413112320.00 B
[Step 56] PGD Update - Time: 0.0017s, Mem: 0.00 B

[Step 56] 完整步骤总时间: 5.890575s | 总显存: 0.00 B
[Step 56] 峰值显存: 6.23 GB

[Step 57] ============ 详细性能分析 ============
[模型部分] 总时间: 1.898374s | 显存: 4.12 GB

[0-9秒 PDE求解详细性能]

[19秒 PDE求解]
  t=19s - 时间: 1.879149s | 显存: 0.00 B

[PDE求解部分] 总时间: 1.879149s | 显存: 0.00 B

[本步骤总计] 时间: 3.777523s | 显存: 4.12 GB
orginal_loss:  tensor(221160.7500, device='cuda:0', grad_fn=<MseLossBackward0>)
[Step 57] Backward Propagation - Time: 4.0133s, Mem: -4413112320.00 B
[Step 57] PGD Update - Time: 0.0017s, Mem: 0.00 B

[Step 57] 完整步骤总时间: 5.915885s | 总显存: 0.00 B
[Step 57] 峰值显存: 6.23 GB

[Step 58] ============ 详细性能分析 ============
[模型部分] 总时间: 1.904316s | 显存: 4.11 GB

[0-9秒 PDE求解详细性能]

[19秒 PDE求解]
  t=19s - 时间: 1.885090s | 显存: 0.00 B

[PDE求解部分] 总时间: 1.885090s | 显存: 0.00 B

[本步骤总计] 时间: 3.789406s | 显存: 4.11 GB
orginal_loss:  tensor(222084.5469, device='cuda:0', grad_fn=<MseLossBackward0>)
[Step 58] Backward Propagation - Time: 3.8644s, Mem: -4413112320.00 B
[Step 58] PGD Update - Time: 0.0017s, Mem: 0.00 B

[Step 58] 完整步骤总时间: 5.772664s | 总显存: 0.00 B
[Step 58] 峰值显存: 6.23 GB

[Step 59] ============ 详细性能分析 ============
[模型部分] 总时间: 1.885018s | 显存: 4.12 GB

[0-9秒 PDE求解详细性能]

[19秒 PDE求解]
  t=19s - 时间: 1.865821s | 显存: 0.00 B

[PDE求解部分] 总时间: 1.865821s | 显存: 0.00 B

[本步骤总计] 时间: 3.750839s | 显存: 4.12 GB
orginal_loss:  tensor(222575.3125, device='cuda:0', grad_fn=<MseLossBackward0>)
[Step 59] Backward Propagation - Time: 3.9452s, Mem: -4413112320.00 B
[Step 59] PGD Update - Time: 0.0017s, Mem: 0.00 B

[Step 59] 完整步骤总时间: 5.834282s | 总显存: 0.00 B
[Step 59] 峰值显存: 6.23 GB

[Step 60] ============ 详细性能分析 ============
[模型部分] 总时间: 1.893669s | 显存: 4.11 GB

[0-9秒 PDE求解详细性能]

[19秒 PDE求解]
  t=19s - 时间: 1.874421s | 显存: 0.00 B

[PDE求解部分] 总时间: 1.874421s | 显存: 0.00 B

[本步骤总计] 时间: 3.768090s | 显存: 4.11 GB
orginal_loss:  tensor(221440.6719, device='cuda:0', grad_fn=<MseLossBackward0>)
[Step 60] Backward Propagation - Time: 3.9620s, Mem: -4413112320.00 B
[Step 60] PGD Update - Time: 0.0017s, Mem: 0.00 B

[Step 60] 完整步骤总时间: 5.859730s | 总显存: 0.00 B
[Step 60] 峰值显存: 6.23 GB

[Step 61] ============ 详细性能分析 ============
[模型部分] 总时间: 1.896620s | 显存: 4.12 GB

[0-9秒 PDE求解详细性能]

[19秒 PDE求解]
  t=19s - 时间: 1.877378s | 显存: 0.00 B

[PDE求解部分] 总时间: 1.877378s | 显存: 0.00 B

[本步骤总计] 时间: 3.773997s | 显存: 4.12 GB
orginal_loss:  tensor(218929.3438, device='cuda:0', grad_fn=<MseLossBackward0>)
[Step 61] Backward Propagation - Time: 3.9145s, Mem: -4413112320.00 B
[Step 61] PGD Update - Time: 0.0018s, Mem: 0.00 B

[Step 61] 完整步骤总时间: 5.815140s | 总显存: 0.00 B
[Step 61] 峰值显存: 6.23 GB

[Step 62] ============ 详细性能分析 ============
[模型部分] 总时间: 1.891347s | 显存: 4.11 GB

[0-9秒 PDE求解详细性能]

[19秒 PDE求解]
  t=19s - 时间: 1.871961s | 显存: 0.00 B

[PDE求解部分] 总时间: 1.871961s | 显存: 0.00 B

[本步骤总计] 时间: 3.763308s | 显存: 4.11 GB
orginal_loss:  tensor(216639.4531, device='cuda:0', grad_fn=<MseLossBackward0>)
[Step 62] Backward Propagation - Time: 3.9342s, Mem: -4413112320.00 B
[Step 62] PGD Update - Time: 0.0017s, Mem: 0.00 B

[Step 62] 完整步骤总时间: 5.829519s | 总显存: 0.00 B
[Step 62] 峰值显存: 6.23 GB

[Step 63] ============ 详细性能分析 ============
[模型部分] 总时间: 1.919168s | 显存: 4.12 GB

[0-9秒 PDE求解详细性能]

[19秒 PDE求解]
  t=19s - 时间: 1.899978s | 显存: 0.00 B

[PDE求解部分] 总时间: 1.899978s | 显存: 0.00 B

[本步骤总计] 时间: 3.819147s | 显存: 4.12 GB
orginal_loss:  tensor(216408.2500, device='cuda:0', grad_fn=<MseLossBackward0>)
[Step 63] Backward Propagation - Time: 3.9044s, Mem: -4413112320.00 B
[Step 63] PGD Update - Time: 0.0018s, Mem: 0.00 B

[Step 63] 完整步骤总时间: 5.827758s | 总显存: 0.00 B
[Step 63] 峰值显存: 6.23 GB

[Step 64] ============ 详细性能分析 ============
[模型部分] 总时间: 1.889421s | 显存: 4.11 GB

[0-9秒 PDE求解详细性能]

[19秒 PDE求解]
  t=19s - 时间: 1.870203s | 显存: 0.00 B

[PDE求解部分] 总时间: 1.870203s | 显存: 0.00 B

[本步骤总计] 时间: 3.759624s | 显存: 4.11 GB
orginal_loss:  tensor(217760.6250, device='cuda:0', grad_fn=<MseLossBackward0>)
[Step 64] Backward Propagation - Time: 3.9491s, Mem: -4413112320.00 B
[Step 64] PGD Update - Time: 0.0017s, Mem: 0.00 B

[Step 64] 完整步骤总时间: 5.842607s | 总显存: 0.00 B
[Step 64] 峰值显存: 6.23 GB

[Step 65] ============ 详细性能分析 ============
[模型部分] 总时间: 1.887859s | 显存: 4.12 GB

[0-9秒 PDE求解详细性能]

[19秒 PDE求解]
  t=19s - 时间: 1.868672s | 显存: 0.00 B

[PDE求解部分] 总时间: 1.868672s | 显存: 0.00 B

[本步骤总计] 时间: 3.756531s | 显存: 4.12 GB
orginal_loss:  tensor(218796.0469, device='cuda:0', grad_fn=<MseLossBackward0>)
[Step 65] Backward Propagation - Time: 3.9422s, Mem: -4413112320.00 B
[Step 65] PGD Update - Time: 0.0017s, Mem: 0.00 B

[Step 65] 完整步骤总时间: 5.833931s | 总显存: 0.00 B
[Step 65] 峰值显存: 6.23 GB

[Step 66] ============ 详细性能分析 ============
[模型部分] 总时间: 1.876341s | 显存: 4.11 GB

[0-9秒 PDE求解详细性能]

[19秒 PDE求解]
  t=19s - 时间: 1.857122s | 显存: 0.00 B

[PDE求解部分] 总时间: 1.857122s | 显存: 0.00 B

[本步骤总计] 时间: 3.733463s | 显存: 4.11 GB
orginal_loss:  tensor(218722.2812, device='cuda:0', grad_fn=<MseLossBackward0>)
[Step 66] Backward Propagation - Time: 3.9524s, Mem: -4413112320.00 B
[Step 66] PGD Update - Time: 0.0018s, Mem: 0.00 B

[Step 66] 完整步骤总时间: 5.833070s | 总显存: 0.00 B
[Step 66] 峰值显存: 6.23 GB

[Step 67] ============ 详细性能分析 ============
[模型部分] 总时间: 1.902647s | 显存: 4.12 GB

[0-9秒 PDE求解详细性能]

[19秒 PDE求解]
  t=19s - 时间: 1.883379s | 显存: 0.00 B

[PDE求解部分] 总时间: 1.883379s | 显存: 0.00 B

[本步骤总计] 时间: 3.786026s | 显存: 4.12 GB
orginal_loss:  tensor(218246.1875, device='cuda:0', grad_fn=<MseLossBackward0>)
[Step 67] Backward Propagation - Time: 3.9445s, Mem: -4413112320.00 B
[Step 67] PGD Update - Time: 0.0017s, Mem: 0.00 B

[Step 67] 完整步骤总时间: 5.851127s | 总显存: 0.00 B
[Step 67] 峰值显存: 6.23 GB

[Step 68] ============ 详细性能分析 ============
[模型部分] 总时间: 1.897566s | 显存: 4.11 GB

[0-9秒 PDE求解详细性能]

[19秒 PDE求解]
  t=19s - 时间: 1.878314s | 显存: 0.00 B

[PDE求解部分] 总时间: 1.878314s | 显存: 0.00 B

[本步骤总计] 时间: 3.775880s | 显存: 4.11 GB
orginal_loss:  tensor(218529.9062, device='cuda:0', grad_fn=<MseLossBackward0>)
[Step 68] Backward Propagation - Time: 4.6405s, Mem: -4413112320.00 B
[Step 68] PGD Update - Time: 0.0018s, Mem: 0.00 B

[Step 68] 完整步骤总时间: 6.542098s | 总显存: 0.00 B
[Step 68] 峰值显存: 6.23 GB

[Step 69] ============ 详细性能分析 ============
[模型部分] 总时间: 1.892723s | 显存: 4.12 GB

[0-9秒 PDE求解详细性能]

[19秒 PDE求解]
  t=19s - 时间: 1.873270s | 显存: 0.00 B

[PDE求解部分] 总时间: 1.873270s | 显存: 0.00 B

[本步骤总计] 时间: 3.765993s | 显存: 4.12 GB
orginal_loss:  tensor(219413.5469, device='cuda:0', grad_fn=<MseLossBackward0>)
[Step 69] Backward Propagation - Time: 3.9504s, Mem: -4413112320.00 B
[Step 69] PGD Update - Time: 0.0017s, Mem: 0.00 B

[Step 69] 完整步骤总时间: 5.847126s | 总显存: 0.00 B
[Step 69] 峰值显存: 6.23 GB

[Step 70] ============ 详细性能分析 ============
[模型部分] 总时间: 1.878041s | 显存: 4.11 GB

[0-9秒 PDE求解详细性能]

[19秒 PDE求解]
  t=19s - 时间: 1.858846s | 显存: 0.00 B

[PDE求解部分] 总时间: 1.858846s | 显存: 0.00 B

[本步骤总计] 时间: 3.736887s | 显存: 4.11 GB
orginal_loss:  tensor(219837.7031, device='cuda:0', grad_fn=<MseLossBackward0>)
[Step 70] Backward Propagation - Time: 3.9502s, Mem: -4413112320.00 B
[Step 70] PGD Update - Time: 0.0017s, Mem: 0.00 B

[Step 70] 完整步骤总时间: 5.832341s | 总显存: 0.00 B
[Step 70] 峰值显存: 6.23 GB

[Step 71] ============ 详细性能分析 ============
[模型部分] 总时间: 1.893172s | 显存: 4.12 GB

[0-9秒 PDE求解详细性能]

[19秒 PDE求解]
  t=19s - 时间: 1.873989s | 显存: 0.00 B

[PDE求解部分] 总时间: 1.873989s | 显存: 0.00 B

[本步骤总计] 时间: 3.767161s | 显存: 4.12 GB
orginal_loss:  tensor(219611.6875, device='cuda:0', grad_fn=<MseLossBackward0>)
[Step 71] Backward Propagation - Time: 3.9909s, Mem: -4413112320.00 B
[Step 71] PGD Update - Time: 0.0017s, Mem: 0.00 B

[Step 71] 完整步骤总时间: 5.888270s | 总显存: 0.00 B
[Step 71] 峰值显存: 6.23 GB

[Step 72] ============ 详细性能分析 ============
[模型部分] 总时间: 1.916693s | 显存: 4.11 GB

[0-9秒 PDE求解详细性能]

[19秒 PDE求解]
  t=19s - 时间: 1.897468s | 显存: 0.00 B

[PDE求解部分] 总时间: 1.897468s | 显存: 0.00 B

[本步骤总计] 时间: 3.814161s | 显存: 4.11 GB
orginal_loss:  tensor(219639.7188, device='cuda:0', grad_fn=<MseLossBackward0>)
[Step 72] Backward Propagation - Time: 3.9851s, Mem: -4413112320.00 B
[Step 72] PGD Update - Time: 0.0017s, Mem: 0.00 B

[Step 72] 完整步骤总时间: 5.905811s | 总显存: 0.00 B
[Step 72] 峰值显存: 6.23 GB

[Step 73] ============ 详细性能分析 ============
[模型部分] 总时间: 1.887796s | 显存: 4.12 GB

[0-9秒 PDE求解详细性能]

[19秒 PDE求解]
  t=19s - 时间: 1.868637s | 显存: 0.00 B

[PDE求解部分] 总时间: 1.868637s | 显存: 0.00 B

[本步骤总计] 时间: 3.756434s | 显存: 4.12 GB
orginal_loss:  tensor(220621.1250, device='cuda:0', grad_fn=<MseLossBackward0>)
[Step 73] Backward Propagation - Time: 3.8964s, Mem: -4413112320.00 B
[Step 73] PGD Update - Time: 0.0017s, Mem: 0.00 B

[Step 73] 完整步骤总时间: 5.788003s | 总显存: 0.00 B
[Step 73] 峰值显存: 6.23 GB

[Step 74] ============ 详细性能分析 ============
[模型部分] 总时间: 1.873953s | 显存: 4.11 GB

[0-9秒 PDE求解详细性能]

[19秒 PDE求解]
  t=19s - 时间: 1.854727s | 显存: 0.00 B

[PDE求解部分] 总时间: 1.854727s | 显存: 0.00 B

[本步骤总计] 时间: 3.728681s | 显存: 4.11 GB
orginal_loss:  tensor(221836.1875, device='cuda:0', grad_fn=<MseLossBackward0>)
[Step 74] Backward Propagation - Time: 3.9520s, Mem: -4413112320.00 B
[Step 74] PGD Update - Time: 0.0017s, Mem: 0.00 B

[Step 74] 完整步骤总时间: 5.830181s | 总显存: 0.00 B
[Step 74] 峰值显存: 6.23 GB

[Step 75] ============ 详细性能分析 ============
[模型部分] 总时间: 1.874625s | 显存: 4.12 GB

[0-9秒 PDE求解详细性能]

[19秒 PDE求解]
  t=19s - 时间: 1.855382s | 显存: 0.00 B

[PDE求解部分] 总时间: 1.855382s | 显存: 0.00 B

[本步骤总计] 时间: 3.730008s | 显存: 4.12 GB
orginal_loss:  tensor(222347.2344, device='cuda:0', grad_fn=<MseLossBackward0>)
[Step 75] Backward Propagation - Time: 3.9556s, Mem: -4413112320.00 B
[Step 75] PGD Update - Time: 0.0017s, Mem: 0.00 B

[Step 75] 完整步骤总时间: 5.834174s | 总显存: 0.00 B
[Step 75] 峰值显存: 6.23 GB

[Step 76] ============ 详细性能分析 ============
[模型部分] 总时间: 1.908071s | 显存: 4.11 GB

[0-9秒 PDE求解详细性能]

[19秒 PDE求解]
  t=19s - 时间: 1.888872s | 显存: 0.00 B

[PDE求解部分] 总时间: 1.888872s | 显存: 0.00 B

[本步骤总计] 时间: 3.796943s | 显存: 4.11 GB
orginal_loss:  tensor(222270.9062, device='cuda:0', grad_fn=<MseLossBackward0>)
[Step 76] Backward Propagation - Time: 3.9412s, Mem: -4413112320.00 B
[Step 76] PGD Update - Time: 0.0017s, Mem: 0.00 B

[Step 76] 完整步骤总时间: 5.853119s | 总显存: 0.00 B
[Step 76] 峰值显存: 6.23 GB

[Step 77] ============ 详细性能分析 ============
[模型部分] 总时间: 1.896353s | 显存: 4.12 GB

[0-9秒 PDE求解详细性能]

[19秒 PDE求解]
  t=19s - 时间: 1.877172s | 显存: 0.00 B

[PDE求解部分] 总时间: 1.877172s | 显存: 0.00 B

[本步骤总计] 时间: 3.773524s | 显存: 4.12 GB
orginal_loss:  tensor(222413.7188, device='cuda:0', grad_fn=<MseLossBackward0>)
[Step 77] Backward Propagation - Time: 3.9245s, Mem: -4413112320.00 B
[Step 77] PGD Update - Time: 0.0017s, Mem: 0.00 B

[Step 77] 完整步骤总时间: 5.824910s | 总显存: 0.00 B
[Step 77] 峰值显存: 6.23 GB

[Step 78] ============ 详细性能分析 ============
[模型部分] 总时间: 1.925934s | 显存: 4.11 GB

[0-9秒 PDE求解详细性能]

[19秒 PDE求解]
  t=19s - 时间: 1.906516s | 显存: 0.00 B

[PDE求解部分] 总时间: 1.906516s | 显存: 0.00 B

[本步骤总计] 时间: 3.832450s | 显存: 4.11 GB
orginal_loss:  tensor(222960.7812, device='cuda:0', grad_fn=<MseLossBackward0>)
[Step 78] Backward Propagation - Time: 3.9570s, Mem: -4413112320.00 B
[Step 78] PGD Update - Time: 0.0017s, Mem: 0.00 B

[Step 78] 完整步骤总时间: 5.886963s | 总显存: 0.00 B
[Step 78] 峰值显存: 6.23 GB

[Step 79] ============ 详细性能分析 ============
[模型部分] 总时间: 1.932650s | 显存: 4.12 GB

[0-9秒 PDE求解详细性能]

[19秒 PDE求解]
  t=19s - 时间: 1.913375s | 显存: 0.00 B

[PDE求解部分] 总时间: 1.913375s | 显存: 0.00 B

[本步骤总计] 时间: 3.846025s | 显存: 4.12 GB
orginal_loss:  tensor(223327.5000, device='cuda:0', grad_fn=<MseLossBackward0>)
[Step 79] Backward Propagation - Time: 3.9447s, Mem: -4413112320.00 B
[Step 79] PGD Update - Time: 0.0017s, Mem: 0.00 B

[Step 79] 完整步骤总时间: 5.881260s | 总显存: 0.00 B
[Step 79] 峰值显存: 6.23 GB

[Step 80] ============ 详细性能分析 ============
[模型部分] 总时间: 1.890160s | 显存: 4.11 GB

[0-9秒 PDE求解详细性能]

[19秒 PDE求解]
  t=19s - 时间: 1.870929s | 显存: 0.00 B

[PDE求解部分] 总时间: 1.870929s | 显存: 0.00 B

[本步骤总计] 时间: 3.761089s | 显存: 4.11 GB
orginal_loss:  tensor(223277.8438, device='cuda:0', grad_fn=<MseLossBackward0>)
[Step 80] Backward Propagation - Time: 4.0290s, Mem: -4413112320.00 B
[Step 80] PGD Update - Time: 0.0017s, Mem: 0.00 B

[Step 80] 完整步骤总时间: 5.922980s | 总显存: 0.00 B
[Step 80] 峰值显存: 6.23 GB

[Step 81] ============ 详细性能分析 ============
[模型部分] 总时间: 1.906423s | 显存: 4.12 GB

[0-9秒 PDE求解详细性能]

[19秒 PDE求解]
  t=19s - 时间: 1.887191s | 显存: 0.00 B

[PDE求解部分] 总时间: 1.887191s | 显存: 0.00 B

[本步骤总计] 时间: 3.793614s | 显存: 4.12 GB
orginal_loss:  tensor(223331.8125, device='cuda:0', grad_fn=<MseLossBackward0>)
[Step 81] Backward Propagation - Time: 3.9810s, Mem: -4413112320.00 B
[Step 81] PGD Update - Time: 0.0017s, Mem: 0.00 B

[Step 81] 完整步骤总时间: 5.891892s | 总显存: 0.00 B
[Step 81] 峰值显存: 6.23 GB

[Step 82] ============ 详细性能分析 ============
[模型部分] 总时间: 1.916491s | 显存: 4.11 GB

[0-9秒 PDE求解详细性能]

[19秒 PDE求解]
  t=19s - 时间: 1.897289s | 显存: 0.00 B

[PDE求解部分] 总时间: 1.897289s | 显存: 0.00 B

[本步骤总计] 时间: 3.813779s | 显存: 4.11 GB
orginal_loss:  tensor(223861., device='cuda:0', grad_fn=<MseLossBackward0>)
[Step 82] Backward Propagation - Time: 4.0068s, Mem: -4413112320.00 B
[Step 82] PGD Update - Time: 0.0017s, Mem: 0.00 B

[Step 82] 完整步骤总时间: 5.927180s | 总显存: 0.00 B
[Step 82] 峰值显存: 6.23 GB

[Step 83] ============ 详细性能分析 ============
[模型部分] 总时间: 1.891826s | 显存: 4.12 GB

[0-9秒 PDE求解详细性能]

[19秒 PDE求解]
  t=19s - 时间: 1.872659s | 显存: 0.00 B

[PDE求解部分] 总时间: 1.872659s | 显存: 0.00 B

[本步骤总计] 时间: 3.764485s | 显存: 4.12 GB
orginal_loss:  tensor(224430.4219, device='cuda:0', grad_fn=<MseLossBackward0>)
[Step 83] Backward Propagation - Time: 3.9722s, Mem: -4413112320.00 B
[Step 83] PGD Update - Time: 0.0018s, Mem: 0.00 B

[Step 83] 完整步骤总时间: 5.868027s | 总显存: 0.00 B
[Step 83] 峰值显存: 6.23 GB

[Step 84] ============ 详细性能分析 ============
[模型部分] 总时间: 1.883019s | 显存: 4.11 GB

[0-9秒 PDE求解详细性能]

[19秒 PDE求解]
  t=19s - 时间: 1.863701s | 显存: 0.00 B

[PDE求解部分] 总时间: 1.863701s | 显存: 0.00 B

[本步骤总计] 时间: 3.746720s | 显存: 4.11 GB
orginal_loss:  tensor(224553.5469, device='cuda:0', grad_fn=<MseLossBackward0>)
[Step 84] Backward Propagation - Time: 3.9157s, Mem: -4413112320.00 B
[Step 84] PGD Update - Time: 0.0017s, Mem: 0.00 B

[Step 84] 完整步骤总时间: 5.802588s | 总显存: 0.00 B
[Step 84] 峰值显存: 6.23 GB

[Step 85] ============ 详细性能分析 ============
[模型部分] 总时间: 1.889136s | 显存: 4.12 GB

[0-9秒 PDE求解详细性能]

[19秒 PDE求解]
  t=19s - 时间: 1.869927s | 显存: 0.00 B

[PDE求解部分] 总时间: 1.869927s | 显存: 0.00 B

[本步骤总计] 时间: 3.759063s | 显存: 4.12 GB
orginal_loss:  tensor(224460.8750, device='cuda:0', grad_fn=<MseLossBackward0>)
[Step 85] Backward Propagation - Time: 3.9158s, Mem: -4413112320.00 B
[Step 85] PGD Update - Time: 0.0017s, Mem: 0.00 B

[Step 85] 完整步骤总时间: 5.808828s | 总显存: 0.00 B
[Step 85] 峰值显存: 6.23 GB

[Step 86] ============ 详细性能分析 ============
[模型部分] 总时间: 1.889655s | 显存: 4.11 GB

[0-9秒 PDE求解详细性能]

[19秒 PDE求解]
  t=19s - 时间: 1.870545s | 显存: 0.00 B

[PDE求解部分] 总时间: 1.870545s | 显存: 0.00 B

[本步骤总计] 时间: 3.760200s | 显存: 4.11 GB
orginal_loss:  tensor(224630.9688, device='cuda:0', grad_fn=<MseLossBackward0>)
[Step 86] Backward Propagation - Time: 3.9835s, Mem: -4413112320.00 B
[Step 86] PGD Update - Time: 0.0017s, Mem: 0.00 B

[Step 86] 完整步骤总时间: 5.877144s | 总显存: 0.00 B
[Step 86] 峰值显存: 6.23 GB

[Step 87] ============ 详细性能分析 ============
[模型部分] 总时间: 1.901871s | 显存: 4.12 GB

[0-9秒 PDE求解详细性能]

[19秒 PDE求解]
  t=19s - 时间: 1.882622s | 显存: 0.00 B

[PDE求解部分] 总时间: 1.882622s | 显存: 0.00 B

[本步骤总计] 时间: 3.784493s | 显存: 4.12 GB
orginal_loss:  tensor(224900.0312, device='cuda:0', grad_fn=<MseLossBackward0>)
[Step 87] Backward Propagation - Time: 3.9851s, Mem: -4413112320.00 B
[Step 87] PGD Update - Time: 0.0017s, Mem: 0.00 B

[Step 87] 完整步骤总时间: 5.891132s | 总显存: 0.00 B
[Step 87] 峰值显存: 6.23 GB

[Step 88] ============ 详细性能分析 ============
[模型部分] 总时间: 1.900436s | 显存: 4.11 GB

[0-9秒 PDE求解详细性能]

[19秒 PDE求解]
  t=19s - 时间: 1.881242s | 显存: 0.00 B

[PDE求解部分] 总时间: 1.881242s | 显存: 0.00 B

[本步骤总计] 时间: 3.781678s | 显存: 4.11 GB
orginal_loss:  tensor(224883.9375, device='cuda:0', grad_fn=<MseLossBackward0>)
[Step 88] Backward Propagation - Time: 4.0071s, Mem: -4413112320.00 B
[Step 88] PGD Update - Time: 0.0017s, Mem: 0.00 B

[Step 88] 完整步骤总时间: 5.911434s | 总显存: 0.00 B
[Step 88] 峰值显存: 6.23 GB

[Step 89] ============ 详细性能分析 ============
[模型部分] 总时间: 1.918287s | 显存: 4.12 GB

[0-9秒 PDE求解详细性能]

[19秒 PDE求解]
  t=19s - 时间: 1.898987s | 显存: 0.00 B

[PDE求解部分] 总时间: 1.898987s | 显存: 0.00 B

[本步骤总计] 时间: 3.817274s | 显存: 4.12 GB
orginal_loss:  tensor(224680.1406, device='cuda:0', grad_fn=<MseLossBackward0>)
[Step 89] Backward Propagation - Time: 3.9829s, Mem: -4413112320.00 B
[Step 89] PGD Update - Time: 0.0017s, Mem: 0.00 B

[Step 89] 完整步骤总时间: 5.905219s | 总显存: 0.00 B
[Step 89] 峰值显存: 6.23 GB

[Step 90] ============ 详细性能分析 ============
[模型部分] 总时间: 1.883914s | 显存: 4.11 GB

[0-9秒 PDE求解详细性能]

[19秒 PDE求解]
  t=19s - 时间: 1.864654s | 显存: 0.00 B

[PDE求解部分] 总时间: 1.864654s | 显存: 0.00 B

[本步骤总计] 时间: 3.748568s | 显存: 4.11 GB
orginal_loss:  tensor(224642.1250, device='cuda:0', grad_fn=<MseLossBackward0>)
[Step 90] Backward Propagation - Time: 3.9693s, Mem: -4413112320.00 B
[Step 90] PGD Update - Time: 0.0017s, Mem: 0.00 B

[Step 90] 完整步骤总时间: 5.857207s | 总显存: 0.00 B
[Step 90] 峰值显存: 6.23 GB

[Step 91] ============ 详细性能分析 ============
[模型部分] 总时间: 1.891933s | 显存: 4.12 GB

[0-9秒 PDE求解详细性能]

[19秒 PDE求解]
  t=19s - 时间: 1.872743s | 显存: 0.00 B

[PDE求解部分] 总时间: 1.872743s | 显存: 0.00 B

[本步骤总计] 时间: 3.764676s | 显存: 4.12 GB
orginal_loss:  tensor(224725.3125, device='cuda:0', grad_fn=<MseLossBackward0>)
[Step 91] Backward Propagation - Time: 3.9787s, Mem: -4413112320.00 B
[Step 91] PGD Update - Time: 0.0018s, Mem: 0.00 B

[Step 91] 完整步骤总时间: 5.874601s | 总显存: 0.00 B
[Step 91] 峰值显存: 6.23 GB

[Step 92] ============ 详细性能分析 ============
[模型部分] 总时间: 1.894184s | 显存: 4.11 GB

[0-9秒 PDE求解详细性能]

[19秒 PDE求解]
  t=19s - 时间: 1.874769s | 显存: 0.00 B

[PDE求解部分] 总时间: 1.874769s | 显存: 0.00 B

[本步骤总计] 时间: 3.768953s | 显存: 4.11 GB
orginal_loss:  tensor(224567.4062, device='cuda:0', grad_fn=<MseLossBackward0>)
[Step 92] Backward Propagation - Time: 3.9414s, Mem: -4413112320.00 B
[Step 92] PGD Update - Time: 0.0017s, Mem: 0.00 B

[Step 92] 完整步骤总时间: 5.839552s | 总显存: 0.00 B
[Step 92] 峰值显存: 6.23 GB

[Step 93] ============ 详细性能分析 ============
[模型部分] 总时间: 1.911393s | 显存: 4.12 GB

[0-9秒 PDE求解详细性能]

[19秒 PDE求解]
  t=19s - 时间: 1.892153s | 显存: 0.00 B

[PDE求解部分] 总时间: 1.892153s | 显存: 0.00 B

[本步骤总计] 时间: 3.803546s | 显存: 4.12 GB
orginal_loss:  tensor(224132.9219, device='cuda:0', grad_fn=<MseLossBackward0>)
[Step 93] Backward Propagation - Time: 3.9143s, Mem: -4413112320.00 B
[Step 93] PGD Update - Time: 0.0017s, Mem: 0.00 B

[Step 93] 完整步骤总时间: 5.829633s | 总显存: 0.00 B
[Step 93] 峰值显存: 6.23 GB

[Step 94] ============ 详细性能分析 ============
[模型部分] 总时间: 1.940204s | 显存: 4.11 GB

[0-9秒 PDE求解详细性能]

[19秒 PDE求解]
  t=19s - 时间: 1.921015s | 显存: 0.00 B

[PDE求解部分] 总时间: 1.921015s | 显存: 0.00 B

[本步骤总计] 时间: 3.861220s | 显存: 4.11 GB
orginal_loss:  tensor(223675.6875, device='cuda:0', grad_fn=<MseLossBackward0>)
[Step 94] Backward Propagation - Time: 3.9185s, Mem: -4413112320.00 B
[Step 94] PGD Update - Time: 0.0016s, Mem: 0.00 B

[Step 94] 完整步骤总时间: 5.862535s | 总显存: 0.00 B
[Step 94] 峰值显存: 6.23 GB

[Step 95] ============ 详细性能分析 ============
[模型部分] 总时间: 1.897020s | 显存: 4.12 GB

[0-9秒 PDE求解详细性能]

[19秒 PDE求解]
  t=19s - 时间: 1.877741s | 显存: 0.00 B

[PDE求解部分] 总时间: 1.877741s | 显存: 0.00 B

[本步骤总计] 时间: 3.774761s | 显存: 4.12 GB
orginal_loss:  tensor(223248.8750, device='cuda:0', grad_fn=<MseLossBackward0>)
[Step 95] Backward Propagation - Time: 3.9129s, Mem: -4413112320.00 B
[Step 95] PGD Update - Time: 0.0017s, Mem: 0.00 B

[Step 95] 完整步骤总时间: 5.814394s | 总显存: 0.00 B
[Step 95] 峰值显存: 6.23 GB

[Step 96] ============ 详细性能分析 ============
[模型部分] 总时间: 1.927541s | 显存: 4.11 GB

[0-9秒 PDE求解详细性能]

[19秒 PDE求解]
  t=19s - 时间: 1.908358s | 显存: 0.00 B

[PDE求解部分] 总时间: 1.908358s | 显存: 0.00 B

[本步骤总计] 时间: 3.835899s | 显存: 4.11 GB
orginal_loss:  tensor(222666., device='cuda:0', grad_fn=<MseLossBackward0>)
[Step 96] Backward Propagation - Time: 3.9980s, Mem: -4413112320.00 B
[Step 96] PGD Update - Time: 0.0017s, Mem: 0.00 B

[Step 96] 完整步骤总时间: 5.929493s | 总显存: 0.00 B
[Step 96] 峰值显存: 6.23 GB

[Step 97] ============ 详细性能分析 ============
[模型部分] 总时间: 1.895505s | 显存: 4.12 GB

[0-9秒 PDE求解详细性能]

[19秒 PDE求解]
  t=19s - 时间: 1.876319s | 显存: 0.00 B

[PDE求解部分] 总时间: 1.876319s | 显存: 0.00 B

[本步骤总计] 时间: 3.771823s | 显存: 4.12 GB
orginal_loss:  tensor(221859.2188, device='cuda:0', grad_fn=<MseLossBackward0>)
[Step 97] Backward Propagation - Time: 3.9841s, Mem: -4413112320.00 B
[Step 97] PGD Update - Time: 0.0017s, Mem: 0.00 B

[Step 97] 完整步骤总时间: 5.883628s | 总显存: 0.00 B
[Step 97] 峰值显存: 6.23 GB

[Step 98] ============ 详细性能分析 ============
[模型部分] 总时间: 1.894615s | 显存: 4.11 GB

[0-9秒 PDE求解详细性能]

[19秒 PDE求解]
  t=19s - 时间: 1.875418s | 显存: 0.00 B

[PDE求解部分] 总时间: 1.875418s | 显存: 0.00 B

[本步骤总计] 时间: 3.770032s | 显存: 4.11 GB
orginal_loss:  tensor(221017.7344, device='cuda:0', grad_fn=<MseLossBackward0>)
[Step 98] Backward Propagation - Time: 4.8767s, Mem: -4413112320.00 B
[Step 98] PGD Update - Time: 0.0017s, Mem: 0.00 B

[Step 98] 完整步骤总时间: 6.775199s | 总显存: 0.00 B
[Step 98] 峰值显存: 6.23 GB

[Step 99] ============ 详细性能分析 ============
[模型部分] 总时间: 1.930985s | 显存: 4.12 GB

[0-9秒 PDE求解详细性能]

[19秒 PDE求解]
  t=19s - 时间: 1.911757s | 显存: 0.00 B

[PDE求解部分] 总时间: 1.911757s | 显存: 0.00 B

[本步骤总计] 时间: 3.842742s | 显存: 4.12 GB
orginal_loss:  tensor(220359.7812, device='cuda:0', grad_fn=<MseLossBackward0>)
[Step 99] Backward Propagation - Time: 3.9901s, Mem: -4413112320.00 B
[Step 99] PGD Update - Time: 0.0017s, Mem: 0.00 B

[Step 99] 完整步骤总时间: 5.924926s | 总显存: 0.00 B
[Step 99] 峰值显存: 6.23 GB
清理前显存占用: 2092.7470703125 MB
PGD攻击完成！显存已清理
当前显存占用: 2092.2470703125 MB
detached1to9
[1, 2, 3, 4, 5, 6, 7, 8, 9]
================================================================================
norm: 2, epsilon: 13.1072, alpha: 10.0, num_steps: 100, index: 1, method: adam, detach: detached1to9, b1: 0.9, b2: 0.999, adam_eps: 1e-08, sign_Linf: True, amsgrad: False

[Step 0] ============ 详细性能分析 ============
[模型部分] 总时间: 1.937064s | 显存: 4.11 GB

[0-9秒 PDE求解详细性能]

[19秒 PDE求解]
  t=19s - 时间: 1.910504s | 显存: 0.00 B

[PDE求解部分] 总时间: 1.910504s | 显存: 0.00 B

[本步骤总计] 时间: 3.847568s | 显存: 4.11 GB
orginal_loss:  tensor(3644.5620, device='cuda:0', grad_fn=<MseLossBackward0>)
[Step 0] Backward Propagation - Time: 3.9643s, Mem: -4411760640.00 B
[Step 0] PGD Update - Time: 0.0012s, Mem: 1.75 MB

[Step 0] 完整步骤总时间: 5.904202s | 总显存: 5.00 MB
[Step 0] 峰值显存: 6.22 GB

[Step 1] ============ 详细性能分析 ============
[模型部分] 总时间: 1.904253s | 显存: 4.11 GB

[0-9秒 PDE求解详细性能]

[19秒 PDE求解]
  t=19s - 时间: 1.884821s | 显存: 0.00 B

[PDE求解部分] 总时间: 1.884821s | 显存: 0.00 B

[本步骤总计] 时间: 3.789074s | 显存: 4.11 GB
orginal_loss:  tensor(6752.9297, device='cuda:0', grad_fn=<MseLossBackward0>)
[Step 1] Backward Propagation - Time: 3.9710s, Mem: -4409917440.00 B
[Step 1] PGD Update - Time: 0.0012s, Mem: 0.00 B

[Step 1] 完整步骤总时间: 5.878797s | 总显存: -524288.00 B
[Step 1] 峰值显存: 6.22 GB

[Step 2] ============ 详细性能分析 ============
[模型部分] 总时间: 1.886032s | 显存: 4.11 GB

[0-9秒 PDE求解详细性能]

[19秒 PDE求解]
  t=19s - 时间: 1.866783s | 显存: 0.00 B

[PDE求解部分] 总时间: 1.866783s | 显存: 0.00 B

[本步骤总计] 时间: 3.752815s | 显存: 4.11 GB
orginal_loss:  tensor(6798.1548, device='cuda:0', grad_fn=<MseLossBackward0>)
[Step 2] Backward Propagation - Time: 4.0157s, Mem: -4413112320.00 B
[Step 2] PGD Update - Time: 0.0015s, Mem: 0.00 B

[Step 2] 完整步骤总时间: 5.905662s | 总显存: 0.00 B
[Step 2] 峰值显存: 6.23 GB

[Step 3] ============ 详细性能分析 ============
[模型部分] 总时间: 1.911888s | 显存: 4.12 GB

[0-9秒 PDE求解详细性能]

[19秒 PDE求解]
  t=19s - 时间: 1.892657s | 显存: 0.00 B

[PDE求解部分] 总时间: 1.892657s | 显存: 0.00 B

[本步骤总计] 时间: 3.804545s | 显存: 4.12 GB
orginal_loss:  tensor(7510.2290, device='cuda:0', grad_fn=<MseLossBackward0>)
[Step 3] Backward Propagation - Time: 3.9799s, Mem: -4413112320.00 B
[Step 3] PGD Update - Time: 0.0016s, Mem: 0.00 B

[Step 3] 完整步骤总时间: 5.895891s | 总显存: 0.00 B
[Step 3] 峰值显存: 6.23 GB

[Step 4] ============ 详细性能分析 ============
[模型部分] 总时间: 1.932326s | 显存: 4.11 GB

[0-9秒 PDE求解详细性能]

[19秒 PDE求解]
  t=19s - 时间: 1.913111s | 显存: 0.00 B

[PDE求解部分] 总时间: 1.913111s | 显存: 0.00 B

[本步骤总计] 时间: 3.845437s | 显存: 4.11 GB
orginal_loss:  tensor(8089.1372, device='cuda:0', grad_fn=<MseLossBackward0>)
[Step 4] Backward Propagation - Time: 3.9389s, Mem: -4413112320.00 B
[Step 4] PGD Update - Time: 0.0015s, Mem: 0.00 B

[Step 4] 完整步骤总时间: 5.874988s | 总显存: 0.00 B
[Step 4] 峰值显存: 6.23 GB

[Step 5] ============ 详细性能分析 ============
[模型部分] 总时间: 1.876387s | 显存: 4.12 GB

[0-9秒 PDE求解详细性能]

[19秒 PDE求解]
  t=19s - 时间: 1.857186s | 显存: 0.00 B

[PDE求解部分] 总时间: 1.857186s | 显存: 0.00 B

[本步骤总计] 时间: 3.733574s | 显存: 4.12 GB
orginal_loss:  tensor(8498.3105, device='cuda:0', grad_fn=<MseLossBackward0>)
[Step 5] Backward Propagation - Time: 3.9841s, Mem: -4413112320.00 B
[Step 5] PGD Update - Time: 0.0013s, Mem: 0.00 B

[Step 5] 完整步骤总时间: 5.863996s | 总显存: 0.00 B
[Step 5] 峰值显存: 6.23 GB

[Step 6] ============ 详细性能分析 ============
[模型部分] 总时间: 1.890341s | 显存: 4.11 GB

[0-9秒 PDE求解详细性能]

[19秒 PDE求解]
  t=19s - 时间: 1.871143s | 显存: 0.00 B

[PDE求解部分] 总时间: 1.871143s | 显存: 0.00 B

[本步骤总计] 时间: 3.761484s | 显存: 4.11 GB
orginal_loss:  tensor(8773.3555, device='cuda:0', grad_fn=<MseLossBackward0>)
[Step 6] Backward Propagation - Time: 3.9752s, Mem: -4413112320.00 B
[Step 6] PGD Update - Time: 0.0013s, Mem: 0.00 B

[Step 6] 完整步骤总时间: 5.869169s | 总显存: 0.00 B
[Step 6] 峰值显存: 6.23 GB

[Step 7] ============ 详细性能分析 ============
[模型部分] 总时间: 1.898050s | 显存: 4.12 GB

[0-9秒 PDE求解详细性能]

[19秒 PDE求解]
  t=19s - 时间: 1.878836s | 显存: 0.00 B

[PDE求解部分] 总时间: 1.878836s | 显存: 0.00 B

[本步骤总计] 时间: 3.776886s | 显存: 4.12 GB
orginal_loss:  tensor(8958.7998, device='cuda:0', grad_fn=<MseLossBackward0>)
[Step 7] Backward Propagation - Time: 4.0278s, Mem: -4413112320.00 B
[Step 7] PGD Update - Time: 0.0014s, Mem: 0.00 B

[Step 7] 完整步骤总时间: 5.929492s | 总显存: 0.00 B
[Step 7] 峰值显存: 6.23 GB

[Step 8] ============ 详细性能分析 ============
[模型部分] 总时间: 1.911962s | 显存: 4.11 GB

[0-9秒 PDE求解详细性能]

[19秒 PDE求解]
  t=19s - 时间: 1.892754s | 显存: 0.00 B

[PDE求解部分] 总时间: 1.892754s | 显存: 0.00 B

[本步骤总计] 时间: 3.804715s | 显存: 4.11 GB
orginal_loss:  tensor(9084.1875, device='cuda:0', grad_fn=<MseLossBackward0>)
[Step 8] Backward Propagation - Time: 3.9257s, Mem: -4413112320.00 B
[Step 8] PGD Update - Time: 0.0013s, Mem: 0.00 B

[Step 8] 完整步骤总时间: 5.841109s | 总显存: 0.00 B
[Step 8] 峰值显存: 6.23 GB

[Step 9] ============ 详细性能分析 ============
[模型部分] 总时间: 1.884349s | 显存: 4.12 GB

[0-9秒 PDE求解详细性能]

[19秒 PDE求解]
  t=19s - 时间: 1.865132s | 显存: 0.00 B

[PDE求解部分] 总时间: 1.865132s | 显存: 0.00 B

[本步骤总计] 时间: 3.749481s | 显存: 4.12 GB
orginal_loss:  tensor(9164.2480, device='cuda:0', grad_fn=<MseLossBackward0>)
[Step 9] Backward Propagation - Time: 3.9625s, Mem: -4413112320.00 B
[Step 9] PGD Update - Time: 0.0016s, Mem: 0.00 B

[Step 9] 完整步骤总时间: 5.850670s | 总显存: 0.00 B
[Step 9] 峰值显存: 6.23 GB

[Step 10] ============ 详细性能分析 ============
[模型部分] 总时间: 1.895979s | 显存: 4.11 GB

[0-9秒 PDE求解详细性能]

[19秒 PDE求解]
  t=19s - 时间: 1.876573s | 显存: 0.00 B

[PDE求解部分] 总时间: 1.876573s | 显存: 0.00 B

[本步骤总计] 时间: 3.772552s | 显存: 4.11 GB
orginal_loss:  tensor(9213.9980, device='cuda:0', grad_fn=<MseLossBackward0>)
[Step 10] Backward Propagation - Time: 3.9155s, Mem: -4413112320.00 B
[Step 10] PGD Update - Time: 0.0014s, Mem: 0.00 B

[Step 10] 完整步骤总时间: 5.815287s | 总显存: 0.00 B
[Step 10] 峰值显存: 6.23 GB

[Step 11] ============ 详细性能分析 ============
[模型部分] 总时间: 1.901341s | 显存: 4.12 GB

[0-9秒 PDE求解详细性能]

[19秒 PDE求解]
  t=19s - 时间: 1.882112s | 显存: 0.00 B

[PDE求解部分] 总时间: 1.882112s | 显存: 0.00 B

[本步骤总计] 时间: 3.783453s | 显存: 4.12 GB
orginal_loss:  tensor(9243.0273, device='cuda:0', grad_fn=<MseLossBackward0>)
[Step 11] Backward Propagation - Time: 3.9539s, Mem: -4413112320.00 B
[Step 11] PGD Update - Time: 0.0016s, Mem: 0.00 B

[Step 11] 完整步骤总时间: 5.859207s | 总显存: 0.00 B
[Step 11] 峰值显存: 6.23 GB

[Step 12] ============ 详细性能分析 ============
[模型部分] 总时间: 1.898720s | 显存: 4.11 GB

[0-9秒 PDE求解详细性能]

[19秒 PDE求解]
  t=19s - 时间: 1.879460s | 显存: 0.00 B

[PDE求解部分] 总时间: 1.879460s | 显存: 0.00 B

[本步骤总计] 时间: 3.778180s | 显存: 4.11 GB
orginal_loss:  tensor(9254.7842, device='cuda:0', grad_fn=<MseLossBackward0>)
[Step 12] Backward Propagation - Time: 4.0114s, Mem: -4413112320.00 B
[Step 12] PGD Update - Time: 0.0015s, Mem: 0.00 B

[Step 12] 完整步骤总时间: 5.914160s | 总显存: 0.00 B
[Step 12] 峰值显存: 6.23 GB

[Step 13] ============ 详细性能分析 ============
[模型部分] 总时间: 1.902877s | 显存: 4.12 GB

[0-9秒 PDE求解详细性能]

[19秒 PDE求解]
  t=19s - 时间: 1.883640s | 显存: 0.00 B

[PDE求解部分] 总时间: 1.883640s | 显存: 0.00 B

[本步骤总计] 时间: 3.786518s | 显存: 4.12 GB
orginal_loss:  tensor(9249.9844, device='cuda:0', grad_fn=<MseLossBackward0>)
[Step 13] Backward Propagation - Time: 3.9383s, Mem: -4413112320.00 B
[Step 13] PGD Update - Time: 0.0017s, Mem: 0.00 B

[Step 13] 完整步骤总时间: 5.845124s | 总显存: 0.00 B
[Step 13] 峰值显存: 6.23 GB

[Step 14] ============ 详细性能分析 ============
[模型部分] 总时间: 1.887802s | 显存: 4.11 GB

[0-9秒 PDE求解详细性能]

[19秒 PDE求解]
  t=19s - 时间: 1.868583s | 显存: 0.00 B

[PDE求解部分] 总时间: 1.868583s | 显存: 0.00 B

[本步骤总计] 时间: 3.756386s | 显存: 4.11 GB
orginal_loss:  tensor(9239.8174, device='cuda:0', grad_fn=<MseLossBackward0>)
[Step 14] Backward Propagation - Time: 3.9390s, Mem: -4413112320.00 B
[Step 14] PGD Update - Time: 0.0015s, Mem: 0.00 B

[Step 14] 完整步骤总时间: 5.830517s | 总显存: 0.00 B
[Step 14] 峰值显存: 6.23 GB

[Step 15] ============ 详细性能分析 ============
[模型部分] 总时间: 1.904833s | 显存: 4.12 GB

[0-9秒 PDE求解详细性能]

[19秒 PDE求解]
  t=19s - 时间: 1.885626s | 显存: 0.00 B

[PDE求解部分] 总时间: 1.885626s | 显存: 0.00 B

[本步骤总计] 时间: 3.790458s | 显存: 4.12 GB
orginal_loss:  tensor(9221.4277, device='cuda:0', grad_fn=<MseLossBackward0>)
[Step 15] Backward Propagation - Time: 4.0006s, Mem: -4413112320.00 B
[Step 15] PGD Update - Time: 0.0013s, Mem: 0.00 B

[Step 15] 完整步骤总时间: 5.908991s | 总显存: 0.00 B
[Step 15] 峰值显存: 6.23 GB

[Step 16] ============ 详细性能分析 ============
[模型部分] 总时间: 1.893038s | 显存: 4.11 GB

[0-9秒 PDE求解详细性能]

[19秒 PDE求解]
  t=19s - 时间: 1.873830s | 显存: 0.00 B

[PDE求解部分] 总时间: 1.873830s | 显存: 0.00 B

[本步骤总计] 时间: 3.766868s | 显存: 4.11 GB
orginal_loss:  tensor(9195.0693, device='cuda:0', grad_fn=<MseLossBackward0>)
[Step 16] Backward Propagation - Time: 3.9538s, Mem: -4413112320.00 B
[Step 16] PGD Update - Time: 0.0017s, Mem: 0.00 B

[Step 16] 完整步骤总时间: 5.851012s | 总显存: 0.00 B
[Step 16] 峰值显存: 6.23 GB

[Step 17] ============ 详细性能分析 ============
[模型部分] 总时间: 1.896083s | 显存: 4.12 GB

[0-9秒 PDE求解详细性能]

[19秒 PDE求解]
  t=19s - 时间: 1.876847s | 显存: 0.00 B

[PDE求解部分] 总时间: 1.876847s | 显存: 0.00 B

[本步骤总计] 时间: 3.772930s | 显存: 4.12 GB
orginal_loss:  tensor(9163.4297, device='cuda:0', grad_fn=<MseLossBackward0>)
[Step 17] Backward Propagation - Time: 4.0023s, Mem: -4413112320.00 B
[Step 17] PGD Update - Time: 0.0017s, Mem: 0.00 B

[Step 17] 完整步骤总时间: 5.902334s | 总显存: 0.00 B
[Step 17] 峰值显存: 6.23 GB

[Step 18] ============ 详细性能分析 ============
[模型部分] 总时间: 1.931440s | 显存: 4.11 GB

[0-9秒 PDE求解详细性能]

[19秒 PDE求解]
  t=19s - 时间: 1.912130s | 显存: 0.00 B

[PDE求解部分] 总时间: 1.912130s | 显存: 0.00 B

[本步骤总计] 时间: 3.843570s | 显存: 4.11 GB
orginal_loss:  tensor(9129.1084, device='cuda:0', grad_fn=<MseLossBackward0>)
[Step 18] Backward Propagation - Time: 4.0039s, Mem: -4413112320.00 B
[Step 18] PGD Update - Time: 0.0015s, Mem: 0.00 B

[Step 18] 完整步骤总时间: 5.939158s | 总显存: 0.00 B
[Step 18] 峰值显存: 6.23 GB

[Step 19] ============ 详细性能分析 ============
[模型部分] 总时间: 1.916398s | 显存: 4.12 GB

[0-9秒 PDE求解详细性能]

[19秒 PDE求解]
  t=19s - 时间: 1.897027s | 显存: 0.00 B

[PDE求解部分] 总时间: 1.897027s | 显存: 0.00 B

[本步骤总计] 时间: 3.813425s | 显存: 4.12 GB
orginal_loss:  tensor(9086.8613, device='cuda:0', grad_fn=<MseLossBackward0>)
[Step 19] Backward Propagation - Time: 3.9325s, Mem: -4413112320.00 B
[Step 19] PGD Update - Time: 0.0016s, Mem: 0.00 B

[Step 19] 完整步骤总时间: 5.852712s | 总显存: 0.00 B
[Step 19] 峰值显存: 6.23 GB

[Step 20] ============ 详细性能分析 ============
[模型部分] 总时间: 1.873190s | 显存: 4.11 GB

[0-9秒 PDE求解详细性能]

[19秒 PDE求解]
  t=19s - 时间: 1.853942s | 显存: 0.00 B

[PDE求解部分] 总时间: 1.853942s | 显存: 0.00 B

[本步骤总计] 时间: 3.727133s | 显存: 4.11 GB
orginal_loss:  tensor(9044.2783, device='cuda:0', grad_fn=<MseLossBackward0>)
[Step 20] Backward Propagation - Time: 3.9698s, Mem: -4413112320.00 B
[Step 20] PGD Update - Time: 0.0016s, Mem: 0.00 B

[Step 20] 完整步骤总时间: 5.847301s | 总显存: 0.00 B
[Step 20] 峰值显存: 6.23 GB

[Step 21] ============ 详细性能分析 ============
[模型部分] 总时间: 1.879201s | 显存: 4.12 GB

[0-9秒 PDE求解详细性能]

[19秒 PDE求解]
  t=19s - 时间: 1.859919s | 显存: 0.00 B

[PDE求解部分] 总时间: 1.859919s | 显存: 0.00 B

[本步骤总计] 时间: 3.739120s | 显存: 4.12 GB
orginal_loss:  tensor(9001.4023, device='cuda:0', grad_fn=<MseLossBackward0>)
[Step 21] Backward Propagation - Time: 3.9403s, Mem: -4413112320.00 B
[Step 21] PGD Update - Time: 0.0017s, Mem: 0.00 B

[Step 21] 完整步骤总时间: 5.823580s | 总显存: 0.00 B
[Step 21] 峰值显存: 6.23 GB

[Step 22] ============ 详细性能分析 ============
[模型部分] 总时间: 1.883760s | 显存: 4.11 GB

[0-9秒 PDE求解详细性能]

[19秒 PDE求解]
  t=19s - 时间: 1.864565s | 显存: 0.00 B

[PDE求解部分] 总时间: 1.864565s | 显存: 0.00 B

[本步骤总计] 时间: 3.748325s | 显存: 4.11 GB
orginal_loss:  tensor(8955.7676, device='cuda:0', grad_fn=<MseLossBackward0>)
[Step 22] Backward Propagation - Time: 3.9027s, Mem: -4413112320.00 B
[Step 22] PGD Update - Time: 0.0018s, Mem: 0.00 B

[Step 22] 完整步骤总时间: 5.790445s | 总显存: 0.00 B
[Step 22] 峰值显存: 6.23 GB

[Step 23] ============ 详细性能分析 ============
[模型部分] 总时间: 1.918692s | 显存: 4.12 GB

[0-9秒 PDE求解详细性能]

[19秒 PDE求解]
  t=19s - 时间: 1.899455s | 显存: 0.00 B

[PDE求解部分] 总时间: 1.899455s | 显存: 0.00 B

[本步骤总计] 时间: 3.818146s | 显存: 4.12 GB
orginal_loss:  tensor(8908.2871, device='cuda:0', grad_fn=<MseLossBackward0>)
[Step 23] Backward Propagation - Time: 3.9705s, Mem: -4413112320.00 B
[Step 23] PGD Update - Time: 0.0017s, Mem: 0.00 B

[Step 23] 完整步骤总时间: 5.893109s | 总显存: 0.00 B
[Step 23] 峰值显存: 6.23 GB

[Step 24] ============ 详细性能分析 ============
[模型部分] 总时间: 1.900687s | 显存: 4.11 GB

[0-9秒 PDE求解详细性能]

[19秒 PDE求解]
  t=19s - 时间: 1.881476s | 显存: 0.00 B

[PDE求解部分] 总时间: 1.881476s | 显存: 0.00 B

[本步骤总计] 时间: 3.782163s | 显存: 4.11 GB
orginal_loss:  tensor(8859.6494, device='cuda:0', grad_fn=<MseLossBackward0>)
[Step 24] Backward Propagation - Time: 3.9406s, Mem: -4413112320.00 B
[Step 24] PGD Update - Time: 0.0016s, Mem: 0.00 B

[Step 24] 完整步骤总时间: 5.845148s | 总显存: 0.00 B
[Step 24] 峰值显存: 6.23 GB

[Step 25] ============ 详细性能分析 ============
[模型部分] 总时间: 1.886223s | 显存: 4.12 GB

[0-9秒 PDE求解详细性能]

[19秒 PDE求解]
  t=19s - 时间: 1.866860s | 显存: 0.00 B

[PDE求解部分] 总时间: 1.866860s | 显存: 0.00 B

[本步骤总计] 时间: 3.753084s | 显存: 4.12 GB
orginal_loss:  tensor(8811.5117, device='cuda:0', grad_fn=<MseLossBackward0>)
[Step 25] Backward Propagation - Time: 3.9193s, Mem: -4413112320.00 B
[Step 25] PGD Update - Time: 0.0017s, Mem: 0.00 B

[Step 25] 完整步骤总时间: 5.809597s | 总显存: 0.00 B
[Step 25] 峰值显存: 6.23 GB

[Step 26] ============ 详细性能分析 ============
[模型部分] 总时间: 1.888578s | 显存: 4.11 GB

[0-9秒 PDE求解详细性能]

[19秒 PDE求解]
  t=19s - 时间: 1.869368s | 显存: 0.00 B

[PDE求解部分] 总时间: 1.869368s | 显存: 0.00 B

[本步骤总计] 时间: 3.757946s | 显存: 4.11 GB
orginal_loss:  tensor(8760.5098, device='cuda:0', grad_fn=<MseLossBackward0>)
[Step 26] Backward Propagation - Time: 3.9747s, Mem: -4413112320.00 B
[Step 26] PGD Update - Time: 0.0017s, Mem: 0.00 B

[Step 26] 完整步骤总时间: 5.867241s | 总显存: 0.00 B
[Step 26] 峰值显存: 6.23 GB

[Step 27] ============ 详细性能分析 ============
[模型部分] 总时间: 1.931806s | 显存: 4.12 GB

[0-9秒 PDE求解详细性能]

[19秒 PDE求解]
  t=19s - 时间: 1.912466s | 显存: 0.00 B

[PDE求解部分] 总时间: 1.912466s | 显存: 0.00 B

[本步骤总计] 时间: 3.844273s | 显存: 4.12 GB
orginal_loss:  tensor(8714.8340, device='cuda:0', grad_fn=<MseLossBackward0>)
[Step 27] Backward Propagation - Time: 4.0121s, Mem: -4413112320.00 B
[Step 27] PGD Update - Time: 0.0017s, Mem: 0.00 B

[Step 27] 完整步骤总时间: 5.947854s | 总显存: 0.00 B
[Step 27] 峰值显存: 6.23 GB

[Step 28] ============ 详细性能分析 ============
[模型部分] 总时间: 1.891920s | 显存: 4.11 GB

[0-9秒 PDE求解详细性能]

[19秒 PDE求解]
  t=19s - 时间: 1.872547s | 显存: 0.00 B

[PDE求解部分] 总时间: 1.872547s | 显存: 0.00 B

[本步骤总计] 时间: 3.764467s | 显存: 4.11 GB
orginal_loss:  tensor(8664.8848, device='cuda:0', grad_fn=<MseLossBackward0>)
[Step 28] Backward Propagation - Time: 3.9927s, Mem: -4413112320.00 B
[Step 28] PGD Update - Time: 0.0018s, Mem: 0.00 B

[Step 28] 完整步骤总时间: 5.888680s | 总显存: 0.00 B
[Step 28] 峰值显存: 6.23 GB

[Step 29] ============ 详细性能分析 ============
[模型部分] 总时间: 1.897009s | 显存: 4.12 GB

[0-9秒 PDE求解详细性能]

[19秒 PDE求解]
  t=19s - 时间: 1.877729s | 显存: 0.00 B

[PDE求解部分] 总时间: 1.877729s | 显存: 0.00 B

[本步骤总计] 时间: 3.774738s | 显存: 4.12 GB
orginal_loss:  tensor(8617.0186, device='cuda:0', grad_fn=<MseLossBackward0>)
[Step 29] Backward Propagation - Time: 3.9525s, Mem: -4413112320.00 B
[Step 29] PGD Update - Time: 0.0017s, Mem: 0.00 B

[Step 29] 完整步骤总时间: 5.853920s | 总显存: 0.00 B
[Step 29] 峰值显存: 6.23 GB

[Step 30] ============ 详细性能分析 ============
[模型部分] 总时间: 1.904390s | 显存: 4.11 GB

[0-9秒 PDE求解详细性能]

[19秒 PDE求解]
  t=19s - 时间: 1.885165s | 显存: 0.00 B

[PDE求解部分] 总时间: 1.885165s | 显存: 0.00 B

[本步骤总计] 时间: 3.789555s | 显存: 4.11 GB
orginal_loss:  tensor(8571.7842, device='cuda:0', grad_fn=<MseLossBackward0>)
[Step 30] Backward Propagation - Time: 4.0008s, Mem: -4413112320.00 B
[Step 30] PGD Update - Time: 0.0017s, Mem: 0.00 B

[Step 30] 完整步骤总时间: 5.909060s | 总显存: 0.00 B
[Step 30] 峰值显存: 6.23 GB

[Step 31] ============ 详细性能分析 ============
[模型部分] 总时间: 1.927561s | 显存: 4.12 GB

[0-9秒 PDE求解详细性能]

[19秒 PDE求解]
  t=19s - 时间: 1.908355s | 显存: 0.00 B

[PDE求解部分] 总时间: 1.908355s | 显存: 0.00 B

[本步骤总计] 时间: 3.835916s | 显存: 4.12 GB
orginal_loss:  tensor(8527.2539, device='cuda:0', grad_fn=<MseLossBackward0>)
[Step 31] Backward Propagation - Time: 3.9962s, Mem: -4413112320.00 B
[Step 31] PGD Update - Time: 0.0017s, Mem: 0.00 B

[Step 31] 完整步骤总时间: 5.927642s | 总显存: 0.00 B
[Step 31] 峰值显存: 6.23 GB

[Step 32] ============ 详细性能分析 ============
[模型部分] 总时间: 1.896529s | 显存: 4.11 GB

[0-9秒 PDE求解详细性能]

[19秒 PDE求解]
  t=19s - 时间: 1.877277s | 显存: 0.00 B

[PDE求解部分] 总时间: 1.877277s | 显存: 0.00 B

[本步骤总计] 时间: 3.773806s | 显存: 4.11 GB
orginal_loss:  tensor(8485.7871, device='cuda:0', grad_fn=<MseLossBackward0>)
[Step 32] Backward Propagation - Time: 3.9829s, Mem: -4413112320.00 B
[Step 32] PGD Update - Time: 0.0016s, Mem: 0.00 B

[Step 32] 完整步骤总时间: 5.883326s | 总显存: 0.00 B
[Step 32] 峰值显存: 6.23 GB

[Step 33] ============ 详细性能分析 ============
[模型部分] 总时间: 1.913246s | 显存: 4.12 GB

[0-9秒 PDE求解详细性能]

[19秒 PDE求解]
  t=19s - 时间: 1.894033s | 显存: 0.00 B

[PDE求解部分] 总时间: 1.894033s | 显存: 0.00 B

[本步骤总计] 时间: 3.807279s | 显存: 4.12 GB
orginal_loss:  tensor(8442.8936, device='cuda:0', grad_fn=<MseLossBackward0>)
[Step 33] Backward Propagation - Time: 4.0227s, Mem: -4413112320.00 B
[Step 33] PGD Update - Time: 0.0018s, Mem: 0.00 B

[Step 33] 完整步骤总时间: 5.940094s | 总显存: 0.00 B
[Step 33] 峰值显存: 6.23 GB

[Step 34] ============ 详细性能分析 ============
[模型部分] 总时间: 1.904376s | 显存: 4.11 GB

[0-9秒 PDE求解详细性能]

[19秒 PDE求解]
  t=19s - 时间: 1.885049s | 显存: 0.00 B

[PDE求解部分] 总时间: 1.885049s | 显存: 0.00 B

[本步骤总计] 时间: 3.789425s | 显存: 4.11 GB
orginal_loss:  tensor(8403.4053, device='cuda:0', grad_fn=<MseLossBackward0>)
[Step 34] Backward Propagation - Time: 3.9639s, Mem: -4413112320.00 B
[Step 34] PGD Update - Time: 0.0017s, Mem: 0.00 B

[Step 34] 完整步骤总时间: 5.872425s | 总显存: 0.00 B
[Step 34] 峰值显存: 6.23 GB

[Step 35] ============ 详细性能分析 ============
[模型部分] 总时间: 2.864973s | 显存: 4.12 GB

[0-9秒 PDE求解详细性能]

[19秒 PDE求解]
  t=19s - 时间: 2.845797s | 显存: 0.00 B

[PDE求解部分] 总时间: 2.845797s | 显存: 0.00 B

[本步骤总计] 时间: 5.710769s | 显存: 4.12 GB
orginal_loss:  tensor(8364.7461, device='cuda:0', grad_fn=<MseLossBackward0>)
[Step 35] Backward Propagation - Time: 3.9102s, Mem: -4413112320.00 B
[Step 35] PGD Update - Time: 0.0018s, Mem: 0.00 B

[Step 35] 完整步骤总时间: 6.779156s | 总显存: 0.00 B
[Step 35] 峰值显存: 6.23 GB

[Step 36] ============ 详细性能分析 ============
[模型部分] 总时间: 1.881914s | 显存: 4.11 GB

[0-9秒 PDE求解详细性能]

[19秒 PDE求解]
  t=19s - 时间: 1.862477s | 显存: 0.00 B

[PDE求解部分] 总时间: 1.862477s | 显存: 0.00 B

[本步骤总计] 时间: 3.744391s | 显存: 4.11 GB
orginal_loss:  tensor(8329.1729, device='cuda:0', grad_fn=<MseLossBackward0>)
[Step 36] Backward Propagation - Time: 3.9271s, Mem: -4413112320.00 B
[Step 36] PGD Update - Time: 0.0017s, Mem: 0.00 B

[Step 36] 完整步骤总时间: 5.813059s | 总显存: 0.00 B
[Step 36] 峰值显存: 6.23 GB

[Step 37] ============ 详细性能分析 ============
[模型部分] 总时间: 1.893343s | 显存: 4.12 GB

[0-9秒 PDE求解详细性能]

[19秒 PDE求解]
  t=19s - 时间: 1.874059s | 显存: 0.00 B

[PDE求解部分] 总时间: 1.874059s | 显存: 0.00 B

[本步骤总计] 时间: 3.767402s | 显存: 4.12 GB
orginal_loss:  tensor(8296.8428, device='cuda:0', grad_fn=<MseLossBackward0>)
[Step 37] Backward Propagation - Time: 3.9958s, Mem: -4413112320.00 B
[Step 37] PGD Update - Time: 0.0017s, Mem: 0.00 B

[Step 37] 完整步骤总时间: 5.893188s | 总显存: 0.00 B
[Step 37] 峰值显存: 6.23 GB

[Step 38] ============ 详细性能分析 ============
[模型部分] 总时间: 1.919479s | 显存: 4.11 GB

[0-9秒 PDE求解详细性能]

[19秒 PDE求解]
  t=19s - 时间: 1.900283s | 显存: 0.00 B

[PDE求解部分] 总时间: 1.900283s | 显存: 0.00 B

[本步骤总计] 时间: 3.819762s | 显存: 4.11 GB
orginal_loss:  tensor(8266.1230, device='cuda:0', grad_fn=<MseLossBackward0>)
[Step 38] Backward Propagation - Time: 3.9893s, Mem: -4413112320.00 B
[Step 38] PGD Update - Time: 0.0017s, Mem: 0.00 B

[Step 38] 完整步骤总时间: 5.912582s | 总显存: 0.00 B
[Step 38] 峰值显存: 6.23 GB

[Step 39] ============ 详细性能分析 ============
[模型部分] 总时间: 1.906575s | 显存: 4.12 GB

[0-9秒 PDE求解详细性能]

[19秒 PDE求解]
  t=19s - 时间: 1.887222s | 显存: 0.00 B

[PDE求解部分] 总时间: 1.887222s | 显存: 0.00 B

[本步骤总计] 时间: 3.793797s | 显存: 4.12 GB
orginal_loss:  tensor(8238.6934, device='cuda:0', grad_fn=<MseLossBackward0>)
[Step 39] Backward Propagation - Time: 4.0059s, Mem: -4413112320.00 B
[Step 39] PGD Update - Time: 0.0017s, Mem: 0.00 B

[Step 39] 完整步骤总时间: 5.916979s | 总显存: 0.00 B
[Step 39] 峰值显存: 6.23 GB

[Step 40] ============ 详细性能分析 ============
[模型部分] 总时间: 1.926043s | 显存: 4.11 GB

[0-9秒 PDE求解详细性能]

[19秒 PDE求解]
  t=19s - 时间: 1.906862s | 显存: 0.00 B

[PDE求解部分] 总时间: 1.906862s | 显存: 0.00 B

[本步骤总计] 时间: 3.832905s | 显存: 4.11 GB
orginal_loss:  tensor(8214.2734, device='cuda:0', grad_fn=<MseLossBackward0>)
[Step 40] Backward Propagation - Time: 3.9742s, Mem: -4413112320.00 B
[Step 40] PGD Update - Time: 0.0017s, Mem: 0.00 B

[Step 40] 完整步骤总时间: 5.904165s | 总显存: 0.00 B
[Step 40] 峰值显存: 6.23 GB

[Step 41] ============ 详细性能分析 ============
[模型部分] 总时间: 1.875755s | 显存: 4.12 GB

[0-9秒 PDE求解详细性能]

[19秒 PDE求解]
  t=19s - 时间: 1.856541s | 显存: 0.00 B

[PDE求解部分] 总时间: 1.856541s | 显存: 0.00 B

[本步骤总计] 时间: 3.732296s | 显存: 4.12 GB
orginal_loss:  tensor(8191.3906, device='cuda:0', grad_fn=<MseLossBackward0>)
[Step 41] Backward Propagation - Time: 3.9745s, Mem: -4413112320.00 B
[Step 41] PGD Update - Time: 0.0017s, Mem: 0.00 B

[Step 41] 完整步骤总时间: 5.854093s | 总显存: 0.00 B
[Step 41] 峰值显存: 6.23 GB

[Step 42] ============ 详细性能分析 ============
[模型部分] 总时间: 1.925581s | 显存: 4.11 GB

[0-9秒 PDE求解详细性能]

[19秒 PDE求解]
  t=19s - 时间: 1.906324s | 显存: 0.00 B

[PDE求解部分] 总时间: 1.906324s | 显存: 0.00 B

[本步骤总计] 时间: 3.831905s | 显存: 4.11 GB
orginal_loss:  tensor(8172.5996, device='cuda:0', grad_fn=<MseLossBackward0>)
[Step 42] Backward Propagation - Time: 3.9804s, Mem: -4413112320.00 B
[Step 42] PGD Update - Time: 0.0017s, Mem: 0.00 B

[Step 42] 完整步骤总时间: 5.909869s | 总显存: 0.00 B
[Step 42] 峰值显存: 6.23 GB

[Step 43] ============ 详细性能分析 ============
[模型部分] 总时间: 1.920296s | 显存: 4.12 GB

[0-9秒 PDE求解详细性能]

[19秒 PDE求解]
  t=19s - 时间: 1.901088s | 显存: 0.00 B

[PDE求解部分] 总时间: 1.901088s | 显存: 0.00 B

[本步骤总计] 时间: 3.821385s | 显存: 4.12 GB
orginal_loss:  tensor(8156.9751, device='cuda:0', grad_fn=<MseLossBackward0>)
[Step 43] Backward Propagation - Time: 4.0442s, Mem: -4413112320.00 B
[Step 43] PGD Update - Time: 0.0019s, Mem: 0.00 B

[Step 43] 完整步骤总时间: 5.968862s | 总显存: 0.00 B
[Step 43] 峰值显存: 6.23 GB

[Step 44] ============ 详细性能分析 ============
[模型部分] 总时间: 1.895362s | 显存: 4.11 GB

[0-9秒 PDE求解详细性能]

[19秒 PDE求解]
  t=19s - 时间: 1.876099s | 显存: 0.00 B

[PDE求解部分] 总时间: 1.876099s | 显存: 0.00 B

[本步骤总计] 时间: 3.771461s | 显存: 4.11 GB
orginal_loss:  tensor(8142.5508, device='cuda:0', grad_fn=<MseLossBackward0>)
[Step 44] Backward Propagation - Time: 3.9672s, Mem: -4413112320.00 B
[Step 44] PGD Update - Time: 0.0017s, Mem: 0.00 B

[Step 44] 完整步骤总时间: 5.866549s | 总显存: 0.00 B
[Step 44] 峰值显存: 6.23 GB

[Step 45] ============ 详细性能分析 ============
[模型部分] 总时间: 1.873499s | 显存: 4.12 GB

[0-9秒 PDE求解详细性能]

[19秒 PDE求解]
  t=19s - 时间: 1.854104s | 显存: 0.00 B

[PDE求解部分] 总时间: 1.854104s | 显存: 0.00 B

[本步骤总计] 时间: 3.727603s | 显存: 4.12 GB
orginal_loss:  tensor(8133.7217, device='cuda:0', grad_fn=<MseLossBackward0>)
[Step 45] Backward Propagation - Time: 3.9874s, Mem: -4413112320.00 B
[Step 45] PGD Update - Time: 0.0017s, Mem: 0.00 B

[Step 45] 完整步骤总时间: 5.864988s | 总显存: 0.00 B
[Step 45] 峰值显存: 6.23 GB

[Step 46] ============ 详细性能分析 ============
[模型部分] 总时间: 1.878710s | 显存: 4.11 GB

[0-9秒 PDE求解详细性能]

[19秒 PDE求解]
  t=19s - 时间: 1.859367s | 显存: 0.00 B

[PDE求解部分] 总时间: 1.859367s | 显存: 0.00 B

[本步骤总计] 时间: 3.738078s | 显存: 4.11 GB
orginal_loss:  tensor(8122.7139, device='cuda:0', grad_fn=<MseLossBackward0>)
[Step 46] Backward Propagation - Time: 3.9354s, Mem: -4413112320.00 B
[Step 46] PGD Update - Time: 0.0016s, Mem: 0.00 B

[Step 46] 完整步骤总时间: 5.817949s | 总显存: 0.00 B
[Step 46] 峰值显存: 6.23 GB

[Step 47] ============ 详细性能分析 ============
[模型部分] 总时间: 1.884945s | 显存: 4.12 GB

[0-9秒 PDE求解详细性能]

[19秒 PDE求解]
  t=19s - 时间: 1.865720s | 显存: 0.00 B

[PDE求解部分] 总时间: 1.865720s | 显存: 0.00 B

[本步骤总计] 时间: 3.750666s | 显存: 4.12 GB
orginal_loss:  tensor(8122.9580, device='cuda:0', grad_fn=<MseLossBackward0>)
[Step 47] Backward Propagation - Time: 3.9804s, Mem: -4413112320.00 B
[Step 47] PGD Update - Time: 0.0018s, Mem: 0.00 B

[Step 47] 完整步骤总时间: 5.869620s | 总显存: 0.00 B
[Step 47] 峰值显存: 6.23 GB

[Step 48] ============ 详细性能分析 ============
[模型部分] 总时间: 1.885363s | 显存: 4.11 GB

[0-9秒 PDE求解详细性能]

[19秒 PDE求解]
  t=19s - 时间: 1.866131s | 显存: 0.00 B

[PDE求解部分] 总时间: 1.866131s | 显存: 0.00 B

[本步骤总计] 时间: 3.751494s | 显存: 4.11 GB
orginal_loss:  tensor(8119.2617, device='cuda:0', grad_fn=<MseLossBackward0>)
[Step 48] Backward Propagation - Time: 3.8634s, Mem: -4413112320.00 B
[Step 48] PGD Update - Time: 0.0017s, Mem: 0.00 B

[Step 48] 完整步骤总时间: 5.752844s | 总显存: 0.00 B
[Step 48] 峰值显存: 6.23 GB

[Step 49] ============ 详细性能分析 ============
[模型部分] 总时间: 1.877828s | 显存: 4.12 GB

[0-9秒 PDE求解详细性能]

[19秒 PDE求解]
  t=19s - 时间: 1.858590s | 显存: 0.00 B

[PDE求解部分] 总时间: 1.858590s | 显存: 0.00 B

[本步骤总计] 时间: 3.736418s | 显存: 4.12 GB
orginal_loss:  tensor(8120.1387, device='cuda:0', grad_fn=<MseLossBackward0>)
[Step 49] Backward Propagation - Time: 3.9745s, Mem: -4413112320.00 B
[Step 49] PGD Update - Time: 0.0017s, Mem: 0.00 B

[Step 49] 完整步骤总时间: 5.856314s | 总显存: 0.00 B
[Step 49] 峰值显存: 6.23 GB

[Step 50] ============ 详细性能分析 ============
[模型部分] 总时间: 1.890521s | 显存: 4.11 GB

[0-9秒 PDE求解详细性能]

[19秒 PDE求解]
  t=19s - 时间: 1.871309s | 显存: 0.00 B

[PDE求解部分] 总时间: 1.871309s | 显存: 0.00 B

[本步骤总计] 时间: 3.761830s | 显存: 4.11 GB
orginal_loss:  tensor(8126.9468, device='cuda:0', grad_fn=<MseLossBackward0>)
[Step 50] Backward Propagation - Time: 3.9561s, Mem: -4413112320.00 B
[Step 50] PGD Update - Time: 0.0017s, Mem: 0.00 B

[Step 50] 完整步骤总时间: 5.850566s | 总显存: 0.00 B
[Step 50] 峰值显存: 6.23 GB

[Step 51] ============ 详细性能分析 ============
[模型部分] 总时间: 1.893392s | 显存: 4.12 GB

[0-9秒 PDE求解详细性能]

[19秒 PDE求解]
  t=19s - 时间: 1.874178s | 显存: 0.00 B

[PDE求解部分] 总时间: 1.874178s | 显存: 0.00 B

[本步骤总计] 时间: 3.767570s | 显存: 4.12 GB
orginal_loss:  tensor(8131.6865, device='cuda:0', grad_fn=<MseLossBackward0>)
[Step 51] Backward Propagation - Time: 3.9675s, Mem: -4413112320.00 B
[Step 51] PGD Update - Time: 0.0018s, Mem: 0.00 B

[Step 51] 完整步骤总时间: 5.864903s | 总显存: 0.00 B
[Step 51] 峰值显存: 6.23 GB

[Step 52] ============ 详细性能分析 ============
[模型部分] 总时间: 1.895485s | 显存: 4.11 GB

[0-9秒 PDE求解详细性能]

[19秒 PDE求解]
  t=19s - 时间: 1.876259s | 显存: 0.00 B

[PDE求解部分] 总时间: 1.876259s | 显存: 0.00 B

[本步骤总计] 时间: 3.771744s | 显存: 4.11 GB
orginal_loss:  tensor(8142.2544, device='cuda:0', grad_fn=<MseLossBackward0>)
[Step 52] Backward Propagation - Time: 3.9305s, Mem: -4413112320.00 B
[Step 52] PGD Update - Time: 0.0018s, Mem: 0.00 B

[Step 52] 完整步骤总时间: 5.830286s | 总显存: 0.00 B
[Step 52] 峰值显存: 6.23 GB

[Step 53] ============ 详细性能分析 ============
[模型部分] 总时间: 1.918313s | 显存: 4.12 GB

[0-9秒 PDE求解详细性能]

[19秒 PDE求解]
  t=19s - 时间: 1.899063s | 显存: 0.00 B

[PDE求解部分] 总时间: 1.899063s | 显存: 0.00 B

[本步骤总计] 时间: 3.817376s | 显存: 4.12 GB
orginal_loss:  tensor(8152.3613, device='cuda:0', grad_fn=<MseLossBackward0>)
[Step 53] Backward Propagation - Time: 4.0114s, Mem: -4413112320.00 B
[Step 53] PGD Update - Time: 0.0018s, Mem: 0.00 B

[Step 53] 完整步骤总时间: 5.933743s | 总显存: 0.00 B
[Step 53] 峰值显存: 6.23 GB

[Step 54] ============ 详细性能分析 ============
[模型部分] 总时间: 1.936965s | 显存: 4.11 GB

[0-9秒 PDE求解详细性能]

[19秒 PDE求解]
  t=19s - 时间: 1.917537s | 显存: 0.00 B

[PDE求解部分] 总时间: 1.917537s | 显存: 0.00 B

[本步骤总计] 时间: 3.854502s | 显存: 4.11 GB
orginal_loss:  tensor(8166.8667, device='cuda:0', grad_fn=<MseLossBackward0>)
[Step 54] Backward Propagation - Time: 3.9547s, Mem: -4413112320.00 B
[Step 54] PGD Update - Time: 0.0018s, Mem: 0.00 B

[Step 54] 完整步骤总时间: 5.895792s | 总显存: 0.00 B
[Step 54] 峰值显存: 6.23 GB

[Step 55] ============ 详细性能分析 ============
[模型部分] 总时间: 1.883350s | 显存: 4.12 GB

[0-9秒 PDE求解详细性能]

[19秒 PDE求解]
  t=19s - 时间: 1.864130s | 显存: 0.00 B

[PDE求解部分] 总时间: 1.864130s | 显存: 0.00 B

[本步骤总计] 时间: 3.747480s | 显存: 4.12 GB
orginal_loss:  tensor(8182.2324, device='cuda:0', grad_fn=<MseLossBackward0>)
[Step 55] Backward Propagation - Time: 3.9454s, Mem: -4413112320.00 B
[Step 55] PGD Update - Time: 0.0017s, Mem: 0.00 B

[Step 55] 完整步骤总时间: 5.832758s | 总显存: 0.00 B
[Step 55] 峰值显存: 6.23 GB

[Step 56] ============ 详细性能分析 ============
[模型部分] 总时间: 1.873159s | 显存: 4.11 GB

[0-9秒 PDE求解详细性能]

[19秒 PDE求解]
  t=19s - 时间: 1.853976s | 显存: 0.00 B

[PDE求解部分] 总时间: 1.853976s | 显存: 0.00 B

[本步骤总计] 时间: 3.727135s | 显存: 4.11 GB
orginal_loss:  tensor(8200.7305, device='cuda:0', grad_fn=<MseLossBackward0>)
[Step 56] Backward Propagation - Time: 3.9932s, Mem: -4413112320.00 B
[Step 56] PGD Update - Time: 0.0017s, Mem: 0.00 B

[Step 56] 完整步骤总时间: 5.870652s | 总显存: 0.00 B
[Step 56] 峰值显存: 6.23 GB

[Step 57] ============ 详细性能分析 ============
[模型部分] 总时间: 1.923315s | 显存: 4.12 GB

[0-9秒 PDE求解详细性能]

[19秒 PDE求解]
  t=19s - 时间: 1.904028s | 显存: 0.00 B

[PDE求解部分] 总时间: 1.904028s | 显存: 0.00 B

[本步骤总计] 时间: 3.827344s | 显存: 4.12 GB
orginal_loss:  tensor(8217.9766, device='cuda:0', grad_fn=<MseLossBackward0>)
[Step 57] Backward Propagation - Time: 3.9286s, Mem: -4413112320.00 B
[Step 57] PGD Update - Time: 0.0017s, Mem: 0.00 B

[Step 57] 完整步骤总时间: 5.856027s | 总显存: 0.00 B
[Step 57] 峰值显存: 6.23 GB

[Step 58] ============ 详细性能分析 ============
[模型部分] 总时间: 1.874752s | 显存: 4.11 GB

[0-9秒 PDE求解详细性能]

[19秒 PDE求解]
  t=19s - 时间: 1.855475s | 显存: 0.00 B

[PDE求解部分] 总时间: 1.855475s | 显存: 0.00 B

[本步骤总计] 时间: 3.730227s | 显存: 4.11 GB
orginal_loss:  tensor(8237.6406, device='cuda:0', grad_fn=<MseLossBackward0>)
[Step 58] Backward Propagation - Time: 4.0259s, Mem: -4413112320.00 B
[Step 58] PGD Update - Time: 0.0017s, Mem: 0.00 B

[Step 58] 完整步骤总时间: 5.904588s | 总显存: 0.00 B
[Step 58] 峰值显存: 6.23 GB

[Step 59] ============ 详细性能分析 ============
[模型部分] 总时间: 1.891957s | 显存: 4.12 GB

[0-9秒 PDE求解详细性能]

[19秒 PDE求解]
  t=19s - 时间: 1.872704s | 显存: 0.00 B

[PDE求解部分] 总时间: 1.872704s | 显存: 0.00 B

[本步骤总计] 时间: 3.764661s | 显存: 4.12 GB
orginal_loss:  tensor(8260.1914, device='cuda:0', grad_fn=<MseLossBackward0>)
[Step 59] Backward Propagation - Time: 3.9671s, Mem: -4413112320.00 B
[Step 59] PGD Update - Time: 0.0017s, Mem: 0.00 B

[Step 59] 完整步骤总时间: 5.863086s | 总显存: 0.00 B
[Step 59] 峰值显存: 6.23 GB

[Step 60] ============ 详细性能分析 ============
[模型部分] 总时间: 1.869632s | 显存: 4.11 GB

[0-9秒 PDE求解详细性能]

[19秒 PDE求解]
  t=19s - 时间: 1.850372s | 显存: 0.00 B

[PDE求解部分] 总时间: 1.850372s | 显存: 0.00 B

[本步骤总计] 时间: 3.720004s | 显存: 4.11 GB
orginal_loss:  tensor(8281.9375, device='cuda:0', grad_fn=<MseLossBackward0>)
[Step 60] Backward Propagation - Time: 3.9107s, Mem: -4413112320.00 B
[Step 60] PGD Update - Time: 0.0017s, Mem: 0.00 B

[Step 60] 完整步骤总时间: 5.784271s | 总显存: 0.00 B
[Step 60] 峰值显存: 6.23 GB

[Step 61] ============ 详细性能分析 ============
[模型部分] 总时间: 1.890344s | 显存: 4.12 GB

[0-9秒 PDE求解详细性能]

[19秒 PDE求解]
  t=19s - 时间: 1.871107s | 显存: 0.00 B

[PDE求解部分] 总时间: 1.871107s | 显存: 0.00 B

[本步骤总计] 时间: 3.761451s | 显存: 4.12 GB
orginal_loss:  tensor(8302.0566, device='cuda:0', grad_fn=<MseLossBackward0>)
[Step 61] Backward Propagation - Time: 3.9438s, Mem: -4413112320.00 B
[Step 61] PGD Update - Time: 0.0018s, Mem: 0.00 B

[Step 61] 完整步骤总时间: 5.838292s | 总显存: 0.00 B
[Step 61] 峰值显存: 6.23 GB

[Step 62] ============ 详细性能分析 ============
[模型部分] 总时间: 1.884017s | 显存: 4.11 GB

[0-9秒 PDE求解详细性能]

[19秒 PDE求解]
  t=19s - 时间: 1.864794s | 显存: 0.00 B

[PDE求解部分] 总时间: 1.864794s | 显存: 0.00 B

[本步骤总计] 时间: 3.748811s | 显存: 4.11 GB
orginal_loss:  tensor(8324.4922, device='cuda:0', grad_fn=<MseLossBackward0>)
[Step 62] Backward Propagation - Time: 3.9166s, Mem: -4413112320.00 B
[Step 62] PGD Update - Time: 0.0018s, Mem: 0.00 B

[Step 62] 完整步骤总时间: 5.804854s | 总显存: 0.00 B
[Step 62] 峰值显存: 6.23 GB

[Step 63] ============ 详细性能分析 ============
[模型部分] 总时间: 1.890839s | 显存: 4.12 GB

[0-9秒 PDE求解详细性能]

[19秒 PDE求解]
  t=19s - 时间: 1.871320s | 显存: 0.00 B

[PDE求解部分] 总时间: 1.871320s | 显存: 0.00 B

[本步骤总计] 时间: 3.762159s | 显存: 4.12 GB
orginal_loss:  tensor(8348.3574, device='cuda:0', grad_fn=<MseLossBackward0>)
[Step 63] Backward Propagation - Time: 3.9786s, Mem: -4413112320.00 B
[Step 63] PGD Update - Time: 0.0017s, Mem: 0.00 B

[Step 63] 完整步骤总时间: 5.873540s | 总显存: 0.00 B
[Step 63] 峰值显存: 6.23 GB

[Step 64] ============ 详细性能分析 ============
[模型部分] 总时间: 1.919544s | 显存: 4.11 GB

[0-9秒 PDE求解详细性能]

[19秒 PDE求解]
  t=19s - 时间: 1.900327s | 显存: 0.00 B

[PDE求解部分] 总时间: 1.900327s | 显存: 0.00 B

[本步骤总计] 时间: 3.819871s | 显存: 4.11 GB
orginal_loss:  tensor(8368.6875, device='cuda:0', grad_fn=<MseLossBackward0>)
[Step 64] Backward Propagation - Time: 4.0270s, Mem: -4413112320.00 B
[Step 64] PGD Update - Time: 0.0017s, Mem: 0.00 B

[Step 64] 完整步骤总时间: 5.950913s | 总显存: 0.00 B
[Step 64] 峰值显存: 6.23 GB

[Step 65] ============ 详细性能分析 ============
[模型部分] 总时间: 1.911679s | 显存: 4.12 GB

[0-9秒 PDE求解详细性能]

[19秒 PDE求解]
  t=19s - 时间: 1.892419s | 显存: 0.00 B

[PDE求解部分] 总时间: 1.892419s | 显存: 0.00 B

[本步骤总计] 时间: 3.804097s | 显存: 4.12 GB
orginal_loss:  tensor(8389.3555, device='cuda:0', grad_fn=<MseLossBackward0>)
[Step 65] Backward Propagation - Time: 3.9510s, Mem: -4413112320.00 B
[Step 65] PGD Update - Time: 0.0017s, Mem: 0.00 B

[Step 65] 完整步骤总时间: 5.866668s | 总显存: 0.00 B
[Step 65] 峰值显存: 6.23 GB

[Step 66] ============ 详细性能分析 ============
[模型部分] 总时间: 1.896583s | 显存: 4.11 GB

[0-9秒 PDE求解详细性能]

[19秒 PDE求解]
  t=19s - 时间: 1.877337s | 显存: 0.00 B

[PDE求解部分] 总时间: 1.877337s | 显存: 0.00 B

[本步骤总计] 时间: 3.773920s | 显存: 4.11 GB
orginal_loss:  tensor(8410.8984, device='cuda:0', grad_fn=<MseLossBackward0>)
[Step 66] Backward Propagation - Time: 3.9613s, Mem: -4413112320.00 B
[Step 66] PGD Update - Time: 0.0017s, Mem: 0.00 B

[Step 66] 完整步骤总时间: 5.861769s | 总显存: 0.00 B
[Step 66] 峰值显存: 6.23 GB

[Step 67] ============ 详细性能分析 ============
[模型部分] 总时间: 1.868566s | 显存: 4.12 GB

[0-9秒 PDE求解详细性能]

[19秒 PDE求解]
  t=19s - 时间: 1.849350s | 显存: 0.00 B

[PDE求解部分] 总时间: 1.849350s | 显存: 0.00 B

[本步骤总计] 时间: 3.717915s | 显存: 4.12 GB
orginal_loss:  tensor(8431.6348, device='cuda:0', grad_fn=<MseLossBackward0>)
[Step 67] Backward Propagation - Time: 3.9529s, Mem: -4413112320.00 B
[Step 67] PGD Update - Time: 0.0017s, Mem: 0.00 B

[Step 67] 完整步骤总时间: 5.825417s | 总显存: 0.00 B
[Step 67] 峰值显存: 6.23 GB

[Step 68] ============ 详细性能分析 ============
[模型部分] 总时间: 1.895785s | 显存: 4.11 GB

[0-9秒 PDE求解详细性能]

[19秒 PDE求解]
  t=19s - 时间: 1.876547s | 显存: 0.00 B

[PDE求解部分] 总时间: 1.876547s | 显存: 0.00 B

[本步骤总计] 时间: 3.772332s | 显存: 4.11 GB
orginal_loss:  tensor(8451.6543, device='cuda:0', grad_fn=<MseLossBackward0>)
[Step 68] Backward Propagation - Time: 3.9311s, Mem: -4413112320.00 B
[Step 68] PGD Update - Time: 0.0017s, Mem: 0.00 B

[Step 68] 完整步骤总时间: 5.830784s | 总显存: 0.00 B
[Step 68] 峰值显存: 6.23 GB

[Step 69] ============ 详细性能分析 ============
[模型部分] 总时间: 1.887377s | 显存: 4.12 GB

[0-9秒 PDE求解详细性能]

[19秒 PDE求解]
  t=19s - 时间: 1.868121s | 显存: 0.00 B

[PDE求解部分] 总时间: 1.868121s | 显存: 0.00 B

[本步骤总计] 时间: 3.755497s | 显存: 4.12 GB
orginal_loss:  tensor(8472.7461, device='cuda:0', grad_fn=<MseLossBackward0>)
[Step 69] Backward Propagation - Time: 3.9299s, Mem: -4413112320.00 B
[Step 69] PGD Update - Time: 0.0017s, Mem: 0.00 B

[Step 69] 完整步骤总时间: 5.821330s | 总显存: 0.00 B
[Step 69] 峰值显存: 6.23 GB

[Step 70] ============ 详细性能分析 ============
[模型部分] 总时间: 1.884550s | 显存: 4.11 GB

[0-9秒 PDE求解详细性能]

[19秒 PDE求解]
  t=19s - 时间: 1.865268s | 显存: 0.00 B

[PDE求解部分] 总时间: 1.865268s | 显存: 0.00 B

[本步骤总计] 时间: 3.749819s | 显存: 4.11 GB
orginal_loss:  tensor(8494.9785, device='cuda:0', grad_fn=<MseLossBackward0>)
[Step 70] Backward Propagation - Time: 3.9181s, Mem: -4413112320.00 B
[Step 70] PGD Update - Time: 0.0017s, Mem: 0.00 B

[Step 70] 完整步骤总时间: 5.806633s | 总显存: 0.00 B
[Step 70] 峰值显存: 6.23 GB

[Step 71] ============ 详细性能分析 ============
[模型部分] 总时间: 1.887039s | 显存: 4.12 GB

[0-9秒 PDE求解详细性能]

[19秒 PDE求解]
  t=19s - 时间: 1.867811s | 显存: 0.00 B

[PDE求解部分] 总时间: 1.867811s | 显存: 0.00 B

[本步骤总计] 时间: 3.754849s | 显存: 4.12 GB
orginal_loss:  tensor(8517.1006, device='cuda:0', grad_fn=<MseLossBackward0>)
[Step 71] Backward Propagation - Time: 3.9310s, Mem: -4413112320.00 B
[Step 71] PGD Update - Time: 0.0018s, Mem: 0.00 B

[Step 71] 完整步骤总时间: 5.822146s | 总显存: 0.00 B
[Step 71] 峰值显存: 6.23 GB

[Step 72] ============ 详细性能分析 ============
[模型部分] 总时间: 1.892874s | 显存: 4.11 GB

[0-9秒 PDE求解详细性能]

[19秒 PDE求解]
  t=19s - 时间: 1.873328s | 显存: 0.00 B

[PDE求解部分] 总时间: 1.873328s | 显存: 0.00 B

[本步骤总计] 时间: 3.766202s | 显存: 4.11 GB
orginal_loss:  tensor(8543.1016, device='cuda:0', grad_fn=<MseLossBackward0>)
[Step 72] Backward Propagation - Time: 3.9734s, Mem: -4413112320.00 B
[Step 72] PGD Update - Time: 0.0017s, Mem: 0.00 B

[Step 72] 完整步骤总时间: 5.870412s | 总显存: 0.00 B
[Step 72] 峰值显存: 6.23 GB

[Step 73] ============ 详细性能分析 ============
[模型部分] 总时间: 1.881431s | 显存: 4.12 GB

[0-9秒 PDE求解详细性能]

[19秒 PDE求解]
  t=19s - 时间: 1.862248s | 显存: 0.00 B

[PDE求解部分] 总时间: 1.862248s | 显存: 0.00 B

[本步骤总计] 时间: 3.743679s | 显存: 4.12 GB
orginal_loss:  tensor(8571.9521, device='cuda:0', grad_fn=<MseLossBackward0>)
[Step 73] Backward Propagation - Time: 3.9238s, Mem: -4413112320.00 B
[Step 73] PGD Update - Time: 0.0017s, Mem: 0.00 B

[Step 73] 完整步骤总时间: 5.809057s | 总显存: 0.00 B
[Step 73] 峰值显存: 6.23 GB

[Step 74] ============ 详细性能分析 ============
[模型部分] 总时间: 1.905695s | 显存: 4.11 GB

[0-9秒 PDE求解详细性能]

[19秒 PDE求解]
  t=19s - 时间: 1.886338s | 显存: 0.00 B

[PDE求解部分] 总时间: 1.886338s | 显存: 0.00 B

[本步骤总计] 时间: 3.792033s | 显存: 4.11 GB
orginal_loss:  tensor(8603.7129, device='cuda:0', grad_fn=<MseLossBackward0>)
[Step 74] Backward Propagation - Time: 3.9476s, Mem: -4413112320.00 B
[Step 74] PGD Update - Time: 0.0017s, Mem: 0.00 B

[Step 74] 完整步骤总时间: 5.858137s | 总显存: 0.00 B
[Step 74] 峰值显存: 6.23 GB

[Step 75] ============ 详细性能分析 ============
[模型部分] 总时间: 1.890582s | 显存: 4.12 GB

[0-9秒 PDE求解详细性能]

[19秒 PDE求解]
  t=19s - 时间: 1.871372s | 显存: 0.00 B

[PDE求解部分] 总时间: 1.871372s | 显存: 0.00 B

[本步骤总计] 时间: 3.761954s | 显存: 4.12 GB
orginal_loss:  tensor(8644.4932, device='cuda:0', grad_fn=<MseLossBackward0>)
[Step 75] Backward Propagation - Time: 5.2211s, Mem: -4413112320.00 B
[Step 75] PGD Update - Time: 0.0017s, Mem: 0.00 B

[Step 75] 完整步骤总时间: 7.115760s | 总显存: 0.00 B
[Step 75] 峰值显存: 6.23 GB

[Step 76] ============ 详细性能分析 ============
[模型部分] 总时间: 1.904809s | 显存: 4.11 GB

[0-9秒 PDE求解详细性能]

[19秒 PDE求解]
  t=19s - 时间: 1.885620s | 显存: 0.00 B

[PDE求解部分] 总时间: 1.885620s | 显存: 0.00 B

[本步骤总计] 时间: 3.790429s | 显存: 4.11 GB
orginal_loss:  tensor(8687.6816, device='cuda:0', grad_fn=<MseLossBackward0>)
[Step 76] Backward Propagation - Time: 3.9543s, Mem: -4413112320.00 B
[Step 76] PGD Update - Time: 0.0017s, Mem: 0.00 B

[Step 76] 完整步骤总时间: 5.863042s | 总显存: 0.00 B
[Step 76] 峰值显存: 6.23 GB

[Step 77] ============ 详细性能分析 ============
[模型部分] 总时间: 1.898078s | 显存: 4.12 GB

[0-9秒 PDE求解详细性能]

[19秒 PDE求解]
  t=19s - 时间: 1.878865s | 显存: 0.00 B

[PDE求解部分] 总时间: 1.878865s | 显存: 0.00 B

[本步骤总计] 时间: 3.776944s | 显存: 4.12 GB
orginal_loss:  tensor(8734.6309, device='cuda:0', grad_fn=<MseLossBackward0>)
[Step 77] Backward Propagation - Time: 3.9717s, Mem: -4413112320.00 B
[Step 77] PGD Update - Time: 0.0017s, Mem: 0.00 B

[Step 77] 完整步骤总时间: 5.873705s | 总显存: 0.00 B
[Step 77] 峰值显存: 6.23 GB

[Step 78] ============ 详细性能分析 ============
[模型部分] 总时间: 1.938554s | 显存: 4.11 GB

[0-9秒 PDE求解详细性能]

[19秒 PDE求解]
  t=19s - 时间: 1.919340s | 显存: 0.00 B

[PDE求解部分] 总时间: 1.919340s | 显存: 0.00 B

[本步骤总计] 时间: 3.857894s | 显存: 4.11 GB
orginal_loss:  tensor(8786.8594, device='cuda:0', grad_fn=<MseLossBackward0>)
[Step 78] Backward Propagation - Time: 3.9656s, Mem: -4413112320.00 B
[Step 78] PGD Update - Time: 0.0017s, Mem: 0.00 B

[Step 78] 完整步骤总时间: 5.908266s | 总显存: 0.00 B
[Step 78] 峰值显存: 6.23 GB

[Step 79] ============ 详细性能分析 ============
[模型部分] 总时间: 1.895132s | 显存: 4.12 GB

[0-9秒 PDE求解详细性能]

[19秒 PDE求解]
  t=19s - 时间: 1.875888s | 显存: 0.00 B

[PDE求解部分] 总时间: 1.875888s | 显存: 0.00 B

[本步骤总计] 时间: 3.771020s | 显存: 4.12 GB
orginal_loss:  tensor(8847.2256, device='cuda:0', grad_fn=<MseLossBackward0>)
[Step 79] Backward Propagation - Time: 4.0088s, Mem: -4413112320.00 B
[Step 79] PGD Update - Time: 0.0017s, Mem: 0.00 B

[Step 79] 完整步骤总时间: 5.908002s | 总显存: 0.00 B
[Step 79] 峰值显存: 6.23 GB

[Step 80] ============ 详细性能分析 ============
[模型部分] 总时间: 1.896657s | 显存: 4.11 GB

[0-9秒 PDE求解详细性能]

[19秒 PDE求解]
  t=19s - 时间: 1.877467s | 显存: 0.00 B

[PDE求解部分] 总时间: 1.877467s | 显存: 0.00 B

[本步骤总计] 时间: 3.774124s | 显存: 4.11 GB
orginal_loss:  tensor(8909.3789, device='cuda:0', grad_fn=<MseLossBackward0>)
[Step 80] Backward Propagation - Time: 3.9688s, Mem: -4413112320.00 B
[Step 80] PGD Update - Time: 0.0018s, Mem: 0.00 B

[Step 80] 完整步骤总时间: 5.869398s | 总显存: 0.00 B
[Step 80] 峰值显存: 6.23 GB

[Step 81] ============ 详细性能分析 ============
[模型部分] 总时间: 1.925152s | 显存: 4.12 GB

[0-9秒 PDE求解详细性能]

[19秒 PDE求解]
  t=19s - 时间: 1.905681s | 显存: 0.00 B

[PDE求解部分] 总时间: 1.905681s | 显存: 0.00 B

[本步骤总计] 时间: 3.830833s | 显存: 4.12 GB
orginal_loss:  tensor(8977.5117, device='cuda:0', grad_fn=<MseLossBackward0>)
[Step 81] Backward Propagation - Time: 3.9893s, Mem: -4413112320.00 B
[Step 81] PGD Update - Time: 0.0017s, Mem: 0.00 B

[Step 81] 完整步骤总时间: 5.918461s | 总显存: 0.00 B
[Step 81] 峰值显存: 6.23 GB

[Step 82] ============ 详细性能分析 ============
[模型部分] 总时间: 1.880124s | 显存: 4.11 GB

[0-9秒 PDE求解详细性能]

[19秒 PDE求解]
  t=19s - 时间: 1.860875s | 显存: 0.00 B

[PDE求解部分] 总时间: 1.860875s | 显存: 0.00 B

[本步骤总计] 时间: 3.740999s | 显存: 4.11 GB
orginal_loss:  tensor(9046.4609, device='cuda:0', grad_fn=<MseLossBackward0>)
[Step 82] Backward Propagation - Time: 3.9267s, Mem: -4413112320.00 B
[Step 82] PGD Update - Time: 0.0017s, Mem: 0.00 B

[Step 82] 完整步骤总时间: 5.810805s | 总显存: 0.00 B
[Step 82] 峰值显存: 6.23 GB

[Step 83] ============ 详细性能分析 ============
[模型部分] 总时间: 1.871989s | 显存: 4.12 GB

[0-9秒 PDE求解详细性能]

[19秒 PDE求解]
  t=19s - 时间: 1.852769s | 显存: 0.00 B

[PDE求解部分] 总时间: 1.852769s | 显存: 0.00 B

[本步骤总计] 时间: 3.724758s | 显存: 4.12 GB
orginal_loss:  tensor(9118.6406, device='cuda:0', grad_fn=<MseLossBackward0>)
[Step 83] Backward Propagation - Time: 3.9710s, Mem: -4413112320.00 B
[Step 83] PGD Update - Time: 0.0017s, Mem: 0.00 B

[Step 83] 完整步骤总时间: 5.847421s | 总显存: 0.00 B
[Step 83] 峰值显存: 6.23 GB

[Step 84] ============ 详细性能分析 ============
[模型部分] 总时间: 1.899306s | 显存: 4.11 GB

[0-9秒 PDE求解详细性能]

[19秒 PDE求解]
  t=19s - 时间: 1.880048s | 显存: 0.00 B

[PDE求解部分] 总时间: 1.880048s | 显存: 0.00 B

[本步骤总计] 时间: 3.779354s | 显存: 4.11 GB
orginal_loss:  tensor(9188.9824, device='cuda:0', grad_fn=<MseLossBackward0>)
[Step 84] Backward Propagation - Time: 3.9673s, Mem: -4413112320.00 B
[Step 84] PGD Update - Time: 0.0017s, Mem: 0.00 B

[Step 84] 完整步骤总时间: 5.870708s | 总显存: 0.00 B
[Step 84] 峰值显存: 6.23 GB

[Step 85] ============ 详细性能分析 ============
[模型部分] 总时间: 1.939733s | 显存: 4.12 GB

[0-9秒 PDE求解详细性能]

[19秒 PDE求解]
  t=19s - 时间: 1.920487s | 显存: 0.00 B

[PDE求解部分] 总时间: 1.920487s | 显存: 0.00 B

[本步骤总计] 时间: 3.860220s | 显存: 4.12 GB
orginal_loss:  tensor(9257.3936, device='cuda:0', grad_fn=<MseLossBackward0>)
[Step 85] Backward Propagation - Time: 4.0296s, Mem: -4413112320.00 B
[Step 85] PGD Update - Time: 0.0017s, Mem: 0.00 B

[Step 85] 完整步骤总时间: 5.973321s | 总显存: 0.00 B
[Step 85] 峰值显存: 6.23 GB

[Step 86] ============ 详细性能分析 ============
[模型部分] 总时间: 1.915026s | 显存: 4.11 GB

[0-9秒 PDE求解详细性能]

[19秒 PDE求解]
  t=19s - 时间: 1.895800s | 显存: 0.00 B

[PDE求解部分] 总时间: 1.895800s | 显存: 0.00 B

[本步骤总计] 时间: 3.810826s | 显存: 4.11 GB
orginal_loss:  tensor(9322.1152, device='cuda:0', grad_fn=<MseLossBackward0>)
[Step 86] Backward Propagation - Time: 3.9977s, Mem: -4413112320.00 B
[Step 86] PGD Update - Time: 0.0016s, Mem: 0.00 B

[Step 86] 完整步骤总时间: 5.916591s | 总显存: 0.00 B
[Step 86] 峰值显存: 6.23 GB

[Step 87] ============ 详细性能分析 ============
[模型部分] 总时间: 1.910967s | 显存: 4.12 GB

[0-9秒 PDE求解详细性能]

[19秒 PDE求解]
  t=19s - 时间: 1.891756s | 显存: 0.00 B

[PDE求解部分] 总时间: 1.891756s | 显存: 0.00 B

[本步骤总计] 时间: 3.802722s | 显存: 4.12 GB
orginal_loss:  tensor(9380.6357, device='cuda:0', grad_fn=<MseLossBackward0>)
[Step 87] Backward Propagation - Time: 4.0039s, Mem: -4413112320.00 B
[Step 87] PGD Update - Time: 0.0017s, Mem: 0.00 B

[Step 87] 完整步骤总时间: 5.918771s | 总显存: 0.00 B
[Step 87] 峰值显存: 6.23 GB

[Step 88] ============ 详细性能分析 ============
[模型部分] 总时间: 1.924462s | 显存: 4.11 GB

[0-9秒 PDE求解详细性能]

[19秒 PDE求解]
  t=19s - 时间: 1.905215s | 显存: 0.00 B

[PDE求解部分] 总时间: 1.905215s | 显存: 0.00 B

[本步骤总计] 时间: 3.829677s | 显存: 4.11 GB
orginal_loss:  tensor(9431.5762, device='cuda:0', grad_fn=<MseLossBackward0>)
[Step 88] Backward Propagation - Time: 3.9939s, Mem: -4413112320.00 B
[Step 88] PGD Update - Time: 0.0017s, Mem: 0.00 B

[Step 88] 完整步骤总时间: 5.922294s | 总显存: 0.00 B
[Step 88] 峰值显存: 6.23 GB

[Step 89] ============ 详细性能分析 ============
[模型部分] 总时间: 1.904433s | 显存: 4.12 GB

[0-9秒 PDE求解详细性能]

[19秒 PDE求解]
  t=19s - 时间: 1.885104s | 显存: 0.00 B

[PDE求解部分] 总时间: 1.885104s | 显存: 0.00 B

[本步骤总计] 时间: 3.789537s | 显存: 4.12 GB
orginal_loss:  tensor(9474.0508, device='cuda:0', grad_fn=<MseLossBackward0>)
[Step 89] Backward Propagation - Time: 3.9578s, Mem: -4413112320.00 B
[Step 89] PGD Update - Time: 0.0017s, Mem: 0.00 B

[Step 89] 完整步骤总时间: 5.866338s | 总显存: 0.00 B
[Step 89] 峰值显存: 6.23 GB

[Step 90] ============ 详细性能分析 ============
[模型部分] 总时间: 1.900695s | 显存: 4.11 GB

[0-9秒 PDE求解详细性能]

[19秒 PDE求解]
  t=19s - 时间: 1.881397s | 显存: 0.00 B

[PDE求解部分] 总时间: 1.881397s | 显存: 0.00 B

[本步骤总计] 时间: 3.782092s | 显存: 4.11 GB
orginal_loss:  tensor(9506.6133, device='cuda:0', grad_fn=<MseLossBackward0>)
[Step 90] Backward Propagation - Time: 3.9310s, Mem: -4413112320.00 B
[Step 90] PGD Update - Time: 0.0018s, Mem: 0.00 B

[Step 90] 完整步骤总时间: 5.835770s | 总显存: 0.00 B
[Step 90] 峰值显存: 6.23 GB

[Step 91] ============ 详细性能分析 ============
[模型部分] 总时间: 1.937007s | 显存: 4.12 GB

[0-9秒 PDE求解详细性能]

[19秒 PDE求解]
  t=19s - 时间: 1.917514s | 显存: 0.00 B

[PDE求解部分] 总时间: 1.917514s | 显存: 0.00 B

[本步骤总计] 时间: 3.854521s | 显存: 4.12 GB
orginal_loss:  tensor(9523.8066, device='cuda:0', grad_fn=<MseLossBackward0>)
[Step 91] Backward Propagation - Time: 3.9956s, Mem: -4413112320.00 B
[Step 91] PGD Update - Time: 0.0017s, Mem: 0.00 B

[Step 91] 完整步骤总时间: 5.936766s | 总显存: 0.00 B
[Step 91] 峰值显存: 6.23 GB

[Step 92] ============ 详细性能分析 ============
[模型部分] 总时间: 1.908139s | 显存: 4.11 GB

[0-9秒 PDE求解详细性能]

[19秒 PDE求解]
  t=19s - 时间: 1.888887s | 显存: 0.00 B

[PDE求解部分] 总时间: 1.888887s | 显存: 0.00 B

[本步骤总计] 时间: 3.797026s | 显存: 4.11 GB
orginal_loss:  tensor(9531.0996, device='cuda:0', grad_fn=<MseLossBackward0>)
[Step 92] Backward Propagation - Time: 4.3213s, Mem: -4413112320.00 B
[Step 92] PGD Update - Time: 0.0016s, Mem: 0.00 B

[Step 92] 完整步骤总时间: 6.233396s | 总显存: 0.00 B
[Step 92] 峰值显存: 6.23 GB

[Step 93] ============ 详细性能分析 ============
[模型部分] 总时间: 1.895379s | 显存: 4.12 GB

[0-9秒 PDE求解详细性能]

[19秒 PDE求解]
  t=19s - 时间: 1.876182s | 显存: 0.00 B

[PDE求解部分] 总时间: 1.876182s | 显存: 0.00 B

[本步骤总计] 时间: 3.771562s | 显存: 4.12 GB
orginal_loss:  tensor(9525.4961, device='cuda:0', grad_fn=<MseLossBackward0>)
[Step 93] Backward Propagation - Time: 3.9792s, Mem: -4413112320.00 B
[Step 93] PGD Update - Time: 0.0018s, Mem: 0.00 B

[Step 93] 完整步骤总时间: 5.878824s | 总显存: 0.00 B
[Step 93] 峰值显存: 6.23 GB

[Step 94] ============ 详细性能分析 ============
[模型部分] 总时间: 1.892010s | 显存: 4.11 GB

[0-9秒 PDE求解详细性能]

[19秒 PDE求解]
  t=19s - 时间: 1.872748s | 显存: 0.00 B

[PDE求解部分] 总时间: 1.872748s | 显存: 0.00 B

[本步骤总计] 时间: 3.764758s | 显存: 4.11 GB
orginal_loss:  tensor(9501.9932, device='cuda:0', grad_fn=<MseLossBackward0>)
[Step 94] Backward Propagation - Time: 3.9899s, Mem: -4413112320.00 B
[Step 94] PGD Update - Time: 0.0017s, Mem: 0.00 B

[Step 94] 完整步骤总时间: 5.886013s | 总显存: 0.00 B
[Step 94] 峰值显存: 6.23 GB

[Step 95] ============ 详细性能分析 ============
[模型部分] 总时间: 1.926826s | 显存: 4.12 GB

[0-9秒 PDE求解详细性能]

[19秒 PDE求解]
  t=19s - 时间: 1.907577s | 显存: 0.00 B

[PDE求解部分] 总时间: 1.907577s | 显存: 0.00 B

[本步骤总计] 时间: 3.834403s | 显存: 4.12 GB
orginal_loss:  tensor(9466.2051, device='cuda:0', grad_fn=<MseLossBackward0>)
[Step 95] Backward Propagation - Time: 4.0017s, Mem: -4413112320.00 B
[Step 95] PGD Update - Time: 0.0017s, Mem: 0.00 B

[Step 95] 完整步骤总时间: 5.932551s | 总显存: 0.00 B
[Step 95] 峰值显存: 6.23 GB

[Step 96] ============ 详细性能分析 ============
[模型部分] 总时间: 1.904741s | 显存: 4.11 GB

[0-9秒 PDE求解详细性能]

[19秒 PDE求解]
  t=19s - 时间: 1.885496s | 显存: 0.00 B

[PDE求解部分] 总时间: 1.885496s | 显存: 0.00 B

[本步骤总计] 时间: 3.790237s | 显存: 4.11 GB
orginal_loss:  tensor(9413.4590, device='cuda:0', grad_fn=<MseLossBackward0>)
[Step 96] Backward Propagation - Time: 3.9446s, Mem: -4413112320.00 B
[Step 96] PGD Update - Time: 0.0017s, Mem: 0.00 B

[Step 96] 完整步骤总时间: 5.853232s | 总显存: 0.00 B
[Step 96] 峰值显存: 6.23 GB

[Step 97] ============ 详细性能分析 ============
[模型部分] 总时间: 1.932883s | 显存: 4.12 GB

[0-9秒 PDE求解详细性能]

[19秒 PDE求解]
  t=19s - 时间: 1.913662s | 显存: 0.00 B

[PDE求解部分] 总时间: 1.913662s | 显存: 0.00 B

[本步骤总计] 时间: 3.846544s | 显存: 4.12 GB
orginal_loss:  tensor(9348.7578, device='cuda:0', grad_fn=<MseLossBackward0>)
[Step 97] Backward Propagation - Time: 3.9210s, Mem: -4413112320.00 B
[Step 97] PGD Update - Time: 0.0017s, Mem: 0.00 B

[Step 97] 完整步骤总时间: 5.857904s | 总显存: 0.00 B
[Step 97] 峰值显存: 6.23 GB

[Step 98] ============ 详细性能分析 ============
[模型部分] 总时间: 1.890151s | 显存: 4.11 GB

[0-9秒 PDE求解详细性能]

[19秒 PDE求解]
  t=19s - 时间: 1.870856s | 显存: 0.00 B

[PDE求解部分] 总时间: 1.870856s | 显存: 0.00 B

[本步骤总计] 时间: 3.761006s | 显存: 4.11 GB
orginal_loss:  tensor(9267.0928, device='cuda:0', grad_fn=<MseLossBackward0>)
[Step 98] Backward Propagation - Time: 3.9955s, Mem: -4413112320.00 B
[Step 98] PGD Update - Time: 0.0017s, Mem: 0.00 B

[Step 98] 完整步骤总时间: 5.889774s | 总显存: 0.00 B
[Step 98] 峰值显存: 6.23 GB

[Step 99] ============ 详细性能分析 ============
[模型部分] 总时间: 1.875533s | 显存: 4.12 GB

[0-9秒 PDE求解详细性能]

[19秒 PDE求解]
  t=19s - 时间: 1.856192s | 显存: 0.00 B

[PDE求解部分] 总时间: 1.856192s | 显存: 0.00 B

[本步骤总计] 时间: 3.731725s | 显存: 4.12 GB
orginal_loss:  tensor(9170.8301, device='cuda:0', grad_fn=<MseLossBackward0>)
[Step 99] Backward Propagation - Time: 3.9586s, Mem: -4413112320.00 B
[Step 99] PGD Update - Time: 0.0017s, Mem: 0.00 B

[Step 99] 完整步骤总时间: 5.838131s | 总显存: 0.00 B
[Step 99] 峰值显存: 6.23 GB
清理前显存占用: 2092.7470703125 MB
PGD攻击完成！显存已清理
当前显存占用: 2092.2470703125 MB
detached1to9
[1, 2, 3, 4, 5, 6, 7, 8, 9]
================================================================================
norm: 2, epsilon: 39.3216, alpha: 10.0, num_steps: 100, index: 1, method: adam, detach: detached1to9, b1: 0.9, b2: 0.999, adam_eps: 1e-08, sign_Linf: True, amsgrad: False

[Step 0] ============ 详细性能分析 ============
[模型部分] 总时间: 1.890447s | 显存: 4.11 GB

[0-9秒 PDE求解详细性能]

[19秒 PDE求解]
  t=19s - 时间: 1.864455s | 显存: 0.00 B

[PDE求解部分] 总时间: 1.864455s | 显存: 0.00 B

[本步骤总计] 时间: 3.754901s | 显存: 4.11 GB
orginal_loss:  tensor(3644.5620, device='cuda:0', grad_fn=<MseLossBackward0>)
[Step 0] Backward Propagation - Time: 3.9464s, Mem: -4411760640.00 B
[Step 0] PGD Update - Time: 0.0012s, Mem: 1.75 MB

[Step 0] 完整步骤总时间: 5.839698s | 总显存: 5.00 MB
[Step 0] 峰值显存: 6.22 GB

[Step 1] ============ 详细性能分析 ============
[模型部分] 总时间: 1.876264s | 显存: 4.11 GB

[0-9秒 PDE求解详细性能]

[19秒 PDE求解]
  t=19s - 时间: 1.856003s | 显存: 0.00 B

[PDE求解部分] 总时间: 1.856003s | 显存: 0.00 B

[本步骤总计] 时间: 3.732267s | 显存: 4.11 GB
orginal_loss:  tensor(6752.9297, device='cuda:0', grad_fn=<MseLossBackward0>)
[Step 1] Backward Propagation - Time: 3.9816s, Mem: -4409917440.00 B
[Step 1] PGD Update - Time: 0.0011s, Mem: 0.00 B

[Step 1] 完整步骤总时间: 5.861337s | 总显存: -524288.00 B
[Step 1] 峰值显存: 6.22 GB

[Step 2] ============ 详细性能分析 ============
[模型部分] 总时间: 1.886367s | 显存: 4.11 GB

[0-9秒 PDE求解详细性能]

[19秒 PDE求解]
  t=19s - 时间: 1.867065s | 显存: 0.00 B

[PDE求解部分] 总时间: 1.867065s | 显存: 0.00 B

[本步骤总计] 时间: 3.753432s | 显存: 4.11 GB
orginal_loss:  tensor(8564.9326, device='cuda:0', grad_fn=<MseLossBackward0>)
[Step 2] Backward Propagation - Time: 3.9841s, Mem: -4413112320.00 B
[Step 2] PGD Update - Time: 0.0014s, Mem: 0.00 B

[Step 2] 完整步骤总时间: 5.874472s | 总显存: 0.00 B
[Step 2] 峰值显存: 6.23 GB

[Step 3] ============ 详细性能分析 ============
[模型部分] 总时间: 1.889615s | 显存: 4.12 GB

[0-9秒 PDE求解详细性能]

[19秒 PDE求解]
  t=19s - 时间: 1.870403s | 显存: 0.00 B

[PDE求解部分] 总时间: 1.870403s | 显存: 0.00 B

[本步骤总计] 时间: 3.760018s | 显存: 4.12 GB
orginal_loss:  tensor(10350.7109, device='cuda:0', grad_fn=<MseLossBackward0>)
[Step 3] Backward Propagation - Time: 3.9197s, Mem: -4413112320.00 B
[Step 3] PGD Update - Time: 0.0014s, Mem: 0.00 B

[Step 3] 完整步骤总时间: 5.813071s | 总显存: 0.00 B
[Step 3] 峰值显存: 6.23 GB

[Step 4] ============ 详细性能分析 ============
[模型部分] 总时间: 1.902134s | 显存: 4.11 GB

[0-9秒 PDE求解详细性能]

[19秒 PDE求解]
  t=19s - 时间: 1.882967s | 显存: 0.00 B

[PDE求解部分] 总时间: 1.882967s | 显存: 0.00 B

[本步骤总计] 时间: 3.785101s | 显存: 4.11 GB
orginal_loss:  tensor(15285.3408, device='cuda:0', grad_fn=<MseLossBackward0>)
[Step 4] Backward Propagation - Time: 3.9689s, Mem: -4413112320.00 B
[Step 4] PGD Update - Time: 0.0014s, Mem: 0.00 B

[Step 4] 完整步骤总时间: 5.874568s | 总显存: 0.00 B
[Step 4] 峰值显存: 6.23 GB

[Step 5] ============ 详细性能分析 ============
[模型部分] 总时间: 1.879478s | 显存: 4.12 GB

[0-9秒 PDE求解详细性能]

[19秒 PDE求解]
  t=19s - 时间: 1.860242s | 显存: 0.00 B

[PDE求解部分] 总时间: 1.860242s | 显存: 0.00 B

[本步骤总计] 时间: 3.739720s | 显存: 4.12 GB
orginal_loss:  tensor(17237.3359, device='cuda:0', grad_fn=<MseLossBackward0>)
[Step 5] Backward Propagation - Time: 3.9167s, Mem: -4413112320.00 B
[Step 5] PGD Update - Time: 0.0016s, Mem: 0.00 B

[Step 5] 完整步骤总时间: 5.800106s | 总显存: 0.00 B
[Step 5] 峰值显存: 6.23 GB

[Step 6] ============ 详细性能分析 ============
[模型部分] 总时间: 1.881432s | 显存: 4.11 GB

[0-9秒 PDE求解详细性能]

[19秒 PDE求解]
  t=19s - 时间: 1.862147s | 显存: 0.00 B

[PDE求解部分] 总时间: 1.862147s | 显存: 0.00 B

[本步骤总计] 时间: 3.743579s | 显存: 4.11 GB
orginal_loss:  tensor(19296.7969, device='cuda:0', grad_fn=<MseLossBackward0>)
[Step 6] Backward Propagation - Time: 4.0024s, Mem: -4413112320.00 B
[Step 6] PGD Update - Time: 0.0015s, Mem: 0.00 B

[Step 6] 完整步骤总时间: 5.887534s | 总显存: 0.00 B
[Step 6] 峰值显存: 6.23 GB

[Step 7] ============ 详细性能分析 ============
[模型部分] 总时间: 1.892689s | 显存: 4.12 GB

[0-9秒 PDE求解详细性能]

[19秒 PDE求解]
  t=19s - 时间: 1.873447s | 显存: 0.00 B

[PDE求解部分] 总时间: 1.873447s | 显存: 0.00 B

[本步骤总计] 时间: 3.766136s | 显存: 4.12 GB
orginal_loss:  tensor(20250.8359, device='cuda:0', grad_fn=<MseLossBackward0>)
[Step 7] Backward Propagation - Time: 4.0008s, Mem: -4413112320.00 B
[Step 7] PGD Update - Time: 0.0013s, Mem: 0.00 B

[Step 7] 完整步骤总时间: 5.897158s | 总显存: 0.00 B
[Step 7] 峰值显存: 6.23 GB

[Step 8] ============ 详细性能分析 ============
[模型部分] 总时间: 1.918301s | 显存: 4.11 GB

[0-9秒 PDE求解详细性能]

[19秒 PDE求解]
  t=19s - 时间: 1.899005s | 显存: 0.00 B

[PDE求解部分] 总时间: 1.899005s | 显存: 0.00 B

[本步骤总计] 时间: 3.817306s | 显存: 4.11 GB
orginal_loss:  tensor(21860.7578, device='cuda:0', grad_fn=<MseLossBackward0>)
[Step 8] Backward Propagation - Time: 3.9653s, Mem: -4413112320.00 B
[Step 8] PGD Update - Time: 0.0016s, Mem: 0.00 B

[Step 8] 完整步骤总时间: 5.887525s | 总显存: 0.00 B
[Step 8] 峰值显存: 6.23 GB

[Step 9] ============ 详细性能分析 ============
[模型部分] 总时间: 1.887681s | 显存: 4.12 GB

[0-9秒 PDE求解详细性能]

[19秒 PDE求解]
  t=19s - 时间: 1.868223s | 显存: 0.00 B

[PDE求解部分] 总时间: 1.868223s | 显存: 0.00 B

[本步骤总计] 时间: 3.755904s | 显存: 4.12 GB
orginal_loss:  tensor(22763.0352, device='cuda:0', grad_fn=<MseLossBackward0>)
[Step 9] Backward Propagation - Time: 3.9209s, Mem: -4413112320.00 B
[Step 9] PGD Update - Time: 0.0015s, Mem: 0.00 B

[Step 9] 完整步骤总时间: 5.812483s | 总显存: 0.00 B
[Step 9] 峰值显存: 6.23 GB

[Step 10] ============ 详细性能分析 ============
[模型部分] 总时间: 1.901441s | 显存: 4.11 GB

[0-9秒 PDE求解详细性能]

[19秒 PDE求解]
  t=19s - 时间: 1.882179s | 显存: 0.00 B

[PDE求解部分] 总时间: 1.882179s | 显存: 0.00 B

[本步骤总计] 时间: 3.783620s | 显存: 4.11 GB
orginal_loss:  tensor(23974.8242, device='cuda:0', grad_fn=<MseLossBackward0>)
[Step 10] Backward Propagation - Time: 3.9822s, Mem: -4413112320.00 B
[Step 10] PGD Update - Time: 0.0014s, Mem: 0.00 B

[Step 10] 完整步骤总时间: 5.887298s | 总显存: 0.00 B
[Step 10] 峰值显存: 6.23 GB

[Step 11] ============ 详细性能分析 ============
[模型部分] 总时间: 1.890841s | 显存: 4.12 GB

[0-9秒 PDE求解详细性能]

[19秒 PDE求解]
  t=19s - 时间: 1.871615s | 显存: 0.00 B

[PDE求解部分] 总时间: 1.871615s | 显存: 0.00 B

[本步骤总计] 时间: 3.762456s | 显存: 4.12 GB
orginal_loss:  tensor(26188.8887, device='cuda:0', grad_fn=<MseLossBackward0>)
[Step 11] Backward Propagation - Time: 3.9539s, Mem: -4413112320.00 B
[Step 11] PGD Update - Time: 0.0015s, Mem: 0.00 B

[Step 11] 完整步骤总时间: 5.848885s | 总显存: 0.00 B
[Step 11] 峰值显存: 6.23 GB

[Step 12] ============ 详细性能分析 ============
[模型部分] 总时间: 1.885966s | 显存: 4.11 GB

[0-9秒 PDE求解详细性能]

[19秒 PDE求解]
  t=19s - 时间: 1.866690s | 显存: 0.00 B

[PDE求解部分] 总时间: 1.866690s | 显存: 0.00 B

[本步骤总计] 时间: 3.752656s | 显存: 4.11 GB
orginal_loss:  tensor(29071.0586, device='cuda:0', grad_fn=<MseLossBackward0>)
[Step 12] Backward Propagation - Time: 3.9647s, Mem: -4413112320.00 B
[Step 12] PGD Update - Time: 0.0014s, Mem: 0.00 B

[Step 12] 完整步骤总时间: 5.854380s | 总显存: 0.00 B
[Step 12] 峰值显存: 6.23 GB

[Step 13] ============ 详细性能分析 ============
[模型部分] 总时间: 1.899951s | 显存: 4.12 GB

[0-9秒 PDE求解详细性能]

[19秒 PDE求解]
  t=19s - 时间: 1.880711s | 显存: 0.00 B

[PDE求解部分] 总时间: 1.880711s | 显存: 0.00 B

[本步骤总计] 时间: 3.780663s | 显存: 4.12 GB
orginal_loss:  tensor(31681.2812, device='cuda:0', grad_fn=<MseLossBackward0>)
[Step 13] Backward Propagation - Time: 3.9762s, Mem: -4413112320.00 B
[Step 13] PGD Update - Time: 0.0015s, Mem: 0.00 B

[Step 13] 完整步骤总时间: 5.879994s | 总显存: 0.00 B
[Step 13] 峰值显存: 6.23 GB

[Step 14] ============ 详细性能分析 ============
[模型部分] 总时间: 1.918684s | 显存: 4.11 GB

[0-9秒 PDE求解详细性能]

[19秒 PDE求解]
  t=19s - 时间: 1.899440s | 显存: 0.00 B

[PDE求解部分] 总时间: 1.899440s | 显存: 0.00 B

[本步骤总计] 时间: 3.818124s | 显存: 4.11 GB
orginal_loss:  tensor(33225.0391, device='cuda:0', grad_fn=<MseLossBackward0>)
[Step 14] Backward Propagation - Time: 3.9671s, Mem: -4413112320.00 B
[Step 14] PGD Update - Time: 0.0016s, Mem: 0.00 B

[Step 14] 完整步骤总时间: 5.889555s | 总显存: 0.00 B
[Step 14] 峰值显存: 6.23 GB

[Step 15] ============ 详细性能分析 ============
[模型部分] 总时间: 1.904770s | 显存: 4.12 GB

[0-9秒 PDE求解详细性能]

[19秒 PDE求解]
  t=19s - 时间: 1.885530s | 显存: 0.00 B

[PDE求解部分] 总时间: 1.885530s | 显存: 0.00 B

[本步骤总计] 时间: 3.790300s | 显存: 4.12 GB
orginal_loss:  tensor(30818.4082, device='cuda:0', grad_fn=<MseLossBackward0>)
[Step 15] Backward Propagation - Time: 3.9680s, Mem: -4413112320.00 B
[Step 15] PGD Update - Time: 0.0015s, Mem: 0.00 B

[Step 15] 完整步骤总时间: 5.876577s | 总显存: 0.00 B
[Step 15] 峰值显存: 6.23 GB

[Step 16] ============ 详细性能分析 ============
[模型部分] 总时间: 1.873842s | 显存: 4.11 GB

[0-9秒 PDE求解详细性能]

[19秒 PDE求解]
  t=19s - 时间: 1.854632s | 显存: 0.00 B

[PDE求解部分] 总时间: 1.854632s | 显存: 0.00 B

[本步骤总计] 时间: 3.728473s | 显存: 4.11 GB
orginal_loss:  tensor(22673.7363, device='cuda:0', grad_fn=<MseLossBackward0>)
[Step 16] Backward Propagation - Time: 3.9367s, Mem: -4413112320.00 B
[Step 16] PGD Update - Time: 0.0016s, Mem: 0.00 B

[Step 16] 完整步骤总时间: 5.814345s | 总显存: 0.00 B
[Step 16] 峰值显存: 6.23 GB

[Step 17] ============ 详细性能分析 ============
[模型部分] 总时间: 1.892866s | 显存: 4.12 GB

[0-9秒 PDE求解详细性能]

[19秒 PDE求解]
  t=19s - 时间: 1.873582s | 显存: 0.00 B

[PDE求解部分] 总时间: 1.873582s | 显存: 0.00 B

[本步骤总计] 时间: 3.766448s | 显存: 4.12 GB
orginal_loss:  tensor(15906.2490, device='cuda:0', grad_fn=<MseLossBackward0>)
[Step 17] Backward Propagation - Time: 3.9693s, Mem: -4413112320.00 B
[Step 17] PGD Update - Time: 0.0016s, Mem: 0.00 B

[Step 17] 完整步骤总时间: 5.866104s | 总显存: 0.00 B
[Step 17] 峰值显存: 6.23 GB

[Step 18] ============ 详细性能分析 ============
[模型部分] 总时间: 1.892616s | 显存: 4.11 GB

[0-9秒 PDE求解详细性能]

[19秒 PDE求解]
  t=19s - 时间: 1.873384s | 显存: 0.00 B

[PDE求解部分] 总时间: 1.873384s | 显存: 0.00 B

[本步骤总计] 时间: 3.766000s | 显存: 4.11 GB
orginal_loss:  tensor(15158.7803, device='cuda:0', grad_fn=<MseLossBackward0>)
[Step 18] Backward Propagation - Time: 3.9838s, Mem: -4413112320.00 B
[Step 18] PGD Update - Time: 0.0016s, Mem: 0.00 B

[Step 18] 完整步骤总时间: 5.880227s | 总显存: 0.00 B
[Step 18] 峰值显存: 6.23 GB

[Step 19] ============ 详细性能分析 ============
[模型部分] 总时间: 1.884258s | 显存: 4.12 GB

[0-9秒 PDE求解详细性能]

[19秒 PDE求解]
  t=19s - 时间: 1.864766s | 显存: 0.00 B

[PDE求解部分] 总时间: 1.864766s | 显存: 0.00 B

[本步骤总计] 时间: 3.749024s | 显存: 4.12 GB
orginal_loss:  tensor(15157.7090, device='cuda:0', grad_fn=<MseLossBackward0>)
[Step 19] Backward Propagation - Time: 3.9655s, Mem: -4413112320.00 B
[Step 19] PGD Update - Time: 0.0016s, Mem: 0.00 B

[Step 19] 完整步骤总时间: 5.853805s | 总显存: 0.00 B
[Step 19] 峰值显存: 6.23 GB

[Step 20] ============ 详细性能分析 ============
[模型部分] 总时间: 1.929910s | 显存: 4.11 GB

[0-9秒 PDE求解详细性能]

[19秒 PDE求解]
  t=19s - 时间: 1.910706s | 显存: 0.00 B

[PDE求解部分] 总时间: 1.910706s | 显存: 0.00 B

[本步骤总计] 时间: 3.840616s | 显存: 4.11 GB
orginal_loss:  tensor(16440.3672, device='cuda:0', grad_fn=<MseLossBackward0>)
[Step 20] Backward Propagation - Time: 4.0231s, Mem: -4413112320.00 B
[Step 20] PGD Update - Time: 0.0017s, Mem: 0.00 B

[Step 20] 完整步骤总时间: 5.957144s | 总显存: 0.00 B
[Step 20] 峰值显存: 6.23 GB

[Step 21] ============ 详细性能分析 ============
[模型部分] 总时间: 1.898826s | 显存: 4.12 GB

[0-9秒 PDE求解详细性能]

[19秒 PDE求解]
  t=19s - 时间: 1.879526s | 显存: 0.00 B

[PDE求解部分] 总时间: 1.879526s | 显存: 0.00 B

[本步骤总计] 时间: 3.778352s | 显存: 4.12 GB
orginal_loss:  tensor(20365.8203, device='cuda:0', grad_fn=<MseLossBackward0>)
[Step 21] Backward Propagation - Time: 4.0111s, Mem: -4413112320.00 B
[Step 21] PGD Update - Time: 0.0017s, Mem: 0.00 B

[Step 21] 完整步骤总时间: 5.914334s | 总显存: 0.00 B
[Step 21] 峰值显存: 6.23 GB

[Step 22] ============ 详细性能分析 ============
[模型部分] 总时间: 1.909204s | 显存: 4.11 GB

[0-9秒 PDE求解详细性能]

[19秒 PDE求解]
  t=19s - 时间: 1.889983s | 显存: 0.00 B

[PDE求解部分] 总时间: 1.889983s | 显存: 0.00 B

[本步骤总计] 时间: 3.799187s | 显存: 4.11 GB
orginal_loss:  tensor(22607.1211, device='cuda:0', grad_fn=<MseLossBackward0>)
[Step 22] Backward Propagation - Time: 3.9873s, Mem: -4413112320.00 B
[Step 22] PGD Update - Time: 0.0018s, Mem: 0.00 B

[Step 22] 完整步骤总时间: 5.900772s | 总显存: 0.00 B
[Step 22] 峰值显存: 6.23 GB

[Step 23] ============ 详细性能分析 ============
[模型部分] 总时间: 1.908232s | 显存: 4.12 GB

[0-9秒 PDE求解详细性能]

[19秒 PDE求解]
  t=19s - 时间: 1.888990s | 显存: 0.00 B

[PDE求解部分] 总时间: 1.888990s | 显存: 0.00 B

[本步骤总计] 时间: 3.797221s | 显存: 4.12 GB
orginal_loss:  tensor(20694.2148, device='cuda:0', grad_fn=<MseLossBackward0>)
[Step 23] Backward Propagation - Time: 3.9952s, Mem: -4413112320.00 B
[Step 23] PGD Update - Time: 0.0017s, Mem: 0.00 B

[Step 23] 完整步骤总时间: 5.907329s | 总显存: 0.00 B
[Step 23] 峰值显存: 6.23 GB

[Step 24] ============ 详细性能分析 ============
[模型部分] 总时间: 1.916255s | 显存: 4.11 GB

[0-9秒 PDE求解详细性能]

[19秒 PDE求解]
  t=19s - 时间: 1.897022s | 显存: 0.00 B

[PDE求解部分] 总时间: 1.897022s | 显存: 0.00 B

[本步骤总计] 时间: 3.813277s | 显存: 4.11 GB
orginal_loss:  tensor(19093.8320, device='cuda:0', grad_fn=<MseLossBackward0>)
[Step 24] Backward Propagation - Time: 3.9792s, Mem: -4413112320.00 B
[Step 24] PGD Update - Time: 0.0017s, Mem: 0.00 B

[Step 24] 完整步骤总时间: 5.899352s | 总显存: 0.00 B
[Step 24] 峰值显存: 6.23 GB

[Step 25] ============ 详细性能分析 ============
[模型部分] 总时间: 1.917091s | 显存: 4.12 GB

[0-9秒 PDE求解详细性能]

[19秒 PDE求解]
  t=19s - 时间: 1.897866s | 显存: 0.00 B

[PDE求解部分] 总时间: 1.897866s | 显存: 0.00 B

[本步骤总计] 时间: 3.814957s | 显存: 4.12 GB
orginal_loss:  tensor(22186.2402, device='cuda:0', grad_fn=<MseLossBackward0>)
[Step 25] Backward Propagation - Time: 3.9801s, Mem: -4413112320.00 B
[Step 25] PGD Update - Time: 0.0017s, Mem: 0.00 B

[Step 25] 完整步骤总时间: 5.901271s | 总显存: 0.00 B
[Step 25] 峰值显存: 6.23 GB

[Step 26] ============ 详细性能分析 ============
[模型部分] 总时间: 1.904788s | 显存: 4.11 GB

[0-9秒 PDE求解详细性能]

[19秒 PDE求解]
  t=19s - 时间: 1.885462s | 显存: 0.00 B

[PDE求解部分] 总时间: 1.885462s | 显存: 0.00 B

[本步骤总计] 时间: 3.790250s | 显存: 4.11 GB
orginal_loss:  tensor(28565.5273, device='cuda:0', grad_fn=<MseLossBackward0>)
[Step 26] Backward Propagation - Time: 3.9215s, Mem: -4413112320.00 B
[Step 26] PGD Update - Time: 0.0017s, Mem: 0.00 B

[Step 26] 完整步骤总时间: 5.830213s | 总显存: 0.00 B
[Step 26] 峰值显存: 6.23 GB

[Step 27] ============ 详细性能分析 ============
[模型部分] 总时间: 1.883671s | 显存: 4.12 GB

[0-9秒 PDE求解详细性能]

[19秒 PDE求解]
  t=19s - 时间: 1.864488s | 显存: 0.00 B

[PDE求解部分] 总时间: 1.864488s | 显存: 0.00 B

[本步骤总计] 时间: 3.748159s | 显存: 4.12 GB
orginal_loss:  tensor(28977.7363, device='cuda:0', grad_fn=<MseLossBackward0>)
[Step 27] Backward Propagation - Time: 3.9839s, Mem: -4413112320.00 B
[Step 27] PGD Update - Time: 0.0018s, Mem: 0.00 B

[Step 27] 完整步骤总时间: 5.871471s | 总显存: 0.00 B
[Step 27] 峰值显存: 6.23 GB

[Step 28] ============ 详细性能分析 ============
[模型部分] 总时间: 1.912798s | 显存: 4.11 GB

[0-9秒 PDE求解详细性能]

[19秒 PDE求解]
  t=19s - 时间: 1.893294s | 显存: 0.00 B

[PDE求解部分] 总时间: 1.893294s | 显存: 0.00 B

[本步骤总计] 时间: 3.806092s | 显存: 4.11 GB
orginal_loss:  tensor(26910.4492, device='cuda:0', grad_fn=<MseLossBackward0>)
[Step 28] Backward Propagation - Time: 3.9557s, Mem: -4413112320.00 B
[Step 28] PGD Update - Time: 0.0017s, Mem: 0.00 B

[Step 28] 完整步骤总时间: 5.872537s | 总显存: 0.00 B
[Step 28] 峰值显存: 6.23 GB

[Step 29] ============ 详细性能分析 ============
[模型部分] 总时间: 1.882718s | 显存: 4.12 GB

[0-9秒 PDE求解详细性能]

[19秒 PDE求解]
  t=19s - 时间: 1.863473s | 显存: 0.00 B

[PDE求解部分] 总时间: 1.863473s | 显存: 0.00 B

[本步骤总计] 时间: 3.746191s | 显存: 4.12 GB
orginal_loss:  tensor(24064.0273, device='cuda:0', grad_fn=<MseLossBackward0>)
[Step 29] Backward Propagation - Time: 3.9758s, Mem: -4413112320.00 B
[Step 29] PGD Update - Time: 0.0017s, Mem: 0.00 B

[Step 29] 完整步骤总时间: 5.862498s | 总显存: 0.00 B
[Step 29] 峰值显存: 6.23 GB

[Step 30] ============ 详细性能分析 ============
[模型部分] 总时间: 1.891923s | 显存: 4.11 GB

[0-9秒 PDE求解详细性能]

[19秒 PDE求解]
  t=19s - 时间: 1.872683s | 显存: 0.00 B

[PDE求解部分] 总时间: 1.872683s | 显存: 0.00 B

[本步骤总计] 时间: 3.764606s | 显存: 4.11 GB
orginal_loss:  tensor(23827.2305, device='cuda:0', grad_fn=<MseLossBackward0>)
[Step 30] Backward Propagation - Time: 3.9329s, Mem: -4413112320.00 B
[Step 30] PGD Update - Time: 0.0017s, Mem: 0.00 B

[Step 30] 完整步骤总时间: 5.829322s | 总显存: 0.00 B
[Step 30] 峰值显存: 6.23 GB

[Step 31] ============ 详细性能分析 ============
[模型部分] 总时间: 1.897890s | 显存: 4.12 GB

[0-9秒 PDE求解详细性能]

[19秒 PDE求解]
  t=19s - 时间: 1.878642s | 显存: 0.00 B

[PDE求解部分] 总时间: 1.878642s | 显存: 0.00 B

[本步骤总计] 时间: 3.776532s | 显存: 4.12 GB
orginal_loss:  tensor(23452.7578, device='cuda:0', grad_fn=<MseLossBackward0>)
[Step 31] Backward Propagation - Time: 3.9855s, Mem: -4413112320.00 B
[Step 31] PGD Update - Time: 0.0017s, Mem: 0.00 B

[Step 31] 完整步骤总时间: 5.887399s | 总显存: 0.00 B
[Step 31] 峰值显存: 6.23 GB

[Step 32] ============ 详细性能分析 ============
[模型部分] 总时间: 1.905753s | 显存: 4.11 GB

[0-9秒 PDE求解详细性能]

[19秒 PDE求解]
  t=19s - 时间: 1.886546s | 显存: 0.00 B

[PDE求解部分] 总时间: 1.886546s | 显存: 0.00 B

[本步骤总计] 时间: 3.792299s | 显存: 4.11 GB
orginal_loss:  tensor(20415.5625, device='cuda:0', grad_fn=<MseLossBackward0>)
[Step 32] Backward Propagation - Time: 3.9338s, Mem: -4413112320.00 B
[Step 32] PGD Update - Time: 0.0017s, Mem: 0.00 B

[Step 32] 完整步骤总时间: 5.843641s | 总显存: 0.00 B
[Step 32] 峰值显存: 6.23 GB

[Step 33] ============ 详细性能分析 ============
[模型部分] 总时间: 1.916494s | 显存: 4.12 GB

[0-9秒 PDE求解详细性能]

[19秒 PDE求解]
  t=19s - 时间: 1.897317s | 显存: 0.00 B

[PDE求解部分] 总时间: 1.897317s | 显存: 0.00 B

[本步骤总计] 时间: 3.813810s | 显存: 4.12 GB
orginal_loss:  tensor(17415.4727, device='cuda:0', grad_fn=<MseLossBackward0>)
[Step 33] Backward Propagation - Time: 4.0004s, Mem: -4413112320.00 B
[Step 33] PGD Update - Time: 0.0015s, Mem: 0.00 B

[Step 33] 完整步骤总时间: 5.920392s | 总显存: 0.00 B
[Step 33] 峰值显存: 6.23 GB

[Step 34] ============ 详细性能分析 ============
[模型部分] 总时间: 1.918382s | 显存: 4.11 GB

[0-9秒 PDE求解详细性能]

[19秒 PDE求解]
  t=19s - 时间: 1.899206s | 显存: 0.00 B

[PDE求解部分] 总时间: 1.899206s | 显存: 0.00 B

[本步骤总计] 时间: 3.817588s | 显存: 4.11 GB
orginal_loss:  tensor(15825.6816, device='cuda:0', grad_fn=<MseLossBackward0>)
[Step 34] Backward Propagation - Time: 3.9924s, Mem: -4413112320.00 B
[Step 34] PGD Update - Time: 0.0018s, Mem: 0.00 B

[Step 34] 完整步骤总时间: 5.915149s | 总显存: 0.00 B
[Step 34] 峰值显存: 6.23 GB

[Step 35] ============ 详细性能分析 ============
[模型部分] 总时间: 1.942115s | 显存: 4.12 GB

[0-9秒 PDE求解详细性能]

[19秒 PDE求解]
  t=19s - 时间: 1.922855s | 显存: 0.00 B

[PDE求解部分] 总时间: 1.922855s | 显存: 0.00 B

[本步骤总计] 时间: 3.864969s | 显存: 4.12 GB
orginal_loss:  tensor(15596.6836, device='cuda:0', grad_fn=<MseLossBackward0>)
[Step 35] Backward Propagation - Time: 3.9421s, Mem: -4413112320.00 B
[Step 35] PGD Update - Time: 0.0017s, Mem: 0.00 B

[Step 35] 完整步骤总时间: 5.888417s | 总显存: 0.00 B
[Step 35] 峰值显存: 6.23 GB

[Step 36] ============ 详细性能分析 ============
[模型部分] 总时间: 1.923843s | 显存: 4.11 GB

[0-9秒 PDE求解详细性能]

[19秒 PDE求解]
  t=19s - 时间: 1.904605s | 显存: 0.00 B

[PDE求解部分] 总时间: 1.904605s | 显存: 0.00 B

[本步骤总计] 时间: 3.828447s | 显存: 4.11 GB
orginal_loss:  tensor(15769.1191, device='cuda:0', grad_fn=<MseLossBackward0>)
[Step 36] Backward Propagation - Time: 3.9614s, Mem: -4413112320.00 B
[Step 36] PGD Update - Time: 0.0018s, Mem: 0.00 B

[Step 36] 完整步骤总时间: 5.889517s | 总显存: 0.00 B
[Step 36] 峰值显存: 6.23 GB

[Step 37] ============ 详细性能分析 ============
[模型部分] 总时间: 1.933782s | 显存: 4.12 GB

[0-9秒 PDE求解详细性能]

[19秒 PDE求解]
  t=19s - 时间: 1.914275s | 显存: 0.00 B

[PDE求解部分] 总时间: 1.914275s | 显存: 0.00 B

[本步骤总计] 时间: 3.848057s | 显存: 4.12 GB
orginal_loss:  tensor(12537.7930, device='cuda:0', grad_fn=<MseLossBackward0>)
[Step 37] Backward Propagation - Time: 3.9982s, Mem: -4413112320.00 B
[Step 37] PGD Update - Time: 0.0017s, Mem: 0.00 B

[Step 37] 完整步骤总时间: 5.936132s | 总显存: 0.00 B
[Step 37] 峰值显存: 6.23 GB

[Step 38] ============ 详细性能分析 ============
[模型部分] 总时间: 1.910906s | 显存: 4.11 GB

[0-9秒 PDE求解详细性能]

[19秒 PDE求解]
  t=19s - 时间: 1.891649s | 显存: 0.00 B

[PDE求解部分] 总时间: 1.891649s | 显存: 0.00 B

[本步骤总计] 时间: 3.802555s | 显存: 4.11 GB
orginal_loss:  tensor(10448.4062, device='cuda:0', grad_fn=<MseLossBackward0>)
[Step 38] Backward Propagation - Time: 3.9945s, Mem: -4413112320.00 B
[Step 38] PGD Update - Time: 0.0017s, Mem: 0.00 B

[Step 38] 完整步骤总时间: 5.909336s | 总显存: 0.00 B
[Step 38] 峰值显存: 6.23 GB

[Step 39] ============ 详细性能分析 ============
[模型部分] 总时间: 1.918300s | 显存: 4.12 GB

[0-9秒 PDE求解详细性能]

[19秒 PDE求解]
  t=19s - 时间: 1.899041s | 显存: 0.00 B

[PDE求解部分] 总时间: 1.899041s | 显存: 0.00 B

[本步骤总计] 时间: 3.817341s | 显存: 4.12 GB
orginal_loss:  tensor(12310.6035, device='cuda:0', grad_fn=<MseLossBackward0>)
[Step 39] Backward Propagation - Time: 3.9880s, Mem: -4413112320.00 B
[Step 39] PGD Update - Time: 0.0017s, Mem: 0.00 B

[Step 39] 完整步骤总时间: 5.910568s | 总显存: 0.00 B
[Step 39] 峰值显存: 6.23 GB

[Step 40] ============ 详细性能分析 ============
[模型部分] 总时间: 1.916477s | 显存: 4.11 GB

[0-9秒 PDE求解详细性能]

[19秒 PDE求解]
  t=19s - 时间: 1.897203s | 显存: 0.00 B

[PDE求解部分] 总时间: 1.897203s | 显存: 0.00 B

[本步骤总计] 时间: 3.813680s | 显存: 4.11 GB
orginal_loss:  tensor(20749.9180, device='cuda:0', grad_fn=<MseLossBackward0>)
[Step 40] Backward Propagation - Time: 3.9228s, Mem: -4413112320.00 B
[Step 40] PGD Update - Time: 0.0017s, Mem: 0.00 B

[Step 40] 完整步骤总时间: 5.843380s | 总显存: 0.00 B
[Step 40] 峰值显存: 6.23 GB

[Step 41] ============ 详细性能分析 ============
[模型部分] 总时间: 1.895581s | 显存: 4.12 GB

[0-9秒 PDE求解详细性能]

[19秒 PDE求解]
  t=19s - 时间: 1.876315s | 显存: 0.00 B

[PDE求解部分] 总时间: 1.876315s | 显存: 0.00 B

[本步骤总计] 时间: 3.771895s | 显存: 4.12 GB
orginal_loss:  tensor(31209.3496, device='cuda:0', grad_fn=<MseLossBackward0>)
[Step 41] Backward Propagation - Time: 3.9573s, Mem: -4413112320.00 B
[Step 41] PGD Update - Time: 0.0017s, Mem: 0.00 B

[Step 41] 完整步骤总时间: 5.856838s | 总显存: 0.00 B
[Step 41] 峰值显存: 6.23 GB

[Step 42] ============ 详细性能分析 ============
[模型部分] 总时间: 1.890644s | 显存: 4.11 GB

[0-9秒 PDE求解详细性能]

[19秒 PDE求解]
  t=19s - 时间: 1.871416s | 显存: 0.00 B

[PDE求解部分] 总时间: 1.871416s | 显存: 0.00 B

[本步骤总计] 时间: 3.762060s | 显存: 4.11 GB
orginal_loss:  tensor(37040.7734, device='cuda:0', grad_fn=<MseLossBackward0>)
[Step 42] Backward Propagation - Time: 3.9685s, Mem: -4413112320.00 B
[Step 42] PGD Update - Time: 0.0016s, Mem: 0.00 B

[Step 42] 完整步骤总时间: 5.863007s | 总显存: 0.00 B
[Step 42] 峰值显存: 6.23 GB

[Step 43] ============ 详细性能分析 ============
[模型部分] 总时间: 1.890407s | 显存: 4.12 GB

[0-9秒 PDE求解详细性能]

[19秒 PDE求解]
  t=19s - 时间: 1.871131s | 显存: 0.00 B

[PDE求解部分] 总时间: 1.871131s | 显存: 0.00 B

[本步骤总计] 时间: 3.761538s | 显存: 4.12 GB
orginal_loss:  tensor(38210.7656, device='cuda:0', grad_fn=<MseLossBackward0>)
[Step 43] Backward Propagation - Time: 3.9840s, Mem: -4413112320.00 B
[Step 43] PGD Update - Time: 0.0017s, Mem: 0.00 B

[Step 43] 完整步骤总时间: 5.878574s | 总显存: 0.00 B
[Step 43] 峰值显存: 6.23 GB

[Step 44] ============ 详细性能分析 ============
[模型部分] 总时间: 1.869715s | 显存: 4.11 GB

[0-9秒 PDE求解详细性能]

[19秒 PDE求解]
  t=19s - 时间: 1.850422s | 显存: 0.00 B

[PDE求解部分] 总时间: 1.850422s | 显存: 0.00 B

[本步骤总计] 时间: 3.720137s | 显存: 4.11 GB
orginal_loss:  tensor(39544.2422, device='cuda:0', grad_fn=<MseLossBackward0>)
[Step 44] Backward Propagation - Time: 3.9376s, Mem: -4413112320.00 B
[Step 44] PGD Update - Time: 0.0017s, Mem: 0.00 B

[Step 44] 完整步骤总时间: 5.811430s | 总显存: 0.00 B
[Step 44] 峰值显存: 6.23 GB

[Step 45] ============ 详细性能分析 ============
[模型部分] 总时间: 1.872555s | 显存: 4.12 GB

[0-9秒 PDE求解详细性能]

[19秒 PDE求解]
  t=19s - 时间: 1.853311s | 显存: 0.00 B

[PDE求解部分] 总时间: 1.853311s | 显存: 0.00 B

[本步骤总计] 时间: 3.725866s | 显存: 4.12 GB
orginal_loss:  tensor(41001.9375, device='cuda:0', grad_fn=<MseLossBackward0>)
[Step 45] Backward Propagation - Time: 3.8901s, Mem: -4413112320.00 B
[Step 45] PGD Update - Time: 0.0018s, Mem: 0.00 B

[Step 45] 完整步骤总时间: 5.766681s | 总显存: 0.00 B
[Step 45] 峰值显存: 6.23 GB

[Step 46] ============ 详细性能分析 ============
[模型部分] 总时间: 1.879611s | 显存: 4.11 GB

[0-9秒 PDE求解详细性能]

[19秒 PDE求解]
  t=19s - 时间: 1.860100s | 显存: 0.00 B

[PDE求解部分] 总时间: 1.860100s | 显存: 0.00 B

[本步骤总计] 时间: 3.739711s | 显存: 4.11 GB
orginal_loss:  tensor(44337.3516, device='cuda:0', grad_fn=<MseLossBackward0>)
[Step 46] Backward Propagation - Time: 3.9680s, Mem: -4413112320.00 B
[Step 46] PGD Update - Time: 0.0017s, Mem: 0.00 B

[Step 46] 完整步骤总时间: 5.851773s | 总显存: 0.00 B
[Step 46] 峰值显存: 6.23 GB

[Step 47] ============ 详细性能分析 ============
[模型部分] 总时间: 1.909136s | 显存: 4.12 GB

[0-9秒 PDE求解详细性能]

[19秒 PDE求解]
  t=19s - 时间: 1.889860s | 显存: 0.00 B

[PDE求解部分] 总时间: 1.889860s | 显存: 0.00 B

[本步骤总计] 时间: 3.798996s | 显存: 4.12 GB
orginal_loss:  tensor(43176.0859, device='cuda:0', grad_fn=<MseLossBackward0>)
[Step 47] Backward Propagation - Time: 3.9285s, Mem: -4413112320.00 B
[Step 47] PGD Update - Time: 0.0017s, Mem: 0.00 B

[Step 47] 完整步骤总时间: 5.841645s | 总显存: 0.00 B
[Step 47] 峰值显存: 6.23 GB

[Step 48] ============ 详细性能分析 ============
[模型部分] 总时间: 3.364307s | 显存: 4.11 GB

[0-9秒 PDE求解详细性能]

[19秒 PDE求解]
  t=19s - 时间: 3.344997s | 显存: 0.00 B

[PDE求解部分] 总时间: 3.344997s | 显存: 0.00 B

[本步骤总计] 时间: 6.709304s | 显存: 4.11 GB
orginal_loss:  tensor(42490.4453, device='cuda:0', grad_fn=<MseLossBackward0>)
[Step 48] Backward Propagation - Time: 3.9362s, Mem: -4413112320.00 B
[Step 48] PGD Update - Time: 0.0017s, Mem: 0.00 B

[Step 48] 完整步骤总时间: 7.305057s | 总显存: 0.00 B
[Step 48] 峰值显存: 6.23 GB

[Step 49] ============ 详细性能分析 ============
[模型部分] 总时间: 1.888194s | 显存: 4.12 GB

[0-9秒 PDE求解详细性能]

[19秒 PDE求解]
  t=19s - 时间: 1.868941s | 显存: 0.00 B

[PDE求解部分] 总时间: 1.868941s | 显存: 0.00 B

[本步骤总计] 时间: 3.757135s | 显存: 4.12 GB
orginal_loss:  tensor(43673.0117, device='cuda:0', grad_fn=<MseLossBackward0>)
[Step 49] Backward Propagation - Time: 3.9674s, Mem: -4413112320.00 B
[Step 49] PGD Update - Time: 0.0017s, Mem: 0.00 B

[Step 49] 完整步骤总时间: 5.859560s | 总显存: 0.00 B
[Step 49] 峰值显存: 6.23 GB

[Step 50] ============ 详细性能分析 ============
[模型部分] 总时间: 1.890232s | 显存: 4.11 GB

[0-9秒 PDE求解详细性能]

[19秒 PDE求解]
  t=19s - 时间: 1.870991s | 显存: 0.00 B

[PDE求解部分] 总时间: 1.870991s | 显存: 0.00 B

[本步骤总计] 时间: 3.761223s | 显存: 4.11 GB
orginal_loss:  tensor(41828.8047, device='cuda:0', grad_fn=<MseLossBackward0>)
[Step 50] Backward Propagation - Time: 3.9468s, Mem: -4413112320.00 B
[Step 50] PGD Update - Time: 0.0017s, Mem: 0.00 B

[Step 50] 完整步骤总时间: 5.840965s | 总显存: 0.00 B
[Step 50] 峰值显存: 6.23 GB

[Step 51] ============ 详细性能分析 ============
[模型部分] 总时间: 1.876007s | 显存: 4.12 GB

[0-9秒 PDE求解详细性能]

[19秒 PDE求解]
  t=19s - 时间: 1.856824s | 显存: 0.00 B

[PDE求解部分] 总时间: 1.856824s | 显存: 0.00 B

[本步骤总计] 时间: 3.732831s | 显存: 4.12 GB
orginal_loss:  tensor(39558.7031, device='cuda:0', grad_fn=<MseLossBackward0>)
[Step 51] Backward Propagation - Time: 3.9458s, Mem: -4413112320.00 B
[Step 51] PGD Update - Time: 0.0017s, Mem: 0.00 B

[Step 51] 完整步骤总时间: 5.825807s | 总显存: 0.00 B
[Step 51] 峰值显存: 6.23 GB

[Step 52] ============ 详细性能分析 ============
[模型部分] 总时间: 1.870885s | 显存: 4.11 GB

[0-9秒 PDE求解详细性能]

[19秒 PDE求解]
  t=19s - 时间: 1.851612s | 显存: 0.00 B

[PDE求解部分] 总时间: 1.851612s | 显存: 0.00 B

[本步骤总计] 时间: 3.722497s | 显存: 4.11 GB
orginal_loss:  tensor(36642.4414, device='cuda:0', grad_fn=<MseLossBackward0>)
[Step 52] Backward Propagation - Time: 3.9672s, Mem: -4413112320.00 B
[Step 52] PGD Update - Time: 0.0018s, Mem: 0.00 B

[Step 52] 完整步骤总时间: 5.842383s | 总显存: 0.00 B
[Step 52] 峰值显存: 6.23 GB

[Step 53] ============ 详细性能分析 ============
[模型部分] 总时间: 1.874075s | 显存: 4.12 GB

[0-9秒 PDE求解详细性能]

[19秒 PDE求解]
  t=19s - 时间: 1.854799s | 显存: 0.00 B

[PDE求解部分] 总时间: 1.854799s | 显存: 0.00 B

[本步骤总计] 时间: 3.728874s | 显存: 4.12 GB
orginal_loss:  tensor(34119.2852, device='cuda:0', grad_fn=<MseLossBackward0>)
[Step 53] Backward Propagation - Time: 3.9410s, Mem: -4413112320.00 B
[Step 53] PGD Update - Time: 0.0017s, Mem: 0.00 B

[Step 53] 完整步骤总时间: 5.819074s | 总显存: 0.00 B
[Step 53] 峰值显存: 6.23 GB

[Step 54] ============ 详细性能分析 ============
[模型部分] 总时间: 1.875587s | 显存: 4.11 GB

[0-9秒 PDE求解详细性能]

[19秒 PDE求解]
  t=19s - 时间: 1.856317s | 显存: 0.00 B

[PDE求解部分] 总时间: 1.856317s | 显存: 0.00 B

[本步骤总计] 时间: 3.731904s | 显存: 4.11 GB
orginal_loss:  tensor(30938.8906, device='cuda:0', grad_fn=<MseLossBackward0>)
[Step 54] Backward Propagation - Time: 3.9051s, Mem: -4413112320.00 B
[Step 54] PGD Update - Time: 0.0017s, Mem: 0.00 B

[Step 54] 完整步骤总时间: 5.784665s | 总显存: 0.00 B
[Step 54] 峰值显存: 6.23 GB

[Step 55] ============ 详细性能分析 ============
[模型部分] 总时间: 1.914567s | 显存: 4.12 GB

[0-9秒 PDE求解详细性能]

[19秒 PDE求解]
  t=19s - 时间: 1.895099s | 显存: 0.00 B

[PDE求解部分] 总时间: 1.895099s | 显存: 0.00 B

[本步骤总计] 时间: 3.809667s | 显存: 4.12 GB
orginal_loss:  tensor(29874.3496, device='cuda:0', grad_fn=<MseLossBackward0>)
[Step 55] Backward Propagation - Time: 3.9749s, Mem: -4413112320.00 B
[Step 55] PGD Update - Time: 0.0015s, Mem: 0.00 B

[Step 55] 完整步骤总时间: 5.893255s | 总显存: 0.00 B
[Step 55] 峰值显存: 6.23 GB

[Step 56] ============ 详细性能分析 ============
[模型部分] 总时间: 1.914054s | 显存: 4.11 GB

[0-9秒 PDE求解详细性能]

[19秒 PDE求解]
  t=19s - 时间: 1.894780s | 显存: 0.00 B

[PDE求解部分] 总时间: 1.894780s | 显存: 0.00 B

[本步骤总计] 时间: 3.808835s | 显存: 4.11 GB
orginal_loss:  tensor(29621.1387, device='cuda:0', grad_fn=<MseLossBackward0>)
[Step 56] Backward Propagation - Time: 3.9848s, Mem: -4413112320.00 B
[Step 56] PGD Update - Time: 0.0017s, Mem: 0.00 B

[Step 56] 完整步骤总时间: 5.902936s | 总显存: 0.00 B
[Step 56] 峰值显存: 6.23 GB

[Step 57] ============ 详细性能分析 ============
[模型部分] 总时间: 1.930901s | 显存: 4.12 GB

[0-9秒 PDE求解详细性能]

[19秒 PDE求解]
  t=19s - 时间: 1.911657s | 显存: 0.00 B

[PDE求解部分] 总时间: 1.911657s | 显存: 0.00 B

[本步骤总计] 时间: 3.842558s | 显存: 4.12 GB
orginal_loss:  tensor(27097.9180, device='cuda:0', grad_fn=<MseLossBackward0>)
[Step 57] Backward Propagation - Time: 3.9317s, Mem: -4413112320.00 B
[Step 57] PGD Update - Time: 0.0018s, Mem: 0.00 B

[Step 57] 完整步骤总时间: 5.866859s | 总显存: 0.00 B
[Step 57] 峰值显存: 6.23 GB

[Step 58] ============ 详细性能分析 ============
[模型部分] 总时间: 1.877766s | 显存: 4.11 GB

[0-9秒 PDE求解详细性能]

[19秒 PDE求解]
  t=19s - 时间: 1.858573s | 显存: 0.00 B

[PDE求解部分] 总时间: 1.858573s | 显存: 0.00 B

[本步骤总计] 时间: 3.736340s | 显存: 4.11 GB
orginal_loss:  tensor(22630.5586, device='cuda:0', grad_fn=<MseLossBackward0>)
[Step 58] Backward Propagation - Time: 3.9391s, Mem: -4413112320.00 B
[Step 58] PGD Update - Time: 0.0017s, Mem: 0.00 B

[Step 58] 完整步骤总时间: 5.820812s | 总显存: 0.00 B
[Step 58] 峰值显存: 6.23 GB

[Step 59] ============ 详细性能分析 ============
[模型部分] 总时间: 1.873482s | 显存: 4.12 GB

[0-9秒 PDE求解详细性能]

[19秒 PDE求解]
  t=19s - 时间: 1.854237s | 显存: 0.00 B

[PDE求解部分] 总时间: 1.854237s | 显存: 0.00 B

[本步骤总计] 时间: 3.727719s | 显存: 4.12 GB
orginal_loss:  tensor(21061.2344, device='cuda:0', grad_fn=<MseLossBackward0>)
[Step 59] Backward Propagation - Time: 3.9182s, Mem: -4413112320.00 B
[Step 59] PGD Update - Time: 0.0017s, Mem: 0.00 B

[Step 59] 完整步骤总时间: 5.795624s | 总显存: 0.00 B
[Step 59] 峰值显存: 6.23 GB

[Step 60] ============ 详细性能分析 ============
[模型部分] 总时间: 1.875561s | 显存: 4.11 GB

[0-9秒 PDE求解详细性能]

[19秒 PDE求解]
  t=19s - 时间: 1.856301s | 显存: 0.00 B

[PDE求解部分] 总时间: 1.856301s | 显存: 0.00 B

[本步骤总计] 时间: 3.731862s | 显存: 4.11 GB
orginal_loss:  tensor(19920.3809, device='cuda:0', grad_fn=<MseLossBackward0>)
[Step 60] Backward Propagation - Time: 3.9502s, Mem: -4413112320.00 B
[Step 60] PGD Update - Time: 0.0018s, Mem: 0.00 B

[Step 60] 完整步骤总时间: 5.829745s | 总显存: 0.00 B
[Step 60] 峰值显存: 6.23 GB

[Step 61] ============ 详细性能分析 ============
[模型部分] 总时间: 1.866898s | 显存: 4.12 GB

[0-9秒 PDE求解详细性能]

[19秒 PDE求解]
  t=19s - 时间: 1.847493s | 显存: 0.00 B

[PDE求解部分] 总时间: 1.847493s | 显存: 0.00 B

[本步骤总计] 时间: 3.714391s | 显存: 4.12 GB
orginal_loss:  tensor(16325.3164, device='cuda:0', grad_fn=<MseLossBackward0>)
[Step 61] Backward Propagation - Time: 3.9497s, Mem: -4413112320.00 B
[Step 61] PGD Update - Time: 0.0018s, Mem: 0.00 B

[Step 61] 完整步骤总时间: 5.820733s | 总显存: 0.00 B
[Step 61] 峰值显存: 6.23 GB

[Step 62] ============ 详细性能分析 ============
[模型部分] 总时间: 1.882024s | 显存: 4.11 GB

[0-9秒 PDE求解详细性能]

[19秒 PDE求解]
  t=19s - 时间: 1.862640s | 显存: 0.00 B

[PDE求解部分] 总时间: 1.862640s | 显存: 0.00 B

[本步骤总计] 时间: 3.744664s | 显存: 4.11 GB
orginal_loss:  tensor(11484.2979, device='cuda:0', grad_fn=<MseLossBackward0>)
[Step 62] Backward Propagation - Time: 3.9198s, Mem: -4413112320.00 B
[Step 62] PGD Update - Time: 0.0017s, Mem: 0.00 B

[Step 62] 完整步骤总时间: 5.805866s | 总显存: 0.00 B
[Step 62] 峰值显存: 6.23 GB

[Step 63] ============ 详细性能分析 ============
[模型部分] 总时间: 1.879497s | 显存: 4.12 GB

[0-9秒 PDE求解详细性能]

[19秒 PDE求解]
  t=19s - 时间: 1.860398s | 显存: 0.00 B

[PDE求解部分] 总时间: 1.860398s | 显存: 0.00 B

[本步骤总计] 时间: 3.739895s | 显存: 4.12 GB
orginal_loss:  tensor(10720.8281, device='cuda:0', grad_fn=<MseLossBackward0>)
[Step 63] Backward Propagation - Time: 3.8869s, Mem: -4413112320.00 B
[Step 63] PGD Update - Time: 0.0018s, Mem: 0.00 B

[Step 63] 完整步骤总时间: 5.770520s | 总显存: 0.00 B
[Step 63] 峰值显存: 6.23 GB

[Step 64] ============ 详细性能分析 ============
[模型部分] 总时间: 1.890867s | 显存: 4.11 GB

[0-9秒 PDE求解详细性能]

[19秒 PDE求解]
  t=19s - 时间: 1.871655s | 显存: 0.00 B

[PDE求解部分] 总时间: 1.871655s | 显存: 0.00 B

[本步骤总计] 时间: 3.762522s | 显存: 4.11 GB
orginal_loss:  tensor(13829.4707, device='cuda:0', grad_fn=<MseLossBackward0>)
[Step 64] Backward Propagation - Time: 3.9519s, Mem: -4413112320.00 B
[Step 64] PGD Update - Time: 0.0017s, Mem: 0.00 B

[Step 64] 完整步骤总时间: 5.846826s | 总显存: 0.00 B
[Step 64] 峰值显存: 6.23 GB

[Step 65] ============ 详细性能分析 ============
[模型部分] 总时间: 1.860205s | 显存: 4.12 GB

[0-9秒 PDE求解详细性能]

[19秒 PDE求解]
  t=19s - 时间: 1.840907s | 显存: 0.00 B

[PDE求解部分] 总时间: 1.840907s | 显存: 0.00 B

[本步骤总计] 时间: 3.701113s | 显存: 4.12 GB
orginal_loss:  tensor(22871.3398, device='cuda:0', grad_fn=<MseLossBackward0>)
[Step 65] Backward Propagation - Time: 3.9397s, Mem: -4413112320.00 B
[Step 65] PGD Update - Time: 0.0016s, Mem: 0.00 B

[Step 65] 完整步骤总时间: 5.803723s | 总显存: 0.00 B
[Step 65] 峰值显存: 6.23 GB

[Step 66] ============ 详细性能分析 ============
[模型部分] 总时间: 1.879804s | 显存: 4.11 GB

[0-9秒 PDE求解详细性能]

[19秒 PDE求解]
  t=19s - 时间: 1.860595s | 显存: 0.00 B

[PDE求解部分] 总时间: 1.860595s | 显存: 0.00 B

[本步骤总计] 时间: 3.740400s | 显存: 4.11 GB
orginal_loss:  tensor(33815.9688, device='cuda:0', grad_fn=<MseLossBackward0>)
[Step 66] Backward Propagation - Time: 3.9201s, Mem: -4413112320.00 B
[Step 66] PGD Update - Time: 0.0017s, Mem: 0.00 B

[Step 66] 完整步骤总时间: 5.803807s | 总显存: 0.00 B
[Step 66] 峰值显存: 6.23 GB

[Step 67] ============ 详细性能分析 ============
[模型部分] 总时间: 1.898709s | 显存: 4.12 GB

[0-9秒 PDE求解详细性能]

[19秒 PDE求解]
  t=19s - 时间: 1.879498s | 显存: 0.00 B

[PDE求解部分] 总时间: 1.879498s | 显存: 0.00 B

[本步骤总计] 时间: 3.778207s | 显存: 4.12 GB
orginal_loss:  tensor(36149.8242, device='cuda:0', grad_fn=<MseLossBackward0>)
[Step 67] Backward Propagation - Time: 3.9659s, Mem: -4413112320.00 B
[Step 67] PGD Update - Time: 0.0017s, Mem: 0.00 B

[Step 67] 完整步骤总时间: 5.868476s | 总显存: 0.00 B
[Step 67] 峰值显存: 6.23 GB

[Step 68] ============ 详细性能分析 ============
[模型部分] 总时间: 1.921917s | 显存: 4.11 GB

[0-9秒 PDE求解详细性能]

[19秒 PDE求解]
  t=19s - 时间: 1.902603s | 显存: 0.00 B

[PDE求解部分] 总时间: 1.902603s | 显存: 0.00 B

[本步骤总计] 时间: 3.824521s | 显存: 4.11 GB
orginal_loss:  tensor(38964.6250, device='cuda:0', grad_fn=<MseLossBackward0>)
[Step 68] Backward Propagation - Time: 3.9637s, Mem: -4413112320.00 B
[Step 68] PGD Update - Time: 0.0017s, Mem: 0.00 B

[Step 68] 完整步骤总时间: 5.889595s | 总显存: 0.00 B
[Step 68] 峰值显存: 6.23 GB

[Step 69] ============ 详细性能分析 ============
[模型部分] 总时间: 1.886704s | 显存: 4.12 GB

[0-9秒 PDE求解详细性能]

[19秒 PDE求解]
  t=19s - 时间: 1.867421s | 显存: 0.00 B

[PDE求解部分] 总时间: 1.867421s | 显存: 0.00 B

[本步骤总计] 时间: 3.754124s | 显存: 4.12 GB
orginal_loss:  tensor(38182.2266, device='cuda:0', grad_fn=<MseLossBackward0>)
[Step 69] Backward Propagation - Time: 3.9549s, Mem: -4413112320.00 B
[Step 69] PGD Update - Time: 0.0018s, Mem: 0.00 B

[Step 69] 完整步骤总时间: 5.845920s | 总显存: 0.00 B
[Step 69] 峰值显存: 6.23 GB

[Step 70] ============ 详细性能分析 ============
[模型部分] 总时间: 1.882367s | 显存: 4.11 GB

[0-9秒 PDE求解详细性能]

[19秒 PDE求解]
  t=19s - 时间: 1.862982s | 显存: 0.00 B

[PDE求解部分] 总时间: 1.862982s | 显存: 0.00 B

[本步骤总计] 时间: 3.745349s | 显存: 4.11 GB
orginal_loss:  tensor(44808.2266, device='cuda:0', grad_fn=<MseLossBackward0>)
[Step 70] Backward Propagation - Time: 4.0114s, Mem: -4413112320.00 B
[Step 70] PGD Update - Time: 0.0018s, Mem: 0.00 B

[Step 70] 完整步骤总时间: 5.897950s | 总显存: 0.00 B
[Step 70] 峰值显存: 6.23 GB

[Step 71] ============ 详细性能分析 ============
[模型部分] 总时间: 1.894321s | 显存: 4.12 GB

[0-9秒 PDE求解详细性能]

[19秒 PDE求解]
  t=19s - 时间: 1.874809s | 显存: 0.00 B

[PDE求解部分] 总时间: 1.874809s | 显存: 0.00 B

[本步骤总计] 时间: 3.769130s | 显存: 4.12 GB
orginal_loss:  tensor(43585.2891, device='cuda:0', grad_fn=<MseLossBackward0>)
[Step 71] Backward Propagation - Time: 4.0212s, Mem: -4413112320.00 B
[Step 71] PGD Update - Time: 0.0017s, Mem: 0.00 B

[Step 71] 完整步骤总时间: 5.919630s | 总显存: 0.00 B
[Step 71] 峰值显存: 6.23 GB

[Step 72] ============ 详细性能分析 ============
[模型部分] 总时间: 1.885250s | 显存: 4.11 GB

[0-9秒 PDE求解详细性能]

[19秒 PDE求解]
  t=19s - 时间: 1.866013s | 显存: 0.00 B

[PDE求解部分] 总时间: 1.866013s | 显存: 0.00 B

[本步骤总计] 时间: 3.751264s | 显存: 4.11 GB
orginal_loss:  tensor(38467.2656, device='cuda:0', grad_fn=<MseLossBackward0>)
[Step 72] Backward Propagation - Time: 3.9595s, Mem: -4413112320.00 B
[Step 72] PGD Update - Time: 0.0017s, Mem: 0.00 B

[Step 72] 完整步骤总时间: 5.848697s | 总显存: 0.00 B
[Step 72] 峰值显存: 6.23 GB

[Step 73] ============ 详细性能分析 ============
[模型部分] 总时间: 1.903671s | 显存: 4.12 GB

[0-9秒 PDE求解详细性能]

[19秒 PDE求解]
  t=19s - 时间: 1.884437s | 显存: 0.00 B

[PDE求解部分] 总时间: 1.884437s | 显存: 0.00 B

[本步骤总计] 时间: 3.788107s | 显存: 4.12 GB
orginal_loss:  tensor(37229.0859, device='cuda:0', grad_fn=<MseLossBackward0>)
[Step 73] Backward Propagation - Time: 3.9630s, Mem: -4413112320.00 B
[Step 73] PGD Update - Time: 0.0017s, Mem: 0.00 B

[Step 73] 完整步骤总时间: 5.870900s | 总显存: 0.00 B
[Step 73] 峰值显存: 6.23 GB

[Step 74] ============ 详细性能分析 ============
[模型部分] 总时间: 1.876092s | 显存: 4.11 GB

[0-9秒 PDE求解详细性能]

[19秒 PDE求解]
  t=19s - 时间: 1.856836s | 显存: 0.00 B

[PDE求解部分] 总时间: 1.856836s | 显存: 0.00 B

[本步骤总计] 时间: 3.732928s | 显存: 4.11 GB
orginal_loss:  tensor(36959.3594, device='cuda:0', grad_fn=<MseLossBackward0>)
[Step 74] Backward Propagation - Time: 3.9243s, Mem: -4413112320.00 B
[Step 74] PGD Update - Time: 0.0017s, Mem: 0.00 B

[Step 74] 完整步骤总时间: 5.804527s | 总显存: 0.00 B
[Step 74] 峰值显存: 6.23 GB

[Step 75] ============ 详细性能分析 ============
[模型部分] 总时间: 1.872159s | 显存: 4.12 GB

[0-9秒 PDE求解详细性能]

[19秒 PDE求解]
  t=19s - 时间: 1.852911s | 显存: 0.00 B

[PDE求解部分] 总时间: 1.852911s | 显存: 0.00 B

[本步骤总计] 时间: 3.725070s | 显存: 4.12 GB
orginal_loss:  tensor(32488.2520, device='cuda:0', grad_fn=<MseLossBackward0>)
[Step 75] Backward Propagation - Time: 3.9481s, Mem: -4413112320.00 B
[Step 75] PGD Update - Time: 0.0017s, Mem: 0.00 B

[Step 75] 完整步骤总时间: 5.824291s | 总显存: 0.00 B
[Step 75] 峰值显存: 6.23 GB

[Step 76] ============ 详细性能分析 ============
[模型部分] 总时间: 1.858012s | 显存: 4.11 GB

[0-9秒 PDE求解详细性能]

[19秒 PDE求解]
  t=19s - 时间: 1.838756s | 显存: 0.00 B

[PDE求解部分] 总时间: 1.838756s | 显存: 0.00 B

[本步骤总计] 时间: 3.696767s | 显存: 4.11 GB
orginal_loss:  tensor(27290.4375, device='cuda:0', grad_fn=<MseLossBackward0>)
[Step 76] Backward Propagation - Time: 3.9369s, Mem: -4413112320.00 B
[Step 76] PGD Update - Time: 0.0017s, Mem: 0.00 B

[Step 76] 完整步骤总时间: 5.799004s | 总显存: 0.00 B
[Step 76] 峰值显存: 6.23 GB

[Step 77] ============ 详细性能分析 ============
[模型部分] 总时间: 1.904190s | 显存: 4.12 GB

[0-9秒 PDE求解详细性能]

[19秒 PDE求解]
  t=19s - 时间: 1.884946s | 显存: 0.00 B

[PDE求解部分] 总时间: 1.884946s | 显存: 0.00 B

[本步骤总计] 时间: 3.789136s | 显存: 4.12 GB
orginal_loss:  tensor(27234.4922, device='cuda:0', grad_fn=<MseLossBackward0>)
[Step 77] Backward Propagation - Time: 3.9746s, Mem: -4413112320.00 B
[Step 77] PGD Update - Time: 0.0017s, Mem: 0.00 B

[Step 77] 完整步骤总时间: 5.882924s | 总显存: 0.00 B
[Step 77] 峰值显存: 6.23 GB

[Step 78] ============ 详细性能分析 ============
[模型部分] 总时间: 1.896595s | 显存: 4.11 GB

[0-9秒 PDE求解详细性能]

[19秒 PDE求解]
  t=19s - 时间: 1.877356s | 显存: 0.00 B

[PDE求解部分] 总时间: 1.877356s | 显存: 0.00 B

[本步骤总计] 时间: 3.773951s | 显存: 4.11 GB
orginal_loss:  tensor(28806.1406, device='cuda:0', grad_fn=<MseLossBackward0>)
[Step 78] Backward Propagation - Time: 3.9842s, Mem: -4413112320.00 B
[Step 78] PGD Update - Time: 0.0018s, Mem: 0.00 B

[Step 78] 完整步骤总时间: 5.884852s | 总显存: 0.00 B
[Step 78] 峰值显存: 6.23 GB

[Step 79] ============ 详细性能分析 ============
[模型部分] 总时间: 1.883769s | 显存: 4.12 GB

[0-9秒 PDE求解详细性能]

[19秒 PDE求解]
  t=19s - 时间: 1.864469s | 显存: 0.00 B

[PDE求解部分] 总时间: 1.864469s | 显存: 0.00 B

[本步骤总计] 时间: 3.748239s | 显存: 4.12 GB
orginal_loss:  tensor(28476.6445, device='cuda:0', grad_fn=<MseLossBackward0>)
[Step 79] Backward Propagation - Time: 3.9472s, Mem: -4413112320.00 B
[Step 79] PGD Update - Time: 0.0017s, Mem: 0.00 B

[Step 79] 完整步骤总时间: 5.834989s | 总显存: 0.00 B
[Step 79] 峰值显存: 6.23 GB

[Step 80] ============ 详细性能分析 ============
[模型部分] 总时间: 1.888635s | 显存: 4.11 GB

[0-9秒 PDE求解详细性能]

[19秒 PDE求解]
  t=19s - 时间: 1.869345s | 显存: 0.00 B

[PDE求解部分] 总时间: 1.869345s | 显存: 0.00 B

[本步骤总计] 时间: 3.757980s | 显存: 4.11 GB
orginal_loss:  tensor(26945.9297, device='cuda:0', grad_fn=<MseLossBackward0>)
[Step 80] Backward Propagation - Time: 3.9733s, Mem: -4413112320.00 B
[Step 80] PGD Update - Time: 0.0018s, Mem: 0.00 B

[Step 80] 完整步骤总时间: 5.865982s | 总显存: 0.00 B
[Step 80] 峰值显存: 6.23 GB

[Step 81] ============ 详细性能分析 ============
[模型部分] 总时间: 1.874269s | 显存: 4.12 GB

[0-9秒 PDE求解详细性能]

[19秒 PDE求解]
  t=19s - 时间: 1.854781s | 显存: 0.00 B

[PDE求解部分] 总时间: 1.854781s | 显存: 0.00 B

[本步骤总计] 时间: 3.729050s | 显存: 4.12 GB
orginal_loss:  tensor(24874.5391, device='cuda:0', grad_fn=<MseLossBackward0>)
[Step 81] Backward Propagation - Time: 3.8594s, Mem: -4413112320.00 B
[Step 81] PGD Update - Time: 0.0018s, Mem: 0.00 B

[Step 81] 完整步骤总时间: 5.737798s | 总显存: 0.00 B
[Step 81] 峰值显存: 6.23 GB

[Step 82] ============ 详细性能分析 ============
[模型部分] 总时间: 1.869047s | 显存: 4.11 GB

[0-9秒 PDE求解详细性能]

[19秒 PDE求解]
  t=19s - 时间: 1.849817s | 显存: 0.00 B

[PDE求解部分] 总时间: 1.849817s | 显存: 0.00 B

[本步骤总计] 时间: 3.718864s | 显存: 4.11 GB
orginal_loss:  tensor(21090.2344, device='cuda:0', grad_fn=<MseLossBackward0>)
[Step 82] Backward Propagation - Time: 3.8749s, Mem: -4413112320.00 B
[Step 82] PGD Update - Time: 0.0017s, Mem: 0.00 B

[Step 82] 完整步骤总时间: 5.748022s | 总显存: 0.00 B
[Step 82] 峰值显存: 6.23 GB

[Step 83] ============ 详细性能分析 ============
[模型部分] 总时间: 1.890834s | 显存: 4.12 GB

[0-9秒 PDE求解详细性能]

[19秒 PDE求解]
  t=19s - 时间: 1.871630s | 显存: 0.00 B

[PDE求解部分] 总时间: 1.871630s | 显存: 0.00 B

[本步骤总计] 时间: 3.762464s | 显存: 4.12 GB
orginal_loss:  tensor(15637.4336, device='cuda:0', grad_fn=<MseLossBackward0>)
[Step 83] Backward Propagation - Time: 3.9569s, Mem: -4413112320.00 B
[Step 83] PGD Update - Time: 0.0018s, Mem: 0.00 B

[Step 83] 完整步骤总时间: 5.852010s | 总显存: 0.00 B
[Step 83] 峰值显存: 6.23 GB

[Step 84] ============ 详细性能分析 ============
[模型部分] 总时间: 1.934389s | 显存: 4.11 GB

[0-9秒 PDE求解详细性能]

[19秒 PDE求解]
  t=19s - 时间: 1.915096s | 显存: 0.00 B

[PDE求解部分] 总时间: 1.915096s | 显存: 0.00 B

[本步骤总计] 时间: 3.849485s | 显存: 4.11 GB
orginal_loss:  tensor(14114.0264, device='cuda:0', grad_fn=<MseLossBackward0>)
[Step 84] Backward Propagation - Time: 3.9294s, Mem: -4413112320.00 B
[Step 84] PGD Update - Time: 0.0017s, Mem: 0.00 B

[Step 84] 完整步骤总时间: 5.867926s | 总显存: 0.00 B
[Step 84] 峰值显存: 6.23 GB

[Step 85] ============ 详细性能分析 ============
[模型部分] 总时间: 1.916949s | 显存: 4.12 GB

[0-9秒 PDE求解详细性能]

[19秒 PDE求解]
  t=19s - 时间: 1.897717s | 显存: 0.00 B

[PDE求解部分] 总时间: 1.897717s | 显存: 0.00 B

[本步骤总计] 时间: 3.814666s | 显存: 4.12 GB
orginal_loss:  tensor(13981.1670, device='cuda:0', grad_fn=<MseLossBackward0>)
[Step 85] Backward Propagation - Time: 3.9969s, Mem: -4413112320.00 B
[Step 85] PGD Update - Time: 0.0017s, Mem: 0.00 B

[Step 85] 完整步骤总时间: 5.917736s | 总显存: 0.00 B
[Step 85] 峰值显存: 6.23 GB

[Step 86] ============ 详细性能分析 ============
[模型部分] 总时间: 1.884994s | 显存: 4.11 GB

[0-9秒 PDE求解详细性能]

[19秒 PDE求解]
  t=19s - 时间: 1.865769s | 显存: 0.00 B

[PDE求解部分] 总时间: 1.865769s | 显存: 0.00 B

[本步骤总计] 时间: 3.750763s | 显存: 4.11 GB
orginal_loss:  tensor(16719.4141, device='cuda:0', grad_fn=<MseLossBackward0>)
[Step 86] Backward Propagation - Time: 3.9430s, Mem: -4413112320.00 B
[Step 86] PGD Update - Time: 0.0017s, Mem: 0.00 B

[Step 86] 完整步骤总时间: 5.831852s | 总显存: 0.00 B
[Step 86] 峰值显存: 6.23 GB

[Step 87] ============ 详细性能分析 ============
[模型部分] 总时间: 1.883199s | 显存: 4.12 GB

[0-9秒 PDE求解详细性能]

[19秒 PDE求解]
  t=19s - 时间: 1.864070s | 显存: 0.00 B

[PDE求解部分] 总时间: 1.864070s | 显存: 0.00 B

[本步骤总计] 时间: 3.747269s | 显存: 4.12 GB
orginal_loss:  tensor(20723.5703, device='cuda:0', grad_fn=<MseLossBackward0>)
[Step 87] Backward Propagation - Time: 3.8929s, Mem: -4413112320.00 B
[Step 87] PGD Update - Time: 0.0016s, Mem: 0.00 B

[Step 87] 完整步骤总时间: 5.779889s | 总显存: 0.00 B
[Step 87] 峰值显存: 6.23 GB

[Step 88] ============ 详细性能分析 ============
[模型部分] 总时间: 1.875352s | 显存: 4.11 GB

[0-9秒 PDE求解详细性能]

[19秒 PDE求解]
  t=19s - 时间: 1.856392s | 显存: 0.00 B

[PDE求解部分] 总时间: 1.856392s | 显存: 0.00 B

[本步骤总计] 时间: 3.731744s | 显存: 4.11 GB
orginal_loss:  tensor(28004.9785, device='cuda:0', grad_fn=<MseLossBackward0>)
[Step 88] Backward Propagation - Time: 3.9171s, Mem: -4413112320.00 B
[Step 88] PGD Update - Time: 0.0016s, Mem: 0.00 B

[Step 88] 完整步骤总时间: 5.795988s | 总显存: 0.00 B
[Step 88] 峰值显存: 6.23 GB

[Step 89] ============ 详细性能分析 ============
[模型部分] 总时间: 1.912512s | 显存: 4.12 GB

[0-9秒 PDE求解详细性能]

[19秒 PDE求解]
  t=19s - 时间: 1.893275s | 显存: 0.00 B

[PDE求解部分] 总时间: 1.893275s | 显存: 0.00 B

[本步骤总计] 时间: 3.805788s | 显存: 4.12 GB
orginal_loss:  tensor(33888.1328, device='cuda:0', grad_fn=<MseLossBackward0>)
[Step 89] Backward Propagation - Time: 3.9107s, Mem: -4413112320.00 B
[Step 89] PGD Update - Time: 0.0018s, Mem: 0.00 B

[Step 89] 完整步骤总时间: 5.827310s | 总显存: 0.00 B
[Step 89] 峰值显存: 6.23 GB

[Step 90] ============ 详细性能分析 ============
[模型部分] 总时间: 1.884780s | 显存: 4.11 GB

[0-9秒 PDE求解详细性能]

[19秒 PDE求解]
  t=19s - 时间: 1.865261s | 显存: 0.00 B

[PDE求解部分] 总时间: 1.865261s | 显存: 0.00 B

[本步骤总计] 时间: 3.750041s | 显存: 4.11 GB
orginal_loss:  tensor(32850.1719, device='cuda:0', grad_fn=<MseLossBackward0>)
[Step 90] Backward Propagation - Time: 3.9753s, Mem: -4413112320.00 B
[Step 90] PGD Update - Time: 0.0016s, Mem: 0.00 B

[Step 90] 完整步骤总时间: 5.864029s | 总显存: 0.00 B
[Step 90] 峰值显存: 6.23 GB

[Step 91] ============ 详细性能分析 ============
[模型部分] 总时间: 1.886849s | 显存: 4.12 GB

[0-9秒 PDE求解详细性能]

[19秒 PDE求解]
  t=19s - 时间: 1.867610s | 显存: 0.00 B

[PDE求解部分] 总时间: 1.867610s | 显存: 0.00 B

[本步骤总计] 时间: 3.754459s | 显存: 4.12 GB
orginal_loss:  tensor(33785.4844, device='cuda:0', grad_fn=<MseLossBackward0>)
[Step 91] Backward Propagation - Time: 3.9884s, Mem: -4413112320.00 B
[Step 91] PGD Update - Time: 0.0018s, Mem: 0.00 B

[Step 91] 完整步骤总时间: 5.879211s | 总显存: 0.00 B
[Step 91] 峰值显存: 6.23 GB

[Step 92] ============ 详细性能分析 ============
[模型部分] 总时间: 1.874064s | 显存: 4.11 GB

[0-9秒 PDE求解详细性能]

[19秒 PDE求解]
  t=19s - 时间: 1.854723s | 显存: 0.00 B

[PDE求解部分] 总时间: 1.854723s | 显存: 0.00 B

[本步骤总计] 时间: 3.728786s | 显存: 4.11 GB
orginal_loss:  tensor(25262.1758, device='cuda:0', grad_fn=<MseLossBackward0>)
[Step 92] Backward Propagation - Time: 4.0067s, Mem: -4413112320.00 B
[Step 92] PGD Update - Time: 0.0017s, Mem: 0.00 B

[Step 92] 完整步骤总时间: 5.885530s | 总显存: 0.00 B
[Step 92] 峰值显存: 6.23 GB

[Step 93] ============ 详细性能分析 ============
[模型部分] 总时间: 1.899447s | 显存: 4.12 GB

[0-9秒 PDE求解详细性能]

[19秒 PDE求解]
  t=19s - 时间: 1.880199s | 显存: 0.00 B

[PDE求解部分] 总时间: 1.880199s | 显存: 0.00 B

[本步骤总计] 时间: 3.779646s | 显存: 4.12 GB
orginal_loss:  tensor(25838.5273, device='cuda:0', grad_fn=<MseLossBackward0>)
[Step 93] Backward Propagation - Time: 3.9611s, Mem: -4413112320.00 B
[Step 93] PGD Update - Time: 0.0017s, Mem: 0.00 B

[Step 93] 完整步骤总时间: 5.864587s | 总显存: 0.00 B
[Step 93] 峰值显存: 6.23 GB

[Step 94] ============ 详细性能分析 ============
[模型部分] 总时间: 1.906569s | 显存: 4.11 GB

[0-9秒 PDE求解详细性能]

[19秒 PDE求解]
  t=19s - 时间: 1.887325s | 显存: 0.00 B

[PDE求解部分] 总时间: 1.887325s | 显存: 0.00 B

[本步骤总计] 时间: 3.793894s | 显存: 4.11 GB
orginal_loss:  tensor(29763.7070, device='cuda:0', grad_fn=<MseLossBackward0>)
[Step 94] Backward Propagation - Time: 3.9008s, Mem: -4413112320.00 B
[Step 94] PGD Update - Time: 0.0017s, Mem: 0.00 B

[Step 94] 完整步骤总时间: 5.811246s | 总显存: 0.00 B
[Step 94] 峰值显存: 6.23 GB

[Step 95] ============ 详细性能分析 ============
[模型部分] 总时间: 1.934710s | 显存: 4.12 GB

[0-9秒 PDE求解详细性能]

[19秒 PDE求解]
  t=19s - 时间: 1.915420s | 显存: 0.00 B

[PDE求解部分] 总时间: 1.915420s | 显存: 0.00 B

[本步骤总计] 时间: 3.850130s | 显存: 4.12 GB
orginal_loss:  tensor(33593.4844, device='cuda:0', grad_fn=<MseLossBackward0>)
[Step 95] Backward Propagation - Time: 4.0383s, Mem: -4413112320.00 B
[Step 95] PGD Update - Time: 0.0017s, Mem: 0.00 B

[Step 95] 完整步骤总时间: 5.976957s | 总显存: 0.00 B
[Step 95] 峰值显存: 6.23 GB

[Step 96] ============ 详细性能分析 ============
[模型部分] 总时间: 1.912566s | 显存: 4.11 GB

[0-9秒 PDE求解详细性能]

[19秒 PDE求解]
  t=19s - 时间: 1.893278s | 显存: 0.00 B

[PDE求解部分] 总时间: 1.893278s | 显存: 0.00 B

[本步骤总计] 时间: 3.805844s | 显存: 4.11 GB
orginal_loss:  tensor(31854.2715, device='cuda:0', grad_fn=<MseLossBackward0>)
[Step 96] Backward Propagation - Time: 4.0221s, Mem: -4413112320.00 B
[Step 96] PGD Update - Time: 0.0017s, Mem: 0.00 B

[Step 96] 完整步骤总时间: 5.938759s | 总显存: 0.00 B
[Step 96] 峰值显存: 6.23 GB

[Step 97] ============ 详细性能分析 ============
[模型部分] 总时间: 1.882036s | 显存: 4.12 GB

[0-9秒 PDE求解详细性能]

[19秒 PDE求解]
  t=19s - 时间: 1.862724s | 显存: 0.00 B

[PDE求解部分] 总时间: 1.862724s | 显存: 0.00 B

[本步骤总计] 时间: 3.744761s | 显存: 4.12 GB
orginal_loss:  tensor(28819.7734, device='cuda:0', grad_fn=<MseLossBackward0>)
[Step 97] Backward Propagation - Time: 3.9361s, Mem: -4413112320.00 B
[Step 97] PGD Update - Time: 0.0018s, Mem: 0.00 B

[Step 97] 完整步骤总时间: 5.822471s | 总显存: 0.00 B
[Step 97] 峰值显存: 6.23 GB

[Step 98] ============ 详细性能分析 ============
[模型部分] 总时间: 1.890807s | 显存: 4.11 GB

[0-9秒 PDE求解详细性能]

[19秒 PDE求解]
  t=19s - 时间: 1.871477s | 显存: 0.00 B

[PDE求解部分] 总时间: 1.871477s | 显存: 0.00 B

[本步骤总计] 时间: 3.762283s | 显存: 4.11 GB
orginal_loss:  tensor(27261.7246, device='cuda:0', grad_fn=<MseLossBackward0>)
[Step 98] Backward Propagation - Time: 3.9643s, Mem: -4413112320.00 B
[Step 98] PGD Update - Time: 0.0018s, Mem: 0.00 B

[Step 98] 完整步骤总时间: 5.859216s | 总显存: 0.00 B
[Step 98] 峰值显存: 6.23 GB

[Step 99] ============ 详细性能分析 ============
[模型部分] 总时间: 1.944982s | 显存: 4.12 GB

[0-9秒 PDE求解详细性能]

[19秒 PDE求解]
  t=19s - 时间: 1.925488s | 显存: 0.00 B

[PDE求解部分] 总时间: 1.925488s | 显存: 0.00 B

[本步骤总计] 时间: 3.870470s | 显存: 4.12 GB
orginal_loss:  tensor(25560.1719, device='cuda:0', grad_fn=<MseLossBackward0>)
[Step 99] Backward Propagation - Time: 3.9539s, Mem: -4413112320.00 B
[Step 99] PGD Update - Time: 0.0017s, Mem: 0.00 B

[Step 99] 完整步骤总时间: 5.902969s | 总显存: 0.00 B
[Step 99] 峰值显存: 6.23 GB
清理前显存占用: 2092.7470703125 MB
PGD攻击完成！显存已清理
当前显存占用: 2092.2470703125 MB
detached1to9
[1, 2, 3, 4, 5, 6, 7, 8, 9]
================================================================================
norm: 2, epsilon: 78.6432, alpha: 10.0, num_steps: 100, index: 1, method: adam, detach: detached1to9, b1: 0.9, b2: 0.999, adam_eps: 1e-08, sign_Linf: True, amsgrad: False

[Step 0] ============ 详细性能分析 ============
[模型部分] 总时间: 1.931190s | 显存: 4.11 GB

[0-9秒 PDE求解详细性能]

[19秒 PDE求解]
  t=19s - 时间: 1.903999s | 显存: 0.00 B

[PDE求解部分] 总时间: 1.903999s | 显存: 0.00 B

[本步骤总计] 时间: 3.835188s | 显存: 4.11 GB
orginal_loss:  tensor(3644.5620, device='cuda:0', grad_fn=<MseLossBackward0>)
[Step 0] Backward Propagation - Time: 4.0248s, Mem: -4411760640.00 B
[Step 0] PGD Update - Time: 0.0015s, Mem: 1.75 MB

[Step 0] 完整步骤总时间: 5.959506s | 总显存: 5.00 MB
[Step 0] 峰值显存: 6.22 GB

[Step 1] ============ 详细性能分析 ============
[模型部分] 总时间: 1.910527s | 显存: 4.11 GB

[0-9秒 PDE求解详细性能]

[19秒 PDE求解]
  t=19s - 时间: 1.891276s | 显存: 0.00 B

[PDE求解部分] 总时间: 1.891276s | 显存: 0.00 B

[本步骤总计] 时间: 3.801803s | 显存: 4.11 GB
orginal_loss:  tensor(6752.9297, device='cuda:0', grad_fn=<MseLossBackward0>)
[Step 1] Backward Propagation - Time: 4.0095s, Mem: -4409917440.00 B
[Step 1] PGD Update - Time: 0.0014s, Mem: 0.00 B

[Step 1] 完整步骤总时间: 5.924050s | 总显存: -524288.00 B
[Step 1] 峰值显存: 6.22 GB

[Step 2] ============ 详细性能分析 ============
[模型部分] 总时间: 1.915100s | 显存: 4.11 GB

[0-9秒 PDE求解详细性能]

[19秒 PDE求解]
  t=19s - 时间: 1.895850s | 显存: 0.00 B

[PDE求解部分] 总时间: 1.895850s | 显存: 0.00 B

[本步骤总计] 时间: 3.810949s | 显存: 4.11 GB
orginal_loss:  tensor(8564.9326, device='cuda:0', grad_fn=<MseLossBackward0>)
[Step 2] Backward Propagation - Time: 4.0239s, Mem: -4413112320.00 B
[Step 2] PGD Update - Time: 0.0014s, Mem: 0.00 B

[Step 2] 完整步骤总时间: 5.942620s | 总显存: 0.00 B
[Step 2] 峰值显存: 6.23 GB

[Step 3] ============ 详细性能分析 ============
[模型部分] 总时间: 1.916590s | 显存: 4.12 GB

[0-9秒 PDE求解详细性能]

[19秒 PDE求解]
  t=19s - 时间: 1.897344s | 显存: 0.00 B

[PDE求解部分] 总时间: 1.897344s | 显存: 0.00 B

[本步骤总计] 时间: 3.813933s | 显存: 4.12 GB
orginal_loss:  tensor(10350.7109, device='cuda:0', grad_fn=<MseLossBackward0>)
[Step 3] Backward Propagation - Time: 3.9818s, Mem: -4413112320.00 B
[Step 3] PGD Update - Time: 0.0015s, Mem: 0.00 B

[Step 3] 完整步骤总时间: 5.902189s | 总显存: 0.00 B
[Step 3] 峰值显存: 6.23 GB

[Step 4] ============ 详细性能分析 ============
[模型部分] 总时间: 1.879373s | 显存: 4.11 GB

[0-9秒 PDE求解详细性能]

[19秒 PDE求解]
  t=19s - 时间: 1.860142s | 显存: 0.00 B

[PDE求解部分] 总时间: 1.860142s | 显存: 0.00 B

[本步骤总计] 时间: 3.739516s | 显存: 4.11 GB
orginal_loss:  tensor(15285.3408, device='cuda:0', grad_fn=<MseLossBackward0>)
[Step 4] Backward Propagation - Time: 3.9696s, Mem: -4413112320.00 B
[Step 4] PGD Update - Time: 0.0015s, Mem: 0.00 B

[Step 4] 完整步骤总时间: 5.852759s | 总显存: 0.00 B
[Step 4] 峰值显存: 6.23 GB

[Step 5] ============ 详细性能分析 ============
[模型部分] 总时间: 1.910882s | 显存: 4.12 GB

[0-9秒 PDE求解详细性能]

[19秒 PDE求解]
  t=19s - 时间: 1.891638s | 显存: 0.00 B

[PDE求解部分] 总时间: 1.891638s | 显存: 0.00 B

[本步骤总计] 时间: 3.802520s | 显存: 4.12 GB
orginal_loss:  tensor(22830.7227, device='cuda:0', grad_fn=<MseLossBackward0>)
[Step 5] Backward Propagation - Time: 3.9717s, Mem: -4413112320.00 B
[Step 5] PGD Update - Time: 0.0013s, Mem: 0.00 B

[Step 5] 完整步骤总时间: 5.886218s | 总显存: 0.00 B
[Step 5] 峰值显存: 6.23 GB

[Step 6] ============ 详细性能分析 ============
[模型部分] 总时间: 1.891034s | 显存: 4.11 GB

[0-9秒 PDE求解详细性能]

[19秒 PDE求解]
  t=19s - 时间: 1.871759s | 显存: 0.00 B

[PDE求解部分] 总时间: 1.871759s | 显存: 0.00 B

[本步骤总计] 时间: 3.762793s | 显存: 4.11 GB
orginal_loss:  tensor(17735.6719, device='cuda:0', grad_fn=<MseLossBackward0>)
[Step 6] Backward Propagation - Time: 3.9710s, Mem: -4413112320.00 B
[Step 6] PGD Update - Time: 0.0011s, Mem: 0.00 B

[Step 6] 完整步骤总时间: 5.865478s | 总显存: 0.00 B
[Step 6] 峰值显存: 6.23 GB

[Step 7] ============ 详细性能分析 ============
[模型部分] 总时间: 1.897665s | 显存: 4.12 GB

[0-9秒 PDE求解详细性能]

[19秒 PDE求解]
  t=19s - 时间: 1.878323s | 显存: 0.00 B

[PDE求解部分] 总时间: 1.878323s | 显存: 0.00 B

[本步骤总计] 时间: 3.775988s | 显存: 4.12 GB
orginal_loss:  tensor(15649.6543, device='cuda:0', grad_fn=<MseLossBackward0>)
[Step 7] Backward Propagation - Time: 3.9716s, Mem: -4413112320.00 B
[Step 7] PGD Update - Time: 0.0012s, Mem: 0.00 B

[Step 7] 完整步骤总时间: 5.872767s | 总显存: 0.00 B
[Step 7] 峰值显存: 6.23 GB

[Step 8] ============ 详细性能分析 ============
[模型部分] 总时间: 1.917139s | 显存: 4.11 GB

[0-9秒 PDE求解详细性能]

[19秒 PDE求解]
  t=19s - 时间: 1.897852s | 显存: 0.00 B

[PDE求解部分] 总时间: 1.897852s | 显存: 0.00 B

[本步骤总计] 时间: 3.814992s | 显存: 4.11 GB
orginal_loss:  tensor(36333.7266, device='cuda:0', grad_fn=<MseLossBackward0>)
[Step 8] Backward Propagation - Time: 4.0278s, Mem: -4413112320.00 B
[Step 8] PGD Update - Time: 0.0015s, Mem: 0.00 B

[Step 8] 完整步骤总时间: 5.948655s | 总显存: 0.00 B
[Step 8] 峰值显存: 6.23 GB

[Step 9] ============ 详细性能分析 ============
[模型部分] 总时间: 1.900242s | 显存: 4.12 GB

[0-9秒 PDE求解详细性能]

[19秒 PDE求解]
  t=19s - 时间: 1.880788s | 显存: 0.00 B

[PDE求解部分] 总时间: 1.880788s | 显存: 0.00 B

[本步骤总计] 时间: 3.781030s | 显存: 4.12 GB
orginal_loss:  tensor(65517.7969, device='cuda:0', grad_fn=<MseLossBackward0>)
[Step 9] Backward Propagation - Time: 3.9715s, Mem: -4413112320.00 B
[Step 9] PGD Update - Time: 0.0015s, Mem: 0.00 B

[Step 9] 完整步骤总时间: 5.875679s | 总显存: 0.00 B
[Step 9] 峰值显存: 6.23 GB

[Step 10] ============ 详细性能分析 ============
[模型部分] 总时间: 1.935954s | 显存: 4.11 GB

[0-9秒 PDE求解详细性能]

[19秒 PDE求解]
  t=19s - 时间: 1.916722s | 显存: 0.00 B

[PDE求解部分] 总时间: 1.916722s | 显存: 0.00 B

[本步骤总计] 时间: 3.852676s | 显存: 4.11 GB
orginal_loss:  tensor(73544.1875, device='cuda:0', grad_fn=<MseLossBackward0>)
[Step 10] Backward Propagation - Time: 3.9631s, Mem: -4413112320.00 B
[Step 10] PGD Update - Time: 0.0017s, Mem: 0.00 B

[Step 10] 完整步骤总时间: 5.903302s | 总显存: 0.00 B
[Step 10] 峰值显存: 6.23 GB

[Step 11] ============ 详细性能分析 ============
[模型部分] 总时间: 1.902276s | 显存: 4.12 GB

[0-9秒 PDE求解详细性能]

[19秒 PDE求解]
  t=19s - 时间: 1.882981s | 显存: 0.00 B

[PDE求解部分] 总时间: 1.882981s | 显存: 0.00 B

[本步骤总计] 时间: 3.785257s | 显存: 4.12 GB
orginal_loss:  tensor(69099.9531, device='cuda:0', grad_fn=<MseLossBackward0>)
[Step 11] Backward Propagation - Time: 3.9354s, Mem: -4413112320.00 B
[Step 11] PGD Update - Time: 0.0015s, Mem: 0.00 B

[Step 11] 完整步骤总时间: 5.841638s | 总显存: 0.00 B
[Step 11] 峰值显存: 6.23 GB

[Step 12] ============ 详细性能分析 ============
[模型部分] 总时间: 1.933582s | 显存: 4.11 GB

[0-9秒 PDE求解详细性能]

[19秒 PDE求解]
  t=19s - 时间: 1.914346s | 显存: 0.00 B

[PDE求解部分] 总时间: 1.914346s | 显存: 0.00 B

[本步骤总计] 时间: 3.847929s | 显存: 4.11 GB
orginal_loss:  tensor(89732.4219, device='cuda:0', grad_fn=<MseLossBackward0>)
[Step 12] Backward Propagation - Time: 3.9209s, Mem: -4413112320.00 B
[Step 12] PGD Update - Time: 0.0015s, Mem: 0.00 B

[Step 12] 完整步骤总时间: 5.858302s | 总显存: 0.00 B
[Step 12] 峰值显存: 6.23 GB

[Step 13] ============ 详细性能分析 ============
[模型部分] 总时间: 1.894125s | 显存: 4.12 GB

[0-9秒 PDE求解详细性能]

[19秒 PDE求解]
  t=19s - 时间: 1.874904s | 显存: 0.00 B

[PDE求解部分] 总时间: 1.874904s | 显存: 0.00 B

[本步骤总计] 时间: 3.769029s | 显存: 4.12 GB
orginal_loss:  tensor(101901.1719, device='cuda:0', grad_fn=<MseLossBackward0>)
[Step 13] Backward Propagation - Time: 3.9910s, Mem: -4413112320.00 B
[Step 13] PGD Update - Time: 0.0016s, Mem: 0.00 B

[Step 13] 完整步骤总时间: 5.888970s | 总显存: 0.00 B
[Step 13] 峰值显存: 6.23 GB

[Step 14] ============ 详细性能分析 ============
[模型部分] 总时间: 1.934657s | 显存: 4.11 GB

[0-9秒 PDE求解详细性能]

[19秒 PDE求解]
  t=19s - 时间: 1.915382s | 显存: 0.00 B

[PDE求解部分] 总时间: 1.915382s | 显存: 0.00 B

[本步骤总计] 时间: 3.850040s | 显存: 4.11 GB
orginal_loss:  tensor(148029.0312, device='cuda:0', grad_fn=<MseLossBackward0>)
[Step 14] Backward Propagation - Time: 3.9266s, Mem: -4413112320.00 B
[Step 14] PGD Update - Time: 0.0015s, Mem: 0.00 B

[Step 14] 完整步骤总时间: 5.865048s | 总显存: 0.00 B
[Step 14] 峰值显存: 6.23 GB

[Step 15] ============ 详细性能分析 ============
[模型部分] 总时间: 1.905493s | 显存: 4.12 GB

[0-9秒 PDE求解详细性能]

[19秒 PDE求解]
  t=19s - 时间: 1.886293s | 显存: 0.00 B

[PDE求解部分] 总时间: 1.886293s | 显存: 0.00 B

[本步骤总计] 时间: 3.791786s | 显存: 4.12 GB
orginal_loss:  tensor(225784.5156, device='cuda:0', grad_fn=<MseLossBackward0>)
[Step 15] Backward Propagation - Time: 3.9560s, Mem: -4413112320.00 B
[Step 15] PGD Update - Time: 0.0015s, Mem: 0.00 B

[Step 15] 完整步骤总时间: 5.865359s | 总显存: 0.00 B
[Step 15] 峰值显存: 6.23 GB

[Step 16] ============ 详细性能分析 ============
[模型部分] 总时间: 1.879940s | 显存: 4.11 GB

[0-9秒 PDE求解详细性能]

[19秒 PDE求解]
  t=19s - 时间: 1.860661s | 显存: 0.00 B

[PDE求解部分] 总时间: 1.860661s | 显存: 0.00 B

[本步骤总计] 时间: 3.740602s | 显存: 4.11 GB
orginal_loss:  tensor(252576.7812, device='cuda:0', grad_fn=<MseLossBackward0>)
[Step 16] Backward Propagation - Time: 3.9378s, Mem: -4413112320.00 B
[Step 16] PGD Update - Time: 0.0016s, Mem: 0.00 B

[Step 16] 完整步骤总时间: 5.821683s | 总显存: 0.00 B
[Step 16] 峰值显存: 6.23 GB

[Step 17] ============ 详细性能分析 ============
[模型部分] 总时间: 1.886863s | 显存: 4.12 GB

[0-9秒 PDE求解详细性能]

[19秒 PDE求解]
  t=19s - 时间: 1.867618s | 显存: 0.00 B

[PDE求解部分] 总时间: 1.867618s | 显存: 0.00 B

[本步骤总计] 时间: 3.754481s | 显存: 4.12 GB
orginal_loss:  tensor(262703.3125, device='cuda:0', grad_fn=<MseLossBackward0>)
[Step 17] Backward Propagation - Time: 3.9550s, Mem: -4413112320.00 B
[Step 17] PGD Update - Time: 0.0017s, Mem: 0.00 B

[Step 17] 完整步骤总时间: 5.845914s | 总显存: 0.00 B
[Step 17] 峰值显存: 6.23 GB

[Step 18] ============ 详细性能分析 ============
[模型部分] 总时间: 1.898586s | 显存: 4.11 GB

[0-9秒 PDE求解详细性能]

[19秒 PDE求解]
  t=19s - 时间: 1.879110s | 显存: 0.00 B

[PDE求解部分] 总时间: 1.879110s | 显存: 0.00 B

[本步骤总计] 时间: 3.777696s | 显存: 4.11 GB
orginal_loss:  tensor(259761.7188, device='cuda:0', grad_fn=<MseLossBackward0>)
[Step 18] Backward Propagation - Time: 3.9536s, Mem: -4413112320.00 B
[Step 18] PGD Update - Time: 0.0016s, Mem: 0.00 B

[Step 18] 完整步骤总时间: 5.856085s | 总显存: 0.00 B
[Step 18] 峰值显存: 6.23 GB

[Step 19] ============ 详细性能分析 ============
[模型部分] 总时间: 1.896935s | 显存: 4.12 GB

[0-9秒 PDE求解详细性能]

[19秒 PDE求解]
  t=19s - 时间: 1.877652s | 显存: 0.00 B

[PDE求解部分] 总时间: 1.877652s | 显存: 0.00 B

[本步骤总计] 时间: 3.774587s | 显存: 4.12 GB
orginal_loss:  tensor(245575.5938, device='cuda:0', grad_fn=<MseLossBackward0>)
[Step 19] Backward Propagation - Time: 3.9189s, Mem: -4413112320.00 B
[Step 19] PGD Update - Time: 0.0016s, Mem: 0.00 B

[Step 19] 完整步骤总时间: 5.819752s | 总显存: 0.00 B
[Step 19] 峰值显存: 6.23 GB

[Step 20] ============ 详细性能分析 ============
[模型部分] 总时间: 1.903815s | 显存: 4.11 GB

[0-9秒 PDE求解详细性能]

[19秒 PDE求解]
  t=19s - 时间: 1.884602s | 显存: 0.00 B

[PDE求解部分] 总时间: 1.884602s | 显存: 0.00 B

[本步骤总计] 时间: 3.788417s | 显存: 4.11 GB
orginal_loss:  tensor(220838.8125, device='cuda:0', grad_fn=<MseLossBackward0>)
[Step 20] Backward Propagation - Time: 3.9714s, Mem: -4413112320.00 B
[Step 20] PGD Update - Time: 0.0017s, Mem: 0.00 B

[Step 20] 完整步骤总时间: 5.879662s | 总显存: 0.00 B
[Step 20] 峰值显存: 6.23 GB

[Step 21] ============ 详细性能分析 ============
[模型部分] 总时间: 1.900513s | 显存: 4.12 GB

[0-9秒 PDE求解详细性能]

[19秒 PDE求解]
  t=19s - 时间: 1.881256s | 显存: 0.00 B

[PDE求解部分] 总时间: 1.881256s | 显存: 0.00 B

[本步骤总计] 时间: 3.781769s | 显存: 4.12 GB
orginal_loss:  tensor(208230.5312, device='cuda:0', grad_fn=<MseLossBackward0>)
[Step 21] Backward Propagation - Time: 3.9271s, Mem: -4413112320.00 B
[Step 21] PGD Update - Time: 0.0017s, Mem: 0.00 B

[Step 21] 完整步骤总时间: 5.831683s | 总显存: 0.00 B
[Step 21] 峰值显存: 6.23 GB

[Step 22] ============ 详细性能分析 ============
[模型部分] 总时间: 1.892473s | 显存: 4.11 GB

[0-9秒 PDE求解详细性能]

[19秒 PDE求解]
  t=19s - 时间: 1.873229s | 显存: 0.00 B

[PDE求解部分] 总时间: 1.873229s | 显存: 0.00 B

[本步骤总计] 时间: 3.765701s | 显存: 4.11 GB
orginal_loss:  tensor(210485.5312, device='cuda:0', grad_fn=<MseLossBackward0>)
[Step 22] Backward Propagation - Time: 3.9797s, Mem: -4413112320.00 B
[Step 22] PGD Update - Time: 0.0017s, Mem: 0.00 B

[Step 22] 完整步骤总时间: 5.876162s | 总显存: 0.00 B
[Step 22] 峰值显存: 6.23 GB

[Step 23] ============ 详细性能分析 ============
[模型部分] 总时间: 1.898536s | 显存: 4.12 GB

[0-9秒 PDE求解详细性能]

[19秒 PDE求解]
  t=19s - 时间: 1.879292s | 显存: 0.00 B

[PDE求解部分] 总时间: 1.879292s | 显存: 0.00 B

[本步骤总计] 时间: 3.777828s | 显存: 4.12 GB
orginal_loss:  tensor(214074.4531, device='cuda:0', grad_fn=<MseLossBackward0>)
[Step 23] Backward Propagation - Time: 3.9443s, Mem: -4413112320.00 B
[Step 23] PGD Update - Time: 0.0017s, Mem: 0.00 B

[Step 23] 完整步骤总时间: 5.846811s | 总显存: 0.00 B
[Step 23] 峰值显存: 6.23 GB

[Step 24] ============ 详细性能分析 ============
[模型部分] 总时间: 1.882677s | 显存: 4.11 GB

[0-9秒 PDE求解详细性能]

[19秒 PDE求解]
  t=19s - 时间: 1.863458s | 显存: 0.00 B

[PDE求解部分] 总时间: 1.863458s | 显存: 0.00 B

[本步骤总计] 时间: 3.746136s | 显存: 4.11 GB
orginal_loss:  tensor(215135.3438, device='cuda:0', grad_fn=<MseLossBackward0>)
[Step 24] Backward Propagation - Time: 3.9805s, Mem: -4413112320.00 B
[Step 24] PGD Update - Time: 0.0017s, Mem: 0.00 B

[Step 24] 完整步骤总时间: 5.867093s | 总显存: 0.00 B
[Step 24] 峰值显存: 6.23 GB

[Step 25] ============ 详细性能分析 ============
[模型部分] 总时间: 1.910812s | 显存: 4.12 GB

[0-9秒 PDE求解详细性能]

[19秒 PDE求解]
  t=19s - 时间: 1.891578s | 显存: 0.00 B

[PDE求解部分] 总时间: 1.891578s | 显存: 0.00 B

[本步骤总计] 时间: 3.802390s | 显存: 4.12 GB
orginal_loss:  tensor(214214.7969, device='cuda:0', grad_fn=<MseLossBackward0>)
[Step 25] Backward Propagation - Time: 3.9345s, Mem: -4413112320.00 B
[Step 25] PGD Update - Time: 0.0018s, Mem: 0.00 B

[Step 25] 完整步骤总时间: 5.849730s | 总显存: 0.00 B
[Step 25] 峰值显存: 6.23 GB

[Step 26] ============ 详细性能分析 ============
[模型部分] 总时间: 1.927842s | 显存: 4.11 GB

[0-9秒 PDE求解详细性能]

[19秒 PDE求解]
  t=19s - 时间: 1.908483s | 显存: 0.00 B

[PDE求解部分] 总时间: 1.908483s | 显存: 0.00 B

[本步骤总计] 时间: 3.836326s | 显存: 4.11 GB
orginal_loss:  tensor(213076.2969, device='cuda:0', grad_fn=<MseLossBackward0>)
[Step 26] Backward Propagation - Time: 3.9935s, Mem: -4413112320.00 B
[Step 26] PGD Update - Time: 0.0018s, Mem: 0.00 B

[Step 26] 完整步骤总时间: 5.925672s | 总显存: 0.00 B
[Step 26] 峰值显存: 6.23 GB

[Step 27] ============ 详细性能分析 ============
[模型部分] 总时间: 1.932882s | 显存: 4.12 GB

[0-9秒 PDE求解详细性能]

[19秒 PDE求解]
  t=19s - 时间: 1.913442s | 显存: 0.00 B

[PDE求解部分] 总时间: 1.913442s | 显存: 0.00 B

[本步骤总计] 时间: 3.846324s | 显存: 4.12 GB
orginal_loss:  tensor(212264.2344, device='cuda:0', grad_fn=<MseLossBackward0>)
[Step 27] Backward Propagation - Time: 4.0108s, Mem: -4413112320.00 B
[Step 27] PGD Update - Time: 0.0018s, Mem: 0.00 B

[Step 27] 完整步骤总时间: 5.947943s | 总显存: 0.00 B
[Step 27] 峰值显存: 6.23 GB

[Step 28] ============ 详细性能分析 ============
[模型部分] 总时间: 1.927464s | 显存: 4.11 GB

[0-9秒 PDE求解详细性能]

[19秒 PDE求解]
  t=19s - 时间: 1.908091s | 显存: 0.00 B

[PDE求解部分] 总时间: 1.908091s | 显存: 0.00 B

[本步骤总计] 时间: 3.835555s | 显存: 4.11 GB
orginal_loss:  tensor(217410.8906, device='cuda:0', grad_fn=<MseLossBackward0>)
[Step 28] Backward Propagation - Time: 4.0125s, Mem: -4413112320.00 B
[Step 28] PGD Update - Time: 0.0016s, Mem: 0.00 B

[Step 28] 完整步骤总时间: 5.943952s | 总显存: 0.00 B
[Step 28] 峰值显存: 6.23 GB

[Step 29] ============ 详细性能分析 ============
[模型部分] 总时间: 1.926393s | 显存: 4.12 GB

[0-9秒 PDE求解详细性能]

[19秒 PDE求解]
  t=19s - 时间: 1.907154s | 显存: 0.00 B

[PDE求解部分] 总时间: 1.907154s | 显存: 0.00 B

[本步骤总计] 时间: 3.833547s | 显存: 4.12 GB
orginal_loss:  tensor(221022.8125, device='cuda:0', grad_fn=<MseLossBackward0>)
[Step 29] Backward Propagation - Time: 3.9809s, Mem: -4413112320.00 B
[Step 29] PGD Update - Time: 0.0018s, Mem: 0.00 B

[Step 29] 完整步骤总时间: 5.911639s | 总显存: 0.00 B
[Step 29] 峰值显存: 6.23 GB

[Step 30] ============ 详细性能分析 ============
[模型部分] 总时间: 1.902363s | 显存: 4.11 GB

[0-9秒 PDE求解详细性能]

[19秒 PDE求解]
  t=19s - 时间: 1.883098s | 显存: 0.00 B

[PDE求解部分] 总时间: 1.883098s | 显存: 0.00 B

[本步骤总计] 时间: 3.785461s | 显存: 4.11 GB
orginal_loss:  tensor(221969.8750, device='cuda:0', grad_fn=<MseLossBackward0>)
[Step 30] Backward Propagation - Time: 3.9892s, Mem: -4413112320.00 B
[Step 30] PGD Update - Time: 0.0017s, Mem: 0.00 B

[Step 30] 完整步骤总时间: 5.895707s | 总显存: 0.00 B
[Step 30] 峰值显存: 6.23 GB

[Step 31] ============ 详细性能分析 ============
[模型部分] 总时间: 1.896478s | 显存: 4.12 GB

[0-9秒 PDE求解详细性能]

[19秒 PDE求解]
  t=19s - 时间: 1.877242s | 显存: 0.00 B

[PDE求解部分] 总时间: 1.877242s | 显存: 0.00 B

[本步骤总计] 时间: 3.773719s | 显存: 4.12 GB
orginal_loss:  tensor(221297.1562, device='cuda:0', grad_fn=<MseLossBackward0>)
[Step 31] Backward Propagation - Time: 3.9527s, Mem: -4413112320.00 B
[Step 31] PGD Update - Time: 0.0017s, Mem: 0.00 B

[Step 31] 完整步骤总时间: 5.853180s | 总显存: 0.00 B
[Step 31] 峰值显存: 6.23 GB

[Step 32] ============ 详细性能分析 ============
[模型部分] 总时间: 1.926211s | 显存: 4.11 GB

[0-9秒 PDE求解详细性能]

[19秒 PDE求解]
  t=19s - 时间: 1.906969s | 显存: 0.00 B

[PDE求解部分] 总时间: 1.906969s | 显存: 0.00 B

[本步骤总计] 时间: 3.833179s | 显存: 4.11 GB
orginal_loss:  tensor(221062.0156, device='cuda:0', grad_fn=<MseLossBackward0>)
[Step 32] Backward Propagation - Time: 3.9724s, Mem: -4413112320.00 B
[Step 32] PGD Update - Time: 0.0017s, Mem: 0.00 B

[Step 32] 完整步骤总时间: 5.902573s | 总显存: 0.00 B
[Step 32] 峰值显存: 6.23 GB

[Step 33] ============ 详细性能分析 ============
[模型部分] 总时间: 1.905440s | 显存: 4.12 GB

[0-9秒 PDE求解详细性能]

[19秒 PDE求解]
  t=19s - 时间: 1.886209s | 显存: 0.00 B

[PDE求解部分] 总时间: 1.886209s | 显存: 0.00 B

[本步骤总计] 时间: 3.791650s | 显存: 4.12 GB
orginal_loss:  tensor(222812.4688, device='cuda:0', grad_fn=<MseLossBackward0>)
[Step 33] Backward Propagation - Time: 3.9486s, Mem: -4413112320.00 B
[Step 33] PGD Update - Time: 0.0017s, Mem: 0.00 B

[Step 33] 完整步骤总时间: 5.858008s | 总显存: 0.00 B
[Step 33] 峰值显存: 6.23 GB

[Step 34] ============ 详细性能分析 ============
[模型部分] 总时间: 1.905164s | 显存: 4.11 GB

[0-9秒 PDE求解详细性能]

[19秒 PDE求解]
  t=19s - 时间: 1.885922s | 显存: 0.00 B

[PDE求解部分] 总时间: 1.885922s | 显存: 0.00 B

[本步骤总计] 时间: 3.791086s | 显存: 4.11 GB
orginal_loss:  tensor(221569.5312, device='cuda:0', grad_fn=<MseLossBackward0>)
[Step 34] Backward Propagation - Time: 3.9672s, Mem: -4413112320.00 B
[Step 34] PGD Update - Time: 0.0018s, Mem: 0.00 B

[Step 34] 完整步骤总时间: 5.876733s | 总显存: 0.00 B
[Step 34] 峰值显存: 6.23 GB

[Step 35] ============ 详细性能分析 ============
[模型部分] 总时间: 1.892900s | 显存: 4.12 GB

[0-9秒 PDE求解详细性能]

[19秒 PDE求解]
  t=19s - 时间: 1.873595s | 显存: 0.00 B

[PDE求解部分] 总时间: 1.873595s | 显存: 0.00 B

[本步骤总计] 时间: 3.766495s | 显存: 4.12 GB
orginal_loss:  tensor(216050.2969, device='cuda:0', grad_fn=<MseLossBackward0>)
[Step 35] Backward Propagation - Time: 3.9745s, Mem: -4413112320.00 B
[Step 35] PGD Update - Time: 0.0017s, Mem: 0.00 B

[Step 35] 完整步骤总时间: 5.871528s | 总显存: 0.00 B
[Step 35] 峰值显存: 6.23 GB

[Step 36] ============ 详细性能分析 ============
[模型部分] 总时间: 1.885737s | 显存: 4.11 GB

[0-9秒 PDE求解详细性能]

[19秒 PDE求解]
  t=19s - 时间: 1.866469s | 显存: 0.00 B

[PDE求解部分] 总时间: 1.866469s | 显存: 0.00 B

[本步骤总计] 时间: 3.752206s | 显存: 4.11 GB
orginal_loss:  tensor(212990.0625, device='cuda:0', grad_fn=<MseLossBackward0>)
[Step 36] Backward Propagation - Time: 4.0026s, Mem: -4413112320.00 B
[Step 36] PGD Update - Time: 0.0018s, Mem: 0.00 B

[Step 36] 完整步骤总时间: 5.892430s | 总显存: 0.00 B
[Step 36] 峰值显存: 6.23 GB

[Step 37] ============ 详细性能分析 ============
[模型部分] 总时间: 1.900235s | 显存: 4.12 GB

[0-9秒 PDE求解详细性能]

[19秒 PDE求解]
  t=19s - 时间: 1.880775s | 显存: 0.00 B

[PDE求解部分] 总时间: 1.880775s | 显存: 0.00 B

[本步骤总计] 时间: 3.781010s | 显存: 4.12 GB
orginal_loss:  tensor(215889.6875, device='cuda:0', grad_fn=<MseLossBackward0>)
[Step 37] Backward Propagation - Time: 3.9654s, Mem: -4413112320.00 B
[Step 37] PGD Update - Time: 0.0017s, Mem: 0.00 B

[Step 37] 完整步骤总时间: 5.869820s | 总显存: 0.00 B
[Step 37] 峰值显存: 6.23 GB

[Step 38] ============ 详细性能分析 ============
[模型部分] 总时间: 1.916503s | 显存: 4.11 GB

[0-9秒 PDE求解详细性能]

[19秒 PDE求解]
  t=19s - 时间: 1.897240s | 显存: 0.00 B

[PDE求解部分] 总时间: 1.897240s | 显存: 0.00 B

[本步骤总计] 时间: 3.813743s | 显存: 4.11 GB
orginal_loss:  tensor(216542.6562, device='cuda:0', grad_fn=<MseLossBackward0>)
[Step 38] Backward Propagation - Time: 3.9998s, Mem: -4413112320.00 B
[Step 38] PGD Update - Time: 0.0017s, Mem: 0.00 B

[Step 38] 完整步骤总时间: 5.920362s | 总显存: 0.00 B
[Step 38] 峰值显存: 6.23 GB

[Step 39] ============ 详细性能分析 ============
[模型部分] 总时间: 1.913755s | 显存: 4.12 GB

[0-9秒 PDE求解详细性能]

[19秒 PDE求解]
  t=19s - 时间: 1.894504s | 显存: 0.00 B

[PDE求解部分] 总时间: 1.894504s | 显存: 0.00 B

[本步骤总计] 时间: 3.808259s | 显存: 4.12 GB
orginal_loss:  tensor(214220.9844, device='cuda:0', grad_fn=<MseLossBackward0>)
[Step 39] Backward Propagation - Time: 3.9863s, Mem: -4413112320.00 B
[Step 39] PGD Update - Time: 0.0017s, Mem: 0.00 B

[Step 39] 完整步骤总时间: 5.904013s | 总显存: 0.00 B
[Step 39] 峰值显存: 6.23 GB

[Step 40] ============ 详细性能分析 ============
[模型部分] 总时间: 1.900377s | 显存: 4.11 GB

[0-9秒 PDE求解详细性能]

[19秒 PDE求解]
  t=19s - 时间: 1.881091s | 显存: 0.00 B

[PDE求解部分] 总时间: 1.881091s | 显存: 0.00 B

[本步骤总计] 时间: 3.781467s | 显存: 4.11 GB
orginal_loss:  tensor(214065.4062, device='cuda:0', grad_fn=<MseLossBackward0>)
[Step 40] Backward Propagation - Time: 3.9638s, Mem: -4413112320.00 B
[Step 40] PGD Update - Time: 0.0017s, Mem: 0.00 B

[Step 40] 完整步骤总时间: 5.868788s | 总显存: 0.00 B
[Step 40] 峰值显存: 6.23 GB

[Step 41] ============ 详细性能分析 ============
[模型部分] 总时间: 1.874054s | 显存: 4.12 GB

[0-9秒 PDE求解详细性能]

[19秒 PDE求解]
  t=19s - 时间: 1.854803s | 显存: 0.00 B

[PDE求解部分] 总时间: 1.854803s | 显存: 0.00 B

[本步骤总计] 时间: 3.728857s | 显存: 4.12 GB
orginal_loss:  tensor(215368.5781, device='cuda:0', grad_fn=<MseLossBackward0>)
[Step 41] Backward Propagation - Time: 3.9915s, Mem: -4413112320.00 B
[Step 41] PGD Update - Time: 0.0017s, Mem: 0.00 B

[Step 41] 完整步骤总时间: 5.869528s | 总显存: 0.00 B
[Step 41] 峰值显存: 6.23 GB

[Step 42] ============ 详细性能分析 ============
[模型部分] 总时间: 1.890933s | 显存: 4.11 GB

[0-9秒 PDE求解详细性能]

[19秒 PDE求解]
  t=19s - 时间: 1.871707s | 显存: 0.00 B

[PDE求解部分] 总时间: 1.871707s | 显存: 0.00 B

[本步骤总计] 时间: 3.762640s | 显存: 4.11 GB
orginal_loss:  tensor(214592.8281, device='cuda:0', grad_fn=<MseLossBackward0>)
[Step 42] Backward Propagation - Time: 3.9452s, Mem: -4413112320.00 B
[Step 42] PGD Update - Time: 0.0017s, Mem: 0.00 B

[Step 42] 完整步骤总时间: 5.840115s | 总显存: 0.00 B
[Step 42] 峰值显存: 6.23 GB

[Step 43] ============ 详细性能分析 ============
[模型部分] 总时间: 1.899807s | 显存: 4.12 GB

[0-9秒 PDE求解详细性能]

[19秒 PDE求解]
  t=19s - 时间: 1.880543s | 显存: 0.00 B

[PDE求解部分] 总时间: 1.880543s | 显存: 0.00 B

[本步骤总计] 时间: 3.780350s | 显存: 4.12 GB
orginal_loss:  tensor(214346.2656, device='cuda:0', grad_fn=<MseLossBackward0>)
[Step 43] Backward Propagation - Time: 3.9525s, Mem: -4413112320.00 B
[Step 43] PGD Update - Time: 0.0018s, Mem: 0.00 B

[Step 43] 完整步骤总时间: 5.856469s | 总显存: 0.00 B
[Step 43] 峰值显存: 6.23 GB

[Step 44] ============ 详细性能分析 ============
[模型部分] 总时间: 1.899791s | 显存: 4.11 GB

[0-9秒 PDE求解详细性能]

[19秒 PDE求解]
  t=19s - 时间: 1.880332s | 显存: 0.00 B

[PDE求解部分] 总时间: 1.880332s | 显存: 0.00 B

[本步骤总计] 时间: 3.780123s | 显存: 4.11 GB
orginal_loss:  tensor(216661.2500, device='cuda:0', grad_fn=<MseLossBackward0>)
[Step 44] Backward Propagation - Time: 3.9103s, Mem: -4413112320.00 B
[Step 44] PGD Update - Time: 0.0017s, Mem: 0.00 B

[Step 44] 完整步骤总时间: 5.814197s | 总显存: 0.00 B
[Step 44] 峰值显存: 6.23 GB

[Step 45] ============ 详细性能分析 ============
[模型部分] 总时间: 1.886699s | 显存: 4.12 GB

[0-9秒 PDE求解详细性能]

[19秒 PDE求解]
  t=19s - 时间: 1.867445s | 显存: 0.00 B

[PDE求解部分] 总时间: 1.867445s | 显存: 0.00 B

[本步骤总计] 时间: 3.754144s | 显存: 4.12 GB
orginal_loss:  tensor(217531.4688, device='cuda:0', grad_fn=<MseLossBackward0>)
[Step 45] Backward Propagation - Time: 3.9497s, Mem: -4413112320.00 B
[Step 45] PGD Update - Time: 0.0017s, Mem: 0.00 B

[Step 45] 完整步骤总时间: 5.840388s | 总显存: 0.00 B
[Step 45] 峰值显存: 6.23 GB

[Step 46] ============ 详细性能分析 ============
[模型部分] 总时间: 1.905447s | 显存: 4.11 GB

[0-9秒 PDE求解详细性能]

[19秒 PDE求解]
  t=19s - 时间: 1.886200s | 显存: 0.00 B

[PDE求解部分] 总时间: 1.886200s | 显存: 0.00 B

[本步骤总计] 时间: 3.791647s | 显存: 4.11 GB
orginal_loss:  tensor(217060.7188, device='cuda:0', grad_fn=<MseLossBackward0>)
[Step 46] Backward Propagation - Time: 3.9562s, Mem: -4413112320.00 B
[Step 46] PGD Update - Time: 0.0017s, Mem: 0.00 B

[Step 46] 完整步骤总时间: 5.865940s | 总显存: 0.00 B
[Step 46] 峰值显存: 6.23 GB

[Step 47] ============ 详细性能分析 ============
[模型部分] 总时间: 1.904885s | 显存: 4.12 GB

[0-9秒 PDE求解详细性能]

[19秒 PDE求解]
  t=19s - 时间: 1.885635s | 显存: 0.00 B

[PDE求解部分] 总时间: 1.885635s | 显存: 0.00 B

[本步骤总计] 时间: 3.790520s | 显存: 4.12 GB
orginal_loss:  tensor(218244.7969, device='cuda:0', grad_fn=<MseLossBackward0>)
[Step 47] Backward Propagation - Time: 3.9701s, Mem: -4413112320.00 B
[Step 47] PGD Update - Time: 0.0017s, Mem: 0.00 B

[Step 47] 完整步骤总时间: 5.879160s | 总显存: 0.00 B
[Step 47] 峰值显存: 6.23 GB

[Step 48] ============ 详细性能分析 ============
[模型部分] 总时间: 1.896054s | 显存: 4.11 GB

[0-9秒 PDE求解详细性能]

[19秒 PDE求解]
  t=19s - 时间: 1.876776s | 显存: 0.00 B

[PDE求解部分] 总时间: 1.876776s | 显存: 0.00 B

[本步骤总计] 时间: 3.772830s | 显存: 4.11 GB
orginal_loss:  tensor(219109.5000, device='cuda:0', grad_fn=<MseLossBackward0>)
[Step 48] Backward Propagation - Time: 3.9993s, Mem: -4413112320.00 B
[Step 48] PGD Update - Time: 0.0017s, Mem: 0.00 B

[Step 48] 完整步骤总时间: 5.899367s | 总显存: 0.00 B
[Step 48] 峰值显存: 6.23 GB

[Step 49] ============ 详细性能分析 ============
[模型部分] 总时间: 1.895981s | 显存: 4.12 GB

[0-9秒 PDE求解详细性能]

[19秒 PDE求解]
  t=19s - 时间: 1.876718s | 显存: 0.00 B

[PDE求解部分] 总时间: 1.876718s | 显存: 0.00 B

[本步骤总计] 时间: 3.772699s | 显存: 4.12 GB
orginal_loss:  tensor(218901.4375, device='cuda:0', grad_fn=<MseLossBackward0>)
[Step 49] Backward Propagation - Time: 3.9493s, Mem: -4413112320.00 B
[Step 49] PGD Update - Time: 0.0017s, Mem: 0.00 B

[Step 49] 完整步骤总时间: 5.849246s | 总显存: 0.00 B
[Step 49] 峰值显存: 6.23 GB

[Step 50] ============ 详细性能分析 ============
[模型部分] 总时间: 1.886280s | 显存: 4.11 GB

[0-9秒 PDE求解详细性能]

[19秒 PDE求解]
  t=19s - 时间: 1.867029s | 显存: 0.00 B

[PDE求解部分] 总时间: 1.867029s | 显存: 0.00 B

[本步骤总计] 时间: 3.753309s | 显存: 4.11 GB
orginal_loss:  tensor(220176.7031, device='cuda:0', grad_fn=<MseLossBackward0>)
[Step 50] Backward Propagation - Time: 3.9600s, Mem: -4413112320.00 B
[Step 50] PGD Update - Time: 0.0017s, Mem: 0.00 B

[Step 50] 完整步骤总时间: 5.850275s | 总显存: 0.00 B
[Step 50] 峰值显存: 6.23 GB

[Step 51] ============ 详细性能分析 ============
[模型部分] 总时间: 1.889194s | 显存: 4.12 GB

[0-9秒 PDE求解详细性能]

[19秒 PDE求解]
  t=19s - 时间: 1.869971s | 显存: 0.00 B

[PDE求解部分] 总时间: 1.869971s | 显存: 0.00 B

[本步骤总计] 时间: 3.759164s | 显存: 4.12 GB
orginal_loss:  tensor(221181.5938, device='cuda:0', grad_fn=<MseLossBackward0>)
[Step 51] Backward Propagation - Time: 3.9711s, Mem: -4413112320.00 B
[Step 51] PGD Update - Time: 0.0017s, Mem: 0.00 B

[Step 51] 完整步骤总时间: 5.864661s | 总显存: 0.00 B
[Step 51] 峰值显存: 6.23 GB

[Step 52] ============ 详细性能分析 ============
[模型部分] 总时间: 1.890002s | 显存: 4.11 GB

[0-9秒 PDE求解详细性能]

[19秒 PDE求解]
  t=19s - 时间: 1.870751s | 显存: 0.00 B

[PDE求解部分] 总时间: 1.870751s | 显存: 0.00 B

[本步骤总计] 时间: 3.760753s | 显存: 4.11 GB
orginal_loss:  tensor(220997.6875, device='cuda:0', grad_fn=<MseLossBackward0>)
[Step 52] Backward Propagation - Time: 3.9594s, Mem: -4413112320.00 B
[Step 52] PGD Update - Time: 0.0017s, Mem: 0.00 B

[Step 52] 完整步骤总时间: 5.853462s | 总显存: 0.00 B
[Step 52] 峰值显存: 6.23 GB

[Step 53] ============ 详细性能分析 ============
[模型部分] 总时间: 1.901879s | 显存: 4.12 GB

[0-9秒 PDE求解详细性能]

[19秒 PDE求解]
  t=19s - 时间: 1.882592s | 显存: 0.00 B

[PDE求解部分] 总时间: 1.882592s | 显存: 0.00 B

[本步骤总计] 时间: 3.784471s | 显存: 4.12 GB
orginal_loss:  tensor(221737.0312, device='cuda:0', grad_fn=<MseLossBackward0>)
[Step 53] Backward Propagation - Time: 3.9651s, Mem: -4413112320.00 B
[Step 53] PGD Update - Time: 0.0018s, Mem: 0.00 B

[Step 53] 完整步骤总时间: 5.871068s | 总显存: 0.00 B
[Step 53] 峰值显存: 6.23 GB

[Step 54] ============ 详细性能分析 ============
[模型部分] 总时间: 1.897074s | 显存: 4.11 GB

[0-9秒 PDE求解详细性能]

[19秒 PDE求解]
  t=19s - 时间: 1.877640s | 显存: 0.00 B

[PDE求解部分] 总时间: 1.877640s | 显存: 0.00 B

[本步骤总计] 时间: 3.774715s | 显存: 4.11 GB
orginal_loss:  tensor(222364.4062, device='cuda:0', grad_fn=<MseLossBackward0>)
[Step 54] Backward Propagation - Time: 3.9355s, Mem: -4413112320.00 B
[Step 54] PGD Update - Time: 0.0018s, Mem: 0.00 B

[Step 54] 完整步骤总时间: 5.836661s | 总显存: 0.00 B
[Step 54] 峰值显存: 6.23 GB

[Step 55] ============ 详细性能分析 ============
[模型部分] 总时间: 1.896021s | 显存: 4.12 GB

[0-9秒 PDE求解详细性能]

[19秒 PDE求解]
  t=19s - 时间: 1.876735s | 显存: 0.00 B

[PDE求解部分] 总时间: 1.876735s | 显存: 0.00 B

[本步骤总计] 时间: 3.772756s | 显存: 4.12 GB
orginal_loss:  tensor(222325.2500, device='cuda:0', grad_fn=<MseLossBackward0>)
[Step 55] Backward Propagation - Time: 3.9755s, Mem: -4413112320.00 B
[Step 55] PGD Update - Time: 0.0017s, Mem: 0.00 B

[Step 55] 完整步骤总时间: 5.875561s | 总显存: 0.00 B
[Step 55] 峰值显存: 6.23 GB

[Step 56] ============ 详细性能分析 ============
[模型部分] 总时间: 1.915924s | 显存: 4.11 GB

[0-9秒 PDE求解详细性能]

[19秒 PDE求解]
  t=19s - 时间: 1.896666s | 显存: 0.00 B

[PDE求解部分] 总时间: 1.896666s | 显存: 0.00 B

[本步骤总计] 时间: 3.812590s | 显存: 4.11 GB
orginal_loss:  tensor(223144.4062, device='cuda:0', grad_fn=<MseLossBackward0>)
[Step 56] Backward Propagation - Time: 5.8627s, Mem: -4413112320.00 B
[Step 56] PGD Update - Time: 0.0018s, Mem: 0.00 B

[Step 56] 完整步骤总时间: 7.782882s | 总显存: 0.00 B
[Step 56] 峰值显存: 6.23 GB

[Step 57] ============ 详细性能分析 ============
[模型部分] 总时间: 1.888900s | 显存: 4.12 GB

[0-9秒 PDE求解详细性能]

[19秒 PDE求解]
  t=19s - 时间: 1.869622s | 显存: 0.00 B

[PDE求解部分] 总时间: 1.869622s | 显存: 0.00 B

[本步骤总计] 时间: 3.758522s | 显存: 4.12 GB
orginal_loss:  tensor(223674.1875, device='cuda:0', grad_fn=<MseLossBackward0>)
[Step 57] Backward Propagation - Time: 3.9801s, Mem: -4413112320.00 B
[Step 57] PGD Update - Time: 0.0017s, Mem: 0.00 B

[Step 57] 完整步骤总时间: 5.873140s | 总显存: 0.00 B
[Step 57] 峰值显存: 6.23 GB

[Step 58] ============ 详细性能分析 ============
[模型部分] 总时间: 1.891367s | 显存: 4.11 GB

[0-9秒 PDE求解详细性能]

[19秒 PDE求解]
  t=19s - 时间: 1.872127s | 显存: 0.00 B

[PDE求解部分] 总时间: 1.872127s | 显存: 0.00 B

[本步骤总计] 时间: 3.763494s | 显存: 4.11 GB
orginal_loss:  tensor(223463.7188, device='cuda:0', grad_fn=<MseLossBackward0>)
[Step 58] Backward Propagation - Time: 3.9368s, Mem: -4413112320.00 B
[Step 58] PGD Update - Time: 0.0017s, Mem: 0.00 B

[Step 58] 完整步骤总时间: 5.832297s | 总显存: 0.00 B
[Step 58] 峰值显存: 6.23 GB

[Step 59] ============ 详细性能分析 ============
[模型部分] 总时间: 1.905854s | 显存: 4.12 GB

[0-9秒 PDE求解详细性能]

[19秒 PDE求解]
  t=19s - 时间: 1.886566s | 显存: 0.00 B

[PDE求解部分] 总时间: 1.886566s | 显存: 0.00 B

[本步骤总计] 时间: 3.792420s | 显存: 4.12 GB
orginal_loss:  tensor(223543., device='cuda:0', grad_fn=<MseLossBackward0>)
[Step 59] Backward Propagation - Time: 3.9400s, Mem: -4413112320.00 B
[Step 59] PGD Update - Time: 0.0017s, Mem: 0.00 B

[Step 59] 完整步骤总时间: 5.849770s | 总显存: 0.00 B
[Step 59] 峰值显存: 6.23 GB

[Step 60] ============ 详细性能分析 ============
[模型部分] 总时间: 1.891908s | 显存: 4.11 GB

[0-9秒 PDE求解详细性能]

[19秒 PDE求解]
  t=19s - 时间: 1.872644s | 显存: 0.00 B

[PDE求解部分] 总时间: 1.872644s | 显存: 0.00 B

[本步骤总计] 时间: 3.764552s | 显存: 4.11 GB
orginal_loss:  tensor(223563.4375, device='cuda:0', grad_fn=<MseLossBackward0>)
[Step 60] Backward Propagation - Time: 3.9599s, Mem: -4413112320.00 B
[Step 60] PGD Update - Time: 0.0017s, Mem: 0.00 B

[Step 60] 完整步骤总时间: 5.855752s | 总显存: 0.00 B
[Step 60] 峰值显存: 6.23 GB

[Step 61] ============ 详细性能分析 ============
[模型部分] 总时间: 1.922604s | 显存: 4.12 GB

[0-9秒 PDE求解详细性能]

[19秒 PDE求解]
  t=19s - 时间: 1.903379s | 显存: 0.00 B

[PDE求解部分] 总时间: 1.903379s | 显存: 0.00 B

[本步骤总计] 时间: 3.825983s | 显存: 4.12 GB
orginal_loss:  tensor(223211.5938, device='cuda:0', grad_fn=<MseLossBackward0>)
[Step 61] Backward Propagation - Time: 3.9754s, Mem: -4413112320.00 B
[Step 61] PGD Update - Time: 0.0017s, Mem: 0.00 B

[Step 61] 完整步骤总时间: 5.902075s | 总显存: 0.00 B
[Step 61] 峰值显存: 6.23 GB

[Step 62] ============ 详细性能分析 ============
[模型部分] 总时间: 1.895820s | 显存: 4.11 GB

[0-9秒 PDE求解详细性能]

[19秒 PDE求解]
  t=19s - 时间: 1.876538s | 显存: 0.00 B

[PDE求解部分] 总时间: 1.876538s | 显存: 0.00 B

[本步骤总计] 时间: 3.772358s | 显存: 4.11 GB
orginal_loss:  tensor(223184.4062, device='cuda:0', grad_fn=<MseLossBackward0>)
[Step 62] Backward Propagation - Time: 3.9223s, Mem: -4413112320.00 B
[Step 62] PGD Update - Time: 0.0018s, Mem: 0.00 B

[Step 62] 完整步骤总时间: 5.822354s | 总显存: 0.00 B
[Step 62] 峰值显存: 6.23 GB

[Step 63] ============ 详细性能分析 ============
[模型部分] 总时间: 1.907185s | 显存: 4.12 GB

[0-9秒 PDE求解详细性能]

[19秒 PDE求解]
  t=19s - 时间: 1.887987s | 显存: 0.00 B

[PDE求解部分] 总时间: 1.887987s | 显存: 0.00 B

[本步骤总计] 时间: 3.795172s | 显存: 4.12 GB
orginal_loss:  tensor(223319.1875, device='cuda:0', grad_fn=<MseLossBackward0>)
[Step 63] Backward Propagation - Time: 3.9279s, Mem: -4413112320.00 B
[Step 63] PGD Update - Time: 0.0016s, Mem: 0.00 B

[Step 63] 完整步骤总时间: 5.838934s | 总显存: 0.00 B
[Step 63] 峰值显存: 6.23 GB

[Step 64] ============ 详细性能分析 ============
[模型部分] 总时间: 1.923938s | 显存: 4.11 GB

[0-9秒 PDE求解详细性能]

[19秒 PDE求解]
  t=19s - 时间: 1.904589s | 显存: 0.00 B

[PDE求解部分] 总时间: 1.904589s | 显存: 0.00 B

[本步骤总计] 时间: 3.828527s | 显存: 4.11 GB
orginal_loss:  tensor(223401.1562, device='cuda:0', grad_fn=<MseLossBackward0>)
[Step 64] Backward Propagation - Time: 3.9507s, Mem: -4413112320.00 B
[Step 64] PGD Update - Time: 0.0015s, Mem: 0.00 B

[Step 64] 完整步骤总时间: 5.878310s | 总显存: 0.00 B
[Step 64] 峰值显存: 6.23 GB

[Step 65] ============ 详细性能分析 ============
[模型部分] 总时间: 1.912124s | 显存: 4.12 GB

[0-9秒 PDE求解详细性能]

[19秒 PDE求解]
  t=19s - 时间: 1.893125s | 显存: 0.00 B

[PDE求解部分] 总时间: 1.893125s | 显存: 0.00 B

[本步骤总计] 时间: 3.805248s | 显存: 4.12 GB
orginal_loss:  tensor(223910.5312, device='cuda:0', grad_fn=<MseLossBackward0>)
[Step 65] Backward Propagation - Time: 3.9545s, Mem: -4413112320.00 B
[Step 65] PGD Update - Time: 0.0017s, Mem: 0.00 B

[Step 65] 完整步骤总时间: 5.870371s | 总显存: 0.00 B
[Step 65] 峰值显存: 6.23 GB

[Step 66] ============ 详细性能分析 ============
[模型部分] 总时间: 1.915019s | 显存: 4.11 GB

[0-9秒 PDE求解详细性能]

[19秒 PDE求解]
  t=19s - 时间: 1.895775s | 显存: 0.00 B

[PDE求解部分] 总时间: 1.895775s | 显存: 0.00 B

[本步骤总计] 时间: 3.810794s | 显存: 4.11 GB
orginal_loss:  tensor(224891.5625, device='cuda:0', grad_fn=<MseLossBackward0>)
[Step 66] Backward Propagation - Time: 3.9614s, Mem: -4413112320.00 B
[Step 66] PGD Update - Time: 0.0019s, Mem: 0.00 B

[Step 66] 完整步骤总时间: 5.880762s | 总显存: 0.00 B
[Step 66] 峰值显存: 6.23 GB

[Step 67] ============ 详细性能分析 ============
[模型部分] 总时间: 1.897121s | 显存: 4.12 GB

[0-9秒 PDE求解详细性能]

[19秒 PDE求解]
  t=19s - 时间: 1.877861s | 显存: 0.00 B

[PDE求解部分] 总时间: 1.877861s | 显存: 0.00 B

[本步骤总计] 时间: 3.774982s | 显存: 4.12 GB
orginal_loss:  tensor(225803.8125, device='cuda:0', grad_fn=<MseLossBackward0>)
[Step 67] Backward Propagation - Time: 4.0399s, Mem: -4413112320.00 B
[Step 67] PGD Update - Time: 0.0017s, Mem: 0.00 B

[Step 67] 完整步骤总时间: 5.941007s | 总显存: 0.00 B
[Step 67] 峰值显存: 6.23 GB

[Step 68] ============ 详细性能分析 ============
[模型部分] 总时间: 1.930872s | 显存: 4.11 GB

[0-9秒 PDE求解详细性能]

[19秒 PDE求解]
  t=19s - 时间: 1.911650s | 显存: 0.00 B

[PDE求解部分] 总时间: 1.911650s | 显存: 0.00 B

[本步骤总计] 时间: 3.842522s | 显存: 4.11 GB
orginal_loss:  tensor(226467.3125, device='cuda:0', grad_fn=<MseLossBackward0>)
[Step 68] Backward Propagation - Time: 3.9362s, Mem: -4413112320.00 B
[Step 68] PGD Update - Time: 0.0017s, Mem: 0.00 B

[Step 68] 完整步骤总时间: 5.871108s | 总显存: 0.00 B
[Step 68] 峰值显存: 6.23 GB

[Step 69] ============ 详细性能分析 ============
[模型部分] 总时间: 1.907261s | 显存: 4.12 GB

[0-9秒 PDE求解详细性能]

[19秒 PDE求解]
  t=19s - 时间: 1.888007s | 显存: 0.00 B

[PDE求解部分] 总时间: 1.888007s | 显存: 0.00 B

[本步骤总计] 时间: 3.795268s | 显存: 4.12 GB
orginal_loss:  tensor(226834.9688, device='cuda:0', grad_fn=<MseLossBackward0>)
[Step 69] Backward Propagation - Time: 4.0144s, Mem: -4413112320.00 B
[Step 69] PGD Update - Time: 0.0017s, Mem: 0.00 B

[Step 69] 完整步骤总时间: 5.925856s | 总显存: 0.00 B
[Step 69] 峰值显存: 6.23 GB

[Step 70] ============ 详细性能分析 ============
[模型部分] 总时间: 1.895377s | 显存: 4.11 GB

[0-9秒 PDE求解详细性能]

[19秒 PDE求解]
  t=19s - 时间: 1.876158s | 显存: 0.00 B

[PDE求解部分] 总时间: 1.876158s | 显存: 0.00 B

[本步骤总计] 时间: 3.771535s | 显存: 4.11 GB
orginal_loss:  tensor(226874.1719, device='cuda:0', grad_fn=<MseLossBackward0>)
[Step 70] Backward Propagation - Time: 3.9713s, Mem: -4413112320.00 B
[Step 70] PGD Update - Time: 0.0017s, Mem: 0.00 B

[Step 70] 完整步骤总时间: 5.870772s | 总显存: 0.00 B
[Step 70] 峰值显存: 6.23 GB

[Step 71] ============ 详细性能分析 ============
[模型部分] 总时间: 1.910082s | 显存: 4.12 GB

[0-9秒 PDE求解详细性能]

[19秒 PDE求解]
  t=19s - 时间: 1.890830s | 显存: 0.00 B

[PDE求解部分] 总时间: 1.890830s | 显存: 0.00 B

[本步骤总计] 时间: 3.800912s | 显存: 4.12 GB
orginal_loss:  tensor(226694.7812, device='cuda:0', grad_fn=<MseLossBackward0>)
[Step 71] Backward Propagation - Time: 3.9475s, Mem: -4413112320.00 B
[Step 71] PGD Update - Time: 0.0017s, Mem: 0.00 B

[Step 71] 完整步骤总时间: 5.861874s | 总显存: 0.00 B
[Step 71] 峰值显存: 6.23 GB

[Step 72] ============ 详细性能分析 ============
[模型部分] 总时间: 1.896906s | 显存: 4.11 GB

[0-9秒 PDE求解详细性能]

[19秒 PDE求解]
  t=19s - 时间: 1.877657s | 显存: 0.00 B

[PDE求解部分] 总时间: 1.877657s | 显存: 0.00 B

[本步骤总计] 时间: 3.774563s | 显存: 4.11 GB
orginal_loss:  tensor(226475.7188, device='cuda:0', grad_fn=<MseLossBackward0>)
[Step 72] Backward Propagation - Time: 3.9628s, Mem: -4413112320.00 B
[Step 72] PGD Update - Time: 0.0018s, Mem: 0.00 B

[Step 72] 完整步骤总时间: 5.864264s | 总显存: 0.00 B
[Step 72] 峰值显存: 6.23 GB

[Step 73] ============ 详细性能分析 ============
[模型部分] 总时间: 1.883750s | 显存: 4.12 GB

[0-9秒 PDE求解详细性能]

[19秒 PDE求解]
  t=19s - 时间: 1.864441s | 显存: 0.00 B

[PDE求解部分] 总时间: 1.864441s | 显存: 0.00 B

[本步骤总计] 时间: 3.748192s | 显存: 4.12 GB
orginal_loss:  tensor(226219.2812, device='cuda:0', grad_fn=<MseLossBackward0>)
[Step 73] Backward Propagation - Time: 3.9421s, Mem: -4413112320.00 B
[Step 73] PGD Update - Time: 0.0018s, Mem: 0.00 B

[Step 73] 完整步骤总时间: 5.829987s | 总显存: 0.00 B
[Step 73] 峰值显存: 6.23 GB

[Step 74] ============ 详细性能分析 ============
[模型部分] 总时间: 1.910129s | 显存: 4.11 GB

[0-9秒 PDE求解详细性能]

[19秒 PDE求解]
  t=19s - 时间: 1.890649s | 显存: 0.00 B

[PDE求解部分] 总时间: 1.890649s | 显存: 0.00 B

[本步骤总计] 时间: 3.800778s | 显存: 4.11 GB
orginal_loss:  tensor(225912.0469, device='cuda:0', grad_fn=<MseLossBackward0>)
[Step 74] Backward Propagation - Time: 4.0336s, Mem: -4413112320.00 B
[Step 74] PGD Update - Time: 0.0017s, Mem: 0.00 B

[Step 74] 完整步骤总时间: 5.948134s | 总显存: 0.00 B
[Step 74] 峰值显存: 6.23 GB

[Step 75] ============ 详细性能分析 ============
[模型部分] 总时间: 1.929260s | 显存: 4.12 GB

[0-9秒 PDE求解详细性能]

[19秒 PDE求解]
  t=19s - 时间: 1.910051s | 显存: 0.00 B

[PDE求解部分] 总时间: 1.910051s | 显存: 0.00 B

[本步骤总计] 时间: 3.839311s | 显存: 4.12 GB
orginal_loss:  tensor(225555.9375, device='cuda:0', grad_fn=<MseLossBackward0>)
[Step 75] Backward Propagation - Time: 3.9471s, Mem: -4413112320.00 B
[Step 75] PGD Update - Time: 0.0017s, Mem: 0.00 B

[Step 75] 完整步骤总时间: 5.880250s | 总显存: 0.00 B
[Step 75] 峰值显存: 6.23 GB

[Step 76] ============ 详细性能分析 ============
[模型部分] 总时间: 1.929391s | 显存: 4.11 GB

[0-9秒 PDE求解详细性能]

[19秒 PDE求解]
  t=19s - 时间: 1.910154s | 显存: 0.00 B

[PDE求解部分] 总时间: 1.910154s | 显存: 0.00 B

[本步骤总计] 时间: 3.839544s | 显存: 4.11 GB
orginal_loss:  tensor(225039.3438, device='cuda:0', grad_fn=<MseLossBackward0>)
[Step 76] Backward Propagation - Time: 3.9788s, Mem: -4413112320.00 B
[Step 76] PGD Update - Time: 0.0018s, Mem: 0.00 B

[Step 76] 完整步骤总时间: 5.912520s | 总显存: 0.00 B
[Step 76] 峰值显存: 6.23 GB

[Step 77] ============ 详细性能分析 ============
[模型部分] 总时间: 1.910284s | 显存: 4.12 GB

[0-9秒 PDE求解详细性能]

[19秒 PDE求解]
  t=19s - 时间: 1.891002s | 显存: 0.00 B

[PDE求解部分] 总时间: 1.891002s | 显存: 0.00 B

[本步骤总计] 时间: 3.801287s | 显存: 4.12 GB
orginal_loss:  tensor(224365.5781, device='cuda:0', grad_fn=<MseLossBackward0>)
[Step 77] Backward Propagation - Time: 3.9427s, Mem: -4413112320.00 B
[Step 77] PGD Update - Time: 0.0017s, Mem: 0.00 B

[Step 77] 完整步骤总时间: 5.857364s | 总显存: 0.00 B
[Step 77] 峰值显存: 6.23 GB

[Step 78] ============ 详细性能分析 ============
[模型部分] 总时间: 1.892821s | 显存: 4.11 GB

[0-9秒 PDE求解详细性能]

[19秒 PDE求解]
  t=19s - 时间: 1.873569s | 显存: 0.00 B

[PDE求解部分] 总时间: 1.873569s | 显存: 0.00 B

[本步骤总计] 时间: 3.766391s | 显存: 4.11 GB
orginal_loss:  tensor(223520.7656, device='cuda:0', grad_fn=<MseLossBackward0>)
[Step 78] Backward Propagation - Time: 3.9948s, Mem: -4413112320.00 B
[Step 78] PGD Update - Time: 0.0017s, Mem: 0.00 B

[Step 78] 完整步骤总时间: 5.891806s | 总显存: 0.00 B
[Step 78] 峰值显存: 6.23 GB

[Step 79] ============ 详细性能分析 ============
[模型部分] 总时间: 1.889620s | 显存: 4.12 GB

[0-9秒 PDE求解详细性能]

[19秒 PDE求解]
  t=19s - 时间: 1.870348s | 显存: 0.00 B

[PDE求解部分] 总时间: 1.870348s | 显存: 0.00 B

[本步骤总计] 时间: 3.759968s | 显存: 4.12 GB
orginal_loss:  tensor(222463.6875, device='cuda:0', grad_fn=<MseLossBackward0>)
[Step 79] Backward Propagation - Time: 3.9476s, Mem: -4413112320.00 B
[Step 79] PGD Update - Time: 0.0017s, Mem: 0.00 B

[Step 79] 完整步骤总时间: 5.841413s | 总显存: 0.00 B
[Step 79] 峰值显存: 6.23 GB

[Step 80] ============ 详细性能分析 ============
[模型部分] 总时间: 1.880011s | 显存: 4.11 GB

[0-9秒 PDE求解详细性能]

[19秒 PDE求解]
  t=19s - 时间: 1.860762s | 显存: 0.00 B

[PDE求解部分] 总时间: 1.860762s | 显存: 0.00 B

[本步骤总计] 时间: 3.740772s | 显存: 4.11 GB
orginal_loss:  tensor(221258.0781, device='cuda:0', grad_fn=<MseLossBackward0>)
[Step 80] Backward Propagation - Time: 4.0027s, Mem: -4413112320.00 B
[Step 80] PGD Update - Time: 0.0017s, Mem: 0.00 B

[Step 80] 完整步骤总时间: 5.886892s | 总显存: 0.00 B
[Step 80] 峰值显存: 6.23 GB

[Step 81] ============ 详细性能分析 ============
[模型部分] 总时间: 1.902182s | 显存: 4.12 GB

[0-9秒 PDE求解详细性能]

[19秒 PDE求解]
  t=19s - 时间: 1.882937s | 显存: 0.00 B

[PDE求解部分] 总时间: 1.882937s | 显存: 0.00 B

[本步骤总计] 时间: 3.785120s | 显存: 4.12 GB
orginal_loss:  tensor(219935.1250, device='cuda:0', grad_fn=<MseLossBackward0>)
[Step 81] Backward Propagation - Time: 3.9552s, Mem: -4413112320.00 B
[Step 81] PGD Update - Time: 0.0017s, Mem: 0.00 B

[Step 81] 完整步骤总时间: 5.861733s | 总显存: 0.00 B
[Step 81] 峰值显存: 6.23 GB

[Step 82] ============ 详细性能分析 ============
[模型部分] 总时间: 1.901724s | 显存: 4.11 GB

[0-9秒 PDE求解详细性能]

[19秒 PDE求解]
  t=19s - 时间: 1.882448s | 显存: 0.00 B

[PDE求解部分] 总时间: 1.882448s | 显存: 0.00 B

[本步骤总计] 时间: 3.784172s | 显存: 4.11 GB
orginal_loss:  tensor(218500.6250, device='cuda:0', grad_fn=<MseLossBackward0>)
[Step 82] Backward Propagation - Time: 3.9394s, Mem: -4413112320.00 B
[Step 82] PGD Update - Time: 0.0018s, Mem: 0.00 B

[Step 82] 完整步骤总时间: 5.845310s | 总显存: 0.00 B
[Step 82] 峰值显存: 6.23 GB

[Step 83] ============ 详细性能分析 ============
[模型部分] 总时间: 1.884121s | 显存: 4.12 GB

[0-9秒 PDE求解详细性能]

[19秒 PDE求解]
  t=19s - 时间: 1.864824s | 显存: 0.00 B

[PDE求解部分] 总时间: 1.864824s | 显存: 0.00 B

[本步骤总计] 时间: 3.748945s | 显存: 4.12 GB
orginal_loss:  tensor(217013.7188, device='cuda:0', grad_fn=<MseLossBackward0>)
[Step 83] Backward Propagation - Time: 3.9316s, Mem: -4413112320.00 B
[Step 83] PGD Update - Time: 0.0018s, Mem: 0.00 B

[Step 83] 完整步骤总时间: 5.820104s | 总显存: 0.00 B
[Step 83] 峰值显存: 6.23 GB

[Step 84] ============ 详细性能分析 ============
[模型部分] 总时间: 1.925119s | 显存: 4.11 GB

[0-9秒 PDE求解详细性能]

[19秒 PDE求解]
  t=19s - 时间: 1.905672s | 显存: 0.00 B

[PDE求解部分] 总时间: 1.905672s | 显存: 0.00 B

[本步骤总计] 时间: 3.830791s | 显存: 4.11 GB
orginal_loss:  tensor(215591.5625, device='cuda:0', grad_fn=<MseLossBackward0>)
[Step 84] Backward Propagation - Time: 3.9190s, Mem: -4413112320.00 B
[Step 84] PGD Update - Time: 0.0017s, Mem: 0.00 B

[Step 84] 完整步骤总时间: 5.848609s | 总显存: 0.00 B
[Step 84] 峰值显存: 6.23 GB

[Step 85] ============ 详细性能分析 ============
[模型部分] 总时间: 1.895380s | 显存: 4.12 GB

[0-9秒 PDE求解详细性能]

[19秒 PDE求解]
  t=19s - 时间: 1.876059s | 显存: 0.00 B

[PDE求解部分] 总时间: 1.876059s | 显存: 0.00 B

[本步骤总计] 时间: 3.771439s | 显存: 4.12 GB
orginal_loss:  tensor(214220.7656, device='cuda:0', grad_fn=<MseLossBackward0>)
[Step 85] Backward Propagation - Time: 3.9575s, Mem: -4413112320.00 B
[Step 85] PGD Update - Time: 0.0017s, Mem: 0.00 B

[Step 85] 完整步骤总时间: 5.857143s | 总显存: 0.00 B
[Step 85] 峰值显存: 6.23 GB

[Step 86] ============ 详细性能分析 ============
[模型部分] 总时间: 1.929344s | 显存: 4.11 GB

[0-9秒 PDE求解详细性能]

[19秒 PDE求解]
  t=19s - 时间: 1.910051s | 显存: 0.00 B

[PDE求解部分] 总时间: 1.910051s | 显存: 0.00 B

[本步骤总计] 时间: 3.839395s | 显存: 4.11 GB
orginal_loss:  tensor(213005.5781, device='cuda:0', grad_fn=<MseLossBackward0>)
[Step 86] Backward Propagation - Time: 3.9557s, Mem: -4413112320.00 B
[Step 86] PGD Update - Time: 0.0018s, Mem: 0.00 B

[Step 86] 完整步骤总时间: 5.889922s | 总显存: 0.00 B
[Step 86] 峰值显存: 6.23 GB

[Step 87] ============ 详细性能分析 ============
[模型部分] 总时间: 1.895418s | 显存: 4.12 GB

[0-9秒 PDE求解详细性能]

[19秒 PDE求解]
  t=19s - 时间: 1.876141s | 显存: 0.00 B

[PDE求解部分] 总时间: 1.876141s | 显存: 0.00 B

[本步骤总计] 时间: 3.771559s | 显存: 4.12 GB
orginal_loss:  tensor(212013.6562, device='cuda:0', grad_fn=<MseLossBackward0>)
[Step 87] Backward Propagation - Time: 3.9575s, Mem: -4413112320.00 B
[Step 87] PGD Update - Time: 0.0017s, Mem: 0.00 B

[Step 87] 完整步骤总时间: 5.857412s | 总显存: 0.00 B
[Step 87] 峰值显存: 6.23 GB

[Step 88] ============ 详细性能分析 ============
[模型部分] 总时间: 1.928435s | 显存: 4.11 GB

[0-9秒 PDE求解详细性能]

[19秒 PDE求解]
  t=19s - 时间: 1.909181s | 显存: 0.00 B

[PDE求解部分] 总时间: 1.909181s | 显存: 0.00 B

[本步骤总计] 时间: 3.837616s | 显存: 4.11 GB
orginal_loss:  tensor(211100.8594, device='cuda:0', grad_fn=<MseLossBackward0>)
[Step 88] Backward Propagation - Time: 3.9558s, Mem: -4413112320.00 B
[Step 88] PGD Update - Time: 0.0016s, Mem: 0.00 B

[Step 88] 完整步骤总时间: 5.888069s | 总显存: 0.00 B
[Step 88] 峰值显存: 6.23 GB

[Step 89] ============ 详细性能分析 ============
[模型部分] 总时间: 1.904150s | 显存: 4.12 GB

[0-9秒 PDE求解详细性能]

[19秒 PDE求解]
  t=19s - 时间: 1.884856s | 显存: 0.00 B

[PDE求解部分] 总时间: 1.884856s | 显存: 0.00 B

[本步骤总计] 时间: 3.789006s | 显存: 4.12 GB
orginal_loss:  tensor(210573.1875, device='cuda:0', grad_fn=<MseLossBackward0>)
[Step 89] Backward Propagation - Time: 3.9836s, Mem: -4413112320.00 B
[Step 89] PGD Update - Time: 0.0017s, Mem: 0.00 B

[Step 89] 完整步骤总时间: 5.891932s | 总显存: 0.00 B
[Step 89] 峰值显存: 6.23 GB

[Step 90] ============ 详细性能分析 ============
[模型部分] 总时间: 1.888984s | 显存: 4.11 GB

[0-9秒 PDE求解详细性能]

[19秒 PDE求解]
  t=19s - 时间: 1.869726s | 显存: 0.00 B

[PDE求解部分] 总时间: 1.869726s | 显存: 0.00 B

[本步骤总计] 时间: 3.758711s | 显存: 4.11 GB
orginal_loss:  tensor(209890.2344, device='cuda:0', grad_fn=<MseLossBackward0>)
[Step 90] Backward Propagation - Time: 3.9638s, Mem: -4413112320.00 B
[Step 90] PGD Update - Time: 0.0017s, Mem: 0.00 B

[Step 90] 完整步骤总时间: 5.857013s | 总显存: 0.00 B
[Step 90] 峰值显存: 6.23 GB

[Step 91] ============ 详细性能分析 ============
[模型部分] 总时间: 1.889119s | 显存: 4.12 GB

[0-9秒 PDE求解详细性能]

[19秒 PDE求解]
  t=19s - 时间: 1.869892s | 显存: 0.00 B

[PDE求解部分] 总时间: 1.869892s | 显存: 0.00 B

[本步骤总计] 时间: 3.759011s | 显存: 4.12 GB
orginal_loss:  tensor(209832.4062, device='cuda:0', grad_fn=<MseLossBackward0>)
[Step 91] Backward Propagation - Time: 3.9544s, Mem: -4413112320.00 B
[Step 91] PGD Update - Time: 0.0017s, Mem: 0.00 B

[Step 91] 完整步骤总时间: 5.847627s | 总显存: 0.00 B
[Step 91] 峰值显存: 6.23 GB

[Step 92] ============ 详细性能分析 ============
[模型部分] 总时间: 1.892908s | 显存: 4.11 GB

[0-9秒 PDE求解详细性能]

[19秒 PDE求解]
  t=19s - 时间: 1.873621s | 显存: 0.00 B

[PDE求解部分] 总时间: 1.873621s | 显存: 0.00 B

[本步骤总计] 时间: 3.766529s | 显存: 4.11 GB
orginal_loss:  tensor(208922.2500, device='cuda:0', grad_fn=<MseLossBackward0>)
[Step 92] Backward Propagation - Time: 3.9422s, Mem: -4413112320.00 B
[Step 92] PGD Update - Time: 0.0018s, Mem: 0.00 B

[Step 92] 完整步骤总时间: 5.839752s | 总显存: 0.00 B
[Step 92] 峰值显存: 6.23 GB

[Step 93] ============ 详细性能分析 ============
[模型部分] 总时间: 1.895067s | 显存: 4.12 GB

[0-9秒 PDE求解详细性能]

[19秒 PDE求解]
  t=19s - 时间: 1.875583s | 显存: 0.00 B

[PDE求解部分] 总时间: 1.875583s | 显存: 0.00 B

[本步骤总计] 时间: 3.770650s | 显存: 4.12 GB
orginal_loss:  tensor(209987.5469, device='cuda:0', grad_fn=<MseLossBackward0>)
[Step 93] Backward Propagation - Time: 3.9720s, Mem: -4413112320.00 B
[Step 93] PGD Update - Time: 0.0018s, Mem: 0.00 B

[Step 93] 完整步骤总时间: 5.871441s | 总显存: 0.00 B
[Step 93] 峰值显存: 6.23 GB

[Step 94] ============ 详细性能分析 ============
[模型部分] 总时间: 1.905935s | 显存: 4.11 GB

[0-9秒 PDE求解详细性能]

[19秒 PDE求解]
  t=19s - 时间: 1.886552s | 显存: 0.00 B

[PDE求解部分] 总时间: 1.886552s | 显存: 0.00 B

[本步骤总计] 时间: 3.792487s | 显存: 4.11 GB
orginal_loss:  tensor(206389.2031, device='cuda:0', grad_fn=<MseLossBackward0>)
[Step 94] Backward Propagation - Time: 3.9485s, Mem: -4413112320.00 B
[Step 94] PGD Update - Time: 0.0017s, Mem: 0.00 B

[Step 94] 完整步骤总时间: 5.858753s | 总显存: 0.00 B
[Step 94] 峰值显存: 6.23 GB

[Step 95] ============ 详细性能分析 ============
[模型部分] 总时间: 1.903818s | 显存: 4.12 GB

[0-9秒 PDE求解详细性能]

[19秒 PDE求解]
  t=19s - 时间: 1.884557s | 显存: 0.00 B

[PDE求解部分] 总时间: 1.884557s | 显存: 0.00 B

[本步骤总计] 时间: 3.788375s | 显存: 4.12 GB
orginal_loss:  tensor(211078.1250, device='cuda:0', grad_fn=<MseLossBackward0>)
[Step 95] Backward Propagation - Time: 4.0049s, Mem: -4413112320.00 B
[Step 95] PGD Update - Time: 0.0017s, Mem: 0.00 B

[Step 95] 完整步骤总时间: 5.912898s | 总显存: 0.00 B
[Step 95] 峰值显存: 6.23 GB

[Step 96] ============ 详细性能分析 ============
[模型部分] 总时间: 1.944186s | 显存: 4.11 GB

[0-9秒 PDE求解详细性能]

[19秒 PDE求解]
  t=19s - 时间: 1.924943s | 显存: 0.00 B

[PDE求解部分] 总时间: 1.924943s | 显存: 0.00 B

[本步骤总计] 时间: 3.869129s | 显存: 4.11 GB
orginal_loss:  tensor(193621., device='cuda:0', grad_fn=<MseLossBackward0>)
[Step 96] Backward Propagation - Time: 3.9297s, Mem: -4413112320.00 B
[Step 96] PGD Update - Time: 0.0017s, Mem: 0.00 B

[Step 96] 完整步骤总时间: 5.877937s | 总显存: 0.00 B
[Step 96] 峰值显存: 6.23 GB

[Step 97] ============ 详细性能分析 ============
[模型部分] 总时间: 1.928312s | 显存: 4.12 GB

[0-9秒 PDE求解详细性能]

[19秒 PDE求解]
  t=19s - 时间: 1.909074s | 显存: 0.00 B

[PDE求解部分] 总时间: 1.909074s | 显存: 0.00 B

[本步骤总计] 时间: 3.837385s | 显存: 4.12 GB
orginal_loss:  tensor(204225.3750, device='cuda:0', grad_fn=<MseLossBackward0>)
[Step 97] Backward Propagation - Time: 3.9900s, Mem: -4413112320.00 B
[Step 97] PGD Update - Time: 0.0017s, Mem: 0.00 B

[Step 97] 完整步骤总时间: 5.922442s | 总显存: 0.00 B
[Step 97] 峰值显存: 6.23 GB

[Step 98] ============ 详细性能分析 ============
[模型部分] 总时间: 1.906016s | 显存: 4.11 GB

[0-9秒 PDE求解详细性能]

[19秒 PDE求解]
  t=19s - 时间: 1.886729s | 显存: 0.00 B

[PDE求解部分] 总时间: 1.886729s | 显存: 0.00 B

[本步骤总计] 时间: 3.792745s | 显存: 4.11 GB
orginal_loss:  tensor(208685.7500, device='cuda:0', grad_fn=<MseLossBackward0>)
[Step 98] Backward Propagation - Time: 4.0060s, Mem: -4413112320.00 B
[Step 98] PGD Update - Time: 0.0017s, Mem: 0.00 B

[Step 98] 完整步骤总时间: 5.916178s | 总显存: 0.00 B
[Step 98] 峰值显存: 6.23 GB

[Step 99] ============ 详细性能分析 ============
[模型部分] 总时间: 1.903482s | 显存: 4.12 GB

[0-9秒 PDE求解详细性能]

[19秒 PDE求解]
  t=19s - 时间: 1.884248s | 显存: 0.00 B

[PDE求解部分] 总时间: 1.884248s | 显存: 0.00 B

[本步骤总计] 时间: 3.787730s | 显存: 4.12 GB
orginal_loss:  tensor(210848.3438, device='cuda:0', grad_fn=<MseLossBackward0>)
[Step 99] Backward Propagation - Time: 3.9618s, Mem: -4413112320.00 B
[Step 99] PGD Update - Time: 0.0017s, Mem: 0.00 B

[Step 99] 完整步骤总时间: 5.869444s | 总显存: 0.00 B
[Step 99] 峰值显存: 6.23 GB
清理前显存占用: 2092.7470703125 MB
PGD攻击完成！显存已清理
当前显存占用: 2092.2470703125 MB
detached1to9
[1, 2, 3, 4, 5, 6, 7, 8, 9]
================================================================================
norm: 2, epsilon: 13.1072, alpha: 50.0, num_steps: 100, index: 1, method: adam, detach: detached1to9, b1: 0.9, b2: 0.999, adam_eps: 1e-08, sign_Linf: True, amsgrad: False

[Step 0] ============ 详细性能分析 ============
[模型部分] 总时间: 1.894797s | 显存: 4.11 GB

[0-9秒 PDE求解详细性能]

[19秒 PDE求解]
  t=19s - 时间: 1.866888s | 显存: 0.00 B

[PDE求解部分] 总时间: 1.866888s | 显存: 0.00 B

[本步骤总计] 时间: 3.761685s | 显存: 4.11 GB
orginal_loss:  tensor(3644.5620, device='cuda:0', grad_fn=<MseLossBackward0>)
[Step 0] Backward Propagation - Time: 3.9767s, Mem: -4411760640.00 B
[Step 0] PGD Update - Time: 0.0013s, Mem: 1.75 MB

[Step 0] 完整步骤总时间: 5.874843s | 总显存: 5.00 MB
[Step 0] 峰值显存: 6.22 GB

[Step 1] ============ 详细性能分析 ============
[模型部分] 总时间: 1.894664s | 显存: 4.11 GB

[0-9秒 PDE求解详细性能]

[19秒 PDE求解]
  t=19s - 时间: 1.875364s | 显存: 0.00 B

[PDE求解部分] 总时间: 1.875364s | 显存: 0.00 B

[本步骤总计] 时间: 3.770028s | 显存: 4.11 GB
orginal_loss:  tensor(6211.0181, device='cuda:0', grad_fn=<MseLossBackward0>)
[Step 1] Backward Propagation - Time: 3.9530s, Mem: -4409917440.00 B
[Step 1] PGD Update - Time: 0.0012s, Mem: 0.00 B

[Step 1] 完整步骤总时间: 5.851646s | 总显存: -524288.00 B
[Step 1] 峰值显存: 6.22 GB

[Step 2] ============ 详细性能分析 ============
[模型部分] 总时间: 1.920633s | 显存: 4.11 GB

[0-9秒 PDE求解详细性能]

[19秒 PDE求解]
  t=19s - 时间: 1.901352s | 显存: 0.00 B

[PDE求解部分] 总时间: 1.901352s | 显存: 0.00 B

[本步骤总计] 时间: 3.821986s | 显存: 4.11 GB
orginal_loss:  tensor(7354.9775, device='cuda:0', grad_fn=<MseLossBackward0>)
[Step 2] Backward Propagation - Time: 3.9553s, Mem: -4413112320.00 B
[Step 2] PGD Update - Time: 0.0014s, Mem: 0.00 B

[Step 2] 完整步骤总时间: 5.879596s | 总显存: 0.00 B
[Step 2] 峰值显存: 6.23 GB

[Step 3] ============ 详细性能分析 ============
[模型部分] 总时间: 1.912110s | 显存: 4.12 GB

[0-9秒 PDE求解详细性能]

[19秒 PDE求解]
  t=19s - 时间: 1.892594s | 显存: 0.00 B

[PDE求解部分] 总时间: 1.892594s | 显存: 0.00 B

[本步骤总计] 时间: 3.804704s | 显存: 4.12 GB
orginal_loss:  tensor(8153.9258, device='cuda:0', grad_fn=<MseLossBackward0>)
[Step 3] Backward Propagation - Time: 3.9675s, Mem: -4413112320.00 B
[Step 3] PGD Update - Time: 0.0012s, Mem: 0.00 B

[Step 3] 完整步骤总时间: 5.883255s | 总显存: 0.00 B
[Step 3] 峰值显存: 6.23 GB

[Step 4] ============ 详细性能分析 ============
[模型部分] 总时间: 1.941602s | 显存: 4.11 GB

[0-9秒 PDE求解详细性能]

[19秒 PDE求解]
  t=19s - 时间: 1.922291s | 显存: 0.00 B

[PDE求解部分] 总时间: 1.922291s | 显存: 0.00 B

[本步骤总计] 时间: 3.863892s | 显存: 4.11 GB
orginal_loss:  tensor(8611.2617, device='cuda:0', grad_fn=<MseLossBackward0>)
[Step 4] Backward Propagation - Time: 3.9581s, Mem: -4413112320.00 B
[Step 4] PGD Update - Time: 0.0012s, Mem: 0.00 B

[Step 4] 完整步骤总时间: 5.903240s | 总显存: 0.00 B
[Step 4] 峰值显存: 6.23 GB

[Step 5] ============ 详细性能分析 ============
[模型部分] 总时间: 1.937995s | 显存: 4.12 GB

[0-9秒 PDE求解详细性能]

[19秒 PDE求解]
  t=19s - 时间: 1.918734s | 显存: 0.00 B

[PDE求解部分] 总时间: 1.918734s | 显存: 0.00 B

[本步骤总计] 时间: 3.856729s | 显存: 4.12 GB
orginal_loss:  tensor(8885.2275, device='cuda:0', grad_fn=<MseLossBackward0>)
[Step 5] Backward Propagation - Time: 4.0148s, Mem: -4413112320.00 B
[Step 5] PGD Update - Time: 0.0016s, Mem: 0.00 B

[Step 5] 完整步骤总时间: 5.957021s | 总显存: 0.00 B
[Step 5] 峰值显存: 6.23 GB

[Step 6] ============ 详细性能分析 ============
[模型部分] 总时间: 1.927973s | 显存: 4.11 GB

[0-9秒 PDE求解详细性能]

[19秒 PDE求解]
  t=19s - 时间: 1.908704s | 显存: 0.00 B

[PDE求解部分] 总时间: 1.908704s | 显存: 0.00 B

[本步骤总计] 时间: 3.836677s | 显存: 4.11 GB
orginal_loss:  tensor(9049.9219, device='cuda:0', grad_fn=<MseLossBackward0>)
[Step 6] Backward Propagation - Time: 3.9843s, Mem: -4413112320.00 B
[Step 6] PGD Update - Time: 0.0014s, Mem: 0.00 B

[Step 6] 完整步骤总时间: 5.916007s | 总显存: 0.00 B
[Step 6] 峰值显存: 6.23 GB

[Step 7] ============ 详细性能分析 ============
[模型部分] 总时间: 1.893360s | 显存: 4.12 GB

[0-9秒 PDE求解详细性能]

[19秒 PDE求解]
  t=19s - 时间: 1.874113s | 显存: 0.00 B

[PDE求解部分] 总时间: 1.874113s | 显存: 0.00 B

[本步骤总计] 时间: 3.767474s | 显存: 4.12 GB
orginal_loss:  tensor(9148.0371, device='cuda:0', grad_fn=<MseLossBackward0>)
[Step 7] Backward Propagation - Time: 4.0317s, Mem: -4413112320.00 B
[Step 7] PGD Update - Time: 0.0015s, Mem: 0.00 B

[Step 7] 完整步骤总时间: 5.929088s | 总显存: 0.00 B
[Step 7] 峰值显存: 6.23 GB

[Step 8] ============ 详细性能分析 ============
[模型部分] 总时间: 1.945810s | 显存: 4.11 GB

[0-9秒 PDE求解详细性能]

[19秒 PDE求解]
  t=19s - 时间: 1.926545s | 显存: 0.00 B

[PDE求解部分] 总时间: 1.926545s | 显存: 0.00 B

[本步骤总计] 时间: 3.872355s | 显存: 4.11 GB
orginal_loss:  tensor(9200.9961, device='cuda:0', grad_fn=<MseLossBackward0>)
[Step 8] Backward Propagation - Time: 3.9895s, Mem: -4413112320.00 B
[Step 8] PGD Update - Time: 0.0015s, Mem: 0.00 B

[Step 8] 完整步骤总时间: 5.939170s | 总显存: 0.00 B
[Step 8] 峰值显存: 6.23 GB

[Step 9] ============ 详细性能分析 ============
[模型部分] 总时间: 1.909523s | 显存: 4.12 GB

[0-9秒 PDE求解详细性能]

[19秒 PDE求解]
  t=19s - 时间: 1.890237s | 显存: 0.00 B

[PDE求解部分] 总时间: 1.890237s | 显存: 0.00 B

[本步骤总计] 时间: 3.799760s | 显存: 4.12 GB
orginal_loss:  tensor(9226.2480, device='cuda:0', grad_fn=<MseLossBackward0>)
[Step 9] Backward Propagation - Time: 3.9342s, Mem: -4413112320.00 B
[Step 9] PGD Update - Time: 0.0013s, Mem: 0.00 B

[Step 9] 完整步骤总时间: 5.847297s | 总显存: 0.00 B
[Step 9] 峰值显存: 6.23 GB

[Step 10] ============ 详细性能分析 ============
[模型部分] 总时间: 1.895320s | 显存: 4.11 GB

[0-9秒 PDE求解详细性能]

[19秒 PDE求解]
  t=19s - 时间: 1.876139s | 显存: 0.00 B

[PDE求解部分] 总时间: 1.876139s | 显存: 0.00 B

[本步骤总计] 时间: 3.771459s | 显存: 4.11 GB
orginal_loss:  tensor(9229.1621, device='cuda:0', grad_fn=<MseLossBackward0>)
[Step 10] Backward Propagation - Time: 3.8996s, Mem: -4413112320.00 B
[Step 10] PGD Update - Time: 0.0015s, Mem: 0.00 B

[Step 10] 完整步骤总时间: 5.798578s | 总显存: 0.00 B
[Step 10] 峰值显存: 6.23 GB

[Step 11] ============ 详细性能分析 ============
[模型部分] 总时间: 1.894989s | 显存: 4.12 GB

[0-9秒 PDE求解详细性能]

[19秒 PDE求解]
  t=19s - 时间: 1.875771s | 显存: 0.00 B

[PDE求解部分] 总时间: 1.875771s | 显存: 0.00 B

[本步骤总计] 时间: 3.770760s | 显存: 4.12 GB
orginal_loss:  tensor(9217.1436, device='cuda:0', grad_fn=<MseLossBackward0>)
[Step 11] Backward Propagation - Time: 4.0472s, Mem: -4413112320.00 B
[Step 11] PGD Update - Time: 0.0014s, Mem: 0.00 B

[Step 11] 完整步骤总时间: 5.946095s | 总显存: 0.00 B
[Step 11] 峰值显存: 6.23 GB

[Step 12] ============ 详细性能分析 ============
[模型部分] 总时间: 1.935951s | 显存: 4.11 GB

[0-9秒 PDE求解详细性能]

[19秒 PDE求解]
  t=19s - 时间: 1.916579s | 显存: 0.00 B

[PDE求解部分] 总时间: 1.916579s | 显存: 0.00 B

[本步骤总计] 时间: 3.852530s | 显存: 4.11 GB
orginal_loss:  tensor(9196.4648, device='cuda:0', grad_fn=<MseLossBackward0>)
[Step 12] Backward Propagation - Time: 3.9993s, Mem: -4413112320.00 B
[Step 12] PGD Update - Time: 0.0017s, Mem: 0.00 B

[Step 12] 完整步骤总时间: 5.939413s | 总显存: 0.00 B
[Step 12] 峰值显存: 6.23 GB

[Step 13] ============ 详细性能分析 ============
[模型部分] 总时间: 1.888595s | 显存: 4.12 GB

[0-9秒 PDE求解详细性能]

[19秒 PDE求解]
  t=19s - 时间: 1.869167s | 显存: 0.00 B

[PDE求解部分] 总时间: 1.869167s | 显存: 0.00 B

[本步骤总计] 时间: 3.757762s | 显存: 4.12 GB
orginal_loss:  tensor(9166.0293, device='cuda:0', grad_fn=<MseLossBackward0>)
[Step 13] Backward Propagation - Time: 3.9820s, Mem: -4413112320.00 B
[Step 13] PGD Update - Time: 0.0017s, Mem: 0.00 B

[Step 13] 完整步骤总时间: 5.875025s | 总显存: 0.00 B
[Step 13] 峰值显存: 6.23 GB

[Step 14] ============ 详细性能分析 ============
[模型部分] 总时间: 1.917344s | 显存: 4.11 GB

[0-9秒 PDE求解详细性能]

[19秒 PDE求解]
  t=19s - 时间: 1.898051s | 显存: 0.00 B

[PDE求解部分] 总时间: 1.898051s | 显存: 0.00 B

[本步骤总计] 时间: 3.815394s | 显存: 4.11 GB
orginal_loss:  tensor(9131.1484, device='cuda:0', grad_fn=<MseLossBackward0>)
[Step 14] Backward Propagation - Time: 4.0230s, Mem: -4413112320.00 B
[Step 14] PGD Update - Time: 0.0014s, Mem: 0.00 B

[Step 14] 完整步骤总时间: 5.944357s | 总显存: 0.00 B
[Step 14] 峰值显存: 6.23 GB

[Step 15] ============ 详细性能分析 ============
[模型部分] 总时间: 1.904392s | 显存: 4.12 GB

[0-9秒 PDE求解详细性能]

[19秒 PDE求解]
  t=19s - 时间: 1.885174s | 显存: 0.00 B

[PDE求解部分] 总时间: 1.885174s | 显存: 0.00 B

[本步骤总计] 时间: 3.789566s | 显存: 4.12 GB
orginal_loss:  tensor(9091.8799, device='cuda:0', grad_fn=<MseLossBackward0>)
[Step 15] Backward Propagation - Time: 4.0014s, Mem: -4413112320.00 B
[Step 15] PGD Update - Time: 0.0016s, Mem: 0.00 B

[Step 15] 完整步骤总时间: 5.910628s | 总显存: 0.00 B
[Step 15] 峰值显存: 6.23 GB

[Step 16] ============ 详细性能分析 ============
[模型部分] 总时间: 1.908643s | 显存: 4.11 GB

[0-9秒 PDE求解详细性能]

[19秒 PDE求解]
  t=19s - 时间: 1.889345s | 显存: 0.00 B

[PDE求解部分] 总时间: 1.889345s | 显存: 0.00 B

[本步骤总计] 时间: 3.797988s | 显存: 4.11 GB
orginal_loss:  tensor(9049.4443, device='cuda:0', grad_fn=<MseLossBackward0>)
[Step 16] Backward Propagation - Time: 3.9840s, Mem: -4413112320.00 B
[Step 16] PGD Update - Time: 0.0016s, Mem: 0.00 B

[Step 16] 完整步骤总时间: 5.896867s | 总显存: 0.00 B
[Step 16] 峰值显存: 6.23 GB

[Step 17] ============ 详细性能分析 ============
[模型部分] 总时间: 1.901468s | 显存: 4.12 GB

[0-9秒 PDE求解详细性能]

[19秒 PDE求解]
  t=19s - 时间: 1.882221s | 显存: 0.00 B

[PDE求解部分] 总时间: 1.882221s | 显存: 0.00 B

[本步骤总计] 时间: 3.783689s | 显存: 4.12 GB
orginal_loss:  tensor(9004.3184, device='cuda:0', grad_fn=<MseLossBackward0>)
[Step 17] Backward Propagation - Time: 3.9678s, Mem: -4413112320.00 B
[Step 17] PGD Update - Time: 0.0016s, Mem: 0.00 B

[Step 17] 完整步骤总时间: 5.873360s | 总显存: 0.00 B
[Step 17] 峰值显存: 6.23 GB

[Step 18] ============ 详细性能分析 ============
[模型部分] 总时间: 1.928242s | 显存: 4.11 GB

[0-9秒 PDE求解详细性能]

[19秒 PDE求解]
  t=19s - 时间: 1.909013s | 显存: 0.00 B

[PDE求解部分] 总时间: 1.909013s | 显存: 0.00 B

[本步骤总计] 时间: 3.837254s | 显存: 4.11 GB
orginal_loss:  tensor(8959.2715, device='cuda:0', grad_fn=<MseLossBackward0>)
[Step 18] Backward Propagation - Time: 4.0255s, Mem: -4413112320.00 B
[Step 18] PGD Update - Time: 0.0015s, Mem: 0.00 B

[Step 18] 完整步骤总时间: 5.957465s | 总显存: 0.00 B
[Step 18] 峰值显存: 6.23 GB

[Step 19] ============ 详细性能分析 ============
[模型部分] 总时间: 1.904692s | 显存: 4.12 GB

[0-9秒 PDE求解详细性能]

[19秒 PDE求解]
  t=19s - 时间: 1.885455s | 显存: 0.00 B

[PDE求解部分] 总时间: 1.885455s | 显存: 0.00 B

[本步骤总计] 时间: 3.790147s | 显存: 4.12 GB
orginal_loss:  tensor(8912.6523, device='cuda:0', grad_fn=<MseLossBackward0>)
[Step 19] Backward Propagation - Time: 4.0114s, Mem: -4413112320.00 B
[Step 19] PGD Update - Time: 0.0016s, Mem: 0.00 B

[Step 19] 完整步骤总时间: 5.920137s | 总显存: 0.00 B
[Step 19] 峰值显存: 6.23 GB

[Step 20] ============ 详细性能分析 ============
[模型部分] 总时间: 1.898794s | 显存: 4.11 GB

[0-9秒 PDE求解详细性能]

[19秒 PDE求解]
  t=19s - 时间: 1.879532s | 显存: 0.00 B

[PDE求解部分] 总时间: 1.879532s | 显存: 0.00 B

[本步骤总计] 时间: 3.778326s | 显存: 4.11 GB
orginal_loss:  tensor(8866.7256, device='cuda:0', grad_fn=<MseLossBackward0>)
[Step 20] Backward Propagation - Time: 3.8930s, Mem: -4413112320.00 B
[Step 20] PGD Update - Time: 0.0016s, Mem: 0.00 B

[Step 20] 完整步骤总时间: 5.795869s | 总显存: 0.00 B
[Step 20] 峰值显存: 6.23 GB

[Step 21] ============ 详细性能分析 ============
[模型部分] 总时间: 1.886161s | 显存: 4.12 GB

[0-9秒 PDE求解详细性能]

[19秒 PDE求解]
  t=19s - 时间: 1.866855s | 显存: 0.00 B

[PDE求解部分] 总时间: 1.866855s | 显存: 0.00 B

[本步骤总计] 时间: 3.753016s | 显存: 4.12 GB
orginal_loss:  tensor(8820.3613, device='cuda:0', grad_fn=<MseLossBackward0>)
[Step 21] Backward Propagation - Time: 3.9184s, Mem: -4413112320.00 B
[Step 21] PGD Update - Time: 0.0017s, Mem: 0.00 B

[Step 21] 完整步骤总时间: 5.808824s | 总显存: 0.00 B
[Step 21] 峰值显存: 6.23 GB

[Step 22] ============ 详细性能分析 ============
[模型部分] 总时间: 1.933035s | 显存: 4.11 GB

[0-9秒 PDE求解详细性能]

[19秒 PDE求解]
  t=19s - 时间: 1.913731s | 显存: 0.00 B

[PDE求解部分] 总时间: 1.913731s | 显存: 0.00 B

[本步骤总计] 时间: 3.846766s | 显存: 4.11 GB
orginal_loss:  tensor(8774.8691, device='cuda:0', grad_fn=<MseLossBackward0>)
[Step 22] Backward Propagation - Time: 3.9632s, Mem: -4413112320.00 B
[Step 22] PGD Update - Time: 0.0016s, Mem: 0.00 B

[Step 22] 完整步骤总时间: 5.900644s | 总显存: 0.00 B
[Step 22] 峰值显存: 6.23 GB

[Step 23] ============ 详细性能分析 ============
[模型部分] 总时间: 1.899290s | 显存: 4.12 GB

[0-9秒 PDE求解详细性能]

[19秒 PDE求解]
  t=19s - 时间: 1.879951s | 显存: 0.00 B

[PDE求解部分] 总时间: 1.879951s | 显存: 0.00 B

[本步骤总计] 时间: 3.779241s | 显存: 4.12 GB
orginal_loss:  tensor(8727.0723, device='cuda:0', grad_fn=<MseLossBackward0>)
[Step 23] Backward Propagation - Time: 3.9252s, Mem: -4413112320.00 B
[Step 23] PGD Update - Time: 0.0017s, Mem: 0.00 B

[Step 23] 完整步骤总时间: 5.828741s | 总显存: 0.00 B
[Step 23] 峰值显存: 6.23 GB

[Step 24] ============ 详细性能分析 ============
[模型部分] 总时间: 1.896533s | 显存: 4.11 GB

[0-9秒 PDE求解详细性能]

[19秒 PDE求解]
  t=19s - 时间: 1.877258s | 显存: 0.00 B

[PDE求解部分] 总时间: 1.877258s | 显存: 0.00 B

[本步骤总计] 时间: 3.773790s | 显存: 4.11 GB
orginal_loss:  tensor(8683.9141, device='cuda:0', grad_fn=<MseLossBackward0>)
[Step 24] Backward Propagation - Time: 3.9029s, Mem: -4413112320.00 B
[Step 24] PGD Update - Time: 0.0017s, Mem: 0.00 B

[Step 24] 完整步骤总时间: 5.803554s | 总显存: 0.00 B
[Step 24] 峰值显存: 6.23 GB

[Step 25] ============ 详细性能分析 ============
[模型部分] 总时间: 1.910979s | 显存: 4.12 GB

[0-9秒 PDE求解详细性能]

[19秒 PDE求解]
  t=19s - 时间: 1.891706s | 显存: 0.00 B

[PDE求解部分] 总时间: 1.891706s | 显存: 0.00 B

[本步骤总计] 时间: 3.802685s | 显存: 4.12 GB
orginal_loss:  tensor(8641.9541, device='cuda:0', grad_fn=<MseLossBackward0>)
[Step 25] Backward Propagation - Time: 3.9013s, Mem: -4413112320.00 B
[Step 25] PGD Update - Time: 0.0017s, Mem: 0.00 B

[Step 25] 完整步骤总时间: 5.816520s | 总显存: 0.00 B
[Step 25] 峰值显存: 6.23 GB

[Step 26] ============ 详细性能分析 ============
[模型部分] 总时间: 1.888976s | 显存: 4.11 GB

[0-9秒 PDE求解详细性能]

[19秒 PDE求解]
  t=19s - 时间: 1.869644s | 显存: 0.00 B

[PDE求解部分] 总时间: 1.869644s | 显存: 0.00 B

[本步骤总计] 时间: 3.758620s | 显存: 4.11 GB
orginal_loss:  tensor(8600.3750, device='cuda:0', grad_fn=<MseLossBackward0>)
[Step 26] Backward Propagation - Time: 3.9146s, Mem: -4413112320.00 B
[Step 26] PGD Update - Time: 0.0017s, Mem: 0.00 B

[Step 26] 完整步骤总时间: 5.808132s | 总显存: 0.00 B
[Step 26] 峰值显存: 6.23 GB

[Step 27] ============ 详细性能分析 ============
[模型部分] 总时间: 1.927133s | 显存: 4.12 GB

[0-9秒 PDE求解详细性能]

[19秒 PDE求解]
  t=19s - 时间: 1.907879s | 显存: 0.00 B

[PDE求解部分] 总时间: 1.907879s | 显存: 0.00 B

[本步骤总计] 时间: 3.835012s | 显存: 4.12 GB
orginal_loss:  tensor(8560.2041, device='cuda:0', grad_fn=<MseLossBackward0>)
[Step 27] Backward Propagation - Time: 3.9169s, Mem: -4413112320.00 B
[Step 27] PGD Update - Time: 0.0017s, Mem: 0.00 B

[Step 27] 完整步骤总时间: 5.848304s | 总显存: 0.00 B
[Step 27] 峰值显存: 6.23 GB

[Step 28] ============ 详细性能分析 ============
[模型部分] 总时间: 1.914675s | 显存: 4.11 GB

[0-9秒 PDE求解详细性能]

[19秒 PDE求解]
  t=19s - 时间: 1.884203s | 显存: 0.00 B

[PDE求解部分] 总时间: 1.884203s | 显存: 0.00 B

[本步骤总计] 时间: 3.798878s | 显存: 4.11 GB
orginal_loss:  tensor(8522.6465, device='cuda:0', grad_fn=<MseLossBackward0>)
[Step 28] Backward Propagation - Time: 3.9371s, Mem: -4413112320.00 B
[Step 28] PGD Update - Time: 0.0017s, Mem: 0.00 B

[Step 28] 完整步骤总时间: 5.856136s | 总显存: 0.00 B
[Step 28] 峰值显存: 6.23 GB

[Step 29] ============ 详细性能分析 ============
[模型部分] 总时间: 1.901499s | 显存: 4.12 GB

[0-9秒 PDE求解详细性能]

[19秒 PDE求解]
  t=19s - 时间: 1.882258s | 显存: 0.00 B

[PDE求解部分] 总时间: 1.882258s | 显存: 0.00 B

[本步骤总计] 时间: 3.783757s | 显存: 4.12 GB
orginal_loss:  tensor(8488.4336, device='cuda:0', grad_fn=<MseLossBackward0>)
[Step 29] Backward Propagation - Time: 3.9710s, Mem: -4413112320.00 B
[Step 29] PGD Update - Time: 0.0017s, Mem: 0.00 B

[Step 29] 完整步骤总时间: 5.876582s | 总显存: 0.00 B
[Step 29] 峰值显存: 6.23 GB

[Step 30] ============ 详细性能分析 ============
[模型部分] 总时间: 1.904626s | 显存: 4.11 GB

[0-9秒 PDE求解详细性能]

[19秒 PDE求解]
  t=19s - 时间: 1.885388s | 显存: 0.00 B

[PDE求解部分] 总时间: 1.885388s | 显存: 0.00 B

[本步骤总计] 时间: 3.790014s | 显存: 4.11 GB
orginal_loss:  tensor(8456.1533, device='cuda:0', grad_fn=<MseLossBackward0>)
[Step 30] Backward Propagation - Time: 3.9452s, Mem: -4413112320.00 B
[Step 30] PGD Update - Time: 0.0017s, Mem: 0.00 B

[Step 30] 完整步骤总时间: 5.853953s | 总显存: 0.00 B
[Step 30] 峰值显存: 6.23 GB

[Step 31] ============ 详细性能分析 ============
[模型部分] 总时间: 1.911997s | 显存: 4.12 GB

[0-9秒 PDE求解详细性能]

[19秒 PDE求解]
  t=19s - 时间: 1.892744s | 显存: 0.00 B

[PDE求解部分] 总时间: 1.892744s | 显存: 0.00 B

[本步骤总计] 时间: 3.804741s | 显存: 4.12 GB
orginal_loss:  tensor(8427.1318, device='cuda:0', grad_fn=<MseLossBackward0>)
[Step 31] Backward Propagation - Time: 3.9535s, Mem: -4413112320.00 B
[Step 31] PGD Update - Time: 0.0018s, Mem: 0.00 B

[Step 31] 完整步骤总时间: 5.869703s | 总显存: 0.00 B
[Step 31] 峰值显存: 6.23 GB

[Step 32] ============ 详细性能分析 ============
[模型部分] 总时间: 1.896813s | 显存: 4.11 GB

[0-9秒 PDE求解详细性能]

[19秒 PDE求解]
  t=19s - 时间: 1.877477s | 显存: 0.00 B

[PDE求解部分] 总时间: 1.877477s | 显存: 0.00 B

[本步骤总计] 时间: 3.774291s | 显存: 4.11 GB
orginal_loss:  tensor(8396.6758, device='cuda:0', grad_fn=<MseLossBackward0>)
[Step 32] Backward Propagation - Time: 3.9993s, Mem: -4413112320.00 B
[Step 32] PGD Update - Time: 0.0018s, Mem: 0.00 B

[Step 32] 完整步骤总时间: 5.900427s | 总显存: 0.00 B
[Step 32] 峰值显存: 6.23 GB

[Step 33] ============ 详细性能分析 ============
[模型部分] 总时间: 1.945724s | 显存: 4.12 GB

[0-9秒 PDE求解详细性能]

[19秒 PDE求解]
  t=19s - 时间: 1.926407s | 显存: 0.00 B

[PDE求解部分] 总时间: 1.926407s | 显存: 0.00 B

[本步骤总计] 时间: 3.872131s | 显存: 4.12 GB
orginal_loss:  tensor(8371.8340, device='cuda:0', grad_fn=<MseLossBackward0>)
[Step 33] Backward Propagation - Time: 4.0085s, Mem: -4413112320.00 B
[Step 33] PGD Update - Time: 0.0021s, Mem: 0.00 B

[Step 33] 完整步骤总时间: 5.959102s | 总显存: 0.00 B
[Step 33] 峰值显存: 6.23 GB

[Step 34] ============ 详细性能分析 ============
[模型部分] 总时间: 1.913396s | 显存: 4.11 GB

[0-9秒 PDE求解详细性能]

[19秒 PDE求解]
  t=19s - 时间: 1.893839s | 显存: 0.00 B

[PDE求解部分] 总时间: 1.893839s | 显存: 0.00 B

[本步骤总计] 时间: 3.807235s | 显存: 4.11 GB
orginal_loss:  tensor(8352.4971, device='cuda:0', grad_fn=<MseLossBackward0>)
[Step 34] Backward Propagation - Time: 3.9166s, Mem: -4413112320.00 B
[Step 34] PGD Update - Time: 0.0018s, Mem: 0.00 B

[Step 34] 完整步骤总时间: 5.834425s | 总显存: 0.00 B
[Step 34] 峰值显存: 6.23 GB

[Step 35] ============ 详细性能分析 ============
[模型部分] 总时间: 1.916507s | 显存: 4.12 GB

[0-9秒 PDE求解详细性能]

[19秒 PDE求解]
  t=19s - 时间: 1.897265s | 显存: 0.00 B

[PDE求解部分] 总时间: 1.897265s | 显存: 0.00 B

[本步骤总计] 时间: 3.813771s | 显存: 4.12 GB
orginal_loss:  tensor(8332.2842, device='cuda:0', grad_fn=<MseLossBackward0>)
[Step 35] Backward Propagation - Time: 3.9318s, Mem: -4413112320.00 B
[Step 35] PGD Update - Time: 0.0017s, Mem: 0.00 B

[Step 35] 完整步骤总时间: 5.852557s | 总显存: 0.00 B
[Step 35] 峰值显存: 6.23 GB

[Step 36] ============ 详细性能分析 ============
[模型部分] 总时间: 1.950796s | 显存: 4.11 GB

[0-9秒 PDE求解详细性能]

[19秒 PDE求解]
  t=19s - 时间: 1.931578s | 显存: 0.00 B

[PDE求解部分] 总时间: 1.931578s | 显存: 0.00 B

[本步骤总计] 时间: 3.882374s | 显存: 4.11 GB
orginal_loss:  tensor(8314.5459, device='cuda:0', grad_fn=<MseLossBackward0>)
[Step 36] Backward Propagation - Time: 3.9479s, Mem: -4413112320.00 B
[Step 36] PGD Update - Time: 0.0018s, Mem: 0.00 B

[Step 36] 完整步骤总时间: 5.903564s | 总显存: 0.00 B
[Step 36] 峰值显存: 6.23 GB

[Step 37] ============ 详细性能分析 ============
[模型部分] 总时间: 1.912408s | 显存: 4.12 GB

[0-9秒 PDE求解详细性能]

[19秒 PDE求解]
  t=19s - 时间: 1.893123s | 显存: 0.00 B

[PDE求解部分] 总时间: 1.893123s | 显存: 0.00 B

[本步骤总计] 时间: 3.805531s | 显存: 4.12 GB
orginal_loss:  tensor(8304.6035, device='cuda:0', grad_fn=<MseLossBackward0>)
[Step 37] Backward Propagation - Time: 3.9954s, Mem: -4413112320.00 B
[Step 37] PGD Update - Time: 0.0017s, Mem: 0.00 B

[Step 37] 完整步骤总时间: 5.912233s | 总显存: 0.00 B
[Step 37] 峰值显存: 6.23 GB

[Step 38] ============ 详细性能分析 ============
[模型部分] 总时间: 1.892975s | 显存: 4.11 GB

[0-9秒 PDE求解详细性能]

[19秒 PDE求解]
  t=19s - 时间: 1.873731s | 显存: 0.00 B

[PDE求解部分] 总时间: 1.873731s | 显存: 0.00 B

[本步骤总计] 时间: 3.766706s | 显存: 4.11 GB
orginal_loss:  tensor(8294.1934, device='cuda:0', grad_fn=<MseLossBackward0>)
[Step 38] Backward Propagation - Time: 4.0418s, Mem: -4413112320.00 B
[Step 38] PGD Update - Time: 0.0017s, Mem: 0.00 B

[Step 38] 完整步骤总时间: 5.939003s | 总显存: 0.00 B
[Step 38] 峰值显存: 6.23 GB

[Step 39] ============ 详细性能分析 ============
[模型部分] 总时间: 1.899233s | 显存: 4.12 GB

[0-9秒 PDE求解详细性能]

[19秒 PDE求解]
  t=19s - 时间: 1.880005s | 显存: 0.00 B

[PDE求解部分] 总时间: 1.880005s | 显存: 0.00 B

[本步骤总计] 时间: 3.779238s | 显存: 4.12 GB
orginal_loss:  tensor(8285.2910, device='cuda:0', grad_fn=<MseLossBackward0>)
[Step 39] Backward Propagation - Time: 3.9511s, Mem: -4413112320.00 B
[Step 39] PGD Update - Time: 0.0017s, Mem: 0.00 B

[Step 39] 完整步骤总时间: 5.854508s | 总显存: 0.00 B
[Step 39] 峰值显存: 6.23 GB

[Step 40] ============ 详细性能分析 ============
[模型部分] 总时间: 1.884317s | 显存: 4.11 GB

[0-9秒 PDE求解详细性能]

[19秒 PDE求解]
  t=19s - 时间: 1.865035s | 显存: 0.00 B

[PDE求解部分] 总时间: 1.865035s | 显存: 0.00 B

[本步骤总计] 时间: 3.749351s | 显存: 4.11 GB
orginal_loss:  tensor(8282.3193, device='cuda:0', grad_fn=<MseLossBackward0>)
[Step 40] Backward Propagation - Time: 4.0477s, Mem: -4413112320.00 B
[Step 40] PGD Update - Time: 0.0017s, Mem: 0.00 B

[Step 40] 完整步骤总时间: 5.936408s | 总显存: 0.00 B
[Step 40] 峰值显存: 6.23 GB

[Step 41] ============ 详细性能分析 ============
[模型部分] 总时间: 1.890459s | 显存: 4.12 GB

[0-9秒 PDE求解详细性能]

[19秒 PDE求解]
  t=19s - 时间: 1.871211s | 显存: 0.00 B

[PDE求解部分] 总时间: 1.871211s | 显存: 0.00 B

[本步骤总计] 时间: 3.761670s | 显存: 4.12 GB
orginal_loss:  tensor(8278.9268, device='cuda:0', grad_fn=<MseLossBackward0>)
[Step 41] Backward Propagation - Time: 3.9952s, Mem: -4413112320.00 B
[Step 41] PGD Update - Time: 0.0017s, Mem: 0.00 B

[Step 41] 完整步骤总时间: 5.889881s | 总显存: 0.00 B
[Step 41] 峰值显存: 6.23 GB

[Step 42] ============ 详细性能分析 ============
[模型部分] 总时间: 1.935891s | 显存: 4.11 GB

[0-9秒 PDE求解详细性能]

[19秒 PDE求解]
  t=19s - 时间: 1.916568s | 显存: 0.00 B

[PDE求解部分] 总时间: 1.916568s | 显存: 0.00 B

[本步骤总计] 时间: 3.852459s | 显存: 4.11 GB
orginal_loss:  tensor(8282.3320, device='cuda:0', grad_fn=<MseLossBackward0>)
[Step 42] Backward Propagation - Time: 3.9575s, Mem: -4413112320.00 B
[Step 42] PGD Update - Time: 0.0017s, Mem: 0.00 B

[Step 42] 完整步骤总时间: 5.897408s | 总显存: 0.00 B
[Step 42] 峰值显存: 6.23 GB

[Step 43] ============ 详细性能分析 ============
[模型部分] 总时间: 1.914828s | 显存: 4.12 GB

[0-9秒 PDE求解详细性能]

[19秒 PDE求解]
  t=19s - 时间: 1.895555s | 显存: 0.00 B

[PDE求解部分] 总时间: 1.895555s | 显存: 0.00 B

[本步骤总计] 时间: 3.810382s | 显存: 4.12 GB
orginal_loss:  tensor(8287.0088, device='cuda:0', grad_fn=<MseLossBackward0>)
[Step 43] Backward Propagation - Time: 3.9872s, Mem: -4413112320.00 B
[Step 43] PGD Update - Time: 0.0017s, Mem: 0.00 B

[Step 43] 完整步骤总时间: 5.906334s | 总显存: 0.00 B
[Step 43] 峰值显存: 6.23 GB

[Step 44] ============ 详细性能分析 ============
[模型部分] 总时间: 1.940643s | 显存: 4.11 GB

[0-9秒 PDE求解详细性能]

[19秒 PDE求解]
  t=19s - 时间: 1.921172s | 显存: 0.00 B

[PDE求解部分] 总时间: 1.921172s | 显存: 0.00 B

[本步骤总计] 时间: 3.861815s | 显存: 4.11 GB
orginal_loss:  tensor(8291.3047, device='cuda:0', grad_fn=<MseLossBackward0>)
[Step 44] Backward Propagation - Time: 4.0546s, Mem: -4413112320.00 B
[Step 44] PGD Update - Time: 0.0018s, Mem: 0.00 B

[Step 44] 完整步骤总时间: 5.999668s | 总显存: 0.00 B
[Step 44] 峰值显存: 6.23 GB

[Step 45] ============ 详细性能分析 ============
[模型部分] 总时间: 1.937380s | 显存: 4.12 GB

[0-9秒 PDE求解详细性能]

[19秒 PDE求解]
  t=19s - 时间: 1.894806s | 显存: 0.00 B

[PDE求解部分] 总时间: 1.894806s | 显存: 0.00 B

[本步骤总计] 时间: 3.832186s | 显存: 4.12 GB
orginal_loss:  tensor(8304.4033, device='cuda:0', grad_fn=<MseLossBackward0>)
[Step 45] Backward Propagation - Time: 3.9714s, Mem: -4413112320.00 B
[Step 45] PGD Update - Time: 0.0015s, Mem: 0.00 B

[Step 45] 完整步骤总时间: 5.912529s | 总显存: 0.00 B
[Step 45] 峰值显存: 6.23 GB

[Step 46] ============ 详细性能分析 ============
[模型部分] 总时间: 1.900718s | 显存: 4.11 GB

[0-9秒 PDE求解详细性能]

[19秒 PDE求解]
  t=19s - 时间: 1.881419s | 显存: 0.00 B

[PDE求解部分] 总时间: 1.881419s | 显存: 0.00 B

[本步骤总计] 时间: 3.782137s | 显存: 4.11 GB
orginal_loss:  tensor(8316.2764, device='cuda:0', grad_fn=<MseLossBackward0>)
[Step 46] Backward Propagation - Time: 4.0355s, Mem: -4413112320.00 B
[Step 46] PGD Update - Time: 0.0017s, Mem: 0.00 B

[Step 46] 完整步骤总时间: 5.940374s | 总显存: 0.00 B
[Step 46] 峰值显存: 6.23 GB

[Step 47] ============ 详细性能分析 ============
[模型部分] 总时间: 1.896074s | 显存: 4.12 GB

[0-9秒 PDE求解详细性能]

[19秒 PDE求解]
  t=19s - 时间: 1.876700s | 显存: 0.00 B

[PDE求解部分] 总时间: 1.876700s | 显存: 0.00 B

[本步骤总计] 时间: 3.772773s | 显存: 4.12 GB
orginal_loss:  tensor(8329.2168, device='cuda:0', grad_fn=<MseLossBackward0>)
[Step 47] Backward Propagation - Time: 3.9851s, Mem: -4413112320.00 B
[Step 47] PGD Update - Time: 0.0017s, Mem: 0.00 B

[Step 47] 完整步骤总时间: 5.885718s | 总显存: 0.00 B
[Step 47] 峰值显存: 6.23 GB

[Step 48] ============ 详细性能分析 ============
[模型部分] 总时间: 1.914948s | 显存: 4.11 GB

[0-9秒 PDE求解详细性能]

[19秒 PDE求解]
  t=19s - 时间: 1.895702s | 显存: 0.00 B

[PDE求解部分] 总时间: 1.895702s | 显存: 0.00 B

[本步骤总计] 时间: 3.810650s | 显存: 4.11 GB
orginal_loss:  tensor(8346., device='cuda:0', grad_fn=<MseLossBackward0>)
[Step 48] Backward Propagation - Time: 4.0601s, Mem: -4413112320.00 B
[Step 48] PGD Update - Time: 0.0019s, Mem: 0.00 B

[Step 48] 完整步骤总时间: 5.979427s | 总显存: 0.00 B
[Step 48] 峰值显存: 6.23 GB

[Step 49] ============ 详细性能分析 ============
[模型部分] 总时间: 1.936762s | 显存: 4.12 GB

[0-9秒 PDE求解详细性能]

[19秒 PDE求解]
  t=19s - 时间: 1.917252s | 显存: 0.00 B

[PDE求解部分] 总时间: 1.917252s | 显存: 0.00 B

[本步骤总计] 时间: 3.854014s | 显存: 4.12 GB
orginal_loss:  tensor(8362.4160, device='cuda:0', grad_fn=<MseLossBackward0>)
[Step 49] Backward Propagation - Time: 4.0195s, Mem: -4413112320.00 B
[Step 49] PGD Update - Time: 0.0017s, Mem: 0.00 B

[Step 49] 完整步骤总时间: 5.960571s | 总显存: 0.00 B
[Step 49] 峰值显存: 6.23 GB

[Step 50] ============ 详细性能分析 ============
[模型部分] 总时间: 1.906762s | 显存: 4.11 GB

[0-9秒 PDE求解详细性能]

[19秒 PDE求解]
  t=19s - 时间: 1.887528s | 显存: 0.00 B

[PDE求解部分] 总时间: 1.887528s | 显存: 0.00 B

[本步骤总计] 时间: 3.794290s | 显存: 4.11 GB
orginal_loss:  tensor(8384.6738, device='cuda:0', grad_fn=<MseLossBackward0>)
[Step 50] Backward Propagation - Time: 4.0015s, Mem: -4413112320.00 B
[Step 50] PGD Update - Time: 0.0017s, Mem: 0.00 B

[Step 50] 完整步骤总时间: 5.912430s | 总显存: 0.00 B
[Step 50] 峰值显存: 6.23 GB

[Step 51] ============ 详细性能分析 ============
[模型部分] 总时间: 1.907588s | 显存: 4.12 GB

[0-9秒 PDE求解详细性能]

[19秒 PDE求解]
  t=19s - 时间: 1.888257s | 显存: 0.00 B

[PDE求解部分] 总时间: 1.888257s | 显存: 0.00 B

[本步骤总计] 时间: 3.795845s | 显存: 4.12 GB
orginal_loss:  tensor(8403.0664, device='cuda:0', grad_fn=<MseLossBackward0>)
[Step 51] Backward Propagation - Time: 4.0030s, Mem: -4413112320.00 B
[Step 51] PGD Update - Time: 0.0017s, Mem: 0.00 B

[Step 51] 完整步骤总时间: 5.915394s | 总显存: 0.00 B
[Step 51] 峰值显存: 6.23 GB

[Step 52] ============ 详细性能分析 ============
[模型部分] 总时间: 1.908816s | 显存: 4.11 GB

[0-9秒 PDE求解详细性能]

[19秒 PDE求解]
  t=19s - 时间: 1.889566s | 显存: 0.00 B

[PDE求解部分] 总时间: 1.889566s | 显存: 0.00 B

[本步骤总计] 时间: 3.798382s | 显存: 4.11 GB
orginal_loss:  tensor(8424.9834, device='cuda:0', grad_fn=<MseLossBackward0>)
[Step 52] Backward Propagation - Time: 3.9613s, Mem: -4413112320.00 B
[Step 52] PGD Update - Time: 0.0017s, Mem: 0.00 B

[Step 52] 完整步骤总时间: 5.874359s | 总显存: 0.00 B
[Step 52] 峰值显存: 6.23 GB

[Step 53] ============ 详细性能分析 ============
[模型部分] 总时间: 1.898847s | 显存: 4.12 GB

[0-9秒 PDE求解详细性能]

[19秒 PDE求解]
  t=19s - 时间: 1.879649s | 显存: 0.00 B

[PDE求解部分] 总时间: 1.879649s | 显存: 0.00 B

[本步骤总计] 时间: 3.778496s | 显存: 4.12 GB
orginal_loss:  tensor(8449.6797, device='cuda:0', grad_fn=<MseLossBackward0>)
[Step 53] Backward Propagation - Time: 4.0137s, Mem: -4413112320.00 B
[Step 53] PGD Update - Time: 0.0017s, Mem: 0.00 B

[Step 53] 完整步骤总时间: 5.916692s | 总显存: 0.00 B
[Step 53] 峰值显存: 6.23 GB

[Step 54] ============ 详细性能分析 ============
[模型部分] 总时间: 1.910146s | 显存: 4.11 GB

[0-9秒 PDE求解详细性能]

[19秒 PDE求解]
  t=19s - 时间: 1.890853s | 显存: 0.00 B

[PDE求解部分] 总时间: 1.890853s | 显存: 0.00 B

[本步骤总计] 时间: 3.800998s | 显存: 4.11 GB
orginal_loss:  tensor(8472.9248, device='cuda:0', grad_fn=<MseLossBackward0>)
[Step 54] Backward Propagation - Time: 3.9800s, Mem: -4413112320.00 B
[Step 54] PGD Update - Time: 0.0017s, Mem: 0.00 B

[Step 54] 完整步骤总时间: 5.894380s | 总显存: 0.00 B
[Step 54] 峰值显存: 6.23 GB

[Step 55] ============ 详细性能分析 ============
[模型部分] 总时间: 1.904103s | 显存: 4.12 GB

[0-9秒 PDE求解详细性能]

[19秒 PDE求解]
  t=19s - 时间: 1.884890s | 显存: 0.00 B

[PDE求解部分] 总时间: 1.884890s | 显存: 0.00 B

[本步骤总计] 时间: 3.788994s | 显存: 4.12 GB
orginal_loss:  tensor(8497.2842, device='cuda:0', grad_fn=<MseLossBackward0>)
[Step 55] Backward Propagation - Time: 3.9705s, Mem: -4413112320.00 B
[Step 55] PGD Update - Time: 0.0017s, Mem: 0.00 B

[Step 55] 完整步骤总时间: 5.878565s | 总显存: 0.00 B
[Step 55] 峰值显存: 6.23 GB

[Step 56] ============ 详细性能分析 ============
[模型部分] 总时间: 1.938011s | 显存: 4.11 GB

[0-9秒 PDE求解详细性能]

[19秒 PDE求解]
  t=19s - 时间: 1.918776s | 显存: 0.00 B

[PDE求解部分] 总时间: 1.918776s | 显存: 0.00 B

[本步骤总计] 时间: 3.856787s | 显存: 4.11 GB
orginal_loss:  tensor(8523.4307, device='cuda:0', grad_fn=<MseLossBackward0>)
[Step 56] Backward Propagation - Time: 4.0373s, Mem: -4413112320.00 B
[Step 56] PGD Update - Time: 0.0018s, Mem: 0.00 B

[Step 56] 完整步骤总时间: 5.980009s | 总显存: 0.00 B
[Step 56] 峰值显存: 6.23 GB

[Step 57] ============ 详细性能分析 ============
[模型部分] 总时间: 1.935638s | 显存: 4.12 GB

[0-9秒 PDE求解详细性能]

[19秒 PDE求解]
  t=19s - 时间: 1.916069s | 显存: 0.00 B

[PDE求解部分] 总时间: 1.916069s | 显存: 0.00 B

[本步骤总计] 时间: 3.851706s | 显存: 4.12 GB
orginal_loss:  tensor(8548.2559, device='cuda:0', grad_fn=<MseLossBackward0>)
[Step 57] Backward Propagation - Time: 3.9842s, Mem: -4413112320.00 B
[Step 57] PGD Update - Time: 0.0018s, Mem: 0.00 B

[Step 57] 完整步骤总时间: 5.924361s | 总显存: 0.00 B
[Step 57] 峰值显存: 6.23 GB

[Step 58] ============ 详细性能分析 ============
[模型部分] 总时间: 1.906677s | 显存: 4.11 GB

[0-9秒 PDE求解详细性能]

[19秒 PDE求解]
  t=19s - 时间: 1.887365s | 显存: 0.00 B

[PDE求解部分] 总时间: 1.887365s | 显存: 0.00 B

[本步骤总计] 时间: 3.794042s | 显存: 4.11 GB
orginal_loss:  tensor(8574.0820, device='cuda:0', grad_fn=<MseLossBackward0>)
[Step 58] Backward Propagation - Time: 4.0156s, Mem: -4413112320.00 B
[Step 58] PGD Update - Time: 0.0017s, Mem: 0.00 B

[Step 58] 完整步骤总时间: 5.926595s | 总显存: 0.00 B
[Step 58] 峰值显存: 6.23 GB

[Step 59] ============ 详细性能分析 ============
[模型部分] 总时间: 1.917523s | 显存: 4.12 GB

[0-9秒 PDE求解详细性能]

[19秒 PDE求解]
  t=19s - 时间: 1.898238s | 显存: 0.00 B

[PDE求解部分] 总时间: 1.898238s | 显存: 0.00 B

[本步骤总计] 时间: 3.815761s | 显存: 4.12 GB
orginal_loss:  tensor(8598.7314, device='cuda:0', grad_fn=<MseLossBackward0>)
[Step 59] Backward Propagation - Time: 3.9565s, Mem: -4413112320.00 B
[Step 59] PGD Update - Time: 0.0018s, Mem: 0.00 B

[Step 59] 完整步骤总时间: 5.878982s | 总显存: 0.00 B
[Step 59] 峰值显存: 6.23 GB

[Step 60] ============ 详细性能分析 ============
[模型部分] 总时间: 1.903419s | 显存: 4.11 GB

[0-9秒 PDE求解详细性能]

[19秒 PDE求解]
  t=19s - 时间: 1.884186s | 显存: 0.00 B

[PDE求解部分] 总时间: 1.884186s | 显存: 0.00 B

[本步骤总计] 时间: 3.787605s | 显存: 4.11 GB
orginal_loss:  tensor(8626.8896, device='cuda:0', grad_fn=<MseLossBackward0>)
[Step 60] Backward Propagation - Time: 3.9951s, Mem: -4413112320.00 B
[Step 60] PGD Update - Time: 0.0017s, Mem: 0.00 B

[Step 60] 完整步骤总时间: 5.902678s | 总显存: 0.00 B
[Step 60] 峰值显存: 6.23 GB

[Step 61] ============ 详细性能分析 ============
[模型部分] 总时间: 1.925453s | 显存: 4.12 GB

[0-9秒 PDE求解详细性能]

[19秒 PDE求解]
  t=19s - 时间: 1.906225s | 显存: 0.00 B

[PDE求解部分] 总时间: 1.906225s | 显存: 0.00 B

[本步骤总计] 时间: 3.831678s | 显存: 4.12 GB
orginal_loss:  tensor(8657.8027, device='cuda:0', grad_fn=<MseLossBackward0>)
[Step 61] Backward Propagation - Time: 3.9942s, Mem: -4413112320.00 B
[Step 61] PGD Update - Time: 0.0017s, Mem: 0.00 B

[Step 61] 完整步骤总时间: 5.923828s | 总显存: 0.00 B
[Step 61] 峰值显存: 6.23 GB

[Step 62] ============ 详细性能分析 ============
[模型部分] 总时间: 1.907075s | 显存: 4.11 GB

[0-9秒 PDE求解详细性能]

[19秒 PDE求解]
  t=19s - 时间: 1.887849s | 显存: 0.00 B

[PDE求解部分] 总时间: 1.887849s | 显存: 0.00 B

[本步骤总计] 时间: 3.794924s | 显存: 4.11 GB
orginal_loss:  tensor(8687.7656, device='cuda:0', grad_fn=<MseLossBackward0>)
[Step 62] Backward Propagation - Time: 3.9676s, Mem: -4413112320.00 B
[Step 62] PGD Update - Time: 0.0018s, Mem: 0.00 B

[Step 62] 完整步骤总时间: 5.878828s | 总显存: 0.00 B
[Step 62] 峰值显存: 6.23 GB

[Step 63] ============ 详细性能分析 ============
[模型部分] 总时间: 1.923639s | 显存: 4.12 GB

[0-9秒 PDE求解详细性能]

[19秒 PDE求解]
  t=19s - 时间: 1.904371s | 显存: 0.00 B

[PDE求解部分] 总时间: 1.904371s | 显存: 0.00 B

[本步骤总计] 时间: 3.828010s | 显存: 4.12 GB
orginal_loss:  tensor(8722.0596, device='cuda:0', grad_fn=<MseLossBackward0>)
[Step 63] Backward Propagation - Time: 4.0462s, Mem: -4413112320.00 B
[Step 63] PGD Update - Time: 0.0017s, Mem: 0.00 B

[Step 63] 完整步骤总时间: 5.974070s | 总显存: 0.00 B
[Step 63] 峰值显存: 6.23 GB

[Step 64] ============ 详细性能分析 ============
[模型部分] 总时间: 1.921287s | 显存: 4.11 GB

[0-9秒 PDE求解详细性能]

[19秒 PDE求解]
  t=19s - 时间: 1.902054s | 显存: 0.00 B

[PDE求解部分] 总时间: 1.902054s | 显存: 0.00 B

[本步骤总计] 时间: 3.823340s | 显存: 4.11 GB
orginal_loss:  tensor(8758.3506, device='cuda:0', grad_fn=<MseLossBackward0>)
[Step 64] Backward Propagation - Time: 3.9672s, Mem: -4413112320.00 B
[Step 64] PGD Update - Time: 0.0017s, Mem: 0.00 B

[Step 64] 完整步骤总时间: 5.892676s | 总显存: 0.00 B
[Step 64] 峰值显存: 6.23 GB

[Step 65] ============ 详细性能分析 ============
[模型部分] 总时间: 1.909306s | 显存: 4.12 GB

[0-9秒 PDE求解详细性能]

[19秒 PDE求解]
  t=19s - 时间: 1.890022s | 显存: 0.00 B

[PDE求解部分] 总时间: 1.890022s | 显存: 0.00 B

[本步骤总计] 时间: 3.799328s | 显存: 4.12 GB
orginal_loss:  tensor(8796.0264, device='cuda:0', grad_fn=<MseLossBackward0>)
[Step 65] Backward Propagation - Time: 6.4686s, Mem: -4413112320.00 B
[Step 65] PGD Update - Time: 0.0018s, Mem: 0.00 B

[Step 65] 完整步骤总时间: 8.382759s | 总显存: 0.00 B
[Step 65] 峰值显存: 6.23 GB

[Step 66] ============ 详细性能分析 ============
[模型部分] 总时间: 1.915970s | 显存: 4.11 GB

[0-9秒 PDE求解详细性能]

[19秒 PDE求解]
  t=19s - 时间: 1.896682s | 显存: 0.00 B

[PDE求解部分] 总时间: 1.896682s | 显存: 0.00 B

[本步骤总计] 时间: 3.812651s | 显存: 4.11 GB
orginal_loss:  tensor(8838.5156, device='cuda:0', grad_fn=<MseLossBackward0>)
[Step 66] Backward Propagation - Time: 3.9954s, Mem: -4413112320.00 B
[Step 66] PGD Update - Time: 0.0018s, Mem: 0.00 B

[Step 66] 完整步骤总时间: 5.915847s | 总显存: 0.00 B
[Step 66] 峰值显存: 6.23 GB

[Step 67] ============ 详细性能分析 ============
[模型部分] 总时间: 1.912177s | 显存: 4.12 GB

[0-9秒 PDE求解详细性能]

[19秒 PDE求解]
  t=19s - 时间: 1.892688s | 显存: 0.00 B

[PDE求解部分] 总时间: 1.892688s | 显存: 0.00 B

[本步骤总计] 时间: 3.804865s | 显存: 4.12 GB
orginal_loss:  tensor(8884.4043, device='cuda:0', grad_fn=<MseLossBackward0>)
[Step 67] Backward Propagation - Time: 4.0042s, Mem: -4413112320.00 B
[Step 67] PGD Update - Time: 0.0017s, Mem: 0.00 B

[Step 67] 完整步骤总时间: 5.920715s | 总显存: 0.00 B
[Step 67] 峰值显存: 6.23 GB

[Step 68] ============ 详细性能分析 ============
[模型部分] 总时间: 1.901523s | 显存: 4.11 GB

[0-9秒 PDE求解详细性能]

[19秒 PDE求解]
  t=19s - 时间: 1.882278s | 显存: 0.00 B

[PDE求解部分] 总时间: 1.882278s | 显存: 0.00 B

[本步骤总计] 时间: 3.783800s | 显存: 4.11 GB
orginal_loss:  tensor(8931.6367, device='cuda:0', grad_fn=<MseLossBackward0>)
[Step 68] Backward Propagation - Time: 3.9640s, Mem: -4413112320.00 B
[Step 68] PGD Update - Time: 0.0017s, Mem: 0.00 B

[Step 68] 完整步骤总时间: 5.869700s | 总显存: 0.00 B
[Step 68] 峰值显存: 6.23 GB

[Step 69] ============ 详细性能分析 ============
[模型部分] 总时间: 1.894675s | 显存: 4.12 GB

[0-9秒 PDE求解详细性能]

[19秒 PDE求解]
  t=19s - 时间: 1.875425s | 显存: 0.00 B

[PDE求解部分] 总时间: 1.875425s | 显存: 0.00 B

[本步骤总计] 时间: 3.770100s | 显存: 4.12 GB
orginal_loss:  tensor(8982.1445, device='cuda:0', grad_fn=<MseLossBackward0>)
[Step 69] Backward Propagation - Time: 3.9772s, Mem: -4413112320.00 B
[Step 69] PGD Update - Time: 0.0017s, Mem: 0.00 B

[Step 69] 完整步骤总时间: 5.876741s | 总显存: 0.00 B
[Step 69] 峰值显存: 6.23 GB

[Step 70] ============ 详细性能分析 ============
[模型部分] 总时间: 1.903958s | 显存: 4.11 GB

[0-9秒 PDE求解详细性能]

[19秒 PDE求解]
  t=19s - 时间: 1.884706s | 显存: 0.00 B

[PDE求解部分] 总时间: 1.884706s | 显存: 0.00 B

[本步骤总计] 时间: 3.788664s | 显存: 4.11 GB
orginal_loss:  tensor(9035.9336, device='cuda:0', grad_fn=<MseLossBackward0>)
[Step 70] Backward Propagation - Time: 3.9093s, Mem: -4413112320.00 B
[Step 70] PGD Update - Time: 0.0017s, Mem: 0.00 B

[Step 70] 完整步骤总时间: 5.817634s | 总显存: 0.00 B
[Step 70] 峰值显存: 6.23 GB

[Step 71] ============ 详细性能分析 ============
[模型部分] 总时间: 1.909518s | 显存: 4.12 GB

[0-9秒 PDE求解详细性能]

[19秒 PDE求解]
  t=19s - 时间: 1.890148s | 显存: 0.00 B

[PDE求解部分] 总时间: 1.890148s | 显存: 0.00 B

[本步骤总计] 时间: 3.799666s | 显存: 4.12 GB
orginal_loss:  tensor(9090.2275, device='cuda:0', grad_fn=<MseLossBackward0>)
[Step 71] Backward Propagation - Time: 3.9863s, Mem: -4413112320.00 B
[Step 71] PGD Update - Time: 0.0017s, Mem: 0.00 B

[Step 71] 完整步骤总时间: 5.900049s | 总显存: 0.00 B
[Step 71] 峰值显存: 6.23 GB

[Step 72] ============ 详细性能分析 ============
[模型部分] 总时间: 1.901425s | 显存: 4.11 GB

[0-9秒 PDE求解详细性能]

[19秒 PDE求解]
  t=19s - 时间: 1.882175s | 显存: 0.00 B

[PDE求解部分] 总时间: 1.882175s | 显存: 0.00 B

[本步骤总计] 时间: 3.783600s | 显存: 4.11 GB
orginal_loss:  tensor(9142.2930, device='cuda:0', grad_fn=<MseLossBackward0>)
[Step 72] Backward Propagation - Time: 3.9725s, Mem: -4413112320.00 B
[Step 72] PGD Update - Time: 0.0011s, Mem: 0.00 B

[Step 72] 完整步骤总时间: 5.877355s | 总显存: 0.00 B
[Step 72] 峰值显存: 6.23 GB

[Step 73] ============ 详细性能分析 ============
[模型部分] 总时间: 1.892158s | 显存: 4.12 GB

[0-9秒 PDE求解详细性能]

[19秒 PDE求解]
  t=19s - 时间: 1.872911s | 显存: 0.00 B

[PDE求解部分] 总时间: 1.872911s | 显存: 0.00 B

[本步骤总计] 时间: 3.765069s | 显存: 4.12 GB
orginal_loss:  tensor(9194.5879, device='cuda:0', grad_fn=<MseLossBackward0>)
[Step 73] Backward Propagation - Time: 3.9786s, Mem: -4413112320.00 B
[Step 73] PGD Update - Time: 0.0017s, Mem: 0.00 B

[Step 73] 完整步骤总时间: 5.874969s | 总显存: 0.00 B
[Step 73] 峰值显存: 6.23 GB

[Step 74] ============ 详细性能分析 ============
[模型部分] 总时间: 1.901071s | 显存: 4.11 GB

[0-9秒 PDE求解详细性能]

[19秒 PDE求解]
  t=19s - 时间: 1.881819s | 显存: 0.00 B

[PDE求解部分] 总时间: 1.881819s | 显存: 0.00 B

[本步骤总计] 时间: 3.782891s | 显存: 4.11 GB
orginal_loss:  tensor(9242.0488, device='cuda:0', grad_fn=<MseLossBackward0>)
[Step 74] Backward Propagation - Time: 3.9658s, Mem: -4413112320.00 B
[Step 74] PGD Update - Time: 0.0017s, Mem: 0.00 B

[Step 74] 完整步骤总时间: 5.871087s | 总显存: 0.00 B
[Step 74] 峰值显存: 6.23 GB

[Step 75] ============ 详细性能分析 ============
[模型部分] 总时间: 1.900359s | 显存: 4.12 GB

[0-9秒 PDE求解详细性能]

[19秒 PDE求解]
  t=19s - 时间: 1.881094s | 显存: 0.00 B

[PDE求解部分] 总时间: 1.881094s | 显存: 0.00 B

[本步骤总计] 时间: 3.781453s | 显存: 4.12 GB
orginal_loss:  tensor(9289.2764, device='cuda:0', grad_fn=<MseLossBackward0>)
[Step 75] Backward Propagation - Time: 3.9616s, Mem: -4413112320.00 B
[Step 75] PGD Update - Time: 0.0018s, Mem: 0.00 B

[Step 75] 完整步骤总时间: 5.866476s | 总显存: 0.00 B
[Step 75] 峰值显存: 6.23 GB

[Step 76] ============ 详细性能分析 ============
[模型部分] 总时间: 1.914654s | 显存: 4.11 GB

[0-9秒 PDE求解详细性能]

[19秒 PDE求解]
  t=19s - 时间: 1.895342s | 显存: 0.00 B

[PDE求解部分] 总时间: 1.895342s | 显存: 0.00 B

[本步骤总计] 时间: 3.809996s | 显存: 4.11 GB
orginal_loss:  tensor(9327.1982, device='cuda:0', grad_fn=<MseLossBackward0>)
[Step 76] Backward Propagation - Time: 3.9137s, Mem: -4413112320.00 B
[Step 76] PGD Update - Time: 0.0018s, Mem: 0.00 B

[Step 76] 完整步骤总时间: 5.832856s | 总显存: 0.00 B
[Step 76] 峰值显存: 6.23 GB

[Step 77] ============ 详细性能分析 ============
[模型部分] 总时间: 1.898922s | 显存: 4.12 GB

[0-9秒 PDE求解详细性能]

[19秒 PDE求解]
  t=19s - 时间: 1.879474s | 显存: 0.00 B

[PDE求解部分] 总时间: 1.879474s | 显存: 0.00 B

[本步骤总计] 时间: 3.778396s | 显存: 4.12 GB
orginal_loss:  tensor(9360.6611, device='cuda:0', grad_fn=<MseLossBackward0>)
[Step 77] Backward Propagation - Time: 3.9388s, Mem: -4413112320.00 B
[Step 77] PGD Update - Time: 0.0017s, Mem: 0.00 B

[Step 77] 完整步骤总时间: 5.842006s | 总显存: 0.00 B
[Step 77] 峰值显存: 6.23 GB

[Step 78] ============ 详细性能分析 ============
[模型部分] 总时间: 1.900686s | 显存: 4.11 GB

[0-9秒 PDE求解详细性能]

[19秒 PDE求解]
  t=19s - 时间: 1.881405s | 显存: 0.00 B

[PDE求解部分] 总时间: 1.881405s | 显存: 0.00 B

[本步骤总计] 时间: 3.782091s | 显存: 4.11 GB
orginal_loss:  tensor(9384.1152, device='cuda:0', grad_fn=<MseLossBackward0>)
[Step 78] Backward Propagation - Time: 3.9966s, Mem: -4413112320.00 B
[Step 78] PGD Update - Time: 0.0017s, Mem: 0.00 B

[Step 78] 完整步骤总时间: 5.901623s | 总显存: 0.00 B
[Step 78] 峰值显存: 6.23 GB

[Step 79] ============ 详细性能分析 ============
[模型部分] 总时间: 1.913755s | 显存: 4.12 GB

[0-9秒 PDE求解详细性能]

[19秒 PDE求解]
  t=19s - 时间: 1.894496s | 显存: 0.00 B

[PDE求解部分] 总时间: 1.894496s | 显存: 0.00 B

[本步骤总计] 时间: 3.808251s | 显存: 4.12 GB
orginal_loss:  tensor(9399.2891, device='cuda:0', grad_fn=<MseLossBackward0>)
[Step 79] Backward Propagation - Time: 4.0198s, Mem: -4413112320.00 B
[Step 79] PGD Update - Time: 0.0017s, Mem: 0.00 B

[Step 79] 完整步骤总时间: 5.938406s | 总显存: 0.00 B
[Step 79] 峰值显存: 6.23 GB

[Step 80] ============ 详细性能分析 ============
[模型部分] 总时间: 1.905506s | 显存: 4.11 GB

[0-9秒 PDE求解详细性能]

[19秒 PDE求解]
  t=19s - 时间: 1.886193s | 显存: 0.00 B

[PDE求解部分] 总时间: 1.886193s | 显存: 0.00 B

[本步骤总计] 时间: 3.791700s | 显存: 4.11 GB
orginal_loss:  tensor(9403.9043, device='cuda:0', grad_fn=<MseLossBackward0>)
[Step 80] Backward Propagation - Time: 4.0086s, Mem: -4413112320.00 B
[Step 80] PGD Update - Time: 0.0017s, Mem: 0.00 B

[Step 80] 完整步骤总时间: 5.918436s | 总显存: 0.00 B
[Step 80] 峰值显存: 6.23 GB

[Step 81] ============ 详细性能分析 ============
[模型部分] 总时间: 1.892612s | 显存: 4.12 GB

[0-9秒 PDE求解详细性能]

[19秒 PDE求解]
  t=19s - 时间: 1.873355s | 显存: 0.00 B

[PDE求解部分] 总时间: 1.873355s | 显存: 0.00 B

[本步骤总计] 时间: 3.765967s | 显存: 4.12 GB
orginal_loss:  tensor(9396.6836, device='cuda:0', grad_fn=<MseLossBackward0>)
[Step 81] Backward Propagation - Time: 3.9793s, Mem: -4413112320.00 B
[Step 81] PGD Update - Time: 0.0017s, Mem: 0.00 B

[Step 81] 完整步骤总时间: 5.876067s | 总显存: 0.00 B
[Step 81] 峰值显存: 6.23 GB

[Step 82] ============ 详细性能分析 ============
[模型部分] 总时间: 1.899238s | 显存: 4.11 GB

[0-9秒 PDE求解详细性能]

[19秒 PDE求解]
  t=19s - 时间: 1.879977s | 显存: 0.00 B

[PDE求解部分] 总时间: 1.879977s | 显存: 0.00 B

[本步骤总计] 时间: 3.779215s | 显存: 4.11 GB
orginal_loss:  tensor(9375.9033, device='cuda:0', grad_fn=<MseLossBackward0>)
[Step 82] Backward Propagation - Time: 4.0032s, Mem: -4413112320.00 B
[Step 82] PGD Update - Time: 0.0017s, Mem: 0.00 B

[Step 82] 完整步骤总时间: 5.906582s | 总显存: 0.00 B
[Step 82] 峰值显存: 6.23 GB

[Step 83] ============ 详细性能分析 ============
[模型部分] 总时间: 1.944862s | 显存: 4.12 GB

[0-9秒 PDE求解详细性能]

[19秒 PDE求解]
  t=19s - 时间: 1.925613s | 显存: 0.00 B

[PDE求解部分] 总时间: 1.925613s | 显存: 0.00 B

[本步骤总计] 时间: 3.870475s | 显存: 4.12 GB
orginal_loss:  tensor(9344.8926, device='cuda:0', grad_fn=<MseLossBackward0>)
[Step 83] Backward Propagation - Time: 3.9983s, Mem: -4413112320.00 B
[Step 83] PGD Update - Time: 0.0017s, Mem: 0.00 B

[Step 83] 完整步骤总时间: 5.947333s | 总显存: 0.00 B
[Step 83] 峰值显存: 6.23 GB

[Step 84] ============ 详细性能分析 ============
[模型部分] 总时间: 1.890296s | 显存: 4.11 GB

[0-9秒 PDE求解详细性能]

[19秒 PDE求解]
  t=19s - 时间: 1.871035s | 显存: 0.00 B

[PDE求解部分] 总时间: 1.871035s | 显存: 0.00 B

[本步骤总计] 时间: 3.761331s | 显存: 4.11 GB
orginal_loss:  tensor(9297.6504, device='cuda:0', grad_fn=<MseLossBackward0>)
[Step 84] Backward Propagation - Time: 3.9590s, Mem: -4413112320.00 B
[Step 84] PGD Update - Time: 0.0017s, Mem: 0.00 B

[Step 84] 完整步骤总时间: 5.853412s | 总显存: 0.00 B
[Step 84] 峰值显存: 6.23 GB

[Step 85] ============ 详细性能分析 ============
[模型部分] 总时间: 1.884334s | 显存: 4.12 GB

[0-9秒 PDE求解详细性能]

[19秒 PDE求解]
  t=19s - 时间: 1.865047s | 显存: 0.00 B

[PDE求解部分] 总时间: 1.865047s | 显存: 0.00 B

[本步骤总计] 时间: 3.749381s | 显存: 4.12 GB
orginal_loss:  tensor(9239.5967, device='cuda:0', grad_fn=<MseLossBackward0>)
[Step 85] Backward Propagation - Time: 4.0102s, Mem: -4413112320.00 B
[Step 85] PGD Update - Time: 0.0017s, Mem: 0.00 B

[Step 85] 完整步骤总时间: 5.898956s | 总显存: 0.00 B
[Step 85] 峰值显存: 6.23 GB

[Step 86] ============ 详细性能分析 ============
[模型部分] 总时间: 1.923767s | 显存: 4.11 GB

[0-9秒 PDE求解详细性能]

[19秒 PDE求解]
  t=19s - 时间: 1.904468s | 显存: 0.00 B

[PDE求解部分] 总时间: 1.904468s | 显存: 0.00 B

[本步骤总计] 时间: 3.828235s | 显存: 4.11 GB
orginal_loss:  tensor(9168.2812, device='cuda:0', grad_fn=<MseLossBackward0>)
[Step 86] Backward Propagation - Time: 3.9549s, Mem: -4413112320.00 B
[Step 86] PGD Update - Time: 0.0017s, Mem: 0.00 B

[Step 86] 完整步骤总时间: 5.882853s | 总显存: 0.00 B
[Step 86] 峰值显存: 6.23 GB

[Step 87] ============ 详细性能分析 ============
[模型部分] 总时间: 1.897898s | 显存: 4.12 GB

[0-9秒 PDE求解详细性能]

[19秒 PDE求解]
  t=19s - 时间: 1.878504s | 显存: 0.00 B

[PDE求解部分] 总时间: 1.878504s | 显存: 0.00 B

[本步骤总计] 时间: 3.776402s | 显存: 4.12 GB
orginal_loss:  tensor(9083.6572, device='cuda:0', grad_fn=<MseLossBackward0>)
[Step 87] Backward Propagation - Time: 3.9202s, Mem: -4413112320.00 B
[Step 87] PGD Update - Time: 0.0019s, Mem: 0.00 B

[Step 87] 完整步骤总时间: 5.822609s | 总显存: 0.00 B
[Step 87] 峰值显存: 6.23 GB

[Step 88] ============ 详细性能分析 ============
[模型部分] 总时间: 1.887805s | 显存: 4.11 GB

[0-9秒 PDE求解详细性能]

[19秒 PDE求解]
  t=19s - 时间: 1.868423s | 显存: 0.00 B

[PDE求解部分] 总时间: 1.868423s | 显存: 0.00 B

[本步骤总计] 时间: 3.756228s | 显存: 4.11 GB
orginal_loss:  tensor(8988.7744, device='cuda:0', grad_fn=<MseLossBackward0>)
[Step 88] Backward Propagation - Time: 3.9485s, Mem: -4413112320.00 B
[Step 88] PGD Update - Time: 0.0017s, Mem: 0.00 B

[Step 88] 完整步骤总时间: 5.840511s | 总显存: 0.00 B
[Step 88] 峰值显存: 6.23 GB

[Step 89] ============ 详细性能分析 ============
[模型部分] 总时间: 2.073810s | 显存: 4.12 GB

[0-9秒 PDE求解详细性能]

[19秒 PDE求解]
  t=19s - 时间: 2.029207s | 显存: 0.00 B

[PDE求解部分] 总时间: 2.029207s | 显存: 0.00 B

[本步骤总计] 时间: 4.103016s | 显存: 4.12 GB
orginal_loss:  tensor(8882.8418, device='cuda:0', grad_fn=<MseLossBackward0>)
[Step 89] Backward Propagation - Time: 3.9934s, Mem: -4413112320.00 B
[Step 89] PGD Update - Time: 0.0017s, Mem: 0.00 B

[Step 89] 完整步骤总时间: 6.071531s | 总显存: 0.00 B
[Step 89] 峰值显存: 6.23 GB

[Step 90] ============ 详细性能分析 ============
[模型部分] 总时间: 1.888176s | 显存: 4.11 GB

[0-9秒 PDE求解详细性能]

[19秒 PDE求解]
  t=19s - 时间: 1.868930s | 显存: 0.00 B

[PDE求解部分] 总时间: 1.868930s | 显存: 0.00 B

[本步骤总计] 时间: 3.757107s | 显存: 4.11 GB
orginal_loss:  tensor(8767.2129, device='cuda:0', grad_fn=<MseLossBackward0>)
[Step 90] Backward Propagation - Time: 3.9640s, Mem: -4413112320.00 B
[Step 90] PGD Update - Time: 0.0017s, Mem: 0.00 B

[Step 90] 完整步骤总时间: 5.856890s | 总显存: 0.00 B
[Step 90] 峰值显存: 6.23 GB

[Step 91] ============ 详细性能分析 ============
[模型部分] 总时间: 1.903124s | 显存: 4.12 GB

[0-9秒 PDE求解详细性能]

[19秒 PDE求解]
  t=19s - 时间: 1.883883s | 显存: 0.00 B

[PDE求解部分] 总时间: 1.883883s | 显存: 0.00 B

[本步骤总计] 时间: 3.787007s | 显存: 4.12 GB
orginal_loss:  tensor(8641.9111, device='cuda:0', grad_fn=<MseLossBackward0>)
[Step 91] Backward Propagation - Time: 3.9898s, Mem: -4413112320.00 B
[Step 91] PGD Update - Time: 0.0017s, Mem: 0.00 B

[Step 91] 完整步骤总时间: 5.896996s | 总显存: 0.00 B
[Step 91] 峰值显存: 6.23 GB

[Step 92] ============ 详细性能分析 ============
[模型部分] 总时间: 1.897938s | 显存: 4.11 GB

[0-9秒 PDE求解详细性能]

[19秒 PDE求解]
  t=19s - 时间: 1.878709s | 显存: 0.00 B

[PDE求解部分] 总时间: 1.878709s | 显存: 0.00 B

[本步骤总计] 时间: 3.776647s | 显存: 4.11 GB
orginal_loss:  tensor(8513.5684, device='cuda:0', grad_fn=<MseLossBackward0>)
[Step 92] Backward Propagation - Time: 3.9837s, Mem: -4413112320.00 B
[Step 92] PGD Update - Time: 0.0017s, Mem: 0.00 B

[Step 92] 完整步骤总时间: 5.885828s | 总显存: 0.00 B
[Step 92] 峰值显存: 6.23 GB

[Step 93] ============ 详细性能分析 ============
[模型部分] 总时间: 1.954592s | 显存: 4.12 GB

[0-9秒 PDE求解详细性能]

[19秒 PDE求解]
  t=19s - 时间: 1.935322s | 显存: 0.00 B

[PDE求解部分] 总时间: 1.935322s | 显存: 0.00 B

[本步骤总计] 时间: 3.889914s | 显存: 4.12 GB
orginal_loss:  tensor(8378.7061, device='cuda:0', grad_fn=<MseLossBackward0>)
[Step 93] Backward Propagation - Time: 3.8885s, Mem: -4413112320.00 B
[Step 93] PGD Update - Time: 0.0017s, Mem: 0.00 B

[Step 93] 完整步骤总时间: 5.847050s | 总显存: 0.00 B
[Step 93] 峰值显存: 6.23 GB

[Step 94] ============ 详细性能分析 ============
[模型部分] 总时间: 1.890608s | 显存: 4.11 GB

[0-9秒 PDE求解详细性能]

[19秒 PDE求解]
  t=19s - 时间: 1.871343s | 显存: 0.00 B

[PDE求解部分] 总时间: 1.871343s | 显存: 0.00 B

[本步骤总计] 时间: 3.761951s | 显存: 4.11 GB
orginal_loss:  tensor(8242.5645, device='cuda:0', grad_fn=<MseLossBackward0>)
[Step 94] Backward Propagation - Time: 3.9568s, Mem: -4413112320.00 B
[Step 94] PGD Update - Time: 0.0017s, Mem: 0.00 B

[Step 94] 完整步骤总时间: 5.851661s | 总显存: 0.00 B
[Step 94] 峰值显存: 6.23 GB

[Step 95] ============ 详细性能分析 ============
[模型部分] 总时间: 1.903092s | 显存: 4.12 GB

[0-9秒 PDE求解详细性能]

[19秒 PDE求解]
  t=19s - 时间: 1.883865s | 显存: 0.00 B

[PDE求解部分] 总时间: 1.883865s | 显存: 0.00 B

[本步骤总计] 时间: 3.786957s | 显存: 4.12 GB
orginal_loss:  tensor(8106.4795, device='cuda:0', grad_fn=<MseLossBackward0>)
[Step 95] Backward Propagation - Time: 3.8764s, Mem: -4413112320.00 B
[Step 95] PGD Update - Time: 0.0017s, Mem: 0.00 B

[Step 95] 完整步骤总时间: 5.783753s | 总显存: 0.00 B
[Step 95] 峰值显存: 6.23 GB

[Step 96] ============ 详细性能分析 ============
[模型部分] 总时间: 1.891439s | 显存: 4.11 GB

[0-9秒 PDE求解详细性能]

[19秒 PDE求解]
  t=19s - 时间: 1.872116s | 显存: 0.00 B

[PDE求解部分] 总时间: 1.872116s | 显存: 0.00 B

[本步骤总计] 时间: 3.763555s | 显存: 4.11 GB
orginal_loss:  tensor(7974.4766, device='cuda:0', grad_fn=<MseLossBackward0>)
[Step 96] Backward Propagation - Time: 3.9403s, Mem: -4413112320.00 B
[Step 96] PGD Update - Time: 0.0017s, Mem: 0.00 B

[Step 96] 完整步骤总时间: 5.836072s | 总显存: 0.00 B
[Step 96] 峰值显存: 6.23 GB

[Step 97] ============ 详细性能分析 ============
[模型部分] 总时间: 1.890886s | 显存: 4.12 GB

[0-9秒 PDE求解详细性能]

[19秒 PDE求解]
  t=19s - 时间: 1.871622s | 显存: 0.00 B

[PDE求解部分] 总时间: 1.871622s | 显存: 0.00 B

[本步骤总计] 时间: 3.762508s | 显存: 4.12 GB
orginal_loss:  tensor(7843.7656, device='cuda:0', grad_fn=<MseLossBackward0>)
[Step 97] Backward Propagation - Time: 3.9485s, Mem: -4413112320.00 B
[Step 97] PGD Update - Time: 0.0018s, Mem: 0.00 B

[Step 97] 完整步骤总时间: 5.843462s | 总显存: 0.00 B
[Step 97] 峰值显存: 6.23 GB

[Step 98] ============ 详细性能分析 ============
[模型部分] 总时间: 1.887246s | 显存: 4.11 GB

[0-9秒 PDE求解详细性能]

[19秒 PDE求解]
  t=19s - 时间: 1.867756s | 显存: 0.00 B

[PDE求解部分] 总时间: 1.867756s | 显存: 0.00 B

[本步骤总计] 时间: 3.755002s | 显存: 4.11 GB
orginal_loss:  tensor(7721.6064, device='cuda:0', grad_fn=<MseLossBackward0>)
[Step 98] Backward Propagation - Time: 3.9574s, Mem: -4413112320.00 B
[Step 98] PGD Update - Time: 0.0017s, Mem: 0.00 B

[Step 98] 完整步骤总时间: 5.848785s | 总显存: 0.00 B
[Step 98] 峰值显存: 6.23 GB

[Step 99] ============ 详细性能分析 ============
[模型部分] 总时间: 1.893032s | 显存: 4.12 GB

[0-9秒 PDE求解详细性能]

[19秒 PDE求解]
  t=19s - 时间: 1.873805s | 显存: 0.00 B

[PDE求解部分] 总时间: 1.873805s | 显存: 0.00 B

[本步骤总计] 时间: 3.766837s | 显存: 4.12 GB
orginal_loss:  tensor(7606.3896, device='cuda:0', grad_fn=<MseLossBackward0>)
[Step 99] Backward Propagation - Time: 3.9295s, Mem: -4413112320.00 B
[Step 99] PGD Update - Time: 0.0017s, Mem: 0.00 B

[Step 99] 完整步骤总时间: 5.826724s | 总显存: 0.00 B
[Step 99] 峰值显存: 6.23 GB
清理前显存占用: 2092.7470703125 MB
PGD攻击完成！显存已清理
当前显存占用: 2092.2470703125 MB
detached1to9
[1, 2, 3, 4, 5, 6, 7, 8, 9]
================================================================================
norm: 2, epsilon: 39.3216, alpha: 50.0, num_steps: 100, index: 1, method: adam, detach: detached1to9, b1: 0.9, b2: 0.999, adam_eps: 1e-08, sign_Linf: True, amsgrad: False

[Step 0] ============ 详细性能分析 ============
[模型部分] 总时间: 1.921729s | 显存: 4.11 GB

[0-9秒 PDE求解详细性能]

[19秒 PDE求解]
  t=19s - 时间: 1.894538s | 显存: 0.00 B

[PDE求解部分] 总时间: 1.894538s | 显存: 0.00 B

[本步骤总计] 时间: 3.816267s | 显存: 4.11 GB
orginal_loss:  tensor(3644.5620, device='cuda:0', grad_fn=<MseLossBackward0>)
[Step 0] Backward Propagation - Time: 3.9491s, Mem: -4411760640.00 B
[Step 0] PGD Update - Time: 0.0015s, Mem: 1.75 MB

[Step 0] 完整步骤总时间: 5.874203s | 总显存: 5.00 MB
[Step 0] 峰值显存: 6.22 GB

[Step 1] ============ 详细性能分析 ============
[模型部分] 总时间: 1.905668s | 显存: 4.11 GB

[0-9秒 PDE求解详细性能]

[19秒 PDE求解]
  t=19s - 时间: 1.886344s | 显存: 0.00 B

[PDE求解部分] 总时间: 1.886344s | 显存: 0.00 B

[本步骤总计] 时间: 3.792012s | 显存: 4.11 GB
orginal_loss:  tensor(18525.1816, device='cuda:0', grad_fn=<MseLossBackward0>)
[Step 1] Backward Propagation - Time: 3.9798s, Mem: -4409917440.00 B
[Step 1] PGD Update - Time: 0.0015s, Mem: 0.00 B

[Step 1] 完整步骤总时间: 5.889434s | 总显存: -524288.00 B
[Step 1] 峰值显存: 6.22 GB

[Step 2] ============ 详细性能分析 ============
[模型部分] 总时间: 1.900531s | 显存: 4.11 GB

[0-9秒 PDE求解详细性能]

[19秒 PDE求解]
  t=19s - 时间: 1.881245s | 显存: 0.00 B

[PDE求解部分] 总时间: 1.881245s | 显存: 0.00 B

[本步骤总计] 时间: 3.781776s | 显存: 4.11 GB
orginal_loss:  tensor(18900.6406, device='cuda:0', grad_fn=<MseLossBackward0>)
[Step 2] Backward Propagation - Time: 3.9335s, Mem: -4413112320.00 B
[Step 2] PGD Update - Time: 0.0014s, Mem: 0.00 B

[Step 2] 完整步骤总时间: 5.837624s | 总显存: 0.00 B
[Step 2] 峰值显存: 6.23 GB

[Step 3] ============ 详细性能分析 ============
[模型部分] 总时间: 1.932510s | 显存: 4.12 GB

[0-9秒 PDE求解详细性能]

[19秒 PDE求解]
  t=19s - 时间: 1.913297s | 显存: 0.00 B

[PDE求解部分] 总时间: 1.913297s | 显存: 0.00 B

[本步骤总计] 时间: 3.845807s | 显存: 4.12 GB
orginal_loss:  tensor(23464.4414, device='cuda:0', grad_fn=<MseLossBackward0>)
[Step 3] Backward Propagation - Time: 3.9983s, Mem: -4413112320.00 B
[Step 3] PGD Update - Time: 0.0016s, Mem: 0.00 B

[Step 3] 完整步骤总时间: 5.934654s | 总显存: 0.00 B
[Step 3] 峰值显存: 6.23 GB

[Step 4] ============ 详细性能分析 ============
[模型部分] 总时间: 1.893239s | 显存: 4.11 GB

[0-9秒 PDE求解详细性能]

[19秒 PDE求解]
  t=19s - 时间: 1.873976s | 显存: 0.00 B

[PDE求解部分] 总时间: 1.873976s | 显存: 0.00 B

[本步骤总计] 时间: 3.767214s | 显存: 4.11 GB
orginal_loss:  tensor(27206.4824, device='cuda:0', grad_fn=<MseLossBackward0>)
[Step 4] Backward Propagation - Time: 4.0047s, Mem: -4413112320.00 B
[Step 4] PGD Update - Time: 0.0097s, Mem: 0.00 B

[Step 4] 完整步骤总时间: 5.909958s | 总显存: 0.00 B
[Step 4] 峰值显存: 6.23 GB

[Step 5] ============ 详细性能分析 ============
[模型部分] 总时间: 1.911782s | 显存: 4.12 GB

[0-9秒 PDE求解详细性能]

[19秒 PDE求解]
  t=19s - 时间: 1.879262s | 显存: 0.00 B

[PDE求解部分] 总时间: 1.879262s | 显存: 0.00 B

[本步骤总计] 时间: 3.791044s | 显存: 4.12 GB
orginal_loss:  tensor(32202.9805, device='cuda:0', grad_fn=<MseLossBackward0>)
[Step 5] Backward Propagation - Time: 3.9573s, Mem: -4413112320.00 B
[Step 5] PGD Update - Time: 0.0014s, Mem: 0.00 B

[Step 5] 完整步骤总时间: 5.874133s | 总显存: 0.00 B
[Step 5] 峰值显存: 6.23 GB

[Step 6] ============ 详细性能分析 ============
[模型部分] 总时间: 1.893247s | 显存: 4.11 GB

[0-9秒 PDE求解详细性能]

[19秒 PDE求解]
  t=19s - 时间: 1.873904s | 显存: 0.00 B

[PDE求解部分] 总时间: 1.873904s | 显存: 0.00 B

[本步骤总计] 时间: 3.767151s | 显存: 4.11 GB
orginal_loss:  tensor(30741.4492, device='cuda:0', grad_fn=<MseLossBackward0>)
[Step 6] Backward Propagation - Time: 3.9319s, Mem: -4413112320.00 B
[Step 6] PGD Update - Time: 0.0012s, Mem: 0.00 B

[Step 6] 完整步骤总时间: 5.829077s | 总显存: 0.00 B
[Step 6] 峰值显存: 6.23 GB

[Step 7] ============ 详细性能分析 ============
[模型部分] 总时间: 1.894896s | 显存: 4.12 GB

[0-9秒 PDE求解详细性能]

[19秒 PDE求解]
  t=19s - 时间: 1.875735s | 显存: 0.00 B

[PDE求解部分] 总时间: 1.875735s | 显存: 0.00 B

[本步骤总计] 时间: 3.770631s | 显存: 4.12 GB
orginal_loss:  tensor(12543.8047, device='cuda:0', grad_fn=<MseLossBackward0>)
[Step 7] Backward Propagation - Time: 3.9202s, Mem: -4413112320.00 B
[Step 7] PGD Update - Time: 0.0014s, Mem: 0.00 B

[Step 7] 完整步骤总时间: 5.818950s | 总显存: 0.00 B
[Step 7] 峰值显存: 6.23 GB

[Step 8] ============ 详细性能分析 ============
[模型部分] 总时间: 1.914184s | 显存: 4.11 GB

[0-9秒 PDE求解详细性能]

[19秒 PDE求解]
  t=19s - 时间: 1.894787s | 显存: 0.00 B

[PDE求解部分] 总时间: 1.894787s | 显存: 0.00 B

[本步骤总计] 时间: 3.808971s | 显存: 4.11 GB
orginal_loss:  tensor(14455.0146, device='cuda:0', grad_fn=<MseLossBackward0>)
[Step 8] Backward Propagation - Time: 3.9848s, Mem: -4413112320.00 B
[Step 8] PGD Update - Time: 0.0012s, Mem: 0.00 B

[Step 8] 完整步骤总时间: 5.902315s | 总显存: 0.00 B
[Step 8] 峰值显存: 6.23 GB

[Step 9] ============ 详细性能分析 ============
[模型部分] 总时间: 1.901745s | 显存: 4.12 GB

[0-9秒 PDE求解详细性能]

[19秒 PDE求解]
  t=19s - 时间: 1.882838s | 显存: 0.00 B

[PDE求解部分] 总时间: 1.882838s | 显存: 0.00 B

[本步骤总计] 时间: 3.784583s | 显存: 4.12 GB
orginal_loss:  tensor(18136.0410, device='cuda:0', grad_fn=<MseLossBackward0>)
[Step 9] Backward Propagation - Time: 4.0199s, Mem: -4413112320.00 B
[Step 9] PGD Update - Time: 0.0016s, Mem: 0.00 B

[Step 9] 完整步骤总时间: 5.925382s | 总显存: 0.00 B
[Step 9] 峰值显存: 6.23 GB

[Step 10] ============ 详细性能分析 ============
[模型部分] 总时间: 1.906869s | 显存: 4.11 GB

[0-9秒 PDE求解详细性能]

[19秒 PDE求解]
  t=19s - 时间: 1.887584s | 显存: 0.00 B

[PDE求解部分] 总时间: 1.887584s | 显存: 0.00 B

[本步骤总计] 时间: 3.794453s | 显存: 4.11 GB
orginal_loss:  tensor(20421.6699, device='cuda:0', grad_fn=<MseLossBackward0>)
[Step 10] Backward Propagation - Time: 3.9387s, Mem: -4413112320.00 B
[Step 10] PGD Update - Time: 0.0016s, Mem: 0.00 B

[Step 10] 完整步骤总时间: 5.850005s | 总显存: 0.00 B
[Step 10] 峰值显存: 6.23 GB

[Step 11] ============ 详细性能分析 ============
[模型部分] 总时间: 1.888729s | 显存: 4.12 GB

[0-9秒 PDE求解详细性能]

[19秒 PDE求解]
  t=19s - 时间: 1.869401s | 显存: 0.00 B

[PDE求解部分] 总时间: 1.869401s | 显存: 0.00 B

[本步骤总计] 时间: 3.758130s | 显存: 4.12 GB
orginal_loss:  tensor(21322.2246, device='cuda:0', grad_fn=<MseLossBackward0>)
[Step 11] Backward Propagation - Time: 3.9618s, Mem: -4413112320.00 B
[Step 11] PGD Update - Time: 0.0015s, Mem: 0.00 B

[Step 11] 完整步骤总时间: 5.854802s | 总显存: 0.00 B
[Step 11] 峰值显存: 6.23 GB

[Step 12] ============ 详细性能分析 ============
[模型部分] 总时间: 1.892856s | 显存: 4.11 GB

[0-9秒 PDE求解详细性能]

[19秒 PDE求解]
  t=19s - 时间: 1.873595s | 显存: 0.00 B

[PDE求解部分] 总时间: 1.873595s | 显存: 0.00 B

[本步骤总计] 时间: 3.766451s | 显存: 4.11 GB
orginal_loss:  tensor(23386.4727, device='cuda:0', grad_fn=<MseLossBackward0>)
[Step 12] Backward Propagation - Time: 3.9929s, Mem: -4413112320.00 B
[Step 12] PGD Update - Time: 0.0017s, Mem: 0.00 B

[Step 12] 完整步骤总时间: 5.889918s | 总显存: 0.00 B
[Step 12] 峰值显存: 6.23 GB

[Step 13] ============ 详细性能分析 ============
[模型部分] 总时间: 1.932725s | 显存: 4.12 GB

[0-9秒 PDE求解详细性能]

[19秒 PDE求解]
  t=19s - 时间: 1.913462s | 显存: 0.00 B

[PDE求解部分] 总时间: 1.913462s | 显存: 0.00 B

[本步骤总计] 时间: 3.846187s | 显存: 4.12 GB
orginal_loss:  tensor(19081.2930, device='cuda:0', grad_fn=<MseLossBackward0>)
[Step 13] Backward Propagation - Time: 3.9108s, Mem: -4413112320.00 B
[Step 13] PGD Update - Time: 0.0016s, Mem: 0.00 B

[Step 13] 完整步骤总时间: 5.847612s | 总显存: 0.00 B
[Step 13] 峰值显存: 6.23 GB

[Step 14] ============ 详细性能分析 ============
[模型部分] 总时间: 1.905383s | 显存: 4.11 GB

[0-9秒 PDE求解详细性能]

[19秒 PDE求解]
  t=19s - 时间: 1.886158s | 显存: 0.00 B

[PDE求解部分] 总时间: 1.886158s | 显存: 0.00 B

[本步骤总计] 时间: 3.791541s | 显存: 4.11 GB
orginal_loss:  tensor(19352.2734, device='cuda:0', grad_fn=<MseLossBackward0>)
[Step 14] Backward Propagation - Time: 3.9179s, Mem: -4413112320.00 B
[Step 14] PGD Update - Time: 0.0016s, Mem: 0.00 B

[Step 14] 完整步骤总时间: 5.827400s | 总显存: 0.00 B
[Step 14] 峰值显存: 6.23 GB

[Step 15] ============ 详细性能分析 ============
[模型部分] 总时间: 1.905438s | 显存: 4.12 GB

[0-9秒 PDE求解详细性能]

[19秒 PDE求解]
  t=19s - 时间: 1.886237s | 显存: 0.00 B

[PDE求解部分] 总时间: 1.886237s | 显存: 0.00 B

[本步骤总计] 时间: 3.791675s | 显存: 4.12 GB
orginal_loss:  tensor(17479.9922, device='cuda:0', grad_fn=<MseLossBackward0>)
[Step 15] Backward Propagation - Time: 3.9051s, Mem: -4413112320.00 B
[Step 15] PGD Update - Time: 0.0015s, Mem: 0.00 B

[Step 15] 完整步骤总时间: 5.814450s | 总显存: 0.00 B
[Step 15] 峰值显存: 6.23 GB

[Step 16] ============ 详细性能分析 ============
[模型部分] 总时间: 1.912132s | 显存: 4.11 GB

[0-9秒 PDE求解详细性能]

[19秒 PDE求解]
  t=19s - 时间: 1.892779s | 显存: 0.00 B

[PDE求解部分] 总时间: 1.892779s | 显存: 0.00 B

[本步骤总计] 时间: 3.804911s | 显存: 4.11 GB
orginal_loss:  tensor(19808.5938, device='cuda:0', grad_fn=<MseLossBackward0>)
[Step 16] Backward Propagation - Time: 3.9490s, Mem: -4413112320.00 B
[Step 16] PGD Update - Time: 0.0015s, Mem: 0.00 B

[Step 16] 完整步骤总时间: 5.865384s | 总显存: 0.00 B
[Step 16] 峰值显存: 6.23 GB

[Step 17] ============ 详细性能分析 ============
[模型部分] 总时间: 1.891350s | 显存: 4.12 GB

[0-9秒 PDE求解详细性能]

[19秒 PDE求解]
  t=19s - 时间: 1.872042s | 显存: 0.00 B

[PDE求解部分] 总时间: 1.872042s | 显存: 0.00 B

[本步骤总计] 时间: 3.763392s | 显存: 4.12 GB
orginal_loss:  tensor(25608.0293, device='cuda:0', grad_fn=<MseLossBackward0>)
[Step 17] Backward Propagation - Time: 3.9455s, Mem: -4413112320.00 B
[Step 17] PGD Update - Time: 0.0017s, Mem: 0.00 B

[Step 17] 完整步骤总时间: 5.841050s | 总显存: 0.00 B
[Step 17] 峰值显存: 6.23 GB

[Step 18] ============ 详细性能分析 ============
[模型部分] 总时间: 1.939191s | 显存: 4.11 GB

[0-9秒 PDE求解详细性能]

[19秒 PDE求解]
  t=19s - 时间: 1.919650s | 显存: 0.00 B

[PDE求解部分] 总时间: 1.919650s | 显存: 0.00 B

[本步骤总计] 时间: 3.858841s | 显存: 4.11 GB
orginal_loss:  tensor(27509.8633, device='cuda:0', grad_fn=<MseLossBackward0>)
[Step 18] Backward Propagation - Time: 3.9434s, Mem: -4413112320.00 B
[Step 18] PGD Update - Time: 0.0015s, Mem: 0.00 B

[Step 18] 完整步骤总时间: 5.886646s | 总显存: 0.00 B
[Step 18] 峰值显存: 6.23 GB

[Step 19] ============ 详细性能分析 ============
[模型部分] 总时间: 1.918222s | 显存: 4.12 GB

[0-9秒 PDE求解详细性能]

[19秒 PDE求解]
  t=19s - 时间: 1.898958s | 显存: 0.00 B

[PDE求解部分] 总时间: 1.898958s | 显存: 0.00 B

[本步骤总计] 时间: 3.817180s | 显存: 4.12 GB
orginal_loss:  tensor(28086.9473, device='cuda:0', grad_fn=<MseLossBackward0>)
[Step 19] Backward Propagation - Time: 4.0138s, Mem: -4413112320.00 B
[Step 19] PGD Update - Time: 0.0016s, Mem: 0.00 B

[Step 19] 完整步骤总时间: 5.935894s | 总显存: 0.00 B
[Step 19] 峰值显存: 6.23 GB

[Step 20] ============ 详细性能分析 ============
[模型部分] 总时间: 1.902924s | 显存: 4.11 GB

[0-9秒 PDE求解详细性能]

[19秒 PDE求解]
  t=19s - 时间: 1.883670s | 显存: 0.00 B

[PDE求解部分] 总时间: 1.883670s | 显存: 0.00 B

[本步骤总计] 时间: 3.786595s | 显存: 4.11 GB
orginal_loss:  tensor(23261.6055, device='cuda:0', grad_fn=<MseLossBackward0>)
[Step 20] Backward Propagation - Time: 3.9740s, Mem: -4413112320.00 B
[Step 20] PGD Update - Time: 0.0017s, Mem: 0.00 B

[Step 20] 完整步骤总时间: 5.881736s | 总显存: 0.00 B
[Step 20] 峰值显存: 6.23 GB

[Step 21] ============ 详细性能分析 ============
[模型部分] 总时间: 1.903394s | 显存: 4.12 GB

[0-9秒 PDE求解详细性能]

[19秒 PDE求解]
  t=19s - 时间: 1.884118s | 显存: 0.00 B

[PDE求解部分] 总时间: 1.884118s | 显存: 0.00 B

[本步骤总计] 时间: 3.787512s | 显存: 4.12 GB
orginal_loss:  tensor(24115.1035, device='cuda:0', grad_fn=<MseLossBackward0>)
[Step 21] Backward Propagation - Time: 3.9604s, Mem: -4413112320.00 B
[Step 21] PGD Update - Time: 0.0017s, Mem: 0.00 B

[Step 21] 完整步骤总时间: 5.868095s | 总显存: 0.00 B
[Step 21] 峰值显存: 6.23 GB

[Step 22] ============ 详细性能分析 ============
[模型部分] 总时间: 1.944557s | 显存: 4.11 GB

[0-9秒 PDE求解详细性能]

[19秒 PDE求解]
  t=19s - 时间: 1.871712s | 显存: 0.00 B

[PDE求解部分] 总时间: 1.871712s | 显存: 0.00 B

[本步骤总计] 时间: 3.816269s | 显存: 4.11 GB
orginal_loss:  tensor(17277.3594, device='cuda:0', grad_fn=<MseLossBackward0>)
[Step 22] Backward Propagation - Time: 4.0023s, Mem: -4413112320.00 B
[Step 22] PGD Update - Time: 0.0017s, Mem: 0.00 B

[Step 22] 完整步骤总时间: 5.951004s | 总显存: 0.00 B
[Step 22] 峰值显存: 6.23 GB

[Step 23] ============ 详细性能分析 ============
[模型部分] 总时间: 1.906229s | 显存: 4.12 GB

[0-9秒 PDE求解详细性能]

[19秒 PDE求解]
  t=19s - 时间: 1.886991s | 显存: 0.00 B

[PDE求解部分] 总时间: 1.886991s | 显存: 0.00 B

[本步骤总计] 时间: 3.793220s | 显存: 4.12 GB
orginal_loss:  tensor(14944.6895, device='cuda:0', grad_fn=<MseLossBackward0>)
[Step 23] Backward Propagation - Time: 3.9770s, Mem: -4413112320.00 B
[Step 23] PGD Update - Time: 0.0016s, Mem: 0.00 B

[Step 23] 完整步骤总时间: 5.887156s | 总显存: 0.00 B
[Step 23] 峰值显存: 6.23 GB

[Step 24] ============ 详细性能分析 ============
[模型部分] 总时间: 1.918063s | 显存: 4.11 GB

[0-9秒 PDE求解详细性能]

[19秒 PDE求解]
  t=19s - 时间: 1.898881s | 显存: 0.00 B

[PDE求解部分] 总时间: 1.898881s | 显存: 0.00 B

[本步骤总计] 时间: 3.816945s | 显存: 4.11 GB
orginal_loss:  tensor(20733.7070, device='cuda:0', grad_fn=<MseLossBackward0>)
[Step 24] Backward Propagation - Time: 3.9637s, Mem: -4413112320.00 B
[Step 24] PGD Update - Time: 0.0017s, Mem: 0.00 B

[Step 24] 完整步骤总时间: 5.885975s | 总显存: 0.00 B
[Step 24] 峰值显存: 6.23 GB

[Step 25] ============ 详细性能分析 ============
[模型部分] 总时间: 1.903986s | 显存: 4.12 GB

[0-9秒 PDE求解详细性能]

[19秒 PDE求解]
  t=19s - 时间: 1.884754s | 显存: 0.00 B

[PDE求解部分] 总时间: 1.884754s | 显存: 0.00 B

[本步骤总计] 时间: 3.788740s | 显存: 4.12 GB
orginal_loss:  tensor(24206.1133, device='cuda:0', grad_fn=<MseLossBackward0>)
[Step 25] Backward Propagation - Time: 4.0228s, Mem: -4413112320.00 B
[Step 25] PGD Update - Time: 0.0017s, Mem: 0.00 B

[Step 25] 完整步骤总时间: 5.930931s | 总显存: 0.00 B
[Step 25] 峰值显存: 6.23 GB

[Step 26] ============ 详细性能分析 ============
[模型部分] 总时间: 1.939293s | 显存: 4.11 GB

[0-9秒 PDE求解详细性能]

[19秒 PDE求解]
  t=19s - 时间: 1.919988s | 显存: 0.00 B

[PDE求解部分] 总时间: 1.919988s | 显存: 0.00 B

[本步骤总计] 时间: 3.859280s | 显存: 4.11 GB
orginal_loss:  tensor(27226.8672, device='cuda:0', grad_fn=<MseLossBackward0>)
[Step 26] Backward Propagation - Time: 3.9732s, Mem: -4413112320.00 B
[Step 26] PGD Update - Time: 0.0017s, Mem: 0.00 B

[Step 26] 完整步骤总时间: 5.916920s | 总显存: 0.00 B
[Step 26] 峰值显存: 6.23 GB

[Step 27] ============ 详细性能分析 ============
[模型部分] 总时间: 1.895282s | 显存: 4.12 GB

[0-9秒 PDE求解详细性能]

[19秒 PDE求解]
  t=19s - 时间: 1.875989s | 显存: 0.00 B

[PDE求解部分] 总时间: 1.875989s | 显存: 0.00 B

[本步骤总计] 时间: 3.771271s | 显存: 4.12 GB
orginal_loss:  tensor(24002.7051, device='cuda:0', grad_fn=<MseLossBackward0>)
[Step 27] Backward Propagation - Time: 3.9960s, Mem: -4413112320.00 B
[Step 27] PGD Update - Time: 0.0018s, Mem: 0.00 B

[Step 27] 完整步骤总时间: 5.895605s | 总显存: 0.00 B
[Step 27] 峰值显存: 6.23 GB

[Step 28] ============ 详细性能分析 ============
[模型部分] 总时间: 1.906830s | 显存: 4.11 GB

[0-9秒 PDE求解详细性能]

[19秒 PDE求解]
  t=19s - 时间: 1.887531s | 显存: 0.00 B

[PDE求解部分] 总时间: 1.887531s | 显存: 0.00 B

[本步骤总计] 时间: 3.794361s | 显存: 4.11 GB
orginal_loss:  tensor(21326.0078, device='cuda:0', grad_fn=<MseLossBackward0>)
[Step 28] Backward Propagation - Time: 4.0249s, Mem: -4413112320.00 B
[Step 28] PGD Update - Time: 0.0018s, Mem: 0.00 B

[Step 28] 完整步骤总时间: 5.936124s | 总显存: 0.00 B
[Step 28] 峰值显存: 6.23 GB

[Step 29] ============ 详细性能分析 ============
[模型部分] 总时间: 1.900817s | 显存: 4.12 GB

[0-9秒 PDE求解详细性能]

[19秒 PDE求解]
  t=19s - 时间: 1.881287s | 显存: 0.00 B

[PDE求解部分] 总时间: 1.881287s | 显存: 0.00 B

[本步骤总计] 时间: 3.782103s | 显存: 4.12 GB
orginal_loss:  tensor(26507.8574, device='cuda:0', grad_fn=<MseLossBackward0>)
[Step 29] Backward Propagation - Time: 3.9320s, Mem: -4413112320.00 B
[Step 29] PGD Update - Time: 0.0017s, Mem: 0.00 B

[Step 29] 完整步骤总时间: 5.837195s | 总显存: 0.00 B
[Step 29] 峰值显存: 6.23 GB

[Step 30] ============ 详细性能分析 ============
[模型部分] 总时间: 1.905482s | 显存: 4.11 GB

[0-9秒 PDE求解详细性能]

[19秒 PDE求解]
  t=19s - 时间: 1.886225s | 显存: 0.00 B

[PDE求解部分] 总时间: 1.886225s | 显存: 0.00 B

[本步骤总计] 时间: 3.791707s | 显存: 4.11 GB
orginal_loss:  tensor(32970.6992, device='cuda:0', grad_fn=<MseLossBackward0>)
[Step 30] Backward Propagation - Time: 3.9892s, Mem: -4413112320.00 B
[Step 30] PGD Update - Time: 0.0017s, Mem: 0.00 B

[Step 30] 完整步骤总时间: 5.898909s | 总显存: 0.00 B
[Step 30] 峰值显存: 6.23 GB

[Step 31] ============ 详细性能分析 ============
[模型部分] 总时间: 1.932195s | 显存: 4.12 GB

[0-9秒 PDE求解详细性能]

[19秒 PDE求解]
  t=19s - 时间: 1.912932s | 显存: 0.00 B

[PDE求解部分] 总时间: 1.912932s | 显存: 0.00 B

[本步骤总计] 时间: 3.845127s | 显存: 4.12 GB
orginal_loss:  tensor(39100.0625, device='cuda:0', grad_fn=<MseLossBackward0>)
[Step 31] Backward Propagation - Time: 3.9829s, Mem: -4413112320.00 B
[Step 31] PGD Update - Time: 0.0018s, Mem: 0.00 B

[Step 31] 完整步骤总时间: 5.919916s | 总显存: 0.00 B
[Step 31] 峰值显存: 6.23 GB

[Step 32] ============ 详细性能分析 ============
[模型部分] 总时间: 1.909707s | 显存: 4.11 GB

[0-9秒 PDE求解详细性能]

[19秒 PDE求解]
  t=19s - 时间: 1.890421s | 显存: 0.00 B

[PDE求解部分] 总时间: 1.890421s | 显存: 0.00 B

[本步骤总计] 时间: 3.800128s | 显存: 4.11 GB
orginal_loss:  tensor(42798.8516, device='cuda:0', grad_fn=<MseLossBackward0>)
[Step 32] Backward Propagation - Time: 3.9504s, Mem: -4413112320.00 B
[Step 32] PGD Update - Time: 0.0017s, Mem: 0.00 B

[Step 32] 完整步骤总时间: 5.864524s | 总显存: 0.00 B
[Step 32] 峰值显存: 6.23 GB

[Step 33] ============ 详细性能分析 ============
[模型部分] 总时间: 1.897599s | 显存: 4.12 GB

[0-9秒 PDE求解详细性能]

[19秒 PDE求解]
  t=19s - 时间: 1.878355s | 显存: 0.00 B

[PDE求解部分] 总时间: 1.878355s | 显存: 0.00 B

[本步骤总计] 时间: 3.775954s | 显存: 4.12 GB
orginal_loss:  tensor(40751.6758, device='cuda:0', grad_fn=<MseLossBackward0>)
[Step 33] Backward Propagation - Time: 3.9792s, Mem: -4413112320.00 B
[Step 33] PGD Update - Time: 0.0017s, Mem: 0.00 B

[Step 33] 完整步骤总时间: 5.880990s | 总显存: 0.00 B
[Step 33] 峰值显存: 6.23 GB

[Step 34] ============ 详细性能分析 ============
[模型部分] 总时间: 1.931705s | 显存: 4.11 GB

[0-9秒 PDE求解详细性能]

[19秒 PDE求解]
  t=19s - 时间: 1.912468s | 显存: 0.00 B

[PDE求解部分] 总时间: 1.912468s | 显存: 0.00 B

[本步骤总计] 时间: 3.844173s | 显存: 4.11 GB
orginal_loss:  tensor(35899.6406, device='cuda:0', grad_fn=<MseLossBackward0>)
[Step 34] Backward Propagation - Time: 3.9450s, Mem: -4413112320.00 B
[Step 34] PGD Update - Time: 0.0017s, Mem: 0.00 B

[Step 34] 完整步骤总时间: 5.880705s | 总显存: 0.00 B
[Step 34] 峰值显存: 6.23 GB

[Step 35] ============ 详细性能分析 ============
[模型部分] 总时间: 1.911486s | 显存: 4.12 GB

[0-9秒 PDE求解详细性能]

[19秒 PDE求解]
  t=19s - 时间: 1.892299s | 显存: 0.00 B

[PDE求解部分] 总时间: 1.892299s | 显存: 0.00 B

[本步骤总计] 时间: 3.803785s | 显存: 4.12 GB
orginal_loss:  tensor(34252.8906, device='cuda:0', grad_fn=<MseLossBackward0>)
[Step 35] Backward Propagation - Time: 4.0111s, Mem: -4413112320.00 B
[Step 35] PGD Update - Time: 0.0017s, Mem: 0.00 B

[Step 35] 完整步骤总时间: 5.926694s | 总显存: 0.00 B
[Step 35] 峰值显存: 6.23 GB

[Step 36] ============ 详细性能分析 ============
[模型部分] 总时间: 1.933877s | 显存: 4.11 GB

[0-9秒 PDE求解详细性能]

[19秒 PDE求解]
  t=19s - 时间: 1.914715s | 显存: 0.00 B

[PDE求解部分] 总时间: 1.914715s | 显存: 0.00 B

[本步骤总计] 时间: 3.848592s | 显存: 4.11 GB
orginal_loss:  tensor(34726.4844, device='cuda:0', grad_fn=<MseLossBackward0>)
[Step 36] Backward Propagation - Time: 3.9662s, Mem: -4413112320.00 B
[Step 36] PGD Update - Time: 0.0017s, Mem: 0.00 B

[Step 36] 完整步骤总时间: 5.904253s | 总显存: 0.00 B
[Step 36] 峰值显存: 6.23 GB

[Step 37] ============ 详细性能分析 ============
[模型部分] 总时间: 3.592586s | 显存: 4.12 GB

[0-9秒 PDE求解详细性能]

[19秒 PDE求解]
  t=19s - 时间: 3.573212s | 显存: 0.00 B

[PDE求解部分] 总时间: 3.573212s | 显存: 0.00 B

[本步骤总计] 时间: 7.165798s | 显存: 4.12 GB
orginal_loss:  tensor(32651.3555, device='cuda:0', grad_fn=<MseLossBackward0>)
[Step 37] Backward Propagation - Time: 12.5516s, Mem: -4413112320.00 B
[Step 37] PGD Update - Time: 0.0018s, Mem: 0.00 B

[Step 37] 完整步骤总时间: 16.149972s | 总显存: 0.00 B
[Step 37] 峰值显存: 6.23 GB

[Step 38] ============ 详细性能分析 ============
[模型部分] 总时间: 1.962034s | 显存: 4.11 GB

[0-9秒 PDE求解详细性能]

[19秒 PDE求解]
  t=19s - 时间: 1.937056s | 显存: 0.00 B

[PDE求解部分] 总时间: 1.937056s | 显存: 0.00 B

[本步骤总计] 时间: 3.899090s | 显存: 4.11 GB
orginal_loss:  tensor(23913.8066, device='cuda:0', grad_fn=<MseLossBackward0>)
[Step 38] Backward Propagation - Time: 3.9845s, Mem: -4413112320.00 B
[Step 38] PGD Update - Time: 0.0019s, Mem: 0.00 B

[Step 38] 完整步骤总时间: 5.952590s | 总显存: 0.00 B
[Step 38] 峰值显存: 6.23 GB

[Step 39] ============ 详细性能分析 ============
[模型部分] 总时间: 1.906066s | 显存: 4.12 GB

[0-9秒 PDE求解详细性能]

[19秒 PDE求解]
  t=19s - 时间: 1.886557s | 显存: 0.00 B

[PDE求解部分] 总时间: 1.886557s | 显存: 0.00 B

[本步骤总计] 时间: 3.792623s | 显存: 4.12 GB
orginal_loss:  tensor(17704.3789, device='cuda:0', grad_fn=<MseLossBackward0>)
[Step 39] Backward Propagation - Time: 3.9328s, Mem: -4413112320.00 B
[Step 39] PGD Update - Time: 0.0017s, Mem: 0.00 B

[Step 39] 完整步骤总时间: 5.843225s | 总显存: 0.00 B
[Step 39] 峰值显存: 6.23 GB

[Step 40] ============ 详细性能分析 ============
[模型部分] 总时间: 1.902831s | 显存: 4.11 GB

[0-9秒 PDE求解详细性能]

[19秒 PDE求解]
  t=19s - 时间: 1.883579s | 显存: 0.00 B

[PDE求解部分] 总时间: 1.883579s | 显存: 0.00 B

[本步骤总计] 时间: 3.786410s | 显存: 4.11 GB
orginal_loss:  tensor(13897.4727, device='cuda:0', grad_fn=<MseLossBackward0>)
[Step 40] Backward Propagation - Time: 4.0151s, Mem: -4413112320.00 B
[Step 40] PGD Update - Time: 0.0017s, Mem: 0.00 B

[Step 40] 完整步骤总时间: 5.922165s | 总显存: 0.00 B
[Step 40] 峰值显存: 6.23 GB

[Step 41] ============ 详细性能分析 ============
[模型部分] 总时间: 1.906111s | 显存: 4.12 GB

[0-9秒 PDE求解详细性能]

[19秒 PDE求解]
  t=19s - 时间: 1.886844s | 显存: 0.00 B

[PDE求解部分] 总时间: 1.886844s | 显存: 0.00 B

[本步骤总计] 时间: 3.792954s | 显存: 4.12 GB
orginal_loss:  tensor(12113.8242, device='cuda:0', grad_fn=<MseLossBackward0>)
[Step 41] Backward Propagation - Time: 3.9236s, Mem: -4413112320.00 B
[Step 41] PGD Update - Time: 0.0017s, Mem: 0.00 B

[Step 41] 完整步骤总时间: 5.834592s | 总显存: 0.00 B
[Step 41] 峰值显存: 6.23 GB

[Step 42] ============ 详细性能分析 ============
[模型部分] 总时间: 1.974970s | 显存: 4.11 GB

[0-9秒 PDE求解详细性能]

[19秒 PDE求解]
  t=19s - 时间: 1.955708s | 显存: 0.00 B

[PDE求解部分] 总时间: 1.955708s | 显存: 0.00 B

[本步骤总计] 时间: 3.930678s | 显存: 4.11 GB
orginal_loss:  tensor(15892.8516, device='cuda:0', grad_fn=<MseLossBackward0>)
[Step 42] Backward Propagation - Time: 3.9764s, Mem: -4413112320.00 B
[Step 42] PGD Update - Time: 0.0017s, Mem: 0.00 B

[Step 42] 完整步骤总时间: 5.955734s | 总显存: 0.00 B
[Step 42] 峰值显存: 6.23 GB

[Step 43] ============ 详细性能分析 ============
[模型部分] 总时间: 1.891172s | 显存: 4.12 GB

[0-9秒 PDE求解详细性能]

[19秒 PDE求解]
  t=19s - 时间: 1.871935s | 显存: 0.00 B

[PDE求解部分] 总时间: 1.871935s | 显存: 0.00 B

[本步骤总计] 时间: 3.763107s | 显存: 4.12 GB
orginal_loss:  tensor(19473.2676, device='cuda:0', grad_fn=<MseLossBackward0>)
[Step 43] Backward Propagation - Time: 3.9783s, Mem: -4413112320.00 B
[Step 43] PGD Update - Time: 0.0017s, Mem: 0.00 B

[Step 43] 完整步骤总时间: 5.873592s | 总显存: 0.00 B
[Step 43] 峰值显存: 6.23 GB

[Step 44] ============ 详细性能分析 ============
[模型部分] 总时间: 2.119348s | 显存: 4.11 GB

[0-9秒 PDE求解详细性能]

[19秒 PDE求解]
  t=19s - 时间: 1.924478s | 显存: 0.00 B

[PDE求解部分] 总时间: 1.924478s | 显存: 0.00 B

[本步骤总计] 时间: 4.043826s | 显存: 4.11 GB
orginal_loss:  tensor(18853.8945, device='cuda:0', grad_fn=<MseLossBackward0>)
[Step 44] Backward Propagation - Time: 3.9529s, Mem: -4413112320.00 B
[Step 44] PGD Update - Time: 0.0017s, Mem: 0.00 B

[Step 44] 完整步骤总时间: 6.076375s | 总显存: 0.00 B
[Step 44] 峰值显存: 6.23 GB

[Step 45] ============ 详细性能分析 ============
[模型部分] 总时间: 2.031583s | 显存: 4.12 GB

[0-9秒 PDE求解详细性能]

[19秒 PDE求解]
  t=19s - 时间: 2.012367s | 显存: 0.00 B

[PDE求解部分] 总时间: 2.012367s | 显存: 0.00 B

[本步骤总计] 时间: 4.043950s | 显存: 4.12 GB
orginal_loss:  tensor(18547.5859, device='cuda:0', grad_fn=<MseLossBackward0>)
[Step 45] Backward Propagation - Time: 4.0563s, Mem: -4413112320.00 B
[Step 45] PGD Update - Time: 0.0017s, Mem: 0.00 B

[Step 45] 完整步骤总时间: 6.091985s | 总显存: 0.00 B
[Step 45] 峰值显存: 6.23 GB

[Step 46] ============ 详细性能分析 ============
[模型部分] 总时间: 1.884417s | 显存: 4.11 GB

[0-9秒 PDE求解详细性能]

[19秒 PDE求解]
  t=19s - 时间: 1.865122s | 显存: 0.00 B

[PDE求解部分] 总时间: 1.865122s | 显存: 0.00 B

[本步骤总计] 时间: 3.749540s | 显存: 4.11 GB
orginal_loss:  tensor(19152.5020, device='cuda:0', grad_fn=<MseLossBackward0>)
[Step 46] Backward Propagation - Time: 4.0033s, Mem: -4413112320.00 B
[Step 46] PGD Update - Time: 0.0017s, Mem: 0.00 B

[Step 46] 完整步骤总时间: 5.892392s | 总显存: 0.00 B
[Step 46] 峰值显存: 6.23 GB

[Step 47] ============ 详细性能分析 ============
[模型部分] 总时间: 1.936176s | 显存: 4.12 GB

[0-9秒 PDE求解详细性能]

[19秒 PDE求解]
  t=19s - 时间: 1.916848s | 显存: 0.00 B

[PDE求解部分] 总时间: 1.916848s | 显存: 0.00 B

[本步骤总计] 时间: 3.853024s | 显存: 4.12 GB
orginal_loss:  tensor(29008.1875, device='cuda:0', grad_fn=<MseLossBackward0>)
[Step 47] Backward Propagation - Time: 3.9184s, Mem: -4413112320.00 B
[Step 47] PGD Update - Time: 0.0017s, Mem: 0.00 B

[Step 47] 完整步骤总时间: 5.859005s | 总显存: 0.00 B
[Step 47] 峰值显存: 6.23 GB

[Step 48] ============ 详细性能分析 ============
[模型部分] 总时间: 1.895273s | 显存: 4.11 GB

[0-9秒 PDE求解详细性能]

[19秒 PDE求解]
  t=19s - 时间: 1.876008s | 显存: 0.00 B

[PDE求解部分] 总时间: 1.876008s | 显存: 0.00 B

[本步骤总计] 时间: 3.771281s | 显存: 4.11 GB
orginal_loss:  tensor(40453.4922, device='cuda:0', grad_fn=<MseLossBackward0>)
[Step 48] Backward Propagation - Time: 3.9489s, Mem: -4413112320.00 B
[Step 48] PGD Update - Time: 0.0018s, Mem: 0.00 B

[Step 48] 完整步骤总时间: 5.848628s | 总显存: 0.00 B
[Step 48] 峰值显存: 6.23 GB

[Step 49] ============ 详细性能分析 ============
[模型部分] 总时间: 1.885083s | 显存: 4.12 GB

[0-9秒 PDE求解详细性能]

[19秒 PDE求解]
  t=19s - 时间: 1.865652s | 显存: 0.00 B

[PDE求解部分] 总时间: 1.865652s | 显存: 0.00 B

[本步骤总计] 时间: 3.750735s | 显存: 4.12 GB
orginal_loss:  tensor(42922.2539, device='cuda:0', grad_fn=<MseLossBackward0>)
[Step 49] Backward Propagation - Time: 4.0200s, Mem: -4413112320.00 B
[Step 49] PGD Update - Time: 0.0018s, Mem: 0.00 B

[Step 49] 完整步骤总时间: 5.909558s | 总显存: 0.00 B
[Step 49] 峰值显存: 6.23 GB

[Step 50] ============ 详细性能分析 ============
[模型部分] 总时间: 1.935027s | 显存: 4.11 GB

[0-9秒 PDE求解详细性能]

[19秒 PDE求解]
  t=19s - 时间: 1.915620s | 显存: 0.00 B

[PDE求解部分] 总时间: 1.915620s | 显存: 0.00 B

[本步骤总计] 时间: 3.850647s | 显存: 4.11 GB
orginal_loss:  tensor(35186.6875, device='cuda:0', grad_fn=<MseLossBackward0>)
[Step 50] Backward Propagation - Time: 3.9942s, Mem: -4413112320.00 B
[Step 50] PGD Update - Time: 0.0017s, Mem: 0.00 B

[Step 50] 完整步骤总时间: 5.933232s | 总显存: 0.00 B
[Step 50] 峰值显存: 6.23 GB

[Step 51] ============ 详细性能分析 ============
[模型部分] 总时间: 1.906914s | 显存: 4.12 GB

[0-9秒 PDE求解详细性能]

[19秒 PDE求解]
  t=19s - 时间: 1.887717s | 显存: 0.00 B

[PDE求解部分] 总时间: 1.887717s | 显存: 0.00 B

[本步骤总计] 时间: 3.794631s | 显存: 4.12 GB
orginal_loss:  tensor(30007.7402, device='cuda:0', grad_fn=<MseLossBackward0>)
[Step 51] Backward Propagation - Time: 3.9793s, Mem: -4413112320.00 B
[Step 51] PGD Update - Time: 0.0017s, Mem: 0.00 B

[Step 51] 完整步骤总时间: 5.890125s | 总显存: 0.00 B
[Step 51] 峰值显存: 6.23 GB

[Step 52] ============ 详细性能分析 ============
[模型部分] 总时间: 1.938630s | 显存: 4.11 GB

[0-9秒 PDE求解详细性能]

[19秒 PDE求解]
  t=19s - 时间: 1.919422s | 显存: 0.00 B

[PDE求解部分] 总时间: 1.919422s | 显存: 0.00 B

[本步骤总计] 时间: 3.858053s | 显存: 4.11 GB
orginal_loss:  tensor(29556.5820, device='cuda:0', grad_fn=<MseLossBackward0>)
[Step 52] Backward Propagation - Time: 3.9667s, Mem: -4413112320.00 B
[Step 52] PGD Update - Time: 0.0017s, Mem: 0.00 B

[Step 52] 完整步骤总时间: 5.910189s | 总显存: 0.00 B
[Step 52] 峰值显存: 6.23 GB

[Step 53] ============ 详细性能分析 ============
[模型部分] 总时间: 1.943562s | 显存: 4.12 GB

[0-9秒 PDE求解详细性能]

[19秒 PDE求解]
  t=19s - 时间: 1.924271s | 显存: 0.00 B

[PDE求解部分] 总时间: 1.924271s | 显存: 0.00 B

[本步骤总计] 时间: 3.867833s | 显存: 4.12 GB
orginal_loss:  tensor(30730.5059, device='cuda:0', grad_fn=<MseLossBackward0>)
[Step 53] Backward Propagation - Time: 3.9547s, Mem: -4413112320.00 B
[Step 53] PGD Update - Time: 0.0017s, Mem: 0.00 B

[Step 53] 完整步骤总时间: 5.902565s | 总显存: 0.00 B
[Step 53] 峰值显存: 6.23 GB

[Step 54] ============ 详细性能分析 ============
[模型部分] 总时间: 1.933096s | 显存: 4.11 GB

[0-9秒 PDE求解详细性能]

[19秒 PDE求解]
  t=19s - 时间: 1.895462s | 显存: 0.00 B

[PDE求解部分] 总时间: 1.895462s | 显存: 0.00 B

[本步骤总计] 时间: 3.828558s | 显存: 4.11 GB
orginal_loss:  tensor(30928.0566, device='cuda:0', grad_fn=<MseLossBackward0>)
[Step 54] Backward Propagation - Time: 3.9547s, Mem: -4413112320.00 B
[Step 54] PGD Update - Time: 0.0018s, Mem: 0.00 B

[Step 54] 完整步骤总时间: 5.892039s | 总显存: 0.00 B
[Step 54] 峰值显存: 6.23 GB

[Step 55] ============ 详细性能分析 ============
[模型部分] 总时间: 1.901869s | 显存: 4.12 GB

[0-9秒 PDE求解详细性能]

[19秒 PDE求解]
  t=19s - 时间: 1.882615s | 显存: 0.00 B

[PDE求解部分] 总时间: 1.882615s | 显存: 0.00 B

[本步骤总计] 时间: 3.784484s | 显存: 4.12 GB
orginal_loss:  tensor(27262.3477, device='cuda:0', grad_fn=<MseLossBackward0>)
[Step 55] Backward Propagation - Time: 4.0276s, Mem: -4413112320.00 B
[Step 55] PGD Update - Time: 0.0017s, Mem: 0.00 B

[Step 55] 完整步骤总时间: 5.933616s | 总显存: 0.00 B
[Step 55] 峰值显存: 6.23 GB

[Step 56] ============ 详细性能分析 ============
[模型部分] 总时间: 1.947987s | 显存: 4.11 GB

[0-9秒 PDE求解详细性能]

[19秒 PDE求解]
  t=19s - 时间: 1.928723s | 显存: 0.00 B

[PDE求解部分] 总时间: 1.928723s | 显存: 0.00 B

[本步骤总计] 时间: 3.876709s | 显存: 4.11 GB
orginal_loss:  tensor(22098.1641, device='cuda:0', grad_fn=<MseLossBackward0>)
[Step 56] Backward Propagation - Time: 3.9933s, Mem: -4413112320.00 B
[Step 56] PGD Update - Time: 0.0017s, Mem: 0.00 B

[Step 56] 完整步骤总时间: 5.945465s | 总显存: 0.00 B
[Step 56] 峰值显存: 6.23 GB

[Step 57] ============ 详细性能分析 ============
[模型部分] 总时间: 1.891459s | 显存: 4.12 GB

[0-9秒 PDE求解详细性能]

[19秒 PDE求解]
  t=19s - 时间: 1.872195s | 显存: 0.00 B

[PDE求解部分] 总时间: 1.872195s | 显存: 0.00 B

[本步骤总计] 时间: 3.763654s | 显存: 4.12 GB
orginal_loss:  tensor(17828.0820, device='cuda:0', grad_fn=<MseLossBackward0>)
[Step 57] Backward Propagation - Time: 4.0573s, Mem: -4413112320.00 B
[Step 57] PGD Update - Time: 0.1222s, Mem: 0.00 B

[Step 57] 完整步骤总时间: 6.090973s | 总显存: 0.00 B
[Step 57] 峰值显存: 6.23 GB

[Step 58] ============ 详细性能分析 ============
[模型部分] 总时间: 2.072219s | 显存: 4.11 GB

[0-9秒 PDE求解详细性能]

[19秒 PDE求解]
  t=19s - 时间: 1.969494s | 显存: 0.00 B

[PDE求解部分] 总时间: 1.969494s | 显存: 0.00 B

[本步骤总计] 时间: 4.041713s | 显存: 4.11 GB
orginal_loss:  tensor(14269.8711, device='cuda:0', grad_fn=<MseLossBackward0>)
[Step 58] Backward Propagation - Time: 3.9885s, Mem: -4413112320.00 B
[Step 58] PGD Update - Time: 0.0019s, Mem: 0.00 B

[Step 58] 完整步骤总时间: 6.154032s | 总显存: 0.00 B
[Step 58] 峰值显存: 6.23 GB

[Step 59] ============ 详细性能分析 ============
[模型部分] 总时间: 1.926355s | 显存: 4.12 GB

[0-9秒 PDE求解详细性能]

[19秒 PDE求解]
  t=19s - 时间: 1.907027s | 显存: 0.00 B

[PDE求解部分] 总时间: 1.907027s | 显存: 0.00 B

[本步骤总计] 时间: 3.833382s | 显存: 4.12 GB
orginal_loss:  tensor(12466.5059, device='cuda:0', grad_fn=<MseLossBackward0>)
[Step 59] Backward Propagation - Time: 4.0017s, Mem: -4413112320.00 B
[Step 59] PGD Update - Time: 0.0018s, Mem: 0.00 B

[Step 59] 完整步骤总时间: 5.932445s | 总显存: 0.00 B
[Step 59] 峰值显存: 6.23 GB

[Step 60] ============ 详细性能分析 ============
[模型部分] 总时间: 1.906742s | 显存: 4.11 GB

[0-9秒 PDE求解详细性能]

[19秒 PDE求解]
  t=19s - 时间: 1.887201s | 显存: 0.00 B

[PDE求解部分] 总时间: 1.887201s | 显存: 0.00 B

[本步骤总计] 时间: 3.793943s | 显存: 4.11 GB
orginal_loss:  tensor(10709.8613, device='cuda:0', grad_fn=<MseLossBackward0>)
[Step 60] Backward Propagation - Time: 3.9699s, Mem: -4413112320.00 B
[Step 60] PGD Update - Time: 0.0017s, Mem: 0.00 B

[Step 60] 完整步骤总时间: 5.880953s | 总显存: 0.00 B
[Step 60] 峰值显存: 6.23 GB

[Step 61] ============ 详细性能分析 ============
[模型部分] 总时间: 1.925361s | 显存: 4.12 GB

[0-9秒 PDE求解详细性能]

[19秒 PDE求解]
  t=19s - 时间: 1.906045s | 显存: 0.00 B

[PDE求解部分] 总时间: 1.906045s | 显存: 0.00 B

[本步骤总计] 时间: 3.831406s | 显存: 4.12 GB
orginal_loss:  tensor(14609.7637, device='cuda:0', grad_fn=<MseLossBackward0>)
[Step 61] Backward Propagation - Time: 4.0238s, Mem: -4413112320.00 B
[Step 61] PGD Update - Time: 0.0017s, Mem: 0.00 B

[Step 61] 完整步骤总时间: 5.953327s | 总显存: 0.00 B
[Step 61] 峰值显存: 6.23 GB

[Step 62] ============ 详细性能分析 ============
[模型部分] 总时间: 1.945259s | 显存: 4.11 GB

[0-9秒 PDE求解详细性能]

[19秒 PDE求解]
  t=19s - 时间: 1.925961s | 显存: 0.00 B

[PDE求解部分] 总时间: 1.925961s | 显存: 0.00 B

[本步骤总计] 时间: 3.871220s | 显存: 4.11 GB
orginal_loss:  tensor(17580.9473, device='cuda:0', grad_fn=<MseLossBackward0>)
[Step 62] Backward Propagation - Time: 4.0207s, Mem: -4413112320.00 B
[Step 62] PGD Update - Time: 0.0017s, Mem: 0.00 B

[Step 62] 完整步骤总时间: 5.970725s | 总显存: 0.00 B
[Step 62] 峰值显存: 6.23 GB

[Step 63] ============ 详细性能分析 ============
[模型部分] 总时间: 1.943367s | 显存: 4.12 GB

[0-9秒 PDE求解详细性能]

[19秒 PDE求解]
  t=19s - 时间: 1.924129s | 显存: 0.00 B

[PDE求解部分] 总时间: 1.924129s | 显存: 0.00 B

[本步骤总计] 时间: 3.867496s | 显存: 4.12 GB
orginal_loss:  tensor(16319.2461, device='cuda:0', grad_fn=<MseLossBackward0>)
[Step 63] Backward Propagation - Time: 4.0563s, Mem: -4413112320.00 B
[Step 63] PGD Update - Time: 0.0017s, Mem: 0.00 B

[Step 63] 完整步骤总时间: 6.004029s | 总显存: 0.00 B
[Step 63] 峰值显存: 6.23 GB

[Step 64] ============ 详细性能分析 ============
[模型部分] 总时间: 1.925592s | 显存: 4.11 GB

[0-9秒 PDE求解详细性能]

[19秒 PDE求解]
  t=19s - 时间: 1.906351s | 显存: 0.00 B

[PDE求解部分] 总时间: 1.906351s | 显存: 0.00 B

[本步骤总计] 时间: 3.831943s | 显存: 4.11 GB
orginal_loss:  tensor(17833.8828, device='cuda:0', grad_fn=<MseLossBackward0>)
[Step 64] Backward Propagation - Time: 3.9905s, Mem: -4413112320.00 B
[Step 64] PGD Update - Time: 0.0017s, Mem: 0.00 B

[Step 64] 完整步骤总时间: 5.920312s | 总显存: 0.00 B
[Step 64] 峰值显存: 6.23 GB

[Step 65] ============ 详细性能分析 ============
[模型部分] 总时间: 1.904373s | 显存: 4.12 GB

[0-9秒 PDE求解详细性能]

[19秒 PDE求解]
  t=19s - 时间: 1.885023s | 显存: 0.00 B

[PDE求解部分] 总时间: 1.885023s | 显存: 0.00 B

[本步骤总计] 时间: 3.789396s | 显存: 4.12 GB
orginal_loss:  tensor(17940.8320, device='cuda:0', grad_fn=<MseLossBackward0>)
[Step 65] Backward Propagation - Time: 3.9912s, Mem: -4413112320.00 B
[Step 65] PGD Update - Time: 0.0017s, Mem: 0.00 B

[Step 65] 完整步骤总时间: 5.899860s | 总显存: 0.00 B
[Step 65] 峰值显存: 6.23 GB

[Step 66] ============ 详细性能分析 ============
[模型部分] 总时间: 1.897667s | 显存: 4.11 GB

[0-9秒 PDE求解详细性能]

[19秒 PDE求解]
  t=19s - 时间: 1.878357s | 显存: 0.00 B

[PDE求解部分] 总时间: 1.878357s | 显存: 0.00 B

[本步骤总计] 时间: 3.776024s | 显存: 4.11 GB
orginal_loss:  tensor(22060.7773, device='cuda:0', grad_fn=<MseLossBackward0>)
[Step 66] Backward Propagation - Time: 3.9786s, Mem: -4413112320.00 B
[Step 66] PGD Update - Time: 0.0017s, Mem: 0.00 B

[Step 66] 完整步骤总时间: 5.880575s | 总显存: 0.00 B
[Step 66] 峰值显存: 6.23 GB

[Step 67] ============ 详细性能分析 ============
[模型部分] 总时间: 1.907299s | 显存: 4.12 GB

[0-9秒 PDE求解详细性能]

[19秒 PDE求解]
  t=19s - 时间: 1.887733s | 显存: 0.00 B

[PDE求解部分] 总时间: 1.887733s | 显存: 0.00 B

[本步骤总计] 时间: 3.795031s | 显存: 4.12 GB
orginal_loss:  tensor(32307.9414, device='cuda:0', grad_fn=<MseLossBackward0>)
[Step 67] Backward Propagation - Time: 3.9861s, Mem: -4413112320.00 B
[Step 67] PGD Update - Time: 0.0017s, Mem: 0.00 B

[Step 67] 完整步骤总时间: 5.897572s | 总显存: 0.00 B
[Step 67] 峰值显存: 6.23 GB

[Step 68] ============ 详细性能分析 ============
[模型部分] 总时间: 1.922762s | 显存: 4.11 GB

[0-9秒 PDE求解详细性能]

[19秒 PDE求解]
  t=19s - 时间: 1.903473s | 显存: 0.00 B

[PDE求解部分] 总时间: 1.903473s | 显存: 0.00 B

[本步骤总计] 时间: 3.826234s | 显存: 4.11 GB
orginal_loss:  tensor(37376.6406, device='cuda:0', grad_fn=<MseLossBackward0>)
[Step 68] Backward Propagation - Time: 3.9690s, Mem: -4413112320.00 B
[Step 68] PGD Update - Time: 0.0017s, Mem: 0.00 B

[Step 68] 完整步骤总时间: 5.896087s | 总显存: 0.00 B
[Step 68] 峰值显存: 6.23 GB

[Step 69] ============ 详细性能分析 ============
[模型部分] 总时间: 1.933037s | 显存: 4.12 GB

[0-9秒 PDE求解详细性能]

[19秒 PDE求解]
  t=19s - 时间: 1.913730s | 显存: 0.00 B

[PDE求解部分] 总时间: 1.913730s | 显存: 0.00 B

[本步骤总计] 时间: 3.846767s | 显存: 4.12 GB
orginal_loss:  tensor(34004.4727, device='cuda:0', grad_fn=<MseLossBackward0>)
[Step 69] Backward Propagation - Time: 4.0445s, Mem: -4413112320.00 B
[Step 69] PGD Update - Time: 0.0017s, Mem: 0.00 B

[Step 69] 完整步骤总时间: 5.981899s | 总显存: 0.00 B
[Step 69] 峰值显存: 6.23 GB

[Step 70] ============ 详细性能分析 ============
[模型部分] 总时间: 1.951595s | 显存: 4.11 GB

[0-9秒 PDE求解详细性能]

[19秒 PDE求解]
  t=19s - 时间: 1.932270s | 显存: 0.00 B

[PDE求解部分] 总时间: 1.932270s | 显存: 0.00 B

[本步骤总计] 时间: 3.883864s | 显存: 4.11 GB
orginal_loss:  tensor(28772.6719, device='cuda:0', grad_fn=<MseLossBackward0>)
[Step 70] Backward Propagation - Time: 4.0045s, Mem: -4413112320.00 B
[Step 70] PGD Update - Time: 0.0018s, Mem: 0.00 B

[Step 70] 完整步骤总时间: 5.960509s | 总显存: 0.00 B
[Step 70] 峰值显存: 6.23 GB

[Step 71] ============ 详细性能分析 ============
[模型部分] 总时间: 1.947531s | 显存: 4.12 GB

[0-9秒 PDE求解详细性能]

[19秒 PDE求解]
  t=19s - 时间: 1.928008s | 显存: 0.00 B

[PDE求解部分] 总时间: 1.928008s | 显存: 0.00 B

[本步骤总计] 时间: 3.875539s | 显存: 4.12 GB
orginal_loss:  tensor(28331.4316, device='cuda:0', grad_fn=<MseLossBackward0>)
[Step 71] Backward Propagation - Time: 4.0159s, Mem: -4413112320.00 B
[Step 71] PGD Update - Time: 0.0017s, Mem: 0.00 B

[Step 71] 完整步骤总时间: 5.967813s | 总显存: 0.00 B
[Step 71] 峰值显存: 6.23 GB

[Step 72] ============ 详细性能分析 ============
[模型部分] 总时间: 1.910162s | 显存: 4.11 GB

[0-9秒 PDE求解详细性能]

[19秒 PDE求解]
  t=19s - 时间: 1.890935s | 显存: 0.00 B

[PDE求解部分] 总时间: 1.890935s | 显存: 0.00 B

[本步骤总计] 时间: 3.801096s | 显存: 4.11 GB
orginal_loss:  tensor(30347.4414, device='cuda:0', grad_fn=<MseLossBackward0>)
[Step 72] Backward Propagation - Time: 3.9825s, Mem: -4413112320.00 B
[Step 72] PGD Update - Time: 0.0017s, Mem: 0.00 B

[Step 72] 完整步骤总时间: 5.896952s | 总显存: 0.00 B
[Step 72] 峰值显存: 6.23 GB

[Step 73] ============ 详细性能分析 ============
[模型部分] 总时间: 1.900850s | 显存: 4.12 GB

[0-9秒 PDE求解详细性能]

[19秒 PDE求解]
  t=19s - 时间: 1.881581s | 显存: 0.00 B

[PDE求解部分] 总时间: 1.881581s | 显存: 0.00 B

[本步骤总计] 时间: 3.782431s | 显存: 4.12 GB
orginal_loss:  tensor(32321.7207, device='cuda:0', grad_fn=<MseLossBackward0>)
[Step 73] Backward Propagation - Time: 3.9835s, Mem: -4413112320.00 B
[Step 73] PGD Update - Time: 0.0018s, Mem: 0.00 B

[Step 73] 完整步骤总时间: 5.889374s | 总显存: 0.00 B
[Step 73] 峰值显存: 6.23 GB

[Step 74] ============ 详细性能分析 ============
[模型部分] 总时间: 1.898038s | 显存: 4.11 GB

[0-9秒 PDE求解详细性能]

[19秒 PDE求解]
  t=19s - 时间: 1.878763s | 显存: 0.00 B

[PDE求解部分] 总时间: 1.878763s | 显存: 0.00 B

[本步骤总计] 时间: 3.776801s | 显存: 4.11 GB
orginal_loss:  tensor(30315.5898, device='cuda:0', grad_fn=<MseLossBackward0>)
[Step 74] Backward Propagation - Time: 7.0005s, Mem: -4413112320.00 B
[Step 74] PGD Update - Time: 0.0017s, Mem: 0.00 B

[Step 74] 完整步骤总时间: 8.902909s | 总显存: 0.00 B
[Step 74] 峰值显存: 6.23 GB

[Step 75] ============ 详细性能分析 ============
[模型部分] 总时间: 1.910812s | 显存: 4.12 GB

[0-9秒 PDE求解详细性能]

[19秒 PDE求解]
  t=19s - 时间: 1.891593s | 显存: 0.00 B

[PDE求解部分] 总时间: 1.891593s | 显存: 0.00 B

[本步骤总计] 时间: 3.802405s | 显存: 4.12 GB
orginal_loss:  tensor(24787.6016, device='cuda:0', grad_fn=<MseLossBackward0>)
[Step 75] Backward Propagation - Time: 3.9758s, Mem: -4413112320.00 B
[Step 75] PGD Update - Time: 0.0017s, Mem: 0.00 B

[Step 75] 完整步骤总时间: 5.890727s | 总显存: 0.00 B
[Step 75] 峰值显存: 6.23 GB

[Step 76] ============ 详细性能分析 ============
[模型部分] 总时间: 1.908686s | 显存: 4.11 GB

[0-9秒 PDE求解详细性能]

[19秒 PDE求解]
  t=19s - 时间: 1.889394s | 显存: 0.00 B

[PDE求解部分] 总时间: 1.889394s | 显存: 0.00 B

[本步骤总计] 时间: 3.798081s | 显存: 4.11 GB
orginal_loss:  tensor(19746.7734, device='cuda:0', grad_fn=<MseLossBackward0>)
[Step 76] Backward Propagation - Time: 3.9601s, Mem: -4413112320.00 B
[Step 76] PGD Update - Time: 0.0017s, Mem: 0.00 B

[Step 76] 完整步骤总时间: 5.872995s | 总显存: 0.00 B
[Step 76] 峰值显存: 6.23 GB

[Step 77] ============ 详细性能分析 ============
[模型部分] 总时间: 1.907244s | 显存: 4.12 GB

[0-9秒 PDE求解详细性能]

[19秒 PDE求解]
  t=19s - 时间: 1.887996s | 显存: 0.00 B

[PDE求解部分] 总时间: 1.887996s | 显存: 0.00 B

[本步骤总计] 时间: 3.795240s | 显存: 4.12 GB
orginal_loss:  tensor(15129.1484, device='cuda:0', grad_fn=<MseLossBackward0>)
[Step 77] Backward Propagation - Time: 3.9762s, Mem: -4413112320.00 B
[Step 77] PGD Update - Time: 0.0017s, Mem: 0.00 B

[Step 77] 完整步骤总时间: 5.887887s | 总显存: 0.00 B
[Step 77] 峰值显存: 6.23 GB

[Step 78] ============ 详细性能分析 ============
[模型部分] 总时间: 1.893656s | 显存: 4.11 GB

[0-9秒 PDE求解详细性能]

[19秒 PDE求解]
  t=19s - 时间: 1.874418s | 显存: 0.00 B

[PDE求解部分] 总时间: 1.874418s | 显存: 0.00 B

[本步骤总计] 时间: 3.768073s | 显存: 4.11 GB
orginal_loss:  tensor(10973.0762, device='cuda:0', grad_fn=<MseLossBackward0>)
[Step 78] Backward Propagation - Time: 3.9776s, Mem: -4413112320.00 B
[Step 78] PGD Update - Time: 0.0017s, Mem: 0.00 B

[Step 78] 完整步骤总时间: 5.875387s | 总显存: 0.00 B
[Step 78] 峰值显存: 6.23 GB

[Step 79] ============ 详细性能分析 ============
[模型部分] 总时间: 1.907630s | 显存: 4.12 GB

[0-9秒 PDE求解详细性能]

[19秒 PDE求解]
  t=19s - 时间: 1.888324s | 显存: 0.00 B

[PDE求解部分] 总时间: 1.888324s | 显存: 0.00 B

[本步骤总计] 时间: 3.795955s | 显存: 4.12 GB
orginal_loss:  tensor(10882.1113, device='cuda:0', grad_fn=<MseLossBackward0>)
[Step 79] Backward Propagation - Time: 3.9332s, Mem: -4413112320.00 B
[Step 79] PGD Update - Time: 0.0018s, Mem: 0.00 B

[Step 79] 完整步骤总时间: 5.845114s | 总显存: 0.00 B
[Step 79] 峰值显存: 6.23 GB

[Step 80] ============ 详细性能分析 ============
[模型部分] 总时间: 1.896602s | 显存: 4.11 GB

[0-9秒 PDE求解详细性能]

[19秒 PDE求解]
  t=19s - 时间: 1.877297s | 显存: 0.00 B

[PDE求解部分] 总时间: 1.877297s | 显存: 0.00 B

[本步骤总计] 时间: 3.773899s | 显存: 4.11 GB
orginal_loss:  tensor(11481.8086, device='cuda:0', grad_fn=<MseLossBackward0>)
[Step 80] Backward Propagation - Time: 3.9594s, Mem: -4413112320.00 B
[Step 80] PGD Update - Time: 0.0017s, Mem: 0.00 B

[Step 80] 完整步骤总时间: 5.860207s | 总显存: 0.00 B
[Step 80] 峰值显存: 6.23 GB

[Step 81] ============ 详细性能分析 ============
[模型部分] 总时间: 1.941125s | 显存: 4.12 GB

[0-9秒 PDE求解详细性能]

[19秒 PDE求解]
  t=19s - 时间: 1.921605s | 显存: 0.00 B

[PDE求解部分] 总时间: 1.921605s | 显存: 0.00 B

[本步骤总计] 时间: 3.862730s | 显存: 4.12 GB
orginal_loss:  tensor(17422.7852, device='cuda:0', grad_fn=<MseLossBackward0>)
[Step 81] Backward Propagation - Time: 3.9988s, Mem: -4413112320.00 B
[Step 81] PGD Update - Time: 0.0018s, Mem: 0.00 B

[Step 81] 完整步骤总时间: 5.944258s | 总显存: 0.00 B
[Step 81] 峰值显存: 6.23 GB

[Step 82] ============ 详细性能分析 ============
[模型部分] 总时间: 1.893496s | 显存: 4.11 GB

[0-9秒 PDE求解详细性能]

[19秒 PDE求解]
  t=19s - 时间: 1.874166s | 显存: 0.00 B

[PDE求解部分] 总时间: 1.874166s | 显存: 0.00 B

[本步骤总计] 时间: 3.767662s | 显存: 4.11 GB
orginal_loss:  tensor(18091.3047, device='cuda:0', grad_fn=<MseLossBackward0>)
[Step 82] Backward Propagation - Time: 3.9618s, Mem: -4413112320.00 B
[Step 82] PGD Update - Time: 0.0017s, Mem: 0.00 B

[Step 82] 完整步骤总时间: 5.859554s | 总显存: 0.00 B
[Step 82] 峰值显存: 6.23 GB

[Step 83] ============ 详细性能分析 ============
[模型部分] 总时间: 1.912142s | 显存: 4.12 GB

[0-9秒 PDE求解详细性能]

[19秒 PDE求解]
  t=19s - 时间: 1.892909s | 显存: 0.00 B

[PDE求解部分] 总时间: 1.892909s | 显存: 0.00 B

[本步骤总计] 时间: 3.805051s | 显存: 4.12 GB
orginal_loss:  tensor(18222.6211, device='cuda:0', grad_fn=<MseLossBackward0>)
[Step 83] Backward Propagation - Time: 3.9554s, Mem: -4413112320.00 B
[Step 83] PGD Update - Time: 0.0017s, Mem: 0.00 B

[Step 83] 完整步骤总时间: 5.871540s | 总显存: 0.00 B
[Step 83] 峰值显存: 6.23 GB

[Step 84] ============ 详细性能分析 ============
[模型部分] 总时间: 1.914073s | 显存: 4.11 GB

[0-9秒 PDE求解详细性能]

[19秒 PDE求解]
  t=19s - 时间: 1.894805s | 显存: 0.00 B

[PDE求解部分] 总时间: 1.894805s | 显存: 0.00 B

[本步骤总计] 时间: 3.808877s | 显存: 4.11 GB
orginal_loss:  tensor(20594.1426, device='cuda:0', grad_fn=<MseLossBackward0>)
[Step 84] Backward Propagation - Time: 4.0062s, Mem: -4413112320.00 B
[Step 84] PGD Update - Time: 0.0017s, Mem: 0.00 B

[Step 84] 完整步骤总时间: 5.925107s | 总显存: 0.00 B
[Step 84] 峰值显存: 6.23 GB

[Step 85] ============ 详细性能分析 ============
[模型部分] 总时间: 1.951746s | 显存: 4.12 GB

[0-9秒 PDE求解详细性能]

[19秒 PDE求解]
  t=19s - 时间: 1.932477s | 显存: 0.00 B

[PDE求解部分] 总时间: 1.932477s | 显存: 0.00 B

[本步骤总计] 时间: 3.884224s | 显存: 4.12 GB
orginal_loss:  tensor(28803.4570, device='cuda:0', grad_fn=<MseLossBackward0>)
[Step 85] Backward Propagation - Time: 4.0444s, Mem: -4413112320.00 B
[Step 85] PGD Update - Time: 0.0017s, Mem: 0.00 B

[Step 85] 完整步骤总时间: 6.000577s | 总显存: 0.00 B
[Step 85] 峰值显存: 6.23 GB

[Step 86] ============ 详细性能分析 ============
[模型部分] 总时间: 1.915873s | 显存: 4.11 GB

[0-9秒 PDE求解详细性能]

[19秒 PDE求解]
  t=19s - 时间: 1.896613s | 显存: 0.00 B

[PDE求解部分] 总时间: 1.896613s | 显存: 0.00 B

[本步骤总计] 时间: 3.812486s | 显存: 4.11 GB
orginal_loss:  tensor(36525.5078, device='cuda:0', grad_fn=<MseLossBackward0>)
[Step 86] Backward Propagation - Time: 3.9453s, Mem: -4413112320.00 B
[Step 86] PGD Update - Time: 0.0017s, Mem: 0.00 B

[Step 86] 完整步骤总时间: 5.865491s | 总显存: 0.00 B
[Step 86] 峰值显存: 6.23 GB

[Step 87] ============ 详细性能分析 ============
[模型部分] 总时间: 1.890188s | 显存: 4.12 GB

[0-9秒 PDE求解详细性能]

[19秒 PDE求解]
  t=19s - 时间: 1.870916s | 显存: 0.00 B

[PDE求解部分] 总时间: 1.870916s | 显存: 0.00 B

[本步骤总计] 时间: 3.761104s | 显存: 4.12 GB
orginal_loss:  tensor(36895.1328, device='cuda:0', grad_fn=<MseLossBackward0>)
[Step 87] Backward Propagation - Time: 3.9091s, Mem: -4413112320.00 B
[Step 87] PGD Update - Time: 0.0017s, Mem: 0.00 B

[Step 87] 完整步骤总时间: 5.803499s | 总显存: 0.00 B
[Step 87] 峰值显存: 6.23 GB

[Step 88] ============ 详细性能分析 ============
[模型部分] 总时间: 1.918094s | 显存: 4.11 GB

[0-9秒 PDE求解详细性能]

[19秒 PDE求解]
  t=19s - 时间: 1.898840s | 显存: 0.00 B

[PDE求解部分] 总时间: 1.898840s | 显存: 0.00 B

[本步骤总计] 时间: 3.816934s | 显存: 4.11 GB
orginal_loss:  tensor(30932.9668, device='cuda:0', grad_fn=<MseLossBackward0>)
[Step 88] Backward Propagation - Time: 4.0208s, Mem: -4413112320.00 B
[Step 88] PGD Update - Time: 0.0019s, Mem: 0.00 B

[Step 88] 完整步骤总时间: 5.942972s | 总显存: 0.00 B
[Step 88] 峰值显存: 6.23 GB

[Step 89] ============ 详细性能分析 ============
[模型部分] 总时间: 1.897463s | 显存: 4.12 GB

[0-9秒 PDE求解详细性能]

[19秒 PDE求解]
  t=19s - 时间: 1.877930s | 显存: 0.00 B

[PDE求解部分] 总时间: 1.877930s | 显存: 0.00 B

[本步骤总计] 时间: 3.775392s | 显存: 4.12 GB
orginal_loss:  tensor(28242.4414, device='cuda:0', grad_fn=<MseLossBackward0>)
[Step 89] Backward Propagation - Time: 4.0165s, Mem: -4413112320.00 B
[Step 89] PGD Update - Time: 0.0017s, Mem: 0.00 B

[Step 89] 完整步骤总时间: 5.918346s | 总显存: 0.00 B
[Step 89] 峰值显存: 6.23 GB

[Step 90] ============ 详细性能分析 ============
[模型部分] 总时间: 1.937318s | 显存: 4.11 GB

[0-9秒 PDE求解详细性能]

[19秒 PDE求解]
  t=19s - 时间: 1.918030s | 显存: 0.00 B

[PDE求解部分] 总时间: 1.918030s | 显存: 0.00 B

[本步骤总计] 时间: 3.855348s | 显存: 4.11 GB
orginal_loss:  tensor(30594.3438, device='cuda:0', grad_fn=<MseLossBackward0>)
[Step 90] Backward Propagation - Time: 3.9804s, Mem: -4413112320.00 B
[Step 90] PGD Update - Time: 0.0017s, Mem: 0.00 B

[Step 90] 完整步骤总时间: 5.921722s | 总显存: 0.00 B
[Step 90] 峰值显存: 6.23 GB

[Step 91] ============ 详细性能分析 ============
[模型部分] 总时间: 1.896859s | 显存: 4.12 GB

[0-9秒 PDE求解详细性能]

[19秒 PDE求解]
  t=19s - 时间: 1.877518s | 显存: 0.00 B

[PDE求解部分] 总时间: 1.877518s | 显存: 0.00 B

[本步骤总计] 时间: 3.774378s | 显存: 4.12 GB
orginal_loss:  tensor(32584.4336, device='cuda:0', grad_fn=<MseLossBackward0>)
[Step 91] Backward Propagation - Time: 4.0511s, Mem: -4413112320.00 B
[Step 91] PGD Update - Time: 0.0017s, Mem: 0.00 B

[Step 91] 完整步骤总时间: 5.952867s | 总显存: 0.00 B
[Step 91] 峰值显存: 6.23 GB

[Step 92] ============ 详细性能分析 ============
[模型部分] 总时间: 1.918774s | 显存: 4.11 GB

[0-9秒 PDE求解详细性能]

[19秒 PDE求解]
  t=19s - 时间: 1.899513s | 显存: 0.00 B

[PDE求解部分] 总时间: 1.899513s | 显存: 0.00 B

[本步骤总计] 时间: 3.818287s | 显存: 4.11 GB
orginal_loss:  tensor(31786.8281, device='cuda:0', grad_fn=<MseLossBackward0>)
[Step 92] Backward Propagation - Time: 3.9624s, Mem: -4413112320.00 B
[Step 92] PGD Update - Time: 0.0017s, Mem: 0.00 B

[Step 92] 完整步骤总时间: 5.885382s | 总显存: 0.00 B
[Step 92] 峰值显存: 6.23 GB

[Step 93] ============ 详细性能分析 ============
[模型部分] 总时间: 1.889982s | 显存: 4.12 GB

[0-9秒 PDE求解详细性能]

[19秒 PDE求解]
  t=19s - 时间: 1.870715s | 显存: 0.00 B

[PDE求解部分] 总时间: 1.870715s | 显存: 0.00 B

[本步骤总计] 时间: 3.760696s | 显存: 4.12 GB
orginal_loss:  tensor(26892.3164, device='cuda:0', grad_fn=<MseLossBackward0>)
[Step 93] Backward Propagation - Time: 3.9868s, Mem: -4413112320.00 B
[Step 93] PGD Update - Time: 0.0016s, Mem: 0.00 B

[Step 93] 完整步骤总时间: 5.880724s | 总显存: 0.00 B
[Step 93] 峰值显存: 6.23 GB

[Step 94] ============ 详细性能分析 ============
[模型部分] 总时间: 1.891963s | 显存: 4.11 GB

[0-9秒 PDE求解详细性能]

[19秒 PDE求解]
  t=19s - 时间: 1.872719s | 显存: 0.00 B

[PDE求解部分] 总时间: 1.872719s | 显存: 0.00 B

[本步骤总计] 时间: 3.764682s | 显存: 4.11 GB
orginal_loss:  tensor(21745.6289, device='cuda:0', grad_fn=<MseLossBackward0>)
[Step 94] Backward Propagation - Time: 3.9786s, Mem: -4413112320.00 B
[Step 94] PGD Update - Time: 0.0017s, Mem: 0.00 B

[Step 94] 完整步骤总时间: 5.874791s | 总显存: 0.00 B
[Step 94] 峰值显存: 6.23 GB

[Step 95] ============ 详细性能分析 ============
[模型部分] 总时间: 1.895678s | 显存: 4.12 GB

[0-9秒 PDE求解详细性能]

[19秒 PDE求解]
  t=19s - 时间: 1.876409s | 显存: 0.00 B

[PDE求解部分] 总时间: 1.876409s | 显存: 0.00 B

[本步骤总计] 时间: 3.772087s | 显存: 4.12 GB
orginal_loss:  tensor(17075.2500, device='cuda:0', grad_fn=<MseLossBackward0>)
[Step 95] Backward Propagation - Time: 3.9939s, Mem: -4413112320.00 B
[Step 95] PGD Update - Time: 0.0017s, Mem: 0.00 B

[Step 95] 完整步骤总时间: 5.893691s | 总显存: 0.00 B
[Step 95] 峰值显存: 6.23 GB

[Step 96] ============ 详细性能分析 ============
[模型部分] 总时间: 1.904409s | 显存: 4.11 GB

[0-9秒 PDE求解详细性能]

[19秒 PDE求解]
  t=19s - 时间: 1.885136s | 显存: 0.00 B

[PDE求解部分] 总时间: 1.885136s | 显存: 0.00 B

[本步骤总计] 时间: 3.789545s | 显存: 4.11 GB
orginal_loss:  tensor(13807.6553, device='cuda:0', grad_fn=<MseLossBackward0>)
[Step 96] Backward Propagation - Time: 3.9641s, Mem: -4413112320.00 B
[Step 96] PGD Update - Time: 0.0018s, Mem: 0.00 B

[Step 96] 完整步骤总时间: 5.873126s | 总显存: 0.00 B
[Step 96] 峰值显存: 6.23 GB

[Step 97] ============ 详细性能分析 ============
[模型部分] 总时间: 1.916166s | 显存: 4.12 GB

[0-9秒 PDE求解详细性能]

[19秒 PDE求解]
  t=19s - 时间: 1.896882s | 显存: 0.00 B

[PDE求解部分] 总时间: 1.896882s | 显存: 0.00 B

[本步骤总计] 时间: 3.813047s | 显存: 4.12 GB
orginal_loss:  tensor(10486.2441, device='cuda:0', grad_fn=<MseLossBackward0>)
[Step 97] Backward Propagation - Time: 4.0035s, Mem: -4413112320.00 B
[Step 97] PGD Update - Time: 0.0019s, Mem: 0.00 B

[Step 97] 完整步骤总时间: 5.924355s | 总显存: 0.00 B
[Step 97] 峰值显存: 6.23 GB

[Step 98] ============ 详细性能分析 ============
[模型部分] 总时间: 1.926420s | 显存: 4.11 GB

[0-9秒 PDE求解详细性能]

[19秒 PDE求解]
  t=19s - 时间: 1.906885s | 显存: 0.00 B

[PDE求解部分] 总时间: 1.906885s | 显存: 0.00 B

[本步骤总计] 时间: 3.833305s | 显存: 4.11 GB
orginal_loss:  tensor(11176.0029, device='cuda:0', grad_fn=<MseLossBackward0>)
[Step 98] Backward Propagation - Time: 3.9967s, Mem: -4413112320.00 B
[Step 98] PGD Update - Time: 0.0016s, Mem: 0.00 B

[Step 98] 完整步骤总时间: 5.927136s | 总显存: 0.00 B
[Step 98] 峰值显存: 6.23 GB

[Step 99] ============ 详细性能分析 ============
[模型部分] 总时间: 1.902050s | 显存: 4.12 GB

[0-9秒 PDE求解详细性能]

[19秒 PDE求解]
  t=19s - 时间: 1.882803s | 显存: 0.00 B

[PDE求解部分] 总时间: 1.882803s | 显存: 0.00 B

[本步骤总计] 时间: 3.784854s | 显存: 4.12 GB
orginal_loss:  tensor(16500.0977, device='cuda:0', grad_fn=<MseLossBackward0>)
[Step 99] Backward Propagation - Time: 3.9662s, Mem: -4413112320.00 B
[Step 99] PGD Update - Time: 0.0018s, Mem: 0.00 B

[Step 99] 完整步骤总时间: 5.872499s | 总显存: 0.00 B
[Step 99] 峰值显存: 6.23 GB
清理前显存占用: 2092.7470703125 MB
PGD攻击完成！显存已清理
当前显存占用: 2092.2470703125 MB
detached1to9
[1, 2, 3, 4, 5, 6, 7, 8, 9]
================================================================================
norm: 2, epsilon: 78.6432, alpha: 50.0, num_steps: 100, index: 1, method: adam, detach: detached1to9, b1: 0.9, b2: 0.999, adam_eps: 1e-08, sign_Linf: True, amsgrad: False

[Step 0] ============ 详细性能分析 ============
[模型部分] 总时间: 1.929697s | 显存: 4.11 GB

[0-9秒 PDE求解详细性能]

[19秒 PDE求解]
  t=19s - 时间: 1.902645s | 显存: 0.00 B

[PDE求解部分] 总时间: 1.902645s | 显存: 0.00 B

[本步骤总计] 时间: 3.832341s | 显存: 4.11 GB
orginal_loss:  tensor(3644.5620, device='cuda:0', grad_fn=<MseLossBackward0>)
[Step 0] Backward Propagation - Time: 3.9480s, Mem: -4411760640.00 B
[Step 0] PGD Update - Time: 0.0015s, Mem: 1.75 MB

[Step 0] 完整步骤总时间: 5.881036s | 总显存: 5.00 MB
[Step 0] 峰值显存: 6.22 GB

[Step 1] ============ 详细性能分析 ============
[模型部分] 总时间: 1.907761s | 显存: 4.11 GB

[0-9秒 PDE求解详细性能]

[19秒 PDE求解]
  t=19s - 时间: 1.888495s | 显存: 0.00 B

[PDE求解部分] 总时间: 1.888495s | 显存: 0.00 B

[本步骤总计] 时间: 3.796256s | 显存: 4.11 GB
orginal_loss:  tensor(24287.8555, device='cuda:0', grad_fn=<MseLossBackward0>)
[Step 1] Backward Propagation - Time: 3.9464s, Mem: -4409917440.00 B
[Step 1] PGD Update - Time: 0.0014s, Mem: 0.00 B

[Step 1] 完整步骤总时间: 5.857787s | 总显存: -524288.00 B
[Step 1] 峰值显存: 6.22 GB

[Step 2] ============ 详细性能分析 ============
[模型部分] 总时间: 1.896873s | 显存: 4.11 GB

[0-9秒 PDE求解详细性能]

[19秒 PDE求解]
  t=19s - 时间: 1.877664s | 显存: 0.00 B

[PDE求解部分] 总时间: 1.877664s | 显存: 0.00 B

[本步骤总计] 时间: 3.774536s | 显存: 4.11 GB
orginal_loss:  tensor(27187.6953, device='cuda:0', grad_fn=<MseLossBackward0>)
[Step 2] Backward Propagation - Time: 4.0641s, Mem: -4413112320.00 B
[Step 2] PGD Update - Time: 0.0014s, Mem: 0.00 B

[Step 2] 完整步骤总时间: 5.964513s | 总显存: 0.00 B
[Step 2] 峰值显存: 6.23 GB

[Step 3] ============ 详细性能分析 ============
[模型部分] 总时间: 1.902730s | 显存: 4.12 GB

[0-9秒 PDE求解详细性能]

[19秒 PDE求解]
  t=19s - 时间: 1.883489s | 显存: 0.00 B

[PDE求解部分] 总时间: 1.883489s | 显存: 0.00 B

[本步骤总计] 时间: 3.786220s | 显存: 4.12 GB
orginal_loss:  tensor(29336.4375, device='cuda:0', grad_fn=<MseLossBackward0>)
[Step 3] Backward Propagation - Time: 4.0057s, Mem: -4413112320.00 B
[Step 3] PGD Update - Time: 0.0015s, Mem: 0.00 B

[Step 3] 完整步骤总时间: 5.912213s | 总显存: 0.00 B
[Step 3] 峰值显存: 6.23 GB

[Step 4] ============ 详细性能分析 ============
[模型部分] 总时间: 1.913720s | 显存: 4.11 GB

[0-9秒 PDE求解详细性能]

[19秒 PDE求解]
  t=19s - 时间: 1.894402s | 显存: 0.00 B

[PDE求解部分] 总时间: 1.894402s | 显存: 0.00 B

[本步骤总计] 时间: 3.808122s | 显存: 4.11 GB
orginal_loss:  tensor(52043.6680, device='cuda:0', grad_fn=<MseLossBackward0>)
[Step 4] Backward Propagation - Time: 3.9954s, Mem: -4413112320.00 B
[Step 4] PGD Update - Time: 0.0016s, Mem: 0.00 B

[Step 4] 完整步骤总时间: 5.913030s | 总显存: 0.00 B
[Step 4] 峰值显存: 6.23 GB

[Step 5] ============ 详细性能分析 ============
[模型部分] 总时间: 1.908420s | 显存: 4.12 GB

[0-9秒 PDE求解详细性能]

[19秒 PDE求解]
  t=19s - 时间: 1.889165s | 显存: 0.00 B

[PDE求解部分] 总时间: 1.889165s | 显存: 0.00 B

[本步骤总计] 时间: 3.797585s | 显存: 4.12 GB
orginal_loss:  tensor(99481.0469, device='cuda:0', grad_fn=<MseLossBackward0>)
[Step 5] Backward Propagation - Time: 3.9433s, Mem: -4413112320.00 B
[Step 5] PGD Update - Time: 0.0016s, Mem: 0.00 B

[Step 5] 完整步骤总时间: 5.855901s | 总显存: 0.00 B
[Step 5] 峰值显存: 6.23 GB

[Step 6] ============ 详细性能分析 ============
[模型部分] 总时间: 1.902314s | 显存: 4.11 GB

[0-9秒 PDE求解详细性能]

[19秒 PDE求解]
  t=19s - 时间: 1.883007s | 显存: 0.00 B

[PDE求解部分] 总时间: 1.883007s | 显存: 0.00 B

[本步骤总计] 时间: 3.785321s | 显存: 4.11 GB
orginal_loss:  tensor(43802.9570, device='cuda:0', grad_fn=<MseLossBackward0>)
[Step 6] Backward Propagation - Time: 3.9750s, Mem: -4413112320.00 B
[Step 6] PGD Update - Time: 0.0012s, Mem: 0.00 B

[Step 6] 完整步骤总时间: 5.881076s | 总显存: 0.00 B
[Step 6] 峰值显存: 6.23 GB

[Step 7] ============ 详细性能分析 ============
[模型部分] 总时间: 1.897849s | 显存: 4.12 GB

[0-9秒 PDE求解详细性能]

[19秒 PDE求解]
  t=19s - 时间: 1.878530s | 显存: 0.00 B

[PDE求解部分] 总时间: 1.878530s | 显存: 0.00 B

[本步骤总计] 时间: 3.776379s | 显存: 4.12 GB
orginal_loss:  tensor(44032.5000, device='cuda:0', grad_fn=<MseLossBackward0>)
[Step 7] Backward Propagation - Time: 4.0013s, Mem: -4413112320.00 B
[Step 7] PGD Update - Time: 0.0015s, Mem: 0.00 B

[Step 7] 完整步骤总时间: 5.903540s | 总显存: 0.00 B
[Step 7] 峰值显存: 6.23 GB

[Step 8] ============ 详细性能分析 ============
[模型部分] 总时间: 1.918755s | 显存: 4.11 GB

[0-9秒 PDE求解详细性能]

[19秒 PDE求解]
  t=19s - 时间: 1.899301s | 显存: 0.00 B

[PDE求解部分] 总时间: 1.899301s | 显存: 0.00 B

[本步骤总计] 时间: 3.818056s | 显存: 4.11 GB
orginal_loss:  tensor(37807.9609, device='cuda:0', grad_fn=<MseLossBackward0>)
[Step 8] Backward Propagation - Time: 3.9534s, Mem: -4413112320.00 B
[Step 8] PGD Update - Time: 0.0013s, Mem: 0.00 B

[Step 8] 完整步骤总时间: 5.875876s | 总显存: 0.00 B
[Step 8] 峰值显存: 6.23 GB

[Step 9] ============ 详细性能分析 ============
[模型部分] 总时间: 1.919804s | 显存: 4.12 GB

[0-9秒 PDE求解详细性能]

[19秒 PDE求解]
  t=19s - 时间: 1.900505s | 显存: 0.00 B

[PDE求解部分] 总时间: 1.900505s | 显存: 0.00 B

[本步骤总计] 时间: 3.820309s | 显存: 4.12 GB
orginal_loss:  tensor(56810.8438, device='cuda:0', grad_fn=<MseLossBackward0>)
[Step 9] Backward Propagation - Time: 3.9691s, Mem: -4413112320.00 B
[Step 9] PGD Update - Time: 0.0018s, Mem: 0.00 B

[Step 9] 完整步骤总时间: 5.893194s | 总显存: 0.00 B
[Step 9] 峰值显存: 6.23 GB

[Step 10] ============ 详细性能分析 ============
[模型部分] 总时间: 1.908443s | 显存: 4.11 GB

[0-9秒 PDE求解详细性能]

[19秒 PDE求解]
  t=19s - 时间: 1.889151s | 显存: 0.00 B

[PDE求解部分] 总时间: 1.889151s | 显存: 0.00 B

[本步骤总计] 时间: 3.797594s | 显存: 4.11 GB
orginal_loss:  tensor(56378.3438, device='cuda:0', grad_fn=<MseLossBackward0>)
[Step 10] Backward Propagation - Time: 3.9869s, Mem: -4413112320.00 B
[Step 10] PGD Update - Time: 0.0015s, Mem: 0.00 B

[Step 10] 完整步骤总时间: 5.899588s | 总显存: 0.00 B
[Step 10] 峰值显存: 6.23 GB

[Step 11] ============ 详细性能分析 ============
[模型部分] 总时间: 1.919127s | 显存: 4.12 GB

[0-9秒 PDE求解详细性能]

[19秒 PDE求解]
  t=19s - 时间: 1.899898s | 显存: 0.00 B

[PDE求解部分] 总时间: 1.899898s | 显存: 0.00 B

[本步骤总计] 时间: 3.819025s | 显存: 4.12 GB
orginal_loss:  tensor(69993.3594, device='cuda:0', grad_fn=<MseLossBackward0>)
[Step 11] Backward Propagation - Time: 3.9806s, Mem: -4413112320.00 B
[Step 11] PGD Update - Time: 0.0017s, Mem: 0.00 B

[Step 11] 完整步骤总时间: 5.903886s | 总显存: 0.00 B
[Step 11] 峰值显存: 6.23 GB

[Step 12] ============ 详细性能分析 ============
[模型部分] 总时间: 1.919571s | 显存: 4.11 GB

[0-9秒 PDE求解详细性能]

[19秒 PDE求解]
  t=19s - 时间: 1.900368s | 显存: 0.00 B

[PDE求解部分] 总时间: 1.900368s | 显存: 0.00 B

[本步骤总计] 时间: 3.819939s | 显存: 4.11 GB
orginal_loss:  tensor(69299.1250, device='cuda:0', grad_fn=<MseLossBackward0>)
[Step 12] Backward Propagation - Time: 3.9923s, Mem: -4413112320.00 B
[Step 12] PGD Update - Time: 0.0015s, Mem: 0.00 B

[Step 12] 完整步骤总时间: 5.915844s | 总显存: 0.00 B
[Step 12] 峰值显存: 6.23 GB

[Step 13] ============ 详细性能分析 ============
[模型部分] 总时间: 1.914482s | 显存: 4.12 GB

[0-9秒 PDE求解详细性能]

[19秒 PDE求解]
  t=19s - 时间: 1.895241s | 显存: 0.00 B

[PDE求解部分] 总时间: 1.895241s | 显存: 0.00 B

[本步骤总计] 时间: 3.809723s | 显存: 4.12 GB
orginal_loss:  tensor(50748.5117, device='cuda:0', grad_fn=<MseLossBackward0>)
[Step 13] Backward Propagation - Time: 3.9598s, Mem: -4413112320.00 B
[Step 13] PGD Update - Time: 0.0017s, Mem: 0.00 B

[Step 13] 完整步骤总时间: 5.878328s | 总显存: 0.00 B
[Step 13] 峰值显存: 6.23 GB

[Step 14] ============ 详细性能分析 ============
[模型部分] 总时间: 1.908989s | 显存: 4.11 GB

[0-9秒 PDE求解详细性能]

[19秒 PDE求解]
  t=19s - 时间: 1.889708s | 显存: 0.00 B

[PDE求解部分] 总时间: 1.889708s | 显存: 0.00 B

[本步骤总计] 时间: 3.798697s | 显存: 4.11 GB
orginal_loss:  tensor(47609.1992, device='cuda:0', grad_fn=<MseLossBackward0>)
[Step 14] Backward Propagation - Time: 3.9879s, Mem: -4413112320.00 B
[Step 14] PGD Update - Time: 0.0013s, Mem: 0.00 B

[Step 14] 完整步骤总时间: 5.900704s | 总显存: 0.00 B
[Step 14] 峰值显存: 6.23 GB

[Step 15] ============ 详细性能分析 ============
[模型部分] 总时间: 1.901879s | 显存: 4.12 GB

[0-9秒 PDE求解详细性能]

[19秒 PDE求解]
  t=19s - 时间: 1.882606s | 显存: 0.00 B

[PDE求解部分] 总时间: 1.882606s | 显存: 0.00 B

[本步骤总计] 时间: 3.784485s | 显存: 4.12 GB
orginal_loss:  tensor(87798.4141, device='cuda:0', grad_fn=<MseLossBackward0>)
[Step 15] Backward Propagation - Time: 3.9209s, Mem: -4413112320.00 B
[Step 15] PGD Update - Time: 0.0016s, Mem: 0.00 B

[Step 15] 完整步骤总时间: 5.826963s | 总显存: 0.00 B
[Step 15] 峰值显存: 6.23 GB

[Step 16] ============ 详细性能分析 ============
[模型部分] 总时间: 1.899131s | 显存: 4.11 GB

[0-9秒 PDE求解详细性能]

[19秒 PDE求解]
  t=19s - 时间: 1.879796s | 显存: 0.00 B

[PDE求解部分] 总时间: 1.879796s | 显存: 0.00 B

[本步骤总计] 时间: 3.778927s | 显存: 4.11 GB
orginal_loss:  tensor(125603.5859, device='cuda:0', grad_fn=<MseLossBackward0>)
[Step 16] Backward Propagation - Time: 3.9646s, Mem: -4413112320.00 B
[Step 16] PGD Update - Time: 0.0016s, Mem: 0.00 B

[Step 16] 完整步骤总时间: 5.867831s | 总显存: 0.00 B
[Step 16] 峰值显存: 6.23 GB

[Step 17] ============ 详细性能分析 ============
[模型部分] 总时间: 1.893107s | 显存: 4.12 GB

[0-9秒 PDE求解详细性能]

[19秒 PDE求解]
  t=19s - 时间: 1.873913s | 显存: 0.00 B

[PDE求解部分] 总时间: 1.873913s | 显存: 0.00 B

[本步骤总计] 时间: 3.767020s | 显存: 4.12 GB
orginal_loss:  tensor(98733.6875, device='cuda:0', grad_fn=<MseLossBackward0>)
[Step 17] Backward Propagation - Time: 3.9622s, Mem: -4413112320.00 B
[Step 17] PGD Update - Time: 0.0014s, Mem: 0.00 B

[Step 17] 完整步骤总时间: 5.858827s | 总显存: 0.00 B
[Step 17] 峰值显存: 6.23 GB

[Step 18] ============ 详细性能分析 ============
[模型部分] 总时间: 1.915651s | 显存: 4.11 GB

[0-9秒 PDE求解详细性能]

[19秒 PDE求解]
  t=19s - 时间: 1.896541s | 显存: 0.00 B

[PDE求解部分] 总时间: 1.896541s | 显存: 0.00 B

[本步骤总计] 时间: 3.812193s | 显存: 4.11 GB
orginal_loss:  tensor(140471.9375, device='cuda:0', grad_fn=<MseLossBackward0>)
[Step 18] Backward Propagation - Time: 3.9450s, Mem: -4413112320.00 B
[Step 18] PGD Update - Time: 0.0013s, Mem: 0.00 B

[Step 18] 完整步骤总时间: 5.863757s | 总显存: 0.00 B
[Step 18] 峰值显存: 6.23 GB

[Step 19] ============ 详细性能分析 ============
[模型部分] 总时间: 1.883623s | 显存: 4.12 GB

[0-9秒 PDE求解详细性能]

[19秒 PDE求解]
  t=19s - 时间: 1.864820s | 显存: 0.00 B

[PDE求解部分] 总时间: 1.864820s | 显存: 0.00 B

[本步骤总计] 时间: 3.748443s | 显存: 4.12 GB
orginal_loss:  tensor(116797.6641, device='cuda:0', grad_fn=<MseLossBackward0>)
[Step 19] Backward Propagation - Time: 3.9065s, Mem: -4413112320.00 B
[Step 19] PGD Update - Time: 0.0012s, Mem: 0.00 B

[Step 19] 完整步骤总时间: 5.793107s | 总显存: 0.00 B
[Step 19] 峰值显存: 6.23 GB

[Step 20] ============ 详细性能分析 ============
[模型部分] 总时间: 1.900005s | 显存: 4.11 GB

[0-9秒 PDE求解详细性能]

[19秒 PDE求解]
  t=19s - 时间: 1.881039s | 显存: 0.00 B

[PDE求解部分] 总时间: 1.881039s | 显存: 0.00 B

[本步骤总计] 时间: 3.781044s | 显存: 4.11 GB
orginal_loss:  tensor(124802.2969, device='cuda:0', grad_fn=<MseLossBackward0>)
[Step 20] Backward Propagation - Time: 3.9176s, Mem: -4413112320.00 B
[Step 20] PGD Update - Time: 0.0014s, Mem: 0.00 B

[Step 20] 完整步骤总时间: 5.821226s | 总显存: 0.00 B
[Step 20] 峰值显存: 6.23 GB

[Step 21] ============ 详细性能分析 ============
[模型部分] 总时间: 1.919369s | 显存: 4.12 GB

[0-9秒 PDE求解详细性能]

[19秒 PDE求解]
  t=19s - 时间: 1.900570s | 显存: 0.00 B

[PDE求解部分] 总时间: 1.900570s | 显存: 0.00 B

[本步骤总计] 时间: 3.819938s | 显存: 4.12 GB
orginal_loss:  tensor(138774.0312, device='cuda:0', grad_fn=<MseLossBackward0>)
[Step 21] Backward Propagation - Time: 3.9658s, Mem: -4413112320.00 B
[Step 21] PGD Update - Time: 0.0013s, Mem: 0.00 B

[Step 21] 完整步骤总时间: 5.888356s | 总显存: 0.00 B
[Step 21] 峰值显存: 6.23 GB

[Step 22] ============ 详细性能分析 ============
[模型部分] 总时间: 1.893942s | 显存: 4.11 GB

[0-9秒 PDE求解详细性能]

[19秒 PDE求解]
  t=19s - 时间: 1.875090s | 显存: 0.00 B

[PDE求解部分] 总时间: 1.875090s | 显存: 0.00 B

[本步骤总计] 时间: 3.769032s | 显存: 4.11 GB
orginal_loss:  tensor(139554.7188, device='cuda:0', grad_fn=<MseLossBackward0>)
[Step 22] Backward Propagation - Time: 3.9267s, Mem: -4413112320.00 B
[Step 22] PGD Update - Time: 0.0015s, Mem: 0.00 B

[Step 22] 完整步骤总时间: 5.823747s | 总显存: 0.00 B
[Step 22] 峰值显存: 6.23 GB

[Step 23] ============ 详细性能分析 ============
[模型部分] 总时间: 1.890085s | 显存: 4.12 GB

[0-9秒 PDE求解详细性能]

[19秒 PDE求解]
  t=19s - 时间: 1.871190s | 显存: 0.00 B

[PDE求解部分] 总时间: 1.871190s | 显存: 0.00 B

[本步骤总计] 时间: 3.761275s | 显存: 4.12 GB
orginal_loss:  tensor(166259.8438, device='cuda:0', grad_fn=<MseLossBackward0>)
[Step 23] Backward Propagation - Time: 3.8803s, Mem: -4413112320.00 B
[Step 23] PGD Update - Time: 0.0014s, Mem: 0.00 B

[Step 23] 完整步骤总时间: 5.773508s | 总显存: 0.00 B
[Step 23] 峰值显存: 6.23 GB

[Step 24] ============ 详细性能分析 ============
[模型部分] 总时间: 1.895750s | 显存: 4.11 GB

[0-9秒 PDE求解详细性能]

[19秒 PDE求解]
  t=19s - 时间: 1.876953s | 显存: 0.00 B

[PDE求解部分] 总时间: 1.876953s | 显存: 0.00 B

[本步骤总计] 时间: 3.772704s | 显存: 4.11 GB
orginal_loss:  tensor(175681.8125, device='cuda:0', grad_fn=<MseLossBackward0>)
[Step 24] Backward Propagation - Time: 3.9274s, Mem: -4413112320.00 B
[Step 24] PGD Update - Time: 0.0014s, Mem: 0.00 B

[Step 24] 完整步骤总时间: 5.826249s | 总显存: 0.00 B
[Step 24] 峰值显存: 6.23 GB

[Step 25] ============ 详细性能分析 ============
[模型部分] 总时间: 1.887683s | 显存: 4.12 GB

[0-9秒 PDE求解详细性能]

[19秒 PDE求解]
  t=19s - 时间: 1.868887s | 显存: 0.00 B

[PDE求解部分] 总时间: 1.868887s | 显存: 0.00 B

[本步骤总计] 时间: 3.756570s | 显存: 4.12 GB
orginal_loss:  tensor(149189.6094, device='cuda:0', grad_fn=<MseLossBackward0>)
[Step 25] Backward Propagation - Time: 3.9351s, Mem: -4413112320.00 B
[Step 25] PGD Update - Time: 0.0014s, Mem: 0.00 B

[Step 25] 完整步骤总时间: 5.825884s | 总显存: 0.00 B
[Step 25] 峰值显存: 6.23 GB

[Step 26] ============ 详细性能分析 ============
[模型部分] 总时间: 1.884953s | 显存: 4.11 GB

[0-9秒 PDE求解详细性能]

[19秒 PDE求解]
  t=19s - 时间: 1.866110s | 显存: 0.00 B

[PDE求解部分] 总时间: 1.866110s | 显存: 0.00 B

[本步骤总计] 时间: 3.751063s | 显存: 4.11 GB
orginal_loss:  tensor(155694.1875, device='cuda:0', grad_fn=<MseLossBackward0>)
[Step 26] Backward Propagation - Time: 3.9300s, Mem: -4413112320.00 B
[Step 26] PGD Update - Time: 0.0014s, Mem: 0.00 B

[Step 26] 完整步骤总时间: 5.818125s | 总显存: 0.00 B
[Step 26] 峰值显存: 6.23 GB

[Step 27] ============ 详细性能分析 ============
[模型部分] 总时间: 1.884860s | 显存: 4.12 GB

[0-9秒 PDE求解详细性能]

[19秒 PDE求解]
  t=19s - 时间: 1.865987s | 显存: 0.00 B

[PDE求解部分] 总时间: 1.865987s | 显存: 0.00 B

[本步骤总计] 时间: 3.750846s | 显存: 4.12 GB
orginal_loss:  tensor(139310.2344, device='cuda:0', grad_fn=<MseLossBackward0>)
[Step 27] Backward Propagation - Time: 3.9707s, Mem: -4413112320.00 B
[Step 27] PGD Update - Time: 0.0015s, Mem: 0.00 B

[Step 27] 完整步骤总时间: 5.858887s | 总显存: 0.00 B
[Step 27] 峰值显存: 6.23 GB

[Step 28] ============ 详细性能分析 ============
[模型部分] 总时间: 1.897973s | 显存: 4.11 GB

[0-9秒 PDE求解详细性能]

[19秒 PDE求解]
  t=19s - 时间: 1.879099s | 显存: 0.00 B

[PDE求解部分] 总时间: 1.879099s | 显存: 0.00 B

[本步骤总计] 时间: 3.777071s | 显存: 4.11 GB
orginal_loss:  tensor(179752.4688, device='cuda:0', grad_fn=<MseLossBackward0>)
[Step 28] Backward Propagation - Time: 3.9733s, Mem: -4413112320.00 B
[Step 28] PGD Update - Time: 0.0015s, Mem: 0.00 B

[Step 28] 完整步骤总时间: 5.874543s | 总显存: 0.00 B
[Step 28] 峰值显存: 6.23 GB

[Step 29] ============ 详细性能分析 ============
[模型部分] 总时间: 1.916206s | 显存: 4.12 GB

[0-9秒 PDE求解详细性能]

[19秒 PDE求解]
  t=19s - 时间: 1.897146s | 显存: 0.00 B

[PDE求解部分] 总时间: 1.897146s | 显存: 0.00 B

[本步骤总计] 时间: 3.813352s | 显存: 4.12 GB
orginal_loss:  tensor(168488.5625, device='cuda:0', grad_fn=<MseLossBackward0>)
[Step 29] Backward Propagation - Time: 3.9216s, Mem: -4413112320.00 B
[Step 29] PGD Update - Time: 0.0014s, Mem: 0.00 B

[Step 29] 完整步骤总时间: 5.841099s | 总显存: 0.00 B
[Step 29] 峰值显存: 6.23 GB

[Step 30] ============ 详细性能分析 ============
[模型部分] 总时间: 1.895935s | 显存: 4.11 GB

[0-9秒 PDE求解详细性能]

[19秒 PDE求解]
  t=19s - 时间: 1.877186s | 显存: 0.00 B

[PDE求解部分] 总时间: 1.877186s | 显存: 0.00 B

[本步骤总计] 时间: 3.773122s | 显存: 4.11 GB
orginal_loss:  tensor(119182.8672, device='cuda:0', grad_fn=<MseLossBackward0>)
[Step 30] Backward Propagation - Time: 3.9033s, Mem: -4413112320.00 B
[Step 30] PGD Update - Time: 0.0015s, Mem: 0.00 B

[Step 30] 完整步骤总时间: 5.802310s | 总显存: 0.00 B
[Step 30] 峰值显存: 6.23 GB

[Step 31] ============ 详细性能分析 ============
[模型部分] 总时间: 1.891783s | 显存: 4.12 GB

[0-9秒 PDE求解详细性能]

[19秒 PDE求解]
  t=19s - 时间: 1.872836s | 显存: 0.00 B

[PDE求解部分] 总时间: 1.872836s | 显存: 0.00 B

[本步骤总计] 时间: 3.764620s | 显存: 4.12 GB
orginal_loss:  tensor(141219.0312, device='cuda:0', grad_fn=<MseLossBackward0>)
[Step 31] Backward Propagation - Time: 4.0092s, Mem: -4413112320.00 B
[Step 31] PGD Update - Time: 0.0014s, Mem: 0.00 B

[Step 31] 完整步骤总时间: 5.904652s | 总显存: 0.00 B
[Step 31] 峰值显存: 6.23 GB

[Step 32] ============ 详细性能分析 ============
[模型部分] 总时间: 1.916941s | 显存: 4.11 GB

[0-9秒 PDE求解详细性能]

[19秒 PDE求解]
  t=19s - 时间: 1.897812s | 显存: 0.00 B

[PDE求解部分] 总时间: 1.897812s | 显存: 0.00 B

[本步骤总计] 时间: 3.814752s | 显存: 4.11 GB
orginal_loss:  tensor(135815.2188, device='cuda:0', grad_fn=<MseLossBackward0>)
[Step 32] Backward Propagation - Time: 3.9872s, Mem: -4413112320.00 B
[Step 32] PGD Update - Time: 0.0016s, Mem: 0.00 B

[Step 32] 完整步骤总时间: 5.907999s | 总显存: 0.00 B
[Step 32] 峰值显存: 6.23 GB

[Step 33] ============ 详细性能分析 ============
[模型部分] 总时间: 1.933235s | 显存: 4.12 GB

[0-9秒 PDE求解详细性能]

[19秒 PDE求解]
  t=19s - 时间: 1.914119s | 显存: 0.00 B

[PDE求解部分] 总时间: 1.914119s | 显存: 0.00 B

[本步骤总计] 时间: 3.847354s | 显存: 4.12 GB
orginal_loss:  tensor(152030.9062, device='cuda:0', grad_fn=<MseLossBackward0>)
[Step 33] Backward Propagation - Time: 3.9639s, Mem: -4413112320.00 B
[Step 33] PGD Update - Time: 0.0014s, Mem: 0.00 B

[Step 33] 完整步骤总时间: 5.900488s | 总显存: 0.00 B
[Step 33] 峰值显存: 6.23 GB

[Step 34] ============ 详细性能分析 ============
[模型部分] 总时间: 1.893398s | 显存: 4.11 GB

[0-9秒 PDE求解详细性能]

[19秒 PDE求解]
  t=19s - 时间: 1.874551s | 显存: 0.00 B

[PDE求解部分] 总时间: 1.874551s | 显存: 0.00 B

[本步骤总计] 时间: 3.767950s | 显存: 4.11 GB
orginal_loss:  tensor(155472.5000, device='cuda:0', grad_fn=<MseLossBackward0>)
[Step 34] Backward Propagation - Time: 3.9554s, Mem: -4413112320.00 B
[Step 34] PGD Update - Time: 0.0013s, Mem: 0.00 B

[Step 34] 完整步骤总时间: 5.851862s | 总显存: 0.00 B
[Step 34] 峰值显存: 6.23 GB

[Step 35] ============ 详细性能分析 ============
[模型部分] 总时间: 1.941171s | 显存: 4.12 GB

[0-9秒 PDE求解详细性能]

[19秒 PDE求解]
  t=19s - 时间: 1.922345s | 显存: 0.00 B

[PDE求解部分] 总时间: 1.922345s | 显存: 0.00 B

[本步骤总计] 时间: 3.863516s | 显存: 4.12 GB
orginal_loss:  tensor(131090.1875, device='cuda:0', grad_fn=<MseLossBackward0>)
[Step 35] Backward Propagation - Time: 3.9979s, Mem: -4413112320.00 B
[Step 35] PGD Update - Time: 0.0016s, Mem: 0.00 B

[Step 35] 完整步骤总时间: 5.943017s | 总显存: 0.00 B
[Step 35] 峰值显存: 6.23 GB

[Step 36] ============ 详细性能分析 ============
[模型部分] 总时间: 1.909263s | 显存: 4.11 GB

[0-9秒 PDE求解详细性能]

[19秒 PDE求解]
  t=19s - 时间: 1.890340s | 显存: 0.00 B

[PDE求解部分] 总时间: 1.890340s | 显存: 0.00 B

[本步骤总计] 时间: 3.799603s | 显存: 4.11 GB
orginal_loss:  tensor(144088.1875, device='cuda:0', grad_fn=<MseLossBackward0>)
[Step 36] Backward Propagation - Time: 3.9740s, Mem: -4413112320.00 B
[Step 36] PGD Update - Time: 0.0015s, Mem: 0.00 B

[Step 36] 完整步骤总时间: 5.886809s | 总显存: 0.00 B
[Step 36] 峰值显存: 6.23 GB

[Step 37] ============ 详细性能分析 ============
[模型部分] 总时间: 1.933007s | 显存: 4.12 GB

[0-9秒 PDE求解详细性能]

[19秒 PDE求解]
  t=19s - 时间: 1.914132s | 显存: 0.00 B

[PDE求解部分] 总时间: 1.914132s | 显存: 0.00 B

[本步骤总计] 时间: 3.847139s | 显存: 4.12 GB
orginal_loss:  tensor(158115.3125, device='cuda:0', grad_fn=<MseLossBackward0>)
[Step 37] Backward Propagation - Time: 3.9683s, Mem: -4413112320.00 B
[Step 37] PGD Update - Time: 0.0014s, Mem: 0.00 B

[Step 37] 完整步骤总时间: 5.904466s | 总显存: 0.00 B
[Step 37] 峰值显存: 6.23 GB

[Step 38] ============ 详细性能分析 ============
[模型部分] 总时间: 1.893575s | 显存: 4.11 GB

[0-9秒 PDE求解详细性能]

[19秒 PDE求解]
  t=19s - 时间: 1.874774s | 显存: 0.00 B

[PDE求解部分] 总时间: 1.874774s | 显存: 0.00 B

[本步骤总计] 时间: 3.768349s | 显存: 4.11 GB
orginal_loss:  tensor(149336.1875, device='cuda:0', grad_fn=<MseLossBackward0>)
[Step 38] Backward Propagation - Time: 3.9084s, Mem: -4413112320.00 B
[Step 38] PGD Update - Time: 0.0014s, Mem: 0.00 B

[Step 38] 完整步骤总时间: 5.805027s | 总显存: 0.00 B
[Step 38] 峰值显存: 6.23 GB

[Step 39] ============ 详细性能分析 ============
[模型部分] 总时间: 1.874896s | 显存: 4.12 GB

[0-9秒 PDE求解详细性能]

[19秒 PDE求解]
  t=19s - 时间: 1.856081s | 显存: 0.00 B

[PDE求解部分] 总时间: 1.856081s | 显存: 0.00 B

[本步骤总计] 时间: 3.730977s | 显存: 4.12 GB
orginal_loss:  tensor(151615.1875, device='cuda:0', grad_fn=<MseLossBackward0>)
[Step 39] Backward Propagation - Time: 3.9011s, Mem: -4413112320.00 B
[Step 39] PGD Update - Time: 0.0013s, Mem: 0.00 B

[Step 39] 完整步骤总时间: 5.779033s | 总显存: 0.00 B
[Step 39] 峰值显存: 6.23 GB

[Step 40] ============ 详细性能分析 ============
[模型部分] 总时间: 1.882771s | 显存: 4.11 GB

[0-9秒 PDE求解详细性能]

[19秒 PDE求解]
  t=19s - 时间: 1.863949s | 显存: 0.00 B

[PDE求解部分] 总时间: 1.863949s | 显存: 0.00 B

[本步骤总计] 时间: 3.746720s | 显存: 4.11 GB
orginal_loss:  tensor(158965.9688, device='cuda:0', grad_fn=<MseLossBackward0>)
[Step 40] Backward Propagation - Time: 3.9361s, Mem: -4413112320.00 B
[Step 40] PGD Update - Time: 0.0013s, Mem: 0.00 B

[Step 40] 完整步骤总时间: 5.821827s | 总显存: 0.00 B
[Step 40] 峰值显存: 6.23 GB

[Step 41] ============ 详细性能分析 ============
[模型部分] 总时间: 1.905681s | 显存: 4.12 GB

[0-9秒 PDE求解详细性能]

[19秒 PDE求解]
  t=19s - 时间: 1.886795s | 显存: 0.00 B

[PDE求解部分] 总时间: 1.886795s | 显存: 0.00 B

[本步骤总计] 时间: 3.792476s | 显存: 4.12 GB
orginal_loss:  tensor(160360.3125, device='cuda:0', grad_fn=<MseLossBackward0>)
[Step 41] Backward Propagation - Time: 3.9564s, Mem: -4413112320.00 B
[Step 41] PGD Update - Time: 0.0015s, Mem: 0.00 B

[Step 41] 完整步骤总时间: 5.865370s | 总显存: 0.00 B
[Step 41] 峰值显存: 6.23 GB

[Step 42] ============ 详细性能分析 ============
[模型部分] 总时间: 1.910926s | 显存: 4.11 GB

[0-9秒 PDE求解详细性能]

[19秒 PDE求解]
  t=19s - 时间: 1.891883s | 显存: 0.00 B

[PDE求解部分] 总时间: 1.891883s | 显存: 0.00 B

[本步骤总计] 时间: 3.802810s | 显存: 4.11 GB
orginal_loss:  tensor(160891.9375, device='cuda:0', grad_fn=<MseLossBackward0>)
[Step 42] Backward Propagation - Time: 3.9234s, Mem: -4413112320.00 B
[Step 42] PGD Update - Time: 0.0015s, Mem: 0.00 B

[Step 42] 完整步骤总时间: 5.837593s | 总显存: 0.00 B
[Step 42] 峰值显存: 6.23 GB

[Step 43] ============ 详细性能分析 ============
[模型部分] 总时间: 1.885901s | 显存: 4.12 GB

[0-9秒 PDE求解详细性能]

[19秒 PDE求解]
  t=19s - 时间: 1.867112s | 显存: 0.00 B

[PDE求解部分] 总时间: 1.867112s | 显存: 0.00 B

[本步骤总计] 时间: 3.753013s | 显存: 4.12 GB
orginal_loss:  tensor(165421.7500, device='cuda:0', grad_fn=<MseLossBackward0>)
[Step 43] Backward Propagation - Time: 3.9748s, Mem: -4413112320.00 B
[Step 43] PGD Update - Time: 0.0013s, Mem: 0.00 B

[Step 43] 完整步骤总时间: 5.863619s | 总显存: 0.00 B
[Step 43] 峰值显存: 6.23 GB

[Step 44] ============ 详细性能分析 ============
[模型部分] 总时间: 1.887318s | 显存: 4.11 GB

[0-9秒 PDE求解详细性能]

[19秒 PDE求解]
  t=19s - 时间: 1.868500s | 显存: 0.00 B

[PDE求解部分] 总时间: 1.868500s | 显存: 0.00 B

[本步骤总计] 时间: 3.755819s | 显存: 4.11 GB
orginal_loss:  tensor(163871.2188, device='cuda:0', grad_fn=<MseLossBackward0>)
[Step 44] Backward Propagation - Time: 3.9340s, Mem: -4413112320.00 B
[Step 44] PGD Update - Time: 0.0014s, Mem: 0.00 B

[Step 44] 完整步骤总时间: 5.824380s | 总显存: 0.00 B
[Step 44] 峰值显存: 6.23 GB

[Step 45] ============ 详细性能分析 ============
[模型部分] 总时间: 1.891630s | 显存: 4.12 GB

[0-9秒 PDE求解详细性能]

[19秒 PDE求解]
  t=19s - 时间: 1.872732s | 显存: 0.00 B

[PDE求解部分] 总时间: 1.872732s | 显存: 0.00 B

[本步骤总计] 时间: 3.764362s | 显存: 4.12 GB
orginal_loss:  tensor(152276.9531, device='cuda:0', grad_fn=<MseLossBackward0>)
[Step 45] Backward Propagation - Time: 3.9662s, Mem: -4413112320.00 B
[Step 45] PGD Update - Time: 0.0013s, Mem: 0.00 B

[Step 45] 完整步骤总时间: 5.861308s | 总显存: 0.00 B
[Step 45] 峰值显存: 6.23 GB

[Step 46] ============ 详细性能分析 ============
[模型部分] 总时间: 1.900720s | 显存: 4.11 GB

[0-9秒 PDE求解详细性能]

[19秒 PDE求解]
  t=19s - 时间: 1.881892s | 显存: 0.00 B

[PDE求解部分] 总时间: 1.881892s | 显存: 0.00 B

[本步骤总计] 时间: 3.782612s | 显存: 4.11 GB
orginal_loss:  tensor(157030.7031, device='cuda:0', grad_fn=<MseLossBackward0>)
[Step 46] Backward Propagation - Time: 3.9077s, Mem: -4413112320.00 B
[Step 46] PGD Update - Time: 0.0014s, Mem: 0.00 B

[Step 46] 完整步骤总时间: 5.811636s | 总显存: 0.00 B
[Step 46] 峰值显存: 6.23 GB

[Step 47] ============ 详细性能分析 ============
[模型部分] 总时间: 1.887473s | 显存: 4.12 GB

[0-9秒 PDE求解详细性能]

[19秒 PDE求解]
  t=19s - 时间: 1.868640s | 显存: 0.00 B

[PDE求解部分] 总时间: 1.868640s | 显存: 0.00 B

[本步骤总计] 时间: 3.756113s | 显存: 4.12 GB
orginal_loss:  tensor(156862.5625, device='cuda:0', grad_fn=<MseLossBackward0>)
[Step 47] Backward Propagation - Time: 3.9870s, Mem: -4413112320.00 B
[Step 47] PGD Update - Time: 0.0014s, Mem: 0.00 B

[Step 47] 完整步骤总时间: 5.877498s | 总显存: 0.00 B
[Step 47] 峰值显存: 6.23 GB

[Step 48] ============ 详细性能分析 ============
[模型部分] 总时间: 1.878066s | 显存: 4.11 GB

[0-9秒 PDE求解详细性能]

[19秒 PDE求解]
  t=19s - 时间: 1.859274s | 显存: 0.00 B

[PDE求解部分] 总时间: 1.859274s | 显存: 0.00 B

[本步骤总计] 时间: 3.737340s | 显存: 4.11 GB
orginal_loss:  tensor(159359.4844, device='cuda:0', grad_fn=<MseLossBackward0>)
[Step 48] Backward Propagation - Time: 3.9058s, Mem: -4413112320.00 B
[Step 48] PGD Update - Time: 0.0014s, Mem: 0.00 B

[Step 48] 完整步骤总时间: 5.787092s | 总显存: 0.00 B
[Step 48] 峰值显存: 6.23 GB

[Step 49] ============ 详细性能分析 ============
[模型部分] 总时间: 1.902497s | 显存: 4.12 GB

[0-9秒 PDE求解详细性能]

[19秒 PDE求解]
  t=19s - 时间: 1.883585s | 显存: 0.00 B

[PDE求解部分] 总时间: 1.883585s | 显存: 0.00 B

[本步骤总计] 时间: 3.786082s | 显存: 4.12 GB
orginal_loss:  tensor(163310.2656, device='cuda:0', grad_fn=<MseLossBackward0>)
[Step 49] Backward Propagation - Time: 3.9502s, Mem: -4413112320.00 B
[Step 49] PGD Update - Time: 0.0014s, Mem: 0.00 B

[Step 49] 完整步骤总时间: 5.855949s | 总显存: 0.00 B
[Step 49] 峰值显存: 6.23 GB

[Step 50] ============ 详细性能分析 ============
[模型部分] 总时间: 1.880679s | 显存: 4.11 GB

[0-9秒 PDE求解详细性能]

[19秒 PDE求解]
  t=19s - 时间: 1.861902s | 显存: 0.00 B

[PDE求解部分] 总时间: 1.861902s | 显存: 0.00 B

[本步骤总计] 时间: 3.742581s | 显存: 4.11 GB
orginal_loss:  tensor(166693.8125, device='cuda:0', grad_fn=<MseLossBackward0>)
[Step 50] Backward Propagation - Time: 3.9314s, Mem: -4413112320.00 B
[Step 50] PGD Update - Time: 0.0013s, Mem: 0.00 B

[Step 50] 完整步骤总时间: 5.815056s | 总显存: 0.00 B
[Step 50] 峰值显存: 6.23 GB

[Step 51] ============ 详细性能分析 ============
[模型部分] 总时间: 1.894359s | 显存: 4.12 GB

[0-9秒 PDE求解详细性能]

[19秒 PDE求解]
  t=19s - 时间: 1.875527s | 显存: 0.00 B

[PDE求解部分] 总时间: 1.875527s | 显存: 0.00 B

[本步骤总计] 时间: 3.769887s | 显存: 4.12 GB
orginal_loss:  tensor(165291.4375, device='cuda:0', grad_fn=<MseLossBackward0>)
[Step 51] Backward Propagation - Time: 3.9607s, Mem: -4413112320.00 B
[Step 51] PGD Update - Time: 0.0015s, Mem: 0.00 B

[Step 51] 完整步骤总时间: 5.858720s | 总显存: 0.00 B
[Step 51] 峰值显存: 6.23 GB

[Step 52] ============ 详细性能分析 ============
[模型部分] 总时间: 1.893351s | 显存: 4.11 GB

[0-9秒 PDE求解详细性能]

[19秒 PDE求解]
  t=19s - 时间: 1.874429s | 显存: 0.00 B

[PDE求解部分] 总时间: 1.874429s | 显存: 0.00 B

[本步骤总计] 时间: 3.767781s | 显存: 4.11 GB
orginal_loss:  tensor(173117.4062, device='cuda:0', grad_fn=<MseLossBackward0>)
[Step 52] Backward Propagation - Time: 3.9294s, Mem: -4413112320.00 B
[Step 52] PGD Update - Time: 0.0015s, Mem: 0.00 B

[Step 52] 完整步骤总时间: 5.826028s | 总显存: 0.00 B
[Step 52] 峰值显存: 6.23 GB

[Step 53] ============ 详细性能分析 ============
[模型部分] 总时间: 1.895343s | 显存: 4.12 GB

[0-9秒 PDE求解详细性能]

[19秒 PDE求解]
  t=19s - 时间: 1.876251s | 显存: 0.00 B

[PDE求解部分] 总时间: 1.876251s | 显存: 0.00 B

[本步骤总计] 时间: 3.771594s | 显存: 4.12 GB
orginal_loss:  tensor(182124.1562, device='cuda:0', grad_fn=<MseLossBackward0>)
[Step 53] Backward Propagation - Time: 3.9612s, Mem: -4413112320.00 B
[Step 53] PGD Update - Time: 0.0014s, Mem: 0.00 B

[Step 53] 完整步骤总时间: 5.859930s | 总显存: 0.00 B
[Step 53] 峰值显存: 6.23 GB

[Step 54] ============ 详细性能分析 ============
[模型部分] 总时间: 1.921159s | 显存: 4.11 GB

[0-9秒 PDE求解详细性能]

[19秒 PDE求解]
  t=19s - 时间: 1.902336s | 显存: 0.00 B

[PDE求解部分] 总时间: 1.902336s | 显存: 0.00 B

[本步骤总计] 时间: 3.823494s | 显存: 4.11 GB
orginal_loss:  tensor(155131.9375, device='cuda:0', grad_fn=<MseLossBackward0>)
[Step 54] Backward Propagation - Time: 3.9741s, Mem: -4413112320.00 B
[Step 54] PGD Update - Time: 0.0014s, Mem: 0.00 B

[Step 54] 完整步骤总时间: 5.898323s | 总显存: 0.00 B
[Step 54] 峰值显存: 6.23 GB

[Step 55] ============ 详细性能分析 ============
[模型部分] 总时间: 1.881055s | 显存: 4.12 GB

[0-9秒 PDE求解详细性能]

[19秒 PDE求解]
  t=19s - 时间: 1.862237s | 显存: 0.00 B

[PDE求解部分] 总时间: 1.862237s | 显存: 0.00 B

[本步骤总计] 时间: 3.743292s | 显存: 4.12 GB
orginal_loss:  tensor(171863.1406, device='cuda:0', grad_fn=<MseLossBackward0>)
[Step 55] Backward Propagation - Time: 3.9513s, Mem: -4413112320.00 B
[Step 55] PGD Update - Time: 0.0013s, Mem: 0.00 B

[Step 55] 完整步骤总时间: 5.835792s | 总显存: 0.00 B
[Step 55] 峰值显存: 6.23 GB

[Step 56] ============ 详细性能分析 ============
[模型部分] 总时间: 1.922488s | 显存: 4.11 GB

[0-9秒 PDE求解详细性能]

[19秒 PDE求解]
  t=19s - 时间: 1.903661s | 显存: 0.00 B

[PDE求解部分] 总时间: 1.903661s | 显存: 0.00 B

[本步骤总计] 时间: 3.826150s | 显存: 4.11 GB
orginal_loss:  tensor(148780.3438, device='cuda:0', grad_fn=<MseLossBackward0>)
[Step 56] Backward Propagation - Time: 3.9213s, Mem: -4413112320.00 B
[Step 56] PGD Update - Time: 0.0015s, Mem: 0.00 B

[Step 56] 完整步骤总时间: 5.847297s | 总显存: 0.00 B
[Step 56] 峰值显存: 6.23 GB

[Step 57] ============ 详细性能分析 ============
[模型部分] 总时间: 1.895008s | 显存: 4.12 GB

[0-9秒 PDE求解详细性能]

[19秒 PDE求解]
  t=19s - 时间: 1.876165s | 显存: 0.00 B

[PDE求解部分] 总时间: 1.876165s | 显存: 0.00 B

[本步骤总计] 时间: 3.771173s | 显存: 4.12 GB
orginal_loss:  tensor(165241.0156, device='cuda:0', grad_fn=<MseLossBackward0>)
[Step 57] Backward Propagation - Time: 3.9149s, Mem: -4413112320.00 B
[Step 57] PGD Update - Time: 0.0014s, Mem: 0.00 B

[Step 57] 完整步骤总时间: 5.813000s | 总显存: 0.00 B
[Step 57] 峰值显存: 6.23 GB

[Step 58] ============ 详细性能分析 ============
[模型部分] 总时间: 1.880351s | 显存: 4.11 GB

[0-9秒 PDE求解详细性能]

[19秒 PDE求解]
  t=19s - 时间: 1.861528s | 显存: 0.00 B

[PDE求解部分] 总时间: 1.861528s | 显存: 0.00 B

[本步骤总计] 时间: 3.741879s | 显存: 4.11 GB
orginal_loss:  tensor(186643., device='cuda:0', grad_fn=<MseLossBackward0>)
[Step 58] Backward Propagation - Time: 3.9749s, Mem: -4413112320.00 B
[Step 58] PGD Update - Time: 0.0017s, Mem: 0.00 B

[Step 58] 完整步骤总时间: 5.858871s | 总显存: 0.00 B
[Step 58] 峰值显存: 6.23 GB

[Step 59] ============ 详细性能分析 ============
[模型部分] 总时间: 1.927540s | 显存: 4.12 GB

[0-9秒 PDE求解详细性能]

[19秒 PDE求解]
  t=19s - 时间: 1.908413s | 显存: 0.00 B

[PDE求解部分] 总时间: 1.908413s | 显存: 0.00 B

[本步骤总计] 时间: 3.835953s | 显存: 4.12 GB
orginal_loss:  tensor(161706.4062, device='cuda:0', grad_fn=<MseLossBackward0>)
[Step 59] Backward Propagation - Time: 3.9785s, Mem: -4413112320.00 B
[Step 59] PGD Update - Time: 0.0016s, Mem: 0.00 B

[Step 59] 完整步骤总时间: 5.909792s | 总显存: 0.00 B
[Step 59] 峰值显存: 6.23 GB

[Step 60] ============ 详细性能分析 ============
[模型部分] 总时间: 1.904871s | 显存: 4.11 GB

[0-9秒 PDE求解详细性能]

[19秒 PDE求解]
  t=19s - 时间: 1.885892s | 显存: 0.00 B

[PDE求解部分] 总时间: 1.885892s | 显存: 0.00 B

[本步骤总计] 时间: 3.790763s | 显存: 4.11 GB
orginal_loss:  tensor(170370.3906, device='cuda:0', grad_fn=<MseLossBackward0>)
[Step 60] Backward Propagation - Time: 4.0026s, Mem: -4413112320.00 B
[Step 60] PGD Update - Time: 0.0015s, Mem: 0.00 B

[Step 60] 完整步骤总时间: 5.910945s | 总显存: 0.00 B
[Step 60] 峰值显存: 6.23 GB

[Step 61] ============ 详细性能分析 ============
[模型部分] 总时间: 1.901588s | 显存: 4.12 GB

[0-9秒 PDE求解详细性能]

[19秒 PDE求解]
  t=19s - 时间: 1.882734s | 显存: 0.00 B

[PDE求解部分] 总时间: 1.882734s | 显存: 0.00 B

[本步骤总计] 时间: 3.784322s | 显存: 4.12 GB
orginal_loss:  tensor(144720.0938, device='cuda:0', grad_fn=<MseLossBackward0>)
[Step 61] Backward Propagation - Time: 3.9525s, Mem: -4413112320.00 B
[Step 61] PGD Update - Time: 0.0014s, Mem: 0.00 B

[Step 61] 完整步骤总时间: 5.857281s | 总显存: 0.00 B
[Step 61] 峰值显存: 6.23 GB

[Step 62] ============ 详细性能分析 ============
[模型部分] 总时间: 1.911191s | 显存: 4.11 GB

[0-9秒 PDE求解详细性能]

[19秒 PDE求解]
  t=19s - 时间: 1.892318s | 显存: 0.00 B

[PDE求解部分] 总时间: 1.892318s | 显存: 0.00 B

[本步骤总计] 时间: 3.803509s | 显存: 4.11 GB
orginal_loss:  tensor(161633.6094, device='cuda:0', grad_fn=<MseLossBackward0>)
[Step 62] Backward Propagation - Time: 3.9362s, Mem: -4413112320.00 B
[Step 62] PGD Update - Time: 0.0015s, Mem: 0.00 B

[Step 62] 完整步骤总时间: 5.850801s | 总显存: 0.00 B
[Step 62] 峰值显存: 6.23 GB

[Step 63] ============ 详细性能分析 ============
[模型部分] 总时间: 1.905699s | 显存: 4.12 GB

[0-9秒 PDE求解详细性能]

[19秒 PDE求解]
  t=19s - 时间: 1.886420s | 显存: 0.00 B

[PDE求解部分] 总时间: 1.886420s | 显存: 0.00 B

[本步骤总计] 时间: 3.792119s | 显存: 4.12 GB
orginal_loss:  tensor(166073.5625, device='cuda:0', grad_fn=<MseLossBackward0>)
[Step 63] Backward Propagation - Time: 3.9487s, Mem: -4413112320.00 B
[Step 63] PGD Update - Time: 0.0018s, Mem: 0.00 B

[Step 63] 完整步骤总时间: 5.858732s | 总显存: 0.00 B
[Step 63] 峰值显存: 6.23 GB

[Step 64] ============ 详细性能分析 ============
[模型部分] 总时间: 1.911736s | 显存: 4.11 GB

[0-9秒 PDE求解详细性能]

[19秒 PDE求解]
  t=19s - 时间: 1.892212s | 显存: 0.00 B

[PDE求解部分] 总时间: 1.892212s | 显存: 0.00 B

[本步骤总计] 时间: 3.803948s | 显存: 4.11 GB
orginal_loss:  tensor(160919.1719, device='cuda:0', grad_fn=<MseLossBackward0>)
[Step 64] Backward Propagation - Time: 4.0132s, Mem: -4413112320.00 B
[Step 64] PGD Update - Time: 0.0017s, Mem: 0.00 B

[Step 64] 完整步骤总时间: 5.929400s | 总显存: 0.00 B
[Step 64] 峰值显存: 6.23 GB

[Step 65] ============ 详细性能分析 ============
[模型部分] 总时间: 1.947810s | 显存: 4.12 GB

[0-9秒 PDE求解详细性能]

[19秒 PDE求解]
  t=19s - 时间: 1.928544s | 显存: 0.00 B

[PDE求解部分] 总时间: 1.928544s | 显存: 0.00 B

[本步骤总计] 时间: 3.876354s | 显存: 4.12 GB
orginal_loss:  tensor(169002.5938, device='cuda:0', grad_fn=<MseLossBackward0>)
[Step 65] Backward Propagation - Time: 3.9945s, Mem: -4413112320.00 B
[Step 65] PGD Update - Time: 0.0017s, Mem: 0.00 B

[Step 65] 完整步骤总时间: 5.946413s | 总显存: 0.00 B
[Step 65] 峰值显存: 6.23 GB

[Step 66] ============ 详细性能分析 ============
[模型部分] 总时间: 1.887827s | 显存: 4.11 GB

[0-9秒 PDE求解详细性能]

[19秒 PDE求解]
  t=19s - 时间: 1.868592s | 显存: 0.00 B

[PDE求解部分] 总时间: 1.868592s | 显存: 0.00 B

[本步骤总计] 时间: 3.756419s | 显存: 4.11 GB
orginal_loss:  tensor(149834.0781, device='cuda:0', grad_fn=<MseLossBackward0>)
[Step 66] Backward Propagation - Time: 3.9736s, Mem: -4413112320.00 B
[Step 66] PGD Update - Time: 0.0017s, Mem: 0.00 B

[Step 66] 完整步骤总时间: 5.866231s | 总显存: 0.00 B
[Step 66] 峰值显存: 6.23 GB

[Step 67] ============ 详细性能分析 ============
[模型部分] 总时间: 1.916752s | 显存: 4.12 GB

[0-9秒 PDE求解详细性能]

[19秒 PDE求解]
  t=19s - 时间: 1.897478s | 显存: 0.00 B

[PDE求解部分] 总时间: 1.897478s | 显存: 0.00 B

[本步骤总计] 时间: 3.814229s | 显存: 4.12 GB
orginal_loss:  tensor(148065.4688, device='cuda:0', grad_fn=<MseLossBackward0>)
[Step 67] Backward Propagation - Time: 3.9715s, Mem: -4413112320.00 B
[Step 67] PGD Update - Time: 0.0017s, Mem: 0.00 B

[Step 67] 完整步骤总时间: 5.892632s | 总显存: 0.00 B
[Step 67] 峰值显存: 6.23 GB

[Step 68] ============ 详细性能分析 ============
[模型部分] 总时间: 1.912819s | 显存: 4.11 GB

[0-9秒 PDE求解详细性能]

[19秒 PDE求解]
  t=19s - 时间: 1.893532s | 显存: 0.00 B

[PDE求解部分] 总时间: 1.893532s | 显存: 0.00 B

[本步骤总计] 时间: 3.806352s | 显存: 4.11 GB
orginal_loss:  tensor(157426.7500, device='cuda:0', grad_fn=<MseLossBackward0>)
[Step 68] Backward Propagation - Time: 3.9814s, Mem: -4413112320.00 B
[Step 68] PGD Update - Time: 0.0017s, Mem: 0.00 B

[Step 68] 完整步骤总时间: 5.898435s | 总显存: 0.00 B
[Step 68] 峰值显存: 6.23 GB

[Step 69] ============ 详细性能分析 ============
[模型部分] 总时间: 1.893883s | 显存: 4.12 GB

[0-9秒 PDE求解详细性能]

[19秒 PDE求解]
  t=19s - 时间: 1.874595s | 显存: 0.00 B

[PDE求解部分] 总时间: 1.874595s | 显存: 0.00 B

[本步骤总计] 时间: 3.768477s | 显存: 4.12 GB
orginal_loss:  tensor(178189.3906, device='cuda:0', grad_fn=<MseLossBackward0>)
[Step 69] Backward Propagation - Time: 3.9380s, Mem: -4413112320.00 B
[Step 69] PGD Update - Time: 0.0017s, Mem: 0.00 B

[Step 69] 完整步骤总时间: 5.836190s | 总显存: 0.00 B
[Step 69] 峰值显存: 6.23 GB

[Step 70] ============ 详细性能分析 ============
[模型部分] 总时间: 1.908392s | 显存: 4.11 GB

[0-9秒 PDE求解详细性能]

[19秒 PDE求解]
  t=19s - 时间: 1.889168s | 显存: 0.00 B

[PDE求解部分] 总时间: 1.889168s | 显存: 0.00 B

[本步骤总计] 时间: 3.797560s | 显存: 4.11 GB
orginal_loss:  tensor(152408.1562, device='cuda:0', grad_fn=<MseLossBackward0>)
[Step 70] Backward Propagation - Time: 3.9517s, Mem: -4413112320.00 B
[Step 70] PGD Update - Time: 0.0017s, Mem: 0.00 B

[Step 70] 完整步骤总时间: 5.864187s | 总显存: 0.00 B
[Step 70] 峰值显存: 6.23 GB

[Step 71] ============ 详细性能分析 ============
[模型部分] 总时间: 1.903798s | 显存: 4.12 GB

[0-9秒 PDE求解详细性能]

[19秒 PDE求解]
  t=19s - 时间: 1.884502s | 显存: 0.00 B

[PDE求解部分] 总时间: 1.884502s | 显存: 0.00 B

[本步骤总计] 时间: 3.788301s | 显存: 4.12 GB
orginal_loss:  tensor(163163.6875, device='cuda:0', grad_fn=<MseLossBackward0>)
[Step 71] Backward Propagation - Time: 3.9712s, Mem: -4413112320.00 B
[Step 71] PGD Update - Time: 0.0017s, Mem: 0.00 B

[Step 71] 完整步骤总时间: 5.879213s | 总显存: 0.00 B
[Step 71] 峰值显存: 6.23 GB

[Step 72] ============ 详细性能分析 ============
[模型部分] 总时间: 1.896102s | 显存: 4.11 GB

[0-9秒 PDE求解详细性能]

[19秒 PDE求解]
  t=19s - 时间: 1.876849s | 显存: 0.00 B

[PDE求解部分] 总时间: 1.876849s | 显存: 0.00 B

[本步骤总计] 时间: 3.772951s | 显存: 4.11 GB
orginal_loss:  tensor(157108.3438, device='cuda:0', grad_fn=<MseLossBackward0>)
[Step 72] Backward Propagation - Time: 3.9429s, Mem: -4413112320.00 B
[Step 72] PGD Update - Time: 0.0017s, Mem: 0.00 B

[Step 72] 完整步骤总时间: 5.843261s | 总显存: 0.00 B
[Step 72] 峰值显存: 6.23 GB

[Step 73] ============ 详细性能分析 ============
[模型部分] 总时间: 1.904469s | 显存: 4.12 GB

[0-9秒 PDE求解详细性能]

[19秒 PDE求解]
  t=19s - 时间: 1.885206s | 显存: 0.00 B

[PDE求解部分] 总时间: 1.885206s | 显存: 0.00 B

[本步骤总计] 时间: 3.789674s | 显存: 4.12 GB
orginal_loss:  tensor(152496.1875, device='cuda:0', grad_fn=<MseLossBackward0>)
[Step 73] Backward Propagation - Time: 3.9384s, Mem: -4413112320.00 B
[Step 73] PGD Update - Time: 0.0018s, Mem: 0.00 B

[Step 73] 完整步骤总时间: 5.847260s | 总显存: 0.00 B
[Step 73] 峰值显存: 6.23 GB

[Step 74] ============ 详细性能分析 ============
[模型部分] 总时间: 1.920417s | 显存: 4.11 GB

[0-9秒 PDE求解详细性能]

[19秒 PDE求解]
  t=19s - 时间: 1.900863s | 显存: 0.00 B

[PDE求解部分] 总时间: 1.900863s | 显存: 0.00 B

[本步骤总计] 时间: 3.821279s | 显存: 4.11 GB
orginal_loss:  tensor(164304.9375, device='cuda:0', grad_fn=<MseLossBackward0>)
[Step 74] Backward Propagation - Time: 3.9884s, Mem: -4413112320.00 B
[Step 74] PGD Update - Time: 0.0017s, Mem: 0.00 B

[Step 74] 完整步骤总时间: 5.912960s | 总显存: 0.00 B
[Step 74] 峰值显存: 6.23 GB

[Step 75] ============ 详细性能分析 ============
[模型部分] 总时间: 1.895837s | 显存: 4.12 GB

[0-9秒 PDE求解详细性能]

[19秒 PDE求解]
  t=19s - 时间: 1.876584s | 显存: 0.00 B

[PDE求解部分] 总时间: 1.876584s | 显存: 0.00 B

[本步骤总计] 时间: 3.772421s | 显存: 4.12 GB
orginal_loss:  tensor(169624.0469, device='cuda:0', grad_fn=<MseLossBackward0>)
[Step 75] Backward Propagation - Time: 3.9493s, Mem: -4413112320.00 B
[Step 75] PGD Update - Time: 0.0017s, Mem: 0.00 B

[Step 75] 完整步骤总时间: 5.849421s | 总显存: 0.00 B
[Step 75] 峰值显存: 6.23 GB

[Step 76] ============ 详细性能分析 ============
[模型部分] 总时间: 1.905310s | 显存: 4.11 GB

[0-9秒 PDE求解详细性能]

[19秒 PDE求解]
  t=19s - 时间: 1.886025s | 显存: 0.00 B

[PDE求解部分] 总时间: 1.886025s | 显存: 0.00 B

[本步骤总计] 时间: 3.791335s | 显存: 4.11 GB
orginal_loss:  tensor(161839.4375, device='cuda:0', grad_fn=<MseLossBackward0>)
[Step 76] Backward Propagation - Time: 3.9374s, Mem: -4413112320.00 B
[Step 76] PGD Update - Time: 0.0017s, Mem: 0.00 B

[Step 76] 完整步骤总时间: 5.847644s | 总显存: 0.00 B
[Step 76] 峰值显存: 6.23 GB

[Step 77] ============ 详细性能分析 ============
[模型部分] 总时间: 1.906240s | 显存: 4.12 GB

[0-9秒 PDE求解详细性能]

[19秒 PDE求解]
  t=19s - 时间: 1.886966s | 显存: 0.00 B

[PDE求解部分] 总时间: 1.886966s | 显存: 0.00 B

[本步骤总计] 时间: 3.793206s | 显存: 4.12 GB
orginal_loss:  tensor(162979.3750, device='cuda:0', grad_fn=<MseLossBackward0>)
[Step 77] Backward Propagation - Time: 3.9758s, Mem: -4413112320.00 B
[Step 77] PGD Update - Time: 0.0017s, Mem: 0.00 B

[Step 77] 完整步骤总时间: 5.886397s | 总显存: 0.00 B
[Step 77] 峰值显存: 6.23 GB

[Step 78] ============ 详细性能分析 ============
[模型部分] 总时间: 1.913628s | 显存: 4.11 GB

[0-9秒 PDE求解详细性能]

[19秒 PDE求解]
  t=19s - 时间: 1.894484s | 显存: 0.00 B

[PDE求解部分] 总时间: 1.894484s | 显存: 0.00 B

[本步骤总计] 时间: 3.808112s | 显存: 4.11 GB
orginal_loss:  tensor(163763.8125, device='cuda:0', grad_fn=<MseLossBackward0>)
[Step 78] Backward Propagation - Time: 3.9536s, Mem: -4413112320.00 B
[Step 78] PGD Update - Time: 0.0017s, Mem: 0.00 B

[Step 78] 完整步骤总时间: 5.871489s | 总显存: 0.00 B
[Step 78] 峰值显存: 6.23 GB

[Step 79] ============ 详细性能分析 ============
[模型部分] 总时间: 1.892083s | 显存: 4.12 GB

[0-9秒 PDE求解详细性能]

[19秒 PDE求解]
  t=19s - 时间: 1.872846s | 显存: 0.00 B

[PDE求解部分] 总时间: 1.872846s | 显存: 0.00 B

[本步骤总计] 时间: 3.764929s | 显存: 4.12 GB
orginal_loss:  tensor(157471.5312, device='cuda:0', grad_fn=<MseLossBackward0>)
[Step 79] Backward Propagation - Time: 3.9223s, Mem: -4413112320.00 B
[Step 79] PGD Update - Time: 0.0017s, Mem: 0.00 B

[Step 79] 完整步骤总时间: 5.818570s | 总显存: 0.00 B
[Step 79] 峰值显存: 6.23 GB

[Step 80] ============ 详细性能分析 ============
[模型部分] 总时间: 1.905774s | 显存: 4.11 GB

[0-9秒 PDE求解详细性能]

[19秒 PDE求解]
  t=19s - 时间: 1.886533s | 显存: 0.00 B

[PDE求解部分] 总时间: 1.886533s | 显存: 0.00 B

[本步骤总计] 时间: 3.792307s | 显存: 4.11 GB
orginal_loss:  tensor(159359.7031, device='cuda:0', grad_fn=<MseLossBackward0>)
[Step 80] Backward Propagation - Time: 14.1259s, Mem: -4413112320.00 B
[Step 80] PGD Update - Time: 1.2401s, Mem: 0.00 B

[Step 80] 完整步骤总时间: 17.281738s | 总显存: 0.00 B
[Step 80] 峰值显存: 6.23 GB

[Step 81] ============ 详细性能分析 ============
[模型部分] 总时间: 3.776614s | 显存: 4.12 GB

[0-9秒 PDE求解详细性能]

[19秒 PDE求解]
  t=19s - 时间: 2.166881s | 显存: 0.00 B

[PDE求解部分] 总时间: 2.166881s | 显存: 0.00 B

[本步骤总计] 时间: 5.943495s | 显存: 4.12 GB
orginal_loss:  tensor(164257.7656, device='cuda:0', grad_fn=<MseLossBackward0>)
[Step 81] Backward Propagation - Time: 4.8604s, Mem: -4413112320.00 B
[Step 81] PGD Update - Time: 0.0018s, Mem: 0.00 B

[Step 81] 完整步骤总时间: 9.452308s | 总显存: 0.00 B
[Step 81] 峰值显存: 6.23 GB

[Step 82] ============ 详细性能分析 ============
[模型部分] 总时间: 1.893057s | 显存: 4.11 GB

[0-9秒 PDE求解详细性能]

[19秒 PDE求解]
  t=19s - 时间: 1.873578s | 显存: 0.00 B

[PDE求解部分] 总时间: 1.873578s | 显存: 0.00 B

[本步骤总计] 时间: 3.766635s | 显存: 4.11 GB
orginal_loss:  tensor(166427., device='cuda:0', grad_fn=<MseLossBackward0>)
[Step 82] Backward Propagation - Time: 7.2928s, Mem: -4413112320.00 B
[Step 82] PGD Update - Time: 0.0018s, Mem: 0.00 B

[Step 82] 完整步骤总时间: 9.190272s | 总显存: 0.00 B
[Step 82] 峰值显存: 6.23 GB

[Step 83] ============ 详细性能分析 ============
[模型部分] 总时间: 1.889748s | 显存: 4.12 GB

[0-9秒 PDE求解详细性能]

[19秒 PDE求解]
  t=19s - 时间: 1.870420s | 显存: 0.00 B

[PDE求解部分] 总时间: 1.870420s | 显存: 0.00 B

[本步骤总计] 时间: 3.760168s | 显存: 4.12 GB
orginal_loss:  tensor(165001.0312, device='cuda:0', grad_fn=<MseLossBackward0>)
[Step 83] Backward Propagation - Time: 3.9848s, Mem: -4413112320.00 B
[Step 83] PGD Update - Time: 0.0017s, Mem: 0.00 B

[Step 83] 完整步骤总时间: 5.878765s | 总显存: 0.00 B
[Step 83] 峰值显存: 6.23 GB

[Step 84] ============ 详细性能分析 ============
[模型部分] 总时间: 1.909620s | 显存: 4.11 GB

[0-9秒 PDE求解详细性能]

[19秒 PDE求解]
  t=19s - 时间: 1.890376s | 显存: 0.00 B

[PDE求解部分] 总时间: 1.890376s | 显存: 0.00 B

[本步骤总计] 时间: 3.799996s | 显存: 4.11 GB
orginal_loss:  tensor(163474.8125, device='cuda:0', grad_fn=<MseLossBackward0>)
[Step 84] Backward Propagation - Time: 4.0439s, Mem: -4413112320.00 B
[Step 84] PGD Update - Time: 0.0018s, Mem: 0.00 B

[Step 84] 完整步骤总时间: 5.958305s | 总显存: 0.00 B
[Step 84] 峰值显存: 6.23 GB

[Step 85] ============ 详细性能分析 ============
[模型部分] 总时间: 1.933523s | 显存: 4.12 GB

[0-9秒 PDE求解详细性能]

[19秒 PDE求解]
  t=19s - 时间: 1.914235s | 显存: 0.00 B

[PDE求解部分] 总时间: 1.914235s | 显存: 0.00 B

[本步骤总计] 时间: 3.847757s | 显存: 4.12 GB
orginal_loss:  tensor(157239.6875, device='cuda:0', grad_fn=<MseLossBackward0>)
[Step 85] Backward Propagation - Time: 3.9038s, Mem: -4413112320.00 B
[Step 85] PGD Update - Time: 0.0017s, Mem: 0.00 B

[Step 85] 完整步骤总时间: 5.841344s | 总显存: 0.00 B
[Step 85] 峰值显存: 6.23 GB

[Step 86] ============ 详细性能分析 ============
[模型部分] 总时间: 1.935525s | 显存: 4.11 GB

[0-9秒 PDE求解详细性能]

[19秒 PDE求解]
  t=19s - 时间: 1.916270s | 显存: 0.00 B

[PDE求解部分] 总时间: 1.916270s | 显存: 0.00 B

[本步骤总计] 时间: 3.851794s | 显存: 4.11 GB
orginal_loss:  tensor(172000.3438, device='cuda:0', grad_fn=<MseLossBackward0>)
[Step 86] Backward Propagation - Time: 3.9972s, Mem: -4413112320.00 B
[Step 86] PGD Update - Time: 0.0017s, Mem: 0.00 B

[Step 86] 完整步骤总时间: 5.937052s | 总显存: 0.00 B
[Step 86] 峰值显存: 6.23 GB

[Step 87] ============ 详细性能分析 ============
[模型部分] 总时间: 1.886375s | 显存: 4.12 GB

[0-9秒 PDE求解详细性能]

[19秒 PDE求解]
  t=19s - 时间: 1.867146s | 显存: 0.00 B

[PDE求解部分] 总时间: 1.867146s | 显存: 0.00 B

[本步骤总计] 时间: 3.753521s | 显存: 4.12 GB
orginal_loss:  tensor(174122.9375, device='cuda:0', grad_fn=<MseLossBackward0>)
[Step 87] Backward Propagation - Time: 3.9359s, Mem: -4413112320.00 B
[Step 87] PGD Update - Time: 0.0017s, Mem: 0.00 B

[Step 87] 完整步骤总时间: 5.826406s | 总显存: 0.00 B
[Step 87] 峰值显存: 6.23 GB

[Step 88] ============ 详细性能分析 ============
[模型部分] 总时间: 1.903335s | 显存: 4.11 GB

[0-9秒 PDE求解详细性能]

[19秒 PDE求解]
  t=19s - 时间: 1.884069s | 显存: 0.00 B

[PDE求解部分] 总时间: 1.884069s | 显存: 0.00 B

[本步骤总计] 时间: 3.787405s | 显存: 4.11 GB
orginal_loss:  tensor(162466.5938, device='cuda:0', grad_fn=<MseLossBackward0>)
[Step 88] Backward Propagation - Time: 3.9974s, Mem: -4413112320.00 B
[Step 88] PGD Update - Time: 0.0017s, Mem: 0.00 B

[Step 88] 完整步骤总时间: 5.904933s | 总显存: 0.00 B
[Step 88] 峰值显存: 6.23 GB

[Step 89] ============ 详细性能分析 ============
[模型部分] 总时间: 1.908658s | 显存: 4.12 GB

[0-9秒 PDE求解详细性能]

[19秒 PDE求解]
  t=19s - 时间: 1.889423s | 显存: 0.00 B

[PDE求解部分] 总时间: 1.889423s | 显存: 0.00 B

[本步骤总计] 时间: 3.798081s | 显存: 4.12 GB
orginal_loss:  tensor(164835.4062, device='cuda:0', grad_fn=<MseLossBackward0>)
[Step 89] Backward Propagation - Time: 3.9974s, Mem: -4413112320.00 B
[Step 89] PGD Update - Time: 0.0017s, Mem: 0.00 B

[Step 89] 完整步骤总时间: 5.910277s | 总显存: 0.00 B
[Step 89] 峰值显存: 6.23 GB

[Step 90] ============ 详细性能分析 ============
[模型部分] 总时间: 1.913550s | 显存: 4.11 GB

[0-9秒 PDE求解详细性能]

[19秒 PDE求解]
  t=19s - 时间: 1.894261s | 显存: 0.00 B

[PDE求解部分] 总时间: 1.894261s | 显存: 0.00 B

[本步骤总计] 时间: 3.807811s | 显存: 4.11 GB
orginal_loss:  tensor(167496.5000, device='cuda:0', grad_fn=<MseLossBackward0>)
[Step 90] Backward Propagation - Time: 3.9554s, Mem: -4413112320.00 B
[Step 90] PGD Update - Time: 0.0017s, Mem: 0.00 B

[Step 90] 完整步骤总时间: 5.873305s | 总显存: 0.00 B
[Step 90] 峰值显存: 6.23 GB

[Step 91] ============ 详细性能分析 ============
[模型部分] 总时间: 1.909542s | 显存: 4.12 GB

[0-9秒 PDE求解详细性能]

[19秒 PDE求解]
  t=19s - 时间: 1.890217s | 显存: 0.00 B

[PDE求解部分] 总时间: 1.890217s | 显存: 0.00 B

[本步骤总计] 时间: 3.799758s | 显存: 4.12 GB
orginal_loss:  tensor(166060.6875, device='cuda:0', grad_fn=<MseLossBackward0>)
[Step 91] Backward Propagation - Time: 3.9698s, Mem: -4413112320.00 B
[Step 91] PGD Update - Time: 0.0018s, Mem: 0.00 B

[Step 91] 完整步骤总时间: 5.883842s | 总显存: 0.00 B
[Step 91] 峰值显存: 6.23 GB

[Step 92] ============ 详细性能分析 ============
[模型部分] 总时间: 1.909736s | 显存: 4.11 GB

[0-9秒 PDE求解详细性能]

[19秒 PDE求解]
  t=19s - 时间: 1.890198s | 显存: 0.00 B

[PDE求解部分] 总时间: 1.890198s | 显存: 0.00 B

[本步骤总计] 时间: 3.799935s | 显存: 4.11 GB
orginal_loss:  tensor(164351.1250, device='cuda:0', grad_fn=<MseLossBackward0>)
[Step 92] Backward Propagation - Time: 3.9730s, Mem: -4413112320.00 B
[Step 92] PGD Update - Time: 0.0017s, Mem: 0.00 B

[Step 92] 完整步骤总时间: 5.887133s | 总显存: 0.00 B
[Step 92] 峰值显存: 6.23 GB

[Step 93] ============ 详细性能分析 ============
[模型部分] 总时间: 1.929523s | 显存: 4.12 GB

[0-9秒 PDE求解详细性能]

[19秒 PDE求解]
  t=19s - 时间: 1.910230s | 显存: 0.00 B

[PDE求解部分] 总时间: 1.910230s | 显存: 0.00 B

[本步骤总计] 时间: 3.839754s | 显存: 4.12 GB
orginal_loss:  tensor(167406.3125, device='cuda:0', grad_fn=<MseLossBackward0>)
[Step 93] Backward Propagation - Time: 3.9953s, Mem: -4413112320.00 B
[Step 93] PGD Update - Time: 0.0017s, Mem: 0.00 B

[Step 93] 完整步骤总时间: 5.928945s | 总显存: 0.00 B
[Step 93] 峰值显存: 6.23 GB

[Step 94] ============ 详细性能分析 ============
[模型部分] 总时间: 1.937095s | 显存: 4.11 GB

[0-9秒 PDE求解详细性能]

[19秒 PDE求解]
  t=19s - 时间: 1.917921s | 显存: 0.00 B

[PDE求解部分] 总时间: 1.917921s | 显存: 0.00 B

[本步骤总计] 时间: 3.855016s | 显存: 4.11 GB
orginal_loss:  tensor(166415.8125, device='cuda:0', grad_fn=<MseLossBackward0>)
[Step 94] Backward Propagation - Time: 3.9940s, Mem: -4413112320.00 B
[Step 94] PGD Update - Time: 0.0018s, Mem: 0.00 B

[Step 94] 完整步骤总时间: 5.935391s | 总显存: 0.00 B
[Step 94] 峰值显存: 6.23 GB

[Step 95] ============ 详细性能分析 ============
[模型部分] 总时间: 1.881521s | 显存: 4.12 GB

[0-9秒 PDE求解详细性能]

[19秒 PDE求解]
  t=19s - 时间: 1.862330s | 显存: 0.00 B

[PDE求解部分] 总时间: 1.862330s | 显存: 0.00 B

[本步骤总计] 时间: 3.743851s | 显存: 4.12 GB
orginal_loss:  tensor(168996.7969, device='cuda:0', grad_fn=<MseLossBackward0>)
[Step 95] Backward Propagation - Time: 3.9882s, Mem: -4413112320.00 B
[Step 95] PGD Update - Time: 0.0017s, Mem: 0.00 B

[Step 95] 完整步骤总时间: 5.873875s | 总显存: 0.00 B
[Step 95] 峰值显存: 6.23 GB

[Step 96] ============ 详细性能分析 ============
[模型部分] 总时间: 1.899674s | 显存: 4.11 GB

[0-9秒 PDE求解详细性能]

[19秒 PDE求解]
  t=19s - 时间: 1.880386s | 显存: 0.00 B

[PDE求解部分] 总时间: 1.880386s | 显存: 0.00 B

[本步骤总计] 时间: 3.780060s | 显存: 4.11 GB
orginal_loss:  tensor(168118.3906, device='cuda:0', grad_fn=<MseLossBackward0>)
[Step 96] Backward Propagation - Time: 3.9192s, Mem: -4413112320.00 B
[Step 96] PGD Update - Time: 0.0017s, Mem: 0.00 B

[Step 96] 完整步骤总时间: 5.822785s | 总显存: 0.00 B
[Step 96] 峰值显存: 6.23 GB

[Step 97] ============ 详细性能分析 ============
[模型部分] 总时间: 1.904494s | 显存: 4.12 GB

[0-9秒 PDE求解详细性能]

[19秒 PDE求解]
  t=19s - 时间: 1.885293s | 显存: 0.00 B

[PDE求解部分] 总时间: 1.885293s | 显存: 0.00 B

[本步骤总计] 时间: 3.789787s | 显存: 4.12 GB
orginal_loss:  tensor(154997.3750, device='cuda:0', grad_fn=<MseLossBackward0>)
[Step 97] Backward Propagation - Time: 3.9410s, Mem: -4413112320.00 B
[Step 97] PGD Update - Time: 0.0017s, Mem: 0.00 B

[Step 97] 完整步骤总时间: 5.849430s | 总显存: 0.00 B
[Step 97] 峰值显存: 6.23 GB

[Step 98] ============ 详细性能分析 ============
[模型部分] 总时间: 1.884308s | 显存: 4.11 GB

[0-9秒 PDE求解详细性能]

[19秒 PDE求解]
  t=19s - 时间: 1.865046s | 显存: 0.00 B

[PDE求解部分] 总时间: 1.865046s | 显存: 0.00 B

[本步骤总计] 时间: 3.749354s | 显存: 4.11 GB
orginal_loss:  tensor(171743.1719, device='cuda:0', grad_fn=<MseLossBackward0>)
[Step 98] Backward Propagation - Time: 3.9512s, Mem: -4413112320.00 B
[Step 98] PGD Update - Time: 0.0017s, Mem: 0.00 B

[Step 98] 完整步骤总时间: 5.839726s | 总显存: 0.00 B
[Step 98] 峰值显存: 6.23 GB

[Step 99] ============ 详细性能分析 ============
[模型部分] 总时间: 1.906356s | 显存: 4.12 GB

[0-9秒 PDE求解详细性能]

[19秒 PDE求解]
  t=19s - 时间: 1.887075s | 显存: 0.00 B

[PDE求解部分] 总时间: 1.887075s | 显存: 0.00 B

[本步骤总计] 时间: 3.793431s | 显存: 4.12 GB
orginal_loss:  tensor(165881.7188, device='cuda:0', grad_fn=<MseLossBackward0>)
[Step 99] Backward Propagation - Time: 3.9665s, Mem: -4413112320.00 B
[Step 99] PGD Update - Time: 0.0017s, Mem: 0.00 B

[Step 99] 完整步骤总时间: 5.877012s | 总显存: 0.00 B
[Step 99] 峰值显存: 6.23 GB
清理前显存占用: 2092.7470703125 MB
PGD攻击完成！显存已清理
当前显存占用: 2092.2470703125 MB
