task,epoch,global_step,attack_batch_size,label_mode,target_source,attack_wall_sec,attack_sec_per_sample,attack_samples_per_sec,attack_loss_objective,attack_objective_definition,attack_uses_solver_forward,attack_uses_solver_backward,attack_target_source,attack_type,attack_method,attack_steps,epsilon_mean,epsilon_min,epsilon_max,alpha_mean,clean_loss_before_attack,adv_loss_after_attack,attack_loss_gain,clean_solver_mse_before_attack,adv_solver_mse_after_attack,solver_mse_attack_gain,boundary_ratio_mean,delta_linf_mean,delta_l2_rms_mean,darcy_budget_pixels_mean,darcy_flip_fraction,darcy_positive_score_fraction,darcy_last_step_flips_total,darcy_loss1_random_start_enabled,darcy_loss1_random_start_fraction,darcy_loss1_random_start_flips_total,darcy_loss1_random_start_flips_mean,target_min,target_max,target_absmax,target_invalid_fraction
darcy,1,1,64,solver,solver_x_adv_training_target,2.136938253010157,0.0333896602032837,29.949391335873937,loss1,"MSE(model(a_adv), model(a_clean).detach())",0,0,fixed clean model output; no solver in attack,binary_replace,binary_steepest_replace,1,0.0250519029796123,0.0250519029796123,0.0250519029796123,0.0250519029796123,0.0,5.969272365291545e-07,5.969272365291545e-07,1.9202680334728942e-08,2.83181851301606e-08,9.11550479543166e-09,2.0039792358875275,9.0,2.0144622325897217,181.0,0.0500994808971881,0.7005384564399719,11584,1,1.0,11584,181.0,0.0,0.0139136454090476,0.0139136454090476,0.0
darcy,2,2,64,solver,solver_x_adv_training_target,0.4853988240065519,0.0075843566251023,131.8503400394232,loss1,"MSE(model(a_adv), model(a_clean).detach())",0,0,fixed clean model output; no solver in attack,binary_replace,binary_steepest_replace,1,0.0250519029796123,0.0250519029796123,0.0250519029796123,0.0250519029796123,0.0,5.46029639281187e-07,5.46029639281187e-07,5.986731821394642e-08,5.4677492755672574e-08,-5.1898254582738446e-09,2.0024220645427704,9.0,2.0136756896972656,181.0,0.0500605516135692,0.704586923122406,11584,1,1.0,11584,181.0,0.0,0.0137725193053483,0.0137725193053483,0.0
darcy,3,3,64,solver,solver_x_adv_training_target,0.483484252996277,0.0075544414530668,132.3724601233141,loss1,"MSE(model(a_adv), model(a_clean).detach())",0,0,fixed clean model output; no solver in attack,binary_replace,binary_steepest_replace,1,0.0250519029796123,0.0250519029796123,0.0250519029796123,0.0250519029796123,0.0,6.250245974115387e-07,6.250245974115387e-07,1.1409749731683403e-06,1.1369661478966009e-06,-4.008825271739624e-09,2.0031140744686127,9.0,2.014026641845703,181.0,0.0500778518617153,0.7118382453918457,11584,1,1.0,11584,181.0,0.0,0.01386543456465,0.01386543456465,0.0
darcy,4,4,64,solver,solver_x_adv_training_target,0.483640426013153,0.0075568816564555,132.32971554420774,loss1,"MSE(model(a_adv), model(a_clean).detach())",0,0,fixed clean model output; no solver in attack,binary_replace,binary_steepest_replace,1,0.0250519029796123,0.0250519029796123,0.0250519029796123,0.0250519029796123,0.0,5.763120043411618e-07,5.763120043411618e-07,6.706598298933386e-08,6.351979209284765e-08,-3.546190896486223e-09,2.002595067024231,9.0,2.013765335083008,181.0,0.0500648766756057,0.7192041277885437,11584,1,1.0,11584,181.0,0.0,0.0138938520103693,0.0138938520103693,0.0
darcy,5,5,64,solver,solver_x_adv_training_target,0.4838793369999621,0.0075606146406244,132.26437896025516,loss1,"MSE(model(a_adv), model(a_clean).detach())",0,0,fixed clean model output; no solver in attack,binary_replace,binary_steepest_replace,1,0.0250519029796123,0.0250519029796123,0.0250519029796123,0.0250519029796123,0.0,5.321051048667869e-07,5.321051048667869e-07,6.988029781496152e-07,6.359431381497416e-07,-6.285983999987367e-08,2.0024220645427704,9.0,2.0136756896972656,181.0,0.0500605516135692,0.7161137461662292,11584,1,1.0,11584,181.0,0.0,0.0139145702123641,0.0139145702123641,0.0
darcy,6,6,64,solver,solver_x_adv_training_target,0.5021404229919426,0.0078459441092491,127.45438739758052,loss1,"MSE(model(a_adv), model(a_clean).detach())",0,0,fixed clean model output; no solver in attack,binary_replace,binary_steepest_replace,1,0.0250519029796123,0.0250519029796123,0.0250519029796123,0.0250519029796123,0.0,5.047822355663811e-07,5.047822355663811e-07,2.2447885328347186e-07,1.943408136639846e-07,-3.0138039619487245e-08,2.0031140744686127,9.0,2.014026641845703,181.0,0.0500778518617153,0.7130557894706726,11584,1,1.0,11584,181.0,0.0,0.0137760611250996,0.0137760611250996,0.0
darcy,7,7,64,solver,solver_x_adv_training_target,0.4882118059904314,0.0076283094686004,131.09064388593328,loss1,"MSE(model(a_adv), model(a_clean).detach())",0,0,fixed clean model output; no solver in attack,binary_replace,binary_steepest_replace,1,0.0250519029796123,0.0250519029796123,0.0250519029796123,0.0250519029796123,0.0,5.901804343011463e-07,5.901804343011463e-07,2.2095781559983155e-07,2.2027336399332853e-07,-6.844516065029892e-10,2.004152238368988,9.0,2.0145492553710938,181.0,0.0501038059592247,0.7078871130943298,11584,1,1.0,11584,181.0,0.0,0.0138827916234731,0.0138827916234731,0.0
darcy,8,8,64,solver,solver_x_adv_training_target,0.4865120080066845,0.0076017501251044,131.54865439440636,loss1,"MSE(model(a_adv), model(a_clean).detach())",0,0,fixed clean model output; no solver in attack,binary_replace,binary_steepest_replace,1,0.0250519029796123,0.0250519029796123,0.0250519029796123,0.0250519029796123,0.0,6.165529384816182e-07,6.165529384816182e-07,3.17347087275266e-07,3.051620751648443e-07,-1.2185012110421669e-08,2.001730054616928,9.0,2.0133285522460938,181.0,0.0500432513654232,0.7102659940719604,11584,1,1.0,11584,181.0,0.0,0.0138534782454371,0.0138534782454371,0.0
darcy,9,9,64,solver,solver_x_adv_training_target,0.4833357689785771,0.0075521213902902,132.41312583848242,loss1,"MSE(model(a_adv), model(a_clean).detach())",0,0,fixed clean model output; no solver in attack,binary_replace,binary_steepest_replace,1,0.0250519029796123,0.0250519029796123,0.0250519029796123,0.0250519029796123,0.0,6.08607138019579e-07,6.08607138019579e-07,7.687457070915117e-08,7.761138931527968e-08,7.368186061285086e-10,2.0006920397281647,9.0,2.0127975940704346,181.0,0.0500173009932041,0.721688985824585,11584,1,1.0,11584,181.0,0.0,0.0138680636882781,0.0138680636882781,0.0
darcy,10,10,64,solver,solver_x_adv_training_target,0.4814443999784998,0.007522568749664,132.93331483938348,loss1,"MSE(model(a_adv), model(a_clean).detach())",0,0,fixed clean model output; no solver in attack,binary_replace,binary_steepest_replace,1,0.0250519029796123,0.0250519029796123,0.0250519029796123,0.0250519029796123,0.0,5.47147351426247e-07,5.47147351426247e-07,2.144408881576965e-07,1.973216967599001e-07,-1.7119191397796385e-08,2.002941071987152,9.0,2.013939380645752,181.0,0.0500735267996788,0.7151816487312317,11584,1,1.0,11584,181.0,0.0,0.0138084813952445,0.0138084813952445,0.0
darcy,11,11,64,solver,solver_x_adv_training_target,0.4831241449865047,0.0075488147654141,132.47112706773896,loss1,"MSE(model(a_adv), model(a_clean).detach())",0,0,fixed clean model output; no solver in attack,binary_replace,binary_steepest_replace,1,0.0250519029796123,0.0250519029796123,0.0250519029796123,0.0250519029796123,0.0,4.994486175746715e-07,4.994486175746715e-07,1.4350038668453638e-07,1.1128607724231189e-07,-3.221430944222448e-08,2.00224906206131,9.0,2.013589859008789,181.0,0.0500562265515327,0.7084363698959351,11584,1,1.0,11584,181.0,0.0,0.0138219483196735,0.0138219483196735,0.0
darcy,12,12,64,solver,solver_x_adv_training_target,0.4814023500075564,0.007521911718868,132.94492641964754,loss1,"MSE(model(a_adv), model(a_clean).detach())",0,0,fixed clean model output; no solver in attack,binary_replace,binary_steepest_replace,1,0.0250519029796123,0.0250519029796123,0.0250519029796123,0.0250519029796123,0.0,4.79927393826074e-07,4.79927393826074e-07,9.820976032415275e-08,9.840974257713243e-08,1.9998225297968017e-10,2.003460079431534,9.0,2.0142009258270264,181.0,0.0500865019857883,0.7097685933113098,11584,1,1.0,11584,181.0,0.0,0.0138733079656958,0.0138733079656958,0.0
darcy,13,13,64,solver,solver_x_adv_training_target,0.5135510610125493,0.008024235328321,124.62246670041652,loss1,"MSE(model(a_adv), model(a_clean).detach())",0,0,fixed clean model output; no solver in attack,binary_replace,binary_steepest_replace,1,0.0250519029796123,0.0250519029796123,0.0250519029796123,0.0250519029796123,0.0,5.396936444412859e-07,5.396936444412859e-07,1.0133854999594405e-07,1.1677681044375277e-07,1.5438260447808716e-08,2.003460079431534,9.0,2.0142009258270264,181.0,0.0500865019857883,0.7048961520195007,11584,1,1.0,11584,181.0,0.0,0.0138706071302294,0.0138706071302294,0.0
darcy,14,14,64,solver,solver_x_adv_training_target,0.4838472699921112,0.0075601135936267,132.2731447901803,loss1,"MSE(model(a_adv), model(a_clean).detach())",0,0,fixed clean model output; no solver in attack,binary_replace,binary_steepest_replace,1,0.0250519029796123,0.0250519029796123,0.0250519029796123,0.0250519029796123,0.0,5.829485871799989e-07,5.829485871799989e-07,3.816659699396041e-08,4.117980978435298e-08,3.013212790392572e-09,2.001730054616928,9.0,2.0133280754089355,181.0,0.0500432513654232,0.7079800963401794,11584,1,1.0,11584,181.0,0.0,0.0138276759535074,0.0138276759535074,0.0
darcy,15,15,64,solver,solver_x_adv_training_target,0.485915510013001,0.0075924298439531,131.7101403046131,loss1,"MSE(model(a_adv), model(a_clean).detach())",0,0,fixed clean model output; no solver in attack,binary_replace,binary_steepest_replace,1,0.0250519029796123,0.0250519029796123,0.0250519029796123,0.0250519029796123,0.0,6.245140866667498e-07,6.245140866667498e-07,9.796389832672504e-08,1.0018955265422846e-07,2.225654327503434e-09,2.0015570521354675,9.0,2.0132293701171875,181.0,0.0500389263033866,0.7115051746368408,11584,1,1.0,11584,181.0,0.0,0.0138430520892143,0.0138430520892143,0.0
darcy,16,16,64,solver,solver_x_adv_training_target,0.492709879996255,0.0076985918749414,129.89388400428757,loss1,"MSE(model(a_adv), model(a_clean).detach())",0,0,fixed clean model output; no solver in attack,binary_replace,binary_steepest_replace,1,0.0250519029796123,0.0250519029796123,0.0250519029796123,0.0250519029796123,0.0,5.724616585212061e-07,5.724616585212061e-07,5.140879366649642e-08,5.162000249470111e-08,2.1120882820468975e-10,2.0031140744686127,9.0,2.014026403427124,181.0,0.0500778518617153,0.7078611254692078,11584,1,1.0,11584,181.0,0.0,0.0138012412935495,0.0138012412935495,0.0
darcy,17,17,64,solver,solver_x_adv_training_target,0.4852383100078441,0.0075818485938725,131.89395536177966,loss1,"MSE(model(a_adv), model(a_clean).detach())",0,0,fixed clean model output; no solver in attack,binary_replace,binary_steepest_replace,1,0.0250519029796123,0.0250519029796123,0.0250519029796123,0.0250519029796123,0.0,5.477985496327165e-07,5.477985496327165e-07,3.8924689249597584e-08,4.0079974894524646e-08,1.155285644927062e-09,2.002595067024231,9.0,2.0137648582458496,181.0,0.0500648766756057,0.7133066654205322,11584,1,1.0,11584,181.0,0.0,0.0139519274234771,0.0139519274234771,0.0
darcy,18,18,64,solver,solver_x_adv_training_target,0.4831432349747047,0.0075491130464797,132.46589285960047,loss1,"MSE(model(a_adv), model(a_clean).detach())",0,0,fixed clean model output; no solver in attack,binary_replace,binary_steepest_replace,1,0.0250519029796123,0.0250519029796123,0.0250519029796123,0.0250519029796123,0.0,5.27170982422831e-07,5.27170982422831e-07,6.518572348568341e-08,6.93404871299208e-08,4.1547636442373914e-09,2.003460079431534,9.0,2.0142006874084477,181.0,0.0500865019857883,0.7120717763900757,11584,1,1.0,11584,181.0,0.0,0.0138346906751394,0.0138346906751394,0.0
darcy,19,19,64,solver,solver_x_adv_training_target,0.5216274369740859,0.00815042870272,122.69293266331672,loss1,"MSE(model(a_adv), model(a_clean).detach())",0,0,fixed clean model output; no solver in attack,binary_replace,binary_steepest_replace,1,0.0250519029796123,0.0250519029796123,0.0250519029796123,0.0250519029796123,0.0,5.44213548892003e-07,5.44213548892003e-07,2.9306420401553623e-08,2.674821786285975e-08,-2.5582025386938767e-09,2.0036332309246063,9.0,2.0142879486083984,181.0,0.0500908307731151,0.7050129771232605,11584,1,1.0,11584,181.0,0.0,0.0138362133875489,0.0138362133875489,0.0
darcy,20,20,64,solver,solver_x_adv_training_target,0.4859706859861035,0.0075932919685328,131.6951862438676,loss1,"MSE(model(a_adv), model(a_clean).detach())",0,0,fixed clean model output; no solver in attack,binary_replace,binary_steepest_replace,1,0.0250519029796123,0.0250519029796123,0.0250519029796123,0.0250519029796123,0.0,5.704347358914674e-07,5.704347358914674e-07,5.0976648680034486e-08,4.645293927296734e-08,-4.5237094070671455e-09,2.0024220645427704,9.0,2.013676881790161,181.0,0.0500605516135692,0.7145479917526245,11584,1,1.0,11584,181.0,0.0,0.0138334669172763,0.0138334669172763,0.0
darcy,21,21,64,solver,solver_x_adv_training_target,0.4820368699729442,0.0075318260933272,132.76992692196384,loss1,"MSE(model(a_adv), model(a_clean).detach())",0,0,fixed clean model output; no solver in attack,binary_replace,binary_steepest_replace,1,0.0250519029796123,0.0250519029796123,0.0250519029796123,0.0250519029796123,0.0,5.90981812820246e-07,5.90981812820246e-07,3.60337466531746e-08,3.5681907206708274e-08,-3.5183944646632876e-10,2.003806233406067,9.0,2.0143752098083496,181.0,0.0500951558351516,0.7129843831062317,11584,1,1.0,11584,181.0,0.0,0.0137857040390372,0.0137857040390372,0.0
darcy,22,22,64,solver,solver_x_adv_training_target,0.4814118490030523,0.0075220601406726,132.94230321197227,loss1,"MSE(model(a_adv), model(a_clean).detach())",0,0,fixed clean model output; no solver in attack,binary_replace,binary_steepest_replace,1,0.0250519029796123,0.0250519029796123,0.0250519029796123,0.0250519029796123,0.0,5.668990183949063e-07,5.668990183949063e-07,2.845333035850217e-08,3.1292994862042185e-08,2.839664503540007e-09,2.0027680695056915,9.0,2.0138518810272217,181.0,0.0500692017376422,0.7193814516067505,11584,1,1.0,11584,181.0,0.0,0.013899958692491,0.013899958692491,0.0
darcy,23,23,64,solver,solver_x_adv_training_target,0.4817176100041251,0.0075268376563144,132.8579206383008,loss1,"MSE(model(a_adv), model(a_clean).detach())",0,0,fixed clean model output; no solver in attack,binary_replace,binary_steepest_replace,1,0.0250519029796123,0.0250519029796123,0.0250519029796123,0.0250519029796123,0.0,5.60606792987528e-07,5.60606792987528e-07,3.075114562989256e-08,3.2838077146379874e-08,2.0869315164873115e-09,2.003460079431534,9.0,2.014200210571289,181.0,0.0500865019857883,0.7133996486663818,11584,1,1.0,11584,181.0,0.0,0.0138323679566383,0.0138323679566383,0.0
darcy,24,24,64,solver,solver_x_adv_training_target,0.4805510400037747,0.0075086100000589,133.18044218465803,loss1,"MSE(model(a_adv), model(a_clean).detach())",0,0,fixed clean model output; no solver in attack,binary_replace,binary_steepest_replace,1,0.0250519029796123,0.0250519029796123,0.0250519029796123,0.0250519029796123,0.0,5.59482941753231e-07,5.59482941753231e-07,2.784434904867794e-08,2.8510322991337492e-08,6.659739426595478e-10,2.002076059579849,9.0,2.013499021530152,181.0,0.0500519014894962,0.711952805519104,11584,1,1.0,11584,181.0,0.0,0.0137253701686859,0.0137253701686859,0.0
darcy,25,25,64,solver,solver_x_adv_training_target,0.4803029210015666,0.0075047331406494,133.2492416796925,loss1,"MSE(model(a_adv), model(a_clean).detach())",0,0,fixed clean model output; no solver in attack,binary_replace,binary_steepest_replace,1,0.0250519029796123,0.0250519029796123,0.0250519029796123,0.0250519029796123,0.0,5.780676701760967e-07,5.780676701760967e-07,3.2039977782005735e-08,3.054477204500472e-08,-1.495205737001015e-09,2.0027680695056915,9.0,2.0138509273529053,181.0,0.0500692017376422,0.7103957533836365,11584,1,1.0,11584,181.0,0.0,0.0138742951676249,0.0138742951676249,0.0
darcy,26,26,64,solver,solver_x_adv_training_target,0.4855461569968611,0.0075866587030759,131.8103316806063,loss1,"MSE(model(a_adv), model(a_clean).detach())",0,0,fixed clean model output; no solver in attack,binary_replace,binary_steepest_replace,1,0.0250519029796123,0.0250519029796123,0.0250519029796123,0.0250519029796123,0.0,5.919717978031258e-07,5.919717978031258e-07,2.104164664729069e-08,2.2219104778287143e-08,1.177458130996456e-09,2.00224906206131,9.0,2.0135903358459477,181.0,0.0500562265515327,0.7088884115219116,11584,1,1.0,11584,181.0,0.0,0.0138735612854361,0.0138735612854361,0.0
darcy,27,27,64,solver,solver_x_adv_training_target,0.4796321419999003,0.0074942522187484,133.43559448109986,loss1,"MSE(model(a_adv), model(a_clean).detach())",0,0,fixed clean model output; no solver in attack,binary_replace,binary_steepest_replace,1,0.0250519029796123,0.0250519029796123,0.0250519029796123,0.0250519029796123,0.0,5.948324997007148e-07,5.948324997007148e-07,2.5740181541777932e-08,2.8287118425396333e-08,2.5469368836184003e-09,2.0027680695056915,9.0,2.013852119445801,181.0,0.0500692017376422,0.7106855511665344,11584,1,1.0,11584,181.0,0.0,0.0138408839702606,0.0138408839702606,0.0
darcy,28,28,64,solver,solver_x_adv_training_target,0.5422341309895273,0.0084724082967113,118.03019460100364,loss1,"MSE(model(a_adv), model(a_clean).detach())",0,0,fixed clean model output; no solver in attack,binary_replace,binary_steepest_replace,1,0.0250519029796123,0.0250519029796123,0.0250519029796123,0.0250519029796123,0.0,5.622996468446217e-07,5.622996468446217e-07,2.1074349376704052e-08,2.2609246030924623e-08,1.5348966542205742e-09,2.002076059579849,9.0,2.013502597808838,181.0,0.0500519014894962,0.7125043272972107,11584,1,1.0,11584,181.0,0.0,0.0138969188556075,0.0138969188556075,0.0
darcy,29,29,64,solver,solver_x_adv_training_target,0.5426075239956845,0.0084782425624325,117.94897263626778,loss1,"MSE(model(a_adv), model(a_clean).detach())",0,0,fixed clean model output; no solver in attack,binary_replace,binary_steepest_replace,1,0.0250519029796123,0.0250519029796123,0.0250519029796123,0.0250519029796123,0.0,5.675976808561245e-07,5.675976808561245e-07,2.6631099103724413e-08,2.5394475855478053e-08,-1.2366232482463602e-09,2.0031140744686127,9.0,2.014026403427124,181.0,0.0500778518617153,0.7140181660652161,11584,1,1.0,11584,181.0,0.0,0.013820351101458,0.013820351101458,0.0
darcy,30,30,64,solver,solver_x_adv_training_target,0.4890380410070065,0.0076412193907344,130.8691648367761,loss1,"MSE(model(a_adv), model(a_clean).detach())",0,0,fixed clean model output; no solver in attack,binary_replace,binary_steepest_replace,1,0.0250519029796123,0.0250519029796123,0.0250519029796123,0.0250519029796123,0.0,5.632596185023431e-07,5.632596185023431e-07,2.4781256158235013e-08,2.5381549306757734e-08,6.002931485227235e-10,2.0036332309246063,9.0,2.0142879486083984,181.0,0.0500908307731151,0.7059082984924316,11584,1,1.0,11584,181.0,0.0,0.013874982483685,0.013874982483685,0.0
darcy,31,31,64,solver,solver_x_adv_training_target,0.4927249189931899,0.0076988268592685,129.88991937078092,loss1,"MSE(model(a_adv), model(a_clean).detach())",0,0,fixed clean model output; no solver in attack,binary_replace,binary_steepest_replace,1,0.0250519029796123,0.0250519029796123,0.0250519029796123,0.0250519029796123,0.0,5.803362910228316e-07,5.803362910228316e-07,2.1523996807104595e-08,2.3382488834045038e-08,1.858492026940439e-09,2.0024220645427704,9.0,2.0136756896972656,181.0,0.0500605516135692,0.7071020603179932,11584,1,1.0,11584,181.0,0.0,0.0138973388820886,0.0138973388820886,0.0
darcy,32,32,64,solver,solver_x_adv_training_target,0.4855636630090885,0.007586932234517,131.80557952665845,loss1,"MSE(model(a_adv), model(a_clean).detach())",0,0,fixed clean model output; no solver in attack,binary_replace,binary_steepest_replace,1,0.0250519029796123,0.0250519029796123,0.0250519029796123,0.0250519029796123,0.0,6.096687457102234e-07,6.096687457102234e-07,2.2061955817775925e-08,2.4240994989099818e-08,2.1790391713238924e-09,2.003287076950073,9.0,2.014112949371338,181.0,0.0500821769237518,0.7065008282661438,11584,1,1.0,11584,181.0,0.0,0.0138842221349477,0.0138842221349477,0.0
darcy,33,33,64,solver,solver_x_adv_training_target,0.5500368739885744,0.0085943261560714,116.355835447733,loss1,"MSE(model(a_adv), model(a_clean).detach())",0,0,fixed clean model output; no solver in attack,binary_replace,binary_steepest_replace,1,0.0250519029796123,0.0250519029796123,0.0250519029796123,0.0250519029796123,0.0,6.058123744878685e-07,6.058123744878685e-07,2.212545169300029e-08,2.2537809840628146e-08,4.12358147627856e-10,2.003460079431534,9.0,2.0142009258270264,181.0,0.0500865019857883,0.7066349387168884,11584,1,1.0,11584,181.0,0.0,0.0137452064082026,0.0137452064082026,0.0
darcy,34,34,64,solver,solver_x_adv_training_target,0.5492605270119384,0.0085821957345615,116.52029747735529,loss1,"MSE(model(a_adv), model(a_clean).detach())",0,0,fixed clean model output; no solver in attack,binary_replace,binary_steepest_replace,1,0.0250519029796123,0.0250519029796123,0.0250519029796123,0.0250519029796123,0.0,5.784011705145531e-07,5.784011705145531e-07,2.1933727722966975e-08,2.1233747204973952e-08,-6.999805179930262e-10,2.0003460347652435,9.0,2.012622833251953,181.0,0.050008650869131,0.7078459858894348,11584,1,1.0,11584,181.0,0.0,0.0137344505637884,0.0137344505637884,0.0
darcy,35,35,64,solver,solver_x_adv_training_target,0.4803401009994559,0.0075053140781164,133.23892772398884,loss1,"MSE(model(a_adv), model(a_clean).detach())",0,0,fixed clean model output; no solver in attack,binary_replace,binary_steepest_replace,1,0.0250519029796123,0.0250519029796123,0.0250519029796123,0.0250519029796123,0.0,5.882532150280895e-07,5.882532150280895e-07,2.075403493506656e-08,2.129566567532493e-08,5.416307402583698e-10,2.0027680695056915,9.0,2.0138518810272217,181.0,0.0500692017376422,0.7097642421722412,11584,1,1.0,11584,181.0,0.0,0.0138979209586977,0.0138979209586977,0.0
darcy,36,36,64,solver,solver_x_adv_training_target,0.4815188770007808,0.0075237324531372,132.9127539062113,loss1,"MSE(model(a_adv), model(a_clean).detach())",0,0,fixed clean model output; no solver in attack,binary_replace,binary_steepest_replace,1,0.0250519029796123,0.0250519029796123,0.0250519029796123,0.0250519029796123,0.0,5.64390063573228e-07,5.64390063573228e-07,2.065094939496248e-08,2.2362367957384777e-08,1.7114185624222955e-09,2.0027680695056915,9.0,2.0138487815856934,181.0,0.0500692017376422,0.7102702856063843,11584,1,1.0,11584,181.0,0.0,0.013858382590115,0.013858382590115,0.0
darcy,37,37,64,solver,solver_x_adv_training_target,0.4879899169900454,0.0076248424529694,131.1502507977138,loss1,"MSE(model(a_adv), model(a_clean).detach())",0,0,fixed clean model output; no solver in attack,binary_replace,binary_steepest_replace,1,0.0250519029796123,0.0250519029796123,0.0250519029796123,0.0250519029796123,0.0,5.920446142226865e-07,5.920446142226865e-07,2.0230089603501256e-08,2.0853455851010952e-08,6.233662475096935e-10,2.002595067024231,9.0,2.013763904571533,181.0,0.0500648766756057,0.7144982218742371,11584,1,1.0,11584,181.0,0.0,0.0138919027522206,0.0138919027522206,0.0
darcy,38,38,64,solver,solver_x_adv_training_target,0.4853676029888447,0.0075838687967006,131.8588212437222,loss1,"MSE(model(a_adv), model(a_clean).detach())",0,0,fixed clean model output; no solver in attack,binary_replace,binary_steepest_replace,1,0.0250519029796123,0.0250519029796123,0.0250519029796123,0.0250519029796123,0.0,6.000807388772955e-07,6.000807388772955e-07,2.1844616782118464e-08,2.0611267359527122e-08,-1.2333494225913455e-09,2.004152238368988,9.0,2.0145492553710938,181.0,0.0501038059592247,0.7122707366943359,11584,1,1.0,11584,181.0,0.0,0.0137871038168668,0.0137871038168668,0.0
darcy,39,39,64,solver,solver_x_adv_training_target,0.4856602389772888,0.0075884412340201,131.77936932776757,loss1,"MSE(model(a_adv), model(a_clean).detach())",0,0,fixed clean model output; no solver in attack,binary_replace,binary_steepest_replace,1,0.0250519029796123,0.0250519029796123,0.0250519029796123,0.0250519029796123,0.0,5.87686145081534e-07,5.87686145081534e-07,2.0276962331422513e-08,2.077049110482676e-08,4.935287734042504e-10,2.002941071987152,9.0,2.01393985748291,181.0,0.0500735267996788,0.7131704092025757,11584,1,1.0,11584,181.0,0.0,0.0137793198227882,0.0137793198227882,0.0
darcy,40,40,64,solver,solver_x_adv_training_target,0.549519993015565,0.0085862498908682,116.4652802690424,loss1,"MSE(model(a_adv), model(a_clean).detach())",0,0,fixed clean model output; no solver in attack,binary_replace,binary_steepest_replace,1,0.0250519029796123,0.0250519029796123,0.0250519029796123,0.0250519029796123,0.0,5.775168006039166e-07,5.775168006039166e-07,2.0910597697820776e-08,2.173027269236627e-08,8.19674994545494e-10,2.003460079431534,9.0,2.0142006874084477,181.0,0.0500865019857883,0.7086158990859985,11584,1,1.0,11584,181.0,0.0,0.0138551257550716,0.0138551257550716,0.0
darcy,41,41,64,solver,solver_x_adv_training_target,0.4812732889840845,0.0075198951403763,132.98057769858167,loss1,"MSE(model(a_adv), model(a_clean).detach())",0,0,fixed clean model output; no solver in attack,binary_replace,binary_steepest_replace,1,0.0250519029796123,0.0250519029796123,0.0250519029796123,0.0250519029796123,0.0,5.836522518620768e-07,5.836522518620768e-07,2.074230209814232e-08,2.022571621296265e-08,-5.165858851796655e-10,2.003287076950073,9.0,2.014113664627075,181.0,0.0500821769237518,0.7092581987380981,11584,1,1.0,11584,181.0,0.0,0.0139066558331251,0.0139066558331251,0.0
darcy,42,42,64,solver,solver_x_adv_training_target,0.4830682289903052,0.0075479410779735,132.48646083343317,loss1,"MSE(model(a_adv), model(a_clean).detach())",0,0,fixed clean model output; no solver in attack,binary_replace,binary_steepest_replace,1,0.0250519029796123,0.0250519029796123,0.0250519029796123,0.0250519029796123,0.0,5.930724000791088e-07,5.930724000791088e-07,2.1187508636444363e-08,2.147220534709504e-08,2.846967106506781e-10,2.002595067024231,9.0,2.013760566711426,181.0,0.0500648766756057,0.709303617477417,11584,1,1.0,11584,181.0,0.0,0.0137548726052045,0.0137548726052045,0.0
darcy,43,43,64,solver,solver_x_adv_training_target,0.4861153890087735,0.007595552953262,131.65598425201247,loss1,"MSE(model(a_adv), model(a_clean).detach())",0,0,fixed clean model output; no solver in attack,binary_replace,binary_steepest_replace,1,0.0250519029796123,0.0250519029796123,0.0250519029796123,0.0250519029796123,0.0,5.653106995850976e-07,5.653106995850976e-07,2.043066693602213e-08,2.1379854331371465e-08,9.491873953493266e-10,2.001730054616928,9.0,2.0133261680603027,181.0,0.0500432513654232,0.713758647441864,11584,1,1.0,11584,181.0,0.0,0.0139116635546088,0.0139116635546088,0.0
darcy,44,44,64,solver,solver_x_adv_training_target,0.4901925550075248,0.0076592586719925,130.56093844390915,loss1,"MSE(model(a_adv), model(a_clean).detach())",0,0,fixed clean model output; no solver in attack,binary_replace,binary_steepest_replace,1,0.0250519029796123,0.0250519029796123,0.0250519029796123,0.0250519029796123,0.0,5.914499183745647e-07,5.914499183745647e-07,2.0458267968592736e-08,2.0354477214823422e-08,-1.0379075376931723e-10,2.0024220645427704,9.0,2.013676643371582,181.0,0.0500605516135692,0.7126643657684326,11584,1,1.0,11584,181.0,0.0,0.0138147287070751,0.0138147287070751,0.0
darcy,45,45,64,solver,solver_x_adv_training_target,0.5471315570175648,0.0085489305783994,116.97369522764592,loss1,"MSE(model(a_adv), model(a_clean).detach())",0,0,fixed clean model output; no solver in attack,binary_replace,binary_steepest_replace,1,0.0250519029796123,0.0250519029796123,0.0250519029796123,0.0250519029796123,0.0,5.86327473683923e-07,5.86327473683923e-07,2.0204087292086115e-08,2.1074900047324263e-08,8.708127552381483e-10,2.00224906206131,9.0,2.0135884284973145,181.0,0.0500562265515327,0.7109991312026978,11584,1,1.0,11584,181.0,0.0,0.0138051621615886,0.0138051621615886,0.0
darcy,46,46,64,solver,solver_x_adv_training_target,0.5510273879917804,0.0086098029373715,116.14667690701914,loss1,"MSE(model(a_adv), model(a_clean).detach())",0,0,fixed clean model output; no solver in attack,binary_replace,binary_steepest_replace,1,0.0250519029796123,0.0250519029796123,0.0250519029796123,0.0250519029796123,0.0,5.709239303541835e-07,5.709239303541835e-07,2.1406085792818885e-08,2.0542147538549216e-08,-8.639382542696693e-10,2.0036332309246063,9.0,2.0142879486083984,181.0,0.0500908307731151,0.7136396765708923,11584,1,1.0,11584,181.0,0.0,0.0138194523751735,0.0138194523751735,0.0
darcy,47,47,64,solver,solver_x_adv_training_target,0.4913289359828923,0.0076770146247326,130.25896769537798,loss1,"MSE(model(a_adv), model(a_clean).detach())",0,0,fixed clean model output; no solver in attack,binary_replace,binary_steepest_replace,1,0.0250519029796123,0.0250519029796123,0.0250519029796123,0.0250519029796123,0.0,5.931074724685459e-07,5.931074724685459e-07,2.039941549014657e-08,2.0439173908926023e-08,3.9758418779456406e-11,2.002595067024231,9.0,2.0137646198272705,181.0,0.0500648766756057,0.7090743780136108,11584,1,1.0,11584,181.0,0.0,0.0137823596596717,0.0137823596596717,0.0
darcy,48,48,64,solver,solver_x_adv_training_target,0.4810601139906794,0.0075165642811043,133.03950616292417,loss1,"MSE(model(a_adv), model(a_clean).detach())",0,0,fixed clean model output; no solver in attack,binary_replace,binary_steepest_replace,1,0.0250519029796123,0.0250519029796123,0.0250519029796123,0.0250519029796123,0.0,5.844201496074675e-07,5.844201496074675e-07,2.0243643206185883e-08,1.9555049135533412e-08,-6.885940706524706e-10,2.003287076950073,9.0,2.014113187789917,181.0,0.0500821769237518,0.7099718451499939,11584,1,1.0,11584,181.0,0.0,0.0138582084327936,0.0138582084327936,0.0
darcy,49,49,64,solver,solver_x_adv_training_target,0.483622389001539,0.007556599828149,132.3346508670349,loss1,"MSE(model(a_adv), model(a_clean).detach())",0,0,fixed clean model output; no solver in attack,binary_replace,binary_steepest_replace,1,0.0250519029796123,0.0250519029796123,0.0250519029796123,0.0250519029796123,0.0,5.915587166782643e-07,5.915587166782643e-07,1.9727252720258548e-08,2.0014262247514125e-08,2.8700952725557727e-10,2.00224906206131,9.0,2.013589859008789,181.0,0.0500562265515327,0.706366777420044,11584,1,1.0,11584,181.0,0.0,0.0139322420582175,0.0139322420582175,0.0
darcy,50,50,64,solver,solver_x_adv_training_target,0.4811949209833983,0.0075186706403655,133.00223508013306,loss1,"MSE(model(a_adv), model(a_clean).detach())",0,0,fixed clean model output; no solver in attack,binary_replace,binary_steepest_replace,1,0.0250519029796123,0.0250519029796123,0.0250519029796123,0.0250519029796123,0.0,6.127145297796233e-07,6.127145297796233e-07,1.9977884235800047e-08,2.0518427845672704e-08,5.405436098726567e-10,2.003287076950073,9.0,2.014113426208496,181.0,0.0500821769237518,0.7078459858894348,11584,1,1.0,11584,181.0,0.0,0.0138162896037101,0.0138162896037101,0.0
darcy,51,51,64,solver,solver_x_adv_training_target,0.483721066993894,0.0075581416717795,132.30765490064516,loss1,"MSE(model(a_adv), model(a_clean).detach())",0,0,fixed clean model output; no solver in attack,binary_replace,binary_steepest_replace,1,0.0250519029796123,0.0250519029796123,0.0250519029796123,0.0250519029796123,0.0,5.890495913263294e-07,5.890495913263294e-07,2.0421987656504825e-08,1.9311446664005416e-08,-1.1105409924994092e-09,2.0036332309246063,9.0,2.0142879486083984,181.0,0.0500908307731151,0.706206738948822,11584,1,1.0,11584,181.0,0.0,0.0138030555099248,0.0138030555099248,0.0
darcy,52,52,64,solver,solver_x_adv_training_target,0.481200012989575,0.0075187502029621,133.0008276649538,loss1,"MSE(model(a_adv), model(a_clean).detach())",0,0,fixed clean model output; no solver in attack,binary_replace,binary_steepest_replace,1,0.0250519029796123,0.0250519029796123,0.0250519029796123,0.0250519029796123,0.0,5.865285856998526e-07,5.865285856998526e-07,2.066170168291137e-08,2.028753165461694e-08,-3.7417002829442936e-10,2.0031140744686127,9.0,2.014026641845703,181.0,0.0500778518617153,0.6988992094993591,11584,1,1.0,11584,181.0,0.0,0.0137459095567464,0.0137459095567464,0.0
darcy,53,53,64,solver,solver_x_adv_training_target,0.550721393985441,0.0086050217810225,116.21121078454404,loss1,"MSE(model(a_adv), model(a_clean).detach())",0,0,fixed clean model output; no solver in attack,binary_replace,binary_steepest_replace,1,0.0250519029796123,0.0250519029796123,0.0250519029796123,0.0250519029796123,0.0,5.859636758032138e-07,5.859636758032138e-07,2.038115454183753e-08,1.952258266157969e-08,-8.585718802578413e-10,2.0036332309246063,9.0,2.0142879486083984,181.0,0.0500908307731151,0.7070436477661133,11584,1,1.0,11584,181.0,0.0,0.0138629944995045,0.0138629944995045,0.0
darcy,54,54,64,solver,solver_x_adv_training_target,0.5438964969944209,0.0084983827655378,117.66944695114756,loss1,"MSE(model(a_adv), model(a_clean).detach())",0,0,fixed clean model output; no solver in attack,binary_replace,binary_steepest_replace,1,0.0250519029796123,0.0250519029796123,0.0250519029796123,0.0250519029796123,0.0,5.895902859265334e-07,5.895902859265334e-07,1.979641695015744e-08,1.941362448576456e-08,-3.827924643928781e-10,2.002595067024231,9.0,2.013763904571533,181.0,0.0500648766756057,0.7101795077323914,11584,1,1.0,11584,181.0,0.0,0.0137635236606001,0.0137635236606001,0.0
darcy,55,55,64,solver,solver_x_adv_training_target,0.5409195690008346,0.008451868265638,118.31703578078768,loss1,"MSE(model(a_adv), model(a_clean).detach())",0,0,fixed clean model output; no solver in attack,binary_replace,binary_steepest_replace,1,0.0250519029796123,0.0250519029796123,0.0250519029796123,0.0250519029796123,0.0,6.051297418707691e-07,6.051297418707691e-07,1.960484397045548e-08,1.9880825874452057e-08,2.7598190399658046e-10,2.001730054616928,9.0,2.0133166313171387,181.0,0.0500432513654232,0.7149307727813721,11584,1,1.0,11584,181.0,0.0,0.0138040669262409,0.0138040669262409,0.0
darcy,56,56,64,solver,solver_x_adv_training_target,0.4781840839714277,0.0074716263120535,133.83967000420722,loss1,"MSE(model(a_adv), model(a_clean).detach())",0,0,fixed clean model output; no solver in attack,binary_replace,binary_steepest_replace,1,0.0250519029796123,0.0250519029796123,0.0250519029796123,0.0250519029796123,0.0,5.871436314919265e-07,5.871436314919265e-07,1.9577871768206023e-08,1.939523563976309e-08,-1.8263612844293675e-10,2.001730054616928,9.0,2.0133252143859863,181.0,0.0500432513654232,0.7098810076713562,11584,1,1.0,11584,181.0,0.0,0.0140087027102708,0.0140087027102708,0.0
darcy,57,57,64,solver,solver_x_adv_training_target,0.4873981639975682,0.007615596312462,131.3094810925864,loss1,"MSE(model(a_adv), model(a_clean).detach())",0,0,fixed clean model output; no solver in attack,binary_replace,binary_steepest_replace,1,0.0250519029796123,0.0250519029796123,0.0250519029796123,0.0250519029796123,0.0,6.044933797966223e-07,6.044933797966223e-07,1.994791354320569e-08,1.9260866679360333e-08,-6.870468638453531e-10,2.002076059579849,9.0,2.013500690460205,181.0,0.0500519014894962,0.7090635895729065,11584,1,1.0,11584,181.0,0.0,0.0138616682961583,0.0138616682961583,0.0
darcy,58,58,64,solver,solver_x_adv_training_target,0.5402881019981578,0.0084420015937212,118.4553199733764,loss1,"MSE(model(a_adv), model(a_clean).detach())",0,0,fixed clean model output; no solver in attack,binary_replace,binary_steepest_replace,1,0.0250519029796123,0.0250519029796123,0.0250519029796123,0.0250519029796123,0.0,5.754709491156973e-07,5.754709491156973e-07,2.04398311609566e-08,1.9806950746215083e-08,-6.328804147415211e-10,2.001384049654007,9.0,2.013150215148926,181.0,0.0500346012413501,0.7082244753837585,11584,1,1.0,11584,181.0,0.0,0.0138466637581586,0.0138466637581586,0.0
darcy,59,59,64,solver,solver_x_adv_training_target,0.5482884130033199,0.0085670064531768,116.72688767838775,loss1,"MSE(model(a_adv), model(a_clean).detach())",0,0,fixed clean model output; no solver in attack,binary_replace,binary_steepest_replace,1,0.0250519029796123,0.0250519029796123,0.0250519029796123,0.0250519029796123,0.0,5.85542977660225e-07,5.85542977660225e-07,2.0310169546178255e-08,1.8694914061256892e-08,-1.615255484921363e-09,2.003806233406067,9.0,2.0143752098083496,181.0,0.0500951558351516,0.7105492949485779,11584,1,1.0,11584,181.0,0.0,0.013983373530209,0.013983373530209,0.0
darcy,60,60,64,solver,solver_x_adv_training_target,0.4796995659999084,0.0074953057187485,133.41683948909852,loss1,"MSE(model(a_adv), model(a_clean).detach())",0,0,fixed clean model output; no solver in attack,binary_replace,binary_steepest_replace,1,0.0250519029796123,0.0250519029796123,0.0250519029796123,0.0250519029796123,0.0,5.677123908753856e-07,5.677123908753856e-07,2.004954957612881e-08,2.0152640445303405e-08,1.0309086917459354e-10,2.0015570521354675,9.0,2.013238906860352,181.0,0.0500389263033866,0.7176600098609924,11584,1,1.0,11584,181.0,0.0,0.0139313377439975,0.0139313377439975,0.0
darcy,61,61,64,solver,solver_x_adv_training_target,0.4792406469932757,0.0074881351092699,133.5445989432069,loss1,"MSE(model(a_adv), model(a_clean).detach())",0,0,fixed clean model output; no solver in attack,binary_replace,binary_steepest_replace,1,0.0250519029796123,0.0250519029796123,0.0250519029796123,0.0250519029796123,0.0,6.057026666894672e-07,6.057026666894672e-07,1.9958893204830023e-08,1.910277092065371e-08,-8.561222841763082e-10,2.003460079431534,9.0,2.0142006874084477,181.0,0.0500865019857883,0.7102832794189453,11584,1,1.0,11584,181.0,0.0,0.0138646736741065,0.0138646736741065,0.0
darcy,62,62,64,solver,solver_x_adv_training_target,0.5361737720086239,0.0083777151876347,119.36428699270768,loss1,"MSE(model(a_adv), model(a_clean).detach())",0,0,fixed clean model output; no solver in attack,binary_replace,binary_steepest_replace,1,0.0250519029796123,0.0250519029796123,0.0250519029796123,0.0250519029796123,0.0,5.813067218696233e-07,5.813067218696233e-07,2.00088372537266e-08,2.008227895089476e-08,7.344169716816396e-11,2.0019030570983887,9.0,2.0134057998657227,181.0,0.0500475764274597,0.7073680758476257,11584,1,1.0,11584,181.0,0.0,0.0139026390388607,0.0139026390388607,0.0
darcy,63,63,64,solver,solver_x_adv_training_target,0.5483332299918402,0.0085677067186225,116.71734722506676,loss1,"MSE(model(a_adv), model(a_clean).detach())",0,0,fixed clean model output; no solver in attack,binary_replace,binary_steepest_replace,1,0.0250519029796123,0.0250519029796123,0.0250519029796123,0.0250519029796123,0.0,5.937582727710833e-07,5.937582727710833e-07,2.0059786720594275e-08,1.8765266673881346e-08,-1.2945200467129323e-09,2.003460079431534,9.0,2.0142009258270264,181.0,0.0500865019857883,0.7091197967529297,11584,1,1.0,11584,181.0,0.0,0.013805472292006,0.013805472292006,0.0
darcy,64,64,64,solver,solver_x_adv_training_target,0.4802499559882562,0.0075039055623165,133.26393725180273,loss1,"MSE(model(a_adv), model(a_clean).detach())",0,0,fixed clean model output; no solver in attack,binary_replace,binary_steepest_replace,1,0.0250519029796123,0.0250519029796123,0.0250519029796123,0.0250519029796123,0.0,5.855341669303016e-07,5.855341669303016e-07,2.012164301845587e-08,1.9331626077701003e-08,-7.900169407548673e-10,2.002076059579849,9.0,2.0135018825531006,181.0,0.0500519014894962,0.7111872434616089,11584,1,1.0,11584,181.0,0.0,0.0138278724625706,0.0138278724625706,0.0
darcy,65,65,64,solver,solver_x_adv_training_target,0.4797543300082907,0.0074961614063795,133.4016099425179,loss1,"MSE(model(a_adv), model(a_clean).detach())",0,0,fixed clean model output; no solver in attack,binary_replace,binary_steepest_replace,1,0.0250519029796123,0.0250519029796123,0.0250519029796123,0.0250519029796123,0.0,6.007195452184533e-07,6.007195452184533e-07,2.050924230445617e-08,1.93648670432367e-08,-1.1443752612194658e-09,2.0012110471725464,9.0,2.013054370880127,181.0,0.0500302761793136,0.7197426557540894,11584,1,1.0,11584,181.0,0.0,0.0137280644848942,0.0137280644848942,0.0
darcy,66,66,64,solver,solver_x_adv_training_target,0.4795640170050319,0.0074931877657036,133.45454982150687,loss1,"MSE(model(a_adv), model(a_clean).detach())",0,0,fixed clean model output; no solver in attack,binary_replace,binary_steepest_replace,1,0.0250519029796123,0.0250519029796123,0.0250519029796123,0.0250519029796123,0.0,5.841856136612478e-07,5.841856136612478e-07,1.9673558782074e-08,1.7844447697257237e-08,-1.829111084816759e-09,2.002076059579849,9.0,2.0134966373443604,181.0,0.0500519014894962,0.7077292203903198,11584,1,1.0,11584,181.0,0.0,0.0138312019407749,0.0138312019407749,0.0
darcy,67,67,64,solver,solver_x_adv_training_target,0.48599829399609,0.0075937233436889,131.68770506119284,loss1,"MSE(model(a_adv), model(a_clean).detach())",0,0,fixed clean model output; no solver in attack,binary_replace,binary_steepest_replace,1,0.0250519029796123,0.0250519029796123,0.0250519029796123,0.0250519029796123,0.0,5.908145226385386e-07,5.908145226385386e-07,1.9836399189898657e-08,1.9186542132842987e-08,-6.498570570556693e-10,2.0024220645427704,9.0,2.0136775970458984,181.0,0.0500605516135692,0.7090311050415039,11584,1,1.0,11584,181.0,0.0,0.013825767673552,0.013825767673552,0.0
darcy,68,68,64,solver,solver_x_adv_training_target,0.4802101250097621,0.0075032832032775,133.27499081511235,loss1,"MSE(model(a_adv), model(a_clean).detach())",0,0,fixed clean model output; no solver in attack,binary_replace,binary_steepest_replace,1,0.0250519029796123,0.0250519029796123,0.0250519029796123,0.0250519029796123,0.0,5.993669560666604e-07,5.993669560666604e-07,2.015626421325578e-08,1.987637254785568e-08,-2.7989166540010046e-10,2.003287076950073,9.0,2.014113426208496,181.0,0.0500821769237518,0.7119095921516418,11584,1,1.0,11584,181.0,0.0,0.0138464970514178,0.0138464970514178,0.0
darcy,69,69,64,solver,solver_x_adv_training_target,0.4804031469975598,0.0075062991718368,133.2214420325708,loss1,"MSE(model(a_adv), model(a_clean).detach())",0,0,fixed clean model output; no solver in attack,binary_replace,binary_steepest_replace,1,0.0250519029796123,0.0250519029796123,0.0250519029796123,0.0250519029796123,0.0,5.863304863851226e-07,5.863304863851226e-07,2.0532008093709923e-08,1.9037674547917053e-08,-1.4943335457928695e-09,2.0024220645427704,9.0,2.0136780738830566,181.0,0.0500605516135692,0.7114619016647339,11584,1,1.0,11584,181.0,0.0,0.0138331716880202,0.0138331716880202,0.0
darcy,70,70,64,solver,solver_x_adv_training_target,0.4796861840004567,0.0074950966250071,133.42056147262116,loss1,"MSE(model(a_adv), model(a_clean).detach())",0,0,fixed clean model output; no solver in attack,binary_replace,binary_steepest_replace,1,0.0250519029796123,0.0250519029796123,0.0250519029796123,0.0250519029796123,0.0,5.762640284956433e-07,5.762640284956433e-07,2.042605373731021e-08,1.928524895333794e-08,-1.140804783972271e-09,2.0036332309246063,9.0,2.01428771018982,181.0,0.0500908307731151,0.7152032852172852,11584,1,1.0,11584,181.0,0.0,0.0138451177626848,0.0138451177626848,0.0
darcy,71,71,64,solver,solver_x_adv_training_target,0.4795362649892922,0.0074927541404576,133.4622731847592,loss1,"MSE(model(a_adv), model(a_clean).detach())",0,0,fixed clean model output; no solver in attack,binary_replace,binary_steepest_replace,1,0.0250519029796123,0.0250519029796123,0.0250519029796123,0.0250519029796123,0.0,5.943531959928805e-07,5.943531959928805e-07,2.0325538585552753e-08,1.946232153215988e-08,-8.632170533928728e-10,2.0031140744686127,9.0,2.014026165008545,181.0,0.0500778518617153,0.7058736681938171,11584,1,1.0,11584,181.0,0.0,0.0139237372204661,0.0139237372204661,0.0
darcy,72,72,64,solver,solver_x_adv_training_target,0.5392774590000045,0.008426210296875,118.67731337904756,loss1,"MSE(model(a_adv), model(a_clean).detach())",0,0,fixed clean model output; no solver in attack,binary_replace,binary_steepest_replace,1,0.0250519029796123,0.0250519029796123,0.0250519029796123,0.0250519029796123,0.0,5.941819836152717e-07,5.941819836152717e-07,2.01487448947546e-08,1.9115207194886352e-08,-1.0335376998682475e-09,2.002076059579849,9.0,2.013502359390259,181.0,0.0500519014894962,0.7121171951293945,11584,1,1.0,11584,181.0,0.0,0.0138739151880145,0.0138739151880145,0.0
darcy,73,73,64,solver,solver_x_adv_training_target,0.4827493309858255,0.0075429582966535,132.5739796869427,loss1,"MSE(model(a_adv), model(a_clean).detach())",0,0,fixed clean model output; no solver in attack,binary_replace,binary_steepest_replace,1,0.0250519029796123,0.0250519029796123,0.0250519029796123,0.0250519029796123,0.0,5.944463055129745e-07,5.944463055129745e-07,1.99537346645684e-08,1.8412343649742983e-08,-1.5413910148254215e-09,2.0036332309246063,9.0,2.0142879486083984,181.0,0.0500908307731151,0.7117754817008972,11584,1,1.0,11584,181.0,0.0,0.0139010353013873,0.0139010353013873,0.0
darcy,74,74,64,solver,solver_x_adv_training_target,0.54418942600023,0.0085029597812535,117.60610725275824,loss1,"MSE(model(a_adv), model(a_clean).detach())",0,0,fixed clean model output; no solver in attack,binary_replace,binary_steepest_replace,1,0.0250519029796123,0.0250519029796123,0.0250519029796123,0.0250519029796123,0.0,5.718289912692853e-07,5.718289912692853e-07,1.989707065774837e-08,1.8916994193318715e-08,-9.800764644296578e-10,2.0024220645427704,9.0,2.013674736022949,181.0,0.0500605516135692,0.7200648784637451,11584,1,1.0,11584,181.0,0.0,0.0138373421505093,0.0138373421505093,0.0
darcy,75,75,64,solver,solver_x_adv_training_target,0.4786885869980324,0.0074795091718442,133.69861270635027,loss1,"MSE(model(a_adv), model(a_clean).detach())",0,0,fixed clean model output; no solver in attack,binary_replace,binary_steepest_replace,1,0.0250519029796123,0.0250519029796123,0.0250519029796123,0.0250519029796123,0.0,6.014970495016314e-07,6.014970495016314e-07,2.070808591270179e-08,1.898625257013009e-08,-1.721833342571699e-09,2.002595067024231,9.0,2.013763904571533,181.0,0.0500648766756057,0.7158650159835815,11584,1,1.0,11584,181.0,0.0,0.0138062853366136,0.0138062853366136,0.0
darcy,76,76,64,solver,solver_x_adv_training_target,0.4788432430068496,0.007481925671982,133.6554309467086,loss1,"MSE(model(a_adv), model(a_clean).detach())",0,0,fixed clean model output; no solver in attack,binary_replace,binary_steepest_replace,1,0.0250519029796123,0.0250519029796123,0.0250519029796123,0.0250519029796123,0.0,5.872204837942263e-07,5.872204837942263e-07,2.0292072022698452e-08,1.8647615007694185e-08,-1.6444570150042635e-09,2.002076059579849,9.0,2.013499021530152,181.0,0.0500519014894962,0.7147036790847778,11584,1,1.0,11584,181.0,0.0,0.0137595292180776,0.0137595292180776,0.0
darcy,77,77,64,solver,solver_x_adv_training_target,0.4902062499895692,0.007659472656087,130.55729093899112,loss1,"MSE(model(a_adv), model(a_clean).detach())",0,0,fixed clean model output; no solver in attack,binary_replace,binary_steepest_replace,1,0.0250519029796123,0.0250519029796123,0.0250519029796123,0.0250519029796123,0.0,6.090301667427411e-07,6.090301667427411e-07,2.0094198305287136e-08,1.9088359337615657e-08,-1.0058389676714794e-09,2.003460079431534,9.0,2.0142009258270264,181.0,0.0500865019857883,0.7079930305480957,11584,1,1.0,11584,181.0,0.0,0.013830960728228,0.013830960728228,0.0
darcy,78,78,64,solver,solver_x_adv_training_target,0.482186912006,0.0075341705000937,132.72861292262454,loss1,"MSE(model(a_adv), model(a_clean).detach())",0,0,fixed clean model output; no solver in attack,binary_replace,binary_steepest_replace,1,0.0250519029796123,0.0250519029796123,0.0250519029796123,0.0250519029796123,0.0,6.1447110510926e-07,6.1447110510926e-07,2.0035882286606466e-08,1.9337914380912483e-08,-6.979679056939857e-10,2.0031140744686127,9.0,2.014026403427124,181.0,0.0500778518617153,0.7081227898597717,11584,1,1.0,11584,181.0,0.0,0.0137904537841677,0.0137904537841677,0.0
darcy,79,79,64,solver,solver_x_adv_training_target,0.4799693730019498,0.0074995214531554,133.34184137565794,loss1,"MSE(model(a_adv), model(a_clean).detach())",0,0,fixed clean model output; no solver in attack,binary_replace,binary_steepest_replace,1,0.0250519029796123,0.0250519029796123,0.0250519029796123,0.0250519029796123,0.0,5.942374627920799e-07,5.942374627920799e-07,1.9888448221649924e-08,1.9094677838893404e-08,-7.9377038275652e-10,2.001730054616928,9.0,2.0133230686187744,181.0,0.0500432513654232,0.705932080745697,11584,1,1.0,11584,181.0,0.0,0.0137813072651624,0.0137813072651624,0.0
darcy,80,80,64,solver,solver_x_adv_training_target,0.4796389219991397,0.0074943581562365,133.43370828465584,loss1,"MSE(model(a_adv), model(a_clean).detach())",0,0,fixed clean model output; no solver in attack,binary_replace,binary_steepest_replace,1,0.0250519029796123,0.0250519029796123,0.0250519029796123,0.0250519029796123,0.0,5.878496835975966e-07,5.878496835975966e-07,1.9418765262457786e-08,1.8224831421775892e-08,-1.1939338406818931e-09,2.0031140744686127,9.0,2.014026165008545,181.0,0.0500778518617153,0.7181141376495361,11584,1,1.0,11584,181.0,0.0,0.0138794248923659,0.0138794248923659,0.0
darcy,81,81,64,solver,solver_x_adv_training_target,0.4780975439934991,0.0074702741248984,133.86389619451847,loss1,"MSE(model(a_adv), model(a_clean).detach())",0,0,fixed clean model output; no solver in attack,binary_replace,binary_steepest_replace,1,0.0250519029796123,0.0250519029796123,0.0250519029796123,0.0250519029796123,0.0,6.047108058737649e-07,6.047108058737649e-07,1.9090531822030243e-08,1.8775260457459808e-08,-3.152713645704352e-10,2.002076059579849,9.0,2.0134987831115723,181.0,0.0500519014894962,0.7150237560272217,11584,1,1.0,11584,181.0,0.0,0.0138332461938261,0.0138332461938261,0.0
darcy,82,82,64,solver,solver_x_adv_training_target,0.5470768939994741,0.0085480764687417,116.985383045736,loss1,"MSE(model(a_adv), model(a_clean).detach())",0,0,fixed clean model output; no solver in attack,binary_replace,binary_steepest_replace,1,0.0250519029796123,0.0250519029796123,0.0250519029796123,0.0250519029796123,0.0,5.939701850365964e-07,5.939701850365964e-07,1.9109993587562712e-08,1.844657582239506e-08,-6.634177651676508e-10,2.0031140744686127,9.0,2.014026641845703,181.0,0.0500778518617153,0.7025519013404846,11584,1,1.0,11584,181.0,0.0,0.0137567752972245,0.0137567752972245,0.0
darcy,83,83,64,solver,solver_x_adv_training_target,0.4786596509802621,0.0074790570465665,133.7066950785018,loss1,"MSE(model(a_adv), model(a_clean).detach())",0,0,fixed clean model output; no solver in attack,binary_replace,binary_steepest_replace,1,0.0250519029796123,0.0250519029796123,0.0250519029796123,0.0250519029796123,0.0,5.932857902735122e-07,5.932857902735122e-07,1.9715287180588348e-08,1.8053478711976826e-08,-1.6618084686115251e-09,2.002076059579849,9.0,2.013500213623047,181.0,0.0500519014894962,0.7050259113311768,11584,1,1.0,11584,181.0,0.0,0.0138934142887592,0.0138934142887592,0.0
darcy,84,84,64,solver,solver_x_adv_training_target,0.4781358489999547,0.0074708726406242,133.85317192563417,loss1,"MSE(model(a_adv), model(a_clean).detach())",0,0,fixed clean model output; no solver in attack,binary_replace,binary_steepest_replace,1,0.0250519029796123,0.0250519029796123,0.0250519029796123,0.0250519029796123,0.0,5.898396011616569e-07,5.898396011616569e-07,2.0674917777796512e-08,1.8727916994976116e-08,-1.947000782820396e-09,2.0031140744686127,9.0,2.014026641845703,181.0,0.0500778518617153,0.716697633266449,11584,1,1.0,11584,181.0,0.0,0.0138318426907062,0.0138318426907062,0.0
darcy,85,85,64,solver,solver_x_adv_training_target,0.4792360720166471,0.0074880636252601,133.54587381263914,loss1,"MSE(model(a_adv), model(a_clean).detach())",0,0,fixed clean model output; no solver in attack,binary_replace,binary_steepest_replace,1,0.0250519029796123,0.0250519029796123,0.0250519029796123,0.0250519029796123,0.0,5.756851351179648e-07,5.756851351179648e-07,2.0286508473077447e-08,1.8566625570315413e-08,-1.7198829027620375e-09,2.0015570521354675,9.0,2.0132265090942383,181.0,0.0500389263033866,0.7039251327514648,11584,1,1.0,11584,181.0,0.0,0.013772957958281,0.013772957958281,0.0
darcy,86,86,64,solver,solver_x_adv_training_target,0.4782320949889254,0.0074723764842019,133.82623347661783,loss1,"MSE(model(a_adv), model(a_clean).detach())",0,0,fixed clean model output; no solver in attack,binary_replace,binary_steepest_replace,1,0.0250519029796123,0.0250519029796123,0.0250519029796123,0.0250519029796123,0.0,5.831980161019601e-07,5.831980161019601e-07,1.9624188496436545e-08,1.828640172618634e-08,-1.3377867702502042e-09,2.001730054616928,9.0,2.0133230686187744,181.0,0.0500432513654232,0.7125259041786194,11584,1,1.0,11584,181.0,0.0,0.0137634510174393,0.0137634510174393,0.0
darcy,87,87,64,solver,solver_x_adv_training_target,0.4940620879933703,0.0077197201248964,129.53837494379613,loss1,"MSE(model(a_adv), model(a_clean).detach())",0,0,fixed clean model output; no solver in attack,binary_replace,binary_steepest_replace,1,0.0250519029796123,0.0250519029796123,0.0250519029796123,0.0250519029796123,0.0,5.888975920242956e-07,5.888975920242956e-07,1.935648441531157e-08,1.8608746543691268e-08,-7.47737871620302e-10,2.0031140744686127,9.0,2.0140256881713867,181.0,0.0500778518617153,0.7087867259979248,11584,1,1.0,11584,181.0,0.0,0.0138263404369354,0.0138263404369354,0.0
darcy,88,88,64,solver,solver_x_adv_training_target,0.48050233599497,0.0075078489999214,133.19394143521907,loss1,"MSE(model(a_adv), model(a_clean).detach())",0,0,fixed clean model output; no solver in attack,binary_replace,binary_steepest_replace,1,0.0250519029796123,0.0250519029796123,0.0250519029796123,0.0250519029796123,0.0,5.79720676796569e-07,5.79720676796569e-07,1.9421650065964968e-08,1.890622414180143e-08,-5.154259241635373e-10,2.002941071987152,9.0,2.0139389038085938,181.0,0.0500735267996788,0.7065960168838501,11584,1,1.0,11584,181.0,0.0,0.013770492747426,0.013770492747426,0.0
darcy,89,89,64,solver,solver_x_adv_training_target,0.4786749059858266,0.0074792954060285,133.70243394771776,loss1,"MSE(model(a_adv), model(a_clean).detach())",0,0,fixed clean model output; no solver in attack,binary_replace,binary_steepest_replace,1,0.0250519029796123,0.0250519029796123,0.0250519029796123,0.0250519029796123,0.0,5.849956323800143e-07,5.849956323800143e-07,1.9470402179422308e-08,1.8648613320237928e-08,-8.217888591843803e-10,2.003460079431534,9.0,2.0142006874084477,181.0,0.0500865019857883,0.7127638459205627,11584,1,1.0,11584,181.0,0.0,0.0138614727184176,0.0138614727184176,0.0
darcy,90,90,64,solver,solver_x_adv_training_target,0.4776778249943163,0.0074637160155361,133.9815177745827,loss1,"MSE(model(a_adv), model(a_clean).detach())",0,0,fixed clean model output; no solver in attack,binary_replace,binary_steepest_replace,1,0.0250519029796123,0.0250519029796123,0.0250519029796123,0.0250519029796123,0.0,5.83703240408795e-07,5.83703240408795e-07,2.0095052732926888e-08,1.8616514552149965e-08,-1.4785381807769227e-09,2.002941071987152,9.0,2.0139389038085938,181.0,0.0500735267996788,0.7103676199913025,11584,1,1.0,11584,181.0,0.0,0.0138428416103124,0.0138428416103124,0.0
darcy,91,91,64,solver,solver_x_adv_training_target,0.4780545540270395,0.0074696024066724,133.87593416039303,loss1,"MSE(model(a_adv), model(a_clean).detach())",0,0,fixed clean model output; no solver in attack,binary_replace,binary_steepest_replace,1,0.0250519029796123,0.0250519029796123,0.0250519029796123,0.0250519029796123,0.0,5.838263632540475e-07,5.838263632540475e-07,2.0473260420317277e-08,1.8640479382270317e-08,-1.8327810380469602e-09,2.00224906206131,9.0,2.013584613800049,181.0,0.0500562265515327,0.7095566391944885,11584,1,1.0,11584,181.0,0.0,0.0137709584087133,0.0137709584087133,0.0
darcy,92,92,64,solver,solver_x_adv_training_target,0.4777329550124705,0.0074645774220698,133.9660564097559,loss1,"MSE(model(a_adv), model(a_clean).detach())",0,0,fixed clean model output; no solver in attack,binary_replace,binary_steepest_replace,1,0.0250519029796123,0.0250519029796123,0.0250519029796123,0.0250519029796123,0.0,6.038293349774904e-07,6.038293349774904e-07,2.0074155671068183e-08,1.855332243394514e-08,-1.5208332371230424e-09,2.003460079431534,9.0,2.0142006874084477,181.0,0.0500865019857883,0.7088018655776978,11584,1,1.0,11584,181.0,0.0,0.0138267064467072,0.0138267064467072,0.0
darcy,93,93,64,solver,solver_x_adv_training_target,0.4792613480240106,0.0074884585628751,133.5388306690521,loss1,"MSE(model(a_adv), model(a_clean).detach())",0,0,fixed clean model output; no solver in attack,binary_replace,binary_steepest_replace,1,0.0250519029796123,0.0250519029796123,0.0250519029796123,0.0250519029796123,0.0,5.862508487552986e-07,5.862508487552986e-07,1.94267055775299e-08,1.8091665054953413e-08,-1.3350405225764914e-09,2.0024220645427704,9.0,2.0136775970458984,181.0,0.0500605516135692,0.7114705443382263,11584,1,1.0,11584,181.0,0.0,0.0138400709256529,0.0138400709256529,0.0
darcy,94,94,64,solver,solver_x_adv_training_target,0.5425278159964364,0.0084769971249443,117.96630165856855,loss1,"MSE(model(a_adv), model(a_clean).detach())",0,0,fixed clean model output; no solver in attack,binary_replace,binary_steepest_replace,1,0.0250519029796123,0.0250519029796123,0.0250519029796123,0.0250519029796123,0.0,5.898298240936128e-07,5.898298240936128e-07,1.926613180103232e-08,2.008888166926681e-08,8.227498682344957e-10,2.003460079431534,9.0,2.0142009258270264,181.0,0.0500865019857883,0.7174869775772095,11584,1,1.0,11584,181.0,0.0,0.0138967223465442,0.0138967223465442,0.0
darcy,95,95,64,solver,solver_x_adv_training_target,0.4780460869951639,0.0074694701092994,133.87830533721626,loss1,"MSE(model(a_adv), model(a_clean).detach())",0,0,fixed clean model output; no solver in attack,binary_replace,binary_steepest_replace,1,0.0250519029796123,0.0250519029796123,0.0250519029796123,0.0250519029796123,0.0,6.045169129720307e-07,6.045169129720307e-07,1.9614253332633783e-08,1.8234624477031506e-08,-1.3796288556022771e-09,2.0031140744686127,9.0,2.014024257659912,181.0,0.0500778518617153,0.7061072587966919,11584,1,1.0,11584,181.0,0.0,0.0138532174751162,0.0138532174751162,0.0
darcy,96,96,64,solver,solver_x_adv_training_target,0.5443755669984967,0.0085058682343515,117.56589362170388,loss1,"MSE(model(a_adv), model(a_clean).detach())",0,0,fixed clean model output; no solver in attack,binary_replace,binary_steepest_replace,1,0.0250519029796123,0.0250519029796123,0.0250519029796123,0.0250519029796123,0.0,6.122883178250049e-07,6.122883178250049e-07,2.0345954254707976e-08,1.7922653583468673e-08,-2.4233006712393035e-09,2.0027680695056915,9.0,2.0138516426086426,181.0,0.0500692017376422,0.7099740505218506,11584,1,1.0,11584,181.0,0.0,0.0138954343274235,0.0138954343274235,0.0
darcy,97,97,64,solver,solver_x_adv_training_target,0.490332994988421,0.007661453046694,130.52354349825333,loss1,"MSE(model(a_adv), model(a_clean).detach())",0,0,fixed clean model output; no solver in attack,binary_replace,binary_steepest_replace,1,0.0250519029796123,0.0250519029796123,0.0250519029796123,0.0250519029796123,0.0,5.864019385626307e-07,5.864019385626307e-07,2.0401728306751465e-08,1.844921193594473e-08,-1.952516370806734e-09,2.002595067024231,9.0,2.0137641429901123,181.0,0.0500648766756057,0.7142387628555298,11584,1,1.0,11584,181.0,0.0,0.0137303350493311,0.0137303350493311,0.0
darcy,98,98,64,solver,solver_x_adv_training_target,0.5046660709776916,0.0078854073590264,126.8165301384588,loss1,"MSE(model(a_adv), model(a_clean).detach())",0,0,fixed clean model output; no solver in attack,binary_replace,binary_steepest_replace,1,0.0250519029796123,0.0250519029796123,0.0250519029796123,0.0250519029796123,0.0,5.940139544691192e-07,5.940139544691192e-07,2.0216102569747815e-08,1.817148387317502e-08,-2.044618696572797e-09,2.003460079431534,9.0,2.014200210571289,181.0,0.0500865019857883,0.7022080421447754,11584,1,1.0,11584,181.0,0.0,0.0138219278305768,0.0138219278305768,0.0
darcy,99,99,64,solver,solver_x_adv_training_target,0.4787566280283499,0.0074805723129429,133.67961142087873,loss1,"MSE(model(a_adv), model(a_clean).detach())",0,0,fixed clean model output; no solver in attack,binary_replace,binary_steepest_replace,1,0.0250519029796123,0.0250519029796123,0.0250519029796123,0.0250519029796123,0.0,5.860322858097788e-07,5.860322858097788e-07,1.9993770195014804e-08,1.7969526311389927e-08,-2.0242438836248766e-09,2.002941071987152,9.0,2.013939380645752,181.0,0.0500735267996788,0.7086440324783325,11584,1,1.0,11584,181.0,0.0,0.0138079347088932,0.0138079347088932,0.0
darcy,100,100,64,solver,solver_x_adv_training_target,0.4786565699905623,0.0074790089061025,133.70755571423973,loss1,"MSE(model(a_adv), model(a_clean).detach())",0,0,fixed clean model output; no solver in attack,binary_replace,binary_steepest_replace,1,0.0250519029796123,0.0250519029796123,0.0250519029796123,0.0250519029796123,0.0,6.043807729838591e-07,6.043807729838591e-07,2.0041786896740632e-08,1.936488303044825e-08,-6.769038662923775e-10,2.002941071987152,9.0,2.0139360427856445,181.0,0.0500735267996788,0.7080795764923096,11584,1,1.0,11584,181.0,0.0,0.0138214463368058,0.0138214463368058,0.0
darcy,101,101,64,solver,solver_x_adv_training_target,0.4781540940166451,0.00747115771901,133.84806446469972,loss1,"MSE(model(a_adv), model(a_clean).detach())",0,0,fixed clean model output; no solver in attack,binary_replace,binary_steepest_replace,1,0.0250519029796123,0.0250519029796123,0.0250519029796123,0.0250519029796123,0.0,5.823005153615668e-07,5.823005153615668e-07,1.950786021609474e-08,1.9312626164946778e-08,-1.952340511479633e-10,2.00224906206131,9.0,2.0135903358459477,181.0,0.0500562265515327,0.703241765499115,11584,1,1.0,11584,181.0,0.0,0.0138044767081737,0.0138044767081737,0.0
darcy,102,102,64,solver,solver_x_adv_training_target,0.478587432007771,0.0074779286251214,133.7268714548292,loss1,"MSE(model(a_adv), model(a_clean).detach())",0,0,fixed clean model output; no solver in attack,binary_replace,binary_steepest_replace,1,0.0250519029796123,0.0250519029796123,0.0250519029796123,0.0250519029796123,0.0,5.60748503630748e-07,5.60748503630748e-07,1.953110206898145e-08,1.8397978251982753e-08,-1.1331238169987046e-09,2.002076059579849,9.0,2.013502597808838,181.0,0.0500519014894962,0.7111764550209045,11584,1,1.0,11584,181.0,0.0,0.013938533142209,0.013938533142209,0.0
darcy,103,103,64,solver,solver_x_adv_training_target,0.4786988279956858,0.0074796691874325,133.69575243784968,loss1,"MSE(model(a_adv), model(a_clean).detach())",0,0,fixed clean model output; no solver in attack,binary_replace,binary_steepest_replace,1,0.0250519029796123,0.0250519029796123,0.0250519029796123,0.0250519029796123,0.0,6.139841843832983e-07,6.139841843832983e-07,2.061419479559845e-08,1.835719132259328e-08,-2.2570034730051702e-09,2.002941071987152,9.0,2.01393985748291,181.0,0.0500735267996788,0.7119830846786499,11584,1,1.0,11584,181.0,0.0,0.0139233376830816,0.0139233376830816,0.0
darcy,104,104,64,solver,solver_x_adv_training_target,0.4784115779912099,0.0074751809061126,133.77602663532508,loss1,"MSE(model(a_adv), model(a_clean).detach())",0,0,fixed clean model output; no solver in attack,binary_replace,binary_steepest_replace,1,0.0250519029796123,0.0250519029796123,0.0250519029796123,0.0250519029796123,0.0,5.925194273004308e-07,5.925194273004308e-07,2.039944035914232e-08,1.810196970097877e-08,-2.2974706581635473e-09,2.0015570521354675,9.0,2.0132336616516118,181.0,0.0500389263033866,0.7092235684394836,11584,1,1.0,11584,181.0,0.0,0.0139915598556399,0.0139915598556399,0.0
darcy,105,105,64,solver,solver_x_adv_training_target,0.4791398500092327,0.0074865601563942,133.57269281352148,loss1,"MSE(model(a_adv), model(a_clean).detach())",0,0,fixed clean model output; no solver in attack,binary_replace,binary_steepest_replace,1,0.0250519029796123,0.0250519029796123,0.0250519029796123,0.0250519029796123,0.0,5.918597594245512e-07,5.918597594245512e-07,1.9632517833656493e-08,1.8204348251060765e-08,-1.4281695825957286e-09,2.002595067024231,9.0,2.0137648582458496,181.0,0.0500648766756057,0.7062650918960571,11584,1,1.0,11584,181.0,0.0,0.0138832824304699,0.0138832824304699,0.0
darcy,106,106,64,solver,solver_x_adv_training_target,0.4785915740067139,0.0074779933438549,133.7257141077502,loss1,"MSE(model(a_adv), model(a_clean).detach())",0,0,fixed clean model output; no solver in attack,binary_replace,binary_steepest_replace,1,0.0250519029796123,0.0250519029796123,0.0250519029796123,0.0250519029796123,0.0,5.876725026610075e-07,5.876725026610075e-07,1.9173844734154958e-08,1.7573496435829842e-08,-1.600348298325116e-09,2.003460079431534,9.0,2.0142006874084477,181.0,0.0500865019857883,0.7101686596870422,11584,1,1.0,11584,181.0,0.0,0.0138178011402487,0.0138178011402487,0.0
darcy,107,107,64,solver,solver_x_adv_training_target,0.4874156540026888,0.007615869593792,131.30476929583173,loss1,"MSE(model(a_adv), model(a_clean).detach())",0,0,fixed clean model output; no solver in attack,binary_replace,binary_steepest_replace,1,0.0250519029796123,0.0250519029796123,0.0250519029796123,0.0250519029796123,0.0,5.958422661933582e-07,5.958422661933582e-07,1.9479355017892885e-08,1.806553839855951e-08,-1.4138166193333743e-09,2.002941071987152,9.0,2.01393723487854,181.0,0.0500735267996788,0.7037586569786072,11584,1,1.0,11584,181.0,0.0,0.0139698227867484,0.0139698227867484,0.0
darcy,108,108,64,solver,solver_x_adv_training_target,0.5478042649920098,0.0085594416405001,116.830050603811,loss1,"MSE(model(a_adv), model(a_clean).detach())",0,0,fixed clean model output; no solver in attack,binary_replace,binary_steepest_replace,1,0.0250519029796123,0.0250519029796123,0.0250519029796123,0.0250519029796123,0.0,5.905820330553979e-07,5.905820330553979e-07,2.0104268472209696e-08,1.7632189042160462e-08,-2.4720794300492344e-09,2.0027680695056915,9.0,2.0138511657714844,181.0,0.0500692017376422,0.7092517018318176,11584,1,1.0,11584,181.0,0.0,0.0138403540477156,0.0138403540477156,0.0
darcy,109,109,64,solver,solver_x_adv_training_target,0.4781270350213162,0.007470734922208,133.85563942676177,loss1,"MSE(model(a_adv), model(a_clean).detach())",0,0,fixed clean model output; no solver in attack,binary_replace,binary_steepest_replace,1,0.0250519029796123,0.0250519029796123,0.0250519029796123,0.0250519029796123,0.0,6.077510761315352e-07,6.077510761315352e-07,1.981778652293542e-08,1.853884157299035e-08,-1.2789449499450711e-09,2.0036332309246063,9.0,2.0142879486083984,181.0,0.0500908307731151,0.7040116786956787,11584,1,1.0,11584,181.0,0.0,0.0138912238180637,0.0138912238180637,0.0
darcy,110,110,64,solver,solver_x_adv_training_target,0.4782304959953762,0.0074723514999277,133.82668093299256,loss1,"MSE(model(a_adv), model(a_clean).detach())",0,0,fixed clean model output; no solver in attack,binary_replace,binary_steepest_replace,1,0.0250519029796123,0.0250519029796123,0.0250519029796123,0.0250519029796123,0.0,5.934539899499214e-07,5.934539899499214e-07,1.9926629235555996e-08,1.8076963925750533e-08,-1.8496653098054594e-09,2.003460079431534,9.0,2.0142009258270264,181.0,0.0500865019857883,0.7141479253768921,11584,1,1.0,11584,181.0,0.0,0.0138488058000803,0.0138488058000803,0.0
darcy,111,111,64,solver,solver_x_adv_training_target,0.4787066999997478,0.007479792187496,133.69355390270016,loss1,"MSE(model(a_adv), model(a_clean).detach())",0,0,fixed clean model output; no solver in attack,binary_replace,binary_steepest_replace,1,0.0250519029796123,0.0250519029796123,0.0250519029796123,0.0250519029796123,0.0,5.978827175567858e-07,5.978827175567858e-07,1.9471576351293152e-08,1.8177978233779868e-08,-1.2935981175132836e-09,2.00224906206131,9.0,2.013589859008789,181.0,0.0500562265515327,0.7051708102226257,11584,1,1.0,11584,181.0,0.0,0.01373599935323,0.01373599935323,0.0
darcy,112,112,64,solver,solver_x_adv_training_target,0.5479477730114013,0.0085616839533031,116.79945270745418,loss1,"MSE(model(a_adv), model(a_clean).detach())",0,0,fixed clean model output; no solver in attack,binary_replace,binary_steepest_replace,1,0.0250519029796123,0.0250519029796123,0.0250519029796123,0.0250519029796123,0.0,5.986588575979113e-07,5.986588575979113e-07,2.0132224776148178e-08,1.822366968440292e-08,-1.908555091745256e-09,2.000865042209625,9.0,2.012880563735962,181.0,0.0500216260552406,0.7128676176071167,11584,1,1.0,11584,181.0,0.0,0.0137914037331938,0.0137914037331938,0.0
darcy,113,113,64,solver,solver_x_adv_training_target,0.4781079999811481,0.0074704374997054,133.86096865671254,loss1,"MSE(model(a_adv), model(a_clean).detach())",0,0,fixed clean model output; no solver in attack,binary_replace,binary_steepest_replace,1,0.0250519029796123,0.0250519029796123,0.0250519029796123,0.0250519029796123,0.0,5.905633315705927e-07,5.905633315705927e-07,2.0491674135314497e-08,1.7988485367936846e-08,-2.503188767377651e-09,2.0031140744686127,9.0,2.014026165008545,181.0,0.0500778518617153,0.7061202526092529,11584,1,1.0,11584,181.0,0.0,0.0138293569907546,0.0138293569907546,0.0
darcy,114,114,64,solver,solver_x_adv_training_target,0.4780044209910556,0.0074688190779852,133.88997504940974,loss1,"MSE(model(a_adv), model(a_clean).detach())",0,0,fixed clean model output; no solver in attack,binary_replace,binary_steepest_replace,1,0.0250519029796123,0.0250519029796123,0.0250519029796123,0.0250519029796123,0.0,6.033207000655239e-07,6.033207000655239e-07,1.9957484553856372e-08,1.7544397934443623e-08,-2.413086619412752e-09,2.0006920397281647,9.0,2.012786388397217,181.0,0.0500173009932041,0.7176297307014465,11584,1,1.0,11584,181.0,0.0,0.0138731719925999,0.0138731719925999,0.0
darcy,115,115,64,solver,solver_x_adv_training_target,0.4785197580058593,0.0074768712188415,133.74578359461668,loss1,"MSE(model(a_adv), model(a_clean).detach())",0,0,fixed clean model output; no solver in attack,binary_replace,binary_steepest_replace,1,0.0250519029796123,0.0250519029796123,0.0250519029796123,0.0250519029796123,0.0,6.18942863184202e-07,6.18942863184202e-07,2.054538583706744e-08,1.7924364215105015e-08,-2.621021621962427e-09,2.00224906206131,9.0,2.01358962059021,181.0,0.0500562265515327,0.7076902985572815,11584,1,1.0,11584,181.0,0.0,0.0137622719630599,0.0137622719630599,0.0
darcy,116,116,64,solver,solver_x_adv_training_target,0.4785987150098663,0.0074781049220291,133.7237188333877,loss1,"MSE(model(a_adv), model(a_clean).detach())",0,0,fixed clean model output; no solver in attack,binary_replace,binary_steepest_replace,1,0.0250519029796123,0.0250519029796123,0.0250519029796123,0.0250519029796123,0.0,6.208776994753862e-07,6.208776994753862e-07,1.9998262601461647e-08,1.9357212721615724e-08,-6.41049879845923e-10,2.002076059579849,9.0,2.013502597808838,181.0,0.0500519014894962,0.710635781288147,11584,1,1.0,11584,181.0,0.0,0.0137885892763733,0.0137885892763733,0.0
darcy,117,117,64,solver,solver_x_adv_training_target,0.4933857370051555,0.0077091521407055,129.7159508267894,loss1,"MSE(model(a_adv), model(a_clean).detach())",0,0,fixed clean model output; no solver in attack,binary_replace,binary_steepest_replace,1,0.0250519029796123,0.0250519029796123,0.0250519029796123,0.0250519029796123,0.0,6.00218186264101e-07,6.00218186264101e-07,1.9232894388210298e-08,1.953739037219293e-08,3.044959839826333e-10,2.002595067024231,9.0,2.013763427734375,181.0,0.0500648766756057,0.7085877656936646,11584,1,1.0,11584,181.0,0.0,0.0138177080079913,0.0138177080079913,0.0
darcy,118,118,64,solver,solver_x_adv_training_target,0.5491196849907283,0.0085799950779801,116.55018341052666,loss1,"MSE(model(a_adv), model(a_clean).detach())",0,0,fixed clean model output; no solver in attack,binary_replace,binary_steepest_replace,1,0.0250519029796123,0.0250519029796123,0.0250519029796123,0.0250519029796123,0.0,6.013671622895345e-07,6.013671622895345e-07,1.8978589366724922e-08,1.740531629934594e-08,-1.5732730673789772e-09,2.002595067024231,9.0,2.0137650966644287,181.0,0.0500648766756057,0.7145977020263672,11584,1,1.0,11584,181.0,0.0,0.0138115687295794,0.0138115687295794,0.0
darcy,119,119,64,solver,solver_x_adv_training_target,0.5349522719916422,0.0083586292498694,119.63684117412237,loss1,"MSE(model(a_adv), model(a_clean).detach())",0,0,fixed clean model output; no solver in attack,binary_replace,binary_steepest_replace,1,0.0250519029796123,0.0250519029796123,0.0250519029796123,0.0250519029796123,0.0,6.029292762832483e-07,6.029292762832483e-07,1.9742531165434233e-08,1.81287695966148e-08,-1.6137615688194271e-09,2.002076059579849,9.0,2.01350212097168,181.0,0.0500519014894962,0.7075713276863098,11584,1,1.0,11584,181.0,0.0,0.013766610994935,0.013766610994935,0.0
darcy,120,120,64,solver,solver_x_adv_training_target,0.4782726689882111,0.0074730104529407,133.81488040157598,loss1,"MSE(model(a_adv), model(a_clean).detach())",0,0,fixed clean model output; no solver in attack,binary_replace,binary_steepest_replace,1,0.0250519029796123,0.0250519029796123,0.0250519029796123,0.0250519029796123,0.0,5.873484951735009e-07,5.873484951735009e-07,2.022333944751153e-08,1.8195875028936825e-08,-2.027464418574709e-09,2.002941071987152,9.0,2.0139379501342773,181.0,0.0500735267996788,0.7066825032234192,11584,1,1.0,11584,181.0,0.0,0.0138424029573798,0.0138424029573798,0.0
darcy,121,121,64,solver,solver_x_adv_training_target,0.4780137969937641,0.0074689655780275,133.8873488641896,loss1,"MSE(model(a_adv), model(a_clean).detach())",0,0,fixed clean model output; no solver in attack,binary_replace,binary_steepest_replace,1,0.0250519029796123,0.0250519029796123,0.0250519029796123,0.0250519029796123,0.0,5.810438779008109e-07,5.810438779008109e-07,1.961728024468812e-08,1.7422031817204697e-08,-2.19524842748342e-09,2.002941071987152,9.0,2.013939619064331,181.0,0.0500735267996788,0.7106941938400269,11584,1,1.0,11584,181.0,0.0,0.0138735454529523,0.0138735454529523,0.0
darcy,122,122,64,solver,solver_x_adv_training_target,0.4783962189976591,0.0074749409218384,133.78032153785304,loss1,"MSE(model(a_adv), model(a_clean).detach())",0,0,fixed clean model output; no solver in attack,binary_replace,binary_steepest_replace,1,0.0250519029796123,0.0250519029796123,0.0250519029796123,0.0250519029796123,0.0,5.943279575149063e-07,5.943279575149063e-07,1.9611636759009343e-08,1.8027630943606713e-08,-1.5840058154026335e-09,2.0024220645427704,9.0,2.013676643371582,181.0,0.0500605516135692,0.7127832770347595,11584,1,1.0,11584,181.0,0.0,0.0139008238911628,0.0139008238911628,0.0
darcy,123,123,64,solver,solver_x_adv_training_target,0.4776451840007212,0.0074632060000112,133.99067371294456,loss1,"MSE(model(a_adv), model(a_clean).detach())",0,0,fixed clean model output; no solver in attack,binary_replace,binary_steepest_replace,1,0.0250519029796123,0.0250519029796123,0.0250519029796123,0.0250519029796123,0.0,6.003906491969246e-07,6.003906491969246e-07,1.9491881886324336e-08,1.783881131700582e-08,-1.6530705693185155e-09,2.0036332309246063,9.0,2.0142879486083984,181.0,0.0500908307731151,0.710867166519165,11584,1,1.0,11584,181.0,0.0,0.0139313051477074,0.0139313051477074,0.0
darcy,124,124,64,solver,solver_x_adv_training_target,0.4782274419849273,0.0074723037810144,133.8275355641702,loss1,"MSE(model(a_adv), model(a_clean).detach())",0,0,fixed clean model output; no solver in attack,binary_replace,binary_steepest_replace,1,0.0250519029796123,0.0250519029796123,0.0250519029796123,0.0250519029796123,0.0,5.664517175318906e-07,5.664517175318906e-07,1.9112414761934812e-08,1.7649172789901968e-08,-1.4632419720328471e-09,2.002941071987152,9.0,2.0139389038085938,181.0,0.0500735267996788,0.7141132950782776,11584,1,1.0,11584,181.0,0.0,0.0137905990704894,0.0137905990704894,0.0
darcy,125,125,64,solver,solver_x_adv_training_target,0.4777053610014263,0.0074641462656472,133.9737947797678,loss1,"MSE(model(a_adv), model(a_clean).detach())",0,0,fixed clean model output; no solver in attack,binary_replace,binary_steepest_replace,1,0.0250519029796123,0.0250519029796123,0.0250519029796123,0.0250519029796123,0.0,6.175300768518355e-07,6.175300768518355e-07,1.9412722096490146e-08,1.7725961143355562e-08,-1.6867609531345804e-09,2.002595067024231,9.0,2.0137641429901123,181.0,0.0500648766756057,0.7076708078384399,11584,1,1.0,11584,181.0,0.0,0.0138313770294189,0.0138313770294189,0.0
darcy,126,126,64,solver,solver_x_adv_training_target,0.4780325049941893,0.0074692578905342,133.88210912724008,loss1,"MSE(model(a_adv), model(a_clean).detach())",0,0,fixed clean model output; no solver in attack,binary_replace,binary_steepest_replace,1,0.0250519029796123,0.0250519029796123,0.0250519029796123,0.0250519029796123,0.0,5.67859672173654e-07,5.67859672173654e-07,1.9953491303681403e-08,1.780635017212262e-08,-2.147141131558783e-09,2.001384049654007,9.0,2.013153076171875,181.0,0.0500346012413501,0.7005947232246399,11584,1,1.0,11584,181.0,0.0,0.013838754966855,0.013838754966855,0.0
darcy,127,127,64,solver,solver_x_adv_training_target,0.4922408399870619,0.0076912631247978,130.0176555884355,loss1,"MSE(model(a_adv), model(a_clean).detach())",0,0,fixed clean model output; no solver in attack,binary_replace,binary_steepest_replace,1,0.0250519029796123,0.0250519029796123,0.0250519029796123,0.0250519029796123,0.0,6.10531003530923e-07,6.10531003530923e-07,1.9747142587789316e-08,1.7253942274919612e-08,-2.4932003128697033e-09,2.0036332309246063,9.0,2.0142879486083984,181.0,0.0500908307731151,0.7096647620201111,11584,1,1.0,11584,181.0,0.0,0.0138094639405608,0.0138094639405608,0.0
darcy,128,128,64,solver,solver_x_adv_training_target,0.4785402900015469,0.0074771920312741,133.7400451690141,loss1,"MSE(model(a_adv), model(a_clean).detach())",0,0,fixed clean model output; no solver in attack,binary_replace,binary_steepest_replace,1,0.0250519029796123,0.0250519029796123,0.0250519029796123,0.0250519029796123,0.0,6.162410386423289e-07,6.162410386423289e-07,1.9352265567817998e-08,1.6944060376999914e-08,-2.40820519081808e-09,2.003287076950073,9.0,2.0141139030456543,181.0,0.0500821769237518,0.7038407921791077,11584,1,1.0,11584,181.0,0.0,0.0138213094323873,0.0138213094323873,0.0
darcy,129,129,64,solver,solver_x_adv_training_target,0.4778966159792617,0.0074671346246759,133.9201782562471,loss1,"MSE(model(a_adv), model(a_clean).detach())",0,0,fixed clean model output; no solver in attack,binary_replace,binary_steepest_replace,1,0.0250519029796123,0.0250519029796123,0.0250519029796123,0.0250519029796123,0.0,5.833187515236204e-07,5.833187515236204e-07,1.8771300958064785e-08,1.7360212822836732e-08,-1.4110881352280558e-09,2.00224906206131,9.0,2.013590097427368,181.0,0.0500562265515327,0.7074437737464905,11584,1,1.0,11584,181.0,0.0,0.0138502381742,0.0138502381742,0.0
darcy,130,130,64,solver,solver_x_adv_training_target,0.5413755619956646,0.0084589931561822,118.2173790114902,loss1,"MSE(model(a_adv), model(a_clean).detach())",0,0,fixed clean model output; no solver in attack,binary_replace,binary_steepest_replace,1,0.0250519029796123,0.0250519029796123,0.0250519029796123,0.0250519029796123,0.0,6.079964123273385e-07,6.079964123273385e-07,1.9283843855077976e-08,1.7570949140122142e-08,-1.7128947149558371e-09,2.002076059579849,9.0,2.013501644134521,181.0,0.0500519014894962,0.709811806678772,11584,1,1.0,11584,181.0,0.0,0.0138299306854605,0.0138299306854605,0.0
darcy,131,131,64,solver,solver_x_adv_training_target,0.477996082016034,0.0074686887815005,133.89231085340396,loss1,"MSE(model(a_adv), model(a_clean).detach())",0,0,fixed clean model output; no solver in attack,binary_replace,binary_steepest_replace,1,0.0250519029796123,0.0250519029796123,0.0250519029796123,0.0250519029796123,0.0,5.985274924569239e-07,5.985274924569239e-07,1.948004957341709e-08,1.7754096859334826e-08,-1.7259527140822682e-09,2.0024220645427704,9.0,2.0136775970458984,181.0,0.0500605516135692,0.7086029052734375,11584,1,1.0,11584,181.0,0.0,0.0138685069978237,0.0138685069978237,0.0
darcy,132,132,64,solver,solver_x_adv_training_target,0.4777928940020501,0.007465513968782,133.9492504041414,loss1,"MSE(model(a_adv), model(a_clean).detach())",0,0,fixed clean model output; no solver in attack,binary_replace,binary_steepest_replace,1,0.0250519029796123,0.0250519029796123,0.0250519029796123,0.0250519029796123,0.0,5.934776368121675e-07,5.934776368121675e-07,1.9676461349149577e-08,1.8672308144118688e-08,-1.0041532050308888e-09,2.0036332309246063,9.0,2.01428771018982,181.0,0.0500908307731151,0.7070890665054321,11584,1,1.0,11584,181.0,0.0,0.0138525422662496,0.0138525422662496,0.0
darcy,133,133,64,solver,solver_x_adv_training_target,0.4833741819893475,0.0075527215935835,132.40260316884363,loss1,"MSE(model(a_adv), model(a_clean).detach())",0,0,fixed clean model output; no solver in attack,binary_replace,binary_steepest_replace,1,0.0250519029796123,0.0250519029796123,0.0250519029796123,0.0250519029796123,0.0,5.949394790150109e-07,5.949394790150109e-07,1.9567682585375223e-08,1.8278717206499092e-08,-1.288965378876128e-09,2.0019030570983887,9.0,2.013415813446045,181.0,0.0500475764274597,0.703804075717926,11584,1,1.0,11584,181.0,0.0,0.013818435370922,0.013818435370922,0.0
darcy,134,134,64,solver,solver_x_adv_training_target,0.5292059030034579,0.008268842234429,120.93591480513363,loss1,"MSE(model(a_adv), model(a_clean).detach())",0,0,fixed clean model output; no solver in attack,binary_replace,binary_steepest_replace,1,0.0250519029796123,0.0250519029796123,0.0250519029796123,0.0250519029796123,0.0,5.912475558034203e-07,5.912475558034203e-07,2.0058859462324108e-08,1.7244921934889135e-08,-2.813937527434973e-09,2.0015570521354675,9.0,2.013240337371826,181.0,0.0500389263033866,0.7027551531791687,11584,1,1.0,11584,181.0,0.0,0.0138164702802896,0.0138164702802896,0.0
darcy,135,135,64,solver,solver_x_adv_training_target,0.4785915900138207,0.0074779935939659,133.72570963512297,loss1,"MSE(model(a_adv), model(a_clean).detach())",0,0,fixed clean model output; no solver in attack,binary_replace,binary_steepest_replace,1,0.0250519029796123,0.0250519029796123,0.0250519029796123,0.0250519029796123,0.0,5.995781293677283e-07,5.995781293677283e-07,2.0585751769885974e-08,1.8605504692459366e-08,-1.9802470774266112e-09,2.002076059579849,9.0,2.0135011672973637,181.0,0.0500519014894962,0.7075410485267639,11584,1,1.0,11584,181.0,0.0,0.0138916438445448,0.0138916438445448,0.0
darcy,136,136,64,solver,solver_x_adv_training_target,0.5375560440006666,0.0083993131875104,119.05735358064476,loss1,"MSE(model(a_adv), model(a_clean).detach())",0,0,fixed clean model output; no solver in attack,binary_replace,binary_steepest_replace,1,0.0250519029796123,0.0250519029796123,0.0250519029796123,0.0250519029796123,0.0,5.966043090666062e-07,5.966043090666062e-07,1.9349068125507077e-08,1.7604465440967942e-08,-1.7446026845391314e-09,2.0027680695056915,9.0,2.0138509273529053,181.0,0.0500692017376422,0.7051643133163452,11584,1,1.0,11584,181.0,0.0,0.0138419438153505,0.0138419438153505,0.0
darcy,137,137,64,solver,solver_x_adv_training_target,0.4866079129860736,0.0076032486404074,131.52272762533485,loss1,"MSE(model(a_adv), model(a_clean).detach())",0,0,fixed clean model output; no solver in attack,binary_replace,binary_steepest_replace,1,0.0250519029796123,0.0250519029796123,0.0250519029796123,0.0250519029796123,0.0,6.086746680011856e-07,6.086746680011856e-07,1.9204502876846163e-08,1.7875954938517683e-08,-1.3285479383284835e-09,2.002076059579849,9.0,2.0134973526000977,181.0,0.0500519014894962,0.7075648307800293,11584,1,1.0,11584,181.0,0.0,0.0139268860220909,0.0139268860220909,0.0
darcy,138,138,64,solver,solver_x_adv_training_target,0.4782878420082852,0.0074732475313794,133.81063530962876,loss1,"MSE(model(a_adv), model(a_clean).detach())",0,0,fixed clean model output; no solver in attack,binary_replace,binary_steepest_replace,1,0.0250519029796123,0.0250519029796123,0.0250519029796123,0.0250519029796123,0.0,5.870844006494735e-07,5.870844006494735e-07,2.09744435153425e-08,1.8736090012794196e-08,-2.238353502548307e-09,1.9998268783092497,9.0,2.012368679046631,181.0,0.0499956719577312,0.7069766521453857,11584,1,1.0,11584,181.0,0.0,0.0138951558619737,0.0138951558619737,0.0
darcy,139,139,64,solver,solver_x_adv_training_target,0.4911898169957567,0.0076748408905586,130.29586075590993,loss1,"MSE(model(a_adv), model(a_clean).detach())",0,0,fixed clean model output; no solver in attack,binary_replace,binary_steepest_replace,1,0.0250519029796123,0.0250519029796123,0.0250519029796123,0.0250519029796123,0.0,5.87275735597359e-07,5.87275735597359e-07,1.9755798774667713e-08,1.73364878008897e-08,-2.41931097377801e-09,2.003806233406067,9.0,2.0143747329711914,181.0,0.0500951558351516,0.713341236114502,11584,1,1.0,11584,181.0,0.0,0.0138743352144956,0.0138743352144956,0.0
darcy,140,140,64,solver,solver_x_adv_training_target,0.547695343993837,0.0085577397499037,116.85328477198112,loss1,"MSE(model(a_adv), model(a_clean).detach())",0,0,fixed clean model output; no solver in attack,binary_replace,binary_steepest_replace,1,0.0250519029796123,0.0250519029796123,0.0250519029796123,0.0250519029796123,0.0,5.912505685046199e-07,5.912505685046199e-07,1.9724701871837172e-08,1.7229528026518892e-08,-2.495173845318277e-09,2.0027680695056915,9.0,2.013852119445801,181.0,0.0500692017376422,0.7167863249778748,11584,1,1.0,11584,181.0,0.0,0.0138107435777783,0.0138107435777783,0.0
darcy,141,141,64,solver,solver_x_adv_training_target,0.483989128988469,0.0075623301404448,132.2343750442477,loss1,"MSE(model(a_adv), model(a_clean).detach())",0,0,fixed clean model output; no solver in attack,binary_replace,binary_steepest_replace,1,0.0250519029796123,0.0250519029796123,0.0250519029796123,0.0250519029796123,0.0,5.817743158331723e-07,5.817743158331723e-07,2.1807641914506348e-08,1.9552340191353323e-08,-2.2553017231530252e-09,2.002076059579849,9.0,2.013502597808838,181.0,0.0500519014894962,0.7106184959411621,11584,1,1.0,11584,181.0,0.0,0.0138127570971846,0.0138127570971846,0.0
darcy,142,142,64,solver,solver_x_adv_training_target,0.4781911850150209,0.0074717372658597,133.8376825118381,loss1,"MSE(model(a_adv), model(a_clean).detach())",0,0,fixed clean model output; no solver in attack,binary_replace,binary_steepest_replace,1,0.0250519029796123,0.0250519029796123,0.0250519029796123,0.0250519029796123,0.0,6.007154524922953e-07,6.007154524922953e-07,2.0858294647041475e-08,1.8914004584758004e-08,-1.9442900622834713e-09,2.003287076950073,9.0,2.014113187789917,181.0,0.0500821769237518,0.70853590965271,11584,1,1.0,11584,181.0,0.0,0.0138021195307374,0.0138021195307374,0.0
darcy,143,143,64,solver,solver_x_adv_training_target,0.538449262996437,0.0084132697343193,118.85985253994764,loss1,"MSE(model(a_adv), model(a_clean).detach())",0,0,fixed clean model output; no solver in attack,binary_replace,binary_steepest_replace,1,0.0250519029796123,0.0250519029796123,0.0250519029796123,0.0250519029796123,0.0,6.064781814529852e-07,6.064781814529852e-07,1.9436063425359865e-08,1.7579520061872245e-08,-1.8565433634876166e-09,2.003460079431534,9.0,2.0142009258270264,181.0,0.0500865019857883,0.7026989459991455,11584,1,1.0,11584,181.0,0.0,0.0138011658564209,0.0138011658564209,0.0
darcy,144,144,64,solver,solver_x_adv_training_target,0.4772429970034864,0.0074569218281794,134.10359167519113,loss1,"MSE(model(a_adv), model(a_clean).detach())",0,0,fixed clean model output; no solver in attack,binary_replace,binary_steepest_replace,1,0.0250519029796123,0.0250519029796123,0.0250519029796123,0.0250519029796123,0.0,5.96454128753976e-07,5.96454128753976e-07,1.967542573311221e-08,1.7168927612942753e-08,-2.506498120169453e-09,2.0019030570983887,9.0,2.013406276702881,181.0,0.0500475764274597,0.7090116739273071,11584,1,1.0,11584,181.0,0.0,0.0139572406187653,0.0139572406187653,0.0
darcy,145,145,64,solver,solver_x_adv_training_target,0.4775920899992343,0.007462376406238,134.00556948106615,loss1,"MSE(model(a_adv), model(a_clean).detach())",0,0,fixed clean model output; no solver in attack,binary_replace,binary_steepest_replace,1,0.0250519029796123,0.0250519029796123,0.0250519029796123,0.0250519029796123,0.0,5.853715947523597e-07,5.853715947523597e-07,2.0690970714554172e-08,1.7114130557160934e-08,-3.576840157393235e-09,2.0027680695056915,9.0,2.0138518810272217,181.0,0.0500692017376422,0.7186028957366943,11584,1,1.0,11584,181.0,0.0,0.0138372825458645,0.0138372825458645,0.0
darcy,146,146,64,solver,solver_x_adv_training_target,0.4780909279943444,0.0074701707499116,133.86574865264353,loss1,"MSE(model(a_adv), model(a_clean).detach())",0,0,fixed clean model output; no solver in attack,binary_replace,binary_steepest_replace,1,0.0250519029796123,0.0250519029796123,0.0250519029796123,0.0250519029796123,0.0,5.987225222270354e-07,5.987225222270354e-07,2.0652199950177422e-08,1.792739645622987e-08,-2.7248034939475474e-09,2.002941071987152,9.0,2.0139389038085938,181.0,0.0500735267996788,0.7135099172592163,11584,1,1.0,11584,181.0,0.0,0.0138766653835773,0.0138766653835773,0.0
darcy,147,147,64,solver,solver_x_adv_training_target,0.4909402320045046,0.0076709411250703,130.36210077688798,loss1,"MSE(model(a_adv), model(a_clean).detach())",0,0,fixed clean model output; no solver in attack,binary_replace,binary_steepest_replace,1,0.0250519029796123,0.0250519029796123,0.0250519029796123,0.0250519029796123,0.0,5.958357860436081e-07,5.958357860436081e-07,1.9690391539484157e-08,1.7504696359083027e-08,-2.185695180401126e-09,2.00224906206131,9.0,2.013590097427368,181.0,0.0500562265515327,0.7079995274543762,11584,1,1.0,11584,181.0,0.0,0.0138200586661696,0.0138200586661696,0.0
darcy,148,148,64,solver,solver_x_adv_training_target,0.4785470839997288,0.0074772981874957,133.7381464433629,loss1,"MSE(model(a_adv), model(a_clean).detach())",0,0,fixed clean model output; no solver in attack,binary_replace,binary_steepest_replace,1,0.0250519029796123,0.0250519029796123,0.0250519029796123,0.0250519029796123,0.0,5.778141485279775e-07,5.778141485279775e-07,1.9060584222074798e-08,1.7245152861278257e-08,-1.8154313607965374e-09,2.002595067024231,9.0,2.0137650966644287,181.0,0.0500648766756057,0.7080557942390442,11584,1,1.0,11584,181.0,0.0,0.0138703752309083,0.0138703752309083,0.0
darcy,149,149,64,solver,solver_x_adv_training_target,0.4785013379878364,0.0074765834060599,133.75093216902746,loss1,"MSE(model(a_adv), model(a_clean).detach())",0,0,fixed clean model output; no solver in attack,binary_replace,binary_steepest_replace,1,0.0250519029796123,0.0250519029796123,0.0250519029796123,0.0250519029796123,0.0,6.014503242113278e-07,6.014503242113278e-07,1.8952441394048947e-08,1.6829053706146624e-08,-2.1233876879023232e-09,2.0024220645427704,9.0,2.013676166534424,181.0,0.0500605516135692,0.7054238319396973,11584,1,1.0,11584,181.0,0.0,0.0137416729703545,0.0137416729703545,0.0
darcy,150,150,64,solver,solver_x_adv_training_target,0.5364345650014002,0.0083817900781468,119.30625685880804,loss1,"MSE(model(a_adv), model(a_clean).detach())",0,0,fixed clean model output; no solver in attack,binary_replace,binary_steepest_replace,1,0.0250519029796123,0.0250519029796123,0.0250519029796123,0.0250519029796123,0.0,5.878864044461807e-07,5.878864044461807e-07,1.912061442510549e-08,1.7755986903011944e-08,-1.364627522093542e-09,2.002941071987152,9.0,2.013939380645752,181.0,0.0500735267996788,0.7129022479057312,11584,1,1.0,11584,181.0,0.0,0.0137933222576975,0.0137933222576975,0.0
darcy,151,151,64,solver,solver_x_adv_training_target,0.4836805759987328,0.0075575089999802,132.3187309472764,loss1,"MSE(model(a_adv), model(a_clean).detach())",0,0,fixed clean model output; no solver in attack,binary_replace,binary_steepest_replace,1,0.0250519029796123,0.0250519029796123,0.0250519029796123,0.0250519029796123,0.0,5.902987254557956e-07,5.902987254557956e-07,1.9492734537607248e-08,1.7624605774813062e-08,-1.8681287627941856e-09,2.00224906206131,9.0,2.013589382171631,181.0,0.0500562265515327,0.7061331868171692,11584,1,1.0,11584,181.0,0.0,0.0137791791930794,0.0137791791930794,0.0
darcy,152,152,64,solver,solver_x_adv_training_target,0.4792727620224468,0.0074886369066007,133.53565040903064,loss1,"MSE(model(a_adv), model(a_clean).detach())",0,0,fixed clean model output; no solver in attack,binary_replace,binary_steepest_replace,1,0.0250519029796123,0.0250519029796123,0.0250519029796123,0.0250519029796123,0.0,5.833697400703386e-07,5.833697400703386e-07,1.9368274095654673e-08,1.7024587961600446e-08,-2.3436861340542237e-09,2.002076059579849,9.0,2.013503313064575,181.0,0.0500519014894962,0.7162132263183594,11584,1,1.0,11584,181.0,0.0,0.0138553259894251,0.0138553259894251,0.0
darcy,153,153,64,solver,solver_x_adv_training_target,0.484687271004077,0.0075732386094387,132.0439050677311,loss1,"MSE(model(a_adv), model(a_clean).detach())",0,0,fixed clean model output; no solver in attack,binary_replace,binary_steepest_replace,1,0.0250519029796123,0.0250519029796123,0.0250519029796123,0.0250519029796123,0.0,6.092042781347118e-07,6.092042781347118e-07,1.9131366713054376e-08,1.6820962400743156e-08,-2.3104043123112206e-09,2.00224906206131,9.0,2.0135903358459477,181.0,0.0500562265515327,0.7081098556518555,11584,1,1.0,11584,181.0,0.0,0.0137338768690824,0.0137338768690824,0.0
darcy,154,154,64,solver,solver_x_adv_training_target,0.5452095459913835,0.0085188991561153,117.3860591226909,loss1,"MSE(model(a_adv), model(a_clean).detach())",0,0,fixed clean model output; no solver in attack,binary_replace,binary_steepest_replace,1,0.0250519029796123,0.0250519029796123,0.0250519029796123,0.0250519029796123,0.0,5.770762072643265e-07,5.770762072643265e-07,1.9181058519279762e-08,1.7342578928492003e-08,-1.838479590787756e-09,2.0024220645427704,9.0,2.0136780738830566,181.0,0.0500605516135692,0.7110748291015625,11584,1,1.0,11584,181.0,0.0,0.0139069836586713,0.0139069836586713,0.0
darcy,155,155,64,solver,solver_x_adv_training_target,0.4786022519983817,0.0074781601874747,133.72273058217118,loss1,"MSE(model(a_adv), model(a_clean).detach())",0,0,fixed clean model output; no solver in attack,binary_replace,binary_steepest_replace,1,0.0250519029796123,0.0250519029796123,0.0250519029796123,0.0250519029796123,0.0,6.031631869518606e-07,6.031631869518606e-07,1.876569477587964e-08,1.7007790731327077e-08,-1.7579040445525607e-09,2.001384049654007,9.0,2.013148307800293,181.0,0.0500346012413501,0.7099459171295166,11584,1,1.0,11584,181.0,0.0,0.0138798719272017,0.0138798719272017,0.0
darcy,156,156,64,solver,solver_x_adv_training_target,0.478632384998491,0.0074786310156014,133.71431187256954,loss1,"MSE(model(a_adv), model(a_clean).detach())",0,0,fixed clean model output; no solver in attack,binary_replace,binary_steepest_replace,1,0.0250519029796123,0.0250519029796123,0.0250519029796123,0.0250519029796123,0.0,5.930475026616477e-07,5.930475026616477e-07,1.904655633211405e-08,1.67226161806866e-08,-2.32394015142745e-09,2.0031140744686127,9.0,2.014026165008545,181.0,0.0500778518617153,0.7113991975784302,11584,1,1.0,11584,181.0,0.0,0.0139290448278188,0.0139290448278188,0.0
darcy,157,157,64,solver,solver_x_adv_training_target,0.4904503529833164,0.0076632867653643,130.4923110172113,loss1,"MSE(model(a_adv), model(a_clean).detach())",0,0,fixed clean model output; no solver in attack,binary_replace,binary_steepest_replace,1,0.0250519029796123,0.0250519029796123,0.0250519029796123,0.0250519029796123,0.0,5.936851721344283e-07,5.936851721344283e-07,1.9792295802290027e-08,1.7248819261794782e-08,-2.5434765404952486e-09,2.002595067024231,9.0,2.0137646198272705,181.0,0.0500648766756057,0.7048377990722656,11584,1,1.0,11584,181.0,0.0,0.0137950479984283,0.0137950479984283,0.0
darcy,158,158,64,solver,solver_x_adv_training_target,0.4785008229955565,0.0074765753593055,133.75107612008082,loss1,"MSE(model(a_adv), model(a_clean).detach())",0,0,fixed clean model output; no solver in attack,binary_replace,binary_steepest_replace,1,0.0250519029796123,0.0250519029796123,0.0250519029796123,0.0250519029796123,0.0,6.140414257060911e-07,6.140414257060911e-07,1.9426357411589382e-08,1.7009238462151188e-08,-2.41711894943819e-09,2.0015570521354675,9.0,2.013234138488769,181.0,0.0500389263033866,0.7075973153114319,11584,1,1.0,11584,181.0,0.0,0.0138231860473752,0.0138231860473752,0.0
darcy,159,159,64,solver,solver_x_adv_training_target,0.5441326229774859,0.0085020722340232,117.61838437436984,loss1,"MSE(model(a_adv), model(a_clean).detach())",0,0,fixed clean model output; no solver in attack,binary_replace,binary_steepest_replace,1,0.0250519029796123,0.0250519029796123,0.0250519029796123,0.0250519029796123,0.0,6.137369723546726e-07,6.137369723546726e-07,1.9693395358899582e-08,1.7651670347618165e-08,-2.041725011281414e-09,2.003806233406067,9.0,2.0143752098083496,181.0,0.0500951558351516,0.705787181854248,11584,1,1.0,11584,181.0,0.0,0.0138639500364661,0.0138639500364661,0.0
darcy,160,160,64,solver,solver_x_adv_training_target,0.4776341450051404,0.0074630335157053,133.99377048161247,loss1,"MSE(model(a_adv), model(a_clean).detach())",0,0,fixed clean model output; no solver in attack,binary_replace,binary_steepest_replace,1,0.0250519029796123,0.0250519029796123,0.0250519029796123,0.0250519029796123,0.0,5.892050012334948e-07,5.892050012334948e-07,1.9501129600030254e-08,1.7668014606897486e-08,-1.8331149931327675e-09,2.0006920397281647,9.0,2.012796401977539,181.0,0.0500173009932041,0.7074264287948608,11584,1,1.0,11584,181.0,0.0,0.0138484798371791,0.0138484798371791,0.0
darcy,161,161,64,solver,solver_x_adv_training_target,0.5366520269890316,0.0083851879217036,119.25791161002746,loss1,"MSE(model(a_adv), model(a_clean).detach())",0,0,fixed clean model output; no solver in attack,binary_replace,binary_steepest_replace,1,0.0250519029796123,0.0250519029796123,0.0250519029796123,0.0250519029796123,0.0,5.944943382019119e-07,5.944943382019119e-07,1.9641939630332672e-08,1.7542694408234638e-08,-2.099245222098034e-09,2.0031140744686127,9.0,2.014024257659912,181.0,0.0500778518617153,0.7053806185722351,11584,1,1.0,11584,181.0,0.0,0.0137060275301337,0.0137060275301337,0.0
darcy,162,162,64,solver,solver_x_adv_training_target,0.4785296240006573,0.0074770253750102,133.7430261160009,loss1,"MSE(model(a_adv), model(a_clean).detach())",0,0,fixed clean model output; no solver in attack,binary_replace,binary_steepest_replace,1,0.0250519029796123,0.0250519029796123,0.0250519029796123,0.0250519029796123,0.0,6.102059728618769e-07,6.102059728618769e-07,1.969324259221139e-08,1.7357033144094203e-08,-2.336209448117188e-09,2.003460079431534,9.0,2.0142006874084477,181.0,0.0500865019857883,0.7037002444267273,11584,1,1.0,11584,181.0,0.0,0.0136877223849296,0.0136877223849296,0.0
darcy,163,163,64,solver,solver_x_adv_training_target,0.5378453840094153,0.0084038341251471,118.9933053304398,loss1,"MSE(model(a_adv), model(a_clean).detach())",0,0,fixed clean model output; no solver in attack,binary_replace,binary_steepest_replace,1,0.0250519029796123,0.0250519029796123,0.0250519029796123,0.0250519029796123,0.0,5.979590582683159e-07,5.979590582683159e-07,1.9653803917663023e-08,1.6863316076864976e-08,-2.79048784079805e-09,2.00224906206131,9.0,2.01358962059021,181.0,0.0500562265515327,0.7026600241661072,11584,1,1.0,11584,181.0,0.0,0.0139203537255525,0.0139203537255525,0.0
darcy,164,164,64,solver,solver_x_adv_training_target,0.5083498390158638,0.0079429662346228,125.89755142619958,loss1,"MSE(model(a_adv), model(a_clean).detach())",0,0,fixed clean model output; no solver in attack,binary_replace,binary_steepest_replace,1,0.0250519029796123,0.0250519029796123,0.0250519029796123,0.0250519029796123,0.0,6.017636451360886e-07,6.017636451360886e-07,1.9669327500082545e-08,1.7529792728510074e-08,-2.139534771572471e-09,2.0027680695056915,9.0,2.0138514041900635,181.0,0.0500692017376422,0.7121798992156982,11584,1,1.0,11584,181.0,0.0,0.0139028122648596,0.0139028122648596,0.0
darcy,165,165,64,solver,solver_x_adv_training_target,0.4786986889957916,0.0074796670155592,133.69579125912887,loss1,"MSE(model(a_adv), model(a_clean).detach())",0,0,fixed clean model output; no solver in attack,binary_replace,binary_steepest_replace,1,0.0250519029796123,0.0250519029796123,0.0250519029796123,0.0250519029796123,0.0,5.882888558517152e-07,5.882888558517152e-07,1.95374205702592e-08,1.7050405531904292e-08,-2.4870150383549117e-09,2.001730054616928,9.0,2.0133249759674072,181.0,0.0500432513654232,0.7055384516716003,11584,1,1.0,11584,181.0,0.0,0.0137274218723177,0.0137274218723177,0.0
darcy,166,166,64,solver,solver_x_adv_training_target,0.4788875360100064,0.0074826177501563,133.64306896194248,loss1,"MSE(model(a_adv), model(a_clean).detach())",0,0,fixed clean model output; no solver in attack,binary_replace,binary_steepest_replace,1,0.0250519029796123,0.0250519029796123,0.0250519029796123,0.0250519029796123,0.0,5.955105280008866e-07,5.955105280008866e-07,1.9125723227375602e-08,1.6871471331114662e-08,-2.254251896260939e-09,2.002941071987152,9.0,2.0139384269714355,181.0,0.0500735267996788,0.7049048542976379,11584,1,1.0,11584,181.0,0.0,0.0137241287156939,0.0137241287156939,0.0
darcy,167,167,64,solver,solver_x_adv_training_target,0.4855791559966746,0.007587174312448,131.80137411095603,loss1,"MSE(model(a_adv), model(a_clean).detach())",0,0,fixed clean model output; no solver in attack,binary_replace,binary_steepest_replace,1,0.0250519029796123,0.0250519029796123,0.0250519029796123,0.0250519029796123,0.0,6.02009720296337e-07,6.02009720296337e-07,1.928022541619612e-08,1.7090043158418666e-08,-2.190182257777451e-09,2.0031140744686127,9.0,2.014026641845703,181.0,0.0500778518617153,0.7165787220001221,11584,1,1.0,11584,181.0,0.0,0.0138549702242016,0.0138549702242016,0.0
darcy,168,168,64,solver,solver_x_adv_training_target,0.4786742090072948,0.0074792845157389,133.70262862652928,loss1,"MSE(model(a_adv), model(a_clean).detach())",0,0,fixed clean model output; no solver in attack,binary_replace,binary_steepest_replace,1,0.0250519029796123,0.0250519029796123,0.0250519029796123,0.0250519029796123,0.0,6.023423679835105e-07,6.023423679835105e-07,1.8973002724465005e-08,1.7589323775268895e-08,-1.3836789491961101e-09,2.0031140744686127,9.0,2.014026165008545,181.0,0.0500778518617153,0.6993187665939331,11584,1,1.0,11584,181.0,0.0,0.0138026233762502,0.0138026233762502,0.0
darcy,169,169,64,solver,solver_x_adv_training_target,0.5418725300114602,0.008466758281429,118.10895820580986,loss1,"MSE(model(a_adv), model(a_clean).detach())",0,0,fixed clean model output; no solver in attack,binary_replace,binary_steepest_replace,1,0.0250519029796123,0.0250519029796123,0.0250519029796123,0.0250519029796123,0.0,5.733031116506027e-07,5.733031116506027e-07,1.9260365746731626e-08,1.6013174786166928e-08,-3.2471909605646943e-09,2.0031140744686127,9.0,2.014026403427124,181.0,0.0500778518617153,0.709695041179657,11584,1,1.0,11584,181.0,0.0,0.0138737233355641,0.0138737233355641,0.0
darcy,170,170,64,solver,solver_x_adv_training_target,0.4789799569989554,0.0074840618281086,133.61728202781472,loss1,"MSE(model(a_adv), model(a_clean).detach())",0,0,fixed clean model output; no solver in attack,binary_replace,binary_steepest_replace,1,0.0250519029796123,0.0250519029796123,0.0250519029796123,0.0250519029796123,0.0,5.921002070863324e-07,5.921002070863324e-07,2.0317161286698138e-08,1.7363511517487495e-08,-2.9536497692106423e-09,2.0027680695056915,9.0,2.0138516426086426,181.0,0.0500692017376422,0.7077940702438354,11584,1,1.0,11584,181.0,0.0,0.0138147212564945,0.0138147212564945,0.0
darcy,171,171,64,solver,solver_x_adv_training_target,0.4787195830140263,0.0074799934845941,133.68995602196793,loss1,"MSE(model(a_adv), model(a_clean).detach())",0,0,fixed clean model output; no solver in attack,binary_replace,binary_steepest_replace,1,0.0250519029796123,0.0250519029796123,0.0250519029796123,0.0250519029796123,0.0,6.010344009155233e-07,6.010344009155233e-07,2.0804082012659822e-08,1.7146785324939632e-08,-3.6572966877201907e-09,2.0015570521354675,9.0,2.0132317543029785,181.0,0.0500389263033866,0.7138559222221375,11584,1,1.0,11584,181.0,0.0,0.0137911504134535,0.0137911504134535,0.0
darcy,172,172,64,solver,solver_x_adv_training_target,0.4795136640022974,0.0074924010000358,133.46856368141653,loss1,"MSE(model(a_adv), model(a_clean).detach())",0,0,fixed clean model output; no solver in attack,binary_replace,binary_steepest_replace,1,0.0250519029796123,0.0250519029796123,0.0250519029796123,0.0250519029796123,0.0,6.037778348400025e-07,6.037778348400025e-07,2.0109077070173956e-08,1.7472276070407133e-08,-2.6368009997668196e-09,2.003460079431534,9.0,2.0142009258270264,181.0,0.0500865019857883,0.713862419128418,11584,1,1.0,11584,181.0,0.0,0.0137775288894772,0.0137775288894772,0.0
darcy,173,173,64,solver,solver_x_adv_training_target,0.4786186609999276,0.0074784165781238,133.71814602107557,loss1,"MSE(model(a_adv), model(a_clean).detach())",0,0,fixed clean model output; no solver in attack,binary_replace,binary_steepest_replace,1,0.0250519029796123,0.0250519029796123,0.0250519029796123,0.0250519029796123,0.0,6.033146746631246e-07,6.033146746631246e-07,1.8765442533208443e-08,1.6277738268399844e-08,-2.487704264808599e-09,2.0027680695056915,9.0,2.01385235786438,181.0,0.0500692017376422,0.7078871130943298,11584,1,1.0,11584,181.0,0.0,0.0138468965888023,0.0138468965888023,0.0
darcy,174,174,64,solver,solver_x_adv_training_target,0.4782869989867322,0.0074732343591676,133.81087116226502,loss1,"MSE(model(a_adv), model(a_clean).detach())",0,0,fixed clean model output; no solver in attack,binary_replace,binary_steepest_replace,1,0.0250519029796123,0.0250519029796123,0.0250519029796123,0.0250519029796123,0.0,5.896432071494928e-07,5.896432071494928e-07,1.869776689034097e-08,1.690124484809985e-08,-1.796522042241122e-09,2.001038044691086,9.0,2.0129740238189697,181.0,0.0500259511172771,0.7138062119483948,11584,1,1.0,11584,181.0,0.0,0.0138555681332945,0.0138555681332945,0.0
darcy,175,175,64,solver,solver_x_adv_training_target,0.4787835190072655,0.0074809924844885,133.67210327686487,loss1,"MSE(model(a_adv), model(a_clean).detach())",0,0,fixed clean model output; no solver in attack,binary_replace,binary_steepest_replace,1,0.0250519029796123,0.0250519029796123,0.0250519029796123,0.0250519029796123,0.0,5.889552312510205e-07,5.889552312510205e-07,1.994481735323461e-08,1.7557477249852127e-08,-2.3873401033824852e-09,2.0019030570983887,9.0,2.0134119987487797,181.0,0.0500475764274597,0.7130947113037109,11584,1,1.0,11584,181.0,0.0,0.0139139853417873,0.0139139853417873,0.0
darcy,176,176,64,solver,solver_x_adv_training_target,0.4788012049975805,0.0074812688280871,133.66716568794644,loss1,"MSE(model(a_adv), model(a_clean).detach())",0,0,fixed clean model output; no solver in attack,binary_replace,binary_steepest_replace,1,0.0250519029796123,0.0250519029796123,0.0250519029796123,0.0250519029796123,0.0,6.073037184251007e-07,6.073037184251007e-07,1.9304927434404817e-08,1.6853721973575375e-08,-2.451205460829442e-09,2.0031140744686127,9.0,2.0140256881713867,181.0,0.0500778518617153,0.7047621011734009,11584,1,1.0,11584,181.0,0.0,0.0137464180588722,0.0137464180588722,0.0
darcy,177,177,64,solver,solver_x_adv_training_target,0.5479422750067897,0.008561598046981,116.80062466289348,loss1,"MSE(model(a_adv), model(a_clean).detach())",0,0,fixed clean model output; no solver in attack,binary_replace,binary_steepest_replace,1,0.0250519029796123,0.0250519029796123,0.0250519029796123,0.0250519029796123,0.0,6.0118276223875e-07,6.0118276223875e-07,1.9088778557829755e-08,1.678718319908512e-08,-2.3015953587446347e-09,2.002595067024231,9.0,2.013762950897217,181.0,0.0500648766756057,0.7110877633094788,11584,1,1.0,11584,181.0,0.0,0.013835378922522,0.013835378922522,0.0
darcy,178,178,64,solver,solver_x_adv_training_target,0.4787772379931994,0.0074808943436437,133.6738569031744,loss1,"MSE(model(a_adv), model(a_clean).detach())",0,0,fixed clean model output; no solver in attack,binary_replace,binary_steepest_replace,1,0.0250519029796123,0.0250519029796123,0.0250519029796123,0.0250519029796123,0.0,5.813255938846851e-07,5.813255938846851e-07,1.9012821539377e-08,1.760541756823386e-08,-1.4074039711431394e-09,2.002076059579849,9.0,2.0134973526000977,181.0,0.0500519014894962,0.7143879532814026,11584,1,1.0,11584,181.0,0.0,0.0138270184397697,0.0138270184397697,0.0
darcy,179,179,64,solver,solver_x_adv_training_target,0.477897603996098,0.007467150062439,133.91990138649564,loss1,"MSE(model(a_adv), model(a_clean).detach())",0,0,fixed clean model output; no solver in attack,binary_replace,binary_steepest_replace,1,0.0250519029796123,0.0250519029796123,0.0250519029796123,0.0250519029796123,0.0,6.006167154737341e-07,6.006167154737341e-07,1.906752444824633e-08,1.6598100671672e-08,-2.469423776574331e-09,2.00224906206131,9.0,2.013589382171631,181.0,0.0500562265515327,0.713499128818512,11584,1,1.0,11584,181.0,0.0,0.0137660345062613,0.0137660345062613,0.0
darcy,180,180,64,solver,solver_x_adv_training_target,0.5450406899908558,0.0085162607811071,117.42242583957125,loss1,"MSE(model(a_adv), model(a_clean).detach())",0,0,fixed clean model output; no solver in attack,binary_replace,binary_steepest_replace,1,0.0250519029796123,0.0250519029796123,0.0250519029796123,0.0250519029796123,0.0,5.992481533212413e-07,5.992481533212413e-07,1.9819957230993168e-08,1.7093098492182435e-08,-2.726858738810733e-09,2.0012110471725464,9.0,2.013056755065918,181.0,0.0500302761793136,0.7031509280204773,11584,1,1.0,11584,181.0,0.0,0.0138435317203402,0.0138435317203402,0.0
darcy,181,181,64,solver,solver_x_adv_training_target,0.4783780729922,0.0074746573905031,133.78539614010177,loss1,"MSE(model(a_adv), model(a_clean).detach())",0,0,fixed clean model output; no solver in attack,binary_replace,binary_steepest_replace,1,0.0250519029796123,0.0250519029796123,0.0250519029796123,0.0250519029796123,0.0,5.968461209704401e-07,5.968461209704401e-07,1.9331670486621988e-08,1.6855754125799652e-08,-2.475916360822339e-09,2.002941071987152,9.0,2.013939380645752,181.0,0.0500735267996788,0.709290623664856,11584,1,1.0,11584,181.0,0.0,0.0138679575175046,0.0138679575175046,0.0
darcy,182,182,64,solver,solver_x_adv_training_target,0.4786023759806994,0.0074781621246984,133.72269594119382,loss1,"MSE(model(a_adv), model(a_clean).detach())",0,0,fixed clean model output; no solver in attack,binary_replace,binary_steepest_replace,1,0.0250519029796123,0.0250519029796123,0.0250519029796123,0.0250519029796123,0.0,5.880122557755385e-07,5.880122557755385e-07,1.9540138396223483e-08,1.6412354142403274e-08,-3.127784253820209e-09,2.0019030570983887,9.0,2.013413906097412,181.0,0.0500475764274597,0.7103784680366516,11584,1,1.0,11584,181.0,0.0,0.0138691579923033,0.0138691579923033,0.0
darcy,183,183,64,solver,solver_x_adv_training_target,0.4778525489964522,0.0074664460780695,133.93252821274615,loss1,"MSE(model(a_adv), model(a_clean).detach())",0,0,fixed clean model output; no solver in attack,binary_replace,binary_steepest_replace,1,0.0250519029796123,0.0250519029796123,0.0250519029796123,0.0250519029796123,0.0,5.99020381741866e-07,5.99020381741866e-07,1.920565573243493e-08,1.6218205445284184e-08,-2.9874502871507502e-09,2.000519037246704,9.0,2.012703895568848,181.0,0.0500129759311676,0.7064943313598633,11584,1,1.0,11584,181.0,0.0,0.0138219753280282,0.0138219753280282,0.0
darcy,184,184,64,solver,solver_x_adv_training_target,0.4790086649882141,0.0074845103904408,133.60927406516686,loss1,"MSE(model(a_adv), model(a_clean).detach())",0,0,fixed clean model output; no solver in attack,binary_replace,binary_steepest_replace,1,0.0250519029796123,0.0250519029796123,0.0250519029796123,0.0250519029796123,0.0,5.98623444147961e-07,5.98623444147961e-07,1.8959102732196698e-08,1.6450929507527693e-08,-2.508173224669008e-09,2.0031140744686127,9.0,2.014025449752808,181.0,0.0500778518617153,0.706035852432251,11584,1,1.0,11584,181.0,0.0,0.0138545269146561,0.0138545269146561,0.0
darcy,185,185,64,solver,solver_x_adv_training_target,0.47832774600829,0.0074738710313795,133.7994722950711,loss1,"MSE(model(a_adv), model(a_clean).detach())",0,0,fixed clean model output; no solver in attack,binary_replace,binary_steepest_replace,1,0.0250519029796123,0.0250519029796123,0.0250519029796123,0.0250519029796123,0.0,6.023622063366929e-07,6.023622063366929e-07,1.8940365720254704e-08,1.6229584787197382e-08,-2.7107809330573222e-09,2.00224906206131,9.0,2.0135889053344727,181.0,0.0500562265515327,0.709448516368866,11584,1,1.0,11584,181.0,0.0,0.0138574820011854,0.0138574820011854,0.0
darcy,186,186,64,solver,solver_x_adv_training_target,0.4776621200144291,0.0074634706252254,133.98592293244167,loss1,"MSE(model(a_adv), model(a_clean).detach())",0,0,fixed clean model output; no solver in attack,binary_replace,binary_steepest_replace,1,0.0250519029796123,0.0250519029796123,0.0250519029796123,0.0250519029796123,0.0,5.770397137894179e-07,5.770397137894179e-07,1.89355908730704e-08,1.6819637238540963e-08,-2.1159536345294327e-09,2.002595067024231,9.0,2.013763904571533,181.0,0.0500648766756057,0.7153308391571045,11584,1,1.0,11584,181.0,0.0,0.0138166733086109,0.0138166733086109,0.0
darcy,187,187,64,solver,solver_x_adv_training_target,0.493524001998594,0.007711312531228,129.67960978761542,loss1,"MSE(model(a_adv), model(a_clean).detach())",0,0,fixed clean model output; no solver in attack,binary_replace,binary_steepest_replace,1,0.0250519029796123,0.0250519029796123,0.0250519029796123,0.0250519029796123,0.0,5.886342933081323e-07,5.886342933081323e-07,1.892457035523876e-08,1.597122967211817e-08,-2.953340683120586e-09,2.0031140744686127,9.0,2.014026165008545,181.0,0.0500778518617153,0.7078806161880493,11584,1,1.0,11584,181.0,0.0,0.0138133401051163,0.0138133401051163,0.0
darcy,188,188,64,solver,solver_x_adv_training_target,0.478015688015148,0.0074689951252366,133.8868192082681,loss1,"MSE(model(a_adv), model(a_clean).detach())",0,0,fixed clean model output; no solver in attack,binary_replace,binary_steepest_replace,1,0.0250519029796123,0.0250519029796123,0.0250519029796123,0.0250519029796123,0.0,5.867433401363087e-07,5.867433401363087e-07,1.930624549117965e-08,1.643084424074459e-08,-2.8754012504350604e-09,2.0031140744686127,9.0,2.0140252113342285,181.0,0.0500778518617153,0.7127075791358948,11584,1,1.0,11584,181.0,0.0,0.0138449147343635,0.0138449147343635,0.0
darcy,189,189,64,solver,solver_x_adv_training_target,0.4779354539932683,0.0074677414686448,133.90929562823652,loss1,"MSE(model(a_adv), model(a_clean).detach())",0,0,fixed clean model output; no solver in attack,binary_replace,binary_steepest_replace,1,0.0250519029796123,0.0250519029796123,0.0250519029796123,0.0250519029796123,0.0,5.902760449316702e-07,5.902760449316702e-07,2.0057301597375957e-08,1.7446184941150022e-08,-2.6111166562259314e-09,2.0012110471725464,9.0,2.013052463531494,181.0,0.0500302761793136,0.7128027677536011,11584,1,1.0,11584,181.0,0.0,0.0138298701494932,0.0138298701494932,0.0
darcy,190,190,64,solver,solver_x_adv_training_target,0.4782856680103577,0.0074732135626618,133.8112435320015,loss1,"MSE(model(a_adv), model(a_clean).detach())",0,0,fixed clean model output; no solver in attack,binary_replace,binary_steepest_replace,1,0.0250519029796123,0.0250519029796123,0.0250519029796123,0.0250519029796123,0.0,6.049697844900948e-07,6.049697844900948e-07,1.9601303691274552e-08,1.6860441931498826e-08,-2.7408617597757252e-09,2.001730054616928,9.0,2.0133213996887207,181.0,0.0500432513654232,0.7157806754112244,11584,1,1.0,11584,181.0,0.0,0.0138226114213466,0.0138226114213466,0.0
darcy,191,191,64,solver,solver_x_adv_training_target,0.4791019130207132,0.0074859673909486,133.58326957302936,loss1,"MSE(model(a_adv), model(a_clean).detach())",0,0,fixed clean model output; no solver in attack,binary_replace,binary_steepest_replace,1,0.0250519029796123,0.0250519029796123,0.0250519029796123,0.0250519029796123,0.0,5.819380248794914e-07,5.819380248794914e-07,1.8920408351164042e-08,1.773366697932488e-08,-1.1867413718391615e-09,2.002595067024231,9.0,2.0137648582458496,181.0,0.0500648766756057,0.7118079662322998,11584,1,1.0,11584,181.0,0.0,0.0138631938025355,0.0138631938025355,0.0
darcy,192,192,64,solver,solver_x_adv_training_target,0.5503776149998885,0.0085996502343732,116.28379907858891,loss1,"MSE(model(a_adv), model(a_clean).detach())",0,0,fixed clean model output; no solver in attack,binary_replace,binary_steepest_replace,1,0.0250519029796123,0.0250519029796123,0.0250519029796123,0.0250519029796123,0.0,5.818669706059154e-07,5.818669706059154e-07,1.911810265653457e-08,1.6236288757909282e-08,-2.881813898625296e-09,2.0015570521354675,9.0,2.0132384300231934,181.0,0.0500389263033866,0.7058282494544983,11584,1,1.0,11584,181.0,0.0,0.0138843916356563,0.0138843916356563,0.0
darcy,193,193,64,solver,solver_x_adv_training_target,0.4783267119782977,0.0074738548746609,133.79976153810068,loss1,"MSE(model(a_adv), model(a_clean).detach())",0,0,fixed clean model output; no solver in attack,binary_replace,binary_steepest_replace,1,0.0250519029796123,0.0250519029796123,0.0250519029796123,0.0250519029796123,0.0,5.893069783269311e-07,5.893069783269311e-07,1.9456717126331572e-08,1.715255315559716e-08,-2.3041639707344075e-09,2.002595067024231,9.0,2.0137641429901123,181.0,0.0500648766756057,0.7069701552391052,11584,1,1.0,11584,181.0,0.0,0.013775136321783,0.013775136321783,0.0
darcy,194,194,64,solver,solver_x_adv_training_target,0.5479730030056089,0.0085620781719626,116.79407497990354,loss1,"MSE(model(a_adv), model(a_clean).detach())",0,0,fixed clean model output; no solver in attack,binary_replace,binary_steepest_replace,1,0.0250519029796123,0.0250519029796123,0.0250519029796123,0.0250519029796123,0.0,5.999777954457386e-07,5.999777954457386e-07,1.918497538611064e-08,1.6611698683277613e-08,-2.573276702833027e-09,2.002595067024231,9.0,2.0137643814086914,181.0,0.0500648766756057,0.7132850289344788,11584,1,1.0,11584,181.0,0.0,0.0137955248355865,0.0137955248355865,0.0
darcy,195,195,64,solver,solver_x_adv_training_target,0.4788178830058314,0.0074815294219661,133.66250984243328,loss1,"MSE(model(a_adv), model(a_clean).detach())",0,0,fixed clean model output; no solver in attack,binary_replace,binary_steepest_replace,1,0.0250519029796123,0.0250519029796123,0.0250519029796123,0.0250519029796123,0.0,5.871088433195837e-07,5.871088433195837e-07,1.8183612837674445e-08,1.5699059829898946e-08,-2.484553007775503e-09,2.0015570521354675,9.0,2.013241767883301,181.0,0.0500389263033866,0.7137088775634766,11584,1,1.0,11584,181.0,0.0,0.013859243132174,0.013859243132174,0.0
darcy,196,196,64,solver,solver_x_adv_training_target,0.5496536160062533,0.0085883377500977,116.43696709396684,loss1,"MSE(model(a_adv), model(a_clean).detach())",0,0,fixed clean model output; no solver in attack,binary_replace,binary_steepest_replace,1,0.0250519029796123,0.0250519029796123,0.0250519029796123,0.0250519029796123,0.0,5.810007337458956e-07,5.810007337458956e-07,1.8714644056672117e-08,1.6187041040893746e-08,-2.527603015778368e-09,2.0019030570983887,9.0,2.013413190841675,181.0,0.0500475764274597,0.714452862739563,11584,1,1.0,11584,181.0,0.0,0.0139274364337325,0.0139274364337325,0.0
darcy,197,197,64,solver,solver_x_adv_training_target,0.486225225002272,0.0075972691406605,131.62624378383688,loss1,"MSE(model(a_adv), model(a_clean).detach())",0,0,fixed clean model output; no solver in attack,binary_replace,binary_steepest_replace,1,0.0250519029796123,0.0250519029796123,0.0250519029796123,0.0250519029796123,0.0,5.932594717705797e-07,5.932594717705797e-07,1.9124623662492013e-08,1.514795577861605e-08,-3.976667883875962e-09,2.002595067024231,9.0,2.0137650966644287,181.0,0.0500648766756057,0.7132201194763184,11584,1,1.0,11584,181.0,0.0,0.013783823698759,0.013783823698759,0.0
darcy,198,198,64,solver,solver_x_adv_training_target,0.5352290159789845,0.0083629533746716,119.57498209049436,loss1,"MSE(model(a_adv), model(a_clean).detach())",0,0,fixed clean model output; no solver in attack,binary_replace,binary_steepest_replace,1,0.0250519029796123,0.0250519029796123,0.0250519029796123,0.0250519029796123,0.0,6.066037485652487e-07,6.066037485652487e-07,2.0097795427886922e-08,1.7822651798837796e-08,-2.2751436290491256e-09,2.002076059579849,9.0,2.013500452041626,181.0,0.0500519014894962,0.7120263576507568,11584,1,1.0,11584,181.0,0.0,0.0138188228011131,0.0138188228011131,0.0
darcy,199,199,64,solver,solver_x_adv_training_target,0.4777233060158323,0.0074644266564973,133.96876223970315,loss1,"MSE(model(a_adv), model(a_clean).detach())",0,0,fixed clean model output; no solver in attack,binary_replace,binary_steepest_replace,1,0.0250519029796123,0.0250519029796123,0.0250519029796123,0.0250519029796123,0.0,6.051345735613722e-07,6.051345735613722e-07,1.9217694102735553e-08,1.7172316901792328e-08,-2.045377200943221e-09,2.002941071987152,9.0,2.01393985748291,181.0,0.0500735267996788,0.7074329257011414,11584,1,1.0,11584,181.0,0.0,0.0138949146494269,0.0138949146494269,0.0
darcy,200,200,64,solver,solver_x_adv_training_target,0.4781001649971585,0.0074703150780806,133.86316233624467,loss1,"MSE(model(a_adv), model(a_clean).detach())",0,0,fixed clean model output; no solver in attack,binary_replace,binary_steepest_replace,1,0.0250519029796123,0.0250519029796123,0.0250519029796123,0.0250519029796123,0.0,5.83833070777473e-07,5.83833070777473e-07,1.911826252865012e-08,1.6497740062959565e-08,-2.6205224656905557e-09,2.0031140744686127,9.0,2.014025926589966,181.0,0.0500778518617153,0.7143187522888184,11584,1,1.0,11584,181.0,0.0,0.0138315502554178,0.0138315502554178,0.0
darcy,201,201,64,solver,solver_x_adv_training_target,0.4784667369967792,0.0074760427655746,133.76060455469198,loss1,"MSE(model(a_adv), model(a_clean).detach())",0,0,fixed clean model output; no solver in attack,binary_replace,binary_steepest_replace,1,0.0250519029796123,0.0250519029796123,0.0250519029796123,0.0250519029796123,0.0,5.813745929117431e-07,5.813745929117431e-07,1.878163935487009e-08,1.6438765015891477e-08,-2.3428743389786173e-09,2.0024220645427704,9.0,2.0136775970458984,181.0,0.0500605516135692,0.7113343477249146,11584,1,1.0,11584,181.0,0.0,0.0137407593429088,0.0137407593429088,0.0
darcy,202,202,64,solver,solver_x_adv_training_target,0.4803574779944028,0.0075055855936625,133.23410778825374,loss1,"MSE(model(a_adv), model(a_clean).detach())",0,0,fixed clean model output; no solver in attack,binary_replace,binary_steepest_replace,1,0.0250519029796123,0.0250519029796123,0.0250519029796123,0.0250519029796123,0.0,5.945971679466311e-07,5.945971679466311e-07,1.9377766946604424e-08,1.6377423861513307e-08,-3.0003430850911164e-09,2.0019030570983887,9.0,2.0134098529815674,181.0,0.0500475764274597,0.7122988700866699,11584,1,1.0,11584,181.0,0.0,0.013939288444817,0.013939288444817,0.0
darcy,203,203,64,solver,solver_x_adv_training_target,0.4805448180122766,0.0075085127814418,133.18216657653142,loss1,"MSE(model(a_adv), model(a_clean).detach())",0,0,fixed clean model output; no solver in attack,binary_replace,binary_steepest_replace,1,0.0250519029796123,0.0250519029796123,0.0250519029796123,0.0250519029796123,0.0,6.072889391361969e-07,6.072889391361969e-07,1.914669134350788e-08,1.7326478030099682e-08,-1.820213313408203e-09,2.003806233406067,9.0,2.0143752098083496,181.0,0.0500951558351516,0.7073442935943604,11584,1,1.0,11584,181.0,0.0,0.0138267716392874,0.0138267716392874,0.0
darcy,204,204,64,solver,solver_x_adv_training_target,0.5426552779972553,0.0084789887187071,117.9385930534038,loss1,"MSE(model(a_adv), model(a_clean).detach())",0,0,fixed clean model output; no solver in attack,binary_replace,binary_steepest_replace,1,0.0250519029796123,0.0250519029796123,0.0250519029796123,0.0250519029796123,0.0,6.099897973399493e-07,6.099897973399493e-07,1.9049352317779267e-08,1.6758763266011556e-08,-2.2905890517677108e-09,2.0027680695056915,9.0,2.0138511657714844,181.0,0.0500692017376422,0.7084125876426697,11584,1,1.0,11584,181.0,0.0,0.0137788597494363,0.0137788597494363,0.0
darcy,205,205,64,solver,solver_x_adv_training_target,0.4780050539993681,0.0074688289687401,133.88979774277576,loss1,"MSE(model(a_adv), model(a_clean).detach())",0,0,fixed clean model output; no solver in attack,binary_replace,binary_steepest_replace,1,0.0250519029796123,0.0250519029796123,0.0250519029796123,0.0250519029796123,0.0,5.922681793890661e-07,5.922681793890661e-07,1.903581825501988e-08,1.6007307479526393e-08,-3.028510775493487e-09,2.0036332309246063,9.0,2.0142879486083984,181.0,0.0500908307731151,0.7069701552391052,11584,1,1.0,11584,181.0,0.0,0.0138359004631638,0.0138359004631638,0.0
darcy,206,206,64,solver,solver_x_adv_training_target,0.5444372560014017,0.0085068321250219,117.55257248566257,loss1,"MSE(model(a_adv), model(a_clean).detach())",0,0,fixed clean model output; no solver in attack,binary_replace,binary_steepest_replace,1,0.0250519029796123,0.0250519029796123,0.0250519029796123,0.0250519029796123,0.0,6.104016847530147e-07,6.104016847530147e-07,1.883957878590081e-08,1.6348252529496676e-08,-2.491326256404136e-09,2.0031140744686127,9.0,2.014026165008545,181.0,0.0500778518617153,0.7122577428817749,11584,1,1.0,11584,181.0,0.0,0.0137915350496768,0.0137915350496768,0.0
darcy,207,207,64,solver,solver_x_adv_training_target,0.4888369609834626,0.0076380775153666,130.9229970484272,loss1,"MSE(model(a_adv), model(a_clean).detach())",0,0,fixed clean model output; no solver in attack,binary_replace,binary_steepest_replace,1,0.0250519029796123,0.0250519029796123,0.0250519029796123,0.0250519029796123,0.0,5.798565894110652e-07,5.798565894110652e-07,1.9666876127644173e-08,1.7336535762524363e-08,-2.3303403651198096e-09,2.002595067024231,9.0,2.0137643814086914,181.0,0.0500648766756057,0.7111223936080933,11584,1,1.0,11584,181.0,0.0,0.0138563802465796,0.0138563802465796,0.0
darcy,208,208,64,solver,solver_x_adv_training_target,0.4783328030025586,0.0074739500469149,133.79805775030164,loss1,"MSE(model(a_adv), model(a_clean).detach())",0,0,fixed clean model output; no solver in attack,binary_replace,binary_steepest_replace,1,0.0250519029796123,0.0250519029796123,0.0250519029796123,0.0250519029796123,0.0,6.078979595258716e-07,6.078979595258716e-07,1.933429594203062e-08,1.6054194418302362e-08,-3.2801015237282627e-09,2.003806233406067,9.0,2.0143752098083496,181.0,0.0500951558351516,0.7079649567604065,11584,1,1.0,11584,181.0,0.0,0.0137666454538702,0.0137666454538702,0.0
darcy,209,209,64,solver,solver_x_adv_training_target,0.4784440899966284,0.0074756889061973,133.76693607073503,loss1,"MSE(model(a_adv), model(a_clean).detach())",0,0,fixed clean model output; no solver in attack,binary_replace,binary_steepest_replace,1,0.0250519029796123,0.0250519029796123,0.0250519029796123,0.0250519029796123,0.0,6.214108339008817e-07,6.214108339008817e-07,1.927117843081305e-08,1.7043364053392906e-08,-2.227814377420145e-09,2.002941071987152,9.0,2.01393723487854,181.0,0.0500735267996788,0.7021864056587219,11584,1,1.0,11584,181.0,0.0,0.0137895597144961,0.0137895597144961,0.0
darcy,210,210,64,solver,solver_x_adv_training_target,0.5421125179855153,0.0084705080935236,118.0566725111299,loss1,"MSE(model(a_adv), model(a_clean).detach())",0,0,fixed clean model output; no solver in attack,binary_replace,binary_steepest_replace,1,0.0250519029796123,0.0250519029796123,0.0250519029796123,0.0250519029796123,0.0,6.110316235208302e-07,6.110316235208302e-07,1.8781202371087602e-08,1.6895933541150043e-08,-1.8852688299375582e-09,2.0012110471725464,9.0,2.013052225112915,181.0,0.0500302761793136,0.7101881504058838,11584,1,1.0,11584,181.0,0.0,0.0139030199497938,0.0139030199497938,0.0
darcy,211,211,64,solver,solver_x_adv_training_target,0.4784886680135969,0.0074763854377124,133.75447378030978,loss1,"MSE(model(a_adv), model(a_clean).detach())",0,0,fixed clean model output; no solver in attack,binary_replace,binary_steepest_replace,1,0.0250519029796123,0.0250519029796123,0.0250519029796123,0.0250519029796123,0.0,6.124234914750559e-07,6.124234914750559e-07,1.870339794152187e-08,1.67374309967272e-08,-1.9659669447946726e-09,2.002595067024231,9.0,2.013763189315796,181.0,0.0500648766756057,0.702039361000061,11584,1,1.0,11584,181.0,0.0,0.0138259390369057,0.0138259390369057,0.0
darcy,212,212,64,solver,solver_x_adv_training_target,0.4786528800032101,0.0074789512500501,133.70858648039635,loss1,"MSE(model(a_adv), model(a_clean).detach())",0,0,fixed clean model output; no solver in attack,binary_replace,binary_steepest_replace,1,0.0250519029796123,0.0250519029796123,0.0250519029796123,0.0250519029796123,0.0,6.122982085798867e-07,6.122982085798867e-07,1.878896505047578e-08,1.6521278567438458e-08,-2.2676864830373233e-09,2.0031140744686127,9.0,2.014025926589966,181.0,0.0500778518617153,0.7084558606147766,11584,1,1.0,11584,181.0,0.0,0.0139110265299677,0.0139110265299677,0.0
darcy,213,213,64,solver,solver_x_adv_training_target,0.5405010750109795,0.0084453292970465,118.40864516078886,loss1,"MSE(model(a_adv), model(a_clean).detach())",0,0,fixed clean model output; no solver in attack,binary_replace,binary_steepest_replace,1,0.0250519029796123,0.0250519029796123,0.0250519029796123,0.0250519029796123,0.0,5.870202812729985e-07,5.870202812729985e-07,1.8391654421634485e-08,1.6047600581714505e-08,-2.3440538399199795e-09,2.003287076950073,9.0,2.014113664627075,181.0,0.0500821769237518,0.7149545550346375,11584,1,1.0,11584,181.0,0.0,0.0138466535136103,0.0138466535136103,0.0
darcy,214,214,64,solver,solver_x_adv_training_target,0.5431974930106662,0.0084874608282916,117.82086777551328,loss1,"MSE(model(a_adv), model(a_clean).detach())",0,0,fixed clean model output; no solver in attack,binary_replace,binary_steepest_replace,1,0.0250519029796123,0.0250519029796123,0.0250519029796123,0.0250519029796123,0.0,5.693189564226486e-07,5.693189564226486e-07,1.8655798683653305e-08,1.6292595717004588e-08,-2.3632029666487142e-09,2.0027680695056915,9.0,2.013852119445801,181.0,0.0500692017376422,0.7149567008018494,11584,1,1.0,11584,181.0,0.0,0.0138163231313228,0.0138163231313228,0.0
darcy,215,215,64,solver,solver_x_adv_training_target,0.5417408760113176,0.0084647011876768,118.1376610737104,loss1,"MSE(model(a_adv), model(a_clean).detach())",0,0,fixed clean model output; no solver in attack,binary_replace,binary_steepest_replace,1,0.0250519029796123,0.0250519029796123,0.0250519029796123,0.0250519029796123,0.0,5.999895620334428e-07,5.999895620334428e-07,1.8806048274200293e-08,1.6803008762167337e-08,-2.0030395120329562e-09,2.001730054616928,9.0,2.013326644897461,181.0,0.0500432513654232,0.7080060243606567,11584,1,1.0,11584,181.0,0.0,0.0138602685183286,0.0138602685183286,0.0
darcy,216,216,64,solver,solver_x_adv_training_target,0.4864946010056883,0.0076014781407138,131.553361265877,loss1,"MSE(model(a_adv), model(a_clean).detach())",0,0,fixed clean model output; no solver in attack,binary_replace,binary_steepest_replace,1,0.0250519029796123,0.0250519029796123,0.0250519029796123,0.0250519029796123,0.0,5.914017719987896e-07,5.914017719987896e-07,2.0345238382901695e-08,1.7339674585059583e-08,-3.005563797842114e-09,2.0012110471725464,9.0,2.013052463531494,181.0,0.0500302761793136,0.7115830183029175,11584,1,1.0,11584,181.0,0.0,0.0138506749644875,0.0138506749644875,0.0
darcy,217,217,64,solver,solver_x_adv_training_target,0.4921869710087776,0.0076904214220121,130.0318857868723,loss1,"MSE(model(a_adv), model(a_clean).detach())",0,0,fixed clean model output; no solver in attack,binary_replace,binary_steepest_replace,1,0.0250519029796123,0.0250519029796123,0.0250519029796123,0.0250519029796123,0.0,6.113506856308959e-07,6.113506856308959e-07,2.0212414852949223e-08,1.7040431288251057e-08,-3.171983564698166e-09,2.0031140744686127,9.0,2.014026165008545,181.0,0.0500778518617153,0.7045220136642456,11584,1,1.0,11584,181.0,0.0,0.0138923088088631,0.0138923088088631,0.0
darcy,218,218,64,solver,solver_x_adv_training_target,0.4978238549956586,0.0077784977343071,128.55952835076198,loss1,"MSE(model(a_adv), model(a_clean).detach())",0,0,fixed clean model output; no solver in attack,binary_replace,binary_steepest_replace,1,0.0250519029796123,0.0250519029796123,0.0250519029796123,0.0250519029796123,0.0,5.761715442531568e-07,5.761715442531568e-07,2.0555976476543947e-08,1.907945978985026e-08,-1.476516686693685e-09,2.003287076950073,9.0,2.014113426208496,181.0,0.0500821769237518,0.7099351286888123,11584,1,1.0,11584,181.0,0.0,0.0139254769310355,0.0139254769310355,0.0
darcy,219,219,64,solver,solver_x_adv_training_target,0.5468014299985953,0.008543772343728,117.04431716677188,loss1,"MSE(model(a_adv), model(a_clean).detach())",0,0,fixed clean model output; no solver in attack,binary_replace,binary_steepest_replace,1,0.0250519029796123,0.0250519029796123,0.0250519029796123,0.0250519029796123,0.0,5.92982871694403e-07,5.92982871694403e-07,1.96553671116817e-08,1.639607205561333e-08,-3.2592950560683676e-09,2.002595067024231,9.0,2.013763666152954,181.0,0.0500648766756057,0.711892306804657,11584,1,1.0,11584,181.0,0.0,0.0138470930978655,0.0138470930978655,0.0
darcy,220,220,64,solver,solver_x_adv_training_target,0.4788188549864571,0.0074815446091633,133.66223851358183,loss1,"MSE(model(a_adv), model(a_clean).detach())",0,0,fixed clean model output; no solver in attack,binary_replace,binary_steepest_replace,1,0.0250519029796123,0.0250519029796123,0.0250519029796123,0.0250519029796123,0.0,5.923566277488135e-07,5.923566277488135e-07,1.90423161683384e-08,1.5935968988856075e-08,-3.106347179482327e-09,2.0015570521354675,9.0,2.013233423233032,181.0,0.0500389263033866,0.7144441604614258,11584,1,1.0,11584,181.0,0.0,0.0138138467445969,0.0138138467445969,0.0
darcy,221,221,64,solver,solver_x_adv_training_target,0.4784594440134242,0.0074759288127097,133.76264341895683,loss1,"MSE(model(a_adv), model(a_clean).detach())",0,0,fixed clean model output; no solver in attack,binary_replace,binary_steepest_replace,1,0.0250519029796123,0.0250519029796123,0.0250519029796123,0.0250519029796123,0.0,5.996106438033166e-07,5.996106438033166e-07,1.9052430744181947e-08,1.68977845049767e-08,-2.154646239205249e-09,2.0015570521354675,9.0,2.013239860534668,181.0,0.0500389263033866,0.7029930353164673,11584,1,1.0,11584,181.0,0.0,0.0138229867443442,0.0138229867443442,0.0
darcy,222,222,64,solver,solver_x_adv_training_target,0.4779091490199789,0.0074673304534371,133.91666623508078,loss1,"MSE(model(a_adv), model(a_clean).detach())",0,0,fixed clean model output; no solver in attack,binary_replace,binary_steepest_replace,1,0.0250519029796123,0.0250519029796123,0.0250519029796123,0.0250519029796123,0.0,5.738856998505071e-07,5.738856998505071e-07,1.9216301438973463e-08,1.6639718936062312e-08,-2.576582502911151e-09,2.002076059579849,9.0,2.013503313064575,181.0,0.0500519014894962,0.7178114056587219,11584,1,1.0,11584,181.0,0.0,0.0138528943061828,0.0138528943061828,0.0
darcy,223,223,64,solver,solver_x_adv_training_target,0.4773909889918286,0.0074592342029973,134.06201934216958,loss1,"MSE(model(a_adv), model(a_clean).detach())",0,0,fixed clean model output; no solver in attack,binary_replace,binary_steepest_replace,1,0.0250519029796123,0.0250519029796123,0.0250519029796123,0.0250519029796123,0.0,6.235264891074621e-07,6.235264891074621e-07,1.9898118708283622e-08,1.6876224862016898e-08,-3.021893846266721e-09,2.0031140744686127,9.0,2.014026641845703,181.0,0.0500778518617153,0.707551896572113,11584,1,1.0,11584,181.0,0.0,0.0137598440051078,0.0137598440051078,0.0
darcy,224,224,64,solver,solver_x_adv_training_target,0.5443578680278733,0.0085055916879355,117.56971609845996,loss1,"MSE(model(a_adv), model(a_clean).detach())",0,0,fixed clean model output; no solver in attack,binary_replace,binary_steepest_replace,1,0.0250519029796123,0.0250519029796123,0.0250519029796123,0.0250519029796123,0.0,5.928910695729428e-07,5.928910695729428e-07,1.99431351433077e-08,1.666293236723959e-08,-3.280202776068108e-09,2.0024220645427704,9.0,2.013676404953003,181.0,0.0500605516135692,0.7105622887611389,11584,1,1.0,11584,181.0,0.0,0.0138395018875598,0.0138395018875598,0.0
darcy,225,225,64,solver,solver_x_adv_training_target,0.4789194839831907,0.0074831169372373,133.63415384087045,loss1,"MSE(model(a_adv), model(a_clean).detach())",0,0,fixed clean model output; no solver in attack,binary_replace,binary_steepest_replace,1,0.0250519029796123,0.0250519029796123,0.0250519029796123,0.0250519029796123,0.0,6.209720027072763e-07,6.209720027072763e-07,1.8722197125953244e-08,1.7001518415327155e-08,-1.720678710626089e-09,2.0031140744686127,9.0,2.014025926589966,181.0,0.0500778518617153,0.7054736018180847,11584,1,1.0,11584,181.0,0.0,0.0139030385762453,0.0139030385762453,0.0
darcy,226,226,64,solver,solver_x_adv_training_target,0.4786710519983899,0.0074792351874748,133.70351044377608,loss1,"MSE(model(a_adv), model(a_clean).detach())",0,0,fixed clean model output; no solver in attack,binary_replace,binary_steepest_replace,1,0.0250519029796123,0.0250519029796123,0.0250519029796123,0.0250519029796123,0.0,6.1245572169355e-07,6.1245572169355e-07,1.8699910953046128e-08,1.6301417105069053e-08,-2.398493847977079e-09,2.001730054616928,9.0,2.0133249759674072,181.0,0.0500432513654232,0.706481397151947,11584,1,1.0,11584,181.0,0.0,0.0137875201180577,0.0137875201180577,0.0
darcy,227,227,64,solver,solver_x_adv_training_target,0.5518637800123543,0.008622871562693,115.97064768151168,loss1,"MSE(model(a_adv), model(a_clean).detach())",0,0,fixed clean model output; no solver in attack,binary_replace,binary_steepest_replace,1,0.0250519029796123,0.0250519029796123,0.0250519029796123,0.0250519029796123,0.0,6.045463578630006e-07,6.045463578630006e-07,1.9393660011246542e-08,1.542352379146905e-08,-3.970136219777487e-09,2.0019030570983887,9.0,2.0134148597717285,181.0,0.0500475764274597,0.7047231793403625,11584,1,1.0,11584,181.0,0.0,0.0138711547479033,0.0138711547479033,0.0
darcy,228,228,64,solver,solver_x_adv_training_target,0.4778309960092883,0.0074661093126451,133.93856935717903,loss1,"MSE(model(a_adv), model(a_clean).detach())",0,0,fixed clean model output; no solver in attack,binary_replace,binary_steepest_replace,1,0.0250519029796123,0.0250519029796123,0.0250519029796123,0.0250519029796123,0.0,6.021095373398566e-07,6.021095373398566e-07,1.9385138827487932e-08,1.6274524838877372e-08,-3.110613988610566e-09,2.0031140744686127,9.0,2.014026641845703,181.0,0.0500778518617153,0.7081401348114014,11584,1,1.0,11584,181.0,0.0,0.013736612163484,0.013736612163484,0.0
darcy,229,229,64,solver,solver_x_adv_training_target,0.4779213230067398,0.0074675206719803,133.91325500473107,loss1,"MSE(model(a_adv), model(a_clean).detach())",0,0,fixed clean model output; no solver in attack,binary_replace,binary_steepest_replace,1,0.0250519029796123,0.0250519029796123,0.0250519029796123,0.0250519029796123,0.0,5.826424853694334e-07,5.826424853694334e-07,1.9267693218694152e-08,1.676342975542866e-08,-2.504263463265488e-09,2.0019030570983887,9.0,2.0134081840515137,181.0,0.0500475764274597,0.7120393514633179,11584,1,1.0,11584,181.0,0.0,0.0138438064604997,0.0138438064604997,0.0
darcy,230,230,64,solver,solver_x_adv_training_target,0.477693797001848,0.0074639655781538,133.97703801406576,loss1,"MSE(model(a_adv), model(a_clean).detach())",0,0,fixed clean model output; no solver in attack,binary_replace,binary_steepest_replace,1,0.0250519029796123,0.0250519029796123,0.0250519029796123,0.0250519029796123,0.0,5.964490128462785e-07,5.964490128462785e-07,1.9053146615988226e-08,1.6593812546261688e-08,-2.4593340697265376e-09,2.002076059579849,9.0,2.013500690460205,181.0,0.0500519014894962,0.714643120765686,11584,1,1.0,11584,181.0,0.0,0.0139031512662768,0.0139031512662768,0.0
darcy,231,231,64,solver,solver_x_adv_training_target,0.4782640199991874,0.0074728753124873,133.8173003273563,loss1,"MSE(model(a_adv), model(a_clean).detach())",0,0,fixed clean model output; no solver in attack,binary_replace,binary_steepest_replace,1,0.0250519029796123,0.0250519029796123,0.0250519029796123,0.0250519029796123,0.0,5.848003752362274e-07,5.848003752362274e-07,1.921336512111793e-08,1.5952219101222912e-08,-3.261146019895022e-09,2.0027680695056915,9.0,2.0138518810272217,181.0,0.0500692017376422,0.7122988700866699,11584,1,1.0,11584,181.0,0.0,0.0138635216280817,0.0138635216280817,0.0
darcy,232,232,64,solver,solver_x_adv_training_target,0.5475505429785699,0.0085554772340401,116.8841868950623,loss1,"MSE(model(a_adv), model(a_clean).detach())",0,0,fixed clean model output; no solver in attack,binary_replace,binary_steepest_replace,1,0.0250519029796123,0.0250519029796123,0.0250519029796123,0.0250519029796123,0.0,6.171674158395035e-07,6.171674158395035e-07,1.8578635518906598e-08,1.557591389200752e-08,-3.002721626899074e-09,2.002595067024231,9.0,2.0137648582458496,181.0,0.0500648766756057,0.7104151844978333,11584,1,1.0,11584,181.0,0.0,0.013811508193612,0.013811508193612,0.0
darcy,233,233,64,solver,solver_x_adv_training_target,0.4908694350160658,0.007669834922126,130.38090260784992,loss1,"MSE(model(a_adv), model(a_clean).detach())",0,0,fixed clean model output; no solver in attack,binary_replace,binary_steepest_replace,1,0.0250519029796123,0.0250519029796123,0.0250519029796123,0.0250519029796123,0.0,6.184333187775337e-07,6.184333187775337e-07,1.8396276502130604e-08,1.6220578658021623e-08,-2.175697844108981e-09,2.003287076950073,9.0,2.014113664627075,181.0,0.0500821769237518,0.6981725692749023,11584,1,1.0,11584,181.0,0.0,0.013712809421122,0.013712809421122,0.0
darcy,234,234,64,solver,solver_x_adv_training_target,0.5404619399923831,0.0084447178123809,118.41721916792508,loss1,"MSE(model(a_adv), model(a_clean).detach())",0,0,fixed clean model output; no solver in attack,binary_replace,binary_steepest_replace,1,0.0250519029796123,0.0250519029796123,0.0250519029796123,0.0250519029796123,0.0,5.992955607325712e-07,5.992955607325712e-07,1.853809905583148e-08,1.5916779005920034e-08,-2.621320049911446e-09,2.002941071987152,9.0,2.01393985748291,181.0,0.0500735267996788,0.7114965319633484,11584,1,1.0,11584,181.0,0.0,0.0137922810390591,0.0137922810390591,0.0
darcy,235,235,64,solver,solver_x_adv_training_target,0.4777003620110918,0.0074640681564233,133.9751967751575,loss1,"MSE(model(a_adv), model(a_clean).detach())",0,0,fixed clean model output; no solver in attack,binary_replace,binary_steepest_replace,1,0.0250519029796123,0.0250519029796123,0.0250519029796123,0.0250519029796123,0.0,5.849927902090712e-07,5.849927902090712e-07,1.8791714850863173e-08,1.59406905453352e-08,-2.8510243055279716e-09,2.0015570521354675,9.0,2.0132293701171875,181.0,0.0500389263033866,0.7128849029541016,11584,1,1.0,11584,181.0,0.0,0.0137718878686428,0.0137718878686428,0.0
darcy,236,236,64,solver,solver_x_adv_training_target,0.478504138009157,0.007476627156393,133.75014951025406,loss1,"MSE(model(a_adv), model(a_clean).detach())",0,0,fixed clean model output; no solver in attack,binary_replace,binary_steepest_replace,1,0.0250519029796123,0.0250519029796123,0.0250519029796123,0.0250519029796123,0.0,6.14544205745915e-07,6.14544205745915e-07,1.9182545329954337e-08,1.5542434894655344e-08,-3.6401104352989924e-09,2.003806233406067,9.0,2.0143752098083496,181.0,0.0500951558351516,0.7152897715568542,11584,1,1.0,11584,181.0,0.0,0.0139665296301245,0.0139665296301245,0.0
darcy,237,237,64,solver,solver_x_adv_training_target,0.4903491509903688,0.0076617054842245,130.51924301436603,loss1,"MSE(model(a_adv), model(a_clean).detach())",0,0,fixed clean model output; no solver in attack,binary_replace,binary_steepest_replace,1,0.0250519029796123,0.0250519029796123,0.0250519029796123,0.0250519029796123,0.0,6.028204779795487e-07,6.028204779795487e-07,1.9127341488456292e-08,1.6169888539252497e-08,-2.957452949203798e-09,2.0006920397281647,9.0,2.0127968788146973,181.0,0.0500173009932041,0.7103633284568787,11584,1,1.0,11584,181.0,0.0,0.0138761959969997,0.0138761959969997,0.0
darcy,238,238,64,solver,solver_x_adv_training_target,0.4786121009965427,0.0074783140780709,133.71997880275558,loss1,"MSE(model(a_adv), model(a_clean).detach())",0,0,fixed clean model output; no solver in attack,binary_replace,binary_steepest_replace,1,0.0250519029796123,0.0250519029796123,0.0250519029796123,0.0250519029796123,0.0,5.846437716172659e-07,5.846437716172659e-07,1.8537553714281785e-08,1.6458059803881042e-08,-2.079493910400742e-09,2.003460079431534,9.0,2.0142009258270264,181.0,0.0500865019857883,0.7048464417457581,11584,1,1.0,11584,181.0,0.0,0.0137752713635563,0.0137752713635563,0.0
darcy,239,239,64,solver,solver_x_adv_training_target,0.481907280976884,0.0075298012652638,132.80562989267207,loss1,"MSE(model(a_adv), model(a_clean).detach())",0,0,fixed clean model output; no solver in attack,binary_replace,binary_steepest_replace,1,0.0250519029796123,0.0250519029796123,0.0250519029796123,0.0250519029796123,0.0,6.004675014992245e-07,6.004675014992245e-07,1.837013208216831e-08,1.6581079620436867e-08,-1.789052461731444e-09,2.003287076950073,9.0,2.014113664627075,181.0,0.0500821769237518,0.7089402675628662,11584,1,1.0,11584,181.0,0.0,0.0139362085610628,0.0139362085610628,0.0
darcy,240,240,64,solver,solver_x_adv_training_target,0.4786127120023593,0.0074783236250368,133.71980809336404,loss1,"MSE(model(a_adv), model(a_clean).detach())",0,0,fixed clean model output; no solver in attack,binary_replace,binary_steepest_replace,1,0.0250519029796123,0.0250519029796123,0.0250519029796123,0.0250519029796123,0.0,5.995277660986176e-07,5.995277660986176e-07,1.857116416204008e-08,1.6700440141903528e-08,-1.870724020136549e-09,2.0031140744686127,9.0,2.014026165008545,181.0,0.0500778518617153,0.7094355225563049,11584,1,1.0,11584,181.0,0.0,0.0137949055060744,0.0137949055060744,0.0
darcy,241,241,64,solver,solver_x_adv_training_target,0.4783945129893254,0.0074749142654582,133.78079861344074,loss1,"MSE(model(a_adv), model(a_clean).detach())",0,0,fixed clean model output; no solver in attack,binary_replace,binary_steepest_replace,1,0.0250519029796123,0.0250519029796123,0.0250519029796123,0.0250519029796123,0.0,5.9807661045852e-07,5.9807661045852e-07,1.900342105898289e-08,1.616334444065615e-08,-2.840076618326748e-09,2.003287076950073,9.0,2.0141139030456543,181.0,0.0500821769237518,0.7065311074256897,11584,1,1.0,11584,181.0,0.0,0.0138076925650238,0.0138076925650238,0.0
darcy,242,242,64,solver,solver_x_adv_training_target,0.4780334009847138,0.0074692718903861,133.8818581884962,loss1,"MSE(model(a_adv), model(a_clean).detach())",0,0,fixed clean model output; no solver in attack,binary_replace,binary_steepest_replace,1,0.0250519029796123,0.0250519029796123,0.0250519029796123,0.0250519029796123,0.0,5.916965051255829e-07,5.916965051255829e-07,1.9382312643756453e-08,1.6393311597084903e-08,-2.9890010466715462e-09,2.0015570521354675,9.0,2.0132358074188232,181.0,0.0500389263033866,0.7138127088546753,11584,1,1.0,11584,181.0,0.0,0.013751576654613,0.013751576654613,0.0
darcy,243,243,64,solver,solver_x_adv_training_target,0.4789149469870608,0.0074830460466728,133.63541982273762,loss1,"MSE(model(a_adv), model(a_clean).detach())",0,0,fixed clean model output; no solver in attack,binary_replace,binary_steepest_replace,1,0.0250519029796123,0.0250519029796123,0.0250519029796123,0.0250519029796123,0.0,5.890659622309613e-07,5.890659622309613e-07,1.9086474623009053e-08,1.6213391518249413e-08,-2.873083104759644e-09,2.002076059579849,9.0,2.013502597808838,181.0,0.0500519014894962,0.7122902274131775,11584,1,1.0,11584,181.0,0.0,0.0138252694159746,0.0138252694159746,0.0
darcy,244,244,64,solver,solver_x_adv_training_target,0.4784527079900726,0.0074758235623448,133.76452663181064,loss1,"MSE(model(a_adv), model(a_clean).detach())",0,0,fixed clean model output; no solver in attack,binary_replace,binary_steepest_replace,1,0.0250519029796123,0.0250519029796123,0.0250519029796123,0.0250519029796123,0.0,5.89347052937228e-07,5.89347052937228e-07,1.8205257745762538e-08,1.570714935894557e-08,-2.4981083868169662e-09,2.001384049654007,9.0,2.013148546218872,181.0,0.0500346012413501,0.7110445499420166,11584,1,1.0,11584,181.0,0.0,0.0136671951040625,0.0136671951040625,0.0
darcy,245,245,64,solver,solver_x_adv_training_target,0.478748842026107,0.0074804506566579,133.6817854830654,loss1,"MSE(model(a_adv), model(a_clean).detach())",0,0,fixed clean model output; no solver in attack,binary_replace,binary_steepest_replace,1,0.0250519029796123,0.0250519029796123,0.0250519029796123,0.0250519029796123,0.0,5.930385214014677e-07,5.930385214014677e-07,1.8450123207003344e-08,1.771221924684596e-08,-7.379039601573821e-10,2.002595067024231,9.0,2.013760566711426,181.0,0.0500648766756057,0.7113949060440063,11584,1,1.0,11584,181.0,0.0,0.013793034479022,0.013793034479022,0.0
darcy,246,246,64,solver,solver_x_adv_training_target,0.4784126050071791,0.0074751969532371,133.77573945619517,loss1,"MSE(model(a_adv), model(a_clean).detach())",0,0,fixed clean model output; no solver in attack,binary_replace,binary_steepest_replace,1,0.0250519029796123,0.0250519029796123,0.0250519029796123,0.0250519029796123,0.0,5.926899007135944e-07,5.926899007135944e-07,1.955508643902704e-08,1.6592782259294836e-08,-2.9623041797322003e-09,2.0027680695056915,9.0,2.0138490200042725,181.0,0.0500692017376422,0.7088516354560852,11584,1,1.0,11584,181.0,0.0,0.0137416711077094,0.0137416711077094,0.0
darcy,247,247,64,solver,solver_x_adv_training_target,0.5159858819970395,0.0080622794062037,124.0344013915621,loss1,"MSE(model(a_adv), model(a_clean).detach())",0,0,fixed clean model output; no solver in attack,binary_replace,binary_steepest_replace,1,0.0250519029796123,0.0250519029796123,0.0250519029796123,0.0250519029796123,0.0,5.928498580942687e-07,5.928498580942687e-07,2.0695720692742725e-08,1.7117777417752222e-08,-3.5779432749905023e-09,2.002595067024231,9.0,2.0137648582458496,181.0,0.0500648766756057,0.7086829543113708,11584,1,1.0,11584,181.0,0.0,0.0137634985148906,0.0137634985148906,0.0
darcy,248,248,64,solver,solver_x_adv_training_target,0.5500190210004803,0.0085940472031325,116.35961222501815,loss1,"MSE(model(a_adv), model(a_clean).detach())",0,0,fixed clean model output; no solver in attack,binary_replace,binary_steepest_replace,1,0.0250519029796123,0.0250519029796123,0.0250519029796123,0.0250519029796123,0.0,5.920932153458125e-07,5.920932153458125e-07,1.8867504891773024e-08,1.5952636545080168e-08,-2.914868346692856e-09,2.0015570521354675,9.0,2.013235569000244,181.0,0.0500389263033866,0.7184991240501404,11584,1,1.0,11584,181.0,0.0,0.0138992415741086,0.0138992415741086,0.0
darcy,249,249,64,solver,solver_x_adv_training_target,0.4780760309949983,0.0074699379842968,133.86991995143464,loss1,"MSE(model(a_adv), model(a_clean).detach())",0,0,fixed clean model output; no solver in attack,binary_replace,binary_steepest_replace,1,0.0250519029796123,0.0250519029796123,0.0250519029796123,0.0250519029796123,0.0,5.988262614664563e-07,5.988262614664563e-07,1.8489991759906843e-08,1.6549162040746523e-08,-1.9408297191603197e-09,2.0027680695056915,9.0,2.01385235786438,181.0,0.0500692017376422,0.7103005647659302,11584,1,1.0,11584,181.0,0.0,0.0138206910341978,0.0138206910341978,0.0
darcy,250,250,64,solver,solver_x_adv_training_target,0.4776574620045721,0.0074633978438214,133.9872295335091,loss1,"MSE(model(a_adv), model(a_clean).detach())",0,0,fixed clean model output; no solver in attack,binary_replace,binary_steepest_replace,1,0.0250519029796123,0.0250519029796123,0.0250519029796123,0.0250519029796123,0.0,6.144041435618419e-07,6.144041435618419e-07,1.801548066282521e-08,1.6459416940506344e-08,-1.5560637223188676e-09,2.003806233406067,9.0,2.0143752098083496,181.0,0.0500951558351516,0.7063581347465515,11584,1,1.0,11584,181.0,0.0,0.0137314219027757,0.0137314219027757,0.0
darcy,251,251,64,solver,solver_x_adv_training_target,0.478099297004519,0.0074703015156956,133.8634053657583,loss1,"MSE(model(a_adv), model(a_clean).detach())",0,0,fixed clean model output; no solver in attack,binary_replace,binary_steepest_replace,1,0.0250519029796123,0.0250519029796123,0.0250519029796123,0.0250519029796123,0.0,6.008806394675048e-07,6.008806394675048e-07,1.8726950656855482e-08,1.6552968773453358e-08,-2.1739818834021207e-09,2.001730054616928,9.0,2.013322353363037,181.0,0.0500432513654232,0.7012759447097778,11584,1,1.0,11584,181.0,0.0,0.0138020003214478,0.0138020003214478,0.0
darcy,252,252,64,solver,solver_x_adv_training_target,0.5420592489826959,0.0084696757653546,118.06827412337552,loss1,"MSE(model(a_adv), model(a_clean).detach())",0,0,fixed clean model output; no solver in attack,binary_replace,binary_steepest_replace,1,0.0250519029796123,0.0250519029796123,0.0250519029796123,0.0250519029796123,0.0,6.114944426371949e-07,6.114944426371949e-07,1.9956129193587916e-08,1.6530496083078106e-08,-3.425633110509807e-09,2.003806233406067,9.0,2.0143752098083496,181.0,0.0500951558351516,0.7098572254180908,11584,1,1.0,11584,181.0,0.0,0.0138807725161314,0.0138807725161314,0.0
darcy,253,253,64,solver,solver_x_adv_training_target,0.5416638099995907,0.0084634970312436,118.1544692824288,loss1,"MSE(model(a_adv), model(a_clean).detach())",0,0,fixed clean model output; no solver in attack,binary_replace,binary_steepest_replace,1,0.0250519029796123,0.0250519029796123,0.0250519029796123,0.0250519029796123,0.0,5.915690053370781e-07,5.915690053370781e-07,1.9799566430833693e-08,1.5769339611892974e-08,-4.030226818940719e-09,2.002595067024231,9.0,2.0137650966644287,181.0,0.0500648766756057,0.7081357836723328,11584,1,1.0,11584,181.0,0.0,0.0139192128553986,0.0139192128553986,0.0
darcy,254,254,64,solver,solver_x_adv_training_target,0.4777226019941736,0.0074644156561589,133.96895966998974,loss1,"MSE(model(a_adv), model(a_clean).detach())",0,0,fixed clean model output; no solver in attack,binary_replace,binary_steepest_replace,1,0.0250519029796123,0.0250519029796123,0.0250519029796123,0.0250519029796123,0.0,5.994925231789239e-07,5.994925231789239e-07,2.0265103373162677e-08,1.7612666880495453e-08,-2.6524364926672206e-09,2.0024220645427704,9.0,2.0136733055114746,181.0,0.0500605516135692,0.7096907496452332,11584,1,1.0,11584,181.0,0.0,0.0137673327699303,0.0137673327699303,0.0
darcy,255,255,64,solver,solver_x_adv_training_target,0.4781989180191885,0.0074718580940498,133.83551820883017,loss1,"MSE(model(a_adv), model(a_clean).detach())",0,0,fixed clean model output; no solver in attack,binary_replace,binary_steepest_replace,1,0.0250519029796123,0.0250519029796123,0.0250519029796123,0.0250519029796123,0.0,5.900886321796861e-07,5.900886321796861e-07,1.9521731786653618e-08,1.8197152229504357e-08,-1.3245795571492636e-09,2.0024220645427704,9.0,2.013674736022949,181.0,0.0500605516135692,0.7079541087150574,11584,1,1.0,11584,181.0,0.0,0.0137769524008035,0.0137769524008035,0.0
darcy,256,256,64,solver,solver_x_adv_training_target,0.4785928450000938,0.0074780132031264,133.72535897394675,loss1,"MSE(model(a_adv), model(a_clean).detach())",0,0,fixed clean model output; no solver in attack,binary_replace,binary_steepest_replace,1,0.0250519029796123,0.0250519029796123,0.0250519029796123,0.0250519029796123,0.0,5.899487405258697e-07,5.899487405258697e-07,1.8833976156429344e-08,1.705531715856523e-08,-1.778658997864113e-09,2.00224906206131,9.0,2.013582468032837,181.0,0.0500562265515327,0.7096712589263916,11584,1,1.0,11584,181.0,0.0,0.0138294333592057,0.0138294333592057,0.0
darcy,257,257,64,solver,solver_x_adv_training_target,0.5517798769869842,0.0086215605779216,115.98828204731664,loss1,"MSE(model(a_adv), model(a_clean).detach())",0,0,fixed clean model output; no solver in attack,binary_replace,binary_steepest_replace,1,0.0250519029796123,0.0250519029796123,0.0250519029796123,0.0250519029796123,0.0,6.05671289122256e-07,6.05671289122256e-07,1.850881936604765e-08,1.5777303019604005e-08,-2.731516346443641e-09,2.003287076950073,9.0,2.014113426208496,181.0,0.0500821769237518,0.7115505933761597,11584,1,1.0,11584,181.0,0.0,0.0137763060629367,0.0137763060629367,0.0
darcy,258,258,64,solver,solver_x_adv_training_target,0.4783109439886175,0.0074736084998221,133.8041723785501,loss1,"MSE(model(a_adv), model(a_clean).detach())",0,0,fixed clean model output; no solver in attack,binary_replace,binary_steepest_replace,1,0.0250519029796123,0.0250519029796123,0.0250519029796123,0.0250519029796123,0.0,5.872004180673684e-07,5.872004180673684e-07,1.8943620005984485e-08,1.6347479814271537e-08,-2.596140191712948e-09,2.001384049654007,9.0,2.0131540298461914,181.0,0.0500346012413501,0.7123767137527466,11584,1,1.0,11584,181.0,0.0,0.0137647148221731,0.0137647148221731,0.0
darcy,259,259,64,solver,solver_x_adv_training_target,0.478350244986359,0.0074742225779118,133.7931791000234,loss1,"MSE(model(a_adv), model(a_clean).detach())",0,0,fixed clean model output; no solver in attack,binary_replace,binary_steepest_replace,1,0.0250519029796123,0.0250519029796123,0.0250519029796123,0.0250519029796123,0.0,5.882566256332211e-07,5.882566256332211e-07,1.9378973092898377e-08,1.6319580353751917e-08,-3.05939273914646e-09,2.002941071987152,9.0,2.013939380645752,181.0,0.0500735267996788,0.7080190181732178,11584,1,1.0,11584,181.0,0.0,0.0138569707050919,0.0138569707050919,0.0
darcy,260,260,64,solver,solver_x_adv_training_target,0.4782260100182611,0.0074722814065353,133.82793628802446,loss1,"MSE(model(a_adv), model(a_clean).detach())",0,0,fixed clean model output; no solver in attack,binary_replace,binary_steepest_replace,1,0.0250519029796123,0.0250519029796123,0.0250519029796123,0.0250519029796123,0.0,6.066413789085345e-07,6.066413789085345e-07,1.8083895270137876e-08,1.6449996920187004e-08,-1.6338983499508684e-09,2.0019030570983887,9.0,2.013414144515991,181.0,0.0500475764274597,0.7016478776931763,11584,1,1.0,11584,181.0,0.0,0.0137669630348682,0.0137669630348682,0.0
darcy,261,261,64,solver,solver_x_adv_training_target,0.47821711099823,0.0074721423593473,133.83042665789696,loss1,"MSE(model(a_adv), model(a_clean).detach())",0,0,fixed clean model output; no solver in attack,binary_replace,binary_steepest_replace,1,0.0250519029796123,0.0250519029796123,0.0250519029796123,0.0250519029796123,0.0,6.085741688366397e-07,6.085741688366397e-07,1.8043865068761992e-08,1.6020468507349506e-08,-2.0233965614124827e-09,2.002076059579849,9.0,2.0135018825531006,181.0,0.0500519014894962,0.7068381905555725,11584,1,1.0,11584,181.0,0.0,0.0138445869088172,0.0138445869088172,0.0
darcy,262,262,64,solver,solver_x_adv_training_target,0.4776700130023528,0.0074635939531617,133.9837089578507,loss1,"MSE(model(a_adv), model(a_clean).detach())",0,0,fixed clean model output; no solver in attack,binary_replace,binary_steepest_replace,1,0.0250519029796123,0.0250519029796123,0.0250519029796123,0.0250519029796123,0.0,5.807368097521248e-07,5.807368097521248e-07,1.8537189561129708e-08,1.5853030888024477e-08,-2.6841586731052303e-09,2.0027680695056915,9.0,2.0138509273529053,181.0,0.0500692017376422,0.7103676199913025,11584,1,1.0,11584,181.0,0.0,0.0138182155787944,0.0138182155787944,0.0
darcy,263,263,64,solver,solver_x_adv_training_target,0.4786733019864186,0.0074792703435377,133.7028819748461,loss1,"MSE(model(a_adv), model(a_clean).detach())",0,0,fixed clean model output; no solver in attack,binary_replace,binary_steepest_replace,1,0.0250519029796123,0.0250519029796123,0.0250519029796123,0.0250519029796123,0.0,6.167348942653916e-07,6.167348942653916e-07,1.966521878671301e-08,1.6322072582397595e-08,-3.343146204315417e-09,2.003287076950073,9.0,2.014113664627075,181.0,0.0500821769237518,0.7129043936729431,11584,1,1.0,11584,181.0,0.0,0.0137919038534164,0.0137919038534164,0.0
darcy,264,264,64,solver,solver_x_adv_training_target,0.4779934729740489,0.0074686480152195,133.89304168066468,loss1,"MSE(model(a_adv), model(a_clean).detach())",0,0,fixed clean model output; no solver in attack,binary_replace,binary_steepest_replace,1,0.0250519029796123,0.0250519029796123,0.0250519029796123,0.0250519029796123,0.0,5.964970455352159e-07,5.964970455352159e-07,1.9021154429310627e-08,1.611022604208756e-08,-2.9109283872230662e-09,2.000519037246704,9.0,2.0127041339874268,181.0,0.0500129759311676,0.7149156332015991,11584,1,1.0,11584,181.0,0.0,0.0137989735230803,0.0137989735230803,0.0
darcy,265,265,64,solver,solver_x_adv_training_target,0.4776789080060553,0.0074637329375946,133.98121400660358,loss1,"MSE(model(a_adv), model(a_clean).detach())",0,0,fixed clean model output; no solver in attack,binary_replace,binary_steepest_replace,1,0.0250519029796123,0.0250519029796123,0.0250519029796123,0.0250519029796123,0.0,5.998119831929216e-07,5.998119831929216e-07,1.8241260946183505e-08,1.574539076898418e-08,-2.495870177199322e-09,2.002595067024231,9.0,2.013763904571533,181.0,0.0500648766756057,0.7135964632034302,11584,1,1.0,11584,181.0,0.0,0.0138719333335757,0.0138719333335757,0.0
darcy,266,266,64,solver,solver_x_adv_training_target,0.4781246340135112,0.0074706974064611,133.8563116122384,loss1,"MSE(model(a_adv), model(a_clean).detach())",0,0,fixed clean model output; no solver in attack,binary_replace,binary_steepest_replace,1,0.0250519029796123,0.0250519029796123,0.0250519029796123,0.0250519029796123,0.0,6.093864044487418e-07,6.093864044487418e-07,1.832656693068202e-08,1.5549561638295017e-08,-2.777005292387002e-09,2.002595067024231,9.0,2.013765335083008,181.0,0.0500648766756057,0.7015700340270996,11584,1,1.0,11584,181.0,0.0,0.0138123398646712,0.0138123398646712,0.0
darcy,267,267,64,solver,solver_x_adv_training_target,0.4900686779874377,0.0076573230935537,130.59394096114946,loss1,"MSE(model(a_adv), model(a_clean).detach())",0,0,fixed clean model output; no solver in attack,binary_replace,binary_steepest_replace,1,0.0250519029796123,0.0250519029796123,0.0250519029796123,0.0250519029796123,0.0,5.885659106752428e-07,5.885659106752428e-07,1.8182602090632827e-08,1.5323406543643614e-08,-2.8591955469892127e-09,2.001384049654007,9.0,2.0131423473358154,181.0,0.0500346012413501,0.7086937427520752,11584,1,1.0,11584,181.0,0.0,0.0138392737135291,0.0138392737135291,0.0
darcy,268,268,64,solver,solver_x_adv_training_target,0.4789389850047882,0.0074834216406998,133.62871264146548,loss1,"MSE(model(a_adv), model(a_clean).detach())",0,0,fixed clean model output; no solver in attack,binary_replace,binary_steepest_replace,1,0.0250519029796123,0.0250519029796123,0.0250519029796123,0.0250519029796123,0.0,5.964292313365149e-07,5.964292313365149e-07,1.8670341717097472e-08,1.5815690090903445e-08,-2.854651626194027e-09,2.003806233406067,9.0,2.0143752098083496,181.0,0.0500951558351516,0.7112672924995422,11584,1,1.0,11584,181.0,0.0,0.0138498255982995,0.0138498255982995,0.0
darcy,269,269,64,solver,solver_x_adv_training_target,0.477511365985265,0.0074611150935197,134.0282233239552,loss1,"MSE(model(a_adv), model(a_clean).detach())",0,0,fixed clean model output; no solver in attack,binary_replace,binary_steepest_replace,1,0.0250519029796123,0.0250519029796123,0.0250519029796123,0.0250519029796123,0.0,5.843941153216292e-07,5.843941153216292e-07,1.8334990414814456e-08,1.7193096724099632e-08,-1.1418936907148234e-09,2.002941071987152,9.0,2.013939380645752,181.0,0.0500735267996788,0.7070999145507812,11584,1,1.0,11584,181.0,0.0,0.0139134908095002,0.0139134908095002,0.0
darcy,270,270,64,solver,solver_x_adv_training_target,0.4862564179929904,0.0075977565311404,131.61780005734047,loss1,"MSE(model(a_adv), model(a_clean).detach())",0,0,fixed clean model output; no solver in attack,binary_replace,binary_steepest_replace,1,0.0250519029796123,0.0250519029796123,0.0250519029796123,0.0250519029796123,0.0,6.025325092195999e-07,6.025325092195999e-07,1.9082825986060925e-08,1.6432174732017302e-08,-2.6506512540436233e-09,2.003806233406067,9.0,2.0143752098083496,181.0,0.0500951558351516,0.7073572278022766,11584,1,1.0,11584,181.0,0.0,0.013805828988552,0.013805828988552,0.0
darcy,271,271,64,solver,solver_x_adv_training_target,0.5445424079953227,0.0085084751249269,117.52987289935685,loss1,"MSE(model(a_adv), model(a_clean).detach())",0,0,fixed clean model output; no solver in attack,binary_replace,binary_steepest_replace,1,0.0250519029796123,0.0250519029796123,0.0250519029796123,0.0250519029796123,0.0,5.919935688325495e-07,5.919935688325495e-07,1.807966398814642e-08,1.6273936864763527e-08,-1.8057271233828942e-09,2.0019030570983887,9.0,2.0134077072143555,181.0,0.0500475764274597,0.7132785320281982,11584,1,1.0,11584,181.0,0.0,0.0139042427763342,0.0139042427763342,0.0
darcy,272,272,64,solver,solver_x_adv_training_target,0.4781702930049505,0.0074714108282023,133.84353009009993,loss1,"MSE(model(a_adv), model(a_clean).detach())",0,0,fixed clean model output; no solver in attack,binary_replace,binary_steepest_replace,1,0.0250519029796123,0.0250519029796123,0.0250519029796123,0.0250519029796123,0.0,6.003243129271141e-07,6.003243129271141e-07,1.840054686397252e-08,1.525183179751366e-08,-3.148715066458862e-09,2.003287076950073,9.0,2.01411247253418,181.0,0.0500821769237518,0.7105535864830017,11584,1,1.0,11584,181.0,0.0,0.013840434141457,0.013840434141457,0.0
darcy,273,273,64,solver,solver_x_adv_training_target,0.5470360280014575,0.0085474379375227,116.99412236853529,loss1,"MSE(model(a_adv), model(a_clean).detach())",0,0,fixed clean model output; no solver in attack,binary_replace,binary_steepest_replace,1,0.0250519029796123,0.0250519029796123,0.0250519029796123,0.0250519029796123,0.0,5.966115850242204e-07,5.966115850242204e-07,1.902811241905056e-08,1.5255070096031886e-08,-3.7730423230186724e-09,2.0019030570983887,9.0,2.0134100914001465,181.0,0.0500475764274597,0.7090051770210266,11584,1,1.0,11584,181.0,0.0,0.0138657381758093,0.0138657381758093,0.0
darcy,274,274,64,solver,solver_x_adv_training_target,0.4782142170006409,0.007472097140635,133.83123655630305,loss1,"MSE(model(a_adv), model(a_clean).detach())",0,0,fixed clean model output; no solver in attack,binary_replace,binary_steepest_replace,1,0.0250519029796123,0.0250519029796123,0.0250519029796123,0.0250519029796123,0.0,6.034478019500966e-07,6.034478019500966e-07,1.9114807514597487e-08,1.6174531936030693e-08,-2.9402755785667974e-09,2.000519037246704,9.0,2.0126986503601074,181.0,0.0500129759311676,0.7009710073471069,11584,1,1.0,11584,181.0,0.0,0.0137088522315025,0.0137088522315025,0.0
darcy,275,275,64,solver,solver_x_adv_training_target,0.5352704089891631,0.0083636001404556,119.5657352343864,loss1,"MSE(model(a_adv), model(a_clean).detach())",0,0,fixed clean model output; no solver in attack,binary_replace,binary_steepest_replace,1,0.0250519029796123,0.0250519029796123,0.0250519029796123,0.0250519029796123,0.0,5.93485594890808e-07,5.93485594890808e-07,1.8874970919569023e-08,1.6662651702858966e-08,-2.212319216710057e-09,2.0024220645427704,9.0,2.013667345046997,181.0,0.0500605516135692,0.713442862033844,11584,1,1.0,11584,181.0,0.0,0.0137695772573351,0.0137695772573351,0.0
darcy,276,276,64,solver,solver_x_adv_training_target,0.4783190580201335,0.0074737352815645,133.8019025729602,loss1,"MSE(model(a_adv), model(a_clean).detach())",0,0,fixed clean model output; no solver in attack,binary_replace,binary_steepest_replace,1,0.0250519029796123,0.0250519029796123,0.0250519029796123,0.0250519029796123,0.0,5.9166870869376e-07,5.9166870869376e-07,1.819567074790029e-08,1.620316858463866e-08,-1.992502163261633e-09,2.0019030570983887,9.0,2.0134100914001465,181.0,0.0500475764274597,0.7078979015350342,11584,1,1.0,11584,181.0,0.0,0.013887776993215,0.013887776993215,0.0
darcy,277,277,64,solver,solver_x_adv_training_target,0.4937633690133225,0.0077150526408331,129.61674359904407,loss1,"MSE(model(a_adv), model(a_clean).detach())",0,0,fixed clean model output; no solver in attack,binary_replace,binary_steepest_replace,1,0.0250519029796123,0.0250519029796123,0.0250519029796123,0.0250519029796123,0.0,6.085514314690954e-07,6.085514314690954e-07,1.7836228494161332e-08,1.6355292231651223e-08,-1.480936262510113e-09,2.003806233406067,9.0,2.0143752098083496,181.0,0.0500951558351516,0.706570029258728,11584,1,1.0,11584,181.0,0.0,0.0137887224555015,0.0137887224555015,0.0
darcy,278,278,64,solver,solver_x_adv_training_target,0.480037358996924,0.0075005837343269,133.3229566418186,loss1,"MSE(model(a_adv), model(a_clean).detach())",0,0,fixed clean model output; no solver in attack,binary_replace,binary_steepest_replace,1,0.0250519029796123,0.0250519029796123,0.0250519029796123,0.0250519029796123,0.0,5.929041435592808e-07,5.929041435592808e-07,1.8349942010331688e-08,1.5130462216461638e-08,-3.21947979387005e-09,2.001384049654007,9.0,2.013136625289917,181.0,0.0500346012413501,0.7057331204414368,11584,1,1.0,11584,181.0,0.0,0.0138341942802071,0.0138341942802071,0.0
darcy,279,279,64,solver,solver_x_adv_training_target,0.4778255400015041,0.0074660240625235,133.9400987226395,loss1,"MSE(model(a_adv), model(a_clean).detach())",0,0,fixed clean model output; no solver in attack,binary_replace,binary_steepest_replace,1,0.0250519029796123,0.0250519029796123,0.0250519029796123,0.0250519029796123,0.0,5.94768721384753e-07,5.94768721384753e-07,1.9053521427281342e-08,1.6302790228905906e-08,-2.750731198375433e-09,2.0024220645427704,9.0,2.013676643371582,181.0,0.0500605516135692,0.7126275897026062,11584,1,1.0,11584,181.0,0.0,0.0137853259220719,0.0137853259220719,0.0
darcy,280,280,64,solver,solver_x_adv_training_target,0.4776915680267848,0.0074639307504185,133.97766316949398,loss1,"MSE(model(a_adv), model(a_clean).detach())",0,0,fixed clean model output; no solver in attack,binary_replace,binary_steepest_replace,1,0.0250519029796123,0.0250519029796123,0.0250519029796123,0.0250519029796123,0.0,5.929932171966357e-07,5.929932171966357e-07,1.888002287842028e-08,1.592730569655032e-08,-2.952717181869957e-09,2.0019030570983887,9.0,2.0134117603302,181.0,0.0500475764274597,0.7135942578315735,11584,1,1.0,11584,181.0,0.0,0.0138691794127225,0.0138691794127225,0.0
darcy,281,281,64,solver,solver_x_adv_training_target,0.4777060109772719,0.0074641564215198,133.9736124924854,loss1,"MSE(model(a_adv), model(a_clean).detach())",0,0,fixed clean model output; no solver in attack,binary_replace,binary_steepest_replace,1,0.0250519029796123,0.0250519029796123,0.0250519029796123,0.0250519029796123,0.0,5.938944127592549e-07,5.938944127592549e-07,1.8474393570500073e-08,1.5174727252542652e-08,-3.299666317957417e-09,2.0039792358875275,9.0,2.0144622325897217,181.0,0.0500994808971881,0.703213632106781,11584,1,1.0,11584,181.0,0.0,0.0138625996187329,0.0138625996187329,0.0
darcy,282,282,64,solver,solver_x_adv_training_target,0.481212223006878,0.0075189409844824,132.99745297426753,loss1,"MSE(model(a_adv), model(a_clean).detach())",0,0,fixed clean model output; no solver in attack,binary_replace,binary_steepest_replace,1,0.0250519029796123,0.0250519029796123,0.0250519029796123,0.0250519029796123,0.0,6.073968279451947e-07,6.073968279451947e-07,1.824176720788273e-08,1.603280708195598e-08,-2.208960125926751e-09,2.0012110471725464,9.0,2.0130555629730225,181.0,0.0500302761793136,0.7072448134422302,11584,1,1.0,11584,181.0,0.0,0.0138166444376111,0.0138166444376111,0.0
darcy,283,283,64,solver,solver_x_adv_training_target,0.477798329986399,0.0074655989060374,133.94772644312468,loss1,"MSE(model(a_adv), model(a_clean).detach())",0,0,fixed clean model output; no solver in attack,binary_replace,binary_steepest_replace,1,0.0250519029796123,0.0250519029796123,0.0250519029796123,0.0250519029796123,0.0,5.983276878396282e-07,5.983276878396282e-07,1.825147144529637e-08,1.4938956738319575e-08,-3.312514706976799e-09,2.002941071987152,9.0,2.0139389038085938,181.0,0.0500735267996788,0.71263188123703,11584,1,1.0,11584,181.0,0.0,0.0138263469561934,0.0138263469561934,0.0
darcy,284,284,64,solver,solver_x_adv_training_target,0.4829377009882591,0.0075459015779415,132.5222691643946,loss1,"MSE(model(a_adv), model(a_clean).detach())",0,0,fixed clean model output; no solver in attack,binary_replace,binary_steepest_replace,1,0.0250519029796123,0.0250519029796123,0.0250519029796123,0.0250519029796123,0.0,5.925273853790713e-07,5.925273853790713e-07,1.8455853734167252e-08,1.674592553513321e-08,-1.7099281990340387e-09,2.002595067024231,9.0,2.013763427734375,181.0,0.0500648766756057,0.7115354537963867,11584,1,1.0,11584,181.0,0.0,0.0138374082744121,0.0138374082744121,0.0
darcy,285,285,64,solver,solver_x_adv_training_target,0.4827956270019058,0.0075436816719047,132.56126696389353,loss1,"MSE(model(a_adv), model(a_clean).detach())",0,0,fixed clean model output; no solver in attack,binary_replace,binary_steepest_replace,1,0.0250519029796123,0.0250519029796123,0.0250519029796123,0.0250519029796123,0.0,5.623080596706131e-07,5.623080596706131e-07,1.8819665825731136e-08,1.575258856689743e-08,-3.067077258833706e-09,2.000865042209625,9.0,2.012880802154541,181.0,0.0500216260552406,0.715728759765625,11584,1,1.0,11584,181.0,0.0,0.013773781247437,0.013773781247437,0.0
darcy,286,286,64,solver,solver_x_adv_training_target,0.5333058290125336,0.0083329035783208,120.00618879133962,loss1,"MSE(model(a_adv), model(a_clean).detach())",0,0,fixed clean model output; no solver in attack,binary_replace,binary_steepest_replace,1,0.0250519029796123,0.0250519029796123,0.0250519029796123,0.0250519029796123,0.0,6.038989681655949e-07,6.038989681655949e-07,1.8257509282193496e-08,1.5490780214122424e-08,-2.766729068071072e-09,2.0019030570983887,9.0,2.0134122371673584,181.0,0.0500475764274597,0.7068338990211487,11584,1,1.0,11584,181.0,0.0,0.013913307338953,0.013913307338953,0.0
darcy,287,287,64,solver,solver_x_adv_training_target,0.4915157860086765,0.0076799341563855,130.2094496693749,loss1,"MSE(model(a_adv), model(a_clean).detach())",0,0,fixed clean model output; no solver in attack,binary_replace,binary_steepest_replace,1,0.0250519029796123,0.0250519029796123,0.0250519029796123,0.0250519029796123,0.0,5.955934057055856e-07,5.955934057055856e-07,1.7608147828696022e-08,1.580669994893924e-08,-1.801447879756779e-09,2.000865042209625,9.0,2.012880325317383,181.0,0.0500216260552406,0.7167798280715942,11584,1,1.0,11584,181.0,0.0,0.0138315185904502,0.0138315185904502,0.0
darcy,288,288,64,solver,solver_x_adv_training_target,0.4833825249806978,0.0075528519528234,132.40031795223797,loss1,"MSE(model(a_adv), model(a_clean).detach())",0,0,fixed clean model output; no solver in attack,binary_replace,binary_steepest_replace,1,0.0250519029796123,0.0250519029796123,0.0250519029796123,0.0250519029796123,0.0,5.966536491541774e-07,5.966536491541774e-07,1.8607030582984407e-08,1.6253011381195392e-08,-2.354019201789015e-09,2.002941071987152,9.0,2.0139389038085938,181.0,0.0500735267996788,0.7165570855140686,11584,1,1.0,11584,181.0,0.0,0.0138876466080546,0.0138876466080546,0.0
darcy,289,289,64,solver,solver_x_adv_training_target,0.4833585360029246,0.0075524771250456,132.4068889508817,loss1,"MSE(model(a_adv), model(a_clean).detach())",0,0,fixed clean model output; no solver in attack,binary_replace,binary_steepest_replace,1,0.0250519029796123,0.0250519029796123,0.0250519029796123,0.0250519029796123,0.0,5.915262590860948e-07,5.915262590860948e-07,1.8085891895225362e-08,1.5538745401499913e-08,-2.547146493725449e-09,2.003806233406067,9.0,2.0143747329711914,181.0,0.0500951558351516,0.7160488367080688,11584,1,1.0,11584,181.0,0.0,0.0139869097620248,0.0139869097620248,0.0
darcy,290,290,64,solver,solver_x_adv_training_target,0.4832775609975215,0.0075512118905862,132.42907423199858,loss1,"MSE(model(a_adv), model(a_clean).detach())",0,0,fixed clean model output; no solver in attack,binary_replace,binary_steepest_replace,1,0.0250519029796123,0.0250519029796123,0.0250519029796123,0.0250519029796123,0.0,6.06182595674909e-07,6.06182595674909e-07,1.808263050406822e-08,1.6142228886906196e-08,-1.940401617162024e-09,2.0027680695056915,9.0,2.013850450515747,181.0,0.0500692017376422,0.707943320274353,11584,1,1.0,11584,181.0,0.0,0.013833675533533,0.013833675533533,0.0
darcy,291,291,64,solver,solver_x_adv_training_target,0.4827365110104438,0.0075427579845381,132.57750043815392,loss1,"MSE(model(a_adv), model(a_clean).detach())",0,0,fixed clean model output; no solver in attack,binary_replace,binary_steepest_replace,1,0.0250519029796123,0.0250519029796123,0.0250519029796123,0.0250519029796123,0.0,5.865649654879235e-07,5.865649654879235e-07,1.8483159891502513e-08,1.5827323451844677e-08,-2.6558364396578327e-09,2.00224906206131,9.0,2.013587713241577,181.0,0.0500562265515327,0.7098485827445984,11584,1,1.0,11584,181.0,0.0,0.0137683972716331,0.0137683972716331,0.0
darcy,292,292,64,solver,solver_x_adv_training_target,0.5048488870088477,0.0078882638595132,126.77060729833477,loss1,"MSE(model(a_adv), model(a_clean).detach())",0,0,fixed clean model output; no solver in attack,binary_replace,binary_steepest_replace,1,0.0250519029796123,0.0250519029796123,0.0250519029796123,0.0250519029796123,0.0,5.92994695125526e-07,5.92994695125526e-07,1.8671542534320903e-08,1.4729458541751228e-08,-3.942083992569678e-09,2.002076059579849,9.0,2.013502836227417,181.0,0.0500519014894962,0.714643120765686,11584,1,1.0,11584,181.0,0.0,0.0139301400631666,0.0139301400631666,0.0
darcy,293,293,64,solver,solver_x_adv_training_target,0.5431455560028553,0.0084866493125446,117.832134117035,loss1,"MSE(model(a_adv), model(a_clean).detach())",0,0,fixed clean model output; no solver in attack,binary_replace,binary_steepest_replace,1,0.0250519029796123,0.0250519029796123,0.0250519029796123,0.0250519029796123,0.0,6.14393911746447e-07,6.14393911746447e-07,1.877666377936293e-08,1.5238217798696496e-08,-3.538445980666438e-09,2.003806233406067,9.0,2.0143752098083496,181.0,0.0500951558351516,0.7108801603317261,11584,1,1.0,11584,181.0,0.0,0.0137858698144555,0.0137858698144555,0.0
darcy,294,294,64,solver,solver_x_adv_training_target,0.5500393969996367,0.0085943655781193,116.35530172767292,loss1,"MSE(model(a_adv), model(a_clean).detach())",0,0,fixed clean model output; no solver in attack,binary_replace,binary_steepest_replace,1,0.0250519029796123,0.0250519029796123,0.0250519029796123,0.0250519029796123,0.0,5.884679694645456e-07,5.884679694645456e-07,1.9881010615563355e-08,1.7058946255588125e-08,-2.822064359975229e-09,2.002941071987152,9.0,2.013939380645752,181.0,0.0500735267996788,0.7132590413093567,11584,1,1.0,11584,181.0,0.0,0.0139163434505462,0.0139163434505462,0.0
darcy,295,295,64,solver,solver_x_adv_training_target,0.5532945219893008,0.0086452269060828,115.67076386351351,loss1,"MSE(model(a_adv), model(a_clean).detach())",0,0,fixed clean model output; no solver in attack,binary_replace,binary_steepest_replace,1,0.0250519029796123,0.0250519029796123,0.0250519029796123,0.0250519029796123,0.0,5.89693343044928e-07,5.89693343044928e-07,1.9945202822668762e-08,1.7838443611140065e-08,-2.106759211528697e-09,2.003287076950073,9.0,2.014113187789917,181.0,0.0500821769237518,0.7108585238456726,11584,1,1.0,11584,181.0,0.0,0.0138058485463261,0.0138058485463261,0.0
darcy,296,296,64,solver,solver_x_adv_training_target,0.4843073679949157,0.0075673026249205,132.14748366304408,loss1,"MSE(model(a_adv), model(a_clean).detach())",0,0,fixed clean model output; no solver in attack,binary_replace,binary_steepest_replace,1,0.0250519029796123,0.0250519029796123,0.0250519029796123,0.0250519029796123,0.0,5.991980742692249e-07,5.991980742692249e-07,1.973215013606477e-08,1.7000566288061236e-08,-2.731583848003538e-09,2.0019030570983887,9.0,2.0134143829345703,181.0,0.0500475764274597,0.7094312310218811,11584,1,1.0,11584,181.0,0.0,0.0138108599931001,0.0138108599931001,0.0
darcy,297,297,64,solver,solver_x_adv_training_target,0.4958646059967577,0.0077478844686993,129.06748984705408,loss1,"MSE(model(a_adv), model(a_clean).detach())",0,0,fixed clean model output; no solver in attack,binary_replace,binary_steepest_replace,1,0.0250519029796123,0.0250519029796123,0.0250519029796123,0.0250519029796123,0.0,5.887807219551178e-07,5.887807219551178e-07,2.0297356684295664e-08,1.8404927359938483e-08,-1.892429324357181e-09,2.0027680695056915,9.0,2.0138511657714844,181.0,0.0500692017376422,0.7123442888259888,11584,1,1.0,11584,181.0,0.0,0.013758766464889,0.013758766464889,0.0
darcy,298,298,64,solver,solver_x_adv_training_target,0.4837590819806792,0.0075587356559481,132.29725783743754,loss1,"MSE(model(a_adv), model(a_clean).detach())",0,0,fixed clean model output; no solver in attack,binary_replace,binary_steepest_replace,1,0.0250519029796123,0.0250519029796123,0.0250519029796123,0.0250519029796123,0.0,5.913074687668995e-07,5.913074687668995e-07,1.9733112921471733e-08,1.675804028877792e-08,-2.975072632693809e-09,2.0036332309246063,9.0,2.0142879486083984,181.0,0.0500908307731151,0.7070717811584473,11584,1,1.0,11584,181.0,0.0,0.0137340705841779,0.0137340705841779,0.0
darcy,299,299,64,solver,solver_x_adv_training_target,0.485069275018759,0.0075792074221681,131.93991723661517,loss1,"MSE(model(a_adv), model(a_clean).detach())",0,0,fixed clean model output; no solver in attack,binary_replace,binary_steepest_replace,1,0.0250519029796123,0.0250519029796123,0.0250519029796123,0.0250519029796123,0.0,5.827970994687348e-07,5.827970994687348e-07,1.8853388183970313e-08,1.5439766798408527e-08,-3.413621385561782e-09,2.002595067024231,9.0,2.0137650966644287,181.0,0.0500648766756057,0.7096756100654602,11584,1,1.0,11584,181.0,0.0,0.0139551255851984,0.0139551255851984,0.0
darcy,300,300,64,solver,solver_x_adv_training_target,0.4824770849954802,0.0075387044530543,132.6487868343002,loss1,"MSE(model(a_adv), model(a_clean).detach())",0,0,fixed clean model output; no solver in attack,binary_replace,binary_steepest_replace,1,0.0250519029796123,0.0250519029796123,0.0250519029796123,0.0250519029796123,0.0,5.893030561310297e-07,5.893030561310297e-07,1.8114457489559758e-08,1.6177537531802955e-08,-1.9369199577567997e-09,2.000865042209625,9.0,2.012883424758911,181.0,0.0500216260552406,0.7087564468383789,11584,1,1.0,11584,181.0,0.0,0.013801378197968,0.013801378197968,0.0
darcy,301,301,64,solver,solver_x_adv_training_target,0.4827594039961695,0.0075431156874401,132.57121346621724,loss1,"MSE(model(a_adv), model(a_clean).detach())",0,0,fixed clean model output; no solver in attack,binary_replace,binary_steepest_replace,1,0.0250519029796123,0.0250519029796123,0.0250519029796123,0.0250519029796123,0.0,5.836117225044291e-07,5.836117225044291e-07,1.7741875524279752e-08,1.5585724710831528e-08,-2.156150813448221e-09,2.002595067024231,9.0,2.0137641429901123,181.0,0.0500648766756057,0.7065094709396362,11584,1,1.0,11584,181.0,0.0,0.0138338804244995,0.0138338804244995,0.0
darcy,302,302,64,solver,solver_x_adv_training_target,0.4835752429789863,0.0075558631715466,132.34755279393224,loss1,"MSE(model(a_adv), model(a_clean).detach())",0,0,fixed clean model output; no solver in attack,binary_replace,binary_steepest_replace,1,0.0250519029796123,0.0250519029796123,0.0250519029796123,0.0250519029796123,0.0,5.908420348532673e-07,5.908420348532673e-07,1.7920891437483988e-08,1.627316947860891e-08,-1.6477219588750811e-09,2.003287076950073,9.0,2.014113426208496,181.0,0.0500821769237518,0.6986137628555298,11584,1,1.0,11584,181.0,0.0,0.0138218887150287,0.0138218887150287,0.0
darcy,303,303,64,solver,solver_x_adv_training_target,0.5485277799889445,0.0085707465623272,116.6759503070016,loss1,"MSE(model(a_adv), model(a_clean).detach())",0,0,fixed clean model output; no solver in attack,binary_replace,binary_steepest_replace,1,0.0250519029796123,0.0250519029796123,0.0250519029796123,0.0250519029796123,0.0,5.837870276081958e-07,5.837870276081958e-07,1.8090174691565156e-08,1.6077581932449906e-08,-2.0125927591152504e-09,2.0036332309246063,9.0,2.0142879486083984,181.0,0.0500908307731151,0.7134688496589661,11584,1,1.0,11584,181.0,0.0,0.0139137338846921,0.0139137338846921,0.0
darcy,304,304,64,solver,solver_x_adv_training_target,0.4848279889847617,0.0075754373278869,132.0055802347903,loss1,"MSE(model(a_adv), model(a_clean).detach())",0,0,fixed clean model output; no solver in attack,binary_replace,binary_steepest_replace,1,0.0250519029796123,0.0250519029796123,0.0250519029796123,0.0250519029796123,0.0,5.880846742911672e-07,5.880846742911672e-07,1.8498878873174366e-08,1.5108499340499293e-08,-3.3903795326750692e-09,2.0012110471725464,9.0,2.0130574703216557,181.0,0.0500302761793136,0.7102054357528687,11584,1,1.0,11584,181.0,0.0,0.0138425705954432,0.0138425705954432,0.0
darcy,305,305,64,solver,solver_x_adv_training_target,0.5401827669993509,0.0084403557343648,118.478418620261,loss1,"MSE(model(a_adv), model(a_clean).detach())",0,0,fixed clean model output; no solver in attack,binary_replace,binary_steepest_replace,1,0.0250519029796123,0.0250519029796123,0.0250519029796123,0.0250519029796123,0.0,5.748456715082284e-07,5.748456715082284e-07,1.922408721100055e-08,1.5635345462783334e-08,-3.5887417482172172e-09,2.0024220645427704,9.0,2.013676643371582,181.0,0.0500605516135692,0.7126124501228333,11584,1,1.0,11584,181.0,0.0,0.0139415264129638,0.0139415264129638,0.0
darcy,306,306,64,solver,solver_x_adv_training_target,0.4831336459901649,0.0075489632185963,132.46852197353036,loss1,"MSE(model(a_adv), model(a_clean).detach())",0,0,fixed clean model output; no solver in attack,binary_replace,binary_steepest_replace,1,0.0250519029796123,0.0250519029796123,0.0250519029796123,0.0250519029796123,0.0,5.974322903057327e-07,5.974322903057327e-07,1.8702635884437768e-08,1.5544703302339258e-08,-3.15793258209851e-09,2.002595067024231,9.0,2.0137643814086914,181.0,0.0500648766756057,0.714844286441803,11584,1,1.0,11584,181.0,0.0,0.013880711980164,0.013880711980164,0.0
darcy,307,307,64,solver,solver_x_adv_training_target,0.5549861199979205,0.0086716581249675,115.31819930963285,loss1,"MSE(model(a_adv), model(a_clean).detach())",0,0,fixed clean model output; no solver in attack,binary_replace,binary_steepest_replace,1,0.0250519029796123,0.0250519029796123,0.0250519029796123,0.0250519029796123,0.0,5.92823596434755e-07,5.92823596434755e-07,1.8782342792178497e-08,1.618942668812906e-08,-2.592916104049436e-09,2.0036332309246063,9.0,2.0142879486083984,181.0,0.0500908307731151,0.7070242166519165,11584,1,1.0,11584,181.0,0.0,0.0138122607022523,0.0138122607022523,0.0
darcy,308,308,64,solver,solver_x_adv_training_target,0.4872152069874573,0.007612737609179,131.35878987793495,loss1,"MSE(model(a_adv), model(a_clean).detach())",0,0,fixed clean model output; no solver in attack,binary_replace,binary_steepest_replace,1,0.0250519029796123,0.0250519029796123,0.0250519029796123,0.0250519029796123,0.0,5.991404350425e-07,5.991404350425e-07,1.8847201133098682e-08,1.6590316676001752e-08,-2.25688445709693e-09,2.0019030570983887,9.0,2.013412952423096,181.0,0.0500475764274597,0.7131012082099915,11584,1,1.0,11584,181.0,0.0,0.013758435845375,0.013758435845375,0.0
darcy,309,309,64,solver,solver_x_adv_training_target,0.4835226490104105,0.0075550413907876,132.3619485684569,loss1,"MSE(model(a_adv), model(a_clean).detach())",0,0,fixed clean model output; no solver in attack,binary_replace,binary_steepest_replace,1,0.0250519029796123,0.0250519029796123,0.0250519029796123,0.0250519029796123,0.0,5.962833142802992e-07,5.962833142802992e-07,1.9986460486620672e-08,1.6855441486995918e-08,-3.131018999624757e-09,2.0036332309246063,9.0,2.0142879486083984,181.0,0.0500908307731151,0.7174545526504517,11584,1,1.0,11584,181.0,0.0,0.0138253420591354,0.0138253420591354,0.0
darcy,310,310,64,solver,solver_x_adv_training_target,0.4830213569803163,0.0075472087028174,132.4993172146797,loss1,"MSE(model(a_adv), model(a_clean).detach())",0,0,fixed clean model output; no solver in attack,binary_replace,binary_steepest_replace,1,0.0250519029796123,0.0250519029796123,0.0250519029796123,0.0250519029796123,0.0,5.79901211494871e-07,5.79901211494871e-07,2.104597029983779e-08,1.7765158233373768e-08,-3.2808120664640224e-09,2.002941071987152,9.0,2.013939142227173,181.0,0.0500735267996788,0.716422975063324,11584,1,1.0,11584,181.0,0.0,0.0138145238161087,0.0138145238161087,0.0
darcy,311,311,64,solver,solver_x_adv_training_target,0.4828921360021923,0.0075451896250342,132.53477376924906,loss1,"MSE(model(a_adv), model(a_clean).detach())",0,0,fixed clean model output; no solver in attack,binary_replace,binary_steepest_replace,1,0.0250519029796123,0.0250519029796123,0.0250519029796123,0.0250519029796123,0.0,6.050011052138871e-07,6.050011052138871e-07,2.0968583314129322e-08,1.7527232998304498e-08,-3.44135031582482e-09,2.002595067024231,9.0,2.013763189315796,181.0,0.0500648766756057,0.7019528150558472,11584,1,1.0,11584,181.0,0.0,0.0137337353080511,0.0137337353080511,0.0
darcy,312,312,64,solver,solver_x_adv_training_target,0.4832423480111174,0.0075506616876737,132.43872409652232,loss1,"MSE(model(a_adv), model(a_clean).detach())",0,0,fixed clean model output; no solver in attack,binary_replace,binary_steepest_replace,1,0.0250519029796123,0.0250519029796123,0.0250519029796123,0.0250519029796123,0.0,5.821776198899897e-07,5.821776198899897e-07,1.8986778371754557e-08,1.6716612094569427e-08,-2.270166277185126e-09,2.00224906206131,9.0,2.01358962059021,181.0,0.0500562265515327,0.7084407210350037,11584,1,1.0,11584,181.0,0.0,0.0138590149581432,0.0138590149581432,0.0
darcy,313,313,64,solver,solver_x_adv_training_target,0.4825648390105925,0.0075400756095405,132.6246647626044,loss1,"MSE(model(a_adv), model(a_clean).detach())",0,0,fixed clean model output; no solver in attack,binary_replace,binary_steepest_replace,1,0.0250519029796123,0.0250519029796123,0.0250519029796123,0.0250519029796123,0.0,5.975903150101658e-07,5.975903150101658e-07,1.833500817838285e-08,1.6851441131393585e-08,-1.4835670469892646e-09,2.003806233406067,9.0,2.0143752098083496,181.0,0.0500951558351516,0.7070090770721436,11584,1,1.0,11584,181.0,0.0,0.0138912834227085,0.0138912834227085,0.0
darcy,314,314,64,solver,solver_x_adv_training_target,0.5460766089963727,0.0085324470155683,117.19967298658844,loss1,"MSE(model(a_adv), model(a_clean).detach())",0,0,fixed clean model output; no solver in attack,binary_replace,binary_steepest_replace,1,0.0250519029796123,0.0250519029796123,0.0250519029796123,0.0250519029796123,0.0,6.116458166616212e-07,6.116458166616212e-07,1.8440218241266848e-08,1.6570460559250932e-08,-1.8697576820159156e-09,2.0027680695056915,9.0,2.013852119445801,181.0,0.0500692017376422,0.7124610543251038,11584,1,1.0,11584,181.0,0.0,0.013876917771995,0.013876917771995,0.0
darcy,315,315,64,solver,solver_x_adv_training_target,0.5378992869809736,0.0084046763590777,118.98138099272808,loss1,"MSE(model(a_adv), model(a_clean).detach())",0,0,fixed clean model output; no solver in attack,binary_replace,binary_steepest_replace,1,0.0250519029796123,0.0250519029796123,0.0250519029796123,0.0250519029796123,0.0,5.970806569166598e-07,5.970806569166598e-07,1.874154520464799e-08,1.6200994323867235e-08,-2.540550880780756e-09,2.002076059579849,9.0,2.013501644134521,181.0,0.0500519014894962,0.70594722032547,11584,1,1.0,11584,181.0,0.0,0.0137838227674365,0.0137838227674365,0.0
darcy,316,316,64,solver,solver_x_adv_training_target,0.4791501580039039,0.0074867212188109,133.5698192537767,loss1,"MSE(model(a_adv), model(a_clean).detach())",0,0,fixed clean model output; no solver in attack,binary_replace,binary_steepest_replace,1,0.0250519029796123,0.0250519029796123,0.0250519029796123,0.0250519029796123,0.0,5.949454475739913e-07,5.949454475739913e-07,1.9361559466801737e-08,1.6047341233615953e-08,-3.314218233185784e-09,2.0036332309246063,9.0,2.0142879486083984,181.0,0.0500908307731151,0.7142495512962341,11584,1,1.0,11584,181.0,0.0,0.0138828363269567,0.0138828363269567,0.0
darcy,317,317,64,solver,solver_x_adv_training_target,0.4866506539983675,0.0076039164687244,131.5111763935176,loss1,"MSE(model(a_adv), model(a_clean).detach())",0,0,fixed clean model output; no solver in attack,binary_replace,binary_steepest_replace,1,0.0250519029796123,0.0250519029796123,0.0250519029796123,0.0250519029796123,0.0,5.916467102906608e-07,5.916467102906608e-07,1.8709782168002675e-08,1.5404532760499023e-08,-3.305249407503652e-09,2.0027680695056915,9.0,2.013852596282959,181.0,0.0500692017376422,0.6995545029640198,11584,1,1.0,11584,181.0,0.0,0.0138572053983807,0.0138572053983807,0.0
darcy,318,318,64,solver,solver_x_adv_training_target,0.4866283930023201,0.0076035686406612,131.51719242098326,loss1,"MSE(model(a_adv), model(a_clean).detach())",0,0,fixed clean model output; no solver in attack,binary_replace,binary_steepest_replace,1,0.0250519029796123,0.0250519029796123,0.0250519029796123,0.0250519029796123,0.0,5.954129846941214e-07,5.954129846941214e-07,1.759845957849393e-08,1.4993197794410662e-08,-2.605261784083268e-09,2.00224906206131,9.0,2.0135903358459477,181.0,0.0500562265515327,0.7110769748687744,11584,1,1.0,11584,181.0,0.0,0.013864791020751,0.013864791020751,0.0
darcy,319,319,64,solver,solver_x_adv_training_target,0.4861684390052687,0.0075963818594573,131.64161814153965,loss1,"MSE(model(a_adv), model(a_clean).detach())",0,0,fixed clean model output; no solver in attack,binary_replace,binary_steepest_replace,1,0.0250519029796123,0.0250519029796123,0.0250519029796123,0.0250519029796123,0.0,6.072216365282657e-07,6.072216365282657e-07,1.7911862215669316e-08,1.527499193798576e-08,-2.636870277683556e-09,2.001384049654007,9.0,2.0131494998931885,181.0,0.0500346012413501,0.707813560962677,11584,1,1.0,11584,181.0,0.0,0.0138641688972711,0.0138641688972711,0.0
darcy,320,320,64,solver,solver_x_adv_training_target,0.5476608830213081,0.0085572012972079,116.86063763935084,loss1,"MSE(model(a_adv), model(a_clean).detach())",0,0,fixed clean model output; no solver in attack,binary_replace,binary_steepest_replace,1,0.0250519029796123,0.0250519029796123,0.0250519029796123,0.0250519029796123,0.0,5.872306587662024e-07,5.872306587662024e-07,1.8591574502124786e-08,1.5261411689948545e-08,-3.33016281217624e-09,2.0012110471725464,9.0,2.013059616088867,181.0,0.0500302761793136,0.7135099172592163,11584,1,1.0,11584,181.0,0.0,0.0138139612972736,0.0138139612972736,0.0
darcy,321,321,64,solver,solver_x_adv_training_target,0.4783454140124377,0.0074741470939443,133.7945303230939,loss1,"MSE(model(a_adv), model(a_clean).detach())",0,0,fixed clean model output; no solver in attack,binary_replace,binary_steepest_replace,1,0.0250519029796123,0.0250519029796123,0.0250519029796123,0.0250519029796123,0.0,6.020691216690466e-07,6.020691216690466e-07,1.8381646427201304e-08,1.4718184893069974e-08,-3.6634615341313284e-09,2.0031140744686127,9.0,2.014026165008545,181.0,0.0500778518617153,0.6997728943824768,11584,1,1.0,11584,181.0,0.0,0.0138287730515003,0.0138287730515003,0.0
darcy,322,322,64,solver,solver_x_adv_training_target,0.4774900630000047,0.007460782234375,134.0342029274845,loss1,"MSE(model(a_adv), model(a_clean).detach())",0,0,fixed clean model output; no solver in attack,binary_replace,binary_steepest_replace,1,0.0250519029796123,0.0250519029796123,0.0250519029796123,0.0250519029796123,0.0,6.019315037519846e-07,6.019315037519846e-07,1.813620897905821e-08,1.5466222080817715e-08,-2.669986898240495e-09,2.001730054616928,9.0,2.0133190155029297,181.0,0.0500432513654232,0.7112023830413818,11584,1,1.0,11584,181.0,0.0,0.0138926012441515,0.0138926012441515,0.0
darcy,323,323,64,solver,solver_x_adv_training_target,0.4789196820056531,0.0074831200313383,133.63409858616868,loss1,"MSE(model(a_adv), model(a_clean).detach())",0,0,fixed clean model output; no solver in attack,binary_replace,binary_steepest_replace,1,0.0250519029796123,0.0250519029796123,0.0250519029796123,0.0250519029796123,0.0,6.093756610425771e-07,6.093756610425771e-07,1.804916927028444e-08,1.5533752062424355e-08,-2.5154172078600823e-09,2.0036332309246063,9.0,2.0142879486083984,181.0,0.0500908307731151,0.7070912718772888,11584,1,1.0,11584,181.0,0.0,0.0137203587219119,0.0137203587219119,0.0
darcy,324,324,64,solver,solver_x_adv_training_target,0.4780631420144345,0.0074697365939755,133.87352919599812,loss1,"MSE(model(a_adv), model(a_clean).detach())",0,0,fixed clean model output; no solver in attack,binary_replace,binary_steepest_replace,1,0.0250519029796123,0.0250519029796123,0.0250519029796123,0.0250519029796123,0.0,6.035369324308704e-07,6.035369324308704e-07,1.8030961612680585e-08,1.5212027193456382e-08,-2.818934419224206e-09,2.001730054616928,9.0,2.0133166313171387,181.0,0.0500432513654232,0.7072988748550415,11584,1,1.0,11584,181.0,0.0,0.0137768751010298,0.0137768751010298,0.0
darcy,325,325,64,solver,solver_x_adv_training_target,0.4783676039951388,0.007474493812424,133.78832401169535,loss1,"MSE(model(a_adv), model(a_clean).detach())",0,0,fixed clean model output; no solver in attack,binary_replace,binary_steepest_replace,1,0.0250519029796123,0.0250519029796123,0.0250519029796123,0.0250519029796123,0.0,5.964649858469784e-07,5.964649858469784e-07,1.8632695386600066e-08,1.5159709931822363e-08,-3.4729854547776995e-09,2.0024220645427704,9.0,2.013674736022949,181.0,0.0500605516135692,0.7000691890716553,11584,1,1.0,11584,181.0,0.0,0.013891439884901,0.013891439884901,0.0
darcy,326,326,64,solver,solver_x_adv_training_target,0.4785868360195309,0.0074779193128051,133.72703798603476,loss1,"MSE(model(a_adv), model(a_clean).detach())",0,0,fixed clean model output; no solver in attack,binary_replace,binary_steepest_replace,1,0.0250519029796123,0.0250519029796123,0.0250519029796123,0.0250519029796123,0.0,5.976280021968705e-07,5.976280021968705e-07,1.9193127087646644e-08,1.606102806306353e-08,-3.1320990245831126e-09,2.0024220645427704,9.0,2.01367712020874,181.0,0.0500605516135692,0.7083109617233276,11584,1,1.0,11584,181.0,0.0,0.0138168474659323,0.0138168474659323,0.0
darcy,327,327,64,solver,solver_x_adv_training_target,0.4925806139945052,0.0076965720936641,129.92797154764585,loss1,"MSE(model(a_adv), model(a_clean).detach())",0,0,fixed clean model output; no solver in attack,binary_replace,binary_steepest_replace,1,0.0250519029796123,0.0250519029796123,0.0250519029796123,0.0250519029796123,0.0,6.170348569867201e-07,6.170348569867201e-07,1.972256491455937e-08,1.7283985798144386e-08,-2.438579116414985e-09,2.0031140744686127,9.0,2.014026641845703,181.0,0.0500778518617153,0.7083325982093811,11584,1,1.0,11584,181.0,0.0,0.0138536132872104,0.0138536132872104,0.0
darcy,328,328,64,solver,solver_x_adv_training_target,0.4782529110088944,0.0074727017345139,133.82040867245186,loss1,"MSE(model(a_adv), model(a_clean).detach())",0,0,fixed clean model output; no solver in attack,binary_replace,binary_steepest_replace,1,0.0250519029796123,0.0250519029796123,0.0250519029796123,0.0250519029796123,0.0,5.943899168414646e-07,5.943899168414646e-07,1.9793739980400463e-08,1.7461509571603532e-08,-2.3322304087969314e-09,2.0036332309246063,9.0,2.0142879486083984,181.0,0.0500908307731151,0.7076189517974854,11584,1,1.0,11584,181.0,0.0,0.01386727578938,0.01386727578938,0.0
darcy,329,329,64,solver,solver_x_adv_training_target,0.5479043849918526,0.0085610060154976,116.80870194340878,loss1,"MSE(model(a_adv), model(a_clean).detach())",0,0,fixed clean model output; no solver in attack,binary_replace,binary_steepest_replace,1,0.0250519029796123,0.0250519029796123,0.0250519029796123,0.0250519029796123,0.0,5.967413585494796e-07,5.967413585494796e-07,1.972838425956525e-08,1.694575679778154e-08,-2.7826274617837043e-09,2.0024220645427704,9.0,2.013676166534424,181.0,0.0500605516135692,0.7106379270553589,11584,1,1.0,11584,181.0,0.0,0.0137899089604616,0.0137899089604616,0.0
darcy,330,330,64,solver,solver_x_adv_training_target,0.5478254760091659,0.0085597730626432,116.8255271117205,loss1,"MSE(model(a_adv), model(a_clean).detach())",0,0,fixed clean model output; no solver in attack,binary_replace,binary_steepest_replace,1,0.0250519029796123,0.0250519029796123,0.0250519029796123,0.0250519029796123,0.0,5.868397465746966e-07,5.868397465746966e-07,1.8609620511256253e-08,1.6034922722951706e-08,-2.5746977883045474e-09,2.001730054616928,9.0,2.0133211612701416,181.0,0.0500432513654232,0.7081552743911743,11584,1,1.0,11584,181.0,0.0,0.0137946084141731,0.0137946084141731,0.0
darcy,331,331,64,solver,solver_x_adv_training_target,0.4778232119861059,0.0074659876872829,133.94075129581813,loss1,"MSE(model(a_adv), model(a_clean).detach())",0,0,fixed clean model output; no solver in attack,binary_replace,binary_steepest_replace,1,0.0250519029796123,0.0250519029796123,0.0250519029796123,0.0250519029796123,0.0,5.984894073662872e-07,5.984894073662872e-07,1.991816134250257e-08,1.6558692195189906e-08,-3.359469147312666e-09,2.0019030570983887,9.0,2.013413906097412,181.0,0.0500475764274597,0.7142539024353027,11584,1,1.0,11584,181.0,0.0,0.0138551210984587,0.0138551210984587,0.0
darcy,332,332,64,solver,solver_x_adv_training_target,0.4777191100001801,0.0074643610937528,133.9699389458711,loss1,"MSE(model(a_adv), model(a_clean).detach())",0,0,fixed clean model output; no solver in attack,binary_replace,binary_steepest_replace,1,0.0250519029796123,0.0250519029796123,0.0250519029796123,0.0250519029796123,0.0,5.864479248884891e-07,5.864479248884891e-07,1.9204053458565795e-08,1.5929103369671793e-08,-3.274950088894002e-09,2.002076059579849,9.0,2.013503074645996,181.0,0.0500519014894962,0.7084623575210571,11584,1,1.0,11584,181.0,0.0,0.0138326603919267,0.0138326603919267,0.0
darcy,333,333,64,solver,solver_x_adv_training_target,0.4804070079990197,0.0075063594999846,133.22037134006712,loss1,"MSE(model(a_adv), model(a_clean).detach())",0,0,fixed clean model output; no solver in attack,binary_replace,binary_steepest_replace,1,0.0250519029796123,0.0250519029796123,0.0250519029796123,0.0250519029796123,0.0,5.982279844829463e-07,5.982279844829463e-07,1.8335851947881565e-08,1.5514258322468777e-08,-2.821593625412788e-09,2.002941071987152,9.0,2.0139389038085938,181.0,0.0500735267996788,0.7096409797668457,11584,1,1.0,11584,181.0,0.0,0.0138404192402958,0.0138404192402958,0.0
darcy,334,334,64,solver,solver_x_adv_training_target,0.4881774710083846,0.007627772984506,131.0998638831098,loss1,"MSE(model(a_adv), model(a_clean).detach())",0,0,fixed clean model output; no solver in attack,binary_replace,binary_steepest_replace,1,0.0250519029796123,0.0250519029796123,0.0250519029796123,0.0250519029796123,0.0,5.99844895532442e-07,5.99844895532442e-07,1.771536162209486e-08,1.5037198153322606e-08,-2.678163468772254e-09,2.0031140744686127,9.0,2.014025449752808,181.0,0.0500778518617153,0.7022080421447754,11584,1,1.0,11584,181.0,0.0,0.0138278072699904,0.0138278072699904,0.0
darcy,335,335,64,solver,solver_x_adv_training_target,0.4810697229986544,0.0075167144218539,133.03684879827497,loss1,"MSE(model(a_adv), model(a_clean).detach())",0,0,fixed clean model output; no solver in attack,binary_replace,binary_steepest_replace,1,0.0250519029796123,0.0250519029796123,0.0250519029796123,0.0250519029796123,0.0,6.248915269679856e-07,6.248915269679856e-07,1.794742132688043e-08,1.4801190495461471e-08,-3.146230831418961e-09,2.002076059579849,9.0,2.013500690460205,181.0,0.0500519014894962,0.7064078450202942,11584,1,1.0,11584,181.0,0.0,0.0137493573129177,0.0137493573129177,0.0
darcy,336,336,64,solver,solver_x_adv_training_target,0.5366028159915004,0.0083844189998671,119.2688485649202,loss1,"MSE(model(a_adv), model(a_clean).detach())",0,0,fixed clean model output; no solver in attack,binary_replace,binary_steepest_replace,1,0.0250519029796123,0.0250519029796123,0.0250519029796123,0.0250519029796123,0.0,6.19729405570979e-07,6.19729405570979e-07,1.862740006686181e-08,1.6092775112497293e-08,-2.534624954364517e-09,2.00224906206131,9.0,2.0135860443115234,181.0,0.0500562265515327,0.7140916585922241,11584,1,1.0,11584,181.0,0.0,0.0139339854940772,0.0139339854940772,0.0
darcy,337,337,64,solver,solver_x_adv_training_target,0.4937121169932652,0.0077142518280197,129.63019905155178,loss1,"MSE(model(a_adv), model(a_clean).detach())",0,0,fixed clean model output; no solver in attack,binary_replace,binary_steepest_replace,1,0.0250519029796123,0.0250519029796123,0.0250519029796123,0.0250519029796123,0.0,5.756101586484874e-07,5.756101586484874e-07,1.7699612442356738e-08,1.51765959799377e-08,-2.523016462419036e-09,2.0024220645427704,9.0,2.0136756896972656,181.0,0.0500605516135692,0.7156466245651245,11584,1,1.0,11584,181.0,0.0,0.0138665381819009,0.0138665381819009,0.0
darcy,338,338,64,solver,solver_x_adv_training_target,0.4854334600095171,0.0075848978126487,131.84093242922572,loss1,"MSE(model(a_adv), model(a_clean).detach())",0,0,fixed clean model output; no solver in attack,binary_replace,binary_steepest_replace,1,0.0250519029796123,0.0250519029796123,0.0250519029796123,0.0250519029796123,0.0,5.988310363136407e-07,5.988310363136407e-07,1.7912759275873213e-08,1.553868500536737e-08,-2.3740742705058437e-09,2.0036332309246063,9.0,2.0142879486083984,181.0,0.0500908307731151,0.7060445547103882,11584,1,1.0,11584,181.0,0.0,0.0138169135898351,0.0138169135898351,0.0
darcy,339,339,64,solver,solver_x_adv_training_target,0.5441261910018511,0.0085019717344039,117.6197747110142,loss1,"MSE(model(a_adv), model(a_clean).detach())",0,0,fixed clean model output; no solver in attack,binary_replace,binary_steepest_replace,1,0.0250519029796123,0.0250519029796123,0.0250519029796123,0.0250519029796123,0.0,6.169519792820211e-07,6.169519792820211e-07,1.869279131483381e-08,1.5248524221078696e-08,-3.4442670937551156e-09,2.0019030570983887,9.0,2.013403415679932,181.0,0.0500475764274597,0.7147815823554993,11584,1,1.0,11584,181.0,0.0,0.0137378526851534,0.0137378526851534,0.0
darcy,340,340,64,solver,solver_x_adv_training_target,0.4796773669950198,0.0074949588592971,133.4230138914694,loss1,"MSE(model(a_adv), model(a_clean).detach())",0,0,fixed clean model output; no solver in attack,binary_replace,binary_steepest_replace,1,0.0250519029796123,0.0250519029796123,0.0250519029796123,0.0250519029796123,0.0,5.990202112116094e-07,5.990202112116094e-07,1.8427764203465813e-08,1.531920901243211e-08,-3.1085551910337013e-09,2.0027680695056915,9.0,2.013852119445801,181.0,0.0500692017376422,0.7123334407806396,11584,1,1.0,11584,181.0,0.0,0.0138487145304679,0.0138487145304679,0.0
darcy,341,341,64,solver,solver_x_adv_training_target,0.477911435009446,0.0074673661720225,133.9160256726961,loss1,"MSE(model(a_adv), model(a_clean).detach())",0,0,fixed clean model output; no solver in attack,binary_replace,binary_steepest_replace,1,0.0250519029796123,0.0250519029796123,0.0250519029796123,0.0250519029796123,0.0,6.124392939454992e-07,6.124392939454992e-07,1.8252684697017685e-08,1.527247306398749e-08,-2.9802116330301942e-09,2.002941071987152,9.0,2.013939142227173,181.0,0.0500735267996788,0.7089878916740417,11584,1,1.0,11584,181.0,0.0,0.0139089785516262,0.0139089785516262,0.0
darcy,342,342,64,solver,solver_x_adv_training_target,0.4995807429950218,0.0078059491092972,128.10741986633727,loss1,"MSE(model(a_adv), model(a_clean).detach())",0,0,fixed clean model output; no solver in attack,binary_replace,binary_steepest_replace,1,0.0250519029796123,0.0250519029796123,0.0250519029796123,0.0250519029796123,0.0,5.949548835815222e-07,5.949548835815222e-07,1.816191819159485e-08,1.5403038844397088e-08,-2.758879347197762e-09,2.0024220645427704,9.0,2.0136733055114746,181.0,0.0500605516135692,0.7149351239204407,11584,1,1.0,11584,181.0,0.0,0.0137471547350287,0.0137471547350287,0.0
darcy,343,343,64,solver,solver_x_adv_training_target,0.4844411590020172,0.0075693931094065,132.1109877035314,loss1,"MSE(model(a_adv), model(a_clean).detach())",0,0,fixed clean model output; no solver in attack,binary_replace,binary_steepest_replace,1,0.0250519029796123,0.0250519029796123,0.0250519029796123,0.0250519029796123,0.0,5.758363386121346e-07,5.758363386121346e-07,1.7989115974614833e-08,1.5392343399867062e-08,-2.5967725747477743e-09,2.0027680695056915,9.0,2.0138518810272217,181.0,0.0500692017376422,0.7088819146156311,11584,1,1.0,11584,181.0,0.0,0.0139961028471589,0.0139961028471589,0.0
darcy,344,344,64,solver,solver_x_adv_training_target,0.4846552280068863,0.0075727379376075,132.05263515508935,loss1,"MSE(model(a_adv), model(a_clean).detach())",0,0,fixed clean model output; no solver in attack,binary_replace,binary_steepest_replace,1,0.0250519029796123,0.0250519029796123,0.0250519029796123,0.0250519029796123,0.0,6.037199682396022e-07,6.037199682396022e-07,1.8062747741964813e-08,1.4561557293291116e-08,-3.5011904486736967e-09,2.002076059579849,9.0,2.0134973526000977,181.0,0.0500519014894962,0.7084363698959351,11584,1,1.0,11584,181.0,0.0,0.0137443896383047,0.0137443896383047,0.0
darcy,345,345,64,solver,solver_x_adv_training_target,0.4784984219877515,0.0074765378435586,133.7517472557898,loss1,"MSE(model(a_adv), model(a_clean).detach())",0,0,fixed clean model output; no solver in attack,binary_replace,binary_steepest_replace,1,0.0250519029796123,0.0250519029796123,0.0250519029796123,0.0250519029796123,0.0,5.927928441451513e-07,5.927928441451513e-07,1.8478838015312252e-08,1.5216652826666177e-08,-3.2621851886460718e-09,2.0027680695056915,9.0,2.0138518810272217,181.0,0.0500692017376422,0.7100410461425781,11584,1,1.0,11584,181.0,0.0,0.0138027435168623,0.0138027435168623,0.0
darcy,346,346,64,solver,solver_x_adv_training_target,0.4782264669775031,0.0074722885465234,133.82780841155474,loss1,"MSE(model(a_adv), model(a_clean).detach())",0,0,fixed clean model output; no solver in attack,binary_replace,binary_steepest_replace,1,0.0250519029796123,0.0250519029796123,0.0250519029796123,0.0250519029796123,0.0,5.968948926238227e-07,5.968948926238227e-07,1.8463731876749992e-08,1.555799400421165e-08,-2.9057378725383387e-09,2.001730054616928,9.0,2.013327121734619,181.0,0.0500432513654232,0.7163213491439819,11584,1,1.0,11584,181.0,0.0,0.013762867078185,0.013762867078185,0.0
darcy,347,347,64,solver,solver_x_adv_training_target,0.5606720340147149,0.0087605005314799,114.1487288776032,loss1,"MSE(model(a_adv), model(a_clean).detach())",0,0,fixed clean model output; no solver in attack,binary_replace,binary_steepest_replace,1,0.0250519029796123,0.0250519029796123,0.0250519029796123,0.0250519029796123,0.0,5.872001338502741e-07,5.872001338502741e-07,1.998345666720525e-08,1.561264184601896e-08,-4.370814821186286e-09,2.001730054616928,9.0,2.0133256912231445,181.0,0.0500432513654232,0.7166738510131836,11584,1,1.0,11584,181.0,0.0,0.0138895520940423,0.0138895520940423,0.0
darcy,348,348,64,solver,solver_x_adv_training_target,0.4776928909996059,0.0074639514218688,133.9772921176941,loss1,"MSE(model(a_adv), model(a_clean).detach())",0,0,fixed clean model output; no solver in attack,binary_replace,binary_steepest_replace,1,0.0250519029796123,0.0250519029796123,0.0250519029796123,0.0250519029796123,0.0,5.98012491082045e-07,5.98012491082045e-07,1.8845673466216798e-08,1.5911673756363598e-08,-2.9339997098531967e-09,2.002595067024231,9.0,2.013765335083008,181.0,0.0500648766756057,0.7022707462310791,11584,1,1.0,11584,181.0,0.0,0.0138758448883891,0.0138758448883891,0.0
darcy,349,349,64,solver,solver_x_adv_training_target,0.5440419290098362,0.0085006551407786,117.63799182993284,loss1,"MSE(model(a_adv), model(a_clean).detach())",0,0,fixed clean model output; no solver in attack,binary_replace,binary_steepest_replace,1,0.0250519029796123,0.0250519029796123,0.0250519029796123,0.0250519029796123,0.0,6.093709998822305e-07,6.093709998822305e-07,1.7771835558733073e-08,1.609936894908515e-08,-1.6724666096479266e-09,2.001730054616928,9.0,2.013322353363037,181.0,0.0500432513654232,0.7103092074394226,11584,1,1.0,11584,181.0,0.0,0.0139636676758527,0.0139636676758527,0.0
darcy,350,350,64,solver,solver_x_adv_training_target,0.5353505630046129,0.008364852546947,119.54783355565188,loss1,"MSE(model(a_adv), model(a_clean).detach())",0,0,fixed clean model output; no solver in attack,binary_replace,binary_steepest_replace,1,0.0250519029796123,0.0250519029796123,0.0250519029796123,0.0250519029796123,0.0,5.812863719256711e-07,5.812863719256711e-07,1.7332968837990848e-08,1.5527135133197593e-08,-1.8058337047932582e-09,2.002941071987152,9.0,2.0139389038085938,181.0,0.0500735267996788,0.7064986824989319,11584,1,1.0,11584,181.0,0.0,0.0138037428259849,0.0138037428259849,0.0
darcy,351,351,64,solver,solver_x_adv_training_target,0.5506866619980428,0.0086044790937194,116.2185402635146,loss1,"MSE(model(a_adv), model(a_clean).detach())",0,0,fixed clean model output; no solver in attack,binary_replace,binary_steepest_replace,1,0.0250519029796123,0.0250519029796123,0.0250519029796123,0.0250519029796123,0.0,6.114765938036726e-07,6.114765938036726e-07,1.7747044722682404e-08,1.5212581416790272e-08,-2.5344633058921318e-09,2.0024220645427704,9.0,2.0136756896972656,181.0,0.0500605516135692,0.7010077834129333,11584,1,1.0,11584,181.0,0.0,0.0138122364878654,0.0138122364878654,0.0
darcy,352,352,64,solver,solver_x_adv_training_target,0.4782107799837831,0.0074720434372466,133.83219843385868,loss1,"MSE(model(a_adv), model(a_clean).detach())",0,0,fixed clean model output; no solver in attack,binary_replace,binary_steepest_replace,1,0.0250519029796123,0.0250519029796123,0.0250519029796123,0.0250519029796123,0.0,6.191590955495485e-07,6.191590955495485e-07,1.8519431321806223e-08,1.5192448188372513e-08,-3.326983133433714e-09,2.0019030570983887,9.0,2.0134096145629883,181.0,0.0500475764274597,0.7079065442085266,11584,1,1.0,11584,181.0,0.0,0.0138591723516583,0.0138591723516583,0.0
darcy,353,353,64,solver,solver_x_adv_training_target,0.4774464189831633,0.0074601002966119,134.046455173553,loss1,"MSE(model(a_adv), model(a_clean).detach())",0,0,fixed clean model output; no solver in attack,binary_replace,binary_steepest_replace,1,0.0250519029796123,0.0250519029796123,0.0250519029796123,0.0250519029796123,0.0,5.918397505411122e-07,5.918397505411122e-07,1.8306318239069697e-08,1.5283228904650062e-08,-3.023089334419637e-09,2.003806233406067,9.0,2.0143752098083496,181.0,0.0500951558351516,0.7116370797157288,11584,1,1.0,11584,181.0,0.0,0.0138884121552109,0.0138884121552109,0.0
darcy,354,354,64,solver,solver_x_adv_training_target,0.4778652460081503,0.0074666444688773,133.92896958844426,loss1,"MSE(model(a_adv), model(a_clean).detach())",0,0,fixed clean model output; no solver in attack,binary_replace,binary_steepest_replace,1,0.0250519029796123,0.0250519029796123,0.0250519029796123,0.0250519029796123,0.0,5.816355610477331e-07,5.816355610477331e-07,1.8545289748317373e-08,1.5456139479397283e-08,-3.089150268920093e-09,2.002941071987152,9.0,2.013939380645752,181.0,0.0500735267996788,0.7160294055938721,11584,1,1.0,11584,181.0,0.0,0.0137883173301815,0.0137883173301815,0.0
darcy,355,355,64,solver,solver_x_adv_training_target,0.4775758220057469,0.0074621222188397,134.01013420488832,loss1,"MSE(model(a_adv), model(a_clean).detach())",0,0,fixed clean model output; no solver in attack,binary_replace,binary_steepest_replace,1,0.0250519029796123,0.0250519029796123,0.0250519029796123,0.0250519029796123,0.0,5.969404242023302e-07,5.969404242023302e-07,1.820039052802258e-08,1.5509732165241985e-08,-2.6906583627805958e-09,2.003460079431534,9.0,2.0142009258270264,181.0,0.0500865019857883,0.709550142288208,11584,1,1.0,11584,181.0,0.0,0.0138601306825876,0.0138601306825876,0.0
darcy,356,356,64,solver,solver_x_adv_training_target,0.4772827469860203,0.0074575429216565,134.0924230011494,loss1,"MSE(model(a_adv), model(a_clean).detach())",0,0,fixed clean model output; no solver in attack,binary_replace,binary_steepest_replace,1,0.0250519029796123,0.0250519029796123,0.0250519029796123,0.0250519029796123,0.0,5.992757792228076e-07,5.992757792228076e-07,2.0083282592509025e-08,1.7404284236022253e-08,-2.678998356486772e-09,2.0019030570983887,9.0,2.013415575027466,181.0,0.0500475764274597,0.7089294791221619,11584,1,1.0,11584,181.0,0.0,0.0138102760538458,0.0138102760538458,0.0
darcy,357,357,64,solver,solver_x_adv_training_target,0.4896629159920849,0.0076509830623763,130.70215838243,loss1,"MSE(model(a_adv), model(a_clean).detach())",0,0,fixed clean model output; no solver in attack,binary_replace,binary_steepest_replace,1,0.0250519029796123,0.0250519029796123,0.0250519029796123,0.0250519029796123,0.0,6.018642579874722e-07,6.018642579874722e-07,1.9113857163688408e-08,1.7635146676298064e-08,-1.4787104873903443e-09,2.002595067024231,9.0,2.0137619972229004,181.0,0.0500648766756057,0.7132958173751831,11584,1,1.0,11584,181.0,0.0,0.0138340480625629,0.0138340480625629,0.0
darcy,358,358,64,solver,solver_x_adv_training_target,0.4780071650166064,0.0074688619533844,133.88920644688784,loss1,"MSE(model(a_adv), model(a_clean).detach())",0,0,fixed clean model output; no solver in attack,binary_replace,binary_steepest_replace,1,0.0250519029796123,0.0250519029796123,0.0250519029796123,0.0250519029796123,0.0,5.917833050261834e-07,5.917833050261834e-07,2.0523138744010797e-08,1.5743417236535606e-08,-4.7797215074751875e-09,2.0027680695056915,9.0,2.0138514041900635,181.0,0.0500692017376422,0.7131422758102417,11584,1,1.0,11584,181.0,0.0,0.01383937895298,0.01383937895298,0.0
darcy,359,359,64,solver,solver_x_adv_training_target,0.4780861930048559,0.0074700967657008,133.8670744656915,loss1,"MSE(model(a_adv), model(a_clean).detach())",0,0,fixed clean model output; no solver in attack,binary_replace,binary_steepest_replace,1,0.0250519029796123,0.0250519029796123,0.0250519029796123,0.0250519029796123,0.0,5.904995532546309e-07,5.904995532546309e-07,1.821339346008699e-08,1.5827675170498878e-08,-2.3857182895881124e-09,2.0024220645427704,9.0,2.013674736022949,181.0,0.0500605516135692,0.7114489674568176,11584,1,1.0,11584,181.0,0.0,0.0138327712193131,0.0138327712193131,0.0
darcy,360,360,64,solver,solver_x_adv_training_target,0.4782220740162302,0.0074722199065035,133.82903775752504,loss1,"MSE(model(a_adv), model(a_clean).detach())",0,0,fixed clean model output; no solver in attack,binary_replace,binary_steepest_replace,1,0.0250519029796123,0.0250519029796123,0.0250519029796123,0.0250519029796123,0.0,6.003249382047215e-07,6.003249382047215e-07,1.806653493474641e-08,1.4443751972237353e-08,-3.6227829625090635e-09,2.002941071987152,9.0,2.013937473297119,181.0,0.0500735267996788,0.7165851593017578,11584,1,1.0,11584,181.0,0.0,0.0139005156233906,0.0139005156233906,0.0
darcy,361,361,64,solver,solver_x_adv_training_target,0.4816288810106925,0.007525451265792,132.88239664053523,loss1,"MSE(model(a_adv), model(a_clean).detach())",0,0,fixed clean model output; no solver in attack,binary_replace,binary_steepest_replace,1,0.0250519029796123,0.0250519029796123,0.0250519029796123,0.0250519029796123,0.0,5.916214149692678e-07,5.916214149692678e-07,1.809222638371466e-08,1.4686325933155333e-08,-3.405900450559329e-09,2.0024220645427704,9.0,2.013676643371582,181.0,0.0500605516135692,0.7037564516067505,11584,1,1.0,11584,181.0,0.0,0.0138342082500457,0.0138342082500457,0.0
darcy,362,362,64,solver,solver_x_adv_training_target,0.4815541059942916,0.0075242829061608,132.90303042449537,loss1,"MSE(model(a_adv), model(a_clean).detach())",0,0,fixed clean model output; no solver in attack,binary_replace,binary_steepest_replace,1,0.0250519029796123,0.0250519029796123,0.0250519029796123,0.0250519029796123,0.0,5.711291350962711e-07,5.711291350962711e-07,1.8016500291651028e-08,1.4849456775323232e-08,-3.167043516327794e-09,2.0003460347652435,9.0,2.0126163959503174,181.0,0.050008650869131,0.713066577911377,11584,1,1.0,11584,181.0,0.0,0.0138488803058862,0.0138488803058862,0.0
darcy,363,363,64,solver,solver_x_adv_training_target,0.5355890569917392,0.0083685790154959,119.49459975801396,loss1,"MSE(model(a_adv), model(a_clean).detach())",0,0,fixed clean model output; no solver in attack,binary_replace,binary_steepest_replace,1,0.0250519029796123,0.0250519029796123,0.0250519029796123,0.0250519029796123,0.0,6.159419854157022e-07,6.159419854157022e-07,1.7749586689319585e-08,1.542897720696601e-08,-2.320609482353575e-09,2.0027680695056915,9.0,2.013852119445801,181.0,0.0500692017376422,0.7106509208679199,11584,1,1.0,11584,181.0,0.0,0.0139165464788675,0.0139165464788675,0.0
darcy,364,364,64,solver,solver_x_adv_training_target,0.4785115499980747,0.0074767429687199,133.74807776376034,loss1,"MSE(model(a_adv), model(a_clean).detach())",0,0,fixed clean model output; no solver in attack,binary_replace,binary_steepest_replace,1,0.0250519029796123,0.0250519029796123,0.0250519029796123,0.0250519029796123,0.0,5.953429536020849e-07,5.953429536020849e-07,1.7882774372424137e-08,1.5967568600672166e-08,-1.915205771751971e-09,2.002595067024231,9.0,2.0137619972229004,181.0,0.0500648766756057,0.7156769037246704,11584,1,1.0,11584,181.0,0.0,0.0138955786824226,0.0138955786824226,0.0
darcy,365,365,64,solver,solver_x_adv_training_target,0.4781382920045871,0.0074709108125716,133.8524880148817,loss1,"MSE(model(a_adv), model(a_clean).detach())",0,0,fixed clean model output; no solver in attack,binary_replace,binary_steepest_replace,1,0.0250519029796123,0.0250519029796123,0.0250519029796123,0.0250519029796123,0.0,5.923479307057278e-07,5.923479307057278e-07,1.803769578145875e-08,1.5780086570771346e-08,-2.2576092106874053e-09,2.003460079431534,9.0,2.0142009258270264,181.0,0.0500865019857883,0.702314019203186,11584,1,1.0,11584,181.0,0.0,0.0138524314388632,0.0138524314388632,0.0
darcy,366,366,64,solver,solver_x_adv_training_target,0.477014573989436,0.0074533527185849,134.16780846913358,loss1,"MSE(model(a_adv), model(a_clean).detach())",0,0,fixed clean model output; no solver in attack,binary_replace,binary_steepest_replace,1,0.0250519029796123,0.0250519029796123,0.0250519029796123,0.0250519029796123,0.0,6.121729256847175e-07,6.121729256847175e-07,1.9673116469220986e-08,1.5497892746907382e-08,-4.1752237223136035e-09,2.002595067024231,9.0,2.013760566711426,181.0,0.0500648766756057,0.7076210975646973,11584,1,1.0,11584,181.0,0.0,0.0138201229274272,0.0138201229274272,0.0
darcy,367,367,64,solver,solver_x_adv_training_target,0.4886588249937631,0.0076352941405275,130.97072379858656,loss1,"MSE(model(a_adv), model(a_clean).detach())",0,0,fixed clean model output; no solver in attack,binary_replace,binary_steepest_replace,1,0.0250519029796123,0.0250519029796123,0.0250519029796123,0.0250519029796123,0.0,5.863202545697277e-07,5.863202545697277e-07,2.0277735046647652e-08,1.7567010957009188e-08,-2.710724089638461e-09,2.000519037246704,9.0,2.0127041339874268,181.0,0.0500129759311676,0.7117928266525269,11584,1,1.0,11584,181.0,0.0,0.0139017254114151,0.0139017254114151,0.0
darcy,368,368,64,solver,solver_x_adv_training_target,0.4791085930191912,0.0074860717659248,133.58140708078767,loss1,"MSE(model(a_adv), model(a_clean).detach())",0,0,fixed clean model output; no solver in attack,binary_replace,binary_steepest_replace,1,0.0250519029796123,0.0250519029796123,0.0250519029796123,0.0250519029796123,0.0,5.907031095375714e-07,5.907031095375714e-07,2.0236816666852064e-08,1.714029451704846e-08,-3.096522149803604e-09,2.001038044691086,9.0,2.012955665588379,181.0,0.0500259511172771,0.7142019867897034,11584,1,1.0,11584,181.0,0.0,0.0138215292245149,0.0138215292245149,0.0
darcy,369,369,64,solver,solver_x_adv_training_target,0.4786040390026755,0.0074781881094168,133.72223129032602,loss1,"MSE(model(a_adv), model(a_clean).detach())",0,0,fixed clean model output; no solver in attack,binary_replace,binary_steepest_replace,1,0.0250519029796123,0.0250519029796123,0.0250519029796123,0.0250519029796123,0.0,6.037372486389359e-07,6.037372486389359e-07,1.8266849366455066e-08,1.6012970505130397e-08,-2.253878861324665e-09,2.000519037246704,9.0,2.0127105712890625,181.0,0.0500129759311676,0.7080990076065063,11584,1,1.0,11584,181.0,0.0,0.0137688918039202,0.0137688918039202,0.0
darcy,370,370,64,solver,solver_x_adv_training_target,0.4780032240087166,0.0074688003751361,133.89031032734815,loss1,"MSE(model(a_adv), model(a_clean).detach())",0,0,fixed clean model output; no solver in attack,binary_replace,binary_steepest_replace,1,0.0250519029796123,0.0250519029796123,0.0250519029796123,0.0250519029796123,0.0,5.791839612356853e-07,5.791839612356853e-07,1.974414054473073e-08,1.714334274538487e-08,-2.6007977993458553e-09,2.0031140744686127,9.0,2.014026641845703,181.0,0.0500778518617153,0.711864173412323,11584,1,1.0,11584,181.0,0.0,0.0138388723134994,0.0138388723134994,0.0
darcy,371,371,64,solver,solver_x_adv_training_target,0.4779696839977987,0.0074682763124656,133.8997056564256,loss1,"MSE(model(a_adv), model(a_clean).detach())",0,0,fixed clean model output; no solver in attack,binary_replace,binary_steepest_replace,1,0.0250519029796123,0.0250519029796123,0.0250519029796123,0.0250519029796123,0.0,6.030207373441954e-07,6.030207373441954e-07,1.850920661183864e-08,1.5191448099471927e-08,-3.3177585123667086e-09,2.0012110471725464,9.0,2.013042449951172,181.0,0.0500302761793136,0.7103546261787415,11584,1,1.0,11584,181.0,0.0,0.0139274653047323,0.0139274653047323,0.0
darcy,372,372,64,solver,solver_x_adv_training_target,0.5435349949984811,0.0084927342968512,117.74770822286952,loss1,"MSE(model(a_adv), model(a_clean).detach())",0,0,fixed clean model output; no solver in attack,binary_replace,binary_steepest_replace,1,0.0250519029796123,0.0250519029796123,0.0250519029796123,0.0250519029796123,0.0,5.849854005646193e-07,5.849854005646193e-07,1.9739347933978024e-08,1.5943706799248503e-08,-3.7956411347295216e-09,2.0015570521354675,9.0,2.0132408142089844,181.0,0.0500389263033866,0.7058715224266052,11584,1,1.0,11584,181.0,0.0,0.0138772213831543,0.0138772213831543,0.0
darcy,373,373,64,solver,solver_x_adv_training_target,0.4795393200183753,0.0074928018752871,133.46142292888018,loss1,"MSE(model(a_adv), model(a_clean).detach())",0,0,fixed clean model output; no solver in attack,binary_replace,binary_steepest_replace,1,0.0250519029796123,0.0250519029796123,0.0250519029796123,0.0250519029796123,0.0,6.036800641595619e-07,6.036800641595619e-07,1.7922648254398155e-08,1.5804875630465176e-08,-2.117772623932978e-09,2.002595067024231,9.0,2.0137648582458496,181.0,0.0500648766756057,0.7046388387680054,11584,1,1.0,11584,181.0,0.0,0.0138028422370553,0.0138028422370553,0.0
darcy,374,374,64,solver,solver_x_adv_training_target,0.4785697179904673,0.007477651843601,133.73182128768713,loss1,"MSE(model(a_adv), model(a_clean).detach())",0,0,fixed clean model output; no solver in attack,binary_replace,binary_steepest_replace,1,0.0250519029796123,0.0250519029796123,0.0250519029796123,0.0250519029796123,0.0,5.965621312498115e-07,5.965621312498115e-07,1.8289709302621304e-08,1.532406912474471e-08,-2.965640177876594e-09,2.001730054616928,9.0,2.013313770294189,181.0,0.0500432513654232,0.7190657258033752,11584,1,1.0,11584,181.0,0.0,0.0138404183089733,0.0138404183089733,0.0
darcy,375,375,64,solver,solver_x_adv_training_target,0.4784393469744827,0.0074756147964762,133.76826217308042,loss1,"MSE(model(a_adv), model(a_clean).detach())",0,0,fixed clean model output; no solver in attack,binary_replace,binary_steepest_replace,1,0.0250519029796123,0.0250519029796123,0.0250519029796123,0.0250519029796123,0.0,6.022378329362255e-07,6.022378329362255e-07,1.8022760173153077e-08,1.5606321568384374e-08,-2.4164386047687003e-09,2.00224906206131,9.0,2.0135860443115234,181.0,0.0500562265515327,0.7067387104034424,11584,1,1.0,11584,181.0,0.0,0.0138240745291113,0.0138240745291113,0.0
darcy,376,376,64,solver,solver_x_adv_training_target,0.4789062540221493,0.007482910219096,133.63784553341833,loss1,"MSE(model(a_adv), model(a_clean).detach())",0,0,fixed clean model output; no solver in attack,binary_replace,binary_steepest_replace,1,0.0250519029796123,0.0250519029796123,0.0250519029796123,0.0250519029796123,0.0,5.876415229977283e-07,5.876415229977283e-07,1.7795708018297773e-08,1.5264960850913667e-08,-2.530747167384106e-09,2.0027680695056915,9.0,2.0138518810272217,181.0,0.0500692017376422,0.7152443528175354,11584,1,1.0,11584,181.0,0.0,0.0138789787888526,0.0138789787888526,0.0
darcy,377,377,64,solver,solver_x_adv_training_target,0.4900154539791401,0.007656491468424,130.6081256831636,loss1,"MSE(model(a_adv), model(a_clean).detach())",0,0,fixed clean model output; no solver in attack,binary_replace,binary_steepest_replace,1,0.0250519029796123,0.0250519029796123,0.0250519029796123,0.0250519029796123,0.0,6.184362746353145e-07,6.184362746353145e-07,1.8245286170781583e-08,1.5952226206650266e-08,-2.293059964131316e-09,2.003287076950073,9.0,2.014113426208496,181.0,0.0500821769237518,0.7108455896377563,11584,1,1.0,11584,181.0,0.0,0.0138620836660265,0.0138620836660265,0.0
darcy,378,378,64,solver,solver_x_adv_training_target,0.477564465982141,0.0074619447809709,134.01332083696812,loss1,"MSE(model(a_adv), model(a_clean).detach())",0,0,fixed clean model output; no solver in attack,binary_replace,binary_steepest_replace,1,0.0250519029796123,0.0250519029796123,0.0250519029796123,0.0250519029796123,0.0,6.061052886252583e-07,6.061052886252583e-07,1.8595377682117945e-08,1.5444182821511276e-08,-3.151194860606665e-09,2.0019030570983887,9.0,2.0134057998657227,181.0,0.0500475764274597,0.7106422781944275,11584,1,1.0,11584,181.0,0.0,0.0138091137632727,0.0138091137632727,0.0
darcy,379,379,64,solver,solver_x_adv_training_target,0.4780737900000531,0.0074699029687508,133.87054747342015,loss1,"MSE(model(a_adv), model(a_clean).detach())",0,0,fixed clean model output; no solver in attack,binary_replace,binary_steepest_replace,1,0.0250519029796123,0.0250519029796123,0.0250519029796123,0.0250519029796123,0.0,5.959807367617032e-07,5.959807367617032e-07,1.785895165085094e-08,1.4278566773384682e-08,-3.580384877466258e-09,2.003287076950073,9.0,2.014113426208496,181.0,0.0500821769237518,0.7128589749336243,11584,1,1.0,11584,181.0,0.0,0.0138233890756964,0.0138233890756964,0.0
darcy,380,380,64,solver,solver_x_adv_training_target,0.5433468580013141,0.0084897946562705,117.7884790489489,loss1,"MSE(model(a_adv), model(a_clean).detach())",0,0,fixed clean model output; no solver in attack,binary_replace,binary_steepest_replace,1,0.0250519029796123,0.0250519029796123,0.0250519029796123,0.0250519029796123,0.0,6.023536798238638e-07,6.023536798238638e-07,1.7661061946228074e-08,1.4729188535511641e-08,-2.931873410716434e-09,2.0031140744686127,9.0,2.014026641845703,181.0,0.0500778518617153,0.7019874453544617,11584,1,1.0,11584,181.0,0.0,0.0138921393081545,0.0138921393081545,0.0
darcy,381,381,64,solver,solver_x_adv_training_target,0.4777256189845502,0.0074644627966335,133.9681136130775,loss1,"MSE(model(a_adv), model(a_clean).detach())",0,0,fixed clean model output; no solver in attack,binary_replace,binary_steepest_replace,1,0.0250519029796123,0.0250519029796123,0.0250519029796123,0.0250519029796123,0.0,5.771393603026809e-07,5.771393603026809e-07,1.8156249836920324e-08,1.516270842216727e-08,-2.9935414147530533e-09,2.001038044691086,9.0,2.01297378540039,181.0,0.0500259511172771,0.7081660628318787,11584,1,1.0,11584,181.0,0.0,0.0139053761959075,0.0139053761959075,0.0
darcy,382,382,64,solver,solver_x_adv_training_target,0.4780772110098041,0.0074699564220281,133.86958952680035,loss1,"MSE(model(a_adv), model(a_clean).detach())",0,0,fixed clean model output; no solver in attack,binary_replace,binary_steepest_replace,1,0.0250519029796123,0.0250519029796123,0.0250519029796123,0.0250519029796123,0.0,5.85126031182881e-07,5.85126031182881e-07,1.7793922779674176e-08,1.4755325850046574e-08,-3.0385969296276012e-09,2.001730054616928,9.0,2.013322353363037,181.0,0.0500432513654232,0.7091046571731567,11584,1,1.0,11584,181.0,0.0,0.0138137331232428,0.0138137331232428,0.0
darcy,383,383,64,solver,solver_x_adv_training_target,0.5509353579836898,0.0086083649684951,116.1660784202104,loss1,"MSE(model(a_adv), model(a_clean).detach())",0,0,fixed clean model output; no solver in attack,binary_replace,binary_steepest_replace,1,0.0250519029796123,0.0250519029796123,0.0250519029796123,0.0250519029796123,0.0,6.004159445183177e-07,6.004159445183177e-07,1.776674984910187e-08,1.4727587149820922e-08,-3.03916269928095e-09,2.0003460347652435,9.0,2.012624263763428,181.0,0.050008650869131,0.702445924282074,11584,1,1.0,11584,181.0,0.0,0.0137930000200867,0.0137930000200867,0.0
darcy,384,384,64,solver,solver_x_adv_training_target,0.4779401780106127,0.0074678152814158,133.90797205289334,loss1,"MSE(model(a_adv), model(a_clean).detach())",0,0,fixed clean model output; no solver in attack,binary_replace,binary_steepest_replace,1,0.0250519029796123,0.0250519029796123,0.0250519029796123,0.0250519029796123,0.0,5.89575734011305e-07,5.89575734011305e-07,1.820148654019249e-08,1.5019173460473212e-08,-3.182313079719279e-09,2.0024220645427704,9.0,2.013676643371582,181.0,0.0500605516135692,0.7188148498535156,11584,1,1.0,11584,181.0,0.0,0.0138063644990324,0.0138063644990324,0.0
darcy,385,385,64,solver,solver_x_adv_training_target,0.4776074670080561,0.0074626166720008,134.001255049307,loss1,"MSE(model(a_adv), model(a_clean).detach())",0,0,fixed clean model output; no solver in attack,binary_replace,binary_steepest_replace,1,0.0250519029796123,0.0250519029796123,0.0250519029796123,0.0250519029796123,0.0,5.821347031087498e-07,5.821347031087498e-07,1.7529689699813392e-08,1.4650479940314654e-08,-2.8792097594987354e-09,2.0019030570983887,9.0,2.0134084224700928,181.0,0.0500475764274597,0.7081941962242126,11584,1,1.0,11584,181.0,0.0,0.0138910915702581,0.0138910915702581,0.0
darcy,386,386,64,solver,solver_x_adv_training_target,0.5439118130016141,0.0084986220781502,117.66613349839136,loss1,"MSE(model(a_adv), model(a_clean).detach())",0,0,fixed clean model output; no solver in attack,binary_replace,binary_steepest_replace,1,0.0250519029796123,0.0250519029796123,0.0250519029796123,0.0250519029796123,0.0,5.982070092613867e-07,5.982070092613867e-07,1.7570890520346438e-08,1.4553708460596226e-08,-3.017182059750212e-09,2.002595067024231,9.0,2.013763189315796,181.0,0.0500648766756057,0.7135142683982849,11584,1,1.0,11584,181.0,0.0,0.0137235298752784,0.0137235298752784,0.0
darcy,387,387,64,solver,solver_x_adv_training_target,0.4872076969768386,0.0076126202652631,131.3608146938666,loss1,"MSE(model(a_adv), model(a_clean).detach())",0,0,fixed clean model output; no solver in attack,binary_replace,binary_steepest_replace,1,0.0250519029796123,0.0250519029796123,0.0250519029796123,0.0250519029796123,0.0,5.788092494185548e-07,5.788092494185548e-07,1.794679960198664e-08,1.4450581176106423e-08,-3.4962184258802154e-09,2.00224906206131,9.0,2.0135886669158936,181.0,0.0500562265515327,0.7069874405860901,11584,1,1.0,11584,181.0,0.0,0.0139225786551833,0.0139225786551833,0.0
darcy,388,388,64,solver,solver_x_adv_training_target,0.5502241469803266,0.0085972522965676,116.31623285026116,loss1,"MSE(model(a_adv), model(a_clean).detach())",0,0,fixed clean model output; no solver in attack,binary_replace,binary_steepest_replace,1,0.0250519029796123,0.0250519029796123,0.0250519029796123,0.0250519029796123,0.0,5.96496988691797e-07,5.96496988691797e-07,1.7987380473982743e-08,1.527904736065011e-08,-2.7083331133326283e-09,2.003460079431534,9.0,2.0142006874084477,181.0,0.0500865019857883,0.7100172638893127,11584,1,1.0,11584,181.0,0.0,0.0137521140277385,0.0137521140277385,0.0
darcy,389,389,64,solver,solver_x_adv_training_target,0.5445512849837542,0.0085086138278711,117.52795698922893,loss1,"MSE(model(a_adv), model(a_clean).detach())",0,0,fixed clean model output; no solver in attack,binary_replace,binary_steepest_replace,1,0.0250519029796123,0.0250519029796123,0.0250519029796123,0.0250519029796123,0.0,5.764669595009764e-07,5.764669595009764e-07,1.8080875463510893e-08,1.5796516095178962e-08,-2.284359368331934e-09,2.0024220645427704,9.0,2.013676166534424,181.0,0.0500605516135692,0.7108910083770752,11584,1,1.0,11584,181.0,0.0,0.0138091407716274,0.0138091407716274,0.0
darcy,390,390,64,solver,solver_x_adv_training_target,0.4782582240004558,0.0074727847500071,133.81892205566967,loss1,"MSE(model(a_adv), model(a_clean).detach())",0,0,fixed clean model output; no solver in attack,binary_replace,binary_steepest_replace,1,0.0250519029796123,0.0250519029796123,0.0250519029796123,0.0250519029796123,0.0,6.119273621152388e-07,6.119273621152388e-07,1.93613818311178e-08,1.6187101437026286e-08,-3.174280394091511e-09,2.003287076950073,9.0,2.01411247253418,181.0,0.0500821769237518,0.7080168724060059,11584,1,1.0,11584,181.0,0.0,0.0137203261256217,0.0137203261256217,0.0
darcy,391,391,64,solver,solver_x_adv_training_target,0.477678494004067,0.0074637264688135,133.9813301275713,loss1,"MSE(model(a_adv), model(a_clean).detach())",0,0,fixed clean model output; no solver in attack,binary_replace,binary_steepest_replace,1,0.0250519029796123,0.0250519029796123,0.0250519029796123,0.0250519029796123,0.0,5.882869800188928e-07,5.882869800188928e-07,1.862138709896044e-08,1.5620495119605948e-08,-3.000891979354492e-09,2.0027680695056915,9.0,2.013852119445801,181.0,0.0500692017376422,0.7096128463745117,11584,1,1.0,11584,181.0,0.0,0.0138611700385808,0.0138611700385808,0.0
darcy,392,392,64,solver,solver_x_adv_training_target,0.4776531539973803,0.007463330531209,133.98843797931042,loss1,"MSE(model(a_adv), model(a_clean).detach())",0,0,fixed clean model output; no solver in attack,binary_replace,binary_steepest_replace,1,0.0250519029796123,0.0250519029796123,0.0250519029796123,0.0250519029796123,0.0,5.796852065031999e-07,5.796852065031999e-07,1.9086010993873973e-08,1.6486161769080354e-08,-2.5998492247936156e-09,2.0036332309246063,9.0,2.0142879486083984,181.0,0.0500908307731151,0.7098594307899475,11584,1,1.0,11584,181.0,0.0,0.0137752583250403,0.0137752583250403,0.0
darcy,393,393,64,solver,solver_x_adv_training_target,0.5392949689994566,0.0084264838906165,118.6734601265388,loss1,"MSE(model(a_adv), model(a_clean).detach())",0,0,fixed clean model output; no solver in attack,binary_replace,binary_steepest_replace,1,0.0250519029796123,0.0250519029796123,0.0250519029796123,0.0250519029796123,0.0,6.109215746619157e-07,6.109215746619157e-07,1.9401483086767257e-08,1.5715343693045725e-08,-3.6861393937215325e-09,2.002941071987152,9.0,2.01393985748291,181.0,0.0500735267996788,0.7068274021148682,11584,1,1.0,11584,181.0,0.0,0.0138193909078836,0.0138193909078836,0.0
darcy,394,394,64,solver,solver_x_adv_training_target,0.5340586979873478,0.0083446671560523,119.8370146225316,loss1,"MSE(model(a_adv), model(a_clean).detach())",0,0,fixed clean model output; no solver in attack,binary_replace,binary_steepest_replace,1,0.0250519029796123,0.0250519029796123,0.0250519029796123,0.0250519029796123,0.0,5.817023520648945e-07,5.817023520648945e-07,1.91884588218727e-08,1.6196429086789976e-08,-2.992029735082724e-09,2.0006920397281647,9.0,2.0127875804901123,181.0,0.0500173009932041,0.71443772315979,11584,1,1.0,11584,181.0,0.0,0.0138508100062608,0.0138508100062608,0.0
darcy,395,395,64,solver,solver_x_adv_training_target,0.4787129310134332,0.0074798895470848,133.69181372333577,loss1,"MSE(model(a_adv), model(a_clean).detach())",0,0,fixed clean model output; no solver in attack,binary_replace,binary_steepest_replace,1,0.0250519029796123,0.0250519029796123,0.0250519029796123,0.0250519029796123,0.0,5.862548277946189e-07,5.862548277946189e-07,1.8645964772190385e-08,1.521486758804258e-08,-3.431097184147802e-09,2.0019030570983887,9.0,2.0134081840515137,181.0,0.0500475764274597,0.7103589773178101,11584,1,1.0,11584,181.0,0.0,0.013877966441214,0.013877966441214,0.0
darcy,396,396,64,solver,solver_x_adv_training_target,0.4785044809977989,0.0074766325155906,133.7500536390889,loss1,"MSE(model(a_adv), model(a_clean).detach())",0,0,fixed clean model output; no solver in attack,binary_replace,binary_steepest_replace,1,0.0250519029796123,0.0250519029796123,0.0250519029796123,0.0250519029796123,0.0,6.12015469414473e-07,6.12015469414473e-07,1.8533171441958984e-08,1.4839164563795748e-08,-3.694006878163236e-09,2.0031140744686127,9.0,2.014026641845703,181.0,0.0500778518617153,0.709145724773407,11584,1,1.0,11584,181.0,0.0,0.0138504123315215,0.0138504123315215,0.0
darcy,397,397,64,solver,solver_x_adv_training_target,0.4894829800177831,0.0076481715627778,130.75020503812993,loss1,"MSE(model(a_adv), model(a_clean).detach())",0,0,fixed clean model output; no solver in attack,binary_replace,binary_steepest_replace,1,0.0250519029796123,0.0250519029796123,0.0250519029796123,0.0250519029796123,0.0,6.067894560146669e-07,6.067894560146669e-07,1.7259166540384285e-08,1.4990133578862697e-08,-2.2690329615215887e-09,2.000865042209625,9.0,2.012877941131592,181.0,0.0500216260552406,0.7065073251724243,11584,1,1.0,11584,181.0,0.0,0.0138525571674108,0.0138525571674108,0.0
darcy,398,398,64,solver,solver_x_adv_training_target,0.4800023900170345,0.0075000373440161,133.3326694430183,loss1,"MSE(model(a_adv), model(a_clean).detach())",0,0,fixed clean model output; no solver in attack,binary_replace,binary_steepest_replace,1,0.0250519029796123,0.0250519029796123,0.0250519029796123,0.0250519029796123,0.0,5.885127620786079e-07,5.885127620786079e-07,1.8437109616797898e-08,1.6873208608103596e-08,-1.5639010086943015e-09,2.0019030570983887,9.0,2.0134057998657227,181.0,0.0500475764274597,0.7049978375434875,11584,1,1.0,11584,181.0,0.0,0.0138352075591683,0.0138352075591683,0.0
darcy,399,399,64,solver,solver_x_adv_training_target,0.4837375459901523,0.0075583991560961,132.3031477099834,loss1,"MSE(model(a_adv), model(a_clean).detach())",0,0,fixed clean model output; no solver in attack,binary_replace,binary_steepest_replace,1,0.0250519029796123,0.0250519029796123,0.0250519029796123,0.0250519029796123,0.0,5.924725883232895e-07,5.924725883232895e-07,1.7969570720310912e-08,1.5148799548114766e-08,-2.820771172196146e-09,2.002941071987152,9.0,2.013937473297119,181.0,0.0500735267996788,0.7081444263458252,11584,1,1.0,11584,181.0,0.0,0.0138390287756919,0.0138390287756919,0.0
darcy,400,400,64,solver,solver_x_adv_training_target,0.5373358259967063,0.0083958722811985,119.1061472241985,loss1,"MSE(model(a_adv), model(a_clean).detach())",0,0,fixed clean model output; no solver in attack,binary_replace,binary_steepest_replace,1,0.0250519029796123,0.0250519029796123,0.0250519029796123,0.0250519029796123,0.0,6.041248070687288e-07,6.041248070687288e-07,1.8159388659455544e-08,1.5125310781627377e-08,-3.0340778778281674e-09,2.002941071987152,9.0,2.0139389038085938,181.0,0.0500735267996788,0.7123183012008667,11584,1,1.0,11584,181.0,0.0,0.0138277960941195,0.0138277960941195,0.0
darcy,401,401,64,solver,solver_x_adv_training_target,0.5479038629855495,0.0085609978591492,116.808813230959,loss1,"MSE(model(a_adv), model(a_clean).detach())",0,0,fixed clean model output; no solver in attack,binary_replace,binary_steepest_replace,1,0.0250519029796123,0.0250519029796123,0.0250519029796123,0.0250519029796123,0.0,6.023313403602515e-07,6.023313403602515e-07,1.75848064998263e-08,1.4495922684432117e-08,-3.0888838153941833e-09,2.002941071987152,9.0,2.0139360427856445,181.0,0.0500735267996788,0.7129822373390198,11584,1,1.0,11584,181.0,0.0,0.0137765211984515,0.0137765211984515,0.0
darcy,402,402,64,solver,solver_x_adv_training_target,0.478982241009362,0.0074840975157712,133.61664487838303,loss1,"MSE(model(a_adv), model(a_clean).detach())",0,0,fixed clean model output; no solver in attack,binary_replace,binary_steepest_replace,1,0.0250519029796123,0.0250519029796123,0.0250519029796123,0.0250519029796123,0.0,5.977003638690803e-07,5.977003638690803e-07,1.7703683852232643e-08,1.5426994792733243e-08,-2.2766890594994042e-09,2.0027680695056915,9.0,2.01385235786438,181.0,0.0500692017376422,0.7075324058532715,11584,1,1.0,11584,181.0,0.0,0.0138013567775487,0.0138013567775487,0.0
darcy,403,403,64,solver,solver_x_adv_training_target,0.4929512169910595,0.0077023627654853,129.8302910999016,loss1,"MSE(model(a_adv), model(a_clean).detach())",0,0,fixed clean model output; no solver in attack,binary_replace,binary_steepest_replace,1,0.0250519029796123,0.0250519029796123,0.0250519029796123,0.0250519029796123,0.0,5.918710712649045e-07,5.918710712649045e-07,1.8227407139193023e-08,1.3779893670573529e-08,-4.4475134686194914e-09,2.0015570521354675,9.0,2.013237714767456,181.0,0.0500389263033866,0.7165203094482422,11584,1,1.0,11584,181.0,0.0,0.0137462196871638,0.0137462196871638,0.0
darcy,404,404,64,solver,solver_x_adv_training_target,0.4788271129946224,0.0074816736405409,133.65993333113275,loss1,"MSE(model(a_adv), model(a_clean).detach())",0,0,fixed clean model output; no solver in attack,binary_replace,binary_steepest_replace,1,0.0250519029796123,0.0250519029796123,0.0250519029796123,0.0250519029796123,0.0,5.859077418790548e-07,5.859077418790548e-07,1.79430692526239e-08,1.44566394411072e-08,-3.4864298115167003e-09,2.002941071987152,9.0,2.013939380645752,181.0,0.0500735267996788,0.7072469592094421,11584,1,1.0,11584,181.0,0.0,0.0138603178784251,0.0138603178784251,0.0
darcy,405,405,64,solver,solver_x_adv_training_target,0.4787313579872716,0.0074801774685511,133.68666775678733,loss1,"MSE(model(a_adv), model(a_clean).detach())",0,0,fixed clean model output; no solver in attack,binary_replace,binary_steepest_replace,1,0.0250519029796123,0.0250519029796123,0.0250519029796123,0.0250519029796123,0.0,5.887171141694125e-07,5.887171141694125e-07,1.707415364649023e-08,1.5643664141862246e-08,-1.430489504627985e-09,2.00224906206131,9.0,2.013590812683105,181.0,0.0500562265515327,0.7082763910293579,11584,1,1.0,11584,181.0,0.0,0.0138231692835688,0.0138231692835688,0.0
darcy,406,406,64,solver,solver_x_adv_training_target,0.4784661149897147,0.0074760330467142,133.76077844378963,loss1,"MSE(model(a_adv), model(a_clean).detach())",0,0,fixed clean model output; no solver in attack,binary_replace,binary_steepest_replace,1,0.0250519029796123,0.0250519029796123,0.0250519029796123,0.0250519029796123,0.0,6.032415171830507e-07,6.032415171830507e-07,1.863414134106733e-08,1.584449371705432e-08,-2.789647624013014e-09,2.003287076950073,9.0,2.014113187789917,181.0,0.0500821769237518,0.7094658017158508,11584,1,1.0,11584,181.0,0.0,0.0138544784858822,0.0138544784858822,0.0
darcy,407,407,64,solver,solver_x_adv_training_target,0.4826002510089893,0.0075406289220154,132.61493309668396,loss1,"MSE(model(a_adv), model(a_clean).detach())",0,0,fixed clean model output; no solver in attack,binary_replace,binary_steepest_replace,1,0.0250519029796123,0.0250519029796123,0.0250519029796123,0.0250519029796123,0.0,5.942682150816836e-07,5.942682150816836e-07,1.8608606211500955e-08,1.608952082676751e-08,-2.5190853847334438e-09,2.001730054616928,9.0,2.0133190155029297,181.0,0.0500432513654232,0.7127573490142822,11584,1,1.0,11584,181.0,0.0,0.0137932216748595,0.0137932216748595,0.0
darcy,408,408,64,solver,solver_x_adv_training_target,0.4790910180017818,0.0074857971562778,133.58630739297638,loss1,"MSE(model(a_adv), model(a_clean).detach())",0,0,fixed clean model output; no solver in attack,binary_replace,binary_steepest_replace,1,0.0250519029796123,0.0250519029796123,0.0250519029796123,0.0250519029796123,0.0,5.787641157439793e-07,5.787641157439793e-07,1.9952141272483462e-08,1.631770274457267e-08,-3.634438527910788e-09,2.001730054616928,9.0,2.0133256912231445,181.0,0.0500432513654232,0.7133974432945251,11584,1,1.0,11584,181.0,0.0,0.0139068299904465,0.0139068299904465,0.0
darcy,409,409,64,solver,solver_x_adv_training_target,0.5380921869946178,0.0084076904217909,118.93872750217083,loss1,"MSE(model(a_adv), model(a_clean).detach())",0,0,fixed clean model output; no solver in attack,binary_replace,binary_steepest_replace,1,0.0250519029796123,0.0250519029796123,0.0250519029796123,0.0250519029796123,0.0,6.059968882254907e-07,6.059968882254907e-07,1.8533398815634428e-08,1.4818360760671112e-08,-3.7150380549633155e-09,2.0012110471725464,9.0,2.0130577087402344,181.0,0.0500302761793136,0.7034169435501099,11584,1,1.0,11584,181.0,0.0,0.0138410879299044,0.0138410879299044,0.0
darcy,410,410,64,solver,solver_x_adv_training_target,0.5461215400137007,0.008533149062714,117.19003062650562,loss1,"MSE(model(a_adv), model(a_clean).detach())",0,0,fixed clean model output; no solver in attack,binary_replace,binary_steepest_replace,1,0.0250519029796123,0.0250519029796123,0.0250519029796123,0.0250519029796123,0.0,5.922570380789693e-07,5.922570380789693e-07,2.003329235833462e-08,1.6422333715127024e-08,-3.6109586432075957e-09,2.00224906206131,9.0,2.013589382171631,181.0,0.0500562265515327,0.7048075199127197,11584,1,1.0,11584,181.0,0.0,0.0138569669798016,0.0138569669798016,0.0
darcy,411,411,64,solver,solver_x_adv_training_target,0.4802851600106805,0.0075044556251668,133.25416924932009,loss1,"MSE(model(a_adv), model(a_clean).detach())",0,0,fixed clean model output; no solver in attack,binary_replace,binary_steepest_replace,1,0.0250519029796123,0.0250519029796123,0.0250519029796123,0.0250519029796123,0.0,5.953979780315422e-07,5.953979780315422e-07,1.8312503513584488e-08,1.5093316818592942e-08,-3.219186694991549e-09,2.003287076950073,9.0,2.01411247253418,181.0,0.0500821769237518,0.7065743803977966,11584,1,1.0,11584,181.0,0.0,0.013998988084495,0.013998988084495,0.0
darcy,412,412,64,solver,solver_x_adv_training_target,0.4784426479891408,0.0074756663748303,133.76733923906508,loss1,"MSE(model(a_adv), model(a_clean).detach())",0,0,fixed clean model output; no solver in attack,binary_replace,binary_steepest_replace,1,0.0250519029796123,0.0250519029796123,0.0250519029796123,0.0250519029796123,0.0,6.036881359250401e-07,6.036881359250401e-07,1.8538788282285168e-08,1.5364046035415413e-08,-3.174742246869755e-09,2.003287076950073,9.0,2.014113664627075,181.0,0.0500821769237518,0.704167366027832,11584,1,1.0,11584,181.0,0.0,0.0138189289718866,0.0138189289718866,0.0
darcy,413,413,64,solver,solver_x_adv_training_target,0.4788787869911175,0.0074824810467362,133.6455105938679,loss1,"MSE(model(a_adv), model(a_clean).detach())",0,0,fixed clean model output; no solver in attack,binary_replace,binary_steepest_replace,1,0.0250519029796123,0.0250519029796123,0.0250519029796123,0.0250519029796123,0.0,5.997486596243107e-07,5.997486596243107e-07,1.7579409927748202e-08,1.4860203734201605e-08,-2.719206193546597e-09,2.002941071987152,9.0,2.013939619064331,181.0,0.0500735267996788,0.7030493021011353,11584,1,1.0,11584,181.0,0.0,0.013768034055829,0.013768034055829,0.0
darcy,414,414,64,solver,solver_x_adv_training_target,0.4906796129944268,0.0076668689530379,130.43134115443047,loss1,"MSE(model(a_adv), model(a_clean).detach())",0,0,fixed clean model output; no solver in attack,binary_replace,binary_steepest_replace,1,0.0250519029796123,0.0250519029796123,0.0250519029796123,0.0250519029796123,0.0,5.753970526711782e-07,5.753970526711782e-07,1.7670242158374094e-08,1.4182131025108902e-08,-3.4881111332651926e-09,2.0019030570983887,9.0,2.0134119987487797,181.0,0.0500475764274597,0.7154173851013184,11584,1,1.0,11584,181.0,0.0,0.0137796122580766,0.0137796122580766,0.0
darcy,415,415,64,solver,solver_x_adv_training_target,0.4783518949989229,0.0074742483593581,133.79271759787656,loss1,"MSE(model(a_adv), model(a_clean).detach())",0,0,fixed clean model output; no solver in attack,binary_replace,binary_steepest_replace,1,0.0250519029796123,0.0250519029796123,0.0250519029796123,0.0250519029796123,0.0,6.124150786490645e-07,6.124150786490645e-07,1.9215502078395733e-08,1.5606724801386918e-08,-3.608777277008812e-09,2.0027680695056915,9.0,2.013852119445801,181.0,0.0500692017376422,0.714699387550354,11584,1,1.0,11584,181.0,0.0,0.0138549245893955,0.0138549245893955,0.0
darcy,416,416,64,solver,solver_x_adv_training_target,0.4784221030131448,0.0074753453595803,133.77308363665125,loss1,"MSE(model(a_adv), model(a_clean).detach())",0,0,fixed clean model output; no solver in attack,binary_replace,binary_steepest_replace,1,0.0250519029796123,0.0250519029796123,0.0250519029796123,0.0250519029796123,0.0,6.116284794188687e-07,6.116284794188687e-07,2.0500927178090933e-08,1.7518702932761698e-08,-2.9822242453292347e-09,2.002941071987152,9.0,2.0139379501342773,181.0,0.0500735267996788,0.7135769724845886,11584,1,1.0,11584,181.0,0.0,0.0139216547831892,0.0139216547831892,0.0
darcy,417,417,64,solver,solver_x_adv_training_target,0.4921079900232143,0.0076891873441127,130.0527552844263,loss1,"MSE(model(a_adv), model(a_clean).detach())",0,0,fixed clean model output; no solver in attack,binary_replace,binary_steepest_replace,1,0.0250519029796123,0.0250519029796123,0.0250519029796123,0.0250519029796123,0.0,6.093805495765992e-07,6.093805495765992e-07,1.9905185055790756e-08,1.7009636366083214e-08,-2.895548689707539e-09,2.002941071987152,9.0,2.013939142227173,181.0,0.0500735267996788,0.709303617477417,11584,1,1.0,11584,181.0,0.0,0.0137803768739104,0.0137803768739104,0.0
darcy,418,418,64,solver,solver_x_adv_training_target,0.5425139849830884,0.0084767810153607,117.96930912664868,loss1,"MSE(model(a_adv), model(a_clean).detach())",0,0,fixed clean model output; no solver in attack,binary_replace,binary_steepest_replace,1,0.0250519029796123,0.0250519029796123,0.0250519029796123,0.0250519029796123,0.0,5.912958727094519e-07,5.912958727094519e-07,2.180057556699921e-08,1.8178763383502883e-08,-3.621812183496331e-09,2.0024220645427704,9.0,2.013676166534424,181.0,0.0500605516135692,0.7137045860290527,11584,1,1.0,11584,181.0,0.0,0.0138735249638557,0.0138735249638557,0.0
darcy,419,419,64,solver,solver_x_adv_training_target,0.477706127014244,0.0074641582345975,133.97357994969087,loss1,"MSE(model(a_adv), model(a_clean).detach())",0,0,fixed clean model output; no solver in attack,binary_replace,binary_steepest_replace,1,0.0250519029796123,0.0250519029796123,0.0250519029796123,0.0250519029796123,0.0,5.905698685637617e-07,5.905698685637617e-07,2.483443672929297e-08,2.0585023463581823e-08,-4.249413265711155e-09,2.002076059579849,9.0,2.0134973526000977,181.0,0.0500519014894962,0.7095436453819275,11584,1,1.0,11584,181.0,0.0,0.0138740176334977,0.0138740176334977,0.0
darcy,420,420,64,solver,solver_x_adv_training_target,0.4781291100080125,0.0074707673438751,133.85505851950217,loss1,"MSE(model(a_adv), model(a_clean).detach())",0,0,fixed clean model output; no solver in attack,binary_replace,binary_steepest_replace,1,0.0250519029796123,0.0250519029796123,0.0250519029796123,0.0250519029796123,0.0,5.809096137454617e-07,5.809096137454617e-07,1.9297269560070163e-08,1.5869350278308048e-08,-3.427919281762115e-09,2.0031140744686127,9.0,2.014026641845703,181.0,0.0500778518617153,0.7060964107513428,11584,1,1.0,11584,181.0,0.0,0.0138176204636693,0.0138176204636693,0.0
darcy,421,421,64,solver,solver_x_adv_training_target,0.478668691997882,0.0074791983124669,133.70416964785153,loss1,"MSE(model(a_adv), model(a_clean).detach())",0,0,fixed clean model output; no solver in attack,binary_replace,binary_steepest_replace,1,0.0250519029796123,0.0250519029796123,0.0250519029796123,0.0250519029796123,0.0,6.098136964283185e-07,6.098136964283185e-07,1.9287613284291183e-08,1.565105556267099e-08,-3.6365577216201923e-09,2.0027680695056915,9.0,2.013852119445801,181.0,0.0500692017376422,0.7131163477897644,11584,1,1.0,11584,181.0,0.0,0.013791992329061,0.013791992329061,0.0
darcy,422,422,64,solver,solver_x_adv_training_target,0.478586709999945,0.0074779173437491,133.72707319851685,loss1,"MSE(model(a_adv), model(a_clean).detach())",0,0,fixed clean model output; no solver in attack,binary_replace,binary_steepest_replace,1,0.0250519029796123,0.0250519029796123,0.0250519029796123,0.0250519029796123,0.0,5.814928272229736e-07,5.814928272229736e-07,1.786528791569708e-08,1.4807127968197165e-08,-3.0581599474999166e-09,2.002595067024231,9.0,2.0137619972229004,181.0,0.0500648766756057,0.7079649567604065,11584,1,1.0,11584,181.0,0.0,0.0139056742191314,0.0139056742191314,0.0
darcy,423,423,64,solver,solver_x_adv_training_target,0.4781930370081682,0.0074717662032526,133.83716417206384,loss1,"MSE(model(a_adv), model(a_clean).detach())",0,0,fixed clean model output; no solver in attack,binary_replace,binary_steepest_replace,1,0.0250519029796123,0.0250519029796123,0.0250519029796123,0.0250519029796123,0.0,5.799070095235948e-07,5.799070095235948e-07,1.8245183142084898e-08,1.6110206502162328e-08,-2.13497663992257e-09,2.0003460347652435,9.0,2.012622594833374,181.0,0.050008650869131,0.7099913358688354,11584,1,1.0,11584,181.0,0.0,0.0138689605519175,0.0138689605519175,0.0
darcy,424,424,64,solver,solver_x_adv_training_target,0.4780329799978062,0.0074692653124657,133.88197609356095,loss1,"MSE(model(a_adv), model(a_clean).detach())",0,0,fixed clean model output; no solver in attack,binary_replace,binary_steepest_replace,1,0.0250519029796123,0.0250519029796123,0.0250519029796123,0.0250519029796123,0.0,5.999165750836255e-07,5.999165750836255e-07,1.9778850557372607e-08,1.6280703007964803e-08,-3.498147549407804e-09,2.0015570521354675,9.0,2.013240098953247,181.0,0.0500389263033866,0.7058801651000977,11584,1,1.0,11584,181.0,0.0,0.0137543231248855,0.0137543231248855,0.0
darcy,425,425,64,solver,solver_x_adv_training_target,0.4776351500186138,0.0074630492190408,133.99348853932938,loss1,"MSE(model(a_adv), model(a_clean).detach())",0,0,fixed clean model output; no solver in attack,binary_replace,binary_steepest_replace,1,0.0250519029796123,0.0250519029796123,0.0250519029796123,0.0250519029796123,0.0,6.076585918890487e-07,6.076585918890487e-07,2.1008851547321683e-08,1.933246984719972e-08,-1.676381700121965e-09,2.002595067024231,9.0,2.013763904571533,181.0,0.0500648766756057,0.7033477425575256,11584,1,1.0,11584,181.0,0.0,0.0139094516634941,0.0139094516634941,0.0
darcy,426,426,64,solver,solver_x_adv_training_target,0.4784421699878294,0.0074756589060598,133.76747288314496,loss1,"MSE(model(a_adv), model(a_clean).detach())",0,0,fixed clean model output; no solver in attack,binary_replace,binary_steepest_replace,1,0.0250519029796123,0.0250519029796123,0.0250519029796123,0.0250519029796123,0.0,5.83679138799198e-07,5.83679138799198e-07,1.8925867095731522e-08,1.6682889736330253e-08,-2.242977359401266e-09,2.0027680695056915,9.0,2.013852119445801,181.0,0.0500692017376422,0.71263188123703,11584,1,1.0,11584,181.0,0.0,0.0137145314365625,0.0137145314365625,0.0
darcy,427,427,64,solver,solver_x_adv_training_target,0.4851062659872696,0.007579785406051,131.92985637847755,loss1,"MSE(model(a_adv), model(a_clean).detach())",0,0,fixed clean model output; no solver in attack,binary_replace,binary_steepest_replace,1,0.0250519029796123,0.0250519029796123,0.0250519029796123,0.0250519029796123,0.0,6.17825548943074e-07,6.17825548943074e-07,1.7755411363395982e-08,1.4843807960573942e-08,-2.9116034028220383e-09,2.002076059579849,9.0,2.0134952068328857,181.0,0.0500519014894962,0.7038386464118958,11584,1,1.0,11584,181.0,0.0,0.0138531746342778,0.0138531746342778,0.0
darcy,428,428,64,solver,solver_x_adv_training_target,0.4788839800166897,0.0074825621877607,133.6440613398041,loss1,"MSE(model(a_adv), model(a_clean).detach())",0,0,fixed clean model output; no solver in attack,binary_replace,binary_steepest_replace,1,0.0250519029796123,0.0250519029796123,0.0250519029796123,0.0250519029796123,0.0,6.028566303939442e-07,6.028566303939442e-07,1.8583767413815625e-08,1.4783769763937473e-08,-3.799997649878151e-09,2.003287076950073,9.0,2.014113426208496,181.0,0.0500821769237518,0.7000475525856018,11584,1,1.0,11584,181.0,0.0,0.0138340964913368,0.0138340964913368,0.0
darcy,429,429,64,solver,solver_x_adv_training_target,0.5432974699942861,0.0084890229686607,117.79918651318788,loss1,"MSE(model(a_adv), model(a_clean).detach())",0,0,fixed clean model output; no solver in attack,binary_replace,binary_steepest_replace,1,0.0250519029796123,0.0250519029796123,0.0250519029796123,0.0250519029796123,0.0,6.001671977173828e-07,6.001671977173828e-07,1.743010891175345e-08,1.543522465397018e-08,-1.994884257783269e-09,2.001038044691086,9.0,2.012976884841919,181.0,0.0500259511172771,0.7143057584762573,11584,1,1.0,11584,181.0,0.0,0.0137462085112929,0.0137462085112929,0.0
darcy,430,430,64,solver,solver_x_adv_training_target,0.4782140959869139,0.0074720952497955,133.83127042275922,loss1,"MSE(model(a_adv), model(a_clean).detach())",0,0,fixed clean model output; no solver in attack,binary_replace,binary_steepest_replace,1,0.0250519029796123,0.0250519029796123,0.0250519029796123,0.0250519029796123,0.0,5.881730658074957e-07,5.881730658074957e-07,1.8577692273424876e-08,1.5291503174807985e-08,-3.2861890986168873e-09,2.002595067024231,9.0,2.0137617588043213,181.0,0.0500648766756057,0.7100259065628052,11584,1,1.0,11584,181.0,0.0,0.0138117177411913,0.0138117177411913,0.0
darcy,431,431,64,solver,solver_x_adv_training_target,0.4783606849960051,0.0074743857030625,133.79025912326904,loss1,"MSE(model(a_adv), model(a_clean).detach())",0,0,fixed clean model output; no solver in attack,binary_replace,binary_steepest_replace,1,0.0250519029796123,0.0250519029796123,0.0250519029796123,0.0250519029796123,0.0,5.859637326466327e-07,5.859637326466327e-07,1.9388526339980672e-08,1.6615214093462782e-08,-2.773312246517889e-09,2.002076059579849,9.0,2.013501644134521,181.0,0.0500519014894962,0.6993425488471985,11584,1,1.0,11584,181.0,0.0,0.0137726617977023,0.0137726617977023,0.0
darcy,432,432,64,solver,solver_x_adv_training_target,0.4776303060061764,0.0074629735313465,133.99484746927342,loss1,"MSE(model(a_adv), model(a_clean).detach())",0,0,fixed clean model output; no solver in attack,binary_replace,binary_steepest_replace,1,0.0250519029796123,0.0250519029796123,0.0250519029796123,0.0250519029796123,0.0,6.037165576344705e-07,6.037165576344705e-07,1.876673572098753e-08,1.6225362386990128e-08,-2.5413733339973987e-09,2.003806233406067,9.0,2.0143752098083496,181.0,0.0500951558351516,0.7076167464256287,11584,1,1.0,11584,181.0,0.0,0.0138719249516725,0.0138719249516725,0.0
darcy,433,433,64,solver,solver_x_adv_training_target,0.4772549560002517,0.0074571086875039,134.10023132366643,loss1,"MSE(model(a_adv), model(a_clean).detach())",0,0,fixed clean model output; no solver in attack,binary_replace,binary_steepest_replace,1,0.0250519029796123,0.0250519029796123,0.0250519029796123,0.0250519029796123,0.0,5.880655180590111e-07,5.880655180590111e-07,1.7323054990470155e-08,1.4502260725635097e-08,-2.820794264835058e-09,2.003460079431534,9.0,2.0142009258270264,181.0,0.0500865019857883,0.7107309699058533,11584,1,1.0,11584,181.0,0.0,0.0138719733804464,0.0138719733804464,0.0
darcy,434,434,64,solver,solver_x_adv_training_target,0.4811164879938587,0.007517445124904,133.02391748589778,loss1,"MSE(model(a_adv), model(a_clean).detach())",0,0,fixed clean model output; no solver in attack,binary_replace,binary_steepest_replace,1,0.0250519029796123,0.0250519029796123,0.0250519029796123,0.0250519029796123,0.0,6.052042635928956e-07,6.052042635928956e-07,1.763050327951987e-08,1.5188309276936707e-08,-2.442194002583164e-09,2.00224906206131,9.0,2.013589859008789,181.0,0.0500562265515327,0.7108585238456726,11584,1,1.0,11584,181.0,0.0,0.0138574223965406,0.0138574223965406,0.0
darcy,435,435,64,solver,solver_x_adv_training_target,0.5439836599980481,0.0084997446874695,117.650592667121,loss1,"MSE(model(a_adv), model(a_clean).detach())",0,0,fixed clean model output; no solver in attack,binary_replace,binary_steepest_replace,1,0.0250519029796123,0.0250519029796123,0.0250519029796123,0.0250519029796123,0.0,6.182482366057229e-07,6.182482366057229e-07,1.8098420540013652e-08,1.4098233691584028e-08,-4.000186848429621e-09,2.0031140744686127,9.0,2.014026403427124,181.0,0.0500778518617153,0.7118944525718689,11584,1,1.0,11584,181.0,0.0,0.0138683263212442,0.0138683263212442,0.0
darcy,436,436,64,solver,solver_x_adv_training_target,0.5469613310124259,0.0085462707970691,117.01009993071344,loss1,"MSE(model(a_adv), model(a_clean).detach())",0,0,fixed clean model output; no solver in attack,binary_replace,binary_steepest_replace,1,0.0250519029796123,0.0250519029796123,0.0250519029796123,0.0250519029796123,0.0,6.169390758259397e-07,6.169390758259397e-07,1.793190307353143e-08,1.4665566538951681e-08,-3.26633653457975e-09,2.00224906206131,9.0,2.0135903358459477,181.0,0.0500562265515327,0.7068901062011719,11584,1,1.0,11584,181.0,0.0,0.0137902814894914,0.0137902814894914,0.0
darcy,437,437,64,solver,solver_x_adv_training_target,0.4895558700081892,0.0076493104688779,130.73073763558267,loss1,"MSE(model(a_adv), model(a_clean).detach())",0,0,fixed clean model output; no solver in attack,binary_replace,binary_steepest_replace,1,0.0250519029796123,0.0250519029796123,0.0250519029796123,0.0250519029796123,0.0,5.925807045059628e-07,5.925807045059628e-07,1.9379443827460815e-08,1.589111242594754e-08,-3.4883314015132783e-09,2.002595067024231,9.0,2.013758659362793,181.0,0.0500648766756057,0.7069571614265442,11584,1,1.0,11584,181.0,0.0,0.0138742364943027,0.0138742364943027,0.0
darcy,438,438,64,solver,solver_x_adv_training_target,0.4783962419896852,0.0074749412810888,133.78031510828615,loss1,"MSE(model(a_adv), model(a_clean).detach())",0,0,fixed clean model output; no solver in attack,binary_replace,binary_steepest_replace,1,0.0250519029796123,0.0250519029796123,0.0250519029796123,0.0250519029796123,0.0,5.883315452592797e-07,5.883315452592797e-07,1.7525847439969766e-08,1.4180601581870178e-08,-3.345245858099588e-09,2.0027680695056915,9.0,2.0138509273529053,181.0,0.0500692017376422,0.7014208436012268,11584,1,1.0,11584,181.0,0.0,0.0138081321492791,0.0138081321492791,0.0
darcy,439,439,64,solver,solver_x_adv_training_target,0.4887515830050688,0.0076367434844542,130.94586744148972,loss1,"MSE(model(a_adv), model(a_clean).detach())",0,0,fixed clean model output; no solver in attack,binary_replace,binary_steepest_replace,1,0.0250519029796123,0.0250519029796123,0.0250519029796123,0.0250519029796123,0.0,6.029452492839482e-07,6.029452492839482e-07,1.810564320692265e-08,1.4738926523705233e-08,-3.366716683217419e-09,2.003460079431534,9.0,2.0142009258270264,181.0,0.0500865019857883,0.7079173922538757,11584,1,1.0,11584,181.0,0.0,0.0139056835323572,0.0139056835323572,0.0
darcy,440,440,64,solver,solver_x_adv_training_target,0.4811592969927005,0.0075181140155109,133.01208227713184,loss1,"MSE(model(a_adv), model(a_clean).detach())",0,0,fixed clean model output; no solver in attack,binary_replace,binary_steepest_replace,1,0.0250519029796123,0.0250519029796123,0.0250519029796123,0.0250519029796123,0.0,5.920883836552093e-07,5.920883836552093e-07,1.7993029288732032e-08,1.5518034857109342e-08,-2.47499443162269e-09,2.0019030570983887,9.0,2.013413429260254,181.0,0.0500475764274597,0.7123334407806396,11584,1,1.0,11584,181.0,0.0,0.013901200145483,0.013901200145483,0.0
darcy,441,441,64,solver,solver_x_adv_training_target,0.4791244349908083,0.0074863192967313,133.57699028902124,loss1,"MSE(model(a_adv), model(a_clean).detach())",0,0,fixed clean model output; no solver in attack,binary_replace,binary_steepest_replace,1,0.0250519029796123,0.0250519029796123,0.0250519029796123,0.0250519029796123,0.0,5.95018263993552e-07,5.95018263993552e-07,1.7322335565950198e-08,1.4626718503052416e-08,-2.695617062897781e-09,2.002941071987152,9.0,2.013939380645752,181.0,0.0500735267996788,0.7005817294120789,11584,1,1.0,11584,181.0,0.0,0.0138151114806532,0.0138151114806532,0.0
darcy,442,442,64,solver,solver_x_adv_training_target,0.4783841759781353,0.0074747527496583,133.78368937296358,loss1,"MSE(model(a_adv), model(a_clean).detach())",0,0,fixed clean model output; no solver in attack,binary_replace,binary_steepest_replace,1,0.0250519029796123,0.0250519029796123,0.0250519029796123,0.0250519029796123,0.0,5.87120950967801e-07,5.87120950967801e-07,1.7072512292770625e-08,1.4519421220882124e-08,-2.553091071888502e-09,2.002595067024231,9.0,2.013762950897217,181.0,0.0500648766756057,0.7100778222084045,11584,1,1.0,11584,181.0,0.0,0.0138422288000583,0.0138422288000583,0.0
darcy,443,443,64,solver,solver_x_adv_training_target,0.5426265330170281,0.008478539578391,117.94484070684324,loss1,"MSE(model(a_adv), model(a_clean).detach())",0,0,fixed clean model output; no solver in attack,binary_replace,binary_steepest_replace,1,0.0250519029796123,0.0250519029796123,0.0250519029796123,0.0250519029796123,0.0,6.099552365412819e-07,6.099552365412819e-07,1.811210026403387e-08,1.5466961045262906e-08,-2.6451392187709644e-09,2.0019030570983887,9.0,2.0134153366088867,181.0,0.0500475764274597,0.7084147930145264,11584,1,1.0,11584,181.0,0.0,0.0138070154935121,0.0138070154935121,0.0
darcy,444,444,64,solver,solver_x_adv_training_target,0.5367952829983551,0.0083874262968492,119.22608492853712,loss1,"MSE(model(a_adv), model(a_clean).detach())",0,0,fixed clean model output; no solver in attack,binary_replace,binary_steepest_replace,1,0.0250519029796123,0.0250519029796123,0.0250519029796123,0.0250519029796123,0.0,5.913553877689992e-07,5.913553877689992e-07,1.7818024389271162e-08,1.4689905292186722e-08,-3.128119097084436e-09,2.002941071987152,9.0,2.013939380645752,181.0,0.0500735267996788,0.7070220112800598,11584,1,1.0,11584,181.0,0.0,0.0137386955320835,0.0137386955320835,0.0
darcy,445,445,64,solver,solver_x_adv_training_target,0.4789978780027013,0.0074843418437922,133.6122829329926,loss1,"MSE(model(a_adv), model(a_clean).detach())",0,0,fixed clean model output; no solver in attack,binary_replace,binary_steepest_replace,1,0.0250519029796123,0.0250519029796123,0.0250519029796123,0.0250519029796123,0.0,5.946537839918165e-07,5.946537839918165e-07,1.7435901611406734e-08,1.4864377284595776e-08,-2.571524326810959e-09,2.003460079431534,9.0,2.0142009258270264,181.0,0.0500865019857883,0.7114338278770447,11584,1,1.0,11584,181.0,0.0,0.0138141140341758,0.0138141140341758,0.0
darcy,446,446,64,solver,solver_x_adv_training_target,0.5353206059953663,0.0083643844686776,119.55452355696164,loss1,"MSE(model(a_adv), model(a_clean).detach())",0,0,fixed clean model output; no solver in attack,binary_replace,binary_steepest_replace,1,0.0250519029796123,0.0250519029796123,0.0250519029796123,0.0250519029796123,0.0,5.905070565859205e-07,5.905070565859205e-07,1.823821449420393e-08,1.4861479158412294e-08,-3.376735335791636e-09,2.0015570521354675,9.0,2.0132408142089844,181.0,0.0500389263033866,0.7077530026435852,11584,1,1.0,11584,181.0,0.0,0.0138110062107443,0.0138110062107443,0.0
darcy,447,447,64,solver,solver_x_adv_training_target,0.5506309170159511,0.0086036080783742,116.2303060402727,loss1,"MSE(model(a_adv), model(a_clean).detach())",0,0,fixed clean model output; no solver in attack,binary_replace,binary_steepest_replace,1,0.0250519029796123,0.0250519029796123,0.0250519029796123,0.0250519029796123,0.0,5.933099487265281e-07,5.933099487265281e-07,1.770461111050281e-08,1.5029529620846915e-08,-2.675081489655895e-09,2.0036332309246063,9.0,2.0142879486083984,181.0,0.0500908307731151,0.7090268135070801,11584,1,1.0,11584,181.0,0.0,0.0137647716328501,0.0137647716328501,0.0
darcy,448,448,64,solver,solver_x_adv_training_target,0.4788301219814457,0.00748172065596,133.6590934069932,loss1,"MSE(model(a_adv), model(a_clean).detach())",0,0,fixed clean model output; no solver in attack,binary_replace,binary_steepest_replace,1,0.0250519029796123,0.0250519029796123,0.0250519029796123,0.0250519029796123,0.0,5.884601819161617e-07,5.884601819161617e-07,1.9085618419012466e-08,1.5756693727553284e-08,-3.328924691459178e-09,2.0015570521354675,9.0,2.0132312774658203,181.0,0.0500389263033866,0.7172880172729492,11584,1,1.0,11584,181.0,0.0,0.0138703556731343,0.0138703556731343,0.0
darcy,449,449,64,solver,solver_x_adv_training_target,0.5405848349910229,0.0084466380467347,118.39029853855,loss1,"MSE(model(a_adv), model(a_clean).detach())",0,0,fixed clean model output; no solver in attack,binary_replace,binary_steepest_replace,1,0.0250519029796123,0.0250519029796123,0.0250519029796123,0.0250519029796123,0.0,5.919656587138888e-07,5.919656587138888e-07,1.9816525309579447e-08,1.5859288993169685e-08,-3.957236316409762e-09,2.0027680695056915,9.0,2.0138487815856934,181.0,0.0500692017376422,0.7126016020774841,11584,1,1.0,11584,181.0,0.0,0.0138696422800421,0.0138696422800421,0.0
darcy,450,450,64,solver,solver_x_adv_training_target,0.4784897889767308,0.0074764029527614,133.75416043227696,loss1,"MSE(model(a_adv), model(a_clean).detach())",0,0,fixed clean model output; no solver in attack,binary_replace,binary_steepest_replace,1,0.0250519029796123,0.0250519029796123,0.0250519029796123,0.0250519029796123,0.0,5.854407163496944e-07,5.854407163496944e-07,1.7898454274245523e-08,1.5000704678413967e-08,-2.8977495958315558e-09,2.0015570521354675,9.0,2.0132336616516118,181.0,0.0500389263033866,0.7134774923324585,11584,1,1.0,11584,181.0,0.0,0.0137473028153181,0.0137473028153181,0.0
darcy,451,451,64,solver,solver_x_adv_training_target,0.4779244069941342,0.0074675688592833,133.91239087897327,loss1,"MSE(model(a_adv), model(a_clean).detach())",0,0,fixed clean model output; no solver in attack,binary_replace,binary_steepest_replace,1,0.0250519029796123,0.0250519029796123,0.0250519029796123,0.0250519029796123,0.0,5.730148586735595e-07,5.730148586735595e-07,1.6842930605776022e-08,1.4072375265072878e-08,-2.77055534070314e-09,2.0024220645427704,9.0,2.0136752128601074,181.0,0.0500605516135692,0.7103524804115295,11584,1,1.0,11584,181.0,0.0,0.0138300964608788,0.0138300964608788,0.0
darcy,452,452,64,solver,solver_x_adv_training_target,0.4786037570156622,0.0074781837033697,133.7223100776988,loss1,"MSE(model(a_adv), model(a_clean).detach())",0,0,fixed clean model output; no solver in attack,binary_replace,binary_steepest_replace,1,0.0250519029796123,0.0250519029796123,0.0250519029796123,0.0250519029796123,0.0,5.850502589055395e-07,5.850502589055395e-07,1.751715394959774e-08,1.4837103989862044e-08,-2.680049959735697e-09,2.003287076950073,9.0,2.014113426208496,181.0,0.0500821769237518,0.7085531949996948,11584,1,1.0,11584,181.0,0.0,0.013726282864809,0.013726282864809,0.0
darcy,453,453,64,solver,solver_x_adv_training_target,0.4784261159948073,0.0074754080624188,133.77196156385125,loss1,"MSE(model(a_adv), model(a_clean).detach())",0,0,fixed clean model output; no solver in attack,binary_replace,binary_steepest_replace,1,0.0250519029796123,0.0250519029796123,0.0250519029796123,0.0250519029796123,0.0,5.967350489299861e-07,5.967350489299861e-07,1.7820909192778345e-08,1.492961132498749e-08,-2.891297867790854e-09,2.003460079431534,9.0,2.0142006874084477,181.0,0.0500865019857883,0.7124480605125427,11584,1,1.0,11584,181.0,0.0,0.0138167580589652,0.0138167580589652,0.0
darcy,454,454,64,solver,solver_x_adv_training_target,0.4783831810054835,0.0074747372032106,133.78396762503738,loss1,"MSE(model(a_adv), model(a_clean).detach())",0,0,fixed clean model output; no solver in attack,binary_replace,binary_steepest_replace,1,0.0250519029796123,0.0250519029796123,0.0250519029796123,0.0250519029796123,0.0,5.982843163110374e-07,5.982843163110374e-07,1.7327172585623885e-08,1.6130080382481538e-08,-1.197092203142347e-09,2.0015570521354675,9.0,2.013234138488769,181.0,0.0500389263033866,0.7099848389625549,11584,1,1.0,11584,181.0,0.0,0.0139183877035975,0.0139183877035975,0.0
darcy,455,455,64,solver,solver_x_adv_training_target,0.4776341670076363,0.0074630338594943,133.99376430911147,loss1,"MSE(model(a_adv), model(a_clean).detach())",0,0,fixed clean model output; no solver in attack,binary_replace,binary_steepest_replace,1,0.0250519029796123,0.0250519029796123,0.0250519029796123,0.0250519029796123,0.0,6.012656967868679e-07,6.012656967868679e-07,1.863622323128311e-08,1.5460566160641065e-08,-3.175657070642046e-09,2.003287076950073,9.0,2.0141139030456543,181.0,0.0500821769237518,0.7095220685005188,11584,1,1.0,11584,181.0,0.0,0.0137778548523783,0.0137778548523783,0.0
darcy,456,456,64,solver,solver_x_adv_training_target,0.5397549850167707,0.008433671640887,118.57231850857563,loss1,"MSE(model(a_adv), model(a_clean).detach())",0,0,fixed clean model output; no solver in attack,binary_replace,binary_steepest_replace,1,0.0250519029796123,0.0250519029796123,0.0250519029796123,0.0250519029796123,0.0,5.956400173090515e-07,5.956400173090515e-07,1.7864362433783754e-08,1.4738168907513229e-08,-3.126193526270526e-09,2.003460079431534,9.0,2.0142006874084477,181.0,0.0500865019857883,0.7086743116378784,11584,1,1.0,11584,181.0,0.0,0.0139045659452676,0.0139045659452676,0.0
darcy,457,457,64,solver,solver_x_adv_training_target,0.4854476969921961,0.007585120265503,131.8370658601123,loss1,"MSE(model(a_adv), model(a_clean).detach())",0,0,fixed clean model output; no solver in attack,binary_replace,binary_steepest_replace,1,0.0250519029796123,0.0250519029796123,0.0250519029796123,0.0250519029796123,0.0,6.096107085795666e-07,6.096107085795666e-07,1.8629078724075043e-08,1.4429664574322489e-08,-4.199414149752556e-09,2.0006920397281647,9.0,2.012781143188477,181.0,0.0500173009932041,0.7121128439903259,11584,1,1.0,11584,181.0,0.0,0.0138475187122821,0.0138475187122821,0.0
darcy,458,458,64,solver,solver_x_adv_training_target,0.4790953999909106,0.0074858656248579,133.5850855616944,loss1,"MSE(model(a_adv), model(a_clean).detach())",0,0,fixed clean model output; no solver in attack,binary_replace,binary_steepest_replace,1,0.0250519029796123,0.0250519029796123,0.0250519029796123,0.0250519029796123,0.0,6.058420467525139e-07,6.058420467525139e-07,1.7091638326860448e-08,1.4175959073270404e-08,-2.9156792535900422e-09,2.002941071987152,9.0,2.0139360427856445,181.0,0.0500735267996788,0.7129670977592468,11584,1,1.0,11584,181.0,0.0,0.0139044318348169,0.0139044318348169,0.0
darcy,459,459,64,solver,solver_x_adv_training_target,0.5448199390084483,0.008512811547007,117.47000323901064,loss1,"MSE(model(a_adv), model(a_clean).detach())",0,0,fixed clean model output; no solver in attack,binary_replace,binary_steepest_replace,1,0.0250519029796123,0.0250519029796123,0.0250519029796123,0.0250519029796123,0.0,5.969248491055623e-07,5.969248491055623e-07,1.655322634519507e-08,1.4360179712014089e-08,-2.193046633180984e-09,2.00224906206131,9.0,2.013589859008789,181.0,0.0500562265515327,0.7128351926803589,11584,1,1.0,11584,181.0,0.0,0.0138497306033968,0.0138497306033968,0.0
darcy,460,460,64,solver,solver_x_adv_training_target,0.535248653992312,0.0083632602186298,119.5705949424382,loss1,"MSE(model(a_adv), model(a_clean).detach())",0,0,fixed clean model output; no solver in attack,binary_replace,binary_steepest_replace,1,0.0250519029796123,0.0250519029796123,0.0250519029796123,0.0250519029796123,0.0,5.868503194506047e-07,5.868503194506047e-07,1.6996159146742684e-08,1.509923563958182e-08,-1.8969235071608637e-09,2.003460079431534,9.0,2.0142006874084477,181.0,0.0500865019857883,0.7076773047447205,11584,1,1.0,11584,181.0,0.0,0.013818017207086,0.013818017207086,0.0
darcy,461,461,64,solver,solver_x_adv_training_target,0.5475145019881893,0.0085549140935654,116.89188097775823,loss1,"MSE(model(a_adv), model(a_clean).detach())",0,0,fixed clean model output; no solver in attack,binary_replace,binary_steepest_replace,1,0.0250519029796123,0.0250519029796123,0.0250519029796123,0.0250519029796123,0.0,5.917562475588056e-07,5.917562475588056e-07,1.847763719808881e-08,1.4927067581993473e-08,-3.5505696160953452e-09,2.003287076950073,9.0,2.014113187789917,181.0,0.0500821769237518,0.7120501399040222,11584,1,1.0,11584,181.0,0.0,0.0137470010668039,0.0137470010668039,0.0
darcy,462,462,64,solver,solver_x_adv_training_target,0.5414783540181816,0.008460599281534,118.19493711072896,loss1,"MSE(model(a_adv), model(a_clean).detach())",0,0,fixed clean model output; no solver in attack,binary_replace,binary_steepest_replace,1,0.0250519029796123,0.0250519029796123,0.0250519029796123,0.0250519029796123,0.0,5.858493068444659e-07,5.858493068444659e-07,1.950849615184325e-08,1.5480834392178622e-08,-4.027661759664625e-09,2.0027680695056915,9.0,2.01385235786438,181.0,0.0500692017376422,0.7043879628181458,11584,1,1.0,11584,181.0,0.0,0.0138911567628383,0.0138911567628383,0.0
darcy,463,463,64,solver,solver_x_adv_training_target,0.5529417679936159,0.0086397151249002,115.74455703035063,loss1,"MSE(model(a_adv), model(a_clean).detach())",0,0,fixed clean model output; no solver in attack,binary_replace,binary_steepest_replace,1,0.0250519029796123,0.0250519029796123,0.0250519029796123,0.0250519029796123,0.0,5.888684881938389e-07,5.888684881938389e-07,1.7476624591949985e-08,1.3923836306162231e-08,-3.5527882857877557e-09,2.001730054616928,9.0,2.0133213996887207,181.0,0.0500432513654232,0.7093598246574402,11584,1,1.0,11584,181.0,0.0,0.0138740940019488,0.0138740940019488,0.0
darcy,464,464,64,solver,solver_x_adv_training_target,0.4785821679979563,0.007477846374968,133.72834234031325,loss1,"MSE(model(a_adv), model(a_clean).detach())",0,0,fixed clean model output; no solver in attack,binary_replace,binary_steepest_replace,1,0.0250519029796123,0.0250519029796123,0.0250519029796123,0.0250519029796123,0.0,6.002989039188833e-07,6.002989039188833e-07,1.6712126793549942e-08,1.403570593083714e-08,-2.6764208627128024e-09,2.0024220645427704,9.0,2.013674736022949,181.0,0.0500605516135692,0.7053114175796509,11584,1,1.0,11584,181.0,0.0,0.0138663724064826,0.0138663724064826,0.0
darcy,465,465,64,solver,solver_x_adv_training_target,0.5548503939935472,0.0086695374061491,115.34640813599982,loss1,"MSE(model(a_adv), model(a_clean).detach())",0,0,fixed clean model output; no solver in attack,binary_replace,binary_steepest_replace,1,0.0250519029796123,0.0250519029796123,0.0250519029796123,0.0250519029796123,0.0,6.24085203071445e-07,6.24085203071445e-07,1.6841697814129475e-08,1.4836838424514552e-08,-2.004859389614921e-09,2.003806233406067,9.0,2.0143752098083496,181.0,0.0500951558351516,0.6985272169113159,11584,1,1.0,11584,181.0,0.0,0.0138736860826611,0.0138736860826611,0.0
darcy,466,466,64,solver,solver_x_adv_training_target,0.5520553159876727,0.0086258643123073,115.9304115847498,loss1,"MSE(model(a_adv), model(a_clean).detach())",0,0,fixed clean model output; no solver in attack,binary_replace,binary_steepest_replace,1,0.0250519029796123,0.0250519029796123,0.0250519029796123,0.0250519029796123,0.0,5.890370289307612e-07,5.890370289307612e-07,1.7702369348171487e-08,1.5245062101598705e-08,-2.457307246572782e-09,2.0012110471725464,9.0,2.0130615234375,181.0,0.0500302761793136,0.7095090746879578,11584,1,1.0,11584,181.0,0.0,0.0137429051101207,0.0137429051101207,0.0
darcy,467,467,64,solver,solver_x_adv_training_target,0.4945265540154651,0.0077269774064916,129.41671075159002,loss1,"MSE(model(a_adv), model(a_clean).detach())",0,0,fixed clean model output; no solver in attack,binary_replace,binary_steepest_replace,1,0.0250519029796123,0.0250519029796123,0.0250519029796123,0.0250519029796123,0.0,5.984563813399291e-07,5.984563813399291e-07,1.952560424456351e-08,1.6240035094483574e-08,-3.2855691500799367e-09,2.0027680695056915,9.0,2.0138516426086426,181.0,0.0500692017376422,0.6998291611671448,11584,1,1.0,11584,181.0,0.0,0.0138337900862097,0.0138337900862097,0.0
darcy,468,468,64,solver,solver_x_adv_training_target,0.4914452049997635,0.0076788313281213,130.22815025742452,loss1,"MSE(model(a_adv), model(a_clean).detach())",0,0,fixed clean model output; no solver in attack,binary_replace,binary_steepest_replace,1,0.0250519029796123,0.0250519029796123,0.0250519029796123,0.0250519029796123,0.0,5.916929239901947e-07,5.916929239901947e-07,1.8886739283630053e-08,1.6025877513925483e-08,-2.86086176970457e-09,2.0019030570983887,9.0,2.0134143829345703,181.0,0.0500475764274597,0.7123312950134277,11584,1,1.0,11584,181.0,0.0,0.0137400897219777,0.0137400897219777,0.0
darcy,469,469,64,solver,solver_x_adv_training_target,0.4782940549775958,0.0074733446090249,133.80889712918946,loss1,"MSE(model(a_adv), model(a_clean).detach())",0,0,fixed clean model output; no solver in attack,binary_replace,binary_steepest_replace,1,0.0250519029796123,0.0250519029796123,0.0250519029796123,0.0250519029796123,0.0,6.084910069148464e-07,6.084910069148464e-07,1.8383122579734845e-08,1.5039905321145852e-08,-3.343217258588993e-09,2.001730054616928,9.0,2.013324737548828,181.0,0.0500432513654232,0.7051383852958679,11584,1,1.0,11584,181.0,0.0,0.0137860020622611,0.0137860020622611,0.0
darcy,470,470,64,solver,solver_x_adv_training_target,0.4787789459805935,0.0074809210309467,133.67338003746332,loss1,"MSE(model(a_adv), model(a_clean).detach())",0,0,fixed clean model output; no solver in attack,binary_replace,binary_steepest_replace,1,0.0250519029796123,0.0250519029796123,0.0250519029796123,0.0250519029796123,0.0,5.980362516311288e-07,5.980362516311288e-07,1.7709687938349816e-08,1.539698857300209e-08,-2.3126993653477253e-09,2.00224906206131,9.0,2.0135903358459477,181.0,0.0500562265515327,0.7179649472236633,11584,1,1.0,11584,181.0,0.0,0.0139148291200399,0.0139148291200399,0.0
darcy,471,471,64,solver,solver_x_adv_training_target,0.5441153740102891,0.0085018027189107,117.62211298736392,loss1,"MSE(model(a_adv), model(a_clean).detach())",0,0,fixed clean model output; no solver in attack,binary_replace,binary_steepest_replace,1,0.0250519029796123,0.0250519029796123,0.0250519029796123,0.0250519029796123,0.0,6.009400408402144e-07,6.009400408402144e-07,1.7362346227400852e-08,1.5168559741596255e-08,-2.193786485804594e-09,2.002595067024231,9.0,2.0137643814086914,181.0,0.0500648766756057,0.7048161625862122,11584,1,1.0,11584,181.0,0.0,0.0138434031978249,0.0138434031978249,0.0
darcy,472,472,64,solver,solver_x_adv_training_target,0.4798717509838752,0.007497996109123,133.36896758098715,loss1,"MSE(model(a_adv), model(a_clean).detach())",0,0,fixed clean model output; no solver in attack,binary_replace,binary_steepest_replace,1,0.0250519029796123,0.0250519029796123,0.0250519029796123,0.0250519029796123,0.0,5.988135285406315e-07,5.988135285406315e-07,1.830172990935353e-08,1.45127927453359e-08,-3.788937164017625e-09,2.0019030570983887,9.0,2.0134084224700928,181.0,0.0500475764274597,0.7157503962516785,11584,1,1.0,11584,181.0,0.0,0.0138375498354434,0.0138375498354434,0.0
darcy,473,473,64,solver,solver_x_adv_training_target,0.5508672099967953,0.0086073001561999,116.18044936886392,loss1,"MSE(model(a_adv), model(a_clean).detach())",0,0,fixed clean model output; no solver in attack,binary_replace,binary_steepest_replace,1,0.0250519029796123,0.0250519029796123,0.0250519029796123,0.0250519029796123,0.0,6.074998850635893e-07,6.074998850635893e-07,1.762911416847146e-08,1.5191758961918822e-08,-2.4373552065526383e-09,2.0024220645427704,9.0,2.0136775970458984,181.0,0.0500605516135692,0.712515115737915,11584,1,1.0,11584,181.0,0.0,0.013826566748321,0.013826566748321,0.0
darcy,474,474,64,solver,solver_x_adv_training_target,0.4845594789949246,0.0075712418592956,132.07872877185085,loss1,"MSE(model(a_adv), model(a_clean).detach())",0,0,fixed clean model output; no solver in attack,binary_replace,binary_steepest_replace,1,0.0250519029796123,0.0250519029796123,0.0250519029796123,0.0250519029796123,0.0,5.922893251408823e-07,5.922893251408823e-07,1.7173547917082033e-08,1.4484124122304822e-08,-2.6894237947772126e-09,2.0024220645427704,9.0,2.0136775970458984,181.0,0.0500605516135692,0.6966976523399353,11584,1,1.0,11584,181.0,0.0,0.0138187715783715,0.0138187715783715,0.0
darcy,475,475,64,solver,solver_x_adv_training_target,0.4828492739761714,0.0075445199058776,132.546538742768,loss1,"MSE(model(a_adv), model(a_clean).detach())",0,0,fixed clean model output; no solver in attack,binary_replace,binary_steepest_replace,1,0.0250519029796123,0.0250519029796123,0.0250519029796123,0.0250519029796123,0.0,5.914636176385102e-07,5.914636176385102e-07,1.812877314932848e-08,1.501209823118188e-08,-3.1166749181466e-09,2.002595067024231,9.0,2.0137643814086914,181.0,0.0500648766756057,0.7191457152366638,11584,1,1.0,11584,181.0,0.0,0.0137531347572803,0.0137531347572803,0.0
darcy,476,476,64,solver,solver_x_adv_training_target,0.4834471519861836,0.0075538617497841,132.38261873518917,loss1,"MSE(model(a_adv), model(a_clean).detach())",0,0,fixed clean model output; no solver in attack,binary_replace,binary_steepest_replace,1,0.0250519029796123,0.0250519029796123,0.0250519029796123,0.0250519029796123,0.0,5.931895543653809e-07,5.931895543653809e-07,1.7537399088496386e-08,1.4304349704730155e-08,-3.233049383766229e-09,2.0024220645427704,9.0,2.0136756896972656,181.0,0.0500605516135692,0.7086915969848633,11584,1,1.0,11584,181.0,0.0,0.0137815587222576,0.0137815587222576,0.0
darcy,477,477,64,solver,solver_x_adv_training_target,0.4945198009954765,0.0077268718905543,129.41847802892207,loss1,"MSE(model(a_adv), model(a_clean).detach())",0,0,fixed clean model output; no solver in attack,binary_replace,binary_steepest_replace,1,0.0250519029796123,0.0250519029796123,0.0250519029796123,0.0250519029796123,0.0,6.025785523888771e-07,6.025785523888771e-07,1.7377942640450783e-08,1.4373108925269662e-08,-3.004833715181121e-09,2.0019030570983887,9.0,2.0134081840515137,181.0,0.0500475764274597,0.7083088159561157,11584,1,1.0,11584,181.0,0.0,0.0138188805431127,0.0138188805431127,0.0
darcy,478,478,64,solver,solver_x_adv_training_target,0.4840554200054612,0.0075633659375853,132.2162656484209,loss1,"MSE(model(a_adv), model(a_clean).detach())",0,0,fixed clean model output; no solver in attack,binary_replace,binary_steepest_replace,1,0.0250519029796123,0.0250519029796123,0.0250519029796123,0.0250519029796123,0.0,5.850988600286655e-07,5.850988600286655e-07,1.7145085351444322e-08,1.4705600293041245e-08,-2.439485058403079e-09,2.002076059579849,9.0,2.013499021530152,181.0,0.0500519014894962,0.7131401300430298,11584,1,1.0,11584,181.0,0.0,0.0138268088921904,0.0138268088921904,0.0
darcy,479,479,64,solver,solver_x_adv_training_target,0.4825514839903917,0.0075398669373498,132.628335262304,loss1,"MSE(model(a_adv), model(a_clean).detach())",0,0,fixed clean model output; no solver in attack,binary_replace,binary_steepest_replace,1,0.0250519029796123,0.0250519029796123,0.0250519029796123,0.0250519029796123,0.0,5.88749571761582e-07,5.88749571761582e-07,1.6765129728923966e-08,1.4716128760028369e-08,-2.049000968895598e-09,2.003287076950073,9.0,2.014113426208496,181.0,0.0500821769237518,0.7052119374275208,11584,1,1.0,11584,181.0,0.0,0.0138116749003529,0.0138116749003529,0.0
darcy,480,480,64,solver,solver_x_adv_training_target,0.4833874989999458,0.0075529296718741,132.39895556340645,loss1,"MSE(model(a_adv), model(a_clean).detach())",0,0,fixed clean model output; no solver in attack,binary_replace,binary_steepest_replace,1,0.0250519029796123,0.0250519029796123,0.0250519029796123,0.0250519029796123,0.0,5.759392252002726e-07,5.759392252002726e-07,1.7868639901053033e-08,1.5052894042355547e-08,-2.815745858697482e-09,2.0019030570983887,9.0,2.0134143829345703,181.0,0.0500475764274597,0.7137153744697571,11584,1,1.0,11584,181.0,0.0,0.0138112874701619,0.0138112874701619,0.0
darcy,481,481,64,solver,solver_x_adv_training_target,0.5401873700029682,0.0084404276562963,118.47740905095267,loss1,"MSE(model(a_adv), model(a_clean).detach())",0,0,fixed clean model output; no solver in attack,binary_replace,binary_steepest_replace,1,0.0250519029796123,0.0250519029796123,0.0250519029796123,0.0250519029796123,0.0,5.939705260971095e-07,5.939705260971095e-07,1.8108496036006727e-08,1.4898968281329417e-08,-3.20952775467731e-09,2.0024220645427704,9.0,2.0136752128601074,181.0,0.0500605516135692,0.7081314921379089,11584,1,1.0,11584,181.0,0.0,0.0139312949031591,0.0139312949031591,0.0
darcy,482,482,64,solver,solver_x_adv_training_target,0.4831476950203068,0.0075491827346922,132.46467003699576,loss1,"MSE(model(a_adv), model(a_clean).detach())",0,0,fixed clean model output; no solver in attack,binary_replace,binary_steepest_replace,1,0.0250519029796123,0.0250519029796123,0.0250519029796123,0.0250519029796123,0.0,5.957334678896586e-07,5.957334678896586e-07,1.997710619150439e-08,1.6471501496084784e-08,-3.5056046954196063e-09,2.00224906206131,9.0,2.013590812683105,181.0,0.0500562265515327,0.7103114128112793,11584,1,1.0,11584,181.0,0.0,0.0137500474229455,0.0137500474229455,0.0
darcy,483,483,64,solver,solver_x_adv_training_target,0.4824422310048248,0.0075381598594503,132.65837003261836,loss1,"MSE(model(a_adv), model(a_clean).detach())",0,0,fixed clean model output; no solver in attack,binary_replace,binary_steepest_replace,1,0.0250519029796123,0.0250519029796123,0.0250519029796123,0.0250519029796123,0.0,6.066302944418567e-07,6.066302944418567e-07,1.8189998840512093e-08,1.6180313977542937e-08,-2.009684862969152e-09,2.0019030570983887,9.0,2.0134081840515137,181.0,0.0500475764274597,0.7075843214988708,11584,1,1.0,11584,181.0,0.0,0.0139093194156885,0.0139093194156885,0.0
darcy,484,484,64,solver,solver_x_adv_training_target,0.4826199859962798,0.0075409372811918,132.60951029179577,loss1,"MSE(model(a_adv), model(a_clean).detach())",0,0,fixed clean model output; no solver in attack,binary_replace,binary_steepest_replace,1,0.0250519029796123,0.0250519029796123,0.0250519029796123,0.0250519029796123,0.0,6.044193128218467e-07,6.044193128218467e-07,1.8427542158860888e-08,1.631213741859483e-08,-2.115404740266058e-09,2.003460079431534,9.0,2.0142009258270264,181.0,0.0500865019857883,0.7054649591445923,11584,1,1.0,11584,181.0,0.0,0.0138891441747546,0.0138891441747546,0.0
darcy,485,485,64,solver,solver_x_adv_training_target,0.4824233520193957,0.007537864875303,132.66356143851615,loss1,"MSE(model(a_adv), model(a_clean).detach())",0,0,fixed clean model output; no solver in attack,binary_replace,binary_steepest_replace,1,0.0250519029796123,0.0250519029796123,0.0250519029796123,0.0250519029796123,0.0,5.76492027448694e-07,5.76492027448694e-07,1.7348581238252336e-08,1.4246656299121696e-08,-3.1019249391306403e-09,2.00224906206131,9.0,2.013589859008789,181.0,0.0500562265515327,0.7119441628456116,11584,1,1.0,11584,181.0,0.0,0.0137899033725261,0.0137899033725261,0.0
darcy,486,486,64,solver,solver_x_adv_training_target,0.4828953479882329,0.0075452398123161,132.53389221210622,loss1,"MSE(model(a_adv), model(a_clean).detach())",0,0,fixed clean model output; no solver in attack,binary_replace,binary_steepest_replace,1,0.0250519029796123,0.0250519029796123,0.0250519029796123,0.0250519029796123,0.0,5.984210247333976e-07,5.984210247333976e-07,1.800816562536056e-08,1.400560645237192e-08,-4.00255917298864e-09,2.003287076950073,9.0,2.014113426208496,181.0,0.0500821769237518,0.7110466957092285,11584,1,1.0,11584,181.0,0.0,0.0139178819954395,0.0139178819954395,0.0
darcy,487,487,64,solver,solver_x_adv_training_target,0.4892112539964728,0.0076439258436948,130.82282853709953,loss1,"MSE(model(a_adv), model(a_clean).detach())",0,0,fixed clean model output; no solver in attack,binary_replace,binary_steepest_replace,1,0.0250519029796123,0.0250519029796123,0.0250519029796123,0.0250519029796123,0.0,6.111338279879419e-07,6.111338279879419e-07,1.9263321604512385e-08,1.6421704884805877e-08,-2.841616719706508e-09,2.002595067024231,9.0,2.0137641429901123,181.0,0.0500648766756057,0.7038235068321228,11584,1,1.0,11584,181.0,0.0,0.0138017628341913,0.0138017628341913,0.0
darcy,488,488,64,solver,solver_x_adv_training_target,0.5504663570027333,0.0086010368281677,116.2650526881922,loss1,"MSE(model(a_adv), model(a_clean).detach())",0,0,fixed clean model output; no solver in attack,binary_replace,binary_steepest_replace,1,0.0250519029796123,0.0250519029796123,0.0250519029796123,0.0250519029796123,0.0,5.830383997817989e-07,5.830383997817989e-07,1.7155118214873255e-08,1.4997368680269574e-08,-2.1577495346036804e-09,2.0024220645427704,9.0,2.0136775970458984,181.0,0.0500605516135692,0.7003568410873413,11584,1,1.0,11584,181.0,0.0,0.0139030944555997,0.0139030944555997,0.0
darcy,489,489,64,solver,solver_x_adv_training_target,0.4823796699929517,0.0075371823436398,132.67557482456743,loss1,"MSE(model(a_adv), model(a_clean).detach())",0,0,fixed clean model output; no solver in attack,binary_replace,binary_steepest_replace,1,0.0250519029796123,0.0250519029796123,0.0250519029796123,0.0250519029796123,0.0,6.102832230681088e-07,6.102832230681088e-07,1.7940600116617134e-08,1.5499718841738286e-08,-2.4408812748788478e-09,2.0027680695056915,9.0,2.0138514041900635,181.0,0.0500692017376422,0.7122383117675781,11584,1,1.0,11584,181.0,0.0,0.0138828102499246,0.0138828102499246,0.0
darcy,490,490,64,solver,solver_x_adv_training_target,0.4787303429911844,0.0074801616092372,133.6869511970302,loss1,"MSE(model(a_adv), model(a_clean).detach())",0,0,fixed clean model output; no solver in attack,binary_replace,binary_steepest_replace,1,0.0250519029796123,0.0250519029796123,0.0250519029796123,0.0250519029796123,0.0,5.83307496526686e-07,5.83307496526686e-07,1.9138658657880118e-08,1.642053959471923e-08,-2.7181190631608843e-09,2.003460079431534,9.0,2.0142009258270264,181.0,0.0500865019857883,0.7132871747016907,11584,1,1.0,11584,181.0,0.0,0.0137930288910865,0.0137930288910865,0.0
darcy,491,491,64,solver,solver_x_adv_training_target,0.5425063970033079,0.0084766624531766,117.97095915093838,loss1,"MSE(model(a_adv), model(a_clean).detach())",0,0,fixed clean model output; no solver in attack,binary_replace,binary_steepest_replace,1,0.0250519029796123,0.0250519029796123,0.0250519029796123,0.0250519029796123,0.0,6.073365170777834e-07,6.073365170777834e-07,1.8378857546963445e-08,1.4620868071801853e-08,-3.757989475161594e-09,2.0019030570983887,9.0,2.0134103298187256,181.0,0.0500475764274597,0.7043684720993042,11584,1,1.0,11584,181.0,0.0,0.0137327136471867,0.0137327136471867,0.0
darcy,492,492,64,solver,solver_x_adv_training_target,0.4779991370160132,0.0074687365158752,133.891455117535,loss1,"MSE(model(a_adv), model(a_clean).detach())",0,0,fixed clean model output; no solver in attack,binary_replace,binary_steepest_replace,1,0.0250519029796123,0.0250519029796123,0.0250519029796123,0.0250519029796123,0.0,5.948984380665934e-07,5.948984380665934e-07,1.7392112638958682e-08,1.4186366747992452e-08,-3.2057458909662273e-09,2.0003460347652435,9.0,2.012606620788574,181.0,0.050008650869131,0.7147015333175659,11584,1,1.0,11584,181.0,0.0,0.0138512169942259,0.0138512169942259,0.0
darcy,493,493,64,solver,solver_x_adv_training_target,0.5361867210012861,0.008377917515645,119.36140432662168,loss1,"MSE(model(a_adv), model(a_clean).detach())",0,0,fixed clean model output; no solver in attack,binary_replace,binary_steepest_replace,1,0.0250519029796123,0.0250519029796123,0.0250519029796123,0.0250519029796123,0.0,6.079004606363014e-07,6.079004606363014e-07,1.7934990381718308e-08,1.5809249021003783e-08,-2.125741360714528e-09,2.003460079431534,9.0,2.0142006874084477,181.0,0.0500865019857883,0.7032785415649414,11584,1,1.0,11584,181.0,0.0,0.0138192484155297,0.0138192484155297,0.0
darcy,494,494,64,solver,solver_x_adv_training_target,0.5357742389896885,0.0083714724842138,119.45329831588217,loss1,"MSE(model(a_adv), model(a_clean).detach())",0,0,fixed clean model output; no solver in attack,binary_replace,binary_steepest_replace,1,0.0250519029796123,0.0250519029796123,0.0250519029796123,0.0250519029796123,0.0,5.932456019763777e-07,5.932456019763777e-07,2.0902700015312803e-08,1.7688220665945664e-08,-3.2144793493671382e-09,2.0027680695056915,9.0,2.0138518810272217,181.0,0.0500692017376422,0.7126556634902954,11584,1,1.0,11584,181.0,0.0,0.0138207469135522,0.0138207469135522,0.0
darcy,495,495,64,solver,solver_x_adv_training_target,0.4786693440109957,0.0074792085001718,133.70398752448585,loss1,"MSE(model(a_adv), model(a_clean).detach())",0,0,fixed clean model output; no solver in attack,binary_replace,binary_steepest_replace,1,0.0250519029796123,0.0250519029796123,0.0250519029796123,0.0250519029796123,0.0,5.962088494015916e-07,5.962088494015916e-07,1.7547199249179357e-08,1.4565658901233292e-08,-2.981540347946065e-09,2.0036332309246063,9.0,2.01428771018982,181.0,0.0500908307731151,0.7093793153762817,11584,1,1.0,11584,181.0,0.0,0.0139076132327318,0.0139076132327318,0.0
darcy,496,496,64,solver,solver_x_adv_training_target,0.4791929209895897,0.0074873893904623,133.5578995362295,loss1,"MSE(model(a_adv), model(a_clean).detach())",0,0,fixed clean model output; no solver in attack,binary_replace,binary_steepest_replace,1,0.0250519029796123,0.0250519029796123,0.0250519029796123,0.0250519029796123,0.0,6.011283062434813e-07,6.011283062434813e-07,1.8171087745599838e-08,1.4305984841200825e-08,-3.865102904399009e-09,2.003460079431534,9.0,2.0142009258270264,181.0,0.0500865019857883,0.7125626802444458,11584,1,1.0,11584,181.0,0.0,0.0138615304604172,0.0138615304604172,0.0
darcy,497,497,64,solver,solver_x_adv_training_target,0.4878437439911067,0.007622558499861,131.18954744896084,loss1,"MSE(model(a_adv), model(a_clean).detach())",0,0,fixed clean model output; no solver in attack,binary_replace,binary_steepest_replace,1,0.0250519029796123,0.0250519029796123,0.0250519029796123,0.0250519029796123,0.0,6.00078919887892e-07,6.00078919887892e-07,1.7270414431891368e-08,1.3915767205219254e-08,-3.354647226672114e-09,2.001730054616928,9.0,2.013323783874512,181.0,0.0500432513654232,0.7035596966743469,11584,1,1.0,11584,181.0,0.0,0.0137877650558948,0.0137877650558948,0.0
darcy,498,498,64,solver,solver_x_adv_training_target,0.4789957029861398,0.0074843078591584,133.61288963765904,loss1,"MSE(model(a_adv), model(a_clean).detach())",0,0,fixed clean model output; no solver in attack,binary_replace,binary_steepest_replace,1,0.0250519029796123,0.0250519029796123,0.0250519029796123,0.0250519029796123,0.0,5.918616352573736e-07,5.918616352573736e-07,1.9317985433531252e-08,1.7051156930847355e-08,-2.266828502683893e-09,2.0024220645427704,9.0,2.013674020767212,181.0,0.0500605516135692,0.7115311026573181,11584,1,1.0,11584,181.0,0.0,0.013908939436078,0.013908939436078,0.0
darcy,499,499,64,solver,solver_x_adv_training_target,0.4783590099832508,0.0074743595309882,133.79072760067982,loss1,"MSE(model(a_adv), model(a_clean).detach())",0,0,fixed clean model output; no solver in attack,binary_replace,binary_steepest_replace,1,0.0250519029796123,0.0250519029796123,0.0250519029796123,0.0250519029796123,0.0,5.904545332668931e-07,5.904545332668931e-07,2.1680653716771303e-08,1.8545373237088825e-08,-3.135280479682478e-09,2.003460079431534,9.0,2.0142009258270264,181.0,0.0500865019857883,0.7166067957878113,11584,1,1.0,11584,181.0,0.0,0.0138652045279741,0.0138652045279741,0.0
darcy,500,500,64,solver,solver_x_adv_training_target,0.4786581389780622,0.0074790334215322,133.70711743592275,loss1,"MSE(model(a_adv), model(a_clean).detach())",0,0,fixed clean model output; no solver in attack,binary_replace,binary_steepest_replace,1,0.0250519029796123,0.0250519029796123,0.0250519029796123,0.0250519029796123,0.0,5.990948466205737e-07,5.990948466205737e-07,2.0363717823101982e-08,1.7680305219869297e-08,-2.683412603232682e-09,2.003287076950073,9.0,2.014113664627075,181.0,0.0500821769237518,0.7044788002967834,11584,1,1.0,11584,181.0,0.0,0.0137213766574859,0.0137213766574859,0.0
darcy,501,501,64,solver,solver_x_adv_training_target,0.5419119189900812,0.00846737373422,118.10037343203632,loss1,"MSE(model(a_adv), model(a_clean).detach())",0,0,fixed clean model output; no solver in attack,binary_replace,binary_steepest_replace,1,0.0250519029796123,0.0250519029796123,0.0250519029796123,0.0250519029796123,0.0,5.918922170167207e-07,5.918922170167207e-07,2.6651372664332484e-08,2.3493468503943404e-08,-3.15790416038908e-09,2.0024220645427704,9.0,2.0136780738830566,181.0,0.0500605516135692,0.7111937403678894,11584,1,1.0,11584,181.0,0.0,0.0137989968061447,0.0137989968061447,0.0
darcy,502,502,64,solver,solver_x_adv_training_target,0.4782554630073719,0.0074727416094901,133.81969459910488,loss1,"MSE(model(a_adv), model(a_clean).detach())",0,0,fixed clean model output; no solver in attack,binary_replace,binary_steepest_replace,1,0.0250519029796123,0.0250519029796123,0.0250519029796123,0.0250519029796123,0.0,5.832889087287185e-07,5.832889087287185e-07,2.2448075398529e-08,2.0334638861641e-08,-2.113436536888002e-09,2.002941071987152,9.0,2.013939380645752,181.0,0.0500735267996788,0.7070934176445007,11584,1,1.0,11584,181.0,0.0,0.0137938922271132,0.0137938922271132,0.0
darcy,503,503,64,solver,solver_x_adv_training_target,0.4782661219942383,0.0074729081561599,133.81671219599997,loss1,"MSE(model(a_adv), model(a_clean).detach())",0,0,fixed clean model output; no solver in attack,binary_replace,binary_steepest_replace,1,0.0250519029796123,0.0250519029796123,0.0250519029796123,0.0250519029796123,0.0,5.857480687154748e-07,5.857480687154748e-07,2.001631926873415e-08,1.7552967079836893e-08,-2.463352188897261e-09,2.003460079431534,9.0,2.0142006874084477,181.0,0.0500865019857883,0.7100886702537537,11584,1,1.0,11584,181.0,0.0,0.0138466255739331,0.0138466255739331,0.0
darcy,504,504,64,solver,solver_x_adv_training_target,0.5433593739871867,0.0084899902185497,117.78576585578374,loss1,"MSE(model(a_adv), model(a_clean).detach())",0,0,fixed clean model output; no solver in attack,binary_replace,binary_steepest_replace,1,0.0250519029796123,0.0250519029796123,0.0250519029796123,0.0250519029796123,0.0,5.736242201237474e-07,5.736242201237474e-07,1.7134706098431707e-08,1.5153357679764667e-08,-1.9813484186670394e-09,2.000865042209625,9.0,2.012885332107544,181.0,0.0500216260552406,0.707435131072998,11584,1,1.0,11584,181.0,0.0,0.0139029221609234,0.0139029221609234,0.0
darcy,505,505,64,solver,solver_x_adv_training_target,0.5475735650106799,0.0085558369532918,116.87927264851024,loss1,"MSE(model(a_adv), model(a_clean).detach())",0,0,fixed clean model output; no solver in attack,binary_replace,binary_steepest_replace,1,0.0250519029796123,0.0250519029796123,0.0250519029796123,0.0250519029796123,0.0,6.067518825147999e-07,6.067518825147999e-07,1.8319505912245404e-08,1.5830281085982282e-08,-2.4892248262631256e-09,2.0036332309246063,9.0,2.0142879486083984,181.0,0.0500908307731151,0.7024913430213928,11584,1,1.0,11584,181.0,0.0,0.013890117406845,0.013890117406845,0.0
darcy,506,506,64,solver,solver_x_adv_training_target,0.4783405160123948,0.0074740705626936,133.7959003212298,loss1,"MSE(model(a_adv), model(a_clean).detach())",0,0,fixed clean model output; no solver in attack,binary_replace,binary_steepest_replace,1,0.0250519029796123,0.0250519029796123,0.0250519029796123,0.0250519029796123,0.0,5.935632998443907e-07,5.935632998443907e-07,2.5124686331423618e-08,2.1009517681136455e-08,-4.115168650287161e-09,2.002076059579849,9.0,2.013499021530152,181.0,0.0500519014894962,0.7034991383552551,11584,1,1.0,11584,181.0,0.0,0.0137994987890124,0.0137994987890124,0.0
darcy,507,507,64,solver,solver_x_adv_training_target,0.4929940339934546,0.0077030317811477,129.8190152152018,loss1,"MSE(model(a_adv), model(a_clean).detach())",0,0,fixed clean model output; no solver in attack,binary_replace,binary_steepest_replace,1,0.0250519029796123,0.0250519029796123,0.0250519029796123,0.0250519029796123,0.0,5.997636662868899e-07,5.997636662868899e-07,2.6768999461523894e-08,2.370065566026369e-08,-3.0683438012601982e-09,2.003287076950073,9.0,2.01411247253418,181.0,0.0500821769237518,0.7108023166656494,11584,1,1.0,11584,181.0,0.0,0.0138906175270676,0.0138906175270676,0.0
darcy,508,508,64,solver,solver_x_adv_training_target,0.4786716890230309,0.0074792451409848,133.70333250881,loss1,"MSE(model(a_adv), model(a_clean).detach())",0,0,fixed clean model output; no solver in attack,binary_replace,binary_steepest_replace,1,0.0250519029796123,0.0250519029796123,0.0250519029796123,0.0250519029796123,0.0,6.038166020516655e-07,6.038166020516655e-07,2.6653376394847328e-08,2.3347780597759996e-08,-3.305595797087335e-09,2.002595067024231,9.0,2.013763427734375,181.0,0.0500648766756057,0.7067106366157532,11584,1,1.0,11584,181.0,0.0,0.0138253793120384,0.0138253793120384,0.0
darcy,509,509,64,solver,solver_x_adv_training_target,0.4785482260049321,0.007477316031327,133.73782729128828,loss1,"MSE(model(a_adv), model(a_clean).detach())",0,0,fixed clean model output; no solver in attack,binary_replace,binary_steepest_replace,1,0.0250519029796123,0.0250519029796123,0.0250519029796123,0.0250519029796123,0.0,5.860786700395693e-07,5.860786700395693e-07,2.1517115200708762e-08,2.080958516614828e-08,-7.075300345604774e-10,2.0015570521354675,9.0,2.013235330581665,181.0,0.0500389263033866,0.7061266899108887,11584,1,1.0,11584,181.0,0.0,0.0137527361512184,0.0137527361512184,0.0
darcy,510,510,64,solver,solver_x_adv_training_target,0.4784688579966314,0.0074760759061973,133.76001160863552,loss1,"MSE(model(a_adv), model(a_clean).detach())",0,0,fixed clean model output; no solver in attack,binary_replace,binary_steepest_replace,1,0.0250519029796123,0.0250519029796123,0.0250519029796123,0.0250519029796123,0.0,5.948352281848202e-07,5.948352281848202e-07,2.0583698301379627e-08,1.879361377632449e-08,-1.7900845250551354e-09,2.0024220645427704,9.0,2.013671636581421,181.0,0.0500605516135692,0.7127746343612671,11584,1,1.0,11584,181.0,0.0,0.0139324963092803,0.0139324963092803,0.0
darcy,511,511,64,solver,solver_x_adv_training_target,0.5465678310138173,0.0085401223595908,117.09434102861071,loss1,"MSE(model(a_adv), model(a_clean).detach())",0,0,fixed clean model output; no solver in attack,binary_replace,binary_steepest_replace,1,0.0250519029796123,0.0250519029796123,0.0250519029796123,0.0250519029796123,0.0,5.970420033918344e-07,5.970420033918344e-07,1.883761413523644e-08,1.5632979355473253e-08,-3.204634779763182e-09,2.003287076950073,9.0,2.014113426208496,181.0,0.0500821769237518,0.7034645080566406,11584,1,1.0,11584,181.0,0.0,0.0138151245191693,0.0138151245191693,0.0
darcy,512,512,64,solver,solver_x_adv_training_target,0.4786879339953884,0.0074794989686779,133.69879509145213,loss1,"MSE(model(a_adv), model(a_clean).detach())",0,0,fixed clean model output; no solver in attack,binary_replace,binary_steepest_replace,1,0.0250519029796123,0.0250519029796123,0.0250519029796123,0.0250519029796123,0.0,6.009033768350491e-07,6.009033768350491e-07,1.9271009676913312e-08,1.6273640213171348e-08,-2.9973694637419604e-09,2.001730054616928,9.0,2.013310670852661,181.0,0.0500432513654232,0.7073355913162231,11584,1,1.0,11584,181.0,0.0,0.0138318985700607,0.0138318985700607,0.0
darcy,513,513,64,solver,solver_x_adv_training_target,0.4781872600142378,0.0074716759377224,133.8387810626624,loss1,"MSE(model(a_adv), model(a_clean).detach())",0,0,fixed clean model output; no solver in attack,binary_replace,binary_steepest_replace,1,0.0250519029796123,0.0250519029796123,0.0250519029796123,0.0250519029796123,0.0,5.815790018459666e-07,5.815790018459666e-07,1.7233404037142463e-08,1.3477941429584916e-08,-3.755462607557547e-09,2.0003460347652435,9.0,2.0126187801361084,181.0,0.050008650869131,0.7058845162391663,11584,1,1.0,11584,181.0,0.0,0.0138508062809705,0.0138508062809705,0.0
darcy,514,514,64,solver,solver_x_adv_training_target,0.5346858870179858,0.008354466984656,119.69644524738908,loss1,"MSE(model(a_adv), model(a_clean).detach())",0,0,fixed clean model output; no solver in attack,binary_replace,binary_steepest_replace,1,0.0250519029796123,0.0250519029796123,0.0250519029796123,0.0250519029796123,0.0,5.898247650293342e-07,5.898247650293342e-07,1.7558987153165617e-08,1.4856629704240733e-08,-2.7023574489248862e-09,2.0027680695056915,9.0,2.0138518810272217,181.0,0.0500692017376422,0.7012867331504822,11584,1,1.0,11584,181.0,0.0,0.0138580165803432,0.0138580165803432,0.0
darcy,515,515,64,solver,solver_x_adv_training_target,0.4782292839954607,0.007472332562429,133.82702009650978,loss1,"MSE(model(a_adv), model(a_clean).detach())",0,0,fixed clean model output; no solver in attack,binary_replace,binary_steepest_replace,1,0.0250519029796123,0.0250519029796123,0.0250519029796123,0.0250519029796123,0.0,5.761429520134698e-07,5.761429520134698e-07,1.945731753494329e-08,1.688255402143568e-08,-2.5747635135076044e-09,2.001384049654007,9.0,2.0131397247314453,181.0,0.0500346012413501,0.7100324034690857,11584,1,1.0,11584,181.0,0.0,0.0137324733659625,0.0137324733659625,0.0
darcy,516,516,64,solver,solver_x_adv_training_target,0.5499880429997575,0.0085935631718712,116.36616616414008,loss1,"MSE(model(a_adv), model(a_clean).detach())",0,0,fixed clean model output; no solver in attack,binary_replace,binary_steepest_replace,1,0.0250519029796123,0.0250519029796123,0.0250519029796123,0.0250519029796123,0.0,5.948080570306047e-07,5.948080570306047e-07,1.929081605567262e-08,1.6693117999011523e-08,-2.597698056661102e-09,2.0027680695056915,9.0,2.013847589492798,181.0,0.0500692017376422,0.7099761962890625,11584,1,1.0,11584,181.0,0.0,0.0137742226943373,0.0137742226943373,0.0
darcy,517,517,64,solver,solver_x_adv_training_target,0.4837298589991405,0.0075582790468615,132.30525015019532,loss1,"MSE(model(a_adv), model(a_clean).detach())",0,0,fixed clean model output; no solver in attack,binary_replace,binary_steepest_replace,1,0.0250519029796123,0.0250519029796123,0.0250519029796123,0.0250519029796123,0.0,5.991994953546964e-07,5.991994953546964e-07,1.8848751892619475e-08,1.6284536386024232e-08,-2.564215506595246e-09,2.0024220645427704,9.0,2.013678550720215,181.0,0.0500605516135692,0.7066219449043274,11584,1,1.0,11584,181.0,0.0,0.0138076776638627,0.0138076776638627,0.0
darcy,518,518,64,solver,solver_x_adv_training_target,0.4815527879982255,0.0075242623124722,132.90339417624935,loss1,"MSE(model(a_adv), model(a_clean).detach())",0,0,fixed clean model output; no solver in attack,binary_replace,binary_steepest_replace,1,0.0250519029796123,0.0250519029796123,0.0250519029796123,0.0250519029796123,0.0,5.924479182795039e-07,5.924479182795039e-07,1.6835208782595146e-08,1.4726797559205806e-08,-2.1084112233893393e-09,2.0027680695056915,9.0,2.013852119445801,181.0,0.0500692017376422,0.7068101167678833,11584,1,1.0,11584,181.0,0.0,0.0138502605259418,0.0138502605259418,0.0
darcy,519,519,64,solver,solver_x_adv_training_target,0.4782178089953959,0.007472153265553,133.8302313216783,loss1,"MSE(model(a_adv), model(a_clean).detach())",0,0,fixed clean model output; no solver in attack,binary_replace,binary_steepest_replace,1,0.0250519029796123,0.0250519029796123,0.0250519029796123,0.0250519029796123,0.0,5.950628292339388e-07,5.950628292339388e-07,1.7419321096667773e-08,1.4410687754207174e-08,-3.0086333424605982e-09,2.0019030570983887,9.0,2.0134119987487797,181.0,0.0500475764274597,0.707525908946991,11584,1,1.0,11584,181.0,0.0,0.0138514982536435,0.0138514982536435,0.0
darcy,520,520,64,solver,solver_x_adv_training_target,0.478028159996029,0.0074691899999379,133.88332603780424,loss1,"MSE(model(a_adv), model(a_clean).detach())",0,0,fixed clean model output; no solver in attack,binary_replace,binary_steepest_replace,1,0.0250519029796123,0.0250519029796123,0.0250519029796123,0.0250519029796123,0.0,5.99766508457833e-07,5.99766508457833e-07,1.692384188345386e-08,1.4045411944607622e-08,-2.8784299388462387e-09,2.002076059579849,9.0,2.013493061065674,181.0,0.0500519014894962,0.7127292156219482,11584,1,1.0,11584,181.0,0.0,0.0138213010504841,0.0138213010504841,0.0
darcy,521,521,64,solver,solver_x_adv_training_target,0.4818066870211623,0.0075282294847056,132.83335770138228,loss1,"MSE(model(a_adv), model(a_clean).detach())",0,0,fixed clean model output; no solver in attack,binary_replace,binary_steepest_replace,1,0.0250519029796123,0.0250519029796123,0.0250519029796123,0.0250519029796123,0.0,6.204713827173691e-07,6.204713827173691e-07,1.7981104605269138e-08,1.515598491153014e-08,-2.8251196937389973e-09,2.003460079431534,9.0,2.0142009258270264,181.0,0.0500865019857883,0.7081444263458252,11584,1,1.0,11584,181.0,0.0,0.0138073246926069,0.0138073246926069,0.0
darcy,522,522,64,solver,solver_x_adv_training_target,0.542483908997383,0.0084763110780841,117.97584949253996,loss1,"MSE(model(a_adv), model(a_clean).detach())",0,0,fixed clean model output; no solver in attack,binary_replace,binary_steepest_replace,1,0.0250519029796123,0.0250519029796123,0.0250519029796123,0.0250519029796123,0.0,5.842438213221612e-07,5.842438213221612e-07,1.9713697341217085e-08,1.6620898435348863e-08,-3.092798905868221e-09,2.001730054616928,9.0,2.01331090927124,181.0,0.0500432513654232,0.7114856839179993,11584,1,1.0,11584,181.0,0.0,0.0139490384608507,0.0139490384608507,0.0
darcy,523,523,64,solver,solver_x_adv_training_target,0.4786805220064707,0.0074793831563511,133.70086531144642,loss1,"MSE(model(a_adv), model(a_clean).detach())",0,0,fixed clean model output; no solver in attack,binary_replace,binary_steepest_replace,1,0.0250519029796123,0.0250519029796123,0.0250519029796123,0.0250519029796123,0.0,6.006241619616048e-07,6.006241619616048e-07,2.3850589059293273e-08,2.1180699860678945e-08,-2.669889198614328e-09,2.002076059579849,9.0,2.0134992599487305,181.0,0.0500519014894962,0.7079908847808838,11584,1,1.0,11584,181.0,0.0,0.0138812819495797,0.0138812819495797,0.0
darcy,524,524,64,solver,solver_x_adv_training_target,0.4790802329953294,0.007485628640552,133.58931467461304,loss1,"MSE(model(a_adv), model(a_clean).detach())",0,0,fixed clean model output; no solver in attack,binary_replace,binary_steepest_replace,1,0.0250519029796123,0.0250519029796123,0.0250519029796123,0.0250519029796123,0.0,5.820641604259436e-07,5.820641604259436e-07,2.2375436614652244e-08,1.9052905031458067e-08,-3.322531583194177e-09,2.002941071987152,9.0,2.01393461227417,181.0,0.0500735267996788,0.7156704068183899,11584,1,1.0,11584,181.0,0.0,0.0138002103194594,0.0138002103194594,0.0
darcy,525,525,64,solver,solver_x_adv_training_target,0.4787928340083454,0.0074811380313803,133.6695026619477,loss1,"MSE(model(a_adv), model(a_clean).detach())",0,0,fixed clean model output; no solver in attack,binary_replace,binary_steepest_replace,1,0.0250519029796123,0.0250519029796123,0.0250519029796123,0.0250519029796123,0.0,5.943453516010777e-07,5.943453516010777e-07,1.946684058395931e-08,1.6408259639888456e-08,-3.058580944070854e-09,2.0019030570983887,9.0,2.0134143829345703,181.0,0.0500475764274597,0.7142127752304077,11584,1,1.0,11584,181.0,0.0,0.0138350995257496,0.0138350995257496,0.0
darcy,526,526,64,solver,solver_x_adv_training_target,0.5395188060065266,0.0084299813438519,118.62422456359342,loss1,"MSE(model(a_adv), model(a_clean).detach())",0,0,fixed clean model output; no solver in attack,binary_replace,binary_steepest_replace,1,0.0250519029796123,0.0250519029796123,0.0250519029796123,0.0250519029796123,0.0,6.078233241169073e-07,6.078233241169073e-07,1.7592835632740392e-08,1.3919521535399326e-08,-3.6733140973410627e-09,2.0027680695056915,9.0,2.0138518810272217,181.0,0.0500692017376422,0.7129000425338745,11584,1,1.0,11584,181.0,0.0,0.0138655183836817,0.0138655183836817,0.0
darcy,527,527,64,solver,solver_x_adv_training_target,0.5579698960063979,0.0087182796250999,114.7015286273906,loss1,"MSE(model(a_adv), model(a_clean).detach())",0,0,fixed clean model output; no solver in attack,binary_replace,binary_steepest_replace,1,0.0250519029796123,0.0250519029796123,0.0250519029796123,0.0250519029796123,0.0,5.88937837164849e-07,5.88937837164849e-07,1.7244710548425246e-08,1.4465681097419749e-08,-2.779029451005499e-09,2.003460079431534,9.0,2.0142006874084477,181.0,0.0500865019857883,0.7086137533187866,11584,1,1.0,11584,181.0,0.0,0.0138270398601889,0.0138270398601889,0.0
darcy,528,528,64,solver,solver_x_adv_training_target,0.4797698509937618,0.0074964039217775,133.39729428065326,loss1,"MSE(model(a_adv), model(a_clean).detach())",0,0,fixed clean model output; no solver in attack,binary_replace,binary_steepest_replace,1,0.0250519029796123,0.0250519029796123,0.0250519029796123,0.0250519029796123,0.0,5.821533477501362e-07,5.821533477501362e-07,1.8197326312474612e-08,1.567448393302584e-08,-2.5228423794487753e-09,2.00224906206131,9.0,2.013582706451416,181.0,0.0500562265515327,0.7107006907463074,11584,1,1.0,11584,181.0,0.0,0.0138170178979635,0.0138170178979635,0.0
darcy,529,529,64,solver,solver_x_adv_training_target,0.4785768029978499,0.0074777625468414,133.72984147810342,loss1,"MSE(model(a_adv), model(a_clean).detach())",0,0,fixed clean model output; no solver in attack,binary_replace,binary_steepest_replace,1,0.0250519029796123,0.0250519029796123,0.0250519029796123,0.0250519029796123,0.0,6.042475320100493e-07,6.042475320100493e-07,2.0515106058383026e-08,1.6532117896872478e-08,-3.982988161510548e-09,2.0015570521354675,9.0,2.0132381916046143,181.0,0.0500389263033866,0.7090657353401184,11584,1,1.0,11584,181.0,0.0,0.0138695137575268,0.0138695137575268,0.0
darcy,530,530,64,solver,solver_x_adv_training_target,0.4778554770164192,0.0074664918283815,133.93170755224168,loss1,"MSE(model(a_adv), model(a_clean).detach())",0,0,fixed clean model output; no solver in attack,binary_replace,binary_steepest_replace,1,0.0250519029796123,0.0250519029796123,0.0250519029796123,0.0250519029796123,0.0,5.905924354010494e-07,5.905924354010494e-07,1.9722993016557663e-08,1.7053961798296772e-08,-2.6690312182608973e-09,2.00224906206131,9.0,2.0135905742645264,181.0,0.0500562265515327,0.7110856175422668,11584,1,1.0,11584,181.0,0.0,0.0138750048354268,0.0138750048354268,0.0
darcy,531,531,64,solver,solver_x_adv_training_target,0.4777048959804233,0.0074641389996941,133.97392519632615,loss1,"MSE(model(a_adv), model(a_clean).detach())",0,0,fixed clean model output; no solver in attack,binary_replace,binary_steepest_replace,1,0.0250519029796123,0.0250519029796123,0.0250519029796123,0.0250519029796123,0.0,5.992876594973495e-07,5.992876594973495e-07,2.02999732579201e-08,1.558606932405837e-08,-4.7139039338617295e-09,2.0027680695056915,9.0,2.0138516426086426,181.0,0.0500692017376422,0.7025064826011658,11584,1,1.0,11584,181.0,0.0,0.0138135245069861,0.0138135245069861,0.0
darcy,532,532,64,solver,solver_x_adv_training_target,0.4786409270018339,0.0074787644844036,133.71192555741223,loss1,"MSE(model(a_adv), model(a_clean).detach())",0,0,fixed clean model output; no solver in attack,binary_replace,binary_steepest_replace,1,0.0250519029796123,0.0250519029796123,0.0250519029796123,0.0250519029796123,0.0,5.898294830330997e-07,5.898294830330997e-07,1.799972615401657e-08,1.391966186758964e-08,-4.080064286426932e-09,2.001384049654007,9.0,2.013151168823242,181.0,0.0500346012413501,0.7044203877449036,11584,1,1.0,11584,181.0,0.0,0.0137820951640605,0.0137820951640605,0.0
darcy,533,533,64,solver,solver_x_adv_training_target,0.4786067530221771,0.0074782305159715,133.72147299608713,loss1,"MSE(model(a_adv), model(a_clean).detach())",0,0,fixed clean model output; no solver in attack,binary_replace,binary_steepest_replace,1,0.0250519029796123,0.0250519029796123,0.0250519029796123,0.0250519029796123,0.0,5.933062539043021e-07,5.933062539043021e-07,1.6900358446036993e-08,1.4818632543267542e-08,-2.081725902769449e-09,2.0024220645427704,9.0,2.0136775970458984,181.0,0.0500605516135692,0.7052854299545288,11584,1,1.0,11584,181.0,0.0,0.0138336298987269,0.0138336298987269,0.0
darcy,534,534,64,solver,solver_x_adv_training_target,0.4781191539950669,0.0074706117811729,133.857845821965,loss1,"MSE(model(a_adv), model(a_clean).detach())",0,0,fixed clean model output; no solver in attack,binary_replace,binary_steepest_replace,1,0.0250519029796123,0.0250519029796123,0.0250519029796123,0.0250519029796123,0.0,5.991749389977485e-07,5.991749389977485e-07,1.7324618184488827e-08,1.4880149556972812e-08,-2.4444686275160166e-09,2.0019030570983887,9.0,2.0134143829345703,181.0,0.0500475764274597,0.7062759399414062,11584,1,1.0,11584,181.0,0.0,0.0137816304340958,0.0137816304340958,0.0
darcy,535,535,64,solver,solver_x_adv_training_target,0.4783997870108578,0.0074749966720446,133.7793237741292,loss1,"MSE(model(a_adv), model(a_clean).detach())",0,0,fixed clean model output; no solver in attack,binary_replace,binary_steepest_replace,1,0.0250519029796123,0.0250519029796123,0.0250519029796123,0.0250519029796123,0.0,6.002783266012557e-07,6.002783266012557e-07,1.775300439987859e-08,1.5494496352630452e-08,-2.2585080472481422e-09,2.00224906206131,9.0,2.013590812683105,181.0,0.0500562265515327,0.7037845849990845,11584,1,1.0,11584,181.0,0.0,0.0137223340570926,0.0137223340570926,0.0
darcy,536,536,64,solver,solver_x_adv_training_target,0.5485779020236805,0.00857152971912,116.66528995044592,loss1,"MSE(model(a_adv), model(a_clean).detach())",0,0,fixed clean model output; no solver in attack,binary_replace,binary_steepest_replace,1,0.0250519029796123,0.0250519029796123,0.0250519029796123,0.0250519029796123,0.0,5.978289436825435e-07,5.978289436825435e-07,2.3487423561618925e-08,1.8972501791836294e-08,-4.5149217697826324e-09,2.0027680695056915,9.0,2.013850212097168,181.0,0.0500692017376422,0.7101902961730957,11584,1,1.0,11584,181.0,0.0,0.013817373663187,0.013817373663187,0.0
darcy,537,537,64,solver,solver_x_adv_training_target,0.492331532004755,0.0076926801875742,129.99370513481935,loss1,"MSE(model(a_adv), model(a_clean).detach())",0,0,fixed clean model output; no solver in attack,binary_replace,binary_steepest_replace,1,0.0250519029796123,0.0250519029796123,0.0250519029796123,0.0250519029796123,0.0,5.893627417208336e-07,5.893627417208336e-07,2.418651590119225e-08,2.142492050438705e-08,-2.761595396805205e-09,2.003460079431534,9.0,2.0142009258270264,181.0,0.0500865019857883,0.706351637840271,11584,1,1.0,11584,181.0,0.0,0.0138072967529296,0.0138072967529296,0.0
darcy,538,538,64,solver,solver_x_adv_training_target,0.4786500399932265,0.0074789068748941,133.7093798235255,loss1,"MSE(model(a_adv), model(a_clean).detach())",0,0,fixed clean model output; no solver in attack,binary_replace,binary_steepest_replace,1,0.0250519029796123,0.0250519029796123,0.0250519029796123,0.0250519029796123,0.0,6.076423915146734e-07,6.076423915146734e-07,1.9689906594067e-08,1.6218814735680098e-08,-3.4710918583868992e-09,2.001384049654007,9.0,2.013136386871338,181.0,0.0500346012413501,0.7101362347602844,11584,1,1.0,11584,181.0,0.0,0.0138125149533152,0.0138125149533152,0.0
darcy,539,539,64,solver,solver_x_adv_training_target,0.521417643991299,0.008147150687364,122.7422983044816,loss1,"MSE(model(a_adv), model(a_clean).detach())",0,0,fixed clean model output; no solver in attack,binary_replace,binary_steepest_replace,1,0.0250519029796123,0.0250519029796123,0.0250519029796123,0.0250519029796123,0.0,5.931935334047012e-07,5.931935334047012e-07,2.1052956711287152e-08,1.9113961968741933e-08,-1.938994742545219e-09,2.0027680695056915,9.0,2.013850212097168,181.0,0.0500692017376422,0.7045415043830872,11584,1,1.0,11584,181.0,0.0,0.0138781564310193,0.0138781564310193,0.0
darcy,540,540,64,solver,solver_x_adv_training_target,0.4780291439965367,0.0074692053749458,133.8830504452751,loss1,"MSE(model(a_adv), model(a_clean).detach())",0,0,fixed clean model output; no solver in attack,binary_replace,binary_steepest_replace,1,0.0250519029796123,0.0250519029796123,0.0250519029796123,0.0250519029796123,0.0,5.869559345228481e-07,5.869559345228481e-07,2.029878842790822e-08,1.6459704710314327e-08,-3.839083717593894e-09,2.002076059579849,9.0,2.013499975204468,181.0,0.0500519014894962,0.7051102519035339,11584,1,1.0,11584,181.0,0.0,0.0137474685907363,0.0137474685907363,0.0
darcy,541,541,64,solver,solver_x_adv_training_target,0.4810167970135808,0.0075158874533372,133.05148676168383,loss1,"MSE(model(a_adv), model(a_clean).detach())",0,0,fixed clean model output; no solver in attack,binary_replace,binary_steepest_replace,1,0.0250519029796123,0.0250519029796123,0.0250519029796123,0.0250519029796123,0.0,5.813959660372348e-07,5.813959660372348e-07,1.7965344767389982e-08,1.5637393602219163e-08,-2.327951165170816e-09,2.003460079431534,9.0,2.0142009258270264,181.0,0.0500865019857883,0.7109450697898865,11584,1,1.0,11584,181.0,0.0,0.0137137491255998,0.0137137491255998,0.0
darcy,542,542,64,solver,solver_x_adv_training_target,0.5402218580129556,0.0084409665314524,118.4698453990826,loss1,"MSE(model(a_adv), model(a_clean).detach())",0,0,fixed clean model output; no solver in attack,binary_replace,binary_steepest_replace,1,0.0250519029796123,0.0250519029796123,0.0250519029796123,0.0250519029796123,0.0,6.056958454792039e-07,6.056958454792039e-07,1.7571158750229188e-08,1.4353736865757584e-08,-3.217421884471605e-09,2.003287076950073,9.0,2.0141139030456543,181.0,0.0500821769237518,0.7099221348762512,11584,1,1.0,11584,181.0,0.0,0.013887227512896,0.013887227512896,0.0
darcy,543,543,64,solver,solver_x_adv_training_target,0.4783101769862696,0.0074735965154104,133.80438694248645,loss1,"MSE(model(a_adv), model(a_clean).detach())",0,0,fixed clean model output; no solver in attack,binary_replace,binary_steepest_replace,1,0.0250519029796123,0.0250519029796123,0.0250519029796123,0.0250519029796123,0.0,5.766922868133406e-07,5.766922868133406e-07,1.7709860244963238e-08,1.4165797423970616e-08,-3.5440628209926213e-09,2.0015570521354675,9.0,2.013234138488769,181.0,0.0500389263033866,0.7113862037658691,11584,1,1.0,11584,181.0,0.0,0.0138535415753722,0.0138535415753722,0.0
darcy,544,544,64,solver,solver_x_adv_training_target,0.4790292209945619,0.00748483157804,133.60354065065803,loss1,"MSE(model(a_adv), model(a_clean).detach())",0,0,fixed clean model output; no solver in attack,binary_replace,binary_steepest_replace,1,0.0250519029796123,0.0250519029796123,0.0250519029796123,0.0250519029796123,0.0,5.985717166367976e-07,5.985717166367976e-07,1.658418113947846e-08,1.3867294867964121e-08,-2.71688627151434e-09,2.0036332309246063,9.0,2.0142879486083984,181.0,0.0500908307731151,0.706455409526825,11584,1,1.0,11584,181.0,0.0,0.0139094637706875,0.0139094637706875,0.0
darcy,545,545,64,solver,solver_x_adv_training_target,0.5475190180004574,0.0085549846562571,116.89091683742488,loss1,"MSE(model(a_adv), model(a_clean).detach())",0,0,fixed clean model output; no solver in attack,binary_replace,binary_steepest_replace,1,0.0250519029796123,0.0250519029796123,0.0250519029796123,0.0250519029796123,0.0,6.021436433911731e-07,6.021436433911731e-07,1.8897774012316404e-08,1.601678256690775e-08,-2.8809914454086542e-09,2.0036332309246063,9.0,2.0142879486083984,181.0,0.0500908307731151,0.7067041397094727,11584,1,1.0,11584,181.0,0.0,0.0137220602482557,0.0137220602482557,0.0
darcy,546,546,64,solver,solver_x_adv_training_target,0.5354121289856266,0.0083658145154004,119.53408698688278,loss1,"MSE(model(a_adv), model(a_clean).detach())",0,0,fixed clean model output; no solver in attack,binary_replace,binary_steepest_replace,1,0.0250519029796123,0.0250519029796123,0.0250519029796123,0.0250519029796123,0.0,6.08655341238773e-07,6.08655341238773e-07,2.1250560422458875e-08,1.861274867565044e-08,-2.6378117468084383e-09,2.002076059579849,9.0,2.0135011672973637,181.0,0.0500519014894962,0.7065635323524475,11584,1,1.0,11584,181.0,0.0,0.0138322226703166,0.0138322226703166,0.0
darcy,547,547,64,solver,solver_x_adv_training_target,0.5585102530021686,0.0087267227031588,114.59055524223562,loss1,"MSE(model(a_adv), model(a_clean).detach())",0,0,fixed clean model output; no solver in attack,binary_replace,binary_steepest_replace,1,0.0250519029796123,0.0250519029796123,0.0250519029796123,0.0250519029796123,0.0,5.999792165312101e-07,5.999792165312101e-07,1.8335194695850987e-08,1.4807027604035738e-08,-3.5281670918152486e-09,2.0027680695056915,9.0,2.0138490200042725,181.0,0.0500692017376422,0.70241779088974,11584,1,1.0,11584,181.0,0.0,0.0138449445366859,0.0138449445366859,0.0
darcy,548,548,64,solver,solver_x_adv_training_target,0.4849709710106253,0.007577671422041,131.96666156456982,loss1,"MSE(model(a_adv), model(a_clean).detach())",0,0,fixed clean model output; no solver in attack,binary_replace,binary_steepest_replace,1,0.0250519029796123,0.0250519029796123,0.0250519029796123,0.0250519029796123,0.0,5.782494554296136e-07,5.782494554296136e-07,1.6834089677786324e-08,1.4626039934739764e-08,-2.208049743046558e-09,2.000865042209625,9.0,2.012883424758911,181.0,0.0500216260552406,0.7090938091278076,11584,1,1.0,11584,181.0,0.0,0.0137660056352615,0.0137660056352615,0.0
darcy,549,549,64,solver,solver_x_adv_training_target,0.5453762670222204,0.0085215041722221,117.3501743107432,loss1,"MSE(model(a_adv), model(a_clean).detach())",0,0,fixed clean model output; no solver in attack,binary_replace,binary_steepest_replace,1,0.0250519029796123,0.0250519029796123,0.0250519029796123,0.0250519029796123,0.0,5.922283889958635e-07,5.922283889958635e-07,1.8587337891062816e-08,1.495919832450454e-08,-3.628139566558275e-09,2.0024220645427704,9.0,2.01367712020874,181.0,0.0500605516135692,0.7116284370422363,11584,1,1.0,11584,181.0,0.0,0.0138638811185956,0.0138638811185956,0.0
darcy,550,550,64,solver,solver_x_adv_training_target,0.5451658930105623,0.00851821707829,117.39545855771289,loss1,"MSE(model(a_adv), model(a_clean).detach())",0,0,fixed clean model output; no solver in attack,binary_replace,binary_steepest_replace,1,0.0250519029796123,0.0250519029796123,0.0250519029796123,0.0250519029796123,0.0,5.976257284601161e-07,5.976257284601161e-07,2.033545420943028e-08,1.6112082334984734e-08,-4.223371874445547e-09,2.0027680695056915,9.0,2.0138490200042725,181.0,0.0500692017376422,0.7137845754623413,11584,1,1.0,11584,181.0,0.0,0.0138129834085702,0.0138129834085702,0.0
darcy,551,551,64,solver,solver_x_adv_training_target,0.549566396017326,0.0085869749377707,116.45544644615114,loss1,"MSE(model(a_adv), model(a_clean).detach())",0,0,fixed clean model output; no solver in attack,binary_replace,binary_steepest_replace,1,0.0250519029796123,0.0250519029796123,0.0250519029796123,0.0250519029796123,0.0,5.874506996406126e-07,5.874506996406126e-07,1.8836219695117503e-08,1.6277310166401552e-08,-2.558909528715958e-09,2.0036332309246063,9.0,2.0142879486083984,181.0,0.0500908307731151,0.7158607244491577,11584,1,1.0,11584,181.0,0.0,0.0138963656499981,0.0138963656499981,0.0
darcy,552,552,64,solver,solver_x_adv_training_target,0.4828059230057988,0.0075438425469656,132.55844004886268,loss1,"MSE(model(a_adv), model(a_clean).detach())",0,0,fixed clean model output; no solver in attack,binary_replace,binary_steepest_replace,1,0.0250519029796123,0.0250519029796123,0.0250519029796123,0.0250519029796123,0.0,5.99565964876092e-07,5.99565964876092e-07,1.7214981440361043e-08,1.4598104058904935e-08,-2.616877381456106e-09,2.001384049654007,9.0,2.013146162033081,181.0,0.0500346012413501,0.6989359855651855,11584,1,1.0,11584,181.0,0.0,0.0138386702165007,0.0138386702165007,0.0
darcy,553,553,64,solver,solver_x_adv_training_target,0.483820335008204,0.0075596927345031,132.28050862912733,loss1,"MSE(model(a_adv), model(a_clean).detach())",0,0,fixed clean model output; no solver in attack,binary_replace,binary_steepest_replace,1,0.0250519029796123,0.0250519029796123,0.0250519029796123,0.0250519029796123,0.0,5.979506454423245e-07,5.979506454423245e-07,1.8136070423224737e-08,1.4602185238743461e-08,-3.533885184481278e-09,2.0031140744686127,9.0,2.014026165008545,181.0,0.0500778518617153,0.7073334455490112,11584,1,1.0,11584,181.0,0.0,0.0139135438948869,0.0139135438948869,0.0
darcy,554,554,64,solver,solver_x_adv_training_target,0.4777503260120284,0.0074648488439379,133.96118540458863,loss1,"MSE(model(a_adv), model(a_clean).detach())",0,0,fixed clean model output; no solver in attack,binary_replace,binary_steepest_replace,1,0.0250519029796123,0.0250519029796123,0.0250519029796123,0.0250519029796123,0.0,5.977932460154989e-07,5.977932460154989e-07,1.7897940907118937e-08,1.6149224180139754e-08,-1.7487167269791824e-09,2.0019030570983887,9.0,2.013414144515991,181.0,0.0500475764274597,0.7047274708747864,11584,1,1.0,11584,181.0,0.0,0.0138429151847958,0.0138429151847958,0.0
darcy,555,555,64,solver,solver_x_adv_training_target,0.4811166180006694,0.0075174471562604,133.02388154031908,loss1,"MSE(model(a_adv), model(a_clean).detach())",0,0,fixed clean model output; no solver in attack,binary_replace,binary_steepest_replace,1,0.0250519029796123,0.0250519029796123,0.0250519029796123,0.0250519029796123,0.0,6.060704436094966e-07,6.060704436094966e-07,1.924824211130272e-08,1.6193446583656623e-08,-3.054795527646092e-09,2.002941071987152,9.0,2.0139389038085938,181.0,0.0500735267996788,0.7057633996009827,11584,1,1.0,11584,181.0,0.0,0.013776184991002,0.013776184991002,0.0
darcy,556,556,64,solver,solver_x_adv_training_target,0.5580428229877725,0.0087194191091839,114.68653903179457,loss1,"MSE(model(a_adv), model(a_clean).detach())",0,0,fixed clean model output; no solver in attack,binary_replace,binary_steepest_replace,1,0.0250519029796123,0.0250519029796123,0.0250519029796123,0.0250519029796123,0.0,5.763059220953437e-07,5.763059220953437e-07,1.7183026557177072e-08,1.3741215276752428e-08,-3.4418112804246444e-09,2.00224906206131,9.0,2.0135886669158936,181.0,0.0500562265515327,0.7075713276863098,11584,1,1.0,11584,181.0,0.0,0.0138096129521727,0.0138096129521727,0.0
darcy,557,557,64,solver,solver_x_adv_training_target,0.502181076008128,0.007846579312627,127.44406959485693,loss1,"MSE(model(a_adv), model(a_clean).detach())",0,0,fixed clean model output; no solver in attack,binary_replace,binary_steepest_replace,1,0.0250519029796123,0.0250519029796123,0.0250519029796123,0.0250519029796123,0.0,5.979330808258965e-07,5.979330808258965e-07,1.7152036235756896e-08,1.4310356455382589e-08,-2.841679780374306e-09,2.001730054616928,9.0,2.013326644897461,181.0,0.0500432513654232,0.7068338990211487,11584,1,1.0,11584,181.0,0.0,0.013861428014934,0.013861428014934,0.0
darcy,558,558,64,solver,solver_x_adv_training_target,0.4826747260231059,0.007541792594111,132.5944710785132,loss1,"MSE(model(a_adv), model(a_clean).detach())",0,0,fixed clean model output; no solver in attack,binary_replace,binary_steepest_replace,1,0.0250519029796123,0.0250519029796123,0.0250519029796123,0.0250519029796123,0.0,5.950489594397368e-07,5.950489594397368e-07,1.739959820667991e-08,1.4565170403102456e-08,-2.834427803577455e-09,2.0019030570983887,9.0,2.0134103298187256,181.0,0.0500475764274597,0.7119917869567871,11584,1,1.0,11584,181.0,0.0,0.0137959141284227,0.0137959141284227,0.0
darcy,559,559,64,solver,solver_x_adv_training_target,0.4815054280043114,0.0075235223125673,132.9164663112104,loss1,"MSE(model(a_adv), model(a_clean).detach())",0,0,fixed clean model output; no solver in attack,binary_replace,binary_steepest_replace,1,0.0250519029796123,0.0250519029796123,0.0250519029796123,0.0250519029796123,0.0,5.812797780890833e-07,5.812797780890833e-07,1.71016090178e-08,1.470235044820356e-08,-2.3992585695964412e-09,2.001730054616928,9.0,2.0133261680603027,181.0,0.0500432513654232,0.7170047163963318,11584,1,1.0,11584,181.0,0.0,0.0138111766427755,0.0138111766427755,0.0
darcy,560,560,64,solver,solver_x_adv_training_target,0.4826854819839354,0.0075419606559989,132.5915163989333,loss1,"MSE(model(a_adv), model(a_clean).detach())",0,0,fixed clean model output; no solver in attack,binary_replace,binary_steepest_replace,1,0.0250519029796123,0.0250519029796123,0.0250519029796123,0.0250519029796123,0.0,5.984021527183359e-07,5.984021527183359e-07,1.89128410710282e-08,1.6341859421231675e-08,-2.570981649796522e-09,2.001730054616928,9.0,2.013322353363037,181.0,0.0500432513654232,0.7102032899856567,11584,1,1.0,11584,181.0,0.0,0.0137933446094393,0.0137933446094393,0.0
darcy,561,561,64,solver,solver_x_adv_training_target,0.4825831429916434,0.0075403616092444,132.61963441832913,loss1,"MSE(model(a_adv), model(a_clean).detach())",0,0,fixed clean model output; no solver in attack,binary_replace,binary_steepest_replace,1,0.0250519029796123,0.0250519029796123,0.0250519029796123,0.0250519029796123,0.0,5.773407565357047e-07,5.773407565357047e-07,1.7001632102164876e-08,1.4714674811955321e-08,-2.286957290209557e-09,2.002076059579849,9.0,2.0135014057159424,181.0,0.0500519014894962,0.7114619016647339,11584,1,1.0,11584,181.0,0.0,0.0138410245999693,0.0138410245999693,0.0
darcy,562,562,64,solver,solver_x_adv_training_target,0.544747747015208,0.0085116835471126,117.4855707998243,loss1,"MSE(model(a_adv), model(a_clean).detach())",0,0,fixed clean model output; no solver in attack,binary_replace,binary_steepest_replace,1,0.0250519029796123,0.0250519029796123,0.0250519029796123,0.0250519029796123,0.0,6.026239134371281e-07,6.026239134371281e-07,1.7858678091897673e-08,1.5553391463640764e-08,-2.305286628256908e-09,2.003287076950073,9.0,2.014113426208496,181.0,0.0500821769237518,0.7141543626785278,11584,1,1.0,11584,181.0,0.0,0.0137956263497471,0.0137956263497471,0.0
darcy,563,563,64,solver,solver_x_adv_training_target,0.4826939679915085,0.0075420932498673,132.58918537205727,loss1,"MSE(model(a_adv), model(a_clean).detach())",0,0,fixed clean model output; no solver in attack,binary_replace,binary_steepest_replace,1,0.0250519029796123,0.0250519029796123,0.0250519029796123,0.0250519029796123,0.0,6.206387865859142e-07,6.206387865859142e-07,2.4411454191408666e-08,2.0464630878791468e-08,-3.946823312617198e-09,2.003287076950073,9.0,2.014113426208496,181.0,0.0500821769237518,0.705136239528656,11584,1,1.0,11584,181.0,0.0,0.0137688368558883,0.0137688368558883,0.0
darcy,564,564,64,solver,solver_x_adv_training_target,0.5372112879995257,0.0083939263749925,119.13375878292511,loss1,"MSE(model(a_adv), model(a_clean).detach())",0,0,fixed clean model output; no solver in attack,binary_replace,binary_steepest_replace,1,0.0250519029796123,0.0250519029796123,0.0250519029796123,0.0250519029796123,0.0,6.011005098116584e-07,6.011005098116584e-07,2.6696447719132266e-08,2.432704171440037e-08,-2.3694060047319e-09,2.00224906206131,9.0,2.013589859008789,181.0,0.0500562265515327,0.7078827619552612,11584,1,1.0,11584,181.0,0.0,0.013856679201126,0.013856679201126,0.0
darcy,565,565,64,solver,solver_x_adv_training_target,0.4828739730000961,0.0075449058281265,132.53975898176492,loss1,"MSE(model(a_adv), model(a_clean).detach())",0,0,fixed clean model output; no solver in attack,binary_replace,binary_steepest_replace,1,0.0250519029796123,0.0250519029796123,0.0250519029796123,0.0250519029796123,0.0,6.027536301189684e-07,6.027536301189684e-07,2.973522406080065e-08,2.530537912548425e-08,-4.429844935316396e-09,2.003806233406067,9.0,2.0143752098083496,181.0,0.0500951558351516,0.705629289150238,11584,1,1.0,11584,181.0,0.0,0.0139347314834594,0.0139347314834594,0.0
darcy,566,566,64,solver,solver_x_adv_training_target,0.4833006779954303,0.0075515730936785,132.42273995031542,loss1,"MSE(model(a_adv), model(a_clean).detach())",0,0,fixed clean model output; no solver in attack,binary_replace,binary_steepest_replace,1,0.0250519029796123,0.0250519029796123,0.0250519029796123,0.0250519029796123,0.0,5.966933258605422e-07,5.966933258605422e-07,1.6869798002971947e-08,1.4974913753462715e-08,-1.894884249509232e-09,2.0015570521354675,9.0,2.013238906860352,181.0,0.0500389263033866,0.706310510635376,11584,1,1.0,11584,181.0,0.0,0.0138248726725578,0.0138248726725578,0.0
darcy,567,567,64,solver,solver_x_adv_training_target,0.4961290060018655,0.0077520157187791,128.9987064367677,loss1,"MSE(model(a_adv), model(a_clean).detach())",0,0,fixed clean model output; no solver in attack,binary_replace,binary_steepest_replace,1,0.0250519029796123,0.0250519029796123,0.0250519029796123,0.0250519029796123,0.0,5.644038196805923e-07,5.644038196805923e-07,1.703292440424775e-08,1.490438883422485e-08,-2.1285355700229047e-09,2.000865042209625,9.0,2.012883186340332,181.0,0.0500216260552406,0.7106682062149048,11584,1,1.0,11584,181.0,0.0,0.0139035461470484,0.0139035461470484,0.0
darcy,568,568,64,solver,solver_x_adv_training_target,0.4836169730115216,0.007556515203305,132.3361328728123,loss1,"MSE(model(a_adv), model(a_clean).detach())",0,0,fixed clean model output; no solver in attack,binary_replace,binary_steepest_replace,1,0.0250519029796123,0.0250519029796123,0.0250519029796123,0.0250519029796123,0.0,5.974181931378553e-07,5.974181931378553e-07,2.2501598806456968e-08,1.830678009184794e-08,-4.194818714609028e-09,2.003287076950073,9.0,2.014113187789917,181.0,0.0500821769237518,0.7113364934921265,11584,1,1.0,11584,181.0,0.0,0.0137615194544196,0.0137615194544196,0.0
darcy,569,569,64,solver,solver_x_adv_training_target,0.5394194929976948,0.0084284295780889,118.64606457644923,loss1,"MSE(model(a_adv), model(a_clean).detach())",0,0,fixed clean model output; no solver in attack,binary_replace,binary_steepest_replace,1,0.0250519029796123,0.0250519029796123,0.0250519029796123,0.0250519029796123,0.0,5.826365736538719e-07,5.826365736538719e-07,2.0577756387751837e-08,1.8288643488517664e-08,-2.289112899234169e-09,2.0027680695056915,9.0,2.01385235786438,181.0,0.0500692017376422,0.7091089487075806,11584,1,1.0,11584,181.0,0.0,0.0138483960181474,0.0138483960181474,0.0
darcy,570,570,64,solver,solver_x_adv_training_target,0.4827701840258669,0.0075432841254041,132.5682532137711,loss1,"MSE(model(a_adv), model(a_clean).detach())",0,0,fixed clean model output; no solver in attack,binary_replace,binary_steepest_replace,1,0.0250519029796123,0.0250519029796123,0.0250519029796123,0.0250519029796123,0.0,5.946577630311367e-07,5.946577630311367e-07,1.8414596070215342e-08,1.52047334722738e-08,-3.209862597941537e-09,2.0027680695056915,9.0,2.0138518810272217,181.0,0.0500692017376422,0.713168203830719,11584,1,1.0,11584,181.0,0.0,0.0138478642329573,0.0138478642329573,0.0
darcy,571,571,64,solver,solver_x_adv_training_target,0.4832422500185203,0.0075506601565393,132.4387509526479,loss1,"MSE(model(a_adv), model(a_clean).detach())",0,0,fixed clean model output; no solver in attack,binary_replace,binary_steepest_replace,1,0.0250519029796123,0.0250519029796123,0.0250519029796123,0.0250519029796123,0.0,6.158986707305303e-07,6.158986707305303e-07,1.8142326752013105e-08,1.4782612467456602e-08,-3.359714284556503e-09,2.0003460347652435,9.0,2.01261043548584,181.0,0.050008650869131,0.7093446850776672,11584,1,1.0,11584,181.0,0.0,0.0137422680854797,0.0137422680854797,0.0
darcy,572,572,64,solver,solver_x_adv_training_target,0.4833415820030495,0.0075522122187976,132.41153333998938,loss1,"MSE(model(a_adv), model(a_clean).detach())",0,0,fixed clean model output; no solver in attack,binary_replace,binary_steepest_replace,1,0.0250519029796123,0.0250519029796123,0.0250519029796123,0.0250519029796123,0.0,6.134214345365763e-07,6.134214345365763e-07,1.7408730457191268e-08,1.3605645499126242e-08,-3.803084958065028e-09,2.0036332309246063,9.0,2.0142879486083984,181.0,0.0500908307731151,0.7014597654342651,11584,1,1.0,11584,181.0,0.0,0.0139455506578087,0.0139455506578087,0.0
darcy,573,573,64,solver,solver_x_adv_training_target,0.5006310959870461,0.0078223608747975,127.83864309071204,loss1,"MSE(model(a_adv), model(a_clean).detach())",0,0,fixed clean model output; no solver in attack,binary_replace,binary_steepest_replace,1,0.0250519029796123,0.0250519029796123,0.0250519029796123,0.0250519029796123,0.0,5.79202037442883e-07,5.79202037442883e-07,1.8798704815026213e-08,1.4979766760347957e-08,-3.818938054678256e-09,2.003287076950073,9.0,2.014113664627075,181.0,0.0500821769237518,0.7101016044616699,11584,1,1.0,11584,181.0,0.0,0.0138240661472082,0.0138240661472082,0.0
darcy,574,574,64,solver,solver_x_adv_training_target,0.5443993670050986,0.0085062401094546,117.56075388566828,loss1,"MSE(model(a_adv), model(a_clean).detach())",0,0,fixed clean model output; no solver in attack,binary_replace,binary_steepest_replace,1,0.0250519029796123,0.0250519029796123,0.0250519029796123,0.0250519029796123,0.0,6.197528819029685e-07,6.197528819029685e-07,2.0180234372446648e-08,1.742773569901601e-08,-2.7524986734306367e-09,2.002941071987152,9.0,2.013938665390014,181.0,0.0500735267996788,0.7106077075004578,11584,1,1.0,11584,181.0,0.0,0.0138563513755798,0.0138563513755798,0.0
darcy,575,575,64,solver,solver_x_adv_training_target,0.4831910010252613,0.0075498593910197,132.4527978877944,loss1,"MSE(model(a_adv), model(a_clean).detach())",0,0,fixed clean model output; no solver in attack,binary_replace,binary_steepest_replace,1,0.0250519029796123,0.0250519029796123,0.0250519029796123,0.0250519029796123,0.0,5.712936399504542e-07,5.712936399504542e-07,1.95832132732221e-08,1.7008064290280345e-08,-2.575148982941755e-09,2.002076059579849,9.0,2.0134973526000977,181.0,0.0500519014894962,0.7122750878334045,11584,1,1.0,11584,181.0,0.0,0.0137401167303323,0.0137401167303323,0.0
darcy,576,576,64,solver,solver_x_adv_training_target,0.483339337981306,0.0075521771559579,132.41214809309668,loss1,"MSE(model(a_adv), model(a_clean).detach())",0,0,fixed clean model output; no solver in attack,binary_replace,binary_steepest_replace,1,0.0250519029796123,0.0250519029796123,0.0250519029796123,0.0250519029796123,0.0,5.901287636334018e-07,5.901287636334018e-07,1.6647961231797126e-08,1.3522315711611554e-08,-3.1256455201855715e-09,2.0015570521354675,9.0,2.0132265090942383,181.0,0.0500389263033866,0.7101924419403076,11584,1,1.0,11584,181.0,0.0,0.0138103030622005,0.0138103030622005,0.0
darcy,577,577,64,solver,solver_x_adv_training_target,0.4866878019820433,0.0076044969059694,131.50113838760504,loss1,"MSE(model(a_adv), model(a_clean).detach())",0,0,fixed clean model output; no solver in attack,binary_replace,binary_steepest_replace,1,0.0250519029796123,0.0250519029796123,0.0250519029796123,0.0250519029796123,0.0,5.953978643447044e-07,5.953978643447044e-07,1.945148575543953e-08,1.6399674507283635e-08,-3.0518112481559e-09,2.003460079431534,9.0,2.0142009258270264,181.0,0.0500865019857883,0.7109947800636292,11584,1,1.0,11584,181.0,0.0,0.0137931900098919,0.0137931900098919,0.0
darcy,578,578,64,solver,solver_x_adv_training_target,0.4810199290222954,0.0075159363909733,133.05062043912443,loss1,"MSE(model(a_adv), model(a_clean).detach())",0,0,fixed clean model output; no solver in attack,binary_replace,binary_steepest_replace,1,0.0250519029796123,0.0250519029796123,0.0250519029796123,0.0250519029796123,0.0,5.923232606619422e-07,5.923232606619422e-07,2.623032813175996e-08,2.1850684817081856e-08,-4.3796433146781055e-09,2.0012110471725464,9.0,2.013062000274658,181.0,0.0500302761793136,0.7073550820350647,11584,1,1.0,11584,181.0,0.0,0.0137873338535428,0.0137873338535428,0.0
darcy,579,579,64,solver,solver_x_adv_training_target,0.4785270860011223,0.0074769857187675,133.7437354587905,loss1,"MSE(model(a_adv), model(a_clean).detach())",0,0,fixed clean model output; no solver in attack,binary_replace,binary_steepest_replace,1,0.0250519029796123,0.0250519029796123,0.0250519029796123,0.0250519029796123,0.0,6.069983555789804e-07,6.069983555789804e-07,2.270323307129729e-08,2.0436822012470657e-08,-2.266411058826634e-09,2.003806233406067,9.0,2.0143752098083496,181.0,0.0500951558351516,0.7080103754997253,11584,1,1.0,11584,181.0,0.0,0.0139267025515437,0.0139267025515437,0.0
darcy,580,580,64,solver,solver_x_adv_training_target,0.4785434569930658,0.0074772415155166,133.73916007993267,loss1,"MSE(model(a_adv), model(a_clean).detach())",0,0,fixed clean model output; no solver in attack,binary_replace,binary_steepest_replace,1,0.0250519029796123,0.0250519029796123,0.0250519029796123,0.0250519029796123,0.0,6.058684220988653e-07,6.058684220988653e-07,2.203067595019093e-08,1.901367951973043e-08,-3.016996430460494e-09,2.002941071987152,9.0,2.0139384269714355,181.0,0.0500735267996788,0.7137824296951294,11584,1,1.0,11584,181.0,0.0,0.013790538534522,0.013790538534522,0.0
darcy,581,581,64,solver,solver_x_adv_training_target,0.4780986300029326,0.0074702910937958,133.8635921203276,loss1,"MSE(model(a_adv), model(a_clean).detach())",0,0,fixed clean model output; no solver in attack,binary_replace,binary_steepest_replace,1,0.0250519029796123,0.0250519029796123,0.0250519029796123,0.0250519029796123,0.0,5.936567504249979e-07,5.936567504249979e-07,1.7466128099385972e-08,1.4704894191197582e-08,-2.7612339081883874e-09,2.0024220645427704,9.0,2.01367735862732,181.0,0.0500605516135692,0.7053676247596741,11584,1,1.0,11584,181.0,0.0,0.0138880247250199,0.0138880247250199,0.0
darcy,582,582,64,solver,solver_x_adv_training_target,0.4875230040051974,0.0076175469375812,131.27585667591944,loss1,"MSE(model(a_adv), model(a_clean).detach())",0,0,fixed clean model output; no solver in attack,binary_replace,binary_steepest_replace,1,0.0250519029796123,0.0250519029796123,0.0250519029796123,0.0250519029796123,0.0,6.119028626017098e-07,6.119028626017098e-07,1.7340372693297468e-08,1.4299492256952815e-08,-3.0408804363446507e-09,2.0019030570983887,9.0,2.013415098190308,181.0,0.0500475764274597,0.7001773118972778,11584,1,1.0,11584,181.0,0.0,0.0137882828712463,0.0137882828712463,0.0
darcy,583,583,64,solver,solver_x_adv_training_target,0.4773920089937746,0.0074592501405277,134.0617329035237,loss1,"MSE(model(a_adv), model(a_clean).detach())",0,0,fixed clean model output; no solver in attack,binary_replace,binary_steepest_replace,1,0.0250519029796123,0.0250519029796123,0.0250519029796123,0.0250519029796123,0.0,5.903547162233735e-07,5.903547162233735e-07,2.232234308507941e-08,1.8559296321996044e-08,-3.763046763083366e-09,2.002595067024231,9.0,2.013765335083008,181.0,0.0500648766756057,0.7098485827445984,11584,1,1.0,11584,181.0,0.0,0.0138014070689678,0.0138014070689678,0.0
darcy,584,584,64,solver,solver_x_adv_training_target,0.477674827008741,0.0074636691720115,133.98235867017723,loss1,"MSE(model(a_adv), model(a_clean).detach())",0,0,fixed clean model output; no solver in attack,binary_replace,binary_steepest_replace,1,0.0250519029796123,0.0250519029796123,0.0250519029796123,0.0250519029796123,0.0,5.787899226561422e-07,5.787899226561422e-07,2.014379418824319e-08,1.7922623385402403e-08,-2.2211708028407884e-09,2.0019030570983887,9.0,2.0134153366088867,181.0,0.0500475764274597,0.7146647572517395,11584,1,1.0,11584,181.0,0.0,0.0137740382924675,0.0137740382924675,0.0
darcy,585,585,64,solver,solver_x_adv_training_target,0.4805259139975533,0.0075082174062117,133.18740599768336,loss1,"MSE(model(a_adv), model(a_clean).detach())",0,0,fixed clean model output; no solver in attack,binary_replace,binary_steepest_replace,1,0.0250519029796123,0.0250519029796123,0.0250519029796123,0.0250519029796123,0.0,5.919183649893967e-07,5.919183649893967e-07,1.865765320019364e-08,1.4372129264472733e-08,-4.285523935720903e-09,2.000865042209625,9.0,2.012871742248535,181.0,0.0500216260552406,0.7121993899345398,11584,1,1.0,11584,181.0,0.0,0.0138309244066476,0.0138309244066476,0.0
darcy,586,586,64,solver,solver_x_adv_training_target,0.4910031190083828,0.0076719237345059,130.34540417839452,loss1,"MSE(model(a_adv), model(a_clean).detach())",0,0,fixed clean model output; no solver in attack,binary_replace,binary_steepest_replace,1,0.0250519029796123,0.0250519029796123,0.0250519029796123,0.0250519029796123,0.0,5.986419751025096e-07,5.986419751025096e-07,1.7251970518827875e-08,1.2903057289292974e-08,-4.348913229534901e-09,2.001384049654007,9.0,2.01314640045166,181.0,0.0500346012413501,0.7099783420562744,11584,1,1.0,11584,181.0,0.0,0.0137859303504228,0.0137859303504228,0.0
darcy,587,587,64,solver,solver_x_adv_training_target,0.5500603250111453,0.0085946925782991,116.35087478578504,loss1,"MSE(model(a_adv), model(a_clean).detach())",0,0,fixed clean model output; no solver in attack,binary_replace,binary_steepest_replace,1,0.0250519029796123,0.0250519029796123,0.0250519029796123,0.0250519029796123,0.0,5.902219868403336e-07,5.902219868403336e-07,1.7512544303599498e-08,1.5061306868346946e-08,-2.451237435252551e-09,2.003287076950073,9.0,2.0141139030456543,181.0,0.0500821769237518,0.711314857006073,11584,1,1.0,11584,181.0,0.0,0.013788784854114,0.013788784854114,0.0
darcy,588,588,64,solver,solver_x_adv_training_target,0.4785738470091019,0.0074777163595172,133.73066748209249,loss1,"MSE(model(a_adv), model(a_clean).detach())",0,0,fixed clean model output; no solver in attack,binary_replace,binary_steepest_replace,1,0.0250519029796123,0.0250519029796123,0.0250519029796123,0.0250519029796123,0.0,6.07181902978482e-07,6.07181902978482e-07,2.044242108922845e-08,1.7430814125418692e-08,-3.0116069638097542e-09,2.0036332309246063,9.0,2.01428771018982,181.0,0.0500908307731151,0.7043966054916382,11584,1,1.0,11584,181.0,0.0,0.0138192735612392,0.0138192735612392,0.0
darcy,589,589,64,solver,solver_x_adv_training_target,0.478755614021793,0.0074805564690905,133.67989455490064,loss1,"MSE(model(a_adv), model(a_clean).detach())",0,0,fixed clean model output; no solver in attack,binary_replace,binary_steepest_replace,1,0.0250519029796123,0.0250519029796123,0.0250519029796123,0.0250519029796123,0.0,5.926731887484493e-07,5.926731887484493e-07,1.8425614811690142e-08,1.6225527588176192e-08,-2.2000872235139472e-09,2.003287076950073,9.0,2.014113426208496,181.0,0.0500821769237518,0.7149394154548645,11584,1,1.0,11584,181.0,0.0,0.0138163389638066,0.0138163389638066,0.0
darcy,590,590,64,solver,solver_x_adv_training_target,0.4784713730041403,0.0074761152031896,133.75930852073398,loss1,"MSE(model(a_adv), model(a_clean).detach())",0,0,fixed clean model output; no solver in attack,binary_replace,binary_steepest_replace,1,0.0250519029796123,0.0250519029796123,0.0250519029796123,0.0250519029796123,0.0,6.131265877229453e-07,6.131265877229453e-07,1.7606357261001904e-08,1.4123666680632141e-08,-3.4826905803697623e-09,2.003287076950073,9.0,2.0141139030456543,181.0,0.0500821769237518,0.7032331228256226,11584,1,1.0,11584,181.0,0.0,0.0138858631253242,0.0138858631253242,0.0
darcy,591,591,64,solver,solver_x_adv_training_target,0.4786313670047093,0.0074786151094485,133.7145962675077,loss1,"MSE(model(a_adv), model(a_clean).detach())",0,0,fixed clean model output; no solver in attack,binary_replace,binary_steepest_replace,1,0.0250519029796123,0.0250519029796123,0.0250519029796123,0.0250519029796123,0.0,6.182017386890948e-07,6.182017386890948e-07,1.6518349355010287e-08,1.4182910845761398e-08,-2.3354385092488883e-09,2.0036332309246063,9.0,2.0142879486083984,181.0,0.0500908307731151,0.701332151889801,11584,1,1.0,11584,181.0,0.0,0.013891109265387,0.013891109265387,0.0
darcy,592,592,64,solver,solver_x_adv_training_target,0.4779384499997832,0.0074677882812466,133.90845620399244,loss1,"MSE(model(a_adv), model(a_clean).detach())",0,0,fixed clean model output; no solver in attack,binary_replace,binary_steepest_replace,1,0.0250519029796123,0.0250519029796123,0.0250519029796123,0.0250519029796123,0.0,6.008788204781013e-07,6.008788204781013e-07,1.953729800163728e-08,1.8291327563702e-08,-1.2459704379352843e-09,2.0027680695056915,9.0,2.013850212097168,181.0,0.0500692017376422,0.7085596919059753,11584,1,1.0,11584,181.0,0.0,0.0138720041140913,0.0138720041140913,0.0
darcy,593,593,64,solver,solver_x_adv_training_target,0.543324666999979,0.0084894479218746,117.79328988205587,loss1,"MSE(model(a_adv), model(a_clean).detach())",0,0,fixed clean model output; no solver in attack,binary_replace,binary_steepest_replace,1,0.0250519029796123,0.0250519029796123,0.0250519029796123,0.0250519029796123,0.0,6.163242574075412e-07,6.163242574075412e-07,2.3446554919814844e-08,1.996251164371188e-08,-3.484043276102966e-09,2.0031140744686127,9.0,2.014026641845703,181.0,0.0500778518617153,0.7099524140357971,11584,1,1.0,11584,181.0,0.0,0.0137638449668884,0.0137638449668884,0.0
darcy,594,594,64,solver,solver_x_adv_training_target,0.4786105249950196,0.0074782894530471,133.72041912506202,loss1,"MSE(model(a_adv), model(a_clean).detach())",0,0,fixed clean model output; no solver in attack,binary_replace,binary_steepest_replace,1,0.0250519029796123,0.0250519029796123,0.0250519029796123,0.0250519029796123,0.0,6.002472900945577e-07,6.002472900945577e-07,1.7822484821294893e-08,1.5199294267631558e-08,-2.623190553663335e-09,2.002076059579849,9.0,2.0134992599487305,181.0,0.0500519014894962,0.6978352069854736,11584,1,1.0,11584,181.0,0.0,0.0137274265289306,0.0137274265289306,0.0
darcy,595,595,64,solver,solver_x_adv_training_target,0.4780894449795596,0.0074701475778056,133.86616389896722,loss1,"MSE(model(a_adv), model(a_clean).detach())",0,0,fixed clean model output; no solver in attack,binary_replace,binary_steepest_replace,1,0.0250519029796123,0.0250519029796123,0.0250519029796123,0.0250519029796123,0.0,5.837493972649099e-07,5.837493972649099e-07,1.724931486535297e-08,1.3846480406698449e-08,-3.402834458654524e-09,2.001038044691086,9.0,2.012972593307495,181.0,0.0500259511172771,0.7111548185348511,11584,1,1.0,11584,181.0,0.0,0.0139273330569267,0.0139273330569267,0.0
darcy,596,596,64,solver,solver_x_adv_training_target,0.4783929770055692,0.007474890265712,133.7812281455272,loss1,"MSE(model(a_adv), model(a_clean).detach())",0,0,fixed clean model output; no solver in attack,binary_replace,binary_steepest_replace,1,0.0250519029796123,0.0250519029796123,0.0250519029796123,0.0250519029796123,0.0,6.15076714893803e-07,6.15076714893803e-07,1.948740901980273e-08,1.6123388846267517e-08,-3.364020173535209e-09,2.00224906206131,9.0,2.0135860443115234,181.0,0.0500562265515327,0.7000367641448975,11584,1,1.0,11584,181.0,0.0,0.0138603635132312,0.0138603635132312,0.0
darcy,597,597,64,solver,solver_x_adv_training_target,0.5223202590132132,0.0081612540470814,122.5301888939004,loss1,"MSE(model(a_adv), model(a_clean).detach())",0,0,fixed clean model output; no solver in attack,binary_replace,binary_steepest_replace,1,0.0250519029796123,0.0250519029796123,0.0250519029796123,0.0250519029796123,0.0,5.885789278181619e-07,5.885789278181619e-07,2.190226311427068e-08,1.9785835192465132e-08,-2.1164279218055526e-09,2.002941071987152,9.0,2.01393985748291,181.0,0.0500735267996788,0.7090548872947693,11584,1,1.0,11584,181.0,0.0,0.0138866323977708,0.0138866323977708,0.0
darcy,598,598,64,solver,solver_x_adv_training_target,0.4787092250189744,0.0074798316409214,133.69284871722132,loss1,"MSE(model(a_adv), model(a_clean).detach())",0,0,fixed clean model output; no solver in attack,binary_replace,binary_steepest_replace,1,0.0250519029796123,0.0250519029796123,0.0250519029796123,0.0250519029796123,0.0,5.775822273790254e-07,5.775822273790254e-07,1.9654816441061485e-08,1.5959356503003622e-08,-3.6954599380578652e-09,2.0027680695056915,9.0,2.0138490200042725,181.0,0.0500692017376422,0.7095285058021545,11584,1,1.0,11584,181.0,0.0,0.0138985384255647,0.0138985384255647,0.0
darcy,599,599,64,solver,solver_x_adv_training_target,0.4780456550070084,0.0074694633594845,133.8784263169628,loss1,"MSE(model(a_adv), model(a_clean).detach())",0,0,fixed clean model output; no solver in attack,binary_replace,binary_steepest_replace,1,0.0250519029796123,0.0250519029796123,0.0250519029796123,0.0250519029796123,0.0,6.070371227906435e-07,6.070371227906435e-07,1.6067406960473818e-08,1.4196707809333022e-08,-1.8706991511407974e-09,2.0036332309246063,9.0,2.0142879486083984,181.0,0.0500908307731151,0.7056812047958374,11584,1,1.0,11584,181.0,0.0,0.0138710681349039,0.0138710681349039,0.0
darcy,600,600,64,solver,solver_x_adv_training_target,0.4784620529972017,0.0074759695780812,133.76191403077542,loss1,"MSE(model(a_adv), model(a_clean).detach())",0,0,fixed clean model output; no solver in attack,binary_replace,binary_steepest_replace,1,0.0250519029796123,0.0250519029796123,0.0250519029796123,0.0250519029796123,0.0,5.945497605353012e-07,5.945497605353012e-07,1.699572393931703e-08,1.4692904670710051e-08,-2.302819268606981e-09,2.002595067024231,9.0,2.013763904571533,181.0,0.0500648766756057,0.7071453332901001,11584,1,1.0,11584,181.0,0.0,0.0138325188308954,0.0138325188308954,0.0
darcy,601,601,64,solver,solver_x_adv_training_target,0.4777460749901365,0.0074647824217208,133.96237740168002,loss1,"MSE(model(a_adv), model(a_clean).detach())",0,0,fixed clean model output; no solver in attack,binary_replace,binary_steepest_replace,1,0.0250519029796123,0.0250519029796123,0.0250519029796123,0.0250519029796123,0.0,6.010450306348503e-07,6.010450306348503e-07,1.978156127790953e-08,1.580195885253488e-08,-3.979602425374651e-09,2.001038044691086,9.0,2.0129590034484863,181.0,0.0500259511172771,0.7106249928474426,11584,1,1.0,11584,181.0,0.0,0.0138376830145716,0.0138376830145716,0.0
darcy,602,602,64,solver,solver_x_adv_training_target,0.478237426985288,0.0074724597966451,133.82474141232117,loss1,"MSE(model(a_adv), model(a_clean).detach())",0,0,fixed clean model output; no solver in attack,binary_replace,binary_steepest_replace,1,0.0250519029796123,0.0250519029796123,0.0250519029796123,0.0250519029796123,0.0,5.785497023680364e-07,5.785497023680364e-07,1.7504030225268252e-08,1.4477880228014328e-08,-3.026149997253924e-09,2.00224906206131,9.0,2.0135889053344727,181.0,0.0500562265515327,0.7045609951019287,11584,1,1.0,11584,181.0,0.0,0.0137168411165475,0.0137168411165475,0.0
darcy,603,603,64,solver,solver_x_adv_training_target,0.5364376140059903,0.0083818377188435,119.3055787457986,loss1,"MSE(model(a_adv), model(a_clean).detach())",0,0,fixed clean model output; no solver in attack,binary_replace,binary_steepest_replace,1,0.0250519029796123,0.0250519029796123,0.0250519029796123,0.0250519029796123,0.0,6.01074134465307e-07,6.01074134465307e-07,1.7633452031873276e-08,1.4758464672581796e-08,-2.874987359291481e-09,2.002941071987152,9.0,2.013939380645752,181.0,0.0500735267996788,0.7074480652809143,11584,1,1.0,11584,181.0,0.0,0.0138869564980268,0.0138869564980268,0.0
darcy,604,604,64,solver,solver_x_adv_training_target,0.5484680520021357,0.0085698133125333,116.68865627883608,loss1,"MSE(model(a_adv), model(a_clean).detach())",0,0,fixed clean model output; no solver in attack,binary_replace,binary_steepest_replace,1,0.0250519029796123,0.0250519029796123,0.0250519029796123,0.0250519029796123,0.0,5.926275434831041e-07,5.926275434831041e-07,1.6892050425099114e-08,1.3846123358973728e-08,-3.0459270661253864e-09,2.0027680695056915,9.0,2.013852119445801,181.0,0.0500692017376422,0.7003697752952576,11584,1,1.0,11584,181.0,0.0,0.0138709703460335,0.0138709703460335,0.0
darcy,605,605,64,solver,solver_x_adv_training_target,0.4785864430014044,0.0074779131718969,133.72714780349972,loss1,"MSE(model(a_adv), model(a_clean).detach())",0,0,fixed clean model output; no solver in attack,binary_replace,binary_steepest_replace,1,0.0250519029796123,0.0250519029796123,0.0250519029796123,0.0250519029796123,0.0,5.904548743274063e-07,5.904548743274063e-07,1.6556244375465212e-08,1.3690081068773452e-08,-2.86616330669176e-09,2.00224906206131,9.0,2.013590812683105,181.0,0.0500562265515327,0.702938973903656,11584,1,1.0,11584,181.0,0.0,0.0138301979750394,0.0138301979750394,0.0
darcy,606,606,64,solver,solver_x_adv_training_target,0.4785221460042521,0.0074769085313164,133.7451161548358,loss1,"MSE(model(a_adv), model(a_clean).detach())",0,0,fixed clean model output; no solver in attack,binary_replace,binary_steepest_replace,1,0.0250519029796123,0.0250519029796123,0.0250519029796123,0.0250519029796123,0.0,5.778404101874912e-07,5.778404101874912e-07,1.7979138178247922e-08,1.53995092233572e-08,-2.579628954890722e-09,2.0019030570983887,9.0,2.0134146213531494,181.0,0.0500475764274597,0.7085877656936646,11584,1,1.0,11584,181.0,0.0,0.0138715095818042,0.0138715095818042,0.0
darcy,607,607,64,solver,solver_x_adv_training_target,0.4891986500006169,0.0076437289062596,130.82619913182364,loss1,"MSE(model(a_adv), model(a_clean).detach())",0,0,fixed clean model output; no solver in attack,binary_replace,binary_steepest_replace,1,0.0250519029796123,0.0250519029796123,0.0250519029796123,0.0250519029796123,0.0,5.97078951614094e-07,5.97078951614094e-07,1.8114965527615823e-08,1.491693346622469e-08,-3.1980320613911317e-09,2.002076059579849,9.0,2.013501644134521,181.0,0.0500519014894962,0.7058996558189392,11584,1,1.0,11584,181.0,0.0,0.0138050215318799,0.0138050215318799,0.0
darcy,608,608,64,solver,solver_x_adv_training_target,0.4784162400173954,0.0074752537502718,133.77472302711325,loss1,"MSE(model(a_adv), model(a_clean).detach())",0,0,fixed clean model output; no solver in attack,binary_replace,binary_steepest_replace,1,0.0250519029796123,0.0250519029796123,0.0250519029796123,0.0250519029796123,0.0,6.06506830536091e-07,6.06506830536091e-07,1.922388292996402e-08,1.5641948181155385e-08,-3.581934748808635e-09,2.002941071987152,9.0,2.013939380645752,181.0,0.0500735267996788,0.7065743803977966,11584,1,1.0,11584,181.0,0.0,0.013869815506041,0.013869815506041,0.0
darcy,609,609,64,solver,solver_x_adv_training_target,0.5370819540112279,0.0083919055314254,119.16244722432444,loss1,"MSE(model(a_adv), model(a_clean).detach())",0,0,fixed clean model output; no solver in attack,binary_replace,binary_steepest_replace,1,0.0250519029796123,0.0250519029796123,0.0250519029796123,0.0250519029796123,0.0,6.093347337809973e-07,6.093347337809973e-07,1.702353635835152e-08,1.3668050691251212e-08,-3.3554856671003112e-09,2.002076059579849,9.0,2.013500452041626,181.0,0.0500519014894962,0.6987608075141907,11584,1,1.0,11584,181.0,0.0,0.0138019043952226,0.0138019043952226,0.0
darcy,610,610,64,solver,solver_x_adv_training_target,0.5419667290116195,0.0084682301408065,118.08842973943494,loss1,"MSE(model(a_adv), model(a_clean).detach())",0,0,fixed clean model output; no solver in attack,binary_replace,binary_steepest_replace,1,0.0250519029796123,0.0250519029796123,0.0250519029796123,0.0250519029796123,0.0,5.671063831869105e-07,5.671063831869105e-07,1.6338066899379555e-08,1.3230163631305912e-08,-3.1079032680736422e-09,2.000865042209625,9.0,2.012882232666016,181.0,0.0500216260552406,0.70798659324646,11584,1,1.0,11584,181.0,0.0,0.0138709647580981,0.0138709647580981,0.0
darcy,611,611,64,solver,solver_x_adv_training_target,0.4786958410113584,0.0074796225158024,133.6965866776382,loss1,"MSE(model(a_adv), model(a_clean).detach())",0,0,fixed clean model output; no solver in attack,binary_replace,binary_steepest_replace,1,0.0250519029796123,0.0250519029796123,0.0250519029796123,0.0250519029796123,0.0,6.076362524254364e-07,6.076362524254364e-07,2.228257223180208e-08,1.8044218563773032e-08,-4.238353668029049e-09,2.0015570521354675,9.0,2.0132317543029785,181.0,0.0500389263033866,0.7043771147727966,11584,1,1.0,11584,181.0,0.0,0.0137985749170184,0.0137985749170184,0.0
darcy,612,612,64,solver,solver_x_adv_training_target,0.4775090590119362,0.0074610790470615,134.02887084996686,loss1,"MSE(model(a_adv), model(a_clean).detach())",0,0,fixed clean model output; no solver in attack,binary_replace,binary_steepest_replace,1,0.0250519029796123,0.0250519029796123,0.0250519029796123,0.0250519029796123,0.0,6.078524847907829e-07,6.078524847907829e-07,2.6532456232075677e-08,2.412419064512505e-08,-2.4082655869506198e-09,2.001384049654007,9.0,2.013139247894287,181.0,0.0500346012413501,0.708741307258606,11584,1,1.0,11584,181.0,0.0,0.0138363819569349,0.0138363819569349,0.0
darcy,613,613,64,solver,solver_x_adv_training_target,0.4779118890000973,0.0074673732656265,133.91589845965723,loss1,"MSE(model(a_adv), model(a_clean).detach())",0,0,fixed clean model output; no solver in attack,binary_replace,binary_steepest_replace,1,0.0250519029796123,0.0250519029796123,0.0250519029796123,0.0250519029796123,0.0,5.99152713220974e-07,5.99152713220974e-07,2.4986666957715897e-08,2.2633384944015237e-08,-2.3532820137006642e-09,2.0031140744686127,9.0,2.014026403427124,181.0,0.0500778518617153,0.7118317484855652,11584,1,1.0,11584,181.0,0.0,0.0138642052188515,0.0138642052188515,0.0
darcy,614,614,64,solver,solver_x_adv_training_target,0.4780859430029522,0.0074700928594211,133.86714446779874,loss1,"MSE(model(a_adv), model(a_clean).detach())",0,0,fixed clean model output; no solver in attack,binary_replace,binary_steepest_replace,1,0.0250519029796123,0.0250519029796123,0.0250519029796123,0.0250519029796123,0.0,5.751381877416861e-07,5.751381877416861e-07,2.1277552164633562e-08,1.903060464769624e-08,-2.246947516937325e-09,2.001730054616928,9.0,2.0133249759674072,181.0,0.0500432513654232,0.7071431279182434,11584,1,1.0,11584,181.0,0.0,0.0138188293203711,0.0138188293203711,0.0
darcy,615,615,64,solver,solver_x_adv_training_target,0.4788141169992741,0.0074814705781136,133.6635611353477,loss1,"MSE(model(a_adv), model(a_clean).detach())",0,0,fixed clean model output; no solver in attack,binary_replace,binary_steepest_replace,1,0.0250519029796123,0.0250519029796123,0.0250519029796123,0.0250519029796123,0.0,5.870215886716323e-07,5.870215886716323e-07,2.0012937085311933e-08,1.6431163984975683e-08,-3.5817731003362492e-09,2.0015570521354675,9.0,2.0132393836975098,181.0,0.0500389263033866,0.708637535572052,11584,1,1.0,11584,181.0,0.0,0.0137896863743662,0.0137896863743662,0.0
darcy,616,616,64,solver,solver_x_adv_training_target,0.4825429820048157,0.0075397340938252,132.63067205764747,loss1,"MSE(model(a_adv), model(a_clean).detach())",0,0,fixed clean model output; no solver in attack,binary_replace,binary_steepest_replace,1,0.0250519029796123,0.0250519029796123,0.0250519029796123,0.0250519029796123,0.0,5.753886398451868e-07,5.753886398451868e-07,1.7432421728358353e-08,1.3350303085246653e-08,-4.082118643111698e-09,2.002595067024231,9.0,2.0137617588043213,181.0,0.0500648766756057,0.7141414284706116,11584,1,1.0,11584,181.0,0.0,0.0137569410726428,0.0137569410726428,0.0
darcy,617,617,64,solver,solver_x_adv_training_target,0.4892122810124419,0.0076439418908194,130.82255389735874,loss1,"MSE(model(a_adv), model(a_clean).detach())",0,0,fixed clean model output; no solver in attack,binary_replace,binary_steepest_replace,1,0.0250519029796123,0.0250519029796123,0.0250519029796123,0.0250519029796123,0.0,5.90284287227405e-07,5.90284287227405e-07,1.829386775398234e-08,1.6173636652183632e-08,-2.1202311017987086e-09,2.00224906206131,9.0,2.0135843753814697,181.0,0.0500562265515327,0.7093381881713867,11584,1,1.0,11584,181.0,0.0,0.0137438150122761,0.0137438150122761,0.0
darcy,618,618,64,solver,solver_x_adv_training_target,0.4824111580091994,0.0075376743438937,132.66691480378142,loss1,"MSE(model(a_adv), model(a_clean).detach())",0,0,fixed clean model output; no solver in attack,binary_replace,binary_steepest_replace,1,0.0250519029796123,0.0250519029796123,0.0250519029796123,0.0250519029796123,0.0,6.037364528310718e-07,6.037364528310718e-07,2.010549593478572e-08,1.7161536192134008e-08,-2.943959742651714e-09,2.0036332309246063,9.0,2.0142879486083984,181.0,0.0500908307731151,0.7027313709259033,11584,1,1.0,11584,181.0,0.0,0.0138010093942284,0.0138010093942284,0.0
darcy,619,619,64,solver,solver_x_adv_training_target,0.5449213309912011,0.0085143957967375,117.44814592518384,loss1,"MSE(model(a_adv), model(a_clean).detach())",0,0,fixed clean model output; no solver in attack,binary_replace,binary_steepest_replace,1,0.0250519029796123,0.0250519029796123,0.0250519029796123,0.0250519029796123,0.0,5.882548066438176e-07,5.882548066438176e-07,1.771456403787397e-08,1.5337164427364772e-08,-2.377399610509201e-09,2.001038044691086,9.0,2.0129590034484863,181.0,0.0500259511172771,0.7182785272598267,11584,1,1.0,11584,181.0,0.0,0.0138564752414822,0.0138564752414822,0.0
darcy,620,620,64,solver,solver_x_adv_training_target,0.4830705340136774,0.0075479770939637,132.48582865993632,loss1,"MSE(model(a_adv), model(a_clean).detach())",0,0,fixed clean model output; no solver in attack,binary_replace,binary_steepest_replace,1,0.0250519029796123,0.0250519029796123,0.0250519029796123,0.0250519029796123,0.0,6.08150571679289e-07,6.08150571679289e-07,1.8053698980224908e-08,1.4871789133508171e-08,-3.181909846716735e-09,2.002595067024231,9.0,2.0137650966644287,181.0,0.0500648766756057,0.705281138420105,11584,1,1.0,11584,181.0,0.0,0.0137418946251273,0.0137418946251273,0.0
darcy,621,621,64,solver,solver_x_adv_training_target,0.4823967200063634,0.0075374487500994,132.67088548851606,loss1,"MSE(model(a_adv), model(a_clean).detach())",0,0,fixed clean model output; no solver in attack,binary_replace,binary_steepest_replace,1,0.0250519029796123,0.0250519029796123,0.0250519029796123,0.0250519029796123,0.0,5.973159886707435e-07,5.973159886707435e-07,1.7219440096027938e-08,1.3407906784834722e-08,-3.811533311193216e-09,2.0027680695056915,9.0,2.013852119445801,181.0,0.0500692017376422,0.7102097272872925,11584,1,1.0,11584,181.0,0.0,0.013831602409482,0.013831602409482,0.0
darcy,622,622,64,solver,solver_x_adv_training_target,0.4827262640174012,0.0075425978752718,132.58031470542264,loss1,"MSE(model(a_adv), model(a_clean).detach())",0,0,fixed clean model output; no solver in attack,binary_replace,binary_steepest_replace,1,0.0250519029796123,0.0250519029796123,0.0250519029796123,0.0250519029796123,0.0,5.821443096465373e-07,5.821443096465373e-07,1.668254157038973e-08,1.497234869418662e-08,-1.7101928762031091e-09,2.002076059579849,9.0,2.013499021530152,181.0,0.0500519014894962,0.7077292203903198,11584,1,1.0,11584,181.0,0.0,0.0138741191476583,0.0138741191476583,0.0
darcy,623,623,64,solver,solver_x_adv_training_target,0.548888208984863,0.0085763782653884,116.59933471401088,loss1,"MSE(model(a_adv), model(a_clean).detach())",0,0,fixed clean model output; no solver in attack,binary_replace,binary_steepest_replace,1,0.0250519029796123,0.0250519029796123,0.0250519029796123,0.0250519029796123,0.0,5.821439117426053e-07,5.821439117426053e-07,1.6349700260320787e-08,1.3940910648102545e-08,-2.408789612218243e-09,2.0019030570983887,9.0,2.013413667678833,181.0,0.0500475764274597,0.7072880268096924,11584,1,1.0,11584,181.0,0.0,0.0138035686686635,0.0138035686686635,0.0
darcy,624,624,64,solver,solver_x_adv_training_target,0.5431610079831444,0.0084868907497366,117.82878199899444,loss1,"MSE(model(a_adv), model(a_clean).detach())",0,0,fixed clean model output; no solver in attack,binary_replace,binary_steepest_replace,1,0.0250519029796123,0.0250519029796123,0.0250519029796123,0.0250519029796123,0.0,6.039313689143455e-07,6.039313689143455e-07,1.7315651135163534e-08,1.3769959394949184e-08,-3.5456917402143517e-09,2.002941071987152,9.0,2.01393985748291,181.0,0.0500735267996788,0.7062521576881409,11584,1,1.0,11584,181.0,0.0,0.0138390036299824,0.0138390036299824,0.0
darcy,625,625,64,solver,solver_x_adv_training_target,0.4827390800055582,0.0075427981250868,132.57679489976886,loss1,"MSE(model(a_adv), model(a_clean).detach())",0,0,fixed clean model output; no solver in attack,binary_replace,binary_steepest_replace,1,0.0250519029796123,0.0250519029796123,0.0250519029796123,0.0250519029796123,0.0,5.891462251383928e-07,5.891462251383928e-07,1.862705722999181e-08,1.5453245794105896e-08,-3.173811435885909e-09,2.001384049654007,9.0,2.013136386871338,181.0,0.0500346012413501,0.7067819833755493,11584,1,1.0,11584,181.0,0.0,0.0138784768059849,0.0138784768059849,0.0
darcy,626,626,64,solver,solver_x_adv_training_target,0.4827578069816809,0.0075430907340887,132.57165202597872,loss1,"MSE(model(a_adv), model(a_clean).detach())",0,0,fixed clean model output; no solver in attack,binary_replace,binary_steepest_replace,1,0.0250519029796123,0.0250519029796123,0.0250519029796123,0.0250519029796123,0.0,5.818503723276081e-07,5.818503723276081e-07,1.6643051381493024e-08,1.4472257170439208e-08,-2.170794211053817e-09,2.0019030570983887,9.0,2.0134153366088867,181.0,0.0500475764274597,0.7070631384849548,11584,1,1.0,11584,181.0,0.0,0.0137894004583358,0.0137894004583358,0.0
darcy,627,627,64,solver,solver_x_adv_training_target,0.4931225320033263,0.0077050395625519,129.78518693923377,loss1,"MSE(model(a_adv), model(a_clean).detach())",0,0,fixed clean model output; no solver in attack,binary_replace,binary_steepest_replace,1,0.0250519029796123,0.0250519029796123,0.0250519029796123,0.0250519029796123,0.0,5.972739245407865e-07,5.972739245407865e-07,1.7332553170490428e-08,1.3450103253376255e-08,-3.8824499171141724e-09,2.003287076950073,9.0,2.01411247253418,181.0,0.0500821769237518,0.7086310386657715,11584,1,1.0,11584,181.0,0.0,0.0138645460829138,0.0138645460829138,0.0
darcy,628,628,64,solver,solver_x_adv_training_target,0.4860792380059138,0.0075949880938424,131.6657758569424,loss1,"MSE(model(a_adv), model(a_clean).detach())",0,0,fixed clean model output; no solver in attack,binary_replace,binary_steepest_replace,1,0.0250519029796123,0.0250519029796123,0.0250519029796123,0.0250519029796123,0.0,5.81925519327342e-07,5.81925519327342e-07,1.8391734357692258e-08,1.5120743768193282e-08,-3.2709905894989792e-09,2.0012110471725464,9.0,2.013049364089966,181.0,0.0500302761793136,0.7096171975135803,11584,1,1.0,11584,181.0,0.0,0.013814128935337,0.013814128935337,0.0
darcy,629,629,64,solver,solver_x_adv_training_target,0.5483269109972753,0.0085676079843324,116.71869229179238,loss1,"MSE(model(a_adv), model(a_clean).detach())",0,0,fixed clean model output; no solver in attack,binary_replace,binary_steepest_replace,1,0.0250519029796123,0.0250519029796123,0.0250519029796123,0.0250519029796123,0.0,5.976079933134315e-07,5.976079933134315e-07,1.685900663517259e-08,1.374965208356116e-08,-3.1093545516114322e-09,2.001730054616928,9.0,2.013321876525879,181.0,0.0500432513654232,0.7079498171806335,11584,1,1.0,11584,181.0,0.0,0.0138813536614179,0.0138813536614179,0.0
darcy,630,630,64,solver,solver_x_adv_training_target,0.4853251279855612,0.0075832051247743,131.87036135063676,loss1,"MSE(model(a_adv), model(a_clean).detach())",0,0,fixed clean model output; no solver in attack,binary_replace,binary_steepest_replace,1,0.0250519029796123,0.0250519029796123,0.0250519029796123,0.0250519029796123,0.0,6.001843075864599e-07,6.001843075864599e-07,1.621553202824089e-08,1.4297443229338569e-08,-1.9180887989023172e-09,2.002595067024231,9.0,2.0137617588043213,181.0,0.0500648766756057,0.7179498076438904,11584,1,1.0,11584,181.0,0.0,0.0138189448043704,0.0138189448043704,0.0
darcy,631,631,64,solver,solver_x_adv_training_target,0.4780503499787301,0.0074695367184176,133.87711148595028,loss1,"MSE(model(a_adv), model(a_clean).detach())",0,0,fixed clean model output; no solver in attack,binary_replace,binary_steepest_replace,1,0.0250519029796123,0.0250519029796123,0.0250519029796123,0.0250519029796123,0.0,5.960571343166521e-07,5.960571343166521e-07,1.7180820321982537e-08,1.439443764184034e-08,-2.786382680142196e-09,2.0031140744686127,9.0,2.014026165008545,181.0,0.0500778518617153,0.7157677412033081,11584,1,1.0,11584,181.0,0.0,0.0137846078723669,0.0137846078723669,0.0
darcy,632,632,64,solver,solver_x_adv_training_target,0.4824809019919485,0.0075387640936241,132.64773742498934,loss1,"MSE(model(a_adv), model(a_clean).detach())",0,0,fixed clean model output; no solver in attack,binary_replace,binary_steepest_replace,1,0.0250519029796123,0.0250519029796123,0.0250519029796123,0.0250519029796123,0.0,5.988708835502621e-07,5.988708835502621e-07,1.828847651097476e-08,1.4809313775288048e-08,-3.479162735686714e-09,2.002076059579849,9.0,2.0134952068328857,181.0,0.0500519014894962,0.7099654078483582,11584,1,1.0,11584,181.0,0.0,0.0139569705352187,0.0139569705352187,0.0
darcy,633,633,64,solver,solver_x_adv_training_target,0.4792529770056717,0.0074883277657136,133.54116316577955,loss1,"MSE(model(a_adv), model(a_clean).detach())",0,0,fixed clean model output; no solver in attack,binary_replace,binary_steepest_replace,1,0.0250519029796123,0.0250519029796123,0.0250519029796123,0.0250519029796123,0.0,5.945695420450647e-07,5.945695420450647e-07,1.7596162749100586e-08,1.4163543227141416e-08,-3.432619521959168e-09,2.0036332309246063,9.0,2.0142879486083984,181.0,0.0500908307731151,0.7080060243606567,11584,1,1.0,11584,181.0,0.0,0.0138351060450077,0.0138351060450077,0.0
darcy,634,634,64,solver,solver_x_adv_training_target,0.4779375699872616,0.0074677745310509,133.90870276573105,loss1,"MSE(model(a_adv), model(a_clean).detach())",0,0,fixed clean model output; no solver in attack,binary_replace,binary_steepest_replace,1,0.0250519029796123,0.0250519029796123,0.0250519029796123,0.0250519029796123,0.0,5.83899634420959e-07,5.83899634420959e-07,1.651596726048865e-08,1.4183286545232932e-08,-2.3326807152557194e-09,2.002595067024231,9.0,2.013763427734375,181.0,0.0500648766756057,0.7028481364250183,11584,1,1.0,11584,181.0,0.0,0.013834168203175,0.013834168203175,0.0
darcy,635,635,64,solver,solver_x_adv_training_target,0.5483346730179619,0.0085677292659056,116.71704006560888,loss1,"MSE(model(a_adv), model(a_clean).detach())",0,0,fixed clean model output; no solver in attack,binary_replace,binary_steepest_replace,1,0.0250519029796123,0.0250519029796123,0.0250519029796123,0.0250519029796123,0.0,5.837005119246896e-07,5.837005119246896e-07,1.8693397052516048e-08,1.5758589100300924e-08,-2.9348079522151242e-09,2.00224906206131,9.0,2.0135886669158936,181.0,0.0500562265515327,0.7036656141281128,11584,1,1.0,11584,181.0,0.0,0.0137999448925256,0.0137999448925256,0.0
darcy,636,636,64,solver,solver_x_adv_training_target,0.4773273269820492,0.0074582394840945,134.07989943640254,loss1,"MSE(model(a_adv), model(a_clean).detach())",0,0,fixed clean model output; no solver in attack,binary_replace,binary_steepest_replace,1,0.0250519029796123,0.0250519029796123,0.0250519029796123,0.0250519029796123,0.0,6.182682454891619e-07,6.182682454891619e-07,1.85637034633146e-08,1.4806183834537025e-08,-3.7575196287775725e-09,2.0031140744686127,9.0,2.014026165008545,181.0,0.0500778518617153,0.7085250616073608,11584,1,1.0,11584,181.0,0.0,0.0137999821454286,0.0137999821454286,0.0
darcy,637,637,64,solver,solver_x_adv_training_target,0.4871568089874927,0.0076118251404295,131.37453653376554,loss1,"MSE(model(a_adv), model(a_clean).detach())",0,0,fixed clean model output; no solver in attack,binary_replace,binary_steepest_replace,1,0.0250519029796123,0.0250519029796123,0.0250519029796123,0.0250519029796123,0.0,5.928345672145952e-07,5.928345672145952e-07,2.0191782468259593e-08,1.7513404060309767e-08,-2.678378407949822e-09,2.003806233406067,9.0,2.0143752098083496,181.0,0.0500951558351516,0.7058196067810059,11584,1,1.0,11584,181.0,0.0,0.0138330915942788,0.0138330915942788,0.0
darcy,638,638,64,solver,solver_x_adv_training_target,0.4787634909735061,0.007480679546461,133.67769515980416,loss1,"MSE(model(a_adv), model(a_clean).detach())",0,0,fixed clean model output; no solver in attack,binary_replace,binary_steepest_replace,1,0.0250519029796123,0.0250519029796123,0.0250519029796123,0.0250519029796123,0.0,6.07353399573185e-07,6.07353399573185e-07,1.7217185899198743e-08,1.4791307734185466e-08,-2.4258781650132724e-09,2.003287076950073,9.0,2.014113426208496,181.0,0.0500821769237518,0.7026903033256531,11584,1,1.0,11584,181.0,0.0,0.0138087980449199,0.0138087980449199,0.0
darcy,639,639,64,solver,solver_x_adv_training_target,0.4782116310088895,0.0074720567345138,133.8319602661657,loss1,"MSE(model(a_adv), model(a_clean).detach())",0,0,fixed clean model output; no solver in attack,binary_replace,binary_steepest_replace,1,0.0250519029796123,0.0250519029796123,0.0250519029796123,0.0250519029796123,0.0,5.946756687080779e-07,5.946756687080779e-07,2.062094495158817e-08,1.848752084754324e-08,-2.1334241040449342e-09,2.002941071987152,9.0,2.013939380645752,181.0,0.0500735267996788,0.7088775634765625,11584,1,1.0,11584,181.0,0.0,0.0138722220435738,0.0138722220435738,0.0
darcy,640,640,64,solver,solver_x_adv_training_target,0.4776836670062039,0.0074638072969719,133.9798791972697,loss1,"MSE(model(a_adv), model(a_clean).detach())",0,0,fixed clean model output; no solver in attack,binary_replace,binary_steepest_replace,1,0.0250519029796123,0.0250519029796123,0.0250519029796123,0.0250519029796123,0.0,5.912766027904581e-07,5.912766027904581e-07,1.8932329481913257e-08,1.5383204043928345e-08,-3.549125437984912e-09,2.0031140744686127,9.0,2.014026641845703,181.0,0.0500778518617153,0.7167365550994873,11584,1,1.0,11584,181.0,0.0,0.0137823186814785,0.0137823186814785,0.0
darcy,641,641,64,solver,solver_x_adv_training_target,0.5462497569969855,0.0085351524530778,117.16252351642362,loss1,"MSE(model(a_adv), model(a_clean).detach())",0,0,fixed clean model output; no solver in attack,binary_replace,binary_steepest_replace,1,0.0250519029796123,0.0250519029796123,0.0250519029796123,0.0250519029796123,0.0,6.020273985996027e-07,6.020273985996027e-07,1.7312379085865363e-08,1.4281582139119564e-08,-3.030796946745795e-09,2.003460079431534,9.0,2.0142009258270264,181.0,0.0500865019857883,0.702127993106842,11584,1,1.0,11584,181.0,0.0,0.0138288531452417,0.0138288531452417,0.0
darcy,642,642,64,solver,solver_x_adv_training_target,0.5447916139964946,0.0085123689686952,117.4761107839149,loss1,"MSE(model(a_adv), model(a_clean).detach())",0,0,fixed clean model output; no solver in attack,binary_replace,binary_steepest_replace,1,0.0250519029796123,0.0250519029796123,0.0250519029796123,0.0250519029796123,0.0,5.749156457568461e-07,5.749156457568461e-07,1.6968231264513634e-08,1.4777099544005525e-08,-2.19113172050811e-09,2.0024220645427704,9.0,2.013677835464477,181.0,0.0500605516135692,0.7100908160209656,11584,1,1.0,11584,181.0,0.0,0.0138154299929738,0.0138154299929738,0.0
darcy,643,643,64,solver,solver_x_adv_training_target,0.4775414849864319,0.0074615857029129,134.0197700348869,loss1,"MSE(model(a_adv), model(a_clean).detach())",0,0,fixed clean model output; no solver in attack,binary_replace,binary_steepest_replace,1,0.0250519029796123,0.0250519029796123,0.0250519029796123,0.0250519029796123,0.0,6.133703323030204e-07,6.133703323030204e-07,1.7258406259657022e-08,1.3926248598750137e-08,-3.332157660906887e-09,2.00224906206131,9.0,2.013587713241577,181.0,0.0500562265515327,0.7068144083023071,11584,1,1.0,11584,181.0,0.0,0.0137801812961697,0.0137801812961697,0.0
darcy,644,644,64,solver,solver_x_adv_training_target,0.4785647660028189,0.007477574468794,133.73320508853135,loss1,"MSE(model(a_adv), model(a_clean).detach())",0,0,fixed clean model output; no solver in attack,binary_replace,binary_steepest_replace,1,0.0250519029796123,0.0250519029796123,0.0250519029796123,0.0250519029796123,0.0,6.166465027490631e-07,6.166465027490631e-07,1.7787268546953783e-08,1.3234441098575191e-08,-4.5528274483785935e-09,2.0031140744686127,9.0,2.014026641845703,181.0,0.0500778518617153,0.7049437761306763,11584,1,1.0,11584,181.0,0.0,0.0138696758076548,0.0138696758076548,0.0
darcy,645,645,64,solver,solver_x_adv_training_target,0.4783189509762451,0.0074737336090038,133.80193251673705,loss1,"MSE(model(a_adv), model(a_clean).detach())",0,0,fixed clean model output; no solver in attack,binary_replace,binary_steepest_replace,1,0.0250519029796123,0.0250519029796123,0.0250519029796123,0.0250519029796123,0.0,5.807390834888793e-07,5.807390834888793e-07,1.7861699674881493e-08,1.598728260887583e-08,-1.874417066005662e-09,2.0019030570983887,9.0,2.013415098190308,181.0,0.0500475764274597,0.7088083624839783,11584,1,1.0,11584,181.0,0.0,0.0138786351308226,0.0138786351308226,0.0
darcy,646,646,64,solver,solver_x_adv_training_target,0.4908909930090885,0.007670171765767,130.37517679371044,loss1,"MSE(model(a_adv), model(a_clean).detach())",0,0,fixed clean model output; no solver in attack,binary_replace,binary_steepest_replace,1,0.0250519029796123,0.0250519029796123,0.0250519029796123,0.0250519029796123,0.0,5.90800084410148e-07,5.90800084410148e-07,1.7069913482714583e-08,1.451907660765528e-08,-2.5508368750593036e-09,2.002595067024231,9.0,2.013763666152954,181.0,0.0500648766756057,0.7065311074256897,11584,1,1.0,11584,181.0,0.0,0.0138212349265813,0.0138212349265813,0.0
darcy,647,647,64,solver,solver_x_adv_training_target,0.4825927769998088,0.007540512140622,132.61698693021538,loss1,"MSE(model(a_adv), model(a_clean).detach())",0,0,fixed clean model output; no solver in attack,binary_replace,binary_steepest_replace,1,0.0250519029796123,0.0250519029796123,0.0250519029796123,0.0250519029796123,0.0,6.00686973939446e-07,6.00686973939446e-07,1.9996095446117582e-08,1.8052880079721945e-08,-1.943215366395634e-09,2.0027680695056915,9.0,2.0138518810272217,181.0,0.0500692017376422,0.7080081701278687,11584,1,1.0,11584,181.0,0.0,0.0138521865010261,0.0138521865010261,0.0
darcy,648,648,64,solver,solver_x_adv_training_target,0.479142113996204,0.0074865955311906,133.5720616712624,loss1,"MSE(model(a_adv), model(a_clean).detach())",0,0,fixed clean model output; no solver in attack,binary_replace,binary_steepest_replace,1,0.0250519029796123,0.0250519029796123,0.0250519029796123,0.0250519029796123,0.0,5.95001097281056e-07,5.95001097281056e-07,1.6645627098910154e-08,1.4058084474299905e-08,-2.5875426246102502e-09,2.003460079431534,9.0,2.0142006874084477,181.0,0.0500865019857883,0.7052767872810364,11584,1,1.0,11584,181.0,0.0,0.0137933315709233,0.0137933315709233,0.0
darcy,649,649,64,solver,solver_x_adv_training_target,0.4788469499908387,0.0074819835936068,133.6543962558902,loss1,"MSE(model(a_adv), model(a_clean).detach())",0,0,fixed clean model output; no solver in attack,binary_replace,binary_steepest_replace,1,0.0250519029796123,0.0250519029796123,0.0250519029796123,0.0250519029796123,0.0,5.899954658161732e-07,5.899954658161732e-07,1.8592022144048315e-08,1.6189689588941292e-08,-2.402332555107023e-09,2.0036332309246063,9.0,2.01428771018982,181.0,0.0500908307731151,0.7072815299034119,11584,1,1.0,11584,181.0,0.0,0.0138360634446144,0.0138360634446144,0.0
darcy,650,650,64,solver,solver_x_adv_training_target,0.4784130100160837,0.0074752032815013,133.7756262060022,loss1,"MSE(model(a_adv), model(a_clean).detach())",0,0,fixed clean model output; no solver in attack,binary_replace,binary_steepest_replace,1,0.0250519029796123,0.0250519029796123,0.0250519029796123,0.0250519029796123,0.0,6.125713980509317e-07,6.125713980509317e-07,1.781783964815986e-08,1.527454607241907e-08,-2.54329357574079e-09,2.0031140744686127,9.0,2.014026403427124,181.0,0.0500778518617153,0.7106228470802307,11584,1,1.0,11584,181.0,0.0,0.0138716651126742,0.0138716651126742,0.0
darcy,651,651,64,solver,solver_x_adv_training_target,0.4787247929780278,0.0074800748902816,133.6885010735958,loss1,"MSE(model(a_adv), model(a_clean).detach())",0,0,fixed clean model output; no solver in attack,binary_replace,binary_steepest_replace,1,0.0250519029796123,0.0250519029796123,0.0250519029796123,0.0250519029796123,0.0,5.889246494916733e-07,5.889246494916733e-07,1.6773043398643498e-08,1.4574416340451536e-08,-2.1986270581919602e-09,2.0024220645427704,9.0,2.013674736022949,181.0,0.0500605516135692,0.711952805519104,11584,1,1.0,11584,181.0,0.0,0.0138359442353248,0.0138359442353248,0.0
darcy,652,652,64,solver,solver_x_adv_training_target,0.4786628240253776,0.0074791066253965,133.70580873982155,loss1,"MSE(model(a_adv), model(a_clean).detach())",0,0,fixed clean model output; no solver in attack,binary_replace,binary_steepest_replace,1,0.0250519029796123,0.0250519029796123,0.0250519029796123,0.0250519029796123,0.0,5.826369715578039e-07,5.826369715578039e-07,1.772955116052799e-08,1.380693515073972e-08,-3.922616009788271e-09,2.0027680695056915,9.0,2.013850212097168,181.0,0.0500692017376422,0.7134861350059509,11584,1,1.0,11584,181.0,0.0,0.0138343358412384,0.0138343358412384,0.0
darcy,653,653,64,solver,solver_x_adv_training_target,0.5426926999934949,0.0084795734373983,117.93046046273912,loss1,"MSE(model(a_adv), model(a_clean).detach())",0,0,fixed clean model output; no solver in attack,binary_replace,binary_steepest_replace,1,0.0250519029796123,0.0250519029796123,0.0250519029796123,0.0250519029796123,0.0,5.807042953165364e-07,5.807042953165364e-07,1.9774281767581673e-08,1.671414295856266e-08,-3.060138809019008e-09,2.0027680695056915,9.0,2.0138518810272217,181.0,0.0500692017376422,0.7117495536804199,11584,1,1.0,11584,181.0,0.0,0.0138444723561406,0.0138444723561406,0.0
darcy,654,654,64,solver,solver_x_adv_training_target,0.4775499549868982,0.0074617180466702,134.01739301128373,loss1,"MSE(model(a_adv), model(a_clean).detach())",0,0,fixed clean model output; no solver in attack,binary_replace,binary_steepest_replace,1,0.0250519029796123,0.0250519029796123,0.0250519029796123,0.0250519029796123,0.0,6.044207339073182e-07,6.044207339073182e-07,2.3498339274397043e-08,2.00539673755884e-08,-3.4443718988086403e-09,2.0024220645427704,9.0,2.0136733055114746,181.0,0.0500605516135692,0.6992387175559998,11584,1,1.0,11584,181.0,0.0,0.0138788651674985,0.0138788651674985,0.0
darcy,655,655,64,solver,solver_x_adv_training_target,0.4777628269803244,0.0074650441715675,133.95768022495332,loss1,"MSE(model(a_adv), model(a_clean).detach())",0,0,fixed clean model output; no solver in attack,binary_replace,binary_steepest_replace,1,0.0250519029796123,0.0250519029796123,0.0250519029796123,0.0250519029796123,0.0,6.071919074202015e-07,6.071919074202015e-07,1.8468902851509483e-08,1.5347481507888006e-08,-3.1214213436214773e-09,2.000172883272171,9.0,2.0125157833099365,181.0,0.0500043220818042,0.7063645720481873,11584,1,1.0,11584,181.0,0.0,0.0138853285461664,0.0138853285461664,0.0
darcy,656,656,64,solver,solver_x_adv_training_target,0.4784407079860102,0.0074756360622814,133.76788164495272,loss1,"MSE(model(a_adv), model(a_clean).detach())",0,0,fixed clean model output; no solver in attack,binary_replace,binary_steepest_replace,1,0.0250519029796123,0.0250519029796123,0.0250519029796123,0.0250519029796123,0.0,5.844548240929726e-07,5.844548240929726e-07,1.7798951645886518e-08,1.3702820211847213e-08,-4.096131434039307e-09,2.0027680695056915,9.0,2.013850212097168,181.0,0.0500692017376422,0.7093144059181213,11584,1,1.0,11584,181.0,0.0,0.0138074979186058,0.0138074979186058,0.0
darcy,657,657,64,solver,solver_x_adv_training_target,0.4926895589742344,0.0076982743589724,129.89924148838506,loss1,"MSE(model(a_adv), model(a_clean).detach())",0,0,fixed clean model output; no solver in attack,binary_replace,binary_steepest_replace,1,0.0250519029796123,0.0250519029796123,0.0250519029796123,0.0250519029796123,0.0,5.921796173424809e-07,5.921796173424809e-07,1.6089122922835486e-08,1.3718379321403518e-08,-2.3707436014319683e-09,2.002941071987152,9.0,2.013937473297119,181.0,0.0500735267996788,0.7063343524932861,11584,1,1.0,11584,181.0,0.0,0.0138322161510586,0.0138322161510586,0.0
darcy,658,658,64,solver,solver_x_adv_training_target,0.5453475030080881,0.0085210547345013,117.35636387254314,loss1,"MSE(model(a_adv), model(a_clean).detach())",0,0,fixed clean model output; no solver in attack,binary_replace,binary_steepest_replace,1,0.0250519029796123,0.0250519029796123,0.0250519029796123,0.0250519029796123,0.0,5.842913424203289e-07,5.842913424203289e-07,1.7365792359669285e-08,1.4517800295266172e-08,-2.8479920644031154e-09,2.003460079431534,9.0,2.0142009258270264,181.0,0.0500865019857883,0.7077767848968506,11584,1,1.0,11584,181.0,0.0,0.0138227101415395,0.0138227101415395,0.0
darcy,659,659,64,solver,solver_x_adv_training_target,0.5486929990001954,0.008573328109378,116.64081757306548,loss1,"MSE(model(a_adv), model(a_clean).detach())",0,0,fixed clean model output; no solver in attack,binary_replace,binary_steepest_replace,1,0.0250519029796123,0.0250519029796123,0.0250519029796123,0.0250519029796123,0.0,6.104792191763408e-07,6.104792191763408e-07,1.7478283709237985e-08,1.4530855629857342e-08,-2.947428079380643e-09,2.0031140744686127,9.0,2.014026165008545,181.0,0.0500778518617153,0.7049480676651001,11584,1,1.0,11584,181.0,0.0,0.0138444630429148,0.0138444630429148,0.0
darcy,660,660,64,solver,solver_x_adv_training_target,0.4790270950179547,0.0074847983596555,133.60413359833262,loss1,"MSE(model(a_adv), model(a_clean).detach())",0,0,fixed clean model output; no solver in attack,binary_replace,binary_steepest_replace,1,0.0250519029796123,0.0250519029796123,0.0250519029796123,0.0250519029796123,0.0,5.700355814042268e-07,5.700355814042268e-07,1.7493178461336356e-08,1.4884934174119737e-08,-2.608244287216621e-09,2.002595067024231,9.0,2.0137648582458496,181.0,0.0500648766756057,0.7115397453308105,11584,1,1.0,11584,181.0,0.0,0.013912065885961,0.013912065885961,0.0
darcy,661,661,64,solver,solver_x_adv_training_target,0.4780839860031847,0.0074700622812997,133.86769244258616,loss1,"MSE(model(a_adv), model(a_clean).detach())",0,0,fixed clean model output; no solver in attack,binary_replace,binary_steepest_replace,1,0.0250519029796123,0.0250519029796123,0.0250519029796123,0.0250519029796123,0.0,5.687010116162128e-07,5.687010116162128e-07,1.7669238516759833e-08,1.4300304940206844e-08,-3.36893357655299e-09,2.001038044691086,9.0,2.0129623413085938,181.0,0.0500259511172771,0.7146669626235962,11584,1,1.0,11584,181.0,0.0,0.0138439461588859,0.0138439461588859,0.0
darcy,662,662,64,solver,solver_x_adv_training_target,0.4796837149769999,0.0074950580465156,133.4212482136666,loss1,"MSE(model(a_adv), model(a_clean).detach())",0,0,fixed clean model output; no solver in attack,binary_replace,binary_steepest_replace,1,0.0250519029796123,0.0250519029796123,0.0250519029796123,0.0250519029796123,0.0,6.164896717564261e-07,6.164896717564261e-07,1.5731760782955462e-08,1.330585241987592e-08,-2.425908363079543e-09,2.003806233406067,9.0,2.0143752098083496,181.0,0.0500951558351516,0.7036980986595154,11584,1,1.0,11584,181.0,0.0,0.0138083128258585,0.0138083128258585,0.0
darcy,663,663,64,solver,solver_x_adv_training_target,0.4780874740099534,0.0074701167814055,133.86671577734657,loss1,"MSE(model(a_adv), model(a_clean).detach())",0,0,fixed clean model output; no solver in attack,binary_replace,binary_steepest_replace,1,0.0250519029796123,0.0250519029796123,0.0250519029796123,0.0250519029796123,0.0,6.168153277030797e-07,6.168153277030797e-07,1.598736787400412e-08,1.353669176751282e-08,-2.4506761064913007e-09,2.0031140744686127,9.0,2.014026403427124,181.0,0.0500778518617153,0.7064705491065979,11584,1,1.0,11584,181.0,0.0,0.0138491420075297,0.0138491420075297,0.0
darcy,664,664,64,solver,solver_x_adv_training_target,0.4784916670178063,0.0074764322971532,133.75363545802009,loss1,"MSE(model(a_adv), model(a_clean).detach())",0,0,fixed clean model output; no solver in attack,binary_replace,binary_steepest_replace,1,0.0250519029796123,0.0250519029796123,0.0250519029796123,0.0250519029796123,0.0,5.992962428535975e-07,5.992962428535975e-07,1.917601721856954e-08,1.5846282508391596e-08,-3.329734710177945e-09,2.0031140744686127,9.0,2.014026165008545,181.0,0.0500778518617153,0.7062672972679138,11584,1,1.0,11584,181.0,0.0,0.0138810882344841,0.0138810882344841,0.0
darcy,665,665,64,solver,solver_x_adv_training_target,0.4785762279934715,0.0074777535623979,133.7300021531221,loss1,"MSE(model(a_adv), model(a_clean).detach())",0,0,fixed clean model output; no solver in attack,binary_replace,binary_steepest_replace,1,0.0250519029796123,0.0250519029796123,0.0250519029796123,0.0250519029796123,0.0,5.962172053841641e-07,5.962172053841641e-07,1.7439457877799214e-08,1.3420888400617061e-08,-4.018569477182154e-09,2.0019030570983887,9.0,2.0134119987487797,181.0,0.0500475764274597,0.7147750854492188,11584,1,1.0,11584,181.0,0.0,0.0137747712433338,0.0137747712433338,0.0
darcy,666,666,64,solver,solver_x_adv_training_target,0.4783123389934189,0.0074736302967721,133.803782136761,loss1,"MSE(model(a_adv), model(a_clean).detach())",0,0,fixed clean model output; no solver in attack,binary_replace,binary_steepest_replace,1,0.0250519029796123,0.0250519029796123,0.0250519029796123,0.0250519029796123,0.0,5.892844683330623e-07,5.892844683330623e-07,1.930518500614653e-08,1.5594940450114336e-08,-3.710244556032194e-09,2.002076059579849,9.0,2.0135040283203125,181.0,0.0500519014894962,0.7040548920631409,11584,1,1.0,11584,181.0,0.0,0.0137279583141207,0.0137279583141207,0.0
darcy,667,667,64,solver,solver_x_adv_training_target,0.55935009100358,0.0087398451719309,114.41850288282224,loss1,"MSE(model(a_adv), model(a_clean).detach())",0,0,fixed clean model output; no solver in attack,binary_replace,binary_steepest_replace,1,0.0250519029796123,0.0250519029796123,0.0250519029796123,0.0250519029796123,0.0,5.767088282482291e-07,5.767088282482291e-07,1.594691312334362e-08,1.357498913279187e-08,-2.3719239905517493e-09,2.0019030570983887,9.0,2.0134148597717285,181.0,0.0500475764274597,0.7015441060066223,11584,1,1.0,11584,181.0,0.0,0.0140951154753565,0.0140951154753565,0.0
darcy,668,668,64,solver,solver_x_adv_training_target,0.536715329013532,0.0083861770158364,119.2438459278408,loss1,"MSE(model(a_adv), model(a_clean).detach())",0,0,fixed clean model output; no solver in attack,binary_replace,binary_steepest_replace,1,0.0250519029796123,0.0250519029796123,0.0250519029796123,0.0250519029796123,0.0,5.731720307267096e-07,5.731720307267096e-07,1.6000008429273294e-08,1.3649618324507172e-08,-2.35039010476612e-09,2.001730054616928,9.0,2.0133211612701416,181.0,0.0500432513654232,0.7181077003479004,11584,1,1.0,11584,181.0,0.0,0.0139315780252218,0.0139315780252218,0.0
darcy,669,669,64,solver,solver_x_adv_training_target,0.4782315279881004,0.007472367624814,133.82639214366577,loss1,"MSE(model(a_adv), model(a_clean).detach())",0,0,fixed clean model output; no solver in attack,binary_replace,binary_steepest_replace,1,0.0250519029796123,0.0250519029796123,0.0250519029796123,0.0250519029796123,0.0,5.783404048997909e-07,5.783404048997909e-07,1.765591939317801e-08,1.4187067520765597e-08,-3.468851872412415e-09,2.00224906206131,9.0,2.0135884284973145,181.0,0.0500562265515327,0.7096842527389526,11584,1,1.0,11584,181.0,0.0,0.01382895745337,0.01382895745337,0.0
darcy,670,670,64,solver,solver_x_adv_training_target,0.4776914539979771,0.0074639289687183,133.97769515104414,loss1,"MSE(model(a_adv), model(a_clean).detach())",0,0,fixed clean model output; no solver in attack,binary_replace,binary_steepest_replace,1,0.0250519029796123,0.0250519029796123,0.0250519029796123,0.0250519029796123,0.0,5.773694624622294e-07,5.773694624622294e-07,1.6933265456486882e-08,1.4203794584943807e-08,-2.7294708715430716e-09,2.00224906206131,9.0,2.0135889053344727,181.0,0.0500562265515327,0.7090787291526794,11584,1,1.0,11584,181.0,0.0,0.0138376103714108,0.0138376103714108,0.0
darcy,671,671,64,solver,solver_x_adv_training_target,0.4784669850196223,0.0074760466409315,133.76053521723196,loss1,"MSE(model(a_adv), model(a_clean).detach())",0,0,fixed clean model output; no solver in attack,binary_replace,binary_steepest_replace,1,0.0250519029796123,0.0250519029796123,0.0250519029796123,0.0250519029796123,0.0,5.7525176089257e-07,5.7525176089257e-07,1.6675585357006643e-08,1.3350616612228805e-08,-3.3249687447778342e-09,2.0027680695056915,9.0,2.0138518810272217,181.0,0.0500692017376422,0.7134947776794434,11584,1,1.0,11584,181.0,0.0,0.0139028616249561,0.0139028616249561,0.0
darcy,672,672,64,solver,solver_x_adv_training_target,0.4784966559964232,0.0074765102499441,133.75224089440326,loss1,"MSE(model(a_adv), model(a_clean).detach())",0,0,fixed clean model output; no solver in attack,binary_replace,binary_steepest_replace,1,0.0250519029796123,0.0250519029796123,0.0250519029796123,0.0250519029796123,0.0,5.987684517094749e-07,5.987684517094749e-07,1.6121465051810446e-08,1.40534135439907e-08,-2.068051507819746e-09,2.00224906206131,9.0,2.013590097427368,181.0,0.0500562265515327,0.7080233097076416,11584,1,1.0,11584,181.0,0.0,0.0138214854523539,0.0138214854523539,0.0
darcy,673,673,64,solver,solver_x_adv_training_target,0.4780474989966023,0.0074694921718219,133.8779099029548,loss1,"MSE(model(a_adv), model(a_clean).detach())",0,0,fixed clean model output; no solver in attack,binary_replace,binary_steepest_replace,1,0.0250519029796123,0.0250519029796123,0.0250519029796123,0.0250519029796123,0.0,5.888462055736454e-07,5.888462055736454e-07,1.5834487498977978e-08,1.3918223906728144e-08,-1.916263592249834e-09,2.001730054616928,9.0,2.0133252143859863,181.0,0.0500432513654232,0.7119225859642029,11584,1,1.0,11584,181.0,0.0,0.0138172712177038,0.0138172712177038,0.0
darcy,674,674,64,solver,solver_x_adv_training_target,0.5361022180004511,0.008376597156257,119.38021864320312,loss1,"MSE(model(a_adv), model(a_clean).detach())",0,0,fixed clean model output; no solver in attack,binary_replace,binary_steepest_replace,1,0.0250519029796123,0.0250519029796123,0.0250519029796123,0.0250519029796123,0.0,5.979565003144671e-07,5.979565003144671e-07,1.7004799346409527e-08,1.3758429062704636e-08,-3.2463702837048913e-09,2.002595067024231,9.0,2.013763904571533,181.0,0.0500648766756057,0.7140268087387085,11584,1,1.0,11584,181.0,0.0,0.0138288522139191,0.0138288522139191,0.0
darcy,675,675,64,solver,solver_x_adv_training_target,0.4780800799780991,0.0074700012496577,133.86878617266763,loss1,"MSE(model(a_adv), model(a_clean).detach())",0,0,fixed clean model output; no solver in attack,binary_replace,binary_steepest_replace,1,0.0250519029796123,0.0250519029796123,0.0250519029796123,0.0250519029796123,0.0,5.874826456420124e-07,5.874826456420124e-07,1.7606193836172682e-08,1.4121997793381524e-08,-3.484196042791154e-09,2.002076059579849,9.0,2.013502836227417,181.0,0.0500519014894962,0.7139251828193665,11584,1,1.0,11584,181.0,0.0,0.0138388769701123,0.0138388769701123,0.0
darcy,676,676,64,solver,solver_x_adv_training_target,0.5475124239746947,0.0085548816246046,116.89232462596684,loss1,"MSE(model(a_adv), model(a_clean).detach())",0,0,fixed clean model output; no solver in attack,binary_replace,binary_steepest_replace,1,0.0250519029796123,0.0250519029796123,0.0250519029796123,0.0250519029796123,0.0,5.769520612375345e-07,5.769520612375345e-07,1.589873477314541e-08,1.3597441395063471e-08,-2.3012933780819367e-09,2.001384049654007,9.0,2.013148784637451,181.0,0.0500346012413501,0.7126492261886597,11584,1,1.0,11584,181.0,0.0,0.0138238575309515,0.0138238575309515,0.0
darcy,677,677,64,solver,solver_x_adv_training_target,0.4877528020006139,0.0076211375312595,131.21400786933756,loss1,"MSE(model(a_adv), model(a_clean).detach())",0,0,fixed clean model output; no solver in attack,binary_replace,binary_steepest_replace,1,0.0250519029796123,0.0250519029796123,0.0250519029796123,0.0250519029796123,0.0,5.897867367821163e-07,5.897867367821163e-07,1.6551794601582518e-08,1.4451780216973022e-08,-2.1000143846094943e-09,2.0015570521354675,9.0,2.0132369995117188,181.0,0.0500389263033866,0.7098767161369324,11584,1,1.0,11584,181.0,0.0,0.0138234300538897,0.0138234300538897,0.0
darcy,678,678,64,solver,solver_x_adv_training_target,0.4785643859941046,0.0074775685311578,133.73331128068608,loss1,"MSE(model(a_adv), model(a_clean).detach())",0,0,fixed clean model output; no solver in attack,binary_replace,binary_steepest_replace,1,0.0250519029796123,0.0250519029796123,0.0250519029796123,0.0250519029796123,0.0,5.667292271027691e-07,5.667292271027691e-07,2.0365721553616826e-08,1.7683264630363738e-08,-2.6824569232530852e-09,2.0024220645427704,9.0,2.013676166534424,181.0,0.0500605516135692,0.7037672996520996,11584,1,1.0,11584,181.0,0.0,0.0139104789122939,0.0139104789122939,0.0
darcy,679,679,64,solver,solver_x_adv_training_target,0.4779304569819942,0.0074676633903436,133.9106957195054,loss1,"MSE(model(a_adv), model(a_clean).detach())",0,0,fixed clean model output; no solver in attack,binary_replace,binary_steepest_replace,1,0.0250519029796123,0.0250519029796123,0.0250519029796123,0.0250519029796123,0.0,5.924657671130262e-07,5.924657671130262e-07,1.6943673131208925e-08,1.3793533426564863e-08,-3.150139704644061e-09,2.001384049654007,9.0,2.013148307800293,181.0,0.0500346012413501,0.7073594331741333,11584,1,1.0,11584,181.0,0.0,0.0137903904542326,0.0137903904542326,0.0
darcy,680,680,64,solver,solver_x_adv_training_target,0.4784502649854403,0.0074757853903975,133.76520964399003,loss1,"MSE(model(a_adv), model(a_clean).detach())",0,0,fixed clean model output; no solver in attack,binary_replace,binary_steepest_replace,1,0.0250519029796123,0.0250519029796123,0.0250519029796123,0.0250519029796123,0.0,5.943632004346e-07,5.943632004346e-07,1.7344980562938872e-08,1.424995765830772e-08,-3.09502290463115e-09,2.001730054616928,9.0,2.013322353363037,181.0,0.0500432513654232,0.709565281867981,11584,1,1.0,11584,181.0,0.0,0.0138228563591837,0.0138228563591837,0.0
darcy,681,681,64,solver,solver_x_adv_training_target,0.4786810889781918,0.0074793920152842,133.70070695004156,loss1,"MSE(model(a_adv), model(a_clean).detach())",0,0,fixed clean model output; no solver in attack,binary_replace,binary_steepest_replace,1,0.0250519029796123,0.0250519029796123,0.0250519029796123,0.0250519029796123,0.0,5.913992708883598e-07,5.913992708883598e-07,1.8144030278222093e-08,1.447133168852588e-08,-3.67269858969621e-09,2.00224906206131,9.0,2.0135884284973145,181.0,0.0500562265515327,0.7013516426086426,11584,1,1.0,11584,181.0,0.0,0.0137214949354529,0.0137214949354529,0.0
darcy,682,682,64,solver,solver_x_adv_training_target,0.4784049239824526,0.0074750769372258,133.77788729103352,loss1,"MSE(model(a_adv), model(a_clean).detach())",0,0,fixed clean model output; no solver in attack,binary_replace,binary_steepest_replace,1,0.0250519029796123,0.0250519029796123,0.0250519029796123,0.0250519029796123,0.0,5.996173513267422e-07,5.996173513267422e-07,2.0085968444050195e-08,1.919858583221412e-08,-8.873826118360738e-10,2.001384049654007,9.0,2.013144254684448,181.0,0.0500346012413501,0.7104325294494629,11584,1,1.0,11584,181.0,0.0,0.0138234766200184,0.0138234766200184,0.0
darcy,683,683,64,solver,solver_x_adv_training_target,0.4782175770087633,0.0074721496407619,133.8302962436431,loss1,"MSE(model(a_adv), model(a_clean).detach())",0,0,fixed clean model output; no solver in attack,binary_replace,binary_steepest_replace,1,0.0250519029796123,0.0250519029796123,0.0250519029796123,0.0250519029796123,0.0,6.020133582751441e-07,6.020133582751441e-07,1.6738471941835087e-08,1.3385576203006622e-08,-3.352895738828465e-09,2.0015570521354675,9.0,2.0132339000701904,181.0,0.0500389263033866,0.7041781544685364,11584,1,1.0,11584,181.0,0.0,0.0138784246519207,0.0138784246519207,0.0
darcy,684,684,64,solver,solver_x_adv_training_target,0.4780589800211601,0.0074696715628306,133.87469470224616,loss1,"MSE(model(a_adv), model(a_clean).detach())",0,0,fixed clean model output; no solver in attack,binary_replace,binary_steepest_replace,1,0.0250519029796123,0.0250519029796123,0.0250519029796123,0.0250519029796123,0.0,5.672645784216002e-07,5.672645784216002e-07,1.6805360658622703e-08,1.3754228866957874e-08,-3.051131791664829e-09,2.001384049654007,9.0,2.0131468772888184,181.0,0.0500346012413501,0.7127487063407898,11584,1,1.0,11584,181.0,0.0,0.0138490842655301,0.0138490842655301,0.0
darcy,685,685,64,solver,solver_x_adv_training_target,0.4777588229917455,0.007464981609246,133.95880289395672,loss1,"MSE(model(a_adv), model(a_clean).detach())",0,0,fixed clean model output; no solver in attack,binary_replace,binary_steepest_replace,1,0.0250519029796123,0.0250519029796123,0.0250519029796123,0.0250519029796123,0.0,5.960896487522405e-07,5.960896487522405e-07,1.6820211001800093e-08,1.3900772088959457e-08,-2.9194389128406333e-09,2.0031140744686127,9.0,2.014026641845703,181.0,0.0500778518617153,0.7101665139198303,11584,1,1.0,11584,181.0,0.0,0.0138862114399671,0.0138862114399671,0.0
darcy,686,686,64,solver,solver_x_adv_training_target,0.5438282249961048,0.0084973160155641,117.68421913088164,loss1,"MSE(model(a_adv), model(a_clean).detach())",0,0,fixed clean model output; no solver in attack,binary_replace,binary_steepest_replace,1,0.0250519029796123,0.0250519029796123,0.0250519029796123,0.0250519029796123,0.0,6.002252348480397e-07,6.002252348480397e-07,1.6942934166763738e-08,1.3521226804869002e-08,-3.421707361894732e-09,2.00224906206131,9.0,2.01358962059021,181.0,0.0500562265515327,0.7050086259841919,11584,1,1.0,11584,181.0,0.0,0.0137998005375266,0.0137998005375266,0.0
darcy,687,687,64,solver,solver_x_adv_training_target,0.5509291820053477,0.0086082684688335,116.16738065506716,loss1,"MSE(model(a_adv), model(a_clean).detach())",0,0,fixed clean model output; no solver in attack,binary_replace,binary_steepest_replace,1,0.0250519029796123,0.0250519029796123,0.0250519029796123,0.0250519029796123,0.0,5.958107749393093e-07,5.958107749393093e-07,1.6622200504912144e-08,1.3885739669206032e-08,-2.7364608357061115e-09,2.002595067024231,9.0,2.013762950897217,181.0,0.0500648766756057,0.7089835405349731,11584,1,1.0,11584,181.0,0.0,0.0137823484838008,0.0137823484838008,0.0
darcy,688,688,64,solver,solver_x_adv_training_target,0.4777970129798632,0.0074655783278103,133.948095658558,loss1,"MSE(model(a_adv), model(a_clean).detach())",0,0,fixed clean model output; no solver in attack,binary_replace,binary_steepest_replace,1,0.0250519029796123,0.0250519029796123,0.0250519029796123,0.0250519029796123,0.0,5.885440259589814e-07,5.885440259589814e-07,1.6360345966859313e-08,1.3622988959127724e-08,-2.737357007731589e-09,2.0039792358875275,9.0,2.0144622325897217,181.0,0.0500994808971881,0.7108088135719299,11584,1,1.0,11584,181.0,0.0,0.013808767311275,0.013808767311275,0.0
darcy,689,689,64,solver,solver_x_adv_training_target,0.4774517140176613,0.0074601830315259,134.04496857169644,loss1,"MSE(model(a_adv), model(a_clean).detach())",0,0,fixed clean model output; no solver in attack,binary_replace,binary_steepest_replace,1,0.0250519029796123,0.0250519029796123,0.0250519029796123,0.0250519029796123,0.0,5.849133231095038e-07,5.849133231095038e-07,1.7050419742759004e-08,1.3719305691495265e-08,-3.3311140512637394e-09,2.002941071987152,9.0,2.013939142227173,181.0,0.0500735267996788,0.7103092074394226,11584,1,1.0,11584,181.0,0.0,0.0138912694528698,0.0138912694528698,0.0
darcy,690,690,64,solver,solver_x_adv_training_target,0.4978668930125423,0.0077791702033209,128.548415044717,loss1,"MSE(model(a_adv), model(a_clean).detach())",0,0,fixed clean model output; no solver in attack,binary_replace,binary_steepest_replace,1,0.0250519029796123,0.0250519029796123,0.0250519029796123,0.0250519029796123,0.0,5.821090098834247e-07,5.821090098834247e-07,1.7806682350851588e-08,1.472281674352871e-08,-3.0838656073228772e-09,2.0031140744686127,9.0,2.0140256881713867,181.0,0.0500778518617153,0.7150281071662903,11584,1,1.0,11584,181.0,0.0,0.013842144049704,0.013842144049704,0.0
darcy,691,691,64,solver,solver_x_adv_training_target,0.4817282999865711,0.0075270046872901,132.8549724020451,loss1,"MSE(model(a_adv), model(a_clean).detach())",0,0,fixed clean model output; no solver in attack,binary_replace,binary_steepest_replace,1,0.0250519029796123,0.0250519029796123,0.0250519029796123,0.0250519029796123,0.0,6.061599719942024e-07,6.061599719942024e-07,2.0698051272916015e-08,1.6792235157936375e-08,-3.905816114979643e-09,2.0036332309246063,9.0,2.0142879486083984,181.0,0.0500908307731151,0.7081747055053711,11584,1,1.0,11584,181.0,0.0,0.0137211484834551,0.0137211484834551,0.0
darcy,692,692,64,solver,solver_x_adv_training_target,0.4783962650108151,0.0074749416407939,133.78030867058118,loss1,"MSE(model(a_adv), model(a_clean).detach())",0,0,fixed clean model output; no solver in attack,binary_replace,binary_steepest_replace,1,0.0250519029796123,0.0250519029796123,0.0250519029796123,0.0250519029796123,0.0,5.938268827776483e-07,5.938268827776483e-07,1.872624544319024e-08,1.5953599330487123e-08,-2.7726461127031143e-09,2.0027680695056915,9.0,2.0138490200042725,181.0,0.0500692017376422,0.698148787021637,11584,1,1.0,11584,181.0,0.0,0.0137933585792779,0.0137933585792779,0.0
darcy,693,693,64,solver,solver_x_adv_training_target,0.4790448370040394,0.0074850755781881,133.59918541291017,loss1,"MSE(model(a_adv), model(a_clean).detach())",0,0,fixed clean model output; no solver in attack,binary_replace,binary_steepest_replace,1,0.0250519029796123,0.0250519029796123,0.0250519029796123,0.0250519029796123,0.0,5.910815730203467e-07,5.910815730203467e-07,1.5830426747243113e-08,1.2979224806031198e-08,-2.8512019412119116e-09,2.0036332309246063,9.0,2.014287233352661,181.0,0.0500908307731151,0.7121950387954712,11584,1,1.0,11584,181.0,0.0,0.0137871764600276,0.0137871764600276,0.0
darcy,694,694,64,solver,solver_x_adv_training_target,0.4792196759954095,0.0074878074374282,133.55044295095485,loss1,"MSE(model(a_adv), model(a_clean).detach())",0,0,fixed clean model output; no solver in attack,binary_replace,binary_steepest_replace,1,0.0250519029796123,0.0250519029796123,0.0250519029796123,0.0250519029796123,0.0,5.95331471231475e-07,5.95331471231475e-07,2.0651183874065282e-08,1.7339953473083373e-08,-3.3112304009819127e-09,2.002595067024231,9.0,2.0137648582458496,181.0,0.0500648766756057,0.7072123289108276,11584,1,1.0,11584,181.0,0.0,0.013913101516664,0.013913101516664,0.0
darcy,695,695,64,solver,solver_x_adv_training_target,0.4782931489753537,0.0074733304527399,133.80915059541843,loss1,"MSE(model(a_adv), model(a_clean).detach())",0,0,fixed clean model output; no solver in attack,binary_replace,binary_steepest_replace,1,0.0250519029796123,0.0250519029796123,0.0250519029796123,0.0250519029796123,0.0,5.997831635795592e-07,5.997831635795592e-07,2.016180467023787e-08,1.7352355996536062e-08,-2.8094486737018087e-09,2.003287076950073,9.0,2.014113426208496,181.0,0.0500821769237518,0.7139835357666016,11584,1,1.0,11584,181.0,0.0,0.0137717183679342,0.0137717183679342,0.0
darcy,696,696,64,solver,solver_x_adv_training_target,0.4779296029882971,0.0074676500466921,133.91093499928513,loss1,"MSE(model(a_adv), model(a_clean).detach())",0,0,fixed clean model output; no solver in attack,binary_replace,binary_steepest_replace,1,0.0250519029796123,0.0250519029796123,0.0250519029796123,0.0250519029796123,0.0,5.866531864739954e-07,5.866531864739954e-07,1.708834318492336e-08,1.3547111876732744e-08,-3.5412313081906173e-09,2.0024220645427704,9.0,2.0136775970458984,181.0,0.0500605516135692,0.7111072540283203,11584,1,1.0,11584,181.0,0.0,0.0139483297243714,0.0139483297243714,0.0
darcy,697,697,64,solver,solver_x_adv_training_target,0.4926451310166158,0.0076975801721346,129.91095612359035,loss1,"MSE(model(a_adv), model(a_clean).detach())",0,0,fixed clean model output; no solver in attack,binary_replace,binary_steepest_replace,1,0.0250519029796123,0.0250519029796123,0.0250519029796123,0.0250519029796123,0.0,5.869551387149841e-07,5.869551387149841e-07,1.8357225073373232e-08,1.3904085882643358e-08,-4.453139190729871e-09,2.001384049654007,9.0,2.013144254684448,181.0,0.0500346012413501,0.7147448062896729,11584,1,1.0,11584,181.0,0.0,0.0137405218556523,0.0137405218556523,0.0
darcy,698,698,64,solver,solver_x_adv_training_target,0.4785364419803954,0.0074771319059436,133.74112060335403,loss1,"MSE(model(a_adv), model(a_clean).detach())",0,0,fixed clean model output; no solver in attack,binary_replace,binary_steepest_replace,1,0.0250519029796123,0.0250519029796123,0.0250519029796123,0.0250519029796123,0.0,5.581443929258967e-07,5.581443929258967e-07,1.6130853097706677e-08,1.3315042401984556e-08,-2.8158106957221207e-09,1.9996538758277893,9.0,2.0122687816619877,181.0,0.0499913468956947,0.7144960761070251,11584,1,1.0,11584,181.0,0.0,0.0138739440590143,0.0138739440590143,0.0
darcy,699,699,64,solver,solver_x_adv_training_target,0.4786890620016493,0.0074795165937757,133.69848003708825,loss1,"MSE(model(a_adv), model(a_clean).detach())",0,0,fixed clean model output; no solver in attack,binary_replace,binary_steepest_replace,1,0.0250519029796123,0.0250519029796123,0.0250519029796123,0.0250519029796123,0.0,5.959312829872943e-07,5.959312829872943e-07,1.6186755047442606e-08,1.4397120828846257e-08,-1.7896342185963474e-09,2.0027680695056915,9.0,2.0138511657714844,181.0,0.0500692017376422,0.7070263624191284,11584,1,1.0,11584,181.0,0.0,0.0138340163975954,0.0138340163975954,0.0
darcy,700,700,64,solver,solver_x_adv_training_target,0.4786852549877949,0.0074794571091842,133.69954334948508,loss1,"MSE(model(a_adv), model(a_clean).detach())",0,0,fixed clean model output; no solver in attack,binary_replace,binary_steepest_replace,1,0.0250519029796123,0.0250519029796123,0.0250519029796123,0.0250519029796123,0.0,5.810202310385648e-07,5.810202310385648e-07,1.638532332037812e-08,1.3254275899043932e-08,-3.1310474213341877e-09,1.9987888634204865,9.0,2.0118207931518555,181.0,0.0499697215855121,0.713483989238739,11584,1,1.0,11584,181.0,0.0,0.0138438940048217,0.0138438940048217,0.0
darcy,701,701,64,solver,solver_x_adv_training_target,0.4782152819971088,0.0074721137812048,133.83093851105102,loss1,"MSE(model(a_adv), model(a_clean).detach())",0,0,fixed clean model output; no solver in attack,binary_replace,binary_steepest_replace,1,0.0250519029796123,0.0250519029796123,0.0250519029796123,0.0250519029796123,0.0,5.582596713793464e-07,5.582596713793464e-07,1.6318042028728996e-08,1.3614334548606166e-08,-2.70370748012283e-09,2.0019030570983887,9.0,2.013413429260254,181.0,0.0500475764274597,0.7109817862510681,11584,1,1.0,11584,181.0,0.0,0.0138456458225846,0.0138456458225846,0.0
darcy,702,702,64,solver,solver_x_adv_training_target,0.4782893120136577,0.0074732705002134,133.8102240473491,loss1,"MSE(model(a_adv), model(a_clean).detach())",0,0,fixed clean model output; no solver in attack,binary_replace,binary_steepest_replace,1,0.0250519029796123,0.0250519029796123,0.0250519029796123,0.0250519029796123,0.0,6.040490916348062e-07,6.040490916348062e-07,1.712687591748363e-08,1.5026765609604812e-08,-2.100110307878822e-09,2.003287076950073,9.0,2.0141139030456543,181.0,0.0500821769237518,0.7048637270927429,11584,1,1.0,11584,181.0,0.0,0.0137815168127417,0.0137815168127417,0.0
darcy,703,703,64,solver,solver_x_adv_training_target,0.4780068800027948,0.0074688575000436,133.88928627894603,loss1,"MSE(model(a_adv), model(a_clean).detach())",0,0,fixed clean model output; no solver in attack,binary_replace,binary_steepest_replace,1,0.0250519029796123,0.0250519029796123,0.0250519029796123,0.0250519029796123,0.0,6.04295053108217e-07,6.04295053108217e-07,2.211468874691036e-08,1.7829707488203894e-08,-4.284981258706466e-09,2.000865042209625,9.0,2.012880325317383,181.0,0.0500216260552406,0.7115505933761597,11584,1,1.0,11584,181.0,0.0,0.0138445943593978,0.0138445943593978,0.0
darcy,704,704,64,solver,solver_x_adv_training_target,0.484563670004718,0.0075713073438237,132.0775864178527,loss1,"MSE(model(a_adv), model(a_clean).detach())",0,0,fixed clean model output; no solver in attack,binary_replace,binary_steepest_replace,1,0.0250519029796123,0.0250519029796123,0.0250519029796123,0.0250519029796123,0.0,5.719930982195365e-07,5.719930982195365e-07,1.658456305619893e-08,1.290470219572626e-08,-3.6798608604726715e-09,2.003287076950073,9.0,2.014113426208496,181.0,0.0500821769237518,0.706063985824585,11584,1,1.0,11584,181.0,0.0,0.0137476827949285,0.0137476827949285,0.0
darcy,705,705,64,solver,solver_x_adv_training_target,0.4778623559977859,0.0074665993124654,133.92977956249922,loss1,"MSE(model(a_adv), model(a_clean).detach())",0,0,fixed clean model output; no solver in attack,binary_replace,binary_steepest_replace,1,0.0250519029796123,0.0250519029796123,0.0250519029796123,0.0250519029796123,0.0,6.034089210515958e-07,6.034089210515958e-07,1.7940744001521125e-08,1.5226131466761217e-08,-2.714612534759908e-09,2.002595067024231,9.0,2.013762950897217,181.0,0.0500648766756057,0.7060272097587585,11584,1,1.0,11584,181.0,0.0,0.013811295852065,0.013811295852065,0.0
darcy,706,706,64,solver,solver_x_adv_training_target,0.4782589550013654,0.0074727961718963,133.81871751845668,loss1,"MSE(model(a_adv), model(a_clean).detach())",0,0,fixed clean model output; no solver in attack,binary_replace,binary_steepest_replace,1,0.0250519029796123,0.0250519029796123,0.0250519029796123,0.0250519029796123,0.0,5.774519422629965e-07,5.774519422629965e-07,2.5733534414484893e-08,2.1745398370853763e-08,-3.9881360436311306e-09,2.003287076950073,9.0,2.01411247253418,181.0,0.0500821769237518,0.7066370844841003,11584,1,1.0,11584,181.0,0.0,0.0138361910358071,0.0138361910358071,0.0
darcy,707,707,64,solver,solver_x_adv_training_target,0.5553446269768756,0.0086772597965136,115.24375476250884,loss1,"MSE(model(a_adv), model(a_clean).detach())",0,0,fixed clean model output; no solver in attack,binary_replace,binary_steepest_replace,1,0.0250519029796123,0.0250519029796123,0.0250519029796123,0.0250519029796123,0.0,5.986333917462616e-07,5.986333917462616e-07,1.8330034379232533e-08,1.5814039855399642e-08,-2.5159945238328874e-09,2.002941071987152,9.0,2.013939380645752,181.0,0.0500735267996788,0.7064749002456665,11584,1,1.0,11584,181.0,0.0,0.0136936623603105,0.0136936623603105,0.0
darcy,708,708,64,solver,solver_x_adv_training_target,0.4787811939895618,0.0074809561560869,133.67275240429618,loss1,"MSE(model(a_adv), model(a_clean).detach())",0,0,fixed clean model output; no solver in attack,binary_replace,binary_steepest_replace,1,0.0250519029796123,0.0250519029796123,0.0250519029796123,0.0250519029796123,0.0,5.762006480836135e-07,5.762006480836135e-07,1.640407099046115e-08,1.3155437628142865e-08,-3.2486333623182873e-09,2.00224906206131,9.0,2.013587713241577,181.0,0.0500562265515327,0.7111288905143738,11584,1,1.0,11584,181.0,0.0,0.0139304092153906,0.0139304092153906,0.0
darcy,709,709,64,solver,solver_x_adv_training_target,0.4780611309979576,0.007469705171843,133.8740923496527,loss1,"MSE(model(a_adv), model(a_clean).detach())",0,0,fixed clean model output; no solver in attack,binary_replace,binary_steepest_replace,1,0.0250519029796123,0.0250519029796123,0.0250519029796123,0.0250519029796123,0.0,5.982707307339297e-07,5.982707307339297e-07,1.827416795663339e-08,1.4808318127279564e-08,-3.4658498293538287e-09,2.002076059579849,9.0,2.013501644134521,181.0,0.0500519014894962,0.704210638999939,11584,1,1.0,11584,181.0,0.0,0.0137048931792378,0.0137048931792378,0.0
darcy,710,710,64,solver,solver_x_adv_training_target,0.4786728640028741,0.0074792635000449,133.70300431238925,loss1,"MSE(model(a_adv), model(a_clean).detach())",0,0,fixed clean model output; no solver in attack,binary_replace,binary_steepest_replace,1,0.0250519029796123,0.0250519029796123,0.0250519029796123,0.0250519029796123,0.0,5.710405730496859e-07,5.710405730496859e-07,1.7716910605258818e-08,1.4125734359993204e-08,-3.5911762452656153e-09,2.001384049654007,9.0,2.013151168823242,181.0,0.0500346012413501,0.7112045884132385,11584,1,1.0,11584,181.0,0.0,0.0138955507427454,0.0138955507427454,0.0
darcy,711,711,64,solver,solver_x_adv_training_target,0.4777366580092348,0.0074646352813942,133.96501802204773,loss1,"MSE(model(a_adv), model(a_clean).detach())",0,0,fixed clean model output; no solver in attack,binary_replace,binary_steepest_replace,1,0.0250519029796123,0.0250519029796123,0.0250519029796123,0.0250519029796123,0.0,5.744782356487121e-07,5.744782356487121e-07,1.7238139804476305e-08,1.4046324992023074e-08,-3.1918148124532313e-09,2.003287076950073,9.0,2.0141139030456543,181.0,0.0500821769237518,0.7139900326728821,11584,1,1.0,11584,181.0,0.0,0.0138552905991673,0.0138552905991673,0.0
darcy,712,712,64,solver,solver_x_adv_training_target,0.4781690129893832,0.0074713908279591,133.8438883772274,loss1,"MSE(model(a_adv), model(a_clean).detach())",0,0,fixed clean model output; no solver in attack,binary_replace,binary_steepest_replace,1,0.0250519029796123,0.0250519029796123,0.0250519029796123,0.0250519029796123,0.0,5.841873758072325e-07,5.841873758072325e-07,1.6326444196579363e-08,1.3994914560555573e-08,-2.331529636023788e-09,2.003287076950073,9.0,2.014113187789917,181.0,0.0500821769237518,0.7090376019477844,11584,1,1.0,11584,181.0,0.0,0.0139581030234694,0.0139581030234694,0.0
darcy,713,713,64,solver,solver_x_adv_training_target,0.4781833960150834,0.0074716155627356,133.839862557631,loss1,"MSE(model(a_adv), model(a_clean).detach())",0,0,fixed clean model output; no solver in attack,binary_replace,binary_steepest_replace,1,0.0250519029796123,0.0250519029796123,0.0250519029796123,0.0250519029796123,0.0,6.043886173756619e-07,6.043886173756619e-07,1.7126055240623828e-08,1.4768171574530696e-08,-2.35788366609313e-09,2.0019030570983887,9.0,2.0134119987487797,181.0,0.0500475764274597,0.7138343453407288,11584,1,1.0,11584,181.0,0.0,0.0138116776943206,0.0138116776943206,0.0
darcy,714,714,64,solver,solver_x_adv_training_target,0.5374287299928255,0.0083973239061378,119.08555763450602,loss1,"MSE(model(a_adv), model(a_clean).detach())",0,0,fixed clean model output; no solver in attack,binary_replace,binary_steepest_replace,1,0.0250519029796123,0.0250519029796123,0.0250519029796123,0.0250519029796123,0.0,5.858552754034463e-07,5.858552754034463e-07,2.0740865025459243e-08,1.7657166395679272e-08,-3.083698629779974e-09,2.003460079431534,9.0,2.0142009258270264,181.0,0.0500865019857883,0.7077465057373047,11584,1,1.0,11584,181.0,0.0,0.0138432625681161,0.0138432625681161,0.0
darcy,715,715,64,solver,solver_x_adv_training_target,0.4784315610013436,0.0074754931406459,133.77043911160422,loss1,"MSE(model(a_adv), model(a_clean).detach())",0,0,fixed clean model output; no solver in attack,binary_replace,binary_steepest_replace,1,0.0250519029796123,0.0250519029796123,0.0250519029796123,0.0250519029796123,0.0,5.877473086002283e-07,5.877473086002283e-07,1.6818715309341314e-08,1.3316695302023618e-08,-3.5020200073176966e-09,2.002595067024231,9.0,2.0137650966644287,181.0,0.0500648766756057,0.7089878916740417,11584,1,1.0,11584,181.0,0.0,0.0137625848874449,0.0137625848874449,0.0
darcy,716,716,64,solver,solver_x_adv_training_target,0.4780001719773281,0.0074687526871457,133.89116521706097,loss1,"MSE(model(a_adv), model(a_clean).detach())",0,0,fixed clean model output; no solver in attack,binary_replace,binary_steepest_replace,1,0.0250519029796123,0.0250519029796123,0.0250519029796123,0.0250519029796123,0.0,5.777538945039851e-07,5.777538945039851e-07,1.6503159727676575e-08,1.3805911969200224e-08,-2.697247758476351e-09,2.0024220645427704,9.0,2.013676643371582,181.0,0.0500605516135692,0.7120544910430908,11584,1,1.0,11584,181.0,0.0,0.0138190323486924,0.0138190323486924,0.0
darcy,717,717,64,solver,solver_x_adv_training_target,0.4871213620062917,0.0076112712813483,131.3840964321605,loss1,"MSE(model(a_adv), model(a_clean).detach())",0,0,fixed clean model output; no solver in attack,binary_replace,binary_steepest_replace,1,0.0250519029796123,0.0250519029796123,0.0250519029796123,0.0250519029796123,0.0,5.883627522962342e-07,5.883627522962342e-07,1.811108951699225e-08,1.4307100393295968e-08,-3.803989123696283e-09,2.003460079431534,9.0,2.0142009258270264,181.0,0.0500865019857883,0.7135336995124817,11584,1,1.0,11584,181.0,0.0,0.0138446576893329,0.0138446576893329,0.0
darcy,718,718,64,solver,solver_x_adv_training_target,0.4774701959977392,0.0074604718124646,134.03977994116104,loss1,"MSE(model(a_adv), model(a_clean).detach())",0,0,fixed clean model output; no solver in attack,binary_replace,binary_steepest_replace,1,0.0250519029796123,0.0250519029796123,0.0250519029796123,0.0250519029796123,0.0,5.800155804536189e-07,5.800155804536189e-07,1.808919947166032e-08,1.4672222548028913e-08,-3.416976923631409e-09,2.0012110471725464,9.0,2.013063907623291,181.0,0.0500302761793136,0.7071517705917358,11584,1,1.0,11584,181.0,0.0,0.0139844436198472,0.0139844436198472,0.0
darcy,719,719,64,solver,solver_x_adv_training_target,0.5428401000099257,0.008481876562655,117.89843823039192,loss1,"MSE(model(a_adv), model(a_clean).detach())",0,0,fixed clean model output; no solver in attack,binary_replace,binary_steepest_replace,1,0.0250519029796123,0.0250519029796123,0.0250519029796123,0.0250519029796123,0.0,6.089601356507046e-07,6.089601356507046e-07,2.101140594845674e-08,1.6467760488581007e-08,-4.5436454598757345e-09,2.001730054616928,9.0,2.0133275985717773,181.0,0.0500432513654232,0.7052054405212402,11584,1,1.0,11584,181.0,0.0,0.0138880042359232,0.0138880042359232,0.0
darcy,720,720,64,solver,solver_x_adv_training_target,0.4779054640093818,0.0074672728751465,133.9176988333065,loss1,"MSE(model(a_adv), model(a_clean).detach())",0,0,fixed clean model output; no solver in attack,binary_replace,binary_steepest_replace,1,0.0250519029796123,0.0250519029796123,0.0250519029796123,0.0250519029796123,0.0,5.671302005794132e-07,5.671302005794132e-07,1.6134846347881652e-08,1.3533711928914728e-08,-2.6011344189669212e-09,2.0012110471725464,9.0,2.013061046600342,181.0,0.0500302761793136,0.7120242118835449,11584,1,1.0,11584,181.0,0.0,0.0139078442007303,0.0139078442007303,0.0
darcy,721,721,64,solver,solver_x_adv_training_target,0.5353393410041463,0.0083646772031897,119.55033956584244,loss1,"MSE(model(a_adv), model(a_clean).detach())",0,0,fixed clean model output; no solver in attack,binary_replace,binary_steepest_replace,1,0.0250519029796123,0.0250519029796123,0.0250519029796123,0.0250519029796123,0.0,6.036042350388016e-07,6.036042350388016e-07,1.89203568368157e-08,1.673407545865757e-08,-2.186281378158128e-09,2.002595067024231,9.0,2.0137648582458496,181.0,0.0500648766756057,0.7076362371444702,11584,1,1.0,11584,181.0,0.0,0.0138212861493229,0.0138212861493229,0.0
darcy,722,722,64,solver,solver_x_adv_training_target,0.4781771329871844,0.0074715177029247,133.84161555403205,loss1,"MSE(model(a_adv), model(a_clean).detach())",0,0,fixed clean model output; no solver in attack,binary_replace,binary_steepest_replace,1,0.0250519029796123,0.0250519029796123,0.0250519029796123,0.0250519029796123,0.0,5.99139241330704e-07,5.99139241330704e-07,2.0637322961647442e-08,1.7880141811588146e-08,-2.7571811500592958e-09,2.0027680695056915,9.0,2.0138518810272217,181.0,0.0500692017376422,0.6968079209327698,11584,1,1.0,11584,181.0,0.0,0.0139479804784059,0.0139479804784059,0.0
darcy,723,723,64,solver,solver_x_adv_training_target,0.5503748710034415,0.0085996073594287,116.28437883313136,loss1,"MSE(model(a_adv), model(a_clean).detach())",0,0,fixed clean model output; no solver in attack,binary_replace,binary_steepest_replace,1,0.0250519029796123,0.0250519029796123,0.0250519029796123,0.0250519029796123,0.0,5.819094894832233e-07,5.819094894832233e-07,1.6669501334831693e-08,1.3711105140146174e-08,-2.9583961946855197e-09,2.0027680695056915,9.0,2.0138516426086426,181.0,0.0500692017376422,0.7082763910293579,11584,1,1.0,11584,181.0,0.0,0.0138256661593914,0.0138256661593914,0.0
darcy,724,724,64,solver,solver_x_adv_training_target,0.4780747419863473,0.0074699178435366,133.8702808981021,loss1,"MSE(model(a_adv), model(a_clean).detach())",0,0,fixed clean model output; no solver in attack,binary_replace,binary_steepest_replace,1,0.0250519029796123,0.0250519029796123,0.0250519029796123,0.0250519029796123,0.0,5.651965011566062e-07,5.651965011566062e-07,2.41467983386201e-08,2.1950075534959982e-08,-2.1967228036601227e-09,2.0019030570983887,9.0,2.013411521911621,181.0,0.0500475764274597,0.7092344164848328,11584,1,1.0,11584,181.0,0.0,0.0138845294713974,0.0138845294713974,0.0
darcy,725,725,64,solver,solver_x_adv_training_target,0.4780956679896917,0.0074702448123389,133.86442146424116,loss1,"MSE(model(a_adv), model(a_clean).detach())",0,0,fixed clean model output; no solver in attack,binary_replace,binary_steepest_replace,1,0.0250519029796123,0.0250519029796123,0.0250519029796123,0.0250519029796123,0.0,5.891456567042042e-07,5.891456567042042e-07,2.0687302537680807e-08,1.7512517658246907e-08,-3.1747848794339006e-09,2.001384049654007,9.0,2.013148784637451,181.0,0.0500346012413501,0.7080557942390442,11584,1,1.0,11584,181.0,0.0,0.0138764400035142,0.0138764400035142,0.0
darcy,726,726,64,solver,solver_x_adv_training_target,0.4780561170191504,0.0074696268284242,133.87549645648866,loss1,"MSE(model(a_adv), model(a_clean).detach())",0,0,fixed clean model output; no solver in attack,binary_replace,binary_steepest_replace,1,0.0250519029796123,0.0250519029796123,0.0250519029796123,0.0250519029796123,0.0,5.870762720405764e-07,5.870762720405764e-07,2.003568866371097e-08,1.7588067890983442e-08,-2.4476207727275323e-09,2.002076059579849,9.0,2.013502836227417,181.0,0.0500519014894962,0.7060942649841309,11584,1,1.0,11584,181.0,0.0,0.0137948784977197,0.0137948784977197,0.0
darcy,727,727,64,solver,solver_x_adv_training_target,0.4892207740049343,0.007644074593827,130.82028278577246,loss1,"MSE(model(a_adv), model(a_clean).detach())",0,0,fixed clean model output; no solver in attack,binary_replace,binary_steepest_replace,1,0.0250519029796123,0.0250519029796123,0.0250519029796123,0.0250519029796123,0.0,5.816784209855541e-07,5.816784209855541e-07,1.824158957219879e-08,1.5189536739512732e-08,-3.052052832686058e-09,2.001730054616928,9.0,2.013326644897461,181.0,0.0500432513654232,0.7103568315505981,11584,1,1.0,11584,181.0,0.0,0.0138622345402836,0.0138622345402836,0.0
darcy,728,728,64,solver,solver_x_adv_training_target,0.4784779119945597,0.0074762173749149,133.7574805349169,loss1,"MSE(model(a_adv), model(a_clean).detach())",0,0,fixed clean model output; no solver in attack,binary_replace,binary_steepest_replace,1,0.0250519029796123,0.0250519029796123,0.0250519029796123,0.0250519029796123,0.0,5.982386710456922e-07,5.982386710456922e-07,1.9313761256967158e-08,1.774569113877078e-08,-1.568070118196374e-09,2.003460079431534,9.0,2.0142006874084477,181.0,0.0500865019857883,0.7074826955795288,11584,1,1.0,11584,181.0,0.0,0.0137707944959402,0.0137707944959402,0.0
darcy,729,729,64,solver,solver_x_adv_training_target,0.5363289380038623,0.0083801396563103,119.32975356168292,loss1,"MSE(model(a_adv), model(a_clean).detach())",0,0,fixed clean model output; no solver in attack,binary_replace,binary_steepest_replace,1,0.0250519029796123,0.0250519029796123,0.0250519029796123,0.0250519029796123,0.0,5.977868227091676e-07,5.977868227091676e-07,2.5462128405706608e-08,2.2944115940504162e-08,-2.518012465202446e-09,2.0031140744686127,9.0,2.014026403427124,181.0,0.0500778518617153,0.7104714512825012,11584,1,1.0,11584,181.0,0.0,0.0138052627444267,0.0138052627444267,0.0
darcy,730,730,64,solver,solver_x_adv_training_target,0.4779913380043581,0.007468614656318,133.89363971992412,loss1,"MSE(model(a_adv), model(a_clean).detach())",0,0,fixed clean model output; no solver in attack,binary_replace,binary_steepest_replace,1,0.0250519029796123,0.0250519029796123,0.0250519029796123,0.0250519029796123,0.0,5.984790050206357e-07,5.984790050206357e-07,1.7237640648204433e-08,1.3391431075149285e-08,-3.846209573055148e-09,2.002941071987152,9.0,2.013939380645752,181.0,0.0500735267996788,0.7083433866500854,11584,1,1.0,11584,181.0,0.0,0.0137881096452474,0.0137881096452474,0.0
darcy,731,731,64,solver,solver_x_adv_training_target,0.5178343440056778,0.0080911616250887,123.59164806438228,loss1,"MSE(model(a_adv), model(a_clean).detach())",0,0,fixed clean model output; no solver in attack,binary_replace,binary_steepest_replace,1,0.0250519029796123,0.0250519029796123,0.0250519029796123,0.0250519029796123,0.0,5.999031600367744e-07,5.999031600367744e-07,2.490327766224709e-08,2.013763378272415e-08,-4.7656438795229406e-09,2.002076059579849,9.0,2.0135011672973637,181.0,0.0500519014894962,0.7072209715843201,11584,1,1.0,11584,181.0,0.0,0.013841500505805,0.013841500505805,0.0
darcy,732,732,64,solver,solver_x_adv_training_target,0.4769388379936572,0.0074521693436508,134.18911378496531,loss1,"MSE(model(a_adv), model(a_clean).detach())",0,0,fixed clean model output; no solver in attack,binary_replace,binary_steepest_replace,1,0.0250519029796123,0.0250519029796123,0.0250519029796123,0.0250519029796123,0.0,5.92300466450979e-07,5.92300466450979e-07,2.3231706336446223e-08,2.1619211310053288e-08,-1.612495026392935e-09,2.003460079431534,9.0,2.0142009258270264,181.0,0.0500865019857883,0.7035639882087708,11584,1,1.0,11584,181.0,0.0,0.0138494540005922,0.0138494540005922,0.0
darcy,733,733,64,solver,solver_x_adv_training_target,0.4829560189973563,0.0075461877968336,132.51724273541012,loss1,"MSE(model(a_adv), model(a_clean).detach())",0,0,fixed clean model output; no solver in attack,binary_replace,binary_steepest_replace,1,0.0250519029796123,0.0250519029796123,0.0250519029796123,0.0250519029796123,0.0,5.90141780776321e-07,5.90141780776321e-07,1.6258782764566604e-08,1.3257176689762671e-08,-3.0016060748039312e-09,2.003460079431534,9.0,2.0142006874084477,181.0,0.0500865019857883,0.7132482528686523,11584,1,1.0,11584,181.0,0.0,0.0138068506494164,0.0138068506494164,0.0
darcy,734,734,64,solver,solver_x_adv_training_target,0.5425769529829267,0.0084777648903582,117.9556183655554,loss1,"MSE(model(a_adv), model(a_clean).detach())",0,0,fixed clean model output; no solver in attack,binary_replace,binary_steepest_replace,1,0.0250519029796123,0.0250519029796123,0.0250519029796123,0.0250519029796123,0.0,5.959226996310463e-07,5.959226996310463e-07,1.9315502086669767e-08,1.6059559015957348e-08,-3.2559430707124193e-09,2.003806233406067,9.0,2.0143752098083496,181.0,0.0500951558351516,0.7062715888023376,11584,1,1.0,11584,181.0,0.0,0.0138948960229754,0.0138948960229754,0.0
darcy,735,735,64,solver,solver_x_adv_training_target,0.4782376810035202,0.00747246376568,133.82467033066953,loss1,"MSE(model(a_adv), model(a_clean).detach())",0,0,fixed clean model output; no solver in attack,binary_replace,binary_steepest_replace,1,0.0250519029796123,0.0250519029796123,0.0250519029796123,0.0250519029796123,0.0,6.01966462454584e-07,6.01966462454584e-07,1.6944465386359298e-08,1.4484972332695634e-08,-2.459493053663664e-09,2.0024220645427704,9.0,2.013676643371582,181.0,0.0500605516135692,0.7112175226211548,11584,1,1.0,11584,181.0,0.0,0.0138737363740801,0.0138737363740801,0.0
darcy,736,736,64,solver,solver_x_adv_training_target,0.4788194390130229,0.0074815537345784,133.66207548281955,loss1,"MSE(model(a_adv), model(a_clean).detach())",0,0,fixed clean model output; no solver in attack,binary_replace,binary_steepest_replace,1,0.0250519029796123,0.0250519029796123,0.0250519029796123,0.0250519029796123,0.0,5.887153520234278e-07,5.887153520234278e-07,1.658604631415983e-08,1.3924041475377182e-08,-2.66200483878265e-09,2.001384049654007,9.0,2.013148784637451,181.0,0.0500346012413501,0.7087456583976746,11584,1,1.0,11584,181.0,0.0,0.0138742784038186,0.0138742784038186,0.0
darcy,737,737,64,solver,solver_x_adv_training_target,0.4904339200002141,0.0076630300000033,130.49668342673374,loss1,"MSE(model(a_adv), model(a_clean).detach())",0,0,fixed clean model output; no solver in attack,binary_replace,binary_steepest_replace,1,0.0250519029796123,0.0250519029796123,0.0250519029796123,0.0250519029796123,0.0,5.812647145830852e-07,5.812647145830852e-07,2.052383862860552e-08,1.6757141452217184e-08,-3.766697176388334e-09,2.0019030570983887,9.0,2.0134119987487797,181.0,0.0500475764274597,0.7089641094207764,11584,1,1.0,11584,181.0,0.0,0.0137795256450772,0.0137795256450772,0.0
darcy,738,738,64,solver,solver_x_adv_training_target,0.4792240659880917,0.0074878760310639,133.54921954522698,loss1,"MSE(model(a_adv), model(a_clean).detach())",0,0,fixed clean model output; no solver in attack,binary_replace,binary_steepest_replace,1,0.0250519029796123,0.0250519029796123,0.0250519029796123,0.0250519029796123,0.0,5.875526767340489e-07,5.875526767340489e-07,2.184595615517537e-08,2.037192992077053e-08,-1.474026234404846e-09,2.0031140744686127,9.0,2.014026165008545,181.0,0.0500778518617153,0.7076924443244934,11584,1,1.0,11584,181.0,0.0,0.0138646019622683,0.0138646019622683,0.0
darcy,739,739,64,solver,solver_x_adv_training_target,0.4783961770008318,0.0074749402656379,133.78033328198757,loss1,"MSE(model(a_adv), model(a_clean).detach())",0,0,fixed clean model output; no solver in attack,binary_replace,binary_steepest_replace,1,0.0250519029796123,0.0250519029796123,0.0250519029796123,0.0250519029796123,0.0,5.892280796615523e-07,5.892280796615523e-07,1.78176069454139e-08,1.4430444394974984e-08,-3.3871625504389158e-09,2.0031140744686127,9.0,2.014026641845703,181.0,0.0500778518617153,0.7138429880142212,11584,1,1.0,11584,181.0,0.0,0.0137645089998841,0.0137645089998841,0.0
darcy,740,740,64,solver,solver_x_adv_training_target,0.5422172889811918,0.0084721451403311,118.03386077978789,loss1,"MSE(model(a_adv), model(a_clean).detach())",0,0,fixed clean model output; no solver in attack,binary_replace,binary_steepest_replace,1,0.0250519029796123,0.0250519029796123,0.0250519029796123,0.0250519029796123,0.0,5.895370804864797e-07,5.895370804864797e-07,2.1858349796843868e-08,1.7671018426312912e-08,-4.1873313705309564e-09,2.002941071987152,9.0,2.0139384269714355,181.0,0.0500735267996788,0.7076038122177124,11584,1,1.0,11584,181.0,0.0,0.0138245187699794,0.0138245187699794,0.0
darcy,741,741,64,solver,solver_x_adv_training_target,0.4784004309913143,0.0074750067342392,133.77914369220534,loss1,"MSE(model(a_adv), model(a_clean).detach())",0,0,fixed clean model output; no solver in attack,binary_replace,binary_steepest_replace,1,0.0250519029796123,0.0250519029796123,0.0250519029796123,0.0250519029796123,0.0,5.96860843415925e-07,5.96860843415925e-07,2.3344485455822905e-08,2.1992070387000243e-08,-1.3524150688226655e-09,2.00224906206131,9.0,2.0135903358459477,181.0,0.0500562265515327,0.7076081037521362,11584,1,1.0,11584,181.0,0.0,0.0138170216232538,0.0138170216232538,0.0
darcy,742,742,64,solver,solver_x_adv_training_target,0.4786477960005868,0.0074788718125091,133.7100066787345,loss1,"MSE(model(a_adv), model(a_clean).detach())",0,0,fixed clean model output; no solver in attack,binary_replace,binary_steepest_replace,1,0.0250519029796123,0.0250519029796123,0.0250519029796123,0.0250519029796123,0.0,5.872547035323805e-07,5.872547035323805e-07,1.6858907159189584e-08,1.4443261697749676e-08,-2.415645461439908e-09,2.0015570521354675,9.0,2.013235092163086,181.0,0.0500389263033866,0.7045480012893677,11584,1,1.0,11584,181.0,0.0,0.0139118004590272,0.0139118004590272,0.0
darcy,743,743,64,solver,solver_x_adv_training_target,0.4782445110031403,0.007472570484424,133.82275912745342,loss1,"MSE(model(a_adv), model(a_clean).detach())",0,0,fixed clean model output; no solver in attack,binary_replace,binary_steepest_replace,1,0.0250519029796123,0.0250519029796123,0.0250519029796123,0.0250519029796123,0.0,5.884983238502173e-07,5.884983238502173e-07,1.6023337323645137e-08,1.3789876796010958e-08,-2.233460527634179e-09,2.003287076950073,9.0,2.0141139030456543,181.0,0.0500821769237518,0.6995263695716858,11584,1,1.0,11584,181.0,0.0,0.0138331092894077,0.0138331092894077,0.0
darcy,744,744,64,solver,solver_x_adv_training_target,0.4806714299775194,0.0075104910933987,133.1470855319885,loss1,"MSE(model(a_adv), model(a_clean).detach())",0,0,fixed clean model output; no solver in attack,binary_replace,binary_steepest_replace,1,0.0250519029796123,0.0250519029796123,0.0250519029796123,0.0250519029796123,0.0,6.012227231622091e-07,6.012227231622091e-07,1.6738198382881823e-08,1.41861029590018e-08,-2.5520954238800182e-09,2.00224906206131,9.0,2.0135843753814697,181.0,0.0500562265515327,0.7049350738525391,11584,1,1.0,11584,181.0,0.0,0.0138305965811014,0.0138305965811014,0.0
darcy,745,745,64,solver,solver_x_adv_training_target,0.4785733490134589,0.0074777085783352,133.7308066400499,loss1,"MSE(model(a_adv), model(a_clean).detach())",0,0,fixed clean model output; no solver in attack,binary_replace,binary_steepest_replace,1,0.0250519029796123,0.0250519029796123,0.0250519029796123,0.0250519029796123,0.0,5.84789916047157e-07,5.84789916047157e-07,2.4856968039443927e-08,2.0628940333722312e-08,-4.228027705721615e-09,2.0015570521354675,9.0,2.013238906860352,181.0,0.0500389263033866,0.7034580111503601,11584,1,1.0,11584,181.0,0.0,0.0137585960328578,0.0137585960328578,0.0
darcy,746,746,64,solver,solver_x_adv_training_target,0.4784781300113536,0.0074762207814274,133.75741958881457,loss1,"MSE(model(a_adv), model(a_clean).detach())",0,0,fixed clean model output; no solver in attack,binary_replace,binary_steepest_replace,1,0.0250519029796123,0.0250519029796123,0.0250519029796123,0.0250519029796123,0.0,6.004898978062556e-07,6.004898978062556e-07,1.7251791106787095e-08,1.3681905386420112e-08,-3.569885720366983e-09,2.002941071987152,9.0,2.0139389038085938,181.0,0.0500735267996788,0.7071885466575623,11584,1,1.0,11584,181.0,0.0,0.0138729950413107,0.0138729950413107,0.0
darcy,747,747,64,solver,solver_x_adv_training_target,0.4920301240053959,0.0076879706875843,130.0733367278507,loss1,"MSE(model(a_adv), model(a_clean).detach())",0,0,fixed clean model output; no solver in attack,binary_replace,binary_steepest_replace,1,0.0250519029796123,0.0250519029796123,0.0250519029796123,0.0250519029796123,0.0,5.984962854199694e-07,5.984962854199694e-07,1.9116567884225333e-08,1.6899864618835636e-08,-2.2167032653896968e-09,2.002076059579849,9.0,2.013500690460205,181.0,0.0500519014894962,0.6994268894195557,11584,1,1.0,11584,181.0,0.0,0.0138311022892594,0.0138311022892594,0.0
darcy,748,748,64,solver,solver_x_adv_training_target,0.4785357450018637,0.0074771210156541,133.74131539484213,loss1,"MSE(model(a_adv), model(a_clean).detach())",0,0,fixed clean model output; no solver in attack,binary_replace,binary_steepest_replace,1,0.0250519029796123,0.0250519029796123,0.0250519029796123,0.0250519029796123,0.0,5.997961238790595e-07,5.997961238790595e-07,2.5049025964563043e-08,2.018662215164113e-08,-4.8624038129219124e-09,2.003806233406067,9.0,2.0143752098083496,181.0,0.0500951558351516,0.7034104466438293,11584,1,1.0,11584,181.0,0.0,0.0137966563925147,0.0137966563925147,0.0
darcy,749,749,64,solver,solver_x_adv_training_target,0.4830013010068796,0.0075468953282324,132.50481906898304,loss1,"MSE(model(a_adv), model(a_clean).detach())",0,0,fixed clean model output; no solver in attack,binary_replace,binary_steepest_replace,1,0.0250519029796123,0.0250519029796123,0.0250519029796123,0.0250519029796123,0.0,5.928370114816062e-07,5.928370114816062e-07,1.6264415592104342e-08,1.2764163948020268e-08,-3.5002516440840732e-09,2.002076059579849,9.0,2.0134987831115723,181.0,0.0500519014894962,0.7096474766731262,11584,1,1.0,11584,181.0,0.0,0.0137764792889356,0.0137764792889356,0.0
darcy,750,750,64,solver,solver_x_adv_training_target,0.478643437003484,0.0074788037031794,133.71122437334108,loss1,"MSE(model(a_adv), model(a_clean).detach())",0,0,fixed clean model output; no solver in attack,binary_replace,binary_steepest_replace,1,0.0250519029796123,0.0250519029796123,0.0250519029796123,0.0250519029796123,0.0,5.723912863686564e-07,5.723912863686564e-07,1.7215866066067065e-08,1.405906946416735e-08,-3.156796601899714e-09,2.002941071987152,9.0,2.013939380645752,181.0,0.0500735267996788,0.7144852876663208,11584,1,1.0,11584,181.0,0.0,0.0138278799131512,0.0138278799131512,0.0
darcy,751,751,64,solver,solver_x_adv_training_target,0.4788310449803248,0.0074817350778175,133.65883576456443,loss1,"MSE(model(a_adv), model(a_clean).detach())",0,0,fixed clean model output; no solver in attack,binary_replace,binary_steepest_replace,1,0.0250519029796123,0.0250519029796123,0.0250519029796123,0.0250519029796123,0.0,5.936211096013722e-07,5.936211096013722e-07,2.075995730876912e-08,1.648573011436838e-08,-4.274227194400737e-09,2.003806233406067,9.0,2.0143752098083496,181.0,0.0500951558351516,0.7087500095367432,11584,1,1.0,11584,181.0,0.0,0.0137653928250074,0.0137653928250074,0.0
darcy,752,752,64,solver,solver_x_adv_training_target,0.4784760969923809,0.0074761890155059,133.75798791683238,loss1,"MSE(model(a_adv), model(a_clean).detach())",0,0,fixed clean model output; no solver in attack,binary_replace,binary_steepest_replace,1,0.0250519029796123,0.0250519029796123,0.0250519029796123,0.0250519029796123,0.0,5.762361183769826e-07,5.762361183769826e-07,1.846546027195473e-08,1.6659420509768097e-08,-1.8060397621866286e-09,2.001730054616928,9.0,2.0133275985717773,181.0,0.0500432513654232,0.7070977091789246,11584,1,1.0,11584,181.0,0.0,0.0137166138738393,0.0137166138738393,0.0
darcy,753,753,64,solver,solver_x_adv_training_target,0.4782447009929456,0.0074725734530147,133.82270596437627,loss1,"MSE(model(a_adv), model(a_clean).detach())",0,0,fixed clean model output; no solver in attack,binary_replace,binary_steepest_replace,1,0.0250519029796123,0.0250519029796123,0.0250519029796123,0.0250519029796123,0.0,6.120183115854161e-07,6.120183115854161e-07,1.5905659012105392e-08,1.2750927425031476e-08,-3.154731587073911e-09,2.0039792358875275,9.0,2.0144622325897217,181.0,0.0500994808971881,0.7055060267448425,11584,1,1.0,11584,181.0,0.0,0.0138093456625938,0.0138093456625938,0.0
darcy,754,754,64,solver,solver_x_adv_training_target,0.4789688540040515,0.0074838883438133,133.62037941502274,loss1,"MSE(model(a_adv), model(a_clean).detach())",0,0,fixed clean model output; no solver in attack,binary_replace,binary_steepest_replace,1,0.0250519029796123,0.0250519029796123,0.0250519029796123,0.0250519029796123,0.0,6.047633860362112e-07,6.047633860362112e-07,1.845230812591581e-08,1.5117944229814384e-08,-3.334363896101422e-09,2.001384049654007,9.0,2.013150691986084,181.0,0.0500346012413501,0.7096885442733765,11584,1,1.0,11584,181.0,0.0,0.0138643272221088,0.0138643272221088,0.0
darcy,755,755,64,solver,solver_x_adv_training_target,0.4787875699985306,0.007481055781227,133.67097228567653,loss1,"MSE(model(a_adv), model(a_clean).detach())",0,0,fixed clean model output; no solver in attack,binary_replace,binary_steepest_replace,1,0.0250519029796123,0.0250519029796123,0.0250519029796123,0.0250519029796123,0.0,5.863457772647962e-07,5.863457772647962e-07,1.7020903797515533e-08,1.3736840998035404e-08,-3.2840627994801244e-09,2.001730054616928,9.0,2.013323783874512,181.0,0.0500432513654232,0.7148269414901733,11584,1,1.0,11584,181.0,0.0,0.0138294287025928,0.0138294287025928,0.0
darcy,756,756,64,solver,solver_x_adv_training_target,0.4784281930187717,0.0074754405159183,133.77138081302178,loss1,"MSE(model(a_adv), model(a_clean).detach())",0,0,fixed clean model output; no solver in attack,binary_replace,binary_steepest_replace,1,0.0250519029796123,0.0250519029796123,0.0250519029796123,0.0250519029796123,0.0,5.993298373141442e-07,5.993298373141442e-07,1.7179731415239985e-08,1.3784879904221724e-08,-3.3948515110182598e-09,2.0015570521354675,9.0,2.0132265090942383,181.0,0.0500389263033866,0.7068230509757996,11584,1,1.0,11584,181.0,0.0,0.0138104455545544,0.0138104455545544,0.0
darcy,757,757,64,solver,solver_x_adv_training_target,0.4830101809930056,0.0075470340780157,132.50238301069427,loss1,"MSE(model(a_adv), model(a_clean).detach())",0,0,fixed clean model output; no solver in attack,binary_replace,binary_steepest_replace,1,0.0250519029796123,0.0250519029796123,0.0250519029796123,0.0250519029796123,0.0,6.069114419915422e-07,6.069114419915422e-07,1.8779342525476753e-08,1.5742420700348703e-08,-3.036921825128047e-09,2.002941071987152,9.0,2.0139389038085938,181.0,0.0500735267996788,0.7105146646499634,11584,1,1.0,11584,181.0,0.0,0.0138357104733586,0.0138357104733586,0.0
darcy,758,758,64,solver,solver_x_adv_training_target,0.5437766280083451,0.0084965098126303,117.69538575868658,loss1,"MSE(model(a_adv), model(a_clean).detach())",0,0,fixed clean model output; no solver in attack,binary_replace,binary_steepest_replace,1,0.0250519029796123,0.0250519029796123,0.0250519029796123,0.0250519029796123,0.0,5.917779049013916e-07,5.917779049013916e-07,1.6069339636715085e-08,1.3750748095731069e-08,-2.3185915409840163e-09,2.00224906206131,9.0,2.013590097427368,181.0,0.0500562265515327,0.71114182472229,11584,1,1.0,11584,181.0,0.0,0.0137962652370333,0.0137962652370333,0.0
darcy,759,759,64,solver,solver_x_adv_training_target,0.4780828079965431,0.0074700438749459,133.8680222955492,loss1,"MSE(model(a_adv), model(a_clean).detach())",0,0,fixed clean model output; no solver in attack,binary_replace,binary_steepest_replace,1,0.0250519029796123,0.0250519029796123,0.0250519029796123,0.0250519029796123,0.0,6.0833963289042e-07,6.0833963289042e-07,1.6531030766486765e-08,1.2803063498267876e-08,-3.72796726821889e-09,2.0039792358875275,9.0,2.0144622325897217,181.0,0.0500994808971881,0.7128308415412903,11584,1,1.0,11584,181.0,0.0,0.013759552501142,0.013759552501142,0.0
darcy,760,760,64,solver,solver_x_adv_training_target,0.5356050099944696,0.0083688282811635,119.49104060968516,loss1,"MSE(model(a_adv), model(a_clean).detach())",0,0,fixed clean model output; no solver in attack,binary_replace,binary_steepest_replace,1,0.0250519029796123,0.0250519029796123,0.0250519029796123,0.0250519029796123,0.0,5.906093178964511e-07,5.906093178964511e-07,1.6259537716223352e-08,1.2962005691008473e-08,-3.2975320252148772e-09,2.0003460347652435,9.0,2.0126214027404785,181.0,0.050008650869131,0.7058239579200745,11584,1,1.0,11584,181.0,0.0,0.0139536717906594,0.0139536717906594,0.0
darcy,761,761,64,solver,solver_x_adv_training_target,0.4783477349847089,0.007474183359136,133.79388114390434,loss1,"MSE(model(a_adv), model(a_clean).detach())",0,0,fixed clean model output; no solver in attack,binary_replace,binary_steepest_replace,1,0.0250519029796123,0.0250519029796123,0.0250519029796123,0.0250519029796123,0.0,5.633971795759862e-07,5.633971795759862e-07,1.6329689600524944e-08,1.4278146664992164e-08,-2.0515429355327797e-09,2.0019030570983887,9.0,2.0134081840515137,181.0,0.0500475764274597,0.7117279171943665,11584,1,1.0,11584,181.0,0.0,0.0137889571487903,0.0137889571487903,0.0
darcy,762,762,64,solver,solver_x_adv_training_target,0.4858443539997097,0.0075913180312454,131.72943036822497,loss1,"MSE(model(a_adv), model(a_clean).detach())",0,0,fixed clean model output; no solver in attack,binary_replace,binary_steepest_replace,1,0.0250519029796123,0.0250519029796123,0.0250519029796123,0.0250519029796123,0.0,6.058543817744066e-07,6.058543817744066e-07,1.6035125227631397e-08,1.2597335619091156e-08,-3.4377896085402422e-09,2.0015570521354675,9.0,2.0132317543029785,181.0,0.0500389263033866,0.7061699628829956,11584,1,1.0,11584,181.0,0.0,0.0137790134176611,0.0137790134176611,0.0
darcy,763,763,64,solver,solver_x_adv_training_target,0.4776784660061821,0.0074637260313465,133.98133798053962,loss1,"MSE(model(a_adv), model(a_clean).detach())",0,0,fixed clean model output; no solver in attack,binary_replace,binary_steepest_replace,1,0.0250519029796123,0.0250519029796123,0.0250519029796123,0.0250519029796123,0.0,5.823878836963559e-07,5.823878836963559e-07,1.6526584545317746e-08,1.4613663168461244e-08,-1.9129213768565023e-09,2.003287076950073,9.0,2.014113426208496,181.0,0.0500821769237518,0.7127832770347595,11584,1,1.0,11584,181.0,0.0,0.0138150285929441,0.0138150285929441,0.0
darcy,764,764,64,solver,solver_x_adv_training_target,0.5477917050011456,0.0085592453906429,116.83272933069723,loss1,"MSE(model(a_adv), model(a_clean).detach())",0,0,fixed clean model output; no solver in attack,binary_replace,binary_steepest_replace,1,0.0250519029796123,0.0250519029796123,0.0250519029796123,0.0250519029796123,0.0,5.905736770728254e-07,5.905736770728254e-07,1.6568380445391995e-08,1.4259140534989001e-08,-2.3092399104029933e-09,2.003806233406067,9.0,2.0143752098083496,181.0,0.0500951558351516,0.7181119918823242,11584,1,1.0,11584,181.0,0.0,0.013769875280559,0.013769875280559,0.0
darcy,765,765,64,solver,solver_x_adv_training_target,0.478101073007565,0.0074703292657432,133.86290810308918,loss1,"MSE(model(a_adv), model(a_clean).detach())",0,0,fixed clean model output; no solver in attack,binary_replace,binary_steepest_replace,1,0.0250519029796123,0.0250519029796123,0.0250519029796123,0.0250519029796123,0.0,6.126482503532316e-07,6.126482503532316e-07,1.823230277864241e-08,1.4135946635462917e-08,-4.0963561431794915e-09,2.0027680695056915,9.0,2.013852119445801,181.0,0.0500692017376422,0.7098961472511292,11584,1,1.0,11584,181.0,0.0,0.0137493936344981,0.0137493936344981,0.0
darcy,766,766,64,solver,solver_x_adv_training_target,0.482049457001267,0.0075320227656447,132.76646010168992,loss1,"MSE(model(a_adv), model(a_clean).detach())",0,0,fixed clean model output; no solver in attack,binary_replace,binary_steepest_replace,1,0.0250519029796123,0.0250519029796123,0.0250519029796123,0.0250519029796123,0.0,5.990802947053453e-07,5.990802947053453e-07,2.139753618735085e-08,1.7590856771221297e-08,-3.806679416129555e-09,2.002595067024231,9.0,2.013763904571533,181.0,0.0500648766756057,0.7061634659767151,11584,1,1.0,11584,181.0,0.0,0.0138604352250695,0.0138604352250695,0.0
darcy,767,767,64,solver,solver_x_adv_training_target,0.5054554369999096,0.0078977412031235,126.61848170012156,loss1,"MSE(model(a_adv), model(a_clean).detach())",0,0,fixed clean model output; no solver in attack,binary_replace,binary_steepest_replace,1,0.0250519029796123,0.0250519029796123,0.0250519029796123,0.0250519029796123,0.0,5.835710226165247e-07,5.835710226165247e-07,2.5896223831978205e-08,2.3350974487357238e-08,-2.54524934462097e-09,2.001730054616928,9.0,2.013327121734619,181.0,0.0500432513654232,0.7112067341804504,11584,1,1.0,11584,181.0,0.0,0.0138786975294351,0.0138786975294351,0.0
darcy,768,768,64,solver,solver_x_adv_training_target,0.5384919579955749,0.0084139368436808,118.85042858992134,loss1,"MSE(model(a_adv), model(a_clean).detach())",0,0,fixed clean model output; no solver in attack,binary_replace,binary_steepest_replace,1,0.0250519029796123,0.0250519029796123,0.0250519029796123,0.0250519029796123,0.0,6.036032118572621e-07,6.036032118572621e-07,1.5985882839686383e-08,1.296452989407726e-08,-3.0213529456091237e-09,2.0027680695056915,9.0,2.0138518810272217,181.0,0.0500692017376422,0.7048075199127197,11584,1,1.0,11584,181.0,0.0,0.0138638354837894,0.0138638354837894,0.0
darcy,769,769,64,solver,solver_x_adv_training_target,0.4786990970023907,0.0074796733906623,133.69567730703358,loss1,"MSE(model(a_adv), model(a_clean).detach())",0,0,fixed clean model output; no solver in attack,binary_replace,binary_steepest_replace,1,0.0250519029796123,0.0250519029796123,0.0250519029796123,0.0250519029796123,0.0,6.046643648005556e-07,6.046643648005556e-07,2.0116608823173013e-08,1.6290847781874618e-08,-3.825761041298392e-09,2.0027680695056915,9.0,2.0138518810272217,181.0,0.0500692017376422,0.7074653506278992,11584,1,1.0,11584,181.0,0.0,0.0138487741351127,0.0138487741351127,0.0
darcy,770,770,64,solver,solver_x_adv_training_target,0.4780155949993059,0.0074689936718641,133.8868452609646,loss1,"MSE(model(a_adv), model(a_clean).detach())",0,0,fixed clean model output; no solver in attack,binary_replace,binary_steepest_replace,1,0.0250519029796123,0.0250519029796123,0.0250519029796123,0.0250519029796123,0.0,5.868703851774626e-07,5.868703851774626e-07,2.0588981186620003e-08,1.7024991194602993e-08,-3.5639899920170133e-09,2.002076059579849,9.0,2.013497829437256,181.0,0.0500519014894962,0.7072988748550415,11584,1,1.0,11584,181.0,0.0,0.0138957211747765,0.0138957211747765,0.0
darcy,771,771,64,solver,solver_x_adv_training_target,0.4785140489984769,0.0074767820156012,133.74737927538612,loss1,"MSE(model(a_adv), model(a_clean).detach())",0,0,fixed clean model output; no solver in attack,binary_replace,binary_steepest_replace,1,0.0250519029796123,0.0250519029796123,0.0250519029796123,0.0250519029796123,0.0,5.954736934654647e-07,5.954736934654647e-07,1.6497686772254383e-08,1.3888198147071762e-08,-2.609488625182621e-09,2.000865042209625,9.0,2.012888669967652,181.0,0.0500216260552406,0.7120350003242493,11584,1,1.0,11584,181.0,0.0,0.0137856276705861,0.0137856276705861,0.0
darcy,772,772,64,solver,solver_x_adv_training_target,0.4842525989806745,0.007566446859073,132.1624295558073,loss1,"MSE(model(a_adv), model(a_clean).detach())",0,0,fixed clean model output; no solver in attack,binary_replace,binary_steepest_replace,1,0.0250519029796123,0.0250519029796123,0.0250519029796123,0.0250519029796123,0.0,6.101210487940989e-07,6.101210487940989e-07,1.5964639388243995e-08,1.2550636085961742e-08,-3.414003302282253e-09,2.003287076950073,9.0,2.0141139030456543,181.0,0.0500821769237518,0.7013062238693237,11584,1,1.0,11584,181.0,0.0,0.0138384765014052,0.0138384765014052,0.0
darcy,773,773,64,solver,solver_x_adv_training_target,0.5435727529984433,0.0084933242656006,117.739529155876,loss1,"MSE(model(a_adv), model(a_clean).detach())",0,0,fixed clean model output; no solver in attack,binary_replace,binary_steepest_replace,1,0.0250519029796123,0.0250519029796123,0.0250519029796123,0.0250519029796123,0.0,6.032061037331005e-07,6.032061037331005e-07,1.7642081573399082e-08,1.3945771648593563e-08,-3.6963099248055187e-09,2.002076059579849,9.0,2.013499021530152,181.0,0.0500519014894962,0.7079843878746033,11584,1,1.0,11584,181.0,0.0,0.0138685377314686,0.0138685377314686,0.0
darcy,774,774,64,solver,solver_x_adv_training_target,0.4906564200064167,0.0076665065626002,130.4375065532884,loss1,"MSE(model(a_adv), model(a_clean).detach())",0,0,fixed clean model output; no solver in attack,binary_replace,binary_steepest_replace,1,0.0250519029796123,0.0250519029796123,0.0250519029796123,0.0250519029796123,0.0,5.903565352127771e-07,5.903565352127771e-07,2.1039820552459787e-08,1.6496070287530532e-08,-4.543750264929258e-09,2.003806233406067,9.0,2.0143752098083496,181.0,0.0500951558351516,0.7101708054542542,11584,1,1.0,11584,181.0,0.0,0.0138826910406351,0.0138826910406351,0.0
darcy,775,775,64,solver,solver_x_adv_training_target,0.4776960510062054,0.0074640007969719,133.97640584466257,loss1,"MSE(model(a_adv), model(a_clean).detach())",0,0,fixed clean model output; no solver in attack,binary_replace,binary_steepest_replace,1,0.0250519029796123,0.0250519029796123,0.0250519029796123,0.0250519029796123,0.0,6.018036629029666e-07,6.018036629029666e-07,1.8292544368136987e-08,1.5355833937746866e-08,-2.936710430390121e-09,2.0031140744686127,9.0,2.014024257659912,181.0,0.0500778518617153,0.7075951099395752,11584,1,1.0,11584,181.0,0.0,0.0138751622289419,0.0138751622289419,0.0
darcy,776,776,64,solver,solver_x_adv_training_target,0.4779631629935466,0.0074681744217741,133.9015324929217,loss1,"MSE(model(a_adv), model(a_clean).detach())",0,0,fixed clean model output; no solver in attack,binary_replace,binary_steepest_replace,1,0.0250519029796123,0.0250519029796123,0.0250519029796123,0.0250519029796123,0.0,6.000377652526367e-07,6.000377652526367e-07,1.5796278063362482e-08,1.3298244283532767e-08,-2.4980337798297114e-09,2.003460079431534,9.0,2.0142009258270264,181.0,0.0500865019857883,0.7028438448905945,11584,1,1.0,11584,181.0,0.0,0.0138677842915058,0.0138677842915058,0.0
darcy,777,777,64,solver,solver_x_adv_training_target,0.5607386069896165,0.0087615407342127,114.13517671556563,loss1,"MSE(model(a_adv), model(a_clean).detach())",0,0,fixed clean model output; no solver in attack,binary_replace,binary_steepest_replace,1,0.0250519029796123,0.0250519029796123,0.0250519029796123,0.0250519029796123,0.0,6.01041449499462e-07,6.01041449499462e-07,2.311627156359464e-08,1.9073532087077183e-08,-4.042739476517454e-09,2.0024220645427704,9.0,2.013676643371582,181.0,0.0500605516135692,0.707249104976654,11584,1,1.0,11584,181.0,0.0,0.0139741767197847,0.0139741767197847,0.0
darcy,778,778,64,solver,solver_x_adv_training_target,0.4783966650138609,0.0074749478908415,133.7801968125043,loss1,"MSE(model(a_adv), model(a_clean).detach())",0,0,fixed clean model output; no solver in attack,binary_replace,binary_steepest_replace,1,0.0250519029796123,0.0250519029796123,0.0250519029796123,0.0250519029796123,0.0,5.916293730479083e-07,5.916293730479083e-07,2.2821099676662016e-08,2.1860730115008664e-08,-9.603695616533514e-10,2.001384049654007,9.0,2.013149738311768,181.0,0.0500346012413501,0.7081984877586365,11584,1,1.0,11584,181.0,0.0,0.0137368477880954,0.0137368477880954,0.0
darcy,779,779,64,solver,solver_x_adv_training_target,0.5368261830008123,0.0083879091093876,119.21922221126675,loss1,"MSE(model(a_adv), model(a_clean).detach())",0,0,fixed clean model output; no solver in attack,binary_replace,binary_steepest_replace,1,0.0250519029796123,0.0250519029796123,0.0250519029796123,0.0250519029796123,0.0,5.937940272815467e-07,5.937940272815467e-07,1.5963875554803053e-08,1.3972579537835372e-08,-1.9912960169676808e-09,2.002941071987152,9.0,2.0139389038085938,181.0,0.0500735267996788,0.7078481912612915,11584,1,1.0,11584,181.0,0.0,0.0137504180893301,0.0137504180893301,0.0
darcy,780,780,64,solver,solver_x_adv_training_target,0.4810846070176922,0.0075169469846514,133.03273284245066,loss1,"MSE(model(a_adv), model(a_clean).detach())",0,0,fixed clean model output; no solver in attack,binary_replace,binary_steepest_replace,1,0.0250519029796123,0.0250519029796123,0.0250519029796123,0.0250519029796123,0.0,5.921104957451462e-07,5.921104957451462e-07,2.1739344546745087e-08,1.770804303191653e-08,-4.031301514828556e-09,2.002941071987152,9.0,2.0139389038085938,181.0,0.0500735267996788,0.7050410509109497,11584,1,1.0,11584,181.0,0.0,0.0138906063511967,0.0138906063511967,0.0
darcy,781,781,64,solver,solver_x_adv_training_target,0.5385164959880058,0.0084143202498125,118.84501306237694,loss1,"MSE(model(a_adv), model(a_clean).detach())",0,0,fixed clean model output; no solver in attack,binary_replace,binary_steepest_replace,1,0.0250519029796123,0.0250519029796123,0.0250519029796123,0.0250519029796123,0.0,6.079870331632264e-07,6.079870331632264e-07,2.225913675601987e-08,2.05081978066346e-08,-1.7509389493852723e-09,2.002076059579849,9.0,2.013495445251465,181.0,0.0500519014894962,0.7070934176445007,11584,1,1.0,11584,181.0,0.0,0.0138044627383351,0.0138044627383351,0.0
darcy,782,782,64,solver,solver_x_adv_training_target,0.4773950779926963,0.0074592980936358,134.06087106951517,loss1,"MSE(model(a_adv), model(a_clean).detach())",0,0,fixed clean model output; no solver in attack,binary_replace,binary_steepest_replace,1,0.0250519029796123,0.0250519029796123,0.0250519029796123,0.0250519029796123,0.0,5.823690685247129e-07,5.823690685247129e-07,1.6113498091385736e-08,1.3156028266791964e-08,-2.957469824593772e-09,2.0031140744686127,9.0,2.014026165008545,181.0,0.0500778518617153,0.7096842527389526,11584,1,1.0,11584,181.0,0.0,0.0138467345386743,0.0138467345386743,0.0
darcy,783,783,64,solver,solver_x_adv_training_target,0.4782811310142278,0.0074731426720973,133.81251287142277,loss1,"MSE(model(a_adv), model(a_clean).detach())",0,0,fixed clean model output; no solver in attack,binary_replace,binary_steepest_replace,1,0.0250519029796123,0.0250519029796123,0.0250519029796123,0.0250519029796123,0.0,5.882183131689089e-07,5.882183131689089e-07,2.115395325574809e-08,1.853700126730473e-08,-2.616951988443361e-09,2.0036332309246063,9.0,2.0142879486083984,181.0,0.0500908307731151,0.7133996486663818,11584,1,1.0,11584,181.0,0.0,0.0138935940340161,0.0138935940340161,0.0
darcy,784,784,64,solver,solver_x_adv_training_target,0.4788831550104078,0.0074825492970376,133.64429157799268,loss1,"MSE(model(a_adv), model(a_clean).detach())",0,0,fixed clean model output; no solver in attack,binary_replace,binary_steepest_replace,1,0.0250519029796123,0.0250519029796123,0.0250519029796123,0.0250519029796123,0.0,5.723064191442973e-07,5.723064191442973e-07,1.5540393860646873e-08,1.3061635328881492e-08,-2.4787585317653793e-09,2.000172883272171,9.0,2.01252555847168,181.0,0.0500043220818042,0.708754301071167,11584,1,1.0,11584,181.0,0.0,0.0137986717745661,0.0137986717745661,0.0
darcy,785,785,64,solver,solver_x_adv_training_target,0.4780502599896863,0.0074695353123388,133.87713668721938,loss1,"MSE(model(a_adv), model(a_clean).detach())",0,0,fixed clean model output; no solver in attack,binary_replace,binary_steepest_replace,1,0.0250519029796123,0.0250519029796123,0.0250519029796123,0.0250519029796123,0.0,6.084079586798907e-07,6.084079586798907e-07,1.6777928379951845e-08,1.472980670769175e-08,-2.0481216722600948e-09,2.002076059579849,9.0,2.013493061065674,181.0,0.0500519014894962,0.7079995274543762,11584,1,1.0,11584,181.0,0.0,0.0137625634670257,0.0137625634670257,0.0
darcy,786,786,64,solver,solver_x_adv_training_target,0.478460490994621,0.0074759451717909,133.7623507156404,loss1,"MSE(model(a_adv), model(a_clean).detach())",0,0,fixed clean model output; no solver in attack,binary_replace,binary_steepest_replace,1,0.0250519029796123,0.0250519029796123,0.0250519029796123,0.0250519029796123,0.0,6.023541345712147e-07,6.023541345712147e-07,1.662327697715682e-08,1.500611723770362e-08,-1.6171597394532e-09,2.0019030570983887,9.0,2.0134084224700928,181.0,0.0500475764274597,0.7041500806808472,11584,1,1.0,11584,181.0,0.0,0.0137914074584841,0.0137914074584841,0.0
darcy,787,787,64,solver,solver_x_adv_training_target,0.5499534370028414,0.0085930224531693,116.37348854257516,loss1,"MSE(model(a_adv), model(a_clean).detach())",0,0,fixed clean model output; no solver in attack,binary_replace,binary_steepest_replace,1,0.0250519029796123,0.0250519029796123,0.0250519029796123,0.0250519029796123,0.0,5.842005066369893e-07,5.842005066369893e-07,1.5894705995833647e-08,1.3433721690603306e-08,-2.46098430523034e-09,2.003287076950073,9.0,2.014113426208496,181.0,0.0500821769237518,0.7086591720581055,11584,1,1.0,11584,181.0,0.0,0.0138110406696796,0.0138110406696796,0.0
darcy,788,788,64,solver,solver_x_adv_training_target,0.4784503980190493,0.0074757874690476,133.76517245044045,loss1,"MSE(model(a_adv), model(a_clean).detach())",0,0,fixed clean model output; no solver in attack,binary_replace,binary_steepest_replace,1,0.0250519029796123,0.0250519029796123,0.0250519029796123,0.0250519029796123,0.0,5.823574156238465e-07,5.823574156238465e-07,1.77689152280891e-08,1.4473147125215746e-08,-3.295768102873353e-09,2.0012110471725464,9.0,2.013059377670288,181.0,0.0500302761793136,0.7077140808105469,11584,1,1.0,11584,181.0,0.0,0.0138373849913477,0.0138373849913477,0.0
darcy,789,789,64,solver,solver_x_adv_training_target,0.4787832500005606,0.0074809882812587,133.67217838118827,loss1,"MSE(model(a_adv), model(a_clean).detach())",0,0,fixed clean model output; no solver in attack,binary_replace,binary_steepest_replace,1,0.0250519029796123,0.0250519029796123,0.0250519029796123,0.0250519029796123,0.0,5.946725423200405e-07,5.946725423200405e-07,1.595523180242253e-08,1.3246928887156173e-08,-2.708302915266358e-09,2.002076059579849,9.0,2.013503313064575,181.0,0.0500519014894962,0.7147361636161804,11584,1,1.0,11584,181.0,0.0,0.0139302751049399,0.0139302751049399,0.0
darcy,790,790,64,solver,solver_x_adv_training_target,0.4788676140015013,0.0074823064687734,133.64862882499995,loss1,"MSE(model(a_adv), model(a_clean).detach())",0,0,fixed clean model output; no solver in attack,binary_replace,binary_steepest_replace,1,0.0250519029796123,0.0250519029796123,0.0250519029796123,0.0250519029796123,0.0,5.795762945126626e-07,5.795762945126626e-07,1.6245511602619445e-08,1.3551170852110772e-08,-2.694340750508672e-09,2.00224906206131,9.0,2.013584613800049,181.0,0.0500562265515327,0.7034602165222168,11584,1,1.0,11584,181.0,0.0,0.0137970363721251,0.0137970363721251,0.0
darcy,791,791,64,solver,solver_x_adv_training_target,0.4783447809750214,0.0074741372027347,133.79470738563782,loss1,"MSE(model(a_adv), model(a_clean).detach())",0,0,fixed clean model output; no solver in attack,binary_replace,binary_steepest_replace,1,0.0250519029796123,0.0250519029796123,0.0250519029796123,0.0250519029796123,0.0,5.889343128728797e-07,5.889343128728797e-07,2.0705115844066316e-08,1.6359269494614637e-08,-4.345846349451676e-09,2.0031140744686127,9.0,2.0140256881713867,181.0,0.0500778518617153,0.7013927102088928,11584,1,1.0,11584,181.0,0.0,0.0137849366292357,0.0137849366292357,0.0
darcy,792,792,64,solver,solver_x_adv_training_target,0.4790549199969973,0.007485233124953,133.59637346048163,loss1,"MSE(model(a_adv), model(a_clean).detach())",0,0,fixed clean model output; no solver in attack,binary_replace,binary_steepest_replace,1,0.0250519029796123,0.0250519029796123,0.0250519029796123,0.0250519029796123,0.0,5.906553610657284e-07,5.906553610657284e-07,1.6971801741760828e-08,1.5020681587429863e-08,-1.951120154330965e-09,2.001730054616928,9.0,2.0133278369903564,181.0,0.0500432513654232,0.7069225311279297,11584,1,1.0,11584,181.0,0.0,0.0138148553669452,0.0138148553669452,0.0
darcy,793,793,64,solver,solver_x_adv_training_target,0.4782629609981086,0.0074728587655954,133.81759663436094,loss1,"MSE(model(a_adv), model(a_clean).detach())",0,0,fixed clean model output; no solver in attack,binary_replace,binary_steepest_replace,1,0.0250519029796123,0.0250519029796123,0.0250519029796123,0.0250519029796123,0.0,5.972387953079306e-07,5.972387953079306e-07,1.5609900927415765e-08,1.2802123805499832e-08,-2.807777121915933e-09,2.0027680695056915,9.0,2.0138487815856934,181.0,0.0500692017376422,0.7029584646224976,11584,1,1.0,11584,181.0,0.0,0.0138361454010009,0.0138361454010009,0.0
darcy,794,794,64,solver,solver_x_adv_training_target,0.4779065569746308,0.0074672899527286,133.91739256550392,loss1,"MSE(model(a_adv), model(a_clean).detach())",0,0,fixed clean model output; no solver in attack,binary_replace,binary_steepest_replace,1,0.0250519029796123,0.0250519029796123,0.0250519029796123,0.0250519029796123,0.0,5.975911108180298e-07,5.975911108180298e-07,1.7815210640037552e-08,1.456785359010837e-08,-3.247357049929178e-09,2.003287076950073,9.0,2.0141139030456543,181.0,0.0500821769237518,0.7057093381881714,11584,1,1.0,11584,181.0,0.0,0.0137758776545524,0.0137758776545524,0.0
darcy,795,795,64,solver,solver_x_adv_training_target,0.4783541830256581,0.0074742841097759,133.7920776508965,loss1,"MSE(model(a_adv), model(a_clean).detach())",0,0,fixed clean model output; no solver in attack,binary_replace,binary_steepest_replace,1,0.0250519029796123,0.0250519029796123,0.0250519029796123,0.0250519029796123,0.0,5.799833502351248e-07,5.799833502351248e-07,1.5721687063319223e-08,1.3970971934895717e-08,-1.7507151284235076e-09,1.9996538758277893,9.0,2.012275695800781,181.0,0.0499913468956947,0.7074459195137024,11584,1,1.0,11584,181.0,0.0,0.0137856435030698,0.0137856435030698,0.0
darcy,796,796,64,solver,solver_x_adv_training_target,0.4789429369848221,0.0074834833903878,133.62761000905664,loss1,"MSE(model(a_adv), model(a_clean).detach())",0,0,fixed clean model output; no solver in attack,binary_replace,binary_steepest_replace,1,0.0250519029796123,0.0250519029796123,0.0250519029796123,0.0250519029796123,0.0,5.64224649224343e-07,5.64224649224343e-07,1.6293228100039414e-08,1.4022217165177152e-08,-2.271010934862261e-09,2.001384049654007,9.0,2.013144493103028,181.0,0.0500346012413501,0.7176621556282043,11584,1,1.0,11584,181.0,0.0,0.0137885985895991,0.0137885985895991,0.0
darcy,797,797,64,solver,solver_x_adv_training_target,0.4914403219881933,0.0076787550310655,130.22944422036574,loss1,"MSE(model(a_adv), model(a_clean).detach())",0,0,fixed clean model output; no solver in attack,binary_replace,binary_steepest_replace,1,0.0250519029796123,0.0250519029796123,0.0250519029796123,0.0250519029796123,0.0,5.824030040457728e-07,5.824030040457728e-07,1.5936578279251993e-08,1.354563750055604e-08,-2.390940778695949e-09,2.003287076950073,9.0,2.014113426208496,181.0,0.0500821769237518,0.7059515118598938,11584,1,1.0,11584,181.0,0.0,0.0139000518247485,0.0139000518247485,0.0
darcy,798,798,64,solver,solver_x_adv_training_target,0.4780290219932794,0.0074692034686449,133.88308461510056,loss1,"MSE(model(a_adv), model(a_clean).detach())",0,0,fixed clean model output; no solver in attack,binary_replace,binary_steepest_replace,1,0.0250519029796123,0.0250519029796123,0.0250519029796123,0.0250519029796123,0.0,5.896129664506589e-07,5.896129664506589e-07,2.0806378842053164e-08,1.7038537691860256e-08,-3.767841150192908e-09,2.001384049654007,9.0,2.013150691986084,181.0,0.0500346012413501,0.7034731507301331,11584,1,1.0,11584,181.0,0.0,0.013809404335916,0.013809404335916,0.0
darcy,799,799,64,solver,solver_x_adv_training_target,0.4779570190003142,0.0074680784218799,133.90325375671057,loss1,"MSE(model(a_adv), model(a_clean).detach())",0,0,fixed clean model output; no solver in attack,binary_replace,binary_steepest_replace,1,0.0250519029796123,0.0250519029796123,0.0250519029796123,0.0250519029796123,0.0,5.823230253554357e-07,5.823230253554357e-07,1.640827740345685e-08,1.4099083678331681e-08,-2.309193725125169e-09,2.002076059579849,9.0,2.013502597808838,181.0,0.0500519014894962,0.7076578736305237,11584,1,1.0,11584,181.0,0.0,0.0138085922226309,0.0138085922226309,0.0
darcy,800,800,64,solver,solver_x_adv_training_target,0.4787911100138444,0.0074811110939663,133.66998396889494,loss1,"MSE(model(a_adv), model(a_clean).detach())",0,0,fixed clean model output; no solver in attack,binary_replace,binary_steepest_replace,1,0.0250519029796123,0.0250519029796123,0.0250519029796123,0.0250519029796123,0.0,5.849548188052722e-07,5.849548188052722e-07,1.575764763117604e-08,1.23613812519352e-08,-3.396266379240842e-09,2.001384049654007,9.0,2.0131478309631348,181.0,0.0500346012413501,0.7046582698822021,11584,1,1.0,11584,181.0,0.0,0.0137845203280448,0.0137845203280448,0.0
darcy,801,801,64,solver,solver_x_adv_training_target,0.5376034970104229,0.0084000546407878,119.04684466507328,loss1,"MSE(model(a_adv), model(a_clean).detach())",0,0,fixed clean model output; no solver in attack,binary_replace,binary_steepest_replace,1,0.0250519029796123,0.0250519029796123,0.0250519029796123,0.0250519029796123,0.0,5.954462949375738e-07,5.954462949375738e-07,1.7569481869372794e-08,1.355013878878708e-08,-4.019343080585713e-09,2.001730054616928,9.0,2.0133213996887207,181.0,0.0500432513654232,0.705919086933136,11584,1,1.0,11584,181.0,0.0,0.0138689735904335,0.0138689735904335,0.0
darcy,802,802,64,solver,solver_x_adv_training_target,0.4789197859936394,0.0074831216561506,133.6340695701597,loss1,"MSE(model(a_adv), model(a_clean).detach())",0,0,fixed clean model output; no solver in attack,binary_replace,binary_steepest_replace,1,0.0250519029796123,0.0250519029796123,0.0250519029796123,0.0250519029796123,0.0,5.805438831885112e-07,5.805438831885112e-07,1.7219424108816384e-08,1.478628863793574e-08,-2.433135470880643e-09,2.0027680695056915,9.0,2.0138518810272217,181.0,0.0500692017376422,0.7097166776657104,11584,1,1.0,11584,181.0,0.0,0.0138174220919609,0.0138174220919609,0.0
darcy,803,803,64,solver,solver_x_adv_training_target,0.4776670710125472,0.007463547984571,133.98453417426143,loss1,"MSE(model(a_adv), model(a_clean).detach())",0,0,fixed clean model output; no solver in attack,binary_replace,binary_steepest_replace,1,0.0250519029796123,0.0250519029796123,0.0250519029796123,0.0250519029796123,0.0,5.901157464904827e-07,5.901157464904827e-07,2.4936975151490518e-08,2.1510965453330755e-08,-3.4260096981597603e-09,2.0031140744686127,9.0,2.014026403427124,181.0,0.0500778518617153,0.7048420906066895,11584,1,1.0,11584,181.0,0.0,0.0138754211366176,0.0138754211366176,0.0
darcy,804,804,64,solver,solver_x_adv_training_target,0.4795771009812597,0.0074933922028321,133.45090887169133,loss1,"MSE(model(a_adv), model(a_clean).detach())",0,0,fixed clean model output; no solver in attack,binary_replace,binary_steepest_replace,1,0.0250519029796123,0.0250519029796123,0.0250519029796123,0.0250519029796123,0.0,5.788911039417144e-07,5.788911039417144e-07,1.7002207641780842e-08,1.4639216061596017e-08,-2.3629915801848256e-09,2.000865042209625,9.0,2.012882947921753,181.0,0.0500216260552406,0.7134667038917542,11584,1,1.0,11584,181.0,0.0,0.013797896914184,0.013797896914184,0.0
darcy,805,805,64,solver,solver_x_adv_training_target,0.5364693430019543,0.0083823334844055,119.29852252483111,loss1,"MSE(model(a_adv), model(a_clean).detach())",0,0,fixed clean model output; no solver in attack,binary_replace,binary_steepest_replace,1,0.0250519029796123,0.0250519029796123,0.0250519029796123,0.0250519029796123,0.0,5.935475542173663e-07,5.935475542173663e-07,1.625409495886743e-08,1.3613809635160123e-08,-2.640285323707303e-09,2.0019030570983887,9.0,2.0134100914001465,181.0,0.0500475764274597,0.7104454636573792,11584,1,1.0,11584,181.0,0.0,0.0138213848695158,0.0138213848695158,0.0
darcy,806,806,64,solver,solver_x_adv_training_target,0.5489296169835143,0.0085770252653674,116.59053915089096,loss1,"MSE(model(a_adv), model(a_clean).detach())",0,0,fixed clean model output; no solver in attack,binary_replace,binary_steepest_replace,1,0.0250519029796123,0.0250519029796123,0.0250519029796123,0.0250519029796123,0.0,5.864611694050836e-07,5.864611694050836e-07,1.9161259245947804e-08,1.5966834965297494e-08,-3.1944242806503102e-09,2.0027680695056915,9.0,2.0138516426086426,181.0,0.0500692017376422,0.7083650231361389,11584,1,1.0,11584,181.0,0.0,0.013846531510353,0.013846531510353,0.0
darcy,807,807,64,solver,solver_x_adv_training_target,0.492903403006494,0.0077016156719764,129.84288525830445,loss1,"MSE(model(a_adv), model(a_clean).detach())",0,0,fixed clean model output; no solver in attack,binary_replace,binary_steepest_replace,1,0.0250519029796123,0.0250519029796123,0.0250519029796123,0.0250519029796123,0.0,5.90310037296149e-07,5.90310037296149e-07,1.5877393622076852e-08,1.3220761374554968e-08,-2.656632247521884e-09,2.003287076950073,9.0,2.01411247253418,181.0,0.0500821769237518,0.7113192081451416,11584,1,1.0,11584,181.0,0.0,0.0138090597465634,0.0138090597465634,0.0
darcy,808,808,64,solver,solver_x_adv_training_target,0.479652146983426,0.007494564796616,133.4300292461976,loss1,"MSE(model(a_adv), model(a_clean).detach())",0,0,fixed clean model output; no solver in attack,binary_replace,binary_steepest_replace,1,0.0250519029796123,0.0250519029796123,0.0250519029796123,0.0250519029796123,0.0,5.735132617701311e-07,5.735132617701311e-07,1.672214011705364e-08,1.3123420572469513e-08,-3.598719544584128e-09,2.001038044691086,9.0,2.012967586517334,181.0,0.0500259511172771,0.7040181756019592,11584,1,1.0,11584,181.0,0.0,0.0137181812897324,0.0137181812897324,0.0
darcy,809,809,64,solver,solver_x_adv_training_target,0.4792657689831685,0.007488527640362,133.53759884789025,loss1,"MSE(model(a_adv), model(a_clean).detach())",0,0,fixed clean model output; no solver in attack,binary_replace,binary_steepest_replace,1,0.0250519029796123,0.0250519029796123,0.0250519029796123,0.0250519029796123,0.0,5.984059043839807e-07,5.984059043839807e-07,1.7862157974946058e-08,1.3889247973963847e-08,-3.97291000098221e-09,2.003460079431534,9.0,2.014200210571289,181.0,0.0500865019857883,0.709969699382782,11584,1,1.0,11584,181.0,0.0,0.01378059014678,0.01378059014678,0.0
darcy,810,810,64,solver,solver_x_adv_training_target,0.4781217479903716,0.0074706523123495,133.85711959140755,loss1,"MSE(model(a_adv), model(a_clean).detach())",0,0,fixed clean model output; no solver in attack,binary_replace,binary_steepest_replace,1,0.0250519029796123,0.0250519029796123,0.0250519029796123,0.0250519029796123,0.0,5.947354679847194e-07,5.947354679847194e-07,1.6880736808388974e-08,1.4019780003593496e-08,-2.860956804795478e-09,2.002941071987152,9.0,2.0139384269714355,181.0,0.0500735267996788,0.7094095945358276,11584,1,1.0,11584,181.0,0.0,0.0138355838134884,0.0138355838134884,0.0
darcy,811,811,64,solver,solver_x_adv_training_target,0.5437403790128883,0.0084959434220763,117.7032320391328,loss1,"MSE(model(a_adv), model(a_clean).detach())",0,0,fixed clean model output; no solver in attack,binary_replace,binary_steepest_replace,1,0.0250519029796123,0.0250519029796123,0.0250519029796123,0.0250519029796123,0.0,5.998572873977537e-07,5.998572873977537e-07,1.7441765365333595e-08,1.4651726054637493e-08,-2.790039310696102e-09,2.002076059579849,9.0,2.013502597808838,181.0,0.0500519014894962,0.7067019939422607,11584,1,1.0,11584,181.0,0.0,0.013935599476099,0.013935599476099,0.0
darcy,812,812,64,solver,solver_x_adv_training_target,0.5461820859927684,0.008534095093637,117.17703974796304,loss1,"MSE(model(a_adv), model(a_clean).detach())",0,0,fixed clean model output; no solver in attack,binary_replace,binary_steepest_replace,1,0.0250519029796123,0.0250519029796123,0.0250519029796123,0.0250519029796123,0.0,5.934815590080689e-07,5.934815590080689e-07,1.6166508132187122e-08,1.3845080637509e-08,-2.3214274946781192e-09,2.0024220645427704,9.0,2.013676643371582,181.0,0.0500605516135692,0.7133239507675171,11584,1,1.0,11584,181.0,0.0,0.0138688050210475,0.0138688050210475,0.0
darcy,813,813,64,solver,solver_x_adv_training_target,0.5491508909908589,0.0085804826717321,116.5435603400766,loss1,"MSE(model(a_adv), model(a_clean).detach())",0,0,fixed clean model output; no solver in attack,binary_replace,binary_steepest_replace,1,0.0250519029796123,0.0250519029796123,0.0250519029796123,0.0250519029796123,0.0,5.886920462216949e-07,5.886920462216949e-07,1.9832100406347308e-08,1.6870050245643142e-08,-2.962050160704166e-09,2.001384049654007,9.0,2.013146162033081,181.0,0.0500346012413501,0.6987002491950989,11584,1,1.0,11584,181.0,0.0,0.0138395773246884,0.0138395773246884,0.0
darcy,814,814,64,solver,solver_x_adv_training_target,0.5451889809919521,0.0085185778279992,117.39048702626796,loss1,"MSE(model(a_adv), model(a_clean).detach())",0,0,fixed clean model output; no solver in attack,binary_replace,binary_steepest_replace,1,0.0250519029796123,0.0250519029796123,0.0250519029796123,0.0250519029796123,0.0,5.929352369093976e-07,5.929352369093976e-07,1.6591680918054408e-08,1.2816156136352674e-08,-3.775524781701733e-09,2.0027680695056915,9.0,2.013852596282959,181.0,0.0500692017376422,0.7106509208679199,11584,1,1.0,11584,181.0,0.0,0.0137610910460352,0.0137610910460352,0.0
darcy,815,815,64,solver,solver_x_adv_training_target,0.4785430009942502,0.0074772343905351,133.73928751863403,loss1,"MSE(model(a_adv), model(a_clean).detach())",0,0,fixed clean model output; no solver in attack,binary_replace,binary_steepest_replace,1,0.0250519029796123,0.0250519029796123,0.0250519029796123,0.0250519029796123,0.0,6.003483576932922e-07,6.003483576932922e-07,2.222625461456573e-08,1.8530142753547807e-08,-3.696111861017925e-09,2.0019030570983887,9.0,2.0134096145629883,181.0,0.0500475764274597,0.7008693814277649,11584,1,1.0,11584,181.0,0.0,0.0137946158647537,0.0137946158647537,0.0
darcy,816,816,64,solver,solver_x_adv_training_target,0.4787662989983801,0.0074807234218496,133.6769111232212,loss1,"MSE(model(a_adv), model(a_clean).detach())",0,0,fixed clean model output; no solver in attack,binary_replace,binary_steepest_replace,1,0.0250519029796123,0.0250519029796123,0.0250519029796123,0.0250519029796123,0.0,5.722627633986122e-07,5.722627633986122e-07,2.143063682069624e-08,1.909862668014739e-08,-2.3320101405488462e-09,2.00224906206131,9.0,2.0135889053344727,181.0,0.0500562265515327,0.7096604704856873,11584,1,1.0,11584,181.0,0.0,0.0138302100822329,0.0138302100822329,0.0
darcy,817,817,64,solver,solver_x_adv_training_target,0.4816208049887791,0.0075253250779496,132.88462486891754,loss1,"MSE(model(a_adv), model(a_clean).detach())",0,0,fixed clean model output; no solver in attack,binary_replace,binary_steepest_replace,1,0.0250519029796123,0.0250519029796123,0.0250519029796123,0.0250519029796123,0.0,5.920816192883649e-07,5.920816192883649e-07,1.7426156517785785e-08,1.4815500826159678e-08,-2.610655691626107e-09,2.001730054616928,9.0,2.0133280754089355,181.0,0.0500432513654232,0.7057676911354065,11584,1,1.0,11584,181.0,0.0,0.0138252973556518,0.0138252973556518,0.0
darcy,818,818,64,solver,solver_x_adv_training_target,0.4781242069730069,0.0074706907339532,133.85643116708624,loss1,"MSE(model(a_adv), model(a_clean).detach())",0,0,fixed clean model output; no solver in attack,binary_replace,binary_steepest_replace,1,0.0250519029796123,0.0250519029796123,0.0250519029796123,0.0250519029796123,0.0,5.907022000428697e-07,5.907022000428697e-07,1.9891706060093384e-08,1.5498656580348324e-08,-4.393049479745059e-09,2.000519037246704,9.0,2.012711763381958,181.0,0.0500129759311676,0.7106379270553589,11584,1,1.0,11584,181.0,0.0,0.0138985402882099,0.0138985402882099,0.0
darcy,819,819,64,solver,solver_x_adv_training_target,0.4778861360100563,0.0074669708751571,133.9231151050869,loss1,"MSE(model(a_adv), model(a_clean).detach())",0,0,fixed clean model output; no solver in attack,binary_replace,binary_steepest_replace,1,0.0250519029796123,0.0250519029796123,0.0250519029796123,0.0250519029796123,0.0,6.017510258971015e-07,6.017510258971015e-07,1.5812306131124387e-08,1.2706625085456837e-08,-3.105681045667552e-09,2.0036332309246063,9.0,2.0142879486083984,181.0,0.0500908307731151,0.7088083624839783,11584,1,1.0,11584,181.0,0.0,0.0137659292668104,0.0137659292668104,0.0
darcy,820,820,64,solver,solver_x_adv_training_target,0.4790877389896195,0.0074857459217128,133.58722169549551,loss1,"MSE(model(a_adv), model(a_clean).detach())",0,0,fixed clean model output; no solver in attack,binary_replace,binary_steepest_replace,1,0.0250519029796123,0.0250519029796123,0.0250519029796123,0.0250519029796123,0.0,5.901368922422989e-07,5.901368922422989e-07,2.1089984869604453e-08,1.9105874216052143e-08,-1.9841106535523068e-09,2.002076059579849,9.0,2.013500213623047,181.0,0.0500519014894962,0.7101189494132996,11584,1,1.0,11584,181.0,0.0,0.0138069661334156,0.0138069661334156,0.0
darcy,821,821,64,solver,solver_x_adv_training_target,0.5366039979853667,0.0083844374685213,119.26858584781787,loss1,"MSE(model(a_adv), model(a_clean).detach())",0,0,fixed clean model output; no solver in attack,binary_replace,binary_steepest_replace,1,0.0250519029796123,0.0250519029796123,0.0250519029796123,0.0250519029796123,0.0,5.859673137820209e-07,5.859673137820209e-07,2.1810450334669443e-08,1.720041886699164e-08,-4.6100314676778e-09,2.00224906206131,9.0,2.013589859008789,181.0,0.0500562265515327,0.701304018497467,11584,1,1.0,11584,181.0,0.0,0.0138363922014832,0.0138363922014832,0.0
darcy,822,822,64,solver,solver_x_adv_training_target,0.4895601290045306,0.0076493770156957,130.72960032537233,loss1,"MSE(model(a_adv), model(a_clean).detach())",0,0,fixed clean model output; no solver in attack,binary_replace,binary_steepest_replace,1,0.0250519029796123,0.0250519029796123,0.0250519029796123,0.0250519029796123,0.0,5.981487447570544e-07,5.981487447570544e-07,1.5966303834602513e-08,1.2636776958174778e-08,-3.3295268764277353e-09,2.001384049654007,9.0,2.013129711151123,181.0,0.0500346012413501,0.7118706703186035,11584,1,1.0,11584,181.0,0.0,0.0138572482392191,0.0138572482392191,0.0
darcy,823,823,64,solver,solver_x_adv_training_target,0.4830166759784333,0.007547135562163,132.50060128950412,loss1,"MSE(model(a_adv), model(a_clean).detach())",0,0,fixed clean model output; no solver in attack,binary_replace,binary_steepest_replace,1,0.0250519029796123,0.0250519029796123,0.0250519029796123,0.0250519029796123,0.0,5.987184863442963e-07,5.987184863442963e-07,1.7906037541592923e-08,1.534962912330684e-08,-2.556408418286082e-09,2.0015570521354675,9.0,2.013238906860352,181.0,0.0500389263033866,0.7062672972679138,11584,1,1.0,11584,181.0,0.0,0.013832570053637,0.013832570053637,0.0
darcy,824,824,64,solver,solver_x_adv_training_target,0.4831206599774305,0.0075487603121473,132.47208265320268,loss1,"MSE(model(a_adv), model(a_clean).detach())",0,0,fixed clean model output; no solver in attack,binary_replace,binary_steepest_replace,1,0.0250519029796123,0.0250519029796123,0.0250519029796123,0.0250519029796123,0.0,5.720739295611565e-07,5.720739295611565e-07,2.4329564141112318e-08,2.175711877328013e-08,-2.572445367832188e-09,2.00224906206131,9.0,2.013589382171631,181.0,0.0500562265515327,0.6978352069854736,11584,1,1.0,11584,181.0,0.0,0.0138166546821594,0.0138166546821594,0.0
darcy,825,825,64,solver,solver_x_adv_training_target,0.4833781640045345,0.0075527838125708,132.40151245102504,loss1,"MSE(model(a_adv), model(a_clean).detach())",0,0,fixed clean model output; no solver in attack,binary_replace,binary_steepest_replace,1,0.0250519029796123,0.0250519029796123,0.0250519029796123,0.0250519029796123,0.0,5.94639686823939e-07,5.94639686823939e-07,1.6750359321804353e-08,1.3381217023322732e-08,-3.3691422984816204e-09,2.0027680695056915,9.0,2.013850212097168,181.0,0.0500692017376422,0.710387110710144,11584,1,1.0,11584,181.0,0.0,0.0138055309653282,0.0138055309653282,0.0
darcy,826,826,64,solver,solver_x_adv_training_target,0.4837255889724474,0.0075582123276944,132.30641805812218,loss1,"MSE(model(a_adv), model(a_clean).detach())",0,0,fixed clean model output; no solver in attack,binary_replace,binary_steepest_replace,1,0.0250519029796123,0.0250519029796123,0.0250519029796123,0.0250519029796123,0.0,5.914898792980239e-07,5.914898792980239e-07,1.9233555192954558e-08,1.64876876596054e-08,-2.7458675333491556e-09,2.0036332309246063,9.0,2.01428771018982,181.0,0.0500908307731151,0.7121950387954712,11584,1,1.0,11584,181.0,0.0,0.0138164730742573,0.0138164730742573,0.0
darcy,827,827,64,solver,solver_x_adv_training_target,0.4937608979817014,0.007715014030964,129.6173922674043,loss1,"MSE(model(a_adv), model(a_clean).detach())",0,0,fixed clean model output; no solver in attack,binary_replace,binary_steepest_replace,1,0.0250519029796123,0.0250519029796123,0.0250519029796123,0.0250519029796123,0.0,5.993443892293726e-07,5.993443892293726e-07,2.5602796327461877e-08,2.1040680309170057e-08,-4.5621160182918175e-09,2.002595067024231,9.0,2.01375675201416,181.0,0.0500648766756057,0.7050410509109497,11584,1,1.0,11584,181.0,0.0,0.0137706464156508,0.0137706464156508,0.0
darcy,828,828,64,solver,solver_x_adv_training_target,0.4855563260207418,0.007586817594074,131.80757117201284,loss1,"MSE(model(a_adv), model(a_clean).detach())",0,0,fixed clean model output; no solver in attack,binary_replace,binary_steepest_replace,1,0.0250519029796123,0.0250519029796123,0.0250519029796123,0.0250519029796123,0.0,5.96329982727184e-07,5.96329982727184e-07,1.721966924606022e-08,1.3825182776372458e-08,-3.394486469687763e-09,2.0015570521354675,9.0,2.013240337371826,181.0,0.0500389263033866,0.7070544958114624,11584,1,1.0,11584,181.0,0.0,0.0139221223071217,0.0139221223071217,0.0
darcy,829,829,64,solver,solver_x_adv_training_target,0.4826928869879339,0.0075420763591864,132.5894823090688,loss1,"MSE(model(a_adv), model(a_clean).detach())",0,0,fixed clean model output; no solver in attack,binary_replace,binary_steepest_replace,1,0.0250519029796123,0.0250519029796123,0.0250519029796123,0.0250519029796123,0.0,5.925473942625104e-07,5.925473942625104e-07,1.6183422602011888e-08,1.2660677839448908e-08,-3.5227447625629793e-09,2.0031140744686127,9.0,2.0140252113342285,181.0,0.0500778518617153,0.7055492997169495,11584,1,1.0,11584,181.0,0.0,0.0138586265966296,0.0138586265966296,0.0
darcy,830,830,64,solver,solver_x_adv_training_target,0.5435494069824927,0.0084929594841014,117.74458619188852,loss1,"MSE(model(a_adv), model(a_clean).detach())",0,0,fixed clean model output; no solver in attack,binary_replace,binary_steepest_replace,1,0.0250519029796123,0.0250519029796123,0.0250519029796123,0.0250519029796123,0.0,5.898147037441959e-07,5.898147037441959e-07,1.9295491426873923e-08,1.5826767452153945e-08,-3.4687239747199783e-09,2.003460079431534,9.0,2.0142009258270264,181.0,0.0500865019857883,0.7143490314483643,11584,1,1.0,11584,181.0,0.0,0.013863855972886,0.013863855972886,0.0
darcy,831,831,64,solver,solver_x_adv_training_target,0.4831173630082048,0.0075487087970032,132.47298669104774,loss1,"MSE(model(a_adv), model(a_clean).detach())",0,0,fixed clean model output; no solver in attack,binary_replace,binary_steepest_replace,1,0.0250519029796123,0.0250519029796123,0.0250519029796123,0.0250519029796123,0.0,5.996640766170458e-07,5.996640766170458e-07,2.0158557489935447e-08,1.7429407250801887e-08,-2.7291502391335602e-09,2.002595067024231,9.0,2.0137650966644287,181.0,0.0500648766756057,0.7084190845489502,11584,1,1.0,11584,181.0,0.0,0.0138846794143319,0.0138846794143319,0.0
darcy,832,832,64,solver,solver_x_adv_training_target,0.4838331700011622,0.0075598932812681,132.27699952825944,loss1,"MSE(model(a_adv), model(a_clean).detach())",0,0,fixed clean model output; no solver in attack,binary_replace,binary_steepest_replace,1,0.0250519029796123,0.0250519029796123,0.0250519029796123,0.0250519029796123,0.0,5.623411425403901e-07,5.623411425403901e-07,1.89583229115442e-08,1.6168362648727452e-08,-2.7899602628167486e-09,2.0024220645427704,9.0,2.013676404953003,181.0,0.0500605516135692,0.7059342265129089,11584,1,1.0,11584,181.0,0.0,0.0137875992804765,0.0137875992804765,0.0
darcy,833,833,64,solver,solver_x_adv_training_target,0.4827888339932542,0.0075435755311445,132.56313214753067,loss1,"MSE(model(a_adv), model(a_clean).detach())",0,0,fixed clean model output; no solver in attack,binary_replace,binary_steepest_replace,1,0.0250519029796123,0.0250519029796123,0.0250519029796123,0.0250519029796123,0.0,5.938193226029398e-07,5.938193226029398e-07,1.8467831708335325e-08,1.518825065716101e-08,-3.279581051174318e-09,2.0031140744686127,9.0,2.014024257659912,181.0,0.0500778518617153,0.70351642370224,11584,1,1.0,11584,181.0,0.0,0.0138611542060971,0.0138611542060971,0.0
darcy,834,834,64,solver,solver_x_adv_training_target,0.4831166779913474,0.0075486980936148,132.47317452606396,loss1,"MSE(model(a_adv), model(a_clean).detach())",0,0,fixed clean model output; no solver in attack,binary_replace,binary_steepest_replace,1,0.0250519029796123,0.0250519029796123,0.0250519029796123,0.0250519029796123,0.0,5.994185130475671e-07,5.994185130475671e-07,1.7107590011278262e-08,1.4829301342444978e-08,-2.2782886688332837e-09,2.0036332309246063,9.0,2.0142879486083984,181.0,0.0500908307731151,0.711617648601532,11584,1,1.0,11584,181.0,0.0,0.0139233022928237,0.0139233022928237,0.0
darcy,835,835,64,solver,solver_x_adv_training_target,0.5482502800005022,0.0085664106250078,116.73500650093854,loss1,"MSE(model(a_adv), model(a_clean).detach())",0,0,fixed clean model output; no solver in attack,binary_replace,binary_steepest_replace,1,0.0250519029796123,0.0250519029796123,0.0250519029796123,0.0250519029796123,0.0,5.834521061842679e-07,5.834521061842679e-07,2.3116635716746717e-08,1.8885856434280868e-08,-4.230779282465846e-09,2.0024220645427704,9.0,2.013671636581421,181.0,0.0500605516135692,0.7110942602157593,11584,1,1.0,11584,181.0,0.0,0.0138223832473158,0.0138223832473158,0.0
darcy,836,836,64,solver,solver_x_adv_training_target,0.4786738549883012,0.0074792789841922,133.70272751070593,loss1,"MSE(model(a_adv), model(a_clean).detach())",0,0,fixed clean model output; no solver in attack,binary_replace,binary_steepest_replace,1,0.0250519029796123,0.0250519029796123,0.0250519029796123,0.0250519029796123,0.0,5.943777523498284e-07,5.943777523498284e-07,1.655435077907441e-08,1.378383185368648e-08,-2.770518925387932e-09,2.003287076950073,9.0,2.014113426208496,181.0,0.0500821769237518,0.7062867283821106,11584,1,1.0,11584,181.0,0.0,0.0138752991333603,0.0138752991333603,0.0
darcy,837,837,64,solver,solver_x_adv_training_target,0.5394101660058368,0.0084282838438412,118.64811609669862,loss1,"MSE(model(a_adv), model(a_clean).detach())",0,0,fixed clean model output; no solver in attack,binary_replace,binary_steepest_replace,1,0.0250519029796123,0.0250519029796123,0.0250519029796123,0.0250519029796123,0.0,5.926396511313214e-07,5.926396511313214e-07,1.6382607270770677e-08,1.3378893548576798e-08,-3.003713722193879e-09,2.003287076950073,9.0,2.014113187789917,181.0,0.0500821769237518,0.7125346064567566,11584,1,1.0,11584,181.0,0.0,0.0137537270784378,0.0137537270784378,0.0
darcy,838,838,64,solver,solver_x_adv_training_target,0.4797424580028746,0.0074959759062949,133.4049111817752,loss1,"MSE(model(a_adv), model(a_clean).detach())",0,0,fixed clean model output; no solver in attack,binary_replace,binary_steepest_replace,1,0.0250519029796123,0.0250519029796123,0.0250519029796123,0.0250519029796123,0.0,5.912601181989885e-07,5.912601181989885e-07,1.5821139953686725e-08,1.2416603745180056e-08,-3.4045362085066704e-09,2.00224906206131,9.0,2.0135905742645264,181.0,0.0500562265515327,0.709721028804779,11584,1,1.0,11584,181.0,0.0,0.0138181522488594,0.0138181522488594,0.0
darcy,839,839,64,solver,solver_x_adv_training_target,0.478930331999436,0.0074832864374911,133.6311269591406,loss1,"MSE(model(a_adv), model(a_clean).detach())",0,0,fixed clean model output; no solver in attack,binary_replace,binary_steepest_replace,1,0.0250519029796123,0.0250519029796123,0.0250519029796123,0.0250519029796123,0.0,6.020262617312255e-07,6.020262617312255e-07,1.6256969104233576e-08,1.2779672431406652e-08,-3.477296672826924e-09,2.001730054616928,9.0,2.0133285522460938,181.0,0.0500432513654232,0.7115354537963867,11584,1,1.0,11584,181.0,0.0,0.0137793980538845,0.0137793980538845,0.0
darcy,840,840,64,solver,solver_x_adv_training_target,0.5435920569871087,0.0084936258904235,117.73534800107971,loss1,"MSE(model(a_adv), model(a_clean).detach())",0,0,fixed clean model output; no solver in attack,binary_replace,binary_steepest_replace,1,0.0250519029796123,0.0250519029796123,0.0250519029796123,0.0250519029796123,0.0,5.991929583615274e-07,5.991929583615274e-07,1.5965655464356132e-08,1.2677988436848864e-08,-3.287667027507268e-09,2.0015570521354675,9.0,2.013235569000244,181.0,0.0500389263033866,0.7101189494132996,11584,1,1.0,11584,181.0,0.0,0.0137814162299036,0.0137814162299036,0.0
darcy,841,841,64,solver,solver_x_adv_training_target,0.4789173269819002,0.0074830832340921,133.6347557172822,loss1,"MSE(model(a_adv), model(a_clean).detach())",0,0,fixed clean model output; no solver in attack,binary_replace,binary_steepest_replace,1,0.0250519029796123,0.0250519029796123,0.0250519029796123,0.0250519029796123,0.0,5.914344001212157e-07,5.914344001212157e-07,1.7700621413041517e-08,1.4109226675884656e-08,-3.591394737156861e-09,2.0015570521354675,9.0,2.0132317543029785,181.0,0.0500389263033866,0.7014597654342651,11584,1,1.0,11584,181.0,0.0,0.0138710187748074,0.0138710187748074,0.0
darcy,842,842,64,solver,solver_x_adv_training_target,0.478498729004059,0.0074765426406884,133.75166143744784,loss1,"MSE(model(a_adv), model(a_clean).detach())",0,0,fixed clean model output; no solver in attack,binary_replace,binary_steepest_replace,1,0.0250519029796123,0.0250519029796123,0.0250519029796123,0.0250519029796123,0.0,5.782749212812632e-07,5.782749212812632e-07,2.1453768539458903e-08,1.936884608255696e-08,-2.0849224569019494e-09,2.0036332309246063,9.0,2.0142879486083984,181.0,0.0500908307731151,0.703804075717926,11584,1,1.0,11584,181.0,0.0,0.0138773322105407,0.0138773322105407,0.0
darcy,843,843,64,solver,solver_x_adv_training_target,0.4818193659884855,0.00752842759357,132.82986222170544,loss1,"MSE(model(a_adv), model(a_clean).detach())",0,0,fixed clean model output; no solver in attack,binary_replace,binary_steepest_replace,1,0.0250519029796123,0.0250519029796123,0.0250519029796123,0.0250519029796123,0.0,5.868306516276789e-07,5.868306516276789e-07,1.6290506721361453e-08,1.3227273498728211e-08,-3.0632332226332437e-09,2.0027680695056915,9.0,2.0138516426086426,181.0,0.0500692017376422,0.7105838656425476,11584,1,1.0,11584,181.0,0.0,0.0137518867850303,0.0137518867850303,0.0
darcy,844,844,64,solver,solver_x_adv_training_target,0.478552229993511,0.0074773785936486,133.7367083230765,loss1,"MSE(model(a_adv), model(a_clean).detach())",0,0,fixed clean model output; no solver in attack,binary_replace,binary_steepest_replace,1,0.0250519029796123,0.0250519029796123,0.0250519029796123,0.0250519029796123,0.0,5.925899131398182e-07,5.925899131398182e-07,2.9256275624334197e-08,2.4058156355977193e-08,-5.198119268357004e-09,2.002595067024231,9.0,2.013763904571533,181.0,0.0500648766756057,0.7016932964324951,11584,1,1.0,11584,181.0,0.0,0.0138047896325588,0.0138047896325588,0.0
darcy,845,845,64,solver,solver_x_adv_training_target,0.4785554610134568,0.0074774290783352,133.73580538494858,loss1,"MSE(model(a_adv), model(a_clean).detach())",0,0,fixed clean model output; no solver in attack,binary_replace,binary_steepest_replace,1,0.0250519029796123,0.0250519029796123,0.0250519029796123,0.0250519029796123,0.0,5.977416321911733e-07,5.977416321911733e-07,3.424205630153665e-08,3.202849185868217e-08,-2.213564442854476e-09,2.002595067024231,9.0,2.013761520385742,181.0,0.0500648766756057,0.7068663239479065,11584,1,1.0,11584,181.0,0.0,0.013858126476407,0.013858126476407,0.0
darcy,846,846,64,solver,solver_x_adv_training_target,0.4786220540117938,0.0074784695939342,133.71719807634057,loss1,"MSE(model(a_adv), model(a_clean).detach())",0,0,fixed clean model output; no solver in attack,binary_replace,binary_steepest_replace,1,0.0250519029796123,0.0250519029796123,0.0250519029796123,0.0250519029796123,0.0,5.957161306469061e-07,5.957161306469061e-07,1.601740429180154e-08,1.2685240413645717e-08,-3.332163878155825e-09,2.001384049654007,9.0,2.013150691986084,181.0,0.0500346012413501,0.7084904909133911,11584,1,1.0,11584,181.0,0.0,0.0137640638276934,0.0137640638276934,0.0
darcy,847,847,64,solver,solver_x_adv_training_target,0.5477665340004023,0.0085588520937562,116.83809803530822,loss1,"MSE(model(a_adv), model(a_clean).detach())",0,0,fixed clean model output; no solver in attack,binary_replace,binary_steepest_replace,1,0.0250519029796123,0.0250519029796123,0.0250519029796123,0.0250519029796123,0.0,5.855844165125745e-07,5.855844165125745e-07,2.9407827284444465e-08,2.5385368473962444e-08,-4.022458810482021e-09,2.0024220645427704,9.0,2.0136780738830566,181.0,0.0500605516135692,0.7031012177467346,11584,1,1.0,11584,181.0,0.0,0.0138645786792039,0.0138645786792039,0.0
darcy,848,848,64,solver,solver_x_adv_training_target,0.4789528909896035,0.0074836389217125,133.62483284684723,loss1,"MSE(model(a_adv), model(a_clean).detach())",0,0,fixed clean model output; no solver in attack,binary_replace,binary_steepest_replace,1,0.0250519029796123,0.0250519029796123,0.0250519029796123,0.0250519029796123,0.0,5.907683089390048e-07,5.907683089390048e-07,3.304997520103825e-08,3.0542505413677645e-08,-2.5074697873606056e-09,2.0027680695056915,9.0,2.013852119445801,181.0,0.0500692017376422,0.7004887461662292,11584,1,1.0,11584,181.0,0.0,0.0138865513727068,0.0138865513727068,0.0
darcy,849,849,64,solver,solver_x_adv_training_target,0.5445354919938836,0.0085083670624044,117.5313656152258,loss1,"MSE(model(a_adv), model(a_clean).detach())",0,0,fixed clean model output; no solver in attack,binary_replace,binary_steepest_replace,1,0.0250519029796123,0.0250519029796123,0.0250519029796123,0.0250519029796123,0.0,5.992894784867531e-07,5.992894784867531e-07,1.9251995553304372e-08,1.624291456892024e-08,-3.009080984384127e-09,2.003460079431534,9.0,2.0142006874084477,181.0,0.0500865019857883,0.7095112204551697,11584,1,1.0,11584,181.0,0.0,0.0138118276372551,0.0138118276372551,0.0
darcy,850,850,64,solver,solver_x_adv_training_target,0.4787886480044108,0.0074810726250689,133.67067132178624,loss1,"MSE(model(a_adv), model(a_clean).detach())",0,0,fixed clean model output; no solver in attack,binary_replace,binary_steepest_replace,1,0.0250519029796123,0.0250519029796123,0.0250519029796123,0.0250519029796123,0.0,5.848793875884439e-07,5.848793875884439e-07,1.6648073142278008e-08,1.321189824210478e-08,-3.4361749001732282e-09,2.001730054616928,9.0,2.01332426071167,181.0,0.0500432513654232,0.7018706798553467,11584,1,1.0,11584,181.0,0.0,0.0138417752459645,0.0138417752459645,0.0
darcy,851,851,64,solver,solver_x_adv_training_target,0.4788906180183403,0.0074826659065365,133.64220887189936,loss1,"MSE(model(a_adv), model(a_clean).detach())",0,0,fixed clean model output; no solver in attack,binary_replace,binary_steepest_replace,1,0.0250519029796123,0.0250519029796123,0.0250519029796123,0.0250519029796123,0.0,5.995146352688607e-07,5.995146352688607e-07,2.2702888458070447e-08,2.1124444415931976e-08,-1.5784440421384716e-09,2.0027680695056915,9.0,2.013852119445801,181.0,0.0500692017376422,0.7083953022956848,11584,1,1.0,11584,181.0,0.0,0.0138822430744767,0.0138822430744767,0.0
darcy,852,852,64,solver,solver_x_adv_training_target,0.4779159039899241,0.0074674359998425,133.91477342706156,loss1,"MSE(model(a_adv), model(a_clean).detach())",0,0,fixed clean model output; no solver in attack,binary_replace,binary_steepest_replace,1,0.0250519029796123,0.0250519029796123,0.0250519029796123,0.0250519029796123,0.0,5.844735824211966e-07,5.844735824211966e-07,2.2327201421035173e-08,1.8554278113924735e-08,-3.772923307110432e-09,2.002076059579849,9.0,2.013501644134521,181.0,0.0500519014894962,0.7103049159049988,11584,1,1.0,11584,181.0,0.0,0.0138806272298097,0.0138806272298097,0.0
darcy,853,853,64,solver,solver_x_adv_training_target,0.4786665950086899,0.0074791655470107,133.7047553920869,loss1,"MSE(model(a_adv), model(a_clean).detach())",0,0,fixed clean model output; no solver in attack,binary_replace,binary_steepest_replace,1,0.0250519029796123,0.0250519029796123,0.0250519029796123,0.0250519029796123,0.0,5.809391723232693e-07,5.809391723232693e-07,1.5803848896212003e-08,1.4150715266225689e-08,-1.653133629986314e-09,2.002941071987152,9.0,2.013938665390014,181.0,0.0500735267996788,0.709130585193634,11584,1,1.0,11584,181.0,0.0,0.0138607481494545,0.0138607481494545,0.0
darcy,854,854,64,solver,solver_x_adv_training_target,0.4780438349989708,0.0074694349218589,133.87893601878116,loss1,"MSE(model(a_adv), model(a_clean).detach())",0,0,fixed clean model output; no solver in attack,binary_replace,binary_steepest_replace,1,0.0250519029796123,0.0250519029796123,0.0250519029796123,0.0250519029796123,0.0,5.822801085741958e-07,5.822801085741958e-07,1.911503311191609e-08,1.6360537813397972e-08,-2.754495298518122e-09,2.0019030570983887,9.0,2.013413429260254,181.0,0.0500475764274597,0.7055363059043884,11584,1,1.0,11584,181.0,0.0,0.0137669648975133,0.0137669648975133,0.0
darcy,855,855,64,solver,solver_x_adv_training_target,0.4785838219977449,0.0074778722187147,133.72788017122227,loss1,"MSE(model(a_adv), model(a_clean).detach())",0,0,fixed clean model output; no solver in attack,binary_replace,binary_steepest_replace,1,0.0250519029796123,0.0250519029796123,0.0250519029796123,0.0250519029796123,0.0,5.919193881709361e-07,5.919193881709361e-07,2.2261509968757313e-08,1.853474884683237e-08,-3.7267611219249375e-09,2.00224906206131,9.0,2.0135884284973145,181.0,0.0500562265515327,0.7092798352241516,11584,1,1.0,11584,181.0,0.0,0.0139480512589216,0.0139480512589216,0.0
darcy,856,856,64,solver,solver_x_adv_training_target,0.4797527729824651,0.007496137077851,133.4020428941621,loss1,"MSE(model(a_adv), model(a_clean).detach())",0,0,fixed clean model output; no solver in attack,binary_replace,binary_steepest_replace,1,0.0250519029796123,0.0250519029796123,0.0250519029796123,0.0250519029796123,0.0,5.994270395603962e-07,5.994270395603962e-07,2.093611151110508e-08,1.785098113771255e-08,-3.08513037339253e-09,2.003287076950073,9.0,2.014112949371338,181.0,0.0500821769237518,0.6966284513473511,11584,1,1.0,11584,181.0,0.0,0.0138711193576455,0.0138711193576455,0.0
darcy,857,857,64,solver,solver_x_adv_training_target,0.4896532800048589,0.0076508325000759,130.70473049698535,loss1,"MSE(model(a_adv), model(a_clean).detach())",0,0,fixed clean model output; no solver in attack,binary_replace,binary_steepest_replace,1,0.0250519029796123,0.0250519029796123,0.0250519029796123,0.0250519029796123,0.0,5.934467708357261e-07,5.934467708357261e-07,1.635244473163766e-08,1.3064719972533112e-08,-3.287724759104549e-09,2.001038044691086,9.0,2.012974739074707,181.0,0.0500259511172771,0.6977811455726624,11584,1,1.0,11584,181.0,0.0,0.0138604417443275,0.0138604417443275,0.0
darcy,858,858,64,solver,solver_x_adv_training_target,0.5546603169932496,0.0086665674530195,115.38593629148866,loss1,"MSE(model(a_adv), model(a_clean).detach())",0,0,fixed clean model output; no solver in attack,binary_replace,binary_steepest_replace,1,0.0250519029796123,0.0250519029796123,0.0250519029796123,0.0250519029796123,0.0,5.908935349907551e-07,5.908935349907551e-07,1.9219669411540963e-08,1.4680514581755233e-08,-4.539154829785731e-09,2.001384049654007,9.0,2.013144969940185,181.0,0.0500346012413501,0.7158369421958923,11584,1,1.0,11584,181.0,0.0,0.0138180945068597,0.0138180945068597,0.0
darcy,859,859,64,solver,solver_x_adv_training_target,0.4825750390009489,0.0075402349843898,132.62186152954786,loss1,"MSE(model(a_adv), model(a_clean).detach())",0,0,fixed clean model output; no solver in attack,binary_replace,binary_steepest_replace,1,0.0250519029796123,0.0250519029796123,0.0250519029796123,0.0250519029796123,0.0,5.749026854573458e-07,5.749026854573458e-07,1.556883155728883e-08,1.3065265314082808e-08,-2.5035662432060235e-09,2.002076059579849,9.0,2.013502359390259,181.0,0.0500519014894962,0.7095522880554199,11584,1,1.0,11584,181.0,0.0,0.0138077223673462,0.0138077223673462,0.0
darcy,860,860,64,solver,solver_x_adv_training_target,0.483115219976753,0.0075486753121367,132.47357432266284,loss1,"MSE(model(a_adv), model(a_clean).detach())",0,0,fixed clean model output; no solver in attack,binary_replace,binary_steepest_replace,1,0.0250519029796123,0.0250519029796123,0.0250519029796123,0.0250519029796123,0.0,6.059472070774063e-07,6.059472070774063e-07,1.6332462493551247e-08,1.2538528437744391e-08,-3.793934055806858e-09,2.002076059579849,9.0,2.013501644134521,181.0,0.0500519014894962,0.7012910842895508,11584,1,1.0,11584,181.0,0.0,0.0137069160118699,0.0137069160118699,0.0
darcy,861,861,64,solver,solver_x_adv_training_target,0.4827847939741332,0.0075435124058458,132.56424145667896,loss1,"MSE(model(a_adv), model(a_clean).detach())",0,0,fixed clean model output; no solver in attack,binary_replace,binary_steepest_replace,1,0.0250519029796123,0.0250519029796123,0.0250519029796123,0.0250519029796123,0.0,5.943136329733534e-07,5.943136329733534e-07,1.6108636202716298e-08,1.2855844389036974e-08,-3.252791813679323e-09,2.001730054616928,9.0,2.013327121734619,181.0,0.0500432513654232,0.7047772407531738,11584,1,1.0,11584,181.0,0.0,0.013821798376739,0.013821798376739,0.0
darcy,862,862,64,solver,solver_x_adv_training_target,0.4829906289814971,0.0075467285778358,132.50774685827656,loss1,"MSE(model(a_adv), model(a_clean).detach())",0,0,fixed clean model output; no solver in attack,binary_replace,binary_steepest_replace,1,0.0250519029796123,0.0250519029796123,0.0250519029796123,0.0250519029796123,0.0,5.957481903351436e-07,5.957481903351436e-07,1.7524374840149903e-08,1.4790624724980717e-08,-2.7337501151691868e-09,2.002076059579849,9.0,2.01350212097168,181.0,0.0500519014894962,0.7052637934684753,11584,1,1.0,11584,181.0,0.0,0.0137756587937474,0.0137756587937474,0.0
darcy,863,863,64,solver,solver_x_adv_training_target,0.5390093679889105,0.0084220213748267,118.73634077787814,loss1,"MSE(model(a_adv), model(a_clean).detach())",0,0,fixed clean model output; no solver in attack,binary_replace,binary_steepest_replace,1,0.0250519029796123,0.0250519029796123,0.0250519029796123,0.0250519029796123,0.0,6.030912800270016e-07,6.030912800270016e-07,1.6835677740800747e-08,1.3560643274956874e-08,-3.275034465843873e-09,2.00224906206131,9.0,2.013589143753052,181.0,0.0500562265515327,0.7110877633094788,11584,1,1.0,11584,181.0,0.0,0.0138178151100873,0.0138178151100873,0.0
darcy,864,864,64,solver,solver_x_adv_training_target,0.549912676011445,0.0085923855626788,116.38211445532856,loss1,"MSE(model(a_adv), model(a_clean).detach())",0,0,fixed clean model output; no solver in attack,binary_replace,binary_steepest_replace,1,0.0250519029796123,0.0250519029796123,0.0250519029796123,0.0250519029796123,0.0,6.002459826959239e-07,6.002459826959239e-07,1.5653949247962373e-08,1.2801028681508342e-08,-2.8529205664540314e-09,2.0019030570983887,9.0,2.0134103298187256,181.0,0.0500475764274597,0.7072469592094421,11584,1,1.0,11584,181.0,0.0,0.0138532733544707,0.0138532733544707,0.0
darcy,865,865,64,solver,solver_x_adv_training_target,0.4823895290028304,0.0075373363906692,132.67286321968336,loss1,"MSE(model(a_adv), model(a_clean).detach())",0,0,fixed clean model output; no solver in attack,binary_replace,binary_steepest_replace,1,0.0250519029796123,0.0250519029796123,0.0250519029796123,0.0250519029796123,0.0,5.930435804657463e-07,5.930435804657463e-07,2.072858151791479e-08,1.7935805729507592e-08,-2.792775788407198e-09,2.0027680695056915,9.0,2.0138518810272217,181.0,0.0500692017376422,0.7049610614776611,11584,1,1.0,11584,181.0,0.0,0.013888775371015,0.013888775371015,0.0
darcy,866,866,64,solver,solver_x_adv_training_target,0.4833984810102265,0.0075531012657847,132.3959476791282,loss1,"MSE(model(a_adv), model(a_clean).detach())",0,0,fixed clean model output; no solver in attack,binary_replace,binary_steepest_replace,1,0.0250519029796123,0.0250519029796123,0.0250519029796123,0.0250519029796123,0.0,5.840902304043993e-07,5.840902304043993e-07,2.7056923812551762e-08,2.350391525851592e-08,-3.553008554035841e-09,2.001730054616928,9.0,2.013326644897461,181.0,0.0500432513654232,0.7026665210723877,11584,1,1.0,11584,181.0,0.0,0.01381566375494,0.01381566375494,0.0
darcy,867,867,64,solver,solver_x_adv_training_target,0.5011535800003912,0.0078305246875061,127.70536329392289,loss1,"MSE(model(a_adv), model(a_clean).detach())",0,0,fixed clean model output; no solver in attack,binary_replace,binary_steepest_replace,1,0.0250519029796123,0.0250519029796123,0.0250519029796123,0.0250519029796123,0.0,5.977162800263613e-07,5.977162800263613e-07,1.7922284101246078e-08,1.5304085110301457e-08,-2.61819899094462e-09,2.00224906206131,9.0,2.0135889053344727,181.0,0.0500562265515327,0.7096734046936035,11584,1,1.0,11584,181.0,0.0,0.0138215953484177,0.0138215953484177,0.0
darcy,868,868,64,solver,solver_x_adv_training_target,0.5438615619787015,0.0084978369059172,117.67700546284672,loss1,"MSE(model(a_adv), model(a_clean).detach())",0,0,fixed clean model output; no solver in attack,binary_replace,binary_steepest_replace,1,0.0250519029796123,0.0250519029796123,0.0250519029796123,0.0250519029796123,0.0,5.811021992485621e-07,5.811021992485621e-07,1.9339365664450273e-08,1.7964607579301628e-08,-1.3747580851486416e-09,2.0031140744686127,9.0,2.014026641845703,181.0,0.0500778518617153,0.7091500759124756,11584,1,1.0,11584,181.0,0.0,0.0139610217884182,0.0139610217884182,0.0
darcy,869,869,64,solver,solver_x_adv_training_target,0.4786611259914934,0.007479080093617,133.70628305658016,loss1,"MSE(model(a_adv), model(a_clean).detach())",0,0,fixed clean model output; no solver in attack,binary_replace,binary_steepest_replace,1,0.0250519029796123,0.0250519029796123,0.0250519029796123,0.0250519029796123,0.0,6.017112923473178e-07,6.017112923473178e-07,2.6026764743392053e-08,2.147584687861581e-08,-4.550917864776238e-09,2.0024220645427704,9.0,2.013674736022949,181.0,0.0500605516135692,0.7053373456001282,11584,1,1.0,11584,181.0,0.0,0.0138773005455732,0.0138773005455732,0.0
darcy,870,870,64,solver,solver_x_adv_training_target,0.478209988999879,0.0074720310781231,133.83241979919453,loss1,"MSE(model(a_adv), model(a_clean).detach())",0,0,fixed clean model output; no solver in attack,binary_replace,binary_steepest_replace,1,0.0250519029796123,0.0250519029796123,0.0250519029796123,0.0250519029796123,0.0,5.90806621403317e-07,5.90806621403317e-07,1.8025957615463998e-08,1.4999464781340066e-08,-3.026492834123928e-09,2.0012110471725464,9.0,2.0130581855773926,181.0,0.0500302761793136,0.713875412940979,11584,1,1.0,11584,181.0,0.0,0.0138278398662805,0.0138278398662805,0.0
darcy,871,871,64,solver,solver_x_adv_training_target,0.4811008500109892,0.0075172007814217,133.02824137296395,loss1,"MSE(model(a_adv), model(a_clean).detach())",0,0,fixed clean model output; no solver in attack,binary_replace,binary_steepest_replace,1,0.0250519029796123,0.0250519029796123,0.0250519029796123,0.0250519029796123,0.0,5.969415042272885e-07,5.969415042272885e-07,1.5941161279897642e-08,1.256313542086218e-08,-3.3780258590354606e-09,2.003287076950073,9.0,2.014112949371338,181.0,0.0500821769237518,0.7078373432159424,11584,1,1.0,11584,181.0,0.0,0.0137878516688942,0.0137878516688942,0.0
darcy,872,872,64,solver,solver_x_adv_training_target,0.4776237749902066,0.0074628714842219,133.99667971158323,loss1,"MSE(model(a_adv), model(a_clean).detach())",0,0,fixed clean model output; no solver in attack,binary_replace,binary_steepest_replace,1,0.0250519029796123,0.0250519029796123,0.0250519029796123,0.0250519029796123,0.0,5.838428478455171e-07,5.838428478455171e-07,1.8623568465159224e-08,1.45982150812074e-08,-4.025353383951824e-09,2.0036332309246063,9.0,2.0142879486083984,181.0,0.0500908307731151,0.706178605556488,11584,1,1.0,11584,181.0,0.0,0.0137909445911645,0.0137909445911645,0.0
darcy,873,873,64,solver,solver_x_adv_training_target,0.477853623975534,0.0074664628746177,133.93222691825142,loss1,"MSE(model(a_adv), model(a_clean).detach())",0,0,fixed clean model output; no solver in attack,binary_replace,binary_steepest_replace,1,0.0250519029796123,0.0250519029796123,0.0250519029796123,0.0250519029796123,0.0,5.729621079808567e-07,5.729621079808567e-07,1.8194146633732092e-08,1.6999798901906615e-08,-1.1943477318254734e-09,1.9998268783092497,9.0,2.0123486518859863,181.0,0.0499956719577312,0.7044528126716614,11584,1,1.0,11584,181.0,0.0,0.0138552766293287,0.0138552766293287,0.0
darcy,874,874,64,solver,solver_x_adv_training_target,0.5467191729985643,0.0085424870781025,117.06192714804985,loss1,"MSE(model(a_adv), model(a_clean).detach())",0,0,fixed clean model output; no solver in attack,binary_replace,binary_steepest_replace,1,0.0250519029796123,0.0250519029796123,0.0250519029796123,0.0250519029796123,0.0,5.811830305901822e-07,5.811830305901822e-07,1.664510307364253e-08,1.4091494193735345e-08,-2.5536088799071877e-09,2.003287076950073,9.0,2.0141139030456543,181.0,0.0500821769237518,0.7104606032371521,11584,1,1.0,11584,181.0,0.0,0.0138037763535976,0.0138037763535976,0.0
darcy,875,875,64,solver,solver_x_adv_training_target,0.4808471029973589,0.0075132359843337,133.09844148182697,loss1,"MSE(model(a_adv), model(a_clean).detach())",0,0,fixed clean model output; no solver in attack,binary_replace,binary_steepest_replace,1,0.0250519029796123,0.0250519029796123,0.0250519029796123,0.0250519029796123,0.0,5.984504127809487e-07,5.984504127809487e-07,1.817163131079269e-08,1.4285114424694711e-08,-3.886516886097979e-09,2.003287076950073,9.0,2.014113187789917,181.0,0.0500821769237518,0.7116868495941162,11584,1,1.0,11584,181.0,0.0,0.0138921523466706,0.0138921523466706,0.0
darcy,876,876,64,solver,solver_x_adv_training_target,0.5450951140082907,0.0085171111563795,117.41070201378945,loss1,"MSE(model(a_adv), model(a_clean).detach())",0,0,fixed clean model output; no solver in attack,binary_replace,binary_steepest_replace,1,0.0250519029796123,0.0250519029796123,0.0250519029796123,0.0250519029796123,0.0,5.918943202232185e-07,5.918943202232185e-07,1.6561532589776107e-08,1.2985097441742257e-08,-3.576435148033852e-09,2.0019030570983887,9.0,2.013403415679932,181.0,0.0500475764274597,0.7078806161880493,11584,1,1.0,11584,181.0,0.0,0.0138593642041087,0.0138593642041087,0.0
darcy,877,877,64,solver,solver_x_adv_training_target,0.4918151980091352,0.0076846124688927,130.13017950456106,loss1,"MSE(model(a_adv), model(a_clean).detach())",0,0,fixed clean model output; no solver in attack,binary_replace,binary_steepest_replace,1,0.0250519029796123,0.0250519029796123,0.0250519029796123,0.0250519029796123,0.0,5.962016302873963e-07,5.962016302873963e-07,1.5795155405839978e-08,1.2292479922848544e-08,-3.5026754829914353e-09,2.003287076950073,9.0,2.014113664627075,181.0,0.0500821769237518,0.7019939422607422,11584,1,1.0,11584,181.0,0.0,0.0137900002300739,0.0137900002300739,0.0
darcy,878,878,64,solver,solver_x_adv_training_target,0.4835811580123845,0.0075559555939435,132.3459339546082,loss1,"MSE(model(a_adv), model(a_clean).detach())",0,0,fixed clean model output; no solver in attack,binary_replace,binary_steepest_replace,1,0.0250519029796123,0.0250519029796123,0.0250519029796123,0.0250519029796123,0.0,5.913643690291792e-07,5.913643690291792e-07,1.6440681704921193e-08,1.371028446328637e-08,-2.7303972416348184e-09,2.0024220645427704,9.0,2.0136775970458984,181.0,0.0500605516135692,0.7124999761581421,11584,1,1.0,11584,181.0,0.0,0.0139001682400703,0.0139001682400703,0.0
darcy,879,879,64,solver,solver_x_adv_training_target,0.4881620590167586,0.0076275321721368,131.10400289794518,loss1,"MSE(model(a_adv), model(a_clean).detach())",0,0,fixed clean model output; no solver in attack,binary_replace,binary_steepest_replace,1,0.0250519029796123,0.0250519029796123,0.0250519029796123,0.0250519029796123,0.0,6.08811319580127e-07,6.08811319580127e-07,1.666139404221667e-08,1.2969307405796826e-08,-3.6920866364198446e-09,2.001730054616928,9.0,2.0133230686187744,181.0,0.0500432513654232,0.7074112892150879,11584,1,1.0,11584,181.0,0.0,0.0139768505468964,0.0139768505468964,0.0
darcy,880,880,64,solver,solver_x_adv_training_target,0.4822417690011207,0.0075350276406425,132.71351449411938,loss1,"MSE(model(a_adv), model(a_clean).detach())",0,0,fixed clean model output; no solver in attack,binary_replace,binary_steepest_replace,1,0.0250519029796123,0.0250519029796123,0.0250519029796123,0.0250519029796123,0.0,5.907292575102474e-07,5.907292575102474e-07,1.7423982257014362e-08,1.5029154809553802e-08,-2.394827447460557e-09,2.0019030570983887,9.0,2.0134119987487797,181.0,0.0500475764274597,0.7109731435775757,11584,1,1.0,11584,181.0,0.0,0.01396563090384,0.01396563090384,0.0
darcy,881,881,64,solver,solver_x_adv_training_target,0.5525868560071103,0.008634169625111,115.81889671146376,loss1,"MSE(model(a_adv), model(a_clean).detach())",0,0,fixed clean model output; no solver in attack,binary_replace,binary_steepest_replace,1,0.0250519029796123,0.0250519029796123,0.0250519029796123,0.0250519029796123,0.0,6.010096740283188e-07,6.010096740283188e-07,1.860568765721382e-08,1.4207169662938668e-08,-4.398517994275153e-09,2.003287076950073,9.0,2.0141139030456543,181.0,0.0500821769237518,0.7086548209190369,11584,1,1.0,11584,181.0,0.0,0.0138297323137521,0.0138297323137521,0.0
darcy,882,882,64,solver,solver_x_adv_training_target,0.4832816999987699,0.0075512765624807,132.42794006096838,loss1,"MSE(model(a_adv), model(a_clean).detach())",0,0,fixed clean model output; no solver in attack,binary_replace,binary_steepest_replace,1,0.0250519029796123,0.0250519029796123,0.0250519029796123,0.0250519029796123,0.0,5.882403684154269e-07,5.882403684154269e-07,1.5906403305621097e-08,1.2648250447000464e-08,-3.258152858620633e-09,2.002076059579849,9.0,2.013500690460205,181.0,0.0500519014894962,0.7081055045127869,11584,1,1.0,11584,181.0,0.0,0.013896538875997,0.013896538875997,0.0
darcy,883,883,64,solver,solver_x_adv_training_target,0.4806195439887233,0.0075096803748238,133.161459621171,loss1,"MSE(model(a_adv), model(a_clean).detach())",0,0,fixed clean model output; no solver in attack,binary_replace,binary_steepest_replace,1,0.0250519029796123,0.0250519029796123,0.0250519029796123,0.0250519029796123,0.0,5.931110536039341e-07,5.931110536039341e-07,1.692028739341822e-08,1.4345214793820562e-08,-2.575072599597661e-09,2.0036332309246063,9.0,2.0142879486083984,181.0,0.0500908307731151,0.7032504081726074,11584,1,1.0,11584,181.0,0.0,0.0137759996578097,0.0137759996578097,0.0
darcy,884,884,64,solver,solver_x_adv_training_target,0.4791399110108614,0.0074865611095447,133.57267580773336,loss1,"MSE(model(a_adv), model(a_clean).detach())",0,0,fixed clean model output; no solver in attack,binary_replace,binary_steepest_replace,1,0.0250519029796123,0.0250519029796123,0.0250519029796123,0.0250519029796123,0.0,5.84802592129563e-07,5.84802592129563e-07,1.6310577777289836e-08,1.2920298608776193e-08,-3.390279168513643e-09,2.0015570521354675,9.0,2.0132291316986084,181.0,0.0500389263033866,0.7089792490005493,11584,1,1.0,11584,181.0,0.0,0.0139643624424934,0.0139643624424934,0.0
darcy,885,885,64,solver,solver_x_adv_training_target,0.4788025000016205,0.0074812890625253,133.66680416201544,loss1,"MSE(model(a_adv), model(a_clean).detach())",0,0,fixed clean model output; no solver in attack,binary_replace,binary_steepest_replace,1,0.0250519029796123,0.0250519029796123,0.0250519029796123,0.0250519029796123,0.0,6.034217676642584e-07,6.034217676642584e-07,1.6743797459639612e-08,1.3146270738673138e-08,-3.5975267209664703e-09,2.003287076950073,9.0,2.014113426208496,181.0,0.0500821769237518,0.707119345664978,11584,1,1.0,11584,181.0,0.0,0.0139300599694252,0.0139300599694252,0.0
darcy,886,886,64,solver,solver_x_adv_training_target,0.4806767969857901,0.0075105749529029,133.14559887502116,loss1,"MSE(model(a_adv), model(a_clean).detach())",0,0,fixed clean model output; no solver in attack,binary_replace,binary_steepest_replace,1,0.0250519029796123,0.0250519029796123,0.0250519029796123,0.0250519029796123,0.0,5.957024313829606e-07,5.957024313829606e-07,1.5597054314753226e-08,1.2668546212069032e-08,-2.9285081026841912e-09,2.0015570521354675,9.0,2.0132386684417725,181.0,0.0500389263033866,0.7062608003616333,11584,1,1.0,11584,181.0,0.0,0.0138195687904953,0.0138195687904953,0.0
darcy,887,887,64,solver,solver_x_adv_training_target,0.4818500359833706,0.0075289068122401,132.82140753478896,loss1,"MSE(model(a_adv), model(a_clean).detach())",0,0,fixed clean model output; no solver in attack,binary_replace,binary_steepest_replace,1,0.0250519029796123,0.0250519029796123,0.0250519029796123,0.0250519029796123,0.0,5.952973083367397e-07,5.952973083367397e-07,1.5773771622207278e-08,1.2698649243247928e-08,-3.075122378959349e-09,2.00224906206131,9.0,2.01358962059021,181.0,0.0500562265515327,0.7119009494781494,11584,1,1.0,11584,181.0,0.0,0.0138430316001176,0.0138430316001176,0.0
darcy,888,888,64,solver,solver_x_adv_training_target,0.4793291160021908,0.0074895174375342,133.51995083000023,loss1,"MSE(model(a_adv), model(a_clean).detach())",0,0,fixed clean model output; no solver in attack,binary_replace,binary_steepest_replace,1,0.0250519029796123,0.0250519029796123,0.0250519029796123,0.0250519029796123,0.0,5.902336397412e-07,5.902336397412e-07,1.5908689476873406e-08,1.2824728834459622e-08,-3.083960642413785e-09,2.003287076950073,9.0,2.014113426208496,181.0,0.0500821769237518,0.7113213539123535,11584,1,1.0,11584,181.0,0.0,0.0138341821730136,0.0138341821730136,0.0
darcy,889,889,64,solver,solver_x_adv_training_target,0.5488524280081037,0.0085758191876266,116.60693609804902,loss1,"MSE(model(a_adv), model(a_clean).detach())",0,0,fixed clean model output; no solver in attack,binary_replace,binary_steepest_replace,1,0.0250519029796123,0.0250519029796123,0.0250519029796123,0.0250519029796123,0.0,5.991231546431663e-07,5.991231546431663e-07,1.576325026064751e-08,1.2641146795999704e-08,-3.1221034646478074e-09,2.003287076950073,9.0,2.0141139030456543,181.0,0.0500821769237518,0.7000648379325867,11584,1,1.0,11584,181.0,0.0,0.0137671083211898,0.0137671083211898,0.0
darcy,890,890,64,solver,solver_x_adv_training_target,0.5377473540138453,0.0084023024064663,119.01499751192118,loss1,"MSE(model(a_adv), model(a_clean).detach())",0,0,fixed clean model output; no solver in attack,binary_replace,binary_steepest_replace,1,0.0250519029796123,0.0250519029796123,0.0250519029796123,0.0250519029796123,0.0,5.898179438190709e-07,5.898179438190709e-07,1.687141626405264e-08,1.2928492942876346e-08,-3.942923321176295e-09,2.002595067024231,9.0,2.013763904571533,181.0,0.0500648766756057,0.7061764597892761,11584,1,1.0,11584,181.0,0.0,0.0139279104769229,0.0139279104769229,0.0
darcy,891,891,64,solver,solver_x_adv_training_target,0.4786109960114117,0.0074782968126783,133.7202875265198,loss1,"MSE(model(a_adv), model(a_clean).detach())",0,0,fixed clean model output; no solver in attack,binary_replace,binary_steepest_replace,1,0.0250519029796123,0.0250519029796123,0.0250519029796123,0.0250519029796123,0.0,5.915836709391442e-07,5.915836709391442e-07,1.576949770765168e-08,1.2231637036563825e-08,-3.5378606710878557e-09,2.003287076950073,9.0,2.014112949371338,181.0,0.0500821769237518,0.7057049870491028,11584,1,1.0,11584,181.0,0.0,0.0139097422361373,0.0139097422361373,0.0
darcy,892,892,64,solver,solver_x_adv_training_target,0.4791059150011278,0.0074860299218926,133.58215374955105,loss1,"MSE(model(a_adv), model(a_clean).detach())",0,0,fixed clean model output; no solver in attack,binary_replace,binary_steepest_replace,1,0.0250519029796123,0.0250519029796123,0.0250519029796123,0.0250519029796123,0.0,5.906362616769911e-07,5.906362616769911e-07,1.5236141237551237e-08,1.334245514073018e-08,-1.8936860968210567e-09,2.0015570521354675,9.0,2.0132319927215576,181.0,0.0500389263033866,0.7065895199775696,11584,1,1.0,11584,181.0,0.0,0.0138127505779266,0.0138127505779266,0.0
darcy,893,893,64,solver,solver_x_adv_training_target,0.4847109240072313,0.0075736081876129,132.03746156759857,loss1,"MSE(model(a_adv), model(a_clean).detach())",0,0,fixed clean model output; no solver in attack,binary_replace,binary_steepest_replace,1,0.0250519029796123,0.0250519029796123,0.0250519029796123,0.0250519029796123,0.0,5.8382124734635e-07,5.8382124734635e-07,1.573040364633016e-08,1.3242265950452749e-08,-2.4881376958774126e-09,2.003460079431534,9.0,2.0142006874084477,181.0,0.0500865019857883,0.7143014669418335,11584,1,1.0,11584,181.0,0.0,0.013764351606369,0.013764351606369,0.0
darcy,894,894,64,solver,solver_x_adv_training_target,0.5497899079928175,0.0085904673123877,116.40810256712844,loss1,"MSE(model(a_adv), model(a_clean).detach())",0,0,fixed clean model output; no solver in attack,binary_replace,binary_steepest_replace,1,0.0250519029796123,0.0250519029796123,0.0250519029796123,0.0250519029796123,0.0,5.967125957795361e-07,5.967125957795361e-07,1.8995326200865748e-08,1.678727024057025e-08,-2.2080559602954963e-09,1.9999998807907104,9.0,2.0124478340148926,181.0,0.0499999970197677,0.7042863368988037,11584,1,1.0,11584,181.0,0.0,0.0138271143659949,0.0138271143659949,0.0
darcy,895,895,64,solver,solver_x_adv_training_target,0.5431835459894501,0.0084872429060851,117.82389299627836,loss1,"MSE(model(a_adv), model(a_clean).detach())",0,0,fixed clean model output; no solver in attack,binary_replace,binary_steepest_replace,1,0.0250519029796123,0.0250519029796123,0.0250519029796123,0.0250519029796123,0.0,5.902725206397008e-07,5.902725206397008e-07,1.6263641100522364e-08,1.2169710572607071e-08,-4.09393052791529e-09,2.000865042209625,9.0,2.012864589691162,181.0,0.0500216260552406,0.7145501375198364,11584,1,1.0,11584,181.0,0.0,0.0138339325785636,0.0138339325785636,0.0
darcy,896,896,64,solver,solver_x_adv_training_target,0.4791377350047696,0.0074865271094495,133.57328242861712,loss1,"MSE(model(a_adv), model(a_clean).detach())",0,0,fixed clean model output; no solver in attack,binary_replace,binary_steepest_replace,1,0.0250519029796123,0.0250519029796123,0.0250519029796123,0.0250519029796123,0.0,5.874008479622717e-07,5.874008479622717e-07,2.0606087502983428e-08,1.670141003273784e-08,-3.904677470245588e-09,2.0027680695056915,9.0,2.013849973678589,181.0,0.0500692017376422,0.7100021243095398,11584,1,1.0,11584,181.0,0.0,0.0138890808448195,0.0138890808448195,0.0
darcy,897,897,64,solver,solver_x_adv_training_target,0.4932418320095166,0.0077069036251486,129.75379590019278,loss1,"MSE(model(a_adv), model(a_clean).detach())",0,0,fixed clean model output; no solver in attack,binary_replace,binary_steepest_replace,1,0.0250519029796123,0.0250519029796123,0.0250519029796123,0.0250519029796123,0.0,5.965467835267191e-07,5.965467835267191e-07,1.9436198428479656e-08,1.697481444296045e-08,-2.461383985519205e-09,2.003287076950073,9.0,2.014113187789917,181.0,0.0500821769237518,0.6999437808990479,11584,1,1.0,11584,181.0,0.0,0.0138725358992815,0.0138725358992815,0.0
darcy,898,898,64,solver,solver_x_adv_training_target,0.4793156989908311,0.0074893077967317,133.5236883222226,loss1,"MSE(model(a_adv), model(a_clean).detach())",0,0,fixed clean model output; no solver in attack,binary_replace,binary_steepest_replace,1,0.0250519029796123,0.0250519029796123,0.0250519029796123,0.0250519029796123,0.0,6.134168870630674e-07,6.134168870630674e-07,1.6591274132338185e-08,1.2467787691150534e-08,-4.1234864411876515e-09,2.0036332309246063,9.0,2.0142879486083984,181.0,0.0500908307731151,0.7035683393478394,11584,1,1.0,11584,181.0,0.0,0.0138742588460445,0.0138742588460445,0.0
darcy,899,899,64,solver,solver_x_adv_training_target,0.55163265299052,0.0086192602029768,116.01923789870332,loss1,"MSE(model(a_adv), model(a_clean).detach())",0,0,fixed clean model output; no solver in attack,binary_replace,binary_steepest_replace,1,0.0250519029796123,0.0250519029796123,0.0250519029796123,0.0250519029796123,0.0,5.792701358586783e-07,5.792701358586783e-07,1.6150755399735317e-08,1.2764798995590354e-08,-3.385956404144963e-09,2.0012110471725464,9.0,2.013056993484497,181.0,0.0500302761793136,0.7102075815200806,11584,1,1.0,11584,181.0,0.0,0.0138850174844264,0.0138850174844264,0.0
darcy,900,900,64,solver,solver_x_adv_training_target,0.5484454320103396,0.0085694598751615,116.69346896628622,loss1,"MSE(model(a_adv), model(a_clean).detach())",0,0,fixed clean model output; no solver in attack,binary_replace,binary_steepest_replace,1,0.0250519029796123,0.0250519029796123,0.0250519029796123,0.0250519029796123,0.0,5.737824722018559e-07,5.737824722018559e-07,2.1059292976133293e-08,1.8719189753824142e-08,-2.340103222309153e-09,2.0024220645427704,9.0,2.0136775970458984,181.0,0.0500605516135692,0.7068014740943909,11584,1,1.0,11584,181.0,0.0,0.0137950992211699,0.0137950992211699,0.0
darcy,901,901,64,solver,solver_x_adv_training_target,0.4827372940198984,0.0075427702190609,132.57728539482164,loss1,"MSE(model(a_adv), model(a_clean).detach())",0,0,fixed clean model output; no solver in attack,binary_replace,binary_steepest_replace,1,0.0250519029796123,0.0250519029796123,0.0250519029796123,0.0250519029796123,0.0,5.884153893020994e-07,5.884153893020994e-07,1.6568490579516038e-08,1.3322266845250397e-08,-3.2462237342656412e-09,2.002595067024231,9.0,2.0137643814086914,181.0,0.0500648766756057,0.7058520317077637,11584,1,1.0,11584,181.0,0.0,0.0137623883783817,0.0137623883783817,0.0
darcy,902,902,64,solver,solver_x_adv_training_target,0.4833031540038064,0.0075516117813094,132.42206153592772,loss1,"MSE(model(a_adv), model(a_clean).detach())",0,0,fixed clean model output; no solver in attack,binary_replace,binary_steepest_replace,1,0.0250519029796123,0.0250519029796123,0.0250519029796123,0.0250519029796123,0.0,5.926295898461831e-07,5.926295898461831e-07,1.6097365218570303e-08,1.2116912806448e-08,-3.980452412122304e-09,2.001384049654007,9.0,2.013148307800293,181.0,0.0500346012413501,0.6994571685791016,11584,1,1.0,11584,181.0,0.0,0.0138943493366241,0.0138943493366241,0.0
darcy,903,903,64,solver,solver_x_adv_training_target,0.4822916859993711,0.0075358075937401,132.69977869799615,loss1,"MSE(model(a_adv), model(a_clean).detach())",0,0,fixed clean model output; no solver in attack,binary_replace,binary_steepest_replace,1,0.0250519029796123,0.0250519029796123,0.0250519029796123,0.0250519029796123,0.0,5.771094038209412e-07,5.771094038209412e-07,2.067296911434369e-08,1.7548021702396e-08,-3.124947411947687e-09,2.0024220645427704,9.0,2.01367712020874,181.0,0.0500605516135692,0.7172837257385254,11584,1,1.0,11584,181.0,0.0,0.0137919662520289,0.0137919662520289,0.0
darcy,904,904,64,solver,solver_x_adv_training_target,0.483080031001009,0.0075481254843907,132.48322408894256,loss1,"MSE(model(a_adv), model(a_clean).detach())",0,0,fixed clean model output; no solver in attack,binary_replace,binary_steepest_replace,1,0.0250519029796123,0.0250519029796123,0.0250519029796123,0.0250519029796123,0.0,5.986041173855483e-07,5.986041173855483e-07,1.6296107574476082e-08,1.3763768791363873e-08,-2.532338783112209e-09,2.002941071987152,9.0,2.0139389038085938,181.0,0.0500735267996788,0.7088884115219116,11584,1,1.0,11584,181.0,0.0,0.0138338422402739,0.0138338422402739,0.0
darcy,905,905,64,solver,solver_x_adv_training_target,0.5462479930138215,0.0085351248908409,117.16290186604058,loss1,"MSE(model(a_adv), model(a_clean).detach())",0,0,fixed clean model output; no solver in attack,binary_replace,binary_steepest_replace,1,0.0250519029796123,0.0250519029796123,0.0250519029796123,0.0250519029796123,0.0,5.803844373986067e-07,5.803844373986067e-07,1.6335524932742373e-08,1.3393644415771178e-08,-2.941880516971196e-09,2.0019030570983887,9.0,2.013414144515991,181.0,0.0500475764274597,0.7129973769187927,11584,1,1.0,11584,181.0,0.0,0.0138735873624682,0.0138735873624682,0.0
darcy,906,906,64,solver,solver_x_adv_training_target,0.5295126659912057,0.0082736354061125,120.86585290683664,loss1,"MSE(model(a_adv), model(a_clean).detach())",0,0,fixed clean model output; no solver in attack,binary_replace,binary_steepest_replace,1,0.0250519029796123,0.0250519029796123,0.0250519029796123,0.0250519029796123,0.0,5.824243203278456e-07,5.824243203278456e-07,1.9222570202259703e-08,1.6306573868973828e-08,-2.915996333285875e-09,2.0027680695056915,9.0,2.013847589492798,181.0,0.0500692017376422,0.7042668461799622,11584,1,1.0,11584,181.0,0.0,0.013803013600409,0.013803013600409,0.0
darcy,907,907,64,solver,solver_x_adv_training_target,0.4940890360157937,0.0077201411877467,129.53130981427853,loss1,"MSE(model(a_adv), model(a_clean).detach())",0,0,fixed clean model output; no solver in attack,binary_replace,binary_steepest_replace,1,0.0250519029796123,0.0250519029796123,0.0250519029796123,0.0250519029796123,0.0,5.95207723108615e-07,5.95207723108615e-07,2.507404239793232e-08,2.043962510356323e-08,-4.634417294369086e-09,2.003287076950073,9.0,2.014113664627075,181.0,0.0500821769237518,0.7074286341667175,11584,1,1.0,11584,181.0,0.0,0.0137750497087836,0.0137750497087836,0.0
darcy,908,908,64,solver,solver_x_adv_training_target,0.5386062460020185,0.0084157225937815,118.82520946435544,loss1,"MSE(model(a_adv), model(a_clean).detach())",0,0,fixed clean model output; no solver in attack,binary_replace,binary_steepest_replace,1,0.0250519029796123,0.0250519029796123,0.0250519029796123,0.0250519029796123,0.0,5.830347618029919e-07,5.830347618029919e-07,1.5338628145400435e-08,1.3850159241712845e-08,-1.4884689036875896e-09,2.001730054616928,9.0,2.013327121734619,181.0,0.0500432513654232,0.7012694478034973,11584,1,1.0,11584,181.0,0.0,0.0138226393610239,0.0138226393610239,0.0
darcy,909,909,64,solver,solver_x_adv_training_target,0.4829942329961341,0.0075467848905645,132.50675810970245,loss1,"MSE(model(a_adv), model(a_clean).detach())",0,0,fixed clean model output; no solver in attack,binary_replace,binary_steepest_replace,1,0.0250519029796123,0.0250519029796123,0.0250519029796123,0.0250519029796123,0.0,5.931332225372898e-07,5.931332225372898e-07,1.5394931551782065e-08,1.2132735704994957e-08,-3.262195846787108e-09,2.0031140744686127,9.0,2.0140252113342285,181.0,0.0500778518617153,0.7082266211509705,11584,1,1.0,11584,181.0,0.0,0.013904788531363,0.013904788531363,0.0
darcy,910,910,64,solver,solver_x_adv_training_target,0.4831332769826986,0.0075489574528546,132.46862315031944,loss1,"MSE(model(a_adv), model(a_clean).detach())",0,0,fixed clean model output; no solver in attack,binary_replace,binary_steepest_replace,1,0.0250519029796123,0.0250519029796123,0.0250519029796123,0.0250519029796123,0.0,5.783952019555727e-07,5.783952019555727e-07,1.6167284400125936e-08,1.2502413326842545e-08,-3.6648710732833925e-09,2.0031140744686127,9.0,2.0140230655670166,181.0,0.0500778518617153,0.7128416895866394,11584,1,1.0,11584,181.0,0.0,0.0139265311881899,0.0139265311881899,0.0
darcy,911,911,64,solver,solver_x_adv_training_target,0.5289929719874635,0.0082655151873041,120.98459410443115,loss1,"MSE(model(a_adv), model(a_clean).detach())",0,0,fixed clean model output; no solver in attack,binary_replace,binary_steepest_replace,1,0.0250519029796123,0.0250519029796123,0.0250519029796123,0.0250519029796123,0.0,6.052781600374146e-07,6.052781600374146e-07,1.6318985274210718e-08,1.4083252786178946e-08,-2.235732488031772e-09,2.002941071987152,9.0,2.0139389038085938,181.0,0.0500735267996788,0.7105384469032288,11584,1,1.0,11584,181.0,0.0,0.0137499589473009,0.0137499589473009,0.0
darcy,912,912,64,solver,solver_x_adv_training_target,0.4784302879997995,0.0074754732499968,133.77079504637638,loss1,"MSE(model(a_adv), model(a_clean).detach())",0,0,fixed clean model output; no solver in attack,binary_replace,binary_steepest_replace,1,0.0250519029796123,0.0250519029796123,0.0250519029796123,0.0250519029796123,0.0,6.224062190085533e-07,6.224062190085533e-07,1.5969888522704423e-08,1.3158369505106292e-08,-2.8115190175981293e-09,2.003806233406067,9.0,2.0143752098083496,181.0,0.0500951558351516,0.7069073915481567,11584,1,1.0,11584,181.0,0.0,0.0137738035991787,0.0137738035991787,0.0
darcy,913,913,64,solver,solver_x_adv_training_target,0.5434581449953839,0.0084915335155528,117.76435883676676,loss1,"MSE(model(a_adv), model(a_clean).detach())",0,0,fixed clean model output; no solver in attack,binary_replace,binary_steepest_replace,1,0.0250519029796123,0.0250519029796123,0.0250519029796123,0.0250519029796123,0.0,5.884504616915365e-07,5.884504616915365e-07,1.632605339807469e-08,1.3047680269551163e-08,-3.2783731285235262e-09,1.9998268783092497,9.0,2.0123443603515625,181.0,0.0499956719577312,0.7087737917900085,11584,1,1.0,11584,181.0,0.0,0.0137893641367554,0.0137893641367554,0.0
darcy,914,914,64,solver,solver_x_adv_training_target,0.4790439420030452,0.0074850615937975,133.59943501715998,loss1,"MSE(model(a_adv), model(a_clean).detach())",0,0,fixed clean model output; no solver in attack,binary_replace,binary_steepest_replace,1,0.0250519029796123,0.0250519029796123,0.0250519029796123,0.0250519029796123,0.0,6.086698931540013e-07,6.086698931540013e-07,1.5735135860950322e-08,1.2536768068116544e-08,-3.198367792833778e-09,2.0019030570983887,9.0,2.013412952423096,181.0,0.0500475764274597,0.7091349363327026,11584,1,1.0,11584,181.0,0.0,0.0137722566723823,0.0137722566723823,0.0
darcy,915,915,64,solver,solver_x_adv_training_target,0.480758808000246,0.0075118563750038,133.1228860189021,loss1,"MSE(model(a_adv), model(a_clean).detach())",0,0,fixed clean model output; no solver in attack,binary_replace,binary_steepest_replace,1,0.0250519029796123,0.0250519029796123,0.0250519029796123,0.0250519029796123,0.0,5.847722377438913e-07,5.847722377438913e-07,1.685447514887528e-08,1.451321196555e-08,-2.3412631833252813e-09,2.002941071987152,9.0,2.0139389038085938,181.0,0.0500735267996788,0.6993425488471985,11584,1,1.0,11584,181.0,0.0,0.0139666777104139,0.0139666777104139,0.0
darcy,916,916,64,solver,solver_x_adv_training_target,0.5495177589764353,0.0085862149840068,116.46575375327312,loss1,"MSE(model(a_adv), model(a_clean).detach())",0,0,fixed clean model output; no solver in attack,binary_replace,binary_steepest_replace,1,0.0250519029796123,0.0250519029796123,0.0250519029796123,0.0250519029796123,0.0,5.901255235585268e-07,5.901255235585268e-07,1.8890846220642743e-08,1.5014482102060356e-08,-3.876364118582387e-09,2.0031140744686127,9.0,2.0140252113342285,181.0,0.0500778518617153,0.7057028412818909,11584,1,1.0,11584,181.0,0.0,0.0138093344867229,0.0138093344867229,0.0
darcy,917,917,64,solver,solver_x_adv_training_target,0.5576261449896265,0.0087129085154629,114.77223687420644,loss1,"MSE(model(a_adv), model(a_clean).detach())",0,0,fixed clean model output; no solver in attack,binary_replace,binary_steepest_replace,1,0.0250519029796123,0.0250519029796123,0.0250519029796123,0.0250519029796123,0.0,5.879012405785033e-07,5.879012405785033e-07,1.6325572005371214e-08,1.3377709606743338e-08,-2.947862398627876e-09,2.0012110471725464,9.0,2.013046264648437,181.0,0.0500302761793136,0.7039986848831177,11584,1,1.0,11584,181.0,0.0,0.0139140114188194,0.0139140114188194,0.0
darcy,918,918,64,solver,solver_x_adv_training_target,0.5403460240049753,0.0084429066250777,118.4426222398015,loss1,"MSE(model(a_adv), model(a_clean).detach())",0,0,fixed clean model output; no solver in attack,binary_replace,binary_steepest_replace,1,0.0250519029796123,0.0250519029796123,0.0250519029796123,0.0250519029796123,0.0,5.798802931167302e-07,5.798802931167302e-07,1.7003769059442675e-08,1.49963419460164e-08,-2.007427113426274e-09,2.002076059579849,9.0,2.013502597808838,181.0,0.0500519014894962,0.6983109712600708,11584,1,1.0,11584,181.0,0.0,0.0137917743995785,0.0137917743995785,0.0
darcy,919,919,64,solver,solver_x_adv_training_target,0.4773602969944477,0.0074587546405382,134.07063889258558,loss1,"MSE(model(a_adv), model(a_clean).detach())",0,0,fixed clean model output; no solver in attack,binary_replace,binary_steepest_replace,1,0.0250519029796123,0.0250519029796123,0.0250519029796123,0.0250519029796123,0.0,5.778853164883913e-07,5.778853164883913e-07,1.5480704718129346e-08,1.2409743455066293e-08,-3.070961263063054e-09,2.0027680695056915,9.0,2.013849973678589,181.0,0.0500692017376422,0.7070761322975159,11584,1,1.0,11584,181.0,0.0,0.0138008696958422,0.0138008696958422,0.0
darcy,920,920,64,solver,solver_x_adv_training_target,0.5371824970061425,0.0083934765157209,119.14014391140554,loss1,"MSE(model(a_adv), model(a_clean).detach())",0,0,fixed clean model output; no solver in attack,binary_replace,binary_steepest_replace,1,0.0250519029796123,0.0250519029796123,0.0250519029796123,0.0250519029796123,0.0,5.982324182696175e-07,5.982324182696175e-07,1.6090208276864363e-08,1.2606856891750342e-08,-3.4833513851140196e-09,2.001730054616928,9.0,2.0133252143859863,181.0,0.0500432513654232,0.7060942649841309,11584,1,1.0,11584,181.0,0.0,0.0138315940275788,0.0138315940275788,0.0
darcy,921,921,64,solver,solver_x_adv_training_target,0.4775760409829672,0.0074621256403588,134.01007275882702,loss1,"MSE(model(a_adv), model(a_clean).detach())",0,0,fixed clean model output; no solver in attack,binary_replace,binary_steepest_replace,1,0.0250519029796123,0.0250519029796123,0.0250519029796123,0.0250519029796123,0.0,5.855697509105084e-07,5.855697509105084e-07,1.620278666791819e-08,1.2456433218233089e-08,-3.7463534496851025e-09,2.002076059579849,9.0,2.0134971141815186,181.0,0.0500519014894962,0.7121193408966064,11584,1,1.0,11584,181.0,0.0,0.0138305677101016,0.0138305677101016,0.0
darcy,922,922,64,solver,solver_x_adv_training_target,0.4787414550082758,0.0074803352345043,133.6838482033975,loss1,"MSE(model(a_adv), model(a_clean).detach())",0,0,fixed clean model output; no solver in attack,binary_replace,binary_steepest_replace,1,0.0250519029796123,0.0250519029796123,0.0250519029796123,0.0250519029796123,0.0,5.73596594222181e-07,5.73596594222181e-07,1.6571217287264517e-08,1.3388301134398262e-08,-3.1829161528662553e-09,2.001730054616928,9.0,2.013323307037353,181.0,0.0500432513654232,0.7076253890991211,11584,1,1.0,11584,181.0,0.0,0.0139561910182237,0.0139561910182237,0.0
darcy,923,923,64,solver,solver_x_adv_training_target,0.4789589970023371,0.0074837343281615,133.62312932956075,loss1,"MSE(model(a_adv), model(a_clean).detach())",0,0,fixed clean model output; no solver in attack,binary_replace,binary_steepest_replace,1,0.0250519029796123,0.0250519029796123,0.0250519029796123,0.0250519029796123,0.0,6.110469712439226e-07,6.110469712439226e-07,1.745670452635295e-08,1.5037915801485724e-08,-2.418788724867227e-09,2.0036332309246063,9.0,2.01428771018982,181.0,0.0500908307731151,0.709796667098999,11584,1,1.0,11584,181.0,0.0,0.0138821583241224,0.0138821583241224,0.0
darcy,924,924,64,solver,solver_x_adv_training_target,0.4784911899769213,0.0074764248433893,133.7537688062488,loss1,"MSE(model(a_adv), model(a_clean).detach())",0,0,fixed clean model output; no solver in attack,binary_replace,binary_steepest_replace,1,0.0250519029796123,0.0250519029796123,0.0250519029796123,0.0250519029796123,0.0,5.749286060563463e-07,5.749286060563463e-07,1.5587474422318337e-08,1.3075614369029154e-08,-2.5118600532891833e-09,2.001384049654007,9.0,2.0131542682647705,181.0,0.0500346012413501,0.7095242142677307,11584,1,1.0,11584,181.0,0.0,0.0139256548136472,0.0139256548136472,0.0
darcy,925,925,64,solver,solver_x_adv_training_target,0.5388056749943644,0.0084188386717869,118.78122850259402,loss1,"MSE(model(a_adv), model(a_clean).detach())",0,0,fixed clean model output; no solver in attack,binary_replace,binary_steepest_replace,1,0.0250519029796123,0.0250519029796123,0.0250519029796123,0.0250519029796123,0.0,5.85560542276653e-07,5.85560542276653e-07,1.678681016414885e-08,1.3464561909870554e-08,-3.3222482542782923e-09,2.0027680695056915,9.0,2.0138518810272217,181.0,0.0500692017376422,0.7089164853096008,11584,1,1.0,11584,181.0,0.0,0.0138326678425073,0.0138326678425073,0.0
darcy,926,926,64,solver,solver_x_adv_training_target,0.4793341769836843,0.00748959651537,133.51854107865637,loss1,"MSE(model(a_adv), model(a_clean).detach())",0,0,fixed clean model output; no solver in attack,binary_replace,binary_steepest_replace,1,0.0250519029796123,0.0250519029796123,0.0250519029796123,0.0250519029796123,0.0,5.874891257917625e-07,5.874891257917625e-07,1.8537214430125463e-08,1.5540969400262842e-08,-2.996245029862621e-09,2.003806233406067,9.0,2.0143752098083496,181.0,0.0500951558351516,0.7082547545433044,11584,1,1.0,11584,181.0,0.0,0.01380280777812,0.01380280777812,0.0
darcy,927,927,64,solver,solver_x_adv_training_target,0.4959015510103199,0.0077484617345362,129.05787422848397,loss1,"MSE(model(a_adv), model(a_clean).detach())",0,0,fixed clean model output; no solver in attack,binary_replace,binary_steepest_replace,1,0.0250519029796123,0.0250519029796123,0.0250519029796123,0.0250519029796123,0.0,5.766546564700548e-07,5.766546564700548e-07,1.7057400825137847e-08,1.3473264282026776e-08,-3.5841365431110717e-09,2.002595067024231,9.0,2.013765335083008,181.0,0.0500648766756057,0.7041652202606201,11584,1,1.0,11584,181.0,0.0,0.0138620734214782,0.0138620734214782,0.0
darcy,928,928,64,solver,solver_x_adv_training_target,0.4791773630131501,0.0074871462970804,133.562235906882,loss1,"MSE(model(a_adv), model(a_clean).detach())",0,0,fixed clean model output; no solver in attack,binary_replace,binary_steepest_replace,1,0.0250519029796123,0.0250519029796123,0.0250519029796123,0.0250519029796123,0.0,5.632606416838826e-07,5.632606416838826e-07,1.593367038310589e-08,1.2825121409321127e-08,-3.1085489737847642e-09,2.0019030570983887,9.0,2.0134119987487797,181.0,0.0500475764274597,0.7128957509994507,11584,1,1.0,11584,181.0,0.0,0.0138298468664288,0.0138298468664288,0.0
darcy,929,929,64,solver,solver_x_adv_training_target,0.478559328999836,0.0074774895156224,133.73472445674952,loss1,"MSE(model(a_adv), model(a_clean).detach())",0,0,fixed clean model output; no solver in attack,binary_replace,binary_steepest_replace,1,0.0250519029796123,0.0250519029796123,0.0250519029796123,0.0250519029796123,0.0,5.763757826571236e-07,5.763757826571236e-07,1.7504319771433074e-08,1.506914237836554e-08,-2.4351773930675336e-09,2.0019030570983887,9.0,2.0134143829345703,181.0,0.0500475764274597,0.7081639170646667,11584,1,1.0,11584,181.0,0.0,0.0138051593676209,0.0138051593676209,0.0
darcy,930,930,64,solver,solver_x_adv_training_target,0.48380702000577,0.0075594846875901,132.28414916186358,loss1,"MSE(model(a_adv), model(a_clean).detach())",0,0,fixed clean model output; no solver in attack,binary_replace,binary_steepest_replace,1,0.0250519029796123,0.0250519029796123,0.0250519029796123,0.0250519029796123,0.0,5.809436061099404e-07,5.809436061099404e-07,2.0939381784046415e-08,1.6952588666185875e-08,-3.986793117860543e-09,2.0019030570983887,9.0,2.0134010314941406,181.0,0.0500475764274597,0.7051448822021484,11584,1,1.0,11584,181.0,0.0,0.0138265155255794,0.0138265155255794,0.0
darcy,931,931,64,solver,solver_x_adv_training_target,0.4784376739989966,0.0074755886562343,133.76872992684565,loss1,"MSE(model(a_adv), model(a_clean).detach())",0,0,fixed clean model output; no solver in attack,binary_replace,binary_steepest_replace,1,0.0250519029796123,0.0250519029796123,0.0250519029796123,0.0250519029796123,0.0,6.074503744457616e-07,6.074503744457616e-07,1.5564475930318622e-08,1.25073347234661e-08,-3.0571412068525206e-09,2.0019030570983887,9.0,2.0134103298187256,181.0,0.0500475764274597,0.7023204565048218,11584,1,1.0,11584,181.0,0.0,0.0137326959520578,0.0137326959520578,0.0
darcy,932,932,64,solver,solver_x_adv_training_target,0.532175726024434,0.0083152457191317,120.26102820980891,loss1,"MSE(model(a_adv), model(a_clean).detach())",0,0,fixed clean model output; no solver in attack,binary_replace,binary_steepest_replace,1,0.0250519029796123,0.0250519029796123,0.0250519029796123,0.0250519029796123,0.0,5.817351507175772e-07,5.817351507175772e-07,1.970103014059532e-08,1.8349007646634163e-08,-1.352022493961158e-09,2.0019030570983887,9.0,2.0134077072143555,181.0,0.0500475764274597,0.7131012082099915,11584,1,1.0,11584,181.0,0.0,0.0138842090964317,0.0138842090964317,0.0
darcy,933,933,64,solver,solver_x_adv_training_target,0.4789914230059366,0.0074842409844677,133.6140835223406,loss1,"MSE(model(a_adv), model(a_clean).detach())",0,0,fixed clean model output; no solver in attack,binary_replace,binary_steepest_replace,1,0.0250519029796123,0.0250519029796123,0.0250519029796123,0.0250519029796123,0.0,5.759403620686498e-07,5.759403620686498e-07,1.5677514397793857e-08,1.3880379512443142e-08,-1.797134885350715e-09,1.999307870864868,9.0,2.012086868286133,181.0,0.0499826967716217,0.7086699604988098,11584,1,1.0,11584,181.0,0.0,0.0138838412240147,0.0138838412240147,0.0
darcy,934,934,64,solver,solver_x_adv_training_target,0.4791382229886949,0.0074865347341983,133.57314638934588,loss1,"MSE(model(a_adv), model(a_clean).detach())",0,0,fixed clean model output; no solver in attack,binary_replace,binary_steepest_replace,1,0.0250519029796123,0.0250519029796123,0.0250519029796123,0.0250519029796123,0.0,5.762452133240004e-07,5.762452133240004e-07,1.7761967896490205e-08,1.4361634548265556e-08,-3.400333348224649e-09,2.003460079431534,9.0,2.0142009258270264,181.0,0.0500865019857883,0.7130968570709229,11584,1,1.0,11584,181.0,0.0,0.0138361668214201,0.0138361668214201,0.0
darcy,935,935,64,solver,solver_x_adv_training_target,0.5411733649962116,0.0084558338280658,118.26154822022332,loss1,"MSE(model(a_adv), model(a_clean).detach())",0,0,fixed clean model output; no solver in attack,binary_replace,binary_steepest_replace,1,0.0250519029796123,0.0250519029796123,0.0250519029796123,0.0250519029796123,0.0,5.91351806633611e-07,5.91351806633611e-07,1.5747939841048723e-08,1.3198738990638505e-08,-2.549200850410216e-09,2.0019030570983887,9.0,2.0134100914001465,181.0,0.0500475764274597,0.7054887413978577,11584,1,1.0,11584,181.0,0.0,0.013754267245531,0.013754267245531,0.0
darcy,936,936,64,solver,solver_x_adv_training_target,0.481448090984486,0.0075226264216325,132.93229571048877,loss1,"MSE(model(a_adv), model(a_clean).detach())",0,0,fixed clean model output; no solver in attack,binary_replace,binary_steepest_replace,1,0.0250519029796123,0.0250519029796123,0.0250519029796123,0.0250519029796123,0.0,5.85051679991011e-07,5.85051679991011e-07,1.7620335412971144e-08,1.4932973968484475e-08,-2.687361444486669e-09,2.0024220645427704,9.0,2.013674736022949,181.0,0.0500605516135692,0.7044960856437683,11584,1,1.0,11584,181.0,0.0,0.0138288866728544,0.0138288866728544,0.0
darcy,937,937,64,solver,solver_x_adv_training_target,0.4859173700097017,0.0075924589064015,131.70963614394395,loss1,"MSE(model(a_adv), model(a_clean).detach())",0,0,fixed clean model output; no solver in attack,binary_replace,binary_steepest_replace,1,0.0250519029796123,0.0250519029796123,0.0250519029796123,0.0250519029796123,0.0,5.863478236278752e-07,5.863478236278752e-07,1.5925097684998946e-08,1.2639786106660722e-08,-3.2853115783382236e-09,2.002595067024231,9.0,2.0137648582458496,181.0,0.0500648766756057,0.7036634683609009,11584,1,1.0,11584,181.0,0.0,0.0137469097971916,0.0137469097971916,0.0
darcy,938,938,64,solver,solver_x_adv_training_target,0.4963489219953771,0.0077554519061777,128.94155132384086,loss1,"MSE(model(a_adv), model(a_clean).detach())",0,0,fixed clean model output; no solver in attack,binary_replace,binary_steepest_replace,1,0.0250519029796123,0.0250519029796123,0.0250519029796123,0.0250519029796123,0.0,5.755010761276935e-07,5.755010761276935e-07,1.6158045568204216e-08,1.3410947019565356e-08,-2.7470985486388604e-09,2.001384049654007,9.0,2.013148784637451,181.0,0.0500346012413501,0.7059082984924316,11584,1,1.0,11584,181.0,0.0,0.0138587839901447,0.0138587839901447,0.0
darcy,939,939,64,solver,solver_x_adv_training_target,0.4786964280065149,0.0074796316876017,133.69642273396906,loss1,"MSE(model(a_adv), model(a_clean).detach())",0,0,fixed clean model output; no solver in attack,binary_replace,binary_steepest_replace,1,0.0250519029796123,0.0250519029796123,0.0250519029796123,0.0250519029796123,0.0,5.974499117655796e-07,5.974499117655796e-07,1.896501622411506e-08,1.672486860115896e-08,-2.240147622956101e-09,2.0027680695056915,9.0,2.013850688934326,181.0,0.0500692017376422,0.707251250743866,11584,1,1.0,11584,181.0,0.0,0.0138198034837841,0.0138198034837841,0.0
darcy,940,940,64,solver,solver_x_adv_training_target,0.478086187998997,0.0074700966874843,133.8670758673628,loss1,"MSE(model(a_adv), model(a_clean).detach())",0,0,fixed clean model output; no solver in attack,binary_replace,binary_steepest_replace,1,0.0250519029796123,0.0250519029796123,0.0250519029796123,0.0250519029796123,0.0,5.703211627405835e-07,5.703211627405835e-07,1.5235336547902992e-08,1.3047941394006557e-08,-2.187395153896432e-09,2.0027680695056915,9.0,2.0138509273529053,181.0,0.0500692017376422,0.7119333744049072,11584,1,1.0,11584,181.0,0.0,0.0138563010841608,0.0138563010841608,0.0
darcy,941,941,64,solver,solver_x_adv_training_target,0.4782152989937458,0.0074721140467772,133.83093375445733,loss1,"MSE(model(a_adv), model(a_clean).detach())",0,0,fixed clean model output; no solver in attack,binary_replace,binary_steepest_replace,1,0.0250519029796123,0.0250519029796123,0.0250519029796123,0.0250519029796123,0.0,5.868008656761958e-07,5.868008656761958e-07,1.887326028793268e-08,1.499906332469436e-08,-3.874196963238319e-09,2.002595067024231,9.0,2.013761520385742,181.0,0.0500648766756057,0.709824800491333,11584,1,1.0,11584,181.0,0.0,0.0138997482135891,0.0138997482135891,0.0
darcy,942,942,64,solver,solver_x_adv_training_target,0.4780316039978061,0.0074692438124657,133.88236146891603,loss1,"MSE(model(a_adv), model(a_clean).detach())",0,0,fixed clean model output; no solver in attack,binary_replace,binary_steepest_replace,1,0.0250519029796123,0.0250519029796123,0.0250519029796123,0.0250519029796123,0.0,5.849323088114033e-07,5.849323088114033e-07,1.6343626896286878e-08,1.2921411496336075e-08,-3.422215399950801e-09,2.002076059579849,9.0,2.013502597808838,181.0,0.0500519014894962,0.7142041325569153,11584,1,1.0,11584,181.0,0.0,0.0137635394930839,0.0137635394930839,0.0
darcy,943,943,64,solver,solver_x_adv_training_target,0.5440628009964712,0.0085009812655698,117.63347886086244,loss1,"MSE(model(a_adv), model(a_clean).detach())",0,0,fixed clean model output; no solver in attack,binary_replace,binary_steepest_replace,1,0.0250519029796123,0.0250519029796123,0.0250519029796123,0.0250519029796123,0.0,5.904203135287389e-07,5.904203135287389e-07,1.941927330051385e-08,1.668198024162848e-08,-2.73729305888537e-09,2.001730054616928,9.0,2.0133190155029297,181.0,0.0500432513654232,0.7034947872161865,11584,1,1.0,11584,181.0,0.0,0.0138279274106025,0.0138279274106025,0.0
darcy,944,944,64,solver,solver_x_adv_training_target,0.4784899200021755,0.0074764050000339,133.7541238062215,loss1,"MSE(model(a_adv), model(a_clean).detach())",0,0,fixed clean model output; no solver in attack,binary_replace,binary_steepest_replace,1,0.0250519029796123,0.0250519029796123,0.0250519029796123,0.0250519029796123,0.0,5.866702394996537e-07,5.866702394996537e-07,1.7949123076732576e-08,1.3895060213542363e-08,-4.054062863190211e-09,2.001038044691086,9.0,2.012968063354492,181.0,0.0500259511172771,0.7074329257011414,11584,1,1.0,11584,181.0,0.0,0.0138317281380295,0.0138317281380295,0.0
darcy,945,945,64,solver,solver_x_adv_training_target,0.4783690890180878,0.0074745170159076,133.7879086865081,loss1,"MSE(model(a_adv), model(a_clean).detach())",0,0,fixed clean model output; no solver in attack,binary_replace,binary_steepest_replace,1,0.0250519029796123,0.0250519029796123,0.0250519029796123,0.0250519029796123,0.0,5.9299350141373e-07,5.9299350141373e-07,1.5812869236242477e-08,1.2506426116942748e-08,-3.306443119299729e-09,2.003287076950073,9.0,2.014113426208496,181.0,0.0500821769237518,0.7188234925270081,11584,1,1.0,11584,181.0,0.0,0.0138232642784714,0.0138232642784714,0.0
darcy,946,946,64,solver,solver_x_adv_training_target,0.4787855540052987,0.0074810242813327,133.67153512591506,loss1,"MSE(model(a_adv), model(a_clean).detach())",0,0,fixed clean model output; no solver in attack,binary_replace,binary_steepest_replace,1,0.0250519029796123,0.0250519029796123,0.0250519029796123,0.0250519029796123,0.0,6.002294412610354e-07,6.002294412610354e-07,1.8566455040058827e-08,1.7398527063505753e-08,-1.1679279765530735e-09,2.0012110471725464,9.0,2.0130629539489746,181.0,0.0500302761793136,0.7080817222595215,11584,1,1.0,11584,181.0,0.0,0.0138581963256001,0.0138581963256001,0.0
darcy,947,947,64,solver,solver_x_adv_training_target,0.4931639959977474,0.0077056874374648,129.77427492556112,loss1,"MSE(model(a_adv), model(a_clean).detach())",0,0,fixed clean model output; no solver in attack,binary_replace,binary_steepest_replace,1,0.0250519029796123,0.0250519029796123,0.0250519029796123,0.0250519029796123,0.0,5.712450956707471e-07,5.712450956707471e-07,1.6824072801568946e-08,1.3801350284836644e-08,-3.022722516732301e-09,2.002076059579849,9.0,2.0135018825531006,181.0,0.0500519014894962,0.7067409157752991,11584,1,1.0,11584,181.0,0.0,0.0138739729300141,0.0138739729300141,0.0
darcy,948,948,64,solver,solver_x_adv_training_target,0.4794330250006169,0.0074911410156346,133.4910126391849,loss1,"MSE(model(a_adv), model(a_clean).detach())",0,0,fixed clean model output; no solver in attack,binary_replace,binary_steepest_replace,1,0.0250519029796123,0.0250519029796123,0.0250519029796123,0.0250519029796123,0.0,6.010491233610082e-07,6.010491233610082e-07,2.1020658991233176e-08,1.677323346882531e-08,-4.247425522407866e-09,2.003287076950073,9.0,2.0141139030456543,181.0,0.0500821769237518,0.7052032947540283,11584,1,1.0,11584,181.0,0.0,0.0139200510457158,0.0139200510457158,0.0
darcy,949,949,64,solver,solver_x_adv_training_target,0.5292745160113554,0.0082699143126774,120.92023716219674,loss1,"MSE(model(a_adv), model(a_clean).detach())",0,0,fixed clean model output; no solver in attack,binary_replace,binary_steepest_replace,1,0.0250519029796123,0.0250519029796123,0.0250519029796123,0.0250519029796123,0.0,5.885348741685448e-07,5.885348741685448e-07,2.017003808418849e-08,1.6694366777869618e-08,-3.4756713063188727e-09,2.003287076950073,9.0,2.0141115188598637,181.0,0.0500821769237518,0.7100086212158203,11584,1,1.0,11584,181.0,0.0,0.0138583099469542,0.0138583099469542,0.0
darcy,950,950,64,solver,solver_x_adv_training_target,0.5392489519726951,0.0084257648745733,118.6835871741122,loss1,"MSE(model(a_adv), model(a_clean).detach())",0,0,fixed clean model output; no solver in attack,binary_replace,binary_steepest_replace,1,0.0250519029796123,0.0250519029796123,0.0250519029796123,0.0250519029796123,0.0,5.915704832659685e-07,5.915704832659685e-07,1.6395604873764572e-08,1.3508683949225997e-08,-2.886920924538572e-09,2.002595067024231,9.0,2.0137648582458496,181.0,0.0500648766756057,0.7084190845489502,11584,1,1.0,11584,181.0,0.0,0.0138036962598562,0.0138036962598562,0.0
darcy,951,951,64,solver,solver_x_adv_training_target,0.4849178029980976,0.0075768406718452,131.9811308314681,loss1,"MSE(model(a_adv), model(a_clean).detach())",0,0,fixed clean model output; no solver in attack,binary_replace,binary_steepest_replace,1,0.0250519029796123,0.0250519029796123,0.0250519029796123,0.0250519029796123,0.0,5.91786715631315e-07,5.91786715631315e-07,1.9302207832083692e-08,1.532498572487384e-08,-3.9772221072098546e-09,2.003460079431534,9.0,2.0142006874084477,181.0,0.0500865019857883,0.7056984901428223,11584,1,1.0,11584,181.0,0.0,0.0138560375198721,0.0138560375198721,0.0
darcy,952,952,64,solver,solver_x_adv_training_target,0.4832214670022949,0.0075503354219108,132.44444705039572,loss1,"MSE(model(a_adv), model(a_clean).detach())",0,0,fixed clean model output; no solver in attack,binary_replace,binary_steepest_replace,1,0.0250519029796123,0.0250519029796123,0.0250519029796123,0.0250519029796123,0.0,6.034341026861512e-07,6.034341026861512e-07,1.6615805620290306e-08,1.3293942835446161e-08,-3.321862784844143e-09,2.0031140744686127,9.0,2.014024257659912,181.0,0.0500778518617153,0.7101427316665649,11584,1,1.0,11584,181.0,0.0,0.0138104343786835,0.0138104343786835,0.0
darcy,953,953,64,solver,solver_x_adv_training_target,0.5456582109909505,0.0085259095467336,117.28953896574173,loss1,"MSE(model(a_adv), model(a_clean).detach())",0,0,fixed clean model output; no solver in attack,binary_replace,binary_steepest_replace,1,0.0250519029796123,0.0250519029796123,0.0250519029796123,0.0250519029796123,0.0,5.799380460302928e-07,5.799380460302928e-07,1.6425863336166913e-08,1.3227640316415544e-08,-3.198223019751367e-09,2.0012110471725464,9.0,2.0130648612976074,181.0,0.0500302761793136,0.711589515209198,11584,1,1.0,11584,181.0,0.0,0.0138635663315653,0.0138635663315653,0.0
darcy,954,954,64,solver,solver_x_adv_training_target,0.483246242016321,0.007550722531505,132.43765690336912,loss1,"MSE(model(a_adv), model(a_clean).detach())",0,0,fixed clean model output; no solver in attack,binary_replace,binary_steepest_replace,1,0.0250519029796123,0.0250519029796123,0.0250519029796123,0.0250519029796123,0.0,5.903519877392682e-07,5.903519877392682e-07,1.518720083026892e-08,1.276910932546116e-08,-2.4180915048077622e-09,2.0031140744686127,9.0,2.014026403427124,181.0,0.0500778518617153,0.6992949843406677,11584,1,1.0,11584,181.0,0.0,0.0139371007680892,0.0139371007680892,0.0
darcy,955,955,64,solver,solver_x_adv_training_target,0.4817674559890292,0.0075276164998285,132.84417451696322,loss1,"MSE(model(a_adv), model(a_clean).detach())",0,0,fixed clean model output; no solver in attack,binary_replace,binary_steepest_replace,1,0.0250519029796123,0.0250519029796123,0.0250519029796123,0.0250519029796123,0.0,6.015184226271231e-07,6.015184226271231e-07,1.6409924086246974e-08,1.27957653361932e-08,-3.614158750053775e-09,2.002941071987152,9.0,2.013939380645752,181.0,0.0500735267996788,0.7042062878608704,11584,1,1.0,11584,181.0,0.0,0.0138217015191912,0.0138217015191912,0.0
darcy,956,956,64,solver,solver_x_adv_training_target,0.4795666440040804,0.0074932288125637,133.45381877613542,loss1,"MSE(model(a_adv), model(a_clean).detach())",0,0,fixed clean model output; no solver in attack,binary_replace,binary_steepest_replace,1,0.0250519029796123,0.0250519029796123,0.0250519029796123,0.0250519029796123,0.0,5.929217650191276e-07,5.929217650191276e-07,1.6210027098395585e-08,1.2358948531243641e-08,-3.851078567151944e-09,2.0019030570983887,9.0,2.013413906097412,181.0,0.0500475764274597,0.7074329257011414,11584,1,1.0,11584,181.0,0.0,0.0139162456616759,0.0139162456616759,0.0
darcy,957,957,64,solver,solver_x_adv_training_target,0.4880761989916209,0.007626190609244,131.1270660856354,loss1,"MSE(model(a_adv), model(a_clean).detach())",0,0,fixed clean model output; no solver in attack,binary_replace,binary_steepest_replace,1,0.0250519029796123,0.0250519029796123,0.0250519029796123,0.0250519029796123,0.0,5.959406053079874e-07,5.959406053079874e-07,1.6543616254693916e-08,1.2750454025933776e-08,-3.793162228760138e-09,2.0027680695056915,9.0,2.01385235786438,181.0,0.0500692017376422,0.7095544934272766,11584,1,1.0,11584,181.0,0.0,0.0139192380011081,0.0139192380011081,0.0
darcy,958,958,64,solver,solver_x_adv_training_target,0.479819492000388,0.007497179562506,133.3834933074129,loss1,"MSE(model(a_adv), model(a_clean).detach())",0,0,fixed clean model output; no solver in attack,binary_replace,binary_steepest_replace,1,0.0250519029796123,0.0250519029796123,0.0250519029796123,0.0250519029796123,0.0,6.1476350765588e-07,6.1476350765588e-07,1.567593344020679e-08,1.2619837619354256e-08,-3.056095820852533e-09,2.0012110471725464,9.0,2.0130574703216557,181.0,0.0500302761793136,0.7015635371208191,11584,1,1.0,11584,181.0,0.0,0.0138265285640954,0.0138265285640954,0.0
darcy,959,959,64,solver,solver_x_adv_training_target,0.4784609299967997,0.0074759520311999,133.7622279846927,loss1,"MSE(model(a_adv), model(a_clean).detach())",0,0,fixed clean model output; no solver in attack,binary_replace,binary_steepest_replace,1,0.0250519029796123,0.0250519029796123,0.0250519029796123,0.0250519029796123,0.0,6.030944632584578e-07,6.030944632584578e-07,1.5584632251375297e-08,1.265886417911588e-08,-2.925768072259416e-09,2.000519037246704,9.0,2.01269006729126,181.0,0.0500129759311676,0.699307918548584,11584,1,1.0,11584,181.0,0.0,0.0138621218502521,0.0138621218502521,0.0
darcy,960,960,64,solver,solver_x_adv_training_target,0.4786452479893341,0.0074788319998333,133.71071846810884,loss1,"MSE(model(a_adv), model(a_clean).detach())",0,0,fixed clean model output; no solver in attack,binary_replace,binary_steepest_replace,1,0.0250519029796123,0.0250519029796123,0.0250519029796123,0.0250519029796123,0.0,5.924130164203234e-07,5.924130164203234e-07,1.588435871724414e-08,1.2408570171373869e-08,-3.475788545870273e-09,2.0006920397281647,9.0,2.012795209884644,181.0,0.0500173009932041,0.7077054381370544,11584,1,1.0,11584,181.0,0.0,0.0138815864920616,0.0138815864920616,0.0
darcy,961,961,64,solver,solver_x_adv_training_target,0.5421920889930334,0.0084717513905161,118.03934675413964,loss1,"MSE(model(a_adv), model(a_clean).detach())",0,0,fixed clean model output; no solver in attack,binary_replace,binary_steepest_replace,1,0.0250519029796123,0.0250519029796123,0.0250519029796123,0.0250519029796123,0.0,5.929618964728434e-07,5.929618964728434e-07,1.5362775940275242e-08,1.2845115193726997e-08,-2.5176607465482444e-09,2.003806233406067,9.0,2.0143752098083496,181.0,0.0500951558351516,0.711286723613739,11584,1,1.0,11584,181.0,0.0,0.0138096380978822,0.0138096380978822,0.0
darcy,962,962,64,solver,solver_x_adv_training_target,0.4780708860198501,0.0074698575940601,133.871360652869,loss1,"MSE(model(a_adv), model(a_clean).detach())",0,0,fixed clean model output; no solver in attack,binary_replace,binary_steepest_replace,1,0.0250519029796123,0.0250519029796123,0.0250519029796123,0.0250519029796123,0.0,5.882767482034978e-07,5.882767482034978e-07,1.7290050280394098e-08,1.4683662286074652e-08,-2.606387994319448e-09,2.001038044691086,9.0,2.012969970703125,181.0,0.0500259511172771,0.6987759470939636,11584,1,1.0,11584,181.0,0.0,0.0138408634811639,0.0138408634811639,0.0
darcy,963,963,64,solver,solver_x_adv_training_target,0.4780331499932799,0.0074692679686449,133.88192848320182,loss1,"MSE(model(a_adv), model(a_clean).detach())",0,0,fixed clean model output; no solver in attack,binary_replace,binary_steepest_replace,1,0.0250519029796123,0.0250519029796123,0.0250519029796123,0.0250519029796123,0.0,5.832354759149894e-07,5.832354759149894e-07,1.5822463339532078e-08,1.3286395983413968e-08,-2.53606735611811e-09,2.003287076950073,9.0,2.0141139030456543,181.0,0.0500821769237518,0.7046820521354675,11584,1,1.0,11584,181.0,0.0,0.0138689009472727,0.0138689009472727,0.0
darcy,964,964,64,solver,solver_x_adv_training_target,0.4777108800190035,0.0074642325002969,133.97224697384755,loss1,"MSE(model(a_adv), model(a_clean).detach())",0,0,fixed clean model output; no solver in attack,binary_replace,binary_steepest_replace,1,0.0250519029796123,0.0250519029796123,0.0250519029796123,0.0250519029796123,0.0,5.78861033773137e-07,5.78861033773137e-07,1.798849957879156e-08,1.5938002917437192e-08,-2.050496661354373e-09,2.002076059579849,9.0,2.0135035514831543,181.0,0.0500519014894962,0.70500648021698,11584,1,1.0,11584,181.0,0.0,0.0138029688969254,0.0138029688969254,0.0
darcy,965,965,64,solver,solver_x_adv_training_target,0.4784634620009456,0.0074759915937647,133.76152012183016,loss1,"MSE(model(a_adv), model(a_clean).detach())",0,0,fixed clean model output; no solver in attack,binary_replace,binary_steepest_replace,1,0.0250519029796123,0.0250519029796123,0.0250519029796123,0.0250519029796123,0.0,5.86823261983227e-07,5.86823261983227e-07,1.5098429173576733e-08,1.2897145573731452e-08,-2.201283599845283e-09,2.00224906206131,9.0,2.013589859008789,181.0,0.0500562265515327,0.7078070640563965,11584,1,1.0,11584,181.0,0.0,0.0138972401618957,0.0138972401618957,0.0
darcy,966,966,64,solver,solver_x_adv_training_target,0.4779231849825009,0.0074675497653515,133.91273328232307,loss1,"MSE(model(a_adv), model(a_clean).detach())",0,0,fixed clean model output; no solver in attack,binary_replace,binary_steepest_replace,1,0.0250519029796123,0.0250519029796123,0.0250519029796123,0.0250519029796123,0.0,5.748901230617776e-07,5.748901230617776e-07,1.7195839419059666e-08,1.4590072261455589e-08,-2.605767157604077e-09,2.0024220645427704,9.0,2.0136759281158447,181.0,0.0500605516135692,0.7064099907875061,11584,1,1.0,11584,181.0,0.0,0.0139293624088168,0.0139293624088168,0.0
darcy,967,967,64,solver,solver_x_adv_training_target,0.4837828719755634,0.0075591073746181,132.29075212739804,loss1,"MSE(model(a_adv), model(a_clean).detach())",0,0,fixed clean model output; no solver in attack,binary_replace,binary_steepest_replace,1,0.0250519029796123,0.0250519029796123,0.0250519029796123,0.0250519029796123,0.0,5.681808943336364e-07,5.681808943336364e-07,1.698408702566212e-08,1.4047477847611844e-08,-2.9366091780502757e-09,2.001730054616928,9.0,2.0133230686187744,181.0,0.0500432513654232,0.7109450697898865,11584,1,1.0,11584,181.0,0.0,0.0138308489695191,0.0138308489695191,0.0
darcy,968,968,64,solver,solver_x_adv_training_target,0.477870692993747,0.0074667295780272,133.92744300566983,loss1,"MSE(model(a_adv), model(a_clean).detach())",0,0,fixed clean model output; no solver in attack,binary_replace,binary_steepest_replace,1,0.0250519029796123,0.0250519029796123,0.0250519029796123,0.0250519029796123,0.0,6.002187546982896e-07,6.002187546982896e-07,1.5243323048252932e-08,1.282650252676376e-08,-2.4168205214891714e-09,2.0036332309246063,9.0,2.0142879486083984,181.0,0.0500908307731151,0.6994182467460632,11584,1,1.0,11584,181.0,0.0,0.0137411477044224,0.0137411477044224,0.0
darcy,969,969,64,solver,solver_x_adv_training_target,0.5481183789961506,0.0085643496718148,116.76309799575152,loss1,"MSE(model(a_adv), model(a_clean).detach())",0,0,fixed clean model output; no solver in attack,binary_replace,binary_steepest_replace,1,0.0250519029796123,0.0250519029796123,0.0250519029796123,0.0250519029796123,0.0,5.847002739756135e-07,5.847002739756135e-07,1.557247664152328e-08,1.177887565262381e-08,-3.79360098889947e-09,2.0031140744686127,9.0,2.0140252113342285,181.0,0.0500778518617153,0.7174156308174133,11584,1,1.0,11584,181.0,0.0,0.0138342445716261,0.0138342445716261,0.0
darcy,970,970,64,solver,solver_x_adv_training_target,0.4788128389918711,0.0074814506092479,133.66391789900717,loss1,"MSE(model(a_adv), model(a_clean).detach())",0,0,fixed clean model output; no solver in attack,binary_replace,binary_steepest_replace,1,0.0250519029796123,0.0250519029796123,0.0250519029796123,0.0250519029796123,0.0,5.735032573284116e-07,5.735032573284116e-07,1.5254043361778713e-08,1.2916570035770292e-08,-2.337473326008421e-09,2.0027680695056915,9.0,2.01385235786438,181.0,0.0500692017376422,0.7060661315917969,11584,1,1.0,11584,181.0,0.0,0.0139000313356518,0.0139000313356518,0.0
darcy,971,971,64,solver,solver_x_adv_training_target,0.4785417999955825,0.0074772156249309,133.7396231647701,loss1,"MSE(model(a_adv), model(a_clean).detach())",0,0,fixed clean model output; no solver in attack,binary_replace,binary_steepest_replace,1,0.0250519029796123,0.0250519029796123,0.0250519029796123,0.0250519029796123,0.0,6.012123208165576e-07,6.012123208165576e-07,1.798974302857914e-08,1.5871270520051443e-08,-2.1184725085277023e-09,2.003287076950073,9.0,2.014113426208496,181.0,0.0500821769237518,0.7039576172828674,11584,1,1.0,11584,181.0,0.0,0.013789371587336,0.013789371587336,0.0
darcy,972,972,64,solver,solver_x_adv_training_target,0.4782961450109724,0.0074733772657964,133.80831241809778,loss1,"MSE(model(a_adv), model(a_clean).detach())",0,0,fixed clean model output; no solver in attack,binary_replace,binary_steepest_replace,1,0.0250519029796123,0.0250519029796123,0.0250519029796123,0.0250519029796123,0.0,5.996138270347728e-07,5.996138270347728e-07,1.5799228592072723e-08,1.2822670036882757e-08,-2.9765585551899676e-09,2.002595067024231,9.0,2.013763904571533,181.0,0.0500648766756057,0.7046172022819519,11584,1,1.0,11584,181.0,0.0,0.0138450032100081,0.0138450032100081,0.0
darcy,973,973,64,solver,solver_x_adv_training_target,0.4786586209957022,0.0074790409530578,133.70698279050666,loss1,"MSE(model(a_adv), model(a_clean).detach())",0,0,fixed clean model output; no solver in attack,binary_replace,binary_steepest_replace,1,0.0250519029796123,0.0250519029796123,0.0250519029796123,0.0250519029796123,0.0,5.654292749568413e-07,5.654292749568413e-07,1.544932182184766e-08,1.3327632331083804e-08,-2.121689490763856e-09,2.001384049654007,9.0,2.013144016265869,181.0,0.0500346012413501,0.7088083624839783,11584,1,1.0,11584,181.0,0.0,0.0139033831655979,0.0139033831655979,0.0
darcy,974,974,64,solver,solver_x_adv_training_target,0.4785720130021218,0.0074776877031581,133.7311799712706,loss1,"MSE(model(a_adv), model(a_clean).detach())",0,0,fixed clean model output; no solver in attack,binary_replace,binary_steepest_replace,1,0.0250519029796123,0.0250519029796123,0.0250519029796123,0.0250519029796123,0.0,5.984998097119387e-07,5.984998097119387e-07,1.7614061320614386e-08,1.4015753002638576e-08,-3.598308317975807e-09,2.0003460347652435,9.0,2.01261043548584,181.0,0.050008650869131,0.7051686644554138,11584,1,1.0,11584,181.0,0.0,0.0137758096680045,0.0137758096680045,0.0
darcy,975,975,64,solver,solver_x_adv_training_target,0.4783163990068715,0.0074736937344823,133.8026463923947,loss1,"MSE(model(a_adv), model(a_clean).detach())",0,0,fixed clean model output; no solver in attack,binary_replace,binary_steepest_replace,1,0.0250519029796123,0.0250519029796123,0.0250519029796123,0.0250519029796123,0.0,5.949367505309056e-07,5.949367505309056e-07,1.950738592881862e-08,1.7090840742639557e-08,-2.4165451861790643e-09,2.003806233406067,9.0,2.0143752098083496,181.0,0.0500951558351516,0.7008628845214844,11584,1,1.0,11584,181.0,0.0,0.0138405365869402,0.0138405365869402,0.0
darcy,976,976,64,solver,solver_x_adv_training_target,0.4784396119939629,0.0074756189374056,133.76818807554668,loss1,"MSE(model(a_adv), model(a_clean).detach())",0,0,fixed clean model output; no solver in attack,binary_replace,binary_steepest_replace,1,0.0250519029796123,0.0250519029796123,0.0250519029796123,0.0250519029796123,0.0,6.005978434586723e-07,6.005978434586723e-07,1.5462440217106632e-08,1.2365039658845944e-08,-3.0974005582606882e-09,2.002941071987152,9.0,2.0139384269714355,181.0,0.0500735267996788,0.6983477473258972,11584,1,1.0,11584,181.0,0.0,0.0137465288862586,0.0137465288862586,0.0
darcy,977,977,64,solver,solver_x_adv_training_target,0.5565553449850995,0.0086961772653921,114.99305608450037,loss1,"MSE(model(a_adv), model(a_clean).detach())",0,0,fixed clean model output; no solver in attack,binary_replace,binary_steepest_replace,1,0.0250519029796123,0.0250519029796123,0.0250519029796123,0.0250519029796123,0.0,5.821623290103162e-07,5.821623290103162e-07,2.1946274131323665e-08,1.7971245824810467e-08,-3.975028306513195e-09,2.001730054616928,9.0,2.01332688331604,181.0,0.0500432513654232,0.704573929309845,11584,1,1.0,11584,181.0,0.0,0.0138318911194801,0.0138318911194801,0.0
darcy,978,978,64,solver,solver_x_adv_training_target,0.4783751350187231,0.0074746114846675,133.78621779222516,loss1,"MSE(model(a_adv), model(a_clean).detach())",0,0,fixed clean model output; no solver in attack,binary_replace,binary_steepest_replace,1,0.0250519029796123,0.0250519029796123,0.0250519029796123,0.0250519029796123,0.0,5.839521008965676e-07,5.839521008965676e-07,2.0350690022041817e-08,1.8476322694027655e-08,-1.8743673280141593e-09,1.9999998807907104,9.0,2.012432813644409,181.0,0.0499999970197677,0.707971453666687,11584,1,1.0,11584,181.0,0.0,0.0138803990557789,0.0138803990557789,0.0
darcy,979,979,64,solver,solver_x_adv_training_target,0.4782184500072617,0.0074721632813634,133.8300519334379,loss1,"MSE(model(a_adv), model(a_clean).detach())",0,0,fixed clean model output; no solver in attack,binary_replace,binary_steepest_replace,1,0.0250519029796123,0.0250519029796123,0.0250519029796123,0.0250519029796123,0.0,5.890933607588522e-07,5.890933607588522e-07,1.7989425060704892e-08,1.5591004043358225e-08,-2.398421017346664e-09,2.002595067024231,9.0,2.013763904571533,181.0,0.0500648766756057,0.7116349339485168,11584,1,1.0,11584,181.0,0.0,0.0137768192216753,0.0137768192216753,0.0
darcy,980,980,64,solver,solver_x_adv_training_target,0.4779591530095786,0.0074681117657746,133.90265590063385,loss1,"MSE(model(a_adv), model(a_clean).detach())",0,0,fixed clean model output; no solver in attack,binary_replace,binary_steepest_replace,1,0.0250519029796123,0.0250519029796123,0.0250519029796123,0.0250519029796123,0.0,5.976453394396231e-07,5.976453394396231e-07,2.318565428538477e-08,1.9593514366533785e-08,-3.592139918850989e-09,2.0015570521354675,9.0,2.0132317543029785,181.0,0.0500389263033866,0.7072620987892151,11584,1,1.0,11584,181.0,0.0,0.0137816332280635,0.0137816332280635,0.0
darcy,981,981,64,solver,solver_x_adv_training_target,0.4838674039929174,0.0075604281873893,132.26764082859526,loss1,"MSE(model(a_adv), model(a_clean).detach())",0,0,fixed clean model output; no solver in attack,binary_replace,binary_steepest_replace,1,0.0250519029796123,0.0250519029796123,0.0250519029796123,0.0250519029796123,0.0,5.637812705572287e-07,5.637812705572287e-07,1.5321662161227323e-08,1.2264250059956794e-08,-3.057412101270529e-09,2.001038044691086,9.0,2.012977600097656,181.0,0.0500259511172771,0.7084125876426697,11584,1,1.0,11584,181.0,0.0,0.0137672470882534,0.0137672470882534,0.0
darcy,982,982,64,solver,solver_x_adv_training_target,0.5426660579978488,0.0084791571562163,117.93625021643366,loss1,"MSE(model(a_adv), model(a_clean).detach())",0,0,fixed clean model output; no solver in attack,binary_replace,binary_steepest_replace,1,0.0250519029796123,0.0250519029796123,0.0250519029796123,0.0250519029796123,0.0,5.889627345823101e-07,5.889627345823101e-07,2.5999637998097572e-08,2.416883404521286e-08,-1.8308039528847073e-09,2.001384049654007,9.0,2.013146162033081,181.0,0.0500346012413501,0.7020436525344849,11584,1,1.0,11584,181.0,0.0,0.0137921897694468,0.0137921897694468,0.0
darcy,983,983,64,solver,solver_x_adv_training_target,0.4780532979930285,0.007469582781141,133.87628590511954,loss1,"MSE(model(a_adv), model(a_clean).detach())",0,0,fixed clean model output; no solver in attack,binary_replace,binary_steepest_replace,1,0.0250519029796123,0.0250519029796123,0.0250519029796123,0.0250519029796123,0.0,5.700425163013279e-07,5.700425163013279e-07,1.6718463058396082e-08,1.3638715934405354e-08,-3.079747123990728e-09,2.0015570521354675,9.0,2.0132384300231934,181.0,0.0500389263033866,0.7095804214477539,11584,1,1.0,11584,181.0,0.0,0.0138153061270713,0.0138153061270713,0.0
darcy,984,984,64,solver,solver_x_adv_training_target,0.5460969370033126,0.0085327646406767,117.19531032566802,loss1,"MSE(model(a_adv), model(a_clean).detach())",0,0,fixed clean model output; no solver in attack,binary_replace,binary_steepest_replace,1,0.0250519029796123,0.0250519029796123,0.0250519029796123,0.0250519029796123,0.0,5.97031544202764e-07,5.97031544202764e-07,1.6399313906845236e-08,1.3318826042052478e-08,-3.080487864792758e-09,2.0027680695056915,9.0,2.013847589492798,181.0,0.0500692017376422,0.7056076526641846,11584,1,1.0,11584,181.0,0.0,0.0139609454199671,0.0139609454199671,0.0
darcy,985,985,64,solver,solver_x_adv_training_target,0.4783199729863554,0.0074737495779118,133.80164662667278,loss1,"MSE(model(a_adv), model(a_clean).detach())",0,0,fixed clean model output; no solver in attack,binary_replace,binary_steepest_replace,1,0.0250519029796123,0.0250519029796123,0.0250519029796123,0.0250519029796123,0.0,5.822000730404397e-07,5.822000730404397e-07,1.911715585833917e-08,1.710848351876848e-08,-2.008672339570694e-09,2.0006920397281647,9.0,2.0127997398376465,181.0,0.0500173009932041,0.7049718499183655,11584,1,1.0,11584,181.0,0.0,0.0139056947082281,0.0139056947082281,0.0
darcy,986,986,64,solver,solver_x_adv_training_target,0.4784864429966546,0.0074763506718227,133.75509575398243,loss1,"MSE(model(a_adv), model(a_clean).detach())",0,0,fixed clean model output; no solver in attack,binary_replace,binary_steepest_replace,1,0.0250519029796123,0.0250519029796123,0.0250519029796123,0.0250519029796123,0.0,5.98275505581114e-07,5.98275505581114e-07,1.5985685664077213e-08,1.3037833923590371e-08,-2.9478517404868403e-09,2.0031140744686127,9.0,2.014026641845703,181.0,0.0500778518617153,0.706295371055603,11584,1,1.0,11584,181.0,0.0,0.0138454977422952,0.0138454977422952,0.0
darcy,987,987,64,solver,solver_x_adv_training_target,0.4871834969962947,0.0076122421405671,131.36733981054115,loss1,"MSE(model(a_adv), model(a_clean).detach())",0,0,fixed clean model output; no solver in attack,binary_replace,binary_steepest_replace,1,0.0250519029796123,0.0250519029796123,0.0250519029796123,0.0250519029796123,0.0,6.11131326877512e-07,6.11131326877512e-07,1.882526312613209e-08,1.4388075619820029e-08,-4.437187506312057e-09,2.0027680695056915,9.0,2.013850212097168,181.0,0.0500692017376422,0.7015483975410461,11584,1,1.0,11584,181.0,0.0,0.0139425033703446,0.0139425033703446,0.0
darcy,988,988,64,solver,solver_x_adv_training_target,0.4790134209906682,0.0074845847029791,133.60794749265867,loss1,"MSE(model(a_adv), model(a_clean).detach())",0,0,fixed clean model output; no solver in attack,binary_replace,binary_steepest_replace,1,0.0250519029796123,0.0250519029796123,0.0250519029796123,0.0250519029796123,0.0,6.013229381096608e-07,6.013229381096608e-07,1.5191343294418402e-08,1.2375159563760008e-08,-2.8161837306583944e-09,2.00224906206131,9.0,2.013591051101685,181.0,0.0500562265515327,0.7008217573165894,11584,1,1.0,11584,181.0,0.0,0.0138338515534996,0.0138338515534996,0.0
darcy,989,989,64,solver,solver_x_adv_training_target,0.5441467760247178,0.0085022933753862,117.61532516567333,loss1,"MSE(model(a_adv), model(a_clean).detach())",0,0,fixed clean model output; no solver in attack,binary_replace,binary_steepest_replace,1,0.0250519029796123,0.0250519029796123,0.0250519029796123,0.0250519029796123,0.0,5.864653189746605e-07,5.864653189746605e-07,1.5504378225728033e-08,1.3027280587607493e-08,-2.47709763812054e-09,2.002595067024231,9.0,2.0137650966644287,181.0,0.0500648766756057,0.6999156475067139,11584,1,1.0,11584,181.0,0.0,0.0138201946392655,0.0138201946392655,0.0
darcy,990,990,64,solver,solver_x_adv_training_target,0.5347422680060845,0.008355347937595,119.68382495485056,loss1,"MSE(model(a_adv), model(a_clean).detach())",0,0,fixed clean model output; no solver in attack,binary_replace,binary_steepest_replace,1,0.0250519029796123,0.0250519029796123,0.0250519029796123,0.0250519029796123,0.0,6.021190301908064e-07,6.021190301908064e-07,1.6170574212992506e-08,1.2349112843423882e-08,-3.821461369568624e-09,2.0024220645427704,9.0,2.013676881790161,181.0,0.0500605516135692,0.6955665946006775,11584,1,1.0,11584,181.0,0.0,0.0138772940263152,0.0138772940263152,0.0
darcy,991,991,64,solver,solver_x_adv_training_target,0.4782874189841095,0.0074732409216267,133.81075365924755,loss1,"MSE(model(a_adv), model(a_clean).detach())",0,0,fixed clean model output; no solver in attack,binary_replace,binary_steepest_replace,1,0.0250519029796123,0.0250519029796123,0.0250519029796123,0.0250519029796123,0.0,5.950502668383706e-07,5.950502668383706e-07,1.7706279109575007e-08,1.411863870259822e-08,-3.5876404069767887e-09,2.002595067024231,9.0,2.0137643814086914,181.0,0.0500648766756057,0.708233118057251,11584,1,1.0,11584,181.0,0.0,0.0139677915722131,0.0139677915722131,0.0
darcy,992,992,64,solver,solver_x_adv_training_target,0.478777437005192,0.0074808974532061,133.67380133936,loss1,"MSE(model(a_adv), model(a_clean).detach())",0,0,fixed clean model output; no solver in attack,binary_replace,binary_steepest_replace,1,0.0250519029796123,0.0250519029796123,0.0250519029796123,0.0250519029796123,0.0,5.956122777206474e-07,5.956122777206474e-07,1.590994891387254e-08,1.2671470983605104e-08,-3.238477930267436e-09,2.003287076950073,9.0,2.0141139030456543,181.0,0.0500821769237518,0.7031725645065308,11584,1,1.0,11584,181.0,0.0,0.0137906391173601,0.0137906391173601,0.0
darcy,993,993,64,solver,solver_x_adv_training_target,0.5399953029991593,0.0084374266093618,118.51954941930234,loss1,"MSE(model(a_adv), model(a_clean).detach())",0,0,fixed clean model output; no solver in attack,binary_replace,binary_steepest_replace,1,0.0250519029796123,0.0250519029796123,0.0250519029796123,0.0250519029796123,0.0,5.881822744413512e-07,5.881822744413512e-07,1.5802438468881522e-08,1.2764396650766232e-08,-3.038041818115289e-09,2.001730054616928,9.0,2.013322353363037,181.0,0.0500432513654232,0.7115354537963867,11584,1,1.0,11584,181.0,0.0,0.0137599371373653,0.0137599371373653,0.0
darcy,994,994,64,solver,solver_x_adv_training_target,0.4781122099957429,0.0074705032811834,133.8597899446447,loss1,"MSE(model(a_adv), model(a_clean).detach())",0,0,fixed clean model output; no solver in attack,binary_replace,binary_steepest_replace,1,0.0250519029796123,0.0250519029796123,0.0250519029796123,0.0250519029796123,0.0,5.897927621845156e-07,5.897927621845156e-07,1.5732529945466922e-08,1.2413837069402689e-08,-3.318692876064233e-09,2.001384049654007,9.0,2.013150691986084,181.0,0.0500346012413501,0.705512523651123,11584,1,1.0,11584,181.0,0.0,0.0138194905593991,0.0138194905593991,0.0
darcy,995,995,64,solver,solver_x_adv_training_target,0.4856183379888534,0.0075877865310758,131.79073975058375,loss1,"MSE(model(a_adv), model(a_clean).detach())",0,0,fixed clean model output; no solver in attack,binary_replace,binary_steepest_replace,1,0.0250519029796123,0.0250519029796123,0.0250519029796123,0.0250519029796123,0.0,5.88455577599234e-07,5.88455577599234e-07,1.6922500734040113e-08,1.3400613951830564e-08,-3.521886782209549e-09,2.003460079431534,9.0,2.0142006874084477,181.0,0.0500865019857883,0.705975353717804,11584,1,1.0,11584,181.0,0.0,0.0138352708891034,0.0138352708891034,0.0
darcy,996,996,64,solver,solver_x_adv_training_target,0.4781638489803299,0.0074713101403176,133.84533384629157,loss1,"MSE(model(a_adv), model(a_clean).detach())",0,0,fixed clean model output; no solver in attack,binary_replace,binary_steepest_replace,1,0.0250519029796123,0.0250519029796123,0.0250519029796123,0.0250519029796123,0.0,5.795123456664442e-07,5.795123456664442e-07,1.6498026056410712e-08,1.2454485442958685e-08,-4.0435406134520235e-09,2.002595067024231,9.0,2.0137646198272705,181.0,0.0500648766756057,0.7137326598167419,11584,1,1.0,11584,181.0,0.0,0.0138231981545686,0.0138231981545686,0.0
darcy,997,997,64,solver,solver_x_adv_training_target,0.4939919369935523,0.0077186240155242,129.55677047991034,loss1,"MSE(model(a_adv), model(a_clean).detach())",0,0,fixed clean model output; no solver in attack,binary_replace,binary_steepest_replace,1,0.0250519029796123,0.0250519029796123,0.0250519029796123,0.0250519029796123,0.0,5.816790462631616e-07,5.816790462631616e-07,1.5988838697467145e-08,1.2133837934413805e-08,-3.85500076305334e-09,2.001384049654007,9.0,2.013136386871338,181.0,0.0500346012413501,0.713600754737854,11584,1,1.0,11584,181.0,0.0,0.0138735808432102,0.0138735808432102,0.0
darcy,998,998,64,solver,solver_x_adv_training_target,0.4835141559888143,0.0075549086873252,132.3642735322119,loss1,"MSE(model(a_adv), model(a_clean).detach())",0,0,fixed clean model output; no solver in attack,binary_replace,binary_steepest_replace,1,0.0250519029796123,0.0250519029796123,0.0250519029796123,0.0250519029796123,0.0,5.991511216052459e-07,5.991511216052459e-07,1.6953475068248736e-08,1.4830916050811993e-08,-2.122559017436742e-09,2.0027680695056915,9.0,2.0138509273529053,181.0,0.0500692017376422,0.713313102722168,11584,1,1.0,11584,181.0,0.0,0.0138645330443978,0.0138645330443978,0.0
darcy,999,999,64,solver,solver_x_adv_training_target,0.4829416960128583,0.0075459640002009,132.5211729042671,loss1,"MSE(model(a_adv), model(a_clean).detach())",0,0,fixed clean model output; no solver in attack,binary_replace,binary_steepest_replace,1,0.0250519029796123,0.0250519029796123,0.0250519029796123,0.0250519029796123,0.0,5.794736921416188e-07,5.794736921416188e-07,1.9156910724404952e-08,1.7397708163002793e-08,-1.759202561402162e-09,2.0019030570983887,9.0,2.0134153366088867,181.0,0.0500475764274597,0.7110899686813354,11584,1,1.0,11584,181.0,0.0,0.0139068439602851,0.0139068439602851,0.0
darcy,1000,1000,64,solver,solver_x_adv_training_target,0.4827719570021145,0.007543311828158,132.5677663578949,loss1,"MSE(model(a_adv), model(a_clean).detach())",0,0,fixed clean model output; no solver in attack,binary_replace,binary_steepest_replace,1,0.0250519029796123,0.0250519029796123,0.0250519029796123,0.0250519029796123,0.0,5.749737965743407e-07,5.749737965743407e-07,1.5641601791571702e-08,1.2631062418222429e-08,-3.0105393733492747e-09,2.002595067024231,9.0,2.013763904571533,181.0,0.0500648766756057,0.707930326461792,11584,1,1.0,11584,181.0,0.0,0.013800342567265,0.013800342567265,0.0
