task,epoch,attack_global_step,optimizer_global_step,local_batch_idx,microbatch_idx,attack_batch_size,optimizer_batch_size,configured_optimizer_batch_size,train_loss_on_adv_microbatch,grad_norm,optimizer_wall_sec,cuda_allocated_mb,cuda_reserved_mb,cuda_peak_allocated_mb
darcy,1,1,1,1,1,64,32,32,6.116542294876126e-08,8.324458657385147e-05,0.2113524220185354,3624.24658203125,6912.0,4919.8623046875
darcy,1,1,2,1,2,64,32,32,2.1659873254975537e-06,0.0033861235652961,0.1150194049987476,3624.24658203125,7364.0,5242.60302734375
darcy,2,2,3,1,1,64,32,32,1.461877019437452e-07,0.0004670930865092,0.1145569479849655,3624.24658203125,8212.0,7631.0888671875
darcy,2,2,4,1,2,64,32,32,9.398876272825872e-07,0.0022048235660773,0.1140309039910789,3624.24658203125,8212.0,7631.0888671875
darcy,3,3,5,1,1,64,32,32,1.7303939330304274e-06,0.00306557477227,0.1142580370069481,3624.24658203125,8212.0,7631.44921875
darcy,3,3,6,1,2,64,32,32,7.695936119489488e-07,0.0019618574796959,0.1138260950101539,3624.24658203125,8212.0,7631.44921875
darcy,4,4,7,1,1,64,32,32,2.107226464431733e-07,0.0001163988276809,0.1147608720057178,3624.24658203125,8212.0,7631.44921875
darcy,4,4,8,1,2,64,32,32,4.227119632105314e-07,0.0011931818400286,0.1143950010009575,3624.24658203125,8212.0,7631.44921875
darcy,5,5,9,1,1,64,32,32,1.1753187436625012e-06,0.0024103902967214,0.1139210609835572,3624.24658203125,8212.0,7631.44921875
darcy,5,5,10,1,2,64,32,32,1.1371017762940028e-06,0.0023996758494374,0.1137388679780997,3624.24658203125,8212.0,7631.44921875
darcy,6,6,11,1,1,64,32,32,3.664631265110074e-07,0.0012902420827621,0.1148565940093249,3624.24658203125,8212.0,7631.44921875
darcy,6,6,12,1,2,64,32,32,9.489793484362965e-08,0.0001182358884347,0.1146016219863668,3624.24658203125,8212.0,7631.44921875
darcy,7,7,13,1,1,64,32,32,5.048535172136326e-07,0.0014557438762353,0.1148908160103019,3624.24658203125,8212.0,7631.48974609375
darcy,7,7,14,1,2,64,32,32,8.560400033275073e-07,0.0020097039805495,0.1147698009735904,3624.24658203125,8212.0,7631.48974609375
darcy,8,8,15,1,1,64,32,32,6.632495228586777e-07,0.0017635757251982,0.1150753079855348,3624.24658203125,8212.0,7631.48974609375
darcy,8,8,16,1,2,64,32,32,3.7204071645646763e-07,0.0012292380794636,0.1147054420143831,3624.24658203125,8212.0,7631.48974609375
darcy,9,9,17,1,1,64,32,32,1.846269270799894e-07,7.343239344042401e-05,0.1160367990087252,3624.24658203125,8212.0,7631.490234375
darcy,9,9,18,1,2,64,32,32,2.966663714687457e-07,0.0008128767277076,0.1157432010222692,3624.24658203125,8212.0,7631.490234375
darcy,10,10,19,1,1,64,32,32,5.693368052561709e-07,0.0015455294543798,0.1164191300049424,3624.24658203125,8212.0,7631.490234375
darcy,10,10,20,1,2,64,32,32,5.699976100004278e-07,0.0016074786168703,0.1161445030011236,3624.24658203125,8212.0,7631.490234375
darcy,11,11,21,1,1,64,32,32,2.922036514974025e-07,0.0011463078514875,0.116420576989185,3624.24658203125,8212.0,7631.490234375
darcy,11,11,22,1,2,64,32,32,1.0860023991199341e-07,0.0004760688736323,0.1163282119960058,3624.24658203125,8212.0,7631.490234375
darcy,12,12,23,1,1,64,32,32,2.212881469176864e-07,0.0007465391843736,0.1169161629804875,3624.24658203125,8212.0,7631.490234375
darcy,12,12,24,1,2,64,32,32,4.217100695314002e-07,0.0012442589017603,0.1161590990086551,3624.24658203125,8212.0,7631.490234375
darcy,13,13,25,1,1,64,32,32,4.355742646566796e-07,0.0013247911747047,0.116653014003532,3624.24658203125,8212.0,7631.490234375
darcy,13,13,26,1,2,64,32,32,2.973740720335627e-07,0.0010620436087894,0.1162287040206138,3624.24658203125,8212.0,7631.490234375
darcy,14,14,27,1,1,64,32,32,9.239708020913896e-08,0.0004198903846308,0.1168103480013087,3624.24658203125,8212.0,7631.490234375
darcy,14,14,28,1,2,64,32,32,6.317685574686038e-08,0.0001644145995662,0.1166710440011229,3624.24658203125,8212.0,7631.490234375
darcy,15,15,29,1,1,64,32,32,3.0223330327316944e-07,0.0010955901689606,0.1166452949983067,3624.24658203125,8212.0,7631.490234375
darcy,15,15,30,1,2,64,32,32,4.11530436394969e-07,0.0012993677079793,0.1162114960025064,3624.24658203125,8212.0,7631.490234375
darcy,16,16,31,1,1,64,32,32,2.909501404246839e-07,0.0010519406241952,0.1164175049925688,3624.24658203125,8212.0,7631.490234375
darcy,16,16,32,1,2,64,32,32,1.316176110321976e-07,0.0005479900018927,0.116103448002832,3624.24658203125,8212.0,7631.490234375
darcy,17,17,33,1,1,64,32,32,7.782434607861434e-08,0.0003797926482999,0.1166754040168598,3624.24658203125,8212.0,7631.490234375
darcy,17,17,34,1,2,64,32,32,2.0680838019870865e-07,0.0009035029806276,0.1162829350214451,3624.24658203125,8212.0,7631.490234375
darcy,18,18,35,1,1,64,32,32,2.99378314139176e-07,0.0011336617125907,0.1161648189881816,3624.24658203125,8212.0,7631.490234375
darcy,18,18,36,1,2,64,32,32,1.875741588719393e-07,0.0008420207581021,0.1159991509921383,3624.24658203125,8212.0,7631.490234375
darcy,19,19,37,1,1,64,32,32,1.0766052582766861e-07,0.0003811210417282,0.1168418389861472,3624.24658203125,8212.0,7631.490234375
darcy,19,19,38,1,2,64,32,32,7.161512627362755e-08,0.0001794145251301,0.1164288530126214,3624.24658203125,8212.0,7631.490234375
darcy,20,20,39,1,1,64,32,32,2.1841339048478406e-07,0.0009541641319169,0.1164192619908135,3624.24658203125,8212.0,7631.490234375
darcy,20,20,40,1,2,64,32,32,2.1768407520994518e-07,0.0009758703444035,0.1163857389765326,3624.24658203125,8212.0,7631.490234375
darcy,21,21,41,1,1,64,32,32,1.8584219674266933e-07,0.0008217213196152,0.1168926389946136,3624.24658203125,8212.0,7631.490234375
darcy,21,21,42,1,2,64,32,32,6.596047796847415e-08,0.0003212820018885,0.1165563760150689,3624.24658203125,8212.0,7631.490234375
darcy,22,22,43,1,1,64,32,32,9.929002686703825e-08,0.0005976305751038,0.1165744710015133,3624.24658203125,8212.0,7631.490234375
darcy,22,22,44,1,2,64,32,32,1.6277559211630432e-07,0.0008433555985299,0.1165426269872114,3624.24658203125,8212.0,7631.490234375
darcy,23,23,45,1,1,64,32,32,1.683231403148966e-07,0.0008511784060167,0.1143957799940835,3624.24658203125,8212.0,7631.490234375
darcy,23,23,46,1,2,64,32,32,1.0999075783502121e-07,0.0006247465446543,0.114275013009319,3624.24658203125,8212.0,7631.490234375
darcy,24,24,47,1,1,64,32,32,4.9171084981480824e-08,0.0001139118724614,0.116262753988849,3624.24658203125,8212.0,7631.490234375
darcy,24,24,48,1,2,64,32,32,8.388865069264284e-08,0.000405858963071,0.1145387239812407,3624.24658203125,8212.0,7631.490234375
darcy,25,25,49,1,1,64,32,32,1.764118735536613e-07,0.0008541937209185,0.1143278139934409,3624.24658203125,8212.0,7631.490234375
darcy,25,25,50,1,2,64,32,32,1.2842725993778006e-07,0.0007369348341672,0.1140536149905528,3624.24658203125,8212.0,7631.490234375
darcy,26,26,51,1,1,64,32,32,6.256969697915339e-08,0.00031364698222,0.1145355589978862,3624.24658203125,8212.0,7631.490234375
darcy,26,26,52,1,2,64,32,32,3.9025866982456137e-08,4.320334398790924e-05,0.1142976940027438,3624.24658203125,8212.0,7631.490234375
darcy,27,27,53,1,1,64,32,32,1.0764962610210205e-07,0.000668631031123,0.1144194679800421,3624.24658203125,8212.0,7631.490234375
darcy,27,27,54,1,2,64,32,32,1.6046972461936093e-07,0.000841709803662,0.1143788770132232,3624.24658203125,8212.0,7631.490234375
darcy,28,28,55,1,1,64,32,32,1.0337887346167919e-07,0.0006208794392397,0.1142478629772085,3624.24658203125,8212.0,7631.490234375
darcy,28,28,56,1,2,64,32,32,3.3187095738185235e-08,0.000138528224997,0.1140854989935178,3624.24658203125,8212.0,7631.490234375
darcy,29,29,57,1,1,64,32,32,1.277746122241297e-07,0.0006563680742415,0.1144770979881286,3624.24658203125,8212.0,7631.490234375
darcy,29,29,58,1,2,64,32,32,1.3551324684613064e-07,0.0007364694435347,0.1167284279945306,3624.24658203125,8212.0,7631.490234375
darcy,30,30,59,1,1,64,32,32,1.091680204012846e-07,0.0006150367646726,0.1142536090046633,3624.24658203125,8212.0,7631.490234375
darcy,30,30,60,1,2,64,32,32,5.633212296629608e-08,0.0003277740418433,0.1136184630158823,3624.24658203125,8212.0,7631.490234375
darcy,31,31,61,1,1,64,32,32,8.98856953313043e-08,0.0005266064464459,0.1140047720109578,3624.24658203125,8212.0,7631.490234375
darcy,31,31,62,1,2,64,32,32,1.0591401888859765e-07,0.0006375128098385,0.1137366009934339,3624.24658203125,8212.0,7631.490234375
darcy,32,32,63,1,1,64,32,32,1.212496414382258e-07,0.0006801000237275,0.114017915999284,3624.24658203125,8212.0,7631.490234375
darcy,32,32,64,1,2,64,32,32,4.928666186287956e-08,0.000353771939524,0.1138317199947778,3624.24658203125,8212.0,7631.490234375
darcy,33,33,65,1,1,64,32,32,5.93858686670501e-08,0.0003885935596883,0.1141433070006314,3624.24658203125,8212.0,7631.490234375
darcy,33,33,66,1,2,64,32,32,9.41742754889674e-08,0.0005317589454082,0.1137801980075892,3624.24658203125,8212.0,7631.490234375
darcy,34,34,67,1,1,64,32,32,1.0347749679340269e-07,0.0006290810715418,0.1140493350103497,3624.24658203125,8212.0,7631.490234375
darcy,34,34,68,1,2,64,32,32,8.15782499330453e-08,0.000457399434167,0.1138918180076871,3624.24658203125,8212.0,7631.490234375
darcy,35,35,69,1,1,64,32,32,5.1483180385503147e-08,0.0002818631218855,0.114234470995143,3624.24658203125,8212.0,7631.490234375
darcy,35,35,70,1,2,64,32,32,7.685226677267566e-08,0.000487187121044,0.1137562119984068,3624.24658203125,8212.0,7631.490234375
darcy,36,36,71,1,1,64,32,32,9.061846384383898e-08,0.0005724404361977,0.11408100798144,3624.24658203125,8212.0,7631.490234375
darcy,36,36,72,1,2,64,32,32,7.945966729039355e-08,0.0004864622907265,0.1140067580272443,3624.24658203125,8212.0,7631.490234375
darcy,37,37,73,1,1,64,32,32,4.6893436689288144e-08,0.000186195900102,0.1165286299947183,3624.24658203125,8212.0,7631.490234375
darcy,37,37,74,1,2,64,32,32,7.441109062256146e-08,0.0004072587481066,0.1159518739732448,3624.24658203125,8212.0,7631.490234375
darcy,38,38,75,1,1,64,32,32,1.1984393211150748e-07,0.0006525282372188,0.1166383499803487,3624.24658203125,8212.0,7631.490234375
darcy,38,38,76,1,2,64,32,32,6.949821340640483e-08,0.0004620465730765,0.1160521589918062,3624.24658203125,8212.0,7631.490234375
darcy,39,39,77,1,1,64,32,32,4.1837598274696575e-08,0.000198391983997,0.1163359550118912,3624.24658203125,8212.0,7631.490234375
darcy,39,39,78,1,2,64,32,32,6.486064307864582e-08,0.0004001421633735,0.1164908100035972,3624.24658203125,8212.0,7631.490234375
darcy,40,40,79,1,1,64,32,32,9.190207350684433e-08,0.0005923865830275,0.1166695430001709,3624.24658203125,8212.0,7631.490234375
darcy,40,40,80,1,2,64,32,32,6.702042298911692e-08,0.0004339481215369,0.1161789000034332,3624.24658203125,8212.0,7631.490234375
darcy,41,41,81,1,1,64,32,32,4.6464229797038576e-08,0.0001628551942811,0.116426066000713,3624.24658203125,8212.0,7631.490234375
darcy,41,41,82,1,2,64,32,32,6.467946178645434e-08,0.0004100596170896,0.116251422005007,3624.24658203125,8212.0,7631.490234375
darcy,42,42,83,1,1,64,32,32,1.0028212216184329e-07,0.0006053802728595,0.1166278460004832,3624.24658203125,8212.0,7631.490234375
darcy,42,42,84,1,2,64,32,32,6.463659474320593e-08,0.0004145109866947,0.1161662579979747,3624.24658203125,8212.0,7631.490234375
darcy,43,43,85,1,1,64,32,32,4.9171116955903926e-08,0.0003186479002058,0.1163049650203902,3624.24658203125,8212.0,7631.490234375
darcy,43,43,86,1,2,64,32,32,5.75528922297508e-08,0.0003666397233164,0.115858984994702,3624.24658203125,8212.0,7631.490234375
darcy,44,44,87,1,1,64,32,32,7.820123926194357e-08,0.0005089169144035,0.1164557110168971,3624.24658203125,8212.0,7631.490234375
darcy,44,44,88,1,2,64,32,32,4.9152607317637376e-08,0.000357850053075,0.1160778010089416,3624.24658203125,8212.0,7631.490234375
darcy,45,45,89,1,1,64,32,32,5.2444288911601695e-08,0.0002803546184156,0.1142144140030723,3624.24658203125,8212.0,7631.490234375
darcy,45,45,90,1,2,64,32,32,7.07437948221923e-08,0.000444456950679,0.1145028749888297,3624.24658203125,8212.0,7631.490234375
darcy,46,46,91,1,1,64,32,32,7.566802651126636e-08,0.0004666355322152,0.1144930470036342,3624.24658203125,8212.0,7631.490234375
darcy,46,46,92,1,2,64,32,32,5.0961922681835865e-08,0.0003242187721703,0.1140632019960321,3624.24658203125,8212.0,7631.490234375
darcy,47,47,93,1,1,64,32,32,6.054755630202635e-08,0.0003892484435013,0.1139809150190558,3624.24658203125,8212.0,7631.490234375
darcy,47,47,94,1,2,64,32,32,7.951179270548893e-08,0.0005169654545562,0.1137013910047244,3624.24658203125,8212.0,7631.490234375
darcy,48,48,95,1,1,64,32,32,6.59097594279956e-08,0.0004340608399698,0.1149834920070134,3624.24658203125,8212.0,7631.490234375
darcy,48,48,96,1,2,64,32,32,3.49189228643354e-08,0.0001972385301148,0.11433275899617,3624.24658203125,8212.0,7631.490234375
darcy,49,49,97,1,1,64,32,32,8.591295141968659e-08,0.0005148949767753,0.1147765580099076,3624.24658203125,8212.0,7631.490234375
darcy,49,49,98,1,2,64,32,32,9.74090639260794e-08,0.000583075312978,0.1141156900266651,3624.24658203125,8212.0,7631.490234375
darcy,50,50,99,1,1,64,32,32,5.952868775693788e-08,0.0003212630355518,0.1143039820017293,3624.24658203125,8212.0,7631.490234375
darcy,50,50,100,1,2,64,32,32,3.209943599813414e-08,6.048795587371506e-05,0.1139030850026756,3624.24658203125,8212.0,7631.490234375
darcy,51,51,101,1,1,64,32,32,9.557204094789996e-08,0.0005968161734921,0.1143975990125909,3624.24658203125,8212.0,7631.490234375
darcy,51,51,102,1,2,64,32,32,9.341262341422409e-08,0.0005843648693052,0.1144594890065491,3624.24658203125,8212.0,7631.490234375
darcy,52,52,103,1,1,64,32,32,3.9870247547924016e-08,0.0002360609948341,0.1144203459843993,3624.24658203125,8212.0,7631.490234375
darcy,52,52,104,1,2,64,32,32,3.5093385974960256e-08,1.557656708491599e-05,0.1140474640124011,3624.24658203125,8212.0,7631.490234375
darcy,53,53,105,1,1,64,32,32,1.0689338125757787e-07,0.000647320144655,0.1144230159989092,3624.24658203125,8212.0,7631.490234375
darcy,53,53,106,1,2,64,32,32,1.236209214994233e-07,0.0006856288410666,0.1143430680094752,3624.24658203125,8212.0,7631.490234375
darcy,54,54,107,1,1,64,32,32,3.897156375387567e-08,0.000186174795279,0.1146901239990256,3624.24658203125,8212.0,7631.490234375
darcy,54,54,108,1,2,64,32,32,4.713182022442197e-08,0.0001813568427779,0.1144546419964172,3624.24658203125,8212.0,7631.490234375
darcy,55,55,109,1,1,64,32,32,1.2213774880365236e-07,0.0007251876415692,0.1151502249995246,3624.24658203125,8212.0,7631.490234375
darcy,55,55,110,1,2,64,32,32,1.0819278628559915e-07,0.000642450672797,0.1144709080108441,3624.24658203125,8212.0,7631.490234375
darcy,56,56,111,1,1,64,32,32,3.5236386253245655e-08,0.0001185583043764,0.1147531490132678,3624.24658203125,8212.0,7631.490234375
darcy,56,56,112,1,2,64,32,32,5.201886921213372e-08,0.0002631367681524,0.1142897669924423,3624.24658203125,8212.0,7631.490234375
darcy,57,57,113,1,1,64,32,32,1.4604796660933064e-07,0.0007760178956637,0.1146214029868133,3624.24658203125,8212.0,7631.490234375
darcy,57,57,114,1,2,64,32,32,1.0581771903162009e-07,0.0006531522179931,0.1143687209987547,3624.24658203125,8212.0,7631.490234375
darcy,58,58,115,1,1,64,32,32,3.8704186522409145e-08,1.542325161322382e-05,0.1144119249947834,3624.24658203125,8212.0,7631.490234375
darcy,58,58,116,1,2,64,32,32,6.605088032074491e-08,0.0004355275804088,0.1142792660102713,3624.24658203125,8212.0,7631.490234375
darcy,59,59,117,1,1,64,32,32,1.3630801731778774e-07,0.0007737591262257,0.1143848759820684,3624.24658203125,8212.0,7631.490234375
darcy,59,59,118,1,2,64,32,32,8.084514746542483e-08,0.000530017905527,0.1142024709843099,3624.24658203125,8212.0,7631.490234375
darcy,60,60,119,1,1,64,32,32,3.484282373733549e-08,0.0001129362292935,0.114883340022061,3624.24658203125,8212.0,7631.490234375
darcy,60,60,120,1,2,64,32,32,9.02538985769752e-08,0.0005382514913143,0.1147269200009759,3624.24658203125,8212.0,7631.490234375
darcy,61,61,121,1,1,64,32,32,1.1860178972256109e-07,0.0007101554383342,0.1145033740031067,3624.24658203125,8212.0,7631.490234375
darcy,61,61,122,1,2,64,32,32,7.520834088836638e-08,0.00047493312898,0.114270349004073,3624.24658203125,8212.0,7631.490234375
darcy,62,62,123,1,1,64,32,32,5.869470953712153e-08,0.0004065777099642,0.1145128229982219,3624.24658203125,8212.0,7631.490234375
darcy,62,62,124,1,2,64,32,32,9.00862957564641e-08,0.0005805735074254,0.1141677809937391,3624.24658203125,8212.0,7631.490234375
darcy,63,63,125,1,1,64,32,32,8.667296924613765e-08,0.0005643938228814,0.1144114170165266,3624.24658203125,8212.0,7631.490234375
darcy,63,63,126,1,2,64,32,32,4.605045944572339e-08,0.0003210179151307,0.1144099569937679,3624.24658203125,8212.0,7631.490234375
darcy,64,64,127,1,1,64,32,32,9.680207568862897e-08,0.0005741519935012,0.1144907679990865,3624.24658203125,8212.0,7631.490234375
darcy,64,64,128,1,2,64,32,32,1.0290310825666893e-07,0.0006388146784403,0.1141424069937784,3624.24658203125,8212.0,7631.490234375
darcy,65,65,129,1,1,64,32,32,6.646100558782565e-08,0.0004361051797265,0.1144560289976652,3624.24658203125,8212.0,7631.490234375
darcy,65,65,130,1,2,64,32,32,3.471781440111954e-08,8.086339059607224e-05,0.1181907059799414,3624.24658203125,8212.0,7631.490234375
darcy,66,66,131,1,1,64,32,32,1.1382640252577406e-07,0.0006620604647877,0.1144393059948924,3624.24658203125,8212.0,7631.490234375
darcy,66,66,132,1,2,64,32,32,1.0937003480648857e-07,0.0006835916696779,0.1180638569931034,3624.24658203125,8212.0,7631.490234375
darcy,67,67,133,1,1,64,32,32,5.366402078266219e-08,0.0003316761422053,0.1163636989949736,3624.24658203125,8212.0,7631.490234375
darcy,67,67,134,1,2,64,32,32,3.3189614612183505e-08,0.0001486651542946,0.1162016380112618,3624.24658203125,8212.0,7631.490234375
darcy,68,68,135,1,1,64,32,32,1.471848634082562e-07,0.0008014415522367,0.1165246620075777,3624.24658203125,8212.0,7631.490234375
darcy,68,68,136,1,2,64,32,32,1.209934907819843e-07,0.0006810564692299,0.1159118089999537,3624.24658203125,8212.0,7631.490234375
darcy,69,69,137,1,1,64,32,32,4.0736470197089154e-08,0.0001053029839763,0.1164195439778268,3624.24658203125,8212.0,7631.490234375
darcy,69,69,138,1,2,64,32,32,5.537544467415501e-08,0.0003535145864283,0.1161808780161663,3624.24658203125,8212.0,7631.490234375
darcy,70,70,139,1,1,64,32,32,1.394364801399206e-07,0.0007665462615286,0.1163371319998987,3624.24658203125,8212.0,7631.490234375
darcy,70,70,140,1,2,64,32,32,9.882783302828103e-08,0.0006110152381592,0.1160169299982953,3624.24658203125,8212.0,7631.490234375
darcy,71,71,141,1,1,64,32,32,4.2303224034867526e-08,6.738628390022507e-05,0.1164481889863964,3624.24658203125,8212.0,7631.490234375
darcy,71,71,142,1,2,64,32,32,7.483313879674824e-08,0.0004771096511437,0.1163147700135596,3624.24658203125,8212.0,7631.490234375
darcy,72,72,143,1,1,64,32,32,1.444197863520458e-07,0.0007771380873507,0.1163130179920699,3624.24658203125,8212.0,7631.490234375
darcy,72,72,144,1,2,64,32,32,7.505509103111764e-08,0.0004891103743095,0.1158716579957399,3624.24658203125,8212.0,7631.490234375
darcy,73,73,145,1,1,64,32,32,5.484010756617864e-08,0.0003617587305657,0.1163842669920995,3624.24658203125,8212.0,7631.490234375
darcy,73,73,146,1,2,64,32,32,9.359433761346737e-08,0.0006034339977965,0.1160493770148605,3624.24658203125,8212.0,7631.490234375
darcy,74,74,147,1,1,64,32,32,1.1007096389903381e-07,0.0006608569741949,0.1166386000113561,3624.24658203125,8212.0,7631.490234375
darcy,74,74,148,1,2,64,32,32,3.4912979174350773e-08,0.0002133105214652,0.1162127369898371,3624.24658203125,8212.0,7631.490234375
darcy,75,75,149,1,1,64,32,32,9.383551713426641e-08,0.0005877647512181,0.1138924249971751,3624.24658203125,8212.0,7631.490234375
darcy,75,75,150,1,2,64,32,32,1.1415397693781416e-07,0.000682887116474,0.1135662510059773,3624.24658203125,8212.0,7631.490234375
darcy,76,76,151,1,1,64,32,32,6.23183993297971e-08,0.0003761888496732,0.1143876949790865,3624.24658203125,8212.0,7631.490234375
darcy,76,76,152,1,2,64,32,32,2.907684581998637e-08,2.12298374327704e-05,0.1141738579899538,3624.24658203125,8212.0,7631.490234375
darcy,77,77,153,1,1,64,32,32,1.1843708591641189e-07,0.0007092585001702,0.1146185719990171,3624.24658203125,8212.0,7631.490234375
darcy,77,77,154,1,2,64,32,32,1.1784180031781945e-07,0.0007083522558014,0.1141609020123723,3624.24658203125,8212.0,7631.490234375
darcy,78,78,155,1,1,64,32,32,3.8049286388286425e-08,0.0002007931417146,0.1143408929929137,3624.24658203125,8212.0,7631.490234375
darcy,78,78,156,1,2,64,32,32,4.0665351974666926e-08,0.0001918099765782,0.1141107900184579,3624.24658203125,8212.0,7631.490234375
darcy,79,79,157,1,1,64,32,32,1.4810828474765006e-07,0.0008080214512119,0.1147041959920898,3624.24658203125,8212.0,7631.490234375
darcy,79,79,158,1,2,64,32,32,1.18369868573609e-07,0.0006867688274398,0.1143499810132198,3624.24658203125,8212.0,7631.490234375
darcy,80,80,159,1,1,64,32,32,3.4404251891828614e-08,1.9406700014965177e-05,0.1170726320124231,3624.24658203125,8212.0,7631.490234375
darcy,80,80,160,1,2,64,32,32,6.944781461015738e-08,0.0004339494424785,0.1142398829979356,3624.24658203125,8212.0,7631.490234375
darcy,81,81,161,1,1,64,32,32,1.4554470340044645e-07,0.0007927577937654,0.1144750360108446,3624.24658203125,8212.0,7631.490234375
darcy,81,81,162,1,2,64,32,32,7.4749621603587e-08,0.0005152904234473,0.1138266669877339,3624.24658203125,8212.0,7631.490234375
darcy,82,82,163,1,1,64,32,32,4.6626457361753644e-08,0.0002655554539635,0.1145036109955981,3624.24658203125,8212.0,7631.490234375
darcy,82,82,164,1,2,64,32,32,8.987593247411496e-08,0.0005506692166464,0.1138823860092088,3624.24658203125,8212.0,7631.490234375
darcy,83,83,165,1,1,64,32,32,1.252776797855404e-07,0.0007154652823691,0.1168799540027976,3624.24658203125,8212.0,7631.490234375
darcy,83,83,166,1,2,64,32,32,5.277810188886178e-08,0.000342385882287,0.1147541370010003,3624.24658203125,8212.0,7631.490234375
darcy,84,84,167,1,1,64,32,32,8.34172269037481e-08,0.0005630451335687,0.1143825380131602,3624.24658203125,8212.0,7631.490234375
darcy,84,84,168,1,2,64,32,32,1.21403317621116e-07,0.0007203946743197,0.114083007996669,3624.24658203125,8212.0,7631.490234375
darcy,85,85,169,1,1,64,32,32,7.55727143086915e-08,0.000502617604324,0.1168298730044625,3624.24658203125,8212.0,7631.490234375
darcy,85,85,170,1,2,64,32,32,2.898934781114804e-08,2.9040291642291056e-05,0.1141274780093226,3624.24658203125,8212.0,7631.490234375
darcy,86,86,171,1,1,64,32,32,1.4545057069881298e-07,0.0008019113797601,0.1138690179795958,3624.24658203125,8212.0,7631.490234375
darcy,86,86,172,1,2,64,32,32,1.246907430640931e-07,0.0007111155981569,0.1141820669872686,3624.24658203125,8212.0,7631.490234375
darcy,87,87,173,1,1,64,32,32,4.7548709858347145e-08,0.0001897890544178,0.1144525429990608,3624.24658203125,8212.0,7631.490234375
darcy,87,87,174,1,2,64,32,32,3.702216844203576e-08,0.0001922658462579,0.1139614759886171,3624.24658203125,8212.0,7631.490234375
darcy,88,88,175,1,1,64,32,32,1.6428147375791013e-07,0.0008582336395988,0.114361126004951,3624.24658203125,8212.0,7631.490234375
darcy,88,88,176,1,2,64,32,32,9.537630774048013e-08,0.0006252908561244,0.1139462889987044,3624.24658203125,8212.0,7631.490234375
darcy,89,89,177,1,1,64,32,32,3.91609802363746e-08,1.318471418733718e-05,0.1143401500012259,3624.24658203125,8212.0,7631.490234375
darcy,89,89,178,1,2,64,32,32,6.504154015374297e-08,0.0004263366383357,0.1139180480095092,3624.24658203125,8212.0,7631.490234375
darcy,90,90,179,1,1,64,32,32,1.5506343231663777e-07,0.0008303811380651,0.114525177021278,3624.24658203125,8212.0,7631.490234375
darcy,90,90,180,1,2,64,32,32,7.45216084396816e-08,0.0005013138917133,0.1141206549946218,3624.24658203125,8212.0,7631.490234375
darcy,91,91,181,1,1,64,32,32,5.3139089573051024e-08,0.0003543212903696,0.1140122530050575,3624.24658203125,8212.0,7631.490234375
darcy,91,91,182,1,2,64,32,32,9.774724674116443e-08,0.0006230577836561,0.1161589540133718,3624.24658203125,8212.0,7631.490234375
darcy,92,92,183,1,1,64,32,32,9.746462836801585e-08,0.0006246983528883,0.1156626930169295,3624.24658203125,8212.0,7631.490234375
darcy,92,92,184,1,2,64,32,32,4.0382033716923615e-08,0.0002478953115845,0.1147841390047688,3624.24658203125,8212.0,7631.490234375
darcy,93,93,185,1,1,64,32,32,1.1431072266532285e-07,0.0006635245535882,0.1143461030151229,3624.24658203125,8212.0,7631.490234375
darcy,93,93,186,1,2,64,32,32,1.156653155476306e-07,0.0007000463142794,0.1139173829869832,3624.24658203125,8212.0,7631.490234375
darcy,94,94,187,1,1,64,32,32,5.78890677616073e-08,0.0003496458932249,0.114482475008117,3624.24658203125,8212.0,7631.490234375
darcy,94,94,188,1,2,64,32,32,3.4776075352738196e-08,9.655054334560648e-05,0.114241998991929,3624.24658203125,8212.0,7631.490234375
darcy,95,95,189,1,1,64,32,32,1.3629500017486862e-07,0.0007711438322524,0.114607302006334,3624.24658203125,8212.0,7631.490234375
darcy,95,95,190,1,2,64,32,32,1.139586203180443e-07,0.0006967603113727,0.114178896008525,3624.24658203125,8212.0,7631.490234375
darcy,96,96,191,1,1,64,32,32,3.753732613631655e-08,7.632057425069122e-05,0.1144918120116926,3624.24658203125,8212.0,7631.490234375
darcy,96,96,192,1,2,64,32,32,5.35721831340652e-08,0.0003421004236328,0.1141198679979424,3624.24658203125,8212.0,7631.490234375
darcy,97,97,193,1,1,64,32,32,1.5672463860028074e-07,0.0008366901089988,0.1140323269937653,3624.24658203125,8212.0,7631.490234375
darcy,97,97,194,1,2,64,32,32,9.6074685984604e-08,0.0005883515219236,0.1137532029824797,3624.24658203125,8212.0,7631.490234375
darcy,98,98,195,1,1,64,32,32,3.78559299463177e-08,0.0002357124136993,0.1142907259927596,3624.24658203125,8212.0,7631.490234375
darcy,98,98,196,1,2,64,32,32,1.1037343483621953e-07,0.0006418391931792,0.1139243170036934,3624.24658203125,8212.0,7631.490234375
darcy,99,99,197,1,1,64,32,32,1.1386496368004373e-07,0.0006729893875631,0.1145333439926616,3624.24658203125,8212.0,7631.490234375
darcy,99,99,198,1,2,64,32,32,4.7945061254495165e-08,0.0003276557435284,0.1140766599855851,3624.24658203125,8212.0,7631.490234375
darcy,100,100,199,1,1,64,32,32,8.881774959945687e-08,0.0005687343595582,0.1143196829943917,3624.24658203125,8212.0,7631.490234375
darcy,100,100,200,1,2,64,32,32,1.4055237329557713e-07,0.0007699872101206,0.1140539849875494,3624.24658203125,8212.0,7631.490234375
darcy,101,101,201,1,1,64,32,32,7.75554269694112e-08,0.0004680121932787,0.1150957990030292,3624.24658203125,8212.0,7631.490234375
darcy,101,101,202,1,2,64,32,32,3.0798162242717815e-08,4.277448341229248e-05,0.1145465440058615,3624.24658203125,8212.0,7631.490234375
darcy,102,102,203,1,1,64,32,32,1.432587737326685e-07,0.0008094801076616,0.1144997480150777,3624.24658203125,8212.0,7631.490234375
darcy,102,102,204,1,2,64,32,32,1.4285114957601766e-07,0.0007819459016009,0.1144975159841124,3624.24658203125,8212.0,7631.490234375
darcy,103,103,205,1,1,64,32,32,4.5326633113518255e-08,0.0001983525766994,0.1147865340171847,3624.24658203125,8212.0,7631.490234375
darcy,103,103,206,1,2,64,32,32,5.927165602770402e-08,0.0003726234786009,0.1139322810049634,3624.24658203125,8212.0,7631.490234375
darcy,104,104,207,1,1,64,32,32,1.674194720635569e-07,0.0008860900409603,0.1144054839969612,3624.24658203125,8212.0,7631.490234375
darcy,104,104,208,1,2,64,32,32,1.3742427995566686e-07,0.0007291344612866,0.1140078819880727,3624.24658203125,8212.0,7631.490234375
darcy,105,105,209,1,1,64,32,32,3.743483034668316e-08,0.0001571281758601,0.1187755309802014,3624.24658203125,8212.0,7631.490234375
darcy,105,105,210,1,2,64,32,32,1.1125696630642778e-07,0.0006630882128391,0.1145974399987608,3624.24658203125,8212.0,7631.490234375
darcy,106,106,211,1,1,64,32,32,1.5137770503770298e-07,0.0008089119374384,0.1144543229893315,3624.24658203125,8212.0,7631.490234375
darcy,106,106,212,1,2,64,32,32,5.9573149968628065e-08,0.000398123314776,0.1142647619999479,3624.24658203125,8212.0,7631.490234375
darcy,107,107,213,1,1,64,32,32,8.427021924717337e-08,0.000562901414384,0.1147351090039592,3624.24658203125,8212.0,7631.490234375
darcy,107,107,214,1,2,64,32,32,1.1191222881734578e-07,0.0006579949153088,0.1143918129964731,3624.24658203125,8212.0,7631.490234375
darcy,108,108,215,1,1,64,32,32,9.17421516533068e-08,0.0005475465515221,0.1143346659955568,3624.24658203125,8212.0,7631.490234375
darcy,108,108,216,1,2,64,32,32,3.26800737582289e-08,0.0001538733085045,0.1144776240107603,3624.24658203125,8212.0,7631.490234375
darcy,109,109,217,1,1,64,32,32,1.303745165159853e-07,0.0007676198245282,0.1146991770074237,3624.24658203125,8212.0,7631.490234375
darcy,109,109,218,1,2,64,32,32,1.3907951768032945e-07,0.0007799029649725,0.1142876840021926,3624.24658203125,8212.0,7631.490234375
darcy,110,110,219,1,1,64,32,32,4.640048700821353e-08,0.0002556411888977,0.1143412769888527,3624.24658203125,8212.0,7631.490234375
darcy,110,110,220,1,2,64,32,32,4.2574765046765606e-08,0.0001837417481756,0.1144579700194299,3624.24658203125,8212.0,7631.490234375
darcy,111,111,221,1,1,64,32,32,1.6821392989641026e-07,0.0008872543967217,0.1145499779959209,3624.24658203125,8212.0,7631.490234375
darcy,111,111,222,1,2,64,32,32,1.273140526336647e-07,0.0007203665319746,0.1143030209932476,3624.24658203125,8212.0,7631.490234375
darcy,112,112,223,1,1,64,32,32,3.5069120940534055e-08,6.693367346500852e-05,0.1146309030009433,3624.24658203125,8212.0,7631.490234375
darcy,112,112,224,1,2,64,32,32,8.0902296417662e-08,0.0005044208747825,0.1142993700050283,3624.24658203125,8212.0,7631.490234375
darcy,113,113,225,1,1,64,32,32,1.5057597124723546e-07,0.0008181039747541,0.1143358610279392,3624.24658203125,8212.0,7631.490234375
darcy,113,113,226,1,2,64,32,32,6.777162298021723e-08,0.0004605205971117,0.1142469549959059,3624.24658203125,8212.0,7631.490234375
darcy,114,114,227,1,1,64,32,32,6.296832566476951e-08,0.0004434333918128,0.1148086779867298,3624.24658203125,8212.0,7631.490234375
darcy,114,114,228,1,2,64,32,32,1.0554649776395308e-07,0.0006129051984072,0.1146974840085022,3624.24658203125,8212.0,7631.490234375
darcy,115,115,229,1,1,64,32,32,9.333934514188513e-08,0.0006071199350536,0.114643459994113,3624.24658203125,8212.0,7631.490234375
darcy,115,115,230,1,2,64,32,32,3.836100148646437e-08,0.0001471455903428,0.1143363809969741,3624.24658203125,8212.0,7631.490234375
darcy,116,116,231,1,1,64,32,32,1.1408934597056941e-07,0.0007040444662545,0.1146212230087257,3624.24658203125,8212.0,7631.490234375
darcy,116,116,232,1,2,64,32,32,1.2925525538776128e-07,0.0007405632816706,0.1144540650129783,3624.24658203125,8212.0,7631.490234375
darcy,117,117,233,1,1,64,32,32,4.7601290020793385e-08,0.0002975015011292,0.114485224999953,3624.24658203125,8212.0,7631.490234375
darcy,117,117,234,1,2,64,32,32,4.3074507516394085e-08,0.0002317069126502,0.1143906179931946,3624.24658203125,8212.0,7631.490234375
darcy,118,118,235,1,1,64,32,32,1.6764576571404177e-07,0.0008623210858433,0.1169631950033363,3624.24658203125,8212.0,7631.490234375
darcy,118,118,236,1,2,64,32,32,1.1671530586454537e-07,0.0006854495564261,0.1168705519812647,3624.24658203125,8212.0,7631.490234375
darcy,119,119,237,1,1,64,32,32,3.4578828689291186e-08,0.0001767955234667,0.1145325920078903,3624.24658203125,8212.0,7631.490234375
darcy,119,119,238,1,2,64,32,32,8.010237451117065e-08,0.0004997630502476,0.1143081100017298,3624.24658203125,8212.0,7631.490234375
darcy,120,120,239,1,1,64,32,32,1.3438706503166034e-07,0.000764744938295,0.114729155000532,3624.24658203125,8212.0,7631.490234375
darcy,120,120,240,1,2,64,32,32,5.326348073708687e-08,0.000356663514525,0.1145168809744063,3624.24658203125,8212.0,7631.490234375
darcy,121,121,241,1,1,64,32,32,7.338127261391493e-08,0.0004994486737244,0.1144359309982974,3624.24658203125,8212.0,7631.490234375
darcy,121,121,242,1,2,64,32,32,9.922592880684533e-08,0.0006161946099026,0.1139842880074866,3624.24658203125,8212.0,7631.490234375
darcy,122,122,243,1,1,64,32,32,6.660474127784255e-08,0.0004515821195908,0.1146427110070362,3624.24658203125,8212.0,7631.490234375
darcy,122,122,244,1,2,64,32,32,3.463526354607893e-08,0.0001492593232232,0.1144520759989973,3624.24658203125,8212.0,7631.490234375
darcy,123,123,245,1,1,64,32,32,1.085908252207446e-07,0.0006717802404623,0.114702552993549,3624.24658203125,8212.0,7631.490234375
darcy,123,123,246,1,2,64,32,32,1.397825286630905e-07,0.0007794995162737,0.1145216160221025,3624.24658203125,8212.0,7631.490234375
darcy,124,124,247,1,1,64,32,32,4.596841307602517e-08,0.0002797356137108,0.1144632830109912,3624.24658203125,8212.0,7631.490234375
darcy,124,124,248,1,2,64,32,32,4.7229960387085164e-08,0.0003019402057156,0.1145597100257873,3624.24658203125,8212.0,7631.490234375
darcy,125,125,249,1,1,64,32,32,1.8052092798370722e-07,0.000900990981533,0.114784032019088,3624.24658203125,8212.0,7631.490234375
darcy,125,125,250,1,2,64,32,32,1.0729030464062816e-07,0.0006443643598604,0.1146530819823965,3624.24658203125,8212.0,7631.490234375
darcy,126,126,251,1,1,64,32,32,3.9261326634232325e-08,0.0001806317471201,0.1145295629976317,3624.24658203125,8212.0,7631.490234375
darcy,126,126,252,1,2,64,32,32,9.741511064476073e-08,0.0006109830488289,0.1141555870126467,3624.24658203125,8212.0,7631.490234375
darcy,127,127,253,1,1,64,32,32,1.0918606108134556e-07,0.0006768516014827,0.1144165520090609,3624.24658203125,8212.0,7631.490234375
darcy,127,127,254,1,2,64,32,32,6.99969007200707e-08,0.0004269212038122,0.1143245860002935,3624.24658203125,8212.0,7631.490234375
darcy,128,128,255,1,1,64,32,32,8.693217523614295e-08,0.0005715827396674,0.1148685609805397,3624.24658203125,8212.0,7631.490234375
darcy,128,128,256,1,2,64,32,32,1.1164209468006449e-07,0.0006682902896551,0.1143874840054195,3624.24658203125,8212.0,7631.490234375
darcy,129,129,257,1,1,64,32,32,8.537318052503906e-08,0.0005553669208913,0.1146177890186663,3624.24658203125,8212.0,7631.490234375
darcy,129,129,258,1,2,64,32,32,3.6147746129699954e-08,2.6780390522663064e-05,0.114320079999743,3624.24658203125,8212.0,7631.490234375
darcy,130,130,259,1,1,64,32,32,1.435801380011981e-07,0.0008120572485332,0.1146200329822022,3624.24658203125,8212.0,7631.490234375
darcy,130,130,260,1,2,64,32,32,1.2370702506814268e-07,0.0007389447191345,0.1144385829975362,3624.24658203125,8212.0,7631.490234375
darcy,131,131,261,1,1,64,32,32,4.0381912924658536e-08,0.000138466620544,0.1146013530087657,3624.24658203125,8212.0,7631.490234375
darcy,131,131,262,1,2,64,32,32,5.5797467979346045e-08,0.0003555085014673,0.1146033270051702,3624.24658203125,8212.0,7631.490234375
darcy,132,132,263,1,1,64,32,32,1.600500638687663e-07,0.0008614044434313,0.1147126270225271,3624.24658203125,8212.0,7631.490234375
darcy,132,132,264,1,2,64,32,32,1.0266495564792423e-07,0.0006252790150972,0.1140695470094215,3624.24658203125,8212.0,7631.490234375
darcy,133,133,265,1,1,64,32,32,4.293463362614602e-08,0.0002611472277694,0.1144556080107577,3624.24658203125,8212.0,7631.490234375
darcy,133,133,266,1,2,64,32,32,1.199810810703639e-07,0.0007092736187263,0.1142568750074133,3624.24658203125,8212.0,7631.490234375
darcy,134,134,267,1,1,64,32,32,1.1227316321082981e-07,0.0006902322786874,0.1145591429958585,3624.24658203125,8212.0,7631.490234375
darcy,134,134,268,1,2,64,32,32,3.990156827171632e-08,0.0002743520279917,0.1144889800052624,3624.24658203125,8212.0,7631.490234375
darcy,135,135,269,1,1,64,32,32,1.082381615447048e-07,0.0006571053348175,0.1143562950019259,3624.24658203125,8212.0,7631.490234375
darcy,135,135,270,1,2,64,32,32,1.4848636453734798e-07,0.0008276210750019,0.1139886519813444,3624.24658203125,8212.0,7631.490234375
darcy,136,136,271,1,1,64,32,32,5.534142388796681e-08,0.0003589035123782,0.1147982059919741,3624.24658203125,8212.0,7631.490234375
darcy,136,136,272,1,2,64,32,32,3.4981336938244574e-08,0.0001359052456931,0.1142387160216458,3624.24658203125,8212.0,7631.490234375
darcy,137,137,273,1,1,64,32,32,1.5332815905821917e-07,0.0008394051926558,0.1142103069869335,3624.24658203125,8212.0,7631.490234375
darcy,137,137,274,1,2,64,32,32,1.325944651853206e-07,0.0007593548203787,0.1139917990076355,3624.24658203125,8212.0,7631.490234375
darcy,138,138,275,1,1,64,32,32,3.8539447189123166e-08,3.4182251635853795e-05,0.114763337012846,3624.24658203125,8212.0,7631.490234375
darcy,138,138,276,1,2,64,32,32,6.870138946624138e-08,0.0004562766072364,0.1143988360126968,3624.24658203125,8212.0,7631.490234375
darcy,139,139,277,1,1,64,32,32,1.669073697030399e-07,0.0008818781004651,0.1141355150029994,3624.24658203125,8212.0,7631.490234375
darcy,139,139,278,1,2,64,32,32,9.102711828745669e-08,0.0005656832204294,0.1136287180124782,3624.24658203125,8212.0,7631.490234375
darcy,140,140,279,1,1,64,32,32,5.84004347103928e-08,0.0003967314035206,0.1143519589968491,3624.24658203125,8212.0,7631.490234375
darcy,140,140,280,1,2,64,32,32,1.1870536553715286e-07,0.0007197162724734,0.1141876010224223,3624.24658203125,8212.0,7631.490234375
darcy,141,141,281,1,1,64,32,32,1.1410978117964989e-07,0.0006841512037145,0.1148008969903457,3624.24658203125,8212.0,7631.490234375
darcy,141,141,282,1,2,64,32,32,3.1513156528717445e-08,0.000125241104652,0.1148746700200717,3624.24658203125,8212.0,7631.490234375
darcy,142,142,283,1,1,64,32,32,1.290872972958823e-07,0.0007118185489264,0.1141199420089833,3624.24658203125,8212.0,7631.490234375
darcy,142,142,284,1,2,64,32,32,1.4851070773147512e-07,0.0008270393817619,0.1138347270025406,3624.24658203125,8212.0,7631.490234375
darcy,143,143,285,1,1,64,32,32,5.1285766744513246e-08,0.0003001011082266,0.1143248599837534,3624.24658203125,8212.0,7631.490234375
darcy,143,143,286,1,2,64,32,32,5.191751384359122e-08,0.0003028511465716,0.1136041969875805,3624.24658203125,8212.0,7631.490234375
darcy,144,144,287,1,1,64,32,32,1.7852063649570485e-07,0.0009141215494527,0.1142654840077739,3624.24658203125,8212.0,7631.490234375
darcy,144,144,288,1,2,64,32,32,9.596398342637259e-08,0.0006232262135102,0.1139941510045901,3624.24658203125,8212.0,7631.490234375
darcy,145,145,289,1,1,64,32,32,3.2660711468679444e-08,0.0001757070011767,0.1143196889897808,3624.24658203125,8212.0,7631.490234375
darcy,145,145,290,1,2,64,32,32,9.003678513863633e-08,0.0005319834028059,0.1140902460028883,3624.24658203125,8212.0,7631.490234375
darcy,146,146,291,1,1,64,32,32,1.5616177506672102e-07,0.0008129021549553,0.1142260319902561,3624.24658203125,8212.0,7631.490234375
darcy,146,146,292,1,2,64,32,32,4.241632112211846e-08,0.0003389491472869,0.1141628040059004,3624.24658203125,8212.0,7631.490234375
darcy,147,147,293,1,1,64,32,32,8.922138761136011e-08,0.0005892773833793,0.1142834630154538,3624.24658203125,8212.0,7631.490234375
darcy,147,147,294,1,2,64,32,32,1.2384712988477986e-07,0.0007311420172234,0.1137866690114606,3624.24658203125,8212.0,7631.490234375
darcy,148,148,295,1,1,64,32,32,6.375787364731877e-08,0.0004448560735066,0.1141507519932929,3624.24658203125,8212.0,7631.490234375
darcy,148,148,296,1,2,64,32,32,2.9928639122545064e-08,2.4990120223454167e-05,0.1138637860130984,3624.24658203125,8212.0,7631.490234375
darcy,149,149,297,1,1,64,32,32,1.626706875867967e-07,0.000829865905889,0.1144056149933021,3624.24658203125,8212.0,7631.490234375
darcy,149,149,298,1,2,64,32,32,1.2303630114729458e-07,0.0007331747910359,0.1138040400110185,3624.24658203125,8212.0,7631.490234375
darcy,150,150,299,1,1,64,32,32,4.1752166168862466e-08,4.818425834216397e-05,0.1142737700138241,3624.24658203125,8212.0,7631.490234375
darcy,150,150,300,1,2,64,32,32,6.221793569238798e-08,0.0003886884151822,0.1139521439909003,3624.24658203125,8212.0,7631.490234375
darcy,151,151,301,1,1,64,32,32,1.5492290117435914e-07,0.0008299495737526,0.1147731879900675,3624.24658203125,8212.0,7631.490234375
darcy,151,151,302,1,2,64,32,32,7.310531202620042e-08,0.0004990026758713,0.1141874129825737,3624.24658203125,8212.0,7631.490234375
darcy,152,152,303,1,1,64,32,32,4.9040842498016e-08,0.0003027851506521,0.1143368890043348,3624.24658203125,8212.0,7631.490234375
darcy,152,152,304,1,2,64,32,32,1.0269265260376417e-07,0.0006414614375296,0.1138297859870363,3624.24658203125,8212.0,7631.490234375
darcy,153,153,305,1,1,64,32,32,1.0645514691987047e-07,0.0006394964508336,0.1141406960086897,3624.24658203125,8212.0,7631.490234375
darcy,153,153,306,1,2,64,32,32,3.454685426618198e-08,0.0002146332988443,0.1137411289964802,3624.24658203125,8212.0,7631.490234375
darcy,154,154,307,1,1,64,32,32,1.0468298938803856e-07,0.00067035527596,0.1143755800148937,3624.24658203125,8212.0,7631.490234375
darcy,154,154,308,1,2,64,32,32,1.410445946703476e-07,0.000785532763311,0.1143683660193346,3624.24658203125,8212.0,7631.490234375
darcy,155,155,309,1,1,64,32,32,5.384555024079418e-08,0.0003297552771432,0.114059287996497,3624.24658203125,8212.0,7631.490234375
darcy,155,155,310,1,2,64,32,32,3.643530277486207e-08,0.0001956686030112,0.1139181659964378,3624.24658203125,8212.0,7631.490234375
darcy,156,156,311,1,1,64,32,32,1.8496696441161478e-07,0.0008954671918093,0.1142818270018324,3624.24658203125,8212.0,7631.490234375
darcy,156,156,312,1,2,64,32,32,1.1460265625373724e-07,0.0007024255822159,0.1138271770032588,3624.24658203125,8212.0,7631.490234375
darcy,157,157,313,1,1,64,32,32,3.630896472373024e-08,0.0001202364215202,0.1143221840029582,3624.24658203125,8212.0,7631.490234375
darcy,157,157,314,1,2,64,32,32,9.402387490808907e-08,0.0005912467244806,0.1139552980021108,3624.24658203125,8212.0,7631.490234375
darcy,158,158,315,1,1,64,32,32,1.3208095595018676e-07,0.0007600596936189,0.1143636199994944,3624.24658203125,8212.0,7631.490234375
darcy,158,158,316,1,2,64,32,32,5.677456726971287e-08,0.0003618872055241,0.1137999969942029,3624.24658203125,8212.0,7631.490234375
darcy,159,159,317,1,1,64,32,32,8.53274926271297e-08,0.0005526697533316,0.1143549309927038,3624.24658203125,8212.0,7631.490234375
darcy,159,159,318,1,2,64,32,32,1.169588514926545e-07,0.0007019720084657,0.11419169002329,3624.24658203125,8212.0,7631.490234375
darcy,160,160,319,1,1,64,32,32,5.2651476067921976e-08,0.0003812518183546,0.1142917270190082,3624.24658203125,8212.0,7631.490234375
darcy,160,160,320,1,2,64,32,32,3.257391512079266e-08,5.12086358238942e-05,0.1139993620163295,3624.24658203125,8212.0,7631.490234375
darcy,161,161,321,1,1,64,32,32,1.239894373838979e-07,0.0007492461092858,0.1146945690270513,3624.24658203125,8212.0,7631.490234375
darcy,161,161,322,1,2,64,32,32,1.2128994342219812e-07,0.0007132397456699,0.1143878879956901,3624.24658203125,8212.0,7631.490234375
darcy,162,162,323,1,1,64,32,32,4.084584048769102e-08,0.0001278706954467,0.1146415339899249,3624.24658203125,8212.0,7631.490234375
darcy,162,162,324,1,2,64,32,32,5.67572833176655e-08,0.0003757539425117,0.1142663530190475,3624.24658203125,8212.0,7631.490234375
darcy,163,163,325,1,1,64,32,32,1.5928709728996182e-07,0.0008481944774053,0.1141454660100862,3624.24658203125,8212.0,7631.490234375
darcy,163,163,326,1,2,64,32,32,8.853856314772203e-08,0.0005557955659983,0.113705405005021,3624.24658203125,8212.0,7631.490234375
darcy,164,164,327,1,1,64,32,32,4.9181306138734726e-08,0.0003651376215814,0.1143804950115736,3624.24658203125,8212.0,7631.490234375
darcy,164,164,328,1,2,64,32,32,1.1592362625378885e-07,0.0006852850785076,0.1144443689845502,3624.24658203125,8212.0,7631.490234375
darcy,165,165,329,1,1,64,32,32,9.702272052436457e-08,0.0006241327314414,0.1148366179841104,3624.24658203125,8212.0,7631.490234375
darcy,165,165,330,1,2,64,32,32,3.3324987214200525e-08,0.0001364341769348,0.1144132949993945,3624.24658203125,8212.0,7631.490234375
darcy,166,166,331,1,1,64,32,32,1.277851993108925e-07,0.0007527372181094,0.1147225250024348,3624.24658203125,8212.0,7631.490234375
darcy,166,166,332,1,2,64,32,32,1.1720110393298456e-07,0.0006939661046787,0.1147352579864673,3624.24658203125,8212.0,7631.490234375
darcy,167,167,333,1,1,64,32,32,3.9550918984332384e-08,0.0001591476664623,0.1145583069883287,3624.24658203125,8212.0,7631.490234375
darcy,167,167,334,1,2,64,32,32,3.96632984234202e-08,0.0002185638172205,0.1141998149978462,3624.24658203125,8212.0,7631.490234375
darcy,168,168,335,1,1,64,32,32,1.2168956686764434e-07,0.0007261970879921,0.1142863529967144,3624.24658203125,8212.0,7631.490234375
darcy,168,168,336,1,2,64,32,32,1.0281033979708809e-07,0.0006322058507149,0.1138599820260424,3624.24658203125,8212.0,7631.490234375
darcy,169,169,337,1,1,64,32,32,4.5005041471313234e-08,0.0001819554589059,0.1143994879967067,3624.24658203125,8212.0,7631.490234375
darcy,169,169,338,1,2,64,32,32,7.861147821586202e-08,0.0005239991844873,0.1142469960032031,3624.24658203125,8212.0,7631.490234375
darcy,170,170,339,1,1,64,32,32,1.2453917008770077e-07,0.0007088071879925,0.114253039995674,3624.24658203125,8212.0,7631.490234375
darcy,170,170,340,1,2,64,32,32,4.36307843187933e-08,0.000295712707487,0.1141633020015433,3624.24658203125,8212.0,7631.490234375
darcy,171,171,341,1,1,64,32,32,9.058126693162195e-08,0.0006002439990923,0.1139077990083023,3624.24658203125,8212.0,7631.490234375
darcy,171,171,342,1,2,64,32,32,1.1788312548333125e-07,0.0007137321342315,0.1139810570166446,3624.24658203125,8212.0,7631.490234375
darcy,172,172,343,1,1,64,32,32,5.3911790587335424e-08,0.0003669765460701,0.1143077060114592,3624.24658203125,8212.0,7631.490234375
darcy,172,172,344,1,2,64,32,32,3.3054554648970225e-08,0.0001288775588204,0.1138904659892432,3624.24658203125,8212.0,7631.490234375
darcy,173,173,345,1,1,64,32,32,1.500909689866603e-07,0.0008286917351099,0.1139458420220762,3624.24658203125,8212.0,7631.490234375
darcy,173,173,346,1,2,64,32,32,1.1927478738016364e-07,0.0006845866567942,0.1136084269965067,3624.24658203125,8212.0,7631.490234375
darcy,174,174,347,1,1,64,32,32,3.312285912215884e-08,9.45798498769464e-05,0.1141148719761986,3624.24658203125,8212.0,7631.490234375
darcy,174,174,348,1,2,64,32,32,9.283401425363993e-08,0.0005820416828582,0.1137282429845072,3624.24658203125,8212.0,7631.490234375
darcy,175,175,349,1,1,64,32,32,1.10843799916438e-07,0.0006879214280627,0.1143450959934853,3624.24658203125,8212.0,7631.490234375
darcy,175,175,350,1,2,64,32,32,5.7064013958552096e-08,0.0003905690130149,0.1139930890058167,3624.24658203125,8212.0,7631.490234375
darcy,176,176,351,1,1,64,32,32,8.605175594311731e-08,0.0005628176947448,0.1143075470172334,3624.24658203125,8212.0,7631.490234375
darcy,176,176,352,1,2,64,32,32,1.1685655465498713e-07,0.0007096078587848,0.114286327996524,3624.24658203125,8212.0,7631.490234375
darcy,177,177,353,1,1,64,32,32,6.712186717550139e-08,0.0004463290689106,0.1148053339857142,3624.24658203125,8212.0,7631.490234375
darcy,177,177,354,1,2,64,32,32,3.0834833353310394e-08,0.0001410784503316,0.1146029270021244,3624.24658203125,8212.0,7631.490234375
darcy,178,178,355,1,1,64,32,32,1.4850898821805458e-07,0.0008219292585839,0.1146470929961651,3624.24658203125,8212.0,7631.490234375
darcy,178,178,356,1,2,64,32,32,8.521293892727044e-08,0.0005951081131441,0.1143938300083391,3624.24658203125,8212.0,7631.490234375
darcy,179,179,357,1,1,64,32,32,3.0633525938128514e-08,1.9621196315172e-05,0.1146570279961451,3624.24658203125,8212.0,7631.490234375
darcy,179,179,358,1,2,64,32,32,8.21640924186795e-08,0.0005251036860189,0.1145698300097137,3624.24658203125,8212.0,7631.490234375
darcy,180,180,359,1,1,64,32,32,1.3011224098136154e-07,0.0007502263362151,0.1146604849782306,3624.24658203125,8212.0,7631.490234375
darcy,180,180,360,1,2,64,32,32,4.9920597433583687e-08,0.0003648423233296,0.1144408469845075,3624.24658203125,8212.0,7631.490234375
darcy,181,181,361,1,1,64,32,32,8.840031284762517e-08,0.0005693421270418,0.1144341310136951,3624.24658203125,8212.0,7631.490234375
darcy,181,181,362,1,2,64,32,32,1.1778121233874117e-07,0.0007259382898101,0.114163266000105,3624.24658203125,8212.0,7631.490234375
darcy,182,182,363,1,1,64,32,32,6.575433530997543e-08,0.0004557935676426,0.1151262389903422,3624.24658203125,8212.0,7631.490234375
darcy,182,182,364,1,2,64,32,32,2.8152179254448132e-08,0.0001404412659406,0.115201693988638,3624.24658203125,8212.0,7631.490234375
darcy,183,183,365,1,1,64,32,32,1.5808862485755529e-07,0.0008414637908294,0.1145758249913342,3624.24658203125,8212.0,7631.490234375
darcy,183,183,366,1,2,64,32,32,1.1551531997611165e-07,0.0006873382203666,0.1144005020032636,3624.24658203125,8212.0,7631.490234375
darcy,184,184,367,1,1,64,32,32,3.3043470182292374e-08,0.000108551774259,0.1147415910090785,3624.24658203125,8212.0,7631.490234375
darcy,184,184,368,1,2,64,32,32,7.859628681217147e-08,0.0004991525286496,0.1145571999950334,3624.24658203125,8212.0,7631.490234375
darcy,185,185,369,1,1,64,32,32,1.3427707301616465e-07,0.0007586970352261,0.1139202789927367,3624.24658203125,8212.0,7631.490234375
darcy,185,185,370,1,2,64,32,32,4.394077279812336e-08,0.0003110821058667,0.1139774720068089,3624.24658203125,8212.0,7631.490234375
darcy,186,186,371,1,1,64,32,32,7.93881866911761e-08,0.000520302161102,0.114440311997896,3624.24658203125,8212.0,7631.490234375
darcy,186,186,372,1,2,64,32,32,1.1687157552842109e-07,0.0006960913844571,0.114172105997568,3624.24658203125,8212.0,7631.490234375
darcy,187,187,373,1,1,64,32,32,5.121866664126173e-08,0.0003514129386959,0.1143174289900343,3624.24658203125,8212.0,7631.490234375
darcy,187,187,374,1,2,64,32,32,3.4618107491724004e-08,8.268617897161298e-05,0.1140634909970685,3624.24658203125,8212.0,7631.490234375
darcy,188,188,375,1,1,64,32,32,1.3273620425025e-07,0.0007601017899984,0.1148346289992332,3624.24658203125,8212.0,7631.490234375
darcy,188,188,376,1,2,64,32,32,8.848746801959352e-08,0.0005919784818919,0.1148754100140649,3624.24658203125,8212.0,7631.490234375
darcy,189,189,377,1,1,64,32,32,3.3160109325081066e-08,4.172282207546833e-05,0.1145744629902765,3624.24658203125,8212.0,7631.490234375
darcy,189,189,378,1,2,64,32,32,6.92059671791867e-08,0.0004520616285796,0.1143356190004851,3624.24658203125,8212.0,7631.490234375
darcy,190,190,379,1,1,64,32,32,1.236652593661347e-07,0.0007261629502766,0.1145890269835945,3624.24658203125,8212.0,7631.490234375
darcy,190,190,380,1,2,64,32,32,5.727845930891817e-08,0.0003714033852204,0.114377604011679,3624.24658203125,8212.0,7631.490234375
darcy,191,191,381,1,1,64,32,32,7.386869071979163e-08,0.0005116916137483,0.1144580020045396,3624.24658203125,8212.0,7631.490234375
darcy,191,191,382,1,2,64,32,32,1.1786629983134846e-07,0.0007178630613377,0.1142174669948872,3624.24658203125,8212.0,7631.490234375
darcy,192,192,383,1,1,64,32,32,6.243912054060274e-08,0.0004373925941301,0.1146431520173791,3624.24658203125,8212.0,7631.490234375
darcy,192,192,384,1,2,64,32,32,3.079581389897612e-08,9.033763960250014e-05,0.1141945290146395,3624.24658203125,8212.0,7631.490234375
darcy,193,193,385,1,1,64,32,32,1.400757838609934e-07,0.0007859678077121,0.1145330640138126,3624.24658203125,8212.0,7631.490234375
darcy,193,193,386,1,2,64,32,32,1.2755265288433293e-07,0.000732405214696,0.1142226590018253,3624.24658203125,8212.0,7631.490234375
darcy,194,194,387,1,1,64,32,32,3.2395870874779575e-08,7.980052250090755e-05,0.1142181979957968,3624.24658203125,8212.0,7631.490234375
darcy,194,194,388,1,2,64,32,32,7.989282835296764e-08,0.0004992784320479,0.1141182240098714,3624.24658203125,8212.0,7631.490234375
darcy,195,195,389,1,1,64,32,32,1.2776429514360646e-07,0.0007493600088365,0.1144492860184982,3624.24658203125,8212.0,7631.490234375
darcy,195,195,390,1,2,64,32,32,5.191182950170514e-08,0.0003597036556088,0.1141512840113136,3624.24658203125,8212.0,7631.490234375
darcy,196,196,391,1,1,64,32,32,7.691591719094505e-08,0.0005105581171094,0.1146357629913836,3624.24658203125,8212.0,7631.490234375
darcy,196,196,392,1,2,64,32,32,1.1164264179797101e-07,0.0006953486562042,0.114335909980582,3624.24658203125,8212.0,7631.490234375
darcy,197,197,393,1,1,64,32,32,5.430918648130501e-08,0.0003927435932525,0.114850337995449,3624.24658203125,8212.0,7631.490234375
darcy,197,197,394,1,2,64,32,32,3.368851864138378e-08,1.5852241965846705e-05,0.1146361339779105,3624.24658203125,8212.0,7631.490234375
darcy,198,198,395,1,1,64,32,32,1.1773481389809605e-07,0.0007344178139863,0.1147427879914175,3624.24658203125,8212.0,7631.490234375
darcy,198,198,396,1,2,64,32,32,1.3683042254797328e-07,0.000762006709913,0.1150799609895329,3624.24658203125,8212.0,7631.490234375
darcy,199,199,397,1,1,64,32,32,3.2199533706034345e-08,1.992616606274929e-05,0.1147206200112123,3624.24658203125,8212.0,7631.490234375
darcy,199,199,398,1,2,64,32,32,6.125019069713744e-08,0.000382929301745,0.1140661319950595,3624.24658203125,8212.0,7631.490234375
darcy,200,200,399,1,1,64,32,32,1.471099722039071e-07,0.0008245249607768,0.1146589590061921,3624.24658203125,8212.0,7631.490234375
darcy,200,200,400,1,2,64,32,32,7.791209100105334e-08,0.0004935648697858,0.1153850719856564,3624.24658203125,8212.0,7631.490234375
darcy,201,201,401,1,1,64,32,32,5.6880193000097285e-08,0.0004203031781371,0.1152411829971242,3624.24658203125,8212.0,7631.490234375
darcy,201,201,402,1,2,64,32,32,1.2921569236823416e-07,0.0007607470637895,0.1141647159820422,3624.24658203125,8212.0,7631.490234375
darcy,202,202,403,1,1,64,32,32,7.32957587956662e-08,0.0005039792749612,0.1145547859778162,3624.24658203125,8212.0,7631.490234375
darcy,202,202,404,1,2,64,32,32,3.0187450761332e-08,9.73800116156728e-05,0.1142740000213962,3624.24658203125,8212.0,7631.490234375
darcy,203,203,405,1,1,64,32,32,1.2631493007120298e-07,0.0007479272952944,0.1144332999829202,3624.24658203125,8212.0,7631.490234375
darcy,203,203,406,1,2,64,32,32,1.5322943625051266e-07,0.0008311458958233,0.1143714210193138,3624.24658203125,8212.0,7631.490234375
darcy,204,204,407,1,1,64,32,32,4.1906034198291315e-08,0.0001148486060269,0.1144947060092818,3624.24658203125,8212.0,7631.490234375
darcy,204,204,408,1,2,64,32,32,6.313042177907846e-08,0.000412026979962,0.1143617880006786,3624.24658203125,8212.0,7631.490234375
darcy,205,205,409,1,1,64,32,32,1.4534603565152793e-07,0.0008276223341964,0.1141864749952219,3624.24658203125,8212.0,7631.490234375
darcy,205,205,410,1,2,64,32,32,8.728232359089817e-08,0.0005633246864209,0.1142237659951206,3624.24658203125,8212.0,7631.490234375
darcy,206,206,411,1,1,64,32,32,5.679405390424108e-08,0.0004113117152977,0.1144552470068447,3624.24658203125,8212.0,7631.490234375
darcy,206,206,412,1,2,64,32,32,9.527511224405316e-08,0.000595763430408,0.1141432870062999,3624.24658203125,8212.0,7631.490234375
darcy,207,207,413,1,1,64,32,32,1.0102347403062597e-07,0.0006378938887281,0.1143421070009935,3624.24658203125,8212.0,7631.490234375
darcy,207,207,414,1,2,64,32,32,3.3764536055969074e-08,0.000180621160277,0.1140296869853045,3624.24658203125,8212.0,7631.490234375
darcy,208,208,415,1,1,64,32,32,1.1752339901249799e-07,0.000726260583034,0.1144163989811204,3624.24658203125,8212.0,7631.490234375
darcy,208,208,416,1,2,64,32,32,1.36788173676905e-07,0.0007782327003084,0.1139812740148045,3624.24658203125,8212.0,7631.490234375
darcy,209,209,417,1,1,64,32,32,5.093172461556605e-08,0.000288596744739,0.1142033439828082,3624.24658203125,8212.0,7631.490234375
darcy,209,209,418,1,2,64,32,32,5.242161904561726e-08,0.0003633775878407,0.114354404999176,3624.24658203125,8212.0,7631.490234375
darcy,210,210,419,1,1,64,32,32,1.7172671107346105e-07,0.0008901299044275,0.1142925489984918,3624.24658203125,8212.0,7631.490234375
darcy,210,210,420,1,2,64,32,32,1.064661176997106e-07,0.0006317869304993,0.1142324529937468,3624.24658203125,8212.0,7631.490234375
darcy,211,211,421,1,1,64,32,32,4.511652207384032e-08,0.000333602737131,0.1140980549971573,3624.24658203125,8212.0,7631.490234375
darcy,211,211,422,1,2,64,32,32,1.1141749922671806e-07,0.0006763298585701,0.1141585950099397,3624.24658203125,8212.0,7631.490234375
darcy,212,212,423,1,1,64,32,32,9.66822142345336e-08,0.0006175631503669,0.1164482139865867,3624.24658203125,8212.0,7631.490234375
darcy,212,212,424,1,2,64,32,32,4.214051685380582e-08,0.0002465447517751,0.1140411130036227,3624.24658203125,8212.0,7631.490234375
darcy,213,213,425,1,1,64,32,32,1.2300820628752265e-07,0.0007278913648755,0.1142854219942819,3624.24658203125,8212.0,7631.490234375
darcy,213,213,426,1,2,64,32,32,1.1713612479979929e-07,0.0007102345772339,0.1136935120157431,3624.24658203125,8212.0,7631.490234375
darcy,214,214,427,1,1,64,32,32,4.55507205288086e-08,0.0002167227584517,0.1145028449827805,3624.24658203125,8212.0,7631.490234375
darcy,214,214,428,1,2,64,32,32,3.7805008901159454e-08,0.0002023602105986,0.1141150550101883,3624.24658203125,8212.0,7631.490234375
darcy,215,215,429,1,1,64,32,32,1.3626934958210768e-07,0.0007859847484291,0.1144361870246939,3624.24658203125,8212.0,7631.490234375
darcy,215,215,430,1,2,64,32,32,8.976850551789539e-08,0.0005775495074548,0.1141250579967163,3624.24658203125,8212.0,7631.490234375
darcy,216,216,431,1,1,64,32,32,3.3424893075562074e-08,0.0001143469637377,0.1148793470056261,3624.24658203125,8212.0,7631.490234375
darcy,216,216,432,1,2,64,32,32,1.1115638898218096e-07,0.0006708591342106,0.114383515989175,3624.24658203125,8212.0,7631.490234375
darcy,217,217,433,1,1,64,32,32,9.699883918301566e-08,0.0006334782488982,0.1150158839882351,3624.24658203125,8212.0,7631.490234375
darcy,217,217,434,1,2,64,32,32,5.320091034377583e-08,0.0003227928937641,0.1145057569956407,3624.24658203125,8212.0,7631.490234375
darcy,218,218,435,1,1,64,32,32,1.0435303465783365e-07,0.0006774902987921,0.1154788990097586,3624.24658203125,8212.0,7631.490234375
darcy,218,218,436,1,2,64,32,32,1.3573922785781178e-07,0.0007735170960289,0.1154752440052107,3624.24658203125,8212.0,7631.490234375
darcy,219,219,437,1,1,64,32,32,5.3258677468193134e-08,0.0003588689555212,0.1146031919925008,3624.24658203125,8212.0,7631.490234375
darcy,219,219,438,1,2,64,32,32,3.577201823645737e-08,0.0001918482345614,0.1143947340024169,3624.24658203125,8212.0,7631.490234375
darcy,220,220,439,1,1,64,32,32,1.892984045070989e-07,0.00092630947198,0.1146468039951287,3624.24658203125,8212.0,7631.490234375
darcy,220,220,440,1,2,64,32,32,1.0849294795889365e-07,0.0006731908307653,0.1145412869809661,3624.24658203125,8212.0,7631.490234375
darcy,221,221,441,1,1,64,32,32,3.606102794151411e-08,0.0002027173482596,0.1146116640011314,3624.24658203125,8212.0,7631.490234375
darcy,221,221,442,1,2,64,32,32,9.492131169963615e-08,0.0005956812521062,0.1145439709944184,3624.24658203125,8212.0,7631.490234375
darcy,222,222,443,1,1,64,32,32,1.2276846916847717e-07,0.0007367764453943,0.1147516940254718,3624.24658203125,8212.0,7631.490234375
darcy,222,222,444,1,2,64,32,32,4.2535127420251235e-08,0.0002611395808971,0.1144114269991405,3624.24658203125,8212.0,7631.490234375
darcy,223,223,445,1,1,64,32,32,9.878463913537416e-08,0.0006263367005342,0.1145748610142618,3624.24658203125,8212.0,7631.490234375
darcy,223,223,446,1,2,64,32,32,1.217768641481598e-07,0.0007292296019795,0.1145418329979293,3624.24658203125,8212.0,7631.490234375
darcy,224,224,447,1,1,64,32,32,4.1337187894896494e-08,0.0002531477638206,0.1145668329845648,3624.24658203125,8212.0,7631.490234375
darcy,224,224,448,1,2,64,32,32,3.1832875890813745e-08,0.0001044911121354,0.114316143997712,3624.24658203125,8212.0,7631.490234375
darcy,225,225,449,1,1,64,32,32,1.4727334018971305e-07,0.0008272511655149,0.1143438970029819,3624.24658203125,8212.0,7631.490234375
darcy,225,225,450,1,2,64,32,32,8.213901736553454e-08,0.0005599210192209,0.1144351410039234,3624.24658203125,8212.0,7631.490234375
darcy,226,226,451,1,1,64,32,32,3.993735120388919e-08,0.0001570410893453,0.1147093450126703,3624.24658203125,8212.0,7631.490234375
darcy,226,226,452,1,2,64,32,32,7.042420691050212e-08,0.0004723172779756,0.1145036499947309,3624.24658203125,8212.0,7631.490234375
darcy,227,227,453,1,1,64,32,32,1.0468176725453304e-07,0.0006674374298257,0.1151273670257069,3624.24658203125,8212.0,7631.490234375
darcy,227,227,454,1,2,64,32,32,4.981914969448553e-08,0.0003194561302415,0.1144906010013073,3624.24658203125,8212.0,7631.490234375
darcy,228,228,455,1,1,64,32,32,9.162400971263197e-08,0.0006107381931172,0.1146101290069054,3624.24658203125,8212.0,7631.490234375
darcy,228,228,456,1,2,64,32,32,1.0889345958275953e-07,0.0006864116786984,0.1146327049937099,3624.24658203125,8212.0,7631.490234375
darcy,229,229,457,1,1,64,32,32,4.7767258593012236e-08,0.0003187817625099,0.1145713749865535,3624.24658203125,8212.0,7631.490234375
darcy,229,229,458,1,2,64,32,32,2.8731681922522512e-08,0.0001457351827088,0.1141957709915004,3624.24658203125,8212.0,7631.490234375
darcy,230,230,459,1,1,64,32,32,1.533877309611853e-07,0.0008328175870171,0.114881556975888,3624.24658203125,8212.0,7631.490234375
darcy,230,230,460,1,2,64,32,32,9.67374873539484e-08,0.0006092434230856,0.1142327720008324,3624.24658203125,8212.0,7631.490234375
darcy,231,231,461,1,1,64,32,32,3.341963861203112e-08,0.0001956695923325,0.114536359993508,3624.24658203125,8212.0,7631.490234375
darcy,231,231,462,1,2,64,32,32,9.006350154550091e-08,0.0005605076227573,0.1138761799957137,3624.24658203125,8212.0,7631.490234375
darcy,232,232,463,1,1,64,32,32,1.090177974560902e-07,0.0006668244156766,0.1144403319922275,3624.24658203125,8212.0,7631.490234375
darcy,232,232,464,1,2,64,32,32,3.4357398703832593e-08,0.000216290834529,0.1140272969787474,3624.24658203125,8212.0,7631.490234375
darcy,233,233,465,1,1,64,32,32,9.293142255728527e-08,0.0006012530258324,0.1146681630052626,3624.24658203125,8212.0,7631.490234375
darcy,233,233,466,1,2,64,32,32,1.302157812688165e-07,0.0007521890629896,0.1145169220108073,3624.24658203125,8212.0,7631.490234375
darcy,234,234,467,1,1,64,32,32,4.1962220365121545e-08,0.0002107883556921,0.1199109480076003,3624.24658203125,8212.0,7631.490234375
darcy,234,234,468,1,2,64,32,32,4.433176670204375e-08,0.0002707787340254,0.1149042969918809,3624.24658203125,8212.0,7631.490234375
darcy,235,235,469,1,1,64,32,32,1.339720085979934e-07,0.0007724195497788,0.1149065600184258,3624.24658203125,8212.0,7631.490234375
darcy,235,235,470,1,2,64,32,32,7.37706926656756e-08,0.0005157538435866,0.1185713110025972,3624.24658203125,8212.0,7631.490234375
darcy,236,236,471,1,1,64,32,32,4.0364042774854176e-08,0.0002361801714511,0.1190212980145588,3624.24658203125,8212.0,7631.490234375
darcy,236,236,472,1,2,64,32,32,1.0568260222498793e-07,0.0006447507881696,0.1150145519932266,3624.24658203125,8212.0,7631.490234375
darcy,237,237,473,1,1,64,32,32,1.0109734915886293e-07,0.0006210556724823,0.1145791370072402,3624.24658203125,8212.0,7631.490234375
darcy,237,237,474,1,2,64,32,32,2.8598751811159676e-08,0.0001220241554218,0.1146315659862011,3624.24658203125,8212.0,7631.490234375
darcy,238,238,475,1,1,64,32,32,1.1384044995566e-07,0.0007010878603419,0.114508630009368,3624.24658203125,8212.0,7631.490234375
darcy,238,238,476,1,2,64,32,32,1.2638339796922082e-07,0.0007360255473888,0.1141872149892151,3624.24658203125,8212.0,7631.490234375
darcy,239,239,477,1,1,64,32,32,3.9850533539720345e-08,0.0002012012254486,0.1147715430124662,3624.24658203125,8212.0,7631.490234375
darcy,239,239,478,1,2,64,32,32,4.530502195621011e-08,0.0003166405330099,0.1147377419983968,3624.24658203125,8212.0,7631.490234375
darcy,240,240,479,1,1,64,32,32,1.6073680342287846e-07,0.0008419759969848,0.1145801950187888,3624.24658203125,8212.0,7631.490234375
darcy,240,240,480,1,2,64,32,32,9.74951177568073e-08,0.0006048369499287,0.1138879030186217,3624.24658203125,8212.0,7631.490234375
darcy,241,241,481,1,1,64,32,32,4.6679055287768285e-08,0.0003419880397536,0.1140710769977886,3624.24658203125,8212.0,7631.490234375
darcy,241,241,482,1,2,64,32,32,1.1587616199904005e-07,0.0006941876183558,0.1141548010054975,3624.24658203125,8212.0,7631.490234375
darcy,242,242,483,1,1,64,32,32,9.60132027216787e-08,0.0006084427604081,0.1144512779719661,3624.24658203125,8212.0,7631.490234375
darcy,242,242,484,1,2,64,32,32,3.540557713677117e-08,0.0001289645464891,0.1143677819927688,3624.24658203125,8212.0,7631.490234375
darcy,243,243,485,1,1,64,32,32,1.2387732795104966e-07,0.000745772084087,0.1142189019883517,3624.24658203125,8212.0,7631.490234375
darcy,243,243,486,1,2,64,32,32,1.2507861413268986e-07,0.0007136274077673,0.1137224590056575,3624.24658203125,8212.0,7631.490234375
darcy,244,244,487,1,1,64,32,32,4.502868122813197e-08,0.0001909285670888,0.1143840060103684,3624.24658203125,8212.0,7631.490234375
darcy,244,244,488,1,2,64,32,32,5.8984934270256424e-08,0.000401528985243,0.1139564840123057,3624.24658203125,8212.0,7631.490234375
darcy,245,245,489,1,1,64,32,32,1.423865256811041e-07,0.0008004848940084,0.1143055369902867,3624.24658203125,8212.0,7631.490234375
darcy,245,245,490,1,2,64,32,32,7.068260998721598e-08,0.0004755874690878,0.1139119490107987,3624.24658203125,8212.0,7631.490234375
darcy,246,246,491,1,1,64,32,32,5.512298528742576e-08,0.0003540103630795,0.1143569379928521,3624.24658203125,8212.0,7631.490234375
darcy,246,246,492,1,2,64,32,32,9.262518574360001e-08,0.0005981685404935,0.114038920000894,3624.24658203125,8212.0,7631.490234375
darcy,247,247,493,1,1,64,32,32,9.774972653531223e-08,0.0006029511351473,0.114136285992572,3624.24658203125,8212.0,7631.490234375
darcy,247,247,494,1,2,64,32,32,2.9596854744795564e-08,0.0001253354850812,0.1141720610030461,3624.24658203125,8212.0,7631.490234375
darcy,248,248,495,1,1,64,32,32,1.210296716180892e-07,0.0007269411878493,0.1145737750048283,3624.24658203125,8212.0,7631.490234375
darcy,248,248,496,1,2,64,32,32,1.193212426642276e-07,0.0007308660669241,0.1143209860019851,3624.24658203125,8212.0,7631.490234375
darcy,249,249,497,1,1,64,32,32,4.286991384105932e-08,0.0002144212539054,0.1142532039957586,3624.24658203125,8212.0,7631.490234375
darcy,249,249,498,1,2,64,32,32,5.6331231235162704e-08,0.0003944608311719,0.1136543009779416,3624.24658203125,8212.0,7631.490234375
darcy,250,250,499,1,1,64,32,32,1.5805288455794653e-07,0.0008562726525224,0.1142963669844903,3624.24658203125,8212.0,7631.490234375
darcy,250,250,500,1,2,64,32,32,8.79019950161819e-08,0.0005461434319993,0.1139563100005034,3624.24658203125,8212.0,7631.490234375
darcy,251,251,501,1,1,64,32,32,6.007307007394047e-08,0.0004439538899015,0.1140889970120042,3624.24658203125,8212.0,7631.490234375
darcy,251,251,502,1,2,64,32,32,1.0635638858502717e-07,0.0006647158968695,0.113696254993556,3624.24658203125,8212.0,7631.490234375
darcy,252,252,503,1,1,64,32,32,7.451045291873015e-08,0.0005138657592166,0.1139820230018813,3624.24658203125,8212.0,7631.490234375
darcy,252,252,504,1,2,64,32,32,3.3875842575525894e-08,0.0001315003991799,0.1137530879932455,3624.24658203125,8212.0,7631.490234375
darcy,253,253,505,1,1,64,32,32,1.313364208499479e-07,0.0007627540575045,0.1139971329830586,3624.24658203125,8212.0,7631.490234375
darcy,253,253,506,1,2,64,32,32,1.158937834588869e-07,0.0007112555856499,0.1139127989881672,3624.24658203125,8212.0,7631.490234375
darcy,254,254,507,1,1,64,32,32,2.867087722790984e-08,6.78349437159704e-05,0.1141313279804308,3624.24658203125,8212.0,7631.490234375
darcy,254,254,508,1,2,64,32,32,6.522990503299297e-08,0.0003799622562956,0.1144700630102306,3624.24658203125,8212.0,7631.490234375
darcy,255,255,509,1,1,64,32,32,1.3583490954260924e-07,0.0007927226856869,0.1144450719875749,3624.24658203125,8212.0,7631.490234375
darcy,255,255,510,1,2,64,32,32,5.448571727129092e-08,0.0004045287189134,0.1135467030107975,3624.24658203125,8212.0,7631.490234375
darcy,256,256,511,1,1,64,32,32,5.89404933748483e-08,0.0004388308156265,0.1142425190191716,3624.24658203125,8212.0,7631.490234375
darcy,256,256,512,1,2,64,32,32,9.927144617449812e-08,0.0006212519729399,0.1140895700082182,3624.24658203125,8212.0,7631.490234375
darcy,257,257,513,1,1,64,32,32,5.893921439792394e-08,0.000434826123421,0.113952624000376,3624.24658203125,8212.0,7631.490234375
darcy,257,257,514,1,2,64,32,32,2.9235314613629274e-08,4.0107179537072425e-05,0.1137675130157731,3624.24658203125,8212.0,7631.490234375
darcy,258,258,515,1,1,64,32,32,1.2964267170900712e-07,0.000759340752567,0.114422973972978,3624.24658203125,8212.0,7631.490234375
darcy,258,258,516,1,2,64,32,32,8.409401175413224e-08,0.0005937568937759,0.1137526860111393,3624.24658203125,8212.0,7631.490234375
darcy,259,259,517,1,1,64,32,32,3.2636254587714575e-08,1.1861309574759367e-05,0.1147851929999888,3624.24658203125,8212.0,7631.490234375
darcy,259,259,518,1,2,64,32,32,5.3010239753348294e-08,0.0003901218091954,0.1151088140031788,3624.24658203125,8212.0,7631.490234375
darcy,260,260,519,1,1,64,32,32,1.2571932472837946e-07,0.0007368222900054,0.1145057239918969,3624.24658203125,8212.0,7631.490234375
darcy,260,260,520,1,2,64,32,32,5.0424976194562994e-08,0.0003758756733803,0.1139565670164302,3624.24658203125,8212.0,7631.490234375
darcy,261,261,521,1,1,64,32,32,6.732401658382514e-08,0.0004891299218656,0.1141497939825058,3624.24658203125,8212.0,7631.490234375
darcy,261,261,522,1,2,64,32,32,1.1911723163393617e-07,0.0007102652175691,0.1142591210082173,3624.24658203125,8212.0,7631.490234375
darcy,262,262,523,1,1,64,32,32,5.113102474751941e-08,0.0003895933478455,0.1141864319797605,3624.24658203125,8212.0,7631.490234375
darcy,262,262,524,1,2,64,32,32,2.8061712953331156e-08,8.228852130626589e-05,0.1137772780202794,3624.24658203125,8212.0,7631.490234375
darcy,263,263,525,1,1,64,32,32,1.4699834594011918e-07,0.0007984153376534,0.1141986169968731,3624.24658203125,8212.0,7631.490234375
darcy,263,263,526,1,2,64,32,32,1.1253584375481297e-07,0.0006773797511918,0.1137296599918045,3624.24658203125,8212.0,7631.490234375
darcy,264,264,527,1,1,64,32,32,3.7142029896131135e-08,0.0001898642066813,0.11405643998296,3624.24658203125,8212.0,7631.490234375
darcy,264,264,528,1,2,64,32,32,6.923075090981001e-08,0.0004636800755972,0.113677904009819,3624.24658203125,8212.0,7631.490234375
darcy,265,265,529,1,1,64,32,32,1.0229416602669517e-07,0.0006352042065086,0.1143488899979274,3624.24658203125,8212.0,7631.490234375
darcy,265,265,530,1,2,64,32,32,4.862240743364055e-08,0.0003240494667711,0.1139633520215284,3624.24658203125,8212.0,7631.490234375
darcy,266,266,531,1,1,64,32,32,6.97563180551697e-08,0.0005089688183425,0.1153331399837043,3624.24658203125,8212.0,7631.490234375
darcy,266,266,532,1,2,64,32,32,1.310265389520282e-07,0.0007269719289237,0.1140110740088857,3624.24658203125,8212.0,7631.490234375
darcy,267,267,533,1,1,64,32,32,4.751179005779704e-08,0.0002985988153842,0.1141023359959945,3624.24658203125,8212.0,7631.490234375
darcy,267,267,534,1,2,64,32,32,3.664461800667596e-08,0.0001863268229017,0.1139484099985566,3624.24658203125,8212.0,7631.490234375
darcy,268,268,535,1,1,64,32,32,1.2998215481729858e-07,0.0007488920368581,0.1149719709937926,3624.24658203125,8212.0,7631.490234375
darcy,268,268,536,1,2,64,32,32,8.402847129218571e-08,0.0005589086183081,0.1143572240252979,3624.24658203125,8212.0,7631.490234375
darcy,269,269,537,1,1,64,32,32,3.7161210997282985e-08,0.0002001222341557,0.1145842170226387,3624.24658203125,8212.0,7631.490234375
darcy,269,269,538,1,2,64,32,32,8.010314189732527e-08,0.0005072379734018,0.113839147001272,3624.24658203125,8212.0,7631.490234375
darcy,270,270,539,1,1,64,32,32,9.705670578341596e-08,0.0006067543343479,0.11425141300424,3624.24658203125,8212.0,7631.490234375
darcy,270,270,540,1,2,64,32,32,4.6035033562930046e-08,0.0002956487552643,0.1140803220041561,3624.24658203125,8212.0,7631.490234375
darcy,271,271,541,1,1,64,32,32,9.694564795381667e-08,0.0006405308458011,0.1144556569925043,3624.24658203125,8212.0,7631.490234375
darcy,271,271,542,1,2,64,32,32,1.1721497372718662e-07,0.0007021467872357,0.1141681930166669,3624.24658203125,8212.0,7631.490234375
darcy,272,272,543,1,1,64,32,32,4.8177657419046234e-08,0.0003002437879223,0.114367079018848,3624.24658203125,8212.0,7631.490234375
darcy,272,272,544,1,2,64,32,32,4.044237655875804e-08,0.0002497732471204,0.1139828849991317,3624.24658203125,8212.0,7631.490234375
darcy,273,273,545,1,1,64,32,32,1.6086485743471712e-07,0.0008386192011861,0.1140581950021442,3624.24658203125,8212.0,7631.490234375
darcy,273,273,546,1,2,64,32,32,8.888852676136595e-08,0.0005831194950583,0.1141181449929717,3624.24658203125,8212.0,7631.490234375
darcy,274,274,547,1,1,64,32,32,4.6275065557210844e-08,0.0003410762649979,0.1147347420046571,3624.24658203125,8212.0,7631.490234375
darcy,274,274,548,1,2,64,32,32,8.648809313172023e-08,0.0005646581274555,0.1140786520263645,3624.24658203125,8212.0,7631.490234375
darcy,275,275,549,1,1,64,32,32,9.095341368947629e-08,0.0005839915609487,0.1144355930155143,3624.24658203125,8212.0,7631.490234375
darcy,275,275,550,1,2,64,32,32,3.3751849315422084e-08,0.0001346945091354,0.1143192700110375,3624.24658203125,8212.0,7631.490234375
darcy,276,276,551,1,1,64,32,32,1.044213817635864e-07,0.0006614030464202,0.1146782299911137,3624.24658203125,8212.0,7631.490234375
darcy,276,276,552,1,2,64,32,32,1.117680525908327e-07,0.0006874883167336,0.1139391289907507,3624.24658203125,8212.0,7631.490234375
darcy,277,277,553,1,1,64,32,32,3.631920009183887e-08,0.0001143301761453,0.1148367089917883,3624.24658203125,8212.0,7631.490234375
darcy,277,277,554,1,2,64,32,32,6.043362787977459e-08,0.0003904857461147,0.114456502982648,3624.24658203125,8212.0,7631.490234375
darcy,278,278,555,1,1,64,32,32,1.2129322612963733e-07,0.0007343449080764,0.1147301780001726,3624.24658203125,8212.0,7631.490234375
darcy,278,278,556,1,2,64,32,32,5.373296829702667e-08,0.0003677745003628,0.1143995610182173,3624.24658203125,8212.0,7631.490234375
darcy,279,279,557,1,1,64,32,32,5.550162995859864e-08,0.0003642021628968,0.114947210997343,3624.24658203125,8212.0,7631.490234375
darcy,279,279,558,1,2,64,32,32,1.0842362030416552e-07,0.0006846662392549,0.1144171339983586,3624.24658203125,8212.0,7631.490234375
darcy,280,280,559,1,1,64,32,32,5.999796570677063e-08,0.0004184878307281,0.1145767259877175,3624.24658203125,8212.0,7631.490234375
darcy,280,280,560,1,2,64,32,32,2.8275529473376082e-08,1.303022503020818e-05,0.114533454994671,3624.24658203125,8212.0,7631.490234375
darcy,281,281,561,1,1,64,32,32,1.133178386680811e-07,0.0007182092716997,0.1144742210162803,3624.24658203125,8212.0,7631.490234375
darcy,281,281,562,1,2,64,32,32,1.2086321987681006e-07,0.0007165386249627,0.1143302840064279,3624.24658203125,8212.0,7631.490234375
darcy,282,282,563,1,1,64,32,32,3.0720737953515715e-08,1.5532874413421176e-05,0.1144472800078801,3624.24658203125,8212.0,7631.490234375
darcy,282,282,564,1,2,64,32,32,7.256677037048577e-08,0.0004700608171079,0.1140460100141353,3624.24658203125,8212.0,7631.490234375
darcy,283,283,565,1,1,64,32,32,1.5495784566610382e-07,0.0008301364131307,0.1146351599891204,3624.24658203125,8212.0,7631.490234375
darcy,283,283,566,1,2,64,32,32,4.8554401388400954e-08,0.0003503036891227,0.1143471559917088,3624.24658203125,8212.0,7631.490234375
darcy,284,284,567,1,1,64,32,32,7.401904866810582e-08,0.0005317062703631,0.1148915380181279,3624.24658203125,8212.0,7631.490234375
darcy,284,284,568,1,2,64,32,32,1.2740235888486498e-07,0.0007532691226319,0.1142037679965142,3624.24658203125,8212.0,7631.490234375
darcy,285,285,569,1,1,64,32,32,6.184232859141049e-08,0.0004324183471741,0.1147857900068629,3624.24658203125,8212.0,7631.490234375
darcy,285,285,570,1,2,64,32,32,3.2623152179667165e-08,0.0001566504048596,0.114415212010499,3624.24658203125,8212.0,7631.490234375
darcy,286,286,571,1,1,64,32,32,1.567582472716822e-07,0.0008515524246186,0.1147585819999221,3624.24658203125,8212.0,7631.490234375
darcy,286,286,572,1,2,64,32,32,1.0701327823881003e-07,0.0006543104911761,0.1141409540141467,3624.24658203125,8212.0,7631.490234375
darcy,287,287,573,1,1,64,32,32,3.9273082563795476e-08,0.0002380524885013,0.1145915500237606,3624.24658203125,8212.0,7631.490234375
darcy,287,287,574,1,2,64,32,32,8.29182909001247e-08,0.0005552407423198,0.1143827649939339,3624.24658203125,8212.0,7631.490234375
darcy,288,288,575,1,1,64,32,32,9.161595215800845e-08,0.0006269471064125,0.1147792050032876,3624.24658203125,8212.0,7631.490234375
darcy,288,288,576,1,2,64,32,32,3.816898441755257e-08,0.000231230688832,0.1141235349932685,3624.24658203125,8212.0,7631.490234375
darcy,289,289,577,1,1,64,32,32,8.94471767765026e-08,0.0006076658807299,0.1146179069764912,3624.24658203125,8212.0,7631.490234375
darcy,289,289,578,1,2,64,32,32,1.307488872726026e-07,0.0007547196208217,0.1142276750179007,3624.24658203125,8212.0,7631.490234375
darcy,290,290,579,1,1,64,32,32,3.0993650312893806e-08,0.0001643721076214,0.1197921610146295,3624.24658203125,8212.0,7631.490234375
darcy,290,290,580,1,2,64,32,32,4.4596156101306406e-08,0.0002569395180882,0.1197553160018287,3624.24658203125,8212.0,7631.490234375
darcy,291,291,581,1,1,64,32,32,1.380456779997985e-07,0.0007949479138753,0.1165586879942566,3624.24658203125,8212.0,7631.490234375
darcy,291,291,582,1,2,64,32,32,6.434524379983486e-08,0.0004738711641189,0.11605739602237,3624.24658203125,8212.0,7631.490234375
darcy,292,292,583,1,1,64,32,32,4.921990992556857e-08,0.0003056121525902,0.1164263719983864,3624.24658203125,8212.0,7631.490234375
darcy,292,292,584,1,2,64,32,32,9.16300351150312e-08,0.0006061576210003,0.1160732870048377,3624.24658203125,8212.0,7631.490234375
darcy,293,293,585,1,1,64,32,32,7.842643867661536e-08,0.0005530645676675,0.1164273349859286,3624.24658203125,8212.0,7631.490234375
darcy,293,293,586,1,2,64,32,32,3.0853492205551454e-08,9.887073139256906e-05,0.1161897139973007,3624.24658203125,8212.0,7631.490234375
darcy,294,294,587,1,1,64,32,32,1.1241966291208882e-07,0.0006891550477056,0.1166727319941856,3624.24658203125,8212.0,7631.490234375
darcy,294,294,588,1,2,64,32,32,1.2452323971956505e-07,0.0007271586808138,0.1165620120009407,3624.24658203125,8212.0,7631.490234375
darcy,295,295,589,1,1,64,32,32,3.3085271411437134e-08,0.0001057165278458,0.1166167039773427,3624.24658203125,8212.0,7631.490234375
darcy,295,295,590,1,2,64,32,32,4.469915282356851e-08,0.0003157845828372,0.1164741280081216,3624.24658203125,8212.0,7631.490234375
darcy,296,296,591,1,1,64,32,32,1.45032473142237e-07,0.0007978066584174,0.1166467310104053,3624.24658203125,8212.0,7631.490234375
darcy,296,296,592,1,2,64,32,32,9.356965335882705e-08,0.0005851358147523,0.1158644199895206,3624.24658203125,8212.0,7631.490234375
darcy,297,297,593,1,1,64,32,32,5.2499657954285794e-08,0.0004038709497665,0.1165814099949784,3624.24658203125,8212.0,7631.490234375
darcy,297,297,594,1,2,64,32,32,1.1966821489295398e-07,0.0007032545043559,0.1162343960022553,3624.24658203125,8212.0,7631.490234375
darcy,298,298,595,1,1,64,32,32,8.418976449320327e-08,0.0005369509616812,0.1163993689988274,3624.24658203125,8212.0,7631.490234375
darcy,298,298,596,1,2,64,32,32,3.0575055376402815e-08,8.719619773885454e-05,0.1167836219829041,3624.24658203125,8212.0,7631.490234375
darcy,299,299,597,1,1,64,32,32,1.3756391581409846e-07,0.000771643018602,0.1169824569951742,3624.24658203125,8212.0,7631.490234375
darcy,299,299,598,1,2,64,32,32,1.2059622633842082e-07,0.0007121643354018,0.1162819360033609,3624.24658203125,8212.0,7631.490234375
darcy,300,300,599,1,1,64,32,32,3.4909746204903065e-08,5.1358532145058174e-05,0.1166616060072556,3624.24658203125,8212.0,7631.490234375
darcy,300,300,600,1,2,64,32,32,4.8213934178420466e-08,0.0003019373657918,0.1161030879884492,3624.24658203125,8212.0,7631.490234375
darcy,301,301,601,1,1,64,32,32,1.094436470339133e-07,0.000676741685061,0.1166326989769004,3624.24658203125,8212.0,7631.490234375
darcy,301,301,602,1,2,64,32,32,6.638875760245355e-08,0.0004377057229034,0.1164635559835005,3624.24658203125,8212.0,7631.490234375
darcy,302,302,603,1,1,64,32,32,5.3643272934778e-08,0.0003614333421951,0.114549933001399,3624.24658203125,8212.0,7631.490234375
darcy,302,302,604,1,2,64,32,32,9.669948042301257e-08,0.0006121084339822,0.1142662790080066,3624.24658203125,8212.0,7631.490234375
darcy,303,303,605,1,1,64,32,32,7.76574182737022e-08,0.0004865302740771,0.1144896890036761,3624.24658203125,8212.0,7631.490234375
darcy,303,303,606,1,2,64,32,32,2.5623913657568664e-08,1.9065451637499576e-05,0.1142280980129726,3624.24658203125,8212.0,7631.490234375
darcy,304,304,607,1,1,64,32,32,1.221803103135244e-07,0.0007421060487456,0.1149820680147968,3624.24658203125,8212.0,7631.490234375
darcy,304,304,608,1,2,64,32,32,9.74355103267044e-08,0.0006239544094683,0.1143511580012273,3624.24658203125,8212.0,7631.490234375
darcy,305,305,609,1,1,64,32,32,3.528091596649574e-08,2.6664491263467115e-05,0.1149031200038734,3624.24658203125,8212.0,7631.490234375
darcy,305,305,610,1,2,64,32,32,7.664608858704014e-08,0.0005013971180201,0.1150022540241479,3624.24658203125,8212.0,7631.490234375
darcy,306,306,611,1,1,64,32,32,1.280205026432668e-07,0.0007439059439002,0.1142483229923527,3624.24658203125,8212.0,7631.490234375
darcy,306,306,612,1,2,64,32,32,5.857850027268797e-08,0.0003643497926359,0.1138582540152128,3624.24658203125,8212.0,7631.490234375
darcy,307,307,613,1,1,64,32,32,8.282958674499241e-08,0.0005880581925443,0.1145307240076363,3624.24658203125,8212.0,7631.490234375
darcy,307,307,614,1,2,64,32,32,1.2253062209310886e-07,0.000730347560506,0.1144689749926328,3624.24658203125,8212.0,7631.490234375
darcy,308,308,615,1,1,64,32,32,5.4253671777360075e-08,0.0003545974397614,0.1142009530158247,3624.24658203125,8212.0,7631.490234375
darcy,308,308,616,1,2,64,32,32,3.1313739157212694e-08,0.0001228001591922,0.1139530150103382,3624.24658203125,8212.0,7631.490234375
darcy,309,309,617,1,1,64,32,32,1.4567488904049244e-07,0.0008275123954181,0.1171319459972437,3624.24658203125,8212.0,7631.490234375
darcy,309,309,618,1,2,64,32,32,1.1407378508465629e-07,0.000666512972512,0.1169179340067785,3624.24658203125,8212.0,7631.490234375
darcy,310,310,619,1,1,64,32,32,3.731118169980618e-08,0.0001982906096406,0.1144574100035242,3624.24658203125,8212.0,7631.490234375
darcy,310,310,620,1,2,64,32,32,9.274681644910745e-08,0.0005927250464055,0.1142655519943218,3624.24658203125,8212.0,7631.490234375
darcy,311,311,621,1,1,64,32,32,9.513010468253925e-08,0.0006258971481566,0.1142552510136738,3624.24658203125,8212.0,7631.490234375
darcy,311,311,622,1,2,64,32,32,3.966095718510587e-08,0.0002460315216631,0.1142350290028844,3624.24658203125,8212.0,7631.490234375
darcy,312,312,623,1,1,64,32,32,9.258712196924537e-08,0.0006208072468533,0.1143249059969093,3624.24658203125,8212.0,7631.490234375
darcy,312,312,624,1,2,64,32,32,1.289507167712145e-07,0.0007501201370741,0.1141862790100276,3624.24658203125,8212.0,7631.490234375
darcy,313,313,625,1,1,64,32,32,3.8716343908618e-08,0.0002168269110094,0.1142503810115158,3624.24658203125,8212.0,7631.490234375
darcy,313,313,626,1,2,64,32,32,5.04940018686284e-08,0.0003209794247484,0.1140570860006846,3624.24658203125,8212.0,7631.490234375
darcy,314,314,627,1,1,64,32,32,1.3137338328306214e-07,0.000770282138922,0.1145131879893597,3624.24658203125,8212.0,7631.490234375
darcy,314,314,628,1,2,64,32,32,7.347878749897063e-08,0.0005129259680623,0.1141620420094113,3624.24658203125,8212.0,7631.490234375
darcy,315,315,629,1,1,64,32,32,4.5123023539872527e-08,0.0003251810347168,0.1143938019813504,3624.24658203125,8212.0,7631.490234375
darcy,315,315,630,1,2,64,32,32,1.030122831480185e-07,0.00063197099134,0.1141398879990447,3624.24658203125,8212.0,7631.490234375
darcy,316,316,631,1,1,64,32,32,8.858128097699591e-08,0.0005808112209254,0.1142988460196647,3624.24658203125,8212.0,7631.490234375
darcy,316,316,632,1,2,64,32,32,2.652458341856345e-08,9.21250713558972e-05,0.1139698800106998,3624.24658203125,8212.0,7631.490234375
darcy,317,317,633,1,1,64,32,32,1.2629799073238246e-07,0.0007461121812089,0.1144521370006259,3624.24658203125,8212.0,7631.490234375
darcy,317,317,634,1,2,64,32,32,1.1455819048933337e-07,0.0007141286261925,0.1141622689901851,3624.24658203125,8212.0,7631.490234375
darcy,318,318,635,1,1,64,32,32,2.925198927528072e-08,8.443909964855932e-05,0.1143762290012091,3624.24658203125,8212.0,7631.490234375
darcy,318,318,636,1,2,64,32,32,4.4361783579915937e-08,0.0002990230462733,0.1142593350086826,3624.24658203125,8212.0,7631.490234375
darcy,319,319,637,1,1,64,32,32,1.643985712007634e-07,0.0008647663527938,0.114417238975875,3624.24658203125,8212.0,7631.490234375
darcy,319,319,638,1,2,64,32,32,6.543378106016462e-08,0.0004728664365195,0.114004187984392,3624.24658203125,8212.0,7631.490234375
darcy,320,320,639,1,1,64,32,32,5.868109553830436e-08,0.0004059802446178,0.1143497170123737,3624.24658203125,8212.0,7631.490234375
darcy,320,320,640,1,2,64,32,32,1.1711697567307057e-07,0.0007166948217551,0.1141045130207203,3624.24658203125,8212.0,7631.490234375
darcy,321,321,641,1,1,64,32,32,6.618375181233206e-08,0.0004709818228025,0.11433027300518,3624.24658203125,8212.0,7631.490234375
darcy,321,321,642,1,2,64,32,32,2.7090639065363572e-08,4.723442630951463e-05,0.1140763270086608,3624.24658203125,8212.0,7631.490234375
darcy,322,322,643,1,1,64,32,32,1.4317738816771453e-07,0.0007951754159709,0.1146206179982982,3624.24658203125,8212.0,7631.490234375
darcy,322,322,644,1,2,64,32,32,1.125881397001649e-07,0.0006885738840577,0.1142926029860973,3624.24658203125,8212.0,7631.490234375
darcy,323,323,645,1,1,64,32,32,3.3748570160696545e-08,7.736365162308559e-05,0.1138575569784734,3624.24658203125,8212.0,7631.490234375
darcy,323,323,646,1,2,64,32,32,6.179524802973901e-08,0.0004242394575737,0.1134819829894695,3624.24658203125,8212.0,7631.490234375
darcy,324,324,647,1,1,64,32,32,1.0321955556946705e-07,0.0006575537653774,0.1140882780018728,3624.24658203125,8212.0,7631.490234375
darcy,324,324,648,1,2,64,32,32,5.382564083333818e-08,0.0003926406972672,0.1139878440008033,3624.24658203125,8212.0,7631.490234375
darcy,325,325,649,1,1,64,32,32,6.691450238349718e-08,0.000485990729985,0.1142066610045731,3624.24658203125,8212.0,7631.490234375
darcy,325,325,650,1,2,64,32,32,1.0834730090891753e-07,0.000665283320709,0.1142400190001353,3624.24658203125,8212.0,7631.490234375
darcy,326,326,651,1,1,64,32,32,5.670878167052251e-08,0.0003854962414725,0.1171279370028059,3624.24658203125,8212.0,7631.490234375
darcy,326,326,652,1,2,64,32,32,2.988514324897551e-08,0.0001441310689982,0.1144773290143348,3624.24658203125,8212.0,7631.490234375
darcy,327,327,653,1,1,64,32,32,1.2312972330619232e-07,0.000744371903209,0.1146204370015766,3624.24658203125,8212.0,7631.490234375
darcy,327,327,654,1,2,64,32,32,8.520581928905814e-08,0.000569886528199,0.114131707989145,3624.24658203125,8212.0,7631.490234375
darcy,328,328,655,1,1,64,32,32,3.3754314898715165e-08,0.0001533553971847,0.1145687789830844,3624.24658203125,8212.0,7631.490234375
darcy,328,328,656,1,2,64,32,32,7.737507701222057e-08,0.0005090770816624,0.1142522050067782,3624.24658203125,8212.0,7631.490234375
darcy,329,329,657,1,1,64,32,32,1.0539566375200593e-07,0.0006595059118922,0.1145731990109197,3624.24658203125,8212.0,7631.490234375
darcy,329,329,658,1,2,64,32,32,3.672086279493669e-08,0.0002081388965848,0.1142793220060411,3624.24658203125,8212.0,7631.490234375
darcy,330,330,659,1,1,64,32,32,1.0363335434249167e-07,0.0006595081447282,0.1144782009941991,3624.24658203125,8212.0,7631.490234375
darcy,330,330,660,1,2,64,32,32,1.0153556928571561e-07,0.0006532660260868,0.1146800860005896,3624.24658203125,8212.0,7631.490234375
darcy,331,331,661,1,1,64,32,32,4.141136855650984e-08,0.0002527078777511,0.1141083179973065,3624.24658203125,8212.0,7631.490234375
darcy,331,331,662,1,2,64,32,32,4.4578939650818945e-08,0.0003218292262037,0.114033065008698,3624.24658203125,8212.0,7631.490234375
darcy,332,332,663,1,1,64,32,32,1.548393981920526e-07,0.0008221427906294,0.1145539940043818,3624.24658203125,8212.0,7631.490234375
darcy,332,332,664,1,2,64,32,32,6.992258505533755e-08,0.0004896191933589,0.1142963570018764,3624.24658203125,8212.0,7631.490234375
darcy,333,333,665,1,1,64,32,32,5.454339202515258e-08,0.0004269498593398,0.1140821689914446,3624.24658203125,8212.0,7631.490234375
darcy,333,333,666,1,2,64,32,32,1.0443035591833905e-07,0.0006490351202759,0.1143247529980726,3624.24658203125,8212.0,7631.490234375
darcy,334,334,667,1,1,64,32,32,7.890883324535025e-08,0.0005239350816844,0.1143769290065392,3624.24658203125,8212.0,7631.490234375
darcy,334,334,668,1,2,64,32,32,2.4691882316574265e-08,6.75357074695396e-05,0.114758918993175,3624.24658203125,8212.0,7631.490234375
darcy,335,335,669,1,1,64,32,32,1.3989769342970249e-07,0.0007797257737451,0.1145249320252332,3624.24658203125,8212.0,7631.490234375
darcy,335,335,670,1,2,64,32,32,9.760220365251373e-08,0.0006280344157143,0.113984426978277,3624.24658203125,8212.0,7631.490234375
darcy,336,336,671,1,1,64,32,32,2.8200913604337078e-08,0.0001055999794484,0.114757155010011,3624.24658203125,8212.0,7631.490234375
darcy,336,336,672,1,2,64,32,32,8.32866433597701e-08,0.0005341317187877,0.1143264810089021,3624.24658203125,8212.0,7631.490234375
darcy,337,337,673,1,1,64,32,32,9.751508400768216e-08,0.000626512335652,0.1144726439961232,3624.24658203125,8212.0,7631.490234375
darcy,337,337,674,1,2,64,32,32,3.670089299134816e-08,0.0002175095594073,0.1137646260031033,3624.24658203125,8212.0,7631.490234375
darcy,338,338,675,1,1,64,32,32,9.540199386037784e-08,0.0006401454825704,0.1146044319903012,3624.24658203125,8212.0,7631.490234375
darcy,338,338,676,1,2,64,32,32,9.075601781205479e-08,0.0005759337881198,0.1139194450224749,3624.24658203125,8212.0,7631.490234375
darcy,339,339,677,1,1,64,32,32,3.497900991078495e-08,0.000185858374814,0.1144351540133357,3624.24658203125,8212.0,7631.490234375
darcy,339,339,678,1,2,64,32,32,5.0951907581975326e-08,0.0003366633488533,0.1139104530157055,3624.24658203125,8212.0,7631.490234375
darcy,340,340,679,1,1,64,32,32,1.0322257537609405e-07,0.0006650459179769,0.1143575690221041,3624.24658203125,8212.0,7631.490234375
darcy,340,340,680,1,2,64,32,32,5.0501650861178866e-08,0.0003639029042136,0.1137099630141165,3624.24658203125,8212.0,7631.490234375
darcy,341,341,681,1,1,64,32,32,5.793160440248357e-08,0.0003915142098471,0.1171651250042487,3624.24658203125,8212.0,7631.490234375
darcy,341,341,682,1,2,64,32,32,8.314439270407092e-08,0.0005726676240336,0.1140508149983361,3624.24658203125,8212.0,7631.490234375
darcy,342,342,683,1,1,64,32,32,4.75013912648592e-08,0.0003593174000806,0.1140530430129729,3624.24658203125,8212.0,7631.490234375
darcy,342,342,684,1,2,64,32,32,3.1819997303728094e-08,7.267325780897451e-05,0.1134905010112561,3624.24658203125,8212.0,7631.490234375
darcy,343,343,685,1,1,64,32,32,1.0989290188945233e-07,0.0006920011960722,0.114462317986181,3624.24658203125,8212.0,7631.490234375
darcy,343,343,686,1,2,64,32,32,6.773182548158729e-08,0.0004980231874693,0.1142196029832121,3624.24658203125,8212.0,7631.490234375
darcy,344,344,687,1,1,64,32,32,3.297003559055156e-08,0.0001741947916287,0.1146800380083732,3624.24658203125,8212.0,7631.490234375
darcy,344,344,688,1,2,64,32,32,5.8803085067893335e-08,0.000413618777944,0.1144551269826479,3624.24658203125,8212.0,7631.490234375
darcy,345,345,689,1,1,64,32,32,8.482440705392946e-08,0.0005610952157276,0.117065204976825,3624.24658203125,8212.0,7631.490234375
darcy,345,345,690,1,2,64,32,32,3.176661778070411e-08,0.0002019129907544,0.1138698809954803,3624.24658203125,8212.0,7631.490234375
darcy,346,346,691,1,1,64,32,32,8.51774046850551e-08,0.0005841135301655,0.1144688440253958,3624.24658203125,8212.0,7631.490234375
darcy,346,346,692,1,2,64,32,32,9.819068935712495e-08,0.0006377011133554,0.1140479599998798,3624.24658203125,8212.0,7631.490234375
darcy,347,347,693,1,1,64,32,32,3.36403509493266e-08,0.000189530930569,0.1141433730081189,3624.24658203125,8212.0,7631.490234375
darcy,347,347,694,1,2,64,32,32,4.89834768302444e-08,0.0003438245138276,0.113803148997249,3624.24658203125,8212.0,7631.490234375
darcy,348,348,695,1,1,64,32,32,1.2258635706530185e-07,0.000725300084358,0.1145738910126965,3624.24658203125,8212.0,7631.490234375
darcy,348,348,696,1,2,64,32,32,7.91435965652454e-08,0.0005093494318224,0.1144812489801552,3624.24658203125,8212.0,7631.490234375
darcy,349,349,697,1,1,64,32,32,5.504219302565617e-08,0.0004226217321237,0.1142695359885692,3624.24658203125,8212.0,7631.490234375
darcy,349,349,698,1,2,64,32,32,1.212199691735805e-07,0.0007184621633108,0.1142322559899184,3624.24658203125,8212.0,7631.490234375
darcy,350,350,699,1,1,64,32,32,7.106108768084597e-08,0.0004819619014083,0.114440948003903,3624.24658203125,8212.0,7631.490234375
darcy,350,350,700,1,2,64,32,32,2.8312264532814883e-08,6.403965698724419e-05,0.1142161400057375,3624.24658203125,8212.0,7631.490234375
darcy,351,351,701,1,1,64,32,32,1.4878399667850317e-07,0.0008180868007972,0.1143738829996436,3624.24658203125,8212.0,7631.490234375
darcy,351,351,702,1,2,64,32,32,1.0841113606829823e-07,0.000637217900815,0.1141401200147811,3624.24658203125,8212.0,7631.490234375
darcy,352,352,703,1,1,64,32,32,3.2145912598480215e-08,9.682702385770264e-05,0.1143078939931001,3624.24658203125,8212.0,7631.490234375
darcy,352,352,704,1,2,64,32,32,9.0644334704848e-08,0.0005957600942058,0.1140925489889923,3624.24658203125,8212.0,7631.490234375
darcy,353,353,705,1,1,64,32,32,9.663141753435413e-08,0.0006064272324597,0.1143424280162435,3624.24658203125,8212.0,7631.490234375
darcy,353,353,706,1,2,64,32,32,4.1380513238209466e-08,0.0002253025629236,0.1141209669876843,3624.24658203125,8212.0,7631.490234375
darcy,354,354,707,1,1,64,32,32,9.521895805164605e-08,0.0006235007769605,0.1144268689968157,3624.24658203125,8212.0,7631.490234375
darcy,354,354,708,1,2,64,32,32,9.641846787644681e-08,0.0006252311069642,0.1142112540255766,3624.24658203125,8212.0,7631.490234375
darcy,355,355,709,1,1,64,32,32,4.1094050828860424e-08,0.000177697484006,0.1143220390076749,3624.24658203125,8212.0,7631.490234375
darcy,355,355,710,1,2,64,32,32,4.5496662437471975e-08,0.0003151600612244,0.1142038430261891,3624.24658203125,8212.0,7631.490234375
darcy,356,356,711,1,1,64,32,32,1.1801809307598889e-07,0.0007179923193307,0.1143846650084015,3624.24658203125,8212.0,7631.490234375
darcy,356,356,712,1,2,64,32,32,4.7123599244969234e-08,0.0003400546584028,0.1142258229956496,3624.24658203125,8212.0,7631.490234375
darcy,357,357,713,1,1,64,32,32,5.0005812823883395e-08,0.0003335167369451,0.1141297379799652,3624.24658203125,8212.0,7631.490234375
darcy,357,357,714,1,2,64,32,32,9.757213348393635e-08,0.0006279599302728,0.1139902510039974,3624.24658203125,8212.0,7631.490234375
darcy,358,358,715,1,1,64,32,32,5.1977057324847926e-08,0.0003692727616065,0.1141680369910318,3624.24658203125,8212.0,7631.490234375
darcy,358,358,716,1,2,64,32,32,3.1254909771405444e-08,2.520859407277521e-05,0.1140267899900209,3624.24658203125,8212.0,7631.490234375
darcy,359,359,717,1,1,64,32,32,1.1226655516338725e-07,0.0007110758739572,0.1143741520063486,3624.24658203125,8212.0,7631.490234375
darcy,359,359,718,1,2,64,32,32,8.724373401491904e-08,0.0005947382106184,0.114049233001424,3624.24658203125,8212.0,7631.490234375
darcy,360,360,719,1,1,64,32,32,3.2993145993032165e-08,0.0001258369007444,0.1143891780229751,3624.24658203125,8212.0,7631.490234375
darcy,360,360,720,1,2,64,32,32,5.889804199910032e-08,0.0004224200514774,0.1141520180099178,3624.24658203125,8212.0,7631.490234375
darcy,361,361,721,1,1,64,32,32,1.0612359346851009e-07,0.0006917671102512,0.1142848060117103,3624.24658203125,8212.0,7631.490234375
darcy,361,361,722,1,2,64,32,32,4.149778831674666e-08,0.0002341779542389,0.1140727319871075,3624.24658203125,8212.0,7631.490234375
darcy,362,362,723,1,1,64,32,32,8.383921823451601e-08,0.0005827253073789,0.1144383400096558,3624.24658203125,8212.0,7631.490234375
darcy,362,362,724,1,2,64,32,32,1.116577479365333e-07,0.0007069487968177,0.1138413200096692,3624.24658203125,8212.0,7631.490234375
darcy,363,363,725,1,1,64,32,32,3.515864577252614e-08,0.0002334968007123,0.1140083690115716,3624.24658203125,8212.0,7631.490234375
darcy,363,363,726,1,2,64,32,32,4.1190695299064834e-08,0.0002589560318354,0.1136210940021555,3624.24658203125,8212.0,7631.490234375
darcy,364,364,727,1,1,64,32,32,1.4451660490522045e-07,0.0008199552119481,0.1144382389902602,3624.24658203125,8212.0,7631.490234375
darcy,364,364,728,1,2,64,32,32,8.350728819550569e-08,0.0005411020435458,0.1141645759926177,3624.24658203125,8212.0,7631.490234375
darcy,365,365,729,1,1,64,32,32,4.939901288025794e-08,0.0003743959107806,0.1143002019962295,3624.24658203125,8212.0,7631.490234375
darcy,365,365,730,1,2,64,32,32,1.1366928731604277e-07,0.0007013239161116,0.1139411100011784,3624.24658203125,8212.0,7631.490234375
darcy,366,366,731,1,1,64,32,32,6.433914023773468e-08,0.0004844124282671,0.1140356179967057,3624.24658203125,8212.0,7631.490234375
darcy,366,366,732,1,2,64,32,32,3.0538085837861224e-08,6.871547989498803e-05,0.1134489359974395,3624.24658203125,8212.0,7631.490234375
darcy,367,367,733,1,1,64,32,32,1.3574863544363325e-07,0.0007764359839154,0.1140041420003399,3624.24658203125,8212.0,7631.490234375
darcy,367,367,734,1,2,64,32,32,1.1142596889612832e-07,0.0006945238211123,0.1137192710011731,3624.24658203125,8212.0,7631.490234375
darcy,368,368,735,1,1,64,32,32,3.1354762342061804e-08,1.2731955091541432e-05,0.1139437130186706,3624.24658203125,8212.0,7631.490234375
darcy,368,368,736,1,2,64,32,32,7.951144453954839e-08,0.0005282380534073,0.1136890960042364,3624.24658203125,8212.0,7631.490234375
darcy,369,369,737,1,1,64,32,32,1.1160108925878377e-07,0.0006939326056054,0.1139456960081588,3624.24658203125,8212.0,7631.490234375
darcy,369,369,738,1,2,64,32,32,4.414253496065612e-08,0.0003064563670803,0.1136635029979515,3624.24658203125,8212.0,7631.490234375
darcy,370,370,739,1,1,64,32,32,8.210565027866323e-08,0.0005536550564597,0.1139949010103009,3624.24658203125,8212.0,7631.490234375
darcy,370,370,740,1,2,64,32,32,1.1030502378162057e-07,0.0007020282823301,0.1136448800098151,3624.24658203125,8212.0,7631.490234375
darcy,371,371,741,1,1,64,32,32,4.5856889840933945e-08,0.0002806857749585,0.1144261009758338,3624.24658203125,8212.0,7631.490234375
darcy,371,371,742,1,2,64,32,32,3.5028666189873554e-08,0.0002199890807936,0.1144959950179327,3624.24658203125,8212.0,7631.490234375
darcy,372,372,743,1,1,64,32,32,1.3313000124526297e-07,0.0007810637994172,0.1140123649965971,3624.24658203125,8212.0,7631.490234375
darcy,372,372,744,1,2,64,32,32,6.751630365897654e-08,0.0004928000593318,0.1135253479878883,3624.24658203125,8212.0,7631.490234375
darcy,373,373,745,1,1,64,32,32,4.5637705170520355e-08,0.0003264584253503,0.1140059210010804,3624.24658203125,8212.0,7631.490234375
darcy,373,373,746,1,2,64,32,32,7.62788161523531e-08,0.000513855302537,0.1140269380121026,3624.24658203125,8212.0,7631.490234375
darcy,374,374,747,1,1,64,32,32,7.892539599652083e-08,0.0005551830565766,0.1141754720010794,3624.24658203125,8212.0,7631.490234375
darcy,374,374,748,1,2,64,32,32,2.7471948271795558e-08,5.33858876347735e-05,0.1137661020038649,3624.24658203125,8212.0,7631.490234375
darcy,375,375,749,1,1,64,32,32,1.107884983753138e-07,0.0006915882741716,0.1145018300157971,3624.24658203125,8212.0,7631.490234375
darcy,375,375,750,1,2,64,32,32,8.824953567909689e-08,0.0006080139442852,0.113667922996683,3624.24658203125,8212.0,7631.490234375
darcy,376,376,751,1,1,64,32,32,2.8272136631812828e-08,5.745660544145928e-05,0.1142853450146503,3624.24658203125,8212.0,7631.490234375
darcy,376,376,752,1,2,64,32,32,5.8368136990338826e-08,0.0004137436361657,0.1140310219780076,3624.24658203125,8212.0,7631.490234375
darcy,377,377,753,1,1,64,32,32,1.204291635303889e-07,0.0007115437355945,0.1142718140035867,3624.24658203125,8212.0,7631.490234375
darcy,377,377,754,1,2,64,32,32,5.530430868816438e-08,0.0004135658474615,0.1140942430065479,3624.24658203125,8212.0,7631.490234375
darcy,378,378,755,1,1,64,32,32,6.550603615096406e-08,0.0004755967402558,0.1175987610185984,3624.24658203125,8212.0,7631.490234375
darcy,378,378,756,1,2,64,32,32,1.4396179892628425e-07,0.0008037453041175,0.1144569299940485,3624.24658203125,8212.0,7631.490234375
darcy,379,379,757,1,1,64,32,32,5.77484797759098e-08,0.0004130808741826,0.1140028090158011,3624.24658203125,8212.0,7631.490234375
darcy,379,379,758,1,2,64,32,32,3.2089104706756195e-08,0.0001975791953757,0.1137187840067781,3624.24658203125,8212.0,7631.490234375
darcy,380,380,759,1,1,64,32,32,1.7266394536363805e-07,0.0008730488255576,0.114452625013655,3624.24658203125,8212.0,7631.490234375
darcy,380,380,760,1,2,64,32,32,1.0135356376395067e-07,0.0006429712964194,0.1163278879830613,3624.24658203125,8212.0,7631.490234375
darcy,381,381,761,1,1,64,32,32,4.4128118048547555e-08,0.000261903670392,0.1141965269926004,3624.24658203125,8212.0,7631.490234375
darcy,381,381,762,1,2,64,32,32,9.795158462111433e-08,0.000631143788802,0.1140521219931542,3624.24658203125,8212.0,7631.490234375
darcy,382,382,763,1,1,64,32,32,1.0126743177352183e-07,0.0006408359765666,0.1143001909949816,3624.24658203125,8212.0,7631.490234375
darcy,382,382,764,1,2,64,32,32,2.950517874467096e-08,0.0001242333608921,0.1141573520144447,3624.24658203125,8212.0,7631.490234375
darcy,383,383,765,1,1,64,32,32,1.1516301157143972e-07,0.0007116547057602,0.1144478219794109,3624.24658203125,8212.0,7631.490234375
darcy,383,383,766,1,2,64,32,32,1.0375241288329563e-07,0.0006470197864197,0.1141306150238961,3624.24658203125,8212.0,7631.490234375
darcy,384,384,767,1,1,64,32,32,3.3596002424474136e-08,0.0001192786310097,0.1143896040157415,3624.24658203125,8212.0,7631.490234375
darcy,384,384,768,1,2,64,32,32,5.96789888618332e-08,0.0004144609634131,0.113966300006723,3624.24658203125,8212.0,7631.490234375
darcy,385,385,769,1,1,64,32,32,1.1607068017838175e-07,0.0007047700380465,0.1142824809940066,3624.24658203125,8212.0,7631.490234375
darcy,385,385,770,1,2,64,32,32,4.8547654785124905e-08,0.0003423908007894,0.1139493730152025,3624.24658203125,8212.0,7631.490234375
darcy,386,386,771,1,1,64,32,32,6.613676362121623e-08,0.0004694454439341,0.1142726399993989,3624.24658203125,8212.0,7631.490234375
darcy,386,386,772,1,2,64,32,32,9.038584636300585e-08,0.000595691640949,0.1140114669979084,3624.24658203125,8212.0,7631.490234375
darcy,387,387,773,1,1,64,32,32,4.920225293858493e-08,0.0003271414734605,0.1142668380052782,3624.24658203125,8212.0,7631.490234375
darcy,387,387,774,1,2,64,32,32,3.258641356751468e-08,8.830427251524809e-05,0.1141271119995508,3624.24658203125,8212.0,7631.490234375
darcy,388,388,775,1,1,64,32,32,1.258135284842865e-07,0.0007503039930771,0.1143641840026248,3624.24658203125,8212.0,7631.490234375
darcy,388,388,776,1,2,64,32,32,6.327596935307156e-08,0.0004706687733649,0.1138486429990734,3624.24658203125,8212.0,7631.490234375
darcy,389,389,777,1,1,64,32,32,3.641325463377143e-08,0.0001885278795111,0.1143679939850699,3624.24658203125,8212.0,7631.490234375
darcy,389,389,778,1,2,64,32,32,6.530645180191641e-08,0.0004576765367824,0.1140202569949906,3624.24658203125,8212.0,7631.490234375
darcy,390,390,779,1,1,64,32,32,8.491410596889183e-08,0.0005783713186551,0.1140259990061167,3624.24658203125,8212.0,7631.490234375
darcy,390,390,780,1,2,64,32,32,3.2026591156864015e-08,0.0001622201963158,0.114390230999561,3624.24658203125,8212.0,7631.490234375
darcy,391,391,781,1,1,64,32,32,8.685999830504444e-08,0.0006034232955035,0.1147118649969343,3624.24658203125,8212.0,7631.490234375
darcy,391,391,782,1,2,64,32,32,1.0706274622407365e-07,0.0006723651225332,0.1140606910048518,3624.24658203125,8212.0,7631.490234375
darcy,392,392,783,1,1,64,32,32,3.027542305744646e-08,0.0001118322219537,0.1142741329967975,3624.24658203125,8212.0,7631.490234375
darcy,392,392,784,1,2,64,32,32,4.3467668575658536e-08,0.0002872456598756,0.1139891349885147,3624.24658203125,8212.0,7631.490234375
darcy,393,393,785,1,1,64,32,32,1.3105760388043566e-07,0.0007722408158113,0.1140034520067274,3624.24658203125,8212.0,7631.490234375
darcy,393,393,786,1,2,64,32,32,7.285476755214404e-08,0.0004585636027095,0.1137556119938381,3624.24658203125,8212.0,7631.490234375
darcy,394,394,787,1,1,64,32,32,5.945869219203814e-08,0.0004411500234136,0.1143815419927705,3624.24658203125,8212.0,7631.490234375
darcy,394,394,788,1,2,64,32,32,1.051158875498004e-07,0.0006682877245463,0.1141311600222252,3624.24658203125,8212.0,7631.490234375
darcy,395,395,789,1,1,64,32,32,6.552616582666816e-08,0.0004426790078549,0.1144888020062353,3624.24658203125,8212.0,7631.490234375
darcy,395,395,790,1,2,64,32,32,2.986532265936148e-08,8.322081995251156e-05,0.1143165669927839,3624.24658203125,8212.0,7631.490234375
darcy,396,396,791,1,1,64,32,32,1.324300171745563e-07,0.0007781757136179,0.1145073490042705,3624.24658203125,8212.0,7631.490234375
darcy,396,396,792,1,2,64,32,32,9.761406261077354e-08,0.0006021710222191,0.1142858999955933,3624.24658203125,8212.0,7631.490234375
darcy,397,397,793,1,1,64,32,32,3.291775740876801e-08,0.0001694789150114,0.1144908510032109,3624.24658203125,8212.0,7631.490234375
darcy,397,397,794,1,2,64,32,32,9.440491055556777e-08,0.0006074923883752,0.1142069640045519,3624.24658203125,8212.0,7631.490234375
darcy,398,398,795,1,1,64,32,32,7.824615266827095e-08,0.0005546939095711,0.1141553939960431,3624.24658203125,8212.0,7631.490234375
darcy,398,398,796,1,2,64,32,32,3.240521451175482e-08,0.0001261547787584,0.1136800549866166,3624.24658203125,8212.0,7631.490234375
darcy,399,399,797,1,1,64,32,32,1.0527907789992241e-07,0.0006772516488745,0.114034549013013,3624.24658203125,8212.0,7631.490234375
darcy,399,399,798,1,2,64,32,32,8.820190089409152e-08,0.0005959568977464,0.1138258279825095,3624.24658203125,8212.0,7631.490234375
darcy,400,400,799,1,1,64,32,32,2.8933786921925275e-08,3.610580260287746e-05,0.1141994220088236,3624.24658203125,8212.0,7631.490234375
darcy,400,400,800,1,2,64,32,32,5.413636117168608e-08,0.0003619051639561,0.1139725699904374,3624.24658203125,8212.0,7631.490234375
darcy,401,401,801,1,1,64,32,32,9.758796437608909e-08,0.0006570898214813,0.1171538429916836,3624.24658203125,8212.0,7631.490234375
darcy,401,401,802,1,2,64,32,32,4.4882003891189015e-08,0.0003078054984296,0.1142723350203596,3624.24658203125,8212.0,7631.490234375
darcy,402,402,803,1,1,64,32,32,6.139072894484343e-08,0.0004541512132526,0.1141481840168125,3624.24658203125,8212.0,7631.490234375
darcy,402,402,804,1,2,64,32,32,9.718441162931413e-08,0.000629972997672,0.1139519200078211,3624.24658203125,8212.0,7631.490234375
darcy,403,403,805,1,1,64,32,32,3.9457734857251126e-08,0.0002664528876146,0.1144640200072899,3624.24658203125,8212.0,7631.490234375
darcy,403,403,806,1,2,64,32,32,3.301639139863255e-08,0.000170895363375,0.1138683510071132,3624.24658203125,8212.0,7631.490234375
darcy,404,404,807,1,1,64,32,32,1.1307288616535517e-07,0.0007129371409495,0.117198574997019,3624.24658203125,8212.0,7631.490234375
darcy,404,404,808,1,2,64,32,32,6.020414389240615e-08,0.000454234368791,0.1139036910026334,3624.24658203125,8212.0,7631.490234375
darcy,405,405,809,1,1,64,32,32,4.517923812841219e-08,0.0002715585584353,0.1148817939974833,3624.24658203125,8212.0,7631.490234375
darcy,405,405,810,1,2,64,32,32,7.868198537153148e-08,0.0005597441114355,0.1144512190076056,3624.24658203125,8212.0,7631.490234375
darcy,406,406,811,1,1,64,32,32,6.801996477179273e-08,0.0004766188276146,0.1145159160078037,3624.24658203125,8212.0,7631.490234375
darcy,406,406,812,1,2,64,32,32,2.5415300086706335e-08,8.365580082230237e-06,0.1141330890241079,3624.24658203125,8212.0,7631.490234375
darcy,407,407,813,1,1,64,32,32,1.0307284981081467e-07,0.0006646466112865,0.1144610990013461,3624.24658203125,8212.0,7631.490234375
darcy,407,407,814,1,2,64,32,32,8.194363232405523e-08,0.0005885420052607,0.1140755029919091,3624.24658203125,8212.0,7631.490234375
darcy,408,408,815,1,1,64,32,32,2.83744014950571e-08,4.597181923300884e-05,0.1143679169763345,3624.24658203125,8212.0,7631.490234375
darcy,408,408,816,1,2,64,32,32,7.103541577180296e-08,0.0004957331326594,0.1139763699902687,3624.24658203125,8212.0,7631.490234375
darcy,409,409,817,1,1,64,32,32,1.0516375681390858e-07,0.000666626031559,0.1144945469859521,3624.24658203125,8212.0,7631.490234375
darcy,409,409,818,1,2,64,32,32,3.237099832631429e-08,0.0002184690706054,0.1143004120094701,3624.24658203125,8212.0,7631.490234375
darcy,410,410,819,1,1,64,32,32,9.924297472707623e-08,0.0006323586692076,0.1144055649929214,3624.24658203125,8212.0,7631.490234375
darcy,410,410,820,1,2,64,32,32,1.024490927648003e-07,0.0006672529569743,0.1142348450084682,3624.24658203125,8212.0,7631.490234375
darcy,411,411,821,1,1,64,32,32,3.316581143053554e-08,0.0001945436487096,0.1144414900045376,3624.24658203125,8212.0,7631.490234375
darcy,411,411,822,1,2,64,32,32,3.776289858592463e-08,0.0002636671305195,0.1142919169797096,3624.24658203125,8212.0,7631.490234375
darcy,412,412,823,1,1,64,32,32,1.512173213313872e-07,0.0008202738143824,0.1151094730012118,3624.24658203125,8212.0,7631.490234375
darcy,412,412,824,1,2,64,32,32,7.040313221295946e-08,0.0004928765520906,0.1151401060051284,3624.24658203125,8212.0,7631.490234375
darcy,413,413,825,1,1,64,32,32,5.2742898049018556e-08,0.0003886253181043,0.1150158749951515,3624.24658203125,8212.0,7631.490234375
darcy,413,413,826,1,2,64,32,32,1.2229260448748394e-07,0.0007172279028082,0.1152549849939532,3624.24658203125,8212.0,7631.490234375
darcy,414,414,827,1,1,64,32,32,7.651605926639604e-08,0.0005033023609227,0.1140629019937478,3624.24658203125,8212.0,7631.490234375
darcy,414,414,828,1,2,64,32,32,2.0593938998558773e-08,7.028389515779026e-05,0.1142488940095063,3624.24658203125,8212.0,7631.490234375
darcy,415,415,829,1,1,64,32,32,1.4494784750240797e-07,0.0007844427567409,0.1143340870039537,3624.24658203125,8212.0,7631.490234375
darcy,415,415,830,1,2,64,32,32,1.1737937910538677e-07,0.0007012398646988,0.1142144709883723,3624.24658203125,8212.0,7631.490234375
darcy,416,416,831,1,1,64,32,32,2.984963032304222e-08,0.0001333937666275,0.1142014659999404,3624.24658203125,8212.0,7631.490234375
darcy,416,416,832,1,2,64,32,32,9.421042790336288e-08,0.0005841601409375,0.1141370039840694,3624.24658203125,8212.0,7631.490234375
darcy,417,417,833,1,1,64,32,32,1.1321603921032874e-07,0.0006856435548623,0.1142670600092969,3624.24658203125,8212.0,7631.490234375
darcy,417,417,834,1,2,64,32,32,3.001267145918973e-08,0.0001563511486739,0.1141030509897973,3624.24658203125,8212.0,7631.490234375
darcy,418,418,835,1,1,64,32,32,1.0150779417017477e-07,0.0006455282232326,0.1143571730062831,3624.24658203125,8212.0,7631.490234375
darcy,418,418,836,1,2,64,32,32,1.0254036908463605e-07,0.0006454914997938,0.1143725520232692,3624.24658203125,8212.0,7631.490234375
darcy,419,419,837,1,1,64,32,32,3.5015574439967174e-08,0.0001641498808557,0.1143698229861911,3624.24658203125,8212.0,7631.490234375
darcy,419,419,838,1,2,64,32,32,5.922102985778111e-08,0.0004131722693191,0.1144951489986851,3624.24658203125,8212.0,7631.490234375
darcy,420,420,839,1,1,64,32,32,1.012477284234592e-07,0.0006539530642561,0.1142539819993544,3624.24658203125,8212.0,7631.490234375
darcy,420,420,840,1,2,64,32,32,5.551457249453051e-08,0.000384217145968,0.1137296970118768,3624.24658203125,8212.0,7631.490234375
darcy,421,421,841,1,1,64,32,32,6.850674338920727e-08,0.0004732541079898,0.1144376219890546,3624.24658203125,8212.0,7631.490234375
darcy,421,421,842,1,2,64,32,32,8.193896405828127e-08,0.0005608928993776,0.1141249929787591,3624.24658203125,8212.0,7631.490234375
darcy,422,422,843,1,1,64,32,32,4.777517759180228e-08,0.0003204807929119,0.1140457540168427,3624.24658203125,8212.0,7631.490234375
darcy,422,422,844,1,2,64,32,32,3.2056625798304594e-08,4.0599149342219325e-05,0.1141164390137419,3624.24658203125,8212.0,7631.490234375
darcy,423,423,845,1,1,64,32,32,1.0821169382779773e-07,0.0006884653849292,0.1144574579957407,3624.24658203125,8212.0,7631.490234375
darcy,423,423,846,1,2,64,32,32,8.1574746957358e-08,0.0005476135384189,0.1142516910040285,3624.24658203125,8212.0,7631.490234375
darcy,424,424,847,1,1,64,32,32,3.1344445261538574e-08,9.766274233898468e-05,0.1143612030136864,3624.24658203125,8212.0,7631.490234375
darcy,424,424,848,1,2,64,32,32,7.7850408786162e-08,0.0005186669471294,0.1135890239966102,3624.24658203125,8212.0,7631.490234375
darcy,425,425,849,1,1,64,32,32,1.0006090178649175e-07,0.0006238999423098,0.1139079190033953,3624.24658203125,8212.0,7631.490234375
darcy,425,425,850,1,2,64,32,32,3.613572729932457e-08,0.000214352211235,0.1139309169957414,3624.24658203125,8212.0,7631.490234375
darcy,426,426,851,1,1,64,32,32,8.550470909085561e-08,0.0006046773654611,0.1165988059947267,3624.24658203125,8212.0,7631.490234375
darcy,426,426,852,1,2,64,32,32,1.2718214748019818e-07,0.0007528635814989,0.1161920430022291,3624.24658203125,8212.0,7631.490234375
darcy,427,427,853,1,1,64,32,32,3.712992935334114e-08,0.0001549132248083,0.1166533219802659,3624.24658203125,8212.0,7631.490234375
darcy,427,427,854,1,2,64,32,32,3.8894533815891925e-08,0.0002659897421573,0.116224716999568,3624.24658203125,8212.0,7631.490234375
darcy,428,428,855,1,1,64,32,32,1.5060487612572618e-07,0.0008305216415265,0.1165903719956986,3624.24658203125,8212.0,7631.490234375
darcy,428,428,856,1,2,64,32,32,8.2531691703025e-08,0.0005330285546334,0.1163893519842531,3624.24658203125,8212.0,7631.490234375
darcy,429,429,857,1,1,64,32,32,6.179312350695909e-08,0.0004472014971051,0.1144491650047712,3624.24658203125,8212.0,7631.490234375
darcy,429,429,858,1,2,64,32,32,9.798966260632369e-08,0.0006462083633881,0.1141626159951556,3624.24658203125,8212.0,7631.490234375
darcy,430,430,859,1,1,64,32,32,6.740049940390237e-08,0.0004686919481557,0.1144195240049157,3624.24658203125,8212.0,7631.490234375
darcy,430,430,860,1,2,64,32,32,3.692010608347118e-08,4.639398444885674e-05,0.1143424850015435,3624.24658203125,8212.0,7631.490234375
darcy,431,431,861,1,1,64,32,32,1.325355611925261e-07,0.0007718262637896,0.1145396130159497,3624.24658203125,8212.0,7631.490234375
darcy,431,431,862,1,2,64,32,32,9.871727257859676e-08,0.0006320276415318,0.1145586769853252,3624.24658203125,8212.0,7631.490234375
darcy,432,432,863,1,1,64,32,32,3.623396338525709e-08,7.711452633113455e-05,0.1146772830106783,3624.24658203125,8212.0,7631.490234375
darcy,432,432,864,1,2,64,32,32,8.475362278659304e-08,0.0005459216678996,0.1143034730048384,3624.24658203125,8212.0,7631.490234375
darcy,433,433,865,1,1,64,32,32,9.372013920483369e-08,0.0006259366528278,0.1142600690072868,3624.24658203125,8212.0,7631.490234375
darcy,433,433,866,1,2,64,32,32,3.4895421663350135e-08,0.0001990421769326,0.1143209440051578,3624.24658203125,8212.0,7631.490234375
darcy,434,434,867,1,1,64,32,32,8.726617295451433e-08,0.0005743697463919,0.114017227984732,3624.24658203125,8212.0,7631.490234375
darcy,434,434,868,1,2,64,32,32,1.0382063209135597e-07,0.0006642684548938,0.11376971800928,3624.24658203125,8212.0,7631.490234375
darcy,435,435,869,1,1,64,32,32,3.083837185613447e-08,0.0001683156269813,0.1142948959895875,3624.24658203125,8212.0,7631.490234375
darcy,435,435,870,1,2,64,32,32,4.948552501105041e-08,0.0002847035210109,0.1140823049936443,3624.24658203125,8212.0,7631.490234375
darcy,436,436,871,1,1,64,32,32,1.1482911332905132e-07,0.0007138186752821,0.1144364649953786,3624.24658203125,8212.0,7631.490234375
darcy,436,436,872,1,2,64,32,32,6.155254794748545e-08,0.0004538395566741,0.1140294289798475,3624.24658203125,8212.0,7631.490234375
darcy,437,437,873,1,1,64,32,32,4.924983088017144e-08,0.0003361369358203,0.1184895509795751,3624.24658203125,8212.0,7631.490234375
darcy,437,437,874,1,2,64,32,32,1.0510746761838165e-07,0.0006632189916249,0.1189542280044406,3624.24658203125,8212.0,7631.490234375
darcy,438,438,875,1,1,64,32,32,5.777566514097999e-08,0.00043073566968,0.1143767930043395,3624.24658203125,8212.0,7631.490234375
darcy,438,438,876,1,2,64,32,32,2.7130253599239044e-08,1.703375472088204e-05,0.1139031469938345,3624.24658203125,8212.0,7631.490234375
darcy,439,439,877,1,1,64,32,32,1.2516352398961317e-07,0.0007528656907503,0.1171430719841737,3624.24658203125,8212.0,7631.490234375
darcy,439,439,878,1,2,64,32,32,8.920344640728217e-08,0.0006048147182395,0.1144331069954205,3624.24658203125,8212.0,7631.490234375
darcy,440,440,879,1,1,64,32,32,3.000797121899268e-08,4.650431397103424e-05,0.1147225339955184,3624.24658203125,8212.0,7631.490234375
darcy,440,440,880,1,2,64,32,32,6.461620927211699e-08,0.0004737261149713,0.1142159909941256,3624.24658203125,8212.0,7631.490234375
darcy,441,441,881,1,1,64,32,32,1.0985075249436704e-07,0.0006871273780837,0.1139571310195606,3624.24658203125,8212.0,7631.490234375
darcy,441,441,882,1,2,64,32,32,4.1627281177625264e-08,0.0003004229765174,0.1137488610111177,3624.24658203125,8212.0,7631.490234375
darcy,442,442,883,1,1,64,32,32,8.59516759987855e-08,0.0005924668557393,0.1142925360181834,3624.24658203125,8212.0,7631.490234375
darcy,442,442,884,1,2,64,32,32,1.0881655043704087e-07,0.0007007155871414,0.1145202260231599,3624.24658203125,8212.0,7631.490234375
darcy,443,443,885,1,1,64,32,32,3.835961592812964e-08,0.0002470939017922,0.11450668098405,3624.24658203125,8212.0,7631.490234375
darcy,443,443,886,1,2,64,32,32,3.0945631834811145e-08,0.0001791839968801,0.1146936320001259,3624.24658203125,8212.0,7631.490234375
darcy,444,444,887,1,1,64,32,32,1.4748513876838842e-07,0.0008249315532661,0.1145428780000656,3624.24658203125,8212.0,7631.490234375
darcy,444,444,888,1,2,64,32,32,8.375448601327663e-08,0.0005659991382407,0.1141971229808405,3624.24658203125,8212.0,7631.490234375
darcy,445,445,889,1,1,64,32,32,4.603860759289091e-08,0.000313669573957,0.1198863929894287,3624.24658203125,8212.0,7631.490234375
darcy,445,445,890,1,2,64,32,32,1.1875796701588118e-07,0.0007083010405377,0.1199424749938771,3624.24658203125,8212.0,7631.490234375
darcy,446,446,891,1,1,64,32,32,7.34881950847921e-08,0.0005266350001307,0.1168686079909093,3624.24658203125,8212.0,7631.490234375
darcy,446,446,892,1,2,64,32,32,2.489015926698812e-08,1.5052532027544616e-05,0.116458300006343,3624.24658203125,8212.0,7631.490234375
darcy,447,447,893,1,1,64,32,32,1.3489524519627596e-07,0.000759919266662,0.1168797600257676,3624.24658203125,8212.0,7631.490234375
darcy,447,447,894,1,2,64,32,32,1.0203105915707057e-07,0.0006666368049962,0.116333130019484,3624.24658203125,8212.0,7631.490234375
darcy,448,448,895,1,1,64,32,32,3.0323359823114515e-08,0.0001166572194812,0.1149239400110673,3624.24658203125,8212.0,7631.490234375
darcy,448,448,896,1,2,64,32,32,7.172148741574348e-08,0.0004623519693444,0.1150892770092468,3624.24658203125,8212.0,7631.490234375
darcy,449,449,897,1,1,64,32,32,9.272663703541185e-08,0.0006289354236307,0.1190607490134425,3624.24658203125,8212.0,7631.490234375
darcy,449,449,898,1,2,64,32,32,3.668238335308161e-08,0.0002676080803121,0.1158263869874645,3624.24658203125,8212.0,7631.490234375
darcy,450,450,899,1,1,64,32,32,9.81162884272635e-08,0.0006103706874796,0.1144039070059079,3624.24658203125,8212.0,7631.490234375
darcy,450,450,900,1,2,64,32,32,8.826840769415868e-08,0.0005996848985473,0.114125450985739,3624.24658203125,8212.0,7631.490234375
darcy,451,451,901,1,1,64,32,32,3.626182731863992e-08,0.0002553675802721,0.1151795029873028,3624.24658203125,8212.0,7631.490234375
darcy,451,451,902,1,2,64,32,32,5.760604437909934e-08,0.0003865687768795,0.1138837420148775,3624.24658203125,8212.0,7631.490234375
darcy,452,452,903,1,1,64,32,32,1.100523476793569e-07,0.0006845854716607,0.1145037339883856,3624.24658203125,8212.0,7631.490234375
darcy,452,452,904,1,2,64,32,32,5.254464596760045e-08,0.0003973390315391,0.1186025200004223,3624.24658203125,8212.0,7631.490234375
darcy,453,453,905,1,1,64,32,32,6.576348710041202e-08,0.0004738026190904,0.1142959440185222,3624.24658203125,8212.0,7631.490234375
darcy,453,453,906,1,2,64,32,32,8.30705246812613e-08,0.0005452475181269,0.11410824599443,3624.24658203125,8212.0,7631.490234375
darcy,454,454,907,1,1,64,32,32,4.361851679846041e-08,0.000298422917507,0.1147630859923083,3624.24658203125,8212.0,7631.490234375
darcy,454,454,908,1,2,64,32,32,2.494414985676485e-08,4.336916900687076e-05,0.1141835229936987,3624.24658203125,8212.0,7631.490234375
darcy,455,455,909,1,1,64,32,32,9.645314946737926e-08,0.0006141740687831,0.114448779990198,3624.24658203125,8212.0,7631.490234375
darcy,455,455,910,1,2,64,32,32,7.774031018925599e-08,0.0005405569901697,0.1140678210067562,3624.24658203125,8212.0,7631.490234375
darcy,456,456,911,1,1,64,32,32,3.1757970475609916e-08,0.000138734772512,0.1145427640003617,3624.24658203125,8212.0,7631.490234375
darcy,456,456,912,1,2,64,32,32,6.349419834350556e-08,0.0004504187267245,0.1141937540087383,3624.24658203125,8212.0,7631.490234375
darcy,457,457,913,1,1,64,32,32,8.823042918493229e-08,0.0005727719012606,0.1140507950040046,3624.24658203125,8212.0,7631.490234375
darcy,457,457,914,1,2,64,32,32,3.292877437388597e-08,0.0001767107736303,0.1144681799924001,3624.24658203125,8212.0,7631.490234375
darcy,458,458,915,1,1,64,32,32,7.925509493134086e-08,0.000551657409853,0.1140936810115818,3624.24658203125,8212.0,7631.490234375
darcy,458,458,916,1,2,64,32,32,1.1731430760164585e-07,0.0006911343654653,0.1140998050104826,3624.24658203125,8212.0,7631.490234375
darcy,459,459,917,1,1,64,32,32,3.52050903984491e-08,0.0001670661854898,0.1143035780114587,3624.24658203125,8212.0,7631.490234375
darcy,459,459,918,1,2,64,32,32,4.5285549532536606e-08,0.0003209332283025,0.1142190750106237,3624.24658203125,8212.0,7631.490234375
darcy,460,460,919,1,1,64,32,32,1.3936940490566485e-07,0.0007651153882798,0.1141553439956624,3624.24658203125,8212.0,7631.490234375
darcy,460,460,920,1,2,64,32,32,8.015467756194995e-08,0.0005032813008814,0.1141202610160689,3624.24658203125,8212.0,7631.490234375
darcy,461,461,921,1,1,64,32,32,5.6351041166635696e-08,0.0004330772424437,0.1139468720066361,3624.24658203125,8212.0,7631.490234375
darcy,461,461,922,1,2,64,32,32,1.2292893813992126e-07,0.0007241753356975,0.1136489289929159,3624.24658203125,8212.0,7631.490234375
darcy,462,462,923,1,1,64,32,32,6.54736354022134e-08,0.000419040176958,0.1143450469826348,3624.24658203125,8212.0,7631.490234375
darcy,462,462,924,1,2,64,32,32,3.097814271768584e-08,5.552617353665601e-05,0.1146289839816745,3624.24658203125,8212.0,7631.490234375
darcy,463,463,925,1,1,64,32,32,1.3298600265443386e-07,0.0007723489134729,0.1143385469913482,3624.24658203125,8212.0,7631.490234375
darcy,463,463,926,1,2,64,32,32,1.0498657587731941e-07,0.0006277186146625,0.1138967879815027,3624.24658203125,8212.0,7631.490234375
darcy,464,464,927,1,1,64,32,32,3.70716328745857e-08,0.0001538919697324,0.1138097110087983,3624.24658203125,8212.0,7631.490234375
darcy,464,464,928,1,2,64,32,32,7.772066368261221e-08,0.0005333679977077,0.1135413930169306,3624.24658203125,8212.0,7631.490234375
darcy,465,465,929,1,1,64,32,32,8.724016709038551e-08,0.0005790187954973,0.1142739130009431,3624.24658203125,8212.0,7631.490234375
darcy,465,465,930,1,2,64,32,32,4.2471594241533246e-08,0.0001833175848255,0.1136394919885788,3624.24658203125,8212.0,7631.490234375
darcy,466,466,931,1,1,64,32,32,9.500573838749916e-08,0.0006242373124661,0.1142312040028628,3624.24658203125,8212.0,7631.490234375
darcy,466,466,932,1,2,64,32,32,8.643726800983131e-08,0.0005725152495078,0.1141614069929346,3624.24658203125,8212.0,7631.490234375
darcy,467,467,933,1,1,64,32,32,3.3343422245479815e-08,7.39954521066892e-05,0.1141601270064711,3624.24658203125,8212.0,7631.490234375
darcy,467,467,934,1,2,64,32,32,5.36770237147266e-08,0.0003254233179531,0.1137850820086896,3624.24658203125,8212.0,7631.490234375
darcy,468,468,935,1,1,64,32,32,8.762233960624145e-08,0.0006104642156296,0.1143402739835437,3624.24658203125,8212.0,7631.490234375
darcy,468,468,936,1,2,64,32,32,4.430137678923529e-08,0.0003054274097403,0.114164664002601,3624.24658203125,8212.0,7631.490234375
darcy,469,469,937,1,1,64,32,32,6.304455268946185e-08,0.0004545013489985,0.1143211519811302,3624.24658203125,8212.0,7631.490234375
darcy,469,469,938,1,2,64,32,32,7.593823880824857e-08,0.0005270516378747,0.1142510639911051,3624.24658203125,8212.0,7631.490234375
darcy,470,470,939,1,1,64,32,32,3.845471852059745e-08,0.0002676522696833,0.1142902630090247,3624.24658203125,8212.0,7631.490234375
darcy,470,470,940,1,2,64,32,32,3.3808102983812205e-08,0.0001658805389201,0.1138950879976619,3624.24658203125,8212.0,7631.490234375
darcy,471,471,941,1,1,64,32,32,1.0415974571742481e-07,0.0006712480771086,0.1144681800215039,3624.24658203125,8212.0,7631.490234375
darcy,471,471,942,1,2,64,32,32,5.16574765185851e-08,0.0004205698585225,0.1142933420196641,3624.24658203125,8212.0,7631.490234375
darcy,472,472,943,1,1,64,32,32,4.371547035475487e-08,0.0002956336830485,0.1142988999781664,3624.24658203125,8212.0,7631.490234375
darcy,472,472,944,1,2,64,32,32,7.736682050563105e-08,0.0005286185852653,0.114050236006733,3624.24658203125,8212.0,7631.490234375
darcy,473,473,945,1,1,64,32,32,5.4667260940277635e-08,0.0004164364680809,0.1143506479857023,3624.24658203125,8212.0,7631.490234375
darcy,473,473,946,1,2,64,32,32,2.854498326598787e-08,2.1943159303966235e-05,0.1136593379778787,3624.24658203125,8212.0,7631.490234375
darcy,474,474,947,1,1,64,32,32,9.538491241301017e-08,0.000643898367266,0.1139915869862306,3624.24658203125,8212.0,7631.490234375
darcy,474,474,948,1,2,64,32,32,7.340283048051789e-08,0.0005272208866871,0.1138415170134976,3624.24658203125,8212.0,7631.490234375
darcy,475,475,949,1,1,64,32,32,2.8883484048947142e-08,0.000122274942681,0.1142191610124427,3624.24658203125,8212.0,7631.490234375
darcy,475,475,950,1,2,64,32,32,6.489840842505147e-08,0.0004577813446693,0.1139537100098095,3624.24658203125,8212.0,7631.490234375
darcy,476,476,951,1,1,64,32,32,7.587379258211514e-08,0.0005464463099781,0.1140622140082996,3624.24658203125,8212.0,7631.490234375
darcy,476,476,952,1,2,64,32,32,3.1023475344227336e-08,0.0001864475479334,0.1139550210209563,3624.24658203125,8212.0,7631.490234375
darcy,477,477,953,1,1,64,32,32,8.354232505780601e-08,0.0005904412833778,0.1145472709904424,3624.24658203125,8212.0,7631.490234375
darcy,477,477,954,1,2,64,32,32,9.873065209831112e-08,0.0006403188307571,0.1141007209953386,3624.24658203125,8212.0,7631.490234375
darcy,478,478,955,1,1,64,32,32,3.08228322865034e-08,0.0001208445023741,0.1141720080049708,3624.24658203125,8212.0,7631.490234375
darcy,478,478,956,1,2,64,32,32,4.358008354188314e-08,0.000318404248024,0.1141386299859732,3624.24658203125,8212.0,7631.490234375
darcy,479,479,957,1,1,64,32,32,1.277670662602759e-07,0.0007614292371556,0.1144832040008623,3624.24658203125,8212.0,7631.490234375
darcy,479,479,958,1,2,64,32,32,5.975399375302004e-08,0.0004063042409068,0.1142151269887108,3624.24658203125,8212.0,7631.490234375
darcy,480,480,959,1,1,64,32,32,6.65347670292249e-08,0.0004851034337499,0.1144475679902825,3624.24658203125,8212.0,7631.490234375
darcy,480,480,960,1,2,64,32,32,1.0642652625847405e-07,0.0006757578496639,0.1140902500192169,3624.24658203125,8212.0,7631.490234375
darcy,481,481,961,1,1,64,32,32,5.415924064777756e-08,0.0003888278774573,0.1144504160038195,3624.24658203125,8212.0,7631.490234375
darcy,481,481,962,1,2,64,32,32,2.8642897831332448e-08,0.0001531255678038,0.113931647996651,3624.24658203125,8212.0,7631.490234375
darcy,482,482,963,1,1,64,32,32,1.38126537763128e-07,0.00078619932377,0.114504744997248,3624.24658203125,8212.0,7631.490234375
darcy,482,482,964,1,2,64,32,32,9.470673489886394e-08,0.0005924624143515,0.1142424580175429,3624.24658203125,8212.0,7631.490234375
darcy,483,483,965,1,1,64,32,32,4.188310498420833e-08,0.000286828098064,0.1148420889803674,3624.24658203125,8212.0,7631.490234375
darcy,483,483,966,1,2,64,32,32,9.326860350711287e-08,0.0006130357524203,0.1146419320139102,3624.24658203125,8212.0,7631.490234375
darcy,484,484,967,1,1,64,32,32,6.934374852107794e-08,0.000489159496018,0.1142041569983121,3624.24658203125,8212.0,7631.490234375
darcy,484,484,968,1,2,64,32,32,2.7741506869460864e-08,0.0001012284317081,0.1139450219925493,3624.24658203125,8212.0,7631.490234375
darcy,485,485,969,1,1,64,32,32,1.1521713361162257e-07,0.0007150356327705,0.1141755110002122,3624.24658203125,8212.0,7631.490234375
darcy,485,485,970,1,2,64,32,32,9.372554643505283e-08,0.0005985695065159,0.1137072860146872,3624.24658203125,8212.0,7631.490234375
darcy,486,486,971,1,1,64,32,32,2.7591605444854398e-08,1.014653882868475e-05,0.1141189289919566,3624.24658203125,8212.0,7631.490234375
darcy,486,486,972,1,2,64,32,32,7.943621227468611e-08,0.0005383305306015,0.1138648579944856,3624.24658203125,8212.0,7631.490234375
darcy,487,487,973,1,1,64,32,32,8.82534862967077e-08,0.0005895156072856,0.1143070999823976,3624.24658203125,8212.0,7631.490234375
darcy,487,487,974,1,2,64,32,32,3.3461024173675475e-08,0.000213401593642,0.1140772369981277,3624.24658203125,8212.0,7631.490234375
darcy,488,488,975,1,1,64,32,32,8.32131732408925e-08,0.0005760576043813,0.1155964990030042,3624.24658203125,8212.0,7631.490234375
darcy,488,488,976,1,2,64,32,32,1.0769114311415252e-07,0.0006649243095044,0.1150397369929123,3624.24658203125,8212.0,7631.490234375
darcy,489,489,977,1,1,64,32,32,3.064712572609096e-08,8.48144986177412e-05,0.1136802110122516,3624.24658203125,8212.0,7631.490234375
darcy,489,489,978,1,2,64,32,32,3.849564578217724e-08,0.0002568912666476,0.1133919599815271,3624.24658203125,8212.0,7631.490234375
darcy,490,490,979,1,1,64,32,32,1.0340669831521154e-07,0.0006727977669463,0.1142353689938318,3624.24658203125,8212.0,7631.490234375
darcy,490,490,980,1,2,64,32,32,6.089741333425991e-08,0.0004265820283824,0.1142363630060572,3624.24658203125,8212.0,7631.490234375
darcy,491,491,981,1,1,64,32,32,4.9780656041775735e-08,0.0003711328872138,0.1142184540221933,3624.24658203125,8212.0,7631.490234375
darcy,491,491,982,1,2,64,32,32,8.73760299668902e-08,0.0005709700962323,0.1140025929780677,3624.24658203125,8212.0,7631.490234375
darcy,492,492,983,1,1,64,32,32,6.26991862873183e-08,0.0004343411285795,0.1144825209921691,3624.24658203125,8212.0,7631.490234375
darcy,492,492,984,1,2,64,32,32,2.9858973960017465e-08,1.929431725789771e-05,0.1150955070042982,3624.24658203125,8212.0,7631.490234375
darcy,493,493,985,1,1,64,32,32,1.1628257823304013e-07,0.0007274809627589,0.1143786729953717,3624.24658203125,8212.0,7631.490234375
darcy,493,493,986,1,2,64,32,32,8.572907717052659e-08,0.0005821406658197,0.1140058389864862,3624.24658203125,8212.0,7631.490234375
darcy,494,494,987,1,1,64,32,32,3.293229511314166e-08,0.0001051222488929,0.1144215239910408,3624.24658203125,8212.0,7631.490234375
darcy,494,494,988,1,2,64,32,32,5.6851593654982935e-08,0.0003961663595909,0.1140614759933669,3624.24658203125,8212.0,7631.490234375
darcy,495,495,989,1,1,64,32,32,1.1212965489448835e-07,0.0006991839666362,0.1143919400055892,3624.24658203125,8212.0,7631.490234375
darcy,495,495,990,1,2,64,32,32,4.615092308313251e-08,0.0002811346232432,0.1146388179913628,3624.24658203125,8212.0,7631.490234375
darcy,496,496,991,1,1,64,32,32,8.605554313589893e-08,0.0005937960210703,0.1142494340019766,3624.24658203125,8212.0,7631.490234375
darcy,496,496,992,1,2,64,32,32,1.0680627582360105e-07,0.0006870919190255,0.1136059720010962,3624.24658203125,8212.0,7631.490234375
darcy,497,497,993,1,1,64,32,32,4.102238904124533e-08,0.000277381182817,0.1143279290117789,3624.24658203125,8212.0,7631.490234375
darcy,497,497,994,1,2,64,32,32,4.9465192830666644e-08,0.0003087758982343,0.1142011680058203,3624.24658203125,8212.0,7631.490234375
darcy,498,498,995,1,1,64,32,32,1.3591073866336958e-07,0.0007876766665457,0.1145058299880474,3624.24658203125,8212.0,7631.490234375
darcy,498,498,996,1,2,64,32,32,8.243137727959039e-08,0.0005460669497608,0.1141602520074229,3624.24658203125,8212.0,7631.490234375
darcy,499,499,997,1,1,64,32,32,5.316841011904216e-08,0.0004012714816819,0.1145403319969773,3624.24658203125,8212.0,7631.490234375
darcy,499,499,998,1,2,64,32,32,1.258645738744235e-07,0.0007495071811753,0.1141517880023457,3624.24658203125,8212.0,7631.490234375
darcy,500,500,999,1,1,64,32,32,5.781830481055295e-08,0.0004453013663864,0.1144917799974791,3624.24658203125,8212.0,7631.490234375
darcy,500,500,1000,1,2,64,32,32,3.252075586601677e-08,2.6780552184006687e-05,0.1142712509899865,3624.24658203125,8212.0,7631.490234375
darcy,501,501,1001,1,1,64,32,32,1.30338406734154e-07,0.0007676472295874,0.114280454989057,3624.24658203125,8212.0,7631.490234375
darcy,501,501,1002,1,2,64,32,32,1.1822594814248077e-07,0.0007214895240088,0.1145693779981229,3624.24658203125,8212.0,7631.490234375
darcy,502,502,1003,1,1,64,32,32,3.147620830645792e-08,0.0001152377140933,0.1143614600005094,3624.24658203125,8212.0,7631.490234375
darcy,502,502,1004,1,2,64,32,32,8.735656820135773e-08,0.0005582024734451,0.1138744280033279,3624.24658203125,8212.0,7631.490234375
darcy,503,503,1005,1,1,64,32,32,9.77644276645151e-08,0.0006457495570141,0.1151952540094498,3624.24658203125,8212.0,7631.490234375
darcy,503,503,1006,1,2,64,32,32,3.853386587593377e-08,0.0002703193387517,0.1151816159836016,3624.24658203125,8212.0,7631.490234375
darcy,504,504,1007,1,1,64,32,32,9.001233536309884e-08,0.0006156723593903,0.1139509759959764,3624.24658203125,8212.0,7631.490234375
darcy,504,504,1008,1,2,64,32,32,1.171300070268444e-07,0.0007019883574891,0.1136721929942723,3624.24658203125,8212.0,7631.490234375
darcy,505,505,1009,1,1,64,32,32,4.1639392378556295e-08,0.0002328790525019,0.1144992060144431,3624.24658203125,8212.0,7631.490234375
darcy,505,505,1010,1,2,64,32,32,5.038977946014712e-08,0.0003645249864143,0.1136733170133084,3624.24658203125,8212.0,7631.490234375
darcy,506,506,1011,1,1,64,32,32,1.325351064451752e-07,0.0007837181855835,0.1142985830083489,3624.24658203125,8212.0,7631.490234375
darcy,506,506,1012,1,2,64,32,32,5.492119825589725e-08,0.000401827353413,0.1142763840034604,3624.24658203125,8212.0,7631.490234375
darcy,507,507,1013,1,1,64,32,32,6.272467345525001e-08,0.0004649227396574,0.1140871730167418,3624.24658203125,8212.0,7631.490234375
darcy,507,507,1014,1,2,64,32,32,9.373210474450389e-08,0.000610196212009,0.1138381840137299,3624.24658203125,8212.0,7631.490234375
darcy,508,508,1015,1,1,64,32,32,4.549262655473285e-08,0.0003201137031752,0.1143004480109084,3624.24658203125,8212.0,7631.490234375
darcy,508,508,1016,1,2,64,32,32,2.3362956014238992e-08,3.2035864249382625e-05,0.1141375199949834,3624.24658203125,8212.0,7631.490234375
darcy,509,509,1017,1,1,64,32,32,1.115101682103159e-07,0.0006959662955437,0.1147925230034161,3624.24658203125,8212.0,7631.490234375
darcy,509,509,1018,1,2,64,32,32,7.225186493542425e-08,0.0005327226138632,0.1138706089986953,3624.24658203125,8212.0,7631.490234375
darcy,510,510,1019,1,1,64,32,32,3.282028160356276e-08,0.0001237936037475,0.1141495649935677,3624.24658203125,8212.0,7631.490234375
darcy,510,510,1020,1,2,64,32,32,7.159058412753438e-08,0.0005021416043948,0.1136439269757829,3624.24658203125,8212.0,7631.490234375
darcy,511,511,1021,1,1,64,32,32,8.68484235638789e-08,0.0005972075336488,0.1141598780232016,3624.24658203125,8212.0,7631.490234375
darcy,511,511,1022,1,2,64,32,32,3.039913210045597e-08,0.0001426854495037,0.1141583559801802,3624.24658203125,8212.0,7631.490234375
darcy,512,512,1023,1,1,64,32,32,8.729043798894055e-08,0.0005996965177445,0.1168124350078869,3624.24658203125,8212.0,7631.490234375
darcy,512,512,1024,1,2,64,32,32,1.1061569438197695e-07,0.000685912521463,0.116399205988273,3624.24658203125,8212.0,7631.490234375
darcy,513,513,1025,1,1,64,32,32,3.3549909517205385e-08,0.0001396394473264,0.1144896170007996,3624.24658203125,8212.0,7631.490234375
darcy,513,513,1026,1,2,64,32,32,5.633813415784061e-08,0.0004028262795241,0.1140960589982569,3624.24658203125,8212.0,7631.490234375
darcy,514,514,1027,1,1,64,32,32,1.3246656749288377e-07,0.0007526190023424,0.1141641930153127,3624.24658203125,8212.0,7631.490234375
darcy,514,514,1028,1,2,64,32,32,6.432681232126924e-08,0.0004491754821557,0.113932959997328,3624.24658203125,8212.0,7631.490234375
darcy,515,515,1029,1,1,64,32,32,7.090967102385548e-08,0.0005167925309641,0.1138953499903436,3624.24658203125,8212.0,7631.490234375
darcy,515,515,1030,1,2,64,32,32,1.3287167632825006e-07,0.000746121950289,0.1137318260152824,3624.24658203125,8212.0,7631.490234375
darcy,516,516,1031,1,1,64,32,32,4.8995591583889115e-08,0.0003533113948284,0.1142876509984489,3624.24658203125,8212.0,7631.490234375
darcy,516,516,1032,1,2,64,32,32,2.9221464359352467e-08,0.0001050578455301,0.1140793699887581,3624.24658203125,8212.0,7631.490234375
darcy,517,517,1033,1,1,64,32,32,1.5823275134607687e-07,0.0008421731318801,0.114461715973448,3624.24658203125,8212.0,7631.490234375
darcy,517,517,1034,1,2,64,32,32,1.0766810021323181e-07,0.0006344396436105,0.1142673869908321,3624.24658203125,8212.0,7631.490234375
darcy,518,518,1035,1,1,64,32,32,4.2047016535207156e-08,0.0002902957807745,0.1145537389966193,3624.24658203125,8212.0,7631.490234375
darcy,518,518,1036,1,2,64,32,32,9.33004713488117e-08,0.0006087638720981,0.114244783995673,3624.24658203125,8212.0,7631.490234375
darcy,519,519,1037,1,1,64,32,32,9.119697352844015e-08,0.0005902351595707,0.1182561150053516,3624.24658203125,8212.0,7631.490234375
darcy,519,519,1038,1,2,64,32,32,2.6715991197079347e-08,3.921454929472298e-05,0.1139615269785281,3624.24658203125,8212.0,7631.490234375
darcy,520,520,1039,1,1,64,32,32,1.0713354470226477e-07,0.0006788743589009,0.1141290889936499,3624.24658203125,8212.0,7631.490234375
darcy,520,520,1040,1,2,64,32,32,1.0751647749884798e-07,0.000658445201823,0.1142118300194852,3624.24658203125,8212.0,7631.490234375
darcy,521,521,1041,1,1,64,32,32,3.0860686450751025e-08,6.572877898166344e-05,0.1141486930137034,3624.24658203125,8212.0,7631.490234375
darcy,521,521,1042,1,2,64,32,32,5.8968595340047614e-08,0.0004257102844175,0.1140824129979591,3624.24658203125,8212.0,7631.490234375
darcy,522,522,1043,1,1,64,32,32,1.1041306891002026e-07,0.0006851782213998,0.1143370360077824,3624.24658203125,8212.0,7631.490234375
darcy,522,522,1044,1,2,64,32,32,2.8534778095945512e-08,0.0001653978437118,0.114091814000858,3624.24658203125,8212.0,7631.490234375
darcy,523,523,1045,1,1,64,32,32,8.163862474930283e-08,0.0005721214361423,0.1144121040124446,3624.24658203125,8212.0,7631.490234375
darcy,523,523,1046,1,2,64,32,32,8.299912934717214e-08,0.0005675099272377,0.1144350869872141,3624.24658203125,8212.0,7631.490234375
darcy,524,524,1047,1,1,64,32,32,3.2521530357598756e-08,0.0001295608842174,0.114764705998823,3624.24658203125,8212.0,7631.490234375
darcy,524,524,1048,1,2,64,32,32,4.4243339658578407e-08,0.0003040288047246,0.1143506430089473,3624.24658203125,8212.0,7631.490234375
darcy,525,525,1049,1,1,64,32,32,8.710473764494965e-08,0.0006023952265786,0.1154137679841369,3624.24658203125,8212.0,7631.490234375
darcy,525,525,1050,1,2,64,32,32,5.2531586192117175e-08,0.0003708210452413,0.1154092639917507,3624.24658203125,8212.0,7631.490234375
darcy,526,526,1051,1,1,64,32,32,5.1051781468913766e-08,0.0003832312688367,0.11448945797747,3624.24658203125,8212.0,7631.490234375
darcy,526,526,1052,1,2,64,32,32,8.369675441599611e-08,0.0005629543464354,0.1142208309902343,3624.24658203125,8212.0,7631.490234375
darcy,527,527,1053,1,1,64,32,32,5.351935428166144e-08,0.0003497241506202,0.1143121909990441,3624.24658203125,8212.0,7631.490234375
darcy,527,527,1054,1,2,64,32,32,2.7680300718202492e-08,8.213568236433965e-05,0.1141146539885085,3624.24658203125,8212.0,7631.490234375
darcy,528,528,1055,1,1,64,32,32,1.0905848313313983e-07,0.0006872040079371,0.114520723989699,3624.24658203125,8212.0,7631.490234375
darcy,528,528,1056,1,2,64,32,32,6.909831995471906e-08,0.0005000044780673,0.1143294009962119,3624.24658203125,8212.0,7631.490234375
darcy,529,529,1057,1,1,64,32,32,3.143841453834284e-08,0.0001767584036287,0.1183285329898353,3624.24658203125,8212.0,7631.490234375
darcy,529,529,1058,1,2,64,32,32,6.661139195784926e-08,0.0004655762298599,0.1141598139947746,3624.24658203125,8212.0,7631.490234375
darcy,530,530,1059,1,1,64,32,32,8.286179564720443e-08,0.0005508761383915,0.1144795290019828,3624.24658203125,8212.0,7631.490234375
darcy,530,530,1060,1,2,64,32,32,2.7357595300259163e-08,0.0001708033415282,0.1139489970228169,3624.24658203125,8212.0,7631.490234375
darcy,531,531,1061,1,1,64,32,32,9.21637592909974e-08,0.0006333824032845,0.1148156910203397,3624.24658203125,8212.0,7631.490234375
darcy,531,531,1062,1,2,64,32,32,9.536728384773596e-08,0.0006311448381256,0.11419506999664,3624.24658203125,8212.0,7631.490234375
darcy,532,532,1063,1,1,64,32,32,2.9935534939795616e-08,0.0001264112567855,0.1144267759809736,3624.24658203125,8212.0,7631.490234375
darcy,532,532,1064,1,2,64,32,32,5.15586684457503e-08,0.0003847189728733,0.1144320309977047,3624.24658203125,8212.0,7631.490234375
darcy,533,533,1065,1,1,64,32,32,1.4256625036068726e-07,0.0008022385770271,0.1144259149732533,3624.24658203125,8212.0,7631.490234375
darcy,533,533,1066,1,2,64,32,32,4.2871032945868144e-08,0.0003143099239409,0.1138576759840361,3624.24658203125,8212.0,7631.490234375
darcy,534,534,1067,1,1,64,32,32,7.074234531501133e-08,0.0005219874363505,0.1143334630178287,3624.24658203125,8212.0,7631.490234375
darcy,534,534,1068,1,2,64,32,32,1.1026239121747496e-07,0.0007022994031233,0.1140267099835909,3624.24658203125,8212.0,7631.490234375
darcy,535,535,1069,1,1,64,32,32,4.1746098133899074e-08,0.0002856029253642,0.1148160249867942,3624.24658203125,8212.0,7631.490234375
darcy,535,535,1070,1,2,64,32,32,3.0637377079756334e-08,0.0001512158400864,0.1142894999939017,3624.24658203125,8212.0,7631.490234375
darcy,536,536,1071,1,1,64,32,32,1.4964757610869128e-07,0.0008350348634871,0.1146183669916354,3624.24658203125,8212.0,7631.490234375
darcy,536,536,1072,1,2,64,32,32,7.187882999915018e-08,0.0005069318120448,0.1141009230050258,3624.24658203125,8212.0,7631.490234375
darcy,537,537,1073,1,1,64,32,32,4.627981908811307e-08,0.0003654092061856,0.116948720999062,3624.24658203125,8212.0,7631.490234375
darcy,537,537,1074,1,2,64,32,32,8.932535422445653e-08,0.0005983723960345,0.1141437469923403,3624.24658203125,8212.0,7631.490234375
darcy,538,538,1075,1,1,64,32,32,5.93390119263404e-08,0.0004493474147854,0.1146335340163204,3624.24658203125,8212.0,7631.490234375
darcy,538,538,1076,1,2,64,32,32,2.6548899967338e-08,2.500735130137841e-05,0.1142921460268553,3624.24658203125,8212.0,7631.490234375
darcy,539,539,1077,1,1,64,32,32,1.0891976387483737e-07,0.0006897406728648,0.1140399120049551,3624.24658203125,8212.0,7631.490234375
darcy,539,539,1078,1,2,64,32,32,8.854819810721892e-08,0.0006032284054905,0.1136512529919855,3624.24658203125,8212.0,7631.490234375
darcy,540,540,1079,1,1,64,32,32,3.13636618898272e-08,0.0001753435741983,0.1145452100026886,3624.24658203125,8212.0,7631.490234375
darcy,540,540,1080,1,2,64,32,32,7.05982472481992e-08,0.0005011038235626,0.1140677479852456,3624.24658203125,8212.0,7631.490234375
darcy,541,541,1081,1,1,64,32,32,7.364195653281058e-08,0.0005378437293583,0.114464542013593,3624.24658203125,8212.0,7631.490234375
darcy,541,541,1082,1,2,64,32,32,2.4991102520743883e-08,0.0001389377830687,0.1141476199845783,3624.24658203125,8212.0,7631.490234375
darcy,542,542,1083,1,1,64,32,32,8.36257498804116e-08,0.0005853412377207,0.1147084989934228,3624.24658203125,8212.0,7631.490234375
darcy,542,542,1084,1,2,64,32,32,1.0138675321513801e-07,0.000653748138686,0.1143347489996813,3624.24658203125,8212.0,7631.490234375
darcy,543,543,1085,1,1,64,32,32,2.6052257240394283e-08,1.72599944578789e-05,0.11463828702108,3624.24658203125,8212.0,7631.490234375
darcy,543,543,1086,1,2,64,32,32,5.713211592706102e-08,0.0003926347482934,0.1141550189931877,3624.24658203125,8212.0,7631.490234375
darcy,544,544,1087,1,1,64,32,32,9.823305191503097e-08,0.0006370886119656,0.1141818210016936,3624.24658203125,8212.0,7631.490234375
darcy,544,544,1088,1,2,64,32,32,3.270085713324988e-08,0.0002761940629871,0.1139787179999984,3624.24658203125,8212.0,7631.490234375
darcy,545,545,1089,1,1,64,32,32,7.382209332718048e-08,0.0005010492155551,0.1144153429777361,3624.24658203125,8212.0,7631.490234375
darcy,545,545,1090,1,2,64,32,32,9.658261035383477e-08,0.0006401615658565,0.1142707450198941,3624.24658203125,8212.0,7631.490234375
darcy,546,546,1091,1,1,64,32,32,3.6462228791833695e-08,0.0002093478437543,0.1143870209925808,3624.24658203125,8212.0,7631.490234375
darcy,546,546,1092,1,2,64,32,32,4.016763810454904e-08,0.0002886172032444,0.1141612189821899,3624.24658203125,8212.0,7631.490234375
darcy,547,547,1093,1,1,64,32,32,9.75477405518177e-08,0.0006471141335939,0.1141153020143974,3624.24658203125,8212.0,7631.490234375
darcy,547,547,1094,1,2,64,32,32,6.056617252170328e-08,0.0004274064782391,0.1140602520026732,3624.24658203125,8212.0,7631.490234375
darcy,548,548,1095,1,1,64,32,32,5.168469030536471e-08,0.0003754814172738,0.1144099179946351,3624.24658203125,8212.0,7631.490234375
darcy,548,548,1096,1,2,64,32,32,9.261536604299181e-08,0.0006025133879258,0.1137408110080286,3624.24658203125,8212.0,7631.490234375
darcy,549,549,1097,1,1,64,32,32,5.624850629715184e-08,0.0003652873925715,0.1147794800053816,3624.24658203125,8212.0,7631.490234375
darcy,549,549,1098,1,2,64,32,32,2.4455996339156627e-08,0.0001106772775265,0.1149011889938265,3624.24658203125,8212.0,7631.490234375
darcy,550,550,1099,1,1,64,32,32,1.0447165266214142e-07,0.0006726658212679,0.1143975390004925,3624.24658203125,8212.0,7631.490234375
darcy,550,550,1100,1,2,64,32,32,7.618811537213332e-08,0.0005160884028831,0.1142022639978677,3624.24658203125,8212.0,7631.490234375
darcy,551,551,1101,1,1,64,32,32,3.1848340853457564e-08,0.000184780288701,0.114511477004271,3624.24658203125,8212.0,7631.490234375
darcy,551,551,1102,1,2,64,32,32,7.648207400734465e-08,0.000517491702967,0.1142956370022147,3624.24658203125,8212.0,7631.490234375
darcy,552,552,1103,1,1,64,32,32,8.28228863269942e-08,0.0005468045992933,0.114285187999485,3624.24658203125,8212.0,7631.490234375
darcy,552,552,1104,1,2,64,32,32,2.9373234511353985e-08,0.0001193621688674,0.1140191910089925,3624.24658203125,8212.0,7631.490234375
darcy,553,553,1105,1,1,64,32,32,1.0457231525151657e-07,0.0006664711603306,0.1143087059899699,3624.24658203125,8212.0,7631.490234375
darcy,553,553,1106,1,2,64,32,32,9.04066510543089e-08,0.0006041490652295,0.1139421179832425,3624.24658203125,8212.0,7631.490234375
darcy,554,554,1107,1,1,64,32,32,3.4239100443755894e-08,6.745638664199717e-05,0.1140388019848615,3624.24658203125,8212.0,7631.490234375
darcy,554,554,1108,1,2,64,32,32,4.816652676709055e-08,0.0003603310601196,0.1139134280092548,3624.24658203125,8212.0,7631.490234375
darcy,555,555,1109,1,1,64,32,32,1.2969171336862928e-07,0.0007422395325974,0.1143046350043732,3624.24658203125,8212.0,7631.490234375
darcy,555,555,1110,1,2,64,32,32,5.5320438008266144e-08,0.0003655109379415,0.1141992699995171,3624.24658203125,8212.0,7631.490234375
darcy,556,556,1111,1,1,64,32,32,7.246448063824573e-08,0.0005381786095446,0.1143318850081414,3624.24658203125,8212.0,7631.490234375
darcy,556,556,1112,1,2,64,32,32,1.0939626093886545e-07,0.0006731224522649,0.114261640002951,3624.24658203125,8212.0,7631.490234375
darcy,557,557,1113,1,1,64,32,32,5.513248879651656e-08,0.0003521783281652,0.1163227260112762,3624.24658203125,8212.0,7631.490234375
darcy,557,557,1114,1,2,64,32,32,3.7545742515021636e-08,0.0002533689515988,0.1162597030051983,3624.24658203125,8212.0,7631.490234375
darcy,558,558,1115,1,1,64,32,32,1.4594918695820525e-07,0.00081061041158,0.1145487969915848,3624.24658203125,8212.0,7631.490234375
darcy,558,558,1116,1,2,64,32,32,7.479925301367986e-08,0.000495430849575,0.1141158470127265,3624.24658203125,8212.0,7631.490234375
darcy,559,559,1117,1,1,64,32,32,4.986374335658184e-08,0.0003742375070463,0.1143897409783676,3624.24658203125,8212.0,7631.490234375
darcy,559,559,1118,1,2,64,32,32,9.955631696811906e-08,0.0006486377378641,0.1141139180108439,3624.24658203125,8212.0,7631.490234375
darcy,560,560,1119,1,1,64,32,32,6.403003283139698e-08,0.0004293084894789,0.1146752909990027,3624.24658203125,8212.0,7631.490234375
darcy,560,560,1120,1,2,64,32,32,2.7868075846981813e-08,2.6274346745781447e-05,0.1141186390013899,3624.24658203125,8212.0,7631.490234375
darcy,561,561,1121,1,1,64,32,32,1.1963497570377513e-07,0.0007333463026486,0.1144873659941367,3624.24658203125,8212.0,7631.490234375
darcy,561,561,1122,1,2,64,32,32,9.069788120541489e-08,0.0006038293970715,0.1140876919962465,3624.24658203125,8212.0,7631.490234375
darcy,562,562,1123,1,1,64,32,32,3.341602550221978e-08,0.0001481383025614,0.1140080739860422,3624.24658203125,8212.0,7631.490234375
darcy,562,562,1124,1,2,64,32,32,8.023776132404238e-08,0.0005451056769935,0.1139617629814893,3624.24658203125,8212.0,7631.490234375
darcy,563,563,1125,1,1,64,32,32,8.436084186769223e-08,0.0005870856766904,0.1145103400049265,3624.24658203125,8212.0,7631.490234375
darcy,563,563,1126,1,2,64,32,32,2.5870177111642082e-08,7.734910534282812e-05,0.1140534110018052,3624.24658203125,8212.0,7631.490234375
darcy,564,564,1127,1,1,64,32,32,9.355063212979077e-08,0.0006191629859931,0.1143999180058017,3624.24658203125,8212.0,7631.490234375
darcy,564,564,1128,1,2,64,32,32,8.681676177957344e-08,0.0005847933622228,0.1141332330007571,3624.24658203125,8212.0,7631.490234375
darcy,565,565,1129,1,1,64,32,32,2.7782752098914898e-08,1.604438868125689e-05,0.1139849339961074,3624.24658203125,8212.0,7631.490234375
darcy,565,565,1130,1,2,64,32,32,5.808970371390387e-08,0.0004128145881592,0.1140224279952235,3624.24658203125,8212.0,7631.490234375
darcy,566,566,1131,1,1,64,32,32,9.423545321851635e-08,0.0006156016375767,0.1149855899857357,3624.24658203125,8212.0,7631.490234375
darcy,566,566,1132,1,2,64,32,32,2.8898334392124525e-08,0.0001869656390265,0.115126827993663,3624.24658203125,8212.0,7631.490234375
darcy,567,567,1133,1,1,64,32,32,6.817867870267946e-08,0.0004814808416366,0.1160152599913999,3624.24658203125,8212.0,7631.490234375
darcy,567,567,1134,1,2,64,32,32,9.281982471520679e-08,0.0006211057690889,0.1156522119999863,3624.24658203125,8212.0,7631.490234375
darcy,568,568,1135,1,1,64,32,32,3.292995742754101e-08,0.0001295098430224,0.1143397190026007,3624.24658203125,8212.0,7631.490234375
darcy,568,568,1136,1,2,64,32,32,4.44299459445574e-08,0.0003337375347386,0.1136430180049501,3624.24658203125,8212.0,7631.490234375
darcy,569,569,1137,1,1,64,32,32,1.005941143716882e-07,0.0006545354833668,0.1143309969920665,3624.24658203125,8212.0,7631.490234375
darcy,569,569,1138,1,2,64,32,32,3.609836340956463e-08,0.0002499365913943,0.1139811569883022,3624.24658203125,8212.0,7631.490234375
darcy,570,570,1139,1,1,64,32,32,6.24406695237667e-08,0.0004644889368158,0.1146673939947504,3624.24658203125,8212.0,7631.490234375
darcy,570,570,1140,1,2,64,32,32,8.110831828389564e-08,0.0005535786994812,0.1142991659871768,3624.24658203125,8212.0,7631.490234375
darcy,571,571,1141,1,1,64,32,32,3.2646465086827454e-08,0.0001503881932606,0.1143349409976508,3624.24658203125,8212.0,7631.490234375
darcy,571,571,1142,1,2,64,32,32,4.362667027635325e-08,0.0002675570381095,0.1138442759984172,3624.24658203125,8212.0,7631.490234375
darcy,572,572,1143,1,1,64,32,32,8.578426502481308e-08,0.0005975136123933,0.1143874370027333,3624.24658203125,8212.0,7631.490234375
darcy,572,572,1144,1,2,64,32,32,3.1189664184694266e-08,0.0002435589678932,0.1138342870108317,3624.24658203125,8212.0,7631.490234375
darcy,573,573,1145,1,1,64,32,32,6.617668901753859e-08,0.0004284118139829,0.114285668998491,3624.24658203125,8212.0,7631.490234375
darcy,573,573,1146,1,2,64,32,32,7.317331807144002e-08,0.0005013913824386,0.1135871990118175,3624.24658203125,8212.0,7631.490234375
darcy,574,574,1147,1,1,64,32,32,2.9722139416321625e-08,0.0001513945822431,0.1141357570013497,3624.24658203125,8212.0,7631.490234375
darcy,574,574,1148,1,2,64,32,32,4.6691230437545534e-08,0.0002744778179723,0.1139174569980241,3624.24658203125,8212.0,7631.490234375
darcy,575,575,1149,1,1,64,32,32,7.497499865394276e-08,0.0005198779892341,0.1145049619954079,3624.24658203125,8212.0,7631.490234375
darcy,575,575,1150,1,2,64,32,32,3.36347873997056e-08,0.000282272610657,0.1141593869833741,3624.24658203125,8212.0,7631.490234375
darcy,576,576,1151,1,1,64,32,32,5.531349245302408e-08,0.0003904018670636,0.116841081995517,3624.24658203125,8212.0,7631.490234375
darcy,576,576,1152,1,2,64,32,32,8.803556994507744e-08,0.000546594907838,0.113997879991075,3624.24658203125,8212.0,7631.490234375
darcy,577,577,1153,1,1,64,32,32,2.9487605246458773e-08,0.0001950395435734,0.1142693659930955,3624.24658203125,8212.0,7631.490234375
darcy,577,577,1154,1,2,64,32,32,4.697632149941455e-08,0.0002914309042475,0.1139396140060853,3624.24658203125,8212.0,7631.490234375
darcy,578,578,1155,1,1,64,32,32,9.452601545945073e-08,0.0005870830664409,0.1143697859952226,3624.24658203125,8212.0,7631.490234375
darcy,578,578,1156,1,2,64,32,32,3.593964947867789e-08,0.0002756704534869,0.114030836004531,3624.24658203125,8212.0,7631.490234375
darcy,579,579,1157,1,1,64,32,32,5.89036588394265e-08,0.0004068319286248,0.1141779749887064,3624.24658203125,8212.0,7631.490234375
darcy,579,579,1158,1,2,64,32,32,7.742939800436943e-08,0.0005253383882831,0.1140953180147335,3624.24658203125,8212.0,7631.490234375
darcy,580,580,1159,1,1,64,32,32,3.688364103027197e-08,0.0001759135071264,0.1142523379821796,3624.24658203125,8212.0,7631.490234375
darcy,580,580,1160,1,2,64,32,32,3.0004450479736995e-08,0.0001720237053325,0.1140933539718389,3624.24658203125,8212.0,7631.490234375
darcy,581,581,1161,1,1,64,32,32,8.018226083095216e-08,0.0005442489303582,0.1140878699952736,3624.24658203125,8212.0,7631.490234375
darcy,581,581,1162,1,2,64,32,32,6.085208070771841e-08,0.0004054240867322,0.1135429679998196,3624.24658203125,8212.0,7631.490234375
darcy,582,582,1163,1,1,64,32,32,4.5453131036765626e-08,0.000340031207566,0.1140453529951628,3624.24658203125,8212.0,7631.490234375
darcy,582,582,1164,1,2,64,32,32,5.5881134386481797e-08,0.000408441518205,0.1139216559822671,3624.24658203125,8212.0,7631.490234375
darcy,583,583,1165,1,1,64,32,32,6.368652094579376e-08,0.0003975620586416,0.1144265629991423,3624.24658203125,8212.0,7631.490234375
darcy,583,583,1166,1,2,64,32,32,2.8711417243698637e-08,2.242778206610948e-05,0.1139909079938661,3624.24658203125,8212.0,7631.490234375
darcy,584,584,1167,1,1,64,32,32,9.849858884081186e-08,0.0006434581742045,0.1144721430027857,3624.24658203125,8212.0,7631.490234375
darcy,584,584,1168,1,2,64,32,32,6.080036030198245e-08,0.0004391009479168,0.1140752730134408,3624.24658203125,8212.0,7631.490234375
darcy,585,585,1169,1,1,64,32,32,3.4560873274358534e-08,0.000116210753407,0.1143599960196297,3624.24658203125,8212.0,7631.490234375
darcy,585,585,1170,1,2,64,32,32,5.3530985866245835e-08,0.0003933173203126,0.1140607809938956,3624.24658203125,8212.0,7631.490234375
darcy,586,586,1171,1,1,64,32,32,9.18530247417948e-08,0.0005854430634809,0.1145651949918828,3624.24658203125,8212.0,7631.490234375
darcy,586,586,1172,1,2,64,32,32,3.1868463423734283e-08,0.0001392233354257,0.1141658489941619,3624.24658203125,8212.0,7631.490234375
darcy,587,587,1173,1,1,64,32,32,9.763466835011061e-08,0.0006481997314899,0.1144456190231721,3624.24658203125,8212.0,7631.490234375
darcy,587,587,1174,1,2,64,32,32,6.808654262613345e-08,0.0005145572841056,0.1141928940196521,3624.24658203125,8212.0,7631.490234375
darcy,588,588,1175,1,1,64,32,32,3.2324077636758375e-08,0.0001154164817553,0.1142215130093973,3624.24658203125,8212.0,7631.490234375
darcy,588,588,1176,1,2,64,32,32,5.3928108201262155e-08,0.0003778265512059,0.1139955960097722,3624.24658203125,8212.0,7631.490234375
darcy,589,589,1177,1,1,64,32,32,1.1225162666050893e-07,0.0007021967565648,0.1144319819868542,3624.24658203125,8212.0,7631.490234375
darcy,589,589,1178,1,2,64,32,32,4.681350418422881e-08,0.0003095545408425,0.1137802979792468,3624.24658203125,8212.0,7631.490234375
darcy,590,590,1179,1,1,64,32,32,8.331839040920387e-08,0.0005775505085824,0.114248908997979,3624.24658203125,8212.0,7631.490234375
darcy,590,590,1180,1,2,64,32,32,9.328260119900733e-08,0.0006387375099253,0.1138475250045303,3624.24658203125,8212.0,7631.490234375
darcy,591,591,1181,1,1,64,32,32,3.673605775134092e-08,0.0002442862034083,0.114007848984329,3624.24658203125,8212.0,7631.490234375
darcy,591,591,1182,1,2,64,32,32,4.79739625802722e-08,0.0002697258153043,0.1136234409932512,3624.24658203125,8212.0,7631.490234375
darcy,592,592,1183,1,1,64,32,32,1.2770541957252138e-07,0.000769947197549,0.1139074020029511,3624.24658203125,8212.0,7631.490234375
darcy,592,592,1184,1,2,64,32,32,6.225110382729326e-08,0.0004557778103569,0.1135891739977523,3624.24658203125,8212.0,7631.490234375
darcy,593,593,1185,1,1,64,32,32,5.385798829138366e-08,0.0003931701668703,0.116106369998306,3624.24658203125,8212.0,7631.490234375
darcy,593,593,1186,1,2,64,32,32,1.1646331898873541e-07,0.0007234394435397,0.1158246879931539,3624.24658203125,8212.0,7631.490234375
darcy,594,594,1187,1,1,64,32,32,5.0964850117907197e-08,0.0003924069636204,0.11425165401306,3624.24658203125,8212.0,7631.490234375
darcy,594,594,1188,1,2,64,32,32,3.036430129554901e-08,0.0001171322519523,0.1141112569894176,3624.24658203125,8212.0,7631.490234375
darcy,595,595,1189,1,1,64,32,32,1.393709538888288e-07,0.0007977275380992,0.1145363279792945,3624.24658203125,8212.0,7631.490234375
darcy,595,595,1190,1,2,64,32,32,7.422669767720437e-08,0.0005408114484077,0.1140288169845007,3624.24658203125,8212.0,7631.490234375
darcy,596,596,1191,1,1,64,32,32,3.740367304772008e-08,0.0002627906467258,0.114102546009235,3624.24658203125,8212.0,7631.490234375
darcy,596,596,1192,1,2,64,32,32,9.511208531876036e-08,0.0006208229175083,0.1136948479979764,3624.24658203125,8212.0,7631.490234375
darcy,597,597,1193,1,1,64,32,32,6.201256042004388e-08,0.0004685584859229,0.1143617439956869,3624.24658203125,8212.0,7631.490234375
darcy,597,597,1194,1,2,64,32,32,2.3362751733202455e-08,3.4954296909536864e-05,0.1139726210094522,3624.24658203125,8212.0,7631.490234375
darcy,598,598,1195,1,1,64,32,32,1.133964175892288e-07,0.000710378157954,0.1141047730052378,3624.24658203125,8212.0,7631.490234375
darcy,598,598,1196,1,2,64,32,32,7.953502745294827e-08,0.0005545231954374,0.1138991850020829,3624.24658203125,8212.0,7631.490234375
darcy,599,599,1197,1,1,64,32,32,2.9048623062521983e-08,0.0001121100139776,0.1142521089932415,3624.24658203125,8212.0,7631.490234375
darcy,599,599,1198,1,2,64,32,32,7.23950748238167e-08,0.0005161834835897,0.1143328890029806,3624.24658203125,8212.0,7631.490234375
darcy,600,600,1199,1,1,64,32,32,6.893955628584082e-08,0.0005043283120244,0.1146558499895036,3624.24658203125,8212.0,7631.490234375
darcy,600,600,1200,1,2,64,32,32,3.222048761131191e-08,0.0001543371073367,0.1146316570229828,3624.24658203125,8212.0,7631.490234375
darcy,601,601,1201,1,1,64,32,32,8.901808001837709e-08,0.0006178078005795,0.1148397659999318,3624.24658203125,8212.0,7631.490234375
darcy,601,601,1202,1,2,64,32,32,8.808270735016778e-08,0.0005832973739102,0.1145650859980378,3624.24658203125,8212.0,7631.490234375
darcy,602,602,1203,1,1,64,32,32,3.4455908348718374e-08,3.895904214642395e-05,0.1143521199992392,3624.24658203125,8212.0,7631.490234375
darcy,602,602,1204,1,2,64,32,32,6.24648350822099e-08,0.0004163925946175,0.1146736220107413,3624.24658203125,8212.0,7631.490234375
darcy,603,603,1205,1,1,64,32,32,7.752651498549312e-08,0.0005495978406939,0.1171414220007136,3624.24658203125,8212.0,7631.490234375
darcy,603,603,1206,1,2,64,32,32,2.9259679124038485e-08,0.0001657658771049,0.1165791169914882,3624.24658203125,8212.0,7631.490234375
darcy,604,604,1207,1,1,64,32,32,8.520978411752368e-08,0.0005468362578996,0.1149673240142874,3624.24658203125,8212.0,7631.490234375
darcy,604,604,1208,1,2,64,32,32,7.77889752612282e-08,0.0005408828061277,0.114306294999551,3624.24658203125,8212.0,7631.490234375
darcy,605,605,1209,1,1,64,32,32,2.6708670830544182e-08,1.529993981185273e-05,0.1198926829965785,3624.24658203125,8212.0,7631.490234375
darcy,605,605,1210,1,2,64,32,32,5.9296493049032506e-08,0.0003505310395303,0.116048962023342,3624.24658203125,8212.0,7631.490234375
darcy,606,606,1211,1,1,64,32,32,7.131951917926926e-08,0.0005156315775304,0.1165342169988434,3624.24658203125,8212.0,7631.490234375
darcy,606,606,1212,1,2,64,32,32,2.8893166970078713e-08,0.0002052679171334,0.1162649799953214,3624.24658203125,8212.0,7631.490234375
darcy,607,607,1213,1,1,64,32,32,8.01301496267115e-08,0.0005148479331767,0.1139497290132567,3624.24658203125,8212.0,7631.490234375
darcy,607,607,1214,1,2,64,32,32,7.577894933774587e-08,0.0004984221506509,0.1136864789878018,3624.24658203125,8212.0,7631.490234375
darcy,608,608,1215,1,1,64,32,32,2.5786716761899697e-08,5.625655785083917e-05,0.1141180220001842,3624.24658203125,8212.0,7631.490234375
darcy,608,608,1216,1,2,64,32,32,4.9406576607680115e-08,0.000337121066174,0.1136143420008011,3624.24658203125,8212.0,7631.490234375
darcy,609,609,1217,1,1,64,32,32,7.833236992382808e-08,0.0005269491636391,0.1140262389963027,3624.24658203125,8212.0,7631.490234375
darcy,609,609,1218,1,2,64,32,32,2.7885477038580572e-08,0.0001830015465165,0.1136119269940536,3624.24658203125,8212.0,7631.490234375
darcy,610,610,1219,1,1,64,32,32,7.801207146940214e-08,0.0005244133526548,0.1200908870087005,3624.24658203125,8212.0,7631.490234375
darcy,610,610,1220,1,2,64,32,32,6.209283753833006e-08,0.0004483498459173,0.1158748680027201,3624.24658203125,8212.0,7631.490234375
darcy,611,611,1221,1,1,64,32,32,2.4855065561268933e-08,1.459959825948022e-05,0.1163393930182792,3624.24658203125,8212.0,7631.490234375
darcy,611,611,1222,1,2,64,32,32,3.6347152843063675e-08,0.0002465582917437,0.1163498770038131,3624.24658203125,8212.0,7631.490234375
darcy,612,612,1223,1,1,64,32,32,6.25711678026164e-08,0.0004590897286712,0.1169112909992691,3624.24658203125,8212.0,7631.490234375
darcy,612,612,1224,1,2,64,32,32,3.041290952410236e-08,0.0001993643812452,0.1162810820096638,3624.24658203125,8212.0,7631.490234375
darcy,613,613,1225,1,1,64,32,32,5.3274078481990734e-08,0.0003934682880367,0.1169405309774447,3624.24658203125,8212.0,7631.490234375
darcy,613,613,1226,1,2,64,32,32,7.419721725909767e-08,0.0005148798908373,0.1166416409832891,3624.24658203125,8212.0,7631.490234375
darcy,614,614,1227,1,1,64,32,32,2.6754928938999e-08,7.352306813333431e-05,0.1166803850210271,3624.24658203125,8212.0,7631.490234375
darcy,614,614,1228,1,2,64,32,32,4.2111270914801935e-08,0.0003162588748907,0.116553985979408,3624.24658203125,8212.0,7631.490234375
darcy,615,615,1229,1,1,64,32,32,7.226112330727119e-08,0.0005127413837991,0.1182130800152663,3624.24658203125,8212.0,7631.490234375
darcy,615,615,1230,1,2,64,32,32,2.988801384162798e-08,0.0001896881453071,0.1166443510155659,3624.24658203125,8212.0,7631.490234375
darcy,616,616,1231,1,1,64,32,32,5.8699317406762936e-08,0.0004384062498855,0.1165743000165093,3624.24658203125,8212.0,7631.490234375
darcy,616,616,1232,1,2,64,32,32,7.523212275373227e-08,0.0005262493656587,0.1162909219856374,3624.24658203125,8212.0,7631.490234375
darcy,617,617,1233,1,1,64,32,32,2.60590748979439e-08,1.0661045984668073e-05,0.1165590960008557,3624.24658203125,8212.0,7631.490234375
darcy,617,617,1234,1,2,64,32,32,3.383241775622992e-08,0.0002334290950935,0.1163674469862598,3624.24658203125,8212.0,7631.490234375
darcy,618,618,1235,1,1,64,32,32,6.621196035894172e-08,0.000497205174848,0.1166722270136233,3624.24658203125,8212.0,7631.490234375
darcy,618,618,1236,1,2,64,32,32,3.4890344835503135e-08,0.0002469209925159,0.1164122769841924,3624.24658203125,8212.0,7631.490234375
darcy,619,619,1237,1,1,64,32,32,5.670558067549791e-08,0.0004143532125086,0.1166880119999405,3624.24658203125,8212.0,7631.490234375
darcy,619,619,1238,1,2,64,32,32,6.281124598217502e-08,0.0004865384088787,0.1164957289875019,3624.24658203125,8212.0,7631.490234375
darcy,620,620,1239,1,1,64,32,32,2.3567567453142143e-08,6.170808646699686e-05,0.1171028050011955,3624.24658203125,8212.0,7631.490234375
darcy,620,620,1240,1,2,64,32,32,3.0993358990372144e-08,0.0001705326320499,0.1165514729800634,3624.24658203125,8212.0,7631.490234375
darcy,621,621,1241,1,1,64,32,32,6.847950118071823e-08,0.0005178565864573,0.1169371060095727,3624.24658203125,8212.0,7631.490234375
darcy,621,621,1242,1,2,64,32,32,3.507495094368096e-08,0.0002513370633611,0.1166784189990721,3624.24658203125,8212.0,7631.490234375
darcy,622,622,1243,1,1,64,32,32,5.1959048619210086e-08,0.0003780734188569,0.1167610750126186,3624.24658203125,8212.0,7631.490234375
darcy,622,622,1244,1,2,64,32,32,6.32245331644299e-08,0.0004630858765621,0.1161562530032824,3624.24658203125,8212.0,7631.490234375
darcy,623,623,1245,1,1,64,32,32,2.7625109311202326e-08,0.000113138169241,0.1165726209874264,3624.24658203125,8212.0,7631.490234375
darcy,623,623,1246,1,2,64,32,32,3.366868739362872e-08,0.0002265006191251,0.1161077180004213,3624.24658203125,8212.0,7631.490234375
darcy,624,624,1247,1,1,64,32,32,6.17082562825999e-08,0.0004758404476132,0.1162743010208942,3624.24658203125,8212.0,7631.490234375
darcy,624,624,1248,1,2,64,32,32,3.4140736460130945e-08,0.0002642573176075,0.1162370289966929,3624.24658203125,8212.0,7631.490234375
darcy,625,625,1249,1,1,64,32,32,6.065373270303098e-08,0.000432514739445,0.1166345800156705,3624.24658203125,8212.0,7631.490234375
darcy,625,625,1250,1,2,64,32,32,5.7773039685571355e-08,0.0004391956824968,0.1164497580030001,3624.24658203125,8212.0,7631.490234375
darcy,626,626,1251,1,1,64,32,32,2.7250770529008154e-08,8.84758061669326e-05,0.1167493489920161,3624.24658203125,8212.0,7631.490234375
darcy,626,626,1252,1,2,64,32,32,3.6031096328770225e-08,0.0002670129846391,0.1164767470036167,3624.24658203125,8212.0,7631.490234375
darcy,627,627,1253,1,1,64,32,32,5.733678420938305e-08,0.0004481231585264,0.1167848749901168,3624.24658203125,8212.0,7631.490234375
darcy,627,627,1254,1,2,64,32,32,3.169670037550532e-08,0.0002380027998343,0.1164389970072079,3624.24658203125,8212.0,7631.490234375
darcy,628,628,1255,1,1,64,32,32,5.6675709458886565e-08,0.0004118701481756,0.1170591579866595,3624.24658203125,8212.0,7631.490234375
darcy,628,628,1256,1,2,64,32,32,7.492108267115327e-08,0.0005256451789217,0.1145447179733309,3624.24658203125,8212.0,7631.490234375
darcy,629,629,1257,1,1,64,32,32,2.220910566563816e-08,7.88905429143495e-06,0.1141896829940378,3624.24658203125,8212.0,7631.490234375
darcy,629,629,1258,1,2,64,32,32,3.906127332697906e-08,0.0002510626371178,0.1136602810001932,3624.24658203125,8212.0,7631.490234375
darcy,630,630,1259,1,1,64,32,32,5.784159284871748e-08,0.0004468623119729,0.1141237340052612,3624.24658203125,8212.0,7631.490234375
darcy,630,630,1260,1,2,64,32,32,3.3063884075090755e-08,0.0002393541363165,0.1137175149924587,3624.24658203125,8212.0,7631.490234375
darcy,631,631,1261,1,1,64,32,32,5.6700027784017954e-08,0.0004288491998506,0.1143276990042068,3624.24658203125,8212.0,7631.490234375
darcy,631,631,1262,1,2,64,32,32,7.377861521717932e-08,0.000514764475568,0.1137978839979041,3624.24658203125,8212.0,7631.490234375
darcy,632,632,1263,1,1,64,32,32,2.270127730241711e-08,3.1417692413738875e-05,0.1144117939984425,3624.24658203125,8212.0,7631.490234375
darcy,632,632,1264,1,2,64,32,32,3.322605834910064e-08,0.0001984614631227,0.113962049013935,3624.24658203125,8212.0,7631.490234375
darcy,633,633,1265,1,1,64,32,32,6.548982867116139e-08,0.0004853039217242,0.1148970359936356,3624.24658203125,8212.0,7631.490234375
darcy,633,633,1266,1,2,64,32,32,2.9564226622369464e-08,0.0001945540930773,0.1143641600210685,3624.24658203125,8212.0,7631.490234375
darcy,634,634,1267,1,1,64,32,32,6.316891898450194e-08,0.0004393413309352,0.1141811510024126,3624.24658203125,8212.0,7631.490234375
darcy,634,634,1268,1,2,64,32,32,5.68370523978956e-08,0.0004398367775471,0.1142454090004321,3624.24658203125,8212.0,7631.490234375
darcy,635,635,1269,1,1,64,32,32,2.2372541153004025e-08,2.4153470929648827e-05,0.1148322510125581,3624.24658203125,8212.0,7631.490234375
darcy,635,635,1270,1,2,64,32,32,3.4870723197855114e-08,0.0002370658247265,0.1148145709885284,3624.24658203125,8212.0,7631.490234375
darcy,636,636,1271,1,1,64,32,32,5.236045907963671e-08,0.0004123652095967,0.1145318899943959,3624.24658203125,8212.0,7631.490234375
darcy,636,636,1272,1,2,64,32,32,2.7744260222561934e-08,0.0001694195271547,0.1145441739936359,3624.24658203125,8212.0,7631.490234375
darcy,637,637,1273,1,1,64,32,32,6.495385918015019e-08,0.0004709699340698,0.1147304949990939,3624.24658203125,8212.0,7631.490234375
darcy,637,637,1274,1,2,64,32,32,4.302924239141248e-08,0.0003538094140372,0.114256799017312,3624.24658203125,8212.0,7631.490234375
darcy,638,638,1275,1,1,64,32,32,2.4446419999435424e-08,7.019063882389895e-05,0.1143359869893174,3624.24658203125,8212.0,7631.490234375
darcy,638,638,1276,1,2,64,32,32,3.8256999346231175e-08,0.0002853739512772,0.1142659039760474,3624.24658203125,8212.0,7631.490234375
darcy,639,639,1277,1,1,64,32,32,4.1891500046631336e-08,0.0003390099610789,0.1146475840068887,3624.24658203125,8212.0,7631.490234375
darcy,639,639,1278,1,2,64,32,32,2.1887300860612413e-08,3.299814786579443e-05,0.1146712379995733,3624.24658203125,8212.0,7631.490234375
darcy,640,640,1279,1,1,64,32,32,6.823756848461926e-08,0.0004872185518599,0.1143279380048625,3624.24658203125,8212.0,7631.490234375
darcy,640,640,1280,1,2,64,32,32,4.0142033697065926e-08,0.0003261702980011,0.1141262069868389,3624.24658203125,8212.0,7631.490234375
darcy,641,641,1281,1,1,64,32,32,3.81968483509354e-08,0.0002853631667002,0.1144959749944973,3624.24658203125,8212.0,7631.490234375
darcy,641,641,1282,1,2,64,32,32,3.774530554778721e-08,0.0002977863206692,0.1137723610154353,3624.24658203125,8212.0,7631.490234375
darcy,642,642,1283,1,1,64,32,32,3.1916293607991975e-08,0.000239276700701,0.1144268329953774,3624.24658203125,8212.0,7631.490234375
darcy,642,642,1284,1,2,64,32,32,2.3946141070041452e-08,0.0001059983692666,0.1140766449971124,3624.24658203125,8212.0,7631.490234375
darcy,643,643,1285,1,1,64,32,32,6.92210164743301e-08,0.0004900818352681,0.1145212529809214,3624.24658203125,8212.0,7631.490234375
darcy,643,643,1286,1,2,64,32,32,4.372974515831629e-08,0.0003216132241229,0.1141947679861914,3624.24658203125,8212.0,7631.490234375
darcy,644,644,1287,1,1,64,32,32,4.248654761340731e-08,0.0003503971311074,0.114583353017224,3624.24658203125,8212.0,7631.490234375
darcy,644,644,1288,1,2,64,32,32,7.282949354703305e-08,0.00049990548455,0.1141523529950063,3624.24658203125,8212.0,7631.490234375
darcy,645,645,1289,1,1,64,32,32,3.0393543681839226e-08,0.0001836737292373,0.114715099975001,3624.24658203125,8212.0,7631.490234375
darcy,645,645,1290,1,2,64,32,32,2.7848232164728873e-08,0.0001765593242759,0.1143262489931657,3624.24658203125,8212.0,7631.490234375
darcy,646,646,1291,1,1,64,32,32,9.094831909806089e-08,0.0005815706917031,0.1146011799864936,3624.24658203125,8212.0,7631.490234375
darcy,646,646,1292,1,2,64,32,32,6.730680013333767e-08,0.0004382315389486,0.1143435530248098,3624.24658203125,8212.0,7631.490234375
darcy,647,647,1293,1,1,64,32,32,5.2775995129650255e-08,0.0004421565735834,0.1144728669896721,3624.24658203125,8212.0,7631.490234375
darcy,647,647,1294,1,2,64,32,32,8.726276945481004e-08,0.0005570270355754,0.1143777969991788,3624.24658203125,8212.0,7631.490234375
darcy,648,648,1295,1,1,64,32,32,5.350552712002354e-08,0.0003222994936934,0.1145655669970437,3624.24658203125,8212.0,7631.490234375
darcy,648,648,1296,1,2,64,32,32,3.1276623957410266e-08,0.0002339511664947,0.1141478620120324,3624.24658203125,8212.0,7631.490234375
darcy,649,649,1297,1,1,64,32,32,1.230958730502607e-07,0.0007093611815757,0.1144251099904067,3624.24658203125,8212.0,7631.490234375
darcy,649,649,1298,1,2,64,32,32,5.870967356713663e-08,0.0004128053393695,0.1140353269875049,3624.24658203125,8212.0,7631.490234375
darcy,650,650,1299,1,1,64,32,32,5.678981906953595e-08,0.0004414326876044,0.1146312250057235,3624.24658203125,8212.0,7631.490234375
darcy,650,650,1300,1,2,64,32,32,8.274357554682865e-08,0.0005831512935006,0.1142962780140806,3624.24658203125,8212.0,7631.490234375
darcy,651,651,1301,1,1,64,32,32,4.0435132575566974e-08,0.0002594408519987,0.1144760550232604,3624.24658203125,8212.0,7631.490234375
darcy,651,651,1302,1,2,64,32,32,3.251712499263704e-08,7.542929209562717e-05,0.1143324580043554,3624.24658203125,8212.0,7631.490234375
darcy,652,652,1303,1,1,64,32,32,1.0832592067799852e-07,0.0006924792945792,0.1144476179906632,3624.24658203125,8212.0,7631.490234375
darcy,652,652,1304,1,2,64,32,32,7.721502015556325e-08,0.0005234484541721,0.1172410849831067,3624.24658203125,8212.0,7631.490234375
darcy,653,653,1305,1,1,64,32,32,4.7012079562591686e-08,0.0003316173124887,0.114699269994162,3624.24658203125,8212.0,7631.490234375
darcy,653,653,1306,1,2,64,32,32,8.923625216539223e-08,0.0006103966823678,0.114252124010818,3624.24658203125,8212.0,7631.490234375
darcy,654,654,1307,1,1,64,32,32,5.6603230547125356e-08,0.0004267094674169,0.114677293022396,3624.24658203125,8212.0,7631.490234375
darcy,654,654,1308,1,2,64,32,32,3.341077103868884e-08,0.0001413885620203,0.1141893249878194,3624.24658203125,8212.0,7631.490234375
darcy,655,655,1309,1,1,64,32,32,1.1711649250401025e-07,0.0007223516293924,0.1145227719971444,3624.24658203125,8212.0,7631.490234375
darcy,655,655,1310,1,2,64,32,32,6.325105061932845e-08,0.000471744714287,0.1142070659843739,3624.24658203125,8212.0,7631.490234375
darcy,656,656,1311,1,1,64,32,32,4.47175558804247e-08,0.0003288331001321,0.1161083100014366,3624.24658203125,8212.0,7631.490234375
darcy,656,656,1312,1,2,64,32,32,8.365277182065256e-08,0.0005551501561292,0.1144351830007508,3624.24658203125,8212.0,7631.490234375
darcy,657,657,1313,1,1,64,32,32,4.930524255541968e-08,0.0003990478940676,0.1145257070020306,3624.24658203125,8212.0,7631.490234375
darcy,657,657,1314,1,2,64,32,32,2.5084283095111463e-08,7.61852944457492e-05,0.1142158639850094,3624.24658203125,8212.0,7631.490234375
darcy,658,658,1315,1,1,64,32,32,1.1362143936821668e-07,0.0006952784285135,0.1146229399892035,3624.24658203125,8212.0,7631.490234375
darcy,658,658,1316,1,2,64,32,32,6.665291607532708e-08,0.0004896538359697,0.114182389981579,3624.24658203125,8212.0,7631.490234375
darcy,659,659,1317,1,1,64,32,32,3.834770012645095e-08,0.0002912868389706,0.1143770000198856,3624.24658203125,8212.0,7631.490234375
darcy,659,659,1318,1,2,64,32,32,7.78855522298727e-08,0.0005552823323631,0.114170277985977,3624.24658203125,8212.0,7631.490234375
darcy,660,660,1319,1,1,64,32,32,5.360942978427374e-08,0.0003764010015067,0.1147006579849403,3624.24658203125,8212.0,7631.490234375
darcy,660,660,1320,1,2,64,32,32,2.4434221757019262e-08,3.230289840212329e-05,0.1143303610151633,3624.24658203125,8212.0,7631.490234375
darcy,661,661,1321,1,1,64,32,32,9.763311936694664e-08,0.0006498083296427,0.1143066349904984,3624.24658203125,8212.0,7631.490234375
darcy,661,661,1322,1,2,64,32,32,7.231757592762733e-08,0.0005101770996697,0.1146241569949779,3624.24658203125,8212.0,7631.490234375
darcy,662,662,1323,1,1,64,32,32,3.8020171899688655e-08,0.0002420821680928,0.1145401269895955,3624.24658203125,8212.0,7631.490234375
darcy,662,662,1324,1,2,64,32,32,7.804771229302787e-08,0.0005478843934486,0.1144284439797047,3624.24658203125,8212.0,7631.490234375
darcy,663,663,1325,1,1,64,32,32,5.0728036882219385e-08,0.0003764856539092,0.11439445297583,3624.24658203125,8212.0,7631.490234375
darcy,663,663,1326,1,2,64,32,32,2.7896280840877807e-08,1.873418363157064e-05,0.1138520019885618,3624.24658203125,8212.0,7631.490234375
darcy,664,664,1327,1,1,64,32,32,1.0388028215402301e-07,0.0006629947996352,0.1144559480017051,3624.24658203125,8212.0,7631.490234375
darcy,664,664,1328,1,2,64,32,32,6.914209649266922e-08,0.0004955335383472,0.1138252790260594,3624.24658203125,8212.0,7631.490234375
darcy,665,665,1329,1,1,64,32,32,4.5874784859734064e-08,0.0002652347042686,0.114943136984948,3624.24658203125,8212.0,7631.490234375
darcy,665,665,1330,1,2,64,32,32,7.639367538558872e-08,0.0005125196416539,0.1138771289843134,3624.24658203125,8212.0,7631.490234375
darcy,666,666,1331,1,1,64,32,32,4.8388006490540654e-08,0.000389881112542,0.1145211560069583,3624.24658203125,8212.0,7631.490234375
darcy,666,666,1332,1,2,64,32,32,2.370223661785076e-08,5.81564894975821e-05,0.1143751929921563,3624.24658203125,8212.0,7631.490234375
darcy,667,667,1333,1,1,64,32,32,9.5172879355232e-08,0.0005983736586892,0.1143715849902946,3624.24658203125,8212.0,7631.490234375
darcy,667,667,1334,1,2,64,32,32,8.920268612655492e-08,0.0005704208160071,0.1141994170029647,3624.24658203125,8212.0,7631.490234375
darcy,668,668,1335,1,1,64,32,32,3.773715206989437e-08,0.0003002497145415,0.1144411290006246,3624.24658203125,8212.0,7631.490234375
darcy,668,668,1336,1,2,64,32,32,8.396995809789588e-08,0.0005353074099407,0.1142225990188308,3624.24658203125,8212.0,7631.490234375
darcy,669,669,1337,1,1,64,32,32,6.661853291234365e-08,0.0004462691986709,0.1144967029977124,3624.24658203125,8212.0,7631.490234375
darcy,669,669,1338,1,2,64,32,32,2.1433566033124407e-08,7.06851580093852e-05,0.1144131089968141,3624.24658203125,8212.0,7631.490234375
darcy,670,670,1339,1,1,64,32,32,1.2034500684876548e-07,0.0007017383411998,0.1145231609989423,3624.24658203125,8212.0,7631.490234375
darcy,670,670,1340,1,2,64,32,32,7.643054544814731e-08,0.0004974239501254,0.1142488709883764,3624.24658203125,8212.0,7631.490234375
darcy,671,671,1341,1,1,64,32,32,3.798571057700429e-08,0.0002762058050707,0.11443929199595,3624.24658203125,8212.0,7631.490234375
darcy,671,671,1342,1,2,64,32,32,7.603603791039859e-08,0.0005460468282307,0.1141344069910701,3624.24658203125,8212.0,7631.490234375
darcy,672,672,1343,1,1,64,32,32,6.701719712509657e-08,0.0004429951168881,0.1144015599857084,3624.24658203125,8212.0,7631.490234375
darcy,672,672,1344,1,2,64,32,32,2.61550425761925e-08,9.580673232367436e-05,0.1139454189979005,3624.24658203125,8212.0,7631.490234375
darcy,673,673,1345,1,1,64,32,32,1.0862919452847565e-07,0.0006809760432888,0.1141700659936759,3624.24658203125,8212.0,7631.490234375
darcy,673,673,1346,1,2,64,32,32,6.484320635991025e-08,0.000469062058762,0.1135929400043096,3624.24658203125,8212.0,7631.490234375
darcy,674,674,1347,1,1,64,32,32,4.026647459909327e-08,0.0003068734870537,0.1143132169963792,3624.24658203125,8212.0,7631.490234375
darcy,674,674,1348,1,2,64,32,32,7.031199089624351e-08,0.0004879487542292,0.1140433110122103,3624.24658203125,8212.0,7631.490234375
darcy,675,675,1349,1,1,64,32,32,4.601692893402287e-08,0.0003553109411316,0.1141424060042481,3624.24658203125,8212.0,7631.490234375
darcy,675,675,1350,1,2,64,32,32,2.67901310024854e-08,2.2382297176522045e-05,0.1138808820105623,3624.24658203125,8212.0,7631.490234375
darcy,676,676,1351,1,1,64,32,32,9.744998408223182e-08,0.0006348760932177,0.1144318550068419,3624.24658203125,8212.0,7631.490234375
darcy,676,676,1352,1,2,64,32,32,6.517007733464197e-08,0.0004895987701553,0.1137390639923978,3624.24658203125,8212.0,7631.490234375
darcy,677,677,1353,1,1,64,32,32,3.762081490776836e-08,0.0002631442144855,0.114338994026184,3624.24658203125,8212.0,7631.490234375
darcy,677,677,1354,1,2,64,32,32,6.61546835090121e-08,0.0005018763290616,0.1139860609837342,3624.24658203125,8212.0,7631.490234375
darcy,678,678,1355,1,1,64,32,32,4.6641140727388126e-08,0.0003499604360993,0.1148459480027668,3624.24658203125,8212.0,7631.490234375
darcy,678,678,1356,1,2,64,32,32,2.4548654664613423e-08,3.2233315640250896e-05,0.1142322520026937,3624.24658203125,8212.0,7631.490234375
darcy,679,679,1357,1,1,64,32,32,9.720415050651354e-08,0.000637361417869,0.1143649829900823,3624.24658203125,8212.0,7631.490234375
darcy,679,679,1358,1,2,64,32,32,5.290734961249655e-08,0.0004063911853093,0.1141107959847431,3624.24658203125,8212.0,7631.490234375
darcy,680,680,1359,1,1,64,32,32,3.780128210451039e-08,0.0002873688506507,0.115904275997309,3624.24658203125,8212.0,7631.490234375
darcy,680,680,1360,1,2,64,32,32,6.343486091964223e-08,0.0004742777877883,0.1138817369937896,3624.24658203125,8212.0,7631.490234375
darcy,681,681,1361,1,1,64,32,32,4.18078975883418e-08,0.0003099405914495,0.1147330690000671,3624.24658203125,8212.0,7631.490234375
darcy,681,681,1362,1,2,64,32,32,2.7376561462233443e-08,0.000104247757537,0.1138516399951186,3624.24658203125,8212.0,7631.490234375
darcy,682,682,1363,1,1,64,32,32,8.406647111769416e-08,0.0005832640077116,0.1146401409932877,3624.24658203125,8212.0,7631.490234375
darcy,682,682,1364,1,2,64,32,32,5.5361962125743964e-08,0.0004282114481792,0.114296348998323,3624.24658203125,8212.0,7631.490234375
darcy,683,683,1365,1,1,64,32,32,4.7976914885339284e-08,0.0003627244163914,0.1164270330045837,3624.24658203125,8212.0,7631.490234375
darcy,683,683,1366,1,2,64,32,32,7.159737691608825e-08,0.0005278398983271,0.1164005489845294,3624.24658203125,8212.0,7631.490234375
darcy,684,684,1367,1,1,64,32,32,3.5081740179521155e-08,0.0002700540228588,0.1166852510068565,3624.24658203125,8212.0,7631.490234375
darcy,684,684,1368,1,2,64,32,32,2.8365018778231388e-08,0.0001402905428941,0.1163084599829744,3624.24658203125,8212.0,7631.490234375
darcy,685,685,1369,1,1,64,32,32,1.1342717698425987e-07,0.0006972987675216,0.1169934660138096,3624.24658203125,8212.0,7631.490234375
darcy,685,685,1370,1,2,64,32,32,4.745673365391667e-08,0.0003596745079225,0.116852221020963,3624.24658203125,8212.0,7631.490234375
darcy,686,686,1371,1,1,64,32,32,4.7416612858341984e-08,0.0003899829348971,0.1168649280152749,3624.24658203125,8212.0,7631.490234375
darcy,686,686,1372,1,2,64,32,32,9.011958468363447e-08,0.0005830258373126,0.1164535650168545,3624.24658203125,8212.0,7631.490234375
darcy,687,687,1373,1,1,64,32,32,3.544209192796188e-08,0.0002381049734007,0.11403578100726,3624.24658203125,8212.0,7631.490234375
darcy,687,687,1374,1,2,64,32,32,2.1280715856164534e-08,9.442936343266852e-05,0.1135839140042662,3624.24658203125,8212.0,7631.490234375
darcy,688,688,1375,1,1,64,32,32,1.1448517511780665e-07,0.0006912749093334,0.1143911950057372,3624.24658203125,8212.0,7631.490234375
darcy,688,688,1376,1,2,64,32,32,7.683037495098689e-08,0.0005003655346294,0.1137985590030439,3624.24658203125,8212.0,7631.490234375
darcy,689,689,1377,1,1,64,32,32,4.9062570894875535e-08,0.0003945066143821,0.1144882160006091,3624.24658203125,8212.0,7631.490234375
darcy,689,689,1378,1,2,64,32,32,8.283061703195926e-08,0.0005695373910516,0.1137896109721623,3624.24658203125,8212.0,7631.490234375
darcy,690,690,1379,1,1,64,32,32,5.7052787383327086e-08,0.0003855123224977,0.1146676329954061,3624.24658203125,8212.0,7631.490234375
darcy,690,690,1380,1,2,64,32,32,2.5160641570209922e-08,0.0001326523699512,0.1138726689969189,3624.24658203125,8212.0,7631.490234375
darcy,691,691,1381,1,1,64,32,32,1.0502239433662909e-07,0.0006798124093052,0.1142060070123989,3624.24658203125,8212.0,7631.490234375
darcy,691,691,1382,1,2,64,32,32,8.54355661772388e-08,0.000540782497148,0.1142572020180523,3624.24658203125,8212.0,7631.490234375
darcy,692,692,1383,1,1,64,32,32,4.664560293576869e-08,0.0003528787183297,0.114711329981219,3624.24658203125,8212.0,7631.490234375
darcy,692,692,1384,1,2,64,32,32,8.061511636014984e-08,0.0005625420022304,0.1144197390240151,3624.24658203125,8212.0,7631.490234375
darcy,693,693,1385,1,1,64,32,32,6.200738056350019e-08,0.0004399760745419,0.1142507790063973,3624.24658203125,8212.0,7631.490234375
darcy,693,693,1386,1,2,64,32,32,2.8523883699449474e-08,8.973472561672285e-05,0.1140168640122283,3624.24658203125,8212.0,7631.490234375
darcy,694,694,1387,1,1,64,32,32,1.0445948106507785e-07,0.000685351218503,0.1145237850141711,3624.24658203125,8212.0,7631.490234375
darcy,694,694,1388,1,2,64,32,32,9.21501523976076e-08,0.0005809677677138,0.1142109639768023,3624.24658203125,8212.0,7631.490234375
darcy,695,695,1389,1,1,64,32,32,4.178227897000397e-08,0.0003127011937915,0.1146073210111353,3624.24658203125,8212.0,7631.490234375
darcy,695,695,1390,1,2,64,32,32,8.307029730758586e-08,0.0005737924153869,0.1142034479998983,3624.24658203125,8212.0,7631.490234375
darcy,696,696,1391,1,1,64,32,32,6.270980890121791e-08,0.0004472647515599,0.1144356820150278,3624.24658203125,8212.0,7631.490234375
darcy,696,696,1392,1,2,64,32,32,2.2788999132217214e-08,7.162469857867005e-05,0.1139028029865585,3624.24658203125,8212.0,7631.490234375
darcy,697,697,1393,1,1,64,32,32,1.082700009646942e-07,0.0006870391083742,0.1151760839857161,3624.24658203125,8212.0,7631.490234375
darcy,697,697,1394,1,2,64,32,32,7.096009824181237e-08,0.0005012734389919,0.1146766499732621,3624.24658203125,8212.0,7631.490234375
darcy,698,698,1395,1,1,64,32,32,3.5044926960381424e-08,0.0002525122420468,0.1146947160013951,3624.24658203125,8212.0,7631.490234375
darcy,698,698,1396,1,2,64,32,32,8.08169815513793e-08,0.0005561299036726,0.114383687992813,3624.24658203125,8212.0,7631.490234375
darcy,699,699,1397,1,1,64,32,32,5.658841573108476e-08,0.0004177989375034,0.1144462489755824,3624.24658203125,8212.0,7631.490234375
darcy,699,699,1398,1,2,64,32,32,2.6666377550554895e-08,9.674102355478052e-05,0.1139208120002877,3624.24658203125,8212.0,7631.490234375
darcy,700,700,1399,1,1,64,32,32,9.808144341150182e-08,0.0006435105176724,0.1143865000049118,3624.24658203125,8212.0,7631.490234375
darcy,700,700,1400,1,2,64,32,32,6.56534737686343e-08,0.0004709515394221,0.1141323109914083,3624.24658203125,8212.0,7631.490234375
darcy,701,701,1401,1,1,64,32,32,4.3138093985817256e-08,0.0003281282051067,0.1145389259909279,3624.24658203125,8212.0,7631.490234375
darcy,701,701,1402,1,2,64,32,32,6.970182653276424e-08,0.0005100073225886,0.1137889200181234,3624.24658203125,8212.0,7631.490234375
darcy,702,702,1403,1,1,64,32,32,4.027719313626221e-08,0.0002851456899479,0.114016036997782,3624.24658203125,8212.0,7631.490234375
darcy,702,702,1404,1,2,64,32,32,2.942682186812817e-08,3.276292605395723e-05,0.1138181909918785,3624.24658203125,8212.0,7631.490234375
darcy,703,703,1405,1,1,64,32,32,9.659594013555761e-08,0.0006389689781203,0.1142697600007522,3624.24658203125,8212.0,7631.490234375
darcy,703,703,1406,1,2,64,32,32,5.5999134218609476e-08,0.0004354618295453,0.1138568199821747,3624.24658203125,8212.0,7631.490234375
darcy,704,704,1407,1,1,64,32,32,4.716542534310975e-08,0.0003218579629168,0.1147197989921551,3624.24658203125,8212.0,7631.490234375
darcy,704,704,1408,1,2,64,32,32,7.78595605765986e-08,0.0005313101827231,0.1144020859792362,3624.24658203125,8212.0,7631.490234375
darcy,705,705,1409,1,1,64,32,32,3.82896736539351e-08,0.0002989528156922,0.1148384980042465,3624.24658203125,8212.0,7631.490234375
darcy,705,705,1410,1,2,64,32,32,2.25531682218616e-08,9.341558267086493e-05,0.1142817730142269,3624.24658203125,8212.0,7631.490234375
darcy,706,706,1411,1,1,64,32,32,1.1508596742260126e-07,0.0006790513584552,0.1145238119934219,3624.24658203125,8212.0,7631.490234375
darcy,706,706,1412,1,2,64,32,32,5.747597597860477e-08,0.0004333341740559,0.1145009660103824,3624.24658203125,8212.0,7631.490234375
darcy,707,707,1413,1,1,64,32,32,5.167521166526967e-08,0.0003883608738146,0.1145736900216434,3624.24658203125,8212.0,7631.490234375
darcy,707,707,1414,1,2,64,32,32,7.822757197573084e-08,0.0005399435759601,0.1143384200113359,3624.24658203125,8212.0,7631.490234375
darcy,708,708,1415,1,1,64,32,32,4.0789338129343384e-08,0.0002985129988391,0.1140897349978331,3624.24658203125,8212.0,7631.490234375
darcy,708,708,1416,1,2,64,32,32,2.270041754570684e-08,8.393227066460308e-05,0.1141008579870686,3624.24658203125,8212.0,7631.490234375
darcy,709,709,1417,1,1,64,32,32,1.182520534825926e-07,0.0007005308360856,0.1146581940120086,3624.24658203125,8212.0,7631.490234375
darcy,709,709,1418,1,2,64,32,32,7.011632874309727e-08,0.0004733799681407,0.114220307994401,3624.24658203125,8212.0,7631.490234375
darcy,710,710,1419,1,1,64,32,32,4.422742350129738e-08,0.0003436081019659,0.1144147799932397,3624.24658203125,8212.0,7631.490234375
darcy,710,710,1420,1,2,64,32,32,9.029727721099334e-08,0.0005993876356865,0.1142108669737353,3624.24658203125,8212.0,7631.490234375
darcy,711,711,1421,1,1,64,32,32,4.976683243285152e-08,0.0003465215017033,0.1143121560162399,3624.24658203125,8212.0,7631.490234375
darcy,711,711,1422,1,2,64,32,32,2.6437808386958753e-08,5.564557326557498e-05,0.1141924770199693,3624.24658203125,8212.0,7631.490234375
darcy,712,712,1423,1,1,64,32,32,1.1631784957444324e-07,0.0007069117135694,0.1144950409943703,3624.24658203125,8212.0,7631.490234375
darcy,712,712,1424,1,2,64,32,32,7.912012733868323e-08,0.0005430720209175,0.1143327390018384,3624.24658203125,8212.0,7631.490234375
darcy,713,713,1425,1,1,64,32,32,4.2940129674207135e-08,0.0002998766265334,0.1150719890138134,3624.24658203125,8212.0,7631.490234375
darcy,713,713,1426,1,2,64,32,32,7.965598314285671e-08,0.0005628368963244,0.1155955559806898,3624.24658203125,8212.0,7631.490234375
darcy,714,714,1427,1,1,64,32,32,5.607292408171816e-08,0.0004045830250091,0.1145348150166682,3624.24658203125,8212.0,7631.490234375
darcy,714,714,1428,1,2,64,32,32,2.6585611934137887e-08,2.325800721854727e-05,0.1145462119893636,3624.24658203125,8212.0,7631.490234375
darcy,715,715,1429,1,1,64,32,32,1.09280371418663e-07,0.0006863565859326,0.1146199539944063,3624.24658203125,8212.0,7631.490234375
darcy,715,715,1430,1,2,64,32,32,6.3771310010452e-08,0.0004646663690398,0.1145235800067894,3624.24658203125,8212.0,7631.490234375
darcy,716,716,1431,1,1,64,32,32,3.3832627366336965e-08,0.0002171811812698,0.1146756719972472,3624.24658203125,8212.0,7631.490234375
darcy,716,716,1432,1,2,64,32,32,7.170027060965367e-08,0.0005022697869995,0.1140018799924291,3624.24658203125,8212.0,7631.490234375
darcy,717,717,1433,1,1,64,32,32,4.7094516730794567e-08,0.0003750433344705,0.1142361290112603,3624.24658203125,8212.0,7631.490234375
darcy,717,717,1434,1,2,64,32,32,2.948018007487008e-08,2.3784447501805e-05,0.11410090100253,3624.24658203125,8212.0,7631.490234375
darcy,718,718,1435,1,1,64,32,32,9.461907524155323e-08,0.0006332483522908,0.1145998789870645,3624.24658203125,8212.0,7631.490234375
darcy,718,718,1436,1,2,64,32,32,5.993509688551057e-08,0.0004400053438656,0.1143019020091742,3624.24658203125,8212.0,7631.490234375
darcy,719,719,1437,1,1,64,32,32,3.6011012838343965e-08,0.0002853606325947,0.1145379730151034,3624.24658203125,8212.0,7631.490234375
darcy,719,719,1438,1,2,64,32,32,6.439352517872976e-08,0.000468020865498,0.1140017250145319,3624.24658203125,8212.0,7631.490234375
darcy,720,720,1439,1,1,64,32,32,4.295220179528769e-08,0.0003188619976713,0.1144596539961639,3624.24658203125,8212.0,7631.490234375
darcy,720,720,1440,1,2,64,32,32,3.082175581425872e-08,0.0001249801245957,0.1148408169974573,3624.24658203125,8212.0,7631.490234375
darcy,721,721,1441,1,1,64,32,32,8.528984096756177e-08,0.0005934157924398,0.1145646870136261,3624.24658203125,8212.0,7631.490234375
darcy,721,721,1442,1,2,64,32,32,4.6549558874176e-08,0.0003681274048446,0.1142396229843143,3624.24658203125,8212.0,7631.490234375
darcy,722,722,1443,1,1,64,32,32,4.214320625806067e-08,0.0003244216098437,0.1146019369771238,3624.24658203125,8212.0,7631.490234375
darcy,722,722,1444,1,2,64,32,32,8.655164407400663e-08,0.0005956853077877,0.1142027689784299,3624.24658203125,8212.0,7631.490234375
darcy,723,723,1445,1,1,64,32,32,2.837882462358721e-08,0.0002084719238797,0.1141069419973064,3624.24658203125,8212.0,7631.490234375
darcy,723,723,1446,1,2,64,32,32,2.793850661930719e-08,0.0001482121387974,0.1138529869785998,3624.24658203125,8212.0,7631.490234375
darcy,724,724,1447,1,1,64,32,32,1.0731012878295588e-07,0.0006840786705045,0.1140520340122748,3624.24658203125,8212.0,7631.490234375
darcy,724,724,1448,1,2,64,32,32,5.611422082552053e-08,0.0003942059610838,0.1136819109960924,3624.24658203125,8212.0,7631.490234375
darcy,725,725,1449,1,1,64,32,32,5.719279982940861e-08,0.0004319755884813,0.1142046790046151,3624.24658203125,8212.0,7631.490234375
darcy,725,725,1450,1,2,64,32,32,9.19516480735183e-08,0.0006080367250941,0.1137012950202915,3624.24658203125,8212.0,7631.490234375
darcy,726,726,1451,1,1,64,32,32,3.4652337888019253e-08,0.0002421853299455,0.1139851010229904,3624.24658203125,8212.0,7631.490234375
darcy,726,726,1452,1,2,64,32,32,2.7334357000086132e-08,0.0001590434169231,0.1135069569863844,3624.24658203125,8212.0,7631.490234375
darcy,727,727,1453,1,1,64,32,32,1.3100719797876081e-07,0.0007418131349951,0.1139100659929681,3624.24658203125,8212.0,7631.490234375
darcy,727,727,1454,1,2,64,32,32,6.07377756978167e-08,0.0004353147578496,0.1136466329917311,3624.24658203125,8212.0,7631.490234375
darcy,728,728,1455,1,1,64,32,32,4.964078570424135e-08,0.0004097327659826,0.1161391429777722,3624.24658203125,8212.0,7631.490234375
darcy,728,728,1456,1,2,64,32,32,1.0056522370405221e-07,0.0006457293404821,0.1161830500059295,3624.24658203125,8212.0,7631.490234375
darcy,729,729,1457,1,1,64,32,32,5.5626106387762775e-08,0.00036235242371,0.1165181530232075,3624.24658203125,8212.0,7631.490234375
darcy,729,729,1458,1,2,64,32,32,2.906642926348013e-08,0.000182572311622,0.1161474410037044,3624.24658203125,8212.0,7631.490234375
darcy,730,730,1459,1,1,64,32,32,1.4220054822544625e-07,0.0008018252202375,0.1166402800008654,3624.24658203125,8212.0,7631.490234375
darcy,730,730,1460,1,2,64,32,32,6.579156774932926e-08,0.0004562706153291,0.1162415049911942,3624.24658203125,8212.0,7631.490234375
darcy,731,731,1461,1,1,64,32,32,5.667495628358665e-08,0.0004394890922833,0.1168338030111044,3624.24658203125,8212.0,7631.490234375
darcy,731,731,1462,1,2,64,32,32,7.804728596738641e-08,0.0005652951485732,0.1160901490075048,3624.24658203125,8212.0,7631.490234375
darcy,732,732,1463,1,1,64,32,32,4.899428063254163e-08,0.0003634532122712,0.1142887059831991,3624.24658203125,8212.0,7631.490234375
darcy,732,732,1464,1,2,64,32,32,3.614931998185966e-08,0.0001264342979861,0.1139068899792619,3624.24658203125,8212.0,7631.490234375
darcy,733,733,1465,1,1,64,32,32,1.0392539451231643e-07,0.0006743934973892,0.1142021230189129,3624.24658203125,8212.0,7631.490234375
darcy,733,733,1466,1,2,64,32,32,7.175317051633101e-08,0.0005039813518985,0.1141581269912421,3624.24658203125,8212.0,7631.490234375
darcy,734,734,1467,1,1,64,32,32,4.2687943846431153e-08,0.0003064133826985,0.1144814110011793,3624.24658203125,8212.0,7631.490234375
darcy,734,734,1468,1,2,64,32,32,9.880887574809095e-08,0.0006492259246742,0.114242498006206,3624.24658203125,8212.0,7631.490234375
darcy,735,735,1469,1,1,64,32,32,4.365382366700032e-08,0.0003608341484298,0.1144827459938824,3624.24658203125,8212.0,7631.490234375
darcy,735,735,1470,1,2,64,32,32,3.3762546536308946e-08,0.0001548113692911,0.1141089750162791,3624.24658203125,8212.0,7631.490234375
darcy,736,736,1471,1,1,64,32,32,1.2123545900522006e-07,0.000737609644748,0.1143903440097346,3624.24658203125,8212.0,7631.490234375
darcy,736,736,1472,1,2,64,32,32,5.54242625128154e-08,0.0004216529482667,0.1139386570139322,3624.24658203125,8212.0,7631.490234375
darcy,737,737,1473,1,1,64,32,32,5.3621565854200526e-08,0.0004111022244107,0.1140701189870014,3624.24658203125,8212.0,7631.490234375
darcy,737,737,1474,1,2,64,32,32,7.977278926318833e-08,0.0005830509262273,0.1139839469979051,3624.24658203125,8212.0,7631.490234375
darcy,738,738,1475,1,1,64,32,32,3.5610689508303046e-08,0.0002724790637637,0.1145723859954159,3624.24658203125,8212.0,7631.490234375
darcy,738,738,1476,1,2,64,32,32,2.8528766904400985e-08,0.0001241622359186,0.114116709009977,3624.24658203125,8212.0,7631.490234375
darcy,739,739,1477,1,1,64,32,32,1.1099698582484053e-07,0.0007012852656883,0.1139063860173337,3624.24658203125,8212.0,7631.490234375
darcy,739,739,1478,1,2,64,32,32,5.9168574040313615e-08,0.0004478005920882,0.1140489160025026,3624.24658203125,8212.0,7631.490234375
darcy,740,740,1479,1,1,64,32,32,4.8582396772189895e-08,0.0003863537325698,0.1143098660104442,3624.24658203125,8212.0,7631.490234375
darcy,740,740,1480,1,2,64,32,32,8.98357583878351e-08,0.0006156768258536,0.1140135310124605,3624.24658203125,8212.0,7631.490234375
darcy,741,741,1481,1,1,64,32,32,4.372506268168763e-08,0.0003673115797287,0.1143397560226731,3624.24658203125,8212.0,7631.490234375
darcy,741,741,1482,1,2,64,32,32,3.128051773160223e-08,0.0002020226437868,0.1142022980202455,3624.24658203125,8212.0,7631.490234375
darcy,742,742,1483,1,1,64,32,32,1.2548601091566525e-07,0.0007370769744763,0.1145020940166432,3624.24658203125,8212.0,7631.490234375
darcy,742,742,1484,1,2,64,32,32,6.290298415478901e-08,0.0004857511498957,0.1140682130062487,3624.24658203125,8212.0,7631.490234375
darcy,743,743,1485,1,1,64,32,32,6.050478162933359e-08,0.0004395145182596,0.1144991740002296,3624.24658203125,8212.0,7631.490234375
darcy,743,743,1486,1,2,64,32,32,8.791607797320466e-08,0.0005988277627219,0.1142744840180967,3624.24658203125,8212.0,7631.490234375
darcy,744,744,1487,1,1,64,32,32,5.309744111059445e-08,0.0004027563127545,0.1143536799936555,3624.24658203125,8212.0,7631.490234375
darcy,744,744,1488,1,2,64,32,32,2.428837575507714e-08,0.0001770031870403,0.1140768110053613,3624.24658203125,8212.0,7631.490234375
darcy,745,745,1489,1,1,64,32,32,1.4983223195486064e-07,0.0008011770007249,0.1143795970128849,3624.24658203125,8212.0,7631.490234375
darcy,745,745,1490,1,2,64,32,32,5.8633180088918386e-08,0.0004416624968009,0.1180809409997891,3624.24658203125,8212.0,7631.490234375
darcy,746,746,1491,1,1,64,32,32,4.9600572538111016e-08,0.0003950121120831,0.1143785040185321,3624.24658203125,8212.0,7631.490234375
darcy,746,746,1492,1,2,64,32,32,9.494389985320596e-08,0.0006040773285765,0.1162182400003075,3624.24658203125,8212.0,7631.490234375
darcy,747,747,1493,1,1,64,32,32,5.0054108413633e-08,0.0003509120684743,0.1148256990127265,3624.24658203125,8212.0,7631.490234375
darcy,747,747,1494,1,2,64,32,32,2.2613999561826862e-08,8.73959101721425e-05,0.1150267559860367,3624.24658203125,8212.0,7631.490234375
darcy,748,748,1495,1,1,64,32,32,1.406171321605143e-07,0.000784855002076,0.1142357810167595,3624.24658203125,8212.0,7631.490234375
darcy,748,748,1496,1,2,64,32,32,6.40202912904897e-08,0.0004436980568462,0.1141270700027234,3624.24658203125,8212.0,7631.490234375
darcy,749,749,1497,1,1,64,32,32,4.311264945044968e-08,0.0003453379162029,0.1142062459839508,3624.24658203125,8212.0,7631.490234375
darcy,749,749,1498,1,2,64,32,32,8.389500294470055e-08,0.0005883332295094,0.1139099449792411,3624.24658203125,8212.0,7631.490234375
darcy,750,750,1499,1,1,64,32,32,5.62405020332335e-08,0.0003808313571178,0.114814906992251,3624.24658203125,8212.0,7631.490234375
darcy,750,750,1500,1,2,64,32,32,2.72918452282056e-08,0.0001510665103418,0.1142641210171859,3624.24658203125,8212.0,7631.490234375
darcy,751,751,1501,1,1,64,32,32,1.0534572680853672e-07,0.0006849056689497,0.1143447879876475,3624.24658203125,8212.0,7631.490234375
darcy,751,751,1502,1,2,64,32,32,6.64311841092058e-08,0.0004716331842973,0.1141604860022198,3624.24658203125,8212.0,7631.490234375
darcy,752,752,1503,1,1,64,32,32,4.9384436096033824e-08,0.0003809370524635,0.1143796880205627,3624.24658203125,8212.0,7631.490234375
darcy,752,752,1504,1,2,64,32,32,7.520198863630867e-08,0.0005551340436232,0.1140535329759586,3624.24658203125,8212.0,7631.490234375
darcy,753,753,1505,1,1,64,32,32,3.7963630461490545e-08,0.0003054833201342,0.1143281709810253,3624.24658203125,8212.0,7631.490234375
darcy,753,753,1506,1,2,64,32,32,2.837623469531536e-08,8.369980155461385e-05,0.114071263000369,3624.24658203125,8212.0,7631.490234375
darcy,754,754,1507,1,1,64,32,32,1.0679571715854764e-07,0.0006846673086539,0.1143379499844741,3624.24658203125,8212.0,7631.490234375
darcy,754,754,1508,1,2,64,32,32,6.025236842788217e-08,0.0004526309315837,0.1146102049970068,3624.24658203125,8212.0,7631.490234375
darcy,755,755,1509,1,1,64,32,32,4.465474034986983e-08,0.0003698706260997,0.1144610629999078,3624.24658203125,8212.0,7631.490234375
darcy,755,755,1510,1,2,64,32,32,7.855479822183042e-08,0.0005581900112415,0.1142830069875344,3624.24658203125,8212.0,7631.490234375
darcy,756,756,1511,1,1,64,32,32,4.0224936270760736e-08,0.0003165057138797,0.1143918050220236,3624.24658203125,8212.0,7631.490234375
darcy,756,756,1512,1,2,64,32,32,2.2508405805865553e-08,0.0001037139981755,0.1140515269944444,3624.24658203125,8212.0,7631.490234375
darcy,757,757,1513,1,1,64,32,32,1.1516607401063085e-07,0.0007092017370682,0.1141792840207926,3624.24658203125,8212.0,7631.490234375
darcy,757,757,1514,1,2,64,32,32,5.52339045611916e-08,0.0004462473130294,0.1140310369955841,3624.24658203125,8212.0,7631.490234375
darcy,758,758,1515,1,1,64,32,32,4.389010044292263e-08,0.0003374773289964,0.1142829140007961,3624.24658203125,8212.0,7631.490234375
darcy,758,758,1516,1,2,64,32,32,8.681941920940518e-08,0.0006098377903688,0.113647972990293,3624.24658203125,8212.0,7631.490234375
darcy,759,759,1517,1,1,64,32,32,4.60167228766295e-08,0.0003774621395336,0.1144562060071621,3624.24658203125,8212.0,7631.490234375
darcy,759,759,1518,1,2,64,32,32,2.4217923666469687e-08,0.0001351080505725,0.1142149019869975,3624.24658203125,8212.0,7631.490234375
darcy,760,760,1519,1,1,64,32,32,1.199407932972463e-07,0.0007247570139876,0.1145420440007001,3624.24658203125,8212.0,7631.490234375
darcy,760,760,1520,1,2,64,32,32,6.586630973970388e-08,0.0004912241143038,0.1143984149966854,3624.24658203125,8212.0,7631.490234375
darcy,761,761,1521,1,1,64,32,32,4.345609738720668e-08,0.0003393575583263,0.11433205002686,3624.24658203125,8212.0,7631.490234375
darcy,761,761,1522,1,2,64,32,32,8.727428735255671e-08,0.0006022065526115,0.1141100239765364,3624.24658203125,8212.0,7631.490234375
darcy,762,762,1523,1,1,64,32,32,5.2673424733029606e-08,0.0004031925780118,0.1140135879977606,3624.24658203125,8212.0,7631.490234375
darcy,762,762,1524,1,2,64,32,32,2.5173765294539407e-08,0.0001250594796101,0.1137526410166174,3624.24658203125,8212.0,7631.490234375
darcy,763,763,1525,1,1,64,32,32,1.2553385886349133e-07,0.0007427447165177,0.1146907070069573,3624.24658203125,8212.0,7631.490234375
darcy,763,763,1526,1,2,64,32,32,5.961447868685354e-08,0.0004422719382589,0.1142158209986519,3624.24658203125,8212.0,7631.490234375
darcy,764,764,1527,1,1,64,32,32,4.823995780611767e-08,0.0003571405754027,0.1145394060004036,3624.24658203125,8212.0,7631.490234375
darcy,764,764,1528,1,2,64,32,32,7.571302518272206e-08,0.0005533021388618,0.1141194189840462,3624.24658203125,8212.0,7631.490234375
darcy,765,765,1529,1,1,64,32,32,4.523295160652197e-08,0.0003195186087195,0.1142583519977051,3624.24658203125,8212.0,7631.490234375
darcy,765,765,1530,1,2,64,32,32,2.5595589647764427e-08,8.727220940876537e-05,0.1139082929876167,3624.24658203125,8212.0,7631.490234375
darcy,766,766,1531,1,1,64,32,32,1.0850586562582977e-07,0.0006802377487408,0.1143865229969378,3624.24658203125,8212.0,7631.490234375
darcy,766,766,1532,1,2,64,32,32,6.014160902623189e-08,0.0004475200510076,0.1140560139901936,3624.24658203125,8212.0,7631.490234375
darcy,767,767,1533,1,1,64,32,32,4.128049013729651e-08,0.0003237400323566,0.1150092979951296,3624.24658203125,8212.0,7631.490234375
darcy,767,767,1534,1,2,64,32,32,9.138507550687792e-08,0.0006112042248279,0.115328955987934,3624.24658203125,8212.0,7631.490234375
darcy,768,768,1535,1,1,64,32,32,4.160187216939448e-08,0.0003137269359109,0.1151756879989989,3624.24658203125,8212.0,7631.490234375
darcy,768,768,1536,1,2,64,32,32,2.2608846350635762e-08,0.0001223561141095,0.114355402009096,3624.24658203125,8212.0,7631.490234375
darcy,769,769,1537,1,1,64,32,32,1.0742913758576833e-07,0.0006774614668447,0.1148597300052642,3624.24658203125,8212.0,7631.490234375
darcy,769,769,1538,1,2,64,32,32,7.533946444482353e-08,0.0005161743229356,0.1173177110031247,3624.24658203125,8212.0,7631.490234375
darcy,770,770,1539,1,1,64,32,32,4.4203552818089526e-08,0.0003649621017547,0.1167277990025468,3624.24658203125,8212.0,7631.490234375
darcy,770,770,1540,1,2,64,32,32,9.330491934633757e-08,0.000621479486259,0.116409638983896,3624.24658203125,8212.0,7631.490234375
darcy,771,771,1541,1,1,64,32,32,5.7814805387579327e-08,0.0004207905993605,0.1167260289948899,3624.24658203125,8212.0,7631.490234375
darcy,771,771,1542,1,2,64,32,32,2.6191532498387463e-08,0.0001797397476863,0.1164304069825448,3624.24658203125,8212.0,7631.490234375
darcy,772,772,1543,1,1,64,32,32,1.3584548241851738e-07,0.00077289933529,0.1169379219936672,3624.24658203125,8212.0,7631.490234375
darcy,772,772,1544,1,2,64,32,32,6.410466113493385e-08,0.0004627839119763,0.1169313410064205,3624.24658203125,8212.0,7631.490234375
darcy,773,773,1545,1,1,64,32,32,4.80521258339195e-08,0.0003796655398653,0.1179366630094591,3624.24658203125,8212.0,7631.490234375
darcy,773,773,1546,1,2,64,32,32,9.017844604386482e-08,0.0006117664747231,0.1144197009853087,3624.24658203125,8212.0,7631.490234375
darcy,774,774,1547,1,1,64,32,32,5.1451817029146696e-08,0.0003891158338858,0.1149120799964293,3624.24658203125,8212.0,7631.490234375
darcy,774,774,1548,1,2,64,32,32,3.0343919377173734e-08,0.0001271378399197,0.1142660129989963,3624.24658203125,8212.0,7631.490234375
darcy,775,775,1549,1,1,64,32,32,1.1373936104064343e-07,0.0006955694507971,0.1149666419951245,3624.24658203125,8212.0,7631.490234375
darcy,775,775,1550,1,2,64,32,32,8.396744988203865e-08,0.0005712553480826,0.1142365240084473,3624.24658203125,8212.0,7631.490234375
darcy,776,776,1551,1,1,64,32,32,4.6300563383283595e-08,0.0003290698966601,0.1144623770087491,3624.24658203125,8212.0,7631.490234375
darcy,776,776,1552,1,2,64,32,32,9.068689621472005e-08,0.0006213683071882,0.1142238019965589,3624.24658203125,8212.0,7631.490234375
darcy,777,777,1553,1,1,64,32,32,5.4309953867459626e-08,0.0004234534451967,0.114085820998298,3624.24658203125,8212.0,7631.490234375
darcy,777,777,1554,1,2,64,32,32,2.9532021272871134e-08,8.730995533581614e-05,0.1139191649854183,3624.24658203125,8212.0,7631.490234375
darcy,778,778,1555,1,1,64,32,32,1.0414888151899505e-07,0.0006621108546439,0.1141195840027649,3624.24658203125,8212.0,7631.490234375
darcy,778,778,1556,1,2,64,32,32,8.529683270808165e-08,0.0005961217233271,0.1137098589970264,3624.24658203125,8212.0,7631.490234375
darcy,779,779,1557,1,1,64,32,32,3.7145937881177815e-08,0.000272659754777,0.1142117230047006,3624.24658203125,8212.0,7631.490234375
darcy,779,779,1558,1,2,64,32,32,9.428259772903402e-08,0.00062108425088,0.1185103309981059,3624.24658203125,8212.0,7631.490234375
darcy,780,780,1559,1,1,64,32,32,5.890856158430324e-08,0.0004689767797272,0.1144724230107385,3624.24658203125,8212.0,7631.490234375
darcy,780,780,1560,1,2,64,32,32,2.5219630828132722e-08,0.0001019560233664,0.1142702130018733,3624.24658203125,8212.0,7631.490234375
darcy,781,781,1561,1,1,64,32,32,1.0831546859435549e-07,0.000695528877879,0.114564893010538,3624.24658203125,8212.0,7631.490234375
darcy,781,781,1562,1,2,64,32,32,7.962859172039316e-08,0.0005547735209939,0.1143118350009899,3624.24658203125,8212.0,7631.490234375
darcy,782,782,1563,1,1,64,32,32,3.7337155589511895e-08,0.0002910642524996,0.1146411299996543,3624.24658203125,8212.0,7631.490234375
darcy,782,782,1564,1,2,64,32,32,8.968901710204592e-08,0.0006135378523892,0.1147007630206644,3624.24658203125,8212.0,7631.490234375
darcy,783,783,1565,1,1,64,32,32,5.4057061049661577e-08,0.0004172886007474,0.1146982720238156,3624.24658203125,8212.0,7631.490234375
darcy,783,783,1566,1,2,64,32,32,2.2704719881971872e-08,4.751191196829018e-05,0.114419096003985,3624.24658203125,8212.0,7631.490234375
darcy,784,784,1567,1,1,64,32,32,1.1222419260548123e-07,0.0007190679951049,0.1146502679912373,3624.24658203125,8212.0,7631.490234375
darcy,784,784,1568,1,2,64,32,32,7.926934131319285e-08,0.0005461065211381,0.1141815879964269,3624.24658203125,8212.0,7631.490234375
darcy,785,785,1569,1,1,64,32,32,3.775928902882697e-08,0.000294401212427,0.1143658100045286,3624.24658203125,8212.0,7631.490234375
darcy,785,785,1570,1,2,64,32,32,8.810999929664831e-08,0.0005845975341488,0.1139114309917204,3624.24658203125,8212.0,7631.490234375
darcy,786,786,1571,1,1,64,32,32,5.016760340481597e-08,0.000401722666041,0.1143800859863404,3624.24658203125,8212.0,7631.490234375
darcy,786,786,1572,1,2,64,32,32,2.1958559415224957e-08,3.80475598787793e-05,0.113547523971647,3624.24658203125,8212.0,7631.490234375
darcy,787,787,1573,1,1,64,32,32,1.2403032201291353e-07,0.0007287541667551,0.1146309710165951,3624.24658203125,8212.0,7631.490234375
darcy,787,787,1574,1,2,64,32,32,5.8187225704386953e-08,0.0004498723126715,0.1143285160069353,3624.24658203125,8212.0,7631.490234375
darcy,788,788,1575,1,1,64,32,32,4.0434564141378366e-08,0.0002899485681412,0.1144986959989182,3624.24658203125,8212.0,7631.490234375
darcy,788,788,1576,1,2,64,32,32,7.02401337093761e-08,0.000514193805199,0.1144535389903467,3624.24658203125,8212.0,7631.490234375
darcy,789,789,1577,1,1,64,32,32,4.394112806949124e-08,0.0003665576131181,0.1144239589921198,3624.24658203125,8212.0,7631.490234375
darcy,789,789,1578,1,2,64,32,32,2.1643790759640072e-08,4.975260785549024e-05,0.1142605530039873,3624.24658203125,8212.0,7631.490234375
darcy,790,790,1579,1,1,64,32,32,1.0594815336162357e-07,0.0006649708055252,0.1145098980050534,3624.24658203125,8212.0,7631.490234375
darcy,790,790,1580,1,2,64,32,32,6.227548965398455e-08,0.0004577197296108,0.1145785150001756,3624.24658203125,8212.0,7631.490234375
darcy,791,791,1581,1,1,64,32,32,3.743048182514031e-08,0.0002891834111624,0.114590509008849,3624.24658203125,8212.0,7631.490234375
darcy,791,791,1582,1,2,64,32,32,7.847797434124004e-08,0.0005554321508973,0.1140455559943802,3624.24658203125,8212.0,7631.490234375
darcy,792,792,1583,1,1,64,32,32,4.3649041714388665e-08,0.0003592563440869,0.1146809789934195,3624.24658203125,8212.0,7631.490234375
darcy,792,792,1584,1,2,64,32,32,2.4559000166846093e-08,7.94380559898221e-05,0.1140845359768718,3624.24658203125,8212.0,7631.490234375
darcy,793,793,1585,1,1,64,32,32,1.0685852913638882e-07,0.0006811858550429,0.1147272889793384,3624.24658203125,8212.0,7631.490234375
darcy,793,793,1586,1,2,64,32,32,6.942983787894265e-08,0.0004759133154287,0.1141286269994452,3624.24658203125,8212.0,7631.490234375
darcy,794,794,1587,1,1,64,32,32,3.8162809801178816e-08,0.0003100559842077,0.1145372229802887,3624.24658203125,8212.0,7631.490234375
darcy,794,794,1588,1,2,64,32,32,7.991854289457478e-08,0.000568229399574,0.1141278370050713,3624.24658203125,8212.0,7631.490234375
darcy,795,795,1589,1,1,64,32,32,5.1531245048863645e-08,0.0003982442926773,0.1140746570017654,3624.24658203125,8212.0,7631.490234375
darcy,795,795,1590,1,2,64,32,32,2.7285212311767282e-08,0.0001542577445632,0.1139345270057674,3624.24658203125,8212.0,7631.490234375
darcy,796,796,1591,1,1,64,32,32,1.0057340915636814e-07,0.0006518306960639,0.1141592530184425,3624.24658203125,8212.0,7631.490234375
darcy,796,796,1592,1,2,64,32,32,6.997949242304459e-08,0.0004981147594038,0.1140939769975375,3624.24658203125,8212.0,7631.490234375
darcy,797,797,1593,1,1,64,32,32,4.32508535652687e-08,0.0003381865653486,0.1146460509917233,3624.24658203125,8212.0,7631.490234375
darcy,797,797,1594,1,2,64,32,32,8.8240398099515e-08,0.0006098925114954,0.1150937659840565,3624.24658203125,8212.0,7631.490234375
darcy,798,798,1595,1,1,64,32,32,4.3427530016515454e-08,0.0003379044378466,0.1144997609953861,3624.24658203125,8212.0,7631.490234375
darcy,798,798,1596,1,2,64,32,32,2.5172029793907317e-08,8.966580849268212e-05,0.1141654770181048,3624.24658203125,8212.0,7631.490234375
darcy,799,799,1597,1,1,64,32,32,1.199638148818849e-07,0.000734966828179,0.1145434769860003,3624.24658203125,8212.0,7631.490234375
darcy,799,799,1598,1,2,64,32,32,6.202815683309383e-08,0.0004604411194974,0.1138242339948192,3624.24658203125,8212.0,7631.490234375
darcy,800,800,1599,1,1,64,32,32,3.878277610169789e-08,0.0003252465904782,0.1141610649938229,3624.24658203125,8212.0,7631.490234375
darcy,800,800,1600,1,2,64,32,32,9.290288716101713e-08,0.0006261683993289,0.1137394899851642,3624.24658203125,8212.0,7631.490234375
darcy,801,801,1601,1,1,64,32,32,4.760915217616457e-08,0.000357416932357,0.1143812789814546,3624.24658203125,8212.0,7631.490234375
darcy,801,801,1602,1,2,64,32,32,2.2744947258956927e-08,0.0001228496405879,0.1141210029891226,3624.24658203125,8212.0,7631.490234375
darcy,802,802,1603,1,1,64,32,32,1.1212980410846285e-07,0.0007096647874891,0.1150250530045013,3624.24658203125,8212.0,7631.490234375
darcy,802,802,1604,1,2,64,32,32,6.764606297338105e-08,0.0004950012988367,0.1156925390241667,3624.24658203125,8212.0,7631.490234375
darcy,803,803,1605,1,1,64,32,32,4.4769517870690834e-08,0.0003632837055122,0.1144678349955938,3624.24658203125,8212.0,7631.490234375
darcy,803,803,1606,1,2,64,32,32,7.796700174367288e-08,0.0005682223140346,0.1144088839937467,3624.24658203125,8212.0,7631.490234375
darcy,804,804,1607,1,1,64,32,32,5.39481419536969e-08,0.0004158253692946,0.1146573629812337,3624.24658203125,8212.0,7631.490234375
darcy,804,804,1608,1,2,64,32,32,2.4756781513701757e-08,0.0001733683782694,0.119218357023783,3624.24658203125,8212.0,7631.490234375
darcy,805,805,1609,1,1,64,32,32,1.1277067812898168e-07,0.0007016623191556,0.1147908679849933,3624.24658203125,8212.0,7631.490234375
darcy,805,805,1610,1,2,64,32,32,5.8484005194259225e-08,0.0004462042480311,0.1142308009730186,3624.24658203125,8212.0,7631.490234375
darcy,806,806,1611,1,1,64,32,32,4.418423671381788e-08,0.0003556518240184,0.1147082289971876,3624.24658203125,8212.0,7631.490234375
darcy,806,806,1612,1,2,64,32,32,8.482965796474674e-08,0.0006001225889668,0.1140329180052504,3624.24658203125,8212.0,7631.490234375
darcy,807,807,1613,1,1,64,32,32,4.345588777709963e-08,0.0003357345705848,0.1139198289893101,3624.24658203125,8212.0,7631.490234375
darcy,807,807,1614,1,2,64,32,32,2.7584245998468763e-08,0.0001599262417983,0.1135842860094271,3624.24658203125,8212.0,7631.490234375
darcy,808,808,1615,1,1,64,32,32,1.0956007656659494e-07,0.0007039357520835,0.1140586909896228,3624.24658203125,8212.0,7631.490234375
darcy,808,808,1616,1,2,64,32,32,6.496721738358248e-08,0.0004494259154737,0.1136587859946303,3624.24658203125,8212.0,7631.490234375
darcy,809,809,1617,1,1,64,32,32,5.476631770306994e-08,0.0004317073448668,0.1139925660099834,3624.24658203125,8212.0,7631.490234375
darcy,809,809,1618,1,2,64,32,32,7.64873746561534e-08,0.0005493042802231,0.1138149820035323,3624.24658203125,8212.0,7631.490234375
darcy,810,810,1619,1,1,64,32,32,4.1801186512202555e-08,0.000321525713359,0.1141081590030808,3624.24658203125,8212.0,7631.490234375
darcy,810,810,1620,1,2,64,32,32,2.8872708668359337e-08,0.0001642248078412,0.1136381039978005,3624.24658203125,8212.0,7631.490234375
darcy,811,811,1621,1,1,64,32,32,1.1364525676071938e-07,0.0006926034455093,0.1139361509995069,3624.24658203125,8212.0,7631.490234375
darcy,811,811,1622,1,2,64,32,32,6.124339790858357e-08,0.000443837874539,0.1135841220093425,3624.24658203125,8212.0,7631.490234375
darcy,812,812,1623,1,1,64,32,32,5.324939422735042e-08,0.0004224480147687,0.1141946710122283,3624.24658203125,8212.0,7631.490234375
darcy,812,812,1624,1,2,64,32,32,7.668862167520275e-08,0.0005605925810792,0.1139640390174463,3624.24658203125,8212.0,7631.490234375
darcy,813,813,1625,1,1,64,32,32,4.0618470364961474e-08,0.0003148866669088,0.114429808978457,3624.24658203125,8212.0,7631.490234375
darcy,813,813,1626,1,2,64,32,32,2.720146596857376e-08,0.0001501776470365,0.1143196809862274,3624.24658203125,8212.0,7631.490234375
darcy,814,814,1627,1,1,64,32,32,1.1771798114068589e-07,0.0007191867748856,0.1142952689842786,3624.24658203125,8212.0,7631.490234375
darcy,814,814,1628,1,2,64,32,32,5.5613391225506354e-08,0.0004078870378031,0.113873207999859,3624.24658203125,8212.0,7631.490234375
darcy,815,815,1629,1,1,64,32,32,4.6980929369055964e-08,0.000376757824925,0.114524105010787,3624.24658203125,8212.0,7631.490234375
darcy,815,815,1630,1,2,64,32,32,8.905535509029505e-08,0.000619489725407,0.1136513590172398,3624.24658203125,8212.0,7631.490234375
darcy,816,816,1631,1,1,64,32,32,4.72251109329136e-08,0.0003555903595351,0.1167538230074569,3624.24658203125,8212.0,7631.490234375
darcy,816,816,1632,1,2,64,32,32,3.3842745494894195e-08,0.0002615841104623,0.1162038570037111,3624.24658203125,8212.0,7631.490234375
darcy,817,817,1633,1,1,64,32,32,1.0714610709783301e-07,0.0007021720462084,0.1147413570142816,3624.24658203125,8212.0,7631.490234375
darcy,817,817,1634,1,2,64,32,32,6.919141526395833e-08,0.0004621189478997,0.1139198989840224,3624.24658203125,8212.0,7631.490234375
darcy,818,818,1635,1,1,64,32,32,5.2084818236153296e-08,0.0004265321033876,0.1144034469907637,3624.24658203125,8212.0,7631.490234375
darcy,818,818,1636,1,2,64,32,32,1.008554946224649e-07,0.0006597242819836,0.1142478710098657,3624.24658203125,8212.0,7631.490234375
darcy,819,819,1637,1,1,64,32,32,4.494128447163349e-08,0.0003344282402977,0.1145053460204508,3624.24658203125,8212.0,7631.490234375
darcy,819,819,1638,1,2,64,32,32,2.9051417271830363e-08,0.0001506376280468,0.1141960529785137,3624.24658203125,8212.0,7631.490234375
darcy,820,820,1639,1,1,64,32,32,1.347887348401855e-07,0.0007842091979221,0.114399593003327,3624.24658203125,8212.0,7631.490234375
darcy,820,820,1640,1,2,64,32,32,6.621316828159253e-08,0.0004748603723372,0.1139419890241697,3624.24658203125,8212.0,7631.490234375
darcy,821,821,1641,1,1,64,32,32,4.850871349049157e-08,0.0003833590477752,0.1143577930051833,3624.24658203125,8212.0,7631.490234375
darcy,821,821,1642,1,2,64,32,32,9.041745130389245e-08,0.0006164536426271,0.1141800470068119,3624.24658203125,8212.0,7631.490234375
darcy,822,822,1643,1,1,64,32,32,4.4545856781041955e-08,0.0003490829135585,0.1144530129968188,3624.24658203125,8212.0,7631.490234375
darcy,822,822,1644,1,2,64,32,32,2.6340726932971847e-08,8.147272709114606e-05,0.1141685270122252,3624.24658203125,8212.0,7631.490234375
darcy,823,823,1645,1,1,64,32,32,1.2018672634894756e-07,0.0007319518568172,0.1143266519939061,3624.24658203125,8212.0,7631.490234375
darcy,823,823,1646,1,2,64,32,32,6.33698107321834e-08,0.0004815036362255,0.114332500990713,3624.24658203125,8212.0,7631.490234375
darcy,824,824,1647,1,1,64,32,32,4.3357157863965774e-08,0.0003499383912068,0.1139144840126391,3624.24658203125,8212.0,7631.490234375
darcy,824,824,1648,1,2,64,32,32,7.583708594438576e-08,0.0005439584874655,0.1138014490134082,3624.24658203125,8212.0,7631.490234375
darcy,825,825,1649,1,1,64,32,32,4.9120497891408383e-08,0.0003766471408744,0.1143403239839244,3624.24658203125,8212.0,7631.490234375
darcy,825,825,1650,1,2,64,32,32,2.57801886505149e-08,0.0001157083962595,0.1139094409882091,3624.24658203125,8212.0,7631.490234375
darcy,826,826,1651,1,1,64,32,32,1.1119854548269362e-07,0.0006968940345546,0.1141108559968415,3624.24658203125,8212.0,7631.490234375
darcy,826,826,1652,1,2,64,32,32,5.33640260869106e-08,0.0004068881580265,0.1137437639990821,3624.24658203125,8212.0,7631.490234375
darcy,827,827,1653,1,1,64,32,32,4.2742847483623336e-08,0.0003321122133394,0.1144499790098052,3624.24658203125,8212.0,7631.490234375
darcy,827,827,1654,1,2,64,32,32,7.874967167254e-08,0.0005789119072318,0.1144596970116254,3624.24658203125,8212.0,7631.490234375
darcy,828,828,1655,1,1,64,32,32,3.6179578444262006e-08,0.0002719781387775,0.1143387779884506,3624.24658203125,8212.0,7631.490234375
darcy,828,828,1656,1,2,64,32,32,2.7083050468945657e-08,0.0001050892597611,0.1140631029848009,3624.24658203125,8212.0,7631.490234375
darcy,829,829,1657,1,1,64,32,32,1.0276559692101729e-07,0.0006757404194737,0.1144878450140822,3624.24658203125,8212.0,7631.490234375
darcy,829,829,1658,1,2,64,32,32,5.277834347339194e-08,0.000397730737467,0.1142327020061202,3624.24658203125,8212.0,7631.490234375
darcy,830,830,1659,1,1,64,32,32,5.2810268158509643e-08,0.0004093981006735,0.1144407319952733,3624.24658203125,8212.0,7631.490234375
darcy,830,830,1660,1,2,64,32,32,5.99796194933333e-08,0.0004730759078518,0.1140545030066277,3624.24658203125,8212.0,7631.490234375
darcy,831,831,1661,1,1,64,32,32,3.271209081390225e-08,0.0002585503019427,0.1156018439796753,3624.24658203125,8212.0,7631.490234375
darcy,831,831,1662,1,2,64,32,32,2.3546181893152607e-08,9.54768797257938e-05,0.1154936270031612,3624.24658203125,8212.0,7631.490234375
darcy,832,832,1663,1,1,64,32,32,9.304625336881145e-08,0.00062212807791,0.1144708519859705,3624.24658203125,8212.0,7631.490234375
darcy,832,832,1664,1,2,64,32,32,5.6415675686594113e-08,0.0004350291496094,0.1141131189942825,3624.24658203125,8212.0,7631.490234375
darcy,833,833,1665,1,1,64,32,32,4.95150551671486e-08,0.0003842116084535,0.1142475469969213,3624.24658203125,8212.0,7631.490234375
darcy,833,833,1666,1,2,64,32,32,7.593146733597679e-08,0.0005478867093798,0.113924485980533,3624.24658203125,8212.0,7631.490234375
darcy,834,834,1667,1,1,64,32,32,3.99488300217854e-08,0.0003233924403504,0.1145342240051832,3624.24658203125,8212.0,7631.490234375
darcy,834,834,1668,1,2,64,32,32,2.9420519354061984e-08,0.0002138657457276,0.1141394529840909,3624.24658203125,8212.0,7631.490234375
darcy,835,835,1669,1,1,64,32,32,1.170156807006606e-07,0.0007044961787306,0.1142942260194104,3624.24658203125,8212.0,7631.490234375
darcy,835,835,1670,1,2,64,32,32,5.084406495825534e-08,0.0003796062651392,0.1139017570239957,3624.24658203125,8212.0,7631.490234375
darcy,836,836,1671,1,1,64,32,32,5.161549054832904e-08,0.0004137820123207,0.1141128719900734,3624.24658203125,8212.0,7631.490234375
darcy,836,836,1672,1,2,64,32,32,9.3822514202202e-08,0.0006227510642641,0.1140678839874453,3624.24658203125,8212.0,7631.490234375
darcy,837,837,1673,1,1,64,32,32,3.900897027619976e-08,0.0002962699451185,0.1143113810103386,3624.24658203125,8212.0,7631.490234375
darcy,837,837,1674,1,2,64,32,32,2.9045226668245053e-08,0.0002045169837224,0.1140793620143085,3624.24658203125,8212.0,7631.490234375
darcy,838,838,1675,1,1,64,32,32,1.1893282447772437e-07,0.0007154388525877,0.1175406010006554,3624.24658203125,8212.0,7631.490234375
darcy,838,838,1676,1,2,64,32,32,7.338805829704144e-08,0.0004881046777863,0.1141431939904578,3624.24658203125,8212.0,7631.490234375
darcy,839,839,1677,1,1,64,32,32,5.229701471876069e-08,0.0004169500656688,0.1146648549765814,3624.24658203125,8212.0,7631.490234375
darcy,839,839,1678,1,2,64,32,32,9.775458664762483e-08,0.0006460941916063,0.1140626469859853,3624.24658203125,8212.0,7631.490234375
darcy,840,840,1679,1,1,64,32,32,5.279812853586918e-08,0.0003619197127493,0.1146019829902798,3624.24658203125,8212.0,7631.490234375
darcy,840,840,1680,1,2,64,32,32,2.5883357679390432e-08,0.0001547715577506,0.1141510430024936,3624.24658203125,8212.0,7631.490234375
darcy,841,841,1681,1,1,64,32,32,1.2499815227329236e-07,0.0007499156101038,0.1141329949896317,3624.24658203125,8212.0,7631.490234375
darcy,841,841,1682,1,2,64,32,32,7.621112274591725e-08,0.0005058806775668,0.1142291150172241,3624.24658203125,8212.0,7631.490234375
darcy,842,842,1683,1,1,64,32,32,4.606763326364671e-08,0.0003627397284889,0.1141282049939036,3624.24658203125,8212.0,7631.490234375
darcy,842,842,1684,1,2,64,32,32,9.409829004880521e-08,0.0006255383889044,0.114011079975171,3624.24658203125,8212.0,7631.490234375
darcy,843,843,1685,1,1,64,32,32,5.5458936998320496e-08,0.0003932646662424,0.1146138580224942,3624.24658203125,8212.0,7631.490234375
darcy,843,843,1686,1,2,64,32,32,2.9770008680429786e-08,0.0001245836428006,0.1139299689966719,3624.24658203125,8212.0,7631.490234375
darcy,844,844,1687,1,1,64,32,32,1.123735700048201e-07,0.0007090167470541,0.114204289013287,3624.24658203125,8212.0,7631.490234375
darcy,844,844,1688,1,2,64,32,32,7.365780163581803e-08,0.0005096612940657,0.1138839519990142,3624.24658203125,8212.0,7631.490234375
darcy,845,845,1689,1,1,64,32,32,4.591009172827398e-08,0.000352682218383,0.1144326810026541,3624.24658203125,8212.0,7631.490234375
darcy,845,845,1690,1,2,64,32,32,8.153538999522426e-08,0.0005775995404576,0.1138655229879077,3624.24658203125,8212.0,7631.490234375
darcy,846,846,1691,1,1,64,32,32,4.333232794806463e-08,0.000348745262619,0.1148942250001709,3624.24658203125,8212.0,7631.490234375
darcy,846,846,1692,1,2,64,32,32,2.6878884895609193e-08,8.213964898548817e-05,0.1143187209963798,3624.24658203125,8212.0,7631.490234375
darcy,847,847,1693,1,1,64,32,32,1.0381187109942402e-07,0.0006673472790431,0.1140107249957509,3624.24658203125,8212.0,7631.490234375
darcy,847,847,1694,1,2,64,32,32,6.536205177098965e-08,0.0004907203655969,0.1136984059994574,3624.24658203125,8212.0,7631.490234375
darcy,848,848,1695,1,1,64,32,32,3.828725070320616e-08,0.0003231950072399,0.1144491469895001,3624.24658203125,8212.0,7631.490234375
darcy,848,848,1696,1,2,64,32,32,8.422269104357839e-08,0.0005894722725988,0.1136524799803737,3624.24658203125,8212.0,7631.490234375
darcy,849,849,1697,1,1,64,32,32,4.3654704739992673e-08,0.0003590862885342,0.1141554320056457,3624.24658203125,8212.0,7631.490234375
darcy,849,849,1698,1,2,64,32,32,2.7222561982398478e-08,0.0001581967550338,0.114083282998763,3624.24658203125,8212.0,7631.490234375
darcy,850,850,1699,1,1,64,32,32,1.1568312174858877e-07,0.0007180871892911,0.1141903710085898,3624.24658203125,8212.0,7631.490234375
darcy,850,850,1700,1,2,64,32,32,4.9689486303350356e-08,0.0003935286314554,0.1138283110049087,3624.24658203125,8212.0,7631.490234375
darcy,851,851,1701,1,1,64,32,32,5.0317698452317934e-08,0.0004046145156003,0.1142948449996765,3624.24658203125,8212.0,7631.490234375
darcy,851,851,1702,1,2,64,32,32,7.557937209412557e-08,0.0005659797117931,0.1142790039884857,3624.24658203125,8212.0,7631.490234375
darcy,852,852,1703,1,1,64,32,32,3.8381422484690126e-08,0.0003042553842785,0.1145961199945304,3624.24658203125,8212.0,7631.490234375
darcy,852,852,1704,1,2,64,32,32,3.2136167504859265e-08,0.0002155558653614,0.1142019210092257,3624.24658203125,8212.0,7631.490234375
darcy,853,853,1705,1,1,64,32,32,9.51813419192149e-08,0.000652847919917,0.1145898459944874,3624.24658203125,8212.0,7631.490234375
darcy,853,853,1706,1,2,64,32,32,6.594847690166716e-08,0.0004574112451336,0.1142595880082808,3624.24658203125,8212.0,7631.490234375
darcy,854,854,1707,1,1,64,32,32,5.2062812727626806e-08,0.0004252252858849,0.114735009992728,3624.24658203125,8212.0,7631.490234375
darcy,854,854,1708,1,2,64,32,32,9.390517163865297e-08,0.0006332531876974,0.1141399560146965,3624.24658203125,8212.0,7631.490234375
darcy,855,855,1709,1,1,64,32,32,4.3415532502422145e-08,0.000344362012882,0.114388501009671,3624.24658203125,8212.0,7631.490234375
darcy,855,855,1710,1,2,64,32,32,3.363132705658245e-08,0.0002540714023802,0.1143269409949425,3624.24658203125,8212.0,7631.490234375
darcy,856,856,1711,1,1,64,32,32,1.2822999906347834e-07,0.0007505250019046,0.1143230379966553,3624.24658203125,8212.0,7631.490234375
darcy,856,856,1712,1,2,64,32,32,5.896148991269001e-08,0.0004396950278195,0.1166078310052398,3624.24658203125,8212.0,7631.490234375
darcy,857,857,1713,1,1,64,32,32,5.9210766067963056e-08,0.0004634751876936,0.114294533006614,3624.24658203125,8212.0,7631.490234375
darcy,857,857,1714,1,2,64,32,32,9.811964929440364e-08,0.000649199705302,0.1140846389753278,3624.24658203125,8212.0,7631.490234375
darcy,858,858,1715,1,1,64,32,32,4.441694656520667e-08,0.000329681955315,0.1144594749785028,3624.24658203125,8212.0,7631.490234375
darcy,858,858,1716,1,2,64,32,32,2.9070994500557393e-08,0.0002280722410654,0.1142804689879994,3624.24658203125,8212.0,7631.490234375
darcy,859,859,1717,1,1,64,32,32,1.2863009146713014e-07,0.0007531011024948,0.1142852419870905,3624.24658203125,8212.0,7631.490234375
darcy,859,859,1718,1,2,64,32,32,7.11379684048552e-08,0.0004848709037157,0.1139881639974191,3624.24658203125,8212.0,7631.490234375
darcy,860,860,1719,1,1,64,32,32,5.455683549371315e-08,0.0004270430281775,0.1140157199988607,3624.24658203125,8212.0,7631.490234375
darcy,860,860,1720,1,2,64,32,32,1.070638404598867e-07,0.0006831278440692,0.1137556429894175,3624.24658203125,8212.0,7631.490234375
darcy,861,861,1721,1,1,64,32,32,5.30576471646782e-08,0.0003875383848573,0.114172886009328,3624.24658203125,8212.0,7631.490234375
darcy,861,861,1722,1,2,64,32,32,2.943160382073984e-08,0.000190067227471,0.1162741919979453,3624.24658203125,8212.0,7631.490234375
darcy,862,862,1723,1,1,64,32,32,1.4931762848391372e-07,0.0008218931611061,0.1146638830250594,3624.24658203125,8212.0,7631.490234375
darcy,862,862,1724,1,2,64,32,32,7.006566704603756e-08,0.0004809684632378,0.1138771870173513,3624.24658203125,8212.0,7631.490234375
darcy,863,863,1725,1,1,64,32,32,5.1052587934918854e-08,0.0004103944576152,0.1143620849761646,3624.24658203125,8212.0,7631.490234375
darcy,863,863,1726,1,2,64,32,32,9.237757581104233e-08,0.0006270833275324,0.1141569449973758,3624.24658203125,8212.0,7631.490234375
darcy,864,864,1727,1,1,64,32,32,5.593869545350572e-08,0.000408607396728,0.1145781410159543,3624.24658203125,8212.0,7631.490234375
darcy,864,864,1728,1,2,64,32,32,2.9683535629487782e-08,0.0001478194891493,0.1139168000081554,3624.24658203125,8212.0,7631.490234375
darcy,865,865,1729,1,1,64,32,32,1.2250735892394005e-07,0.0007471949867449,0.114274944004137,3624.24658203125,8212.0,7631.490234375
darcy,865,865,1730,1,2,64,32,32,7.173606775268128e-08,0.0004894596183883,0.1142306550173088,3624.24658203125,8212.0,7631.490234375
darcy,866,866,1731,1,1,64,32,32,4.7900108768317295e-08,0.0003503864174779,0.1141230030043516,3624.24658203125,8212.0,7631.490234375
darcy,866,866,1732,1,2,64,32,32,7.937882173791878e-08,0.0005699578140075,0.1144687659980263,3624.24658203125,8212.0,7631.490234375
darcy,867,867,1733,1,1,64,32,32,5.1864724071037926e-08,0.0003897380093981,0.1138546130096074,3624.24658203125,8212.0,7631.490234375
darcy,867,867,1734,1,2,64,32,32,3.0331555933571515e-08,0.0001108090946164,0.1136312930029816,3624.24658203125,8212.0,7631.490234375
darcy,868,868,1735,1,1,64,32,32,1.096453345894588e-07,0.0006851779535257,0.1142886199813801,3624.24658203125,8212.0,7631.490234375
darcy,868,868,1736,1,2,64,32,32,5.735818930929781e-08,0.0004414856187068,0.1136451849888544,3624.24658203125,8212.0,7631.490234375
darcy,869,869,1737,1,1,64,32,32,4.259621277924453e-08,0.000321856761423,0.1143279259849805,3624.24658203125,8212.0,7631.490234375
darcy,869,869,1738,1,2,64,32,32,7.56391784761945e-08,0.0005462852811138,0.1138391680142376,3624.24658203125,8212.0,7631.490234375
darcy,870,870,1739,1,1,64,32,32,4.090231797704291e-08,0.0003183523657715,0.1145553999813273,3624.24658203125,8212.0,7631.490234375
darcy,870,870,1740,1,2,64,32,32,2.5260908032009866e-08,0.0001145736339579,0.114263107010629,3624.24658203125,8212.0,7631.490234375
darcy,871,871,1741,1,1,64,32,32,8.867321099614855e-08,0.0006086254905329,0.114571543992497,3624.24658203125,8212.0,7631.490234375
darcy,871,871,1742,1,2,64,32,32,6.547744391127709e-08,0.0004778324774483,0.1147179289837367,3624.24658203125,8212.0,7631.490234375
darcy,872,872,1743,1,1,64,32,32,4.2938712141449293e-08,0.0003543096666623,0.1149433959799353,3624.24658203125,8212.0,7631.490234375
darcy,872,872,1744,1,2,64,32,32,7.534003287901214e-08,0.0005534419878877,0.1150665960158221,3624.24658203125,8212.0,7631.490234375
darcy,873,873,1745,1,1,64,32,32,3.990725971902975e-08,0.0003164741499156,0.1141284640179947,3624.24658203125,8212.0,7631.490234375
darcy,873,873,1746,1,2,64,32,32,2.471092130917896e-08,0.0001150567306619,0.1140974809823092,3624.24658203125,8212.0,7631.490234375
darcy,874,874,1747,1,1,64,32,32,1.0066641920047915e-07,0.0006736979957607,0.1144280389999039,3624.24658203125,8212.0,7631.490234375
darcy,874,874,1748,1,2,64,32,32,6.104682626073554e-08,0.0004416434560544,0.1143938720051664,3624.24658203125,8212.0,7631.490234375
darcy,875,875,1749,1,1,64,32,32,4.1696576857930274e-08,0.0003309044285197,0.1144792400009464,3624.24658203125,8212.0,7631.490234375
darcy,875,875,1750,1,2,64,32,32,8.921489325075528e-08,0.0006169606375089,0.1139614940038882,3624.24658203125,8212.0,7631.490234375
darcy,876,876,1751,1,1,64,32,32,3.92068812971047e-08,0.0003227668282022,0.1143569390114862,3624.24658203125,8212.0,7631.490234375
darcy,876,876,1752,1,2,64,32,32,2.5515596746572555e-08,0.0001377499685622,0.1144755760033149,3624.24658203125,8212.0,7631.490234375
darcy,877,877,1753,1,1,64,32,32,1.1382390852077152e-07,0.0007012290874567,0.1141857700131367,3624.24658203125,8212.0,7631.490234375
darcy,877,877,1754,1,2,64,32,32,6.373968375328333e-08,0.0004786858534833,0.1137909230019431,3624.24658203125,8212.0,7631.490234375
darcy,878,878,1755,1,1,64,32,32,5.125463431454592e-08,0.0003897997929482,0.1144814940053038,3624.24658203125,8212.0,7631.490234375
darcy,878,878,1756,1,2,64,32,32,8.359570813354368e-08,0.0005793592230291,0.1144922539824619,3624.24658203125,8212.0,7631.490234375
darcy,879,879,1757,1,1,64,32,32,3.9158344122824935e-08,0.0003162835442507,0.114662436011713,3624.24658203125,8212.0,7631.490234375
darcy,879,879,1758,1,2,64,32,32,2.1278864892337882e-08,6.880307594987384e-05,0.1142887409951072,3624.24658203125,8212.0,7631.490234375
darcy,880,880,1759,1,1,64,32,32,1.206540645171117e-07,0.0007160445515474,0.1146620319923386,3624.24658203125,8212.0,7631.490234375
darcy,880,880,1760,1,2,64,32,32,6.83675409618445e-08,0.0004885954679263,0.1140994850138668,3624.24658203125,8212.0,7631.490234375
darcy,881,881,1761,1,1,64,32,32,4.2472873218457614e-08,0.0003523273360838,0.1147624400036875,3624.24658203125,8212.0,7631.490234375
darcy,881,881,1762,1,2,64,32,32,7.978107419148729e-08,0.0005514609571581,0.1144557459920179,3624.24658203125,8212.0,7631.490234375
darcy,882,882,1763,1,1,64,32,32,5.4425402851165934e-08,0.0004137823474368,0.1146042259933892,3624.24658203125,8212.0,7631.490234375
darcy,882,882,1764,1,2,64,32,32,2.4697257572370294e-08,0.0001415826369837,0.114263438998023,3624.24658203125,8212.0,7631.490234375
darcy,883,883,1765,1,1,64,32,32,1.1770544006139973e-07,0.0007063756764365,0.1145134899998083,3624.24658203125,8212.0,7631.490234375
darcy,883,883,1766,1,2,64,32,32,6.178539280199402e-08,0.0004518833832491,0.1142983250028919,3624.24658203125,8212.0,7631.490234375
darcy,884,884,1767,1,1,64,32,32,4.065403302888626e-08,0.0003419543873735,0.1143734659999609,3624.24658203125,8212.0,7631.490234375
darcy,884,884,1768,1,2,64,32,32,8.33728321936178e-08,0.0005815096773973,0.1141375279985368,3624.24658203125,8212.0,7631.490234375
darcy,885,885,1769,1,1,64,32,32,4.4299195423036515e-08,0.0003240660607508,0.1143931429833173,3624.24658203125,8212.0,7631.490234375
darcy,885,885,1770,1,2,64,32,32,2.2861804893636872e-08,9.455171508925923e-05,0.1144034349999856,3624.24658203125,8212.0,7631.490234375
darcy,886,886,1771,1,1,64,32,32,1.1503815500191197e-07,0.0007083136643668,0.1146884470072109,3624.24658203125,8212.0,7631.490234375
darcy,886,886,1772,1,2,64,32,32,5.8298432747960767e-08,0.0004241962262008,0.1140977989998646,3624.24658203125,8212.0,7631.490234375
darcy,887,887,1773,1,1,64,32,32,4.087386074047572e-08,0.0003291916354002,0.1144915919867344,3624.24658203125,8212.0,7631.490234375
darcy,887,887,1774,1,2,64,32,32,8.192679956664507e-08,0.000582873894371,0.1145209009991958,3624.24658203125,8212.0,7631.490234375
darcy,888,888,1775,1,1,64,32,32,4.139235798561458e-08,0.0003080311819798,0.1146816480031702,3624.24658203125,8212.0,7631.490234375
darcy,888,888,1776,1,2,64,32,32,2.509452201593376e-08,0.0001114736610214,0.1143287700251676,3624.24658203125,8212.0,7631.490234375
darcy,889,889,1777,1,1,64,32,32,1.0377804215977449e-07,0.0006712658951432,0.1146809429919812,3624.24658203125,8212.0,7631.490234375
darcy,889,889,1778,1,2,64,32,32,6.45544844246615e-08,0.0004699281605282,0.1142030899936799,3624.24658203125,8212.0,7631.490234375
darcy,890,890,1779,1,1,64,32,32,4.8549811282327944e-08,0.0003904323918351,0.1146450219966936,3624.24658203125,8212.0,7631.490234375
darcy,890,890,1780,1,2,64,32,32,7.431336968011237e-08,0.0005542918155469,0.1141881950024981,3624.24658203125,8212.0,7631.490234375
darcy,891,891,1781,1,1,64,32,32,4.273217157901854e-08,0.0003445349379215,0.1167129169916734,3624.24658203125,8212.0,7631.490234375
darcy,891,891,1782,1,2,64,32,32,3.090945810413359e-08,0.000183251062913,0.1139858780079521,3624.24658203125,8212.0,7631.490234375
darcy,892,892,1783,1,1,64,32,32,9.784737642348773e-08,0.0006522522480346,0.1142157909926027,3624.24658203125,8212.0,7631.490234375
darcy,892,892,1784,1,2,64,32,32,6.061399204781992e-08,0.0004512175927486,0.1139739860082045,3624.24658203125,8212.0,7631.490234375
darcy,893,893,1785,1,1,64,32,32,4.9394387247048144e-08,0.0004060422929106,0.1144357419980224,3624.24658203125,8212.0,7631.490234375
darcy,893,893,1786,1,2,64,32,32,7.693361681049282e-08,0.0005639020209855,0.11382247399888,3624.24658203125,8212.0,7631.490234375
darcy,894,894,1787,1,1,64,32,32,3.991040031792181e-08,0.0003302882198102,0.114338283019606,3624.24658203125,8212.0,7631.490234375
darcy,894,894,1788,1,2,64,32,32,2.97415834182857e-08,0.0002027288634984,0.1139803499972913,3624.24658203125,8212.0,7631.490234375
darcy,895,895,1789,1,1,64,32,32,1.078431495216137e-07,0.0006856153339492,0.1142336849879939,3624.24658203125,8212.0,7631.490234375
darcy,895,895,1790,1,2,64,32,32,5.238205247337646e-08,0.0004152270921479,0.113820280006621,3624.24658203125,8212.0,7631.490234375
darcy,896,896,1791,1,1,64,32,32,5.0440373655646915e-08,0.0004048629613288,0.1142554570105858,3624.24658203125,8212.0,7631.490234375
darcy,896,896,1792,1,2,64,32,32,8.935873552218254e-08,0.0006240046092228,0.1136345480044838,3624.24658203125,8212.0,7631.490234375
darcy,897,897,1793,1,1,64,32,32,3.4470218679416575e-08,0.0002669192974184,0.114478935021907,3624.24658203125,8212.0,7631.490234375
darcy,897,897,1794,1,2,64,32,32,2.6108187611839643e-08,0.0001656604902905,0.1142562119930516,3624.24658203125,8212.0,7631.490234375
darcy,898,898,1795,1,1,64,32,32,1.1514470799056653e-07,0.0007159135097528,0.1142231049889233,3624.24658203125,8212.0,7631.490234375
darcy,898,898,1796,1,2,64,32,32,5.835487471017586e-08,0.0004483711551432,0.1142213020066265,3624.24658203125,8212.0,7631.490234375
darcy,899,899,1797,1,1,64,32,32,5.1583587179493406e-08,0.0004230212145428,0.1142269359843339,3624.24658203125,8212.0,7631.490234375
darcy,899,899,1798,1,2,64,32,32,8.838510723307992e-08,0.0006196988724033,0.1138548919989261,3624.24658203125,8212.0,7631.490234375
darcy,900,900,1799,1,1,64,32,32,3.8489329057256334e-08,0.0003204352432196,0.1143910420069005,3624.24658203125,8212.0,7631.490234375
darcy,900,900,1800,1,2,64,32,32,2.613474947565919e-08,0.0001651342816929,0.1139899870031513,3624.24658203125,8212.0,7631.490234375
darcy,901,901,1801,1,1,64,32,32,1.276378895909147e-07,0.0007527724325113,0.1142581690219231,3624.24658203125,8212.0,7631.490234375
darcy,901,901,1802,1,2,64,32,32,5.6868714182201074e-08,0.000447472663064,0.1140814679965842,3624.24658203125,8212.0,7631.490234375
darcy,902,902,1803,1,1,64,32,32,4.936814335110285e-08,0.0004114690897676,0.1143100220069754,3624.24658203125,8212.0,7631.490234375
darcy,902,902,1804,1,2,64,32,32,8.781197635698845e-08,0.0006051901116476,0.1140703720157034,3624.24658203125,8212.0,7631.490234375
darcy,903,903,1805,1,1,64,32,32,4.5298129691673246e-08,0.0003659723134318,0.1139601549948565,3624.24658203125,8212.0,7631.490234375
darcy,903,903,1806,1,2,64,32,32,2.9430434977939512e-08,0.0002026540464023,0.1136350379965733,3624.24658203125,8212.0,7631.490234375
darcy,904,904,1807,1,1,64,32,32,1.1512853603790064e-07,0.0007161775279354,0.1144111419853288,3624.24658203125,8212.0,7631.490234375
darcy,904,904,1808,1,2,64,32,32,6.52752660812439e-08,0.0004650898774145,0.1141208669869229,3624.24658203125,8212.0,7631.490234375
darcy,905,905,1809,1,1,64,32,32,4.8982265354879935e-08,0.0004034068933466,0.1143310359911993,3624.24658203125,8212.0,7631.490234375
darcy,905,905,1810,1,2,64,32,32,8.632356696125498e-08,0.0006025742561701,0.1141119600215461,3624.24658203125,8212.0,7631.490234375
darcy,906,906,1811,1,1,64,32,32,4.8209876979399275e-08,0.0003734969318667,0.1144094159826636,3624.24658203125,8212.0,7631.490234375
darcy,906,906,1812,1,2,64,32,32,3.123120606574048e-08,0.0001914077349378,0.1140218939981423,3624.24658203125,8212.0,7631.490234375
darcy,907,907,1813,1,1,64,32,32,1.2156796458384633e-07,0.0007356117496438,0.1140154440072365,3624.24658203125,8212.0,7631.490234375
darcy,907,907,1814,1,2,64,32,32,5.870201036373147e-08,0.0004264868658101,0.1140897739969659,3624.24658203125,8212.0,7631.490234375
darcy,908,908,1815,1,1,64,32,32,4.8494328552806116e-08,0.0003769313104466,0.1144201130082365,3624.24658203125,8212.0,7631.490234375
darcy,908,908,1816,1,2,64,32,32,9.640276488198653e-08,0.0006481280691659,0.1142382830148562,3624.24658203125,8212.0,7631.490234375
darcy,909,909,1817,1,1,64,32,32,3.9062573620185503e-08,0.000309414186043,0.1141733630211092,3624.24658203125,8212.0,7631.490234375
darcy,909,909,1818,1,2,64,32,32,3.1397323851933834e-08,0.0001989865661644,0.1139850340259727,3624.24658203125,8212.0,7631.490234375
darcy,910,910,1819,1,1,64,32,32,1.1167158220359853e-07,0.0007108728377549,0.1145259780168999,3624.24658203125,8212.0,7631.490234375
darcy,910,910,1820,1,2,64,32,32,6.626861193126389e-08,0.0004543194728377,0.1140098339819815,3624.24658203125,8212.0,7631.490234375
darcy,911,911,1821,1,1,64,32,32,5.0302798371149044e-08,0.0004069993992836,0.1139587500074412,3624.24658203125,8212.0,7631.490234375
darcy,911,911,1822,1,2,64,32,32,1.0224229640698469e-07,0.0006694682727649,0.1140008700022008,3624.24658203125,8212.0,7631.490234375
darcy,912,912,1823,1,1,64,32,32,4.467719350031985e-08,0.0003212146147998,0.1142715809983201,3624.24658203125,8212.0,7631.490234375
darcy,912,912,1824,1,2,64,32,32,2.7830823867702748e-08,0.0002125381958766,0.1136761160159949,3624.24658203125,8212.0,7631.490234375
darcy,913,913,1825,1,1,64,32,32,1.19406848853032e-07,0.0007417546728474,0.1141479569778312,3624.24658203125,8212.0,7631.490234375
darcy,913,913,1826,1,2,64,32,32,7.59746185963195e-08,0.0004899142194851,0.1137045549985487,3624.24658203125,8212.0,7631.490234375
darcy,914,914,1827,1,1,64,32,32,5.12704900756944e-08,0.0004159011207094,0.1143550429842434,3624.24658203125,8212.0,7631.490234375
darcy,914,914,1828,1,2,64,32,32,1.0472198397337706e-07,0.0006840838578422,0.1138690169900655,3624.24658203125,8212.0,7631.490234375
darcy,915,915,1829,1,1,64,32,32,5.4847379971079135e-08,0.0003777036614156,0.1144630039925687,3624.24658203125,8212.0,7631.490234375
darcy,915,915,1830,1,2,64,32,32,2.6639169092845805e-08,0.0001649328248557,0.114115298987599,3624.24658203125,8212.0,7631.490234375
darcy,916,916,1831,1,1,64,32,32,1.3721148661716145e-07,0.0007919088995957,0.1143892399850301,3624.24658203125,8212.0,7631.490234375
darcy,916,916,1832,1,2,64,32,32,7.722987049874065e-08,0.0005274555135002,0.1141164220171049,3624.24658203125,8212.0,7631.490234375
darcy,917,917,1833,1,1,64,32,32,5.2774005609990127e-08,0.0004046788316112,0.1144004600064363,3624.24658203125,8212.0,7631.490234375
darcy,917,917,1834,1,2,64,32,32,8.715477406440186e-08,0.0006125048402026,0.114029765012674,3624.24658203125,8212.0,7631.490234375
darcy,918,918,1835,1,1,64,32,32,5.926990809257404e-08,0.0004424046005088,0.1143081240006722,3624.24658203125,8212.0,7631.490234375
darcy,918,918,1836,1,2,64,32,32,2.7779220701518174e-08,0.0001377887102702,0.1139641120098531,3624.24658203125,8212.0,7631.490234375
darcy,919,919,1837,1,1,64,32,32,1.219838168253773e-07,0.0007397226547158,0.1145210560061968,3624.24658203125,8212.0,7631.490234375
darcy,919,919,1838,1,2,64,32,32,7.404216972872747e-08,0.0005247209383735,0.1138944819977041,3624.24658203125,8212.0,7631.490234375
darcy,920,920,1839,1,1,64,32,32,4.08732105938725e-08,0.0002791102800706,0.1143291020125616,3624.24658203125,8212.0,7631.490234375
darcy,920,920,1840,1,2,64,32,32,9.920626098391949e-08,0.0006592419444724,0.1142563130124472,3624.24658203125,8212.0,7631.490234375
darcy,921,921,1841,1,1,64,32,32,5.9551496178755776e-08,0.0004595269123491,0.1145158089930191,3624.24658203125,8212.0,7631.490234375
darcy,921,921,1842,1,2,64,32,32,2.5405826775681817e-08,0.0001277509529035,0.1141207100008614,3624.24658203125,8212.0,7631.490234375
darcy,922,922,1843,1,1,64,32,32,1.1651928133460389e-07,0.0007177611239681,0.1144001590146217,3624.24658203125,8212.0,7631.490234375
darcy,922,922,1844,1,2,64,32,32,7.77387825223741e-08,0.0005410595390993,0.1139360700035467,3624.24658203125,8212.0,7631.490234375
darcy,923,923,1845,1,1,64,32,32,3.7102836358826614e-08,0.0002998857028594,0.1143982379871886,3624.24658203125,8212.0,7631.490234375
darcy,923,923,1846,1,2,64,32,32,8.9498627175999e-08,0.0006132050668101,0.1143449619994498,3624.24658203125,8212.0,7631.490234375
darcy,924,924,1847,1,1,64,32,32,5.1900116204706144e-08,0.000404626428142,0.1143745000008493,3624.24658203125,8212.0,7631.490234375
darcy,924,924,1848,1,2,64,32,32,2.4717563107401478e-08,6.225733764307027e-05,0.1141693399986252,3624.24658203125,8212.0,7631.490234375
darcy,925,925,1849,1,1,64,32,32,1.0978185827070774e-07,0.0006969349468547,0.1145449350005947,3624.24658203125,8212.0,7631.490234375
darcy,925,925,1850,1,2,64,32,32,7.022114090204924e-08,0.0005009235515033,0.1144908209971617,3624.24658203125,8212.0,7631.490234375
darcy,926,926,1851,1,1,64,32,32,4.130674824409653e-08,0.000295378851121,0.1144621090206783,3624.24658203125,8212.0,7631.490234375
darcy,926,926,1852,1,2,64,32,32,7.542109869973501e-08,0.0005584372797445,0.1140739689872134,3624.24658203125,8212.0,7631.490234375
darcy,927,927,1853,1,1,64,32,32,4.5038085261239764e-08,0.0003297463568796,0.1147435500170104,3624.24658203125,8212.0,7631.490234375
darcy,927,927,1854,1,2,64,32,32,2.638172169611153e-08,5.315554504244263e-05,0.1144422630022745,3624.24658203125,8212.0,7631.490234375
darcy,928,928,1855,1,1,64,32,32,8.938310713801911e-08,0.0006113301549661,0.1147023759840522,3624.24658203125,8212.0,7631.490234375
darcy,928,928,1856,1,2,64,32,32,6.708869193516875e-08,0.000494450331934,0.114476202026708,3624.24658203125,8212.0,7631.490234375
darcy,929,929,1857,1,1,64,32,32,3.9647577665391516e-08,0.0002717502712462,0.1145995210099499,3624.24658203125,8212.0,7631.490234375
darcy,929,929,1858,1,2,64,32,32,8.659870331939602e-08,0.000600028283009,0.1139895790256559,3624.24658203125,8212.0,7631.490234375
darcy,930,930,1859,1,1,64,32,32,4.4296744050598136e-08,0.0003648251038322,0.1143592360022012,3624.24658203125,8212.0,7631.490234375
darcy,930,930,1860,1,2,64,32,32,2.8082085989922237e-08,0.0001544874948558,0.1141979829990305,3624.24658203125,8212.0,7631.490234375
darcy,931,931,1861,1,1,64,32,32,1.1045618464322617e-07,0.0006831750331306,0.1141795569856185,3624.24658203125,8212.0,7631.490234375
darcy,931,931,1862,1,2,64,32,32,5.73166971662431e-08,0.0004445451848888,0.1139532980159856,3624.24658203125,8212.0,7631.490234375
darcy,932,932,1863,1,1,64,32,32,5.201098929319414e-08,0.0003663377135261,0.115080065006623,3624.24658203125,8212.0,7631.490234375
darcy,932,932,1864,1,2,64,32,32,8.421946517955804e-08,0.0005866612127828,0.1143977099854964,3624.24658203125,8212.0,7631.490234375
darcy,933,933,1865,1,1,64,32,32,4.1492803859455314e-08,0.0003512488070614,0.114669975999277,3624.24658203125,8212.0,7631.490234375
darcy,933,933,1866,1,2,64,32,32,2.7087196485808818e-08,0.0001628789548523,0.1143252440087962,3624.24658203125,8212.0,7631.490234375
darcy,934,934,1867,1,1,64,32,32,1.29722963038148e-07,0.0007341934484882,0.1144618910038843,3624.24658203125,8212.0,7631.490234375
darcy,934,934,1868,1,2,64,32,32,5.7946568432498686e-08,0.0004276069425228,0.1145774730248376,3624.24658203125,8212.0,7631.490234375
darcy,935,935,1869,1,1,64,32,32,4.896231331485978e-08,0.0003932758424254,0.1139185079955495,3624.24658203125,8212.0,7631.490234375
darcy,935,935,1870,1,2,64,32,32,8.99514560614989e-08,0.0005855654005677,0.1144429910054896,3624.24658203125,8212.0,7631.490234375
darcy,936,936,1871,1,1,64,32,32,4.3975035168841714e-08,0.0003207128395782,0.1145725350070279,3624.24658203125,8212.0,7631.490234375
darcy,936,936,1872,1,2,64,32,32,2.2885737749334112e-08,0.0001404092995207,0.1145182629988994,3624.24658203125,8212.0,7631.490234375
darcy,937,937,1873,1,1,64,32,32,1.3072350668608126e-07,0.000727089195216,0.1144554660131689,3624.24658203125,8212.0,7631.490234375
darcy,937,937,1874,1,2,64,32,32,5.5464060011445326e-08,0.000418094090776,0.1140694069908931,3624.24658203125,8212.0,7631.490234375
darcy,938,938,1875,1,1,64,32,32,4.62347671259522e-08,0.0003870370931064,0.1171810000087134,3624.24658203125,8212.0,7631.490234375
darcy,938,938,1876,1,2,64,32,32,7.745864394337333e-08,0.0005469375060962,0.1170214120065793,3624.24658203125,8212.0,7631.490234375
darcy,939,939,1877,1,1,64,32,32,5.026479144021324e-08,0.0003439746272308,0.1145438049861695,3624.24658203125,8212.0,7631.490234375
darcy,939,939,1878,1,2,64,32,32,2.6837495781251164e-08,0.0001823423007264,0.1141031879815273,3624.24658203125,8212.0,7631.490234375
darcy,940,940,1879,1,1,64,32,32,1.1309769121226056e-07,0.0007102868804281,0.1145513170049525,3624.24658203125,8212.0,7631.490234375
darcy,940,940,1880,1,2,64,32,32,5.726066021338738e-08,0.0003635686283273,0.1141448040143586,3624.24658203125,8212.0,7631.490234375
darcy,941,941,1881,1,1,64,32,32,5.03345454205828e-08,0.0004069207083872,0.1145919989794492,3624.24658203125,8212.0,7631.490234375
darcy,941,941,1882,1,2,64,32,32,7.969129001139663e-08,0.0005687013338916,0.1141882050142157,3624.24658203125,8212.0,7631.490234375
darcy,942,942,1883,1,1,64,32,32,3.9874439750064994e-08,0.000263071125856,0.1143750289920717,3624.24658203125,8212.0,7631.490234375
darcy,942,942,1884,1,2,64,32,32,3.7414956466363947e-08,0.0002016314355077,0.1141357379965484,3624.24658203125,8212.0,7631.490234375
darcy,943,943,1885,1,1,64,32,32,1.1435091806788479e-07,0.0007057495190466,0.1143960549961775,3624.24658203125,8212.0,7631.490234375
darcy,943,943,1886,1,2,64,32,32,4.394598462909016e-08,0.0003332689769049,0.1140692220069468,3624.24658203125,8212.0,7631.490234375
darcy,944,944,1887,1,1,64,32,32,5.78016710051088e-08,0.0004402773666551,0.1147697790001984,3624.24658203125,8212.0,7631.490234375
darcy,944,944,1888,1,2,64,32,32,8.077539348505526e-08,0.0005834229254893,0.1143339259724598,3624.24658203125,8212.0,7631.490234375
darcy,945,945,1889,1,1,64,32,32,2.9280952773547145e-08,0.0002006748501788,0.1139874210057314,3624.24658203125,8212.0,7631.490234375
darcy,945,945,1890,1,2,64,32,32,3.649774882319434e-08,0.0002102030049002,0.1135834870219696,3624.24658203125,8212.0,7631.490234375
darcy,946,946,1891,1,1,64,32,32,1.0215043744210561e-07,0.0006677132538862,0.1138519170053768,3624.24658203125,8212.0,7631.490234375
darcy,946,946,1892,1,2,64,32,32,4.5398035553034794e-08,0.0003655477612513,0.1135132130002603,3624.24658203125,8212.0,7631.490234375
darcy,947,947,1893,1,1,64,32,32,5.6773849621549743e-08,0.0004348869698747,0.1139480679994449,3624.24658203125,8212.0,7631.490234375
darcy,947,947,1894,1,2,64,32,32,8.63653255578356e-08,0.0006112320384786,0.1135238140122965,3624.24658203125,8212.0,7631.490234375
darcy,948,948,1895,1,1,64,32,32,3.5589163616123194e-08,0.0002935121628278,0.1139415859943255,3624.24658203125,8212.0,7631.490234375
darcy,948,948,1896,1,2,64,32,32,3.5640585593910146e-08,0.0002746033486365,0.1187981179973576,3624.24658203125,8212.0,7631.490234375
darcy,949,949,1897,1,1,64,32,32,1.1925553167202452e-07,0.0007248983509999,0.114447222003946,3624.24658203125,8212.0,7631.490234375
darcy,949,949,1898,1,2,64,32,32,4.991297686274265e-08,0.0004045778150606,0.1142798159853555,3624.24658203125,8212.0,7631.490234375
darcy,950,950,1899,1,1,64,32,32,5.976894357218043e-08,0.0004725557622866,0.1183213180047459,3624.24658203125,8212.0,7631.490234375
darcy,950,950,1900,1,2,64,32,32,9.472972806179315e-08,0.0006498169873347,0.1146173030138015,3624.24658203125,8212.0,7631.490234375
darcy,951,951,1901,1,1,64,32,32,3.8122269785390024e-08,0.000306972167082,0.1144362199993338,3624.24658203125,8212.0,7631.490234375
darcy,951,951,1902,1,2,64,32,32,2.9076000274130823e-08,0.0002264702175201,0.1141661479778122,3624.24658203125,8212.0,7631.490234375
darcy,952,952,1903,1,1,64,32,32,1.217107836737341e-07,0.0007394136919405,0.1143529910186771,3624.24658203125,8212.0,7631.490234375
darcy,952,952,1904,1,2,64,32,32,6.396025753474532e-08,0.0004812387504946,0.1143188510031905,3624.24658203125,8212.0,7631.490234375
darcy,953,953,1905,1,1,64,32,32,5.216432796828485e-08,0.0004133598040006,0.1150800220202654,3624.24658203125,8212.0,7631.490234375
darcy,953,953,1906,1,2,64,32,32,9.53243244339319e-08,0.0006446660104368,0.1147086129931267,3624.24658203125,8212.0,7631.490234375
darcy,954,954,1907,1,1,64,32,32,4.7634348021574624e-08,0.0003746846235815,0.1214109110005665,3624.24658203125,8212.0,7631.490234375
darcy,954,954,1908,1,2,64,32,32,2.4095223594144958e-08,0.0001456997949824,0.1169647059869021,3624.24658203125,8212.0,7631.490234375
darcy,955,955,1909,1,1,64,32,32,1.1886389472692829e-07,0.0007254844953269,0.1165406350046396,3624.24658203125,8212.0,7631.490234375
darcy,955,955,1910,1,2,64,32,32,7.998836082379057e-08,0.0005498347943827,0.1163318990147672,3624.24658203125,8212.0,7631.490234375
darcy,956,956,1911,1,1,64,32,32,4.0870961726113826e-08,0.0003248261090461,0.1168649700121022,3624.24658203125,8212.0,7631.490234375
darcy,956,956,1912,1,2,64,32,32,1.0466159494626481e-07,0.0006757199739661,0.1164081900205928,3624.24658203125,8212.0,7631.490234375
darcy,957,957,1913,1,1,64,32,32,5.206492659226569e-08,0.0003749401683392,0.1165337020065635,3624.24658203125,8212.0,7631.490234375
darcy,957,957,1914,1,2,64,32,32,2.363568896157631e-08,7.483707611820263e-05,0.1167577749874908,3624.24658203125,8212.0,7631.490234375
darcy,958,958,1915,1,1,64,32,32,1.1870761085219784e-07,0.0007267668002065,0.1151371739979367,3624.24658203125,8212.0,7631.490234375
darcy,958,958,1916,1,2,64,32,32,7.382400468713969e-08,0.0005234647355873,0.1143788010231219,3624.24658203125,8212.0,7631.490234375
darcy,959,959,1917,1,1,64,32,32,4.574917511490639e-08,0.0003285351227133,0.1146448930085171,3624.24658203125,8212.0,7631.490234375
darcy,959,959,1918,1,2,64,32,32,8.035055287791694e-08,0.0005588475401884,0.1142692000139504,3624.24658203125,8212.0,7631.490234375
darcy,960,960,1919,1,1,64,32,32,4.85718381071365e-08,0.0003977441408356,0.1152837300032842,3624.24658203125,8212.0,7631.490234375
darcy,960,960,1920,1,2,64,32,32,2.8673555974023657e-08,0.0001003194759952,0.1154590649821329,3624.24658203125,8212.0,7631.490234375
darcy,961,961,1921,1,1,64,32,32,1.040025878751294e-07,0.0006565941363343,0.1146563009824603,3624.24658203125,8212.0,7631.490234375
darcy,961,961,1922,1,2,64,32,32,6.63640307152491e-08,0.0004928306496838,0.1143357800028752,3624.24658203125,8212.0,7631.490234375
darcy,962,962,1923,1,1,64,32,32,4.499340988672884e-08,0.0003422076083051,0.1149692489998415,3624.24658203125,8212.0,7631.490234375
darcy,962,962,1924,1,2,64,32,32,7.844628413522514e-08,0.0005458107815722,0.1145579440053552,3624.24658203125,8212.0,7631.490234375
darcy,963,963,1925,1,1,64,32,32,4.337499248663335e-08,0.0003532757371901,0.1144909169815946,3624.24658203125,8212.0,7631.490234375
darcy,963,963,1926,1,2,64,32,32,2.3721042907709492e-08,0.0001244572245908,0.1142682000063359,3624.24658203125,8212.0,7631.490234375
darcy,964,964,1927,1,1,64,32,32,1.0968044961146008e-07,0.0006783039939422,0.1147271609806921,3624.24658203125,8212.0,7631.490234375
darcy,964,964,1928,1,2,64,32,32,6.18452915546186e-08,0.0004364262290182,0.1143315770023036,3624.24658203125,8212.0,7631.490234375
darcy,965,965,1929,1,1,64,32,32,4.1957779473023045e-08,0.0003500382462024,0.1145831360190641,3624.24658203125,8212.0,7631.490234375
darcy,965,965,1930,1,2,64,32,32,8.197589806968608e-08,0.0005729272385778,0.1141678100102581,3624.24658203125,8212.0,7631.490234375
darcy,966,966,1931,1,1,64,32,32,4.717567492207309e-08,0.0003562796966499,0.1144938859797548,3624.24658203125,8212.0,7631.490234375
darcy,966,966,1932,1,2,64,32,32,2.3792054548721356e-08,0.0001663207793698,0.1143170020077377,3624.24658203125,8212.0,7631.490234375
darcy,967,967,1933,1,1,64,32,32,1.1057553450655179e-07,0.0006946464546684,0.1146888560033403,3624.24658203125,8212.0,7631.490234375
darcy,967,967,1934,1,2,64,32,32,6.876970104485737e-08,0.0004678424572511,0.1142729159910231,3624.24658203125,8212.0,7631.490234375
darcy,968,968,1935,1,1,64,32,32,4.2703540259481094e-08,0.0003533055485175,0.1146102210041135,3624.24658203125,8212.0,7631.490234375
darcy,968,968,1936,1,2,64,32,32,9.880813678364576e-08,0.000635669110105,0.1143309129984118,3624.24658203125,8212.0,7631.490234375
darcy,969,969,1937,1,1,64,32,32,5.108402589826255e-08,0.0003734535751589,0.1141578409879002,3624.24658203125,8212.0,7631.490234375
darcy,969,969,1938,1,2,64,32,32,2.5139826220765823e-08,0.00015366895467,0.114124488987727,3624.24658203125,8212.0,7631.490234375
darcy,970,970,1939,1,1,64,32,32,1.2906696156278485e-07,0.000753689933242,0.1144966759893577,3624.24658203125,8212.0,7631.490234375
darcy,970,970,1940,1,2,64,32,32,6.50274074587287e-08,0.0004448429992337,0.1144532469916157,3624.24658203125,8212.0,7631.490234375
darcy,971,971,1941,1,1,64,32,32,4.494014760325626e-08,0.0003560339727712,0.1142982440069317,3624.24658203125,8212.0,7631.490234375
darcy,971,971,1942,1,2,64,32,32,8.156927577829266e-08,0.0005817453162701,0.1141114670026581,3624.24658203125,8212.0,7631.490234375
darcy,972,972,1943,1,1,64,32,32,5.5661054432221135e-08,0.0003900591773587,0.1146263149857986,3624.24658203125,8212.0,7631.490234375
darcy,972,972,1944,1,2,64,32,32,2.8464484103096765e-08,0.0001860044270367,0.1143776359967887,3624.24658203125,8212.0,7631.490234375
darcy,973,973,1945,1,1,64,32,32,1.0504509617703661e-07,0.0006698474856722,0.114472752000438,3624.24658203125,8212.0,7631.490234375
darcy,973,973,1946,1,2,64,32,32,6.122385087792281e-08,0.0004427347352382,0.1139962519810069,3624.24658203125,8212.0,7631.490234375
darcy,974,974,1947,1,1,64,32,32,4.571100120642768e-08,0.0003696733164904,0.1146228270081337,3624.24658203125,8212.0,7631.490234375
darcy,974,974,1948,1,2,64,32,32,7.957857661722302e-08,0.0005753069740282,0.1140797950210981,3624.24658203125,8212.0,7631.490234375
darcy,975,975,1949,1,1,64,32,32,3.9810995389188975e-08,0.0003053581227409,0.1145962150185369,3624.24658203125,8212.0,7631.490234375
darcy,975,975,1950,1,2,64,32,32,3.1414945311780684e-08,0.0001988938929628,0.1143971980200149,3624.24658203125,8212.0,7631.490234375
darcy,976,976,1951,1,1,64,32,32,9.757701491253101e-08,0.0006516108701975,0.1147582379926461,3624.24658203125,8212.0,7631.490234375
darcy,976,976,1952,1,2,64,32,32,4.833237099433063e-08,0.000375448388767,0.1143461579922586,3624.24658203125,8212.0,7631.490234375
darcy,977,977,1953,1,1,64,32,32,4.9108034971823145e-08,0.0004033691449455,0.1146744420111645,3624.24658203125,8212.0,7631.490234375
darcy,977,977,1954,1,2,64,32,32,7.718240624399186e-08,0.0005688103265517,0.1142708400147967,3624.24658203125,8212.0,7631.490234375
darcy,978,978,1955,1,1,64,32,32,3.15628199132334e-08,0.0002238613897752,0.1145384559931699,3624.24658203125,8212.0,7631.490234375
darcy,978,978,1956,1,2,64,32,32,2.81740621943527e-08,0.0001877788254703,0.1140914059942588,3624.24658203125,8212.0,7631.490234375
darcy,979,979,1957,1,1,64,32,32,9.156836000556724e-08,0.0006185244416393,0.1146360249840654,3624.24658203125,8212.0,7631.490234375
darcy,979,979,1958,1,2,64,32,32,5.34429922538493e-08,0.0004212295903483,0.114518124028109,3624.24658203125,8212.0,7631.490234375
darcy,980,980,1959,1,1,64,32,32,5.3576240333086396e-08,0.0004408377973067,0.1144451909931376,3624.24658203125,8212.0,7631.490234375
darcy,980,980,1960,1,2,64,32,32,7.839858540137358e-08,0.0005779535083337,0.1144214069936424,3624.24658203125,8212.0,7631.490234375
darcy,981,981,1961,1,1,64,32,32,3.1028029923163565e-08,0.0002576610444513,0.1145482170104514,3624.24658203125,8212.0,7631.490234375
darcy,981,981,1962,1,2,64,32,32,3.081911970070905e-08,0.0002095604071132,0.1145310089923441,3624.24658203125,8212.0,7631.490234375
darcy,982,982,1963,1,1,64,32,32,1.0232940184096152e-07,0.0006700889618124,0.114796303998446,3624.24658203125,8212.0,7631.490234375
darcy,982,982,1964,1,2,64,32,32,5.4864347731609087e-08,0.0004258301452301,0.114288626005873,3624.24658203125,8212.0,7631.490234375
darcy,983,983,1965,1,1,64,32,32,5.639047628847039e-08,0.0004577875007088,0.1146634629985783,3624.24658203125,8212.0,7631.490234375
darcy,983,983,1966,1,2,64,32,32,8.047471311556366e-08,0.0005817010777169,0.1144858940097037,3624.24658203125,8212.0,7631.490234375
darcy,984,984,1967,1,1,64,32,32,3.6792844326782876e-08,0.0003029785689064,0.1147571300098206,3624.24658203125,8212.0,7631.490234375
darcy,984,984,1968,1,2,64,32,32,2.9320608163629916e-08,0.0002213419567186,0.114352710021194,3624.24658203125,8212.0,7631.490234375
darcy,985,985,1969,1,1,64,32,32,1.1231108487663732e-07,0.0006949991575351,0.1146327500173356,3624.24658203125,8212.0,7631.490234375
darcy,985,985,1970,1,2,64,32,32,5.9970453492042e-08,0.0004628942194914,0.1143514430150389,3624.24658203125,8212.0,7631.490234375
darcy,986,986,1971,1,1,64,32,32,5.485627951884454e-08,0.0004432410445344,0.114655926998239,3624.24658203125,8212.0,7631.490234375
darcy,986,986,1972,1,2,64,32,32,9.430667802234893e-08,0.0006311761420284,0.1143734219949692,3624.24658203125,8212.0,7631.490234375
darcy,987,987,1973,1,1,64,32,32,4.3967258278598826e-08,0.0003402658815827,0.114762768993387,3624.24658203125,8212.0,7631.490234375
darcy,987,987,1974,1,2,64,32,32,2.5758238209050432e-08,0.0002029196836892,0.1142691330169327,3624.24658203125,8212.0,7631.490234375
darcy,988,988,1975,1,1,64,32,32,1.2610436783688786e-07,0.0007460050605723,0.1142241469933651,3624.24658203125,8212.0,7631.490234375
darcy,988,988,1976,1,2,64,32,32,6.498348881223137e-08,0.0004747123396273,0.1138182090071495,3624.24658203125,8212.0,7631.490234375
darcy,989,989,1977,1,1,64,32,32,5.2975494213569625e-08,0.0004221500401993,0.1143997239996679,3624.24658203125,8212.0,7631.490234375
darcy,989,989,1978,1,2,64,32,32,8.773378823434541e-08,0.0006071564131946,0.1143703220004681,3624.24658203125,8212.0,7631.490234375
darcy,990,990,1979,1,1,64,32,32,4.506188844288772e-08,0.0003653601167003,0.114614384016022,3624.24658203125,8212.0,7631.490234375
darcy,990,990,1980,1,2,64,32,32,2.6180975609690904e-08,0.0001379968344001,0.1143110230041202,3624.24658203125,8212.0,7631.490234375
darcy,991,991,1981,1,1,64,32,32,1.3009942279040845e-07,0.0007561145164376,0.11441645398736,3624.24658203125,8212.0,7631.490234375
darcy,991,991,1982,1,2,64,32,32,6.057882728782715e-08,0.0004524141842104,0.1143705739814322,3624.24658203125,8212.0,7631.490234375
darcy,992,992,1983,1,1,64,32,32,4.202328085511908e-08,0.0003443379676578,0.1146499660098925,3624.24658203125,8212.0,7631.490234375
darcy,992,992,1984,1,2,64,32,32,9.17810467626623e-08,0.0006314565341141,0.114181839977391,3624.24658203125,8212.0,7631.490234375
darcy,993,993,1985,1,1,64,32,32,4.2269551414619855e-08,0.000327925029882,0.1142104819882661,3624.24658203125,8212.0,7631.490234375
darcy,993,993,1986,1,2,64,32,32,2.5435454631406174e-08,0.0001233555284563,0.1142806549905799,3624.24658203125,8212.0,7631.490234375
darcy,994,994,1987,1,1,64,32,32,1.1075155725848165e-07,0.0007066116210938,0.114121480990434,3624.24658203125,8212.0,7631.490234375
darcy,994,994,1988,1,2,64,32,32,6.070024483051384e-08,0.0004397956256652,0.1139927890035323,3624.24658203125,8212.0,7631.490234375
darcy,995,995,1989,1,1,64,32,32,4.0516734856055336e-08,0.0003253687658918,0.1139937969855964,3624.24658203125,8212.0,7631.490234375
darcy,995,995,1990,1,2,64,32,32,8.90906406425529e-08,0.000626602725157,0.1141625450109131,3624.24658203125,8212.0,7631.490234375
darcy,996,996,1991,1,1,64,32,32,3.9405868790254324e-08,0.0003145668543613,0.1144675849936902,3624.24658203125,8212.0,7631.490234375
darcy,996,996,1992,1,2,64,32,32,2.6326823387989865e-08,0.0001515165292178,0.1146884349873289,3624.24658203125,8212.0,7631.490234375
darcy,997,997,1993,1,1,64,32,32,1.0636813385644929e-07,0.0006883487354794,0.1140828079951461,3624.24658203125,8212.0,7631.490234375
darcy,997,997,1994,1,2,64,32,32,5.91796052162863e-08,0.0004450412838121,0.1140991869906429,3624.24658203125,8212.0,7631.490234375
darcy,998,998,1995,1,1,64,32,32,4.70923318118821e-08,0.0003972945145331,0.1139834199857432,3624.24658203125,8212.0,7631.490234375
darcy,998,998,1996,1,2,64,32,32,7.728313988764057e-08,0.0005642413959192,0.1139762279926799,3624.24658203125,8212.0,7631.490234375
darcy,999,999,1997,1,1,64,32,32,3.955776506359143e-08,0.0003409020883118,0.1141798610042315,3624.24658203125,8212.0,7631.490234375
darcy,999,999,1998,1,2,64,32,32,3.0021389818557516e-08,0.000199575930265,0.1136514809913933,3624.24658203125,8212.0,7631.490234375
darcy,1000,1000,1999,1,1,64,32,32,1.061645846789361e-07,0.0006876388407279,0.1142956220137421,3624.24658203125,8212.0,7631.490234375
darcy,1000,1000,2000,1,2,64,32,32,5.3718977710559563e-08,0.0003976485407075,0.1138852279982529,3624.24658203125,8212.0,7631.490234375
darcy,1001,1001,2001,1,1,64,32,32,4.764192595985151e-08,0.000393973960443,0.1159321599989198,3624.24658203125,8212.0,7631.490234375
darcy,1001,1001,2002,1,2,64,32,32,8.21697412334288e-08,0.0006017489294351,0.1149926040088757,3624.24658203125,8212.0,7631.490234375
darcy,1002,1002,2003,1,1,64,32,32,4.022201949283044e-08,0.0003311411730435,0.1151030220207758,3624.24658203125,8212.0,7631.490234375
darcy,1002,1002,2004,1,2,64,32,32,3.56445646332304e-08,0.0002893999176343,0.1139395729987882,3624.24658203125,8212.0,7631.490234375
darcy,1003,1003,2005,1,1,64,32,32,1.0267928018947715e-07,0.0006713529587242,0.1144611980125773,3624.24658203125,8212.0,7631.490234375
darcy,1003,1003,2006,1,2,64,32,32,5.5256368369782656e-08,0.0004187223285874,0.1141014720196835,3624.24658203125,8212.0,7631.490234375
darcy,1004,1004,2007,1,1,64,32,32,5.4003368887833865e-08,0.0004454529381323,0.114355945988791,3624.24658203125,8212.0,7631.490234375
darcy,1004,1004,2008,1,2,64,32,32,9.637304998477705e-08,0.0006600484516206,0.1140315600205212,3624.24658203125,8212.0,7631.490234375
darcy,1005,1005,2009,1,1,64,32,32,3.4696583384175035e-08,0.0002726268039457,0.1143669779994525,3624.24658203125,8212.0,7631.490234375
darcy,1005,1005,2010,1,2,64,32,32,2.717667690887993e-08,0.0002051902924853,0.1141284809855278,3624.24658203125,8212.0,7631.490234375
darcy,1006,1006,2011,1,1,64,32,32,1.1762717377905575e-07,0.0007312052789154,0.114130916976137,3624.24658203125,8212.0,7631.490234375
darcy,1006,1006,2012,1,2,64,32,32,6.800989638122702e-08,0.0004858621574407,0.1139740160142537,3624.24658203125,8212.0,7631.490234375
darcy,1007,1007,2013,1,1,64,32,32,5.626879939768514e-08,0.000456702571824,0.1144812080019619,3624.24658203125,8212.0,7631.490234375
darcy,1007,1007,2014,1,2,64,32,32,8.96083776069645e-08,0.0006304666321574,0.1143246630090288,3624.24658203125,8212.0,7631.490234375
darcy,1008,1008,2015,1,1,64,32,32,3.672172255164696e-08,0.0003148117051848,0.1143520630139391,3624.24658203125,8212.0,7631.490234375
darcy,1008,1008,2016,1,2,64,32,32,2.6142206621670997e-08,0.0001204918502027,0.1139539979922119,3624.24658203125,8212.0,7631.490234375
darcy,1009,1009,2017,1,1,64,32,32,1.2181101283204046e-07,0.0007499560319213,0.1143093839928042,3624.24658203125,8212.0,7631.490234375
darcy,1009,1009,2018,1,2,64,32,32,6.807721320001292e-08,0.0004969197882642,0.1141738440201152,3624.24658203125,8212.0,7631.490234375
darcy,1010,1010,2019,1,1,64,32,32,4.174579260052269e-08,0.0003649658470373,0.114469588996144,3624.24658203125,8212.0,7631.490234375
darcy,1010,1010,2020,1,2,64,32,32,9.529710354172495e-08,0.0006410835847375,0.1141182279970962,3624.24658203125,8212.0,7631.490234375
darcy,1011,1011,2021,1,1,64,32,32,5.021016136197432e-08,0.0004081749411932,0.1142877069942187,3624.24658203125,8212.0,7631.490234375
darcy,1011,1011,2022,1,2,64,32,32,2.5743664977539996e-08,0.0001941061558296,0.1141318220179528,3624.24658203125,8212.0,7631.490234375
darcy,1012,1012,1,1,1,64,32,32,1.249910610567895e-07,0.0007562419086576,0.2132734520127996,3624.28662109375,6346.0,4917.65625
darcy,1012,1012,2,1,2,64,32,32,1.92066340787278e-06,0.0032259654809581,0.1151500499981921,3624.28662109375,6348.0,5241.525390625
darcy,1013,1013,3,1,1,64,32,32,2.7762933996200445e-07,0.0011563958116533,0.1148932980140671,3624.9462890625,8468.0,7631.70458984375
darcy,1013,1013,4,1,2,64,32,32,3.55470916701961e-07,0.0012922123259686,0.1140563919907435,3624.9462890625,8468.0,7631.70458984375
darcy,1014,1014,5,1,1,64,32,32,1.4011584426043555e-06,0.0026955714442359,0.1147205990273505,3624.9462890625,8468.0,7631.70458984375
darcy,1014,1014,6,1,2,64,32,32,9.81831931312627e-07,0.0022455821635724,0.1141871660074684,3624.9462890625,8468.0,7631.70458984375
darcy,1015,1015,7,1,1,64,32,32,1.922563086509399e-07,0.0009148824110648,0.115236379991984,3624.28662109375,8468.0,7631.70458984375
darcy,1015,1015,8,1,2,64,32,32,8.518124872125554e-08,0.0004965300296622,0.1150346420181449,3624.28662109375,8468.0,7631.70458984375
darcy,1016,1016,9,1,1,64,32,32,6.068119660085358e-07,0.0017666335125941,0.11485829600133,3624.9462890625,8468.0,7631.70458984375
darcy,1016,1016,10,1,2,64,32,32,8.572155820729677e-07,0.0020768431192728,0.114152919006301,3624.9462890625,8468.0,7631.70458984375
darcy,1017,1017,11,1,1,64,32,32,5.015533588448307e-07,0.0014965567856187,0.1146184219978749,3624.28662109375,8468.0,7631.70458984375
darcy,1017,1017,12,1,2,64,32,32,1.844428396680087e-07,0.0006637574774349,0.1146806460164953,3624.28662109375,8468.0,7631.70458984375
darcy,1018,1018,13,1,1,64,32,32,1.6705915584225298e-07,0.0006432951389542,0.1150480239884927,3624.9462890625,8468.0,7631.70458984375
darcy,1018,1018,14,1,2,64,32,32,3.246946107537952e-07,0.0011689664030256,0.1146310780022759,3624.9462890625,8468.0,7631.70458984375
darcy,1019,1019,15,1,1,64,32,32,4.164462552580517e-07,0.0013931673986847,0.1147227630135603,3624.28662109375,8468.0,7631.70458984375
darcy,1019,1019,16,1,2,64,32,32,3.105398320712993e-07,0.0010898840062356,0.1145693220023531,3624.28662109375,8468.0,7631.70458984375
darcy,1020,1020,17,1,1,64,32,32,1.7119303663548638e-07,0.0004691231951858,0.1145176120044197,3624.9462890625,8468.0,7631.70458984375
darcy,1020,1020,18,1,2,64,32,32,1.303791918871866e-07,0.0001872083513094,0.1146994519804138,3624.9462890625,8468.0,7631.70458984375
darcy,1021,1021,19,1,1,64,32,32,2.096567044418407e-07,0.0008339240386561,0.1147494130127597,3624.9462890625,8468.0,7631.70458984375
darcy,1021,1021,20,1,2,64,32,32,2.3571038809677705e-07,0.0009837891796214,0.1141462060040794,3624.9462890625,8468.0,7631.70458984375
darcy,1022,1022,21,1,1,64,32,32,1.775547815441314e-07,0.0007552390878075,0.1148312939913012,3624.28662109375,8468.0,7631.70458984375
darcy,1022,1022,22,1,2,64,32,32,1.3429472289772093e-07,0.0003583502836613,0.1144813239807263,3624.28662109375,8468.0,7631.70458984375
darcy,1023,1023,23,1,1,64,32,32,1.345964477650341e-07,0.000164951604704,0.1147896409966051,3624.9462890625,8468.0,7631.70458984375
darcy,1023,1023,24,1,2,64,32,32,1.708292671764866e-07,0.0005403604161208,0.1145918080001138,3624.9462890625,8468.0,7631.70458984375
darcy,1024,1024,25,1,1,64,32,32,1.7948950414847786e-07,0.0007578154042415,0.1148203579941764,3624.28662109375,8468.0,7631.70458984375
darcy,1024,1024,26,1,2,64,32,32,1.00042626627328e-07,0.0005036186643372,0.114952368021477,3624.28662109375,8468.0,7631.70458984375
darcy,1025,1025,27,1,1,64,32,32,6.759005799494845e-08,0.000147519852906,0.1146799889975227,3624.28662109375,8468.0,7631.70458984375
darcy,1025,1025,28,1,2,64,32,32,8.948769192329564e-08,0.0002443252820513,0.1145392330072354,3624.28662109375,8468.0,7631.70458984375
darcy,1026,1026,29,1,1,64,32,32,1.4755178767700272e-07,0.0005924341174498,0.1150419800251256,3624.9462890625,8468.0,7631.70458984375
darcy,1026,1026,30,1,2,64,32,32,1.5020694377199106e-07,0.0005983561891534,0.1145968579803593,3624.9462890625,8468.0,7631.70458984375
darcy,1027,1027,31,1,1,64,32,32,8.476923341049769e-08,0.0003122738951376,0.1150278589921072,3624.9462890625,8468.0,7631.70458984375
darcy,1027,1027,32,1,2,64,32,32,3.9846231203455324e-08,3.8185172688318256e-05,0.1147275480034295,3624.9462890625,8468.0,7631.70458984375
darcy,1028,1028,33,1,1,64,32,32,6.985072076304277e-08,0.0004874582718982,0.1152117979945615,3624.28662109375,8468.0,7631.70458984375
darcy,1028,1028,34,1,2,64,32,32,1.0940237871182037e-07,0.0006253658291393,0.1147891549917403,3624.28662109375,8468.0,7631.70458984375
darcy,1029,1029,35,1,1,64,32,32,8.72515144578756e-08,0.0004079065278611,0.1148092090152204,3624.9462890625,8468.0,7631.70458984375
darcy,1029,1029,36,1,2,64,32,32,6.219698178711043e-08,0.0001826957455176,0.1146078390011098,3624.9462890625,8468.0,7631.70458984375
darcy,1030,1030,37,1,1,64,32,32,7.749485320118765e-08,0.0003515352811136,0.1153015000163577,3624.28662109375,8468.0,7631.70458984375
darcy,1030,1030,38,1,2,64,32,32,8.955685615319454e-08,0.0005044037007668,0.1145485599990934,3624.28662109375,8468.0,7631.70458984375
darcy,1031,1031,39,1,1,64,32,32,7.051318817730134e-08,0.0004944187282294,0.1147742670145817,3624.9462890625,8468.0,7631.70458984375
darcy,1031,1031,40,1,2,64,32,32,5.1880370222079364e-08,0.0003483703526619,0.114644904009765,3624.9462890625,8468.0,7631.70458984375
darcy,1032,1032,41,1,1,64,32,32,4.062246006242276e-08,0.0001052274789802,0.1149035440175794,3624.28662109375,8468.0,7631.70458984375
darcy,1032,1032,42,1,2,64,32,32,5.689469873004783e-08,0.0003114551461235,0.1149449229997117,3624.28662109375,8468.0,7631.70458984375
darcy,1033,1033,43,1,1,64,32,32,9.249044552461785e-08,0.0005394934972106,0.1151981939910911,3624.9462890625,8468.0,7631.70458984375
darcy,1033,1033,44,1,2,64,32,32,7.37804981554291e-08,0.000448121486748,0.1147386319935321,3624.9462890625,8468.0,7631.70458984375
darcy,1034,1034,45,1,1,64,32,32,4.4018122480338207e-08,0.0001230391143063,0.1150611010089051,3624.9462890625,8468.0,7631.70458984375
darcy,1034,1034,46,1,2,64,32,32,4.156783717235157e-08,0.0002084890056973,0.1145383059920277,3624.9462890625,8468.0,7631.70458984375
darcy,1035,1035,47,1,1,64,32,32,6.837679933369145e-08,0.0004817613423121,0.1148382649989798,3624.28662109375,8468.0,7631.70458984375
darcy,1035,1035,48,1,2,64,32,32,5.3166900215728674e-08,0.0003797445295989,0.1145645680080633,3624.28662109375,8468.0,7631.70458984375
darcy,1036,1036,49,1,1,64,32,32,3.909984158667612e-08,0.0002120843520833,0.1149730009783525,3624.9462890625,8468.0,7631.70458984375
darcy,1036,1036,50,1,2,64,32,32,3.1050578996882905e-08,3.580484433985891e-05,0.114776211004937,3624.9462890625,8468.0,7631.70458984375
darcy,1037,1037,51,1,1,64,32,32,5.8929305879473766e-08,0.0004082609821393,0.1146634460019413,3624.28662109375,8468.0,7631.70458984375
darcy,1037,1037,52,1,2,64,32,32,4.749411530724502e-08,0.0003418842435107,0.1138034339819569,3624.28662109375,8468.0,7631.70458984375
darcy,1038,1038,53,1,1,64,32,32,3.435063078427447e-08,0.0001784945633647,0.114062623004429,3624.28662109375,8468.0,7631.70458984375
darcy,1038,1038,54,1,2,64,32,32,2.7358893817108765e-08,5.646341040241254e-05,0.1138262299937196,3624.28662109375,8468.0,7631.70458984375
darcy,1039,1039,55,1,1,64,32,32,4.1078504153801993e-08,0.000295281013286,0.1138702039897907,3624.9462890625,8468.0,7631.70458984375
darcy,1039,1039,56,1,2,64,32,32,4.7430628313804846e-08,0.0003575736109808,0.1137416860146913,3624.9462890625,8468.0,7631.70458984375
darcy,1040,1040,57,1,1,64,32,32,3.3537361332491855e-08,0.0002470857937666,0.1139473619987256,3624.9462890625,8468.0,7631.70458984375
darcy,1040,1040,58,1,2,64,32,32,2.151375078085493e-08,1.7085111201407603e-05,0.1135579589754343,3624.9462890625,8468.0,7631.70458984375
darcy,1041,1041,59,1,1,64,32,32,5.0341032675760295e-08,0.0003889726673566,0.1138750910176895,3624.28662109375,8468.0,7631.70458984375
darcy,1041,1041,60,1,2,64,32,32,5.6827722971775074e-08,0.0003783414765668,0.1139138970174826,3624.28662109375,8468.0,7631.70458984375
darcy,1042,1042,61,1,1,64,32,32,3.2978459074684e-08,0.0001108967047707,0.1140377270057797,3624.9462890625,8468.0,7631.70458984375
darcy,1042,1042,62,1,2,64,32,32,2.0995550187308254e-08,6.292290602594373e-05,0.1137941760243848,3624.9462890625,8468.0,7631.70458984375
darcy,1043,1043,63,1,1,64,32,32,4.400566666618033e-08,0.0003516931387368,0.1138951829925645,3624.28662109375,8468.0,7631.70458984375
darcy,1043,1043,64,1,2,64,32,32,3.8394222912074845e-08,0.0003115814401571,0.1139825670106802,3624.28662109375,8468.0,7631.70458984375
darcy,1044,1044,65,1,1,64,32,32,2.5908915901595723e-08,0.000131451163425,0.1138917070056777,3624.9462890625,8468.0,7631.70458984375
darcy,1044,1044,66,1,2,64,32,32,2.3988679487274567e-08,5.151873343960865e-05,0.1136812070035375,3624.9462890625,8468.0,7631.70458984375
darcy,1045,1045,67,1,1,64,32,32,5.41380344998288e-08,0.0003747469936032,0.1139474539959337,3624.28662109375,8468.0,7631.70458984375
darcy,1045,1045,68,1,2,64,32,32,4.4426137435493735e-08,0.0003399558797321,0.1137456829892471,3624.28662109375,8468.0,7631.70458984375
darcy,1046,1046,69,1,1,64,32,32,2.9171340898415113e-08,9.460779988139954e-05,0.1139302859955933,3624.9462890625,8468.0,7631.70458984375
darcy,1046,1046,70,1,2,64,32,32,2.6052015655864125e-08,0.000128065960197,0.1138084509875625,3624.9462890625,8468.0,7631.70458984375
darcy,1047,1047,71,1,1,64,32,32,4.81826560871923e-08,0.0003852804362504,0.1139159180165734,3624.9462890625,8468.0,7631.70458984375
darcy,1047,1047,72,1,2,64,32,32,3.411419058352294e-08,0.0002797337599399,0.1135975930083077,3624.9462890625,8468.0,7631.70458984375
darcy,1048,1048,73,1,1,64,32,32,2.150117239807514e-08,5.863963968440822e-05,0.1139534559915773,3624.28662109375,8468.0,7631.70458984375
darcy,1048,1048,74,1,2,64,32,32,2.9310825766515336e-08,0.0001804003712431,0.113709828001447,3624.28662109375,8468.0,7631.70458984375
darcy,1049,1049,75,1,1,64,32,32,5.042134532118325e-08,0.0003698766610966,0.1141938450164161,3624.9462890625,8468.0,7631.70458984375
darcy,1049,1049,76,1,2,64,32,32,4.217984894694382e-08,0.0003299621281802,0.1139732649899087,3624.9462890625,8468.0,7631.70458984375
darcy,1050,1050,77,1,1,64,32,32,2.300260426579825e-08,0.0001114590515626,0.1144434009911492,3624.28662109375,8468.0,7631.70458984375
darcy,1050,1050,78,1,2,64,32,32,3.3507387087183815e-08,0.0002498260747488,0.1137686219881288,3624.28662109375,8468.0,7631.70458984375
darcy,1051,1051,79,1,1,64,32,32,3.821235239342968e-08,0.0003242061084612,0.1142231069970876,3624.28662109375,8468.0,7631.70458984375
darcy,1051,1051,80,1,2,64,32,32,3.174460161403658e-08,0.0002600880626971,0.1141895440232474,3624.28662109375,8468.0,7631.70458984375
darcy,1052,1052,81,1,1,64,32,32,3.2312282627344764e-08,0.0001926152462382,0.1143800500140059,3624.9462890625,8468.0,7631.70458984375
darcy,1052,1052,82,1,2,64,32,32,4.354521010441204e-08,0.0003315992362778,0.1139869369799271,3624.9462890625,8468.0,7631.70458984375
darcy,1053,1053,83,1,1,64,32,32,4.429503874803231e-08,0.0003319364063221,0.1151330900029279,3624.9462890625,8468.0,7631.70458984375
darcy,1053,1053,84,1,2,64,32,32,2.5341350351482106e-08,0.0001002022066768,0.1149552910064812,3624.9462890625,8468.0,7631.70458984375
darcy,1054,1054,85,1,1,64,32,32,3.963229033843163e-08,0.0003322969999931,0.1145582390017807,3624.28662109375,8468.0,7631.70458984375
darcy,1054,1054,86,1,2,64,32,32,4.3272716965248044e-08,0.0003620639372192,0.1141444079985376,3624.28662109375,8468.0,7631.70458984375
darcy,1055,1055,87,1,1,64,32,32,2.5614147247665642e-08,0.0002076332560059,0.1143203059909865,3624.9462890625,8468.0,7631.70458984375
darcy,1055,1055,88,1,2,64,32,32,2.2218509698745947e-08,1.855660580553181e-05,0.1142931230133399,3624.9462890625,8468.0,7631.70458984375
darcy,1056,1056,89,1,1,64,32,32,5.5733206494323895e-08,0.0004143924739937,0.1145834310154896,3624.28662109375,8468.0,7631.70458984375
darcy,1056,1056,90,1,2,64,32,32,5.039670725182077e-08,0.000386656970543,0.1141687929921317,3624.28662109375,8468.0,7631.70458984375
darcy,1057,1057,91,1,1,64,32,32,2.6645626149957025e-08,9.3996811110297e-05,0.1143656900094356,3624.9462890625,8468.0,7631.70458984375
darcy,1057,1057,92,1,2,64,32,32,2.84355365920419e-08,0.0001450168083042,0.1140464020136278,3624.9462890625,8468.0,7631.70458984375
darcy,1058,1058,93,1,1,64,32,32,5.069971820148567e-08,0.0004265011282951,0.1145804309926461,3624.28662109375,8468.0,7631.70458984375
darcy,1058,1058,94,1,2,64,32,32,4.0573919335429316e-08,0.0003436831749802,0.1142168969963677,3624.28662109375,8468.0,7631.70458984375
darcy,1059,1059,95,1,1,64,32,32,2.2183236580985977e-08,5.550996459942118e-05,0.1143593069864437,3624.9462890625,8468.0,7631.70458984375
darcy,1059,1059,96,1,2,64,32,32,3.1509301834375953e-08,0.0002221084844857,0.1140170829894486,3624.9462890625,8468.0,7631.70458984375
darcy,1060,1060,97,1,1,64,32,32,5.603920527619267e-08,0.0004409925549768,0.1139262299984693,3624.9462890625,8468.0,7631.70458984375
darcy,1060,1060,98,1,2,64,32,32,3.730908915144937e-08,0.0002793153225337,0.1147829080000519,3624.9462890625,8468.0,7631.70458984375
darcy,1061,1061,99,1,1,64,32,32,3.1832410485321816e-08,0.0002532134656104,0.1170196390012279,3624.28662109375,8468.0,7631.70458984375
darcy,1061,1061,100,1,2,64,32,32,4.2655500465116354e-08,0.0003681785410742,0.1142462289717514,3624.28662109375,8468.0,7631.70458984375
darcy,1062,1062,101,1,1,64,32,32,3.3241150276808185e-08,0.0002906785665051,0.1144440810021478,3624.9462890625,8468.0,7631.70458984375
darcy,1062,1062,102,1,2,64,32,32,2.3384989944474913e-08,0.0001314440388652,0.1142785410047508,3624.9462890625,8468.0,7631.70458984375
darcy,1063,1063,103,1,1,64,32,32,5.0201830248397534e-08,0.000372429527008,0.1146004059992265,3624.28662109375,8468.0,7631.70458984375
darcy,1063,1063,104,1,2,64,32,32,5.644630718393274e-08,0.0004374146174895,0.1139891229977365,3624.28662109375,8468.0,7631.70458984375
darcy,1064,1064,105,1,1,64,32,32,2.9361958198137472e-08,0.0001678188579957,0.1141762280021794,3624.28662109375,8468.0,7631.70458984375
darcy,1064,1064,106,1,2,64,32,32,2.5337556053273147e-08,7.488898929820578e-05,0.113628935010638,3624.28662109375,8468.0,7631.70458984375
darcy,1065,1065,107,1,1,64,32,32,5.6217896116095296e-08,0.0004577339608649,0.1150644729787018,3624.9462890625,8468.0,7631.70458984375
darcy,1065,1065,108,1,2,64,32,32,4.9527681511563066e-08,0.0004093006068638,0.1142934570088982,3624.9462890625,8468.0,7631.70458984375
darcy,1066,1066,109,1,1,64,32,32,1.7618676295683144e-08,3.417216824422327e-05,0.114133256021887,3624.9462890625,8468.0,7631.70458984375
darcy,1066,1066,110,1,2,64,32,32,3.603707199317796e-08,0.0002557041556146,0.1140629069996066,3624.9462890625,8468.0,7631.70458984375
darcy,1067,1067,111,1,1,64,32,32,6.38314077150426e-08,0.0004898491406451,0.1143210529990028,3624.28662109375,8468.0,7631.70458984375
darcy,1067,1067,112,1,2,64,32,32,4.2769883634719015e-08,0.0003389625847909,0.1139852180203888,3624.28662109375,8468.0,7631.70458984375
darcy,1068,1068,113,1,1,64,32,32,3.10233474465349e-08,0.0002446117046335,0.1146300160035025,3624.9462890625,8468.0,7631.70458984375
darcy,1068,1068,114,1,2,64,32,32,5.0142503482675245e-08,0.0004108070605908,0.1142614829877857,3624.9462890625,8468.0,7631.70458984375
darcy,1069,1069,115,1,1,64,32,32,4.2124323584857855e-08,0.0003612156371766,0.1149197219929192,3624.28662109375,8468.0,7631.70458984375
darcy,1069,1069,116,1,2,64,32,32,2.1209768163998888e-08,0.0001085047882839,0.1142060610000044,3624.28662109375,8468.0,7631.70458984375
darcy,1070,1070,117,1,1,64,32,32,6.188737700085768e-08,0.0004530016657633,0.1144666640029754,3624.9462890625,8468.0,7631.70458984375
darcy,1070,1070,118,1,2,64,32,32,5.736286112778544e-08,0.0004544105713833,0.1141456309997011,3624.9462890625,8468.0,7631.70458984375
darcy,1071,1071,119,1,1,64,32,32,2.38507347205541e-08,0.0001150266012436,0.1143006850033998,3624.28662109375,8468.0,7631.70458984375
darcy,1071,1071,120,1,2,64,32,32,2.935682097415793e-08,0.0001428198725576,0.1141904790129046,3624.28662109375,8468.0,7631.70458984375
darcy,1072,1072,121,1,1,64,32,32,5.974622752091818e-08,0.0004800242290078,0.1144147909944877,3624.9462890625,8468.0,7631.70458984375
darcy,1072,1072,122,1,2,64,32,32,4.5792432956659475e-08,0.00039324274207,0.1141634800005704,3624.9462890625,8468.0,7631.70458984375
darcy,1073,1073,123,1,1,64,32,32,2.4884451832463128e-08,0.0001112495469165,0.1141814529837574,3624.9462890625,8468.0,7631.70458984375
darcy,1073,1073,124,1,2,64,32,32,3.7355000870320516e-08,0.0003029771573916,0.1142268289986532,3624.9462890625,8468.0,7631.70458984375
darcy,1074,1074,125,1,1,64,32,32,6.421051068628003e-08,0.0004724855162826,0.1143040879978798,3624.28662109375,8468.0,7631.70458984375
darcy,1074,1074,126,1,2,64,32,32,2.6993816959475225e-08,0.0002085828507409,0.1138056119962129,3624.28662109375,8468.0,7631.70458984375
darcy,1075,1075,127,1,1,64,32,32,4.17419023790444e-08,0.0003648595436484,0.1140645630075596,3624.9462890625,8468.0,7631.70458984375
darcy,1075,1075,128,1,2,64,32,32,5.220241661163527e-08,0.0004338475989841,0.1136594100098591,3624.9462890625,8468.0,7631.70458984375
darcy,1076,1076,129,1,1,64,32,32,3.070260490289911e-08,0.0002689826095538,0.1142774190229829,3624.28662109375,8468.0,7631.70458984375
darcy,1076,1076,130,1,2,64,32,32,2.0707622283566707e-08,5.972867027170784e-05,0.1140001309977378,3624.28662109375,8468.0,7631.70458984375
darcy,1077,1077,131,1,1,64,32,32,7.029200332908658e-08,0.0005251805595357,0.114500076015247,3624.28662109375,8468.0,7631.70458984375
darcy,1077,1077,132,1,2,64,32,32,5.576861283884683e-08,0.0004216119663637,0.114023480011383,3624.28662109375,8468.0,7631.70458984375
darcy,1078,1078,133,1,1,64,32,32,2.086074957219353e-08,4.55882661425436e-05,0.1144625160086434,3624.9462890625,8468.0,7631.70458984375
darcy,1078,1078,134,1,2,64,32,32,4.8366946003852724e-08,0.000389594825056,0.1139761020021978,3624.9462890625,8468.0,7631.70458984375
darcy,1079,1079,135,1,1,64,32,32,4.71958330194866e-08,0.0004131246895314,0.114572233025683,3624.9462890625,8468.0,7631.70458984375
darcy,1079,1079,136,1,2,64,32,32,2.8398615015134965e-08,0.0002207225046002,0.1145863880228716,3624.9462890625,8468.0,7631.70458984375
darcy,1080,1080,137,1,1,64,32,32,4.1998884370286766e-08,0.0003488748107838,0.1148389810114167,3624.28662109375,8468.0,7631.70458984375
darcy,1080,1080,138,1,2,64,32,32,6.6803288234496e-08,0.0004907435284596,0.1140505390067119,3624.28662109375,8468.0,7631.70458984375
darcy,1081,1081,139,1,1,64,32,32,3.1899556773851145e-08,0.0002451613456066,0.1142869510222226,3624.9462890625,8468.0,7631.70458984375
darcy,1081,1081,140,1,2,64,32,32,2.625414019519212e-08,0.000129361969372,0.1142174399865325,3624.9462890625,8468.0,7631.70458984375
darcy,1082,1082,141,1,1,64,32,32,6.33623855605947e-08,0.0005039814797654,0.1146289739990606,3624.28662109375,8468.0,7631.70458984375
darcy,1082,1082,142,1,2,64,32,32,5.0924306549404725e-08,0.0004226403997056,0.1141723339969758,3624.28662109375,8468.0,7631.70458984375
darcy,1083,1083,143,1,1,64,32,32,2.368850005041168e-08,7.710750856879165e-05,0.1143541480123531,3624.9462890625,8468.0,7631.70458984375
darcy,1083,1083,144,1,2,64,32,32,4.293011102163291e-08,0.0003491901171443,0.1141594810178503,3624.9462890625,8468.0,7631.70458984375
darcy,1084,1084,145,1,1,64,32,32,6.474883917917397e-08,0.0004959310916616,0.1145412329933606,3624.28662109375,8468.0,7631.70458984375
darcy,1084,1084,146,1,2,64,32,32,3.046829633035486e-08,0.0002102593902824,0.114124828018248,3624.28662109375,8468.0,7631.70458984375
darcy,1085,1085,147,1,1,64,32,32,4.9958302383856796e-08,0.0004207017096231,0.1143256840005051,3624.9462890625,8468.0,7631.70458984375
darcy,1085,1085,148,1,2,64,32,32,6.117951301121138e-08,0.0004891199571468,0.1140026310167741,3624.9462890625,8468.0,7631.70458984375
darcy,1086,1086,149,1,1,64,32,32,2.9672312606976448e-08,0.0002254428453481,0.1142912979994434,3624.9462890625,8468.0,7631.70458984375
darcy,1086,1086,150,1,2,64,32,32,2.0264536715330905e-08,8.745547012065438e-05,0.114185443992028,3624.9462890625,8468.0,7631.70458984375
darcy,1087,1087,151,1,1,64,32,32,7.735943796660649e-08,0.0005648052392503,0.1171116330078803,3624.28662109375,8468.0,7631.70458984375
darcy,1087,1087,152,1,2,64,32,32,6.163052290730775e-08,0.0004674410625177,0.1164415699895471,3624.28662109375,8468.0,7631.70458984375
darcy,1088,1088,153,1,1,64,32,32,2.1931265692387573e-08,0.0001173069036369,0.1170504180190619,3624.9462890625,8468.0,7631.70458984375
darcy,1088,1088,154,1,2,64,32,32,5.724234597437317e-08,0.0004446722468788,0.116340960987145,3624.9462890625,8468.0,7631.70458984375
darcy,1089,1089,155,1,1,64,32,32,5.831794780419842e-08,0.0004686412209376,0.1170385149889625,3624.28662109375,8468.0,7631.70458984375
darcy,1089,1089,156,1,2,64,32,32,2.082561145755335e-08,0.000133369013224,0.1163666330103296,3624.28662109375,8468.0,7631.70458984375
darcy,1090,1090,157,1,1,64,32,32,5.886890619422047e-08,0.0004686116227469,0.1148405520070809,3624.28662109375,8468.0,7631.70458984375
darcy,1090,1090,158,1,2,64,32,32,6.587993794937574e-08,0.0004799614729378,0.1144766150100622,3624.28662109375,8468.0,7631.70458984375
darcy,1091,1091,159,1,1,64,32,32,2.5937271885823066e-08,0.0001473436197343,0.1145126179908402,3624.9462890625,8468.0,7631.70458984375
darcy,1091,1091,160,1,2,64,32,32,3.14363433062681e-08,0.0001919931205459,0.1144603959983214,3624.9462890625,8468.0,7631.70458984375
darcy,1092,1092,161,1,1,64,32,32,6.900476279270151e-08,0.0005309030221265,0.1145866269944235,3624.9462890625,8468.0,7631.70458984375
darcy,1092,1092,162,1,2,64,32,32,4.5936978665395145e-08,0.0003733148501619,0.1143589499988593,3624.9462890625,8468.0,7631.70458984375
darcy,1093,1093,163,1,1,64,32,32,3.000750581350076e-08,0.0002005489374799,0.1145524989988189,3624.28662109375,8468.0,7631.70458984375
darcy,1093,1093,164,1,2,64,32,32,5.343720133055285e-08,0.0004128772558586,0.11421812500339,3624.28662109375,8468.0,7631.70458984375
darcy,1094,1094,165,1,1,64,32,32,5.243731848736388e-08,0.0004151114326173,0.1162494239979423,3624.9462890625,8468.0,7631.70458984375
darcy,1094,1094,166,1,2,64,32,32,2.4739616577562632e-08,0.0001011944031567,0.1159505739924497,3624.9462890625,8468.0,7631.70458984375
darcy,1095,1095,167,1,1,64,32,32,6.34177226288557e-08,0.000502582135902,0.1165317349950783,3624.28662109375,8468.0,7631.70458984375
darcy,1095,1095,168,1,2,64,32,32,5.926724000460126e-08,0.0004807089874235,0.1160043870040681,3624.28662109375,8468.0,7631.70458984375
darcy,1096,1096,169,1,1,64,32,32,2.513197472353568e-08,0.0001129640707725,0.11620766701526,3624.9462890625,8468.0,7631.70458984375
darcy,1096,1096,170,1,2,64,32,32,2.8585970923700188e-08,0.000227944051408,0.1165872529963962,3624.9462890625,8468.0,7631.70458984375
darcy,1097,1097,171,1,1,64,32,32,8.64293596691823e-08,0.0006080733169449,0.1144356410077307,3624.28662109375,8468.0,7631.70458984375
darcy,1097,1097,172,1,2,64,32,32,4.47533849978754e-08,0.0003462640115633,0.1142384060076437,3624.28662109375,8468.0,7631.70458984375
darcy,1098,1098,173,1,1,64,32,32,3.617183352844222e-08,0.0003127475017638,0.1143344820011407,3624.9462890625,8468.0,7631.70458984375
darcy,1098,1098,174,1,2,64,32,32,6.849118960872147e-08,0.0005230194520123,0.1139108419883996,3624.9462890625,8468.0,7631.70458984375
darcy,1099,1099,175,1,1,64,32,32,4.715357704299095e-08,0.0003886768697888,0.1144748349906876,3624.9462890625,8468.0,7631.70458984375
darcy,1099,1099,176,1,2,64,32,32,1.8686090896835598e-08,8.42883939949476e-05,0.1146297490049619,3624.9462890625,8468.0,7631.70458984375
darcy,1100,1100,177,1,1,64,32,32,8.30314803579313e-08,0.0005827665462974,0.1148037890088744,3624.28662109375,8468.0,7631.70458984375
darcy,1100,1100,178,1,2,64,32,32,6.746456193695849e-08,0.0005080358974787,0.1142016280209645,3624.28662109375,8468.0,7631.70458984375
darcy,1101,1101,179,1,1,64,32,32,2.4352342364863944e-08,0.0001161164479737,0.1145486010063905,3624.9462890625,8468.0,7631.70458984375
darcy,1101,1101,180,1,2,64,32,32,5.3171934411011534e-08,0.0004234788048348,0.1141806870000436,3624.9462890625,8468.0,7631.70458984375
darcy,1102,1102,181,1,1,64,32,32,6.127166329861211e-08,0.0004831748399254,0.1138353850110434,3624.28662109375,8468.0,7631.70458984375
darcy,1102,1102,182,1,2,64,32,32,2.412211053126612e-08,0.0001473946672772,0.1139875919907353,3624.28662109375,8468.0,7631.70458984375
darcy,1103,1103,183,1,1,64,32,32,6.400578911325283e-08,0.0004893166314381,0.1140838080027606,3624.28662109375,8468.0,7631.70458984375
darcy,1103,1103,184,1,2,64,32,32,6.146442643739647e-08,0.0004687248583373,0.1138769109966233,3624.28662109375,8468.0,7631.70458984375
darcy,1104,1104,185,1,1,64,32,32,2.5837968209430077e-08,0.0001015310368727,0.11443947601947,3624.9462890625,8468.0,7631.70458984375
darcy,1104,1104,186,1,2,64,32,32,3.116699431870984e-08,0.0002245958455526,0.1139661490160506,3624.9462890625,8468.0,7631.70458984375
darcy,1105,1105,187,1,1,64,32,32,6.515372774629213e-08,0.0005111140150105,0.1148013380006887,3624.9462890625,8468.0,7631.70458984375
darcy,1105,1105,188,1,2,64,32,32,3.466150033659687e-08,0.0003027031426273,0.1143232580216135,3624.9462890625,8468.0,7631.70458984375
darcy,1106,1106,189,1,1,64,32,32,4.332212455437912e-08,0.0003377864152054,0.1144415890157688,3624.28662109375,8468.0,7631.70458984375
darcy,1106,1106,190,1,2,64,32,32,4.8411166631012754e-08,0.00038008043588,0.1137798159907106,3624.28662109375,8468.0,7631.70458984375
darcy,1107,1107,191,1,1,64,32,32,4.1738996259255146e-08,0.0002845482907248,0.114133764989674,3624.9462890625,8468.0,7631.70458984375
darcy,1107,1107,192,1,2,64,32,32,2.11385842163736e-08,7.431597132256232e-05,0.113899471994955,3624.9462890625,8468.0,7631.70458984375
darcy,1108,1108,193,1,1,64,32,32,6.262539642420961e-08,0.000486427417764,0.1145540779980365,3624.28662109375,8468.0,7631.70458984375
darcy,1108,1108,194,1,2,64,32,32,4.496459027336641e-08,0.0003954510555512,0.1139283770171459,3624.28662109375,8468.0,7631.70458984375
darcy,1109,1109,195,1,1,64,32,32,2.494801698560423e-08,0.0001172115104456,0.114452125999378,3624.9462890625,8468.0,7631.70458984375
darcy,1109,1109,196,1,2,64,32,32,5.1411888080110664e-08,0.0004043366162571,0.1141349950048606,3624.9462890625,8468.0,7631.70458984375
darcy,1110,1110,197,1,1,64,32,32,5.228434218906841e-08,0.0004146041651791,0.1145544309983961,3624.28662109375,8468.0,7631.70458984375
darcy,1110,1110,198,1,2,64,32,32,2.390198616808448e-08,9.636942360264108e-05,0.1141989050083793,3624.28662109375,8468.0,7631.70458984375
darcy,1111,1111,199,1,1,64,32,32,6.380930983596046e-08,0.000500402840225,0.1144530990277417,3624.9462890625,8468.0,7631.70458984375
darcy,1111,1111,200,1,2,64,32,32,5.866604624316096e-08,0.0004756570988304,0.1145555960247293,3624.9462890625,8468.0,7631.70458984375
darcy,1112,1112,201,1,1,64,32,32,2.1303771191583113e-08,0.0001131982177601,0.1146005420014262,3624.9462890625,8468.0,7631.70458984375
darcy,1112,1112,202,1,2,64,32,32,4.453995572362146e-08,0.0003551416573014,0.1146851410157978,3624.9462890625,8468.0,7631.70458984375
darcy,1113,1113,203,1,1,64,32,32,9.310340232104865e-08,0.0006183098601669,0.1151545769826043,3624.28662109375,8468.0,7631.70458984375
darcy,1113,1113,204,1,2,64,32,32,3.00127105390402e-08,0.0002337324934087,0.1145380540110636,3624.28662109375,8468.0,7631.70458984375
darcy,1114,1114,205,1,1,64,32,32,5.395925839479788e-08,0.0004472725747764,0.1146847640047781,3624.9462890625,8468.0,7631.70458984375
darcy,1114,1114,206,1,2,64,32,32,7.600887386161048e-08,0.0005568646736821,0.1145411030156537,3624.9462890625,8468.0,7631.70458984375
darcy,1115,1115,207,1,1,64,32,32,2.6541496112031385e-08,0.0002073190440078,0.1145648129750043,3624.28662109375,8468.0,7631.70458984375
darcy,1115,1115,208,1,2,64,32,32,2.5500364486674695e-08,0.0001424417834104,0.1145257009775377,3624.28662109375,8468.0,7631.70458984375
darcy,1116,1116,209,1,1,64,32,32,9.473297524209556e-08,0.0006326769034835,0.1144280869921203,3624.28662109375,8468.0,7631.70458984375
darcy,1116,1116,210,1,2,64,32,32,6.230364135717538e-08,0.0004701505887716,0.114081403997261,3624.28662109375,8468.0,7631.70458984375
darcy,1117,1117,211,1,1,64,32,32,3.1750655438145265e-08,0.0002773978974007,0.1145233169954735,3624.9462890625,8468.0,7631.70458984375
darcy,1117,1117,212,1,2,64,32,32,7.66999903589749e-08,0.0005496580708417,0.1142392000183463,3624.9462890625,8468.0,7631.70458984375
darcy,1118,1118,213,1,1,64,32,32,5.704957217744777e-08,0.0004431781266547,0.1146751729829702,3624.9462890625,8468.0,7631.70458984375
darcy,1118,1118,214,1,2,64,32,32,1.8307586557853032e-08,6.202198459606427e-05,0.1140167939884122,3624.9462890625,8468.0,7631.70458984375
darcy,1119,1119,215,1,1,64,32,32,9.096198283486957e-08,0.0006328957226302,0.1144609980110544,3624.28662109375,8468.0,7631.70458984375
darcy,1119,1119,216,1,2,64,32,32,6.748434344672205e-08,0.0004902679410678,0.1142636769800446,3624.28662109375,8468.0,7631.70458984375
darcy,1120,1120,217,1,1,64,32,32,2.4179744428920458e-08,0.0001402093412277,0.1143820929864887,3624.9462890625,8468.0,7631.70458984375
darcy,1120,1120,218,1,2,64,32,32,5.3754511952774926e-08,0.0004204270296471,0.1144886160036549,3624.9462890625,8468.0,7631.70458984375
darcy,1121,1121,219,1,1,64,32,32,5.9361052962003675e-08,0.0004804133170103,0.1148439889948349,3624.28662109375,8468.0,7631.70458984375
darcy,1121,1121,220,1,2,64,32,32,2.3733997878139238e-08,9.700260701858708e-05,0.1145816240168642,3624.28662109375,8468.0,7631.70458984375
darcy,1122,1122,221,1,1,64,32,32,6.25454461555819e-08,0.0004990910077988,0.1146445810154546,3624.9462890625,8468.0,7631.70458984375
darcy,1122,1122,222,1,2,64,32,32,6.76396183507677e-08,0.0004909282091277,0.1146562490030191,3624.9462890625,8468.0,7631.70458984375
darcy,1123,1123,223,1,1,64,32,32,2.188024339488948e-08,8.14354114759969e-06,0.1144774520071223,3624.28662109375,8468.0,7631.70458984375
darcy,1123,1123,224,1,2,64,32,32,3.973736539819584e-08,0.0002996858504526,0.114463339006761,3624.28662109375,8468.0,7631.70458984375
darcy,1124,1124,225,1,1,64,32,32,5.492989885169664e-08,0.0004576557350636,0.1147165170114021,3624.9462890625,8468.0,7631.70458984375
darcy,1124,1124,226,1,2,64,32,32,3.223718536560227e-08,0.0002642468253129,0.114229686994804,3624.9462890625,8468.0,7631.70458984375
darcy,1125,1125,227,1,1,64,32,32,5.4121617409919054e-08,0.0004246364916367,0.1143973239813931,3624.9462890625,8468.0,7631.70458984375
darcy,1125,1125,228,1,2,64,32,32,6.19138020852006e-08,0.0004651865784256,0.114258740999503,3624.9462890625,8468.0,7631.70458984375
darcy,1126,1126,229,1,1,64,32,32,2.744882721117392e-08,0.0001459487754567,0.1150055910111405,3624.28662109375,8468.0,7631.70458984375
darcy,1126,1126,230,1,2,64,32,32,2.88478201326825e-08,0.0001850875012727,0.1148814230109565,3624.28662109375,8468.0,7631.70458984375
darcy,1127,1127,231,1,1,64,32,32,7.432621629277493e-08,0.0005599444543437,0.1145448780152946,3624.9462890625,8468.0,7631.70458984375
darcy,1127,1127,232,1,2,64,32,32,3.131546577606059e-08,0.0002694421502445,0.1143609780119732,3624.9462890625,8468.0,7631.70458984375
darcy,1128,1128,233,1,1,64,32,32,3.792553115999908e-08,0.0002858543906292,0.114682821003953,3624.28662109375,8468.0,7631.70458984375
darcy,1128,1128,234,1,2,64,32,32,6.592004098138204e-08,0.0004818307469589,0.1145017739909235,3624.28662109375,8468.0,7631.70458984375
darcy,1129,1129,235,1,1,64,32,32,3.9557630060471645e-08,0.0002944994388442,0.1147792609990574,3624.28662109375,8468.0,7631.70458984375
darcy,1129,1129,236,1,2,64,32,32,2.80421978970935e-08,0.0001560727691046,0.1146186330006457,3624.28662109375,8468.0,7631.70458984375
darcy,1130,1130,237,1,1,64,32,32,7.291328785186124e-08,0.0005499385812654,0.1144921790109947,3624.9462890625,8468.0,7631.70458984375
darcy,1130,1130,238,1,2,64,32,32,4.589178104197345e-08,0.0003876991815268,0.1141789070097729,3624.9462890625,8468.0,7631.70458984375
darcy,1131,1131,239,1,1,64,32,32,2.9177458671370005e-08,0.0002227914205811,0.1144907650013919,3624.9462890625,8468.0,7631.70458984375
darcy,1131,1131,240,1,2,64,32,32,6.363254101415805e-08,0.0004733787828684,0.1142782130045816,3624.9462890625,8468.0,7631.70458984375
darcy,1132,1132,241,1,1,64,32,32,4.3310386388384365e-08,0.0003557849125675,0.1143066410149913,3624.28662109375,8468.0,7631.70458984375
darcy,1132,1132,242,1,2,64,32,32,2.327253945111352e-08,1.4644890611638898e-05,0.1143297039961908,3624.28662109375,8468.0,7631.70458984375
darcy,1133,1133,243,1,1,64,32,32,7.87659431011889e-08,0.0005849556365567,0.1146962000057101,3624.9462890625,8468.0,7631.70458984375
darcy,1133,1133,244,1,2,64,32,32,5.3843532299424623e-08,0.0004400616391169,0.1144645230087917,3624.9462890625,8468.0,7631.70458984375
darcy,1134,1134,245,1,1,64,32,32,2.0033997571999865e-08,5.582470141056723e-05,0.1142643469793256,3624.28662109375,8468.0,7631.70458984375
darcy,1134,1134,246,1,2,64,32,32,5.609607356404923e-08,0.0004296721324207,0.1141911680169869,3624.28662109375,8468.0,7631.70458984375
darcy,1135,1135,247,1,1,64,32,32,7.634513110588159e-08,0.0005442108665631,0.114629131014226,3624.9462890625,8468.0,7631.70458984375
darcy,1135,1135,248,1,2,64,32,32,2.2342222294469142e-08,0.000106445624335,0.1144867920083925,3624.9462890625,8468.0,7631.70458984375
darcy,1136,1136,249,1,1,64,32,32,7.25249194033495e-08,0.0005512689402856,0.1148849410237744,3624.28662109375,8468.0,7631.70458984375
darcy,1136,1136,250,1,2,64,32,32,7.649209976534621e-08,0.0005644883417337,0.1145335269975476,3624.28662109375,8468.0,7631.70458984375
darcy,1137,1137,251,1,1,64,32,32,2.2503776619942076e-08,7.864350374841275e-05,0.1147052030137274,3624.9462890625,8468.0,7631.70458984375
darcy,1137,1137,252,1,2,64,32,32,4.1898157832065415e-08,0.0003286395302215,0.1145083229930605,3624.9462890625,8468.0,7631.70458984375
darcy,1138,1138,253,1,1,64,32,32,9.93655149272854e-08,0.0006620036548697,0.1147270560031756,3624.9462890625,8468.0,7631.70458984375
darcy,1138,1138,254,1,2,64,32,32,4.544907383774444e-08,0.0003343184382944,0.1144955880008637,3624.9462890625,8468.0,7631.70458984375
darcy,1139,1139,255,1,1,64,32,32,6.086013115691459e-08,0.0004873642680324,0.1147635039815213,3624.28662109375,8468.0,7631.70458984375
darcy,1139,1139,256,1,2,64,32,32,8.427854680803648e-08,0.0006006764746205,0.1145187609945423,3624.28662109375,8468.0,7631.70458984375
darcy,1140,1140,257,1,1,64,32,32,4.401337250214966e-08,0.0003302783765745,0.1145221060141921,3624.9462890625,8468.0,7631.70458984375
darcy,1140,1140,258,1,2,64,32,32,3.1331509831034055e-08,0.0002523802123387,0.1144999410025775,3624.9462890625,8468.0,7631.70458984375
darcy,1141,1141,259,1,1,64,32,32,1.1744970151994495e-07,0.0007302513519488,0.114631469012238,3624.28662109375,8468.0,7631.70458984375
darcy,1141,1141,260,1,2,64,32,32,6.396270180175635e-08,0.0004459288275309,0.114136848016642,3624.28662109375,8468.0,7631.70458984375
darcy,1142,1142,261,1,1,64,32,32,4.5149711525027676e-08,0.0003782803115724,0.1148568619973957,3624.28662109375,8468.0,7631.70458984375
darcy,1142,1142,262,1,2,64,32,32,7.859816264499386e-08,0.0005773335617212,0.1144342240004334,3624.28662109375,8468.0,7631.70458984375
darcy,1143,1143,263,1,1,64,32,32,4.726805968857661e-08,0.0003680286578384,0.114678645011736,3624.9462890625,8468.0,7631.70458984375
darcy,1143,1143,264,1,2,64,32,32,2.4122714492591516e-08,4.512793667505365e-05,0.1145006739825476,3624.9462890625,8468.0,7631.70458984375
darcy,1144,1144,265,1,1,64,32,32,9.717561511024543e-08,0.0006542586111381,0.1147104980191215,3624.9462890625,8468.0,7631.70458984375
darcy,1144,1144,266,1,2,64,32,32,7.408564783872863e-08,0.0005339890408467,0.1144825850205961,3624.9462890625,8468.0,7631.70458984375
darcy,1145,1145,267,1,1,64,32,32,3.055493280612609e-08,0.0002102422440946,0.1147821559861768,3624.28662109375,8468.0,7631.70458984375
darcy,1145,1145,268,1,2,64,32,32,6.235059402115439e-08,0.0004618331837167,0.1145340040093287,3624.28662109375,8468.0,7631.70458984375
darcy,1146,1146,269,1,1,64,32,32,5.132817548769709e-08,0.0004362332446662,0.1162437919992953,3624.9462890625,8468.0,7631.70458984375
darcy,1146,1146,270,1,2,64,32,32,2.8293587917005425e-08,0.0001145964427457,0.116010672005359,3624.9462890625,8468.0,7631.70458984375
darcy,1147,1147,271,1,1,64,32,32,8.00892934194053e-08,0.0005725886594537,0.1174159669899381,3624.28662109375,8468.0,7631.70458984375
darcy,1147,1147,272,1,2,64,32,32,6.810473252016891e-08,0.0005003354889464,0.1142919389822054,3624.28662109375,8468.0,7631.70458984375
darcy,1148,1148,273,1,1,64,32,32,2.2149693634787585e-08,2.683067862110654e-05,0.1146537769818678,3624.9462890625,8468.0,7631.70458984375
darcy,1148,1148,274,1,2,64,32,32,5.5638682994185735e-08,0.0003951159406626,0.1142568880168255,3624.9462890625,8468.0,7631.70458984375
darcy,1149,1149,275,1,1,64,32,32,6.698338239630175e-08,0.0005124304193847,0.114334123005392,3624.28662109375,8468.0,7631.70458984375
darcy,1149,1149,276,1,2,64,32,32,2.09586410448992e-08,0.0001224912292493,0.1141935689956881,3624.28662109375,8468.0,7631.70458984375
darcy,1150,1150,277,1,1,64,32,32,7.02119109519117e-08,0.0005135212747525,0.1144786169752478,3624.9462890625,8468.0,7631.70458984375
darcy,1150,1150,278,1,2,64,32,32,6.169345567741402e-08,0.0004629244879097,0.1140665050188545,3624.9462890625,8468.0,7631.70458984375
darcy,1151,1151,279,1,1,64,32,32,2.225390538512784e-08,7.826931514104992e-06,0.1139606029901187,3624.9462890625,8468.0,7631.70458984375
darcy,1151,1151,280,1,2,64,32,32,4.1003865192124074e-08,0.0003356331396526,0.1137427740031853,3624.9462890625,8468.0,7631.70458984375
darcy,1152,1152,281,1,1,64,32,32,6.048524170410019e-08,0.000476286597658,0.1142875849909614,3624.28662109375,8468.0,7631.70458984375
darcy,1152,1152,282,1,2,64,32,32,2.1585785603406293e-08,9.813124119745526e-05,0.1139659990149084,3624.28662109375,8468.0,7631.70458984375
darcy,1153,1153,283,1,1,64,32,32,6.016571063582887e-08,0.0004450917409835,0.1149051740067079,3624.9462890625,8468.0,7631.70458984375
darcy,1153,1153,284,1,2,64,32,32,5.410358738799914e-08,0.0004339265055082,0.1150986980064772,3624.9462890625,8468.0,7631.70458984375
darcy,1154,1154,285,1,1,64,32,32,2.927041187206214e-08,9.753606245918649e-05,0.1144253750098869,3624.28662109375,8468.0,7631.70458984375
darcy,1154,1154,286,1,2,64,32,32,3.382384505812297e-08,0.0002692602887535,0.1142490860074758,3624.28662109375,8468.0,7631.70458984375
darcy,1155,1155,287,1,1,64,32,32,4.1671075479143844e-08,0.0003419255143265,0.1143196210032329,3624.28662109375,8468.0,7631.70458984375
darcy,1155,1155,288,1,2,64,32,32,2.0292278080091822e-08,0.00010000107985,0.1142827599833253,3624.28662109375,8468.0,7631.70458984375
darcy,1156,1156,289,1,1,64,32,32,5.7174165846163305e-08,0.0004222925334475,0.1144927850109525,3624.9462890625,8468.0,7631.70458984375
darcy,1156,1156,290,1,2,64,32,32,4.944678977381045e-08,0.0003986880083844,0.1142794690094888,3624.9462890625,8468.0,7631.70458984375
darcy,1157,1157,291,1,1,64,32,32,2.67380446672405e-08,0.0001250428968927,0.1140408910287078,3624.9462890625,8468.0,7631.70458984375
darcy,1157,1157,292,1,2,64,32,32,5.016103088451018e-08,0.0003684143987315,0.1138865319953765,3624.9462890625,8468.0,7631.70458984375
darcy,1158,1158,293,1,1,64,32,32,3.3105969521329826e-08,0.0002853746145674,0.113928456994472,3624.28662109375,8468.0,7631.70458984375
darcy,1158,1158,294,1,2,64,32,32,1.9603271894652607e-08,1.1067478970888358e-05,0.1138681709999218,3624.28662109375,8468.0,7631.70458984375
darcy,1159,1159,295,1,1,64,32,32,7.396140233595362e-08,0.0004815288763669,0.1142962189915124,3624.9462890625,8468.0,7631.70458984375
darcy,1159,1159,296,1,2,64,32,32,4.8122604567879534e-08,0.0003715878073988,0.1138436820183415,3624.9462890625,8468.0,7631.70458984375
darcy,1160,1160,297,1,1,64,32,32,3.118110214472836e-08,0.0002260607584352,0.1143523570208344,3624.28662109375,8468.0,7631.70458984375
darcy,1160,1160,298,1,2,64,32,32,5.5559603140409315e-08,0.0003989482810661,0.1142904750013258,3624.28662109375,8468.0,7631.70458984375
darcy,1161,1161,299,1,1,64,32,32,3.425292049996642e-08,0.0002605957518179,0.1145203899941407,3624.9462890625,8468.0,7631.70458984375
darcy,1161,1161,300,1,2,64,32,32,1.8342687368999577e-08,6.324513045826089e-05,0.1144067310087848,3624.9462890625,8468.0,7631.70458984375
darcy,1162,1162,301,1,1,64,32,32,7.661669343406174e-08,0.0005143143496584,0.1139743710227776,3624.28662109375,8468.0,7631.70458984375
darcy,1162,1162,302,1,2,64,32,32,5.083549936557574e-08,0.0003662021769087,0.1137306710006669,3624.28662109375,8468.0,7631.70458984375
darcy,1163,1163,303,1,1,64,32,32,3.761272537872173e-08,0.0003219239705026,0.1142848359886556,3624.9462890625,8468.0,7631.70458984375
darcy,1163,1163,304,1,2,64,32,32,4.950664944658457e-08,0.0003911289882125,0.114228992984863,3624.9462890625,8468.0,7631.70458984375
darcy,1164,1164,305,1,1,64,32,32,3.487819100200795e-08,0.0002408493380641,0.1139838479866739,3624.9462890625,8468.0,7631.70458984375
darcy,1164,1164,306,1,2,64,32,32,2.295490908466036e-08,6.260345218978251e-05,0.114109425980132,3624.9462890625,8468.0,7631.70458984375
darcy,1165,1165,307,1,1,64,32,32,8.463944567438375e-08,0.0005761016181432,0.1165070779970847,3624.28662109375,8468.0,7631.70458984375
darcy,1165,1165,308,1,2,64,32,32,4.798684116735785e-08,0.0003367608318332,0.1166304390062578,3624.28662109375,8468.0,7631.70458984375
darcy,1166,1166,309,1,1,64,32,32,3.706247397872176e-08,0.0003130315532411,0.1167627249960787,3624.9462890625,8468.0,7631.70458984375
darcy,1166,1166,310,1,2,64,32,32,5.9552036191234954e-08,0.0004642669746813,0.1163189850049093,3624.9462890625,8468.0,7631.70458984375
darcy,1167,1167,311,1,1,64,32,32,3.8568202853639384e-08,0.0002858261829663,0.1164877570117823,3624.28662109375,8468.0,7631.70458984375
darcy,1167,1167,312,1,2,64,32,32,3.0533115591424576e-08,0.0001893907607878,0.1161879040009807,3624.28662109375,8468.0,7631.70458984375
darcy,1168,1168,313,1,1,64,32,32,7.461688511511967e-08,0.0005454190960008,0.1143746140005532,3624.28662109375,8468.0,7631.70458984375
darcy,1168,1168,314,1,2,64,32,32,5.3121581800041895e-08,0.0004029174185369,0.114075495977886,3624.28662109375,8468.0,7631.70458984375
darcy,1169,1169,315,1,1,64,32,32,4.2050963600104296e-08,0.0003509828374367,0.1143196129996795,3624.9462890625,8468.0,7631.70458984375
darcy,1169,1169,316,1,2,64,32,32,7.293132853192219e-08,0.0005369195232149,0.114059293991886,3624.9462890625,8468.0,7631.70458984375
darcy,1170,1170,317,1,1,64,32,32,3.6071227782485955e-08,0.000289358064297,0.1145209240203257,3624.9462890625,8468.0,7631.70458984375
darcy,1170,1170,318,1,2,64,32,32,3.161197881240696e-08,0.0002021681164042,0.1140421209856867,3624.9462890625,8468.0,7631.70458984375
darcy,1171,1171,319,1,1,64,32,32,8.296667886042998e-08,0.0005902451764974,0.1170342430123128,3624.28662109375,8468.0,7631.70458984375
darcy,1171,1171,320,1,2,64,32,32,5.2227012048433614e-08,0.000406212488136,0.1166984500014223,3624.28662109375,8468.0,7631.70458984375
darcy,1172,1172,321,1,1,64,32,32,4.738504344459216e-08,0.0003974560677687,0.1167483330063987,3624.9462890625,8468.0,7631.70458984375
darcy,1172,1172,322,1,2,64,32,32,6.82838674492814e-08,0.0005242616085179,0.1162017070164438,3624.9462890625,8468.0,7631.70458984375
darcy,1173,1173,323,1,1,64,32,32,2.9089505915180783e-08,0.0002524221598617,0.1164986669900827,3624.28662109375,8468.0,7631.70458984375
darcy,1173,1173,324,1,2,64,32,32,2.5280678883632394e-08,0.0001447134000092,0.1168220379913691,3624.28662109375,8468.0,7631.70458984375
darcy,1174,1174,325,1,1,64,32,32,9.40115825187604e-08,0.000647120961477,0.1164062219904735,3624.9462890625,8468.0,7631.70458984375
darcy,1174,1174,326,1,2,64,32,32,4.7533841751601364e-08,0.0003683541803951,0.1164856789982877,3624.9462890625,8468.0,7631.70458984375
darcy,1175,1175,327,1,1,64,32,32,4.6994610869433024e-08,0.0004007749400772,0.1170764490088913,3624.28662109375,8468.0,7631.70458984375
darcy,1175,1175,328,1,2,64,32,32,5.864916730047298e-08,0.000474202220919,0.115917636983795,3624.28662109375,8468.0,7631.70458984375
darcy,1176,1176,329,1,1,64,32,32,3.596908015879308e-08,0.0002907873644908,0.1174326160107739,3624.9462890625,8468.0,7631.70458984375
darcy,1176,1176,330,1,2,64,32,32,2.111444707963983e-08,0.0001358548292961,0.1165700799901969,3624.9462890625,8468.0,7631.70458984375
darcy,1177,1177,331,1,1,64,32,32,1.0268060179896565e-07,0.0006760655991532,0.116804321995005,3624.9462890625,8468.0,7631.70458984375
darcy,1177,1177,332,1,2,64,32,32,4.293555733170251e-08,0.0003365129170032,0.1166330729902256,3624.9462890625,8468.0,7631.70458984375
darcy,1178,1178,333,1,1,64,32,32,4.0532675882332114e-08,0.0003593112863993,0.1144607860187534,3624.28662109375,8468.0,7631.70458984375
darcy,1178,1178,334,1,2,64,32,32,6.967027132986915e-08,0.0005325782693136,0.1182101759768556,3624.28662109375,8468.0,7631.70458984375
darcy,1179,1179,335,1,1,64,32,32,3.7462147162159454e-08,0.0003013548768868,0.1145174200064502,3624.9462890625,8468.0,7631.70458984375
darcy,1179,1179,336,1,2,64,32,32,2.8582590516634813e-08,0.0002280921782729,0.1143048079975415,3624.9462890625,8468.0,7631.70458984375
darcy,1180,1180,337,1,1,64,32,32,9.516412546872745e-08,0.0006450870542977,0.1143950120022054,3624.28662109375,8468.0,7631.70458984375
darcy,1180,1180,338,1,2,64,32,32,4.471763404012563e-08,0.0003510181614718,0.1142531020159367,3624.28662109375,8468.0,7631.70458984375
darcy,1181,1181,339,1,1,64,32,32,5.086574006440969e-08,0.0004170612856736,0.1145832279871683,3624.28662109375,8468.0,7631.70458984375
darcy,1181,1181,340,1,2,64,32,32,7.330918805337205e-08,0.0005446336776411,0.1142881499836221,3624.28662109375,8468.0,7631.70458984375
darcy,1182,1182,341,1,1,64,32,32,2.873599669328541e-08,0.0002322765711119,0.1142925260064657,3624.9462890625,8468.0,7631.70458984375
darcy,1182,1182,342,1,2,64,32,32,2.7501497967818977e-08,0.0001852137490165,0.1138700369920115,3624.9462890625,8468.0,7631.70458984375
darcy,1183,1183,343,1,1,64,32,32,1.0308603037856301e-07,0.000659245317396,0.1143491840048227,3624.9462890625,8468.0,7631.70458984375
darcy,1183,1183,344,1,2,64,32,32,4.4354401040891396e-08,0.0003622276243378,0.1142876300145872,3624.9462890625,8468.0,7631.70458984375
darcy,1184,1184,345,1,1,64,32,32,4.5380584623444526e-08,0.0003883866738003,0.1143083790084347,3624.28662109375,8468.0,7631.70458984375
darcy,1184,1184,346,1,2,64,32,32,9.046021887115785e-08,0.0006129974742729,0.1142698430048767,3624.28662109375,8468.0,7631.70458984375
darcy,1185,1185,347,1,1,64,32,32,3.5197558645450044e-08,0.0002749379531893,0.1144407079846132,3624.9462890625,8468.0,7631.70458984375
darcy,1185,1185,348,1,2,64,32,32,2.7411219960526978e-08,0.0002319237385349,0.1141672210069373,3624.9462890625,8468.0,7631.70458984375
darcy,1186,1186,349,1,1,64,32,32,1.1113520059780059e-07,0.0006951633663464,0.1147142080008052,3624.28662109375,8468.0,7631.70458984375
darcy,1186,1186,350,1,2,64,32,32,5.747966369540337e-08,0.0004187766527937,0.1142729689890984,3624.28662109375,8468.0,7631.70458984375
darcy,1187,1187,351,1,1,64,32,32,4.417226051600665e-08,0.0003861321441998,0.1146577749750576,3624.9462890625,8468.0,7631.70458984375
darcy,1187,1187,352,1,2,64,32,32,1.0752197709962277e-07,0.0006732031862154,0.114220406016102,3624.9462890625,8468.0,7631.70458984375
darcy,1188,1188,353,1,1,64,32,32,4.574695466885714e-08,0.0003440558613432,0.1143894199922215,3624.28662109375,8468.0,7631.70458984375
darcy,1188,1188,354,1,2,64,32,32,2.8109496952311023e-08,0.0002168721793599,0.114160749973962,3624.28662109375,8468.0,7631.70458984375
darcy,1189,1189,355,1,1,64,32,32,1.257180883840192e-07,0.0007466319457254,0.1146326269954443,3624.9462890625,8468.0,7631.70458984375
darcy,1189,1189,356,1,2,64,32,32,7.126960355208213e-08,0.0004716946709629,0.1144458680064417,3624.9462890625,8468.0,7631.70458984375
darcy,1190,1190,357,1,1,64,32,32,4.403471365321821e-08,0.000385462660416,0.1143316090165171,3624.9462890625,8468.0,7631.70458984375
darcy,1190,1190,358,1,2,64,32,32,1.0062066735372357e-07,0.0006576010059619,0.1140456569846719,3624.9462890625,8468.0,7631.70458984375
darcy,1191,1191,359,1,1,64,32,32,5.147268211658229e-08,0.0003574710774129,0.1140126639802474,3624.28662109375,8468.0,7631.70458984375
darcy,1191,1191,360,1,2,64,32,32,2.8655868788973752e-08,0.0001841159276344,0.1139701380161568,3624.28662109375,8468.0,7631.70458984375
darcy,1192,1192,361,1,1,64,32,32,1.1448482695186613e-07,0.0007151770421031,0.1144480290240608,3624.9462890625,8468.0,7631.70458984375
darcy,1192,1192,362,1,2,64,32,32,6.329013757522263e-08,0.0004660622329639,0.1140232740144711,3624.9462890625,8468.0,7631.70458984375
darcy,1193,1193,363,1,1,64,32,32,4.850821255786286e-08,0.0003916076021249,0.1142923680017702,3624.28662109375,8468.0,7631.70458984375
darcy,1193,1193,364,1,2,64,32,32,8.037819299033799e-08,0.0005780332882297,0.1139399849926121,3624.28662109375,8468.0,7631.70458984375
darcy,1194,1194,365,1,1,64,32,32,4.157557143003032e-08,0.0003563069713039,0.114454195019789,3624.28662109375,8468.0,7631.70458984375
darcy,1194,1194,366,1,2,64,32,32,3.271264858994982e-08,0.0001517755649185,0.1140831939992494,3624.28662109375,8468.0,7631.70458984375
darcy,1195,1195,367,1,1,64,32,32,1.1180151915368697e-07,0.0007022538867511,0.1146247269934974,3624.9462890625,8468.0,7631.70458984375
darcy,1195,1195,368,1,2,64,32,32,5.4766278623219484e-08,0.0004400757060295,0.1140673279878683,3624.9462890625,8468.0,7631.70458984375
darcy,1196,1196,369,1,1,64,32,32,4.598357961071997e-08,0.0003634120173408,0.1142095029936172,3624.9462890625,8468.0,7631.70458984375
darcy,1196,1196,370,1,2,64,32,32,7.530044854320296e-08,0.0005530559089936,0.1142880789993796,3624.9462890625,8468.0,7631.70458984375
darcy,1197,1197,371,1,1,64,32,32,4.368077810568138e-08,0.0003670322065794,0.1142862309934571,3624.28662109375,8468.0,7631.70458984375
darcy,1197,1197,372,1,2,64,32,32,2.3257186398950583e-08,0.0001431211293046,0.1141972659970633,3624.28662109375,8468.0,7631.70458984375
darcy,1198,1198,373,1,1,64,32,32,1.0768216895939987e-07,0.0006858135256969,0.1145465719746425,3624.9462890625,8468.0,7631.70458984375
darcy,1198,1198,374,1,2,64,32,32,5.10555118182765e-08,0.0004061173219921,0.114037127001211,3624.9462890625,8468.0,7631.70458984375
darcy,1199,1199,375,1,1,64,32,32,3.661539338395414e-08,0.0003247672736084,0.1145471800118684,3624.28662109375,8468.0,7631.70458984375
darcy,1199,1199,376,1,2,64,32,32,7.567622617443703e-08,0.0005468412430615,0.1140606740082148,3624.28662109375,8468.0,7631.70458984375
darcy,1200,1200,377,1,1,64,32,32,3.941153892128568e-08,0.000327186045131,0.1143938559980597,3624.9462890625,8468.0,7631.70458984375
darcy,1200,1200,378,1,2,64,32,32,2.2904739438445176e-08,0.0001436358473574,0.1141365529911127,3624.9462890625,8468.0,7631.70458984375
darcy,1201,1201,379,1,1,64,32,32,9.565410152845288e-08,0.0006487218287166,0.1143763470172416,3624.28662109375,8468.0,7631.70458984375
darcy,1201,1201,380,1,2,64,32,32,5.0615224012062754e-08,0.0003805870841198,0.1140382830053567,3624.28662109375,8468.0,7631.70458984375
darcy,1202,1202,381,1,1,64,32,32,4.1045268517336815e-08,0.0003546759599587,0.114440255012596,3624.9462890625,8468.0,7631.70458984375
darcy,1202,1202,382,1,2,64,32,32,6.7563284744665e-08,0.0005221992175566,0.1140851480013225,3624.9462890625,8468.0,7631.70458984375
darcy,1203,1203,383,1,1,64,32,32,3.6732675567918704e-08,0.0002831298685024,0.114329200994689,3624.9462890625,8468.0,7631.70458984375
darcy,1203,1203,384,1,2,64,32,32,2.71824376341101e-08,0.0001898128540228,0.1142503939918242,3624.9462890625,8468.0,7631.70458984375
darcy,1204,1204,385,1,1,64,32,32,9.309917459177086e-08,0.0006354220396397,0.1143730800249613,3624.28662109375,8468.0,7631.70458984375
darcy,1204,1204,386,1,2,64,32,32,4.192385105739049e-08,0.0003362915524022,0.1138746319920755,3624.28662109375,8468.0,7631.70458984375
darcy,1205,1205,387,1,1,64,32,32,4.505139017396687e-08,0.0003839769073404,0.1144463079981505,3624.9462890625,8468.0,7631.70458984375
darcy,1205,1205,388,1,2,64,32,32,7.876507623905128e-08,0.0005720745733183,0.113928612001473,3624.9462890625,8468.0,7631.70458984375
darcy,1206,1206,389,1,1,64,32,32,2.636978813086444e-08,0.0002174425570704,0.1144518009969033,3624.28662109375,8468.0,7631.70458984375
darcy,1206,1206,390,1,2,64,32,32,2.8625951387084573e-08,0.000195534834459,0.114009418990463,3624.28662109375,8468.0,7631.70458984375
darcy,1207,1207,391,1,1,64,32,32,1.0233171110485273e-07,0.0006611378672536,0.1143227940192446,3624.28662109375,8468.0,7631.70458984375
darcy,1207,1207,392,1,2,64,32,32,4.75636312557981e-08,0.0003848495108198,0.1140772369981277,3624.28662109375,8468.0,7631.70458984375
darcy,1208,1208,393,1,1,64,32,32,5.467537178560634e-08,0.0004326676797314,0.1143670800083782,3624.9462890625,8468.0,7631.70458984375
darcy,1208,1208,394,1,2,64,32,32,8.392573391802216e-08,0.0005878451721294,0.1141383880167268,3624.9462890625,8468.0,7631.70458984375
darcy,1209,1209,395,1,1,64,32,32,3.7037025890640514e-08,0.000298763585762,0.1145666509983129,3624.9462890625,8468.0,7631.70458984375
darcy,1209,1209,396,1,2,64,32,32,2.7670544966440506e-08,0.0002293854250834,0.1140912190021481,3624.9462890625,8468.0,7631.70458984375
darcy,1210,1210,397,1,1,64,32,32,1.2308161956298136e-07,0.000729917038549,0.1142672919959295,3624.28662109375,8468.0,7631.70458984375
darcy,1210,1210,398,1,2,64,32,32,5.466217345428959e-08,0.0003967297479358,0.1138359940086957,3624.28662109375,8468.0,7631.70458984375
darcy,1211,1211,399,1,1,64,32,32,4.982700119171569e-08,0.0004226488953361,0.1144062340026721,3624.9462890625,8468.0,7631.70458984375
darcy,1211,1211,400,1,2,64,32,32,9.585408378143256e-08,0.0006308085626236,0.114063229993917,3624.9462890625,8468.0,7631.70458984375
darcy,1212,1212,401,1,1,64,32,32,3.4711309382373656e-08,0.0002728798851254,0.1144810270052403,3624.28662109375,8468.0,7631.70458984375
darcy,1212,1212,402,1,2,64,32,32,2.8707711763331645e-08,0.000152816104298,0.1138185550225898,3624.28662109375,8468.0,7631.70458984375
darcy,1213,1213,403,1,1,64,32,32,1.1256448573249145e-07,0.0007112202512443,0.114890259981621,3624.9462890625,8468.0,7631.70458984375
darcy,1213,1213,404,1,2,64,32,32,7.452831596310716e-08,0.0004807472205857,0.1149185040267184,3624.9462890625,8468.0,7631.70458984375
darcy,1214,1214,405,1,1,64,32,32,4.408243370335185e-08,0.0003682522058186,0.1140503280039411,3624.28662109375,8468.0,7631.70458984375
darcy,1214,1214,406,1,2,64,32,32,1.0226691671277877e-07,0.0006786862149708,0.113677358982386,3624.28662109375,8468.0,7631.70458984375
darcy,1215,1215,407,1,1,64,32,32,5.075938247500744e-08,0.0003762556181477,0.1143530349945649,3624.9462890625,8468.0,7631.70458984375
darcy,1215,1215,408,1,2,64,32,32,3.530084669023381e-08,0.0002580496746213,0.1144311370153445,3624.9462890625,8468.0,7631.70458984375
darcy,1216,1216,409,1,1,64,32,32,1.1989868653472513e-07,0.0007430381842493,0.1143845519982278,3624.9462890625,8468.0,7631.70458984375
darcy,1216,1216,410,1,2,64,32,32,5.583264339747984e-08,0.000413161928535,0.1142544769973028,3624.9462890625,8468.0,7631.70458984375
darcy,1217,1217,411,1,1,64,32,32,5.0651440375304446e-08,0.0003999868845262,0.11599854301312,3624.28662109375,8468.0,7631.70458984375
darcy,1217,1217,412,1,2,64,32,32,9.490626240449275e-08,0.0006503841996413,0.1161816559906583,3624.28662109375,8468.0,7631.70458984375
darcy,1218,1218,413,1,1,64,32,32,4.1135422179650056e-08,0.000326037247938,0.1147160549880936,3624.9462890625,8468.0,7631.70458984375
darcy,1218,1218,414,1,2,64,32,32,3.086891453563112e-08,0.0001939378343209,0.114443783997558,3624.9462890625,8468.0,7631.70458984375
darcy,1219,1219,415,1,1,64,32,32,1.1865516569287139e-07,0.0007301460915778,0.1147431069985032,3624.28662109375,8468.0,7631.70458984375
darcy,1219,1219,416,1,2,64,32,32,5.6451053609407615e-08,0.0004509776168879,0.1139076199906412,3624.28662109375,8468.0,7631.70458984375
darcy,1220,1220,417,1,1,64,32,32,4.4963680778664645e-08,0.0003675800171366,0.1142573649995029,3624.28662109375,8468.0,7631.70458984375
darcy,1220,1220,418,1,2,64,32,32,9.702268499722777e-08,0.0006501511773383,0.1137912150006741,3624.28662109375,8468.0,7631.70458984375
darcy,1221,1221,419,1,1,64,32,32,4.7155502613804856e-08,0.000389882116771,0.1140572070144116,3624.9462890625,8468.0,7631.70458984375
darcy,1221,1221,420,1,2,64,32,32,2.7383803669067678e-08,0.0002208871089107,0.1139865879958961,3624.9462890625,8468.0,7631.70458984375
darcy,1222,1222,421,1,1,64,32,32,1.198581855987868e-07,0.0007363242320356,0.1145285230013541,3624.9462890625,8468.0,7631.70458984375
darcy,1222,1222,422,1,2,64,32,32,5.491062537998914e-08,0.0004313130578724,0.1144395979936234,3624.9462890625,8468.0,7631.70458984375
darcy,1223,1223,423,1,1,64,32,32,4.2065543937042094e-08,0.000368680675177,0.1143438619910739,3624.28662109375,8468.0,7631.70458984375
darcy,1223,1223,424,1,2,64,32,32,9.120186206246217e-08,0.0006302758160081,0.1140917880111374,3624.28662109375,8468.0,7631.70458984375
darcy,1224,1224,425,1,1,64,32,32,3.8882191688571766e-08,0.0003168500092711,0.1144558610103558,3624.9462890625,8468.0,7631.70458984375
darcy,1224,1224,426,1,2,64,32,32,2.4968681344716973e-08,0.0001516409057615,0.1142796720087062,3624.9462890625,8468.0,7631.70458984375
darcy,1225,1225,427,1,1,64,32,32,1.0770659031322793e-07,0.0006835448160985,0.1143842859892174,3624.28662109375,8468.0,7631.70458984375
darcy,1225,1225,428,1,2,64,32,32,5.836457006580532e-08,0.0004631749053368,0.1143253550108056,3624.28662109375,8468.0,7631.70458984375
darcy,1226,1226,429,1,1,64,32,32,3.858966124425933e-08,0.0003339727811626,0.1145153300021775,3624.9462890625,8468.0,7631.70458984375
darcy,1226,1226,430,1,2,64,32,32,9.278222279363037e-08,0.0006366028054781,0.1144978220108896,3624.9462890625,8468.0,7631.70458984375
darcy,1227,1227,431,1,1,64,32,32,4.2356674612165086e-08,0.0003523078856554,0.1147834889998193,3624.28662109375,8468.0,7631.70458984375
darcy,1227,1227,432,1,2,64,32,32,2.7254762002826286e-08,0.00016736131045,0.1147843799844849,3624.28662109375,8468.0,7631.70458984375
darcy,1228,1228,433,1,1,64,32,32,1.197919914375234e-07,0.0007297814237383,0.1144100350211374,3624.9462890625,8468.0,7631.70458984375
darcy,1228,1228,434,1,2,64,32,32,5.216240239747094e-08,0.0004249010437725,0.1139774190087337,3624.9462890625,8468.0,7631.70458984375
darcy,1229,1229,435,1,1,64,32,32,4.2492121821169355e-08,0.0003374881047349,0.1145520219870377,3624.9462890625,8468.0,7631.70458984375
darcy,1229,1229,436,1,2,64,32,32,9.791897781497029e-08,0.000645446511724,0.1141828740073833,3624.9462890625,8468.0,7631.70458984375
darcy,1230,1230,437,1,1,64,32,32,4.426707889138015e-08,0.0003690677581388,0.114695298980223,3624.28662109375,8468.0,7631.70458984375
darcy,1230,1230,438,1,2,64,32,32,2.68809863257502e-08,0.0001979107031139,0.1142554309917613,3624.28662109375,8468.0,7631.70458984375
darcy,1231,1231,439,1,1,64,32,32,1.21190453228337e-07,0.0007179538781416,0.1142082079895772,3624.9462890625,8468.0,7631.70458984375
darcy,1231,1231,440,1,2,64,32,32,6.732743429438416e-08,0.0004849281663336,0.1138278069847729,3624.9462890625,8468.0,7631.70458984375
darcy,1232,1232,441,1,1,64,32,32,4.6679915044478555e-08,0.0003716889007068,0.1144683999882545,3624.28662109375,8468.0,7631.70458984375
darcy,1232,1232,442,1,2,64,32,32,1.0156563945429299e-07,0.0006474756972158,0.1144259169814176,3624.28662109375,8468.0,7631.70458984375
darcy,1233,1233,443,1,1,64,32,32,4.4848317060086635e-08,0.0003470935577932,0.1146227059944067,3624.28662109375,8468.0,7631.70458984375
darcy,1233,1233,444,1,2,64,32,32,2.2088199713721224e-08,0.000125567625365,0.1144165479927323,3624.28662109375,8468.0,7631.70458984375
darcy,1234,1234,445,1,1,64,32,32,1.240220797171787e-07,0.0007252885313742,0.1146927550144027,3624.9462890625,8468.0,7631.70458984375
darcy,1234,1234,446,1,2,64,32,32,7.238795518560438e-08,0.0005061823233855,0.1148116550175473,3624.9462890625,8468.0,7631.70458984375
darcy,1235,1235,447,1,1,64,32,32,4.4283115840926264e-08,0.0003687160064357,0.1146798440022394,3624.9462890625,8468.0,7631.70458984375
darcy,1235,1235,448,1,2,64,32,32,8.479179314235807e-08,0.0005887478999753,0.1145717260078527,3624.9462890625,8468.0,7631.70458984375
darcy,1236,1236,449,1,1,64,32,32,5.5827559464205485e-08,0.0003957239477675,0.1147751950193196,3624.28662109375,8468.0,7631.70458984375
darcy,1236,1236,450,1,2,64,32,32,2.2840978886051744e-08,0.0001494069983675,0.1139480950077995,3624.28662109375,8468.0,7631.70458984375
darcy,1237,1237,451,1,1,64,32,32,1.091152626031544e-07,0.0006870787950218,0.114365360001102,3624.9462890625,8468.0,7631.70458984375
darcy,1237,1237,452,1,2,64,32,32,7.084540953883335e-08,0.000496448954043,0.1141292029933538,3624.9462890625,8468.0,7631.70458984375
darcy,1238,1238,453,1,1,64,32,32,3.76368802790239e-08,0.000292636168261,0.1145713829901069,3624.28662109375,8468.0,7631.70458984375
darcy,1238,1238,454,1,2,64,32,32,9.83696608614082e-08,0.0006571940355241,0.1143836379924323,3624.28662109375,8468.0,7631.70458984375
darcy,1239,1239,455,1,1,64,32,32,5.1762217623263496e-08,0.0003924947794039,0.1144424590165726,3624.9462890625,8468.0,7631.70458984375
darcy,1239,1239,456,1,2,64,32,32,2.67388742258845e-08,0.0001308810069627,0.1145043699943926,3624.9462890625,8468.0,7631.70458984375
darcy,1240,1240,457,1,1,64,32,32,1.216250495872373e-07,0.0007354748216562,0.1144835869781673,3624.28662109375,8468.0,7631.70458984375
darcy,1240,1240,458,1,2,64,32,32,5.771077127292301e-08,0.0004471343798147,0.1150103510008193,3624.28662109375,8468.0,7631.70458984375
darcy,1241,1241,459,1,1,64,32,32,4.24762269801704e-08,0.000345064754615,0.1144949609879404,3624.9462890625,8468.0,7631.70458984375
darcy,1241,1241,460,1,2,64,32,32,7.066286400458921e-08,0.0005277924594141,0.1145228509849403,3624.9462890625,8468.0,7631.70458984375
darcy,1242,1242,461,1,1,64,32,32,3.9564231002486856e-08,0.0003318528766266,0.1147204399749171,3624.9462890625,8468.0,7631.70458984375
darcy,1242,1242,462,1,2,64,32,32,2.5921803370465568e-08,7.298542004573141e-05,0.1148148179927375,3624.9462890625,8468.0,7631.70458984375
darcy,1243,1243,463,1,1,64,32,32,8.74193162303527e-08,0.0005997475235842,0.1145064739976078,3624.28662109375,8468.0,7631.70458984375
darcy,1243,1243,464,1,2,64,32,32,6.261471696689115e-08,0.0004753641376957,0.1142800529778469,3624.28662109375,8468.0,7631.70458984375
darcy,1244,1244,465,1,1,64,32,32,3.481430965734944e-08,0.0002688000991504,0.1146818719862494,3624.9462890625,8468.0,7631.70458984375
darcy,1244,1244,466,1,2,64,32,32,7.64447420920078e-08,0.0005517175792459,0.1145934970118105,3624.9462890625,8468.0,7631.70458984375
darcy,1245,1245,467,1,1,64,32,32,4.4434219859113e-08,0.000387353201602,0.1146939089812804,3624.28662109375,8468.0,7631.70458984375
darcy,1245,1245,468,1,2,64,32,32,2.5329274677687863e-08,0.0001797496430511,0.1144376609881874,3624.28662109375,8468.0,7631.70458984375
darcy,1246,1246,469,1,1,64,32,32,9.760977093264957e-08,0.0006457563415721,0.1144738439761567,3624.28662109375,8468.0,7631.70458984375
darcy,1246,1246,470,1,2,64,32,32,5.171258976588433e-08,0.0003994576885276,0.1142856709775514,3624.28662109375,8468.0,7631.70458984375
darcy,1247,1247,471,1,1,64,32,32,3.6883164966639015e-08,0.0003368380352652,0.1145341710071079,3624.9462890625,8468.0,7631.70458984375
darcy,1247,1247,472,1,2,64,32,32,8.30830941822569e-08,0.0005985897628973,0.1142064919986296,3624.9462890625,8468.0,7631.70458984375
darcy,1248,1248,473,1,1,64,32,32,3.8165730131822784e-08,0.0003041631592907,0.1147521320090163,3624.9462890625,8468.0,7631.70458984375
darcy,1248,1248,474,1,2,64,32,32,2.677396260253317e-08,0.0002104263082559,0.1145537080010399,3624.9462890625,8468.0,7631.70458984375
darcy,1249,1249,475,1,1,64,32,32,9.724038818603733e-08,0.0006592086384736,0.1142283899825997,3624.28662109375,8468.0,7631.70458984375
darcy,1249,1249,476,1,2,64,32,32,5.410556980223191e-08,0.0004059726863172,0.1142959930002689,3624.28662109375,8468.0,7631.70458984375
darcy,1250,1250,477,1,1,64,32,32,4.2836745706154034e-08,0.0003684244938544,0.114333302975865,3624.9462890625,8468.0,7631.70458984375
darcy,1250,1250,478,1,2,64,32,32,8.94184708499779e-08,0.0006312970709946,0.1141975979844573,3624.9462890625,8468.0,7631.70458984375
darcy,1251,1251,479,1,1,64,32,32,3.564305117720323e-08,0.0002963006194079,0.1144788659876212,3624.28662109375,8468.0,7631.70458984375
darcy,1251,1251,480,1,2,64,32,32,2.7905823429819065e-08,0.000218346844444,0.1144629780028481,3624.28662109375,8468.0,7631.70458984375
darcy,1252,1252,481,1,1,64,32,32,1.150237167735213e-07,0.0007148251192263,0.1142037259996868,3624.9462890625,8468.0,7631.70458984375
darcy,1252,1252,482,1,2,64,32,32,4.7916721257479367e-08,0.0003816489505031,0.1138074269983917,3624.9462890625,8468.0,7631.70458984375
darcy,1253,1253,483,1,1,64,32,32,5.037706074517701e-08,0.0004224534646926,0.114207679987885,3624.28662109375,8468.0,7631.70458984375
darcy,1253,1253,484,1,2,64,32,32,9.112786614196013e-08,0.0006241132343098,0.1141042430244851,3624.28662109375,8468.0,7631.70458984375
darcy,1254,1254,485,1,1,64,32,32,3.606338694339684e-08,0.0002924984073625,0.1145561119774356,3624.9462890625,8468.0,7631.70458984375
darcy,1254,1254,486,1,2,64,32,32,3.2181912246187494e-08,0.0002760513305138,0.1142206660006195,3624.9462890625,8468.0,7631.70458984375
darcy,1255,1255,487,1,1,64,32,32,1.1448809544845064e-07,0.0007109244958167,0.1145272460125852,3624.9462890625,8468.0,7631.70458984375
darcy,1255,1255,488,1,2,64,32,32,4.839897016495343e-08,0.0003790488061877,0.1140860830200836,3624.9462890625,8468.0,7631.70458984375
darcy,1256,1256,489,1,1,64,32,32,5.280214665503991e-08,0.0004418750960946,0.1140255090140272,3624.28662109375,8468.0,7631.70458984375
darcy,1256,1256,490,1,2,64,32,32,9.680833557013103e-08,0.0006419450511487,0.1142850019969046,3624.28662109375,8468.0,7631.70458984375
darcy,1257,1257,491,1,1,64,32,32,3.490742983558448e-08,0.0002783926196942,0.1145895039953757,3624.9462890625,8468.0,7631.70458984375
darcy,1257,1257,492,1,2,64,32,32,2.6166624422785393e-08,0.0001890625077825,0.1137561780051328,3624.9462890625,8468.0,7631.70458984375
darcy,1258,1258,493,1,1,64,32,32,1.1827874857317513e-07,0.0007286507715785,0.1144075519987382,3624.28662109375,8468.0,7631.70458984375
darcy,1258,1258,494,1,2,64,32,32,7.253994027678345e-08,0.0004938730031245,0.1139592069957871,3624.28662109375,8468.0,7631.70458984375
darcy,1259,1259,495,1,1,64,32,32,4.5994692499107266e-08,0.0003910855683529,0.1142667779931798,3624.28662109375,8468.0,7631.70458984375
darcy,1259,1259,496,1,2,64,32,32,1.0001362937828163e-07,0.0006627645788474,0.1141445079992991,3624.28662109375,8468.0,7631.70458984375
darcy,1260,1260,497,1,1,64,32,32,5.2580990228534574e-08,0.0003856963247864,0.1143939849862363,3624.9462890625,8468.0,7631.70458984375
darcy,1260,1260,498,1,2,64,32,32,2.610904026312255e-08,0.0001632275332973,0.114466431987239,3624.9462890625,8468.0,7631.70458984375
darcy,1261,1261,499,1,1,64,32,32,1.1627351170773181e-07,0.0007273980231337,0.1141343409835826,3624.9462890625,8468.0,7631.70458984375
darcy,1261,1261,500,1,2,64,32,32,7.942954027839734e-08,0.0005301418713909,0.1138020229991525,3624.9462890625,8468.0,7631.70458984375
darcy,1262,1262,501,1,1,64,32,32,4.534175346293524e-08,0.0003538539856544,0.1142854979843832,3624.28662109375,8468.0,7631.70458984375
darcy,1262,1262,502,1,2,64,32,32,8.992895317305739e-08,0.0006241736971894,0.1138644439924974,3624.28662109375,8468.0,7631.70458984375
darcy,1263,1263,503,1,1,64,32,32,4.895568750384882e-08,0.0003938555648261,0.1140613839961588,3624.9462890625,8468.0,7631.70458984375
darcy,1263,1263,504,1,2,64,32,32,2.9911596755027865e-08,0.0001278258682088,0.1161899029975757,3624.9462890625,8468.0,7631.70458984375
darcy,1264,1264,505,1,1,64,32,32,1.0455400456521603e-07,0.0006772990981124,0.1141974909987766,3624.28662109375,8468.0,7631.70458984375
darcy,1264,1264,506,1,2,64,32,32,6.731502111279043e-08,0.000503347105591,0.1138992880005389,3624.28662109375,8468.0,7631.70458984375
darcy,1265,1265,507,1,1,64,32,32,3.8751327480213156e-08,0.0002957837790625,0.1147110230231192,3624.9462890625,8468.0,7631.70458984375
darcy,1265,1265,508,1,2,64,32,32,9.060223504775423e-08,0.0006219718496106,0.1141019880014937,3624.9462890625,8468.0,7631.70458984375
darcy,1266,1266,509,1,1,64,32,32,4.1964675290273596e-08,0.0003642073419277,0.1146200389775913,3624.28662109375,8468.0,7631.70458984375
darcy,1266,1266,510,1,2,64,32,32,2.383248975945662e-08,0.0001006569527115,0.1142276279861107,3624.28662109375,8468.0,7631.70458984375
darcy,1267,1267,511,1,1,64,32,32,1.108421585627184e-07,0.0006875854362072,0.1146778679976705,3624.9462890625,8468.0,7631.70458984375
darcy,1267,1267,512,1,2,64,32,32,6.267495678002888e-08,0.0004838222857545,0.1145463029970415,3624.9462890625,8468.0,7631.70458984375
darcy,1268,1268,513,1,1,64,32,32,3.5801360098730584e-08,0.0003043633926217,0.1143465130007825,3624.9462890625,8468.0,7631.70458984375
darcy,1268,1268,514,1,2,64,32,32,8.343358359752528e-08,0.0005913899073143,0.1143712350167334,3624.9462890625,8468.0,7631.70458984375
darcy,1269,1269,515,1,1,64,32,32,4.8095465388087184e-08,0.0003921277595816,0.1147056499903556,3624.28662109375,8468.0,7631.70458984375
darcy,1269,1269,516,1,2,64,32,32,2.0659300048464505e-08,0.0001481432053445,0.1145329310093075,3624.28662109375,8468.0,7631.70458984375
darcy,1270,1270,517,1,1,64,32,32,9.65977022815423e-08,0.0006442868472548,0.1142857119848486,3624.9462890625,8468.0,7631.70458984375
darcy,1270,1270,518,1,2,64,32,32,6.261217322389713e-08,0.0004764755216014,0.1142597760190256,3624.9462890625,8468.0,7631.70458984375
darcy,1271,1271,519,1,1,64,32,32,3.4917299274184195e-08,0.0002888645975152,0.1152671280142385,3624.28662109375,8468.0,7631.70458984375
darcy,1271,1271,520,1,2,64,32,32,8.225319447774383e-08,0.0005965175266932,0.1144119689997751,3624.28662109375,8468.0,7631.70458984375
darcy,1272,1272,521,1,1,64,32,32,4.4150432643164095e-08,0.0003555440569171,0.115351879998343,3624.28662109375,8468.0,7631.70458984375
darcy,1272,1272,522,1,2,64,32,32,2.2565615154235278e-08,0.0001103635633823,0.1157428849837742,3624.28662109375,8468.0,7631.70458984375
darcy,1273,1273,523,1,1,64,32,32,1.0164739450146953e-07,0.00068019976485,0.1145149759831838,3624.9462890625,8468.0,7631.70458984375
darcy,1273,1273,524,1,2,64,32,32,5.7952792786863945e-08,0.0004262871500337,0.1142447690072003,3624.9462890625,8468.0,7631.70458984375
darcy,1274,1274,525,1,1,64,32,32,3.985595142808052e-08,0.0003150809505183,0.1146681490063201,3624.9462890625,8468.0,7631.70458984375
darcy,1274,1274,526,1,2,64,32,32,7.96963917082394e-08,0.0005836150702583,0.1140027949877549,3624.9462890625,8468.0,7631.70458984375
darcy,1275,1275,527,1,1,64,32,32,3.491548028478064e-08,0.0002945383304908,0.1138781640038359,3624.28662109375,8468.0,7631.70458984375
darcy,1275,1275,528,1,2,64,32,32,2.7323105555865368e-08,0.0001504788255276,0.1137448069930542,3624.28662109375,8468.0,7631.70458984375
darcy,1276,1276,529,1,1,64,32,32,9.606827688912745e-08,0.0006435038124312,0.1140550000127404,3624.9462890625,8468.0,7631.70458984375
darcy,1276,1276,530,1,2,64,32,32,5.4430920215509104e-08,0.0004195248349728,0.1143343560106586,3624.9462890625,8468.0,7631.70458984375
darcy,1277,1277,531,1,1,64,32,32,4.6213308735332255e-08,0.0003699251487313,0.1145419040112756,3624.28662109375,8468.0,7631.70458984375
darcy,1277,1277,532,1,2,64,32,32,8.424635922210656e-08,0.0005878477991146,0.114151882007718,3624.28662109375,8468.0,7631.70458984375
darcy,1278,1278,533,1,1,64,32,32,3.404653980965122e-08,0.0002683150298629,0.114216246001888,3624.9462890625,8468.0,7631.70458984375
darcy,1278,1278,534,1,2,64,32,32,1.9676225093689936e-08,0.000121783649635,0.1142610329843591,3624.9462890625,8468.0,7631.70458984375
darcy,1279,1279,535,1,1,64,32,32,1.2463556231523398e-07,0.0007286656079879,0.1142783270042855,3624.28662109375,8468.0,7631.70458984375
darcy,1279,1279,536,1,2,64,32,32,5.2937963346266776e-08,0.0004077982424003,0.1137098339968361,3624.28662109375,8468.0,7631.70458984375
darcy,1280,1280,537,1,1,64,32,32,4.4338527516174515e-08,0.0003659699236896,0.1149864220060408,3624.9462890625,8468.0,7631.70458984375
darcy,1280,1280,538,1,2,64,32,32,8.9925130453139e-08,0.0005970416601767,0.11425913599669,3624.9462890625,8468.0,7631.70458984375
darcy,1281,1281,539,1,1,64,32,32,4.287170085603975e-08,0.000329543921446,0.1143613920139614,3624.9462890625,8468.0,7631.70458984375
darcy,1281,1281,540,1,2,64,32,32,2.1824021700922458e-08,0.000133237478552,0.1141535220085643,3624.9462890625,8468.0,7631.70458984375
darcy,1282,1282,541,1,1,64,32,32,1.1679725986368795e-07,0.0006987743131215,0.1147917589987628,3624.28662109375,8468.0,7631.70458984375
darcy,1282,1282,542,1,2,64,32,32,7.072745944469716e-08,0.0004903863950785,0.1147540179954376,3624.28662109375,8468.0,7631.70458984375
darcy,1283,1283,543,1,1,64,32,32,4.514344809081194e-08,0.0003851618848437,0.114817543013487,3624.9462890625,8468.0,7631.70458984375
darcy,1283,1283,544,1,2,64,32,32,7.37706074005473e-08,0.0005419629115117,0.1144125709834043,3624.9462890625,8468.0,7631.70458984375
darcy,1284,1284,545,1,1,64,32,32,5.1488118657516686e-08,0.0003656649676185,0.1147182460117619,3624.28662109375,8468.0,7631.70458984375
darcy,1284,1284,546,1,2,64,32,32,2.2800037413617247e-08,0.0001147278792726,0.1144176030065864,3624.28662109375,8468.0,7631.70458984375
darcy,1285,1285,547,1,1,64,32,32,1.0056110966161215e-07,0.0006644418220128,0.1146758200193289,3624.28662109375,8468.0,7631.70458984375
darcy,1285,1285,548,1,2,64,32,32,6.531266194542695e-08,0.0004531903645542,0.1144645239983219,3624.28662109375,8468.0,7631.70458984375
darcy,1286,1286,549,1,1,64,32,32,3.8603396035341575e-08,0.0003122204281864,0.114326353999786,3624.9462890625,8468.0,7631.70458984375
darcy,1286,1286,550,1,2,64,32,32,7.768827003928892e-08,0.000567453479657,0.1143266140134073,3624.9462890625,8468.0,7631.70458984375
darcy,1287,1287,551,1,1,64,32,32,4.16127790003884e-08,0.000336000687966,0.1142775040061678,3624.9462890625,8468.0,7631.70458984375
darcy,1287,1287,552,1,2,64,32,32,2.9074847418542052e-08,0.0001421610647527,0.1140882800100371,3624.9462890625,8468.0,7631.70458984375
darcy,1288,1288,553,1,1,64,32,32,9.76928689055967e-08,0.0006458492502688,0.1143019479932263,3624.28662109375,8468.0,7631.70458984375
darcy,1288,1288,554,1,2,64,32,32,5.144330117445861e-08,0.0004152693154632,0.1136027760221622,3624.28662109375,8468.0,7631.70458984375
darcy,1289,1289,555,1,1,64,32,32,4.065185521540116e-08,0.0003334342191971,0.1144408850232139,3624.9462890625,8468.0,7631.70458984375
darcy,1289,1289,556,1,2,64,32,32,7.922071887378479e-08,0.0005682533700209,0.1147859299962874,3624.9462890625,8468.0,7631.70458984375
darcy,1290,1290,557,1,1,64,32,32,3.815721072442102e-08,0.0003242470727421,0.1167993490234948,3624.28662109375,8468.0,7631.70458984375
darcy,1290,1290,558,1,2,64,32,32,2.6965647492716016e-08,0.0001804990635013,0.1146785260061733,3624.28662109375,8468.0,7631.70458984375
darcy,1291,1291,559,1,1,64,32,32,9.29466992261041e-08,0.0006332767647119,0.1143643500108737,3624.9462890625,8468.0,7631.70458984375
darcy,1291,1291,560,1,2,64,32,32,5.795281055043233e-08,0.000442246248888,0.114733367023291,3624.9462890625,8468.0,7631.70458984375
darcy,1292,1292,561,1,1,64,32,32,3.905875090026712e-08,0.0003342374114872,0.1140947729873005,3624.28662109375,8468.0,7631.70458984375
darcy,1292,1292,562,1,2,64,32,32,9.04899408737947e-08,0.0006288129609341,0.1138173780054785,3624.28662109375,8468.0,7631.70458984375
darcy,1293,1293,563,1,1,64,32,32,3.468037235165866e-08,0.0002963052866962,0.1139895720116328,3624.9462890625,8468.0,7631.70458984375
darcy,1293,1293,564,1,2,64,32,32,2.3239687507725648e-08,0.0001317799971493,0.1136216369923204,3624.9462890625,8468.0,7631.70458984375
darcy,1294,1294,565,1,1,64,32,32,1.1251902520825753e-07,0.0007062368658871,0.1144256339757703,3624.9462890625,8468.0,7631.70458984375
darcy,1294,1294,566,1,2,64,32,32,5.228946875490693e-08,0.0004115583898234,0.1136146560020279,3624.9462890625,8468.0,7631.70458984375
darcy,1295,1295,567,1,1,64,32,32,3.704678519511617e-08,0.0003383064168381,0.1143584870151244,3624.28662109375,8468.0,7631.70458984375
darcy,1295,1295,568,1,2,64,32,32,8.851959876210459e-08,0.0006217438179701,0.1139252940192818,3624.28662109375,8468.0,7631.70458984375
darcy,1296,1296,569,1,1,64,32,32,3.5066367587432985e-08,0.0003016557916855,0.1142185979988426,3624.9462890625,8468.0,7631.70458984375
darcy,1296,1296,570,1,2,64,32,32,3.0787216331873424e-08,0.0002106331543258,0.1138591670023743,3624.9462890625,8468.0,7631.70458984375
darcy,1297,1297,571,1,1,64,32,32,1.0253454263420281e-07,0.0006733641882314,0.1142892760108225,3624.28662109375,8468.0,7631.70458984375
darcy,1297,1297,572,1,2,64,32,32,4.737593428671971e-08,0.0003853133917783,0.1140095249866135,3624.28662109375,8468.0,7631.70458984375
darcy,1298,1298,573,1,1,64,32,32,5.0942119855790224e-08,0.0004129057798107,0.114414695999585,3624.28662109375,8468.0,7631.70458984375
darcy,1298,1298,574,1,2,64,32,32,8.293365283407185e-08,0.000601982568883,0.1139873529900796,3624.28662109375,8468.0,7631.70458984375
darcy,1299,1299,575,1,1,64,32,32,3.0880151768997166e-08,0.0002546158698199,0.1145140299922786,3624.9462890625,8468.0,7631.70458984375
darcy,1299,1299,576,1,2,64,32,32,2.9797693201771835e-08,0.0002202905272184,0.1142274900048505,3624.9462890625,8468.0,7631.70458984375
darcy,1300,1300,577,1,1,64,32,32,1.0950068940474013e-07,0.0006949904971624,0.114400583988754,3624.9462890625,8468.0,7631.70458984375
darcy,1300,1300,578,1,2,64,32,32,4.9385992184625145e-08,0.0003853274615464,0.1139497609983664,3624.9462890625,8468.0,7631.70458984375
darcy,1301,1301,579,1,1,64,32,32,5.2665072303170746e-08,0.0004320643008277,0.1141709429793991,3624.28662109375,8468.0,7631.70458984375
darcy,1301,1301,580,1,2,64,32,32,9.299958492192673e-08,0.0006340941538482,0.1137403289903886,3624.28662109375,8468.0,7631.70458984375
darcy,1302,1302,581,1,1,64,32,32,3.3028509704990945e-08,0.0002626073502448,0.1144332019903231,3624.9462890625,8468.0,7631.70458984375
darcy,1302,1302,582,1,2,64,32,32,2.506031826499111e-08,0.0002095806502134,0.1142307520203758,3624.9462890625,8468.0,7631.70458984375
darcy,1303,1303,583,1,1,64,32,32,1.2116575476284197e-07,0.0007305718646578,0.1142810820019804,3624.28662109375,8468.0,7631.70458984375
darcy,1303,1303,584,1,2,64,32,32,5.548202608451903e-08,0.00041767055848,0.1138328130182344,3624.28662109375,8468.0,7631.70458984375
darcy,1304,1304,585,1,1,64,32,32,4.748641302398937e-08,0.0004017078289836,0.114360523992218,3624.9462890625,8468.0,7631.70458984375
darcy,1304,1304,586,1,2,64,32,32,1.0742383693695957e-07,0.0006871098078811,0.1138710739905946,3624.9462890625,8468.0,7631.70458984375
darcy,1305,1305,587,1,1,64,32,32,4.1497774105891956e-08,0.0003044186644633,0.1164977209991775,3624.28662109375,8468.0,7631.70458984375
darcy,1305,1305,588,1,2,64,32,32,2.3682256156121184e-08,0.0001955222067009,0.1161821369896642,3624.28662109375,8468.0,7631.70458984375
darcy,1306,1306,589,1,1,64,32,32,1.241574949517599e-07,0.0007303874557843,0.1162908730038907,3624.9462890625,8468.0,7631.70458984375
darcy,1306,1306,590,1,2,64,32,32,7.18588353265659e-08,0.0005123462838712,0.1163085949956439,3624.9462890625,8468.0,7631.70458984375
darcy,1307,1307,591,1,1,64,32,32,4.794576469180357e-08,0.0004035417858487,0.1159815290011465,3624.9462890625,8468.0,7631.70458984375
darcy,1307,1307,592,1,2,64,32,32,1.0117420146116275e-07,0.0006663984972601,0.1162783270119689,3624.9462890625,8468.0,7631.70458984375
darcy,1308,1308,593,1,1,64,32,32,5.37476445572338e-08,0.0003997018537422,0.1145657660090364,3624.28662109375,8468.0,7631.70458984375
darcy,1308,1308,594,1,2,64,32,32,2.864496195797983e-08,0.0002270419357478,0.1143136669998057,3624.28662109375,8468.0,7631.70458984375
darcy,1309,1309,595,1,1,64,32,32,1.242466112216789e-07,0.0007491898439269,0.1146015099948272,3624.9462890625,8468.0,7631.70458984375
darcy,1309,1309,596,1,2,64,32,32,6.527089624341897e-08,0.0004674180241766,0.1142646489897742,3624.9462890625,8468.0,7631.70458984375
darcy,1310,1310,597,1,1,64,32,32,4.4538190024923097e-08,0.000375947452514,0.1145281989884097,3624.28662109375,8468.0,7631.70458984375
darcy,1310,1310,598,1,2,64,32,32,1.0076890788468519e-07,0.0006735062005483,0.1142562520108185,3624.28662109375,8468.0,7631.70458984375
darcy,1311,1311,599,1,1,64,32,32,4.418399512928772e-08,0.0003426456380541,0.1144589860050473,3624.28662109375,8468.0,7631.70458984375
darcy,1311,1311,600,1,2,64,32,32,3.1199785865965175e-08,0.0001676477394829,0.1146594960009679,3624.28662109375,8468.0,7631.70458984375
darcy,1312,1312,601,1,1,64,32,32,1.1717114034581757e-07,0.0007240354415804,0.1143591669970192,3624.9462890625,8468.0,7631.70458984375
darcy,1312,1312,602,1,2,64,32,32,6.322132151126425e-08,0.0004736347105743,0.1143936990119982,3624.9462890625,8468.0,7631.70458984375
darcy,1313,1313,603,1,1,64,32,32,4.89315254981193e-08,0.0003908292212411,0.1145835129718761,3624.9462890625,8468.0,7631.70458984375
darcy,1313,1313,604,1,2,64,32,32,8.400113671314102e-08,0.0006031469158421,0.1138550710165873,3624.9462890625,8468.0,7631.70458984375
darcy,1314,1314,605,1,1,64,32,32,4.3475516520175006e-08,0.0003550689005327,0.1144702839956153,3624.28662109375,8468.0,7631.70458984375
darcy,1314,1314,606,1,2,64,32,32,2.9812177615440305e-08,0.0002005920584961,0.1139219229808077,3624.28662109375,8468.0,7631.70458984375
darcy,1315,1315,607,1,1,64,32,32,1.1036200930902853e-07,0.0007048775903156,0.1143693159974645,3624.9462890625,8468.0,7631.70458984375
darcy,1315,1315,608,1,2,64,32,32,5.025032123739948e-08,0.0004022304268698,0.1145078710105735,3624.9462890625,8468.0,7631.70458984375
darcy,1316,1316,609,1,1,64,32,32,4.694845401331804e-08,0.0003882559108392,0.1165691170026548,3624.28662109375,8468.0,7631.70458984375
darcy,1316,1316,610,1,2,64,32,32,7.983073402328955e-08,0.0005734364069005,0.1165657920064404,3624.28662109375,8468.0,7631.70458984375
darcy,1317,1317,611,1,1,64,32,32,3.7641246564135145e-08,0.0003196687106633,0.1142611079849302,3624.9462890625,8468.0,7631.70458984375
darcy,1317,1317,612,1,2,64,32,32,2.5122888658302145e-08,0.000160666942222,0.1142130130028817,3624.9462890625,8468.0,7631.70458984375
darcy,1318,1318,613,1,1,64,32,32,1.0003884653997377e-07,0.0006531376672366,0.114669111004332,3624.28662109375,8468.0,7631.70458984375
darcy,1318,1318,614,1,2,64,32,32,6.715252709454944e-08,0.0005072966274151,0.1141768799861893,3624.28662109375,8468.0,7631.70458984375
darcy,1319,1319,615,1,1,64,32,32,4.2754489726348766e-08,0.0003619836683379,0.115167158015538,3624.9462890625,8468.0,7631.70458984375
darcy,1319,1319,616,1,2,64,32,32,8.727865719038165e-08,0.0006184048208099,0.1141636899847071,3624.9462890625,8468.0,7631.70458984375
darcy,1320,1320,617,1,1,64,32,32,4.7823920823475425e-08,0.0004055417602141,0.1144750310049858,3624.9462890625,8468.0,7631.70458984375
darcy,1320,1320,618,1,2,64,32,32,2.6696804766856985e-08,0.000186795575069,0.1143376239924691,3624.9462890625,8468.0,7631.70458984375
darcy,1321,1321,619,1,1,64,32,32,1.1769109420356473e-07,0.000730798300387,0.1141493890027049,3624.28662109375,8468.0,7631.70458984375
darcy,1321,1321,620,1,2,64,32,32,5.9198594470899486e-08,0.0004306449310691,0.1137918439926579,3624.28662109375,8468.0,7631.70458984375
darcy,1322,1322,621,1,1,64,32,32,4.0632805564655434e-08,0.0003567850229473,0.1144525669806171,3624.9462890625,8468.0,7631.70458984375
darcy,1322,1322,622,1,2,64,32,32,8.137182305745227e-08,0.0005885400192121,0.1140823680034373,3624.9462890625,8468.0,7631.70458984375
darcy,1323,1323,623,1,1,64,32,32,3.802433212740653e-08,0.000303805564539,0.1142384820268489,3624.28662109375,8468.0,7631.70458984375
darcy,1323,1323,624,1,2,64,32,32,2.5505684675408705e-08,0.0001434704521031,0.1142198190209455,3624.28662109375,8468.0,7631.70458984375
darcy,1324,1324,625,1,1,64,32,32,9.936827893852752e-08,0.000656990821917,0.1141552219924051,3624.28662109375,8468.0,7631.70458984375
darcy,1324,1324,626,1,2,64,32,32,4.826371124977413e-08,0.0003924134718538,0.1140023060142993,3624.28662109375,8468.0,7631.70458984375
darcy,1325,1325,627,1,1,64,32,32,4.24925659103792e-08,0.0003643163044903,0.1142924389860127,3624.9462890625,8468.0,7631.70458984375
darcy,1325,1325,628,1,2,64,32,32,7.297659720961748e-08,0.0005495171791268,0.1142008189926855,3624.9462890625,8468.0,7631.70458984375
darcy,1326,1326,629,1,1,64,32,32,3.5795306274621914e-08,0.0003088407841985,0.1141207889886573,3624.9462890625,8468.0,7631.70458984375
darcy,1326,1326,630,1,2,64,32,32,3.354118760512392e-08,0.0002541795439126,0.1137638130167033,3624.9462890625,8468.0,7631.70458984375
darcy,1327,1327,631,1,1,64,32,32,9.834519687501597e-08,0.0006566527161264,0.1149363789882045,3624.28662109375,8468.0,7631.70458984375
darcy,1327,1327,632,1,2,64,32,32,4.295450040103788e-08,0.0003364752301308,0.1141246579936705,3624.28662109375,8468.0,7631.70458984375
darcy,1328,1328,633,1,1,64,32,32,5.6163578676660115e-08,0.0004406655048336,0.1144424040103331,3624.9462890625,8468.0,7631.70458984375
darcy,1328,1328,634,1,2,64,32,32,7.466159956948104e-08,0.0005575230565696,0.1140578689810354,3624.9462890625,8468.0,7631.70458984375
darcy,1329,1329,635,1,1,64,32,32,2.6541135511592984e-08,0.0001935965067934,0.1142353569739498,3624.28662109375,8468.0,7631.70458984375
darcy,1329,1329,636,1,2,64,32,32,2.193274184492111e-08,0.0001410580744209,0.1140307789901271,3624.28662109375,8468.0,7631.70458984375
darcy,1330,1330,637,1,1,64,32,32,1.1196461002782598e-07,0.0006863138869983,0.1144262359885033,3624.9462890625,8468.0,7631.70458984375
darcy,1330,1330,638,1,2,64,32,32,4.5589906960685767e-08,0.0003746049529497,0.1142687179963104,3624.9462890625,8468.0,7631.70458984375
darcy,1331,1331,639,1,1,64,32,32,4.572447309669769e-08,0.0003840530961281,0.1141914229956455,3624.28662109375,8468.0,7631.70458984375
darcy,1331,1331,640,1,2,64,32,32,8.856111577415504e-08,0.0005997592135234,0.1141057460044976,3624.28662109375,8468.0,7631.70458984375
darcy,1332,1332,641,1,1,64,32,32,3.3544356625725413e-08,0.0002716877581543,0.1141932860191445,3624.9462890625,8468.0,7631.70458984375
darcy,1332,1332,642,1,2,64,32,32,2.3280271932435426e-08,0.0001697822326709,0.1141234160168096,3624.9462890625,8468.0,7631.70458984375
darcy,1333,1333,643,1,1,64,32,32,1.1723125226126285e-07,0.000702610132718,0.1143248520093038,3624.9462890625,8468.0,7631.70458984375
darcy,1333,1333,644,1,2,64,32,32,5.621190624083283e-08,0.0004163810034616,0.1142609299859032,3624.9462890625,8468.0,7631.70458984375
darcy,1334,1334,645,1,1,64,32,32,4.744289938685142e-08,0.0003925154477872,0.1142443319840822,3624.28662109375,8468.0,7631.70458984375
darcy,1334,1334,646,1,2,64,32,32,9.019335323046108e-08,0.0006093980585639,0.1139419350074604,3624.28662109375,8468.0,7631.70458984375
darcy,1335,1335,647,1,1,64,32,32,4.0251261879120654e-08,0.0003076480346303,0.1142795339983422,3624.9462890625,8468.0,7631.70458984375
darcy,1335,1335,648,1,2,64,32,32,2.7186832340930778e-08,0.0001968784983757,0.1140115100133698,3624.9462890625,8468.0,7631.70458984375
darcy,1336,1336,649,1,1,64,32,32,1.1143245615130581e-07,0.0006824808263424,0.1148169939988292,3624.28662109375,8468.0,7631.70458984375
darcy,1336,1336,650,1,2,64,32,32,6.19911091348513e-08,0.0004625796273384,0.1150558200024534,3624.28662109375,8468.0,7631.70458984375
darcy,1337,1337,651,1,1,64,32,32,4.535678499451024e-08,0.0003939600622743,0.1144873520242981,3624.28662109375,8468.0,7631.70458984375
darcy,1337,1337,652,1,2,64,32,32,9.137967538208613e-08,0.0006264624086655,0.1144221849972382,3624.28662109375,8468.0,7631.70458984375
darcy,1338,1338,653,1,1,64,32,32,4.647370488441993e-08,0.0003377146192496,0.1143849159998353,3624.9462890625,8468.0,7631.70458984375
darcy,1338,1338,654,1,2,64,32,32,2.4429725797858737e-08,0.0001768319090472,0.1141887970152311,3624.9462890625,8468.0,7631.70458984375
darcy,1339,1339,655,1,1,64,32,32,1.2152966633038886e-07,0.0007466129812666,0.1144540260138455,3624.9462890625,8468.0,7631.70458984375
darcy,1339,1339,656,1,2,64,32,32,5.6031137063428105e-08,0.0004014987543558,0.1140658180229365,3624.9462890625,8468.0,7631.70458984375
darcy,1340,1340,657,1,1,64,32,32,4.234556527649147e-08,0.0003679616555001,0.1144422889919951,3624.28662109375,8468.0,7631.70458984375
darcy,1340,1340,658,1,2,64,32,32,9.146755530764494e-08,0.0006251899492994,0.11482074498781,3624.28662109375,8468.0,7631.70458984375
darcy,1341,1341,659,1,1,64,32,32,3.7183632173309895e-08,0.0002922808767461,0.114050704985857,3624.9462890625,8468.0,7631.70458984375
darcy,1341,1341,660,1,2,64,32,32,2.874972082622662e-08,0.0001759713548415,0.1137147609842941,3624.9462890625,8468.0,7631.70458984375
darcy,1342,1342,661,1,1,64,32,32,1.0321753052267013e-07,0.0006715655715692,0.114461005985504,3624.28662109375,8468.0,7631.70458984375
darcy,1342,1342,662,1,2,64,32,32,5.7851291757060614e-08,0.0004394153317169,0.1140476989967282,3624.28662109375,8468.0,7631.70458984375
darcy,1343,1343,663,1,1,64,32,32,4.905556139078726e-08,0.0004028176445886,0.1178483899857383,3624.9462890625,8468.0,7631.70458984375
darcy,1343,1343,664,1,2,64,32,32,7.824831271818766e-08,0.0005751494020175,0.1137225489947013,3624.9462890625,8468.0,7631.70458984375
darcy,1344,1344,665,1,1,64,32,32,3.5090867100961987e-08,0.0002844642397632,0.1179281789809465,3624.28662109375,8468.0,7631.70458984375
darcy,1344,1344,666,1,2,64,32,32,2.440532753666957e-08,0.0001345766268493,0.1140877850120887,3624.28662109375,8468.0,7631.70458984375
darcy,1345,1345,667,1,1,64,32,32,1.0331651623118888e-07,0.0006734878406034,0.1139554319961462,3624.9462890625,8468.0,7631.70458984375
darcy,1345,1345,668,1,2,64,32,32,5.815148895749189e-08,0.00044620765764,0.1136691170104313,3624.9462890625,8468.0,7631.70458984375
darcy,1346,1346,669,1,1,64,32,32,4.1789139260117736e-08,0.0003465831913516,0.1144856820174027,3624.9462890625,8468.0,7631.70458984375
darcy,1346,1346,670,1,2,64,32,32,8.589165645389586e-08,0.0006137590370234,0.1140238420048262,3624.9462890625,8468.0,7631.70458984375
darcy,1347,1347,671,1,1,64,32,32,4.181480406373339e-08,0.0003540432754347,0.1142175690038129,3624.28662109375,8468.0,7631.70458984375
darcy,1347,1347,672,1,2,64,32,32,2.6590669222059663e-08,0.000182669672181,0.1140897190198302,3624.28662109375,8468.0,7631.70458984375
darcy,1348,1348,673,1,1,64,32,32,1.0442457210046997e-07,0.0006874172238118,0.1141047469864133,3624.9462890625,8468.0,7631.70458984375
darcy,1348,1348,674,1,2,64,32,32,6.270592933788066e-08,0.000459034294699,0.1138554320205003,3624.9462890625,8468.0,7631.70458984375
darcy,1349,1349,675,1,1,64,32,32,4.615642623662097e-08,0.0003899026217988,0.1141846450045704,3624.28662109375,8468.0,7631.70458984375
darcy,1349,1349,676,1,2,64,32,32,7.31293781086606e-08,0.0005539604415528,0.1139301900111604,3624.28662109375,8468.0,7631.70458984375
darcy,1350,1350,677,1,1,64,32,32,4.034253109352903e-08,0.0003507244028423,0.114271728991298,3624.28662109375,8468.0,7631.70458984375
darcy,1350,1350,678,1,2,64,32,32,2.7430635540781626e-08,0.0001535005380377,0.1140465770149603,3624.28662109375,8468.0,7631.70458984375
darcy,1351,1351,679,1,1,64,32,32,1.0122301574710947e-07,0.0006680517813368,0.1143108820251654,3624.9462890625,8468.0,7631.70458984375
darcy,1351,1351,680,1,2,64,32,32,5.5931412390464175e-08,0.0004198606129039,0.1139131099916994,3624.9462890625,8468.0,7631.70458984375
darcy,1352,1352,681,1,1,64,32,32,4.1343707124497087e-08,0.0003551256435338,0.1145063609874341,3624.9462890625,8468.0,7631.70458984375
darcy,1352,1352,682,1,2,64,32,32,7.538864110756549e-08,0.0005601221122185,0.1142671559937298,3624.9462890625,8468.0,7631.70458984375
darcy,1353,1353,683,1,1,64,32,32,3.4564973105943864e-08,0.0003017089291587,0.1171649179887026,3624.28662109375,8468.0,7631.70458984375
darcy,1353,1353,684,1,2,64,32,32,2.7303034499936985e-08,0.0001913825900006,0.1163139480049721,3624.28662109375,8468.0,7631.70458984375
darcy,1354,1354,685,1,1,64,32,32,9.117586330376073e-08,0.000627623552781,0.1166691850230563,3624.9462890625,8468.0,7631.70458984375
darcy,1354,1354,686,1,2,64,32,32,4.982338808190435e-08,0.0003878133809906,0.116303159011295,3624.9462890625,8468.0,7631.70458984375
darcy,1355,1355,687,1,1,64,32,32,4.7786191004206564e-08,0.0004180758370527,0.1165443520003464,3624.28662109375,8468.0,7631.70458984375
darcy,1355,1355,688,1,2,64,32,32,6.706468980155479e-08,0.0005217622646662,0.1162086320109665,3624.28662109375,8468.0,7631.70458984375
darcy,1356,1356,689,1,1,64,32,32,3.553627792030056e-08,0.0002937275287966,0.1167102409817744,3624.9462890625,8468.0,7631.70458984375
darcy,1356,1356,690,1,2,64,32,32,3.0844020670883765e-08,0.0002668911643898,0.1161670549772679,3624.9462890625,8468.0,7631.70458984375
darcy,1357,1357,691,1,1,64,32,32,1.067989572334227e-07,0.0006892235812375,0.1167500719893723,3624.28662109375,8468.0,7631.70458984375
darcy,1357,1357,692,1,2,64,32,32,3.3858622572324755e-08,0.0002618828219652,0.1165671850030776,3624.28662109375,8468.0,7631.70458984375
darcy,1358,1358,693,1,1,64,32,32,5.471061470530003e-08,0.0004534036256944,0.1167558579763863,3624.9462890625,8468.0,7631.70458984375
darcy,1358,1358,694,1,2,64,32,32,7.182136130268192e-08,0.0005486118551208,0.1164377719978801,3624.9462890625,8468.0,7631.70458984375
darcy,1359,1359,695,1,1,64,32,32,2.741366778025167e-08,0.0001692891245007,0.1146409439970739,3624.9462890625,8468.0,7631.70458984375
darcy,1359,1359,696,1,2,64,32,32,2.912839214275209e-08,0.0002370132674984,0.1141545069986023,3624.9462890625,8468.0,7631.70458984375
darcy,1360,1360,697,1,1,64,32,32,9.03759982406882e-08,0.0006141191062454,0.1161125560174696,3624.28662109375,8468.0,7631.70458984375
darcy,1360,1360,698,1,2,64,32,32,4.541200127050615e-08,0.0003641122537545,0.115769177005859,3624.28662109375,8468.0,7631.70458984375
darcy,1361,1361,699,1,1,64,32,32,5.6821352956148985e-08,0.0004651764945266,0.1161243809910956,3624.9462890625,8468.0,7631.70458984375
darcy,1361,1361,700,1,2,64,32,32,7.820459302365634e-08,0.000580627930154,0.1158500940073281,3624.9462890625,8468.0,7631.70458984375
darcy,1362,1362,701,1,1,64,32,32,2.99066122977365e-08,0.0002309235044206,0.1159743040043395,3624.28662109375,8468.0,7631.70458984375
darcy,1362,1362,702,1,2,64,32,32,3.27373541608722e-08,0.0002719693970619,0.1155806729802861,3624.28662109375,8468.0,7631.70458984375
darcy,1363,1363,703,1,1,64,32,32,9.955235213965353e-08,0.0006626170017249,0.1159866669913753,3624.28662109375,8468.0,7631.70458984375
darcy,1363,1363,704,1,2,64,32,32,5.1644295950836756e-08,0.000379812466344,0.1157094200025312,3624.28662109375,8468.0,7631.70458984375
darcy,1364,1364,705,1,1,64,32,32,5.885806331207277e-08,0.0004874613329774,0.1139222840138245,3624.9462890625,8468.0,7631.70458984375
darcy,1364,1364,706,1,2,64,32,32,8.354984259995035e-08,0.0005927357431114,0.1136413959902711,3624.9462890625,8468.0,7631.70458984375
darcy,1365,1365,707,1,1,64,32,32,3.3308729996406334e-08,0.0002556036097042,0.1141009640123229,3624.9462890625,8468.0,7631.70458984375
darcy,1365,1365,708,1,2,64,32,32,3.0717160370841163e-08,0.0002538172506381,0.1148158930009231,3624.9462890625,8468.0,7631.70458984375
darcy,1366,1366,709,1,1,64,32,32,1.1164373603378409e-07,0.0007112243136473,0.1139885740121826,3624.28662109375,8468.0,7631.70458984375
darcy,1366,1366,710,1,2,64,32,32,5.4790618264632946e-08,0.0003954824350568,0.1141081470123026,3624.28662109375,8468.0,7631.70458984375
darcy,1367,1367,711,1,1,64,32,32,5.6328616437895114e-08,0.0004692005123148,0.1143596209876705,3624.9462890625,8468.0,7631.70458984375
darcy,1367,1367,712,1,2,64,32,32,8.81364812244101e-08,0.0006240805046561,0.1139476250100415,3624.9462890625,8468.0,7631.70458984375
darcy,1368,1368,713,1,1,64,32,32,3.8346691155766166e-08,0.0002918152838985,0.1143821620207745,3624.28662109375,8468.0,7631.70458984375
darcy,1368,1368,714,1,2,64,32,32,3.0183855415089056e-08,0.0002283234535821,0.1142022390267811,3624.28662109375,8468.0,7631.70458984375
darcy,1369,1369,715,1,1,64,32,32,1.1882448802680301e-07,0.0007297671877724,0.1147348269878421,3624.9462890625,8468.0,7631.70458984375
darcy,1369,1369,716,1,2,64,32,32,5.8788064194459366e-08,0.0004517651933941,0.1142952230002265,3624.9462890625,8468.0,7631.70458984375
darcy,1370,1370,717,1,1,64,32,32,5.7876057724115526e-08,0.0004632386156038,0.1144334530108608,3624.28662109375,8468.0,7631.70458984375
darcy,1370,1370,718,1,2,64,32,32,8.079443603037363e-08,0.0005957715844484,0.1141605119919404,3624.28662109375,8468.0,7631.70458984375
darcy,1371,1371,719,1,1,64,32,32,4.0219187980028443e-08,0.0003354637571452,0.1143883409968111,3624.9462890625,8468.0,7631.70458984375
darcy,1371,1371,720,1,2,64,32,32,2.939630405762728e-08,0.0001712387622694,0.1143170699942857,3624.9462890625,8468.0,7631.70458984375
darcy,1372,1372,721,1,1,64,32,32,1.086504681779843e-07,0.0006955416911386,0.1143070620018988,3624.9462890625,8468.0,7631.70458984375
darcy,1372,1372,722,1,2,64,32,32,6.81335592389587e-08,0.0005070171341862,0.1137045559880789,3624.9462890625,8468.0,7631.70458984375
darcy,1373,1373,723,1,1,64,32,32,4.107795348318177e-08,0.0003469541993928,0.1141124610148835,3624.28662109375,8468.0,7631.70458984375
darcy,1373,1373,724,1,2,64,32,32,1.007401806418784e-07,0.0006660123315836,0.1138682259770575,3624.28662109375,8468.0,7631.70458984375
darcy,1374,1374,725,1,1,64,32,32,4.585920621025252e-08,0.0003769442601841,0.1143565239908639,3624.9462890625,8468.0,7631.70458984375
darcy,1374,1374,726,1,2,64,32,32,2.1667682759130006e-08,0.000140027155892,0.1142037989920936,3624.9462890625,8468.0,7631.70458984375
darcy,1375,1375,727,1,1,64,32,32,1.1856398174359128e-07,0.0007268647752118,0.1141624390147626,3624.28662109375,8468.0,7631.70458984375
darcy,1375,1375,728,1,2,64,32,32,6.829709775502124e-08,0.0005200243623312,0.1138349230168387,3624.28662109375,8468.0,7631.70458984375
darcy,1376,1376,729,1,1,64,32,32,4.25972217499293e-08,0.000356269425261,0.1143558170006144,3624.28662109375,8468.0,7631.70458984375
darcy,1376,1376,730,1,2,64,32,32,8.499377202042525e-08,0.0006038096583006,0.1138355940056499,3624.28662109375,8468.0,7631.70458984375
darcy,1377,1377,731,1,1,64,32,32,4.806852871297451e-08,0.0003939950909885,0.1144736600108444,3624.9462890625,8468.0,7631.70458984375
darcy,1377,1377,732,1,2,64,32,32,2.1973741937131308e-08,0.000121468369214,0.1143307510064914,3624.9462890625,8468.0,7631.70458984375
darcy,1378,1378,733,1,1,64,32,32,1.1234549646133021e-07,0.0007178845569774,0.1146120640041772,3624.9462890625,8468.0,7631.70458984375
darcy,1378,1378,734,1,2,64,32,32,5.958851190257519e-08,0.0004362858665472,0.1141297319845762,3624.9462890625,8468.0,7631.70458984375
darcy,1379,1379,735,1,1,64,32,32,3.9370291915474815e-08,0.0003261952111937,0.1150739660079125,3624.28662109375,8468.0,7631.70458984375
darcy,1379,1379,736,1,2,64,32,32,7.645864030791928e-08,0.0005713121109318,0.1146467920043505,3624.28662109375,8468.0,7631.70458984375
darcy,1380,1380,737,1,1,64,32,32,3.995873498752189e-08,0.0003259288498801,0.1145892210188321,3624.9462890625,8468.0,7631.70458984375
darcy,1380,1380,738,1,2,64,32,32,2.7429035043269323e-08,0.0001664353335387,0.1140678800002206,3624.9462890625,8468.0,7631.70458984375
darcy,1381,1381,739,1,1,64,32,32,9.423207103509412e-08,0.0006356694882846,0.1143300230032764,3624.28662109375,8468.0,7631.70458984375
darcy,1381,1381,740,1,2,64,32,32,4.587473156902888e-08,0.0003649558556839,0.1141793510178104,3624.28662109375,8468.0,7631.70458984375
darcy,1382,1382,741,1,1,64,32,32,3.79376778880669e-08,0.0003270928705518,0.11406259398791,3624.9462890625,8468.0,7631.70458984375
darcy,1382,1382,742,1,2,64,32,32,8.177564581046681e-08,0.0005934459346038,0.1141674990067258,3624.9462890625,8468.0,7631.70458984375
darcy,1383,1383,743,1,1,64,32,32,2.9752339258948268e-08,0.0002299857196427,0.1141654399980325,3624.28662109375,8468.0,7631.70458984375
darcy,1383,1383,744,1,2,64,32,32,2.7821874581945852e-08,0.0002061296807606,0.1140188940044026,3624.28662109375,8468.0,7631.70458984375
darcy,1384,1384,745,1,1,64,32,32,9.820740132227003e-08,0.0006501216061432,0.1142574000114109,3624.9462890625,8468.0,7631.70458984375
darcy,1384,1384,746,1,2,64,32,32,3.859324948507492e-08,0.0003167378551225,0.1146515500149689,3624.9462890625,8468.0,7631.70458984375
darcy,1385,1385,747,1,1,64,32,32,5.2562850072490626e-08,0.0004200247462382,0.1141090810124296,3624.9462890625,8468.0,7631.70458984375
darcy,1385,1385,748,1,2,64,32,32,7.886412589641624e-08,0.0005723511892669,0.1185925419849809,3624.9462890625,8468.0,7631.70458984375
darcy,1386,1386,749,1,1,64,32,32,2.5841488948685765e-08,0.0001658018750994,0.1189794680103659,3624.28662109375,8468.0,7631.70458984375
darcy,1386,1386,750,1,2,64,32,32,2.643916729994089e-08,0.000186772050942,0.1137037530133966,3624.28662109375,8468.0,7631.70458984375
darcy,1387,1387,751,1,1,64,32,32,9.859952143642658e-08,0.0006358816665536,0.1143611039733514,3624.9462890625,8468.0,7631.70458984375
darcy,1387,1387,752,1,2,64,32,32,4.7310969364389166e-08,0.0003817162377278,0.1139067919866647,3624.9462890625,8468.0,7631.70458984375
darcy,1388,1388,753,1,1,64,32,32,5.305231098873264e-08,0.0004261042160096,0.1145180739986244,3624.28662109375,8468.0,7631.70458984375
darcy,1388,1388,754,1,2,64,32,32,8.42758964836321e-08,0.0005914783835198,0.1143164100067224,3624.28662109375,8468.0,7631.70458984375
darcy,1389,1389,755,1,1,64,32,32,3.379001611847343e-08,0.0002758569104984,0.113999084016541,3624.28662109375,8468.0,7631.70458984375
darcy,1389,1389,756,1,2,64,32,32,2.8556270237345416e-08,0.0002437762124965,0.1141551529872231,3624.28662109375,8468.0,7631.70458984375
darcy,1390,1390,757,1,1,64,32,32,1.142005459087159e-07,0.0006954498712284,0.1144304040062706,3624.9462890625,8468.0,7631.70458984375
darcy,1390,1390,758,1,2,64,32,32,5.1999162309357416e-08,0.0003991690390763,0.1161842950095888,3624.9462890625,8468.0,7631.70458984375
darcy,1391,1391,759,1,1,64,32,32,5.211101594682077e-08,0.0004287311568957,0.1146415519760921,3624.9462890625,8468.0,7631.70458984375
darcy,1391,1391,760,1,2,64,32,32,9.611827067601553e-08,0.0006370164916269,0.1140797580010257,3624.9462890625,8468.0,7631.70458984375
darcy,1392,1392,761,1,1,64,32,32,4.072078851891092e-08,0.0003162756203046,0.1144424380036071,3624.28662109375,8468.0,7631.70458984375
darcy,1392,1392,762,1,2,64,32,32,3.2645807834796876e-08,0.0002726821086885,0.1141094609920401,3624.28662109375,8468.0,7631.70458984375
darcy,1393,1393,763,1,1,64,32,32,1.253166743708789e-07,0.0007400811042504,0.1143522610072977,3624.9462890625,8468.0,7631.70458984375
darcy,1393,1393,764,1,2,64,32,32,6.087700654688888e-08,0.000405324644852,0.1142289529961999,3624.9462890625,8468.0,7631.70458984375
darcy,1394,1394,765,1,1,64,32,32,5.5791929298720795e-08,0.0004648321661549,0.114355825993698,3624.28662109375,8468.0,7631.70458984375
darcy,1394,1394,766,1,2,64,32,32,9.730475625246983e-08,0.0006355645703135,0.1136117559799458,3624.28662109375,8468.0,7631.70458984375
darcy,1395,1395,767,1,1,64,32,32,4.3421422901701596e-08,0.0002821491828476,0.1139807809959165,3624.9462890625,8468.0,7631.70458984375
darcy,1395,1395,768,1,2,64,32,32,2.9341768126300852e-08,0.0002021970371965,0.1139350610028486,3624.9462890625,8468.0,7631.70458984375
darcy,1396,1396,769,1,1,64,32,32,1.2147431505127318e-07,0.0007365470903553,0.1145902349962852,3624.28662109375,8468.0,7631.70458984375
darcy,1396,1396,770,1,2,64,32,32,6.486750692147325e-08,0.0004348487397618,0.1148181520111393,3624.28662109375,8468.0,7631.70458984375
darcy,1397,1397,771,1,1,64,32,32,5.813827286260676e-08,0.0004754634221962,0.114259635010967,3624.9462890625,8468.0,7631.70458984375
darcy,1397,1397,772,1,2,64,32,32,7.46204804613626e-08,0.0005627262199828,0.1141774779825937,3624.9462890625,8468.0,7631.70458984375
darcy,1398,1398,773,1,1,64,32,32,4.182726698331862e-08,0.0002895236660438,0.1138976259971968,3624.9462890625,8468.0,7631.70458984375
darcy,1398,1398,774,1,2,64,32,32,3.1808394140853125e-08,0.000162569350053,0.1138685980113223,3624.9462890625,8468.0,7631.70458984375
darcy,1399,1399,775,1,1,64,32,32,1.0124200855443632e-07,0.000669637019276,0.1142316799960099,3624.28662109375,8468.0,7631.70458984375
darcy,1399,1399,776,1,2,64,32,32,6.607799463154151e-08,0.0004732125995249,0.1137173030001577,3624.28662109375,8468.0,7631.70458984375
darcy,1400,1400,777,1,1,64,32,32,5.1564178704666126e-08,0.0003812273787149,0.1141196009994018,3624.9462890625,8468.0,7631.70458984375
darcy,1400,1400,778,1,2,64,32,32,8.348712299266482e-08,0.0005947454582618,0.1136518249986693,3624.9462890625,8468.0,7631.70458984375
darcy,1401,1401,779,1,1,64,32,32,4.472110148867615e-08,0.000362237636089,0.1151982340088579,3624.28662109375,8468.0,7631.70458984375
darcy,1401,1401,780,1,2,64,32,32,3.31318155133431e-08,0.00015138447471,0.1153502340021077,3624.28662109375,8468.0,7631.70458984375
darcy,1402,1402,781,1,1,64,32,32,1.0554951757058006e-07,0.0006739283156835,0.1145070480124559,3624.28662109375,8468.0,7631.70458984375
darcy,1402,1402,782,1,2,64,32,32,6.983110267810845e-08,0.0005121630921561,0.1144080069789197,3624.28662109375,8468.0,7631.70458984375
darcy,1403,1403,783,1,1,64,32,32,4.8624180237766275e-08,0.0003384882524254,0.1148658010060899,3624.9462890625,8468.0,7631.70458984375
darcy,1403,1403,784,1,2,64,32,32,8.616208191369878e-08,0.0005911638001031,0.1149539870093576,3624.9462890625,8468.0,7631.70458984375
darcy,1404,1404,785,1,1,64,32,32,4.7656701696041643e-08,0.0004082771723847,0.114851941994857,3624.9462890625,8468.0,7631.70458984375
darcy,1404,1404,786,1,2,64,32,32,2.770326723577909e-08,0.0001386739481053,0.1147206739988178,3624.9462890625,8468.0,7631.70458984375
darcy,1405,1405,787,1,1,64,32,32,1.1137048261389283e-07,0.0006831151480475,0.1153461369976867,3624.28662109375,8468.0,7631.70458984375
darcy,1405,1405,788,1,2,64,32,32,5.715368445180503e-08,0.000427161278833,0.1144744780031032,3624.28662109375,8468.0,7631.70458984375
darcy,1406,1406,789,1,1,64,32,32,3.80891584939036e-08,0.000293544753762,0.114700720005203,3624.9462890625,8468.0,7631.70458984375
darcy,1406,1406,790,1,2,64,32,32,7.4601175015232e-08,0.000527273161757,0.1143808340129908,3624.9462890625,8468.0,7631.70458984375
darcy,1407,1407,791,1,1,64,32,32,3.8338328067766276e-08,0.0002819485153775,0.1144859489868395,3624.28662109375,8468.0,7631.70458984375
darcy,1407,1407,792,1,2,64,32,32,2.406231125462455e-08,4.4111950373259634e-05,0.114253069012193,3624.28662109375,8468.0,7631.70458984375
darcy,1408,1408,793,1,1,64,32,32,9.678402079771332e-08,0.0006307230907525,0.1146736980008427,3624.9462890625,8468.0,7631.70458984375
darcy,1408,1408,794,1,2,64,32,32,4.912877571427998e-08,0.0003328770412219,0.1146315110090654,3624.9462890625,8468.0,7631.70458984375
darcy,1409,1409,795,1,1,64,32,32,4.131416275754418e-08,0.0003185715311205,0.1142673790163826,3624.28662109375,8468.0,7631.70458984375
darcy,1409,1409,796,1,2,64,32,32,5.772021438588126e-08,0.0004537464179577,0.1143698250234592,3624.28662109375,8468.0,7631.70458984375
darcy,1410,1410,797,1,1,64,32,32,3.608294463219863e-08,0.0002141044824328,0.1140623039973434,3624.9462890625,8468.0,7631.70458984375
darcy,1410,1410,798,1,2,64,32,32,3.847910079457506e-08,0.0002264626120865,0.1136586099746637,3624.9462890625,8468.0,7631.70458984375
darcy,1411,1411,799,1,1,64,32,32,7.329506246378514e-08,0.0005276298203537,0.1143301969859749,3624.9462890625,8468.0,7631.70458984375
darcy,1411,1411,800,1,2,64,32,32,3.61928016445745e-08,0.000209131586078,0.1141903680108953,3624.9462890625,8468.0,7631.70458984375
darcy,1412,1412,801,1,1,64,32,32,5.5680715149719624e-08,0.000402811420868,0.1145311699947342,3624.28662109375,8468.0,7631.70458984375
darcy,1412,1412,802,1,2,64,32,32,6.544018305021383e-08,0.0005048296590987,0.1146606830006931,3624.28662109375,8468.0,7631.70458984375
darcy,1413,1413,803,1,1,64,32,32,2.8928960560392625e-08,7.479899436469429e-05,0.114632397016976,3624.9462890625,8468.0,7631.70458984375
darcy,1413,1413,804,1,2,64,32,32,5.075789388797602e-08,0.0003008164817338,0.1146123890066519,3624.9462890625,8468.0,7631.70458984375
darcy,1414,1414,805,1,1,64,32,32,8.04966404643892e-08,0.0005509600979384,0.1145544740138575,3624.28662109375,8468.0,7631.70458984375
darcy,1414,1414,806,1,2,64,32,32,2.709460211747228e-08,0.0001885490108169,0.1142750169965438,3624.28662109375,8468.0,7631.70458984375
darcy,1415,1415,807,1,1,64,32,32,7.783684452533636e-08,0.000494898942419,0.1142387719883117,3624.28662109375,8468.0,7631.70458984375
darcy,1415,1415,808,1,2,64,32,32,6.94516657517852e-08,0.000489036212224,0.1140728269820101,3624.28662109375,8468.0,7631.70458984375
darcy,1416,1416,809,1,1,64,32,32,2.329429449332565e-08,0.000127423619727,0.1147161079861689,3624.9462890625,8468.0,7631.70458984375
darcy,1416,1416,810,1,2,64,32,32,4.662543773292782e-08,0.0003349939919009,0.1142572099925018,3624.9462890625,8468.0,7631.70458984375
darcy,1417,1417,811,1,1,64,32,32,1.0722112619987457e-07,0.0006080551683146,0.1145850459870416,3624.9462890625,8468.0,7631.70458984375
darcy,1417,1417,812,1,2,64,32,32,3.3435142654525414e-08,0.0002425292135924,0.1141883160162251,3624.9462890625,8468.0,7631.70458984375
darcy,1418,1418,813,1,1,64,32,32,6.400829022368272e-08,0.0004782931039827,0.1145581830060109,3624.28662109375,8468.0,7631.70458984375
darcy,1418,1418,814,1,2,64,32,32,1.0225728175328187e-07,0.0006014473308585,0.1143327969766687,3624.28662109375,8468.0,7631.70458984375
darcy,1419,1419,815,1,1,64,32,32,3.363754075280667e-08,0.0001594027458996,0.1142360859957989,3624.9462890625,8468.0,7631.70458984375
darcy,1419,1419,816,1,2,64,32,32,3.4893545830527735e-08,0.0002970534086351,0.1138576749945059,3624.9462890625,8468.0,7631.70458984375
darcy,1420,1420,817,1,1,64,32,32,1.2045171615682193e-07,0.0006831789595994,0.1147037250048015,3624.28662109375,8468.0,7631.70458984375
darcy,1420,1420,818,1,2,64,32,32,5.8568648597656654e-08,0.0003617934249275,0.1142283439985476,3624.28662109375,8468.0,7631.70458984375
darcy,1421,1421,819,1,1,64,32,32,6.343012870502207e-08,0.0005011637345974,0.1143473630072549,3624.9462890625,8468.0,7631.70458984375
darcy,1421,1421,820,1,2,64,32,32,9.928337618703155e-08,0.0006410742515675,0.1165699580160435,3624.9462890625,8468.0,7631.70458984375
darcy,1422,1422,821,1,1,64,32,32,5.1473524109724174e-08,0.0002884605016289,0.1145367819990497,3624.28662109375,8468.0,7631.70458984375
darcy,1422,1422,822,1,2,64,32,32,4.5924949176878727e-08,0.0003522105851276,0.1144878599734511,3624.28662109375,8468.0,7631.70458984375
darcy,1423,1423,823,1,1,64,32,32,1.396557820498856e-07,0.0007887661879167,0.1142410890024621,3624.9462890625,8468.0,7631.70458984375
darcy,1423,1423,824,1,2,64,32,32,4.51421477976055e-08,0.0002895249302966,0.1140209670120384,3624.9462890625,8468.0,7631.70458984375
darcy,1424,1424,825,1,1,64,32,32,7.03288378645084e-08,0.0005187748700499,0.1187025760009419,3624.9462890625,8468.0,7631.70458984375
darcy,1424,1424,826,1,2,64,32,32,9.866710115602473e-08,0.0006673254444921,0.114935585996136,3624.9462890625,8468.0,7631.70458984375
darcy,1425,1425,827,1,1,64,32,32,3.6689954185931135e-08,0.0001970824253597,0.1150506070116534,3624.28662109375,8468.0,7631.70458984375
darcy,1425,1425,828,1,2,64,32,32,4.35716280833276e-08,0.0002990316037315,0.1140754040097817,3624.28662109375,8468.0,7631.70458984375
darcy,1426,1426,829,1,1,64,32,32,1.2405278937421826e-07,0.0007667786833091,0.1148707840184215,3624.9462890625,8468.0,7631.70458984375
darcy,1426,1426,830,1,2,64,32,32,4.515674945082537e-08,0.0003249024713443,0.1145317339978646,3624.9462890625,8468.0,7631.70458984375
darcy,1427,1427,831,1,1,64,32,32,7.193420969997534e-08,0.0005126725860915,0.115642847988056,3624.28662109375,8468.0,7631.70458984375
darcy,1427,1427,832,1,2,64,32,32,9.337736628367567e-08,0.0006433501992388,0.1149264599953312,3624.28662109375,8468.0,7631.70458984375
darcy,1428,1428,833,1,1,64,32,32,3.5470520742819645e-08,0.0002698523885096,0.1145780830120202,3624.28662109375,8468.0,7631.70458984375
darcy,1428,1428,834,1,2,64,32,32,4.537744402455247e-08,0.0003137948988098,0.1148710019770078,3624.28662109375,8468.0,7631.70458984375
darcy,1429,1429,835,1,1,64,32,32,1.2040574404181825e-07,0.0007461085751284,0.1144277839921414,3624.9462890625,8468.0,7631.70458984375
darcy,1429,1429,836,1,2,64,32,32,4.772018158405445e-08,0.0003661086798288,0.1183259440003894,3624.9462890625,8468.0,7631.70458984375
darcy,1430,1430,837,1,1,64,32,32,6.828867782360248e-08,0.0004971068188409,0.1141813950089272,3624.9462890625,8468.0,7631.70458984375
darcy,1430,1430,838,1,2,64,32,32,8.89323743535897e-08,0.0006221040698773,0.1141448299749754,3624.9462890625,8468.0,7631.70458984375
darcy,1431,1431,839,1,1,64,32,32,3.47030066905063e-08,0.0002961356416129,0.1144883419910911,3624.28662109375,8468.0,7631.70458984375
darcy,1431,1431,840,1,2,64,32,32,3.4978413054886914e-08,0.0002744987386505,0.1138328379893209,3624.28662109375,8468.0,7631.70458984375
darcy,1432,1432,841,1,1,64,32,32,1.2204111499158898e-07,0.0007357473161179,0.1143597080081235,3624.9462890625,8468.0,7631.70458984375
darcy,1432,1432,842,1,2,64,32,32,4.541045939276955e-08,0.0003634986135591,0.1142001260013785,3624.9462890625,8468.0,7631.70458984375
darcy,1433,1433,843,1,1,64,32,32,4.662993546844518e-08,0.0004080611366132,0.1144316020072437,3624.28662109375,8468.0,7631.70458984375
darcy,1433,1433,844,1,2,64,32,32,1.0342438372390461e-07,0.0006764490626846,0.1141364189970772,3624.28662109375,8468.0,7631.70458984375
darcy,1434,1434,845,1,1,64,32,32,3.28711706742979e-08,0.0002645663154548,0.1141976060171146,3624.9462890625,8468.0,7631.70458984375
darcy,1434,1434,846,1,2,64,32,32,2.789512976164588e-08,0.0002229064133865,0.114035143982619,3624.9462890625,8468.0,7631.70458984375
darcy,1435,1435,847,1,1,64,32,32,1.1412334544047553e-07,0.0007017505736792,0.1144190159975551,3624.28662109375,8468.0,7631.70458984375
darcy,1435,1435,848,1,2,64,32,32,5.5030827894597685e-08,0.0004315797432344,0.114153795002494,3624.28662109375,8468.0,7631.70458984375
darcy,1436,1436,849,1,1,64,32,32,4.854202728665769e-08,0.0004127229029877,0.1139477210235782,3624.9462890625,8468.0,7631.70458984375
darcy,1436,1436,850,1,2,64,32,32,9.0662773288841e-08,0.0006316891989233,0.1138842329964973,3624.9462890625,8468.0,7631.70458984375
darcy,1437,1437,851,1,1,64,32,32,3.850563246032834e-08,0.0002929921519658,0.1139355860068462,3624.9462890625,8468.0,7631.70458984375
darcy,1437,1437,852,1,2,64,32,32,2.9229902054339615e-08,0.0001914240173693,0.1137773289810866,3624.9462890625,8468.0,7631.70458984375
darcy,1438,1438,853,1,1,64,32,32,1.0746504841563365e-07,0.0006873624692823,0.1171669199829921,3624.28662109375,8468.0,7631.70458984375
darcy,1438,1438,854,1,2,64,32,32,5.480512399458348e-08,0.0004398047836207,0.1167121519974898,3624.28662109375,8468.0,7631.70458984375
darcy,1439,1439,855,1,1,64,32,32,5.6925255620399184e-08,0.0004142821694477,0.1162562569952569,3624.9462890625,8468.0,7631.70458984375
darcy,1439,1439,856,1,2,64,32,32,7.833337889451286e-08,0.0005694463447995,0.116596734005725,3624.9462890625,8468.0,7631.70458984375
darcy,1440,1440,857,1,1,64,32,32,3.478832866221637e-08,0.0002948733821052,0.1165025509835686,3624.28662109375,8468.0,7631.70458984375
darcy,1440,1440,858,1,2,64,32,32,3.03921723343592e-08,0.000150757960992,0.1170164690120145,3624.28662109375,8468.0,7631.70458984375
darcy,1441,1441,859,1,1,64,32,32,1.1000264521499049e-07,0.0006703416908005,0.1161525990173686,3624.28662109375,8468.0,7631.70458984375
darcy,1441,1441,860,1,2,64,32,32,5.277525971791874e-08,0.0004233715272071,0.1205995159980375,3624.28662109375,8468.0,7631.70458984375
darcy,1442,1442,861,1,1,64,32,32,4.9600345164435566e-08,0.0003757943102452,0.1160693409910891,3624.9462890625,8468.0,7631.70458984375
darcy,1442,1442,862,1,2,64,32,32,8.983125354689038e-08,0.0005925841178059,0.1162566000130027,3624.9462890625,8468.0,7631.70458984375
darcy,1443,1443,863,1,1,64,32,32,2.9970919968036476e-08,0.0002542648626696,0.1160548329935409,3624.9462890625,8468.0,7631.70458984375
darcy,1443,1443,864,1,2,64,32,32,2.6552719134542716e-08,0.0001686151891189,0.118865136988461,3624.9462890625,8468.0,7631.70458984375
darcy,1444,1444,865,1,1,64,32,32,1.1559735213495514e-07,0.0006850247644471,0.1164997529995162,3624.28662109375,8468.0,7631.70458984375
darcy,1444,1444,866,1,2,64,32,32,4.5733827391813975e-08,0.000364603640383,0.1160242589830886,3624.28662109375,8468.0,7631.70458984375
darcy,1445,1445,867,1,1,64,32,32,5.298717198343184e-08,0.0004311621443959,0.1165792760148178,3624.9462890625,8468.0,7631.70458984375
darcy,1445,1445,868,1,2,64,32,32,7.482397279545695e-08,0.0005294615114618,0.1163239349843934,3624.9462890625,8468.0,7631.70458984375
darcy,1446,1446,869,1,1,64,32,32,3.5627824246375894e-08,0.0002605812464985,0.1144921969971619,3624.28662109375,8468.0,7631.70458984375
darcy,1446,1446,870,1,2,64,32,32,2.4985602919969097e-08,0.0001729900990226,0.1141594370128586,3624.28662109375,8468.0,7631.70458984375
darcy,1447,1447,871,1,1,64,32,32,1.1553903789263133e-07,0.0006941949948073,0.1143026220088359,3624.9462890625,8468.0,7631.70458984375
darcy,1447,1447,872,1,2,64,32,32,5.2832827890370027e-08,0.000375309339789,0.1141517700161784,3624.9462890625,8468.0,7631.70458984375
darcy,1448,1448,873,1,1,64,32,32,4.7754319609794045e-08,0.0004095270713472,0.1144205369928386,3624.28662109375,8468.0,7631.70458984375
darcy,1448,1448,874,1,2,64,32,32,7.965336834558913e-08,0.0005757874979656,0.1141537729999981,3624.28662109375,8468.0,7631.70458984375
darcy,1449,1449,875,1,1,64,32,32,4.211582904645184e-08,0.0002998207814225,0.1144142039993312,3624.9462890625,8468.0,7631.70458984375
darcy,1449,1449,876,1,2,64,32,32,3.1433181391093974e-08,0.0002034921149669,0.1143415910191834,3624.9462890625,8468.0,7631.70458984375
darcy,1450,1450,877,1,1,64,32,32,1.0436423281134921e-07,0.0006737509941449,0.1140790600038599,3624.9462890625,8468.0,7631.70458984375
darcy,1450,1450,878,1,2,64,32,32,5.841396699679535e-08,0.0004303044371615,0.1137211809982545,3624.9462890625,8468.0,7631.70458984375
darcy,1451,1451,879,1,1,64,32,32,4.5110557067573616e-08,0.0003669966359265,0.1149455890117678,3624.28662109375,8468.0,7631.70458984375
darcy,1451,1451,880,1,2,64,32,32,9.576556436741157e-08,0.00064061446817,0.1149848359928,3624.28662109375,8468.0,7631.70458984375
darcy,1452,1452,881,1,1,64,32,32,3.76318354256e-08,0.000297535727559,0.1139100969885476,3624.9462890625,8468.0,7631.70458984375
darcy,1452,1452,882,1,2,64,32,32,2.7090747423130782e-08,0.0001594445015692,0.1135376780002843,3624.9462890625,8468.0,7631.70458984375
darcy,1453,1453,883,1,1,64,32,32,1.0912199854828941e-07,0.0006894504668064,0.1141571370244491,3624.28662109375,8468.0,7631.70458984375
darcy,1453,1453,884,1,2,64,32,32,5.2825992469252014e-08,0.0004336583752222,0.1136995109845884,3624.28662109375,8468.0,7631.70458984375
darcy,1454,1454,885,1,1,64,32,32,4.7628674337829586e-08,0.0003809350487878,0.1145790189912077,3624.28662109375,8468.0,7631.70458984375
darcy,1454,1454,886,1,2,64,32,32,6.860557277832413e-08,0.0005159014489098,0.1140527200186625,3624.28662109375,8468.0,7631.70458984375
darcy,1455,1455,887,1,1,64,32,32,4.1790286786635995e-08,0.0003488889951982,0.1140697640075814,3624.9462890625,8468.0,7631.70458984375
darcy,1455,1455,888,1,2,64,32,32,2.605909621422597e-08,0.0001559612973987,0.1137938920001033,3624.9462890625,8468.0,7631.70458984375
darcy,1456,1456,889,1,1,64,32,32,9.0278632569607e-08,0.0006177037754538,0.1161379530094564,3624.9462890625,8468.0,7631.70458984375
darcy,1456,1456,890,1,2,64,32,32,5.8873812491810895e-08,0.0004205329987697,0.1146492819825653,3624.9462890625,8468.0,7631.70458984375
darcy,1457,1457,891,1,1,64,32,32,3.8511661415441274e-08,0.0003526314059645,0.1145414630009327,3624.28662109375,8468.0,7631.70458984375
darcy,1457,1457,892,1,2,64,32,32,7.31647560314741e-08,0.000540159948587,0.1143891929823439,3624.28662109375,8468.0,7631.70458984375
darcy,1458,1458,893,1,1,64,32,32,3.4467529275161723e-08,0.0002632428470722,0.1143886799982283,3624.9462890625,8468.0,7631.70458984375
darcy,1458,1458,894,1,2,64,32,32,3.1419002510801874e-08,0.0001940065657707,0.1141841289936564,3624.9462890625,8468.0,7631.70458984375
darcy,1459,1459,895,1,1,64,32,32,8.696515862993692e-08,0.0006020553671813,0.1142127469938714,3624.28662109375,8468.0,7631.70458984375
darcy,1459,1459,896,1,2,64,32,32,3.9737486190460913e-08,0.0003094493747187,0.1176642829959746,3624.28662109375,8468.0,7631.70458984375
darcy,1460,1460,897,1,1,64,32,32,4.659010244267847e-08,0.0003792314194448,0.1145075839885976,3624.9462890625,8468.0,7631.70458984375
darcy,1460,1460,898,1,2,64,32,32,6.757630188758412e-08,0.0005215315790416,0.1142770700098481,3624.9462890625,8468.0,7631.70458984375
darcy,1461,1461,899,1,1,64,32,32,2.7077010855691697e-08,0.0001765369290454,0.1141269780055154,3624.28662109375,8468.0,7631.70458984375
darcy,1461,1461,900,1,2,64,32,32,2.9401673984352783e-08,0.0001833986251641,0.1141102870169561,3624.28662109375,8468.0,7631.70458984375
darcy,1462,1462,901,1,1,64,32,32,8.73813092994169e-08,0.0006028484105292,0.1144246680196374,3624.9462890625,8468.0,7631.70458984375
darcy,1462,1462,902,1,2,64,32,32,4.304822809331199e-08,0.0003370474481893,0.1143270449829287,3624.9462890625,8468.0,7631.70458984375
darcy,1463,1463,903,1,1,64,32,32,5.838739269847793e-08,0.0004355356557587,0.114185428014025,3624.9462890625,8468.0,7631.70458984375
darcy,1463,1463,904,1,2,64,32,32,7.50599227217208e-08,0.0005473708936178,0.1138797469902783,3624.9462890625,8468.0,7631.70458984375
darcy,1464,1464,905,1,1,64,32,32,2.9179846094962162e-08,0.0002146835574623,0.1145564419857692,3624.28662109375,8468.0,7631.70458984375
darcy,1464,1464,906,1,2,64,32,32,3.2533183258465215e-08,0.0002729728381867,0.1140588450070936,3624.28662109375,8468.0,7631.70458984375
darcy,1465,1465,907,1,1,64,32,32,1.1210534012207066e-07,0.0006782642817277,0.1147129799937829,3624.9462890625,8468.0,7631.70458984375
darcy,1465,1465,908,1,2,64,32,32,3.7077107606364734e-08,0.000286057042056,0.1144185529847163,3624.9462890625,8468.0,7631.70458984375
darcy,1466,1466,909,1,1,64,32,32,6.078902714534706e-08,0.0004799195987949,0.1145215730066411,3624.28662109375,8468.0,7631.70458984375
darcy,1466,1466,910,1,2,64,32,32,8.630579628743362e-08,0.0005858067698387,0.1141303689801134,3624.28662109375,8468.0,7631.70458984375
darcy,1467,1467,911,1,1,64,32,32,3.0696522657081005e-08,0.0001879888941733,0.1143192220188211,3624.28662109375,8468.0,7631.70458984375
darcy,1467,1467,912,1,2,64,32,32,2.947420441046233e-08,0.0002466300621894,0.1143126479873899,3624.28662109375,8468.0,7631.70458984375
darcy,1468,1468,913,1,1,64,32,32,1.138114953391778e-07,0.0006932798198221,0.1144996749935671,3624.9462890625,8468.0,7631.70458984375
darcy,1468,1468,914,1,2,64,32,32,5.6705747653040817e-08,0.0003883551068717,0.1140944510116241,3624.9462890625,8468.0,7631.70458984375
darcy,1469,1469,915,1,1,64,32,32,5.667256175456715e-08,0.0004610256565355,0.1143757419777102,3624.9462890625,8468.0,7631.70458984375
darcy,1469,1469,916,1,2,64,32,32,1.0068587386058425e-07,0.0006612200756075,0.1145019050163682,3624.9462890625,8468.0,7631.70458984375
darcy,1470,1470,917,1,1,64,32,32,4.297157119026451e-08,0.0002915759388885,0.1148061869898811,3624.28662109375,8468.0,7631.70458984375
darcy,1470,1470,918,1,2,64,32,32,3.8452910189334943e-08,0.0002821770035383,0.1141240629949607,3624.28662109375,8468.0,7631.70458984375
darcy,1471,1471,919,1,1,64,32,32,1.221264795958632e-07,0.0007493076246799,0.1144258230051491,3624.9462890625,8468.0,7631.70458984375
darcy,1471,1471,920,1,2,64,32,32,6.498235194385417e-08,0.0004157841489923,0.1143223579856567,3624.9462890625,8468.0,7631.70458984375
darcy,1472,1472,921,1,1,64,32,32,5.6899263967125087e-08,0.0004517478932133,0.1147005450038705,3624.28662109375,8468.0,7631.70458984375
darcy,1472,1472,922,1,2,64,32,32,1.1124249255090036e-07,0.0007062299260876,0.1142553809913806,3624.28662109375,8468.0,7631.70458984375
darcy,1473,1473,923,1,1,64,32,32,4.4654651532027856e-08,0.0003054906101162,0.1145200380124151,3624.9462890625,8468.0,7631.70458984375
darcy,1473,1473,924,1,2,64,32,32,3.650562874213392e-08,0.0002783947699504,0.1142576799902599,3624.9462890625,8468.0,7631.70458984375
darcy,1474,1474,925,1,1,64,32,32,1.2035890506467697e-07,0.0007383979204629,0.1149265459971502,3624.28662109375,8468.0,7631.70458984375
darcy,1474,1474,926,1,2,64,32,32,5.890180787559984e-08,0.0004394219830315,0.1145041109994053,3624.28662109375,8468.0,7631.70458984375
darcy,1475,1475,927,1,1,64,32,32,5.2980112741352066e-08,0.0004118713242875,0.1152721830003429,3624.9462890625,8468.0,7631.70458984375
darcy,1475,1475,928,1,2,64,32,32,1.0825646512557797e-07,0.000699689982227,0.1148606729984749,3624.9462890625,8468.0,7631.70458984375
darcy,1476,1476,929,1,1,64,32,32,3.947151938632487e-08,0.0003287414316949,0.1153742320020683,3624.9462890625,8468.0,7631.70458984375
darcy,1476,1476,930,1,2,64,32,32,3.2769207791716326e-08,0.0002257381707488,0.1149917150032706,3624.9462890625,8468.0,7631.70458984375
darcy,1477,1477,931,1,1,64,32,32,1.2735259247165234e-07,0.0007545899606941,0.1151532320072874,3624.28662109375,8468.0,7631.70458984375
darcy,1477,1477,932,1,2,64,32,32,5.495581234526981e-08,0.0004332326118373,0.1150255060056224,3624.28662109375,8468.0,7631.70458984375
darcy,1478,1478,933,1,1,64,32,32,5.352200460606583e-08,0.00043610737537,0.1151715909945778,3624.9462890625,8468.0,7631.70458984375
darcy,1478,1478,934,1,2,64,32,32,8.326418310389273e-08,0.0006009806137806,0.1148275670129805,3624.9462890625,8468.0,7631.70458984375
darcy,1479,1479,935,1,1,64,32,32,4.034772160821376e-08,0.0003209436272697,0.1152157530013937,3624.28662109375,8468.0,7631.70458984375
darcy,1479,1479,936,1,2,64,32,32,2.7300419702669387e-08,0.0002041347400467,0.1149389100028202,3624.28662109375,8468.0,7631.70458984375
darcy,1480,1480,937,1,1,64,32,32,1.0689177543099505e-07,0.0006896830374406,0.1157277909805998,3624.28662109375,8468.0,7631.70458984375
darcy,1480,1480,938,1,2,64,32,32,5.2299135688826937e-08,0.0003931255540598,0.1151806450216099,3624.28662109375,8468.0,7631.70458984375
darcy,1481,1481,939,1,1,64,32,32,4.2909711339689245e-08,0.0003726955369048,0.1151029629982076,3624.9462890625,8468.0,7631.70458984375
darcy,1481,1481,940,1,2,64,32,32,8.684242658318908e-08,0.000621622571391,0.1148563149909023,3624.9462890625,8468.0,7631.70458984375
darcy,1482,1482,941,1,1,64,32,32,3.40630847972534e-08,0.000257804630492,0.1147198399994522,3624.9462890625,8468.0,7631.70458984375
darcy,1482,1482,942,1,2,64,32,32,2.83089427455252e-08,0.0001857046199164,0.1142285230162087,3624.9462890625,8468.0,7631.70458984375
darcy,1483,1483,943,1,1,64,32,32,1.0948424744583465e-07,0.0006975365371397,0.115055967005901,3624.28662109375,8468.0,7631.70458984375
darcy,1483,1483,944,1,2,64,32,32,4.2286334434038515e-08,0.0003458801596826,0.1142454140062909,3624.28662109375,8468.0,7631.70458984375
darcy,1484,1484,945,1,1,64,32,32,5.471265751566534e-08,0.0004285164033233,0.1147241180005949,3624.9462890625,8468.0,7631.70458984375
darcy,1484,1484,946,1,2,64,32,32,6.545285202719242e-08,0.000514255353176,0.114326753973728,3624.9462890625,8468.0,7631.70458984375
darcy,1485,1485,947,1,1,64,32,32,3.0440613585369654e-08,0.0002370884074615,0.114453146001324,3624.28662109375,8468.0,7631.70458984375
darcy,1485,1485,948,1,2,64,32,32,2.6443849776569553e-08,0.0001752137862443,0.113968099001795,3624.28662109375,8468.0,7631.70458984375
darcy,1486,1486,949,1,1,64,32,32,9.272732626186553e-08,0.0006317103802298,0.114013322017854,3624.9462890625,8468.0,7631.70458984375
darcy,1486,1486,950,1,2,64,32,32,4.702543066059661e-08,0.0003482848733759,0.1159964770195074,3624.9462890625,8468.0,7631.70458984375
darcy,1487,1487,951,1,1,64,32,32,5.016046955574893e-08,0.0004049972494606,0.1139298819762189,3624.28662109375,8468.0,7631.70458984375
darcy,1487,1487,952,1,2,64,32,32,7.52368904954892e-08,0.0005486877588416,0.1138268159993458,3624.28662109375,8468.0,7631.70458984375
darcy,1488,1488,953,1,1,64,32,32,2.5984251195154684e-08,0.0001975805279375,0.1144043929816689,3624.9462890625,8468.0,7631.70458984375
darcy,1488,1488,954,1,2,64,32,32,2.670650367520011e-08,0.0002057996954487,0.1144456409965641,3624.9462890625,8468.0,7631.70458984375
darcy,1489,1489,955,1,1,64,32,32,1.0184269427782057e-07,0.0006504552926582,0.1143755670054815,3624.9462890625,8468.0,7631.70458984375
darcy,1489,1489,956,1,2,64,32,32,3.8251133815947476e-08,0.0003001286463876,0.1138306350039783,3624.9462890625,8468.0,7631.70458984375
darcy,1490,1490,957,1,1,64,32,32,5.38013722461983e-08,0.000453003889846,0.1145415380015038,3624.28662109375,8468.0,7631.70458984375
darcy,1490,1490,958,1,2,64,32,32,7.511768984613809e-08,0.0005433352247894,0.1142195419815834,3624.28662109375,8468.0,7631.70458984375
darcy,1491,1491,959,1,1,64,32,32,3.0697261621526195e-08,0.0002043471686491,0.1139902739960234,3624.9462890625,8468.0,7631.70458984375
darcy,1491,1491,960,1,2,64,32,32,3.4055148034894955e-08,0.0002774715277672,0.1138025909895077,3624.9462890625,8468.0,7631.70458984375
darcy,1492,1492,961,1,1,64,32,32,9.95514497503791e-08,0.0006430273217421,0.1146818570268806,3624.28662109375,8468.0,7631.70458984375
darcy,1492,1492,962,1,2,64,32,32,4.6408768383798815e-08,0.0003521082670344,0.1143645819975063,3624.28662109375,8468.0,7631.70458984375
darcy,1493,1493,963,1,1,64,32,32,5.332778130195948e-08,0.0004420573963219,0.1146288509771693,3624.28662109375,8468.0,7631.70458984375
darcy,1493,1493,964,1,2,64,32,32,1.0000814398836157e-07,0.0006645747779418,0.1140553729783278,3624.28662109375,8468.0,7631.70458984375
darcy,1494,1494,965,1,1,64,32,32,3.8944268254681453e-08,0.0002830108174118,0.1142757819907274,3624.9462890625,8468.0,7631.70458984375
darcy,1494,1494,966,1,2,64,32,32,3.774488632757311e-08,0.0003184939151677,0.1140498140011914,3624.9462890625,8468.0,7631.70458984375
darcy,1495,1495,967,1,1,64,32,32,1.2281675765279942e-07,0.0007496362881033,0.1146703650010749,3624.9462890625,8468.0,7631.70458984375
darcy,1495,1495,968,1,2,64,32,32,5.871669372936594e-08,0.0004035047132843,0.1148725099919829,3624.9462890625,8468.0,7631.70458984375
darcy,1496,1496,969,1,1,64,32,32,6.321003098719302e-08,0.0005008643796078,0.1167830709891859,3624.28662109375,8468.0,7631.70458984375
darcy,1496,1496,970,1,2,64,32,32,9.48701739389435e-08,0.0006488463120424,0.1167699149809777,3624.28662109375,8468.0,7631.70458984375
darcy,1497,1497,971,1,1,64,32,32,4.0604085427276e-08,0.0003139579587836,0.1144262690213508,3624.9462890625,8468.0,7631.70458984375
darcy,1497,1497,972,1,2,64,32,32,3.891098643293845e-08,0.0002758610534836,0.1143526890082284,3624.9462890625,8468.0,7631.70458984375
darcy,1498,1498,973,1,1,64,32,32,1.1798667287621357e-07,0.000737291296725,0.1144169100152794,3624.28662109375,8468.0,7631.70458984375
darcy,1498,1498,974,1,2,64,32,32,5.7715290324722446e-08,0.0004136199048274,0.114611294993665,3624.28662109375,8468.0,7631.70458984375
darcy,1499,1499,975,1,1,64,32,32,5.8418180515218416e-08,0.0004517005971754,0.1146938170131761,3624.9462890625,8468.0,7631.70458984375
darcy,1499,1499,976,1,2,64,32,32,8.8971304990082e-08,0.000627980281701,0.1142657099990174,3624.9462890625,8468.0,7631.70458984375
darcy,1500,1500,977,1,1,64,32,32,3.947752702515572e-08,0.0003114954065271,0.1145422320114448,3624.28662109375,8468.0,7631.70458984375
darcy,1500,1500,978,1,2,64,32,32,3.507139823000216e-08,0.0002625765843895,0.1140874319826252,3624.28662109375,8468.0,7631.70458984375
darcy,1501,1501,979,1,1,64,32,32,1.0813752027161173e-07,0.0006972135079372,0.1146260839886963,3624.9462890625,8468.0,7631.70458984375
darcy,1501,1501,980,1,2,64,32,32,4.924372376535757e-08,0.0003803346932393,0.114607111987425,3624.9462890625,8468.0,7631.70458984375
darcy,1502,1502,981,1,1,64,32,32,5.258019086795685e-08,0.0004403556590917,0.1146056199795566,3624.9462890625,8468.0,7631.70458984375
darcy,1502,1502,982,1,2,64,32,32,8.43160492536299e-08,0.0006013439210417,0.1144804729847237,3624.9462890625,8468.0,7631.70458984375
darcy,1503,1503,983,1,1,64,32,32,3.0362507175141225e-08,0.0002560517147614,0.114528820005944,3624.28662109375,8468.0,7631.70458984375
darcy,1503,1503,984,1,2,64,32,32,2.8991621547902472e-08,0.0002335078137747,0.1140012760006357,3624.28662109375,8468.0,7631.70458984375
darcy,1504,1504,985,1,1,64,32,32,9.646935694718196e-08,0.0006404363420261,0.1143074719875585,3624.9462890625,8468.0,7631.70458984375
darcy,1504,1504,986,1,2,64,32,32,5.422927173981407e-08,0.0004356017826328,0.1139191309921443,3624.9462890625,8468.0,7631.70458984375
darcy,1505,1505,987,1,1,64,32,32,5.0863260270261896e-08,0.0004267967248217,0.1144893479940947,3624.28662109375,8468.0,7631.70458984375
darcy,1505,1505,988,1,2,64,32,32,8.391369732407838e-08,0.0006152925209104,0.1137540010095108,3624.28662109375,8468.0,7631.70458984375
darcy,1506,1506,989,1,1,64,32,32,3.5627852668085325e-08,0.0002995766977291,0.1146521710033994,3624.28662109375,8468.0,7631.70458984375
darcy,1506,1506,990,1,2,64,32,32,2.459873016391612e-08,0.0001975796298457,0.1142122899764217,3624.28662109375,8468.0,7631.70458984375
darcy,1507,1507,991,1,1,64,32,32,1.2017089545679482e-07,0.0007368086030597,0.1145423889975063,3624.9462890625,8468.0,7631.70458984375
darcy,1507,1507,992,1,2,64,32,32,4.7330246388810344e-08,0.0003878865693355,0.1140767490142025,3624.9462890625,8468.0,7631.70458984375
darcy,1508,1508,993,1,1,64,32,32,4.595911562432775e-08,0.0003862794986903,0.1146842390007805,3624.9462890625,8468.0,7631.70458984375
darcy,1508,1508,994,1,2,64,32,32,8.61229807469499e-08,0.0006174625773426,0.114495193993207,3624.9462890625,8468.0,7631.70458984375
darcy,1509,1509,995,1,1,64,32,32,4.077288195958317e-08,0.0003443072349234,0.1142270890122745,3624.28662109375,8468.0,7631.70458984375
darcy,1509,1509,996,1,2,64,32,32,3.1111230924807394e-08,0.0002736013176924,0.1137267489975784,3624.28662109375,8468.0,7631.70458984375
darcy,1510,1510,997,1,1,64,32,32,1.0040985642945088e-07,0.0006660037494609,0.1144033890159335,3624.9462890625,8468.0,7631.70458984375
darcy,1510,1510,998,1,2,64,32,32,5.5352604277914e-08,0.0004215447837155,0.1140459989837836,3624.9462890625,8468.0,7631.70458984375
darcy,1511,1511,999,1,1,64,32,32,4.678904730326394e-08,0.0004000431617221,0.1146410270011983,3624.28662109375,8468.0,7631.70458984375
darcy,1511,1511,1000,1,2,64,32,32,9.633677677811649e-08,0.0006488469599072,0.1145979090069886,3624.28662109375,8468.0,7631.70458984375
darcy,1512,1512,1001,1,1,64,32,32,3.4853751884611484e-08,0.0002910381595708,0.1145363850228022,3624.9462890625,8468.0,7631.70458984375
darcy,1512,1512,1002,1,2,64,32,32,2.9789237743216294e-08,0.0002393441089361,0.1139922120200935,3624.9462890625,8468.0,7631.70458984375
darcy,1513,1513,1003,1,1,64,32,32,1.0576960818298177e-07,0.0006859783237912,0.1175656330015044,3624.28662109375,8468.0,7631.70458984375
darcy,1513,1513,1004,1,2,64,32,32,6.105063476979923e-08,0.0004434101057002,0.1146154149901121,3624.28662109375,8468.0,7631.70458984375
darcy,1514,1514,1005,1,1,64,32,32,5.281314230387579e-08,0.0004384985321442,0.1147338240116369,3624.9462890625,8468.0,7631.70458984375
darcy,1514,1514,1006,1,2,64,32,32,9.504306319740864e-08,0.0006420627964348,0.1141622220166027,3624.9462890625,8468.0,7631.70458984375
darcy,1515,1515,1007,1,1,64,32,32,3.342031718034377e-08,0.000275717260848,0.117043068021303,3624.9462890625,8468.0,7631.70458984375
darcy,1515,1515,1008,1,2,64,32,32,2.7856511763957318e-08,0.0002037150385786,0.1142904890002682,3624.9462890625,8468.0,7631.70458984375
darcy,1516,1516,1009,1,1,64,32,32,1.1943801325742245e-07,0.0007312860513982,0.114695957978256,3624.28662109375,8468.0,7631.70458984375
darcy,1516,1516,1010,1,2,64,32,32,5.5484729699628594e-08,0.0004113431024677,0.1140503720089327,3624.28662109375,8468.0,7631.70458984375
darcy,1517,1517,1011,1,1,64,32,32,5.175106565502575e-08,0.0004328603593914,0.1145171739917714,3624.9462890625,8468.0,7631.70458984375
darcy,1517,1517,1012,1,2,64,32,32,9.139434098415222e-08,0.0006344383238596,0.1141159829858224,3624.9462890625,8468.0,7631.70458984375
darcy,1518,1518,1013,1,1,64,32,32,4.0148847801901866e-08,0.0003123080093098,0.1148819900117814,3624.28662109375,8468.0,7631.70458984375
darcy,1518,1518,1014,1,2,64,32,32,3.0015154806051214e-08,0.0002525252442121,0.1141304750053677,3624.28662109375,8468.0,7631.70458984375
darcy,1519,1519,1015,1,1,64,32,32,1.1556952017599543e-07,0.000718501432683,0.1144950489979237,3624.28662109375,8468.0,7631.70458984375
darcy,1519,1519,1016,1,2,64,32,32,6.048500722499739e-08,0.0004458371217037,0.1158148240065202,3624.28662109375,8468.0,7631.70458984375
darcy,1520,1520,1017,1,1,64,32,32,4.9021863901543845e-08,0.0004008164290431,0.1144694109971169,3624.9462890625,8468.0,7631.70458984375
darcy,1520,1520,1018,1,2,64,32,32,1.0997580091043346e-07,0.0007132428224143,0.1179559740121476,3624.9462890625,8468.0,7631.70458984375
darcy,1521,1521,1019,1,1,64,32,32,5.0205951396264936e-08,0.0003744437899635,0.1145485620072577,3624.9462890625,8468.0,7631.70458984375
darcy,1521,1521,1020,1,2,64,32,32,2.9626656683490186e-08,0.0002625974626032,0.1141701849992387,3624.9462890625,8468.0,7631.70458984375
darcy,1522,1522,1021,1,1,64,32,32,1.2768586543643326e-07,0.000765917839525,0.1145694489823654,3624.28662109375,8468.0,7631.70458984375
darcy,1522,1522,1022,1,2,64,32,32,6.816931374942214e-08,0.0004909224378261,0.1144016150210518,3624.28662109375,8468.0,7631.70458984375
darcy,1523,1523,1023,1,1,64,32,32,4.710144807518191e-08,0.0003927628266009,0.1147948639991227,3624.9462890625,8468.0,7631.70458984375
darcy,1523,1523,1024,1,2,64,32,32,1.0558942165062037e-07,0.000690908636578,0.1143411969824228,3624.9462890625,8468.0,7631.70458984375
darcy,1524,1524,1025,1,1,64,32,32,5.3468141913981526e-08,0.0004187218301491,0.1144234130042605,3624.28662109375,8468.0,7631.70458984375
darcy,1524,1524,1026,1,2,64,32,32,2.749630390042057e-08,0.0002046613143275,0.1144526340067386,3624.28662109375,8468.0,7631.70458984375
darcy,1525,1525,1027,1,1,64,32,32,1.3481718497132533e-07,0.0007922585040621,0.1142004980065394,3624.9462890625,8468.0,7631.70458984375
darcy,1525,1525,1028,1,2,64,32,32,5.941157255051621e-08,0.0004318378253818,0.1141207740001846,3624.9462890625,8468.0,7631.70458984375
darcy,1526,1526,1029,1,1,64,32,32,4.220193616788493e-08,0.0003412148878528,0.1147871059947647,3624.28662109375,8468.0,7631.70458984375
darcy,1526,1526,1030,1,2,64,32,32,9.093422193018341e-08,0.0006310175991981,0.1144117850053589,3624.28662109375,8468.0,7631.70458984375
darcy,1527,1527,1031,1,1,64,32,32,4.152720478600713e-08,0.0003336247909782,0.1149341769923921,3624.9462890625,8468.0,7631.70458984375
darcy,1527,1527,1032,1,2,64,32,32,2.806039844927e-08,0.0001449667192892,0.114137906988617,3624.9462890625,8468.0,7631.70458984375
darcy,1528,1528,1033,1,1,64,32,32,1.0283893203677509e-07,0.0006705392250295,0.1144638069963548,3624.9462890625,8468.0,7631.70458984375
darcy,1528,1528,1034,1,2,64,32,32,5.4829317974736114e-08,0.0004162044978947,0.1143397660052869,3624.9462890625,8468.0,7631.70458984375
darcy,1529,1529,1035,1,1,64,32,32,4.236537520796446e-08,0.0003469197432565,0.1166038700030185,3624.28662109375,8468.0,7631.70458984375
darcy,1529,1529,1036,1,2,64,32,32,7.507642152404514e-08,0.0005571707896422,0.1163575899845454,3624.28662109375,8468.0,7631.70458984375
darcy,1530,1530,1037,1,1,64,32,32,3.3032133472943315e-08,0.0002586482847622,0.116772851004498,3624.9462890625,8468.0,7631.70458984375
darcy,1530,1530,1038,1,2,64,32,32,2.5880735776695477e-08,0.0001630781730156,0.1163735890004318,3624.9462890625,8468.0,7631.70458984375
darcy,1531,1531,1039,1,1,64,32,32,8.73900418696394e-08,0.0006074836232828,0.1165408789820503,3624.28662109375,8468.0,7631.70458984375
darcy,1531,1531,1040,1,2,64,32,32,4.362900085652655e-08,0.0003524582916666,0.1165014150028582,3624.28662109375,8468.0,7631.70458984375
darcy,1532,1532,1041,1,1,64,32,32,4.4140247013046974e-08,0.0003818865072495,0.116813809989253,3624.28662109375,8468.0,7631.70458984375
darcy,1532,1532,1042,1,2,64,32,32,6.954167020012393e-08,0.0005423706740075,0.1169565170130226,3624.28662109375,8468.0,7631.70458984375
darcy,1533,1533,1043,1,1,64,32,32,2.772937079953408e-08,0.0001995194327399,0.1169412820017896,3624.9462890625,8468.0,7631.70458984375
darcy,1533,1533,1044,1,2,64,32,32,2.5530315639343826e-08,0.0001753984684011,0.1168456080195028,3624.9462890625,8468.0,7631.70458984375
darcy,1534,1534,1045,1,1,64,32,32,8.608414958644063e-08,0.000608096843456,0.1165641139959916,3624.9462890625,8468.0,7631.70458984375
darcy,1534,1534,1046,1,2,64,32,32,4.8531145324659526e-08,0.000382520343967,0.116555918008089,3624.9462890625,8468.0,7631.70458984375
darcy,1535,1535,1047,1,1,64,32,32,4.8457067691742857e-08,0.000387435491623,0.1174518119951244,3624.28662109375,8468.0,7631.70458984375
darcy,1535,1535,1048,1,2,64,32,32,7.851544836512404e-08,0.0005778020742076,0.1168654150096699,3624.28662109375,8468.0,7631.70458984375
darcy,1536,1536,1049,1,1,64,32,32,3.41799406555765e-08,0.0003049405013684,0.1165670719929039,3624.9462890625,8468.0,7631.70458984375
darcy,1536,1536,1050,1,2,64,32,32,2.9697945436168996e-08,0.000234457439714,0.1163643160252831,3624.9462890625,8468.0,7631.70458984375
darcy,1537,1537,1051,1,1,64,32,32,1.127250897070553e-07,0.0007003461268731,0.1164535709831398,3624.28662109375,8468.0,7631.70458984375
darcy,1537,1537,1052,1,2,64,32,32,5.236655908902321e-08,0.0003916469905111,0.1169276059954427,3624.28662109375,8468.0,7631.70458984375
darcy,1538,1538,1053,1,1,64,32,32,5.336813302392329e-08,0.0004278622492651,0.1167559750028885,3624.9462890625,8468.0,7631.70458984375
darcy,1538,1538,1054,1,2,64,32,32,8.316960986576306e-08,0.0005851306437603,0.1163660490128677,3624.9462890625,8468.0,7631.70458984375
darcy,1539,1539,1055,1,1,64,32,32,3.9084515179865775e-08,0.0002963955576171,0.1163303290086332,3624.28662109375,8468.0,7631.70458984375
darcy,1539,1539,1056,1,2,64,32,32,2.3617086952754107e-08,0.0001953554352483,0.1164882890006993,3624.28662109375,8468.0,7631.70458984375
darcy,1540,1540,1057,1,1,64,32,32,1.0395147853614617e-07,0.000672472764647,0.114388522983063,3624.9462890625,8468.0,7631.70458984375
darcy,1540,1540,1058,1,2,64,32,32,6.731132629056448e-08,0.0004519860907872,0.1137265819997992,3624.9462890625,8468.0,7631.70458984375
darcy,1541,1541,1059,1,1,64,32,32,4.0759399411172126e-08,0.00036364183912,0.1143616740009747,3624.9462890625,8468.0,7631.70458984375
darcy,1541,1541,1060,1,2,64,32,32,1.0183476462088949e-07,0.0006700659058413,0.1142283829976804,3624.9462890625,8468.0,7631.70458984375
darcy,1542,1542,1061,1,1,64,32,32,3.850033181151957e-08,0.0003065306708207,0.1145299070049077,3624.28662109375,8468.0,7631.70458984375
darcy,1542,1542,1062,1,2,64,32,32,2.7216785269956745e-08,0.0001835603232958,0.1139566519996151,3624.28662109375,8468.0,7631.70458984375
darcy,1543,1543,1063,1,1,64,32,32,1.2425766726664733e-07,0.0007469261318678,0.1143036890134681,3624.9462890625,8468.0,7631.70458984375
darcy,1543,1543,1064,1,2,64,32,32,5.0145199992357454e-08,0.0003977528396396,0.1139185259817168,3624.9462890625,8468.0,7631.70458984375
darcy,1544,1544,1065,1,1,64,32,32,4.0346954222059146e-08,0.0003529894244692,0.1147578019881621,3624.28662109375,8468.0,7631.70458984375
darcy,1544,1544,1066,1,2,64,32,32,9.765952313500749e-08,0.0006587688071293,0.1138567449816037,3624.28662109375,8468.0,7631.70458984375
darcy,1545,1545,1067,1,1,64,32,32,4.164443367926651e-08,0.0003364616982352,0.1148316920152865,3624.28662109375,8468.0,7631.70458984375
darcy,1545,1545,1068,1,2,64,32,32,2.888238093134987e-08,0.0002208132820817,0.1149952039995696,3624.28662109375,8468.0,7631.70458984375
darcy,1546,1546,1069,1,1,64,32,32,1.1548396372518257e-07,0.0007214302682437,0.1144054589967709,3624.9462890625,8468.0,7631.70458984375
darcy,1546,1546,1070,1,2,64,32,32,5.283481385731648e-08,0.0003983668559715,0.114068672992289,3624.9462890625,8468.0,7631.70458984375
darcy,1547,1547,1071,1,1,64,32,32,3.612583299172911e-08,0.0003104246976674,0.114400562015362,3624.9462890625,8468.0,7631.70458984375
darcy,1547,1547,1072,1,2,64,32,32,1.1311091441257305e-07,0.0007267820211889,0.1139021859853528,3624.9462890625,8468.0,7631.70458984375
darcy,1548,1548,1073,1,1,64,32,32,3.406238135994499e-08,0.0003046070429378,0.1142568670038599,3624.28662109375,8468.0,7631.70458984375
darcy,1548,1548,1074,1,2,64,32,32,3.1032090674898434e-08,0.000219195514884,0.113639087008778,3624.28662109375,8468.0,7631.70458984375
darcy,1549,1549,1075,1,1,64,32,32,1.1325473536771825e-07,0.000704146400927,0.1144332660187501,3624.9462890625,8468.0,7631.70458984375
darcy,1549,1549,1076,1,2,64,32,32,5.440413985979831e-08,0.000439867732394,0.1141021859948523,3624.9462890625,8468.0,7631.70458984375
darcy,1550,1550,1077,1,1,64,32,32,4.5818207894399166e-08,0.0003997172825028,0.1147145669965539,3624.28662109375,8468.0,7631.70458984375
darcy,1550,1550,1078,1,2,64,32,32,8.073854473877874e-08,0.0005897795873741,0.113964350981405,3624.28662109375,8468.0,7631.70458984375
darcy,1551,1551,1079,1,1,64,32,32,4.293890043527426e-08,0.0003609920101304,0.1150827000092249,3624.9462890625,8468.0,7631.70458984375
darcy,1551,1551,1080,1,2,64,32,32,2.8959643572079585e-08,0.0002264440257807,0.1154390669835265,3624.9462890625,8468.0,7631.70458984375
darcy,1552,1552,1081,1,1,64,32,32,9.84676518100969e-08,0.0006533277802314,0.1143983429938089,3624.28662109375,8468.0,7631.70458984375
darcy,1552,1552,1082,1,2,64,32,32,5.92303486257606e-08,0.0004362968483471,0.1142022330022882,3624.28662109375,8468.0,7631.70458984375
darcy,1553,1553,1083,1,1,64,32,32,4.034433587207786e-08,0.0003594351900891,0.1146089829853735,3624.9462890625,8468.0,7631.70458984375
darcy,1553,1553,1084,1,2,64,32,32,8.469223899965074e-08,0.0006093820360807,0.114358449995052,3624.9462890625,8468.0,7631.70458984375
darcy,1554,1554,1085,1,1,64,32,32,4.317318769153644e-08,0.0003424925442062,0.1146845360053703,3624.9462890625,8468.0,7631.70458984375
darcy,1554,1554,1086,1,2,64,32,32,3.0831081687665574e-08,0.0002610499721142,0.1141571970074437,3624.9462890625,8468.0,7631.70458984375
darcy,1555,1555,1087,1,1,64,32,32,9.555876800959596e-08,0.0006475966827158,0.1144780889735557,3624.28662109375,8468.0,7631.70458984375
darcy,1555,1555,1088,1,2,64,32,32,5.1494609465407855e-08,0.0003962588152925,0.1143742689746432,3624.28662109375,8468.0,7631.70458984375
darcy,1556,1556,1089,1,1,64,32,32,5.2488033475128766e-08,0.0004240007451232,0.1145612710097339,3624.9462890625,8468.0,7631.70458984375
darcy,1556,1556,1090,1,2,64,32,32,7.313793304319915e-08,0.0005580676622208,0.1141788900131359,3624.9462890625,8468.0,7631.70458984375
darcy,1557,1557,1091,1,1,64,32,32,3.066206133439664e-08,0.0002496586701872,0.1145984620088711,3624.28662109375,8468.0,7631.70458984375
darcy,1557,1557,1092,1,2,64,32,32,2.9478872676236282e-08,0.0002000206250262,0.1140493810235057,3624.28662109375,8468.0,7631.70458984375
darcy,1558,1558,1093,1,1,64,32,32,9.564400471617773e-08,0.0006311358469705,0.114428647008026,3624.28662109375,8468.0,7631.70458984375
darcy,1558,1558,1094,1,2,64,32,32,4.367162276253112e-08,0.0003511401575634,0.1143775400123559,3624.28662109375,8468.0,7631.70458984375
darcy,1559,1559,1095,1,1,64,32,32,4.7597989549785786e-08,0.0004077173178555,0.1144325970089994,3624.9462890625,8468.0,7631.70458984375
darcy,1559,1559,1096,1,2,64,32,32,7.816392155746145e-08,0.0005619188767102,0.1141233879898209,3624.9462890625,8468.0,7631.70458984375
darcy,1560,1560,1097,1,1,64,32,32,2.8367811211182925e-08,0.0002057475143508,0.1146401989972218,3624.9462890625,8468.0,7631.70458984375
darcy,1560,1560,1098,1,2,64,32,32,3.0967591158059804e-08,0.0002528662454188,0.1143723700079135,3624.9462890625,8468.0,7631.70458984375
darcy,1561,1561,1099,1,1,64,32,32,1.0146290208012942e-07,0.0006503077142968,0.1147933059837669,3624.28662109375,8468.0,7631.70458984375
darcy,1561,1561,1100,1,2,64,32,32,3.2216846079791146e-08,0.000270214217232,0.1142414469795767,3624.28662109375,8468.0,7631.70458984375
darcy,1562,1562,1101,1,1,64,32,32,5.014356219135153e-08,0.0004322684317092,0.1147208610200323,3624.9462890625,8468.0,7631.70458984375
darcy,1562,1562,1102,1,2,64,32,32,8.416743213501833e-08,0.0005912858256074,0.1144830030098091,3624.9462890625,8468.0,7631.70458984375
darcy,1563,1563,1103,1,1,64,32,32,3.1817684487123194e-08,0.0002241540543452,0.1144287690112833,3624.28662109375,8468.0,7631.70458984375
darcy,1563,1563,1104,1,2,64,32,32,4.0265103251613255e-08,0.0003350834238738,0.1143125850067008,3624.28662109375,8468.0,7631.70458984375
darcy,1564,1564,1105,1,1,64,32,32,1.2154629303040565e-07,0.0007132299920351,0.1142686859820969,3624.9462890625,8468.0,7631.70458984375
darcy,1564,1564,1106,1,2,64,32,32,3.688024463599504e-08,0.0002814327355863,0.114212493004743,3624.9462890625,8468.0,7631.70458984375
darcy,1565,1565,1107,1,1,64,32,32,6.029218724279417e-08,0.0004902752393018,0.114273476996459,3624.28662109375,8468.0,7631.70458984375
darcy,1565,1565,1108,1,2,64,32,32,9.534814893186194e-08,0.0006378150642953,0.1140649109729565,3624.28662109375,8468.0,7631.70458984375
darcy,1566,1566,1109,1,1,64,32,32,3.2561160878685775e-08,0.0002093902761151,0.114637065998977,3624.9462890625,8468.0,7631.70458984375
darcy,1566,1566,1110,1,2,64,32,32,3.1443256887087045e-08,0.0002468519836632,0.1140161440125666,3624.9462890625,8468.0,7631.70458984375
darcy,1567,1567,1111,1,1,64,32,32,1.211323166216971e-07,0.0007342851745594,0.1146394219831563,3624.9462890625,8468.0,7631.70458984375
darcy,1567,1567,1112,1,2,64,32,32,5.600368879754569e-08,0.0003947750508208,0.1141421080101281,3624.9462890625,8468.0,7631.70458984375
darcy,1568,1568,1113,1,1,64,32,32,5.4112980762965896e-08,0.0004437972449247,0.1141471979790367,3624.28662109375,8468.0,7631.70458984375
darcy,1568,1568,1114,1,2,64,32,32,9.916259102737969e-08,0.0006679283399529,0.1150849559926427,3624.28662109375,8468.0,7631.70458984375
darcy,1569,1569,1115,1,1,64,32,32,3.76077373687167e-08,0.0002751107205697,0.1146767800091765,3624.9462890625,8468.0,7631.70458984375
darcy,1569,1569,1116,1,2,64,32,32,3.265468961899387e-08,0.0002275614454687,0.1143785929889418,3624.9462890625,8468.0,7631.70458984375
darcy,1570,1570,1117,1,1,64,32,32,1.1596327453844425e-07,0.00073573908159,0.1144145730067975,3624.28662109375,8468.0,7631.70458984375
darcy,1570,1570,1118,1,2,64,32,32,5.6441109563820646e-08,0.0004091327324362,0.1141965819988399,3624.28662109375,8468.0,7631.70458984375
darcy,1571,1571,1119,1,1,64,32,32,5.086374699203589e-08,0.0004105971579993,0.1147477369813714,3624.28662109375,8468.0,7631.70458984375
darcy,1571,1571,1120,1,2,64,32,32,9.303592918286084e-08,0.0006372075947545,0.1174472660059109,3624.28662109375,8468.0,7631.70458984375
darcy,1572,1572,1121,1,1,64,32,32,4.160654754059578e-08,0.0003269371159234,0.1145271270070225,3624.9462890625,8468.0,7631.70458984375
darcy,1572,1572,1122,1,2,64,32,32,2.9093774500665862e-08,0.0002200113291367,0.1146158740157261,3624.9462890625,8468.0,7631.70458984375
darcy,1573,1573,1123,1,1,64,32,32,1.0828793506334479e-07,0.0006989317729631,0.1147008370026014,3624.9462890625,8468.0,7631.70458984375
darcy,1573,1573,1124,1,2,64,32,32,6.12894623941429e-08,0.0004523227355636,0.1139976279810071,3624.9462890625,8468.0,7631.70458984375
darcy,1574,1574,1125,1,1,64,32,32,4.5662783776379e-08,0.0003853055748308,0.1145774090255145,3624.28662109375,8468.0,7631.70458984375
darcy,1574,1574,1126,1,2,64,32,32,9.01965151456352e-08,0.0006330417031241,0.1144200910057406,3624.28662109375,8468.0,7631.70458984375
darcy,1575,1575,1127,1,1,64,32,32,4.111781848337159e-08,0.0003656642239331,0.1143200439983047,3624.9462890625,8468.0,7631.70458984375
darcy,1575,1575,1128,1,2,64,32,32,3.178669771841669e-08,0.0002376578049392,0.1143610800208989,3624.9462890625,8468.0,7631.70458984375
darcy,1576,1576,1129,1,1,64,32,32,1.10061748159751e-07,0.0006945205444184,0.1145208640082273,3624.28662109375,8468.0,7631.70458984375
darcy,1576,1576,1130,1,2,64,32,32,4.997348668211998e-08,0.0004016730386762,0.114201596006751,3624.28662109375,8468.0,7631.70458984375
darcy,1577,1577,1131,1,1,64,32,32,4.119265994972921e-08,0.000363078309903,0.1140768309996929,3624.9462890625,8468.0,7631.70458984375
darcy,1577,1577,1132,1,2,64,32,32,8.4088284779682e-08,0.00060700810961,0.1140775899984873,3624.9462890625,8468.0,7631.70458984375
darcy,1578,1578,1133,1,1,64,32,32,3.536083781341404e-08,0.0003073920605879,0.1140259910025633,3624.28662109375,8468.0,7631.70458984375
darcy,1578,1578,1134,1,2,64,32,32,2.6629262350752473e-08,0.0001984805005979,0.1145641870098188,3624.28662109375,8468.0,7631.70458984375
darcy,1579,1579,1135,1,1,64,32,32,1.0229698688135613e-07,0.0006710616115457,0.1147710040095262,3624.9462890625,8468.0,7631.70458984375
darcy,1579,1579,1136,1,2,64,32,32,4.7826620885871314e-08,0.0003688390267068,0.1147345619974657,3624.9462890625,8468.0,7631.70458984375
darcy,1580,1580,1137,1,1,64,32,32,4.36744578280468e-08,0.0003841692570632,0.1143544689984992,3624.9462890625,8468.0,7631.70458984375
darcy,1580,1580,1138,1,2,64,32,32,7.333811424814486e-08,0.0005546142146061,0.1141145229921676,3624.9462890625,8468.0,7631.70458984375
darcy,1581,1581,1139,1,1,64,32,32,3.1557455315578415e-08,0.0002416931873049,0.1164450859942007,3624.28662109375,8468.0,7631.70458984375
darcy,1581,1581,1140,1,2,64,32,32,2.7006365144188752e-08,0.0001870543101961,0.115831901988713,3624.28662109375,8468.0,7631.70458984375
darcy,1582,1582,1141,1,1,64,32,32,9.407435896946481e-08,0.0006454607297179,0.116663430002518,3624.9462890625,8468.0,7631.70458984375
darcy,1582,1582,1142,1,2,64,32,32,4.164084188573725e-08,0.0003105039531957,0.1162814559938851,3624.9462890625,8468.0,7631.70458984375
darcy,1583,1583,1143,1,1,64,32,32,4.6770818329378017e-08,0.0003887005997148,0.1164440940192435,3624.28662109375,8468.0,7631.70458984375
darcy,1583,1583,1144,1,2,64,32,32,7.224795695037757e-08,0.0005537077178282,0.1161592089920304,3624.28662109375,8468.0,7631.70458984375
darcy,1584,1584,1145,1,1,64,32,32,2.83615477769672e-08,0.0002155345362831,0.1166817779885605,3624.28662109375,8468.0,7631.70458984375
darcy,1584,1584,1146,1,2,64,32,32,3.5828001898607915e-08,0.000256153518119,0.1162697550025768,3624.28662109375,8468.0,7631.70458984375
darcy,1585,1585,1147,1,1,64,32,32,9.855757809873469e-08,0.0006416863833627,0.1167709339933935,3624.9462890625,8468.0,7631.70458984375
darcy,1585,1585,1148,1,2,64,32,32,3.2398094873542505e-08,0.000275880935241,0.1163856289931573,3624.9462890625,8468.0,7631.70458984375
darcy,1586,1586,1149,1,1,64,32,32,5.198877772727428e-08,0.0004243795258508,0.1163225320051424,3624.9462890625,8468.0,7631.70458984375
darcy,1586,1586,1150,1,2,64,32,32,8.564504128116823e-08,0.0005847930497082,0.116059836000204,3624.9462890625,8468.0,7631.70458984375
darcy,1587,1587,1151,1,1,64,32,32,2.5419691240813336e-08,0.0002017621361061,0.1164873570087365,3624.28662109375,8468.0,7631.70458984375
darcy,1587,1587,1152,1,2,64,32,32,3.998073339062103e-08,0.0003074889801577,0.1162681519926991,3624.28662109375,8468.0,7631.70458984375
darcy,1588,1588,1153,1,1,64,32,32,1.1036889446813802e-07,0.000675047922531,0.1165803159819915,3624.9462890625,8468.0,7631.70458984375
darcy,1588,1588,1154,1,2,64,32,32,3.875677023756907e-08,0.0002928290504968,0.1164286019920837,3624.9462890625,8468.0,7631.70458984375
darcy,1589,1589,1155,1,1,64,32,32,6.218486703346572e-08,0.0004793774178718,0.1151186219940427,3624.28662109375,8468.0,7631.70458984375
darcy,1589,1589,1156,1,2,64,32,32,9.009995949327276e-08,0.0006077626252512,0.1182917010155506,3624.28662109375,8468.0,7631.70458984375
darcy,1590,1590,1157,1,1,64,32,32,3.567196316112131e-08,0.000241084812518,0.1165294070087838,3624.9462890625,8468.0,7631.70458984375
darcy,1590,1590,1158,1,2,64,32,32,3.3038105584637385e-08,0.0003082911752362,0.1158684619877021,3624.9462890625,8468.0,7631.70458984375
darcy,1591,1591,1159,1,1,64,32,32,1.278339141208562e-07,0.0007268210253269,0.1164838760159909,3624.28662109375,8468.0,7631.70458984375
darcy,1591,1591,1160,1,2,64,32,32,5.005259140489216e-08,0.0003503963617657,0.1159936529875267,3624.28662109375,8468.0,7631.70458984375
darcy,1592,1592,1161,1,1,64,32,32,6.041957334446124e-08,0.0004856644867151,0.1163358580088242,3624.9462890625,8468.0,7631.70458984375
darcy,1592,1592,1162,1,2,64,32,32,9.231755626615269e-08,0.0006219356998418,0.1162992810131982,3624.9462890625,8468.0,7631.70458984375
darcy,1593,1593,1163,1,1,64,32,32,4.5539344739609084e-08,0.000300344671187,0.1167633529985323,3624.9462890625,8468.0,7631.70458984375
darcy,1593,1593,1164,1,2,64,32,32,3.6734334685206704e-08,0.0002829692229805,0.1163885029964149,3624.9462890625,8468.0,7631.70458984375
darcy,1594,1594,1165,1,1,64,32,32,1.251806622803997e-07,0.0007485563625872,0.1167653960001189,3624.28662109375,8468.0,7631.70458984375
darcy,1594,1594,1166,1,2,64,32,32,5.34769277749092e-08,0.0003555293758379,0.116218345996458,3624.28662109375,8468.0,7631.70458984375
darcy,1595,1595,1167,1,1,64,32,32,6.07311037015279e-08,0.0004610739889384,0.1209199029835872,3624.9462890625,8468.0,7631.70458984375
darcy,1595,1595,1168,1,2,64,32,32,8.200397871860332e-08,0.0005978311316742,0.1172127320023719,3624.9462890625,8468.0,7631.70458984375
darcy,1596,1596,1169,1,1,64,32,32,3.2774160274584574e-08,0.0002378138984504,0.1165224100113846,3624.28662109375,8468.0,7631.70458984375
darcy,1596,1596,1170,1,2,64,32,32,3.3711192060081885e-08,0.0001916008134994,0.1166682350158225,3624.28662109375,8468.0,7631.70458984375
darcy,1597,1597,1171,1,1,64,32,32,1.041094250808783e-07,0.0006875417164182,0.1167258729983586,3624.28662109375,8468.0,7631.70458984375
darcy,1597,1597,1172,1,2,64,32,32,5.1419817737041746e-08,0.0003809497859518,0.1165718379779718,3624.28662109375,8468.0,7631.70458984375
darcy,1598,1598,1173,1,1,64,32,32,5.3594810367485486e-08,0.0004085951133073,0.115886068000691,3624.9462890625,8468.0,7631.70458984375
darcy,1598,1598,1174,1,2,64,32,32,7.91349492601512e-08,0.0005797739530767,0.1152090929972473,3624.9462890625,8468.0,7631.70458984375
darcy,1599,1599,1175,1,1,64,32,32,3.578573171125754e-08,0.0002880696135426,0.1147757059952709,3624.9462890625,8468.0,7631.70458984375
darcy,1599,1599,1176,1,2,64,32,32,3.0152456531595824e-08,0.0002209974446576,0.1140207670105155,3624.9462890625,8468.0,7631.70458984375
darcy,1600,1600,1177,1,1,64,32,32,1.0012256979052837e-07,0.000651376000391,0.114881340006832,3624.28662109375,8468.0,7631.70458984375
darcy,1600,1600,1178,1,2,64,32,32,4.9204938790126114e-08,0.0004050820160112,0.1139944740280043,3624.28662109375,8468.0,7631.70458984375
darcy,1601,1601,1179,1,1,64,32,32,4.748540405330459e-08,0.0004154733955198,0.1149821820145007,3624.9462890625,8468.0,7631.70458984375
darcy,1601,1601,1180,1,2,64,32,32,8.225846670484317e-08,0.0005908792533799,0.1144533900078386,3624.9462890625,8468.0,7631.70458984375
darcy,1602,1602,1181,1,1,64,32,32,3.6625177557425566e-08,0.0003178082742504,0.1147917410125956,3624.28662109375,8468.0,7631.70458984375
darcy,1602,1602,1182,1,2,64,32,32,3.1101336617211934e-08,0.0002785205204224,0.1145179710001684,3624.28662109375,8468.0,7631.70458984375
darcy,1603,1603,1183,1,1,64,32,32,1.084912284454731e-07,0.0007019167843796,0.1149317950184922,3624.9462890625,8468.0,7631.70458984375
darcy,1603,1603,1184,1,2,64,32,32,3.938985670970396e-08,0.0003085960993957,0.1144454579916782,3624.9462890625,8468.0,7631.70458984375
darcy,1604,1604,1185,1,1,64,32,32,4.440433087893325e-08,0.0003936575661198,0.1145635790016967,3624.28662109375,8468.0,7631.70458984375
darcy,1604,1604,1186,1,2,64,32,32,8.222158243142985e-08,0.0005959566529073,0.1142994929978158,3624.28662109375,8468.0,7631.70458984375
darcy,1605,1605,1187,1,1,64,32,32,3.0039142728810475e-08,0.0002529886970429,0.1145396179927047,3624.9462890625,8468.0,7631.70458984375
darcy,1605,1605,1188,1,2,64,32,32,2.6872447378423203e-08,0.0002224576480238,0.1141987660084851,3624.9462890625,8468.0,7631.70458984375
darcy,1606,1606,1189,1,1,64,32,32,1.0165304331621885e-07,0.0006706980034699,0.1143902380135841,3624.9462890625,8468.0,7631.70458984375
darcy,1606,1606,1190,1,2,64,32,32,4.5202497744867294e-08,0.0003458708458943,0.113881314988248,3624.9462890625,8468.0,7631.70458984375
darcy,1607,1607,1191,1,1,64,32,32,4.286251709118005e-08,0.0003827385298509,0.1144692579982802,3624.28662109375,8468.0,7631.70458984375
darcy,1607,1607,1192,1,2,64,32,32,8.375489812806337e-08,0.0006054352800657,0.1143400449946057,3624.28662109375,8468.0,7631.70458984375
darcy,1608,1608,1193,1,1,64,32,32,3.13377697125361e-08,0.0002309367399482,0.1148949979979079,3624.9462890625,8468.0,7631.70458984375
darcy,1608,1608,1194,1,2,64,32,32,2.9183121696974013e-08,0.0002333982450546,0.1142664219951257,3624.9462890625,8468.0,7631.70458984375
darcy,1609,1609,1195,1,1,64,32,32,8.692645536712008e-08,0.0006032924564616,0.1146893029799684,3624.28662109375,8468.0,7631.70458984375
darcy,1609,1609,1196,1,2,64,32,32,5.063784414005568e-08,0.0004108429055468,0.1142087569751311,3624.28662109375,8468.0,7631.70458984375
darcy,1610,1610,1197,1,1,64,32,32,5.042557305046103e-08,0.0004196699382101,0.1141571180196479,3624.28662109375,8468.0,7631.70458984375
darcy,1610,1610,1198,1,2,64,32,32,8.181390143136015e-08,0.000593336984901,0.1192834959947504,3624.28662109375,8468.0,7631.70458984375
darcy,1611,1611,1199,1,1,64,32,32,3.316880636816677e-08,0.0002674074996205,0.1170202040229924,3624.9462890625,8468.0,7631.70458984375
darcy,1611,1611,1200,1,2,64,32,32,3.136694104455273e-08,0.0002642364101253,0.1159550799930002,3624.9462890625,8468.0,7631.70458984375
darcy,1612,1612,1201,1,1,64,32,32,9.67127320450345e-08,0.000651752640456,0.1144749780069105,3624.9462890625,8468.0,7631.70458984375
darcy,1612,1612,1202,1,2,64,32,32,5.1263093325815134e-08,0.0003862111593177,0.1139310239814221,3624.9462890625,8468.0,7631.70458984375
darcy,1613,1613,1203,1,1,64,32,32,5.17764959795386e-08,0.0004321138803467,0.1145279390038922,3624.28662109375,8468.0,7631.70458984375
darcy,1613,1613,1204,1,2,64,32,32,9.34804731400618e-08,0.0006314966070475,0.1142620099999476,3624.28662109375,8468.0,7631.70458984375
darcy,1614,1614,1205,1,1,64,32,32,3.352780808540956e-08,0.0002720081847832,0.1147666629985906,3624.9462890625,8468.0,7631.70458984375
darcy,1614,1614,1206,1,2,64,32,32,3.163939865657994e-08,0.0002722618358862,0.1142603540210984,3624.9462890625,8468.0,7631.70458984375
darcy,1615,1615,1207,1,1,64,32,32,1.262888673636553e-07,0.0007403977414153,0.1148463659919798,3624.28662109375,8468.0,7631.70458984375
darcy,1615,1615,1208,1,2,64,32,32,4.375148066060319e-08,0.0003307338328754,0.113857514981646,3624.28662109375,8468.0,7631.70458984375
darcy,1616,1616,1209,1,1,64,32,32,5.874570874198071e-08,0.000481368714586,0.114808998972876,3624.9462890625,8468.0,7631.70458984375
darcy,1616,1616,1210,1,2,64,32,32,8.080681368483057e-08,0.0005897456930621,0.1144326820212882,3624.9462890625,8468.0,7631.70458984375
darcy,1617,1617,1211,1,1,64,32,32,3.0144526874664734e-08,0.0002194898700816,0.1143950619734823,3624.28662109375,8468.0,7631.70458984375
darcy,1617,1617,1212,1,2,64,32,32,2.8119142569948966e-08,0.0002004291486134,0.114309057011269,3624.28662109375,8468.0,7631.70458984375
darcy,1618,1618,1213,1,1,64,32,32,1.0079965306886153e-07,0.0006641702107588,0.1145516890101134,3624.9462890625,8468.0,7631.70458984375
darcy,1618,1618,1214,1,2,64,32,32,6.140871278148552e-08,0.0004493948903442,0.1142728160193655,3624.9462890625,8468.0,7631.70458984375
darcy,1619,1619,1215,1,1,64,32,32,4.918945961662757e-08,0.0004131609164762,0.1146872139943298,3624.9462890625,8468.0,7631.70458984375
darcy,1619,1619,1216,1,2,64,32,32,8.7517975089213e-08,0.0006186948639032,0.1142441580013837,3624.9462890625,8468.0,7631.70458984375
darcy,1620,1620,1217,1,1,64,32,32,4.830028998981106e-08,0.000362193964469,0.1146026340138632,3624.28662109375,8468.0,7631.70458984375
darcy,1620,1620,1218,1,2,64,32,32,2.8509941074617018e-08,0.0002239922347694,0.1142825009883381,3624.28662109375,8468.0,7631.70458984375
darcy,1621,1621,1219,1,1,64,32,32,1.097863560062251e-07,0.0007027409218488,0.1145549040229525,3624.9462890625,8468.0,7631.70458984375
darcy,1621,1621,1220,1,2,64,32,32,6.620067694029785e-08,0.0004884041217138,0.1138419339840766,3624.9462890625,8468.0,7631.70458984375
darcy,1622,1622,1221,1,1,64,32,32,4.73378776177924e-08,0.0003732858193155,0.1143966389936395,3624.28662109375,8468.0,7631.70458984375
darcy,1622,1622,1222,1,2,64,32,32,8.941722740019031e-08,0.000619940458845,0.114050378993852,3624.28662109375,8468.0,7631.70458984375
darcy,1623,1623,1223,1,1,64,32,32,5.293800242611724e-08,0.0004253808173482,0.1142405080026947,3624.28662109375,8468.0,7631.70458984375
darcy,1623,1623,1224,1,2,64,32,32,2.511948338224101e-08,0.0001815476794269,0.1140824909962248,3624.28662109375,8468.0,7631.70458984375
darcy,1624,1624,1225,1,1,64,32,32,1.1620059581218813e-07,0.0007080101996455,0.114588005002588,3624.9462890625,8468.0,7631.70458984375
darcy,1624,1624,1226,1,2,64,32,32,5.903263655682168e-08,0.0004648130776538,0.1144892479933332,3624.9462890625,8468.0,7631.70458984375
darcy,1625,1625,1227,1,1,64,32,32,3.676946391806269e-08,0.0002954273330361,0.1146393620001617,3624.9462890625,8468.0,7631.70458984375
darcy,1625,1625,1228,1,2,64,32,32,8.253195460383722e-08,0.0005877812464988,0.1146403189923148,3624.9462890625,8468.0,7631.70458984375
darcy,1626,1626,1229,1,1,64,32,32,4.007456766430551e-08,0.0003379162199529,0.1141396640159655,3624.28662109375,8468.0,7631.70458984375
darcy,1626,1626,1230,1,2,64,32,32,2.1034523456364692e-08,4.158860140267866e-05,0.1143566380196716,3624.28662109375,8468.0,7631.70458984375
darcy,1627,1627,1231,1,1,64,32,32,9.436861603262515e-08,0.0006221252071019,0.1142207810189575,3624.9462890625,8468.0,7631.70458984375
darcy,1627,1627,1232,1,2,64,32,32,6.46016431460339e-08,0.0004791124646847,0.1142377939831931,3624.9462890625,8468.0,7631.70458984375
darcy,1628,1628,1233,1,1,64,32,32,2.8970253751481323e-08,0.000207344891836,0.114355351019185,3624.28662109375,8468.0,7631.70458984375
darcy,1628,1628,1234,1,2,64,32,32,7.86300304866927e-08,0.0005714558028179,0.1140344320156145,3624.28662109375,8468.0,7631.70458984375
darcy,1629,1629,1235,1,1,64,32,32,4.369162098782908e-08,0.000313517175673,0.1147518220241181,3624.9462890625,8468.0,7631.70458984375
darcy,1629,1629,1236,1,2,64,32,32,2.1290858853717513e-08,5.8782808550211126e-05,0.1144461490039248,3624.9462890625,8468.0,7631.70458984375
darcy,1630,1630,1237,1,1,64,32,32,8.225482872603608e-08,0.0005708587888998,0.1185809329908806,3624.28662109375,8468.0,7631.70458984375
darcy,1630,1630,1238,1,2,64,32,32,5.3179597614416714e-08,0.0004138953172051,0.1139998479920905,3624.28662109375,8468.0,7631.70458984375
darcy,1631,1631,1239,1,1,64,32,32,3.542506732401307e-08,0.0002663840755817,0.1145156310230959,3624.9462890625,8468.0,7631.70458984375
darcy,1631,1631,1240,1,2,64,32,32,6.279814357412762e-08,0.0004972993560898,0.1139464410080108,3624.9462890625,8468.0,7631.70458984375
darcy,1632,1632,1241,1,1,64,32,32,3.738275111686562e-08,0.000276127511804,0.1142305510002188,3624.9462890625,8468.0,7631.70458984375
darcy,1632,1632,1242,1,2,64,32,32,2.7589456053078724e-08,0.0001577155213752,0.1138596310047432,3624.9462890625,8468.0,7631.70458984375
darcy,1633,1633,1243,1,1,64,32,32,7.821887493264512e-08,0.0005490772183425,0.1143022050091531,3624.28662109375,8468.0,7631.70458984375
darcy,1633,1633,1244,1,2,64,32,32,3.9694114661870123e-08,0.0003261839322092,0.1181902359821833,3624.28662109375,8468.0,7631.70458984375
darcy,1634,1634,1245,1,1,64,32,32,5.107052203356943e-08,0.0003807030726018,0.1142595529963728,3624.9462890625,8468.0,7631.70458984375
darcy,1634,1634,1246,1,2,64,32,32,5.592279350707941e-08,0.0004415376221917,0.1153510250151157,3624.9462890625,8468.0,7631.70458984375
darcy,1635,1635,1247,1,1,64,32,32,2.7726295925845082e-08,0.0002195894800524,0.114347941998858,3624.28662109375,8468.0,7631.70458984375
darcy,1635,1635,1248,1,2,64,32,32,3.4555981187622826e-08,0.0002405424418593,0.114123785024276,3624.28662109375,8468.0,7631.70458984375
darcy,1636,1636,1249,1,1,64,32,32,9.467027695109209e-08,0.000592649911891,0.1146810489881318,3624.28662109375,8468.0,7631.70458984375
darcy,1636,1636,1250,1,2,64,32,32,2.8068724233776265e-08,0.0002193188572279,0.1145581350137945,3624.28662109375,8468.0,7631.70458984375
darcy,1637,1637,1251,1,1,64,32,32,5.4796082338270935e-08,0.0004224457182225,0.1146622819942422,3624.9462890625,8468.0,7631.70458984375
darcy,1637,1637,1252,1,2,64,32,32,7.637685683903328e-08,0.0005293511876073,0.1140579909842927,3624.9462890625,8468.0,7631.70458984375
darcy,1638,1638,1253,1,1,64,32,32,2.3207606503206083e-08,0.0001191616806988,0.1145683059876319,3624.9462890625,8468.0,7631.70458984375
darcy,1638,1638,1254,1,2,64,32,32,3.5581290802610965e-08,0.0002918871470668,0.114221739990171,3624.9462890625,8468.0,7631.70458984375
darcy,1639,1639,1255,1,1,64,32,32,1.019837796434331e-07,0.0006123619611194,0.1148455780057702,3624.28662109375,8468.0,7631.70458984375
darcy,1639,1639,1256,1,2,64,32,32,3.285007821318686e-08,0.000239401028434,0.1143143209919799,3624.28662109375,8468.0,7631.70458984375
darcy,1640,1640,1257,1,1,64,32,32,5.7221203775270624e-08,0.0004727123684854,0.1144832479767501,3624.9462890625,8468.0,7631.70458984375
darcy,1640,1640,1258,1,2,64,32,32,8.969635700850631e-08,0.0005886611676033,0.1141793169954326,3624.9462890625,8468.0,7631.70458984375
darcy,1641,1641,1259,1,1,64,32,32,3.7191430379834856e-08,0.0002027748113602,0.1141151199990417,3624.28662109375,8468.0,7631.70458984375
darcy,1641,1641,1260,1,2,64,32,32,4.014284726849837e-08,0.0003627553343455,0.1139087089977692,3624.28662109375,8468.0,7631.70458984375
darcy,1642,1642,1261,1,1,64,32,32,1.200237420562189e-07,0.000708625206863,0.1143250690074637,3624.9462890625,8468.0,7631.70458984375
darcy,1642,1642,1262,1,2,64,32,32,4.945822240642883e-08,0.0003037102544618,0.1142250459815841,3624.9462890625,8468.0,7631.70458984375
darcy,1643,1643,1263,1,1,64,32,32,7.050175554468296e-08,0.0005455407683649,0.1142186539946124,3624.28662109375,8468.0,7631.70458984375
darcy,1643,1643,1264,1,2,64,32,32,8.696979136857409e-08,0.0006033682918476,0.1137747380125802,3624.28662109375,8468.0,7631.70458984375
darcy,1644,1644,1265,1,1,64,32,32,4.8898872506697444e-08,0.0002664534190454,0.1144792599952779,3624.9462890625,8468.0,7631.70458984375
darcy,1644,1644,1266,1,2,64,32,32,4.204284920206192e-08,0.000334521127652,0.1138673819950781,3624.9462890625,8468.0,7631.70458984375
darcy,1645,1645,1267,1,1,64,32,32,1.1633685659262485e-07,0.000725119181224,0.1144201410061214,3624.9462890625,8468.0,7631.70458984375
darcy,1645,1645,1268,1,2,64,32,32,5.799104485504358e-08,0.0003897265361916,0.1141204430023208,3624.9462890625,8468.0,7631.70458984375
darcy,1646,1646,1269,1,1,64,32,32,7.23180022532688e-08,0.0005265175548066,0.1143182670057285,3624.28662109375,8468.0,7631.70458984375
darcy,1646,1646,1270,1,2,64,32,32,8.655371885879505e-08,0.0006230611982679,0.1140210019948426,3624.28662109375,8468.0,7631.70458984375
darcy,1647,1647,1271,1,1,64,32,32,4.150842514150099e-08,0.000298200876862,0.1145771470037289,3624.9462890625,8468.0,7631.70458984375
darcy,1647,1647,1272,1,2,64,32,32,4.859643354393484e-08,0.0003384206113711,0.1141455409815535,3624.9462890625,8468.0,7631.70458984375
darcy,1648,1648,1273,1,1,64,32,32,1.112509337986012e-07,0.0007036247799801,0.1142601550091058,3624.28662109375,8468.0,7631.70458984375
darcy,1648,1648,1274,1,2,64,32,32,4.363782935001837e-08,0.0003400354798797,0.1141346359800081,3624.28662109375,8468.0,7631.70458984375
darcy,1649,1649,1275,1,1,64,32,32,5.958430904229318e-08,0.0004402523642458,0.1144945220148656,3624.28662109375,8468.0,7631.70458984375
darcy,1649,1649,1276,1,2,64,32,32,9.923437005454617e-08,0.0006662610552843,0.1141207609907724,3624.28662109375,8468.0,7631.70458984375
darcy,1650,1650,1277,1,1,64,32,32,2.7764967214238826e-08,0.0002256758824164,0.114716201002011,3624.9462890625,8468.0,7631.70458984375
darcy,1650,1650,1278,1,2,64,32,32,3.3462214332757874e-08,0.0002615725741413,0.1140975420130416,3624.9462890625,8468.0,7631.70458984375
darcy,1651,1651,1279,1,1,64,32,32,1.0849350218222753e-07,0.0006889445576798,0.1144223370065447,3624.9462890625,8468.0,7631.70458984375
darcy,1651,1651,1280,1,2,64,32,32,4.7362924249227945e-08,0.0003835978371992,0.1142728669801727,3624.9462890625,8468.0,7631.70458984375
darcy,1652,1652,1281,1,1,64,32,32,5.25822443364632e-08,0.0004458908014044,0.1145369689911603,3624.28662109375,8468.0,7631.70458984375
darcy,1652,1652,1282,1,2,64,32,32,8.900238412934415e-08,0.0006285533672215,0.1141505580162629,3624.28662109375,8468.0,7631.70458984375
darcy,1653,1653,1283,1,1,64,32,32,3.382479363267521e-08,0.0002970648150835,0.1141134930076077,3624.9462890625,8468.0,7631.70458984375
darcy,1653,1653,1284,1,2,64,32,32,3.284814908965927e-08,0.0002719654231815,0.1136212349811103,3624.9462890625,8468.0,7631.70458984375
darcy,1654,1654,1285,1,1,64,32,32,1.0763521629542085e-07,0.0006903628694139,0.1142247279931325,3624.28662109375,8468.0,7631.70458984375
darcy,1654,1654,1286,1,2,64,32,32,5.11485040988191e-08,0.0004022592170882,0.113937917019939,3624.28662109375,8468.0,7631.70458984375
darcy,1655,1655,1287,1,1,64,32,32,4.828296340519955e-08,0.0004136662570764,0.1145143030153121,3624.9462890625,8468.0,7631.70458984375
darcy,1655,1655,1288,1,2,64,32,32,8.591593569917677e-08,0.0006195321869424,0.1138545499998144,3624.9462890625,8468.0,7631.70458984375
darcy,1656,1656,1289,1,1,64,32,32,3.4826250328023895e-08,0.0002941615358701,0.1144531299942173,3624.28662109375,8468.0,7631.70458984375
darcy,1656,1656,1290,1,2,64,32,32,2.6220781990105024e-08,0.000200132450363,0.114146941981744,3624.28662109375,8468.0,7631.70458984375
darcy,1657,1657,1291,1,1,64,32,32,1.0941361239247273e-07,0.0007062881300679,0.1144942230021115,3624.9462890625,8468.0,7631.70458984375
darcy,1657,1657,1292,1,2,64,32,32,4.702424050151421e-08,0.0003557161802935,0.1140985649835784,3624.9462890625,8468.0,7631.70458984375
darcy,1658,1658,1293,1,1,64,32,32,4.9003059388041954e-08,0.0003996579124725,0.1168733259837608,3624.9462890625,8468.0,7631.70458984375
darcy,1658,1658,1294,1,2,64,32,32,6.517465322986028e-08,0.0005202140493335,0.1167773240013048,3624.9462890625,8468.0,7631.70458984375
darcy,1659,1659,1295,1,1,64,32,32,3.256233327419977e-08,0.0002464019500042,0.1144381850026547,3624.28662109375,8468.0,7631.70458984375
darcy,1659,1659,1296,1,2,64,32,32,2.8769688853458323e-08,0.0001895593439998,0.1140714469947852,3624.28662109375,8468.0,7631.70458984375
darcy,1660,1660,1297,1,1,64,32,32,8.012694507897322e-08,0.0005675732136593,0.1146628220158163,3624.9462890625,8468.0,7631.70458984375
darcy,1660,1660,1298,1,2,64,32,32,4.615782245309674e-08,0.0003655419460287,0.1143767980101984,3624.9462890625,8468.0,7631.70458984375
darcy,1661,1661,1299,1,1,64,32,32,5.258508295469255e-08,0.0004155956101494,0.1144670729991048,3624.28662109375,8468.0,7631.70458984375
darcy,1661,1661,1300,1,2,64,32,32,6.372343364091648e-08,0.0004996499928268,0.1140097939933184,3624.28662109375,8468.0,7631.70458984375
darcy,1662,1662,1301,1,1,64,32,32,2.4375356844075213e-08,0.0001555871682038,0.1166696739965118,3624.28662109375,8468.0,7631.70458984375
darcy,1662,1662,1302,1,2,64,32,32,2.783217567525753e-08,0.0001837846410472,0.1140600290091242,3624.28662109375,8468.0,7631.70458984375
darcy,1663,1663,1303,1,1,64,32,32,8.568294873612103e-08,0.000586109700164,0.1144345020002219,3624.9462890625,8468.0,7631.70458984375
darcy,1663,1663,1304,1,2,64,32,32,3.173690288349462e-08,0.0002528582206346,0.11536085800617,3624.9462890625,8468.0,7631.70458984375
darcy,1664,1664,1305,1,1,64,32,32,5.0455930988846376e-08,0.0004153590675739,0.114176478004083,3624.9462890625,8468.0,7631.70458984375
darcy,1664,1664,1306,1,2,64,32,32,6.268682284371607e-08,0.0004956948382749,0.1142214699939359,3624.9462890625,8468.0,7631.70458984375
darcy,1665,1665,1307,1,1,64,32,32,2.5256943203544324e-08,0.0001326058340879,0.1143152150034438,3624.28662109375,8468.0,7631.70458984375
darcy,1665,1665,1308,1,2,64,32,32,3.0413481511004654e-08,0.0002434730955008,0.1141747049987316,3624.28662109375,8468.0,7631.70458984375
darcy,1666,1666,1309,1,1,64,32,32,8.828197195498434e-08,0.0006037161087964,0.1142222149937879,3624.9462890625,8468.0,7631.70458984375
darcy,1666,1666,1310,1,2,64,32,32,3.4361288925310873e-08,0.0002407298666724,0.1141168609901797,3624.9462890625,8468.0,7631.70458984375
darcy,1667,1667,1311,1,1,64,32,32,5.638304401145434e-08,0.0004524556830511,0.1143646970158442,3624.28662109375,8468.0,7631.70458984375
darcy,1667,1667,1312,1,2,64,32,32,7.007928104485472e-08,0.0005196374658305,0.1139322409871965,3624.28662109375,8468.0,7631.70458984375
darcy,1668,1668,1313,1,1,64,32,32,3.168925033492087e-08,0.0001910142205914,0.1171093709999695,3624.9462890625,8468.0,7631.70458984375
darcy,1668,1668,1314,1,2,64,32,32,2.8982897859464174e-08,0.000264844843798,0.1168629910098388,3624.9462890625,8468.0,7631.70458984375
darcy,1669,1669,1315,1,1,64,32,32,1.0259316951533037e-07,0.0006460175981043,0.1141169900074601,3624.28662109375,8468.0,7631.70458984375
darcy,1669,1669,1316,1,2,64,32,32,4.5507864143701227e-08,0.0003389673616128,0.1143286580045241,3624.28662109375,8468.0,7631.70458984375
darcy,1670,1670,1317,1,1,64,32,32,5.7506330364276443e-08,0.0004709259032377,0.114568610995775,3624.9462890625,8468.0,7631.70458984375
darcy,1670,1670,1318,1,2,64,32,32,8.327486966663855e-08,0.0005898903772108,0.1136815719946753,3624.9462890625,8468.0,7631.70458984375
darcy,1671,1671,1319,1,1,64,32,32,3.7264939578562923e-08,0.0002736484628851,0.1143994599988218,3624.9462890625,8468.0,7631.70458984375
darcy,1671,1671,1320,1,2,64,32,32,3.7818971065917146e-08,0.0003191278266475,0.1146253019978758,3624.9462890625,8468.0,7631.70458984375
darcy,1672,1672,1321,1,1,64,32,32,1.1268268451658515e-07,0.0007101054768436,0.1140768250043038,3624.28662109375,8468.0,7631.70458984375
darcy,1672,1672,1322,1,2,64,32,32,4.569530176468106e-08,0.0003297436649816,0.1137888950179331,3624.28662109375,8468.0,7631.70458984375
darcy,1673,1673,1323,1,1,64,32,32,5.8129582924948415e-08,0.0004765522000882,0.1138947420113254,3624.9462890625,8468.0,7631.70458984375
darcy,1673,1673,1324,1,2,64,32,32,8.74677681395042e-08,0.0006169185216042,0.114012615988031,3624.9462890625,8468.0,7631.70458984375
darcy,1674,1674,1325,1,1,64,32,32,3.4637981372043214e-08,0.0002426355956386,0.1140561529900878,3624.28662109375,8468.0,7631.70458984375
darcy,1674,1674,1326,1,2,64,32,32,3.3937819665652575e-08,0.0002725967826634,0.1137166029948275,3624.28662109375,8468.0,7631.70458984375
darcy,1675,1675,1327,1,1,64,32,32,1.1188469528633505e-07,0.000710821417329,0.1144295260019134,3624.28662109375,8468.0,7631.70458984375
darcy,1675,1675,1328,1,2,64,32,32,4.43390817395084e-08,0.0003533331522861,0.1140427240170538,3624.28662109375,8468.0,7631.70458984375
darcy,1676,1676,1329,1,1,64,32,32,5.1948838120097214e-08,0.0004386355594534,0.1140922629856504,3624.9462890625,8468.0,7631.70458984375
darcy,1676,1676,1330,1,2,64,32,32,9.199224138001229e-08,0.0006435966379239,0.1137679159874096,3624.9462890625,8468.0,7631.70458984375
darcy,1677,1677,1331,1,1,64,32,32,3.3366482909968915e-08,0.0002739126171855,0.1139128340000752,3624.9462890625,8468.0,7631.70458984375
darcy,1677,1677,1332,1,2,64,32,32,3.393630265691172e-08,0.0002886042702654,0.1138965760183055,3624.9462890625,8468.0,7631.70458984375
darcy,1678,1678,1333,1,1,64,32,32,1.0591931243197905e-07,0.0006959229782741,0.1140793419908732,3624.28662109375,8468.0,7631.70458984375
darcy,1678,1678,1334,1,2,64,32,32,4.6749736526408014e-08,0.0003512434157129,0.1137107090034987,3624.28662109375,8468.0,7631.70458984375
darcy,1679,1679,1335,1,1,64,32,32,4.59162556865067e-08,0.0004105977576294,0.1140575899917166,3624.9462890625,8468.0,7631.70458984375
darcy,1679,1679,1336,1,2,64,32,32,9.668505640547664e-08,0.0006654636329703,0.1136478369880933,3624.9462890625,8468.0,7631.70458984375
darcy,1680,1680,1337,1,1,64,32,32,3.058282516121835e-08,0.0002583443519338,0.1139151809911709,3624.28662109375,8468.0,7631.70458984375
darcy,1680,1680,1338,1,2,64,32,32,3.7138207176212745e-08,0.0003182945915543,0.1136245429806876,3624.28662109375,8468.0,7631.70458984375
darcy,1681,1681,1339,1,1,64,32,32,1.0284092866186256e-07,0.0006791739569412,0.1142557010171003,3624.9462890625,8468.0,7631.70458984375
darcy,1681,1681,1340,1,2,64,32,32,4.1108769721631695e-08,0.0003298212677924,0.1141065279953181,3624.9462890625,8468.0,7631.70458984375
darcy,1682,1682,1341,1,1,64,32,32,5.7923323026898295e-08,0.0004770033012944,0.1143834200047422,3624.28662109375,8468.0,7631.70458984375
darcy,1682,1682,1342,1,2,64,32,32,7.40206971272528e-08,0.0005709390754635,0.1140741160197649,3624.28662109375,8468.0,7631.70458984375
darcy,1683,1683,1343,1,1,64,32,32,3.01529290425151e-08,0.0002358343843467,0.1139856550144031,3624.9462890625,8468.0,7631.70458984375
darcy,1683,1683,1344,1,2,64,32,32,3.2814252648449844e-08,0.0002784424913835,0.1139839140232652,3624.9462890625,8468.0,7631.70458984375
darcy,1684,1684,1345,1,1,64,32,32,9.57571018034287e-08,0.000654772850001,0.114502563024871,3624.9462890625,8468.0,7631.70458984375
darcy,1684,1684,1346,1,2,64,32,32,4.280725107719263e-08,0.0003203745410506,0.1139446989982388,3624.9462890625,8468.0,7631.70458984375
darcy,1685,1685,1347,1,1,64,32,32,5.205876618674665e-08,0.0004437752460061,0.1143195099721197,3624.28662109375,8468.0,7631.70458984375
darcy,1685,1685,1348,1,2,64,32,32,8.089451597470544e-08,0.0005982004825197,0.1142992019886151,3624.28662109375,8468.0,7631.70458984375
darcy,1686,1686,1349,1,1,64,32,32,2.7631932297822462e-08,0.0002191068313727,0.1147054719913285,3624.9462890625,8468.0,7631.70458984375
darcy,1686,1686,1350,1,2,64,32,32,3.804516168770533e-08,0.000321431460617,0.1139270599815063,3624.9462890625,8468.0,7631.70458984375
darcy,1687,1687,1351,1,1,64,32,32,1.0219098101060808e-07,0.0006696073587374,0.1141502969840075,3624.28662109375,8468.0,7631.70458984375
darcy,1687,1687,1352,1,2,64,32,32,3.2378455472326095e-08,0.0002637784163722,0.114098763995571,3624.28662109375,8468.0,7631.70458984375
darcy,1688,1688,1353,1,1,64,32,32,5.285635751306472e-08,0.0004491538138039,0.1147495630139019,3624.28662109375,8468.0,7631.70458984375
darcy,1688,1688,1354,1,2,64,32,32,9.017769286856493e-08,0.0006288451583791,0.114646721020108,3624.28662109375,8468.0,7631.70458984375
darcy,1689,1689,1355,1,1,64,32,32,2.454655678718609e-08,0.0001818148125736,0.1144689060165546,3624.9462890625,8468.0,7631.70458984375
darcy,1689,1689,1356,1,2,64,32,32,4.009018539363751e-08,0.000321724232134,0.1146229970036074,3624.9462890625,8468.0,7631.70458984375
darcy,1690,1690,1357,1,1,64,32,32,9.418968005547869e-08,0.000635798350302,0.1147480350045953,3624.9462890625,8468.0,7631.70458984375
darcy,1690,1690,1358,1,2,64,32,32,4.7394163260605644e-08,0.0003739026580724,0.113733170001069,3624.9462890625,8468.0,7631.70458984375
darcy,1691,1691,1359,1,1,64,32,32,6.440380673211621e-08,0.0005098969362144,0.114306175004458,3624.28662109375,8468.0,7631.70458984375
darcy,1691,1691,1360,1,2,64,32,32,8.482615498905943e-08,0.0006048838090457,0.1143542960053309,3624.28662109375,8468.0,7631.70458984375
darcy,1692,1692,1361,1,1,64,32,32,3.2633053592689976e-08,0.0002618951875622,0.114540295995539,3624.9462890625,8468.0,7631.70458984375
darcy,1692,1692,1362,1,2,64,32,32,3.382185198574916e-08,0.0003051309420847,0.1141374580038245,3624.9462890625,8468.0,7631.70458984375
darcy,1693,1693,1363,1,1,64,32,32,1.2038992736052026e-07,0.0007272718548773,0.1145924650190863,3624.28662109375,8468.0,7631.70458984375
darcy,1693,1693,1364,1,2,64,32,32,4.494457073178637e-08,0.0003512723464943,0.114103044004878,3624.28662109375,8468.0,7631.70458984375
darcy,1694,1694,1365,1,1,64,32,32,5.839882177838263e-08,0.000484877976168,0.114401654980611,3624.9462890625,8468.0,7631.70458984375
darcy,1694,1694,1366,1,2,64,32,32,9.398847566899349e-08,0.0006362270027856,0.1139132749813143,3624.9462890625,8468.0,7631.70458984375
darcy,1695,1695,1367,1,1,64,32,32,2.82182046618118e-08,0.000212447801021,0.1144590819894801,3624.28662109375,8468.0,7631.70458984375
darcy,1695,1695,1368,1,2,64,32,32,2.646349805957016e-08,0.0001969904057921,0.1141927639837376,3624.28662109375,8468.0,7631.70458984375
darcy,1696,1696,1369,1,1,64,32,32,1.1105974095926285e-07,0.0007105331445179,0.114486188016599,3624.9462890625,8468.0,7631.70458984375
darcy,1696,1696,1370,1,2,64,32,32,5.7787978846590704e-08,0.0004331552804627,0.1143023699987679,3624.9462890625,8468.0,7631.70458984375
darcy,1697,1697,1371,1,1,64,32,32,4.7719137086232883e-08,0.0004126092008421,0.1142847709998022,3624.9462890625,8468.0,7631.70458984375
darcy,1697,1697,1372,1,2,64,32,32,9.412928392293909e-08,0.0006476774679598,0.1139273270091507,3624.9462890625,8468.0,7631.70458984375
darcy,1698,1698,1373,1,1,64,32,32,4.11272687017572e-08,0.0003385077123274,0.1143491390103008,3624.28662109375,8468.0,7631.70458984375
darcy,1698,1698,1374,1,2,64,32,32,2.8206851965251193e-08,0.0002196019595397,0.1141919769870583,3624.28662109375,8468.0,7631.70458984375
darcy,1699,1699,1375,1,1,64,32,32,1.1177245085036704e-07,0.0007190395883891,0.1144638980040326,3624.9462890625,8468.0,7631.70458984375
darcy,1699,1699,1376,1,2,64,32,32,6.374711603029938e-08,0.0004698147977249,0.1140815489925444,3624.9462890625,8468.0,7631.70458984375
darcy,1700,1700,1377,1,1,64,32,32,4.235656803075472e-08,0.0003688848851794,0.1144761519972235,3624.28662109375,8468.0,7631.70458984375
darcy,1700,1700,1378,1,2,64,32,32,1.0285032914225668e-07,0.0006782952073774,0.1142009409959428,3624.28662109375,8468.0,7631.70458984375
darcy,1701,1701,1379,1,1,64,32,32,4.52946018469902e-08,0.0003636957000386,0.1140744190197438,3624.28662109375,8468.0,7631.70458984375
darcy,1701,1701,1380,1,2,64,32,32,2.2301575697269985e-08,0.0001837814440778,0.1139861849951557,3624.28662109375,8468.0,7631.70458984375
darcy,1702,1702,1381,1,1,64,32,32,1.205897603995254e-07,0.0007475807011854,0.1141448609996587,3624.9462890625,8468.0,7631.70458984375
darcy,1702,1702,1382,1,2,64,32,32,6.154886023068684e-08,0.0004525902019715,0.1138719410228077,3624.9462890625,8468.0,7631.70458984375
darcy,1703,1703,1383,1,1,64,32,32,4.1684547369413856e-08,0.0003528137643235,0.1144216499815229,3624.9462890625,8468.0,7631.70458984375
darcy,1703,1703,1384,1,2,64,32,32,8.5574797026311e-08,0.0006084208171194,0.1144509769801516,3624.9462890625,8468.0,7631.70458984375
darcy,1704,1704,1385,1,1,64,32,32,4.2154322699161646e-08,0.0003431300632348,0.1145143389876466,3624.28662109375,8468.0,7631.70458984375
darcy,1704,1704,1386,1,2,64,32,32,2.0699424396752878e-08,0.0001086329304396,0.1147419069893658,3624.28662109375,8468.0,7631.70458984375
darcy,1705,1705,1387,1,1,64,32,32,1.0630422053736767e-07,0.0006742629476291,0.1147416870226152,3624.9462890625,8468.0,7631.70458984375
darcy,1705,1705,1388,1,2,64,32,32,5.7358366944981753e-08,0.000457768395235,0.114324274007231,3624.9462890625,8468.0,7631.70458984375
darcy,1706,1706,1389,1,1,64,32,32,3.7826143994834644e-08,0.0003326369745773,0.1144052229938097,3624.28662109375,8468.0,7631.70458984375
darcy,1706,1706,1390,1,2,64,32,32,7.119878375760892e-08,0.0005382496054017,0.1142348230059724,3624.28662109375,8468.0,7631.70458984375
darcy,1707,1707,1391,1,1,64,32,32,3.6078454002108635e-08,0.0003137001074357,0.114559679001104,3624.9462890625,8468.0,7631.70458984375
darcy,1707,1707,1392,1,2,64,32,32,2.6186038226683195e-08,0.0001472621368037,0.1144477099878713,3624.9462890625,8468.0,7631.70458984375
darcy,1708,1708,1393,1,1,64,32,32,9.1705416593868e-08,0.0006330942733012,0.1145367600256577,3624.28662109375,8468.0,7631.70458984375
darcy,1708,1708,1394,1,2,64,32,32,4.0284461988449045e-08,0.0003108279596576,0.1141906320117414,3624.28662109375,8468.0,7631.70458984375
darcy,1709,1709,1395,1,1,64,32,32,3.866344400194066e-08,0.00033836117238,0.1144757189904339,3624.9462890625,8468.0,7631.70458984375
darcy,1709,1709,1396,1,2,64,32,32,6.276894737311522e-08,0.0005073646787008,0.1143473109987098,3624.9462890625,8468.0,7631.70458984375
darcy,1710,1710,1397,1,1,64,32,32,2.6569118460884056e-08,0.0002035690521077,0.114468902000226,3624.9462890625,8468.0,7631.70458984375
darcy,1710,1710,1398,1,2,64,32,32,3.1109255616001974e-08,0.000213339172015,0.1142522550071589,3624.9462890625,8468.0,7631.70458984375
darcy,1711,1711,1399,1,1,64,32,32,7.606337959487065e-08,0.000551147039553,0.1148249090183526,3624.28662109375,8468.0,7631.70458984375
darcy,1711,1711,1400,1,2,64,32,32,3.7644344530463065e-08,0.0002974145336302,0.114383236010326,3624.28662109375,8468.0,7631.70458984375
darcy,1712,1712,1401,1,1,64,32,32,4.264636643824815e-08,0.0003693907706186,0.1144540910026989,3624.9462890625,8468.0,7631.70458984375
darcy,1712,1712,1402,1,2,64,32,32,8.326684053372446e-08,0.0005940523217007,0.1141983520064968,3624.9462890625,8468.0,7631.70458984375
darcy,1713,1713,1403,1,1,64,32,32,2.2898907658941425e-08,0.0001805850378082,0.1142622710030991,3624.28662109375,8468.0,7631.70458984375
darcy,1713,1713,1404,1,2,64,32,32,4.098415473663408e-08,0.0003184610448305,0.1140206480049528,3624.28662109375,8468.0,7631.70458984375
darcy,1714,1714,1405,1,1,64,32,32,9.70855253967784e-08,0.0006323333037249,0.114073039003415,3624.28662109375,8468.0,7631.70458984375
darcy,1714,1714,1406,1,2,64,32,32,3.1631568475631866e-08,0.0002627542018408,0.1139535130059812,3624.28662109375,8468.0,7631.70458984375
darcy,1715,1715,1407,1,1,64,32,32,6.680613751086639e-08,0.0004982469481657,0.1144422159995883,3624.9462890625,8468.0,7631.70458984375
darcy,1715,1715,1408,1,2,64,32,32,7.785389044556723e-08,0.0005658044379306,0.114070776005974,3624.9462890625,8468.0,7631.70458984375
darcy,1716,1716,1409,1,1,64,32,32,2.6757795978937796e-08,0.0001888393264221,0.1195596699835732,3624.9462890625,8468.0,7631.70458984375
darcy,1716,1716,1410,1,2,64,32,32,4.059721092630753e-08,0.0003320617048979,0.1160377530031837,3624.9462890625,8468.0,7631.70458984375
darcy,1717,1717,1411,1,1,64,32,32,1.1651882658725301e-07,0.000698943979733,0.1161864980240352,3624.28662109375,8468.0,7631.70458984375
darcy,1717,1717,1412,1,2,64,32,32,3.662087877387421e-08,0.0002773535563574,0.116019426001003,3624.28662109375,8468.0,7631.70458984375
darcy,1718,1718,1413,1,1,64,32,32,6.621525727723565e-08,0.000501717581233,0.1161171350104268,3624.9462890625,8468.0,7631.70458984375
darcy,1718,1718,1414,1,2,64,32,32,8.555144148658655e-08,0.0006011189155251,0.1158976900042034,3624.9462890625,8468.0,7631.70458984375
darcy,1719,1719,1415,1,1,64,32,32,3.3467248528040734e-08,0.0002356975975188,0.1166050379979424,3624.28662109375,8468.0,7631.70458984375
darcy,1719,1719,1416,1,2,64,32,32,3.310713836413015e-08,0.0002835129863628,0.116294158011442,3624.28662109375,8468.0,7631.70458984375
darcy,1720,1720,1417,1,1,64,32,32,1.2540176896891353e-07,0.0007420402637513,0.1165095879987347,3624.9462890625,8468.0,7631.70458984375
darcy,1720,1720,1418,1,2,64,32,32,4.7398746261251297e-08,0.0003371367303582,0.1162498529884032,3624.9462890625,8468.0,7631.70458984375
darcy,1721,1721,1419,1,1,64,32,32,6.38880166548006e-08,0.000504147074211,0.1161625749955419,3624.28662109375,8468.0,7631.70458984375
darcy,1721,1721,1420,1,2,64,32,32,7.139762203678401e-08,0.0005497366355528,0.1168077510083094,3624.28662109375,8468.0,7631.70458984375
darcy,1722,1722,1421,1,1,64,32,32,3.4292380490796865e-08,0.000225689951247,0.1163547869946342,3624.9462890625,8468.0,7631.70458984375
darcy,1722,1722,1422,1,2,64,32,32,2.7321551243630893e-08,0.0001604470014587,0.1157719309849198,3624.9462890625,8468.0,7631.70458984375
darcy,1723,1723,1423,1,1,64,32,32,1.0252919935282989e-07,0.0006731009649195,0.1144333500124048,3624.9462890625,8468.0,7631.70458984375
darcy,1723,1723,1424,1,2,64,32,32,5.018997129013769e-08,0.0003804424784501,0.1144229009805712,3624.9462890625,8468.0,7631.70458984375
darcy,1724,1724,1425,1,1,64,32,32,4.4978609281542965e-08,0.0003648444423778,0.1146739519899711,3624.28662109375,8468.0,7631.70458984375
darcy,1724,1724,1426,1,2,64,32,32,8.608727597447796e-08,0.0006027771839562,0.1146419690048787,3624.28662109375,8468.0,7631.70458984375
darcy,1725,1725,1427,1,1,64,32,32,3.67895545139163e-08,0.0002972094157709,0.114456876006443,3624.9462890625,8468.0,7631.70458984375
darcy,1725,1725,1428,1,2,64,32,32,3.251332358900072e-08,0.0002675456313129,0.1143125609960407,3624.9462890625,8468.0,7631.70458984375
darcy,1726,1726,1429,1,1,64,32,32,9.91289539342688e-08,0.0006597361188757,0.1146234509942587,3624.28662109375,8468.0,7631.70458984375
darcy,1726,1726,1430,1,2,64,32,32,4.05916686929686e-08,0.0003218362116277,0.1143071010010317,3624.28662109375,8468.0,7631.70458984375
darcy,1727,1727,1431,1,1,64,32,32,4.775693440706164e-08,0.0003927162865643,0.1157778879860416,3624.28662109375,8468.0,7631.70458984375
darcy,1727,1727,1432,1,2,64,32,32,8.140221297026073e-08,0.0005967840727629,0.1147783539781812,3624.28662109375,8468.0,7631.70458984375
darcy,1728,1728,1433,1,1,64,32,32,2.9406390211761394e-08,0.0002396419165531,0.1145716449827887,3624.9462890625,8468.0,7631.70458984375
darcy,1728,1728,1434,1,2,64,32,32,3.28857510112357e-08,0.0002683237890863,0.1143102280038874,3624.9462890625,8468.0,7631.70458984375
darcy,1729,1729,1435,1,1,64,32,32,9.761707531197317e-08,0.0006443083710203,0.1143874710251111,3624.9462890625,8468.0,7631.70458984375
darcy,1729,1729,1436,1,2,64,32,32,3.9035647603213874e-08,0.0003176705090302,0.1142471529892645,3624.9462890625,8468.0,7631.70458984375
darcy,1730,1730,1437,1,1,64,32,32,4.7194035346365126e-08,0.0004174376476145,0.1143591310246847,3624.28662109375,8468.0,7631.70458984375
darcy,1730,1730,1438,1,2,64,32,32,7.64878791414958e-08,0.0005750964345869,0.1141692509991116,3624.28662109375,8468.0,7631.70458984375
darcy,1731,1731,1439,1,1,64,32,32,2.880818783523864e-08,0.0002183298433899,0.1139862959971651,3624.9462890625,8468.0,7631.70458984375
darcy,1731,1731,1440,1,2,64,32,32,3.0780274329345054e-08,0.0002372243839481,0.1139557529822923,3624.9462890625,8468.0,7631.70458984375
darcy,1732,1732,1441,1,1,64,32,32,8.743820956169658e-08,0.0006081857961986,0.1145850649918429,3624.28662109375,8468.0,7631.70458984375
darcy,1732,1732,1442,1,2,64,32,32,4.70781564843037e-08,0.0003679304965139,0.1137698619859293,3624.28662109375,8468.0,7631.70458984375
darcy,1733,1733,1443,1,1,64,32,32,4.527569785750529e-08,0.000397237186394,0.113931047002552,3624.9462890625,8468.0,7631.70458984375
darcy,1733,1733,1444,1,2,64,32,32,8.062962564281406e-08,0.0005962529175386,0.1145701690111309,3624.9462890625,8468.0,7631.70458984375
darcy,1734,1734,1445,1,1,64,32,32,2.8942530150288803e-08,0.0002123505209436,0.1141129949828609,3624.28662109375,8468.0,7631.70458984375
darcy,1734,1734,1446,1,2,64,32,32,2.8746487856778916e-08,0.0002341693096934,0.1135584110161289,3624.28662109375,8468.0,7631.70458984375
darcy,1735,1735,1447,1,1,64,32,32,9.139414913761357e-08,0.0006348057963688,0.1143085920193698,3624.9462890625,8468.0,7631.70458984375
darcy,1735,1735,1448,1,2,64,32,32,3.9194812728737816e-08,0.0003019377513139,0.1137580509821418,3624.9462890625,8468.0,7631.70458984375
darcy,1736,1736,1449,1,1,64,32,32,5.17424929569188e-08,0.0004291973967492,0.1143347070028539,3624.9462890625,8468.0,7631.70458984375
darcy,1736,1736,1450,1,2,64,32,32,6.904767246851408e-08,0.0005336556299157,0.1136660480115097,3624.9462890625,8468.0,7631.70458984375
darcy,1737,1737,1451,1,1,64,32,32,2.7131774160693567e-08,0.0001992582185067,0.1138723060139454,3624.28662109375,8468.0,7631.70458984375
darcy,1737,1737,1452,1,2,64,32,32,3.692043648584331e-08,0.0003114300313549,0.113549747999059,3624.28662109375,8468.0,7631.70458984375
darcy,1738,1738,1453,1,1,64,32,32,8.240778726076314e-08,0.0005726083650328,0.11404358400614,3624.9462890625,8468.0,7631.70458984375
darcy,1738,1738,1454,1,2,64,32,32,3.2959746931737754e-08,0.0002730202587601,0.1136515800026245,3624.9462890625,8468.0,7631.70458984375
darcy,1739,1739,1455,1,1,64,32,32,6.137990027355046e-08,0.0004863953871447,0.1139317289926111,3624.28662109375,8468.0,7631.70458984375
darcy,1739,1739,1456,1,2,64,32,32,6.447280043175851e-08,0.0005130383763596,0.1161964070051908,3624.28662109375,8468.0,7631.70458984375
darcy,1740,1740,1457,1,1,64,32,32,2.4192496894670512e-08,0.0001581113570528,0.1144016999751329,3624.28662109375,8468.0,7631.70458984375
darcy,1740,1740,1458,1,2,64,32,32,3.7814473330399785e-08,0.0003061893846216,0.114211392996367,3624.28662109375,8468.0,7631.70458984375
darcy,1741,1741,1459,1,1,64,32,32,9.934823452795173e-08,0.0006545362921036,0.1141828040126711,3624.9462890625,8468.0,7631.70458984375
darcy,1741,1741,1460,1,2,64,32,32,2.8594673295856413e-08,0.0002081622648052,0.1142556970007717,3624.9462890625,8468.0,7631.70458984375
darcy,1742,1742,1461,1,1,64,32,32,5.668664826430359e-08,0.0004702027629925,0.1143674860068131,3624.9462890625,8468.0,7631.70458984375
darcy,1742,1742,1462,1,2,64,32,32,8.175442900437703e-08,0.0005902232503951,0.1139942329900804,3624.9462890625,8468.0,7631.70458984375
darcy,1743,1743,1463,1,1,64,32,32,2.52633487463072e-08,0.0001694550330437,0.1143389059870969,3624.28662109375,8468.0,7631.70458984375
darcy,1743,1743,1464,1,2,64,32,32,3.909693546688686e-08,0.0003338320791478,0.1138233900128398,3624.28662109375,8468.0,7631.70458984375
darcy,1744,1744,1465,1,1,64,32,32,1.1291185586514985e-07,0.0006927232316754,0.1154460659890901,3624.9462890625,8468.0,7631.70458984375
darcy,1744,1744,1466,1,2,64,32,32,3.7813613573689515e-08,0.0002989930718904,0.114672394003719,3624.9462890625,8468.0,7631.70458984375
darcy,1745,1745,1467,1,1,64,32,32,6.57791758840176e-08,0.00052098967438,0.1144375390140339,3624.28662109375,8468.0,7631.70458984375
darcy,1745,1745,1468,1,2,64,32,32,8.91950477921455e-08,0.0006207806819205,0.1141490440058987,3624.28662109375,8468.0,7631.70458984375
darcy,1746,1746,1469,1,1,64,32,32,3.1704818326261375e-08,0.0002386058684102,0.1142400880053173,3624.9462890625,8468.0,7631.70458984375
darcy,1746,1746,1470,1,2,64,32,32,3.87528942269455e-08,0.0003224983955599,0.1143159850034862,3624.9462890625,8468.0,7631.70458984375
darcy,1747,1747,1471,1,1,64,32,32,1.0913522174860193e-07,0.000697811466585,0.1145021159900352,3624.28662109375,8468.0,7631.70458984375
darcy,1747,1747,1472,1,2,64,32,32,5.7413181764331966e-08,0.000419428119404,0.1144241589936427,3624.28662109375,8468.0,7631.70458984375
darcy,1748,1748,1473,1,1,64,32,32,5.963030957900628e-08,0.0004888208329919,0.1143259390082676,3624.9462890625,8468.0,7631.70458984375
darcy,1748,1748,1474,1,2,64,32,32,1.031170526744063e-07,0.0006802244073175,0.1140079449978657,3624.9462890625,8468.0,7631.70458984375
darcy,1749,1749,1475,1,1,64,32,32,3.785279290013932e-08,0.000291879755241,0.1156455520249437,3624.9462890625,8468.0,7631.70458984375
darcy,1749,1749,1476,1,2,64,32,32,3.365937573107658e-08,0.0002692463255735,0.1151271759881638,3624.9462890625,8468.0,7631.70458984375
darcy,1750,1750,1477,1,1,64,32,32,1.1902732666158045e-07,0.0007416961567361,0.1140930590045172,3624.28662109375,8468.0,7631.70458984375
darcy,1750,1750,1478,1,2,64,32,32,5.9152128528694454e-08,0.0004484021700401,0.1146180260111577,3624.28662109375,8468.0,7631.70458984375
darcy,1751,1751,1479,1,1,64,32,32,5.240396205863362e-08,0.0004268002622029,0.1144671399961225,3624.9462890625,8468.0,7631.70458984375
darcy,1751,1751,1480,1,2,64,32,32,1.0000653816177875e-07,0.000680379838438,0.1142445269797463,3624.9462890625,8468.0,7631.70458984375
darcy,1752,1752,1481,1,1,64,32,32,4.161258715384975e-08,0.0003387833696856,0.1141941410023719,3624.28662109375,8468.0,7631.70458984375
darcy,1752,1752,1482,1,2,64,32,32,2.803894183500688e-08,0.0002134322823017,0.1141496160125825,3624.28662109375,8468.0,7631.70458984375
darcy,1753,1753,1483,1,1,64,32,32,1.1810698907765983e-07,0.0007426703112771,0.1143317800015211,3624.28662109375,8468.0,7631.70458984375
darcy,1753,1753,1484,1,2,64,32,32,6.007979180822076e-08,0.0004488112635695,0.1138294889824464,3624.28662109375,8468.0,7631.70458984375
darcy,1754,1754,1485,1,1,64,32,32,4.425007560371341e-08,0.0003763236582986,0.115864925988717,3624.9462890625,8468.0,7631.70458984375
darcy,1754,1754,1486,1,2,64,32,32,9.423456504009665e-08,0.0006550745340129,0.1146946450171526,3624.9462890625,8468.0,7631.70458984375
darcy,1755,1755,1487,1,1,64,32,32,4.037936918166452e-08,0.0003353878198581,0.1160829330037813,3624.9462890625,8468.0,7631.70458984375
darcy,1755,1755,1488,1,2,64,32,32,2.5714001594678848e-08,0.0001948143418701,0.1148927529866341,3624.9462890625,8468.0,7631.70458984375
darcy,1756,1756,1489,1,1,64,32,32,1.0514398240957237e-07,0.0006903028692557,0.1149884159967769,3624.28662109375,8468.0,7631.70458984375
darcy,1756,1756,1490,1,2,64,32,32,5.6588223884546096e-08,0.0004255259891356,0.1153727440105285,3624.28662109375,8468.0,7631.70458984375
darcy,1757,1757,1491,1,1,64,32,32,4.1927126659402354e-08,0.0003632978160477,0.114971183007583,3624.9462890625,8468.0,7631.70458984375
darcy,1757,1757,1492,1,2,64,32,32,8.778452809110605e-08,0.0006258243652094,0.114573394996114,3624.9462890625,8468.0,7631.70458984375
darcy,1758,1758,1493,1,1,64,32,32,3.1797608102124286e-08,0.0002747108602181,0.1178582950087729,3624.28662109375,8468.0,7631.70458984375
darcy,1758,1758,1494,1,2,64,32,32,2.6015509746457613e-08,0.0001918212104008,0.1161161899799481,3624.28662109375,8468.0,7631.70458984375
darcy,1759,1759,1495,1,1,64,32,32,1.002230334279375e-07,0.0006718961637519,0.1175166019820608,3624.9462890625,8468.0,7631.70458984375
darcy,1759,1759,1496,1,2,64,32,32,4.6501135386733956e-08,0.0003676732189459,0.1165590409946162,3624.9462890625,8468.0,7631.70458984375
darcy,1760,1760,1497,1,1,64,32,32,4.292933653005093e-08,0.0003780840553849,0.1171627540024928,3624.28662109375,8468.0,7631.70458984375
darcy,1760,1760,1498,1,2,64,32,32,7.951166480779649e-08,0.0005908264385295,0.1164060519949998,3624.28662109375,8468.0,7631.70458984375
darcy,1761,1761,1499,1,1,64,32,32,3.091203026883704e-08,0.0002632268253017,0.1164423970039933,3624.9462890625,8468.0,7631.70458984375
darcy,1761,1761,1500,1,2,64,32,32,2.6511267847695308e-08,0.0002033120830676,0.1167230969876982,3624.9462890625,8468.0,7631.70458984375
darcy,1762,1762,1501,1,1,64,32,32,1.0537887362715993e-07,0.0006809326371598,0.1165628079907037,3624.9462890625,8468.0,7631.70458984375
darcy,1762,1762,1502,1,2,64,32,32,4.284590460201798e-08,0.0003544403031379,0.1160962549911346,3624.9462890625,8468.0,7631.70458984375
darcy,1763,1763,1503,1,1,64,32,32,4.0590482086599884e-08,0.0003505476190716,0.1167397699900902,3624.28662109375,8468.0,7631.70458984375
darcy,1763,1763,1504,1,2,64,32,32,9.542110035454245e-08,0.0006438393759223,0.1163683649792801,3624.28662109375,8468.0,7631.70458984375
darcy,1764,1764,1505,1,1,64,32,32,3.3739180338443475e-08,0.0002924408632068,0.1167842560098506,3624.9462890625,8468.0,7631.70458984375
darcy,1764,1764,1506,1,2,64,32,32,2.9106010046575648e-08,0.0002458702812804,0.116338193998672,3624.9462890625,8468.0,7631.70458984375
darcy,1765,1765,1507,1,1,64,32,32,1.1325611382062561e-07,0.0007008479083343,0.1165857840096578,3624.28662109375,8468.0,7631.70458984375
darcy,1765,1765,1508,1,2,64,32,32,4.9657568723660006e-08,0.00038560784035,0.1161866240145172,3624.28662109375,8468.0,7631.70458984375
darcy,1766,1766,1509,1,1,64,32,32,4.731104397137642e-08,0.0003967569391771,0.116555396001786,3624.28662109375,8468.0,7631.70458984375
darcy,1766,1766,1510,1,2,64,32,32,9.631251174369029e-08,0.000639658816209,0.1165857239975594,3624.28662109375,8468.0,7631.70458984375
darcy,1767,1767,1511,1,1,64,32,32,3.129183667738289e-08,0.0002605689986405,0.1167437529948074,3624.9462890625,8468.0,7631.70458984375
darcy,1767,1767,1512,1,2,64,32,32,2.6477811942982044e-08,0.0002002259897745,0.1162055000022519,3624.9462890625,8468.0,7631.70458984375
darcy,1768,1768,1513,1,1,64,32,32,1.0756846080539617e-07,0.0006825350896294,0.1165447089879307,3624.9462890625,8468.0,7631.70458984375
darcy,1768,1768,1514,1,2,64,32,32,5.701430083604465e-08,0.0004118543488648,0.1161883290042169,3624.9462890625,8468.0,7631.70458984375
darcy,1769,1769,1515,1,1,64,32,32,5.1504230214050046e-08,0.0004112021022144,0.1165919709892477,3624.28662109375,8468.0,7631.70458984375
darcy,1769,1769,1516,1,2,64,32,32,8.93477150043509e-08,0.0006155909649725,0.1160769810085184,3624.28662109375,8468.0,7631.70458984375
darcy,1770,1770,1517,1,1,64,32,32,3.2927939486171454e-08,0.000239432758926,0.1168018490134272,3624.9462890625,8468.0,7631.70458984375
darcy,1770,1770,1518,1,2,64,32,32,2.8528290840768026e-08,0.0002032870202569,0.1162353040126618,3624.9462890625,8468.0,7631.70458984375
darcy,1771,1771,1519,1,1,64,32,32,1.040437282995299e-07,0.0006503455935754,0.1165007200033869,3624.28662109375,8468.0,7631.70458984375
darcy,1771,1771,1520,1,2,64,32,32,4.8584968936893353e-08,0.0004028483910095,0.1161097580043133,3624.28662109375,8468.0,7631.70458984375
darcy,1772,1772,1521,1,1,64,32,32,4.7374435041547265e-08,0.0004138521353574,0.1166364839882589,3624.9462890625,8468.0,7631.70458984375
darcy,1772,1772,1522,1,2,64,32,32,9.373092524356252e-08,0.0006332978372916,0.116060781001579,3624.9462890625,8468.0,7631.70458984375
darcy,1773,1773,1523,1,1,64,32,32,3.4212416011314424e-08,0.0002713030971323,0.1164437629922758,3624.28662109375,8468.0,7631.70458984375
darcy,1773,1773,1524,1,2,64,32,32,3.3939009824734974e-08,0.0003059708061556,0.1162508600100409,3624.28662109375,8468.0,7631.70458984375
darcy,1774,1774,1525,1,1,64,32,32,1.197931993601742e-07,0.000722300461877,0.1165360889863222,3624.9462890625,8468.0,7631.70458984375
darcy,1774,1774,1526,1,2,64,32,32,3.5364514872071595e-08,0.000293825069742,0.1162443149951286,3624.9462890625,8468.0,7631.70458984375
darcy,1775,1775,1527,1,1,64,32,32,5.380138290433933e-08,0.0004547658584419,0.1164459379797335,3624.9462890625,8468.0,7631.70458984375
darcy,1775,1775,1528,1,2,64,32,32,8.843036169992048e-08,0.0006150470744696,0.1157827950082719,3624.9462890625,8468.0,7631.70458984375
darcy,1776,1776,1529,1,1,64,32,32,3.510545099061346e-08,0.0002440403832877,0.1166860210068989,3624.28662109375,8468.0,7631.70458984375
darcy,1776,1776,1530,1,2,64,32,32,2.7707860894565783e-08,0.0002445967275591,0.1161025390028953,3624.28662109375,8468.0,7631.70458984375
darcy,1777,1777,1531,1,1,64,32,32,1.2369042678983533e-07,0.0007367976754906,0.1165152959874831,3624.9462890625,8468.0,7631.70458984375
darcy,1777,1777,1532,1,2,64,32,32,4.6831914346512355e-08,0.0003715174698191,0.1159930680005345,3624.9462890625,8468.0,7631.70458984375
darcy,1778,1778,1533,1,1,64,32,32,5.3150127854451064e-08,0.000439966048893,0.116307500982657,3624.28662109375,8468.0,7631.70458984375
darcy,1778,1778,1534,1,2,64,32,32,8.933604078720236e-08,0.0006230736619298,0.1161974849819671,3624.28662109375,8468.0,7631.70458984375
darcy,1779,1779,1535,1,1,64,32,32,3.6888398113887895e-08,0.0002886331027865,0.1166264670027885,3624.28662109375,8468.0,7631.70458984375
darcy,1779,1779,1536,1,2,64,32,32,2.867740178658096e-08,0.0002024185999215,0.1158813989895861,3624.28662109375,8468.0,7631.70458984375
darcy,1780,1780,1537,1,1,64,32,32,1.1127720256354225e-07,0.0007073796990378,0.1145675449806731,3624.9462890625,8468.0,7631.70458984375
darcy,1780,1780,1538,1,2,64,32,32,5.980054851306704e-08,0.0004348624050166,0.1136639240139629,3624.9462890625,8468.0,7631.70458984375
darcy,1781,1781,1539,1,1,64,32,32,4.4705306123660193e-08,0.0003773550613267,0.1149684859847184,3624.9462890625,8468.0,7631.70458984375
darcy,1781,1781,1540,1,2,64,32,32,9.293425762280094e-08,0.0006400479352289,0.1139983200118877,3624.9462890625,8468.0,7631.70458984375
darcy,1782,1782,1541,1,1,64,32,32,3.57917713245115e-08,0.000292121262207,0.1154439219972118,3624.28662109375,8468.0,7631.70458984375
darcy,1782,1782,1542,1,2,64,32,32,2.759088779669128e-08,0.0001540973796898,0.1144691910012625,3624.28662109375,8468.0,7631.70458984375
darcy,1783,1783,1543,1,1,64,32,32,9.814692703002949e-08,0.0006522466786675,0.1144801920163445,3624.9462890625,8468.0,7631.70458984375
darcy,1783,1783,1544,1,2,64,32,32,6.057370427470232e-08,0.0004534496790734,0.1137941959896124,3624.9462890625,8468.0,7631.70458984375
darcy,1784,1784,1545,1,1,64,32,32,4.16120080615201e-08,0.0003293650066095,0.114431638008682,3624.28662109375,8468.0,7631.70458984375
darcy,1784,1784,1546,1,2,64,32,32,8.141371665715269e-08,0.0005864042412665,0.1139473469811491,3624.28662109375,8468.0,7631.70458984375
darcy,1785,1785,1547,1,1,64,32,32,3.537317283530683e-08,0.0003033568960892,0.1146962789935059,3624.9462890625,8468.0,7631.70458984375
darcy,1785,1785,1548,1,2,64,32,32,2.2706245772496917e-08,0.0001329446147786,0.1141172919888049,3624.9462890625,8468.0,7631.70458984375
darcy,1786,1786,1549,1,1,64,32,32,9.435687786663038e-08,0.0006418245171952,0.1145444430003408,3624.28662109375,8468.0,7631.70458984375
darcy,1786,1786,1550,1,2,64,32,32,5.4108273417341486e-08,0.0004124339014642,0.1141621349961496,3624.28662109375,8468.0,7631.70458984375
darcy,1787,1787,1551,1,1,64,32,32,3.863181063934462e-08,0.0003449703795176,0.1145210370013956,3624.9462890625,8468.0,7631.70458984375
darcy,1787,1787,1552,1,2,64,32,32,7.612799635126066e-08,0.0005708015314865,0.1143057130102533,3624.9462890625,8468.0,7631.70458984375
darcy,1788,1788,1553,1,1,64,32,32,3.4313632824023443e-08,0.0003067897344243,0.1145311280270107,3624.9462890625,8468.0,7631.70458984375
darcy,1788,1788,1554,1,2,64,32,32,2.8389187889388268e-08,0.0002278470420353,0.1143410030053928,3624.9462890625,8468.0,7631.70458984375
darcy,1789,1789,1555,1,1,64,32,32,1.038878068015947e-07,0.0006768750272894,0.1145872049964964,3624.28662109375,8468.0,7631.70458984375
darcy,1789,1789,1556,1,2,64,32,32,3.5022573285914405e-08,0.0002803039222885,0.1135931150056421,3624.28662109375,8468.0,7631.70458984375
darcy,1790,1790,1557,1,1,64,32,32,4.180259693953303e-08,0.0003796799977835,0.1145229740068316,3624.9462890625,8468.0,7631.70458984375
darcy,1790,1790,1558,1,2,64,32,32,7.528738166229233e-08,0.000573167160191,0.114098900987301,3624.9462890625,8468.0,7631.70458984375
darcy,1791,1791,1559,1,1,64,32,32,2.546448918394617e-08,0.0001972187018356,0.1144835249870084,3624.28662109375,8468.0,7631.70458984375
darcy,1791,1791,1560,1,2,64,32,32,3.1510925424527165e-08,0.0002401696780058,0.1143208839930594,3624.28662109375,8468.0,7631.70458984375
darcy,1792,1792,1561,1,1,64,32,32,9.281929180815497e-08,0.0006378936594735,0.1144593799836002,3624.28662109375,8468.0,7631.70458984375
darcy,1792,1792,1562,1,2,64,32,32,3.476730370266523e-08,0.000255648933208,0.1142328660062048,3624.28662109375,8468.0,7631.70458984375
darcy,1793,1793,1563,1,1,64,32,32,4.536618902761803e-08,0.0003915296261159,0.1146414929826278,3624.9462890625,8468.0,7631.70458984375
darcy,1793,1793,1564,1,2,64,32,32,7.424210934914299e-08,0.000561026244778,0.1161308659939095,3624.9462890625,8468.0,7631.70458984375
darcy,1794,1794,1565,1,1,64,32,32,2.5604006026469506e-08,0.0001841940023254,0.1145910850027576,3624.9462890625,8468.0,7631.70458984375
darcy,1794,1794,1566,1,2,64,32,32,3.51075897242481e-08,0.0002850104776221,0.1140948290121741,3624.9462890625,8468.0,7631.70458984375
darcy,1795,1795,1567,1,1,64,32,32,9.479617801844142e-08,0.0006341141229439,0.1144461320072878,3624.28662109375,8468.0,7631.70458984375
darcy,1795,1795,1568,1,2,64,32,32,2.9357236641658343e-08,0.0002270459270798,0.1141688139759935,3624.28662109375,8468.0,7631.70458984375
darcy,1796,1796,1569,1,1,64,32,32,5.6836253037317874e-08,0.0004611647200251,0.1143748620233964,3624.9462890625,8468.0,7631.70458984375
darcy,1796,1796,1570,1,2,64,32,32,6.447405098697345e-08,0.0005082141402857,0.1140187100099865,3624.9462890625,8468.0,7631.70458984375
darcy,1797,1797,1571,1,1,64,32,32,2.375078800298525e-08,0.0001510921045186,0.1145333029853645,3624.28662109375,8468.0,7631.70458984375
darcy,1797,1797,1572,1,2,64,32,32,3.1841761227724425e-08,0.0002672284898635,0.114588974014623,3624.28662109375,8468.0,7631.70458984375
darcy,1798,1798,1573,1,1,64,32,32,8.423211284025457e-08,0.000585116780301,0.1143797550175804,3624.9462890625,8468.0,7631.70458984375
darcy,1798,1798,1574,1,2,64,32,32,3.775261703253818e-08,0.0002993438339151,0.1141041690134443,3624.9462890625,8468.0,7631.70458984375
darcy,1799,1799,1575,1,1,64,32,32,5.410180037301871e-08,0.0004568171688977,0.114546305994736,3624.28662109375,8468.0,7631.70458984375
darcy,1799,1799,1576,1,2,64,32,32,7.338715590776701e-08,0.0005402739076468,0.1141503649996593,3624.28662109375,8468.0,7631.70458984375
darcy,1800,1800,1577,1,1,64,32,32,2.869920123771408e-08,0.0002211119903284,0.1143305559817235,3624.9462890625,8468.0,7631.70458984375
darcy,1800,1800,1578,1,2,64,32,32,3.549470051211756e-08,0.0003118314720486,0.1140708120074123,3624.9462890625,8468.0,7631.70458984375
darcy,1801,1801,1579,1,1,64,32,32,1.045870376970015e-07,0.0006680689125505,0.1149650019942782,3624.9462890625,8468.0,7631.70458984375
darcy,1801,1801,1580,1,2,64,32,32,3.718272267860812e-08,0.0002715636789811,0.1142959240241907,3624.9462890625,8468.0,7631.70458984375
darcy,1802,1802,1581,1,1,64,32,32,6.073240399473434e-08,0.0004932072150772,0.1142165139899589,3624.28662109375,8468.0,7631.70458984375
darcy,1802,1802,1582,1,2,64,32,32,7.416951319783038e-08,0.0005582052959921,0.1142345469852443,3624.28662109375,8468.0,7631.70458984375
darcy,1803,1803,1583,1,1,64,32,32,3.1379904896766675e-08,0.0002058774905151,0.1143736510130111,3624.9462890625,8468.0,7631.70458984375
darcy,1803,1803,1584,1,2,64,32,32,3.5331218839473883e-08,0.0003034903076203,0.1138778110034763,3624.9462890625,8468.0,7631.70458984375
darcy,1804,1804,1585,1,1,64,32,32,1.0688558660376657e-07,0.0006838822697357,0.1144617179816123,3624.28662109375,8468.0,7631.70458984375
darcy,1804,1804,1586,1,2,64,32,32,3.7216363324432684e-08,0.0002780317502228,0.1140859530132729,3624.28662109375,8468.0,7631.70458984375
darcy,1805,1805,1587,1,1,64,32,32,6.10958181823662e-08,0.0004939661045339,0.1144468279962893,3624.28662109375,8468.0,7631.70458984375
darcy,1805,1805,1588,1,2,64,32,32,7.604776897096599e-08,0.000576219984336,0.1141083730035461,3624.28662109375,8468.0,7631.70458984375
darcy,1806,1806,1589,1,1,64,32,32,2.6482672055294646e-08,0.0001614162014596,0.1144726030179299,3624.9462890625,8468.0,7631.70458984375
darcy,1806,1806,1590,1,2,64,32,32,3.008414850569352e-08,0.0002268974577624,0.113941681018332,3624.9462890625,8468.0,7631.70458984375
darcy,1807,1807,1591,1,1,64,32,32,1.0093194191540533e-07,0.0006685214928279,0.1144042710075154,3624.9462890625,8468.0,7631.70458984375
darcy,1807,1807,1592,1,2,64,32,32,4.439114675847122e-08,0.0003411618050524,0.1142430389882065,3624.9462890625,8468.0,7631.70458984375
darcy,1808,1808,1593,1,1,64,32,32,5.3859519510979226e-08,0.0004459576712132,0.1143984489899594,3624.28662109375,8468.0,7631.70458984375
darcy,1808,1808,1594,1,2,64,32,32,7.489866504784004e-08,0.0005621396539138,0.1139745989930816,3624.28662109375,8468.0,7631.70458984375
darcy,1809,1809,1595,1,1,64,32,32,3.50649393965341e-08,0.0002801392181144,0.1144444329838734,3624.9462890625,8468.0,7631.70458984375
darcy,1809,1809,1596,1,2,64,32,32,3.1605054573446985e-08,0.0002478030521969,0.1138511099852621,3624.9462890625,8468.0,7631.70458984375
darcy,1810,1810,1597,1,1,64,32,32,9.889327401424453e-08,0.0006619380262676,0.1142387069994583,3624.28662109375,8468.0,7631.70458984375
darcy,1810,1810,1598,1,2,64,32,32,4.9276913216544926e-08,0.0003949147485026,0.1139122719760052,3624.28662109375,8468.0,7631.70458984375
darcy,1811,1811,1599,1,1,64,32,32,5.075834863532692e-08,0.0004117289247207,0.1146386250038631,3624.9462890625,8468.0,7631.70458984375
darcy,1811,1811,1600,1,2,64,32,32,7.573385829573455e-08,0.0005557253470809,0.1144896449986845,3624.9462890625,8468.0,7631.70458984375
darcy,1812,1812,1601,1,1,64,32,32,3.8971574412016714e-08,0.0003415552388083,0.1146996179886628,3624.28662109375,8468.0,7631.70458984375
darcy,1812,1812,1602,1,2,64,32,32,2.6765698990516285e-08,0.000191695021738,0.1141833720030263,3624.28662109375,8468.0,7631.70458984375
darcy,1813,1813,1603,1,1,64,32,32,1.045212627559522e-07,0.0006641506164425,0.1147242709994316,3624.9462890625,8468.0,7631.70458984375
darcy,1813,1813,1604,1,2,64,32,32,5.0565553522119444e-08,0.0004144296980287,0.1142806399730034,3624.9462890625,8468.0,7631.70458984375
darcy,1814,1814,1605,1,1,64,32,32,3.603807385843538e-08,0.0003187928303814,0.1146724539867136,3624.9462890625,8468.0,7631.70458984375
darcy,1814,1814,1606,1,2,64,32,32,8.171915766297388e-08,0.0005811189180507,0.1142830489843618,3624.9462890625,8468.0,7631.70458984375
darcy,1815,1815,1607,1,1,64,32,32,3.845173068839358e-08,0.000326278601598,0.1149157239997293,3624.28662109375,8468.0,7631.70458984375
darcy,1815,1815,1608,1,2,64,32,32,2.477651150911697e-08,0.0001801885411566,0.1154231519903987,3624.28662109375,8468.0,7631.70458984375
darcy,1816,1816,1609,1,1,64,32,32,9.09909516622065e-08,0.000596677781289,0.1145518830162473,3624.9462890625,8468.0,7631.70458984375
darcy,1816,1816,1610,1,2,64,32,32,4.873959369433578e-08,0.0003824937310066,0.1142974060203414,3624.9462890625,8468.0,7631.70458984375
darcy,1817,1817,1611,1,1,64,32,32,3.749108756778696e-08,0.0003281423995832,0.1147974200139287,3624.28662109375,8468.0,7631.70458984375
darcy,1817,1817,1612,1,2,64,32,32,6.071621072578638e-08,0.0004860332048802,0.1139792979811318,3624.28662109375,8468.0,7631.70458984375
darcy,1818,1818,1613,1,1,64,32,32,3.692270311717039e-08,0.0002465855739565,0.1141442569787614,3624.28662109375,8468.0,7631.70458984375
darcy,1818,1818,1614,1,2,64,32,32,2.8126516227189317e-08,0.0001713895993148,0.1139344639959745,3624.28662109375,8468.0,7631.70458984375
darcy,1819,1819,1615,1,1,64,32,32,7.683279079628846e-08,0.0005511659891158,0.114530980004929,3624.9462890625,8468.0,7631.70458984375
darcy,1819,1819,1616,1,2,64,32,32,3.7240823758111226e-08,0.0002536322786219,0.1143185969849582,3624.9462890625,8468.0,7631.70458984375
darcy,1820,1820,1617,1,1,64,32,32,4.8133465213595634e-08,0.0003671099494414,0.1157185199845116,3624.9462890625,8468.0,7631.70458984375
darcy,1820,1820,1618,1,2,64,32,32,5.781482315114773e-08,0.0004724400592819,0.1148483699944336,3624.9462890625,8468.0,7631.70458984375
darcy,1821,1821,1619,1,1,64,32,32,2.7961364779116596e-08,7.99592235523613e-05,0.1170233839948196,3624.28662109375,8468.0,7631.70458984375
darcy,1821,1821,1620,1,2,64,32,32,3.8487996789626784e-08,0.0002405563720779,0.1148044580186251,3624.28662109375,8468.0,7631.70458984375
darcy,1822,1822,1621,1,1,64,32,32,7.154294223710167e-08,0.0005035769836453,0.1144736100104637,3624.9462890625,8468.0,7631.70458984375
darcy,1822,1822,1622,1,2,64,32,32,2.4924874608700523e-08,0.0001559579225998,0.1142576230049599,3624.9462890625,8468.0,7631.70458984375
darcy,1823,1823,1623,1,1,64,32,32,6.665130314331692e-08,0.0004643338121105,0.1139723599771969,3624.28662109375,8468.0,7631.70458984375
darcy,1823,1823,1624,1,2,64,32,32,5.146130632738277e-08,0.0004240633701144,0.1138590319897048,3624.28662109375,8468.0,7631.70458984375
darcy,1824,1824,1625,1,1,64,32,32,2.18789910633177e-08,1.6649163805505428e-05,0.114437150012236,3624.9462890625,8468.0,7631.70458984375
darcy,1824,1824,1626,1,2,64,32,32,5.122379675981392e-08,0.0003461865510937,0.1140127440157812,3624.9462890625,8468.0,7631.70458984375
darcy,1825,1825,1627,1,1,64,32,32,6.959749043744523e-08,0.000484535783631,0.1144049779977649,3624.28662109375,8468.0,7631.70458984375
darcy,1825,1825,1628,1,2,64,32,32,2.0677751066955352e-08,7.240188973082181e-05,0.1141443510132376,3624.28662109375,8468.0,7631.70458984375
darcy,1826,1826,1629,1,1,64,32,32,6.999853496836296e-08,0.0005008473865706,0.1144668640044983,3624.9462890625,8468.0,7631.70458984375
darcy,1826,1826,1630,1,2,64,32,32,6.211038083847599e-08,0.0004614061263051,0.114222415984841,3624.9462890625,8468.0,7631.70458984375
darcy,1827,1827,1631,1,1,64,32,32,2.3630711609712307e-08,3.625005360610827e-05,0.114457797986688,3624.9462890625,8468.0,7631.70458984375
darcy,1827,1827,1632,1,2,64,32,32,4.589362845308642e-08,0.0003622709474909,0.1142637010198086,3624.9462890625,8468.0,7631.70458984375
darcy,1828,1828,1633,1,1,64,32,32,7.918125533024067e-08,0.0005271252190053,0.1146468379884027,3624.28662109375,8468.0,7631.70458984375
darcy,1828,1828,1634,1,2,64,32,32,2.9739695150965417e-08,0.000111736129609,0.1142406019789632,3624.28662109375,8468.0,7631.70458984375
darcy,1829,1829,1635,1,1,64,32,32,6.848922140534341e-08,0.0005239762069822,0.1146541589987464,3624.9462890625,8468.0,7631.70458984375
darcy,1829,1829,1636,1,2,64,32,32,7.3842350900577e-08,0.0005265033420774,0.1142516749969217,3624.9462890625,8468.0,7631.70458984375
darcy,1830,1830,1637,1,1,64,32,32,2.8554687503401513e-08,6.243666200706608e-05,0.1143995810125488,3624.28662109375,8468.0,7631.70458984375
darcy,1830,1830,1638,1,2,64,32,32,4.229173455883029e-08,0.0003635857391188,0.11417400900973,3624.28662109375,8468.0,7631.70458984375
darcy,1831,1831,1639,1,1,64,32,32,1.0719619325527675e-07,0.000661168735339,0.1146554469887632,3624.28662109375,8468.0,7631.70458984375
darcy,1831,1831,1640,1,2,64,32,32,4.025491762149613e-08,0.0002172076185221,0.1143373530067037,3624.28662109375,8468.0,7631.70458984375
darcy,1832,1832,1641,1,1,64,32,32,7.186853423490902e-08,0.0005517254797184,0.1142660999903455,3624.9462890625,8468.0,7631.70458984375
darcy,1832,1832,1642,1,2,64,32,32,9.328449124268445e-08,0.0006286005299835,0.1138409119739662,3624.9462890625,8468.0,7631.70458984375
darcy,1833,1833,1643,1,1,64,32,32,3.7932473162527465e-08,0.0001701448002465,0.1145885000005364,3624.9462890625,8468.0,7631.70458984375
darcy,1833,1833,1644,1,2,64,32,32,4.6388475283265513e-08,0.0003788561630776,0.1140409280196763,3624.9462890625,8468.0,7631.70458984375
darcy,1834,1834,1645,1,1,64,32,32,1.182588249548644e-07,0.0007344468566672,0.1138503229885827,3624.28662109375,8468.0,7631.70458984375
darcy,1834,1834,1646,1,2,64,32,32,4.9665615620142496e-08,0.0003199470431057,0.1136876989912707,3624.28662109375,8468.0,7631.70458984375
darcy,1835,1835,1647,1,1,64,32,32,7.009164448845695e-08,0.0005239244022548,0.1138501219975296,3624.9462890625,8468.0,7631.70458984375
darcy,1835,1835,1648,1,2,64,32,32,1.0840647490795165e-07,0.00070829622045,0.1135581810085568,3624.9462890625,8468.0,7631.70458984375
darcy,1836,1836,1649,1,1,64,32,32,4.0925876021447045e-08,0.0002776844150712,0.1140350500063505,3624.28662109375,8468.0,7631.70458984375
darcy,1836,1836,1650,1,2,64,32,32,5.3018645473912336e-08,0.0003989552242691,0.1135092169861309,3624.28662109375,8468.0,7631.70458984375
darcy,1837,1837,1651,1,1,64,32,32,1.2034116991799237e-07,0.0007430109856318,0.1138557180238422,3624.9462890625,8468.0,7631.70458984375
darcy,1837,1837,1652,1,2,64,32,32,5.541834013911284e-08,0.0004019811449138,0.1134425140044186,3624.9462890625,8468.0,7631.70458984375
darcy,1838,1838,1653,1,1,64,32,32,6.507581673531605e-08,0.0005043282479484,0.1138809749973006,3624.28662109375,8468.0,7631.70458984375
darcy,1838,1838,1654,1,2,64,32,32,1.1134073218954654e-07,0.0007118109770522,0.1135376169986557,3624.28662109375,8468.0,7631.70458984375
darcy,1839,1839,1655,1,1,64,32,32,3.3609826033398356e-08,0.0002609684773956,0.1137823839962948,3624.9462890625,8468.0,7631.70458984375
darcy,1839,1839,1656,1,2,64,32,32,3.39370274105022e-08,0.0002309624418664,0.1134777780098375,3624.9462890625,8468.0,7631.70458984375
darcy,1840,1840,1657,1,1,64,32,32,1.3722704750307457e-07,0.0007938334704976,0.1137772510119248,3624.9462890625,8468.0,7631.70458984375
darcy,1840,1840,1658,1,2,64,32,32,4.680526544120767e-08,0.0003670679531693,0.1136163269984535,3624.9462890625,8468.0,7631.70458984375
darcy,1841,1841,1659,1,1,64,32,32,5.648036704997139e-08,0.0004374872266829,0.1138263659959193,3624.28662109375,8468.0,7631.70458984375
darcy,1841,1841,1660,1,2,64,32,32,9.360444863659725e-08,0.0006376594174414,0.1134711220220197,3624.28662109375,8468.0,7631.70458984375
darcy,1842,1842,1661,1,1,64,32,32,3.13406864904664e-08,0.0002564727211484,0.1141560669930186,3624.9462890625,8468.0,7631.70458984375
darcy,1842,1842,1662,1,2,64,32,32,3.701163464597812e-08,0.0002705754572413,0.1135283540061209,3624.9462890625,8468.0,7631.70458984375
darcy,1843,1843,1663,1,1,64,32,32,1.0698944663545262e-07,0.0006862856321059,0.1140065270010382,3624.28662109375,8468.0,7631.70458984375
darcy,1843,1843,1664,1,2,64,32,32,4.342227910569818e-08,0.0003113584159849,0.1136523479945026,3624.28662109375,8468.0,7631.70458984375
darcy,1844,1844,1665,1,1,64,32,32,5.6094101807957486e-08,0.0004633018486133,0.1139468559995293,3624.28662109375,8468.0,7631.70458984375
darcy,1844,1844,1666,1,2,64,32,32,8.23807795313769e-08,0.0006055589578008,0.1161461630254052,3624.28662109375,8468.0,7631.70458984375
darcy,1845,1845,1667,1,1,64,32,32,3.002627124715218e-08,0.0001847665947328,0.1140198640059679,3624.9462890625,8468.0,7631.70458984375
darcy,1845,1845,1668,1,2,64,32,32,4.52946338214133e-08,0.0003252484639228,0.1137243499979376,3624.9462890625,8468.0,7631.70458984375
darcy,1846,1846,1669,1,1,64,32,32,9.53696073224819e-08,0.0006434813221914,0.114215173991397,3624.9462890625,8468.0,7631.70458984375
darcy,1846,1846,1670,1,2,64,32,32,3.583788554806233e-08,0.000259331580193,0.1137395620171446,3624.9462890625,8468.0,7631.70458984375
darcy,1847,1847,1671,1,1,64,32,32,6.638595806407467e-08,0.0004830504762292,0.1142651170084718,3624.28662109375,8468.0,7631.70458984375
darcy,1847,1847,1672,1,2,64,32,32,7.759337705692816e-08,0.0005809806797943,0.1140483100025449,3624.28662109375,8468.0,7631.70458984375
darcy,1848,1848,1673,1,1,64,32,32,2.601639437216363e-08,0.0001741333695069,0.1143240940000396,3624.9462890625,8468.0,7631.70458984375
darcy,1848,1848,1674,1,2,64,32,32,4.2579767267625364e-08,0.0003072532687657,0.1140982969955075,3624.9462890625,8468.0,7631.70458984375
darcy,1849,1849,1675,1,1,64,32,32,1.0232671598942035e-07,0.0006610179720312,0.1146114099828992,3624.28662109375,8468.0,7631.70458984375
darcy,1849,1849,1676,1,2,64,32,32,3.853412167131864e-08,0.0003277551168575,0.1142669869877863,3624.28662109375,8468.0,7631.70458984375
darcy,1850,1850,1677,1,1,64,32,32,6.890525838798568e-08,0.0004862454604975,0.1143414160178508,3624.9462890625,8468.0,7631.70458984375
darcy,1850,1850,1678,1,2,64,32,32,9.528764621791197e-08,0.0006203512185315,0.1144333780102897,3624.9462890625,8468.0,7631.70458984375
darcy,1851,1851,1679,1,1,64,32,32,3.1290685598150965e-08,0.0002522410540725,0.1165356620040256,3624.28662109375,8468.0,7631.70458984375
darcy,1851,1851,1680,1,2,64,32,32,3.850214014278208e-08,0.0003217449841684,0.1163820679939817,3624.28662109375,8468.0,7631.70458984375
darcy,1852,1852,1681,1,1,64,32,32,1.415669856896784e-07,0.0007638587801248,0.1205348499934189,3624.9462890625,8468.0,7631.70458984375
darcy,1852,1852,1682,1,2,64,32,32,4.0295216052754774e-08,0.0002871815609391,0.1162171520118136,3624.9462890625,8468.0,7631.70458984375
darcy,1853,1853,1683,1,1,64,32,32,6.01907430564097e-08,0.0004683797580448,0.1168369950028136,3624.9462890625,8468.0,7631.70458984375
darcy,1853,1853,1684,1,2,64,32,32,1.0686660090186707e-07,0.0006488864980886,0.1164709239965304,3624.9462890625,8468.0,7631.70458984375
darcy,1854,1854,1685,1,1,64,32,32,4.1468169342806505e-08,0.0002560203678035,0.1173551030224189,3624.28662109375,8468.0,7631.70458984375
darcy,1854,1854,1686,1,2,64,32,32,3.1312936243921285e-08,0.0002967978737223,0.1163485629949718,3624.28662109375,8468.0,7631.70458984375
darcy,1855,1855,1687,1,1,64,32,32,1.3076886773433216e-07,0.0007433806521087,0.1169438590004574,3624.9462890625,8468.0,7631.70458984375
darcy,1855,1855,1688,1,2,64,32,32,6.409716490907158e-08,0.0004034239531353,0.1164518809819128,3624.9462890625,8468.0,7631.70458984375
darcy,1856,1856,1689,1,1,64,32,32,5.947794790017725e-08,0.0004910939329064,0.1161504580231849,3624.28662109375,8468.0,7631.70458984375
darcy,1856,1856,1690,1,2,64,32,32,9.569972547751605e-08,0.000640038795446,0.1163269149838015,3624.28662109375,8468.0,7631.70458984375
darcy,1857,1857,1691,1,1,64,32,32,4.57568845035894e-08,0.0002996842223857,0.1165194619970861,3624.28662109375,8468.0,7631.70458984375
darcy,1857,1857,1692,1,2,64,32,32,3.5341578552561266e-08,0.0002238494730991,0.116308063006727,3624.28662109375,8468.0,7631.70458984375
darcy,1858,1858,1693,1,1,64,32,32,1.2116807113216058e-07,0.0007519956055183,0.1168154879997018,3624.9462890625,8468.0,7631.70458984375
darcy,1858,1858,1694,1,2,64,32,32,6.53283223073231e-08,0.0004392619357352,0.1164052280073519,3624.9462890625,8468.0,7631.70458984375
darcy,1859,1859,1695,1,1,64,32,32,5.322377916172628e-08,0.0004127392452141,0.1144191340135876,3624.9462890625,8468.0,7631.70458984375
darcy,1859,1859,1696,1,2,64,32,32,9.42678894944038e-08,0.0006488052953537,0.1139811630127951,3624.9462890625,8468.0,7631.70458984375
darcy,1860,1860,1697,1,1,64,32,32,4.2485645224132895e-08,0.000335787322029,0.1143685379938688,3624.28662109375,8468.0,7631.70458984375
darcy,1860,1860,1698,1,2,64,32,32,3.5356833905098035e-08,0.0002025164795714,0.1140347049804404,3624.28662109375,8468.0,7631.70458984375
darcy,1861,1861,1699,1,1,64,32,32,1.0701712938043785e-07,0.0006872866488387,0.114375942008337,3624.9462890625,8468.0,7631.70458984375
darcy,1861,1861,1700,1,2,64,32,32,5.8661587587494075e-08,0.0004493543407026,0.1139922550064511,3624.9462890625,8468.0,7631.70458984375
darcy,1862,1862,1701,1,1,64,32,32,4.4940961174688716e-08,0.000342480028746,0.1144252550147939,3624.28662109375,8468.0,7631.70458984375
darcy,1862,1862,1702,1,2,64,32,32,9.174208770446057e-08,0.000625532317689,0.1141864660021383,3624.28662109375,8468.0,7631.70458984375
darcy,1863,1863,1703,1,1,64,32,32,3.607054210874594e-08,0.000336412348678,0.114371403993573,3624.9462890625,8468.0,7631.70458984375
darcy,1863,1863,1704,1,2,64,32,32,2.4638687534661585e-08,0.0001417356627656,0.1144089279987383,3624.9462890625,8468.0,7631.70458984375
darcy,1864,1864,1705,1,1,64,32,32,1.0768795277726897e-07,0.0006787511734795,0.1145310710126068,3624.28662109375,8468.0,7631.70458984375
darcy,1864,1864,1706,1,2,64,32,32,6.067963198574945e-08,0.0004629791986891,0.1140195050102192,3624.28662109375,8468.0,7631.70458984375
darcy,1865,1865,1707,1,1,64,32,32,3.572336737533988e-08,0.0003197005299219,0.1140427399950567,3624.9462890625,8468.0,7631.70458984375
darcy,1865,1865,1708,1,2,64,32,32,9.023566605037558e-08,0.0006203582143456,0.1141103209811262,3624.9462890625,8468.0,7631.70458984375
darcy,1866,1866,1709,1,1,64,32,32,4.263646857793901e-08,0.000345211708168,0.11526115500601,3624.9462890625,8468.0,7631.70458984375
darcy,1866,1866,1710,1,2,64,32,32,2.1834846819501763e-08,0.0001583231588929,0.1140738950052764,3624.9462890625,8468.0,7631.70458984375
darcy,1867,1867,1711,1,1,64,32,32,1.0314445830772456e-07,0.000669668358049,0.1141191119968425,3624.28662109375,8468.0,7631.70458984375
darcy,1867,1867,1712,1,2,64,32,32,5.3897839080718775e-08,0.0004100652265341,0.1139804249978624,3624.28662109375,8468.0,7631.70458984375
darcy,1868,1868,1713,1,1,64,32,32,4.0811546142549566e-08,0.0003395477473587,0.1161874370009172,3624.9462890625,8468.0,7631.70458984375
darcy,1868,1868,1714,1,2,64,32,32,6.144976083533038e-08,0.0004935841619783,0.116215699003078,3624.9462890625,8468.0,7631.70458984375
darcy,1869,1869,1715,1,1,64,32,32,4.198819070211357e-08,0.000318399836678,0.1166780240018852,3624.28662109375,8468.0,7631.70458984375
darcy,1869,1869,1716,1,2,64,32,32,2.7559453386061253e-08,0.0001354350549808,0.1164005960163194,3624.28662109375,8468.0,7631.70458984375
darcy,1870,1870,1717,1,1,64,32,32,8.178373178679976e-08,0.0005766407175076,0.1168403699994087,3624.28662109375,8468.0,7631.70458984375
darcy,1870,1870,1718,1,2,64,32,32,4.5848235430412394e-08,0.0003494433091851,0.116470428998582,3624.28662109375,8468.0,7631.70458984375
darcy,1871,1871,1719,1,1,64,32,32,4.6100907979962364e-08,0.0003259907039084,0.116773522022413,3624.9462890625,8468.0,7631.70458984375
darcy,1871,1871,1720,1,2,64,32,32,5.970432681579041e-08,0.0004600938451342,0.1163872960023582,3624.9462890625,8468.0,7631.70458984375
darcy,1872,1872,1721,1,1,64,32,32,2.6974678490887527e-08,0.0001727928040753,0.1167540739988908,3624.9462890625,8468.0,7631.70458984375
darcy,1872,1872,1722,1,2,64,32,32,3.0003686646296046e-08,0.0001487632781367,0.116289464989677,3624.9462890625,8468.0,7631.70458984375
darcy,1873,1873,1723,1,1,64,32,32,7.490770315143892e-08,0.0005081534320745,0.1167723549879156,3624.28662109375,8468.0,7631.70458984375
darcy,1873,1873,1724,1,2,64,32,32,3.025859740546366e-08,0.0002511289048034,0.1163403000100515,3624.28662109375,8468.0,7631.70458984375
darcy,1874,1874,1725,1,1,64,32,32,4.9330548534953784e-08,0.0003636375793929,0.1167468470230232,3624.9462890625,8468.0,7631.70458984375
darcy,1874,1874,1726,1,2,64,32,32,6.679564279465923e-08,0.0004794627807842,0.1164965259958989,3624.9462890625,8468.0,7631.70458984375
darcy,1875,1875,1727,1,1,64,32,32,1.8894253273060716e-08,7.682260900290955e-05,0.1167705490079242,3624.28662109375,8468.0,7631.70458984375
darcy,1875,1875,1728,1,2,64,32,32,3.813535087715536e-08,0.0002742663926122,0.1163257519947364,3624.28662109375,8468.0,7631.70458984375
darcy,1876,1876,1729,1,1,64,32,32,6.889434445156439e-08,0.0004866184020451,0.116394732001936,3624.9462890625,8468.0,7631.70458984375
darcy,1876,1876,1730,1,2,64,32,32,3.6237477019085424e-08,0.0002306123530373,0.1167767219885718,3624.9462890625,8468.0,7631.70458984375
darcy,1877,1877,1731,1,1,64,32,32,5.652660561850099e-08,0.0004660610250021,0.1166724469803739,3624.28662109375,8468.0,7631.70458984375
darcy,1877,1877,1732,1,2,64,32,32,7.301904503265177e-08,0.000499118982845,0.1163735119916964,3624.28662109375,8468.0,7631.70458984375
darcy,1878,1878,1733,1,1,64,32,32,3.3041814617718046e-08,0.0001339571351646,0.1165141800011042,3624.9462890625,8468.0,7631.70458984375
darcy,1878,1878,1734,1,2,64,32,32,3.1737030781187066e-08,0.0002606905703939,0.1169067919836379,3624.9462890625,8468.0,7631.70458984375
darcy,1879,1879,1735,1,1,64,32,32,1.1229050755900972e-07,0.0006712778662331,0.1165656439843587,3624.9462890625,8468.0,7631.70458984375
darcy,1879,1879,1736,1,2,64,32,32,4.8052196888193066e-08,0.000296273714363,0.116411279013846,3624.9462890625,8468.0,7631.70458984375
darcy,1880,1880,1737,1,1,64,32,32,6.254483508882913e-08,0.0004861463703297,0.1165433349960949,3624.28662109375,8468.0,7631.70458984375
darcy,1880,1880,1738,1,2,64,32,32,8.2365779974225e-08,0.0005789447248159,0.11448510500486,3624.28662109375,8468.0,7631.70458984375
darcy,1881,1881,1739,1,1,64,32,32,4.611690940237168e-08,0.0002757103051219,0.1145662919734604,3624.9462890625,8468.0,7631.70458984375
darcy,1881,1881,1740,1,2,64,32,32,3.771672751895494e-08,0.0002905615704766,0.114440186007414,3624.9462890625,8468.0,7631.70458984375
darcy,1882,1882,1741,1,1,64,32,32,1.0675417172478775e-07,0.0006848467553295,0.1145482109859585,3624.28662109375,8468.0,7631.70458984375
darcy,1882,1882,1742,1,2,64,32,32,5.926564483615949e-08,0.0004129775034808,0.1142697260074783,3624.28662109375,8468.0,7631.70458984375
darcy,1883,1883,1743,1,1,64,32,32,5.6203862897064034e-08,0.0004260027766479,0.114414066018071,3624.28662109375,8468.0,7631.70458984375
darcy,1883,1883,1744,1,2,64,32,32,9.510267062751154e-08,0.0006451052279413,0.1142595389974303,3624.28662109375,8468.0,7631.70458984375
darcy,1884,1884,1745,1,1,64,32,32,3.3548875677524854e-08,0.0002614796824863,0.1145094499806873,3624.9462890625,8468.0,7631.70458984375
darcy,1884,1884,1746,1,2,64,32,32,3.2608873823392066e-08,0.0001716407781363,0.1141331949911546,3624.9462890625,8468.0,7631.70458984375
darcy,1885,1885,1747,1,1,64,32,32,1.104681928154605e-07,0.0006930680659132,0.1142802169779315,3624.9462890625,8468.0,7631.70458984375
darcy,1885,1885,1748,1,2,64,32,32,5.056285701243724e-08,0.0003882892962511,0.1144971820176579,3624.9462890625,8468.0,7631.70458984375
darcy,1886,1886,1749,1,1,64,32,32,4.482677340433838e-08,0.0003575449681153,0.114618526014965,3624.28662109375,8468.0,7631.70458984375
darcy,1886,1886,1750,1,2,64,32,32,8.344845525698474e-08,0.0005804507806945,0.1141758319863583,3624.28662109375,8468.0,7631.70458984375
darcy,1887,1887,1751,1,1,64,32,32,3.4279644012258366e-08,0.0002858295969785,0.1146820700087118,3624.9462890625,8468.0,7631.70458984375
darcy,1887,1887,1752,1,2,64,32,32,3.1893133467519874e-08,0.0002205317977561,0.1143544450169429,3624.9462890625,8468.0,7631.70458984375
darcy,1888,1888,1753,1,1,64,32,32,9.892649188714132e-08,0.0006465124626902,0.1164120800094679,3624.28662109375,8468.0,7631.70458984375
darcy,1888,1888,1754,1,2,64,32,32,4.036463252532485e-08,0.0003020947706583,0.1147324460034724,3624.28662109375,8468.0,7631.70458984375
darcy,1889,1889,1755,1,1,64,32,32,5.08512094654634e-08,0.0004190168567913,0.1143662350077647,3624.9462890625,8468.0,7631.70458984375
darcy,1889,1889,1756,1,2,64,32,32,6.96292019597422e-08,0.0005445818596542,0.1152672880270984,3624.9462890625,8468.0,7631.70458984375
darcy,1890,1890,1757,1,1,64,32,32,2.648277863670501e-08,0.0001326211916355,0.1144430399872362,3624.28662109375,8468.0,7631.70458984375
darcy,1890,1890,1758,1,2,64,32,32,3.9474905122460775e-08,0.0002424477429012,0.1142671960114967,3624.28662109375,8468.0,7631.70458984375
darcy,1891,1891,1759,1,1,64,32,32,7.819475911219342e-08,0.0005688694733155,0.1144175980007276,3624.9462890625,8468.0,7631.70458984375
darcy,1891,1891,1760,1,2,64,32,32,3.5009300347610406e-08,0.0002475838897594,0.1141165670123882,3624.9462890625,8468.0,7631.70458984375
darcy,1892,1892,1761,1,1,64,32,32,5.662567659214802e-08,0.0004375474635721,0.1143903780030086,3624.9462890625,8468.0,7631.70458984375
darcy,1892,1892,1762,1,2,64,32,32,7.286546122031724e-08,0.0005371084887791,0.1139636909938417,3624.9462890625,8468.0,7631.70458984375
darcy,1893,1893,1763,1,1,64,32,32,2.2644817576633613e-08,0.0001408945066957,0.1142671220004558,3624.28662109375,8468.0,7631.70458984375
darcy,1893,1893,1764,1,2,64,32,32,4.82370374754737e-08,0.0003573173412963,0.1138694300025235,3624.28662109375,8468.0,7631.70458984375
darcy,1894,1894,1765,1,1,64,32,32,8.97578118497222e-08,0.0005896141967144,0.1144294849946163,3624.9462890625,8468.0,7631.70458984375
darcy,1894,1894,1766,1,2,64,32,32,2.7964047077944088e-08,0.0002102263794037,0.1144409239932429,3624.9462890625,8468.0,7631.70458984375
darcy,1895,1895,1767,1,1,64,32,32,6.474106584164474e-08,0.00048453695338,0.1143953950086142,3624.28662109375,8468.0,7631.70458984375
darcy,1895,1895,1768,1,2,64,32,32,8.820673258469469e-08,0.0005855721028109,0.1142440070107113,3624.28662109375,8468.0,7631.70458984375
darcy,1896,1896,1769,1,1,64,32,32,2.8061416301738973e-08,0.0001613807596146,0.1144701900193467,3624.28662109375,8468.0,7631.70458984375
darcy,1896,1896,1770,1,2,64,32,32,4.2416271384126964e-08,0.0003673211780892,0.1140505409857723,3624.28662109375,8468.0,7631.70458984375
darcy,1897,1897,1771,1,1,64,32,32,1.2278837857593317e-07,0.0007124983308459,0.1146843850146979,3624.9462890625,8468.0,7631.70458984375
darcy,1897,1897,1772,1,2,64,32,32,4.176270351763378e-08,0.0002568443734798,0.11442173802061,3624.9462890625,8468.0,7631.70458984375
darcy,1898,1898,1773,1,1,64,32,32,6.772735616777936e-08,0.0005229000051621,0.1140813750098459,3624.9462890625,8468.0,7631.70458984375
darcy,1898,1898,1774,1,2,64,32,32,9.739159168020707e-08,0.000635126357333,0.1137608949793502,3624.9462890625,8468.0,7631.70458984375
darcy,1899,1899,1775,1,1,64,32,32,4.216201787698992e-08,0.0002506911558275,0.1144992210029158,3624.28662109375,8468.0,7631.70458984375
darcy,1899,1899,1776,1,2,64,32,32,4.333127989752938e-08,0.0003449901039161,0.1140826710034161,3624.28662109375,8468.0,7631.70458984375
darcy,1900,1900,1777,1,1,64,32,32,1.1918533715515879e-07,0.0007312881150287,0.114108125999337,3624.9462890625,8468.0,7631.70458984375
darcy,1900,1900,1778,1,2,64,32,32,6.75735094546326e-08,0.000430732912699,0.1140285950095858,3624.9462890625,8468.0,7631.70458984375
darcy,1901,1901,1779,1,1,64,32,32,6.650191153312336e-08,0.0004941663212318,0.1139681350032333,3624.28662109375,8468.0,7631.70458984375
darcy,1901,1901,1780,1,2,64,32,32,1.0799197980304599e-07,0.0007133661156215,0.1139177120057866,3624.28662109375,8468.0,7631.70458984375
darcy,1902,1902,1781,1,1,64,32,32,3.9445080091127245e-08,0.0002886634965741,0.1141057870117947,3624.9462890625,8468.0,7631.70458984375
darcy,1902,1902,1782,1,2,64,32,32,4.2974821923280615e-08,0.0002468567541451,0.1140767709875945,3624.9462890625,8468.0,7631.70458984375
darcy,1903,1903,1783,1,1,64,32,32,1.1886801587479569e-07,0.0007317509608941,0.1139793409965932,3624.28662109375,8468.0,7631.70458984375
darcy,1903,1903,1784,1,2,64,32,32,5.935283908797828e-08,0.0004538453279775,0.1163935330114327,3624.28662109375,8468.0,7631.70458984375
darcy,1904,1904,1785,1,1,64,32,32,5.603277841714772e-08,0.0004099914173147,0.1142568340001162,3624.9462890625,8468.0,7631.70458984375
darcy,1904,1904,1786,1,2,64,32,32,9.81604131311542e-08,0.0006480832368661,0.1137740549747832,3624.9462890625,8468.0,7631.70458984375
darcy,1905,1905,1787,1,1,64,32,32,3.892456135190514e-08,0.0003425785713868,0.1146657200006302,3624.9462890625,8468.0,7631.70458984375
darcy,1905,1905,1788,1,2,64,32,32,3.303652817976399e-08,0.0002494301541693,0.1144727600039914,3624.9462890625,8468.0,7631.70458984375
darcy,1906,1906,1789,1,1,64,32,32,1.1641487418501129e-07,0.0007133136706666,0.1143804650055244,3624.28662109375,8468.0,7631.70458984375
darcy,1906,1906,1790,1,2,64,32,32,4.677284692888861e-08,0.0003743658726469,0.1140573900192976,3624.28662109375,8468.0,7631.70458984375
darcy,1907,1907,1791,1,1,64,32,32,4.8515428119344506e-08,0.0004266404954009,0.1145794040057808,3624.9462890625,8468.0,7631.70458984375
darcy,1907,1907,1792,1,2,64,32,32,8.127666717427928e-08,0.0005926792429635,0.1145293050212785,3624.9462890625,8468.0,7631.70458984375
darcy,1908,1908,1793,1,1,64,32,32,3.5732131919985484e-08,0.0002850901698941,0.1146372699877247,3624.28662109375,8468.0,7631.70458984375
darcy,1908,1908,1794,1,2,64,32,32,3.350372068666729e-08,0.0002612658191977,0.1142184599884785,3624.28662109375,8468.0,7631.70458984375
darcy,1909,1909,1795,1,1,64,32,32,9.476207196712495e-08,0.0006519436757086,0.1145767080015502,3624.28662109375,8468.0,7631.70458984375
darcy,1909,1909,1796,1,2,64,32,32,4.7608306630309016e-08,0.0003613758649878,0.1137652710021939,3624.28662109375,8468.0,7631.70458984375
darcy,1910,1910,1797,1,1,64,32,32,4.8976108502074573e-08,0.0004092994238364,0.1142292559961788,3624.9462890625,8468.0,7631.70458984375
darcy,1910,1910,1798,1,2,64,32,32,7.478889330059246e-08,0.0005600192720104,0.1141634469968266,3624.9462890625,8468.0,7631.70458984375
darcy,1911,1911,1799,1,1,64,32,32,3.2074332523279736e-08,0.0002745296408795,0.1144266909977886,3624.9462890625,8468.0,7631.70458984375
darcy,1911,1911,1800,1,2,64,32,32,2.7544242442445466e-08,0.0002078072651881,0.1141987720038741,3624.9462890625,8468.0,7631.70458984375
darcy,1912,1912,1801,1,1,64,32,32,9.189173511003901e-08,0.0006194566416265,0.1145337790076155,3624.28662109375,8468.0,7631.70458984375
darcy,1912,1912,1802,1,2,64,32,32,5.1913982446194495e-08,0.0004181860317015,0.1142252189747523,3624.28662109375,8468.0,7631.70458984375
darcy,1913,1913,1803,1,1,64,32,32,5.028240579463272e-08,0.000389192988411,0.1144552140031009,3624.9462890625,8468.0,7631.70458984375
darcy,1913,1913,1804,1,2,64,32,32,8.309320520538678e-08,0.0005892463821449,0.1138662160083185,3624.9462890625,8468.0,7631.70458984375
darcy,1914,1914,1805,1,1,64,32,32,3.2793515458706686e-08,0.000280532062844,0.1145498779951594,3624.28662109375,8468.0,7631.70458984375
darcy,1914,1914,1806,1,2,64,32,32,3.1959167756667746e-08,0.0002769350402018,0.1138510419987142,3624.28662109375,8468.0,7631.70458984375
darcy,1915,1915,1807,1,1,64,32,32,9.623465757613304e-08,0.0006356462712591,0.114332500990713,3624.9462890625,8468.0,7631.70458984375
darcy,1915,1915,1808,1,2,64,32,32,4.6548702670179416e-08,0.0003551617332363,0.1139612219994887,3624.9462890625,8468.0,7631.70458984375
darcy,1916,1916,1809,1,1,64,32,32,5.9301260790789456e-08,0.0004777540722187,0.1144850109994877,3624.28662109375,8468.0,7631.70458984375
darcy,1916,1916,1810,1,2,64,32,32,7.040881655484554e-08,0.0005311451211641,0.1143115499871783,3624.28662109375,8468.0,7631.70458984375
darcy,1917,1917,1811,1,1,64,32,32,3.5159288813702005e-08,0.0002564434051693,0.1145450299954973,3624.9462890625,8468.0,7631.70458984375
darcy,1917,1917,1812,1,2,64,32,32,3.126778480577741e-08,0.0002745565140012,0.1142637810262385,3624.9462890625,8468.0,7631.70458984375
darcy,1918,1918,1813,1,1,64,32,32,1.1193453275382127e-07,0.0006853812896668,0.1145989949873182,3624.9462890625,8468.0,7631.70458984375
darcy,1918,1918,1814,1,2,64,32,32,3.9664641349190794e-08,0.0003211315826091,0.1141065490082837,3624.9462890625,8468.0,7631.70458984375
darcy,1919,1919,1815,1,1,64,32,32,5.49750680534089e-08,0.0004610776372903,0.1140483659983147,3624.28662109375,8468.0,7631.70458984375
darcy,1919,1919,1816,1,2,64,32,32,8.14770118040542e-08,0.0005962311027679,0.1143754080112557,3624.28662109375,8468.0,7631.70458984375
darcy,1920,1920,1817,1,1,64,32,32,3.592022679299589e-08,0.0002675212467401,0.1145738320192322,3624.9462890625,8468.0,7631.70458984375
darcy,1920,1920,1818,1,2,64,32,32,3.334627862727757e-08,0.0002856877679431,0.1141331859980709,3624.9462890625,8468.0,7631.70458984375
darcy,1921,1921,1819,1,1,64,32,32,1.1530200083598174e-07,0.0007114579514909,0.114349874027539,3624.28662109375,8468.0,7631.70458984375
darcy,1921,1921,1820,1,2,64,32,32,4.3015209172381226e-08,0.0003679462321223,0.11627513600979,3624.28662109375,8468.0,7631.70458984375
darcy,1922,1922,1821,1,1,64,32,32,5.8840662120474014e-08,0.0004782943480029,0.1146534759900532,3624.28662109375,8468.0,7631.70458984375
darcy,1922,1922,1822,1,2,64,32,32,7.77045769950746e-08,0.0005841755001599,0.1138392659777309,3624.28662109375,8468.0,7631.70458984375
darcy,1923,1923,1823,1,1,64,32,32,3.5001662013200985e-08,0.0002964663434579,0.1147010049899108,3624.9462890625,8468.0,7631.70458984375
darcy,1923,1923,1824,1,2,64,32,32,2.9983958427237674e-08,0.0002451985577141,0.1146303269779309,3624.9462890625,8468.0,7631.70458984375
darcy,1924,1924,1825,1,1,64,32,32,1.017672914827017e-07,0.0006779682726424,0.1150312820100225,3624.9462890625,8468.0,7631.70458984375
darcy,1924,1924,1826,1,2,64,32,32,5.325163598968175e-08,0.0004088117199956,0.114165753009729,3624.9462890625,8468.0,7631.70458984375
darcy,1925,1925,1827,1,1,64,32,32,4.662025077095677e-08,0.0003928869720051,0.1145840219978708,3624.28662109375,8468.0,7631.70458984375
darcy,1925,1925,1828,1,2,64,32,32,8.164844444991105e-08,0.0005955556054747,0.1143693749909289,3624.28662109375,8468.0,7631.70458984375
darcy,1926,1926,1829,1,1,64,32,32,3.9467177970209384e-08,0.0003392958005061,0.1146795550012029,3624.9462890625,8468.0,7631.70458984375
darcy,1926,1926,1830,1,2,64,32,32,2.651088770733168e-08,0.0002301674090617,0.1146802820148877,3624.9462890625,8468.0,7631.70458984375
darcy,1927,1927,1831,1,1,64,32,32,1.0474895617562653e-07,0.0006768538188598,0.1140054510033223,3624.28662109375,8468.0,7631.70458984375
darcy,1927,1927,1832,1,2,64,32,32,4.6016349841693234e-08,0.0003706972510334,0.1137450069945771,3624.28662109375,8468.0,7631.70458984375
darcy,1928,1928,1833,1,1,64,32,32,4.077626769571907e-08,0.0003660815506429,0.1146216850029304,3624.9462890625,8468.0,7631.70458984375
darcy,1928,1928,1834,1,2,64,32,32,7.78073570018023e-08,0.0005806306578908,0.1145501509890891,3624.9462890625,8468.0,7631.70458984375
darcy,1929,1929,1835,1,1,64,32,32,2.9421739711210648e-08,0.0002476806194601,0.1139433739881496,3624.28662109375,8468.0,7631.70458984375
darcy,1929,1929,1836,1,2,64,32,32,2.6490956983593605e-08,0.0001733175322807,0.1136692669824697,3624.28662109375,8468.0,7631.70458984375
darcy,1930,1930,1837,1,1,64,32,32,9.128626743404312e-08,0.0006242397618019,0.1144385950174182,3624.9462890625,8468.0,7631.70458984375
darcy,1930,1930,1838,1,2,64,32,32,4.4472340476886536e-08,0.0003464940575119,0.1143070940161123,3624.9462890625,8468.0,7631.70458984375
darcy,1931,1931,1839,1,1,64,32,32,4.65591618592498e-08,0.0003990920655381,0.1144099349912721,3624.9462890625,8468.0,7631.70458984375
darcy,1931,1931,1840,1,2,64,32,32,5.8804953795288384e-08,0.0004801441254082,0.1143048700178042,3624.9462890625,8468.0,7631.70458984375
darcy,1932,1932,1841,1,1,64,32,32,2.8963736298237563e-08,0.0002049004014091,0.1145436200022231,3624.28662109375,8468.0,7631.70458984375
darcy,1932,1932,1842,1,2,64,32,32,2.9836133563776463e-08,0.0002139447425914,0.1140168410202022,3624.28662109375,8468.0,7631.70458984375
darcy,1933,1933,1843,1,1,64,32,32,7.21821891147556e-08,0.0005381467480488,0.1148508649785071,3624.9462890625,8468.0,7631.70458984375
darcy,1933,1933,1844,1,2,64,32,32,3.5809495813055043e-08,0.0002850912258432,0.1153347529761958,3624.9462890625,8468.0,7631.70458984375
darcy,1934,1934,1845,1,1,64,32,32,4.6920693108631895e-08,0.0003872385821411,0.1147043670061975,3624.28662109375,8468.0,7631.70458984375
darcy,1934,1934,1846,1,2,64,32,32,6.620138748303361e-08,0.0005158930125377,0.1140147320111282,3624.28662109375,8468.0,7631.70458984375
darcy,1935,1935,1847,1,1,64,32,32,2.029563361816145e-08,0.0001286852161464,0.1166608539933804,3624.28662109375,8468.0,7631.70458984375
darcy,1935,1935,1848,1,2,64,32,32,3.404568005294095e-08,0.0002478707131855,0.1166855779883917,3624.28662109375,8468.0,7631.70458984375
darcy,1936,1936,1849,1,1,64,32,32,8.129413231472428e-08,0.0005619437952168,0.1166456869977992,3624.9462890625,8468.0,7631.70458984375
darcy,1936,1936,1850,1,2,64,32,32,2.861385084429457e-08,0.0002383328902404,0.1159506399999372,3624.9462890625,8468.0,7631.70458984375
darcy,1937,1937,1851,1,1,64,32,32,6.221177528686894e-08,0.0004776070478503,0.1167689699796028,3624.9462890625,8468.0,7631.70458984375
darcy,1937,1937,1852,1,2,64,32,32,5.54335812807949e-08,0.0004503366422565,0.1162451610143762,3624.9462890625,8468.0,7631.70458984375
darcy,1938,1938,1853,1,1,64,32,32,2.4651008345699665e-08,0.0001199447487667,0.1145693629805464,3624.28662109375,8468.0,7631.70458984375
darcy,1938,1938,1854,1,2,64,32,32,2.8502917359674033e-08,0.0002420100656944,0.1148361400119029,3624.28662109375,8468.0,7631.70458984375
darcy,1939,1939,1855,1,1,64,32,32,7.898002252204607e-08,0.0005520109624142,0.1146003270114306,3624.9462890625,8468.0,7631.70458984375
darcy,1939,1939,1856,1,2,64,32,32,4.214103910271661e-08,0.0003108624537094,0.1142837939842138,3624.9462890625,8468.0,7631.70458984375
darcy,1940,1940,1857,1,1,64,32,32,5.687484971872436e-08,0.0004646930344274,0.1142683409852907,3624.28662109375,8468.0,7631.70458984375
darcy,1940,1940,1858,1,2,64,32,32,6.811176689325293e-08,0.0005231517151069,0.1140580780047457,3624.28662109375,8468.0,7631.70458984375
darcy,1941,1941,1859,1,1,64,32,32,3.468985454446738e-08,0.000214448196159,0.1145566400082316,3624.9462890625,8468.0,7631.70458984375
darcy,1941,1941,1860,1,2,64,32,32,3.0237011117151276e-08,0.0002782325301134,0.1143557580071501,3624.9462890625,8468.0,7631.70458984375
darcy,1942,1942,1861,1,1,64,32,32,1.1094263641098224e-07,0.0006906146775367,0.1166738589818123,3624.28662109375,8468.0,7631.70458984375
darcy,1942,1942,1862,1,2,64,32,32,3.757660138603569e-08,0.0002663484862635,0.1165313849924132,3624.28662109375,8468.0,7631.70458984375
darcy,1943,1943,1863,1,1,64,32,32,5.9309254396566764e-08,0.0004694192454328,0.1190353299898561,3624.9462890625,8468.0,7631.70458984375
darcy,1943,1943,1864,1,2,64,32,32,7.248912936574925e-08,0.0005610678088066,0.116001980000874,3624.9462890625,8468.0,7631.70458984375
darcy,1944,1944,1865,1,1,64,32,32,3.2178267161953045e-08,0.0002201379776291,0.1163560069981031,3624.9462890625,8468.0,7631.70458984375
darcy,1944,1944,1866,1,2,64,32,32,3.6339127262863264e-08,0.0002808143932344,0.1159288120106794,3624.9462890625,8468.0,7631.70458984375
darcy,1945,1945,1867,1,1,64,32,32,9.59478754225529e-08,0.0006588241015581,0.1167317889921832,3624.28662109375,8468.0,7631.70458984375
darcy,1945,1945,1868,1,2,64,32,32,4.362566130566847e-08,0.000330846483493,0.1163079580001067,3624.28662109375,8468.0,7631.70458984375
darcy,1946,1946,1869,1,1,64,32,32,6.07741554858876e-08,0.0004750576563419,0.1166699040040839,3624.9462890625,8468.0,7631.70458984375
darcy,1946,1946,1870,1,2,64,32,32,6.97007465078059e-08,0.000542466372623,0.1162694980157539,3624.9462890625,8468.0,7631.70458984375
darcy,1947,1947,1871,1,1,64,32,32,3.1823518042983785e-08,0.0002590163537241,0.1165919409831985,3624.28662109375,8468.0,7631.70458984375
darcy,1947,1947,1872,1,2,64,32,32,3.1925491583706396e-08,0.0002473618668967,0.1164994930149987,3624.28662109375,8468.0,7631.70458984375
darcy,1948,1948,1873,1,1,64,32,32,9.436190850919957e-08,0.0006363151350239,0.1166593320085667,3624.28662109375,8468.0,7631.70458984375
darcy,1948,1948,1874,1,2,64,32,32,4.882977577835845e-08,0.0004018815920342,0.1163188730133697,3624.28662109375,8468.0,7631.70458984375
darcy,1949,1949,1875,1,1,64,32,32,4.38441212224916e-08,0.0003785278381284,0.1165067749971058,3624.9462890625,8468.0,7631.70458984375
darcy,1949,1949,1876,1,2,64,32,32,9.192388716883217e-08,0.0006416823128774,0.1163619840226601,3624.9462890625,8468.0,7631.70458984375
darcy,1950,1950,1877,1,1,64,32,32,3.705709872292573e-08,0.000335101727751,0.11660043001757,3624.9462890625,8468.0,7631.70458984375
darcy,1950,1950,1878,1,2,64,32,32,2.9614389163157284e-08,0.0002724913341705,0.1162327920028474,3624.9462890625,8468.0,7631.70458984375
darcy,1951,1951,1879,1,1,64,32,32,1.040654638018168e-07,0.0006711744956729,0.1175136539968662,3624.28662109375,8468.0,7631.70458984375
darcy,1951,1951,1880,1,2,64,32,32,5.1419206670288986e-08,0.0004118957764248,0.1173588370147626,3624.28662109375,8468.0,7631.70458984375
darcy,1952,1952,1881,1,1,64,32,32,4.606738812640288e-08,0.0003979675532844,0.1167546490032691,3624.9462890625,8468.0,7631.70458984375
darcy,1952,1952,1882,1,2,64,32,32,7.327555096026117e-08,0.0005603431268333,0.1163832400052342,3624.9462890625,8468.0,7631.70458984375
darcy,1953,1953,1883,1,1,64,32,32,3.857941521800967e-08,0.0003161511513309,0.1163598489947617,3624.28662109375,8468.0,7631.70458984375
darcy,1953,1953,1884,1,2,64,32,32,2.4407304621831827e-08,0.000194957237016,0.1161529989913106,3624.28662109375,8468.0,7631.70458984375
darcy,1954,1954,1885,1,1,64,32,32,8.903433723617128e-08,0.0006128753285905,0.1162877529859542,3624.9462890625,8468.0,7631.70458984375
darcy,1954,1954,1886,1,2,64,32,32,5.183881768289211e-08,0.0003875109512986,0.1159744359902106,3624.9462890625,8468.0,7631.70458984375
darcy,1955,1955,1887,1,1,64,32,32,4.016173704712856e-08,0.0003464357290102,0.116358041006606,3624.28662109375,8468.0,7631.70458984375
darcy,1955,1955,1888,1,2,64,32,32,7.390358547354482e-08,0.0005505106811141,0.1162982399982865,3624.28662109375,8468.0,7631.70458984375
darcy,1956,1956,1889,1,1,64,32,32,3.277143889590661e-08,0.0002105247561731,0.1164078989822883,3624.9462890625,8468.0,7631.70458984375
darcy,1956,1956,1890,1,2,64,32,32,2.996114289999241e-08,0.0001966406901046,0.11603963401285,3624.9462890625,8468.0,7631.70458984375
darcy,1957,1957,1891,1,1,64,32,32,7.674739066487747e-08,0.0005605031056861,0.116803983983118,3624.9462890625,8468.0,7631.70458984375
darcy,1957,1957,1892,1,2,64,32,32,3.8032549554145596e-08,0.0002964443754636,0.117288023000583,3624.9462890625,8468.0,7631.70458984375
darcy,1958,1958,1893,1,1,64,32,32,5.218223719793969e-08,0.0004033413533638,0.1161475219996646,3624.28662109375,8468.0,7631.70458984375
darcy,1958,1958,1894,1,2,64,32,32,6.594343915367062e-08,0.0005117925224473,0.115932070009876,3624.28662109375,8468.0,7631.70458984375
darcy,1959,1959,1895,1,1,64,32,32,2.019929112861973e-08,8.114302622422543e-05,0.1167371429910417,3624.9462890625,8468.0,7631.70458984375
darcy,1959,1959,1896,1,2,64,32,32,3.4113707414462624e-08,0.0002278837865011,0.1163581719738431,3624.9462890625,8468.0,7631.70458984375
darcy,1960,1960,1897,1,1,64,32,32,7.959084058484224e-08,0.0005513085414177,0.1163981800200417,3624.28662109375,8468.0,7631.70458984375
darcy,1960,1960,1898,1,2,64,32,32,2.6285984944252053e-08,0.0002009958657573,0.1164258110220544,3624.28662109375,8468.0,7631.70458984375
darcy,1961,1961,1899,1,1,64,32,32,5.349685494593359e-08,0.0004391168579904,0.1164421980211045,3624.28662109375,8468.0,7631.70458984375
darcy,1961,1961,1900,1,2,64,32,32,7.426636727814184e-08,0.0005336932975623,0.1160004539997316,3624.28662109375,8468.0,7631.70458984375
darcy,1962,1962,1901,1,1,64,32,32,2.49881502156768e-08,7.502650704214568e-05,0.1165499850176274,3624.9462890625,8468.0,7631.70458984375
darcy,1962,1962,1902,1,2,64,32,32,3.911636170528254e-08,0.0003236171759628,0.116020519984886,3624.9462890625,8468.0,7631.70458984375
darcy,1963,1963,1903,1,1,64,32,32,8.965572817487556e-08,0.0005825099793715,0.1166916860092897,3624.9462890625,8468.0,7631.70458984375
darcy,1963,1963,1904,1,2,64,32,32,3.3024868173470174e-08,0.0002402335354741,0.116320244007511,3624.9462890625,8468.0,7631.70458984375
darcy,1964,1964,1905,1,1,64,32,32,6.562765264561676e-08,0.0005124434217417,0.1163041710096877,3624.28662109375,8468.0,7631.70458984375
darcy,1964,1964,1906,1,2,64,32,32,8.179155486232048e-08,0.0005764426156548,0.1170494510151911,3624.28662109375,8468.0,7631.70458984375
darcy,1965,1965,1907,1,1,64,32,32,3.29886979955063e-08,0.0001847978342498,0.1165815660206135,3624.9462890625,8468.0,7631.70458984375
darcy,1965,1965,1908,1,2,64,32,32,3.9247975536227386e-08,0.0003342339367786,0.1161204090167302,3624.9462890625,8468.0,7631.70458984375
darcy,1966,1966,1909,1,1,64,32,32,1.1846482550481598e-07,0.0007116371558692,0.1164135779836215,3624.28662109375,8468.0,7631.70458984375
darcy,1966,1966,1910,1,2,64,32,32,4.8914671424427076e-08,0.0003430736792648,0.1162838950112927,3624.28662109375,8468.0,7631.70458984375
darcy,1967,1967,1911,1,1,64,32,32,6.436054178493579e-08,0.0005019798778428,0.1166069679893553,3624.9462890625,8468.0,7631.70458984375
darcy,1967,1967,1912,1,2,64,32,32,9.657070165758341e-08,0.0006495254632585,0.1160158169805072,3624.9462890625,8468.0,7631.70458984375
darcy,1968,1968,1913,1,1,64,32,32,4.070724557436733e-08,0.0002925051875344,0.1167135619907639,3624.28662109375,8468.0,7631.70458984375
darcy,1968,1968,1914,1,2,64,32,32,3.8085364195694644e-08,0.0002875961662339,0.116306837007869,3624.28662109375,8468.0,7631.70458984375
darcy,1969,1969,1915,1,1,64,32,32,1.234938196148505e-07,0.0007472534779513,0.1165807580109685,3624.9462890625,8468.0,7631.70458984375
darcy,1969,1969,1916,1,2,64,32,32,5.583758522220705e-08,0.0004049248886673,0.1165320589789189,3624.9462890625,8468.0,7631.70458984375
darcy,1970,1970,1917,1,1,64,32,32,5.775158129495139e-08,0.0004394443228557,0.116552841005614,3624.9462890625,8468.0,7631.70458984375
darcy,1970,1970,1918,1,2,64,32,32,8.9915275225394e-08,0.0006309335366348,0.1160048259771429,3624.9462890625,8468.0,7631.70458984375
darcy,1971,1971,1919,1,1,64,32,32,4.079912940824215e-08,0.00031369567403,0.1171769569918979,3624.28662109375,8468.0,7631.70458984375
darcy,1971,1971,1920,1,2,64,32,32,3.724617769762517e-08,0.0002624498375855,0.1168660979892592,3624.28662109375,8468.0,7631.70458984375
darcy,1972,1972,1921,1,1,64,32,32,1.0856138743520205e-07,0.0006863194657644,0.1223542549996636,3624.9462890625,8468.0,7631.70458984375
darcy,1972,1972,1922,1,2,64,32,32,4.475245418689156e-08,0.0003447058735627,0.1167710910085588,3624.9462890625,8468.0,7631.70458984375
darcy,1973,1973,1923,1,1,64,32,32,5.0122093142590536e-08,0.0004131797372232,0.1138989290047902,3624.28662109375,8468.0,7631.70458984375
darcy,1973,1973,1924,1,2,64,32,32,8.608919443986451e-08,0.0006098494953189,0.1135511090105865,3624.28662109375,8468.0,7631.70458984375
darcy,1974,1974,1925,1,1,64,32,32,2.7355564924391732e-08,0.0002086979046957,0.1138861000072211,3624.28662109375,8468.0,7631.70458984375
darcy,1974,1974,1926,1,2,64,32,32,3.8700679994008176e-08,0.0002907126592189,0.114030010998249,3624.28662109375,8468.0,7631.70458984375
darcy,1975,1975,1927,1,1,64,32,32,8.109431348657381e-08,0.000577795888959,0.1141718250000849,3624.9462890625,8468.0,7631.70458984375
darcy,1975,1975,1928,1,2,64,32,32,4.5016268046538244e-08,0.0003569614419633,0.1135350260010454,3624.9462890625,8468.0,7631.70458984375
darcy,1976,1976,1929,1,1,64,32,32,5.7486513327376094e-08,0.0004614695674548,0.1144514199986588,3624.9462890625,8468.0,7631.70458984375
darcy,1976,1976,1930,1,2,64,32,32,7.914093913541366e-08,0.0005900418434473,0.1138942149991635,3624.9462890625,8468.0,7631.70458984375
darcy,1977,1977,1931,1,1,64,32,32,2.6069365333114547e-08,0.0001857489435521,0.1171300489804707,3624.28662109375,8468.0,7631.70458984375
darcy,1977,1977,1932,1,2,64,32,32,3.508122148332404e-08,0.0002830573127367,0.1143488520174287,3624.28662109375,8468.0,7631.70458984375
darcy,1978,1978,1933,1,1,64,32,32,1.0151724438856037e-07,0.000653917125849,0.1144262489979155,3624.9462890625,8468.0,7631.70458984375
darcy,1978,1978,1934,1,2,64,32,32,3.366093892509525e-08,0.000298023422994,0.1145949579949956,3624.9462890625,8468.0,7631.70458984375
darcy,1979,1979,1935,1,1,64,32,32,6.181798539728335e-08,0.0004568371381567,0.1142028979957103,3624.28662109375,8468.0,7631.70458984375
darcy,1979,1979,1936,1,2,64,32,32,8.365381631847414e-08,0.0006042608581613,0.113645774021279,3624.28662109375,8468.0,7631.70458984375
darcy,1980,1980,1937,1,1,64,32,32,2.77698308792651e-08,0.0002307463972436,0.114388398011215,3624.9462890625,8468.0,7631.70458984375
darcy,1980,1980,1938,1,2,64,32,32,3.41316592766816e-08,0.0002844495231757,0.1141244420141447,3624.9462890625,8468.0,7631.70458984375
darcy,1981,1981,1939,1,1,64,32,32,1.1922891474114294e-07,0.0007203623150632,0.1143753989890683,3624.28662109375,8468.0,7631.70458984375
darcy,1981,1981,1940,1,2,64,32,32,4.773842476879509e-08,0.0003577711191771,0.1145522959996014,3624.28662109375,8468.0,7631.70458984375
darcy,1982,1982,1941,1,1,64,32,32,5.6156949312935473e-08,0.0004560404241747,0.1143767370085697,3624.9462890625,8468.0,7631.70458984375
darcy,1982,1982,1942,1,2,64,32,32,9.818608504019721e-08,0.0006331155042561,0.1143076799926348,3624.9462890625,8468.0,7631.70458984375
darcy,1983,1983,1943,1,1,64,32,32,4.0320692562545446e-08,0.0002966713819191,0.1144746719801332,3624.9462890625,8468.0,7631.70458984375
darcy,1983,1983,1944,1,2,64,32,32,2.7258005630415028e-08,0.0002455194273439,0.1141158200043719,3624.9462890625,8468.0,7631.70458984375
darcy,1984,1984,1945,1,1,64,32,32,1.2099108914753742e-07,0.000724812874611,0.114092283998616,3624.28662109375,8468.0,7631.70458984375
darcy,1984,1984,1946,1,2,64,32,32,6.679639596995912e-08,0.0004552919521304,0.114144157996634,3624.28662109375,8468.0,7631.70458984375
darcy,1985,1985,1947,1,1,64,32,32,4.8796259477512656e-08,0.0004182222720532,0.1143474369891919,3624.9462890625,8468.0,7631.70458984375
darcy,1985,1985,1948,1,2,64,32,32,1.0047522636114081e-07,0.0006718979070472,0.1141283760080114,3624.9462890625,8468.0,7631.70458984375
darcy,1986,1986,1949,1,1,64,32,32,4.731643343802716e-08,0.0003447037509162,0.1143436960119288,3624.28662109375,8468.0,7631.70458984375
darcy,1986,1986,1950,1,2,64,32,32,3.1304914216434554e-08,0.0002366947547226,0.1142330970033072,3624.28662109375,8468.0,7631.70458984375
darcy,1987,1987,1951,1,1,64,32,32,1.1782458386733197e-07,0.0007340625846721,0.1147420660126954,3624.28662109375,8468.0,7631.70458984375
darcy,1987,1987,1952,1,2,64,32,32,5.4488758394199976e-08,0.0004108532310206,0.1144145519938319,3624.28662109375,8468.0,7631.70458984375
darcy,1988,1988,1953,1,1,64,32,32,4.98393326608948e-08,0.0004100226005878,0.1144703520112671,3624.9462890625,8468.0,7631.70458984375
darcy,1988,1988,1954,1,2,64,32,32,8.221246616813006e-08,0.0005948716293734,0.1145336140180006,3624.9462890625,8468.0,7631.70458984375
darcy,1989,1989,1955,1,1,64,32,32,3.4746282295827775e-08,0.0002995729266327,0.1146756089874543,3624.9462890625,8468.0,7631.70458984375
darcy,1989,1989,1956,1,2,64,32,32,3.134777770696928e-08,0.0002352158316401,0.1143651680031325,3624.9462890625,8468.0,7631.70458984375
darcy,1990,1990,1957,1,1,64,32,32,9.672182699205224e-08,0.0006534189116126,0.1142641549813561,3624.28662109375,8468.0,7631.70458984375
darcy,1990,1990,1958,1,2,64,32,32,4.479085191633203e-08,0.0003536251051916,0.1140159640053752,3624.28662109375,8468.0,7631.70458984375
darcy,1991,1991,1959,1,1,64,32,32,4.7888338627899436e-08,0.0004139263932636,0.1145955279935151,3624.9462890625,8468.0,7631.70458984375
darcy,1991,1991,1960,1,2,64,32,32,7.34990877049313e-08,0.0005627571908371,0.1142680259945336,3624.9462890625,8468.0,7631.70458984375
darcy,1992,1992,1961,1,1,64,32,32,2.7515513423281845e-08,0.0002182769843242,0.1144161559932399,3624.28662109375,8468.0,7631.70458984375
darcy,1992,1992,1962,1,2,64,32,32,2.8425036546764204e-08,0.0002247952425358,0.1140839470026549,3624.28662109375,8468.0,7631.70458984375
darcy,1993,1993,1963,1,1,64,32,32,9.275046153334189e-08,0.0006353806801862,0.1147043129894882,3624.9462890625,8468.0,7631.70458984375
darcy,1993,1993,1964,1,2,64,32,32,3.794675507151624e-08,0.0002895890901084,0.1143043110205326,3624.9462890625,8468.0,7631.70458984375
darcy,1994,1994,1965,1,1,64,32,32,4.747946746874732e-08,0.0004123029430024,0.1142724079836625,3624.28662109375,8468.0,7631.70458984375
darcy,1994,1994,1966,1,2,64,32,32,7.263828649684001e-08,0.0005600372286535,0.1139740560029167,3624.28662109375,8468.0,7631.70458984375
darcy,1995,1995,1967,1,1,64,32,32,2.7754314402272943e-08,0.0001917379163105,0.1144755279819946,3624.9462890625,8468.0,7631.70458984375
darcy,1995,1995,1968,1,2,64,32,32,3.4006365723371346e-08,0.0002720448959969,0.1141269879881292,3624.9462890625,8468.0,7631.70458984375
darcy,1996,1996,1969,1,1,64,32,32,9.259350264301248e-08,0.0006320189521102,0.1148148629872594,3624.9462890625,8468.0,7631.70458984375
darcy,1996,1996,1970,1,2,64,32,32,3.3462864479361094e-08,0.0002703385895084,0.1149119379988405,3624.9462890625,8468.0,7631.70458984375
darcy,1997,1997,1971,1,1,64,32,32,5.5748419214296525e-08,0.0004499598625209,0.114456338022137,3624.28662109375,8468.0,7631.70458984375
darcy,1997,1997,1972,1,2,64,32,32,6.75163462915407e-08,0.0005213055679273,0.1142843129928223,3624.28662109375,8468.0,7631.70458984375
darcy,1998,1998,1973,1,1,64,32,32,2.1975260722228995e-08,0.0001451637229833,0.1145435630169231,3624.9462890625,8468.0,7631.70458984375
darcy,1998,1998,1974,1,2,64,32,32,2.3118840175584413e-08,0.0001849288540098,0.1144941409875173,3624.9462890625,8468.0,7631.70458984375
darcy,1999,1999,1975,1,1,64,32,32,9.280508095343977e-08,0.0006167586491087,0.1145209399983286,3624.28662109375,8468.0,7631.70458984375
darcy,1999,1999,1976,1,2,64,32,32,3.927550196181073e-08,0.0003230093103534,0.1142948479973711,3624.28662109375,8468.0,7631.70458984375
darcy,2000,2000,1977,1,1,64,32,32,4.3031143093230646e-08,0.0003849221030364,0.1141253940004389,3624.28662109375,8468.0,7631.70458984375
darcy,2000,2000,1978,1,2,64,32,32,9.039908377417305e-08,0.0006189195046221,0.1140026620123535,3624.28662109375,8468.0,7631.70458984375
darcy,2001,2001,1979,1,1,64,32,32,2.8880245750428912e-08,0.0002227312308081,0.1148716649913694,3624.9462890625,8468.0,7631.70458984375
darcy,2001,2001,1980,1,2,64,32,32,3.141729720823605e-08,0.0002864433565843,0.1142886500165332,3624.9462890625,8468.0,7631.70458984375
darcy,2002,2002,1981,1,1,64,32,32,1.0055463661728937e-07,0.0006576778453817,0.1145081269787624,3624.9462890625,8468.0,7631.70458984375
darcy,2002,2002,1982,1,2,64,32,32,5.1233140396789174e-08,0.0003720666773772,0.1143467029905878,3624.9462890625,8468.0,7631.70458984375
darcy,2003,2003,1983,1,1,64,32,32,5.7193592084558986e-08,0.0004784410850079,0.1146352390060201,3624.28662109375,8468.0,7631.70458984375
darcy,2003,2003,1984,1,2,64,32,32,8.169870113761135e-08,0.0005973593320132,0.1143408540228847,3624.28662109375,8468.0,7631.70458984375
darcy,2004,2004,1985,1,1,64,32,32,3.6727239915990146e-08,0.0002642907543044,0.1145148699870333,3624.9462890625,8468.0,7631.70458984375
darcy,2004,2004,1986,1,2,64,32,32,2.9477801533062123e-08,0.0002486454651041,0.1143268510058987,3624.9462890625,8468.0,7631.70458984375
darcy,2005,2005,1987,1,1,64,32,32,1.074373727760758e-07,0.0007022645715325,0.1153827509842813,3624.28662109375,8468.0,7631.70458984375
darcy,2005,2005,1988,1,2,64,32,32,5.7706067480012286e-08,0.0004156057747421,0.1145026750164106,3624.28662109375,8468.0,7631.70458984375
darcy,2006,2006,1989,1,1,64,32,32,5.207868980505737e-08,0.0004348575296432,0.1144874450110364,3624.9462890625,8468.0,7631.70458984375
darcy,2006,2006,1990,1,2,64,32,32,8.543459983911816e-08,0.0006170169870575,0.1141691959928721,3624.9462890625,8468.0,7631.70458984375
darcy,2007,2007,1991,1,1,64,32,32,4.2548244039153367e-08,0.0003513654696588,0.1141844459925778,3624.28662109375,8468.0,7631.70458984375
darcy,2007,2007,1992,1,2,64,32,32,3.4149415739648254e-08,0.0002424336437334,0.1137681629916187,3624.28662109375,8468.0,7631.70458984375
darcy,2008,2008,1993,1,1,64,32,32,1.071512372163852e-07,0.0006826547677086,0.1141918569919653,3624.9462890625,8468.0,7631.70458984375
darcy,2008,2008,1994,1,2,64,32,32,5.91354449852588e-08,0.0004585142017728,0.1138077969953883,3624.9462890625,8468.0,7631.70458984375
darcy,2009,2009,1995,1,1,64,32,32,4.411128529113739e-08,0.0003603377563505,0.1147055230103433,3624.9462890625,8468.0,7631.70458984375
darcy,2009,2009,1996,1,2,64,32,32,9.727398264658405e-08,0.0006612229501669,0.1139034289808478,3624.9462890625,8468.0,7631.70458984375
darcy,2010,2010,1997,1,1,64,32,32,3.973254081302002e-08,0.0003390876406638,0.1145585799822583,3624.28662109375,8468.0,7631.70458984375
darcy,2010,2010,1998,1,2,64,32,32,2.64650825698709e-08,0.0002205726665622,0.1140468769881408,3624.28662109375,8468.0,7631.70458984375
darcy,2011,2011,1999,1,1,64,32,32,1.082325269408102e-07,0.0006932582412097,0.1148610360105522,3624.9462890625,8468.0,7631.70458984375
darcy,2011,2011,2000,1,2,64,32,32,4.826288702020065e-08,0.0003789132865868,0.1144105429993942,3624.9462890625,8468.0,7631.70458984375
darcy,2012,2012,2001,1,1,64,32,32,3.8548737535393236e-08,0.0003509755005369,0.1146464899939019,3624.28662109375,8468.0,7631.70458984375
darcy,2012,2012,2002,1,2,64,32,32,8.267193152278196e-08,0.0006009357975138,0.1143235340132378,3624.28662109375,8468.0,7631.70458984375
darcy,2013,2013,2003,1,1,64,32,32,3.3050103098730694e-08,0.0002803087804213,0.1143115620070602,3624.28662109375,8468.0,7631.70458984375
darcy,2013,2013,2004,1,2,64,32,32,2.754119599046589e-08,0.0002185800143276,0.1137550840212497,3624.28662109375,8468.0,7631.70458984375
darcy,2014,2014,2005,1,1,64,32,32,9.150427615622905e-08,0.0006261064447366,0.1144722199824173,3624.9462890625,8468.0,7631.70458984375
darcy,2014,2014,2006,1,2,64,32,32,4.6533521924629895e-08,0.000361144498954,0.1144294630212243,3624.9462890625,8468.0,7631.70458984375
darcy,2015,2015,2007,1,1,64,32,32,4.5948933546924315e-08,0.0003909110475697,0.1145830820023547,3624.9462890625,8468.0,7631.70458984375
darcy,2015,2015,2008,1,2,64,32,32,7.011421843117206e-08,0.0005453379020992,0.1138463209790643,3624.9462890625,8468.0,7631.70458984375
darcy,2016,2016,2009,1,1,64,32,32,3.2879267308771893e-08,0.0002512021196884,0.1144878730119671,3624.28662109375,8468.0,7631.70458984375
darcy,2016,2016,2010,1,2,64,32,32,3.590022856769792e-08,0.0002564942601542,0.115370740997605,3624.28662109375,8468.0,7631.70458984375
darcy,2017,2017,2011,1,1,64,32,32,8.617359981144547e-08,0.000601342265586,0.1144926989800296,3624.9462890625,8468.0,7631.70458984375
darcy,2017,2017,2012,1,2,64,32,32,3.78697890823787e-08,0.0003047603574151,0.1144219269917812,3624.9462890625,8468.0,7631.70458984375
darcy,2018,2018,2013,1,1,64,32,32,5.502850441985174e-08,0.0004262781611743,0.114418942015618,3624.28662109375,8468.0,7631.70458984375
darcy,2018,2018,2014,1,2,64,32,32,6.677563391122021e-08,0.0005128532557321,0.1142943140002898,3624.28662109375,8468.0,7631.70458984375
darcy,2019,2019,2015,1,1,64,32,32,2.1747739609168093e-08,0.0001616132066393,0.1144044729880988,3624.9462890625,8468.0,7631.70458984375
darcy,2019,2019,2016,1,2,64,32,32,2.9877746499096254e-08,0.0002160480218332,0.1141867199912667,3624.9462890625,8468.0,7631.70458984375
darcy,2020,2020,2017,1,1,64,32,32,8.797875494792606e-08,0.0005862037967468,0.114628341019852,3624.28662109375,8468.0,7631.70458984375
darcy,2020,2020,2018,1,2,64,32,32,3.58042235859557e-08,0.0002786269440808,0.1140865940251387,3624.28662109375,8468.0,7631.70458984375
darcy,2021,2021,2019,1,1,64,32,32,4.9163453752498754e-08,0.0004123118526672,0.1141419560008216,3624.9462890625,8468.0,7631.70458984375
darcy,2021,2021,2020,1,2,64,32,32,8.169384102529875e-08,0.0005666543747218,0.1137062410125508,3624.9462890625,8468.0,7631.70458984375
darcy,2022,2022,2021,1,1,64,32,32,2.5849558937807163e-08,0.0001620366623279,0.1141607460158411,3624.9462890625,8468.0,7631.70458984375
darcy,2022,2022,2022,1,2,64,32,32,3.969243422830005e-08,0.0003464628465031,0.1140177569759544,3624.9462890625,8468.0,7631.70458984375
darcy,2023,2023,2023,1,1,64,32,32,9.403478884451033e-08,0.0006165512295874,0.1142239070031791,3624.28662109375,8468.0,7631.70458984375
darcy,2023,2023,2024,1,2,64,32,32,3.8794990331325614e-08,0.0002414278431995,0.113717160973465,3624.28662109375,8468.0,7631.70458984375
darcy,2024,2024,2025,1,1,64,32,32,6.293593912687356e-08,0.0005054531992086,0.1142348849971313,3624.9462890625,8468.0,7631.70458984375
darcy,2024,2024,2026,1,2,64,32,32,8.18040533090425e-08,0.0005884212310852,0.1140369370114058,3624.9462890625,8468.0,7631.70458984375
darcy,2025,2025,2027,1,1,64,32,32,3.3249975217586325e-08,0.0001910692239309,0.1146089559770189,3624.28662109375,8468.0,7631.70458984375
darcy,2025,2025,2028,1,2,64,32,32,4.432439482116025e-08,0.0003495291449793,0.1142107429914176,3624.28662109375,8468.0,7631.70458984375
darcy,2026,2026,2029,1,1,64,32,32,1.1082686768304485e-07,0.000705594486018,0.114915648009628,3624.28662109375,8468.0,7631.70458984375
darcy,2026,2026,2030,1,2,64,32,32,5.1198927764062325e-08,0.0003470277464334,0.114299976004986,3624.28662109375,8468.0,7631.70458984375
darcy,2027,2027,2031,1,1,64,32,32,7.010287106368196e-08,0.0005258969789721,0.1143971539859194,3624.9462890625,8468.0,7631.70458984375
darcy,2027,2027,2032,1,2,64,32,32,9.84552315230758e-08,0.0006743729465111,0.1143012609973084,3624.9462890625,8468.0,7631.70458984375
darcy,2028,2028,2033,1,1,64,32,32,3.422819006004829e-08,0.0002433822427262,0.1145699740154668,3624.9462890625,8468.0,7631.70458984375
darcy,2028,2028,2034,1,2,64,32,32,3.619128463583365e-08,0.0002534463867244,0.1141484509862493,3624.9462890625,8468.0,7631.70458984375
darcy,2029,2029,2035,1,1,64,32,32,1.309354900058679e-07,0.0007763729401888,0.1147012250148691,3624.28662109375,8468.0,7631.70458984375
darcy,2029,2029,2036,1,2,64,32,32,4.9873072782702366e-08,0.0004097224130745,0.1142558630090206,3624.28662109375,8468.0,7631.70458984375
darcy,2030,2030,2037,1,1,64,32,32,5.4028035378905777e-08,0.0004236755050822,0.1144340869795996,3624.9462890625,8468.0,7631.70458984375
darcy,2030,2030,2038,1,2,64,32,32,1.0279523365852584e-07,0.0006743652620177,0.1141402109933551,3624.9462890625,8468.0,7631.70458984375
darcy,2031,2031,2039,1,1,64,32,32,3.9690522868340856e-08,0.0003509568577713,0.1145118169952184,3624.28662109375,8468.0,7631.70458984375
darcy,2031,2031,2040,1,2,64,32,32,2.8760254622284265e-08,0.0002159041655083,0.1144808050012216,3624.28662109375,8468.0,7631.70458984375
darcy,2032,2032,2041,1,1,64,32,32,1.2067008015037572e-07,0.0007348481602004,0.1145173809782136,3624.9462890625,8468.0,7631.70458984375
darcy,2032,2032,2042,1,2,64,32,32,6.087653758868329e-08,0.0004639620850289,0.1137276429799385,3624.9462890625,8468.0,7631.70458984375
darcy,2033,2033,2043,1,1,64,32,32,3.748889909616082e-08,0.000328760703186,0.1141065100091509,3624.28662109375,8468.0,7631.70458984375
darcy,2033,2033,2044,1,2,64,32,32,1.0219405766065393e-07,0.0006688213667323,0.1139166260254569,3624.28662109375,8468.0,7631.70458984375
darcy,2034,2034,2045,1,1,64,32,32,4.8919872597252834e-08,0.0003993403790509,0.1144467660051304,3624.9462890625,8468.0,7631.70458984375
darcy,2034,2034,2046,1,2,64,32,32,2.6530402763569327e-08,0.0002227901640511,0.1140063540078699,3624.9462890625,8468.0,7631.70458984375
darcy,2035,2035,2047,1,1,64,32,32,1.0685771911767007e-07,0.0006782178617741,0.1173741149832494,3624.9462890625,8468.0,7631.70458984375
darcy,2035,2035,2048,1,2,64,32,32,5.682127124373437e-08,0.0004207199547584,0.1141596259840298,3624.9462890625,8468.0,7631.70458984375
darcy,2036,2036,2049,1,1,64,32,32,3.7865095947609007e-08,0.0003231199897634,0.1145394259947352,3624.28662109375,8468.0,7631.70458984375
darcy,2036,2036,2050,1,2,64,32,32,7.784435496205333e-08,0.0005788763837027,0.1138945400016382,3624.28662109375,8468.0,7631.70458984375
darcy,2037,2037,2051,1,1,64,32,32,3.931558012482128e-08,0.0002836208631439,0.1147513150062877,3624.9462890625,8468.0,7631.70458984375
darcy,2037,2037,2052,1,2,64,32,32,2.8649997929619534e-08,0.0001430228722276,0.1141186660097446,3624.9462890625,8468.0,7631.70458984375
darcy,2038,2038,2053,1,1,64,32,32,9.520631749637688e-08,0.0006461639072232,0.1142727060068864,3624.28662109375,8468.0,7631.70458984375
darcy,2038,2038,2054,1,2,64,32,32,3.7908314709511615e-08,0.0002760518969579,0.1137907530064694,3624.28662109375,8468.0,7631.70458984375
darcy,2039,2039,2055,1,1,64,32,32,4.76505910285141e-08,0.0003601148046677,0.1144920520018786,3624.28662109375,8468.0,7631.70458984375
darcy,2039,2039,2056,1,2,64,32,32,6.21198807948531e-08,0.0004689474704384,0.1140580339997541,3624.28662109375,8468.0,7631.70458984375
darcy,2040,2040,2057,1,1,64,32,32,2.276424559966017e-08,0.0001190085028013,0.1143689079908654,3624.9462890625,8468.0,7631.70458984375
darcy,2040,2040,2058,1,2,64,32,32,3.890924205052215e-08,0.0002426047753433,0.114051342010498,3624.9462890625,8468.0,7631.70458984375
darcy,2041,2041,2059,1,1,64,32,32,6.389957007968405e-08,0.0004557580298776,0.1145681430061813,3624.9462890625,8468.0,7631.70458984375
darcy,2041,2041,2060,1,2,64,32,32,2.7475905994833738e-08,0.0002040545879485,0.1168213330092839,3624.9462890625,8468.0,7631.70458984375
darcy,2042,2042,2061,1,1,64,32,32,5.615376252876558e-08,0.0004337557507716,0.1167851039790548,3624.28662109375,8468.0,7631.70458984375
darcy,2042,2042,2062,1,2,64,32,32,6.114770911835876e-08,0.0004556925546948,0.1162910290004219,3624.28662109375,8468.0,7631.70458984375
darcy,2043,2043,2063,1,1,64,32,32,2.270304122475864e-08,9.6002536715389e-06,0.114534439984709,3624.9462890625,8468.0,7631.70458984375
darcy,2043,2043,2064,1,2,64,32,32,3.567442163898704e-08,0.0002920675954437,0.1144833450089208,3624.9462890625,8468.0,7631.70458984375
darcy,2044,2044,2065,1,1,64,32,32,6.707941224703974e-08,0.0004740053171182,0.1146223899850156,3624.28662109375,8468.0,7631.70458984375
darcy,2044,2044,2066,1,2,64,32,32,3.0754982560665673e-08,0.0001933211124176,0.1144916290068067,3624.28662109375,8468.0,7631.70458984375
darcy,2045,2045,2067,1,1,64,32,32,5.97163278825974e-08,0.0004682650334339,0.1145610240055248,3624.9462890625,8468.0,7631.70458984375
darcy,2045,2045,2068,1,2,64,32,32,6.749726111365817e-08,0.0005109651521078,0.1142191219842061,3624.9462890625,8468.0,7631.70458984375
darcy,2046,2046,2069,1,1,64,32,32,2.6313278667089438e-08,0.000104701798769,0.114337026985595,3624.28662109375,8468.0,7631.70458984375
darcy,2046,2046,2070,1,2,64,32,32,3.2910566716282126e-08,0.0002480678044711,0.1136968530190642,3624.28662109375,8468.0,7631.70458984375
darcy,2047,2047,2071,1,1,64,32,32,1.1076616601712885e-07,0.0006852691157432,0.1148181119933724,3624.9462890625,8468.0,7631.70458984375
darcy,2047,2047,2072,1,2,64,32,32,3.7722518442251385e-08,0.0002795496699164,0.1142901649873238,3624.9462890625,8468.0,7631.70458984375
darcy,2048,2048,2073,1,1,64,32,32,6.108187022846323e-08,0.0004751232608481,0.1141884250100702,3624.9462890625,8468.0,7631.70458984375
darcy,2048,2048,2074,1,2,64,32,32,8.116062133467494e-08,0.0005738035696182,0.1141497280041221,3624.9462890625,8468.0,7631.70458984375
darcy,2049,2049,2075,1,1,64,32,32,3.7018224929852295e-08,0.0002680010061491,0.1143820839934051,3624.28662109375,8468.0,7631.70458984375
darcy,2049,2049,2076,1,2,64,32,32,3.5227667893877885e-08,0.0003064216167521,0.1144333019910845,3624.28662109375,8468.0,7631.70458984375
darcy,2050,2050,2077,1,1,64,32,32,1.0175275377832804e-07,0.0006625946492425,0.1144897670019418,3624.9462890625,8468.0,7631.70458984375
darcy,2050,2050,2078,1,2,64,32,32,4.756190818966388e-08,0.0003399158674384,0.1140484829957131,3624.9462890625,8468.0,7631.70458984375
darcy,2051,2051,2079,1,1,64,32,32,5.1626802388682336e-08,0.0004249534856625,0.1141260119911748,3624.28662109375,8468.0,7631.70458984375
darcy,2051,2051,2080,1,2,64,32,32,7.57047899924146e-08,0.0005651099119018,0.1137513490102719,3624.28662109375,8468.0,7631.70458984375
darcy,2052,2052,2081,1,1,64,32,32,2.9727711847726823e-08,0.0002199865526266,0.1151358610077295,3624.28662109375,8468.0,7631.70458984375
darcy,2052,2052,2082,1,2,64,32,32,3.489809330403659e-08,0.0002245297467631,0.1141951800091192,3624.28662109375,8468.0,7631.70458984375
darcy,2053,2053,2083,1,1,64,32,32,9.617787810611844e-08,0.0006507999169654,0.1143102049827575,3624.9462890625,8468.0,7631.70458984375
darcy,2053,2053,2084,1,2,64,32,32,3.8719814909882195e-08,0.0002608354260433,0.1142478880065027,3624.9462890625,8468.0,7631.70458984375
darcy,2054,2054,2085,1,1,64,32,32,5.581004458576899e-08,0.0004363836303089,0.1145485450106207,3624.9462890625,8468.0,7631.70458984375
darcy,2054,2054,2086,1,2,64,32,32,7.111169963991415e-08,0.0005487590188158,0.1142402809928171,3624.9462890625,8468.0,7631.70458984375
darcy,2055,2055,2087,1,1,64,32,32,2.6032942912479484e-08,0.0001557841067155,0.1145139110158197,3624.28662109375,8468.0,7631.70458984375
darcy,2055,2055,2088,1,2,64,32,32,5.308513451041109e-08,0.0003983356570256,0.1145247530075721,3624.28662109375,8468.0,7631.70458984375
darcy,2056,2056,2089,1,1,64,32,32,7.806985280467417e-08,0.0005685490806019,0.1144670649955514,3624.9462890625,8468.0,7631.70458984375
darcy,2056,2056,2090,1,2,64,32,32,2.768779694406476e-08,0.0001442531769772,0.1144192290084902,3624.9462890625,8468.0,7631.70458984375
darcy,2057,2057,2091,1,1,64,32,32,7.51312114743996e-08,0.0005482844696517,0.1147142619884107,3624.28662109375,8468.0,7631.70458984375
darcy,2057,2057,2092,1,2,64,32,32,6.727538703898972e-08,0.0005280927298956,0.1143138530023861,3624.28662109375,8468.0,7631.70458984375
darcy,2058,2058,2093,1,1,64,32,32,2.2233184182596236e-08,2.4672275808288253e-05,0.1144648540066555,3624.9462890625,8468.0,7631.70458984375
darcy,2058,2058,2094,1,2,64,32,32,5.0734627166093567e-08,0.0004009097285893,0.1139697839971631,3624.9462890625,8468.0,7631.70458984375
darcy,2059,2059,2095,1,1,64,32,32,7.969774884486469e-08,0.0005561767157435,0.1169467440049629,3624.28662109375,8468.0,7631.70458984375
darcy,2059,2059,2096,1,2,64,32,32,2.223222139718928e-08,4.632969158153172e-05,0.1139181969920173,3624.28662109375,8468.0,7631.70458984375
darcy,2060,2060,2097,1,1,64,32,32,6.605417013361149e-08,0.000517729601155,0.1146345119923353,3624.9462890625,8468.0,7631.70458984375
darcy,2060,2060,2098,1,2,64,32,32,6.87282835087899e-08,0.0005232511354061,0.1142769229772966,3624.9462890625,8468.0,7631.70458984375
darcy,2061,2061,2099,1,1,64,32,32,2.5269084602541625e-08,1.0948057420722778e-05,0.1143853929825127,3624.9462890625,8468.0,7631.70458984375
darcy,2061,2061,2100,1,2,64,32,32,4.798403097083792e-08,0.0003843795786892,0.1141543969861231,3624.9462890625,8468.0,7631.70458984375
darcy,2062,2062,2101,1,1,64,32,32,9.237456310984272e-08,0.0006093067761965,0.114439361001132,3624.28662109375,8468.0,7631.70458984375
darcy,2062,2062,2102,1,2,64,32,32,2.4403759013580384e-08,0.0001374387015234,0.1142110810033045,3624.28662109375,8468.0,7631.70458984375
darcy,2063,2063,2103,1,1,64,32,32,8.517171323774164e-08,0.0005925306853048,0.1143867200007662,3624.9462890625,8468.0,7631.70458984375
darcy,2063,2063,2104,1,2,64,32,32,6.084403736394961e-08,0.0004717357696658,0.1141760059981606,3624.9462890625,8468.0,7631.70458984375
darcy,2064,2064,2105,1,1,64,32,32,2.517972319537876e-08,0.0001272659417499,0.1141462989908177,3624.28662109375,8468.0,7631.70458984375
darcy,2064,2064,2106,1,2,64,32,32,4.2111199860528365e-08,0.000358948813472,0.1142704289813991,3624.28662109375,8468.0,7631.70458984375
darcy,2065,2065,2107,1,1,64,32,32,1.0248800208501053e-07,0.0006649033683392,0.1146316610102076,3624.28662109375,8468.0,7631.70458984375
darcy,2065,2065,2108,1,2,64,32,32,3.4389593395189884e-08,0.0002094988402553,0.1142618359881453,3624.28662109375,8468.0,7631.70458984375
darcy,2066,2066,2109,1,1,64,32,32,6.668852847724338e-08,0.0005357964877453,0.114508504018886,3624.9462890625,8468.0,7631.70458984375
darcy,2066,2066,2110,1,2,64,32,32,7.305695248760459e-08,0.0005389585643699,0.1141769580135587,3624.9462890625,8468.0,7631.70458984375
darcy,2067,2067,2111,1,1,64,32,32,2.9418487201837703e-08,0.0001652791777452,0.1150094730255659,3624.9462890625,8468.0,7631.70458984375
darcy,2067,2067,2112,1,2,64,32,32,3.8250689726737626e-08,0.000308715168981,0.114575949992286,3624.9462890625,8468.0,7631.70458984375
darcy,2068,2068,2113,1,1,64,32,32,1.0147510209890245e-07,0.0006653550729632,0.1146409650100395,3624.28662109375,8468.0,7631.70458984375
darcy,2068,2068,2114,1,2,64,32,32,3.3851794256634093e-08,0.0002598771121862,0.1142967939958907,3624.28662109375,8468.0,7631.70458984375
darcy,2069,2069,2115,1,1,64,32,32,5.863296692609766e-08,0.0004744479151926,0.1143732679774984,3624.9462890625,8468.0,7631.70458984375
darcy,2069,2069,2116,1,2,64,32,32,7.878852414933135e-08,0.0005828085472197,0.1143591180152725,3624.9462890625,8468.0,7631.70458984375
darcy,2070,2070,2117,1,1,64,32,32,2.3384790992508897e-08,0.0001431736722858,0.114685400010785,3624.28662109375,8468.0,7631.70458984375
darcy,2070,2070,2118,1,2,64,32,32,3.5965349809430336e-08,0.0002783568839249,0.1145311360014602,3624.28662109375,8468.0,7631.70458984375
darcy,2071,2071,2119,1,1,64,32,32,8.808648743752202e-08,0.0006186447130189,0.1144052429881412,3624.9462890625,8468.0,7631.70458984375
darcy,2071,2071,2120,1,2,64,32,32,3.679497595499015e-08,0.000291632599659,0.1143667149881366,3624.9462890625,8468.0,7631.70458984375
darcy,2072,2072,2121,1,1,64,32,32,5.049308171578559e-08,0.0004411330328774,0.1148002489935606,3624.28662109375,8468.0,7631.70458984375
darcy,2072,2072,2122,1,2,64,32,32,9.155698421636772e-08,0.0006494945064169,0.1145113729871809,3624.28662109375,8468.0,7631.70458984375
darcy,2073,2073,2123,1,1,64,32,32,2.4390182318256848e-08,0.0001464290300156,0.1150265759788453,3624.9462890625,8468.0,7631.70458984375
darcy,2073,2073,2124,1,2,64,32,32,4.118049190537931e-08,0.0003426336376043,0.1146730559994466,3624.9462890625,8468.0,7631.70458984375
darcy,2074,2074,2125,1,1,64,32,32,9.399530398468414e-08,0.000645514593138,0.1144768779922742,3624.9462890625,8468.0,7631.70458984375
darcy,2074,2074,2126,1,2,64,32,32,3.357810030024666e-08,0.000276109530132,0.1141182950232178,3624.9462890625,8468.0,7631.70458984375
darcy,2075,2075,2127,1,1,64,32,32,5.995660501412203e-08,0.0004925063640858,0.1138870659924577,3624.28662109375,8468.0,7631.70458984375
darcy,2075,2075,2128,1,2,64,32,32,8.315500110711582e-08,0.0006027247402303,0.113940115988953,3624.28662109375,8468.0,7631.70458984375
darcy,2076,2076,2129,1,1,64,32,32,2.6791107998747066e-08,0.0002165761046592,0.114193338988116,3624.9462890625,8468.0,7631.70458984375
darcy,2076,2076,2130,1,2,64,32,32,3.8236922961232274e-08,0.0003297910127342,0.1140900389873422,3624.9462890625,8468.0,7631.70458984375
darcy,2077,2077,2131,1,1,64,32,32,1.1105687747203775e-07,0.000705366442049,0.1144305639900267,3624.28662109375,8468.0,7631.70458984375
darcy,2077,2077,2132,1,2,64,32,32,3.5935958209165626e-08,0.000304401451489,0.1145180900057312,3624.28662109375,8468.0,7631.70458984375
darcy,2078,2078,2133,1,1,64,32,32,6.305864275191199e-08,0.0004917211063687,0.1145862610137555,3624.28662109375,8468.0,7631.70458984375
darcy,2078,2078,2134,1,2,64,32,32,8.155789998909314e-08,0.0005863355185199,0.1144280540174804,3624.28662109375,8468.0,7631.70458984375
darcy,2079,2079,2135,1,1,64,32,32,2.9797501355233184e-08,0.0002427238526311,0.1147741299937479,3624.9462890625,8468.0,7631.70458984375
darcy,2079,2079,2136,1,2,64,32,32,3.0036613196671176e-08,0.0002766607905223,0.1147434749873355,3624.9462890625,8468.0,7631.70458984375
darcy,2080,2080,2137,1,1,64,32,32,1.0774275693847812e-07,0.0006833246525359,0.1155957219889387,3624.9462890625,8468.0,7631.70458984375
darcy,2080,2080,2138,1,2,64,32,32,4.807649744975606e-08,0.0003689898977991,0.1146993330039549,3624.9462890625,8468.0,7631.70458984375
darcy,2081,2081,2139,1,1,64,32,32,5.567725480659647e-08,0.0004671226291553,0.1143104080110788,3624.28662109375,8468.0,7631.70458984375
darcy,2081,2081,2140,1,2,64,32,32,8.626469849559727e-08,0.0006087529272043,0.1142612149997148,3624.28662109375,8468.0,7631.70458984375
darcy,2082,2082,2141,1,1,64,32,32,3.4095638312692245e-08,0.0002686313447427,0.1141729119990486,3624.9462890625,8468.0,7631.70458984375
darcy,2082,2082,2142,1,2,64,32,32,3.361462219686473e-08,0.0003057370323325,0.1137938509928062,3624.9462890625,8468.0,7631.70458984375
darcy,2083,2083,2143,1,1,64,32,32,1.0751484325055573e-07,0.0006949824539549,0.1142789460136555,3624.28662109375,8468.0,7631.70458984375
darcy,2083,2083,2144,1,2,64,32,32,4.58249722612436e-08,0.0003431338674668,0.1137505770020652,3624.28662109375,8468.0,7631.70458984375
darcy,2084,2084,2145,1,1,64,32,32,5.5050321634553256e-08,0.000464958517801,0.114610029006144,3624.9462890625,8468.0,7631.70458984375
darcy,2084,2084,2146,1,2,64,32,32,8.455213418301356e-08,0.0006173311339396,0.1136248810216784,3624.9462890625,8468.0,7631.70458984375
darcy,2085,2085,2147,1,1,64,32,32,2.6449216150581375e-08,0.0002179843604646,0.1145543809980154,3624.28662109375,8468.0,7631.70458984375
darcy,2085,2085,2148,1,2,64,32,32,3.1561821600689655e-08,0.0002073324931057,0.1143140170024707,3624.28662109375,8468.0,7631.70458984375
darcy,2086,2086,2149,1,1,64,32,32,1.1208702233034273e-07,0.0007116928143127,0.1143013210094068,3624.9462890625,8468.0,7631.70458984375
darcy,2086,2086,2150,1,2,64,32,32,4.6401094522252606e-08,0.0003775267422598,0.1143023659824393,3624.9462890625,8468.0,7631.70458984375
darcy,2087,2087,2151,1,1,64,32,32,5.1578432191945474e-08,0.0004400027966319,0.1148010579927358,3624.9462890625,8468.0,7631.70458984375
darcy,2087,2087,2152,1,2,64,32,32,8.06641082817805e-08,0.0005983193223244,0.1139756379998289,3624.9462890625,8468.0,7631.70458984375
darcy,2088,2088,2153,1,1,64,32,32,3.1810692746603315e-08,0.0002833498595627,0.1168989999860059,3624.28662109375,8468.0,7631.70458984375
darcy,2088,2088,2154,1,2,64,32,32,2.8709571608942497e-08,0.000231699453541,0.1141460389771964,3624.28662109375,8468.0,7631.70458984375
darcy,2089,2089,2155,1,1,64,32,32,1.0429452856897117e-07,0.000684254338233,0.1141117310035042,3624.9462890625,8468.0,7631.70458984375
darcy,2089,2089,2156,1,2,64,32,32,5.0359872716398975e-08,0.0004080716138988,0.1140357439871877,3624.9462890625,8468.0,7631.70458984375
darcy,2090,2090,2157,1,1,64,32,32,4.587096569252935e-08,0.0004078112822725,0.1142358400102239,3624.28662109375,8468.0,7631.70458984375
darcy,2090,2090,2158,1,2,64,32,32,8.761363545772839e-08,0.0006302590782959,0.1141288130020257,3624.28662109375,8468.0,7631.70458984375
darcy,2091,2091,2159,1,1,64,32,32,3.0279228013796455e-08,0.0002782155432789,0.114442677993793,3624.28662109375,8468.0,7631.70458984375
darcy,2091,2091,2160,1,2,64,32,32,2.268071241928737e-08,0.0001870970434155,0.1142247949901502,3624.28662109375,8468.0,7631.70458984375
darcy,2092,2092,2161,1,1,64,32,32,1.1019759682540099e-07,0.0007091051909262,0.1140546280075796,3624.9462890625,8468.0,7631.70458984375
darcy,2092,2092,2162,1,2,64,32,32,4.5964281270016734e-08,0.000387527047223,0.1138128710153978,3624.9462890625,8468.0,7631.70458984375
darcy,2093,2093,2163,1,1,64,32,32,4.018395927118945e-08,0.0003508942046039,0.1145069760095793,3624.9462890625,8468.0,7631.70458984375
darcy,2093,2093,2164,1,2,64,32,32,8.40199092522198e-08,0.0006173440231662,0.1144354040152393,3624.9462890625,8468.0,7631.70458984375
darcy,2094,2094,2165,1,1,64,32,32,3.7301763455843684e-08,0.00033676368706,0.1142615650023799,3624.28662109375,8468.0,7631.70458984375
darcy,2094,2094,2166,1,2,64,32,32,2.5184009544432232e-08,0.0002271496144459,0.114100644015707,3624.28662109375,8468.0,7631.70458984375
darcy,2095,2095,2167,1,1,64,32,32,9.71784004377696e-08,0.0006601708101564,0.1141524639970157,3624.9462890625,8468.0,7631.70458984375
darcy,2095,2095,2168,1,2,64,32,32,5.7045284052037466e-08,0.0004390554175347,0.1139697420003358,3624.9462890625,8468.0,7631.70458984375
darcy,2096,2096,2169,1,1,64,32,32,3.9674002749734434e-08,0.0003534908271462,0.1145466309972107,3624.28662109375,8468.0,7631.70458984375
darcy,2096,2096,2170,1,2,64,32,32,9.635062525603645e-08,0.0006659178461159,0.11405184600153,3624.28662109375,8468.0,7631.70458984375
darcy,2097,2097,2171,1,1,64,32,32,3.29352722872045e-08,0.0003038186449528,0.1142562969762366,3624.9462890625,8468.0,7631.70458984375
darcy,2097,2097,2172,1,2,64,32,32,2.8971516741194137e-08,0.0002222174505216,0.1136979360016994,3624.9462890625,8468.0,7631.70458984375
darcy,2098,2098,2173,1,1,64,32,32,1.1455909998403513e-07,0.0007159473232817,0.1146760289848316,3624.28662109375,8468.0,7631.70458984375
darcy,2098,2098,2174,1,2,64,32,32,4.2780076370263493e-08,0.0003568201793689,0.1143817710108123,3624.28662109375,8468.0,7631.70458984375
darcy,2099,2099,2175,1,1,64,32,32,4.5982222474094676e-08,0.0004018729366451,0.1144790770194958,3624.9462890625,8468.0,7631.70458984375
darcy,2099,2099,2176,1,2,64,32,32,8.012295893422562e-08,0.0005976423453735,0.1142012929776683,3624.9462890625,8468.0,7631.70458984375
darcy,2100,2100,2177,1,1,64,32,32,2.7106937139365076e-08,0.0002180855309807,0.1143091839912813,3624.9462890625,8468.0,7631.70458984375
darcy,2100,2100,2178,1,2,64,32,32,2.5650676249711072e-08,0.0002103838788396,0.1140282540000043,3624.9462890625,8468.0,7631.70458984375
darcy,2101,2101,2179,1,1,64,32,32,8.845801602319625e-08,0.0006266039973484,0.1139287060068454,3624.28662109375,8468.0,7631.70458984375
darcy,2101,2101,2180,1,2,64,32,32,4.5716408436646816e-08,0.0003622498285852,0.113821201986866,3624.28662109375,8468.0,7631.70458984375
darcy,2102,2102,2181,1,1,64,32,32,4.2958607338050576e-08,0.0003769946381925,0.1144007080001756,3624.9462890625,8468.0,7631.70458984375
darcy,2102,2102,2182,1,2,64,32,32,9.202122441820393e-08,0.0006417461983028,0.1146453309920616,3624.9462890625,8468.0,7631.70458984375
darcy,2103,2103,2183,1,1,64,32,32,2.5944023818169626e-08,0.0002221870401684,0.1144498659996315,3624.28662109375,8468.0,7631.70458984375
darcy,2103,2103,2184,1,2,64,32,32,2.8172648214308538e-08,0.0002391804694307,0.1138283149921335,3624.28662109375,8468.0,7631.70458984375
darcy,2104,2104,2185,1,1,64,32,32,1.15627173613575e-07,0.0007170369658854,0.1144379120087251,3624.28662109375,8468.0,7631.70458984375
darcy,2104,2104,2186,1,2,64,32,32,3.5850760582434305e-08,0.0002993429437568,0.1135924140107818,3624.28662109375,8468.0,7631.70458984375
darcy,2105,2105,2187,1,1,64,32,32,5.254574020341352e-08,0.000445730138454,0.1140730580082163,3624.9462890625,8468.0,7631.70458984375
darcy,2105,2105,2188,1,2,64,32,32,7.59872520461613e-08,0.0005724612962363,0.1136933740053791,3624.9462890625,8468.0,7631.70458984375
darcy,2106,2106,2189,1,1,64,32,32,3.4861258768614796e-08,0.0002841622221431,0.1145245820225682,3624.9462890625,8468.0,7631.70458984375
darcy,2106,2106,2190,1,2,64,32,32,3.4716958197122956e-08,0.0003195046710876,0.1140169890131801,3624.9462890625,8468.0,7631.70458984375
darcy,2107,2107,2191,1,1,64,32,32,1.0489935675650487e-07,0.00068851987952,0.1144237180124037,3624.28662109375,8468.0,7631.70458984375
darcy,2107,2107,2192,1,2,64,32,32,4.618590310201398e-08,0.000335223280014,0.1142563939793035,3624.28662109375,8468.0,7631.70458984375
darcy,2108,2108,2193,1,1,64,32,32,5.29884012223647e-08,0.000457843505434,0.1146560549968853,3624.9462890625,8468.0,7631.70458984375
darcy,2108,2108,2194,1,2,64,32,32,8.890280867035473e-08,0.0006181973501384,0.1137434439733624,3624.9462890625,8468.0,7631.70458984375
darcy,2109,2109,2195,1,1,64,32,32,3.5002507559056546e-08,0.0002697266617863,0.1144459189963527,3624.28662109375,8468.0,7631.70458984375
darcy,2109,2109,2196,1,2,64,32,32,3.2346793688020625e-08,0.0002642595890981,0.1147187970054801,3624.28662109375,8468.0,7631.70458984375
darcy,2110,2110,2197,1,1,64,32,32,1.19905678275245e-07,0.0007437785231635,0.1141848109837155,3624.9462890625,8468.0,7631.70458984375
darcy,2110,2110,2198,1,2,64,32,32,4.589981372760121e-08,0.0003372725128603,0.1141307599900756,3624.9462890625,8468.0,7631.70458984375
darcy,2111,2111,2199,1,1,64,32,32,5.608893260955484e-08,0.0004726724114426,0.1143545000231824,3624.28662109375,8468.0,7631.70458984375
darcy,2111,2111,2200,1,2,64,32,32,7.273074942304447e-08,0.0005594323759714,0.1141123349952977,3624.28662109375,8468.0,7631.70458984375
darcy,2112,2112,2201,1,1,64,32,32,3.4041228502701415e-08,0.0002735143898186,0.1142510139907244,3624.9462890625,8468.0,7631.70458984375
darcy,2112,2112,2202,1,2,64,32,32,3.0602606670981913e-08,0.0002576909414371,0.1139322689850814,3624.9462890625,8468.0,7631.70458984375
darcy,2113,2113,2203,1,1,64,32,32,9.068212136753573e-08,0.0006281037077821,0.1142496469838079,3624.9462890625,8468.0,7631.70458984375
darcy,2113,2113,2204,1,2,64,32,32,4.7236976996600795e-08,0.0003865874436102,0.1142620099999476,3624.9462890625,8468.0,7631.70458984375
darcy,2114,2114,2205,1,1,64,32,32,4.2736264305176526e-08,0.000374202864937,0.114338636980392,3624.28662109375,8468.0,7631.70458984375
darcy,2114,2114,2206,1,2,64,32,32,9.091768760072229e-08,0.0006426764541273,0.1141226989857386,3624.28662109375,8468.0,7631.70458984375
darcy,2115,2115,2207,1,1,64,32,32,2.9757552866271908e-08,0.0002675674305031,0.1143913909909315,3624.9462890625,8468.0,7631.70458984375
darcy,2115,2115,2208,1,2,64,32,32,3.048988972409461e-08,0.0002486640475957,0.1142123320023529,3624.9462890625,8468.0,7631.70458984375
darcy,2116,2116,2209,1,1,64,32,32,1.103527651480363e-07,0.0007038592715557,0.1145763400127179,3624.28662109375,8468.0,7631.70458984375
darcy,2116,2116,2210,1,2,64,32,32,3.717881824627512e-08,0.0003198295300312,0.1141424720117356,3624.28662109375,8468.0,7631.70458984375
darcy,2117,2117,2211,1,1,64,32,32,4.509365325588988e-08,0.0004036192211255,0.1145825459971092,3624.28662109375,8468.0,7631.70458984375
darcy,2117,2117,2212,1,2,64,32,32,8.020192154845064e-08,0.0005943605259085,0.1144225189927965,3624.28662109375,8468.0,7631.70458984375
darcy,2118,2118,2213,1,1,64,32,32,3.1336369943346654e-08,0.0002774842270859,0.1145950139907654,3624.9462890625,8468.0,7631.70458984375
darcy,2118,2118,2214,1,2,64,32,32,3.099093248692952e-08,0.000277906712552,0.1141029389982577,3624.9462890625,8468.0,7631.70458984375
darcy,2119,2119,2215,1,1,64,32,32,1.0002334960290683e-07,0.0006642365066093,0.1145779149956069,3624.9462890625,8468.0,7631.70458984375
darcy,2119,2119,2216,1,2,64,32,32,3.8268890278914114e-08,0.000306795567638,0.1138912619790062,3624.9462890625,8468.0,7631.70458984375
darcy,2120,2120,2217,1,1,64,32,32,4.7043720030615084e-08,0.0004083094459951,0.1147379849862773,3624.28662109375,8468.0,7631.70458984375
darcy,2120,2120,2218,1,2,64,32,32,7.608144869664103e-08,0.0005786732831463,0.1144811880076304,3624.28662109375,8468.0,7631.70458984375
darcy,2121,2121,2219,1,1,64,32,32,2.6115097639944903e-08,0.0001728707677307,0.1145020269905217,3624.9462890625,8468.0,7631.70458984375
darcy,2121,2121,2220,1,2,64,32,32,2.7846859040892014e-08,0.0002094109038205,0.1142000399995595,3624.9462890625,8468.0,7631.70458984375
darcy,2122,2122,2221,1,1,64,32,32,8.689700337072281e-08,0.0006171775943879,0.1144909959984943,3624.28662109375,8468.0,7631.70458984375
darcy,2122,2122,2222,1,2,64,32,32,3.774598766881354e-08,0.0002957909240844,0.1144999010139145,3624.28662109375,8468.0,7631.70458984375
darcy,2123,2123,2223,1,1,64,32,32,4.445275791908898e-08,0.0003896106230279,0.1141431090072728,3624.9462890625,8468.0,7631.70458984375
darcy,2123,2123,2224,1,2,64,32,32,6.945109021216922e-08,0.0005336366972543,0.1143657130014617,3624.9462890625,8468.0,7631.70458984375
darcy,2124,2124,2225,1,1,64,32,32,2.3667579895914063e-08,0.0001616200706369,0.1143200149817857,3624.28662109375,8468.0,7631.70458984375
darcy,2124,2124,2226,1,2,64,32,32,2.5658628999281063e-08,0.0001995762455213,0.1143115129962097,3624.28662109375,8468.0,7631.70458984375
darcy,2125,2125,2227,1,1,64,32,32,7.675070889945347e-08,0.0005645412553032,0.1144294209952931,3624.9462890625,8468.0,7631.70458984375
darcy,2125,2125,2228,1,2,64,32,32,4.00716189119521e-08,0.0003024464204433,0.1143371780053712,3624.9462890625,8468.0,7631.70458984375
darcy,2126,2126,2229,1,1,64,32,32,3.959961958344138e-08,0.0003621437716965,0.1140510379918851,3624.9462890625,8468.0,7631.70458984375
darcy,2126,2126,2230,1,2,64,32,32,7.86940148600479e-08,0.0005706914690605,0.1145134700054768,3624.9462890625,8468.0,7631.70458984375
darcy,2127,2127,2231,1,1,64,32,32,2.1996497068244025e-08,0.0001671974323766,0.1145710790005978,3624.28662109375,8468.0,7631.70458984375
darcy,2127,2127,2232,1,2,64,32,32,2.9128685241630592e-08,0.0002511002673527,0.1142415029753465,3624.28662109375,8468.0,7631.70458984375
darcy,2128,2128,2233,1,1,64,32,32,9.19969807000598e-08,0.0006237391457784,0.1145235559961292,3624.9462890625,8468.0,7631.70458984375
darcy,2128,2128,2234,1,2,64,32,32,3.178263341396814e-08,0.0002468221381017,0.1140402699820697,3624.9462890625,8468.0,7631.70458984375
darcy,2129,2129,2235,1,1,64,32,32,4.803972686318048e-08,0.0004288891681299,0.11444323399337,3624.28662109375,8468.0,7631.70458984375
darcy,2129,2129,2236,1,2,64,32,32,8.17238472450299e-08,0.0005890983047294,0.1141094710037577,3624.28662109375,8468.0,7631.70458984375
darcy,2130,2130,2237,1,1,64,32,32,2.8760895887103288e-08,0.0001753776088211,0.1149242449901066,3624.28662109375,8468.0,7631.70458984375
darcy,2130,2130,2238,1,2,64,32,32,3.7631085803013775e-08,0.0003487385287121,0.114485969999805,3624.28662109375,8468.0,7631.70458984375
darcy,2131,2131,2239,1,1,64,32,32,9.478434037646367e-08,0.0006373041469437,0.1145755139878019,3624.9462890625,8468.0,7631.70458984375
darcy,2131,2131,2240,1,2,64,32,32,4.098676242847432e-08,0.0003159475983279,0.1163854140031617,3624.9462890625,8468.0,7631.70458984375
darcy,2132,2132,2241,1,1,64,32,32,5.9212649006212814e-08,0.0004936749931521,0.1141245770268142,3624.9462890625,8468.0,7631.70458984375
darcy,2132,2132,2242,1,2,64,32,32,9.169808379283496e-08,0.0006280757928439,0.1143507599772419,3624.9462890625,8468.0,7631.70458984375
darcy,2133,2133,2243,1,1,64,32,32,3.3821478950812895e-08,0.0002398318217617,0.1144805549993179,3624.28662109375,8468.0,7631.70458984375
darcy,2133,2133,2244,1,2,64,32,32,3.0816352136753267e-08,0.0002690688020095,0.11419026798103,3624.28662109375,8468.0,7631.70458984375
darcy,2134,2134,2245,1,1,64,32,32,1.296980940423964e-07,0.0007718630461973,0.1144516810018103,3624.9462890625,8468.0,7631.70458984375
darcy,2134,2134,2246,1,2,64,32,32,4.775754192110072e-08,0.0003524825882543,0.1143091179837938,3624.9462890625,8468.0,7631.70458984375
darcy,2135,2135,2247,1,1,64,32,32,5.40219140532372e-08,0.0004551119204927,0.1141823490033857,3624.28662109375,8468.0,7631.70458984375
darcy,2135,2135,2248,1,2,64,32,32,8.901884029910435e-08,0.0006286367052466,0.1137135839962866,3624.28662109375,8468.0,7631.70458984375
darcy,2136,2136,2249,1,1,64,32,32,4.38610960884489e-08,0.0003376874083276,0.1144674679962918,3624.9462890625,8468.0,7631.70458984375
darcy,2136,2136,2250,1,2,64,32,32,3.491648925546542e-08,0.0002949774644929,0.1144023590022698,3624.9462890625,8468.0,7631.70458984375
darcy,2137,2137,2251,1,1,64,32,32,1.0738275335597792e-07,0.00068743088674,0.1148348799906671,3624.28662109375,8468.0,7631.70458984375
darcy,2137,2137,2252,1,2,64,32,32,5.412335823962167e-08,0.0004185739897389,0.1141726640053093,3624.28662109375,8468.0,7631.70458984375
darcy,2138,2138,2253,1,1,64,32,32,4.894345551065271e-08,0.0004169101119393,0.1143836850242223,3624.9462890625,8468.0,7631.70458984375
darcy,2138,2138,2254,1,2,64,32,32,8.56898765277947e-08,0.0006134891927492,0.1142070280038751,3624.9462890625,8468.0,7631.70458984375
darcy,2139,2139,2255,1,1,64,32,32,3.223322408985041e-08,0.0002778525357024,0.1140490550023969,3624.9462890625,8468.0,7631.70458984375
darcy,2139,2139,2256,1,2,64,32,32,2.863719217316429e-08,0.0002099014961003,0.1146262710099108,3624.9462890625,8468.0,7631.70458984375
darcy,2140,2140,2257,1,1,64,32,32,1.0298218455773168e-07,0.0006707864744879,0.115877325006295,3624.28662109375,8468.0,7631.70458984375
darcy,2140,2140,2258,1,2,64,32,32,3.989938335280385e-08,0.0003431030425553,0.1141568449966143,3624.28662109375,8468.0,7631.70458984375
darcy,2141,2141,2259,1,1,64,32,32,4.098768258131713e-08,0.0003727104356875,0.114475415990455,3624.9462890625,8468.0,7631.70458984375
darcy,2141,2141,2260,1,2,64,32,32,7.310046612474252e-08,0.000558032145271,0.1141836690076161,3624.9462890625,8468.0,7631.70458984375
darcy,2142,2142,2261,1,1,64,32,32,2.9451605598751485e-08,0.0002470068919029,0.1144460109935607,3624.28662109375,8468.0,7631.70458984375
darcy,2142,2142,2262,1,2,64,32,32,2.6226503635484733e-08,0.0002117774674928,0.1143441580061335,3624.28662109375,8468.0,7631.70458984375
darcy,2143,2143,2263,1,1,64,32,32,9.554854329962836e-08,0.0006458306592204,0.1142540099972393,3624.28662109375,8468.0,7631.70458984375
darcy,2143,2143,2264,1,2,64,32,32,3.5802365516701684e-08,0.0002632850016903,0.1142049019981641,3624.28662109375,8468.0,7631.70458984375
darcy,2144,2144,2265,1,1,64,32,32,4.4807958232695455e-08,0.0003967552928494,0.1145312279986683,3624.9462890625,8468.0,7631.70458984375
darcy,2144,2144,2266,1,2,64,32,32,6.568538424289727e-08,0.0005267655597969,0.11409952599206,3624.9462890625,8468.0,7631.70458984375
darcy,2145,2145,2267,1,1,64,32,32,2.5142691484347782e-08,0.0001565702444442,0.114194547990337,3624.9462890625,8468.0,7631.70458984375
darcy,2145,2145,2268,1,2,64,32,32,3.3354556450149175e-08,0.000262039318511,0.1137389260111376,3624.9462890625,8468.0,7631.70458984375
darcy,2146,2146,2269,1,1,64,32,32,7.68781163174026e-08,0.0005587454637805,0.116800958989188,3624.28662109375,8468.0,7631.70458984375
darcy,2146,2146,2270,1,2,64,32,32,3.0420586938362255e-08,0.0002399410009659,0.1163846720010042,3624.28662109375,8468.0,7631.70458984375
darcy,2147,2147,2271,1,1,64,32,32,5.6281088234300114e-08,0.0004515499384353,0.1209034579806029,3624.9462890625,8468.0,7631.70458984375
darcy,2147,2147,2272,1,2,64,32,32,5.6371824541656685e-08,0.0004706963313522,0.1162837889860384,3624.9462890625,8468.0,7631.70458984375
darcy,2148,2148,2273,1,1,64,32,32,2.202606808054952e-08,0.0001627391786319,0.1169444280094467,3624.28662109375,8468.0,7631.70458984375
darcy,2148,2148,2274,1,2,64,32,32,4.7283620574489766e-08,0.0003691956593188,0.1163463839911855,3624.28662109375,8468.0,7631.70458984375
darcy,2149,2149,2275,1,1,64,32,32,7.667409107625646e-08,0.0005522338769029,0.1167540200112853,3624.9462890625,8468.0,7631.70458984375
darcy,2149,2149,2276,1,2,64,32,32,2.4498673312223215e-08,0.0001575009209346,0.1162090509897098,3624.9462890625,8468.0,7631.70458984375
darcy,2150,2150,2277,1,1,64,32,32,5.5092890249852644e-08,0.0004673875296383,0.1166885620041284,3624.28662109375,8468.0,7631.70458984375
darcy,2150,2150,2278,1,2,64,32,32,7.936366586136502e-08,0.0005483230086453,0.1163544949959032,3624.28662109375,8468.0,7631.70458984375
darcy,2151,2151,2279,1,1,64,32,32,2.0190807248354762e-08,7.45166696262976e-05,0.1169080839899834,3624.9462890625,8468.0,7631.70458984375
darcy,2151,2151,2280,1,2,64,32,32,4.4300257684426476e-08,0.0003746189793122,0.1164036359987221,3624.9462890625,8468.0,7631.70458984375
darcy,2152,2152,2281,1,1,64,32,32,9.069043471754412e-08,0.0006010780257613,0.1168147849966771,3624.9462890625,8468.0,7631.70458984375
darcy,2152,2152,2282,1,2,64,32,32,3.1825216240122245e-08,0.000197805230928,0.1160469000169541,3624.9462890625,8468.0,7631.70458984375
darcy,2153,2153,2283,1,1,64,32,32,6.94300794634728e-08,0.0005437815352848,0.1162497799959965,3624.28662109375,8468.0,7631.70458984375
darcy,2153,2153,2284,1,2,64,32,32,7.972536053557634e-08,0.0005730733296321,0.1161570989934261,3624.28662109375,8468.0,7631.70458984375
darcy,2154,2154,2285,1,1,64,32,32,3.073403220810178e-08,0.0001739997591479,0.1163655540149193,3624.9462890625,8468.0,7631.70458984375
darcy,2154,2154,2286,1,2,64,32,32,5.105300715513295e-08,0.0004349885477605,0.1157797380001284,3624.9462890625,8468.0,7631.70458984375
darcy,2155,2155,2287,1,1,64,32,32,1.140504011232224e-07,0.00069743152882,0.1163640359882265,3624.28662109375,8468.0,7631.70458984375
darcy,2155,2155,2288,1,2,64,32,32,3.9570576149117194e-08,0.0002846258714561,0.1204783130087889,3624.28662109375,8468.0,7631.70458984375
darcy,2156,2156,2289,1,1,64,32,32,7.477754593310237e-08,0.0005739774209591,0.1144759210001211,3624.28662109375,8468.0,7631.70458984375
darcy,2156,2156,2290,1,2,64,32,32,1.0133664574141221e-07,0.0006753438035158,0.1137073120044078,3624.28662109375,8468.0,7631.70458984375
darcy,2157,2157,2291,1,1,64,32,32,3.5094007699854046e-08,0.000213452804876,0.1146095730073284,3624.9462890625,8468.0,7631.70458984375
darcy,2157,2157,2292,1,2,64,32,32,3.9679481034227144e-08,0.0003347401819774,0.1141819430049508,3624.9462890625,8468.0,7631.70458984375
darcy,2158,2158,2293,1,1,64,32,32,1.284744399754345e-07,0.0007789047486268,0.1142237010062672,3624.9462890625,8468.0,7631.70458984375
darcy,2158,2158,2294,1,2,64,32,32,5.506523592657687e-08,0.000395381893308,0.1141631170175969,3624.9462890625,8468.0,7631.70458984375
darcy,2159,2159,2295,1,1,64,32,32,5.886357357098859e-08,0.0004747726345219,0.1142324300017207,3624.28662109375,8468.0,7631.70458984375
darcy,2159,2159,2296,1,2,64,32,32,1.1965461510499156e-07,0.0007533828457613,0.114615140017122,3624.28662109375,8468.0,7631.70458984375
darcy,2160,2160,2297,1,1,64,32,32,4.113624285650985e-08,0.0003390569705702,0.1143697179795708,3624.9462890625,8468.0,7631.70458984375
darcy,2160,2160,2298,1,2,64,32,32,4.2204629124853454e-08,0.0003350119710194,0.1139904410229064,3624.9462890625,8468.0,7631.70458984375
darcy,2161,2161,2299,1,1,64,32,32,1.3221078631886485e-07,0.0007875135041047,0.1144982939877081,3624.28662109375,8468.0,7631.70458984375
darcy,2161,2161,2300,1,2,64,32,32,5.5103804186273926e-08,0.0004295257197713,0.1140374029928352,3624.28662109375,8468.0,7631.70458984375
darcy,2162,2162,2301,1,1,64,32,32,5.701526006873792e-08,0.0004516757947953,0.1144797409942839,3624.9462890625,8468.0,7631.70458984375
darcy,2162,2162,2302,1,2,64,32,32,9.664662314889939e-08,0.0006696245391952,0.1142906780005432,3624.9462890625,8468.0,7631.70458984375
darcy,2163,2163,2303,1,1,64,32,32,3.8953007930331296e-08,0.0003409123806772,0.1142846269940491,3624.28662109375,8468.0,7631.70458984375
darcy,2163,2163,2304,1,2,64,32,32,3.095554035326131e-08,0.0002205903317151,0.1140026810171548,3624.28662109375,8468.0,7631.70458984375
darcy,2164,2164,2305,1,1,64,32,32,1.24746435403722e-07,0.000757789138664,0.1143009150109719,3624.9462890625,8468.0,7631.70458984375
darcy,2164,2164,2306,1,2,64,32,32,4.6670027842310446e-08,0.0003748636644014,0.1143760020204354,3624.9462890625,8468.0,7631.70458984375
darcy,2165,2165,2307,1,1,64,32,32,4.555541011086461e-08,0.0003901053726649,0.1144820009940303,3624.9462890625,8468.0,7631.70458984375
darcy,2165,2165,2308,1,2,64,32,32,8.426274433759319e-08,0.0006112604144212,0.1146622690139338,3624.9462890625,8468.0,7631.70458984375
darcy,2166,2166,2309,1,1,64,32,32,3.084933908326093e-08,0.0002594696371936,0.1141256910050287,3624.28662109375,8468.0,7631.70458984375
darcy,2166,2166,2310,1,2,64,32,32,2.8471186297451826e-08,0.0002126001990772,0.1140882640029303,3624.28662109375,8468.0,7631.70458984375
darcy,2167,2167,2311,1,1,64,32,32,9.81887353646016e-08,0.0006514597569075,0.1147454879828728,3624.9462890625,8468.0,7631.70458984375
darcy,2167,2167,2312,1,2,64,32,32,4.1902453062903084e-08,0.0003277916433607,0.1143671300087589,3624.9462890625,8468.0,7631.70458984375
darcy,2168,2168,2313,1,1,64,32,32,4.33798597043733e-08,0.0003798469970863,0.1146374670206569,3624.28662109375,8468.0,7631.70458984375
darcy,2168,2168,2314,1,2,64,32,32,7.925046219270372e-08,0.0005955053390623,0.1139335100015159,3624.28662109375,8468.0,7631.70458984375
darcy,2169,2169,2315,1,1,64,32,32,3.256636915693889e-08,0.0002504403846005,0.1170531199895776,3624.28662109375,8468.0,7631.70458984375
darcy,2169,2169,2316,1,2,64,32,32,4.33458566817535e-08,0.0003313226945887,0.1141172390198335,3624.28662109375,8468.0,7631.70458984375
darcy,2170,2170,2317,1,1,64,32,32,8.98359928669379e-08,0.0006195931607835,0.1148674460127949,3624.9462890625,8468.0,7631.70458984375
darcy,2170,2170,2318,1,2,64,32,32,3.5299411393907576e-08,0.0002809603278312,0.1147588140156585,3624.9462890625,8468.0,7631.70458984375
darcy,2171,2171,2319,1,1,64,32,32,6.659639240069738e-08,0.0004862509370939,0.1143355660024099,3624.9462890625,8468.0,7631.70458984375
darcy,2171,2171,2320,1,2,64,32,32,5.6575242268763766e-08,0.0004739730615301,0.1140123299846891,3624.9462890625,8468.0,7631.70458984375
darcy,2172,2172,2321,1,1,64,32,32,2.4058385506009472e-08,0.0001775048498569,0.1148961389844771,3624.28662109375,8468.0,7631.70458984375
darcy,2172,2172,2322,1,2,64,32,32,2.689241718201174e-08,0.0002202546243665,0.1144110030145384,3624.28662109375,8468.0,7631.70458984375
darcy,2173,2173,2323,1,1,64,32,32,7.982622918234483e-08,0.0005644880381388,0.1143678340013139,3624.9462890625,8468.0,7631.70458984375
darcy,2173,2173,2324,1,2,64,32,32,4.226069449941861e-08,0.0003359267689224,0.1141114869969897,3624.9462890625,8468.0,7631.70458984375
darcy,2174,2174,2325,1,1,64,32,32,4.486511784307368e-08,0.0003846654357377,0.1149745239818003,3624.28662109375,8468.0,7631.70458984375
darcy,2174,2174,2326,1,2,64,32,32,8.574598098221031e-08,0.0005863920183901,0.1145510830101557,3624.28662109375,8468.0,7631.70458984375
darcy,2175,2175,2327,1,1,64,32,32,2.8427203702108272e-08,0.0002213364233234,0.1148928740003611,3624.9462890625,8468.0,7631.70458984375
darcy,2175,2175,2328,1,2,64,32,32,3.0735886724642114e-08,0.0002759604321771,0.1145932560029905,3624.9462890625,8468.0,7631.70458984375
darcy,2176,2176,2329,1,1,64,32,32,1.0596023969355885e-07,0.000667843003391,0.114604569011135,3624.28662109375,8468.0,7631.70458984375
darcy,2176,2176,2330,1,2,64,32,32,4.4246682762150165e-08,0.0003162487170143,0.1142231660196557,3624.28662109375,8468.0,7631.70458984375
darcy,2177,2177,2331,1,1,64,32,32,5.717058826348875e-08,0.0004755306107023,0.1146215169865172,3624.9462890625,8468.0,7631.70458984375
darcy,2177,2177,2332,1,2,64,32,32,7.98547077351941e-08,0.000568719797711,0.114160308992723,3624.9462890625,8468.0,7631.70458984375
darcy,2178,2178,2333,1,1,64,32,32,3.3011463784760053e-08,0.0002255735918291,0.114179038995644,3624.9462890625,8468.0,7631.70458984375
darcy,2178,2178,2334,1,2,64,32,32,2.85180554726594e-08,0.0002342170883277,0.1139894759980961,3624.9462890625,8468.0,7631.70458984375
darcy,2179,2179,2335,1,1,64,32,32,1.0287528340313656e-07,0.0006753560435608,0.1144539959786925,3624.28662109375,8468.0,7631.70458984375
darcy,2179,2179,2336,1,2,64,32,32,6.880736691528e-08,0.000423830138915,0.1146741309785284,3624.28662109375,8468.0,7631.70458984375
darcy,2180,2180,2337,1,1,64,32,32,5.271422054420327e-08,0.0004169770568339,0.1143366589967627,3624.9462890625,8468.0,7631.70458984375
darcy,2180,2180,2338,1,2,64,32,32,9.522368316083885e-08,0.0006597426716857,0.1141730709932744,3624.9462890625,8468.0,7631.70458984375
darcy,2181,2181,2339,1,1,64,32,32,4.5909775536756576e-08,0.0003242078361277,0.1146164099918678,3624.28662109375,8468.0,7631.70458984375
darcy,2181,2181,2340,1,2,64,32,32,2.8560879883343663e-08,0.0002051358635358,0.1144578449893742,3624.28662109375,8468.0,7631.70458984375
darcy,2182,2182,2341,1,1,64,32,32,1.2764589030211937e-07,0.0007697472065297,0.1145378680084832,3624.28662109375,8468.0,7631.70458984375
darcy,2182,2182,2342,1,2,64,32,32,5.245968281997193e-08,0.0004108188337891,0.1142255059967283,3624.28662109375,8468.0,7631.70458984375
darcy,2183,2183,2343,1,1,64,32,32,4.4799506326853595e-08,0.0003582600184223,0.1140556030150037,3624.9462890625,8468.0,7631.70458984375
darcy,2183,2183,2344,1,2,64,32,32,9.340242712596593e-08,0.0006477892185236,0.1139373049954883,3624.9462890625,8468.0,7631.70458984375
darcy,2184,2184,2345,1,1,64,32,32,4.4737959115082055e-08,0.0003731144019957,0.1141891439910978,3624.9462890625,8468.0,7631.70458984375
darcy,2184,2184,2346,1,2,64,32,32,2.6153738730272383e-08,0.0001979801501112,0.1139250339765567,3624.9462890625,8468.0,7631.70458984375
darcy,2185,2185,2347,1,1,64,32,32,1.06173246194885e-07,0.000680797841488,0.1145178700098767,3624.28662109375,8468.0,7631.70458984375
darcy,2185,2185,2348,1,2,64,32,32,6.63896386754459e-08,0.0004958451951952,0.1144829779805149,3624.28662109375,8468.0,7631.70458984375
darcy,2186,2186,2349,1,1,64,32,32,4.165316624948901e-08,0.0003580917938507,0.1145055340020917,3624.9462890625,8468.0,7631.70458984375
darcy,2186,2186,2350,1,2,64,32,32,7.826231041008215e-08,0.000578313113911,0.1154760869976598,3624.9462890625,8468.0,7631.70458984375
darcy,2187,2187,2351,1,1,64,32,32,4.05371523015674e-08,0.0003668385939145,0.1143867079808842,3624.28662109375,8468.0,7631.70458984375
darcy,2187,2187,2352,1,2,64,32,32,2.2809956590208458e-08,0.0001346598670811,0.1140993619919754,3624.28662109375,8468.0,7631.70458984375
darcy,2188,2188,2353,1,1,64,32,32,9.302875980665705e-08,0.0006283815536149,0.1148093369847629,3624.9462890625,8468.0,7631.70458984375
darcy,2188,2188,2354,1,2,64,32,32,5.998977314902731e-08,0.0004544654543164,0.1144612870120909,3624.9462890625,8468.0,7631.70458984375
darcy,2189,2189,2355,1,1,64,32,32,3.081936128523921e-08,0.0002812491125548,0.1150300750159658,3624.28662109375,8468.0,7631.70458984375
darcy,2189,2189,2356,1,2,64,32,32,7.723955519622906e-08,0.0005728467570737,0.1150431070127524,3624.28662109375,8468.0,7631.70458984375
darcy,2190,2190,2357,1,1,64,32,32,3.8178839645297564e-08,0.0003143075739614,0.1146389700006693,3624.9462890625,8468.0,7631.70458984375
darcy,2190,2190,2358,1,2,64,32,32,2.2295719048770483e-08,0.0001242797284046,0.114196730981348,3624.9462890625,8468.0,7631.70458984375
darcy,2191,2191,2359,1,1,64,32,32,8.101155657413983e-08,0.0005884530255098,0.1146712979825679,3624.9462890625,8468.0,7631.70458984375
darcy,2191,2191,2360,1,2,64,32,32,5.65445006373011e-08,0.0004165652514707,0.1144006980175618,3624.9462890625,8468.0,7631.70458984375
darcy,2192,2192,2361,1,1,64,32,32,3.9999715539806864e-08,0.0003395922728123,0.1146043789922259,3624.28662109375,8468.0,7631.70458984375
darcy,2192,2192,2362,1,2,64,32,32,5.7582351331575416e-08,0.0004753048238583,0.1144386660016607,3624.28662109375,8468.0,7631.70458984375
darcy,2193,2193,2363,1,1,64,32,32,2.900623563562021e-08,0.0002377057035482,0.1141439130005892,3624.9462890625,8468.0,7631.70458984375
darcy,2193,2193,2364,1,2,64,32,32,2.6193623270387437e-08,0.0001416567111231,0.1139917349792085,3624.9462890625,8468.0,7631.70458984375
darcy,2194,2194,2365,1,1,64,32,32,7.151005831929069e-08,0.0005251013436295,0.114642679982353,3624.28662109375,8468.0,7631.70458984375
darcy,2194,2194,2366,1,2,64,32,32,3.730569630988612e-08,0.0002971316838631,0.1144880449865013,3624.28662109375,8468.0,7631.70458984375
darcy,2195,2195,2367,1,1,64,32,32,4.5834028128410864e-08,0.0003657642942677,0.1145237120217643,3624.28662109375,8468.0,7631.70458984375
darcy,2195,2195,2368,1,2,64,32,32,4.7615227316555326e-08,0.0003978496864802,0.1141563109995331,3624.28662109375,8468.0,7631.70458984375
darcy,2196,2196,2369,1,1,64,32,32,2.3273537763657263e-08,0.0001323249937886,0.1149745270085986,3624.9462890625,8468.0,7631.70458984375
darcy,2196,2196,2370,1,2,64,32,32,2.4646867657907023e-08,0.0001586371322393,0.114440845005447,3624.9462890625,8468.0,7631.70458984375
darcy,2197,2197,2371,1,1,64,32,32,6.695330512229702e-08,0.0004801100769718,0.1148179869924206,3624.9462890625,8468.0,7631.70458984375
darcy,2197,2197,2372,1,2,64,32,32,3.4960422112817475e-08,0.000260739636385,0.1141215199895668,3624.9462890625,8468.0,7631.70458984375
darcy,2198,2198,2373,1,1,64,32,32,4.23891322043346e-08,0.000360978464551,0.1146564370137639,3624.28662109375,8468.0,7631.70458984375
darcy,2198,2198,2374,1,2,64,32,32,6.570277832906869e-08,0.0004874574651152,0.1143065300129819,3624.28662109375,8468.0,7631.70458984375
darcy,2199,2199,2375,1,1,64,32,32,2.41703776993063e-08,0.0001479228478817,0.1145738150225952,3624.9462890625,8468.0,7631.70458984375
darcy,2199,2199,2376,1,2,64,32,32,2.7344722042244033e-08,0.0002435004949222,0.1139102359884418,3624.9462890625,8468.0,7631.70458984375
darcy,2200,2200,2377,1,1,64,32,32,9.952563573278894e-08,0.0006101681716468,0.1145888899918645,3624.28662109375,8468.0,7631.70458984375
darcy,2200,2200,2378,1,2,64,32,32,2.9161938641664165e-08,0.0002207928043509,0.114422034996096,3624.28662109375,8468.0,7631.70458984375
darcy,2201,2201,2379,1,1,64,32,32,5.2306805997659473e-08,0.0004459282124681,0.1149947240191977,3624.9462890625,8468.0,7631.70458984375
darcy,2201,2201,2380,1,2,64,32,32,6.811332298184426e-08,0.000509438340681,0.1143805400060955,3624.9462890625,8468.0,7631.70458984375
darcy,2202,2202,2381,1,1,64,32,32,3.0842425502441984e-08,0.0001928117010953,0.11465861502802,3624.28662109375,8468.0,7631.70458984375
darcy,2202,2202,2382,1,2,64,32,32,3.2880489442277394e-08,0.0002960742662988,0.1139144990011118,3624.28662109375,8468.0,7631.70458984375
darcy,2203,2203,2383,1,1,64,32,32,9.810730716708349e-08,0.0006371365575383,0.1145785849948879,3624.9462890625,8468.0,7631.70458984375
darcy,2203,2203,2384,1,2,64,32,32,4.3217362133418646e-08,0.0003087455095185,0.1143971740093547,3624.9462890625,8468.0,7631.70458984375
darcy,2204,2204,2385,1,1,64,32,32,5.95605236242136e-08,0.0004895256262889,0.1140925170038826,3624.9462890625,8468.0,7631.70458984375
darcy,2204,2204,2386,1,2,64,32,32,7.554857717195773e-08,0.0005660224383467,0.1137068050156813,3624.9462890625,8468.0,7631.70458984375
darcy,2205,2205,2387,1,1,64,32,32,4.0740324891430646e-08,0.0002902328488876,0.1141186660097446,3624.28662109375,8468.0,7631.70458984375
darcy,2205,2205,2388,1,2,64,32,32,4.5106069990197284e-08,0.0003922707999155,0.1138951799948699,3624.28662109375,8468.0,7631.70458984375
darcy,2206,2206,2389,1,1,64,32,32,1.0656574289669153e-07,0.0006929039949274,0.1142005349975079,3624.9462890625,8468.0,7631.70458984375
darcy,2206,2206,2390,1,2,64,32,32,4.076431991961727e-08,0.0002795813604728,0.1140071070112753,3624.9462890625,8468.0,7631.70458984375
darcy,2207,2207,2391,1,1,64,32,32,6.689782594548889e-08,0.0005098158874271,0.1148564099858049,3624.28662109375,8468.0,7631.70458984375
darcy,2207,2207,2392,1,2,64,32,32,7.304504379135325e-08,0.0005668198604407,0.1144867859838996,3624.28662109375,8468.0,7631.70458984375
darcy,2208,2208,2393,1,1,64,32,32,3.27385940579461e-08,0.0002319098233308,0.1150203769793734,3624.28662109375,8468.0,7631.70458984375
darcy,2208,2208,2394,1,2,64,32,32,3.826489347602546e-08,0.0003002336290236,0.1143485009961295,3624.28662109375,8468.0,7631.70458984375
darcy,2209,2209,2395,1,1,64,32,32,1.0172297493227235e-07,0.0006749836413195,0.1142638360033743,3624.9462890625,8468.0,7631.70458984375
darcy,2209,2209,2396,1,2,64,32,32,4.2456683502223314e-08,0.0003315231206978,0.1146261249959934,3624.9462890625,8468.0,7631.70458984375
darcy,2210,2210,2397,1,1,64,32,32,6.056293955225557e-08,0.0004840811168463,0.1145642829942517,3624.9462890625,8468.0,7631.70458984375
darcy,2210,2210,2398,1,2,64,32,32,8.591374012212327e-08,0.0006185106815313,0.1146463890036102,3624.9462890625,8468.0,7631.70458984375
darcy,2211,2211,2399,1,1,64,32,32,2.4880348448164117e-08,0.0002033462256798,0.1144724330224562,3624.28662109375,8468.0,7631.70458984375
darcy,2211,2211,2400,1,2,64,32,32,3.4463436549003745e-08,0.0002985088476973,0.1141923149989452,3624.28662109375,8468.0,7631.70458984375
darcy,2212,2212,2401,1,1,64,32,32,1.0349555168431834e-07,0.0006773525696952,0.1147242529841605,3624.9462890625,8468.0,7631.70458984375
darcy,2212,2212,2402,1,2,64,32,32,3.673240556167912e-08,0.000292750544941,0.1145331180014181,3624.9462890625,8468.0,7631.70458984375
darcy,2213,2213,2403,1,1,64,32,32,5.594196039737653e-08,0.0004745888314937,0.1146869970252737,3624.28662109375,8468.0,7631.70458984375
darcy,2213,2213,2404,1,2,64,32,32,7.511579269703361e-08,0.0005784542466567,0.1144695609982591,3624.28662109375,8468.0,7631.70458984375
darcy,2214,2214,2405,1,1,64,32,32,2.6007899833757623e-08,0.0002048835150468,0.1147322100005112,3624.9462890625,8468.0,7631.70458984375
darcy,2214,2214,2406,1,2,64,32,32,3.10059853347866e-08,0.0002853354893947,0.1146716350049246,3624.9462890625,8468.0,7631.70458984375
darcy,2215,2215,2407,1,1,64,32,32,8.885323410368073e-08,0.0006283061903469,0.1173294199979864,3624.28662109375,8468.0,7631.70458984375
darcy,2215,2215,2408,1,2,64,32,32,4.2006384148862714e-08,0.0003294251881301,0.115943907003384,3624.28662109375,8468.0,7631.70458984375
darcy,2216,2216,2409,1,1,64,32,32,4.9476650332280776e-08,0.0004150182541623,0.1168226609879639,3624.9462890625,8468.0,7631.70458984375
darcy,2216,2216,2410,1,2,64,32,32,7.540278090800713e-08,0.0005779200460045,0.116518516006181,3624.9462890625,8468.0,7631.70458984375
darcy,2217,2217,2411,1,1,64,32,32,2.6305198019827003e-08,0.0002374963669099,0.1169207479979377,3624.9462890625,8468.0,7631.70458984375
darcy,2217,2217,2412,1,2,64,32,32,2.40965647435587e-08,0.0002009617363623,0.1164957800065167,3624.9462890625,8468.0,7631.70458984375
darcy,2218,2218,2413,1,1,64,32,32,9.516318044688889e-08,0.0006432211150392,0.1166849130240734,3624.28662109375,8468.0,7631.70458984375
darcy,2218,2218,2414,1,2,64,32,32,4.877783155166071e-08,0.0003963774767174,0.1159898059850093,3624.28662109375,8468.0,7631.70458984375
darcy,2219,2219,2415,1,1,64,32,32,4.084989413399853e-08,0.0003601836806649,0.1167151419795118,3624.9462890625,8468.0,7631.70458984375
darcy,2219,2219,2416,1,2,64,32,32,8.893126590692192e-08,0.0006227752895391,0.116865907999454,3624.9462890625,8468.0,7631.70458984375
darcy,2220,2220,2417,1,1,64,32,32,3.0658910077363544e-08,0.0002701289838396,0.1167181369964964,3624.28662109375,8468.0,7631.70458984375
darcy,2220,2220,2418,1,2,64,32,32,2.5977369588758847e-08,0.000214144375714,0.1167433680093381,3624.28662109375,8468.0,7631.70458984375
darcy,2221,2221,2419,1,1,64,32,32,1.0855086429728544e-07,0.0006899041652449,0.1171509459963999,3624.28662109375,8468.0,7631.70458984375
darcy,2221,2221,2420,1,2,64,32,32,3.927893388322445e-08,0.0003324064163517,0.1164091519895009,3624.28662109375,8468.0,7631.70458984375
darcy,2222,2222,2421,1,1,64,32,32,4.20524877142725e-08,0.0003753119866617,0.1166538209945429,3624.9462890625,8468.0,7631.70458984375
darcy,2222,2222,2422,1,2,64,32,32,8.517631044924202e-08,0.000602096022374,0.1165756639966275,3624.9462890625,8468.0,7631.70458984375
darcy,2223,2223,2423,1,1,64,32,32,2.7337820895922963e-08,0.0002351199160804,0.1166119390109088,3624.9462890625,8468.0,7631.70458984375
darcy,2223,2223,2424,1,2,64,32,32,2.9467555506812463e-08,0.0002385596809538,0.1165628650051076,3624.9462890625,8468.0,7631.70458984375
darcy,2224,2224,2425,1,1,64,32,32,1.0293681640405341e-07,0.0006628565384835,0.1147506560082547,3624.28662109375,8468.0,7631.70458984375
darcy,2224,2224,2426,1,2,64,32,32,3.945122273307789e-08,0.0003151157970945,0.1145525949832517,3624.28662109375,8468.0,7631.70458984375
darcy,2225,2225,2427,1,1,64,32,32,4.7309750783597344e-08,0.000410194462608,0.1175746880180668,3624.9462890625,8468.0,7631.70458984375
darcy,2225,2225,2428,1,2,64,32,32,8.537087126114785e-08,0.0006082651938203,0.114363130996935,3624.9462890625,8468.0,7631.70458984375
darcy,2226,2226,2429,1,1,64,32,32,2.4296166856174753e-08,0.0001968074493294,0.1148164830228779,3624.28662109375,8468.0,7631.70458984375
darcy,2226,2226,2430,1,2,64,32,32,3.24537339224662e-08,0.0002633408694467,0.1143243009864818,3624.28662109375,8468.0,7631.70458984375
darcy,2227,2227,2431,1,1,64,32,32,1.0219375212727757e-07,0.0006670817980498,0.1150678109843283,3624.9462890625,8468.0,7631.70458984375
darcy,2227,2227,2432,1,2,64,32,32,4.04275688481448e-08,0.0003105382895803,0.1142784359981305,3624.9462890625,8468.0,7631.70458984375
darcy,2228,2228,2433,1,1,64,32,32,5.861123142381076e-08,0.0004876992860131,0.1143321340205147,3624.28662109375,8468.0,7631.70458984375
darcy,2228,2228,2434,1,2,64,32,32,7.236725707571169e-08,0.0005578531927391,0.1142439030227251,3624.28662109375,8468.0,7631.70458984375
darcy,2229,2229,2435,1,1,64,32,32,3.014687521840642e-08,0.0002292496074188,0.1145444279827643,3624.9462890625,8468.0,7631.70458984375
darcy,2229,2229,2436,1,2,64,32,32,3.4834499729186064e-08,0.0002903827503536,0.1141817570023704,3624.9462890625,8468.0,7631.70458984375
darcy,2230,2230,2437,1,1,64,32,32,1.017382302848091e-07,0.0006694917403402,0.1147076219785958,3624.9462890625,8468.0,7631.70458984375
darcy,2230,2230,2438,1,2,64,32,32,4.5691546546322577e-08,0.0003468989690597,0.1144281589949969,3624.9462890625,8468.0,7631.70458984375
darcy,2231,2231,2439,1,1,64,32,32,4.94161653818992e-08,0.0004328644886071,0.1144110550230834,3624.28662109375,8468.0,7631.70458984375
darcy,2231,2231,2440,1,2,64,32,32,1.001273233214306e-07,0.0006796759076892,0.1139365819981321,3624.28662109375,8468.0,7631.70458984375
darcy,2232,2232,2441,1,1,64,32,32,3.4579333174633575e-08,0.0002732427322498,0.1144032209995202,3624.9462890625,8468.0,7631.70458984375
darcy,2232,2232,2442,1,2,64,32,32,3.41159243077982e-08,0.0003005450755126,0.1137132250005379,3624.9462890625,8468.0,7631.70458984375
darcy,2233,2233,2443,1,1,64,32,32,1.1942067601466988e-07,0.0007523279168714,0.1210904440085869,3624.28662109375,8468.0,7631.70458984375
darcy,2233,2233,2444,1,2,64,32,32,5.179460060844576e-08,0.0003903172597472,0.114314987004036,3624.28662109375,8468.0,7631.70458984375
darcy,2234,2234,2445,1,1,64,32,32,5.60595765364269e-08,0.0004537098316797,0.1146846209885552,3624.28662109375,8468.0,7631.70458984375
darcy,2234,2234,2446,1,2,64,32,32,9.367374076418856e-08,0.0006479417865289,0.1137426919885911,3624.28662109375,8468.0,7631.70458984375
darcy,2235,2235,2447,1,1,64,32,32,3.9612395141830354e-08,0.0003332797371288,0.1145958339911885,3624.9462890625,8468.0,7631.70458984375
darcy,2235,2235,2448,1,2,64,32,32,2.6195795754802024e-08,0.0002190477873682,0.1145378620130941,3624.9462890625,8468.0,7631.70458984375
darcy,2236,2236,2449,1,1,64,32,32,1.1561667179194048e-07,0.000723410805461,0.1141827919927891,3624.9462890625,8468.0,7631.70458984375
darcy,2236,2236,2450,1,2,64,32,32,5.667925151442432e-08,0.0004488466208694,0.1140714460052549,3624.9462890625,8468.0,7631.70458984375
darcy,2237,2237,2451,1,1,64,32,32,3.901518041971031e-08,0.0003438524204458,0.1147793699929025,3624.28662109375,8468.0,7631.70458984375
darcy,2237,2237,2452,1,2,64,32,32,9.3118927679825e-08,0.0006459343677337,0.1145333730091806,3624.28662109375,8468.0,7631.70458984375
darcy,2238,2238,2453,1,1,64,32,32,3.971141637748588e-08,0.0003531497598995,0.1145313509914558,3624.9462890625,8468.0,7631.70458984375
darcy,2238,2238,2454,1,2,64,32,32,2.3559271866702147e-08,0.0001737685136059,0.1142439120158087,3624.9462890625,8468.0,7631.70458984375
darcy,2239,2239,2455,1,1,64,32,32,9.846930026924384e-08,0.0006599722921171,0.1146092870039865,3624.28662109375,8468.0,7631.70458984375
darcy,2239,2239,2456,1,2,64,32,32,5.8416112835857354e-08,0.0004385060331237,0.1142206100048497,3624.28662109375,8468.0,7631.70458984375
darcy,2240,2240,2457,1,1,64,32,32,3.5224616112827796e-08,0.0003170764077383,0.1143016990099567,3624.9462890625,8468.0,7631.70458984375
darcy,2240,2240,2458,1,2,64,32,32,7.229647280837527e-08,0.0005565800861307,0.1141340220056008,3624.9462890625,8468.0,7631.70458984375
darcy,2241,2241,2459,1,1,64,32,32,3.597339315319914e-08,0.0002901067935087,0.1145286849932745,3624.28662109375,8468.0,7631.70458984375
darcy,2241,2241,2460,1,2,64,32,32,1.972816399131716e-08,0.0001212530303517,0.1144701489829458,3624.28662109375,8468.0,7631.70458984375
darcy,2242,2242,2461,1,1,64,32,32,8.207030077755918e-08,0.0005823628301879,0.1143535359879024,3624.9462890625,8468.0,7631.70458984375
darcy,2242,2242,2462,1,2,64,32,32,5.0713516941414134e-08,0.0003994860373524,0.1143197590135969,3624.9462890625,8468.0,7631.70458984375
darcy,2243,2243,2463,1,1,64,32,32,3.9324959288933314e-08,0.0003360813385854,0.1145467339956667,3624.9462890625,8468.0,7631.70458984375
darcy,2243,2243,2464,1,2,64,32,32,6.102096961058123e-08,0.0005049199976901,0.1141481790109537,3624.9462890625,8468.0,7631.70458984375
darcy,2244,2244,2465,1,1,64,32,32,2.8838806898079383e-08,0.0002277326922497,0.1141279030125588,3624.28662109375,8468.0,7631.70458984375
darcy,2244,2244,2466,1,2,64,32,32,2.8100510363060494e-08,0.0001765025487382,0.1141292880056425,3624.28662109375,8468.0,7631.70458984375
darcy,2245,2245,2467,1,1,64,32,32,7.673524748952333e-08,0.0005577126247458,0.1148109780042432,3624.9462890625,8468.0,7631.70458984375
darcy,2245,2245,2468,1,2,64,32,32,3.560597505725127e-08,0.0002786043625612,0.1146617710182908,3624.9462890625,8468.0,7631.70458984375
darcy,2246,2246,2469,1,1,64,32,32,4.757746197014968e-08,0.0003842291443825,0.1148137609998229,3624.28662109375,8468.0,7631.70458984375
darcy,2246,2246,2470,1,2,64,32,32,5.690675664027368e-08,0.0004653944032096,0.1144182280113454,3624.28662109375,8468.0,7631.70458984375
darcy,2247,2247,2471,1,1,64,32,32,2.1277122286278427e-08,0.0001118661956489,0.1142363169929012,3624.28662109375,8468.0,7631.70458984375
darcy,2247,2247,2472,1,2,64,32,32,2.8857984446517552e-08,0.000199149844933,0.1144330399984028,3624.28662109375,8468.0,7631.70458984375
darcy,2248,2248,2473,1,1,64,32,32,7.525692069521028e-08,0.0005323010933853,0.1140921339974738,3624.9462890625,8468.0,7631.70458984375
darcy,2248,2248,2474,1,2,64,32,32,2.857136927048032e-08,0.0001984868317975,0.1144470379804261,3624.9462890625,8468.0,7631.70458984375
darcy,2249,2249,2475,1,1,64,32,32,4.7444217443626264e-08,0.0003901475108486,0.114070058974903,3624.9462890625,8468.0,7631.70458984375
darcy,2249,2249,2476,1,2,64,32,32,6.162742494097985e-08,0.0004776145124605,0.1142046610184479,3624.9462890625,8468.0,7631.70458984375
darcy,2250,2250,2477,1,1,64,32,32,1.9750125090922666e-08,6.602542105328293e-05,0.114471486012917,3624.28662109375,8468.0,7631.70458984375
darcy,2250,2250,2478,1,2,64,32,32,2.8582011424305165e-08,0.0002293939739098,0.1141003429947886,3624.28662109375,8468.0,7631.70458984375
darcy,2251,2251,2479,1,1,64,32,32,7.585444450342038e-08,0.0005339823846278,0.1145669899997301,3624.9462890625,8468.0,7631.70458984375
darcy,2251,2251,2480,1,2,64,32,32,3.1047317605725766e-08,0.00022741868228,0.1144939989899285,3624.9462890625,8468.0,7631.70458984375
darcy,2252,2252,2481,1,1,64,32,32,5.215058251906157e-08,0.0004293776868693,0.1144017709884792,3624.28662109375,8468.0,7631.70458984375
darcy,2252,2252,2482,1,2,64,32,32,6.783246675468035e-08,0.0005113998049299,0.1144077069766353,3624.28662109375,8468.0,7631.70458984375
darcy,2253,2253,2483,1,1,64,32,32,2.82907102189256e-08,0.0001726796852598,0.114587952994043,3624.9462890625,8468.0,7631.70458984375
darcy,2253,2253,2484,1,2,64,32,32,3.35230083692295e-08,0.0003081733217753,0.1142397040093783,3624.9462890625,8468.0,7631.70458984375
darcy,2254,2254,2485,1,1,64,32,32,9.845715709388969e-08,0.0006345850364501,0.1150906920083798,3624.28662109375,8468.0,7631.70458984375
darcy,2254,2254,2486,1,2,64,32,32,3.77993529809828e-08,0.0002694135561735,0.1143615479813888,3624.28662109375,8468.0,7631.70458984375
darcy,2255,2255,2487,1,1,64,32,32,5.4323280096468813e-08,0.000457276811131,0.1147472250158898,3624.9462890625,8468.0,7631.70458984375
darcy,2255,2255,2488,1,2,64,32,32,8.83524648997991e-08,0.0006127071996385,0.1148579999862704,3624.9462890625,8468.0,7631.70458984375
darcy,2256,2256,2489,1,1,64,32,32,3.3277181898938586e-08,0.0002125773648944,0.114576569001656,3624.9462890625,8468.0,7631.70458984375
darcy,2256,2256,2490,1,2,64,32,32,3.5234457129718066e-08,0.0003074476555624,0.1145243069913704,3624.9462890625,8468.0,7631.70458984375
darcy,2257,2257,2491,1,1,64,32,32,1.1523523824052972e-07,0.0007190904787812,0.1144756180001422,3624.28662109375,8468.0,7631.70458984375
darcy,2257,2257,2492,1,2,64,32,32,3.5465454573113675e-08,0.0002873847550702,0.1142703959776554,3624.28662109375,8468.0,7631.70458984375
darcy,2258,2258,2493,1,1,64,32,32,5.50687992983967e-08,0.0004517411647875,0.1146709129970986,3624.9462890625,8468.0,7631.70458984375
darcy,2258,2258,2494,1,2,64,32,32,8.658341243972245e-08,0.000623145770425,0.1143363080045674,3624.9462890625,8468.0,7631.70458984375
darcy,2259,2259,2495,1,1,64,32,32,2.774480023504111e-08,0.0002225496756095,0.1146362459985539,3624.28662109375,8468.0,7631.70458984375
darcy,2259,2259,2496,1,2,64,32,32,3.4010746219337307e-08,0.000268947114553,0.1139289360144175,3624.28662109375,8468.0,7631.70458984375
darcy,2260,2260,2497,1,1,64,32,32,1.0317901910639193e-07,0.0006824530454116,0.1144267059862613,3624.28662109375,8468.0,7631.70458984375
darcy,2260,2260,2498,1,2,64,32,32,4.2499316066368926e-08,0.0003374664722538,0.1138908329885453,3624.28662109375,8468.0,7631.70458984375
darcy,2261,2261,2499,1,1,64,32,32,4.9078764163823514e-08,0.0004230385497617,0.1148373480245936,3624.9462890625,8468.0,7631.70458984375
darcy,2261,2261,2500,1,2,64,32,32,8.177441657153396e-08,0.0005960836019406,0.1144719129952136,3624.9462890625,8468.0,7631.70458984375
darcy,2262,2262,2501,1,1,64,32,32,2.9436826309847678e-08,0.0002485900425897,0.1144812699931208,3624.9462890625,8468.0,7631.70458984375
darcy,2262,2262,2502,1,2,64,32,32,3.0727498767646466e-08,0.0002513182537854,0.1149575920135248,3624.9462890625,8468.0,7631.70458984375
darcy,2263,2263,2503,1,1,64,32,32,9.665370725997493e-08,0.000641653362558,0.1147224919986911,3624.28662109375,8468.0,7631.70458984375
darcy,2263,2263,2504,1,2,64,32,32,3.945753590528511e-08,0.0003303342993011,0.1141991260228678,3624.28662109375,8468.0,7631.70458984375
darcy,2264,2264,2505,1,1,64,32,32,5.000562808277209e-08,0.0004386933064662,0.1144061610102653,3624.9462890625,8468.0,7631.70458984375
darcy,2264,2264,2506,1,2,64,32,32,6.932018692396015e-08,0.0005451859032518,0.1143851209781132,3624.9462890625,8468.0,7631.70458984375
darcy,2265,2265,2507,1,1,64,32,32,2.4542536891658532e-08,0.0001801532888302,0.1140062209742609,3624.28662109375,8468.0,7631.70458984375
darcy,2265,2265,2508,1,2,64,32,32,3.272215920446797e-08,0.000261953482753,0.1142461450072005,3624.28662109375,8468.0,7631.70458984375
darcy,2266,2266,2509,1,1,64,32,32,8.029179809909692e-08,0.0005751662220192,0.1145029420149512,3624.9462890625,8468.0,7631.70458984375
darcy,2266,2266,2510,1,2,64,32,32,3.3345575189969174e-08,0.0002787138381497,0.1185590309905819,3624.9462890625,8468.0,7631.70458984375
darcy,2267,2267,2511,1,1,64,32,32,5.3283670808923496e-08,0.0004405909594971,0.1179191870032809,3624.28662109375,8468.0,7631.70458984375
darcy,2267,2267,2512,1,2,64,32,32,5.940640690482724e-08,0.0005036157640686,0.11455565597862,3624.28662109375,8468.0,7631.70458984375
darcy,2268,2268,2513,1,1,64,32,32,2.232612139607681e-08,0.0001405777398472,0.1145128209900576,3624.9462890625,8468.0,7631.70458984375
darcy,2268,2268,2514,1,2,64,32,32,3.111965440893982e-08,0.0002443137012671,0.1146782549913041,3624.9462890625,8468.0,7631.70458984375
darcy,2269,2269,2515,1,1,64,32,32,8.015827290819288e-08,0.0005703928442789,0.1144519569934345,3624.9462890625,8468.0,7631.70458984375
darcy,2269,2269,2516,1,2,64,32,32,3.1075686024450995e-08,0.0002604211393574,0.1141875539906323,3624.9462890625,8468.0,7631.70458984375
darcy,2270,2270,2517,1,1,64,32,32,5.276980985513546e-08,0.0004285369912369,0.113878342002863,3624.28662109375,8468.0,7631.70458984375
darcy,2270,2270,2518,1,2,64,32,32,6.79238283396444e-08,0.0005320374829115,0.1139492160000372,3624.28662109375,8468.0,7631.70458984375
darcy,2271,2271,2519,1,1,64,32,32,2.1145277528944465e-08,0.0001415834631189,0.1143169100105296,3624.9462890625,8468.0,7631.70458984375
darcy,2271,2271,2520,1,2,64,32,32,3.352141320078772e-08,0.000273982063952,0.1139549280051142,3624.9462890625,8468.0,7631.70458984375
darcy,2272,2272,2521,1,1,64,32,32,8.185680400174533e-08,0.0005783712370937,0.114615419995971,3624.28662109375,8468.0,7631.70458984375
darcy,2272,2272,2522,1,2,64,32,32,3.6197221220390936e-08,0.000287983514492,0.1144660130084957,3624.28662109375,8468.0,7631.70458984375
darcy,2273,2273,2523,1,1,64,32,32,5.0913943283603664e-08,0.0004290588506282,0.1143899089947808,3624.28662109375,8468.0,7631.70458984375
darcy,2273,2273,2524,1,2,64,32,32,8.272198925851627e-08,0.0005833140712833,0.1147677919943817,3624.28662109375,8468.0,7631.70458984375
darcy,2274,2274,2525,1,1,64,32,32,2.503546525645106e-08,0.0001817129603242,0.1148780859948601,3624.9462890625,8468.0,7631.70458984375
darcy,2274,2274,2526,1,2,64,32,32,3.1412302092803663e-08,0.0002904084714898,0.1147203230066225,3624.9462890625,8468.0,7631.70458984375
darcy,2275,2275,2527,1,1,64,32,32,1.006717269547153e-07,0.000648361386433,0.1159084439859725,3624.9462890625,8468.0,7631.70458984375
darcy,2275,2275,2528,1,2,64,32,32,4.2278724521338524e-08,0.0003229845682106,0.1141942339891102,3624.9462890625,8468.0,7631.70458984375
darcy,2276,2276,2529,1,1,64,32,32,5.7319226698382415e-08,0.0004755243635484,0.1141214999952353,3624.28662109375,8468.0,7631.70458984375
darcy,2276,2276,2530,1,2,64,32,32,8.30813178254175e-08,0.0005966391414941,0.1170890990179032,3624.28662109375,8468.0,7631.70458984375
darcy,2277,2277,2531,1,1,64,32,32,3.05178780024562e-08,0.0002060745860242,0.1144588059978559,3624.9462890625,8468.0,7631.70458984375
darcy,2277,2277,2532,1,2,64,32,32,2.7641085864615892e-08,0.0002207247500273,0.1147146610019262,3624.9462890625,8468.0,7631.70458984375
darcy,2278,2278,2533,1,1,64,32,32,1.0813641182494393e-07,0.0006877567750598,0.1150167160085402,3624.28662109375,8468.0,7631.70458984375
darcy,2278,2278,2534,1,2,64,32,32,5.978921535643167e-08,0.0004244889439706,0.11457479299861,3624.28662109375,8468.0,7631.70458984375
darcy,2279,2279,2535,1,1,64,32,32,5.183473561487517e-08,0.0004365487823858,0.1148505299934186,3624.9462890625,8468.0,7631.70458984375
darcy,2279,2279,2536,1,2,64,32,32,9.234820197434601e-08,0.0006517211549619,0.1147294979891739,3624.9462890625,8468.0,7631.70458984375
darcy,2280,2280,2537,1,1,64,32,32,4.295294786516024e-08,0.0003348543160425,0.1142430310137569,3624.28662109375,8468.0,7631.70458984375
darcy,2280,2280,2538,1,2,64,32,32,3.6373318579308034e-08,0.0003102310293114,0.1146897919825278,3624.28662109375,8468.0,7631.70458984375
darcy,2281,2281,2539,1,1,64,32,32,1.1049903747561984e-07,0.0007211514142926,0.1147530160087626,3624.9462890625,8468.0,7631.70458984375
darcy,2281,2281,2540,1,2,64,32,32,4.9170019167377184e-08,0.0003738981731726,0.1145235290168784,3624.9462890625,8468.0,7631.70458984375
darcy,2282,2282,2541,1,1,64,32,32,4.94097953662731e-08,0.0004123127293793,0.1146835719991941,3624.9462890625,8468.0,7631.70458984375
darcy,2282,2282,2542,1,2,64,32,32,9.031090542066522e-08,0.0006397911229692,0.1143746690067928,3624.9462890625,8468.0,7631.70458984375
darcy,2283,2283,2543,1,1,64,32,32,4.1595516364623115e-08,0.0003480135441929,0.1147479710052721,3624.28662109375,8468.0,7631.70458984375
darcy,2283,2283,2544,1,2,64,32,32,3.1447939363715705e-08,0.0002801293465723,0.1140798779961187,3624.28662109375,8468.0,7631.70458984375
darcy,2284,2284,2545,1,1,64,32,32,1.1270364552729006e-07,0.0007122491328575,0.1151775010221172,3624.9462890625,8468.0,7631.70458984375
darcy,2284,2284,2546,1,2,64,32,32,4.6247279783528945e-08,0.0003795485380534,0.1147039310017135,3624.9462890625,8468.0,7631.70458984375
darcy,2285,2285,2547,1,1,64,32,32,4.552567389737305e-08,0.0003994317794617,0.1148743249941617,3624.28662109375,8468.0,7631.70458984375
darcy,2285,2285,2548,1,2,64,32,32,8.398028938927382e-08,0.0006083475420905,0.1143839779833797,3624.28662109375,8468.0,7631.70458984375
darcy,2286,2286,2549,1,1,64,32,32,3.4291240069705964e-08,0.0003129282501672,0.1145889430190436,3624.28662109375,8468.0,7631.70458984375
darcy,2286,2286,2550,1,2,64,32,32,2.819865230208052e-08,0.0002502770067294,0.1145639909955207,3624.28662109375,8468.0,7631.70458984375
darcy,2287,2287,2551,1,1,64,32,32,9.382153365322665e-08,0.0006332107633907,0.1148317900078836,3624.9462890625,8468.0,7631.70458984375
darcy,2287,2287,2552,1,2,64,32,32,5.0225281711391296e-08,0.0003994759736011,0.1146320030093193,3624.9462890625,8468.0,7631.70458984375
darcy,2288,2288,2553,1,1,64,32,32,4.157405442128948e-08,0.0003819394674593,0.1148434210044797,3624.9462890625,8468.0,7631.70458984375
darcy,2288,2288,2554,1,2,64,32,32,8.119361893932364e-08,0.0006001720421525,0.1145884539873804,3624.9462890625,8468.0,7631.70458984375
darcy,2289,2289,2555,1,1,64,32,32,3.050801211657017e-08,0.0002332561684922,0.1145969830104149,3624.28662109375,8468.0,7631.70458984375
darcy,2289,2289,2556,1,2,64,32,32,2.7626020582260932e-08,0.0002142799128196,0.1144947889843024,3624.28662109375,8468.0,7631.70458984375
darcy,2290,2290,2557,1,1,64,32,32,8.560375164279321e-08,0.0006047656779155,0.1149946349905803,3624.9462890625,8468.0,7631.70458984375
darcy,2290,2290,2558,1,2,64,32,32,4.29657411871176e-08,0.0003446795183372,0.114727116015274,3624.9462890625,8468.0,7631.70458984375
darcy,2291,2291,2559,1,1,64,32,32,3.92855454833807e-08,0.0003465093955504,0.1168823959887959,3624.28662109375,8468.0,7631.70458984375
darcy,2291,2291,2560,1,2,64,32,32,8.292107622764888e-08,0.0006021869270291,0.1140889380185399,3624.28662109375,8468.0,7631.70458984375
darcy,2292,2292,2561,1,1,64,32,32,2.7923940493224112e-08,0.0002120032397951,0.1142866169975604,3624.9462890625,8468.0,7631.70458984375
darcy,2292,2292,2562,1,2,64,32,32,2.9619645403045073e-08,0.0002298081295061,0.1140559240011498,3624.9462890625,8468.0,7631.70458984375
darcy,2293,2293,2563,1,1,64,32,32,8.95661287358962e-08,0.0006197378996857,0.1154964409943204,3624.28662109375,8468.0,7631.70458984375
darcy,2293,2293,2564,1,2,64,32,32,4.0379362076237164e-08,0.0003291078596265,0.1154698650061618,3624.28662109375,8468.0,7631.70458984375
darcy,2294,2294,2565,1,1,64,32,32,5.054547003169319e-08,0.0004141512234992,0.1148083860171027,3624.9462890625,8468.0,7631.70458984375
darcy,2294,2294,2566,1,2,64,32,32,7.435443905023932e-08,0.0005483115686199,0.1142911250062752,3624.9462890625,8468.0,7631.70458984375
darcy,2295,2295,2567,1,1,64,32,32,2.2819028444587275e-08,0.0001862520612079,0.1146556459716521,3624.9462890625,8468.0,7631.70458984375
darcy,2295,2295,2568,1,2,64,32,32,2.7999135454592764e-08,0.0002171642494035,0.1145957160042598,3624.9462890625,8468.0,7631.70458984375
darcy,2296,2296,2569,1,1,64,32,32,8.647639049286228e-08,0.0005968001191061,0.1146150860004127,3624.28662109375,8468.0,7631.70458984375
darcy,2296,2296,2570,1,2,64,32,32,4.610625836676263e-08,0.0003533881697521,0.1144766230136156,3624.28662109375,8468.0,7631.70458984375
darcy,2297,2297,2571,1,1,64,32,32,4.95076157847052e-08,0.000418074778221,0.1146013170073274,3624.9462890625,8468.0,7631.70458984375
darcy,2297,2297,2572,1,2,64,32,32,8.252794714280753e-08,0.0005899633619939,0.1146626900008414,3624.9462890625,8468.0,7631.70458984375
darcy,2298,2298,2573,1,1,64,32,32,2.837738577454729e-08,0.0002111497570421,0.1146680840174667,3624.28662109375,8468.0,7631.70458984375
darcy,2298,2298,2574,1,2,64,32,32,2.8647443528484476e-08,0.000262602528421,0.1142963449819944,3624.28662109375,8468.0,7631.70458984375
darcy,2299,2299,2575,1,1,64,32,32,1.0252451687620125e-07,0.0006583126902713,0.1146698220109101,3624.28662109375,8468.0,7631.70458984375
darcy,2299,2299,2576,1,2,64,32,32,4.582369683703291e-08,0.0003437222894763,0.1142822289839387,3624.28662109375,8468.0,7631.70458984375
darcy,2300,2300,2577,1,1,64,32,32,5.6347982280158255e-08,0.0004714172054105,0.1147299479926005,3624.9462890625,8468.0,7631.70458984375
darcy,2300,2300,2578,1,2,64,32,32,7.843281224495513e-08,0.0005887211842313,0.1144240330031607,3624.9462890625,8468.0,7631.70458984375
darcy,2301,2301,2579,1,1,64,32,32,3.142217863683072e-08,0.0002259593700237,0.1148029169999063,3624.9462890625,8468.0,7631.70458984375
darcy,2301,2301,2580,1,2,64,32,32,2.9044226579344468e-08,0.0002397550516863,0.1144939739897381,3624.9462890625,8468.0,7631.70458984375
darcy,2302,2302,2581,1,1,64,32,32,1.0728331290010829e-07,0.0006917964005238,0.1148823370167519,3624.28662109375,8468.0,7631.70458984375
darcy,2302,2302,2582,1,2,64,32,32,4.902457817479444e-08,0.0003824985572368,0.1146954089927021,3624.28662109375,8468.0,7631.70458984375
darcy,2303,2303,2583,1,1,64,32,32,5.053007612332294e-08,0.0004243333936143,0.1145494490046985,3624.9462890625,8468.0,7631.70458984375
darcy,2303,2303,2584,1,2,64,32,32,8.9444462503252e-08,0.0006351092073904,0.1144707570201717,3624.9462890625,8468.0,7631.70458984375
darcy,2304,2304,2585,1,1,64,32,32,3.9311828459176474e-08,0.0003163640250793,0.1148575950064696,3624.28662109375,8468.0,7631.70458984375
darcy,2304,2304,2586,1,2,64,32,32,3.010653770729732e-08,0.0002322750191433,0.1145639769965782,3624.28662109375,8468.0,7631.70458984375
darcy,2305,2305,2587,1,1,64,32,32,1.1656650400482249e-07,0.0007363395706888,0.1149089419923257,3624.9462890625,8468.0,7631.70458984375
darcy,2305,2305,2588,1,2,64,32,32,5.584579909623245e-08,0.0004213952513093,0.1144099380180705,3624.9462890625,8468.0,7631.70458984375
darcy,2306,2306,2589,1,1,64,32,32,4.483841919977749e-08,0.0003701891578847,0.1147385750082321,3624.28662109375,8468.0,7631.70458984375
darcy,2306,2306,2590,1,2,64,32,32,9.646051069012175e-08,0.0006549377705543,0.1144383199862204,3624.28662109375,8468.0,7631.70458984375
darcy,2307,2307,2591,1,1,64,32,32,3.983304353027961e-08,0.0003473218304065,0.1147161239932756,3624.9462890625,8468.0,7631.70458984375
darcy,2307,2307,2592,1,2,64,32,32,2.4474621440617742e-08,0.0001839248817236,0.1146889909869059,3624.9462890625,8468.0,7631.70458984375
darcy,2308,2308,2593,1,1,64,32,32,1.0804435390809887e-07,0.0006891406657797,0.1146482509793713,3624.9462890625,8468.0,7631.70458984375
darcy,2308,2308,2594,1,2,64,32,32,5.677393133396436e-08,0.0004430294166106,0.1142873670032713,3624.9462890625,8468.0,7631.70458984375
darcy,2309,2309,2595,1,1,64,32,32,3.919204161206835e-08,0.0003484447911503,0.1145821899990551,3624.28662109375,8468.0,7631.70458984375
darcy,2309,2309,2596,1,2,64,32,32,6.801870711115043e-08,0.0005255071700642,0.1145924830052536,3624.28662109375,8468.0,7631.70458984375
darcy,2310,2310,2597,1,1,64,32,32,3.616564470121375e-08,0.0003115871767018,0.1145423900161404,3624.9462890625,8468.0,7631.70458984375
darcy,2310,2310,2598,1,2,64,32,32,2.2163851198797602e-08,0.0001050063413994,0.1135129650065209,3624.9462890625,8468.0,7631.70458984375
darcy,2311,2311,2599,1,1,64,32,32,7.931880219302911e-08,0.0005582351031338,0.113801849016454,3624.28662109375,8468.0,7631.70458984375
darcy,2311,2311,2600,1,2,64,32,32,5.6696411121492936e-08,0.0004158656784982,0.1134010319947265,3624.28662109375,8468.0,7631.70458984375
darcy,2312,2312,2601,1,1,64,32,32,3.4513877977815355e-08,0.0002995082179389,0.1136859229882247,3624.28662109375,8468.0,7631.70458984375
darcy,2312,2312,2602,1,2,64,32,32,6.431651655702808e-08,0.0005068612613143,0.1135121879924554,3624.28662109375,8468.0,7631.70458984375
darcy,2313,2313,2603,1,1,64,32,32,3.1024953273117724e-08,0.0001928523448969,0.1141015769972,3624.9462890625,8468.0,7631.70458984375
darcy,2313,2313,2604,1,2,64,32,32,2.651344033210989e-08,0.0001382119393231,0.1139157800062093,3624.9462890625,8468.0,7631.70458984375
darcy,2314,2314,2605,1,1,64,32,32,6.941757391132343e-08,0.0005163701766652,0.1139965369948186,3624.9462890625,8468.0,7631.70458984375
darcy,2314,2314,2606,1,2,64,32,32,3.720412067309553e-08,0.0002838431060127,0.1138974540226627,3624.9462890625,8468.0,7631.70458984375
darcy,2315,2315,2607,1,1,64,32,32,4.471481673817834e-08,0.0003548070462704,0.1141591649793554,3624.28662109375,8468.0,7631.70458984375
darcy,2315,2315,2608,1,2,64,32,32,6.139401165228264e-08,0.0004895755258702,0.1137188609864097,3624.28662109375,8468.0,7631.70458984375
darcy,2316,2316,2609,1,1,64,32,32,2.2075271388644072e-08,8.941037755705491e-05,0.1145399140077643,3624.9462890625,8468.0,7631.70458984375
darcy,2316,2316,2610,1,2,64,32,32,3.67241632659443e-08,0.0002338932368819,0.1137705559958703,3624.9462890625,8468.0,7631.70458984375
darcy,2317,2317,2611,1,1,64,32,32,7.175312077833952e-08,0.0005121392867786,0.1144911930023226,3624.28662109375,8468.0,7631.70458984375
darcy,2317,2317,2612,1,2,64,32,32,2.4289903421959025e-08,0.0001714928970036,0.1146244140109047,3624.28662109375,8468.0,7631.70458984375
darcy,2318,2318,2613,1,1,64,32,32,5.325280483248208e-08,0.0004049294488072,0.1148660379985813,3624.9462890625,8468.0,7631.70458984375
darcy,2318,2318,2614,1,2,64,32,32,5.8668579328013954e-08,0.0004657915115723,0.1145164629851933,3624.9462890625,8468.0,7631.70458984375
darcy,2319,2319,2615,1,1,64,32,32,2.151614530987445e-08,7.376482165699061e-05,0.1150459059863351,3624.28662109375,8468.0,7631.70458984375
darcy,2319,2319,2616,1,2,64,32,32,3.079957622276197e-08,0.0002542308184892,0.1146202690142672,3624.28662109375,8468.0,7631.70458984375
darcy,2320,2320,2617,1,1,64,32,32,8.820624231020703e-08,0.0005656704345341,0.1149640469811856,3624.9462890625,8468.0,7631.70458984375
darcy,2320,2320,2618,1,2,64,32,32,2.8764638670963905e-08,0.0002054753045555,0.1146175739995669,3624.9462890625,8468.0,7631.70458984375
darcy,2321,2321,2619,1,1,64,32,32,5.880955100678875e-08,0.0004718384952833,0.1153586099972017,3624.9462890625,8468.0,7631.70458984375
darcy,2321,2321,2620,1,2,64,32,32,6.412737008076874e-08,0.0004879201932049,0.114934078999795,3624.9462890625,8468.0,7631.70458984375
darcy,2322,2322,2621,1,1,64,32,32,2.905130536134948e-08,0.0001635096552417,0.1148362509848084,3624.28662109375,8468.0,7631.70458984375
darcy,2322,2322,2622,1,2,64,32,32,3.3432115742471076e-08,0.0003215308958719,0.1146836699917912,3624.28662109375,8468.0,7631.70458984375
darcy,2323,2323,2623,1,1,64,32,32,9.827645897075855e-08,0.0006358887409677,0.1145497820107266,3624.9462890625,8468.0,7631.70458984375
darcy,2323,2323,2624,1,2,64,32,32,3.94771966227836e-08,0.0002432366050119,0.1143573719891719,3624.9462890625,8468.0,7631.70458984375
darcy,2324,2324,2625,1,1,64,32,32,6.21613551743394e-08,0.0005041259252463,0.1146805839962326,3624.28662109375,8468.0,7631.70458984375
darcy,2324,2324,2626,1,2,64,32,32,7.288225134516324e-08,0.0005499142766213,0.1141760619939304,3624.28662109375,8468.0,7631.70458984375
darcy,2325,2325,2627,1,1,64,32,32,3.424445083055616e-08,0.0001904687006669,0.1146733759960625,3624.28662109375,8468.0,7631.70458984375
darcy,2325,2325,2628,1,2,64,32,32,3.7207769310043666e-08,0.000304687792868,0.1146780010021757,3624.28662109375,8468.0,7631.70458984375
darcy,2326,2326,2629,1,1,64,32,32,9.71296501006691e-08,0.0006620986149099,0.1143658500222954,3624.9462890625,8468.0,7631.70458984375
darcy,2326,2326,2630,1,2,64,32,32,4.4778104779652494e-08,0.0003290315696481,0.11411423899699,3624.9462890625,8468.0,7631.70458984375
darcy,2327,2327,2631,1,1,64,32,32,6.107229921781254e-08,0.0004778484614802,0.1148979979916475,3624.9462890625,8468.0,7631.70458984375
darcy,2327,2327,2632,1,2,64,32,32,7.747296137949888e-08,0.0005836196412683,0.1145247259992174,3624.9462890625,8468.0,7631.70458984375
darcy,2328,2328,2633,1,1,64,32,32,3.4520276415150875e-08,0.0002779073175898,0.1145279149932321,3624.28662109375,8468.0,7631.70458984375
darcy,2328,2328,2634,1,2,64,32,32,3.946090743056629e-08,0.0002958095772537,0.114287137024803,3624.28662109375,8468.0,7631.70458984375
darcy,2329,2329,2635,1,1,64,32,32,1.107555007706651e-07,0.0006950678672787,0.1149088209785986,3624.9462890625,8468.0,7631.70458984375
darcy,2329,2329,2636,1,2,64,32,32,3.594182018673564e-08,0.0003086766528329,0.1144328429945744,3624.9462890625,8468.0,7631.70458984375
darcy,2330,2330,2637,1,1,64,32,32,4.7093834609768244e-08,0.0004009147739695,0.1146602499939035,3624.28662109375,8468.0,7631.70458984375
darcy,2330,2330,2638,1,2,64,32,32,8.79771562267706e-08,0.0006195623148464,0.1145454949873965,3624.28662109375,8468.0,7631.70458984375
darcy,2331,2331,2639,1,1,64,32,32,2.7117240009033597e-08,0.0002177859727397,0.1147211590141523,3624.9462890625,8468.0,7631.70458984375
darcy,2331,2331,2640,1,2,64,32,32,2.8798217144299088e-08,0.0002535466141932,0.1143092920246999,3624.9462890625,8468.0,7631.70458984375
darcy,2332,2332,2641,1,1,64,32,32,8.85731381572441e-08,0.0006085698624847,0.1144504719995893,3624.28662109375,8468.0,7631.70458984375
darcy,2332,2332,2642,1,2,64,32,32,4.505377049213166e-08,0.0003534046489508,0.1148079039994627,3624.28662109375,8468.0,7631.70458984375
darcy,2333,2333,2643,1,1,64,32,32,4.6939430120573895e-08,0.0004176384935662,0.1165589190204627,3624.9462890625,8468.0,7631.70458984375
darcy,2333,2333,2644,1,2,64,32,32,7.136581103850403e-08,0.000561050417508,0.1165228910103906,3624.9462890625,8468.0,7631.70458984375
darcy,2334,2334,2645,1,1,64,32,32,2.753507288844048e-08,0.0001839826033625,0.1164349599857814,3624.9462890625,8468.0,7631.70458984375
darcy,2334,2334,2646,1,2,64,32,32,2.7932896884408365e-08,0.0002129877617116,0.1172500289976596,3624.9462890625,8468.0,7631.70458984375
darcy,2335,2335,2647,1,1,64,32,32,8.293757502997323e-08,0.0005968935995347,0.1145819539960939,3624.28662109375,8468.0,7631.70458984375
darcy,2335,2335,2648,1,2,64,32,32,3.7243491846084e-08,0.0002934550889823,0.1143698839878197,3624.28662109375,8468.0,7631.70458984375
darcy,2336,2336,2649,1,1,64,32,32,5.040792672161842e-08,0.000414943871772,0.1143528299871832,3624.9462890625,8468.0,7631.70458984375
darcy,2336,2336,2650,1,2,64,32,32,6.033751276390832e-08,0.0004997548526219,0.1143267299921717,3624.9462890625,8468.0,7631.70458984375
darcy,2337,2337,2651,1,1,64,32,32,2.5157246952289825e-08,0.0001638655306909,0.1152410129725467,3624.28662109375,8468.0,7631.70458984375
darcy,2337,2337,2652,1,2,64,32,32,3.28648361858086e-08,0.0002430832122518,0.1148760689829941,3624.28662109375,8468.0,7631.70458984375
darcy,2338,2338,2653,1,1,64,32,32,7.12542913561265e-08,0.0005327584555525,0.1142798620276153,3624.28662109375,8468.0,7631.70458984375
darcy,2338,2338,2654,1,2,64,32,32,3.78632698527781e-08,0.0003181152115664,0.1142152159882243,3624.28662109375,8468.0,7631.70458984375
darcy,2339,2339,2655,1,1,64,32,32,5.099587951917784e-08,0.0004179721480926,0.1150195320078637,3624.9462890625,8468.0,7631.70458984375
darcy,2339,2339,2656,1,2,64,32,32,7.935862100794111e-08,0.0005680437846311,0.1145179989980533,3624.9462890625,8468.0,7631.70458984375
darcy,2340,2340,2657,1,1,64,32,32,2.211446314959176e-08,0.0001549513490279,0.1142096930125262,3624.9462890625,8468.0,7631.70458984375
darcy,2340,2340,2658,1,2,64,32,32,3.1250586118858343e-08,0.0002818462022174,0.114020145003451,3624.9462890625,8468.0,7631.70458984375
darcy,2341,2341,2659,1,1,64,32,32,9.758365138168301e-08,0.0006258538525082,0.1146835580002516,3624.28662109375,8468.0,7631.70458984375
darcy,2341,2341,2660,1,2,64,32,32,3.7426499233106376e-08,0.0002699716369384,0.1142548609932418,3624.28662109375,8468.0,7631.70458984375
darcy,2342,2342,2661,1,1,64,32,32,5.5956192568373815e-08,0.0004713646597591,0.1147031419968698,3624.9462890625,8468.0,7631.70458984375
darcy,2342,2342,2662,1,2,64,32,32,7.92302685681534e-08,0.0005571231039374,0.1146796279936097,3624.9462890625,8468.0,7631.70458984375
darcy,2343,2343,2663,1,1,64,32,32,3.238116619286302e-08,0.000209923451285,0.1153753300022799,3624.28662109375,8468.0,7631.70458984375
darcy,2343,2343,2664,1,2,64,32,32,3.2972632624250764e-08,0.0003167946167241,0.1148074750090017,3624.28662109375,8468.0,7631.70458984375
darcy,2344,2344,2665,1,1,64,32,32,1.0464491850825652e-07,0.000660738620119,0.1147743920155335,3624.9462890625,8468.0,7631.70458984375
darcy,2344,2344,2666,1,2,64,32,32,5.220453758170152e-08,0.0003491250468478,0.114817291003419,3624.9462890625,8468.0,7631.70458984375
darcy,2345,2345,2667,1,1,64,32,32,5.8397009894406444e-08,0.0004749481675725,0.1147064630058594,3624.28662109375,8468.0,7631.70458984375
darcy,2345,2345,2668,1,2,64,32,32,9.650580068409909e-08,0.000649628232869,0.1147307879873551,3624.28662109375,8468.0,7631.70458984375
darcy,2346,2346,2669,1,1,64,32,32,4.3795004955882184e-08,0.0002640260455692,0.1143689510063268,3624.9462890625,8468.0,7631.70458984375
darcy,2346,2346,2670,1,2,64,32,32,3.1175645176517726e-08,0.0002725763291024,0.1150502339878585,3624.9462890625,8468.0,7631.70458984375
darcy,2347,2347,2671,1,1,64,32,32,1.1676647915237481e-07,0.0007317826067168,0.1141251930093858,3624.9462890625,8468.0,7631.70458984375
darcy,2347,2347,2672,1,2,64,32,32,6.359783100151617e-08,0.0004546074399916,0.114550037018489,3624.9462890625,8468.0,7631.70458984375
darcy,2348,2348,2673,1,1,64,32,32,5.668709945894079e-08,0.0004463729051103,0.1145080370188225,3624.28662109375,8468.0,7631.70458984375
darcy,2348,2348,2674,1,2,64,32,32,1.0257233640231789e-07,0.0006938483679442,0.113683553005103,3624.28662109375,8468.0,7631.70458984375
darcy,2349,2349,2675,1,1,64,32,32,4.5967873063546e-08,0.0003715010612714,0.1139257810136769,3624.9462890625,8468.0,7631.70458984375
darcy,2349,2349,2676,1,2,64,32,32,3.4571709051078876e-08,0.000269245352079,0.1137946879898663,3624.9462890625,8468.0,7631.70458984375
darcy,2350,2350,2677,1,1,64,32,32,1.2985526609554654e-07,0.0007806083228158,0.1145025639852974,3624.28662109375,8468.0,7631.70458984375
darcy,2350,2350,2678,1,2,64,32,32,5.3632842167417045e-08,0.0003987135345353,0.1141549299936741,3624.28662109375,8468.0,7631.70458984375
darcy,2351,2351,2679,1,1,64,32,32,4.699240818695216e-08,0.0003855587753393,0.1142681740166153,3624.28662109375,8468.0,7631.70458984375
darcy,2351,2351,2680,1,2,64,32,32,9.00671253134533e-08,0.0006275391029489,0.113938730006339,3624.28662109375,8468.0,7631.70458984375
darcy,2352,2352,2681,1,1,64,32,32,3.5679480703265654e-08,0.0003193574522058,0.1143323989817872,3624.9462890625,8468.0,7631.70458984375
darcy,2352,2352,2682,1,2,64,32,32,2.7642833799745862e-08,0.0001744453730132,0.1138023299863562,3624.9462890625,8468.0,7631.70458984375
darcy,2353,2353,2683,1,1,64,32,32,1.1063910676512025e-07,0.0006919152323346,0.1147775939898565,3624.9462890625,8468.0,7631.70458984375
darcy,2353,2353,2684,1,2,64,32,32,4.6743956261252606e-08,0.0003616855879085,0.1143802640144713,3624.9462890625,8468.0,7631.70458984375
darcy,2354,2354,2685,1,1,64,32,32,4.1561470709439163e-08,0.0003577703305009,0.1145520840073004,3624.28662109375,8468.0,7631.70458984375
darcy,2354,2354,2686,1,2,64,32,32,7.470456608871245e-08,0.0005626265199838,0.1145451620104722,3624.28662109375,8468.0,7631.70458984375
darcy,2355,2355,2687,1,1,64,32,32,3.0084937208130214e-08,0.0001937815239244,0.1142189470119774,3624.9462890625,8468.0,7631.70458984375
darcy,2355,2355,2688,1,2,64,32,32,2.6812806197540343e-08,0.0001674072570883,0.11413036097656,3624.9462890625,8468.0,7631.70458984375
darcy,2356,2356,2689,1,1,64,32,32,8.010946572767352e-08,0.0005751032260602,0.1140105930098798,3624.28662109375,8468.0,7631.70458984375
darcy,2356,2356,2690,1,2,64,32,32,3.9803612850164434e-08,0.0002826617464817,0.1142010379990097,3624.28662109375,8468.0,7631.70458984375
darcy,2357,2357,2691,1,1,64,32,32,5.1098552944495175e-08,0.0004110376235553,0.1141426640097051,3624.9462890625,8468.0,7631.70458984375
darcy,2357,2357,2692,1,2,64,32,32,5.413497916606502e-08,0.0004596405230039,0.1144851780263707,3624.9462890625,8468.0,7631.70458984375
darcy,2358,2358,2693,1,1,64,32,32,2.6203625935750097e-08,0.0001067682989444,0.1147367439989466,3624.28662109375,8468.0,7631.70458984375
darcy,2358,2358,2694,1,2,64,32,32,4.114209772865252e-08,0.0002808393076023,0.1140048539964482,3624.28662109375,8468.0,7631.70458984375
darcy,2359,2359,2695,1,1,64,32,32,6.021380727361247e-08,0.0004675922121747,0.1141806889791041,3624.9462890625,8468.0,7631.70458984375
darcy,2359,2359,2696,1,2,64,32,32,2.816915412040544e-08,0.0001918608286616,0.1142327850102447,3624.9462890625,8468.0,7631.70458984375
darcy,2360,2360,2697,1,1,64,32,32,5.692653459732355e-08,0.0004303106223953,0.1174155579938087,3624.9462890625,8468.0,7631.70458984375
darcy,2360,2360,2698,1,2,64,32,32,6.0911006016795e-08,0.0004746701761311,0.116775353992125,3624.9462890625,8468.0,7631.70458984375
darcy,2361,2361,2699,1,1,64,32,32,2.016588851461165e-08,6.286539462263874e-05,0.1144190229824744,3624.28662109375,8468.0,7631.70458984375
darcy,2361,2361,2700,1,2,64,32,32,4.035997136497826e-08,0.0003105947102846,0.1143223649996798,3624.28662109375,8468.0,7631.70458984375
darcy,2362,2362,2701,1,1,64,32,32,7.096105747450565e-08,0.0005073570729731,0.1144759120070375,3624.9462890625,8468.0,7631.70458984375
darcy,2362,2362,2702,1,2,64,32,32,3.4866513232145735e-08,0.0002362415169627,0.1141052540042437,3624.9462890625,8468.0,7631.70458984375
darcy,2363,2363,2703,1,1,64,32,32,6.469799274100296e-08,0.0004943200466546,0.1145746100228279,3624.28662109375,8468.0,7631.70458984375
darcy,2363,2363,2704,1,2,64,32,32,6.777538885671676e-08,0.000491033443848,0.113847281987546,3624.28662109375,8468.0,7631.70458984375
darcy,2364,2364,2705,1,1,64,32,32,2.774308427433425e-08,0.0001455428892321,0.1145947210025042,3624.28662109375,8468.0,7631.70458984375
darcy,2364,2364,2706,1,2,64,32,32,2.9310935900639382e-08,0.0002683568707111,0.1140653539914637,3624.28662109375,8468.0,7631.70458984375
darcy,2365,2365,2707,1,1,64,32,32,1.0634921210339598e-07,0.0006542596883358,0.1147831139969639,3624.9462890625,8468.0,7631.70458984375
darcy,2365,2365,2708,1,2,64,32,32,4.088208171992847e-08,0.0002854381327157,0.1144553839985746,3624.9462890625,8468.0,7631.70458984375
darcy,2366,2366,2709,1,1,64,32,32,5.4460585374727095e-08,0.000460722134223,0.1144603809807449,3624.9462890625,8468.0,7631.70458984375
darcy,2366,2366,2710,1,2,64,32,32,8.834700793158846e-08,0.0006078086223684,0.1143210240115877,3624.9462890625,8468.0,7631.70458984375
darcy,2367,2367,2711,1,1,64,32,32,3.7769222416272896e-08,0.0002370720285405,0.1145438110106624,3624.28662109375,8468.0,7631.70458984375
darcy,2367,2367,2712,1,2,64,32,32,3.8072236918651476e-08,0.0003405056254729,0.1145021019910927,3624.28662109375,8468.0,7631.70458984375
darcy,2368,2368,2713,1,1,64,32,32,1.120455337400017e-07,0.0007094424024159,0.115039862022968,3624.9462890625,8468.0,7631.70458984375
darcy,2368,2368,2714,1,2,64,32,32,3.9930558415335327e-08,0.0002914004388621,0.1143347450124565,3624.9462890625,8468.0,7631.70458984375
darcy,2369,2369,2715,1,1,64,32,32,5.571399341874894e-08,0.0004472235732783,0.1149275299976579,3624.28662109375,8468.0,7631.70458984375
darcy,2369,2369,2716,1,2,64,32,32,9.509436438293053e-08,0.000658977064532,0.1145031820051372,3624.28662109375,8468.0,7631.70458984375
darcy,2370,2370,2717,1,1,64,32,32,2.7957806736367278e-08,0.0002112521576935,0.115404309995938,3624.9462890625,8468.0,7631.70458984375
darcy,2370,2370,2718,1,2,64,32,32,3.4809488624887315e-08,0.0002566144729142,0.115416747983545,3624.9462890625,8468.0,7631.70458984375
darcy,2371,2371,2719,1,1,64,32,32,1.0107360282063382e-07,0.0006730133186987,0.1146933689888101,3624.28662109375,8468.0,7631.70458984375
darcy,2371,2371,2720,1,2,64,32,32,5.481170006760294e-08,0.0004064322011632,0.1147404779912903,3624.28662109375,8468.0,7631.70458984375
darcy,2372,2372,2721,1,1,64,32,32,4.783388618534445e-08,0.0004042291686264,0.1148061509884428,3624.9462890625,8468.0,7631.70458984375
darcy,2372,2372,2722,1,2,64,32,32,9.697595970692421e-08,0.0006653989605165,0.1144682269950863,3624.9462890625,8468.0,7631.70458984375
darcy,2373,2373,2723,1,1,64,32,32,3.1012273637998085e-08,0.0002757466238863,0.1145603549957741,3624.9462890625,8468.0,7631.70458984375
darcy,2373,2373,2724,1,2,64,32,32,3.2490504509041784e-08,0.0002487320908632,0.1143116699822712,3624.9462890625,8468.0,7631.70458984375
darcy,2374,2374,2725,1,1,64,32,32,1.0388366433744525e-07,0.0006759234562054,0.1143972330028191,3624.28662109375,8468.0,7631.70458984375
darcy,2374,2374,2726,1,2,64,32,32,4.7760831733967286e-08,0.0003779153645924,0.1143829680222552,3624.28662109375,8468.0,7631.70458984375
darcy,2375,2375,2727,1,1,64,32,32,4.9944116398137346e-08,0.0004371155712249,0.1144979349919594,3624.9462890625,8468.0,7631.70458984375
darcy,2375,2375,2728,1,2,64,32,32,7.997806505954942e-08,0.0005912286382155,0.1139582610048819,3624.9462890625,8468.0,7631.70458984375
darcy,2376,2376,2729,1,1,64,32,32,3.0039313259067064e-08,0.0002159661564631,0.1141157539968844,3624.28662109375,8468.0,7631.70458984375
darcy,2376,2376,2730,1,2,64,32,32,3.2610181222025865e-08,0.0002696573553458,0.1140463699994143,3624.28662109375,8468.0,7631.70458984375
darcy,2377,2377,2731,1,1,64,32,32,9.250660326642901e-08,0.0006338010707361,0.1144818640023004,3624.28662109375,8468.0,7631.70458984375
darcy,2377,2377,2732,1,2,64,32,32,3.4426108186380595e-08,0.000272541201744,0.1139081250003073,3624.28662109375,8468.0,7631.70458984375
darcy,2378,2378,2733,1,1,64,32,32,5.942555603155598e-08,0.000465337609507,0.1146076549775898,3624.9462890625,8468.0,7631.70458984375
darcy,2378,2378,2734,1,2,64,32,32,6.266535734766876e-08,0.0005177533908255,0.1145612600084859,3624.9462890625,8468.0,7631.70458984375
darcy,2379,2379,2735,1,1,64,32,32,2.329728765460004e-08,0.0001431583585566,0.1144826149975415,3624.9462890625,8468.0,7631.70458984375
darcy,2379,2379,2736,1,2,64,32,32,3.6902491729051696e-08,0.0002752455250251,0.1138681040029041,3624.9462890625,8468.0,7631.70458984375
darcy,2380,2380,2737,1,1,64,32,32,8.200113654766028e-08,0.0005802647446114,0.1145907790050841,3624.28662109375,8468.0,7631.70458984375
darcy,2380,2380,2738,1,2,64,32,32,2.8637346716209322e-08,0.000241237132826,0.1144210069905966,3624.28662109375,8468.0,7631.70458984375
darcy,2381,2381,2739,1,1,64,32,32,5.581685869060494e-08,0.0004379086812762,0.1149658449867274,3624.9462890625,8468.0,7631.70458984375
darcy,2381,2381,2740,1,2,64,32,32,7.119352574136428e-08,0.0005405711307139,0.1146517260058317,3624.9462890625,8468.0,7631.70458984375
darcy,2382,2382,2741,1,1,64,32,32,2.3473331722811963e-08,0.0001526910805762,0.1142308349953964,3624.28662109375,8468.0,7631.70458984375
darcy,2382,2382,2742,1,2,64,32,32,3.61023388961712e-08,0.0003076000451092,0.1145357499772217,3624.28662109375,8468.0,7631.70458984375
darcy,2383,2383,2743,1,1,64,32,32,1.0368849245878665e-07,0.0006513597941488,0.1148203119810205,3624.9462890625,8468.0,7631.70458984375
darcy,2383,2383,2744,1,2,64,32,32,2.8125459294869873e-08,0.0002168672681869,0.1143593160086311,3624.9462890625,8468.0,7631.70458984375
darcy,2384,2384,2745,1,1,64,32,32,5.863663687932785e-08,0.0004853602831829,0.1142113159876316,3624.28662109375,8468.0,7631.70458984375
darcy,2384,2384,2746,1,2,64,32,32,8.062207257353293e-08,0.0005667510242432,0.1139135580160655,3624.28662109375,8468.0,7631.70458984375
darcy,2385,2385,2747,1,1,64,32,32,2.6955889964597194e-08,0.0001761657437761,0.1145433539932128,3624.9462890625,8468.0,7631.70458984375
darcy,2385,2385,2748,1,2,64,32,32,3.847427265668557e-08,0.0003465952585865,0.1143068170058541,3624.9462890625,8468.0,7631.70458984375
darcy,2386,2386,2749,1,1,64,32,32,1.0962966001670793e-07,0.0006797562139847,0.1144772970001213,3624.9462890625,8468.0,7631.70458984375
darcy,2386,2386,2750,1,2,64,32,32,3.801189407681704e-08,0.0002787671082767,0.1145283989899326,3624.9462890625,8468.0,7631.70458984375
darcy,2387,2387,2751,1,1,64,32,32,6.16184649970819e-08,0.0005076570100996,0.1150770990061573,3624.28662109375,8468.0,7631.70458984375
darcy,2387,2387,2752,1,2,64,32,32,9.187961325096695e-08,0.0006352306033899,0.1145862620032858,3624.28662109375,8468.0,7631.70458984375
darcy,2388,2388,2753,1,1,64,32,32,3.268370818432231e-08,0.0002136800859329,0.1145942950097378,3624.9462890625,8468.0,7631.70458984375
darcy,2388,2388,2754,1,2,64,32,32,3.790837155293048e-08,0.0003151017245672,0.1141923489922192,3624.9462890625,8468.0,7631.70458984375
darcy,2389,2389,2755,1,1,64,32,32,1.1522953968778893e-07,0.0007257609314924,0.1151758219930343,3624.28662109375,8468.0,7631.70458984375
darcy,2389,2389,2756,1,2,64,32,32,4.597190184085776e-08,0.000359517207278,0.1156300870061386,3624.28662109375,8468.0,7631.70458984375
darcy,2390,2390,2757,1,1,64,32,32,5.574115391482337e-08,0.0004622338897174,0.114540428010514,3624.28662109375,8468.0,7631.70458984375
darcy,2390,2390,2758,1,2,64,32,32,1.0688751928000785e-07,0.0007086492415734,0.1143524169747252,3624.28662109375,8468.0,7631.70458984375
darcy,2391,2391,2759,1,1,64,32,32,3.1520951182528734e-08,0.000273233795995,0.1145343440002761,3624.9462890625,8468.0,7631.70458984375
darcy,2391,2391,2760,1,2,64,32,32,3.952971994181098e-08,0.0003262316066798,0.1146860230073798,3624.9462890625,8468.0,7631.70458984375
darcy,2392,2392,2761,1,1,64,32,32,1.1362524787728034e-07,0.0007274864262328,0.1146315730002243,3624.9462890625,8468.0,7631.70458984375
darcy,2392,2392,2762,1,2,64,32,32,5.2835904540415874e-08,0.0004193763629698,0.1143348330224398,3624.9462890625,8468.0,7631.70458984375
darcy,2393,2393,2763,1,1,64,32,32,5.9264657181756775e-08,0.0004942399872673,0.1147500219813082,3624.28662109375,8468.0,7631.70458984375
darcy,2393,2393,2764,1,2,64,32,32,8.633035974980886e-08,0.0006167173150554,0.1141869729908648,3624.28662109375,8468.0,7631.70458984375
darcy,2394,2394,2765,1,1,64,32,32,3.4043303287489834e-08,0.0003219675031184,0.1148978699930012,3624.9462890625,8468.0,7631.70458984375
darcy,2394,2394,2766,1,2,64,32,32,2.932632980900962e-08,0.0002286203074944,0.1143142800137866,3624.9462890625,8468.0,7631.70458984375
darcy,2395,2395,2767,1,1,64,32,32,1.1200547334055957e-07,0.00071225235823,0.114402239996707,3624.28662109375,8468.0,7631.70458984375
darcy,2395,2395,2768,1,2,64,32,32,5.182945983506215e-08,0.0004113555846336,0.11626525799511,3624.28662109375,8468.0,7631.70458984375
darcy,2396,2396,2769,1,1,64,32,32,4.5569080953100645e-08,0.00040856134818,0.1144281800079625,3624.9462890625,8468.0,7631.70458984375
darcy,2396,2396,2770,1,2,64,32,32,7.480793584591083e-08,0.000573750683608,0.1143383280141279,3624.9462890625,8468.0,7631.70458984375
darcy,2397,2397,2771,1,1,64,32,32,3.248328539484646e-08,0.0002805324459503,0.1148349140130449,3624.28662109375,8468.0,7631.70458984375
darcy,2397,2397,2772,1,2,64,32,32,2.4938342946256853e-08,0.0001823562843145,0.1138491260062437,3624.28662109375,8468.0,7631.70458984375
darcy,2398,2398,2773,1,1,64,32,32,8.407813822941534e-08,0.0006007853945426,0.1146833279926795,3624.9462890625,8468.0,7631.70458984375
darcy,2398,2398,2774,1,2,64,32,32,5.3244516351469435e-08,0.0004125509118213,0.1141909080033656,3624.9462890625,8468.0,7631.70458984375
darcy,2399,2399,2775,1,1,64,32,32,3.824849059697044e-08,0.0003302222991762,0.1146720290125813,3624.9462890625,8468.0,7631.70458984375
darcy,2399,2399,2776,1,2,64,32,32,8.766738801568864e-08,0.000624479246837,0.1138219170097727,3624.9462890625,8468.0,7631.70458984375
darcy,2400,2400,2777,1,1,64,32,32,3.127533787505854e-08,0.0002613036895989,0.1147708840144332,3624.28662109375,8468.0,7631.70458984375
darcy,2400,2400,2778,1,2,64,32,32,3.449171970260068e-08,0.0002625572142757,0.1145843660051468,3624.28662109375,8468.0,7631.70458984375
darcy,2401,2401,2779,1,1,64,32,32,9.627594721450805e-08,0.0006414395936678,0.1145446559821721,3624.9462890625,8468.0,7631.70458984375
darcy,2401,2401,2780,1,2,64,32,32,3.5371467532741014e-08,0.000285804894616,0.1143554720038082,3624.9462890625,8468.0,7631.70458984375
darcy,2402,2402,2781,1,1,64,32,32,5.5992714464991884e-08,0.0004342108178417,0.1145565949846059,3624.28662109375,8468.0,7631.70458984375
darcy,2402,2402,2782,1,2,64,32,32,6.37478478893172e-08,0.0005082318571368,0.1145318660128396,3624.28662109375,8468.0,7631.70458984375
darcy,2403,2403,2783,1,1,64,32,32,2.525187170476784e-08,0.0002016864318188,0.1143611450097523,3624.28662109375,8468.0,7631.70458984375
darcy,2403,2403,2784,1,2,64,32,32,3.427578931791686e-08,0.0002850174647797,0.1145595220150426,3624.28662109375,8468.0,7631.70458984375
darcy,2404,2404,2785,1,1,64,32,32,8.92256295514926e-08,0.0005938835712974,0.1142849890165962,3624.9462890625,8468.0,7631.70458984375
darcy,2404,2404,2786,1,2,64,32,32,3.3560223045014936e-08,0.0002789831522266,0.1144178299873601,3624.9462890625,8468.0,7631.70458984375
darcy,2405,2405,2787,1,1,64,32,32,4.982109302886784e-08,0.0004326871332612,0.1147079069924075,3624.9462890625,8468.0,7631.70458984375
darcy,2405,2405,2788,1,2,64,32,32,8.29424422477132e-08,0.0005798458407431,0.1143196010089013,3624.9462890625,8468.0,7631.70458984375
darcy,2406,2406,2789,1,1,64,32,32,2.901121121112737e-08,0.0001901213909436,0.1146650989830959,3624.28662109375,8468.0,7631.70458984375
darcy,2406,2406,2790,1,2,64,32,32,2.9694440684124856e-08,0.000285212174152,0.1144482000090647,3624.28662109375,8468.0,7631.70458984375
darcy,2407,2407,2791,1,1,64,32,32,1.1731835769523968e-07,0.0007045325102098,0.1149360520066693,3624.9462890625,8468.0,7631.70458984375
darcy,2407,2407,2792,1,2,64,32,32,3.9498484483146974e-08,0.0002808125855051,0.1144123779959045,3624.9462890625,8468.0,7631.70458984375
darcy,2408,2408,2793,1,1,64,32,32,5.651025247743746e-08,0.0004838726297634,0.1148364040127489,3624.28662109375,8468.0,7631.70458984375
darcy,2408,2408,2794,1,2,64,32,32,8.248024840895597e-08,0.0005870527925424,0.1142957709962502,3624.28662109375,8468.0,7631.70458984375
darcy,2409,2409,2795,1,1,64,32,32,3.8104669641825246e-08,0.000263089489674,0.1144827620009891,3624.9462890625,8468.0,7631.70458984375
darcy,2409,2409,2796,1,2,64,32,32,3.73790172147892e-08,0.0003251435256283,0.1146098519966472,3624.9462890625,8468.0,7631.70458984375
darcy,2410,2410,2797,1,1,64,32,32,1.1611847838821633e-07,0.0007240969257932,0.1142924029845744,3624.28662109375,8468.0,7631.70458984375
darcy,2410,2410,2798,1,2,64,32,32,4.668132547180903e-08,0.0003225372067144,0.1138810050033498,3624.28662109375,8468.0,7631.70458984375
darcy,2411,2411,2799,1,1,64,32,32,5.6901818368260144e-08,0.0004687071131075,0.1141283440229017,3624.9462890625,8468.0,7631.70458984375
darcy,2411,2411,2800,1,2,64,32,32,9.067841233445507e-08,0.0006436685704393,0.1142392760084476,3624.9462890625,8468.0,7631.70458984375
darcy,2412,2412,2801,1,1,64,32,32,3.4750641475511657e-08,0.0002671525281309,0.1148206189973279,3624.9462890625,8468.0,7631.70458984375
darcy,2412,2412,2802,1,2,64,32,32,3.7685701670397975e-08,0.0002933097867239,0.1144690140208695,3624.9462890625,8468.0,7631.70458984375
darcy,2413,2413,2803,1,1,64,32,32,1.068142907456604e-07,0.0006840481770995,0.1144621659768745,3624.28662109375,8468.0,7631.70458984375
darcy,2413,2413,2804,1,2,64,32,32,5.00801178304755e-08,0.0004103568833975,0.1141710929805412,3624.28662109375,8468.0,7631.70458984375
darcy,2414,2414,2805,1,1,64,32,32,5.3679428901887156e-08,0.0004331238218441,0.1139980809821281,3624.9462890625,8468.0,7631.70458984375
darcy,2414,2414,2806,1,2,64,32,32,8.933805872857192e-08,0.0006295586711248,0.1134199840016663,3624.9462890625,8468.0,7631.70458984375
darcy,2415,2415,2807,1,1,64,32,32,3.0349653457051324e-08,0.0002772609258604,0.1138803339854348,3624.28662109375,8468.0,7631.70458984375
darcy,2415,2415,2808,1,2,64,32,32,2.6697051680457665e-08,0.000193323227488,0.1139025570009835,3624.28662109375,8468.0,7631.70458984375
darcy,2416,2416,2809,1,1,64,32,32,1.1152711465456377e-07,0.0007108051793283,0.1140340749989263,3624.28662109375,8468.0,7631.70458984375
darcy,2416,2416,2810,1,2,64,32,32,4.770655337438257e-08,0.0003647470874893,0.1136603370250668,3624.28662109375,8468.0,7631.70458984375
darcy,2417,2417,2811,1,1,64,32,32,4.2339348027553576e-08,0.0003864266267563,0.1141656750114634,3624.9462890625,8468.0,7631.70458984375
darcy,2417,2417,2812,1,2,64,32,32,7.878090002577666e-08,0.000587829502797,0.1141523269761819,3624.9462890625,8468.0,7631.70458984375
darcy,2418,2418,2813,1,1,64,32,32,3.0251658955648963e-08,0.0002584840392036,0.1141826240054797,3624.9462890625,8468.0,7631.70458984375
darcy,2418,2418,2814,1,2,64,32,32,3.0449474053284575e-08,0.0002502060545698,0.1138892979943193,3624.9462890625,8468.0,7631.70458984375
darcy,2419,2419,2815,1,1,64,32,32,8.505493553911948e-08,0.0005986678818277,0.1145162040193099,3624.28662109375,8468.0,7631.70458984375
darcy,2419,2419,2816,1,2,64,32,32,4.1978548637189306e-08,0.0003249469565373,0.1141138449893333,3624.28662109375,8468.0,7631.70458984375
darcy,2420,2420,2817,1,1,64,32,32,4.771546713300268e-08,0.0004080080160026,0.1162240470002871,3624.9462890625,8468.0,7631.70458984375
darcy,2420,2420,2818,1,2,64,32,32,6.267677576943242e-08,0.0005170378003717,0.1162560550146736,3624.9462890625,8468.0,7631.70458984375
darcy,2421,2421,2819,1,1,64,32,32,2.7286320758435068e-08,0.0001793536556739,0.1146767259924672,3624.28662109375,8468.0,7631.70458984375
darcy,2421,2421,2820,1,2,64,32,32,2.998531201114929e-08,0.0002335645829618,0.114345214999048,3624.28662109375,8468.0,7631.70458984375
darcy,2422,2422,2821,1,1,64,32,32,7.44897974414016e-08,0.0005578138408604,0.1148828089935705,3624.9462890625,8468.0,7631.70458984375
darcy,2422,2422,2822,1,2,64,32,32,3.309481755309207e-08,0.0002617967115548,0.1147600160038564,3624.9462890625,8468.0,7631.70458984375
darcy,2423,2423,2823,1,1,64,32,32,4.931169073074671e-08,0.0004137645347049,0.1142874410143122,3624.28662109375,8468.0,7631.70458984375
darcy,2423,2423,2824,1,2,64,32,32,6.235847394009397e-08,0.0004887820195079,0.114206172991544,3624.28662109375,8468.0,7631.70458984375
darcy,2424,2424,2825,1,1,64,32,32,2.2492667284268464e-08,0.0001420833158431,0.1142512630030978,3624.9462890625,8468.0,7631.70458984375
darcy,2424,2424,2826,1,2,64,32,32,3.20074384774216e-08,0.0002773386896495,0.1140079920005519,3624.9462890625,8468.0,7631.70458984375
darcy,2425,2425,2827,1,1,64,32,32,8.389589112312025e-08,0.0005617098648114,0.1143184620013926,3624.9462890625,8468.0,7631.70458984375
darcy,2425,2425,2828,1,2,64,32,32,2.720814684664674e-08,0.0002153662311602,0.114152672002092,3624.9462890625,8468.0,7631.70458984375
darcy,2426,2426,2829,1,1,64,32,32,5.703883587671044e-08,0.0004609912502263,0.1147998850210569,3624.28662109375,8468.0,7631.70458984375
darcy,2426,2426,2830,1,2,64,32,32,6.045402756171825e-08,0.0004819980819973,0.1142875569930765,3624.28662109375,8468.0,7631.70458984375
darcy,2427,2427,2831,1,1,64,32,32,2.4731141579081853e-08,0.0001289614624045,0.1147388129902537,3624.9462890625,8468.0,7631.70458984375
darcy,2427,2427,2832,1,2,64,32,32,3.0322294009010875e-08,0.0002900268944027,0.1141687869967427,3624.9462890625,8468.0,7631.70458984375
darcy,2428,2428,2833,1,1,64,32,32,8.310414756351747e-08,0.00057837738919,0.11443751497427,3624.28662109375,8468.0,7631.70458984375
darcy,2428,2428,2834,1,2,64,32,32,3.927861769170704e-08,0.0002746611486215,0.1144591589982155,3624.28662109375,8468.0,7631.70458984375
darcy,2429,2429,2835,1,1,64,32,32,5.975827122028933e-08,0.0004957524895852,0.1147132840123958,3624.28662109375,8468.0,7631.70458984375
darcy,2429,2429,2836,1,2,64,32,32,6.47608970893998e-08,0.0005133302775024,0.1142986360064242,3624.28662109375,8468.0,7631.70458984375
darcy,2430,2430,2837,1,1,64,32,32,3.5198858938656485e-08,0.0002186248198373,0.1141700430016499,3624.9462890625,8468.0,7631.70458984375
darcy,2430,2430,2838,1,2,64,32,32,3.2938448413233345e-08,0.0003027446623999,0.1141727200010791,3624.9462890625,8468.0,7631.70458984375
darcy,2431,2431,2839,1,1,64,32,32,1.0138887063249059e-07,0.0006729876116893,0.1144593269855249,3624.9462890625,8468.0,7631.70458984375
darcy,2431,2431,2840,1,2,64,32,32,4.251432272894817e-08,0.0003038269131191,0.1141304170014336,3624.9462890625,8468.0,7631.70458984375
darcy,2432,2432,2841,1,1,64,32,32,5.656326251823885e-08,0.0004726536733285,0.1140507740201428,3624.28662109375,8468.0,7631.70458984375
darcy,2432,2432,2842,1,2,64,32,32,7.90436303077513e-08,0.0005887884760698,0.1148903519788291,3624.28662109375,8468.0,7631.70458984375
darcy,2433,2433,2843,1,1,64,32,32,2.921920128073907e-08,0.0002208257157197,0.1149652059830259,3624.9462890625,8468.0,7631.70458984375
darcy,2433,2433,2844,1,2,64,32,32,3.047045993298525e-08,0.0002248672438788,0.1146404150058515,3624.9462890625,8468.0,7631.70458984375
darcy,2434,2434,2845,1,1,64,32,32,1.0232663072429204e-07,0.0006759315111842,0.1147889950079843,3624.28662109375,8468.0,7631.70458984375
darcy,2434,2434,2846,1,2,64,32,32,4.688432753141569e-08,0.0003893029196229,0.1150052860029973,3624.28662109375,8468.0,7631.70458984375
darcy,2435,2435,2847,1,1,64,32,32,4.717508872431608e-08,0.0004018636420576,0.1146870590164326,3624.9462890625,8468.0,7631.70458984375
darcy,2435,2435,2848,1,2,64,32,32,7.814859515065109e-08,0.0005764679917349,0.1144736240094062,3624.9462890625,8468.0,7631.70458984375
darcy,2436,2436,2849,1,1,64,32,32,3.41237829104557e-08,0.0003152848063278,0.1174918669858016,3624.28662109375,8468.0,7631.70458984375
darcy,2436,2436,2850,1,2,64,32,32,2.516728336843244e-08,0.0001980937416601,0.1147739489970263,3624.28662109375,8468.0,7631.70458984375
darcy,2437,2437,2851,1,1,64,32,32,9.970045766749537e-08,0.0006547210414122,0.114419113000622,3624.9462890625,8468.0,7631.70458984375
darcy,2437,2437,2852,1,2,64,32,32,4.90827716248532e-08,0.0003921163408041,0.1147032059961929,3624.9462890625,8468.0,7631.70458984375
darcy,2438,2438,2853,1,1,64,32,32,3.9336086388175324e-08,0.0003548292326392,0.1158620399946812,3624.9462890625,8468.0,7631.70458984375
darcy,2438,2438,2854,1,2,64,32,32,7.176992511404023e-08,0.0005613798074947,0.115085644996725,3624.9462890625,8468.0,7631.70458984375
darcy,2439,2439,2855,1,1,64,32,32,3.505933676706263e-08,0.0002641386540093,0.1146372960065491,3624.28662109375,8468.0,7631.70458984375
darcy,2439,2439,2856,1,2,64,32,32,2.415594835269985e-08,0.0002054601134888,0.1142076810065191,3624.28662109375,8468.0,7631.70458984375
darcy,2440,2440,2857,1,1,64,32,32,8.18048420114792e-08,0.0005796185527757,0.1147422920039389,3624.9462890625,8468.0,7631.70458984375
darcy,2440,2440,2858,1,2,64,32,32,3.9919829220025356e-08,0.0003118344707626,0.1149180409847758,3624.9462890625,8468.0,7631.70458984375
darcy,2441,2441,2859,1,1,64,32,32,5.173222916710075e-08,0.0004155259979453,0.1146330380288418,3624.28662109375,8468.0,7631.70458984375
darcy,2441,2441,2860,1,2,64,32,32,4.739381509466512e-08,0.0004310734245781,0.114304638991598,3624.28662109375,8468.0,7631.70458984375
darcy,2442,2442,2861,1,1,64,32,32,2.5045311602411857e-08,0.0001397612916983,0.1146025400084909,3624.28662109375,8468.0,7631.70458984375
darcy,2442,2442,2862,1,2,64,32,32,3.507674151137508e-08,0.0002167539423983,0.1144140260003041,3624.28662109375,8468.0,7631.70458984375
darcy,2443,2443,2863,1,1,64,32,32,6.089272375220389e-08,0.0004730982102558,0.1146690059977117,3624.9462890625,8468.0,7631.70458984375
darcy,2443,2443,2864,1,2,64,32,32,2.991149727904485e-08,0.0002360996732754,0.1146353149961214,3624.9462890625,8468.0,7631.70458984375
darcy,2444,2444,2865,1,1,64,32,32,5.492016441621673e-08,0.0004081879961981,0.1150537450157571,3624.9462890625,8468.0,7631.70458984375
darcy,2444,2444,2866,1,2,64,32,32,5.87840709442844e-08,0.0004723335966006,0.1147591159970033,3624.9462890625,8468.0,7631.70458984375
darcy,2445,2445,2867,1,1,64,32,32,2.0081031948393505e-08,6.565281700671444e-05,0.1147041759977582,3624.28662109375,8468.0,7631.70458984375
darcy,2445,2445,2868,1,2,64,32,32,3.970367146166609e-08,0.0003092215783793,0.1144198770052753,3624.28662109375,8468.0,7631.70458984375
darcy,2446,2446,2869,1,1,64,32,32,7.920981204279087e-08,0.0005274618682306,0.1158610320126172,3624.9462890625,8468.0,7631.70458984375
darcy,2446,2446,2870,1,2,64,32,32,1.986199649195441e-08,0.0001101144387224,0.1141049959987867,3624.9462890625,8468.0,7631.70458984375
darcy,2447,2447,2871,1,1,64,32,32,5.86065809216052e-08,0.0004774125699599,0.1143151819997001,3624.28662109375,8468.0,7631.70458984375
darcy,2447,2447,2872,1,2,64,32,32,6.046741418685997e-08,0.0004551019797125,0.1146079009922687,3624.28662109375,8468.0,7631.70458984375
darcy,2448,2448,2873,1,1,64,32,32,2.263441523098209e-08,3.665921184212188e-05,0.1144090720044914,3624.9462890625,8468.0,7631.70458984375
darcy,2448,2448,2874,1,2,64,32,32,3.43655415235844e-08,0.0003069105790376,0.1146909760136623,3624.9462890625,8468.0,7631.70458984375
darcy,2449,2449,2875,1,1,64,32,32,8.663914030648813e-08,0.0005655528472133,0.1145658179884776,3624.28662109375,8468.0,7631.70458984375
darcy,2449,2449,2876,1,2,64,32,32,2.74552238721526e-08,0.0001760399662546,0.1141740099992603,3624.28662109375,8468.0,7631.70458984375
darcy,2450,2450,2877,1,1,64,32,32,5.998226271231033e-08,0.0004900595849176,0.1150265629985369,3624.9462890625,8468.0,7631.70458984375
darcy,2450,2450,2878,1,2,64,32,32,7.155108505685348e-08,0.0005330606438578,0.1146333159995265,3624.9462890625,8468.0,7631.70458984375
darcy,2451,2451,2879,1,1,64,32,32,3.049433061619311e-08,0.0001642754749744,0.114695278025465,3624.9462890625,8468.0,7631.70458984375
darcy,2451,2451,2880,1,2,64,32,32,4.427213440294509e-08,0.0003854277608811,0.1143557939794845,3624.9462890625,8468.0,7631.70458984375
darcy,2452,2452,2881,1,1,64,32,32,1.0236825431775288e-07,0.000673197687617,0.1146260189998429,3624.28662109375,8468.0,7631.70458984375
darcy,2452,2452,2882,1,2,64,32,32,3.50076589938908e-08,0.0002179617127714,0.1144426550017669,3624.28662109375,8468.0,7631.70458984375
darcy,2453,2453,2883,1,1,64,32,32,5.985356921200946e-08,0.0004849084319704,0.1147620949777774,3624.9462890625,8468.0,7631.70458984375
darcy,2453,2453,2884,1,2,64,32,32,9.687135360536558e-08,0.0006680951124546,0.1142325070104561,3624.9462890625,8468.0,7631.70458984375
darcy,2454,2454,2885,1,1,64,32,32,2.856374514692561e-08,0.0001644619960994,0.1148637989826966,3624.28662109375,8468.0,7631.70458984375
darcy,2454,2454,2886,1,2,64,32,32,4.156279587164136e-08,0.0003423486656875,0.1146936239965725,3624.28662109375,8468.0,7631.70458984375
darcy,2455,2455,2887,1,1,64,32,32,1.0504384562182169e-07,0.0006879093396711,0.1148498489928897,3624.28662109375,8468.0,7631.70458984375
darcy,2455,2455,2888,1,2,64,32,32,4.2302595204546385e-08,0.0003342051231507,0.1145305660029407,3624.28662109375,8468.0,7631.70458984375
darcy,2456,2456,2889,1,1,64,32,32,5.984372108969184e-08,0.0004780710969555,0.1152200999786146,3624.9462890625,8468.0,7631.70458984375
darcy,2456,2456,2890,1,2,64,32,32,8.521458028099006e-08,0.0006157887496822,0.1144766329962294,3624.9462890625,8468.0,7631.70458984375
darcy,2457,2457,2891,1,1,64,32,32,3.3478915639761915e-08,0.0002739498053521,0.1146839729917701,3624.9462890625,8468.0,7631.70458984375
darcy,2457,2457,2892,1,2,64,32,32,3.779820545446455e-08,0.0003257525804558,0.1144759839808102,3624.9462890625,8468.0,7631.70458984375
darcy,2458,2458,2893,1,1,64,32,32,1.0367077862838415e-07,0.000674969264727,0.1148422439873684,3624.28662109375,8468.0,7631.70458984375
darcy,2458,2458,2894,1,2,64,32,32,3.797307002173511e-08,0.0003043896286637,0.1146840709843672,3624.28662109375,8468.0,7631.70458984375
darcy,2459,2459,2895,1,1,64,32,32,5.6986834806593833e-08,0.0004808078486968,0.1147390050173271,3624.9462890625,8468.0,7631.70458984375
darcy,2459,2459,2896,1,2,64,32,32,7.186412886994732e-08,0.0005565307495989,0.1141302729956805,3624.9462890625,8468.0,7631.70458984375
darcy,2460,2460,2897,1,1,64,32,32,2.6034335576241574e-08,0.0001805769982763,0.115964825003175,3624.28662109375,8468.0,7631.70458984375
darcy,2460,2460,2898,1,2,64,32,32,3.6075022080694914e-08,0.0003056125174579,0.1158946010109502,3624.28662109375,8468.0,7631.70458984375
darcy,2461,2461,2899,1,1,64,32,32,8.279783969555865e-08,0.0006000580004816,0.1163284509966615,3624.9462890625,8468.0,7631.70458984375
darcy,2461,2461,2900,1,2,64,32,32,3.3758873030365066e-08,0.0002561703319718,0.1163361590006388,3624.9462890625,8468.0,7631.70458984375
darcy,2462,2462,2901,1,1,64,32,32,5.505692612928215e-08,0.0004547156621301,0.1142963390157092,3624.28662109375,8468.0,7631.70458984375
darcy,2462,2462,2902,1,2,64,32,32,6.88850079200165e-08,0.0005532952775184,0.1139780749799683,3624.28662109375,8468.0,7631.70458984375
darcy,2463,2463,2903,1,1,64,32,32,2.173677238204164e-08,0.0001262995312094,0.1145168029761407,3624.9462890625,8468.0,7631.70458984375
darcy,2463,2463,2904,1,2,64,32,32,3.2682656581073395e-08,0.0002696218383745,0.1139481700083706,3624.9462890625,8468.0,7631.70458984375
darcy,2464,2464,2905,1,1,64,32,32,8.064949241770591e-08,0.000575871557384,0.1143623499956447,3624.9462890625,8468.0,7631.70458984375
darcy,2464,2464,2906,1,2,64,32,32,3.4815158755918674e-08,0.0003018918743926,0.1141812879941426,3624.9462890625,8468.0,7631.70458984375
darcy,2465,2465,2907,1,1,64,32,32,5.346579001752617e-08,0.0004433089305336,0.1144024200038984,3624.28662109375,8468.0,7631.70458984375
darcy,2465,2465,2908,1,2,64,32,32,7.253271405716077e-08,0.0005528754578727,0.1143079230096191,3624.28662109375,8468.0,7631.70458984375
darcy,2466,2466,2909,1,1,64,32,32,2.1069629596581766e-08,0.0001651847845866,0.1144397109746933,3624.9462890625,8468.0,7631.70458984375
darcy,2466,2466,2910,1,2,64,32,32,2.5422698612942444e-08,0.0002314157222542,0.1144332120020408,3624.9462890625,8468.0,7631.70458984375
darcy,2467,2467,2911,1,1,64,32,32,9.3916597165844e-08,0.0006331161232883,0.1141059960064012,3624.28662109375,8468.0,7631.70458984375
darcy,2467,2467,2912,1,2,64,32,32,4.188060742649213e-08,0.0003298572227694,0.1136418060050346,3624.28662109375,8468.0,7631.70458984375
darcy,2468,2468,2913,1,1,64,32,32,5.553491533305533e-08,0.000464359639853,0.1145259689947124,3624.28662109375,8468.0,7631.70458984375
darcy,2468,2468,2914,1,2,64,32,32,6.987235678934668e-08,0.000540760624847,0.1145254950097296,3624.28662109375,8468.0,7631.70458984375
darcy,2469,2469,2915,1,1,64,32,32,2.4308905111070093e-08,0.0001983989362939,0.1147487339912913,3624.9462890625,8468.0,7631.70458984375
darcy,2469,2469,2916,1,2,64,32,32,2.4803387788097098e-08,0.0002035695490189,0.1143100929912179,3624.9462890625,8468.0,7631.70458984375
darcy,2470,2470,2917,1,1,64,32,32,1.036228596262845e-07,0.0006802492799121,0.1145728660048917,3624.9462890625,8468.0,7631.70458984375
darcy,2470,2470,2918,1,2,64,32,32,4.103625528273369e-08,0.0003118573648903,0.1167451590008568,3624.9462890625,8468.0,7631.70458984375
darcy,2471,2471,2919,1,1,64,32,32,4.8166455712816976e-08,0.0004251470678867,0.114442190999398,3624.28662109375,8468.0,7631.70458984375
darcy,2471,2471,2920,1,2,64,32,32,7.546746871867073e-08,0.0005693085627191,0.1140099910262506,3624.28662109375,8468.0,7631.70458984375
darcy,2472,2472,2921,1,1,64,32,32,2.998969605982893e-08,0.0002473038897711,0.1144240529974922,3624.9462890625,8468.0,7631.70458984375
darcy,2472,2472,2922,1,2,64,32,32,3.1675277512022155e-08,0.0002683764872524,0.1140525259834248,3624.9462890625,8468.0,7631.70458984375
darcy,2473,2473,2923,1,1,64,32,32,9.864014316463e-08,0.0006655780567097,0.1145453290082514,3624.28662109375,8468.0,7631.70458984375
darcy,2473,2473,2924,1,2,64,32,32,3.887894450826934e-08,0.0003199581316062,0.1142464610165916,3624.28662109375,8468.0,7631.70458984375
darcy,2474,2474,2925,1,1,64,32,32,4.717810853094306e-08,0.0004177484511613,0.1143131919961888,3624.9462890625,8468.0,7631.70458984375
darcy,2474,2474,2926,1,2,64,32,32,8.098833603753519e-08,0.0005981086045772,0.1142247960087843,3624.9462890625,8468.0,7631.70458984375
darcy,2475,2475,2927,1,1,64,32,32,3.126248415696864e-08,0.0002758591634424,0.1143140920030418,3624.28662109375,8468.0,7631.70458984375
darcy,2475,2475,2928,1,2,64,32,32,3.2298185459467283e-08,0.0002934960581751,0.1139694229932501,3624.28662109375,8468.0,7631.70458984375
darcy,2476,2476,2929,1,1,64,32,32,9.740570305893925e-08,0.000660532662037,0.1141796190058812,3624.9462890625,8468.0,7631.70458984375
darcy,2476,2476,2930,1,2,64,32,32,4.6917488560893617e-08,0.0003689632253368,0.1142715630121529,3624.9462890625,8468.0,7631.70458984375
darcy,2477,2477,2931,1,1,64,32,32,4.34324149978238e-08,0.0003960696854097,0.1143783860024996,3624.9462890625,8468.0,7631.70458984375
darcy,2477,2477,2932,1,2,64,32,32,9.04663437495401e-08,0.0006394274598889,0.1138652770023327,3624.9462890625,8468.0,7631.70458984375
darcy,2478,2478,2933,1,1,64,32,32,2.8570317667231396e-08,0.0002536917107648,0.1145346789853647,3624.28662109375,8468.0,7631.70458984375
darcy,2478,2478,2934,1,2,64,32,32,2.6229901806118505e-08,0.0002107322857184,0.1141515939962118,3624.28662109375,8468.0,7631.70458984375
darcy,2479,2479,2935,1,1,64,32,32,9.54889429749528e-08,0.0006433131297484,0.1144940629892516,3624.9462890625,8468.0,7631.70458984375
darcy,2479,2479,2936,1,2,64,32,32,5.0030163123437894e-08,0.0004035799040039,0.1140856459969654,3624.9462890625,8468.0,7631.70458984375
darcy,2480,2480,2937,1,1,64,32,32,4.2335859262720994e-08,0.0003848051175639,0.1165853400016203,3624.28662109375,8468.0,7631.70458984375
darcy,2480,2480,2938,1,2,64,32,32,7.939797797007486e-08,0.0005942928466929,0.1164447749906685,3624.28662109375,8468.0,7631.70458984375
darcy,2481,2481,2939,1,1,64,32,32,2.6844586997754053e-08,0.0002021859872274,0.1167278109933249,3624.28662109375,8468.0,7631.70458984375
darcy,2481,2481,2940,1,2,64,32,32,2.615191263544148e-08,0.0002016572735161,0.1165631439944263,3624.28662109375,8468.0,7631.70458984375
darcy,2482,2482,2941,1,1,64,32,32,8.331677747719368e-08,0.0005959041076095,0.116611165984068,3624.9462890625,8468.0,7631.70458984375
darcy,2482,2482,2942,1,2,64,32,32,3.7571869171415535e-08,0.0003029427073496,0.1159905320091638,3624.9462890625,8468.0,7631.70458984375
darcy,2483,2483,2943,1,1,64,32,32,4.805000841656693e-08,0.0004063264500415,0.1162862079800106,3624.9462890625,8468.0,7631.70458984375
darcy,2483,2483,2944,1,2,64,32,32,6.292123089224333e-08,0.0005155434313824,0.1159774750121869,3624.9462890625,8468.0,7631.70458984375
darcy,2484,2484,2945,1,1,64,32,32,2.2448450209822116e-08,0.000118864880195,0.1140695459907874,3624.28662109375,8468.0,7631.70458984375
darcy,2484,2484,2946,1,2,64,32,32,2.8191177392500322e-08,0.0002118304768107,0.1143018220027443,3624.28662109375,8468.0,7631.70458984375
darcy,2485,2485,2947,1,1,64,32,32,8.114854921359439e-08,0.0005754081394068,0.1143188650021329,3624.9462890625,8468.0,7631.70458984375
darcy,2485,2485,2948,1,2,64,32,32,2.6224503457683568e-08,0.0002128822816742,0.1142195709981024,3624.9462890625,8468.0,7631.70458984375
darcy,2486,2486,2949,1,1,64,32,32,5.1477410778488775e-08,0.0004238394123789,0.1146204069955274,3624.28662109375,8468.0,7631.70458984375
darcy,2486,2486,2950,1,2,64,32,32,5.97684319814107e-08,0.0004803996916647,0.1143012210086453,3624.28662109375,8468.0,7631.70458984375
darcy,2487,2487,2951,1,1,64,32,32,2.2964098178590572e-08,0.0001605410979766,0.1143052100087516,3624.9462890625,8468.0,7631.70458984375
darcy,2487,2487,2952,1,2,64,32,32,4.180902379857798e-08,0.0003420119218822,0.1141636849788483,3624.9462890625,8468.0,7631.70458984375
darcy,2488,2488,2953,1,1,64,32,32,9.41637665619055e-08,0.0006067311988366,0.1144014630117453,3624.28662109375,8468.0,7631.70458984375
darcy,2488,2488,2954,1,2,64,32,32,2.2344796235529433e-08,0.0001474480127521,0.11448529898189,3624.28662109375,8468.0,7631.70458984375
darcy,2489,2489,2955,1,1,64,32,32,6.075971725749696e-08,0.0004869775440107,0.1144235910032875,3624.9462890625,8468.0,7631.70458984375
darcy,2489,2489,2956,1,2,64,32,32,6.77681057936752e-08,0.0005117894629956,0.1137811059888918,3624.9462890625,8468.0,7631.70458984375
darcy,2490,2490,2957,1,1,64,32,32,2.127379516991823e-08,9.693048694122216e-05,0.1143926549993921,3624.9462890625,8468.0,7631.70458984375
darcy,2490,2490,2958,1,2,64,32,32,3.3604123927943874e-08,0.0003065622086849,0.1142993829853367,3624.9462890625,8468.0,7631.70458984375
darcy,2491,2491,2959,1,1,64,32,32,1.0040911746500569e-07,0.0006416498091789,0.1143545070081017,3624.28662109375,8468.0,7631.70458984375
darcy,2491,2491,2960,1,2,64,32,32,3.055335895396638e-08,0.0002143638948762,0.1140045420033857,3624.28662109375,8468.0,7631.70458984375
darcy,2492,2492,2961,1,1,64,32,32,5.947178394194452e-08,0.0004978284456428,0.1145106600015424,3624.9462890625,8468.0,7631.70458984375
darcy,2492,2492,2962,1,2,64,32,32,7.960678516383268e-08,0.000583299891964,0.1141967729781754,3624.9462890625,8468.0,7631.70458984375
darcy,2493,2493,2963,1,1,64,32,32,2.7644702527140907e-08,0.0001749512608385,0.1165851800178643,3624.28662109375,8468.0,7631.70458984375
darcy,2493,2493,2964,1,2,64,32,32,4.402059516905865e-08,0.0003823092220242,0.1162558569922111,3624.28662109375,8468.0,7631.70458984375
darcy,2494,2494,2965,1,1,64,32,32,1.0152135843100041e-07,0.0006712384706257,0.1167916089762002,3624.28662109375,8468.0,7631.70458984375
darcy,2494,2494,2966,1,2,64,32,32,3.50723468045544e-08,0.0002586122169701,0.1166189969808328,3624.28662109375,8468.0,7631.70458984375
darcy,2495,2495,2967,1,1,64,32,32,6.535298524568135e-08,0.000515981963904,0.1166143929876852,3624.9462890625,8468.0,7631.70458984375
darcy,2495,2495,2968,1,2,64,32,32,8.326345835030224e-08,0.0006182968747513,0.1163130339991767,3624.9462890625,8468.0,7631.70458984375
darcy,2496,2496,2969,1,1,64,32,32,2.517657016198882e-08,0.0001910392890951,0.1193733150139451,3624.9462890625,8468.0,7631.70458984375
darcy,2496,2496,2970,1,2,64,32,32,4.3027505114423554e-08,0.0003457264687691,0.1181714120029937,3624.9462890625,8468.0,7631.70458984375
darcy,2497,2497,2971,1,1,64,32,32,1.0270579764437573e-07,0.0006796532534585,0.1163410610170103,3624.28662109375,8468.0,7631.70458984375
darcy,2497,2497,2972,1,2,64,32,32,3.5037917456293144e-08,0.0003062907283392,0.1161875649995636,3624.28662109375,8468.0,7631.70458984375
darcy,2498,2498,2973,1,1,64,32,32,5.7481539528225773e-08,0.0004754405258721,0.1164270959852729,3624.9462890625,8468.0,7631.70458984375
darcy,2498,2498,2974,1,2,64,32,32,8.795853290166633e-08,0.0006299132550543,0.1163514280051458,3624.9462890625,8468.0,7631.70458984375
darcy,2499,2499,2975,1,1,64,32,32,2.5964753902485427e-08,0.00023823040675,0.1166860929806716,3624.28662109375,8468.0,7631.70458984375
darcy,2499,2499,2976,1,2,64,32,32,3.410639592971165e-08,0.0003000723933497,0.1162306450132746,3624.28662109375,8468.0,7631.70458984375
darcy,2500,2500,2977,1,1,64,32,32,1.0542954953507433e-07,0.0006842035426373,0.1163615539844613,3624.9462890625,8468.0,7631.70458984375
darcy,2500,2500,2978,1,2,64,32,32,4.079208082430341e-08,0.0003555916558546,0.1161810549965594,3624.9462890625,8468.0,7631.70458984375
darcy,2501,2501,2979,1,1,64,32,32,4.97910015440084e-08,0.000433105905369,0.1164004559977911,3624.28662109375,8468.0,7631.70458984375
darcy,2501,2501,2980,1,2,64,32,32,8.555299757517788e-08,0.0006246444403925,0.116307410004083,3624.28662109375,8468.0,7631.70458984375
darcy,2502,2502,2981,1,1,64,32,32,2.7450626660652236e-08,0.0002445383790249,0.1164772750053089,3624.9462890625,8468.0,7631.70458984375
darcy,2502,2502,2982,1,2,64,32,32,2.7130452551205053e-08,0.0002209128334186,0.1157935450028162,3624.9462890625,8468.0,7631.70458984375
darcy,2503,2503,2983,1,1,64,32,32,1.0366828462338162e-07,0.0006810986099484,0.1165880300104618,3624.9462890625,8468.0,7631.70458984375
darcy,2503,2503,2984,1,2,64,32,32,4.291757349506042e-08,0.0003564819296156,0.1163446799910161,3624.9462890625,8468.0,7631.70458984375
darcy,2504,2504,2985,1,1,64,32,32,4.477811543779353e-08,0.0004027548305788,0.116440457990393,3624.28662109375,8468.0,7631.70458984375
darcy,2504,2504,2986,1,2,64,32,32,7.473855134776386e-08,0.0005722163867234,0.1162783570180181,3624.28662109375,8468.0,7631.70458984375
darcy,2505,2505,2987,1,1,64,32,32,2.7815167058520277e-08,0.0002300001208678,0.116475681978045,3624.9462890625,8468.0,7631.70458984375
darcy,2505,2505,2988,1,2,64,32,32,3.2137737804305295e-08,0.0002530624110427,0.116552204999607,3624.9462890625,8468.0,7631.70458984375
darcy,2506,2506,2989,1,1,64,32,32,8.211436863803102e-08,0.0005926870130235,0.1165860009787138,3624.28662109375,8468.0,7631.70458984375
darcy,2506,2506,2990,1,2,64,32,32,3.5794130326394225e-08,0.0002838152605583,0.1160553239751607,3624.28662109375,8468.0,7631.70458984375
darcy,2507,2507,2991,1,1,64,32,32,4.668546438324484e-08,0.0003981830358799,0.1167342299886513,3624.28662109375,8468.0,7631.70458984375
darcy,2507,2507,2992,1,2,64,32,32,6.825528231502176e-08,0.0005331760997419,0.1161683230020571,3624.28662109375,8468.0,7631.70458984375
darcy,2508,2508,2993,1,1,64,32,32,2.0614288942510942e-08,0.0001215329277976,0.1166330939740873,3624.9462890625,8468.0,7631.70458984375
darcy,2508,2508,2994,1,2,64,32,32,2.963270162581466e-08,0.000234706114581,0.1163475059729535,3624.9462890625,8468.0,7631.70458984375
darcy,2509,2509,2995,1,1,64,32,32,7.719068406686348e-08,0.00056316915601,0.1164826760068535,3624.9462890625,8468.0,7631.70458984375
darcy,2509,2509,2996,1,2,64,32,32,2.9642121646134e-08,0.0002267356713195,0.1160952690115664,3624.9462890625,8468.0,7631.70458984375
darcy,2510,2510,2997,1,1,64,32,32,5.0323475164759663e-08,0.0004329642263631,0.1163627700007055,3624.28662109375,8468.0,7631.70458984375
darcy,2510,2510,2998,1,2,64,32,32,6.476810909816777e-08,0.0005083610267351,0.1160914670035708,3624.28662109375,8468.0,7631.70458984375
darcy,2511,2511,2999,1,1,64,32,32,2.0528423405608013e-08,0.0001134095376794,0.1164971310063265,3624.9462890625,8468.0,7631.70458984375
darcy,2511,2511,3000,1,2,64,32,32,3.511323143357004e-08,0.0003060321278859,0.1158852250082418,3624.9462890625,8468.0,7631.70458984375
darcy,2512,2512,3001,1,1,64,32,32,8.311094035207135e-08,0.000582108306388,0.1161555179860442,3624.28662109375,8468.0,7631.70458984375
darcy,2512,2512,3002,1,2,64,32,32,3.075191301604718e-08,0.0002250115408589,0.11567079598899,3624.28662109375,8468.0,7631.70458984375
darcy,2513,2513,3003,1,1,64,32,32,5.648497847232648e-08,0.00047304585788,0.1160576900001615,3624.9462890625,8468.0,7631.70458984375
darcy,2513,2513,3004,1,2,64,32,32,7.817427416512146e-08,0.0005732775926718,0.1156947420095093,3624.9462890625,8468.0,7631.70458984375
darcy,2514,2514,3005,1,1,64,32,32,2.7877636199491466e-08,0.0001725783990512,0.1161579909967258,3624.28662109375,8468.0,7631.70458984375
darcy,2514,2514,3006,1,2,64,32,32,3.666430004045651e-08,0.0003393080121233,0.1159351759997662,3624.28662109375,8468.0,7631.70458984375
darcy,2515,2515,3007,1,1,64,32,32,1.1359922780229681e-07,0.0007005232347845,0.1162346600031014,3624.9462890625,8468.0,7631.70458984375
darcy,2515,2515,3008,1,2,64,32,32,3.811334536862887e-08,0.0002814669099166,0.1161016149853821,3624.9462890625,8468.0,7631.70458984375
darcy,2516,2516,3009,1,1,64,32,32,6.129391749709613e-08,0.000500276694661,0.1166781589854508,3624.9462890625,8468.0,7631.70458984375
darcy,2516,2516,3010,1,2,64,32,32,9.693906122265616e-08,0.0006600862295617,0.1162495919852517,3624.9462890625,8468.0,7631.70458984375
darcy,2517,2517,3011,1,1,64,32,32,3.1635718045208705e-08,0.0002253856806785,0.1172515640209894,3624.28662109375,8468.0,7631.70458984375
darcy,2517,2517,3012,1,2,64,32,32,4.2116596432606463e-08,0.00034854316919,0.1166202679742127,3624.28662109375,8468.0,7631.70458984375
darcy,2518,2518,3013,1,1,64,32,32,1.168743253288085e-07,0.0007238267030392,0.116696976008825,3624.9462890625,8468.0,7631.70458984375
darcy,2518,2518,3014,1,2,64,32,32,4.0927798039547276e-08,0.0003250396563413,0.1163164869940374,3624.9462890625,8468.0,7631.70458984375
darcy,2519,2519,3015,1,1,64,32,32,6.279760356164843e-08,0.0004973468395965,0.116342508001253,3624.28662109375,8468.0,7631.70458984375
darcy,2519,2519,3016,1,2,64,32,32,8.341645951759348e-08,0.0006117935685023,0.11630324399448,3624.28662109375,8468.0,7631.70458984375
darcy,2520,2520,3017,1,1,64,32,32,2.9180437621789682e-08,0.0002436301758588,0.1164661329821683,3624.28662109375,8468.0,7631.70458984375
darcy,2520,2520,3018,1,2,64,32,32,3.695658534752511e-08,0.0002971738325361,0.1158350520126987,3624.28662109375,8468.0,7631.70458984375
darcy,2521,2521,3019,1,1,64,32,32,1.04180095661377e-07,0.0006790288378627,0.1164122009940911,3624.9462890625,8468.0,7631.70458984375
darcy,2521,2521,3020,1,2,64,32,32,3.8220598241878185e-08,0.000330665208543,0.1159188809979241,3624.9462890625,8468.0,7631.70458984375
darcy,2522,2522,3021,1,1,64,32,32,4.8887873305147884e-08,0.0004301289975038,0.1162548039865214,3624.9462890625,8468.0,7631.70458984375
darcy,2522,2522,3022,1,2,64,32,32,8.613401547563626e-08,0.0006221054583472,0.1160604379838332,3624.9462890625,8468.0,7631.70458984375
darcy,2523,2523,3023,1,1,64,32,32,2.7639844191185148e-08,0.0002462856632408,0.1163800799986347,3624.28662109375,8468.0,7631.70458984375
darcy,2523,2523,3024,1,2,64,32,32,3.546282556499136e-08,0.0002950040094938,0.1161332229967229,3624.28662109375,8468.0,7631.70458984375
darcy,2524,2524,3025,1,1,64,32,32,9.538403844544521e-08,0.0006362372390205,0.1170357989904005,3624.9462890625,8468.0,7631.70458984375
darcy,2524,2524,3026,1,2,64,32,32,4.2937610800208865e-08,0.0003697694363224,0.116340939013753,3624.9462890625,8468.0,7631.70458984375
darcy,2525,2525,3027,1,1,64,32,32,4.914837603564592e-08,0.0004344888336207,0.1167328240117058,3624.28662109375,8468.0,7631.70458984375
darcy,2525,2525,3028,1,2,64,32,32,8.763334591321836e-08,0.000630748477538,0.1180254140053875,3624.28662109375,8468.0,7631.70458984375
darcy,2526,2526,3029,1,1,64,32,32,2.814434907350005e-08,0.0002225527494563,0.1168964270036667,3624.9462890625,8468.0,7631.70458984375
darcy,2526,2526,3030,1,2,64,32,32,3.0528529038065244e-08,0.0002601741368352,0.1161009829957038,3624.9462890625,8468.0,7631.70458984375
darcy,2527,2527,3031,1,1,64,32,32,9.176446269520967e-08,0.0006399563050447,0.1165836659783963,3624.28662109375,8468.0,7631.70458984375
darcy,2527,2527,3032,1,2,64,32,32,4.652928708992477e-08,0.0003794953594641,0.1161551630066242,3624.28662109375,8468.0,7631.70458984375
darcy,2528,2528,3033,1,1,64,32,32,4.8896968252165613e-08,0.0004132602581038,0.1148300070199184,3624.9462890625,8468.0,7631.70458984375
darcy,2528,2528,3034,1,2,64,32,32,8.540305174165043e-08,0.000612724469464,0.1140976920141838,3624.9462890625,8468.0,7631.70458984375
darcy,2529,2529,3035,1,1,64,32,32,2.5629974587104698e-08,0.0002306661968356,0.1144431899883784,3624.9462890625,8468.0,7631.70458984375
darcy,2529,2529,3036,1,2,64,32,32,2.4677904164605025e-08,0.0002163340726398,0.1144428520055953,3624.9462890625,8468.0,7631.70458984375
darcy,2530,2530,3037,1,1,64,32,32,9.45599722967927e-08,0.00063396561483,0.1142391060129739,3624.28662109375,8468.0,7631.70458984375
darcy,2530,2530,3038,1,2,64,32,32,4.968969236074373e-08,0.000405120487693,0.1141666029870975,3624.28662109375,8468.0,7631.70458984375
darcy,2531,2531,3039,1,1,64,32,32,4.959609611887572e-08,0.0004299743632671,0.1142764529795385,3624.9462890625,8468.0,7631.70458984375
darcy,2531,2531,3040,1,2,64,32,32,8.138884055597374e-08,0.0005790333903816,0.1143187859852332,3624.9462890625,8468.0,7631.70458984375
darcy,2532,2532,3041,1,1,64,32,32,2.8346500258180644e-08,0.00024528066385,0.1143047969962935,3624.28662109375,8468.0,7631.70458984375
darcy,2532,2532,3042,1,2,64,32,32,2.7903766408599043e-08,0.0002524874890944,0.1141678200219757,3624.28662109375,8468.0,7631.70458984375
darcy,2533,2533,3043,1,1,64,32,32,1.028853162665655e-07,0.0006588056355895,0.1146130099950824,3624.28662109375,8468.0,7631.70458984375
darcy,2533,2533,3044,1,2,64,32,32,3.831397776821177e-08,0.0003194931790468,0.1143521160120144,3624.28662109375,8468.0,7631.70458984375
darcy,2534,2534,3045,1,1,64,32,32,5.1871943185233256e-08,0.0004430575164934,0.1145490200142376,3624.9462890625,8468.0,7631.70458984375
darcy,2534,2534,3046,1,2,64,32,32,7.267080093242839e-08,0.0005586436119087,0.1141697260027285,3624.9462890625,8468.0,7631.70458984375
darcy,2535,2535,3047,1,1,64,32,32,2.8273788643673473e-08,0.0002182001008753,0.1143175039906054,3624.9462890625,8468.0,7631.70458984375
darcy,2535,2535,3048,1,2,64,32,32,2.8412788566356543e-08,0.0002412886826069,0.1138301379978656,3624.9462890625,8468.0,7631.70458984375
darcy,2536,2536,3049,1,1,64,32,32,1.0260321658961403e-07,0.0006634352681485,0.1143816570111084,3624.28662109375,8468.0,7631.70458984375
darcy,2536,2536,3050,1,2,64,32,32,4.447700874266047e-08,0.000349518245612,0.1141696280101314,3624.28662109375,8468.0,7631.70458984375
darcy,2537,2537,3051,1,1,64,32,32,4.80691006998768e-08,0.0004293722987584,0.1146953260176815,3624.9462890625,8468.0,7631.70458984375
darcy,2537,2537,3052,1,2,64,32,32,8.332649059639152e-08,0.0006072581545119,0.1143088790122419,3624.9462890625,8468.0,7631.70458984375
darcy,2538,2538,3053,1,1,64,32,32,3.1657815924290844e-08,0.0002487842900219,0.1149044049961958,3624.28662109375,8468.0,7631.70458984375
darcy,2538,2538,3054,1,2,64,32,32,2.4884760918553184e-08,0.0002113470643812,0.1144673320231959,3624.28662109375,8468.0,7631.70458984375
darcy,2539,2539,3055,1,1,64,32,32,1.0489361557119993e-07,0.000686791056286,0.114388570014853,3624.9462890625,8468.0,7631.70458984375
darcy,2539,2539,3056,1,2,64,32,32,5.3052328752301043e-08,0.0004048541657307,0.1142895550001412,3624.9462890625,8468.0,7631.70458984375
darcy,2540,2540,3057,1,1,64,32,32,4.73837964420909e-08,0.0004035293799673,0.1145603819750249,3624.28662109375,8468.0,7631.70458984375
darcy,2540,2540,3058,1,2,64,32,32,8.36361238043537e-08,0.0006212812190779,0.1143933919956907,3624.28662109375,8468.0,7631.70458984375
darcy,2541,2541,3059,1,1,64,32,32,3.4692213546350104e-08,0.0002950512838716,0.1147053229797165,3624.9462890625,8468.0,7631.70458984375
darcy,2541,2541,3060,1,2,64,32,32,2.3854505926124148e-08,0.000206878236616,0.1146417400159407,3624.9462890625,8468.0,7631.70458984375
darcy,2542,2542,3061,1,1,64,32,32,9.881459561711381e-08,0.0006649107584618,0.1142043579893652,3624.9462890625,8468.0,7631.70458984375
darcy,2542,2542,3062,1,2,64,32,32,5.6086015831624536e-08,0.0004474649922363,0.1139701849897392,3624.9462890625,8468.0,7631.70458984375
darcy,2543,2543,3063,1,1,64,32,32,4.233521622154512e-08,0.0003747230593492,0.1162406520161312,3624.28662109375,8468.0,7631.70458984375
darcy,2543,2543,3064,1,2,64,32,32,8.47254923996843e-08,0.0006139015453172,0.1149328300089109,3624.28662109375,8468.0,7631.70458984375
darcy,2544,2544,3065,1,1,64,32,32,3.5317231805720446e-08,0.0003285318693694,0.1144036139885429,3624.9462890625,8468.0,7631.70458984375
darcy,2544,2544,3066,1,2,64,32,32,2.12301696222994e-08,0.0001689512049385,0.1140168550191447,3624.9462890625,8468.0,7631.70458984375
darcy,2545,2545,3067,1,1,64,32,32,1.0711961095921653e-07,0.0006899512066727,0.115268305002246,3624.28662109375,8468.0,7631.70458984375
darcy,2545,2545,3068,1,2,64,32,32,5.0936268536361247e-08,0.0004247670388533,0.1149743020068854,3624.28662109375,8468.0,7631.70458984375
darcy,2546,2546,3069,1,1,64,32,32,3.6862576990870366e-08,0.0003261338922511,0.1139095629914663,3624.28662109375,8468.0,7631.70458984375
darcy,2546,2546,3070,1,2,64,32,32,8.10808771234406e-08,0.0005974887333913,0.1140304949949495,3624.28662109375,8468.0,7631.70458984375
darcy,2547,2547,3071,1,1,64,32,32,3.729180875211569e-08,0.0003381813506551,0.1144667119951918,3624.9462890625,8468.0,7631.70458984375
darcy,2547,2547,3072,1,2,64,32,32,2.0797545019490823e-08,0.0001662271842368,0.1141324219934176,3624.9462890625,8468.0,7631.70458984375
darcy,2548,2548,3073,1,1,64,32,32,9.743326501165941e-08,0.0006448422991581,0.114185874001123,3624.9462890625,8468.0,7631.70458984375
darcy,2548,2548,3074,1,2,64,32,32,4.9646544653114695e-08,0.000404708843962,0.1139209610118996,3624.9462890625,8468.0,7631.70458984375
darcy,2549,2549,3075,1,1,64,32,32,3.23931850232384e-08,0.0003055931614563,0.1143399459833744,3624.28662109375,8468.0,7631.70458984375
darcy,2549,2549,3076,1,2,64,32,32,7.800682055858489e-08,0.0005718820356385,0.1138325819920282,3624.28662109375,8468.0,7631.70458984375
darcy,2550,2550,3077,1,1,64,32,32,3.2734057242578274e-08,0.0002736244368432,0.1143866130150854,3624.9462890625,8468.0,7631.70458984375
darcy,2550,2550,3078,1,2,64,32,32,2.4590322666995238e-08,0.0001769007071986,0.1142256570165045,3624.9462890625,8468.0,7631.70458984375
darcy,2551,2551,3079,1,1,64,32,32,8.479504742808787e-08,0.0005851502841619,0.1141867120168171,3624.28662109375,8468.0,7631.70458984375
darcy,2551,2551,3080,1,2,64,32,32,4.011594967323617e-08,0.0003150295805845,0.1141847459948621,3624.28662109375,8468.0,7631.70458984375
darcy,2552,2552,3081,1,1,64,32,32,4.009599408050235e-08,0.0003342632689691,0.114532400999451,3624.9462890625,8468.0,7631.70458984375
darcy,2552,2552,3082,1,2,64,32,32,5.8290332560773095e-08,0.0004902170799416,0.1142140279989689,3624.9462890625,8468.0,7631.70458984375
darcy,2553,2553,3083,1,1,64,32,32,2.4249201757697847e-08,0.0001536299364883,0.1143215170013718,3624.28662109375,8468.0,7631.70458984375
darcy,2553,2553,3084,1,2,64,32,32,2.9848184368574955e-08,0.0002031210261049,0.1139166640059556,3624.28662109375,8468.0,7631.70458984375
darcy,2554,2554,3085,1,1,64,32,32,7.12119074819384e-08,0.0005246730248684,0.1144918270001653,3624.9462890625,8468.0,7631.70458984375
darcy,2554,2554,3086,1,2,64,32,32,2.5172690598651574e-08,0.0001633305745508,0.1143245480197947,3624.9462890625,8468.0,7631.70458984375
darcy,2555,2555,3087,1,1,64,32,32,4.364084915664535e-08,0.0003743470583603,0.1140862750180531,3624.9462890625,8468.0,7631.70458984375
darcy,2555,2555,3088,1,2,64,32,32,6.083870118800405e-08,0.0004691853162417,0.1137762709986418,3624.9462890625,8468.0,7631.70458984375
darcy,2556,2556,3089,1,1,64,32,32,1.76929741968479e-08,4.405125373037039e-06,0.114583380986005,3624.28662109375,8468.0,7631.70458984375
darcy,2556,2556,3090,1,2,64,32,32,4.367310779684885e-08,0.0003159782425109,0.1143810359935741,3624.28662109375,8468.0,7631.70458984375
darcy,2557,2557,3091,1,1,64,32,32,6.042637323844248e-08,0.0004418539120712,0.1144675129908137,3624.9462890625,8468.0,7631.70458984375
darcy,2557,2557,3092,1,2,64,32,32,2.1093118363069152e-08,7.846410335252527e-05,0.1141447809932287,3624.9462890625,8468.0,7631.70458984375
darcy,2558,2558,3093,1,1,64,32,32,5.929092594669783e-08,0.0004833138816452,0.1141426629910711,3624.28662109375,8468.0,7631.70458984375
darcy,2558,2558,3094,1,2,64,32,32,5.552957915710977e-08,0.0004333816371838,0.113990983023541,3624.28662109375,8468.0,7631.70458984375
darcy,2559,2559,3095,1,1,64,32,32,2.168501644916887e-08,6.026568541272853e-05,0.11445775302127,3624.28662109375,8468.0,7631.70458984375
darcy,2559,2559,3096,1,2,64,32,32,3.8872364882536203e-08,0.0003263408531496,0.1142320530198048,3624.28662109375,8468.0,7631.70458984375
darcy,2560,2560,3097,1,1,64,32,32,7.352024766760223e-08,0.000518149059218,0.1139097730047069,3624.9462890625,8468.0,7631.70458984375
darcy,2560,2560,3098,1,2,64,32,32,2.6946265663241323e-08,8.210245226885628e-05,0.1159486660035327,3624.9462890625,8468.0,7631.70458984375
darcy,2561,2561,3099,1,1,64,32,32,5.5733430315285666e-08,0.0004770449977263,0.1141737230063881,3624.9462890625,8468.0,7631.70458984375
darcy,2561,2561,3100,1,2,64,32,32,7.248907962775776e-08,0.0005408949783467,0.1139627700031269,3624.9462890625,8468.0,7631.70458984375
darcy,2562,2562,3101,1,1,64,32,32,2.8372451055247442e-08,4.98981393712409e-05,0.1139034400111995,3624.28662109375,8468.0,7631.70458984375
darcy,2562,2562,3102,1,2,64,32,32,4.017725174776388e-08,0.000346427385358,0.1139115819823928,3624.28662109375,8468.0,7631.70458984375
darcy,2563,2563,3103,1,1,64,32,32,9.011183266238733e-08,0.0006238234310202,0.1143398999993223,3624.9462890625,8468.0,7631.70458984375
darcy,2563,2563,3104,1,2,64,32,32,4.248736473755344e-08,0.0002577723495579,0.1138174759980756,3624.9462890625,8468.0,7631.70458984375
darcy,2564,2564,3105,1,1,64,32,32,6.704099320131719e-08,0.0005151342131002,0.1141271090018563,3624.28662109375,8468.0,7631.70458984375
darcy,2564,2564,3106,1,2,64,32,32,8.795785788606737e-08,0.0006302761242758,0.1141451410076115,3624.28662109375,8468.0,7631.70458984375
darcy,2565,2565,3107,1,1,64,32,32,3.2010440520480194e-08,0.0002045836605972,0.1143420439912006,3624.9462890625,8468.0,7631.70458984375
darcy,2565,2565,3108,1,2,64,32,32,4.548357779299295e-08,0.0003529583543873,0.1142888579925056,3624.9462890625,8468.0,7631.70458984375
darcy,2566,2566,3109,1,1,64,32,32,1.1617243700356995e-07,0.0007317622227961,0.1149541930062696,3624.28662109375,8468.0,7631.70458984375
darcy,2566,2566,3110,1,2,64,32,32,3.387802749443836e-08,0.0002805123866995,0.1142105600156355,3624.28662109375,8468.0,7631.70458984375
darcy,2567,2567,3111,1,1,64,32,32,6.298397181581096e-08,0.0004859591448468,0.1141890739963855,3624.9462890625,8468.0,7631.70458984375
darcy,2567,2567,3112,1,2,64,32,32,8.461806544346474e-08,0.0006048090064986,0.1147554070048499,3624.9462890625,8468.0,7631.70458984375
darcy,2568,2568,3113,1,1,64,32,32,2.9009969537696637e-08,0.0002508051122298,0.1143841609882656,3624.9462890625,8468.0,7631.70458984375
darcy,2568,2568,3114,1,2,64,32,32,3.6437786121723554e-08,0.000313956730647,0.114540696988115,3624.9462890625,8468.0,7631.70458984375
darcy,2569,2569,3115,1,1,64,32,32,1.0733257482797853e-07,0.0006841529333688,0.1146172720182221,3624.28662109375,8468.0,7631.70458984375
darcy,2569,2569,3116,1,2,64,32,32,3.5823941146873046e-08,0.0002819981876055,0.1142587680078577,3624.28662109375,8468.0,7631.70458984375
darcy,2570,2570,3117,1,1,64,32,32,4.8843322275615726e-08,0.0004346892058826,0.1141540459939278,3624.9462890625,8468.0,7631.70458984375
darcy,2570,2570,3118,1,2,64,32,32,7.827322434650341e-08,0.000579542474187,0.1138711939856875,3624.9462890625,8468.0,7631.70458984375
darcy,2571,2571,3119,1,1,64,32,32,2.8395154672011813e-08,0.0001786947245582,0.1139969369978644,3624.28662109375,8468.0,7631.70458984375
darcy,2571,2571,3120,1,2,64,32,32,3.105606793951665e-08,0.0002689127403943,0.1143741779960691,3624.28662109375,8468.0,7631.70458984375
darcy,2572,2572,3121,1,1,64,32,32,8.562425080071989e-08,0.0006040086450461,0.1146275619976222,3624.28662109375,8468.0,7631.70458984375
darcy,2572,2572,3122,1,2,64,32,32,3.723433295022005e-08,0.0002563292219772,0.1133937450067605,3624.28662109375,8468.0,7631.70458984375
darcy,2573,2573,3123,1,1,64,32,32,5.2305708209132724e-08,0.000442036678188,0.1143414719845168,3624.9462890625,8468.0,7631.70458984375
darcy,2573,2573,3124,1,2,64,32,32,5.8269645109021446e-08,0.000489310018654,0.1142670449917204,3624.9462890625,8468.0,7631.70458984375
darcy,2574,2574,3125,1,1,64,32,32,2.8370747529038454e-08,0.000153547843058,0.1145933980005793,3624.9462890625,8468.0,7631.70458984375
darcy,2574,2574,3126,1,2,64,32,32,4.015138088675485e-08,0.0003010241068136,0.1140140370116569,3624.9462890625,8468.0,7631.70458984375
darcy,2575,2575,3127,1,1,64,32,32,7.079179198399288e-08,0.0005313804190835,0.1144380629993975,3624.28662109375,8468.0,7631.70458984375
darcy,2575,2575,3128,1,2,64,32,32,2.8017590025797293e-08,0.0002162966426275,0.1143087459786329,3624.28662109375,8468.0,7631.70458984375
darcy,2576,2576,3129,1,1,64,32,32,5.7359841321158456e-08,0.0004332744396885,0.1144548490119632,3624.9462890625,8468.0,7631.70458984375
darcy,2576,2576,3130,1,2,64,32,32,7.231179210975824e-08,0.0005421008576246,0.1141505400009919,3624.9462890625,8468.0,7631.70458984375
darcy,2577,2577,3131,1,1,64,32,32,1.9630494563216416e-08,5.235753598075332e-05,0.11433003199636,3624.28662109375,8468.0,7631.70458984375
darcy,2577,2577,3132,1,2,64,32,32,4.082685123307783e-08,0.000309646721947,0.1136292279988993,3624.28662109375,8468.0,7631.70458984375
darcy,2578,2578,3133,1,1,64,32,32,7.996322182179939e-08,0.0005528349941347,0.1144721769960597,3624.9462890625,8468.0,7631.70458984375
darcy,2578,2578,3134,1,2,64,32,32,2.63315094173322e-08,0.0001885638356692,0.1142214880092069,3624.9462890625,8468.0,7631.70458984375
darcy,2579,2579,3135,1,1,64,32,32,6.325863211031901e-08,0.0005033886649041,0.1142807260039262,3624.28662109375,8468.0,7631.70458984375
darcy,2579,2579,3136,1,2,64,32,32,7.108931754373772e-08,0.0005107485769216,0.1140099250187631,3624.28662109375,8468.0,7631.70458984375
darcy,2580,2580,3137,1,1,64,32,32,2.194343373673746e-08,9.94608532290038e-05,0.1142646789958234,3624.9462890625,8468.0,7631.70458984375
darcy,2580,2580,3138,1,2,64,32,32,4.5241296930953474e-08,0.0003930690654464,0.1141156800149474,3624.9462890625,8468.0,7631.70458984375
darcy,2581,2581,3139,1,1,64,32,32,9.868569605941957e-08,0.0006254372215168,0.1144153120112605,3624.9462890625,8468.0,7631.70458984375
darcy,2581,2581,3140,1,2,64,32,32,2.8304265597967063e-08,0.0001387120907189,0.1137177349883131,3624.9462890625,8468.0,7631.70458984375
darcy,2582,2582,3141,1,1,64,32,32,7.554852743396624e-08,0.0005689020578917,0.1143586589896585,3624.28662109375,8468.0,7631.70458984375
darcy,2582,2582,3142,1,2,64,32,32,6.125065965534304e-08,0.0005056912282718,0.1137402430176734,3624.28662109375,8468.0,7631.70458984375
darcy,2583,2583,3143,1,1,64,32,32,2.818111966007564e-08,0.000112394772655,0.1141731140087358,3624.9462890625,8468.0,7631.70458984375
darcy,2583,2583,3144,1,2,64,32,32,3.9986513655776434e-08,0.0003296871670239,0.1142161540046799,3624.9462890625,8468.0,7631.70458984375
darcy,2584,2584,3145,1,1,64,32,32,1.01706675081914e-07,0.0006775883696988,0.1146046080102678,3624.28662109375,8468.0,7631.70458984375
darcy,2584,2584,3146,1,2,64,32,32,3.7219919590825163e-08,0.0002599740503195,0.1144580369873438,3624.28662109375,8468.0,7631.70458984375
darcy,2585,2585,3147,1,1,64,32,32,6.922343231963168e-08,0.0005350728055582,0.114459500007797,3624.28662109375,8468.0,7631.70458984375
darcy,2585,2585,3148,1,2,64,32,32,7.750926300786888e-08,0.000581754033571,0.1143653129984159,3624.28662109375,8468.0,7631.70458984375
darcy,2586,2586,3149,1,1,64,32,32,3.31792087138183e-08,0.000248186791833,0.1145162399916444,3624.9462890625,8468.0,7631.70458984375
darcy,2586,2586,3150,1,2,64,32,32,4.244376938800088e-08,0.0003512050059293,0.1141800519835669,3624.9462890625,8468.0,7631.70458984375
darcy,2587,2587,3151,1,1,64,32,32,1.1544888423031809e-07,0.0007235669669527,0.1143158900085836,3624.9462890625,8468.0,7631.70458984375
darcy,2587,2587,3152,1,2,64,32,32,3.476072762964577e-08,0.0003086373245258,0.1142032410134561,3624.9462890625,8468.0,7631.70458984375
darcy,2588,2588,3153,1,1,64,32,32,5.450682749597036e-08,0.0004454385151748,0.1143099859764333,3624.28662109375,8468.0,7631.70458984375
darcy,2588,2588,3154,1,2,64,32,32,9.167674619448009e-08,0.0006353503412412,0.1138738410081714,3624.28662109375,8468.0,7631.70458984375
darcy,2589,2589,3155,1,1,64,32,32,2.976013391275956e-08,0.0002709072448527,0.1149695770000107,3624.9462890625,8468.0,7631.70458984375
darcy,2589,2589,3156,1,2,64,32,32,2.8122029149812988e-08,0.0002417285544874,0.1149444479960948,3624.9462890625,8468.0,7631.70458984375
darcy,2590,2590,3157,1,1,64,32,32,1.1146464373723577e-07,0.0006997399445874,0.1143240940000396,3624.28662109375,8468.0,7631.70458984375
darcy,2590,2590,3158,1,2,64,32,32,4.38903242638844e-08,0.000350180250091,0.1143432869866956,3624.28662109375,8468.0,7631.70458984375
darcy,2591,2591,3159,1,1,64,32,32,3.7396389984678535e-08,0.0003527726017594,0.1174438190064393,3624.9462890625,8468.0,7631.70458984375
darcy,2591,2591,3160,1,2,64,32,32,8.486402691687546e-08,0.0006125438767885,0.114270004996797,3624.9462890625,8468.0,7631.70458984375
darcy,2592,2592,3161,1,1,64,32,32,3.1043054349311205e-08,0.0002419774231929,0.1143449410155881,3624.28662109375,8468.0,7631.70458984375
darcy,2592,2592,3162,1,2,64,32,32,3.001951753844878e-08,0.0002278635172254,0.1142468909965828,3624.28662109375,8468.0,7631.70458984375
darcy,2593,2593,3163,1,1,64,32,32,8.343018720324835e-08,0.0005924562490362,0.1184476890193764,3624.9462890625,8468.0,7631.70458984375
darcy,2593,2593,3164,1,2,64,32,32,4.0889240437991254e-08,0.0002924108137509,0.1140957270108629,3624.9462890625,8468.0,7631.70458984375
darcy,2594,2594,3165,1,1,64,32,32,4.4763044826368066e-08,0.000370822066142,0.1145215900032781,3624.9462890625,8468.0,7631.70458984375
darcy,2594,2594,3166,1,2,64,32,32,6.543400843384006e-08,0.0005252941794194,0.1142468990001361,3624.9462890625,8468.0,7631.70458984375
darcy,2595,2595,3167,1,1,64,32,32,2.73797020611255e-08,0.000107603278496,0.114460003998829,3624.28662109375,8468.0,7631.70458984375
darcy,2595,2595,3168,1,2,64,32,32,3.8636326138430384e-08,0.000243660459216,0.1138902720122132,3624.28662109375,8468.0,7631.70458984375
darcy,2596,2596,3169,1,1,64,32,32,6.999668755724997e-08,0.0005210582058896,0.1143321389972698,3624.9462890625,8468.0,7631.70458984375
darcy,2596,2596,3170,1,2,64,32,32,2.5996799379868207e-08,0.0001743341891339,0.1142916419776156,3624.9462890625,8468.0,7631.70458984375
darcy,2597,2597,3171,1,1,64,32,32,6.559934462302408e-08,0.0004701483682978,0.1151510500058066,3624.28662109375,8468.0,7631.70458984375
darcy,2597,2597,3172,1,2,64,32,32,4.9574275351460535e-08,0.0004117321356327,0.1150184599973727,3624.28662109375,8468.0,7631.70458984375
darcy,2598,2598,3173,1,1,64,32,32,1.906071567248091e-08,3.792126758130927e-05,0.1153073599853087,3624.28662109375,8468.0,7631.70458984375
darcy,2598,2598,3174,1,2,64,32,32,4.805620434922275e-08,0.000359307453461,0.1156894970044959,3624.28662109375,8468.0,7631.70458984375
darcy,2599,2599,3175,1,1,64,32,32,6.98192295089939e-08,0.0004806117314229,0.114813487016363,3624.9462890625,8468.0,7631.70458984375
darcy,2599,2599,3176,1,2,64,32,32,2.01008241162981e-08,6.214548005744037e-05,0.1144252129888627,3624.9462890625,8468.0,7631.70458984375
darcy,2600,2600,3177,1,1,64,32,32,6.311767464239892e-08,0.0004972454615441,0.1147553519986104,3624.9462890625,8468.0,7631.70458984375
darcy,2600,2600,3178,1,2,64,32,32,6.351131531801002e-08,0.0004697857422714,0.114368675975129,3624.9462890625,8468.0,7631.70458984375
darcy,2601,2601,3179,1,1,64,32,32,2.6230317473618925e-08,2.9622189985172575e-05,0.1151149910001549,3624.28662109375,8468.0,7631.70458984375
darcy,2601,2601,3180,1,2,64,32,32,5.208142539459004e-08,0.0004293775955383,0.1144377629971131,3624.28662109375,8468.0,7631.70458984375
darcy,2602,2602,3181,1,1,64,32,32,8.770363280063975e-08,0.0005829213433413,0.1142891370109282,3624.9462890625,8468.0,7631.70458984375
darcy,2602,2602,3182,1,2,64,32,32,3.4169822527019285e-08,0.0001299187794561,0.1139759829966351,3624.9462890625,8468.0,7631.70458984375
darcy,2603,2603,3183,1,1,64,32,32,7.786390909814146e-08,0.00059028530984,0.1147481049993075,3624.28662109375,8468.0,7631.70458984375
darcy,2603,2603,3184,1,2,64,32,32,8.040213828053312e-08,0.0005743553935191,0.1141353459970559,3624.28662109375,8468.0,7631.70458984375
darcy,2604,2604,3185,1,1,64,32,32,3.2241146641354135e-08,0.0001112684781857,0.1143898459849879,3624.9462890625,8468.0,7631.70458984375
darcy,2604,2604,3186,1,2,64,32,32,5.558704074815069e-08,0.0004525988131162,0.1137432100076694,3624.9462890625,8468.0,7631.70458984375
darcy,2605,2605,3187,1,1,64,32,32,1.0729146993071481e-07,0.00069523011112,0.1144532170146703,3624.28662109375,8468.0,7631.70458984375
darcy,2605,2605,3188,1,2,64,32,32,4.105686457478441e-08,0.0002500300814911,0.1140324650041293,3624.28662109375,8468.0,7631.70458984375
darcy,2606,2606,3189,1,1,64,32,32,8.597793055287185e-08,0.0006066247869097,0.1144946860149502,3624.9462890625,8468.0,7631.70458984375
darcy,2606,2606,3190,1,2,64,32,32,8.636916248860872e-08,0.0006301174847839,0.114512795000337,3624.9462890625,8468.0,7631.70458984375
darcy,2607,2607,3191,1,1,64,32,32,3.1951675083519155e-08,0.0002256668959773,0.1144143209967296,3624.9462890625,8468.0,7631.70458984375
darcy,2607,2607,3192,1,2,64,32,32,5.407956749081678e-08,0.000390480466999,0.1143846189952455,3624.9462890625,8468.0,7631.70458984375
darcy,2608,2608,3193,1,1,64,32,32,1.1597742144431324e-07,0.0007318687280573,0.1146226920245681,3624.28662109375,8468.0,7631.70458984375
darcy,2608,2608,3194,1,2,64,32,32,4.607089110209017e-08,0.0003651765896187,0.1148938390251714,3624.28662109375,8468.0,7631.70458984375
darcy,2609,2609,3195,1,1,64,32,32,6.2804012657125e-08,0.0004782736353414,0.1139398980012629,3624.9462890625,8468.0,7631.70458984375
darcy,2609,2609,3196,1,2,64,32,32,1.1263614396739285e-07,0.0007310128482622,0.1143199910002294,3624.9462890625,8468.0,7631.70458984375
darcy,2610,2610,3197,1,1,64,32,32,3.511259549782153e-08,0.0003142411872713,0.1144411340064834,3624.28662109375,8468.0,7631.70458984375
darcy,2610,2610,3198,1,2,64,32,32,4.066193071139424e-08,0.0003463809622968,0.1136609270179178,3624.28662109375,8468.0,7631.70458984375
darcy,2611,2611,3199,1,1,64,32,32,1.2472807497942997e-07,0.0007553446600039,0.1144463550008367,3624.28662109375,8468.0,7631.70458984375
darcy,2611,2611,3200,1,2,64,32,32,5.1996149608157793e-08,0.0004156004802112,0.1143188069981988,3624.28662109375,8468.0,7631.70458984375
darcy,2612,2612,3201,1,1,64,32,32,5.415174797462897e-08,0.0004702935664033,0.1140487219963688,3624.9462890625,8468.0,7631.70458984375
darcy,2612,2612,3202,1,2,64,32,32,9.488194763207505e-08,0.0006652917860886,0.1140946900122799,3624.9462890625,8468.0,7631.70458984375
darcy,2613,2613,3203,1,1,64,32,32,3.452153407579317e-08,0.0002775999513659,0.114235004002694,3624.9462890625,8468.0,7631.70458984375
darcy,2613,2613,3204,1,2,64,32,32,2.8797092710419747e-08,0.0002380608162033,0.1143868179933633,3624.9462890625,8468.0,7631.70458984375
darcy,2614,2614,3205,1,1,64,32,32,1.0199145350497929e-07,0.0006795505285382,0.1146237840002868,3624.28662109375,8468.0,7631.70458984375
darcy,2614,2614,3206,1,2,64,32,32,4.89824216742818e-08,0.0003623504128467,0.1143095190054737,3624.28662109375,8468.0,7631.70458984375
darcy,2615,2615,3207,1,1,64,32,32,4.7836035577120135e-08,0.0003884358115634,0.1143870669766329,3624.9462890625,8468.0,7631.70458984375
darcy,2615,2615,3208,1,2,64,32,32,7.371853172344346e-08,0.0005744914787849,0.1144224319723434,3624.9462890625,8468.0,7631.70458984375
darcy,2616,2616,3209,1,1,64,32,32,2.8271809782154378e-08,0.0001868726666238,0.1141629799967631,3624.28662109375,8468.0,7631.70458984375
darcy,2616,2616,3210,1,2,64,32,32,3.1970291303196063e-08,0.0001809088696279,0.1140114510199055,3624.28662109375,8468.0,7631.70458984375
darcy,2617,2617,3211,1,1,64,32,32,7.618255182251232e-08,0.0005613908147959,0.1145482640131376,3624.9462890625,8468.0,7631.70458984375
darcy,2617,2617,3212,1,2,64,32,32,4.365010397577863e-08,0.0003557393922969,0.11427112200181,3624.9462890625,8468.0,7631.70458984375
darcy,2618,2618,3213,1,1,64,32,32,4.8604892555204067e-08,0.0003679600989313,0.1143570590065792,3624.28662109375,8468.0,7631.70458984375
darcy,2618,2618,3214,1,2,64,32,32,8.450720656583145e-08,0.0005785353190025,0.1141648140037432,3624.28662109375,8468.0,7631.70458984375
darcy,2619,2619,3215,1,1,64,32,32,1.967970675309516e-08,0.0001389993932488,0.1184056149795651,3624.9462890625,8468.0,7631.70458984375
darcy,2619,2619,3216,1,2,64,32,32,2.7952832937216957e-08,0.0001801576322735,0.1144146750157233,3624.9462890625,8468.0,7631.70458984375
darcy,2620,2620,3217,1,1,64,32,32,1.0081112122861668e-07,0.0006228691890865,0.1146110219997353,3624.9462890625,8468.0,7631.70458984375
darcy,2620,2620,3218,1,2,64,32,32,3.3769143925610485e-08,0.0002873793847196,0.1141288080252707,3624.9462890625,8468.0,7631.70458984375
darcy,2621,2621,3219,1,1,64,32,32,4.9118956013671784e-08,0.0004047281608775,0.116043026006082,3624.28662109375,8468.0,7631.70458984375
darcy,2621,2621,3220,1,2,64,32,32,8.515264227071384e-08,0.0005442127866848,0.1142213279963471,3624.28662109375,8468.0,7631.70458984375
darcy,2622,2622,3221,1,1,64,32,32,2.9432992931788252e-08,0.0001901299620705,0.1149562439823057,3624.9462890625,8468.0,7631.70458984375
darcy,2622,2622,3222,1,2,64,32,32,2.6083327497872236e-08,0.0002410895836182,0.114337806997355,3624.9462890625,8468.0,7631.70458984375
darcy,2623,2623,3223,1,1,64,32,32,1.0988083687379913e-07,0.0006418703813634,0.1149958799942396,3624.28662109375,8468.0,7631.70458984375
darcy,2623,2623,3224,1,2,64,32,32,4.740475390008214e-08,0.0003433037456297,0.114220427989494,3624.28662109375,8468.0,7631.70458984375
darcy,2624,2624,3225,1,1,64,32,32,4.721687929531981e-08,0.0004133649152801,0.1144584239809773,3624.28662109375,8468.0,7631.70458984375
darcy,2624,2624,3226,1,2,64,32,32,9.688164936960677e-08,0.00062462297074,0.1143214609764982,3624.28662109375,8468.0,7631.70458984375
darcy,2625,2625,3227,1,1,64,32,32,4.4185583192302154e-08,0.0002881892137554,0.1147933519969228,3624.9462890625,8468.0,7631.70458984375
darcy,2625,2625,3228,1,2,64,32,32,3.4010916749593896e-08,0.0002875560364617,0.1166760849882848,3624.9462890625,8468.0,7631.70458984375
darcy,2626,2626,3229,1,1,64,32,32,1.155671114361212e-07,0.0007152386812239,0.1144785320211667,3624.9462890625,8468.0,7631.70458984375
darcy,2626,2626,3230,1,2,64,32,32,5.488852394819333e-08,0.0003637397493771,0.1143475419958122,3624.9462890625,8468.0,7631.70458984375
darcy,2627,2627,3231,1,1,64,32,32,5.154388560413282e-08,0.0004276000104348,0.1148257399909198,3624.28662109375,8468.0,7631.70458984375
darcy,2627,2627,3232,1,2,64,32,32,8.772801862733105e-08,0.0006206268015461,0.1151848000008612,3624.28662109375,8468.0,7631.70458984375
darcy,2628,2628,3233,1,1,64,32,32,3.985134711115279e-08,0.0003018625976121,0.1146280090033542,3624.9462890625,8468.0,7631.70458984375
darcy,2628,2628,3234,1,2,64,32,32,3.724593256038133e-08,0.0002778437564953,0.1142695020243991,3624.9462890625,8468.0,7631.70458984375
darcy,2629,2629,3235,1,1,64,32,32,1.0239421044389021e-07,0.0006763114552192,0.1151752249861601,3624.28662109375,8468.0,7631.70458984375
darcy,2629,2629,3236,1,2,64,32,32,4.5817294846983714e-08,0.0003529913377353,0.1147504190157633,3624.28662109375,8468.0,7631.70458984375
darcy,2630,2630,3237,1,1,64,32,32,5.6503424161746814e-08,0.0004438768733211,0.1166298099851701,3624.9462890625,8468.0,7631.70458984375
darcy,2630,2630,3238,1,2,64,32,32,7.443711780297235e-08,0.0005647435019584,0.1163418119831476,3624.9462890625,8468.0,7631.70458984375
darcy,2631,2631,3239,1,1,64,32,32,2.7521837253630114e-08,0.0002160697788993,0.1166009420121554,3624.28662109375,8468.0,7631.70458984375
darcy,2631,2631,3240,1,2,64,32,32,3.261549963440302e-08,0.000278496817865,0.1162787790235597,3624.28662109375,8468.0,7631.70458984375
darcy,2632,2632,3241,1,1,64,32,32,8.311747023981297e-08,0.0005851252723247,0.1164656589971855,3624.9462890625,8468.0,7631.70458984375
darcy,2632,2632,3242,1,2,64,32,32,3.644863610929861e-08,0.0002677539774388,0.1164859780110418,3624.9462890625,8468.0,7631.70458984375
darcy,2633,2633,3243,1,1,64,32,32,5.2250047843926957e-08,0.0004433262591618,0.1163356520119123,3624.9462890625,8468.0,7631.70458984375
darcy,2633,2633,3244,1,2,64,32,32,6.527832141500768e-08,0.0005242901671953,0.1166434320039115,3624.9462890625,8468.0,7631.70458984375
darcy,2634,2634,3245,1,1,64,32,32,2.2336251959131917e-08,0.0001008496068216,0.1161139890027698,3624.28662109375,8468.0,7631.70458984375
darcy,2634,2634,3246,1,2,64,32,32,4.2020751322979784e-08,0.0003245989997053,0.1160931590129621,3624.28662109375,8468.0,7631.70458984375
darcy,2635,2635,3247,1,1,64,32,32,6.789842643684096e-08,0.0005207852799989,0.1165255770029034,3624.9462890625,8468.0,7631.70458984375
darcy,2635,2635,3248,1,2,64,32,32,3.110331192601734e-08,0.0001828564027501,0.1163518840039614,3624.9462890625,8468.0,7631.70458984375
darcy,2636,2636,3249,1,1,64,32,32,6.54293259572114e-08,0.0004999926667001,0.1166691899998113,3624.28662109375,8468.0,7631.70458984375
darcy,2636,2636,3250,1,2,64,32,32,5.5297245893370934e-08,0.0004702245436525,0.1163278569874819,3624.28662109375,8468.0,7631.70458984375
darcy,2637,2637,3251,1,1,64,32,32,1.8045128058474802e-08,4.49879724328809e-05,0.1174321370199322,3624.28662109375,8468.0,7631.70458984375
darcy,2637,2637,3252,1,2,64,32,32,4.3178737030302734e-08,0.0003284961817718,0.1142506079922895,3624.28662109375,8468.0,7631.70458984375
darcy,2638,2638,3253,1,1,64,32,32,7.082011421744029e-08,0.0005335174417739,0.1140806229959707,3624.9462890625,8468.0,7631.70458984375
darcy,2638,2638,3254,1,2,64,32,32,2.5759801403069105e-08,0.0001479136077036,0.1142110509972553,3624.9462890625,8468.0,7631.70458984375
darcy,2639,2639,3255,1,1,64,32,32,5.184566376215116e-08,0.000435204071184,0.1161276730126701,3624.9462890625,8468.0,7631.70458984375
darcy,2639,2639,3256,1,2,64,32,32,7.716587191453074e-08,0.0005480655021245,0.1142735729808919,3624.9462890625,8468.0,7631.70458984375
darcy,2640,2640,3257,1,1,64,32,32,2.2069182037398605e-08,0.0001171937954773,0.1147339769813697,3624.28662109375,8468.0,7631.70458984375
darcy,2640,2640,3258,1,2,64,32,32,3.7694995569381724e-08,0.0003442037776031,0.1137145830143708,3624.28662109375,8468.0,7631.70458984375
darcy,2641,2641,3259,1,1,64,32,32,1.0264488992106636e-07,0.0006467135515373,0.1145854019850958,3624.9462890625,8468.0,7631.70458984375
darcy,2641,2641,3260,1,2,64,32,32,3.283250293861784e-08,0.0002239366648738,0.1143358920235186,3624.9462890625,8468.0,7631.70458984375
darcy,2642,2642,3261,1,1,64,32,32,6.667463736675927e-08,0.0005307060218037,0.1143256340001244,3624.28662109375,8468.0,7631.70458984375
darcy,2642,2642,3262,1,2,64,32,32,6.605650071378477e-08,0.0005173833132982,0.1143324710137676,3624.28662109375,8468.0,7631.70458984375
darcy,2643,2643,3263,1,1,64,32,32,3.0136963147242575e-08,0.000180263973714,0.1143004850018769,3624.9462890625,8468.0,7631.70458984375
darcy,2643,2643,3264,1,2,64,32,32,3.279277294154781e-08,0.000274182493027,0.1141038890054915,3624.9462890625,8468.0,7631.70458984375
darcy,2644,2644,3265,1,1,64,32,32,1.0068242772831583e-07,0.0006654335428054,0.1140529100084677,3624.28662109375,8468.0,7631.70458984375
darcy,2644,2644,3266,1,2,64,32,32,3.5067284187562115e-08,0.0002847075025245,0.1138929589942563,3624.28662109375,8468.0,7631.70458984375
darcy,2645,2645,3267,1,1,64,32,32,5.302911532112376e-08,0.000438054667189,0.1144396279996726,3624.9462890625,8468.0,7631.70458984375
darcy,2645,2645,3268,1,2,64,32,32,7.923517131303015e-08,0.0005875428444815,0.1142729670100379,3624.9462890625,8468.0,7631.70458984375
darcy,2646,2646,3269,1,1,64,32,32,2.8023825038303585e-08,0.0002307287024901,0.1168693910003639,3624.9462890625,8468.0,7631.70458984375
darcy,2646,2646,3270,1,2,64,32,32,3.67936934253521e-08,0.0003160946894736,0.1142433449858799,3624.9462890625,8468.0,7631.70458984375
darcy,2647,2647,3271,1,1,64,32,32,9.75443725792502e-08,0.0006539569181765,0.114709738001693,3624.28662109375,8468.0,7631.70458984375
darcy,2647,2647,3272,1,2,64,32,32,3.4158503581238626e-08,0.0002940890526498,0.1143564950034488,3624.28662109375,8468.0,7631.70458984375
darcy,2648,2648,3273,1,1,64,32,32,5.22964604954268e-08,0.0004535001334386,0.1145365739939734,3624.9462890625,8468.0,7631.70458984375
darcy,2648,2648,3274,1,2,64,32,32,7.75968871380428e-08,0.0005863784025371,0.1143023369950242,3624.9462890625,8468.0,7631.70458984375
darcy,2649,2649,3275,1,1,64,32,32,2.4441359158799972e-08,0.0001844385722495,0.114525473996764,3624.28662109375,8468.0,7631.70458984375
darcy,2649,2649,3276,1,2,64,32,32,3.0768077863285725e-08,0.0002698429538716,0.1143214420008007,3624.28662109375,8468.0,7631.70458984375
darcy,2650,2650,3277,1,1,64,32,32,9.211812823650689e-08,0.0006344112657118,0.11498089399538,3624.28662109375,8468.0,7631.70458984375
darcy,2650,2650,3278,1,2,64,32,32,3.4655737835009865e-08,0.0002850969760342,0.1146910130046308,3624.28662109375,8468.0,7631.70458984375
darcy,2651,2651,3279,1,1,64,32,32,4.9565542781238043e-08,0.0004294669350929,0.1145153130055405,3624.9462890625,8468.0,7631.70458984375
darcy,2651,2651,3280,1,2,64,32,32,7.027129811376653e-08,0.0005556735727264,0.1166379849892109,3624.9462890625,8468.0,7631.70458984375
darcy,2652,2652,3281,1,1,64,32,32,2.288550504658815e-08,0.0001670934667718,0.1146125299856066,3624.9462890625,8468.0,7631.70458984375
darcy,2652,2652,3282,1,2,64,32,32,2.9683686619819127e-08,0.0002275152927236,0.1142900260165333,3624.9462890625,8468.0,7631.70458984375
darcy,2653,2653,3283,1,1,64,32,32,8.36492617395379e-08,0.0005956401641785,0.1144231880025472,3624.28662109375,8468.0,7631.70458984375
darcy,2653,2653,3284,1,2,64,32,32,3.80448490489016e-08,0.0003170505725195,0.1139603219926357,3624.28662109375,8468.0,7631.70458984375
darcy,2654,2654,3285,1,1,64,32,32,4.73778136722558e-08,0.0004156691935585,0.1145810819871258,3624.9462890625,8468.0,7631.70458984375
darcy,2654,2654,3286,1,2,64,32,32,7.772185028898093e-08,0.0005736333465732,0.1143552119901869,3624.9462890625,8468.0,7631.70458984375
darcy,2655,2655,3287,1,1,64,32,32,2.1461669774680562e-08,0.000164459266864,0.1145533729868475,3624.28662109375,8468.0,7631.70458984375
darcy,2655,2655,3288,1,2,64,32,32,3.264067771624468e-08,0.0002881211680196,0.1144364400242921,3624.28662109375,8468.0,7631.70458984375
darcy,2656,2656,3289,1,1,64,32,32,8.56268798088422e-08,0.0006031934046296,0.1143826820189133,3624.9462890625,8468.0,7631.70458984375
darcy,2656,2656,3290,1,2,64,32,32,3.2957103712760734e-08,0.0002508518719624,0.1139198449964169,3624.9462890625,8468.0,7631.70458984375
darcy,2657,2657,3291,1,1,64,32,32,4.9313101158077195e-08,0.0004373314695281,0.1146596930047962,3624.28662109375,8468.0,7631.70458984375
darcy,2657,2657,3292,1,2,64,32,32,8.018131580911358e-08,0.0005813872295529,0.1144276370177976,3624.28662109375,8468.0,7631.70458984375
darcy,2658,2658,3293,1,1,64,32,32,2.2815493494476872e-08,0.0001578844287186,0.1145044250006321,3624.9462890625,8468.0,7631.70458984375
darcy,2658,2658,3294,1,2,64,32,32,3.3505674679190633e-08,0.0003130739793132,0.1144803119823336,3624.9462890625,8468.0,7631.70458984375
darcy,2659,2659,3295,1,1,64,32,32,9.777871667893125e-08,0.0006443885383265,0.1140770580095704,3624.9462890625,8468.0,7631.70458984375
darcy,2659,2659,3296,1,2,64,32,32,3.6945209558325593e-08,0.0002923493580151,0.1141035829787142,3624.9462890625,8468.0,7631.70458984375
darcy,2660,2660,3297,1,1,64,32,32,5.67305704635146e-08,0.0004817258181616,0.1146099870093166,3624.28662109375,8468.0,7631.70458984375
darcy,2660,2660,3298,1,2,64,32,32,8.59341469094943e-08,0.0006106220743995,0.1143305769946891,3624.28662109375,8468.0,7631.70458984375
darcy,2661,2661,3299,1,1,64,32,32,3.0946818441179864e-08,0.000234490949815,0.1142416159855201,3624.9462890625,8468.0,7631.70458984375
darcy,2661,2661,3300,1,2,64,32,32,3.618196586785416e-08,0.0003180982495202,0.114322756009642,3624.9462890625,8468.0,7631.70458984375
darcy,2662,2662,3301,1,1,64,32,32,1.221142014173893e-07,0.0007475083405332,0.1144577020022552,3624.28662109375,8468.0,7631.70458984375
darcy,2662,2662,3302,1,2,64,32,32,3.796790792875981e-08,0.0003090716035756,0.1139472789946012,3624.28662109375,8468.0,7631.70458984375
darcy,2663,2663,3303,1,1,64,32,32,5.6049167085348024e-08,0.0004708170785389,0.114486153004691,3624.28662109375,8468.0,7631.70458984375
darcy,2663,2663,3304,1,2,64,32,32,9.164415359919077e-08,0.000641592968482,0.1143462159961927,3624.28662109375,8468.0,7631.70458984375
darcy,2664,2664,3305,1,1,64,32,32,2.89994002145022e-08,0.0002468580413675,0.1145321929943747,3624.9462890625,8468.0,7631.70458984375
darcy,2664,2664,3306,1,2,64,32,32,2.75489462353562e-08,0.0002347356449171,0.1143624699907377,3624.9462890625,8468.0,7631.70458984375
darcy,2665,2665,3307,1,1,64,32,32,1.0291596908018621e-07,0.0006793437490145,0.1141151089977938,3624.9462890625,8468.0,7631.70458984375
darcy,2665,2665,3308,1,2,64,32,32,5.64221629417716e-08,0.0004489938871033,0.1142858180101029,3624.9462890625,8468.0,7631.70458984375
darcy,2666,2666,3309,1,1,64,32,32,4.2633054420093686e-08,0.0003883467990586,0.1142894450167659,3624.28662109375,8468.0,7631.70458984375
darcy,2666,2666,3310,1,2,64,32,32,9.095893460653316e-08,0.0006380314308523,0.1140502009948249,3624.28662109375,8468.0,7631.70458984375
darcy,2667,2667,3311,1,1,64,32,32,3.807871351568792e-08,0.0003491268372778,0.1163602759770583,3624.9462890625,8468.0,7631.70458984375
darcy,2667,2667,3312,1,2,64,32,32,3.037425955199069e-08,0.0002630272113678,0.1164967420045286,3624.9462890625,8468.0,7631.70458984375
darcy,2668,2668,3313,1,1,64,32,32,9.918124277419339e-08,0.0006625103454439,0.116766165010631,3624.28662109375,8468.0,7631.70458984375
darcy,2668,2668,3314,1,2,64,32,32,4.8916806605348035e-08,0.0003867462050214,0.1165476680034771,3624.28662109375,8468.0,7631.70458984375
darcy,2669,2669,3315,1,1,64,32,32,4.4184101710698094e-08,0.0004010456067425,0.1161821099813096,3624.9462890625,8468.0,7631.70458984375
darcy,2669,2669,3316,1,2,64,32,32,8.458509626052546e-08,0.0006126722206849,0.1162438780011143,3624.9462890625,8468.0,7631.70458984375
darcy,2670,2670,3317,1,1,64,32,32,2.6841350475592666e-08,0.0002097646179771,0.1166559859993867,3624.28662109375,8468.0,7631.70458984375
darcy,2670,2670,3318,1,2,64,32,32,3.608602483495815e-08,0.0002844980505445,0.1161903890024405,3624.28662109375,8468.0,7631.70458984375
darcy,2671,2671,3319,1,1,64,32,32,7.961908465858869e-08,0.000588071320601,0.1163832920137792,3624.9462890625,8468.0,7631.70458984375
darcy,2671,2671,3320,1,2,64,32,32,3.6508666312329296e-08,0.0002910154997998,0.1159253210062161,3624.9462890625,8468.0,7631.70458984375
darcy,2672,2672,3321,1,1,64,32,32,5.273377112757772e-08,0.0004338243434949,0.1165525980177335,3624.9462890625,8468.0,7631.70458984375
darcy,2672,2672,3322,1,2,64,32,32,6.810495989384435e-08,0.0005371506309716,0.1162552009918727,3624.9462890625,8468.0,7631.70458984375
darcy,2673,2673,3323,1,1,64,32,32,2.3794854087100248e-08,0.0001891133439875,0.1141133450146298,3624.28662109375,8468.0,7631.70458984375
darcy,2673,2673,3324,1,2,64,32,32,3.9635935422666086e-08,0.0003240154431339,0.1141929930017795,3624.28662109375,8468.0,7631.70458984375
darcy,2674,2674,3325,1,1,64,32,32,8.398072282034263e-08,0.0005807831672727,0.1142962499870918,3624.9462890625,8468.0,7631.70458984375
darcy,2674,2674,3326,1,2,64,32,32,3.3988914793781084e-08,0.0002797640266257,0.1141085810086224,3624.9462890625,8468.0,7631.70458984375
darcy,2675,2675,3327,1,1,64,32,32,5.2371994740951784e-08,0.0004472793056232,0.1146306519804056,3624.28662109375,8468.0,7631.70458984375
darcy,2675,2675,3328,1,2,64,32,32,8.568442666501143e-08,0.000606936392222,0.114492517983308,3624.28662109375,8468.0,7631.70458984375
darcy,2676,2676,3329,1,1,64,32,32,2.0760348107273785e-08,0.000152956799446,0.1145650370162911,3624.28662109375,8468.0,7631.70458984375
darcy,2676,2676,3330,1,2,64,32,32,3.006271498406932e-08,0.000274048549865,0.1142556429840624,3624.28662109375,8468.0,7631.70458984375
darcy,2677,2677,3331,1,1,64,32,32,1.1301959546017316e-07,0.0006957656032285,0.1142642049817368,3624.9462890625,8468.0,7631.70458984375
darcy,2677,2677,3332,1,2,64,32,32,3.80486362416832e-08,0.0003022603012071,0.1140862290048971,3624.9462890625,8468.0,7631.70458984375
darcy,2678,2678,3333,1,1,64,32,32,5.529489044420188e-08,0.000476431398752,0.1147084630210883,3624.9462890625,8468.0,7631.70458984375
darcy,2678,2678,3334,1,2,64,32,32,8.93782328148518e-08,0.0006324643327324,0.1143246809951961,3624.9462890625,8468.0,7631.70458984375
darcy,2679,2679,3335,1,1,64,32,32,3.185878938438691e-08,0.0002368532914578,0.1171821180032566,3624.28662109375,8468.0,7631.70458984375
darcy,2679,2679,3336,1,2,64,32,32,3.2597423427205285e-08,0.0003125063781106,0.1171288210025522,3624.28662109375,8468.0,7631.70458984375
darcy,2680,2680,3337,1,1,64,32,32,1.1215574602374545e-07,0.0007156831189284,0.1144913250172976,3624.9462890625,8468.0,7631.70458984375
darcy,2680,2680,3338,1,2,64,32,32,5.002762648587122e-08,0.0003610429609807,0.1141837509931065,3624.9462890625,8468.0,7631.70458984375
darcy,2681,2681,3339,1,1,64,32,32,5.5407230803439234e-08,0.0004660293447389,0.1141557559894863,3624.28662109375,8468.0,7631.70458984375
darcy,2681,2681,3340,1,2,64,32,32,9.115325383390883e-08,0.0006477112839548,0.1142063100123778,3624.28662109375,8468.0,7631.70458984375
darcy,2682,2682,3341,1,1,64,32,32,3.671423343121205e-08,0.0003036977236688,0.1145194270065985,3624.9462890625,8468.0,7631.70458984375
darcy,2682,2682,3342,1,2,64,32,32,3.5765225447903504e-08,0.0003075526009941,0.11441056500189,3624.9462890625,8468.0,7631.70458984375
darcy,2683,2683,3343,1,1,64,32,32,1.12787851946905e-07,0.0007216802107546,0.1143192340095993,3624.28662109375,8468.0,7631.70458984375
darcy,2683,2683,3344,1,2,64,32,32,4.3606128485862434e-08,0.00036268322185,0.1141063069808296,3624.28662109375,8468.0,7631.70458984375
darcy,2684,2684,3345,1,1,64,32,32,5.007191106187747e-08,0.000435546741472,0.1165375389973633,3624.9462890625,8468.0,7631.70458984375
darcy,2684,2684,3346,1,2,64,32,32,8.463795353463865e-08,0.0006076342388498,0.1164122589980252,3624.9462890625,8468.0,7631.70458984375
darcy,2685,2685,3347,1,1,64,32,32,3.457405739482056e-08,0.0003070631561616,0.1144136019865982,3624.9462890625,8468.0,7631.70458984375
darcy,2685,2685,3348,1,2,64,32,32,2.9035634341312292e-08,0.000258239564735,0.1138470989826601,3624.9462890625,8468.0,7631.70458984375
darcy,2686,2686,3349,1,1,64,32,32,1.0201577538282437e-07,0.0006722067772976,0.114379510981962,3624.28662109375,8468.0,7631.70458984375
darcy,2686,2686,3350,1,2,64,32,32,4.741339765246266e-08,0.0003752647894581,0.1141067539865616,3624.28662109375,8468.0,7631.70458984375
darcy,2687,2687,3351,1,1,64,32,32,4.2011862433355425e-08,0.0003905410309613,0.1144116570067126,3624.9462890625,8468.0,7631.70458984375
darcy,2687,2687,3352,1,2,64,32,32,8.246698257607933e-08,0.0006075464606791,0.1143298280076123,3624.9462890625,8468.0,7631.70458984375
darcy,2688,2688,3353,1,1,64,32,32,3.0728678268587835e-08,0.0002501514860154,0.1142470920167397,3624.28662109375,8468.0,7631.70458984375
darcy,2688,2688,3354,1,2,64,32,32,3.3080148398312303e-08,0.0002767464699772,0.1136788209842052,3624.28662109375,8468.0,7631.70458984375
darcy,2689,2689,3355,1,1,64,32,32,8.171224408215495e-08,0.0005877679529323,0.1146872449899092,3624.28662109375,8468.0,7631.70458984375
darcy,2689,2689,3356,1,2,64,32,32,4.045378432238067e-08,0.0003220868917945,0.1142524309980217,3624.28662109375,8468.0,7631.70458984375
darcy,2690,2690,3357,1,1,64,32,32,5.151808935011105e-08,0.0004298124988648,0.114555770996958,3624.9462890625,8468.0,7631.70458984375
darcy,2690,2690,3358,1,2,64,32,32,5.9426543685958684e-08,0.0005032031104029,0.1143882570031564,3624.9462890625,8468.0,7631.70458984375
darcy,2691,2691,3359,1,1,64,32,32,2.4129350961743512e-08,0.0001747077637206,0.1148063309956342,3624.9462890625,8468.0,7631.70458984375
darcy,2691,2691,3360,1,2,64,32,32,3.111273016997984e-08,0.0002538961780665,0.1145812399918213,3624.9462890625,8468.0,7631.70458984375
darcy,2692,2692,3361,1,1,64,32,32,7.25074400520498e-08,0.0005462760324444,0.1151777619961649,3624.28662109375,8468.0,7631.70458984375
darcy,2692,2692,3362,1,2,64,32,32,3.208038279467473e-08,0.0002520363597013,0.1150686250184662,3624.28662109375,8468.0,7631.70458984375
darcy,2693,2693,3363,1,1,64,32,32,5.119082757687465e-08,0.0004307806815484,0.1143902859766967,3624.9462890625,8468.0,7631.70458984375
darcy,2693,2693,3364,1,2,64,32,32,6.072134084433857e-08,0.0004923637716834,0.1138505289854947,3624.9462890625,8468.0,7631.70458984375
darcy,2694,2694,3365,1,1,64,32,32,1.9144819063399158e-08,0.0001387697425693,0.1142906360037159,3624.28662109375,8468.0,7631.70458984375
darcy,2694,2694,3366,1,2,64,32,32,3.6112336232463356e-08,0.0003171617917107,0.1140298070095013,3624.28662109375,8468.0,7631.70458984375
darcy,2695,2695,3367,1,1,64,32,32,8.152778008252427e-08,0.0005702972875194,0.1139068229822442,3624.9462890625,8468.0,7631.70458984375
darcy,2695,2695,3368,1,2,64,32,32,2.6012726195290273e-08,0.0001831281357689,0.1134193239849992,3624.9462890625,8468.0,7631.70458984375
darcy,2696,2696,3369,1,1,64,32,32,6.096664861843237e-08,0.0004932015776974,0.1147051989973988,3624.28662109375,8468.0,7631.70458984375
darcy,2696,2696,3370,1,2,64,32,32,5.6658031155620854e-08,0.0004740464027281,0.1142041549901478,3624.28662109375,8468.0,7631.70458984375
darcy,2697,2697,3371,1,1,64,32,32,2.168416912695648e-08,0.0001175139875361,0.1143533299909904,3624.9462890625,8468.0,7631.70458984375
darcy,2697,2697,3372,1,2,64,32,32,3.6501091926766094e-08,0.0003248238550431,0.1138188150071073,3624.9462890625,8468.0,7631.70458984375
darcy,2698,2698,3373,1,1,64,32,32,8.770403780999915e-08,0.0006068999708783,0.1144822380156256,3624.9462890625,8468.0,7631.70458984375
darcy,2698,2698,3374,1,2,64,32,32,2.7717199202470514e-08,0.0001880333155496,0.1137985780078452,3624.9462890625,8468.0,7631.70458984375
darcy,2699,2699,3375,1,1,64,32,32,5.3146692380323663e-08,0.0004556540269887,0.1143965549999848,3624.28662109375,8468.0,7631.70458984375
darcy,2699,2699,3376,1,2,64,32,32,7.852283090414859e-08,0.0005768353413538,0.1136544780165422,3624.28662109375,8468.0,7631.70458984375
darcy,2700,2700,3377,1,1,64,32,32,2.9175959426197554e-08,0.0001881446123129,0.1144236380059737,3624.9462890625,8468.0,7631.70458984375
darcy,2700,2700,3378,1,2,64,32,32,3.974939488671225e-08,0.0003698973574479,0.1139563850010745,3624.9462890625,8468.0,7631.70458984375
darcy,2701,2701,3379,1,1,64,32,32,1.0692288299196663e-07,0.0006816908643846,0.1143490220129024,3624.28662109375,8468.0,7631.70458984375
darcy,2701,2701,3380,1,2,64,32,32,3.3574970359495644e-08,0.0002611935976565,0.1136951879889238,3624.28662109375,8468.0,7631.70458984375
darcy,2702,2702,3381,1,1,64,32,32,5.961705795698435e-08,0.0004979233357975,0.1145029189938213,3624.28662109375,8468.0,7631.70458984375
darcy,2702,2702,3382,1,2,64,32,32,8.282857066888027e-08,0.0005998731180608,0.1139435050135944,3624.28662109375,8468.0,7631.70458984375
darcy,2703,2703,3383,1,1,64,32,32,2.8772831228707222e-08,0.0002189709301794,0.1147524260159116,3624.9462890625,8468.0,7631.70458984375
darcy,2703,2703,3384,1,2,64,32,32,3.5405776088737184e-08,0.000305899942737,0.1141501850215718,3624.9462890625,8468.0,7631.70458984375
darcy,2704,2704,3385,1,1,64,32,32,1.0538755645939093e-07,0.0006926440974368,0.1145286840037442,3624.9462890625,8468.0,7631.70458984375
darcy,2704,2704,3386,1,2,64,32,32,4.3009432459939496e-08,0.0003150127146208,0.1136226620001252,3624.9462890625,8468.0,7631.70458984375
darcy,2705,2705,3387,1,1,64,32,32,5.5167511447962176e-08,0.0004539129724963,0.1144558509986382,3624.28662109375,8468.0,7631.70458984375
darcy,2705,2705,3388,1,2,64,32,32,8.572350651547823e-08,0.0006274197977284,0.1140952370187733,3624.28662109375,8468.0,7631.70458984375
darcy,2706,2706,3389,1,1,64,32,32,2.6324816104761343e-08,0.0002041723379703,0.1144411819986999,3624.9462890625,8468.0,7631.70458984375
darcy,2706,2706,3390,1,2,64,32,32,3.592277053598991e-08,0.0002932450181781,0.1142006459995172,3624.9462890625,8468.0,7631.70458984375
darcy,2707,2707,3391,1,1,64,32,32,1.0159224217431985e-07,0.0006698568112272,0.1143443179898895,3624.28662109375,8468.0,7631.70458984375
darcy,2707,2707,3392,1,2,64,32,32,3.230415401844766e-08,0.0002803656443248,0.1142589290102478,3624.28662109375,8468.0,7631.70458984375
darcy,2708,2708,3393,1,1,64,32,32,5.886244380803874e-08,0.0004855147850384,0.1142699969932437,3624.9462890625,8468.0,7631.70458984375
darcy,2708,2708,3394,1,2,64,32,32,7.133503743261826e-08,0.0005582639148262,0.1139501730212941,3624.9462890625,8468.0,7631.70458984375
darcy,2709,2709,3395,1,1,64,32,32,2.1711866082796405e-08,0.000160052602121,0.1146864949841983,3624.28662109375,8468.0,7631.70458984375
darcy,2709,2709,3396,1,2,64,32,32,4.1800802819125244e-08,0.0003264126381997,0.1142424890131224,3624.28662109375,8468.0,7631.70458984375
darcy,2710,2710,3397,1,1,64,32,32,8.922636851593779e-08,0.000618360789622,0.1139340990048367,3624.9462890625,8468.0,7631.70458984375
darcy,2710,2710,3398,1,2,64,32,32,2.87845569602041e-08,0.0002176355171965,0.1135694599943235,3624.9462890625,8468.0,7631.70458984375
darcy,2711,2711,3399,1,1,64,32,32,5.8147616499582e-08,0.0004764074976576,0.1144063039973843,3624.9462890625,8468.0,7631.70458984375
darcy,2711,2711,3400,1,2,64,32,32,7.220507569627443e-08,0.0005579575374694,0.1142997540009673,3624.9462890625,8468.0,7631.70458984375
darcy,2712,2712,3401,1,1,64,32,32,2.223620754193689e-08,0.000149198762548,0.1144261209992691,3624.28662109375,8468.0,7631.70458984375
darcy,2712,2712,3402,1,2,64,32,32,3.8770345156535775e-08,0.0003342071239257,0.1140926259977277,3624.28662109375,8468.0,7631.70458984375
darcy,2713,2713,3403,1,1,64,32,32,9.24176504213392e-08,0.00062425858556,0.1149875050177797,3624.9462890625,8468.0,7631.70458984375
darcy,2713,2713,3404,1,2,64,32,32,3.3172874225329e-08,0.0002607890514419,0.1141964780108537,3624.9462890625,8468.0,7631.70458984375
darcy,2714,2714,3405,1,1,64,32,32,5.7258692010009327e-08,0.0004598057493214,0.1144569489988498,3624.28662109375,8468.0,7631.70458984375
darcy,2714,2714,3406,1,2,64,32,32,8.56899760037777e-08,0.0006063859700791,0.1139079179847613,3624.28662109375,8468.0,7631.70458984375
darcy,2715,2715,3407,1,1,64,32,32,2.3300191998032463e-08,0.000196796155936,0.1143395120161585,3624.28662109375,8468.0,7631.70458984375
darcy,2715,2715,3408,1,2,64,32,32,3.3595529913554856e-08,0.0003077042708614,0.1142165650089737,3624.28662109375,8468.0,7631.70458984375
darcy,2716,2716,3409,1,1,64,32,32,1.175389456875564e-07,0.0007083120304723,0.1143956420128233,3624.9462890625,8468.0,7631.70458984375
darcy,2716,2716,3410,1,2,64,32,32,3.4913785640355854e-08,0.0003032088747912,0.1140091299894265,3624.9462890625,8468.0,7631.70458984375
darcy,2717,2717,3411,1,1,64,32,32,6.0983907701484e-08,0.0004933816985422,0.1143027729995083,3624.9462890625,8468.0,7631.70458984375
darcy,2717,2717,3412,1,2,64,32,32,8.032241538558084e-08,0.0005764724690078,0.114091798022855,3624.9462890625,8468.0,7631.70458984375
darcy,2718,2718,3413,1,1,64,32,32,3.520269231671591e-08,0.0002809188949909,0.1147062789823394,3624.28662109375,8468.0,7631.70458984375
darcy,2718,2718,3414,1,2,64,32,32,3.4422590999838576e-08,0.0003267519828699,0.1142120269942097,3624.28662109375,8468.0,7631.70458984375
darcy,2719,2719,3415,1,1,64,32,32,1.0840098241260421e-07,0.0006852946490494,0.1144296880229376,3624.9462890625,8468.0,7631.70458984375
darcy,2719,2719,3416,1,2,64,32,32,4.6364750261318484e-08,0.000357775056474,0.1136574099946301,3624.9462890625,8468.0,7631.70458984375
darcy,2720,2720,3417,1,1,64,32,32,4.9125265633165334e-08,0.0004327443246032,0.1150323269830551,3624.28662109375,8468.0,7631.70458984375
darcy,2720,2720,3418,1,2,64,32,32,9.156789815278898e-08,0.0006483649410104,0.115090279985452,3624.28662109375,8468.0,7631.70458984375
darcy,2721,2721,3419,1,1,64,32,32,3.326698205796674e-08,0.0002552604406095,0.1146946969965938,3624.9462890625,8468.0,7631.70458984375
darcy,2721,2721,3420,1,2,64,32,32,3.105254720026096e-08,0.000238565504242,0.1141749219968915,3624.9462890625,8468.0,7631.70458984375
darcy,2722,2722,3421,1,1,64,32,32,1.1043675840483048e-07,0.0007123381256148,0.1144471940060611,3624.28662109375,8468.0,7631.70458984375
darcy,2722,2722,3422,1,2,64,32,32,4.1577848719498434e-08,0.0003403645379273,0.113994163024472,3624.28662109375,8468.0,7631.70458984375
darcy,2723,2723,3423,1,1,64,32,32,4.923012042468145e-08,0.0004196975231832,0.1143529510009102,3624.9462890625,8468.0,7631.70458984375
darcy,2723,2723,3424,1,2,64,32,32,7.615208375000293e-08,0.0005801488442501,0.114367291011149,3624.9462890625,8468.0,7631.70458984375
darcy,2724,2724,3425,1,1,64,32,32,2.460676995497124e-08,0.0002168098659891,0.115059336007107,3624.9462890625,8468.0,7631.70458984375
darcy,2724,2724,3426,1,2,64,32,32,2.8349575131869642e-08,0.0002227183951938,0.1143404780013952,3624.9462890625,8468.0,7631.70458984375
darcy,2725,2725,3427,1,1,64,32,32,9.410505441564965e-08,0.00063651010522,0.1145072020008228,3624.28662109375,8468.0,7631.70458984375
darcy,2725,2725,3428,1,2,64,32,32,3.7679424025327535e-08,0.0003007828236336,0.1138481929956469,3624.28662109375,8468.0,7631.70458984375
darcy,2726,2726,3429,1,1,64,32,32,4.87569025153789e-08,0.0004328689019824,0.1144513539911713,3624.9462890625,8468.0,7631.70458984375
darcy,2726,2726,3430,1,2,64,32,32,7.003598767596486e-08,0.0005490371790594,0.1145290459971875,3624.9462890625,8468.0,7631.70458984375
darcy,2727,2727,3431,1,1,64,32,32,2.2996173854039625e-08,0.000164234279846,0.1141233889793511,3624.28662109375,8468.0,7631.70458984375
darcy,2727,2727,3432,1,2,64,32,32,3.5337254900014166e-08,0.0002967372710651,0.1140601479855831,3624.28662109375,8468.0,7631.70458984375
darcy,2728,2728,3433,1,1,64,32,32,8.515107907669518e-08,0.0005895355247883,0.1143874390108976,3624.28662109375,8468.0,7631.70458984375
darcy,2728,2728,3434,1,2,64,32,32,2.7653980438913092e-08,0.000238616993878,0.1139615010179113,3624.28662109375,8468.0,7631.70458984375
darcy,2729,2729,3435,1,1,64,32,32,4.9588173567372e-08,0.0004177933522576,0.116709299996728,3624.9462890625,8468.0,7631.70458984375
darcy,2729,2729,3436,1,2,64,32,32,8.541297802366898e-08,0.0006090469812148,0.1139535650145262,3624.9462890625,8468.0,7631.70458984375
darcy,2730,2730,3437,1,1,64,32,32,2.3919186631360393e-08,0.0001422606820392,0.1147757599828764,3624.9462890625,8468.0,7631.70458984375
darcy,2730,2730,3438,1,2,64,32,32,3.4785067271059233e-08,0.0002994113092559,0.1143111760029569,3624.9462890625,8468.0,7631.70458984375
darcy,2731,2731,3439,1,1,64,32,32,1.0304020747753385e-07,0.0006544017499135,0.1145486010063905,3624.28662109375,8468.0,7631.70458984375
darcy,2731,2731,3440,1,2,64,32,32,3.502184497961025e-08,0.0002920016527853,0.1141342009941581,3624.28662109375,8468.0,7631.70458984375
darcy,2732,2732,3441,1,1,64,32,32,6.081108239186507e-08,0.0004894493558106,0.1146071660041343,3624.9462890625,8468.0,7631.70458984375
darcy,2732,2732,3442,1,2,64,32,32,6.908113903136838e-08,0.0005235708728949,0.114427874010289,3624.9462890625,8468.0,7631.70458984375
darcy,2733,2733,3443,1,1,64,32,32,3.7967598842669765e-08,0.0002801143148347,0.1145210669783409,3624.28662109375,8468.0,7631.70458984375
darcy,2733,2733,3444,1,2,64,32,32,3.1294742797172155e-08,0.000307048047672,0.1142811460013035,3624.28662109375,8468.0,7631.70458984375
darcy,2734,2734,3445,1,1,64,32,32,1.0429032215597545e-07,0.000669592000839,0.1145116949919611,3624.9462890625,8468.0,7631.70458984375
darcy,2734,2734,3446,1,2,64,32,32,4.6265085984487087e-08,0.0003223381149483,0.114055993995862,3624.9462890625,8468.0,7631.70458984375
darcy,2735,2735,3447,1,1,64,32,32,5.1222333041778256e-08,0.0004504111614866,0.114778352988651,3624.28662109375,8468.0,7631.70458984375
darcy,2735,2735,3448,1,2,64,32,32,7.772136711992061e-08,0.0005816042230013,0.1144483009993564,3624.28662109375,8468.0,7631.70458984375
darcy,2736,2736,3449,1,1,64,32,32,3.0589774269174086e-08,0.0002192821431678,0.1141731469833757,3624.9462890625,8468.0,7631.70458984375
darcy,2736,2736,3450,1,2,64,32,32,3.1774387565519646e-08,0.0002550822844129,0.1139280350180342,3624.9462890625,8468.0,7631.70458984375
darcy,2737,2737,3451,1,1,64,32,32,9.635717646006017e-08,0.0006440349081852,0.1142430799955036,3624.9462890625,8468.0,7631.70458984375
darcy,2737,2737,3452,1,2,64,32,32,3.8265273616389095e-08,0.000337113090874,0.1144638420082628,3624.9462890625,8468.0,7631.70458984375
darcy,2738,2738,3453,1,1,64,32,32,4.7278081893864516e-08,0.0004222367640693,0.1156815949943848,3624.28662109375,8468.0,7631.70458984375
darcy,2738,2738,3454,1,2,64,32,32,8.398178863444627e-08,0.0006152744624698,0.1147420420020353,3624.28662109375,8468.0,7631.70458984375
darcy,2739,2739,3455,1,1,64,32,32,2.2658763754179745e-08,0.0001990791524048,0.1142317840130999,3624.9462890625,8468.0,7631.70458984375
darcy,2739,2739,3456,1,2,64,32,32,2.7628303200799564e-08,0.0002393863615646,0.1142765370022971,3624.9462890625,8468.0,7631.70458984375
darcy,2740,2740,3457,1,1,64,32,32,9.68120090760749e-08,0.0006584722585584,0.1141348640085198,3624.28662109375,8468.0,7631.70458984375
darcy,2740,2740,3458,1,2,64,32,32,4.3828265461343114e-08,0.0003708418052053,0.1137957609898876,3624.28662109375,8468.0,7631.70458984375
darcy,2741,2741,3459,1,1,64,32,32,4.29775397492449e-08,0.0003948420551872,0.1147551790054421,3624.28662109375,8468.0,7631.70458984375
darcy,2741,2741,3460,1,2,64,32,32,9.678084467168446e-08,0.0006719153998675,0.1142503109876997,3624.28662109375,8468.0,7631.70458984375
darcy,2742,2742,3461,1,1,64,32,32,3.1793131682889e-08,0.0002986303988266,0.1145129890064708,3624.9462890625,8468.0,7631.70458984375
darcy,2742,2742,3462,1,2,64,32,32,2.7697689475303378e-08,0.0002706201250129,0.1143586210091598,3624.9462890625,8468.0,7631.70458984375
darcy,2743,2743,3463,1,1,64,32,32,1.1593348858696119e-07,0.0007251142861801,0.1143951129924971,3624.9462890625,8468.0,7631.70458984375
darcy,2743,2743,3464,1,2,64,32,32,4.605948333846754e-08,0.0003862584703791,0.1137160249927546,3624.9462890625,8468.0,7631.70458984375
darcy,2744,2744,3465,1,1,64,32,32,4.595860758627168e-08,0.0004180994173181,0.1142359890218358,3624.28662109375,8468.0,7631.70458984375
darcy,2744,2744,3466,1,2,64,32,32,8.105849502726414e-08,0.0005992288051234,0.1138701549789402,3624.28662109375,8468.0,7631.70458984375
darcy,2745,2745,3467,1,1,64,32,32,3.1895847740770484e-08,0.0002959114376285,0.1144283010216895,3624.9462890625,8468.0,7631.70458984375
darcy,2745,2745,3468,1,2,64,32,32,2.4355060190828226e-08,0.000210732476534,0.1140922239865176,3624.9462890625,8468.0,7631.70458984375
darcy,2746,2746,3469,1,1,64,32,32,9.948286106009618e-08,0.0006606608446966,0.1144824460207019,3624.28662109375,8468.0,7631.70458984375
darcy,2746,2746,3470,1,2,64,32,32,4.4405354060472746e-08,0.0003633968354636,0.1141625269956421,3624.28662109375,8468.0,7631.70458984375
darcy,2747,2747,3471,1,1,64,32,32,4.0186101557537774e-08,0.0003654793198352,0.114654889999656,3624.9462890625,8468.0,7631.70458984375
darcy,2747,2747,3472,1,2,64,32,32,7.106777388798946e-08,0.0005614286033263,0.1141917890054173,3624.9462890625,8468.0,7631.70458984375
darcy,2748,2748,3473,1,1,64,32,32,2.6059398194888672e-08,0.0002342833851638,0.1144919730140827,3624.28662109375,8468.0,7631.70458984375
darcy,2748,2748,3474,1,2,64,32,32,2.9157213532471363e-08,0.0002242709257619,0.1144889449933543,3624.28662109375,8468.0,7631.70458984375
darcy,2749,2749,3475,1,1,64,32,32,8.592355982273149e-08,0.0005986956315444,0.1145207099907565,3624.9462890625,8468.0,7631.70458984375
darcy,2749,2749,3476,1,2,64,32,32,3.405634529940471e-08,0.0002929882108801,0.113723927992396,3624.9462890625,8468.0,7631.70458984375
darcy,2750,2750,3477,1,1,64,32,32,4.8359904525341335e-08,0.0004104007714111,0.1142953399976249,3624.9462890625,8468.0,7631.70458984375
darcy,2750,2750,3478,1,2,64,32,32,6.760653548099071e-08,0.0005396653219592,0.11429593100911,3624.9462890625,8468.0,7631.70458984375
darcy,2751,2751,3479,1,1,64,32,32,1.9523548999700324e-08,0.0001433010130282,0.1143712580087594,3624.28662109375,8468.0,7631.70458984375
darcy,2751,2751,3480,1,2,64,32,32,3.729880049263557e-08,0.0002952452511776,0.1142089200147893,3624.28662109375,8468.0,7631.70458984375
darcy,2752,2752,3481,1,1,64,32,32,8.216802882543561e-08,0.0005801546447109,0.1142667359963525,3624.9462890625,8468.0,7631.70458984375
darcy,2752,2752,3482,1,2,64,32,32,2.5975603890060484e-08,0.0002035838931488,0.1139709719864185,3624.9462890625,8468.0,7631.70458984375
darcy,2753,2753,3483,1,1,64,32,32,6.182128231557726e-08,0.0005022150080218,0.1140938480093609,3624.28662109375,8468.0,7631.70458984375
darcy,2753,2753,3484,1,2,64,32,32,5.937898706065426e-08,0.0004814867193593,0.1140347170003224,3624.28662109375,8468.0,7631.70458984375
darcy,2754,2754,3485,1,1,64,32,32,2.0359287589144518e-08,8.1467375642607e-05,0.1144808520039077,3624.28662109375,8468.0,7631.70458984375
darcy,2754,2754,3486,1,2,64,32,32,3.601751785708984e-08,0.0003162981096042,0.1141072350146714,3624.28662109375,8468.0,7631.70458984375
darcy,2755,2755,3487,1,1,64,32,32,8.486659197615155e-08,0.0005826031012006,0.1141575820220168,3624.9462890625,8468.0,7631.70458984375
darcy,2755,2755,3488,1,2,64,32,32,2.329895920638592e-08,0.0001598716854841,0.1141571360058151,3624.9462890625,8468.0,7631.70458984375
darcy,2756,2756,3489,1,1,64,32,32,5.508355727101844e-08,0.0004542401265277,0.1142949609784409,3624.9462890625,8468.0,7631.70458984375
darcy,2756,2756,3490,1,2,64,32,32,7.209175123534807e-08,0.0005519956482569,0.1143916329892817,3624.9462890625,8468.0,7631.70458984375
darcy,2757,2757,3491,1,1,64,32,32,2.3911120194952676e-08,0.0001411125644259,0.1146408500208053,3624.28662109375,8468.0,7631.70458984375
darcy,2757,2757,3492,1,2,64,32,32,3.887550192871458e-08,0.0003410887304475,0.1137835579866077,3624.28662109375,8468.0,7631.70458984375
darcy,2758,2758,3493,1,1,64,32,32,1.0264425043260417e-07,0.0006612902788996,0.1145712900033686,3624.9462890625,8468.0,7631.70458984375
darcy,2758,2758,3494,1,2,64,32,32,3.674078996596109e-08,0.0002675992272002,0.1138143510033842,3624.9462890625,8468.0,7631.70458984375
darcy,2759,2759,3495,1,1,64,32,32,5.7074320380934296e-08,0.0004790334204928,0.1144745939818676,3624.28662109375,8468.0,7631.70458984375
darcy,2759,2759,3496,1,2,64,32,32,9.30265358078941e-08,0.0006379346017703,0.1143256069917697,3624.28662109375,8468.0,7631.70458984375
darcy,2760,2760,3497,1,1,64,32,32,3.7744221970115184e-08,0.0002772610397333,0.1144604790024459,3624.9462890625,8468.0,7631.70458984375
darcy,2760,2760,3498,1,2,64,32,32,4.43936478689011e-08,0.0003983873207412,0.1143472129770089,3624.9462890625,8468.0,7631.70458984375
darcy,2761,2761,3499,1,1,64,32,32,1.2339495469859685e-07,0.0007508476186309,0.1143493049894459,3624.28662109375,8468.0,7631.70458984375
darcy,2761,2761,3500,1,2,64,32,32,3.813668314478491e-08,0.0002786108748545,0.1143208270077593,3624.28662109375,8468.0,7631.70458984375
darcy,2762,2762,3501,1,1,64,32,32,6.042156996954874e-08,0.0004958583229244,0.1143124540103599,3624.9462890625,8468.0,7631.70458984375
darcy,2762,2762,3502,1,2,64,32,32,9.159354164012257e-08,0.0006466329553212,0.1139526310143992,3624.9462890625,8468.0,7631.70458984375
darcy,2763,2763,3503,1,1,64,32,32,2.4872962356425887e-08,0.0001812162778211,0.1143404569884296,3624.9462890625,8468.0,7631.70458984375
darcy,2763,2763,3504,1,2,64,32,32,3.193664710465782e-08,0.0002455200751104,0.1138072109897621,3624.9462890625,8468.0,7631.70458984375
darcy,2764,2764,3505,1,1,64,32,32,1.0517146620259157e-07,0.0006870488342366,0.1151690509868785,3624.28662109375,8468.0,7631.70458984375
darcy,2764,2764,3506,1,2,64,32,32,4.1196585698344286e-08,0.0003526099551767,0.1146962670027278,3624.28662109375,8468.0,7631.70458984375
darcy,2765,2765,3507,1,1,64,32,32,4.978502943231433e-08,0.0004266973886951,0.1146947179804556,3624.9462890625,8468.0,7631.70458984375
darcy,2765,2765,3508,1,2,64,32,32,8.378319193980134e-08,0.0006078718329946,0.1146533759892918,3624.9462890625,8468.0,7631.70458984375
darcy,2766,2766,3509,1,1,64,32,32,3.09851877489109e-08,0.0002822678409163,0.1147635939996689,3624.28662109375,8468.0,7631.70458984375
darcy,2766,2766,3510,1,2,64,32,32,3.4146193428341576e-08,0.0003077773024374,0.1143300420080777,3624.28662109375,8468.0,7631.70458984375
darcy,2767,2767,3511,1,1,64,32,32,1.0173975084626365e-07,0.0006703446866633,0.1144925069820601,3624.28662109375,8468.0,7631.70458984375
darcy,2767,2767,3512,1,2,64,32,32,3.9655311923070264e-08,0.0003264938621679,0.1142522029986139,3624.28662109375,8468.0,7631.70458984375
darcy,2768,2768,3513,1,1,64,32,32,5.3137565458882825e-08,0.0004597334355971,0.1146872820099815,3624.9462890625,8468.0,7631.70458984375
darcy,2768,2768,3514,1,2,64,32,32,7.681752123289699e-08,0.0005915009462275,0.1141723940090742,3624.9462890625,8468.0,7631.70458984375
darcy,2769,2769,3515,1,1,64,32,32,2.53357956836453e-08,0.0001962286695364,0.1144213629886508,3624.9462890625,8468.0,7631.70458984375
darcy,2769,2769,3516,1,2,64,32,32,3.6008792392294715e-08,0.0002969885102496,0.1158490740053821,3624.9462890625,8468.0,7631.70458984375
darcy,2770,2770,3517,1,1,64,32,32,8.426033559771896e-08,0.000602746505898,0.1146489689999725,3624.28662109375,8468.0,7631.70458984375
darcy,2770,2770,3518,1,2,64,32,32,3.3698309920282554e-08,0.0002800817272288,0.1138669670035597,3624.28662109375,8468.0,7631.70458984375
darcy,2771,2771,3519,1,1,64,32,32,5.22422638482567e-08,0.0004297892595103,0.1145741850195918,3624.9462890625,8468.0,7631.70458984375
darcy,2771,2771,3520,1,2,64,32,32,7.209830243937176e-08,0.0005617458784297,0.1142828699958045,3624.9462890625,8468.0,7631.70458984375
darcy,2772,2772,3521,1,1,64,32,32,2.38102799698936e-08,0.0001849938968511,0.1142500739952083,3624.28662109375,8468.0,7631.70458984375
darcy,2772,2772,3522,1,2,64,32,32,3.742329823808177e-08,0.000313004944907,0.1143522680213209,3624.28662109375,8468.0,7631.70458984375
darcy,2773,2773,3523,1,1,64,32,32,9.677076207026405e-08,0.000638323454228,0.1148178770090453,3624.9462890625,8468.0,7631.70458984375
darcy,2773,2773,3524,1,2,64,32,32,3.0270900452933354e-08,0.0002261397185764,0.1144652670191135,3624.9462890625,8468.0,7631.70458984375
darcy,2774,2774,3525,1,1,64,32,32,5.7867705294256666e-08,0.000465284407784,0.1146561710047535,3624.28662109375,8468.0,7631.70458984375
darcy,2774,2774,3526,1,2,64,32,32,7.198021023668845e-08,0.0005498519168623,0.1144385370134841,3624.28662109375,8468.0,7631.70458984375
darcy,2775,2775,3527,1,1,64,32,32,1.9088338021333584e-08,0.0001487523577188,0.1144453819724731,3624.9462890625,8468.0,7631.70458984375
darcy,2775,2775,3528,1,2,64,32,32,3.577634188900447e-08,0.0003162448420648,0.113962517993059,3624.9462890625,8468.0,7631.70458984375
darcy,2776,2776,3529,1,1,64,32,32,9.679924772854065e-08,0.0006296600148566,0.11480295000365,3624.9462890625,8468.0,7631.70458984375
darcy,2776,2776,3530,1,2,64,32,32,2.98208924220944e-08,0.0002300312748897,0.1141439140192233,3624.9462890625,8468.0,7631.70458984375
darcy,2777,2777,3531,1,1,64,32,32,5.409984993320904e-08,0.0004626657825031,0.1147107849828898,3624.28662109375,8468.0,7631.70458984375
darcy,2777,2777,3532,1,2,64,32,32,8.27765305189132e-08,0.0005923108956677,0.1141957860090769,3624.28662109375,8468.0,7631.70458984375
darcy,2778,2778,3533,1,1,64,32,32,2.19037517013021e-08,0.0001261342436207,0.1143171149888075,3624.9462890625,8468.0,7631.70458984375
darcy,2778,2778,3534,1,2,64,32,32,2.855748348906673e-08,0.0002645870759371,0.1144039220234844,3624.9462890625,8468.0,7631.70458984375
darcy,2779,2779,3535,1,1,64,32,32,1.0278242257300009e-07,0.0006710719872516,0.1145109329954721,3624.28662109375,8468.0,7631.70458984375
darcy,2779,2779,3536,1,2,64,32,32,3.83595057940056e-08,0.0002884734894632,0.1140998330083675,3624.28662109375,8468.0,7631.70458984375
darcy,2780,2780,3537,1,1,64,32,32,4.9065818075177965e-08,0.0004332228306807,0.1148342789965681,3624.28662109375,8468.0,7631.70458984375
darcy,2780,2780,3538,1,2,64,32,32,9.330748440561365e-08,0.0006383343558341,0.1144002359942533,3624.28662109375,8468.0,7631.70458984375
darcy,2781,2781,3539,1,1,64,32,32,3.0636041259413105e-08,0.0002319826552571,0.1147134180064313,3624.9462890625,8468.0,7631.70458984375
darcy,2781,2781,3540,1,2,64,32,32,3.3996407466929674e-08,0.0003038143157695,0.1140974219888448,3624.9462890625,8468.0,7631.70458984375
darcy,2782,2782,3541,1,1,64,32,32,1.1624942430898957e-07,0.0007244408812989,0.1141373199934605,3624.9462890625,8468.0,7631.70458984375
darcy,2782,2782,3542,1,2,64,32,32,3.8189330808791055e-08,0.0003177921973687,0.1140061259793583,3624.9462890625,8468.0,7631.70458984375
darcy,2783,2783,3543,1,1,64,32,32,5.3262528609820954e-08,0.0004513147822344,0.1146203689859248,3624.28662109375,8468.0,7631.70458984375
darcy,2783,2783,3544,1,2,64,32,32,8.180485622233391e-08,0.0006031688185397,0.114021303015761,3624.28662109375,8468.0,7631.70458984375
darcy,2784,2784,3545,1,1,64,32,32,3.397041936636924e-08,0.0002825483660654,0.1145430670003406,3624.9462890625,8468.0,7631.70458984375
darcy,2784,2784,3546,1,2,64,32,32,2.7373165067956503e-08,0.0002413380946279,0.1143870939849875,3624.9462890625,8468.0,7631.70458984375
darcy,2785,2785,3547,1,1,64,32,32,1.0299802255531176e-07,0.0006778625740267,0.1146398799901362,3624.28662109375,8468.0,7631.70458984375
darcy,2785,2785,3548,1,2,64,32,32,5.2864720601064625e-08,0.0004158893341656,0.1144416390161495,3624.28662109375,8468.0,7631.70458984375
darcy,2786,2786,3549,1,1,64,32,32,4.1432116404394044e-08,0.0003777694761149,0.1143335519882384,3624.9462890625,8468.0,7631.70458984375
darcy,2786,2786,3550,1,2,64,32,32,8.947817065063647e-08,0.0006358352090044,0.1142759619979187,3624.9462890625,8468.0,7631.70458984375
darcy,2787,2787,3551,1,1,64,32,32,3.5335787629264814e-08,0.0003286894539241,0.1146433659887407,3624.28662109375,8468.0,7631.70458984375
darcy,2787,2787,3552,1,2,64,32,32,3.6269359071638974e-08,0.0003019526165118,0.1143087430100422,3624.28662109375,8468.0,7631.70458984375
darcy,2788,2788,3553,1,1,64,32,32,1.0045427245586325e-07,0.0006671437429878,0.1146600340143777,3624.9462890625,8468.0,7631.70458984375
darcy,2788,2788,3554,1,2,64,32,32,3.5206674908749847e-08,0.000282503363507,0.1142889309849124,3624.9462890625,8468.0,7631.70458984375
darcy,2789,2789,3555,1,1,64,32,32,5.1239474885278475e-08,0.0004409821488542,0.1146621929947286,3624.9462890625,8468.0,7631.70458984375
darcy,2789,2789,3556,1,2,64,32,32,6.242393624233955e-08,0.0005130517528603,0.1145324760000221,3624.9462890625,8468.0,7631.70458984375
darcy,2790,2790,3557,1,1,64,32,32,2.3627901413192376e-08,0.0001452717070635,0.1145931969804223,3624.28662109375,8468.0,7631.70458984375
darcy,2790,2790,3558,1,2,64,32,32,3.5111103358076434e-08,0.000277971904497,0.1141823100042529,3624.28662109375,8468.0,7631.70458984375
darcy,2791,2791,3559,1,1,64,32,32,7.097319354443243e-08,0.0005404433976509,0.1140507899981457,3624.9462890625,8468.0,7631.70458984375
darcy,2791,2791,3560,1,2,64,32,32,2.8826702802575713e-08,0.0001910454260821,0.1139064599992707,3624.9462890625,8468.0,7631.70458984375
darcy,2792,2792,3561,1,1,64,32,32,5.526024438040623e-08,0.0004496652537035,0.1142540270229801,3624.28662109375,8468.0,7631.70458984375
darcy,2792,2792,3562,1,2,64,32,32,5.6735750320058294e-08,0.0004814053156811,0.1142891120107378,3624.28662109375,8468.0,7631.70458984375
darcy,2793,2793,3563,1,1,64,32,32,2.2096550367223244e-08,3.044941260590288e-05,0.1146822099981363,3624.28662109375,8468.0,7631.70458984375
darcy,2793,2793,3564,1,2,64,32,32,3.822275118636753e-08,0.0002983062149443,0.1141314340056851,3624.28662109375,8468.0,7631.70458984375
darcy,2794,2794,3565,1,1,64,32,32,6.376475880642829e-08,0.0004899056506554,0.1144611159979831,3624.9462890625,8468.0,7631.70458984375
darcy,2794,2794,3566,1,2,64,32,32,2.4806270815247444e-08,0.0001759778836954,0.1139441650011576,3624.9462890625,8468.0,7631.70458984375
darcy,2795,2795,3567,1,1,64,32,32,5.2640405812098834e-08,0.0004372948155388,0.1145752589800395,3624.9462890625,8468.0,7631.70458984375
darcy,2795,2795,3568,1,2,64,32,32,7.335747653769431e-08,0.0005483135273459,0.1140897769946605,3624.9462890625,8468.0,7631.70458984375
darcy,2796,2796,3569,1,1,64,32,32,1.9659704975083517e-08,7.367939615086795e-05,0.1146738360112067,3624.28662109375,8468.0,7631.70458984375
darcy,2796,2796,3570,1,2,64,32,32,3.9955448727369e-08,0.0003439241184833,0.1139792469912208,3624.28662109375,8468.0,7631.70458984375
darcy,2797,2797,3571,1,1,64,32,32,9.833075864662533e-08,0.0006307524087099,0.1145443330169655,3624.9462890625,8468.0,7631.70458984375
darcy,2797,2797,3572,1,2,64,32,32,2.6496916660789797e-08,0.0001626991105559,0.1147019519994501,3624.9462890625,8468.0,7631.70458984375
darcy,2798,2798,3573,1,1,64,32,32,6.369119631699506e-08,0.0005062914617436,0.1143346460012253,3624.28662109375,8468.0,7631.70458984375
darcy,2798,2798,3574,1,2,64,32,32,7.066054052984327e-08,0.0005440198603315,0.1145223219937179,3624.28662109375,8468.0,7631.70458984375
darcy,2799,2799,3575,1,1,64,32,32,2.634808993207116e-08,0.0001535426654865,0.1145615170244127,3624.9462890625,8468.0,7631.70458984375
darcy,2799,2799,3576,1,2,64,32,32,3.7855674150932834e-08,0.0003510094076009,0.1142105420003645,3624.9462890625,8468.0,7631.70458984375
darcy,2800,2800,3577,1,1,64,32,32,1.070630872845868e-07,0.0006824962927527,0.1144805299991276,3624.28662109375,8468.0,7631.70458984375
darcy,2800,2800,3578,1,2,64,32,32,3.44195711932116e-08,0.0002431720082943,0.1143253920017741,3624.28662109375,8468.0,7631.70458984375
darcy,2801,2801,3579,1,1,64,32,32,6.66997692633231e-08,0.0005288330863203,0.1149379900016356,3624.9462890625,8468.0,7631.70458984375
darcy,2801,2801,3580,1,2,64,32,32,7.29930320630956e-08,0.0005656663436937,0.1141805890074465,3624.9462890625,8468.0,7631.70458984375
darcy,2802,2802,3581,1,1,64,32,32,3.0762752345481204e-08,0.0002030983221628,0.1152682240062858,3624.9462890625,8468.0,7631.70458984375
darcy,2802,2802,3582,1,2,64,32,32,3.4697773543257426e-08,0.0002985670799671,0.1148651819967199,3624.9462890625,8468.0,7631.70458984375
darcy,2803,2803,3583,1,1,64,32,32,1.0251197579691509e-07,0.0006889398766307,0.1144014069868717,3624.28662109375,8468.0,7631.70458984375
darcy,2803,2803,3584,1,2,64,32,32,4.0742186513398344e-08,0.0003199915421466,0.1145115490071475,3624.28662109375,8468.0,7631.70458984375
darcy,2804,2804,3585,1,1,64,32,32,5.163773408867201e-08,0.0004374131023346,0.1148469379986636,3624.9462890625,8468.0,7631.70458984375
darcy,2804,2804,3586,1,2,64,32,32,8.997270128929814e-08,0.0006351885034572,0.1143233150069136,3624.9462890625,8468.0,7631.70458984375
darcy,2805,2805,3587,1,1,64,32,32,2.7356145793078213e-08,0.0002508189362936,0.1144198120164219,3624.28662109375,8468.0,7631.70458984375
darcy,2805,2805,3588,1,2,64,32,32,3.221260769237233e-08,0.0002621972983491,0.1139982230088207,3624.28662109375,8468.0,7631.70458984375
darcy,2806,2806,3589,1,1,64,32,32,1.0568836472657497e-07,0.0006829091200287,0.1141088840086013,3624.28662109375,8468.0,7631.70458984375
darcy,2806,2806,3590,1,2,64,32,32,4.5406622461996455e-08,0.0003924560743411,0.1140157030022237,3624.28662109375,8468.0,7631.70458984375
darcy,2807,2807,3591,1,1,64,32,32,4.275974418987971e-08,0.0003865870264111,0.1145603830227628,3624.9462890625,8468.0,7631.70458984375
darcy,2807,2807,3592,1,2,64,32,32,9.56567305365752e-08,0.0006683103443503,0.1139970509975683,3624.9462890625,8468.0,7631.70458984375
darcy,2808,2808,3593,1,1,64,32,32,3.5056064717764463e-08,0.0003303422266372,0.1143324279983062,3624.9462890625,8468.0,7631.70458984375
darcy,2808,2808,3594,1,2,64,32,32,3.158715955464686e-08,0.0002994841844351,0.1139301310176961,3624.9462890625,8468.0,7631.70458984375
darcy,2809,2809,3595,1,1,64,32,32,1.0590238730401325e-07,0.000692056012247,0.1146803160081617,3624.28662109375,8468.0,7631.70458984375
darcy,2809,2809,3596,1,2,64,32,32,4.672136100225544e-08,0.0003673373709308,0.1142975469992961,3624.28662109375,8468.0,7631.70458984375
darcy,2810,2810,3597,1,1,64,32,32,4.50122534800812e-08,0.0004093456576308,0.1143429900112096,3624.9462890625,8468.0,7631.70458984375
darcy,2810,2810,3598,1,2,64,32,32,7.289489190043241e-08,0.0005691868088146,0.1138105099962558,3624.9462890625,8468.0,7631.70458984375
darcy,2811,2811,3599,1,1,64,32,32,3.2810472561095594e-08,0.0002585048497662,0.1145545830077026,3624.28662109375,8468.0,7631.70458984375
darcy,2811,2811,3600,1,2,64,32,32,2.7673660696336814e-08,0.0002209662964878,0.1137234280176926,3624.28662109375,8468.0,7631.70458984375
darcy,2812,2812,3601,1,1,64,32,32,8.424063224765632e-08,0.0006000571860693,0.1146337030222639,3624.9462890625,8468.0,7631.70458984375
darcy,2812,2812,3602,1,2,64,32,32,3.9221877301542924e-08,0.000303652794053,0.1143606769910547,3624.9462890625,8468.0,7631.70458984375
darcy,2813,2813,3603,1,1,64,32,32,4.816935117446519e-08,0.0003900905242321,0.1142724289966281,3624.28662109375,8468.0,7631.70458984375
darcy,2813,2813,3604,1,2,64,32,32,6.516578565651798e-08,0.0005170873275155,0.1139478840050287,3624.28662109375,8468.0,7631.70458984375
darcy,2814,2814,3605,1,1,64,32,32,2.5182409046919932e-08,0.000122705476341,0.1146097260061651,3624.9462890625,8468.0,7631.70458984375
darcy,2814,2814,3606,1,2,64,32,32,3.7543205877454966e-08,0.0002659511604909,0.114487884013215,3624.9462890625,8468.0,7631.70458984375
darcy,2815,2815,3607,1,1,64,32,32,6.289725718033878e-08,0.0005017801631732,0.1141329540114384,3624.9462890625,8468.0,7631.70458984375
darcy,2815,2815,3608,1,2,64,32,32,2.943902899232853e-08,0.0002193812576798,0.1141514110204298,3624.9462890625,8468.0,7631.70458984375
darcy,2816,2816,3609,1,1,64,32,32,5.745564024550732e-08,0.0004510669495546,0.1144049059948884,3624.28662109375,8468.0,7631.70458984375
darcy,2816,2816,3610,1,2,64,32,32,6.12457071724748e-08,0.0004834020221202,0.1160250660032033,3624.28662109375,8468.0,7631.70458984375
darcy,2817,2817,3611,1,1,64,32,32,1.8538653279165374e-08,3.742792975647637e-05,0.1144258589774835,3624.9462890625,8468.0,7631.70458984375
darcy,2817,2817,3612,1,2,64,32,32,3.5506982243305174e-08,0.0002979883526832,0.113959740003338,3624.9462890625,8468.0,7631.70458984375
darcy,2818,2818,3613,1,1,64,32,32,7.926632150656587e-08,0.0005518618043668,0.1176723369862884,3624.28662109375,8468.0,7631.70458984375
darcy,2818,2818,3614,1,2,64,32,32,2.4588329594621428e-08,0.00012996376583,0.1163271550030913,3624.28662109375,8468.0,7631.70458984375
darcy,2819,2819,3615,1,1,64,32,32,6.878524061448843e-08,0.0005340907216996,0.1161035489931237,3624.28662109375,8468.0,7631.70458984375
darcy,2819,2819,3616,1,2,64,32,32,4.786474150364484e-08,0.0004119258118723,0.1162118250213097,3624.28662109375,8468.0,7631.70458984375
darcy,2820,2820,3617,1,1,64,32,32,2.3276035321373456e-08,9.008459006604992e-05,0.1179515559924766,3624.9462890625,8468.0,7631.70458984375
darcy,2820,2820,3618,1,2,64,32,32,3.7518795181767934e-08,0.0003347128586108,0.1167905069887638,3624.9462890625,8468.0,7631.70458984375
darcy,2821,2821,3619,1,1,64,32,32,8.96177283493671e-08,0.0006014914871827,0.1143407619965728,3624.9462890625,8468.0,7631.70458984375
darcy,2821,2821,3620,1,2,64,32,32,2.98087101668898e-08,0.0001748381131943,0.1143240699893795,3624.9462890625,8468.0,7631.70458984375
darcy,2822,2822,3621,1,1,64,32,32,6.089148030241631e-08,0.0004945687901098,0.1145355310000013,3624.28662109375,8468.0,7631.70458984375
darcy,2822,2822,3622,1,2,64,32,32,7.552203129534973e-08,0.0005597256065565,0.1139271839929279,3624.28662109375,8468.0,7631.70458984375
darcy,2823,2823,3623,1,1,64,32,32,3.1402624500742604e-08,0.0001800606637853,0.1146512679988518,3624.9462890625,8468.0,7631.70458984375
darcy,2823,2823,3624,1,2,64,32,32,4.1124241789702864e-08,0.0003664110220107,0.1149039079900831,3624.9462890625,8468.0,7631.70458984375
darcy,2824,2824,3625,1,1,64,32,32,1.0659489646513977e-07,0.0006887851312088,0.1146816319960635,3624.28662109375,8468.0,7631.70458984375
darcy,2824,2824,3626,1,2,64,32,32,3.390848490880671e-08,0.0002584283873063,0.1144038499915041,3624.28662109375,8468.0,7631.70458984375
darcy,2825,2825,3627,1,1,64,32,32,5.981932105214582e-08,0.0004916542658894,0.1174154470209032,3624.9462890625,8468.0,7631.70458984375
darcy,2825,2825,3628,1,2,64,32,32,8.373205417910867e-08,0.0006013411615516,0.1144062929961364,3624.9462890625,8468.0,7631.70458984375
darcy,2826,2826,3629,1,1,64,32,32,2.7916026823504584e-08,0.0002138293111965,0.1144116810173727,3624.28662109375,8468.0,7631.70458984375
darcy,2826,2826,3630,1,2,64,32,32,3.548003846276515e-08,0.0002940957593842,0.1140592789743095,3624.28662109375,8468.0,7631.70458984375
darcy,2827,2827,3631,1,1,64,32,32,9.813593493390729e-08,0.0006612658543407,0.1145772589952685,3624.9462890625,8468.0,7631.70458984375
darcy,2827,2827,3632,1,2,64,32,32,4.249470819672752e-08,0.0003401493039719,0.1144444950041361,3624.9462890625,8468.0,7631.70458984375
darcy,2828,2828,3633,1,1,64,32,32,4.5737770903997443e-08,0.000401763130801,0.114174735994311,3624.9462890625,8468.0,7631.70458984375
darcy,2828,2828,3634,1,2,64,32,32,9.135153078432269e-08,0.000646534001656,0.1142534519894979,3624.9462890625,8468.0,7631.70458984375
darcy,2829,2829,3635,1,1,64,32,32,2.3790825309788488e-08,0.0001978096325482,0.114535094005987,3624.28662109375,8468.0,7631.70458984375
darcy,2829,2829,3636,1,2,64,32,32,2.6444697098781944e-08,0.000198759405104,0.1143341699789743,3624.28662109375,8468.0,7631.70458984375
darcy,2830,2830,3637,1,1,64,32,32,9.891705587961043e-08,0.0006611621089714,0.1145302230142988,3624.9462890625,8468.0,7631.70458984375
darcy,2830,2830,3638,1,2,64,32,32,4.4612448846237385e-08,0.0003633148965008,0.114655807003146,3624.9462890625,8468.0,7631.70458984375
darcy,2831,2831,3639,1,1,64,32,32,4.3482859979349087e-08,0.0003898986342138,0.1145664869982283,3624.28662109375,8468.0,7631.70458984375
darcy,2831,2831,3640,1,2,64,32,32,8.118977490312319e-08,0.0006101836300811,0.1143483289924915,3624.28662109375,8468.0,7631.70458984375
darcy,2832,2832,3641,1,1,64,32,32,2.8191230683205504e-08,0.0002325389147027,0.1142345370026305,3624.28662109375,8468.0,7631.70458984375
darcy,2832,2832,3642,1,2,64,32,32,3.2936171123765234e-08,0.0002629992834087,0.1145853989874012,3624.28662109375,8468.0,7631.70458984375
darcy,2833,2833,3643,1,1,64,32,32,8.795725392474196e-08,0.0006162290743637,0.1149933979904744,3624.9462890625,8468.0,7631.70458984375
darcy,2833,2833,3644,1,2,64,32,32,3.790951197402137e-08,0.0003146459185224,0.1144764979835599,3624.9462890625,8468.0,7631.70458984375
darcy,2834,2834,3645,1,1,64,32,32,4.7964437754899336e-08,0.0004183132710957,0.1145859720127191,3624.9462890625,8468.0,7631.70458984375
darcy,2834,2834,3646,1,2,64,32,32,7.36861451855475e-08,0.0005593258050839,0.1145109480130486,3624.9462890625,8468.0,7631.70458984375
darcy,2835,2835,3647,1,1,64,32,32,2.2288800138881012e-08,0.0001899145082043,0.1142852490011137,3624.28662109375,8468.0,7631.70458984375
darcy,2835,2835,3648,1,2,64,32,32,3.3505997976135404e-08,0.0002831846436758,0.1137697630038019,3624.28662109375,8468.0,7631.70458984375
darcy,2836,2836,3649,1,1,64,32,32,9.063716532864421e-08,0.0006203999618627,0.1143479300080798,3624.9462890625,8468.0,7631.70458984375
darcy,2836,2836,3650,1,2,64,32,32,2.96218782835922e-08,0.0002356625884718,0.1143342680006753,3624.9462890625,8468.0,7631.70458984375
darcy,2837,2837,3651,1,1,64,32,32,5.129120239644181e-08,0.0004388864709011,0.1143534399743657,3624.28662109375,8468.0,7631.70458984375
darcy,2837,2837,3652,1,2,64,32,32,7.376090849220418e-08,0.000545564000574,0.1139064930030144,3624.28662109375,8468.0,7631.70458984375
darcy,2838,2838,3653,1,1,64,32,32,2.251337782865903e-08,0.0001579592461043,0.1144530219899024,3624.9462890625,8468.0,7631.70458984375
darcy,2838,2838,3654,1,2,64,32,32,3.130846337739968e-08,0.0002961749749348,0.1143739650142379,3624.9462890625,8468.0,7631.70458984375
darcy,2839,2839,3655,1,1,64,32,32,9.950493762289625e-08,0.000633609291403,0.1142764750111382,3624.28662109375,8468.0,7631.70458984375
darcy,2839,2839,3656,1,2,64,32,32,3.6626190080824024e-08,0.0002611036615919,0.1139576389978174,3624.28662109375,8468.0,7631.70458984375
darcy,2840,2840,3657,1,1,64,32,32,5.828316673728296e-08,0.0004756414265703,0.1141119569947477,3624.9462890625,8468.0,7631.70458984375
darcy,2840,2840,3658,1,2,64,32,32,7.298993409676768e-08,0.0005417133010339,0.1141319110174663,3624.9462890625,8468.0,7631.70458984375
darcy,2841,2841,3659,1,1,64,32,32,2.4437360579554482e-08,0.0001733454831469,0.1146932029805611,3624.9462890625,8468.0,7631.70458984375
darcy,2841,2841,3660,1,2,64,32,32,2.7895900700514176e-08,0.0002168994746671,0.1152603609953075,3624.9462890625,8468.0,7631.70458984375
darcy,2842,2842,3661,1,1,64,32,32,9.852789872866197e-08,0.0006545373751322,0.1143722550186794,3624.28662109375,8468.0,7631.70458984375
darcy,2842,2842,3662,1,2,64,32,32,5.2856790944133536e-08,0.0003700239480991,0.1140723820135463,3624.28662109375,8468.0,7631.70458984375
darcy,2843,2843,3663,1,1,64,32,32,5.1350433238894766e-08,0.0004366432855123,0.114258395973593,3624.9462890625,8468.0,7631.70458984375
darcy,2843,2843,3664,1,2,64,32,32,7.652700162452676e-08,0.0005766244155678,0.1141456390032544,3624.9462890625,8468.0,7631.70458984375
darcy,2844,2844,3665,1,1,64,32,32,3.838207263129334e-08,0.0002970458466451,0.1138461010123137,3624.28662109375,8468.0,7631.70458984375
darcy,2844,2844,3666,1,2,64,32,32,3.118662306178521e-08,0.0002435196602522,0.1136120289738755,3624.28662109375,8468.0,7631.70458984375
darcy,2845,2845,3667,1,1,64,32,32,1.0897937841036764e-07,0.0006995404514569,0.1142616650031413,3624.28662109375,8468.0,7631.70458984375
darcy,2845,2845,3668,1,2,64,32,32,4.4195211046371696e-08,0.0003438517167105,0.1137028939847368,3624.28662109375,8468.0,7631.70458984375
darcy,2846,2846,3669,1,1,64,32,32,4.636656925072202e-08,0.0003936659930987,0.1139848830061964,3624.9462890625,8468.0,7631.70458984375
darcy,2846,2846,3670,1,2,64,32,32,7.537447999084179e-08,0.0005721324007069,0.1140811189834494,3624.9462890625,8468.0,7631.70458984375
darcy,2847,2847,3671,1,1,64,32,32,2.954374878072485e-08,0.000256696453303,0.1138671530061401,3624.9462890625,8468.0,7631.70458984375
darcy,2847,2847,3672,1,2,64,32,32,2.759682793396223e-08,0.0002060776205046,0.1135254380060359,3624.9462890625,8468.0,7631.70458984375
darcy,2848,2848,3673,1,1,64,32,32,9.650185717191563e-08,0.000648750974462,0.1140809380158316,3624.28662109375,8468.0,7631.70458984375
darcy,2848,2848,3674,1,2,64,32,32,3.8485509890051623e-08,0.0003132504909027,0.1138877869816497,3624.28662109375,8468.0,7631.70458984375
darcy,2849,2849,3675,1,1,64,32,32,4.321964297560044e-08,0.000395746767468,0.1140179520007222,3624.9462890625,8468.0,7631.70458984375
darcy,2849,2849,3676,1,2,64,32,32,6.553550235821605e-08,0.0005215768239033,0.1139506000035908,3624.9462890625,8468.0,7631.70458984375
darcy,2850,2850,3677,1,1,64,32,32,2.6879837022875108e-08,0.0002069106667968,0.1144488049903884,3624.28662109375,8468.0,7631.70458984375
darcy,2850,2850,3678,1,2,64,32,32,2.9084157304737346e-08,0.0002471063207649,0.114333778998116,3624.28662109375,8468.0,7631.70458984375
darcy,2851,2851,3679,1,1,64,32,32,8.324913380874932e-08,0.0005794800080199,0.1142612510011531,3624.9462890625,8468.0,7631.70458984375
darcy,2851,2851,3680,1,2,64,32,32,2.917044028549753e-08,0.0002288080447687,0.1141348909877706,3624.9462890625,8468.0,7631.70458984375
darcy,2852,2852,3681,1,1,64,32,32,5.1323887362286775e-08,0.0004307976140748,0.1143516270094551,3624.28662109375,8468.0,7631.70458984375
darcy,2852,2852,3682,1,2,64,32,32,5.74085845528316e-08,0.0004864122631869,0.1141856089816428,3624.28662109375,8468.0,7631.70458984375
darcy,2853,2853,3683,1,1,64,32,32,1.9722497412999477e-08,6.526840898155445e-05,0.1144496229826472,3624.9462890625,8468.0,7631.70458984375
darcy,2853,2853,3684,1,2,64,32,32,3.505871148945516e-08,0.0002667132812824,0.114233295986196,3624.9462890625,8468.0,7631.70458984375
darcy,2854,2854,3685,1,1,64,32,32,6.450322587170376e-08,0.0005018121907753,0.1142072659858968,3624.9462890625,8468.0,7631.70458984375
darcy,2854,2854,3686,1,2,64,32,32,2.623941064427981e-08,0.0001721260741315,0.1140769160119816,3624.9462890625,8468.0,7631.70458984375
darcy,2855,2855,3687,1,1,64,32,32,4.83873456857964e-08,0.0004132982537723,0.114737066993257,3624.28662109375,8468.0,7631.70458984375
darcy,2855,2855,3688,1,2,64,32,32,6.31492014235846e-08,0.000500699845641,0.1140619910147506,3624.28662109375,8468.0,7631.70458984375
darcy,2856,2856,3689,1,1,64,32,32,1.9014589014432204e-08,4.402732935845028e-05,0.1146381959842983,3624.9462890625,8468.0,7631.70458984375
darcy,2856,2856,3690,1,2,64,32,32,3.439772910951433e-08,0.000278511347976,0.1142123320023529,3624.9462890625,8468.0,7631.70458984375
darcy,2857,2857,3691,1,1,64,32,32,8.396206396810157e-08,0.0005643318414023,0.1139582679898012,3624.28662109375,8468.0,7631.70458984375
darcy,2857,2857,3692,1,2,64,32,32,2.4064625847586285e-08,0.0001618793284871,0.1142836849903687,3624.28662109375,8468.0,7631.70458984375
darcy,2858,2858,3693,1,1,64,32,32,5.6470394582675e-08,0.0004525402601915,0.1139263229852076,3624.28662109375,8468.0,7631.70458984375
darcy,2858,2858,3694,1,2,64,32,32,6.692974352517922e-08,0.0005014865370373,0.1138718250149395,3624.28662109375,8468.0,7631.70458984375
darcy,2859,2859,3695,1,1,64,32,32,2.0588240445817974e-08,0.0001018550350412,0.1139718829945195,3624.9462890625,8468.0,7631.70458984375
darcy,2859,2859,3696,1,2,64,32,32,2.8802528362348312e-08,0.0002691081731518,0.1138775300059933,3624.9462890625,8468.0,7631.70458984375
darcy,2860,2860,3697,1,1,64,32,32,9.289053082284229e-08,0.0006104226813862,0.1137927300005685,3624.9462890625,8468.0,7631.70458984375
darcy,2860,2860,3698,1,2,64,32,32,3.6882411791339116e-08,0.0002494762239379,0.113532939023571,3624.9462890625,8468.0,7631.70458984375
darcy,2861,2861,3699,1,1,64,32,32,5.362693755728287e-08,0.000465166843193,0.1142404389975126,3624.28662109375,8468.0,7631.70458984375
darcy,2861,2861,3700,1,2,64,32,32,7.480080910227117e-08,0.0005506085630194,0.1140413979883305,3624.28662109375,8468.0,7631.70458984375
darcy,2862,2862,3701,1,1,64,32,32,2.9112261046293497e-08,0.0001643011827171,0.1141042659874074,3624.9462890625,8468.0,7631.70458984375
darcy,2862,2862,3702,1,2,64,32,32,3.1324571381219364e-08,0.0002758754030249,0.1136747339915018,3624.9462890625,8468.0,7631.70458984375
darcy,2863,2863,3703,1,1,64,32,32,8.947669982717343e-08,0.0006273464660491,0.1148183250043075,3624.28662109375,8468.0,7631.70458984375
darcy,2863,2863,3704,1,2,64,32,32,4.468101622023824e-08,0.0003345908510014,0.1143089039833284,3624.28662109375,8468.0,7631.70458984375
darcy,2864,2864,3705,1,1,64,32,32,5.496690391737503e-08,0.000455501623295,0.1145379439985845,3624.9462890625,8468.0,7631.70458984375
darcy,2864,2864,3706,1,2,64,32,32,7.745133245862236e-08,0.0005923635989771,0.1143964590155519,3624.9462890625,8468.0,7631.70458984375
darcy,2865,2865,3707,1,1,64,32,32,2.950276289936937e-08,0.0002370885138843,0.1141821350029204,3624.28662109375,8468.0,7631.70458984375
darcy,2865,2865,3708,1,2,64,32,32,3.308408835778209e-08,0.0002631055076666,0.1143181399966124,3624.28662109375,8468.0,7631.70458984375
darcy,2866,2866,3709,1,1,64,32,32,1.0369483760541699e-07,0.0006870561121452,0.1145457320089917,3624.9462890625,8468.0,7631.70458984375
darcy,2866,2866,3710,1,2,64,32,32,4.047936741358171e-08,0.0003405927259754,0.1144350020040292,3624.9462890625,8468.0,7631.70458984375
darcy,2867,2867,3711,1,1,64,32,32,4.869795233730657e-08,0.0004213634202125,0.1141401959757786,3624.9462890625,8468.0,7631.70458984375
darcy,2867,2867,3712,1,2,64,32,32,8.15195804193536e-08,0.0006035118624298,0.1144411329878494,3624.9462890625,8468.0,7631.70458984375
darcy,2868,2868,3713,1,1,64,32,32,3.0750783253097325e-08,0.0003030660083446,0.1143520890036597,3624.28662109375,8468.0,7631.70458984375
darcy,2868,2868,3714,1,2,64,32,32,3.373611434653867e-08,0.0002885627248752,0.1141226259933319,3624.28662109375,8468.0,7631.70458984375
darcy,2869,2869,3715,1,1,64,32,32,1.0636433245281297e-07,0.0006932540017678,0.1145675410225521,3624.9462890625,8468.0,7631.70458984375
darcy,2869,2869,3716,1,2,64,32,32,4.076051141055359e-08,0.0003354073993955,0.1144120279932394,3624.9462890625,8468.0,7631.70458984375
darcy,2870,2870,3717,1,1,64,32,32,4.874753045669422e-08,0.0004345504178615,0.1145383119874168,3624.28662109375,8468.0,7631.70458984375
darcy,2870,2870,3718,1,2,64,32,32,7.91758552054489e-08,0.0005963250280933,0.1145399929955601,3624.28662109375,8468.0,7631.70458984375
darcy,2871,2871,3719,1,1,64,32,32,2.5267370418191604e-08,0.0002163426121618,0.1146193260210566,3624.28662109375,8468.0,7631.70458984375
darcy,2871,2871,3720,1,2,64,32,32,2.7004904978866762e-08,0.0002423070144488,0.114362677995814,3624.28662109375,8468.0,7631.70458984375
darcy,2872,2872,3721,1,1,64,32,32,9.279733603761997e-08,0.0006431966534859,0.1145829519955441,3624.9462890625,8468.0,7631.70458984375
darcy,2872,2872,3722,1,2,64,32,32,3.5446706903030645e-08,0.0002702598040141,0.1144727000209968,3624.9462890625,8468.0,7631.70458984375
darcy,2873,2873,3723,1,1,64,32,32,4.9465786133851e-08,0.0004380500313905,0.114543986011995,3624.9462890625,8468.0,7631.70458984375
darcy,2873,2873,3724,1,2,64,32,32,5.632269761690623e-08,0.0004806631382705,0.1143972850113641,3624.9462890625,8468.0,7631.70458984375
darcy,2874,2874,3725,1,1,64,32,32,2.2466984717084412e-08,0.0001497037679105,0.1141646259929984,3624.28662109375,8468.0,7631.70458984375
darcy,2874,2874,3726,1,2,64,32,32,3.1721786086791326e-08,0.0002507599419738,0.1141882990195881,3624.28662109375,8468.0,7631.70458984375
darcy,2875,2875,3727,1,1,64,32,32,7.073709440419408e-08,0.0005383177575547,0.1144858709885738,3624.9462890625,8468.0,7631.70458984375
darcy,2875,2875,3728,1,2,64,32,32,3.0704871534226186e-08,0.0002340862289922,0.1143315239751245,3624.9462890625,8468.0,7631.70458984375
darcy,2876,2876,3729,1,1,64,32,32,5.631071786638132e-08,0.0004396869702157,0.1142309810093138,3624.28662109375,8468.0,7631.70458984375
darcy,2876,2876,3730,1,2,64,32,32,5.5851845814913765e-08,0.0004743264969181,0.1139341040106955,3624.28662109375,8468.0,7631.70458984375
darcy,2877,2877,3731,1,1,64,32,32,2.180786928818179e-08,0.0001147302463529,0.1144828149990644,3624.9462890625,8468.0,7631.70458984375
darcy,2877,2877,3732,1,2,64,32,32,4.06424298660113e-08,0.0003117876992224,0.1140332610229961,3624.9462890625,8468.0,7631.70458984375
darcy,2878,2878,3733,1,1,64,32,32,7.634633902853238e-08,0.0005441329448587,0.1145448579918593,3624.28662109375,8468.0,7631.70458984375
darcy,2878,2878,3734,1,2,64,32,32,2.363265672045145e-08,0.0001800462856713,0.114349014009349,3624.28662109375,8468.0,7631.70458984375
darcy,2879,2879,3735,1,1,64,32,32,5.554669613161423e-08,0.0004412171077469,0.1144689089851453,3624.9462890625,8468.0,7631.70458984375
darcy,2879,2879,3736,1,2,64,32,32,7.25752613561781e-08,0.000531016900237,0.1143688120064325,3624.9462890625,8468.0,7631.70458984375
darcy,2880,2880,3737,1,1,64,32,32,2.2227924389994772e-08,0.0001223248378721,0.1143732540076598,3624.9462890625,8468.0,7631.70458984375
darcy,2880,2880,3738,1,2,64,32,32,3.6578537532250266e-08,0.000334758988044,0.1140224830014631,3624.9462890625,8468.0,7631.70458984375
darcy,2881,2881,3739,1,1,64,32,32,1.0155476104500849e-07,0.000634029385805,0.1143805150059051,3624.28662109375,8468.0,7631.70458984375
darcy,2881,2881,3740,1,2,64,32,32,3.382393387596494e-08,0.0002147147289989,0.1137335489911492,3624.28662109375,8468.0,7631.70458984375
darcy,2882,2882,3741,1,1,64,32,32,6.261185347966602e-08,0.0005177018783028,0.1147056169866118,3624.9462890625,8468.0,7631.70458984375
darcy,2882,2882,3742,1,2,64,32,32,7.244457833621709e-08,0.0005245332516256,0.1142433240020182,3624.9462890625,8468.0,7631.70458984375
darcy,2883,2883,3743,1,1,64,32,32,3.309239104964945e-08,0.0001773854062871,0.1147674929816275,3624.28662109375,8468.0,7631.70458984375
darcy,2883,2883,3744,1,2,64,32,32,3.4377769964066835e-08,0.0003119818389962,0.1157698110037017,3624.28662109375,8468.0,7631.70458984375
darcy,2884,2884,3745,1,1,64,32,32,1.097596111776511e-07,0.0006930105949542,0.1158391280041541,3624.28662109375,8468.0,7631.70458984375
darcy,2884,2884,3746,1,2,64,32,32,3.488474220603166e-08,0.0002533703707202,0.1158384950249455,3624.28662109375,8468.0,7631.70458984375
darcy,2885,2885,3747,1,1,64,32,32,5.602756658618092e-08,0.000471273126031,0.1144983339763712,3624.9462890625,8468.0,7631.70458984375
darcy,2885,2885,3748,1,2,64,32,32,8.615223379138116e-08,0.0006261632251959,0.1142064790183212,3624.9462890625,8468.0,7631.70458984375
darcy,2886,2886,3749,1,1,64,32,32,2.7162693427840168e-08,0.0001911077180327,0.1142949069908354,3624.9462890625,8468.0,7631.70458984375
darcy,2886,2886,3750,1,2,64,32,32,3.74620725551722e-08,0.0002906456418958,0.114023721020203,3624.9462890625,8468.0,7631.70458984375
darcy,2887,2887,3751,1,1,64,32,32,1.0107928005709257e-07,0.0006693922459338,0.1162813399860169,3624.28662109375,8468.0,7631.70458984375
darcy,2887,2887,3752,1,2,64,32,32,4.5268784276686353e-08,0.0003725226996466,0.1164751189935486,3624.28662109375,8468.0,7631.70458984375
darcy,2888,2888,3753,1,1,64,32,32,5.5034686141652855e-08,0.0004558061166666,0.1166376000037416,3624.9462890625,8468.0,7631.70458984375
darcy,2888,2888,3754,1,2,64,32,32,8.867862533179506e-08,0.0006329854587695,0.1159136100031901,3624.9462890625,8468.0,7631.70458984375
darcy,2889,2889,3755,1,1,64,32,32,2.893389705604932e-08,0.0002573654195421,0.1164558120071888,3624.28662109375,8468.0,7631.70458984375
darcy,2889,2889,3756,1,2,64,32,32,3.0002819784158425e-08,0.0002739837967633,0.1161896380071993,3624.28662109375,8468.0,7631.70458984375
darcy,2890,2890,3757,1,1,64,32,32,1.0826885699088963e-07,0.0007017082902765,0.116962592001073,3624.9462890625,8468.0,7631.70458984375
darcy,2890,2890,3758,1,2,64,32,32,3.621834920863876e-08,0.0003044947292217,0.1161714369955007,3624.9462890625,8468.0,7631.70458984375
darcy,2891,2891,3759,1,1,64,32,32,4.5053575092879334e-08,0.0004148855200989,0.1165971269947476,3624.28662109375,8468.0,7631.70458984375
darcy,2891,2891,3760,1,2,64,32,32,8.143507557178965e-08,0.0006047551291797,0.115714312007185,3624.28662109375,8468.0,7631.70458984375
darcy,2892,2892,3761,1,1,64,32,32,2.8108889438271945e-08,0.0002447620472196,0.1163578549749217,3624.9462890625,8468.0,7631.70458984375
darcy,2892,2892,3762,1,2,64,32,32,3.1521771859388537e-08,0.0002931894959378,0.1163600329891778,3624.9462890625,8468.0,7631.70458984375
darcy,2893,2893,3763,1,1,64,32,32,9.007266754679223e-08,0.0006198792902437,0.1164214739983435,3624.9462890625,8468.0,7631.70458984375
darcy,2893,2893,3764,1,2,64,32,32,3.9765030379612654e-08,0.0003432358689943,0.116059836000204,3624.9462890625,8468.0,7631.70458984375
darcy,2894,2894,3765,1,1,64,32,32,4.241260498361044e-08,0.0003919466785168,0.1170562079933006,3624.28662109375,8468.0,7631.70458984375
darcy,2894,2894,3766,1,2,64,32,32,7.84843336987251e-08,0.0005943736240697,0.1159162090043537,3624.28662109375,8468.0,7631.70458984375
darcy,2895,2895,3767,1,1,64,32,32,2.8908699434282425e-08,0.00026480351493,0.1144553660124074,3624.9462890625,8468.0,7631.70458984375
darcy,2895,2895,3768,1,2,64,32,32,3.0416501317631635e-08,0.0002618780943988,0.1142554969992488,3624.9462890625,8468.0,7631.70458984375
darcy,2896,2896,3769,1,1,64,32,32,9.015226254405206e-08,0.0006293195113987,0.1147745710040908,3624.28662109375,8468.0,7631.70458984375
darcy,2896,2896,3770,1,2,64,32,32,4.620059002036214e-08,0.0003727230036088,0.1142595279961824,3624.28662109375,8468.0,7631.70458984375
darcy,2897,2897,3771,1,1,64,32,32,4.368063954984791e-08,0.000392778315435,0.1145277099858503,3624.28662109375,8468.0,7631.70458984375
darcy,2897,2897,3772,1,2,64,32,32,8.663784001328169e-08,0.0006209507490724,0.1144808209792245,3624.28662109375,8468.0,7631.70458984375
darcy,2898,2898,3773,1,1,64,32,32,2.47972202771507e-08,0.0002163342931606,0.1149478789884597,3624.9462890625,8468.0,7631.70458984375
darcy,2898,2898,3774,1,2,64,32,32,2.8129491624895312e-08,0.0002398602253707,0.1144874109886586,3624.9462890625,8468.0,7631.70458984375
darcy,2899,2899,3775,1,1,64,32,32,9.382145549352573e-08,0.0006398724404823,0.1140358370030298,3624.9462890625,8468.0,7631.70458984375
darcy,2899,2899,3776,1,2,64,32,32,4.220410687594267e-08,0.0003285219011161,0.1138249890063889,3624.9462890625,8468.0,7631.70458984375
darcy,2900,2900,3777,1,1,64,32,32,5.2703242658935785e-08,0.000448409183847,0.1144437590264715,3624.28662109375,8468.0,7631.70458984375
darcy,2900,2900,3778,1,2,64,32,32,6.851191614032359e-08,0.0005395586174902,0.1143774380034301,3624.28662109375,8468.0,7631.70458984375
darcy,2901,2901,3779,1,1,64,32,32,2.1884142498151963e-08,0.0001897816052285,0.1148452569905202,3624.9462890625,8468.0,7631.70458984375
darcy,2901,2901,3780,1,2,64,32,32,3.3646443853285746e-08,0.0002997639115069,0.1144248770142439,3624.9462890625,8468.0,7631.70458984375
darcy,2902,2902,3781,1,1,64,32,32,8.495248238205022e-08,0.0005958364126536,0.114563925017137,3624.28662109375,8468.0,7631.70458984375
darcy,2902,2902,3782,1,2,64,32,32,2.9711289428746568e-08,0.000237803393427,0.1150204089935869,3624.28662109375,8468.0,7631.70458984375
darcy,2903,2903,3783,1,1,64,32,32,5.4994966802723866e-08,0.0004726043164922,0.1144477930210996,3624.9462890625,8468.0,7631.70458984375
darcy,2903,2903,3784,1,2,64,32,32,6.353002390824258e-08,0.0005135890621124,0.1137452120019588,3624.9462890625,8468.0,7631.70458984375
darcy,2904,2904,3785,1,1,64,32,32,2.6436392630557748e-08,0.0001965175117645,0.1142779260117095,3624.28662109375,8468.0,7631.70458984375
darcy,2904,2904,3786,1,2,64,32,32,4.0675043777582693e-08,0.0003806524850542,0.1142571090022102,3624.28662109375,8468.0,7631.70458984375
darcy,2905,2905,3787,1,1,64,32,32,9.134497247487161e-08,0.0006243524864892,0.1141935590130742,3624.9462890625,8468.0,7631.70458984375
darcy,2905,2905,3788,1,2,64,32,32,3.1143400747168926e-08,0.0002277896127686,0.1138090869935695,3624.9462890625,8468.0,7631.70458984375
darcy,2906,2906,3789,1,1,64,32,32,5.9395535600970106e-08,0.0005013135178702,0.1142510450154077,3624.9462890625,8468.0,7631.70458984375
darcy,2906,2906,3790,1,2,64,32,32,7.48417789964151e-08,0.0005742538883208,0.1141378550091758,3624.9462890625,8468.0,7631.70458984375
darcy,2907,2907,3791,1,1,64,32,32,2.8984651123664665e-08,0.0002053049805181,0.1161590210103895,3624.28662109375,8468.0,7631.70458984375
darcy,2907,2907,3792,1,2,64,32,32,3.9762895198691695e-08,0.000353109373582,0.1137483740167226,3624.28662109375,8468.0,7631.70458984375
darcy,2908,2908,3793,1,1,64,32,32,1.076581170877944e-07,0.0006976232452418,0.1141108339943457,3624.9462890625,8468.0,7631.70458984375
darcy,2908,2908,3794,1,2,64,32,32,3.730482589503481e-08,0.0002943616993937,0.1137693159980699,3624.9462890625,8468.0,7631.70458984375
darcy,2909,2909,3795,1,1,64,32,32,5.6145836424548186e-08,0.0004717121500565,0.1146176120091695,3624.28662109375,8468.0,7631.70458984375
darcy,2909,2909,3796,1,2,64,32,32,9.157476199561645e-08,0.000651406216137,0.1143343489966355,3624.28662109375,8468.0,7631.70458984375
darcy,2910,2910,3797,1,1,64,32,32,3.465243736400225e-08,0.0002865245894124,0.1140897040022537,3624.28662109375,8468.0,7631.70458984375
darcy,2910,2910,3798,1,2,64,32,32,3.765557821111543e-08,0.0003374179029535,0.113894488022197,3624.28662109375,8468.0,7631.70458984375
darcy,2911,2911,3799,1,1,64,32,32,1.2116548475660238e-07,0.0007419806374673,0.1141664499882608,3624.9462890625,8468.0,7631.70458984375
darcy,2911,2911,3800,1,2,64,32,32,4.1596120325948505e-08,0.0003474203676822,0.113737450010376,3624.9462890625,8468.0,7631.70458984375
darcy,2912,2912,3801,1,1,64,32,32,5.304669059569279e-08,0.0004462981553466,0.1140503229980822,3624.9462890625,8468.0,7631.70458984375
darcy,2912,2912,3802,1,2,64,32,32,8.748948232550903e-08,0.0006343320429563,0.1138830950076226,3624.9462890625,8468.0,7631.70458984375
darcy,2913,2913,3803,1,1,64,32,32,3.0752850932458387e-08,0.0002817101765064,0.1143853499961551,3624.28662109375,8468.0,7631.70458984375
darcy,2913,2913,3804,1,2,64,32,32,3.1111358822499824e-08,0.0002568477664085,0.1137642829853575,3624.28662109375,8468.0,7631.70458984375
darcy,2914,2914,3805,1,1,64,32,32,1.1050807557921873e-07,0.0007042711652553,0.1140451339888386,3624.9462890625,8468.0,7631.70458984375
darcy,2914,2914,3806,1,2,64,32,32,3.8448568773219456e-08,0.0003288219579328,0.1139060799905564,3624.9462890625,8468.0,7631.70458984375
darcy,2915,2915,3807,1,1,64,32,32,4.4564085754927873e-08,0.0004099199670972,0.1143430490046739,3624.28662109375,8468.0,7631.70458984375
darcy,2915,2915,3808,1,2,64,32,32,7.601466478490694e-08,0.0005766876020058,0.1142728140112012,3624.28662109375,8468.0,7631.70458984375
darcy,2916,2916,3809,1,1,64,32,32,2.727429837534601e-08,0.0002363284017298,0.1146849010256119,3624.9462890625,8468.0,7631.70458984375
darcy,2916,2916,3810,1,2,64,32,32,2.903272289245251e-08,0.000261126714347,0.113946973986458,3624.9462890625,8468.0,7631.70458984375
darcy,2917,2917,3811,1,1,64,32,32,8.70507648187413e-08,0.0006126259252555,0.1140839209838304,3624.28662109375,8468.0,7631.70458984375
darcy,2917,2917,3812,1,2,64,32,32,3.6607051612236325e-08,0.0002880009988783,0.1144969640008639,3624.28662109375,8468.0,7631.70458984375
darcy,2918,2918,3813,1,1,64,32,32,4.768508432562157e-08,0.0004186232298842,0.114733109017834,3624.9462890625,8468.0,7631.70458984375
darcy,2918,2918,3814,1,2,64,32,32,6.112560413384928e-08,0.0005058472550541,0.1146962390048429,3624.9462890625,8468.0,7631.70458984375
darcy,2919,2919,3815,1,1,64,32,32,2.5776877521366263e-08,0.0001759922693205,0.1148865789873525,3624.9462890625,8468.0,7631.70458984375
darcy,2919,2919,3816,1,2,64,32,32,2.891126982262904e-08,0.0002446635224198,0.1137620059889741,3624.9462890625,8468.0,7631.70458984375
darcy,2920,2920,3817,1,1,64,32,32,7.989361705540432e-08,0.0005762837652248,0.1140228870208375,3624.28662109375,8468.0,7631.70458984375
darcy,2920,2920,3818,1,2,64,32,32,2.6592253732360405e-08,0.000207469566928,0.1141649159835651,3624.28662109375,8468.0,7631.70458984375
darcy,2921,2921,3819,1,1,64,32,32,4.9089077691633065e-08,0.0004161074548148,0.1142737379996106,3624.9462890625,8468.0,7631.70458984375
darcy,2921,2921,3820,1,2,64,32,32,5.5412971988744175e-08,0.000465619693157,0.1138380869815591,3624.9462890625,8468.0,7631.70458984375
darcy,2922,2922,3821,1,1,64,32,32,2.0559465241376532e-08,6.305800596649e-05,0.11420681499294,3624.28662109375,8468.0,7631.70458984375
darcy,2922,2922,3822,1,2,64,32,32,3.3512918662381714e-08,0.0002511144264736,0.113887582992902,3624.28662109375,8468.0,7631.70458984375
darcy,2923,2923,3823,1,1,64,32,32,6.063446278403717e-08,0.0004810734483958,0.114270571997622,3624.28662109375,8468.0,7631.70458984375
darcy,2923,2923,3824,1,2,64,32,32,2.753060179827571e-08,0.0002065534730583,0.1141476289776619,3624.28662109375,8468.0,7631.70458984375
darcy,2924,2924,3825,1,1,64,32,32,5.2972506381365754e-08,0.0004432989429214,0.1142518519773148,3624.9462890625,8468.0,7631.70458984375
darcy,2924,2924,3826,1,2,64,32,32,5.185578899613574e-08,0.0004381648235556,0.1142001780099235,3624.9462890625,8468.0,7631.70458984375
darcy,2925,2925,3827,1,1,64,32,32,1.9121582539582963e-08,0.0001111931779176,0.1141728600196074,3624.9462890625,8468.0,7631.70458984375
darcy,2925,2925,3828,1,2,64,32,32,3.533236281327845e-08,0.0003271892430415,0.1142256210150662,3624.9462890625,8468.0,7631.70458984375
darcy,2926,2926,3829,1,1,64,32,32,7.025004578053996e-08,0.0005121224583301,0.1144037719932384,3624.28662109375,8468.0,7631.70458984375
darcy,2926,2926,3830,1,2,64,32,32,2.9545873303504777e-08,0.0002004043464551,0.1143437760183587,3624.28662109375,8468.0,7631.70458984375
darcy,2927,2927,3831,1,1,64,32,32,5.4929916615265035e-08,0.0004796799691037,0.1144123320118524,3624.9462890625,8468.0,7631.70458984375
darcy,2927,2927,3832,1,2,64,32,32,6.809064956314614e-08,0.0005228818256812,0.1140213029866572,3624.9462890625,8468.0,7631.70458984375
darcy,2928,2928,3833,1,1,64,32,32,2.039599600323072e-08,0.0001071027925191,0.1140187510172836,3624.28662109375,8468.0,7631.70458984375
darcy,2928,2928,3834,1,2,64,32,32,4.0683097779492534e-08,0.0003666271616944,0.1143890150124207,3624.28662109375,8468.0,7631.70458984375
darcy,2929,2929,3835,1,1,64,32,32,8.708812515578758e-08,0.0006101455305272,0.1140704549907241,3624.9462890625,8468.0,7631.70458984375
darcy,2929,2929,3836,1,2,64,32,32,2.982599056622348e-08,0.0001928921509309,0.1138280470040626,3624.9462890625,8468.0,7631.70458984375
darcy,2930,2930,3837,1,1,64,32,32,5.979749317930327e-08,0.0005007923427525,0.1141023499949369,3624.28662109375,8468.0,7631.70458984375
darcy,2930,2930,3838,1,2,64,32,32,8.111158678048015e-08,0.0006030257103857,0.1137868730002082,3624.28662109375,8468.0,7631.70458984375
darcy,2931,2931,3839,1,1,64,32,32,2.3938516946486743e-08,0.0001469220740696,0.1143605510005727,3624.9462890625,8468.0,7631.70458984375
darcy,2931,2931,3840,1,2,64,32,32,4.5873434828536126e-08,0.0003832146599385,0.1142166219942737,3624.9462890625,8468.0,7631.70458984375
darcy,2932,2932,3841,1,1,64,32,32,1.0549728557407435e-07,0.0006931966377701,0.1146401909936685,3624.9462890625,8468.0,7631.70458984375
darcy,2932,2932,3842,1,2,64,32,32,3.450056240694721e-08,0.0002535669992939,0.1142671490088105,3624.9462890625,8468.0,7631.70458984375
darcy,2933,2933,3843,1,1,64,32,32,6.37830908090109e-08,0.0005094883246517,0.1144511190068442,3624.28662109375,8468.0,7631.70458984375
darcy,2933,2933,3844,1,2,64,32,32,9.156306646218583e-08,0.0006552348050603,0.1142361650126986,3624.28662109375,8468.0,7631.70458984375
darcy,2934,2934,3845,1,1,64,32,32,2.7737963037566263e-08,0.0002259528093582,0.1143083049973938,3624.9462890625,8468.0,7631.70458984375
darcy,2934,2934,3846,1,2,64,32,32,4.1724618426997047e-08,0.0003561295776145,0.1140599589853081,3624.9462890625,8468.0,7631.70458984375
darcy,2935,2935,3847,1,1,64,32,32,1.115649013172515e-07,0.0007212584701023,0.1141641010181047,3624.28662109375,8468.0,7631.70458984375
darcy,2935,2935,3848,1,2,64,32,32,4.2192748850311546e-08,0.0003577153557559,0.1140868010115809,3624.28662109375,8468.0,7631.70458984375
darcy,2936,2936,3849,1,1,64,32,32,5.9125216722577534e-08,0.0004894095162349,0.1147097830253187,3624.28662109375,8468.0,7631.70458984375
darcy,2936,2936,3850,1,2,64,32,32,9.235083808789568e-08,0.0006551391206718,0.1143617579946294,3624.28662109375,8468.0,7631.70458984375
darcy,2937,2937,3851,1,1,64,32,32,3.3288245049334364e-08,0.0003039296738769,0.1143936179869342,3624.9462890625,8468.0,7631.70458984375
darcy,2937,2937,3852,1,2,64,32,32,3.055895092529681e-08,0.0002936507848179,0.1145134399994276,3624.9462890625,8468.0,7631.70458984375
darcy,2938,2938,3853,1,1,64,32,32,1.2118908898628433e-07,0.0007538520107838,0.1143699749954976,3624.9462890625,8468.0,7631.70458984375
darcy,2938,2938,3854,1,2,64,32,32,4.490390281830514e-08,0.0003795487307233,0.1136851729825139,3624.9462890625,8468.0,7631.70458984375
darcy,2939,2939,3855,1,1,64,32,32,4.877956882864965e-08,0.000433736878022,0.1150772050023078,3624.28662109375,8468.0,7631.70458984375
darcy,2939,2939,3856,1,2,64,32,32,9.495279584825769e-08,0.0006646277477755,0.1149190010037273,3624.28662109375,8468.0,7631.70458984375
darcy,2940,2940,3857,1,1,64,32,32,3.0360446601207514e-08,0.000283476061251,0.1142470740014687,3624.9462890625,8468.0,7631.70458984375
darcy,2940,2940,3858,1,2,64,32,32,2.5925622537670282e-08,0.0002383321805757,0.1145216169825289,3624.9462890625,8468.0,7631.70458984375
darcy,2941,2941,3859,1,1,64,32,32,1.1293687407487597e-07,0.0007205807842153,0.1148108160123229,3624.28662109375,8468.0,7631.70458984375
darcy,2941,2941,3860,1,2,64,32,32,4.636651240730316e-08,0.0003809136350461,0.114949830021942,3624.28662109375,8468.0,7631.70458984375
darcy,2942,2942,3861,1,1,64,32,32,4.3750230105388255e-08,0.0003961916814761,0.1144379219913389,3624.9462890625,8468.0,7631.70458984375
darcy,2942,2942,3862,1,2,64,32,32,7.805108026559537e-08,0.0005901349739747,0.1139262600045185,3624.9462890625,8468.0,7631.70458984375
darcy,2943,2943,3863,1,1,64,32,32,3.3769296692298674e-08,0.0002792733615577,0.1148394279880449,3624.28662109375,8468.0,7631.70458984375
darcy,2943,2943,3864,1,2,64,32,32,2.124672349168577e-08,0.0001698311396212,0.1141353939892724,3624.28662109375,8468.0,7631.70458984375
darcy,2944,2944,3865,1,1,64,32,32,9.087102625926492e-08,0.0006228271681606,0.1144910419825464,3624.9462890625,8468.0,7631.70458984375
darcy,2944,2944,3866,1,2,64,32,32,5.107970224571545e-08,0.0004145855198631,0.1144666580075863,3624.9462890625,8468.0,7631.70458984375
darcy,2945,2945,3867,1,1,64,32,32,3.944458981663957e-08,0.0003444641498417,0.1139246520178858,3624.9462890625,8468.0,7631.70458984375
darcy,2945,2945,3868,1,2,64,32,32,6.802729757282577e-08,0.0005370348170687,0.114039648004109,3624.9462890625,8468.0,7631.70458984375
darcy,2946,2946,3869,1,1,64,32,32,2.770848617217325e-08,0.0002526274173147,0.1140483809867873,3624.28662109375,8468.0,7631.70458984375
darcy,2946,2946,3870,1,2,64,32,32,2.539389143407789e-08,0.000162156077597,0.1138587969762738,3624.28662109375,8468.0,7631.70458984375
darcy,2947,2947,3871,1,1,64,32,32,8.197356038408543e-08,0.0005796127841011,0.1145680680056102,3624.9462890625,8468.0,7631.70458984375
darcy,2947,2947,3872,1,2,64,32,32,3.791442182432547e-08,0.0003131326003068,0.1142084439925383,3624.9462890625,8468.0,7631.70458984375
darcy,2948,2948,3873,1,1,64,32,32,4.637389139361403e-08,0.0003844705337811,0.1145283530058804,3624.28662109375,8468.0,7631.70458984375
darcy,2948,2948,3874,1,2,64,32,32,5.8984323203503664e-08,0.0004767768144138,0.1138761150068603,3624.28662109375,8468.0,7631.70458984375
darcy,2949,2949,3875,1,1,64,32,32,2.0516910836931856e-08,0.0001438851159271,0.1142506469914224,3624.28662109375,8468.0,7631.70458984375
darcy,2949,2949,3876,1,2,64,32,32,3.5487989435978307e-08,0.0002856820158961,0.1145206060027703,3624.28662109375,8468.0,7631.70458984375
darcy,2950,2950,3877,1,1,64,32,32,7.142881486288388e-08,0.0005120056995714,0.1143863219767808,3624.9462890625,8468.0,7631.70458984375
darcy,2950,2950,3878,1,2,64,32,32,2.2858838377715077e-08,0.0001426141399429,0.1140613830066286,3624.9462890625,8468.0,7631.70458984375
darcy,2951,2951,3879,1,1,64,32,32,5.0023018616229826e-08,0.0004318035301316,0.1143590440042316,3624.9462890625,8468.0,7631.70458984375
darcy,2951,2951,3880,1,2,64,32,32,5.746295173025828e-08,0.0004686220897782,0.1141274239926133,3624.9462890625,8468.0,7631.70458984375
darcy,2952,2952,3881,1,1,64,32,32,1.8966858306157522e-08,5.158526385467877e-05,0.1146637969941366,3624.28662109375,8468.0,7631.70458984375
darcy,2952,2952,3882,1,2,64,32,32,4.3656751103071656e-08,0.0003644973243327,0.1142165829951409,3624.28662109375,8468.0,7631.70458984375
darcy,2953,2953,3883,1,1,64,32,32,7.195628626277539e-08,0.0005197618628453,0.1167750169988721,3624.9462890625,8468.0,7631.70458984375
darcy,2953,2953,3884,1,2,64,32,32,2.2207913730198925e-08,0.0001159795883604,0.1166861809906549,3624.9462890625,8468.0,7631.70458984375
darcy,2954,2954,3885,1,1,64,32,32,6.505278804525005e-08,0.0005204605961779,0.1147728539945092,3624.28662109375,8468.0,7631.70458984375
darcy,2954,2954,3886,1,2,64,32,32,5.51965158024359e-08,0.00045910367447,0.114023549016565,3624.28662109375,8468.0,7631.70458984375
darcy,2955,2955,3887,1,1,64,32,32,2.3716451025279642e-08,6.898796789541152e-05,0.1145613059925381,3624.9462890625,8468.0,7631.70458984375
darcy,2955,2955,3888,1,2,64,32,32,3.895896583117064e-08,0.0003387828823523,0.1144800350011792,3624.9462890625,8468.0,7631.70458984375
darcy,2956,2956,3889,1,1,64,32,32,7.939485868746489e-08,0.0005739934406871,0.1147926220146473,3624.28662109375,8468.0,7631.70458984375
darcy,2956,2956,3890,1,2,64,32,32,3.4330245313185515e-08,0.0002360002545466,0.1144529989978764,3624.28662109375,8468.0,7631.70458984375
darcy,2957,2957,3891,1,1,64,32,32,6.039959288273168e-08,0.0004975557449755,0.1148165420163422,3624.9462890625,8468.0,7631.70458984375
darcy,2957,2957,3892,1,2,64,32,32,7.48245483350729e-08,0.0005683553044026,0.11423070699675,3624.9462890625,8468.0,7631.70458984375
darcy,2958,2958,3893,1,1,64,32,32,3.4260363435123515e-08,0.0002059114504526,0.1143939539906568,3624.9462890625,8468.0,7631.70458984375
darcy,2958,2958,3894,1,2,64,32,32,3.819497251811299e-08,0.0003457807671317,0.1143141000065952,3624.9462890625,8468.0,7631.70458984375
darcy,2959,2959,3895,1,1,64,32,32,1.0610230560814673e-07,0.0006903078990431,0.1145736770122312,3624.28662109375,8468.0,7631.70458984375
darcy,2959,2959,3896,1,2,64,32,32,3.6828062377480826e-08,0.0002941263786443,0.1138448879937641,3624.28662109375,8468.0,7631.70458984375
darcy,2960,2960,3897,1,1,64,32,32,5.680935544205568e-08,0.0004717650438607,0.1147518120124004,3624.9462890625,8468.0,7631.70458984375
darcy,2960,2960,3898,1,2,64,32,32,8.143477714384063e-08,0.0006031731529837,0.1144204809970688,3624.9462890625,8468.0,7631.70458984375
darcy,2961,2961,3899,1,1,64,32,32,3.28673159799564e-08,0.0002749307101545,0.1141604080039542,3624.28662109375,8468.0,7631.70458984375
darcy,2961,2961,3900,1,2,64,32,32,3.285014216203308e-08,0.0003011842026849,0.1143490379909053,3624.28662109375,8468.0,7631.70458984375
darcy,2962,2962,3901,1,1,64,32,32,1.1342972783268125e-07,0.0007134624976589,0.1145062189898453,3624.28662109375,8468.0,7631.70458984375
darcy,2962,2962,3902,1,2,64,32,32,3.9809663121559424e-08,0.0003218792851738,0.1143881050229538,3624.28662109375,8468.0,7631.70458984375
darcy,2963,2963,3903,1,1,64,32,32,4.8462283075423336e-08,0.0004279110775619,0.1145971849909983,3624.9462890625,8468.0,7631.70458984375
darcy,2963,2963,3904,1,2,64,32,32,8.261689998789734e-08,0.0006053003902775,0.1139329220168292,3624.9462890625,8468.0,7631.70458984375
darcy,2964,2964,3905,1,1,64,32,32,2.9242043453336922e-08,0.0002451726680921,0.1140315789962187,3624.9462890625,8468.0,7631.70458984375
darcy,2964,2964,3906,1,2,64,32,32,3.057334652112331e-08,0.0002635324286363,0.113693024002714,3624.9462890625,8468.0,7631.70458984375
darcy,2965,2965,3907,1,1,64,32,32,9.417894375474135e-08,0.0006363220439572,0.1139459020050708,3624.28662109375,8468.0,7631.70458984375
darcy,2965,2965,3908,1,2,64,32,32,3.705097739725716e-08,0.000308295631372,0.1145086559990886,3624.28662109375,8468.0,7631.70458984375
darcy,2966,2966,3909,1,1,64,32,32,4.782521756396818e-08,0.0004206479753097,0.1144799680041614,3624.9462890625,8468.0,7631.70458984375
darcy,2966,2966,3910,1,2,64,32,32,6.336253477456921e-08,0.0005249540889556,0.1141617140092421,3624.9462890625,8468.0,7631.70458984375
darcy,2967,2967,3911,1,1,64,32,32,2.4853385127698857e-08,0.0001423873985509,0.1144350969989318,3624.28662109375,8468.0,7631.70458984375
darcy,2967,2967,3912,1,2,64,32,32,2.9917352151187515e-08,0.000230365844433,0.1142605150234885,3624.28662109375,8468.0,7631.70458984375
darcy,2968,2968,3913,1,1,64,32,32,7.030409676644922e-08,0.000529579578079,0.1140047650260385,3624.9462890625,8468.0,7631.70458984375
darcy,2968,2968,3914,1,2,64,32,32,3.333791909199135e-08,0.0002538678086698,0.1139553370012436,3624.9462890625,8468.0,7631.70458984375
darcy,2969,2969,3915,1,1,64,32,32,5.0925436312354584e-08,0.0004160311794393,0.1141316869761794,3624.28662109375,8468.0,7631.70458984375
darcy,2969,2969,3916,1,2,64,32,32,6.388934536971648e-08,0.0005199098067553,0.114063057990279,3624.28662109375,8468.0,7631.70458984375
darcy,2970,2970,3917,1,1,64,32,32,2.2673242838777696e-08,7.348481061983817e-05,0.1143467149813659,3624.9462890625,8468.0,7631.70458984375
darcy,2970,2970,3918,1,2,64,32,32,4.2685392998009775e-08,0.00032891210187,0.1141468490241095,3624.9462890625,8468.0,7631.70458984375
darcy,2971,2971,3919,1,1,64,32,32,6.299386257069274e-08,0.0004870916888415,0.1142719580093398,3624.9462890625,8468.0,7631.70458984375
darcy,2971,2971,3920,1,2,64,32,32,2.4630875117281903e-08,0.0001818728443181,0.1142245600058231,3624.9462890625,8468.0,7631.70458984375
darcy,2972,2972,3921,1,1,64,32,32,5.9007525976539916e-08,0.0004685034635177,0.1143784480227623,3624.28662109375,8468.0,7631.70458984375
darcy,2972,2972,3922,1,2,64,32,32,6.364368942968214e-08,0.0004937097761056,0.1140299669932574,3624.28662109375,8468.0,7631.70458984375
darcy,2973,2973,3923,1,1,64,32,32,1.966680862608428e-08,8.56915409721161e-05,0.1142931429785676,3624.9462890625,8468.0,7631.70458984375
darcy,2973,2973,3924,1,2,64,32,32,4.4382723274338793e-08,0.0003783322808118,0.1139936559775378,3624.9462890625,8468.0,7631.70458984375
darcy,2974,2974,3925,1,1,64,32,32,8.450650312852305e-08,0.0005632914266661,0.1142880499828606,3624.28662109375,8468.0,7631.70458984375
darcy,2974,2974,3926,1,2,64,32,32,2.6339703751432356e-08,0.0001615650900959,0.1139177069999277,3624.28662109375,8468.0,7631.70458984375
darcy,2975,2975,3927,1,1,64,32,32,6.087222459427721e-08,0.0004978919893585,0.1140877690049819,3624.28662109375,8468.0,7631.70458984375
darcy,2975,2975,3928,1,2,64,32,32,7.745070007558753e-08,0.0005544846943896,0.1137884579948149,3624.28662109375,8468.0,7631.70458984375
darcy,2976,2976,3929,1,1,64,32,32,2.6176495637741937e-08,0.0001520020568708,0.114373129006708,3624.9462890625,8468.0,7631.70458984375
darcy,2976,2976,3930,1,2,64,32,32,4.6406491094330704e-08,0.0004088181979655,0.1140903549967333,3624.9462890625,8468.0,7631.70458984375
darcy,2977,2977,3931,1,1,64,32,32,1.1356814866303468e-07,0.0006911153435183,0.1140630620066076,3624.9462890625,8468.0,7631.70458984375
darcy,2977,2977,3932,1,2,64,32,32,3.339988197126331e-08,0.0002221459177858,0.1138167589961085,3624.9462890625,8468.0,7631.70458984375
darcy,2978,2978,3933,1,1,64,32,32,6.656981810237994e-08,0.0005357023211362,0.1147032360022421,3624.28662109375,8468.0,7631.70458984375
darcy,2978,2978,3934,1,2,64,32,32,1.0060692545721397e-07,0.0006717449611648,0.1140397550188936,3624.28662109375,8468.0,7631.70458984375
darcy,2979,2979,3935,1,1,64,32,32,3.023714967298474e-08,0.0001793723478252,0.1139082649897318,3624.9462890625,8468.0,7631.70458984375
darcy,2979,2979,3936,1,2,64,32,32,4.700229894183394e-08,0.0003885765687569,0.1136208010138943,3624.9462890625,8468.0,7631.70458984375
darcy,2980,2980,3937,1,1,64,32,32,1.239070854808233e-07,0.0007644690287769,0.1139713859884068,3624.28662109375,8468.0,7631.70458984375
darcy,2980,2980,3938,1,2,64,32,32,3.872140297289661e-08,0.0002739374932934,0.1140315630182158,3624.28662109375,8468.0,7631.70458984375
darcy,2981,2981,3939,1,1,64,32,32,6.861809964675558e-08,0.0005269492319045,0.1138871920120436,3624.9462890625,8468.0,7631.70458984375
darcy,2981,2981,3940,1,2,64,32,32,8.867746714713577e-08,0.0006402300181692,0.1160379689827095,3624.9462890625,8468.0,7631.70458984375
darcy,2982,2982,3941,1,1,64,32,32,3.4312531482783015e-08,0.000261510357197,0.1141691099910531,3624.28662109375,8468.0,7631.70458984375
darcy,2982,2982,3942,1,2,64,32,32,4.201086767352536e-08,0.000347521716082,0.1139157770085148,3624.28662109375,8468.0,7631.70458984375
darcy,2983,2983,3943,1,1,64,32,32,1.0825754515053633e-07,0.0007024283203634,0.1139929789933376,3624.9462890625,8468.0,7631.70458984375
darcy,2983,2983,3944,1,2,64,32,32,4.6490598037962634e-08,0.0003933981812449,0.1143362769798841,3624.9462890625,8468.0,7631.70458984375
darcy,2984,2984,3945,1,1,64,32,32,5.7840328082647836e-08,0.000477799351617,0.1146282559784594,3624.9462890625,8468.0,7631.70458984375
darcy,2984,2984,3946,1,2,64,32,32,1.0013011575438213e-07,0.0006788873054728,0.1142389609885867,3624.9462890625,8468.0,7631.70458984375
darcy,2985,2985,3947,1,1,64,32,32,2.913647811908504e-08,0.0002847147879946,0.1145519230049103,3624.28662109375,8468.0,7631.70458984375
darcy,2985,2985,3948,1,2,64,32,32,3.132461756649718e-08,0.0002722907255672,0.1143187280104029,3624.28662109375,8468.0,7631.70458984375
darcy,2986,2986,3949,1,1,64,32,32,1.2184415254523628e-07,0.0007516015598793,0.1146603870147373,3624.9462890625,8468.0,7631.70458984375
darcy,2986,2986,3950,1,2,64,32,32,4.546665266502714e-08,0.0003796384972454,0.1138805719965603,3624.9462890625,8468.0,7631.70458984375
darcy,2987,2987,3951,1,1,64,32,32,4.6779550899600515e-08,0.0004211352707549,0.1145730020070914,3624.28662109375,8468.0,7631.70458984375
darcy,2987,2987,3952,1,2,64,32,32,8.954516772519129e-08,0.0006375257738383,0.1146856769919395,3624.28662109375,8468.0,7631.70458984375
darcy,2988,2988,3953,1,1,64,32,32,3.6719342233482166e-08,0.000332965960463,0.1146173439919948,3624.28662109375,8468.0,7631.70458984375
darcy,2988,2988,3954,1,2,64,32,32,2.9587560845811826e-08,0.0002744083548991,0.1142892770003527,3624.28662109375,8468.0,7631.70458984375
darcy,2989,2989,3955,1,1,64,32,32,1.079813003457275e-07,0.0007023967392085,0.1144435809983406,3624.9462890625,8468.0,7631.70458984375
darcy,2989,2989,3956,1,2,64,32,32,4.6394408315109104e-08,0.0003559681559686,0.1141446310211904,3624.9462890625,8468.0,7631.70458984375
darcy,2990,2990,3957,1,1,64,32,32,4.62715519233825e-08,0.0004050049791892,0.1145158639992587,3624.9462890625,8468.0,7631.70458984375
darcy,2990,2990,3958,1,2,64,32,32,7.663116718958919e-08,0.000590860569539,0.1140167230041697,3624.9462890625,8468.0,7631.70458984375
darcy,2991,2991,3959,1,1,64,32,32,2.623320050076927e-08,0.000209207045399,0.1143495289725251,3624.28662109375,8468.0,7631.70458984375
darcy,2991,2991,3960,1,2,64,32,32,2.6592385182766524e-08,0.0002053723505316,0.1137252449989318,3624.28662109375,8468.0,7631.70458984375
darcy,2992,2992,3961,1,1,64,32,32,8.809082174821016e-08,0.0006181299771097,0.1141870499996002,3624.9462890625,8468.0,7631.70458984375
darcy,2992,2992,3962,1,2,64,32,32,3.527617309373454e-08,0.0002893037737244,0.1137836620036978,3624.9462890625,8468.0,7631.70458984375
darcy,2993,2993,3963,1,1,64,32,32,4.5993331809768285e-08,0.0003890911906,0.1164999110042117,3624.28662109375,8468.0,7631.70458984375
darcy,2993,2993,3964,1,2,64,32,32,6.899099957990984e-08,0.0005269082480402,0.1163873779878486,3624.28662109375,8468.0,7631.70458984375
darcy,2994,2994,3965,1,1,64,32,32,2.023965350872459e-08,0.0001404970015945,0.1162723169836681,3624.9462890625,8468.0,7631.70458984375
darcy,2994,2994,3966,1,2,64,32,32,3.352061028749631e-08,0.0002457545097649,0.1157600560109131,3624.9462890625,8468.0,7631.70458984375
darcy,2995,2995,3967,1,1,64,32,32,7.686983138910365e-08,0.0005633441119312,0.1162558340001851,3624.28662109375,8468.0,7631.70458984375
darcy,2995,2995,3968,1,2,64,32,32,3.0423379371313786e-08,0.0002457726062963,0.1159419439791236,3624.28662109375,8468.0,7631.70458984375
darcy,2996,2996,3969,1,1,64,32,32,5.6262845049559473e-08,0.0004567630113625,0.1163518349931109,3624.9462890625,8468.0,7631.70458984375
darcy,2996,2996,3970,1,2,64,32,32,5.975906702815338e-08,0.0004793906131269,0.1160217380092945,3624.9462890625,8468.0,7631.70458984375
darcy,2997,2997,3971,1,1,64,32,32,2.2639213170805306e-08,0.0001643276495749,0.1164660759968683,3624.9462890625,8468.0,7631.70458984375
darcy,2997,2997,3972,1,2,64,32,32,3.13209440605533e-08,0.0002944074151452,0.1164161550113931,3624.9462890625,8468.0,7631.70458984375
darcy,2998,2998,3973,1,1,64,32,32,9.400116596225416e-08,0.0006167141454712,0.1170353040215559,3624.28662109375,8468.0,7631.70458984375
darcy,2998,2998,3974,1,2,64,32,32,3.582858809636491e-08,0.0002567376115826,0.1162414229766,3624.28662109375,8468.0,7631.70458984375
darcy,2999,2999,3975,1,1,64,32,32,5.374211298203591e-08,0.000465935676875,0.1165435659931972,3624.9462890625,8468.0,7631.70458984375
darcy,2999,2999,3976,1,2,64,32,32,7.942858815113142e-08,0.0005709872700578,0.1163994359958451,3624.9462890625,8468.0,7631.70458984375
darcy,3000,3000,3977,1,1,64,32,32,2.7826121851148852e-08,0.0001753681235268,0.116784023004584,3624.28662109375,8468.0,7631.70458984375
darcy,3000,3000,3978,1,2,64,32,32,2.737585980128188e-08,0.0002258784831479,0.1160538469848688,3624.28662109375,8468.0,7631.70458984375
