step,epoch,block,shape,torch_dtype,jax_dtype,torch_norm,jax_norm,diff_norm,relative_l2_vs_torch,max_abs,mean_abs,cosine_similarity
0,1,conv_layers.0.weights1,"[64, 64, 16]",complex64,complex64,0.005310091164925706,0.005310050578893391,0.00025496016302069426,0.04801427227930868,1.630596034374321e-05,1.1827948813221466e-07,0.9988473060476961
0,1,conv_layers.1.weights1,"[64, 64, 16]",complex64,complex64,0.004487584037276349,0.004487638703013342,0.00022525491481950317,0.05019514129393713,4.385586544231046e-05,8.375120590786195e-08,0.9987402393152764
0,1,conv_layers.2.weights1,"[64, 64, 16]",complex64,complex64,0.007493685605913244,0.007493680671391554,0.0002683211287843794,0.035806296513513726,4.420434925123118e-05,1.1615630697170373e-07,0.9993589541430875
0,1,conv_layers.3.weights1,"[64, 64, 16]",complex64,complex64,0.02362132125390557,0.023621162099655868,0.0002987857973990061,0.012648987505286336,3.218663186999038e-05,1.2623412962237205e-07,0.9999200010412326
0,1,mlp_layers.0.conv0.bias,[64],float32,float32,0.0018675081896286866,0.0018674914099435758,9.952378395142904e-08,5.329228782189018e-05,4.135654307901859e-08,9.461725625214967e-09,0.9999999986203193
0,1,mlp_layers.0.conv0.weight,"[64, 64, 1]",float32,float32,0.0004626655166274009,0.00046266552445267857,4.072089850181475e-09,8.801368815780704e-06,4.922640073345974e-10,4.564250453281682e-11,0.9999999999612692
0,1,mlp_layers.0.conv2.bias,[64],float32,float32,0.006135559166653754,0.0061354547954995545,3.3301070172228155e-07,5.427552610561831e-05,1.4260876923799515e-07,2.7833404914190396e-08,0.9999999986717457
0,1,mlp_layers.0.conv2.weight,"[64, 64, 1]",float32,float32,0.0017039794381269798,0.0017039523992068899,8.954318330024037e-08,5.2549450595874884e-05,9.655195754021406e-09,7.941473589845316e-10,0.9999999987451565
0,1,mlp_layers.1.conv0.bias,[64],float32,float32,0.006155710692641813,0.0061556966338009575,7.98992349232298e-08,1.2979692989590432e-05,2.6426278054714203e-08,7.442622518283315e-09,0.9999999999183716
0,1,mlp_layers.1.conv0.weight,"[64, 64, 1]",float32,float32,0.00046384236423143116,0.0004638425311862529,3.745151110718958e-09,8.07418942192684e-06,2.7921487344428897e-10,4.3599717586273457e-11,0.9999999999674699
0,1,mlp_layers.1.conv2.bias,[64],float32,float32,0.02170762457733606,0.021707568415428154,3.2569121699825037e-07,1.5003540154194932e-05,1.1548399925231934e-07,2.7792566470452584e-08,0.9999999998907932
0,1,mlp_layers.1.conv2.weight,"[64, 64, 1]",float32,float32,0.006574175590475663,0.006574161166662148,9.73638014923989e-08,1.4810039700408172e-05,7.828930392861366e-09,9.512306289871653e-10,0.9999999998927386
0,1,mlp_layers.2.conv0.bias,[64],float32,float32,0.02266655082287756,0.022666581420955737,1.599003361790777e-07,7.054462649768875e-06,4.6333298087120056e-08,1.6307737382703635e-08,0.9999999999760285
0,1,mlp_layers.2.conv0.weight,"[64, 64, 1]",float32,float32,0.00046855530811431206,0.0004685552950631043,2.5775440844526497e-09,5.501045532545357e-06,2.955857780762017e-10,2.674860560911846e-11,0.9999999999848711
0,1,mlp_layers.2.conv2.bias,[64],float32,float32,0.08252586302744151,0.08252582756207431,4.910422743413456e-07,5.950162244023599e-06,2.2724270820617676e-07,4.142884790780954e-08,0.99999999998239
0,1,mlp_layers.2.conv2.weight,"[64, 64, 1]",float32,float32,0.023393087015233557,0.023393080971693615,1.3944173897357677e-07,5.960809656407144e-06,1.594889909029007e-08,1.2586018893756545e-09,0.9999999999822685
0,1,mlp_layers.3.conv0.bias,[64],float32,float32,0.10031922039586261,0.10031923562754963,1.0084043416265991e-07,1.0051955524050184e-06,3.91155481338501e-08,9.973518899641931e-09,0.9999999999995063
0,1,mlp_layers.3.conv0.weight,"[64, 64, 1]",float32,float32,0.00046350081469119096,0.00046350069275133675,9.436160188939392e-09,2.0358454375589966e-05,1.0018084140028805e-09,9.819905652519445e-11,0.9999999997928025
0,1,mlp_layers.3.conv2.bias,[64],float32,float32,0.32673809884595,0.3267381037618126,3.052292913518709e-07,9.341711065527743e-07,8.34552338346839e-08,3.193576958437916e-08,0.9999999999995638
0,1,mlp_layers.3.conv2.weight,"[64, 64, 1]",float32,float32,0.10125826537169093,0.10125826824199402,1.083143612733231e-07,1.069684147518538e-06,8.265487849712372e-09,1.145054814855051e-09,0.999999999999429
0,1,p.bias,[64],float32,float32,0.00378468077727691,0.003784654102212101,1.8643813336474101e-07,4.926125724634664e-05,5.762558430433273e-08,1.8937811319119646e-08,0.9999999988114942
0,1,p.weight,"[64, 2]",float32,float32,0.002719475936233192,0.0027194276894544505,1.6105597272218708e-07,5.922316523428017e-05,3.748573362827301e-08,1.1643288999607648e-08,0.9999999984036553
0,1,q.conv0.bias,[128],float32,float32,0.5349081144881682,0.5349081373452585,5.149470819469548e-07,9.626832497010943e-07,1.564621925354004e-07,3.230292122680112e-08,0.9999999999995375
0,1,q.conv0.weight,"[128, 64, 1]",float32,float32,0.4078035136120961,0.40780196007168507,4.855712066811909e-06,1.1906989284625626e-05,3.511086106300354e-07,3.557384103264338e-08,0.9999999999363685
0,1,q.conv2.bias,[1],float32,float32,1.7608771324157715,1.7608771324157715,0.0,0.0,0.0,0.0,1.0
0,1,q.conv2.weight,"[1, 128, 1]",float32,float32,0.9730871107516511,0.9730864547818772,6.149302040602088e-06,6.319374671248213e-06,1.385807991027832e-06,4.359617378213443e-07,0.99999999998026
0,1,w_layers.0.bias,[64],float32,float32,0.006139392924309537,0.0061392886654268505,3.3301094742970827e-07,5.424167365328879e-05,1.4260876923799515e-07,2.7833351623485214e-08,0.9999999986730914
0,1,w_layers.0.weight,"[64, 64, 1]",float32,float32,0.026684469229625907,0.02668396298124046,3.578509761004971e-06,0.00013410458833604984,3.5623088479042053e-07,3.397758326084688e-08,0.9999999911877745
0,1,w_layers.1.bias,[64],float32,float32,0.021692596976055342,0.02169254072931136,3.2569409468658424e-07,1.5014066552109502e-05,1.1548399925231934e-07,2.779302121780347e-08,0.9999999998906501
0,1,w_layers.1.weight,"[64, 64, 1]",float32,float32,0.028912204013936245,0.0289125232009708,3.039560116852872e-06,0.00010513069551486786,3.528548404574394e-07,2.842525878565816e-08,0.9999999945347683
0,1,w_layers.2.bias,[64],float32,float32,0.082511192326408,0.08251115684998082,4.910422743413456e-07,5.951220198089245e-06,2.2724270820617676e-07,4.142884790780954e-08,0.999999999982384
0,1,w_layers.2.weight,"[64, 64, 1]",float32,float32,0.04211668865663805,0.042116749708017286,3.469932844528897e-06,8.238854846395902e-05,4.079192876815796e-07,3.3520226955241483e-08,0.9999999966071199
0,1,w_layers.3.bias,[64],float32,float32,0.32675081580543885,0.3267508207153342,3.052292913518709e-07,9.3413474913439e-07,8.34552338346839e-08,3.193576958437916e-08,0.9999999999995637
0,1,w_layers.3.weight,"[64, 64, 1]",float32,float32,0.1354237322631414,0.13542340517570442,4.5358770157952295e-06,3.34939595888672e-05,4.1676685214042664e-07,4.6798877412213e-08,0.9999999994419931
1,1,conv_layers.0.weights1,"[64, 64, 16]",complex64,complex64,0.005643398786510599,0.00564601967270576,0.0002959736847517489,0.05244599858142473,1.9577777493395843e-05,1.4509388887934874e-07,0.998625454818774
1,1,conv_layers.1.weights1,"[64, 64, 16]",complex64,complex64,0.004641780543333009,0.00464240128042075,0.0002328474773370274,0.05016339638707529,3.494503289402928e-05,9.517581654733158e-08,0.998741994003989
1,1,conv_layers.2.weights1,"[64, 64, 16]",complex64,complex64,0.007931343903469156,0.007931586647813528,0.0002644453432466106,0.033341807701837596,3.701465539052151e-05,1.2323807058101232e-07,0.999444179409221
1,1,conv_layers.3.weights1,"[64, 64, 16]",complex64,complex64,0.024530446756575865,0.024529948320897253,0.0003206975459288421,0.01307344905338395,2.7405669243307784e-05,1.4407548591053962e-07,0.9999145409349085
1,1,mlp_layers.0.conv0.bias,[64],float32,float32,0.002174056255729701,0.0021744577400031094,3.503715430301734e-06,0.0016116029293481856,1.558917574584484e-06,3.1902551711482374e-07,0.9999987186562407
1,1,mlp_layers.0.conv0.weight,"[64, 64, 1]",float32,float32,0.0006567630265866698,0.0006459539169977368,1.5219830288477689e-05,0.023174005953986512,6.544287316501141e-07,1.9265069040041993e-07,0.9998646912722097
1,1,mlp_layers.0.conv2.bias,[64],float32,float32,0.007071025633340122,0.007071308638419099,6.6860742479515124e-06,0.0009455593282573392,3.4382828744128346e-06,5.816175345785268e-07,0.9999995537775659
1,1,mlp_layers.0.conv2.weight,"[64, 64, 1]",float32,float32,0.002071642466062215,0.0020652871599694564,1.9417903125190915e-05,0.009373192258459796,2.7032438083551824e-06,1.715401564805069e-07,0.9999606565189357
1,1,mlp_layers.1.conv0.bias,[64],float32,float32,0.006297310381717423,0.006298030943587629,2.6200457897021203e-06,0.00041605790899377153,9.780051186680794e-07,2.51040006560288e-07,0.999999920003459
1,1,mlp_layers.1.conv0.weight,"[64, 64, 1]",float32,float32,0.0006175078022900346,0.000610312826026883,1.092210763111562e-05,0.017687400208727503,4.4020271161571145e-07,1.3705756921750245e-07,0.9999104144315494
1,1,mlp_layers.1.conv2.bias,[64],float32,float32,0.02227654563917461,0.022278097572631463,7.852984437480913e-06,0.00035252253938649177,2.9655639082193375e-06,7.157304224847394e-07,0.9999999402948138
1,1,mlp_layers.1.conv2.weight,"[64, 64, 1]",float32,float32,0.006773106048437102,0.006772020150483019,1.4520311731848697e-05,0.0021438187484454445,2.1548185031861067e-06,1.4027324692425513e-07,0.9999977145062121
1,1,mlp_layers.2.conv0.bias,[64],float32,float32,0.023199570129457576,0.023199266202229375,4.223763805486506e-06,0.00018206215813125763,1.987442374229431e-06,3.509724137984449e-07,0.9999999835122816
1,1,mlp_layers.2.conv0.weight,"[64, 64, 1]",float32,float32,0.0007835539122301563,0.0007746347372483012,1.106471022144203e-05,0.014121185599022255,5.634101398754865e-07,1.3402272405066418e-07,0.9999646800783968
1,1,mlp_layers.2.conv2.bias,[64],float32,float32,0.08626825226866106,0.08626657356671089,9.026782315781586e-06,0.00010463620252407472,3.2335519790649414e-06,8.400280080422817e-07,0.9999999947148579
1,1,mlp_layers.2.conv2.weight,"[64, 64, 1]",float32,float32,0.02459231061587346,0.02458905654410924,1.4710685909453765e-05,0.000598182339969248,1.3620592653751373e-06,1.4462202361370524e-07,0.9999998298208105
1,1,mlp_layers.3.conv0.bias,[64],float32,float32,0.10075757792558526,0.10075570213528583,4.58855909919038e-06,4.554058556845492e-05,2.030283212661743e-06,4.4568878365680575e-07,0.9999999991363053
1,1,mlp_layers.3.conv0.weight,"[64, 64, 1]",float32,float32,0.002132891032399939,0.0021176734818807766,1.5641680425348072e-05,0.0073335581554524985,6.057889549992979e-07,1.9964683201090239e-07,0.9999985511403006
1,1,mlp_layers.3.conv2.bias,[64],float32,float32,0.3362588224316367,0.33624780205059757,1.71593590337179e-05,5.1030212113487356e-05,1.0860152542591095e-05,1.4886354620102793e-06,0.9999999992349848
1,1,mlp_layers.3.conv2.weight,"[64, 64, 1]",float32,float32,0.10369483195184608,0.10369360804721589,1.9097114252396583e-05,0.00018416649984316405,1.6724225133657455e-06,1.960038900628014e-07,0.9999999831108063
1,1,p.bias,[64],float32,float32,0.004560343827475307,0.004559901728108965,3.5631292932528233e-06,0.0007813290900974542,1.04340142570436e-06,3.583022021302895e-07,0.9999996994323872
1,1,p.weight,"[64, 2]",float32,float32,0.0032232343354143063,0.003227966785449698,1.376710964441499e-05,0.004271209664514014,4.0065497159957886e-06,8.699533111666824e-07,0.9999919680267659
1,1,q.conv0.bias,[128],float32,float32,0.5388742910813752,0.5388569664936388,1.976152699837101e-05,3.6671868236124166e-05,5.066394805908203e-06,1.359737780148862e-06,0.9999999998443804
1,1,q.conv0.weight,"[128, 64, 1]",float32,float32,0.4189687623143294,0.4189492645078966,7.626333553426419e-05,0.00018202630456980938,5.40073961019516e-06,5.635857433031188e-07,0.9999999845153671
1,1,q.conv2.bias,[1],float32,float32,1.7645002603530884,1.7644463777542114,5.3882598876953125e-05,3.0537030845306224e-05,5.3882598876953125e-05,5.3882598876953125e-05,1.0
1,1,q.conv2.weight,"[1, 128, 1]",float32,float32,0.9915738941774823,0.9915408774270273,0.00011710441425739611,0.00011809953342361344,3.0077993869781494e-05,7.813786396582145e-06,0.999999993580392
1,1,w_layers.0.bias,[64],float32,float32,0.007072926448933764,0.0070732102698551945,6.686079089158198e-06,0.0009453058981217198,3.438297426328063e-06,5.816182522266899e-07,0.9999995540213954
1,1,w_layers.0.weight,"[64, 64, 1]",float32,float32,0.03062586103962587,0.030635863834704034,6.269689912372144e-05,0.002047188127791732,8.04790761321783e-06,5.614388454717317e-07,0.9999979585150868
1,1,w_layers.1.bias,[64],float32,float32,0.022258366523871656,0.02225991727552951,7.852982182101242e-06,0.0003528103544201716,2.9655639082193375e-06,7.157295129900376e-07,0.9999999401935835
1,1,w_layers.1.weight,"[64, 64, 1]",float32,float32,0.030804929241476726,0.03080247237885137,4.3894951100472126e-05,0.0014249327033470534,5.09270466864109e-06,4.309878459951566e-07,0.9999989878831443
1,1,w_layers.2.bias,[64],float32,float32,0.08625668144018529,0.08625500336694122,9.026782330021311e-06,0.00010465023902271194,3.2335519790649414e-06,8.400280364639912e-07,0.9999999947132981
1,1,w_layers.2.weight,"[64, 64, 1]",float32,float32,0.04699832038223901,0.046984717184363575,4.749045529583111e-05,0.0010104713298175244,3.766268491744995e-06,5.138302088605884e-07,0.9999995312259461
1,1,w_layers.3.bias,[64],float32,float32,0.3362699553972874,0.3362589348674188,1.71593590337179e-05,5.1028522644685614e-05,1.0860152542591095e-05,1.4886354620102793e-06,0.9999999992350503
1,1,w_layers.3.weight,"[64, 64, 1]",float32,float32,0.14154742746970367,0.14153739998200268,5.9905132428670816e-05,0.000423215974317108,7.1087852120399475e-06,5.800560478330663e-07,0.9999999129472398
2,1,conv_layers.0.weights1,"[64, 64, 16]",complex64,complex64,0.006788009316660062,0.006782617550747946,0.00032555778565852313,0.0479607157962342,2.011087053688243e-05,1.8441232683919097e-07,0.9988492863118876
2,1,conv_layers.1.weights1,"[64, 64, 16]",complex64,complex64,0.005670227074102667,0.005667488993230179,0.00025076279838435756,0.044224471984491316,3.4458227673894726e-05,1.2166203288482132e-07,0.9990217422406501
2,1,conv_layers.2.weights1,"[64, 64, 16]",complex64,complex64,0.009295436405120738,0.009292339932348272,0.0002728448797420478,0.02935256268245147,3.778403879550751e-05,1.4431528720527263e-07,0.9995691254837766
2,1,conv_layers.3.weights1,"[64, 64, 16]",complex64,complex64,0.02747254613814381,0.027469150704505674,0.0003157278653094802,0.011492486488942973,2.5826751880231313e-05,1.646723836614284e-07,0.9999339608528294
2,1,mlp_layers.0.conv0.bias,[64],float32,float32,0.0026710475387939294,0.002670358589585099,7.551076338489553e-06,0.0028270093395264414,2.6675406843423843e-06,7.114989557521767e-07,0.9999960362512323
2,1,mlp_layers.0.conv0.weight,"[64, 64, 1]",float32,float32,0.00125415593650736,0.0012244667043724738,3.3036868452472195e-05,0.02634191450265349,1.703185262158513e-06,4.0367994146028874e-07,0.9999316311859224
2,1,mlp_layers.0.conv2.bias,[64],float32,float32,0.008626665729010342,0.008624597568062843,1.4286027182182109e-05,0.0016560311516580592,6.454094545915723e-06,1.2873014156866702e-06,0.999998657196236
2,1,mlp_layers.0.conv2.weight,"[64, 64, 1]",float32,float32,0.0028134966967609085,0.0027914370311222037,4.113269317523039e-05,0.014619776601332138,6.1004102462902665e-06,3.5897489186753617e-07,0.9999232673915643
2,1,mlp_layers.1.conv0.bias,[64],float32,float32,0.00719268502922744,0.007192406363997287,6.248176832432938e-06,0.0008686848940338,2.3494940251111984e-06,5.802270237609264e-07,0.9999996234291928
2,1,mlp_layers.1.conv0.weight,"[64, 64, 1]",float32,float32,0.0010643776275099358,0.0010445335790402405,2.2180825710558712e-05,0.02083924458507247,1.0867770470213145e-06,2.657302990306115e-07,0.9999558352682475
2,1,mlp_layers.1.conv2.bias,[64],float32,float32,0.02472137227670079,0.0247200965237119,1.6957220547660355e-05,0.0006859336268982959,6.302230758592486e-06,1.6347814835171448e-06,0.9999997660670092
2,1,mlp_layers.1.conv2.weight,"[64, 64, 1]",float32,float32,0.0076252648431138,0.007618718793672571,2.918938677294681e-05,0.003827983338743581,3.6631536204367876e-06,2.860519728586919e-07,0.9999930357772707
2,1,mlp_layers.2.conv0.bias,[64],float32,float32,0.02475596402223391,0.024754074068759235,9.526648116083408e-06,0.0003848223445278601,4.54392284154892e-06,8.60270120028872e-07,0.9999999288646051
2,1,mlp_layers.2.conv0.weight,"[64, 64, 1]",float32,float32,0.0015533000375973596,0.0015300719078873161,2.4356635480766654e-05,0.015680573547427086,1.2479795259423554e-06,2.9766180631440875e-07,0.9999887027035591
2,1,mlp_layers.2.conv2.bias,[64],float32,float32,0.09341447052548989,0.09340463036212256,2.4672419655890787e-05,0.00026411774875026943,1.1490657925605774e-05,2.0893077703476592e-06,0.9999999706659435
2,1,mlp_layers.2.conv2.weight,"[64, 64, 1]",float32,float32,0.026920595556640822,0.026909720058371465,3.460732361175529e-05,0.0012855333582402226,3.7619611248373985e-06,3.389314116308828e-07,0.9999992550026877
2,1,mlp_layers.3.conv0.bias,[64],float32,float32,0.10142138177993869,0.10141601368188959,1.2319237473247994e-05,0.00012146588083347094,6.9874804466962814e-06,1.0937972092506243e-06,0.9999999940234252
2,1,mlp_layers.3.conv0.weight,"[64, 64, 1]",float32,float32,0.00413955419396072,0.004111624550825827,2.81399838050216e-05,0.006797829545528259,1.0855146683752537e-06,3.5925906759215476e-07,0.9999996535393632
2,1,mlp_layers.3.conv2.bias,[64],float32,float32,0.34545894344931194,0.3454310367510077,4.018510692176683e-05,0.00011632382858735589,2.0839273929595947e-05,3.7612958294630516e-06,0.9999999964969274
2,1,mlp_layers.3.conv2.weight,"[64, 64, 1]",float32,float32,0.10618563506631516,0.1061793291720517,3.683339648110489e-05,0.00034687739502713014,3.0763912945985794e-06,3.823816339121322e-07,0.9999999415978916
2,1,p.bias,[64],float32,float32,0.005841157193031686,0.0058383729979985585,7.854244360765546e-06,0.0013446384168766094,2.575106918811798e-06,7.706342728397431e-07,0.9999992091950456
2,1,p.weight,"[64, 2]",float32,float32,0.004146698977951244,0.00415037578930436,2.5741865932990768e-05,0.006207797110391897,7.5705465860664845e-06,1.4301179476206016e-06,0.999981141453286
2,1,q.conv0.bias,[128],float32,float32,0.5318671650215518,0.5318286218478311,4.337450263815577e-05,8.155138254567414e-05,1.173466444015503e-05,2.988332653330872e-06,0.9999999993004172
2,1,q.conv0.weight,"[128, 64, 1]",float32,float32,0.42921955465964445,0.42915528641909684,0.00016119770725100382,0.00037556002633390683,1.1593103408813477e-05,1.1621927285265787e-06,0.9999999406784057
2,1,q.conv2.bias,[1],float32,float32,1.7293528318405151,1.7292354106903076,0.00011742115020751953,6.789889723229618e-05,0.00011742115020751953,0.00011742115020751953,1.0
2,1,q.conv2.weight,"[1, 128, 1]",float32,float32,1.0064637614784793,1.006358923204923,0.00025183862125353277,0.00025022125077169775,6.865896284580231e-05,1.7037811630871147e-05,0.9999999741171377
2,1,w_layers.0.bias,[64],float32,float32,0.00862710808945856,0.008625036579019203,1.4286012111351474e-05,0.0016559444906929489,6.45412364974618e-06,1.287294892904356e-06,0.9999986574294998
2,1,w_layers.0.weight,"[64, 64, 1]",float32,float32,0.037512770240332984,0.037511469081991586,0.00011166109551592693,0.00297661555786331,1.224986044690013e-05,1.0510203171699983e-06,0.9999955703278144
2,1,w_layers.1.bias,[64],float32,float32,0.02470215823881187,0.02470087452883558,1.6957233439302265e-05,0.0006864676873723192,6.302230758592486e-06,1.6347814835171448e-06,0.9999997657191937
2,1,w_layers.1.weight,"[64, 64, 1]",float32,float32,0.03623157686492061,0.036210136317345376,8.728282452777167e-05,0.002409026381964591,1.0748161002993584e-05,8.550452833128164e-07,0.9999972717738722
2,1,w_layers.2.bias,[64],float32,float32,0.09340619716817111,0.09339635644485593,2.467241890882394e-05,0.0002641411347086857,1.1490657925605774e-05,2.089307486130565e-06,0.99999997066138
2,1,w_layers.2.weight,"[64, 64, 1]",float32,float32,0.05636577809262016,0.056315457452727584,0.00010250657935269784,0.0018185960137773523,1.042662188410759e-05,1.073729557224401e-06,0.9999987437354679
2,1,w_layers.3.bias,[64],float32,float32,0.34546865652074915,0.3454407484761449,4.018510692176683e-05,0.00011632055806878469,2.0839273929595947e-05,3.7612958294630516e-06,0.9999999964974391
2,1,w_layers.3.weight,"[64, 64, 1]",float32,float32,0.15128798192491072,0.15124573855077145,0.00012921266605652853,0.0008540841408054547,1.5315134078264236e-05,1.2330471295847467e-06,0.9999996741624355
3,1,conv_layers.0.weights1,"[64, 64, 16]",complex64,complex64,0.009084018005169914,0.009065772332314644,0.0004613455271221575,0.05078650514118264,2.691260579013033e-05,2.972772017952355e-07,0.9987097911328122
3,1,conv_layers.1.weights1,"[64, 64, 16]",complex64,complex64,0.007611989745261733,0.007604825334291176,0.0003463609441056477,0.04550202452929583,4.4006974349031225e-05,2.0084154243476076e-07,0.9989642509635174
3,1,conv_layers.2.weights1,"[64, 64, 16]",complex64,complex64,0.011980135743889985,0.011973455576076824,0.0003470830577729529,0.028971546332433627,4.094414725841489e-05,2.1483690870721781e-07,0.9995802461561982
3,1,conv_layers.3.weights1,"[64, 64, 16]",complex64,complex64,0.03255894214683845,0.032549808047004566,0.0003803880890703248,0.011683060443266316,3.078398003708571e-05,2.3510269729784624e-07,0.9999317732604485
3,1,mlp_layers.0.conv0.bias,[64],float32,float32,0.0034805212790716897,0.003476912483865802,1.733150350041495e-05,0.0049795711937257675,5.778856575489044e-06,1.6333859917949667e-06,0.9999881271588924
3,1,mlp_layers.0.conv0.weight,"[64, 64, 1]",float32,float32,0.002323345961023563,0.002249244005154708,7.82461161345878e-05,0.03367820266427994,4.419147444423288e-06,9.262347961808137e-07,0.9999395921952201
3,1,mlp_layers.0.conv2.bias,[64],float32,float32,0.011111686825218474,0.011104111139269927,3.013794006260806e-05,0.0027122740711346045,1.3610930182039738e-05,2.745446366247961e-06,0.9999965518433461
3,1,mlp_layers.0.conv2.weight,"[64, 64, 1]",float32,float32,0.004220306237415332,0.0041524328524244515,9.812499252890211e-05,0.023250680639942706,1.680152490735054e-05,8.293081985959183e-07,0.9998567232502221
3,1,mlp_layers.1.conv0.bias,[64],float32,float32,0.008883197546296635,0.008882025331686045,1.4453695533913921e-05,0.0016270825295267245,5.278736352920532e-06,1.3362363802116306e-06,0.9999986848342141
3,1,mlp_layers.1.conv0.weight,"[64, 64, 1]",float32,float32,0.001868076479533089,0.0018236309732570794,4.657450246166177e-05,0.02493179640766244,2.547487383708358e-06,5.369520097928127e-07,0.9999715586538304
3,1,mlp_layers.1.conv2.bias,[64],float32,float32,0.029633753138567066,0.029628977760122688,3.662330315374137e-05,0.0012358644881224209,1.2598931789398193e-05,3.4857792456932657e-06,0.9999992491826046
3,1,mlp_layers.1.conv2.weight,"[64, 64, 1]",float32,float32,0.009401623147584321,0.009380804057196613,6.141592920810881e-05,0.006532481492186717,6.492104148492217e-06,6.123812639341475e-07,0.999981073246835
3,1,mlp_layers.2.conv0.bias,[64],float32,float32,0.027975058014779088,0.027971855352572936,1.7923004590689988e-05,0.0006406780132938903,8.124858140945435e-06,1.6052391060839e-06,0.9999998012962463
3,1,mlp_layers.2.conv0.weight,"[64, 64, 1]",float32,float32,0.0027878083049332424,0.002739896072945131,4.8762726528043955e-05,0.017491420210548385,2.520435373298824e-06,5.966900666759534e-07,0.9999946178161211
3,1,mlp_layers.2.conv2.bias,[64],float32,float32,0.1064171292039486,0.10639435071514805,4.7627542789099843e-05,0.00044755523049133926,1.698918640613556e-05,4.096121756447246e-06,0.9999999227391247
3,1,mlp_layers.2.conv2.weight,"[64, 64, 1]",float32,float32,0.031236892424222156,0.03120803221552113,7.295103712706813e-05,0.002335412759257044,8.957227692008018e-06,7.109308888253452e-07,0.9999976976051386
3,1,mlp_layers.3.conv0.bias,[64],float32,float32,0.10577302302329829,0.10575709281862393,2.1412363728326888e-05,0.00020243690797804327,7.439404726028442e-06,2.1268938326102216e-06,0.9999999908495721
3,1,mlp_layers.3.conv0.weight,"[64, 64, 1]",float32,float32,0.006488490798123384,0.00643703833865657,5.171103403060194e-05,0.00796965513853513,1.920168870128691e-06,6.624213390593603e-07,0.9999996806609306
3,1,mlp_layers.3.conv2.bias,[64],float32,float32,0.3651546254949723,0.36508338533898566,7.91604246717892e-05,0.00021678603841998747,2.253800630569458e-05,8.168016847776016e-06,0.9999999955322325
3,1,mlp_layers.3.conv2.weight,"[64, 64, 1]",float32,float32,0.11214451578723135,0.11212431859067096,7.260556433122605e-05,0.0006474285775059973,6.084796041250229e-06,7.386139883602816e-07,0.9999998066012435
3,1,p.bias,[64],float32,float32,0.007891531312648834,0.007883622837699625,1.722929207990163e-05,0.002183263475402536,6.059650331735611e-06,1.6623004057692015e-06,0.9999981169425685
3,1,p.weight,"[64, 2]",float32,float32,0.00544338557456522,0.005446839740260534,5.4166528623403334e-05,0.009950889548684925,1.6260426491498947e-05,3.023628210030438e-06,0.9999507225026956
3,1,q.conv0.bias,[128],float32,float32,0.5316934066544506,0.5315992995343694,0.00010253606555169768,0.00019284810431801388,2.6866793632507324e-05,7.134852467061137e-06,0.9999999970679155
3,1,q.conv0.weight,"[128, 64, 1]",float32,float32,0.4525376831124593,0.4523476073680059,0.0003520858731656767,0.0007780255353412868,2.6183202862739563e-05,2.4832700983856704e-06,0.9999997854572263
3,1,q.conv2.bias,[1],float32,float32,1.7132132053375244,1.7129309177398682,0.00028228759765625,0.00016477085092315514,0.00028228759765625,0.00028228759765625,1.0
3,1,q.conv2.weight,"[1, 128, 1]",float32,float32,1.0508288681847142,1.0505249862634147,0.0005498511040613902,0.0005232546618282832,0.00015142560005187988,3.784398177231196e-05,0.9999999048881995
3,1,w_layers.0.bias,[64],float32,float32,0.011111398091735199,0.0111038224533205,3.013792243108742e-05,0.002712342963708986,1.3610959285870194e-05,2.7454421456241107e-06,0.9999965516654825
3,1,w_layers.0.weight,"[64, 64, 1]",float32,float32,0.04794911054509264,0.047929898075818794,0.00023126562076098897,0.004823147251991265,2.444579149596393e-05,2.2185225799012387e-06,0.9999884442691567
3,1,w_layers.1.bias,[64],float32,float32,0.029614599092648308,0.02960980527568684,3.662327731810972e-05,0.0012366629446353464,1.2598931789398193e-05,3.485773731881636e-06,0.9999992483122072
3,1,w_layers.1.weight,"[64, 64, 1]",float32,float32,0.046057322532051706,0.04599376945958916,0.0001918130682426082,0.004164659552433248,2.5745946913957596e-05,1.8305856984146551e-06,0.9999922691571106
3,1,w_layers.2.bias,[64],float32,float32,0.10641125848465853,0.10638848172822093,4.7627531463632146e-05,0.0004475798157250314,1.698918640613556e-05,4.096121756447246e-06,0.9999999227271622
3,1,w_layers.2.weight,"[64, 64, 1]",float32,float32,0.0726713997508499,0.07252575703331036,0.0002362662763376159,0.0032511590136923537,3.076251596212387e-05,2.365445409824307e-06,0.999996716664917
3,1,w_layers.3.bias,[64],float32,float32,0.3651631775821292,0.3650919361699071,7.91604246717892e-05,0.00021678096131142672,2.253800630569458e-05,8.168016847776016e-06,0.9999999955331133
3,1,w_layers.3.weight,"[64, 64, 1]",float32,float32,0.17033141439399338,0.17019302878229972,0.00028794687647211377,0.0016905095134480844,3.425218164920807e-05,2.6933773417114892e-06,0.9999989002320925
4,1,conv_layers.0.weights1,"[64, 64, 16]",complex64,complex64,0.012165298250816846,0.012127135420126268,0.000776680132921863,0.06384390393961055,4.6170140194590203e-05,4.724231261595281e-07,0.9979605004655054
4,1,conv_layers.1.weights1,"[64, 64, 16]",complex64,complex64,0.010025092949629761,0.010007445611673191,0.0005270827744211098,0.052576347877211015,6.110587128205225e-05,2.9351888278112734e-07,0.998616978623743
4,1,conv_layers.2.weights1,"[64, 64, 16]",complex64,complex64,0.015298569002341597,0.01528622847869585,0.0004985289074704761,0.0325866365275191,5.0835684305639006e-05,3.0800989826674133e-07,0.9994689525313748
4,1,conv_layers.3.weights1,"[64, 64, 16]",complex64,complex64,0.03754592880061422,0.037526883053533314,0.0005545226034853539,0.014769180606241453,5.024951133236755e-05,3.3178294292878407e-07,0.9998910090238152
4,1,mlp_layers.0.conv0.bias,[64],float32,float32,0.004395058568358321,0.004385005625624879,3.394945121056566e-05,0.007724459340537695,1.1937343515455723e-05,3.191451241946197e-06,0.9999727199012399
4,1,mlp_layers.0.conv0.weight,"[64, 64, 1]",float32,float32,0.003908244325657816,0.003750459037892295,0.00016497110139128914,0.04221105121505474,9.881288860924542e-06,1.8914390707697182e-06,0.9999208857584551
4,1,mlp_layers.0.conv2.bias,[64],float32,float32,0.013772733855785537,0.013752872264053062,5.521990989459253e-05,0.004009364478599592,2.4068576749414206e-05,5.258335384894508e-06,0.9999929922114514
4,1,mlp_layers.0.conv2.weight,"[64, 64, 1]",float32,float32,0.006282139786667343,0.006117254966577045,0.0002085440659398781,0.033196342810211506,3.845855826511979e-05,1.6816747565179258e-06,0.9997878759233015
4,1,mlp_layers.1.conv0.bias,[64],float32,float32,0.010569676033427487,0.010563015846827352,2.945248617332886e-05,0.0027865079383874117,1.1486932635307312e-05,2.7628732226503416e-06,0.9999963138909946
4,1,mlp_layers.1.conv0.weight,"[64, 64, 1]",float32,float32,0.003011850570386176,0.0029240596292147408,9.07215865892911e-05,0.030121543041114047,5.567519110627472e-06,1.0490492613392938e-06,0.9999702982297739
4,1,mlp_layers.1.conv2.bias,[64],float32,float32,0.03439205390811779,0.034374879452143355,7.299014654376804e-05,0.0021222968171301826,2.5738030672073364e-05,6.863926955702482e-06,0.9999978715518134
4,1,mlp_layers.1.conv2.weight,"[64, 64, 1]",float32,float32,0.011416668800768621,0.011361293196643182,0.00012074649991040468,0.010576333781555921,1.1279480531811714e-05,1.2119292528631198e-06,0.9999556185859126
4,1,mlp_layers.2.conv0.bias,[64],float32,float32,0.030634279031347928,0.030624445970691853,3.561841394257022e-05,0.001162697966749015,1.3804063200950623e-05,3.428538775551715e-06,0.9999993753810387
4,1,mlp_layers.2.conv0.weight,"[64, 64, 1]",float32,float32,0.004453469810855437,0.004366732729568776,8.778257993076658e-05,0.019711053102188878,4.606146831065416e-06,1.070418308643517e-06,0.9999953088133204
4,1,mlp_layers.2.conv2.bias,[64],float32,float32,0.11606891959192066,0.11601296547880657,9.983073426326263e-05,0.0008600987638572942,3.472715616226196e-05,8.584235274611274e-06,0.9999997461916396
4,1,mlp_layers.2.conv2.weight,"[64, 64, 1]",float32,float32,0.03507783137385996,0.0350098352127383,0.00013795512716305598,0.003932829418464572,1.7945189028978348e-05,1.3416982017622203e-06,0.9999941338238911
4,1,mlp_layers.3.conv0.bias,[64],float32,float32,0.10566627570017313,0.10563191632800088,4.228278746128962e-05,0.0004001540432944429,1.2634322047233582e-05,4.298934982216451e-06,0.9999999727968875
4,1,mlp_layers.3.conv0.weight,"[64, 64, 1]",float32,float32,0.008913669448219343,0.008821275495641987,9.275937209260934e-05,0.01040641821322414,3.2863463275134563e-06,1.1860918306405566e-06,0.9999995697653892
4,1,mlp_layers.3.conv2.bias,[64],float32,float32,0.3665868223312086,0.3664396867127687,0.00016029475755439113,0.0004372627377466557,4.575401544570923e-05,1.645259453653125e-05,0.9999999849420828
4,1,mlp_layers.3.conv2.weight,"[64, 64, 1]",float32,float32,0.11287607525999796,0.11282480116909813,0.00013908724429142623,0.0012322119100177222,1.1126743629574776e-05,1.423147836465688e-06,0.9999993437008496
4,1,p.bias,[64],float32,float32,0.010207919376375857,0.010191426975245462,3.258949015724303e-05,0.0031925693136511976,1.1603697203099728e-05,3.166582132507756e-06,0.9999962027743026
4,1,p.weight,"[64, 2]",float32,float32,0.007255311469658197,0.007248634726434333,0.00010133018998201965,0.013966345953000607,3.129409742541611e-05,5.939040320868116e-06,0.9999028045811679
4,1,q.conv0.bias,[128],float32,float32,0.5001397421663384,0.49995426108307506,0.00019928715447213246,0.00039846294479404273,4.947930574417114e-05,1.3875633726456726e-05,0.9999999893777213
4,1,q.conv0.weight,"[128, 64, 1]",float32,float32,0.45558466396533726,0.45515130743214255,0.0006607420207265579,0.0014503166436191318,4.996173083782196e-05,4.588853761117173e-06,0.9999994001201142
4,1,q.conv2.bias,[1],float32,float32,1.5937193632125854,1.5931745767593384,0.0005447864532470703,0.00034183336528515373,0.0005447864532470703,0.0005447864532470703,1.0
4,1,q.conv2.weight,"[1, 128, 1]",float32,float32,1.0482890768303779,1.0475821566871946,0.0010594010353034307,0.0010106000899166585,0.00030741095542907715,7.345341415998519e-05,0.999999716530651
4,1,w_layers.0.bias,[64],float32,float32,0.013771749710178631,0.013751901281998168,5.521978860299946e-05,0.004009642185276341,2.406863495707512e-05,5.258322453016717e-06,0.9999929898711577
4,1,w_layers.0.weight,"[64, 64, 1]",float32,float32,0.06022897941562059,0.06013792782013005,0.00043035890307904746,0.007145379305023263,4.379480378702283e-05,4.162558583847842e-06,0.9999755775614674
4,1,w_layers.1.bias,[64],float32,float32,0.03437339505366778,0.034356186966348484,7.299013372383506e-05,0.0021234484871184324,2.5738030672073364e-05,6.863924795652565e-06,0.9999978697281322
4,1,w_layers.1.weight,"[64, 64, 1]",float32,float32,0.05794970393887642,0.05778440113061772,0.00037656728232641015,0.006498174394878735,5.758553743362427e-05,3.4507847670589564e-06,0.9999829065463354
4,1,w_layers.2.bias,[64],float32,float32,0.11606449038854334,0.11600854124161246,9.983073718458841e-05,0.0008601316117478309,3.472715616226196e-05,8.584244824305642e-06,0.9999997461516155
4,1,w_layers.2.weight,"[64, 64, 1]",float32,float32,0.09121338105807336,0.0908727885695061,0.0004813774736594153,0.0052774874483924004,7.324479520320892e-05,4.537375724075754e-06,0.9999930194461598
4,1,w_layers.3.bias,[64],float32,float32,0.36659439590196846,0.36644725714525306,0.00016029475755439113,0.000437253704219897,4.575401544570923e-05,1.645259453653125e-05,0.9999999849461421
4,1,w_layers.3.weight,"[64, 64, 1]",float32,float32,0.18687924435692824,0.18654489073835612,0.0005523884460482685,0.0029558576606465697,6.208941340446472e-05,5.196091790490853e-06,0.999997227007101
5,1,conv_layers.0.weights1,"[64, 64, 16]",complex64,complex64,0.016635133497730138,0.016568284092404167,0.0013682070940715463,0.0822480381211391,8.197415081667714e-05,7.547004791258808e-07,0.9966120900099514
5,1,conv_layers.1.weights1,"[64, 64, 16]",complex64,complex64,0.013629669376877498,0.013593187675749149,0.0008845123778060273,0.06489609933653911,9.187821342493407e-05,4.4315832493859214e-07,0.9978921884929899
5,1,conv_layers.2.weights1,"[64, 64, 16]",complex64,complex64,0.02026370726070451,0.020240943249348393,0.0008202823547189703,0.04048036937000498,7.294149691006169e-05,4.58775089618875e-07,0.9991803800970565
5,1,conv_layers.3.weights1,"[64, 64, 16]",complex64,complex64,0.044843291345658266,0.04480039141352789,0.0009001075076235562,0.020072289089696906,8.447690197499469e-05,4.836868703956896e-07,0.999798816743064
5,1,mlp_layers.0.conv0.bias,[64],float32,float32,0.0056856642030940615,0.005663759968973445,6.432115665775316e-05,0.011312865895729553,2.3068860173225403e-05,5.977814062418929e-06,0.9999432117761552
5,1,mlp_layers.0.conv0.weight,"[64, 64, 1]",float32,float32,0.00630594261973889,0.005996744666391035,0.0003261469136252465,0.05172056475812831,2.0668143406510353e-05,3.6165265367574598e-06,0.9998576173670789
5,1,mlp_layers.0.conv2.bias,[64],float32,float32,0.01745891420794706,0.017418087727946757,9.666085452660983e-05,0.005536475715231541,3.8944766856729984e-05,9.292312356024013e-06,0.9999873783350426
5,1,mlp_layers.0.conv2.weight,"[64, 64, 1]",float32,float32,0.009511156817558505,0.009162355615625731,0.00041562362905051844,0.04369853604802704,7.780792657285929e-05,3.2103990236682922e-06,0.9997069197522095
5,1,mlp_layers.1.conv0.bias,[64],float32,float32,0.01288488418425342,0.012867336059107072,5.4275853139799655e-05,0.00421236639489007,2.362579107284546e-05,5.08744994931476e-06,0.9999920445571258
5,1,mlp_layers.1.conv0.weight,"[64, 64, 1]",float32,float32,0.004785587783497012,0.004621517401528908,0.00016900688718480777,0.03531580546231418,1.1157972039654851e-05,1.9395946765504712e-06,0.999962828103415
5,1,mlp_layers.1.conv2.bias,[64],float32,float32,0.04079532079827233,0.04075530814521619,0.0001294056565506942,0.0031720710615462176,4.610978066921234e-05,1.2311066711845342e-05,0.9999954455142868
5,1,mlp_layers.1.conv2.weight,"[64, 64, 1]",float32,float32,0.01442997808050686,0.014303492303017355,0.00022175348044722965,0.015367554906184615,2.081179991364479e-05,2.211578355296173e-06,0.9999196315358632
5,1,mlp_layers.2.conv0.bias,[64],float32,float32,0.034506694225814746,0.034483802623287554,6.188164902468934e-05,0.0017933230178391055,2.148561179637909e-05,6.008187824591005e-06,0.9999986111220196
5,1,mlp_layers.2.conv0.weight,"[64, 64, 1]",float32,float32,0.007010415834747116,0.006867825301394489,0.0001444630787121763,0.0206069200625939,7.549504516646266e-06,1.7566817725692824e-06,0.999994417839132
5,1,mlp_layers.2.conv2.bias,[64],float32,float32,0.12865547265794555,0.12853889235503288,0.0001944667582309849,0.0015115311786853473,7.028505206108093e-05,1.6738565363993985e-05,0.9999992675209161
5,1,mlp_layers.2.conv2.weight,"[64, 64, 1]",float32,float32,0.04066361635305365,0.040524677928241465,0.0002348931810661736,0.00577649511117656,3.3079879358410835e-05,2.2667137865584053e-06,0.9999891160395247
5,1,mlp_layers.3.conv0.bias,[64],float32,float32,0.10822608023607187,0.10814868062852477,8.604929870658962e-05,0.0007950883790569852,2.7824193239212036e-05,8.987140802219074e-06,0.9999999396052108
5,1,mlp_layers.3.conv0.weight,"[64, 64, 1]",float32,float32,0.01217683676931634,0.012044780036264302,0.00013255734188395932,0.010886024375228745,4.567787982523441e-06,1.6741101268799574e-06,0.999999548406072
5,1,mlp_layers.3.conv2.bias,[64],float32,float32,0.3738684247750873,0.37357310011435174,0.0003109340936629829,0.000831667166998752,8.828192949295044e-05,3.255964475101791e-05,0.9999999661217656
5,1,mlp_layers.3.conv2.weight,"[64, 64, 1]",float32,float32,0.11596288730457065,0.11584980338835366,0.0002168767527484187,0.0018702255332674056,1.6364268958568573e-05,2.26898283750554e-06,0.9999987253667618
5,1,p.bias,[64],float32,float32,0.013489141938816424,0.013458478967259862,5.819361929845335e-05,0.004314108307437636,2.025696448981762e-05,5.675164288732049e-06,0.999993262546575
5,1,p.weight,"[64, 2]",float32,float32,0.00925256232414059,0.009241426544529934,0.00018389712351073496,0.019875264501697475,5.7556433603167534e-05,1.0823382964986195e-05,0.9998029740507913
5,1,q.conv0.bias,[128],float32,float32,0.4757662529658148,0.4754119639515762,0.00037301827874281374,0.000784036859313803,8.50781798362732e-05,2.6170047703999444e-05,0.9999999698876305
5,1,q.conv0.weight,"[128, 64, 1]",float32,float32,0.47010900358734165,0.46924451916942517,0.0011503712137694094,0.0024470308056026876,8.859112858772278e-05,7.945982197665735e-06,0.9999986943996516
5,1,q.conv2.bias,[1],float32,float32,1.495929479598999,1.4949003458023071,0.0010291337966918945,0.0006879560906626198,0.0010291337966918945,0.0010291337966918945,1.0
5,1,q.conv2.weight,"[1, 128, 1]",float32,float32,1.0730721397609937,1.0716192582714108,0.0018877893664224245,0.001759238075869618,0.0005626082420349121,0.00013246232401797897,0.9999993682699483
5,1,w_layers.0.bias,[64],float32,float32,0.01745751383710343,0.01741671129410765,9.666076531962756e-05,0.005536914718875321,3.894479596056044e-05,9.292282392436846e-06,0.9999873731401936
5,1,w_layers.0.weight,"[64, 64, 1]",float32,float32,0.07542021727626227,0.07525700458968776,0.0007555411962254622,0.010017754171377347,7.242438732646406e-05,7.218405832440378e-06,0.9999520601003482
5,1,w_layers.1.bias,[64],float32,float32,0.04077719399869494,0.04073711873775977,0.00012940569154487253,0.0031734820093068223,4.610978066921234e-05,1.2311069440329447e-05,0.9999954429616691
5,1,w_layers.1.weight,"[64, 64, 1]",float32,float32,0.07317627892476504,0.07283658160257443,0.0006805479141684318,0.009300116433470547,9.685056284070015e-05,6.1043599966781326e-06,0.999967377386106
5,1,w_layers.2.bias,[64],float32,float32,0.12865176908442805,0.12853519846412767,0.0001944667452183257,0.001511574590868676,7.028505206108093e-05,1.673855717854167e-05,0.9999992674106725
5,1,w_layers.2.weight,"[64, 64, 1]",float32,float32,0.11520458808313745,0.11450483465175856,0.0009108058540686848,0.007905985943992102,0.00015093199908733368,8.183307121795158e-06,0.9999871162151796
5,1,w_layers.3.bias,[64],float32,float32,0.37387520798879453,0.37357987877617516,0.00031093420324045676,0.0008316523711563561,8.828192949295044e-05,3.255969568272121e-05,0.9999999661323756
5,1,w_layers.3.weight,"[64, 64, 1]",float32,float32,0.2112338614170724,0.21052104235487823,0.0010031866521817668,0.004749175371087957,0.00010703876614570618,9.580788843832622e-06,0.9999943975521294
6,1,conv_layers.0.weights1,"[64, 64, 16]",complex64,complex64,0.02153325180790422,0.021394547297962616,0.0020634361212021756,0.09582556966360042,0.00012436076940502971,1.2566430551999976e-06,0.9953998444935851
6,1,conv_layers.1.weights1,"[64, 64, 16]",complex64,complex64,0.017446432148445757,0.017359538361873948,0.0012930434078815692,0.0741150624310749,0.0001776900317054242,6.679564642742786e-07,0.997252196248318
6,1,conv_layers.2.weights1,"[64, 64, 16]",complex64,complex64,0.025137783364775696,0.025094590213514855,0.0010948840386194071,0.04355531363809956,9.029528519022278e-05,6.67664635797867e-07,0.9990513134425425
6,1,conv_layers.3.weights1,"[64, 64, 16]",complex64,complex64,0.05039891264128131,0.050305163936269215,0.0009839424238186954,0.01952308834164721,8.26753384899348e-05,6.360177696381287e-07,0.9998108026267242
6,1,mlp_layers.0.conv0.bias,[64],float32,float32,0.006967187770459982,0.006914384146167531,0.0001244879662102058,0.01786774955858366,4.631117917597294e-05,1.1371202745635856e-05,0.9998680919124929
6,1,mlp_layers.0.conv0.weight,"[64, 64, 1]",float32,float32,0.009532655936133932,0.00892569236451462,0.0006351979093554162,0.06663388604509178,4.12919616792351e-05,6.6794943534426165e-06,0.9997939038708513
6,1,mlp_layers.0.conv2.bias,[64],float32,float32,0.020750054549901066,0.020657084084927786,0.000179280230730794,0.008639988405796687,6.220859359018505e-05,1.6998960226999316e-05,0.9999725898961855
6,1,mlp_layers.0.conv2.weight,"[64, 64, 1]",float32,float32,0.013834660008620549,0.013110907639504168,0.0008114068291800026,0.058650290551007754,0.00014980649575591087,6.039862511360294e-06,0.9996290663835746
6,1,mlp_layers.1.conv0.bias,[64],float32,float32,0.014587127589614305,0.014539758392207863,0.00010306448382684225,0.007065440621786414,4.8611313104629517e-05,9.346013314370794e-06,0.9999802482055367
6,1,mlp_layers.1.conv0.weight,"[64, 64, 1]",float32,float32,0.006904786970220188,0.006599292829546828,0.00031458856241323445,0.0455609367486688,2.2459746105596423e-05,3.5860623800142155e-06,0.9999381204669595
6,1,mlp_layers.1.conv2.bias,[64],float32,float32,0.04487407543330836,0.04477135332298647,0.00024287507616120458,0.005412369476495719,9.326264262199402e-05,2.3313234123634174e-05,0.9999879455677837
6,1,mlp_layers.1.conv2.weight,"[64, 64, 1]",float32,float32,0.01729386073887295,0.017016630838378115,0.00041201349708005385,0.023824263610145446,4.2951665818691254e-05,4.01061212518955e-06,0.9998421610710887
6,1,mlp_layers.2.conv0.bias,[64],float32,float32,0.036220190338141736,0.03616520619685789,0.0001257627488584948,0.003472172500597273,4.363618791103363e-05,1.2175136475889303e-05,0.9999951168374775
6,1,mlp_layers.2.conv0.weight,"[64, 64, 1]",float32,float32,0.009924412327570744,0.009627382269432739,0.0003021448894548255,0.03044461268658144,1.549892476759851e-05,3.6787333844851e-06,0.9999839623049797
6,1,mlp_layers.2.conv2.bias,[64],float32,float32,0.13187427052066505,0.1316111365031322,0.00038485466992046644,0.0029183453936919308,0.00014418736100196838,3.287705754928538e-05,0.9999977277872626
6,1,mlp_layers.2.conv2.weight,"[64, 64, 1]",float32,float32,0.04443706867123312,0.04409354356179978,0.0005038016723462906,0.011337419128018065,7.435306906700134e-05,4.806642650949378e-06,0.9999653446289097
6,1,mlp_layers.3.conv0.bias,[64],float32,float32,0.10346680753240027,0.10330572376666565,0.00017437630166405884,0.0016853356725967748,5.8887526392936707e-05,1.8072940463298437e-05,0.999999791410116
6,1,mlp_layers.3.conv0.weight,"[64, 64, 1]",float32,float32,0.015296346646983408,0.015030924216959325,0.0002667358713406112,0.017437880919965565,9.680719813331962e-06,3.3236477485695803e-06,0.9999984799841496
6,1,mlp_layers.3.conv2.bias,[64],float32,float32,0.3526795633822687,0.35208016516992385,0.000620346042353806,0.00175895091965228,0.0001735389232635498,6.53165707262815e-05,0.9999998971140737
6,1,mlp_layers.3.conv2.weight,"[64, 64, 1]",float32,float32,0.11097735311009671,0.11071363593894401,0.00045191271662895394,0.004072116553191058,3.166450187563896e-05,4.787502411562894e-06,0.9999945193465963
6,1,p.bias,[64],float32,float32,0.016660029246523253,0.01659414979638258,0.00010919086833824404,0.006554062224172317,3.625056706368923e-05,1.0707502610785014e-05,0.9999862863151433
6,1,p.weight,"[64, 2]",float32,float32,0.011772860899501612,0.01168593799345354,0.00034127382827496425,0.028988181478421412,0.00010234571527689695,2.072141722919696e-05,0.9996041769494891
6,1,q.conv0.bias,[128],float32,float32,0.4180090890577254,0.41732526663785613,0.0007125382781464113,0.0017045999639687562,0.00015191733837127686,4.988783985027112e-05,0.9999998850711614
6,1,q.conv0.weight,"[128, 64, 1]",float32,float32,0.4555227337184634,0.45374420738453997,0.0021293954989216684,0.004674619599200388,0.00016332603991031647,1.4661347868316632e-05,0.9999966830423549
6,1,q.conv2.bias,[1],float32,float32,1.293265461921692,1.2913262844085693,0.0019391775131225586,0.0014994427441378444,0.0019391775131225586,0.0019391775131225586,1.0
6,1,q.conv2.weight,"[1, 128, 1]",float32,float32,1.0311779851314014,1.0280649467300784,0.0036563740673333485,0.0035458224671732325,0.0010950565338134766,0.0002546017894644592,0.9999982652575283
6,1,w_layers.0.bias,[64],float32,float32,0.02074781603146059,0.02065488520883227,0.00017928030823109094,0.008640924324721327,6.220868090167642e-05,1.699892339956932e-05,0.9999725753897231
6,1,w_layers.0.weight,"[64, 64, 1]",float32,float32,0.09092005534324908,0.09037439942693845,0.0013333996279429662,0.014665627104042152,0.0001273658126592636,1.2931383997515089e-05,0.999909928073538
6,1,w_layers.1.bias,[64],float32,float32,0.044856804387581405,0.04475396649336748,0.00024287508003961026,0.005414453467105431,9.326264262199402e-05,2.3313222982324078e-05,0.9999879421689613
6,1,w_layers.1.weight,"[64, 64, 1]",float32,float32,0.08890359147583012,0.08809503231017494,0.0013089598667274122,0.014723363195999503,0.0002115825191140175,1.1074726478044195e-05,0.9999323536277089
6,1,w_layers.2.bias,[64],float32,float32,0.13187081985407784,0.13160769442946932,0.00038485459224036505,0.0029184211690366935,0.00014418736100196838,3.287707573917942e-05,0.999997727539818
6,1,w_layers.2.weight,"[64, 64, 1]",float32,float32,0.13801875237621292,0.13658207904678968,0.0017533037946053905,0.012703373740303182,0.000302264466881752,1.4931501606918474e-05,0.9999732096458053
6,1,w_layers.3.bias,[64],float32,float32,0.3526857057611715,0.35208630040527683,0.0006203460035224072,0.0017589201756378738,0.0001735389232635498,6.531658436870202e-05,0.9999998971523344
6,1,w_layers.3.weight,"[64, 64, 1]",float32,float32,0.22667642700150858,0.22518952356857086,0.0018620206572129505,0.008214443300716745,0.0001816796138882637,1.7918465675170747e-05,0.9999876948255956
7,1,conv_layers.0.weights1,"[64, 64, 16]",complex64,complex64,0.02112078119526061,0.020946781376764322,0.0031163383841693736,0.1475484431829947,0.00016816577408462763,1.969698891753763e-06,0.9890585240267717
7,1,conv_layers.1.weights1,"[64, 64, 16]",complex64,complex64,0.017307560456490022,0.017179186028751757,0.0018322885726531288,0.10586636847286318,0.00018909440404968336,9.787642426265043e-07,0.9943819936465369
7,1,conv_layers.2.weights1,"[64, 64, 16]",complex64,complex64,0.023958708434348892,0.023912217022425457,0.001596982088513636,0.06665560010839691,0.00012032220547553152,9.661946765093306e-07,0.9977760827512617
7,1,conv_layers.3.weights1,"[64, 64, 16]",complex64,complex64,0.04372929357540003,0.0436122226658826,0.0015267112569252294,0.03491278116104951,0.00013314899115357548,9.537334155332552e-07,0.9993925061184235
7,1,mlp_layers.0.conv0.bias,[64],float32,float32,0.006462202120058974,0.006376971438739369,0.00020193963427642453,0.03124935285598613,7.272162474691868e-05,1.8340065778943426e-05,0.99959335193196
7,1,mlp_layers.0.conv0.weight,"[64, 64, 1]",float32,float32,0.01077518177790318,0.009741761381883908,0.0010833779306010539,0.10054381939270413,7.619796087965369e-05,1.1149746760301393e-05,0.9994962809304632
7,1,mlp_layers.0.conv2.bias,[64],float32,float32,0.018651024945472546,0.018517647577423177,0.0002592706476318757,0.013901147437734379,8.41165310703218e-05,2.5167528036718068e-05,0.9999284371807933
7,1,mlp_layers.0.conv2.weight,"[64, 64, 1]",float32,float32,0.015240764234502888,0.013962272543688632,0.0013988940125780117,0.09178634293227356,0.00024130335077643394,1.0153815433674735e-05,0.999242551778863
7,1,mlp_layers.1.conv0.bias,[64],float32,float32,0.01263155130534846,0.012555956223958404,0.0001572373641876107,0.012447985238442814,7.759686559438705e-05,1.4008370101237233e-05,0.9999400730519712
7,1,mlp_layers.1.conv0.weight,"[64, 64, 1]",float32,float32,0.007739569777932927,0.007249758297764518,0.0005060024628035912,0.06537862921609754,3.78228141926229e-05,5.706768579728794e-06,0.9998563250461411
7,1,mlp_layers.1.conv2.bias,[64],float32,float32,0.03739357765964659,0.03723864943987837,0.0003551356975977944,0.009497237756446083,0.0001361984759569168,3.457099910519901e-05,0.9999633322754253
7,1,mlp_layers.1.conv2.weight,"[64, 64, 1]",float32,float32,0.01623900450413181,0.015750804269544016,0.0006415236058543395,0.03950510671335253,6.719725206494331e-05,6.108070145005584e-06,0.9996613987780771
7,1,mlp_layers.2.conv0.bias,[64],float32,float32,0.02898244872299576,0.028908249792360046,0.00017140220786640163,0.005914000211114138,4.945928230881691e-05,1.6667767567923875e-05,0.9999857529675784
7,1,mlp_layers.2.conv0.weight,"[64, 64, 1]",float32,float32,0.010776550756258012,0.01039182576725785,0.0003952160071032978,0.03667370163628593,2.1435116650536656e-05,4.809417723072862e-06,0.9999634676378485
7,1,mlp_layers.2.conv2.bias,[64],float32,float32,0.10233361252765312,0.1019822478052116,0.000541521779828883,0.005291729339492927,0.0002001747488975525,4.491350023272389e-05,0.9999918654070754
7,1,mlp_layers.2.conv2.weight,"[64, 64, 1]",float32,float32,0.03793321359862531,0.03742514610135724,0.0006681472690578327,0.017613779737397365,0.00010041613131761551,6.19214547548097e-06,0.9999336852789427
7,1,mlp_layers.3.conv0.bias,[64],float32,float32,0.07566330834025746,0.07546985102359326,0.00020545011134342833,0.0027153202238992826,6.922334432601929e-05,2.104386021528626e-05,0.9999995811064176
7,1,mlp_layers.3.conv0.weight,"[64, 64, 1]",float32,float32,0.014787175412115997,0.014504805269284222,0.00028414961837527593,0.019215949662871757,1.0730000212788582e-05,3.551264113360597e-06,0.9999976499345171
7,1,mlp_layers.3.conv2.bias,[64],float32,float32,0.2523542941178139,0.25167318022534796,0.0007031321548994564,0.002786289638373234,0.00019723176956176758,7.453946500390884e-05,0.9999997600511327
7,1,mlp_layers.3.conv2.weight,"[64, 64, 1]",float32,float32,0.08154237173305996,0.08120831930648244,0.0004941717224152379,0.006060305972371962,3.2168813049793243e-05,5.340139909465469e-06,0.9999899866890315
7,1,p.bias,[64],float32,float32,0.015527485946740272,0.015439002737641405,0.00016229154787250814,0.01045188824702034,5.261169280856848e-05,1.576834461047838e-05,0.9999613954171366
7,1,p.weight,"[64, 2]",float32,float32,0.010241210003912916,0.010138688553980342,0.0005404067161182279,0.052767858086276105,0.00016134418547153473,3.175584195957981e-05,0.9986443120531417
7,1,q.conv0.bias,[128],float32,float32,0.2789118793237135,0.27818366411763107,0.00077784296527839,0.0027888484605404786,0.00017840787768363953,5.252728078630753e-05,0.9999995183431045
7,1,q.conv0.weight,"[128, 64, 1]",float32,float32,0.3383117424752327,0.33586676761642725,0.002875421393896088,0.0084993248323522,0.0002230275422334671,1.9665663534562672e-05,0.9999899225861795
7,1,q.conv2.bias,[1],float32,float32,0.8462740778923035,0.8443289995193481,0.0019450783729553223,0.0022984024015005365,0.0019450783729553223,0.0019450783729553223,1.0
7,1,q.conv2.weight,"[1, 128, 1]",float32,float32,0.7617077565992906,0.757496786362423,0.00487081528577106,0.006394598510480229,0.0014143288135528564,0.0003395593189452484,0.9999948070512661
7,1,w_layers.0.bias,[64],float32,float32,0.01864827817120379,0.01851496320421944,0.00025927079708977426,0.013903203004024993,8.411667658947408e-05,2.5167464972497555e-05,0.999928392051156
7,1,w_layers.0.weight,"[64, 64, 1]",float32,float32,0.07943235423382004,0.07879337755081692,0.0019974406069914233,0.025146435936063062,0.00018603657372295856,1.933143686054517e-05,0.9997138820443549
7,1,w_layers.1.bias,[64],float32,float32,0.037377137580470864,0.03722198486284382,0.00035513549123753743,0.009501409530704453,0.0001361984759569168,3.457098455328378e-05,0.9999633247943513
7,1,w_layers.1.weight,"[64, 64, 1]",float32,float32,0.07844950613010448,0.07717572256624071,0.0019940214002216123,0.025417896154943664,0.0003252066671848297,1.6609254075067303e-05,0.9998056291442107
7,1,w_layers.2.bias,[64],float32,float32,0.10233021450163785,0.10197885875367042,0.0005415215272821704,0.005291902591228352,0.0002001747488975525,4.491345544010983e-05,0.9999918645775471
7,1,w_layers.2.weight,"[64, 64, 1]",float32,float32,0.12158096716037822,0.11924062009386395,0.002762557598062903,0.02272195774210939,0.0004915772005915642,2.2652613014262357e-05,0.9999256935178201
7,1,w_layers.3.bias,[64],float32,float32,0.252359940763243,0.25167881724627067,0.0007031322045062108,0.0027862274907009496,0.00019723176956176758,7.453946318491944e-05,0.9999997601645397
7,1,w_layers.3.weight,"[64, 64, 1]",float32,float32,0.18432867526475602,0.18201691709971918,0.00277621342322642,0.015061212908077777,0.000263129360973835,2.689895161167577e-05,0.9999647828741234
8,1,conv_layers.0.weights1,"[64, 64, 16]",complex64,complex64,0.004499837168864532,0.003985704607651926,0.005301515652329392,1.1781572206683095,0.0002814829640556127,3.1826878525312595e-06,0.2238164991184829
8,1,conv_layers.1.weights1,"[64, 64, 16]",complex64,complex64,0.002842747713483395,0.002623102736865422,0.0030886615638089695,1.0865056892524034,0.00033076621184591204,1.5039111980135897e-06,0.36356334057159323
8,1,conv_layers.2.weights1,"[64, 64, 16]",complex64,complex64,0.002664775665417086,0.002655984146204178,0.0026247326247999,0.9849732038847187,0.00018755153723759577,1.4990646194022797e-06,0.513313680380404
8,1,conv_layers.3.weights1,"[64, 64, 16]",complex64,complex64,0.0036668987356224367,0.0036865027654294845,0.002374283493702783,0.6474908812282107,0.0002084931984427385,1.3543695175946707e-06,0.7915067203154911
8,1,mlp_layers.0.conv0.bias,[64],float32,float32,0.0008126865784617018,0.0005417389746887568,0.0003577724360596652,0.44023421272303614,0.00011998442460026126,3.2788339257905363e-05,0.9380047962272965
8,1,mlp_layers.0.conv0.weight,"[64, 64, 1]",float32,float32,0.0038510566395073514,0.0019459690215633961,0.001966712749365118,0.5106943193691149,0.0001384200731990859,1.955307492040176e-05,0.9840806624657326
8,1,mlp_layers.0.conv2.bias,[64],float32,float32,0.0015700872952277047,0.0013782238531709194,0.0003982642978899584,0.2536574234442165,0.00014557684698957019,3.7397172771846954e-05,0.9718561202521144
8,1,mlp_layers.0.conv2.weight,"[64, 64, 1]",float32,float32,0.005022687477657182,0.002562044074758439,0.0025302401909274327,0.5037622193662059,0.00041119649540632963,1.7928020185597072e-05,0.9865037259298838
8,1,mlp_layers.1.conv0.bias,[64],float32,float32,0.0010350206357205534,0.0009131886142287902,0.000245757357491248,0.23744198812051545,0.00011223135516047478,2.2818434349147765e-05,0.9759018575476983
8,1,mlp_layers.1.conv0.weight,"[64, 64, 1]",float32,float32,0.002049395880772682,0.0012255779664173026,0.0008762200734384316,0.4275504218872886,6.701937672914937e-05,9.784720571240357e-06,0.9822658242561638
8,1,mlp_layers.1.conv2.bias,[64],float32,float32,0.00268835296847853,0.002512269814691132,0.0005428410193770813,0.2019232689092539,0.00021199012189754285,5.2526277066533567e-05,0.980479993484751
8,1,mlp_layers.1.conv2.weight,"[64, 64, 1]",float32,float32,0.0027453677030315356,0.0017748732563112038,0.001064546327777832,0.387760927835758,0.0001121015811804682,9.823610974742103e-06,0.9803599431861997
8,1,mlp_layers.2.conv0.bias,[64],float32,float32,0.001863627505942474,0.0018405407650411425,0.00027514462516994566,0.14763928107553848,0.00010876834858208895,2.703565266415353e-05,0.9890423088302154
8,1,mlp_layers.2.conv0.weight,"[64, 64, 1]",float32,float32,0.001995933900364847,0.0013497507199249584,0.0006857909564223743,0.34359402197488353,3.478805592749268e-05,8.385744842159815e-06,0.9902085608087592
8,1,mlp_layers.2.conv2.bias,[64],float32,float32,0.006541755208937545,0.0063727570043286596,0.0006893214662575522,0.10537255587243317,0.00041820519254542887,5.543706673449833e-05,0.9946436288258181
8,1,mlp_layers.2.conv2.weight,"[64, 64, 1]",float32,float32,0.004127779357147976,0.0031740783705972923,0.0010975231088834684,0.2658870578881388,0.00016794068505987525,9.926807401178413e-06,0.9887416515389642
8,1,mlp_layers.3.conv0.bias,[64],float32,float32,0.004381708849289239,0.004434210010927371,0.00013980353872123166,0.03190616801111952,5.029625026509166e-05,1.2589577195853963e-05,0.9995679577710856
8,1,mlp_layers.3.conv0.weight,"[64, 64, 1]",float32,float32,0.0018479160594960533,0.0014121530151755429,0.0004553914071398748,0.24643511527469758,1.8255726899951696e-05,5.709104994075509e-06,0.9966484703578539
8,1,mlp_layers.3.conv2.bias,[64],float32,float32,0.014376555521372854,0.01446756952827618,0.00025256324951672507,0.01756771635189339,8.168496242433321e-05,2.479648284747782e-05,0.9998665714047038
8,1,mlp_layers.3.conv2.weight,"[64, 64, 1]",float32,float32,0.005402205367697044,0.005060211794601319,0.0007070196559648879,0.13087611592713105,5.666326433129143e-05,7.73450929556635e-06,0.9929961782794706
8,1,p.bias,[64],float32,float32,0.0011320698779698042,0.0010396191719774025,0.0002342952001999151,0.20696178280097696,7.929890125524253e-05,2.3022903889113877e-05,0.980310026682968
8,1,p.weight,"[64, 2]",float32,float32,0.0015813688476963431,0.0007770010492455936,0.0009941963731719182,0.6286935363752817,0.0002858505758922547,5.882144220237251e-05,0.8610678537944875
8,1,q.conv0.bias,[128],float32,float32,0.014884482162170358,0.014987978278586956,0.0004469522122668118,0.03002806596811025,0.00013908051187172532,2.6336672831916985e-05,0.9995762780076531
8,1,q.conv0.weight,"[128, 64, 1]",float32,float32,0.023553056676769112,0.020885512550217467,0.0033525749384758934,0.14234139477032764,0.0002776759210973978,2.3033331179683064e-05,0.995808275063623
8,1,q.conv2.bias,[1],float32,float32,0.043538860976696014,0.04434758424758911,0.0008087232708930969,0.018574745704210374,0.0008087232708930969,0.0008087232708930969,1.0
8,1,q.conv2.weight,"[1, 128, 1]",float32,float32,0.05056265745294913,0.04665180667329525,0.005177848972386746,0.10240460516152602,0.001569388434290886,0.00034923584746593406,0.997559103313943
8,1,w_layers.0.bias,[64],float32,float32,0.001566885638945496,0.001376422235661359,0.00039826388328759144,0.2541754633449959,0.0001455769524909556,3.7397018161300366e-05,0.9716376810971995
8,1,w_layers.0.weight,"[64, 64, 1]",float32,float32,0.00759402888026691,0.0052613375023811025,0.003419193751039666,0.45024766233434316,0.0003372016071807593,3.314716821900543e-05,0.9217935663696526
8,1,w_layers.1.bias,[64],float32,float32,0.0026800565522360482,0.002497813842184772,0.000542841028703853,0.2025483485603858,0.00021199012917350046,5.2526276505204805e-05,0.9804710973297475
8,1,w_layers.1.weight,"[64, 64, 1]",float32,float32,0.008130886432700157,0.00544733919685661,0.0032619786924885383,0.401183649468989,0.0005046242149546742,2.693724230810185e-05,0.9611769303831387
8,1,w_layers.2.bias,[64],float32,float32,0.0065389220647601625,0.006369549240538937,0.0006893214246309285,0.10541820468328394,0.00041820513433776796,5.543706698318829e-05,0.9946401317865546
8,1,w_layers.2.weight,"[64, 64, 1]",float32,float32,0.012673510184843109,0.008816800658255379,0.004231904986270656,0.3339173539570596,0.0007699783891439438,3.281660339764236e-05,0.9864201873956248
8,1,w_layers.3.bias,[64],float32,float32,0.014381937032352769,0.01447285308080763,0.0002525630920261276,0.017561131818195026,8.168496424332261e-05,2.479646428810156e-05,0.9998666274049459
8,1,w_layers.3.weight,"[64, 64, 1]",float32,float32,0.015544951368004071,0.012268141093990933,0.003812426261689045,0.2452517329540253,0.0003567856037989259,3.716475886435949e-05,0.9900446880450332
9,1,conv_layers.0.weights1,"[64, 64, 16]",complex64,complex64,0.04739358165723494,0.046153983388255444,0.00618156472718122,0.13043041928943483,0.0003159991028951481,4.072622437242485e-06,0.9916167378299446
9,1,conv_layers.1.weights1,"[64, 64, 16]",complex64,complex64,0.039800503562015435,0.03909481616034413,0.0035934741899414824,0.09028715388844981,0.00038022543594706804,1.9230728003388694e-06,0.9960105671767338
9,1,conv_layers.2.weights1,"[64, 64, 16]",complex64,complex64,0.0519350400342797,0.051005673933842866,0.0030714349771739477,0.0591399366429033,0.0002135878094122745,1.9518794421331126e-06,0.9983823989019995
9,1,conv_layers.3.weights1,"[64, 64, 16]",complex64,complex64,0.08128951203024486,0.08014850314761136,0.002771417021094793,0.034093168379011184,0.00022493030701298267,1.8409243359280511e-06,0.9995104663702983
9,1,mlp_layers.0.conv0.bias,[64],float32,float32,0.013437163657759021,0.013315815731816585,0.0004683902797447838,0.03485782354628994,0.0001926962286233902,4.238575513682008e-05,0.9994280785760131
9,1,mlp_layers.0.conv0.weight,"[64, 64, 1]",float32,float32,0.021120965545253337,0.022926210722485733,0.0020617603532696437,0.097616766092069,0.00015544600319117308,2.0677046941378063e-05,0.9989757362242284
9,1,mlp_layers.0.conv2.bias,[64],float32,float32,0.03634284608721627,0.03594672928172191,0.0005904360302190886,0.016246279358588172,0.00022954866290092468,5.4788470222888463e-05,0.9999266284308985
9,1,mlp_layers.0.conv2.weight,"[64, 64, 1]",float32,float32,0.030613377556429934,0.03283320029475959,0.002562702445304917,0.08371184919341432,0.00042290170677006245,1.8367316191498367e-05,0.9991842734670403
9,1,mlp_layers.1.conv0.bias,[64],float32,float32,0.022994679725158843,0.022743715682853997,0.0003722960177073157,0.01619052851168789,0.0001376238651573658,3.673460469144629e-05,0.9999277020826046
9,1,mlp_layers.1.conv0.weight,"[64, 64, 1]",float32,float32,0.01662936183437768,0.017379775270908178,0.0008075941215652504,0.04856434838622134,8.138397242873907e-05,8.690775468722656e-06,0.999845876387869
9,1,mlp_layers.1.conv2.bias,[64],float32,float32,0.06357529821786896,0.0628978564370761,0.0008847933235129631,0.013917250069057108,0.00029480038210749626,8.749254789108818e-05,0.999959495859885
9,1,mlp_layers.1.conv2.weight,"[64, 64, 1]",float32,float32,0.03174046826231357,0.03228123063219882,0.0008811924175394973,0.027762426510442004,8.748273830860853e-05,8.255964973273577e-06,0.9997637780417147
9,1,mlp_layers.2.conv0.bias,[64],float32,float32,0.045591603610675366,0.04507108685797505,0.0006266358135242734,0.01374454425589771,0.0002217525616288185,6.245755315603674e-05,0.999970378865777
9,1,mlp_layers.2.conv0.weight,"[64, 64, 1]",float32,float32,0.024222898822021176,0.024719611948739287,0.0005501188140958489,0.0227106928092245,2.9049930162727833e-05,6.442198471803828e-06,0.999953316144641
9,1,mlp_layers.2.conv2.bias,[64],float32,float32,0.15057546161255508,0.14907331210340777,0.0016674429523509291,0.01107380269330615,0.0006277579814195633,0.00016902478662927933,0.9999883298899322
9,1,mlp_layers.2.conv2.weight,"[64, 64, 1]",float32,float32,0.06707752644288685,0.06730956390631962,0.0007970035120544545,0.011881826213926703,9.654182940721512e-05,7.946369893711142e-06,0.9999356170003989
9,1,mlp_layers.3.conv0.bias,[64],float32,float32,0.1009312037638235,0.0997843002614929,0.0011595903612821147,0.01148891837251369,0.0003071743994951248,0.00011963825966176955,0.9999985472571378
9,1,mlp_layers.3.conv0.weight,"[64, 64, 1]",float32,float32,0.030587152254532367,0.030731680050241943,0.00016163703003283176,0.00528447462803212,7.736380212008953e-06,1.9509797030553555e-06,0.9999972136829977
9,1,mlp_layers.3.conv2.bias,[64],float32,float32,0.3171885937052749,0.3137805835791523,0.0034192324083427133,0.010779808846215301,0.0009059160947799683,0.00036203009585733525,0.9999996150955838
9,1,mlp_layers.3.conv2.weight,"[64, 64, 1]",float32,float32,0.11203833396430832,0.11118577947490534,0.0010757564531016673,0.009601681987205981,6.395555101335049e-05,1.2238909037176615e-05,0.999982724556959
9,1,p.bias,[64],float32,float32,0.033366212896311205,0.032876113468550835,0.000595006527940277,0.01783260598945761,0.00019859266467392445,6.359584517667827e-05,0.9999481128703257
9,1,p.weight,"[64, 2]",float32,float32,0.02353271641931376,0.023164109659829835,0.0013009636709579114,0.05528319161192055,0.0003059685695916414,9.224486104386642e-05,0.9985721937796453
9,1,q.conv0.bias,[128],float32,float32,0.3102984046230198,0.3070026009381452,0.003317409412822677,0.010691029548969107,0.0007037818431854248,0.0002484599985450586,0.9999992500542861
9,1,q.conv0.weight,"[128, 64, 1]",float32,float32,0.4705294870542213,0.4680911612104974,0.0030361280920699557,0.006452577735516262,0.00024578720331192017,2.337383741310428e-05,0.9999925706457219
9,1,q.conv2.bias,[1],float32,float32,0.898709237575531,0.8887478113174438,0.009961426258087158,0.011084148066576384,0.009961426258087158,0.009961426258087158,1.0
9,1,q.conv2.weight,"[1, 128, 1]",float32,float32,1.054514304719849,1.047247445417655,0.007856262996768235,0.0074501246323589645,0.002235502004623413,0.0005443596184591115,0.9999959642659655
9,1,w_layers.0.bias,[64],float32,float32,0.03634726967214593,0.035951221271587314,0.0005904342685056897,0.016244253662831745,0.00022954866290092468,5.47882188186577e-05,0.9999266265886855
9,1,w_layers.0.weight,"[64, 64, 1]",float32,float32,0.1609193271301392,0.15906936199386387,0.00443218199624427,0.027542881736386214,0.00044219009578227997,4.428990911990727e-05,0.9996831336849499
9,1,w_layers.1.bias,[64],float32,float32,0.06359002312972332,0.0629123103562911,0.0008847934057256614,0.013914028682151717,0.00029480038210749626,8.749259029627865e-05,0.9999595604221815
9,1,w_layers.1.weight,"[64, 64, 1]",float32,float32,0.15676479752389277,0.15662349432992345,0.003056802568072534,0.01949929203721034,0.0004885410889983177,2.809760208821732e-05,0.9998101238908257
9,1,w_layers.2.bias,[64],float32,float32,0.15057885168325766,0.14907665665810027,0.0016674429636386239,0.01107355345720186,0.0006277579814195633,0.00016902480570024636,0.9999883334595069
9,1,w_layers.2.weight,"[64, 64, 1]",float32,float32,0.2288131821010392,0.2298026293175436,0.0026456149723247105,0.011562336348071332,0.00038484856486320496,2.444951632304959e-05,0.9999427533417129
9,1,w_layers.3.bias,[64],float32,float32,0.31718364956201234,0.31377564778285816,0.0034192329949044704,0.010779978727232528,0.0009059160947799683,0.0003620301285991445,0.9999996147775535
9,1,w_layers.3.weight,"[64, 64, 1]",float32,float32,0.3014429220013391,0.30128067500400435,0.0018905635653527464,0.0062717132411035615,0.00014093308709561825,2.09371389235935e-05,0.9999804671414703
10,1,conv_layers.0.weights1,"[64, 64, 16]",complex64,complex64,0.059212803087705754,0.0565324833865919,0.007231187445347497,0.12212202544501553,0.0003925401979358867,4.739610647648173e-06,0.993262632571554
10,1,conv_layers.1.weights1,"[64, 64, 16]",complex64,complex64,0.049639779498166364,0.048102838455509424,0.00424933888828906,0.0856035004838413,0.0004861978377448395,2.2527684439896655e-06,0.9967135858811849
10,1,conv_layers.2.weights1,"[64, 64, 16]",complex64,complex64,0.06508773987044585,0.06329432445230483,0.0036652097969184006,0.05631183083348465,0.00024093809042824432,2.3052800026972935e-06,0.9987599264056709
10,1,conv_layers.3.weights1,"[64, 64, 16]",complex64,complex64,0.10152918428468766,0.09939511281151013,0.003346611773993563,0.03296206699159199,0.00023077186051523313,2.176548542887502e-06,0.9996707354604752
10,1,mlp_layers.0.conv0.bias,[64],float32,float32,0.016608979201647178,0.016253365658058395,0.0007038637053231763,0.04237850483028911,0.0002863318659365177,6.642249712740522e-05,0.9993166129904453
10,1,mlp_layers.0.conv0.weight,"[64, 64, 1]",float32,float32,0.027247816060621398,0.02918561079836513,0.0024118997067091863,0.08851717515059378,0.0002248050586786121,2.4874794928166077e-05,0.998703409677685
10,1,mlp_layers.0.conv2.bias,[64],float32,float32,0.04505300592683058,0.044197560839423077,0.0010209706459235752,0.022661543329244384,0.00041925162076950073,9.248312282039706e-05,0.9999220094366462
10,1,mlp_layers.0.conv2.weight,"[64, 64, 1]",float32,float32,0.03951627166400798,0.041858868562901365,0.002850450586527955,0.0721335912143804,0.0004813484847545624,2.119427097674667e-05,0.9992027996865963
10,1,mlp_layers.1.conv0.bias,[64],float32,float32,0.02833998155760273,0.027809876801861193,0.0006434949685020025,0.022706259254052796,0.0002141045406460762,6.69092472662669e-05,0.9999155758017279
10,1,mlp_layers.1.conv0.weight,"[64, 64, 1]",float32,float32,0.021421054195451095,0.022205467984905247,0.0009152122044040864,0.042724890943903124,0.00015360733959823847,9.680878908638335e-06,0.9997663180976141
10,1,mlp_layers.1.conv2.bias,[64],float32,float32,0.07875262372525503,0.07745724046212915,0.0014828545899846725,0.018829272217747568,0.0004594679921865463,0.00014887165161781013,0.9999573079283551
10,1,mlp_layers.1.conv2.weight,"[64, 64, 1]",float32,float32,0.040039180477904605,0.040453967855717456,0.0009567976929718138,0.023896535382381696,0.00010750076035037637,9.352413087033995e-06,0.9997705151601167
10,1,mlp_layers.2.conv0.bias,[64],float32,float32,0.05651831367515438,0.05560489397132438,0.0010302248866679296,0.018228160390440302,0.0003385813906788826,0.00010323689150482096,0.9999638800816864
10,1,mlp_layers.2.conv0.weight,"[64, 64, 1]",float32,float32,0.03152124615468665,0.03207865092492975,0.0006499890114430459,0.020620663543988855,3.6010751500725746e-05,7.6072812204008855e-06,0.9999447240091109
10,1,mlp_layers.2.conv2.bias,[64],float32,float32,0.1859878855863479,0.18331269264935116,0.0028210717126742,0.015168040132186306,0.0009296387434005737,0.00028417654186796426,0.9999882414828651
10,1,mlp_layers.2.conv2.weight,"[64, 64, 1]",float32,float32,0.08452580014701999,0.08451254738660333,0.0010023157484824736,0.011858104232543144,0.00010800152085721493,1.0335788582616079e-05,0.9999296939502311
10,1,mlp_layers.3.conv0.bias,[64],float32,float32,0.1235593172293941,0.12168083658387384,0.0018973123745249381,0.015355477976642442,0.0004889070987701416,0.00019640736547898996,0.9999976353291768
10,1,mlp_layers.3.conv0.weight,"[64, 64, 1]",float32,float32,0.039778947348714795,0.0398890906778113,0.00017557289237879042,0.004413713888395866,1.1204298061784357e-05,2.0753126218076012e-06,0.9999941092376651
10,1,mlp_layers.3.conv2.bias,[64],float32,float32,0.3853235741117775,0.3797569555924012,0.005582197156612789,0.014487037730511304,0.001456230878829956,0.0005901522854401264,0.9999994065325734
10,1,mlp_layers.3.conv2.weight,"[64, 64, 1]",float32,float32,0.13766782112937062,0.136196073101326,0.0017368931193482685,0.012616551239785058,9.861588478088379e-05,1.9993324066047702e-05,0.9999773129661281
10,1,p.bias,[64],float32,float32,0.041351404681644235,0.04034633435720434,0.0011196835052518467,0.02707727860448888,0.00034077861346304417,0.0001224959848968865,0.9999270174824492
10,1,p.weight,"[64, 2]",float32,float32,0.029658267228210064,0.029019448067975937,0.0016425019324609674,0.055380913518058406,0.00033994996920228004,0.00012001334283695542,0.9986697968624895
10,1,q.conv0.bias,[128],float32,float32,0.36626280052269167,0.36100679678438785,0.0052701450584112415,0.014388971664308376,0.0011372864246368408,0.000390974405782174,0.9999994371129306
10,1,q.conv0.weight,"[128, 64, 1]",float32,float32,0.5761148443334206,0.5704631258882347,0.005961960295661318,0.010348562190858761,0.00036936812102794647,4.588852370069306e-05,0.9999945184478287
10,1,q.conv2.bias,[1],float32,float32,1.0496227741241455,1.0341377258300781,0.015485048294067383,0.014752965232665453,0.015485048294067383,0.015485048294067383,1.0
10,1,q.conv2.weight,"[1, 128, 1]",float32,float32,1.2992767604852467,1.284701875423899,0.014887221449482914,0.011458083375494931,0.004418730735778809,0.0010287722034263425,0.9999972435358104
10,1,w_layers.0.bias,[64],float32,float32,0.04505762723012934,0.04420224491716575,0.0010209690989393199,0.022659184730806543,0.00041925348341464996,9.24827722315058e-05,0.9999219995308207
10,1,w_layers.0.weight,"[64, 64, 1]",float32,float32,0.20057552924085303,0.19691379210910925,0.006035058879243023,0.030088709734855373,0.0006546564400196075,5.920238544927792e-05,0.99970865954098
10,1,w_layers.1.bias,[64],float32,float32,0.07876689632456965,0.0774712546875845,0.0014828545624086939,0.018825859994513316,0.0004594679921865463,0.00014887167162669357,0.9999573782459866
10,1,w_layers.1.weight,"[64, 64, 1]",float32,float32,0.19816531518152683,0.19664980965673645,0.004016936607986122,0.020270634163735757,0.0007030852138996124,3.738107526757295e-05,0.9998224362723108
10,1,w_layers.2.bias,[64],float32,float32,0.185991106088725,0.18331586298836136,0.002821073411620441,0.015167786626714717,0.0009296387434005737,0.00028417661440016673,0.9999882456852349
10,1,w_layers.2.weight,"[64, 64, 1]",float32,float32,0.2911780439858451,0.2904484530169219,0.0030541148712617807,0.010488822678574792,0.0003574509173631668,3.19700914081511e-05,0.9999480011553893
10,1,w_layers.3.bias,[64],float32,float32,0.38531887204182336,0.37975226601658224,0.005582198121456834,0.0144872170207405,0.001456230878829956,0.0005901523727516178,0.9999994060058847
10,1,w_layers.3.weight,"[64, 64, 1]",float32,float32,0.3793258566139858,0.37693472045908716,0.0031937214482556354,0.008419466779206852,0.0003128759562969208,3.292113222475024e-05,0.9999843254632077
11,1,conv_layers.0.weights1,"[64, 64, 16]",complex64,complex64,0.0527279635678722,0.049481800589927766,0.007729085438667454,0.14658418257929615,0.00046144922089297324,5.361831378962329e-06,0.9905711419598666
11,1,conv_layers.1.weights1,"[64, 64, 16]",complex64,complex64,0.043761346344741756,0.042033238735179154,0.004694754133876834,0.10728084316448236,0.0005818215140607208,2.5371004807408848e-06,0.9948205833102552
11,1,conv_layers.2.weights1,"[64, 64, 16]",complex64,complex64,0.05884217397511322,0.05682917098247674,0.003940474904816869,0.06696684773209532,0.00021677330369129777,2.6531297570861127e-06,0.9982841916474207
11,1,conv_layers.3.weights1,"[64, 64, 16]",complex64,complex64,0.09422525140249567,0.09186167756770779,0.0034041982961616527,0.03612830154859622,0.00025505200028419495,2.4033154366833117e-06,0.9996532867396635
11,1,mlp_layers.0.conv0.bias,[64],float32,float32,0.014849503505494858,0.014421650250532247,0.0008550721199122609,0.05758253934859526,0.0003596236929297447,7.920463690425095e-05,0.998720339015216
11,1,mlp_layers.0.conv0.weight,"[64, 64, 1]",float32,float32,0.023263383946657196,0.0255796375488911,0.0029804368124380803,0.12811707958189594,0.0003240817750338465,3.047403190231668e-05,0.9970440627391398
11,1,mlp_layers.0.conv2.bias,[64],float32,float32,0.041234980284332354,0.040239655202843706,0.0012143107761980012,0.029448559640984983,0.0004825834184885025,0.00010999926078625322,0.9998541902999166
11,1,mlp_layers.0.conv2.weight,"[64, 64, 1]",float32,float32,0.034055178302036346,0.0368821118127107,0.0035128292519110683,0.10315110438582015,0.000556485028937459,2.6907483878015406e-05,0.9982689796292192
11,1,mlp_layers.1.conv0.bias,[64],float32,float32,0.026157130026490387,0.02555419557530895,0.0007548754783310739,0.028859262371926157,0.0002634483389556408,7.841740381309137e-05,0.9998456766163035
11,1,mlp_layers.1.conv0.weight,"[64, 64, 1]",float32,float32,0.018664943326571336,0.019690084131158487,0.001212960462041043,0.06498602437834769,0.0002031587646342814,1.3002090480856987e-05,0.9994281046911536
11,1,mlp_layers.1.conv2.bias,[64],float32,float32,0.07442951103900523,0.0729241043419786,0.0017686174595491798,0.023762314636493115,0.000569833442568779,0.00017674674421641612,0.9999206148522592
11,1,mlp_layers.1.conv2.weight,"[64, 64, 1]",float32,float32,0.0358836740786112,0.036493232584583216,0.0012706369047947065,0.03540988868673516,0.00014426885172724724,1.2166882252931388e-05,0.9995254120351387
11,1,mlp_layers.2.conv0.bias,[64],float32,float32,0.054519916302518956,0.05347000092767926,0.001205873273081229,0.02211803236069008,0.00042254943400621414,0.00011961867932086534,0.99993965929044
11,1,mlp_layers.2.conv0.weight,"[64, 64, 1]",float32,float32,0.028406709128266764,0.02923122822707612,0.0009307977026763242,0.03276682626183235,5.058944225311279e-05,1.114834448721208e-05,0.9998876680322226
11,1,mlp_layers.2.conv2.bias,[64],float32,float32,0.18124098249568352,0.17816042196731302,0.0032765087930913678,0.01807818931443611,0.0010994374752044678,0.0003274787206919427,0.9999807113988434
11,1,mlp_layers.2.conv2.weight,"[64, 64, 1]",float32,float32,0.07864166686380697,0.07884415188606275,0.001326224303450074,0.016864142843600362,0.00015307613648474216,1.3262631297361605e-05,0.999861471769894
11,1,mlp_layers.3.conv0.bias,[64],float32,float32,0.12195835484938107,0.11979911184864844,0.002183904211631417,0.01790696680295946,0.0005674920976161957,0.00022579936648980947,0.9999963345795709
11,1,mlp_layers.3.conv0.weight,"[64, 64, 1]",float32,float32,0.037474622342067616,0.03763211800678263,0.0002515415968210843,0.006712318393098602,1.763866748660803e-05,3.011647084147362e-06,0.999986361174752
11,1,mlp_layers.3.conv2.bias,[64],float32,float32,0.3836795437458735,0.3772106387697832,0.006494520262309393,0.016926939077604244,0.0016983672976493835,0.0006866168324677346,0.9999988528072158
11,1,mlp_layers.3.conv2.weight,"[64, 64, 1]",float32,float32,0.13416098781002123,0.1324805742223688,0.002005745850543297,0.014950291312579892,0.00011499598622322083,2.299474794159595e-05,0.9999662640608146
11,1,p.bias,[64],float32,float32,0.03729118722266317,0.03614223038581018,0.0012952606188286922,0.034733692201719894,0.0004026060923933983,0.000141006235978125,0.9998673387031294
11,1,p.weight,"[64, 2]",float32,float32,0.02679198394337733,0.02593884189686876,0.002198650984641647,0.08206376165678199,0.00043091876432299614,0.00016275613990046622,0.9970456889959934
11,1,q.conv0.bias,[128],float32,float32,0.3611608644293272,0.3550680557471522,0.006110773319121786,0.01691981031438016,0.0013283416628837585,0.00045312942779673904,0.9999991452020205
11,1,q.conv0.weight,"[128, 64, 1]",float32,float32,0.5577199006927916,0.5514006101098605,0.006733214056521965,0.012072752017918067,0.00044175609946250916,5.154043913072753e-05,0.9999912158340304
11,1,q.conv2.bias,[1],float32,float32,1.0363577604293823,1.0183347463607788,0.018023014068603516,0.017390726211319384,0.018023014068603516,0.018023014068603516,1.0
11,1,q.conv2.weight,"[1, 128, 1]",float32,float32,1.2710241236261126,1.2544198365581756,0.017011231809603615,0.013383878003095775,0.004996836185455322,0.0011733374158211518,0.9999957100862736
11,1,w_layers.0.bias,[64],float32,float32,0.04123950994310754,0.04024422868949245,0.0012143077872769775,0.029445252597622776,0.00048258155584335327,0.00010999877588346862,0.9998541987868702
11,1,w_layers.0.weight,"[64, 64, 1]",float32,float32,0.18335725593593344,0.17875463739620723,0.007837612549300972,0.042745036237014256,0.0007405485957860947,7.508225913925581e-05,0.9993860733095572
11,1,w_layers.1.bias,[64],float32,float32,0.07444407040262838,0.07293831999194145,0.0017686183977694287,0.023757679936144176,0.000569833442568779,0.0001767468089326485,0.9999207408461862
11,1,w_layers.1.weight,"[64, 64, 1]",float32,float32,0.1830551765399576,0.1812312467317545,0.005190747973228561,0.028356193314727246,0.0009878058917820454,4.713124626454235e-05,0.9996440554891984
11,1,w_layers.2.bias,[64],float32,float32,0.18124401714232932,0.17816341074862585,0.0032765088680618564,0.01807788703716958,0.0010994374752044678,0.0003274787904956611,0.9999807164133414
11,1,w_layers.2.weight,"[64, 64, 1]",float32,float32,0.2734573644137782,0.27290248228326947,0.0037573352182424433,0.013740113477277152,0.00043721403926610947,3.8813918773639156e-05,0.9999074755922935
11,1,w_layers.3.bias,[64],float32,float32,0.38367505566617616,0.37720616416143915,0.006494521648186873,0.016927140694383728,0.0016983672976493835,0.0006866170217563194,0.9999988521158538
11,1,w_layers.3.weight,"[64, 64, 1]",float32,float32,0.36536855699624443,0.3628997712057945,0.003647721305748976,0.009983676033147183,0.00034173205494880676,3.7966740032438495e-05,0.9999728077167875
12,1,conv_layers.0.weights1,"[64, 64, 16]",complex64,complex64,0.04145888456249548,0.03842634386860069,0.00715947160626629,0.17268847634996162,0.000379792763851583,4.845953067116182e-06,0.9867988895770766
12,1,conv_layers.1.weights1,"[64, 64, 16]",complex64,complex64,0.0341209925619985,0.03267843277203892,0.004113684803110768,0.12056169807007003,0.0005005604180041701,2.254860322733501e-06,0.9933447756823998
12,1,conv_layers.2.weights1,"[64, 64, 16]",complex64,complex64,0.04757587002324807,0.045872908520820765,0.003682886620784364,0.07741080970216019,0.00021787951845908538,2.3644384766037223e-06,0.9975569640589248
12,1,conv_layers.3.weights1,"[64, 64, 16]",complex64,complex64,0.07959874693800917,0.07767881121962472,0.003267248388112848,0.04104648017458558,0.00021418370306491852,2.2681268723083738e-06,0.9994348532180594
12,1,mlp_layers.0.conv0.bias,[64],float32,float32,0.011910164216413638,0.011545696808925376,0.0008854741490384256,0.0743460906960574,0.00040032784454524517,7.884653780365625e-05,0.9976320901932909
12,1,mlp_layers.0.conv0.weight,"[64, 64, 1]",float32,float32,0.016377768657792877,0.019061089920038094,0.003398949216682027,0.20753432825324086,0.00032698133145458996,3.524808393527007e-05,0.9930285909112299
12,1,mlp_layers.0.conv2.bias,[64],float32,float32,0.03425776823368221,0.03347169810134961,0.001095804077069032,0.031987024653626975,0.00040372181683778763,0.00010028826142161051,0.999745836849134
12,1,mlp_layers.0.conv2.weight,"[64, 64, 1]",float32,float32,0.024343397328578813,0.02773077836594084,0.004132253261620372,0.16974842113632035,0.0006728682201355696,3.0968663779516736e-05,0.9958513647121351
12,1,mlp_layers.1.conv0.bias,[64],float32,float32,0.02217319346069497,0.02167853012012699,0.0007139221397769073,0.03219753352364116,0.0002726721577346325,7.265763460395647e-05,0.9997243574051173
12,1,mlp_layers.1.conv0.weight,"[64, 64, 1]",float32,float32,0.014099001714295416,0.015378443027305677,0.0015377290661992375,0.10906652097503373,0.00023242586757987738,1.7062324591241018e-05,0.9983220222384191
12,1,mlp_layers.1.conv2.bias,[64],float32,float32,0.0650829805501248,0.06386542841839439,0.0016214807234954897,0.024914051412360836,0.000514201819896698,0.0001613109700571158,0.9998620531605269
12,1,mlp_layers.1.conv2.weight,"[64, 64, 1]",float32,float32,0.028685240819063387,0.029636023897557536,0.0016572003591790992,0.05777188239876206,0.00017625890905037522,1.5543837945199146e-05,0.9989164281564892
12,1,mlp_layers.2.conv0.bias,[64],float32,float32,0.04916620678531239,0.0483006970981267,0.0011281424886298533,0.022945485576220368,0.00046485569328069687,0.00010947210648737382,0.9998897577015082
12,1,mlp_layers.2.conv0.weight,"[64, 64, 1]",float32,float32,0.022517534896474137,0.023834174747964326,0.0014426216935842125,0.06406659077988605,7.640616968274117e-05,1.778849598059462e-05,0.9996761455542056
12,1,mlp_layers.2.conv2.bias,[64],float32,float32,0.1663118223862887,0.1638469350703234,0.0028073467269170123,0.016880019030736444,0.0011326968669891357,0.0002784452258310921,0.9999668706933791
12,1,mlp_layers.2.conv2.weight,"[64, 64, 1]",float32,float32,0.0668757349563506,0.06780171156186046,0.001966821234800298,0.029410087770759163,0.00025615282356739044,1.8827664134357658e-05,0.9996679795992478
12,1,mlp_layers.3.conv0.bias,[64],float32,float32,0.11450136744269647,0.11271292703591318,0.0018514849362335538,0.016169981001843938,0.0005410481244325638,0.00018848576519303606,0.9999911095143229
12,1,mlp_layers.3.conv0.weight,"[64, 64, 1]",float32,float32,0.03150983583776189,0.032309886766038784,0.000897147887708373,0.02847199497730219,3.570597618818283e-05,1.1424233762741265e-05,0.9999190667877025
12,1,mlp_layers.3.conv2.bias,[64],float32,float32,0.3674089323621801,0.362015899426759,0.005442093383896006,0.014812087852375247,0.0014433860778808594,0.0005723294907511445,0.9999980017117179
12,1,mlp_layers.3.conv2.weight,"[64, 64, 1]",float32,float32,0.1237765832986907,0.12283098901682919,0.002050040255329074,0.016562424011834546,0.0001412907149642706,2.2604811004189873e-05,0.9998911929914202
12,1,p.bias,[64],float32,float32,0.03036464969618152,0.02940367038209493,0.001152862845007929,0.03796726972130709,0.00040166149847209454,0.00012434637807245963,0.999772851203402
12,1,p.weight,"[64, 2]",float32,float32,0.021024867651101183,0.020557840305017193,0.0018986467066035475,0.09030481133630848,0.0004626570735126734,0.00013548772999172343,0.9960822049338155
12,1,q.conv0.bias,[128],float32,float32,0.3467606445711501,0.34158279349712867,0.005214417116641978,0.015037511315884228,0.0011274069547653198,0.0003892597927688257,0.9999983958959919
12,1,q.conv0.weight,"[128, 64, 1]",float32,float32,0.5101805125626474,0.5064795823698552,0.004778893843086079,0.009367064647533467,0.0003946274518966675,3.566178047801488e-05,0.9999823121456725
12,1,q.conv2.bias,[1],float32,float32,1.0033957958221436,0.9876511693000793,0.01574462652206421,0.015691341928698907,0.01574462652206421,0.01574462652206421,1.0
12,1,q.conv2.weight,"[1, 128, 1]",float32,float32,1.1769689710980056,1.1656834769585858,0.012302748837335346,0.010452908393887388,0.0033766627311706543,0.0008464656439173268,0.999991255204715
12,1,w_layers.0.bias,[64],float32,float32,0.034261836806801435,0.03347590346052721,0.0010958015648949706,0.03198315289031554,0.00040372181683778763,0.00010028776007686702,0.9997458076166315
12,1,w_layers.0.weight,"[64, 64, 1]",float32,float32,0.14976604634406812,0.1469024032598314,0.00673069080299135,0.04494136666683754,0.0005966611206531525,6.885078785829474e-05,0.9991568165029905
12,1,w_layers.1.bias,[64],float32,float32,0.06509824369449933,0.063880264496746,0.0016214811711068307,0.024908216859371928,0.000514201819896698,0.0001613110453462241,0.9998622424211039
12,1,w_layers.1.weight,"[64, 64, 1]",float32,float32,0.15098325546738461,0.1506828175175002,0.00506370201830814,0.03353816953166704,0.0007568816654384136,4.7319889671479376e-05,0.9994384579964622
12,1,w_layers.2.bias,[64],float32,float32,0.16631464076909122,0.1638496950807823,0.0028073468316656422,0.016879733610243735,0.0011326968669891357,0.000278445265848859,0.9999668770820377
12,1,w_layers.2.weight,"[64, 64, 1]",float32,float32,0.23172285762134237,0.23313215628149467,0.0044662203846350616,0.019273974222833463,0.0006799697875976562,4.2402003096297936e-05,0.9998337623063995
12,1,w_layers.3.bias,[64],float32,float32,0.36740466915000136,0.3620116535661457,0.005442097335921879,0.014812270482332978,0.0014433860778808594,0.0005723298982047709,0.9999980007998258
12,1,w_layers.3.weight,"[64, 64, 1]",float32,float32,0.3258531159060649,0.3254362606121243,0.0033887008574412453,0.010399473541993444,0.0002586785703897476,3.596673057792987e-05,0.999946675528929
13,1,conv_layers.0.weights1,"[64, 64, 16]",complex64,complex64,0.01850786217697642,0.016631174278084554,0.005499568778828357,0.29714770545837327,0.00027026334282709286,3.841024350340563e-06,0.956590887324438
13,1,conv_layers.1.weights1,"[64, 64, 16]",complex64,complex64,0.014852237973345747,0.014149546459558689,0.003128233373729788,0.21062370393901614,0.00037315695954021066,1.7795125863581833e-06,0.9778920742851221
13,1,conv_layers.2.weights1,"[64, 64, 16]",complex64,complex64,0.021708980382410096,0.020711023211674968,0.0029202053538805034,0.13451600685247414,0.00018330685998080298,1.909953161475753e-06,0.9916243035698822
13,1,conv_layers.3.weights1,"[64, 64, 16]",complex64,complex64,0.0381039246003755,0.03706396525041653,0.0025905216290889456,0.06798569061475146,0.0001999558153329417,1.825213847348663e-06,0.9980070252543091
13,1,mlp_layers.0.conv0.bias,[64],float32,float32,0.005326075153378084,0.005153552703577909,0.0007510411148105084,0.14101211364510274,0.00034526834497228265,6.558752357932462e-05,0.9902671471145709
13,1,mlp_layers.0.conv0.weight,"[64, 64, 1]",float32,float32,0.004735544732645384,0.007340422347263518,0.003414642958264144,0.7210665617251273,0.00025326915783807635,3.570721720737649e-05,0.9298867495925882
13,1,mlp_layers.0.conv2.bias,[64],float32,float32,0.01594877454855896,0.01561044312061227,0.0007917264249745248,0.049641834396992005,0.00027841696282848716,7.666952539153726e-05,0.9989710249237439
13,1,mlp_layers.0.conv2.weight,"[64, 64, 1]",float32,float32,0.007452923865518211,0.010864404029939555,0.004358462294730273,0.584798982704652,0.0006978538003750145,3.14359202189321e-05,0.9545643235650195
13,1,mlp_layers.1.conv0.bias,[64],float32,float32,0.010633573120169222,0.010414571830414594,0.0005298692784421599,0.04982984293747233,0.0002224552445113659,5.00106276177803e-05,0.9989489288185845
13,1,mlp_layers.1.conv0.weight,"[64, 64, 1]",float32,float32,0.005125470380741856,0.006471457886158576,0.0017115039434603286,0.3339213411301788,0.00017064952407963574,1.9631991402778437e-05,0.9831536309347289
13,1,mlp_layers.1.conv2.bias,[64],float32,float32,0.03248455483323986,0.031847043141186415,0.001212335391760038,0.03732036341527803,0.0004676808603107929,0.00011454903756202839,0.9994860812494487
13,1,mlp_layers.1.conv2.weight,"[64, 64, 1]",float32,float32,0.01221513535553424,0.013383701543177988,0.001974719981456117,0.16166173554200056,0.00019229535973863676,1.8208127119279105e-05,0.992250078543953
13,1,mlp_layers.2.conv0.bias,[64],float32,float32,0.02542961533127693,0.024919170610156104,0.0008548999997167652,0.03361828280057735,0.00041696662083268166,8.008788799429567e-05,0.9996289163753683
13,1,mlp_layers.2.conv0.weight,"[64, 64, 1]",float32,float32,0.009025290446969094,0.010596860557859836,0.0017565504822647678,0.19462536885498893,8.754502050578594e-05,2.167560583174466e-05,0.9967814793556047
13,1,mlp_layers.2.conv2.bias,[64],float32,float32,0.08782406968536136,0.08652247495309669,0.0018406226114004666,0.0209580655735345,0.0010362854227423668,0.00016581257432335406,0.9998885513115833
13,1,mlp_layers.2.conv2.weight,"[64, 64, 1]",float32,float32,0.031380869609901954,0.03290705231406611,0.002545288890474728,0.08110957159936653,0.0003618295304477215,2.372062765707006e-05,0.9979909678094308
13,1,mlp_layers.3.conv0.bias,[64],float32,float32,0.06215091966149456,0.06110043879600611,0.0011534997303480749,0.01855965666526931,0.0003918837755918503,0.00011323979742883239,0.9999701047188165
13,1,mlp_layers.3.conv0.weight,"[64, 64, 1]",float32,float32,0.014242587239275274,0.01543064367935226,0.0013293622951772962,0.09333713551084698,5.233328556641936e-05,1.6761123760089536e-05,0.9991906941292852
13,1,mlp_layers.3.conv2.bias,[64],float32,float32,0.2049255684871345,0.20175257437575303,0.003235465567221914,0.0157884913586322,0.0008790381252765656,0.00033791314035624964,0.9999951583872084
13,1,mlp_layers.3.conv2.weight,"[64, 64, 1]",float32,float32,0.06595975291925459,0.06582215237008864,0.002214056368811527,0.033566777782231695,0.00016641922411508858,2.3611484741115074e-05,0.9994376385230788
13,1,p.bias,[64],float32,float32,0.01389969348389673,0.013426527694557776,0.0006925252409865953,0.04982305845728969,0.00022692076163366437,7.197135340675231e-05,0.9993149206522758
13,1,p.weight,"[64, 2]",float32,float32,0.009698958067735672,0.0094293404080387,0.0017878830818705883,0.18433764424841867,0.0004859765467699617,0.00012018805117008924,0.9829214376392371
13,1,q.conv0.bias,[128],float32,float32,0.19562070180914473,0.1925003008435423,0.003199950246499358,0.016357932554711695,0.000673830509185791,0.00024018278719495356,0.9999933242317877
13,1,q.conv0.weight,"[128, 64, 1]",float32,float32,0.2689098602631639,0.2690061065350575,0.0035722157409249083,0.013284063802751683,0.0002823658287525177,2.5550768374085764e-05,0.9999118624207817
13,1,q.conv2.bias,[1],float32,float32,0.5731930136680603,0.5631619691848755,0.010031044483184814,0.017500290903744085,0.010031044483184814,0.010031044483184814,1.0
13,1,q.conv2.weight,"[1, 128, 1]",float32,float32,0.6292435228433844,0.6261182352412431,0.006617844316468797,0.010517143325630935,0.0016545504331588745,0.0004846005626859551,0.9999568145998544
13,1,w_layers.0.bias,[64],float32,float32,0.015952312368892375,0.015614261586422347,0.0007917244552060992,0.04963070161226234,0.00027841670089401305,7.666898161318159e-05,0.9989711299213857
13,1,w_layers.0.weight,"[64, 64, 1]",float32,float32,0.06964673716331701,0.06859643036261558,0.006006097437787602,0.08623659459744251,0.0005004692357033491,6.175581613904885e-05,0.9963401430085701
13,1,w_layers.1.bias,[64],float32,float32,0.03250097287465441,0.031862599982636124,0.0012123351703653858,0.037301504020847774,0.0004676808603107929,0.00011454900254648237,0.9994871224377659
13,1,w_layers.1.weight,"[64, 64, 1]",float32,float32,0.06990372840980957,0.07107931082004526,0.005107306530370021,0.07306200465343582,0.0007079849019646645,4.561803233710249e-05,0.997514184590833
13,1,w_layers.2.bias,[64],float32,float32,0.08782663278099935,0.0865249329980749,0.001840622385798375,0.020957451373412782,0.0010362844914197922,0.0001658126275287941,0.9998885757785686
13,1,w_layers.2.weight,"[64, 64, 1]",float32,float32,0.1093473634114103,0.11281807387479144,0.005566097140737144,0.05090289301073653,0.0009468253701925278,4.676328576391775e-05,0.9992325285614208
13,1,w_layers.3.bias,[64],float32,float32,0.20492153481096517,0.2017485618978602,0.0032354641671353593,0.015788795307042726,0.0008790381252765656,0.00033791298369578726,0.9999951566782468
13,1,w_layers.3.weight,"[64, 64, 1]",float32,float32,0.16492974173999406,0.16723623040757624,0.004493398407335653,0.027244318459064453,0.00040245428681373596,4.6157629107757e-05,0.9997304289719343
14,1,conv_layers.0.weights1,"[64, 64, 16]",complex64,complex64,0.012324327944464383,0.010780172745916918,0.004244929289670683,0.3444349508386251,0.00018117408035323024,3.1740981402103126e-06,0.9411591165696745
14,1,conv_layers.1.weights1,"[64, 64, 16]",complex64,complex64,0.00974679076100436,0.009244885014236351,0.00232069714468001,0.23809859076536424,0.00023408301785821095,1.4792286841891397e-06,0.9715134719085059
14,1,conv_layers.2.weights1,"[64, 64, 16]",complex64,complex64,0.014826811917145638,0.014108548231411689,0.0022482104538799107,0.15163141384966874,0.00014299326721811667,1.5809947710922681e-06,0.9891518224152784
14,1,conv_layers.3.weights1,"[64, 64, 16]",complex64,complex64,0.027467945365543332,0.02678212389970487,0.002101250834093669,0.07649828941081065,0.00016102372319437563,1.5230281734751398e-06,0.9973187627030843
14,1,mlp_layers.0.conv0.bias,[64],float32,float32,0.0036217165307684943,0.003468456218031759,0.0006874708562712147,0.18981906795597273,0.0003174749144818634,5.992562458345674e-05,0.9821232347979253
14,1,mlp_layers.0.conv0.weight,"[64, 64, 1]",float32,float32,0.0023648035803214636,0.004171645954240778,0.0031719732939609743,1.3413263242479474,0.0002259117254652665,3.386802058320121e-05,0.6555169654398546
14,1,mlp_layers.0.conv2.bias,[64],float32,float32,0.011168648371528655,0.010966981629984895,0.0007015560457196841,0.06281476704988806,0.00026410422287881374,6.81407788931665e-05,0.9981568910814668
14,1,mlp_layers.0.conv2.weight,"[64, 64, 1]",float32,float32,0.0036826022626418905,0.00626291754957992,0.004141605426794385,1.1246409824945924,0.0006441555742640048,2.9964109165569325e-05,0.7724821385492496
14,1,mlp_layers.1.conv0.bias,[64],float32,float32,0.007718184535944491,0.007576796200412668,0.0004868945208034499,0.06308407353256779,0.0001964392140507698,4.703984045306697e-05,0.9981439901508041
14,1,mlp_layers.1.conv0.weight,"[64, 64, 1]",float32,float32,0.0030702379173640584,0.004136507841985119,0.0016832311909697449,0.5482412882239683,0.00014487674343399704,1.9578773110873193e-05,0.9332154627713992
14,1,mlp_layers.1.conv2.bias,[64],float32,float32,0.02453562221665428,0.024110025565305608,0.0010867508511095793,0.04429277731428042,0.0004326396156102419,0.00010102395890498883,0.9991548581420595
14,1,mlp_layers.1.conv2.weight,"[64, 64, 1]",float32,float32,0.008237862906437996,0.00925480872990483,0.001988627784785801,0.24140093218007586,0.00018586541091281106,1.8681569404037368e-05,0.9808468810647282
14,1,mlp_layers.2.conv0.bias,[64],float32,float32,0.019800806828082808,0.019466276327067097,0.0007545857798891747,0.03810884003064822,0.00038511957973241806,6.861799396062906e-05,0.9994065489117266
14,1,mlp_layers.2.conv0.weight,"[64, 64, 1]",float32,float32,0.005588862594266032,0.007114941902818688,0.0018143088757657812,0.32462935797118997,8.606960182078183e-05,2.2227877220996894e-05,0.987893720892525
14,1,mlp_layers.2.conv2.bias,[64],float32,float32,0.07013915025644835,0.06939217464253115,0.0014840217963187315,0.021158251716662278,0.0009665517136454582,0.00011713694266290986,0.9998310754488297
14,1,mlp_layers.2.conv2.weight,"[64, 64, 1]",float32,float32,0.022828874737576735,0.02441800652815469,0.002695771629464767,0.11808604937620858,0.0003854089882224798,2.5234213350711077e-05,0.9957467331426685
14,1,mlp_layers.3.conv0.bias,[64],float32,float32,0.05083839638083623,0.05019484775807405,0.0008222391986709917,0.016173586446580727,0.0002996455878019333,7.645091307040275e-05,0.9999486793938032
14,1,mlp_layers.3.conv0.weight,"[64, 64, 1]",float32,float32,0.009844763123163442,0.01116589748801344,0.0015462634101089635,0.15706456222098503,5.947789759375155e-05,1.9426880075265607e-05,0.9970637666271078
14,1,mlp_layers.3.conv2.bias,[64],float32,float32,0.17281476928800837,0.17093160123030673,0.0019997703141771592,0.011571755830917418,0.0005582012236118317,0.00020711786191895953,0.9999923363750953
14,1,mlp_layers.3.conv2.weight,"[64, 64, 1]",float32,float32,0.05371163798544334,0.05391070999788058,0.002469863986869754,0.04598377706409036,0.00018413184443488717,2.64047544760726e-05,0.9989534931718749
14,1,p.bias,[64],float32,float32,0.009519741571198842,0.00920700617290281,0.0005565052098818234,0.058458016503880945,0.00018215010641142726,5.7513762939720436e-05,0.9987912225773212
14,1,p.weight,"[64, 2]",float32,float32,0.006987310301990477,0.006726333567739144,0.0016010667714292817,0.2291392112603308,0.00045517104445025325,0.00010223176079193763,0.973453615805618
14,1,q.conv0.bias,[128],float32,float32,0.16746681818728448,0.1655229512444257,0.002070431206878529,0.01236323248563239,0.0004241429269313812,0.0001533980711201366,0.9999908356063119
14,1,q.conv0.weight,"[128, 64, 1]",float32,float32,0.21691445967074102,0.21864715382512087,0.004162713387942954,0.019190575834647554,0.0003436356782913208,2.9284813406288586e-05,0.9998489706976288
14,1,q.conv2.bias,[1],float32,float32,0.4966766834259033,0.4900454878807068,0.006631195545196533,0.01335113116133588,0.006631195545196533,0.006631195545196533,1.0
14,1,q.conv2.weight,"[1, 128, 1]",float32,float32,0.5131723737663019,0.513802956449569,0.006152075716110731,0.011988322112819697,0.0017005614936351776,0.00042019077636723523,0.9999289822987906
14,1,w_layers.0.bias,[64],float32,float32,0.011171666297372668,0.010970446603054728,0.0007015548043067952,0.0627976870801973,0.0002641040046000853,6.814024115442407e-05,0.9981572432776661
14,1,w_layers.0.weight,"[64, 64, 1]",float32,float32,0.04959244220502394,0.048954764527391816,0.005579679877741171,0.11251068972715209,0.0004690258065238595,5.685769171451943e-05,0.9936719730373929
14,1,w_layers.1.bias,[64],float32,float32,0.02455274198363246,0.02412612055209512,0.0010867505870329045,0.044261882756612796,0.00043263938277959824,0.00010102392116095871,0.9991567484949452
14,1,w_layers.1.weight,"[64, 64, 1]",float32,float32,0.05034351104844202,0.05171810620725086,0.004953748879891012,0.09839895503363616,0.0007284125313162804,4.373583417169313e-05,0.9956503498966328
14,1,w_layers.2.bias,[64],float32,float32,0.07014134346548304,0.06939426200905545,0.0014840221520580755,0.021157595203296492,0.0009665526449680328,0.00011713692219927907,0.999831101947683
14,1,w_layers.2.weight,"[64, 64, 1]",float32,float32,0.08002250326981776,0.0838924093591734,0.005803215136273604,0.07251979004838773,0.0010127965360879898,4.912609895818543e-05,0.9986071539471216
14,1,w_layers.3.bias,[64],float32,float32,0.1728109663123617,0.1709278195941933,0.0019997750348439347,0.011572037802446363,0.0005582012236118317,0.00020711816750917933,0.9999923343568297
14,1,w_layers.3.weight,"[64, 64, 1]",float32,float32,0.12853346774898886,0.1317211086474424,0.005182257321686353,0.040318349862050774,0.0004560491070151329,5.2386848306662515e-05,0.9995069647509627
15,1,conv_layers.0.weights1,"[64, 64, 16]",complex64,complex64,0.0034134278250371546,0.0017610794837206545,0.003566076313822979,1.0447199989600373,0.00019030423572985455,2.533622112168333e-06,0.16934641340801745
15,1,conv_layers.1.weights1,"[64, 64, 16]",complex64,complex64,0.0018805015987442039,0.0011946585972808334,0.002082179506505929,1.1072468685463526,0.00023487129510613158,1.2403259665644655e-06,0.1397747346729205
15,1,conv_layers.2.weights1,"[64, 64, 16]",complex64,complex64,0.001945105200848456,0.0012151791316185555,0.0020839624541864874,1.0713880428048117,0.0001634442014619708,1.3116422953609632e-06,0.19402080875234817
15,1,conv_layers.3.weights1,"[64, 64, 16]",complex64,complex64,0.0021829750929276475,0.0015786398899934307,0.0022120647059429314,1.0133256733480505,0.0002150579821318388,1.308563509596608e-06,0.34303012723053716
15,1,mlp_layers.0.conv0.bias,[64],float32,float32,0.000793118464775334,0.0002702378581886355,0.0005999590190669599,0.7564557449017528,0.0002345895627513528,5.2789316036694345e-05,0.7981000342526489
15,1,mlp_layers.0.conv0.weight,"[64, 64, 1]",float32,float32,0.003982617232705563,0.0012321388103682107,0.002965928094904032,0.7447183401275923,0.0002142224693670869,3.185775099690327e-05,0.874509530982228
15,1,mlp_layers.0.conv2.bias,[64],float32,float32,0.0008831117319735545,0.0005558431016531194,0.0006711751121935135,0.760011545417463,0.0002437386501696892,6.191174160363744e-05,0.6502432612986366
15,1,mlp_layers.0.conv2.weight,"[64, 64, 1]",float32,float32,0.005337587705343669,0.001589337579876869,0.003973886678977697,0.7445098606996721,0.0006513416883535683,2.7678152105505872e-05,0.8973034683742496
15,1,mlp_layers.1.conv0.bias,[64],float32,float32,0.0006976060300671347,0.0004438834355230242,0.00045265824072883133,0.6488737499663949,0.00021112168178660795,4.1791611923969185e-05,0.7730958930939996
15,1,mlp_layers.1.conv0.weight,"[64, 64, 1]",float32,float32,0.0021209733660894495,0.000630063524060705,0.001672336493295924,0.788475951670859,0.00011584365347516723,1.9585022173643912e-05,0.7852740417427091
15,1,mlp_layers.1.conv2.bias,[64],float32,float32,0.0018093940624012764,0.0013066326780187393,0.0009821694262171221,0.5428167620455596,0.0003408833727007732,9.574136676349099e-05,0.8494451115633054
15,1,mlp_layers.1.conv2.weight,"[64, 64, 1]",float32,float32,0.0026352627809441784,0.000792895035009913,0.0021062711319854697,0.7992641747973315,0.0001995683487621136,1.9922499132768445e-05,0.7506423149775955
15,1,mlp_layers.2.conv0.bias,[64],float32,float32,0.0013804753579985288,0.0010803082384856619,0.0006126641280752497,0.4438066384346881,0.00032797246240079403,5.636298669386974e-05,0.9043621024842416
15,1,mlp_layers.2.conv0.weight,"[64, 64, 1]",float32,float32,0.0021357419788844106,0.0005056463853447656,0.0019572732622584912,0.9164371359506913,9.095148197957315e-05,2.3484742001939757e-05,0.45658202427766476
15,1,mlp_layers.2.conv2.bias,[64],float32,float32,0.003863232245745835,0.0036491998753811223,0.001278809426268934,0.33102059232321596,0.0007872008718550205,0.00010077399483776617,0.9436240327984751
15,1,mlp_layers.2.conv2.weight,"[64, 64, 1]",float32,float32,0.003185541721524557,0.0010887454211996434,0.003099272721621727,0.9729185779235241,0.0004488032791414298,2.887022498408373e-05,0.2490527291366622
15,1,mlp_layers.3.conv0.bias,[64],float32,float32,0.002898335336643892,0.0027878151078736483,0.00048655946537843947,0.16787549019149997,0.00020677654538303614,4.056855048872876e-05,0.9861061415732849
15,1,mlp_layers.3.conv0.weight,"[64, 64, 1]",float32,float32,0.00183395822645376,0.0005985960108743593,0.002038790247618751,1.1116884878894244,7.851588270568755e-05,2.544567608330807e-05,-0.1980987803267402
15,1,mlp_layers.3.conv2.bias,[64],float32,float32,0.009689288693180621,0.00970182765505228,0.00046946639256918867,0.04845210081309703,0.00017077289521694183,4.452709418956147e-05,0.9988285502974454
15,1,mlp_layers.3.conv2.weight,"[64, 64, 1]",float32,float32,0.004028444369052608,0.0029574551002236886,0.0032686859241697016,0.8114015299008379,0.0002359649479330983,3.526663323319065e-05,0.5997425293807843
15,1,p.bias,[64],float32,float32,0.0008217728107124671,0.0006721425944031348,0.00039703184612075473,0.4831406453768322,0.00011657075810944661,4.033238981548948e-05,0.8775726891654108
15,1,p.weight,"[64, 2]",float32,float32,0.0018991950894420482,0.0007968931417021199,0.0015518590137774914,0.8171140618489076,0.00042667018715292215,0.00010482321292748509,0.6058038105815758
15,1,q.conv0.bias,[128],float32,float32,0.009594964562399859,0.009562413681230359,0.0007950556121432065,0.08286175597342176,0.0002548513002693653,4.633952001142916e-05,0.9965610525977384
15,1,q.conv0.weight,"[128, 64, 1]",float32,float32,0.008346416479981805,0.010342532137036781,0.00650249561280183,0.7790763411336509,0.000561062537599355,4.5189194773228095e-05,0.7781707326739886
15,1,q.conv2.bias,[1],float32,float32,0.02970210090279579,0.028858322650194168,0.0008437782526016235,0.028408032662841053,0.0008437782526016235,0.0008437782526016235,1.0
15,1,q.conv2.weight,"[1, 128, 1]",float32,float32,0.020907481264424304,0.025699614235569365,0.010090263960748865,0.48261499475397013,0.00272896362002939,0.0006917076568484504,0.9266268340528863
15,1,w_layers.0.bias,[64],float32,float32,0.0008732151209436718,0.0005548502292777535,0.0006711756619247973,0.7686257897131543,0.00024373863561777398,6.191118997200817e-05,0.6397131438625043
15,1,w_layers.0.weight,"[64, 64, 1]",float32,float32,0.0074322298055057206,0.003585704282298432,0.006075336805898773,0.8174312373116107,0.0006245926197152585,5.529031223191344e-05,0.5851005118175769
15,1,w_layers.1.bias,[64],float32,float32,0.0018387279690317013,0.001330048342235996,0.0009821693929332749,0.5341569875888158,0.00034088331449311227,9.57413614699476e-05,0.8556790573883668
15,1,w_layers.1.weight,"[64, 64, 1]",float32,float32,0.007417054345168537,0.0034092335228079005,0.005585075540098628,0.7530045325522984,0.0010116163175553083,4.3955605522071756e-05,0.7008194331483754
15,1,w_layers.2.bias,[64],float32,float32,0.0038664181885261304,0.003651033876270257,0.001278809442572859,0.33074783435682575,0.0007872008718550205,0.00010077399586805313,0.9437193437757203
15,1,w_layers.2.weight,"[64, 64, 1]",float32,float32,0.007921996851018413,0.0031720647021532757,0.006902105504349087,0.8712582994099255,0.0013793041580356658,5.4840609437209475e-05,0.5010323018939206
15,1,w_layers.3.bias,[64],float32,float32,0.009686026335584628,0.009698392328872166,0.00046946640025045304,0.048468420793542785,0.00017077286611311138,4.452709197266813e-05,0.9988277176875855
15,1,w_layers.3.weight,"[64, 64, 1]",float32,float32,0.007225378000225635,0.005243004319448162,0.006918805659227501,0.9575700619415952,0.0005698334825865459,7.000310249864576e-05,0.42005083872711885
16,1,conv_layers.0.weights1,"[64, 64, 16]",complex64,complex64,0.005972704660922876,0.004725303588479685,0.0027435086261717125,0.45934108279644914,0.0001366655487800017,2.100167277804154e-06,0.8942199020205042
16,1,conv_layers.1.weights1,"[64, 64, 16]",complex64,complex64,0.0048915055027414925,0.0042659459085251355,0.0018183963863555876,0.37174575094241424,0.00023268921358976513,1.1747889323469234e-06,0.9301467657548167
16,1,conv_layers.2.weights1,"[64, 64, 16]",complex64,complex64,0.006856909417127092,0.006644135796066073,0.0016718995178306624,0.24382698036736714,0.00011980978524661623,1.2028610755166627e-06,0.9698191200279734
16,1,conv_layers.3.weights1,"[64, 64, 16]",complex64,complex64,0.014302830478508957,0.013921802462528048,0.0015843297876029653,0.11077036744464923,0.00011866086788359098,1.197130137310339e-06,0.9940616098195258
16,1,mlp_layers.0.conv0.bias,[64],float32,float32,0.001942966216741515,0.001546758198256679,0.0006068513010086248,0.312332399698825,0.0002569093485362828,5.146263665167794e-05,0.9648474722615774
16,1,mlp_layers.0.conv0.weight,"[64, 64, 1]",float32,float32,0.005613769321984233,0.003027111158338986,0.0028549850446948767,0.508568286465636,0.0002006351569434628,3.121731331429817e-05,0.9570383138481349
16,1,mlp_layers.0.conv2.bias,[64],float32,float32,0.005754149191411782,0.005236755546695187,0.000734973113123447,0.12772924174792227,0.00024626031517982483,6.691519478252417e-05,0.9954785677487555
16,1,mlp_layers.0.conv2.weight,"[64, 64, 1]",float32,float32,0.007792330819118497,0.004285986076467117,0.003773340622357689,0.484237734504263,0.0006143149803392589,2.677654084135006e-05,0.9709016050015944
16,1,mlp_layers.1.conv0.bias,[64],float32,float32,0.00417860349814306,0.003894894288703592,0.0005396221206327486,0.12913934544700223,0.00027462607249617577,4.407606120082619e-05,0.9935269344500298
16,1,mlp_layers.1.conv0.weight,"[64, 64, 1]",float32,float32,0.003959485806979461,0.002575890292846174,0.0016677336324923415,0.42119954807076104,0.00011156743130413815,1.9370904869050673e-05,0.9574967236378218
16,1,mlp_layers.1.conv2.bias,[64],float32,float32,0.01376289019215384,0.01335076272534846,0.0010229058557489465,0.07432347722516165,0.00041275937110185623,9.341774838844685e-05,0.9976149365896143
16,1,mlp_layers.1.conv2.weight,"[64, 64, 1]",float32,float32,0.006862820317888652,0.005292895594913483,0.0021452639354441892,0.31259217582199206,0.00020563503494486213,2.0142778211121315e-05,0.9705775458061753
16,1,mlp_layers.2.conv0.bias,[64],float32,float32,0.011417988829912665,0.01131708718812144,0.0005976565120564336,0.05234341362208225,0.0002703252248466015,5.418129740775157e-05,0.9986572646312271
16,1,mlp_layers.2.conv0.weight,"[64, 64, 1]",float32,float32,0.005662501407331527,0.003950996952355486,0.0019772352249999847,0.34918052690282037,9.740720270201564e-05,2.3213475469959638e-05,0.9780934069714398
16,1,mlp_layers.2.conv2.bias,[64],float32,float32,0.04355745748894735,0.0428525462249914,0.0014487333284373424,0.03326028221011194,0.0005758237093687057,0.00011926964225494885,0.9995708847560354
16,1,mlp_layers.2.conv2.weight,"[64, 64, 1]",float32,float32,0.016677784553419752,0.014279410619077726,0.0032344841206546618,0.19393967527847913,0.0004719544667750597,3.030301944915298e-05,0.9901118809947992
16,1,mlp_layers.3.conv0.bias,[64],float32,float32,0.0324377279402421,0.032210554229099464,0.0005313509683877393,0.01638064692344089,0.00027407240122556686,5.053633537954738e-05,0.9998895876038386
16,1,mlp_layers.3.conv0.weight,"[64, 64, 1]",float32,float32,0.007914516630359145,0.006308909873287494,0.0018591267642327424,0.23490086016135883,7.316011760849506e-05,2.3078369692312514e-05,0.9912042401893366
16,1,mlp_layers.3.conv2.bias,[64],float32,float32,0.11783643173586739,0.11698848645432544,0.0010494019185323586,0.00890558126271689,0.00031631067395210266,0.00011242545781442459,0.9999861364105267
16,1,mlp_layers.3.conv2.weight,"[64, 64, 1]",float32,float32,0.036572103897385674,0.035414013334664374,0.0030655728399367112,0.08382270947654863,0.00022313738008961082,3.315058887215505e-05,0.9968897541083994
16,1,p.bias,[64],float32,float32,0.004273370640064083,0.0038954704254214275,0.0005021765165633072,0.11751297953312485,0.00013516249600797892,5.1915579689421065e-05,0.9967149015368515
16,1,p.weight,"[64, 2]",float32,float32,0.0034838783363618244,0.0026958379285908344,0.0014507545612232463,0.41641940996661014,0.00041359785245731473,8.584789119936431e-05,0.9210133285061453
16,1,q.conv0.bias,[128],float32,float32,0.1181071483316626,0.11711202020460254,0.0012549923712308424,0.010625879880755697,0.0003404170274734497,8.0780959308413e-05,0.9999788629365469
16,1,q.conv0.weight,"[128, 64, 1]",float32,float32,0.14784506295776034,0.1420559054106,0.00720557378231473,0.04873733108269823,0.0006233872845768929,4.9006652495457714e-05,0.999561810379537
16,1,q.conv2.bias,[1],float32,float32,0.35619473457336426,0.35401344299316406,0.0021812915802001953,0.0061238737366874855,0.0021812915802001953,0.0021812915802001953,1.0
16,1,q.conv2.weight,"[1, 128, 1]",float32,float32,0.34692778694938553,0.33757783097249106,0.011634238565688657,0.03353504390060868,0.003091283142566681,0.0008109734808385838,0.99979535594459
16,1,w_layers.0.bias,[64],float32,float32,0.005750824433038113,0.005234025965167541,0.0007349744707772386,0.1278033226948919,0.00024626031517982483,6.69159519901541e-05,0.9954633365568386
16,1,w_layers.0.weight,"[64, 64, 1]",float32,float32,0.02582035172635379,0.022564343419265456,0.005288208260312161,0.2048077546098917,0.0005042809061706066,4.8223077784279034e-05,0.9850987111149856
16,1,w_layers.1.bias,[64],float32,float32,0.013748496716387663,0.013334699700891513,0.0010229059190734705,0.07440129202301857,0.00041275937110185623,9.341774648419232e-05,0.9976133239396457
16,1,w_layers.1.weight,"[64, 64, 1]",float32,float32,0.030672605786505665,0.027098562468436713,0.005179520040570603,0.1688646891177834,0.0009354136418551207,4.152768889510022e-05,0.9915460053009573
16,1,w_layers.2.bias,[64],float32,float32,0.043556299720975904,0.04285137270540747,0.001448734927966068,0.0332612030233685,0.0005758241750299931,0.00011926974690368297,0.9995708663052733
16,1,w_layers.2.weight,"[64, 64, 1]",float32,float32,0.05319885752450524,0.047535563635007674,0.006857193210038729,0.12889737729574488,0.0014353725127875805,5.41827210274598e-05,0.9970444522446116
16,1,w_layers.3.bias,[64],float32,float32,0.11783983642597536,0.11699182401409752,0.0010494007206043791,0.008905313792281032,0.00031631067395210266,0.00011242532036703778,0.9999861414268648
16,1,w_layers.3.weight,"[64, 64, 1]",float32,float32,0.08752501732340645,0.08165340100234317,0.007540034093860184,0.08614718767777706,0.0006332602351903915,7.603350720883362e-05,0.9984345090815231
17,1,conv_layers.0.weights1,"[64, 64, 16]",complex64,complex64,0.005603371892206661,0.004208980793927959,0.0026433180506802182,0.47173703647202586,0.00012058186257490888,1.929783880967048e-06,0.8930906515136974
17,1,conv_layers.1.weights1,"[64, 64, 16]",complex64,complex64,0.004649291740511549,0.003978386527037366,0.0017300159392968802,0.3721031150233931,0.00017837756604421884,1.1298827874018162e-06,0.9312622211960059
17,1,conv_layers.2.weights1,"[64, 64, 16]",complex64,complex64,0.006662131853611404,0.00638178307893326,0.0016217028179436254,0.2434210030028952,0.00012162466737208888,1.1480094181908623e-06,0.9699959101045527
17,1,conv_layers.3.weights1,"[64, 64, 16]",complex64,complex64,0.014434199483137827,0.013939349837790849,0.0017349733571721292,0.1201987930954496,0.00013852007759851404,1.221245680483819e-06,0.9931282051390842
17,1,mlp_layers.0.conv0.bias,[64],float32,float32,0.0018645466625390756,0.0014553174457053277,0.0006093123187523709,0.32678845265402495,0.0002626569475978613,5.107109036117663e-05,0.9624484240561869
17,1,mlp_layers.0.conv0.weight,"[64, 64, 1]",float32,float32,0.005179764791984216,0.0027211258839961085,0.002772714239200061,0.5352973253710069,0.00019297956896480173,3.092031686128399e-05,0.9417146784876831
17,1,mlp_layers.0.conv2.bias,[64],float32,float32,0.00567712856016815,0.005082315364262645,0.0008117841895343874,0.14299203918509523,0.0002938701072707772,7.217072286636039e-05,0.9947112730094789
17,1,mlp_layers.0.conv2.weight,"[64, 64, 1]",float32,float32,0.007207424853779621,0.0038380220505396944,0.0036846476984091097,0.5112294298117942,0.0006534095737151802,2.594079923958631e-05,0.9598052767318459
17,1,mlp_layers.1.conv0.bias,[64],float32,float32,0.004220009951476442,0.003915100926599067,0.0005867081623505743,0.1390300423688111,0.00029233319219201803,4.74698667645157e-05,0.9923961829660873
17,1,mlp_layers.1.conv0.weight,"[64, 64, 1]",float32,float32,0.003780901778790839,0.002435735929742048,0.0016892074929939222,0.44677370421776563,0.00010942386143142357,1.980341387725071e-05,0.9433207056045274
17,1,mlp_layers.1.conv2.bias,[64],float32,float32,0.014339801838809577,0.013857778232004169,0.0011232111369888916,0.07832821887043143,0.000492563471198082,0.00010045600416219713,0.9974102558175706
17,1,mlp_layers.1.conv2.weight,"[64, 64, 1]",float32,float32,0.006789421285835173,0.005240125467021431,0.002215145148822943,0.3262642065597578,0.00021097494754940271,2.0945055917195865e-05,0.9647732952614134
17,1,mlp_layers.2.conv0.bias,[64],float32,float32,0.012137106644597063,0.012002994990974692,0.0006583645157298748,0.05424394256459396,0.00027608894743025303,5.9922922218902386e-05,0.9985740896117331
17,1,mlp_layers.2.conv0.weight,"[64, 64, 1]",float32,float32,0.005586700248918458,0.003816306090169764,0.002117964204260129,0.379108258881466,0.00010574243788141757,2.4511555677966812e-05,0.9683057807038032
17,1,mlp_layers.2.conv2.bias,[64],float32,float32,0.04717439610290302,0.04632077059373138,0.0016392842440737553,0.03474944841896719,0.0006603319197893143,0.00013642810915825976,0.9995518448625228
17,1,mlp_layers.2.conv2.weight,"[64, 64, 1]",float32,float32,0.01730008718366067,0.01478776528487599,0.0034870746935405186,0.20156399540193876,0.0005019137170165777,3.2654099978275675e-05,0.9885706580871927
17,1,mlp_layers.3.conv0.bias,[64],float32,float32,0.035636846323259475,0.0353190398417512,0.0006968784580227616,0.019554997984429466,0.0003519095480442047,6.76643972212787e-05,0.9998472030288035
17,1,mlp_layers.3.conv0.weight,"[64, 64, 1]",float32,float32,0.008243871445874275,0.0063954206766541725,0.0022154005892390327,0.26873303444678914,8.669726958032697e-05,2.7441973033309752e-05,0.9858578913188617
17,1,mlp_layers.3.conv2.bias,[64],float32,float32,0.13258418185510232,0.13145260023450228,0.0013872462553153298,0.01046313546537108,0.0004107430577278137,0.0001490027245552028,0.9999815252632535
17,1,mlp_layers.3.conv2.weight,"[64, 64, 1]",float32,float32,0.04046396052813918,0.03916987648001293,0.0036877568329329795,0.09113682360302977,0.00026921427343040705,3.961415254086567e-05,0.9962381277070234
17,1,p.bias,[64],float32,float32,0.004141904309512359,0.0037072551171080195,0.0005580758316711997,0.1347389485530881,0.00015166698722168803,5.7995790839981964e-05,0.9960101612562837
17,1,p.weight,"[64, 2]",float32,float32,0.003523346259015052,0.0026418799263007013,0.0014628600365933857,0.41519054020036245,0.00039956686669029295,9.693842242697315e-05,0.9267866969945825
17,1,q.conv0.bias,[128],float32,float32,0.1344064508960504,0.13308398712020733,0.0015588560709204687,0.011598074798702064,0.0004004240036010742,0.00010161669740682555,0.9999809607921443
17,1,q.conv0.weight,"[128, 64, 1]",float32,float32,0.1627070238817052,0.15630030577160522,0.007998187488221406,0.04915698964561249,0.0006870273500680923,5.4514261479843285e-05,0.9995492740336572
17,1,q.conv2.bias,[1],float32,float32,0.40845486521720886,0.40531229972839355,0.0031425654888153076,0.007693788852641401,0.0031425654888153076,0.0031425654888153076,1.0
17,1,q.conv2.weight,"[1, 128, 1]",float32,float32,0.38413641954927996,0.37365263941222043,0.012971338870022593,0.03376753207946879,0.0035232529044151306,0.0009094647518281818,0.9997967514526938
17,1,w_layers.0.bias,[64],float32,float32,0.005673843849582601,0.005079951898815622,0.0008117859195248034,0.14307512526706614,0.0002938701072707772,7.217172932172389e-05,0.9946867036192498
17,1,w_layers.0.weight,"[64, 64, 1]",float32,float32,0.026180829098801518,0.022198632925976364,0.005921997892115039,0.2261959646032039,0.0006039085565134883,5.271266689850507e-05,0.9834713699161893
17,1,w_layers.1.bias,[64],float32,float32,0.014325111236095629,0.013841578442181812,0.001123211297408045,0.07840855675716073,0.000492563471198082,0.00010045601570141116,0.9974082395935819
17,1,w_layers.1.weight,"[64, 64, 1]",float32,float32,0.03172791578658899,0.02786663828908099,0.0055694806917708,0.17553881349259484,0.0010490817949175835,4.41282838535631e-05,0.9908897557917805
17,1,w_layers.2.bias,[64],float32,float32,0.04717357490708467,0.04631995983267863,0.0016392841353940204,0.0347500510322322,0.0006603319197893143,0.00013642812541547755,0.9995518252217371
17,1,w_layers.2.weight,"[64, 64, 1]",float32,float32,0.055338485578623794,0.04944845102453229,0.007229216806394138,0.13063633257767804,0.0015431181527674198,5.721949575003549e-05,0.9967897505453543
17,1,w_layers.3.bias,[64],float32,float32,0.1325874068795423,0.13145574927642362,0.0013872452588751423,0.010462873447215663,0.0004107430577278137,0.00014900263096251365,0.9999815311677326
17,1,w_layers.3.weight,"[64, 64, 1]",float32,float32,0.09439847822492432,0.0881702056378265,0.008147490410624058,0.08630955248251926,0.0006928029470145702,8.266025972403918e-05,0.9983425580375552
18,1,conv_layers.0.weights1,"[64, 64, 16]",complex64,complex64,0.007016286466944269,0.005270305513283281,0.002585470080371651,0.36849551291164345,0.00014366690447786823,1.859980348832787e-06,0.9508328103677489
18,1,conv_layers.1.weights1,"[64, 64, 16]",complex64,complex64,0.006155656826224819,0.005326155101110106,0.0017148738930319461,0.2785850383546568,0.00015142731717787683,1.1490127976992097e-06,0.9656450844154351
18,1,conv_layers.2.weights1,"[64, 64, 16]",complex64,complex64,0.009252841503217759,0.008825661466733695,0.00153005005440973,0.16536001982500634,0.00010015678708441556,1.1732879590726376e-06,0.9867835800155382
18,1,conv_layers.3.weights1,"[64, 64, 16]",complex64,complex64,0.020661611830338447,0.01988699366646911,0.0017285125356767685,0.08365816519400049,0.00011566805187612772,1.2702165056943959e-06,0.9970945026497087
18,1,mlp_layers.0.conv0.bias,[64],float32,float32,0.002377472324569871,0.001922669836265324,0.0006555820010249681,0.27574747947637,0.0002907834714278579,5.283205122452728e-05,0.9756138857734471
18,1,mlp_layers.0.conv0.weight,"[64, 64, 1]",float32,float32,0.005269418085684673,0.0030413253062711487,0.0026810906826628075,0.5088020420976797,0.00018202349019702524,3.049840985162866e-05,0.9306175030350505
18,1,mlp_layers.0.conv2.bias,[64],float32,float32,0.00772208336746909,0.006975211937691944,0.0009713295459944149,0.12578594399619486,0.00032392574939876795,8.073522092644225e-05,0.9964199640683054
18,1,mlp_layers.0.conv2.weight,"[64, 64, 1]",float32,float32,0.007363671107227701,0.004310938002145306,0.0035145898056834373,0.477287721641145,0.0006889162468723953,2.4767057061106032e-05,0.9522251355049224
18,1,mlp_layers.1.conv0.bias,[64],float32,float32,0.006026159998554615,0.005638255052073158,0.0007430050804020059,0.12329660689065955,0.00033750361762940884,6.17173434562801e-05,0.9940903260704478
18,1,mlp_layers.1.conv0.weight,"[64, 64, 1]",float32,float32,0.004274638854414057,0.0031425989169910785,0.0016289586313019046,0.38107514734720044,0.00010321086301701143,1.9186921521172767e-05,0.9489338477867756
18,1,mlp_layers.1.conv2.bias,[64],float32,float32,0.020915556886650765,0.02029289087071665,0.001343390120668047,0.0642292303259426,0.0005866345018148422,0.00011399996409977575,0.9983307491214014
18,1,mlp_layers.1.conv2.weight,"[64, 64, 1]",float32,float32,0.008522595449608204,0.00720952731486062,0.0021869706938738294,0.25660853044178783,0.0002182308817282319,2.060428001597614e-05,0.9751098672802679
18,1,mlp_layers.2.conv0.bias,[64],float32,float32,0.01812180016666825,0.017938840220163697,0.0008230205171424158,0.04541604639566726,0.0003257044591009617,7.739092458436403e-05,0.9990096586178804
18,1,mlp_layers.2.conv0.weight,"[64, 64, 1]",float32,float32,0.006542329653622106,0.0050604852599352955,0.001984730005444052,0.3033674716077969,0.00010385028144810349,2.272607989693698e-05,0.9736721647219476
18,1,mlp_layers.2.conv2.bias,[64],float32,float32,0.07108059188052872,0.07003458627716551,0.0020252359376230155,0.028492108521366903,0.000825079157948494,0.00017392245456449018,0.9996979316431368
18,1,mlp_layers.2.conv2.weight,"[64, 64, 1]",float32,float32,0.02366312557154753,0.02142493684647534,0.003316164636886922,0.14014060090499067,0.0004748874343931675,3.111701490316962e-05,0.9940949863280333
18,1,mlp_layers.3.conv0.bias,[64],float32,float32,0.05457863350037667,0.05418235952285515,0.001072026400787885,0.01964186957484904,0.0004274379462003708,0.00010549554554017959,0.9998322386334356
18,1,mlp_layers.3.conv0.weight,"[64, 64, 1]",float32,float32,0.010735599309043163,0.009182186014744957,0.001996848126355418,0.18600248284912865,8.042599074542522e-05,2.468013809293207e-05,0.9920147639008084
18,1,mlp_layers.3.conv2.bias,[64],float32,float32,0.206647940564935,0.20553736120826563,0.0017956534212272167,0.008689432937576111,0.0005411030724644661,0.00018859424835682148,0.999976562241808
18,1,mlp_layers.3.conv2.weight,"[64, 64, 1]",float32,float32,0.06161796459257848,0.06054271662535886,0.0033710150940434685,0.05470831625700093,0.00024954171385616064,3.647156433066179e-05,0.9986318814276121
18,1,p.bias,[64],float32,float32,0.00561924168431386,0.005044323924189678,0.0007147526840711452,0.1271973558400915,0.00018823790014721453,7.33159443200293e-05,0.9968188531104193
18,1,p.weight,"[64, 2]",float32,float32,0.00424913234399518,0.0035001936900472303,0.0014275580844139062,0.33596460849973603,0.000393248803447932,8.873950053356339e-05,0.9503451150548967
18,1,q.conv0.bias,[128],float32,float32,0.21098425001646587,0.20957613040850143,0.001631767166861958,0.007734070987453375,0.00043412111699581146,0.0001064449444498905,0.9999923122417009
18,1,q.conv0.weight,"[128, 64, 1]",float32,float32,0.24469878804201697,0.2385417422575635,0.007855974198642023,0.032104671467735595,0.0006916094571352005,5.308799057657937e-05,0.9997960702343004
18,1,q.conv2.bias,[1],float32,float32,0.6453098654747009,0.6418305039405823,0.0034793615341186523,0.005391768699459096,0.0034793615341186523,0.0034793615341186523,1.0
18,1,q.conv2.weight,"[1, 128, 1]",float32,float32,0.5852472019077443,0.5751454434020784,0.012647553349302435,0.02161061737343622,0.0033944249153137207,0.0008880992791091558,0.999913971046171
18,1,w_layers.0.bias,[64],float32,float32,0.00772005220744231,0.0069736776690946835,0.000971331659809484,0.12581931231929983,0.00032392574939876795,8.07361619195035e-05,0.9964113051948007
18,1,w_layers.0.weight,"[64, 64, 1]",float32,float32,0.03416589621262616,0.03010009204840497,0.006040245130316539,0.17679164898019972,0.0005937973037362099,5.2580241940297645e-05,0.9902985884401606
18,1,w_layers.1.bias,[64],float32,float32,0.020899682924285692,0.020276143947022995,0.001343390347236183,0.06427802527449575,0.0005866345018148422,0.00011399997583794175,0.998329384402152
18,1,w_layers.1.weight,"[64, 64, 1]",float32,float32,0.04155298033200063,0.03794016045667272,0.005570893267236849,0.13406723712057333,0.000990774016827345,4.599318787087969e-05,0.9942968349749867
18,1,w_layers.2.bias,[64],float32,float32,0.0710799960863132,0.07003407682064153,0.0020252357395613425,0.028492344556435782,0.0008250810205936432,0.0001739224013022067,0.9996979088534471
18,1,w_layers.2.weight,"[64, 64, 1]",float32,float32,0.07452013175214905,0.0688953841682704,0.007391204518339373,0.09918399692209644,0.00164017453789711,5.88734344940528e-05,0.9977608393169108
18,1,w_layers.3.bias,[64],float32,float32,0.2066510156207055,0.20554035148370714,0.0017956538041690232,0.008689305488170592,0.0005411040037870407,0.00018859430201700889,0.9999765651321596
18,1,w_layers.3.weight,"[64, 64, 1]",float32,float32,0.13673246199416544,0.13072358277276974,0.008445037571342111,0.06176322321836399,0.0008072191849350929,8.49361164683704e-05,0.9990150016734494
19,1,conv_layers.0.weights1,"[64, 64, 16]",complex64,complex64,0.005965886864712353,0.004170503100023888,0.0027401126695662205,0.45929678716734024,0.0001441800850443542,1.9851054185115734e-06,0.9138929767525026
19,1,conv_layers.1.weights1,"[64, 64, 16]",complex64,complex64,0.005141155933904796,0.0043142592941361,0.001827148144446861,0.355396367652889,0.00015868694754317403,1.2319481408887406e-06,0.9401560233601876
19,1,conv_layers.2.weights1,"[64, 64, 16]",complex64,complex64,0.007641969395092435,0.007243117106511443,0.0016758512313667369,0.21929572662813135,0.00011730869300663471,1.2750596129242645e-06,0.9760676257945505
19,1,conv_layers.3.weights1,"[64, 64, 16]",complex64,complex64,0.017363339614680312,0.016626975276525485,0.0019414031193985555,0.11181046748386715,0.00013776507694274187,1.4235255659276035e-06,0.9944114727013542
19,1,mlp_layers.0.conv0.bias,[64],float32,float32,0.0020503760463631625,0.0015685159805697768,0.0007074253544446703,0.3450222488208737,0.0003157705068588257,5.7692012731536124e-05,0.9582932930578626
19,1,mlp_layers.0.conv0.weight,"[64, 64, 1]",float32,float32,0.0051533973175375255,0.002640831098632378,0.002963313444699952,0.5750213426423576,0.00020073358609806746,3.4131350685320805e-05,0.9093176617886184
19,1,mlp_layers.0.conv2.bias,[64],float32,float32,0.006499948808432038,0.005745908143645305,0.0010286098337276182,0.15824891303655458,0.00035367393866181374,8.793007047103174e-05,0.9934473139105959
19,1,mlp_layers.0.conv2.weight,"[64, 64, 1]",float32,float32,0.007131693130388009,0.003680810008699819,0.0039103557519099205,0.5483067878016188,0.0007377933943644166,2.7773123402845268e-05,0.9355764707089081
19,1,mlp_layers.1.conv0.bias,[64],float32,float32,0.005105070021175129,0.004726769215576943,0.0007958801435304868,0.15589994656866316,0.0003724041162058711,6.554407161019071e-05,0.9898403690174357
19,1,mlp_layers.1.conv0.weight,"[64, 64, 1]",float32,float32,0.003995579420208007,0.002657897515526424,0.0018650399246006115,0.46677583610727447,0.00011675407586153597,2.1976147397618356e-05,0.9204799250939001
19,1,mlp_layers.1.conv2.bias,[64],float32,float32,0.017870940487414912,0.017318951412089063,0.0014474131940153694,0.0809925585637011,0.0006310152821242809,0.00012698720745163428,0.9971077890182898
19,1,mlp_layers.1.conv2.weight,"[64, 64, 1]",float32,float32,0.007652892490888901,0.006119706540416443,0.002489817067724553,0.32534326997129354,0.0002454125788062811,2.359338738572303e-05,0.9589126002879306
19,1,mlp_layers.2.conv0.bias,[64],float32,float32,0.01567024069727473,0.015549034408852686,0.0009130779523254742,0.058268278705142736,0.00035738013684749603,8.628990198644715e-05,0.998319317715314
19,1,mlp_layers.2.conv0.weight,"[64, 64, 1]",float32,float32,0.0060888887994352174,0.004276386692737189,0.0023616513800006496,0.38786245861801705,0.00012476672418415546,2.6865296505322947e-05,0.9559836709369989
19,1,mlp_layers.2.conv2.bias,[64],float32,float32,0.06206283750894303,0.06125252762183882,0.002116747683141248,0.03410652442109551,0.0007649678736925125,0.00018607555534799758,0.9994970389400806
19,1,mlp_layers.2.conv2.weight,"[64, 64, 1]",float32,float32,0.021043071784152052,0.018497143097713928,0.003855841624675692,0.18323568270957483,0.0005383985117077827,3.590951182163779e-05,0.9892279408101003
19,1,mlp_layers.3.conv0.bias,[64],float32,float32,0.04799842835556503,0.04780401974857644,0.001156068125995685,0.024085541247969803,0.0004472089931368828,0.00011385741844804897,0.9997169996249659
19,1,mlp_layers.3.conv0.weight,"[64, 64, 1]",float32,float32,0.00983370946865003,0.00790860055379695,0.0025020978352606996,0.2544408946834777,9.932389366440475e-05,3.098207140081466e-05,0.9835770841331988
19,1,mlp_layers.3.conv2.bias,[64],float32,float32,0.1840568624047258,0.18376581018567958,0.0015615685516932036,0.008484163705124146,0.0006415527313947678,0.000136993710839306,0.9999652047422849
19,1,mlp_layers.3.conv2.weight,"[64, 64, 1]",float32,float32,0.054799207111356704,0.053799336914649616,0.004189153327260528,0.07644550985469202,0.0003125203074887395,4.472010044351271e-05,0.9971932901298253
19,1,p.bias,[64],float32,float32,0.004672191648761277,0.0041027607610065325,0.000732684700972072,0.1568182035440105,0.00019153824541717768,7.533596760822547e-05,0.994455198099953
19,1,p.weight,"[64, 2]",float32,float32,0.0035199106624318435,0.0026867596319999376,0.0015811139151579146,0.4491914900094513,0.00043236257624812424,0.000101790432040616,0.9045283286673652
19,1,q.conv0.bias,[128],float32,float32,0.1882257408951783,0.18766917496773253,0.0011079072057813305,0.005886055756838896,0.0003519505262374878,7.024472196803799e-05,0.9999870104130121
19,1,q.conv0.weight,"[128, 64, 1]",float32,float32,0.21700303915912497,0.21110301650717697,0.008156396690825353,0.03758655511199727,0.0007208622992038727,5.561436079119797e-05,0.9996538251217552
19,1,q.conv2.bias,[1],float32,float32,0.5770604610443115,0.5763559341430664,0.0007045269012451172,0.0012208892287822466,0.0007045269012451172,0.0007045269012451172,1.0
19,1,q.conv2.weight,"[1, 128, 1]",float32,float32,0.5201430142228995,0.5113014492475683,0.01255038916980746,0.024128727728003625,0.0034225285053253174,0.0008796083952802292,0.9998508384399364
19,1,w_layers.0.bias,[64],float32,float32,0.006498069444970217,0.005744880861856364,0.0010286121157951906,0.15829503277952503,0.0003536738222464919,8.793108531790494e-05,0.9934269823464926
19,1,w_layers.0.weight,"[64, 64, 1]",float32,float32,0.028432197164103286,0.024297680952525304,0.0065210343594718214,0.22935386673896843,0.0006548294331878424,5.764098484375632e-05,0.9815950181753134
19,1,w_layers.1.bias,[64],float32,float32,0.01785531402848149,0.017302183661913037,0.0014474131666068072,0.08106343939389696,0.0006310152821242809,0.00012698718222381444,0.997104493939987
19,1,w_layers.1.weight,"[64, 64, 1]",float32,float32,0.03556159920792888,0.03181640068801041,0.006006871462522461,0.1689145481731642,0.0011125528253614902,4.989011692613579e-05,0.9902531499321814
19,1,w_layers.2.bias,[64],float32,float32,0.06206238887287029,0.06125220166279721,0.002116746878815672,0.03410675801009939,0.0007649678736925125,0.00018607547121973766,0.9994970069280077
19,1,w_layers.2.weight,"[64, 64, 1]",float32,float32,0.06456358333715648,0.05868466583268371,0.007828395493907571,0.1212509450261927,0.001720021478831768,6.289326526567884e-05,0.9964736256963243
19,1,w_layers.3.bias,[64],float32,float32,0.18405984348763255,0.1837686979519857,0.0015615664160466508,0.008484014690317699,0.0006415536627173424,0.00013699351711693453,0.9999652067543013
19,1,w_layers.3.weight,"[64, 64, 1]",float32,float32,0.12033346611438504,0.11428344929498381,0.008991789961656338,0.07472393384820344,0.0008006952702999115,9.161324603078336e-05,0.998391172717288
20,1,conv_layers.0.weights1,"[64, 64, 16]",complex64,complex64,0.005469941804072648,0.0036065365117628357,0.0026883228664678015,0.49147193201693834,0.0001530620938865468,2.0274367814024234e-06,0.9048335567695898
20,1,conv_layers.1.weights1,"[64, 64, 16]",complex64,complex64,0.0046081566914758666,0.0037660748825167714,0.0018402527583222337,0.39934682814200295,0.00016786328342277557,1.2560967434641549e-06,0.9228614115055619
20,1,conv_layers.2.weights1,"[64, 64, 16]",complex64,complex64,0.00683588433590017,0.0064254832276014326,0.001667696793667218,0.24396211400314904,0.0001093282553483732,1.3101126417330955e-06,0.9702578107067383
20,1,conv_layers.3.weights1,"[64, 64, 16]",complex64,complex64,0.015690671094839955,0.014903458801437295,0.0019250559779604084,0.12268793133988282,0.00012375705409795046,1.4496325497797242e-06,0.9934013261838126
20,1,mlp_layers.0.conv0.bias,[64],float32,float32,0.0018661574413183976,0.001366562664436808,0.0007345096103032173,0.39359466358010126,0.00032210457720793784,5.979085217333591e-05,0.9431599424427733
20,1,mlp_layers.0.conv0.weight,"[64, 64, 1]",float32,float32,0.0047450474009518625,0.002181848019010408,0.003006043173856531,0.6335117270384939,0.00020448000577744097,3.474671529736517e-05,0.8808890612890069
20,1,mlp_layers.0.conv2.bias,[64],float32,float32,0.005862176816650526,0.005076049021429422,0.001088469416455955,0.1856766608206598,0.0003813094226643443,9.220433611289991e-05,0.9904766183866566
20,1,mlp_layers.0.conv2.weight,"[64, 64, 1]",float32,float32,0.006548466294385951,0.0030212692050231075,0.0039788359274427225,0.6075981380332992,0.0007881323690526187,2.815241539093436e-05,0.9143272444516081
20,1,mlp_layers.1.conv0.bias,[64],float32,float32,0.004619214832338731,0.004245078905954491,0.000848430494834497,0.18367417962349514,0.00039006280712783337,7.00543208793647e-05,0.9852144770171208
20,1,mlp_layers.1.conv0.weight,"[64, 64, 1]",float32,float32,0.0035881919671369895,0.0022221208763923885,0.0019619724363604874,0.5467858058681128,0.00012040849105687812,2.314506039773935e-05,0.8756373352862614
20,1,mlp_layers.1.conv2.bias,[64],float32,float32,0.016270766904959735,0.01574626326989168,0.0015597242792160996,0.09586052632470919,0.0006725788116455078,0.00013815876630474122,0.9957892194838652
20,1,mlp_layers.1.conv2.weight,"[64, 64, 1]",float32,float32,0.006927312933823346,0.005355333157328658,0.0026408288376055873,0.38121979804195916,0.0002550142089603469,2.501172102285093e-05,0.9393114426680077
20,1,mlp_layers.2.conv0.bias,[64],float32,float32,0.014428925389540201,0.014336327338448092,0.001013308331920407,0.07022756751205972,0.00039388518780469894,9.653449794200242e-05,0.9975388421692373
20,1,mlp_layers.2.conv0.weight,"[64, 64, 1]",float32,float32,0.005472383266098785,0.0035097254875357093,0.002614442114908631,0.47775201183458854,0.00014110207848716527,2.9539622967940556e-05,0.9223369112859104
20,1,mlp_layers.2.conv2.bias,[64],float32,float32,0.057473898309512564,0.056722889961714124,0.0022955394740557873,0.03994055634948726,0.0007948242127895355,0.00020314791561304446,0.9992783183477144
20,1,mlp_layers.2.conv2.weight,"[64, 64, 1]",float32,float32,0.019248954393845656,0.01656624436940112,0.004232323635477338,0.21987291095824466,0.0005840528756380081,3.928286878014664e-05,0.9831981726309654
20,1,mlp_layers.3.conv0.bias,[64],float32,float32,0.044708019008406354,0.04457808751927805,0.001326271732688013,0.029665186740630064,0.0004864279180765152,0.00013065553964963783,0.9995629412245025
20,1,mlp_layers.3.conv0.weight,"[64, 64, 1]",float32,float32,0.009088073662099124,0.007000767380589163,0.0027726271268147156,0.30508413882885566,0.00011004193220287561,3.42997547317786e-05,0.9738255973536779
20,1,mlp_layers.3.conv2.bias,[64],float32,float32,0.17264298541723624,0.1727137986494984,0.0017261644061332408,0.009998462445268308,0.0007458999752998352,0.00013888105831938446,0.9999501199540681
20,1,mlp_layers.3.conv2.weight,"[64, 64, 1]",float32,float32,0.05121595909664937,0.050283188392043376,0.0046369591332780045,0.0905373874679887,0.0003464464098215103,4.951757411486048e-05,0.995994386083657
20,1,p.bias,[64],float32,float32,0.004167472052569275,0.003577372712974425,0.0007669622223421187,0.18403536068568987,0.0002067405148409307,7.892264264341975e-05,0.9919504914283346
20,1,p.weight,"[64, 2]",float32,float32,0.0033885251876031907,0.0024291968109492823,0.0016580290209510676,0.4893069784509535,0.00044474995229393244,0.00010974366313121209,0.8889161926092979
20,1,q.conv0.bias,[128],float32,float32,0.17607500729360248,0.17590649839272657,0.0010614893184496996,0.006028620045317856,0.0003302358090877533,6.4779558471173e-05,0.9999822688532743
20,1,q.conv0.weight,"[128, 64, 1]",float32,float32,0.2021691846322625,0.19634988032927006,0.008525890324385332,0.04217205673502408,0.0007622232660651207,5.83310241533512e-05,0.9995109506531049
20,1,q.conv2.bias,[1],float32,float32,0.5402966737747192,0.5408915877342224,0.0005949139595031738,0.0011010875846169427,0.0005949139595031738,0.0005949139595031738,1.0
20,1,q.conv2.weight,"[1, 128, 1]",float32,float32,0.48632763552566,0.478028474075315,0.012823738606018492,0.02636851716674011,0.0036347955465316772,0.0008930223125389603,0.9997944493608574
20,1,w_layers.0.bias,[64],float32,float32,0.005860571937293467,0.005075629648663487,0.0010884720136568635,0.1857279503268997,0.0003813093644566834,9.220542567334178e-05,0.9904418214840275
20,1,w_layers.0.weight,"[64, 64, 1]",float32,float32,0.026393133054331577,0.021723788200731328,0.007046255259877606,0.26697305111039826,0.0007071514264680445,6.176425496812188e-05,0.9757159650722721
20,1,w_layers.1.bias,[64],float32,float32,0.016255120744515097,0.015729260002427338,0.0015597240859464314,0.09595278376955294,0.0006725788116455078,0.0001381587364335246,0.9957833989799506
20,1,w_layers.1.weight,"[64, 64, 1]",float32,float32,0.032386627654464734,0.02842645550842604,0.006398919206307317,0.19757905252062202,0.0011889347806572914,5.2967443644677537e-05,0.9862794984576144
20,1,w_layers.2.bias,[64],float32,float32,0.05747345630941899,0.05672260556038653,0.002295539865972269,0.03994087033175463,0.0007948242127895355,0.00020314796103093613,0.9992782726013544
20,1,w_layers.2.weight,"[64, 64, 1]",float32,float32,0.05902190431207711,0.05285096444160004,0.008357513605445554,0.14160020254946998,0.0018446813337504864,6.775390143833049e-05,0.9949080118550948
20,1,w_layers.3.bias,[64],float32,float32,0.1726459152921642,0.17271661661689816,0.0017261650271673426,0.009998296364244694,0.0007459009066224098,0.00013888131843486917,0.9999501213128638
20,1,w_layers.3.weight,"[64, 64, 1]",float32,float32,0.11172030800424515,0.10548457097781315,0.009712017971972381,0.08693153595318895,0.0008625611662864685,9.9161469199055e-05,0.9976478589458465
21,1,conv_layers.0.weights1,"[64, 64, 16]",complex64,complex64,0.004759664662547423,0.002894986756853691,0.0027988188098890814,0.588028570985739,0.000144791050843196,2.3679092722708896e-06,0.8419221095675592
21,1,conv_layers.1.weights1,"[64, 64, 16]",complex64,complex64,0.003845021935105162,0.003046023397920694,0.0017963978372075036,0.4672009334475674,0.00016282161959679797,1.3729521058821827e-06,0.8894876789577182
21,1,conv_layers.2.weights1,"[64, 64, 16]",complex64,complex64,0.005597693010421611,0.005222796307779133,0.001628746373845952,0.2909674344079967,0.000117854870040901,1.437912446551673e-06,0.9570341241483216
21,1,conv_layers.3.weights1,"[64, 64, 16]",complex64,complex64,0.01292819628822409,0.012225621561407895,0.0019892821904546813,0.1538715955501588,0.00014158136764308438,1.6427704733821998e-06,0.9890429684910057
21,1,mlp_layers.0.conv0.bias,[64],float32,float32,0.0015884678492291526,0.0011042800416577571,0.0006796156583097488,0.4278435088500852,0.00030619435710832477,5.550674222831731e-05,0.9351696368529755
21,1,mlp_layers.0.conv0.weight,"[64, 64, 1]",float32,float32,0.004508680050878622,0.0020369898500444787,0.0028402451650764373,0.6299504806341157,0.000189132995728869,3.2793738579551396e-05,0.8934172874146251
21,1,mlp_layers.0.conv2.bias,[64],float32,float32,0.004827059572854309,0.004102611883857375,0.0010607935861356571,0.21975978753218386,0.0004155500791966915,9.055002119850997e-05,0.9848396242433296
21,1,mlp_layers.0.conv2.weight,"[64, 64, 1]",float32,float32,0.006216977431160242,0.002794434543596547,0.003794617049853403,0.6103636520915009,0.0007712375954724848,2.633031711705286e-05,0.9227154620835104
21,1,mlp_layers.1.conv0.bias,[64],float32,float32,0.0038509104817534942,0.0034991847385838176,0.0008154244475672103,0.2117484816722903,0.00037363171577453613,6.879447721530596e-05,0.9799182138750535
21,1,mlp_layers.1.conv0.weight,"[64, 64, 1]",float32,float32,0.0031986846460656474,0.0019437009123073937,0.001743099495264596,0.5449425898888133,0.00011197439744137228,2.0547248141059016e-05,0.8823110585487312
21,1,mlp_layers.1.conv2.bias,[64],float32,float32,0.013471539012772649,0.013010480025940128,0.0015131161548524747,0.11231947243873604,0.0006962022744119167,0.00013348589516937182,0.9940750527291715
21,1,mlp_layers.1.conv2.weight,"[64, 64, 1]",float32,float32,0.00598653372216315,0.004524080255362193,0.0023678728485209493,0.3955332014174893,0.00024997488071676344,2.2357930644582857e-05,0.935974963946573
21,1,mlp_layers.2.conv0.bias,[64],float32,float32,0.012028892162887873,0.011998346771568,0.0009630858605741911,0.08006438560863907,0.0003632376901805401,9.481248910958584e-05,0.9967899197202221
21,1,mlp_layers.2.conv0.weight,"[64, 64, 1]",float32,float32,0.004579560645670997,0.0030405322860383444,0.002081714503038208,0.4545664233109409,0.00011991555220447481,2.3342575028784118e-05,0.9294425321806996
21,1,mlp_layers.2.conv2.bias,[64],float32,float32,0.048027247635823854,0.047585465206450586,0.0021685046200438916,0.04515154889755517,0.0008457163348793983,0.0001954813078555162,0.9990139050714145
21,1,mlp_layers.2.conv2.weight,"[64, 64, 1]",float32,float32,0.01608634730674937,0.01399573547307906,0.0033168344463143534,0.20618940913470796,0.00046797702088952065,3.059613645345349e-05,0.98527421782077
21,1,mlp_layers.3.conv0.bias,[64],float32,float32,0.037567316878176375,0.03766566666773745,0.001352892523601338,0.03601248734341368,0.00042437855154275894,0.00013534780333657181,0.9993566614743968
21,1,mlp_layers.3.conv0.weight,"[64, 64, 1]",float32,float32,0.007898595515288402,0.0060281221319352435,0.002511766429694628,0.3180016529309408,0.0001013363798847422,3.0982677251420454e-05,0.9704885357390196
21,1,mlp_layers.3.conv2.bias,[64],float32,float32,0.1454567680515608,0.14645638783672776,0.001992518624186456,0.01369835622554296,0.0008437801152467728,0.00016925720728977467,0.9999302708398966
21,1,mlp_layers.3.conv2.weight,"[64, 64, 1]",float32,float32,0.04323561328109509,0.04259054026770864,0.004165781543573183,0.09635069858936601,0.0003167567774653435,4.475084559388623e-05,0.9954009563516195
21,1,p.bias,[64],float32,float32,0.0033820910364994496,0.002865755486541829,0.0007233572924576032,0.21387871723473664,0.00020355278684291989,7.387759009702677e-05,0.9867603765995603
21,1,p.weight,"[64, 2]",float32,float32,0.0029559635219520105,0.0017796433470378896,0.0018278907772236797,0.6183739290587075,0.0004263978626113385,0.0001326323991897027,0.8139499182651427
21,1,q.conv0.bias,[128],float32,float32,0.14743599794159565,0.14825078477799492,0.0012629272065380192,0.008565935213721055,0.00035193562507629395,8.436508045406299e-05,0.9999787005046773
21,1,q.conv0.weight,"[128, 64, 1]",float32,float32,0.16950576836202277,0.16532833290068605,0.007064163581635461,0.04167506303707694,0.0006401855498552322,4.888524822702425e-05,0.9994210084710956
21,1,q.conv2.bias,[1],float32,float32,0.4520268738269806,0.45558086037635803,0.0035539865493774414,0.007862334642381855,0.0035539865493774414,0.0035539865493774414,1.0
21,1,q.conv2.weight,"[1, 128, 1]",float32,float32,0.40927361277222013,0.4042802561934466,0.010181495414636714,0.024876989615021165,0.0031440965831279755,0.0006858136991922947,0.9997620915978028
21,1,w_layers.0.bias,[64],float32,float32,0.004825724544980936,0.004102823656661813,0.001060796839579347,0.21982125786326612,0.0004155500791966915,9.055118778888982e-05,0.9847795016637308
21,1,w_layers.0.weight,"[64, 64, 1]",float32,float32,0.02170017742266469,0.016878810042917313,0.007561019001622748,0.34843120654514387,0.0008032203768379986,6.662711535807692e-05,0.9536910870509098
21,1,w_layers.1.bias,[64],float32,float32,0.013455826746690125,0.012993418754026516,0.0015131159409679307,0.11245061113321247,0.0006962022744119167,0.0001334858639197023,0.9940639097433441
21,1,w_layers.1.weight,"[64, 64, 1]",float32,float32,0.026056841535324875,0.022321306891812418,0.006149083062020292,0.2359872762661611,0.0010910206474363804,5.13647590625263e-05,0.9794909989658835
21,1,w_layers.2.bias,[64],float32,float32,0.04802678155262219,0.047585201462832356,0.002168505165837797,0.04515199844199012,0.0008457168005406857,0.0001954813672000455,0.9990138504130897
21,1,w_layers.2.weight,"[64, 64, 1]",float32,float32,0.04829971540797259,0.042674416061521156,0.007792312644224954,0.1613324753242483,0.0017250748351216316,6.315687031566153e-05,0.9929466627372242
21,1,w_layers.3.bias,[64],float32,float32,0.1454596866033593,0.1464591807094407,0.001992517933355018,0.013698076627844197,0.0008437801152467728,0.0001692571959210909,0.9999302677365065
21,1,w_layers.3.weight,"[64, 64, 1]",float32,float32,0.09298456294168479,0.0878941496427697,0.008590204742537074,0.09238312759424826,0.000778798945248127,8.783509134657058e-05,0.9970708132281464
22,2,conv_layers.0.weights1,"[64, 64, 16]",complex64,complex64,0.0053716489877243655,0.003155774139875786,0.003057608981462409,0.5692123570340973,0.00018557242583483458,2.254421391091615e-06,0.8690730584177803
22,2,conv_layers.1.weights1,"[64, 64, 16]",complex64,complex64,0.0042245062125421725,0.003229789472623317,0.002069585666863455,0.48990001736038274,0.00020398522610776126,1.4185725290673506e-06,0.8793000842225422
22,2,conv_layers.2.weights1,"[64, 64, 16]",complex64,complex64,0.006138575781964683,0.005663613828903043,0.0018582687699396012,0.30271985488869413,0.0001078916757251136,1.4784773913047099e-06,0.9535821572753397
22,2,conv_layers.3.weights1,"[64, 64, 16]",complex64,complex64,0.014274745030913251,0.01333291480580215,0.0022473492726058,0.1574353354640634,0.0001567717408761382,1.683501920199083e-06,0.9890619799159988
22,2,mlp_layers.0.conv0.bias,[64],float32,float32,0.001833293602245002,0.0012146743641332704,0.0008909694200413878,0.48599385223966884,0.00040204738616012037,7.272982870532019e-05,0.9076866716549948
22,2,mlp_layers.0.conv0.weight,"[64, 64, 1]",float32,float32,0.005020426853441309,0.001950131727148267,0.0035550472562956986,0.7081165327324411,0.0002463236669427715,4.131809881569026e-05,0.8359812623647389
22,2,mlp_layers.0.conv2.bias,[64],float32,float32,0.005440090810769315,0.0045333324890646665,0.0012989575497371463,0.23877497544079657,0.00043513625860214233,0.00011136260018318467,0.9824610905911579
22,2,mlp_layers.0.conv2.weight,"[64, 64, 1]",float32,float32,0.006835999971132426,0.002638766748029841,0.004703580374959596,0.6880603269195771,0.0008859880617819726,3.3564908770639286e-05,0.8750762458648371
22,2,mlp_layers.1.conv0.bias,[64],float32,float32,0.004258516580896179,0.003816198769876423,0.0010461637000085304,0.2456638785209031,0.0004843095666728914,8.764507353475892e-05,0.9723464919217297
22,2,mlp_layers.1.conv0.weight,"[64, 64, 1]",float32,float32,0.0036457867848168277,0.0019558589474393344,0.002344032508277088,0.6429428396742783,0.000148316117702052,2.7341066288509575e-05,0.8149794013010901
22,2,mlp_layers.1.conv2.bias,[64],float32,float32,0.01486998224491974,0.014331468090500003,0.0019048545289601121,0.12810065927354397,0.0008313879370689392,0.00017159038752367906,0.9921672046772604
22,2,mlp_layers.1.conv2.weight,"[64, 64, 1]",float32,float32,0.006715771420791737,0.004798289776364281,0.0031427985484835928,0.46797282866918677,0.00030129862716421485,2.9629038041640784e-05,0.9037921263917332
22,2,mlp_layers.2.conv0.bias,[64],float32,float32,0.013405210443142579,0.013364732021789713,0.0012888971420197959,0.09614896740984248,0.0005081146955490112,0.00012453455921956902,0.9953682610203071
22,2,mlp_layers.2.conv0.weight,"[64, 64, 1]",float32,float32,0.005541484808815158,0.0031214138270707513,0.0031257919830561757,0.5640711994885917,0.00017896242206916213,3.4943791530472196e-05,0.8868655986028267
22,2,mlp_layers.2.conv2.bias,[64],float32,float32,0.053548302197976884,0.052936750919789236,0.002804776422436036,0.05237843792070785,0.0011337371543049812,0.0002533027112576747,0.9986783704054242
22,2,mlp_layers.2.conv2.weight,"[64, 64, 1]",float32,float32,0.01835832252178782,0.015274689551532293,0.004911006198752008,0.26750843890685444,0.000697118928655982,4.5140834178034744e-05,0.9739510188258598
22,2,mlp_layers.3.conv0.bias,[64],float32,float32,0.041941745215633326,0.04201755811532912,0.00180196099975399,0.042963424399477035,0.0005771275609731674,0.00017962354627343302,0.9990803680525673
22,2,mlp_layers.3.conv0.weight,"[64, 64, 1]",float32,float32,0.008979391079207396,0.006484891593406283,0.0033247426960617004,0.37026371462542124,0.00013413539272733033,4.0999336215347126e-05,0.9585148980717748
22,2,mlp_layers.3.conv2.bias,[64],float32,float32,0.16219503389326176,0.16331065778519405,0.0024824678187781984,0.01530544899674225,0.0010923761874437332,0.00020498806770774536,0.9999071655690429
22,2,mlp_layers.3.conv2.weight,"[64, 64, 1]",float32,float32,0.04825562413122202,0.04738221600049405,0.005485062919371475,0.11366681123957462,0.00041606422746554017,5.899821416688322e-05,0.9935876652310959
22,2,p.bias,[64],float32,float32,0.0038573728463081455,0.003176042721376249,0.0009160075644034231,0.237469283084762,0.00024312606547027826,9.385152273466701e-05,0.9847011026786462
22,2,p.weight,"[64, 2]",float32,float32,0.00326601452422311,0.0021794806166529884,0.0019733122169444256,0.604195787345379,0.0005385054100770503,0.00012248451908192237,0.8094041104328288
22,2,q.conv0.bias,[128],float32,float32,0.16296818763328844,0.16386864867213768,0.0015320275528541765,0.009400776771854087,0.0004413370043039322,0.00010143933309336717,0.9999712365349046
22,2,q.conv0.weight,"[128, 64, 1]",float32,float32,0.18917694166829077,0.18373303327043497,0.008987092815100371,0.04750628028895108,0.0008147340267896652,6.176891452899791e-05,0.9992644625670514
22,2,q.conv2.bias,[1],float32,float32,0.49868306517601013,0.502824068069458,0.004141002893447876,0.00830387711679423,0.004141002893447876,0.004141002893447876,1.0
22,2,q.conv2.weight,"[1, 128, 1]",float32,float32,0.4577173175295244,0.45087030068404266,0.013204061975132455,0.028847634706940593,0.003966830670833588,0.0008964417447714368,0.9996911738479269
22,2,w_layers.0.bias,[64],float32,float32,0.005439365943071243,0.004534067363244244,0.0012989606631030038,0.2388073677516847,0.0004351362003944814,0.00011136409054657292,0.9824078056035679
22,2,w_layers.0.weight,"[64, 64, 1]",float32,float32,0.024306247305530087,0.019382903198910683,0.007850204573782275,0.3229706533923161,0.0007694457308389246,7.022494309450941e-05,0.960322266938147
22,2,w_layers.1.bias,[64],float32,float32,0.014854648446401131,0.014314394421220875,0.0019048545763164888,0.12823289512300656,0.0008313879370689392,0.00017159037597025417,0.992154179963032
22,2,w_layers.1.weight,"[64, 64, 1]",float32,float32,0.02917073135480424,0.02500438567615395,0.007142256199143282,0.2448432338658865,0.0012626934330910444,6.094681159029766e-05,0.9769306540778155
22,2,w_layers.2.bias,[64],float32,float32,0.05354767717690226,0.0529363729263632,0.0028047753610817186,0.052379029473412074,0.001133736688643694,0.00025330267806111806,0.9986782933081076
22,2,w_layers.2.weight,"[64, 64, 1]",float32,float32,0.05398289564898068,0.047376564237683015,0.009340404410745375,0.17302525732373794,0.002081438433378935,7.692437539201513e-05,0.9914762211936524
22,2,w_layers.3.bias,[64],float32,float32,0.16219795462997366,0.16331344680408785,0.0024824681998139274,0.01530517573712471,0.0010923761874437332,0.00020498810954450164,0.9999071632432526
22,2,w_layers.3.weight,"[64, 64, 1]",float32,float32,0.10429865653184868,0.09788996693497122,0.010937506687453549,0.10486718670353791,0.0009804712608456612,0.00011194105725383097,0.9961528231972386
23,2,conv_layers.0.weights1,"[64, 64, 16]",complex64,complex64,0.00513661801144768,0.002651659389656256,0.003479245800718434,0.6773417437240694,0.00020173350640106946,2.618014081214041e-06,0.7823095603821519
23,2,conv_layers.1.weights1,"[64, 64, 16]",complex64,complex64,0.003703379368954117,0.002617279589734154,0.002209855211505178,0.5967131615061274,0.00021057047706563026,1.5488537779444532e-06,0.8089378064102922
23,2,conv_layers.2.weights1,"[64, 64, 16]",complex64,complex64,0.0050747497895533835,0.004583116120501259,0.00200129296464249,0.3943628844051086,0.00012341764522716403,1.5925206917847294e-06,0.9190935860536613
23,2,conv_layers.3.weights1,"[64, 64, 16]",complex64,complex64,0.011695073761630778,0.010801987025753362,0.0023978629082713715,0.20503187556954836,0.00015514968981733546,1.8095359760696895e-06,0.9803999792782474
23,2,mlp_layers.0.conv0.bias,[64],float32,float32,0.001754435498075549,0.0010144592786110673,0.0010317260126305962,0.5880672237664495,0.0004609882307704538,8.553499022312394e-05,0.8547890827291076
23,2,mlp_layers.0.conv0.weight,"[64, 64, 1]",float32,float32,0.005788725106562071,0.0019628915144184926,0.004313253440457096,0.7451128462755319,0.00029363921930780634,5.014752294811922e-05,0.8254299714029135
23,2,mlp_layers.0.conv2.bias,[64],float32,float32,0.004631530101971193,0.0037134351668848768,0.0013733190475085143,0.29651519417395683,0.0004434768343344331,0.0001241531629432302,0.9696751623768568
23,2,mlp_layers.0.conv2.weight,"[64, 64, 1]",float32,float32,0.007830656226024439,0.002608610946859016,0.005727374157385675,0.7314041112354407,0.0009669517748989165,4.11706969091416e-05,0.864565988048844
23,2,mlp_layers.1.conv0.bias,[64],float32,float32,0.003568300285997103,0.0030943601116759146,0.0011197967206209043,0.31381796117755695,0.0005504301516339183,9.367474991250901e-05,0.9533887823920266
23,2,mlp_layers.1.conv0.weight,"[64, 64, 1]",float32,float32,0.003953542413719222,0.0017388408276440021,0.002792733400497682,0.7063876160292585,0.00018086316049448214,3.228626227233522e-05,0.7894812246335436
23,2,mlp_layers.1.conv2.bias,[64],float32,float32,0.012141723102444182,0.011637680069662348,0.0020567195093118473,0.16939272061786853,0.0008166358456946909,0.0001904128491503343,0.9859306657334846
23,2,mlp_layers.1.conv2.weight,"[64, 64, 1]",float32,float32,0.0065664537657918656,0.004034856423748586,0.0036789026468282723,0.5602571461012372,0.0003581951532396488,3.467059538611768e-05,0.8655327277165689
23,2,mlp_layers.2.conv0.bias,[64],float32,float32,0.010970225481215968,0.010963029553110194,0.0013853082648186397,0.12627892354543369,0.0005629574880003929,0.0001312817148857448,0.9920217985622636
23,2,mlp_layers.2.conv0.weight,"[64, 64, 1]",float32,float32,0.005855831094901449,0.0027257484166411322,0.0037440336199912553,0.639368444771419,0.00021638005273416638,4.1555494217485056e-05,0.8677954995052958
23,2,mlp_layers.2.conv2.bias,[64],float32,float32,0.043794052537043285,0.043321428478036154,0.0029291116102892296,0.06688377623449292,0.0011400042567402124,0.00026891323807376466,0.9977977468887713
23,2,mlp_layers.2.conv2.weight,"[64, 64, 1]",float32,float32,0.01649795204405404,0.012669434801045125,0.005734631716143936,0.34759658052289777,0.000839890562929213,5.213979497632748e-05,0.9563953679539965
23,2,mlp_layers.3.conv0.bias,[64],float32,float32,0.03429018407644805,0.034510075414479015,0.0018181647554800944,0.05302289283214688,0.0006027659401297569,0.00018114673684976879,0.9986236734467252
23,2,mlp_layers.3.conv0.weight,"[64, 64, 1]",float32,float32,0.008744766260390925,0.005515853334690044,0.004068246276082428,0.4652206994381759,0.00016379135195165873,5.010770268870646e-05,0.9365111603179651
23,2,mlp_layers.3.conv2.bias,[64],float32,float32,0.1320747644739192,0.1336216611930992,0.0026192183384881537,0.01983133075361547,0.0010738847777247429,0.0002372212602494983,0.9998734303396418
23,2,mlp_layers.3.conv2.weight,"[64, 64, 1]",float32,float32,0.040091540072590026,0.03883742038237215,0.006603366969190087,0.16470724140888537,0.0005045986035838723,7.092296404379028e-05,0.986502814532905
23,2,p.bias,[64],float32,float32,0.003295654221909558,0.0026084170203082104,0.0009539922828551517,0.2894697740172488,0.00025175829796353355,9.743481757595873e-05,0.974535605687753
23,2,p.weight,"[64, 2]",float32,float32,0.0029538705336311128,0.0014476479713638947,0.0023456989839091814,0.7941102892636521,0.000631830953352619,0.00014501939712374678,0.6219044922595729
23,2,q.conv0.bias,[128],float32,float32,0.1312302136191887,0.13257754436573854,0.0019505143488293053,0.01486330239840513,0.0005415650084614754,0.00012891116853097628,0.9999428329243293
23,2,q.conv0.weight,"[128, 64, 1]",float32,float32,0.15609293245104938,0.15012995193355322,0.009841259852916374,0.06304744038300764,0.0008729877881705761,6.750100822776328e-05,0.9986922277077765
23,2,q.conv2.bias,[1],float32,float32,0.3998901844024658,0.4056199789047241,0.005729794502258301,0.014328419965646372,0.005729794502258301,0.005729794502258301,1.0
23,2,q.conv2.weight,"[1, 128, 1]",float32,float32,0.37719185361940183,0.36974331203747735,0.014695249639903716,0.03895961564093501,0.00420399010181427,0.000995097827356517,0.9994246923931467
23,2,w_layers.0.bias,[64],float32,float32,0.0046309056910448535,0.003714784311046228,0.001373322297719073,0.2965558768287539,0.0004434768052306026,0.00012415472147964124,0.9695766157626889
23,2,w_layers.0.weight,"[64, 64, 1]",float32,float32,0.019847280674739627,0.01482859414677866,0.008455370177453798,0.4260215954025008,0.000795554427895695,7.880035535420132e-05,0.9213304000864718
23,2,w_layers.1.bias,[64],float32,float32,0.01212730952660818,0.01162063976247183,0.002056719651123961,0.16959405930980584,0.0008166359039023519,0.000190412849278232,0.9859027057037402
23,2,w_layers.1.weight,"[64, 64, 1]",float32,float32,0.024302851755703313,0.019613183506886536,0.007899438330453552,0.32504162103526546,0.00140297319740057,6.742248072992563e-05,0.9576129189978723
23,2,w_layers.2.bias,[64],float32,float32,0.0437932861371338,0.04332094171337327,0.0029291126997501894,0.06688497160450575,0.0011400042567402124,0.0002689133237936403,0.9977976122785042
23,2,w_layers.2.weight,"[64, 64, 1]",float32,float32,0.04548285472938299,0.03812385304014173,0.010099852197177834,0.22205844943705993,0.0021732449531555176,8.393136537365731e-05,0.9862016682808924
23,2,w_layers.3.bias,[64],float32,float32,0.13207773250985513,0.13362447256424692,0.0026192184787347784,0.01983088616803247,0.0010738838464021683,0.0002372212666159612,0.9998734220951926
23,2,w_layers.3.weight,"[64, 64, 1]",float32,float32,0.08658839072314521,0.07960624740887003,0.011877195729599716,0.13716845445916023,0.0010127509012818336,0.00012224548037798044,0.9933035134830058
24,2,conv_layers.0.weights1,"[64, 64, 16]",complex64,complex64,0.004131516231561406,0.0017181681188590178,0.0033025035499937173,0.7993442031681468,0.000187668003491126,2.558072704465608e-06,0.6420243199448635
24,2,conv_layers.1.weights1,"[64, 64, 16]",complex64,complex64,0.0025860597814699707,0.0015746546879144248,0.0020719517384613743,0.801200248079197,0.0002167917409678921,1.468849773652516e-06,0.5984869401614024
24,2,conv_layers.2.weights1,"[64, 64, 16]",complex64,complex64,0.003073076402033374,0.0026375664671542554,0.0019157669011020228,0.6234036029284563,0.0001314056098635774,1.5495106867910057e-06,0.7852989774607146
24,2,conv_layers.3.weights1,"[64, 64, 16]",complex64,complex64,0.006596914951650926,0.006065319386461393,0.0019497216701054388,0.2955505239032234,0.00012003403389826417,1.6110494529610247e-06,0.9560283676461864
24,2,mlp_layers.0.conv0.bias,[64],float32,float32,0.0013715009088291368,0.0005850150669135856,0.0009925251142229527,0.7236780579826817,0.00042146431951550767,8.276904451420819e-05,0.7715792867368323
24,2,mlp_layers.0.conv0.weight,"[64, 64, 1]",float32,float32,0.0051505057234777635,0.0013885124135045923,0.00412129805502519,0.8001734734977395,0.0002804647883749567,4.803668794246124e-05,0.8019654825831456
24,2,mlp_layers.0.conv2.bias,[64],float32,float32,0.0029160582645040792,0.002099709831055133,0.001219742088693012,0.41828453962679923,0.0003479162114672363,0.00011486603287380603,0.9329280904502024
24,2,mlp_layers.0.conv2.weight,"[64, 64, 1]",float32,float32,0.006953126037886166,0.0018205628033724902,0.00549693231294714,0.7905699225061471,0.0009074755944311619,3.9660131601045555e-05,0.8470186793315254
24,2,mlp_layers.1.conv0.bias,[64],float32,float32,0.0020964967446097317,0.0016852071872355799,0.000952762427164358,0.45445452258105806,0.00048619176959618926,8.199494169502941e-05,0.8954726037295729
24,2,mlp_layers.1.conv0.weight,"[64, 64, 1]",float32,float32,0.0035421909497946194,0.0011534386548913032,0.002779331309533949,0.7846362177891901,0.00018092749814968556,3.2044546880369285e-05,0.7529743961513308
24,2,mlp_layers.1.conv2.bias,[64],float32,float32,0.00671683805519963,0.006440566378166017,0.0018373917778621478,0.2735501083638288,0.0006066022906452417,0.00017401363400892933,0.9618624121922887
24,2,mlp_layers.1.conv2.weight,"[64, 64, 1]",float32,float32,0.005251798556507736,0.002404870243675612,0.0036224863462510056,0.6897610994165461,0.0003609967970987782,3.403392969445265e-05,0.8013678309238572
24,2,mlp_layers.2.conv0.bias,[64],float32,float32,0.006007009972094534,0.006133276611972836,0.0012473947683280665,0.20765651698978665,0.0006371667259372771,0.00011500458732882635,0.9790996265723512
24,2,mlp_layers.2.conv0.weight,"[64, 64, 1]",float32,float32,0.005169760722236843,0.0017347322046124436,0.0038112947131780507,0.7372284556196996,0.00022451191762229428,4.214552682824807e-05,0.8479872466654741
24,2,mlp_layers.2.conv2.bias,[64],float32,float32,0.024066583760951592,0.02423749684988397,0.0024907994368512354,0.10349617800315292,0.001258516451343894,0.00023048830381355856,0.9947070761054135
24,2,mlp_layers.2.conv2.weight,"[64, 64, 1]",float32,float32,0.011452293258763922,0.00727804958611385,0.0056723073262782055,0.4952988190323755,0.0008505036239512265,5.1176139896332365e-05,0.9115135166691681
24,2,mlp_layers.3.conv0.bias,[64],float32,float32,0.018612018083339288,0.019287961775420165,0.001491818795523022,0.08015352171070782,0.0006045387126505375,0.00014525052529279492,0.9975366530786272
24,2,mlp_layers.3.conv0.weight,"[64, 64, 1]",float32,float32,0.006679361492731875,0.0032361273044153598,0.004033099434202274,0.6038151159494628,0.00016154242621269077,4.957566108731992e-05,0.897988075703824
24,2,mlp_layers.3.conv2.bias,[64],float32,float32,0.07130808815034867,0.07422482779596871,0.0032437820417632436,0.045489679023842725,0.0008464958518743515,0.0003364581991718296,0.9998096716161614
24,2,mlp_layers.3.conv2.weight,"[64, 64, 1]",float32,float32,0.023027600266671517,0.021663582480333905,0.006482368207388068,0.28150428756443974,0.0004947223933413625,6.894707985417858e-05,0.9597476972714786
24,2,p.bias,[64],float32,float32,0.002022535989327993,0.0014302208351991723,0.0008173844300329581,0.4041383858413031,0.00021916901459917426,8.298447044552404e-05,0.9451579814969533
24,2,p.weight,"[64, 2]",float32,float32,0.0028877863293909943,0.0011104433089502664,0.0024430475911766543,0.8459931977349131,0.0006312707700999454,0.000161234764082252,0.5619307757202527
24,2,q.conv0.bias,[128],float32,float32,0.06997004722070066,0.07270493314704701,0.0030723670519910247,0.04390974672776931,0.0006764242425560951,0.00021796546008090445,0.9998073743167097
24,2,q.conv0.weight,"[128, 64, 1]",float32,float32,0.08857162247888993,0.0840806612895171,0.008788356284776106,0.0992231601817017,0.0007738023996353149,6.130474544791681e-05,0.9961685750496587
24,2,q.conv2.bias,[1],float32,float32,0.211610347032547,0.22153934836387634,0.009929001331329346,0.04692115234706459,0.009929001331329346,0.009929001331329346,1.0
24,2,q.conv2.weight,"[1, 128, 1]",float32,float32,0.21062270263732472,0.20693143669237368,0.01287715899863516,0.06113851373756507,0.003783050924539566,0.0008765751238115627,0.9982540131851043
24,2,w_layers.0.bias,[64],float32,float32,0.0029144486280841255,0.0021008550321029726,0.00121974578886232,0.41851682582723915,0.0003479161678114906,0.00011486759226642107,0.9325602130395744
24,2,w_layers.0.weight,"[64, 64, 1]",float32,float32,0.014514462770150104,0.009298879440730067,0.007919293890235147,0.5456139862456134,0.0007041799981379882,7.593603112138886e-05,0.8684397662761079
24,2,w_layers.1.bias,[64],float32,float32,0.006706377606440424,0.00642438300762809,0.0018373919080320613,0.2739768047459085,0.0006066022906452417,0.00017401362791957808,0.9617437774706514
24,2,w_layers.1.weight,"[64, 64, 1]",float32,float32,0.016576806391000815,0.01183353774823267,0.007395781704473176,0.44615238484586417,0.001275383634492755,6.297859381360071e-05,0.9179276663162217
24,2,w_layers.2.bias,[64],float32,float32,0.024065556191251693,0.024236762706810622,0.0024907995070550274,0.10350060008006308,0.001258516451343894,0.0002304883321571083,0.9947067755274068
24,2,w_layers.2.weight,"[64, 64, 1]",float32,float32,0.029650012316644905,0.022507954183600232,0.009445870153933104,0.318578962229651,0.0019797871354967356,7.903703607885573e-05,0.9713682236539156
24,2,w_layers.3.bias,[64],float32,float32,0.07131113638706361,0.07422768920681551,0.003243782896215439,0.04548774652262989,0.0008464949205517769,0.00033645827761574765,0.9998095836217624
24,2,w_layers.3.weight,"[64, 64, 1]",float32,float32,0.052231855499783694,0.045605898040220146,0.011164422796716525,0.21374739016810843,0.0008960040286183357,0.0001145959728832413,0.9830524161232905
25,2,conv_layers.0.weights1,"[64, 64, 16]",complex64,complex64,0.004020730676025566,0.0011205645409006263,0.0036826682017213857,0.9159201395109731,0.00020158928600721993,2.852810161393895e-06,0.42835479569891477
25,2,conv_layers.1.weights1,"[64, 64, 16]",complex64,complex64,0.002099718065486576,0.0009001011714647741,0.0020177626794802947,0.9609683855402322,0.00016105795293697156,1.4873144892483696e-06,0.3036129436251795
25,2,conv_layers.2.weights1,"[64, 64, 16]",complex64,complex64,0.0020776623180548694,0.0012533433864868508,0.0020000513732783627,0.9626450631067098,0.00013047649554209784,1.563070197756726e-06,0.36239002031305195
25,2,conv_layers.3.weights1,"[64, 64, 16]",complex64,complex64,0.003099333983807074,0.0026080673788868064,0.002060966503855678,0.6649707694051369,0.00015912556045805104,1.5216958549025142e-06,0.7521894523301669
25,2,mlp_layers.0.conv0.bias,[64],float32,float32,0.0013340571879490869,0.0003074668507689841,0.0011256297695411805,0.843764255167852,0.0004432446585269645,9.64629979556264e-05,0.7401683300919975
25,2,mlp_layers.0.conv0.weight,"[64, 64, 1]",float32,float32,0.005702736868458679,0.0012882950100053694,0.004739397071570978,0.8310741282460626,0.00031307196331908926,5.587561519553724e-05,0.7975591642909929
25,2,mlp_layers.0.conv2.bias,[64],float32,float32,0.0018189974572685131,0.0008967485303804783,0.00124221402557503,0.6829113590078314,0.000365291673460888,0.00012150717587822157,0.7877146597672722
25,2,mlp_layers.0.conv2.weight,"[64, 64, 1]",float32,float32,0.007722901858581683,0.0016659079413800914,0.006381718448481272,0.8263368569665185,0.000987912411801517,4.582734657545065e-05,0.8430255342010706
25,2,mlp_layers.1.conv0.bias,[64],float32,float32,0.0012734359634680261,0.0006833851703865779,0.0009448513400820821,0.7419700457562943,0.00048330215213354677,8.571193442463709e-05,0.6871095457973307
25,2,mlp_layers.1.conv0.weight,"[64, 64, 1]",float32,float32,0.00379809278524002,0.0009137276514470611,0.0031326085509500367,0.8247846295708839,0.00020379106717882678,3.605642772519513e-05,0.7847993794399016
25,2,mlp_layers.1.conv2.bias,[64],float32,float32,0.003182637638825111,0.0026283405041741784,0.0020043859705423995,0.6297876786508219,0.0006273908220464364,0.00018994229640512117,0.7782251508923251
25,2,mlp_layers.1.conv2.weight,"[64, 64, 1]",float32,float32,0.005080847041257322,0.0014269982138047,0.004012710615293331,0.7897719775284425,0.0004047013135277666,3.7886159684630966e-05,0.810269051462409
25,2,mlp_layers.2.conv0.bias,[64],float32,float32,0.00252409401275905,0.0025358109228688524,0.0013801280048286804,0.5467815373960984,0.00082520188880153,0.00012040574963378958,0.8512164066971845
25,2,mlp_layers.2.conv0.weight,"[64, 64, 1]",float32,float32,0.00523767917804954,0.0011593053587146554,0.004279476463112476,0.8170558595965993,0.00025394933618372306,4.7116712530430316e-05,0.8615969582129773
25,2,mlp_layers.2.conv2.bias,[64],float32,float32,0.009483345289438928,0.010074671885580611,0.002708627432616985,0.28561940432912764,0.0016950389872363303,0.0002251256402985291,0.9634347969987823
25,2,mlp_layers.2.conv2.weight,"[64, 64, 1]",float32,float32,0.008791431809887458,0.0034217021887125985,0.006159706578911921,0.7006488490286968,0.0009474772668909281,5.516633332687537e-05,0.848612269237187
25,2,mlp_layers.3.conv0.bias,[64],float32,float32,0.006867564973051462,0.007999186636111178,0.001669043650794601,0.24303281546574076,0.0008072961354628205,0.00014765014839213109,0.9863007105716821
25,2,mlp_layers.3.conv0.weight,"[64, 64, 1]",float32,float32,0.006161472267346108,0.0016913800916185159,0.004765114822791669,0.77337276157929,0.00018885467579821125,5.840324625529074e-05,0.8692787231170311
25,2,mlp_layers.3.conv2.bias,[64],float32,float32,0.026233214840446488,0.030616819428121205,0.004506132041817139,0.17177200999663847,0.0011802189983427525,0.00047094697833927057,0.9993219203356879
25,2,mlp_layers.3.conv2.weight,"[64, 64, 1]",float32,float32,0.012376883321715205,0.009089205191315647,0.00754243417299362,0.6093968874830097,0.0005752896431658883,7.962345136590387e-05,0.7951950620468475
25,2,p.bias,[64],float32,float32,0.0011915638788778187,0.0006047237267084892,0.0007760795412066538,0.6513117382658021,0.0002146798033209052,7.825131066141466e-05,0.821031140631951
25,2,p.weight,"[64, 2]",float32,float32,0.002893043328783735,0.0004992786066213297,0.0026889337350417914,0.9294481379828647,0.0007096984336385503,0.00016475607053667574,0.4806774073884425
25,2,q.conv0.bias,[128],float32,float32,0.02547732202831402,0.029607733014701532,0.004453757656158804,0.17481262949100992,0.0009345528669655323,0.00032530481712456094,0.9981601699606035
25,2,q.conv0.weight,"[128, 64, 1]",float32,float32,0.03983990906632396,0.035353284644437266,0.009107018383607758,0.2285903406166601,0.000768758007325232,6.441810203419718e-05,0.9777034967867204
25,2,q.conv2.bias,[1],float32,float32,0.07532482594251633,0.08974859118461609,0.014423765242099762,0.19148753497428814,0.014423765242099762,0.014423765242099762,1.0
25,2,q.conv2.weight,"[1, 128, 1]",float32,float32,0.08878401701938435,0.08667004289062302,0.013679452060603448,0.15407561540740822,0.0037664370611310005,0.0009421024093754227,0.9881312183154145
25,2,w_layers.0.bias,[64],float32,float32,0.0018141216899373645,0.0008975054979641564,0.001242217904048945,0.6847489399081241,0.00036530020315694856,0.00012150669389399127,0.7841398774875942
25,2,w_layers.0.weight,"[64, 64, 1]",float32,float32,0.011103045882365537,0.003791458626779355,0.008776037596530171,0.7904171242297352,0.0007914302841527387,8.500603543943122e-05,0.7201739587604481
25,2,w_layers.1.bias,[64],float32,float32,0.003184951117950312,0.002613932450226276,0.002004386091866651,0.6293302526905284,0.0006273908511502668,0.00018994230413937885,0.7782947910683022
25,2,w_layers.1.weight,"[64, 64, 1]",float32,float32,0.01186813378272957,0.005238466031295466,0.008169411672559308,0.6883484650676404,0.0013784291222691536,6.9578690637076e-05,0.8167404405613288
25,2,w_layers.2.bias,[64],float32,float32,0.009482372442956037,0.010073713531969059,0.002708627436698627,0.2856487079571237,0.001695038990874309,0.0002251256394387724,0.9634276562303213
25,2,w_layers.2.weight,"[64, 64, 1]",float32,float32,0.018828084193787415,0.010118835483708889,0.010190207603666714,0.5412238175049755,0.0019880395848304033,8.615125735086243e-05,0.9265442744729542
25,2,w_layers.3.bias,[64],float32,float32,0.026236465935859914,0.03061975199286588,0.00450613186176449,0.1717507179808666,0.0011802189983427525,0.0004709469588988213,0.999320332263766
25,2,w_layers.3.weight,"[64, 64, 1]",float32,float32,0.027676708411094215,0.01966315801955713,0.011758519333055795,0.4248525206972369,0.000853844394441694,0.00011970938451344795,0.9319696586164675
26,2,conv_layers.0.weights1,"[64, 64, 16]",complex64,complex64,0.004809676328294509,0.0009507755121343233,0.0045651906640652926,0.9491679590181674,0.0002342011794098653,3.4982476261135172e-06,0.34944771928338
26,2,conv_layers.1.weights1,"[64, 64, 16]",complex64,complex64,0.002277449999775955,0.0007405412911638832,0.002263767735000402,0.993992287524688,0.00018077037384500727,1.6657746726043625e-06,0.18100177315681693
26,2,conv_layers.2.weights1,"[64, 64, 16]",complex64,complex64,0.002530110584072142,0.0008494983497378061,0.0024663087094472197,0.9747829699513627,0.0001459425075154286,1.9131489859697584e-06,0.24203609898556194
26,2,conv_layers.3.weights1,"[64, 64, 16]",complex64,complex64,0.0029909452850450154,0.0013050182603259613,0.0025490425031433,0.8522531374574897,0.00017785435920814052,1.9288809087168e-06,0.531764710345483
26,2,mlp_layers.0.conv0.bias,[64],float32,float32,0.0015618955277500947,0.00023584052781540298,0.0013938486143680472,0.8924083522896575,0.000617077290371526,0.00011896892071305842,0.7497109280349662
26,2,mlp_layers.0.conv0.weight,"[64, 64, 1]",float32,float32,0.006621710468546745,0.0011655383444144174,0.005802794206662955,0.876328591264499,0.0004165446680417517,6.861329580591657e-05,0.7471703527425394
26,2,mlp_layers.0.conv2.bias,[64],float32,float32,0.0015478593291885858,0.0004446382437385869,0.0013841328754367823,0.8942239448609121,0.0004194959983578883,0.00013749476792668247,0.49237937448589886
26,2,mlp_layers.0.conv2.weight,"[64, 64, 1]",float32,float32,0.008967741301323056,0.0014927786492967318,0.007847655453815135,0.8750983319130013,0.0011851945891976357,5.7321156315823935e-05,0.7867075413273554
26,2,mlp_layers.1.conv0.bias,[64],float32,float32,0.0013565367002230343,0.00044951141276608004,0.0010719987604376245,0.7902467808363551,0.0005064799051979207,0.00010178772830116145,0.7322910303460753
26,2,mlp_layers.1.conv0.weight,"[64, 64, 1]",float32,float32,0.004471652354421253,0.0008196415115243709,0.003870130612101254,0.8654811030367204,0.00025432139773329254,4.444518996458459e-05,0.7761719288606572
26,2,mlp_layers.1.conv2.bias,[64],float32,float32,0.003499003825055062,0.001444335784680782,0.002464077801845713,0.704222665948911,0.0008650373347336426,0.00022761073422117306,0.8169652611377805
26,2,mlp_layers.1.conv2.weight,"[64, 64, 1]",float32,float32,0.0055878155888435055,0.0010247360188434214,0.004849822182512087,0.8679281027446794,0.0005003527185181156,4.6138940923196384e-05,0.7643151312081073
26,2,mlp_layers.2.conv0.bias,[64],float32,float32,0.0028397557702211544,0.001327191771573634,0.0018530340986136226,0.6525329107683483,0.0011589067580644041,0.00015541766057936002,0.8479814572977459
26,2,mlp_layers.2.conv0.weight,"[64, 64, 1]",float32,float32,0.006046462268599028,0.0008471308006122102,0.0053743684421836985,0.8888451136285591,0.0003210871327610221,5.894178314444151e-05,0.8193346101075359
26,2,mlp_layers.2.conv2.bias,[64],float32,float32,0.007628631316448991,0.004829218974347428,0.0035499809410529755,0.46534965366571635,0.00226942403241992,0.0002721065493105357,0.9353201358645042
26,2,mlp_layers.2.conv2.weight,"[64, 64, 1]",float32,float32,0.008152577399640055,0.0014261300307070784,0.007488003410132111,0.9184829585871475,0.0011699418428179342,6.674455016857615e-05,0.5344697568402386
26,2,mlp_layers.3.conv0.bias,[64],float32,float32,0.006166438495321891,0.003913418082258338,0.002521697600970929,0.40893906634826416,0.0011390806175768375,0.00021767144652073966,0.9734198226102314
26,2,mlp_layers.3.conv0.weight,"[64, 64, 1]",float32,float32,0.006469967648603518,0.0007584476506190955,0.006041335167148616,0.933750444401771,0.00023834826879465254,7.354212189035676e-05,0.6050371070181425
26,2,mlp_layers.3.conv2.bias,[64],float32,float32,0.02121238942158614,0.014555001421679597,0.006722985907679036,0.3169367568199363,0.001738205784931779,0.0006907797898065837,0.9985785669850464
26,2,mlp_layers.3.conv2.weight,"[64, 64, 1]",float32,float32,0.011421994297148502,0.004242862471426771,0.009430537944656207,0.825647229311832,0.0007263376755872741,9.92879563968159e-05,0.6141806982618471
26,2,p.bias,[64],float32,float32,0.0009873139123478497,0.0005298327067512727,0.0008128586856256402,0.8233031819562312,0.0002230562240583822,7.866191845096182e-05,0.5684950092010689
26,2,p.weight,"[64, 2]",float32,float32,0.0034560363016749767,0.0006603627979641653,0.0032336729984265133,0.9356594422516065,0.0008236792782554403,0.00020047519033639105,0.42143392791020745
26,2,q.conv0.bias,[128],float32,float32,0.020271369828652543,0.013884573291677341,0.006533036516550148,0.3222789861648144,0.0013904620427638292,0.00048314343290556394,0.9966435715805572
26,2,q.conv0.weight,"[128, 64, 1]",float32,float32,0.01674475654952582,0.015106776305320289,0.009752099717292803,0.5823972231814242,0.0007459991611540318,7.013799684424046e-05,0.8173214569929061
26,2,q.conv2.bias,[1],float32,float32,0.06318026781082153,0.0421883687376976,0.020991899073123932,0.332254037541899,0.020991899073123932,0.020991899073123932,1.0
26,2,q.conv2.weight,"[1, 128, 1]",float32,float32,0.044749872623994526,0.038467959863330195,0.01580145767663011,0.35310620455615543,0.0036317885387688875,0.0010954828385507653,0.9389394669188168
26,2,w_layers.0.bias,[64],float32,float32,0.0015384591974823235,0.00043758679570140543,0.0013841362982837007,0.8996899628854824,0.0004195053916191682,0.0001374943071983381,0.477195939861405
26,2,w_layers.0.weight,"[64, 64, 1]",float32,float32,0.011065288176361685,0.0030343086427303692,0.00976277708169961,0.8822885519199964,0.0008090932824416086,9.769771874351338e-05,0.541106096821429
26,2,w_layers.1.bias,[64],float32,float32,0.003526137686150155,0.0014660059232693295,0.0024640779278926306,0.6988036620268554,0.0008650373492855579,0.00022761074336585807,0.823232985079823
26,2,w_layers.1.weight,"[64, 64, 1]",float32,float32,0.01076225457364586,0.002991832322034482,0.009320722474078103,0.8660566808094543,0.0014999226259533316,8.15237762544635e-05,0.5885505795494328
26,2,w_layers.2.bias,[64],float32,float32,0.007630695191454995,0.004830255408676218,0.0035499809473557398,0.46522379131734676,0.00226942403241992,0.00027210655439091624,0.9354295532374172
26,2,w_layers.2.weight,"[64, 64, 1]",float32,float32,0.011218037658373172,0.003610279092408533,0.010859622058417187,0.9680500626873486,0.001848572981543839,9.5475023337524e-05,0.2586045076876963
26,2,w_layers.3.bias,[64],float32,float32,0.021209602342981054,0.014552138858556931,0.006722985705106792,0.3169783948038821,0.0017382053192704916,0.0006907797774147184,0.9985797331532228
26,2,w_layers.3.weight,"[64, 64, 1]",float32,float32,0.01394322207339091,0.007784317616326552,0.01266028535902567,0.9079885045499217,0.000932454873691313,0.00012687977289025515,0.4363716286656046
27,2,conv_layers.0.weights1,"[64, 64, 16]",complex64,complex64,0.005771279937283591,0.0010735691691362177,0.005440496702112453,0.9426845970450655,0.00027670886265696026,4.111842425589553e-06,0.39229518343591896
27,2,conv_layers.1.weights1,"[64, 64, 16]",complex64,complex64,0.002737201943763882,0.000819361325300968,0.002721854767137967,0.9943931149614736,0.00023864533432060853,1.9617143079912904e-06,0.16834948015878698
27,2,conv_layers.2.weights1,"[64, 64, 16]",complex64,complex64,0.0028395478472677473,0.0008618343390014014,0.0028442683856141878,1.0016624260622982,0.00017553206271259114,2.18402809816771e-06,0.14627369047720876
27,2,conv_layers.3.weights1,"[64, 64, 16]",complex64,complex64,0.0029564780280808343,0.0009906304422253776,0.0027690184283671424,0.936593609716295,0.00018165351139032282,2.0691879747349453e-06,0.3507689133161517
27,2,mlp_layers.0.conv0.bias,[64],float32,float32,0.0018682885492587085,0.0002581568681652893,0.0016702236747727333,0.8939859292267447,0.000717003051249776,0.0001425766765237313,0.7956475381075395
27,2,mlp_layers.0.conv0.weight,"[64, 64, 1]",float32,float32,0.007827028841517439,0.0014044547397564567,0.006827732412533455,0.8723274886016328,0.0005121540862091933,8.088074100583154e-05,0.7558166775486413
27,2,mlp_layers.0.conv2.bias,[64],float32,float32,0.0018346732737773487,0.00034071136320352194,0.001677929083919991,0.9145656111648467,0.0004888452021987177,0.0001658627146881031,0.5332511666925825
27,2,mlp_layers.0.conv2.weight,"[64, 64, 1]",float32,float32,0.010547836693194304,0.0017810477255081533,0.009216331503294312,0.8737650924422153,0.0014005326083861291,6.813544520856661e-05,0.7848373450359626
27,2,mlp_layers.1.conv0.bias,[64],float32,float32,0.0015442917918306776,0.00036481921012377087,0.001293536555462003,0.837624445266644,0.0006496353380498476,0.00012141581358804387,0.7496560150877061
27,2,mlp_layers.1.conv0.weight,"[64, 64, 1]",float32,float32,0.00531037380283125,0.0009714788523093138,0.004574637554112156,0.8614530208161932,0.00030542784770659637,5.2424700328620316e-05,0.7963429311485094
27,2,mlp_layers.1.conv2.bias,[64],float32,float32,0.0036310635775652863,0.0010434354710245973,0.0028566739206289794,0.7867320027881326,0.0009819575498113409,0.0002671835870948769,0.806696817385965
27,2,mlp_layers.1.conv2.weight,"[64, 64, 1]",float32,float32,0.006656502490482742,0.0011893299622621786,0.0057380951698000945,0.8620285469740667,0.0005921291594859213,5.4788880389428085e-05,0.8082704365559552
27,2,mlp_layers.2.conv0.bias,[64],float32,float32,0.0028070777755204034,0.000898776766847736,0.002133743713488477,0.7601298874210576,0.0013362122990656644,0.0001792889136496001,0.8194069545649243
27,2,mlp_layers.2.conv0.weight,"[64, 64, 1]",float32,float32,0.007223108752388792,0.0010499765394143018,0.006320046729153331,0.8749759896752483,0.0003861533768940717,6.897784368956397e-05,0.8789948303151061
27,2,mlp_layers.2.conv2.bias,[64],float32,float32,0.006260585464821976,0.0030430808676630322,0.003881232887304453,0.6199472731604693,0.0025076630408875644,0.0002897392643390617,0.8763446226229208
27,2,mlp_layers.2.conv2.weight,"[64, 64, 1]",float32,float32,0.009817613363184102,0.0014201183337451367,0.008733121448922635,0.889536094553459,0.0013829413219355047,7.708069011246738e-05,0.7938094878307937
27,2,mlp_layers.3.conv0.bias,[64],float32,float32,0.004884853906617313,0.002474210842827204,0.0026426604268317403,0.5409906779917892,0.0012349369353614748,0.0002215192083028228,0.9514959964156794
27,2,mlp_layers.3.conv0.weight,"[64, 64, 1]",float32,float32,0.007670636495701346,0.0008716290787393448,0.006956724486492718,0.9069292346718936,0.00027830785256810486,8.38255628509291e-05,0.8377557577612826
27,2,mlp_layers.3.conv2.bias,[64],float32,float32,0.015524081074634192,0.00900614950825899,0.006579716507991401,0.42383935489376107,0.0017302369233220816,0.0006773368990309336,0.9971059841353817
27,2,mlp_layers.3.conv2.weight,"[64, 64, 1]",float32,float32,0.01222206214724075,0.002833300907727089,0.010615777493341194,0.8685749888563453,0.0008147200132953003,0.00011270651254705576,0.6455853435457367
27,2,p.bias,[64],float32,float32,0.0011151553331230598,0.00044102530337704267,0.0010087307594093375,0.9045652470533644,0.00029244934921734966,9.794174309973869e-05,0.42753860257739923
27,2,p.weight,"[64, 2]",float32,float32,0.0042850626172122085,0.0006582030939319659,0.0040249925566125085,0.9393077572413873,0.000988983767456375,0.00025730141551250085,0.4599329379721881
27,2,q.conv0.bias,[128],float32,float32,0.014709397910032052,0.008492271605731513,0.00637637112616334,0.4334896074715981,0.0013195100473240018,0.00046907186073141816,0.9919728217017352
27,2,q.conv0.weight,"[128, 64, 1]",float32,float32,0.012916147209627414,0.008808995481842873,0.01129972782878886,0.8748528214641507,0.0009025183389894664,8.001525356742326e-05,0.51302150401613
27,2,q.conv2.bias,[1],float32,float32,0.04633678123354912,0.025826552882790565,0.020510228350758553,0.4426338602886939,0.020510228350758553,0.020510228350758553,1.0
27,2,q.conv2.weight,"[1, 128, 1]",float32,float32,0.029698286316847084,0.022830132251700715,0.0176001382051156,0.5926314406609882,0.004447554820217192,0.001212207886688077,0.8063516197367866
27,2,w_layers.0.bias,[64],float32,float32,0.0018276526115500412,0.00033165746809621653,0.0016779327747685326,0.9180808016603711,0.0004888556140940636,0.00016586227854986646,0.5236719382447759
27,2,w_layers.0.weight,"[64, 64, 1]",float32,float32,0.012684611408654217,0.002926731251383362,0.011313126949535183,0.8918780863729634,0.0009107524638238829,0.00011541683072912798,0.5586383444119103
27,2,w_layers.1.bias,[64],float32,float32,0.003657528336836579,0.0010667558153042002,0.002856674067982289,0.7810394903059167,0.0009819575789151713,0.0002671836064962463,0.8143772810846711
27,2,w_layers.1.weight,"[64, 64, 1]",float32,float32,0.012597156861307853,0.002977824905990454,0.010830578051698707,0.859763688818134,0.0016332638770109043,9.587979180397666e-05,0.6698417904606262
27,2,w_layers.2.bias,[64],float32,float32,0.0062628871108884815,0.003044172482532113,0.0038812329632525303,0.6197194511944382,0.0025076630990952253,0.00028973926793440796,0.8766386226967897
27,2,w_layers.2.weight,"[64, 64, 1]",float32,float32,0.01366490541062494,0.0029220200428787856,0.0124642251785426,0.9121340253735843,0.0021007644572819117,0.00011013001328569194,0.4997721490033223
27,2,w_layers.3.bias,[64],float32,float32,0.01552142449609174,0.00900332353930726,0.006579716268565928,0.4239118819424523,0.0017302371561527252,0.0006773368714405592,0.9971124923278146
27,2,w_layers.3.weight,"[64, 64, 1]",float32,float32,0.015712444052904253,0.004812219731215652,0.014698357555143813,0.935459658959104,0.001075690524885431,0.00014708904470399353,0.35706523104153653
28,2,conv_layers.0.weights1,"[64, 64, 16]",complex64,complex64,0.007050833934652192,0.001155424714807478,0.006703534969463024,0.9507435619094184,0.0003627120750024915,4.940924531978669e-06,0.37511375869800034
28,2,conv_layers.1.weights1,"[64, 64, 16]",complex64,complex64,0.00340707218808412,0.0010241646283094148,0.003298544677396061,0.9681464011629626,0.00028128175472375005,2.326205708189681e-06,0.25457896135676933
28,2,conv_layers.2.weights1,"[64, 64, 16]",complex64,complex64,0.003896058035291064,0.00135683238177663,0.0035935273861376713,0.9223495526983875,0.0002078341844935494,2.7275600137545188e-06,0.3884404059294178
28,2,conv_layers.3.weights1,"[64, 64, 16]",complex64,complex64,0.004943869649109706,0.0025329986621177567,0.00360968078214998,0.7301326771024419,0.0002014874953601975,2.7011997333499113e-06,0.7118261224066303
28,2,mlp_layers.0.conv0.bias,[64],float32,float32,0.002218693718890618,0.00031989131550123315,0.0020325619374071627,0.9161074915844969,0.0009089821323868819,0.00017515509778576188,0.6295426277926277
28,2,mlp_layers.0.conv0.weight,"[64, 64, 1]",float32,float32,0.008871786386617498,0.0012034600646143368,0.008105783567059002,0.9136585591472355,0.0006593731704924721,9.608559380760301e-05,0.6768473510979524
28,2,mlp_layers.0.conv2.bias,[64],float32,float32,0.002262472762405789,0.000856110814595844,0.002012584110162279,0.8895506472405917,0.0005933170832577161,0.0002001375053897192,0.46496681480366364
28,2,mlp_layers.0.conv2.weight,"[64, 64, 1]",float32,float32,0.011918359968156534,0.0015122898359322871,0.010900643685072906,0.9146093685873927,0.001658388995565474,8.120692036912413e-05,0.7076750834333628
28,2,mlp_layers.1.conv0.bias,[64],float32,float32,0.002030032525406066,0.0008343771122757836,0.0015643620772066466,0.7706093659232027,0.0007456584789906628,0.0001501287879257518,0.6996017163382857
28,2,mlp_layers.1.conv0.weight,"[64, 64, 1]",float32,float32,0.006214047578581364,0.0008924494150055179,0.005588920116136226,0.8994009211323337,0.00037584239544230513,6.410902786411349e-05,0.737038706806756
28,2,mlp_layers.1.conv2.bias,[64],float32,float32,0.005542683491768539,0.002821188581830159,0.003557843506869925,0.6418990931294729,0.0012221391662023962,0.0003324140580005519,0.8320735799571992
28,2,mlp_layers.1.conv2.weight,"[64, 64, 1]",float32,float32,0.007681821836323226,0.001221653120301067,0.006979886411663231,0.9086238343434473,0.0007206941445474513,6.709831865664428e-05,0.6278428050938497
28,2,mlp_layers.2.conv0.bias,[64],float32,float32,0.004676590804876626,0.0026610263536847307,0.0027595855389291476,0.5900848832126866,0.0017218836583197117,0.00023046221922307097,0.8572540748189866
28,2,mlp_layers.2.conv0.weight,"[64, 64, 1]",float32,float32,0.008495245445935882,0.0009442469323233579,0.007799263488420461,0.9180739436023737,0.00048105766109074466,8.485272300844462e-05,0.7624583674762558
28,2,mlp_layers.2.conv2.bias,[64],float32,float32,0.013300727428265796,0.009860929391359735,0.004904518997577757,0.36874065903756575,0.0031183764804154634,0.0003706453278411459,0.9534068090183987
28,2,mlp_layers.2.conv2.weight,"[64, 64, 1]",float32,float32,0.01096361831904224,0.002542914511433333,0.010605463052265916,0.9673323845874624,0.0016996529229800217,9.306828250024018e-05,0.25451446127256716
28,2,mlp_layers.3.conv0.bias,[64],float32,float32,0.01101030885849871,0.00804591032946358,0.003566025180504167,0.32388057649732505,0.0015858437400311232,0.00030562750151830187,0.9778249942333306
28,2,mlp_layers.3.conv0.weight,"[64, 64, 1]",float32,float32,0.009101471028419563,0.001089528980185419,0.008853967522498908,0.9728062084526974,0.0003563623922673287,0.00010579489752687854,0.28393140840211994
28,2,mlp_layers.3.conv2.bias,[64],float32,float32,0.037652337976673424,0.0296165813024523,0.008197351077228835,0.2177116088330903,0.0021393774077296257,0.000837511330075813,0.9988238272421907
28,2,mlp_layers.3.conv2.weight,"[64, 64, 1]",float32,float32,0.016622857077769383,0.00853385189193737,0.013297749848520531,0.799967766449987,0.0010267003235640004,0.00014165775864927177,0.6073575999628673
28,2,p.bias,[64],float32,float32,0.0013555732059466832,0.0008246539101338557,0.0011705407058828388,0.8635023920123706,0.0003323511737107765,0.00011471705735033311,0.513234216784735
28,2,p.weight,"[64, 2]",float32,float32,0.0050678522973508664,0.0007861879862996028,0.004798187232492143,0.9467890836124633,0.0011621494413702749,0.00030882668754372844,0.4114437188639125
28,2,q.conv0.bias,[128],float32,float32,0.03521073061607507,0.02769488911788556,0.007813246788181858,0.22189959286487532,0.0015965844504535198,0.0005761882409593966,0.9976624530012619
28,2,q.conv0.weight,"[128, 64, 1]",float32,float32,0.03004737002237828,0.03128813682778081,0.01331685321527619,0.4431953014642626,0.0010351208911743015,9.394004755898348e-05,0.9065024074978493
28,2,q.conv2.bias,[1],float32,float32,0.10854120552539825,0.0834750086069107,0.02506619691848755,0.23093715236673087,0.02506619691848755,0.02506619691848755,1.0
28,2,q.conv2.weight,"[1, 128, 1]",float32,float32,0.08193450964209417,0.07962964152520358,0.02089216517621727,0.2549861501274408,0.005242220824584365,0.0014369353815197883,0.9669571825986416
28,2,w_layers.0.bias,[64],float32,float32,0.00225208715780001,0.0008487564795788856,0.0020125883068063148,0.8936547148434283,0.0005933286593062803,0.00020013709520583234,0.45560986681685217
28,2,w_layers.0.weight,"[64, 64, 1]",float32,float32,0.014784935076613907,0.004172367297460885,0.013632282317763356,0.922038700009325,0.0010674663208192214,0.00013880538979022146,0.4065919371552807
28,2,w_layers.1.bias,[64],float32,float32,0.0055698500969197234,0.002842229164182419,0.003557843731572304,0.6387683096785471,0.0012221391953062266,0.0003324140863085745,0.8351839693888005
28,2,w_layers.1.weight,"[64, 64, 1]",float32,float32,0.014531680706100263,0.004495003291097504,0.012978021129351085,0.8930846604620919,0.0021126227657077834,0.00011407850513714055,0.4818264848067986
28,2,w_layers.2.bias,[64],float32,float32,0.01330321727133721,0.00986213195624034,0.004904518885951029,0.36867163678655285,0.0031183764804154634,0.000370645308755968,0.9534549706502559
28,2,w_layers.2.weight,"[64, 64, 1]",float32,float32,0.01387466445046352,0.006634567049859819,0.014574322984254989,1.0504270597886851,0.0023910293239168823,0.00012959259513532773,0.13097380027788788
28,2,w_layers.3.bias,[64],float32,float32,0.03764936299139736,0.02961360054347291,0.008197350654025699,0.2177288007740992,0.0021393769420683384,0.0008375113060310468,0.9988236606308856
28,2,w_layers.3.weight,"[64, 64, 1]",float32,float32,0.02010191675808031,0.015874407441738087,0.017166299916685668,0.8539633370924878,0.0013031282578594983,0.00017218680128147298,0.566272644383869
29,2,conv_layers.0.weights1,"[64, 64, 16]",complex64,complex64,0.011293881250870648,0.0027106975383790603,0.010168855327125583,0.9003862446616094,0.0006665395558229648,6.9274390310573515e-06,0.5143677986392364
29,2,conv_layers.1.weights1,"[64, 64, 16]",complex64,complex64,0.0057653017436658585,0.0024995877306569153,0.0046981366982187375,0.8148986656909017,0.00038717419374734163,3.0729495501994646e-06,0.6042017420937129
29,2,conv_layers.2.weights1,"[64, 64, 16]",complex64,complex64,0.008115610284464855,0.004412567583984331,0.005785607918563626,0.7128986873160494,0.0003798201505560428,3.952663209778356e-06,0.7240943990479213
29,2,conv_layers.3.weights1,"[64, 64, 16]",complex64,complex64,0.014632414187992174,0.010151291464143754,0.006821429599845376,0.466186202236078,0.0005404374096542597,4.429254286976236e-06,0.9109606346343184
29,2,mlp_layers.0.conv0.bias,[64],float32,float32,0.0031368182433331665,0.001029476449283371,0.002713923300420979,0.8651834725167813,0.0013598132791230455,0.00023189623493635736,0.5471916674466734
29,2,mlp_layers.0.conv0.weight,"[64, 64, 1]",float32,float32,0.0104189260966303,0.0011246437540297785,0.010290417042698003,0.9876658061742218,0.001051997148351802,0.00012190134931434199,0.16753295539013846
29,2,mlp_layers.0.conv2.bias,[64],float32,float32,0.00487667029420745,0.0036351803124811547,0.002609020321972504,0.5350003515865159,0.0008352307486347854,0.00025300068787004193,0.8514830873638182
29,2,mlp_layers.0.conv2.weight,"[64, 64, 1]",float32,float32,0.01396470672184493,0.0014438485821787568,0.013825670781191374,0.9900437622197921,0.0023816835309844464,0.0001047829037105312,0.1475123497787835
29,2,mlp_layers.1.conv0.bias,[64],float32,float32,0.0044333458145024655,0.003063008368341954,0.002216903853571543,0.5000520930082997,0.0008768125553615391,0.00021804274395620382,0.8881819706015252
29,2,mlp_layers.1.conv0.weight,"[64, 64, 1]",float32,float32,0.007457431763102152,0.0012486232512939537,0.00707885172979348,0.9492345293480513,0.0004699166092905216,8.212351891184397e-05,0.37921868121976343
29,2,mlp_layers.1.conv2.bias,[64],float32,float32,0.01447551521412035,0.011098030715116418,0.005228850996391259,0.3612203724044793,0.0018639584304764867,0.00048218242693565116,0.9504092445696851
29,2,mlp_layers.1.conv2.weight,"[64, 64, 1]",float32,float32,0.009057950646360072,0.0033213802156626606,0.008624209503479837,0.9521148701495151,0.0008720877958694473,8.458325799087091e-05,0.31080455789939443
29,2,mlp_layers.2.conv0.bias,[64],float32,float32,0.013319001641953902,0.010821872344295064,0.004447397758255591,0.33391374802797574,0.0025234499480575323,0.00039623603180416467,0.9530178381150993
29,2,mlp_layers.2.conv0.weight,"[64, 64, 1]",float32,float32,0.00980719772969243,0.0018149860522430896,0.009877975371879873,1.0072169078403665,0.000597513264438021,0.00010724031502075577,0.053396404994803186
29,2,mlp_layers.2.conv2.bias,[64],float32,float32,0.04652654951625104,0.041038474620783166,0.008021116199810248,0.1723986902791618,0.0046134889125823975,0.0007161703912572648,0.991039142617655
29,2,mlp_layers.2.conv2.weight,"[64, 64, 1]",float32,float32,0.0137424513354728,0.011070063696892925,0.012978955730279807,0.9444425461982744,0.00215666665462777,0.00011437674679108667,0.469822402250077
29,2,mlp_layers.3.conv0.bias,[64],float32,float32,0.03800234535447559,0.03314811904730411,0.006865430691889522,0.180658078543591,0.002782967407256365,0.0006615806322258777,0.9906443961799759
29,2,mlp_layers.3.conv0.weight,"[64, 64, 1]",float32,float32,0.010076790805090689,0.004639165359644723,0.011374829421861429,1.1288146833528572,0.0004652121788240038,0.00013543755925705947,-0.0676305927083957
29,2,mlp_layers.3.conv2.bias,[64],float32,float32,0.1344171709361158,0.12203815844872183,0.013194859347391952,0.098163495448532,0.0034776367247104645,0.0013795912981606762,0.9993640474121431
29,2,mlp_layers.3.conv2.weight,"[64, 64, 1]",float32,float32,0.03966833549567615,0.03549293803460082,0.016894761925521196,0.42590044967636026,0.0013238834217190742,0.00017978451538515003,0.9048262221559559
29,2,p.bias,[64],float32,float32,0.003348075265750705,0.0028773098047053343,0.0013946214838261113,0.41654424501517573,0.00045567695633508265,0.0001419075079098775,0.9105539032446365
29,2,p.weight,"[64, 2]",float32,float32,0.006218849063214613,0.001872323724732996,0.00596671505260849,0.9594564833390905,0.001418175295839319,0.0003947764947653809,0.2824700073704484
29,2,q.conv0.bias,[128],float32,float32,0.12471827366679732,0.11325817822766907,0.011838310577679539,0.09492041727026528,0.002456391230225563,0.000881016620549957,0.9996880855754156
29,2,q.conv0.weight,"[128, 64, 1]",float32,float32,0.13203041415790465,0.13466516433617537,0.015367374814966727,0.11639268810130203,0.0010395911522209644,0.00011125988290909897,0.9935541163487087
29,2,q.conv2.bias,[1],float32,float32,0.3771950900554657,0.339642733335495,0.0375523567199707,0.09955685455621575,0.0375523567199707,0.0375523567199707,1.0
29,2,q.conv2.weight,"[1, 128, 1]",float32,float32,0.3445759247615356,0.33901554943063,0.02566686478175151,0.07448827076213844,0.0052918680012226105,0.0017829894586611772,0.997312581461173
29,2,w_layers.0.bias,[64],float32,float32,0.004867421801392523,0.003630257327815978,0.0026090237993933955,0.5360176097019121,0.0008352297882083803,0.0002530001772953483,0.8506952138176044
29,2,w_layers.0.weight,"[64, 64, 1]",float32,float32,0.02316965040405722,0.015104856068643065,0.017632876934889175,0.7610333616342133,0.00141925313801039,0.00018191218025646883,0.6487206527220237
29,2,w_layers.1.bias,[64],float32,float32,0.014499001435889327,0.011116236150223094,0.005228851244695551,0.36063526635376375,0.0018639585468918085,0.0004821824647933681,0.9506813989468398
29,2,w_layers.1.weight,"[64, 64, 1]",float32,float32,0.022121655465450064,0.016901124509275528,0.016323525767952884,0.7378980200395586,0.002377234573941678,0.00014882957384376727,0.6801072482386654
29,2,w_layers.2.bias,[64],float32,float32,0.04652902216255036,0.041039956156159796,0.008021116005140631,0.1723895244804125,0.004613487981259823,0.0007161703859424051,0.9910427918277517
29,2,w_layers.2.weight,"[64, 64, 1]",float32,float32,0.027938095567075,0.03253748195199964,0.017611672979994178,0.63038201504148,0.0028074783040210605,0.0001641840052864288,0.8410311039054524
29,2,w_layers.3.bias,[64],float32,float32,0.13441400931843298,0.12203511135159513,0.01319486025158036,0.09816581112703163,0.0034776367247104645,0.0013795913460512566,0.9993639294220258
29,2,w_layers.3.weight,"[64, 64, 1]",float32,float32,0.06736726400553568,0.0714623413546585,0.02032260635002823,0.3016688691462709,0.0017744149954523891,0.0002039524656903685,0.958847074762745
30,2,conv_layers.0.weights1,"[64, 64, 16]",complex64,complex64,0.012537029215462063,0.003089673224124183,0.010658944258836619,0.850196970562278,0.0007502875014324673,7.393627326591331e-06,0.6855511287993322
30,2,conv_layers.1.weights1,"[64, 64, 16]",complex64,complex64,0.0061077106519290695,0.0026486552104881,0.004656204908599298,0.7623486399324884,0.00045498646795749664,3.3691708350747753e-06,0.6997265346374086
30,2,conv_layers.2.weights1,"[64, 64, 16]",complex64,complex64,0.00869380274185906,0.0046529802714032524,0.00592162372989549,0.6811315951975724,0.00045167587813921273,4.236644506460264e-06,0.7684003454796386
30,2,conv_layers.3.weights1,"[64, 64, 16]",complex64,complex64,0.015980330391658366,0.010615913607239404,0.007447279847070871,0.4660279020863239,0.000676883733831346,4.833567726040822e-06,0.9213508126765636
30,2,mlp_layers.0.conv0.bias,[64],float32,float32,0.0035451342004808426,0.0011198892736274024,0.0029281782424235925,0.8259710569000267,0.0014541787677444518,0.00024813984895288854,0.6609184037821161
30,2,mlp_layers.0.conv0.weight,"[64, 64, 1]",float32,float32,0.01185719031865558,0.0016577666714077545,0.010938902621612791,0.9225543596447132,0.00120185417108587,0.00012952392956397602,0.6023863945127723
30,2,mlp_layers.0.conv2.bias,[64],float32,float32,0.005334307084314435,0.0037799538000381112,0.0028059451554371478,0.526018677043931,0.0008524360018782318,0.00027880878613473215,0.8646730018159956
30,2,mlp_layers.0.conv2.weight,"[64, 64, 1]",float32,float32,0.015993541514259906,0.0021296187540446538,0.014825572767191233,0.9269724753565489,0.0025485770602244884,0.00011546896671063567,0.5949921410692522
30,2,mlp_layers.1.conv0.bias,[64],float32,float32,0.00483932363549567,0.003218806048831149,0.0024583369851197143,0.5079918538797866,0.000975547474808991,0.0002420475793485366,0.8903069375929255
30,2,mlp_layers.1.conv0.weight,"[64, 64, 1]",float32,float32,0.008226643777206768,0.0015461515347478746,0.007290067956149897,0.88615335166793,0.00048501692435820587,8.470650351548661e-05,0.6652375535618464
30,2,mlp_layers.1.conv2.bias,[64],float32,float32,0.015549778613306533,0.011687089485229871,0.005618077163401516,0.3612962797164145,0.001972986268810928,0.0005287991516524926,0.9542115439560745
30,2,mlp_layers.1.conv2.weight,"[64, 64, 1]",float32,float32,0.00988284846625168,0.0034837087545273072,0.008793502425203648,0.8897740823642121,0.0009822465653996915,8.746002863797148e-05,0.47171378678494885
30,2,mlp_layers.2.conv0.bias,[64],float32,float32,0.014333407260268468,0.011392846130962258,0.004919386666116885,0.3432112530391287,0.0026906088460236788,0.0004398311796194321,0.9523771371560138
30,2,mlp_layers.2.conv0.weight,"[64, 64, 1]",float32,float32,0.010633944079107102,0.0018740193966416165,0.009845313249548633,0.9258383508798094,0.0006110795529821189,0.00010684523738856491,0.49333369698870166
30,2,mlp_layers.2.conv2.bias,[64],float32,float32,0.04987130131189847,0.043021900981264,0.00916295660736625,0.18373205363261932,0.004863821901381016,0.0008472251879823034,0.9913669344587627
30,2,mlp_layers.2.conv2.weight,"[64, 64, 1]",float32,float32,0.014822965525230493,0.011150670080918659,0.01280120885935172,0.8636064650870638,0.0021240017376840115,0.00011259371856925382,0.5450758198673156
30,2,mlp_layers.3.conv0.bias,[64],float32,float32,0.040753819366311936,0.034734699928749176,0.008187490878815538,0.20090119174409235,0.003296337556093931,0.0008034094467745945,0.9891191635231924
30,2,mlp_layers.3.conv0.weight,"[64, 64, 1]",float32,float32,0.010548458844328862,0.004359646968381234,0.011003142462720206,1.0431042700266868,0.00047510548029094934,0.00012987154993250247,0.10010709745057378
30,2,mlp_layers.3.conv2.bias,[64],float32,float32,0.14287946740428803,0.12747411221036972,0.016262366043656582,0.11381877563723704,0.0042679328471422195,0.0017033698775321682,0.9992549570336632
30,2,mlp_layers.3.conv2.weight,"[64, 64, 1]",float32,float32,0.04172652705702151,0.036919329215955476,0.016216046337318647,0.3886267916608195,0.0012790036271326244,0.00017226149817442526,0.9221523493460487
30,2,p.bias,[64],float32,float32,0.003456506800254037,0.0029180234019588126,0.0014999726450249916,0.4339562256653887,0.0005408168799476698,0.000150424934787452,0.9028395314440297
30,2,p.weight,"[64, 2]",float32,float32,0.00748863690436336,0.0024813666552652995,0.006456578409913135,0.8621833976422489,0.0014412017844733782,0.0004262937510546294,0.5529382947056409
30,2,q.conv0.bias,[128],float32,float32,0.13193015422282062,0.11776163906507833,0.01446805942042037,0.10966453807053732,0.0030369479209184647,0.001079272281806709,0.9997239395663055
30,2,q.conv0.weight,"[128, 64, 1]",float32,float32,0.14079427818253484,0.14015659723213086,0.013941194739258153,0.0990181910743836,0.001010676845908165,0.00010157782395622816,0.9950856978997198
30,2,q.conv2.bias,[1],float32,float32,0.3984220325946808,0.35292690992355347,0.04549512267112732,0.11418827009853147,0.04549512267112732,0.04549512267112732,1.0
30,2,q.conv2.weight,"[1, 128, 1]",float32,float32,0.36705077725838015,0.3536698670408248,0.027328025291063006,0.07445298303189761,0.006684042513370514,0.0019374915525531833,0.997813145304499
30,2,w_layers.0.bias,[64],float32,float32,0.005327552280205749,0.0037744300152117087,0.002805947250763725,0.526686009481142,0.00085243652574718,0.0002788082507549916,0.8642077113341086
30,2,w_layers.0.weight,"[64, 64, 1]",float32,float32,0.028722537134388652,0.017751405949651224,0.017383499867297644,0.6052215995391608,0.001304796664044261,0.00018812007902374583,0.8216977046761995
30,2,w_layers.1.bias,[64],float32,float32,0.015572685719156185,0.01170534704719127,0.005618077584679624,0.36076484724588936,0.0019729863852262497,0.0005287992184435097,0.9544487845540042
30,2,w_layers.1.weight,"[64, 64, 1]",float32,float32,0.027108868044627196,0.019362988985782675,0.016652405091847948,0.6142788796800517,0.002298150211572647,0.00015765417642128743,0.7930078626856495
30,2,w_layers.2.bias,[64],float32,float32,0.049873962081841625,0.043023523777360816,0.00916295608176485,0.1837222410108249,0.004863820970058441,0.0008472251500393213,0.9913710364263068
30,2,w_layers.2.weight,"[64, 64, 1]",float32,float32,0.0334376471418438,0.03494403357111274,0.016046676735174313,0.4798985008455794,0.002506483346223831,0.00015507381882805954,0.8907837519041795
30,2,w_layers.3.bias,[64],float32,float32,0.14287627869916736,0.12747106437765354,0.016262366921247925,0.11382132198088035,0.0042679328471422195,0.0017033699737680763,0.9992548026496492
30,2,w_layers.3.weight,"[64, 64, 1]",float32,float32,0.07395330806481845,0.07528151651032725,0.019260439173781882,0.2604405357621126,0.0017984289297601208,0.000192770398281316,0.9668421640605517
31,2,conv_layers.0.weights1,"[64, 64, 16]",complex64,complex64,0.01649489635045719,0.003740761337810698,0.014316727508765167,0.8679489221748489,0.0010439967445563525,9.371043867250424e-06,0.6572257097541063
31,2,conv_layers.1.weights1,"[64, 64, 16]",complex64,complex64,0.008161141208874437,0.0032677242230399832,0.006419351781401243,0.7865752616093483,0.000630626076599583,4.428840298219628e-06,0.6763477719926048
31,2,conv_layers.2.weights1,"[64, 64, 16]",complex64,complex64,0.011511365612839284,0.005790591624893529,0.008203294013188159,0.7126256162030469,0.0006328962626866996,5.620584289175524e-06,0.7407139720767422
31,2,conv_layers.3.weights1,"[64, 64, 16]",complex64,complex64,0.02099236616409567,0.013334340102101603,0.01051063909524541,0.5006886319095509,0.0009622712386772037,6.506149532135619e-06,0.9074230291188475
31,2,mlp_layers.0.conv0.bias,[64],float32,float32,0.0045276488141145375,0.0013799413066043693,0.003833348310566028,0.8466531897562174,0.001937814464326948,0.0003258874355118735,0.6169509219833987
31,2,mlp_layers.0.conv0.weight,"[64, 64, 1]",float32,float32,0.014485503714596922,0.0015575410237230935,0.013913159798035025,0.960488504380752,0.0016740171085984912,0.00016364660220060008,0.41396883791688577
31,2,mlp_layers.0.conv2.bias,[64],float32,float32,0.0068652095428627415,0.004771460900035953,0.003714285443758142,0.5410301638381328,0.0011565862805582583,0.00036853825453420086,0.8563343665980486
31,2,mlp_layers.0.conv2.weight,"[64, 64, 1]",float32,float32,0.019319906402811372,0.0020189058393249083,0.0186271557885162,0.9641431692342792,0.003351150546222925,0.0001472280000189216,0.38922927186406614
31,2,mlp_layers.1.conv0.bias,[64],float32,float32,0.006225470564557544,0.004013400191925547,0.003308364146651671,0.5314239481729527,0.0012702279491350055,0.00032912317605848784,0.8788884495938456
31,2,mlp_layers.1.conv0.weight,"[64, 64, 1]",float32,float32,0.010273533529165041,0.001661471352512144,0.009471342300936898,0.9219167167799821,0.0006230859798961319,0.00011103907217745526,0.5448314287228447
31,2,mlp_layers.1.conv2.bias,[64],float32,float32,0.019734825761533816,0.014601702117872714,0.007460579996250409,0.3780413410485851,0.0026080907555297017,0.0007032268264310915,0.9491409506690993
31,2,mlp_layers.1.conv2.weight,"[64, 64, 1]",float32,float32,0.01229283040644787,0.004269564934984237,0.011412953304380876,0.9284235547896701,0.0012726648710668087,0.00011491411041730792,0.3723667044371104
31,2,mlp_layers.2.conv0.bias,[64],float32,float32,0.018226427211134245,0.014318565780209246,0.0066487567021367,0.3647866158911866,0.0035818845499306917,0.000600396471625686,0.9445647266478759
31,2,mlp_layers.2.conv0.weight,"[64, 64, 1]",float32,float32,0.013306216198969623,0.002228925526852426,0.012783013820494814,0.9606798528859524,0.0008019166907615727,0.00013843463351901827,0.3138731801982734
31,2,mlp_layers.2.conv2.bias,[64],float32,float32,0.06299893800587365,0.05428685815619025,0.011937059960889637,0.1894803363157756,0.0063357725739479065,0.001105220451279365,0.9902642127795733
31,2,mlp_layers.2.conv2.weight,"[64, 64, 1]",float32,float32,0.018243201925915515,0.014245921169221616,0.01651915058373138,0.9054962309146498,0.002740786294452846,0.0001454335747651317,0.5057468928552714
31,2,mlp_layers.3.conv0.bias,[64],float32,float32,0.05173219047040868,0.04390853353328063,0.011110101236326825,0.2147618559218348,0.004574424587190151,0.0010936510135479693,0.9863030678123169
31,2,mlp_layers.3.conv0.weight,"[64, 64, 1]",float32,float32,0.01340171138357247,0.005742542175181744,0.014399129694742932,1.074424697161668,0.0006144642538856715,0.00016976921892042363,0.034093879829164085
31,2,mlp_layers.3.conv2.bias,[64],float32,float32,0.18013773838093236,0.16141853041950271,0.02007512860571877,0.11144321443220545,0.005283001810312271,0.0021166196897297596,0.9990954876277948
31,2,mlp_layers.3.conv2.weight,"[64, 64, 1]",float32,float32,0.052207837590313846,0.04673635412280525,0.021068137497970537,0.4035435764127362,0.001667011936660856,0.0002245031304629469,0.9151785634900865
31,2,p.bias,[64],float32,float32,0.004356889409863376,0.0036564447220384954,0.001986061946611723,0.45584401158210763,0.0007261003192979842,0.00019827328071642114,0.8915988056786077
31,2,p.weight,"[64, 2]",float32,float32,0.009255488042822899,0.002846133087585085,0.00832639342026024,0.8996168955905983,0.0018545220664236695,0.0005467605866513736,0.46381025931141556
31,2,q.conv0.bias,[128],float32,float32,0.16608287979399627,0.14894752582408555,0.017567974125511924,0.10577835684992132,0.003644946962594986,0.0013120715666694593,0.9996965481989081
31,2,q.conv0.weight,"[128, 64, 1]",float32,float32,0.17670752828244382,0.17770658064499067,0.018045053764809537,0.10211819462477503,0.0012295613996684551,0.00013089389314574137,0.9948311425563153
31,2,q.conv2.bias,[1],float32,float32,0.5016527771949768,0.4463269114494324,0.055325865745544434,0.11028717124801443,0.055325865745544434,0.055325865745544434,1.0
31,2,q.conv2.weight,"[1, 128, 1]",float32,float32,0.461559633942389,0.4486529521953486,0.033571892454360555,0.07273576367068298,0.007606223225593567,0.002371301445464269,0.9976808742979651
31,2,w_layers.0.bias,[64],float32,float32,0.006858292270512405,0.004766271685343272,0.003714287998595671,0.5415762192820873,0.0011565867462195456,0.00036853769306866013,0.8559219642431337
31,2,w_layers.0.weight,"[64, 64, 1]",float32,float32,0.03423931152710398,0.02144048153087492,0.021644391985106697,0.6321503272042402,0.0016998777282424271,0.00023368595600631314,0.7924897054116377
31,2,w_layers.1.bias,[64],float32,float32,0.01975768853841698,0.014619834656317767,0.0074605806437982375,0.377603920078598,0.0026080907555297017,0.0007032268970306177,0.9493468899787282
31,2,w_layers.1.weight,"[64, 64, 1]",float32,float32,0.0326593717893701,0.023570176015302022,0.02099735817820611,0.6429198428440159,0.002902418375015259,0.00020089510088455026,0.7672891951089243
31,2,w_layers.2.bias,[64],float32,float32,0.06300172693325139,0.054288545732354844,0.011937060104566816,0.18947195078023507,0.006335773505270481,0.001105220410209995,0.9902677514105035
31,2,w_layers.2.weight,"[64, 64, 1]",float32,float32,0.04109123697325688,0.04394991953362195,0.02049180070844821,0.4986902857605563,0.00314147281460464,0.00019939270360425781,0.8860045031666882
31,2,w_layers.3.bias,[64],float32,float32,0.18013453774625485,0.1614154831080207,0.02007513110933069,0.11144520845641145,0.005283001810312271,0.00211661981842326,0.9990953540437612
31,2,w_layers.3.weight,"[64, 64, 1]",float32,float32,0.09230610621074707,0.0951975160064553,0.024751698952179903,0.2681480128266758,0.002337194557185285,0.00024731818111359966,0.965615972848285
32,2,conv_layers.0.weights1,"[64, 64, 16]",complex64,complex64,0.018364544765370715,0.003468019125275964,0.016443524505978063,0.895395160406315,0.001161834443337284,1.0908954698683152e-05,0.6193743639959397
32,2,conv_layers.1.weights1,"[64, 64, 16]",complex64,complex64,0.008663634475793094,0.0029461943854352545,0.007214189007673041,0.8326977584096003,0.0007428166572935879,5.110101631332678e-06,0.6208503334275319
32,2,conv_layers.2.weights1,"[64, 64, 16]",complex64,complex64,0.011769869216478743,0.005163402302817004,0.009005221844513401,0.7651080635548083,0.0006918063445482403,6.392302981337624e-06,0.6918954102085841
32,2,conv_layers.3.weights1,"[64, 64, 16]",complex64,complex64,0.020351541332360116,0.011868302080068423,0.011318984014892541,0.5561733055026504,0.001020104973576963,7.284737156315623e-06,0.8837574314492734
32,2,mlp_layers.0.conv0.bias,[64],float32,float32,0.005138228081508944,0.0012631063691477154,0.004552212770447826,0.8859499224703504,0.002229907549917698,0.000391048986182696,0.5604037177440058
32,2,mlp_layers.0.conv0.weight,"[64, 64, 1]",float32,float32,0.017386110741646282,0.0015701406702018264,0.016695183795205355,0.9602598328799381,0.0020087844059162308,0.0001958715767194502,0.47645279942662166
32,2,mlp_layers.0.conv2.bias,[64],float32,float32,0.00671868856398639,0.004283995322010622,0.00446676070543441,0.6648262771662321,0.0014282413176260889,0.00043996893333542175,0.7563787189648681
32,2,mlp_layers.0.conv2.weight,"[64, 64, 1]",float32,float32,0.023229912305219598,0.0020326541628067304,0.022357572365912588,0.9624475577933628,0.0037396721018012613,0.000181802754643981,0.4648557242300274
32,2,mlp_layers.1.conv0.bias,[64],float32,float32,0.006268325497220236,0.0036028852888001332,0.00385272704895642,0.6146341715446905,0.001458211918361485,0.00038020257443704963,0.8286637789968841
32,2,mlp_layers.1.conv0.weight,"[64, 64, 1]",float32,float32,0.012292803001422185,0.0015585253258116776,0.011494816035993357,0.9350850277730387,0.0007583279002574272,0.00013574614852231853,0.5587872039458129
32,2,mlp_layers.1.conv2.bias,[64],float32,float32,0.01900322649900317,0.013079756554984657,0.00854766623054318,0.4498007867764748,0.0030343501130118966,0.0007950903852247393,0.9236090438958707
32,2,mlp_layers.1.conv2.weight,"[64, 64, 1]",float32,float32,0.014714252168626384,0.003805303594095267,0.014018817036384985,0.952737310447608,0.0016133306417032145,0.0001424725588697051,0.3077421790909755
32,2,mlp_layers.2.conv0.bias,[64],float32,float32,0.017472924993465856,0.012835626923895645,0.007549417647256666,0.43206375864829916,0.004195274552330375,0.0006723812128939244,0.9208805625774258
32,2,mlp_layers.2.conv0.weight,"[64, 64, 1]",float32,float32,0.015917341506970183,0.0020114788781792777,0.015324558821811754,0.9627586877558134,0.0009613844958948903,0.00016625948316540025,0.35239756343616724
32,2,mlp_layers.2.conv2.bias,[64],float32,float32,0.05814512422753789,0.04882157833918968,0.013036909023008603,0.2242132800678452,0.007307019084692001,0.0011613394615892503,0.9853750987464401
32,2,mlp_layers.2.conv2.weight,"[64, 64, 1]",float32,float32,0.020083278605645714,0.012678385009313202,0.019973212039908768,0.9945194921656864,0.003334040055051446,0.00017532234035496502,0.32430294511536994
32,2,mlp_layers.3.conv0.bias,[64],float32,float32,0.04832323675491745,0.039554732175305064,0.012156353482851405,0.25156331196325243,0.0050988891161978245,0.001179712617840778,0.981456056587334
32,2,mlp_layers.3.conv0.weight,"[64, 64, 1]",float32,float32,0.016359376841702387,0.005036252671952981,0.017221422149311837,1.0526942631098255,0.0007484708912670612,0.0002021091372146587,-0.021752222135862986
32,2,mlp_layers.3.conv2.bias,[64],float32,float32,0.16636864877045443,0.14618285868845896,0.02155258652297812,0.12954716337640693,0.005698610097169876,0.002267672425375622,0.9988271527412207
32,2,mlp_layers.3.conv2.weight,"[64, 64, 1]",float32,float32,0.049225263918271846,0.04213602090761279,0.025019792969312716,0.5082713829803492,0.0019734440720640123,0.00026695843752073956,0.8612128341162818
32,2,p.bias,[64],float32,float32,0.0038782222766546096,0.003277789599009995,0.0024801860870885288,0.6395162293864085,0.0008721269696252421,0.00024384261637067084,0.7722307600563602
32,2,p.weight,"[64, 2]",float32,float32,0.01107096169562408,0.0025838734049048605,0.010371077028304327,0.9367819448245052,0.002277875399158802,0.0006935979125870517,0.3790006219779936
32,2,q.conv0.bias,[128],float32,float32,0.1536702547579551,0.13521555406405705,0.01905163234303416,0.12397735900836664,0.003864685073494911,0.0014206246184400584,0.9994612556206143
32,2,q.conv0.weight,"[128, 64, 1]",float32,float32,0.1561501794428315,0.16026072690263937,0.022162476917428772,0.14193052480956467,0.0013822652399539948,0.0001583851902365492,0.9905238024700733
32,2,q.conv2.bias,[1],float32,float32,0.4662923514842987,0.40595242381095886,0.060339927673339844,0.12940364018681882,0.060339927673339844,0.060339927673339844,1.0
32,2,q.conv2.weight,"[1, 128, 1]",float32,float32,0.413121494964004,0.405276695745418,0.03890893951596282,0.09418280091998849,0.008154850453138351,0.0027371350017801888,0.9956627319291923
32,2,w_layers.0.bias,[64],float32,float32,0.00671147727251533,0.004278634439776341,0.004466764027733312,0.6655411091125183,0.001428241841495037,0.00043996832607007264,0.7556540386289629
32,2,w_layers.0.weight,"[64, 64, 1]",float32,float32,0.03580078262486429,0.01937868574905994,0.026349095161726992,0.7359921551945926,0.002072419272735715,0.00028442200785923355,0.693999268480142
32,2,w_layers.1.bias,[64],float32,float32,0.019026877645432767,0.013098015293669255,0.00854766662306552,0.44924168759330363,0.0030343501130118966,0.0007950904444555817,0.9239385727839345
32,2,w_layers.1.weight,"[64, 64, 1]",float32,float32,0.03371149758881116,0.0211240508445724,0.02487235170290328,0.7378002605009873,0.003362267976626754,0.00023837073080415494,0.6768888153868644
32,2,w_layers.2.bias,[64],float32,float32,0.058148020843331136,0.04882328620323642,0.013036907886906902,0.22420209145264616,0.007307018153369427,0.0011613393582763365,0.9853802483108091
32,2,w_layers.2.weight,"[64, 64, 1]",float32,float32,0.0370619195600365,0.03919438550465296,0.023748650005646663,0.6407830540772798,0.0034491821425035596,0.00023266616392375594,0.8074337099423716
32,2,w_layers.3.bias,[64],float32,float32,0.16636547035105806,0.14617983925418923,0.02155258676485048,0.12954963983434203,0.005698610097169876,0.002267672436346402,0.9988269739309287
32,2,w_layers.3.weight,"[64, 64, 1]",float32,float32,0.08170323573390184,0.0854798881710718,0.0295600475927136,0.36179775901394307,0.0027705317334039137,0.0002936849544756537,0.938463964316027
33,2,conv_layers.0.weights1,"[64, 64, 16]",complex64,complex64,0.021212298995871088,0.0035394516373243104,0.019201401246191907,0.9052013291878171,0.0013839309249306098,1.2498188238815043e-05,0.6246380772692619
33,2,conv_layers.1.weights1,"[64, 64, 16]",complex64,complex64,0.01017633245592316,0.0030476837149122755,0.00866503195387183,0.851488686263225,0.0008818023779895157,6.053781965684495e-06,0.6088064099949085
33,2,conv_layers.2.weights1,"[64, 64, 16]",complex64,complex64,0.013297957120871867,0.005250915023167558,0.010559300429463344,0.7940543298105501,0.0008034236670937389,7.45200715121794e-06,0.6652848323117022
33,2,conv_layers.3.weights1,"[64, 64, 16]",complex64,complex64,0.022139116764217426,0.012064948259186109,0.013260293149284867,0.5989531240341508,0.0011662945616990328,8.53496133704601e-06,0.8608302659262725
33,2,mlp_layers.0.conv0.bias,[64],float32,float32,0.005835936524988245,0.0012723313790195517,0.00525858362129067,0.9010693654350982,0.002509333018679172,0.00046316224241849113,0.5403377517822634
33,2,mlp_layers.0.conv0.weight,"[64, 64, 1]",float32,float32,0.019975546410704977,0.001792498135867397,0.01915930871340395,0.9591381541951913,0.002326112127775559,0.00022607760951261907,0.49092702685699474
33,2,mlp_layers.0.conv2.bias,[64],float32,float32,0.007071581268542851,0.004319952439418472,0.005116889302051838,0.7235848826080463,0.001766004308592528,0.00050368209919327,0.6953884081973716
33,2,mlp_layers.0.conv2.weight,"[64, 64, 1]",float32,float32,0.02613688216294227,0.0022868225593956097,0.025100262535447292,0.9603388184928678,0.004096564050996676,0.00020867257610802242,0.4880591044040166
33,2,mlp_layers.1.conv0.bias,[64],float32,float32,0.0069094204493686156,0.0036937402612313664,0.004524479843846378,0.6548276917002244,0.0016567386919632554,0.000443661872331802,0.8015344453218647
33,2,mlp_layers.1.conv0.weight,"[64, 64, 1]",float32,float32,0.014368750004902417,0.0016742372127187338,0.01346205129262399,0.936897871285319,0.0008983425213955343,0.00015926192630401868,0.5827321838171294
33,2,mlp_layers.1.conv2.bias,[64],float32,float32,0.020167355987726288,0.01332427150205405,0.009850199756799996,0.48842296247434513,0.0033296141773462296,0.0009119091051275063,0.906595149232948
33,2,mlp_layers.1.conv2.weight,"[64, 64, 1]",float32,float32,0.017122156480986396,0.0038508240796214935,0.01641351770433142,0.9586127613398524,0.0019083366132690571,0.0001686386710108758,0.29266602805893205
33,2,mlp_layers.2.conv0.bias,[64],float32,float32,0.01847835084370113,0.01309466547138828,0.008747773074676845,0.4734065907000987,0.004848852753639221,0.0007814797500032,0.9017649019702498
33,2,mlp_layers.2.conv0.weight,"[64, 64, 1]",float32,float32,0.01842118585126378,0.002116633283224495,0.017644516720862716,0.9578382664030404,0.0011470441422716249,0.0001918926492794873,0.4166518136513586
33,2,mlp_layers.2.conv2.bias,[64],float32,float32,0.05978048989201007,0.05010724177278587,0.014415189843772712,0.24113535820487422,0.008302939124405384,0.0012423729871784417,0.9809333282974589
33,2,mlp_layers.2.conv2.weight,"[64, 64, 1]",float32,float32,0.02285848181552455,0.012899011170191677,0.02333106584740557,1.0206743403037406,0.003754453966394067,0.00020408631149049575,0.24513338647895608
33,2,mlp_layers.3.conv0.bias,[64],float32,float32,0.05025511309845427,0.04074846037664233,0.0137466721382861,0.273537781346848,0.005968139506876469,0.00132035379891704,0.9759269316017398
33,2,mlp_layers.3.conv0.weight,"[64, 64, 1]",float32,float32,0.019778503836850106,0.005144066765846529,0.020434436750813953,1.0331639298591309,0.0008605332986917347,0.00024012631596168066,0.00041493011252781604
33,2,mlp_layers.3.conv2.bias,[64],float32,float32,0.17137906534536507,0.1519256439648741,0.021334665543510448,0.12448816604593206,0.0056769512593746185,0.0022565575622479628,0.998526467733834
33,2,mlp_layers.3.conv2.weight,"[64, 64, 1]",float32,float32,0.05161696637378837,0.04351534629636996,0.029777780099094573,0.5768990739102412,0.0023238090216182172,0.00031889224981841713,0.8172234289916391
33,2,p.bias,[64],float32,float32,0.003802330834815659,0.003289625849200256,0.002900262524626339,0.762759120818835,0.000964396953349933,0.00028869381296203755,0.6742686209223894
33,2,p.weight,"[64, 2]",float32,float32,0.012464338680252186,0.0025568867160879853,0.011763833247793702,0.9437992299127489,0.0025784370154724456,0.0007504430243479021,0.3688375906478758
33,2,q.conv0.bias,[128],float32,float32,0.1590751460300912,0.14129276685708994,0.01867934090621324,0.1174246346609029,0.0036076493561267853,0.0013870223280640914,0.99927245675652
33,2,q.conv0.weight,"[128, 64, 1]",float32,float32,0.15508678712519786,0.16508442382209576,0.027961865322207922,0.18029817910686988,0.00188435148447752,0.00019668456311062663,0.9866826385549832
33,2,q.conv2.bias,[1],float32,float32,0.4849928319454193,0.4255794286727905,0.059413403272628784,0.12250367296008845,0.059413403272628784,0.059413403272628784,1.0
33,2,q.conv2.weight,"[1, 128, 1]",float32,float32,0.4142652827748093,0.4185051657165549,0.04655900272536254,0.11238934243657482,0.009844794869422913,0.0032620576834005988,0.993800146121286
33,2,w_layers.0.bias,[64],float32,float32,0.0070632219752158115,0.0043148816006651465,0.005116892957564998,0.7244417597973983,0.00176600442500785,0.0005036814018239966,0.6943721630078618
33,2,w_layers.0.weight,"[64, 64, 1]",float32,float32,0.03646022111185874,0.019122535859465235,0.02929320499065667,0.8034291646445615,0.0025405757478438318,0.0003104435897908625,0.6001957653164606
33,2,w_layers.1.bias,[64],float32,float32,0.0201911679389074,0.013343062178024749,0.009850200436874105,0.48784698669625975,0.0033296142937615514,0.0009119091597540319,0.9069642510130886
33,2,w_layers.1.weight,"[64, 64, 1]",float32,float32,0.03563651944790878,0.020495818634923755,0.028193700086193145,0.7911462882172016,0.0039616855792701244,0.00026843338809075246,0.612784650387615
33,2,w_layers.2.bias,[64],float32,float32,0.05978356858871375,0.05010896319608495,0.014415190129473265,0.24112294514641336,0.008302940055727959,0.0012423729257875493,0.9809393467955055
33,2,w_layers.2.weight,"[64, 64, 1]",float32,float32,0.036774344231017005,0.03846251939431211,0.027715044942362377,0.7536516427935745,0.003788049565628171,0.0002697580390434891,0.729477013553458
33,2,w_layers.3.bias,[64],float32,float32,0.17137592267164276,0.1519226705990567,0.02133466618999162,0.12449045266918247,0.0056769512593746185,0.0022565576057900216,0.9985262848402775
33,2,w_layers.3.weight,"[64, 64, 1]",float32,float32,0.08157450474356602,0.08676746377598614,0.03518697423920256,0.4313476906763304,0.003220347687602043,0.00034855133196200205,0.9144423475761553
34,2,conv_layers.0.weights1,"[64, 64, 16]",complex64,complex64,0.019800375051873525,0.001381082594042613,0.019351778099867187,0.977344017432443,0.0010823538541444577,1.3494567154514379e-05,0.35601109710967904
34,2,conv_layers.1.weights1,"[64, 64, 16]",complex64,complex64,0.010254008298825692,0.0010946784123169833,0.010149825579228082,0.9898398054144796,0.0007401914044748992,7.0535104241005e-06,0.1480665772780729
34,2,conv_layers.2.weights1,"[64, 64, 16]",complex64,complex64,0.010235452694049005,0.0014204496077744938,0.00999244123341349,0.9762578688115275,0.0006317310974282009,7.254210371592136e-06,0.23843845785748694
34,2,conv_layers.3.weights1,"[64, 64, 16]",complex64,complex64,0.010617742688329967,0.002607924884281289,0.009896733537411181,0.9320939325727631,0.0006031348516444268,6.8177013913101416e-06,0.38989134266818115
34,2,mlp_layers.0.conv0.bias,[64],float32,float32,0.006176719936718771,0.00039479747308380163,0.00594824431481626,0.9630102021391174,0.0023406618420267478,0.0005410203927525004,0.5999712298927617
34,2,mlp_layers.0.conv0.weight,"[64, 64, 1]",float32,float32,0.02378490869336567,0.0015995868072991107,0.02289019316759142,0.9623830582110322,0.002444072682010301,0.0002707281761991226,0.5824473766495997
34,2,mlp_layers.0.conv2.bias,[64],float32,float32,0.00673727933543797,0.0008750700558168239,0.006747550035143086,1.0015244580480867,0.0017412639717804268,0.0006921256744476523,0.053196441760656916
34,2,mlp_layers.0.conv2.weight,"[64, 64, 1]",float32,float32,0.0308756024492793,0.0020051559725542106,0.029691204603234954,0.9616396846672058,0.003602379612857476,0.00025603523163488656,0.6118184338328332
34,2,mlp_layers.1.conv0.bias,[64],float32,float32,0.005471076947099802,0.0008678472533181338,0.005184417201068262,0.9476045120908969,0.002765764744253829,0.0004897296678798568,0.40097016699493915
34,2,mlp_layers.1.conv0.weight,"[64, 64, 1]",float32,float32,0.0175672270262186,0.0011250145928572393,0.016836353956556235,0.9583956495483574,0.0011776403152907733,0.00019825671312551085,0.6681625217987027
34,2,mlp_layers.1.conv2.bias,[64],float32,float32,0.011396767991545148,0.0029351783800675604,0.010105338172661519,0.886684556547813,0.00312283867970109,0.0010060954154624824,0.5438273628965931
34,2,mlp_layers.1.conv2.weight,"[64, 64, 1]",float32,float32,0.021782063752168953,0.0013922383832930447,0.021073042618085795,0.9674493132445929,0.002495587606972549,0.00021467825757783346,0.532936920891757
34,2,mlp_layers.2.conv0.bias,[64],float32,float32,0.009217016573382385,0.0028090700778302643,0.007949484915316973,0.8624791820678843,0.004693337308708578,0.0006809493932564692,0.5725865686822543
34,2,mlp_layers.2.conv0.weight,"[64, 64, 1]",float32,float32,0.022524942063101926,0.0013148176835518141,0.021545757348346097,0.9565288686642249,0.0014651472156401724,0.00023454384558709322,0.75772909212467
34,2,mlp_layers.2.conv2.bias,[64],float32,float32,0.01691458909774958,0.01050674567153263,0.012128245331850578,0.7170286704430906,0.007225666660815477,0.0009823587224246921,0.7016782104673438
34,2,mlp_layers.2.conv2.weight,"[64, 64, 1]",float32,float32,0.03004565964835414,0.002675745649145557,0.02975622051020099,0.9903666905123514,0.004586995089994161,0.0002603770318969634,0.15217835996447307
34,2,mlp_layers.3.conv0.bias,[64],float32,float32,0.013587412275648053,0.008641724032954214,0.007328015862855917,0.5393238767023728,0.0032266739290207624,0.0006095952010269912,0.8754883487115389
34,2,mlp_layers.3.conv0.weight,"[64, 64, 1]",float32,float32,0.025491093817856962,0.001397083902577315,0.02476505722493415,0.9715180290767198,0.0010659455274435459,0.000289505423524369,0.5396826391166158
34,2,mlp_layers.3.conv2.bias,[64],float32,float32,0.03674678846206747,0.032349122893218986,0.006260352887024826,0.170364626380539,0.0019004615023732185,0.00063312213461586,0.9916496528480863
34,2,mlp_layers.3.conv2.weight,"[64, 64, 1]",float32,float32,0.037462397972876635,0.009106055093149485,0.036979253995007955,0.9871032287303529,0.002753400258370675,0.00039820943057782,0.17425124034343345
34,2,p.bias,[64],float32,float32,0.0044088583892285494,0.0007744777533247039,0.004717035454488311,1.069899515487429,0.0013446129523799755,0.0004770790112047507,-0.3239910291153743
34,2,p.weight,"[64, 2]",float32,float32,0.015484632746174756,0.0009167432899937272,0.015121512520413657,0.9765496391349158,0.003229676658520475,0.0009934144778238618,0.421055437234396
34,2,q.conv0.bias,[128],float32,float32,0.034688920738708294,0.030321803559800443,0.008345023312846603,0.24056739544319836,0.002791878767311573,0.0004786096428226472,0.9759620514471481
34,2,q.conv0.weight,"[128, 64, 1]",float32,float32,0.03244964604269989,0.03354486405922945,0.04795256998058816,1.4777532524542258,0.0037225536070764065,0.0003272983194342622,-0.05567727277226096
34,2,q.conv2.bias,[1],float32,float32,0.11086368560791016,0.09196958690881729,0.018894098699092865,0.17042639882923724,0.018894098699092865,0.018894098699092865,1.0
34,2,q.conv2.weight,"[1, 128, 1]",float32,float32,0.06459403533097996,0.0860964135155365,0.08632733958341647,1.3364599245282482,0.02755660773254931,0.005968212563971065,0.37154633635335194
34,2,w_layers.0.bias,[64],float32,float32,0.006731972599671927,0.0008678146553290583,0.006747555651648393,1.0023147824424041,0.0017412637680536136,0.0006921243843898139,0.046477265888213826
34,2,w_layers.0.weight,"[64, 64, 1]",float32,float32,0.037684209855351675,0.004809890718369142,0.03700376124278096,0.9819434024175491,0.0026404530799482018,0.0003878770812623042,0.20400978472229117
34,2,w_layers.1.bias,[64],float32,float32,0.011419145874336173,0.002956413937397638,0.010105338863157847,0.8849469981698871,0.0031228388543240726,0.0010060954710979786,0.5482776533489262
34,2,w_layers.1.weight,"[64, 64, 1]",float32,float32,0.03469741162382098,0.005101169050415731,0.03337865312335878,0.9619925971781473,0.004512296873144805,0.0003089892850164852,0.3271173458075483
34,2,w_layers.2.bias,[64],float32,float32,0.016918141641816348,0.010508416482529686,0.012128245083301481,0.7168780909910494,0.007225666427984834,0.0009823587070485473,0.7018561261696841
34,2,w_layers.2.weight,"[64, 64, 1]",float32,float32,0.03401525890093189,0.007386145516263836,0.035926959230213384,1.056201257642908,0.005557341442909092,0.0003355234496692063,-0.1575244693893866
34,2,w_layers.3.bias,[64],float32,float32,0.03674413792919578,0.03234625102051539,0.006260352723009369,0.17037691114356182,0.0019004615023732185,0.0006331221160849054,0.9916491289130644
34,2,w_layers.3.weight,"[64, 64, 1]",float32,float32,0.042316107634924036,0.017155971345309984,0.047247398365819496,1.1165346012785353,0.003493564552627504,0.0004730219438463315,-0.10147494839161707
35,2,conv_layers.0.weights1,"[64, 64, 16]",complex64,complex64,0.021502473659634334,0.002169860776824927,0.020459619482618003,0.9515007345887819,0.0012728602669085376,1.4644447632499854e-05,0.519410283292866
35,2,conv_layers.1.weights1,"[64, 64, 16]",complex64,complex64,0.010796612685894543,0.001773201995041816,0.010228581243232225,0.947387994810221,0.000939939811360091,7.414479493669657e-06,0.39403372583149654
35,2,conv_layers.2.weights1,"[64, 64, 16]",complex64,complex64,0.011992754698004914,0.002794799631673966,0.010903031794119758,0.9091348959162452,0.000701165699865669,8.380455448822676e-06,0.488716611403413
35,2,conv_layers.3.weights1,"[64, 64, 16]",complex64,complex64,0.015604226727728874,0.006180796740579927,0.012010249795661648,0.7696792673692255,0.0007906791870482266,8.69576519940554e-06,0.7125606602538832
35,2,mlp_layers.0.conv0.bias,[64],float32,float32,0.00619409731476434,0.0007226012516957698,0.005858168251520288,0.9457662600096179,0.002323653257917613,0.0005506866038516023,0.510612075148262
35,2,mlp_layers.0.conv0.weight,"[64, 64, 1]",float32,float32,0.02340464449268761,0.001778205660076758,0.02235537355210042,0.9551682598334267,0.002593325756606646,0.0002674097922586525,0.6148341934330525
35,2,mlp_layers.0.conv2.bias,[64],float32,float32,0.006705626547673634,0.002207809923407093,0.006571043902523979,0.9799298925771007,0.002065373584628105,0.0006778352561127576,0.22496950675338914
35,2,mlp_layers.0.conv2.weight,"[64, 64, 1]",float32,float32,0.029458019421628213,0.0022483450956475733,0.028030698715395007,0.9515472956343677,0.0041611280757933855,0.0002473216515387587,0.6576138803235693
35,2,mlp_layers.1.conv0.bias,[64],float32,float32,0.006152065752218007,0.0019675929324381317,0.005268490830138504,0.8563775229871451,0.0024225270899478346,0.000514388344438288,0.5767292403279622
35,2,mlp_layers.1.conv0.weight,"[64, 64, 1]",float32,float32,0.017338911777227746,0.0013718530099988532,0.016438332537259202,0.9480602213368817,0.0010985431654262356,0.0001971678089179897,0.678980713101028
35,2,mlp_layers.1.conv2.bias,[64],float32,float32,0.014962923419237266,0.006956772865486494,0.010828983717065204,0.7237211214449436,0.0035142932320013642,0.0010427785992419558,0.7446124872376418
35,2,mlp_layers.1.conv2.weight,"[64, 64, 1]",float32,float32,0.021063802655443734,0.0021954537432730746,0.020325565981213038,0.964952355170309,0.002410508990578819,0.00021173904000776345,0.38247885843390256
35,2,mlp_layers.2.conv0.bias,[64],float32,float32,0.012928035442789995,0.006796705630846349,0.008873967744370074,0.68641270235062,0.005109767778776586,0.0007778064896868386,0.7658187608510632
35,2,mlp_layers.2.conv0.weight,"[64, 64, 1]",float32,float32,0.021244152328579048,0.0016302080153419091,0.02020846165849855,0.9512481997840311,0.001358386238280218,0.0002203952194794745,0.6581940655253906
35,2,mlp_layers.2.conv2.bias,[64],float32,float32,0.0334516288666545,0.026207199369035136,0.013666015679885238,0.40853064986344795,0.008558168541640043,0.001024219637230317,0.9234160581129471
35,2,mlp_layers.2.conv2.weight,"[64, 64, 1]",float32,float32,0.026839226695065586,0.006466339199212966,0.02759137711187532,1.0280242953850833,0.004164255515206605,0.00024437141039226895,0.0025166624285970383
35,2,mlp_layers.3.conv0.bias,[64],float32,float32,0.029079987701716846,0.021455007530360254,0.011016155320503849,0.37882255775003193,0.005112208193168044,0.0009623848759332532,0.9493394735383445
35,2,mlp_layers.3.conv0.weight,"[64, 64, 1]",float32,float32,0.023859801745150074,0.0027229101049675245,0.023486248888822524,0.9843438407277009,0.000982196543191094,0.00027570095535228364,0.19317552549349803
35,2,mlp_layers.3.conv2.bias,[64],float32,float32,0.09308307910312753,0.08178668202183906,0.013259633914167056,0.14244945528151895,0.0035555288195610046,0.0013941857328063634,0.9968337329611295
35,2,mlp_layers.3.conv2.weight,"[64, 64, 1]",float32,float32,0.0392456282177946,0.02299619905170757,0.0350235218645333,0.892418428625206,0.00260254112072289,0.0003769267614737795,0.46670202846240794
35,2,p.bias,[64],float32,float32,0.003846671205799154,0.001709837903663102,0.004490800244574383,1.167451025656717,0.0012213645095471293,0.00045971710591174997,-0.1860113483636581
35,2,p.weight,"[64, 2]",float32,float32,0.015717193885506967,0.0015098058411400662,0.015253154723340087,0.9704756990626185,0.0031826762424316257,0.0010194133090095647,0.3508434608943636
35,2,q.conv0.bias,[128],float32,float32,0.08766175315100716,0.0773311286799813,0.012640197260580936,0.14419284130454002,0.0034043462947010994,0.0008483537407357744,0.9960869653899618
35,2,q.conv0.weight,"[128, 64, 1]",float32,float32,0.06513974473040217,0.0868498700552157,0.04341139897932618,0.6664348956078288,0.0033169640228152275,0.0002974897853936717,0.875099389816325
35,2,q.conv2.bias,[1],float32,float32,0.2734251320362091,0.235079824924469,0.03834530711174011,0.140240609289208,0.03834530711174011,0.03834530711174011,1.0
35,2,q.conv2.weight,"[1, 128, 1]",float32,float32,0.18555516520957616,0.22149245299078377,0.07514877404232273,0.4049942450130429,0.02243153750896454,0.005208133917790292,0.9470079283546797
35,2,w_layers.0.bias,[64],float32,float32,0.006698834921350597,0.0022027930824502144,0.006571049961017048,0.9809243007427647,0.002065373002551496,0.0006778343659590291,0.22187326330751914
35,2,w_layers.0.weight,"[64, 64, 1]",float32,float32,0.03689577528175041,0.010116557058948358,0.036095052537940986,0.9782977119278616,0.002825518255122006,0.0003823693265482368,0.21538727858413412
35,2,w_layers.1.bias,[64],float32,float32,0.014986770117111012,0.006976774064976911,0.010828984356868819,0.7225695911959658,0.0035142936976626515,0.0010427786553464102,0.7460442981211278
35,2,w_layers.1.weight,"[64, 64, 1]",float32,float32,0.03448722083020428,0.010505816247342493,0.032493647798419956,0.9421938624280699,0.004224642063491046,0.0003083320823041259,0.3365889938351516
35,2,w_layers.2.bias,[64],float32,float32,0.03345506849303605,0.026208873575610154,0.013666016422032481,0.408488669657848,0.008558169472962618,0.0010242196332654885,0.9234433999948923
35,2,w_layers.2.weight,"[64, 64, 1]",float32,float32,0.030253951071582928,0.018769547944392274,0.03453238321063777,1.1414173021213585,0.004613853292539716,0.00032917218392741754,0.06613683227623433
35,2,w_layers.3.bias,[64],float32,float32,0.09308014237690518,0.08178384298361985,0.013259634788144747,0.14245395902439761,0.0035555288195610046,0.001394185810113413,0.9968333766622375
35,2,w_layers.3.weight,"[64, 64, 1]",float32,float32,0.045754555588213675,0.04438324187239174,0.04535361800885303,0.9912372096241292,0.0036867224844172597,0.0004497030430738666,0.49400841279891583
36,2,conv_layers.0.weights1,"[64, 64, 16]",complex64,complex64,0.019216708729330685,0.0015522384405109264,0.01869331189733848,0.972763450840396,0.0008591765144956298,1.4872538650193003e-05,0.3729842273270447
36,2,conv_layers.1.weights1,"[64, 64, 16]",complex64,complex64,0.01193179926381402,0.0010184912499375755,0.011815762625140556,0.9902750091492594,0.0007415409127133898,8.879700164208734e-06,0.15605564905608546
36,2,conv_layers.2.weights1,"[64, 64, 16]",complex64,complex64,0.011349518724698826,0.0010315985481095839,0.011259374298680937,0.9920574230322456,0.0007844698703820541,8.97616379347733e-06,0.13248301541003799
36,2,conv_layers.3.weights1,"[64, 64, 16]",complex64,complex64,0.01139873295247049,0.0010563413113193647,0.011310233726116068,0.9922360470480852,0.0007516284265420836,8.475609289820558e-06,0.12978968834182036
36,2,mlp_layers.0.conv0.bias,[64],float32,float32,0.005348267519997511,0.00041206518328446105,0.005035483387876322,0.9415167377189586,0.001991437988181133,0.00047552142311602097,0.7753916435823174
36,2,mlp_layers.0.conv0.weight,"[64, 64, 1]",float32,float32,0.021367171873826377,0.0020891105436816847,0.02011472502976924,0.9413845289656084,0.0021466205198521493,0.00024313350087848407,0.6308276489434692
36,2,mlp_layers.0.conv2.bias,[64],float32,float32,0.007006266728597087,0.0004407545427232545,0.006782784392368249,0.9681025080994045,0.0016888067839317955,0.0006881659970403575,0.5304124624626624
36,2,mlp_layers.0.conv2.weight,"[64, 64, 1]",float32,float32,0.026044989293417222,0.0026090212844279833,0.024344453982761315,0.9347077746318863,0.003287626401288435,0.0002245384807913059,0.6805989006212788
36,2,mlp_layers.1.conv0.bias,[64],float32,float32,0.005455152607475206,0.0004022923187732637,0.005197132520584571,0.9527015822550832,0.0027908996344194748,0.00048792021784116457,0.6630793184269921
36,2,mlp_layers.1.conv0.weight,"[64, 64, 1]",float32,float32,0.016497490108688017,0.0013907415298178817,0.01556255900319607,0.9433288882531539,0.0009714591324154753,0.0001897952956737975,0.6953550885647468
36,2,mlp_layers.1.conv2.bias,[64],float32,float32,0.01026943146024683,0.0010637472004449478,0.009534408652368553,0.9284261440642002,0.002643189174705185,0.0009631394725886366,0.7180391281328973
36,2,mlp_layers.1.conv2.weight,"[64, 64, 1]",float32,float32,0.02044058107620908,0.0016158492060921292,0.019365225260929427,0.9473911328024198,0.002153445726435166,0.00020540069276114847,0.6875248421148678
36,2,mlp_layers.2.conv0.bias,[64],float32,float32,0.00780522182776231,0.0008020640058707629,0.00723765046871276,0.9272831225589564,0.004094358184374869,0.0006261241455192135,0.7332898180421809
36,2,mlp_layers.2.conv0.weight,"[64, 64, 1]",float32,float32,0.020289956906131147,0.0017307280544455593,0.018984990788275556,0.9356841355606201,0.0013847195368725806,0.0002072379065640069,0.7724012037750091
36,2,mlp_layers.2.conv2.bias,[64],float32,float32,0.012098716345701041,0.00224308485068687,0.011219733529360976,0.9273490847107604,0.006177138304337859,0.0009607621615259632,0.4703280564301967
36,2,mlp_layers.2.conv2.weight,"[64, 64, 1]",float32,float32,0.027838896452189402,0.002122832798980034,0.026142078914252073,0.9390486781381062,0.0035018063499592245,0.0002356292503675507,0.8130849316227928
36,2,mlp_layers.3.conv0.bias,[64],float32,float32,0.00737024569825324,0.0018769200891224592,0.006240847112025249,0.8467624238774482,0.002689558605197817,0.000514264703497247,0.6829568150968782
36,2,mlp_layers.3.conv0.weight,"[64, 64, 1]",float32,float32,0.023298331686725637,0.001737209747992661,0.02181786421986021,0.9364560739038267,0.0010058838743134402,0.0002563707250824582,0.8624154347011134
36,2,mlp_layers.3.conv2.bias,[64],float32,float32,0.009902340179423786,0.006743792282266984,0.004640707195615507,0.46864752286116157,0.0014044302515685558,0.00046075173929693847,0.9134482236184981
36,2,mlp_layers.3.conv2.weight,"[64, 64, 1]",float32,float32,0.03548500384554692,0.0028179257124548085,0.0336934939321297,0.9495136052058779,0.002465066994773224,0.00036190860240332273,0.6594122234704292
36,2,p.bias,[64],float32,float32,0.005101555642429673,0.0003922989788895603,0.005123805439805557,1.0043613750266356,0.001405398485076148,0.0005171904275513839,-0.018391154101926533
36,2,p.weight,"[64, 2]",float32,float32,0.015908092545311725,0.0008455456180316691,0.015413671972922892,0.9689201850579789,0.00305022019892931,0.0011178673276157625,0.6022247610643122
36,2,q.conv0.bias,[128],float32,float32,0.011315399065940585,0.006428603213772391,0.0075821887482091935,0.6700770078036067,0.002537272812332958,0.00044677916237922943,0.7689868637281885
36,2,q.conv0.weight,"[128, 64, 1]",float32,float32,0.04508536729476423,0.005454402616188361,0.04727702225563887,1.048611225601109,0.003687573072966188,0.00032206625202938974,-0.35109054422542146
36,2,q.conv2.bias,[1],float32,float32,0.033394478261470795,0.02000022865831852,0.013394249603152275,0.4010917463144205,0.013394249603152275,0.013394249603152275,1.0
36,2,q.conv2.weight,"[1, 128, 1]",float32,float32,0.07942335820037692,0.014670239075277184,0.08659156855625243,1.0902531763740189,0.027366763912141323,0.006004758861767101,-0.41831778168931455
36,2,w_layers.0.bias,[64],float32,float32,0.007003694576320296,0.0004337681264204315,0.006782792391525838,0.9684591921610438,0.0016888066675164737,0.0006881651737629113,0.5321990992028707
36,2,w_layers.0.weight,"[64, 64, 1]",float32,float32,0.03741530854742558,0.0033697536162683784,0.03633711887809992,0.9711831944948682,0.0023117451346479356,0.0003754150140485926,0.3603826029722008
36,2,w_layers.1.bias,[64],float32,float32,0.010286459268339756,0.001088322109363732,0.00953440930666274,0.9268893268268005,0.002643189553054981,0.0009631395234777074,0.7186581377770752
36,2,w_layers.1.weight,"[64, 64, 1]",float32,float32,0.031225872760059708,0.0037935223468007853,0.029389218634292145,0.9411816559978818,0.0035666412150021642,0.0002823961855312647,0.5306599942069589
36,2,w_layers.2.bias,[64],float32,float32,0.01210146094966062,0.002244580263155374,0.011219733535097273,0.9271387629781943,0.006177138478960842,0.0009607621363691976,0.4712542695596144
36,2,w_layers.2.weight,"[64, 64, 1]",float32,float32,0.03409119629840718,0.003614938773353149,0.03255918494115411,0.9550613787840397,0.005285223931423388,0.0003080563185098549,0.46729624400941533
36,2,w_layers.3.bias,[64],float32,float32,0.00990149549945318,0.006741308247126461,0.004640707146667799,0.46868749745168164,0.0014044303679838777,0.0004607517380890158,0.9134865421588906
36,2,w_layers.3.weight,"[64, 64, 1]",float32,float32,0.04503519203050569,0.004190484424351829,0.04357980495970109,0.9676833381809773,0.0036677669777418487,0.0004393123235710561,0.3882202385218954
37,2,conv_layers.0.weights1,"[64, 64, 16]",complex64,complex64,0.02047518372442796,0.002369354091123009,0.019202487382680985,0.9378420062610436,0.0008846927757986123,1.5840577261885453e-05,0.5783141793601893
37,2,conv_layers.1.weights1,"[64, 64, 16]",complex64,complex64,0.01242546458525989,0.0016098992509701621,0.01178728129196583,0.9486390799382162,0.0008971328279585578,9.366701212888798e-06,0.45101415969147984
37,2,conv_layers.2.weights1,"[64, 64, 16]",complex64,complex64,0.011220186987732313,0.0022219581892290313,0.010508698445584138,0.9365885307503264,0.0006101156322984025,9.47849636055663e-06,0.4090715575094508
37,2,conv_layers.3.weights1,"[64, 64, 16]",complex64,complex64,0.01731512172396923,0.0048774102992871745,0.014321870679326823,0.8271308113012646,0.0012534054112620652,1.1409394655350367e-05,0.7014946638168768
37,2,mlp_layers.0.conv0.bias,[64],float32,float32,0.0034395556123076898,0.0007096460972284428,0.0028197960302100487,0.8198140539202308,0.0011636677518254146,0.00024363339993271893,0.8978142505865833
37,2,mlp_layers.0.conv0.weight,"[64, 64, 1]",float32,float32,0.010143182276820187,0.002376143774776674,0.00867948837988953,0.8556967767132039,0.0007343924880842678,0.00010390888689573372,0.6886805347978583
37,2,mlp_layers.0.conv2.bias,[64],float32,float32,0.006676337813447596,0.0019901925305935747,0.004883606871192884,0.7314798932666705,0.002404541242867708,0.0003725272480643582,0.9288917606856818
37,2,mlp_layers.0.conv2.weight,"[64, 64, 1]",float32,float32,0.01103294167302852,0.0029248551116324737,0.009094187123578176,0.8242758271631323,0.0018319610098842531,8.500046596579547e-05,0.7371660970864292
37,2,mlp_layers.1.conv0.bias,[64],float32,float32,0.0054043811310955266,0.0014044838732285266,0.004309674600431269,0.7974409087535341,0.002013964462094009,0.0003755188572398538,0.8304352491383236
37,2,mlp_layers.1.conv0.weight,"[64, 64, 1]",float32,float32,0.008459043702121657,0.001555727031352462,0.00753755972228818,0.8910652300327572,0.000536710889718961,8.662840007050282e-05,0.6520117287875635
37,2,mlp_layers.1.conv2.bias,[64],float32,float32,0.011205027988742735,0.005186269965928858,0.006877399103765657,0.6137779495664909,0.002989718923345208,0.0006055742850179513,0.9047261055629022
37,2,mlp_layers.1.conv2.weight,"[64, 64, 1]",float32,float32,0.011037421258544032,0.002496813179533236,0.009438890551914015,0.8551717227071858,0.0010666312300600111,9.629852778797465e-05,0.7069735384282234
37,2,mlp_layers.2.conv0.bias,[64],float32,float32,0.009900716999767,0.005178575971416462,0.00570958237619899,0.5766837266769019,0.0036484478041529655,0.0004929665784807469,0.8995475860486061
37,2,mlp_layers.2.conv0.weight,"[64, 64, 1]",float32,float32,0.011368281863691746,0.002144192147848772,0.010094456412057296,0.8879491670854134,0.001058118650689721,9.434621128880626e-05,0.6551039867943431
37,2,mlp_layers.2.conv2.bias,[64],float32,float32,0.034549141646926705,0.020872614172547047,0.014688223115052912,0.4251400299653897,0.006994003430008888,0.0012113837829019758,0.9801031308065605
37,2,mlp_layers.2.conv2.weight,"[64, 64, 1]",float32,float32,0.020087386502034697,0.0067969105648882176,0.014567537137651018,0.7252081865490784,0.0025891125260386616,0.00012030035170607078,0.8697142668218713
37,2,mlp_layers.3.conv0.bias,[64],float32,float32,0.028149526117519037,0.01676800593145561,0.013398090690100917,0.4759615005299336,0.0050552175380289555,0.0013635130443390153,0.9470671363221874
37,2,mlp_layers.3.conv0.weight,"[64, 64, 1]",float32,float32,0.013498362986599694,0.003365288562263468,0.011018695551600318,0.816298655069431,0.000814283121144399,0.0001173982746656161,0.7938130019582196
37,2,mlp_layers.3.conv2.bias,[64],float32,float32,0.09654792750113432,0.06629304235001242,0.030924870893839634,0.320305900854022,0.007898757234215736,0.0032587730197519704,0.9967979183611899
37,2,mlp_layers.3.conv2.weight,"[64, 64, 1]",float32,float32,0.03773461162095936,0.019543549979472975,0.020851324627213265,0.5525782227908655,0.0016703135333955288,0.00022800635991934715,0.9295813667191584
37,2,p.bias,[64],float32,float32,0.004871126227334224,0.0013548913354783979,0.0037110166559166363,0.761839558805178,0.0010115570621564984,0.00037895447005098504,0.8933507954328302
37,2,p.weight,"[64, 2]",float32,float32,0.012553833257517943,0.0010711790606602195,0.011998216265116568,0.9557412480312625,0.002073529023618903,0.0009615866092005376,0.5498816442478601
37,2,q.conv0.bias,[128],float32,float32,0.09239166258390667,0.06387198046622103,0.028631829522007116,0.3098962473589514,0.006730552762746811,0.0020394103404157704,0.9994569450363334
37,2,q.conv0.weight,"[128, 64, 1]",float32,float32,0.12396311824593405,0.07485716899005798,0.05037214160223049,0.4063478098566037,0.0035563427954912186,0.00034204302806938383,0.9932131032937075
37,2,q.conv2.bias,[1],float32,float32,0.27774494886398315,0.19496937096118927,0.08277557790279388,0.29802730253550214,0.08277557790279388,0.08277557790279388,1.0
37,2,q.conv2.weight,"[1, 128, 1]",float32,float32,0.2990153602706775,0.18726150343209855,0.11334651052594281,0.37906584606000915,0.03560338914394379,0.007753051411043543,0.9967987060391061
37,2,w_layers.0.bias,[64],float32,float32,0.006678569647160047,0.001992074110227523,0.004883615262576402,0.7312367049511985,0.0024045411264523864,0.000372529660978671,0.929102959639336
37,2,w_layers.0.weight,"[64, 64, 1]",float32,float32,0.033179208325558145,0.008257391357286347,0.02689033426595044,0.8104573804805539,0.0033318308414891362,0.00024201329075853456,0.8138633143790646
37,2,w_layers.1.bias,[64],float32,float32,0.011193887313673009,0.005170822971280149,0.006877399234747713,0.6143888215086075,0.0029897193890064955,0.0006055741697394978,0.9047943187279481
37,2,w_layers.1.weight,"[64, 64, 1]",float32,float32,0.024787269887358077,0.009634199455068458,0.01815768119606764,0.7325405854933771,0.002448243787512183,0.00017311553454542328,0.7904448556743497
37,2,w_layers.2.bias,[64],float32,float32,0.03454702666633906,0.020870967150740955,0.014688223417469705,0.42516606593473333,0.006994003430008888,0.0012113837797187443,0.9800914601936661
37,2,w_layers.2.weight,"[64, 64, 1]",float32,float32,0.0384009891886168,0.018779491870206756,0.024005254688862752,0.6251207376704407,0.004817365435883403,0.00021477063162705923,0.8674001154994312
37,2,w_layers.3.bias,[64],float32,float32,0.09655108385238739,0.0662957966736028,0.030924871119375526,0.3202954320705003,0.007898757234215736,0.003258772999231496,0.9968000552319951
37,2,w_layers.3.weight,"[64, 64, 1]",float32,float32,0.07007813102041244,0.039838131912415885,0.033845758054838526,0.48297175683780574,0.004107610555365682,0.0003329789278033249,0.958614639948445
38,2,conv_layers.0.weights1,"[64, 64, 16]",complex64,complex64,0.03857605197683883,0.0032835824644470326,0.037959487739345175,0.9840169170794397,0.002336051060410682,3.0813791528292404e-05,0.2288310846746494
38,2,conv_layers.1.weights1,"[64, 64, 16]",complex64,complex64,0.017918953256227256,0.0024044169386139846,0.01715802808676368,0.957535177497093,0.001873205736046657,1.417204950710263e-05,0.3768417556483906
38,2,conv_layers.2.weights1,"[64, 64, 16]",complex64,complex64,0.020178617490159513,0.003637477971704265,0.01882009731119357,0.9326752598572002,0.0017071887850761414,1.5116636917321083e-05,0.4510384165561181
38,2,conv_layers.3.weights1,"[64, 64, 16]",complex64,complex64,0.029152734693260306,0.008475662700229933,0.023804797948619418,0.8165545427929527,0.0023265077616088092,1.7075352249433877e-05,0.7184673494966906
38,2,mlp_layers.0.conv0.bias,[64],float32,float32,0.008059098911024028,0.0010511142789907844,0.00817402488392421,1.0142603998497866,0.0027390649211156415,0.0007900230495181404,-0.04490398239034574
38,2,mlp_layers.0.conv0.weight,"[64, 64, 1]",float32,float32,0.0299054256253154,0.002541482285559728,0.0312558914813032,1.0451578878330563,0.0031438261721632443,0.0003710087816915712,-0.5008751420415475
38,2,mlp_layers.0.conv2.bias,[64],float32,float32,0.00959800237615179,0.003328674678893125,0.009567087274797182,0.996779006699204,0.004348263260908425,0.0009350408726902515,0.18267710898021086
38,2,mlp_layers.0.conv2.weight,"[64, 64, 1]",float32,float32,0.03675278770260765,0.0031431739085969494,0.03865271412974394,1.0516947569395259,0.005114355488331057,0.000362481774721533,-0.577323830103137
38,2,mlp_layers.1.conv0.bias,[64],float32,float32,0.009245643902013751,0.002519994927288576,0.008179463308008828,0.8846829268675702,0.002627863665111363,0.000794511868679848,0.5349738519721831
38,2,mlp_layers.1.conv0.weight,"[64, 64, 1]",float32,float32,0.021373188663360562,0.0017323206564507367,0.02227976547793549,1.0424165448054574,0.0014267010556068271,0.00027161414480632307,-0.49390422249403393
38,2,mlp_layers.1.conv2.bias,[64],float32,float32,0.022245252191388325,0.009154137172885823,0.017085041269875985,0.7680309093771487,0.007008315064013004,0.0015736385065849845,0.7040766625343686
38,2,mlp_layers.1.conv2.weight,"[64, 64, 1]",float32,float32,0.02699358479371503,0.0034270456732781915,0.028456582960106124,1.054197994729908,0.0029362984860199504,0.0003081420922176649,-0.3749873834115107
38,2,mlp_layers.2.conv0.bias,[64],float32,float32,0.02000206666311234,0.009151526137805052,0.014382946130260837,0.7190730024305817,0.0072388999396935105,0.0012860793130897719,0.7565277673014641
38,2,mlp_layers.2.conv0.weight,"[64, 64, 1]",float32,float32,0.02655846730096433,0.00248338297696126,0.0280030345677851,1.0543919666165493,0.0020082381061001797,0.0003003245040692007,-0.5507599022382765
38,2,mlp_layers.2.conv2.bias,[64],float32,float32,0.05525160416359739,0.036868509121468676,0.024838078719734844,0.44954493350438235,0.013614232186228037,0.0020913493206080602,0.93152039575587
38,2,mlp_layers.2.conv2.weight,"[64, 64, 1]",float32,float32,0.0327868069503943,0.010878543434200524,0.03706824124770646,1.1305840579044455,0.006265492644160986,0.0003312677790038021,-0.25336546669149906
38,2,mlp_layers.3.conv0.bias,[64],float32,float32,0.05013063534432117,0.029855043959240445,0.024637028175512343,0.4914565316456386,0.01071627251803875,0.0023874414910096675,0.9345594335976676
38,2,mlp_layers.3.conv0.weight,"[64, 64, 1]",float32,float32,0.02948063793847968,0.004821761501640025,0.032068344041161156,1.0877764622353665,0.001860737829701975,0.00036685880214486905,-0.4784475100923242
38,2,mlp_layers.3.conv2.bias,[64],float32,float32,0.1567971154788722,0.11869130614412995,0.04040536716365022,0.25769203113366385,0.011010143905878067,0.0042399049949608525,0.9951494738831804
38,2,mlp_layers.3.conv2.weight,"[64, 64, 1]",float32,float32,0.05158803317700181,0.034196449676082624,0.045890148047082795,0.8895502546032487,0.0039156939019449055,0.0004901501330501629,0.48885825177144276
38,2,p.bias,[64],float32,float32,0.005862386769092312,0.002292895536912063,0.006732719591807628,1.1484604917751053,0.0019702528879861347,0.0006765820866405647,-0.212194325096359
38,2,p.weight,"[64, 2]",float32,float32,0.03058660179766195,0.0014757810500052534,0.030853662116873706,1.0087312844028384,0.005284943155857036,0.0024870921887973907,-0.1576274025632512
38,2,q.conv0.bias,[128],float32,float32,0.14998264191053642,0.11507167238962009,0.03630151319162285,0.24203809673706403,0.0070649683475494385,0.0026959741800425263,0.997131192948275
38,2,q.conv0.weight,"[128, 64, 1]",float32,float32,0.1196115424777208,0.13103608811845768,0.04622775007842951,0.38648235045576834,0.0029214625246822834,0.00033321813407792555,0.9359908835886781
38,2,q.conv2.bias,[1],float32,float32,0.4684068560600281,0.3527193069458008,0.1156875491142273,0.2469809047786472,0.1156875491142273,0.1156875491142273,1.0
38,2,q.conv2.weight,"[1, 128, 1]",float32,float32,0.3321640756714225,0.3298972205827739,0.08454898541907878,0.25453982417627496,0.022778226528316736,0.005999833293969914,0.9674055851651765
38,2,w_layers.0.bias,[64],float32,float32,0.009604941381495298,0.003330745702791514,0.009567080557997806,0.9960581931743557,0.004348265792941675,0.0009350430832242296,0.18473175941211756
38,2,w_layers.0.weight,"[64, 64, 1]",float32,float32,0.062493855056843815,0.013584651482292128,0.06265974879510848,1.0026545608062387,0.006725948449457064,0.0006351989119979459,0.09645983851543033
38,2,w_layers.1.bias,[64],float32,float32,0.022224045130229575,0.009137102959488864,0.017085040413622583,0.768763756260699,0.007008313899859786,0.0015736384450804053,0.7029731665877073
38,2,w_layers.1.weight,"[64, 64, 1]",float32,float32,0.050342339429858204,0.014712766353051096,0.04975068887211028,0.9882474560290893,0.009779845597222447,0.00046435837114519596,0.18610427033539703
38,2,w_layers.2.bias,[64],float32,float32,0.05524802045685874,0.036866851438924965,0.02483807890271886,0.44957409690568106,0.013614232186228037,0.0020913493484329138,0.9314954900169576
38,2,w_layers.2.weight,"[64, 64, 1]",float32,float32,0.04362102765397008,0.029958709749318132,0.045152865424365085,1.0351169574120658,0.005217645026277751,0.0004446501047543419,0.29136814216937257
38,2,w_layers.3.bias,[64],float32,float32,0.15679999496556063,0.11869400370377037,0.04040536718538931,0.25768729899681375,0.011010143905878067,0.004239904937662686,0.9951500456373777
38,2,w_layers.3.weight,"[64, 64, 1]",float32,float32,0.07593350193125369,0.06786343012440692,0.058476611584721096,0.7701029202849466,0.006183002784382552,0.0005699475853001845,0.6745276727184537
39,2,conv_layers.0.weights1,"[64, 64, 16]",complex64,complex64,0.05322416738395291,0.003244871667004041,0.05369528436279649,1.0088515612737536,0.003211854495930311,4.2132539726850475e-05,-0.11534767438092268
39,2,conv_layers.1.weights1,"[64, 64, 16]",complex64,complex64,0.027268920957015136,0.00223824092793304,0.02719410349790964,0.9972563102433194,0.0026401970826555043,2.2945266779826852e-05,0.0744211897856878
39,2,conv_layers.2.weights1,"[64, 64, 16]",complex64,complex64,0.028365150147804583,0.0031855333133062455,0.027632854637253866,0.9741832669055202,0.0022330708452500403,2.4123972238556938e-05,0.2830664467006879
39,2,conv_layers.3.weights1,"[64, 64, 16]",complex64,complex64,0.03166885787408368,0.007271042800693472,0.028681403601339712,0.9056658663024042,0.002014632511418313,2.4308771255283896e-05,0.506288582834726
39,2,mlp_layers.0.conv0.bias,[64],float32,float32,0.014524992815614948,0.000978908400378868,0.014952629449695483,1.0294414351531251,0.0053327328350860626,0.0014690703872255462,-0.40958388326998696
39,2,mlp_layers.0.conv0.weight,"[64, 64, 1]",float32,float32,0.0578540599394358,0.002781751269044257,0.05938754007152497,1.0265060072481427,0.005956423512543552,0.0007090269605088666,-0.5345290885637047
39,2,mlp_layers.0.conv2.bias,[64],float32,float32,0.018196802319365428,0.0028955365178140705,0.019438052453961636,1.0682125415670007,0.006443820733693428,0.0019773442507045047,-0.3637359695594976
39,2,mlp_layers.0.conv2.weight,"[64, 64, 1]",float32,float32,0.06998021057631663,0.0034425162773489637,0.07205358536232384,1.0296280158195021,0.008049955824390054,0.0006811260671054226,-0.5866105660950639
39,2,mlp_layers.1.conv0.bias,[64],float32,float32,0.014868440180868229,0.0021465058260837825,0.014958712111361093,1.0060713786647923,0.007221108651719987,0.0014591998449411392,0.030000329537508502
39,2,mlp_layers.1.conv0.weight,"[64, 64, 1]",float32,float32,0.045288271186405694,0.0018473775929923788,0.04630539999921846,1.0224589896272764,0.0032784512659418397,0.0005591114797427604,-0.5363667859524686
39,2,mlp_layers.1.conv2.bias,[64],float32,float32,0.029725803705157105,0.007745139662826994,0.02831980476551497,0.9527010622290354,0.009218338411301374,0.0028515551852024146,0.30751627513790514
39,2,mlp_layers.1.conv2.weight,"[64, 64, 1]",float32,float32,0.058010829341389014,0.003253611633302383,0.05966221894575354,1.028466919420273,0.0072280336753465235,0.0006327009428701638,-0.48673698132015375
39,2,mlp_layers.2.conv0.bias,[64],float32,float32,0.02402746635326014,0.007759494393509764,0.021740578530949267,0.9048219321717798,0.011254611541517079,0.001942352056410357,0.4421670828239974
39,2,mlp_layers.2.conv0.weight,"[64, 64, 1]",float32,float32,0.054189896802003916,0.002582875206192456,0.05582302481822671,1.0301371309524694,0.0034380081178824184,0.000610920239659158,-0.6179867267197398
39,2,mlp_layers.2.conv2.bias,[64],float32,float32,0.04675569242078425,0.03137852323224784,0.03371286290600818,0.7210429609854702,0.018519995734095573,0.002822436007477336,0.6932435715392736
39,2,mlp_layers.2.conv2.weight,"[64, 64, 1]",float32,float32,0.07191580910437566,0.009663569500207329,0.07764831736692823,1.0797113782622212,0.011104516161140054,0.0007179615140378371,-0.5496641937674491
39,2,mlp_layers.3.conv0.bias,[64],float32,float32,0.041098141947744776,0.02535266050399358,0.02311403897251834,0.5624108019751171,0.010943818371742964,0.002016876726993466,0.8625944766227173
39,2,mlp_layers.3.conv0.weight,"[64, 64, 1]",float32,float32,0.061646452912181744,0.004443059488666571,0.06461713469033993,1.048189013930616,0.0032715261331759393,0.0007525500874712154,-0.6486850008961109
39,2,mlp_layers.3.conv2.bias,[64],float32,float32,0.11006496997431592,0.10131375517752324,0.018087701314289256,0.16433658518700445,0.005484268069267273,0.0018663963194285316,0.9887642796989267
39,2,mlp_layers.3.conv2.weight,"[64, 64, 1]",float32,float32,0.0902414738456799,0.029433973947006566,0.09870431498262885,1.0937799525683842,0.007246805267641321,0.0010645656052974614,-0.13791675584852928
39,2,p.bias,[64],float32,float32,0.014217539948587352,0.001983847769531696,0.015448475899610362,1.0865786876966232,0.004152006600634195,0.0015530221975836866,-0.577571548823964
39,2,p.weight,"[64, 2]",float32,float32,0.048524138999939806,0.0014321663112307687,0.04922055281977728,1.0143519047259826,0.008103558167931624,0.00396137783149797,-0.4749981909154286
39,2,q.conv0.bias,[128],float32,float32,0.10633168124337411,0.09852356085464323,0.023210400010127575,0.21828301536024,0.007819307502359152,0.0013775379064071558,0.9771979808922654
39,2,q.conv0.weight,"[128, 64, 1]",float32,float32,0.07794413554274582,0.11260690149121685,0.1370581123076611,1.7584146819165918,0.009960589231923223,0.0009823481414298289,-0.0016704717657373984
39,2,q.conv2.bias,[1],float32,float32,0.34197092056274414,0.30230146646499634,0.0396694540977478,0.11600241924801126,0.0396694540977478,0.0396694540977478,1.0
39,2,q.conv2.weight,"[1, 128, 1]",float32,float32,0.1819695850131538,0.28290484616981293,0.2616464032220924,1.4378578881914752,0.08205156051553786,0.01835449108757814,0.4340440394208475
39,2,w_layers.0.bias,[64],float32,float32,0.01820107782180841,0.0028974152123043954,0.01943804271550634,1.0679610793277203,0.006443823949666694,0.0019773460296654832,-0.36183250627094177
39,2,w_layers.0.weight,"[64, 64, 1]",float32,float32,0.10692767257269195,0.012021867782217862,0.11172138342489024,1.0448313400718547,0.01004825546988286,0.0011394287705252457,-0.3514725381486736
39,2,w_layers.1.bias,[64],float32,float32,0.029706457341787323,0.007728735570860483,0.02831980399027386,0.9533214837582503,0.009218336665071547,0.0028515551509542547,0.30531298296208426
39,2,w_layers.1.weight,"[64, 64, 1]",float32,float32,0.08385781319847997,0.013009610064001503,0.08731509346201426,1.0412278848167835,0.013389317318797112,0.0008222564100414526,-0.1936568459318278
39,2,w_layers.2.bias,[64],float32,float32,0.046751369375633005,0.03137680363263022,0.03371286301456451,0.7211096373176138,0.01851999619975686,0.002822436001110873,0.693171101509913
39,2,w_layers.2.weight,"[64, 64, 1]",float32,float32,0.0766686793096335,0.026139478172857472,0.08965546742186734,1.1693884416579747,0.011108472244814038,0.00088172082415644,-0.36843456119262075
39,2,w_layers.3.bias,[64],float32,float32,0.11006748035889241,0.10131643802467247,0.01808770276668904,0.16433285024524252,0.005484269931912422,0.001866396422087746,0.9887646957796244
39,2,w_layers.3.weight,"[64, 64, 1]",float32,float32,0.0962687302385806,0.058648889355757516,0.12028607896444712,1.2494823466181062,0.010220936208497733,0.0012211225697069117,-0.15598328624554558
40,2,conv_layers.0.weights1,"[64, 64, 16]",complex64,complex64,0.05469473576776693,0.0027188081161142806,0.05559272105639663,1.0164181301184547,0.0033180926293425728,4.049186250759487e-05,-0.3081433359648199
40,2,conv_layers.1.weights1,"[64, 64, 16]",complex64,complex64,0.03160036291030153,0.0018429429708068672,0.03181150413185698,1.0066816074914957,0.0025782236916711554,2.592159616014682e-05,-0.08579001221097632
40,2,conv_layers.2.weights1,"[64, 64, 16]",complex64,complex64,0.030141229520078656,0.0023771321994666183,0.029852397143193453,0.9904173657981405,0.00214167038211599,2.600704150026483e-05,0.16035561473643864
40,2,conv_layers.3.weights1,"[64, 64, 16]",complex64,complex64,0.03163164267897579,0.005072676449700614,0.030257363844652822,0.9565536684809484,0.0018650386482477188,2.576949744659683e-05,0.34521627831238105
40,2,mlp_layers.0.conv0.bias,[64],float32,float32,0.01687724892410687,0.000791848443889839,0.017321189936758647,1.026304110026941,0.006433564267354086,0.0016855438188372318,-0.5445533682238639
40,2,mlp_layers.0.conv0.weight,"[64, 64, 1]",float32,float32,0.06638956107805578,0.002668469954712091,0.0678684799416025,1.022276376579865,0.006462090408604126,0.0008099467345013545,-0.5402957367323865
40,2,mlp_layers.0.conv2.bias,[64],float32,float32,0.02104266924416944,0.0020881450992899287,0.022160749058393405,1.0531339347328175,0.006403060404409189,0.002255356962962196,-0.50004976423638
40,2,mlp_layers.0.conv2.weight,"[64, 64, 1]",float32,float32,0.08153632716037165,0.0032773409468755945,0.0834208369662088,1.023112517714105,0.009817697544349357,0.0007862631096957826,-0.5615593844929839
40,2,mlp_layers.1.conv0.bias,[64],float32,float32,0.01687264537376703,0.0014987434962950301,0.017204455939343857,1.0196655923375664,0.00870458729332313,0.0016561531857313128,-0.1791559928203758
40,2,mlp_layers.1.conv0.weight,"[64, 64, 1]",float32,float32,0.055030743613103575,0.0017658330089210803,0.05605870941553157,1.0186798457541326,0.004295191625715233,0.0006603576228757617,-0.5715352411221796
40,2,mlp_layers.1.conv2.bias,[64],float32,float32,0.03160656334553647,0.005286330326344612,0.031406586775481825,0.9936729416650454,0.009289992274716496,0.003198648676757898,0.12133642088323718
40,2,mlp_layers.1.conv2.weight,"[64, 64, 1]",float32,float32,0.07179816673467977,0.0027089760034353857,0.07332416171594049,1.0212539546712915,0.009429228557564784,0.000753101758082235,-0.5504317030008581
40,2,mlp_layers.2.conv0.bias,[64],float32,float32,0.024940766664439857,0.005301206070443512,0.024108397618284337,0.9666261644096812,0.012119656661525369,0.0021400696270177377,0.2606708605725936
40,2,mlp_layers.2.conv0.weight,"[64, 64, 1]",float32,float32,0.06411307798620229,0.0023429216147840704,0.06569801909866448,1.0247210266960398,0.004099113677511923,0.0007267574606754507,-0.6665704958398887
40,2,mlp_layers.2.conv2.bias,[64],float32,float32,0.04226931190480637,0.021446366729460216,0.037525396809376894,0.8877692850521643,0.01959684630855918,0.0032193323523301842,0.4624735483456176
40,2,mlp_layers.2.conv2.weight,"[64, 64, 1]",float32,float32,0.08855257030743441,0.007136999518282135,0.09327640097804916,1.0533449300705184,0.012368679366772994,0.0008601224241191622,-0.639234932456777
40,2,mlp_layers.3.conv0.bias,[64],float32,float32,0.03429638428679538,0.01728257252298141,0.023996982315145816,0.6996942334934418,0.010655489517375827,0.0020790333836586683,0.7584182588093813
40,2,mlp_layers.3.conv0.weight,"[64, 64, 1]",float32,float32,0.07416847812609886,0.0035567709650915235,0.07683118297296006,1.0359007615382663,0.0036303543383837678,0.0009048733202449977,-0.7380903760331291
40,2,mlp_layers.3.conv2.bias,[64],float32,float32,0.07691048018928406,0.06923559718484475,0.01711922713928212,0.22258640301230811,0.005386115051805973,0.001781266836701434,0.9780125244922526
40,2,mlp_layers.3.conv2.weight,"[64, 64, 1]",float32,float32,0.11167210271785145,0.02046267438530135,0.1198931966017514,1.0736181524643733,0.008302893562358804,0.0012917298946381606,-0.32492945714849447
40,2,p.bias,[64],float32,float32,0.01710967706172951,0.001428465195193106,0.01804550758552095,1.05469597821251,0.004813323088455945,0.0018070435904462556,-0.6313022101325707
40,2,p.weight,"[64, 2]",float32,float32,0.04797246470197957,0.0010474661137307676,0.04878459603587659,1.0169291142104588,0.009466171948588453,0.003599717847549755,-0.7709749100279905
40,2,q.conv0.bias,[128],float32,float32,0.07604826859471879,0.06735758593996677,0.026107917937692838,0.3433071971280345,0.008585831616073847,0.0015765167331238672,0.9408390475000827
40,2,q.conv0.weight,"[128, 64, 1]",float32,float32,0.10365393731861487,0.07774787643746918,0.1595294742160673,1.539058508946943,0.01173394313082099,0.0011357317409165617,-0.5373444638229051
40,2,q.conv2.bias,[1],float32,float32,0.24740472435951233,0.20659849047660828,0.04080623388290405,0.16493716515941348,0.04080623388290405,0.04080623388290405,1.0
40,2,q.conv2.weight,"[1, 128, 1]",float32,float32,0.1919553520781549,0.1949613927356801,0.3059743313338058,1.5939869767696184,0.09588982537388802,0.021278734841162716,-0.2506887071882659
40,2,w_layers.0.bias,[64],float32,float32,0.02104570135221423,0.0020899279927046404,0.02216073980297503,1.0529817672549784,0.006403064326150343,0.00225535877516414,-0.49801113829238763
40,2,w_layers.0.weight,"[64, 64, 1]",float32,float32,0.11215338468327368,0.008211093186987968,0.1165314524792364,1.0390364304057926,0.009835976070462493,0.0012011319292738049,-0.5069897656362502
40,2,w_layers.1.bias,[64],float32,float32,0.031588696653205864,0.005270742199196102,0.03140658597505741,0.9942349416898157,0.009289990761317313,0.0031986486584116847,0.11787930669141305
40,2,w_layers.1.weight,"[64, 64, 1]",float32,float32,0.09307679176433506,0.00904697043898944,0.09653952142445144,1.0372029331316426,0.013871491886675358,0.0009001546904714997,-0.3412704089585595
40,2,w_layers.2.bias,[64],float32,float32,0.04226506556423614,0.021444599218257886,0.0375253975189221,0.8878584953781627,0.01959684630855918,0.0032193324383911204,0.46231825947649574
40,2,w_layers.2.weight,"[64, 64, 1]",float32,float32,0.09228430746536385,0.01821995142332153,0.10267599550450904,1.1126051473382448,0.014908812940120697,0.0009749617056065973,-0.5037422096787021
40,2,w_layers.3.bias,[64],float32,float32,0.07691267568832504,0.06923829261885564,0.01711922790887588,0.22258005921219687,0.005386116914451122,0.0017812668929195752,0.9780132851141278
40,2,w_layers.3.weight,"[64, 64, 1]",float32,float32,0.11180576169730669,0.04049039918365502,0.13370947839917316,1.195908657741331,0.010400548533652909,0.0013520160215532984,-0.41287545374830203
41,2,conv_layers.0.weights1,"[64, 64, 16]",complex64,complex64,0.03138720346995793,0.0027001391982808837,0.03270079934977955,1.0418513194741583,0.0019880026957252994,2.5724327338490433e-05,-0.45365869921158575
41,2,conv_layers.1.weights1,"[64, 64, 16]",complex64,complex64,0.01992195690588642,0.0015959073440327686,0.02024750019492425,1.016340929286,0.0015324816704378463,1.6798026395408724e-05,-0.1655990170321623
41,2,conv_layers.2.weights1,"[64, 64, 16]",complex64,complex64,0.016845030324111276,0.0015772543381498054,0.017145238709520925,1.017821777677654,0.0008622983077657409,1.5855626942385048e-05,-0.14521552200691454
41,2,conv_layers.3.weights1,"[64, 64, 16]",complex64,complex64,0.01731183808352034,0.0016732779465339171,0.017529883929499463,1.0125951874623116,0.000918453079975734,1.5356418676629942e-05,-0.08280367429075705
41,2,mlp_layers.0.conv0.bias,[64],float32,float32,0.009971272051331097,0.0007696382967098079,0.010470099940491952,1.0500265048022899,0.00464856129110558,0.0009704471201317233,-0.6257520117992953
41,2,mlp_layers.0.conv0.weight,"[64, 64, 1]",float32,float32,0.03841974519981856,0.00357248481198515,0.040235053824723976,1.0472493665812752,0.003392614104086533,0.00048063356503282376,-0.473647867504054
41,2,mlp_layers.0.conv2.bias,[64],float32,float32,0.013794204582356426,0.0008336421697120994,0.0141833164230847,1.0282083565170528,0.004397002689074725,0.0013906804582077825,-0.44312739263345574
41,2,mlp_layers.0.conv2.weight,"[64, 64, 1]",float32,float32,0.048404324937603174,0.0044150353765076145,0.05042168222557136,1.0416772115005986,0.005536602810025215,0.0004735332652327784,-0.4208448737813066
41,2,mlp_layers.1.conv0.bias,[64],float32,float32,0.010803106738857735,0.0006826510245177957,0.011188808839882856,1.0357028871739078,0.006076720615965314,0.0010172822049661079,-0.5434973101408607
41,2,mlp_layers.1.conv0.weight,"[64, 64, 1]",float32,float32,0.03261159476068733,0.0024301602273466513,0.03412960956450538,1.0465483155594704,0.002649604641192127,0.000396354661780951,-0.6019354662018889
41,2,mlp_layers.1.conv2.bias,[64],float32,float32,0.018076626755585988,0.00188412703342903,0.01918265968947085,1.0611858035705184,0.005717187946174818,0.001956105304756761,-0.552870576218698
41,2,mlp_layers.1.conv2.weight,"[64, 64, 1]",float32,float32,0.04364286292663319,0.002777023131480449,0.04529733846360746,1.0379094180818422,0.0056909373379312456,0.00046648478123601997,-0.5752504352781426
41,2,mlp_layers.2.conv0.bias,[64],float32,float32,0.01353565808215949,0.001401306770842828,0.01437652062747321,1.0621220291034101,0.007303499849513173,0.0012579964796621823,-0.566930829501644
41,2,mlp_layers.2.conv0.weight,"[64, 64, 1]",float32,float32,0.038343213893606745,0.0030737421464221955,0.040611145682077895,1.059148192291969,0.0028480423643486574,0.00045042503213703865,-0.7195796242862691
41,2,mlp_layers.2.conv2.bias,[64],float32,float32,0.023413954087271253,0.003959046429369424,0.023706358447553318,1.0124884656044075,0.01032307802233845,0.002082993586711268,0.010226141036892447
41,2,mlp_layers.2.conv2.weight,"[64, 64, 1]",float32,float32,0.05704582724636723,0.0038112814380269104,0.05990856515244609,1.0501831254670981,0.00873972981935367,0.0005473040992217165,-0.7365635422470356
41,2,mlp_layers.3.conv0.bias,[64],float32,float32,0.012739341995062027,0.0033509450942234838,0.01328795863582877,1.0430647549127259,0.005736037710448727,0.0011375996732141402,-0.035725701763589156
41,2,mlp_layers.3.conv0.weight,"[64, 64, 1]",float32,float32,0.04529091844458648,0.00337302819272733,0.04817367161093854,1.0636496954655295,0.0022282622812781483,0.000565236145445177,-0.8446101038455666
41,2,mlp_layers.3.conv2.bias,[64],float32,float32,0.01812153642780913,0.012288937877982105,0.00935513500209149,0.5162440303756581,0.002891282318159938,0.000890019614303128,0.8798817200703057
41,2,mlp_layers.3.conv2.weight,"[64, 64, 1]",float32,float32,0.0737632753879554,0.005122329276199198,0.07672456980142049,1.040145918112913,0.005596770846750587,0.000820467804628737,-0.5549978782789288
41,2,p.bias,[64],float32,float32,0.011704006425555372,0.0004912496189666568,0.011771326642431773,1.005751895071538,0.0031488487220485695,0.0011665642261817766,-0.11644644476578253
41,2,p.weight,"[64, 2]",float32,float32,0.026974233229721076,0.0015652038000779811,0.02824717270413792,1.0471909419473053,0.006036704464349896,0.0019104211389340264,-0.803450586833423
41,2,q.conv0.bias,[128],float32,float32,0.02181303020155015,0.011926368737384348,0.016214899992305968,0.7433584349575444,0.004503760952502489,0.0010359963142612116,0.6825355496033455
41,2,q.conv0.weight,"[128, 64, 1]",float32,float32,0.10988778424666061,0.009692888130370635,0.10485815954264688,0.9542294465349858,0.00776078479248099,0.0007366238134520137,0.5511268975248745
41,2,q.conv2.bias,[1],float32,float32,0.0329180508852005,0.03745249658823013,0.004534445703029633,0.13774951982555736,0.004534445703029633,0.004534445703029633,1.0
41,2,q.conv2.weight,"[1, 128, 1]",float32,float32,0.22056897830762373,0.02626468821304069,0.20394711236525276,0.9246409623424526,0.06538171553984284,0.014000006128735976,0.6685524605968803
41,2,w_layers.0.bias,[64],float32,float32,0.013795816855709511,0.0008302111390865104,0.01418330662120853,1.0280874825718387,0.004397002732730471,0.0013906822943425823,-0.4432018994705959
41,2,w_layers.0.weight,"[64, 64, 1]",float32,float32,0.06743971228219446,0.005622989429818129,0.07002895186868395,1.0383933960995428,0.005101814982481301,0.000712882745690549,-0.4276244184448524
41,2,w_layers.1.bias,[64],float32,float32,0.018064338162849386,0.001907216388366446,0.01918265878602657,1.061907644392812,0.005717188061680645,0.001956105298763333,-0.5517233606901573
41,2,w_layers.1.weight,"[64, 64, 1]",float32,float32,0.05557189323106045,0.00644299999933417,0.059119195988061826,1.063832677829639,0.009406950033735484,0.0005517005938509359,-0.5101690628208939
41,2,w_layers.2.bias,[64],float32,float32,0.023412728281779014,0.003960846810603467,0.023706358636149075,1.0125414838815936,0.010323078255169094,0.0020829936107276126,0.009989371049491005
41,2,w_layers.2.weight,"[64, 64, 1]",float32,float32,0.0635315750047624,0.00631693925988196,0.06695684027761008,1.0539143767896657,0.010667648995877244,0.0006196945892311435,-0.5071371256959931
41,2,w_layers.3.bias,[64],float32,float32,0.018117105490578708,0.012286538270015475,0.009355134983932702,0.5163702882227835,0.002891282085329294,0.0008900195932000088,0.879775661204976
41,2,w_layers.3.weight,"[64, 64, 1]",float32,float32,0.08309942135306209,0.00786708821571737,0.08623542294980456,1.0377379474571626,0.006971155555220321,0.0008752496701060833,-0.35880911799059595
42,2,conv_layers.0.weights1,"[64, 64, 16]",complex64,complex64,0.01950477122074204,0.00422886464745108,0.01848807345072573,0.9478744068048786,0.0011657138329610461,1.4606173990085721e-05,0.34255853319957197
42,2,conv_layers.1.weights1,"[64, 64, 16]",complex64,complex64,0.010133148361663642,0.0025363444345362276,0.00913808075009609,0.901800745824254,0.0007495033059967682,7.029533820477037e-06,0.4982114531703924
42,2,conv_layers.2.weights1,"[64, 64, 16]",complex64,complex64,0.01006301685641948,0.0029047687971177774,0.00898994917986767,0.8933652112619418,0.0008187570711015724,7.436020968885407e-06,0.4940484975744486
42,2,conv_layers.3.weights1,"[64, 64, 16]",complex64,complex64,0.01671147942483643,0.005754292257779708,0.012983919321921954,0.7769461333641943,0.0013952534645795822,9.082866436524483e-06,0.7477078334896697
42,2,mlp_layers.0.conv0.bias,[64],float32,float32,0.0028082488836675985,0.0012352685466518521,0.0026905744316835724,0.9580968579144089,0.0012747038272209466,0.00025174190641763516,0.31320208077683553
42,2,mlp_layers.0.conv0.weight,"[64, 64, 1]",float32,float32,0.007080947041572794,0.004686056990531499,0.008213825494222109,1.1599896801936376,0.0010076089420181233,9.135502371638432e-05,0.06979764281915231
42,2,mlp_layers.0.conv2.bias,[64],float32,float32,0.005231444282221116,0.0026595580830372717,0.00375991708563183,0.7187149251325832,0.0015998358430806547,0.0003320147423835351,0.7296701110056897
42,2,mlp_layers.0.conv2.weight,"[64, 64, 1]",float32,float32,0.006744479286613452,0.005750742826793539,0.009299046122516147,1.378764130979398,0.002042752836132422,7.775228211162263e-05,-0.10201184251599461
42,2,mlp_layers.1.conv0.bias,[64],float32,float32,0.004597306492293214,0.0017611237358345858,0.003369462277243104,0.732920957715473,0.0008667943475302309,0.00035783990857751746,0.7956293567328618
42,2,mlp_layers.1.conv0.weight,"[64, 64, 1]",float32,float32,0.0037172990754009427,0.003132454567089374,0.0045291633196697465,1.2184016480248465,0.00034123120713047683,5.2066585816206226e-05,0.1338539698009507
42,2,mlp_layers.1.conv2.bias,[64],float32,float32,0.011238227802954998,0.0058761414381225275,0.0069567291179202925,0.6190236788126932,0.0024577000876888633,0.0006738585207557435,0.8512653053292625
42,2,mlp_layers.1.conv2.weight,"[64, 64, 1]",float32,float32,0.004441200045647086,0.00423234073648548,0.005779221199608475,1.3012746870686025,0.0006180302589200437,6.010490128669638e-05,0.11272123889820086
42,2,mlp_layers.2.conv0.bias,[64],float32,float32,0.010300607732406623,0.005854070444162453,0.005909006505590678,0.5736561044840511,0.0022052371641620994,0.0005798228609066314,0.8744233611176686
42,2,mlp_layers.2.conv0.weight,"[64, 64, 1]",float32,float32,0.006762443131703301,0.004096967626243604,0.007993945375564668,1.1821090721026413,0.0007180337706813589,8.300475842993454e-05,-0.025038012262053017
42,2,mlp_layers.2.conv2.bias,[64],float32,float32,0.034268276086617006,0.023500436234975282,0.012792655384438365,0.37330898560824766,0.005135868210345507,0.0012202998344150728,0.9703809106552866
42,2,mlp_layers.2.conv2.weight,"[64, 64, 1]",float32,float32,0.010076526005524257,0.009378838066441714,0.009348808645474566,0.9277809277075518,0.0019593597389757633,8.27856255602305e-05,0.5401701614634484
42,2,mlp_layers.3.conv0.bias,[64],float32,float32,0.029357466783604107,0.018771885182620296,0.013332290967581952,0.4541362872299296,0.005063032498583198,0.0013669920675170033,0.9403955351399835
42,2,mlp_layers.3.conv0.weight,"[64, 64, 1]",float32,float32,0.007026032994339022,0.005483409967706727,0.009101153038633437,1.2953473241538105,0.0006481347700173501,9.473533238530535e-05,-0.044100185508947884
42,2,mlp_layers.3.conv2.bias,[64],float32,float32,0.09876202992241817,0.07514407349752004,0.025016548822400092,0.25330128230506876,0.006610870361328125,0.002628087331288498,0.9954173052738471
42,2,mlp_layers.3.conv2.weight,"[64, 64, 1]",float32,float32,0.027660083751655032,0.023426441958164977,0.010851666038713388,0.392322240819827,0.0010929300965472066,0.00011288291808171994,0.9229641796050115
42,2,p.bias,[64],float32,float32,0.0035948689208638155,0.0018534965732451068,0.0030155872056727463,0.8388587378446408,0.0013803775509586558,0.00025390562849025855,0.545150961312942
42,2,p.weight,"[64, 2]",float32,float32,0.01009180546449343,0.0019460510919005595,0.010234214587573884,1.0141113622910687,0.002442094064463163,0.0006847340615507846,0.022722554069963048
42,2,q.conv0.bias,[128],float32,float32,0.09538501759262925,0.07293329477148083,0.022622929735154167,0.2371748761610788,0.005024664103984833,0.0016785661794997964,0.9994453516902186
42,2,q.conv0.weight,"[128, 64, 1]",float32,float32,0.10049550806283462,0.08717120041112843,0.019143447330758064,0.1904905771389171,0.0017413669265806675,0.0001384316561259917,0.9892164596087927
42,2,q.conv2.bias,[1],float32,float32,0.29358619451522827,0.22303162515163422,0.07055456936359406,0.24031977893270592,0.07055456936359406,0.07055456936359406,1.0
42,2,q.conv2.weight,"[1, 128, 1]",float32,float32,0.25946943250502297,0.21680404183708715,0.04851392214515995,0.18697355475281577,0.015422847121953964,0.0033014570033174095,0.995260204826773
42,2,w_layers.0.bias,[64],float32,float32,0.005233867621383998,0.0026607642372019572,0.003759917017685479,0.7183821391132624,0.0015998207964003086,0.0003320194020872691,0.7301426262727675
42,2,w_layers.0.weight,"[64, 64, 1]",float32,float32,0.02508192301758848,0.010899665577137826,0.021113320643898502,0.8417743978040667,0.002081377439026255,0.00020127402834828334,0.5525792112389062
42,2,w_layers.1.bias,[64],float32,float32,0.011217290293541954,0.005863464669804852,0.006956727716214198,0.6201789856699477,0.0024576999130658805,0.0006738584981746953,0.8499927316538467
42,2,w_layers.1.weight,"[64, 64, 1]",float32,float32,0.018472477833950087,0.01210893593326352,0.01688547319661161,0.9140881558173121,0.002986133607919328,0.00015673909397962565,0.45318692565245716
42,2,w_layers.2.bias,[64],float32,float32,0.034265240594363054,0.02349855443033262,0.012792655823727378,0.3733420691589099,0.005135868676006794,0.001220299866339758,0.9703604800107806
42,2,w_layers.2.weight,"[64, 64, 1]",float32,float32,0.023554752950968642,0.02245352745045679,0.017221578571233038,0.7311296623268059,0.0026232946547679603,0.00016110428440998387,0.7207627453288431
42,2,w_layers.3.bias,[64],float32,float32,0.09876494209511781,0.07514681843987704,0.02501654898848241,0.2532938151716796,0.006610870361328125,0.0026280873472614985,0.9954181393934131
42,2,w_layers.3.weight,"[64, 64, 1]",float32,float32,0.05110747699388313,0.04650257021346394,0.020999163757966132,0.41088241864256864,0.0021676953765563667,0.00021504930090576746,0.9116901069787589
43,2,conv_layers.0.weights1,"[64, 64, 16]",complex64,complex64,0.0568730421991782,0.009991882351994177,0.05003938496110434,0.8798436486984231,0.0032120132818818092,3.286847807943746e-05,0.7306759341679532
43,2,conv_layers.1.weights1,"[64, 64, 16]",complex64,complex64,0.03161086095123678,0.006976620261874711,0.027357336185588343,0.8654410339468461,0.002669546753168106,1.66611100307013e-05,0.6790152079739151
43,2,conv_layers.2.weights1,"[64, 64, 16]",complex64,complex64,0.027761939582855038,0.009723135357149304,0.02214066605425585,0.7975187031935361,0.002075454918667674,1.4569517276411347e-05,0.6947194737015954
43,2,conv_layers.3.weights1,"[64, 64, 16]",complex64,complex64,0.05318101316570172,0.02216906936499636,0.037140022181984665,0.6983699627207846,0.004003205103799701,2.036694873625668e-05,0.8228795792846966
43,2,mlp_layers.0.conv0.bias,[64],float32,float32,0.009970971818265686,0.0027907718232731455,0.008251183742738765,0.8275205158662202,0.0035559333628043532,0.0007634259772402174,0.7030413791159559
43,2,mlp_layers.0.conv0.weight,"[64, 64, 1]",float32,float32,0.02560180461217401,0.004776394013956307,0.025111873334866103,0.9808634084694585,0.0026476950151845813,0.0002847439127549173,0.19487438017901376
43,2,mlp_layers.0.conv2.bias,[64],float32,float32,0.020098451058495562,0.00847616006374494,0.013960387867689881,0.6946001872014342,0.004304802436308819,0.001191081661517046,0.8244435514479104
43,2,mlp_layers.0.conv2.weight,"[64, 64, 1]",float32,float32,0.03163553568591823,0.005825182314938248,0.031828728403762524,1.006106826189458,0.005292573041515425,0.0002887587493105026,0.05880071197069749
43,2,mlp_layers.1.conv0.bias,[64],float32,float32,0.017520856383925552,0.006814290710204945,0.012223103480898412,0.6976316233099459,0.003945699660107493,0.0012448343679807294,0.8543719456159533
43,2,mlp_layers.1.conv0.weight,"[64, 64, 1]",float32,float32,0.013566409292204852,0.003229047553665397,0.012526143374662114,0.9233204678454994,0.0009822152642300352,0.00014091991195154183,0.42881618141353495
43,2,mlp_layers.1.conv2.bias,[64],float32,float32,0.040429805612023674,0.023159476601813896,0.02136158851674884,0.528362384962741,0.009544824250042439,0.002030427902809606,0.9155999111974051
43,2,mlp_layers.1.conv2.weight,"[64, 64, 1]",float32,float32,0.02134690701914683,0.00748955016205243,0.018511620368394297,0.8671804468811589,0.0018281722732353956,0.00018934729373831088,0.5288499329226994
43,2,mlp_layers.2.conv0.bias,[64],float32,float32,0.03611797243568139,0.023093438834549566,0.0179355921813765,0.49658358351416504,0.008320396766066551,0.0017507942195322812,0.9088543671460866
43,2,mlp_layers.2.conv0.weight,"[64, 64, 1]",float32,float32,0.015825163068248518,0.004548093758314446,0.013993468568911384,0.8842543049043058,0.0016444422508357093,0.0001480949783397162,0.5231294631079072
43,2,mlp_layers.2.conv2.bias,[64],float32,float32,0.12479473338541282,0.09180192458275387,0.03992296290778395,0.31990903642132806,0.016511689871549606,0.0038396014313093474,0.9779460528573519
43,2,mlp_layers.2.conv2.weight,"[64, 64, 1]",float32,float32,0.041823240764725295,0.02549719204730608,0.023394037937550866,0.559354978471251,0.0044366237707436085,0.00021998364682314364,0.868366620012749
43,2,mlp_layers.3.conv0.bias,[64],float32,float32,0.10297966475730906,0.07491075272677312,0.041158772922705755,0.39967864548504933,0.014385875314474106,0.0041351509855758195,0.9412660499577667
43,2,mlp_layers.3.conv0.weight,"[64, 64, 1]",float32,float32,0.019680125577104208,0.010550529422267063,0.013355182536525472,0.6786126686133978,0.0011884406849276274,0.0001308806141259028,0.7712066024066336
43,2,mlp_layers.3.conv2.bias,[64],float32,float32,0.35647300808669685,0.295506799289707,0.0679257620004351,0.1905495239738181,0.017218701541423798,0.007096462602476095,0.9957422211641486
43,2,mlp_layers.3.conv2.weight,"[64, 64, 1]",float32,float32,0.10891533965695492,0.08423048037204603,0.029651114804167423,0.27224002512004297,0.0024823471903800964,0.00032802740542593745,0.9852928610862737
43,2,p.bias,[64],float32,float32,0.01545248076646785,0.005933529560703823,0.013123072840910398,0.8492534654621731,0.005506176506969496,0.0011776389112299057,0.5549863123940464
43,2,p.weight,"[64, 2]",float32,float32,0.02436788173775245,0.0039018773044551354,0.0233369427369951,0.9576927115843579,0.0059610900934785604,0.0016150286891800647,0.3386889053554925
43,2,q.conv0.bias,[128],float32,float32,0.34523295848936986,0.2857898830706287,0.05960782088983233,0.17265970534985214,0.013816013932228088,0.0043622164603789315,0.9999006067120032
43,2,q.conv0.weight,"[128, 64, 1]",float32,float32,0.3893750268829926,0.3211777436967331,0.07298342312612449,0.1874373498227868,0.004758825525641441,0.0005172009992983687,0.9972984238697769
43,2,q.conv2.bias,[1],float32,float32,1.0570439100265503,0.8771363496780396,0.17990756034851074,0.17019875772614962,0.17990756034851074,0.17990756034851074,1.0
43,2,q.conv2.weight,"[1, 128, 1]",float32,float32,0.986303725665041,0.8145347501163277,0.17545275569666785,0.17788917463367002,0.05144333839416504,0.011906116714044401,0.9992039317284502
43,2,w_layers.0.bias,[64],float32,float32,0.02009965596521893,0.008478860227698188,0.013960391025920095,0.6945587053866787,0.004304786598368082,0.0011910853151277934,0.8244077552370929
43,2,w_layers.0.weight,"[64, 64, 1]",float32,float32,0.09279664782061502,0.035447016730260024,0.06962647644696525,0.7503124097926471,0.005840725272719283,0.0006318841260113187,0.7630444850634491
43,2,w_layers.1.bias,[64],float32,float32,0.04041237326503793,0.023142056980600314,0.021361588113094184,0.5285902902311059,0.009544824250042439,0.002030428104831117,0.9154997209366661
43,2,w_layers.1.weight,"[64, 64, 1]",float32,float32,0.06834871796615594,0.03565667299487994,0.04729679179425165,0.6919923767651572,0.007649146253243089,0.00045680512264272694,0.7603252807850386
43,2,w_layers.2.bias,[64],float32,float32,0.12479135740349205,0.09179985618187883,0.039922964603053314,0.31991770450872703,0.016511693596839905,0.003839601536810733,0.9779411876374968
43,2,w_layers.2.weight,"[64, 64, 1]",float32,float32,0.09462587285010915,0.07041832107497156,0.04482947740636204,0.4737549684468811,0.00975031591951847,0.0004291638017070859,0.89317183950569
43,2,w_layers.3.bias,[64],float32,float32,0.35647592968523634,0.29550951677058906,0.06792576425737572,0.19054796860296652,0.0172186940908432,0.0070964628575893585,0.995742411890868
43,2,w_layers.3.weight,"[64, 64, 1]",float32,float32,0.19703687878232465,0.16425158181233704,0.05144924077787648,0.26111477757782964,0.00620355736464262,0.0005237661049793119,0.9757111731159716
44,3,conv_layers.0.weights1,"[64, 64, 16]",complex64,complex64,0.02218045212297411,0.004040308794524633,0.020743719733706634,0.9352252884070233,0.000988619154668413,1.6448530103116794e-05,0.4351608599822435
44,3,conv_layers.1.weights1,"[64, 64, 16]",complex64,complex64,0.011583903385970564,0.0022175959979240747,0.011048669154294474,0.95379500209538,0.0009341724144178443,8.54244080896441e-06,0.3315007511225402
44,3,conv_layers.2.weights1,"[64, 64, 16]",complex64,complex64,0.008301554910961581,0.0020830004613806487,0.008011966865737834,0.9651164091149518,0.00047528124378004577,6.946433236202118e-06,0.2620580906683224
44,3,conv_layers.3.weights1,"[64, 64, 16]",complex64,complex64,0.009438331771117567,0.002729106251409779,0.008531229795259406,0.9038917048207606,0.0005288686079438776,7.133150606460152e-06,0.46098400302071807
44,3,mlp_layers.0.conv0.bias,[64],float32,float32,0.005560784894234797,0.0011331271433017587,0.004889851851167012,0.8793456219169019,0.0025525400997139513,0.0003961534483316598,0.658272828263593
44,3,mlp_layers.0.conv0.weight,"[64, 64, 1]",float32,float32,0.021771264432075818,0.004847391986646752,0.019648358681651684,0.9024904705444469,0.0016560510666749906,0.00022456121103043777,0.5279214311811616
44,3,mlp_layers.0.conv2.bias,[64],float32,float32,0.008533715869782197,0.0015295507052964544,0.00755196387093844,0.8849560948800592,0.002588671413832344,0.000693284307850206,0.6945537159668103
44,3,mlp_layers.0.conv2.weight,"[64, 64, 1]",float32,float32,0.027427396350475412,0.005958811968077527,0.02508534526439665,0.9146090625536839,0.002698895346838981,0.0002322492511099214,0.48488774386598993
44,3,mlp_layers.1.conv0.bias,[64],float32,float32,0.006044918351805163,0.0009630572955025916,0.005281657959493901,0.8737352023814626,0.002794838772388175,0.0004505465093025407,0.8221624606388767
44,3,mlp_layers.1.conv0.weight,"[64, 64, 1]",float32,float32,0.016684156541180887,0.0033394581776200697,0.01465538033609294,0.8784010327354342,0.0010465902159921825,0.00016869061070945435,0.6706586074109584
44,3,mlp_layers.1.conv2.bias,[64],float32,float32,0.010610756519876623,0.002587456704248159,0.008822211022241486,0.8314403412909588,0.0032261945016216487,0.0008331222473714206,0.7549056711503859
44,3,mlp_layers.1.conv2.weight,"[64, 64, 1]",float32,float32,0.021737249686376987,0.0040317918493242635,0.019346757457736202,0.890027843304439,0.002327269728993997,0.0001979031528860989,0.6530480315309155
44,3,mlp_layers.2.conv0.bias,[64],float32,float32,0.007736082498757386,0.0023246799985950422,0.006075323751101724,0.7853230303680936,0.0037902414333075285,0.0004917604443264167,0.78796938456205
44,3,mlp_layers.2.conv0.weight,"[64, 64, 1]",float32,float32,0.019693232574206177,0.004098155525143303,0.016813899465315786,0.8537907325249544,0.00164768508693669,0.0001801046160939193,0.7552795245570294
44,3,mlp_layers.2.conv2.bias,[64],float32,float32,0.018355087189265276,0.008597198931378197,0.011449912261075886,0.6238004833761951,0.00499747646972537,0.0009741455483549544,0.8863004552100028
44,3,mlp_layers.2.conv2.weight,"[64, 64, 1]",float32,float32,0.029925683551739225,0.00653624501357795,0.02436576037296133,0.8142089830908887,0.004089137946721166,0.00022186275387233584,0.8808178372578209
44,3,mlp_layers.3.conv0.bias,[64],float32,float32,0.010968357892541188,0.006502567910164634,0.006392155640312038,0.5827814612667677,0.003379922010935843,0.0005206383148177451,0.853367619671047
44,3,mlp_layers.3.conv0.weight,"[64, 64, 1]",float32,float32,0.02188723220985489,0.00497209736141609,0.017725591905297333,0.8098599098937805,0.0010790808300953358,0.00020640601132533576,0.8710098530432036
44,3,mlp_layers.3.conv2.bias,[64],float32,float32,0.03569571378356355,0.025997378326609942,0.01040258426581359,0.29142390397032947,0.0030250870622694492,0.0010909948617268128,0.9923727772564273
44,3,mlp_layers.3.conv2.weight,"[64, 64, 1]",float32,float32,0.03956278031155941,0.01100005920326948,0.03005401122134996,0.7596536690463287,0.0026018040371127427,0.00031508264841967337,0.8995680441635437
44,3,p.bias,[64],float32,float32,0.006731233182509842,0.001007580206713868,0.006150215452381521,0.9136833156162212,0.0017448328871978447,0.0005978365800700658,0.6266031733019921
44,3,p.weight,"[64, 2]",float32,float32,0.020906489573452907,0.0019710977109888687,0.01926123294640521,0.9213040227883669,0.0032688140927348286,0.0015463741135022246,0.848987963228588
44,3,q.conv0.bias,[128],float32,float32,0.035208177063047234,0.02497906370668672,0.011296377304380574,0.32084527648654365,0.0027623712085187435,0.0007035761781706285,0.986939036731835
44,3,q.conv0.weight,"[128, 64, 1]",float32,float32,0.0827662945554296,0.0348153350006454,0.049368142312939324,0.5964764108157201,0.0038155377842485905,0.0003412735237272972,0.9760685030134534
44,3,q.conv2.bias,[1],float32,float32,0.09709691256284714,0.075093112885952,0.02200379967689514,0.22661688303068256,0.02200379967689514,0.02200379967689514,1.0
44,3,q.conv2.weight,"[1, 128, 1]",float32,float32,0.17831797697704097,0.0834882139442401,0.09806081701778335,0.5499210942170402,0.031023262068629265,0.006741433830056209,0.979068278920995
44,3,w_layers.0.bias,[64],float32,float32,0.008532079439015993,0.0015302652530514496,0.007551973886831876,0.8851270010799205,0.002588670962722972,0.0006932850785048572,0.693371005611095
44,3,w_layers.0.weight,"[64, 64, 1]",float32,float32,0.049168266284595016,0.0071151247963100175,0.044663902731128954,0.9083888065649097,0.0031742016144562513,0.00043955575835150085,0.6764255580722887
44,3,w_layers.1.bias,[64],float32,float32,0.010615997636089274,0.0025857973014874556,0.008822211395997172,0.8310298945438634,0.0032261942978948355,0.0008331222470019384,0.7568870901702135
44,3,w_layers.1.weight,"[64, 64, 1]",float32,float32,0.03270955978870574,0.008009291399014573,0.028705802008856487,0.8775967085551636,0.004312837088946253,0.0002673305904037915,0.5917255378416355
44,3,w_layers.2.bias,[64],float32,float32,0.018353779466046334,0.008595140955441548,0.01144991178034977,0.6238449035269052,0.004997475538402796,0.0009741455307903379,0.8863115722735886
44,3,w_layers.2.weight,"[64, 64, 1]",float32,float32,0.03795861577436638,0.011918874610807822,0.030137812279448877,0.7939649975276779,0.005644255201332271,0.00028693400748212167,0.7455709485128885
44,3,w_layers.3.bias,[64],float32,float32,0.03569912907082386,0.02600032874159864,0.010402584742505475,0.2913960371937277,0.0030250870622694492,0.0010909948920527768,0.9923792244347638
44,3,w_layers.3.weight,"[64, 64, 1]",float32,float32,0.056011332954506984,0.020786589118455153,0.03806920402866935,0.6796696672009139,0.003909454680979252,0.0003809647103602612,0.9104678858206271
45,3,conv_layers.0.weights1,"[64, 64, 16]",complex64,complex64,0.020496280246145644,0.005018098109122858,0.018606649529212264,0.9078061631554473,0.0008523121214238927,1.4940202511426847e-05,0.481619576668691
45,3,conv_layers.1.weights1,"[64, 64, 16]",complex64,complex64,0.00997141489212932,0.002865987468760247,0.00920148430901938,0.9227862252810618,0.0006024526287546905,7.5834783604246885e-06,0.40198274423314945
45,3,conv_layers.2.weights1,"[64, 64, 16]",complex64,complex64,0.00923664497882083,0.002805642279586375,0.008355520784779271,0.9046056012695157,0.00046086629345154506,7.468417659741267e-06,0.45095046311555587
45,3,conv_layers.3.weights1,"[64, 64, 16]",complex64,complex64,0.009318963630190276,0.0034004021223807,0.008029923148014456,0.8616755539210641,0.0004483506015731109,6.991360780686789e-06,0.5353116710788713
45,3,mlp_layers.0.conv0.bias,[64],float32,float32,0.005861929574304923,0.0014418274480035005,0.0049665650364432825,0.8472577115586025,0.0020523661878542043,0.00044393938522091503,0.6965492409050732
45,3,mlp_layers.0.conv0.weight,"[64, 64, 1]",float32,float32,0.02368708283915198,0.0062501880637828595,0.020577868100128575,0.8687379632124124,0.002176490394049324,0.0002368692287222432,0.5967430377597956
45,3,mlp_layers.0.conv2.bias,[64],float32,float32,0.006824485060222765,0.00153942031533203,0.006248338723483867,0.9155765846573498,0.0019726521422853693,0.0006205699843135903,0.4712501987925755
45,3,mlp_layers.0.conv2.weight,"[64, 64, 1]",float32,float32,0.03014522340535218,0.00762780095329576,0.026570515262057642,0.8814170956629944,0.0029768903041258454,0.00024215864024745848,0.5673731381065764
45,3,mlp_layers.1.conv0.bias,[64],float32,float32,0.005140879434124681,0.0013645527163996859,0.004238340114673816,0.8244387305681801,0.002197521651396528,0.00040666192625593567,0.7360739185577062
45,3,mlp_layers.1.conv0.weight,"[64, 64, 1]",float32,float32,0.017261104724653236,0.004439769822267267,0.014404296500994514,0.8344944736023485,0.0009837248362600803,0.00016875618910808243,0.7188168435762888
45,3,mlp_layers.1.conv2.bias,[64],float32,float32,0.010829420199471486,0.0038457691495795035,0.00827732922893982,0.7643372476528137,0.002639663696754724,0.0008060842563395454,0.7629771195474906
45,3,mlp_layers.1.conv2.weight,"[64, 64, 1]",float32,float32,0.021764329702923593,0.005027112100177924,0.018696114977247245,0.8590255354721907,0.0023336287413258106,0.00019366973878268828,0.6828024508673566
45,3,mlp_layers.2.conv0.bias,[64],float32,float32,0.008472344496307838,0.0031002734156003638,0.006314495548398425,0.7453067508232483,0.0033606283832341433,0.0005587231681758453,0.7903475731222597
45,3,mlp_layers.2.conv0.weight,"[64, 64, 1]",float32,float32,0.021063049373318547,0.005353015891755249,0.017289351010044054,0.8208379852133473,0.0014447456051129848,0.00018996316969558183,0.7688863902480018
45,3,mlp_layers.2.conv2.bias,[64],float32,float32,0.015599131586220219,0.009647272036849243,0.009716993817948128,0.6229188954679896,0.005896498216316104,0.0007986310851251233,0.8039879628800999
45,3,mlp_layers.2.conv2.weight,"[64, 64, 1]",float32,float32,0.02892242173486627,0.006667157018927578,0.024035145701680704,0.8310212029273502,0.0036398983793333173,0.00022157136290885948,0.786362906253597
45,3,mlp_layers.3.conv0.bias,[64],float32,float32,0.012472082630997725,0.008303720352784169,0.006235862353489778,0.49998565099234993,0.002981207799166441,0.0005488878078665493,0.8961483109727667
45,3,mlp_layers.3.conv0.weight,"[64, 64, 1]",float32,float32,0.022786586004295444,0.006228922668313939,0.017872687234982986,0.7843512508461711,0.0009725093404995278,0.00021102767093914183,0.8405028623371359
45,3,mlp_layers.3.conv2.bias,[64],float32,float32,0.03506981522801219,0.03002654187989036,0.006695911430298411,0.19093090131110865,0.0021316101192496717,0.0006706831077849529,0.990788149027908
45,3,mlp_layers.3.conv2.weight,"[64, 64, 1]",float32,float32,0.03395500473181765,0.010002335139700952,0.02818880420690624,0.8301811302795027,0.0023495476925745606,0.0002916187701129669,0.6748244660212748
45,3,p.bias,[64],float32,float32,0.004677420198192703,0.00078662156717574,0.004507166291907763,0.9636008955640281,0.0013155281430954346,0.000455734197018387,0.2965849292846766
45,3,p.weight,"[64, 2]",float32,float32,0.02095189825597701,0.0028946784373757727,0.018791354615493753,0.8968807687930179,0.0030222616624087095,0.0015319688898713935,0.7769805182822357
45,3,q.conv0.bias,[128],float32,float32,0.033877631671674076,0.02844010794758947,0.00790207935015123,0.23325359419260566,0.0023809694685041904,0.0004673262550252133,0.9829388911453321
45,3,q.conv0.weight,"[128, 64, 1]",float32,float32,0.030249688857051458,0.0249876009670629,0.037937068225947654,1.2541308575180337,0.003022945369593799,0.0002622825547950692,0.0662832958515376
45,3,q.conv2.bias,[1],float32,float32,0.10919895768165588,0.08825405687093735,0.020944900810718536,0.1918049517631708,0.020944900810718536,0.020944900810718536,1.0
45,3,q.conv2.weight,"[1, 128, 1]",float32,float32,0.06210187480119715,0.06794386351314251,0.06960250175342453,1.1207793963747257,0.0207397083286196,0.004813446936637433,0.4299743650817593
45,3,w_layers.0.bias,[64],float32,float32,0.006820114822589728,0.0015377392195321093,0.006248349012859598,0.9161647824701844,0.001972651618416421,0.0006205718185157139,0.46897202725549364
45,3,w_layers.0.weight,"[64, 64, 1]",float32,float32,0.042649065510123124,0.009200057144119353,0.03899208589636677,0.9142541678225438,0.002480377625033725,0.0004049417738759137,0.4883111957106338
45,3,w_layers.1.bias,[64],float32,float32,0.010849004758236308,0.003868249094945841,0.008277329916137284,0.7629575339482942,0.0026396652101539075,0.000806084210768887,0.7642980846387015
45,3,w_layers.1.weight,"[64, 64, 1]",float32,float32,0.03302148532278562,0.010441482113395191,0.028593160408544836,0.8658956473049644,0.004555700346827507,0.0002654476916551726,0.5537727628365133
45,3,w_layers.2.bias,[64],float32,float32,0.015604155843227099,0.009649949470822069,0.00971699449916206,0.6227183704640883,0.0058964991476386786,0.0007986311085232956,0.8041981781949589
45,3,w_layers.2.weight,"[64, 64, 1]",float32,float32,0.03027958318531766,0.010132492393016095,0.027692776672457193,0.9145692826407601,0.004051412775879726,0.0002652301095835419,0.4117085789684051
45,3,w_layers.3.bias,[64],float32,float32,0.03506746104025396,0.030023849039152718,0.0066959119145346135,0.19094373290522437,0.002131610061042011,0.0006706831203473484,0.9907883234869523
45,3,w_layers.3.weight,"[64, 64, 1]",float32,float32,0.03763112124949156,0.015492037101162096,0.034820048006926826,0.9252992430406862,0.0028797854320146143,0.0003400482014433853,0.38051621139312525
46,3,conv_layers.0.weights1,"[64, 64, 16]",complex64,complex64,0.018558557298270228,0.005305869695291306,0.016269434224388892,0.8766540395844942,0.0008497828093823045,1.2479235314002994e-05,0.5477739089389928
46,3,conv_layers.1.weights1,"[64, 64, 16]",complex64,complex64,0.01020736097837907,0.0032508022941782023,0.00980086014796518,0.96017571718342,0.0006255000259898225,7.429286971339007e-06,0.2817945070055001
46,3,conv_layers.2.weights1,"[64, 64, 16]",complex64,complex64,0.010904697417062814,0.0031525957966083828,0.010366570946989145,0.9506518659351656,0.0006596649971015722,8.409235586677601e-06,0.3110336347825173
46,3,conv_layers.3.weights1,"[64, 64, 16]",complex64,complex64,0.011821264551533692,0.00375371056274836,0.010494838456960028,0.8877932146098894,0.0005844154220540076,8.302703269540011e-06,0.492308476467376
46,3,mlp_layers.0.conv0.bias,[64],float32,float32,0.005838813410971219,0.0015247702199266563,0.004996996156954948,0.85582391579178,0.001992954879824538,0.00042692784623454827,0.6428670150969245
46,3,mlp_layers.0.conv0.weight,"[64, 64, 1]",float32,float32,0.023421979079710817,0.006536917821281122,0.020826738217218154,0.889196346147334,0.002382960985414684,0.00023028030812052847,0.5145643415908905
46,3,mlp_layers.0.conv2.bias,[64],float32,float32,0.005857357207410075,0.0016299475168528822,0.005161767465645583,0.8812451217957974,0.0016261069249594584,0.0005215190321052887,0.540553009672319
46,3,mlp_layers.0.conv2.weight,"[64, 64, 1]",float32,float32,0.03023299041000758,0.007897074459083196,0.027634769128925697,0.9140600633332707,0.002808353747241199,0.0002536114948809287,0.4454766288469041
46,3,mlp_layers.1.conv0.bias,[64],float32,float32,0.004933563932732514,0.0014601181339871797,0.00388158439443159,0.7867708713935176,0.0018372107297182083,0.0003775247532402659,0.7916404672482054
46,3,mlp_layers.1.conv0.weight,"[64, 64, 1]",float32,float32,0.018102826576580765,0.004864645782906921,0.015216926868591912,0.8405829224634854,0.0010909297125181183,0.00017650115762593566,0.680314682733721
46,3,mlp_layers.1.conv2.bias,[64],float32,float32,0.010675104003814407,0.004000126864873894,0.0076372116264401425,0.7154226903748413,0.00271191808860749,0.0007269416362731818,0.8387457765642963
46,3,mlp_layers.1.conv2.weight,"[64, 64, 1]",float32,float32,0.023238039496198164,0.005512331070690637,0.020253908993232875,0.8715842399935027,0.002500042726751417,0.00020782073875393048,0.6252019388841947
46,3,mlp_layers.2.conv0.bias,[64],float32,float32,0.009286309178012094,0.003283137731027921,0.006679349550168812,0.7192684867723357,0.0036889289040118456,0.0005938820278430512,0.8593614254347816
46,3,mlp_layers.2.conv0.weight,"[64, 64, 1]",float32,float32,0.021955618155304432,0.005970596261244669,0.017955409232382754,0.8178047689376837,0.001530661538708955,0.00019797611201145815,0.7449204787035336
46,3,mlp_layers.2.conv2.bias,[64],float32,float32,0.020232380411323577,0.009889525343166547,0.011535982578280458,0.5701742624325137,0.0063393316231667995,0.0010300640183231735,0.9347683025930845
46,3,mlp_layers.2.conv2.weight,"[64, 64, 1]",float32,float32,0.028829308081354522,0.007495975450372756,0.023370074670376335,0.8106359890576434,0.003221801365725696,0.00022165137472315855,0.7893389310839373
46,3,mlp_layers.3.conv0.bias,[64],float32,float32,0.01758363474437615,0.008608685630927048,0.010003590302599265,0.5689148147142192,0.004327524802647531,0.0009215984091781593,0.9355161144489804
46,3,mlp_layers.3.conv0.weight,"[64, 64, 1]",float32,float32,0.02322121223855337,0.006954177749445622,0.01777485752875417,0.7654577782654772,0.0008874904742697254,0.00021047117772613616,0.8410709109075278
46,3,mlp_layers.3.conv2.bias,[64],float32,float32,0.05522690778387506,0.030484385567192462,0.025114394634948002,0.45474924529960387,0.006509691476821899,0.002546094800152332,0.9944936829095875
46,3,mlp_layers.3.conv2.weight,"[64, 64, 1]",float32,float32,0.03407485116098678,0.010505855796212283,0.026433077015494286,0.7757356559126583,0.0022215942735783756,0.0002711686842234093,0.7999778915995022
46,3,p.bias,[64],float32,float32,0.003819019493202768,0.0008008352629730473,0.00358236779532804,0.9380333883354276,0.00096103799296543,0.000371767839951076,0.39119861679887563
46,3,p.weight,"[64, 2]",float32,float32,0.01607262353489872,0.00312111024611006,0.013605499555622297,0.8465014766307739,0.0025393181276740506,0.0010673502947611269,0.826890072412546
46,3,q.conv0.bias,[128],float32,float32,0.052434059822325685,0.02863128300648324,0.024025685631979765,0.45820761759420287,0.0047219679690897465,0.0017877369650527442,0.9964491741374266
46,3,q.conv0.weight,"[128, 64, 1]",float32,float32,0.03304022493148424,0.0250236537866857,0.020156771789765993,0.6100676321533901,0.0012981727195437998,0.00014655582738242086,0.7931571407580225
46,3,q.conv2.bias,[1],float32,float32,0.1661260575056076,0.08867201954126358,0.07745403796434402,0.4662365382488509,0.07745403796434402,0.07745403796434402,1.0
46,3,q.conv2.weight,"[1, 128, 1]",float32,float32,0.094377217051293,0.06805040770022802,0.042044139601670937,0.44549035154130895,0.009516831953078508,0.00309963367716648,0.9163391077110224
46,3,w_layers.0.bias,[64],float32,float32,0.005853377373933446,0.0016290443425360053,0.005161775395611773,0.8818456535193597,0.0016261064447462559,0.0005215212931446445,0.5386179262910452
46,3,w_layers.0.weight,"[64, 64, 1]",float32,float32,0.033085469513563316,0.009328877891726537,0.029108505859763247,0.879797273175473,0.0019266360613983124,0.00031022562619135996,0.5416666317152268
46,3,w_layers.1.bias,[64],float32,float32,0.010697129458280183,0.004022130586272616,0.0076372127517928216,0.7139497359154785,0.0027119197766296566,0.0007269418168220909,0.8399613230685106
46,3,w_layers.1.weight,"[64, 64, 1]",float32,float32,0.029072765255007994,0.010662262151516808,0.02456092357057554,0.8448086501281381,0.003496570512652397,0.0002306264764252025,0.5736965119938952
46,3,w_layers.2.bias,[64],float32,float32,0.02023792757696358,0.00989247034056654,0.011535982598346605,0.5700179800760715,0.006339331390336156,0.0010300640404494743,0.9349400451362028
46,3,w_layers.2.weight,"[64, 64, 1]",float32,float32,0.022649568634225313,0.009890835556836966,0.01969622250211391,0.8696069589754278,0.002154661575332284,0.000210250216950425,0.49747179638833905
46,3,w_layers.3.bias,[64],float32,float32,0.05522425209522231,0.03048159647863305,0.025114394602052083,0.4547711132193828,0.006509691011160612,0.002546094777869712,0.9944948755489994
46,3,w_layers.3.weight,"[64, 64, 1]",float32,float32,0.03168126501024097,0.015508469550086128,0.023552842078454164,0.7434312383309413,0.0020526612643152475,0.0002197978461159246,0.7016482914403641
47,3,conv_layers.0.weights1,"[64, 64, 16]",complex64,complex64,0.02306409107018057,0.0063309204199101824,0.02054302625809968,0.8906930776326858,0.0012550941319204867,1.4238479397085246e-05,0.5136970330309516
47,3,conv_layers.1.weights1,"[64, 64, 16]",complex64,complex64,0.009623065487734502,0.0040656834519664535,0.008612760940001761,0.8950121924224179,0.0005711516614610446,6.668312987771447e-06,0.44669791223466976
47,3,conv_layers.2.weights1,"[64, 64, 16]",complex64,complex64,0.011805074794239489,0.004661130695048016,0.009865118825564468,0.8356676257890666,0.0007921665091998875,7.757688260127932e-06,0.579421761832266
47,3,conv_layers.3.weights1,"[64, 64, 16]",complex64,complex64,0.017853727070506507,0.008049709966227066,0.012665307066365435,0.7093928912629066,0.0011077632661908865,8.736238226162276e-06,0.7763274127756478
47,3,mlp_layers.0.conv0.bias,[64],float32,float32,0.005745999473869167,0.0017892582556148608,0.004782182547612647,0.8322629630163337,0.002354103693505749,0.00039731161204592524,0.6491871010352032
47,3,mlp_layers.0.conv0.weight,"[64, 64, 1]",float32,float32,0.020994892304229337,0.006663156772687131,0.018626305711456587,0.8871827224236055,0.002616116456920281,0.0001962128483485731,0.49410845791120667
47,3,mlp_layers.0.conv2.bias,[64],float32,float32,0.005693400088638455,0.002807566376264527,0.004428716842768723,0.7778685449502332,0.0013620503450511023,0.00042975478120865773,0.6469884261348501
47,3,mlp_layers.0.conv2.weight,"[64, 64, 1]",float32,float32,0.02702617426237673,0.00802999964098114,0.024661039164865374,0.9124872401639224,0.0029588365578092635,0.0002256567045322965,0.43020917624159954
47,3,mlp_layers.1.conv0.bias,[64],float32,float32,0.005407457290612176,0.002711798217928332,0.0034000214876960086,0.6287652966947601,0.0011280711041763425,0.0003491292448494221,0.8536010677453132
47,3,mlp_layers.1.conv0.weight,"[64, 64, 1]",float32,float32,0.014687409199855445,0.005005062942489742,0.011897034169610065,0.8100158447091647,0.0008228917577071115,0.00014050751110325152,0.674937573596669
47,3,mlp_layers.1.conv2.bias,[64],float32,float32,0.01502904940901314,0.008210298063892642,0.00876926529553474,0.5834876882017358,0.0032371709821745753,0.000864018775388331,0.8767975087252815
47,3,mlp_layers.1.conv2.weight,"[64, 64, 1]",float32,float32,0.018459957826619553,0.005652172975467253,0.015750986741749913,0.8532515019637119,0.0020435279584489763,0.00016215526372080277,0.5972055921532985
47,3,mlp_layers.2.conv0.bias,[64],float32,float32,0.013641210812543771,0.007679622203673752,0.007721347511956998,0.566030949749478,0.0036798680666834116,0.0007243697902339363,0.8850762738272573
47,3,mlp_layers.2.conv0.weight,"[64, 64, 1]",float32,float32,0.018109707515633202,0.005757418521051885,0.014407904789605425,0.7955901428649692,0.0011466902615211438,0.00016005437469775174,0.7362077891629261
47,3,mlp_layers.2.conv2.bias,[64],float32,float32,0.04165395209406751,0.027516453676416922,0.01684136463304337,0.4043161281553874,0.007127454038709402,0.0016732912166901315,0.9634597088063227
47,3,mlp_layers.2.conv2.weight,"[64, 64, 1]",float32,float32,0.02185339491429045,0.008387878461021597,0.017586836929079763,0.804764522768923,0.0027005557203665376,0.00016983721304818233,0.6509160608326625
47,3,mlp_layers.3.conv0.bias,[64],float32,float32,0.03500730760299612,0.023344293995236604,0.014799732589547365,0.4227612348080354,0.006026728544384241,0.0014909502136219999,0.9492143432264739
47,3,mlp_layers.3.conv0.weight,"[64, 64, 1]",float32,float32,0.018437341268024383,0.007010061265346219,0.013402482093444443,0.7269205412327089,0.0007578728545922786,0.00015868808512117805,0.8102708804053321
47,3,mlp_layers.3.conv2.bias,[64],float32,float32,0.11851798048155994,0.08512435864521155,0.03487315531807472,0.2942435837699799,0.008868439123034477,0.0035322996152729047,0.9949942851428496
47,3,mlp_layers.3.conv2.weight,"[64, 64, 1]",float32,float32,0.03507818653350884,0.022726409388995502,0.019613401666184898,0.5591338550939334,0.0015563795459456742,0.000202934566957913,0.8544162262917052
47,3,p.bias,[64],float32,float32,0.0034982753816648875,0.0016808652779741417,0.0035174002923857696,1.0054669540371577,0.0014624980940425303,0.00032455887324545074,0.22883287315591933
47,3,p.weight,"[64, 2]",float32,float32,0.016045092704125824,0.003455712518406378,0.013654708755228565,0.8510208701827819,0.0021345613786252216,0.0011401369123902327,0.7478811936963573
47,3,q.conv0.bias,[128],float32,float32,0.11154285019326661,0.0794702754436531,0.03227032770274611,0.28930879609793353,0.006808018311858177,0.002397827436965372,0.9992822930135482
47,3,q.conv0.weight,"[128, 64, 1]",float32,float32,0.09640199457067683,0.08288204752689618,0.019898823303249977,0.2064150580272612,0.0014020423404872417,0.00014666126211347608,0.9866599285164616
47,3,q.conv2.bias,[1],float32,float32,0.34460026025772095,0.24273671209812164,0.1018635481595993,0.29559916200706643,0.1018635481595993,0.1018635481595993,1.0
47,3,q.conv2.weight,"[1, 128, 1]",float32,float32,0.26749502297994376,0.2175412058605866,0.056945977679269545,0.2128861204402268,0.015101335942745209,0.0040465416679218436,0.9935775455799909
47,3,w_layers.0.bias,[64],float32,float32,0.005686931149613174,0.00280461411998355,0.004428722111819991,0.7787543044408465,0.0013620390964206308,0.00042975256711486054,0.6455774914713528
47,3,w_layers.0.weight,"[64, 64, 1]",float32,float32,0.03155742485017441,0.014001801328148994,0.02524746752245871,0.8000484083326328,0.0016820091332192533,0.0002774724949492387,0.627445222418393
47,3,w_layers.1.bias,[64],float32,float32,0.01505327755863452,0.008230789459319572,0.008769266479479149,0.582548647317615,0.0032371728448197246,0.0008640184441190968,0.8775076555482576
47,3,w_layers.1.weight,"[64, 64, 1]",float32,float32,0.02821088589572684,0.014547999191272695,0.02183371214394725,0.7739463491025799,0.0025728308828547597,0.00021327391126764114,0.6466519599625667
47,3,w_layers.2.bias,[64],float32,float32,0.04165884375625426,0.027519377678181512,0.016841364355124528,0.4042686459005749,0.007127453573048115,0.001673291228172502,0.9634921520598712
47,3,w_layers.2.weight,"[64, 64, 1]",float32,float32,0.025153092739700775,0.018978302779022096,0.017220846669496474,0.6846413221510405,0.0017557491664774716,0.00018706624079384976,0.7293155066195034
47,3,w_layers.3.bias,[64],float32,float32,0.11851517420281635,0.08512144005520078,0.03487315385002001,0.29425053867229856,0.008868439123034477,0.0035322995134450252,0.9949943718225527
47,3,w_layers.3.weight,"[64, 64, 1]",float32,float32,0.050774204050658946,0.042509958234304285,0.020972070665289756,0.413045779001583,0.001984400674700737,0.0002104719291127627,0.9139343056520923
48,3,conv_layers.0.weights1,"[64, 64, 16]",complex64,complex64,0.03498363507148628,0.010619438897396779,0.029392672842735872,0.8401834967313796,0.002216501990915276,2.0305745099489435e-05,0.6361906090170029
48,3,conv_layers.1.weights1,"[64, 64, 16]",complex64,complex64,0.01636143262324264,0.006895976693002206,0.013352858003618538,0.8161178981753593,0.0011513270728755742,9.341217225137652e-06,0.6069064626161524
48,3,conv_layers.2.weights1,"[64, 64, 16]",complex64,complex64,0.019453112843688933,0.008282190906033672,0.014710681700092602,0.756212222604009,0.0014255537535063922,1.0273367400576855e-05,0.7156844379141595
48,3,conv_layers.3.weights1,"[64, 64, 16]",complex64,complex64,0.03421322260271801,0.015897039673403293,0.02261649260765305,0.6610453762358044,0.002381684957072139,1.2753651530438112e-05,0.8381809572674179
48,3,mlp_layers.0.conv0.bias,[64],float32,float32,0.007216435165987393,0.0027198155557876624,0.005596673481283029,0.7755454531984645,0.002954564115498215,0.0004581794260385408,0.7171509821711995
48,3,mlp_layers.0.conv0.weight,"[64, 64, 1]",float32,float32,0.020172210025308446,0.008015486583853662,0.016922033945442467,0.8388785326055873,0.003115667888778262,0.00015910441895197747,0.571497184533312
48,3,mlp_layers.0.conv2.bias,[64],float32,float32,0.011582456135432637,0.005512664390585001,0.008532329481763589,0.7366597707770972,0.0028135960455983877,0.0008292318102611773,0.7184168708641587
48,3,mlp_layers.0.conv2.weight,"[64, 64, 1]",float32,float32,0.024191130420135567,0.009502471353708632,0.019699531548161568,0.8143286901452359,0.00468650134280324,0.00017123884107828058,0.6251996837778963
48,3,mlp_layers.1.conv0.bias,[64],float32,float32,0.010335222424966943,0.005096947154581701,0.006679673281952859,0.6463018411501893,0.0021512616658583283,0.0007070637353052689,0.836948247544628
48,3,mlp_layers.1.conv0.weight,"[64, 64, 1]",float32,float32,0.011247352775818394,0.006021584447619332,0.007891670321212792,0.7016469100337762,0.000586984540859703,9.579809146335883e-05,0.7418321684944866
48,3,mlp_layers.1.conv2.bias,[64],float32,float32,0.0274090952756766,0.015396528871975913,0.015910615882803444,0.5804867224830603,0.0051216245628893375,0.001627288808180083,0.871037114423341
48,3,mlp_layers.1.conv2.weight,"[64, 64, 1]",float32,float32,0.013719947383133821,0.007041400798030791,0.010031444426091312,0.7311576455769173,0.0010451826237840578,0.0001117255950857099,0.710028689851137
48,3,mlp_layers.2.conv0.bias,[64],float32,float32,0.02488286729382526,0.014840622843682743,0.013145931685849517,0.5283125746971978,0.00442938064225018,0.001304081720661543,0.9025544539625142
48,3,mlp_layers.2.conv0.weight,"[64, 64, 1]",float32,float32,0.014880256583993529,0.006576034998375144,0.011317883554295565,0.7605973385210336,0.0015037274674796208,0.00012563080188805753,0.6978409513427573
48,3,mlp_layers.2.conv2.bias,[64],float32,float32,0.0829496755473874,0.05425941138506739,0.03387004158749373,0.4083203624846548,0.013662893325090408,0.0033389091481126343,0.9640010199951569
48,3,mlp_layers.2.conv2.weight,"[64, 64, 1]",float32,float32,0.019991525274780587,0.013569140609457946,0.011981593238319417,0.5993336213037361,0.0021429573607747443,0.00011970154895300789,0.8114196650739091
48,3,mlp_layers.3.conv0.bias,[64],float32,float32,0.06725842912510362,0.045765452430394205,0.02763058129674232,0.41081217114583857,0.009790584444999695,0.0028313650145719294,0.9510250223791311
48,3,mlp_layers.3.conv0.weight,"[64, 64, 1]",float32,float32,0.013284559621149399,0.008888401510613998,0.007569945047257328,0.5698303340974705,0.0007100852089934051,8.280161446028167e-05,0.8391838397821808
48,3,mlp_layers.3.conv2.bias,[64],float32,float32,0.2301361156468282,0.1663513787399363,0.06680091591176412,0.29026698275501545,0.016730256378650665,0.006755099761392103,0.9948558763631472
48,3,mlp_layers.3.conv2.weight,"[64, 64, 1]",float32,float32,0.06076477960729396,0.04447426102992979,0.018370390912864288,0.3023197159865808,0.0013160910457372665,0.00018679416149837424,0.9866621456927922
48,3,p.bias,[64],float32,float32,0.010198612890599236,0.0035898354036539492,0.009748024719588286,0.9558186808495999,0.004138315092859557,0.0008988298212670998,0.2987412672454021
48,3,p.weight,"[64, 2]",float32,float32,0.012892745942189457,0.005009890806168588,0.009250661531406733,0.7175090219636933,0.0016488086548633873,0.0007485660306301156,0.8185873945416376
48,3,q.conv0.bias,[128],float32,float32,0.215937068874876,0.1546975691699219,0.06130718322280657,0.28391226917288026,0.013722635805606842,0.004502279121794572,0.9998758508368978
48,3,q.conv0.weight,"[128, 64, 1]",float32,float32,0.22425911974862148,0.16923030805570488,0.056328030106522764,0.2511738660602186,0.003999422304332256,0.00039442654109360376,0.9980939213419279
48,3,q.conv2.bias,[1],float32,float32,0.658305823802948,0.4703337550163269,0.1879720687866211,0.2855391248109133,0.1879720687866211,0.1879720687866211,1.0
48,3,q.conv2.weight,"[1, 128, 1]",float32,float32,0.5904556709679483,0.439345094741981,0.1522462750068278,0.25784539380788196,0.043856337666511536,0.010385431678173518,0.9993359605338614
48,3,w_layers.0.bias,[64],float32,float32,0.011579230981254329,0.0055098210506528715,0.008532332719471614,0.7368652316621586,0.0028136164764873683,0.0008292314830580239,0.7181563333364182
48,3,w_layers.0.weight,"[64, 64, 1]",float32,float32,0.048035671335812206,0.026191728567719348,0.03220305275023758,0.6703987235883414,0.0028575239703059196,0.0003445664855284518,0.7774969447821946
48,3,w_layers.1.bias,[64],float32,float32,0.02742970908203585,0.015415245240505727,0.015910615808604686,0.5800504759645737,0.005121624795719981,0.001627288498980306,0.8713444063834904
48,3,w_layers.1.weight,"[64, 64, 1]",float32,float32,0.04184947740547665,0.02488627673912706,0.027941267591430393,0.6676610873944593,0.004426586499903351,0.0002758663453663532,0.7633342177746845
48,3,w_layers.2.bias,[64],float32,float32,0.08295429012395027,0.05426237670736986,0.03387004261280276,0.40829766082253444,0.013662895187735558,0.003338909251539235,0.9640154942683852
48,3,w_layers.2.weight,"[64, 64, 1]",float32,float32,0.05349801425607833,0.0382549535517052,0.025419760444645192,0.47515334537406784,0.004252679646015167,0.00025750764376123586,0.8989004714194136
48,3,w_layers.3.bias,[64],float32,float32,0.23013327334557274,0.16634839448995326,0.06680091479797634,0.2902705629084185,0.016730256378650665,0.006755099723875446,0.994855958998448
48,3,w_layers.3.weight,"[64, 64, 1]",float32,float32,0.11220861440852242,0.08691480733984001,0.03312686795497493,0.2952257108742882,0.0035187983885407448,0.00033981033057996213,0.9765389142967743
49,3,conv_layers.0.weights1,"[64, 64, 16]",complex64,complex64,0.023741102095322854,0.008888042064218959,0.020714969827768895,0.8725361503689365,0.001487931440351531,1.6599764547105477e-05,0.5059601643996811
49,3,conv_layers.1.weights1,"[64, 64, 16]",complex64,complex64,0.010658867239427142,0.005778755583334542,0.00924823835404276,0.8676567731168967,0.0006585720257135108,7.493427966114585e-06,0.49903048682884227
49,3,conv_layers.2.weights1,"[64, 64, 16]",complex64,complex64,0.01273429008690494,0.006224253761082831,0.009988921912948074,0.7844113684217063,0.0008305084193125367,8.100727047288835e-06,0.6379199101830492
49,3,conv_layers.3.weights1,"[64, 64, 16]",complex64,complex64,0.020723704556311316,0.010181571842885715,0.013958087250838233,0.6735324378375852,0.0013337847776710987,9.462942414406526e-06,0.8016784775872806
49,3,mlp_layers.0.conv0.bias,[64],float32,float32,0.005190477366839653,0.0023821243972983078,0.0038029592841288436,0.7326800629985921,0.001937005203217268,0.00031114438864676686,0.7340884832494414
49,3,mlp_layers.0.conv0.weight,"[64, 64, 1]",float32,float32,0.01750432505258572,0.00860285961638731,0.013689936027884136,0.7820887687332949,0.002294220648764167,0.00013863266651083228,0.6408120184793928
49,3,mlp_layers.0.conv2.bias,[64],float32,float32,0.00691595590820046,0.00347583185079707,0.005327277865449641,0.7702880030124144,0.001773974800016731,0.0005153924166521051,0.6558583441237442
49,3,mlp_layers.0.conv2.weight,"[64, 64, 1]",float32,float32,0.02209716316242269,0.010236014014513399,0.01689729136645854,0.7646814770863082,0.003691953024826944,0.0001459466899304887,0.6798408429851
49,3,mlp_layers.1.conv0.bias,[64],float32,float32,0.006399688632823861,0.003434893565462875,0.003965205996031496,0.6195935808023602,0.0013036783784627914,0.000417429866743646,0.842308020825005
49,3,mlp_layers.1.conv0.weight,"[64, 64, 1]",float32,float32,0.010765824460690802,0.006727735807610556,0.007345233871926228,0.6822732340422084,0.000618676858721301,8.721824834968805e-05,0.7401180673871585
49,3,mlp_layers.1.conv2.bias,[64],float32,float32,0.01717894890299335,0.00983199732546457,0.01011455953781748,0.588776391089624,0.003010040265507996,0.0010491426692311734,0.8569400527794528
49,3,mlp_layers.1.conv2.weight,"[64, 64, 1]",float32,float32,0.013185690756734389,0.007558875832085219,0.009300360789833817,0.7053373965322067,0.0010032395657617599,0.000102121369861638,0.7249111304907667
49,3,mlp_layers.2.conv0.bias,[64],float32,float32,0.01550196923056721,0.00909050864326943,0.008401680824504034,0.5419750677828317,0.002984842984005809,0.0008311616750518169,0.8953972128519874
49,3,mlp_layers.2.conv0.weight,"[64, 64, 1]",float32,float32,0.013300977064512273,0.007388429902644992,0.009389058427929912,0.7058923853782463,0.0012458117926144041,0.00010734309482915427,0.7293456901938414
49,3,mlp_layers.2.conv2.bias,[64],float32,float32,0.049376857557235976,0.031650206007259256,0.021161957024320215,0.4285804741581619,0.00803985632956028,0.0020912199545364274,0.9572577104504795
49,3,mlp_layers.2.conv2.weight,"[64, 64, 1]",float32,float32,0.01535025236752189,0.010484612677986081,0.009535990635305733,0.6212269614199967,0.0014571307110600173,9.83166302295428e-05,0.7910399478671087
49,3,mlp_layers.3.conv0.bias,[64],float32,float32,0.04063453087153684,0.027142195256393994,0.017061833403889178,0.41988508389155377,0.00613946421071887,0.0017441463055547501,0.9505567081371796
49,3,mlp_layers.3.conv0.weight,"[64, 64, 1]",float32,float32,0.011821712143014038,0.009250531370300298,0.006281443405975088,0.5313480255638829,0.0005651420360663906,7.122875536834383e-05,0.8498243141921049
49,3,mlp_layers.3.conv2.bias,[64],float32,float32,0.13762544451643352,0.09676175599994982,0.042643143409124507,0.309849269217311,0.010698173195123672,0.0043026884606547355,0.9944207410372814
49,3,mlp_layers.3.conv2.weight,"[64, 64, 1]",float32,float32,0.035971211491240135,0.0255408696949944,0.012171778534183594,0.3383755517143958,0.0008901044493541121,0.0001229793794551362,0.9785791774745012
49,3,p.bias,[64],float32,float32,0.0059455185469165185,0.0019425024641382142,0.00600519890803596,1.0100378731726256,0.0025328176307084505,0.0005609017178471731,0.1324808997952035
49,3,p.weight,"[64, 2]",float32,float32,0.012038608723369624,0.004600971907199265,0.009571498730279224,0.7950668511801376,0.0016363870672648773,0.0007836648995596107,0.6723631984701474
49,3,q.conv0.bias,[128],float32,float32,0.1292748872253238,0.08991533966516908,0.039413813804136735,0.3048837608764583,0.008765658363699913,0.002902585058564,0.9998161214000332
49,3,q.conv0.weight,"[128, 64, 1]",float32,float32,0.1232447141928154,0.09252686195395951,0.032301338822583826,0.2620910684416748,0.002620137296617031,0.00022770042196080045,0.9956245665644977
49,3,q.conv2.bias,[1],float32,float32,0.39659324288368225,0.2746347188949585,0.12195852398872375,0.3075153855419903,0.12195852398872375,0.12195852398872375,1.0
49,3,q.conv2.weight,"[1, 128, 1]",float32,float32,0.33358605883561326,0.2440494250985456,0.09086055246603718,0.27237514895912374,0.025463350117206573,0.006202364407386085,0.9985331847780021
49,3,w_layers.0.bias,[64],float32,float32,0.006911428631472776,0.00347357463796453,0.005327289851429204,0.7707943083098865,0.0017739959293976426,0.0005153925099179446,0.6550812986397675
49,3,w_layers.0.weight,"[64, 64, 1]",float32,float32,0.029400749366601756,0.016627746225950285,0.022057174571013687,0.7502249108000587,0.0014736130688106641,0.00024619737672733344,0.6692673595107386
49,3,w_layers.1.bias,[64],float32,float32,0.017201456401384718,0.009851748324391823,0.010114559666750095,0.5880060054645067,0.0030100420117378235,0.0010491422352956192,0.8575331959341534
49,3,w_layers.1.weight,"[64, 64, 1]",float32,float32,0.027655987838551447,0.017528620588962394,0.020168017726655274,0.7292459717725861,0.0028599434881471097,0.00020729872070197886,0.6862589014412229
49,3,w_layers.2.bias,[64],float32,float32,0.04938164998206874,0.03165334100446105,0.02116195731675376,0.4285388869030906,0.00803985632956028,0.002091220032525598,0.9572848847698878
49,3,w_layers.2.weight,"[64, 64, 1]",float32,float32,0.028146006990586614,0.021972815913750037,0.01775158286266513,0.6306963139958758,0.0022535864263772964,0.00018970121878900126,0.7760435474000869
49,3,w_layers.3.bias,[64],float32,float32,0.13762270939620083,0.09675879314453084,0.04264314424627597,0.3098554332592813,0.010698175057768822,0.004302688489360662,0.9944211554849095
49,3,w_layers.3.weight,"[64, 64, 1]",float32,float32,0.06012602312134764,0.04804193487654424,0.021392969038252923,0.35580216231958617,0.0018542313482612371,0.00022937928415006636,0.9460574119713556
50,3,conv_layers.0.weights1,"[64, 64, 16]",complex64,complex64,0.012523938741152969,0.0064394097400866344,0.011886411630428013,0.949095318661207,0.0004426172199600842,1.1038237300371161e-05,0.3535681326286089
50,3,conv_layers.1.weights1,"[64, 64, 16]",complex64,complex64,0.0056518449810754835,0.0038754893270487468,0.005748462725486492,1.017094903475683,0.00032056017516879365,5.182594329848828e-06,0.3177081454166348
50,3,conv_layers.2.weights1,"[64, 64, 16]",complex64,complex64,0.005878089430552902,0.0036036354541749325,0.005387812052672068,0.9165923921925226,0.0002601795276859775,5.2931729724089596e-06,0.43690812167465193
50,3,conv_layers.3.weights1,"[64, 64, 16]",complex64,complex64,0.008610581743912668,0.003928827532453037,0.007112421603030937,0.8260094166180038,0.0006009425123920664,5.958597436560877e-06,0.5762910107080551
50,3,mlp_layers.0.conv0.bias,[64],float32,float32,0.0021833212400051687,0.0017831705508559342,0.001460641599245014,0.6689998578686278,0.0005265442014206201,0.00013465587987226968,0.7465663202685258
50,3,mlp_layers.0.conv0.weight,"[64, 64, 1]",float32,float32,0.009113493408194884,0.007194420964964825,0.006647762967554375,0.7294417924938293,0.00075958594243275,7.192888836016209e-05,0.6910767538892302
50,3,mlp_layers.0.conv2.bias,[64],float32,float32,0.0027936308242534334,0.0017800168416529855,0.0022381373026556526,0.8011571476176598,0.0007593442860525101,0.00021316369532087265,0.5996302472241812
50,3,mlp_layers.0.conv2.weight,"[64, 64, 1]",float32,float32,0.011789505868283732,0.008506805914115038,0.00871551963068686,0.7392608077098001,0.001517384487669915,8.214209521202609e-05,0.6750249843626378
50,3,mlp_layers.1.conv0.bias,[64],float32,float32,0.002533897091661684,0.0016359549312380875,0.0018037834931753025,0.7118613850227097,0.0006767343511455692,0.00018397477631992842,0.7048090246824313
50,3,mlp_layers.1.conv0.weight,"[64, 64, 1]",float32,float32,0.005626718294674706,0.005620543004209173,0.004152623455826107,0.7380187239436306,0.00032731460669310763,5.056961912313154e-05,0.7273655691054391
50,3,mlp_layers.1.conv2.bias,[64],float32,float32,0.006956743007271369,0.003755553080437988,0.004873963222302884,0.7006099286991758,0.0017299113678745925,0.000491331602148648,0.7414896153081642
50,3,mlp_layers.1.conv2.weight,"[64, 64, 1]",float32,float32,0.006898571487485718,0.006477100763123269,0.005355465039093869,0.7763150746221729,0.000745224955608137,5.8283991492248666e-05,0.6810472396552953
50,3,mlp_layers.2.conv0.bias,[64],float32,float32,0.006133495601225272,0.0030483619458622417,0.004305403447910004,0.701949382184268,0.002137377508915961,0.0004189283039650604,0.7588277823191962
50,3,mlp_layers.2.conv0.weight,"[64, 64, 1]",float32,float32,0.007120025972730724,0.00623891854278983,0.005777186447079535,0.8113996310134001,0.0008374237804673612,6.555479213712218e-05,0.63306385923387
50,3,mlp_layers.2.conv2.bias,[64],float32,float32,0.02000088030257526,0.0077806557697462616,0.013437178280311506,0.6718293433605206,0.005736408289521933,0.0012765428852858918,0.8996790914358325
50,3,mlp_layers.2.conv2.weight,"[64, 64, 1]",float32,float32,0.008011604048734052,0.00827544680351987,0.007624196992442948,0.951644258261575,0.0010634127247612923,6.951909200254847e-05,0.5621484590292438
50,3,mlp_layers.3.conv0.bias,[64],float32,float32,0.016544888616443054,0.006966356595202839,0.010462447206666411,0.6323673401021486,0.0034928019158542156,0.001066381603934019,0.9231524567435102
50,3,mlp_layers.3.conv0.weight,"[64, 64, 1]",float32,float32,0.004565608972654426,0.007774385975318224,0.004870354697346993,1.0667481000930723,0.00027918187697650865,6.0478714036166226e-05,0.8109004330548573
50,3,mlp_layers.3.conv2.bias,[64],float32,float32,0.0564413657475077,0.02282936707566445,0.03385085719806333,0.5997526238024828,0.008590351790189743,0.003431026119528724,0.993747062477667
50,3,mlp_layers.3.conv2.weight,"[64, 64, 1]",float32,float32,0.014669832769400206,0.009910682806119842,0.012019196711520418,0.8193138190771508,0.0008039082458708435,0.00013264106587001362,0.5810812052826282
50,3,p.bias,[64],float32,float32,0.0019832736802262822,0.0008996090546834886,0.002002840051109075,1.0098656938161759,0.0007449281147273723,0.00020531157056780103,0.20494187153315796
50,3,p.weight,"[64, 2]",float32,float32,0.013317127120435639,0.003443164547960013,0.011321061116528633,0.8501128669978703,0.002118982214597054,0.0007887545669440499,0.6655480797385459
50,3,q.conv0.bias,[128],float32,float32,0.053220387518204446,0.021230198667862524,0.03203526594449238,0.6019359767633121,0.007314145099371672,0.0023350755456092998,0.9987228365021427
50,3,q.conv0.weight,"[128, 64, 1]",float32,float32,0.05052985100883061,0.016548231601346334,0.035867118793682984,0.7098203948278976,0.0024705977411940694,0.0002509695682665798,0.9212491306688163
50,3,q.conv2.bias,[1],float32,float32,0.16371218860149384,0.066124327480793,0.09758786112070084,0.5960940474520684,0.09758786112070084,0.09758786112070084,1.0
50,3,q.conv2.weight,"[1, 128, 1]",float32,float32,0.1360896849782438,0.046161265456092254,0.09181475546085026,0.6746635902311654,0.02781575173139572,0.006285420551847665,0.9727137257787793
50,3,w_layers.0.bias,[64],float32,float32,0.002788266527189936,0.0017822703434421422,0.0022381599218973735,0.8027065920964989,0.0007593436457682401,0.00021316564816231676,0.5978090387770748
50,3,w_layers.0.weight,"[64, 64, 1]",float32,float32,0.020712899200649663,0.008983321097485845,0.017440146088586007,0.841994446052197,0.0013052865106146783,0.00018566500701366895,0.5523858382571802
50,3,w_layers.1.bias,[64],float32,float32,0.006977766534946816,0.0037749213736270487,0.004873963210966052,0.6984990378448082,0.001729911266011186,0.0004913309949330369,0.7437920694508536
50,3,w_layers.1.weight,"[64, 64, 1]",float32,float32,0.013486016102378285,0.009038805058475886,0.011525853933776928,0.8546522446865774,0.0018619940456119366,0.00011994109577424111,0.5362183386176661
50,3,w_layers.2.bias,[64],float32,float32,0.02000563085323031,0.0077840170107223335,0.01343717849492633,0.671669821037242,0.005736408289521933,0.001276542965527483,0.899855235014191
50,3,w_layers.2.weight,"[64, 64, 1]",float32,float32,0.014287462837031447,0.007788146597539638,0.014886235471397115,1.0419089548085276,0.0023833925661165267,0.00013977001101096037,0.19405817889157292
50,3,w_layers.3.bias,[64],float32,float32,0.05643873267124559,0.022826507397332916,0.03385085778140455,0.5997806148232468,0.00859035225585103,0.003431026138514426,0.9937518841460795
50,3,w_layers.3.weight,"[64, 64, 1]",float32,float32,0.025179269623645688,0.011619554624851413,0.02043382447862557,0.8115336458940134,0.0018474923563189805,0.00020812590875408932,0.6006531848606442
51,3,conv_layers.0.weights1,"[64, 64, 16]",complex64,complex64,0.01565831017423053,0.004744438138164996,0.014259123097521722,0.910642523928827,0.000938980418141,1.2373354560293368e-05,0.43323381198942507
51,3,conv_layers.1.weights1,"[64, 64, 16]",complex64,complex64,0.00956568831574813,0.0036918051355821326,0.008616178437692315,0.9007379451729968,0.0005699684297724161,7.201182478313991e-06,0.43740035510994507
51,3,conv_layers.2.weights1,"[64, 64, 16]",complex64,complex64,0.009433870553732251,0.003983174361202692,0.008195060052342256,0.8686848102977315,0.00042148990905843675,7.398009246769327e-06,0.5017009325422376
51,3,conv_layers.3.weights1,"[64, 64, 16]",complex64,complex64,0.014705444859654566,0.006895379837060725,0.010658336981705327,0.724788476882276,0.000820568238850683,8.390410536854492e-06,0.7406152635556075
51,3,mlp_layers.0.conv0.bias,[64],float32,float32,0.002943960510047298,0.000927241140210219,0.002651152139006733,0.9005393007001101,0.0011214281839784235,0.00024518166155473864,0.45756234301368276
51,3,mlp_layers.0.conv0.weight,"[64, 64, 1]",float32,float32,0.009416349540345023,0.0014000504106985695,0.009135500052205826,0.9701742711508449,0.0006858434426249005,0.00010827428103920081,0.2719495036384288
51,3,mlp_layers.0.conv2.bias,[64],float32,float32,0.005690440203318441,0.0022073214576008816,0.004935798595449113,0.8673843181008649,0.0015109631640370935,0.00046383347678258247,0.5131617269914238
51,3,mlp_layers.0.conv2.weight,"[64, 64, 1]",float32,float32,0.015272053531992562,0.0015809341811993745,0.01477172039825447,0.9672386472002621,0.002284060639794916,0.00014107035297987805,0.3630543307517163
51,3,mlp_layers.1.conv0.bias,[64],float32,float32,0.005001210908941949,0.002133393981167048,0.003756381875909325,0.7510944737789554,0.0014072185149416327,0.0003463312828131393,0.7241669483443963
51,3,mlp_layers.1.conv0.weight,"[64, 64, 1]",float32,float32,0.007577348468262704,0.001157668829551221,0.007318985484715014,0.9659032464153089,0.0004348319271230139,8.886250568259854e-05,0.29576053541799935
51,3,mlp_layers.1.conv2.bias,[64],float32,float32,0.011216189681052594,0.005745205808769048,0.007573928191289183,0.6752674844723561,0.002744704601354897,0.0007275564285045277,0.7871429701497626
51,3,mlp_layers.1.conv2.weight,"[64, 64, 1]",float32,float32,0.012052682474829256,0.0017272130853043424,0.011677663083904043,0.9688849854205982,0.0009909632899507415,0.00012309879138612187,0.28539872068527133
51,3,mlp_layers.2.conv0.bias,[64],float32,float32,0.009994022021986328,0.00568865167630809,0.005661902217103042,0.5665288914360157,0.0029139627004042268,0.00054683596205507,0.8810877226700596
51,3,mlp_layers.2.conv0.weight,"[64, 64, 1]",float32,float32,0.008414559786013779,0.001451286027996697,0.008245958460819264,0.9799631437077962,0.0008319539410877042,9.671646862648847e-05,0.20124645992184306
51,3,mlp_layers.2.conv2.bias,[64],float32,float32,0.033060421758971226,0.020234298579435095,0.015244502093233601,0.4611103332067104,0.006572644226253033,0.0014424827687093966,0.949260066393151
51,3,mlp_layers.2.conv2.weight,"[64, 64, 1]",float32,float32,0.01596224385798304,0.004938027245334514,0.013702961315607571,0.8584608428190654,0.0020239835503161885,0.00013446973939309353,0.5798266915357352
51,3,mlp_layers.3.conv0.bias,[64],float32,float32,0.02627767928538131,0.01735539232907714,0.01130297033835622,0.43013578998371604,0.004260588437318802,0.0011334764709545198,0.9472109001560597
51,3,mlp_layers.3.conv0.weight,"[64, 64, 1]",float32,float32,0.006272099606105379,0.002730678390928039,0.00571547978965886,0.9112546274130126,0.00034640944795683026,6.606681126324065e-05,0.4124790407431283
51,3,mlp_layers.3.conv2.bias,[64],float32,float32,0.08953260372206136,0.061885206970881575,0.028917585707123074,0.3229838573319365,0.007276764139533043,0.0029144392883608816,0.9935163743581668
51,3,mlp_layers.3.conv2.weight,"[64, 64, 1]",float32,float32,0.02888591595129727,0.01677921330474615,0.013984948010775919,0.4841441771953869,0.0009558582678437233,0.00015137053946423507,0.9494447634557878
51,3,p.bias,[64],float32,float32,0.005856885820709455,0.0016581150949179738,0.005766294885502717,0.9845325761881141,0.0022087258548708633,0.0005547050082128635,0.19576498160997688
51,3,p.weight,"[64, 2]",float32,float32,0.004422905315396003,0.0021949166353901657,0.006158468180844333,1.3924033506679165,0.001173497294075787,0.00042069568201341667,-0.6977290697612524
51,3,q.conv0.bias,[128],float32,float32,0.08492431274329369,0.057777819524781455,0.027165876554845238,0.3198833841253602,0.006318708881735802,0.0019734661348422833,0.9998927236226224
51,3,q.conv0.weight,"[128, 64, 1]",float32,float32,0.09866072786044368,0.06529828536609164,0.034162535428600954,0.3462627548919375,0.002324020490050316,0.00023882402830245446,0.9958069620056678
51,3,q.conv2.bias,[1],float32,float32,0.2578031122684479,0.1755564659833908,0.08224664628505707,0.31902891148736184,0.08224664628505707,0.08224664628505707,1.0
51,3,q.conv2.weight,"[1, 128, 1]",float32,float32,0.2504657878369683,0.16807094242353302,0.08304393938267654,0.33155801476859187,0.025349702686071396,0.005654791190437436,0.9987245193854203
51,3,w_layers.0.bias,[64],float32,float32,0.005689292204977074,0.0022030650439763297,0.004935822870600958,0.8675636076985165,0.0015109631294762949,0.0004638328244936929,0.5129773529670659
51,3,w_layers.0.weight,"[64, 64, 1]",float32,float32,0.020090468585613842,0.008171227668092203,0.017576100980874473,0.8748477371732469,0.0011687508813338354,0.00018558769308640866,0.4918154033148886
51,3,w_layers.1.bias,[64],float32,float32,0.011231247119914476,0.00576159286542841,0.007573928208330966,0.6743621725588601,0.002744704717770219,0.0007275559384964936,0.7879205332060999
51,3,w_layers.1.weight,"[64, 64, 1]",float32,float32,0.020267653225409587,0.008747442117576137,0.017065766420047243,0.8420198545064835,0.002017063248786144,0.0001691748959178896,0.5529217407851743
51,3,w_layers.2.bias,[64],float32,float32,0.03306466999769079,0.020237030715452346,0.015244502416785936,0.46105109828256563,0.006572644226253033,0.0014424828532355605,0.9493024904647597
51,3,w_layers.2.weight,"[64, 64, 1]",float32,float32,0.0297611205949638,0.015782773765996835,0.019342934790716512,0.6499397335861654,0.0037821606965735555,0.00018674150272988618,0.8097189842025069
51,3,w_layers.3.bias,[64],float32,float32,0.08952994419423357,0.06188215941465953,0.028917584895066586,0.3229934426445125,0.007276762276887894,0.002914439223559384,0.9935178030483784
51,3,w_layers.3.weight,"[64, 64, 1]",float32,float32,0.04945678398813929,0.033501824731766494,0.01958584193479128,0.3960193194019318,0.0021935875993222,0.00018763588844067022,0.9610582826816784
52,3,conv_layers.0.weights1,"[64, 64, 16]",complex64,complex64,0.010168785109031134,0.006900718357281011,0.012547839556919514,1.233956605669195,0.0004977086500730366,1.1795317744182153e-05,-0.045774527162944265
52,3,conv_layers.1.weights1,"[64, 64, 16]",complex64,complex64,0.009125699371592109,0.004388626089991995,0.00979791595988141,1.0736619256143678,0.0005268546537990915,8.178174478704681e-06,0.08164029962045119
52,3,conv_layers.2.weights1,"[64, 64, 16]",complex64,complex64,0.00878499690309069,0.003927891949383349,0.009280671222515722,1.0564228223291285,0.000464772353780063,8.25438981783688e-06,0.0938032533198966
52,3,conv_layers.3.weights1,"[64, 64, 16]",complex64,complex64,0.01014723588147204,0.004004035461248534,0.010393671894177066,1.0242860238574916,0.0007894098380347714,8.440983012554292e-06,0.1350025799174329
52,3,mlp_layers.0.conv0.bias,[64],float32,float32,0.001965324798749051,0.001862358129528399,0.0025239872303276997,1.2842595951235354,0.0008767818653723225,0.00024418211281229674,0.1311928220577661
52,3,mlp_layers.0.conv0.weight,"[64, 64, 1]",float32,float32,0.007328670485303319,0.007385535361041894,0.011023932890410969,1.5042200236070118,0.0010585726995486766,0.0001322225898930246,-0.12259833269479446
52,3,mlp_layers.0.conv2.bias,[64],float32,float32,0.0031164714825860375,0.002335633517017614,0.003306395131042337,1.0609418855643438,0.0010423590338177746,0.0003197791526048377,0.29093057705555714
52,3,mlp_layers.0.conv2.weight,"[64, 64, 1]",float32,float32,0.01276111458393525,0.008566927637664213,0.017459684839119603,1.3681943473103284,0.0021451034117490053,0.0001674862140140388,-0.313758120321732
52,3,mlp_layers.1.conv0.bias,[64],float32,float32,0.002857094233611119,0.001711495258051797,0.002484531780364225,0.8696009222012928,0.000902510539162904,0.00022967948834562435,0.5030064069161011
52,3,mlp_layers.1.conv0.weight,"[64, 64, 1]",float32,float32,0.008582758607300463,0.00556506787139475,0.00990601955617785,1.1541766475584934,0.000767344405176118,0.00011602658130065169,0.068090529433179
52,3,mlp_layers.1.conv2.bias,[64],float32,float32,0.00466654978062452,0.0037381455201406723,0.004506665907020644,0.9657383117892127,0.0016111975419335067,0.00040579095625048467,0.44256382846463393
52,3,mlp_layers.1.conv2.weight,"[64, 64, 1]",float32,float32,0.013012455549298599,0.006666541208453252,0.014210659463168103,1.0920813069700814,0.0013690150080947205,0.00014885009729664195,0.0681509604341302
52,3,mlp_layers.2.conv0.bias,[64],float32,float32,0.004043200578945372,0.0025018060605099535,0.002431606380882871,0.6014063199202279,0.0009029289940372109,0.00021043821586275158,0.8251751687000844
52,3,mlp_layers.2.conv0.weight,"[64, 64, 1]",float32,float32,0.010855362365155403,0.0058172772290099204,0.01056222397466185,0.9729959829406988,0.0011193794489372522,0.00012363689643232756,0.31765548183682335
52,3,mlp_layers.2.conv2.bias,[64],float32,float32,0.01048499542858822,0.006667977666716235,0.005006884888934813,0.4775285714749214,0.0023282193578779697,0.00044664968015695194,0.9249126466565353
52,3,mlp_layers.2.conv2.weight,"[64, 64, 1]",float32,float32,0.01797399436308481,0.008583786537319253,0.015304365177057952,0.8514726814697476,0.002100723242620006,0.00015121809138216903,0.5266952201015543
52,3,mlp_layers.3.conv0.bias,[64],float32,float32,0.007211768462598386,0.004533241332506338,0.003200864362510808,0.4438390360299425,0.0016125555848702788,0.0002769501141699493,0.9530319258817176
52,3,mlp_layers.3.conv0.weight,"[64, 64, 1]",float32,float32,0.010976183421102804,0.007609727382714682,0.0065655375552182375,0.5981621574030312,0.00047579919919371605,7.441511049740418e-05,0.8097996606974712
52,3,mlp_layers.3.conv2.bias,[64],float32,float32,0.02293181772118867,0.01640726066083785,0.0069388060126615485,0.30258421277482034,0.0017997263930737972,0.0006976522832786713,0.9925884264622523
52,3,mlp_layers.3.conv2.weight,"[64, 64, 1]",float32,float32,0.020514494583360538,0.012450767288548735,0.009590773965331235,0.4675120767104048,0.0007045558304525912,0.00010315506029637267,0.9472259006504465
52,3,p.bias,[64],float32,float32,0.0028750799448165527,0.001910567431655308,0.0025177043485124415,0.8756989011911063,0.0008280852780444548,0.0002492441243191479,0.5076900403190798
52,3,p.weight,"[64, 2]",float32,float32,0.003699454435215994,0.004474479624429336,0.0029525329608143893,0.7980995610348705,0.0006006273979437537,0.0002208720059613256,0.7548262736852069
52,3,q.conv0.bias,[128],float32,float32,0.022084925517128866,0.015583619348297379,0.006597534512344087,0.2987347413613462,0.0016101335640996695,0.000467235132145305,0.9981687754424335
52,3,q.conv0.weight,"[128, 64, 1]",float32,float32,0.04233859736873975,0.03004726404288047,0.01535975657662451,0.362783784329266,0.0012439979473128915,0.00010786109911306921,0.9666530495759023
52,3,q.conv2.bias,[1],float32,float32,0.06361150741577148,0.04463811591267586,0.018973391503095627,0.2982697985615016,0.018973391503095627,0.018973391503095627,1.0
52,3,q.conv2.weight,"[1, 128, 1]",float32,float32,0.09432970624477728,0.0684315519284253,0.028815554623917508,0.3054769888622751,0.00781727023422718,0.0019011409531799472,0.9876360479172234
52,3,w_layers.0.bias,[64],float32,float32,0.003120523723367675,0.0023301965039762753,0.003306428868722092,1.059574982225672,0.0010423590028949548,0.00031978581157687813,0.2912088935662439
52,3,w_layers.0.weight,"[64, 64, 1]",float32,float32,0.014494712971646284,0.011648025664830306,0.01570176594036342,1.083275396420633,0.0011580437130760401,0.00016394506263663674,0.2938605045149846
52,3,w_layers.1.bias,[64],float32,float32,0.004659617823941295,0.0037339562749556334,0.004506667254227741,0.9671752973113614,0.0016111991135403514,0.0004057914008228636,0.4409617290656448
52,3,w_layers.1.weight,"[64, 64, 1]",float32,float32,0.014819223644652518,0.013090733688413483,0.01662655321205874,1.1219584514508891,0.001904528122395277,0.00015692028094090038,0.29520017370334534
52,3,w_layers.2.bias,[64],float32,float32,0.010487680220621918,0.006667501259669553,0.0050068852027323075,0.4774063565446316,0.002328219823539257,0.0004466497379098655,0.92509911120007
52,3,w_layers.2.weight,"[64, 64, 1]",float32,float32,0.023814087596150668,0.017539614388442676,0.019547573186051312,0.8208407358512866,0.003388741926755756,0.00019337048687521896,0.5897212353063311
52,3,w_layers.3.bias,[64],float32,float32,0.02292904449923855,0.016403792531009657,0.006938805833229338,0.3026208019030086,0.0017997263930737972,0.0006976522664103868,0.9925980213048361
52,3,w_layers.3.weight,"[64, 64, 1]",float32,float32,0.026747806408670107,0.023012547969702746,0.015012455052086338,0.5612592981538912,0.001298211980611086,0.00015760427181297706,0.8282619266781318
53,3,conv_layers.0.weights1,"[64, 64, 16]",complex64,complex64,0.0073730189744549215,0.020608213158555315,0.020486355905322415,2.778557328592383,0.0010376107675256208,1.6640277594224117e-05,0.19536404323429166
53,3,conv_layers.1.weights1,"[64, 64, 16]",complex64,complex64,0.00644735945206221,0.012179235042308556,0.013165218312685715,2.0419550686715278,0.001087687720428221,9.700393061116294e-06,0.10556808561938551
53,3,conv_layers.2.weights1,"[64, 64, 16]",complex64,complex64,0.0065061882859079245,0.00996187289834142,0.011441625270974832,1.7585758001742455,0.000674853399686981,9.64474110132999e-06,0.0822248147734096
53,3,conv_layers.3.weights1,"[64, 64, 16]",complex64,complex64,0.007697569792657783,0.009831626315601484,0.011774246132894147,1.5296056352908738,0.0007295290779438801,9.857730180307655e-06,0.11416932656736736
53,3,mlp_layers.0.conv0.bias,[64],float32,float32,0.001595465509602596,0.005634879884473506,0.005323770196268088,3.3368130894876886,0.0020160343556199223,0.0004964740714932248,0.33118367634136064
53,3,mlp_layers.0.conv0.weight,"[64, 64, 1]",float32,float32,0.0055702472897484825,0.022491100491978864,0.022799595085675046,4.0931028551704625,0.002203759526310023,0.00026180500244007976,0.06806986409620451
53,3,mlp_layers.0.conv2.bias,[64],float32,float32,0.002446374487838021,0.006312873091488054,0.005792477701645985,2.3677804565257206,0.0016556863265577704,0.0005293605927931821,0.39771412673799433
53,3,mlp_layers.0.conv2.weight,"[64, 64, 1]",float32,float32,0.009775135811841989,0.02600384850108667,0.028969803969811844,2.9636216342607407,0.003373110288521275,0.0002731463581127991,-0.13276647288548882
53,3,mlp_layers.1.conv0.bias,[64],float32,float32,0.0024535125452208313,0.005058925777496602,0.004090736374997053,1.6672979247509252,0.001775955141056329,0.0003884354687784253,0.5993459752604366
53,3,mlp_layers.1.conv0.weight,"[64, 64, 1]",float32,float32,0.006098609872590968,0.017690312926488223,0.016868607532494303,2.7659758346417638,0.0010459496988914907,0.00020217310200709715,0.3039787413064408
53,3,mlp_layers.1.conv2.bias,[64],float32,float32,0.003616501021008785,0.009988186794132738,0.008365437358246686,2.3131300971990973,0.003002146830112906,0.0008180106855490976,0.5932959338620448
53,3,mlp_layers.1.conv2.weight,"[64, 64, 1]",float32,float32,0.010018507093038467,0.021352828973434674,0.02024746589933247,2.021006294780364,0.0016341823538823519,0.00022925785654322184,0.3420707302599025
53,3,mlp_layers.2.conv0.bias,[64],float32,float32,0.0036354976727366066,0.006830266613006106,0.004150939132651167,1.1417801650046344,0.0020448353607207537,0.00035708316663729534,0.8585713672296259
53,3,mlp_layers.2.conv0.weight,"[64, 64, 1]",float32,float32,0.008725913447850146,0.019189160875635342,0.016643857142126465,1.907405710771416,0.001701302913716063,0.000195032594749886,0.49971489725056156
53,3,mlp_layers.2.conv2.bias,[64],float32,float32,0.007658664431269833,0.01356924237697016,0.006995147207798357,0.9133638469963016,0.0037148697301745415,0.0005977272083868002,0.9326556652664054
53,3,mlp_layers.2.conv2.weight,"[64, 64, 1]",float32,float32,0.01519921868167496,0.028068558763856454,0.021115745617596632,1.3892652023656302,0.002528520650230348,0.00022058975032941686,0.6715406076426788
53,3,mlp_layers.3.conv0.bias,[64],float32,float32,0.005017086183950881,0.008021125257206415,0.003484676845561196,0.6945618866800221,0.0012891374062746763,0.00031312326387933354,0.9612510620628032
53,3,mlp_layers.3.conv0.weight,"[64, 64, 1]",float32,float32,0.01093651877788326,0.02440430883645088,0.016341566968260286,1.4942201718985355,0.000905139691894874,0.00020447471878311425,0.8395166251745542
53,3,mlp_layers.3.conv2.bias,[64],float32,float32,0.013755185705112456,0.02546215189733192,0.011961814679876786,0.8696221873202977,0.0032762065529823303,0.0012595584191217313,0.9913887461630682
53,3,mlp_layers.3.conv2.weight,"[64, 64, 1]",float32,float32,0.018910886881650293,0.037203725688057965,0.020442071703869528,1.0809684300795528,0.0015115253627300262,0.00022316062121189445,0.9408359752041205
53,3,p.bias,[64],float32,float32,0.0024490795669319227,0.004835696822041944,0.0038319976192505057,1.5646684864759333,0.0010245765442959964,0.00040445342364137105,0.620524399801783
53,3,p.weight,"[64, 2]",float32,float32,0.0024259648673468936,0.012122698760978342,0.010062917597879929,4.148006318362323,0.002292887744260952,0.0007297170899818184,0.8769831852157235
53,3,q.conv0.bias,[128],float32,float32,0.013455311769504132,0.02488421311501256,0.011590242081035018,0.8613878503583833,0.0028328511398285627,0.0007402449671012334,0.9944539278066997
53,3,q.conv0.weight,"[128, 64, 1]",float32,float32,0.0314093649435091,0.06570547237371867,0.03612247784134927,1.1500543836628623,0.0026165859308093786,0.0002653794259458702,0.9688408598141814
53,3,q.conv2.bias,[1],float32,float32,0.03727523609995842,0.06640604883432388,0.029130812734365463,0.7815057872805253,0.029130812734365463,0.029130812734365463,1.0
53,3,q.conv2.weight,"[1, 128, 1]",float32,float32,0.06755898332153892,0.14207951243613073,0.07624851790258207,1.128621452748724,0.026583025231957436,0.005305304369036534,0.9864291031076119
53,3,w_layers.0.bias,[64],float32,float32,0.002448424392654022,0.006307246621640722,0.005792510098601766,2.3658113013336104,0.0016557102062506601,0.0005293583355481246,0.39574933520161065
53,3,w_layers.0.weight,"[64, 64, 1]",float32,float32,0.009829895371774863,0.02914401958727511,0.027048561942186734,2.751663259799571,0.002480630049831234,0.0002704469570112833,0.3741518162858858
53,3,w_layers.1.bias,[64],float32,float32,0.0036114450223687865,0.009980718757059652,0.008365439548859984,2.316369070287826,0.003002148605446564,0.0008180104210993022,0.591995003371319
53,3,w_layers.1.weight,"[64, 64, 1]",float32,float32,0.012625477998104906,0.03142165210200193,0.028555574839279407,2.2617420776912858,0.004010929667856544,0.00027002260000035666,0.41755846925484474
53,3,w_layers.2.bias,[64],float32,float32,0.0076606668410840895,0.01356765252937988,0.006995148042519911,0.9131252132001085,0.0037148701958358288,0.0005977272978157089,0.9324611047772657
53,3,w_layers.2.weight,"[64, 64, 1]",float32,float32,0.019116825729245206,0.038066728925849884,0.02808263229142521,1.4690008000891057,0.00275171035900712,0.00030189961826052394,0.704873891768231
53,3,w_layers.3.bias,[64],float32,float32,0.013752473167938336,0.02545858561862585,0.011961814531171839,0.8697937007475042,0.003276206785812974,0.0012595583943735278,0.9913573005994805
53,3,w_layers.3.weight,"[64, 64, 1]",float32,float32,0.021219448827104435,0.051384284678083085,0.033739547495003956,1.590029400382309,0.002561131026595831,0.0003730547208117621,0.8952443987929979
54,3,conv_layers.0.weights1,"[64, 64, 16]",complex64,complex64,0.019465282445940427,0.01772715324634128,0.02373030845408197,1.2191093820491175,0.0011429192090872675,2.0247465656889704e-05,0.1884021901359906
54,3,conv_layers.1.weights1,"[64, 64, 16]",complex64,complex64,0.008833172610372649,0.01105485098512437,0.014147357239707435,1.601616753542711,0.0010699671693146229,1.1188876465995838e-05,0.0004452244144171983
54,3,conv_layers.2.weights1,"[64, 64, 16]",complex64,complex64,0.010111192015396106,0.009781591981789408,0.012895687592645817,1.2753874689561642,0.0006054520181351108,1.1249334561524133e-05,0.15983746623208978
54,3,conv_layers.3.weights1,"[64, 64, 16]",complex64,complex64,0.013568453788432648,0.009635197202897522,0.014432818723124428,1.0637040113906469,0.0009941195894498378,1.232666399994006e-05,0.26249225476746035
54,3,mlp_layers.0.conv0.bias,[64],float32,float32,0.0032441164015419833,0.004800893216076897,0.004795368433155515,1.4781739739289859,0.0015347141597885638,0.00047683065412229553,0.3395679558202442
54,3,mlp_layers.0.conv0.weight,"[64, 64, 1]",float32,float32,0.010540525352208237,0.019186700240612625,0.020727027286409325,1.9664131145101813,0.001975892228074372,0.0002440254973034052,0.12268343524064015
54,3,mlp_layers.0.conv2.bias,[64],float32,float32,0.0036931724953464086,0.005124772448656589,0.006147383337689434,1.6645264594154374,0.002466841251589358,0.0005376982922200568,0.055807333799756054
54,3,mlp_layers.0.conv2.weight,"[64, 64, 1]",float32,float32,0.013279740228249225,0.022151534129320298,0.025948262327398913,1.9539736381439654,0.002921347986557521,0.00024474567283715165,-0.01065782552563133
54,3,mlp_layers.1.conv0.bias,[64],float32,float32,0.0027135881655720897,0.004307117098955255,0.0037465500544261307,1.3806627335567951,0.001603230688488111,0.0003503048095510053,0.5081469602456732
54,3,mlp_layers.1.conv0.weight,"[64, 64, 1]",float32,float32,0.007021689590097862,0.015307073451389062,0.01455164840008771,2.0723856008401107,0.0010950452997349203,0.0001747443816729477,0.3342907335002859
54,3,mlp_layers.1.conv2.bias,[64],float32,float32,0.0075133380659402425,0.009290988701281882,0.008774024335393166,1.1677930978732232,0.0029189869528636336,0.0008515739115644294,0.4712266663017482
54,3,mlp_layers.1.conv2.weight,"[64, 64, 1]",float32,float32,0.010389211698573639,0.018295390064828287,0.017157450164991418,1.6514679518318995,0.00149390465230681,0.00019476250510543774,0.39005437440279705
54,3,mlp_layers.2.conv0.bias,[64],float32,float32,0.007012320630940987,0.006549452477793,0.005535517709911245,0.7893988311781504,0.0029735920834355056,0.000512292817256288,0.6687373259899068
54,3,mlp_layers.2.conv0.weight,"[64, 64, 1]",float32,float32,0.01037155154509412,0.0167146499855767,0.014941139362432543,1.4405886426414085,0.0017154725501313806,0.0001768618637864247,0.472179081696883
54,3,mlp_layers.2.conv2.bias,[64],float32,float32,0.02007028879563214,0.012922172118153689,0.013542018513270825,0.6747296290135073,0.005410057958215475,0.001137187030565201,0.7449589110561495
54,3,mlp_layers.2.conv2.weight,"[64, 64, 1]",float32,float32,0.014324469728250758,0.023116685419883175,0.017872150104459125,1.2476657386633743,0.0022214222117327154,0.00018773152341652888,0.6344221642727802
54,3,mlp_layers.3.conv0.bias,[64],float32,float32,0.016784819179458798,0.010660092692254888,0.008547793149315175,0.5092573865660665,0.0029234308458399028,0.0008433463843289246,0.9006512475091962
54,3,mlp_layers.3.conv0.weight,"[64, 64, 1]",float32,float32,0.011953635271697143,0.020945698782117148,0.012700583177038045,1.0624870918648042,0.0007994191400939599,0.00015678088249160976,0.8393472073264079
54,3,mlp_layers.3.conv2.bias,[64],float32,float32,0.05600764828574718,0.030331548748715586,0.026338127270777684,0.4702594748560476,0.006813231389969587,0.0026547685687319245,0.9898649379686155
54,3,mlp_layers.3.conv2.weight,"[64, 64, 1]",float32,float32,0.018544149207127346,0.02666594692579328,0.016944507263018965,0.9137387255548199,0.0012279236107133329,0.00018051112210778347,0.776386313073936
54,3,p.bias,[64],float32,float32,0.0042195326876586,0.003460534545141331,0.005599878818665271,1.3271324654135146,0.0016851082909852266,0.000554408519150229,-0.054064675805847284
54,3,p.weight,"[64, 2]",float32,float32,0.006429468648938144,0.010509418569553432,0.011074688163881246,1.7224888662782858,0.0029175756499171257,0.0008498813322717069,0.2156077969312783
54,3,q.conv0.bias,[128],float32,float32,0.05422117576474977,0.028866975146791162,0.02595190492545875,0.4786304346858259,0.006060563027858734,0.0018455302755597813,0.990203854407325
54,3,q.conv0.weight,"[128, 64, 1]",float32,float32,0.04405586553714169,0.024338087189171104,0.04129269673446074,0.9372803423791223,0.0028981899085920304,0.00029917167813516346,0.3861908019495289
54,3,q.conv2.bias,[1],float32,float32,0.16987767815589905,0.09221276640892029,0.07766491174697876,0.4571813824515815,0.07766491174697876,0.07766491174697876,1.0
54,3,q.conv2.weight,"[1, 128, 1]",float32,float32,0.12436103547841769,0.052750595549568915,0.09734081583718304,0.7827276080704242,0.033574793429579586,0.006674396812570649,0.6686661072749597
54,3,w_layers.0.bias,[64],float32,float32,0.003698520036674955,0.005119997323254698,0.006147407483291834,1.6621263160219295,0.0024669046979397535,0.0005377021891135314,0.05552277299981814
54,3,w_layers.0.weight,"[64, 64, 1]",float32,float32,0.016496581280436864,0.025630003631225532,0.02865416880947382,1.7369761844809941,0.0030601108446717262,0.0002742928770254893,0.12768565566971427
54,3,w_layers.1.bias,[64],float32,float32,0.007486437649190653,0.009275998213111918,0.00877402580743919,1.1719894319012643,0.002918987302109599,0.0008515731851304054,0.46877478098032727
54,3,w_layers.1.weight,"[64, 64, 1]",float32,float32,0.014739422792060598,0.027562201159094555,0.026047274536423474,1.7671841634432157,0.0034886907669715583,0.0002521485791115996,0.3673406997742285
54,3,w_layers.2.bias,[64],float32,float32,0.02006548796079377,0.012916991326055564,0.013542018379938472,0.6748910570427396,0.005410057958215475,0.0011371869612730734,0.744806059242827
54,3,w_layers.2.weight,"[64, 64, 1]",float32,float32,0.017945360336749715,0.028124708187303303,0.024680903375949536,1.375336182322643,0.002508123143343255,0.00026763751958081006,0.49918780169298027
54,3,w_layers.3.bias,[64],float32,float32,0.05601001841233606,0.030334089428680756,0.026338126808215033,0.47023956704170855,0.006813231389969587,0.0026547685162086054,0.98986364540215
54,3,w_layers.3.weight,"[64, 64, 1]",float32,float32,0.02692418669444929,0.034504031588171225,0.03035312882312132,1.127355458034279,0.0021750178711954504,0.00032454352245581825,0.5350565657001407
55,3,conv_layers.0.weights1,"[64, 64, 16]",complex64,complex64,0.016911009390887542,0.014991390479826894,0.017195239435076115,1.0168073967448525,0.0006742631958331913,1.615094052051545e-05,0.424124632578662
55,3,conv_layers.1.weights1,"[64, 64, 16]",complex64,complex64,0.009835461966761718,0.008868235975295938,0.01093287877192802,1.1115775556730276,0.0005295683313306654,9.636983436554197e-06,0.32017906175221267
55,3,conv_layers.2.weights1,"[64, 64, 16]",complex64,complex64,0.010727541715764014,0.007710248151036498,0.010515988936539796,0.9802794727040451,0.0006782868149457499,9.892945121231133e-06,0.3865342863854331
55,3,conv_layers.3.weights1,"[64, 64, 16]",complex64,complex64,0.012786117345855743,0.007254418635672536,0.012611662362664004,0.9863559062948626,0.0009669240134826396,1.0838311133221123e-05,0.30756744848841616
55,3,mlp_layers.0.conv0.bias,[64],float32,float32,0.0031054588628959315,0.004144052399706068,0.0024303179335357855,0.7825954362407631,0.0007871461275499314,0.00023691011095650083,0.8124291086186441
55,3,mlp_layers.0.conv0.weight,"[64, 64, 1]",float32,float32,0.013761861808564063,0.016513141217671973,0.014067377787768735,1.0222001923471247,0.0018893708620453253,0.00015537884685581926,0.581253538618838
55,3,mlp_layers.0.conv2.bias,[64],float32,float32,0.003276260759590143,0.004569941995322682,0.003418289152127893,1.0433507595883538,0.0013142102634446928,0.0003263460487659131,0.6656801185099877
55,3,mlp_layers.0.conv2.weight,"[64, 64, 1]",float32,float32,0.018488079906116332,0.0191709969796453,0.015622384430595534,0.8449976693051423,0.002271113163260452,0.00014846433458723385,0.6563649586337287
55,3,mlp_layers.1.conv0.bias,[64],float32,float32,0.0028136436621047835,0.0036135793872928558,0.002282108836737989,0.8110866587245191,0.0011939329342567362,0.00022499462518155156,0.7753527257736735
55,3,mlp_layers.1.conv0.weight,"[64, 64, 1]",float32,float32,0.009440539902410137,0.012971279159382272,0.010627029232344343,1.125680240981906,0.0011711081897374243,0.00012510328751758754,0.5897802872198047
55,3,mlp_layers.1.conv2.bias,[64],float32,float32,0.0067646672372478015,0.007294153791324636,0.005308380946926619,0.7847216663810841,0.0018301121817785315,0.0005243922937125944,0.7172970647705988
55,3,mlp_layers.1.conv2.weight,"[64, 64, 1]",float32,float32,0.013905002159739648,0.015617542992358456,0.012123986489002562,0.8719154696794068,0.0014123374712653458,0.00013635002137723368,0.6683161123471325
55,3,mlp_layers.2.conv0.bias,[64],float32,float32,0.005942236734189455,0.004911189640706503,0.004270821402484741,0.7187228637176297,0.0016688943142071366,0.00040374989828961816,0.705708946936935
55,3,mlp_layers.2.conv0.weight,"[64, 64, 1]",float32,float32,0.013906157201135583,0.01425039569447559,0.01235385136170091,0.8883727677616134,0.001876191410701722,0.0001452171405418659,0.615228097992648
55,3,mlp_layers.2.conv2.bias,[64],float32,float32,0.012173212129090508,0.007957084319083567,0.01153572770958221,0.9476321933152801,0.004749555257149041,0.0010593091799009358,0.4048452333026221
55,3,mlp_layers.2.conv2.weight,"[64, 64, 1]",float32,float32,0.021190029455495484,0.02047160665139751,0.014459311437063471,0.6823639140017123,0.001846272178227082,0.0001582502970006311,0.7596144933593421
55,3,mlp_layers.3.conv0.bias,[64],float32,float32,0.00968555495993122,0.0040025840393519896,0.009198393056070212,0.9497022208973694,0.0031824138714000583,0.0009102513197518647,0.3252773998615462
55,3,mlp_layers.3.conv0.weight,"[64, 64, 1]",float32,float32,0.016808337987511936,0.01800304612210231,0.009678332159224829,0.5758054226667457,0.0007257360994117334,0.00011112024143772326,0.8475836179039655
55,3,mlp_layers.3.conv2.bias,[64],float32,float32,0.028365658661054113,0.005429981989190176,0.032923214241644884,1.1606715936001961,0.008319240412674844,0.0033343518045398923,-0.8110459826381397
55,3,mlp_layers.3.conv2.weight,"[64, 64, 1]",float32,float32,0.024063656709417045,0.025125939732802662,0.01222689212420806,0.5081061565935322,0.0008833528263494372,0.00013267541625676393,0.8773047882122352
55,3,p.bias,[64],float32,float32,0.0029858492758240355,0.0033574111493030055,0.0025793255516753334,0.863849884372844,0.0007263882580446079,0.00026984630537185694,0.6750602658015181
55,3,p.weight,"[64, 2]",float32,float32,0.010536029312720558,0.009098609211303161,0.008452115032579416,0.802210660364702,0.0016042879724409431,0.0006482953248792,0.6381715699488614
55,3,q.conv0.bias,[128],float32,float32,0.027870240124587282,0.006769048690359052,0.03204323207000298,1.1497293143783953,0.007225646870210767,0.002341100380815142,-0.5411953122875731
55,3,q.conv0.weight,"[128, 64, 1]",float32,float32,0.0204363253533769,0.03547095217535517,0.03132248642680852,1.5326868155205209,0.0022542268852703273,0.0002262866063795577,0.4791954732873609
55,3,q.conv2.bias,[1],float32,float32,0.09043759107589722,0.009455298073589802,0.09989288914948702,1.1045505299411913,0.09989288914948702,0.09989288914948702,-1.0
55,3,q.conv2.weight,"[1, 128, 1]",float32,float32,0.04909557786411103,0.07074203841805658,0.08510965137841273,1.7335502519999477,0.0273371459916234,0.005824541553678841,0.02464051713293123
55,3,w_layers.0.bias,[64],float32,float32,0.0032815929007748157,0.0045639364614118594,0.0034182984708551615,1.0416582965084025,0.001314275388722308,0.00032634757640082057,0.6648069761541093
55,3,w_layers.0.weight,"[64, 64, 1]",float32,float32,0.01838010827749479,0.022169471748264693,0.020549156395442816,1.1180106278592428,0.0017463387921452522,0.00022086234291759932,0.49947081485014944
55,3,w_layers.1.bias,[64],float32,float32,0.006741614965154336,0.0072838604322319,0.005308383492599718,0.7874053205407575,0.0018301087475265376,0.000524392904011961,0.7160684747079474
55,3,w_layers.1.weight,"[64, 64, 1]",float32,float32,0.019025732142630685,0.023190868622488953,0.018798888458612533,0.9880770063239844,0.0019640206010080874,0.00018787212864325442,0.6191838917083569
55,3,w_layers.2.bias,[64],float32,float32,0.012168810697732084,0.007954107134614447,0.011535727658874026,0.9479749455732722,0.004749555140733719,0.0010593091132165,0.4043451012763771
55,3,w_layers.2.weight,"[64, 64, 1]",float32,float32,0.024462965614806927,0.025269852290602718,0.020997113517004288,0.8583224882716252,0.0021813600906170905,0.0002201571114200107,0.6439298465977673
55,3,w_layers.3.bias,[64],float32,float32,0.028367545939713988,0.005425536085433282,0.03292321425806504,1.1605943752777435,0.008319240063428879,0.0033343518295509966,-0.8114655370349625
55,3,w_layers.3.weight,"[64, 64, 1]",float32,float32,0.026003663861062724,0.033063249970241494,0.021353241199718785,0.821162791282371,0.0013856561272405088,0.00022772894056709986,0.7638175244677872
56,3,conv_layers.0.weights1,"[64, 64, 16]",complex64,complex64,0.02310406699121037,0.0064753843790678915,0.02257282832472921,0.9770067033356826,0.0009369788458570838,1.980486517712528e-05,0.22123169263007492
56,3,conv_layers.1.weights1,"[64, 64, 16]",complex64,complex64,0.009261582919681878,0.004067653944186003,0.009749827035081555,1.05271713481743,0.0005112409126013517,8.609523787118e-06,0.09640347329334574
56,3,conv_layers.2.weights1,"[64, 64, 16]",complex64,complex64,0.009105044923087726,0.0038343985758327926,0.009285805314626822,1.019852773167625,0.0006847722252132371,8.675360107503733e-06,0.16295477404611686
56,3,conv_layers.3.weights1,"[64, 64, 16]",complex64,complex64,0.012462708288267505,0.0037831320401843873,0.011795583558170713,0.946470324534128,0.0011836590128950775,9.66497228380013e-06,0.32340023426312015
56,3,mlp_layers.0.conv0.bias,[64],float32,float32,0.0024211761628140506,0.0006237156848026599,0.0021992826443062333,0.9083530054872513,0.0008355169268270402,0.0002045875473655201,0.46826276092848945
56,3,mlp_layers.0.conv0.weight,"[64, 64, 1]",float32,float32,0.009863267704306095,0.0025563407298885275,0.009506509648947609,0.9638296286733926,0.001077692908438621,0.0001009393462972491,0.2666231016682318
56,3,mlp_layers.0.conv2.bias,[64],float32,float32,0.0042557567778034825,0.0008239425024803788,0.004101421249475142,0.9637348804486902,0.0014006999554112554,0.00037748179735785925,0.280720284767547
56,3,mlp_layers.0.conv2.weight,"[64, 64, 1]",float32,float32,0.011935220894750739,0.003001089689443992,0.010659993336850774,0.8931542558662802,0.0016824354679556563,9.819155198208251e-05,0.5279450760119261
56,3,mlp_layers.1.conv0.bias,[64],float32,float32,0.0026794927304866338,0.0006202855226671937,0.0024131922623411113,0.9006153421818918,0.0008045902359299362,0.00023917576594811862,0.5237321237256354
56,3,mlp_layers.1.conv0.weight,"[64, 64, 1]",float32,float32,0.005632944932079095,0.0019541117301303612,0.005695588424866279,1.0111209134018753,0.000529436007127515,6.52300705975134e-05,0.141218302790495
56,3,mlp_layers.1.conv2.bias,[64],float32,float32,0.006998746037620056,0.0016948993383311638,0.006095965830547604,0.8710082917397236,0.0020674954575952142,0.0005943635125085223,0.6193778382835784
56,3,mlp_layers.1.conv2.weight,"[64, 64, 1]",float32,float32,0.008057726327409554,0.002435759921289941,0.007693680742044658,0.9548203090335122,0.0008772263026912697,8.004506611920814e-05,0.2972268496768432
56,3,mlp_layers.2.conv0.bias,[64],float32,float32,0.0059650418047962435,0.0014281296852831846,0.004830984933263324,0.8098828292165411,0.00159827085735742,0.0004829112332984664,0.8383089979262283
56,3,mlp_layers.2.conv0.weight,"[64, 64, 1]",float32,float32,0.006407550035416846,0.0021604883446434318,0.006299702633027821,0.9831686991450845,0.000994353355054045,6.678814687833233e-05,0.21808724254373252
56,3,mlp_layers.2.conv2.bias,[64],float32,float32,0.020204006323505306,0.004816515100175991,0.01596231533981692,0.7900569364426693,0.007482042303308845,0.001522226999568943,0.9074088606222179
56,3,mlp_layers.2.conv2.weight,"[64, 64, 1]",float32,float32,0.00834108745501359,0.0027282486358476514,0.007779045412331314,0.9326176537875228,0.0016233801434282213,7.818502552223508e-05,0.36261044469745135
56,3,mlp_layers.3.conv0.bias,[64],float32,float32,0.016408280565817602,0.00411100698128509,0.012573839704806872,0.7663106231253266,0.0040086570661515,0.0012803677863928442,0.9490137677748147
56,3,mlp_layers.3.conv0.weight,"[64, 64, 1]",float32,float32,0.005838727898318794,0.0024123047540931274,0.004142107896181484,0.7094195804833043,0.0004097831479157321,4.625795819113328e-05,0.8077116573980992
56,3,mlp_layers.3.conv2.bias,[64],float32,float32,0.05704293033595991,0.014704054722039145,0.04249580158389182,0.744979287242234,0.010944078210741282,0.004285982138867439,0.992064043109317
56,3,mlp_layers.3.conv2.weight,"[64, 64, 1]",float32,float32,0.014456233630363066,0.00412497870364218,0.010627297895472183,0.7351360089498831,0.0009304028935730457,0.00010982498347808511,0.9479753487579912
56,3,p.bias,[64],float32,float32,0.0047198825995977385,0.0005748806246648333,0.00479153266981844,1.015180477206532,0.0018959271110361442,0.00045167345294316874,-0.064680814134976
56,3,p.weight,"[64, 2]",float32,float32,0.020086317255903933,0.003727261127953604,0.017116982559805538,0.8521712736950013,0.002945708343759179,0.001246952219574382,0.8305502313053283
56,3,q.conv0.bias,[128],float32,float32,0.055811146549036066,0.014055903051402214,0.04176129126597329,0.7482607659615365,0.009328912012279034,0.0030496450849426537,0.9996780726160771
56,3,q.conv0.weight,"[128, 64, 1]",float32,float32,0.055263248719802024,0.01357250579826751,0.04206959068940241,0.7612580089655127,0.0026164306327700615,0.0002889505424648296,0.9788467701812203
56,3,q.conv2.bias,[1],float32,float32,0.17336231470108032,0.04362724348902702,0.1297350712120533,0.7483464410114088,0.1297350712120533,0.1297350712120533,1.0
56,3,q.conv2.weight,"[1, 128, 1]",float32,float32,0.14621864572572796,0.03538511580644253,0.11110855888022947,0.7598795511253961,0.03434550575911999,0.007561515863031332,0.9941011857186074
56,3,w_layers.0.bias,[64],float32,float32,0.004258581913969379,0.0008166083931245282,0.004101417918689675,0.9630947581954075,0.0014007418503751978,0.0003774857082134986,0.284786032182752
56,3,w_layers.0.weight,"[64, 64, 1]",float32,float32,0.023896439007064237,0.007724038071102831,0.021156152474402046,0.8853265738944572,0.001831951074564131,0.00021916559227040666,0.4960470947205913
56,3,w_layers.1.bias,[64],float32,float32,0.006981337985296439,0.001677198889931213,0.006095966306674523,0.8731802298518395,0.0020674950210377574,0.0005943640975658582,0.6145340124124103
56,3,w_layers.1.weight,"[64, 64, 1]",float32,float32,0.013505782900701124,0.005720625377825327,0.01291661268968737,0.956376448863015,0.001422047324012965,0.00013514527878052962,0.3125284122220733
56,3,w_layers.2.bias,[64],float32,float32,0.02019901963578962,0.004811764229667876,0.015962315251426586,0.7902519795140833,0.007482042536139488,0.0015222269228587493,0.9072572404274729
56,3,w_layers.2.weight,"[64, 64, 1]",float32,float32,0.015787026730204608,0.006281911553978179,0.014022175554495574,0.888208767498162,0.0015997382579371333,0.00015074284209827538,0.4641963627795955
56,3,w_layers.3.bias,[64],float32,float32,0.05704525492018077,0.014706835188241656,0.04249580157367279,0.7449489292866521,0.010944077745079994,0.0042859821666070275,0.992042860816777
56,3,w_layers.3.weight,"[64, 64, 1]",float32,float32,0.028526928570003423,0.009304076080688936,0.02153346795741917,0.7548470528321088,0.0022768573253415525,0.00021418647876626437,0.8225956023796259
57,3,conv_layers.0.weights1,"[64, 64, 16]",complex64,complex64,0.023113707045227815,0.007603810932914365,0.019727087912725465,0.8534800529453985,0.001539340621093288,1.3241154286074684e-05,0.5772426439549763
57,3,conv_layers.1.weights1,"[64, 64, 16]",complex64,complex64,0.013448186033151998,0.004818317379715292,0.011285406788001748,0.839176879333864,0.001061221701093018,7.927094874846744e-06,0.591915826024892
57,3,conv_layers.2.weights1,"[64, 64, 16]",complex64,complex64,0.011851177615355502,0.004618389538233655,0.009709450603111512,0.8192815025007332,0.0009191151475533843,7.737762533210061e-06,0.6166852199671096
57,3,conv_layers.3.weights1,"[64, 64, 16]",complex64,complex64,0.01833042586890057,0.00783001895257877,0.013143989273502493,0.7170585870458475,0.0015412612701766193,8.920659646528277e-06,0.7822512308818301
57,3,mlp_layers.0.conv0.bias,[64],float32,float32,0.00475362423277617,0.0017846257586384684,0.004376473364281489,0.9206603530219677,0.0021790018654428422,0.00038414520583174294,0.3906618741410688
57,3,mlp_layers.0.conv0.weight,"[64, 64, 1]",float32,float32,0.014853833621999013,0.0057380957451539285,0.014292312688234743,0.9621969016178665,0.0016678973042871803,0.00014925033777105773,0.28916074928864594
57,3,mlp_layers.0.conv2.bias,[64],float32,float32,0.009706698613774973,0.003094945143150452,0.00833901252168886,0.859098737222025,0.00226643230416812,0.0007472479342531813,0.5701999868177513
57,3,mlp_layers.0.conv2.weight,"[64, 64, 1]",float32,float32,0.019435789946997562,0.0068394941796322,0.019616807521435242,1.0093136206416784,0.0020052525360370055,0.00016708985642734445,0.14936125682795243
57,3,mlp_layers.1.conv0.bias,[64],float32,float32,0.006416191683105905,0.0025779244166182365,0.004982144488986297,0.7764955810320453,0.0017797410255298018,0.00045220568765103053,0.6950063720372535
57,3,mlp_layers.1.conv0.weight,"[64, 64, 1]",float32,float32,0.011319689238686386,0.004157600130857555,0.009818018164523644,0.8673399028455125,0.0008193466783268377,9.95914109890271e-05,0.5208740620354879
57,3,mlp_layers.1.conv2.bias,[64],float32,float32,0.014288713661492676,0.006385552966662421,0.010312125521087814,0.7216972615861457,0.004306253977119923,0.0009415518765152342,0.7595389063825743
57,3,mlp_layers.1.conv2.weight,"[64, 64, 1]",float32,float32,0.01513697001329708,0.005463197133102441,0.01357422605191573,0.8967597901027381,0.0019659312965814024,0.000117719935622429,0.451742189782008
57,3,mlp_layers.2.conv0.bias,[64],float32,float32,0.011863378353064086,0.006441684773135079,0.006647897963596787,0.5603714022894466,0.002632454037666321,0.0006633434563809715,0.9031682921269893
57,3,mlp_layers.2.conv0.weight,"[64, 64, 1]",float32,float32,0.01235173011180128,0.005314735683660127,0.009733894709022185,0.7880592128322231,0.0016818685980979353,8.677446466590771e-05,0.6555061156099211
57,3,mlp_layers.2.conv2.bias,[64],float32,float32,0.03979748196874753,0.02361310724939467,0.019310750126109638,0.48522542560039683,0.008566546253859997,0.001802565386697097,0.9409566345974187
57,3,mlp_layers.2.conv2.weight,"[64, 64, 1]",float32,float32,0.019935502486525453,0.011219333803852196,0.01368655765922931,0.6865418952183499,0.0038932537427172065,0.00011493325275450245,0.7510758692649313
57,3,mlp_layers.3.conv0.bias,[64],float32,float32,0.03054267146586746,0.019259387931257668,0.013579072996275802,0.4445934931216121,0.0044378782622516155,0.0013732092699001441,0.951482898134563
57,3,mlp_layers.3.conv0.weight,"[64, 64, 1]",float32,float32,0.009335414436043419,0.006749532152658005,0.007314971223544439,0.7835721995696108,0.0008448163571301848,7.667595041324637e-05,0.628453779671786
57,3,mlp_layers.3.conv2.bias,[64],float32,float32,0.1073524761418919,0.07291379480797554,0.036164681065522064,0.3368779404559035,0.00914238952100277,0.0036149280635981995,0.9922157935679722
57,3,mlp_layers.3.conv2.weight,"[64, 64, 1]",float32,float32,0.03498099925855952,0.025189035079880965,0.012478709054322287,0.3567282044199714,0.0012827961472794414,0.0001307365068937555,0.9660463836745216
57,3,p.bias,[64],float32,float32,0.01085348069629772,0.0021807847367357604,0.010318997640405088,0.9507546868282586,0.003994504702859558,0.0009981395968594597,0.33951754747468926
57,3,p.weight,"[64, 2]",float32,float32,0.01200694360755359,0.002805911829256235,0.009774701487376265,0.8140873986638016,0.003059196867980063,0.0007015726102892472,0.8384436624169259
57,3,q.conv0.bias,[128],float32,float32,0.10547971491128703,0.07011630245175192,0.03539412941629728,0.33555389722152035,0.008022250607609749,0.002576577645683642,0.9998530623889287
57,3,q.conv0.weight,"[128, 64, 1]",float32,float32,0.1261553856987907,0.08602546463856318,0.040815154075597826,0.32353080964017117,0.0026051467284560204,0.0002770777350122114,0.9974445588036359
57,3,q.conv2.bias,[1],float32,float32,0.32337847352027893,0.2136671096086502,0.10971136391162872,0.339266132087635,0.10971136391162872,0.10971136391162872,1.0
57,3,q.conv2.weight,"[1, 128, 1]",float32,float32,0.31407020070964053,0.21433075685241254,0.10027716201139139,0.3192826374002229,0.030587084591388702,0.006803191967037492,0.9992011237185106
57,3,w_layers.0.bias,[64],float32,float32,0.00970753240775713,0.0030992003827188643,0.008339004437870732,0.859024115253756,0.0022664329590043053,0.000747252774807805,0.5700774947492925
57,3,w_layers.0.weight,"[64, 64, 1]",float32,float32,0.04134002724422177,0.013759550283914596,0.03468751608455481,0.839078210559312,0.0025507500977255404,0.00033151661925405473,0.6110009142491035
57,3,w_layers.1.bias,[64],float32,float32,0.01427476962821327,0.00637308819531143,0.010312125364515758,0.7224022266625185,0.0043062540935352445,0.000941552294051462,0.7587047753709593
57,3,w_layers.1.weight,"[64, 64, 1]",float32,float32,0.028214638587111686,0.01222192721615111,0.022078823817779588,0.7825308039871576,0.003301040851511061,0.0002001335258503406,0.6640333404063782
57,3,w_layers.2.bias,[64],float32,float32,0.0397930143776334,0.023609965398410513,0.019310749703077914,0.48527989158649854,0.008566546253859997,0.001802565261584732,0.9409193197323771
57,3,w_layers.2.weight,"[64, 64, 1]",float32,float32,0.0368450654611665,0.020614371759012467,0.02182232194822575,0.5922725791117339,0.004870920442044735,0.0002053773551153916,0.8599290939730003
57,3,w_layers.3.bias,[64],float32,float32,0.10735483430797609,0.07291662383985369,0.03616468198608818,0.33687054913931597,0.00914238952100277,0.0036149281190773763,0.9922141907737515
57,3,w_layers.3.weight,"[64, 64, 1]",float32,float32,0.06609798682369512,0.04518905341831414,0.024044755497323628,0.36377439998980343,0.0032493951730430126,0.00022643240333868053,0.9764025388843027
58,3,conv_layers.0.weights1,"[64, 64, 16]",complex64,complex64,0.02147278803625696,0.006779027067193109,0.018996238291522517,0.8846656642559517,0.001140718988608569,1.4025546950206103e-05,0.5021095563270991
58,3,conv_layers.1.weights1,"[64, 64, 16]",complex64,complex64,0.011615970106341357,0.0042119299674999245,0.01037604512490585,0.8932568722126264,0.0008816443732939661,7.864651693630758e-06,0.45997141319044216
58,3,conv_layers.2.weights1,"[64, 64, 16]",complex64,complex64,0.009511341556887678,0.004072368767629613,0.008514992074357186,0.8952461672655441,0.0007257320976350456,7.432820657978626e-06,0.4459259536375629
58,3,conv_layers.3.weights1,"[64, 64, 16]",complex64,complex64,0.014343566447204319,0.006258237994078414,0.010798954969394387,0.7528779546665114,0.001229022745974362,8.036139716277433e-06,0.7145622797919041
58,3,mlp_layers.0.conv0.bias,[64],float32,float32,0.004339542714874191,0.001719294137315619,0.003930359026713588,0.905708109115256,0.0019879097235389054,0.0003330014379940849,0.42487088976468546
58,3,mlp_layers.0.conv0.weight,"[64, 64, 1]",float32,float32,0.013421534807545179,0.006017121881713253,0.012705245628813595,0.9466313511083019,0.0013337129348656163,0.0001313696351794083,0.3400245081811188
58,3,mlp_layers.0.conv2.bias,[64],float32,float32,0.008704989396475848,0.0026923160680066656,0.007408344832206788,0.8510458192178847,0.002246443385956809,0.0006462558925299788,0.6003825997437859
58,3,mlp_layers.0.conv2.weight,"[64, 64, 1]",float32,float32,0.017395285384307548,0.007233770481791975,0.017508567410042322,1.0065122257687689,0.0018225734656880377,0.00015395044447011688,0.19221215132995811
58,3,mlp_layers.1.conv0.bias,[64],float32,float32,0.005534296063236533,0.0021381017246651824,0.004275818140260967,0.7726037948465678,0.0015006839530542493,0.00038910108825973566,0.7148420230372245
58,3,mlp_layers.1.conv0.weight,"[64, 64, 1]",float32,float32,0.01118183001125743,0.004309223231257645,0.009719802416069801,0.8692497029810223,0.0008868524091667496,0.00010192083166037785,0.509786931256632
58,3,mlp_layers.1.conv2.bias,[64],float32,float32,0.011808775806134163,0.005197334695185365,0.008621393821134686,0.7300836227796139,0.003750766860321164,0.0007689949422271525,0.750568661523472
58,3,mlp_layers.1.conv2.weight,"[64, 64, 1]",float32,float32,0.014881392660651657,0.005515994534015137,0.013422600861976676,0.9019720914607531,0.0019160249503329396,0.00011886766526931006,0.43683519962164846
58,3,mlp_layers.2.conv0.bias,[64],float32,float32,0.009447376228636263,0.00515571210799062,0.005250009180594291,0.5557108189129601,0.002037168713286519,0.0005212944319481494,0.906132211534226
58,3,mlp_layers.2.conv0.weight,"[64, 64, 1]",float32,float32,0.011699518112982395,0.005554918706145485,0.009381362432113809,0.8018588749996258,0.00158867405843921,8.67802745638524e-05,0.6133716096738842
58,3,mlp_layers.2.conv2.bias,[64],float32,float32,0.03171567861657741,0.01868408610839799,0.01549860533028774,0.48867329996801023,0.006914839148521423,0.0014522603890441133,0.9406117776654184
58,3,mlp_layers.2.conv2.weight,"[64, 64, 1]",float32,float32,0.017836176758660876,0.010687822454030053,0.012476314327318147,0.6994948803285383,0.0035777585580945015,0.00010616200216703037,0.7257527408744772
58,3,mlp_layers.3.conv0.bias,[64],float32,float32,0.02390524850704089,0.014906943210447885,0.010721730614491096,0.4485094815614734,0.003575554583221674,0.001082837605849818,0.9523142832570017
58,3,mlp_layers.3.conv0.weight,"[64, 64, 1]",float32,float32,0.008689784013751563,0.006936197688900509,0.006918918578775235,0.7962129516482874,0.0008482920238748193,7.294685506158138e-05,0.6283942922154935
58,3,mlp_layers.3.conv2.bias,[64],float32,float32,0.08425387230482372,0.05722043621848696,0.028380991824299512,0.3368508894359107,0.007216243073344231,0.00283586469919328,0.9922554076740695
58,3,mlp_layers.3.conv2.weight,"[64, 64, 1]",float32,float32,0.029205167968937008,0.021438189340389383,0.01053709232202312,0.36079547062459993,0.001198536716401577,0.00010922981170335966,0.9595081631435293
58,3,p.bias,[64],float32,float32,0.00974716005098777,0.0018983134358316266,0.009135068474235973,0.9372030854577207,0.0035732640517380787,0.0008833805103307668,0.4096933423192197
58,3,p.weight,"[64, 2]",float32,float32,0.014877657382748396,0.002943780981342836,0.012897411424615772,0.866897999652227,0.002952517301309854,0.0010280755264764352,0.7268528299698639
58,3,q.conv0.bias,[128],float32,float32,0.08280542407086272,0.05517953699411738,0.027651803315803112,0.3339371016582129,0.0062609100714325905,0.0020085296119844998,0.9998432328608119
58,3,q.conv0.weight,"[128, 64, 1]",float32,float32,0.10259149151376006,0.07013055265628959,0.03319374739539759,0.32355263487855124,0.002153462264686823,0.0002279483828384679,0.996656451323828
58,3,q.conv2.bias,[1],float32,float32,0.25299957394599915,0.16774828732013702,0.08525128662586212,0.33696217466381334,0.08525128662586212,0.08525128662586212,1.0
58,3,q.conv2.weight,"[1, 128, 1]",float32,float32,0.2533959037842114,0.17310563955204752,0.08083047966530559,0.31898889626147925,0.024577122181653976,0.005492130250441818,0.9990078493005061
58,3,w_layers.0.bias,[64],float32,float32,0.00870593982534663,0.0026968622086436956,0.007408339055329337,0.8509522468511171,0.002246488817036152,0.0006462603778549791,0.6001810645845835
58,3,w_layers.0.weight,"[64, 64, 1]",float32,float32,0.03901518274174287,0.011795617533091121,0.03223085122813865,0.8261104770798479,0.002630333765409887,0.00030689638481631865,0.6763170910150917
58,3,w_layers.1.bias,[64],float32,float32,0.011796571249679965,0.005186814127006913,0.008621393775483936,0.7308389525234148,0.003750766336452216,0.0007689954347824823,0.749622219650597
58,3,w_layers.1.weight,"[64, 64, 1]",float32,float32,0.02419772689983961,0.010684302459435167,0.019081522449647413,0.7885667330915241,0.0026889502578342217,0.00017984708942745883,0.6490005722538802
58,3,w_layers.2.bias,[64],float32,float32,0.03171103717792589,0.018680908896447017,0.015498604254238123,0.48874479151463174,0.006914837285876274,0.001452260253302029,0.9405608025696859
58,3,w_layers.2.weight,"[64, 64, 1]",float32,float32,0.030247604432131633,0.017153914868720713,0.018852771558222167,0.6232814767372161,0.004071654053404927,0.00018447566268814386,0.8227069191189672
58,3,w_layers.3.bias,[64],float32,float32,0.08425623819323474,0.05722323998821479,0.028380992387638918,0.33684143745593587,0.007216244004666805,0.0028358647422805916,0.992253546116097
58,3,w_layers.3.weight,"[64, 64, 1]",float32,float32,0.05416197323751702,0.03735842452087627,0.020115628882296517,0.3713976371223267,0.0026595760136842728,0.00019669884335039856,0.9697838010471587
59,3,conv_layers.0.weights1,"[64, 64, 16]",complex64,complex64,0.02233477739584395,0.008981691806052293,0.019246847556006728,0.861743424386588,0.0012616183375939727,1.4134489143888954e-05,0.5211058537532781
59,3,conv_layers.1.weights1,"[64, 64, 16]",complex64,complex64,0.013676522991032013,0.005422194793782351,0.011931936262915804,0.8724393086415186,0.0009655209432821721,8.633474149952503e-06,0.4994579238453288
59,3,conv_layers.2.weights1,"[64, 64, 16]",complex64,complex64,0.011384927560806097,0.004977944647843553,0.00981683952555815,0.8622663142235294,0.0008611689845565706,7.958102585817917e-06,0.5119335320549309
59,3,conv_layers.3.weights1,"[64, 64, 16]",complex64,complex64,0.015871008898154623,0.007890532373366715,0.011340950172761483,0.7145702107242933,0.0012855438399128616,8.13230765203407e-06,0.7407618885455426
59,3,mlp_layers.0.conv0.bias,[64],float32,float32,0.004980298426379944,0.0024065935431994384,0.004605827740255189,0.9248095888910519,0.002369389374507591,0.0003695693704059977,0.3913634570744847
59,3,mlp_layers.0.conv0.weight,"[64, 64, 1]",float32,float32,0.016992604826514088,0.008555071518647648,0.016498208424742138,0.9709052021853337,0.0015891491493675858,0.00017011563782176609,0.3086784250885561
59,3,mlp_layers.0.conv2.bias,[64],float32,float32,0.009510149577379135,0.003635427070897268,0.008044917429251206,0.8459296421989898,0.0025415815762244165,0.0006784824868062422,0.5631282479371311
59,3,mlp_layers.0.conv2.weight,"[64, 64, 1]",float32,float32,0.022855481854996158,0.010296232668890968,0.023791923130685563,1.0409722832198658,0.002261414578242693,0.0002080606141114487,0.13243335104355214
59,3,mlp_layers.1.conv0.bias,[64],float32,float32,0.006156370430339777,0.0028520301815120525,0.004614420657616872,0.7495359010361234,0.0017513062339276075,0.00040187237358324523,0.7045756244533217
59,3,mlp_layers.1.conv0.weight,"[64, 64, 1]",float32,float32,0.013641903686916316,0.006231045440889336,0.011700191586364365,0.8576656055405076,0.0010202836710959673,0.00012084171121809657,0.5178208245000234
59,3,mlp_layers.1.conv2.bias,[64],float32,float32,0.012766201917815422,0.006835714937029142,0.00897351050013466,0.7029115282605701,0.0039125720504671335,0.0007962676184121165,0.7401441913896195
59,3,mlp_layers.1.conv2.weight,"[64, 64, 1]",float32,float32,0.01845869652544401,0.00790865134843413,0.01653448131318541,0.8957556288112648,0.002417505078483373,0.0001440935014119099,0.44484912522243814
59,3,mlp_layers.2.conv0.bias,[64],float32,float32,0.01027805571214025,0.006787949180197818,0.004990457038842273,0.48554485192638497,0.0019511692225933075,0.0004985746963761528,0.9088119564369054
59,3,mlp_layers.2.conv0.weight,"[64, 64, 1]",float32,float32,0.013805207128957631,0.00761068969960193,0.010518098504505483,0.7618935671340163,0.0017997269314946607,9.726507971336354e-05,0.656132523097919
59,3,mlp_layers.2.conv2.bias,[64],float32,float32,0.03304485152868192,0.024316293171103356,0.013177279368548355,0.39876951352348733,0.005696060485206544,0.0011681498261282286,0.9393593474864594
59,3,mlp_layers.2.conv2.weight,"[64, 64, 1]",float32,float32,0.021444322431930975,0.014324015995621397,0.01442601218687218,0.6727194217799856,0.004221898503601551,0.00012114578844271695,0.7437710879403716
59,3,mlp_layers.3.conv0.bias,[64],float32,float32,0.024412437688323442,0.019257606416673952,0.00849368621130951,0.34792454238898357,0.0027580149471759796,0.000835505963095784,0.9515337317654093
59,3,mlp_layers.3.conv0.weight,"[64, 64, 1]",float32,float32,0.010148831231365393,0.009672635885093572,0.007845299246457474,0.7730248998733218,0.0009802148269955069,8.624193826419543e-05,0.6876617667163666
59,3,mlp_layers.3.conv2.bias,[64],float32,float32,0.08552769100679251,0.07426741877658974,0.014980448763548187,0.17515319994267653,0.007166617549955845,0.0014602501053104788,0.9923157012783055
59,3,mlp_layers.3.conv2.weight,"[64, 64, 1]",float32,float32,0.03183718539967048,0.028366549911693687,0.009356421799931526,0.29388344737372313,0.0011738853063434362,9.876362976306285e-05,0.9582015338524948
59,3,p.bias,[64],float32,float32,0.0108175500509816,0.002605479283476578,0.009992418331270283,0.9237228655451016,0.003847806299745571,0.0009894312311757858,0.4250411589604327
59,3,p.weight,"[64, 2]",float32,float32,0.013742092617699812,0.004213138297231123,0.010713931097672172,0.7796433480496726,0.003092037048190832,0.0008041334933892585,0.7928458328592253
59,3,q.conv0.bias,[128],float32,float32,0.08389863358036355,0.07163638133216157,0.012332669737718236,0.1469948819357732,0.002848813310265541,0.000891652379664265,0.9998559187511592
59,3,q.conv0.weight,"[128, 64, 1]",float32,float32,0.10926143232070644,0.09199125138879502,0.02003286844118456,0.18334803064253877,0.00172025291249156,0.0001370494613067031,0.9948733615860329
59,3,q.conv2.bias,[1],float32,float32,0.2550027072429657,0.21755348145961761,0.037449225783348083,0.1468581498143335,0.037449225783348083,0.037449225783348083,1.0
59,3,q.conv2.weight,"[1, 128, 1]",float32,float32,0.2656156730217777,0.22645277390832913,0.041403647287183015,0.15587802788952274,0.012089259922504425,0.0028152935830050296,0.998499325647011
59,3,w_layers.0.bias,[64],float32,float32,0.009511700368171927,0.0036402143117945434,0.008044904689805302,0.8457903822039201,0.002541628637118265,0.0006784865187938749,0.5632278977259406
59,3,w_layers.0.weight,"[64, 64, 1]",float32,float32,0.0408738914222893,0.01543220594109478,0.033472869371407026,0.8189303295245737,0.002929820620920509,0.00030863931995607496,0.6249422207768638
59,3,w_layers.1.bias,[64],float32,float32,0.01275543271902223,0.006825584922338048,0.008973511687250078,0.7035050777907239,0.00391257181763649,0.0007962685737652464,0.7394951563235719
59,3,w_layers.1.weight,"[64, 64, 1]",float32,float32,0.0276618565128526,0.014216741730830264,0.0226624585468414,0.819267446359274,0.002868733514333144,0.0002044589044813555,0.5768516096654255
59,3,w_layers.2.bias,[64],float32,float32,0.03304015328486556,0.024313076719051155,0.01317727926004552,0.3988262144680041,0.005696060019545257,0.0011681497335302993,0.9393266033633124
59,3,w_layers.2.weight,"[64, 64, 1]",float32,float32,0.035990311300172655,0.023247888487689414,0.022915768267074366,0.6367204794631613,0.0049579753540456295,0.0002201019984381658,0.7832176163459696
59,3,w_layers.3.bias,[64],float32,float32,0.08553008092830519,0.07427020560748017,0.014980448508175596,0.17514830274430374,0.007166617549955845,0.0014602500702949328,0.99231550137098
59,3,w_layers.3.weight,"[64, 64, 1]",float32,float32,0.06018273564854607,0.04909422919974839,0.019387043354964037,0.32213629284285283,0.0024467287585139275,0.00019421095655845766,0.957202272156563
60,3,conv_layers.0.weights1,"[64, 64, 16]",complex64,complex64,0.015249184063960537,0.005832940802374636,0.016540467945905198,1.0846788835736099,0.0006993228307692334,1.555308818423599e-05,-0.03949666883897785
60,3,conv_layers.1.weights1,"[64, 64, 16]",complex64,complex64,0.00718608975862422,0.003771935793935401,0.009115508424068523,1.2684935382457136,0.0005630343323446141,7.708444143878039e-06,-0.31774229885019756
60,3,conv_layers.2.weights1,"[64, 64, 16]",complex64,complex64,0.006373185449074369,0.003485725382395876,0.008020986329959371,1.2585521626589928,0.0003028049850399839,7.907900818689476e-06,-0.26037264768668905
60,3,conv_layers.3.weights1,"[64, 64, 16]",complex64,complex64,0.007048146455941433,0.0032391798788587913,0.00836343019725894,1.1866141331681255,0.0005310557098709978,7.512751235064999e-06,-0.21415282909515637
60,3,mlp_layers.0.conv0.bias,[64],float32,float32,0.00270171412528858,0.0014577017435013057,0.002782505089360297,1.0299035946532973,0.001404817434377037,0.0002536416150391574,0.21352129571799766
60,3,mlp_layers.0.conv0.weight,"[64, 64, 1]",float32,float32,0.007124404580424303,0.005604286459916565,0.008177575562527541,1.1478258246305988,0.0013526256661862135,8.864034135665916e-05,0.19150383309630528
60,3,mlp_layers.0.conv2.bias,[64],float32,float32,0.004868078974738168,0.0014869308212463591,0.004950281903826313,1.0168861124716175,0.0020588260085787624,0.0004356774364566718,0.09697215516828327
60,3,mlp_layers.0.conv2.weight,"[64, 64, 1]",float32,float32,0.006708044804827981,0.006818886271171483,0.008043041034718739,1.1990142088690168,0.0017298086313530803,7.214344591104788e-05,0.29300118870139197
60,3,mlp_layers.1.conv0.bias,[64],float32,float32,0.0032596435976964193,0.0011070663325048631,0.0035163242578021025,1.0787450076711083,0.0014001717281644233,0.0003208149690330231,-0.07117138283109496
60,3,mlp_layers.1.conv0.weight,"[64, 64, 1]",float32,float32,0.004618513516847492,0.004025676422282555,0.005487265572153336,1.1881020921854608,0.0004591237084241584,6.299710473156236e-05,0.19972026337093685
60,3,mlp_layers.1.conv2.bias,[64],float32,float32,0.006307137666801259,0.0023685435789102633,0.006529363473050818,1.035234018660998,0.002938574558356777,0.0006038219374531195,0.0922902011106747
60,3,mlp_layers.1.conv2.weight,"[64, 64, 1]",float32,float32,0.006315575850597022,0.00472095844301188,0.008608124188457057,1.3629990981176034,0.0012022288865409791,8.707859024412873e-05,-0.19999373892367323
60,3,mlp_layers.2.conv0.bias,[64],float32,float32,0.005630387335870679,0.0017328940354784399,0.006088249485690537,1.0813198315687556,0.0046218205243349075,0.00045977525807217035,-0.12107365424492628
60,3,mlp_layers.2.conv0.weight,"[64, 64, 1]",float32,float32,0.0077327090439675405,0.004887946930812494,0.009357288630196985,1.2100919065999018,0.0011141654322273098,0.00010663806349483704,-0.051221377799533147
60,3,mlp_layers.2.conv2.bias,[64],float32,float32,0.014562178543094616,0.002559135326852119,0.014687332278864623,1.008594437666015,0.007409337151329964,0.0012291706677274306,0.038754396600108126
60,3,mlp_layers.2.conv2.weight,"[64, 64, 1]",float32,float32,0.010689483136659727,0.007073657945149083,0.015188537632256596,1.4208860651238882,0.0018385400180704892,0.00014555868416882278,-0.43900739816752576
60,3,mlp_layers.3.conv0.bias,[64],float32,float32,0.010766176586836054,0.0017273544290273485,0.01013511011696092,0.9413843470999028,0.004545092117041349,0.0009506544738968614,0.4348511075655735
60,3,mlp_layers.3.conv0.weight,"[64, 64, 1]",float32,float32,0.0055055218201700545,0.0060438719428313435,0.010363674233194365,1.8824145234019347,0.0007040886412141845,0.00011804563930890855,-0.6095715814523448
60,3,mlp_layers.3.conv2.bias,[64],float32,float32,0.03614479978583158,0.0031834359897139476,0.03312942424715056,0.9165751212747617,0.008675706863868982,0.0033472508915792787,0.9517347551040602
60,3,mlp_layers.3.conv2.weight,"[64, 64, 1]",float32,float32,0.014807922776609351,0.008134721282656767,0.020639718590888888,1.3938294318695033,0.0013784070033580065,0.0002223476065711591,-0.5833956130331577
60,3,p.bias,[64],float32,float32,0.005759381528078753,0.0008514102033237495,0.005877604746185915,1.0205270683198862,0.002321200692676939,0.0005453108381061611,-0.0663658472097756
60,3,p.weight,"[64, 2]",float32,float32,0.009691838838455761,0.002800344726442846,0.01009320485554624,1.0414127828351745,0.0025819923903327435,0.0006124820528370378,-0.0018259360701830154
60,3,q.conv0.bias,[128],float32,float32,0.035191585918715414,0.0033116876580732623,0.03240568340072396,0.9208361190533937,0.007664170523639768,0.002325345350516983,0.8549880871128356
60,3,q.conv0.weight,"[128, 64, 1]",float32,float32,0.040565278688578774,0.008966305052958217,0.04694422989491376,1.1572515070167875,0.003084333147853613,0.0003338872311177332,-0.6568560811649894
60,3,q.conv2.bias,[1],float32,float32,0.10786395519971848,0.010403958149254322,0.09745999705046415,0.9035455530071136,0.09745999705046415,0.09745999705046415,1.0
60,3,q.conv2.weight,"[1, 128, 1]",float32,float32,0.10187279865657206,0.015392002105888578,0.11088750119977182,1.0884897898367318,0.03454140108078718,0.007621493587880224,-0.5360423653790519
60,3,w_layers.0.bias,[64],float32,float32,0.00486791852018517,0.001489875219952594,0.004950278565016015,1.016918944819913,0.0020588262123055756,0.00043567380319586846,0.0972825425213904
60,3,w_layers.0.weight,"[64, 64, 1]",float32,float32,0.02123063982338014,0.007286724789018765,0.022112042063082014,1.0415155759333843,0.001871266242233105,0.000214409956027721,0.048137831694699824
60,3,w_layers.1.bias,[64],float32,float32,0.006324524574253701,0.0023845983569304365,0.0065293647420099485,1.032388231771622,0.0029385744128376245,0.0006038216396007101,0.10122754430627717
60,3,w_layers.1.weight,"[64, 64, 1]",float32,float32,0.013810146761223106,0.007284030439972014,0.015872971669904597,1.1493702380103306,0.0032016115146689117,0.0001422306674149585,-0.040628739573328514
60,3,w_layers.2.bias,[64],float32,float32,0.014567177212700982,0.002559610602656468,0.014687332532277086,1.0082483598449905,0.007409337151329964,0.0012291707836489252,0.04071899556190193
60,3,w_layers.2.weight,"[64, 64, 1]",float32,float32,0.016215869207259558,0.0069778307949209485,0.021048123585811658,1.2979953967801359,0.0029585076263174415,0.00019643684004753276,-0.5805440646847823
60,3,w_layers.3.bias,[64],float32,float32,0.036142615807142044,0.0031821192667819006,0.03312942440591158,0.91663051126933,0.008675706340000033,0.00334725088320198,0.9514632718777088
60,3,w_layers.3.weight,"[64, 64, 1]",float32,float32,0.02182774968365772,0.010102762226198886,0.029231126273619398,1.3391726906005583,0.002718777279369533,0.00029307044397662227,-0.6256611087248052
61,3,conv_layers.0.weights1,"[64, 64, 16]",complex64,complex64,0.008794310496592116,0.009167258266818095,0.011674118742879432,1.327462652973564,0.000653262875857763,1.1615701577609677e-05,0.1556286364392849
61,3,conv_layers.1.weights1,"[64, 64, 16]",complex64,complex64,0.0052578686680682255,0.005465829322555786,0.006727520217298527,1.2795146935022743,0.0004231185630487744,5.869744302837359e-06,0.21331831412144753
61,3,conv_layers.2.weights1,"[64, 64, 16]",complex64,complex64,0.006629638333375124,0.004943476216388606,0.007655432793294792,1.1547285701477232,0.0004779667069669813,7.408154544447993e-06,0.14927338237368468
61,3,conv_layers.3.weights1,"[64, 64, 16]",complex64,complex64,0.008128301875135415,0.006726551852262609,0.009029506663218974,1.110872455517475,0.0005135141836944968,8.176571276840721e-06,0.27236907847426217
61,3,mlp_layers.0.conv0.bias,[64],float32,float32,0.0005693696838798137,0.002507615420762628,0.0023361256879086173,4.103003293026999,0.0009880057950795162,0.00021441975266611735,0.40442145191370676
61,3,mlp_layers.0.conv0.weight,"[64, 64, 1]",float32,float32,0.0042487892797152624,0.009225237397696012,0.00844836345515788,1.9884166756615562,0.0009312450820289087,9.732980622520829e-05,0.40542781834773933
61,3,mlp_layers.0.conv2.bias,[64],float32,float32,0.0013173122017767537,0.0035415375014476876,0.0033013351853865007,2.506114481391543,0.002009052113862708,0.00024606360613077527,0.3621393751495965
61,3,mlp_layers.0.conv2.weight,"[64, 64, 1]",float32,float32,0.005357175494835047,0.011331780849401191,0.01149178328178103,2.1451198104039104,0.0024404591276834253,9.698788111089235e-05,0.2063005614474245
61,3,mlp_layers.1.conv0.bias,[64],float32,float32,0.0009150487634412912,0.0026077351492637176,0.003162985461246578,3.456630496227661,0.0014318688190542161,0.0002786201276201439,-0.49595075752765144
61,3,mlp_layers.1.conv0.weight,"[64, 64, 1]",float32,float32,0.004260330046336659,0.0068509913806775865,0.007360239760924679,1.7276219637615982,0.0005145844625076279,8.380732424810577e-05,0.18695283060621407
61,3,mlp_layers.1.conv2.bias,[64],float32,float32,0.001954164404848525,0.006016641722020624,0.00623692876583155,3.1916090326673405,0.0028469526150729507,0.0005504136985976515,0.04760599733088559
61,3,mlp_layers.1.conv2.weight,"[64, 64, 1]",float32,float32,0.006553414226091917,0.008576648053651126,0.01213835732221821,1.8522188440172558,0.001948201097548008,0.00011652360453066196,-0.27428930221315606
61,3,mlp_layers.2.conv0.bias,[64],float32,float32,0.002149103501483126,0.005622812905722647,0.006382095480661236,2.969654777565093,0.00483514997176826,0.0004569062666917034,-0.18605053469421703
61,3,mlp_layers.2.conv0.weight,"[64, 64, 1]",float32,float32,0.007173513478060988,0.008031338595425907,0.011826336552847351,1.6486114634085876,0.001057241257512942,0.00013565810229265035,-0.20742346340775378
61,3,mlp_layers.2.conv2.bias,[64],float32,float32,0.004948685155913933,0.01905164107118058,0.017137605653351016,3.463062432426257,0.010075153957586735,0.0012383811970728686,0.4972232422949057
61,3,mlp_layers.2.conv2.weight,"[64, 64, 1]",float32,float32,0.010481465793824302,0.013992214806852926,0.02192660341878295,2.0919405596593315,0.0027314768522046506,0.00020099802823366625,-0.5970749547591494
61,3,mlp_layers.3.conv0.bias,[64],float32,float32,0.003757445451828741,0.01455174940834164,0.011856391896788799,3.155439526345836,0.004630120196452481,0.0011773862215633812,0.7800093926621867
61,3,mlp_layers.3.conv0.weight,"[64, 64, 1]",float32,float32,0.0066966584074567145,0.010167929709870934,0.015972894542642755,2.3852037196427656,0.0008119468111544847,0.00018225277796173056,-0.7849869517102066
61,3,mlp_layers.3.conv2.bias,[64],float32,float32,0.012253525191614835,0.05606727671974694,0.044027563664759815,3.5930528542829583,0.011433434439823031,0.004539998430683312,0.9863311909305195
61,3,mlp_layers.3.conv2.weight,"[64, 64, 1]",float32,float32,0.008192870481295597,0.024533076243771004,0.030186812929569665,3.684522170646595,0.0018639140762388706,0.000327819933546164,-0.6026197961021396
61,3,p.bias,[64],float32,float32,0.00097003957855997,0.002554521753575139,0.002600082225557632,2.6803877728550733,0.000615145057963673,0.0002699797645675517,0.14248067792716876
61,3,p.weight,"[64, 2]",float32,float32,0.003725760365630901,0.004933872901199479,0.0029611724818985217,0.794783397562149,0.0006241959636099637,0.0002190182325563228,0.8011958342101236
61,3,q.conv0.bias,[128],float32,float32,0.011942575630710573,0.05391942169898185,0.04222306422732496,3.535507375707758,0.010036509949713945,0.0029909740400455576,0.983902498024909
61,3,q.conv0.weight,"[128, 64, 1]",float32,float32,0.00943913502970278,0.07511778345385747,0.07150548064824927,7.575427242351976,0.004720953926153015,0.0005050074244401792,0.4363215588322445
61,3,q.conv2.bias,[1],float32,float32,0.03816461190581322,0.16233690083026886,0.12417228892445564,3.2535975796348073,0.12417228892445564,0.12417228892445564,1.0
61,3,q.conv2.weight,"[1, 128, 1]",float32,float32,0.024552427104249416,0.1813525071021447,0.16364050850021566,6.66494223994228,0.050845956429839134,0.011313451489272097,0.7538596358600799
61,3,w_layers.0.bias,[64],float32,float32,0.0013190279582295527,0.0035447443250000875,0.0033013182083762296,2.502841723542675,0.0020090523321414366,0.0002460623537245965,0.364266926307771
61,3,w_layers.0.weight,"[64, 64, 1]",float32,float32,0.010673307260905695,0.015574548822819946,0.013731794478151923,1.286554780302155,0.0015120433527044952,0.0001255274060777828,0.5050890768726816
61,3,w_layers.1.bias,[64],float32,float32,0.0019277424490774752,0.006011472943307359,0.006236927766851445,3.2353532339530826,0.0028469524877436925,0.0005504141846515154,0.04119273557782068
61,3,w_layers.1.weight,"[64, 64, 1]",float32,float32,0.00847913543973545,0.015445627856417399,0.01763981935187943,2.0803794770413284,0.0039501156425103545,0.00015252569357390722,-0.002672721844774578
61,3,w_layers.2.bias,[64],float32,float32,0.004943726468278685,0.019048478357433896,0.017137605361909745,3.466535916150059,0.010075153957586735,0.001238381123116028,0.49690441668881413
61,3,w_layers.2.weight,"[64, 64, 1]",float32,float32,0.014100070714549271,0.023654314375742756,0.03215890733174075,2.2807621311116777,0.004977078642696142,0.0002798045996986777,-0.4135442108396925
61,3,w_layers.3.bias,[64],float32,float32,0.012255599066713054,0.05607010979363327,0.044027563808627185,3.5924448547120558,0.011433434905484319,0.004539998410272972,0.9863825917696071
61,3,w_layers.3.weight,"[64, 64, 1]",float32,float32,0.01336273074210577,0.0429437896504815,0.04662150662858687,3.4889206052534742,0.004242867464199662,0.0004759873961525281,-0.13142302945590517
62,3,conv_layers.0.weights1,"[64, 64, 16]",complex64,complex64,0.015040122626718678,0.007907644815697076,0.019329534228157978,1.2851979141326406,0.0009598052420187742,1.698674990148973e-05,-0.35690476759807954
62,3,conv_layers.1.weights1,"[64, 64, 16]",complex64,complex64,0.009930507989079174,0.005080010392644917,0.012874538981917696,1.2964632822486166,0.000897694393643178,1.0333996827563453e-05,-0.4096595519717355
62,3,conv_layers.2.weights1,"[64, 64, 16]",complex64,complex64,0.009388706072885916,0.004529270314730603,0.011684791999158525,1.2445582925322993,0.0005545246749534272,1.1203993039005104e-05,-0.32772411829014814
62,3,conv_layers.3.weights1,"[64, 64, 16]",complex64,complex64,0.010795800041032106,0.004915012547331059,0.013432578986359881,1.2442411803947873,0.0007412793929688632,1.1212535063285942e-05,-0.3743536919784253
62,3,mlp_layers.0.conv0.bias,[64],float32,float32,0.003500539123999679,0.001924086768355169,0.004224797243200296,1.2068990214207596,0.002194313594372943,0.00034984577760432956,-0.14052946186113296
62,3,mlp_layers.0.conv0.weight,"[64, 64, 1]",float32,float32,0.0103780499489441,0.007122178674950826,0.012287404306255552,1.1839800701196004,0.0012821346026612446,0.00013718155056941655,0.05038972574744582
62,3,mlp_layers.0.conv2.bias,[64],float32,float32,0.006642431872935992,0.0023803059827229964,0.007827882187156713,1.1784663112693312,0.002999151707626879,0.0006929917160576338,-0.36329033612143863
62,3,mlp_layers.0.conv2.weight,"[64, 64, 1]",float32,float32,0.017866208459648442,0.00874786918549038,0.018368235144775105,1.0280992291263427,0.002882005413994193,0.00016300981444393806,0.18662131122819633
62,3,mlp_layers.1.conv0.bias,[64],float32,float32,0.005062687154456455,0.0017431609426297888,0.006308228762172996,1.2460238149655656,0.0029418845660984516,0.0005203388359689143,-0.6302685468727018
62,3,mlp_layers.1.conv0.weight,"[64, 64, 1]",float32,float32,0.00991889323451807,0.0053830661220021165,0.012398822480348615,1.2500207621149013,0.0011459004017524421,0.00013925120774399558,-0.24692780383154844
62,3,mlp_layers.1.conv2.bias,[64],float32,float32,0.008488732390638564,0.0037891788557005736,0.011346999603823923,1.3367130781902699,0.005497023579664528,0.000979936867238962,-0.6581302323536207
62,3,mlp_layers.1.conv2.weight,"[64, 64, 1]",float32,float32,0.018548777536274673,0.0065711200300970244,0.021769805648264015,1.1736517733144505,0.003933038096874952,0.0001990631211536975,-0.3556089221430016
62,3,mlp_layers.2.conv0.bias,[64],float32,float32,0.007872246432623076,0.003252287323459701,0.01094461193375113,1.3902781153288066,0.008488945197314024,0.0007613486475275266,-0.922455360726716
62,3,mlp_layers.2.conv0.weight,"[64, 64, 1]",float32,float32,0.01485531137909455,0.006305398219758774,0.018938820753099862,1.2748854783180052,0.0016409564414061606,0.000212797944836772,-0.5244049344323416
62,3,mlp_layers.2.conv2.bias,[64],float32,float32,0.01863367398663157,0.009682273850097357,0.028013339080849367,1.5033717505708797,0.01441824808716774,0.002174246422512738,-0.9527599995503608
62,3,mlp_layers.2.conv2.weight,"[64, 64, 1]",float32,float32,0.027511887521159416,0.010145948474409569,0.03562541549460757,1.2949098991193546,0.006382366758771241,0.0003164478878952201,-0.7332064893487911
62,3,mlp_layers.3.conv0.bias,[64],float32,float32,0.012199298750687941,0.006943471448089081,0.01890161493163933,1.5494017580783839,0.008362668100744486,0.001750897461903378,-0.9458440966174323
62,3,mlp_layers.3.conv0.weight,"[64, 64, 1]",float32,float32,0.014229199391538983,0.007958826307081128,0.02134425457805077,1.5000320109887957,0.0012114665005356073,0.00023876683499748225,-0.8378277336654836
62,3,mlp_layers.3.conv2.bias,[64],float32,float32,0.03827690142539911,0.026527153661279553,0.06468571919201119,1.6899413688979585,0.016986509319394827,0.0065405698717597716,-0.9924543866069961
62,3,mlp_layers.3.conv2.weight,"[64, 64, 1]",float32,float32,0.029009868248028165,0.015487351828564453,0.04398308930304801,1.5161423322230219,0.0036443171557039022,0.00046837546379846495,-0.949374734296218
62,3,p.bias,[64],float32,float32,0.008413401507114858,0.0016358878193705889,0.00920146121153974,1.0936671931986668,0.0030603324266849086,0.0008932537714443356,-0.40707419613596085
62,3,p.weight,"[64, 2]",float32,float32,0.00413771759764803,0.003915801700021149,0.00739114436979966,1.7862853603157813,0.0015281017986126244,0.0005482963627079229,-0.6843027434524144
62,3,q.conv0.bias,[128],float32,float32,0.03730264435262613,0.025509348782900777,0.06280487721404733,1.6836575075039104,0.015000181272625923,0.004456108847843865,-0.9995303112812861
62,3,q.conv0.weight,"[128, 64, 1]",float32,float32,0.06548043945549194,0.040578471215801895,0.10571675375234306,1.6144783790615878,0.007131962571293116,0.0007354886911747332,-0.9863647182173583
62,3,q.conv2.bias,[1],float32,float32,0.10922601073980331,0.07560858875513077,0.18483459949493408,1.6922214611979605,0.18483459949493408,0.18483459949493408,-1.0
62,3,q.conv2.weight,"[1, 128, 1]",float32,float32,0.14663130613132916,0.0950623586714362,0.24138716636743318,1.6462184831882811,0.07451260276138783,0.016532913567004925,-0.9946889207463492
62,3,w_layers.0.bias,[64],float32,float32,0.006643495866084655,0.002384930808338488,0.007827887467048095,1.1782783680215432,0.002999151940457523,0.000692997761561287,-0.3613888224515084
62,3,w_layers.0.weight,"[64, 64, 1]",float32,float32,0.023763503196706358,0.010879672663357173,0.02939381593368493,1.236931090941126,0.0026112899649888277,0.00028696799031515535,-0.3498987743606708
62,3,w_layers.1.bias,[64],float32,float32,0.00849067432461104,0.0037891678046152307,0.011346998487279584,1.3364072220258423,0.005497023230418563,0.000979937877943371,-0.6574700981167579
62,3,w_layers.1.weight,"[64, 64, 1]",float32,float32,0.024440490406015834,0.011004160516142237,0.03025630472358786,1.2379581678173082,0.006734685972332954,0.0002627109805423255,-0.3662706728883109
62,3,w_layers.2.bias,[64],float32,float32,0.018637900832187547,0.009679166790230136,0.028013338709528077,1.5030307845156683,0.014418247155845165,0.0021742463734142348,-0.9525797265777941
62,3,w_layers.2.weight,"[64, 64, 1]",float32,float32,0.03831615272335774,0.014840766503153652,0.050169919811910886,1.3093673619618658,0.008224316057749093,0.0004277508604346794,-0.728618613024068
62,3,w_layers.3.bias,[64],float32,float32,0.03827440183059061,0.02653006394052358,0.0646857192989478,1.6900517370658967,0.01698650885373354,0.0065405698475018426,-0.9924285185407591
62,3,w_layers.3.weight,"[64, 64, 1]",float32,float32,0.044336059452168015,0.02514705776763541,0.06820117807266933,1.5382778468674738,0.006714619463309646,0.0006590833292048903,-0.92084514637299
63,3,conv_layers.0.weights1,"[64, 64, 16]",complex64,complex64,0.02524676553525657,0.009147585304120192,0.02746123572593142,1.0877130255589529,0.0014189717039698735,2.0743912575153724e-05,-0.07153586990235426
63,3,conv_layers.1.weights1,"[64, 64, 16]",complex64,complex64,0.014286651972409756,0.006211816740727338,0.01662312809971792,1.1635425942915347,0.001277736620977521,1.2227117893215494e-05,-0.1894917619092378
63,3,conv_layers.2.weights1,"[64, 64, 16]",complex64,complex64,0.012807241657473328,0.005534309531377835,0.014676467562843654,1.1459507015922972,0.0008174207196134375,1.3155121466768371e-05,-0.14633819003554502
63,3,conv_layers.3.weights1,"[64, 64, 16]",complex64,complex64,0.014653582991692518,0.005278771807227632,0.016154768050549013,1.102444914646988,0.0012614766936849264,1.292673296306419e-05,-0.11882941391549033
63,3,mlp_layers.0.conv0.bias,[64],float32,float32,0.00590563035243625,0.0021748817055140656,0.005882151007940745,0.9960242441374918,0.0031424866756424308,0.00047572076522328643,0.19491051579635377
63,3,mlp_layers.0.conv0.weight,"[64, 64, 1]",float32,float32,0.018422149520335464,0.00868047870274771,0.018008138997271033,0.977526481228077,0.002165098791010678,0.00019400250810457098,0.28275746816043884
63,3,mlp_layers.0.conv2.bias,[64],float32,float32,0.010891930106320797,0.002294064458445462,0.011118314472604557,1.0207845959415756,0.0029960674000903964,0.0010451459783453743,0.005602089577259936
63,3,mlp_layers.0.conv2.weight,"[64, 64, 1]",float32,float32,0.029275073534839477,0.010629377077164057,0.02714767523140559,0.92733072725156,0.0029317469452507794,0.00025462817930912984,0.37441427060056426
63,3,mlp_layers.1.conv0.bias,[64],float32,float32,0.007438312504000579,0.0017629577829625712,0.00794579647076187,1.0682256851252685,0.0034517160966061056,0.0006659522008689578,-0.17917387643969146
63,3,mlp_layers.1.conv0.weight,"[64, 64, 1]",float32,float32,0.013002509068145287,0.0063473889241966695,0.01467005979097674,1.1282483799159015,0.00139480663347058,0.00016040941050229213,-0.035477556114910595
63,3,mlp_layers.1.conv2.bias,[64],float32,float32,0.013749979583380987,0.0038873280253515136,0.01443113424954175,1.0495385947324638,0.006412010756321251,0.001279822185580315,-0.03820697821939696
63,3,mlp_layers.1.conv2.weight,"[64, 64, 1]",float32,float32,0.02331401606655933,0.007627806170434336,0.02534034102833825,1.0869144533483186,0.004191538260784,0.000239496516615742,-0.11360575181127165
63,3,mlp_layers.2.conv0.bias,[64],float32,float32,0.0120434308156807,0.002627806815126605,0.01299755830741038,1.0792238944477013,0.009831002447754145,0.0009791100313663037,-0.26837445802669413
63,3,mlp_layers.2.conv0.weight,"[64, 64, 1]",float32,float32,0.017259675907711523,0.007334984767188262,0.02107033462825967,1.220783909322745,0.0021437747054733336,0.0002311974849912926,-0.36437986176124215
63,3,mlp_layers.2.conv2.bias,[64],float32,float32,0.03226278722722806,0.0041890706382492916,0.03281887025842249,1.0172360505395246,0.015793556660355534,0.00276255644956791,-0.06896907717043148
63,3,mlp_layers.2.conv2.weight,"[64, 64, 1]",float32,float32,0.030201718479581294,0.010565028709069325,0.03725124945434387,1.2334148958950335,0.008032547892071307,0.0003298596222932569,-0.5702169491925481
63,3,mlp_layers.3.conv0.bias,[64],float32,float32,0.023028487459991157,0.0025311057605456105,0.022228123266282027,0.9652446043145624,0.00975403591291979,0.002100759086985704,0.3656722270663634
63,3,mlp_layers.3.conv0.weight,"[64, 64, 1]",float32,float32,0.01284287202989496,0.009126655288459377,0.02040732832776655,1.5890003638020722,0.001365187345072627,0.0002257103520798484,-0.7176022166711167
63,3,mlp_layers.3.conv2.bias,[64],float32,float32,0.07719450666785525,0.004343222657426083,0.07314374134356345,0.9475252126201023,0.019098796183243394,0.0074000248602033025,0.9363245405520753
63,3,mlp_layers.3.conv2.weight,"[64, 64, 1]",float32,float32,0.03475490642312836,0.012410772244207597,0.044028425859409116,1.2668261949371702,0.004045275622047484,0.00046097949752447326,-0.6683566030200733
63,3,p.bias,[64],float32,float32,0.014620671295162598,0.0013654188104729684,0.014865044809221292,1.0167142471864166,0.005375963126425631,0.0014449860971268436,-0.13377419900199128
63,3,p.weight,"[64, 2]",float32,float32,0.006994404887807592,0.004786640782512333,0.010195520728651791,1.4576680778695374,0.0024550976158934645,0.0007467359989874467,-0.47961913753424473
63,3,q.conv0.bias,[128],float32,float32,0.07468658914554026,0.004616202643725749,0.07105497114755521,0.9513752329630667,0.016866281686816365,0.005078640051014105,0.798488132803176
63,3,q.conv0.weight,"[128, 64, 1]",float32,float32,0.09806780009127329,0.01453521025728057,0.10917341900152319,1.1132442952723904,0.007033591158688068,0.0007583453022539225,-0.7332035696356313
63,3,q.conv2.bias,[1],float32,float32,0.22600124776363373,0.014212621375918388,0.21178862638771534,0.9371126420028316,0.21178862638771534,0.21178862638771534,1.0
63,3,q.conv2.weight,"[1, 128, 1]",float32,float32,0.2374144180075924,0.02541251222272394,0.2542878553974518,1.0710716625024845,0.07863891357555985,0.017368173099267636,-0.6340572991498628
63,3,w_layers.0.bias,[64],float32,float32,0.010892459971846274,0.0022973416634901778,0.011118325872149016,1.0207359862589844,0.002996067574713379,0.0010451456548707938,0.00612005282874557
63,3,w_layers.0.weight,"[64, 64, 1]",float32,float32,0.04145360867875979,0.011362534786820151,0.04396222092305364,1.0605161365741176,0.0032103396952152252,0.0004391614752086506,-0.09040842010169532
63,3,w_layers.1.bias,[64],float32,float32,0.013760378509270714,0.003903350665654133,0.01443113366105433,1.048745399796358,0.006412010523490608,0.0012798213575635486,-0.03419612146010929
63,3,w_layers.1.weight,"[64, 64, 1]",float32,float32,0.03418815185414217,0.01269464779700025,0.03787755079505359,1.1079145476085284,0.007942906930111349,0.00032840288574011167,-0.1206491528249969
63,3,w_layers.2.bias,[64],float32,float32,0.03226780274858519,0.004190991224165552,0.03281887024660715,1.0170779368621907,0.015793556667631492,0.002762556578289832,-0.06767060068145452
63,3,w_layers.2.weight,"[64, 64, 1]",float32,float32,0.04531763447631626,0.013465454737140442,0.05426146659500765,1.1973587593890318,0.00875078362878412,0.00047814487278886875,-0.5811816397571878
63,3,w_layers.3.bias,[64],float32,float32,0.07719219721281993,0.004342674753729345,0.07314374221418188,0.947553572189733,0.019098795717582107,0.007400024889363976,0.935931589816325
63,3,w_layers.3.weight,"[64, 64, 1]",float32,float32,0.05739876904952922,0.017399230581015897,0.0706989696339444,1.231715780750254,0.006952347815968096,0.0006781929708048751,-0.7014119480272217
64,3,conv_layers.0.weights1,"[64, 64, 16]",complex64,complex64,0.025615226152132204,0.008552208106278525,0.026400169332892947,1.030643617046317,0.001523930492112413,2.1010119550881876e-05,0.07374723523313324
64,3,conv_layers.1.weights1,"[64, 64, 16]",complex64,complex64,0.01069370345708708,0.0061981528180489005,0.01241178643547448,1.1606630467435273,0.0009439450441277586,9.81151272142763e-06,-0.009656210034795776
64,3,conv_layers.2.weights1,"[64, 64, 16]",complex64,complex64,0.00987861844275208,0.005778691082662243,0.010999633279225228,1.1134789083078347,0.0006309480595518835,1.0326869394881067e-05,0.08748669482826583
64,3,conv_layers.3.weights1,"[64, 64, 16]",complex64,complex64,0.012302770117360407,0.005913246429062582,0.012116489437482522,0.9848586393063603,0.0009974093409255147,9.916808936742649e-06,0.27158552299380895
64,3,mlp_layers.0.conv0.bias,[64],float32,float32,0.005335546769722776,0.0017768429879145696,0.004966534351250357,0.9308388747398062,0.0021192774147493765,0.0004426544609898997,0.3670069662949773
64,3,mlp_layers.0.conv0.weight,"[64, 64, 1]",float32,float32,0.013791027661102469,0.007007785031716904,0.012217453506519914,0.8858987021670028,0.0017807327590162458,0.00012305501088223647,0.46580649448960093
64,3,mlp_layers.0.conv2.bias,[64],float32,float32,0.00995108426942264,0.0019532308491916894,0.009589616004137451,0.963675489474459,0.002771672385279089,0.0009237989779791178,0.27984219351465683
64,3,mlp_layers.0.conv2.weight,"[64, 64, 1]",float32,float32,0.01734584802993607,0.008606869947809953,0.014301706587793553,0.824503164279496,0.0017098842945415527,0.00013415509441685666,0.5707478579086432
64,3,mlp_layers.1.conv0.bias,[64],float32,float32,0.006069630375218359,0.0015390753763114221,0.005777035112059052,0.9517935615397699,0.0024696567825230886,0.0005250670067127317,0.31231371328769963
64,3,mlp_layers.1.conv0.weight,"[64, 64, 1]",float32,float32,0.00850338879850081,0.004687664742539035,0.008210025889306142,0.9655004709126802,0.0005830270820297301,9.59630268292308e-05,0.3371374590756169
64,3,mlp_layers.1.conv2.bias,[64],float32,float32,0.013112267307705707,0.0039058164787474053,0.011784322576249721,0.8987250106870847,0.004314562582294457,0.0011355132067478735,0.47171275644047544
64,3,mlp_layers.1.conv2.weight,"[64, 64, 1]",float32,float32,0.014321174254330278,0.005513922791875308,0.014544612309668283,1.0156019367804594,0.0024788962327875197,0.00014140145853373115,0.15167081468638371
64,3,mlp_layers.2.conv0.bias,[64],float32,float32,0.010514488056688259,0.0031468964586983416,0.009293434343348554,0.8838694088807307,0.0065133049502037466,0.0007670710136764569,0.5151337211820312
64,3,mlp_layers.2.conv0.weight,"[64, 64, 1]",float32,float32,0.012653015979598437,0.0061172485580332295,0.014329530652484254,1.132499214067935,0.0016141522501129657,0.0001567656022211858,-0.050489272840215045
64,3,mlp_layers.2.conv2.bias,[64],float32,float32,0.031089474940889674,0.008514775046766345,0.024488058079486497,0.7876639321199721,0.011620566947385669,0.0021742198453438277,0.8299184947069184
64,3,mlp_layers.2.conv2.weight,"[64, 64, 1]",float32,float32,0.019605735632819917,0.00835007409033967,0.023436916729075007,1.1954112392417304,0.005098444409668446,0.0002084827725834515,-0.29069952809360305
64,3,mlp_layers.3.conv0.bias,[64],float32,float32,0.022406576621889735,0.007705149700249098,0.015975752514506586,0.7129939028213412,0.006676376098766923,0.0015422297897416115,0.8867836245072589
64,3,mlp_layers.3.conv0.weight,"[64, 64, 1]",float32,float32,0.0061740445222866255,0.007509564898064113,0.011579263057201078,1.875474498993825,0.0008221134776249528,0.0001281975409965965,-0.42669540042527765
64,3,mlp_layers.3.conv2.bias,[64],float32,float32,0.07821060615081518,0.026530261040308575,0.05205307669413199,0.665550099352982,0.0134818647056818,0.005245306744882328,0.990682964980035
64,3,mlp_layers.3.conv2.weight,"[64, 64, 1]",float32,float32,0.02577895001466421,0.01010107250261333,0.026550956275530512,1.0299471569023235,0.0022499473998323083,0.00027966448402000355,0.11834451545893626
64,3,p.bias,[64],float32,float32,0.01386081262328708,0.0009742196365942865,0.013814513692484669,0.9966597246452473,0.005133079146617092,0.00134427269316717,0.08258769613532031
64,3,p.weight,"[64, 2]",float32,float32,0.010220096657728994,0.003775609815343611,0.011061549509348593,1.0823331598320303,0.003430060445680283,0.0007099990111676391,-0.04732504692724208
64,3,q.conv0.bias,[128],float32,float32,0.07566257035376196,0.02503670358337063,0.050757605199361594,0.6708416719395512,0.011935499496757984,0.0036567873618551516,0.9964747379486514
64,3,q.conv0.weight,"[128, 64, 1]",float32,float32,0.08522927216377098,0.019151099091862984,0.06955617559012692,0.8161066476840532,0.004533313331194222,0.0004807953251446751,0.8554935941219597
64,3,q.conv2.bias,[1],float32,float32,0.23201361298561096,0.07833709567785263,0.15367651730775833,0.6623599164299426,0.15367651730775833,0.15367651730775833,1.0
64,3,q.conv2.weight,"[1, 128, 1]",float32,float32,0.21508490184506687,0.054054049855975214,0.16496563524899766,0.7669791502512256,0.049803849309682846,0.011250131942063035,0.9448347518265195
64,3,w_layers.0.bias,[64],float32,float32,0.009950322673094203,0.0019551211688897487,0.009589625922914362,0.9637502458935157,0.0027717051561921835,0.0009237995743518468,0.2793884653706214
64,3,w_layers.0.weight,"[64, 64, 1]",float32,float32,0.03779355808522124,0.010092076672447858,0.037945087366893844,1.0040093944404738,0.0026244940236210823,0.00038343937569510975,0.11847105369123609
64,3,w_layers.1.bias,[64],float32,float32,0.013128537594414836,0.0039281699997808705,0.011784323347768999,0.8976112733822162,0.004314562640502118,0.0011355125197667348,0.4742842022601644
64,3,w_layers.1.weight,"[64, 64, 1]",float32,float32,0.024697999118421687,0.0103096228875372,0.024511452567863468,0.9924468962176342,0.004608068615198135,0.00022400525659221904,0.22673980313837536
64,3,w_layers.2.bias,[64],float32,float32,0.031095182739480837,0.008518704663321346,0.024488058709261237,0.787519369621498,0.011620566947385669,0.0021742200170749015,0.8301796468773598
64,3,w_layers.2.weight,"[64, 64, 1]",float32,float32,0.033853987407333745,0.00836650362728303,0.03505569979598014,1.0354969231301263,0.00617512603639625,0.0003107526271840279,-0.02261556294728104
64,3,w_layers.3.bias,[64],float32,float32,0.07820839304250395,0.02652779202060029,0.05205307725940721,0.6655689400384164,0.013481864240020514,0.005245306740675915,0.9906881946873419
64,3,w_layers.3.weight,"[64, 64, 1]",float32,float32,0.046718626532579105,0.013255282666580994,0.04530425279196382,0.9697256994567471,0.0046892816899344325,0.000424353821612905,0.24695040438387653
65,3,conv_layers.0.weights1,"[64, 64, 16]",complex64,complex64,0.03361110942037331,0.01286449224780751,0.03536661850771329,1.0522300250605796,0.0019125105536659248,3.157033086769522e-05,0.05134733379667927
65,3,conv_layers.1.weights1,"[64, 64, 16]",complex64,complex64,0.014277886307511629,0.010016167444654554,0.01844869010142455,1.2921163331941263,0.0012844880693592131,1.4907117078029971e-05,-0.12646875969194937
65,3,conv_layers.2.weights1,"[64, 64, 16]",complex64,complex64,0.014803152916887783,0.009152367414028537,0.018133882645087505,1.225001372808893,0.0010996611672453582,1.6933126797476302e-05,-0.09572552642549038
65,3,conv_layers.3.weights1,"[64, 64, 16]",complex64,complex64,0.017160257406006598,0.010646425667751968,0.018568920519194818,1.08208869365183,0.0015865517780184746,1.544636767639267e-05,0.17246193061441556
65,3,mlp_layers.0.conv0.bias,[64],float32,float32,0.005350463937582289,0.0010834159338984745,0.004998759023856093,0.9342664640245905,0.0022929255646886304,0.0004472763849925343,0.4152015784600861
65,3,mlp_layers.0.conv0.weight,"[64, 64, 1]",float32,float32,0.014413639561550522,0.004264879723419861,0.0137309979780866,0.9526391942473073,0.0019705812446773052,0.00013816921341651411,0.3042168127278166
65,3,mlp_layers.0.conv2.bias,[64],float32,float32,0.010423536671182728,0.002552941765098625,0.009700262965728899,0.9306114874183331,0.00324953009840101,0.0008997993577253283,0.39594112435263223
65,3,mlp_layers.0.conv2.weight,"[64, 64, 1]",float32,float32,0.01610277955585572,0.005394109246645898,0.01598522424280302,0.9926996881100597,0.0016381388995796442,0.0001601941060778017,0.1892037321043267
65,3,mlp_layers.1.conv0.bias,[64],float32,float32,0.0061814006281365585,0.0022320771628245293,0.005156899933523682,0.8342607515278101,0.0018104366899933666,0.0005155821289974938,0.6015013539117741
65,3,mlp_layers.1.conv0.weight,"[64, 64, 1]",float32,float32,0.0113819501009917,0.0023949821995031535,0.011345467690823523,0.996794713573292,0.000733679007680621,0.0001313249609540476,0.12041809945362433
65,3,mlp_layers.1.conv2.bias,[64],float32,float32,0.015352493744073091,0.005896992655232362,0.012163910655142067,0.7923084586722602,0.00402245984878391,0.001142997432665993,0.6766158721783078
65,3,mlp_layers.1.conv2.weight,"[64, 64, 1]",float32,float32,0.017290949809091658,0.0035627566108957856,0.017097295458884214,0.9888002479710154,0.0035107928051729687,0.00016408302821510103,0.15707455750111635
65,3,mlp_layers.2.conv0.bias,[64],float32,float32,0.01257143463435531,0.005903940618186745,0.008505977547962474,0.6766115240910751,0.00509858108125627,0.0007421549121175985,0.8120735623997087
65,3,mlp_layers.2.conv0.weight,"[64, 64, 1]",float32,float32,0.017228920674285678,0.003923334739921052,0.01670474693019079,0.969575938388455,0.0021198065114731435,0.0001717370441349569,0.24543072680516978
65,3,mlp_layers.2.conv2.bias,[64],float32,float32,0.03865372725228325,0.020342800055975923,0.021725934296779104,0.5620657008049791,0.009465653449296951,0.0019194062718241867,0.9130600206846416
65,3,mlp_layers.2.conv2.weight,"[64, 64, 1]",float32,float32,0.024047934271077178,0.0061327679238128395,0.02238499631301816,0.9308490309681585,0.004687235486926511,0.00019285305814242815,0.3892921541872611
65,3,mlp_layers.3.conv0.bias,[64],float32,float32,0.027042778519625218,0.017528151139573872,0.012326434580322466,0.4558124296058206,0.004933791700750589,0.00120173882612562,0.9352198613368854
65,3,mlp_layers.3.conv0.weight,"[64, 64, 1]",float32,float32,0.005607522469121105,0.004067206881638184,0.006376215947021483,1.1370825497594232,0.0007073732122080401,6.614998407344919e-05,0.1607042804710946
65,3,mlp_layers.3.conv2.bias,[64],float32,float32,0.09706654179237406,0.0633376199584275,0.03537673930573542,0.36445863479309365,0.00897950865328312,0.003523414047293727,0.9907389242406944
65,3,mlp_layers.3.conv2.weight,"[64, 64, 1]",float32,float32,0.02937431201600084,0.016385137652059404,0.014962490186241035,0.509373297937689,0.0010514744790270925,0.00016321168028431837,0.9426997548256415
65,3,p.bias,[64],float32,float32,0.014282932896596023,0.001660584807177374,0.013932610271545562,0.9754726408373765,0.005035433088778518,0.0013821515955498853,0.26650800365024135
65,3,p.weight,"[64, 2]",float32,float32,0.02013646211939424,0.0025676948550355004,0.021181801772954187,1.0519127763040927,0.0056787288340274245,0.0013683258724057623,-0.3539219150394285
65,3,q.conv0.bias,[128],float32,float32,0.0942783088913549,0.05962129892042751,0.034702281589339586,0.368083411735037,0.00819857232272625,0.0025066041504118175,0.9997206893753726
65,3,q.conv0.weight,"[128, 64, 1]",float32,float32,0.11012932436361565,0.06353112419605073,0.048644587954932615,0.44170422579114393,0.003317230148240924,0.00033514331072506155,0.9860716226308532
65,3,q.conv2.bias,[1],float32,float32,0.28871798515319824,0.1824515014886856,0.10626648366451263,0.3680632628692182,0.10626648366451263,0.10626648366451263,1.0
65,3,q.conv2.weight,"[1, 128, 1]",float32,float32,0.27139158011047076,0.1652148773907204,0.10787093069651411,0.3974733875406338,0.030488722026348114,0.007344784090378198,0.9959560408327578
65,3,w_layers.0.bias,[64],float32,float32,0.010422773276805346,0.0025538111126960452,0.009700273416976657,0.9306806508555139,0.003249530040193349,0.0008998056162567991,0.3956159823256546
65,3,w_layers.0.weight,"[64, 64, 1]",float32,float32,0.04626268765416092,0.012909757498016377,0.04776642377176515,1.0325042965260791,0.0037671864265576005,0.000472485788369878,0.02115302421602691
65,3,w_layers.1.bias,[64],float32,float32,0.01536752136574351,0.005916720044064523,0.012163911184638951,0.7915337089918819,0.004022460198029876,0.0011429967269123154,0.6775205817560968
65,3,w_layers.1.weight,"[64, 64, 1]",float32,float32,0.03084551999651134,0.011743335825790298,0.02830221245483346,0.9175469390055498,0.004128408269025385,0.00026622526654368484,0.39800315753304794
65,3,w_layers.2.bias,[64],float32,float32,0.038660139274450195,0.020346582624536477,0.021725934769038883,0.5619724909629896,0.009465653449296951,0.0019194064020169321,0.9131518014210475
65,3,w_layers.2.weight,"[64, 64, 1]",float32,float32,0.05057972039608514,0.017495299393342958,0.04016353331431308,0.7940639647628761,0.009087368380278349,0.00035090168325616067,0.7070142460176785
65,3,w_layers.3.bias,[64],float32,float32,0.09706430408971499,0.06333494168122618,0.03537673785678804,0.3644670220278908,0.00897950679063797,0.003523413934516384,0.9907407446899064
65,3,w_layers.3.weight,"[64, 64, 1]",float32,float32,0.06534637852371908,0.031863439162515196,0.040360226673830595,0.6176352475169049,0.005052801687270403,0.00036530989350869875,0.8780495778598977
66,4,conv_layers.0.weights1,"[64, 64, 16]",complex64,complex64,0.02169688966830016,0.009576498611809856,0.02359992093171109,1.0877098649854555,0.0016275647503789514,1.7294728278396784e-05,0.013254578784820201
66,4,conv_layers.1.weights1,"[64, 64, 16]",complex64,complex64,0.016042828998022413,0.006788435954077211,0.0168750912692217,1.0518775255475128,0.0011131699502584524,1.260005509332039e-05,0.0857921884291803
66,4,conv_layers.2.weights1,"[64, 64, 16]",complex64,complex64,0.01257552409518178,0.006203440353080214,0.01321571904983412,1.0509080138375804,0.001090713940357091,1.1181933942699499e-05,0.14082054978373837
66,4,conv_layers.3.weights1,"[64, 64, 16]",complex64,complex64,0.011671016406633327,0.006054223660191679,0.013394710343965765,1.147690130600173,0.0015584821667289361,9.967605150996406e-06,-0.04636367858854449
66,4,mlp_layers.0.conv0.bias,[64],float32,float32,0.006385723655524672,0.001353379381996765,0.006759091874485136,1.0584692102417306,0.003625431956606917,0.0004929863657068267,-0.1779745099247458
66,4,mlp_layers.0.conv0.weight,"[64, 64, 1]",float32,float32,0.024515120846155057,0.0052654673382484035,0.025610773362328487,1.044692927399755,0.0022886516653670697,0.0002706204155877995,-0.10534034743259518
66,4,mlp_layers.0.conv2.bias,[64],float32,float32,0.009733008464054432,0.001886116920304473,0.010414658908701609,1.0700349174835944,0.0032117695518536493,0.0008960653200489332,-0.2771667823908138
66,4,mlp_layers.0.conv2.weight,"[64, 64, 1]",float32,float32,0.03730650972018758,0.00618315365431297,0.036608318730564554,0.9812850091080696,0.0035371148551348597,0.00033076631142976536,0.19473126848916322
66,4,mlp_layers.1.conv0.bias,[64],float32,float32,0.005610891972287867,0.0015473950000604714,0.006604252936854606,1.177041541607455,0.0031816401751711965,0.000546408176930413,-0.5608913984479993
66,4,mlp_layers.1.conv0.weight,"[64, 64, 1]",float32,float32,0.01911169012574825,0.00479458072920604,0.02138586844612388,1.1189940976131536,0.001892831627628766,0.00021877793940585505,-0.37710765451795414
66,4,mlp_layers.1.conv2.bias,[64],float32,float32,0.010376493710689846,0.0030711517766583555,0.012007255245588001,1.15715920814544,0.004999413155019283,0.001054900918681767,-0.424732716593793
66,4,mlp_layers.1.conv2.weight,"[64, 64, 1]",float32,float32,0.029079282191475455,0.0062770441900882636,0.031316074903645116,1.0769204926531981,0.005306279635988176,0.0002754489567451737,-0.26212018341873133
66,4,mlp_layers.2.conv0.bias,[64],float32,float32,0.007401843765643558,0.0026163244670478272,0.00974385128101719,1.3164086664790613,0.007346902973949909,0.0007287810116807236,-0.8600340302150453
66,4,mlp_layers.2.conv0.weight,"[64, 64, 1]",float32,float32,0.018340872215845842,0.005290157992149477,0.02184884338219264,1.1912652312857857,0.003397087362827733,0.00020620832863542382,-0.5823102147366395
66,4,mlp_layers.2.conv2.bias,[64],float32,float32,0.019148428106503686,0.007079135876690855,0.025685899782197083,1.3414103569928526,0.012967877322807908,0.0020553926621005303,-0.8962789826225517
66,4,mlp_layers.2.conv2.weight,"[64, 64, 1]",float32,float32,0.028181196871785698,0.008156594980079682,0.033542832358610594,1.1902557762616828,0.009448706987313926,0.00027260083966875945,-0.5751516200594122
66,4,mlp_layers.3.conv0.bias,[64],float32,float32,0.01194723556015222,0.0051849791773435575,0.016917944828696345,1.4160551822651761,0.007235335651785135,0.001585260104121744,-0.9411107670838141
66,4,mlp_layers.3.conv0.weight,"[64, 64, 1]",float32,float32,0.013282584703488734,0.006344873739358138,0.01832076196158605,1.379306992619743,0.001393562473822385,0.00020044579804635865,-0.7058082010438297
66,4,mlp_layers.3.conv2.bias,[64],float32,float32,0.039680328437599305,0.019030262417273347,0.0585870778330574,1.4764766356505987,0.015605839435011148,0.005921032798909209,-0.9904070518579169
66,4,mlp_layers.3.conv2.weight,"[64, 64, 1]",float32,float32,0.02777841850980928,0.01143876840153745,0.03824037512895601,1.3766217509989758,0.0038263710448518395,0.00039763170343399407,-0.880942177954859
66,4,p.bias,[64],float32,float32,0.011361899427660754,0.0016059548891263664,0.011989732845998436,1.0552577869866733,0.004045912701258203,0.001168040364547096,-0.3310693269231398
66,4,p.weight,"[64, 2]",float32,float32,0.019511262709352346,0.0039003044045831797,0.02020321204516536,1.0354640981529781,0.005555540439672768,0.0014128254623813064,-0.08060480895732973
66,4,q.conv0.bias,[128],float32,float32,0.03914713540977788,0.017996161490208717,0.057117756477291434,1.4590532839607209,0.013684505596756935,0.00402853850709306,-0.9979288267009303
66,4,q.conv0.weight,"[128, 64, 1]",float32,float32,0.07380611780866891,0.028073980611174484,0.10106676668812402,1.3693548677106169,0.00693377829156816,0.0006947525015555643,-0.960168770690883
66,4,q.conv2.bias,[1],float32,float32,0.1134490892291069,0.05312062054872513,0.16656970977783203,1.46823311592612,0.16656970977783203,0.16656970977783203,-1.0
66,4,q.conv2.weight,"[1, 128, 1]",float32,float32,0.1638412446965176,0.06701658467950933,0.23018518710174907,1.4049282128448186,0.0734246801584959,0.015737569016202713,-0.9858781992113098
66,4,w_layers.0.bias,[64],float32,float32,0.009731764614802671,0.0018812217231704432,0.010414655480574197,1.070171329949021,0.0032118273884407245,0.0008960635217611923,-0.279086477288758
66,4,w_layers.0.weight,"[64, 64, 1]",float32,float32,0.0498523288921643,0.009382722509723994,0.051099069640014684,1.0250086761352155,0.004293914415029576,0.0004728194223803453,-0.04043259694232689
66,4,w_layers.1.bias,[64],float32,float32,0.01038018328353,0.0030738560290844673,0.012007258433998537,1.1567482101255553,0.004999413504265249,0.0010549003743705043,-0.4227489178027685
66,4,w_layers.1.weight,"[64, 64, 1]",float32,float32,0.034919618035857636,0.009543313622190795,0.03729167763685513,1.067929139389833,0.005811507813632488,0.000325018554951588,-0.12035249085153943
66,4,w_layers.2.bias,[64],float32,float32,0.019143453395104863,0.007081441264223145,0.025685899789528475,1.3417589428298538,0.012967877322807908,0.002055392489495489,-0.8968022167086227
66,4,w_layers.2.weight,"[64, 64, 1]",float32,float32,0.03928313037887345,0.012267745184350615,0.04470531195651088,1.1380282458485917,0.009466084360610694,0.00040682998592700415,-0.31634493486003534
66,4,w_layers.3.bias,[64],float32,float32,0.03968299676668181,0.01902753797674522,0.05858707771430434,1.476377352717841,0.015605839900672436,0.005921032837377993,-0.9904106771732201
66,4,w_layers.3.weight,"[64, 64, 1]",float32,float32,0.04994988496954959,0.016840558254099487,0.06345623384565935,1.270397997599864,0.0074409168446436524,0.0006042131934581203,-0.7418699599727093
67,4,conv_layers.0.weights1,"[64, 64, 16]",complex64,complex64,0.021283328259302268,0.013421649247965973,0.024399509463350635,1.146414187014495,0.001639985857764259,2.008952244024172e-05,0.06613634493240336
67,4,conv_layers.1.weights1,"[64, 64, 16]",complex64,complex64,0.016313105209845986,0.010245791740641065,0.019488863126534747,1.1946752550073663,0.0012466251791920513,1.4901355634844102e-05,-0.026092199865878688
67,4,conv_layers.2.weights1,"[64, 64, 16]",complex64,complex64,0.01355696941724443,0.009314419709862177,0.015936448614831157,1.175517043990675,0.0011197183921467513,1.4038532344749601e-05,0.06564799072091436
67,4,conv_layers.3.weights1,"[64, 64, 16]",complex64,complex64,0.011406542301632941,0.010595101454867436,0.0171150694009269,1.5004607836747106,0.0016808912041597068,1.3265864173096996e-05,-0.20917983262196366
67,4,mlp_layers.0.conv0.bias,[64],float32,float32,0.00690300451127233,0.002405070634626937,0.007837202043197487,1.1353320181668214,0.00377505537471734,0.0006726224610886788,-0.2405070822093684
67,4,mlp_layers.0.conv0.weight,"[64, 64, 1]",float32,float32,0.030024347182396858,0.00885438670762305,0.0325634779368258,1.0845690578717269,0.002866290567908436,0.00034171557257886565,-0.1514375805380507
67,4,mlp_layers.0.conv2.bias,[64],float32,float32,0.008105275876439187,0.003921578350332683,0.010232108035175557,1.2624009584817155,0.0027979480801150203,0.0009216215139318251,-0.3715810680512359
67,4,mlp_layers.0.conv2.weight,"[64, 64, 1]",float32,float32,0.04602006453959847,0.010686824198140366,0.04624906392712726,1.0049760770615987,0.004787183948792517,0.00041695777075671445,0.09462897443303397
67,4,mlp_layers.1.conv0.bias,[64],float32,float32,0.005049813336780664,0.003352445713394221,0.007484667008017584,1.4821670641769062,0.003832780639640987,0.0006390267012790218,-0.5694511455387844
67,4,mlp_layers.1.conv0.weight,"[64, 64, 1]",float32,float32,0.024840603798269034,0.008209306063518784,0.029097333994264393,1.1713617845429338,0.00264075436280109,0.0002938141729904274,-0.39771298990469406
67,4,mlp_layers.1.conv2.bias,[64],float32,float32,0.008849528169632264,0.0069539455086673205,0.013250336139668892,1.4972929500510874,0.006169859552755952,0.0012226753427881931,-0.39730733561125886
67,4,mlp_layers.1.conv2.weight,"[64, 64, 1]",float32,float32,0.038866585640295055,0.011031417067865262,0.0432617879285091,1.1130843426508066,0.008035142091102898,0.0003657567409901599,-0.27903987240886596
67,4,mlp_layers.2.conv0.bias,[64],float32,float32,0.00658232228022436,0.006895063620998993,0.012436073614712414,1.8893139966839374,0.009187480434775352,0.0009032786708402796,-0.7027245991487716
67,4,mlp_layers.2.conv0.weight,"[64, 64, 1]",float32,float32,0.02388163817402855,0.009123845682810364,0.030322183613555657,1.2696860823614373,0.004055526806041598,0.0002991118978019694,-0.6100663445067194
67,4,mlp_layers.2.conv2.bias,[64],float32,float32,0.013610742669947546,0.021109696525637715,0.03270502245612692,2.4028830203615157,0.0162991089746356,0.002505560348765812,-0.763519692545769
67,4,mlp_layers.2.conv2.weight,"[64, 64, 1]",float32,float32,0.03826328049688327,0.01556006006271844,0.04947996949927145,1.2931449906210168,0.013211148092523217,0.0003999948515219509,-0.6231940910690672
67,4,mlp_layers.3.conv0.bias,[64],float32,float32,0.007623287512840157,0.01663166108297284,0.023335475432557446,3.061077703451789,0.009600897785276175,0.002238461878079079,-0.8274357967091776
67,4,mlp_layers.3.conv0.weight,"[64, 64, 1]",float32,float32,0.017623673786694098,0.011420358825309514,0.027175614935422518,1.5419948907554195,0.001936153304995969,0.00029714257601910765,-0.7390508447457481
67,4,mlp_layers.3.conv2.bias,[64],float32,float32,0.02047467205034982,0.060304999527729594,0.08054829122228413,3.9340454891880876,0.02120364224538207,0.008212887605026253,-0.9848840354078089
67,4,mlp_layers.3.conv2.weight,"[64, 64, 1]",float32,float32,0.03208033061849941,0.0266853388752566,0.05552917084360105,1.7309413516947878,0.005448897136375308,0.0005800759440808684,-0.7839468999735976
67,4,p.bias,[64],float32,float32,0.007926895153923157,0.003228465595462925,0.009949793089359133,1.2551942338274538,0.0027684171800501645,0.0009951012539204385,-0.5028919006453068
67,4,p.weight,"[64, 2]",float32,float32,0.01936937381176626,0.005242753575568398,0.022462872921696506,1.1597108476501727,0.005591278895735741,0.001614659119013595,-0.5018350732680834
67,4,q.conv0.bias,[128],float32,float32,0.020819022841512,0.05684681494499903,0.07727776211262917,3.711882286739295,0.01850919984281063,0.0054545982322338205,-0.9745964981296226
67,4,q.conv0.weight,"[128, 64, 1]",float32,float32,0.05988372779441587,0.07791515101980166,0.13578186828293282,2.267425113364342,0.009211034514009953,0.0009361861560836862,-0.9408665854930035
67,4,q.conv2.bias,[1],float32,float32,0.05486106127500534,0.17004895210266113,0.22491001337766647,4.099629284425369,0.22491001337766647,0.22491001337766647,-1.0
67,4,q.conv2.weight,"[1, 128, 1]",float32,float32,0.12329980842693253,0.19146420183194127,0.3114201103308024,2.5257144703136336,0.0987849235534668,0.021326225945472288,-0.955651867236238
67,4,w_layers.0.bias,[64],float32,float32,0.008101945923823458,0.003916936803485769,0.010232102950108837,1.26291918587382,0.002797947498038411,0.0009216190935203983,-0.3735962020945222
67,4,w_layers.0.weight,"[64, 64, 1]",float32,float32,0.04305459901474393,0.01720989106690815,0.0511667844199198,1.1884162340566191,0.004140196251682937,0.00049426575688526,-0.3159130370133162
67,4,w_layers.1.bias,[64],float32,float32,0.00886357958990164,0.006962942688899245,0.013250338800126769,1.4949195937974096,0.0061698597855865955,0.0012226752350699144,-0.3931346418554519
67,4,w_layers.1.weight,"[64, 64, 1]",float32,float32,0.036822041985203294,0.01615924008245661,0.04480739826906369,1.2168634832112044,0.008511325344443321,0.00038372301310125867,-0.3283264494571996
67,4,w_layers.2.bias,[64],float32,float32,0.013609568391399771,0.021113473919901336,0.03270502218002489,2.403090328763991,0.016299108043313026,0.0025055604308477086,-0.763227018077577
67,4,w_layers.2.weight,"[64, 64, 1]",float32,float32,0.04082495447979408,0.02316279572323262,0.05740991869276382,1.406245749059642,0.01062697172164917,0.0005041940767015959,-0.5777726024657808
67,4,w_layers.3.bias,[64],float32,float32,0.02047782311871213,0.06030231459995181,0.08054829176384999,3.9334401560606778,0.021203641779720783,0.008212887701006366,-0.9848552306443732
67,4,w_layers.3.weight,"[64, 64, 1]",float32,float32,0.046456336151560605,0.041475896897227214,0.0838070675569105,1.8039964943317033,0.008841746486723423,0.0007958593288697746,-0.816159865691352
68,4,conv_layers.0.weights1,"[64, 64, 16]",complex64,complex64,0.027341851228729213,0.016637213801623144,0.03299934568979972,1.206917023055335,0.002154141722712666,2.538544150691774e-05,-0.07098725891976711
68,4,conv_layers.1.weights1,"[64, 64, 16]",complex64,complex64,0.016659299876095914,0.012128200077141089,0.021114448755241357,1.2674271375316344,0.0013831723772455007,1.549470576460956e-05,-0.05244918999820459
68,4,conv_layers.2.weights1,"[64, 64, 16]",complex64,complex64,0.014405474298280804,0.010703223987487147,0.017591561022690872,1.2211719418908897,0.0014814515088801272,1.4999910330782516e-05,0.04090434475528552
68,4,conv_layers.3.weights1,"[64, 64, 16]",complex64,complex64,0.015080805779593118,0.010687611304421694,0.01963927703801146,1.3022697410894797,0.002244854607852176,1.4426235849587746e-05,-0.13663627020024322
68,4,mlp_layers.0.conv0.bias,[64],float32,float32,0.00673852073501576,0.003531114950468059,0.008163537844271306,1.2114732840177591,0.004156812006840482,0.0006707480609193794,-0.18422153956646217
68,4,mlp_layers.0.conv0.weight,"[64, 64, 1]",float32,float32,0.023430236287754074,0.013929851806985779,0.02891569435983643,1.2341187687872084,0.002611145522678271,0.00032387587537622414,-0.1426262585327386
68,4,mlp_layers.0.conv2.bias,[64],float32,float32,0.011732950754425743,0.004065335179366166,0.013431992690614864,1.1448094321497286,0.004388204193674028,0.0011684413176542563,-0.27495006655624327
68,4,mlp_layers.0.conv2.weight,"[64, 64, 1]",float32,float32,0.03470777767165465,0.016819513880291622,0.03686264505242746,1.062086008535564,0.004455258254893124,0.00031910044422519407,0.11020755609077125
68,4,mlp_layers.1.conv0.bias,[64],float32,float32,0.006200815337593077,0.0037629952161513038,0.008704924401594634,1.403835451899388,0.004358796984888613,0.0007415242949022627,-0.4963963300841687
68,4,mlp_layers.1.conv0.weight,"[64, 64, 1]",float32,float32,0.018757431861898616,0.012682689843734687,0.026488922424502633,1.4121827881091094,0.002269881428219378,0.00027271482734022006,-0.39717393236654164
68,4,mlp_layers.1.conv2.bias,[64],float32,float32,0.013232972954829843,0.00690251668871054,0.01733326434052485,1.3098541347957988,0.007585255429148674,0.0015595497688565274,-0.42525207063137016
68,4,mlp_layers.1.conv2.weight,"[64, 64, 1]",float32,float32,0.02969866824134169,0.016623169243844486,0.03756494191905184,1.2648695764330602,0.0067127670627087355,0.0003330944092121979,-0.2560172014753728
68,4,mlp_layers.2.conv0.bias,[64],float32,float32,0.00949709243233939,0.00570813378873564,0.014421727736527855,1.5185413682422584,0.010759759694337845,0.001109108769568934,-0.7859031097956849
68,4,mlp_layers.2.conv0.weight,"[64, 64, 1]",float32,float32,0.019387618269525973,0.013325766974227144,0.029369273581087003,1.514846907587947,0.004141079029068351,0.00027592293971114706,-0.59820511070307
68,4,mlp_layers.2.conv2.bias,[64],float32,float32,0.027808219101786526,0.013124513026929683,0.03987622765052361,1.433972722401406,0.019945648033171892,0.0032469815778419786,-0.8830380802373424
68,4,mlp_layers.2.conv2.weight,"[64, 64, 1]",float32,float32,0.03196578374479905,0.02032913084692857,0.04672132243372472,1.4616041579561285,0.013212647754698992,0.0003612629692256314,-0.5753731615889665
68,4,mlp_layers.3.conv0.bias,[64],float32,float32,0.018106672852749438,0.00893598329363107,0.02659812624636053,1.468968178895533,0.010974712204188108,0.0025178232172891057,-0.9263139828475696
68,4,mlp_layers.3.conv0.weight,"[64, 64, 1]",float32,float32,0.01313991818119241,0.015932536931538434,0.02681587548066992,2.040794707462665,0.0018466678448021412,0.00029368001830908097,-0.6987935894847859
68,4,mlp_layers.3.conv2.bias,[64],float32,float32,0.06350149029527094,0.03159956369536194,0.0948670333581204,1.493933967801466,0.025060240179300308,0.009592482842890604,-0.9889225499765637
68,4,mlp_layers.3.conv2.weight,"[64, 64, 1]",float32,float32,0.0319934507316334,0.026695750717480093,0.057130796445277535,1.7857028591414081,0.0051710344851017,0.0006022033865247384,-0.8943351189990247
68,4,p.bias,[64],float32,float32,0.014911029304413933,0.003319303969399686,0.01619370839829394,1.0860221697438628,0.005365690027247183,0.0015754375427263767,-0.2917472685238351
68,4,p.weight,"[64, 2]",float32,float32,0.027356230326155234,0.006822249727951854,0.031866414882659344,1.1648686424529746,0.0074353175004944205,0.0024979735137407033,-0.5909037813118424
68,4,q.conv0.bias,[128],float32,float32,0.06255841637653822,0.030101764195122303,0.09260225645498707,1.4802525674181937,0.022084543015807867,0.006573300152069805,-0.9971506939451368
68,4,q.conv0.weight,"[128, 64, 1]",float32,float32,0.09905740754786427,0.055460919952457784,0.15333034922399444,1.547893822578646,0.010346345836296678,0.0010561318995357366,-0.9667155206695275
68,4,q.conv2.bias,[1],float32,float32,0.1864834576845169,0.08681923151016235,0.27330268919467926,1.465559962198034,0.27330268919467926,0.27330268919467926,-1.0
68,4,q.conv2.weight,"[1, 128, 1]",float32,float32,0.22669671854160106,0.12762496713317717,0.35334145647828447,1.5586527178312148,0.11183616891503334,0.024121357009050826,-0.9880120937534981
68,4,w_layers.0.bias,[64],float32,float32,0.011731527154089708,0.004060477703667042,0.013431991270753584,1.1449482317458626,0.00438828906044364,0.0011684438968266875,-0.2760769098886953
68,4,w_layers.0.weight,"[64, 64, 1]",float32,float32,0.06329179986364332,0.01693732310689022,0.06923330172520381,1.0938747495625174,0.00636401231167838,0.0006445265164347937,-0.23345530875405096
68,4,w_layers.1.bias,[64],float32,float32,0.013232134047721037,0.006900952400060289,0.017333266113130463,1.3099373125014375,0.007585255661979318,0.001559549129197535,-0.425615568963333
68,4,w_layers.1.weight,"[64, 64, 1]",float32,float32,0.04124631662486363,0.020250894244588837,0.049447563062775014,1.198835850301542,0.009067750070244074,0.00042737908956818477,-0.19975709888622564
68,4,w_layers.2.bias,[64],float32,float32,0.027802792745688,0.013126528034000584,0.0398762276704109,1.434252595958922,0.019945648033171892,0.0032469814027678012,-0.8834158085762175
68,4,w_layers.2.weight,"[64, 64, 1]",float32,float32,0.05244580286743904,0.025874870541836625,0.06837354065333569,1.303698998109635,0.013572464464232326,0.0005919871441993768,-0.46235949623883493
68,4,w_layers.3.bias,[64],float32,float32,0.06350392187174803,0.03159673272620212,0.09486703344607018,1.4938767661887533,0.025060241110622883,0.009592482880009356,-0.9889409154409381
68,4,w_layers.3.weight,"[64, 64, 1]",float32,float32,0.06464055223079708,0.0348704831462051,0.09487026488445156,1.4676586385852681,0.010845853947103024,0.0009011100342249598,-0.7998979418689555
69,4,conv_layers.0.weights1,"[64, 64, 16]",complex64,complex64,0.023618774503990143,0.0176039196220794,0.028903737298700962,1.2237610928466243,0.0015028859197627753,2.410738115036923e-05,0.03886458162245762
69,4,conv_layers.1.weights1,"[64, 64, 16]",complex64,complex64,0.010678865879329886,0.012788229202241808,0.016014048066113427,1.4996019471609219,0.0011675114947138354,1.2164872497079143e-05,0.07735303768011714
69,4,conv_layers.2.weights1,"[64, 64, 16]",complex64,complex64,0.008781095335783029,0.011334748124465993,0.0140284615588068,1.5975753618846062,0.0008730466979613993,1.3247070995517222e-05,0.04413887207090055
69,4,conv_layers.3.weights1,"[64, 64, 16]",complex64,complex64,0.007487510224570987,0.01255557785510083,0.014513294302112187,1.9383338208321121,0.0011378051858628169,1.2503065478008634e-05,0.016326095975325017
69,4,mlp_layers.0.conv0.bias,[64],float32,float32,0.003958967648287226,0.002640946056611725,0.004635038429212997,1.170769463402476,0.0016010116087272763,0.0004545990476856332,0.05568593485236694
69,4,mlp_layers.0.conv0.weight,"[64, 64, 1]",float32,float32,0.01079122704873146,0.009937015189213368,0.015496371234746571,1.4360156787330514,0.0013875114964321256,0.0001841347059860811,-0.11630172335300949
69,4,mlp_layers.0.conv2.bias,[64],float32,float32,0.00648243728814067,0.004042952531379921,0.005642909499656033,0.8704919536945595,0.0022060106402932433,0.0005084670923665158,0.5060447620795778
69,4,mlp_layers.0.conv2.weight,"[64, 64, 1]",float32,float32,0.010586283174600222,0.012100157647322878,0.01862687992150626,1.7595297248611226,0.0020322129712440073,0.00019165534983514934,-0.34535683986848154
69,4,mlp_layers.1.conv0.bias,[64],float32,float32,0.004553820652845051,0.003761832626367514,0.003538572002910009,0.7770556358426733,0.0012035068648401648,0.00034996884230054093,0.6528384983042952
69,4,mlp_layers.1.conv0.weight,"[64, 64, 1]",float32,float32,0.006745543486900186,0.010034605016306581,0.012716900916331467,1.8852299953336051,0.0007965689583215863,0.00015063554669017543,-0.11467110772880018
69,4,mlp_layers.1.conv2.bias,[64],float32,float32,0.006221972791220636,0.00733847854859384,0.0059662840346215535,0.9589055167583076,0.002120270626619458,0.0005352856350384627,0.6238491008512617
69,4,mlp_layers.1.conv2.weight,"[64, 64, 1]",float32,float32,0.010562246231723447,0.013808659546025063,0.016189902154014203,1.532808627902295,0.0025131667498499155,0.00017655602904416423,0.1375627870511371
69,4,mlp_layers.2.conv0.bias,[64],float32,float32,0.00521554598997469,0.007395762233157757,0.00391276582113481,0.7502121213495038,0.0013516719045583159,0.0003836957320260126,0.8631632170701973
69,4,mlp_layers.2.conv0.weight,"[64, 64, 1]",float32,float32,0.011381002062396886,0.010464248462359665,0.014363407712916063,1.262051235398078,0.00148413356509991,0.00015687687350055685,0.13737183837414454
69,4,mlp_layers.2.conv2.bias,[64],float32,float32,0.010322817506419665,0.02209562449121655,0.012926680267218433,1.2522434169914802,0.0059930263087153435,0.001068050391381803,0.9375242426853627
69,4,mlp_layers.2.conv2.weight,"[64, 64, 1]",float32,float32,0.014576732555499673,0.017471954794708464,0.017695819007589986,1.2139770651766202,0.00368636567145586,0.000181751936617916,0.4016905579868661
69,4,mlp_layers.3.conv0.bias,[64],float32,float32,0.006697164462969759,0.017403759600872513,0.011453738865625526,1.7102370606181192,0.0032424642704427242,0.001224282505404517,0.928974153035255
69,4,mlp_layers.3.conv0.weight,"[64, 64, 1]",float32,float32,0.006349196475854405,0.012473369163641753,0.011224261786570964,1.7678239804447895,0.0008001184032764286,0.00013080436541088904,0.441394104087786
69,4,mlp_layers.3.conv2.bias,[64],float32,float32,0.02093811198702636,0.06348482505692789,0.042854978891067284,2.0467451371747853,0.010839595925062895,0.004441280246112456,0.990097282063832
69,4,mlp_layers.3.conv2.weight,"[64, 64, 1]",float32,float32,0.0117148379776784,0.028775479216622855,0.02065767323039387,1.7633767765081565,0.0014492799964500591,0.00022348079059593753,0.7987630481774484
69,4,p.bias,[64],float32,float32,0.010414216678968006,0.0033565921847811004,0.009446040366470475,0.9070332083206212,0.003855239803669974,0.000864357353577816,0.43618690255626347
69,4,p.weight,"[64, 2]",float32,float32,0.006364866313791764,0.004930980561063758,0.008002105068955528,1.25723065881464,0.0012264160177437589,0.0006610501611703512,0.01262396274970368
69,4,q.conv0.bias,[128],float32,float32,0.020482567712637397,0.06007839593721165,0.039642634740885675,1.9354328664773237,0.009426071774214506,0.0028441531253484698,0.9984930125417093
69,4,q.conv0.weight,"[128, 64, 1]",float32,float32,0.025895665449930654,0.0811085610305758,0.058103680278988226,2.2437608483679194,0.00398392288479954,0.00040444040825708336,0.9220196065520696
69,4,q.conv2.bias,[1],float32,float32,0.06251824647188187,0.18023984134197235,0.11772159487009048,1.8829957894458351,0.11772159487009048,0.11772159487009048,1.0
69,4,q.conv2.weight,"[1, 128, 1]",float32,float32,0.06199927925328502,0.19968802638415575,0.1397895619477513,2.25469656472409,0.04493499733507633,0.009623386551311341,0.9764577400959566
69,4,w_layers.0.bias,[64],float32,float32,0.006479534578420621,0.00403816159463264,0.005642923920744756,0.8708841433670089,0.0022060469673306216,0.0005084640006529639,0.505410184311476
69,4,w_layers.0.weight,"[64, 64, 1]",float32,float32,0.02456445132191566,0.016899751451200214,0.021952123886869096,0.8936541508372335,0.001897208727314137,0.00022515766762865042,0.4903464735304522
69,4,w_layers.1.bias,[64],float32,float32,0.006238449659578726,0.00734830715797511,0.005966285803465017,0.956373158241997,0.0021202705684117973,0.0005352851167685913,0.6251826990319793
69,4,w_layers.1.weight,"[64, 64, 1]",float32,float32,0.01502904731940481,0.015681802979900548,0.016647271467760343,1.1076731022242612,0.0026873840834014118,0.00015957373497558353,0.4129698046010552
69,4,w_layers.2.bias,[64],float32,float32,0.01032961009781375,0.022099362803032534,0.012926681113848804,1.251420043103536,0.0059930263087153435,0.001068050525177,0.9374183435023945
69,4,w_layers.2.weight,"[64, 64, 1]",float32,float32,0.017142447953126957,0.023290439203613202,0.020357139230910978,1.1875281340549515,0.002757520414888859,0.00020720162495857508,0.5283525723647168
69,4,w_layers.3.bias,[64],float32,float32,0.020935913695338836,0.0634822225810744,0.04285497876334272,2.046960041341971,0.010839595459401608,0.00444128027362467,0.990082901423995
69,4,w_layers.3.weight,"[64, 64, 1]",float32,float32,0.01982229443983933,0.0414700544964717,0.031477699409279324,1.587994745250816,0.003452729608397931,0.00032298746471121076,0.6823601275483783
70,4,conv_layers.0.weights1,"[64, 64, 16]",complex64,complex64,0.0227664113268493,0.015744034965194758,0.027580210898733543,1.211443055419417,0.0013577335485024378,2.454081740391756e-05,0.00769468071199135
70,4,conv_layers.1.weights1,"[64, 64, 16]",complex64,complex64,0.014302305461017711,0.01207757654718721,0.01952480511376714,1.3651508959156162,0.0014706566871609539,1.5097288018804151e-05,-0.08913603999880476
70,4,conv_layers.2.weights1,"[64, 64, 16]",complex64,complex64,0.015106622776664929,0.011001888211711,0.019023877172715035,1.2593070902717618,0.0011383197852410376,1.731574755000257e-05,-0.038075216705208303
70,4,conv_layers.3.weights1,"[64, 64, 16]",complex64,complex64,0.013353735253779838,0.010640201623904291,0.01741366672895541,1.304029651480951,0.0012584834912559018,1.4743026514124386e-05,-0.041170900930504795
70,4,mlp_layers.0.conv0.bias,[64],float32,float32,0.0037286974595183526,0.002132963230185458,0.003536263939495769,0.9483912218377082,0.0016350638616131619,0.0003032158684632691,0.3739107055996239
70,4,mlp_layers.0.conv0.weight,"[64, 64, 1]",float32,float32,0.015481643932080942,0.008606542894756335,0.016090517989153917,1.039328772819227,0.0011614292889134958,0.00018798026712067012,0.20582294082543265
70,4,mlp_layers.0.conv2.bias,[64],float32,float32,0.004161148704067615,0.0020896597757402973,0.0035948677755661433,0.8639123547908971,0.0012388840841595083,0.00031534167529123636,0.503644296580821
70,4,mlp_layers.0.conv2.weight,"[64, 64, 1]",float32,float32,0.026397205212568414,0.010275273410648579,0.029245544519210607,1.1079030633624056,0.002945571002783254,0.0002885401922508874,-0.09753074759667213
70,4,mlp_layers.1.conv0.bias,[64],float32,float32,0.004502221712699596,0.0022348339547075343,0.003457779410230713,0.7680162441750074,0.001186611523735337,0.00033149103771989985,0.6613306378148683
70,4,mlp_layers.1.conv0.weight,"[64, 64, 1]",float32,float32,0.016144261252936255,0.008606781714415718,0.015237126484486775,0.943810698164681,0.0010034476581495255,0.00018410578299037366,0.3689951117734801
70,4,mlp_layers.1.conv2.bias,[64],float32,float32,0.005934345361249599,0.0033418489609628394,0.005411541752544801,0.9119020587984938,0.002112265327014029,0.000528147326178896,0.43111879919963825
70,4,mlp_layers.1.conv2.weight,"[64, 64, 1]",float32,float32,0.02841922398842077,0.011407147735487864,0.02646776805672733,0.9313332435646889,0.0033433163771405816,0.0002635608954015961,0.3658937818180984
70,4,mlp_layers.2.conv0.bias,[64],float32,float32,0.0056095260368586594,0.003176328005862485,0.004297771184597001,0.7661558492388703,0.0017888708680402488,0.0004089746709148301,0.6478112139842894
70,4,mlp_layers.2.conv0.weight,"[64, 64, 1]",float32,float32,0.022986284577816592,0.00893684664961422,0.020002599626690685,0.8701971629636319,0.0017528358148410916,0.00023277021019287025,0.5065902784543046
70,4,mlp_layers.2.conv2.bias,[64],float32,float32,0.010528282915422297,0.005035168333744168,0.011561103976337537,1.0980996682186719,0.004616181133314967,0.0010803597869255555,0.023943179130737163
70,4,mlp_layers.2.conv2.weight,"[64, 64, 1]",float32,float32,0.036978592397481434,0.01295239101742861,0.031757175971525775,0.8587989404834327,0.00765312765724957,0.0002896426384026568,0.5497966393407058
70,4,mlp_layers.3.conv0.bias,[64],float32,float32,0.006344852129363393,0.003170616660543555,0.007493285160619756,1.1810023319442735,0.0024795331264613196,0.0007491784621862507,-0.14513438134957798
70,4,mlp_layers.3.conv0.weight,"[64, 64, 1]",float32,float32,0.016514842141656376,0.01040265607491905,0.01059469329157181,0.6415255562660318,0.0009998637542594224,0.00011620147639076345,0.7820445806996622
70,4,mlp_layers.3.conv2.bias,[64],float32,float32,0.021600360589778305,0.010033252394519533,0.031372168583142235,1.4523909660095273,0.007901339558884501,0.003169413252464892,-0.961996200796688
70,4,mlp_layers.3.conv2.weight,"[64, 64, 1]",float32,float32,0.025626681728471844,0.014938008238230887,0.016983283209689632,0.662718778405899,0.0025594740291126072,0.00014640107171308425,0.7724936033344094
70,4,p.bias,[64],float32,float32,0.004234162332572724,0.0017446445622062337,0.00343186040660988,0.8105169658255977,0.0012640327804547269,0.000322222100834324,0.6223172246047354
70,4,p.weight,"[64, 2]",float32,float32,0.010439929051821051,0.0036995050786761837,0.009043352962520715,0.8662274348448058,0.0019390206434763968,0.0006606375564928157,0.5294342537144902
70,4,q.conv0.bias,[128],float32,float32,0.021399128829257087,0.009724164687503407,0.030559805136363343,1.428086413246024,0.007026918698102236,0.002246629112121923,-0.9164834101409932
70,4,q.conv0.weight,"[128, 64, 1]",float32,float32,0.026832833680448,0.021603434791142496,0.03080550755841004,1.1480527150159607,0.0020337856840342283,0.00022514106777599477,0.20505235580416353
70,4,q.conv2.bias,[1],float32,float32,0.06922764331102371,0.027025502175092697,0.09625314548611641,1.3903859915275953,0.09625314548611641,0.09625314548611641,-1.0
70,4,q.conv2.weight,"[1, 128, 1]",float32,float32,0.04733462970323686,0.048198636403134605,0.0726861124834012,1.5355800381053948,0.020570957101881504,0.005013154870056269,-0.15770466604758676
70,4,w_layers.0.bias,[64],float32,float32,0.004160963232933452,0.0020843202009106655,0.003594889840409741,0.8639561657158328,0.0012388786708470434,0.0003153503167663274,0.5035740005746149
70,4,w_layers.0.weight,"[64, 64, 1]",float32,float32,0.021902653393237947,0.009128738099303245,0.01942448494577742,0.8868553319560079,0.0016889111502678134,0.00020648808457065376,0.4645046955158141
70,4,w_layers.1.bias,[64],float32,float32,0.005917100187884933,0.0033390285106740516,0.005411544091514916,0.914560159484011,0.0021122649777680635,0.0005281481330570159,0.42709074629472576
70,4,w_layers.1.weight,"[64, 64, 1]",float32,float32,0.026782229494479448,0.008414584743508815,0.02430380426402263,0.9074600853910355,0.003922810952644795,0.0002396826522339801,0.4380035893874007
70,4,w_layers.2.bias,[64],float32,float32,0.010520403172262733,0.005036578513229091,0.011561104046088684,1.0989221474486626,0.004616181366145611,0.0010803599047903845,0.0225233229325623
70,4,w_layers.2.weight,"[64, 64, 1]",float32,float32,0.03146924037648606,0.009031099475078576,0.028507384778004193,0.9058809312507277,0.003049482882488519,0.00029368666634118495,0.45601896964672023
70,4,w_layers.3.bias,[64],float32,float32,0.02160167755499869,0.010030850723975457,0.031372168491048534,1.4523024154570312,0.007901339558884501,0.0031694132865709435,-0.9621477593402138
70,4,w_layers.3.weight,"[64, 64, 1]",float32,float32,0.04018955148908611,0.011382212506510338,0.03612707228660683,0.8989170306221883,0.0029840997740393505,0.0003618620093389126,0.4804823339301221
71,4,conv_layers.0.weights1,"[64, 64, 16]",complex64,complex64,0.04264257426175876,0.013510994091465188,0.04485340431434403,1.0518456047942655,0.0021703391321352683,3.6478279715430037e-05,-0.009452312031946363
71,4,conv_layers.1.weights1,"[64, 64, 16]",complex64,complex64,0.026305745933350312,0.009607525533065943,0.028219517929939885,1.0727511016581097,0.0017594399978406727,2.1442240391221857e-05,-0.023828250027271018
71,4,conv_layers.2.weights1,"[64, 64, 16]",complex64,complex64,0.021105333258161888,0.00889566692297332,0.023453142464484468,1.1112424607374836,0.001219678029883653,2.093444494118696e-05,-0.06786271741074205
71,4,conv_layers.3.weights1,"[64, 64, 16]",complex64,complex64,0.019142434706899924,0.009086299928151331,0.021109737963650312,1.1027718410365674,0.0015695280017098412,1.745557103088162e-05,0.009695108136260547
71,4,mlp_layers.0.conv0.bias,[64],float32,float32,0.010420880558115646,0.0007687334006099812,0.010344523857376236,0.9926727208594723,0.005669318557920633,0.0007301379370403538,0.13584831488612786
71,4,mlp_layers.0.conv0.weight,"[64, 64, 1]",float32,float32,0.03327332614789571,0.003444667362185801,0.03361486404969889,1.0102646155748027,0.003242070659325691,0.0003381284964451628,-0.04789541994335161
71,4,mlp_layers.0.conv2.bias,[64],float32,float32,0.01717387454181117,0.001744894420636108,0.016390054211017923,0.9543597265203624,0.004278602391423192,0.001517683687884741,0.4897577363558314
71,4,mlp_layers.0.conv2.weight,"[64, 64, 1]",float32,float32,0.04880948889862194,0.004178149932312227,0.05012144833698429,1.026879188206361,0.005110962534672581,0.00043965906405552674,-0.27542438002099773
71,4,mlp_layers.1.conv0.bias,[64],float32,float32,0.010736587150947613,0.0018830434540250453,0.009758947152930445,0.9089431320891498,0.00395262596430257,0.0008493789803765139,0.5832361381521786
71,4,mlp_layers.1.conv0.weight,"[64, 64, 1]",float32,float32,0.029324058865015823,0.004865626626148164,0.028566487523706236,0.9741655360604468,0.0023069990274962038,0.00031045193698302914,0.2366504711541797
71,4,mlp_layers.1.conv2.bias,[64],float32,float32,0.015420311509734639,0.0037017621176567237,0.014051977690443572,0.9112641908415887,0.004796310386154801,0.00131280557856428,0.47327235558879427
71,4,mlp_layers.1.conv2.weight,"[64, 64, 1]",float32,float32,0.05235833197218229,0.006930596747964145,0.05151058614438759,0.9838087693808676,0.007998686603968963,0.00044573805875327416,0.187513339692432
71,4,mlp_layers.2.conv0.bias,[64],float32,float32,0.012078939260183578,0.0036928191470714487,0.009702192623397943,0.8032321724954585,0.006971438298933208,0.0006851652338148995,0.7331537869315823
71,4,mlp_layers.2.conv0.weight,"[64, 64, 1]",float32,float32,0.03847429239166807,0.004542528114402934,0.03745525773286295,0.9735138817257155,0.005094951287901495,0.0003865841748161153,0.2803945005121465
71,4,mlp_layers.2.conv2.bias,[64],float32,float32,0.028463263293976342,0.011718051386764499,0.019612160632881688,0.6890341571281531,0.009847206994891167,0.0016638902963848068,0.8437419745442057
71,4,mlp_layers.2.conv2.weight,"[64, 64, 1]",float32,float32,0.06612423190444083,0.007168189580610598,0.06432186921976217,0.9727427807814336,0.018961233770824037,0.0005120053397970892,0.3022147136338838
71,4,mlp_layers.3.conv0.bias,[64],float32,float32,0.01769339322474615,0.009614799839579418,0.01061515343079712,0.5999501223965714,0.006435389164835215,0.0007865744832713517,0.8606329423945915
71,4,mlp_layers.3.conv0.weight,"[64, 64, 1]",float32,float32,0.029547551165659047,0.003958463502805647,0.0277005514137504,0.9374905980684016,0.002792450104607269,0.00028945984392080015,0.5189964577154089
71,4,mlp_layers.3.conv2.bias,[64],float32,float32,0.0539300562225871,0.0360975107726821,0.0191053352387998,0.35426136327293617,0.0052856337279081345,0.0019530857338168062,0.9879249056384414
71,4,mlp_layers.3.conv2.weight,"[64, 64, 1]",float32,float32,0.05698646468610922,0.011870567259746173,0.04994597886388893,0.8764533672864172,0.007223537380923517,0.00044845617766650636,0.6606189013274988
71,4,p.bias,[64],float32,float32,0.02605142192532634,0.0013433231735997273,0.025387828748819587,0.9745275640458754,0.009652114924392663,0.0024659999206875227,0.5134842293371504
71,4,p.weight,"[64, 2]",float32,float32,0.02616638185340067,0.0023032536127052063,0.025682992384513863,0.9815263160342521,0.005949936152319424,0.0019288869719957802,0.2519455817129201
71,4,q.conv0.bias,[128],float32,float32,0.05332189218229853,0.0343945970727075,0.019965926998793192,0.3744414570010581,0.004766607657074928,0.001263893314764175,0.9889868944329272
71,4,q.conv0.weight,"[128, 64, 1]",float32,float32,0.10804806246286246,0.037743092951086014,0.07517957335963465,0.6957975149760308,0.005467409500852227,0.0005323347981751742,0.9130495738141315
71,4,q.conv2.bias,[1],float32,float32,0.1531514823436737,0.10530314594507217,0.04784833639860153,0.31242489897178605,0.04784833639860153,0.04784833639860153,1.0
71,4,q.conv2.weight,"[1, 128, 1]",float32,float32,0.23436567168621505,0.09788443212353867,0.14465995720322586,0.6172403840648923,0.041029807180166245,0.009820579113579697,0.9498844981726581
71,4,w_layers.0.bias,[64],float32,float32,0.01717378379917074,0.001739110945248885,0.01639006002368382,0.9543651076168337,0.004278604821593035,0.0015176758278894198,0.49099635018127724
71,4,w_layers.0.weight,"[64, 64, 1]",float32,float32,0.07904160774607644,0.007943337219626038,0.07708366604346897,0.975228974227126,0.005514447868335992,0.0007435322980519771,0.29368348817660744
71,4,w_layers.1.bias,[64],float32,float32,0.015424528162069153,0.0037226720491239664,0.014051980863905038,0.9110152813919209,0.004796310910023749,0.0013128065457266302,0.472968956891005
71,4,w_layers.1.weight,"[64, 64, 1]",float32,float32,0.05070300331037071,0.007118491849321004,0.05021388669047183,0.9903533008310212,0.008328234107466415,0.00044598482002036755,0.1385772238763094
71,4,w_layers.2.bias,[64],float32,float32,0.028467675246373784,0.011722191123290175,0.01961216101701072,0.6889273833313424,0.00984720652922988,0.0016638904240693364,0.843835003456998
71,4,w_layers.2.weight,"[64, 64, 1]",float32,float32,0.05923422562827596,0.009189597673774119,0.05573844581439793,0.9409837846819206,0.008775356283877045,0.0005144070934072417,0.446751119807169
71,4,w_layers.3.bias,[64],float32,float32,0.05392751477350077,0.03609516858258777,0.019105335561731752,0.35427806458308825,0.0052856337279081345,0.001953085785771691,0.9879217243754044
71,4,w_layers.3.weight,"[64, 64, 1]",float32,float32,0.07889262393018148,0.017117071481886507,0.07114458917792968,0.9017901247763204,0.0074072793941013515,0.0006966867873715796,0.5389055698051289
72,4,conv_layers.0.weights1,"[64, 64, 16]",complex64,complex64,0.05265438838829754,0.011717788524530218,0.05100396269182741,0.968655495828778,0.0033521666193792043,3.073931725553946e-05,0.24991124710375234
72,4,conv_layers.1.weights1,"[64, 64, 16]",complex64,complex64,0.025014965693770323,0.008597179959455387,0.022719161155621347,0.90822275887747,0.001636491942917928,1.5650648864694174e-05,0.426628142843718
72,4,conv_layers.2.weights1,"[64, 64, 16]",complex64,complex64,0.021859087234877048,0.009146660488000754,0.019407327239670782,0.8878379518384288,0.001670906407525763,1.6265848714484103e-05,0.46223595877367196
72,4,conv_layers.3.weights1,"[64, 64, 16]",complex64,complex64,0.020332657017296748,0.011835989862222679,0.015428342601790657,0.7587961862862267,0.0016069415723904967,1.26935235539987e-05,0.6554425626606842
72,4,mlp_layers.0.conv0.bias,[64],float32,float32,0.010093433060056289,0.001089677956081138,0.009435450902501212,0.9348108662691813,0.004209315782645717,0.0008469435135225467,0.638129675227687
72,4,mlp_layers.0.conv0.weight,"[64, 64, 1]",float32,float32,0.026400080898047736,0.003118325287725858,0.025694022307145768,0.9732554383591233,0.0038217597466427833,0.00023433430205879735,0.2824535930280401
72,4,mlp_layers.0.conv2.bias,[64],float32,float32,0.019086181930192483,0.0038294875062740725,0.016799216093358434,0.8801768816205041,0.0053905025706626475,0.001486640116617366,0.6617407520289758
72,4,mlp_layers.0.conv2.weight,"[64, 64, 1]",float32,float32,0.030878846837313283,0.0049482723004923065,0.02886910366108934,0.934915212772926,0.003699813227285631,0.00023170014151964458,0.4730573538467458
72,4,mlp_layers.1.conv0.bias,[64],float32,float32,0.009331208406040082,0.0031118796542712393,0.007449963316163588,0.798392125862416,0.002637466066516936,0.0006983802122135785,0.7103427162263835
72,4,mlp_layers.1.conv0.weight,"[64, 64, 1]",float32,float32,0.017429705849718518,0.0028350686499546605,0.017219123023310048,0.9879181652160888,0.0017869289295049384,0.0001771290246829621,0.15515779454703504
72,4,mlp_layers.1.conv2.bias,[64],float32,float32,0.019918699599449485,0.008534865132038022,0.015283806285098232,0.7673094425060082,0.005400656256824732,0.0014051800151264615,0.6941148283093611
72,4,mlp_layers.1.conv2.weight,"[64, 64, 1]",float32,float32,0.02713415827194092,0.003938651453285211,0.02651689149762666,0.9772513019151743,0.004329978735768236,0.00022709730121563826,0.22751510863853422
72,4,mlp_layers.2.conv0.bias,[64],float32,float32,0.014965020763480259,0.008894596330730831,0.0097121451253548,0.6489897527610344,0.005570834735408425,0.0009126473897183018,0.7841009240763996
72,4,mlp_layers.2.conv0.weight,"[64, 64, 1]",float32,float32,0.022375080259136364,0.0027697823014994996,0.02223557636870791,0.9937652116187834,0.003483630032860674,0.0002220139679905489,0.11210371640082761
72,4,mlp_layers.2.conv2.bias,[64],float32,float32,0.04010697728180625,0.0305229834775115,0.019232438756761488,0.47952850252531776,0.009768634685315192,0.0015315924009655646,0.8864412433477369
72,4,mlp_layers.2.conv2.weight,"[64, 64, 1]",float32,float32,0.032984856429814136,0.008209851988857306,0.03157767998795516,0.9573387125436427,0.008399884623941034,0.00026636735779152904,0.2921936646531332
72,4,mlp_layers.3.conv0.bias,[64],float32,float32,0.025756918988506898,0.025236748473622714,0.009930331630938137,0.38554035268617304,0.0029021266382187605,0.00099360857427655,0.9243555775985999
72,4,mlp_layers.3.conv0.weight,"[64, 64, 1]",float32,float32,0.009234061373586637,0.00424273075188937,0.008993216503376401,0.9739177745884215,0.0011250952229602262,8.743755253947348e-05,0.2857588257655836
72,4,mlp_layers.3.conv2.bias,[64],float32,float32,0.09173209724001113,0.09347800038402318,0.014357731902932255,0.15651808183744206,0.01078244624659419,0.0010422318380278739,0.9881575583675036
72,4,mlp_layers.3.conv2.weight,"[64, 64, 1]",float32,float32,0.031100649920428644,0.025324369393533892,0.014578350591648215,0.4687474579774727,0.0020591560751199722,0.00013244792429405183,0.8862608555055157
72,4,p.bias,[64],float32,float32,0.03164657827913902,0.002896157160016758,0.0297348744457777,0.9395920842847808,0.011413243249990046,0.0029194851295102353,0.6859036140320046
72,4,p.weight,"[64, 2]",float32,float32,0.03257503648412513,0.0032769680655448576,0.030253658003981287,0.9287375017592037,0.007800342282280326,0.002155723318981728,0.7334500234724681
72,4,q.conv0.bias,[128],float32,float32,0.08992162079463922,0.08968339882311598,0.0028487450656556014,0.03168031270434388,0.0008781240321695805,0.00019396010831940202,0.9995003644278154
72,4,q.conv0.weight,"[128, 64, 1]",float32,float32,0.11081452603781643,0.10134983460629107,0.02737962730495617,0.2470761576475329,0.002043144719209522,0.00019803297042608747,0.9706142989964366
72,4,q.conv2.bias,[1],float32,float32,0.2750658392906189,0.2749193608760834,0.00014647841453552246,0.0005325212862247199,0.00014647841453552246,0.00014647841453552246,1.0
72,4,q.conv2.weight,"[1, 128, 1]",float32,float32,0.2694297825077418,0.25813209814722393,0.03758466845093686,0.13949708195253768,0.011982593685388565,0.0026092365010299545,0.9907620574749475
72,4,w_layers.0.bias,[64],float32,float32,0.01908726056542411,0.0038316702401363974,0.016799202385657137,0.8801264240133178,0.005390570586314425,0.0014866514370552864,0.6617253821690395
72,4,w_layers.0.weight,"[64, 64, 1]",float32,float32,0.09218621293610303,0.016901742313039723,0.0810994968163639,0.8797356376118448,0.007147585740312934,0.0007387772554090857,0.7081790572052353
72,4,w_layers.1.bias,[64],float32,float32,0.0199053443964498,0.00851596850219994,0.015283810691129477,0.767824479030637,0.005400655558332801,0.0014051809580450936,0.6936022287963712
72,4,w_layers.1.weight,"[64, 64, 1]",float32,float32,0.046936889530937144,0.014595657798477756,0.04112580515706831,0.8761936627684155,0.004334449906309601,0.0003758919930157978,0.5289736238766591
72,4,w_layers.2.bias,[64],float32,float32,0.040100533802148654,0.03051842949690136,0.019232437640849878,0.47960552684262203,0.009768633637577295,0.0015315922792069614,0.8863912700836492
72,4,w_layers.2.weight,"[64, 64, 1]",float32,float32,0.05312100242278638,0.02551717309173557,0.0411234569065762,0.7741468539934064,0.00852685235440731,0.00036982889211732706,0.6572597517801183
72,4,w_layers.3.bias,[64],float32,float32,0.0917340540043411,0.09348051974263474,0.014357731974949058,0.15651474396051013,0.01078244624659419,0.001042231843200625,0.9881582445707481
72,4,w_layers.3.weight,"[64, 64, 1]",float32,float32,0.07004981029056302,0.05298720975062801,0.040061548198324755,0.571900880704052,0.003798944875597954,0.0004048044492514641,0.8230218315032964
73,4,conv_layers.0.weights1,"[64, 64, 16]",complex64,complex64,0.018729252593607505,0.012701892135789341,0.021264258531410285,1.1353500853882448,0.0009546710061840713,1.905032240687584e-05,0.12600892235976152
73,4,conv_layers.1.weights1,"[64, 64, 16]",complex64,complex64,0.01311820413942593,0.007143651793742419,0.013119108914989231,1.000068970992804,0.0007266522879945114,1.2028946881910944e-05,0.27215343824466487
73,4,conv_layers.2.weights1,"[64, 64, 16]",complex64,complex64,0.013302269250121134,0.007447426314488479,0.01324623197040253,0.9957873894547659,0.0007679836417082697,1.319288885700986e-05,0.28743920426655156
73,4,conv_layers.3.weights1,"[64, 64, 16]",complex64,complex64,0.00966493899473145,0.007790074183161581,0.010018066159179707,1.0365369263728155,0.0006146974774310365,1.0069304989862919e-05,0.35684838394918
73,4,mlp_layers.0.conv0.bias,[64],float32,float32,0.002208759812173767,0.0009860511514565556,0.002165809863804029,0.9805547220965288,0.0009915241680573672,0.00019262030155786647,0.26634778848599044
73,4,mlp_layers.0.conv0.weight,"[64, 64, 1]",float32,float32,0.00974259580311955,0.004675705834377401,0.010887097621805014,1.1174740122462021,0.0011366370599716902,0.00011403440596500364,-0.019191677171193796
73,4,mlp_layers.0.conv2.bias,[64],float32,float32,0.004064616741891373,0.0019472838799175197,0.003606617307038534,0.887320388627903,0.0013865622313460335,0.000330331478473056,0.4614889344567094
73,4,mlp_layers.0.conv2.weight,"[64, 64, 1]",float32,float32,0.01372057224994605,0.005653007026603085,0.013819867594820314,1.0072369681865605,0.001909532231366029,0.0001216125065374692,0.1883761755609519
73,4,mlp_layers.1.conv0.bias,[64],float32,float32,0.002398881143622499,0.0015403938021181106,0.0019888922138531578,0.8290916034505045,0.0007402922201436013,0.00019190084984188616,0.5644792070067165
73,4,mlp_layers.1.conv0.weight,"[64, 64, 1]",float32,float32,0.010471481300911797,0.0030731019939789148,0.010814335556255964,1.0327417149008626,0.0010394036071375012,0.00011696691299051265,0.033344121212449195
73,4,mlp_layers.1.conv2.bias,[64],float32,float32,0.0036510603821797052,0.004072754502279016,0.004640034433980892,1.2708731021344444,0.0014903217524988577,0.00045598034760274686,0.2820350860371304
73,4,mlp_layers.1.conv2.weight,"[64, 64, 1]",float32,float32,0.015024196348250264,0.0035483675379003195,0.015563203248172256,1.0358759222409102,0.002736144480877556,0.0001357963449884897,-0.036539177335839265
73,4,mlp_layers.2.conv0.bias,[64],float32,float32,0.00414700604690468,0.004247972409254114,0.00428899874148227,1.0342398089058908,0.00225240015424788,0.0003839060832291352,0.47817516182139436
73,4,mlp_layers.2.conv0.weight,"[64, 64, 1]",float32,float32,0.010869999875868239,0.003551789139602887,0.012007747193485402,1.1046685676733998,0.0014871945531922393,0.00013547699728096857,-0.1737192745974004
73,4,mlp_layers.2.conv2.bias,[64],float32,float32,0.005598015086668903,0.014276986892663261,0.01225222888000958,2.188673787104826,0.004728368716314435,0.0011451500506680645,0.5320948957467337
73,4,mlp_layers.2.conv2.weight,"[64, 64, 1]",float32,float32,0.016479424112345268,0.004936933625127681,0.017370482761540518,1.0540709822819432,0.0024854477705957834,0.0001689888152961519,-0.035577025419412954
73,4,mlp_layers.3.conv0.bias,[64],float32,float32,0.0019797524836137883,0.011967251288132833,0.010818266740642967,5.464454183128785,0.003126293478999287,0.0011021632829599781,0.6352224315634813
73,4,mlp_layers.3.conv0.weight,"[64, 64, 1]",float32,float32,0.004956070678703398,0.003969177796623318,0.007294509225632139,1.4718331715843327,0.0005758564511779696,8.160606928458297e-05,-0.32770350628363276
73,4,mlp_layers.3.conv2.bias,[64],float32,float32,0.0031564479812364586,0.04425442535529806,0.041360428807415535,13.103472337666606,0.010532293119467795,0.004220525129170483,0.9225362446562418
73,4,mlp_layers.3.conv2.weight,"[64, 64, 1]",float32,float32,0.008000883229727463,0.011497234129290315,0.012113306424381244,1.5139961522465395,0.0009500743472017348,0.00012434504296137197,0.26888462426830867
73,4,p.bias,[64],float32,float32,0.005895748265170686,0.001461899412506564,0.004972632071532114,0.8434267963759733,0.0018546473002061248,0.0005031975347549178,0.7059949294193792
73,4,p.weight,"[64, 2]",float32,float32,0.01867723863318384,0.002812710716560008,0.017691844755334758,0.9472409226437609,0.004066700130351819,0.0012861150295009338,0.4163921377082534
73,4,q.conv0.bias,[128],float32,float32,0.003808635290926681,0.04254664189095784,0.039660623710091256,10.413342491620249,0.00837591988965869,0.0029089444615300053,0.776814842753692
73,4,q.conv0.weight,"[128, 64, 1]",float32,float32,0.01995897394545611,0.046218814338982166,0.034208080998124626,1.7139198183037103,0.0021478392591234297,0.00024486363795881566,0.7394992139910929
73,4,q.conv2.bias,[1],float32,float32,0.006937901023775339,0.13095074892044067,0.12401284789666533,17.874692572247493,0.12401284789666533,0.12401284789666533,1.0
73,4,q.conv2.weight,"[1, 128, 1]",float32,float32,0.034815200085224055,0.1183824991487769,0.09357346440049524,2.687718702504566,0.025654932484030724,0.006519639653674858,0.7849696352193134
73,4,w_layers.0.bias,[64],float32,float32,0.0040612411097722765,0.0019479763958069676,0.0036066078453280137,0.8880555839567587,0.0013866322697140276,0.0003303227004085585,0.4601495073973548
73,4,w_layers.0.weight,"[64, 64, 1]",float32,float32,0.030893268238201377,0.00951322599500298,0.028127917474934764,0.9104869468019867,0.002495672320947051,0.0002817723570564881,0.4316440538975563
73,4,w_layers.1.bias,[64],float32,float32,0.003662046972056008,0.004052596320363117,0.0046400587488046804,1.2670669667023906,0.0014903218689141795,0.00045598271285740566,0.2797686391942212
73,4,w_layers.1.weight,"[64, 64, 1]",float32,float32,0.019575719314751574,0.007980183516218903,0.019482576763263763,0.9952419346645606,0.002322889951756224,0.00019125282428062926,0.2154725782206125
73,4,w_layers.2.bias,[64],float32,float32,0.005597247318208382,0.014272632970909391,0.012252229387490692,2.188974095826178,0.004728369181975722,0.0011451502294335114,0.5314983608973904
73,4,w_layers.2.weight,"[64, 64, 1]",float32,float32,0.025989565296517747,0.013726292337107794,0.0223412356137102,0.8596232895324196,0.0030932200606912374,0.00021911273283380106,0.5112090284065601
73,4,w_layers.3.bias,[64],float32,float32,0.0031613933874037755,0.04425697238957144,0.04136042902810318,13.082974486155143,0.010532292479183525,0.0042205251251346,0.9219573355311899
73,4,w_layers.3.weight,"[64, 64, 1]",float32,float32,0.024281787099319985,0.025330186689136242,0.02303037589024278,0.948462969222218,0.002009334566537291,0.00024518961021073593,0.5697190693671849
74,4,conv_layers.0.weights1,"[64, 64, 16]",complex64,complex64,0.015125546457047077,0.01101206966435254,0.017516167771510487,1.158051897248949,0.0007549065513785536,1.655474679918936e-05,0.12977537699467495
74,4,conv_layers.1.weights1,"[64, 64, 16]",complex64,complex64,0.015554404230670112,0.007197979974413458,0.0153131920836644,0.9844923570566534,0.0009016438707476482,1.2945734244934847e-05,0.26463201731582325
74,4,conv_layers.2.weights1,"[64, 64, 16]",complex64,complex64,0.014412823704427499,0.007307071420610732,0.014124453952473776,0.9799921404807623,0.0009486565832048655,1.3780182116027816e-05,0.29256169127740395
74,4,conv_layers.3.weights1,"[64, 64, 16]",complex64,complex64,0.010531792566157085,0.007362111002573328,0.011236545664898253,1.0669167280227134,0.0006938532460480928,1.1286966706191872e-05,0.25058850960486034
74,4,mlp_layers.0.conv0.bias,[64],float32,float32,0.0019644942059018114,0.0006007904846379112,0.0019179164896926991,0.9762902246954042,0.0010867903038160875,0.00016850276445090628,0.2295205649196971
74,4,mlp_layers.0.conv0.weight,"[64, 64, 1]",float32,float32,0.009063652373003998,0.0024765349843361762,0.008713326683340478,0.961348287065051,0.0007602536134072579,8.78788529465116e-05,0.2753432451903042
74,4,mlp_layers.0.conv2.bias,[64],float32,float32,0.004195440876672089,0.001787798196186144,0.004966155178739215,1.1837028156808331,0.001796640281099826,0.0004696746056325196,-0.2576293815645323
74,4,mlp_layers.0.conv2.weight,"[64, 64, 1]",float32,float32,0.015602420433631886,0.003953285887900941,0.014283732880768603,0.9154818601080138,0.001902674623124767,0.0001337167952255836,0.44615943894655413
74,4,mlp_layers.1.conv0.bias,[64],float32,float32,0.0023127856983421353,0.0012941623829814128,0.0024552680388762993,1.0616063739222787,0.0007137424436223228,0.00024312855473596073,0.16629682970847803
74,4,mlp_layers.1.conv0.weight,"[64, 64, 1]",float32,float32,0.008637868183761258,0.002693785768122065,0.00858873605465245,0.9943120075389466,0.0008357070619240403,9.81087810241546e-05,0.17411604513234427
74,4,mlp_layers.1.conv2.bias,[64],float32,float32,0.007517604230278647,0.0035856266303436264,0.0097834176578463,1.301400999329233,0.002906967798480764,0.0009675130179545022,-0.4886636013167
74,4,mlp_layers.1.conv2.weight,"[64, 64, 1]",float32,float32,0.015442944296870638,0.0036424128223099235,0.015126098068951942,0.9794827837342585,0.0026586905732983723,0.00013944928516345517,0.20402692444895576
74,4,mlp_layers.2.conv0.bias,[64],float32,float32,0.0063959544323429545,0.0035573137285859324,0.007771430490247988,1.2150540740174054,0.0028553695883601904,0.0007674080056432331,-0.1501470799307129
74,4,mlp_layers.2.conv0.weight,"[64, 64, 1]",float32,float32,0.013600126905356159,0.002690826850097634,0.01381716545847461,1.015958568227255,0.0013012518538744189,0.00015790110513311945,0.017624251863562816
74,4,mlp_layers.2.conv2.bias,[64],float32,float32,0.017024284096617104,0.012603321412495708,0.027292777725898953,1.6031674266597973,0.011171777732670307,0.0026229314593990694,-0.6903017135687443
74,4,mlp_layers.2.conv2.weight,"[64, 64, 1]",float32,float32,0.02199386198712871,0.00500710926451269,0.02129960044693556,0.9684338502897105,0.004314303652790841,0.0002112907047664564,0.25029645239563114
74,4,mlp_layers.3.conv0.bias,[64],float32,float32,0.010839977896632488,0.00993933057893874,0.020328449126287406,1.87532200896854,0.005540352547541261,0.0020272666000806794,-0.913989922454953
74,4,mlp_layers.3.conv0.weight,"[64, 64, 1]",float32,float32,0.006914803752855456,0.002728120651065671,0.007527024976677675,1.0885377583665197,0.0006081350875319913,8.147743756457479e-05,-0.037079111168670485
74,4,mlp_layers.3.conv2.bias,[64],float32,float32,0.04273109284515373,0.03750757579553075,0.07991122104880871,1.870095420643371,0.020598703995347023,0.008072177853108542,-0.9836402955525385
74,4,mlp_layers.3.conv2.weight,"[64, 64, 1]",float32,float32,0.011289777789401136,0.011038202322814838,0.02013468765635764,1.783444105982327,0.0014160153805278242,0.00021416273232310185,-0.6263284093380406
74,4,p.bias,[64],float32,float32,0.003834825766591127,0.0013437031842939609,0.0046845308389994785,1.2215759265547221,0.0018358293746132404,0.0004456854993009074,-0.5272212195498439
74,4,p.weight,"[64, 2]",float32,float32,0.009538377318073105,0.0031874497954324688,0.0076184875968930525,0.7987194616905867,0.0020163910812698305,0.0005724169247045552,0.7087949329694854
74,4,q.conv0.bias,[128],float32,float32,0.041736263210056884,0.03616751594246128,0.07772209465779212,1.8622197743631248,0.017033254727721214,0.005688398591754407,-0.9906343606828676
74,4,q.conv0.weight,"[128, 64, 1]",float32,float32,0.030800035462054034,0.04514634164934806,0.07076383212283839,2.2975243716852267,0.004766425350680947,0.00048688085041916247,-0.7265992879894339
74,4,q.conv2.bias,[1],float32,float32,0.13207697868347168,0.11021924018859863,0.2422962188720703,1.8345075825268833,0.2422962188720703,0.2422962188720703,-1.0
74,4,q.conv2.weight,"[1, 128, 1]",float32,float32,0.08853233487346547,0.11109744548929891,0.19388841822470684,2.1900294226038564,0.056726254522800446,0.013314563151382686,-0.8851466212972728
74,4,w_layers.0.bias,[64],float32,float32,0.004183587078548037,0.0017887771633066142,0.004966131734968378,1.187051121854964,0.0017966406303457916,0.00046967463900848827,-0.26460460780809647
74,4,w_layers.0.weight,"[64, 64, 1]",float32,float32,0.022410602513253292,0.009970373444432117,0.02180103632664178,0.9728000982458627,0.0017557142418809235,0.00023609876443752252,0.2827539666605294
74,4,w_layers.1.bias,[64],float32,float32,0.007549423998991709,0.00357298729187555,0.00978343655793941,1.2959182792284645,0.002906985260779038,0.0009675151327428466,-0.48112244788917363
74,4,w_layers.1.weight,"[64, 64, 1]",float32,float32,0.021287630904863675,0.009188984588276045,0.02193658569568057,1.0304850640128596,0.002030246949288994,0.0002246232324632988,0.14412959903245293
74,4,w_layers.2.bias,[64],float32,float32,0.017033586512862922,0.012598750132303025,0.02729277852866074,1.6022919487948462,0.011171777732670307,0.0026229316784736056,-0.6897054149297897
74,4,w_layers.2.weight,"[64, 64, 1]",float32,float32,0.02699520899320217,0.015429422463316802,0.023990194067089566,0.8886833983441538,0.0028077150345779955,0.00024882536020452706,0.469699558308431
74,4,w_layers.3.bias,[64],float32,float32,0.042729836586069964,0.03751022413580681,0.07991122146367731,1.8701504112404814,0.02059870306402445,0.00807217784574732,-0.9835713002304026
74,4,w_layers.3.weight,"[64, 64, 1]",float32,float32,0.028157462986119437,0.026852298491794928,0.035743657397785775,1.2694203812114055,0.0031224663835018873,0.00034533402950057135,0.15625044582067837
75,4,conv_layers.0.weights1,"[64, 64, 16]",complex64,complex64,0.028111091751478696,0.011818517923892673,0.03192816778659598,1.1357854070152398,0.002034171273407992,2.5115541029952233e-05,-0.1346908233111598
75,4,conv_layers.1.weights1,"[64, 64, 16]",complex64,complex64,0.015304678791938982,0.006641127159325093,0.015205881242480901,0.9935446179040283,0.0011489361622807337,1.3898910586359846e-05,0.23179255753118286
75,4,conv_layers.2.weights1,"[64, 64, 16]",complex64,complex64,0.01415708300164656,0.006784420657951129,0.014831140084860256,1.047612709704061,0.0008405026601394638,1.5096974075479614e-05,0.1378933195899221
75,4,conv_layers.3.weights1,"[64, 64, 16]",complex64,complex64,0.013996145160722203,0.006691040781987375,0.016620276363542432,1.1874895674977999,0.0015816464729141444,1.3211264314258905e-05,-0.1899196179107024
75,4,mlp_layers.0.conv0.bias,[64],float32,float32,0.006601368202018116,0.0007311249506142008,0.006910803002914633,1.0468743435341055,0.0028744852752424777,0.0006433991344372281,-0.37777364328137375
75,4,mlp_layers.0.conv0.weight,"[64, 64, 1]",float32,float32,0.014285092581161965,0.004067771977335421,0.01567015857611284,1.096958839229183,0.0024399033063673414,0.0001597085532757253,-0.2146263557918062
75,4,mlp_layers.0.conv2.bias,[64],float32,float32,0.014345206797040733,0.0017334339617039985,0.015363923330819061,1.0710144195333928,0.00493551317777019,0.0014663935044154641,-0.548135506289699
75,4,mlp_layers.0.conv2.weight,"[64, 64, 1]",float32,float32,0.02161904878841033,0.005201261376332346,0.022146991637866896,1.0244202626407686,0.0033499049313832074,0.00020691482981048236,0.017551271093289123
75,4,mlp_layers.1.conv0.bias,[64],float32,float32,0.005725799803680156,0.00118627948963243,0.006474350608574864,1.1307329684166727,0.002502058632671833,0.0006400992212469703,-0.5686631139138763
75,4,mlp_layers.1.conv0.weight,"[64, 64, 1]",float32,float32,0.0068503187063298915,0.002528880521090776,0.007360919762248853,1.0745368321983548,0.0006710688830935396,8.759098297875939e-05,-0.024851497730969563
75,4,mlp_layers.1.conv2.bias,[64],float32,float32,0.018473278840412957,0.003133769343101622,0.02073414466488968,1.1223857358516538,0.00650189263978973,0.002144482845864104,-0.6807813003894014
75,4,mlp_layers.1.conv2.weight,"[64, 64, 1]",float32,float32,0.01579539570572919,0.002863278507093734,0.01661021718219321,1.051586012255994,0.0031345248280558735,0.00016699162289116748,-0.20127998425883922
75,4,mlp_layers.2.conv0.bias,[64],float32,float32,0.011013383241399643,0.0031663862046572063,0.013363056738332366,1.2133471110040217,0.004956794611644,0.0013268135605386533,-0.6774751498510789
75,4,mlp_layers.2.conv0.weight,"[64, 64, 1]",float32,float32,0.01554932638251496,0.002924438121276281,0.016320663541053174,1.049605824687401,0.0014497817901428789,0.00018514563638099418,-0.17626013288702555
75,4,mlp_layers.2.conv2.bias,[64],float32,float32,0.03999745504463348,0.010770196994501392,0.04927579560219052,1.231973272979575,0.02223896561190486,0.004752908575213155,-0.8267673772444838
75,4,mlp_layers.2.conv2.weight,"[64, 64, 1]",float32,float32,0.024186674652840707,0.004255795251501386,0.025453740408378663,1.05238693510888,0.0044368876951921266,0.00023464374807722656,-0.21754755013698077
75,4,mlp_layers.3.conv0.bias,[64],float32,float32,0.025782093755229912,0.008556841970936513,0.03383658451990762,1.3124063872059983,0.009468892007134855,0.003371049156745798,-0.9223798961095105
75,4,mlp_layers.3.conv0.weight,"[64, 64, 1]",float32,float32,0.007240461517889412,0.0029960236920809954,0.00876692960978504,1.210824695100457,0.000747513840906322,9.513741745621404e-05,-0.35631086005191576
75,4,mlp_layers.3.conv2.bias,[64],float32,float32,0.09846086811834841,0.03218032983984851,0.13028160319508844,1.3231815408989895,0.03361289668828249,0.013164488089387305,-0.9851938807408936
75,4,mlp_layers.3.conv2.weight,"[64, 64, 1]",float32,float32,0.024870729685272593,0.009268063221076227,0.03344428300749163,1.3447246393939112,0.00225501402746886,0.0003542611404827728,-0.8981856756627095
75,4,p.bias,[64],float32,float32,0.023589689306968312,0.0013020406924392142,0.024508789756701486,1.0389619565469086,0.008948927250457928,0.0023966579377088237,-0.6920460687834602
75,4,p.weight,"[64, 2]",float32,float32,0.006511847070968171,0.0035720744924779306,0.007849361938457155,1.2053971558165177,0.0023704881605226547,0.0005331197056079873,-0.1386154733136694
75,4,q.conv0.bias,[128],float32,float32,0.09609098549155809,0.031004127317492264,0.1270365226013575,1.3220441225729553,0.028508099727332592,0.00927410740186474,-0.9975010842514783
75,4,q.conv0.weight,"[128, 64, 1]",float32,float32,0.08867632405699266,0.03767515141816624,0.12494256273933634,1.4089731849849256,0.008553951978683472,0.0008588892703353113,-0.9470124796456536
75,4,q.conv2.bias,[1],float32,float32,0.29931336641311646,0.09465882927179337,0.3939721956849098,1.316253264617471,0.3939721956849098,0.3939721956849098,-1.0
75,4,q.conv2.weight,"[1, 128, 1]",float32,float32,0.23881708641785315,0.09298557572565834,0.33021428639229355,1.3827079600767118,0.09417622163891792,0.022584618342371243,-0.9763238337539204
75,4,w_layers.0.bias,[64],float32,float32,0.014341179047594157,0.0017331475423812406,0.015363936314822345,1.0713161214872193,0.004935554519761354,0.0014663955936029538,-0.5507323377259946
75,4,w_layers.0.weight,"[64, 64, 1]",float32,float32,0.05185665153042677,0.011541732605025558,0.05677506738438076,1.0948463834204205,0.004368859808892012,0.0005849766248314375,-0.3350659307539806
75,4,w_layers.1.bias,[64],float32,float32,0.018495341297418342,0.0031202500971959637,0.020734154964944147,1.1210474373802612,0.006501893396489322,0.002144482294312411,-0.6765850744859503
75,4,w_layers.1.weight,"[64, 64, 1]",float32,float32,0.028795328966742487,0.009116550250929814,0.03162961313857882,1.0984286088590907,0.005170368269318715,0.00032297834691010635,-0.16789570687072905
75,4,w_layers.2.bias,[64],float32,float32,0.040005764463977814,0.010765731582508428,0.04927579590731018,1.2317173929191962,0.02223896561190486,0.004752908762851504,-0.8262784262586949
75,4,w_layers.2.weight,"[64, 64, 1]",float32,float32,0.025358958632660064,0.014630310724705092,0.030670290240318785,1.2094459667921142,0.004791530780494213,0.0003169025190107935,-0.11259002950003869
75,4,w_layers.3.bias,[64],float32,float32,0.09845939357841468,0.03218301798186448,0.1302816034603662,1.3232013597220442,0.03361289668828249,0.013164488071140568,-0.9851448715591016
75,4,w_layers.3.weight,"[64, 64, 1]",float32,float32,0.04656319551469564,0.023386879453192965,0.0629968310971036,1.3529318682009572,0.006315903272479773,0.0006092253913397051,-0.5755557577587638
76,4,conv_layers.0.weights1,"[64, 64, 16]",complex64,complex64,0.0505098081158997,0.011378147663881082,0.05431024257042305,1.0752415143966272,0.0033186290129378904,3.441299610579625e-05,-0.23394442226024365
76,4,conv_layers.1.weights1,"[64, 64, 16]",complex64,complex64,0.02210104341404873,0.006607910435708781,0.02442444372259444,1.1051262723220034,0.0019246131414547563,1.871485082315434e-05,-0.22059741854833173
76,4,conv_layers.2.weights1,"[64, 64, 16]",complex64,complex64,0.018137470322952223,0.006868980300381553,0.020380152864839008,1.1236491363985177,0.0015347084845416248,1.8206445681168005e-05,-0.15732078197174082
76,4,conv_layers.3.weights1,"[64, 64, 16]",complex64,complex64,0.01693393741979615,0.006460160700328091,0.020012569555186915,1.1818024986788824,0.0016997036582324654,1.5792551767831282e-05,-0.329130204398755
76,4,mlp_layers.0.conv0.bias,[64],float32,float32,0.010871978201299707,0.0006202346249317319,0.011202796048200816,1.0304284869575586,0.004297612234950066,0.001050672372905126,-0.5129657702731127
76,4,mlp_layers.0.conv0.weight,"[64, 64, 1]",float32,float32,0.023944058604085355,0.003230957336381597,0.02489304205916433,1.0396333583529176,0.0034750202466966584,0.0002461584476441056,-0.23206747255103566
76,4,mlp_layers.0.conv2.bias,[64],float32,float32,0.02128672254632794,0.001680236828503641,0.02227254467677577,1.0463115976779567,0.007326582621317357,0.002057367089015827,-0.5608352790984217
76,4,mlp_layers.0.conv2.weight,"[64, 64, 1]",float32,float32,0.030657517403605804,0.003694764461324447,0.03138994546175732,1.0238906513045107,0.0039035487425280735,0.00028131235238965796,-0.14034329970344203
76,4,mlp_layers.1.conv0.bias,[64],float32,float32,0.008720013615490468,0.0011483663720821431,0.009574393560443867,1.0979791984998344,0.003596104448661208,0.0010085211220030033,-0.7145974343099724
76,4,mlp_layers.1.conv0.weight,"[64, 64, 1]",float32,float32,0.014706725285112248,0.0026200559794182375,0.015240122786521417,1.0362689511817518,0.0014408570277737454,0.0001718119128285983,-0.11819754690951047
76,4,mlp_layers.1.conv2.bias,[64],float32,float32,0.022806176205386525,0.0030502933484838264,0.024925079450849968,1.092909185055011,0.007553434406872839,0.0026020355340214962,-0.6600512221935353
76,4,mlp_layers.1.conv2.weight,"[64, 64, 1]",float32,float32,0.02780086331058472,0.003119526765123421,0.028056738904566513,1.0092038722367436,0.004133492708206177,0.0002608787957541041,-0.026296463848002282
76,4,mlp_layers.2.conv0.bias,[64],float32,float32,0.014548842013676096,0.002989759899014622,0.016674023471080837,1.1460722066682039,0.007019013864919543,0.001565838200619396,-0.6599865725113977
76,4,mlp_layers.2.conv0.weight,"[64, 64, 1]",float32,float32,0.026894904308933133,0.002644505900998776,0.02721555802393834,1.0119224709380619,0.0033354309744026978,0.0002826809246380818,-0.07281190713910547
76,4,mlp_layers.2.conv2.bias,[64],float32,float32,0.04203184808948831,0.010459328713203583,0.05063755341768952,1.204742492166396,0.021711232606321573,0.004801692127060164,-0.7825853139545746
76,4,mlp_layers.2.conv2.weight,"[64, 64, 1]",float32,float32,0.041643561957663326,0.0041291916830273855,0.04162882198876523,0.9996460444734993,0.008331902463396545,0.00036274543416036503,0.05314685835875152
76,4,mlp_layers.3.conv0.bias,[64],float32,float32,0.025270084282148966,0.008139028236407891,0.03290235942240078,1.3020280840789806,0.009612899390049279,0.003258419707449889,-0.9183086942594091
76,4,mlp_layers.3.conv0.weight,"[64, 64, 1]",float32,float32,0.009934974777919067,0.0025719931694447706,0.010983137056315663,1.1055022586193357,0.0010614706561682397,0.00011662087261049905,-0.29958545526012537
76,4,mlp_layers.3.conv2.bias,[64],float32,float32,0.09355854948726615,0.030971620961164997,0.12415220039525086,1.327000055854315,0.03185574058443308,0.012537520536902491,-0.9837809661717168
76,4,mlp_layers.3.conv2.weight,"[64, 64, 1]",float32,float32,0.025453007550088638,0.009148393900592378,0.03349981928452716,1.3161438473863376,0.0022082695504650474,0.0003538452923945584,-0.8389139858754779
76,4,p.bias,[64],float32,float32,0.03860227582998747,0.0013675418342477146,0.039581028978205944,1.025354804274471,0.014858605369227007,0.0038434189719396272,-0.7070625488770875
76,4,p.weight,"[64, 2]",float32,float32,0.021316721682488174,0.002913812680181767,0.021962615371655368,1.0302998603062778,0.00654618936823681,0.0015175872245976052,-0.15667869077594104
76,4,q.conv0.bias,[128],float32,float32,0.09140514272705717,0.029804516917198813,0.12112147558099381,1.3251056993879646,0.02747492678463459,0.00884721768659702,-0.996077918545189
76,4,q.conv0.weight,"[128, 64, 1]",float32,float32,0.08441866621879268,0.03637054104117504,0.11746628011490813,1.391472826761608,0.008613965939730406,0.0008122584350429632,-0.8710725218254346
76,4,q.conv2.bias,[1],float32,float32,0.28513169288635254,0.09091565757989883,0.3760473504662514,1.318854970696421,0.3760473504662514,0.3760473504662514,-1.0
76,4,q.conv2.weight,"[1, 128, 1]",float32,float32,0.22471743130362126,0.09020192875512185,0.3116936849071352,1.3870472045668687,0.08666748367249966,0.021285364729614287,-0.9501416985547344
76,4,w_layers.0.bias,[64],float32,float32,0.02128191914427922,0.0016813178849046794,0.022272549031483665,1.0465479584096031,0.0073266251856694,0.0020573642865180375,-0.5634103525785945
76,4,w_layers.0.weight,"[64, 64, 1]",float32,float32,0.08332864078394513,0.010357913173794905,0.08807058743899718,1.0569065643029867,0.007314598886296153,0.0008511833745686627,-0.4086842675796662
76,4,w_layers.1.bias,[64],float32,float32,0.022829753509188557,0.0030352827747893284,0.02492508640108241,1.0917807934742054,0.007553434930741787,0.002602034955430099,-0.6555282712724994
76,4,w_layers.1.weight,"[64, 64, 1]",float32,float32,0.040279267978095515,0.007991078534016413,0.04174701074438129,1.036439161880597,0.007960929709952325,0.00040977186438528185,-0.08782318809831603
76,4,w_layers.2.bias,[64],float32,float32,0.04203945395167731,0.01045483259035707,0.05063755439478613,1.2045245509847011,0.021711232606321573,0.0048016923829372615,-0.782159872816495
76,4,w_layers.2.weight,"[64, 64, 1]",float32,float32,0.03641548702672177,0.012403552051910587,0.034837056145074805,0.9566549561594849,0.00537336480920203,0.0003363983562748758,0.2948043960053252
76,4,w_layers.3.bias,[64],float32,float32,0.09355728117520305,0.030974274654479012,0.12415220023470547,1.3270180436540033,0.031855739653110504,0.012537520492699628,-0.9837225946466167
76,4,w_layers.3.weight,"[64, 64, 1]",float32,float32,0.05864063020877668,0.021404357179066157,0.06748583268040545,1.1508374388224927,0.007007397129200399,0.0006384951982688208,-0.26190484839733524
77,4,conv_layers.0.weights1,"[64, 64, 16]",complex64,complex64,0.021469898802351447,0.010074728324665242,0.022061489055320332,1.0275544034191764,0.0010387213405920193,1.9635095499793994e-05,0.17509527567378252
77,4,conv_layers.1.weights1,"[64, 64, 16]",complex64,complex64,0.01369308962264292,0.0069539018801488715,0.013849192795213848,1.011400142471338,0.0008253869891632348,1.131042558404886e-05,0.23134387652161958
77,4,conv_layers.2.weights1,"[64, 64, 16]",complex64,complex64,0.011678792897418409,0.007168919793611699,0.01259520821537964,1.078468325109507,0.0007898584008216858,1.2652154960049279e-05,0.17407332318892482
77,4,conv_layers.3.weights1,"[64, 64, 16]",complex64,complex64,0.008867617613472068,0.007239764211662744,0.01057032842182834,1.1920144600923523,0.0006689694855595008,1.0766423560354777e-05,0.15044507259977566
77,4,mlp_layers.0.conv0.bias,[64],float32,float32,0.004341901387615266,0.0009804764867234134,0.004000497842696445,0.9213700371241429,0.0018232786387670785,0.0003126280466148046,0.4474207771915443
77,4,mlp_layers.0.conv0.weight,"[64, 64, 1]",float32,float32,0.019188487073765206,0.0035013684338676223,0.018467028316532755,0.9624014777997354,0.00169697156525217,0.00018587717987870664,0.2934130919950415
77,4,mlp_layers.0.conv2.bias,[64],float32,float32,0.00431733322491817,0.0025666134577395235,0.003822301291151366,0.8853384930054394,0.0011224211193621159,0.0003760884048986668,0.4790612301221929
77,4,mlp_layers.0.conv2.weight,"[64, 64, 1]",float32,float32,0.02840343063311625,0.004359270472568194,0.02762335719344243,0.9725359429376705,0.002461336291162297,0.00026821213727461907,0.25322702830447524
77,4,mlp_layers.1.conv0.bias,[64],float32,float32,0.0034919088096895634,0.001776139425063617,0.003174872017407862,0.9092081696400639,0.0010877755412366241,0.00031754137329187415,0.42471676571933853
77,4,mlp_layers.1.conv0.weight,"[64, 64, 1]",float32,float32,0.0157518890506097,0.0028872634675450354,0.015684516764320387,0.995722907514594,0.0012160949554527178,0.00017181850512359986,0.11493256892727652
77,4,mlp_layers.1.conv2.bias,[64],float32,float32,0.0069110573750791274,0.004801727204757572,0.008779414965961262,1.2703432325159567,0.0035837190225720406,0.000806755146101068,-0.094302043857922
77,4,mlp_layers.1.conv2.weight,"[64, 64, 1]",float32,float32,0.027274276501431483,0.0036978810250908683,0.02671477377540276,0.9794860653407486,0.00529110875504557,0.0002414283998919825,0.21754232242460378
77,4,mlp_layers.2.conv0.bias,[64],float32,float32,0.005837802673853575,0.004569529868499525,0.006944070594702312,1.1895007390029648,0.002770890947431326,0.0006687385056522999,0.1263387201223421
77,4,mlp_layers.2.conv0.weight,"[64, 64, 1]",float32,float32,0.01789998003905531,0.0032281805094074552,0.017505408613099557,0.9779568789968004,0.0017900703169289045,0.00019878745356691208,0.21105279411495076
77,4,mlp_layers.2.conv2.bias,[64],float32,float32,0.010958589868685042,0.01597426492784915,0.02095634736811459,1.9123215321707459,0.010130675043910742,0.0019243560493436007,-0.1825155254310808
77,4,mlp_layers.2.conv2.weight,"[64, 64, 1]",float32,float32,0.03105536199188928,0.006582007669749225,0.028193565508054595,0.9078485549586542,0.004366066539660096,0.0002636252063478728,0.5207296761939886
77,4,mlp_layers.3.conv0.bias,[64],float32,float32,0.004550032914333359,0.012043059397023385,0.01541948487596135,3.388873260100474,0.0046905361814424396,0.0015404543635106904,-0.6571831747733496
77,4,mlp_layers.3.conv0.weight,"[64, 64, 1]",float32,float32,0.011573098685267241,0.003574274650719065,0.010055383581854906,0.8688583632882684,0.0007071437139529735,0.00011411275147469452,0.5512007234605821
77,4,mlp_layers.3.conv2.bias,[64],float32,float32,0.01497596855642308,0.04650373757181482,0.06101062975041129,4.073902099924235,0.01546029094606638,0.006169398479620725,-0.9587491773407907
77,4,mlp_layers.3.conv2.weight,"[64, 64, 1]",float32,float32,0.018477688399604918,0.014947415462757374,0.018839585666348233,1.019585635330394,0.0016538660856895149,0.0001895534294624468,0.38002354996147314
77,4,p.bias,[64],float32,float32,0.004456836213532181,0.0021467468349936365,0.003061988819660516,0.6870319376699272,0.001151274424046278,0.0002950309960709774,0.7889114937714726
77,4,p.weight,"[64, 2]",float32,float32,0.015196644030349949,0.003547281321380136,0.013957188216796396,0.9184388466902181,0.003418274282012135,0.0011228587372187349,0.4518735797799541
77,4,q.conv0.bias,[128],float32,float32,0.01525331964637522,0.04467135778826359,0.05902497956440335,3.8696481115459984,0.012932677520439029,0.004337317989786982,-0.9214698609641195
77,4,q.conv0.weight,"[128, 64, 1]",float32,float32,0.026247541881464134,0.0563489990996086,0.04729197174437798,1.8017676458219236,0.003340911222039722,0.0003293492678499016,0.5502324432340722
77,4,q.conv2.bias,[1],float32,float32,0.04966563731431961,0.13569796085357666,0.18536359816789627,3.7322303345225007,0.18536359816789627,0.18536359816789627,-1.0
77,4,q.conv2.weight,"[1, 128, 1]",float32,float32,0.04496504013172405,0.13937526178433593,0.13406839429382236,2.9816140250530654,0.035349998623132706,0.009285511464053542,0.27708442571304653
77,4,w_layers.0.bias,[64],float32,float32,0.0043080637722928096,0.002570410305746875,0.003822249028008459,0.8872313015863752,0.0011224214104004204,0.00037608403877342766,0.4766714706309631
77,4,w_layers.0.weight,"[64, 64, 1]",float32,float32,0.021852344958702023,0.01278325565467188,0.018840329751171694,0.8621651262954786,0.0013663109275512397,0.00020289052469135704,0.5118750810229256
77,4,w_layers.1.bias,[64],float32,float32,0.006942843177692656,0.004788101527943819,0.008779428313624658,1.2645292553680236,0.0035837271716445684,0.0008067552520429899,-0.08948300509180317
77,4,w_layers.1.weight,"[64, 64, 1]",float32,float32,0.02649368323664194,0.011270506658802798,0.024989332851880028,0.9432185260416593,0.0031905099167488515,0.00023862215157874345,0.3423889985918533
77,4,w_layers.2.bias,[64],float32,float32,0.010965122050496027,0.015969718154069903,0.02095634795762001,1.9111823708949973,0.010130675509572029,0.0019243562844195594,-0.18246460381078916
77,4,w_layers.2.weight,"[64, 64, 1]",float32,float32,0.034798467330179814,0.017290159869959496,0.027695210024411217,0.7958744206067914,0.0038193228538148105,0.00026636110923500267,0.6173292549614351
77,4,w_layers.3.bias,[64],float32,float32,0.014976353723631285,0.046506342117276465,0.061010629636259014,4.073797318234408,0.015460291411727667,0.0061693984090567255,-0.9584886298121548
77,4,w_layers.3.weight,"[64, 64, 1]",float32,float32,0.03613597411639263,0.03179359526469015,0.030682118839727497,0.8490740761796411,0.002283358364365995,0.0003070452564014718,0.5985106814362418
78,4,conv_layers.0.weights1,"[64, 64, 16]",complex64,complex64,0.03022641232958125,0.01087216031524387,0.03390918158457016,1.1218394434256012,0.001703908001218224,2.6131924413035222e-05,-0.17952410895933205
78,4,conv_layers.1.weights1,"[64, 64, 16]",complex64,complex64,0.014167515656774364,0.006277861770362977,0.015298539301773679,1.0798321789366438,0.0013143476971890777,1.2589673389691885e-05,0.03420635758054875
78,4,conv_layers.2.weights1,"[64, 64, 16]",complex64,complex64,0.010949947791795584,0.0064621566944749,0.012903528317989117,1.1784100311105852,0.0006769984029233456,1.297285237877713e-05,-0.034201513714726794
78,4,conv_layers.3.weights1,"[64, 64, 16]",complex64,complex64,0.009429030009179924,0.00608327571087318,0.011427675678961155,1.2119672615142159,0.000804946175776422,1.0957843234005208e-05,-0.04078600903581315
78,4,mlp_layers.0.conv0.bias,[64],float32,float32,0.006101792730903927,0.0007058826780700413,0.005920892650386774,0.9703529620727785,0.002572284924099222,0.0005529311175038742,0.3103183353968155
78,4,mlp_layers.0.conv0.weight,"[64, 64, 1]",float32,float32,0.013174979822807844,0.0036830721861751394,0.013606352177364488,1.0327417848344538,0.0023620431529707275,0.00012716103070576842,0.020734871666540935
78,4,mlp_layers.0.conv2.bias,[64],float32,float32,0.012399613373618204,0.001757554298677731,0.011401210958037472,0.9194811656220698,0.00425592006649822,0.001076527704036323,0.6160649124460982
78,4,mlp_layers.0.conv2.weight,"[64, 64, 1]",float32,float32,0.019406703682271032,0.004034988944669503,0.019457383709154955,1.0026114701246365,0.004003185737019521,0.00017262997596301753,0.09138209703295631
78,4,mlp_layers.1.conv0.bias,[64],float32,float32,0.005045471590992548,0.0014942243673241532,0.004320893004507104,0.8563903148758184,0.0012913601531181484,0.00045588826576192787,0.5981757532107073
78,4,mlp_layers.1.conv0.weight,"[64, 64, 1]",float32,float32,0.007954078746054118,0.002709361663684312,0.008212489817867524,1.0324878694395123,0.0007967651799845044,9.783913595640473e-05,0.07338632127895031
78,4,mlp_layers.1.conv2.bias,[64],float32,float32,0.012909772371736385,0.0039543305343650486,0.010861261577040981,0.841320920639914,0.003631875617429614,0.0010619386541961262,0.6300937393749064
78,4,mlp_layers.1.conv2.weight,"[64, 64, 1]",float32,float32,0.015134541560859137,0.0033469560423798513,0.014942913548429136,0.9873383668967161,0.0021407871827250347,0.00014826564695608752,0.1674653684973947
78,4,mlp_layers.2.conv0.bias,[64],float32,float32,0.007946398909799302,0.003678190782138019,0.0060865101559481665,0.7659457101307151,0.0025946199893951416,0.0005347816114635862,0.6779155924405386
78,4,mlp_layers.2.conv0.weight,"[64, 64, 1]",float32,float32,0.014920966854172229,0.0033262791653277325,0.015193705189112503,1.0182788647415306,0.0023199213901534677,0.0001676858922293814,0.02871884786342545
78,4,mlp_layers.2.conv2.bias,[64],float32,float32,0.022210680679641347,0.012041677059425993,0.014152480632861023,0.6371925668101386,0.008056397782638669,0.0010966695541014815,0.8188770219537714
78,4,mlp_layers.2.conv2.weight,"[64, 64, 1]",float32,float32,0.023428673175910165,0.004431800676450825,0.02406448523121854,1.0271382015760981,0.006639628729317337,0.00021344400554276777,-0.050831852300550415
78,4,mlp_layers.3.conv0.bias,[64],float32,float32,0.013131548026774733,0.00953674283782719,0.006058452311352566,0.4613661922417379,0.0026060378877446055,0.0005819878313957361,0.9050475009251645
78,4,mlp_layers.3.conv0.weight,"[64, 64, 1]",float32,float32,0.006639259745603118,0.003189224961218937,0.007129303177449135,1.0738099502991354,0.0007396697146759834,7.38575741148148e-05,0.08085262594891675
78,4,mlp_layers.3.conv2.bias,[64],float32,float32,0.048701718764005815,0.036966587385617054,0.014008538752193624,0.28763951473817334,0.006405616644769907,0.0013622150710261849,0.9837458567820263
78,4,mlp_layers.3.conv2.weight,"[64, 64, 1]",float32,float32,0.014730214531060602,0.009629806319619879,0.01013946420926333,0.6883446393725584,0.0011010703456122428,9.629251373671766e-05,0.7293089504968487
78,4,p.bias,[64],float32,float32,0.022402656371516637,0.001141112626295636,0.02178058378065057,0.9722321951223165,0.00807452408480458,0.0020886997200761925,0.5630451503324273
78,4,p.weight,"[64, 2]",float32,float32,0.023159182562576448,0.0024285514328811204,0.02376965363152146,1.0263597848194992,0.006481524411356077,0.001538999932527929,-0.20225385502098997
78,4,q.conv0.bias,[128],float32,float32,0.04786990322591302,0.035261026364568814,0.012875466295721555,0.26896787810408157,0.0026918668299913406,0.0009489546072956045,0.9979875324653189
78,4,q.conv0.weight,"[128, 64, 1]",float32,float32,0.037786197142773155,0.0342275215978879,0.015440799381957686,0.40863597158548237,0.0009304000705014914,0.00011495032265290694,0.9127235569496654
78,4,q.conv2.bias,[1],float32,float32,0.15116676688194275,0.10891612619161606,0.04225064069032669,0.27949688653011495,0.04225064069032669,0.04225064069032669,1.0
78,4,q.conv2.weight,"[1, 128, 1]",float32,float32,0.10585921619559774,0.09100631162626807,0.02732916466604977,0.25816519003459504,0.007952267304062843,0.0018900827376597817,0.9726862004925945
78,4,w_layers.0.bias,[64],float32,float32,0.012392996849810448,0.0017557084832282499,0.011401201398668341,0.9199712980515059,0.00425596465356648,0.0010765237151275642,0.6131282600521316
78,4,w_layers.0.weight,"[64, 64, 1]",float32,float32,0.04956049917882964,0.00967200457522951,0.04817777535619463,0.9721002845906431,0.004111359361559153,0.0004765477593563494,0.2385449164062645
78,4,w_layers.1.bias,[64],float32,float32,0.012937312252983904,0.003978609310115957,0.01086127441077025,0.839530978180199,0.0036318841739557683,0.001061937826090542,0.6336984276528411
78,4,w_layers.1.weight,"[64, 64, 1]",float32,float32,0.02217735622265077,0.009791315100646297,0.023144268426561445,1.0435990743983776,0.002738062757998705,0.0002368434571348374,0.11984550343067225
78,4,w_layers.2.bias,[64],float32,float32,0.022218402731265775,0.012046179163503366,0.014152481914737502,0.6369711669157074,0.008056397316977382,0.0010966698270209463,0.8191299310882801
78,4,w_layers.2.weight,"[64, 64, 1]",float32,float32,0.021033389483201558,0.01182196377568528,0.0226990520971305,1.0791913550243166,0.003487725742161274,0.0002281442816425283,0.13455404860690404
78,4,w_layers.3.bias,[64],float32,float32,0.0487008072342724,0.036964372486698066,0.014008538836093336,0.28764490019038236,0.0064056162955239415,0.0013622150896708263,0.9837530748282648
78,4,w_layers.3.weight,"[64, 64, 1]",float32,float32,0.026519037647090706,0.019223379928642346,0.023200948011797003,0.8748789575455157,0.0024529211659682915,0.00022410634423854908,0.5242535018972081
79,4,conv_layers.0.weights1,"[64, 64, 16]",complex64,complex64,0.11074660955135357,0.010197930841862428,0.10850406898589765,0.979750706820365,0.007028745487332344,5.629331372261383e-05,0.26371683118813244
79,4,conv_layers.1.weights1,"[64, 64, 16]",complex64,complex64,0.0419713500940564,0.006099854353601842,0.04049496049456454,0.9648238716128187,0.0027920624415855855,2.5416920039722903e-05,0.31044678378653523
79,4,conv_layers.2.weights1,"[64, 64, 16]",complex64,complex64,0.03151893200475151,0.006198008153980794,0.030558520384430108,0.9695290557377826,0.0027952553937211633,2.304081973923009e-05,0.2509160596440391
79,4,conv_layers.3.weights1,"[64, 64, 16]",complex64,complex64,0.027631215236538696,0.006016529892974043,0.02589362380471868,0.9371149109098077,0.0030131468374747783,1.8254913652798063e-05,0.38859420021489194
79,4,mlp_layers.0.conv0.bias,[64],float32,float32,0.02001946497769452,0.0010026609154589047,0.01963311493670308,0.9807012804077478,0.008355496625881642,0.0017768925454202389,0.40664873821186887
79,4,mlp_layers.0.conv0.weight,"[64, 64, 1]",float32,float32,0.05449994297456779,0.003711175668689922,0.05403741130430033,0.991513171481972,0.007771937875077128,0.0005127908353155866,0.15815076747080486
79,4,mlp_layers.0.conv2.bias,[64],float32,float32,0.034526500081516344,0.002371943475812267,0.03329302050485447,0.9642744102718303,0.010372923396062106,0.003001324595118149,0.5450895122137007
79,4,mlp_layers.0.conv2.weight,"[64, 64, 1]",float32,float32,0.0632429201918622,0.004387249677578458,0.06326544449973133,1.0003561554052343,0.007889029890066013,0.0005020588246897745,0.02955074557634332
79,4,mlp_layers.1.conv0.bias,[64],float32,float32,0.013645392857102671,0.0015345455892383463,0.012542832511163862,0.9191990763853378,0.005042424949351698,0.0011960397987706983,0.7456950418868914
79,4,mlp_layers.1.conv0.weight,"[64, 64, 1]",float32,float32,0.02329160445457756,0.0026032823819162575,0.022669720421075016,0.9733000775143971,0.0024285975669045,0.00025097455565010335,0.29158005116729446
79,4,mlp_layers.1.conv2.bias,[64],float32,float32,0.029401853658168983,0.004037307959719787,0.02708579886768701,0.9212275927426609,0.009153504448477179,0.0026870279303636835,0.6197261048679764
79,4,mlp_layers.1.conv2.weight,"[64, 64, 1]",float32,float32,0.04625928593510627,0.003317841535436948,0.045457898533386894,0.9826761830512564,0.006314082158496603,0.0003855434347279016,0.27530795169861366
79,4,mlp_layers.2.conv0.bias,[64],float32,float32,0.017414440290197578,0.003745395107481075,0.014732719248164898,0.8460059010026183,0.008241298841312528,0.0013098103302588981,0.7684116351790479
79,4,mlp_layers.2.conv0.weight,"[64, 64, 1]",float32,float32,0.028455346007111665,0.0032495329883920213,0.02824258434708754,0.9925229635242899,0.004744876729091629,0.000280974125461313,0.12232857032139541
79,4,mlp_layers.2.conv2.bias,[64],float32,float32,0.04789768358108901,0.012913198666979953,0.038080565901627145,0.7950398235262913,0.01599273644387722,0.003501355367959036,0.8171294949966819
79,4,mlp_layers.2.conv2.weight,"[64, 64, 1]",float32,float32,0.041633625099038854,0.006380235443846003,0.04070521022126121,0.9777003593713227,0.009248891961760819,0.00035279143405368,0.22051533377554383
79,4,mlp_layers.3.conv0.bias,[64],float32,float32,0.028398658099772763,0.009331921883391155,0.02024206063389259,0.7127822928384973,0.006767133716493845,0.0019806758835372307,0.9128337022215196
79,4,mlp_layers.3.conv0.weight,"[64, 64, 1]",float32,float32,0.012864509987299341,0.0036573020469119486,0.01198479696674109,0.9316170595361379,0.0017376747346133925,0.00010798599305863327,0.37445874026518083
79,4,mlp_layers.3.conv2.bias,[64],float32,float32,0.10231031461548125,0.03616951284018001,0.0670935910907827,0.6557852093695968,0.017011729069054127,0.006701703012168991,0.9828477479334969
79,4,mlp_layers.3.conv2.weight,"[64, 64, 1]",float32,float32,0.03440089942320961,0.012688444873140282,0.024023588320458308,0.6983418667318351,0.002332768402993679,0.00024339386357951492,0.8789191448639453
79,4,p.bias,[64],float32,float32,0.07059438424793203,0.0019784521757335197,0.06931487943972503,0.9818752607330167,0.026874961011344567,0.006657303439197904,0.6548721086426696
79,4,p.weight,"[64, 2]",float32,float32,0.0493667518321983,0.00347939909134656,0.04725182881562871,0.9571589594600353,0.01543445629067719,0.0029669585321698833,0.630061485830449
79,4,q.conv0.bias,[128],float32,float32,0.10101627426689047,0.034590629388694054,0.06655226432306668,0.6588271524173619,0.01566946040838957,0.004858452886580267,0.9975906488597536
79,4,q.conv0.weight,"[128, 64, 1]",float32,float32,0.11349876737788175,0.04651807140313175,0.07132367136930318,0.6284092155101456,0.005355931352823973,0.0004941206976584438,0.9431172713048724
79,4,q.conv2.bias,[1],float32,float32,0.311943918466568,0.10422167181968689,0.2077222466468811,0.6658961253932679,0.2077222466468811,0.2077222466468811,1.0
79,4,q.conv2.weight,"[1, 128, 1]",float32,float32,0.2842015327119428,0.11312003607601001,0.1752940477565722,0.6167948711741973,0.05470325984060764,0.011909239209813904,0.9773067624556877
79,4,w_layers.0.bias,[64],float32,float32,0.03452845722865035,0.0023741665143333962,0.03329300295063747,0.9642192447281499,0.010373002383857965,0.003001324858352916,0.5454440623838546
79,4,w_layers.0.weight,"[64, 64, 1]",float32,float32,0.151785615613913,0.012248397495576633,0.14506240373578863,0.9557058694202898,0.012441866390872747,0.0013523219039605489,0.5770964728941052
79,4,w_layers.1.bias,[64],float32,float32,0.029387156694530323,0.004026679929450447,0.027085796427961408,0.9216882296409011,0.009153503808192909,0.002687028684761117,0.6176601808641938
79,4,w_layers.1.weight,"[64, 64, 1]",float32,float32,0.06826550490958364,0.010429244465254521,0.06618667703755651,0.9695479016117952,0.007220182480523363,0.0006175970101639228,0.2726792030869819
79,4,w_layers.2.bias,[64],float32,float32,0.04789165921692945,0.012908437799934714,0.03808056466167523,0.7951398068959356,0.015992735978215933,0.0035013551040776747,0.8169676129845032
79,4,w_layers.2.weight,"[64, 64, 1]",float32,float32,0.0558303833711621,0.01542401503509054,0.05165988345583612,0.9253005323714085,0.00989729561842978,0.0004706968973682904,0.3984238420988265
79,4,w_layers.3.bias,[64],float32,float32,0.10231147286280926,0.036172237080321384,0.06709359224276787,0.6557777966185133,0.017011729069054127,0.00670170315063956,0.982821226126346
79,4,w_layers.3.weight,"[64, 64, 1]",float32,float32,0.068989662309792,0.027457067062955514,0.054263395839988085,0.786543867925068,0.006334749050438404,0.0005061020830709091,0.6780896862906679
80,4,conv_layers.0.weights1,"[64, 64, 16]",complex64,complex64,0.032495094548800514,0.009779002821866473,0.03375970761406195,1.0389170452593164,0.002518625376978889,2.492606778298367e-05,0.018633322610495214
80,4,conv_layers.1.weights1,"[64, 64, 16]",complex64,complex64,0.02149108093231503,0.00641210872346695,0.022642842723996474,1.0535925482440298,0.0014125812595011666,1.8643491223354173e-05,-0.03525546722782349
80,4,conv_layers.2.weights1,"[64, 64, 16]",complex64,complex64,0.02165133743962513,0.0064190363449042965,0.022741114366969926,1.0503330073896655,0.0019220960602979176,2.1168142798937918e-05,-0.025808766963196096
80,4,conv_layers.3.weights1,"[64, 64, 16]",complex64,complex64,0.017498349230746793,0.0055691696192090535,0.01841247797662537,1.0522408561987286,0.0012323092814767733,1.6435013103402892e-05,-0.009294230334404631
80,4,mlp_layers.0.conv0.bias,[64],float32,float32,0.004995281833966077,0.0009442672881562809,0.0054132858579224955,1.083679767798915,0.001635669315874111,0.0005162501364068817,-0.3666811074935779
80,4,mlp_layers.0.conv0.weight,"[64, 64, 1]",float32,float32,0.020941010180034008,0.004555627434442272,0.022868255724812717,1.0920321191866962,0.0017257226245419588,0.0002480844403473584,-0.3337413243336316
80,4,mlp_layers.0.conv2.bias,[64],float32,float32,0.00711859157288762,0.0018032302580462125,0.007231858745214893,1.0159114582101705,0.002922339306678623,0.0006387443476825183,0.06334318301112572
80,4,mlp_layers.0.conv2.weight,"[64, 64, 1]",float32,float32,0.03159271992039334,0.00512444496433734,0.03434803384723633,1.087213571157715,0.004787792713614181,0.0002914154604858575,-0.48002530243856883
80,4,mlp_layers.1.conv0.bias,[64],float32,float32,0.003688201078645131,0.0010963630921100394,0.003942213331788196,1.0688715847446086,0.00134727664408274,0.0003802034360091966,-0.0910334051938425
80,4,mlp_layers.1.conv0.weight,"[64, 64, 1]",float32,float32,0.019303494838561825,0.002879960547287119,0.01950524242193397,1.0104513501342318,0.0019975703544332646,0.0002135407199312031,0.004178594975932528
80,4,mlp_layers.1.conv2.bias,[64],float32,float32,0.009997998547150642,0.002919927974392567,0.010778315373725755,1.0780473034573004,0.0039451533812098205,0.0010480939766210895,-0.1316413741823889
80,4,mlp_layers.1.conv2.weight,"[64, 64, 1]",float32,float32,0.03670357746240989,0.003400729755625383,0.03729920811931438,1.016228136276757,0.0074399387813173234,0.0003239179197367832,-0.1302421044050077
80,4,mlp_layers.2.conv0.bias,[64],float32,float32,0.007240171904512365,0.0022824191451442863,0.007697696985027506,1.0631925714678119,0.0032615561212878674,0.0007122904875132008,-0.049167987697117166
80,4,mlp_layers.2.conv0.weight,"[64, 64, 1]",float32,float32,0.028047891394180045,0.0038214425082097486,0.028978071231041472,1.03316398455017,0.003417721643927507,0.000308266099511241,-0.17932336619232073
80,4,mlp_layers.2.conv2.bias,[64],float32,float32,0.015469901730814892,0.007674241357827878,0.017441581689198907,1.1274526491953452,0.00992639223113656,0.0013126201862974085,-0.02525667108280011
80,4,mlp_layers.2.conv2.weight,"[64, 64, 1]",float32,float32,0.0535640354076167,0.00615253582679022,0.05717500623034412,1.0674140922215496,0.013153228210285306,0.00047435089486107945,-0.5492590601085383
80,4,mlp_layers.3.conv0.bias,[64],float32,float32,0.005749996403527002,0.005108318256840522,0.005602776516760713,0.9743965254176532,0.0029717041179537773,0.00046954526030162924,0.4726525626907002
80,4,mlp_layers.3.conv0.weight,"[64, 64, 1]",float32,float32,0.01737695264431768,0.0041126966203521385,0.0201235067774763,1.1580572951642791,0.001414182421285659,0.00022000954202745782,-0.6022626593498681
80,4,mlp_layers.3.conv2.bias,[64],float32,float32,0.014900600211247495,0.019607385248062176,0.0077539775368285655,0.5203802146826,0.0030026221356820315,0.000772333151616067,0.9350182995874664
80,4,mlp_layers.3.conv2.weight,"[64, 64, 1]",float32,float32,0.02604856487819356,0.00938532522627532,0.0334114142320324,1.2826585413925287,0.0036872269702143967,0.0003331449585797508,-0.7152297937133121
80,4,p.bias,[64],float32,float32,0.01071718288904363,0.0013666390428190337,0.01030068418589633,0.9611372962970433,0.0036595732090063393,0.0009859113324495183,0.362598632409313
80,4,p.weight,"[64, 2]",float32,float32,0.011461792532015957,0.0034274210305135664,0.010656575942476444,0.9297477608942649,0.003677278757095337,0.0007330260907956188,0.37619641126976766
80,4,q.conv0.bias,[128],float32,float32,0.015455609854743436,0.018781588037353456,0.00942546037723173,0.6098407287590136,0.0023198852431960404,0.000604930690691674,0.8660311904553728
80,4,q.conv0.weight,"[128, 64, 1]",float32,float32,0.04159699041291706,0.030101714195469455,0.06429956241216583,1.545774388336493,0.005113480961881578,0.0004507817123135978,-0.5981799399131221
80,4,q.conv2.bias,[1],float32,float32,0.05021173506975174,0.05551853030920029,0.005306795239448547,0.10568834620187097,0.005306795239448547,0.005306795239448547,1.0
80,4,q.conv2.weight,"[1, 128, 1]",float32,float32,0.0656187125811216,0.07004875617724422,0.11285130493462836,1.7198037037851837,0.028283608611673117,0.007887715719647304,-0.3832009456218884
80,4,w_layers.0.bias,[64],float32,float32,0.007122528390615196,0.0018072271569795986,0.007231824070029171,1.0153450675687001,0.0029223396559245884,0.0006387382857475643,0.06592595429140514
80,4,w_layers.0.weight,"[64, 64, 1]",float32,float32,0.03600823763209917,0.011104001317006772,0.034157350307926757,0.9485982251316166,0.004029593081213534,0.00034042407815838664,0.3165894863077802
80,4,w_layers.1.bias,[64],float32,float32,0.00997767897146669,0.0029176119405889545,0.010778319202373743,1.0802431340191094,0.003945153090171516,0.0010480951730613697,-0.139219350788202
80,4,w_layers.1.weight,"[64, 64, 1]",float32,float32,0.0401677338226109,0.010377419714233766,0.04434406517967247,1.103972292176231,0.007180341286584735,0.0003974518118675281,-0.2941895532444396
80,4,w_layers.2.bias,[64],float32,float32,0.015465556606365127,0.0076689559481635606,0.017441581695842468,1.127769413010591,0.009926392696797848,0.0013126198897452923,-0.0261897168604243
80,4,w_layers.2.weight,"[64, 64, 1]",float32,float32,0.054146512944022125,0.012451415661703422,0.06155942971577347,1.1369047860831774,0.008692763512954116,0.0005307678150914541,-0.5211213292983198
80,4,w_layers.3.bias,[64],float32,float32,0.014899615363097288,0.019610309402707183,0.007753977635289253,0.5204146178493952,0.0030026222520973533,0.000772333109750889,0.9350866877559282
80,4,w_layers.3.weight,"[64, 64, 1]",float32,float32,0.059024360868499395,0.020404469034315625,0.07323107120947367,1.240692319780056,0.007210501469671726,0.0007084506248743669,-0.6071985763974409
81,4,conv_layers.0.weights1,"[64, 64, 16]",complex64,complex64,0.16631602716762908,0.010295920164071087,0.1652570914516862,0.9936329905543284,0.008998062956379727,8.717411156846543e-05,0.13347548851178323
81,4,conv_layers.1.weights1,"[64, 64, 16]",complex64,complex64,0.05960562593617218,0.008009159109091307,0.05803829901992046,0.9737050506284413,0.00472365683526732,4.217720050271808e-05,0.26030355619282364
81,4,conv_layers.2.weights1,"[64, 64, 16]",complex64,complex64,0.03440189478253407,0.008408686856527849,0.034294540657935704,0.9968794124487332,0.002141384426067816,3.2884193754883156e-05,0.13495968366992345
81,4,conv_layers.3.weights1,"[64, 64, 16]",complex64,complex64,0.03094253961463989,0.009643639272798665,0.029274235612332434,0.9460838049143798,0.00213378865737468,2.5711607020779086e-05,0.3241630608253295
81,4,mlp_layers.0.conv0.bias,[64],float32,float32,0.034075925354061405,0.0012709927140836053,0.033555466126631836,0.9847264829341593,0.015853016113396734,0.002906609243929381,0.42501257573139745
81,4,mlp_layers.0.conv0.weight,"[64, 64, 1]",float32,float32,0.08902017756851657,0.004078822723462458,0.0893835751411999,1.0040821933027895,0.011348779600666603,0.0008115812331789957,-0.06636604880922645
81,4,mlp_layers.0.conv2.bias,[64],float32,float32,0.06044848499598917,0.004138736697295183,0.057742314025232284,0.9552317817239515,0.017061881604604423,0.0054414837929641635,0.67346143104547
81,4,mlp_layers.0.conv2.weight,"[64, 64, 1]",float32,float32,0.11191702647889697,0.004915888700725588,0.11134772840704321,0.9949132130314318,0.012080362852429971,0.0009265813373208406,0.13747542000612006
81,4,mlp_layers.1.conv0.bias,[64],float32,float32,0.02476186496763608,0.003558683983204478,0.022721800578137955,0.9176126518675187,0.00831800460582599,0.0020614308004951454,0.6215070307961454
81,4,mlp_layers.1.conv0.weight,"[64, 64, 1]",float32,float32,0.052174661837425716,0.003235543244961945,0.05243055291461176,1.0049045085904609,0.004755236041091848,0.000523462080603769,-0.04827461397646444
81,4,mlp_layers.1.conv2.bias,[64],float32,float32,0.046737854979765465,0.009427644490428266,0.04191849770908476,0.8968853561472349,0.012973612640053034,0.0038556852071849335,0.5856950284172787
81,4,mlp_layers.1.conv2.weight,"[64, 64, 1]",float32,float32,0.10631749131939187,0.004000679137262916,0.10618012637060818,0.9987079741340865,0.01845604290429037,0.0007979858073746387,0.05312800043864583
81,4,mlp_layers.2.conv0.bias,[64],float32,float32,0.027430166143023023,0.009169434118317605,0.02206708686361092,0.804482435452684,0.01445165486074984,0.0017965144542131384,0.6948502364773607
81,4,mlp_layers.2.conv0.weight,"[64, 64, 1]",float32,float32,0.06397012267778188,0.004397072957930408,0.06452973820544528,1.0087480765119397,0.010171980189625174,0.0006158288344448679,-0.09345851910852637
81,4,mlp_layers.2.conv2.bias,[64],float32,float32,0.07608025676844939,0.030359571188959045,0.05425034973604716,0.7130673848953789,0.02175714820623398,0.004415528108872024,0.8154098498439509
81,4,mlp_layers.2.conv2.weight,"[64, 64, 1]",float32,float32,0.12070580476630624,0.007908553992447291,0.12058012014136656,0.9989587524379377,0.03980084112845361,0.0008334839720403261,0.048643590260199224
81,4,mlp_layers.3.conv0.bias,[64],float32,float32,0.0414829384610326,0.023268490464448965,0.024196111737144563,0.5832786353809872,0.011204270645976067,0.0020940689034887328,0.8685900402064191
81,4,mlp_layers.3.conv0.weight,"[64, 64, 1]",float32,float32,0.036163463260366034,0.004696567315861169,0.03808072524775114,1.053016548044124,0.003557956726581324,0.00039327771174935133,-0.3541123531198761
81,4,mlp_layers.3.conv2.bias,[64],float32,float32,0.146878124721688,0.09010816105580759,0.060558196993322856,0.41230235685587313,0.018375444342382252,0.0060077252616110854,0.9832085677475608
81,4,mlp_layers.3.conv2.weight,"[64, 64, 1]",float32,float32,0.08454869222886663,0.023568361655782438,0.07354033847963327,0.8697986514157474,0.009964171011233702,0.0006864968929679791,0.5760519446113149
81,4,p.bias,[64],float32,float32,0.12783519489068665,0.0031628972634990655,0.12550342110277046,0.9817595319511961,0.0483281152555719,0.01203847946075598,0.7428744779289185
81,4,p.weight,"[64, 2]",float32,float32,0.09577465869672154,0.0039726373980231,0.09537023508434776,0.9957773421709137,0.025367311376612633,0.006899533550445369,0.12232686061612402
81,4,q.conv0.bias,[128],float32,float32,0.14577925966943153,0.08517645695829097,0.06133781534277301,0.4207581756270569,0.015472568571567535,0.004223052604913846,0.996390908542041
81,4,q.conv0.weight,"[128, 64, 1]",float32,float32,0.23214282355150268,0.08898473823984512,0.15304859706552432,0.6592863596817987,0.011007681954652071,0.001065088745476627,0.929089127352789
81,4,q.conv2.bias,[1],float32,float32,0.43587586283683777,0.26094862818717957,0.1749272346496582,0.4013235179189976,0.1749272346496582,0.1749272346496582,1.0
81,4,q.conv2.weight,"[1, 128, 1]",float32,float32,0.5156621519243892,0.23325917879683328,0.29687418383539627,0.5757145113859868,0.07844502478837967,0.02024297734863012,0.9651536515195289
81,4,w_layers.0.bias,[64],float32,float32,0.060445601906955214,0.004135077517783798,0.05774232134619815,0.9552774647704185,0.017061928985640407,0.005441480220326866,0.6733300370488235
81,4,w_layers.0.weight,"[64, 64, 1]",float32,float32,0.25300349874759914,0.01847493708442436,0.2436776043692521,0.9631392671464566,0.018729043531493517,0.00236492564405065,0.5319940918515667
81,4,w_layers.1.bias,[64],float32,float32,0.046750353134571855,0.009450619999569213,0.04191850163868517,0.8966456684941374,0.01297361368779093,0.0038556839972159196,0.5859277139623105
81,4,w_layers.1.weight,"[64, 64, 1]",float32,float32,0.12133559448172791,0.018019569737808622,0.11819911048585185,0.9741503389069529,0.015531507960986346,0.001071117290248759,0.24606526220481403
81,4,w_layers.2.bias,[64],float32,float32,0.07608475282135095,0.03036391845014407,0.054250351409210175,0.7130252698144589,0.021757150068879128,0.0044155283301705595,0.8154500897220386
81,4,w_layers.2.weight,"[64, 64, 1]",float32,float32,0.14754187328540241,0.024240716791513035,0.14111165981683665,0.9564177048496106,0.02871823590248823,0.001067859810620228,0.3416331607307619
81,4,w_layers.3.bias,[64],float32,float32,0.14687673751892538,0.09010580406587142,0.060558196021146316,0.4123062442978301,0.018375444342382252,0.00600772516509096,0.9832121343682156
81,4,w_layers.3.weight,"[64, 64, 1]",float32,float32,0.17334533525475782,0.04608112218502773,0.15217542411393062,0.8778743534706905,0.01538546709343791,0.0013637410542091666,0.5642698132755636
82,4,conv_layers.0.weights1,"[64, 64, 16]",complex64,complex64,0.06923153976630322,0.012414292702079345,0.06968874341915678,1.0066039792614303,0.003987059993960429,3.693301600362043e-05,0.052707362317540835
82,4,conv_layers.1.weights1,"[64, 64, 16]",complex64,complex64,0.027608321843254152,0.007835352215509548,0.02966833409571546,1.074615627279231,0.0020326612848293735,1.7843422657551683e-05,-0.13081921798491078
82,4,conv_layers.2.weights1,"[64, 64, 16]",complex64,complex64,0.019599649062304828,0.007923246149268558,0.021926636938205474,1.1187259970065506,0.002014081663219258,1.7305427272855285e-05,-0.10899837252387581
82,4,conv_layers.3.weights1,"[64, 64, 16]",complex64,complex64,0.019448945884076287,0.007807641256721708,0.023215131650933606,1.1936447244650346,0.003026391612365842,1.4955488887505196e-05,-0.3283546985776338
82,4,mlp_layers.0.conv0.bias,[64],float32,float32,0.01306756940897214,0.001374270741330139,0.013152620072060903,1.0065085296604865,0.006656645547991502,0.001089257170384883,-0.009505992843930484
82,4,mlp_layers.0.conv0.weight,"[64, 64, 1]",float32,float32,0.03697182690805754,0.005950250873150593,0.03655711625441908,0.9887830629882106,0.004867376825131942,0.0003357154117109712,0.149775509500252
82,4,mlp_layers.0.conv2.bias,[64],float32,float32,0.023503180832693534,0.0027616224344920092,0.02466472613324,1.0494207702699851,0.008384917950024828,0.002173736523523928,-0.3722457779050622
82,4,mlp_layers.0.conv2.weight,"[64, 64, 1]",float32,float32,0.044442910983309526,0.00675406483114953,0.045364722147056655,1.0207414668245587,0.006280103123572189,0.0003481747746761606,-0.06191199930514642
82,4,mlp_layers.1.conv0.bias,[64],float32,float32,0.008707545700056048,0.0023405233225281164,0.009754673857095922,1.1202552582679106,0.0036014108918607235,0.000880520942956764,-0.33989487689361947
82,4,mlp_layers.1.conv0.weight,"[64, 64, 1]",float32,float32,0.022831251746637662,0.003520726791484323,0.02251833198264007,0.9862942353108749,0.0019122578705719206,0.00022991464213318203,0.1653734656192405
82,4,mlp_layers.1.conv2.bias,[64],float32,float32,0.02096088248419154,0.006446074363230537,0.023726704133498134,1.1319515841660075,0.008025319897569716,0.0021714223636450924,-0.30361459702895965
82,4,mlp_layers.1.conv2.weight,"[64, 64, 1]",float32,float32,0.043034753413301874,0.003920097291127643,0.04286615534371917,0.9960822810354342,0.006878332918859087,0.0003185920959823882,0.08847011203121877
82,4,mlp_layers.2.conv0.bias,[64],float32,float32,0.011000246163389881,0.005813456611677533,0.014683889850322054,1.3348692049448652,0.007912679808214307,0.0014255415048793907,-0.47549215906019066
82,4,mlp_layers.2.conv0.weight,"[64, 64, 1]",float32,float32,0.025802568430059306,0.004953515294439929,0.02539856916232466,0.9843426723649729,0.003967175274738111,0.0002264192321513904,0.17690840603008498
82,4,mlp_layers.2.conv2.bias,[64],float32,float32,0.03601863324612177,0.018834428604764253,0.051155383074088935,1.4202477568911358,0.026332546025514603,0.004633868950733699,-0.711091732249032
82,4,mlp_layers.2.conv2.weight,"[64, 64, 1]",float32,float32,0.04918460090822633,0.006806560361221075,0.04815347553820356,0.9790356056370825,0.015874238859396428,0.0003095326679347643,0.21909600361409562
82,4,mlp_layers.3.conv0.bias,[64],float32,float32,0.01851598573820246,0.014539314434038183,0.03177906777497855,1.7163043990367468,0.010531035950407386,0.003162862151526724,-0.8463210855063767
82,4,mlp_layers.3.conv0.weight,"[64, 64, 1]",float32,float32,0.01831191443504594,0.00532560673422161,0.01714527750085556,0.9362908264819307,0.0015654847666155547,0.00018142677805132318,0.3574973727890075
82,4,mlp_layers.3.conv2.bias,[64],float32,float32,0.0700961717183874,0.05616323084652846,0.1256808492235769,1.7929773644201554,0.03292455803602934,0.012740461510531986,-0.9814875206667554
82,4,mlp_layers.3.conv2.weight,"[64, 64, 1]",float32,float32,0.0407216856481516,0.014598815639832001,0.04746744085272004,1.1656551072775798,0.003660424437839538,0.0005095601491473395,-0.3210969742972439
82,4,p.bias,[64],float32,float32,0.04801251111887118,0.0017924169723863555,0.049180064581652534,1.0243176921092647,0.018958236469188705,0.004756875225723434,-0.6406389073993749
82,4,p.weight,"[64, 2]",float32,float32,0.04948075506058881,0.0036390711106955354,0.04686196063840578,0.9470744854443645,0.01422840403392911,0.003222910243367849,0.7373617860253078
82,4,q.conv0.bias,[128],float32,float32,0.07026259609730208,0.052987373732281004,0.12301206065588484,1.750747445846343,0.028704105876386166,0.008857097784016332,-0.9921316791322279
82,4,q.conv0.weight,"[128, 64, 1]",float32,float32,0.12196325386580846,0.0506559893524215,0.16914150540919318,1.3868234902562797,0.011405492201447487,0.0011780035102790833,-0.9038101562527988
82,4,q.conv2.bias,[1],float32,float32,0.20788291096687317,0.1633351892232895,0.37121810019016266,1.7857076296633037,0.37121810019016266,0.37121810019016266,-1.0
82,4,q.conv2.weight,"[1, 128, 1]",float32,float32,0.26847748829163204,0.1357070914359193,0.39925998175636396,1.4871264786367124,0.1150224320590496,0.027396200755845257,-0.9457016937283508
82,4,w_layers.0.bias,[64],float32,float32,0.02350381183169942,0.0027580148016269064,0.024664707535327065,1.0493918055479814,0.008385000342968851,0.002173738815443471,-0.3726404201076937
82,4,w_layers.0.weight,"[64, 64, 1]",float32,float32,0.11601168063685681,0.01395191444583863,0.11740699503412134,1.0120273612933184,0.01079683661373565,0.0010677528126950865,-0.04047872634799052
82,4,w_layers.1.bias,[64],float32,float32,0.020953898946332195,0.0064703329382689604,0.023726698976931575,1.1323285961100207,0.008025319199077785,0.002171422113462995,-0.3025001472263704
82,4,w_layers.1.weight,"[64, 64, 1]",float32,float32,0.058234012038418104,0.015818103418839536,0.062257521773332415,1.0690920923026894,0.007044437224976718,0.0005522168663654875,-0.12733325174246068
82,4,w_layers.2.bias,[64],float32,float32,0.036013709796236276,0.018838416789318375,0.05115538262597572,1.4204419071350953,0.026332546025514603,0.004633868624551951,-0.7111889903874408
82,4,w_layers.2.weight,"[64, 64, 1]",float32,float32,0.06989250542907641,0.019469960328441838,0.0772121895421982,1.1047277396651558,0.01757828739937395,0.0006607586759380668,-0.25634859453153624
82,4,w_layers.3.bias,[64],float32,float32,0.07009758749602361,0.0561610007265036,0.125680848744823,1.7929411444003323,0.03292455803602934,0.012740461501209666,-0.9815132616702313
82,4,w_layers.3.weight,"[64, 64, 1]",float32,float32,0.08510411507549094,0.030054596097137964,0.10261988194903457,1.2058157453139182,0.013887454522773623,0.0009913476304291846,-0.466197352360528
83,4,conv_layers.0.weights1,"[64, 64, 16]",complex64,complex64,0.11537115582636817,0.011117449523939128,0.11782572151213871,1.021275384373063,0.006851021113106981,5.472869043977474e-05,-0.17495237091607022
83,4,conv_layers.1.weights1,"[64, 64, 16]",complex64,complex64,0.043639812162935825,0.008263911227104567,0.046318960427730566,1.0613922959794542,0.0031415477278642356,2.6119027510610846e-05,-0.23946705827409526
83,4,conv_layers.2.weights1,"[64, 64, 16]",complex64,complex64,0.02658146509851128,0.00840275336741527,0.02926613484660944,1.100997809494275,0.0028149195422884077,2.1867740504517608e-05,-0.17757652993126694
83,4,conv_layers.3.weights1,"[64, 64, 16]",complex64,complex64,0.024776206458397943,0.009435211355020762,0.030169550677080655,1.2176824054053128,0.004039213410578668,1.8200020264245917e-05,-0.4434257640127997
83,4,mlp_layers.0.conv0.bias,[64],float32,float32,0.022511788160937376,0.0014872409857096694,0.022938799554117838,1.018968346278303,0.011547512913239188,0.0019257328016095698,-0.2568070466431493
83,4,mlp_layers.0.conv0.weight,"[64, 64, 1]",float32,float32,0.06130476903968275,0.004934090255236072,0.06118148172143069,0.997988944087331,0.00873826628230745,0.0005548835096882525,0.06520401751671058
83,4,mlp_layers.0.conv2.bias,[64],float32,float32,0.03930797590892975,0.0040630000756171954,0.0413304890841968,1.051452997222571,0.013323962717549875,0.003725291398989583,-0.4589128427392179
83,4,mlp_layers.0.conv2.weight,"[64, 64, 1]",float32,float32,0.07452787617864386,0.005677110633150794,0.07554624334903598,1.013664245147025,0.009688819478469668,0.0005713466806191066,-0.1425196368146119
83,4,mlp_layers.1.conv0.bias,[64],float32,float32,0.01474842376789798,0.0035575098486520518,0.016857910087137627,1.1430313064255206,0.006658514961600304,0.0015182199261261076,-0.514767093253126
83,4,mlp_layers.1.conv0.weight,"[64, 64, 1]",float32,float32,0.03610241369962715,0.003146801412060408,0.03598114811397227,0.9966410670858793,0.003048439230042277,0.0003521698056608222,0.08205301487549069
83,4,mlp_layers.1.conv2.bias,[64],float32,float32,0.03134273934969578,0.009382651916371134,0.03644865684153638,1.1629059105164066,0.011849400936625898,0.0034549174856550735,-0.43883443651637144
83,4,mlp_layers.1.conv2.weight,"[64, 64, 1]",float32,float32,0.06838665449017971,0.003820517764748914,0.0684505452077898,1.0009342571015705,0.011762996848119656,0.0004845959949556708,0.01120234757115605
83,4,mlp_layers.2.conv0.bias,[64],float32,float32,0.01699925690106205,0.008895271081059211,0.02326967403636035,1.3688641904639107,0.01383961085230112,0.002154643084040231,-0.5732878419864913
83,4,mlp_layers.2.conv0.weight,"[64, 64, 1]",float32,float32,0.0408087459245525,0.004643631209253686,0.040466602770539935,0.9916159355976015,0.006322062748949975,0.0003710080234619398,0.13026626738060182
83,4,mlp_layers.2.conv2.bias,[64],float32,float32,0.05153851394435043,0.029407296410325925,0.07626808209627269,1.4798269538509476,0.0382111482322216,0.006895384665995152,-0.7573898743804365
83,4,mlp_layers.2.conv2.weight,"[64, 64, 1]",float32,float32,0.07766458741511173,0.008397862019162159,0.07791091371005944,1.0031716681069986,0.02598467405186966,0.0005131096931803927,0.024686396514623288
83,4,mlp_layers.3.conv0.bias,[64],float32,float32,0.027051902502498438,0.022400353219465954,0.04758928554298607,1.75918442477718,0.016780115198343992,0.004698363322290788,-0.8508301981042106
83,4,mlp_layers.3.conv0.weight,"[64, 64, 1]",float32,float32,0.027343309540681555,0.004976860843513604,0.026428637399647497,0.9665485942850772,0.002019485466007609,0.00029134866433736667,0.2717179428233576
83,4,mlp_layers.3.conv2.bias,[64],float32,float32,0.09966670734786177,0.08681174972108706,0.18560073953602757,1.862214017848854,0.04870406910777092,0.018822040022769215,-0.9811274082104604
83,4,mlp_layers.3.conv2.weight,"[64, 64, 1]",float32,float32,0.06177157204411254,0.022518415529515695,0.07551232010335676,1.222444525929041,0.006198673625476658,0.0008052524453593113,-0.4957966901527389
83,4,p.bias,[64],float32,float32,0.08469110279230056,0.0029612806838019813,0.08656985882054906,1.0221836292869633,0.03328946325927973,0.008325327269176341,-0.6239946380586155
83,4,p.weight,"[64, 2]",float32,float32,0.07290180739676795,0.0035443411329064618,0.07116508365091367,0.9761772196345948,0.02164900244679302,0.004796488886313455,0.5084714756530843
83,4,q.conv0.bias,[128],float32,float32,0.09996847971618007,0.08198596305743489,0.18173361259397666,1.817909136059041,0.042374387383461,0.013084025693359536,-0.9951004648500389
83,4,q.conv0.weight,"[128, 64, 1]",float32,float32,0.16701927069353767,0.08476778299994601,0.24813261836474934,1.4856526275943684,0.01646815985441208,0.0017198869033264313,-0.935480186401231
83,4,q.conv2.bias,[1],float32,float32,0.2971019744873047,0.25135838985443115,0.5484603643417358,1.8460340604877798,0.5484603643417358,0.5484603643417358,-1.0
83,4,q.conv2.weight,"[1, 128, 1]",float32,float32,0.3714864919868064,0.2232666374226678,0.5898024062386166,1.5876819721874673,0.17190756648778915,0.04042053286036662,-0.9646469233043756
83,4,w_layers.0.bias,[64],float32,float32,0.039309920659397375,0.004060635901144874,0.04133047616197995,1.0514006507438611,0.013324046798516065,0.0037253024782373245,-0.4587352111207307
83,4,w_layers.0.weight,"[64, 64, 1]",float32,float32,0.17852498021925686,0.01905032671196454,0.18396457540179104,1.0304696585085935,0.01632555569813121,0.0017027738545475658,-0.2365334892749011
83,4,w_layers.1.bias,[64],float32,float32,0.03133307916981927,0.009405455349953663,0.036448650431457175,1.1632642369398964,0.011849399539642036,0.0034549178381979573,-0.43820500942638246
83,4,w_layers.1.weight,"[64, 64, 1]",float32,float32,0.08208840786352366,0.017149619622066094,0.08761985075700104,1.0673839709825255,0.008995215117465705,0.0007717163841883673,-0.22894905882510747
83,4,w_layers.2.bias,[64],float32,float32,0.05153362070052378,0.02941129121012983,0.07626808098625446,1.47996744551425,0.03821114730089903,0.006895384336985444,-0.757447719827252
83,4,w_layers.2.weight,"[64, 64, 1]",float32,float32,0.08790410166916464,0.021858653702885943,0.09895825030165106,1.1257523644811223,0.022424371214583516,0.0008384638139953826,-0.41317515762039975
83,4,w_layers.3.bias,[64],float32,float32,0.09966795134442906,0.08680937215329529,0.18560073956155765,1.8621907750482904,0.04870406910777092,0.018822040070347157,-0.9811515591498297
83,4,w_layers.3.weight,"[64, 64, 1]",float32,float32,0.11419928915138326,0.04273307869415508,0.14508697870898135,1.2704718198083806,0.018992064520716667,0.0013839070345666865,-0.633455660455599
84,4,conv_layers.0.weights1,"[64, 64, 16]",complex64,complex64,0.05679203580224828,0.012737544748668693,0.056627444160338394,0.9971018534626405,0.0034678877200349234,3.2475339689153464e-05,0.12504504500151906
84,4,conv_layers.1.weights1,"[64, 64, 16]",complex64,complex64,0.029961256905006645,0.007811477556612788,0.030197101505845016,1.007871652433879,0.0019008376693818718,2.0726571288105063e-05,0.10004875288478249
84,4,conv_layers.2.weights1,"[64, 64, 16]",complex64,complex64,0.01858259057454683,0.0071936297121750516,0.01932886845363806,1.0401600560534026,0.0015447174046130385,1.6929417070136192e-05,0.08773368751734853
84,4,conv_layers.3.weights1,"[64, 64, 16]",complex64,complex64,0.013731384498077004,0.0055308939029177565,0.014348215105523851,1.0449212246247441,0.0014416261983569711,1.2699174199054624e-05,0.0873665875544891
84,4,mlp_layers.0.conv0.bias,[64],float32,float32,0.01119421547923323,0.001282174672550878,0.010708234633862192,0.9565864310658843,0.005747172006522305,0.0007829446355493985,0.4280706072652938
84,4,mlp_layers.0.conv0.weight,"[64, 64, 1]",float32,float32,0.03961407322719893,0.0062202585215036955,0.038436115238729994,0.9702641538093549,0.004412375667016022,0.0003445830541668263,0.26506955385739694
84,4,mlp_layers.0.conv2.bias,[64],float32,float32,0.016603459755583878,0.001933821755460361,0.015646413335247317,0.9423586147450566,0.005509416980203241,0.001374346792339054,0.5388711575080685
84,4,mlp_layers.0.conv2.weight,"[64, 64, 1]",float32,float32,0.049872287590852236,0.006964076549221724,0.04955225800522986,0.9935830177222295,0.005377173554734327,0.00040548848996094927,0.11562600302213677
84,4,mlp_layers.1.conv0.bias,[64],float32,float32,0.00708641191423007,0.0009735427852294691,0.006923971636449008,0.9770772176741703,0.0028045611288689543,0.0005669693478580484,0.23363321536514114
84,4,mlp_layers.1.conv0.weight,"[64, 64, 1]",float32,float32,0.031246574691121666,0.0034039351872553795,0.030930846974768743,0.9898956055352002,0.002489637929102173,0.0003043387464039052,0.14675406226923637
84,4,mlp_layers.1.conv2.bias,[64],float32,float32,0.010844709429591814,0.0029299975763937233,0.01003534895876131,0.9253681736624484,0.0037583900266326964,0.0008764929307218949,0.40101340465100066
84,4,mlp_layers.1.conv2.weight,"[64, 64, 1]",float32,float32,0.05247834151923624,0.0036084996025019913,0.05166408971706683,0.9844840408710146,0.00957812318665674,0.0003468974924409479,0.25827857190219183
84,4,mlp_layers.2.conv0.bias,[64],float32,float32,0.007494029941792112,0.0016116097687077135,0.007273571692938358,0.9705821499825721,0.0045811621530447155,0.0005238374740805796,0.24230796818860925
84,4,mlp_layers.2.conv0.weight,"[64, 64, 1]",float32,float32,0.03584666771972294,0.0049847514800914995,0.03491331072390828,0.9739625171546663,0.005023662932217121,0.00032023171504593634,0.25433357092732983
84,4,mlp_layers.2.conv2.bias,[64],float32,float32,0.014427541551227836,0.004091325824369257,0.015768449946259956,1.0929408791006396,0.007293028756976128,0.0013562539919149685,-0.20118590075459258
84,4,mlp_layers.2.conv2.weight,"[64, 64, 1]",float32,float32,0.06390415388884045,0.007415023930691423,0.06074259878717397,0.9505266104114933,0.02135521173477173,0.00037249011491677364,0.47384126813077826
84,4,mlp_layers.3.conv0.bias,[64],float32,float32,0.008008234030469248,0.003196177360728122,0.009406123076835906,1.1745564678864346,0.004682418184529524,0.000784476677537782,-0.2759793498183967
84,4,mlp_layers.3.conv0.weight,"[64, 64, 1]",float32,float32,0.02523876905622889,0.005082642238478032,0.02274393057811959,0.9011505484855024,0.0017140620402642526,0.00025199049980605126,0.5672854424034826
84,4,mlp_layers.3.conv2.bias,[64],float32,float32,0.018234879321194823,0.011785560440460106,0.029649016655454604,1.625950801933351,0.00789796281605959,0.003015239637406353,-0.9484370364065262
84,4,mlp_layers.3.conv2.weight,"[64, 64, 1]",float32,float32,0.04683461813509464,0.0071281610146187975,0.04159361147336708,0.888095454379283,0.005116717016790062,0.0004000345348909168,0.7702138468286508
84,4,p.bias,[64],float32,float32,0.03579903211029984,0.001312922675564079,0.03497561876464986,0.9769990053610115,0.013694205597857945,0.003372008000042115,0.6382853252859424
84,4,p.weight,"[64, 2]",float32,float32,0.04041080281471195,0.004914452917234685,0.03694161782731763,0.9141520399062368,0.01137815066613257,0.002601907512513435,0.7364202931135635
84,4,q.conv0.bias,[128],float32,float32,0.019133611789050025,0.011180219566954556,0.029437350809713745,1.538515108086412,0.007174571044743061,0.0020407018570942626,-0.8775915223132755
84,4,q.conv0.weight,"[128, 64, 1]",float32,float32,0.06735922625585941,0.008727397158983841,0.06778670827719877,1.0063463024310224,0.0047263553733500885,0.00047068650255622374,0.015645449993784453
84,4,q.conv2.bias,[1],float32,float32,0.04696785286068916,0.03561708331108093,0.0825849361717701,1.7583289663405388,0.0825849361717701,0.0825849361717701,-1.0
84,4,q.conv2.weight,"[1, 128, 1]",float32,float32,0.1309858377720243,0.020176584761326118,0.13979842593826336,1.06727893882373,0.0383513243868947,0.009468627077325209,-0.37444765652990003
84,4,w_layers.0.bias,[64],float32,float32,0.016604954205098183,0.001939739815410406,0.015646390141469898,0.942272405464751,0.0055095028365030885,0.0013743481697403581,0.5383162649572314
84,4,w_layers.0.weight,"[64, 64, 1]",float32,float32,0.08001161932125685,0.013522672035481317,0.07320800841984428,0.9149672140230632,0.007220037921797484,0.000661799602979074,0.566239537120432
84,4,w_layers.1.bias,[64],float32,float32,0.01084275094683314,0.0029507465660536737,0.010035347889731738,0.925535220622473,0.0037583747107419185,0.0008764929354398987,0.3995089428048314
84,4,w_layers.1.weight,"[64, 64, 1]",float32,float32,0.03861613645180274,0.011604371275244225,0.0368504009255123,0.9542746714577653,0.004967611821484752,0.0003109266792785531,0.2989353069214777
84,4,w_layers.2.bias,[64],float32,float32,0.014428760792271015,0.004093178694548872,0.01576845029842801,1.092848549188966,0.007293028524145484,0.0013562537671560904,-0.20065168590414653
84,4,w_layers.2.weight,"[64, 64, 1]",float32,float32,0.04007507046327766,0.009655450334916122,0.03867298792560662,0.9650135976939623,0.005960426526144147,0.00032831751761200345,0.2631383386241394
84,4,w_layers.3.bias,[64],float32,float32,0.018236807682172656,0.011783978434795665,0.029649017016750684,1.6257788936236908,0.007897963048890233,0.003015239729819541,-0.9483872330230892
84,4,w_layers.3.weight,"[64, 64, 1]",float32,float32,0.05552624432068452,0.012664779157780125,0.05080550786654127,0.9149818880801796,0.005666019091222552,0.0004850599354115255,0.4709433968333587
85,4,conv_layers.0.weights1,"[64, 64, 16]",complex64,complex64,0.3798495912240045,0.014185147676835872,0.3784294378889864,0.9962612745470072,0.02166985033545643,0.00016963975188071434,0.11860041930834854
85,4,conv_layers.1.weights1,"[64, 64, 16]",complex64,complex64,0.1070465191168301,0.009776433600632376,0.10507747501170138,0.981605715707769,0.00812007407512283,6.262008705830527e-05,0.24521924428661576
85,4,conv_layers.2.weights1,"[64, 64, 16]",complex64,complex64,0.05610012306804465,0.009574055527729858,0.05530098932637888,0.9857552230198053,0.004934900876833126,4.405351383885911e-05,0.16820425593444213
85,4,conv_layers.3.weights1,"[64, 64, 16]",complex64,complex64,0.05520388604802502,0.010270855470365157,0.05205170107999084,0.9428992197163092,0.006114416406489909,3.392847612543689e-05,0.3911700679185705
85,4,mlp_layers.0.conv0.bias,[64],float32,float32,0.07232306626369546,0.0017128855073378644,0.07184393682933561,0.9933751504310823,0.03211799912969582,0.006386093156777406,0.2906359920003813
85,4,mlp_layers.0.conv0.weight,"[64, 64, 1]",float32,float32,0.1790191995040492,0.00629025934529003,0.17914686297477994,1.0007131272572127,0.024815812530505355,0.0016140149846496157,-0.002733986641011897
85,4,mlp_layers.0.conv2.bias,[64],float32,float32,0.1260690036675787,0.004303828157690275,0.12391981167066622,0.9829522568245284,0.037076749256812036,0.011503851828138068,0.512180311320289
85,4,mlp_layers.0.conv2.weight,"[64, 64, 1]",float32,float32,0.20842025363271136,0.0068689021964199555,0.2068231092583093,0.9923369041800677,0.025160730081552174,0.0016903905565773883,0.24810572748298365
85,4,mlp_layers.1.conv0.bias,[64],float32,float32,0.04296225970275945,0.0038294872568539937,0.04102997987829492,0.9550237851120196,0.015557172300759703,0.0039068556984602765,0.5378002599543592
85,4,mlp_layers.1.conv0.weight,"[64, 64, 1]",float32,float32,0.06770687796449575,0.004418899897254539,0.06820406968189971,1.0073432970526965,0.0067566912330221385,0.0007129732621365022,-0.08029535520740418
85,4,mlp_layers.1.conv2.bias,[64],float32,float32,0.09346281193902087,0.009846161525818855,0.0891039219171912,0.9533623060188517,0.02683191152755171,0.008529295227162947,0.48505040293592544
85,4,mlp_layers.1.conv2.weight,"[64, 64, 1]",float32,float32,0.15279486686863003,0.00514444805753438,0.15292706122366714,1.00086517536712,0.022630930252489634,0.0011571939625612884,-0.008873132418646101
85,4,mlp_layers.2.conv0.bias,[64],float32,float32,0.0467310045661857,0.009160327156421932,0.04124852779243234,0.8826801001894051,0.02360572316683829,0.0037520682270155703,0.6614054122896741
85,4,mlp_layers.2.conv0.weight,"[64, 64, 1]",float32,float32,0.07352510543213964,0.005954814805629611,0.07416083636907714,1.0086464471312353,0.012488579755881801,0.0006951830157633232,-0.06672557627333632
85,4,mlp_layers.2.conv2.bias,[64],float32,float32,0.14017360471420542,0.029236737463172163,0.11956850487780375,0.8530029966881952,0.05051177367568016,0.010371826236134751,0.7572556638194439
85,4,mlp_layers.2.conv2.weight,"[64, 64, 1]",float32,float32,0.1312236315136752,0.009343432933497028,0.13222477407781108,1.0076292856140896,0.0425735879689455,0.0009439583370619703,-0.07195688225523002
85,4,mlp_layers.3.conv0.bias,[64],float32,float32,0.07525741916303687,0.022233736864855174,0.05688945667256711,0.7559315387805473,0.020963373593986034,0.005494285710938129,0.873031983279186
85,4,mlp_layers.3.conv0.weight,"[64, 64, 1]",float32,float32,0.038239383050747554,0.006278622345675748,0.041027786904351646,1.0729196872738138,0.004111663103685714,0.0004131129087084351,-0.3782067053833047
85,4,mlp_layers.3.conv2.bias,[64],float32,float32,0.2750347657696266,0.08619018022276051,0.19140211100007046,0.6959196975134112,0.049474192783236504,0.019099656854223213,0.9794879042278698
85,4,mlp_layers.3.conv2.weight,"[64, 64, 1]",float32,float32,0.11236447066671945,0.022012457237475993,0.10062475148833482,0.8955210743331365,0.011835829296614975,0.0009948422415406166,0.6034123230199792
85,4,p.bias,[64],float32,float32,0.30067070322765765,0.002955906287410391,0.2986943786992485,0.9934269467986285,0.11512636835686862,0.02841681992296685,0.6713200323831255
85,4,p.weight,"[64, 2]",float32,float32,0.20655824792707214,0.00438030514221188,0.2082838917000724,1.0083542719320968,0.05794018556480296,0.014250031645900663,-0.3849976801777711
85,4,q.conv0.bias,[128],float32,float32,0.2725316793492411,0.08178175535281597,0.19095247445181587,0.7006615704558737,0.046169213950634,0.013713230794650144,0.9982655783067458
85,4,q.conv0.weight,"[128, 64, 1]",float32,float32,0.35929868604360066,0.08044723414328579,0.2842066530567288,0.7910038753168179,0.019144936930388212,0.0019930334916115205,0.9478406391203904
85,4,q.conv2.bias,[1],float32,float32,0.8309292197227478,0.25207459926605225,0.5788546204566956,0.696635293015498,0.5788546204566956,0.5788546204566956,1.0
85,4,q.conv2.weight,"[1, 128, 1]",float32,float32,0.8468883766263561,0.21446523802692524,0.6386835548411085,0.7541531711479531,0.18556858971714973,0.04322297017336041,0.9780935432578041
85,4,w_layers.0.bias,[64],float32,float32,0.12606562053809012,0.0043004003693322594,0.12391982159322382,0.9829787142941325,0.03707679873332381,0.011503836820537572,0.5117861379323193
85,4,w_layers.0.weight,"[64, 64, 1]",float32,float32,0.5316380117069458,0.01964951198835371,0.5262001677707729,0.9897715290922984,0.04122570768231526,0.00501277216886617,0.2938067707938203
85,4,w_layers.1.bias,[64],float32,float32,0.0934786279790218,0.009868840677479002,0.08910392956622001,0.9532010844897773,0.02683191152755171,0.008529294505478902,0.4856979346748909
85,4,w_layers.1.weight,"[64, 64, 1]",float32,float32,0.21937483711447484,0.019235996488122145,0.2163555376909422,0.9862368015254316,0.020924955402733758,0.0019460185091790816,0.19972352286656214
85,4,w_layers.2.bias,[64],float32,float32,0.14017933564732096,0.029240099216404778,0.11956850435990211,0.8529681197856872,0.05051176808774471,0.01037182660301994,0.7573576336253647
85,4,w_layers.2.weight,"[64, 64, 1]",float32,float32,0.2027422192984258,0.023097057603092015,0.1958006692707334,0.9657616945710019,0.04288611561059952,0.0014946437398448281,0.3523549594515803
85,4,w_layers.3.bias,[64],float32,float32,0.27503395580103407,0.08618785635869806,0.19140211201073667,0.6959217506554042,0.049474190920591354,0.019099656944717935,0.9794993432187674
85,4,w_layers.3.weight,"[64, 64, 1]",float32,float32,0.2351570752298378,0.04171032956039049,0.2105727523926896,0.8954557381991591,0.02696194965392351,0.0018476635729813146,0.6472826946385067
86,4,conv_layers.0.weights1,"[64, 64, 16]",complex64,complex64,0.06447024772820721,0.01575579256363395,0.06532334506707148,1.013232419122395,0.003883389592374442,3.788114028866376e-05,0.06769106058231873
86,4,conv_layers.1.weights1,"[64, 64, 16]",complex64,complex64,0.028899083217628713,0.010009766225055462,0.031881055223963194,1.10318569568032,0.0018972541838593315,2.2443011558744672e-05,-0.14009125062816202
86,4,conv_layers.2.weights1,"[64, 64, 16]",complex64,complex64,0.01773412470464837,0.00906677223340823,0.02069055315050662,1.1667084502390652,0.0016735891840653494,1.941686572468507e-05,-0.09762175523474757
86,4,conv_layers.3.weights1,"[64, 64, 16]",complex64,complex64,0.013952421489370299,0.00805749672706978,0.017611366096735245,1.26224441471701,0.0019963564118370414,1.5426015250045968e-05,-0.224898512159306
86,4,mlp_layers.0.conv0.bias,[64],float32,float32,0.012623314864573945,0.0013796398663358763,0.012505873767307966,0.9906964930744486,0.006772303706384264,0.0009365496642601556,0.13937497765117676
86,4,mlp_layers.0.conv0.weight,"[64, 64, 1]",float32,float32,0.04154518497235437,0.006176982373716463,0.0404675851078748,0.9740619793798814,0.0049847650225274265,0.00036858407560053097,0.24653213000491989
86,4,mlp_layers.0.conv2.bias,[64],float32,float32,0.018977623145694456,0.003016683012427893,0.019901775786559623,1.048696964512905,0.006808391062804731,0.001769233387463487,-0.2343263721603662
86,4,mlp_layers.0.conv2.weight,"[64, 64, 1]",float32,float32,0.052157958065867094,0.006446039728513404,0.05197844279278323,0.9965582380955718,0.00641921155329328,0.0004280311833786167,0.08959444378165418
86,4,mlp_layers.1.conv0.bias,[64],float32,float32,0.00772122373762644,0.0026074002687845044,0.008878841985992177,1.149926784626707,0.0037806513137184083,0.000738375478732678,-0.3084096199667451
86,4,mlp_layers.1.conv0.weight,"[64, 64, 1]",float32,float32,0.028615773396690972,0.004116071590491255,0.028528142323658898,0.9969376653981259,0.002342728213989176,0.0002894001491868352,0.09317700795800817
86,4,mlp_layers.1.conv2.bias,[64],float32,float32,0.013542410190083946,0.006496757323972702,0.015516082579007582,1.1457401128174955,0.0055442844750359654,0.0013940157823526533,-0.08606380681370117
86,4,mlp_layers.1.conv2.weight,"[64, 64, 1]",float32,float32,0.05263324360131757,0.004706902090326603,0.05267286674570146,1.0007528159329115,0.01006884926755447,0.0003769366618485894,0.036292892952657786
86,4,mlp_layers.2.conv0.bias,[64],float32,float32,0.007760270500150332,0.0059539331838271295,0.011092870448408563,1.429443786552759,0.0059664377477020025,0.0010106069144981689,-0.2963009473345961
86,4,mlp_layers.2.conv0.weight,"[64, 64, 1]",float32,float32,0.033362159278551864,0.005377527709210961,0.03306565814614004,0.9911126516141766,0.004524169868091121,0.0003082791655415508,0.13548528116808756
86,4,mlp_layers.2.conv2.bias,[64],float32,float32,0.02054859554706142,0.018154056205253226,0.03446285312501375,1.6771391040368284,0.01762083638459444,0.0029498757755703764,-0.5842179001868413
86,4,mlp_layers.2.conv2.weight,"[64, 64, 1]",float32,float32,0.06193923927302633,0.007451391974363987,0.060760804446757966,0.9809743413044861,0.02071827632607892,0.00038155745476185776,0.2167959911893192
86,4,mlp_layers.3.conv0.bias,[64],float32,float32,0.009297851419668431,0.013932917690399263,0.021560191209008803,2.318835850979608,0.007730704266577959,0.0021269710951514753,-0.711196510099846
86,4,mlp_layers.3.conv0.weight,"[64, 64, 1]",float32,float32,0.020599233544088245,0.005497900877311589,0.019115976584487694,0.927994555893259,0.001500577520346269,0.00020492727126357468,0.39352217882635526
86,4,mlp_layers.3.conv2.bias,[64],float32,float32,0.030435990301776513,0.05392744816675471,0.08380288087183009,2.7534139694787134,0.021939769387245178,0.008517396473394001,-0.9712834701038442
86,4,mlp_layers.3.conv2.weight,"[64, 64, 1]",float32,float32,0.039578033831646375,0.013802784475724117,0.04237609384488519,1.070697297019376,0.0040483156917616725,0.00044095712549867966,-0.03550853603466516
86,4,p.bias,[64],float32,float32,0.043059953794509095,0.0019512698811155486,0.04425408206428783,1.0277317591996815,0.0171126154018566,0.004264085223184111,-0.5978029177787535
86,4,p.weight,"[64, 2]",float32,float32,0.0488003654757066,0.004876097205584444,0.04786074045493236,0.9807455331201977,0.012802873738110065,0.0034776111593650683,0.24080469154457892
86,4,q.conv0.bias,[128],float32,float32,0.03132104198076263,0.051371914763267454,0.08194387169621661,2.6162562454514284,0.01915402663871646,0.005859226918843774,-0.9616764114317387
86,4,q.conv0.weight,"[128, 64, 1]",float32,float32,0.08505598423905783,0.04729996635573406,0.1269637167437328,1.4927076310925913,0.0088475258089602,0.000880314978496952,-0.826216526941487
86,4,q.conv2.bias,[1],float32,float32,0.08445251733064651,0.15926112234592438,0.2437136396765709,2.8858066920893424,0.2437136396765709,0.2437136396765709,-1.0
86,4,q.conv2.weight,"[1, 128, 1]",float32,float32,0.17141765401043738,0.1284154078057441,0.2905270650391523,1.6948491490932582,0.0818818137049675,0.019955752543012295,-0.8752107320301783
86,4,w_layers.0.bias,[64],float32,float32,0.018978582089119424,0.003012926799234783,0.01990175287995789,1.048642769333528,0.0068084798331256025,0.0017692320400826134,-0.23447845289200817
86,4,w_layers.0.weight,"[64, 64, 1]",float32,float32,0.0924062043361773,0.013899848884120795,0.09397124621631521,1.0169365454558033,0.008757786839851178,0.0008585639557049662,-0.038337060835856404
86,4,w_layers.1.bias,[64],float32,float32,0.013543616843073245,0.006519704989279051,0.015516079922091496,1.1456378382431167,0.005544284940697253,0.0013940157642196027,-0.08387633638665186
86,4,w_layers.1.weight,"[64, 64, 1]",float32,float32,0.045530858364699174,0.013287491561826088,0.0466271661507261,1.0240783465412748,0.006092178002290893,0.0004141963298798512,0.0624173625119128
86,4,w_layers.2.bias,[64],float32,float32,0.020548328733803092,0.018156889266772096,0.03446285401378375,1.6771609243865429,0.017620837315917015,0.0029498753850050186,-0.5840112427443233
86,4,w_layers.2.weight,"[64, 64, 1]",float32,float32,0.05832069144668632,0.01437546182873698,0.06225772618630654,1.0675066540186555,0.013522327179089189,0.0005056997746881939,-0.15987101222819058
86,4,w_layers.3.bias,[64],float32,float32,0.030437786885910086,0.05392518196205502,0.083802880533285,2.753251438660873,0.021939769387245178,0.008517396516253939,-0.9713080787431952
86,4,w_layers.3.weight,"[64, 64, 1]",float32,float32,0.07227787466756437,0.025052161350307623,0.08303457665789803,1.14882427077177,0.00998523854650557,0.0007935530636220545,-0.28801822110113434
87,4,conv_layers.0.weights1,"[64, 64, 16]",complex64,complex64,0.4034961898647736,0.025455694686104393,0.40532646249737964,1.0045360344870158,0.02506045449990779,0.00018641660431448882,-0.04051948308042504
87,4,conv_layers.1.weights1,"[64, 64, 16]",complex64,complex64,0.11042476758838692,0.013770645602085919,0.11242086334380287,1.018076522133662,0.008395855373237282,7.423241324610678e-05,-0.08391001059900112
87,4,conv_layers.2.weights1,"[64, 64, 16]",complex64,complex64,0.062901804671451,0.011118200085921114,0.06456606258231282,1.0264580312052187,0.0051124231176800095,5.857501042670251e-05,-0.06329049787399203
87,4,conv_layers.3.weights1,"[64, 64, 16]",complex64,complex64,0.053868676467132316,0.008049796333977418,0.05566629797870998,1.0333704414043747,0.0060553744551725686,4.361396409827292e-05,-0.15232183463922602
87,4,mlp_layers.0.conv0.bias,[64],float32,float32,0.0720377491517178,0.0011082946359259249,0.07194714071046598,0.9987422088791116,0.031042389979120344,0.006481548442067719,0.08939587370464218
87,4,mlp_layers.0.conv0.weight,"[64, 64, 1]",float32,float32,0.18242987699583263,0.008259722575909683,0.18246899725654167,1.0002144399884123,0.024579642078606412,0.001643651930833219,0.017901299333868494
87,4,mlp_layers.0.conv2.bias,[64],float32,float32,0.1208450740364312,0.002542324779179317,0.1206591011624839,0.9984610636765282,0.037688473414164037,0.01128984468200045,0.08361336983521675
87,4,mlp_layers.0.conv2.weight,"[64, 64, 1]",float32,float32,0.19948387460716743,0.006724270765305278,0.19994078279764588,1.0022904517539486,0.024884803769964492,0.0016833687732735608,-0.05117275234970109
87,4,mlp_layers.1.conv0.bias,[64],float32,float32,0.04089398452335698,0.001894656975662533,0.04154873336261833,1.0160108839207729,0.01662792682327563,0.003996720727272418,-0.32517747343935277
87,4,mlp_layers.1.conv0.weight,"[64, 64, 1]",float32,float32,0.07363142865644959,0.005418651420012655,0.07387508198762748,1.0033090941683982,0.007316286661080085,0.0007787786518628284,-0.008244297035077518
87,4,mlp_layers.1.conv2.bias,[64],float32,float32,0.08390889270135085,0.004725068389195472,0.0852555518666875,1.0160490637164012,0.02659966010833159,0.008459536693514735,-0.25913417683447765
87,4,mlp_layers.1.conv2.weight,"[64, 64, 1]",float32,float32,0.15708352134527753,0.00588356600620124,0.15714289455425887,1.000377972230778,0.025388884241692722,0.0011726722049154176,0.00863423703662791
87,4,mlp_layers.2.conv0.bias,[64],float32,float32,0.04261188608965686,0.0038357340669072596,0.04468754200568863,1.048710726196548,0.025546347605995834,0.004117643532481452,-0.509308336532322
87,4,mlp_layers.2.conv0.weight,"[64, 64, 1]",float32,float32,0.10026398686134175,0.006247277858190661,0.09996311668984179,0.99699921995007,0.015755446038383525,0.0009465171461094275,0.07924209061347176
87,4,mlp_layers.2.conv2.bias,[64],float32,float32,0.12233179019571169,0.011621442251914419,0.13102146512439602,1.0710336611177047,0.062120063696056604,0.011723516757342622,-0.7267849933727529
87,4,mlp_layers.2.conv2.weight,"[64, 64, 1]",float32,float32,0.18714367335390106,0.008352851389693008,0.18543363576557187,0.9908624344190605,0.06260558916255832,0.0012450866517926887,0.22610634756904632
87,4,mlp_layers.3.conv0.bias,[64],float32,float32,0.06551255167027692,0.009050319298811754,0.07321513403307917,1.117574146730983,0.026146910386160016,0.007219582202822039,-0.8320436153592347
87,4,mlp_layers.3.conv0.weight,"[64, 64, 1]",float32,float32,0.050971916988077924,0.005575488460930605,0.04844224017440752,0.9503711658664499,0.004960045960615389,0.0004634722828013582,0.4971470564289413
87,4,mlp_layers.3.conv2.bias,[64],float32,float32,0.23442469653857814,0.035121671176522685,0.26884631690024957,1.1468344456447097,0.06952425744384527,0.027255317817605373,-0.9771113496393041
87,4,mlp_layers.3.conv2.weight,"[64, 64, 1]",float32,float32,0.1223839829123899,0.009863623507252348,0.12292232597110674,1.0043988032249467,0.013741745904553682,0.0012420943459890074,-0.014400817408259445
87,4,p.bias,[64],float32,float32,0.3062659569235437,0.001534865860755084,0.3059101985615089,0.9988384005665912,0.11921681053354405,0.028601026896780013,0.2341558126504377
87,4,p.weight,"[64, 2]",float32,float32,0.22358290843382508,0.005847703495287281,0.22261848479639743,0.9956865055375504,0.06053104064267245,0.01495895902372979,0.1776450459977783
87,4,q.conv0.bias,[128],float32,float32,0.2346421096454803,0.03362756221519703,0.26817066033984804,1.1428922998733086,0.0629464196972549,0.019385976359004076,-0.9966342967744907
87,4,q.conv0.weight,"[128, 64, 1]",float32,float32,0.32387644029953416,0.030883642113924283,0.351583727422617,1.0855489429779395,0.024529781425371766,0.0024318438657315276,-0.8878479250943859
87,4,q.conv2.bias,[1],float32,float32,0.7162594795227051,0.1046082079410553,0.8208676874637604,1.1460479210840786,0.8208676874637604,0.8208676874637604,-1.0
87,4,q.conv2.weight,"[1, 128, 1]",float32,float32,0.7411854064565728,0.08311060017733396,0.8211150984117123,1.1078403477171304,0.22807558998465538,0.056081376842712416,-0.9575172825667112
87,4,w_layers.0.bias,[64],float32,float32,0.12084835881043744,0.0025474050107648443,0.12065909462646235,0.9984338704651176,0.037688422307837754,0.01128985784944092,0.0847783526864995
87,4,w_layers.0.weight,"[64, 64, 1]",float32,float32,0.5197556271707077,0.01702732479451743,0.5170957289268352,0.994882406067729,0.04127340989361983,0.004963836079390736,0.17219392104128392
87,4,w_layers.1.bias,[64],float32,float32,0.0838936695179182,0.004741731077570719,0.08525554199594051,1.016233316361629,0.026599659700877964,0.008459537291315655,-0.2612808003032514
87,4,w_layers.1.weight,"[64, 64, 1]",float32,float32,0.1990455619878222,0.014845129403682279,0.20090786103129835,1.0093561445172543,0.021672851871699095,0.0018461904682152766,-0.08874456326250588
87,4,w_layers.2.bias,[64],float32,float32,0.12232748870573561,0.011623950752887531,0.13102146329350184,1.0710713076819551,0.062120065093040466,0.011723516275111479,-0.7270030884661849
87,4,w_layers.2.weight,"[64, 64, 1]",float32,float32,0.195211822554832,0.013202679962867466,0.20053860049274094,1.027287168718548,0.044116207398474216,0.0015728893279300833,-0.37515024343530096
87,4,w_layers.3.bias,[64],float32,float32,0.23442530442592238,0.03511929460065848,0.2688463167114308,1.1468314709873197,0.0695242565125227,0.02725531780890833,-0.9771677611971766
87,4,w_layers.3.weight,"[64, 64, 1]",float32,float32,0.24043110660162686,0.016760536342804312,0.2488876312446003,1.0351723400624078,0.02969539980404079,0.0021738722956491235,-0.4785676866497142
88,5,conv_layers.0.weights1,"[64, 64, 16]",complex64,complex64,0.025205364640554527,0.020620937897220765,0.03172255062011068,1.2585634476031438,0.0017289958195760846,2.579162639625911e-05,0.05215238781439162
88,5,conv_layers.1.weights1,"[64, 64, 16]",complex64,complex64,0.021870828778543832,0.013491888876285928,0.023320709027053847,1.0662928809507395,0.0011595674004638568,2.1462894353450404e-05,0.19741972438745428
88,5,conv_layers.2.weights1,"[64, 64, 16]",complex64,complex64,0.019194778063713128,0.011765392766285824,0.021398572483026148,1.1148121854807582,0.001192816300317645,2.188223981346786e-05,0.10840937418763179
88,5,conv_layers.3.weights1,"[64, 64, 16]",complex64,complex64,0.014844722392773922,0.009601279916051609,0.0174458944208909,1.1752253736575882,0.0009854949312284589,1.715743668943276e-05,0.02873508205158972
88,5,mlp_layers.0.conv0.bias,[64],float32,float32,0.002160845393558784,0.001980326606882494,0.003497580276558679,1.61861662430109,0.001337903377134353,0.00032162397408441734,-0.4255630546403642
88,5,mlp_layers.0.conv0.weight,"[64, 64, 1]",float32,float32,0.008780976019317155,0.008196278225871163,0.012566687910568081,1.4311265493633951,0.001257315365364775,0.00014468577699548388,-0.09474001554310552
88,5,mlp_layers.0.conv2.bias,[64],float32,float32,0.005981141015386669,0.0036929458151661095,0.008497247879740297,1.4206733895557497,0.004400474135763943,0.0007624131519392563,-0.5159202793882064
88,5,mlp_layers.0.conv2.weight,"[64, 64, 1]",float32,float32,0.01349410869829505,0.007727435157264993,0.017301662609960546,1.2821641648808249,0.0026003150269389153,0.0001677419844846803,-0.2759213051550031
88,5,mlp_layers.1.conv0.bias,[64],float32,float32,0.003035240483244159,0.0024956352982023187,0.0041218474207106535,1.3579969835882972,0.0017673983238637447,0.0003741505337231388,-0.10222942728206362
88,5,mlp_layers.1.conv0.weight,"[64, 64, 1]",float32,float32,0.013991876800375258,0.004835868331444547,0.014366940998026757,1.0268058533535287,0.001575504444190301,0.0001589490558778564,0.0942115264784377
88,5,mlp_layers.1.conv2.bias,[64],float32,float32,0.008089724970186578,0.0060264154426947405,0.012368237825283514,1.528882362609944,0.00574133638292551,0.0011026160079978808,-0.525228996141565
88,5,mlp_layers.1.conv2.weight,"[64, 64, 1]",float32,float32,0.023393129723000183,0.005366369507719607,0.024110805182603435,1.030678898809236,0.0037362435687100515,0.00022880773224612239,-0.02108749328602307
88,5,mlp_layers.2.conv0.bias,[64],float32,float32,0.006482146300238014,0.005192923183168928,0.009824822698027537,1.515674321893473,0.006483889184892178,0.0008193624531216415,-0.409111935467158
88,5,mlp_layers.2.conv0.weight,"[64, 64, 1]",float32,float32,0.020583798949021702,0.006085533223814361,0.02194988045223959,1.0663668308557208,0.002067784807877615,0.0002429703026322269,-0.08410580967010585
88,5,mlp_layers.2.conv2.bias,[64],float32,float32,0.015136998484505795,0.016760175925953698,0.02949559221089962,1.9485760166449946,0.014664710965007544,0.0023675922026313856,-0.7094195949174469
88,5,mlp_layers.2.conv2.weight,"[64, 64, 1]",float32,float32,0.03947574582178837,0.010961207034530678,0.045542023993562844,1.1536710211672867,0.008020513108931482,0.0004082781977341743,-0.45712007755657774
88,5,mlp_layers.3.conv0.bias,[64],float32,float32,0.006468609832342467,0.011564191240156558,0.01729562524371609,2.673777781006287,0.00774436304345727,0.0016372875457193459,-0.8259238945166297
88,5,mlp_layers.3.conv0.weight,"[64, 64, 1]",float32,float32,0.01342282737593473,0.0068228008065322225,0.018006608419671805,1.34149146937218,0.0013070139684714377,0.0002005766044961832,-0.5323961615769869
88,5,mlp_layers.3.conv2.bias,[64],float32,float32,0.02113673630694754,0.044036426959709135,0.06486791052956864,3.068965311747154,0.017299355939030647,0.006578496935048861,-0.9786764202425744
88,5,mlp_layers.3.conv2.weight,"[64, 64, 1]",float32,float32,0.023060745493499228,0.01924940291738037,0.04064992102064717,1.7627323033466673,0.003274290938861668,0.0004307882047893674,-0.8448627531605738
88,5,p.bias,[64],float32,float32,0.008515321650775277,0.0032762263415290556,0.011243716899063016,1.3204101219170425,0.00401985103962943,0.0010447137899802783,-0.7738300313519035
88,5,p.weight,"[64, 2]",float32,float32,0.009765792498692083,0.006642319622507868,0.012897417986368204,1.3206729497985477,0.0022659283131361008,0.0010286192919544135,-0.20697784985803844
88,5,q.conv0.bias,[128],float32,float32,0.021503031461691788,0.04269559025876886,0.06402427029102381,2.9774532211927753,0.015165381133556366,0.004529731599820508,-0.9878247364094397
88,5,q.conv0.weight,"[128, 64, 1]",float32,float32,0.053931637034392035,0.06065775293334389,0.11242486207135656,2.0845809297363544,0.008194146677851677,0.0007700695292382192,-0.9248971541216561
88,5,q.conv2.bias,[1],float32,float32,0.060065124183893204,0.12838540971279144,0.18845053389668465,3.1374368480406587,0.18845053389668465,0.18845053389668465,-1.0
88,5,q.conv2.weight,"[1, 128, 1]",float32,float32,0.10640192482727953,0.14485558539991883,0.2480172722092017,2.330947232503585,0.07435656525194645,0.01695311104765551,-0.9475190341992611
88,5,w_layers.0.bias,[64],float32,float32,0.0059862991241469024,0.003697960166578655,0.008497229116125429,1.419446128552147,0.004400474717840552,0.0007624086475388481,-0.512538237978682
88,5,w_layers.0.weight,"[64, 64, 1]",float32,float32,0.030181856014017135,0.02031664969980599,0.0393371488398601,1.3033376350874857,0.00445543066598475,0.00038180742132118417,-0.18240599214717043
88,5,w_layers.1.bias,[64],float32,float32,0.00808908953171679,0.006016191741136369,0.012368250328058552,1.5290040096062052,0.0057413356844335794,0.0011026183811821966,-0.5275366458207036
88,5,w_layers.1.weight,"[64, 64, 1]",float32,float32,0.03053544174406795,0.01684752885039296,0.03927396934900889,1.2861765576598725,0.007231884403154254,0.0003537233176714727,-0.31703208018784773
88,5,w_layers.2.bias,[64],float32,float32,0.015139015439743475,0.016756499223956466,0.029495592535695437,1.948316431348803,0.014664710965007544,0.00236759271679432,-0.7096032859929517
88,5,w_layers.2.weight,"[64, 64, 1]",float32,float32,0.0447258511140512,0.018362749400667098,0.05523605199673308,1.2349916350586778,0.010802306467667222,0.0005042707693995938,-0.4343346856330194
88,5,w_layers.3.bias,[64],float32,float32,0.021135324107268885,0.04403918861201863,0.06486791037362959,3.069170363529942,0.017299356404691935,0.006578496847168935,-0.9785818325464202
88,5,w_layers.3.weight,"[64, 64, 1]",float32,float32,0.045613224615306654,0.035598526631261874,0.07553992868042178,1.6560970928390026,0.008491689339280128,0.0007364601467041258,-0.7262324022085191
89,5,conv_layers.0.weights1,"[64, 64, 16]",complex64,complex64,0.5866717020921619,0.027127447431248845,0.597851365588403,1.0190560810353946,0.03376231825677678,0.0002640010710868965,-0.39292318428764633
89,5,conv_layers.1.weights1,"[64, 64, 16]",complex64,complex64,0.16658070519549376,0.015614525000571653,0.17159920593337685,1.0301265427589201,0.012019986228551716,9.867485876675164e-05,-0.2793730936137547
89,5,conv_layers.2.weights1,"[64, 64, 16]",complex64,complex64,0.09315036480303744,0.013817357655486473,0.09671285568587687,1.0382445188526332,0.00964685482904315,7.173387165822054e-05,-0.18859050276503428
89,5,conv_layers.3.weights1,"[64, 64, 16]",complex64,complex64,0.08418855797740964,0.013398685488288325,0.09054770889909877,1.0755346222154736,0.010857763001695275,5.8937966226296044e-05,-0.4129593513940386
89,5,mlp_layers.0.conv0.bias,[64],float32,float32,0.1062573074799302,0.003428208919650855,0.10771330532975734,1.013702566763252,0.049954288522712886,0.00940798927277342,-0.4114891216284385
89,5,mlp_layers.0.conv0.weight,"[64, 64, 1]",float32,float32,0.27659000053278116,0.012154044566466399,0.27987495320763833,1.0118766140082054,0.03795404976699501,0.0025069133781969177,-0.24991025970110323
89,5,mlp_layers.0.conv2.bias,[64],float32,float32,0.17670148016498052,0.005932128232028563,0.17959019913210356,1.016348017936386,0.05443224008195102,0.016710162998123224,-0.47415634707417464
89,5,mlp_layers.0.conv2.weight,"[64, 64, 1]",float32,float32,0.3209210304150791,0.013852380618828371,0.322446315002649,1.0047528346322367,0.04166311310837045,0.002618855369736722,-0.08878936556300804
89,5,mlp_layers.1.conv0.bias,[64],float32,float32,0.05884965095768553,0.004667359792106485,0.06203201996659382,1.0540762597079207,0.024448928772471845,0.005684755871783409,-0.6606155383623561
89,5,mlp_layers.1.conv0.weight,"[64, 64, 1]",float32,float32,0.12393348922505014,0.006882594446950991,0.12537676391824698,1.011645558454148,0.012596950051374733,0.0012553830131091012,-0.18315296244721846
89,5,mlp_layers.1.conv2.bias,[64],float32,float32,0.11798264491652015,0.011097375668378527,0.12484886678015028,1.0581968802995423,0.03727026446722448,0.012054757295089757,-0.5896990612446192
89,5,mlp_layers.1.conv2.weight,"[64, 64, 1]",float32,float32,0.27826377257301443,0.008306786279549642,0.27927966832938156,1.0036508372864117,0.043984200572595,0.001967586139558497,-0.10759422854664832
89,5,mlp_layers.2.conv0.bias,[64],float32,float32,0.06032255104443606,0.010150289032704122,0.06738463790586072,1.1170720856321616,0.04245279496535659,0.005952366370578943,-0.6523454251569705
89,5,mlp_layers.2.conv0.weight,"[64, 64, 1]",float32,float32,0.1514112634835276,0.008380876491986749,0.15365034174143005,1.0147880560956157,0.023255342268384993,0.0014075127499731527,-0.24146472388637763
89,5,mlp_layers.2.conv2.bias,[64],float32,float32,0.1623385784691948,0.03260579196273159,0.18783038790583353,1.1570286599588282,0.08798940759152174,0.016430327642126485,-0.7427771194454603
89,5,mlp_layers.2.conv2.weight,"[64, 64, 1]",float32,float32,0.28586898287201823,0.016568848368765727,0.29317772177812323,1.0255667433125373,0.09732971421908587,0.001892472519410604,-0.4177723923949287
89,5,mlp_layers.3.conv0.bias,[64],float32,float32,0.0819684096668216,0.022988986547351983,0.1028494888665217,1.2547454474788005,0.040944221429526806,0.01007525919895258,-0.8837708345833434
89,5,mlp_layers.3.conv0.weight,"[64, 64, 1]",float32,float32,0.08697626975698097,0.008463105337733189,0.09272362664410842,1.0660795973796766,0.007904490688815713,0.0009578740951003521,-0.65289309487447
89,5,mlp_layers.3.conv2.bias,[64],float32,float32,0.28176791178814614,0.08812391126104191,0.3682976577342572,1.3070958129936758,0.09613308310508728,0.037330610962044375,-0.9763034067276661
89,5,mlp_layers.3.conv2.weight,"[64, 64, 1]",float32,float32,0.1865519825793821,0.032072263813185974,0.21384871489089363,1.1463223919365004,0.023345586727373302,0.0021514831346361174,-0.8274077882712639
89,5,p.bias,[64],float32,float32,0.46294198332819764,0.005366176432662353,0.46643553106661356,1.007546405087955,0.18348300317302346,0.04374613739145161,-0.6476918376440085
89,5,p.weight,"[64, 2]",float32,float32,0.32806294944404835,0.008701346065160848,0.33375898261745335,1.0173626225791659,0.09462055773474276,0.02240096544275616,-0.6470363907938591
89,5,q.conv0.bias,[128],float32,float32,0.2802619858728629,0.085561013809974,0.3656612818177902,1.304712377167225,0.08782962150871754,0.026093253601910504,-0.9975334331808985
89,5,q.conv0.weight,"[128, 64, 1]",float32,float32,0.4875041015827407,0.11178782849182434,0.5931158781880754,1.216637719072421,0.03984668990597129,0.004125344479568426,-0.9324332611951532
89,5,q.conv2.bias,[1],float32,float32,0.8306934237480164,0.25964275002479553,1.090336173772812,1.3125614608254752,1.090336173772812,1.090336173772812,-1.0
89,5,q.conv2.weight,"[1, 128, 1]",float32,float32,1.0563190388684367,0.27228812964161236,1.3222051059496351,1.2517100017112484,0.3727717399597168,0.08973635365290988,-0.9704984336647635
89,5,w_layers.0.bias,[64],float32,float32,0.17669822781093703,0.005932331902692285,0.17959021088931437,1.0163667916436134,0.05443214683327824,0.01671015425723965,-0.4746979041706049
89,5,w_layers.0.weight,"[64, 64, 1]",float32,float32,0.75129592382726,0.030280612056595272,0.766459433959677,1.020183139095406,0.06379601429216564,0.007314646420965951,-0.4856675666585273
89,5,w_layers.1.bias,[64],float32,float32,0.11799569629667142,0.01108395140205682,0.12484887624682582,1.0580799144819972,0.03727026714477688,0.012054756824312562,-0.5892852713613426
89,5,w_layers.1.weight,"[64, 64, 1]",float32,float32,0.31435400200492936,0.02551139565161656,0.326412386114037,1.0383592511378894,0.03316960693337023,0.0028517851753650653,-0.4411546524196716
89,5,w_layers.2.bias,[64],float32,float32,0.16234181792123695,0.03260259666955667,0.18783038738113722,1.1570055687824472,0.08798940945416689,0.01643032804874167,-0.7427553978898932
89,5,w_layers.2.weight,"[64, 64, 1]",float32,float32,0.3371090300447816,0.031243872376284735,0.35258912041377627,1.0459201296593517,0.07445153314620256,0.0025974036888280344,-0.46049493729375923
89,5,w_layers.3.bias,[64],float32,float32,0.28176717747357893,0.08812658158407745,0.36829765720456714,1.3070992175414118,0.09613308124244213,0.0373306109315763,-0.9762752157760142
89,5,w_layers.3.weight,"[64, 64, 1]",float32,float32,0.3776651903733016,0.062408986005493064,0.422423732232319,1.1185138132926045,0.05241000186651945,0.003733743216152295,-0.6770542234015041
90,5,conv_layers.0.weights1,"[64, 64, 16]",complex64,complex64,0.23862101159549315,0.026496982199491644,0.23299645057940677,0.9764288945953299,0.01391988608520478,0.00010930158769445795,0.26529107717717404
90,5,conv_layers.1.weights1,"[64, 64, 16]",complex64,complex64,0.06646333326436395,0.016477515681369487,0.06480124548316281,0.9749924101069377,0.004300905202399008,3.8588216396664114e-05,0.2235682326575982
90,5,conv_layers.2.weights1,"[64, 64, 16]",complex64,complex64,0.03638915611907035,0.014009912962922587,0.03667223825805587,1.0077792993621297,0.0034656529896892607,2.8727377062566857e-05,0.17221676787035492
90,5,conv_layers.3.weights1,"[64, 64, 16]",complex64,complex64,0.03353070533401191,0.011221218904422296,0.03115229810834045,0.9290677842300287,0.003375365980900824,2.0885368734234417e-05,0.3717664755604123
90,5,mlp_layers.0.conv0.bias,[64],float32,float32,0.04179693636234433,0.002610957867649121,0.0410098166939917,0.9811680056756084,0.017953842936549336,0.0037118329394800753,0.32986300149796727
90,5,mlp_layers.0.conv0.weight,"[64, 64, 1]",float32,float32,0.1072254610802942,0.009788589827085817,0.10571933700560376,0.9859536712687802,0.014650803816039115,0.0009643735452375679,0.19842954981623534
90,5,mlp_layers.0.conv2.bias,[64],float32,float32,0.07100593709778226,0.004061602256926578,0.06975020085595277,0.9823150528933908,0.02061295825842535,0.006408377036670743,0.33503921796068165
90,5,mlp_layers.0.conv2.weight,"[64, 64, 1]",float32,float32,0.11944223890279305,0.010771383771170285,0.119083734624421,0.9969985134097844,0.015344528306741267,0.0009506980079165249,0.0783234257663336
90,5,mlp_layers.1.conv0.bias,[64],float32,float32,0.022595291916706523,0.003242225445164524,0.020888504198442633,0.9244626834406187,0.008023457368835807,0.0019852007164544716,0.5782879908132667
90,5,mlp_layers.1.conv0.weight,"[64, 64, 1]",float32,float32,0.039708954441985175,0.006515685375220737,0.039348099098904986,0.990912494470047,0.00434301613131538,0.0004154393051924582,0.1371739400158772
90,5,mlp_layers.1.conv2.bias,[64],float32,float32,0.051361520296830436,0.007440396871936404,0.04778329616447554,0.9303325892287555,0.014964619505917653,0.004550686332819964,0.5365979047062159
90,5,mlp_layers.1.conv2.weight,"[64, 64, 1]",float32,float32,0.08983818308145614,0.007531619149796485,0.0891263745849907,0.992076771011497,0.013699235074454919,0.0006546619621676797,0.13605264433083952
90,5,mlp_layers.2.conv0.bias,[64],float32,float32,0.024280130303639524,0.006680057019096065,0.020924543707396416,0.8617970103834198,0.008551542414352298,0.0020369027929802996,0.6051795629941737
90,5,mlp_layers.2.conv0.weight,"[64, 64, 1]",float32,float32,0.039164334190252816,0.007146386975773932,0.03853590407870488,0.9839540202957328,0.005345193902030587,0.00037056824505607433,0.1784671489650846
90,5,mlp_layers.2.conv2.bias,[64],float32,float32,0.07846642480312123,0.021426975580975827,0.0641409259205373,0.8174314820825876,0.026151245459914207,0.00547725609334293,0.7440788235354491
90,5,mlp_layers.2.conv2.weight,"[64, 64, 1]",float32,float32,0.07247610775700733,0.011932243408646738,0.06815779738769684,0.9404174630377695,0.02126509102527052,0.00046410599735007083,0.4334395612995157
90,5,mlp_layers.3.conv0.bias,[64],float32,float32,0.04105802247784763,0.01501622424575853,0.02852473515464568,0.6947420609464536,0.009523486252874136,0.0028334075894917987,0.8901238884479599
90,5,mlp_layers.3.conv0.weight,"[64, 64, 1]",float32,float32,0.013332063559668853,0.006727268844658143,0.010715193638225456,0.803716063178715,0.0012329577439231798,0.0001017286704004406,0.6031143343472821
90,5,mlp_layers.3.conv2.bias,[64],float32,float32,0.15176000383408964,0.05696335662643239,0.09691380933121616,0.6385991492011714,0.02464553341269493,0.00965107842262114,0.9765243827535502
90,5,mlp_layers.3.conv2.weight,"[64, 64, 1]",float32,float32,0.05117473708022487,0.02233664836990668,0.030995970059196524,0.6056888970549122,0.0027872793143615127,0.0003225014555136435,0.943522898253817
90,5,p.bias,[64],float32,float32,0.18594967387106504,0.003427682778842187,0.1842329363554542,0.9907677304301099,0.07204034388996661,0.017279500942635195,0.5077496495834773
90,5,p.weight,"[64, 2]",float32,float32,0.14525586801350224,0.00591123348232864,0.14159874145935855,0.9748228653054916,0.03999572049360722,0.009419834867859578,0.6312334539475395
90,5,q.conv0.bias,[128],float32,float32,0.15193208639560282,0.05531206567567493,0.09670917279015344,0.6365289589872464,0.02299125585705042,0.006966279264190689,0.9989745145650542
90,5,q.conv0.weight,"[128, 64, 1]",float32,float32,0.2113960711804074,0.07384495446142578,0.14187770342551176,0.6711463587439711,0.009361812844872475,0.0010016142628725966,0.9612770108706473
90,5,q.conv2.bias,[1],float32,float32,0.46333685517311096,0.16748541593551636,0.2958514392375946,0.6385234326482818,0.2958514392375946,0.2958514392375946,1.0
90,5,q.conv2.weight,"[1, 128, 1]",float32,float32,0.4842193134729935,0.17848075165908894,0.30964939646223505,0.6394817138567217,0.08955762162804604,0.021133610343156306,0.9860762903477124
90,5,w_layers.0.bias,[64],float32,float32,0.07100895552685074,0.0040594423380875076,0.06975018663190391,0.9822730966029932,0.02061290473648114,0.006408373901201969,0.3359197918262092
90,5,w_layers.0.weight,"[64, 64, 1]",float32,float32,0.31520551444492995,0.01951018191100708,0.30798604902080673,0.9770960053258061,0.024665605276823044,0.002897929623795356,0.3967464845803404
90,5,w_layers.1.bias,[64],float32,float32,0.05134860564383354,0.007427321762878223,0.0477832852433214,0.9305663638611325,0.014964660949772224,0.0045506860466240084,0.5356852202265163
90,5,w_layers.1.weight,"[64, 64, 1]",float32,float32,0.1277157045627705,0.018415009924188264,0.12068597956854829,0.9449580220514917,0.01178055358468555,0.0010819841116278678,0.44332679120374485
90,5,w_layers.2.bias,[64],float32,float32,0.07846050581219623,0.021423608611660705,0.06414092103467788,0.8174930861165509,0.026151243597269058,0.005477255429013894,0.7439328818081126
90,5,w_layers.2.weight,"[64, 64, 1]",float32,float32,0.13831292917373478,0.023356169122182788,0.1267680354564619,0.9165306252550595,0.0285417886916548,0.0009140464775077156,0.5581003965977964
90,5,w_layers.3.bias,[64],float32,float32,0.15176062989919512,0.056965966090728896,0.0969138079377473,0.6385965055767161,0.024645531550049782,0.009651078422166393,0.9765038223396901
90,5,w_layers.3.weight,"[64, 64, 1]",float32,float32,0.15304968897634869,0.04316104438723364,0.12350453501354203,0.8069571120306401,0.014859399292618036,0.0010839848090725412,0.7594641485752561
91,5,conv_layers.0.weights1,"[64, 64, 16]",complex64,complex64,0.4106640716299749,0.0297005550761845,0.4076628714105117,0.9926918364015846,0.024586165469372645,0.00017462539576275704,0.13684100257810233
91,5,conv_layers.1.weights1,"[64, 64, 16]",complex64,complex64,0.1066299937333194,0.016483215906686794,0.10606085296742503,0.9946624702303014,0.007333780849876348,6.0409026656156825e-05,0.11172800240981684
91,5,conv_layers.2.weights1,"[64, 64, 16]",complex64,complex64,0.05267082917617719,0.013519636490282483,0.05295738254791241,1.0054404568186448,0.005005599421565421,4.228037377938687e-05,0.10708783384808315
91,5,conv_layers.3.weights1,"[64, 64, 16]",complex64,complex64,0.04931777400490084,0.010155902799594512,0.04758301191913704,0.9648248097006282,0.005566193081904203,3.0992787257352615e-05,0.2707729113850955
91,5,mlp_layers.0.conv0.bias,[64],float32,float32,0.07200548650911567,0.0012951539522882652,0.07163846376081885,0.9949028502397472,0.031039708672324196,0.006463521653891746,0.2916527808898253
91,5,mlp_layers.0.conv0.weight,"[64, 64, 1]",float32,float32,0.17989306839056887,0.00719736119052523,0.1787041853510929,0.9933911681527674,0.02454868279164657,0.0016136203852190473,0.1846419042507536
91,5,mlp_layers.0.conv2.bias,[64],float32,float32,0.12218631032790168,0.002224278257032952,0.12188539139683684,0.9975372123910011,0.03697764509706758,0.011329740366143426,0.1442237493788369
91,5,mlp_layers.0.conv2.weight,"[64, 64, 1]",float32,float32,0.19811237693845923,0.007380053160178934,0.1976965343474934,0.9979009762166702,0.024790394643787295,0.001634201990157333,0.07491361854257791
91,5,mlp_layers.1.conv0.bias,[64],float32,float32,0.03852686997005549,0.002097806998715473,0.0376203505441506,0.9764704626508858,0.014711435651406646,0.003611177260729903,0.4542685509325479
91,5,mlp_layers.1.conv0.weight,"[64, 64, 1]",float32,float32,0.061686515117665014,0.006711046907667714,0.06105135342150673,0.9897033947379466,0.0066688115475699306,0.0006380418367611246,0.14855333298246942
91,5,mlp_layers.1.conv2.bias,[64],float32,float32,0.08434641964945054,0.0044532305695880025,0.08217960618244056,0.9743105460075793,0.024055345740634948,0.00795688841011355,0.5067197212251455
91,5,mlp_layers.1.conv2.weight,"[64, 64, 1]",float32,float32,0.14205222672266576,0.008453173502620391,0.14120174226786253,0.9940128748811261,0.022628465114394203,0.001031924221073774,0.1300638281728701
91,5,mlp_layers.2.conv0.bias,[64],float32,float32,0.03972611926465626,0.003615592986959278,0.037886559049923184,0.9536939361612976,0.01989190187305212,0.0035305741171782756,0.542511779890437
91,5,mlp_layers.2.conv0.weight,"[64, 64, 1]",float32,float32,0.06353832407523732,0.006749356960875812,0.0628752819136895,0.9895646891667665,0.009652474691392854,0.0005918346035664462,0.15083774396508334
91,5,mlp_layers.2.conv2.bias,[64],float32,float32,0.12429172477638326,0.011321797963783057,0.1161176814871161,0.9342350160159631,0.050949656404554844,0.010401936531593492,0.743778915742593
91,5,mlp_layers.2.conv2.weight,"[64, 64, 1]",float32,float32,0.11982878176806887,0.009524170516356168,0.11610838088694651,0.9689523599737226,0.03649927512742579,0.000802578321934061,0.42430400506932736
91,5,mlp_layers.3.conv0.bias,[64],float32,float32,0.06596902966323197,0.007729933616864579,0.05917237650605941,0.8969720611039896,0.018324133241549134,0.005910710792250029,0.8925573152435456
91,5,mlp_layers.3.conv0.weight,"[64, 64, 1]",float32,float32,0.024846081377259865,0.005428359114697586,0.022092096170883556,0.8891581668529482,0.0023593785881530493,0.00020253041279728878,0.5884557952019402
91,5,mlp_layers.3.conv2.bias,[64],float32,float32,0.2432014127165179,0.028451759354554067,0.21552271975162376,0.8861902459540514,0.055765348952263594,0.021664834556190726,0.975964396115873
91,5,mlp_layers.3.conv2.weight,"[64, 64, 1]",float32,float32,0.0870438863613583,0.01421651020370686,0.0741338226453366,0.8516832800591391,0.0062887867679819465,0.0007801142050190418,0.9224229891596308
91,5,p.bias,[64],float32,float32,0.32652027842021075,0.0016601533309494817,0.32591512286416136,0.9981466524560824,0.12802958354586735,0.03033503731791143,0.3667222710789648
91,5,p.weight,"[64, 2]",float32,float32,0.23541232082276584,0.007507229995845959,0.2341421199896541,0.994604357033343,0.06766491651069373,0.015286334972763882,0.18468539557524283
91,5,q.conv0.bias,[128],float32,float32,0.24390422900713055,0.02763219274646724,0.21633935664180307,0.8869848527123257,0.050995244178920984,0.015639987289699064,0.9978393727817177
91,5,q.conv0.weight,"[128, 64, 1]",float32,float32,0.3237261074823582,0.04112467356249363,0.28479356214983587,0.8797361583367385,0.019333758391439915,0.001993142451971748,0.9532866222185066
91,5,q.conv2.bias,[1],float32,float32,0.7477761507034302,0.08275667577981949,0.6650194749236107,0.8893296132780236,0.6650194749236107,0.6650194749236107,1.0
91,5,q.conv2.weight,"[1, 128, 1]",float32,float32,0.7519779827421477,0.09578347653770522,0.658192225067128,0.8752812451595692,0.18760810047388077,0.04491001806078998,0.9817723021970586
91,5,w_layers.0.bias,[64],float32,float32,0.12218974407716651,0.0022194219623342614,0.12188538315621628,0.9975091123788751,0.03697758697671816,0.011329747106138655,0.14604629344103448
91,5,w_layers.0.weight,"[64, 64, 1]",float32,float32,0.5262113970516232,0.023852108625347816,0.5236162325205312,0.9950682091919089,0.04124977556057274,0.0049949963582155005,0.13119801397967995
91,5,w_layers.1.bias,[64],float32,float32,0.08433160480716524,0.004444364579411636,0.08217959310993622,0.9744815517011699,0.02405534451827407,0.00795688884231538,0.5043836997578593
91,5,w_layers.1.weight,"[64, 64, 1]",float32,float32,0.20157289116140814,0.015957550196231702,0.19585297654490297,0.9716235919247446,0.017644735286012292,0.0017827764307237898,0.3929425401525575
91,5,w_layers.2.bias,[64],float32,float32,0.12428610592667522,0.01131863090855896,0.116117678435339,0.9342772272859259,0.05094965407624841,0.010401935957588648,0.7434989969990021
91,5,w_layers.2.weight,"[64, 64, 1]",float32,float32,0.20135579550087696,0.018045946536037406,0.1934636164237671,0.9608048079397076,0.04386433633044362,0.001451425829194504,0.4735783689856555
91,5,w_layers.3.bias,[64],float32,float32,0.24320192179185143,0.02845438255168603,0.21552271898981898,0.886188387829755,0.05576535081490874,0.02166483446262646,0.9759010798885692
91,5,w_layers.3.weight,"[64, 64, 1]",float32,float32,0.2286684522741853,0.02812591681237484,0.2108257127419146,0.9219711361369765,0.02624759078025818,0.0018353999892689876,0.6711368938525263
92,5,conv_layers.0.weights1,"[64, 64, 16]",complex64,complex64,0.02240258049395111,0.03471808111428677,0.03918170979570225,1.7489819892079685,0.002127463223587256,3.423968932709192e-05,0.11058112789800349
92,5,conv_layers.1.weights1,"[64, 64, 16]",complex64,complex64,0.016643126111194145,0.02099154434859859,0.02566048534923532,1.5418068202929804,0.0024173739620891865,2.1761012018134084e-05,0.08469378173010624
92,5,conv_layers.2.weights1,"[64, 64, 16]",complex64,complex64,0.014396724192056972,0.017127817945223785,0.022088392190617326,1.5342651492069312,0.0016437825397588313,2.1726884878881088e-05,0.025814167068851618
92,5,conv_layers.3.weights1,"[64, 64, 16]",complex64,complex64,0.011642462075317035,0.011466595486689417,0.015621034798246279,1.3417294982101888,0.0007935240864753723,1.6256262976663586e-05,0.08619142307168418
92,5,mlp_layers.0.conv0.bias,[64],float32,float32,0.005979348807526814,0.0015428775762712653,0.005310568744178013,0.8881516892764411,0.0019415780625422485,0.0004859028087125239,0.5382389679875177
92,5,mlp_layers.0.conv0.weight,"[64, 64, 1]",float32,float32,0.026208909884498352,0.009193228111994111,0.02580448854081444,0.9845693183933943,0.0021842166024725884,0.00027316103364494193,0.21903545678718772
92,5,mlp_layers.0.conv2.bias,[64],float32,float32,0.006468789607839937,0.002038737777918028,0.005528523302926593,0.8546457124260503,0.0014680842432426289,0.00055092356298303,0.5852641337004834
92,5,mlp_layers.0.conv2.weight,"[64, 64, 1]",float32,float32,0.038630514052191055,0.008988175473314304,0.03777716304169856,0.9779099235040053,0.003801461571129039,0.0003610231865729466,0.21022806208395745
92,5,mlp_layers.1.conv0.bias,[64],float32,float32,0.0037607867163623643,0.002078182604969706,0.003440357641706465,0.9147973286382389,0.0009317414660472423,0.0003433629074081068,0.4239148409172645
92,5,mlp_layers.1.conv0.weight,"[64, 64, 1]",float32,float32,0.020348972998834224,0.0077636601694802305,0.020273905128126744,0.9963109749709835,0.0015029518253868446,0.0002294271443089163,0.20041424751658174
92,5,mlp_layers.1.conv2.bias,[64],float32,float32,0.008751489192640715,0.003892505778476692,0.008118411871864822,0.9276606178856669,0.0026333649875596166,0.0007873270812694955,0.37914845838340944
92,5,mlp_layers.1.conv2.weight,"[64, 64, 1]",float32,float32,0.038606580015434544,0.010354222708026533,0.03983911867948292,1.0319256112184922,0.007307584892259911,0.000332975113392045,0.01316173204906716
92,5,mlp_layers.2.conv0.bias,[64],float32,float32,0.00577803166643937,0.002774379063934447,0.0057562372463381695,0.9962280545764763,0.0023034768091747537,0.0005514067717840021,0.24792073366441306
92,5,mlp_layers.2.conv0.weight,"[64, 64, 1]",float32,float32,0.026701091014789412,0.007959006927733147,0.02607508685219709,0.9765551092183617,0.0031090900520212017,0.00027394115569623345,0.22677052322630437
92,5,mlp_layers.2.conv2.bias,[64],float32,float32,0.016840265355493513,0.007660702223060991,0.013494965496099316,0.8013511195473582,0.005828220397233963,0.001178148439691995,0.6207618187814424
92,5,mlp_layers.2.conv2.weight,"[64, 64, 1]",float32,float32,0.04510704601973422,0.010280628877193951,0.042266199312362404,0.9370198902821313,0.011057576164603233,0.0003514906155426892,0.38158652915213076
92,5,mlp_layers.3.conv0.bias,[64],float32,float32,0.007110590687179566,0.00515762716817232,0.0034553920214068965,0.48595006707909477,0.0014214685652405024,0.00031153990123300446,0.8892169219322488
92,5,mlp_layers.3.conv0.weight,"[64, 64, 1]",float32,float32,0.01443372946369434,0.005886670917366603,0.012450206514834172,0.8625772393857464,0.0009560064354445785,0.0001370193404368475,0.5177198007652241
92,5,mlp_layers.3.conv2.bias,[64],float32,float32,0.026514899042951987,0.018240926908840247,0.00947164706990873,0.3572198051580521,0.003662216582597466,0.0009421933130084881,0.978028321161537
92,5,mlp_layers.3.conv2.weight,"[64, 64, 1]",float32,float32,0.026914025621015615,0.012498506019189415,0.018484444526010953,0.6867959771717507,0.0017177547561004758,0.00017399450821490095,0.8010204976714222
92,5,p.bias,[64],float32,float32,0.005548926358780791,0.0015101958646498756,0.00485157494506759,0.8743267852870871,0.0014109151379670948,0.00048029332427290683,0.5688266662662954
92,5,p.weight,"[64, 2]",float32,float32,0.016723442218988797,0.008071554379719554,0.011112594400997908,0.6644920498711685,0.003693052800372243,0.0007584683400310155,0.819850764894823
92,5,q.conv0.bias,[128],float32,float32,0.027181450035246236,0.017691960906355584,0.010119710684182527,0.37230209098706213,0.002390010980889201,0.0006332843550609368,0.987150845912232
92,5,q.conv0.weight,"[128, 64, 1]",float32,float32,0.0698353072368162,0.028458840030541326,0.04548687730385454,0.651344987279937,0.003985429648309946,0.0003176997710726548,0.9101745373822613
92,5,q.conv2.bias,[1],float32,float32,0.0749053880572319,0.05247810482978821,0.022427283227443695,0.29940814418193784,0.022427283227443695,0.022427283227443695,1.0
92,5,q.conv2.weight,"[1, 128, 1]",float32,float32,0.14154774635908848,0.06509431389023562,0.08212411846223092,0.580186690177974,0.02011478040367365,0.005741358587897594,0.9512020815185303
92,5,w_layers.0.bias,[64],float32,float32,0.006462033196023518,0.002032776837194111,0.00552842602810255,0.8555242383317572,0.0014680901513202116,0.0005509119117590444,0.5833857488031644
92,5,w_layers.0.weight,"[64, 64, 1]",float32,float32,0.029305473677236814,0.02195679696237047,0.029227571597874598,0.9973417225662274,0.002061527135083452,0.00031809497716537086,0.3781626387438755
92,5,w_layers.1.bias,[64],float32,float32,0.008765041458171616,0.0038822885991286436,0.008118415556147033,0.9262267149436314,0.0026333658606745303,0.0007873250717409519,0.38187851489918095
92,5,w_layers.1.weight,"[64, 64, 1]",float32,float32,0.032557028580496555,0.014033572574005207,0.03170082909189026,0.973701546918222,0.005243525898549706,0.0002987161985940172,0.2757314880249501
92,5,w_layers.2.bias,[64],float32,float32,0.016836238289921385,0.00765774682584571,0.013494962534167715,0.8015426190686642,0.005828220280818641,0.0011781479688011132,0.6204487245495359
92,5,w_layers.2.weight,"[64, 64, 1]",float32,float32,0.054638449494606445,0.01434689466865267,0.05269411352385243,0.9644145105005963,0.010161455255001783,0.00040187122837405387,0.264401159577732
92,5,w_layers.3.bias,[64],float32,float32,0.026516516895617903,0.018243375910586217,0.009471646689415723,0.3571979957511312,0.0036622164261643775,0.0009421931902835468,0.9780184033954403
92,5,w_layers.3.weight,"[64, 64, 1]",float32,float32,0.05609619722414894,0.020363480968383207,0.047970583429332636,0.8551485805294784,0.004149778396822512,0.0004419094003980384,0.5516337876834825
93,5,conv_layers.0.weights1,"[64, 64, 16]",complex64,complex64,0.6627683266165004,0.04483468396581252,0.6590195168751809,0.994343710176288,0.03872708056587726,0.0002912318585828491,0.11720138053855061
93,5,conv_layers.1.weights1,"[64, 64, 16]",complex64,complex64,0.16765504377760246,0.02531539878066233,0.16628411290650302,0.9918229070822469,0.011482652538688853,9.638461906064558e-05,0.12943108955177626
93,5,conv_layers.2.weights1,"[64, 64, 16]",complex64,complex64,0.07855079726877603,0.020442714338307046,0.07978318926016015,1.0156891086307789,0.007396302578854375,6.196980413408236e-05,0.06936611360253551
93,5,conv_layers.3.weights1,"[64, 64, 16]",complex64,complex64,0.07002946826594589,0.01590994363418414,0.07073201097249958,1.010032101113287,0.008603812719229609,4.718306462957248e-05,0.06921567751370626
93,5,mlp_layers.0.conv0.bias,[64],float32,float32,0.11303203121809177,0.003001692537376902,0.11242388264588675,0.9946196793453033,0.04760021940455772,0.010284340071990528,0.21533491698027502
93,5,mlp_layers.0.conv0.weight,"[64, 64, 1]",float32,float32,0.27847030685226964,0.014874256885189207,0.27932627596812104,1.0030738254484903,0.03865221071464475,0.0025312486828500125,-0.030928383028092116
93,5,mlp_layers.0.conv2.bias,[64],float32,float32,0.18433474036591413,0.005381820416605452,0.18168649345452922,0.9856334898884063,0.05419239751063287,0.01700438014494665,0.50313597258078
93,5,mlp_layers.0.conv2.weight,"[64, 64, 1]",float32,float32,0.293377822972834,0.018103104342626575,0.2949902915797423,1.005496218461808,0.03800736684934236,0.002496545161908463,-0.05846327978704082
93,5,mlp_layers.1.conv0.bias,[64],float32,float32,0.05806236486932278,0.004492065893833342,0.05610422642128848,0.9662752550220551,0.0223411254119128,0.0053253614883601585,0.46724307358018047
93,5,mlp_layers.1.conv0.weight,"[64, 64, 1]",float32,float32,0.09154562842369991,0.013531679031952385,0.09206766951599299,1.0057025234441226,0.012266896788787562,0.0009639184311465571,0.03521756592402824
93,5,mlp_layers.1.conv2.bias,[64],float32,float32,0.11629457563254698,0.009429722478034685,0.11306210417749978,0.9722044520351425,0.034025305532850325,0.011134523958048703,0.3785743312361117
93,5,mlp_layers.1.conv2.weight,"[64, 64, 1]",float32,float32,0.20005362896042345,0.024369644223357394,0.20136848857116435,1.00657253566243,0.03198430806514807,0.0015338398793416086,0.006775654920036186
93,5,mlp_layers.2.conv0.bias,[64],float32,float32,0.05542025084685568,0.005842834515772169,0.05150210843995852,0.9293012509502299,0.029487822204828262,0.00461132222337568,0.699598298547022
93,5,mlp_layers.2.conv0.weight,"[64, 64, 1]",float32,float32,0.10197491245971874,0.010897249471356764,0.10068600511684014,0.9873605447478297,0.016882665164303035,0.0009378615653762717,0.1709617717404927
93,5,mlp_layers.2.conv2.bias,[64],float32,float32,0.15347381641817354,0.014216460033024887,0.14388470130486322,0.9375195369666013,0.06319223577156663,0.012807808577498747,0.6997517396472783
93,5,mlp_layers.2.conv2.weight,"[64, 64, 1]",float32,float32,0.18177195244312971,0.018246012549659532,0.18007755728114186,0.9906784564988486,0.058919611386954784,0.0012603275254299967,0.14262033884783315
93,5,mlp_layers.3.conv0.bias,[64],float32,float32,0.07819663907313115,0.008941121096918025,0.07051918743844819,0.9018186494242695,0.024371702456846833,0.006909353529195528,0.8736858464265094
93,5,mlp_layers.3.conv0.weight,"[64, 64, 1]",float32,float32,0.043209287896683116,0.002967151966961205,0.0428051262442836,0.9906464171923893,0.004297918159863912,0.00042202690758039174,0.16990960245872175
93,5,mlp_layers.3.conv2.bias,[64],float32,float32,0.2778342115611785,0.032162654060289037,0.24659326024111997,0.8875554196709164,0.06376382615417242,0.024801956363091904,0.9746123747500259
93,5,mlp_layers.3.conv2.weight,"[64, 64, 1]",float32,float32,0.1175133398976295,0.009179207772418416,0.11086019288400427,0.9433838999093971,0.01178445343975909,0.0011240363801611683,0.7433444070715024
93,5,p.bias,[64],float32,float32,0.5246282670205903,0.005095971181071567,0.5211772933462016,0.9934220592154,0.20884206041228026,0.04807970454666588,0.6798259315877108
93,5,p.weight,"[64, 2]",float32,float32,0.36548619285106343,0.008263163858861246,0.3593564256073285,0.9832284574256603,0.10337251052260399,0.02342580007305628,0.7469020554451906
93,5,q.conv0.bias,[128],float32,float32,0.2752399251147023,0.030956743291949453,0.24436319509429308,0.8878188547408528,0.05855136876925826,0.01758905091901042,0.9977056481570101
93,5,q.conv0.weight,"[128, 64, 1]",float32,float32,0.3914387642174924,0.04588962623730489,0.34932732448945464,0.8924188313024622,0.024022070923820138,0.0024313665822546272,0.9269226742178162
93,5,q.conv2.bias,[1],float32,float32,0.8346263766288757,0.09257063269615173,0.742055743932724,0.8890873386124555,0.742055743932724,0.742055743932724,1.0
93,5,q.conv2.weight,"[1, 128, 1]",float32,float32,0.8974843799808138,0.10685354555275443,0.7934611831032368,0.8840946993642377,0.2288778591901064,0.05393916435417623,0.9766237677164448
93,5,w_layers.0.bias,[64],float32,float32,0.1843307561881035,0.005376912030826457,0.18168649451981408,0.9856547994324343,0.05419245356461033,0.017004364625975654,0.5028383294262035
93,5,w_layers.0.weight,"[64, 64, 1]",float32,float32,0.7867095497808786,0.02576862421709922,0.7760883615972082,0.9864992255570957,0.06343512185412692,0.007463298647436098,0.4257703411020634
93,5,w_layers.1.bias,[64],float32,float32,0.1163102541409909,0.00943212805967593,0.11306212139409866,0.9720735478494023,0.03402530902530998,0.011134523811932695,0.3801077992566905
93,5,w_layers.1.weight,"[64, 64, 1]",float32,float32,0.2721459700736913,0.033177840055201586,0.2694865991167222,0.9902281450052374,0.024916338734328747,0.0024668346147755787,0.14071936836226626
93,5,w_layers.2.bias,[64],float32,float32,0.15347889908560003,0.014218616527936162,0.14388470469547524,0.9374885117935736,0.06319223809987307,0.012807809264330672,0.69999372655941
93,5,w_layers.2.weight,"[64, 64, 1]",float32,float32,0.23760485429979555,0.032674908994798954,0.22997380062064857,0.9678834268700648,0.04923844849690795,0.0017520741433020848,0.2985533538981759
93,5,w_layers.3.bias,[64],float32,float32,0.27783370659506174,0.03215970395701583,0.24659325851727598,0.8875570266090205,0.06376382429152727,0.024801956132023406,0.9746772773258218
93,5,w_layers.3.weight,"[64, 64, 1]",float32,float32,0.2836063108529509,0.0334495360440782,0.26160880571106365,0.9224364751414403,0.034006266156211495,0.0022823078383474166,0.6911002192029072
94,5,conv_layers.0.weights1,"[64, 64, 16]",complex64,complex64,0.07328417105984093,0.057752192530605664,0.09554447998483868,1.303753301743986,0.004684231826104224,6.625904783745182e-05,-0.04995629229828391
94,5,conv_layers.1.weights1,"[64, 64, 16]",complex64,complex64,0.02979359081031158,0.03059708999632678,0.043929680554265514,1.474467473019782,0.0036837057559750974,3.430987822140124e-05,-0.05812702495487466
94,5,conv_layers.2.weights1,"[64, 64, 16]",complex64,complex64,0.01798040269657215,0.024306865957549557,0.030464617300656808,1.6943234150403481,0.0020211816881783307,2.9527697417875963e-05,-0.015987165968128048
94,5,conv_layers.3.weights1,"[64, 64, 16]",complex64,complex64,0.012555772535554136,0.019211411456108416,0.02293488950444603,1.8266410481315576,0.0018304380482732086,2.1961947221998837e-05,0.0014853971693427163
94,5,mlp_layers.0.conv0.bias,[64],float32,float32,0.012190219217483363,0.00546301190814324,0.013466488777237254,1.104696194300054,0.006078377773519605,0.0012618438614708793,-0.021776129497409202
94,5,mlp_layers.0.conv0.weight,"[64, 64, 1]",float32,float32,0.03637264633434389,0.03125184267236929,0.049625467863593634,1.364362312475904,0.00517034501535818,0.0005221505255687542,-0.07171559604653607
94,5,mlp_layers.0.conv2.bias,[64],float32,float32,0.01971421289240053,0.006205757096786068,0.02046291292517072,1.0379776781785086,0.006043852539733052,0.001985051434331808,0.03445600101104459
94,5,mlp_layers.0.conv2.weight,"[64, 64, 1]",float32,float32,0.04357322645240564,0.03699173973275116,0.05185069786308902,1.1899669151129932,0.007621381897479296,0.00044687618126524296,0.1794584482544595
94,5,mlp_layers.1.conv0.bias,[64],float32,float32,0.006988799099921001,0.004692502231023887,0.009342887579134497,1.3368373372243747,0.0035901741357520223,0.0008784210396939329,-0.25044489441315704
94,5,mlp_layers.1.conv0.weight,"[64, 64, 1]",float32,float32,0.023908148596626055,0.018721144675631116,0.030808646713192424,1.2886253650581783,0.0023511588806286454,0.0003439800660123213,-0.030264317334258446
94,5,mlp_layers.1.conv2.bias,[64],float32,float32,0.010749230631549131,0.01403751339468232,0.01821503892732504,1.6945435028497449,0.0072500803507864475,0.0016153744890914368,-0.06358800335917798
94,5,mlp_layers.1.conv2.weight,"[64, 64, 1]",float32,float32,0.040740639703191646,0.03237068775883333,0.05835124352890197,1.432261347735556,0.010219170479103923,0.00048333317094398365,-0.2643331574396437
94,5,mlp_layers.2.conv0.bias,[64],float32,float32,0.005222136897371179,0.005091592249016553,0.007805295416983323,1.4946554581731677,0.005186053225770593,0.0006464086476540842,-0.145315986666964
94,5,mlp_layers.2.conv0.weight,"[64, 64, 1]",float32,float32,0.024760628576704025,0.017922686494559394,0.03182071624605481,1.2851336203957782,0.004505505436100066,0.0003256879882031355,-0.08815978142751375
94,5,mlp_layers.2.conv2.bias,[64],float32,float32,0.010495534740518571,0.014409945509185881,0.015522303742342392,1.4789435818279664,0.008190533146262169,0.0014183194648893505,0.25410216563268384
94,5,mlp_layers.2.conv2.weight,"[64, 64, 1]",float32,float32,0.032996833210278145,0.029886731756695106,0.04754802341432095,1.440987476322736,0.011222958099097013,0.00044959219732457895,-0.14135874116916533
94,5,mlp_layers.3.conv0.bias,[64],float32,float32,0.0053010134561835695,0.0015627241546076571,0.00555970496106566,1.048800386382783,0.003394112689420581,0.00038682739599948945,-0.022179372422225195
94,5,mlp_layers.3.conv0.weight,"[64, 64, 1]",float32,float32,0.01632029136699778,0.005465306745270201,0.019585129423744817,1.2000477799893363,0.0018505671760067344,0.00020723896111917578,-0.48968785328236764
94,5,mlp_layers.3.conv2.bias,[64],float32,float32,0.012859173179858444,0.004379725489570259,0.009864712612948466,0.7671342842166357,0.002618789323605597,0.0009831310526422499,0.7743991443688686
94,5,mlp_layers.3.conv2.weight,"[64, 64, 1]",float32,float32,0.030242367450412602,0.007669988657049858,0.036534508053470284,1.2080571441166004,0.005303068261127919,0.0003372203108529606,-0.778890586206075
94,5,p.bias,[64],float32,float32,0.05497255961295762,0.004772435085480919,0.05566086581222457,1.012520905049957,0.02201497993519297,0.005142683457052044,-0.10172085238134222
94,5,p.weight,"[64, 2]",float32,float32,0.042095703768367326,0.011817011151661165,0.0496736260354589,1.1800165239851859,0.015188518911600113,0.0034368738360512907,-0.5586332632972514
94,5,q.conv0.bias,[128],float32,float32,0.012793909067467694,0.006890759815166624,0.010518110606630758,0.8221185996527185,0.002705371269257739,0.0006622919619196921,0.5701923168654782
94,5,q.conv0.weight,"[128, 64, 1]",float32,float32,0.031096378989942528,0.04403468451465609,0.04675260652459952,1.5034742964677872,0.0029517860675696284,0.0003468393325500897,0.26298907864779447
94,5,q.conv2.bias,[1],float32,float32,0.03947797417640686,0.014016366563737392,0.025461607612669468,0.6449572994524637,0.025461607612669468,0.025461607612669468,1.0
94,5,q.conv2.weight,"[1, 128, 1]",float32,float32,0.047812441399858636,0.07077904075273574,0.08365147282805634,1.7495754322284756,0.026810389012098312,0.005501605827930689,0.044048876419827035
94,5,w_layers.0.bias,[64],float32,float32,0.019719669190912083,0.006200741891584214,0.02046296704178213,1.037693221101934,0.0060439849039539695,0.001985062135140936,0.03509066467750519
94,5,w_layers.0.weight,"[64, 64, 1]",float32,float32,0.08557555992099385,0.03463545105575148,0.09114926843384054,1.0651320133691502,0.007227273017633706,0.0009168951810033243,0.03620201520337394
94,5,w_layers.1.bias,[64],float32,float32,0.010725077960703986,0.01403007026451157,0.018215032042927994,1.6983589405752322,0.007250081282109022,0.0016153757791670387,-0.06618178797223635
94,5,w_layers.1.weight,"[64, 64, 1]",float32,float32,0.030412079456656083,0.06372920497457785,0.07231323520095112,2.377780029938874,0.015462700510397553,0.0006217000774099979,-0.06266269122714328
94,5,w_layers.2.bias,[64],float32,float32,0.010494868746098503,0.014408500490052377,0.015522299328258663,1.4790370135909627,0.008190532680600882,0.0014183189563397036,0.2539603103255835
94,5,w_layers.2.weight,"[64, 64, 1]",float32,float32,0.03998628517855199,0.06509894198345476,0.07922005627387231,1.9811806953341267,0.01505442289635539,0.0007768271891168341,-0.08433175700107462
94,5,w_layers.3.bias,[64],float32,float32,0.012857162293106142,0.004367779373386172,0.00986471250784068,0.7672542574289525,0.002618789381813258,0.0009831309273380384,0.7752477971677163
94,5,w_layers.3.weight,"[64, 64, 1]",float32,float32,0.03792531441066524,0.061642929665315115,0.06754413279118038,1.7809775302004043,0.0064093058463186026,0.0006666196028179416,0.14457233897937521
95,5,conv_layers.0.weights1,"[64, 64, 16]",complex64,complex64,0.6254017413561915,0.059949852250628426,0.6303820290121962,1.0079633415238096,0.038066153530962765,0.00028270338003573176,-0.03547592792627864
95,5,conv_layers.1.weights1,"[64, 64, 16]",complex64,complex64,0.15682187360289007,0.03476469349246915,0.16455859239242485,1.0493344366559856,0.011536364851053804,0.00010668706374653587,-0.11719352223451014
95,5,conv_layers.2.weights1,"[64, 64, 16]",complex64,complex64,0.0681674577988653,0.024066077095054126,0.07424706354375976,1.089186335257403,0.005945257085841149,6.67270267224703e-05,-0.08736482934478287
95,5,conv_layers.3.weights1,"[64, 64, 16]",complex64,complex64,0.04962098143954325,0.016198828942200382,0.05370081255365352,1.0822198794895062,0.005700699635781348,4.316897773333441e-05,-0.09898796738458758
95,5,mlp_layers.0.conv0.bias,[64],float32,float32,0.10404224185903278,0.003075562611409997,0.10449396886758096,1.0043417654260105,0.04368683490611147,0.00963314188962272,-0.13241471498732035
95,5,mlp_layers.0.conv0.weight,"[64, 64, 1]",float32,float32,0.26372970322854034,0.021595453985825807,0.2649084519842479,1.0044695335461933,0.035759803489781916,0.0024331163261944386,-0.013762770159250684
95,5,mlp_layers.0.conv2.bias,[64],float32,float32,0.16783787257047478,0.005408427483345384,0.17108066006386413,1.0193209520814661,0.0529352321755141,0.016166292885188227,-0.5892606437281493
95,5,mlp_layers.0.conv2.weight,"[64, 64, 1]",float32,float32,0.2818534576497684,0.02397233429394318,0.2801493970828953,0.9939540902528486,0.03283484677376691,0.0024555960043381383,0.1133958179723968
95,5,mlp_layers.1.conv0.bias,[64],float32,float32,0.05226332639131632,0.00478230763984151,0.05459874395670341,1.0446855898130343,0.021464813966304064,0.0053342471410218195,-0.45350428122032505
95,5,mlp_layers.1.conv0.weight,"[64, 64, 1]",float32,float32,0.09122015041659497,0.014467293011373119,0.09209212839929118,1.0095590500422764,0.010038987646112218,0.0009742560864162281,0.018738339024030194
95,5,mlp_layers.1.conv2.bias,[64],float32,float32,0.09948092877082457,0.010421491070031982,0.10436244234301412,1.0490698431599403,0.02872184058651328,0.010662371574198914,-0.4275213840175707
95,5,mlp_layers.1.conv2.weight,"[64, 64, 1]",float32,float32,0.17848426582208224,0.025081662879793683,0.18190592556107765,1.0191706519520674,0.027211448061279953,0.0014396895182823416,-0.06746545437532206
95,5,mlp_layers.2.conv0.bias,[64],float32,float32,0.04609224392487769,0.006119834211813035,0.050384312990974525,1.093119117244371,0.03055947250686586,0.004316538499239186,-0.6676046255780382
95,5,mlp_layers.2.conv0.weight,"[64, 64, 1]",float32,float32,0.09568921091545159,0.011988912323814922,0.09802199371550069,1.0243787442464154,0.017638873716350645,0.0009038768914437223,-0.1343050818159361
95,5,mlp_layers.2.conv2.bias,[64],float32,float32,0.12274157672721683,0.015156406536844939,0.13351567212896795,1.08777869479138,0.057400903664529324,0.012136938921912588,-0.6803188983376663
95,5,mlp_layers.2.conv2.weight,"[64, 64, 1]",float32,float32,0.15302597457340134,0.020299720759972998,0.1575034663526114,1.0292596847802618,0.049517380772158504,0.0011825784819050333,-0.1574683268229685
95,5,mlp_layers.3.conv0.bias,[64],float32,float32,0.06499190688343068,0.009411040258902442,0.07325249564807884,1.1271018063751281,0.025596086401492357,0.007209094936456495,-0.8611356177816442
95,5,mlp_layers.3.conv0.weight,"[64, 64, 1]",float32,float32,0.03742035419638506,0.004221789123804865,0.036947681626828315,0.9873685704021903,0.003968587220697373,0.00035835338091148514,0.16766347276954552
95,5,mlp_layers.3.conv2.bias,[64],float32,float32,0.22962393776655782,0.03285484066757507,0.26170231316802145,1.1396996136965276,0.06758466456085443,0.026499652270672414,-0.9730252851386038
95,5,mlp_layers.3.conv2.weight,"[64, 64, 1]",float32,float32,0.09987030830879493,0.008917254893235771,0.10518563533569157,1.0532222951636623,0.011161046269990038,0.001077739262778557,-0.5672901086858049
95,5,p.bias,[64],float32,float32,0.4917486734659187,0.005440886801134068,0.4960209415514998,1.0086879097313461,0.19938391237519681,0.04532092381263908,-0.7830941540159206
95,5,p.weight,"[64, 2]",float32,float32,0.34604746644367207,0.011067441051542132,0.3533873938922408,1.0212107533223724,0.09983666357584298,0.023070950648417465,-0.6542423172529569
95,5,q.conv0.bias,[128],float32,float32,0.22841443883507714,0.03159510823269429,0.2598367428916153,1.1375670654481966,0.06116215419024229,0.018830691795631793,-0.993776197740113
95,5,q.conv0.weight,"[128, 64, 1]",float32,float32,0.2752473628268696,0.04967052339217926,0.31891185195437993,1.1586372660542992,0.022918980102986097,0.0022166210387789004,-0.8585812677829541
95,5,q.conv2.bias,[1],float32,float32,0.7058170437812805,0.09415583312511444,0.799972876906395,1.1333997725822722,0.799972876906395,0.799972876906395,-1.0
95,5,q.conv2.weight,"[1, 128, 1]",float32,float32,0.6614125191557393,0.1123163244430193,0.7688214461865946,1.1623932476632852,0.22005070187151432,0.05240564257343294,-0.9490498728779891
95,5,w_layers.0.bias,[64],float32,float32,0.16784256135575515,0.005400966012573002,0.17108067208155037,1.0192925483240916,0.052935174317099154,0.016166300990704485,-0.5892368549290726
95,5,w_layers.0.weight,"[64, 64, 1]",float32,float32,0.7136974328696043,0.026454397596310224,0.7270712657289421,1.0187387991653059,0.0572045934968628,0.007061391486473553,-0.4917461904350498
95,5,w_layers.1.bias,[64],float32,float32,0.09946284766077713,0.01042431381884746,0.10436242592658541,1.0492603859736505,0.028721834998577833,0.010662371725175035,-0.4291879570122354
95,5,w_layers.1.weight,"[64, 64, 1]",float32,float32,0.22934593901257655,0.040107449757404996,0.23792517638653218,1.0374074091343959,0.021587994182482362,0.00231966326983965,-0.13046840899344103
95,5,w_layers.2.bias,[64],float32,float32,0.12273636744229939,0.01515764849032712,0.1335156673730176,1.0878248245026947,0.05740090133622289,0.012136938117293994,-0.680625249417578
95,5,w_layers.2.weight,"[64, 64, 1]",float32,float32,0.1625706770638936,0.03867090593984747,0.17533469360345813,1.0785136456960684,0.03478340001311153,0.0015399585590118725,-0.22408942386520553
95,5,w_layers.3.bias,[64],float32,float32,0.22962417843092278,0.0328516841237859,0.261702312080655,1.139698414465453,0.06758466269820929,0.026499652234292626,-0.9731241417847223
95,5,w_layers.3.weight,"[64, 64, 1]",float32,float32,0.19382353964077292,0.04054311124680778,0.21789901815037746,1.1242133878796423,0.02533691842108965,0.0019335222569325516,-0.5261169164189341
96,5,conv_layers.0.weights1,"[64, 64, 16]",complex64,complex64,0.02566624991427201,0.07834379794802931,0.08147785460054728,3.1745134124654726,0.005695393716450781,5.795667197914549e-05,0.039254759004669314
96,5,conv_layers.1.weights1,"[64, 64, 16]",complex64,complex64,0.018093862291002433,0.04004588730536304,0.04456817573776532,2.4631654105120395,0.005328912302502431,3.122219587110641e-05,-0.03813311304875626
96,5,conv_layers.2.weights1,"[64, 64, 16]",complex64,complex64,0.014307601698816962,0.024090761991927175,0.028264406746929576,1.9754817992498803,0.002110048895701766,2.6400443113479033e-05,-0.02002490410378116
96,5,conv_layers.3.weights1,"[64, 64, 16]",complex64,complex64,0.011405882658368265,0.016275390458647065,0.01950453500861515,1.7100417032876511,0.0013812764664180577,1.89086974533775e-05,0.03920487165817914
96,5,mlp_layers.0.conv0.bias,[64],float32,float32,0.003925216803953773,0.0035532873863014184,0.004252971701370447,1.0834998202103219,0.0013675799418706447,0.00040778052481726945,0.35653215865626303
96,5,mlp_layers.0.conv0.weight,"[64, 64, 1]",float32,float32,0.01288610841720785,0.017969110332850625,0.02200444811877012,1.7076100406997836,0.0020861226366832852,0.0002388453993603856,0.010246038150468002
96,5,mlp_layers.0.conv2.bias,[64],float32,float32,0.006074736276610643,0.010509562922719604,0.007913735740070984,1.302729102914472,0.0040726788865868,0.0006444636005724647,0.6635524255420107
96,5,mlp_layers.0.conv2.weight,"[64, 64, 1]",float32,float32,0.016063152524856066,0.01711524128829151,0.024802061832459713,1.5440345096693249,0.0031452165567316115,0.0002468786727525957,-0.11673361912778396
96,5,mlp_layers.1.conv0.bias,[64],float32,float32,0.0022903086128145027,0.007414843435286481,0.0067068344697864875,2.928354035897646,0.0021220643538981676,0.0006754140798221897,0.4488145379140648
96,5,mlp_layers.1.conv0.weight,"[64, 64, 1]",float32,float32,0.011375656276174146,0.011875202027730675,0.016201198047497894,1.4241989784299875,0.0011294215073576197,0.00018841310479195128,0.029414707463207932
96,5,mlp_layers.1.conv2.bias,[64],float32,float32,0.00424651392521534,0.015064754999500255,0.014433554403221586,3.398918420475841,0.0073297695198562,0.0012782321475750535,0.28646778743462903
96,5,mlp_layers.1.conv2.weight,"[64, 64, 1]",float32,float32,0.0150910281223371,0.01764585189937425,0.02581333668120343,1.7105088183485406,0.003958681132644415,0.0002526119750650077,-0.23885838396346673
96,5,mlp_layers.2.conv0.bias,[64],float32,float32,0.002785968451008306,0.013301026256834804,0.012007522190036127,4.309999341769405,0.0037641327865003404,0.001193162677530779,0.5464441491911923
96,5,mlp_layers.2.conv0.weight,"[64, 64, 1]",float32,float32,0.013923417287828681,0.01031627693721178,0.016373307482970657,1.1759546628889428,0.0016307557962136343,0.00017962982762125684,0.11209415091483214
96,5,mlp_layers.2.conv2.bias,[64],float32,float32,0.00488997315566496,0.032677792780543065,0.031082223208164544,6.356317758545619,0.013887848210288212,0.0028469504852708383,0.3931491447601262
96,5,mlp_layers.2.conv2.weight,"[64, 64, 1]",float32,float32,0.01658211679132299,0.01484091889803809,0.023159199360623474,1.3966370911548582,0.0055490112863481045,0.0002356445854598127,-0.08356373783694329
96,5,mlp_layers.3.conv0.bias,[64],float32,float32,0.0021357027851888967,0.025280189862897838,0.024010706664164053,11.242531887244963,0.007323885374717065,0.0024916663294547448,0.6217260869305371
96,5,mlp_layers.3.conv0.weight,"[64, 64, 1]",float32,float32,0.008453464270783317,0.008035234789471305,0.009527658608271154,1.1270714943695266,0.0007940538052935153,0.00010117233425082847,0.3330835325360012
96,5,mlp_layers.3.conv2.bias,[64],float32,float32,0.00438658763537287,0.0880296530189371,0.08381437383513217,19.106964411075253,0.021314705023542047,0.008513276597533093,0.9628552500269802
96,5,mlp_layers.3.conv2.weight,"[64, 64, 1]",float32,float32,0.013435410498345195,0.021700990069788196,0.024479688598885236,1.822027589101229,0.001775938260834664,0.00026494485726567124,0.08949747105689022
96,5,p.bias,[64],float32,float32,0.017183690379183873,0.011333505279835647,0.009077554779211796,0.5282657321507749,0.004073441959917545,0.0008369944924027095,0.8763107125732855
96,5,p.weight,"[64, 2]",float32,float32,0.01992735702800403,0.015974512876429457,0.011273779925570968,0.565743862054956,0.0032385965168941766,0.0007255427204171383,0.8249093716379772
96,5,q.conv0.bias,[128],float32,float32,0.004613268116890151,0.0840753606005592,0.07967734933760073,17.27134589162184,0.017700939788483083,0.005808295471471325,0.9558401704170119
96,5,q.conv0.weight,"[128, 64, 1]",float32,float32,0.014040536875635796,0.09081485427348272,0.08546202470531919,6.086806043266008,0.005407293851021677,0.0006094684209406566,0.44730857538317764
96,5,q.conv2.bias,[1],float32,float32,0.013239933177828789,0.25852835178375244,0.24528841860592365,18.52640910731155,0.24528841860592365,0.24528841860592365,1.0
96,5,q.conv2.weight,"[1, 128, 1]",float32,float32,0.019499659075202493,0.23293648452917073,0.22262270442488916,11.416748547567996,0.06550405360758305,0.015204710128031707,0.559067642471844
96,5,w_layers.0.bias,[64],float32,float32,0.006070765964271335,0.010502480893300284,0.007913781437474713,1.3035886219383508,0.004072678042575717,0.0006444743467355352,0.6628833274820985
96,5,w_layers.0.weight,"[64, 64, 1]",float32,float32,0.030510612452744567,0.057738732121082055,0.048724564132064024,1.5969710279506706,0.0043087240774184465,0.00046842405466877846,0.5365940633499239
96,5,w_layers.1.bias,[64],float32,float32,0.004251070426454199,0.01508072811321601,0.014433550753968242,3.395274438209486,0.007329762753215618,0.0012782354143681118,0.28991588730829393
96,5,w_layers.1.weight,"[64, 64, 1]",float32,float32,0.018426573240212327,0.03652236742872814,0.041214582726604644,2.2366927474427,0.005829712783452123,0.0003924271205316479,-0.018737427165026986
96,5,w_layers.2.bias,[64],float32,float32,0.004905048964834625,0.032679943777745774,0.031082223505316336,6.336781493549124,0.013887847366277128,0.0028469515155506997,0.39281405500532907
96,5,w_layers.2.weight,"[64, 64, 1]",float32,float32,0.021429739202340353,0.037159558974537224,0.04328509440892913,2.019860997851152,0.005230788141489029,0.0004450559280179192,-0.021054894352600065
96,5,w_layers.3.bias,[64],float32,float32,0.004384294604379396,0.0880273494546114,0.08381437512179772,19.11695784267713,0.021314705023542047,0.00851327676576119,0.9628322881216501
96,5,w_layers.3.weight,"[64, 64, 1]",float32,float32,0.01878773060685943,0.0517764498957235,0.048460660230451744,2.57937806563815,0.0038118361844681203,0.0005015799969663899,0.3522670501772703
97,5,conv_layers.0.weights1,"[64, 64, 16]",complex64,complex64,0.6031650274125502,0.10543393669577682,0.6242643272898728,1.034980973561803,0.035382389643928036,0.0002999066525071953,-0.11621827773583966
97,5,conv_layers.1.weights1,"[64, 64, 16]",complex64,complex64,0.1508009199758928,0.05573851598664794,0.16093799304069722,1.067221559831498,0.010309830991900526,9.917195501174653e-05,-0.003172832365395076
97,5,conv_layers.2.weights1,"[64, 64, 16]",complex64,complex64,0.06977100825219837,0.027560439631296167,0.07528708734374243,1.0790597589131192,0.0066604362218640745,5.925912129507794e-05,-0.010550127581932663
97,5,conv_layers.3.weights1,"[64, 64, 16]",complex64,complex64,0.06189980556930257,0.012836028138951664,0.0646943377774063,1.0451460579302625,0.008172122528776526,4.185039087986544e-05,-0.11894050249059862
97,5,mlp_layers.0.conv0.bias,[64],float32,float32,0.10040133370130856,0.006186966735408344,0.10161566218045914,1.0120947445057171,0.04438422166276723,0.009226977883201926,-0.16664777523599822
97,5,mlp_layers.0.conv0.weight,"[64, 64, 1]",float32,float32,0.2509527711760683,0.02511926481678594,0.2550287788909746,1.0162421307236593,0.03572000848362222,0.0023397381770460107,-0.11353618382254708
97,5,mlp_layers.0.conv2.bias,[64],float32,float32,0.16054172949808096,0.00668517622311487,0.15888990284356144,0.9897109202717337,0.047434710460947827,0.01497391515090385,0.26663750175969786
97,5,mlp_layers.0.conv2.weight,"[64, 64, 1]",float32,float32,0.26346293466663523,0.023107901641703663,0.2677263531374283,1.0161822325261338,0.033306745695881546,0.0022645916945488037,-0.14213909468936864
97,5,mlp_layers.1.conv0.bias,[64],float32,float32,0.04966234271882937,0.0054133045705584025,0.05044137327073528,1.0156865445578456,0.020079658745089546,0.004684218372261739,-0.09053797783962599
97,5,mlp_layers.1.conv0.weight,"[64, 64, 1]",float32,float32,0.08497958557974489,0.018320187944252064,0.08934821320991213,1.0514079658115973,0.010622877161949873,0.0009161696049696522,-0.1367974264133123
97,5,mlp_layers.1.conv2.bias,[64],float32,float32,0.09620541279605901,0.007115594330754398,0.09662928159317385,1.0044058726509846,0.028539085760712624,0.009479486791448721,-0.02271896313110905
97,5,mlp_layers.1.conv2.weight,"[64, 64, 1]",float32,float32,0.18203350432078444,0.01880073267595257,0.18329339361927538,1.0069211945525738,0.029911522928159684,0.0013917663828792726,-0.015603822873781096
97,5,mlp_layers.2.conv0.bias,[64],float32,float32,0.04534189809018084,0.005652903123025036,0.046125027520582125,1.0172716507995256,0.029763151425868273,0.003924441090731534,-0.07739574724270969
97,5,mlp_layers.2.conv0.weight,"[64, 64, 1]",float32,float32,0.09479931951068127,0.016947547634191235,0.09839564674804054,1.0379362136344668,0.017377563868649304,0.0008972050193599146,-0.12684205583412317
97,5,mlp_layers.2.conv2.bias,[64],float32,float32,0.12421698958976499,0.00736465714198085,0.12599455252612593,1.0143101434210526,0.055101218895288184,0.011230142696220469,-0.21344663039576994
97,5,mlp_layers.2.conv2.weight,"[64, 64, 1]",float32,float32,0.16784244857143193,0.021010031935090642,0.17450624539070556,1.0397026906839815,0.05644680489785969,0.001201637857058957,-0.26087988221163255
97,5,mlp_layers.3.conv0.bias,[64],float32,float32,0.06569183778220332,0.004557387970579659,0.06581774864475716,1.0019166896041376,0.02681806613691151,0.006271306259307607,0.007033293411274617
97,5,mlp_layers.3.conv0.weight,"[64, 64, 1]",float32,float32,0.04949585977749423,0.017127227531182884,0.06052913885622523,1.2229131714921302,0.0051721863565035164,0.0006401379425279158,-0.5429783132402413
97,5,mlp_layers.3.conv2.bias,[64],float32,float32,0.2293196776395063,0.004751396076111148,0.22575125099233018,0.9844390735068721,0.05920776422135532,0.02277694466505409,0.755543407762769
97,5,mlp_layers.3.conv2.weight,"[64, 64, 1]",float32,float32,0.1180821842040484,0.02616446820387743,0.13938297423710544,1.1803895327363596,0.015717315021902323,0.0013951291535103522,-0.7767506836209409
97,5,p.bias,[64],float32,float32,0.4824234143460665,0.005318411092247198,0.4811920853026645,0.9974476175766238,0.19684781742398627,0.04392058889490613,0.23673869110251372
97,5,p.weight,"[64, 2]",float32,float32,0.34201898946912157,0.013937042549905328,0.3447078488605947,1.0078617254429256,0.09967698209220544,0.022623562016292453,-0.17331269457508028
97,5,q.conv0.bias,[128],float32,float32,0.22731699160787977,0.006446761137796123,0.22427700405479736,0.9866266593993714,0.054362056755053345,0.01603470524492323,0.48257968487543157
97,5,q.conv0.weight,"[128, 64, 1]",float32,float32,0.32211858759573575,0.033217047907374016,0.34864131858749364,1.082338405832837,0.023783342447131872,0.0024125459620074332,-0.7797794232263726
97,5,q.conv2.bias,[1],float32,float32,0.6896048188209534,0.01643812656402588,0.6731666922569275,0.9761629760764566,0.6731666922569275,0.6731666922569275,1.0
97,5,q.conv2.weight,"[1, 128, 1]",float32,float32,0.7443386363440707,0.06007498540349599,0.7918976408816423,1.0638943112924577,0.23078354820609093,0.05369419314018842,-0.7765973933045668
97,5,w_layers.0.bias,[64],float32,float32,0.16053714298575353,0.006677597716026124,0.1588898922570462,0.9897391301597194,0.04743460915051401,0.014973897925244728,0.2662152138072188
97,5,w_layers.0.weight,"[64, 64, 1]",float32,float32,0.6815401831082867,0.03226386045589707,0.6780969039298004,0.9949477972629837,0.055398762109689415,0.006550351981761737,0.13012270272546592
97,5,w_layers.1.bias,[64],float32,float32,0.09622174266966933,0.007121318786649364,0.096629301068345,1.0042356164767752,0.028539113700389862,0.00947948672958887,-0.02034722366279812
97,5,w_layers.1.weight,"[64, 64, 1]",float32,float32,0.22696317108320327,0.023924913965552744,0.23503647324888016,1.0355709788823724,0.023995712166652083,0.0021552824497901163,-0.29073830506603177
97,5,w_layers.2.bias,[64],float32,float32,0.12422273384546786,0.007360938764292756,0.1259945577957645,1.0142632825365183,0.05510122113628313,0.011230143715547314,-0.21279489271702276
97,5,w_layers.2.weight,"[64, 64, 1]",float32,float32,0.1826555008438404,0.02174562944826524,0.19179680468802796,1.0500466933760884,0.038192766543943435,0.0015253093021539502,-0.37136712894282486
97,5,w_layers.3.bias,[64],float32,float32,0.229319067122627,0.0047525576227154176,0.22575124855645046,0.9844416837599087,0.05920776235871017,0.02277694440567757,0.7552378688015725
97,5,w_layers.3.weight,"[64, 64, 1]",float32,float32,0.21943258352377587,0.03665433836970083,0.2344108132424085,1.0682589134125093,0.029829074162989855,0.0021267742859774237,-0.33906031533413017
98,5,conv_layers.0.weights1,"[64, 64, 16]",complex64,complex64,0.02139427999328731,0.16297021259950972,0.16786747585070258,7.846371829450342,0.012364865484414622,9.584001927083469e-05,-0.16670594781459822
98,5,conv_layers.1.weights1,"[64, 64, 16]",complex64,complex64,0.013751529661437726,0.06671671767395616,0.0680005696671672,4.9449458599398985,0.00930861746383016,3.723677572822641e-05,0.008800146235310847
98,5,conv_layers.2.weights1,"[64, 64, 16]",complex64,complex64,0.012215099279315297,0.028557958569790067,0.03108178817477745,2.5445383180315586,0.0024354954075533897,2.6748045746430273e-05,-0.001880395684157136
98,5,conv_layers.3.weights1,"[64, 64, 16]",complex64,complex64,0.011111337711227083,0.012777624893740175,0.016643580298091227,1.4978916788096786,0.000855599626561343,1.7168160939040803e-05,0.03423368710075666
98,5,mlp_layers.0.conv0.bias,[64],float32,float32,0.003666894823606961,0.006197781816138397,0.005484424874768055,1.4956591717493743,0.002019085382926278,0.0004633867507948253,0.47916730631123017
98,5,mlp_layers.0.conv0.weight,"[64, 64, 1]",float32,float32,0.0136653645704643,0.039999906046500326,0.04119098804292079,3.014261919652632,0.004637900070520118,0.0004069420715160643,0.08235911639919513
98,5,mlp_layers.0.conv2.bias,[64],float32,float32,0.007120489904654896,0.008382473111686236,0.008026110639613287,1.1271851722402355,0.003401675377972424,0.0006947131978449761,0.47370852409881414
98,5,mlp_layers.0.conv2.weight,"[64, 64, 1]",float32,float32,0.020115182842922078,0.030583011254706634,0.032852290646393965,1.6332086515412256,0.004523684503510594,0.0003161762363600301,0.21186233643328162
98,5,mlp_layers.1.conv0.bias,[64],float32,float32,0.0030607025435456436,0.0031076627289043524,0.0035323409672233276,1.1540948252786822,0.0010361740714870393,0.00035756633994310505,0.34421198831774447
98,5,mlp_layers.1.conv0.weight,"[64, 64, 1]",float32,float32,0.010738235971875414,0.013545406115475778,0.016743149727771228,1.559208586179641,0.0013137230998836458,0.00019755267374288454,0.0634382875369037
98,5,mlp_layers.1.conv2.bias,[64],float32,float32,0.007839707259631866,0.007908424815951932,0.008525946116045227,1.0875337348304999,0.0025826682685874403,0.0008041904151809831,0.4138117319927197
98,5,mlp_layers.1.conv2.weight,"[64, 64, 1]",float32,float32,0.026996334809278454,0.0133234158894523,0.02706099609513388,1.0023951875805452,0.004095320153282955,0.00024428668727424427,0.24190440300748464
98,5,mlp_layers.2.conv0.bias,[64],float32,float32,0.0046580000470161816,0.00535296908682269,0.006571086558569236,1.4107098523493014,0.0025175597984343767,0.0006202504629371219,0.14382021446174156
98,5,mlp_layers.2.conv0.weight,"[64, 64, 1]",float32,float32,0.01839460200741824,0.014319375537039328,0.021308525191259975,1.1584118635818594,0.003284152306150645,0.0002447699652799312,0.16961450187924632
98,5,mlp_layers.2.conv2.bias,[64],float32,float32,0.017463330202719396,0.008439994559461771,0.017155734693901886,0.9823862055377267,0.009362952667288482,0.0014833946991643643,0.2777730789584401
98,5,mlp_layers.2.conv2.weight,"[64, 64, 1]",float32,float32,0.037760135057459634,0.023548663539735868,0.035009686175529506,0.9271599829358458,0.0077250865288078785,0.0003099392130580525,0.42436382171400305
98,5,mlp_layers.3.conv0.bias,[64],float32,float32,0.006488071361838294,0.005606786964755286,0.010619153971816618,1.6367196628379632,0.0031376491533592343,0.0010582286646467765,-0.539283732782022
98,5,mlp_layers.3.conv0.weight,"[64, 64, 1]",float32,float32,0.008107878932472647,0.014261335519064723,0.012274100824394443,1.513848557263944,0.0010236390517093241,0.00014393011622313226,0.5122834853421276
98,5,mlp_layers.3.conv2.bias,[64],float32,float32,0.026638695335138136,0.015066442617738325,0.041105780463926225,1.543085348091544,0.01041676802560687,0.00419565357213969,-0.9381670639279397
98,5,mlp_layers.3.conv2.weight,"[64, 64, 1]",float32,float32,0.014286677020176556,0.021616791812071347,0.01639177402166495,1.1473468601911725,0.0012760827667079866,0.00017004535407925958,0.6519797378197522
98,5,p.bias,[64],float32,float32,0.014241988117561274,0.007310882321841825,0.010715179993886121,0.7523654636864656,0.0035190857015550137,0.0010684804361176248,0.6793416571465366
98,5,p.weight,"[64, 2]",float32,float32,0.024605180736275944,0.028074100221817812,0.032889905277630534,1.336706510313913,0.007548367604613304,0.0021908566249351225,0.22570820683222015
98,5,q.conv0.bias,[128],float32,float32,0.0272386160507025,0.015172447376017738,0.040699883618325036,1.494197926303064,0.008627754403278232,0.002975739296513069,-0.8279386981391542
98,5,q.conv0.weight,"[128, 64, 1]",float32,float32,0.06403170233044195,0.02994233815423709,0.04782197768116113,0.7468484506997967,0.003828803077340126,0.00033163564227482723,0.7066497360054066
98,5,q.conv2.bias,[1],float32,float32,0.07825029641389847,0.04943859204649925,0.12768888846039772,1.6318006999615429,0.12768888846039772,0.12768888846039772,-1.0
98,5,q.conv2.weight,"[1, 128, 1]",float32,float32,0.1242549814002158,0.05072751821296017,0.09992831724650846,0.8042198076924335,0.025417580734938383,0.006955816524509828,0.6367385318001214
98,5,w_layers.0.bias,[64],float32,float32,0.007115748888570751,0.008384438445991212,0.008026010671682151,1.12792213403897,0.003401790338102728,0.0006947261788923242,0.4736369981628692
98,5,w_layers.0.weight,"[64, 64, 1]",float32,float32,0.04149440717991811,0.09395288225555923,0.09330327877979597,2.2485748109434756,0.007908920961199328,0.0008967656759806125,0.23642670567814336
98,5,w_layers.1.bias,[64],float32,float32,0.007845310593254329,0.007920561823412785,0.008525942932649208,1.0867565829681887,0.0025826606433838606,0.0008041920167300987,0.4151360083846438
98,5,w_layers.1.weight,"[64, 64, 1]",float32,float32,0.031236047733515727,0.03787908950076744,0.042624798618753866,1.3646028134672816,0.005675641819834709,0.0004141472472901919,0.2508646595152641
98,5,w_layers.2.bias,[64],float32,float32,0.017461534677291456,0.008437612297321232,0.017155732389272507,0.982487089842301,0.009362952318042517,0.0014833938500089516,0.27753108457177206
98,5,w_layers.2.weight,"[64, 64, 1]",float32,float32,0.06462046223207932,0.025089107938756888,0.06131766916632627,0.9488893617954739,0.012654265970923007,0.0005031642112853507,0.32240499243695747
98,5,w_layers.3.bias,[64],float32,float32,0.026640482216939824,0.015066242971165648,0.04110578092868271,1.542981864740604,0.010416768491268158,0.004195653688952916,-0.9380055124755544
98,5,w_layers.3.weight,"[64, 64, 1]",float32,float32,0.0618134439827678,0.04058329816730541,0.05745933715111639,0.9295605203155282,0.005435277591459453,0.000542370446908344,0.43178190957679563
99,5,conv_layers.0.weights1,"[64, 64, 16]",complex64,complex64,0.45456481626954093,0.19121072242454973,0.4763486903837087,1.0479224817550568,0.026873441122006625,0.00026869690739672884,0.09366702023479184
99,5,conv_layers.1.weights1,"[64, 64, 16]",complex64,complex64,0.11199784824559769,0.08638489888770451,0.12611649208602208,1.1260617419136831,0.011482865083962679,8.338489745298756e-05,0.2119137939246357
99,5,conv_layers.2.weights1,"[64, 64, 16]",complex64,complex64,0.05154099860447799,0.039440264424915134,0.058633209481919864,1.1376032880516538,0.004596733837388456,5.063489490283642e-05,0.19041699024279607
99,5,conv_layers.3.weights1,"[64, 64, 16]",complex64,complex64,0.03696003386120961,0.025579732564700263,0.03731417464493407,1.009581722383002,0.0035881446965504438,3.177417209715717e-05,0.3321349360534457
99,5,mlp_layers.0.conv0.bias,[64],float32,float32,0.07320698176010491,0.007190214719509586,0.06892963612044897,0.9415718892267331,0.026597192510962486,0.00650410429368975,0.6266140932367432
99,5,mlp_layers.0.conv0.weight,"[64, 64, 1]",float32,float32,0.18695061902657858,0.04353552857493105,0.1867151941770241,0.998740711045621,0.0229696836322546,0.0017751011370575193,0.12184014769382706
99,5,mlp_layers.0.conv2.bias,[64],float32,float32,0.11501511837829033,0.02058046154647226,0.0991243339026281,0.8618374288552514,0.02967700408771634,0.00945707237154636,0.8082584425413648
99,5,mlp_layers.0.conv2.weight,"[64, 64, 1]",float32,float32,0.19341122370363545,0.03854860654145106,0.18126518541352601,0.9372009645690426,0.021818303735926747,0.0016203132089995659,0.4048447648032679
99,5,mlp_layers.1.conv0.bias,[64],float32,float32,0.035617918338543775,0.011202552812685956,0.028694121525042453,0.8056091670576726,0.009871579706668854,0.002870731194406062,0.7152432035599734
99,5,mlp_layers.1.conv0.weight,"[64, 64, 1]",float32,float32,0.06371421499902523,0.02266441980139272,0.061544411182284035,0.9659447453480453,0.005944075994193554,0.0006790344274491822,0.2719659638782176
99,5,mlp_layers.1.conv2.bias,[64],float32,float32,0.0662060733227205,0.019332799736085482,0.0523432871998999,0.7906115643613743,0.01528908553882502,0.005288024491676424,0.7879930992336147
99,5,mlp_layers.1.conv2.weight,"[64, 64, 1]",float32,float32,0.1290052193717986,0.02274054107966266,0.12648162368684174,0.9804380342342294,0.019180419971235096,0.0010019009842767296,0.19802605987368727
99,5,mlp_layers.2.conv0.bias,[64],float32,float32,0.03146085975395753,0.01578664167304857,0.023793550299336125,0.7562905300559398,0.01066693477332592,0.0022253738783888366,0.6773939194445626
99,5,mlp_layers.2.conv0.weight,"[64, 64, 1]",float32,float32,0.06527727421843164,0.02013817543324076,0.06220086706774763,0.952871697117902,0.00924632465466857,0.0006271067454504953,0.30341620757185356
99,5,mlp_layers.2.conv2.bias,[64],float32,float32,0.08642327214043703,0.036277085592503144,0.05948747630463284,0.6883270539440607,0.02354034036397934,0.005230372260882632,0.8366731158581188
99,5,mlp_layers.2.conv2.weight,"[64, 64, 1]",float32,float32,0.11506134508273493,0.03442869997038578,0.10510973120539983,0.9135103637961178,0.032797588501125574,0.0007973684073963455,0.4261602264251012
99,5,mlp_layers.3.conv0.bias,[64],float32,float32,0.045933174857451645,0.02505289635248681,0.026362015923524357,0.5739210495537453,0.010208440711721778,0.0025151799696914168,0.8874786824981025
99,5,mlp_layers.3.conv0.weight,"[64, 64, 1]",float32,float32,0.027613632213087807,0.018811517111458016,0.021104032604240187,0.7642613779087593,0.0025996880140155554,0.00021709380086656904,0.6458755357733174
99,5,mlp_layers.3.conv2.bias,[64],float32,float32,0.1618565441911637,0.07971868789723845,0.08546687687090349,0.5280409099181139,0.023530633334303275,0.008637655419533985,0.9783786723863898
99,5,mlp_layers.3.conv2.weight,"[64, 64, 1]",float32,float32,0.07217230749315813,0.04476760313024089,0.03858448508247275,0.5346162042294481,0.0051326334942132235,0.00036685521902042606,0.8858327211007682
99,5,p.bias,[64],float32,float32,0.35571490763527436,0.02837777568776174,0.32957381790590473,0.9265111212145967,0.13644819799810648,0.029556820966718078,0.9272218354096675
99,5,p.weight,"[64, 2]",float32,float32,0.254373586390651,0.03736780387782302,0.2395196031369061,0.9416056381304736,0.07432573253754526,0.014899366017402826,0.4593520633098589
99,5,q.conv0.bias,[128],float32,float32,0.1619667756652575,0.07744894457920669,0.08526473575161639,0.5264334947794235,0.019751911982893944,0.006224311786795056,0.9949453995550055
99,5,q.conv0.weight,"[128, 64, 1]",float32,float32,0.21852539338883173,0.13109919973527542,0.10368819420667218,0.47449036745205747,0.008267912082374096,0.0007186285394395388,0.9457580357437707
99,5,q.conv2.bias,[1],float32,float32,0.4966669976711273,0.22725383937358856,0.26941315829753876,0.5424422390873919,0.26941315829753876,0.26941315829753876,1.0
99,5,q.conv2.weight,"[1, 128, 1]",float32,float32,0.5044664227440453,0.30115319851170497,0.22119309828636505,0.438469417019244,0.06891307234764099,0.015292888716260222,0.9750196293771641
99,5,w_layers.0.bias,[64],float32,float32,0.11501957985605271,0.020580967728118352,0.09912434882206896,0.8618041288806942,0.02967694029211998,0.009457074276722821,0.8084277617692333
99,5,w_layers.0.weight,"[64, 64, 1]",float32,float32,0.4953874676624896,0.13727263813877597,0.4296973509957144,0.8673964907171808,0.03594014421105385,0.004267416507807362,0.5853604809711653
99,5,w_layers.1.bias,[64],float32,float32,0.06619021988723764,0.019318556061751535,0.052343272978940494,0.7908007114663321,0.015289035945897922,0.005288024563952831,0.7877275436593141
99,5,w_layers.1.weight,"[64, 64, 1]",float32,float32,0.15909712641151802,0.0571613789326458,0.13036464489418062,0.8194028882519321,0.013663243735209107,0.0012946389873025738,0.6369094619656559
99,5,w_layers.2.bias,[64],float32,float32,0.0864179607428,0.03627342625021312,0.059487468878550644,0.6883692737855643,0.02354034222662449,0.0052303713723915735,0.8366203127402968
99,5,w_layers.2.weight,"[64, 64, 1]",float32,float32,0.13933636894283147,0.04828549429892206,0.117287897821106,0.8417608317985396,0.02447145525366068,0.0009546294588628768,0.5937685959853951
99,5,w_layers.3.bias,[64],float32,float32,0.16185728008866826,0.0797209788370925,0.08546687564037359,0.5280385015339027,0.02353063298505731,0.008637655335860472,0.97836950150411
99,5,w_layers.3.weight,"[64, 64, 1]",float32,float32,0.15988726208778578,0.08912248683021337,0.12520879948013805,0.7831067831494445,0.015289638511603698,0.0011632142252747876,0.6256166074295395
100,5,conv_layers.0.weights1,"[64, 64, 16]",complex64,complex64,0.08882068856300605,0.3135634254371796,0.32926699372629786,3.7070979639245674,0.021023596142185852,0.00019433512495872082,-0.03959683773264136
100,5,conv_layers.1.weights1,"[64, 64, 16]",complex64,complex64,0.026747878377118617,0.10297208155310666,0.10735688304508245,4.013659757662146,0.013144308046321385,6.681158318208823e-05,-0.03754182693532152
100,5,conv_layers.2.weights1,"[64, 64, 16]",complex64,complex64,0.014675194652774268,0.03748264655866174,0.040675571301190615,2.7717227787163363,0.0020690020746769733,3.7337873519833545e-05,-0.031079927998258698
100,5,conv_layers.3.weights1,"[64, 64, 16]",complex64,complex64,0.011006804530539753,0.019304834784769426,0.02443556880489936,2.2200420419114217,0.0019153146422468126,2.1868454203113635e-05,-0.24300739558415924
100,5,mlp_layers.0.conv0.bias,[64],float32,float32,0.015075134415463473,0.010146901902040172,0.020373567158637078,1.3514683582349145,0.009398158174008131,0.0017102779853246375,-0.27739168443690165
100,5,mlp_layers.0.conv0.weight,"[64, 64, 1]",float32,float32,0.038753040425243065,0.08521363719237438,0.098584562101746,2.5439181292606325,0.010709264897741377,0.0009938875836771818,-0.14471086652116
100,5,mlp_layers.0.conv2.bias,[64],float32,float32,0.025821583033047487,0.02547553550890948,0.04701568567262638,1.8207902130730653,0.016469920054078102,0.004129023313630853,-0.6800640511255653
100,5,mlp_layers.0.conv2.weight,"[64, 64, 1]",float32,float32,0.042513847335358734,0.058451902136741035,0.07836784491697261,1.843348692927966,0.012173564871773124,0.0007018856279989924,-0.18459988133361258
100,5,mlp_layers.1.conv0.bias,[64],float32,float32,0.008132484920940014,0.009102874235271305,0.01520692600740326,1.8698990720840498,0.00586008420214057,0.0014610786313937751,-0.5555321711750651
100,5,mlp_layers.1.conv0.weight,"[64, 64, 1]",float32,float32,0.01691348055906846,0.03215629045776532,0.03735649162579285,2.2086815008495404,0.003086729790084064,0.00040428156829006023,-0.06933087069101584
100,5,mlp_layers.1.conv2.bias,[64],float32,float32,0.017017681977445794,0.019190181721755902,0.032332601408729164,1.8999415696909154,0.011529648676514626,0.003302482809750984,-0.593333251720568
100,5,mlp_layers.1.conv2.weight,"[64, 64, 1]",float32,float32,0.028058650759333635,0.02547171817883413,0.03623510048629241,1.2914056629839514,0.004415932053234428,0.0003661867208619371,0.08612945988558107
100,5,mlp_layers.2.conv0.bias,[64],float32,float32,0.007879046365350325,0.013489469858718888,0.018970344052826407,2.407695446018984,0.00605529872700572,0.0018766161175989282,-0.5449014531580239
100,5,mlp_layers.2.conv0.weight,"[64, 64, 1]",float32,float32,0.015065321399495343,0.015310291448058183,0.02078377108817995,1.3795770124675975,0.00244215912243817,0.00023267208131567962,0.06373991699999947
100,5,mlp_layers.2.conv2.bias,[64],float32,float32,0.02807653631823948,0.027927497925652446,0.0531005383514298,1.8912781031659476,0.024846171960234642,0.004994792554441574,-0.797996630037363
100,5,mlp_layers.2.conv2.weight,"[64, 64, 1]",float32,float32,0.028700148770401213,0.021177502789791147,0.03353753512615275,1.1685491735408837,0.00977434148080647,0.00030650942204325793,0.12127304423717036
100,5,mlp_layers.3.conv0.bias,[64],float32,float32,0.015935214402517738,0.02393427018121436,0.038654264029134834,2.425713457801203,0.011808354407548904,0.003911363395616263,-0.874902671664266
100,5,mlp_layers.3.conv0.weight,"[64, 64, 1]",float32,float32,0.006367684749868541,0.00883890894995268,0.008741169974950311,1.3727391223522445,0.0008870701713021845,9.064630793449366e-05,0.3754719747491749
100,5,mlp_layers.3.conv2.bias,[64],float32,float32,0.0600349474659877,0.07704740877601136,0.13637265887773004,2.271554563364794,0.03494666889309883,0.013817723816373473,-0.9790218630100879
100,5,mlp_layers.3.conv2.weight,"[64, 64, 1]",float32,float32,0.021380527125042258,0.01944551503897716,0.035272351248849705,1.6497418909534949,0.0024262364022433758,0.0003805274610026513,-0.49173601228394404
100,5,p.bias,[64],float32,float32,0.07433991021636623,0.02878958020794728,0.10159699625030304,1.3666548150866082,0.0386086655780673,0.009574022764695655,-0.9267031171480337
100,5,p.weight,"[64, 2]",float32,float32,0.05986117688588542,0.0547881480313954,0.09380737195400192,1.5670819859226761,0.02231532894074917,0.006582335798015038,-0.33764259475092173
100,5,q.conv0.bias,[128],float32,float32,0.05987421960841761,0.07368555420808715,0.13342103671443883,2.228355335351735,0.029774210415780544,0.00976569907474456,-0.9958022124995113
100,5,q.conv0.weight,"[128, 64, 1]",float32,float32,0.0721779875074801,0.05640569328075508,0.12440770773786088,1.7236239473283734,0.009499029722064734,0.0008681393303877089,-0.8702504919027678
100,5,q.conv2.bias,[1],float32,float32,0.18522293865680695,0.23205576837062836,0.4172787070274353,2.252845733111903,0.4172787070274353,0.4172787070274353,-1.0
100,5,q.conv2.weight,"[1, 128, 1]",float32,float32,0.17618634891157123,0.15795462044756073,0.32959447996092284,1.8707151944351141,0.08687819167971611,0.022657190946262062,-0.9457828592646598
100,5,w_layers.0.bias,[64],float32,float32,0.025825209914299346,0.025477586683113878,0.04701564202451366,1.820532811951365,0.016469859518110752,0.004129021618467732,-0.6796889128930076
100,5,w_layers.0.weight,"[64, 64, 1]",float32,float32,0.11297369825528987,0.1949948079652987,0.2596256745414632,2.2981072457659986,0.025991195812821388,0.002538616030907874,-0.3772128681135128
100,5,w_layers.1.bias,[64],float32,float32,0.017003142276569804,0.01921414703463196,0.03233257451353334,1.901564663026279,0.011529640294611454,0.003302481705759419,-0.5924457353159711
100,5,w_layers.1.weight,"[64, 64, 1]",float32,float32,0.037862663554538975,0.07332713375780531,0.08911723485421097,2.3536969269434187,0.010870702564716339,0.0008693575993200808,-0.2037616643824228
100,5,w_layers.2.bias,[64],float32,float32,0.02806973498474402,0.027929386472311156,0.05310053619875917,1.8917362856336,0.024846172891557217,0.004994791548398325,-0.7983121374977187
100,5,w_layers.2.weight,"[64, 64, 1]",float32,float32,0.03640712809718652,0.03329951356552465,0.052275184213267656,1.4358502564037012,0.011338672135025263,0.0005287306872274258,-0.12305062491367742
100,5,w_layers.3.bias,[64],float32,float32,0.060035639374955076,0.07704607221311409,0.13637265822934252,2.271528372965622,0.03494666889309883,0.013817723793636105,-0.9790408267720347
100,5,w_layers.3.weight,"[64, 64, 1]",float32,float32,0.044177462675914346,0.04671362114156546,0.0752742170328899,1.7039053959504464,0.008301235269755125,0.0006929473282685367,-0.37127613519802355
101,5,conv_layers.0.weights1,"[64, 64, 16]",complex64,complex64,0.4042516460375172,0.28591156569082454,0.5091712603298906,1.259540351463742,0.02397376054432243,0.00032654426248734985,-0.06095573921686837
101,5,conv_layers.1.weights1,"[64, 64, 16]",complex64,complex64,0.09428614215411896,0.09272784782259001,0.12701653468646548,1.3471389515422725,0.009661661635618657,9.20454173843455e-05,0.07749844840340606
101,5,conv_layers.2.weights1,"[64, 64, 16]",complex64,complex64,0.04598374226815608,0.03517877654734317,0.05595633837273176,1.2168722164111845,0.00421367165108677,5.131759006102809e-05,0.06829005756351748
101,5,conv_layers.3.weights1,"[64, 64, 16]",complex64,complex64,0.03984950803850719,0.01823495758406325,0.04031315889713165,1.011635045987931,0.004275644518202171,3.3964783297661856e-05,0.20322337222007478
101,5,mlp_layers.0.conv0.bias,[64],float32,float32,0.0652067085268908,0.009758122116388296,0.06685256340272831,1.0252405759011556,0.02834504534257576,0.006123615093713397,-0.09596920032560598
101,5,mlp_layers.0.conv0.weight,"[64, 64, 1]",float32,float32,0.1610914858598818,0.08236252162591537,0.1811762508892712,1.1246792462195006,0.02186174740199931,0.0018014113153430739,-0.0034211176753258304
101,5,mlp_layers.0.conv2.bias,[64],float32,float32,0.10135720280528242,0.016658541479493753,0.09776994800612954,0.9646077959940906,0.029845832264982164,0.009445646502783234,0.29370697889489916
101,5,mlp_layers.0.conv2.weight,"[64, 64, 1]",float32,float32,0.1650298789164226,0.05210789031115262,0.16725728622599104,1.0134969941455054,0.018826055922545493,0.00152439532747832,0.11483957185198346
101,5,mlp_layers.1.conv0.bias,[64],float32,float32,0.03097905233151756,0.006555325312055319,0.02893428868543523,0.93399528093369,0.011739533190848306,0.0026621450745984987,0.40743237164980023
101,5,mlp_layers.1.conv0.weight,"[64, 64, 1]",float32,float32,0.056411698459748486,0.025012895406284846,0.06549915187856252,1.1610916470685282,0.007524125510826707,0.0007024673414598795,-0.17087435569069967
101,5,mlp_layers.1.conv2.bias,[64],float32,float32,0.05830263612556436,0.014635213892398117,0.05447977529492879,0.93443073787603,0.020165581721812487,0.005045290282396309,0.3781568414755329
101,5,mlp_layers.1.conv2.weight,"[64, 64, 1]",float32,float32,0.1263615339481325,0.0239130230013761,0.1303566199976056,1.0316163149072957,0.01980529900174588,0.0010145257825552381,-0.07508695579149563
101,5,mlp_layers.2.conv0.bias,[64],float32,float32,0.028450954324134924,0.011408955301315287,0.027240067056103198,0.957439485008609,0.01897466368973255,0.002159535560892323,0.3043783857864232
101,5,mlp_layers.2.conv0.weight,"[64, 64, 1]",float32,float32,0.06656805305449492,0.01938318753984226,0.07293610899045214,1.0956623431775014,0.012374267564155161,0.0006840643254638692,-0.1986599737351417
101,5,mlp_layers.2.conv2.bias,[64],float32,float32,0.07465673899593239,0.02084704767788837,0.06229698229951202,0.8344455321428681,0.02647296618670225,0.005077418171225645,0.6834205621530003
101,5,mlp_layers.2.conv2.weight,"[64, 64, 1]",float32,float32,0.12777819229906043,0.026263982966729132,0.13745094929906954,1.0756995918158738,0.04509102157317102,0.0009728538615358245,-0.2794577185596948
101,5,mlp_layers.3.conv0.bias,[64],float32,float32,0.03865282467133578,0.018347210898946777,0.026190511497900627,0.6775833776857976,0.012321304995566607,0.0022624426594006763,0.8070812689288441
101,5,mlp_layers.3.conv0.weight,"[64, 64, 1]",float32,float32,0.03499286414909865,0.015489848686536908,0.04547947890486047,1.299678663372056,0.003952203725930303,0.00048381086218993175,-0.5571115995340383
101,5,mlp_layers.3.conv2.bias,[64],float32,float32,0.13330845408589484,0.0578625262283697,0.07785180969494579,0.5839975433574784,0.020766515284776688,0.007837278458282526,0.9760930066651377
101,5,mlp_layers.3.conv2.weight,"[64, 64, 1]",float32,float32,0.0785260326904651,0.02248634540837925,0.09090440503681153,1.1576339962969944,0.011627934407442808,0.0008753120548178756,-0.4506937990309789
101,5,p.bias,[64],float32,float32,0.32229861390444614,0.01046598165129182,0.3204377178898598,0.9942261743169083,0.13347031560260803,0.02890349414506943,0.19352741135235554
101,5,p.weight,"[64, 2]",float32,float32,0.2248882608510078,0.059018647186746605,0.22955517995178432,1.0207521685797039,0.06802358338609338,0.015466277934677919,0.051321890467807614
101,5,q.conv0.bias,[128],float32,float32,0.1332592735519037,0.05532216412116887,0.07993277229309294,0.5998289662141945,0.020786327309906483,0.005399448658398143,0.9786321974799037
101,5,q.conv0.weight,"[128, 64, 1]",float32,float32,0.22055011205246067,0.03734904572300977,0.20430539775932108,0.9263445656773206,0.013808433199301362,0.0014247046776778623,0.503597726761304
101,5,q.conv2.bias,[1],float32,float32,0.3979712128639221,0.1769121140241623,0.22105909883975983,0.5554650479589999,0.22105909883975983,0.22105909883975983,1.0
101,5,q.conv2.weight,"[1, 128, 1]",float32,float32,0.4850457015878851,0.10031631904114853,0.41432699400157674,0.8542019703405311,0.11751170828938484,0.02771083111082362,0.7569756208690506
101,5,w_layers.0.bias,[64],float32,float32,0.10135227019171812,0.016650136879586233,0.09776993369565518,0.9646546003430748,0.029845686978660524,0.009445630403376981,0.29349116236153594
101,5,w_layers.0.weight,"[64, 64, 1]",float32,float32,0.4294553668228313,0.27717246509150706,0.5069355759061309,1.180415044423612,0.04487542435526848,0.005244625651949081,0.017947972846005616
101,5,w_layers.1.bias,[64],float32,float32,0.05831773492029598,0.014654600019840288,0.05447979146391944,0.9341890856765624,0.02016553352586925,0.00504529050056135,0.37892016123563366
101,5,w_layers.1.weight,"[64, 64, 1]",float32,float32,0.14277794021393755,0.07481399850504876,0.1604244077552552,1.123593795476222,0.019301411230117083,0.0014126377739413498,0.011546941693439448
101,5,w_layers.2.bias,[64],float32,float32,0.07466170744160433,0.020850321351021578,0.06229698604950394,0.8343900532709985,0.026472964324057102,0.0050774188892290795,0.6835497640244378
101,5,w_layers.2.weight,"[64, 64, 1]",float32,float32,0.13804184351614585,0.039276452244627905,0.14225274427202939,1.0305045241980633,0.027314186096191406,0.0011285415785632497,0.03341578615089826
101,5,w_layers.3.bias,[64],float32,float32,0.13330732050718064,0.057861497912699754,0.07785180761469075,0.5840024937752555,0.02076651342213154,0.007837278337888165,0.9760913698909603
101,5,w_layers.3.weight,"[64, 64, 1]",float32,float32,0.16718105431790528,0.05077625650532142,0.17149970288277086,1.0258321649093887,0.019377497490495443,0.0016522805512361252,0.06570901459722438
102,5,conv_layers.0.weights1,"[64, 64, 16]",complex64,complex64,0.1180256942697983,0.45371517104688996,0.46525636209968824,3.941992165164862,0.026921236378257163,0.00026227019351989395,0.03103674592220411
102,5,conv_layers.1.weights1,"[64, 64, 16]",complex64,complex64,0.02468553357210434,0.12299336528548842,0.1251433389250612,5.069501072744819,0.012331352962064557,7.094394753223337e-05,0.012497410127018486
102,5,conv_layers.2.weights1,"[64, 64, 16]",complex64,complex64,0.01482999367673298,0.039628662932690635,0.042258769186671936,2.849547350311579,0.002503123670066998,3.829410502766718e-05,0.0038762300233984967
102,5,conv_layers.3.weights1,"[64, 64, 16]",complex64,complex64,0.013799890917554977,0.019893341035927697,0.02421399473574338,1.7546511693755866,0.0018747254798654467,2.314179971421522e-05,-0.00024685127442289963
102,5,mlp_layers.0.conv0.bias,[64],float32,float32,0.018478787388442178,0.020468968355232427,0.02687388154339094,1.4543097974166634,0.012294053565710783,0.0024625449220225804,0.05054802024891591
102,5,mlp_layers.0.conv0.weight,"[64, 64, 1]",float32,float32,0.04434212620197932,0.1692582756230623,0.17730684611866143,3.998609478287645,0.019999861775431782,0.0017121076119712003,-0.054836765240341055
102,5,mlp_layers.0.conv2.bias,[64],float32,float32,0.0276363506594325,0.024410767513399188,0.04006568553975468,1.4497458811943376,0.015399021562188864,0.003447647388469477,-0.18203141019110453
102,5,mlp_layers.0.conv2.weight,"[64, 64, 1]",float32,float32,0.03933332100381304,0.14187264225189353,0.15166467706408432,3.85588282894754,0.02439694362692535,0.0012128155864553972,-0.1189194338223792
102,5,mlp_layers.1.conv0.bias,[64],float32,float32,0.008711469884116037,0.007989187582079142,0.01107241942600779,1.2710162088945018,0.0038777956360718235,0.001080144821827389,0.12298097872584103
102,5,mlp_layers.1.conv0.weight,"[64, 64, 1]",float32,float32,0.011469709990217729,0.048174740357480816,0.049094144828328176,4.280330092931689,0.0044493297009466914,0.0005249779619428824,0.03811851996824733
102,5,mlp_layers.1.conv2.bias,[64],float32,float32,0.01687968607064956,0.013008340250148482,0.018623300224329554,1.1032965984309266,0.005584596685366705,0.0017994854164840035,0.24436428545771127
102,5,mlp_layers.1.conv2.weight,"[64, 64, 1]",float32,float32,0.029002311707184262,0.03555040352494059,0.045900648596439275,1.5826548262726612,0.00516584565048106,0.0004630856747731768,-0.0009234652646349648
102,5,mlp_layers.2.conv0.bias,[64],float32,float32,0.008952854967883648,0.005587099195694747,0.009939220790933566,1.1101733275685,0.007027043146081269,0.0007573901415725004,0.12576026216303154
102,5,mlp_layers.2.conv0.weight,"[64, 64, 1]",float32,float32,0.018227144500914994,0.018994769529925994,0.026628317194798568,1.4609154600964425,0.0027924683527089655,0.0002956533513385762,-0.023160405999241084
102,5,mlp_layers.2.conv2.bias,[64],float32,float32,0.02304108495058297,0.012285572873549793,0.021633429590966542,0.9389067241132318,0.010727109853178263,0.0017336300637538216,0.37767938811536456
102,5,mlp_layers.2.conv2.weight,"[64, 64, 1]",float32,float32,0.03887536416523135,0.01817561941499151,0.04486851408039709,1.154163183904674,0.012850425555370748,0.00037722600038018334,-0.12138437785758247
102,5,mlp_layers.3.conv0.bias,[64],float32,float32,0.011007766657731063,0.008668154767337078,0.005084549770668161,0.4619056643153986,0.0014797926414757967,0.0005064192180554983,0.8932116015674045
102,5,mlp_layers.3.conv0.weight,"[64, 64, 1]",float32,float32,0.007053880375648176,0.006066310642111758,0.005522308249057344,0.7828752339098043,0.0006570760306203738,5.773474761727043e-05,0.6550609473389051
102,5,mlp_layers.3.conv2.bias,[64],float32,float32,0.038908712391319815,0.025119820766602564,0.015556109656156086,0.3998104460436094,0.004323293571360409,0.0015615093295764382,0.9734703893664074
102,5,mlp_layers.3.conv2.weight,"[64, 64, 1]",float32,float32,0.01684773818141179,0.012952361747388763,0.006686369208904128,0.39687043666675914,0.0005864259946974926,7.341012126910185e-05,0.9323301109536913
102,5,p.bias,[64],float32,float32,0.09154648561920635,0.0160133652110846,0.09001440534009708,0.9832644555523185,0.03579211491160095,0.008427926579201994,0.1823348047934717
102,5,p.weight,"[64, 2]",float32,float32,0.05877176693643183,0.09783860634497346,0.12234870928508544,2.081759927643814,0.040275294333696365,0.008259630634142923,-0.16892550080856542
102,5,q.conv0.bias,[128],float32,float32,0.0393305562196797,0.02401915248618885,0.01766841052123795,0.44922859525686715,0.00440247543156147,0.0011191085102240095,0.9588574434006504
102,5,q.conv0.weight,"[128, 64, 1]",float32,float32,0.07545845067789839,0.02607757328844255,0.07518552188391957,0.9963830586034181,0.005732732442993438,0.0005537429516677943,0.18324136080790007
102,5,q.conv2.bias,[1],float32,float32,0.11518120765686035,0.07607556134462357,0.039105646312236786,0.3395141196013289,0.039105646312236786,0.039105646312236786,1.0
102,5,q.conv2.weight,"[1, 128, 1]",float32,float32,0.15636467267719872,0.05340557498526231,0.13316142619908927,0.8516081280967438,0.03274879418313503,0.009148681443605255,0.573008790540037
102,5,w_layers.0.bias,[64],float32,float32,0.02763195793664806,0.024403171582217817,0.040065736918808784,1.4499782103992673,0.015399083495140076,0.0034476736761348548,-0.18257503051524218
102,5,w_layers.0.weight,"[64, 64, 1]",float32,float32,0.11486509548160745,0.43015357612300537,0.45125644121895214,3.928577600766533,0.047284933971241117,0.004044623331271105,-0.05470883262907101
102,5,w_layers.1.bias,[64],float32,float32,0.0168921275457484,0.013013616417523195,0.01862329785239755,1.1024838524312983,0.005584599304711446,0.0017994859205145985,0.24535346981512146
102,5,w_layers.1.weight,"[64, 64, 1]",float32,float32,0.04155710349071144,0.10983379749667992,0.12135164742873611,2.9201180360382866,0.020014339359477162,0.0010093557722091334,-0.102507628676484
102,5,w_layers.2.bias,[64],float32,float32,0.02304552466036417,0.012289605726390184,0.021633434176310848,0.9387260431314038,0.010727110551670194,0.001733631004981362,0.3780185547617716
102,5,w_layers.2.weight,"[64, 64, 1]",float32,float32,0.05003183505504769,0.04254473212945397,0.06964734012648298,1.3920604760919375,0.009498335770331323,0.0006389941534663268,-0.12626033620589389
102,5,w_layers.3.bias,[64],float32,float32,0.03890704181325383,0.025119920149590018,0.015556109790579073,0.39982761643111675,0.004323293804191053,0.0015615093831797822,0.9734443830609704
102,5,w_layers.3.weight,"[64, 64, 1]",float32,float32,0.06443710704654383,0.03606193611335619,0.0834858910520028,1.2956182373566176,0.0075887072598561645,0.0008201707003502173,-0.3264777037035566
103,5,conv_layers.0.weights1,"[64, 64, 16]",complex64,complex64,0.3708681188145782,0.6447500651008814,0.7476580343978961,2.0159673923648866,0.03958635787057574,0.0004738102155918731,-0.012016549515538556
103,5,conv_layers.1.weights1,"[64, 64, 16]",complex64,complex64,0.09019480168525877,0.18139146333964198,0.2126122224854657,2.357255834182011,0.021913444601523224,0.00013893872936232825,-0.12731807860162517
103,5,conv_layers.2.weights1,"[64, 64, 16]",complex64,complex64,0.03799341601446414,0.055303220961763426,0.06914230620569588,1.819849686044901,0.0037003327161073685,6.274475240549096e-05,-0.06632356086085443
103,5,conv_layers.3.weights1,"[64, 64, 16]",complex64,complex64,0.030684731635191118,0.02299915187567338,0.0401647138858771,1.3089478625197999,0.003961671449360438,3.5150859965480744e-05,-0.10109528725378328
103,5,mlp_layers.0.conv0.bias,[64],float32,float32,0.058970069786783735,0.033739941957072236,0.07785846413981967,1.320304765134756,0.03847679402679205,0.006747707230715605,-0.36340311100626765
103,5,mlp_layers.0.conv0.weight,"[64, 64, 1]",float32,float32,0.14652790031607912,0.2386333918004042,0.3040040996832715,2.0747181869630045,0.030634519644081593,0.0030907699765317376,-0.2002229484659464
103,5,mlp_layers.0.conv2.bias,[64],float32,float32,0.09219970830544091,0.06208751252874368,0.1472752680479853,1.597350693996656,0.05229482427239418,0.01321128999558141,-0.8153061225989819
103,5,mlp_layers.0.conv2.weight,"[64, 64, 1]",float32,float32,0.14910731191578397,0.2047365558551055,0.28440491247840727,1.9073840767717654,0.04796878946945071,0.0024683376583471348,-0.2741132951510575
103,5,mlp_layers.1.conv0.bias,[64],float32,float32,0.02780893047051494,0.017720825965855305,0.039613709225226564,1.4244959642452957,0.015994717366993427,0.0036180953522375603,-0.4889249116780358
103,5,mlp_layers.1.conv0.weight,"[64, 64, 1]",float32,float32,0.048143035300732995,0.09675421580873736,0.11187472457987899,2.3237987360172876,0.010651698103174567,0.0012161697191509363,-0.08982571883969771
103,5,mlp_layers.1.conv2.bias,[64],float32,float32,0.0522797353772672,0.027942157505424024,0.07190289877937245,1.375349325326501,0.01985746994614601,0.007419756567003333,-0.5668408426039853
103,5,mlp_layers.1.conv2.weight,"[64, 64, 1]",float32,float32,0.09467251736781869,0.07674460822736383,0.11665454399080168,1.2321901564904956,0.01776589173823595,0.0011378943342692793,0.08563208152021227
103,5,mlp_layers.2.conv0.bias,[64],float32,float32,0.024353011015276944,0.012500047606982886,0.03218668525948218,1.321671691409784,0.019413200207054615,0.0027093574429137846,-0.47084326510558905
103,5,mlp_layers.2.conv0.weight,"[64, 64, 1]",float32,float32,0.04675066564143867,0.037149192043023825,0.06522628416142329,1.395194769239997,0.009940345771610737,0.0006422572927137216,-0.1982959993852606
103,5,mlp_layers.2.conv2.bias,[64],float32,float32,0.0708947667545709,0.0171675104406147,0.08301264005557277,1.1709276136411093,0.036003312561661005,0.0076716231815794345,-0.6451089752278459
103,5,mlp_layers.2.conv2.weight,"[64, 64, 1]",float32,float32,0.08251401413992851,0.039926394752112467,0.09966240709895138,1.2078240058705951,0.029585126554593444,0.0007962480563766111,-0.2321933300096253
103,5,mlp_layers.3.conv0.bias,[64],float32,float32,0.04054055536220237,0.012871356921628777,0.050638045667056264,1.2490713364590018,0.02244726289063692,0.004712049266842655,-0.7234437612199839
103,5,mlp_layers.3.conv0.weight,"[64, 64, 1]",float32,float32,0.025922556674866974,0.027715598134450264,0.04853075443859449,1.8721438262163057,0.0041712220991030335,0.0005267962409758603,-0.6368495583753588
103,5,mlp_layers.3.conv2.bias,[64],float32,float32,0.14424013504903446,0.023926741735000073,0.16770817095779922,1.162701150416885,0.044122266583144665,0.016947441530149376,-0.9776790682433885
103,5,mlp_layers.3.conv2.weight,"[64, 64, 1]",float32,float32,0.06642304755427428,0.05070783464162423,0.1124042697209705,1.6922480051690638,0.012078890576958656,0.0011576468080417152,-0.8389445807346604
103,5,p.bias,[64],float32,float32,0.2954435094358135,0.07768322707573971,0.366785215729344,1.2414732563587756,0.1460121851414442,0.034324080139072066,-0.8977786163438006
103,5,p.weight,"[64, 2]",float32,float32,0.22228826903739313,0.14682956924640556,0.31227071648483457,1.4048007024262026,0.10361414402723312,0.02066262707904798,-0.4066058627978891
103,5,q.conv0.bias,[128],float32,float32,0.14420213019094005,0.02324272011526678,0.16706815277244946,1.158569242709745,0.039868587628006935,0.012020231136776971,-0.9812017614322153
103,5,q.conv0.weight,"[128, 64, 1]",float32,float32,0.1797185981262048,0.055702300440506884,0.22900713193967506,1.2742539410354075,0.01671679923310876,0.001578837117369447,-0.8512231265193932
103,5,q.conv2.bias,[1],float32,float32,0.4443711042404175,0.06535974889993668,0.5097308531403542,1.1470837061101415,0.5097308531403542,0.5097308531403542,-1.0
103,5,q.conv2.weight,"[1, 128, 1]",float32,float32,0.4346117885472509,0.11597595191693523,0.545407199233945,1.2549296029383898,0.16006911173462868,0.036712489727221964,-0.9436771996232435
103,5,w_layers.0.bias,[64],float32,float32,0.0922046957362225,0.06209273604393633,0.14727523095132677,1.5972638896032914,0.052294762805104256,0.013211282937788837,-0.8150555152555758
103,5,w_layers.0.weight,"[64, 64, 1]",float32,float32,0.39873245268482593,0.6408747568528783,0.8637883899090217,2.1663358076143218,0.07903483742848039,0.008318942740068745,-0.3451984851402908
103,5,w_layers.1.bias,[64],float32,float32,0.05226223052691729,0.027960973125389022,0.0719028685801612,1.3758094106436607,0.019857467152178288,0.007419752477510144,-0.5669138955810243
103,5,w_layers.1.weight,"[64, 64, 1]",float32,float32,0.11472072124868601,0.19591481580173495,0.24343665190439703,2.1219937362203893,0.03575622569769621,0.0022008965618814727,-0.17169692204614942
103,5,w_layers.2.bias,[64],float32,float32,0.07088778609419656,0.017165734995980463,0.08301263628796836,1.171042867351791,0.03600331395864487,0.0076716221558967845,-0.6456707047401289
103,5,w_layers.2.weight,"[64, 64, 1]",float32,float32,0.08264679066697016,0.04704680262865181,0.09171876246691195,1.1097679864726726,0.019499657908454537,0.0008853473657803868,0.08121384363784433
103,5,w_layers.3.bias,[64],float32,float32,0.1442410191196638,0.023926484186079584,0.16770817127499202,1.1626940262801362,0.044122268445789814,0.01694744157612149,-0.9776484514007051
103,5,w_layers.3.weight,"[64, 64, 1]",float32,float32,0.10800406209512718,0.024069295203942995,0.11649355599763035,1.0786034685901522,0.01517555839382112,0.0010842769705043248,-0.25514493579670067
104,5,conv_layers.0.weights1,"[64, 64, 16]",complex64,complex64,0.1289176494451224,0.9984855417462498,1.0105038636611263,7.838367112730186,0.060356104382663034,0.0005938718372255098,-0.029229258196086873
104,5,conv_layers.1.weights1,"[64, 64, 16]",complex64,complex64,0.03677658214566009,0.30220868591528854,0.29887643265007424,8.126813727994675,0.031090876931557432,0.00017297642050578008,0.15095481769381117
104,5,conv_layers.2.weights1,"[64, 64, 16]",complex64,complex64,0.01820078489555164,0.11518587066480139,0.11370175814215472,6.247079936093524,0.005995370156597346,8.513809210673744e-05,0.16002197152113087
104,5,conv_layers.3.weights1,"[64, 64, 16]",complex64,complex64,0.011856911224399835,0.04458578962322044,0.04268930111314785,3.6003728378516784,0.0056021547061391175,3.428020829769697e-05,0.2895135682075725
104,5,mlp_layers.0.conv0.bias,[64],float32,float32,0.02019935831832657,0.06246901361793466,0.062476493822321705,3.092993987122736,0.022067423444241285,0.005491150545367418,0.16130468104765028
104,5,mlp_layers.0.conv0.weight,"[64, 64, 1]",float32,float32,0.05295586516532687,0.2960333240710313,0.30560743545328756,5.770983714441996,0.03160808017128147,0.0030635081971351064,-0.09427532065687133
104,5,mlp_layers.0.conv2.bias,[64],float32,float32,0.030702456868586175,0.10943907909497966,0.08740544681811105,2.846855129289072,0.033243744634091854,0.007304900922605384,0.7856792232961435
104,5,mlp_layers.0.conv2.weight,"[64, 64, 1]",float32,float32,0.056497241621211634,0.29482553211402895,0.2826080565918688,5.00215671566105,0.037242035614326596,0.002384158283799266,0.3075831194283976
104,5,mlp_layers.1.conv0.bias,[64],float32,float32,0.00943403710335883,0.044101704223478054,0.0411544622515007,4.362338392420393,0.016089446100522764,0.003521558988367701,0.40892415590397935
104,5,mlp_layers.1.conv0.weight,"[64, 64, 1]",float32,float32,0.024070945538537926,0.15441470557175804,0.15738526026783015,6.538391274071644,0.010962208703858778,0.0017730442141246916,-0.046652814195404506
104,5,mlp_layers.1.conv2.bias,[64],float32,float32,0.01592659344639352,0.06684758799675385,0.05750988753082009,3.6109346122502335,0.02515689772553742,0.005409709826381004,0.6644735104957031
104,5,mlp_layers.1.conv2.weight,"[64, 64, 1]",float32,float32,0.04490471888770195,0.12674528366670287,0.13148492694375194,2.9280870741574043,0.013582205247075763,0.0013467443538176596,0.0696231293079831
104,5,mlp_layers.2.conv0.bias,[64],float32,float32,0.008073008450444251,0.03846289588079046,0.03551695536043832,4.399469612655224,0.014558622380718589,0.003158773356972233,0.4558831224013258
104,5,mlp_layers.2.conv0.weight,"[64, 64, 1]",float32,float32,0.02584172812700017,0.06166924805209807,0.06949766780525506,2.689358368902656,0.006336093181744218,0.0007340655259791551,-0.1126461357473485
104,5,mlp_layers.2.conv2.bias,[64],float32,float32,0.022053006280468832,0.05827270525835661,0.0429677036362528,1.9483830499022259,0.0187772698700428,0.004009226184862769,0.7920932953973171
104,5,mlp_layers.2.conv2.weight,"[64, 64, 1]",float32,float32,0.04778807896444766,0.05436963877224963,0.07590552846378744,1.5883778990207578,0.01735783147159964,0.0007392903023100555,-0.1004324155258701
104,5,mlp_layers.3.conv0.bias,[64],float32,float32,0.01136814814226452,0.0468022011122588,0.03839754236995976,3.3776426810630054,0.011628391337580979,0.003896514339345458,0.7943827093435316
104,5,mlp_layers.3.conv0.weight,"[64, 64, 1]",float32,float32,0.01578491262341459,0.03973239594866737,0.04991876525573798,3.162435323315687,0.003410753677599132,0.0005840173182531036,-0.5294049706542199
104,5,mlp_layers.3.conv2.bias,[64],float32,float32,0.038153195060537125,0.1374711987514568,0.10043396255557122,2.632386682064611,0.02674127370119095,0.010251148572812951,0.9787496238903156
104,5,mlp_layers.3.conv2.weight,"[64, 64, 1]",float32,float32,0.03223503329248915,0.05825902996379162,0.07957652319911766,2.4686347452186195,0.008616654900833964,0.0007947592434375123,-0.5056521662331122
104,5,p.bias,[64],float32,float32,0.09962462526357017,0.1524849892059499,0.0746040307281542,0.7488513058973054,0.025719890370965004,0.007126406783754646,0.9087783586892005
104,5,p.weight,"[64, 2]",float32,float32,0.07873128524041843,0.18335258382382133,0.1494567652991882,1.8983148165662267,0.04778959590476006,0.00979628676975608,0.6054296064018018
104,5,q.conv0.bias,[128],float32,float32,0.038405708704683926,0.13092656014868845,0.0934035111587743,2.4320215485929277,0.018563115037977695,0.006946292886098604,0.9836816565362335
104,5,q.conv0.weight,"[128, 64, 1]",float32,float32,0.06929906708531304,0.10495564254684692,0.0708615344650649,1.0225467303597078,0.0035266957711428404,0.0005394080305572008,0.7422111559929536
104,5,q.conv2.bias,[1],float32,float32,0.11396495252847672,0.41304174065589905,0.29907678812742233,2.6242873926761936,0.29907678812742233,0.29907678812742233,1.0
104,5,q.conv2.weight,"[1, 128, 1]",float32,float32,0.1508574960966465,0.2692550490763643,0.15545731215565653,1.0304911335401137,0.031302960589528084,0.011496246614370875,0.8750712752328742
104,5,w_layers.0.bias,[64],float32,float32,0.030707692674073143,0.10944679614394158,0.08740545911741567,2.8463701276785636,0.03324380796402693,0.007304905589165855,0.7857886855472401
104,5,w_layers.0.weight,"[64, 64, 1]",float32,float32,0.13458428299868908,0.7384953447980517,0.6761654296346968,5.024103963471597,0.06682370882481337,0.006284672993052076,0.5347054938927602
104,5,w_layers.1.bias,[64],float32,float32,0.01591289910156309,0.06683333454178096,0.05750989561851849,3.6140426236266037,0.025156906805932522,0.005409713458107035,0.6640859363700813
104,5,w_layers.1.weight,"[64, 64, 1]",float32,float32,0.039639188829458036,0.2769832787191106,0.26441131750510993,6.670452280007595,0.045686592697165906,0.002335228724485598,0.38151733648312847
104,5,w_layers.2.bias,[64],float32,float32,0.0220470984534961,0.05827008443587708,0.042967702410128136,1.94890509065217,0.0187772698700428,0.004009225292918472,0.7921209474534666
104,5,w_layers.2.weight,"[64, 64, 1]",float32,float32,0.037526960535775596,0.11755886768783581,0.10950741223400805,2.9180996987382257,0.016552894085180014,0.0010558614135620092,0.3668132883238025
104,5,w_layers.3.bias,[64],float32,float32,0.03815465747280468,0.1374717440770664,0.10043396200371395,2.632285772065961,0.0267412718385458,0.010251148462792514,0.9787331682237376
104,5,w_layers.3.weight,"[64, 64, 1]",float32,float32,0.049040772785010976,0.10361180505776581,0.08902488774583675,1.8153239170212807,0.008074616082012653,0.0008949558891247766,0.513163213033368
105,5,conv_layers.0.weights1,"[64, 64, 16]",complex64,complex64,0.45047373568907484,1.187232388568328,1.2673547211194576,2.8133820480806206,0.06645959448360372,0.0007830615029923206,0.005851853774062661
105,5,conv_layers.1.weights1,"[64, 64, 16]",complex64,complex64,0.09830554095513983,0.3198235335281098,0.31927193539430443,3.247751167352806,0.02936686304747127,0.00019540889887868725,0.15929337945591113
105,5,conv_layers.2.weights1,"[64, 64, 16]",complex64,complex64,0.042785531744241954,0.10634142846072799,0.11128950769468529,2.6011014274623934,0.006001317698974162,8.967919554848029e-05,0.0828315814338598
105,5,conv_layers.3.weights1,"[64, 64, 16]",complex64,complex64,0.03227995816162431,0.05158237523441253,0.05605315071674967,1.7364691253964473,0.0038690915316692553,4.4168030832292545e-05,0.1683950523848741
105,5,mlp_layers.0.conv0.bias,[64],float32,float32,0.07011673684234263,0.03322632580460211,0.0699301649616818,0.9973391248785533,0.025854794774204493,0.006463763105102771,0.24254347990108063
105,5,mlp_layers.0.conv0.weight,"[64, 64, 1]",float32,float32,0.1741495040579693,0.3320348625942784,0.36912058124016445,2.119561483891995,0.042594836340867914,0.0038580875852241847,0.037399852907087604
105,5,mlp_layers.0.conv2.bias,[64],float32,float32,0.10477381028214845,0.0589734650847361,0.08800486837068444,0.8399510157518713,0.025170082692056894,0.008821520798846905,0.5430247768805051
105,5,mlp_layers.0.conv2.weight,"[64, 64, 1]",float32,float32,0.17074290975247816,0.1969976606074846,0.23627593645366177,1.383811115765716,0.028774848207831383,0.0023429758895028713,0.1803858669433817
105,5,mlp_layers.1.conv0.bias,[64],float32,float32,0.031307994140487426,0.044155652067944105,0.04298316691638738,1.3729134713488926,0.021372260322095826,0.0038153466192625274,0.39147134554992224
105,5,mlp_layers.1.conv0.weight,"[64, 64, 1]",float32,float32,0.050775343931447045,0.126054608953907,0.13555169103175185,2.6696360976847995,0.011394032611860894,0.001409451204928719,0.007315017883132135
105,5,mlp_layers.1.conv2.bias,[64],float32,float32,0.0553801956530876,0.0583817336083567,0.06107940440599516,1.1029105925989955,0.02849034289829433,0.005767110548163146,0.42445660381252714
105,5,mlp_layers.1.conv2.weight,"[64, 64, 1]",float32,float32,0.09754997021228046,0.11093310064659274,0.14780989072150527,1.5152223050386708,0.018913443156634457,0.0014461030763077837,-0.001183488366173897
105,5,mlp_layers.2.conv0.bias,[64],float32,float32,0.025640872143957327,0.031774025358796316,0.03237064202330261,1.262462596496791,0.014677123632282019,0.0029460978773485635,0.38000130002311455
105,5,mlp_layers.2.conv0.weight,"[64, 64, 1]",float32,float32,0.05022242280115531,0.08229204139439572,0.09609753468647689,1.9134388451738786,0.009257229510694742,0.0010806890275883822,0.007202639067327169
105,5,mlp_layers.2.conv2.bias,[64],float32,float32,0.0633533316167447,0.05908944359295454,0.051755773953090924,0.8169384724103687,0.020138934487476945,0.0047296010687034595,0.644654724762634
105,5,mlp_layers.2.conv2.weight,"[64, 64, 1]",float32,float32,0.07466231612169558,0.09026990751375219,0.1116555458745792,1.4954739107287622,0.017305569490417838,0.001192696391463459,0.09319001399808502
105,5,mlp_layers.3.conv0.bias,[64],float32,float32,0.03643733115672519,0.03636778520834066,0.028945789224902912,0.7943992687170346,0.010773969464935362,0.002814502679527209,0.6838633295592492
105,5,mlp_layers.3.conv0.weight,"[64, 64, 1]",float32,float32,0.021258697872391673,0.08031208187284057,0.07714391269167485,3.628816456903525,0.005891618260648102,0.0009158416430431054,0.2784404029753182
105,5,mlp_layers.3.conv2.bias,[64],float32,float32,0.12309494371986943,0.07461563330570638,0.053725886013364234,0.43645891853713925,0.015659011900424957,0.005473957767094362,0.9708090067085767
105,5,mlp_layers.3.conv2.weight,"[64, 64, 1]",float32,float32,0.049109536245986025,0.14510005739226992,0.12018952808216017,2.4473765640982585,0.007715048617683351,0.001330774769175036,0.6329292809394851
105,5,p.bias,[64],float32,float32,0.35525290453684716,0.0598873362213804,0.30838892031808524,0.8680827556361298,0.12962568830698729,0.027060066689671203,0.8152091247823452
105,5,p.weight,"[64, 2]",float32,float32,0.2427707021959865,0.19328730309623243,0.20355814035405775,0.8384790195553629,0.05250251479446888,0.014522623248154787,0.5845740023308216
105,5,q.conv0.bias,[128],float32,float32,0.12251424847733754,0.074472394917638,0.05680403145924847,0.46365244994141214,0.012046903022564948,0.004105740499170452,0.9496555570157306
105,5,q.conv0.weight,"[128, 64, 1]",float32,float32,0.1417521814308803,0.22030911728772515,0.11703477197701362,0.8256294245043478,0.010507529135793447,0.0008242617358776572,0.8795050454061618
105,5,q.conv2.bias,[1],float32,float32,0.37948718667030334,0.1910846084356308,0.18840257823467255,0.4964662440588694,0.18840257823467255,0.18840257823467255,1.0
105,5,q.conv2.weight,"[1, 128, 1]",float32,float32,0.34679202008101345,0.47574237881165027,0.2090042379136364,0.6026789136174797,0.07836344838142395,0.013709684403693245,0.9180083156326921
105,5,w_layers.0.bias,[64],float32,float32,0.10476823141929466,0.058962244246215045,0.08800489526361774,0.839995999468693,0.02517023799009621,0.00882151058766567,0.5429549238929153
105,5,w_layers.0.weight,"[64, 64, 1]",float32,float32,0.442489618513164,0.7754230640939869,0.8104599302678571,1.8315908359412643,0.07207826897501945,0.008106214377116908,0.20435133339277584
105,5,w_layers.1.bias,[64],float32,float32,0.055397879667806786,0.05838717029901934,0.061079388655744055,1.1025582390879654,0.028490348253399134,0.005767109658165737,0.4246828575630227
105,5,w_layers.1.weight,"[64, 64, 1]",float32,float32,0.125280170434924,0.2613798525457001,0.26313000064509523,2.1003323968319187,0.04058500938117504,0.002378298965742473,0.22563490094661973
105,5,w_layers.2.bias,[64],float32,float32,0.06335904798039622,0.0590916901580101,0.05175578851224239,0.8168649965866916,0.02013893867842853,0.004729603083532652,0.6447040449984962
105,5,w_layers.2.weight,"[64, 64, 1]",float32,float32,0.08164920919051258,0.11639109371149325,0.11338958434934909,1.388740754178972,0.01185413112398237,0.0011561920599679476,0.3870407161579309
105,5,w_layers.3.bias,[64],float32,float32,0.12309388258882482,0.07461473283599707,0.0537258842949143,0.43646266707157916,0.015659010969102383,0.005473957562116993,0.9708075648124349
105,5,w_layers.3.weight,"[64, 64, 1]",float32,float32,0.09791136782891828,0.12270311244146152,0.1157251885838147,1.1819382279085584,0.01159175910288468,0.001090199059146424,0.46821802830659764
106,5,conv_layers.0.weights1,"[64, 64, 16]",complex64,complex64,0.029745897292542057,0.7311174640971703,0.7251764146898476,24.379039823810093,0.047270685390685685,0.0003683987756224939,0.2192579573888591
106,5,conv_layers.1.weights1,"[64, 64, 16]",complex64,complex64,0.011448468155440691,0.2669876522830914,0.26772855696434406,23.385535368512212,0.0255305539467372,0.00016465770566750253,-0.04336621591297176
106,5,conv_layers.2.weights1,"[64, 64, 16]",complex64,complex64,0.00791475491045043,0.10169307164097366,0.1022748414125815,12.92204781698806,0.0051790643483400345,8.327046070231527e-05,-0.03479979470508258
106,5,conv_layers.3.weights1,"[64, 64, 16]",complex64,complex64,0.004424460463997425,0.03807792124866849,0.03870791634585228,8.74861842722408,0.0024330363166882307,3.2459605913084424e-05,-0.08546958839059698
106,5,mlp_layers.0.conv0.bias,[64],float32,float32,0.00453919435637566,0.029269655802100496,0.0280310568531036,6.175337439281874,0.008433388808043674,0.00269862184453018,0.34463508738097776
106,5,mlp_layers.0.conv0.weight,"[64, 64, 1]",float32,float32,0.01643345077224889,0.16282099219829563,0.16011521314897287,9.743249629551869,0.019120746932458133,0.001553472518571422,0.21374737884396286
106,5,mlp_layers.0.conv2.bias,[64],float32,float32,0.004265280635081636,0.06701567898990113,0.06478020188510299,15.187793589076023,0.02595761072007008,0.005738642650570114,0.547191700390477
106,5,mlp_layers.0.conv2.weight,"[64, 64, 1]",float32,float32,0.016765499733502,0.14778731486688365,0.14870144241662595,8.869490607517072,0.016986346628982574,0.001315393453039316,0.0020287616981130045
106,5,mlp_layers.1.conv0.bias,[64],float32,float32,0.0018422125718561531,0.03257410107433166,0.03211107152985552,17.43070914856555,0.014179177444020752,0.002945385691297986,0.2778351270519287
106,5,mlp_layers.1.conv0.weight,"[64, 64, 1]",float32,float32,0.010114300894148325,0.09660303773944044,0.09689291120193311,9.57979322703272,0.007674306907574646,0.001073402665053562,0.02364704589168205
106,5,mlp_layers.1.conv2.bias,[64],float32,float32,0.0024019275209995346,0.052183219509424915,0.05228094156880975,21.76624444814789,0.024413097270553408,0.004472903267931372,-0.017708577146088797
106,5,mlp_layers.1.conv2.weight,"[64, 64, 1]",float32,float32,0.01390825318520828,0.08276655375167606,0.08332238779603861,5.9908592895514525,0.010765482270471693,0.0008523029272900842,0.04392244992423578
106,5,mlp_layers.2.conv0.bias,[64],float32,float32,0.002127984820582009,0.026481014109209236,0.026540774620519327,12.472257491602013,0.015236958257446531,0.0019359727870629229,0.012064608088915088
106,5,mlp_layers.2.conv0.weight,"[64, 64, 1]",float32,float32,0.011804747103270364,0.05868281116475032,0.061795565926094774,5.234806420289601,0.006734860246069729,0.0006546179152153997,-0.17009919685851943
106,5,mlp_layers.2.conv2.bias,[64],float32,float32,0.003246640591410824,0.047521097784004804,0.04989464137321561,15.3680827823119,0.018005623714998364,0.004206162668737079,-0.7151744033446711
106,5,mlp_layers.2.conv2.weight,"[64, 64, 1]",float32,float32,0.015721448164112018,0.0669763946537264,0.07308903374792024,4.649001350573004,0.011334084440022707,0.0007116431561849865,-0.28918575203532504
106,5,mlp_layers.3.conv0.bias,[64],float32,float32,0.0017665807686683375,0.028918929505245904,0.030444650518278167,17.233658974578095,0.016551351465750486,0.0024163273917565675,-0.8558966513641905
106,5,mlp_layers.3.conv0.weight,"[64, 64, 1]",float32,float32,0.006430649923136707,0.05483806410174067,0.05864891782206205,9.120216233673409,0.004701627010945231,0.000654183932944221,-0.5545657848730526
106,5,mlp_layers.3.conv2.bias,[64],float32,float32,0.007429391710777354,0.06576085850694952,0.07303739676425558,9.830871706266988,0.019889079965651035,0.007406845419353658,-0.9771253730504933
106,5,mlp_layers.3.conv2.weight,"[64, 64, 1]",float32,float32,0.010305659421636153,0.10395407968266758,0.11252412498144956,10.91867297159185,0.010488821077160537,0.0012108659250138973,-0.8162962563917959
106,5,p.bias,[64],float32,float32,0.016736727213621246,0.10046172326885333,0.0853754362698497,5.101083095885472,0.028808884788304567,0.008773473141332033,0.917006637969468
106,5,p.weight,"[64, 2]",float32,float32,0.016714455760140603,0.12513137844739286,0.11846720874357061,7.087709611585586,0.03052581928204745,0.008078291060584775,0.4548775346609422
106,5,q.conv0.bias,[128],float32,float32,0.0074759670466291355,0.0650477345124683,0.07233242616939316,9.675327047088492,0.01872618356719613,0.004875085417502589,-0.9715117076523619
106,5,q.conv0.weight,"[128, 64, 1]",float32,float32,0.013897046247125972,0.1684017978825311,0.180203266224656,12.967019251441547,0.013206692645326257,0.0012311391268894703,-0.8377012676453941
106,5,q.conv2.bias,[1],float32,float32,0.022682350128889084,0.17508167028427124,0.19776402041316032,8.718850528688415,0.19776402041316032,0.19776402041316032,-1.0
106,5,q.conv2.weight,"[1, 128, 1]",float32,float32,0.029235896219924243,0.36617294169242837,0.39341554004691837,13.456592439906322,0.13671149872243404,0.026135118195554696,-0.926562164321565
106,5,w_layers.0.bias,[64],float32,float32,0.004256054700699995,0.06700846365385671,0.06478019975916782,15.220715971651726,0.02595743688289076,0.005738636721822843,0.5466041552839002
106,5,w_layers.0.weight,"[64, 64, 1]",float32,float32,0.021210297781805654,0.4028960101366851,0.39586281911862,18.663708694283113,0.039646950470341835,0.003839138818403448,0.35502127816118595
106,5,w_layers.1.bias,[64],float32,float32,0.0024088088836989137,0.05219002244524696,0.05228090506419882,21.704048593476383,0.02441310429639998,0.0044728988291211635,-0.01468483500290703
106,5,w_layers.1.weight,"[64, 64, 1]",float32,float32,0.00931081130151852,0.19955060358892568,0.20098121276310155,21.585789492943874,0.0358875996680581,0.0017123886711607403,-0.13087164648136512
106,5,w_layers.2.bias,[64],float32,float32,0.0032419283460614996,0.0475246842194213,0.04989464549553935,15.390422048085835,0.01800562406424433,0.0042061616384216904,-0.7151542194120831
106,5,w_layers.2.weight,"[64, 64, 1]",float32,float32,0.013043321405896965,0.10013032902372661,0.10355920277405087,7.939634357797173,0.014390831929631531,0.000976048426502063,-0.20225286579416127
106,5,w_layers.3.bias,[64],float32,float32,0.007429914453804887,0.06576018682169518,0.07303739651560893,9.830180006743714,0.019889078219421208,0.007406845344206658,-0.9771490228759657
106,5,w_layers.3.weight,"[64, 64, 1]",float32,float32,0.010477026758751045,0.10310183501849227,0.1046013109239541,9.983873605799925,0.011557834455743432,0.0010277216048365165,-0.09335199284949083
107,5,conv_layers.0.weights1,"[64, 64, 16]",complex64,complex64,0.4658184628451412,0.4993154956281859,0.6910589013118603,1.4835369493321244,0.033396785431250464,0.0004393615740777094,-0.024204785990675316
107,5,conv_layers.1.weights1,"[64, 64, 16]",complex64,complex64,0.1033353166046727,0.21475586128152843,0.23651434736142496,2.2888045939439263,0.024791923817247152,0.00015449503566540684,0.01935914597362642
107,5,conv_layers.2.weights1,"[64, 64, 16]",complex64,complex64,0.04545270856422858,0.09268066096016936,0.10099279628319933,2.2219313100007634,0.005208470567595214,8.399301294981484e-05,0.05413641580880198
107,5,conv_layers.3.weights1,"[64, 64, 16]",complex64,complex64,0.02826947173543492,0.031039009653021817,0.03637220088553903,1.2866247104273827,0.0035643723094835877,3.595701683574559e-05,0.25052307563975257
107,5,mlp_layers.0.conv0.bias,[64],float32,float32,0.07000158601880996,0.02034988648959754,0.07158496951077001,1.0226192516771633,0.02813392336247489,0.006666181554180639,0.06666508303413968
107,5,mlp_layers.0.conv0.weight,"[64, 64, 1]",float32,float32,0.1795331834575422,0.14701017598933178,0.24308512135273275,1.353984353595668,0.025307034142315388,0.002429466307633049,-0.09938581610167467
107,5,mlp_layers.0.conv2.bias,[64],float32,float32,0.1020538637601525,0.03193886017128178,0.09071730117551817,0.8889158904235357,0.026577176060527563,0.00892838444204358,0.4917117374520306
107,5,mlp_layers.0.conv2.weight,"[64, 64, 1]",float32,float32,0.1756452320543776,0.11555887951028473,0.19619459957424412,1.1169935971475997,0.024066894315183163,0.0018430455418951483,0.14072715682914413
107,5,mlp_layers.1.conv0.bias,[64],float32,float32,0.030326308099436265,0.01756066942626623,0.02835410539454801,0.934967266756585,0.010470079607330263,0.0026783501186855574,0.3981847382764771
107,5,mlp_layers.1.conv0.weight,"[64, 64, 1]",float32,float32,0.05447751317556903,0.0498425721662456,0.07686238148816471,1.410901067390029,0.006797403329983354,0.0008441464441335256,-0.08392154639189162
107,5,mlp_layers.1.conv2.bias,[64],float32,float32,0.05166685816909034,0.03092545774995218,0.0440630865653853,0.8528307725075881,0.015868570655584335,0.004334563475936193,0.5270591386971615
107,5,mlp_layers.1.conv2.weight,"[64, 64, 1]",float32,float32,0.10029862904203868,0.04629341624319217,0.10573728721674086,1.0542246511906224,0.017476672306656837,0.0009412073037227964,0.1101103672528402
107,5,mlp_layers.2.conv0.bias,[64],float32,float32,0.023277669187869898,0.02180396307599977,0.024741040801156015,1.0628658995656097,0.013295376964379102,0.002232486345874918,0.3991205094266474
107,5,mlp_layers.2.conv0.weight,"[64, 64, 1]",float32,float32,0.05093331662485944,0.034117213600762294,0.06649672329885463,1.3055643673987456,0.010397170553915203,0.0006623469655649417,-0.19094956482046951
107,5,mlp_layers.2.conv2.bias,[64],float32,float32,0.056548041293111855,0.033900627813953865,0.035461764818051786,0.6271086320079384,0.013600751757621765,0.003195678371298527,0.8057835291514799
107,5,mlp_layers.2.conv2.weight,"[64, 64, 1]",float32,float32,0.07898367966306244,0.04155780456496052,0.09739999028084148,1.2331660248843994,0.025959141086786985,0.0008561462247196963,-0.23173451516255247
107,5,mlp_layers.3.conv0.bias,[64],float32,float32,0.031001581370823907,0.025345656422366362,0.01863676315589168,0.6011552421461649,0.007835450116544962,0.0016813300954936494,0.7993399460718487
107,5,mlp_layers.3.conv0.weight,"[64, 64, 1]",float32,float32,0.022344349851052808,0.03377005360525236,0.04628762477276062,2.071558361792284,0.004424833692610264,0.0005038166601691874,-0.3332081769391856
107,5,mlp_layers.3.conv2.bias,[64],float32,float32,0.10349781151327635,0.08309716568071385,0.02702388502933416,0.26110585947865794,0.007916499860584736,0.002761626019889718,0.9817389346784627
107,5,mlp_layers.3.conv2.weight,"[64, 64, 1]",float32,float32,0.04832661455083068,0.052711842711664306,0.08360477292124885,1.7299944078083944,0.01082624401897192,0.0007715115363016584,-0.36817326182921256
107,5,p.bias,[64],float32,float32,0.358136163105543,0.03223245034713861,0.3350703116642776,0.9355947435152816,0.1434557782486081,0.029469071388405155,0.7375653795131913
107,5,p.weight,"[64, 2]",float32,float32,0.25043656344099224,0.09074854878563786,0.24341651564911598,0.9719687584934844,0.06952101597562432,0.01645546936222786,0.2574536373770839
107,5,q.conv0.bias,[128],float32,float32,0.10332572583430191,0.08056041075658568,0.02572541145942087,0.24897392446751715,0.008284173905849457,0.0015919980861838212,0.9913780716207127
107,5,q.conv0.weight,"[128, 64, 1]",float32,float32,0.12386552597173352,0.05494314516042142,0.10251805955734802,0.8276561113601774,0.007535016200563405,0.0007205890283587188,0.5768418303019489
107,5,q.conv2.bias,[1],float32,float32,0.32063400745391846,0.2587026357650757,0.06193137168884277,0.1931528479484309,0.06193137168884277,0.06193137168884277,1.0
107,5,q.conv2.weight,"[1, 128, 1]",float32,float32,0.2957129556896103,0.14067779112486997,0.1915434778632857,0.6477344809482606,0.06249811872839928,0.012509116278238253,0.8479215502865179
107,5,w_layers.0.bias,[64],float32,float32,0.10205965818104525,0.031953637046396234,0.09071730428833051,0.8888654528648886,0.02657728153280914,0.008928401794833007,0.49178244251994174
107,5,w_layers.0.weight,"[64, 64, 1]",float32,float32,0.4316257904664826,0.3631703682504577,0.5168387509896292,1.1974232365286885,0.04592801444232464,0.005378484558575036,0.16290283972845243
107,5,w_layers.1.bias,[64],float32,float32,0.05164769325015967,0.030907491269730143,0.04406306302595157,0.8531467768081848,0.015868552029132843,0.004334563342013098,0.5265937009888705
107,5,w_layers.1.weight,"[64, 64, 1]",float32,float32,0.1173687530923413,0.13476993570112,0.16116515427353414,1.3731521382589411,0.032363652368076146,0.0015196983081574578,0.1885268691435906
107,5,w_layers.2.bias,[64],float32,float32,0.056542524341563205,0.03389829948054258,0.03546175711107813,0.6271696837739335,0.013600752223283052,0.0031956773036370123,0.8057137068542833
107,5,w_layers.2.weight,"[64, 64, 1]",float32,float32,0.07939884328110713,0.05954836467337755,0.07984033439370969,1.0055604224741597,0.011225524940527976,0.0007934808988321052,0.3675605603081246
107,5,w_layers.3.bias,[64],float32,float32,0.10349901532262448,0.08309730101612006,0.027023884095352283,0.26110281350130843,0.007916499394923449,0.002761625811558588,0.9817417142722271
107,5,w_layers.3.weight,"[64, 64, 1]",float32,float32,0.0931669107413402,0.05915108520006055,0.08196482182353097,0.8797632246398117,0.006655881181359291,0.0008533062729398078,0.4954425287520277
108,5,conv_layers.0.weights1,"[64, 64, 16]",complex64,complex64,0.1797394466378772,0.28724166677721524,0.33063392695832045,1.8395178862681814,0.02121184900170192,0.0002019878338629064,0.05321899059863069
108,5,conv_layers.1.weights1,"[64, 64, 16]",complex64,complex64,0.04434333344258605,0.167368274877018,0.1778834887857253,4.01150466092139,0.015746275734272785,0.0001141723903261349,-0.11210856516558756
108,5,conv_layers.2.weights1,"[64, 64, 16]",complex64,complex64,0.0211752630574715,0.08613343749098379,0.0907171529096999,4.284109843806222,0.005211930372752249,7.087492583065461e-05,-0.09930406562385943
108,5,conv_layers.3.weights1,"[64, 64, 16]",complex64,complex64,0.017816949750323337,0.033070602711349706,0.04242535434399261,2.381179435229798,0.004574735648930073,3.360869588827722e-05,-0.329931123097874
108,5,mlp_layers.0.conv0.bias,[64],float32,float32,0.028253127194153883,0.02671212661945269,0.042069483316189434,1.4890204198314168,0.013549625058658421,0.003946439041584426,-0.1709713408030664
108,5,mlp_layers.0.conv0.weight,"[64, 64, 1]",float32,float32,0.071691145575873,0.11194029186441341,0.1287339174521523,1.7956738788043096,0.01211933302693069,0.0013104544055953793,0.06839939667907745
108,5,mlp_layers.0.conv2.bias,[64],float32,float32,0.04111822429045477,0.05169711860817758,0.08715855866777476,2.119706290137822,0.03101044800132513,0.007818038838941277,-0.7605314632871635
108,5,mlp_layers.0.conv2.weight,"[64, 64, 1]",float32,float32,0.07733212192937966,0.11691068988325665,0.15779825509759868,2.0405266422367325,0.022749324794858694,0.0013206946816682885,-0.29045187832952
108,5,mlp_layers.1.conv0.bias,[64],float32,float32,0.012820031592002873,0.024899256144435385,0.03337689908057311,2.603495852646229,0.009989314246922731,0.003250092595578735,-0.5164186583985257
108,5,mlp_layers.1.conv0.weight,"[64, 64, 1]",float32,float32,0.02767611787855569,0.0474252851300738,0.053810306409308326,1.9442866461774326,0.003986833733506501,0.0005982828594888745,0.045551139661918504
108,5,mlp_layers.1.conv2.bias,[64],float32,float32,0.02087430555934932,0.045005094140993185,0.06124116779623197,2.9338062347565317,0.028091718908399343,0.005759958566031287,-0.686191592241441
108,5,mlp_layers.1.conv2.weight,"[64, 64, 1]",float32,float32,0.05853094120995287,0.04427495910942238,0.07630098030675456,1.303600774726308,0.010595527244731784,0.0007408481216264889,-0.0840640697757367
108,5,mlp_layers.2.conv0.bias,[64],float32,float32,0.0114777676608909,0.028600233473793306,0.03583043177619931,3.1217247843661404,0.013375975657254457,0.003491413583645908,-0.5088959659586989
108,5,mlp_layers.2.conv0.weight,"[64, 64, 1]",float32,float32,0.03109976559325661,0.025087629289264963,0.037025381862197844,1.1905357212797159,0.004459457588382065,0.0004200994458749968,0.14464243269801752
108,5,mlp_layers.2.conv2.bias,[64],float32,float32,0.02897376468582164,0.05241441703221589,0.07761784049105404,2.6789007687715656,0.037724162451922894,0.007248334918671162,-0.8026175451696281
108,5,mlp_layers.2.conv2.weight,"[64, 64, 1]",float32,float32,0.06396564552803853,0.0298414121322271,0.06660500732674064,1.0412621771720443,0.018432225566357374,0.0005642309923537536,0.14299022445428447
108,5,mlp_layers.3.conv0.bias,[64],float32,float32,0.01716886371170946,0.035074010291107516,0.049881372340534684,2.905339175504942,0.017190594226121902,0.004919716905945393,-0.7997557075511059
108,5,mlp_layers.3.conv0.weight,"[64, 64, 1]",float32,float32,0.02394887767002116,0.023426468718009227,0.021190058267917734,0.884803812516155,0.0021583634661510587,0.00023689167307977543,0.6000752610563762
108,5,mlp_layers.3.conv2.bias,[64],float32,float32,0.05369303471839919,0.12510778174137102,0.17809864096377576,3.3169784851580766,0.04628004785627127,0.017907843128096346,-0.9813465448577837
108,5,mlp_layers.3.conv2.weight,"[64, 64, 1]",float32,float32,0.047984874321675225,0.03868909016195501,0.04780368630485823,0.9962240597817893,0.004006912582553923,0.0005232331090019859,0.4078127315575817
108,5,p.bias,[64],float32,float32,0.1426712134374645,0.07432791835002395,0.2128761276059725,1.492074837502382,0.08601723797619343,0.019789742836110236,-0.9164324046612419
108,5,p.weight,"[64, 2]",float32,float32,0.10372602297842824,0.06959616299361737,0.1600037693772075,1.542561497903793,0.04835856519639492,0.010346690647949686,-0.6925186997121893
108,5,q.conv0.bias,[128],float32,float32,0.05390611684620511,0.12227823040840635,0.1755783768881738,3.2571141673792106,0.039385994896292686,0.012768911044467757,-0.9838309682665718
108,5,q.conv0.weight,"[128, 64, 1]",float32,float32,0.10174982566516128,0.10636250319913093,0.19945728154207523,1.9602714819232225,0.013317445758730173,0.0013568025321440622,-0.8370257384696239
108,5,q.conv2.bias,[1],float32,float32,0.1569732129573822,0.38557201623916626,0.5425452291965485,3.4562918027539387,0.5425452291965485,0.5425452291965485,-1.0
108,5,q.conv2.weight,"[1, 128, 1]",float32,float32,0.2214033765770197,0.27998385722609004,0.4903778815350833,2.2148618016423764,0.1389816850423813,0.03373552350659992,-0.9119309384869465
108,5,w_layers.0.bias,[64],float32,float32,0.04111249415238741,0.05170832209031537,0.08715851945169371,2.120000774670403,0.031010509468615055,0.007818052274210174,-0.760309396955682
108,5,w_layers.0.weight,"[64, 64, 1]",float32,float32,0.1727892093573362,0.27643695594014256,0.40751546271661143,2.3584543515900367,0.04240632988512516,0.0038337824902398114,-0.6259284670354923
108,5,w_layers.1.bias,[64],float32,float32,0.020884511263795986,0.04498655081939516,0.06124118744747359,2.9323735027324904,0.028091728687286377,0.0057599634826743795,-0.6868015329889458
108,5,w_layers.1.weight,"[64, 64, 1]",float32,float32,0.05630103338892573,0.14085238753209664,0.1716949654480077,3.0495881711787485,0.031881889794021845,0.0015272197315258085,-0.4079350318613081
108,5,w_layers.2.bias,[64],float32,float32,0.028979428566210375,0.052411485164099936,0.0776178430052086,2.6783772781396373,0.03772416338324547,0.007248336186023607,-0.8024988137837833
108,5,w_layers.2.weight,"[64, 64, 1]",float32,float32,0.050989132766985225,0.07643846424311336,0.10778429151585876,2.113867910019596,0.022717105224728584,0.001011869570993612,-0.40727360730899526
108,5,w_layers.3.bias,[64],float32,float32,0.0536910436185035,0.12510803304740958,0.17809864204783507,3.317101513490736,0.046280049718916416,0.017907843114713273,-0.9813922296768791
108,5,w_layers.3.weight,"[64, 64, 1]",float32,float32,0.07256910502110527,0.07968511778720698,0.1327978594560805,1.8299503544581253,0.018346307799220085,0.0012022508253646813,-0.5204577193742803
109,5,conv_layers.0.weights1,"[64, 64, 16]",complex64,complex64,0.35974178943946,0.21575045472079055,0.41543640906203194,1.1548183204107418,0.021668382454663515,0.0002528381137268899,0.02174210861905989
109,5,conv_layers.1.weights1,"[64, 64, 16]",complex64,complex64,0.07907016724890388,0.13789776236921467,0.1677861637359689,2.121990752944751,0.011348965199431404,0.00012311524717993904,-0.13226424094639894
109,5,conv_layers.2.weights1,"[64, 64, 16]",complex64,complex64,0.04158561665306779,0.07814144668646454,0.09279611065335958,2.231447267633915,0.006229638122022152,8.176121389823154e-05,-0.11934983364718342
109,5,conv_layers.3.weights1,"[64, 64, 16]",complex64,complex64,0.036123567956447646,0.029383862365986398,0.05262452782821195,1.456792083541102,0.006143828853964806,4.516479010085791e-05,-0.28311151188089756
109,5,mlp_layers.0.conv0.bias,[64],float32,float32,0.0545370521388808,0.0264541873788967,0.06371987598592005,1.168377708125016,0.023390747228404507,0.006142913098301506,-0.13381145496267338
109,5,mlp_layers.0.conv0.weight,"[64, 64, 1]",float32,float32,0.1389912372722457,0.10014596747370119,0.16292925898065014,1.1722268409016061,0.018165706656873226,0.0016816737602042692,0.1006448915523361
109,5,mlp_layers.0.conv2.bias,[64],float32,float32,0.07789884983113833,0.046741111843585995,0.11718040337337711,1.5042635883249826,0.03712294064462185,0.010838567527478915,-0.7522886506126346
109,5,mlp_layers.0.conv2.weight,"[64, 64, 1]",float32,float32,0.13949585058697808,0.11328604488132218,0.193487313932589,1.3870470922140175,0.026202077977359295,0.0017085747070303137,-0.1627710594939036
109,5,mlp_layers.1.conv0.bias,[64],float32,float32,0.023467460177544783,0.022692168387468997,0.0395018326376471,1.683259813324199,0.012921322602778673,0.003967984161164395,-0.4645192356842739
109,5,mlp_layers.1.conv0.weight,"[64, 64, 1]",float32,float32,0.048974909835772684,0.05432886007815903,0.0719398743916698,1.4689128501288804,0.0056284633465111256,0.000823413824367708,0.032851871851356684
109,5,mlp_layers.1.conv2.bias,[64],float32,float32,0.040763078159391036,0.04033015802766625,0.07443794596052992,1.8261119945226914,0.02630640147253871,0.0073639651560597486,-0.6851834313247457
109,5,mlp_layers.1.conv2.weight,"[64, 64, 1]",float32,float32,0.11344624407502045,0.05210933772030997,0.12438858209363979,1.0964539470463501,0.016872834297828376,0.0011483759569713703,0.009550193854273388
109,5,mlp_layers.2.conv0.bias,[64],float32,float32,0.0211009385839376,0.024417938763695315,0.03977767145420724,1.8851138443901587,0.020287999883294106,0.0037620829584454896,-0.5247809824973411
109,5,mlp_layers.2.conv0.weight,"[64, 64, 1]",float32,float32,0.04978813740986624,0.024379669499705735,0.05423186748649243,1.0892527880696659,0.009813391661737114,0.0005509034438662477,0.054428021380878946
109,5,mlp_layers.2.conv2.bias,[64],float32,float32,0.052381827382465246,0.046306440261678836,0.09405644197683981,1.7955929885776587,0.04834230989217758,0.00842630821369994,-0.8159725389748931
109,5,mlp_layers.2.conv2.weight,"[64, 64, 1]",float32,float32,0.09790979434940134,0.026613589438941942,0.10098442811509428,1.0314027190652735,0.030285679997177795,0.0007762448094860638,0.018566046932096333
109,5,mlp_layers.3.conv0.bias,[64],float32,float32,0.029442841805884554,0.028985156893100928,0.05595126488017964,1.9003350712225413,0.02089590672403574,0.005427711625703324,-0.834025544080538
109,5,mlp_layers.3.conv0.weight,"[64, 64, 1]",float32,float32,0.03278659115932401,0.020411588547390367,0.026883603213400272,0.8199572527305872,0.0033291716245003045,0.00026418265104183325,0.5744433985589141
109,5,mlp_layers.3.conv2.bias,[64],float32,float32,0.09423371750973025,0.10985520067203729,0.20320523374763289,2.1563962360569144,0.05285729467868805,0.02045226011136947,-0.982616051059326
109,5,mlp_layers.3.conv2.weight,"[64, 64, 1]",float32,float32,0.06693818236870884,0.034057335376272244,0.06513497724191221,0.9730616359305334,0.006532678846269846,0.0006746609047679486,0.3066269545976065
109,5,p.bias,[64],float32,float32,0.2778184856415408,0.06944504810896925,0.34324264641777447,1.2354924677713781,0.14318781159818172,0.03109809316765677,-0.9280456497884768
109,5,p.weight,"[64, 2]",float32,float32,0.2023525549068691,0.05887895503802934,0.25293205902022875,1.2499573288641619,0.07641616463661194,0.01637127047175113,-0.8209180225817035
109,5,q.conv0.bias,[128],float32,float32,0.09494398286399569,0.1080814835581103,0.20237135124190264,2.1314815866930013,0.047099027782678604,0.01461023806449191,-0.9870793065131387
109,5,q.conv0.weight,"[128, 64, 1]",float32,float32,0.17763128805452905,0.10049981100247536,0.2697382919918875,1.5185291676153558,0.017973242793232203,0.0018435027651469704,-0.8712137281134297
109,5,q.conv2.bias,[1],float32,float32,0.27941828966140747,0.3397904932498932,0.6192087829113007,2.2160638935326795,0.6192087829113007,0.6192087829113007,-1.0
109,5,q.conv2.weight,"[1, 128, 1]",float32,float32,0.37554845599920567,0.25835515229271844,0.6226909196757211,1.6580840893592654,0.16793488711118698,0.042710063973061096,-0.927390771467517
109,5,w_layers.0.bias,[64],float32,float32,0.07789378643845285,0.04675137787129405,0.11718037298902129,1.5043609811112524,0.037122790701687336,0.010838567741842553,-0.7521478979151658
109,5,w_layers.0.weight,"[64, 64, 1]",float32,float32,0.33423798639367674,0.22328173764199039,0.520320417743844,1.5567363343644403,0.04717194475233555,0.005020675487968071,-0.7313726735407938
109,5,w_layers.1.bias,[64],float32,float32,0.04077532731726072,0.040311755726918995,0.07443796713485298,1.8255639385963296,0.026306411251425743,0.007363965558397467,-0.685438846601342
109,5,w_layers.1.weight,"[64, 64, 1]",float32,float32,0.10974142607130508,0.12413086343116445,0.19499427637458022,1.7768520362390923,0.029839408001862466,0.0017872670871616203,-0.38800780851862554
109,5,w_layers.2.bias,[64],float32,float32,0.05238488178534444,0.046303803488065766,0.09405644253508555,1.795488303676948,0.04834230802953243,0.008426309463089865,-0.8159558202375207
109,5,w_layers.2.weight,"[64, 64, 1]",float32,float32,0.1302874846551977,0.07209659681732646,0.17295439660742573,1.327482812836128,0.04183743707835674,0.0014126095958370694,-0.41202177897256304
109,5,w_layers.3.bias,[64],float32,float32,0.09423168105741941,0.10985552772335551,0.20320523450701852,2.1564428462567364,0.05285729467868805,0.020452260049751203,-0.9826494430276591
109,5,w_layers.3.weight,"[64, 64, 1]",float32,float32,0.14938446977130385,0.07503861402904044,0.20594385001527718,1.3786161997332214,0.027980373241007328,0.0018303332189044952,-0.6452661713540566
110,6,conv_layers.0.weights1,"[64, 64, 16]",complex64,complex64,0.44415969177170955,0.15460428611733415,0.4739145511380265,1.0669913545005125,0.025647220172686502,0.00025573964372902354,-0.024863366979103702
110,6,conv_layers.1.weights1,"[64, 64, 16]",complex64,complex64,0.09709379805204368,0.11922061179608723,0.16951946722966518,1.7459350713502864,0.012797017523553222,0.00012031625946505603,-0.2201224037919152
110,6,conv_layers.2.weights1,"[64, 64, 16]",complex64,complex64,0.04284038724661723,0.06295436052765344,0.07886855976846241,1.8409861543604522,0.004103194340132177,6.983477672830493e-05,-0.07817966671650894
110,6,conv_layers.3.weights1,"[64, 64, 16]",complex64,complex64,0.03047057185507396,0.02009795775243575,0.03876325866165141,1.272153960418585,0.004012578981928527,3.3955491775956386e-05,-0.13896767221781375
110,6,mlp_layers.0.conv0.bias,[64],float32,float32,0.06681124041614211,0.013864784477364764,0.0733451952796356,1.0977972392489037,0.0336633687838912,0.006629085618214958,-0.3905458599877561
110,6,mlp_layers.0.conv0.weight,"[64, 64, 1]",float32,float32,0.17212434359715992,0.07818683947231633,0.20700585892893286,1.2026530042340187,0.029155267868191004,0.0020309896550149698,-0.26421195269075703
110,6,mlp_layers.0.conv2.bias,[64],float32,float32,0.09741036845750328,0.03446860394742681,0.12831140935730276,1.3172253774327989,0.04207209683954716,0.011909352032461129,-0.8617694552311258
110,6,mlp_layers.0.conv2.weight,"[64, 64, 1]",float32,float32,0.1780295954508612,0.08583815513586199,0.2212681316938008,1.2428727433404414,0.02905543800443411,0.0019341353657029714,-0.32381343778023053
110,6,mlp_layers.1.conv0.bias,[64],float32,float32,0.02856565239572197,0.017685357117248893,0.04179236433085572,1.463028526424084,0.017109951935708523,0.0038951769753623466,-0.6114815812736959
110,6,mlp_layers.1.conv0.weight,"[64, 64, 1]",float32,float32,0.05770495661137333,0.04066351037383692,0.07486245631731801,1.297331472259751,0.007928655832074583,0.0008374475385148072,-0.1323264331174645
110,6,mlp_layers.1.conv2.bias,[64],float32,float32,0.0488045699488941,0.021852241108555645,0.06714684648934216,1.3758311272828598,0.01998802600428462,0.0069370556818739715,-0.7732344866386142
110,6,mlp_layers.1.conv2.weight,"[64, 64, 1]",float32,float32,0.1175731219037814,0.04154719738236723,0.12789849550126656,1.0878208678164993,0.018807935412041843,0.0011073006287419945,-0.08274760167647034
110,6,mlp_layers.2.conv0.bias,[64],float32,float32,0.022924222677090617,0.013948201901076438,0.03311268421756528,1.4444408730445866,0.020896194502711296,0.0028014363386574814,-0.5885465981362585
110,6,mlp_layers.2.conv0.weight,"[64, 64, 1]",float32,float32,0.05497614503210652,0.025495808192422423,0.06592744528684681,1.1992009488541737,0.0102746756747365,0.000640793527241168,-0.2404344432737891
110,6,mlp_layers.2.conv2.bias,[64],float32,float32,0.05989257738655954,0.02778619809530806,0.08450089392105534,1.41087422863218,0.039168220944702625,0.007286453517622249,-0.8356054367493985
110,6,mlp_layers.2.conv2.weight,"[64, 64, 1]",float32,float32,0.10058560301372248,0.034569212229458676,0.1182209646360176,1.1753268966324057,0.03402758250012994,0.0009349888661856695,-0.38302790741677817
110,6,mlp_layers.3.conv0.bias,[64],float32,float32,0.03226646327886734,0.013875064651026517,0.04476604145699047,1.387386063049235,0.018577109556645155,0.004176858470046341,-0.8603503043049108
110,6,mlp_layers.3.conv0.weight,"[64, 64, 1]",float32,float32,0.02336497780169362,0.018527163577292786,0.03670768643642952,1.5710559088897893,0.004130705026909709,0.0003593431729676348,-0.5293257982469053
110,6,mlp_layers.3.conv2.bias,[64],float32,float32,0.1099122528769023,0.048599746957658715,0.15802916838795192,1.4377757188267153,0.04163398686796427,0.015896015608120706,-0.985694085169442
110,6,mlp_layers.3.conv2.weight,"[64, 64, 1]",float32,float32,0.05289074165960406,0.04166254316721809,0.08882911196151891,1.679483198273304,0.010120147140696645,0.0008942151467862397,-0.7618146993408742
110,6,p.bias,[64],float32,float32,0.3467835640167106,0.0519284979164301,0.39601180441265976,1.14195667126132,0.16550812683999538,0.03558887011740808,-0.9404163398199633
110,6,p.weight,"[64, 2]",float32,float32,0.250393767072443,0.04293539681084119,0.2857124022757651,1.1410523736922886,0.08662803657352924,0.018528010858972266,-0.7948785334924215
110,6,q.conv0.bias,[128],float32,float32,0.11067076145340143,0.04856629505622354,0.15907150408864723,1.4373399260980526,0.038545326329767704,0.011368830269070429,-0.9950978568735213
110,6,q.conv0.weight,"[128, 64, 1]",float32,float32,0.1635629902042053,0.08620377741342815,0.24467814329744975,1.4959260832293033,0.01624778425320983,0.0016969059846362877,-0.9107769702714476
110,6,q.conv2.bias,[1],float32,float32,0.3381108045578003,0.14349646866321564,0.48160727322101593,1.4244066345377164,0.48160727322101593,0.48160727322101593,-1.0
110,6,q.conv2.weight,"[1, 128, 1]",float32,float32,0.35914882376633367,0.19434588491647245,0.5491411736267707,1.5290073008398553,0.1568123623728752,0.037107684054831225,-0.9656129932568762
110,6,w_layers.0.bias,[64],float32,float32,0.09741576153160471,0.03446683218050181,0.1283114239016592,1.3171526032779715,0.04207220207899809,0.011909354187707777,-0.8616283201259353
110,6,w_layers.0.weight,"[64, 64, 1]",float32,float32,0.4232684038035703,0.15150020282194843,0.5519691029621094,1.3040640359686908,0.04980185069143772,0.005280584549237105,-0.7996962122697997
110,6,w_layers.1.bias,[64],float32,float32,0.04878900087443057,0.021868101512223,0.0671468215801408,1.3762696586666778,0.019987988751381636,0.006937055203053433,-0.7733057824937104
110,6,w_layers.1.weight,"[64, 64, 1]",float32,float32,0.12346350827286261,0.07957875839987279,0.17277543728352582,1.3994048905663732,0.018297237809747458,0.0016467985896336385,-0.4211335285251707
110,6,w_layers.2.bias,[64],float32,float32,0.05988808040981556,0.02778970670217744,0.08450089097633465,1.4109801215549578,0.039168220944702625,0.007286452120922604,-0.8356657701493374
110,6,w_layers.2.weight,"[64, 64, 1]",float32,float32,0.12014839188469027,0.0392648703660258,0.13757245592270603,1.145021200572856,0.02589170163264498,0.0011334078559425698,-0.31253260296796515
110,6,w_layers.3.bias,[64],float32,float32,0.1099140664847566,0.04859897441487873,0.15802916850299814,1.4377519962371184,0.04163398686796427,0.01589601575665256,-0.9856632041468976
110,6,w_layers.3.weight,"[64, 64, 1]",float32,float32,0.13988431719929745,0.047772352698637534,0.17150341000186559,1.2260374389040298,0.02043699217028916,0.001551985829928021,-0.5659171906126086
