k,gain_sin,gain_cos,gain_mean,gain_max,sample_index,jacobian
1,2.533249141918149,1.9590699553897633,2.246159548653956,2.533249141918149,7,fno
2,2.0363751935526793,1.899636282369966,1.9680057379613225,2.0363751935526793,7,fno
3,0.9300121127202038,1.9087129275010506,1.4193625201106272,1.9087129275010506,7,fno
4,1.1798489203591367,0.8855561328010914,1.032702526580114,1.1798489203591367,7,fno
5,0.7137285917232075,0.5495103926438915,0.6316194921835494,0.7137285917232075,7,fno
6,0.40923729605105696,0.45259504188225697,0.43091616896665697,0.45259504188225697,7,fno
7,0.48814054320359096,0.3378406975989695,0.4129906204012802,0.48814054320359096,7,fno
8,0.3126864119648799,0.44714247808743895,0.37991444502615945,0.44714247808743895,7,fno
9,0.2996252737734444,0.3497936395566862,0.3247094566650653,0.3497936395566862,7,fno
10,0.3028497718822244,0.2646750722055453,0.28376242204388485,0.3028497718822244,7,fno
11,0.29432364333894223,0.22897678171068958,0.2616502125248159,0.29432364333894223,7,fno
12,0.2486432240703957,0.16775871739463163,0.20820097073251367,0.2486432240703957,7,fno
13,0.15364808400918903,0.1197699116939853,0.13670899785158716,0.15364808400918903,7,fno
14,0.05062992723883861,0.06743040519783414,0.05903016621833637,0.06743040519783414,7,fno
15,0.022025902417664094,0.02888562380039556,0.025455763109029826,0.02888562380039556,7,fno
16,0.013040892870395773,0.012407949805994843,0.012724421338195308,0.013040892870395773,7,fno
17,0.012896332928312165,0.01517077784294311,0.014033555385627637,0.01517077784294311,7,fno
18,0.01486093153931826,0.01492048835869908,0.014890709949008669,0.01492048835869908,7,fno
19,0.014473751397965966,0.014103692666234518,0.014288722032100243,0.014473751397965966,7,fno
20,0.01303062276770622,0.014955469788178853,0.013993046277942536,0.014955469788178853,7,fno
21,0.014184122883115205,0.014031670814666837,0.014107896848891022,0.014184122883115205,7,fno
22,0.015402943344798484,0.012713420010787756,0.01405818167779312,0.015402943344798484,7,fno
23,0.012754907279453795,0.014640351270312598,0.013697629274883195,0.014640351270312598,7,fno
24,0.013305981284027308,0.013593568502932035,0.013449774893479672,0.013593568502932035,7,fno
25,0.01399091901156862,0.012272953216377894,0.013131936113973258,0.01399091901156862,7,fno
26,0.012246004425202605,0.013687622374921266,0.012966813400061936,0.013687622374921266,7,fno
27,0.013022296943723689,0.012908811650085292,0.012965554296904491,0.013022296943723689,7,fno
28,0.013607242601898776,0.012231621748989745,0.012919432175444261,0.013607242601898776,7,fno
29,0.012311991974479962,0.01346933990665093,0.012890665940565446,0.01346933990665093,7,fno
30,0.012986876171729184,0.01285990368642639,0.012923389929077787,0.012986876171729184,7,fno
31,0.013306253637868021,0.0125939167323231,0.01295008518509556,0.013306253637868021,7,fno
32,0.012479404699732837,0.013472658879334782,0.012976031789533809,0.013472658879334782,7,fno
33,0.013176586130354056,0.012846083747622214,0.013011334938988135,0.013176586130354056,7,fno
34,0.013169069923592071,0.012803433228789808,0.01298625157619094,0.013169069923592071,7,fno
35,0.012561762617212662,0.013257791241371454,0.012909776929292058,0.013257791241371454,7,fno
36,0.013168622448158454,0.012660400704610103,0.012914511576384279,0.013168622448158454,7,fno
37,0.012982290703366739,0.01284992135830152,0.01291610603083413,0.012982290703366739,7,fno
38,0.012609993459216984,0.013164350988541783,0.012887172223879383,0.013164350988541783,7,fno
39,0.013093233474567097,0.012654447257143125,0.012873840365855111,0.013093233474567097,7,fno
40,0.012875940377160632,0.012877187809850988,0.01287656409350581,0.012877187809850988,7,fno
41,0.012712957141974861,0.013111672373865353,0.012912314757920106,0.013111672373865353,7,fno
42,0.013151857334045731,0.012730422528014311,0.012941139931030021,0.013151857334045731,7,fno
43,0.012901377511189097,0.012996942263607711,0.012949159887398403,0.012996942263607711,7,fno
44,0.01284257801858907,0.0130973084319738,0.012969943225281435,0.0130973084319738,7,fno
45,0.013176975936708874,0.012798685300122901,0.012987830618415887,0.013176975936708874,7,fno
46,0.012912478998793544,0.013073522682792254,0.012993000840792898,0.013073522682792254,7,fno
47,0.012914195898961327,0.013092217184526158,0.013003206541743743,0.013092217184526158,7,fno
48,0.013159513411159415,0.0128444829783637,0.013001998194761558,0.013159513411159415,7,fno
49,0.012917622807014329,0.013080806778675961,0.012999214792845146,0.013080806778675961,7,fno
50,0.01294580727215407,0.013051922221082353,0.01299886474661821,0.013051922221082353,7,fno
51,0.013121171974153627,0.012867771678080757,0.012994471826117193,0.013121171974153627,7,fno
52,0.012918052346526872,0.013069201751493485,0.012993627049010179,0.013069201751493485,7,fno
53,0.012962057056757818,0.013015457331633232,0.012988757194195524,0.013015457331633232,7,fno
54,0.01306543949080262,0.012897148302853434,0.012981293896828026,0.01306543949080262,7,fno
55,0.012918809020152557,0.013050774931247212,0.012984791975699884,0.013050774931247212,7,fno
56,0.012986076353634704,0.012989913031371127,0.012987994692502915,0.012989913031371127,7,fno
57,0.013046894821807655,0.012923363153241631,0.012985128987524644,0.013046894821807655,7,fno
58,0.01292744879088254,0.01303654473227647,0.012981996761579503,0.01303654473227647,7,fno
59,0.012984485601895683,0.012974615812356819,0.012979550707126251,0.012984485601895683,7,fno
60,0.013017414356041078,0.01294224495107413,0.012979829653557604,0.013017414356041078,7,fno
61,0.012937965387767031,0.013025014330079356,0.012981489858923194,0.013025014330079356,7,fno
62,0.012994463207725303,0.01296797139474653,0.012981217301235918,0.012994463207725303,7,fno
63,0.013007705530595598,0.01295539310677612,0.01298154931868586,0.013007705530595598,7,fno
64,0.012946654378019583,0.013013281618945919,0.01297996799848275,0.013013281618945919,7,fno
65,0.012989567095742284,0.012964406949117884,0.012976987022430084,0.012989567095742284,7,fno
66,0.012990391321126303,0.012965226146024257,0.01297780873357528,0.012990391321126303,7,fno
67,0.012955832696505782,0.013002977479155403,0.012979405087830593,0.013002977479155403,7,fno
68,0.012995767361615519,0.012965296961311223,0.01298053216146337,0.012995767361615519,7,fno
69,0.012987929941819097,0.01297263053548489,0.012980280238651994,0.012987929941819097,7,fno
70,0.012960866061823088,0.012996657300026164,0.012978761680924626,0.012996657300026164,7,fno
71,0.012989958088560193,0.012967235437978578,0.012978596763269385,0.012989958088560193,7,fno
72,0.012981409183479698,0.012977388492081824,0.012979398837780761,0.012981409183479698,7,fno
73,0.012969251677021955,0.012991440412708447,0.012980346044865202,0.012991440412708447,7,fno
74,0.012993133854353734,0.012969833676301916,0.012981483765327824,0.012993133854353734,7,fno
75,0.012981271801257114,0.012980813781977515,0.012981042791617315,0.012981271801257114,7,fno
76,0.012971618569169561,0.012987663951398744,0.012979641260284152,0.012987663951398744,7,fno
77,0.01298676847545741,0.012971886752274045,0.012979327613865728,0.01298676847545741,7,fno
78,0.012978130962395027,0.0129814399757158,0.012979785469055413,0.0129814399757158,7,fno
79,0.01297700323385509,0.01298453765782458,0.012980770445839836,0.01298453765782458,7,fno
80,0.012988472904052969,0.012974005426331401,0.012981239165192185,0.012988472904052969,7,fno
81,0.012978711761526533,0.012982324796097667,0.0129805182788121,0.012982324796097667,7,fno
82,0.01297678805323719,0.01298304035564128,0.012979914204439235,0.01298304035564128,7,fno
83,0.012983951014334066,0.0129755352155116,0.012979743114922834,0.012983951014334066,7,fno
84,0.012978269965783162,0.012981792595037052,0.012980031280410108,0.012981792595037052,7,fno
85,0.012980119389986153,0.012981535920150267,0.01298082765506821,0.012981535920150267,7,fno
86,0.01298498878187192,0.012977060985174552,0.012981024883523236,0.01298498878187192,7,fno
87,0.012978855595092232,0.012981961872279289,0.01298040873368576,0.012981961872279289,7,fno
88,0.012978881847139344,0.012980742393938005,0.012979812120538675,0.012980742393938005,7,fno
89,0.012981689575812496,0.012977687564508395,0.012979688570160446,0.012981689575812496,7,fno
90,0.012979158941239792,0.012981225247181023,0.012980192094210408,0.012981225247181023,7,fno
91,0.012981191275318476,0.01298014287713982,0.012980667076229148,0.012981191275318476,7,fno
92,0.012982586857205514,0.012978584850272567,0.01298058585373904,0.012982586857205514,7,fno
93,0.012979244393350225,0.012981265036013321,0.012980254714681772,0.012981265036013321,7,fno
94,0.012979762180205183,0.012979974154894942,0.012979868167550063,0.012979974154894942,7,fno
95,0.012980813388655015,0.012978789492697134,0.012979801440676075,0.012980813388655015,7,fno
96,0.012979818605056545,0.012980682964798249,0.012980250784927396,0.012980682964798249,7,fno
97,0.012981311821579078,0.012979805139334378,0.012980558480456728,0.012981311821579078,7,fno
98,0.012981529738182706,0.012979408794356783,0.012980469266269744,0.012981529738182706,7,fno
99,0.012979628535831768,0.012980680726278336,0.012980154631055053,0.012980680726278336,7,fno
100,0.012979979107761025,0.01297973721072283,0.012979858159241927,0.012979979107761025,7,fno
101,0.012980513057300969,0.012979389577861631,0.0129799513175813,0.012980513057300969,7,fno
102,0.01298028570684646,0.012980277673372146,0.012980281690109303,0.01298028570684646,7,fno
103,0.012981145384889406,0.01297974359608488,0.012980444490487143,0.012981145384889406,7,fno
104,0.012980938442800318,0.012979813382828167,0.012980375912814243,0.012980938442800318,7,fno
105,0.012979901797028714,0.012980322614318071,0.012980112205673393,0.012980322614318071,7,fno
106,0.012980160973105174,0.012979712336180454,0.012979936654642813,0.012980160973105174,7,fno
107,0.01298045320307396,0.012979675317062489,0.012980064260068223,0.01298045320307396,7,fno
108,0.012980476689854014,0.01298008197492637,0.012980279332390193,0.012980476689854014,7,fno
109,0.012980963227067181,0.012979785218000231,0.012980374222533706,0.012980963227067181,7,fno
110,0.01298064987295474,0.012979926785520771,0.012980288329237755,0.01298064987295474,7,fno
111,0.01298004152578293,0.012980132127924088,0.01298008682685351,0.012980132127924088,7,fno
112,0.01298026997450131,0.01297974993511825,0.01298000995480978,0.01298026997450131,7,fno
113,0.012980439577036854,0.012979779709215666,0.01298010964312626,0.012980439577036854,7,fno
114,0.01298055273013434,0.012979957459410085,0.012980255094772212,0.01298055273013434,7,fno
115,0.012980801261009693,0.01297984901331523,0.012980325137162463,0.012980801261009693,7,fno
116,0.01298048963913928,0.012979971422464282,0.01298023053080178,0.01298048963913928,7,fno
117,0.01298016883560024,0.012979992477722455,0.012980080656661348,0.01298016883560024,7,fno
118,0.012980317103335927,0.012979793143961759,0.012980055123648842,0.012980317103335927,7,fno
119,0.012980441685074876,0.012979837851700126,0.012980139768387501,0.012980441685074876,7,fno
120,0.012980583958488931,0.012979914119429515,0.012980249038959224,0.012980583958488931,7,fno
121,0.01298066639498789,0.012979888397877084,0.012980277396432486,0.01298066639498789,7,fno
122,0.01298040748116697,0.012979960227616862,0.012980183854391916,0.01298040748116697,7,fno
123,0.012980256971674983,0.012979937094402183,0.012980097033038582,0.012980256971674983,7,fno
124,0.012980366640874985,0.012979822452655956,0.01298009454676547,0.012980366640874985,7,fno
125,0.01298045532309418,0.012979855242184753,0.012980155282639468,0.01298045532309418,7,fno
126,0.012980563242986784,0.01297989748157965,0.012980230362283216,0.012980563242986784,7,fno
127,0.012980565589792365,0.012979908473856237,0.012980237031824302,0.012980565589792365,7,fno
128,0.012980387182896217,0.012979947783289715,0.012980167483092966,0.012980387182896217,7,fno
129,0.01298030742765477,0.012979904092851697,0.012980105760253234,0.01298030742765477,7,fno
130,0.012980372205766312,0.012979845087269268,0.012980108646517791,0.012980372205766312,7,fno
131,0.012980467064545875,0.012979868559061743,0.012980167811803809,0.012980467064545875,7,fno
132,0.012980536193248111,0.012979894609157116,0.012980215401202613,0.012980536193248111,7,fno
133,0.012980488882234801,0.012979915900054461,0.01298020239114463,0.012980488882234801,7,fno
134,0.012980378037915442,0.012979928378347848,0.012980153208131645,0.012980378037915442,7,fno
135,0.01298034336132649,0.012979892488451992,0.012980117924889241,0.01298034336132649,7,fno
136,0.012980398873271123,0.012979856151997007,0.012980127512634065,0.012980398873271123,7,fno
137,0.01298046667421058,0.012979876911616891,0.012980171792913735,0.01298046667421058,7,fno
138,0.012980497872526853,0.012979901096602093,0.012980199484564473,0.012980497872526853,7,fno
139,0.0129804580942566,0.012979913804871077,0.012980185949563839,0.0129804580942566,7,fno
140,0.012980383802197426,0.012979915287468998,0.012980149544833213,0.012980383802197426,7,fno
141,0.012980366376693031,0.012979882713811565,0.012980124545252297,0.012980366376693031,7,fno
142,0.012980408500467088,0.012979866151256446,0.012980137325861767,0.012980408500467088,7,fno
143,0.012980461987388128,0.012979881067117612,0.01298017152725287,0.012980461987388128,7,fno
144,0.01298047459532377,0.012979897124655979,0.012980185859989874,0.01298047459532377,7,fno
145,0.012980431621570247,0.012979911218057564,0.012980171419813905,0.012980431621570247,7,fno
146,0.012980384570680844,0.012979906415946185,0.012980145493313514,0.012980384570680844,7,fno
147,0.01298038423177502,0.012979881757324252,0.012980132994549635,0.01298038423177502,7,fno
148,0.012980415305550141,0.012979874627758571,0.012980144966654356,0.012980415305550141,7,fno
149,0.012980446700750584,0.01297988738942454,0.012980167045087563,0.012980446700750584,7,fno
150,0.012980453201520399,0.012979895205573156,0.012980174203546777,0.012980453201520399,7,fno
151,0.012980414828503659,0.012979908191684819,0.012980161510094238,0.012980414828503659,7,fno
152,0.0129803899404427,0.012979896474006377,0.01298014320722454,0.0129803899404427,7,fno
153,0.01298039734017726,0.012979878758706896,0.012980138049442078,0.01298039734017726,7,fno
154,0.01298041655337473,0.012979884945502503,0.012980150749438616,0.01298041655337473,7,fno
155,0.012980441798763889,0.012979886700440157,0.012980164249602022,0.012980441798763889,7,fno
156,0.01298043241156535,0.012979899769951958,0.012980166090758654,0.01298043241156535,7,fno
157,0.012980408105411942,0.012979905178041684,0.012980156641726814,0.012980408105411942,7,fno
158,0.012980391960650803,0.012979893104505418,0.01298014253257811,0.012980391960650803,7,fno
159,0.012980398308899063,0.01297988415736206,0.01298014123313056,0.012980398308899063,7,fno
160,0.0129804153648254,0.012979885016277328,0.012980150190551364,0.0129804153648254,7,fno
161,0.012980432177379696,0.012979886073554662,0.01298015912546718,0.012980432177379696,7,fno
162,0.012980423546294083,0.012979896715800809,0.012980160131047445,0.012980423546294083,7,fno
163,0.012980400982190837,0.012979902087013653,0.012980151534602245,0.012980400982190837,7,fno
164,0.01298039870773537,0.012979887497391446,0.012980143102563409,0.01298039870773537,7,fno
165,0.012980401847303773,0.012979883248746184,0.01298014254802498,0.012980401847303773,7,fno
166,0.012980409625284463,0.012979887694803934,0.012980148660044198,0.012980409625284463,7,fno
167,0.01298042336293607,0.012979887492737903,0.012980155427836986,0.01298042336293607,7,fno
168,0.012980414128828261,0.012979897713691749,0.012980155921260006,0.012980414128828261,7,fno
169,0.01298040107540215,0.012979896324150426,0.01298014869977629,0.01298040107540215,7,fno
170,0.01298039745926259,0.012979886516359196,0.012980141987810893,0.01298039745926259,7,fno
171,0.012980403020174239,0.01297988467097021,0.012980143845572225,0.012980403020174239,7,fno
172,0.012980410565674033,0.012979886892342807,0.01298014872900842,0.012980410565674033,7,fno
173,0.012980417765221563,0.012979887868824378,0.01298015281702297,0.012980417765221563,7,fno
174,0.012980406071467618,0.012979898074996438,0.012980152073232028,0.012980406071467618,7,fno
175,0.012980398807976691,0.012979894155170615,0.012980146481573654,0.012980398807976691,7,fno
176,0.012980402416099532,0.012979884201323648,0.01298014330871159,0.012980402416099532,7,fno
177,0.01298039809316077,0.012979890580950332,0.012980144337055551,0.01298039809316077,7,fno
178,0.012980404995572844,0.012979889607557306,0.012980147301565076,0.012980404995572844,7,fno
179,0.012980414006755136,0.012979883993474663,0.0129801490001149,0.012980414006755136,7,fno
180,0.012980397776650509,0.012979897132393245,0.012980147454521876,0.012980397776650509,7,fno
181,0.012980397696427287,0.012979890742843217,0.012980144219635252,0.012980397696427287,7,fno
182,0.012980400305454833,0.012979886578171075,0.012980143441812954,0.012980400305454833,7,fno
183,0.012980397294863876,0.012979891790715967,0.012980144542789921,0.012980397294863876,7,fno
184,0.012980403574151202,0.012979886783079654,0.012980145178615428,0.012980403574151202,7,fno
185,0.01298040681362054,0.012979886563673342,0.012980146688646941,0.01298040681362054,7,fno
186,0.012980393857172841,0.012979897698713029,0.012980145777942934,0.012980393857172841,7,fno
187,0.012980399364915535,0.012979888483056564,0.01298014392398605,0.012980399364915535,7,fno
188,0.012980399714135097,0.012979887014157901,0.012980143364146499,0.012980399714135097,7,fno
189,0.01298039280876656,0.012979894841901258,0.012980143825333908,0.01298039280876656,7,fno
190,0.0129804030727927,0.012979886622633248,0.012980144847712975,0.0129804030727927,7,fno
191,0.012980402340412872,0.012979888018478426,0.012980145179445648,0.012980402340412872,7,fno
192,0.012980391932075534,0.012979897094203056,0.012980144513139294,0.012980391932075534,7,fno
193,0.01298039990888377,0.01297988585624858,0.012980142882566176,0.01298039990888377,7,fno
194,0.012980398656806835,0.01297988563893133,0.012980142147869082,0.012980398656806835,7,fno
195,0.012980390414375837,0.0129798942791395,0.012980142346757668,0.012980390414375837,7,fno
196,0.012980403883719311,0.01297988406961525,0.012980143976667281,0.012980403883719311,7,fno
197,0.012980400479310613,0.012979888344666448,0.01298014441198853,0.012980400479310613,7,fno
198,0.012980389289344434,0.012979897328603138,0.012980143308973787,0.012980389289344434,7,fno
199,0.01298039879323946,0.012979884125145651,0.012980141459192556,0.01298039879323946,7,fno
200,0.012980394525137022,0.012979886021272346,0.012980140273204684,0.012980394525137022,7,fno
201,0.012980389045207577,0.01297989234341974,0.01298014069431366,0.012980389045207577,7,fno
202,0.012980399773966162,0.012979883740010176,0.012980141756988169,0.012980399773966162,7,fno
203,0.012980393366030131,0.012979891981351287,0.01298014267369071,0.012980393366030131,7,fno
204,0.012980389228047262,0.012979895028317697,0.012980142128182479,0.012980389228047262,7,fno
205,0.012980399066848326,0.012979882843589134,0.01298014095521873,0.012980399066848326,7,fno
206,0.012980386501800502,0.01297989371316853,0.012980140107484515,0.012980386501800502,7,fno
207,0.012980389101738482,0.012979891388378637,0.01298014024505856,0.012980389101738482,7,fno
208,0.012980398404003553,0.012979884677058972,0.012980141540531263,0.012980398404003553,7,fno
209,0.012980389051111542,0.012979893869778533,0.012980141460445037,0.012980389051111542,7,fno
210,0.012980387849204375,0.012979894595164033,0.012980141222184204,0.012980387849204375,7,fno
211,0.012980397858639265,0.012979883636889249,0.012980140747764258,0.012980397858639265,7,fno
212,0.012980388500959998,0.012979891002287362,0.01298013975162368,0.012980388500959998,7,fno
213,0.012980387164857448,0.012979893331956009,0.012980140248406729,0.012980387164857448,7,fno
214,0.012980398354030559,0.012979882462907039,0.012980140408468798,0.012980398354030559,7,fno
215,0.012980389235887287,0.012979890800934023,0.012980140018410656,0.012980389235887287,7,fno
216,0.0129803865239168,0.01297989280663621,0.012980139665276506,0.0129803865239168,7,fno
217,0.012980396404483209,0.012979882766364352,0.01298013958542378,0.012980396404483209,7,fno
218,0.012980385827233064,0.012979893084849186,0.012980139456041125,0.012980385827233064,7,fno
219,0.012980388046799947,0.012979890248112106,0.012980139147456026,0.012980388046799947,7,fno
220,0.01298039597190863,0.012979882927561798,0.012980139449735214,0.01298039597190863,7,fno
221,0.012980381084920578,0.012979898005836796,0.012980139545378688,0.012980381084920578,7,fno
222,0.012980389705555477,0.012979888682571328,0.012980139194063402,0.012980389705555477,7,fno
223,0.0129803927548203,0.012979882547860764,0.012980137651340533,0.0129803927548203,7,fno
224,0.01298038603717004,0.012979891305638822,0.01298013867140443,0.01298038603717004,7,fno
225,0.012980386065467059,0.012979893287442474,0.012980139676454765,0.012980386065467059,7,fno
226,0.012980392704033464,0.01297988489876507,0.012980138801399267,0.012980392704033464,7,fno
227,0.01298038385902624,0.012979892574289425,0.012980138216657833,0.01298038385902624,7,fno
228,0.012980389114073461,0.01297988725388587,0.012980138183979665,0.012980389114073461,7,fno
229,0.01298038945791093,0.01297988778118784,0.012980138619549386,0.01298038945791093,7,fno
230,0.012980383667520665,0.012979893015644943,0.012980138341582804,0.012980383667520665,7,fno
231,0.01298038955228181,0.012979885033280502,0.012980137292781156,0.01298038955228181,7,fno
232,0.012980391557129205,0.01297988211757501,0.012980136837352108,0.012980391557129205,7,fno
233,0.012980382194105397,0.012979892607332653,0.012980137400719025,0.012980382194105397,7,fno
234,0.012980386398024573,0.012979890433753812,0.012980138415889193,0.012980386398024573,7,fno
235,0.01298039187977834,0.012979883631959729,0.012980137755869033,0.01298039187977834,7,fno
236,0.012980382380941248,0.01297989212143094,0.012980137251186094,0.012980382380941248,7,fno
237,0.012980385904365037,0.012979888389324021,0.012980137146844529,0.012980385904365037,7,fno
238,0.012980386949548076,0.012979887928071617,0.012980137438809845,0.012980386949548076,7,fno
239,0.012980384224176508,0.012979890714562795,0.012980137469369652,0.012980384224176508,7,fno
240,0.012980387158453894,0.012979888138707955,0.012980137648580924,0.012980387158453894,7,fno
241,0.012980386014223242,0.01297988716069839,0.012980136587460816,0.012980386014223242,7,fno
242,0.012980380799083315,0.012979892583902924,0.01298013669149312,0.012980380799083315,7,fno
243,0.01298038782062682,0.012979887074303668,0.012980137447465245,0.01298038782062682,7,fno
244,0.012980385753017515,0.012979888162588812,0.012980136957803163,0.012980385753017515,7,fno
245,0.012980378878502057,0.012979892383169414,0.012980135630835735,0.012980378878502057,7,fno
246,0.012980380604419788,0.012979890017757997,0.012980135311088893,0.012980380604419788,7,fno
247,0.012980386192194753,0.012979886278784382,0.012980136235489569,0.012980386192194753,7,fno
248,0.01298038248019065,0.01297989039004813,0.01298013643511939,0.01298038248019065,7,fno
249,0.012980381885475154,0.012979889768808475,0.012980135827141814,0.012980381885475154,7,fno
250,0.012980387067921926,0.012979883960190262,0.012980135514056093,0.012980387067921926,7,fno
251,0.012980380942335803,0.012979890151598741,0.012980135546967272,0.012980380942335803,7,fno
252,0.012980382394359655,0.012979889867944112,0.012980136131151884,0.012980382394359655,7,fno
253,0.01298038343490549,0.012979889554984175,0.012980136494944831,0.01298038343490549,7,fno
254,0.012980381819947592,0.012979890729847617,0.012980136274897604,0.012980381819947592,7,fno
255,0.01298038218652466,0.012979889922772981,0.01298013605464882,0.01298038218652466,7,fno
256,0.012980383332451217,0.012979889686637833,0.012980136509544524,0.012980383332451217,7,fno
257,0.012980381441192705,0.012979889400353002,0.012980135420772854,0.012980381441192705,7,fno
258,0.012980380419410058,0.012979890500527558,0.012980135459968808,0.012980380419410058,7,fno
259,0.012980382708965883,0.012979887718062204,0.012980135213514044,0.012980382708965883,7,fno
260,0.01298038000266645,0.012979889248144983,0.012980134625405718,0.01298038000266645,7,fno
261,0.01298038030285171,0.012979890686941819,0.012980135494896764,0.01298038030285171,7,fno
262,0.012980385521875238,0.01297988623176709,0.012980135876821165,0.012980385521875238,7,fno
263,0.012980379963098261,0.012979889794570832,0.012980134878834548,0.012980379963098261,7,fno
264,0.01298037917774422,0.012979891484581042,0.012980135331162632,0.01298037917774422,7,fno
265,0.01298038288615563,0.012979887977403407,0.012980135431779519,0.01298038288615563,7,fno
266,0.012980379511120311,0.012979890677777044,0.012980135094448678,0.012980379511120311,7,fno
267,0.012980376080950462,0.012979895127008945,0.012980135603979703,0.012980376080950462,7,fno
268,0.012980382481069794,0.01297988730423797,0.012980134892653882,0.012980382481069794,7,fno
269,0.012980380604253352,0.012979886732454468,0.01298013366835391,0.012980380604253352,7,fno
270,0.012980376859394838,0.012979892027641113,0.012980134443517977,0.012980376859394838,7,fno
271,0.012980381503809306,0.012979888829613805,0.012980135166711555,0.012980381503809306,7,fno
272,0.012980381259310916,0.012979887165765109,0.012980134212538012,0.012980381259310916,7,fno
273,0.012980379436452489,0.012979889178380607,0.012980134307416548,0.012980379436452489,7,fno
274,0.012980382012631528,0.012979887798776167,0.012980134905703848,0.012980382012631528,7,fno
275,0.01298037948254831,0.012979889078989514,0.012980134280768912,0.01298037948254831,7,fno
276,0.0129803761648884,0.012979892183959367,0.012980134174423882,0.0129803761648884,7,fno
277,0.012980384984302127,0.012979884868227296,0.012980134926264712,0.012980384984302127,7,fno
278,0.01298038056546704,0.012979891120385537,0.012980135842926288,0.01298038056546704,7,fno
279,0.012980375600301665,0.01297989538210341,0.012980135491202537,0.012980375600301665,7,fno
280,0.012980384963184148,0.012979883233300992,0.012980134098242571,0.012980384963184148,7,fno
281,0.012980381684065161,0.012979885682628095,0.012980133683346627,0.012980381684065161,7,fno
282,0.01298037431902566,0.01297989192007711,0.012980133119551384,0.01298037431902566,7,fno
283,0.01298037965706049,0.01297988662638298,0.012980133141721735,0.01298037965706049,7,fno
284,0.012980381204304238,0.012979887376890303,0.01298013429059727,0.012980381204304238,7,fno
285,0.012980376140536463,0.012979892050881727,0.012980134095709094,0.012980376140536463,7,fno
286,0.012980381603333152,0.01297988380108902,0.012980132702211086,0.012980381603333152,7,fno
287,0.012980375410945906,0.012979890720855512,0.01298013306590071,0.012980375410945906,7,fno
288,0.012980374144746868,0.012979892876990251,0.01298013351086856,0.012980374144746868,7,fno
289,0.012980384970872255,0.012979883009132479,0.012980133990002366,0.012980384970872255,7,fno
290,0.01298037747068755,0.012979890705028946,0.012980134087858248,0.01298037747068755,7,fno
291,0.012980371305433612,0.012979897132917513,0.012980134219175562,0.012980371305433612,7,fno
292,0.012980382887851487,0.012979885500959276,0.012980134194405381,0.012980382887851487,7,fno
293,0.012980376340874495,0.01297989076559549,0.012980133553234994,0.012980376340874495,7,fno
294,0.012980372470852682,0.01297989404664214,0.01298013325874741,0.012980372470852682,7,fno
295,0.012980383829652758,0.012979881457681464,0.012980132643667111,0.012980383829652758,7,fno
296,0.012980372423705479,0.012979893196813341,0.01298013281025941,0.012980372423705479,7,fno
297,0.012980376019721265,0.0129798909752254,0.012980133497473331,0.012980376019721265,7,fno
298,0.012980383807553396,0.012979882983045043,0.012980133395299218,0.012980383807553396,7,fno
299,0.012980373006837737,0.012979892520452762,0.01298013276364525,0.012980373006837737,7,fno
300,0.01298037444225912,0.012979891422852687,0.012980132932555902,0.01298037444225912,7,fno
301,0.012980383242992844,0.012979883034784612,0.012980133138888728,0.012980383242992844,7,fno
302,0.012980373298142096,0.012979893011074427,0.012980133154608262,0.012980373298142096,7,fno
303,0.012980372918510629,0.012979893687462352,0.012980133302986491,0.012980372918510629,7,fno
304,0.012980381602294915,0.01297988326337951,0.012980132432837212,0.012980381602294915,7,fno
305,0.0129803716184749,0.012979893388014224,0.012980132503244562,0.0129803716184749,7,fno
306,0.012980372899055114,0.012979894117245958,0.012980133508150537,0.012980372899055114,7,fno
307,0.012980381533507869,0.012979883458078057,0.012980132495792964,0.012980381533507869,7,fno
308,0.012980371619406015,0.012979892237382691,0.012980131928394353,0.012980371619406015,7,fno
309,0.012980373497769978,0.012979890982012054,0.012980132239891015,0.012980373497769978,7,fno
310,0.01298038136845774,0.0129798841995183,0.012980132783988019,0.01298038136845774,7,fno
311,0.012980370600396637,0.012979896097864164,0.0129801333491304,0.012980370600396637,7,fno
312,0.01298037711075228,0.012979888731112303,0.01298013292093229,0.01298037711075228,7,fno
313,0.012980380969351208,0.012979884334631125,0.012980132651991168,0.012980380969351208,7,fno
314,0.01298036851451778,0.012979895971136867,0.012980132242827323,0.01298036851451778,7,fno
315,0.012980376804102134,0.012979886000428886,0.01298013140226551,0.012980376804102134,7,fno
316,0.012980379391730006,0.012979883890797359,0.012980131641263683,0.012980379391730006,7,fno
317,0.012980367399286683,0.01297989657419591,0.012980131986741297,0.012980367399286683,7,fno
318,0.012980379125237942,0.012979886255468762,0.012980132690353353,0.012980379125237942,7,fno
319,0.012980378163488203,0.01297988779481908,0.012980132979153642,0.012980378163488203,7,fno
320,0.012980369633882669,0.012979895629329077,0.012980132631605874,0.012980369633882669,7,fno
321,0.012980376305757366,0.012979888506148743,0.012980132405953054,0.012980376305757366,7,fno
322,0.01298037715016743,0.012979886786577837,0.012980131968372634,0.01298037715016743,7,fno
323,0.012980367817266782,0.012979895871830975,0.012980131844548878,0.012980367817266782,7,fno
324,0.012980376626453993,0.012979887419129066,0.01298013202279153,0.012980376626453993,7,fno
325,0.012980376022159519,0.012979886914647909,0.012980131468403714,0.012980376022159519,7,fno
326,0.012980366985054155,0.012979895836624483,0.01298013141083932,0.012980366985054155,7,fno
327,0.012980378004797318,0.012979886926434226,0.012980132465615772,0.012980378004797318,7,fno
328,0.012980373623863402,0.012979888989089574,0.012980131306476489,0.012980373623863402,7,fno
329,0.0129803676753582,0.01297989399587678,0.01298013083561749,0.0129803676753582,7,fno
330,0.012980376457998133,0.012979886804795691,0.012980131631396913,0.012980376457998133,7,fno
331,0.012980373524722576,0.012979891829033294,0.012980132676877934,0.012980373524722576,7,fno
332,0.012980369625708558,0.012979895194924256,0.012980132410316408,0.012980369625708558,7,fno
333,0.012980378317383898,0.012979885873327416,0.012980132095355656,0.012980378317383898,7,fno
334,0.012980371102764893,0.012979890316901001,0.012980130709832947,0.012980371102764893,7,fno
335,0.01298036767888403,0.012979893991006783,0.012980130834945407,0.01298036767888403,7,fno
336,0.012980379628267659,0.012979884457155175,0.012980132042711416,0.012980379628267659,7,fno
337,0.012980371182830025,0.012979892643628614,0.01298013191322932,0.012980371182830025,7,fno
338,0.012980370107070817,0.012979893182032584,0.0129801316445517,0.012980370107070817,7,fno
339,0.012980375429138108,0.012979887908648003,0.012980131668893054,0.012980375429138108,7,fno
340,0.01298037115436824,0.01297989097631574,0.01298013106534199,0.01298037115436824,7,fno
341,0.012980372906691389,0.01297988927955876,0.012980131093125074,0.012980372906691389,7,fno
342,0.012980375149783948,0.01297988886007836,0.012980132004931155,0.012980375149783948,7,fno
343,0.012980370992311453,0.012979890929457305,0.012980130960884378,0.012980370992311453,7,fno
344,0.012980370792136897,0.01297989131992221,0.012980131056029555,0.012980370792136897,7,fno
345,0.012980375870445498,0.012979887244920846,0.012980131557683173,0.012980375870445498,7,fno
346,0.012980370352075747,0.012979894010922224,0.012980132181498984,0.012980370352075747,7,fno
347,0.012980373549009978,0.012979889591493541,0.01298013157025176,0.012980373549009978,7,fno
348,0.012980374866079138,0.012979886696996332,0.012980130781537735,0.012980374866079138,7,fno
349,0.012980367523218789,0.01297989388713391,0.01298013070517635,0.012980367523218789,7,fno
350,0.012980372013292621,0.012979890732461424,0.012980131372877023,0.012980372013292621,7,fno
351,0.012980375755060143,0.012979888193222598,0.01298013197414137,0.012980375755060143,7,fno
352,0.012980367970061272,0.01297989487490753,0.0129801314224844,0.012980367970061272,7,fno
353,0.012980370779635821,0.01297988900810176,0.012980129893868791,0.012980370779635821,7,fno
354,0.012980368481160898,0.012979890951519654,0.012980129716340275,0.012980368481160898,7,fno
355,0.012980368891774091,0.012979892989893169,0.01298013094083363,0.012980368891774091,7,fno
356,0.012980369285636843,0.012979893394061932,0.012980131339849387,0.012980369285636843,7,fno
357,0.012980371747976283,0.01297989117673222,0.012980131462354251,0.012980371747976283,7,fno
358,0.012980367595006424,0.012979896508822336,0.012980132051914381,0.012980367595006424,7,fno
359,0.012980376294918909,0.012979886567566752,0.01298013143124283,0.012980376294918909,7,fno
360,0.012980369966839876,0.012979893110662008,0.012980131538750942,0.012980369966839876,7,fno
361,0.012980367386169091,0.012979895489169405,0.012980131437669247,0.012980367386169091,7,fno
362,0.012980371688582912,0.012979888781768444,0.012980130235175677,0.012980371688582912,7,fno
363,0.012980367638376903,0.012979894412934413,0.012980131025655657,0.012980367638376903,7,fno
364,0.01298036720587562,0.012979895136023467,0.012980131170949543,0.01298036720587562,7,fno
365,0.012980372043163078,0.012979888534778647,0.012980130288970862,0.012980372043163078,7,fno
366,0.012980364407628866,0.012979896569306712,0.01298013048846779,0.012980364407628866,7,fno
367,0.012980369192826956,0.012979891543625222,0.012980130368226088,0.012980369192826956,7,fno
368,0.012980371127210349,0.012979889798908028,0.012980130463059188,0.012980371127210349,7,fno
369,0.012980366626051482,0.01297989572246288,0.01298013117425718,0.012980366626051482,7,fno
370,0.012980369850550665,0.012979891457362306,0.012980130653956486,0.012980369850550665,7,fno
371,0.012980370928882608,0.012979891402447756,0.012980131165665182,0.012980370928882608,7,fno
372,0.012980365653252546,0.012979897516471777,0.012980131584862161,0.012980365653252546,7,fno
373,0.0129803713943071,0.012979888685211483,0.012980130039759293,0.0129803713943071,7,fno
374,0.012980365234499632,0.012979894063831631,0.012980129649165631,0.012980365234499632,7,fno
375,0.012980360213107028,0.012979899665922041,0.012980129939514536,0.012980360213107028,7,fno
376,0.012980374812073604,0.012979886858445564,0.012980130835259583,0.012980374812073604,7,fno
377,0.012980366684428268,0.012979895651259156,0.012980131167843712,0.012980366684428268,7,fno
378,0.01298035855461823,0.012979904583038951,0.01298013156882859,0.01298035855461823,7,fno
379,0.012980374737377147,0.012979885953652442,0.012980130345514793,0.012980374737377147,7,fno
380,0.012980364665410837,0.012979894703164387,0.012980129684287613,0.012980364665410837,7,fno
381,0.012980357220234228,0.012979903198005493,0.01298013020911986,0.012980357220234228,7,fno
382,0.012980378421931584,0.012979881920365073,0.012980130171148328,0.012980378421931584,7,fno
383,0.012980357165725173,0.012979902654786182,0.012980129910255676,0.012980357165725173,7,fno
384,0.012980356268467474,0.012979905608098745,0.01298013093828311,0.012980356268467474,7,fno
385,0.012980391012957575,0.012979870434267776,0.012980130723612676,0.012980391012957575,7,fno
386,0.01298035044590337,0.012979910123037557,0.012980130284470464,0.01298035044590337,7,fno
387,0.012980355194640946,0.012979906398382727,0.012980130796511837,0.012980355194640946,7,fno
388,0.012980402777535097,0.012979858797666173,0.012980130787600635,0.012980402777535097,7,fno
389,0.012980339574043313,0.012979920928381957,0.012980130251212635,0.012980339574043313,7,fno
390,0.01298035568295434,0.01297990665241539,0.012980131167684865,0.01298035568295434,7,fno
391,0.012980410173684214,0.012979851635031122,0.012980130904357668,0.012980410173684214,7,fno
392,0.012980321315559127,0.012979937244134742,0.012980129279846934,0.012980321315559127,7,fno
393,0.012980359901209718,0.012979898930427084,0.0129801294158184,0.012980359901209718,7,fno
394,0.012980423132726541,0.012979837399615193,0.012980130266170866,0.012980423132726541,7,fno
395,0.012980292777646668,0.012979967675654222,0.012980130226650444,0.012980292777646668,7,fno
396,0.01298037184690932,0.012979888788049471,0.012980130317479396,0.01298037184690932,7,fno
397,0.012980448993532024,0.012979813077718337,0.01298013103562518,0.012980448993532024,7,fno
398,0.012980253989742185,0.012980007303803371,0.012980130646772777,0.012980253989742185,7,fno
399,0.012980392022310756,0.012979867842658198,0.012980129932484477,0.012980392022310756,7,fno
400,0.012980470289922084,0.012979788915455896,0.012980129602688989,0.012980470289922084,7,fno
401,0.012980199431111512,0.012980060303674176,0.012980129867392845,0.012980199431111512,7,fno
402,0.012980421403727928,0.012979840099106806,0.012980130751417367,0.012980421403727928,7,fno
403,0.012980494799749658,0.012979766128178843,0.01298013046396425,0.012980494799749658,7,fno
404,0.01298012386287959,0.012980136576839373,0.01298013021985948,0.012980136576839373,7,fno
405,0.012980477893670943,0.012979781764605553,0.012980129829138248,0.012980477893670943,7,fno
406,0.012980517632074083,0.012979741370145403,0.012980129501109744,0.012980517632074083,7,fno
407,0.01298002122689404,0.012980238781780605,0.012980130004337322,0.012980238781780605,7,fno
408,0.012980576873423582,0.01297968282106035,0.012980129847241966,0.012980576873423582,7,fno
409,0.012980530061046125,0.012979728268704452,0.012980129164875289,0.012980530061046125,7,fno
410,0.012979878270101218,0.012980380649032468,0.012980129459566843,0.012980380649032468,7,fno
411,0.012980732195554873,0.012979527583152834,0.012980129889353854,0.012980732195554873,7,fno
412,0.012980515002570225,0.01297974631753504,0.012980130660052634,0.012980515002570225,7,fno
413,0.012979702663519001,0.012980560187343499,0.01298013142543125,0.012980560187343499,7,fno
414,0.01298095874266298,0.01297930122965001,0.012980129986156495,0.01298095874266298,7,fno
415,0.012980463791982944,0.012979794575479722,0.012980129183731332,0.012980463791982944,7,fno
416,0.012979469221880665,0.012980789560283723,0.012980129391082194,0.012980789560283723,7,fno
417,0.012981302936965446,0.01297895755130051,0.012980130244132977,0.012981302936965446,7,fno
418,0.012980332621216608,0.012979929036396469,0.012980130828806538,0.012980332621216608,7,fno
419,0.012979200325761097,0.012981061282517314,0.012980130804139206,0.012981061282517314,7,fno
420,0.012981794235885101,0.012978465241263816,0.012980129738574459,0.012981794235885101,7,fno
421,0.012980065196625038,0.012980194352232516,0.012980129774428778,0.012980194352232516,7,fno
422,0.012978900603355617,0.012981358989036792,0.012980129796196204,0.012981358989036792,7,fno
423,0.012982488114322406,0.012977770395470583,0.012980129254896495,0.012982488114322406,7,fno
424,0.012979579504231196,0.012980677440152336,0.012980128472191765,0.012980677440152336,7,fno
425,0.012978622424403211,0.012981635663864588,0.0129801290441339,0.012981635663864588,7,fno
426,0.012983450422685056,0.01297681031484147,0.012980130368763262,0.012983450422685056,7,fno
427,0.01297874957205935,0.012981510760144603,0.012980130166101977,0.012981510760144603,7,fno
428,0.012978422745801044,0.012981834855287998,0.01298012880054452,0.012981834855287998,7,fno
429,0.01298472951381853,0.012975527963472145,0.012980128738645336,0.01298472951381853,7,fno
430,0.012977437777278106,0.012982823944659114,0.01298013086096861,0.012982823944659114,7,fno
431,0.012978407745783304,0.012981854028185984,0.012980130886984645,0.012981854028185984,7,fno
432,0.012986364139897656,0.012973893569208098,0.012980128854552877,0.012986364139897656,7,fno
433,0.012975469985736074,0.012984787313796355,0.012980128649766214,0.012984787313796355,7,fno
434,0.012978799001644305,0.012981458161845684,0.012980128581744995,0.012981458161845684,7,fno
435,0.012988290393664654,0.012971964379037916,0.012980127386351285,0.012988290393664654,7,fno
436,0.012972609597211799,0.012987645723826971,0.012980127660519385,0.012987645723826971,7,fno
437,0.012979952327614,0.012980305417855442,0.012980128872734722,0.012980305417855442,7,fno
438,0.01299038700433471,0.012969862414008191,0.01298012470917145,0.01299038700433471,7,fno
439,0.012968543070431248,0.012991705589708115,0.012980124330069683,0.012991705589708115,7,fno
440,0.012982377905461676,0.012977881844620096,0.012980129875040887,0.012982377905461676,7,fno
441,0.012992472597752368,0.012967775069736218,0.012980123833744292,0.012992472597752368,7,fno
442,0.012962888388334598,0.012997346148785406,0.012980117268560002,0.012997346148785406,7,fno
443,0.012986669553178705,0.012973585538499447,0.012980127545839076,0.012986669553178705,7,fno
444,0.012994258464966874,0.012965987939117126,0.012980123202042,0.012994258464966874,7,fno
445,0.012955466993978539,0.013004748139237715,0.012980107566608126,0.013004748139237715,7,fno
446,0.012993350373191421,0.012966896282990348,0.012980123328090884,0.012993350373191421,7,fno
447,0.012995114334792727,0.012965128949659675,0.0129801216422262,0.012995114334792727,7,fno
448,0.012946518110989711,0.013013656194258405,0.012980087152624057,0.013013656194258405,7,fno
449,0.013003099200535101,0.012957116666510176,0.012980107933522639,0.013003099200535101,7,fno
450,0.012993632766293018,0.012966610152028858,0.01298012145916094,0.012993632766293018,7,fno
451,0.01293676831579457,0.013023347637645035,0.012980057976719802,0.013023347637645035,7,fno
452,0.01301714219024974,0.012943011446946054,0.012980076818597898,0.01301714219024974,7,fno
453,0.012987663431331722,0.012972591795927394,0.012980127613629558,0.012987663431331722,7,fno
454,0.012926714357273252,0.013033325953241678,0.012980020155257465,0.013033325953241678,7,fno
455,0.013037156276052977,0.012922849379260982,0.012980002827656979,0.013037156276052977,7,fno
456,0.012975521542208115,0.012984734908709177,0.012980128225458645,0.012984734908709177,7,fno
457,0.012916282477410009,0.013043663704873578,0.012979973091141794,0.013043663704873578,7,fno
458,0.013064168420600111,0.012895542316763457,0.012979855368681785,0.013064168420600111,7,fno
459,0.012956063898649891,0.013004150849528454,0.012980107374089172,0.013004150849528454,7,fno
460,0.01290746571656258,0.013052389292654534,0.012979927504608557,0.013052389292654534,7,fno
461,0.013095675932594752,0.012863545338743353,0.012979610635669053,0.013095675932594752,7,fno
462,0.012928756545210857,0.013031301614201485,0.012980029079706171,0.013031301614201485,7,fno
463,0.012905102951000497,0.013054725015434311,0.012979913983217404,0.013054725015434311,7,fno
464,0.013128265666364493,0.012830282246059694,0.012979273956212093,0.013128265666364493,7,fno
465,0.012889077451565497,0.013070548659995733,0.012979813055780616,0.013070548659995733,7,fno
466,0.012917639650960024,0.01304231976981591,0.012979979710387966,0.01304231976981591,7,fno
467,0.013160870106906947,0.012796834901209904,0.012978852504058426,0.013160870106906947,7,fno
468,0.012829026769206919,0.013129493886750923,0.012979260327978921,0.013129493886750923,7,fno
469,0.01294994872181035,0.013010239655156164,0.012980094188483258,0.013010239655156164,7,fno
470,0.013197762105911615,0.012758783958024848,0.012978273031968232,0.013197762105911615,7,fno
471,0.01274613163552968,0.013209982211993708,0.012978056923761694,0.013209982211993708,7,fno
472,0.01299389778743544,0.01296634508880908,0.012980121438122261,0.01299389778743544,7,fno
473,0.013241882723180802,0.012712987889896457,0.01297743530653863,0.013241882723180802,7,fno
474,0.012651060092470735,0.013301060998724573,0.012976060545597655,0.013301060998724573,7,fno
475,0.01304933100555948,0.012910559852903921,0.012979945429231702,0.01304933100555948,7,fno
476,0.013261079056514908,0.012692963791282937,0.012977021423898921,0.013261079056514908,7,fno
477,0.012577116834955389,0.01337099986302162,0.012974058348988505,0.01337099986302162,7,fno
478,0.013131199660752223,0.012827280310042235,0.01297923998539723,0.013131199660752223,7,fno
479,0.01322456439990218,0.012731002134117805,0.012977783267009994,0.01322456439990218,7,fno
480,0.012505062121811981,0.013438411578815725,0.012971736850313853,0.013438411578815725,7,fno
481,0.013282305127789119,0.0126707489750568,0.01297652705142296,0.013282305127789119,7,fno
482,0.013142584316682398,0.012815615599162888,0.012979099957922643,0.013142584316682398,7,fno
483,0.012379539023602107,0.01355413386538662,0.012966836444494364,0.01355413386538662,7,fno
484,0.013491756897800564,0.012447491373218019,0.01296962413550929,0.013491756897800564,7,fno
485,0.013077628225842765,0.01288189328774277,0.012979760756792767,0.013077628225842765,7,fno
486,0.012225184658940806,0.013693515855342044,0.012959350257141424,0.013693515855342044,7,fno
487,0.01366917058077265,0.01225239815723622,0.012960784369004434,0.01366917058077265,7,fno
488,0.01302934398145513,0.012930727874448348,0.012980035927951739,0.01302934398145513,7,fno
489,0.012156464145389527,0.013754559064468052,0.01295551160492879,0.013754559064468052,7,fno
490,0.013780552511511824,0.012126990391996453,0.012953771451754139,0.013780552511511824,7,fno
491,0.0128280942274416,0.013130404633892576,0.012979249430667087,0.013130404633892576,7,fno
492,0.012328407745970242,0.013600657788171912,0.012964532767071078,0.013600657788171912,7,fno
493,0.01381214407817824,0.012090997411091334,0.012951570744634787,0.01381214407817824,7,fno
494,0.012556808613583782,0.013390074367479202,0.012973441490531493,0.013390074367479202,7,fno
495,0.012498559084099164,0.013444461220955696,0.01297151015252743,0.013444461220955696,7,fno
496,0.01407279614532508,0.011786598663202037,0.012929697404263559,0.01407279614532508,7,fno
497,0.012154746305680338,0.013756076718203716,0.012955411511942027,0.013756076718203716,7,fno
498,0.012546075848086282,0.013400130328371361,0.012973103088228822,0.013400130328371361,7,fno
499,0.014498695377681387,0.011258568006087905,0.012878631691884645,0.014498695377681387,7,fno
500,0.011682707717052187,0.014159162138695829,0.012920934927874009,0.014159162138695829,7,fno
501,0.012567620027989545,0.013379927874913154,0.01297377395145135,0.013379927874913154,7,fno
502,0.014415121155644134,0.01136537611913757,0.012890248637390852,0.014415121155644134,7,fno
503,0.011900291008706173,0.01397678717562929,0.01293853909216773,0.01397678717562929,7,fno
504,0.012612516562563176,0.013337614372676512,0.012975065467619843,0.013337614372676512,7,fno
505,0.014066074880388213,0.011794619321671538,0.012930347101029875,0.014066074880388213,7,fno
506,0.01205427873924996,0.013844199918742911,0.012949239328996436,0.013844199918742911,7,fno
507,0.013752734329101459,0.012158529450016758,0.012955631889559109,0.013752734329101459,7,fno
508,0.013339234965027352,0.012610802509355637,0.012975018737191493,0.013339234965027352,7,fno
509,0.011276289402066913,0.014484916636461669,0.01288060301926429,0.014484916636461669,7,fno
510,0.013248424805493686,0.012706170545729938,0.012977297675611812,0.013248424805493686,7,fno
511,0.01424544884164018,0.011577334587097565,0.012911391714368873,0.01424544884164018,7,fno
512,0.057870952973966584,0.012980129002094925,0.03542554098803075,0.057870952973966584,7,fno
1,2.6944435520766787,2.077992967434495,2.3862182597555868,2.6944435520766787,7,solver
2,2.1500997664313957,1.9600041984618637,2.0550519824466296,2.1500997664313957,7,solver
3,0.9782526902097737,1.9919774820156393,1.4851150861127065,1.9919774820156393,7,solver
4,1.1750351095922473,0.9250068021401212,1.0500209558661844,1.1750351095922473,7,solver
5,0.7412666430828748,0.5406557596731741,0.6409612013780245,0.7412666430828748,7,solver
6,0.42708996468534854,0.4738656204436977,0.45047779256452314,0.4738656204436977,7,solver
7,0.49113122446479196,0.3389138740522562,0.4150225492585241,0.49113122446479196,7,solver
8,0.35104924051474823,0.45509138815746375,0.40307031433610596,0.45509138815746375,7,solver
9,0.3276919204485591,0.39747901916839756,0.36258546980847833,0.39747901916839756,7,solver
10,0.32868545480640843,0.32353530786581985,0.32611038133611414,0.32868545480640843,7,solver
11,0.33589247255181687,0.2733424057144771,0.304617439133147,0.33589247255181687,7,solver
12,0.34366800295494637,0.20757218952935147,0.2756200962421489,0.34366800295494637,7,solver
13,0.24600495492411675,0.24046134303816333,0.24323314898114004,0.24600495492411675,7,solver
14,0.20419956671553818,0.1831335925919624,0.19366657965375028,0.20419956671553818,7,solver
15,0.14194099320650552,0.17654888495256463,0.15924493907953507,0.17654888495256463,7,solver
16,0.14847452189984908,0.15384159564321587,0.1511580587715325,0.15384159564321587,7,solver
17,0.1644514237490958,0.1318461358436048,0.1481487797963503,0.1644514237490958,7,solver
18,0.1485380152901205,0.12873227961620812,0.1386351474531643,0.1485380152901205,7,solver
19,0.1291219957438402,0.11463447568422935,0.12187823571403478,0.1291219957438402,7,solver
20,0.1159972028770908,0.09400263256651271,0.10499991772180176,0.1159972028770908,7,solver
21,0.09229615618917934,0.0929321667435243,0.09261416146635182,0.0929321667435243,7,solver
22,0.08366114197297306,0.07861067487985761,0.08113590842641533,0.08366114197297306,7,solver
23,0.07129384511237169,0.06882072879430715,0.07005728695333942,0.07129384511237169,7,solver
24,0.05985765984236515,0.06270188705713457,0.06127977344974986,0.06270188705713457,7,solver
25,0.05625152283253018,0.055854767776590764,0.05605314530456047,0.05625152283253018,7,solver
26,0.051617382339505795,0.05221423553084876,0.05191580893517728,0.05221423553084876,7,solver
27,0.04505136861220724,0.04716295195017529,0.04610716028119126,0.04716295195017529,7,solver
28,0.04058788493143024,0.03682592658041311,0.03870690575592167,0.04058788493143024,7,solver
29,0.03253517942493892,0.03167259706830418,0.032103888246621554,0.03253517942493892,7,solver
30,0.028074283975132716,0.02773496801274949,0.027904625993941105,0.028074283975132716,7,solver
31,0.025027483748786754,0.025672226297257388,0.02534985502302207,0.025672226297257388,7,solver
32,0.021963834925449757,0.023452606984757478,0.022708220955103615,0.023452606984757478,7,solver
33,0.019088333015944994,0.01998763304795031,0.019537983031947655,0.01998763304795031,7,solver
34,0.01578776225742986,0.017133420697922574,0.016460591477676215,0.017133420697922574,7,solver
35,0.013827359908487219,0.014376531689711295,0.014101945799099257,0.014376531689711295,7,solver
36,0.012330248968855127,0.012281014108575737,0.01230563153871543,0.012330248968855127,7,solver
37,0.010630006388238293,0.01069715325917039,0.01066357982370434,0.01069715325917039,7,solver
38,0.00935078022238271,0.008800365962643018,0.009075573092512865,0.00935078022238271,7,solver
39,0.0077489719983714275,0.007693523889039264,0.007721247943705345,0.0077489719983714275,7,solver
40,0.006636877366291318,0.006683511823615488,0.006660194594953403,0.006683511823615488,7,solver
41,0.005741729378595778,0.005789387243328066,0.005765558310961922,0.005789387243328066,7,solver
42,0.004762350617507201,0.005053065604201724,0.004907708110854463,0.005053065604201724,7,solver
43,0.00405695459193952,0.004158997573371859,0.004107976082655689,0.004158997573371859,7,solver
44,0.0034487554380512545,0.003437817464066014,0.0034432864510586343,0.0034487554380512545,7,solver
45,0.0029656580388338267,0.002903712402456505,0.0029346852206451656,0.0029656580388338267,7,solver
46,0.002584725816526045,0.0024592267396186074,0.002521976278072326,0.002584725816526045,7,solver
47,0.002184587925887847,0.0021120145605664138,0.0021483012432271303,0.002184587925887847,7,solver
48,0.0018373334689867828,0.001767861865310729,0.001802597667148756,0.0018373334689867828,7,solver
49,0.0015109888922287683,0.0014927612531948685,0.0015018750727118185,0.0015109888922287683,7,solver
50,0.0012487723336605712,0.001257550630655741,0.001253161482158156,0.001257550630655741,7,solver
51,0.0010451429134925537,0.0010541010658531894,0.0010496219896728716,0.0010541010658531894,7,solver
52,0.0008700238790856957,0.0008922497439770583,0.000881136811531377,0.0008922497439770583,7,solver
53,0.0007401315630066628,0.0007415126400834585,0.0007408221015450607,0.0007415126400834585,7,solver
54,0.0006265790794365289,0.0006174690506660873,0.0006220240650513081,0.0006265790794365289,7,solver
55,0.0005238606917850058,0.0005136791078580818,0.0005187698998215438,0.0005238606917850058,7,solver
56,0.0004363922381369651,0.0004204327509779159,0.0004284124945574405,0.0004363922381369651,7,solver
57,0.00035595675647573193,0.0003483270759300881,0.00035214191620291,0.00035595675647573193,7,solver
58,0.00029144744421790504,0.0002898946101834071,0.00029067102720065606,0.00029144744421790504,7,solver
59,0.00024022119039990576,0.00024322988177123274,0.00024172553608556925,0.00024322988177123274,7,solver
60,0.00019848627859818182,0.00020397491129103503,0.00020123059494460844,0.00020397491129103503,7,solver
61,0.00016430210201656958,0.00016849095767408232,0.00016639652984532595,0.00016849095767408232,7,solver
62,0.00013504695594072143,0.00013795487599087427,0.00013650091596579785,0.00013795487599087427,7,solver
63,0.00011152329340944253,0.00011170341133309796,0.00011161335237127025,0.00011170341133309796,7,solver
64,9.200430545339987e-05,9.064887491519211e-05,9.132659018429599e-05,9.200430545339987e-05,7,solver
65,7.555191560780305e-05,7.401185490317964e-05,7.478188525549134e-05,7.555191560780305e-05,7,solver
66,6.19433451080557e-05,6.041966859593475e-05,6.118150685199523e-05,6.19433451080557e-05,7,solver
67,5.0149255175972485e-05,4.987111483499938e-05,5.001018500548594e-05,5.0149255175972485e-05,7,solver
68,4.056872932248774e-05,4.112497732206929e-05,4.0846853322278515e-05,4.112497732206929e-05,7,solver
69,3.286771022966857e-05,3.370852068383114e-05,3.328811545674986e-05,3.370852068383114e-05,7,solver
70,2.6584966209094424e-05,2.7433584429447457e-05,2.700927531927094e-05,2.7433584429447457e-05,7,solver
71,2.1615777865782324e-05,2.203849565807447e-05,2.1827136761928398e-05,2.203849565807447e-05,7,solver
72,1.7645159960017462e-05,1.760475898940349e-05,1.7624959474710477e-05,1.7645159960017462e-05,7,solver
73,1.4426674904817122e-05,1.4096597883404584e-05,1.4261636394110853e-05,1.4426674904817122e-05,7,solver
74,1.1735830288244356e-05,1.1375309028713501e-05,1.1555569658478927e-05,1.1735830288244356e-05,7,solver
75,9.465664697736646e-06,9.215906137809683e-06,9.340785417773164e-06,9.465664697736646e-06,7,solver
76,7.5618035301544896e-06,7.466958785673388e-06,7.514381157913939e-06,7.5618035301544896e-06,7,solver
77,5.9723160036592255e-06,6.078583601716388e-06,6.025449802687807e-06,6.078583601716388e-06,7,solver
78,4.756782554530836e-06,4.912185147123343e-06,4.83448385082709e-06,4.912185147123343e-06,7,solver
79,3.812305516303833e-06,3.961750008119632e-06,3.887027762211733e-06,3.961750008119632e-06,7,solver
80,3.0723010986694052e-06,3.17136828201104e-06,3.1218346903402224e-06,3.17136828201104e-06,7,solver
81,2.480031870338609e-06,2.5082642017234193e-06,2.494148036031014e-06,2.5082642017234193e-06,7,solver
82,2.0033433206260047e-06,1.96621296282839e-06,1.9847781417271975e-06,2.0033433206260047e-06,7,solver
83,1.6124119491319608e-06,1.5623646523604802e-06,1.5873883007462205e-06,1.6124119491319608e-06,7,solver
84,1.291840313129354e-06,1.2840077433797568e-06,1.2879240282545553e-06,1.291840313129354e-06,7,solver
85,1.0495621687567706e-06,1.0671282471552878e-06,1.0583452079560292e-06,1.0671282471552878e-06,7,solver
86,8.60976931712867e-07,8.802462271456948e-07,8.706115794292809e-07,8.802462271456948e-07,7,solver
87,6.746279457376695e-07,7.391537481183704e-07,7.068908469280199e-07,7.391537481183704e-07,7,solver
88,5.697295723381094e-07,5.586289874566179e-07,5.641792798973637e-07,5.697295723381094e-07,7,solver
89,4.191909611486457e-07,4.700931170182627e-07,4.446420390834542e-07,4.700931170182627e-07,7,solver
90,3.465072904086728e-07,3.831941512240983e-07,3.6485072081638555e-07,3.831941512240983e-07,7,solver
91,3.6212761644588313e-07,3.043966871510879e-07,3.3326215179848555e-07,3.6212761644588313e-07,7,solver
92,3.864989800748173e-07,2.748886010630175e-07,3.306937905689174e-07,3.864989800748173e-07,7,solver
93,3.031199960733346e-07,3.6182195522214333e-07,3.3247097564773896e-07,3.6182195522214333e-07,7,solver
94,1.9633549252774896e-07,3.9304511263195894e-07,2.9469030257985396e-07,3.9304511263195894e-07,7,solver
95,2.1023168499557515e-07,3.183237920325845e-07,2.6427773851407984e-07,3.183237920325845e-07,7,solver
96,2.1441919266459877e-07,2.422838466285394e-07,2.283515196465691e-07,2.422838466285394e-07,7,solver
97,2.1816065932696922e-07,1.87534019322953e-07,2.028473393249611e-07,2.1816065932696922e-07,7,solver
98,2.426695282337765e-07,1.2851300454839657e-07,1.8559126639108654e-07,2.426695282337765e-07,7,solver
99,1.6821440611796693e-07,2.2021626902908818e-07,1.9421533757352757e-07,2.2021626902908818e-07,7,solver
100,1.7562174769915568e-07,2.3907516378416184e-07,2.0734845574165876e-07,2.3907516378416184e-07,7,solver
101,2.3030788303180513e-07,2.3115696562989654e-07,2.3073242433085084e-07,2.3115696562989654e-07,7,solver
102,2.0153343403555426e-07,2.7545215345799884e-07,2.3849279374677657e-07,2.7545215345799884e-07,7,solver
103,1.8890295387666642e-07,2.57503498229106e-07,2.232032260528862e-07,2.57503498229106e-07,7,solver
104,1.6413829413585706e-07,2.0635470594776852e-07,1.8524650004181278e-07,2.0635470594776852e-07,7,solver
105,1.5114102818878068e-07,1.5736098924789196e-07,1.5425100871833632e-07,1.5736098924789196e-07,7,solver
106,1.5468203264399763e-07,1.7912771027868291e-07,1.6690487146134029e-07,1.7912771027868291e-07,7,solver
107,2.173140375312848e-07,1.8462401628181477e-07,2.009690269065498e-07,2.173140375312848e-07,7,solver
108,2.456660037045775e-07,1.784862758551578e-07,2.1207613977986768e-07,2.456660037045775e-07,7,solver
109,1.689544299044552e-07,2.2071433433114906e-07,1.9483438211780213e-07,2.2071433433114906e-07,7,solver
110,1.3056322630959062e-07,1.9899887931183352e-07,1.6478105281071207e-07,1.9899887931183352e-07,7,solver
111,1.2048285166860577e-07,1.983071953557542e-07,1.5939502351217997e-07,1.983071953557542e-07,7,solver
112,1.6536029912340676e-07,1.97195771743257e-07,1.8127803543333188e-07,1.97195771743257e-07,7,solver
113,2.3697497084969661e-07,1.282363543030886e-07,1.826056625763926e-07,2.3697497084969661e-07,7,solver
114,1.9013204623528183e-07,1.648424181880763e-07,1.7748723221167907e-07,1.9013204623528183e-07,7,solver
115,1.5140741906183953e-07,1.6629734396793467e-07,1.588523815148871e-07,1.6629734396793467e-07,7,solver
116,1.5618027373365888e-07,1.542702597287862e-07,1.5522526673122255e-07,1.5618027373365888e-07,7,solver
117,1.2408970564468039e-07,1.9387646488699546e-07,1.5898308526583793e-07,1.9387646488699546e-07,7,solver
118,1.7219510024239484e-07,1.52271130075789e-07,1.622331151590919e-07,1.7219510024239484e-07,7,solver
119,1.8958336214375504e-07,9.974011138510852e-08,1.4466173676443177e-07,1.8958336214375504e-07,7,solver
120,1.5532756144828737e-07,1.3341876388756316e-07,1.4437316266792526e-07,1.5532756144828737e-07,7,solver
121,1.4994335062300404e-07,1.5346863389436184e-07,1.5170599225868295e-07,1.5346863389436184e-07,7,solver
122,1.5495227014086046e-07,1.61675878988544e-07,1.5831407456470223e-07,1.61675878988544e-07,7,solver
123,1.235363070741653e-07,1.7103656957334376e-07,1.4728643832375453e-07,1.7103656957334376e-07,7,solver
124,1.4731316958205134e-07,1.0152303657091267e-07,1.24418103076482e-07,1.4731316958205134e-07,7,solver
125,1.2943338123160268e-07,9.225006467257757e-08,1.1084172295209013e-07,1.2943338123160268e-07,7,solver
126,1.230162105602714e-07,1.2531937621199893e-07,1.2416779338613516e-07,1.2531937621199893e-07,7,solver
127,1.447232027950021e-07,1.421845427751242e-07,1.4345387278506316e-07,1.447232027950021e-07,7,solver
128,1.287449816509754e-07,1.6426715500483497e-07,1.4650606832790518e-07,1.6426715500483497e-07,7,solver
129,1.3464440930658432e-07,1.273879315234293e-07,1.310161704150068e-07,1.3464440930658432e-07,7,solver
130,1.1710437477452991e-07,9.027358807797425e-08,1.0368898142625208e-07,1.1710437477452991e-07,7,solver
131,9.770801750428067e-08,8.405381180294787e-08,9.088091465361427e-08,9.770801750428067e-08,7,solver
132,1.0649059593285385e-07,9.760385060758563e-08,1.0204722327021974e-07,1.0649059593285385e-07,7,solver
133,1.1556498797154125e-07,1.2057901787536685e-07,1.1807200292345405e-07,1.2057901787536685e-07,7,solver
134,1.0137945195855313e-07,1.3988152059786056e-07,1.2063048627820684e-07,1.3988152059786056e-07,7,solver
135,1.1463367576682746e-07,1.0913812067423825e-07,1.1188589822053285e-07,1.1463367576682746e-07,7,solver
136,9.908592981346647e-08,9.120415074686761e-08,9.514504028016704e-08,9.908592981346647e-08,7,solver
137,7.367899833959484e-08,9.48042818082469e-08,8.424164007392087e-08,9.48042818082469e-08,7,solver
138,9.194751096502836e-08,8.119875880374192e-08,8.657313488438514e-08,9.194751096502836e-08,7,solver
139,1.0072111889902449e-07,8.371562224555402e-08,9.221837057228925e-08,1.0072111889902449e-07,7,solver
140,9.2993822374685e-08,9.45514789673364e-08,9.37726506710107e-08,9.45514789673364e-08,7,solver
141,9.05712222951004e-08,8.7612836708331e-08,8.909202950171571e-08,9.05712222951004e-08,7,solver
142,7.845302024696769e-08,8.738408448305352e-08,8.29185523650106e-08,8.738408448305352e-08,7,solver
143,6.395912515561294e-08,9.375922531069836e-08,7.885917523315564e-08,9.375922531069836e-08,7,solver
144,8.448017157407562e-08,7.675772864706088e-08,8.061895011056826e-08,8.448017157407562e-08,7,solver
145,9.16724285129496e-08,6.863849144969559e-08,8.01554599813226e-08,9.16724285129496e-08,7,solver
146,7.862196874655629e-08,7.967843655094337e-08,7.915020264874982e-08,7.967843655094337e-08,7,solver
147,6.535160301855844e-08,8.588960651541434e-08,7.56206047669864e-08,8.588960651541434e-08,7,solver
148,6.619360119121075e-08,8.17196841023928e-08,7.395664264680177e-08,8.17196841023928e-08,7,solver
149,6.247462636532898e-08,8.298251851463174e-08,7.272857243998036e-08,8.298251851463174e-08,7,solver
150,7.367852671363849e-08,7.068185801682326e-08,7.218019236523088e-08,7.367852671363849e-08,7,solver
151,8.900964107739047e-08,4.3166248252985405e-08,6.608794466518794e-08,8.900964107739047e-08,7,solver
152,8.185146021309146e-08,4.9696879101827855e-08,6.577416965745966e-08,8.185146021309146e-08,7,solver
153,5.630131689601024e-08,7.572533540612838e-08,6.601332615106931e-08,7.572533540612838e-08,7,solver
154,4.510151320626643e-08,8.27101576410259e-08,6.390583542364616e-08,8.27101576410259e-08,7,solver
155,5.380134637443502e-08,7.570640697262225e-08,6.475387667352864e-08,7.570640697262225e-08,7,solver
156,6.262571980991946e-08,6.300192967017354e-08,6.281382474004651e-08,6.300192967017354e-08,7,solver
157,7.036525470138343e-08,4.4328484871491454e-08,5.734686978643744e-08,7.036525470138343e-08,7,solver
158,6.358711580581572e-08,4.676589585410568e-08,5.51765058299607e-08,6.358711580581572e-08,7,solver
159,4.777144568295704e-08,6.209046404962119e-08,5.493095486628911e-08,6.209046404962119e-08,7,solver
160,4.471675763373597e-08,6.654143503227787e-08,5.562909633300692e-08,6.654143503227787e-08,7,solver
161,5.061216214699062e-08,6.318258569981678e-08,5.68973739234037e-08,6.318258569981678e-08,7,solver
162,5.8399970030003506e-08,5.198222382819441e-08,5.519109692909896e-08,5.8399970030003506e-08,7,solver
163,5.931071422465328e-08,4.1350204407150145e-08,5.033045931590171e-08,5.931071422465328e-08,7,solver
164,4.798955158447461e-08,4.6672778144518405e-08,4.7331164864496505e-08,4.798955158447461e-08,7,solver
165,3.300639332436064e-08,5.744660760549625e-08,4.522650046492844e-08,5.744660760549625e-08,7,solver
166,3.358817590657018e-08,6.108733365317825e-08,4.733775477987421e-08,6.108733365317825e-08,7,solver
167,4.691184977960497e-08,5.499762458370077e-08,5.095473718165287e-08,5.499762458370077e-08,7,solver
168,6.05456002767539e-08,3.5589869012486785e-08,4.806773464462035e-08,6.05456002767539e-08,7,solver
169,5.486916344834326e-08,3.431996625071809e-08,4.459456484953068e-08,5.486916344834326e-08,7,solver
170,4.440908262656673e-08,4.24554879674051e-08,4.3432285296985914e-08,4.440908262656673e-08,7,solver
171,3.903509561543105e-08,5.098628057332457e-08,4.501068809437781e-08,5.098628057332457e-08,7,solver
172,2.778799674479765e-08,6.293707120961712e-08,4.5362533977207387e-08,6.293707120961712e-08,7,solver
173,4.337987903455935e-08,5.3276541517372234e-08,4.832821027596579e-08,5.3276541517372234e-08,7,solver
174,5.2310098585491555e-08,3.444855240983904e-08,4.3379325497665296e-08,5.2310098585491555e-08,7,solver
175,4.3987741623614875e-08,3.5242263108117224e-08,3.961500236586605e-08,4.3987741623614875e-08,7,solver
176,4.4222497489601865e-08,3.693529378801836e-08,4.057889563881011e-08,4.4222497489601865e-08,7,solver
177,4.392475401419259e-08,4.691407657020468e-08,4.5419415292198634e-08,4.691407657020468e-08,7,solver
178,4.0196288964775706e-08,5.42680893525318e-08,4.723218915865375e-08,5.42680893525318e-08,7,solver
179,4.293101480707019e-08,4.64595841174109e-08,4.469529946224055e-08,4.64595841174109e-08,7,solver
180,4.4511856059270954e-08,3.1715814469507475e-08,3.8113835264389215e-08,4.4511856059270954e-08,7,solver
181,3.5069673656413305e-08,3.565246985386979e-08,3.5361071755141547e-08,3.565246985386979e-08,7,solver
182,2.8278023749263396e-08,4.511883841741501e-08,3.6698431083339205e-08,4.511883841741501e-08,7,solver
183,3.921267834868868e-08,4.3274712549085246e-08,4.1243695448886964e-08,4.3274712549085246e-08,7,solver
184,4.342937111641304e-08,4.1122392659282015e-08,4.227588188784753e-08,4.342937111641304e-08,7,solver
185,4.642039147927226e-08,3.310611799968656e-08,3.976325473947941e-08,4.642039147927226e-08,7,solver
186,4.333074430650452e-08,2.9241654198661864e-08,3.628619925258319e-08,4.333074430650452e-08,7,solver
187,3.016978180933329e-08,3.693206789255029e-08,3.355092485094179e-08,3.693206789255029e-08,7,solver
188,2.8736263134617677e-08,3.463257652202631e-08,3.1684419828321995e-08,3.463257652202631e-08,7,solver
189,3.599951805552237e-08,2.9046263520773993e-08,3.252289078814818e-08,3.599951805552237e-08,7,solver
190,3.285222101128495e-08,3.882732400442698e-08,3.583977250785597e-08,3.882732400442698e-08,7,solver
191,4.847115671948367e-08,2.4440366394175246e-08,3.645576155682946e-08,4.847115671948367e-08,7,solver
192,4.423454191576906e-08,2.83605156735687e-08,3.6297528794668874e-08,4.423454191576906e-08,7,solver
193,3.1941874819137e-08,3.3727771872501785e-08,3.2834823345819394e-08,3.3727771872501785e-08,7,solver
194,2.6852652110728644e-08,3.3051495992059194e-08,2.9952074051393916e-08,3.3051495992059194e-08,7,solver
195,2.98223961570208e-08,3.492761398482844e-08,3.237500507092462e-08,3.492761398482844e-08,7,solver
196,3.428610443228417e-08,3.7650245471164914e-08,3.596817495172454e-08,3.7650245471164914e-08,7,solver
197,4.21606125658038e-08,2.8243032196583344e-08,3.5201822381193575e-08,4.21606125658038e-08,7,solver
198,2.8004884907142043e-08,3.6077601954520074e-08,3.2041243430831057e-08,3.6077601954520074e-08,7,solver
199,2.9692449912579162e-08,3.0688685485461396e-08,3.019056769902028e-08,3.0688685485461396e-08,7,solver
200,2.994199878305452e-08,3.5292553219766374e-08,3.2617276001410444e-08,3.5292553219766374e-08,7,solver
201,3.615265760864054e-08,3.5158393055671815e-08,3.565552533215618e-08,3.615265760864054e-08,7,solver
202,3.5757120283745065e-08,3.378716357787708e-08,3.477214193081107e-08,3.5757120283745065e-08,7,solver
203,2.342178998956011e-08,3.747855455972885e-08,3.045017227464448e-08,3.747855455972885e-08,7,solver
204,2.2362553152505443e-08,3.628321286093139e-08,2.9322883006718417e-08,3.628321286093139e-08,7,solver
205,2.5287135978680327e-08,3.886261232758251e-08,3.207487415313142e-08,3.886261232758251e-08,7,solver
206,2.5667774876313314e-08,4.115744851137111e-08,3.341261169384221e-08,4.115744851137111e-08,7,solver
207,2.7705282277381876e-08,3.518347825485748e-08,3.1444380266119675e-08,3.518347825485748e-08,7,solver
208,3.415933124085658e-08,1.850025913240011e-08,2.6329795186628347e-08,3.415933124085658e-08,7,solver
209,2.970456899074624e-08,2.4612313905866194e-08,2.715844144830622e-08,2.970456899074624e-08,7,solver
210,2.976416205327291e-08,3.1502397593499446e-08,3.0633279823386176e-08,3.1502397593499446e-08,7,solver
211,1.5431840561017318e-08,4.279512382136066e-08,2.9113482191188987e-08,4.279512382136066e-08,7,solver
212,2.7235513603928542e-08,3.2847964897080345e-08,3.004173925050444e-08,3.2847964897080345e-08,7,solver
213,2.5911128170334343e-08,2.922639144388489e-08,2.7568759807109617e-08,2.922639144388489e-08,7,solver
214,2.8884853297161528e-08,2.590925071862391e-08,2.739705200789272e-08,2.8884853297161528e-08,7,solver
215,3.308345258389004e-08,2.0643832182465964e-08,2.6863642383178e-08,3.308345258389004e-08,7,solver
216,2.159188151972255e-08,2.8003059306701453e-08,2.4797470413212e-08,2.8003059306701453e-08,7,solver
217,2.361643929207212e-08,1.877754787043272e-08,2.119699358125242e-08,2.361643929207212e-08,7,solver
218,2.148500719721723e-08,2.2516572812055524e-08,2.200079000463638e-08,2.2516572812055524e-08,7,solver
219,2.1729016930582326e-08,3.029801204175981e-08,2.601351448617107e-08,3.029801204175981e-08,7,solver
220,3.328334779071146e-08,2.224381230085236e-08,2.7763580045781907e-08,3.328334779071146e-08,7,solver
221,2.543725534413747e-08,2.486149615829397e-08,2.514937575121572e-08,2.543725534413747e-08,7,solver
222,2.1792775849223546e-08,1.5564920572965006e-08,1.8678848211094278e-08,2.1792775849223546e-08,7,solver
223,1.527356322073504e-08,1.6353617626266997e-08,1.581359042350102e-08,1.6353617626266997e-08,7,solver
224,1.5560618066611475e-08,2.1100546523026373e-08,1.8330582294818922e-08,2.1100546523026373e-08,7,solver
225,2.5684146107279605e-08,1.5598774551005755e-08,2.064146032914268e-08,2.5684146107279605e-08,7,solver
226,2.1832437610917755e-08,1.993871627023517e-08,2.0885576940576463e-08,2.1832437610917755e-08,7,solver
227,1.620189559194411e-08,2.0784648712161966e-08,1.8493272152053038e-08,2.0784648712161966e-08,7,solver
228,1.6480233781679585e-08,1.74610641416384e-08,1.697064896165899e-08,1.74610641416384e-08,7,solver
229,1.8238693201870434e-08,1.5338105087706564e-08,1.67883991447885e-08,1.8238693201870434e-08,7,solver
230,1.8279472707338102e-08,1.5773353616645126e-08,1.7026413161991616e-08,1.8279472707338102e-08,7,solver
231,1.732080010352304e-08,1.6416341995761787e-08,1.6868571049642413e-08,1.732080010352304e-08,7,solver
232,1.569983720515952e-08,1.7147600268285097e-08,1.642371873672231e-08,1.7147600268285097e-08,7,solver
233,1.798580016363703e-08,1.3414092418560414e-08,1.5699946291098722e-08,1.798580016363703e-08,7,solver
234,1.5234219390123443e-08,1.4823497957443094e-08,1.502885867378327e-08,1.5234219390123443e-08,7,solver
235,1.223369308369187e-08,1.6182752560697804e-08,1.4208222822194836e-08,1.6182752560697804e-08,7,solver
236,1.4202793791394918e-08,1.5005687245599994e-08,1.4604240518497456e-08,1.5005687245599994e-08,7,solver
237,1.7026078680415506e-08,1.418840498749665e-08,1.5607241833956078e-08,1.7026078680415506e-08,7,solver
238,1.2294273569461898e-08,1.952643941763529e-08,1.5910356493548594e-08,1.952643941763529e-08,7,solver
239,1.4606266054938189e-08,1.6574105128822694e-08,1.559018559188044e-08,1.6574105128822694e-08,7,solver
240,1.4275167707460244e-08,1.328944356543298e-08,1.3782305636446612e-08,1.4275167707460244e-08,7,solver
241,1.4430364084807243e-08,9.705608056844831e-09,1.2067986070826038e-08,1.4430364084807243e-08,7,solver
242,1.301571316062042e-08,1.2465131219382058e-08,1.2740422190001238e-08,1.301571316062042e-08,7,solver
243,1.596394572123472e-08,1.2796012545258413e-08,1.4379979133246566e-08,1.596394572123472e-08,7,solver
244,9.972123032488325e-09,1.9433297324578993e-08,1.470271017853366e-08,1.9433297324578993e-08,7,solver
245,1.4479585057477781e-08,1.459256594942829e-08,1.4536075503453035e-08,1.459256594942829e-08,7,solver
246,1.4318139621705434e-08,9.26393683221117e-09,1.1791038226958301e-08,1.4318139621705434e-08,7,solver
247,8.843145029563774e-09,1.089114161172805e-08,9.867143320645911e-09,1.089114161172805e-08,7,solver
248,1.0140928017301204e-08,1.0466124638751618e-08,1.0303526328026411e-08,1.0466124638751618e-08,7,solver
249,1.282444123861473e-08,1.1283884105603017e-08,1.2054162672108873e-08,1.282444123861473e-08,7,solver
250,9.313268476619697e-09,1.56145115826081e-08,1.2463890029613898e-08,1.56145115826081e-08,7,solver
251,1.1261729499668888e-08,1.2544872915790433e-08,1.190330120772966e-08,1.2544872915790433e-08,7,solver
252,1.1044909020183958e-08,9.224837136743653e-09,1.0134873078463805e-08,1.1044909020183958e-08,7,solver
253,1.0061583388865786e-08,8.64831793786251e-09,9.354950663364147e-09,1.0061583388865786e-08,7,solver
254,1.1828627398371993e-08,7.898067039114081e-09,9.863347218743038e-09,1.1828627398371993e-08,7,solver
255,9.959052679199616e-09,1.1645315521840282e-08,1.080218410051995e-08,1.1645315521840282e-08,7,solver
256,1.1927989921519723e-08,9.555957870621424e-09,1.0741973896070574e-08,1.1927989921519723e-08,7,solver
257,1.1668187950273314e-08,8.747920460426276e-09,1.0208054205349796e-08,1.1668187950273314e-08,7,solver
258,1.1372099738139144e-08,8.79000828191472e-09,1.0081054010026931e-08,1.1372099738139144e-08,7,solver
259,1.037873261058609e-08,1.0515139250091704e-08,1.0446935930338896e-08,1.0515139250091704e-08,7,solver
260,1.0377384688834234e-08,1.060893166100597e-08,1.0493158174920103e-08,1.060893166100597e-08,7,solver
261,9.298549253914337e-09,1.0711664164322301e-08,1.0005106709118318e-08,1.0711664164322301e-08,7,solver
262,1.070391908685957e-08,8.631815995685512e-09,9.66786754127254e-09,1.070391908685957e-08,7,solver
263,1.1912192644846227e-08,8.595684692370501e-09,1.0253938668608364e-08,1.1912192644846227e-08,7,solver
264,1.2667126905329817e-08,1.0488693259553777e-08,1.1577910082441797e-08,1.2667126905329817e-08,7,solver
265,1.2140828994183035e-08,1.2561009281921768e-08,1.2350919138052401e-08,1.2561009281921768e-08,7,solver
266,1.0907659899821698e-08,1.3043288522951722e-08,1.1975474211386709e-08,1.3043288522951722e-08,7,solver
267,8.890797029519477e-09,1.2829803035128643e-08,1.086030003232406e-08,1.2829803035128643e-08,7,solver
268,1.0287657631896891e-08,1.0425497815258098e-08,1.0356577723577494e-08,1.0425497815258098e-08,7,solver
269,8.50531628878526e-09,1.2069234521602353e-08,1.0287275405193807e-08,1.2069234521602353e-08,7,solver
270,8.455127211582556e-09,1.2569728393584065e-08,1.051242780258331e-08,1.2569728393584065e-08,7,solver
271,1.0461859307171093e-08,1.067972785691647e-08,1.0570793582043781e-08,1.067972785691647e-08,7,solver
272,9.410991702051022e-09,1.0880805473277142e-08,1.0145898587664081e-08,1.0880805473277142e-08,7,solver
273,8.323107209217458e-09,1.1536368552509847e-08,9.929737880863652e-09,1.1536368552509847e-08,7,solver
274,1.1266836498087797e-08,9.186737967998123e-09,1.022678723304296e-08,1.1266836498087797e-08,7,solver
275,8.580848519261298e-09,1.186620420355282e-08,1.0223526361407059e-08,1.186620420355282e-08,7,solver
276,8.239427273076881e-09,1.1736499483962935e-08,9.987963378519908e-09,1.1736499483962935e-08,7,solver
277,9.58981004868049e-09,1.0646624582290408e-08,1.011821731548545e-08,1.0646624582290408e-08,7,solver
278,9.546337387269424e-09,1.1683005835310239e-08,1.0614671611289831e-08,1.1683005835310239e-08,7,solver
279,1.0554972762843309e-08,1.1782337741473088e-08,1.11686552521582e-08,1.1782337741473088e-08,7,solver
280,8.933008028021028e-09,1.2580830633694718e-08,1.0756919330857874e-08,1.2580830633694718e-08,7,solver
281,8.674588529920654e-09,1.094270559692459e-08,9.808647063422623e-09,1.094270559692459e-08,7,solver
282,9.330809908430709e-09,9.0091907584244e-09,9.170000333427554e-09,9.330809908430709e-09,7,solver
283,9.835092014192415e-09,9.662034679034405e-09,9.748563346613409e-09,9.835092014192415e-09,7,solver
284,1.1939083700001572e-08,9.436258032356697e-09,1.0687670866179135e-08,1.1939083700001572e-08,7,solver
285,1.1172840783737382e-08,1.0486806857340507e-08,1.0829823820538944e-08,1.1172840783737382e-08,7,solver
286,9.29760488279709e-09,1.0031435415875017e-08,9.664520149336054e-09,1.0031435415875017e-08,7,solver
287,6.48336940657201e-09,9.918974256762261e-09,8.201171831667136e-09,9.918974256762261e-09,7,solver
288,7.913663804097445e-09,9.199912146982672e-09,8.556787975540058e-09,9.199912146982672e-09,7,solver
289,1.012775948635404e-08,9.542655725209066e-09,9.835207605781554e-09,1.012775948635404e-08,7,solver
290,1.1171842428641662e-08,9.566744908280396e-09,1.0369293668461029e-08,1.1171842428641662e-08,7,solver
291,8.155200636490401e-09,1.072488838817659e-08,9.440044512333496e-09,1.072488838817659e-08,7,solver
292,8.492756473028602e-09,7.231453929631836e-09,7.862105201330219e-09,8.492756473028602e-09,7,solver
293,6.55150930015687e-09,7.74084639550902e-09,7.146177847832945e-09,7.74084639550902e-09,7,solver
294,7.240212692165157e-09,8.669936533241367e-09,7.955074612703262e-09,8.669936533241367e-09,7,solver
295,8.693116659573154e-09,9.029607222844481e-09,8.861361941208818e-09,9.029607222844481e-09,7,solver
296,7.57629201737804e-09,9.961797620541105e-09,8.769044818959574e-09,9.961797620541105e-09,7,solver
297,8.853178610387698e-09,7.817786757978518e-09,8.335482684183107e-09,8.853178610387698e-09,7,solver
298,7.196601165388003e-09,9.336608597543532e-09,8.266604881465768e-09,9.336608597543532e-09,7,solver
299,7.375104755178549e-09,1.009490837990892e-08,8.735006567543735e-09,1.009490837990892e-08,7,solver
300,1.0872484008222247e-08,6.454635578613396e-09,8.663559793417822e-09,1.0872484008222247e-08,7,solver
301,6.916477132212454e-09,9.364923094808588e-09,8.140700113510522e-09,9.364923094808588e-09,7,solver
302,7.075145971817045e-09,7.97169883641759e-09,7.523422404117318e-09,7.97169883641759e-09,7,solver
303,8.868091312854381e-09,7.085406105931376e-09,7.97674870939288e-09,8.868091312854381e-09,7,solver
304,9.676373004600709e-09,8.580198197159439e-09,9.128285600880073e-09,9.676373004600709e-09,7,solver
305,1.0087297707912004e-08,8.724764727971349e-09,9.406031217941677e-09,1.0087297707912004e-08,7,solver
306,8.351121188766995e-09,8.345997990496376e-09,8.348559589631686e-09,8.351121188766995e-09,7,solver
307,7.615214301042642e-09,5.789945759685193e-09,6.702580030363918e-09,7.615214301042642e-09,7,solver
308,6.201598068755175e-09,6.862857981851659e-09,6.532228025303417e-09,6.862857981851659e-09,7,solver
309,6.4978693517873225e-09,8.772834295672248e-09,7.635351823729785e-09,8.772834295672248e-09,7,solver
310,1.0478978521386436e-08,5.758429759950036e-09,8.118704140668237e-09,1.0478978521386436e-08,7,solver
311,7.394877400836428e-09,8.561292105002165e-09,7.978084752919296e-09,8.561292105002165e-09,7,solver
312,6.715632707898608e-09,7.477118771547197e-09,7.096375739722902e-09,7.477118771547197e-09,7,solver
313,7.872277681830604e-09,6.3697844851997165e-09,7.12103108351516e-09,7.872277681830604e-09,7,solver
314,6.999325593032998e-09,9.004215790850272e-09,8.001770691941635e-09,9.004215790850272e-09,7,solver
315,8.052223431706036e-09,8.916196952416521e-09,8.484210192061279e-09,8.916196952416521e-09,7,solver
316,9.160350347032143e-09,6.418258741594545e-09,7.789304544313343e-09,9.160350347032143e-09,7,solver
317,6.782396932676038e-09,7.123723339765432e-09,6.953060136220735e-09,7.123723339765432e-09,7,solver
318,7.515346865070166e-09,5.992803822322656e-09,6.754075343696411e-09,7.515346865070166e-09,7,solver
319,5.914040728937274e-09,8.70062386636631e-09,7.307332297651792e-09,8.70062386636631e-09,7,solver
320,6.553730168540469e-09,8.916706607076309e-09,7.73521838780839e-09,8.916706607076309e-09,7,solver
321,7.826821187747943e-09,7.0974700934030674e-09,7.462145640575506e-09,7.826821187747943e-09,7,solver
322,6.764219261190543e-09,6.841005720655356e-09,6.80261249092295e-09,6.841005720655356e-09,7,solver
323,6.828385473072157e-09,6.326585005250069e-09,6.577485239161113e-09,6.828385473072157e-09,7,solver
324,7.97262563430874e-09,5.669602700718258e-09,6.821114167513499e-09,7.97262563430874e-09,7,solver
325,6.509555225037311e-09,7.919192237444646e-09,7.214373731240978e-09,7.919192237444646e-09,7,solver
326,6.649577241996361e-09,7.776705451445912e-09,7.2131413467211365e-09,7.776705451445912e-09,7,solver
327,6.688929161314602e-09,7.249293162690362e-09,6.969111162002482e-09,7.249293162690362e-09,7,solver
328,7.542458395422564e-09,5.737973822859353e-09,6.640216109140958e-09,7.542458395422564e-09,7,solver
329,6.1563630284900456e-09,6.895921779176359e-09,6.526142403833202e-09,6.895921779176359e-09,7,solver
330,7.362246823024975e-09,5.566172237904186e-09,6.46420953046458e-09,7.362246823024975e-09,7,solver
331,6.300161996392239e-09,7.117084490947973e-09,6.708623243670106e-09,7.117084490947973e-09,7,solver
332,6.879977419640812e-09,7.110519072376474e-09,6.995248246008643e-09,7.110519072376474e-09,7,solver
333,7.727610333694259e-09,6.397871751302301e-09,7.06274104249828e-09,7.727610333694259e-09,7,solver
334,7.237395375722527e-09,6.454727771769973e-09,6.8460615737462505e-09,7.237395375722527e-09,7,solver
335,6.748709024202864e-09,6.096391292291888e-09,6.4225501582473765e-09,6.748709024202864e-09,7,solver
336,5.656844921163026e-09,6.761308258139882e-09,6.209076589651454e-09,6.761308258139882e-09,7,solver
337,6.955781578261094e-09,5.677619379254931e-09,6.316700478758013e-09,6.955781578261094e-09,7,solver
338,5.7576193528692195e-09,7.181503626006799e-09,6.469561489438009e-09,7.181503626006799e-09,7,solver
339,7.0393767891970795e-09,5.924720011673857e-09,6.482048400435468e-09,7.0393767891970795e-09,7,solver
340,7.157300326072614e-09,5.481535361427799e-09,6.3194178437502065e-09,7.157300326072614e-09,7,solver
341,4.551697003913922e-09,4.9291307299009936e-09,4.740413866907458e-09,4.9291307299009936e-09,7,solver
342,5.60811455776011e-09,4.387845428688812e-09,4.997979993224461e-09,5.60811455776011e-09,7,solver
343,4.844873891125317e-09,5.474706059017433e-09,5.159789975071376e-09,5.474706059017433e-09,7,solver
344,4.603255443752083e-09,5.612202203988624e-09,5.1077288238703535e-09,5.612202203988624e-09,7,solver
345,5.3216479239795555e-09,4.665006940204013e-09,4.993327432091784e-09,5.3216479239795555e-09,7,solver
346,4.635492628384715e-09,5.165324240796373e-09,4.900408434590544e-09,5.165324240796373e-09,7,solver
347,5.115599561751019e-09,4.702838026932882e-09,4.90921879434195e-09,5.115599561751019e-09,7,solver
348,4.663218341756033e-09,5.2870688435701e-09,4.975143592663066e-09,5.2870688435701e-09,7,solver
349,5.498788966512066e-09,4.518871405139509e-09,5.008830185825788e-09,5.498788966512066e-09,7,solver
350,5.148948324499194e-09,4.85721611525898e-09,5.003082219879087e-09,5.148948324499194e-09,7,solver
351,4.834572944419053e-09,4.987754006398044e-09,4.911163475408548e-09,4.987754006398044e-09,7,solver
352,5.013303519515377e-09,4.545443682610877e-09,4.7793736010631266e-09,5.013303519515377e-09,7,solver
353,4.42002980511921e-09,4.8533182864731546e-09,4.636674045796182e-09,4.8533182864731546e-09,7,solver
354,4.085385416022613e-09,4.855478064079381e-09,4.470431740050997e-09,4.855478064079381e-09,7,solver
355,4.793886669936568e-09,3.845013464549885e-09,4.319450067243227e-09,4.793886669936568e-09,7,solver
356,4.3955584485650286e-09,4.122832178314191e-09,4.25919531343961e-09,4.3955584485650286e-09,7,solver
357,3.846534041558656e-09,4.63519262510019e-09,4.240863333329423e-09,4.63519262510019e-09,7,solver
358,4.438087029541549e-09,4.203593462986845e-09,4.3208402462641966e-09,4.438087029541549e-09,7,solver
359,4.54689281842641e-09,4.309538679277342e-09,4.428215748851876e-09,4.54689281842641e-09,7,solver
360,4.425302096473141e-09,4.749354165300566e-09,4.587328130886853e-09,4.749354165300566e-09,7,solver
361,4.910857819805903e-09,4.719731540653534e-09,4.815294680229718e-09,4.910857819805903e-09,7,solver
362,5.3148525159977e-09,4.8108284354756456e-09,5.062840475736673e-09,5.3148525159977e-09,7,solver
363,5.103963288006831e-09,5.407855504907017e-09,5.255909396456924e-09,5.407855504907017e-09,7,solver
364,5.47005801932987e-09,5.136081204588015e-09,5.3030696119589425e-09,5.47005801932987e-09,7,solver
365,5.2226753768319405e-09,5.2026496740783784e-09,5.21266252545516e-09,5.2226753768319405e-09,7,solver
366,5.163992401241817e-09,4.970610527580929e-09,5.067301464411373e-09,5.163992401241817e-09,7,solver
367,4.934606861784592e-09,5.033761486431165e-09,4.984184174107878e-09,5.033761486431165e-09,7,solver
368,4.947292111359276e-09,5.035450109206883e-09,4.99137111028308e-09,5.035450109206883e-09,7,solver
369,4.556156445933671e-09,5.417338627692654e-09,4.986747536813163e-09,5.417338627692654e-09,7,solver
370,5.292604940465038e-09,4.504525067809648e-09,4.898565004137343e-09,5.292604940465038e-09,7,solver
371,4.834489554268192e-09,4.546341590413598e-09,4.690415572340895e-09,4.834489554268192e-09,7,solver
372,4.194444538784525e-09,4.675480828156368e-09,4.434962683470446e-09,4.675480828156368e-09,7,solver
373,4.249602939863469e-09,4.3974180826802265e-09,4.323510511271848e-09,4.3974180826802265e-09,7,solver
374,4.355740806049125e-09,4.461335660451252e-09,4.408538233250189e-09,4.461335660451252e-09,7,solver
375,4.373426176554755e-09,4.809734648405666e-09,4.591580412480211e-09,4.809734648405666e-09,7,solver
376,4.65222776939363e-09,4.84346078231029e-09,4.74784427585196e-09,4.84346078231029e-09,7,solver
377,4.512156509835693e-09,5.118448640520833e-09,4.815302575178263e-09,5.118448640520833e-09,7,solver
378,4.954313217513076e-09,4.812335479577224e-09,4.8833243485451496e-09,4.954313217513076e-09,7,solver
379,4.885728557935125e-09,5.063398528863856e-09,4.9745635433994905e-09,5.063398528863856e-09,7,solver
380,4.9921634134678504e-09,5.113902927328156e-09,5.053033170398003e-09,5.113902927328156e-09,7,solver
381,5.23153626878648e-09,4.808096378255726e-09,5.019816323521103e-09,5.23153626878648e-09,7,solver
382,5.1330961828974705e-09,4.584713993330478e-09,4.858905088113974e-09,5.1330961828974705e-09,7,solver
383,4.433837405783278e-09,4.921866674149956e-09,4.677852039966617e-09,4.921866674149956e-09,7,solver
384,4.3375690202429365e-09,4.881640249569084e-09,4.60960463490601e-09,4.881640249569084e-09,7,solver
385,4.879123345316344e-09,4.466019421588736e-09,4.67257138345254e-09,4.879123345316344e-09,7,solver
386,4.898383882703609e-09,4.5298229073125625e-09,4.714103395008086e-09,4.898383882703609e-09,7,solver
387,4.179228567793594e-09,4.996065947732808e-09,4.587647257763201e-09,4.996065947732808e-09,7,solver
388,4.214160966013944e-09,4.516745830830813e-09,4.365453398422378e-09,4.516745830830813e-09,7,solver
389,4.61047518049798e-09,3.73674462765848e-09,4.17360990407823e-09,4.61047518049798e-09,7,solver
390,3.996959645737713e-09,4.541148183173776e-09,4.2690539144557445e-09,4.541148183173776e-09,7,solver
391,4.514198352807747e-09,4.642207333158199e-09,4.578202842982973e-09,4.642207333158199e-09,7,solver
392,5.223254476615221e-09,4.541089715137435e-09,4.882172095876328e-09,5.223254476615221e-09,7,solver
393,5.053626119494988e-09,5.064910789633844e-09,5.059268454564416e-09,5.064910789633844e-09,7,solver
394,4.84014165718294e-09,5.237745580042392e-09,5.0389436186126655e-09,5.237745580042392e-09,7,solver
395,4.940784867123726e-09,4.898443194850066e-09,4.919614030986896e-09,4.940784867123726e-09,7,solver
396,5.064291808382402e-09,4.512686723905381e-09,4.788489266143891e-09,5.064291808382402e-09,7,solver
397,4.53339319688754e-09,4.9305131429460626e-09,4.731953169916802e-09,4.9305131429460626e-09,7,solver
398,4.435978305199198e-09,4.9973193031613255e-09,4.716648804180262e-09,4.9973193031613255e-09,7,solver
399,4.91810830397055e-09,4.476371338353724e-09,4.6972398211621365e-09,4.91810830397055e-09,7,solver
400,5.0042172659241825e-09,4.201372928417817e-09,4.602795097171e-09,5.0042172659241825e-09,7,solver
401,3.6237077007540593e-09,5.21139430000238e-09,4.4175510003782195e-09,5.21139430000238e-09,7,solver
402,4.691543636729973e-09,4.050688343286417e-09,4.371115990008195e-09,4.691543636729973e-09,7,solver
403,4.236712687772283e-09,4.55715788942988e-09,4.396935288601081e-09,4.55715788942988e-09,7,solver
404,4.806668398905823e-09,4.316304097105251e-09,4.5614862480055374e-09,4.806668398905823e-09,7,solver
405,4.5452546317253796e-09,5.06842227153858e-09,4.80683845163198e-09,5.06842227153858e-09,7,solver
406,5.340265546182635e-09,4.696209138236232e-09,5.018237342209434e-09,5.340265546182635e-09,7,solver
407,4.7904869268502735e-09,5.491109038415293e-09,5.1407979826327835e-09,5.491109038415293e-09,7,solver
408,5.675311650758315e-09,4.6848675386870025e-09,5.180089594722658e-09,5.675311650758315e-09,7,solver
409,4.674284660418924e-09,5.751892318747168e-09,5.213088489583046e-09,5.751892318747168e-09,7,solver
410,5.582516703700142e-09,5.011619053131337e-09,5.297067878415739e-09,5.582516703700142e-09,7,solver
411,5.554078488045488e-09,5.198567219037478e-09,5.376322853541484e-09,5.554078488045488e-09,7,solver
412,4.91356785382981e-09,5.852397367077261e-09,5.382982610453535e-09,5.852397367077261e-09,7,solver
413,5.64067853020678e-09,4.9650222131613515e-09,5.302850371684066e-09,5.64067853020678e-09,7,solver
414,4.651497637676277e-09,5.4895608131932e-09,5.0705292254347384e-09,5.4895608131932e-09,7,solver
415,5.193162591071721e-09,4.3381282397874256e-09,4.7656454154295734e-09,5.193162591071721e-09,7,solver
416,4.31091946295667e-09,4.802726714732545e-09,4.556823088844607e-09,4.802726714732545e-09,7,solver
417,4.699829769075103e-09,4.529008774157872e-09,4.614419271616487e-09,4.699829769075103e-09,7,solver
418,4.896246052201041e-09,5.062764329371104e-09,4.979505190786072e-09,5.062764329371104e-09,7,solver
419,6.038168265404077e-09,4.843415145751758e-09,5.4407917055779174e-09,6.038168265404077e-09,7,solver
420,5.413984781866039e-09,6.246811126547629e-09,5.830397954206834e-09,6.246811126547629e-09,7,solver
421,6.217868015240257e-09,5.660731387224124e-09,5.9392997012321904e-09,6.217868015240257e-09,7,solver
422,5.831894391992242e-09,5.73902259112842e-09,5.7854584915603316e-09,5.831894391992242e-09,7,solver
423,5.877852890416114e-09,5.127374388218993e-09,5.502613639317554e-09,5.877852890416114e-09,7,solver
424,4.714716559028253e-09,5.878223968782277e-09,5.296470263905265e-09,5.878223968782277e-09,7,solver
425,5.669469567121508e-09,4.925875699553396e-09,5.297672633337452e-09,5.669469567121508e-09,7,solver
426,5.607138558880285e-09,5.1439122772218015e-09,5.3755254180510436e-09,5.607138558880285e-09,7,solver
427,5.2521061555207684e-09,5.5328621422720855e-09,5.392484148896427e-09,5.5328621422720855e-09,7,solver
428,5.129502522360752e-09,5.422497801213159e-09,5.276000161786956e-09,5.422497801213159e-09,7,solver
429,5.25665968631972e-09,4.863021230159996e-09,5.059840458239858e-09,5.25665968631972e-09,7,solver
430,4.458534773198912e-09,5.203052360531085e-09,4.830793566864998e-09,5.203052360531085e-09,7,solver
431,5.215604763443207e-09,4.120402083256795e-09,4.66800342335e-09,5.215604763443207e-09,7,solver
432,4.429047222839296e-09,4.834034203286988e-09,4.631540713063142e-09,4.834034203286988e-09,7,solver
433,4.602871275243993e-09,4.613963801252013e-09,4.608417538248003e-09,4.613963801252013e-09,7,solver
434,4.857208532981495e-09,4.289847701956558e-09,4.573528117469026e-09,4.857208532981495e-09,7,solver
435,4.068437793490061e-09,5.0203388446649184e-09,4.5443883190774895e-09,5.0203388446649184e-09,7,solver
436,4.7365260661256296e-09,4.481312259366075e-09,4.608919162745852e-09,4.7365260661256296e-09,7,solver
437,4.367817343292864e-09,5.0582489408271366e-09,4.71303314206e-09,5.0582489408271366e-09,7,solver
438,4.9881255064822654e-09,4.75766838087901e-09,4.872896943680637e-09,4.9881255064822654e-09,7,solver
439,4.84186701917632e-09,5.109228878351548e-09,4.975547948763934e-09,5.109228878351548e-09,7,solver
440,4.752694482276774e-09,5.180312426501493e-09,4.966503454389133e-09,5.180312426501493e-09,7,solver
441,4.9318724002338595e-09,4.762077325416832e-09,4.846974862825346e-09,4.9318724002338595e-09,7,solver
442,4.72474953219345e-09,4.5876396138650504e-09,4.65619457302925e-09,4.72474953219345e-09,7,solver
443,4.105324518606684e-09,4.804357222194511e-09,4.454840870400597e-09,4.804357222194511e-09,7,solver
444,4.223069141300387e-09,4.434604364291484e-09,4.328836752795935e-09,4.434604364291484e-09,7,solver
445,4.683148808070376e-09,3.787591118946251e-09,4.2353699635083135e-09,4.683148808070376e-09,7,solver
446,4.011191953657596e-09,4.52901682863221e-09,4.270104391144903e-09,4.52901682863221e-09,7,solver
447,4.153915083960053e-09,4.6762140196952866e-09,4.41506455182767e-09,4.6762140196952866e-09,7,solver
448,5.549830088808011e-09,3.622556652826247e-09,4.586193370817129e-09,5.549830088808011e-09,7,solver
449,4.357917318328878e-09,5.531313181464156e-09,4.944615249896518e-09,5.531313181464156e-09,7,solver
450,4.96356324467594e-09,5.389450579359152e-09,5.176506912017546e-09,5.389450579359152e-09,7,solver
451,5.663846566280351e-09,4.7497748568691995e-09,5.2068107115747755e-09,5.663846566280351e-09,7,solver
452,4.604391064879194e-09,5.647483565311729e-09,5.125937315095461e-09,5.647483565311729e-09,7,solver
453,5.292748112855042e-09,4.809817038426252e-09,5.051282575640647e-09,5.292748112855042e-09,7,solver
454,4.8141813823512216e-09,5.198803801523184e-09,5.006492591937203e-09,5.198803801523184e-09,7,solver
455,4.9120060026219605e-09,5.0617935468839226e-09,4.986899774752942e-09,5.0617935468839226e-09,7,solver
456,5.277143007192965e-09,4.5298228129317625e-09,4.903482910062364e-09,5.277143007192965e-09,7,solver
457,4.781650055650314e-09,4.788318509466716e-09,4.784984282558515e-09,4.788318509466716e-09,7,solver
458,4.753719998559526e-09,4.591789355189166e-09,4.672754676874346e-09,4.753719998559526e-09,7,solver
459,4.0706475476223726e-09,5.259556933293188e-09,4.66510224045778e-09,5.259556933293188e-09,7,solver
460,5.018043871660261e-09,4.778325164081941e-09,4.898184517871101e-09,5.018043871660261e-09,7,solver
461,5.569103396073489e-09,4.70304437235749e-09,5.136073884215489e-09,5.569103396073489e-09,7,solver
462,4.569303659889399e-09,5.9682532591122e-09,5.268778459500799e-09,5.9682532591122e-09,7,solver
463,5.438675879760627e-09,5.143428263237083e-09,5.291052071498854e-09,5.438675879760627e-09,7,solver
464,5.274845022379903e-09,4.927820548883143e-09,5.101332785631523e-09,5.274845022379903e-09,7,solver
465,4.737013287941403e-09,4.971908027430838e-09,4.8544606576861205e-09,4.971908027430838e-09,7,solver
466,4.302359916435788e-09,5.044236562947358e-09,4.6732982396915725e-09,5.044236562947358e-09,7,solver
467,4.980707702057572e-09,4.358541417946525e-09,4.669624560002048e-09,4.980707702057572e-09,7,solver
468,4.610328051673576e-09,4.975484442295147e-09,4.792906246984362e-09,4.975484442295147e-09,7,solver
469,4.308973473470518e-09,5.49611939317896e-09,4.90254643332474e-09,5.49611939317896e-09,7,solver
470,5.627277831567552e-09,4.355651207640622e-09,4.991464519604087e-09,5.627277831567552e-09,7,solver
471,5.233851867992761e-09,4.880794769873004e-09,5.057323318932883e-09,5.233851867992761e-09,7,solver
472,4.679003749703762e-09,5.375809637245596e-09,5.027406693474679e-09,5.375809637245596e-09,7,solver
473,4.880028652875516e-09,5.068882941819546e-09,4.974455797347531e-09,5.068882941819546e-09,7,solver
474,5.097958450218652e-09,4.597450955018184e-09,4.847704702618419e-09,5.097958450218652e-09,7,solver
475,4.979364345909692e-09,4.332061675550148e-09,4.65571301072992e-09,4.979364345909692e-09,7,solver
476,4.209744665809839e-09,4.659063616231829e-09,4.4344041410208345e-09,4.659063616231829e-09,7,solver
477,4.094298862232476e-09,4.376142807933717e-09,4.235220835083097e-09,4.376142807933717e-09,7,solver
478,4.096212686140401e-09,4.161636649206037e-09,4.1289246676732185e-09,4.161636649206037e-09,7,solver
479,3.923351432144103e-09,4.365170674630355e-09,4.144261053387229e-09,4.365170674630355e-09,7,solver
480,4.484680913789788e-09,4.089101827548684e-09,4.286891370669237e-09,4.484680913789788e-09,7,solver
481,4.11078996803052e-09,4.884864432664289e-09,4.497827200347405e-09,4.884864432664289e-09,7,solver
482,4.899656371037079e-09,4.618724704457674e-09,4.759190537747376e-09,4.899656371037079e-09,7,solver
483,4.659732836765386e-09,5.2371513963239766e-09,4.948442116544681e-09,5.2371513963239766e-09,7,solver
484,5.205145547574393e-09,4.841692222129718e-09,5.023418884852056e-09,5.205145547574393e-09,7,solver
485,5.008393627714386e-09,4.854179865095436e-09,4.931286746404911e-09,5.008393627714386e-09,7,solver
486,4.618012039892256e-09,4.780721752514931e-09,4.699366896203593e-09,4.780721752514931e-09,7,solver
487,4.4892037791774736e-09,4.365998846356474e-09,4.427601312766974e-09,4.4892037791774736e-09,7,solver
488,4.189367406704415e-09,4.287808053987463e-09,4.238587730345939e-09,4.287808053987463e-09,7,solver
489,4.467652605921429e-09,3.925006989799586e-09,4.196329797860507e-09,4.467652605921429e-09,7,solver
490,4.309352977342665e-09,4.300917279325095e-09,4.30513512833388e-09,4.309352977342665e-09,7,solver
491,4.498611734791819e-09,4.428222372664455e-09,4.4634170537281375e-09,4.498611734791819e-09,7,solver
492,4.336166721672946e-09,4.876928145204774e-09,4.60654743343886e-09,4.876928145204774e-09,7,solver
493,4.931053331042895e-09,4.5104234718338455e-09,4.72073840143837e-09,4.931053331042895e-09,7,solver
494,4.606907912621356e-09,4.977345678927572e-09,4.7921267957744635e-09,4.977345678927572e-09,7,solver
495,5.043442330566043e-09,4.659564580091159e-09,4.851503455328601e-09,5.043442330566043e-09,7,solver
496,5.09381429793612e-09,4.8092155502885226e-09,4.951514924112321e-09,5.09381429793612e-09,7,solver
497,4.7784533223268716e-09,5.433199915550623e-09,5.105826618938747e-09,5.433199915550623e-09,7,solver
498,5.624068991365492e-09,4.949057902580561e-09,5.286563446973026e-09,5.624068991365492e-09,7,solver
499,5.603732228927782e-09,5.159921835278713e-09,5.381827032103248e-09,5.603732228927782e-09,7,solver
500,4.720920716994706e-09,5.786011190293057e-09,5.2534659536438816e-09,5.786011190293057e-09,7,solver
501,5.626233441879635e-09,4.194749203069694e-09,4.910491322474664e-09,5.626233441879635e-09,7,solver
502,4.111496761194461e-09,4.939975799557644e-09,4.525736280376052e-09,4.939975799557644e-09,7,solver
503,4.204982732869694e-09,4.2773120317739605e-09,4.241147382321827e-09,4.2773120317739605e-09,7,solver
504,4.404141688078047e-09,4.042826806419485e-09,4.223484247248766e-09,4.404141688078047e-09,7,solver
505,4.126515801215155e-09,4.7946596306542555e-09,4.460587715934705e-09,4.7946596306542555e-09,7,solver
506,5.208518290473149e-09,4.343212396908681e-09,4.775865343690915e-09,5.208518290473149e-09,7,solver
507,5.169895658268771e-09,4.900131910951908e-09,5.035013784610339e-09,5.169895658268771e-09,7,solver
508,4.6912086457118394e-09,5.548094317091372e-09,5.119651481401605e-09,5.548094317091372e-09,7,solver
509,5.082592377533236e-09,5.14756939031054e-09,5.115080883921888e-09,5.14756939031054e-09,7,solver
510,5.425131089576011e-09,4.5926928281551475e-09,5.008911958865579e-09,5.425131089576011e-09,7,solver
511,5.260490966965441e-09,4.589836359247112e-09,4.925163663106276e-09,5.260490966965441e-09,7,solver
512,0.05690956957367367,4.899738415125391e-09,0.028454787236706042,0.05690956957367367,7,solver
1,0.5987704482427556,0.42715280543463846,0.5129616268386971,0.5987704482427556,7,error
2,0.5315422457542157,0.3725679321569804,0.4520550889555981,0.5315422457542157,7,error
3,0.2045501201670435,0.4754612518778881,0.34000568602246584,0.4754612518778881,7,error
4,0.2676852260004472,0.25465790911995734,0.26117156756020227,0.2676852260004472,7,error
5,0.18729539060014844,0.1590158505164628,0.17315562055830563,0.18729539060014844,7,error
6,0.11843216311657681,0.10312129516476778,0.1107767291406723,0.11843216311657681,7,error
7,0.11984910478682341,0.08234542708304826,0.10109726593493584,0.11984910478682341,7,error
8,0.11025003364558932,0.09112332268001719,0.10068667816280324,0.11025003364558932,7,error
9,0.08444348950852616,0.10909711860955915,0.09677030405904266,0.10909711860955915,7,error
10,0.09137089813544826,0.1256623149879061,0.10851660656167716,0.1256623149879061,7,error
11,0.08839908126943241,0.11227079646476532,0.10033493886709886,0.11227079646476532,7,error
12,0.14861284325514545,0.08917483419915603,0.11889383872715074,0.14861284325514545,7,error
13,0.13705586911172954,0.1399454505884673,0.1385006598500984,0.1399454505884673,7,error
14,0.16512963961771604,0.1388791173940284,0.15200437850587223,0.16512963961771604,7,error
15,0.12692237664830533,0.1572413691710737,0.14208187290968952,0.1572413691710737,7,error
16,0.14954460308794965,0.15565568352244444,0.15260014330519706,0.15565568352244444,7,error
17,0.16039266496309332,0.1298862350974729,0.1451394500302831,0.16039266496309332,7,error
18,0.14215088464974673,0.12350344460193885,0.1328271646258428,0.14215088464974673,7,error
19,0.12846818823001468,0.11301017916092775,0.12073918369547121,0.12846818823001468,7,error
20,0.12163521822468898,0.09830001325006021,0.1099676157373746,0.12163521822468898,7,error
21,0.09237737389394708,0.09072949685519244,0.09155343537456975,0.09237737389394708,7,error
22,0.07850433707674671,0.0762258968484096,0.07736511696257815,0.07850433707674671,7,error
23,0.07364848807506288,0.06905248128603093,0.07135048468054692,0.07364848807506288,7,error
24,0.06124868069576308,0.06508853563961617,0.06316860816768963,0.06508853563961617,7,error
25,0.05962615324464542,0.058918790885575896,0.05927247206511066,0.05962615324464542,7,error
26,0.05227854613987008,0.0519819506181532,0.052130248379011646,0.05227854613987008,7,error
27,0.044256121135855295,0.04900352279329575,0.04662982196457552,0.04900352279329575,7,error
28,0.04614232729185461,0.039651734122055436,0.042897030706955025,0.04614232729185461,7,error
29,0.03556767822820365,0.03612731941886241,0.035847498823533025,0.03612731941886241,7,error
30,0.029876847404399498,0.030622244621052123,0.03024954601272581,0.030622244621052123,7,error
31,0.02919042542754146,0.02889714594018511,0.029043785683863284,0.02919042542754146,7,error
32,0.0253191628392756,0.02874439806885423,0.027031780454064916,0.02874439806885423,7,error
33,0.02474558992324125,0.02425269240424508,0.024499141163743167,0.02474558992324125,7,error
34,0.020449917568385077,0.02187375123094931,0.021161834399667193,0.02187375123094931,7,error
35,0.01879123239266558,0.019988730341822327,0.01938998136724395,0.019988730341822327,7,error
36,0.01886249948491053,0.01785834304969969,0.01836042126730511,0.01886249948491053,7,error
37,0.017008926061939933,0.01710149670773695,0.01705521138483844,0.01710149670773695,7,error
38,0.01604979571297767,0.01585931973035248,0.015954557721665076,0.01604979571297767,7,error
39,0.014994826947375216,0.014643842666263411,0.014819334806819313,0.014994826947375216,7,error
40,0.014630552581412838,0.014619560907280246,0.014625056744346542,0.014630552581412838,7,error
41,0.01418699309070899,0.014522002404300315,0.014354497747504653,0.014522002404300315,7,error
42,0.013764995644749064,0.013370288496549526,0.013567642070649295,0.013764995644749064,7,error
43,0.013385271464769796,0.013582030375531894,0.013483650920150844,0.013582030375531894,7,error
44,0.013306837654248144,0.013592911094482258,0.0134498743743652,0.013592911094482258,7,error
45,0.01345164730929364,0.013007729463082568,0.013229688386188104,0.01345164730929364,7,error
46,0.013102285034864289,0.013324627947990204,0.013213456491427246,0.013324627947990204,7,error
47,0.012990796464253954,0.013103588775370207,0.01304719261981208,0.013103588775370207,7,error
48,0.01317786717785189,0.012924501258440966,0.013051184218146428,0.01317786717785189,7,error
49,0.01303860775016132,0.013210795986647707,0.013124701868404514,0.013210795986647707,7,error
50,0.01299480265583346,0.013058947405174425,0.013026875030503943,0.013058947405174425,7,error
51,0.013078073223233828,0.012866728824405423,0.012972401023819625,0.013078073223233828,7,error
52,0.012942406672765668,0.013073879786513243,0.013008143229639457,0.013073879786513243,7,error
53,0.012980603760565852,0.013040799517649698,0.013010701639107775,0.013040799517649698,7,error
54,0.013083327269415804,0.012910697762290724,0.012997012515853265,0.013083327269415804,7,error
55,0.012927197047515732,0.013043577781299357,0.012985387414407544,0.013043577781299357,7,error
56,0.01297625711061863,0.012987753918442922,0.012982005514530777,0.012987753918442922,7,error
57,0.013054804223003544,0.012927433260324072,0.012991118741663808,0.013054804223003544,7,error
58,0.012938888277372433,0.013047786331465725,0.012993337304419079,0.013047786331465725,7,error
59,0.012985136256894946,0.012975978797017668,0.012980557526956307,0.012985136256894946,7,error
60,0.013014669048377087,0.01294020378022547,0.01297743641430128,0.013014669048377087,7,error
61,0.012940676146271327,0.013029073182494525,0.012984874664382926,0.013029073182494525,7,error
62,0.012997626076106895,0.012971366893800088,0.012984496484953492,0.012997626076106895,7,error
63,0.0130092145495433,0.012956737799015981,0.01298297617427964,0.0130092145495433,7,error
64,0.012947606910852803,0.013014125725995628,0.012980866318424215,0.013014125725995628,7,error
65,0.012989275445527198,0.012965009238832932,0.012977142342180066,0.012989275445527198,7,error
66,0.012991833522667624,0.01296612962254304,0.012978981572605332,0.012991833522667624,7,error
67,0.012956989138772041,0.013004166805001957,0.012980577971886998,0.013004166805001957,7,error
68,0.012995664563399765,0.012965208007447424,0.012980436285423594,0.012995664563399765,7,error
69,0.012988283572463441,0.012972767606415907,0.012980525589439674,0.012988283572463441,7,error
70,0.012961215169706938,0.01299722924649625,0.012979222208101594,0.01299722924649625,7,error
71,0.012990177256783227,0.012967188426891811,0.012978682841837518,0.012990177256783227,7,error
72,0.012981506172589075,0.012977491372144254,0.012979498772366664,0.012981506172589075,7,error
73,0.01296930155900713,0.012991530453101205,0.012980416006054167,0.012991530453101205,7,error
74,0.012993168126799888,0.012969868572449243,0.012981518349624566,0.012993168126799888,7,error
75,0.012981355001379409,0.012980934274188918,0.012981144637784162,0.012981355001379409,7,error
76,0.012971624336839382,0.012987673000727359,0.01297964866878337,0.012987673000727359,7,error
77,0.012986724038059476,0.012971875571136727,0.012979299804598101,0.012986724038059476,7,error
78,0.012978179229548229,0.012981474107809615,0.012979826668678921,0.012981474107809615,7,error
79,0.012977029514774604,0.012984603639525376,0.01298081657714999,0.012984603639525376,7,error
80,0.012988501609925776,0.012973987273223166,0.01298124444157447,0.012988501609925776,7,error
81,0.012978692258288951,0.01298232023653808,0.012980506247413516,0.01298232023653808,7,error
82,0.012976787001130167,0.012983044838401424,0.012979915919765796,0.012983044838401424,7,error
83,0.012983985386220252,0.012975538027777218,0.012979761706998735,0.012983985386220252,7,error
84,0.012978266903467027,0.012981828137139637,0.012980047520303333,0.012981828137139637,7,error
85,0.0129801266441974,0.012981510342674411,0.012980818493435905,0.012981510342674411,7,error
86,0.012984957140446896,0.012977055570706037,0.012981006355576467,0.012984957140446896,7,error
87,0.012978861378569979,0.012981962703978875,0.012980412041274427,0.012981962703978875,7,error
88,0.01297889581795528,0.012980747314577,0.01297982156626614,0.012980747314577,7,error
89,0.01298167498438608,0.012977687048181068,0.012979681016283575,0.01298167498438608,7,error
90,0.012979154182971405,0.012981203067213239,0.012980178625092322,0.012981203067213239,7,error
91,0.012981176351635143,0.012980144165985589,0.012980660258810367,0.012981176351635143,7,error
92,0.012982598508750642,0.012978585120179282,0.012980591814464962,0.012982598508750642,7,error
93,0.012979242515381396,0.012981272827474175,0.012980257671427785,0.012981272827474175,7,error
94,0.01297975267956225,0.012979965477369394,0.01297985907846582,0.012979965477369394,7,error
95,0.012980810515140355,0.012978779599933501,0.012979795057536929,0.012980810515140355,7,error
96,0.012979816713630172,0.012980691194573957,0.012980253954102065,0.012980691194573957,7,error
97,0.012981326164594994,0.01297980024264802,0.012980563203621506,0.012981326164594994,7,error
98,0.012981520821449644,0.012979412764781869,0.012980466793115757,0.012981520821449644,7,error
99,0.01297962864668348,0.01298066933914874,0.01298014899291611,0.01298066933914874,7,error
100,0.012979979527730348,0.012979740200140347,0.012979859863935347,0.012979979527730348,7,error
101,0.012980515136247718,0.012979397153680676,0.012979956144964198,0.012980515136247718,7,error
102,0.0129802893618464,0.012980272513576809,0.012980280937711605,0.0129802893618464,7,error
103,0.012981134732958767,0.012979745488759882,0.012980440110859325,0.012981134732958767,7,error
104,0.0129809401158137,0.012979807215940106,0.012980373665876902,0.0129809401158137,7,error
105,0.01297990196837552,0.01298032725839921,0.012980114613387366,0.01298032725839921,7,error
106,0.012980160218061079,0.01297971200774199,0.012979936112901535,0.012980160218061079,7,error
107,0.012980449581010028,0.012979668457162377,0.012980059019086203,0.012980449581010028,7,error
108,0.012980472267486385,0.012980081483894436,0.012980276875690411,0.012980472267486385,7,error
109,0.01298096597842457,0.012979786046875217,0.012980376012649893,0.01298096597842457,7,error
110,0.012980650568706313,0.012979928133152708,0.01298028935092951,0.012980650568706313,7,error
111,0.012980038363218711,0.012980129536829274,0.012980083950023993,0.012980129536829274,7,error
112,0.012980267759488143,0.012979748061173997,0.01298000791033107,0.012980267759488143,7,error
113,0.012980442953968786,0.012979782472491479,0.012980112713230133,0.012980442953968786,7,error
114,0.012980555473166277,0.012979961833769305,0.012980258653467792,0.012980555473166277,7,error
115,0.012980802174373791,0.012979848289776934,0.012980325232075363,0.012980802174373791,7,error
116,0.012980489600034555,0.012979971679017311,0.012980230639525933,0.012980489600034555,7,error
117,0.012980171550414157,0.01297999654488869,0.012980084047651424,0.012980171550414157,7,error
118,0.01298032154776868,0.012979796040383653,0.012980058794076167,0.01298032154776868,7,error
119,0.012980441912579004,0.012979839486610396,0.0129801406995947,0.012980441912579004,7,error
120,0.012980583538930475,0.012979913984633806,0.01298024876178214,0.012980583538930475,7,error
121,0.012980668254000176,0.012979888982689798,0.012980278618344988,0.012980668254000176,7,error
122,0.012980407625817977,0.012979964690749529,0.012980186158283752,0.012980407625817977,7,error
123,0.012980258930024987,0.012979935541061267,0.012980097235543126,0.012980258930024987,7,error
124,0.012980363150608626,0.012979822730962874,0.01298009294078575,0.012980363150608626,7,error
125,0.012980455768574147,0.012979853246115024,0.012980154507344585,0.012980455768574147,7,error
126,0.012980563331301305,0.012979897206534202,0.012980230268917753,0.012980563331301305,7,error
127,0.01298056425910642,0.012979907294861925,0.012980235776984173,0.01298056425910642,7,error
128,0.012980386381279185,0.012979944824726652,0.012980165603002919,0.012980386381279185,7,error
129,0.01298030591758971,0.012979903947725458,0.012980104932657584,0.01298030591758971,7,error
130,0.012980373417997076,0.012979844221696759,0.012980108819846917,0.012980373417997076,7,error
131,0.012980466634369317,0.012979868439009907,0.012980167536689612,0.012980466634369317,7,error
132,0.01298053532039268,0.01297989367778057,0.012980214499086627,0.01298053532039268,7,error
133,0.012980488485855183,0.012979915536005667,0.012980202010930425,0.012980488485855183,7,error
134,0.01298037893407793,0.012979928987983913,0.012980153961030923,0.01298037893407793,7,error
135,0.012980343815629306,0.012979894105401952,0.012980118960515628,0.012980343815629306,7,error
136,0.012980399872024451,0.012979855478691892,0.012980127675358171,0.012980399872024451,7,error
137,0.01298046561819642,0.012979877919826192,0.012980171769011305,0.01298046561819642,7,error
138,0.01298049980228423,0.012979900614162888,0.012980200208223559,0.01298049980228423,7,error
139,0.012980458211055654,0.012979915526656173,0.012980186868855914,0.012980458211055654,7,error
140,0.012980384234481534,0.012979914604691686,0.01298014941958661,0.012980384234481534,7,error
141,0.012980365449900465,0.012979882273364239,0.012980123861632352,0.012980365449900465,7,error
142,0.012980408411126678,0.01297986631922794,0.01298013736517731,0.012980408411126678,7,error
143,0.01298046247506336,0.0129798814097618,0.01298017194241258,0.01298046247506336,7,error
144,0.012980474497532186,0.012979897054563334,0.012980185776047759,0.012980474497532186,7,error
145,0.012980431052916817,0.012979910388824534,0.012980170720870675,0.012980431052916817,7,error
146,0.012980383699247791,0.012979905241970508,0.01298014447060915,0.012980383699247791,7,error
147,0.012980384003762772,0.01297988200321536,0.012980133003489066,0.012980384003762772,7,error
148,0.012980415810155643,0.012979875175721384,0.012980145492938513,0.012980415810155643,7,error
149,0.012980446573172292,0.012979887340616992,0.012980166956894641,0.012980446573172292,7,error
150,0.01298045337421404,0.012979895250159353,0.012980174312186697,0.01298045337421404,7,error
151,0.012980414942830046,0.01297990855922986,0.012980161751029954,0.012980414942830046,7,error
152,0.012980389683125803,0.012979896728347859,0.01298014320573683,0.012980389683125803,7,error
153,0.01298039750571805,0.012979878504684617,0.012980138005201335,0.01298039750571805,7,error
154,0.012980415847074805,0.012979884942447237,0.012980150394761022,0.012980415847074805,7,error
155,0.012980441983376431,0.012979886275893,0.012980164129634715,0.012980441983376431,7,error
156,0.012980432705277984,0.01297990031572463,0.012980166510501306,0.012980432705277984,7,error
157,0.01298040868422192,0.012979905125386172,0.012980156904804046,0.01298040868422192,7,error
158,0.01298039175661286,0.012979893552227438,0.01298014265442015,0.01298039175661286,7,error
159,0.012980398416612648,0.012979884034323224,0.012980141225467937,0.012980398416612648,7,error
160,0.012980415263604187,0.012979884343599106,0.012980149803601647,0.012980415263604187,7,error
161,0.012980431652855524,0.012979885698989174,0.012980158675922348,0.012980431652855524,7,error
162,0.012980423894793916,0.012979895941552976,0.012980159918173445,0.012980423894793916,7,error
163,0.01298040075586364,0.012979902436062745,0.012980151595963193,0.01298040075586364,7,error
164,0.012980399654456411,0.012979887860617803,0.012980143757537107,0.012980399654456411,7,error
165,0.01298040228874453,0.0129798840993351,0.012980143194039815,0.01298040228874453,7,error
166,0.01298040963107872,0.012979887536677876,0.012980148583878299,0.01298040963107872,7,error
167,0.012980423000985524,0.012979887071380246,0.012980155036182885,0.012980423000985524,7,error
168,0.01298041341229159,0.012979897637736224,0.012980155525013908,0.01298041341229159,7,error
169,0.01298040090646062,0.01297989567412076,0.01298014829029069,0.01298040090646062,7,error
170,0.01298039657358609,0.012979887231441724,0.012980141902513908,0.01298039657358609,7,error
171,0.012980403593776002,0.012979884215680564,0.012980143904728283,0.012980403593776002,7,error
172,0.012980409827595067,0.012979887723909527,0.012980148775752296,0.012980409827595067,7,error
173,0.012980418496513046,0.012979887312383198,0.012980152904448122,0.012980418496513046,7,error
174,0.012980405604591594,0.012979898940937281,0.012980152272764438,0.012980405604591594,7,error
175,0.012980399433819657,0.012979893550675295,0.012980146492247477,0.012980399433819657,7,error
176,0.012980402067472658,0.012979884728763887,0.012980143398118272,0.012980402067472658,7,error
177,0.012980398773032245,0.01297989055973242,0.012980144666382332,0.012980398773032245,7,error
178,0.012980404873930429,0.012979889670951265,0.012980147272440847,0.012980404873930429,7,error
179,0.01298041406471091,0.012979884014735576,0.012980149039723242,0.01298041406471091,7,error
180,0.012980397907892332,0.012979896942818502,0.012980147425355417,0.012980397907892332,7,error
181,0.012980397596459097,0.012979890164326139,0.012980143880392618,0.012980397596459097,7,error
182,0.012980400340140518,0.012979886135888331,0.012980143238014424,0.012980400340140518,7,error
183,0.012980397332199424,0.01297989135881831,0.012980144345508867,0.012980397332199424,7,error
184,0.012980403109374084,0.012979886311938044,0.012980144710656064,0.012980403109374084,7,error
185,0.01298040689631354,0.012979886170685335,0.012980146533499437,0.01298040689631354,7,error
186,0.012980393854496012,0.012979897579533389,0.0129801457170147,0.012980393854496012,7,error
187,0.012980399708738695,0.012979887785884808,0.01298014374731175,0.012980399708738695,7,error
188,0.012980400012661427,0.012979887583962787,0.012980143798312107,0.012980400012661427,7,error
189,0.01298039317351341,0.01297989518534287,0.01298014417942814,0.01298039317351341,7,error
190,0.012980403031710335,0.01297988693468171,0.012980144983196024,0.012980403031710335,7,error
191,0.012980402394584657,0.012979888284360225,0.012980145339472442,0.012980402394584657,7,error
192,0.012980391797756678,0.012979897344901311,0.012980144571328994,0.012980391797756678,7,error
193,0.01298040018667076,0.012979886025159176,0.012980143105914967,0.01298040018667076,7,error
194,0.012980398608217166,0.012979885757676604,0.012980142182946885,0.012980398608217166,7,error
195,0.012980390566200456,0.012979893596722315,0.012980142081461386,0.012980390566200456,7,error
196,0.012980403696702504,0.012979883856007563,0.012980143776355034,0.012980403696702504,7,error
197,0.012980400971119176,0.012979887786319259,0.012980144378719218,0.012980400971119176,7,error
198,0.01298038938985068,0.012979897449640261,0.01298014341974547,0.01298038938985068,7,error
199,0.012980399429496695,0.012979883753178448,0.012980141591337572,0.012980399429496695,7,error
200,0.012980394277239368,0.012979886321330814,0.012980140299285091,0.012980394277239368,7,error
201,0.012980389407695784,0.012979891806583045,0.012980140607139415,0.012980389407695784,7,error
202,0.012980399125361867,0.012979883810722527,0.012980141468042196,0.012980399125361867,7,error
203,0.01298039331718041,0.012979891496136858,0.012980142406658634,0.01298039331718041,7,error
204,0.012980389280853561,0.012979895772785688,0.012980142526819624,0.012980389280853561,7,error
205,0.012980399621784253,0.01297988267411618,0.012980141147950215,0.012980399621784253,7,error
206,0.012980386257593578,0.01297989363226538,0.01298013994492948,0.012980386257593578,7,error
207,0.012980389190725368,0.012979891143191608,0.012980140166958488,0.012980389190725368,7,error
208,0.012980397809471293,0.012979884443383669,0.01298014112642748,0.012980397809471293,7,error
209,0.012980388532920096,0.01297989348140399,0.012980141007162042,0.012980388532920096,7,error
210,0.012980387865836033,0.012979894538813472,0.012980141202324751,0.012980387865836033,7,error
211,0.012980398012732096,0.01297988467498309,0.012980141343857592,0.012980398012732096,7,error
212,0.012980388836840296,0.012979891415325392,0.012980140126082843,0.012980388836840296,7,error
213,0.012980386879226452,0.012979893480781088,0.01298014018000377,0.012980386879226452,7,error
214,0.012980397840828063,0.012979881940988494,0.01298013989090828,0.012980397840828063,7,error
215,0.012980388494402136,0.012979890762428028,0.012980139628415082,0.012980388494402136,7,error
216,0.012980387180001806,0.012979892727108628,0.012980139953555217,0.012980387180001806,7,error
217,0.012980396334063263,0.01297988365262824,0.012980139993345751,0.012980396334063263,7,error
218,0.012980386489699175,0.012979893158456865,0.01298013982407802,0.012980386489699175,7,error
219,0.012980388023029428,0.012979890445955647,0.012980139234492538,0.012980388023029428,7,error
220,0.012980395825244701,0.01297988285341596,0.01298013933933033,0.012980395825244701,7,error
221,0.012980381003631497,0.012979898002428639,0.012980139503030067,0.012980381003631497,7,error
222,0.012980389112571645,0.01297988876390353,0.012980138938237587,0.012980389112571645,7,error
223,0.012980392662481204,0.01297988217756854,0.012980137420024872,0.012980392662481204,7,error
224,0.012980385897364662,0.012979891480819239,0.01298013868909195,0.012980385897364662,7,error
225,0.012980385763704696,0.012979892716143315,0.012980139239924006,0.012980385763704696,7,error
226,0.012980392743072337,0.01297988492085513,0.012980138831963733,0.012980392743072337,7,error
227,0.012980384249856952,0.012979893164259612,0.012980138707058282,0.012980384249856952,7,error
228,0.012980389911773376,0.012979887077786493,0.012980138494779934,0.012980389911773376,7,error
229,0.012980389858118857,0.012979888397928229,0.012980139128023543,0.012980389858118857,7,error
230,0.012980383896806153,0.012979892575068583,0.012980138235937369,0.012980383896806153,7,error
231,0.01298038888101192,0.012979884632945214,0.012980136756978566,0.01298038888101192,7,error
232,0.012980392026865144,0.01297988220978946,0.012980137118327302,0.012980392026865144,7,error
233,0.01298038236361731,0.012979892813035602,0.012980137588326456,0.01298038236361731,7,error
234,0.012980386018465233,0.012979890367393509,0.01298013819292937,0.012980386018465233,7,error
235,0.012980391840577983,0.012979883356456222,0.012980137598517103,0.012980391840577983,7,error
236,0.012980381695675168,0.012979891681654131,0.01298013668866465,0.012980381695675168,7,error
237,0.01298038614520036,0.012979887724152385,0.012980136934676373,0.01298038614520036,7,error
238,0.012980386618830548,0.012979887714547274,0.012980137166688912,0.012980386618830548,7,error
239,0.012980384445971847,0.012979890392767198,0.012980137419369523,0.012980384445971847,7,error
240,0.012980388053551182,0.012979888064574353,0.012980138059062767,0.012980388053551182,7,error
241,0.01298038630257705,0.012979887169486296,0.012980136736031673,0.01298038630257705,7,error
242,0.012980381444598024,0.01297989249797678,0.012980136971287401,0.012980381444598024,7,error
243,0.012980387797566013,0.01297988701742365,0.012980137407494832,0.012980387797566013,7,error
244,0.012980385583580672,0.012979887500505482,0.012980136542043077,0.012980385583580672,7,error
245,0.012980379531092347,0.012979892611802123,0.012980136071447235,0.012980379531092347,7,error
246,0.012980381307559116,0.012979890569962215,0.012980135938760667,0.012980381307559116,7,error
247,0.012980386259624605,0.012979885902092547,0.012980136080858577,0.012980386259624605,7,error
248,0.012980382317715877,0.012979890413826335,0.012980136365771106,0.012980382317715877,7,error
249,0.012980382034149607,0.012979889718327956,0.012980135876238781,0.012980382034149607,7,error
250,0.012980387100924995,0.012979883784789516,0.012980135442857255,0.012980387100924995,7,error
251,0.012980380645100806,0.012979890242850893,0.01298013544397585,0.012980380645100806,7,error
252,0.012980382287874483,0.012979889279904237,0.01298013578388936,0.012980382287874483,7,error
253,0.012980382654202018,0.012979889668103053,0.012980136161152536,0.012980382654202018,7,error
254,0.012980382328059634,0.012979890942839876,0.012980136635449755,0.012980382328059634,7,error
255,0.01298038263797888,0.012979890792012344,0.012980136714995611,0.01298038263797888,7,error
256,0.01298038288782309,0.012979889498548933,0.012980136193186012,0.01298038288782309,7,error
257,0.012980380837092262,0.012979888624890702,0.012980134730991482,0.012980380837092262,7,error
258,0.012980380297114177,0.012979890733546214,0.012980135515330195,0.012980380297114177,7,error
259,0.01298038320433357,0.012979888051151255,0.012980135627742414,0.01298038320433357,7,error
260,0.012980379906036526,0.012979889178379056,0.01298013454220779,0.012980379906036526,7,error
261,0.012980379831542892,0.012979889864952047,0.01298013484824747,0.012980379831542892,7,error
262,0.012980385031582482,0.012979886227532555,0.012980135629557518,0.012980385031582482,7,error
263,0.012980380259075518,0.012979889423066188,0.012980134841070853,0.012980380259075518,7,error
264,0.012980378868014588,0.012979892230261213,0.0129801355491379,0.012980378868014588,7,error
265,0.012980384367664693,0.012979887715491252,0.012980136041577973,0.012980384367664693,7,error
266,0.012980379461850176,0.01297989172273784,0.01298013559229401,0.012980379461850176,7,error
267,0.012980377576856841,0.012979894724360673,0.012980136150608758,0.012980377576856841,7,error
268,0.012980382151481722,0.012979888366454926,0.012980135258968323,0.012980382151481722,7,error
269,0.012980381049576026,0.012979886064280407,0.012980133556928217,0.012980381049576026,7,error
270,0.012980376199893496,0.012979892000818177,0.012980134100355836,0.012980376199893496,7,error
271,0.012980381530055719,0.012979887903320208,0.012980134716687963,0.012980381530055719,7,error
272,0.012980381099886707,0.012979886694893231,0.01298013389738997,0.012980381099886707,7,error
273,0.01298037903805658,0.012979889359644092,0.012980134198850336,0.01298037903805658,7,error
274,0.012980382671966448,0.012979886762068796,0.012980134717017623,0.012980382671966448,7,error
275,0.01298037869054002,0.012979889773179813,0.012980134231859917,0.01298037869054002,7,error
276,0.01298037663810828,0.0129798912482536,0.012980133943180941,0.01298037663810828,7,error
277,0.012980383853462596,0.012979885216989874,0.012980134535226236,0.012980383853462596,7,error
278,0.012980380988354264,0.012979890133059545,0.012980135560706905,0.012980380988354264,7,error
279,0.012980374395636903,0.012979895947055313,0.012980135171346108,0.012980374395636903,7,error
280,0.012980385556105773,0.01297988320292508,0.012980134379515427,0.012980385556105773,7,error
281,0.01298038221616896,0.012979887122754281,0.01298013466946162,0.01298038221616896,7,error
282,0.012980374975315182,0.012979892829456817,0.012980133902386,0.012980374975315182,7,error
283,0.012980379668278457,0.012979886912512688,0.012980133290395574,0.012980379668278457,7,error
284,0.012980380794279517,0.012979887502202076,0.012980134148240795,0.012980380794279517,7,error
285,0.012980375918137924,0.012979891945056847,0.012980133931597386,0.012980375918137924,7,error
286,0.012980381328609167,0.012979883878256052,0.01298013260343261,0.012980381328609167,7,error
287,0.012980375626608266,0.012979890022222452,0.012980132824415359,0.012980375626608266,7,error
288,0.01298037343830532,0.01297989284451112,0.01298013314140822,0.01298037343830532,7,error
289,0.012980385168629538,0.012979882422453574,0.012980133795541556,0.012980385168629538,7,error
290,0.012980377473285468,0.012979891003568124,0.012980134238426796,0.012980377473285468,7,error
291,0.012980371872398302,0.0129798971216893,0.012980134497043801,0.012980371872398302,7,error
292,0.01298038337311434,0.012979885542732064,0.012980134457923202,0.01298038337311434,7,error
293,0.012980376158118822,0.012979890986736674,0.012980133572427749,0.012980376158118822,7,error
294,0.012980372790783923,0.012979893535441977,0.01298013316311295,0.012980372790783923,7,error
295,0.012980383482556073,0.012979881942758646,0.012980132712657359,0.012980383482556073,7,error
296,0.012980372967324554,0.012979892443584619,0.012980132705454586,0.012980372967324554,7,error
297,0.012980375598672201,0.012979891153098643,0.012980133375885421,0.012980375598672201,7,error
298,0.01298038423929113,0.012979882169150352,0.01298013320422074,0.01298038423929113,7,error
299,0.012980372920851843,0.012979892449250782,0.012980132685051313,0.012980372920851843,7,error
300,0.01298037468228112,0.012979891226726124,0.012980132954503622,0.01298037468228112,7,error
301,0.012980383613735881,0.012979882540224924,0.012980133076980403,0.012980383613735881,7,error
302,0.012980373065097455,0.012979893435857431,0.012980133250477442,0.012980373065097455,7,error
303,0.012980373727914822,0.012979893335577305,0.012980133531746063,0.012980373727914822,7,error
304,0.012980381700075518,0.012979883638490113,0.012980132669282815,0.012980381700075518,7,error
305,0.012980371691238854,0.012979892687121504,0.012980132189180179,0.012980371691238854,7,error
306,0.012980372123256851,0.012979893811022216,0.012980132967139534,0.012980372123256851,7,error
307,0.012980381668176406,0.012979882992788003,0.012980132330482204,0.012980381668176406,7,error
308,0.012980372212124771,0.012979892483764828,0.0129801323479448,0.012980372212124771,7,error
309,0.012980373768253164,0.01297989121266243,0.012980132490457798,0.012980373768253164,7,error
310,0.012980381687478275,0.012979883524935698,0.012980132606206986,0.012980381687478275,7,error
311,0.012980370705159321,0.012979896374853564,0.012980133540006444,0.012980370705159321,7,error
312,0.012980377444588402,0.012979888745052367,0.012980133094820386,0.012980377444588402,7,error
313,0.012980381233882385,0.012979884123200102,0.012980132678541242,0.012980381233882385,7,error
314,0.012980368207599863,0.01297989616934804,0.012980132188473952,0.012980368207599863,7,error
315,0.01298037671855822,0.012979885367616658,0.012980131043087439,0.01298037671855822,7,error
316,0.012980378981300899,0.012979883915217304,0.012980131448259102,0.012980378981300899,7,error
317,0.012980368284462532,0.012979896646076872,0.012980132465269703,0.012980368284462532,7,error
318,0.01298037913554392,0.012979886261484646,0.012980132698514283,0.01298037913554392,7,error
319,0.012980377765436547,0.012979887720855074,0.01298013274314581,0.012980377765436547,7,error
320,0.01298037049071132,0.01297989587532193,0.012980133183016624,0.01298037049071132,7,error
321,0.012980376701694578,0.012979888784801247,0.012980132743247913,0.012980376701694578,7,error
322,0.012980377246030224,0.012979886840075188,0.012980132043052706,0.012980377246030224,7,error
323,0.012980368199489193,0.012979895370566643,0.012980131785027918,0.012980368199489193,7,error
324,0.0129803756019172,0.012979887450658317,0.012980131526287759,0.0129803756019172,7,error
325,0.012980376039572713,0.0129798864922535,0.012980131265913106,0.012980376039572713,7,error
326,0.012980366363646748,0.01297989635682283,0.012980131360234789,0.012980366363646748,7,error
327,0.012980377470748592,0.012979886628886281,0.012980132049817437,0.012980377470748592,7,error
328,0.012980372873180095,0.012979889125080865,0.01298013099913048,0.012980372873180095,7,error
329,0.012980367065664654,0.012979894630601863,0.012980130848133258,0.012980367065664654,7,error
330,0.012980376354101705,0.01297988667934059,0.012980131516721147,0.012980376354101705,7,error
331,0.012980372667512117,0.012979892586248666,0.012980132626880391,0.012980372667512117,7,error
332,0.012980370909395755,0.012979894982808758,0.012980132946102257,0.012980370909395755,7,error
333,0.012980377839918927,0.012979887568443564,0.012980132704181246,0.012980377839918927,7,error
334,0.012980372266166993,0.012979889712719371,0.012980130989443183,0.012980372266166993,7,error
335,0.012980367038924951,0.012979894576985309,0.01298013080795513,0.012980367038924951,7,error
336,0.01298037975683274,0.012979883817606364,0.012980131787219552,0.01298037975683274,7,error
337,0.012980370769455817,0.012979892945610043,0.012980131857532929,0.012980370769455817,7,error
338,0.012980370524807591,0.01297989354832717,0.01298013203656738,0.012980370524807591,7,error
339,0.012980375172123982,0.012979887727390064,0.012980131449757022,0.012980375172123982,7,error
340,0.01298037020223031,0.012979890596015927,0.01298013039912312,0.01298037020223031,7,error
341,0.012980373112143858,0.012979889066639343,0.0129801310893916,0.012980373112143858,7,error
342,0.012980374930668727,0.01297988962609049,0.01298013227837961,0.012980374930668727,7,error
343,0.01298037135092715,0.01297989091531644,0.012980131133121794,0.01298037135092715,7,error
344,0.01298037055916095,0.012979891084229414,0.012980130821695182,0.01298037055916095,7,error
345,0.012980375289095902,0.01297988658705495,0.012980130938075426,0.012980375289095902,7,error
346,0.01298036984846457,0.01297989406082406,0.012980131954644314,0.01298036984846457,7,error
347,0.012980373780998858,0.01297988943866936,0.01298013160983411,0.012980373780998858,7,error
348,0.01298037497234139,0.012979887119059454,0.012980131045700422,0.01298037497234139,7,error
349,0.012980368718544308,0.012979894074567896,0.012980131396556103,0.012980368718544308,7,error
350,0.012980372661646793,0.012979891291838635,0.012980131976742713,0.012980372661646793,7,error
351,0.01298037651978657,0.012979888322654289,0.012980132421220428,0.01298037651978657,7,error
352,0.01298036795194224,0.012979894949566586,0.012980131450754412,0.01298036795194224,7,error
353,0.012980370428862818,0.012979888646390356,0.012980129537626587,0.012980370428862818,7,error
354,0.012980367976355343,0.012979890210006628,0.012980129093180985,0.012980367976355343,7,error
355,0.012980368486570098,0.012979892452926588,0.012980130469748344,0.012980368486570098,7,error
356,0.012980369493447441,0.0129798936159552,0.01298013155470132,0.012980369493447441,7,error
357,0.012980372020464455,0.012979891561106875,0.012980131790785665,0.012980372020464455,7,error
358,0.01298036685800618,0.012979896834417472,0.012980131846211825,0.01298036685800618,7,error
359,0.01298037617300071,0.012979885839680433,0.012980131006340571,0.01298037617300071,7,error
360,0.012980370052009764,0.012979893496465155,0.01298013177423746,0.012980370052009764,7,error
361,0.012980367957298046,0.012979895935649702,0.012980131946473874,0.012980367957298046,7,error
362,0.012980371586842027,0.012979889147156577,0.012980130366999302,0.012980371586842027,7,error
363,0.012980367245798853,0.012979893907923269,0.012980130576861062,0.012980367245798853,7,error
364,0.012980366676473487,0.012979894772528144,0.012980130724500816,0.012980366676473487,7,error
365,0.012980372075690586,0.012979889097666791,0.012980130586678688,0.012980372075690586,7,error
366,0.012980364971428075,0.012979896771315048,0.012980130871371561,0.012980364971428075,7,error
367,0.012980368651384806,0.012979891432609632,0.01298013004199722,0.012980368651384806,7,error
368,0.012980370549621806,0.01297988927580991,0.012980129912715858,0.012980370549621806,7,error
369,0.012980366265567332,0.012979895339818677,0.012980130802693005,0.012980366265567332,7,error
370,0.01298036970179493,0.012979891621119346,0.012980130661457139,0.01298036970179493,7,error
371,0.012980371579461313,0.012979891976378997,0.012980131777920154,0.012980371579461313,7,error
372,0.01298036610824465,0.012979897673593562,0.012980131890919105,0.01298036610824465,7,error
373,0.012980371357582232,0.012979888706118329,0.01298013003185028,0.012980371357582232,7,error
374,0.012980365509616745,0.012979894207767165,0.012980129858691954,0.012980365509616745,7,error
375,0.01298036054991612,0.012979899519990082,0.0129801300349531,0.01298036054991612,7,error
376,0.01298037507963607,0.012979886614952738,0.012980130847294404,0.01298037507963607,7,error
377,0.012980367097068294,0.012979895574640198,0.012980131335854246,0.012980367097068294,7,error
378,0.012980359171623782,0.012979904667922388,0.012980131919773085,0.012980359171623782,7,error
379,0.012980375151543454,0.012979885908098933,0.012980130529821193,0.012980375151543454,7,error
380,0.012980364509980375,0.012979894686104193,0.012980129598042284,0.012980364509980375,7,error
381,0.012980357232793078,0.0129799022257374,0.012980129729265238,0.012980357232793078,7,error
382,0.012980377656642925,0.012979881608241947,0.012980129632442435,0.012980377656642925,7,error
383,0.012980357592837463,0.012979902266407719,0.01298012992962259,0.012980357592837463,7,error
384,0.012980356113858338,0.01297990630012145,0.012980131206989893,0.012980356113858338,7,error
385,0.012980391105774201,0.01297986972793404,0.01298013041685412,0.012980391105774201,7,error
386,0.012980349110476542,0.012979909881869431,0.012980129496172986,0.012980349110476542,7,error
387,0.012980355398804001,0.012979906172908092,0.012980130785856046,0.012980355398804001,7,error
388,0.012980402361630181,0.012979859393555188,0.012980130877592685,0.012980402361630181,7,error
389,0.012980339768054221,0.012979920756530644,0.012980130262292434,0.012980339768054221,7,error
390,0.012980355957940538,0.012979907240161587,0.012980131599051063,0.012980355957940538,7,error
391,0.012980410346255586,0.01297985202193886,0.012980131184097222,0.012980410346255586,7,error
392,0.01298032160789105,0.012979937936152479,0.012980129772021764,0.01298032160789105,7,error
393,0.012980360524282655,0.01297989944763838,0.012980129985960518,0.012980360524282655,7,error
394,0.012980422770345118,0.012979837207007185,0.012980129988676151,0.012980422770345118,7,error
395,0.012980291998744904,0.012979967267233047,0.012980129632988975,0.012980291998744904,7,error
396,0.012980372051675581,0.012979889056626372,0.012980130554150976,0.012980372051675581,7,error
397,0.012980449170151198,0.012979813532523437,0.012980131351337318,0.012980449170151198,7,error
398,0.012980254229822227,0.012980007220379917,0.012980130725101072,0.012980254229822227,7,error
399,0.012980391431221693,0.012979868015447685,0.012980129723334689,0.012980391431221693,7,error
400,0.012980470335311875,0.01297978817474158,0.012980129255026727,0.012980470335311875,7,error
401,0.012980199253066073,0.012980060219890774,0.012980129736478423,0.012980199253066073,7,error
402,0.01298042175930073,0.012979839821870173,0.01298013079058545,0.01298042175930073,7,error
403,0.01298049513245598,0.012979766464400211,0.012980130798428096,0.01298049513245598,7,error
404,0.01298012404701737,0.012980136645948605,0.012980130346482988,0.012980136645948605,7,error
405,0.012980477442913852,0.012979781421565893,0.012980129432239872,0.012980477442913852,7,error
406,0.012980517305440094,0.012979741152006875,0.012980129228723485,0.012980517305440094,7,error
407,0.01298002112923525,0.012980238844142651,0.012980129986688951,0.012980238844142651,7,error
408,0.012980576291338607,0.012979682600823963,0.012980129446081285,0.012980576291338607,7,error
409,0.012980529596330432,0.012979727487069166,0.0129801285416998,0.012980529596330432,7,error
410,0.012979877791219702,0.012980380621934892,0.012980129206577297,0.012980380621934892,7,error
411,0.01298073281049922,0.012979527410392478,0.01298013011044585,0.01298073281049922,7,error
412,0.012980515309851691,0.012979746750866444,0.012980131030359068,0.012980515309851691,7,error
413,0.012979704207113116,0.012980560605905576,0.012980132406509345,0.012980560605905576,7,error
414,0.01298095934482332,0.012979301970627232,0.012980130657725276,0.01298095934482332,7,error
415,0.012980463751549659,0.012979794458831254,0.012980129105190457,0.012980463751549659,7,error
416,0.012979469277661282,0.012980789382022465,0.012980129329841873,0.012980789382022465,7,error
417,0.012981303154877435,0.012978958012755152,0.012980130583816293,0.012981303154877435,7,error
418,0.012980333291047386,0.012979928799694049,0.012980131045370717,0.012980333291047386,7,error
419,0.012979199535104218,0.012981061175626021,0.012980130355365119,0.012981061175626021,7,error
420,0.012981793847359181,0.01297846430684469,0.012980129077101936,0.012981793847359181,7,error
421,0.012980065267428724,0.012980193851044812,0.012980129559236768,0.012980193851044812,7,error
422,0.012978900237636905,0.012981359537887387,0.012980129887762145,0.012981359537887387,7,error
423,0.012982488227027036,0.012977769887470698,0.012980129057248867,0.012982488227027036,7,error
424,0.012979578945147736,0.01298067796189617,0.012980128453521953,0.01298067796189617,7,error
425,0.012978622925604522,0.012981635223706529,0.012980129074655525,0.012981635223706529,7,error
426,0.01298344939491037,0.012976811011736068,0.012980130203323219,0.01298344939491037,7,error
427,0.01297874998535905,0.012981510271253202,0.012980130128306126,0.012981510271253202,7,error
428,0.012978422400834438,0.012981835190306988,0.012980128795570714,0.012981835190306988,7,error
429,0.012984729786737838,0.01297552805479028,0.01298012892076406,0.012984729786737838,7,error
430,0.012977437955254906,0.012982824248410805,0.012980131101832855,0.012982824248410805,7,error
431,0.012978407634553409,0.012981853855830274,0.012980130745191842,0.012981853855830274,7,error
432,0.012986364412631464,0.012973893578937452,0.012980128995784459,0.012986364412631464,7,error
433,0.012975470127494945,0.01298478781213563,0.012980128969815288,0.01298478781213563,7,error
434,0.01297879928466923,0.012981458167462104,0.012980128726065666,0.012981458167462104,7,error
435,0.012988290671319602,0.012971964797525853,0.012980127734422729,0.012988290671319602,7,error
436,0.012972609507513586,0.012987646101994623,0.012980127804754105,0.012987646101994623,7,error
437,0.01297995172614482,0.012980305331103488,0.012980128528624154,0.012980305331103488,7,error
438,0.012990386381926304,0.01296986199241494,0.012980124187170622,0.012990386381926304,7,error
439,0.012968542692980424,0.012991705268717731,0.012980123980849079,0.012991705268717731,7,error
440,0.012982377909150196,0.012977882051590093,0.012980129980370144,0.012982377909150196,7,error
441,0.012992472166134986,0.012967775109933324,0.012980123638034155,0.012992472166134986,7,error
442,0.012962887897497418,0.012997345973682963,0.01298011693559019,0.012997345973682963,7,error
443,0.012986669614184593,0.012973586117204805,0.0129801278656947,0.012986669614184593,7,error
444,0.012994258564213981,0.012965988323215223,0.012980123443714603,0.012994258564213981,7,error
445,0.012955466596231396,0.013004748840016317,0.012980107718123857,0.013004748840016317,7,error
446,0.012993350633709395,0.01296689642571545,0.012980123529712423,0.012993350633709395,7,error
447,0.012995113876727823,0.012965129200068985,0.012980121538398403,0.012995113876727823,7,error
448,0.012946518127226293,0.013013656042758759,0.012980087084992525,0.013013656042758759,7,error
449,0.013003098870218582,0.012957117541786389,0.012980108206002487,0.013003098870218582,7,error
450,0.012993633497742949,0.012966609969814616,0.012980121733778782,0.012993633497742949,7,error
451,0.01293676774043178,0.013023347598176098,0.012980057669303938,0.013023347598176098,7,error
452,0.013017141795097718,0.01294301116433278,0.01298007647971525,0.013017141795097718,7,error
453,0.012987663361404769,0.012972591485292999,0.012980127423348885,0.012987663361404769,7,error
454,0.012926713728876084,0.01303332589108239,0.012980019809979237,0.01303332589108239,7,error
455,0.013037156550470047,0.012922849236717902,0.012980002893593974,0.013037156550470047,7,error
456,0.012975521382662053,0.012984735822409046,0.01298012860253555,0.012984735822409046,7,error
457,0.012916283047106292,0.0130436633368661,0.012979973191986197,0.0130436633368661,7,error
458,0.013064167685819309,0.012895542749284618,0.012979855217551965,0.013064167685819309,7,error
459,0.012956064304629034,0.013004150372416786,0.012980107338522909,0.013004150372416786,7,error
460,0.012907464963829846,0.013052390329495612,0.012979927646662729,0.013052390329495612,7,error
461,0.01309567638278324,0.012863544798343209,0.012979610590563224,0.01309567638278324,7,error
462,0.01292875597354984,0.013031302302439866,0.012980029137994852,0.013031302302439866,7,error
463,0.012905103806555341,0.013054725179867393,0.012979914493211366,0.013054725179867393,7,error
464,0.013128265710471133,0.012830283115220026,0.01297927441284558,0.013128265710471133,7,error
465,0.012889077537965267,0.013070548508238279,0.012979813023101774,0.013070548508238279,7,error
466,0.012917639495621908,0.013042319528225866,0.012979979511923888,0.013042319528225866,7,error
467,0.013160869439642757,0.012796834491313004,0.012978851965477881,0.013160869439642757,7,error
468,0.012829026824656371,0.013129492933756304,0.012979259879206338,0.013129492933756304,7,error
469,0.012949948566563195,0.013010240233161531,0.012980094399862363,0.013010240233161531,7,error
470,0.013197762448958093,0.01275878380012681,0.012978273124542451,0.013197762448958093,7,error
471,0.012746131283800548,0.013209982319315219,0.012978056801557884,0.013209982319315219,7,error
472,0.012993897470045299,0.012966345114436097,0.012980121292240698,0.012993897470045299,7,error
473,0.013241882467642959,0.012712987717082597,0.012977435092362778,0.013241882467642959,7,error
474,0.012651059685437055,0.013301061532882493,0.012976060609159774,0.013301061532882493,7,error
475,0.013049331630003725,0.012910560216234362,0.012979945923119043,0.013049331630003725,7,error
476,0.013261078607397319,0.012692964423196266,0.012977021515296793,0.013261078607397319,7,error
477,0.012577116834470192,0.013370999609296056,0.012974058221883123,0.013370999609296056,7,error
478,0.013131199146489619,0.012827280634268643,0.012979239890379132,0.013131199146489619,7,error
479,0.013224564515157959,0.012731001847736597,0.012977783181447277,0.013224564515157959,7,error
480,0.012505062337995792,0.013438411459844795,0.012971736898920293,0.013438411459844795,7,error
481,0.013282304912960133,0.01267074925850209,0.012976527085731111,0.013282304912960133,7,error
482,0.013142585129901666,0.0128156152043769,0.012979100167139282,0.013142585129901666,7,error
483,0.012379539100977737,0.013554134400203768,0.012966836750590752,0.013554134400203768,7,error
484,0.01349175792398462,0.012447490952994052,0.012969624438489336,0.01349175792398462,7,error
485,0.013077627392642788,0.012881893713526953,0.01297976055308487,0.013077627392642788,7,error
486,0.012225184421848846,0.013693514721774042,0.012959349571811444,0.013693514721774042,7,error
487,0.01366917064169277,0.01225239835885795,0.012960784500275359,0.01366917064169277,7,error
488,0.013029344419680833,0.012930728465379146,0.012980036442529989,0.013029344419680833,7,error
489,0.012156463802731377,0.013754558728473665,0.012955511265602522,0.013754558728473665,7,error
490,0.013780552081825917,0.012126990204839008,0.012953771143332463,0.013780552081825917,7,error
491,0.012828093940513543,0.013130404630201402,0.012979249285357472,0.013130404630201402,7,error
492,0.012328407361832666,0.013600658009613005,0.012964532685722835,0.013600658009613005,7,error
493,0.013812144407122896,0.012090997901690272,0.012951571154406583,0.013812144407122896,7,error
494,0.012556808195371043,0.01339007512362631,0.012973441659498677,0.01339007512362631,7,error
495,0.012498558883510565,0.01344446072387869,0.012971509803694627,0.01344446072387869,7,error
496,0.014072795021131419,0.011786598926152423,0.012929696973641921,0.014072795021131419,7,error
497,0.012154745988024959,0.013756075952046523,0.01295541097003574,0.013756075952046523,7,error
498,0.012546074942856237,0.013400131138868116,0.012973103040862176,0.013400131138868116,7,error
499,0.014498696490658006,0.011258567859280599,0.012878632174969302,0.014498696490658006,7,error
500,0.011682707748605296,0.014159163555183402,0.012920935651894349,0.014159163555183402,7,error
501,0.012567621122766564,0.013379928057680388,0.012973774590223475,0.013379928057680388,7,error
502,0.014415120906942315,0.011365376349213292,0.012890248628077803,0.014415120906942315,7,error
503,0.011900290893006505,0.013976787000737154,0.01293853894687183,0.013976787000737154,7,error
504,0.012612516839526695,0.013337614503645292,0.012975065671585993,0.013337614503645292,7,error
505,0.014066075391710576,0.011794619596773907,0.012930347494242243,0.014066075391710576,7,error
506,0.012054278795285414,0.013844199407354893,0.012949239101320153,0.013844199407354893,7,error
507,0.013752733514378258,0.01215852837509736,0.012955630944737808,0.013752733514378258,7,error
508,0.013339234552729659,0.012610801669027087,0.012975018110878374,0.013339234552729659,7,error
509,0.011276289820541133,0.014484917096316472,0.012880603458428803,0.014484917096316472,7,error
510,0.013248426382161166,0.012706170551753443,0.012977298466957304,0.013248426382161166,7,error
511,0.014245448324489315,0.011577334791962551,0.012911391558225932,0.014245448324489315,7,error
512,0.013179040413023913,0.01298012815400514,0.013079584283514526,0.013179040413023913,7,error
