k,gain_sin,gain_cos,gain_mean,gain_max,sample_index,jacobian
1,3.432484642502426,2.731723944400425,3.0821042934514256,3.432484642502426,0,fno
2,2.430941922261486,1.5081056356167648,1.9695237789391253,2.430941922261486,0,fno
3,0.8695725757898064,1.0792522389226173,0.9744124073562119,1.0792522389226173,0,fno
4,0.6610090642565872,0.8596717734487997,0.7603404188526934,0.8596717734487997,0,fno
5,0.8714360399085768,0.5790239667983265,0.7252300033534516,0.8714360399085768,0,fno
6,0.4171473567794867,0.6106860144090354,0.5139166855942611,0.6106860144090354,0,fno
7,0.4312534308862839,0.45541871794146854,0.44333607441387624,0.45541871794146854,0,fno
8,0.32490398028560113,0.4572541701036139,0.3910790751946075,0.4572541701036139,0,fno
9,0.276423035795621,0.35363627595894986,0.31502965587728543,0.35363627595894986,0,fno
10,0.3787536729021278,0.1979470627367875,0.28835036781945766,0.3787536729021278,0,fno
11,0.18526319841523245,0.3361985022769108,0.26073085034607163,0.3361985022769108,0,fno
12,0.17401514743218474,0.13582957173476531,0.15492235958347503,0.17401514743218474,0,fno
13,0.11098838389730267,0.0987272419488845,0.1048578129230936,0.11098838389730267,0,fno
14,0.04390926685181333,0.059361101206408404,0.05163518402911087,0.059361101206408404,0,fno
15,0.037360265678235846,0.02104229161836788,0.02920127864830186,0.037360265678235846,0,fno
16,0.016056156362581515,0.015668342959747575,0.015862249661164545,0.016056156362581515,0,fno
17,0.011858605414450423,0.016491532643114797,0.01417506902878261,0.016491532643114797,0,fno
18,0.015123481251706827,0.014796925848927583,0.014960203550317205,0.015123481251706827,0,fno
19,0.016516260641444673,0.013057007252934143,0.014786633947189407,0.016516260641444673,0,fno
20,0.016934632503176592,0.012560757609864526,0.014747695056520559,0.016934632503176592,0,fno
21,0.015920398468056585,0.013007934231143877,0.014464166349600231,0.015920398468056585,0,fno
22,0.01506606566135327,0.014205484568255563,0.014635775114804416,0.01506606566135327,0,fno
23,0.013145681866540315,0.01550007888715475,0.014322880376847532,0.01550007888715475,0,fno
24,0.012809490869045016,0.01601975633231418,0.014414623600679598,0.01601975633231418,0,fno
25,0.014556074587971701,0.014463738396921864,0.014509906492446783,0.014556074587971701,0,fno
26,0.015898082523311197,0.012958722341491544,0.014428402432401372,0.015898082523311197,0,fno
27,0.01593949683598877,0.013270302982501576,0.014604899909245173,0.01593949683598877,0,fno
28,0.014356111406387692,0.015312925469204014,0.014834518437795853,0.015312925469204014,0,fno
29,0.01303621073864233,0.016175474661340138,0.014605842699991234,0.016175474661340138,0,fno
30,0.013408840947408747,0.016069083429531023,0.014738962188469885,0.016069083429531023,0,fno
31,0.014878513952402684,0.014657014873356328,0.014767764412879506,0.014878513952402684,0,fno
32,0.016075884717514793,0.013439013710010939,0.014757449213762866,0.016075884717514793,0,fno
33,0.015775126173174243,0.013709734649763146,0.014742430411468693,0.015775126173174243,0,fno
34,0.01462050172127391,0.014951009651622934,0.014785755686448422,0.014951009651622934,0,fno
35,0.013636716838244863,0.015680722211994038,0.01465871952511945,0.015680722211994038,0,fno
36,0.01398757346071765,0.01539698105508983,0.01469227725790374,0.01539698105508983,0,fno
37,0.014889171929815207,0.01445745556585088,0.014673313747833042,0.014889171929815207,0,fno
38,0.01537301449054059,0.013806643777685382,0.014589829134112987,0.01537301449054059,0,fno
39,0.015229989360302856,0.014049052270722949,0.014639520815512903,0.015229989360302856,0,fno
40,0.01439989237797076,0.014741357687568245,0.014570625032769503,0.014741357687568245,0,fno
41,0.013964428687362326,0.01520325478117807,0.014583841734270197,0.01520325478117807,0,fno
42,0.014113144295852049,0.01497381353516827,0.01454347891551016,0.01497381353516827,0,fno
43,0.014652547259652822,0.014402524167304318,0.014527535713478569,0.014652547259652822,0,fno
44,0.015008221660887921,0.014013915802139346,0.014511068731513633,0.015008221660887921,0,fno
45,0.014782269165937173,0.01416189919836828,0.014472084182152727,0.014782269165937173,0,fno
46,0.014369346008184535,0.01460663135666649,0.014487988682425512,0.01460663135666649,0,fno
47,0.014048841090226557,0.014864454033342397,0.014456647561784476,0.014864454033342397,0,fno
48,0.014252199483571535,0.014684405031426106,0.01446830225749882,0.014684405031426106,0,fno
49,0.014670242710101214,0.01429688681723997,0.014483564763670593,0.014670242710101214,0,fno
50,0.01479432637828739,0.014177741843897076,0.014486034111092233,0.01479432637828739,0,fno
51,0.014650167497633199,0.014401809167729382,0.01452598833268129,0.014650167497633199,0,fno
52,0.014352024755195387,0.014700135934801512,0.01452608034499845,0.014700135934801512,0,fno
53,0.014331403227800955,0.01476843443415198,0.014549918830976467,0.01476843443415198,0,fno
54,0.01449535832828206,0.014623121727697268,0.014559240027989664,0.014623121727697268,0,fno
55,0.014659004945617008,0.014443963178325452,0.01455148406197123,0.014659004945617008,0,fno
56,0.014729625326411488,0.014406168646375476,0.014567896986393481,0.014729625326411488,0,fno
57,0.014571831950659935,0.014515724574129665,0.0145437782623948,0.014571831950659935,0,fno
58,0.014487833878725528,0.014641735643048404,0.014564784760886965,0.014641735643048404,0,fno
59,0.014438427103398974,0.014654155714011713,0.014546291408705343,0.014654155714011713,0,fno
60,0.014522901552926562,0.01457905918727936,0.01455098037010296,0.01457905918727936,0,fno
61,0.014617395382453118,0.014486358985756906,0.014551877184105012,0.014617395382453118,0,fno
62,0.014606996137851854,0.014463869633258407,0.01453543288555513,0.014606996137851854,0,fno
63,0.014586440024394456,0.014510113326691254,0.014548276675542855,0.014586440024394456,0,fno
64,0.014476651810926954,0.014577404450182914,0.014527028130554934,0.014577404450182914,0,fno
65,0.014474989943951562,0.014597096313853928,0.014536043128902745,0.014597096313853928,0,fno
66,0.014520441308329994,0.014543721700627406,0.0145320815044787,0.014543721700627406,0,fno
67,0.014561529077921447,0.014493706949192027,0.014527618013556738,0.014561529077921447,0,fno
68,0.014593260688238545,0.014492297296248884,0.014542778992243714,0.014593260688238545,0,fno
69,0.014530074956554484,0.014530012132738763,0.014530043544646622,0.014530074956554484,0,fno
70,0.014532675028849616,0.014565291178218863,0.014548983103534238,0.014565291178218863,0,fno
71,0.014515098435834603,0.01456621515932347,0.014540656797579037,0.01456621515932347,0,fno
72,0.014537223704608377,0.014559857850439763,0.01454854077752407,0.014559857850439763,0,fno
73,0.014563038371324655,0.01454444813392065,0.014553743252622653,0.014563038371324655,0,fno
74,0.014550743847428788,0.014543349180671017,0.014547046514049903,0.014550743847428788,0,fno
75,0.01457799391467456,0.01454483071124078,0.01456141231295767,0.01457799391467456,0,fno
76,0.014553015092528664,0.014548993773575485,0.014551004433052074,0.014553015092528664,0,fno
77,0.014557559580159765,0.01456502082993005,0.014561290205044907,0.01456502082993005,0,fno
78,0.014545892170518826,0.014569602594633387,0.014557747382576106,0.014569602594633387,0,fno
79,0.014543368952113452,0.014567877024796089,0.01455562298845477,0.014567877024796089,0,fno
80,0.014575243333093105,0.01454694846219085,0.014561095897641978,0.014575243333093105,0,fno
81,0.014564891578147287,0.01453694493294891,0.0145509182555481,0.014564891578147287,0,fno
82,0.014571231905734425,0.014545039423192763,0.014558135664463595,0.014571231905734425,0,fno
83,0.01454206598643794,0.014558412420387482,0.01455023920341271,0.014558412420387482,0,fno
84,0.01453227393031527,0.014568355641048348,0.01455031478568181,0.014568355641048348,0,fno
85,0.014546348769216426,0.014556941496341212,0.014551645132778818,0.014556941496341212,0,fno
86,0.014546092862930921,0.014543446620687425,0.014544769741809172,0.014546092862930921,0,fno
87,0.01456838782144054,0.014535601740640527,0.014551994781040533,0.01456838782144054,0,fno
88,0.014549395712859348,0.014539591180620424,0.014544493446739887,0.014549395712859348,0,fno
89,0.01454600997160582,0.014553963162560251,0.014549986567083036,0.014553963162560251,0,fno
90,0.014540765416309805,0.014556918353732363,0.014548841885021084,0.014556918353732363,0,fno
91,0.014539793496947959,0.014555119280380571,0.014547456388664264,0.014555119280380571,0,fno
92,0.01456185848606079,0.014543492281160269,0.01455267538361053,0.01456185848606079,0,fno
93,0.014554070914340637,0.014538616452601282,0.01454634368347096,0.014554070914340637,0,fno
94,0.01455923054570813,0.014545604938879733,0.014552417742293933,0.01455923054570813,0,fno
95,0.014543075007426487,0.014552829753364367,0.014547952380395426,0.014552829753364367,0,fno
96,0.014538844139103953,0.014559830994796671,0.014549337566950312,0.014559830994796671,0,fno
97,0.014549765076026391,0.014551990050957359,0.014550877563491875,0.014551990050957359,0,fno
98,0.014549156500161134,0.014545121933371001,0.014547139216766067,0.014549156500161134,0,fno
99,0.014562001852592932,0.014542910960749517,0.014552456406671225,0.014562001852592932,0,fno
100,0.014549140880341585,0.014546769655378105,0.014547955267859845,0.014549140880341585,0,fno
101,0.014547961492870902,0.014555206612410648,0.014551584052640775,0.014555206612410648,0,fno
102,0.014547553994246221,0.014553554349869909,0.014550554172058066,0.014553554349869909,0,fno
103,0.014547307208109565,0.014551185147236323,0.014549246177672944,0.014551185147236323,0,fno
104,0.014558671650141243,0.014545644298284024,0.014552157974212634,0.014558671650141243,0,fno
105,0.014550103829566221,0.01454524444063964,0.01454767413510293,0.014550103829566221,0,fno
106,0.014552283056228674,0.01455003407229291,0.014551158564260792,0.014552283056228674,0,fno
107,0.014545390626473774,0.014550904320997756,0.014548147473735765,0.014550904320997756,0,fno
108,0.01454493508838397,0.014552775071310885,0.014548855079847427,0.014552775071310885,0,fno
109,0.014551469546840144,0.014548378924782824,0.014549924235811484,0.014551469546840144,0,fno
110,0.014548347599203891,0.014546815894588313,0.014547581746896101,0.014548347599203891,0,fno
111,0.014554971388166651,0.014547073740126561,0.014551022564146606,0.014554971388166651,0,fno
112,0.01454826303159433,0.01454805102941334,0.014548157030503835,0.01454826303159433,0,fno
113,0.014549193742422393,0.014551516611833584,0.014550355177127989,0.014551516611833584,0,fno
114,0.014549956807241266,0.014549835179769497,0.014549895993505382,0.014549956807241266,0,fno
115,0.01454822993700728,0.014549771898464863,0.01454900091773607,0.014549771898464863,0,fno
116,0.014554001391663941,0.014547768542323513,0.014550884966993728,0.014554001391663941,0,fno
117,0.014548556300828758,0.014547771920462407,0.014548164110645582,0.014548556300828758,0,fno
118,0.01455087610611292,0.014550027381470551,0.014550451743791736,0.01455087610611292,0,fno
119,0.014547999267194826,0.014549445828523725,0.014548722547859275,0.014549445828523725,0,fno
120,0.014547558409803471,0.014550782945016853,0.014549170677410163,0.014550782945016853,0,fno
121,0.0145513794065948,0.014548532398751854,0.014549955902673327,0.0145513794065948,0,fno
122,0.014548478693790298,0.014548310961337102,0.0145483948275637,0.014548478693790298,0,fno
123,0.01455262152072404,0.014548617745329414,0.014550619633026727,0.01455262152072404,0,fno
124,0.014549159657525861,0.014548446405013689,0.014548803031269774,0.014549159657525861,0,fno
125,0.01454993013658536,0.014550315031967147,0.014550122584276255,0.014550315031967147,0,fno
126,0.01455047184136715,0.014549156579108177,0.014549814210237664,0.01455047184136715,0,fno
127,0.014548588078175812,0.014549597072664542,0.014549092575420176,0.014549597072664542,0,fno
128,0.014551882176730284,0.014548791009534632,0.014550336593132457,0.014551882176730284,0,fno
129,0.0145486589063945,0.014548507418680986,0.014548583162537744,0.0145486589063945,0,fno
130,0.014550314116962974,0.01454963690212384,0.014549975509543407,0.014550314116962974,0,fno
131,0.014549077483802542,0.01454887111782792,0.014548974300815231,0.014549077483802542,0,fno
132,0.014548569018012705,0.014549855801193919,0.014549212409603312,0.014549855801193919,0,fno
133,0.014550859881303597,0.014548734978198495,0.014549797429751047,0.014550859881303597,0,fno
134,0.014548924310099309,0.014548696943329659,0.014548810626714485,0.014548924310099309,0,fno
135,0.014551392603454293,0.014549000033735578,0.014550196318594937,0.014551392603454293,0,fno
136,0.014549521595654261,0.014548620388195292,0.014549070991924776,0.014549521595654261,0,fno
137,0.014549810830463871,0.014549784744428692,0.014549797787446282,0.014549810830463871,0,fno
138,0.01455028664847548,0.014549024431682775,0.014549655540079129,0.01455028664847548,0,fno
139,0.014548914113936537,0.01454938939385664,0.014549151753896587,0.01454938939385664,0,fno
140,0.014550890632981312,0.01454901712707898,0.014549953880030147,0.014550890632981312,0,fno
141,0.014548945119535129,0.014548728431012577,0.014548836775273853,0.014548945119535129,0,fno
142,0.0145499984070875,0.014549429878393293,0.014549714142740398,0.0145499984070875,0,fno
143,0.014549548610264453,0.014548837845540546,0.0145491932279025,0.014549548610264453,0,fno
144,0.014549138993658721,0.014549453765335785,0.014549296379497253,0.014549453765335785,0,fno
145,0.01455057335736698,0.014548860587377175,0.014549716972372078,0.01455057335736698,0,fno
146,0.014549292005985853,0.014548853322844417,0.014549072664415134,0.014549292005985853,0,fno
147,0.014550697949563264,0.014549176691062508,0.014549937320312886,0.014550697949563264,0,fno
148,0.014549659629326951,0.014548852795438133,0.014549256212382542,0.014549659629326951,0,fno
149,0.014549711950036492,0.01454954949756095,0.01454963072379872,0.014549711950036492,0,fno
150,0.014550143568892355,0.014548974126211556,0.014549558847551956,0.014550143568892355,0,fno
151,0.014549181415110147,0.014549225376611652,0.0145492033958609,0.014549225376611652,0,fno
152,0.014550360189057575,0.014549087408434368,0.014549723798745973,0.014550360189057575,0,fno
153,0.014549267293247148,0.014548849009558799,0.014549058151402974,0.014549267293247148,0,fno
154,0.014549866137704549,0.014549321407717867,0.014549593772711207,0.014549866137704549,0,fno
155,0.014549774145750715,0.014548859715331233,0.014549316930540974,0.014549774145750715,0,fno
156,0.014549428192665434,0.014549276165570158,0.014549352179117795,0.014549428192665434,0,fno
157,0.014550356668708114,0.014548954162070556,0.014549655415389336,0.014550356668708114,0,fno
158,0.014549486983070513,0.014548956094544234,0.014549221538807373,0.014549486983070513,0,fno
159,0.014550256340891007,0.014549213044748507,0.014549734692819758,0.014550256340891007,0,fno
160,0.014549718135872547,0.01454893298235241,0.014549325559112479,0.014549718135872547,0,fno
161,0.01454967109499836,0.014549366819069227,0.014549518957033793,0.01454967109499836,0,fno
162,0.014550017467965632,0.014549003269984678,0.014549510368975154,0.014550017467965632,0,fno
163,0.01454939378585084,0.01454913380371006,0.01454926379478045,0.01454939378585084,0,fno
164,0.014550104089158983,0.014549108963709208,0.014549606526434096,0.014550104089158983,0,fno
165,0.014549514353314698,0.014548921749018978,0.014549218051166837,0.014549514353314698,0,fno
166,0.014549814938985526,0.014549250316835245,0.014549532627910386,0.014549814938985526,0,fno
167,0.01454985124817677,0.01454893102528216,0.014549391136729465,0.01454985124817677,0,fno
168,0.014549592890428027,0.01454917879121568,0.014549385840821853,0.014549592890428027,0,fno
169,0.014550138022507823,0.014549031474379347,0.014549584748443586,0.014550138022507823,0,fno
170,0.014549610525414397,0.014549017767160092,0.014549314146287243,0.014549610525414397,0,fno
171,0.014550003251362058,0.014549198521549048,0.014549600886455554,0.014550003251362058,0,fno
172,0.014549757638701026,0.01454897525760914,0.014549366448155084,0.014549757638701026,0,fno
173,0.014549679349045124,0.014549254107057959,0.014549466728051541,0.014549679349045124,0,fno
174,0.014549926308115167,0.01454903141942539,0.014549478863770279,0.014549926308115167,0,fno
175,0.014549536849216805,0.014549094795064301,0.014549315822140554,0.014549536849216805,0,fno
176,0.014549972408979216,0.014549103143623733,0.014549537776301476,0.014549972408979216,0,fno
177,0.014549655987990658,0.014548976733799063,0.01454931636089486,0.014549655987990658,0,fno
178,0.014549797185463474,0.01454918994839441,0.014549493566928941,0.014549797185463474,0,fno
179,0.014549864783204185,0.014548993688113656,0.01454942923565892,0.014549864783204185,0,fno
180,0.01454966272790497,0.014549138867351288,0.014549400797628129,0.01454966272790497,0,fno
181,0.014549986938678353,0.014549075717926602,0.014549531328302476,0.014549986938678353,0,fno
182,0.014549681839824821,0.014549037823341384,0.014549359831583102,0.014549681839824821,0,fno
183,0.014549885652999183,0.014549162600499467,0.014549524126749324,0.014549885652999183,0,fno
184,0.014549779873214503,0.01454901273270938,0.014549396302961941,0.014549779873214503,0,fno
185,0.014549691002192416,0.014549180886315011,0.014549435944253713,0.014549691002192416,0,fno
186,0.01454987064850715,0.014549058617048366,0.014549464632777759,0.01454987064850715,0,fno
187,0.014549644832827372,0.01454908434324546,0.014549364588036417,0.014549644832827372,0,fno
188,0.014549882219348591,0.014549107774669919,0.014549494997009256,0.014549882219348591,0,fno
189,0.01454973186684868,0.014549010367992773,0.014549371117420726,0.01454973186684868,0,fno
190,0.01454978576795903,0.014549143371630565,0.014549464569794798,0.01454978576795903,0,fno
191,0.014549843560623808,0.014549034102480067,0.014549438831551936,0.014549843560623808,0,fno
192,0.014549703967199113,0.014549123543052541,0.014549413755125827,0.014549703967199113,0,fno
193,0.014549884358895857,0.014549094520884646,0.014549489439890251,0.014549884358895857,0,fno
194,0.014549726984469831,0.014549046281270156,0.014549386632869993,0.014549726984469831,0,fno
195,0.014549829026962967,0.014549133478032165,0.014549481252497566,0.014549829026962967,0,fno
196,0.01454979408014328,0.014549036316229818,0.01454941519818655,0.01454979408014328,0,fno
197,0.014549722916093145,0.014549135403119251,0.014549429159606199,0.014549722916093145,0,fno
198,0.014549829435694646,0.014549078693048579,0.014549454064371612,0.014549829435694646,0,fno
199,0.014549705029727725,0.014549083726936172,0.01454939437833195,0.014549705029727725,0,fno
200,0.014549830271528086,0.014549104812203412,0.01454946754186575,0.014549830271528086,0,fno
201,0.01454976820311558,0.014549033925285362,0.014549401064200471,0.01454976820311558,0,fno
202,0.014549781612990866,0.014549114760842207,0.014549448186916537,0.014549781612990866,0,fno
203,0.01454981349249892,0.014549063113648694,0.014549438303073807,0.01454981349249892,0,fno
204,0.014549728618520311,0.014549103610969399,0.014549416114744855,0.014549728618520311,0,fno
205,0.014549823712691727,0.014549101032979172,0.014549462372835449,0.014549823712691727,0,fno
206,0.014549754841589662,0.014549062621773629,0.014549408731681646,0.014549754841589662,0,fno
207,0.014549802822426329,0.014549105356672748,0.014549454089549538,0.014549802822426329,0,fno
208,0.014549791598204869,0.014549053657284473,0.014549422627744672,0.014549791598204869,0,fno
209,0.014549746975982492,0.0145491123660551,0.014549429671018795,0.014549746975982492,0,fno
210,0.014549799144665044,0.014549088229200627,0.014549443686932836,0.014549799144665044,0,fno
211,0.014549734231819404,0.014549085782016254,0.01454941000691783,0.014549734231819404,0,fno
212,0.014549809007472839,0.014549094940307556,0.014549451973890197,0.014549809007472839,0,fno
213,0.01454978385598672,0.014549050863863603,0.014549417359925161,0.01454978385598672,0,fno
214,0.01454978044211336,0.014549096219702462,0.01454943833090791,0.01454978044211336,0,fno
215,0.014549796995426956,0.014549075470320114,0.014549436232873535,0.014549796995426956,0,fno
216,0.014549744779921771,0.014549102568520841,0.014549423674221306,0.014549744779921771,0,fno
217,0.014549795944381856,0.014549097424068885,0.014549446684225371,0.014549795944381856,0,fno
218,0.014549763933112091,0.014549070535780488,0.01454941723444629,0.014549763933112091,0,fno
219,0.014549794568484195,0.014549090383564795,0.014549442476024495,0.014549794568484195,0,fno
220,0.014549789417328455,0.014549069343602132,0.014549429380465294,0.014549789417328455,0,fno
221,0.014549756746435716,0.014549101434923316,0.014549429090679515,0.014549756746435716,0,fno
222,0.014549779958068148,0.014549094750207398,0.014549437354137773,0.014549779958068148,0,fno
223,0.014549751101015649,0.014549085813054684,0.014549418457035166,0.014549751101015649,0,fno
224,0.014549791458757438,0.014549088608886714,0.014549440033822076,0.014549791458757438,0,fno
225,0.01454978550143972,0.014549064913626727,0.014549425207533224,0.01454978550143972,0,fno
226,0.014549778657787657,0.01454908853140706,0.014549433594597358,0.014549778657787657,0,fno
227,0.014549778702077732,0.01454908576461258,0.014549432233345157,0.014549778702077732,0,fno
228,0.014549757840912718,0.01454909566717472,0.014549426754043719,0.014549757840912718,0,fno
229,0.014549781500330157,0.014549096077014089,0.014549438788672122,0.014549781500330157,0,fno
230,0.014549770913865967,0.014549075796417451,0.01454942335514171,0.014549770913865967,0,fno
231,0.014549785358158285,0.014549084943857019,0.014549435151007652,0.014549785358158285,0,fno
232,0.014549783213910926,0.01454907430508336,0.014549428759497142,0.014549783213910926,0,fno
233,0.014549761216953961,0.014549096766366974,0.014549428991660469,0.014549761216953961,0,fno
234,0.014549772868904473,0.014549092853967455,0.014549432861435965,0.014549772868904473,0,fno
235,0.014549761131449046,0.014549089120871933,0.01454942512616049,0.014549761131449046,0,fno
236,0.014549781423169553,0.014549087497148082,0.014549434460158817,0.014549781423169553,0,fno
237,0.014549781991499285,0.014549071217008358,0.014549426604253821,0.014549781991499285,0,fno
238,0.014549775686385255,0.014549086902346391,0.014549431294365823,0.014549775686385255,0,fno
239,0.014549776906293947,0.014549083107371711,0.014549430006832828,0.014549776906293947,0,fno
240,0.014549761462264908,0.014549094401893113,0.014549427932079011,0.014549761462264908,0,fno
241,0.014549775292207568,0.014549091958077113,0.014549433625142341,0.014549775292207568,0,fno
242,0.014549771286395424,0.014549082038472484,0.014549426662433954,0.014549771286395424,0,fno
243,0.014549780810649964,0.014549084144009293,0.014549432477329628,0.014549780810649964,0,fno
244,0.014549777272486934,0.014549079405593825,0.014549428339040379,0.014549777272486934,0,fno
245,0.014549767307486883,0.014549089345613246,0.014549428326550064,0.014549767307486883,0,fno
246,0.014549770219216157,0.014549091308340902,0.014549430763778529,0.014549770219216157,0,fno
247,0.01454976634358118,0.014549088721356561,0.014549427532468871,0.01454976634358118,0,fno
248,0.014549775179952646,0.014549085875015319,0.014549430527483982,0.014549775179952646,0,fno
249,0.014549775922422976,0.014549080066464005,0.01454942799444349,0.014549775922422976,0,fno
250,0.014549776350930667,0.014549083179884376,0.014549429765407521,0.014549776350930667,0,fno
251,0.014549773214596991,0.014549083427123417,0.014549428320860204,0.014549773214596991,0,fno
252,0.01454976709990216,0.014549091192288642,0.0145494291460954,0.01454976709990216,0,fno
253,0.014549769691625978,0.014549089940148101,0.01454942981588704,0.014549769691625978,0,fno
254,0.014549770933545515,0.014549084321468907,0.014549427627507211,0.014549770933545515,0,fno
255,0.014549773246357705,0.01454908714659438,0.014549430196476042,0.014549773246357705,0,fno
256,0.014549773791473358,0.014549079707466163,0.014549426749469761,0.014549773791473358,0,fno
257,0.014549770824057605,0.014549088244773016,0.01454942953441531,0.014549770824057605,0,fno
258,0.01454977333791418,0.014549084369681721,0.01454942885379795,0.01454977333791418,0,fno
259,0.0145497647495286,0.014549088792767773,0.014549426771148188,0.0145497647495286,0,fno
260,0.014549768282976503,0.014549090902076015,0.01454942959252626,0.014549768282976503,0,fno
261,0.014549771449971898,0.01454908460221846,0.014549428026095178,0.014549771449971898,0,fno
262,0.014549774366386674,0.014549082624697047,0.01454942849554186,0.014549774366386674,0,fno
263,0.014549775493351815,0.014549079008901313,0.014549427251126564,0.014549775493351815,0,fno
264,0.01454976751006297,0.014549086427021678,0.014549426968542323,0.01454976751006297,0,fno
265,0.014549769165622178,0.014549089674392456,0.014549429420007316,0.014549769165622178,0,fno
266,0.014549765459148418,0.01454909326577811,0.014549429362463263,0.014549765459148418,0,fno
267,0.014549766442062751,0.014549089514440061,0.014549427978251407,0.014549766442062751,0,fno
268,0.014549773100266134,0.014549079418395002,0.014549426259330568,0.014549773100266134,0,fno
269,0.014549774411604157,0.0145490820033421,0.014549428207473129,0.014549774411604157,0,fno
270,0.014549773156527543,0.0145490831272941,0.014549428141910821,0.014549773156527543,0,fno
271,0.01454976469952215,0.01454909202275692,0.014549428361139535,0.01454976469952215,0,fno
272,0.014549763951909662,0.014549092432556976,0.01454942819223332,0.014549763951909662,0,fno
273,0.014549765265700463,0.01454908645471403,0.014549425860207247,0.014549765265700463,0,fno
274,0.014549774968922713,0.01454908266013996,0.014549428814531336,0.014549774968922713,0,fno
275,0.01454977793234325,0.01454907819416622,0.014549428063254734,0.01454977793234325,0,fno
276,0.014549771818944828,0.014549083944886191,0.01454942788191551,0.014549771818944828,0,fno
277,0.01454976410345523,0.014549092518504659,0.014549428310979945,0.01454976410345523,0,fno
278,0.014549759410179476,0.014549094044125147,0.014549426727152311,0.014549759410179476,0,fno
279,0.014549765095404942,0.014549091185882611,0.014549428140643778,0.014549765095404942,0,fno
280,0.014549772450417902,0.014549081235403227,0.014549426842910565,0.014549772450417902,0,fno
281,0.01454977946571637,0.014549075304248212,0.014549427384982291,0.01454977946571637,0,fno
282,0.014549773106429917,0.014549083112417902,0.01454942810942391,0.014549773106429917,0,fno
283,0.014549760941574012,0.0145490915232906,0.014549426232432307,0.014549760941574012,0,fno
284,0.014549760289878618,0.014549092272035208,0.014549426280956913,0.014549760289878618,0,fno
285,0.014549762357948212,0.014549090888130027,0.01454942662303912,0.014549762357948212,0,fno
286,0.014549774743633287,0.014549084169907215,0.014549429456770251,0.014549774743633287,0,fno
287,0.014549781076624553,0.014549074726702709,0.014549427901663631,0.014549781076624553,0,fno
288,0.014549771077833862,0.014549079062897218,0.014549425070365541,0.014549771077833862,0,fno
289,0.014549759042418843,0.014549094993537267,0.014549427017978055,0.014549759042418843,0,fno
290,0.014549757566308169,0.014549095616511213,0.014549426591409691,0.014549757566308169,0,fno
291,0.014549760972040473,0.014549093137029187,0.01454942705453483,0.014549760972040473,0,fno
292,0.014549775802624218,0.014549080330532115,0.014549428066578166,0.014549775802624218,0,fno
293,0.014549779497991825,0.014549074152861535,0.014549426825426679,0.014549779497991825,0,fno
294,0.014549770220221496,0.014549082428579272,0.014549426324400384,0.014549770220221496,0,fno
295,0.014549762218620482,0.014549092103870788,0.014549427161245635,0.014549762218620482,0,fno
296,0.014549755517186026,0.014549098225948121,0.014549426871567073,0.014549755517186026,0,fno
297,0.014549763857080606,0.01454909023309139,0.014549427045085998,0.014549763857080606,0,fno
298,0.014549775479751509,0.014549078246163935,0.014549426862957722,0.014549775479751509,0,fno
299,0.014549778641073197,0.014549074552074647,0.014549426596573923,0.014549778641073197,0,fno
300,0.014549772646523698,0.014549079869183083,0.01454942625785339,0.014549772646523698,0,fno
301,0.014549759061273985,0.014549093277458637,0.01454942616936631,0.014549759061273985,0,fno
302,0.014549757647506607,0.014549097740690088,0.014549427694098348,0.014549757647506607,0,fno
303,0.014549762717659983,0.014549091930286757,0.01454942732397337,0.014549762717659983,0,fno
304,0.014549774541025587,0.014549078033421318,0.014549426287223452,0.014549774541025587,0,fno
305,0.014549779574286647,0.014549075069627295,0.014549427321956972,0.014549779574286647,0,fno
306,0.014549769510637366,0.014549080689720792,0.014549425100179078,0.014549769510637366,0,fno
307,0.014549759978063934,0.014549091423213836,0.014549425700638885,0.014549759978063934,0,fno
308,0.01454975774608302,0.014549096114791148,0.014549426930437084,0.01454975774608302,0,fno
309,0.014549759102473782,0.014549091797830257,0.01454942545015202,0.014549759102473782,0,fno
310,0.014549771363601317,0.014549082144078058,0.014549426753839688,0.014549771363601317,0,fno
311,0.014549775470729111,0.014549076935735459,0.014549426203232286,0.014549775470729111,0,fno
312,0.01454976980739186,0.014549081848026463,0.014549425827709163,0.01454976980739186,0,fno
313,0.014549761575788921,0.014549089423623126,0.014549425499706024,0.014549761575788921,0,fno
314,0.01454975369400985,0.014549094850507361,0.014549424272258606,0.01454975369400985,0,fno
315,0.014549761594988556,0.014549093702366594,0.014549427648677575,0.014549761594988556,0,fno
316,0.014549769417632925,0.014549083240852507,0.014549426329242717,0.014549769417632925,0,fno
317,0.014549775514933243,0.01454907367407196,0.014549424594502602,0.014549775514933243,0,fno
318,0.014549773476842397,0.014549080181204226,0.014549426829023313,0.014549773476842397,0,fno
319,0.014549762503375828,0.014549088608181453,0.01454942555577864,0.014549762503375828,0,fno
320,0.014549756956967289,0.01454909536663328,0.014549426161800286,0.014549756956967289,0,fno
321,0.01454975880503724,0.0145490951857183,0.01454942699537777,0.01454975880503724,0,fno
322,0.01454976543527353,0.014549085569349819,0.014549425502311674,0.01454976543527353,0,fno
323,0.014549772881725466,0.0145490792552785,0.014549426068501983,0.014549772881725466,0,fno
324,0.014549773811770072,0.014549077239613226,0.014549425525691648,0.014549773811770072,0,fno
325,0.014549767632915349,0.01454908505463906,0.014549426343777205,0.014549767632915349,0,fno
326,0.014549757063338936,0.014549097151394335,0.014549427107366637,0.014549757063338936,0,fno
327,0.014549751251788291,0.014549098344921591,0.014549424798354941,0.014549751251788291,0,fno
328,0.014549762349290021,0.014549087552076154,0.014549424950683088,0.014549762349290021,0,fno
329,0.014549773976931224,0.01454907771689763,0.014549425846914427,0.014549773976931224,0,fno
330,0.01454977725362502,0.014549074873396278,0.014549426063510649,0.01454977725362502,0,fno
331,0.014549770500151509,0.014549082303930113,0.014549426402040811,0.014549770500151509,0,fno
332,0.014549757693189612,0.014549092790809645,0.014549425241999628,0.014549757693189612,0,fno
333,0.014549748828492323,0.014549101682223847,0.014549425255358085,0.014549748828492323,0,fno
334,0.014549758777147854,0.01454909231616526,0.014549425546656558,0.014549758777147854,0,fno
335,0.014549772265560527,0.014549076997596867,0.014549424631578697,0.014549772265560527,0,fno
336,0.01454978585350995,0.014549065083639966,0.014549425468574958,0.01454978585350995,0,fno
337,0.014549774139844183,0.014549076565975943,0.014549425352910064,0.014549774139844183,0,fno
338,0.014549753529761199,0.014549097910284896,0.014549425720023048,0.014549753529761199,0,fno
339,0.014549747042059845,0.014549105218969651,0.014549426130514749,0.014549747042059845,0,fno
340,0.01454975152342921,0.014549097753639358,0.014549424638534283,0.01454975152342921,0,fno
341,0.014549774804891934,0.014549076233661017,0.014549425519276475,0.014549774804891934,0,fno
342,0.014549790576950085,0.014549061835732563,0.014549426206341323,0.014549790576950085,0,fno
343,0.014549779392982102,0.01454907000843685,0.014549424700709475,0.014549779392982102,0,fno
344,0.014549748278682663,0.014549102525874404,0.014549425402278535,0.014549748278682663,0,fno
345,0.014549737068396873,0.014549116573528689,0.014549426820962781,0.014549737068396873,0,fno
346,0.014549746825757274,0.014549103243930415,0.014549425034843844,0.014549746825757274,0,fno
347,0.014549780399160989,0.01454906687929108,0.014549423639226036,0.014549780399160989,0,fno
348,0.014549803607454944,0.014549048606733507,0.014549426107094227,0.014549803607454944,0,fno
349,0.014549784415079852,0.014549067578788539,0.014549425996934196,0.014549784415079852,0,fno
350,0.014549740018627558,0.014549109469013003,0.014549424743820281,0.014549740018627558,0,fno
351,0.014549716077731704,0.014549132409283799,0.01454942424350775,0.014549716077731704,0,fno
352,0.014549743131234302,0.014549105981716534,0.014549424556475418,0.014549743131234302,0,fno
353,0.01454979583391921,0.014549056402173955,0.014549426118046584,0.01454979583391921,0,fno
354,0.014549822807175474,0.014549030319179966,0.01454942656317772,0.014549822807175474,0,fno
355,0.014549786251162893,0.014549061766048324,0.014549424008605608,0.014549786251162893,0,fno
356,0.014549718107214539,0.014549129235821271,0.014549423671517906,0.014549718107214539,0,fno
357,0.01454969310269494,0.014549157203168274,0.014549425152931606,0.01454969310269494,0,fno
358,0.01454974268948943,0.014549108133009647,0.01454942541124954,0.01454974268948943,0,fno
359,0.01454982130475163,0.014549029931444692,0.01454942561809816,0.01454982130475163,0,fno
360,0.014549848286475865,0.014549000246526419,0.014549424266501142,0.014549848286475865,0,fno
361,0.014549784468711231,0.014549063164885388,0.014549423816798308,0.014549784468711231,0,fno
362,0.014549686485772432,0.014549165471113916,0.014549425978443175,0.014549686485772432,0,fno
363,0.014549656711662355,0.014549195165979262,0.014549425938820809,0.014549656711662355,0,fno
364,0.01454974269564562,0.014549106622712396,0.014549424659179008,0.01454974269564562,0,fno
365,0.014549862939708655,0.01454898641975178,0.014549424679730218,0.014549862939708655,0,fno
366,0.014549887393301994,0.014548961682020361,0.014549424537661178,0.014549887393301994,0,fno
367,0.014549776467477767,0.01454907330082482,0.014549424884151294,0.014549776467477767,0,fno
368,0.014549627529553646,0.014549223498855417,0.014549425514204531,0.014549627529553646,0,fno
369,0.014549606634954748,0.014549243459043347,0.014549425046999048,0.014549606634954748,0,fno
370,0.01454975808037127,0.014549091376374843,0.014549424728373056,0.01454975808037127,0,fno
371,0.014549936017863006,0.01454891546500515,0.014549425741434079,0.014549936017863006,0,fno
372,0.014549950170110012,0.014548897838025118,0.014549424004067564,0.014549950170110012,0,fno
373,0.014549756738043448,0.014549092919053418,0.014549424828548433,0.014549756738043448,0,fno
374,0.014549537608678463,0.014549310931752298,0.01454942427021538,0.014549537608678463,0,fno
375,0.01454953250076109,0.014549314560712569,0.014549423530736828,0.01454953250076109,0,fno
376,0.014549779913768504,0.014549071117929835,0.01454942551584917,0.014549779913768504,0,fno
377,0.014550042539695157,0.0145488073418751,0.014549424940785129,0.014550042539695157,0,fno
378,0.014550038393332465,0.014548812397432572,0.01454942539538252,0.014550038393332465,0,fno
379,0.014549738574529465,0.014549112563825257,0.014549425569177361,0.014549738574529465,0,fno
380,0.014549411504494927,0.014549437455969594,0.01454942448023226,0.014549437455969594,0,fno
381,0.014549414798867184,0.01454943415510122,0.014549424476984202,0.01454943415510122,0,fno
382,0.014549800365889657,0.01454904840297889,0.014549424384434274,0.014549800365889657,0,fno
383,0.014550200516291027,0.014548646843899973,0.0145494236800955,0.014550200516291027,0,fno
384,0.014550201318004937,0.014548649760257552,0.014549425539131244,0.014550201318004937,0,fno
385,0.0145497241511756,0.014549126740158012,0.014549425445666807,0.0145497241511756,0,fno
386,0.01454920754331473,0.0145496405989158,0.014549424071115265,0.0145496405989158,0,fno
387,0.014549200761252913,0.014549649620771278,0.014549425191012096,0.014549649620771278,0,fno
388,0.014549794382376592,0.014549054198896346,0.014549424290636468,0.014549794382376592,0,fno
389,0.014550464614193402,0.014548379586660744,0.014549422100427072,0.014550464614193402,0,fno
390,0.014550500769548044,0.014548348932146547,0.014549424850847295,0.014550500769548044,0,fno
391,0.014549739788130017,0.014549114761900362,0.01454942727501519,0.014549739788130017,0,fno
392,0.014548847826479867,0.014550000293112065,0.014549424059795965,0.014550000293112065,0,fno
393,0.014548775685403291,0.014550071543122881,0.014549423614263087,0.014550071543122881,0,fno
394,0.014549777100635663,0.014549069952295003,0.014549423526465332,0.014549777100635663,0,fno
395,0.014550962459698943,0.014547885938036128,0.014549424198867535,0.014550962459698943,0,fno
396,0.014551074146271558,0.014547776252456021,0.01454942519936379,0.014551074146271558,0,fno
397,0.014549740455189456,0.014549107612029065,0.01454942403360926,0.014549740455189456,0,fno
398,0.014548140489911968,0.014550709864308007,0.014549425177109988,0.014550709864308007,0,fno
399,0.014548025287506192,0.014550824491022884,0.014549424889264539,0.014550824491022884,0,fno
400,0.014549838895886447,0.01454901072436768,0.014549424810127064,0.014549838895886447,0,fno
401,0.014551951610481647,0.01454689334207309,0.014549422476277368,0.014551951610481647,0,fno
402,0.01455202440291188,0.014546823353984405,0.014549423878448143,0.01455202440291188,0,fno
403,0.014549535373223038,0.014549314934293192,0.014549425153758115,0.014549535373223038,0,fno
404,0.014546787296994504,0.014552058487564508,0.014549422892279507,0.014552058487564508,0,fno
405,0.014546881139925777,0.014551968771192256,0.014549424955559016,0.014551968771192256,0,fno
406,0.01455028183159803,0.01454856892508677,0.0145494253783424,0.01455028183159803,0,fno
407,0.014553746349781883,0.014545099660682133,0.014549423005232008,0.014553746349781883,0,fno
408,0.014553309781996164,0.014545537831628489,0.014549423806812328,0.014553309781996164,0,fno
409,0.014548725580006003,0.014550122838952895,0.01454942420947945,0.014550122838952895,0,fno
410,0.014544500950294609,0.01455434497692958,0.014549422963612094,0.01455434497692958,0,fno
411,0.014545554683082556,0.01455329430420583,0.014549424493644193,0.01455329430420583,0,fno
412,0.014551590840936159,0.014547255986812908,0.014549423413874534,0.014551590840936159,0,fno
413,0.01455651886907356,0.014542326183956143,0.014549422526514852,0.01455651886907356,0,fno
414,0.014554524508627441,0.014544323781544731,0.014549424145086087,0.014554524508627441,0,fno
415,0.014546820316003788,0.01455202580831363,0.014549423062158708,0.01455202580831363,0,fno
416,0.014541335597040007,0.014557508855409445,0.014549422226224726,0.014557508855409445,0,fno
417,0.014544615165626105,0.014554232061741279,0.014549423613683693,0.014554232061741279,0,fno
418,0.014554107272473684,0.014544738175846844,0.014549422724160264,0.014554107272473684,0,fno
419,0.01455987921600575,0.014538961130180753,0.014549420173093252,0.01455987921600575,0,fno
420,0.014555017195294936,0.014543829853687554,0.014549423524491244,0.014555017195294936,0,fno
421,0.0145437963662158,0.014555049074568156,0.014549422720391978,0.014555049074568156,0,fno
422,0.01453807080628995,0.014560768752738361,0.014549419779514156,0.014560768752738361,0,fno
423,0.014544659484509611,0.01455418842789042,0.014549423956200016,0.01455418842789042,0,fno
424,0.014557302660889539,0.014541539675911281,0.01454942116840041,0.014557302660889539,0,fno
425,0.014562649952270234,0.014536186024350034,0.014549417988310134,0.014562649952270234,0,fno
426,0.014554519009407242,0.014544329634801985,0.014549424322104614,0.014554519009407242,0,fno
427,0.014540987405190654,0.014557855696353835,0.014549421550772244,0.014557855696353835,0,fno
428,0.014536163229693817,0.01456267208408768,0.014549417656890749,0.01456267208408768,0,fno
429,0.014545223847122918,0.014553622569999173,0.014549423208561046,0.014553622569999173,0,fno
430,0.014558887601094746,0.014539955364034426,0.014549421482564585,0.014558887601094746,0,fno
431,0.014563372831342677,0.014535462617593056,0.014549417724467866,0.014563372831342677,0,fno
432,0.014554653867012433,0.01454419359448945,0.014549423730750941,0.014554653867012433,0,fno
433,0.014541735977735977,0.01455710758752306,0.014549421782629518,0.01455710758752306,0,fno
434,0.014536694461703076,0.014562140654164335,0.014549417557933705,0.014562140654164335,0,fno
435,0.014543113800459183,0.014555732831708822,0.014549423316084002,0.014555732831708822,0,fno
436,0.014554536765917397,0.01454430938909417,0.014549423077505784,0.014554536765917397,0,fno
437,0.014561949008138765,0.014536888194927948,0.014549418601533356,0.014561949008138765,0,fno
438,0.014560555224366733,0.014538284421885617,0.014549419823126176,0.014560555224366733,0,fno
439,0.0145509663710838,0.014547881263520471,0.014549423817302135,0.0145509663710838,0,fno
440,0.01453812875294617,0.014560710508944764,0.014549419630945467,0.014560710508944764,0,fno
441,0.014531070551401657,0.014567753860651955,0.014549412206026806,0.014567753860651955,0,fno
442,0.014539235951683284,0.014559604696828635,0.01454942032425596,0.014559604696828635,0,fno
443,0.014562060252665964,0.014536779645925467,0.014549419949295716,0.014562060252665964,0,fno
444,0.014581502974964996,0.014517274700830066,0.01454938883789753,0.014581502974964996,0,fno
445,0.014573222081540011,0.014525582947510232,0.014549402514525122,0.014573222081540011,0,fno
446,0.014534124189609667,0.014564708611744323,0.014549416400676994,0.014564708611744323,0,fno
447,0.014497846083170134,0.014600821060838503,0.014549333572004318,0.014600821060838503,0,fno
448,0.014509504557278115,0.014589235263600682,0.014549369910439399,0.014589235263600682,0,fno
449,0.014573013311271732,0.0145257950921815,0.014549404201726616,0.014573013311271732,0,fno
450,0.014629960510065815,0.014468437272068348,0.01454919889106708,0.014629960510065815,0,fno
451,0.014610039781177869,0.014488556495751993,0.014549298138464931,0.014610039781177869,0,fno
452,0.01451244832661196,0.01458630603462124,0.0145493771806166,0.01458630603462124,0,fno
453,0.014429872680908803,0.014667998430627981,0.014548935555768392,0.014667998430627981,0,fno
454,0.014465790829560834,0.014632579362762622,0.014549185096161727,0.014632579362762622,0,fno
455,0.014609677838887765,0.014488921499076695,0.014549299668982229,0.014609677838887765,0,fno
456,0.014719410785573681,0.014377427409776454,0.014548419097675068,0.014719410785573681,0,fno
457,0.014658526629188085,0.01443949682910192,0.014549011729145002,0.014658526629188085,0,fno
458,0.014454849971513896,0.014643385541833833,0.014549117756673864,0.014643385541833833,0,fno
459,0.014311965718037417,0.014783067092892052,0.014547516405464735,0.014783067092892052,0,fno
460,0.014413854634608222,0.014683742195451951,0.014548798415030087,0.014683742195451951,0,fno
461,0.014692919355941947,0.014404499770544678,0.014548709563243313,0.014692919355941947,0,fno
462,0.014862656677633687,0.01422929959671467,0.01454597813717418,0.014862656677633687,0,fno
463,0.014709051405184602,0.014388023718253172,0.014548537561718887,0.014709051405184602,0,fno
464,0.01433661749987324,0.014759159643910303,0.014547888571891772,0.014759159643910303,0,fno
465,0.01412955849707441,0.01495750861003786,0.014543533553556136,0.01495750861003786,0,fno
466,0.014366900664443572,0.01472968601629852,0.014548293340371046,0.01472968601629852,0,fno
467,0.014848817124648668,0.01424374251028904,0.014546279817468855,0.014848817124648668,0,fno
468,0.015070449469449907,0.014009034840724152,0.01453974215508703,0.015070449469449907,0,fno
469,0.014743353384911013,0.0143528714302113,0.014548112407561157,0.014743353384911013,0,fno
470,0.014123899646506923,0.014962851792043277,0.0145433757192751,0.014962851792043277,0,fno
471,0.01387274583732441,0.015195997557594036,0.014534371697459223,0.015195997557594036,0,fno
472,0.014354489152702966,0.014741781332992577,0.014548135242847772,0.014741781332992577,0,fno
473,0.015105764420020353,0.013970949203351537,0.014538356811685945,0.015105764420020353,0,fno
474,0.01533579490725862,0.013718052036435358,0.01452692347184699,0.01533579490725862,0,fno
475,0.014725796613531092,0.01437088600797774,0.014548341310754415,0.014725796613531092,0,fno
476,0.01378334163491057,0.01527713603784357,0.01453023883637707,0.01527713603784357,0,fno
477,0.013547388276301513,0.015486760382961706,0.01451707432963161,0.015486760382961706,0,fno
478,0.014411903332616976,0.01468565407647557,0.014548778704546274,0.01468565407647557,0,fno
479,0.015479526454002121,0.013555650769963188,0.014517588611982653,0.015479526454002121,0,fno
480,0.015635354670066104,0.013375622284121903,0.014505488477094004,0.015635354670066104,0,fno
481,0.01460776877430817,0.014490846087002168,0.014549307430655169,0.01460776877430817,0,fno
482,0.013295882878173874,0.015703213967842772,0.014499548423008324,0.015703213967842772,0,fno
483,0.013214147663727287,0.015772056320175462,0.014493101991951375,0.015772056320175462,0,fno
484,0.014595155867400105,0.014503546739350432,0.014549351303375268,0.014595155867400105,0,fno
485,0.015941925616071363,0.013008704416338768,0.014475315016205066,0.015941925616071363,0,fno
486,0.015914664307308944,0.013042045697002107,0.014478355002155526,0.015914664307308944,0,fno
487,0.014385637632506358,0.014711388427093389,0.014548513029799873,0.014711388427093389,0,fno
488,0.012697813605242799,0.016190643011368803,0.014444228308305801,0.016190643011368803,0,fno
489,0.012902741877109247,0.016027811731667792,0.01446527680438852,0.016027811731667792,0,fno
490,0.014889396146430502,0.014201315887445007,0.014545356016937756,0.014889396146430502,0,fno
491,0.016444838785060246,0.012366839508559394,0.01440583914680982,0.016444838785060246,0,fno
492,0.016095410567601706,0.012818316212135502,0.014456863389868603,0.016095410567601706,0,fno
493,0.014004688611600319,0.015074487277477415,0.014539587944538867,0.015074487277477415,0,fno
494,0.012060917676102767,0.016670507030115772,0.01436571235310927,0.016670507030115772,0,fno
495,0.012685813437236971,0.01620004643651886,0.014442929936877916,0.01620004643651886,0,fno
496,0.015194415917920272,0.013874479080088844,0.014534447499004559,0.015194415917920272,0,fno
497,0.016898743553054613,0.011738995007470679,0.014318869280262646,0.016898743553054613,0,fno
498,0.016280002089809568,0.012583041564232598,0.014431521827021083,0.016280002089809568,0,fno
499,0.013655720188125066,0.015391321285652943,0.014523520736889005,0.015391321285652943,0,fno
500,0.011420634751161035,0.01711550649997254,0.014268070625566788,0.01711550649997254,0,fno
501,0.01253193115576754,0.016319379636180412,0.014425655395973977,0.016319379636180412,0,fno
502,0.01554645875008858,0.01347883741181653,0.014512648080952555,0.01554645875008858,0,fno
503,0.017258998165896787,0.011202609442222304,0.014230803804059545,0.017258998165896787,0,fno
504,0.016359143577604346,0.012479981839790918,0.014419562708697632,0.016359143577604346,0,fno
505,0.013377024378494145,0.01563414819169434,0.014505586285094244,0.01563414819169434,0,fno
506,0.011099459203793925,0.01732551317972415,0.014212486191759037,0.01732551317972415,0,fno
507,0.012734935713542325,0.01616146349036792,0.014448199601955123,0.01616146349036792,0,fno
508,0.01556655158520292,0.013455632413689488,0.014511091999446203,0.01556655158520292,0,fno
509,0.01658254864555515,0.012181564504140655,0.014382056574847903,0.01658254864555515,0,fno
510,0.016226445570554224,0.012652029769186205,0.014439237669870215,0.016226445570554224,0,fno
511,0.011560498334691279,0.017021350868225305,0.014290924601458293,0.017021350868225305,0,fno
512,0.07254912434742454,0.01454942283512462,0.04354927359127458,0.07254912434742454,0,fno
1,3.59149644133514,2.9111871937278715,3.2513418175315056,3.59149644133514,0,solver
2,2.573293343099801,1.4245968690840398,1.9989451060919206,2.573293343099801,0,solver
3,0.8697309727294874,1.0690735431536957,0.9694022579415915,1.0690735431536957,0,solver
4,0.695374488509332,0.8727572497365841,0.7840658691229581,0.8727572497365841,0,solver
5,0.9400218430068771,0.6061534474015005,0.7730876452041888,0.9400218430068771,0,solver
6,0.4606167810367651,0.6727298284053328,0.5666733047210489,0.6727298284053328,0,solver
7,0.44330812820403687,0.4867640411626455,0.4650360846833412,0.4867640411626455,0,solver
8,0.30828584590559316,0.5017016431172752,0.40499374451143416,0.5017016431172752,0,solver
9,0.28799416383594406,0.3684415444508253,0.32821785414338467,0.3684415444508253,0,solver
10,0.3911041725830512,0.23496686364848254,0.31303551811576685,0.3911041725830512,0,solver
11,0.2118927954715146,0.35216609331789184,0.28202944439470323,0.35216609331789184,0,solver
12,0.2125351875455781,0.19985291321480028,0.20619405038018918,0.2125351875455781,0,solver
13,0.24406620204079887,0.17545371018829126,0.20975995611454507,0.24406620204079887,0,solver
14,0.22167370891791496,0.21805608190280082,0.2198648954103579,0.22167370891791496,0,solver
15,0.15874373501275912,0.16187182653748586,0.16030778077512248,0.16187182653748586,0,solver
16,0.12440649333131439,0.15041677727807976,0.13741163530469708,0.15041677727807976,0,solver
17,0.17470159308308175,0.12410498756931512,0.14940329032619842,0.17470159308308175,0,solver
18,0.127987489586169,0.13071977937039705,0.12935363447828302,0.13071977937039705,0,solver
19,0.10486546890037135,0.1160515667049622,0.11045851780266677,0.1160515667049622,0,solver
20,0.11615122125551004,0.09792643154976287,0.10703882640263646,0.11615122125551004,0,solver
21,0.09056947735869479,0.09170350295679812,0.09113649015774646,0.09170350295679812,0,solver
22,0.08639500399738546,0.07764432600118328,0.08201966499928437,0.08639500399738546,0,solver
23,0.07291204728039889,0.0890331024032863,0.08097257484184259,0.0890331024032863,0,solver
24,0.06774531667510808,0.0691483696087208,0.06844684314191443,0.0691483696087208,0,solver
25,0.062039391914158505,0.05344138488244582,0.05774038839830216,0.062039391914158505,0,solver
26,0.04852475393791577,0.06288101352430817,0.05570288373111197,0.06288101352430817,0,solver
27,0.050860045566908346,0.04643435989628527,0.04864720273159681,0.050860045566908346,0,solver
28,0.040395571726491226,0.04247313784102555,0.041434354783758384,0.04247313784102555,0,solver
29,0.04008021456179435,0.039751783356622716,0.03991599895920853,0.04008021456179435,0,solver
30,0.037591647722806654,0.0340405027009194,0.03581607521186303,0.037591647722806654,0,solver
31,0.027460681345594533,0.03390010188923779,0.03068039161741616,0.03390010188923779,0,solver
32,0.031125317823423534,0.025120574307959453,0.028122946065691493,0.031125317823423534,0,solver
33,0.024451221034989385,0.025499948070134892,0.024975584552562137,0.025499948070134892,0,solver
34,0.020841188159345984,0.022684833777983797,0.02176301096866489,0.022684833777983797,0,solver
35,0.021567515242778917,0.018484830238726005,0.02002617274075246,0.021567515242778917,0,solver
36,0.016531798439788376,0.018929635079421473,0.017730716759604925,0.018929635079421473,0,solver
37,0.01638041761773949,0.014175228539170446,0.015277823078454968,0.01638041761773949,0,solver
38,0.013435255145990076,0.014337816504006517,0.013886535824998297,0.014337816504006517,0,solver
39,0.012013467200392206,0.012776320384756328,0.012394893792574267,0.012776320384756328,0,solver
40,0.011597447439723437,0.009858770538768172,0.010728108989245803,0.011597447439723437,0,solver
41,0.008635344465749732,0.010458530272326669,0.009546937369038201,0.010458530272326669,0,solver
42,0.008953586991485215,0.008039120713333172,0.008496353852409193,0.008953586991485215,0,solver
43,0.007358849755334328,0.007560040479811822,0.007459445117573075,0.007560040479811822,0,solver
44,0.006423303644561321,0.006881547588259258,0.006652425616410289,0.006881547588259258,0,solver
45,0.006280791449072837,0.005457341287066802,0.0058690663680698195,0.006280791449072837,0,solver
46,0.004676044542373251,0.005544080120139303,0.005110062331256277,0.005544080120139303,0,solver
47,0.004805293962742702,0.004230978359745776,0.004518136161244239,0.004805293962742702,0,solver
48,0.003937459721466237,0.004033470801694849,0.003985465261580543,0.004033470801694849,0,solver
49,0.0033381343986221153,0.003611553785971478,0.0034748440922967964,0.003611553785971478,0,solver
50,0.0032777504924438997,0.00282593112593706,0.00305184080919048,0.0032777504924438997,0,solver
51,0.0024720615546412255,0.0028915058382534215,0.0026817836964473235,0.0028915058382534215,0,solver
52,0.002473527805919627,0.002209450817248755,0.002341489311584191,0.002473527805919627,0,solver
53,0.0020283839901661647,0.002071015516350804,0.0020496997532584845,0.002071015516350804,0,solver
54,0.0017185465226056856,0.0018605055535891436,0.0017895260380974146,0.0018605055535891436,0,solver
55,0.0016707799622402548,0.0014405486002244813,0.0015556642812323681,0.0016707799622402548,0,solver
56,0.0012544811519157163,0.0014618530973797249,0.0013581671246477205,0.0014618530973797249,0,solver
57,0.0012417074913147485,0.0011304996167980125,0.0011861035540563806,0.0012417074913147485,0,solver
58,0.0010290358578476202,0.0010326281696666467,0.0010308320137571334,0.0010326281696666467,0,solver
59,0.0008556722795696006,0.0009339086256738413,0.0008947904526217209,0.0009339086256738413,0,solver
60,0.000830173711316582,0.0007213036655650195,0.0007757386884408008,0.000830173711316582,0,solver
61,0.0006259723273226621,0.0007175249471834603,0.0006717486372530612,0.0007175249471834603,0,solver
62,0.0006045867519974005,0.0005604694653807802,0.0005825281086890904,0.0006045867519974005,0,solver
63,0.0005079144752450021,0.0005009090554575405,0.0005044117653512713,0.0005079144752450021,0,solver
64,0.00041468839633137015,0.00045539293056276285,0.0004350406634470665,0.00045539293056276285,0,solver
65,0.0003996423467051044,0.0003500484540839515,0.0003748454003945279,0.0003996423467051044,0,solver
66,0.0003046754400337937,0.00034195357394685227,0.000323314506990323,0.00034195357394685227,0,solver
67,0.00028611707596233393,0.00027133657782694765,0.0002787268268946408,0.00028611707596233393,0,solver
68,0.00024299343810946981,0.00023630027218747286,0.00023964685514847134,0.00024299343810946981,0,solver
69,0.00019574548337197875,0.00021521479354722864,0.0002054801384596037,0.00021521479354722864,0,solver
70,0.00018679658264579883,0.0001655547147918319,0.00017617564871881536,0.00018679658264579883,0,solver
71,0.00014391814674733714,0.0001583861752215936,0.0001511521609844654,0.0001583861752215936,0,solver
72,0.00013152333983921396,0.00012727126801839964,0.0001293973039288068,0.00013152333983921396,0,solver
73,0.00011275741270179142,0.00010818284453744764,0.00011047012861961953,0.00011275741270179142,0,solver
74,8.973343933343243e-05,9.881786183013678e-05,9.42756505817846e-05,9.881786183013678e-05,0,solver
75,8.482149764777828e-05,7.602429603541718e-05,8.042289684159773e-05,8.482149764777828e-05,0,solver
76,6.58525025157055e-05,7.107109261588166e-05,6.846179756579358e-05,7.107109261588166e-05,0,solver
77,5.854046909666319e-05,5.7873331872996084e-05,5.820690048482964e-05,5.854046909666319e-05,0,solver
78,5.089057626405359e-05,4.810248887290928e-05,4.9496532568481436e-05,5.089057626405359e-05,0,solver
79,3.9959714331505976e-05,4.4070822453670344e-05,4.201526839258816e-05,4.4070822453670344e-05,0,solver
80,3.724740696491503e-05,3.384017258787171e-05,3.554378977639337e-05,3.724740696491503e-05,0,solver
81,2.9294926597207682e-05,3.0853644660579744e-05,3.0074285628893713e-05,3.0853644660579744e-05,0,solver
82,2.534579936034696e-05,2.566554664136729e-05,2.5505673000857124e-05,2.566554664136729e-05,0,solver
83,2.229057613388947e-05,2.0822424967941992e-05,2.155650055091573e-05,2.229057613388947e-05,0,solver
84,1.7278853179598984e-05,1.8939138021975067e-05,1.8108995600787024e-05,1.8939138021975067e-05,0,solver
85,1.582642208812943e-05,1.4678107113387388e-05,1.5252264600758409e-05,1.582642208812943e-05,0,solver
86,1.2727409738480661e-05,1.309314166829698e-05,1.291027570338882e-05,1.309314166829698e-05,0,solver
87,1.0702403766676583e-05,1.1000242330941676e-05,1.085132304880913e-05,1.1000242330941676e-05,0,solver
88,9.367898621564163e-06,8.733973449559494e-06,9.050936035561828e-06,9.367898621564163e-06,0,solver
89,7.279564211894534e-06,7.936842537904558e-06,7.6082033748995465e-06,7.936842537904558e-06,0,solver
90,6.638022644777387e-06,6.217026115720033e-06,6.42752438024871e-06,6.638022644777387e-06,0,solver
91,5.318492862718512e-06,5.404918379814004e-06,5.361705621266258e-06,5.404918379814004e-06,0,solver
92,4.3490064673986095e-06,4.557021739295188e-06,4.453014103346899e-06,4.557021739295188e-06,0,solver
93,3.932699630227302e-06,3.566674729563707e-06,3.7496871798955045e-06,3.932699630227302e-06,0,solver
94,3.019027146437676e-06,3.290043137712759e-06,3.1545351420752176e-06,3.290043137712759e-06,0,solver
95,2.6754858302388143e-06,2.5477478116283414e-06,2.611616820933578e-06,2.6754858302388143e-06,0,solver
96,2.2194931645427447e-06,2.140429033022693e-06,2.179961098782719e-06,2.2194931645427447e-06,0,solver
97,1.7621236682793948e-06,1.9163778772224564e-06,1.8392507727509257e-06,1.9163778772224564e-06,0,solver
98,1.6055797503092955e-06,1.4430034727950422e-06,1.5242916115521688e-06,1.6055797503092955e-06,0,solver
99,1.2319228452064653e-06,1.3155386108168481e-06,1.2737307280116567e-06,1.3155386108168481e-06,0,solver
100,1.0663936188101074e-06,1.105858731811064e-06,1.0861261753105856e-06,1.105858731811064e-06,0,solver
101,9.220331567836872e-07,8.617209899015537e-07,8.918770733426204e-07,9.220331567836872e-07,0,solver
102,7.047339228097701e-07,7.80819742062592e-07,7.42776832436181e-07,7.80819742062592e-07,0,solver
103,6.930886950408268e-07,6.475820143016348e-07,6.703353546712308e-07,6.930886950408268e-07,0,solver
104,5.559866226839113e-07,5.910282265137993e-07,5.735074245988553e-07,5.910282265137993e-07,0,solver
105,4.847073954484307e-07,4.6253790296800357e-07,4.736226492082171e-07,4.847073954484307e-07,0,solver
106,4.913557365774052e-07,3.470099877519618e-07,4.191828621646835e-07,4.913557365774052e-07,0,solver
107,3.349928538456828e-07,4.014502744658084e-07,3.682215641557456e-07,4.014502744658084e-07,0,solver
108,3.5146295641446924e-07,3.075281490434474e-07,3.294955527289583e-07,3.5146295641446924e-07,0,solver
109,3.265257540426785e-07,3.0237413508236934e-07,3.144499445625239e-07,3.265257540426785e-07,0,solver
110,2.424862657648057e-07,2.6787567209887946e-07,2.5518096893184255e-07,2.6787567209887946e-07,0,solver
111,2.415648073276017e-07,2.3186781051015648e-07,2.367163089188791e-07,2.415648073276017e-07,0,solver
112,2.0897895423632905e-07,3.378535764413985e-07,2.7341626533886376e-07,3.378535764413985e-07,0,solver
113,2.840195181309532e-07,2.2074083213903342e-07,2.523801751349933e-07,2.840195181309532e-07,0,solver
114,1.9182726173667735e-07,1.8448335431564245e-07,1.881553080261599e-07,1.9182726173667735e-07,0,solver
115,1.884896445871939e-07,2.2214144059057047e-07,2.053155425888822e-07,2.2214144059057047e-07,0,solver
116,2.7691003587016e-07,1.7197664735779685e-07,2.244433416139784e-07,2.7691003587016e-07,0,solver
117,1.3161839942133004e-07,2.416141321386649e-07,1.8661626577999748e-07,2.416141321386649e-07,0,solver
118,1.8300633574859495e-07,1.103265638443244e-07,1.4666644979645967e-07,1.8300633574859495e-07,0,solver
119,2.0500563482019976e-07,1.3710482416556924e-07,1.710552294928845e-07,2.0500563482019976e-07,0,solver
120,1.1538297637359266e-07,2.732628731191625e-07,1.9432292474637756e-07,2.732628731191625e-07,0,solver
121,2.207854953856218e-07,1.567067832099458e-07,1.8874613929778382e-07,2.207854953856218e-07,0,solver
122,1.49935404872182e-07,1.2556721762859577e-07,1.3775131125038889e-07,1.49935404872182e-07,0,solver
123,9.993734129614144e-08,1.8308126262217743e-07,1.4150930195915944e-07,1.8308126262217743e-07,0,solver
124,2.096494429533504e-07,1.4943021627019268e-07,1.7953982961177155e-07,2.096494429533504e-07,0,solver
125,1.2785490306980766e-07,1.8185061601860803e-07,1.5485275954420786e-07,1.8185061601860803e-07,0,solver
126,1.0956088833308797e-07,1.0632058040930709e-07,1.0794073437119753e-07,1.0956088833308797e-07,0,solver
127,1.4170272880677363e-07,1.1509115737514714e-07,1.283969430909604e-07,1.4170272880677363e-07,0,solver
128,1.2549798628554328e-07,1.7045288063092976e-07,1.4797543345823652e-07,1.7045288063092976e-07,0,solver
129,1.3108271509369728e-07,1.169704268353474e-07,1.2402657096452235e-07,1.3108271509369728e-07,0,solver
130,9.632454075698842e-08,1.1412898720572139e-07,1.0522676398135491e-07,1.1412898720572139e-07,0,solver
131,1.3199739315065663e-07,9.128732488053154e-08,1.1164235901559408e-07,1.3199739315065663e-07,0,solver
132,1.0500406379296842e-07,1.1388366687301434e-07,1.0944386533299139e-07,1.1388366687301434e-07,0,solver
133,1.034565521706201e-07,1.1747088482163622e-07,1.1046371849612816e-07,1.1747088482163622e-07,0,solver
134,1.2668720756538818e-07,9.591828125753837e-08,1.1130274441146327e-07,1.2668720756538818e-07,0,solver
135,8.122710597081976e-08,9.986686528066489e-08,9.054698562574233e-08,9.986686528066489e-08,0,solver
136,9.669904629334246e-08,8.446876674403608e-08,9.058390651868927e-08,9.669904629334246e-08,0,solver
137,1.1022159183547343e-07,1.1817510864600371e-07,1.1419835024073857e-07,1.1817510864600371e-07,0,solver
138,1.120866094635358e-07,9.248093738832782e-08,1.022837734259318e-07,1.120866094635358e-07,0,solver
139,7.420199154201763e-08,7.180800634893472e-08,7.300499894547618e-08,7.420199154201763e-08,0,solver
140,9.081695359290873e-08,8.445856992255323e-08,8.763776175773098e-08,9.081695359290873e-08,0,solver
141,1.1569108016438792e-07,8.851980185226027e-08,1.021054410083241e-07,1.1569108016438792e-07,0,solver
142,6.238558540042877e-08,1.058427163004565e-07,8.411415085044263e-08,1.058427163004565e-07,0,solver
143,7.352949681265959e-08,6.61256160243485e-08,6.982755641850404e-08,7.352949681265959e-08,0,solver
144,8.301815371551709e-08,7.831700504295326e-08,8.066757937923518e-08,8.301815371551709e-08,0,solver
145,5.921505300668078e-08,1.1093537200532124e-07,8.5075212506001e-08,1.1093537200532124e-07,0,solver
146,8.596893099242274e-08,7.157046470879905e-08,7.876969785061089e-08,8.596893099242274e-08,0,solver
147,7.431943741060472e-08,6.124953809179349e-08,6.77844877511991e-08,7.431943741060472e-08,0,solver
148,6.944746030002557e-08,7.839538969906514e-08,7.392142499954535e-08,7.839538969906514e-08,0,solver
149,9.900242658126195e-08,5.5569028111316496e-08,7.728572734628922e-08,9.900242658126195e-08,0,solver
150,7.599406762368508e-08,6.767627796103387e-08,7.183517279235948e-08,7.599406762368508e-08,0,solver
151,6.35626168299628e-08,5.602874748890776e-08,5.979568215943529e-08,6.35626168299628e-08,0,solver
152,7.222263355667342e-08,5.771456016808923e-08,6.496859686238132e-08,7.222263355667342e-08,0,solver
153,5.3897240059330026e-08,9.064250710160094e-08,7.226987358046549e-08,9.064250710160094e-08,0,solver
154,6.909566727633895e-08,6.767922938344967e-08,6.838744832989432e-08,6.909566727633895e-08,0,solver
155,4.8622360225970575e-08,6.581983200963057e-08,5.7221096117800575e-08,6.581983200963057e-08,0,solver
156,5.030319199576108e-08,7.242316706406715e-08,6.136317952991411e-08,7.242316706406715e-08,0,solver
157,7.965884741559916e-08,5.283476073152844e-08,6.624680407356381e-08,7.965884741559916e-08,0,solver
158,6.923560550333302e-08,5.3742783961362636e-08,6.148919473234783e-08,6.923560550333302e-08,0,solver
159,5.295042754814001e-08,5.792445316784757e-08,5.5437440357993793e-08,5.792445316784757e-08,0,solver
160,6.088849315972047e-08,6.011891331959596e-08,6.050370323965821e-08,6.088849315972047e-08,0,solver
161,6.298815678804006e-08,7.092324998560613e-08,6.69557033868231e-08,7.092324998560613e-08,0,solver
162,4.4767260843770147e-08,7.484229009153264e-08,5.980477546765139e-08,7.484229009153264e-08,0,solver
163,5.30943426332071e-08,5.3573532938534955e-08,5.333393778587103e-08,5.3573532938534955e-08,0,solver
164,5.4819019792687696e-08,5.970163860313362e-08,5.726032919791066e-08,5.970163860313362e-08,0,solver
165,5.783804092435508e-08,6.444376424328382e-08,6.114090258381945e-08,6.444376424328382e-08,0,solver
166,7.44103664837371e-08,3.8272524087255427e-08,5.634144528549626e-08,7.44103664837371e-08,0,solver
167,6.359132398013748e-08,4.189061439036728e-08,5.274096918525238e-08,6.359132398013748e-08,0,solver
168,5.780216160078406e-08,3.71611936886233e-08,4.748167764470368e-08,5.780216160078406e-08,0,solver
169,6.525871363794549e-08,4.6576719687422433e-08,5.591771666268396e-08,6.525871363794549e-08,0,solver
170,5.1600771578006584e-08,6.831789877807433e-08,5.995933517804046e-08,6.831789877807433e-08,0,solver
171,4.8813311666327274e-08,4.295426596895834e-08,4.588378881764281e-08,4.8813311666327274e-08,0,solver
172,4.0988789363504526e-08,5.4404978284714775e-08,4.769688382410965e-08,5.4404978284714775e-08,0,solver
173,3.5492063064010433e-08,7.983253314260432e-08,5.766229810330738e-08,7.983253314260432e-08,0,solver
174,5.840121121563939e-08,4.351523063717088e-08,5.095822092640514e-08,5.840121121563939e-08,0,solver
175,4.2656139990528994e-08,4.0442170794284904e-08,4.154915539240695e-08,4.2656139990528994e-08,0,solver
176,4.639616362906771e-08,5.859302474205086e-08,5.249459418555929e-08,5.859302474205086e-08,0,solver
177,5.8792343944338896e-08,4.643798625435929e-08,5.261516509934909e-08,5.8792343944338896e-08,0,solver
178,4.873298949794531e-08,4.954453735887385e-08,4.913876342840958e-08,4.954453735887385e-08,0,solver
179,5.366773323340521e-08,4.274749897155863e-08,4.820761610248192e-08,5.366773323340521e-08,0,solver
180,3.8281983622838126e-08,4.3774589513936934e-08,4.102828656838753e-08,4.3774589513936934e-08,0,solver
181,3.6649548450435414e-08,5.105643009561343e-08,4.385298927302442e-08,5.105643009561343e-08,0,solver
182,5.6870356564907005e-08,4.542129232078292e-08,5.114582444284496e-08,5.6870356564907005e-08,0,solver
183,4.66597642987527e-08,4.121935396116217e-08,4.3939559129957436e-08,4.66597642987527e-08,0,solver
184,3.917394375940313e-08,3.887202825221609e-08,3.902298600580961e-08,3.917394375940313e-08,0,solver
185,5.201156134657635e-08,3.597134588455548e-08,4.399145361556591e-08,5.201156134657635e-08,0,solver
186,4.596312721168399e-08,4.685795974496571e-08,4.641054347832485e-08,4.685795974496571e-08,0,solver
187,3.957967260440796e-08,5.0014583254987395e-08,4.479712792969768e-08,5.0014583254987395e-08,0,solver
188,3.493143270701851e-08,4.5968205580751915e-08,4.044981914388521e-08,4.5968205580751915e-08,0,solver
189,2.672649332199697e-08,4.807182103902558e-08,3.7399157180511274e-08,4.807182103902558e-08,0,solver
190,4.163490759953883e-08,4.799032954239785e-08,4.4812618570968336e-08,4.799032954239785e-08,0,solver
191,4.814484965992314e-08,4.148360841409079e-08,4.4814229037006966e-08,4.814484965992314e-08,0,solver
192,4.090435808296163e-08,3.427466989677607e-08,3.758951398986885e-08,4.090435808296163e-08,0,solver
193,4.3714796825162324e-08,2.933331295033418e-08,3.6524054887748253e-08,4.3714796825162324e-08,0,solver
194,5.0541952035174355e-08,2.8544288785573583e-08,3.954312041037397e-08,5.0541952035174355e-08,0,solver
195,4.417169818305294e-08,3.5820664537562114e-08,3.999618136030753e-08,4.417169818305294e-08,0,solver
196,3.413485665477032e-08,3.67126814276084e-08,3.5423769041189355e-08,3.67126814276084e-08,0,solver
197,3.145661368813019e-08,3.749194143209979e-08,3.447427756011499e-08,3.749194143209979e-08,0,solver
198,3.300874880831837e-08,4.569845619276499e-08,3.9353602500541674e-08,4.569845619276499e-08,0,solver
199,2.6324393650224075e-08,4.929583844557131e-08,3.781011604789769e-08,4.929583844557131e-08,0,solver
200,2.5523555180382748e-08,3.870565521879159e-08,3.211460519958717e-08,3.870565521879159e-08,0,solver
201,2.8422343128395277e-08,3.5040020286070146e-08,3.173118170723271e-08,3.5040020286070146e-08,0,solver
202,3.2398408353735015e-08,3.485713699044728e-08,3.362777267209115e-08,3.485713699044728e-08,0,solver
203,3.211935522662886e-08,3.042151979744326e-08,3.127043751203606e-08,3.211935522662886e-08,0,solver
204,3.1346121388546127e-08,2.6221488874672708e-08,2.8783805131609417e-08,3.1346121388546127e-08,0,solver
205,2.831430914638769e-08,2.5287153898091282e-08,2.6800731522239487e-08,2.831430914638769e-08,0,solver
206,2.9815022030167296e-08,2.5103834626681863e-08,2.745942832842458e-08,2.9815022030167296e-08,0,solver
207,3.612592042840711e-08,2.2544032269365573e-08,2.9334976348886343e-08,3.612592042840711e-08,0,solver
208,2.1191808775199538e-08,3.002673455560655e-08,2.5609271665403045e-08,3.002673455560655e-08,0,solver
209,2.0794452884161405e-08,2.2990044969092377e-08,2.189224892662689e-08,2.2990044969092377e-08,0,solver
210,3.007614611345084e-08,2.2811631792114614e-08,2.6443888952782727e-08,3.007614611345084e-08,0,solver
211,2.1635563699102606e-08,3.06615749776451e-08,2.6148569338373853e-08,3.06615749776451e-08,0,solver
212,2.2621228771848302e-08,2.0695818430435244e-08,2.1658523601141773e-08,2.2621228771848302e-08,0,solver
213,2.2518757973885998e-08,2.1941059051911208e-08,2.2229908512898605e-08,2.2518757973885998e-08,0,solver
214,2.2516705726138973e-08,2.1938210261569976e-08,2.2227457993854476e-08,2.2516705726138973e-08,0,solver
215,2.413586962117575e-08,1.8177568150806964e-08,2.115671888599136e-08,2.413586962117575e-08,0,solver
216,2.227625761109452e-08,2.487252887778976e-08,2.357439324444214e-08,2.487252887778976e-08,0,solver
217,2.333288130345735e-08,1.972924397991884e-08,2.1531062641688096e-08,2.333288130345735e-08,0,solver
218,2.08881203123388e-08,1.5591354222362217e-08,1.8239737267350507e-08,2.08881203123388e-08,0,solver
219,1.533966146210463e-08,2.631090130318749e-08,2.082528138264606e-08,2.631090130318749e-08,0,solver
220,1.4834180587378531e-08,2.592324673482222e-08,2.0378713661100376e-08,2.592324673482222e-08,0,solver
221,1.8822664383952545e-08,1.6177011928409047e-08,1.7499838156180798e-08,1.8822664383952545e-08,0,solver
222,1.8706104685432057e-08,2.007835294290277e-08,1.9392228814167413e-08,2.007835294290277e-08,0,solver
223,1.6237064189650345e-08,2.2182311688775634e-08,1.920968793921299e-08,2.2182311688775634e-08,0,solver
224,1.9015661815937134e-08,1.632943226107771e-08,1.767254703850742e-08,1.9015661815937134e-08,0,solver
225,2.4213361819767545e-08,1.767349197088549e-08,2.094342689532652e-08,2.4213361819767545e-08,0,solver
226,2.7245377920775776e-08,1.4505478249474652e-08,2.0875428085125214e-08,2.7245377920775776e-08,0,solver
227,2.395830181546726e-08,1.2911037517594869e-08,1.8434669666531063e-08,2.395830181546726e-08,0,solver
228,2.2285121111401945e-08,1.8350817105046857e-08,2.03179691082244e-08,2.2285121111401945e-08,0,solver
229,2.269549197894141e-08,1.4680994611716764e-08,1.8688243295329088e-08,2.269549197894141e-08,0,solver
230,1.7592790332862706e-08,1.621598281560228e-08,1.6904386574232495e-08,1.7592790332862706e-08,0,solver
231,2.0364489384153413e-08,2.3323121181384746e-08,2.184380528276908e-08,2.3323121181384746e-08,0,solver
232,2.172113646645632e-08,2.1608934881474585e-08,2.1665035673965452e-08,2.172113646645632e-08,0,solver
233,1.2603715906183824e-08,1.8287076835535747e-08,1.5445396370859785e-08,1.8287076835535747e-08,0,solver
234,1.522576981985032e-08,2.41605166563432e-08,1.969314323809676e-08,2.41605166563432e-08,0,solver
235,1.8997404207817232e-08,2.624946818445022e-08,2.2623436196133725e-08,2.624946818445022e-08,0,solver
236,1.5531136515769107e-08,1.857498378400989e-08,1.70530601498895e-08,1.857498378400989e-08,0,solver
237,1.730209552126167e-08,2.0092114520080002e-08,1.8697105020670836e-08,2.0092114520080002e-08,0,solver
238,1.705598018535896e-08,2.59930108686113e-08,2.1524495526985132e-08,2.59930108686113e-08,0,solver
239,1.3175885054398977e-08,1.944584137947011e-08,1.6310863216934543e-08,1.944584137947011e-08,0,solver
240,2.1869431274875275e-08,1.1662663993828125e-08,1.67660476343517e-08,2.1869431274875275e-08,0,solver
241,2.5881029622910006e-08,1.663518201454456e-08,2.1258105818727285e-08,2.5881029622910006e-08,0,solver
242,1.675602839420391e-08,1.7803151290542726e-08,1.7279589842373318e-08,1.7803151290542726e-08,0,solver
243,2.1682589024679292e-08,1.28961068382967e-08,1.7289347931487997e-08,2.1682589024679292e-08,0,solver
244,2.9410312781416802e-08,1.323716722742743e-08,2.1323740004422117e-08,2.9410312781416802e-08,0,solver
245,2.1903051561663088e-08,1.4504185811815749e-08,1.820361868673942e-08,2.1903051561663088e-08,0,solver
246,1.6682156549894815e-08,1.6859228477211853e-08,1.6770692513553336e-08,1.6859228477211853e-08,0,solver
247,2.2994154199001223e-08,2.088988738995121e-08,2.1942020794476216e-08,2.2994154199001223e-08,0,solver
248,1.9499793389484215e-08,1.65786401494111e-08,1.8039216769447657e-08,1.9499793389484215e-08,0,solver
249,1.1790597289214902e-08,1.4446382520930735e-08,1.3118489905072819e-08,1.4446382520930735e-08,0,solver
250,1.6443559079863428e-08,2.281917059104382e-08,1.9631364835453625e-08,2.281917059104382e-08,0,solver
251,1.537475898643739e-08,2.4282834974791727e-08,1.982879698061456e-08,2.4282834974791727e-08,0,solver
252,1.7328026035164136e-08,1.4995023547756557e-08,1.6161524791460346e-08,1.7328026035164136e-08,0,solver
253,1.695751593067777e-08,2.080356698890431e-08,1.888054145979104e-08,2.080356698890431e-08,0,solver
254,1.3869504960563437e-08,2.4433630484468257e-08,1.9151567722515848e-08,2.4433630484468257e-08,0,solver
255,1.4968222777636385e-08,1.7885389899222256e-08,1.642680633842932e-08,1.7885389899222256e-08,0,solver
256,1.9661621213686348e-08,1.347740157067871e-08,1.656951139218253e-08,1.9661621213686348e-08,0,solver
257,1.7680472956676666e-08,1.7622517193282698e-08,1.765149507497968e-08,1.7680472956676666e-08,0,solver
258,9.917825910571015e-09,2.065492785242713e-08,1.528637688149907e-08,2.065492785242713e-08,0,solver
259,2.0622344011803988e-08,9.565527457872788e-09,1.509393573483839e-08,2.0622344011803988e-08,0,solver
260,1.789288796680955e-08,1.3354558249653572e-08,1.5623723108231563e-08,1.789288796680955e-08,0,solver
261,1.2868715030980852e-08,1.845139408575625e-08,1.5660054558368552e-08,1.845139408575625e-08,0,solver
262,1.9409023583407967e-08,1.4374958186405536e-08,1.6891990884906752e-08,1.9409023583407967e-08,0,solver
263,1.3900600384381808e-08,1.5719843610869568e-08,1.4810221997625687e-08,1.5719843610869568e-08,0,solver
264,1.3694499589415803e-08,1.0008178429372982e-08,1.1851339009394393e-08,1.3694499589415803e-08,0,solver
265,1.5479369104941633e-08,1.3966705269419461e-08,1.4723037187180548e-08,1.5479369104941633e-08,0,solver
266,1.726637860078562e-08,1.2932931047852548e-08,1.5099654824319082e-08,1.726637860078562e-08,0,solver
267,1.3801365862723914e-08,8.668062073376157e-09,1.1234713968050036e-08,1.3801365862723914e-08,0,solver
268,1.2350976912420273e-08,1.2538886539162323e-08,1.2444931725791298e-08,1.2538886539162323e-08,0,solver
269,1.9934852438683752e-08,9.292737162548862e-09,1.4613794800616308e-08,1.9934852438683752e-08,0,solver
270,1.0001886708092693e-08,1.6156095751939205e-08,1.3078991230015949e-08,1.6156095751939205e-08,0,solver
271,9.868964092289845e-09,9.501515781245143e-09,9.685239936767494e-09,9.868964092289845e-09,0,solver
272,1.4410741342455031e-08,9.949767615515091e-09,1.218025447898506e-08,1.4410741342455031e-08,0,solver
273,9.678488582849501e-09,1.8671774113170663e-08,1.4175131348010082e-08,1.8671774113170663e-08,0,solver
274,1.3979608972280451e-08,1.2213868235486423e-08,1.3096738603883437e-08,1.3979608972280451e-08,0,solver
275,1.0520099046720613e-08,1.2358147429756535e-08,1.1439123238238575e-08,1.2358147429756535e-08,0,solver
276,1.3200834126612004e-08,1.2842100547682612e-08,1.3021467337147308e-08,1.3200834126612004e-08,0,solver
277,1.4052715111212336e-08,1.2925629159890416e-08,1.3489172135551375e-08,1.4052715111212336e-08,0,solver
278,1.2756145907603354e-08,1.0885459070868373e-08,1.1820802489235864e-08,1.2756145907603354e-08,0,solver
279,1.188197444956906e-08,9.509812066897681e-09,1.069589325823337e-08,1.188197444956906e-08,0,solver
280,1.0504784441841485e-08,1.274233737023252e-08,1.1623560906037002e-08,1.274233737023252e-08,0,solver
281,1.368872316613882e-08,1.2609730632963378e-08,1.3149226899551098e-08,1.368872316613882e-08,0,solver
282,9.032637893068843e-09,1.5997314494257607e-08,1.2514976193663225e-08,1.5997314494257607e-08,0,solver
283,9.132999274980716e-09,1.3320731142803865e-08,1.122686520889229e-08,1.3320731142803865e-08,0,solver
284,1.2116845521533606e-08,1.1175110052610663e-08,1.1645977787072135e-08,1.2116845521533606e-08,0,solver
285,1.2271235930921029e-08,1.293557481242993e-08,1.260340537167548e-08,1.293557481242993e-08,0,solver
286,1.3363588980276581e-08,9.608504824918547e-09,1.1486046902597563e-08,1.3363588980276581e-08,0,solver
287,1.1134459519922367e-08,9.790140522146949e-09,1.0462300021034658e-08,1.1134459519922367e-08,0,solver
288,1.1405733137951285e-08,8.52061936316662e-09,9.963176250558953e-09,1.1405733137951285e-08,0,solver
289,1.208290361071043e-08,7.458437151189847e-09,9.770670380950139e-09,1.208290361071043e-08,0,solver
290,9.538707059530267e-09,1.3721015875689939e-08,1.1629861467610103e-08,1.3721015875689939e-08,0,solver
291,1.2762224700622256e-08,1.2275036350618422e-08,1.2518630525620339e-08,1.2762224700622256e-08,0,solver
292,1.1676992821293328e-08,9.963371011584882e-09,1.0820181916439105e-08,1.1676992821293328e-08,0,solver
293,1.0797001201502598e-08,1.0935179505572657e-08,1.0866090353537627e-08,1.0935179505572657e-08,0,solver
294,1.000798011150457e-08,1.2648995510553893e-08,1.1328487811029231e-08,1.2648995510553893e-08,0,solver
295,1.0707319667357606e-08,8.533945765132195e-09,9.6206327162449e-09,1.0707319667357606e-08,0,solver
296,1.0423653676433752e-08,9.053652214683228e-09,9.73865294555849e-09,1.0423653676433752e-08,0,solver
297,8.774376956258427e-09,1.2516250444385188e-08,1.0645313700321807e-08,1.2516250444385188e-08,0,solver
298,1.0441149294470116e-08,9.282795692884591e-09,9.861972493677354e-09,1.0441149294470116e-08,0,solver
299,9.216766699129526e-09,1.1999302637380098e-08,1.060803466825481e-08,1.1999302637380098e-08,0,solver
300,1.1754580130112516e-08,1.1363985173723652e-08,1.1559282651918084e-08,1.1754580130112516e-08,0,solver
301,9.972671085131613e-09,1.0081705931228645e-08,1.0027188508180128e-08,1.0081705931228645e-08,0,solver
302,1.0622388707779133e-08,1.1712338700350635e-08,1.1167363704064883e-08,1.1712338700350635e-08,0,solver
303,1.3045128426479011e-08,1.2630812005235931e-08,1.2837970215857472e-08,1.3045128426479011e-08,0,solver
304,1.0653295120883383e-08,1.0722881549111132e-08,1.0688088334997257e-08,1.0722881549111132e-08,0,solver
305,1.1656298345219082e-08,7.206186262740948e-09,9.431242303980016e-09,1.1656298345219082e-08,0,solver
306,1.0621634009779872e-08,1.23759210077534e-08,1.1498777508766635e-08,1.23759210077534e-08,0,solver
307,1.3370274758162268e-08,7.935684935737077e-09,1.0652979846949673e-08,1.3370274758162268e-08,0,solver
308,8.30648335263893e-09,1.1247909731002888e-08,9.777196541820909e-09,1.1247909731002888e-08,0,solver
309,1.0965884996869371e-08,8.960704771748697e-09,9.963294884309033e-09,1.0965884996869371e-08,0,solver
310,1.1953116267604006e-08,8.611026184889222e-09,1.0282071226246615e-08,1.1953116267604006e-08,0,solver
311,7.86484347836455e-09,1.5113381641064555e-08,1.1489112559714551e-08,1.5113381641064555e-08,0,solver
312,1.2885332572084338e-08,1.0466907630088302e-08,1.167612010108632e-08,1.2885332572084338e-08,0,solver
313,8.924384456267545e-09,9.195241210964977e-09,9.05981283361626e-09,9.195241210964977e-09,0,solver
314,1.023167449352391e-08,1.102830026873852e-08,1.0629987381131215e-08,1.102830026873852e-08,0,solver
315,1.185733843839405e-08,1.2423432707306341e-08,1.2140385572850196e-08,1.2423432707306341e-08,0,solver
316,8.725175310927685e-09,9.433478224764141e-09,9.079326767845913e-09,9.433478224764141e-09,0,solver
317,9.220662592973498e-09,7.804307005934697e-09,8.512484799454097e-09,9.220662592973498e-09,0,solver
318,9.272416744106229e-09,1.2764280049735769e-08,1.1018348396920999e-08,1.2764280049735769e-08,0,solver
319,1.1789922391293539e-08,9.015237666511038e-09,1.0402580028902289e-08,1.1789922391293539e-08,0,solver
320,9.092701114137448e-09,1.0776841494661597e-08,9.934771304399523e-09,1.0776841494661597e-08,0,solver
321,1.0891008620316599e-08,1.0174773090461412e-08,1.0532890855389005e-08,1.0891008620316599e-08,0,solver
322,9.353069461632652e-09,8.80589622494425e-09,9.07948284328845e-09,9.353069461632652e-09,0,solver
323,7.383128422324191e-09,1.032234128946671e-08,8.852734855895451e-09,1.032234128946671e-08,0,solver
324,1.159041587089919e-08,7.001417347329551e-09,9.295916609114372e-09,1.159041587089919e-08,0,solver
325,6.629518242350206e-09,8.545734803523059e-09,7.587626522936633e-09,8.545734803523059e-09,0,solver
326,6.712423296418478e-09,9.17869612357507e-09,7.945559709996775e-09,9.17869612357507e-09,0,solver
327,9.535768088557019e-09,9.856049069241236e-09,9.695908578899127e-09,9.856049069241236e-09,0,solver
328,7.3713649168939025e-09,9.203650373266608e-09,8.287507645080255e-09,9.203650373266608e-09,0,solver
329,7.840915697413765e-09,7.926365435902398e-09,7.883640566658081e-09,7.926365435902398e-09,0,solver
330,8.065177578140894e-09,9.586067962153914e-09,8.825622770147404e-09,9.586067962153914e-09,0,solver
331,7.640576420656637e-09,8.59148300049989e-09,8.116029710578263e-09,8.59148300049989e-09,0,solver
332,1.0155731251024827e-08,7.075546953686325e-09,8.615639102355575e-09,1.0155731251024827e-08,0,solver
333,9.065846755049001e-09,9.726715444733286e-09,9.396281099891144e-09,9.726715444733286e-09,0,solver
334,8.100062544335099e-09,7.0213444290598254e-09,7.560703486697462e-09,8.100062544335099e-09,0,solver
335,7.28912549837053e-09,8.418410844697836e-09,7.853768171534183e-09,8.418410844697836e-09,0,solver
336,1.1701762512268596e-08,6.401188951032757e-09,9.051475731650677e-09,1.1701762512268596e-08,0,solver
337,7.352481337006899e-09,8.95729505159135e-09,8.154888194299124e-09,8.95729505159135e-09,0,solver
338,6.000894665189008e-09,7.737355185374918e-09,6.869124925281963e-09,7.737355185374918e-09,0,solver
339,8.597217387950158e-09,6.2670931520236675e-09,7.432155269986913e-09,8.597217387950158e-09,0,solver
340,6.824678304355855e-09,6.803311265715533e-09,6.8139947850356946e-09,6.824678304355855e-09,0,solver
341,5.341916184345893e-09,4.396820079162654e-09,4.869368131754273e-09,5.341916184345893e-09,0,solver
342,5.727633404374285e-09,3.9673236049183595e-09,4.847478504646322e-09,5.727633404374285e-09,0,solver
343,4.573487423957442e-09,5.173648685598313e-09,4.873568054777878e-09,5.173648685598313e-09,0,solver
344,4.557726043246255e-09,4.896567375569626e-09,4.727146709407941e-09,4.896567375569626e-09,0,solver
345,5.26839136489779e-09,3.991109439680799e-09,4.629750402289294e-09,5.26839136489779e-09,0,solver
346,4.5867872166620934e-09,5.311486632575242e-09,4.949136924618668e-09,5.311486632575242e-09,0,solver
347,5.737853293927072e-09,4.324806535642971e-09,5.031329914785021e-09,5.737853293927072e-09,0,solver
348,4.612251340367272e-09,4.427924122265612e-09,4.520087731316442e-09,4.612251340367272e-09,0,solver
349,3.548498700336452e-09,4.110584165887086e-09,3.829541433111769e-09,4.110584165887086e-09,0,solver
350,4.119297041322622e-09,4.0048300206390105e-09,4.062063530980816e-09,4.119297041322622e-09,0,solver
351,5.188794248944671e-09,4.398051378034649e-09,4.79342281348966e-09,5.188794248944671e-09,0,solver
352,5.416296084668723e-09,5.232735317266933e-09,5.324515700967829e-09,5.416296084668723e-09,0,solver
353,4.896949907943805e-09,5.897180085069296e-09,5.39706499650655e-09,5.897180085069296e-09,0,solver
354,4.593341377063394e-09,5.615366311187889e-09,5.104353844125641e-09,5.615366311187889e-09,0,solver
355,4.849999481825585e-09,4.763306160434116e-09,4.8066528211298504e-09,4.849999481825585e-09,0,solver
356,5.0082954381273815e-09,4.625124931371094e-09,4.816710184749238e-09,5.0082954381273815e-09,0,solver
357,5.223584930607895e-09,4.532538773167102e-09,4.8780618518874985e-09,5.223584930607895e-09,0,solver
358,3.673807573967544e-09,5.706575264187804e-09,4.690191419077674e-09,5.706575264187804e-09,0,solver
359,4.866089561827475e-09,4.914799631953604e-09,4.890444596890539e-09,4.914799631953604e-09,0,solver
360,4.88060210477461e-09,5.379222572656257e-09,5.129912338715434e-09,5.379222572656257e-09,0,solver
361,5.270961167725536e-09,4.854910658578452e-09,5.062935913151994e-09,5.270961167725536e-09,0,solver
362,4.863354335365263e-09,4.594744500951578e-09,4.729049418158421e-09,4.863354335365263e-09,0,solver
363,4.790184859006253e-09,4.460357989080115e-09,4.625271424043184e-09,4.790184859006253e-09,0,solver
364,4.73380976140796e-09,4.900233524315335e-09,4.817021642861647e-09,4.900233524315335e-09,0,solver
365,4.855048739602821e-09,4.740051315348399e-09,4.7975500274756096e-09,4.855048739602821e-09,0,solver
366,4.504613086990773e-09,3.89672798844622e-09,4.200670537718496e-09,4.504613086990773e-09,0,solver
367,2.9697377779977764e-09,3.772268864901671e-09,3.3710033214497233e-09,3.772268864901671e-09,0,solver
368,3.4191362629900657e-09,3.5320947437268246e-09,3.475615503358445e-09,3.5320947437268246e-09,0,solver
369,4.325332246847334e-09,4.4508636289885925e-09,4.388097937917963e-09,4.4508636289885925e-09,0,solver
370,4.475819261197347e-09,5.3024587002803835e-09,4.889138980738866e-09,5.3024587002803835e-09,0,solver
371,4.3424838821548584e-09,4.973076223663873e-09,4.657780052909366e-09,4.973076223663873e-09,0,solver
372,3.952971100493503e-09,4.4115028125666325e-09,4.1822369565300674e-09,4.4115028125666325e-09,0,solver
373,4.453344033197396e-09,3.9459620860512845e-09,4.19965305962434e-09,4.453344033197396e-09,0,solver
374,5.509716733799517e-09,3.835684370815824e-09,4.6727005523076705e-09,5.509716733799517e-09,0,solver
375,5.085561653255217e-09,5.307857559856507e-09,5.1967096065558615e-09,5.307857559856507e-09,0,solver
376,5.548280462691462e-09,4.694428983740484e-09,5.121354723215973e-09,5.548280462691462e-09,0,solver
377,4.3353778475039925e-09,5.0372865213844934e-09,4.686332184444243e-09,5.0372865213844934e-09,0,solver
378,4.912362831025327e-09,3.834762689283919e-09,4.3735627601546235e-09,4.912362831025327e-09,0,solver
379,5.102190989064843e-09,3.6199543691522668e-09,4.3610726791085545e-09,5.102190989064843e-09,0,solver
380,5.074753274560818e-09,3.770672530075581e-09,4.422712902318199e-09,5.074753274560818e-09,0,solver
381,4.52005571657383e-09,4.711385687555199e-09,4.615720702064514e-09,4.711385687555199e-09,0,solver
382,4.024029592023775e-09,5.666396225396371e-09,4.845212908710073e-09,5.666396225396371e-09,0,solver
383,5.4262074941054994e-09,4.210206603149854e-09,4.818207048627677e-09,5.4262074941054994e-09,0,solver
384,4.69164455433678e-09,3.694120271873834e-09,4.192882413105307e-09,4.69164455433678e-09,0,solver
385,3.999348639331864e-09,3.5886352408761638e-09,3.793991940104014e-09,3.999348639331864e-09,0,solver
386,4.4981329780887716e-09,3.972124262500812e-09,4.235128620294792e-09,4.4981329780887716e-09,0,solver
387,4.427206767517777e-09,5.079905382690663e-09,4.75355607510422e-09,5.079905382690663e-09,0,solver
388,5.136548693810493e-09,4.603043105386772e-09,4.869795899598632e-09,5.136548693810493e-09,0,solver
389,4.74690652178665e-09,4.896201225744829e-09,4.821553873765739e-09,4.896201225744829e-09,0,solver
390,4.977213394477146e-09,4.364146202040941e-09,4.6706797982590435e-09,4.977213394477146e-09,0,solver
391,4.4214404857622564e-09,4.331220868476024e-09,4.3763306771191405e-09,4.4214404857622564e-09,0,solver
392,4.35633165596644e-09,4.125050909013759e-09,4.240691282490099e-09,4.35633165596644e-09,0,solver
393,4.48815985739648e-09,4.432278914757986e-09,4.460219386077233e-09,4.48815985739648e-09,0,solver
394,4.327496303436717e-09,4.771709496832377e-09,4.549602900134547e-09,4.771709496832377e-09,0,solver
395,4.0294965184763854e-09,4.458624334309241e-09,4.244060426392813e-09,4.458624334309241e-09,0,solver
396,3.5491738281214207e-09,4.258810634951181e-09,3.903992231536301e-09,4.258810634951181e-09,0,solver
397,4.576237006672121e-09,3.581384290228757e-09,4.078810648450439e-09,4.576237006672121e-09,0,solver
398,4.075342861427647e-09,5.184322397360698e-09,4.629832629394173e-09,5.184322397360698e-09,0,solver
399,3.68973709752953e-09,6.107042250204357e-09,4.898389673866944e-09,6.107042250204357e-09,0,solver
400,5.449983670671252e-09,4.7687893404612e-09,5.109386505566226e-09,5.449983670671252e-09,0,solver
401,5.6012783834912354e-09,4.500495185737438e-09,5.050886784614337e-09,5.6012783834912354e-09,0,solver
402,4.5599660477504094e-09,5.238480812847786e-09,4.899223430299098e-09,5.238480812847786e-09,0,solver
403,4.606416518567661e-09,4.451049140880336e-09,4.528732829723999e-09,4.606416518567661e-09,0,solver
404,4.506722083304294e-09,4.084866464326295e-09,4.295794273815295e-09,4.506722083304294e-09,0,solver
405,4.295758286687217e-09,4.5145395375335e-09,4.405148912110358e-09,4.5145395375335e-09,0,solver
406,3.9516708479937525e-09,4.7304114165735426e-09,4.341041132283647e-09,4.7304114165735426e-09,0,solver
407,3.8063488175407775e-09,4.4741148559054015e-09,4.140231836723089e-09,4.4741148559054015e-09,0,solver
408,4.853464066328721e-09,3.786900997390626e-09,4.320182531859674e-09,4.853464066328721e-09,0,solver
409,5.4455965698288345e-09,3.860597290861179e-09,4.6530969303450064e-09,5.4455965698288345e-09,0,solver
410,4.6425882501296184e-09,4.704442731998221e-09,4.67351549106392e-09,4.704442731998221e-09,0,solver
411,4.032513356788346e-09,4.541157327354484e-09,4.2868353420714145e-09,4.541157327354484e-09,0,solver
412,4.2735788710366585e-09,3.5809246240936585e-09,3.9272517475651585e-09,4.2735788710366585e-09,0,solver
413,4.0157952768421485e-09,3.730758526171163e-09,3.873276901506656e-09,4.0157952768421485e-09,0,solver
414,3.503580456941153e-09,4.925280165817733e-09,4.214430311379443e-09,4.925280165817733e-09,0,solver
415,4.489963685558428e-09,4.950344268416562e-09,4.720153976987495e-09,4.950344268416562e-09,0,solver
416,4.655513390479579e-09,4.721442129468539e-09,4.688477759974059e-09,4.721442129468539e-09,0,solver
417,4.21549965757744e-09,4.650420270814534e-09,4.432959964195986e-09,4.650420270814534e-09,0,solver
418,4.688287690688989e-09,4.517044909152364e-09,4.602666299920676e-09,4.688287690688989e-09,0,solver
419,5.2169585329180765e-09,4.520848906370735e-09,4.868903719644406e-09,5.2169585329180765e-09,0,solver
420,4.0287375783927106e-09,5.316392410611987e-09,4.672564994502349e-09,5.316392410611987e-09,0,solver
421,4.147381536561734e-09,4.381347200800648e-09,4.264364368681191e-09,4.381347200800648e-09,0,solver
422,3.6941093896377414e-09,4.4176713994548315e-09,4.055890394546286e-09,4.4176713994548315e-09,0,solver
423,3.806700439804972e-09,4.815700338174813e-09,4.3112003889898926e-09,4.815700338174813e-09,0,solver
424,4.8291982192107545e-09,4.58992092227907e-09,4.709559570744912e-09,4.8291982192107545e-09,0,solver
425,4.698101306004939e-09,4.6900980042491995e-09,4.694099655127069e-09,4.698101306004939e-09,0,solver
426,4.043301176757336e-09,4.381525922292458e-09,4.2124135495248975e-09,4.381525922292458e-09,0,solver
427,4.042712898081202e-09,3.743346790075659e-09,3.89302984407843e-09,4.042712898081202e-09,0,solver
428,4.485943609362149e-09,4.093182354282698e-09,4.2895629818224235e-09,4.485943609362149e-09,0,solver
429,4.2589053045948045e-09,5.416513596349468e-09,4.837709450472136e-09,5.416513596349468e-09,0,solver
430,5.462322223200165e-09,4.507735629638044e-09,4.985028926419105e-09,5.462322223200165e-09,0,solver
431,4.761766467030458e-09,4.672723620162556e-09,4.717245043596507e-09,4.761766467030458e-09,0,solver
432,3.937604867117666e-09,4.831662543200297e-09,4.3846337051589815e-09,4.831662543200297e-09,0,solver
433,4.33633461671737e-09,4.3994800975398576e-09,4.367907357128614e-09,4.3994800975398576e-09,0,solver
434,4.928541896451805e-09,4.061983845608678e-09,4.495262871030242e-09,4.928541896451805e-09,0,solver
435,4.549604969035891e-09,4.785906465653406e-09,4.667755717344648e-09,4.785906465653406e-09,0,solver
436,5.184827931853938e-09,4.341552480151579e-09,4.763190206002759e-09,5.184827931853938e-09,0,solver
437,5.249206758296422e-09,4.348378739328238e-09,4.7987927488123305e-09,5.249206758296422e-09,0,solver
438,4.910719739772036e-09,4.33197361491082e-09,4.621346677341428e-09,4.910719739772036e-09,0,solver
439,4.10563284268039e-09,4.2628398012457415e-09,4.184236321963065e-09,4.2628398012457415e-09,0,solver
440,3.7835105289840965e-09,3.909065235584009e-09,3.846287882284053e-09,3.909065235584009e-09,0,solver
441,4.035665728654174e-09,3.8388365413603075e-09,3.937251135007241e-09,4.035665728654174e-09,0,solver
442,4.421930543478734e-09,4.025076947868651e-09,4.2235037456736925e-09,4.421930543478734e-09,0,solver
443,4.719253072412065e-09,4.243632616698465e-09,4.481442844555265e-09,4.719253072412065e-09,0,solver
444,4.68114007195788e-09,4.7162327294297615e-09,4.698686400693821e-09,4.7162327294297615e-09,0,solver
445,3.9421384400875946e-09,5.4475990180720424e-09,4.6948687290798185e-09,5.4475990180720424e-09,0,solver
446,4.76856667586066e-09,4.421581065574895e-09,4.595073870717778e-09,4.76856667586066e-09,0,solver
447,4.519870964497062e-09,4.243964161585911e-09,4.381917563041487e-09,4.519870964497062e-09,0,solver
448,4.093825163682744e-09,4.4658395329003696e-09,4.279832348291557e-09,4.4658395329003696e-09,0,solver
449,4.058408304104589e-09,4.528023232522515e-09,4.293215768313551e-09,4.528023232522515e-09,0,solver
450,4.30218592597585e-09,4.22805806801074e-09,4.265121996993295e-09,4.30218592597585e-09,0,solver
451,4.0614870434427644e-09,4.129057752813831e-09,4.0952723981282975e-09,4.129057752813831e-09,0,solver
452,4.075063820945983e-09,4.075793510571006e-09,4.075428665758494e-09,4.075793510571006e-09,0,solver
453,4.564353671140434e-09,4.244635858314326e-09,4.404494764727381e-09,4.564353671140434e-09,0,solver
454,4.945300729322798e-09,4.522985680355734e-09,4.734143204839266e-09,4.945300729322798e-09,0,solver
455,5.729186284779598e-09,3.727996219398204e-09,4.728591252088901e-09,5.729186284779598e-09,0,solver
456,4.794064207627708e-09,4.835793773379211e-09,4.81492899050346e-09,4.835793773379211e-09,0,solver
457,4.077420488794066e-09,5.310474832681907e-09,4.693947660737987e-09,5.310474832681907e-09,0,solver
458,4.344465577836861e-09,4.965021119576314e-09,4.6547433487065875e-09,4.965021119576314e-09,0,solver
459,4.639783867869009e-09,5.134732655744038e-09,4.887258261806524e-09,5.134732655744038e-09,0,solver
460,4.577136899986623e-09,5.910757190251936e-09,5.24394704511928e-09,5.910757190251936e-09,0,solver
461,5.447118023596182e-09,5.184979000326367e-09,5.316048511961275e-09,5.447118023596182e-09,0,solver
462,5.947009347572177e-09,3.4995471289665754e-09,4.723278238269376e-09,5.947009347572177e-09,0,solver
463,3.6976046352886846e-09,5.051221061918446e-09,4.374412848603565e-09,5.051221061918446e-09,0,solver
464,3.7673534431379835e-09,4.8314331081424875e-09,4.2993932756402355e-09,4.8314331081424875e-09,0,solver
465,4.845178209615066e-09,3.749172249220253e-09,4.297175229417659e-09,4.845178209615066e-09,0,solver
466,3.602472595116535e-09,4.531896117585926e-09,4.06718435635123e-09,4.531896117585926e-09,0,solver
467,4.045378892871295e-09,3.6590787352096965e-09,3.8522288140404956e-09,4.045378892871295e-09,0,solver
468,4.468062935481977e-09,3.7586100370149706e-09,4.113336486248474e-09,4.468062935481977e-09,0,solver
469,5.274507883657537e-09,4.101096294265528e-09,4.687802088961533e-09,5.274507883657537e-09,0,solver
470,5.924510445075947e-09,4.0691119102795935e-09,4.99681117767777e-09,5.924510445075947e-09,0,solver
471,4.790035261419014e-09,5.273027419371194e-09,5.031531340395104e-09,5.273027419371194e-09,0,solver
472,3.6412841919893176e-09,5.641246019340446e-09,4.641265105664882e-09,5.641246019340446e-09,0,solver
473,4.412417159045703e-09,4.32382904484105e-09,4.368123101943377e-09,4.412417159045703e-09,0,solver
474,4.271976605778599e-09,3.939136466051815e-09,4.105556535915207e-09,4.271976605778599e-09,0,solver
475,4.37881920417202e-09,4.2684131956968194e-09,4.32361619993442e-09,4.37881920417202e-09,0,solver
476,5.2553882540612685e-09,4.476615839616621e-09,4.866002046838944e-09,5.2553882540612685e-09,0,solver
477,4.2474822876603725e-09,5.89351482964473e-09,5.070498558652552e-09,5.89351482964473e-09,0,solver
478,5.465305732289684e-09,4.034071143607293e-09,4.749688437948488e-09,5.465305732289684e-09,0,solver
479,3.5329671242685068e-09,5.064443960637909e-09,4.298705542453208e-09,5.064443960637909e-09,0,solver
480,4.3797627327194855e-09,4.807727077914349e-09,4.593744905316918e-09,4.807727077914349e-09,0,solver
481,4.9982488115015355e-09,5.5798795381264e-09,5.2890641748139675e-09,5.5798795381264e-09,0,solver
482,5.869215545289147e-09,5.357862218144192e-09,5.61353888171667e-09,5.869215545289147e-09,0,solver
483,5.709803529558317e-09,4.581102133937311e-09,5.1454528317478134e-09,5.709803529558317e-09,0,solver
484,4.20965317161372e-09,4.601918772721369e-09,4.405785972167544e-09,4.601918772721369e-09,0,solver
485,4.598530972656533e-09,4.093887367236966e-09,4.34620916994675e-09,4.598530972656533e-09,0,solver
486,4.962825049272949e-09,4.960000926579564e-09,4.9614129879262566e-09,4.962825049272949e-09,0,solver
487,4.607088468707675e-09,5.853836665918867e-09,5.230462567313271e-09,5.853836665918867e-09,0,solver
488,4.953154446853015e-09,5.250708825303987e-09,5.101931636078501e-09,5.250708825303987e-09,0,solver
489,5.281154115577444e-09,4.45380052484338e-09,4.867477320210413e-09,5.281154115577444e-09,0,solver
490,5.2515620348187325e-09,4.042896811973162e-09,4.647229423395947e-09,5.2515620348187325e-09,0,solver
491,4.144402834549515e-09,4.5471029857219576e-09,4.345752910135736e-09,4.5471029857219576e-09,0,solver
492,3.8746162365442266e-09,4.299863144536916e-09,4.087239690540572e-09,4.299863144536916e-09,0,solver
493,4.4536699082993136e-09,3.82558772704034e-09,4.139628817669827e-09,4.4536699082993136e-09,0,solver
494,4.138850431584244e-09,4.427538989587176e-09,4.28319471058571e-09,4.427538989587176e-09,0,solver
495,4.0685461066828906e-09,4.325744519134633e-09,4.197145312908762e-09,4.325744519134633e-09,0,solver
496,4.5206693027137695e-09,3.394804121917095e-09,3.9577367123154324e-09,4.5206693027137695e-09,0,solver
497,4.020618664740823e-09,4.219720459617757e-09,4.12016956217929e-09,4.219720459617757e-09,0,solver
498,4.237637676352006e-09,4.9543411586740546e-09,4.59598941751303e-09,4.9543411586740546e-09,0,solver
499,5.2189251692488465e-09,4.594590598856722e-09,4.9067578840527844e-09,5.2189251692488465e-09,0,solver
500,4.950811359537498e-09,4.4832373192650306e-09,4.717024339401264e-09,4.950811359537498e-09,0,solver
501,3.973454567845761e-09,4.487503163583131e-09,4.2304788657144465e-09,4.487503163583131e-09,0,solver
502,4.005438810078472e-09,3.921154998295929e-09,3.963296904187201e-09,4.005438810078472e-09,0,solver
503,4.169100760329382e-09,4.325626199465173e-09,4.247363479897278e-09,4.325626199465173e-09,0,solver
504,3.961811239254405e-09,5.547081229964549e-09,4.7544462346094774e-09,5.547081229964549e-09,0,solver
505,4.896963824116106e-09,5.217492128713197e-09,5.057227976414651e-09,5.217492128713197e-09,0,solver
506,4.655450426235586e-09,4.700720609992467e-09,4.678085518114027e-09,4.700720609992467e-09,0,solver
507,4.130275612429445e-09,4.156080763642642e-09,4.1431781880360434e-09,4.156080763642642e-09,0,solver
508,4.504581529739389e-09,4.41514529911464e-09,4.4598634144270144e-09,4.504581529739389e-09,0,solver
509,5.967170511087356e-09,4.981958083934611e-09,5.474564297510983e-09,5.967170511087356e-09,0,solver
510,5.360407765188038e-09,6.895668915069758e-09,6.128038340128898e-09,6.895668915069758e-09,0,solver
511,6.510730975908285e-09,5.7214094089974026e-09,6.116070192452844e-09,6.510730975908285e-09,0,solver
512,0.0768876692770745,5.937771999696052e-09,0.038443837607423245,0.0768876692770745,0,solver
1,0.8158821414726959,0.706130722274506,0.761006431873601,0.8158821414726959,0,error
2,0.6247711717013266,0.4539681465232115,0.539369659112269,0.6247711717013266,0,error
3,0.28047550813599875,0.31342524291101215,0.29695037552350545,0.31342524291101215,0,error
4,0.2044801978060414,0.15558658963169314,0.18003339371886729,0.2044801978060414,0,error
5,0.20256518803627632,0.1539684591000134,0.17826682356814486,0.20256518803627632,0,error
6,0.10152370705757517,0.18941852730671743,0.1454711171821463,0.18941852730671743,0,error
7,0.1305019725600094,0.131470942569618,0.1309864575648137,0.131470942569618,0,error
8,0.08909293697533692,0.1434669185058643,0.11627992774060061,0.1434669185058643,0,error
9,0.09395132992536465,0.107782332402106,0.10086683116373532,0.107782332402106,0,error
10,0.11630025225222769,0.11258147583601724,0.11444086404412246,0.11630025225222769,0,error
11,0.08093990827800603,0.12749266461879805,0.10421628644840203,0.12749266461879805,0,error
12,0.10888033413755908,0.09754137971765506,0.10321085692760706,0.10888033413755908,0,error
13,0.15565880602102886,0.09280775060751098,0.12423327831426992,0.15565880602102886,0,error
14,0.19071808826594555,0.1691079707055318,0.17991302948573867,0.19071808826594555,0,error
15,0.13393121725241938,0.14867073658833596,0.14130097692037769,0.14867073658833596,0,error
16,0.12269904565150622,0.14547110828949986,0.13408507697050304,0.14547110828949986,0,error
17,0.17503573582978027,0.1209590852344861,0.1479974105321332,0.17503573582978027,0,error
18,0.12794358235013079,0.13529561386125644,0.13161959810569362,0.13529561386125644,0,error
19,0.10774709374337482,0.11921991215927864,0.11348350295132673,0.11921991215927864,0,error
20,0.1256157976613205,0.09997170520501311,0.1127937514331668,0.1256157976613205,0,error
21,0.090361916312772,0.09368451256782068,0.09202321444029635,0.09368451256782068,0,error
22,0.08165617433478756,0.07986442629384412,0.08076030031431583,0.08165617433478756,0,error
23,0.07016705572868309,0.08263874909093721,0.07640290240981015,0.08263874909093721,0,error
24,0.06812183248170331,0.06792329977452467,0.068022566128114,0.06812183248170331,0,error
25,0.061884821111685605,0.057555351690220184,0.059720086400952895,0.061884821111685605,0,error
26,0.052942766048339036,0.0659592024961221,0.05945098427223057,0.0659592024961221,0,error
27,0.05828826513267771,0.0503947086260777,0.054341486879377704,0.05828826513267771,0,error
28,0.04530072160855247,0.047351727451980914,0.04632622453026669,0.047351727451980914,0,error
29,0.042671934545791664,0.047774405621737334,0.0452231700837645,0.047774405621737334,0,error
30,0.03853232397222629,0.034119925003690474,0.03632612448795838,0.03853232397222629,0,error
31,0.030335402283237712,0.031356260854681565,0.03084583156895964,0.031356260854681565,0,error
32,0.02864382035279833,0.026715124036901797,0.027679472194850063,0.02864382035279833,0,error
33,0.028104963481388082,0.028564593500111278,0.028334778490749682,0.028564593500111278,0,error
34,0.027930364178245296,0.026446707456726715,0.027188535817486006,0.027930364178245296,0,error
35,0.02745524285610137,0.026675696084814883,0.027065469470458126,0.02745524285610137,0,error
36,0.023830779400640302,0.027932117327438624,0.025881448364039463,0.027932117327438624,0,error
37,0.02323007769874057,0.021533233558188838,0.022381655628464704,0.02323007769874057,0,error
38,0.02172671664407721,0.018701117913838997,0.020213917278958105,0.02172671664407721,0,error
39,0.01654333491867198,0.017366343705424798,0.016954839312048386,0.017366343705424798,0,error
40,0.01587092798223767,0.01697977929041587,0.01642535363632677,0.01697977929041587,0,error
41,0.01583712623733383,0.016081965621391775,0.0159595459293628,0.016081965621391775,0,error
42,0.016845043327674107,0.016618564772524057,0.01673180405009908,0.016845043327674107,0,error
43,0.016553468740037672,0.01777278136894254,0.017163125054490108,0.01777278136894254,0,error
44,0.01755877147078173,0.016858766885014084,0.017208769177897907,0.01755877147078173,0,error
45,0.017436570994839813,0.01567820169376628,0.016557386344303045,0.017436570994839813,0,error
46,0.015050060163611895,0.0158226473860865,0.015436353774849197,0.0158226473860865,0,error
47,0.014204453226591201,0.015496198626576961,0.014850325926584081,0.015496198626576961,0,error
48,0.014252611839058047,0.014352073311143404,0.014302342575100727,0.014352073311143404,0,error
49,0.014764562009222255,0.013965920400203799,0.014365241204713027,0.014764562009222255,0,error
50,0.014600947672072366,0.01439952234269707,0.014500235007384718,0.014600947672072366,0,error
51,0.014901667527908408,0.014894288298047651,0.01489797791297803,0.014901667527908408,0,error
52,0.015129238320242018,0.014983478477857207,0.015056358399049612,0.015129238320242018,0,error
53,0.014761279273176933,0.015261552793420891,0.015011416033298912,0.015261552793420891,0,error
54,0.014650785705709409,0.015049198833541529,0.014849992269625469,0.015049198833541529,0,error
55,0.014783023748207388,0.01444388709731064,0.014613455422759013,0.014783023748207388,0,error
56,0.014747618504834433,0.01427075618472273,0.01450918734477858,0.014747618504834433,0,error
57,0.014374258391889798,0.014435036340633756,0.014404647366261777,0.014435036340633756,0,error
58,0.01435937542491567,0.014609361565453092,0.01448436849518438,0.014609361565453092,0,error
59,0.014504630871030674,0.014590564544867044,0.014547597707948858,0.014590564544867044,0,error
60,0.014612617274589316,0.014646094751111163,0.01462935601285024,0.014646094751111163,0,error
61,0.014662975219779599,0.014637536039028447,0.014650255629404023,0.014662975219779599,0,error
62,0.014695801611890118,0.014530720297547253,0.014613260954718685,0.014695801611890118,0,error
63,0.01465845003957708,0.014516447837087101,0.01458744893833209,0.01465845003957708,0,error
64,0.014447198759245739,0.014586021488894214,0.014516610124069976,0.014586021488894214,0,error
65,0.014424749929006142,0.014579765532541873,0.014502257730774008,0.014579765532541873,0,error
66,0.014503082944154458,0.01449126474194813,0.014497173843051294,0.014503082944154458,0,error
67,0.014553055215188807,0.014472031462786824,0.014512543338987816,0.014553055215188807,0,error
68,0.014581840708140633,0.014510159173037445,0.01454599994058904,0.014581840708140633,0,error
69,0.014546542518707298,0.014546896577255799,0.014546719547981549,0.014546896577255799,0,error
70,0.014563202371942778,0.014574054323879758,0.014568628347911268,0.014574054323879758,0,error
71,0.01452445421396663,0.014583134887280072,0.01455379455062335,0.014583134887280072,0,error
72,0.014534010069933418,0.014568855448083442,0.01455143275900843,0.014568855448083442,0,error
73,0.01456212114473528,0.014534535905278463,0.01454832852500687,0.01456212114473528,0,error
74,0.014545518166721578,0.014532513498270736,0.014539015832496158,0.014545518166721578,0,error
75,0.014567460047924028,0.014542172033851641,0.014554816040887835,0.014567460047924028,0,error
76,0.014550004840466622,0.014547407631925118,0.01454870623619587,0.014550004840466622,0,error
77,0.014562064768027658,0.014563640067067205,0.014562852417547432,0.014563640067067205,0,error
78,0.014549095778413393,0.014573691036767316,0.014561393407590354,0.014573691036767316,0,error
79,0.014545059128229917,0.014573276659328593,0.014559167893779255,0.014573276659328593,0,error
80,0.014577951341970955,0.01454788807835366,0.014562919710162308,0.014577951341970955,0,error
81,0.014565755256292565,0.014535898697949906,0.014550826977121236,0.014565755256292565,0,error
82,0.014569115593238754,0.014544615821655407,0.01455686570744708,0.014569115593238754,0,error
83,0.014539998571372443,0.01455719004169207,0.014548594306532256,0.01455719004169207,0,error
84,0.01453196624649105,0.014566628513956681,0.014549297380223866,0.014566628513956681,0,error
85,0.014546163949789297,0.014556577988690055,0.014551370969239676,0.014556577988690055,0,error
86,0.014545994945651052,0.014544437152299798,0.014545216048975424,0.014545994945651052,0,error
87,0.01456922925741192,0.014536147155235723,0.01455268820632382,0.01456922925741192,0,error
88,0.014550239049052246,0.014539862375056521,0.014545050712054385,0.014550239049052246,0,error
89,0.014546108365970223,0.014554409034650316,0.01455025870031027,0.014554409034650316,0,error
90,0.014540559296084289,0.014556954581881271,0.01454875693898278,0.014556954581881271,0,error
91,0.014539645067584471,0.014554730447671456,0.014547187757627963,0.014554730447671456,0,error
92,0.014561633742558089,0.01454312962178495,0.01455238168217152,0.014561633742558089,0,error
93,0.014553843175745013,0.01453857863325209,0.014546210904498551,0.014553843175745013,0,error
94,0.014559123017303853,0.01454559003404206,0.014552356525672955,0.014559123017303853,0,error
95,0.014543295873068478,0.014552832539695446,0.014548064206381963,0.014552832539695446,0,error
96,0.014538934202346487,0.014559958961375657,0.014549446581861072,0.014559958961375657,0,error
97,0.014549823140416024,0.014552168611105266,0.014550995875760645,0.014552168611105266,0,error
98,0.014549228377003627,0.01454513457138766,0.014547181474195644,0.014549228377003627,0,error
99,0.01456200102667044,0.014542851021246282,0.01455242602395836,0.01456200102667044,0,error
100,0.014549083646479447,0.014546754403677122,0.014547919025078284,0.014549083646479447,0,error
101,0.014547874587438689,0.014555157562603305,0.014551516075020997,0.014555157562603305,0,error
102,0.014547544575698209,0.014553514231479025,0.014550529403588617,0.014553514231479025,0,error
103,0.014547297474373722,0.01455113242836147,0.014549214951367595,0.01455113242836147,0,error
104,0.014558682326081996,0.014545705601725672,0.014552193963903833,0.014558682326081996,0,error
105,0.014550121464494196,0.014545281204413023,0.01454770133445361,0.014550121464494196,0,error
106,0.014552342704629477,0.014550037056036635,0.014551189880333056,0.014552342704629477,0,error
107,0.014545401799587108,0.014550919239883466,0.014548160519735287,0.014550919239883466,0,error
108,0.014544902190914888,0.014552802581798351,0.01454885238635662,0.014552802581798351,0,error
109,0.014551482102454763,0.01454833638863852,0.014549909245546642,0.014551482102454763,0,error
110,0.014548319893327817,0.014546794872451625,0.01454755738288972,0.014548319893327817,0,error
111,0.014554951688725951,0.014547061293525072,0.014551006491125512,0.014554951688725951,0,error
112,0.014548248546569213,0.01454805538522137,0.014548151965895291,0.014548248546569213,0,error
113,0.014549230693012316,0.01455152352045073,0.014550377106731523,0.01455152352045073,0,error
114,0.014549959743781437,0.014549838610674343,0.01454989917722789,0.014549959743781437,0,error
115,0.014548234754932316,0.014549800663309131,0.014549017709120725,0.014549800663309131,0,error
116,0.014554012824696207,0.014547770174030862,0.014550891499363535,0.014554012824696207,0,error
117,0.01454856005027595,0.014547755314130169,0.01454815768220306,0.01454856005027595,0,error
118,0.014550854221284156,0.01455002568223429,0.014550439951759222,0.014550854221284156,0,error
119,0.01454798843932469,0.014549442956146673,0.014548715697735682,0.014549442956146673,0,error
120,0.014547563256884347,0.014550760184381537,0.014549161720632942,0.014550760184381537,0,error
121,0.014551375762356917,0.014548549138613516,0.014549962450485216,0.014551375762356917,0,error
122,0.014548489152202861,0.014548313913286799,0.01454840153274483,0.014548489152202861,0,error
123,0.014552618236201496,0.014548621775233738,0.014550620005717618,0.014552618236201496,0,error
124,0.014549179311271513,0.014548454097238131,0.014548816704254822,0.014549179311271513,0,error
125,0.01454991823464126,0.014550309950319406,0.014550114092480332,0.014550309950319406,0,error
126,0.014550470105332546,0.01454915758951067,0.014549813847421607,0.014550470105332546,0,error
127,0.014548585491939249,0.01454959249223627,0.014549088992087759,0.01454959249223627,0,error
128,0.014551879761714664,0.01454878183844249,0.014550330800078577,0.014551879761714664,0,error
129,0.014548654325135019,0.014548511896517723,0.014548583110826371,0.014548654325135019,0,error
130,0.014550318254769068,0.01454963881928503,0.01454997853702705,0.014550318254769068,0,error
131,0.014549081566113651,0.014548872646143091,0.014548977106128371,0.014549081566113651,0,error
132,0.014548569724190835,0.014549855762630381,0.014549212743410608,0.014549855762630381,0,error
133,0.014550861419398908,0.01454874027853896,0.014549800848968935,0.014550861419398908,0,error
134,0.014548921774717907,0.014548694703075396,0.014548808238896652,0.014548921774717907,0,error
135,0.014551394549398836,0.01454899829134291,0.014550196420370873,0.014551394549398836,0,error
136,0.0145495193574656,0.014548616487569065,0.014549067922517332,0.0145495193574656,0,error
137,0.014549804232238985,0.014549788509559748,0.014549796370899367,0.014549804232238985,0,error
138,0.014550293892261383,0.014549021040491668,0.014549657466376525,0.014550293892261383,0,error
139,0.014548912847332632,0.014549391072861044,0.014549151960096839,0.014549391072861044,0,error
140,0.014550888201238149,0.014549016444700167,0.014549952322969158,0.014550888201238149,0,error
141,0.014548946190027227,0.014548731421339108,0.014548838805683167,0.014548946190027227,0,error
142,0.014550002888586364,0.01454942876072166,0.014549715824654013,0.014550002888586364,0,error
143,0.014549547044558712,0.014548837627021714,0.014549192335790214,0.014549547044558712,0,error
144,0.014549136102039659,0.014549456746093273,0.014549296424066466,0.014549456746093273,0,error
145,0.014550574950351964,0.014548855688575849,0.014549715319463906,0.014550574950351964,0,error
146,0.014549292685571397,0.014548854731473798,0.014549073708522597,0.014549292685571397,0,error
147,0.014550695806051173,0.0145491765367895,0.014549936171420336,0.014550695806051173,0,error
148,0.01454965704031521,0.014548852347819722,0.014549254694067466,0.01454965704031521,0,error
149,0.014549717417509876,0.014549548013990965,0.01454963271575042,0.014549717417509876,0,error
150,0.014550141821436739,0.014548977596325905,0.014549559708881322,0.014550141821436739,0,error
151,0.014549181394839959,0.014549225588579826,0.014549203491709892,0.014549225588579826,0,error
152,0.014550361576590695,0.014549086098895086,0.01454972383774289,0.014550361576590695,0,error
153,0.014549267059238506,0.014548849456775908,0.014549058258007206,0.014549267059238506,0,error
154,0.014549865102545781,0.014549321302692436,0.014549593202619109,0.014549865102545781,0,error
155,0.01454977292735313,0.014548858720090888,0.01454931582372201,0.01454977292735313,0,error
156,0.014549428506477145,0.014549274671640253,0.0145493515890587,0.014549428506477145,0,error
157,0.014550357059763833,0.01454895605941439,0.014549656559589112,0.014550357059763833,0,error
158,0.014549487789406455,0.014548956590176047,0.014549222189791251,0.014549487789406455,0,error
159,0.0145502555193125,0.014549212531996245,0.014549734025654373,0.0145502555193125,0,error
160,0.014549719573186251,0.014548933497401764,0.014549326535294008,0.014549719573186251,0,error
161,0.01454967003903436,0.014549367055940954,0.014549518547487657,0.01454967003903436,0,error
162,0.014550018690991196,0.014549002973297828,0.014549510832144511,0.014550018690991196,0,error
163,0.01454939149823545,0.014549133966386558,0.014549262732311004,0.01454939149823545,0,error
164,0.014550104582145059,0.014549106039369571,0.014549605310757316,0.014550104582145059,0,error
165,0.014549514254943484,0.014548924341015661,0.014549219297979574,0.014549514254943484,0,error
166,0.014549815462341076,0.014549250977641846,0.01454953321999146,0.014549815462341076,0,error
167,0.014549852434038663,0.014548929517097506,0.014549390975568084,0.014549852434038663,0,error
168,0.014549591974352792,0.014549180427657172,0.014549386201004981,0.014549591974352792,0,error
169,0.014550138939014991,0.014549031757263789,0.01454958534813939,0.014550138939014991,0,error
170,0.01454960918243372,0.014549015281810018,0.014549312232121869,0.01454960918243372,0,error
171,0.01455000352722264,0.014549200047113391,0.014549601787168015,0.01455000352722264,0,error
172,0.014549757974494293,0.014548974488159115,0.014549366231326704,0.014549757974494293,0,error
173,0.01454967818998546,0.014549254273311807,0.014549466231648633,0.01454967818998546,0,error
174,0.014549927745690564,0.014549031074219648,0.014549479409955105,0.014549927745690564,0,error
175,0.01454953608918094,0.014549095542018428,0.014549315815599685,0.01454953608918094,0,error
176,0.01454997353044772,0.014549103948981977,0.01454953873971485,0.01454997353044772,0,error
177,0.014549655814963721,0.01454897589558201,0.014549315855272867,0.014549655814963721,0,error
178,0.014549796418489861,0.014549189902166235,0.014549493160328048,0.014549796418489861,0,error
179,0.014549864919712484,0.014548993399230874,0.014549429159471678,0.014549864919712484,0,error
180,0.014549662774706035,0.014549139241212442,0.014549401007959237,0.014549662774706035,0,error
181,0.014549986424233451,0.014549074344006768,0.014549530384120109,0.014549986424233451,0,error
182,0.014549681589872639,0.014549039023351359,0.014549360306611999,0.014549681589872639,0,error
183,0.014549887423178889,0.014549162549429093,0.014549524986303991,0.014549887423178889,0,error
184,0.014549778750803315,0.014549012987410627,0.01454939586910697,0.014549778750803315,0,error
185,0.014549691674311601,0.014549180787358265,0.014549436230834933,0.014549691674311601,0,error
186,0.014549871157886453,0.014549058717676422,0.014549464937781437,0.014549871157886453,0,error
187,0.01454964388219103,0.014549084405948877,0.014549364144069953,0.01454964388219103,0,error
188,0.014549882453489616,0.014549106674223511,0.014549494563856563,0.014549882453489616,0,error
189,0.014549731458121684,0.014549010629581862,0.014549371043851773,0.014549731458121684,0,error
190,0.014549785360515455,0.014549142979166948,0.014549464169841202,0.014549785360515455,0,error
191,0.014549844395360605,0.014549034397709004,0.014549439396534804,0.014549844395360605,0,error
192,0.014549703767011615,0.014549123896673026,0.014549413831842321,0.014549703767011615,0,error
193,0.014549885412133506,0.014549095381306125,0.014549490396719815,0.014549885412133506,0,error
194,0.014549727233847448,0.014549046463437059,0.014549386848642255,0.014549727233847448,0,error
195,0.014549827400865644,0.014549131827172386,0.014549479614019015,0.014549827400865644,0,error
196,0.01454979335368734,0.014549036140572754,0.014549414747130047,0.01454979335368734,0,error
197,0.014549723483707958,0.014549135155070276,0.014549429319389117,0.014549723483707958,0,error
198,0.014549830015967572,0.014549079726502025,0.0145494548712348,0.014549830015967572,0,error
199,0.014549705301053872,0.014549084344967513,0.014549394823010693,0.014549705301053872,0,error
200,0.014549830696800062,0.014549104757066245,0.014549467726933153,0.014549830696800062,0,error
201,0.01454976771855022,0.014549033642783172,0.014549400680666695,0.01454976771855022,0,error
202,0.014549781060989893,0.01454911387197311,0.014549447466481503,0.014549781060989893,0,error
203,0.014549813050911159,0.014549063388329491,0.014549438219620325,0.014549813050911159,0,error
204,0.014549729489483566,0.01454910361617991,0.014549416552831738,0.014549729489483566,0,error
205,0.014549823862387299,0.014549101299756445,0.014549462581071872,0.014549823862387299,0,error
206,0.014549754676767229,0.014549063070413225,0.014549408873590228,0.014549754676767229,0,error
207,0.01454980329622825,0.014549105111307007,0.014549454203767628,0.01454980329622825,0,error
208,0.014549791200356195,0.014549053435505539,0.014549422317930867,0.014549791200356195,0,error
209,0.014549747031387013,0.01454911273440765,0.01454942988289733,0.014549747031387013,0,error
210,0.014549798697466684,0.01454908783124579,0.014549443264356237,0.014549798697466684,0,error
211,0.01454973424380829,0.014549085384218096,0.014549409814013193,0.01454973424380829,0,error
212,0.014549809280638093,0.014549095710877601,0.014549452495757847,0.014549809280638093,0,error
213,0.014549783596821388,0.014549050377704206,0.014549416987262797,0.014549783596821388,0,error
214,0.014549780441585938,0.014549097048750351,0.014549438745168144,0.014549780441585938,0,error
215,0.014549798766158863,0.014549075536413969,0.014549437151286416,0.014549798766158863,0,error
216,0.01454974278826436,0.014549102556386896,0.014549422672325629,0.01454974278826436,0,error
217,0.014549795793507615,0.014549096176590243,0.014549445985048929,0.014549795793507615,0,error
218,0.014549764064329033,0.014549070332969235,0.014549417198649134,0.014549764064329033,0,error
219,0.014549794768925381,0.014549091371714219,0.0145494430703198,0.014549794768925381,0,error
220,0.01454979029897758,0.014549070271407729,0.014549430285192655,0.01454979029897758,0,error
221,0.014549756625111536,0.014549100383487893,0.014549428504299715,0.014549756625111536,0,error
222,0.014549779464787962,0.014549094982995643,0.014549437223891803,0.014549779464787962,0,error
223,0.014549750654399977,0.014549085715526601,0.01454941818496329,0.014549750654399977,0,error
224,0.014549791834450158,0.014549087668944598,0.014549439751697379,0.014549791834450158,0,error
225,0.014549785329534338,0.014549065944750108,0.014549425637142222,0.014549785329534338,0,error
226,0.014549779035946507,0.014549088442107387,0.014549433739026948,0.014549779035946507,0,error
227,0.01454977888199587,0.014549085752948141,0.014549432317472005,0.01454977888199587,0,error
228,0.014549757842255522,0.014549095935661865,0.014549426888958694,0.014549757842255522,0,error
229,0.014549781320495347,0.014549095805144057,0.014549438562819702,0.014549781320495347,0,error
230,0.014549770547361122,0.01454907519189856,0.01454942286962984,0.014549770547361122,0,error
231,0.014549785308161875,0.014549085397090926,0.0145494353526264,0.014549785308161875,0,error
232,0.01454978380172749,0.014549074352367877,0.014549429077047683,0.01454978380172749,0,error
233,0.014549761023381885,0.014549096813142209,0.014549428918262046,0.014549761023381885,0,error
234,0.014549772644354593,0.014549092988803974,0.014549432816579284,0.014549772644354593,0,error
235,0.014549761711754051,0.014549088911595166,0.014549425311674608,0.014549761711754051,0,error
236,0.014549781028600203,0.014549087531099026,0.014549434279849616,0.014549781028600203,0,error
237,0.014549781800339225,0.014549071395763518,0.014549426598051371,0.014549781800339225,0,error
238,0.01454977600373763,0.014549086600675588,0.014549431302206609,0.01454977600373763,0,error
239,0.014549776711994446,0.014549082822500965,0.014549429767247705,0.014549776711994446,0,error
240,0.014549761548229968,0.0145490951865496,0.014549428367389785,0.014549761548229968,0,error
241,0.01454977517931468,0.014549091589602707,0.014549433384458695,0.01454977517931468,0,error
242,0.014549771340647706,0.01454908128470264,0.014549426312675173,0.014549771340647706,0,error
243,0.014549780697602717,0.014549085327602783,0.01454943301260275,0.014549780697602717,0,error
244,0.014549778136619103,0.014549079413626586,0.014549428775122844,0.014549778136619103,0,error
245,0.01454976668217244,0.014549088993252444,0.014549427837712441,0.01454976668217244,0,error
246,0.014549769749307058,0.01454909063193236,0.01454943019061971,0.014549769749307058,0,error
247,0.014549766508290358,0.01454908953560978,0.01454942802195007,0.014549766508290358,0,error
248,0.014549775361259868,0.014549085763393197,0.014549430562326533,0.014549775361259868,0,error
249,0.014549776004543838,0.01454907967454192,0.01454942783954288,0.014549776004543838,0,error
250,0.014549775990653296,0.014549083806237149,0.014549429898445224,0.014549775990653296,0,error
251,0.014549773477036622,0.014549083483428827,0.014549428480232725,0.014549773477036622,0,error
252,0.014549767758429297,0.014549090838956027,0.014549429298692662,0.014549767758429297,0,error
253,0.014549768510655672,0.014549090402753593,0.014549429456704632,0.014549768510655672,0,error
254,0.014549771540773105,0.014549083701447977,0.014549427621110542,0.014549771540773105,0,error
255,0.014549772880631683,0.014549087253379908,0.014549430067005795,0.014549772880631683,0,error
256,0.014549773837866677,0.014549079837129194,0.014549426837497936,0.014549773837866677,0,error
257,0.014549771387326183,0.014549088559532589,0.014549429973429385,0.014549771387326183,0,error
258,0.014549772930194778,0.014549084337470312,0.014549428633832545,0.014549772930194778,0,error
259,0.014549764965146495,0.0145490881901687,0.014549426577657598,0.014549764965146495,0,error
260,0.014549767729154065,0.014549091309120698,0.014549429519137382,0.014549767729154065,0,error
261,0.014549772192032837,0.014549084364665813,0.014549428278349326,0.014549772192032837,0,error
262,0.014549774410381659,0.014549083261867164,0.014549428836124412,0.014549774410381659,0,error
263,0.01454977525483703,0.014549078520384527,0.014549426887610779,0.01454977525483703,0,error
264,0.014549767115986477,0.014549086075467435,0.014549426595726956,0.014549767115986477,0,error
265,0.01454976970558703,0.014549090185853087,0.014549429945720059,0.01454976970558703,0,error
266,0.014549765479639784,0.014549093214569313,0.014549429347104549,0.014549765479639784,0,error
267,0.014549765883573753,0.01454908881357218,0.014549427348572966,0.014549765883573753,0,error
268,0.014549773211231961,0.014549080238220345,0.014549426724726153,0.014549773211231961,0,error
269,0.014549775485362907,0.01454908167510007,0.014549428580231488,0.014549775485362907,0,error
270,0.014549772358973624,0.014549083590606863,0.014549427974790244,0.014549772358973624,0,error
271,0.014549764734542623,0.014549091678138311,0.014549428206340467,0.014549764734542623,0,error
272,0.014549764435498927,0.014549092116849332,0.014549428276174128,0.014549764435498927,0,error
273,0.014549764579210304,0.01454908673028177,0.014549425654746036,0.014549764579210304,0,error
274,0.014549774559565598,0.014549082098056089,0.014549428328810843,0.014549774559565598,0,error
275,0.014549778929904309,0.01454907833515463,0.01454942863252947,0.014549778929904309,0,error
276,0.014549771665373714,0.014549084634643421,0.014549428150008568,0.014549771665373714,0,error
277,0.01454976393553913,0.014549092265004433,0.014549428100271782,0.01454976393553913,0,error
278,0.014549759673626579,0.014549094208732875,0.014549426941179727,0.014549759673626579,0,error
279,0.014549765344711914,0.014549090593356023,0.014549427969033968,0.014549765344711914,0,error
280,0.014549771545531543,0.014549082064013761,0.014549426804772652,0.014549771545531543,0,error
281,0.014549779887094511,0.014549074634698872,0.014549427260896692,0.014549779887094511,0,error
282,0.01454977303482834,0.014549082311415046,0.014549427673121694,0.01454977303482834,0,error
283,0.014549759998129424,0.014549092338265093,0.014549426168197259,0.014549759998129424,0,error
284,0.014549761894612497,0.014549092670387917,0.014549427282500207,0.014549761894612497,0,error
285,0.014549762876987457,0.014549091015291738,0.014549426946139598,0.014549762876987457,0,error
286,0.014549773310300286,0.014549083783990918,0.014549428547145603,0.014549773310300286,0,error
287,0.014549781520993519,0.014549074726164839,0.014549428123579178,0.014549781520993519,0,error
288,0.014549771474279556,0.01454907829293993,0.014549424883609743,0.014549771474279556,0,error
289,0.01454975781866942,0.014549095768090976,0.014549426793380199,0.01454975781866942,0,error
290,0.014549758817860654,0.0145490952232008,0.014549427020530727,0.014549758817860654,0,error
291,0.01454976028588278,0.014549093192253146,0.014549426739067964,0.01454976028588278,0,error
292,0.014549776169637419,0.014549080247379064,0.014549428208508242,0.014549776169637419,0,error
293,0.014549779564808754,0.014549074817733378,0.014549427191271065,0.014549779564808754,0,error
294,0.014549770703811775,0.014549082145287157,0.014549426424549466,0.014549770703811775,0,error
295,0.014549761649418786,0.014549092494966366,0.014549427072192575,0.014549761649418786,0,error
296,0.014549755382684253,0.014549097140514482,0.014549426261599368,0.014549755382684253,0,error
297,0.014549763184940721,0.0145490904992273,0.014549426842084011,0.014549763184940721,0,error
298,0.014549776492116482,0.014549078442793392,0.014549427467454936,0.014549776492116482,0,error
299,0.014549778315728588,0.014549074789957294,0.014549426552842942,0.014549778315728588,0,error
300,0.014549772555484286,0.014549079449447125,0.014549426002465705,0.014549772555484286,0,error
301,0.01454975958442765,0.014549093881995935,0.014549426733211792,0.01454975958442765,0,error
302,0.014549757923247766,0.014549097811168409,0.014549427867208087,0.014549757923247766,0,error
303,0.014549762013342763,0.014549091577933533,0.014549426795638148,0.014549762013342763,0,error
304,0.014549774191223405,0.014549077564162762,0.014549425877693083,0.014549774191223405,0,error
305,0.014549779615204499,0.014549074695969286,0.014549427155586893,0.014549779615204499,0,error
306,0.014549769518793311,0.014549081610357069,0.01454942556457519,0.014549769518793311,0,error
307,0.014549761370140635,0.014549091762006342,0.014549426566073487,0.014549761370140635,0,error
308,0.014549756887678338,0.01454909642620513,0.014549426656941734,0.014549756887678338,0,error
309,0.014549758743799282,0.014549090282998826,0.014549424513399054,0.014549758743799282,0,error
310,0.014549770630408325,0.014549082563559367,0.014549426596983845,0.014549770630408325,0,error
311,0.014549776974440706,0.014549077402480822,0.014549427188460765,0.014549776974440706,0,error
312,0.014549769268991103,0.014549082084390118,0.014549425676690611,0.014549769268991103,0,error
313,0.014549761463754307,0.014549088587135363,0.014549425025444835,0.014549761463754307,0,error
314,0.014549753939071472,0.014549095681841904,0.014549424810456688,0.014549753939071472,0,error
315,0.014549761409752986,0.014549093260018268,0.014549427334885626,0.014549761409752986,0,error
316,0.014549769232995079,0.014549083065287911,0.014549426149141495,0.014549769232995079,0,error
317,0.014549775801747333,0.014549073851549712,0.014549424826648522,0.014549775801747333,0,error
318,0.01454977370910677,0.014549080592263747,0.01454942715068526,0.01454977370910677,0,error
319,0.014549762198338345,0.014549087856878489,0.014549425027608417,0.014549762198338345,0,error
320,0.014549756443592726,0.014549095187596658,0.014549425815594692,0.014549756443592726,0,error
321,0.014549759660577212,0.014549096492839616,0.014549428076708414,0.014549759660577212,0,error
322,0.014549765832096558,0.014549084603618614,0.014549425217857586,0.014549765832096558,0,error
323,0.014549771612022633,0.014549079679410496,0.014549425645716565,0.014549771612022633,0,error
324,0.014549774773134074,0.01454907696596787,0.01454942586955097,0.014549774773134074,0,error
325,0.014549766823791992,0.014549085075216267,0.01454942594950413,0.014549766823791992,0,error
326,0.014549757311737946,0.01454909663913535,0.014549426975436649,0.014549757311737946,0,error
327,0.014549751063452927,0.014549099045620498,0.014549425054536713,0.014549751063452927,0,error
328,0.014549763001571434,0.014549087547664988,0.014549425274618211,0.014549763001571434,0,error
329,0.014549774222224447,0.014549078125400447,0.014549426173812448,0.014549774222224447,0,error
330,0.014549776671418888,0.014549074780051026,0.014549425725734956,0.014549776671418888,0,error
331,0.014549770086747653,0.0145490812995882,0.014549425693167927,0.014549770086747653,0,error
332,0.014549757835123293,0.0145490931401414,0.014549425487632345,0.014549757835123293,0,error
333,0.01454974885123266,0.01454910227537569,0.014549425563304175,0.01454974885123266,0,error
334,0.014549759278487428,0.014549091738269576,0.014549425508378502,0.014549759278487428,0,error
335,0.014549771919493883,0.014549077393341445,0.014549424656417665,0.014549771919493883,0,error
336,0.014549785648853845,0.014549065191312865,0.014549425420083355,0.014549785648853845,0,error
337,0.014549775133026396,0.014549076290829728,0.014549425711928063,0.014549775133026396,0,error
338,0.014549752693955056,0.01454909851422746,0.014549425604091257,0.014549752693955056,0,error
339,0.014549747046110643,0.014549104194556588,0.014549425620333616,0.014549747046110643,0,error
340,0.014549750699308242,0.014549097905131132,0.014549424302219687,0.014549750699308242,0,error
341,0.014549776279725495,0.014549076522817589,0.014549426401271541,0.014549776279725495,0,error
342,0.01454978999302948,0.014549062612912089,0.014549426302970785,0.01454978999302948,0,error
343,0.014549779118022226,0.014549069001087631,0.014549424059554929,0.014549779118022226,0,error
344,0.014549748889206411,0.014549102954379804,0.014549425921793108,0.014549748889206411,0,error
345,0.014549736299148481,0.01454911667853191,0.014549426488840195,0.014549736299148481,0,error
346,0.014549747486270258,0.014549102629450795,0.014549425057860527,0.014549747486270258,0,error
347,0.014549780053996118,0.014549067741488519,0.014549423897742319,0.014549780053996118,0,error
348,0.01454980365422179,0.014549048285012973,0.01454942596961738,0.01454980365422179,0,error
349,0.014549784372898644,0.014549066687280121,0.014549425530089383,0.014549784372898644,0,error
350,0.014549739708416656,0.01454911052502804,0.014549425116722348,0.014549739708416656,0,error
351,0.01454971699386905,0.01454913267555876,0.014549424834713904,0.01454971699386905,0,error
352,0.014549742713459504,0.014549104562269601,0.014549423637864552,0.014549742713459504,0,error
353,0.014549795294668636,0.01454905770879282,0.014549426501730727,0.014549795294668636,0,error
354,0.014549824011678631,0.014549029950071738,0.014549426980875184,0.014549824011678631,0,error
355,0.01454978549371701,0.014549061211625183,0.014549423352671096,0.01454978549371701,0,error
356,0.014549717336507742,0.014549129482027542,0.014549423409267643,0.014549717336507742,0,error
357,0.014549694268518947,0.01454915730850114,0.014549425788510043,0.014549694268518947,0,error
358,0.014549743094640922,0.01454910851402258,0.014549425804331752,0.014549743094640922,0,error
359,0.014549820117270565,0.014549029801953354,0.01454942495961196,0.014549820117270565,0,error
360,0.014549849051296748,0.014548999749228707,0.014549424400262728,0.014549849051296748,0,error
361,0.014549783667634444,0.014549063284790746,0.014549423476212596,0.014549783667634444,0,error
362,0.014549686622147218,0.01454916528513328,0.014549425953640248,0.014549686622147218,0,error
363,0.014549657306331393,0.014549195887034651,0.014549426596683023,0.014549657306331393,0,error
364,0.014549742897287209,0.01454910638299038,0.014549424640138794,0.014549742897287209,0,error
365,0.014549862399753635,0.014548986936579507,0.01454942466816657,0.014549862399753635,0,error
366,0.014549887654193744,0.014548960567747958,0.01454942411097085,0.014549887654193744,0,error
367,0.014549776103622902,0.014549073821068344,0.014549424962345623,0.014549776103622902,0,error
368,0.01454962699798664,0.014549223411840893,0.014549425204913768,0.01454962699798664,0,error
369,0.014549607390702475,0.014549242734826925,0.014549425062764701,0.014549607390702475,0,error
370,0.014549758102141186,0.014549093008224663,0.014549425555182925,0.014549758102141186,0,error
371,0.014549936386343953,0.014548914546136547,0.014549425466240249,0.014549936386343953,0,error
372,0.014549949452354029,0.014548898509423699,0.014549423980888864,0.014549949452354029,0,error
373,0.014549757437407976,0.014549091903744598,0.014549424670576287,0.014549757437407976,0,error
374,0.014549536983483803,0.014549311819929111,0.014549424401706458,0.014549536983483803,0,error
375,0.0145495324410709,0.01454931389953902,0.01454942317030496,0.0145495324410709,0,error
376,0.014549779441721183,0.014549070549996003,0.014549424995858592,0.014549779441721183,0,error
377,0.014550043447058035,0.014548808489681205,0.01454942596836962,0.014550043447058035,0,error
378,0.014550038160849718,0.014548812292106496,0.014549425226478108,0.014550038160849718,0,error
379,0.014549738899257113,0.014549112713581194,0.014549425806419153,0.014549738899257113,0,error
380,0.014549411952125614,0.014549437416687929,0.014549424684406773,0.014549437416687929,0,error
381,0.01454941305862293,0.014549433602953441,0.014549423330788186,0.014549433602953441,0,error
382,0.014549801223818536,0.014549048166395613,0.014549424695107074,0.014549801223818536,0,error
383,0.014550200851519791,0.014548647438223258,0.014549424144871525,0.014550200851519791,0,error
384,0.014550200710462317,0.014548649502205795,0.014549425106334056,0.014550200710462317,0,error
385,0.014549724064684955,0.01454912675962745,0.014549425412156203,0.014549724064684955,0,error
386,0.014549208642791632,0.014549641211011936,0.014549424926901783,0.014549641211011936,0,error
387,0.014549200548574639,0.014549649878890864,0.014549425213732751,0.014549649878890864,0,error
388,0.014549793284581199,0.014549053279844628,0.014549423282212913,0.014549793284581199,0,error
389,0.014550464601937303,0.014548379526622166,0.014549422064279734,0.014550464601937303,0,error
390,0.014550501399184148,0.014548349112839571,0.014549425256011859,0.014550501399184148,0,error
391,0.014549739736100655,0.014549115619645893,0.014549427677873275,0.014549739736100655,0,error
392,0.014548847511339719,0.014549999649753469,0.014549423580546594,0.014549999649753469,0,error
393,0.01454877573545332,0.014550070915275987,0.014549423325364654,0.014550070915275987,0,error
394,0.014549777105240344,0.014549071373464593,0.014549424239352468,0.014549777105240344,0,error
395,0.014550963197851355,0.014547885551140652,0.014549424374496004,0.014550963197851355,0,error
396,0.014551073731562246,0.014547776200128065,0.014549424965845156,0.014551073731562246,0,error
397,0.01454973974348269,0.014549106916161307,0.014549423329821998,0.01454973974348269,0,error
398,0.014548140381045176,0.014550709867067227,0.0145494251240562,0.014550709867067227,0,error
399,0.014548025583759965,0.014550824613424601,0.014549425098592283,0.014550824613424601,0,error
400,0.014549839386189754,0.014549010856345933,0.014549425121267844,0.014549839386189754,0,error
401,0.014551952063970003,0.014546894846598742,0.014549423455284372,0.014551952063970003,0,error
402,0.014552024499537214,0.014546821957851112,0.014549423228694163,0.014552024499537214,0,error
403,0.014549534058433585,0.014549314879701366,0.014549424469067476,0.014549534058433585,0,error
404,0.014546787915216717,0.0145520582594613,0.014549423087339008,0.0145520582594613,0,error
405,0.014546880472296317,0.014551968775511962,0.014549424623904138,0.014551968775511962,0,error
406,0.014550282025955812,0.014548568462681344,0.014549425244318577,0.014550282025955812,0,error
407,0.014553746951991426,0.014545101041863516,0.01454942399692747,0.014553746951991426,0,error
408,0.014553311038734208,0.014545538080887477,0.014549424559810842,0.014553311038734208,0,error
409,0.014548723772418407,0.014550122093280288,0.014549422932849347,0.014550122093280288,0,error
410,0.014544501046800804,0.014554344337172823,0.014549422691986814,0.014554344337172823,0,error
411,0.014545555202867514,0.014553294564859855,0.014549424883863685,0.014553294564859855,0,error
412,0.014551589913814677,0.014547256252285342,0.01454942308305001,0.014551589913814677,0,error
413,0.014556520128081975,0.01454232577466155,0.014549422951371762,0.014556520128081975,0,error
414,0.014554524222797752,0.014544324525860321,0.014549424374329037,0.014554524222797752,0,error
415,0.014546820418293503,0.014552025551515704,0.014549422984904603,0.014552025551515704,0,error
416,0.01454133508006828,0.014557508635836743,0.014549421857952511,0.014557508635836743,0,error
417,0.014544615549721732,0.014554231430999218,0.014549423490360475,0.014554231430999218,0,error
418,0.014554106629469698,0.01454473924527436,0.01454942293737203,0.014554106629469698,0,error
419,0.014559880282814375,0.014538960117853472,0.014549420200333923,0.014559880282814375,0,error
420,0.01455501712263969,0.014543831026527091,0.01454942407458339,0.01455501712263969,0,error
421,0.01454379585052403,0.014555048550651033,0.014549422200587532,0.014555048550651033,0,error
422,0.014538071010385276,0.014560768248262601,0.014549419629323938,0.014560768248262601,0,error
423,0.014544659610353377,0.014554188602559734,0.014549424106456555,0.014554188602559734,0,error
424,0.014557301708539321,0.014541539751074313,0.014549420729806816,0.014557301708539321,0,error
425,0.014562651118128113,0.01453618569921769,0.014549418408672903,0.014562651118128113,0,error
426,0.014554518719176299,0.014544329955662759,0.014549424337419528,0.014554518719176299,0,error
427,0.014540987872056132,0.014557856553905048,0.01454942221298059,0.014557856553905048,0,error
428,0.0145361629953514,0.014562671538966166,0.014549417267158783,0.014562671538966166,0,error
429,0.01454522346079524,0.01455362119343808,0.01454942232711666,0.01455362119343808,0,error
430,0.01455888729518404,0.014539956942824218,0.014549422119004129,0.01455888729518404,0,error
431,0.014563373554320264,0.014535461470362311,0.014549417512341288,0.014563373554320264,0,error
432,0.014554653517274604,0.014544194030662412,0.014549423773968508,0.014554653517274604,0,error
433,0.014541736595995612,0.014557108187389659,0.014549422391692636,0.014557108187389659,0,error
434,0.014536694066578216,0.014562140083620126,0.014549417075099172,0.014562140083620126,0,error
435,0.014543113674333018,0.014555732647622591,0.014549423160977805,0.014555732647622591,0,error
436,0.01455453690698886,0.01454430989956375,0.014549423403276305,0.01455453690698886,0,error
437,0.014561949123908246,0.01453688756480177,0.014549418344355008,0.014561949123908246,0,error
438,0.014560554809802732,0.014538285341971758,0.014549420075887245,0.014560554809802732,0,error
439,0.014550966924191106,0.014547880459644799,0.014549423691917952,0.014550966924191106,0,error
440,0.014538127885609734,0.01456071054344705,0.014549419214528393,0.01456071054344705,0,error
441,0.014531071220163007,0.014567754010937023,0.014549412615550015,0.014567754010937023,0,error
442,0.014539235717099707,0.014559605388311258,0.014549420552705482,0.014559605388311258,0,error
443,0.014562061024980671,0.014536778923431658,0.014549419974206165,0.014562061024980671,0,error
444,0.014581502107424352,0.014517274962876442,0.014549388535150396,0.014581502107424352,0,error
445,0.014573221341784178,0.014525582706981566,0.014549402024382872,0.014573221341784178,0,error
446,0.01453412572505751,0.0145647081091751,0.014549416917116306,0.0145647081091751,0,error
447,0.014497845387166738,0.014600822411654363,0.01454933389941055,0.014600822411654363,0,error
448,0.014509504679952212,0.014589234880100081,0.014549369780026147,0.014589234880100081,0,error
449,0.014573013522772418,0.014525794578022416,0.014549404050397417,0.014573013522772418,0,error
450,0.014629959750126485,0.014468437199892895,0.01454919847500969,0.014629959750126485,0,error
451,0.014610039963013733,0.014488557057080485,0.01454929851004711,0.014610039963013733,0,error
452,0.014512448873063799,0.01458630541026108,0.01454937714166244,0.01458630541026108,0,error
453,0.014429872078490176,0.014667999410720845,0.014548935744605512,0.014667999410720845,0,error
454,0.014465791670040888,0.014632578897092978,0.014549185283566933,0.014632578897092978,0,error
455,0.01460967639262548,0.014488921156903388,0.014549298774764434,0.01460967639262548,0,error
456,0.0147194119785898,0.014377427571728095,0.014548419775158947,0.0147194119785898,0,error
457,0.014658526637965403,0.01443949802036713,0.014549012329166267,0.014658526637965403,0,error
458,0.014454849201783132,0.01464338376103195,0.014549116481407541,0.01464338376103195,0,error
459,0.014311965527546577,0.014783067448886859,0.014547516488216717,0.014783067448886859,0,error
460,0.014413855569580091,0.014683743146248132,0.014548799357914113,0.014683743146248132,0,error
461,0.014692919088669916,0.014404499361226921,0.014548709224948417,0.014692919088669916,0,error
462,0.014862656677958608,0.014229299134803525,0.014545977906381066,0.014862656677958608,0,error
463,0.014709051053467873,0.0143880243043894,0.014548537678928636,0.014709051053467873,0,error
464,0.014336617814316577,0.014759158997842192,0.014547888406079384,0.014759158997842192,0,error
465,0.014129558305933779,0.01495750899984065,0.014543533652887214,0.01495750899984065,0,error
466,0.01436690111208571,0.014729686464541881,0.014548293788313797,0.014729686464541881,0,error
467,0.014848816829041904,0.014243742069276876,0.014546279449159389,0.014848816829041904,0,error
468,0.015070449141755862,0.014009034435704141,0.014539741788730002,0.015070449141755862,0,error
469,0.014743352961863788,0.014352871861204977,0.014548112411534381,0.014743352961863788,0,error
470,0.01412390102245818,0.014962851638337224,0.014543376330397702,0.014962851638337224,0,error
471,0.013872745290459718,0.015195998878994279,0.014534372084726998,0.015195998878994279,0,error
472,0.014354488674192208,0.0147417791483161,0.014548133911254153,0.0147417791483161,0,error
473,0.015105764177725021,0.013970950405043826,0.014538357291384424,0.015105764177725021,0,error
474,0.015335796152421801,0.013718052223075074,0.014526924187748438,0.015335796152421801,0,error
475,0.01472579563068774,0.014370885700911377,0.014548340665799558,0.01472579563068774,0,error
476,0.013783341961277428,0.015277136305596576,0.014530239133437001,0.015277136305596576,0,error
477,0.013547388386945827,0.015486759820666813,0.014517074103806319,0.015486759820666813,0,error
478,0.014411902444816809,0.014685653754616442,0.014548778099716626,0.014685653754616442,0,error
479,0.015479526813106752,0.013555651483843424,0.014517589148475087,0.015479526813106752,0,error
480,0.015635356051730432,0.013375622651062834,0.014505489351396634,0.015635356051730432,0,error
481,0.014607767725746224,0.014490846539278568,0.014549307132512396,0.014607767725746224,0,error
482,0.013295882632033086,0.015703212654816355,0.014499547643424721,0.015703212654816355,0,error
483,0.013214147511048702,0.015772056847829775,0.014493102179439239,0.015772056847829775,0,error
484,0.014595156061358224,0.014503546410923116,0.01454935123614067,0.014595156061358224,0,error
485,0.015941924841120694,0.013008704550544235,0.014475314695832464,0.015941924841120694,0,error
486,0.015914665883085894,0.013042045979628668,0.014478355931357281,0.015914665883085894,0,error
487,0.014385636846117706,0.014711389404543486,0.014548513125330596,0.014711389404543486,0,error
488,0.012697813893144333,0.01619064188499148,0.014444227889067907,0.01619064188499148,0,error
489,0.01290274143075213,0.01602781227685804,0.014465276853805085,0.01602781227685804,0,error
490,0.014889395959823696,0.014201315141843356,0.014545355550833526,0.014889395959823696,0,error
491,0.01644483849516477,0.012366839791375907,0.014405839143270338,0.01644483849516477,0,error
492,0.01609541112114003,0.012818316187729238,0.014456863654434634,0.01609541112114003,0,error
493,0.014004688658143213,0.015074487963226373,0.014539588310684793,0.015074487963226373,0,error
494,0.012060918007813523,0.01667050690257794,0.014365712455195731,0.01667050690257794,0,error
495,0.012685812820870357,0.01620004594941455,0.014442929385142453,0.01620004594941455,0,error
496,0.015194415746006731,0.013874479258136894,0.014534447502071814,0.015194415746006731,0,error
497,0.016898744099239797,0.011738995187732183,0.01431886964348599,0.016898744099239797,0,error
498,0.016280001908850622,0.012583041491876308,0.014431521700363464,0.016280001908850622,0,error
499,0.013655719894385042,0.015391321205566893,0.014523520549975967,0.015391321205566893,0,error
500,0.01142063514035257,0.017115506238173903,0.014268070689263238,0.017115506238173903,0,error
501,0.012531930732752675,0.016319379635957695,0.014425655184355185,0.016319379635957695,0,error
502,0.015546458709817381,0.01347883778760908,0.01451264824871323,0.015546458709817381,0,error
503,0.017258999042947813,0.011202609340125229,0.01423080419153652,0.017258999042947813,0,error
504,0.016359143618639698,0.012479982760710837,0.014419563189675268,0.016359143618639698,0,error
505,0.01337702340568039,0.015634147842874715,0.014505585624277553,0.015634147842874715,0,error
506,0.011099459116897414,0.017325511956632306,0.01421248553676486,0.017325511956632306,0,error
507,0.012734935401594379,0.016161463874607505,0.014448199638100942,0.016161463874607505,0,error
508,0.015566550892381962,0.013455632869985372,0.014511091881183668,0.015566550892381962,0,error
509,0.016582550974172133,0.012181564671083328,0.01438205782262773,0.016582550974172133,0,error
510,0.01622644514921837,0.01265203160696933,0.01443923837809385,0.01622644514921837,0,error
511,0.01156049722424517,0.017021349693591904,0.014290923458918537,0.017021349693591904,0,error
512,0.022740888948613053,0.014549422610153401,0.018645155779383228,0.022740888948613053,0,error
1,2.5332491419182603,1.9590699553898498,2.246159548654055,2.5332491419182603,7,fno
2,2.036375193552769,1.8996362823700497,1.9680057379614093,2.036375193552769,7,fno
3,0.9300121127202448,1.9087129275011347,1.4193625201106896,1.9087129275011347,7,fno
4,1.1798489203591886,0.8855561328011304,1.0327025265801595,1.1798489203591886,7,fno
5,0.7137285917232389,0.5495103926439157,0.6316194921835773,0.7137285917232389,7,fno
6,0.409237296051075,0.45259504188227695,0.43091616896667595,0.45259504188227695,7,fno
7,0.4881405432036125,0.33784069759898444,0.41299062040129847,0.4881405432036125,7,fno
8,0.3126864119648937,0.4471424780874586,0.37991444502617616,0.4471424780874586,7,fno
9,0.2996252737734576,0.3497936395567016,0.3247094566650796,0.3497936395567016,7,fno
10,0.3028497718822378,0.26467507220555697,0.28376242204389734,0.3028497718822378,7,fno
11,0.2943236433389552,0.2289767817106997,0.26165021252482745,0.2943236433389552,7,fno
12,0.24864322407040668,0.16775871739463905,0.20820097073252286,0.24864322407040668,7,fno
13,0.1536480840091958,0.11976991169399058,0.13670899785159318,0.1536480840091958,7,fno
14,0.050629927238840834,0.06743040519783712,0.05903016621833898,0.06743040519783712,7,fno
15,0.022025902417665066,0.028885623800396835,0.02545576310903095,0.028885623800396835,7,fno
16,0.013040892870396356,0.01240794980599539,0.012724421338195874,0.013040892870396356,7,fno
17,0.012896332928312732,0.015170777842943779,0.014033555385628255,0.015170777842943779,7,fno
18,0.014860931539318915,0.014920488358699734,0.014890709949009324,0.014920488358699734,7,fno
19,0.01447375139796661,0.014103692666235141,0.014288722032100874,0.01447375139796661,7,fno
20,0.013030622767706793,0.01495546978817952,0.013993046277943157,0.01495546978817952,7,fno
21,0.014184122883115824,0.014031670814667456,0.01410789684889164,0.014184122883115824,7,fno
22,0.015402943344799159,0.01271342001078832,0.014058181677793739,0.015402943344799159,7,fno
23,0.012754907279454355,0.014640351270313236,0.013697629274883796,0.014640351270313236,7,fno
24,0.013305981284027898,0.013593568502932633,0.013449774893480267,0.013593568502932633,7,fno
25,0.013990919011569238,0.012272953216378434,0.013131936113973836,0.013990919011569238,7,fno
26,0.012246004425203148,0.01368762237492187,0.012966813400062508,0.01368762237492187,7,fno
27,0.013022296943724265,0.012908811650085863,0.012965554296905064,0.013022296943724265,7,fno
28,0.013607242601899383,0.012231621748990285,0.012919432175444834,0.013607242601899383,7,fno
29,0.012311991974480505,0.013469339906651516,0.01289066594056601,0.013469339906651516,7,fno
30,0.012986876171729755,0.012859903686426958,0.012923389929078356,0.012986876171729755,7,fno
31,0.013306253637868607,0.012593916732323655,0.012950085185096131,0.013306253637868607,7,fno
32,0.012479404699733385,0.013472658879335372,0.012976031789534378,0.013472658879335372,7,fno
33,0.013176586130354644,0.012846083747622777,0.01301133493898871,0.013176586130354644,7,fno
34,0.013169069923592652,0.012803433228790372,0.012986251576191512,0.013169069923592652,7,fno
35,0.012561762617213215,0.01325779124137204,0.012909776929292627,0.01325779124137204,7,fno
36,0.013168622448159034,0.012660400704610664,0.01291451157638485,0.013168622448159034,7,fno
37,0.012982290703367308,0.012849921358302088,0.012916106030834698,0.012982290703367308,7,fno
38,0.012609993459217539,0.013164350988542364,0.012887172223879952,0.013164350988542364,7,fno
39,0.01309323347456767,0.012654447257143682,0.012873840365855677,0.01309323347456767,7,fno
40,0.012875940377161202,0.01287718780985156,0.012876564093506382,0.01287718780985156,7,fno
41,0.012712957141975423,0.013111672373865933,0.012912314757920679,0.013111672373865933,7,fno
42,0.013151857334046311,0.012730422528014873,0.012941139931030592,0.013151857334046311,7,fno
43,0.012901377511189666,0.012996942263608289,0.012949159887398977,0.012996942263608289,7,fno
44,0.012842578018589637,0.013097308431974378,0.012969943225282008,0.013097308431974378,7,fno
45,0.013176975936709459,0.012798685300123468,0.012987830618416463,0.013176975936709459,7,fno
46,0.012912478998794111,0.013073522682792832,0.01299300084079347,0.013073522682792832,7,fno
47,0.0129141958989619,0.013092217184526734,0.013003206541744316,0.013092217184526734,7,fno
48,0.013159513411160001,0.012844482978364267,0.013001998194762134,0.013159513411160001,7,fno
49,0.012917622807014901,0.013080806778676535,0.012999214792845718,0.013080806778676535,7,fno
50,0.012945807272154646,0.01305192222108293,0.012998864746618788,0.01305192222108293,7,fno
51,0.013121171974154204,0.012867771678081326,0.012994471826117765,0.013121171974154204,7,fno
52,0.01291805234652744,0.013069201751494059,0.01299362704901075,0.013069201751494059,7,fno
53,0.012962057056758387,0.0130154573316338,0.012988757194196093,0.0130154573316338,7,fno
54,0.0130654394908032,0.012897148302854003,0.012981293896828602,0.0130654394908032,7,fno
55,0.012918809020153127,0.013050774931247788,0.012984791975700457,0.013050774931247788,7,fno
56,0.012986076353635275,0.0129899130313717,0.012987994692503488,0.0129899130313717,7,fno
57,0.01304689482180823,0.0129233631532422,0.012985128987525216,0.01304689482180823,7,fno
58,0.012927448790883112,0.013036544732277043,0.012981996761580078,0.013036544732277043,7,fno
59,0.012984485601896252,0.012974615812357392,0.012979550707126822,0.012984485601896252,7,fno
60,0.013017414356041652,0.012942244951074698,0.012979829653558175,0.013017414356041652,7,fno
61,0.012937965387767602,0.013025014330079928,0.012981489858923764,0.013025014330079928,7,fno
62,0.012994463207725874,0.012967971394747103,0.012981217301236489,0.012994463207725874,7,fno
63,0.013007705530596169,0.012955393106776694,0.012981549318686432,0.013007705530596169,7,fno
64,0.012946654378020154,0.013013281618946491,0.012979967998483322,0.013013281618946491,7,fno
65,0.012989567095742857,0.012964406949118457,0.012976987022430657,0.012989567095742857,7,fno
66,0.012990391321126876,0.01296522614602483,0.012977808733575853,0.012990391321126876,7,fno
67,0.012955832696506351,0.013002977479155978,0.012979405087831165,0.013002977479155978,7,fno
68,0.012995767361616093,0.012965296961311793,0.012980532161463942,0.012995767361616093,7,fno
69,0.012987929941819668,0.012972630535485462,0.012980280238652565,0.012987929941819668,7,fno
70,0.01296086606182366,0.012996657300026738,0.0129787616809252,0.012996657300026738,7,fno
71,0.012989958088560762,0.012967235437979152,0.012978596763269956,0.012989958088560762,7,fno
72,0.01298140918348027,0.0129773884920824,0.012979398837781335,0.01298140918348027,7,fno
73,0.012969251677022528,0.012991440412709018,0.012980346044865773,0.012991440412709018,7,fno
74,0.01299313385435431,0.01296983367630249,0.0129814837653284,0.01299313385435431,7,fno
75,0.012981271801257688,0.012980813781978089,0.012981042791617887,0.012981271801257688,7,fno
76,0.012971618569170132,0.012987663951399315,0.012979641260284724,0.012987663951399315,7,fno
77,0.012986768475457983,0.01297188675227462,0.0129793276138663,0.012986768475457983,7,fno
78,0.0129781309623956,0.012981439975716373,0.012979785469055986,0.012981439975716373,7,fno
79,0.012977003233855663,0.012984537657825151,0.012980770445840407,0.012984537657825151,7,fno
80,0.012988472904053543,0.01297400542633197,0.012981239165192757,0.012988472904053543,7,fno
81,0.012978711761527106,0.012982324796098238,0.01298051827881267,0.012982324796098238,7,fno
82,0.012976788053237763,0.012983040355641852,0.012979914204439807,0.012983040355641852,7,fno
83,0.012983951014334638,0.012975535215512174,0.012979743114923406,0.012983951014334638,7,fno
84,0.012978269965783735,0.012981792595037624,0.01298003128041068,0.012981792595037624,7,fno
85,0.012980119389986727,0.012981535920150842,0.012980827655068784,0.012981535920150842,7,fno
86,0.012984988781872493,0.012977060985175126,0.01298102488352381,0.012984988781872493,7,fno
87,0.012978855595092804,0.012981961872279861,0.012980408733686333,0.012981961872279861,7,fno
88,0.012978881847139917,0.012980742393938576,0.012979812120539246,0.012980742393938576,7,fno
89,0.012981689575813067,0.012977687564508969,0.012979688570161019,0.012981689575813067,7,fno
90,0.012979158941240363,0.012981225247181595,0.012980192094210979,0.012981225247181595,7,fno
91,0.012981191275319047,0.012980142877140393,0.01298066707622972,0.012981191275319047,7,fno
92,0.012982586857206086,0.012978584850273141,0.012980585853739613,0.012982586857206086,7,fno
93,0.012979244393350797,0.012981265036013894,0.012980254714682345,0.012981265036013894,7,fno
94,0.012979762180205759,0.012979974154895515,0.012979868167550637,0.012979974154895515,7,fno
95,0.012980813388655586,0.012978789492697707,0.012979801440676647,0.012980813388655586,7,fno
96,0.012979818605057118,0.01298068296479882,0.012980250784927969,0.01298068296479882,7,fno
97,0.01298131182157965,0.01297980513933495,0.0129805584804573,0.01298131182157965,7,fno
98,0.01298152973818328,0.012979408794357356,0.012980469266270318,0.01298152973818328,7,fno
99,0.012979628535832342,0.012980680726278906,0.012980154631055625,0.012980680726278906,7,fno
100,0.012979979107761596,0.012979737210723402,0.012979858159242498,0.012979979107761596,7,fno
101,0.012980513057301541,0.012979389577862205,0.012979951317581874,0.012980513057301541,7,fno
102,0.012980285706847033,0.012980277673372719,0.012980281690109875,0.012980285706847033,7,fno
103,0.012981145384889977,0.012979743596085452,0.012980444490487714,0.012981145384889977,7,fno
104,0.012980938442800892,0.01297981338282874,0.012980375912814816,0.012980938442800892,7,fno
105,0.012979901797029285,0.012980322614318645,0.012980112205673966,0.012980322614318645,7,fno
106,0.012980160973105748,0.012979712336181027,0.012979936654643387,0.012980160973105748,7,fno
107,0.012980453203074529,0.012979675317063058,0.012980064260068792,0.012980453203074529,7,fno
108,0.012980476689854584,0.012980081974926942,0.012980279332390763,0.012980476689854584,7,fno
109,0.012980963227067755,0.012979785218000804,0.012980374222534279,0.012980963227067755,7,fno
110,0.012980649872955314,0.012979926785521343,0.012980288329238329,0.012980649872955314,7,fno
111,0.012980041525783503,0.01298013212792466,0.012980086826854082,0.01298013212792466,7,fno
112,0.012980269974501883,0.012979749935118823,0.012980009954810353,0.012980269974501883,7,fno
113,0.012980439577037428,0.012979779709216238,0.012980109643126833,0.012980439577037428,7,fno
114,0.012980552730134912,0.012979957459410657,0.012980255094772785,0.012980552730134912,7,fno
115,0.012980801261010267,0.012979849013315803,0.012980325137163035,0.012980801261010267,7,fno
116,0.012980489639139852,0.012979971422464855,0.012980230530802352,0.012980489639139852,7,fno
117,0.012980168835600811,0.012979992477723027,0.012980080656661919,0.012980168835600811,7,fno
118,0.012980317103336499,0.01297979314396233,0.012980055123649414,0.012980317103336499,7,fno
119,0.012980441685075447,0.012979837851700699,0.012980139768388074,0.012980441685075447,7,fno
120,0.012980583958489502,0.012979914119430088,0.012980249038959795,0.012980583958489502,7,fno
121,0.012980666394988462,0.012979888397877656,0.012980277396433058,0.012980666394988462,7,fno
122,0.012980407481167543,0.012979960227617434,0.012980183854392488,0.012980407481167543,7,fno
123,0.012980256971675553,0.012979937094402755,0.012980097033039154,0.012980256971675553,7,fno
124,0.01298036664087556,0.012979822452656529,0.012980094546766043,0.01298036664087556,7,fno
125,0.01298045532309475,0.012979855242185328,0.01298015528264004,0.01298045532309475,7,fno
126,0.012980563242987356,0.012979897481580223,0.012980230362283789,0.012980563242987356,7,fno
127,0.012980565589792936,0.01297990847385681,0.012980237031824873,0.012980565589792936,7,fno
128,0.01298038718289679,0.012979947783290289,0.012980167483093538,0.01298038718289679,7,fno
129,0.012980307427655342,0.012979904092852268,0.012980105760253805,0.012980307427655342,7,fno
130,0.012980372205766885,0.012979845087269841,0.012980108646518364,0.012980372205766885,7,fno
131,0.012980467064546447,0.012979868559062316,0.012980167811804381,0.012980467064546447,7,fno
132,0.012980536193248684,0.012979894609157692,0.012980215401203189,0.012980536193248684,7,fno
133,0.012980488882235373,0.012979915900055032,0.012980202391145203,0.012980488882235373,7,fno
134,0.012980378037916015,0.012979928378348422,0.012980153208132218,0.012980378037916015,7,fno
135,0.012980343361327062,0.012979892488452565,0.012980117924889813,0.012980343361327062,7,fno
136,0.012980398873271695,0.012979856151997581,0.012980127512634637,0.012980398873271695,7,fno
137,0.012980466674211152,0.012979876911617465,0.01298017179291431,0.012980466674211152,7,fno
138,0.012980497872527426,0.012979901096602665,0.012980199484565046,0.012980497872527426,7,fno
139,0.012980458094257174,0.01297991380487165,0.012980185949564411,0.012980458094257174,7,fno
140,0.012980383802198,0.01297991528746957,0.012980149544833786,0.012980383802198,7,fno
141,0.012980366376693604,0.012979882713812136,0.01298012454525287,0.012980366376693604,7,fno
142,0.012980408500467663,0.01297986615125702,0.012980137325862342,0.012980408500467663,7,fno
143,0.0129804619873887,0.012979881067118185,0.012980171527253443,0.0129804619873887,7,fno
144,0.012980474595324344,0.012979897124656555,0.012980185859990449,0.012980474595324344,7,fno
145,0.01298043162157082,0.012979911218058134,0.012980171419814477,0.01298043162157082,7,fno
146,0.012980384570681416,0.012979906415946757,0.012980145493314086,0.012980384570681416,7,fno
147,0.012980384231775593,0.012979881757324827,0.01298013299455021,0.012980384231775593,7,fno
148,0.012980415305550712,0.012979874627759142,0.012980144966654927,0.012980415305550712,7,fno
149,0.012980446700751156,0.012979887389425113,0.012980167045088135,0.012980446700751156,7,fno
150,0.012980453201520971,0.012979895205573726,0.01298017420354735,0.012980453201520971,7,fno
151,0.012980414828504233,0.01297990819168539,0.01298016151009481,0.012980414828504233,7,fno
152,0.012980389940443274,0.012979896474006948,0.012980143207225112,0.012980389940443274,7,fno
153,0.012980397340177833,0.012979878758707467,0.01298013804944265,0.012980397340177833,7,fno
154,0.012980416553375304,0.012979884945503077,0.01298015074943919,0.012980416553375304,7,fno
155,0.012980441798764461,0.01297988670044073,0.012980164249602594,0.012980441798764461,7,fno
156,0.012980432411565922,0.01297989976995253,0.012980166090759226,0.012980432411565922,7,fno
157,0.012980408105412514,0.012979905178042258,0.012980156641727386,0.012980408105412514,7,fno
158,0.012980391960651375,0.012979893104505993,0.012980142532578684,0.012980391960651375,7,fno
159,0.012980398308899637,0.012979884157362634,0.012980141233131137,0.012980398308899637,7,fno
160,0.012980415364825974,0.012979885016277901,0.012980150190551938,0.012980415364825974,7,fno
161,0.012980432177380269,0.012979886073555234,0.012980159125467752,0.012980432177380269,7,fno
162,0.012980423546294655,0.012979896715801385,0.01298016013104802,0.012980423546294655,7,fno
163,0.01298040098219141,0.012979902087014224,0.012980151534602816,0.01298040098219141,7,fno
164,0.012980398707735943,0.01297988749739202,0.012980143102563981,0.012980398707735943,7,fno
165,0.012980401847304346,0.012979883248746759,0.012980142548025552,0.012980401847304346,7,fno
166,0.012980409625285037,0.012979887694804508,0.012980148660044773,0.012980409625285037,7,fno
167,0.012980423362936642,0.012979887492738476,0.012980155427837559,0.012980423362936642,7,fno
168,0.012980414128828836,0.012979897713692321,0.012980155921260578,0.012980414128828836,7,fno
169,0.012980401075402721,0.012979896324150999,0.01298014869977686,0.012980401075402721,7,fno
170,0.012980397459263162,0.012979886516359769,0.012980141987811465,0.012980397459263162,7,fno
171,0.01298040302017481,0.012979884670970785,0.012980143845572797,0.01298040302017481,7,fno
172,0.012980410565674606,0.01297988689234338,0.012980148729008992,0.012980410565674606,7,fno
173,0.012980417765222135,0.012979887868824952,0.012980152817023544,0.012980417765222135,7,fno
174,0.01298040607146819,0.01297989807499701,0.0129801520732326,0.01298040607146819,7,fno
175,0.012980398807977262,0.012979894155171187,0.012980146481574225,0.012980398807977262,7,fno
176,0.012980402416100104,0.01297988420132422,0.012980143308712163,0.012980402416100104,7,fno
177,0.012980398093161344,0.012979890580950903,0.012980144337056123,0.012980398093161344,7,fno
178,0.012980404995573416,0.012979889607557879,0.012980147301565648,0.012980404995573416,7,fno
179,0.012980414006755706,0.012979883993475235,0.01298014900011547,0.012980414006755706,7,fno
180,0.012980397776651081,0.012979897132393817,0.012980147454522448,0.012980397776651081,7,fno
181,0.012980397696427861,0.012979890742843787,0.012980144219635824,0.012980397696427861,7,fno
182,0.012980400305455404,0.01297988657817165,0.012980143441813526,0.012980400305455404,7,fno
183,0.012980397294864448,0.012979891790716541,0.012980144542790496,0.012980397294864448,7,fno
184,0.012980403574151774,0.012979886783080227,0.012980145178616,0.012980403574151774,7,fno
185,0.012980406813621115,0.012979886563673918,0.012980146688647515,0.012980406813621115,7,fno
186,0.012980393857173412,0.012979897698713602,0.012980145777943507,0.012980393857173412,7,fno
187,0.01298039936491611,0.012979888483057134,0.012980143923986623,0.01298039936491611,7,fno
188,0.01298039971413567,0.012979887014158474,0.012980143364147073,0.01298039971413567,7,fno
189,0.012980392808767132,0.012979894841901832,0.01298014382533448,0.012980392808767132,7,fno
190,0.012980403072793275,0.012979886622633822,0.012980144847713548,0.012980403072793275,7,fno
191,0.012980402340413442,0.012979888018478998,0.01298014517944622,0.012980402340413442,7,fno
192,0.012980391932076108,0.01297989709420363,0.01298014451313987,0.012980391932076108,7,fno
193,0.012980399908884343,0.012979885856249153,0.012980142882566749,0.012980399908884343,7,fno
194,0.01298039865680741,0.012979885638931902,0.012980142147869656,0.01298039865680741,7,fno
195,0.01298039041437641,0.012979894279140073,0.01298014234675824,0.01298039041437641,7,fno
196,0.012980403883719883,0.012979884069615822,0.012980143976667854,0.012980403883719883,7,fno
197,0.012980400479311186,0.012979888344667023,0.012980144411989105,0.012980400479311186,7,fno
198,0.012980389289345005,0.012979897328603711,0.012980143308974358,0.012980389289345005,7,fno
199,0.012980398793240035,0.012979884125146224,0.012980141459193129,0.012980398793240035,7,fno
200,0.012980394525137594,0.012979886021272919,0.012980140273205256,0.012980394525137594,7,fno
201,0.012980389045208152,0.012979892343420315,0.012980140694314232,0.012980389045208152,7,fno
202,0.012980399773966736,0.012979883740010746,0.012980141756988741,0.012980399773966736,7,fno
203,0.0129803933660307,0.01297989198135186,0.01298014267369128,0.0129803933660307,7,fno
204,0.012980389228047834,0.01297989502831827,0.012980142128183051,0.012980389228047834,7,fno
205,0.012980399066848898,0.012979882843589707,0.012980140955219302,0.012980399066848898,7,fno
206,0.012980386501801076,0.012979893713169103,0.01298014010748509,0.012980386501801076,7,fno
207,0.012980389101739053,0.01297989138837921,0.01298014024505913,0.012980389101739053,7,fno
208,0.012980398404004126,0.012979884677059544,0.012980141540531835,0.012980398404004126,7,fno
209,0.012980389051112115,0.012979893869779104,0.01298014146044561,0.012980389051112115,7,fno
210,0.012980387849204949,0.012979894595164606,0.012980141222184778,0.012980387849204949,7,fno
211,0.012980397858639841,0.012979883636889823,0.012980140747764832,0.012980397858639841,7,fno
212,0.012980388500960572,0.012979891002287934,0.012980139751624254,0.012980388500960572,7,fno
213,0.012980387164858019,0.012979893331956581,0.0129801402484073,0.012980387164858019,7,fno
214,0.012980398354031133,0.012979882462907613,0.012980140408469374,0.012980398354031133,7,fno
215,0.012980389235887858,0.012979890800934597,0.012980140018411229,0.012980389235887858,7,fno
216,0.012980386523917375,0.012979892806636781,0.012980139665277078,0.012980386523917375,7,fno
217,0.012980396404483781,0.012979882766364923,0.012980139585424353,0.012980396404483781,7,fno
218,0.012980385827233636,0.012979893084849757,0.012980139456041696,0.012980385827233636,7,fno
219,0.01298038804680052,0.012979890248112679,0.0129801391474566,0.01298038804680052,7,fno
220,0.012980395971909206,0.012979882927562369,0.012980139449735788,0.012980395971909206,7,fno
221,0.012980381084921151,0.012979898005837372,0.01298013954537926,0.012980381084921151,7,fno
222,0.012980389705556055,0.012979888682571897,0.012980139194063975,0.012980389705556055,7,fno
223,0.012980392754820873,0.012979882547861338,0.012980137651341105,0.012980392754820873,7,fno
224,0.012980386037170614,0.012979891305639398,0.012980138671405007,0.012980386037170614,7,fno
225,0.01298038606546763,0.012979893287443046,0.012980139676455338,0.01298038606546763,7,fno
226,0.01298039270403404,0.012979884898765642,0.012980138801399841,0.01298039270403404,7,fno
227,0.012980383859026813,0.012979892574289994,0.012980138216658403,0.012980383859026813,7,fno
228,0.012980389114074033,0.012979887253886439,0.012980138183980236,0.012980389114074033,7,fno
229,0.012980389457911502,0.012979887781188413,0.012980138619549959,0.012980389457911502,7,fno
230,0.012980383667521238,0.012979893015645515,0.012980138341583377,0.012980383667521238,7,fno
231,0.012980389552282387,0.012979885033281074,0.01298013729278173,0.012980389552282387,7,fno
232,0.012980391557129775,0.01297988211757558,0.012980136837352677,0.012980391557129775,7,fno
233,0.01298038219410597,0.012979892607333223,0.012980137400719596,0.01298038219410597,7,fno
234,0.012980386398025146,0.012979890433754387,0.012980138415889766,0.012980386398025146,7,fno
235,0.012980391879778917,0.0129798836319603,0.01298013775586961,0.012980391879778917,7,fno
236,0.01298038238094182,0.01297989212143151,0.012980137251186664,0.01298038238094182,7,fno
237,0.012980385904365607,0.012979888389324595,0.012980137146845101,0.012980385904365607,7,fno
238,0.012980386949548648,0.01297988792807219,0.012980137438810418,0.012980386949548648,7,fno
239,0.012980384224177084,0.012979890714563371,0.012980137469370228,0.012980384224177084,7,fno
240,0.012980387158454464,0.012979888138708522,0.012980137648581493,0.012980387158454464,7,fno
241,0.012980386014223806,0.01297988716069896,0.012980136587461383,0.012980386014223806,7,fno
242,0.012980380799083887,0.012979892583903495,0.012980136691493692,0.012980380799083887,7,fno
243,0.012980387820627392,0.012979887074304235,0.012980137447465814,0.012980387820627392,7,fno
244,0.012980385753018077,0.012979888162589388,0.012980136957803732,0.012980385753018077,7,fno
245,0.012980378878502627,0.012979892383169987,0.012980135630836307,0.012980378878502627,7,fno
246,0.012980380604420362,0.012979890017758578,0.01298013531108947,0.012980380604420362,7,fno
247,0.01298038619219532,0.012979886278784948,0.012980136235490134,0.01298038619219532,7,fno
248,0.012980382480191238,0.012979890390048704,0.012980136435119971,0.012980382480191238,7,fno
249,0.012980381885475723,0.012979889768809042,0.012980135827142383,0.012980381885475723,7,fno
250,0.012980387067922497,0.012979883960190832,0.012980135514056666,0.012980387067922497,7,fno
251,0.012980380942336396,0.012979890151599302,0.01298013554696785,0.012980380942336396,7,fno
252,0.012980382394360234,0.012979889867944652,0.012980136131152443,0.012980382394360234,7,fno
253,0.012980383434906023,0.012979889554984745,0.012980136494945383,0.012980383434906023,7,fno
254,0.012980381819948155,0.012979890729848202,0.012980136274898179,0.012980381819948155,7,fno
255,0.012980382186525237,0.012979889922773467,0.01298013605464935,0.012980382186525237,7,fno
256,0.012980383332451733,0.012979889686638284,0.012980136509545008,0.012980383332451733,7,fno
257,0.012980381441193322,0.012979889400353545,0.012980135420773434,0.012980381441193322,7,fno
258,0.01298038041941069,0.012979890500528068,0.012980135459969379,0.01298038041941069,7,fno
259,0.012980382708966474,0.012979887718062744,0.012980135213514609,0.012980382708966474,7,fno
260,0.012980380002667052,0.012979889248145535,0.012980134625406294,0.012980380002667052,7,fno
261,0.012980380302852293,0.012979890686942415,0.012980135494897354,0.012980380302852293,7,fno
262,0.012980385521875823,0.012979886231767674,0.012980135876821747,0.012980385521875823,7,fno
263,0.01298037996309882,0.012979889794571415,0.012980134878835117,0.01298037996309882,7,fno
264,0.012980379177744788,0.012979891484581613,0.012980135331163201,0.012980379177744788,7,fno
265,0.01298038288615619,0.012979887977403987,0.012980135431780088,0.01298038288615619,7,fno
266,0.012980379511120887,0.012979890677777602,0.012980135094449244,0.012980379511120887,7,fno
267,0.012980376080951029,0.01297989512700952,0.012980135603980274,0.012980376080951029,7,fno
268,0.012980382481070368,0.012979887304238543,0.012980134892654455,0.012980382481070368,7,fno
269,0.012980380604253937,0.012979886732455051,0.012980133668354495,0.012980380604253937,7,fno
270,0.012980376859395409,0.012979892027641682,0.012980134443518546,0.012980376859395409,7,fno
271,0.012980381503809875,0.012979888829614379,0.012980135166712127,0.012980381503809875,7,fno
272,0.012980381259311492,0.01297988716576568,0.012980134212538585,0.012980381259311492,7,fno
273,0.012980379436453063,0.012979889178381181,0.012980134307417122,0.012980379436453063,7,fno
274,0.012980382012632099,0.012979887798776736,0.012980134905704419,0.012980382012632099,7,fno
275,0.012980379482548881,0.01297988907899009,0.012980134280769485,0.012980379482548881,7,fno
276,0.01298037616488898,0.01297989218395994,0.01298013417442446,0.01298037616488898,7,fno
277,0.0129803849843027,0.012979884868227869,0.012980134926265284,0.0129803849843027,7,fno
278,0.012980380565467613,0.012979891120386108,0.01298013584292686,0.012980380565467613,7,fno
279,0.012980375600302239,0.012979895382103982,0.01298013549120311,0.012980375600302239,7,fno
280,0.012980384963184722,0.012979883233301565,0.012980134098243144,0.012980384963184722,7,fno
281,0.012980381684065729,0.012979885682628664,0.012980133683347196,0.012980381684065729,7,fno
282,0.01298037431902623,0.012979891920077681,0.012980133119551956,0.01298037431902623,7,fno
283,0.012980379657061064,0.012979886626383554,0.012980133141722309,0.012980379657061064,7,fno
284,0.012980381204304808,0.012979887376890877,0.012980134290597842,0.012980381204304808,7,fno
285,0.012980376140537037,0.012979892050882303,0.01298013409570967,0.012980376140537037,7,fno
286,0.012980381603333722,0.012979883801089595,0.012980132702211659,0.012980381603333722,7,fno
287,0.012980375410946479,0.012979890720856082,0.01298013306590128,0.012980375410946479,7,fno
288,0.01298037414474744,0.012979892876990822,0.012980133510869131,0.01298037414474744,7,fno
289,0.012980384970872828,0.012979883009133055,0.012980133990002942,0.012980384970872828,7,fno
290,0.01298037747068812,0.012979890705029518,0.012980134087858818,0.01298037747068812,7,fno
291,0.012980371305434184,0.012979897132918085,0.012980134219176135,0.012980371305434184,7,fno
292,0.01298038288785206,0.012979885500959852,0.012980134194405956,0.01298038288785206,7,fno
293,0.01298037634087507,0.012979890765596068,0.01298013355323557,0.01298037634087507,7,fno
294,0.012980372470853251,0.012979894046642714,0.012980133258747983,0.012980372470853251,7,fno
295,0.01298038382965333,0.012979881457682035,0.012980132643667684,0.01298038382965333,7,fno
296,0.012980372423706053,0.012979893196813912,0.012980132810259983,0.012980372423706053,7,fno
297,0.012980376019721834,0.012979890975225974,0.012980133497473904,0.012980376019721834,7,fno
298,0.012980383807553968,0.012979882983045614,0.01298013339529979,0.012980383807553968,7,fno
299,0.01298037300683831,0.012979892520453333,0.012980132763645822,0.01298037300683831,7,fno
300,0.012980374442259692,0.01297989142285326,0.012980132932556475,0.012980374442259692,7,fno
301,0.012980383242993417,0.012979883034785185,0.0129801331388893,0.012980383242993417,7,fno
302,0.012980373298142672,0.012979893011075,0.012980133154608836,0.012980373298142672,7,fno
303,0.012980372918511202,0.012979893687462924,0.012980133302987064,0.012980372918511202,7,fno
304,0.012980381602295489,0.012979883263380081,0.012980132432837785,0.012980381602295489,7,fno
305,0.012980371618475475,0.012979893388014797,0.012980132503245135,0.012980371618475475,7,fno
306,0.012980372899055688,0.012979894117246532,0.01298013350815111,0.012980372899055688,7,fno
307,0.01298038153350844,0.012979883458078628,0.012980132495793533,0.01298038153350844,7,fno
308,0.012980371619406588,0.012979892237383266,0.012980131928394926,0.012980371619406588,7,fno
309,0.012980373497770549,0.012979890982012627,0.012980132239891588,0.012980373497770549,7,fno
310,0.01298038136845831,0.012979884199518872,0.012980132783988591,0.01298038136845831,7,fno
311,0.012980370600397207,0.012979896097864738,0.012980133349130972,0.012980370600397207,7,fno
312,0.012980377110752851,0.012979888731112875,0.012980132920932863,0.012980377110752851,7,fno
313,0.01298038096935178,0.0129798843346317,0.01298013265199174,0.01298038096935178,7,fno
314,0.01298036851451835,0.01297989597113744,0.012980132242827895,0.01298036851451835,7,fno
315,0.012980376804102706,0.01297988600042946,0.012980131402266084,0.012980376804102706,7,fno
316,0.01298037939173058,0.012979883890797931,0.012980131641264256,0.01298037939173058,7,fno
317,0.012980367399287257,0.012979896574196485,0.012980131986741871,0.012980367399287257,7,fno
318,0.012980379125238514,0.012979886255469336,0.012980132690353925,0.012980379125238514,7,fno
319,0.012980378163488775,0.012979887794819652,0.012980132979154214,0.012980378163488775,7,fno
320,0.01298036963388324,0.012979895629329647,0.012980132631606443,0.01298036963388324,7,fno
321,0.01298037630575794,0.012979888506149314,0.012980132405953627,0.01298037630575794,7,fno
322,0.012980377150168004,0.01297988678657841,0.012980131968373207,0.012980377150168004,7,fno
323,0.012980367817267356,0.012979895871831548,0.012980131844549452,0.012980367817267356,7,fno
324,0.012980376626454565,0.012979887419129636,0.0129801320227921,0.012980376626454565,7,fno
325,0.01298037602216009,0.01297988691464848,0.012980131468404285,0.01298037602216009,7,fno
326,0.012980366985054725,0.012979895836625056,0.01298013141083989,0.012980366985054725,7,fno
327,0.01298037800479789,0.012979886926434796,0.012980132465616342,0.01298037800479789,7,fno
328,0.012980373623863974,0.012979888989090145,0.01298013130647706,0.012980373623863974,7,fno
329,0.012980367675358772,0.012979893995877352,0.012980130835618062,0.012980367675358772,7,fno
330,0.012980376457998705,0.012979886804796266,0.012980131631397485,0.012980376457998705,7,fno
331,0.01298037352472315,0.012979891829033864,0.012980132676878506,0.01298037352472315,7,fno
332,0.01298036962570913,0.012979895194924828,0.01298013241031698,0.01298036962570913,7,fno
333,0.01298037831738447,0.012979885873327988,0.012980132095356228,0.01298037831738447,7,fno
334,0.012980371102765466,0.012979890316901575,0.012980130709833521,0.012980371102765466,7,fno
335,0.012980367678884603,0.012979893991007355,0.01298013083494598,0.012980367678884603,7,fno
336,0.012980379628268231,0.01297988445715575,0.01298013204271199,0.012980379628268231,7,fno
337,0.012980371182830597,0.012979892643629186,0.012980131913229892,0.012980371182830597,7,fno
338,0.012980370107071388,0.012979893182033157,0.012980131644552272,0.012980370107071388,7,fno
339,0.01298037542913868,0.012979887908648574,0.012980131668893627,0.01298037542913868,7,fno
340,0.012980371154368814,0.012979890976316312,0.012980131065342564,0.012980371154368814,7,fno
341,0.012980372906691963,0.012979889279559332,0.012980131093125648,0.012980372906691963,7,fno
342,0.012980375149784519,0.01297988886007893,0.012980132004931724,0.012980375149784519,7,fno
343,0.012980370992312024,0.012979890929457878,0.012980130960884951,0.012980370992312024,7,fno
344,0.012980370792137472,0.012979891319922785,0.012980131056030127,0.012980370792137472,7,fno
345,0.012980375870446068,0.012979887244921417,0.012980131557683742,0.012980375870446068,7,fno
346,0.01298037035207632,0.012979894010922798,0.012980132181499559,0.01298037035207632,7,fno
347,0.012980373549010552,0.012979889591494116,0.012980131570252334,0.012980373549010552,7,fno
348,0.012980374866079709,0.012979886696996906,0.012980130781538307,0.012980374866079709,7,fno
349,0.012980367523219363,0.012979893887134485,0.012980130705176923,0.012980367523219363,7,fno
350,0.012980372013293193,0.012979890732461996,0.012980131372877596,0.012980372013293193,7,fno
351,0.012980375755060718,0.012979888193223172,0.012980131974141945,0.012980375755060718,7,fno
352,0.012980367970061845,0.012979894874908105,0.012980131422484975,0.012980367970061845,7,fno
353,0.012980370779636393,0.012979889008102333,0.012980129893869364,0.012980370779636393,7,fno
354,0.012980368481161473,0.012979890951520226,0.01298012971634085,0.012980368481161473,7,fno
355,0.012980368891774662,0.012979892989893741,0.012980130940834202,0.012980368891774662,7,fno
356,0.012980369285637415,0.012979893394062504,0.01298013133984996,0.012980369285637415,7,fno
357,0.012980371747976855,0.012979891176732792,0.012980131462354823,0.012980371747976855,7,fno
358,0.012980367595006996,0.01297989650882291,0.012980132051914953,0.012980367595006996,7,fno
359,0.012980376294919481,0.012979886567567328,0.012980131431243404,0.012980376294919481,7,fno
360,0.012980369966840452,0.01297989311066258,0.012980131538751516,0.012980369966840452,7,fno
361,0.012980367386169664,0.012979895489169979,0.012980131437669821,0.012980367386169664,7,fno
362,0.012980371688583485,0.012979888781769016,0.01298013023517625,0.012980371688583485,7,fno
363,0.012980367638377474,0.012979894412934985,0.01298013102565623,0.012980367638377474,7,fno
364,0.012980367205876192,0.012979895136024041,0.012980131170950118,0.012980367205876192,7,fno
365,0.01298037204316365,0.01297988853477922,0.012980130288971435,0.01298037204316365,7,fno
366,0.012980364407629438,0.012979896569307287,0.012980130488468362,0.012980364407629438,7,fno
367,0.012980369192827529,0.012979891543625794,0.01298013036822666,0.012980369192827529,7,fno
368,0.012980371127210922,0.0129798897989086,0.01298013046305976,0.012980371127210922,7,fno
369,0.012980366626052054,0.012979895722463454,0.012980131174257753,0.012980366626052054,7,fno
370,0.012980369850551237,0.012979891457362879,0.012980130653957058,0.012980369850551237,7,fno
371,0.01298037092888318,0.01297989140244833,0.012980131165665754,0.01298037092888318,7,fno
372,0.012980365653253119,0.012979897516472352,0.012980131584862735,0.012980365653253119,7,fno
373,0.012980371394307673,0.012979888685212054,0.012980130039759863,0.012980371394307673,7,fno
374,0.012980365234500208,0.012979894063832204,0.012980129649166207,0.012980365234500208,7,fno
375,0.012980360213107603,0.012979899665922614,0.012980129939515108,0.012980360213107603,7,fno
376,0.012980374812074178,0.012979886858446138,0.012980130835260159,0.012980374812074178,7,fno
377,0.012980366684428842,0.012979895651259727,0.012980131167844284,0.012980366684428842,7,fno
378,0.012980358554618805,0.012979904583039523,0.012980131568829163,0.012980358554618805,7,fno
379,0.012980374737377717,0.012979885953653016,0.012980130345515366,0.012980374737377717,7,fno
380,0.01298036466541141,0.012979894703164959,0.012980129684288185,0.01298036466541141,7,fno
381,0.0129803572202348,0.012979903198006066,0.012980130209120432,0.0129803572202348,7,fno
382,0.012980378421932155,0.012979881920365645,0.0129801301711489,0.012980378421932155,7,fno
383,0.012980357165725744,0.012979902654786756,0.012980129910256249,0.012980357165725744,7,fno
384,0.012980356268468048,0.012979905608099317,0.012980130938283683,0.012980356268468048,7,fno
385,0.012980391012958146,0.012979870434268348,0.012980130723613247,0.012980391012958146,7,fno
386,0.012980350445903944,0.01297991012303813,0.012980130284471036,0.012980350445903944,7,fno
387,0.012980355194641517,0.0129799063983833,0.012980130796512408,0.012980355194641517,7,fno
388,0.01298040277753567,0.012979858797666746,0.012980130787601208,0.01298040277753567,7,fno
389,0.012980339574043888,0.012979920928382531,0.01298013025121321,0.012980339574043888,7,fno
390,0.012980355682954912,0.012979906652415963,0.012980131167685437,0.012980355682954912,7,fno
391,0.012980410173684787,0.012979851635031694,0.01298013090435824,0.012980410173684787,7,fno
392,0.012980321315559698,0.012979937244135317,0.012980129279847506,0.012980321315559698,7,fno
393,0.01298035990121029,0.012979898930427657,0.012980129415818973,0.01298035990121029,7,fno
394,0.012980423132727115,0.012979837399615767,0.012980130266171442,0.012980423132727115,7,fno
395,0.01298029277764724,0.012979967675654795,0.012980130226651017,0.01298029277764724,7,fno
396,0.012980371846909892,0.012979888788050044,0.012980130317479969,0.012980371846909892,7,fno
397,0.012980448993532599,0.01297981307771891,0.012980131035625755,0.012980448993532599,7,fno
398,0.012980253989742757,0.012980007303803944,0.01298013064677335,0.012980253989742757,7,fno
399,0.012980392022311328,0.012979867842658772,0.012980129932485051,0.012980392022311328,7,fno
400,0.012980470289922656,0.012979788915456468,0.012980129602689561,0.012980470289922656,7,fno
401,0.012980199431112087,0.01298006030367475,0.012980129867393417,0.012980199431112087,7,fno
402,0.012980421403728501,0.012979840099107378,0.01298013075141794,0.012980421403728501,7,fno
403,0.01298049479975023,0.012979766128179415,0.012980130463964823,0.01298049479975023,7,fno
404,0.012980123862880163,0.012980136576839945,0.012980130219860053,0.012980136576839945,7,fno
405,0.012980477893671518,0.012979781764606126,0.012980129829138822,0.012980477893671518,7,fno
406,0.012980517632074655,0.012979741370145976,0.012980129501110316,0.012980517632074655,7,fno
407,0.012980021226894614,0.012980238781781178,0.012980130004337896,0.012980238781781178,7,fno
408,0.012980576873424155,0.012979682821060922,0.012980129847242538,0.012980576873424155,7,fno
409,0.012980530061046698,0.012979728268705025,0.012980129164875861,0.012980530061046698,7,fno
410,0.012979878270101788,0.012980380649033042,0.012980129459567415,0.012980380649033042,7,fno
411,0.012980732195555445,0.012979527583153405,0.012980129889354425,0.012980732195555445,7,fno
412,0.0129805150025708,0.012979746317535613,0.012980130660053206,0.0129805150025708,7,fno
413,0.012979702663519572,0.012980560187344071,0.01298013142543182,0.012980560187344071,7,fno
414,0.012980958742663555,0.012979301229650584,0.01298012998615707,0.012980958742663555,7,fno
415,0.012980463791983516,0.012979794575480295,0.012980129183731905,0.012980463791983516,7,fno
416,0.01297946922188124,0.012980789560284298,0.012980129391082769,0.012980789560284298,7,fno
417,0.012981302936966019,0.012978957551301082,0.01298013024413355,0.012981302936966019,7,fno
418,0.012980332621217183,0.012979929036397041,0.012980130828807113,0.012980332621217183,7,fno
419,0.01297920032576167,0.012981061282517886,0.012980130804139779,0.012981061282517886,7,fno
420,0.012981794235885672,0.012978465241264388,0.012980129738575031,0.012981794235885672,7,fno
421,0.01298006519662561,0.01298019435223309,0.01298012977442935,0.01298019435223309,7,fno
422,0.01297890060335619,0.012981358989037364,0.012980129796196777,0.012981358989037364,7,fno
423,0.012982488114322979,0.012977770395471155,0.012980129254897067,0.012982488114322979,7,fno
424,0.012979579504231769,0.012980677440152907,0.012980128472192338,0.012980677440152907,7,fno
425,0.012978622424403783,0.012981635663865163,0.012980129044134474,0.012981635663865163,7,fno
426,0.01298345042268563,0.012976810314842041,0.012980130368763835,0.01298345042268563,7,fno
427,0.012978749572059923,0.012981510760145174,0.012980130166102548,0.012981510760145174,7,fno
428,0.012978422745801617,0.012981834855288572,0.012980128800545094,0.012981834855288572,7,fno
429,0.012984729513819102,0.012975527963472719,0.01298012873864591,0.012984729513819102,7,fno
430,0.01297743777727868,0.012982823944659687,0.012980130860969184,0.012982823944659687,7,fno
431,0.012978407745783876,0.012981854028186558,0.012980130886985217,0.012981854028186558,7,fno
432,0.01298636413989823,0.01297389356920867,0.01298012885455345,0.01298636413989823,7,fno
433,0.012975469985736647,0.012984787313796925,0.012980128649766786,0.012984787313796925,7,fno
434,0.01297879900164488,0.012981458161846256,0.012980128581745569,0.012981458161846256,7,fno
435,0.012988290393665227,0.012971964379038489,0.012980127386351858,0.012988290393665227,7,fno
436,0.01297260959721237,0.012987645723827542,0.012980127660519956,0.012987645723827542,7,fno
437,0.012979952327614574,0.012980305417856013,0.012980128872735294,0.012980305417856013,7,fno
438,0.012990387004335286,0.012969862414008763,0.012980124709172026,0.012990387004335286,7,fno
439,0.012968543070431821,0.012991705589708687,0.012980124330070255,0.012991705589708687,7,fno
440,0.01298237790546225,0.012977881844620669,0.01298012987504146,0.01298237790546225,7,fno
441,0.01299247259775294,0.01296777506973679,0.012980123833744864,0.01299247259775294,7,fno
442,0.01296288838833517,0.012997346148785976,0.012980117268560572,0.012997346148785976,7,fno
443,0.01298666955317928,0.01297358553850002,0.012980127545839649,0.01298666955317928,7,fno
444,0.012994258464967448,0.012965987939117699,0.012980123202042573,0.012994258464967448,7,fno
445,0.01295546699397911,0.013004748139238291,0.0129801075666087,0.013004748139238291,7,fno
446,0.012993350373191994,0.012966896282990921,0.012980123328091456,0.012993350373191994,7,fno
447,0.0129951143347933,0.012965128949660247,0.012980121642226772,0.0129951143347933,7,fno
448,0.012946518110990282,0.013013656194258979,0.01298008715262463,0.013013656194258979,7,fno
449,0.013003099200535672,0.012957116666510749,0.012980107933523211,0.013003099200535672,7,fno
450,0.01299363276629359,0.01296661015202943,0.012980121459161512,0.01299363276629359,7,fno
451,0.012936768315795141,0.013023347637645611,0.012980057976720376,0.013023347637645611,7,fno
452,0.013017142190250313,0.012943011446946625,0.012980076818598469,0.013017142190250313,7,fno
453,0.012987663431332296,0.012972591795927964,0.01298012761363013,0.012987663431332296,7,fno
454,0.012926714357273822,0.013033325953242251,0.012980020155258037,0.013033325953242251,7,fno
455,0.013037156276053551,0.012922849379261553,0.012980002827657551,0.013037156276053551,7,fno
456,0.012975521542208688,0.012984734908709751,0.01298012822545922,0.012984734908709751,7,fno
457,0.01291628247741058,0.013043663704874154,0.012979973091142367,0.013043663704874154,7,fno
458,0.013064168420600687,0.012895542316764022,0.012979855368682354,0.013064168420600687,7,fno
459,0.012956063898650462,0.013004150849529024,0.012980107374089743,0.013004150849529024,7,fno
460,0.012907465716563149,0.01305238929265511,0.01297992750460913,0.01305238929265511,7,fno
461,0.01309567593259533,0.012863545338743922,0.012979610635669627,0.01309567593259533,7,fno
462,0.01292875654521143,0.013031301614202061,0.012980029079706745,0.013031301614202061,7,fno
463,0.012905102951001071,0.01305472501543489,0.01297991398321798,0.01305472501543489,7,fno
464,0.01312826566636507,0.012830282246060263,0.012979273956212668,0.01312826566636507,7,fno
465,0.012889077451566066,0.01307054865999631,0.012979813055781188,0.01307054865999631,7,fno
466,0.01291763965096059,0.013042319769816485,0.012979979710388539,0.013042319769816485,7,fno
467,0.013160870106907528,0.012796834901210467,0.012978852504058998,0.013160870106907528,7,fno
468,0.012829026769207484,0.013129493886751505,0.012979260327979494,0.013129493886751505,7,fno
469,0.012949948721810923,0.013010239655156738,0.01298009418848383,0.013010239655156738,7,fno
470,0.013197762105912196,0.01275878395802541,0.012978273031968803,0.013197762105912196,7,fno
471,0.012746131635530244,0.013209982211994289,0.012978056923762266,0.013209982211994289,7,fno
472,0.01299389778743601,0.012966345088809653,0.01298012143812283,0.01299389778743601,7,fno
473,0.013241882723181386,0.012712987889897017,0.012977435306539203,0.013241882723181386,7,fno
474,0.012651060092471291,0.01330106099872516,0.012976060545598226,0.01330106099872516,7,fno
475,0.013049331005560057,0.01291055985290449,0.012979945429232274,0.013049331005560057,7,fno
476,0.013261079056515492,0.012692963791283495,0.012977021423899494,0.013261079056515492,7,fno
477,0.012577116834955942,0.01337099986302221,0.012974058348989077,0.01337099986302221,7,fno
478,0.013131199660752803,0.012827280310042804,0.012979239985397803,0.013131199660752803,7,fno
479,0.013224564399902761,0.012731002134118369,0.012977783267010566,0.013224564399902761,7,fno
480,0.012505062121812533,0.01343841157881632,0.012971736850314428,0.01343841157881632,7,fno
481,0.013282305127789705,0.012670748975057359,0.012976527051423532,0.013282305127789705,7,fno
482,0.013142584316682977,0.012815615599163456,0.012979099957923217,0.013142584316682977,7,fno
483,0.012379539023602651,0.013554133865387223,0.012966836444494936,0.013554133865387223,7,fno
484,0.013491756897801162,0.012447491373218567,0.012969624135509865,0.013491756897801162,7,fno
485,0.013077628225843343,0.01288189328774334,0.012979760756793341,0.013077628225843343,7,fno
486,0.012225184658941344,0.013693515855342647,0.012959350257141997,0.013693515855342647,7,fno
487,0.013669170580773254,0.01225239815723676,0.012960784369005007,0.013669170580773254,7,fno
488,0.013029343981455704,0.012930727874448919,0.012980035927952311,0.013029343981455704,7,fno
489,0.012156464145390063,0.01375455906446866,0.012955511604929363,0.01375455906446866,7,fno
490,0.013780552511512435,0.012126990391996988,0.012953771451754711,0.013780552511512435,7,fno
491,0.01282809422744217,0.013130404633893157,0.012979249430667663,0.013130404633893157,7,fno
492,0.012328407745970785,0.013600657788172514,0.01296453276707165,0.013600657788172514,7,fno
493,0.01381214407817885,0.012090997411091866,0.01295157074463536,0.01381214407817885,7,fno
494,0.012556808613584339,0.013390074367479793,0.012973441490532065,0.013390074367479793,7,fno
495,0.012498559084099721,0.013444461220956282,0.012971510152528003,0.013444461220956282,7,fno
496,0.014072796145325696,0.011786598663202558,0.012929697404264126,0.014072796145325696,7,fno
497,0.012154746305680874,0.013756076718204314,0.012955411511942594,0.013756076718204314,7,fno
498,0.012546075848086837,0.013400130328371954,0.012973103088229396,0.013400130328371954,7,fno
499,0.01449869537768203,0.0112585680060884,0.012878631691885216,0.01449869537768203,7,fno
500,0.011682707717052713,0.01415916213869645,0.012920934927874581,0.01415916213869645,7,fno
501,0.012567620027990093,0.013379927874913742,0.012973773951451918,0.013379927874913742,7,fno
502,0.014415121155644781,0.011365376119138078,0.01289024863739143,0.014415121155644781,7,fno
503,0.011900291008706695,0.013976787175629907,0.012938539092168301,0.013976787175629907,7,fno
504,0.012612516562563729,0.013337614372677106,0.012975065467620417,0.013337614372677106,7,fno
505,0.014066074880388859,0.011794619321672058,0.012930347101030458,0.014066074880388859,7,fno
506,0.012054278739250489,0.013844199918743525,0.012949239328997008,0.013844199918743525,7,fno
507,0.013752734329102062,0.012158529450017266,0.012955631889559664,0.013752734329102062,7,fno
508,0.013339234965027976,0.01261080250935619,0.012975018737192083,0.013339234965027976,7,fno
509,0.01127628940206742,0.014484916636462291,0.012880603019264854,0.014484916636462291,7,fno
510,0.013248424805494229,0.012706170545730455,0.012977297675612343,0.013248424805494229,7,fno
511,0.014245448841640772,0.011577334587098084,0.012911391714369428,0.014245448841640772,7,fno
512,0.0736367161151206,0.01298012900209535,0.04330842255860797,0.0736367161151206,7,fno
1,2.6944435520767973,2.0779929674345867,2.386218259755692,2.6944435520767973,7,solver
2,2.1500997664314907,1.9600041984619498,2.05505198244672,2.1500997664314907,7,solver
3,0.9782526902098169,1.9919774820157272,1.485115086112772,1.9919774820157272,7,solver
4,1.1750351095922993,0.9250068021401621,1.0500209558662306,1.1750351095922993,7,solver
5,0.7412666430829075,0.540655759673198,0.6409612013780528,0.7412666430829075,7,solver
6,0.4270899646853673,0.4738656204437186,0.45047779256454296,0.4738656204437186,7,solver
7,0.4911312244648136,0.33891387405227114,0.4150225492585424,0.4911312244648136,7,solver
8,0.3510492405147637,0.4550913881574838,0.4030703143361237,0.4550913881574838,7,solver
9,0.32769192044857354,0.3974790191684151,0.3625854698084943,0.3974790191684151,7,solver
10,0.3286854548064229,0.3235353078658341,0.3261103813361285,0.3286854548064229,7,solver
11,0.3358924725518317,0.2733424057144892,0.3046174391331604,0.3358924725518317,7,solver
12,0.3436680029549615,0.20757218952936063,0.2756200962421611,0.3436680029549615,7,solver
13,0.24600495492412758,0.24046134303817393,0.24323314898115075,0.24600495492412758,7,solver
14,0.20419956671554715,0.18313359259197048,0.19366657965375883,0.20419956671554715,7,solver
15,0.1419409932065118,0.1765488849525724,0.1592449390795421,0.1765488849525724,7,solver
16,0.14847452189985563,0.15384159564322267,0.15115805877153915,0.15384159564322267,7,solver
17,0.16445142374910304,0.1318461358436106,0.14814877979635682,0.16445142374910304,7,solver
18,0.14853801529012708,0.12873227961621378,0.13863514745317043,0.14853801529012708,7,solver
19,0.1291219957438459,0.1146344756842344,0.12187823571404015,0.1291219957438459,7,solver
20,0.11599720287709592,0.09400263256651686,0.10499991772180639,0.11599720287709592,7,solver
21,0.09229615618918341,0.09293216674352839,0.0926141614663559,0.09293216674352839,7,solver
22,0.08366114197297675,0.07861067487986108,0.0811359084264189,0.08366114197297675,7,solver
23,0.07129384511237484,0.06882072879431018,0.07005728695334251,0.07129384511237484,7,solver
24,0.059857659842367794,0.06270188705713733,0.061279773449752564,0.06270188705713733,7,solver
25,0.056251522832532666,0.05585476777659323,0.05605314530456294,0.056251522832532666,7,solver
26,0.05161738233950807,0.05221423553085106,0.051915808935179567,0.05221423553085106,7,solver
27,0.04505136861220923,0.04716295195017736,0.0461071602811933,0.04716295195017736,7,solver
28,0.04058788493143203,0.03682592658041473,0.03870690575592338,0.04058788493143203,7,solver
29,0.03253517942494035,0.03167259706830557,0.03210388824662296,0.03253517942494035,7,solver
30,0.028074283975133955,0.02773496801275072,0.027904625993942337,0.028074283975133955,7,solver
31,0.025027483748787858,0.025672226297258523,0.025349855023023192,0.025672226297258523,7,solver
32,0.021963834925450725,0.02345260698475851,0.022708220955104618,0.02345260698475851,7,solver
33,0.019088333015945834,0.019987633047951193,0.019537983031948515,0.019987633047951193,7,solver
34,0.015787762257430553,0.01713342069792333,0.016460591477676943,0.01713342069792333,7,solver
35,0.013827359908487831,0.014376531689711928,0.01410194579909988,0.014376531689711928,7,solver
36,0.012330248968855673,0.01228101410857628,0.012305631538715976,0.012330248968855673,7,solver
37,0.01063000638823876,0.010697153259170865,0.010663579823704812,0.010697153259170865,7,solver
38,0.009350780222383124,0.008800365962643407,0.009075573092513264,0.009350780222383124,7,solver
39,0.007748971998371771,0.0076935238890396065,0.007721247943705689,0.007748971998371771,7,solver
40,0.006636877366291609,0.006683511823615783,0.006660194594953696,0.006683511823615783,7,solver
41,0.005741729378596029,0.005789387243328324,0.005765558310962177,0.005789387243328324,7,solver
42,0.004762350617507411,0.005053065604201949,0.00490770811085468,0.005053065604201949,7,solver
43,0.0040569545919396975,0.004158997573372044,0.004107976082655871,0.004158997573372044,7,solver
44,0.0034487554380514063,0.0034378174640661667,0.0034432864510587865,0.0034487554380514063,7,solver
45,0.0029656580388339555,0.002903712402456633,0.002934685220645294,0.0029656580388339555,7,solver
46,0.0025847258165261557,0.002459226739618716,0.0025219762780724357,0.0025847258165261557,7,solver
47,0.0021845879258879427,0.002112014560566507,0.002148301243227225,0.0021845879258879427,7,solver
48,0.0018373334689868646,0.0017678618653108084,0.0018025976671488366,0.0018373334689868646,7,solver
49,0.0015109888922288344,0.0014927612531949342,0.0015018750727118844,0.0015109888922288344,7,solver
50,0.0012487723336606254,0.001257550630655796,0.0012531614821582107,0.001257550630655796,7,solver
51,0.0010451429134925988,0.0010541010658532376,0.0010496219896729182,0.0010541010658532376,7,solver
52,0.0008700238790857347,0.0008922497439770961,0.0008811368115314154,0.0008922497439770961,7,solver
53,0.0007401315630066955,0.0007415126400834916,0.0007408221015450935,0.0007415126400834916,7,solver
54,0.0006265790794365555,0.000617469050666114,0.0006220240650513348,0.0006265790794365555,7,solver
55,0.0005238606917850285,0.0005136791078581041,0.0005187698998215663,0.0005238606917850285,7,solver
56,0.0004363922381369822,0.00042043275097793353,0.0004284124945574579,0.0004363922381369822,7,solver
57,0.00035595675647574754,0.0003483270759301035,0.00035214191620292553,0.00035595675647574754,7,solver
58,0.00029144744421791843,0.0002898946101834209,0.00029067102720066966,0.00029144744421791843,7,solver
59,0.00024022119039991604,0.00024322988177124543,0.00024172553608558075,0.00024322988177124543,7,solver
60,0.00019848627859819128,0.0002039749112910431,0.0002012305949446172,0.0002039749112910431,7,solver
61,0.00016430210201657714,0.00016849095767408924,0.0001663965298453332,0.00016849095767408924,7,solver
62,0.00013504695594072707,0.00013795487599087947,0.00013650091596580327,0.00013795487599087947,7,solver
63,0.00011152329340944492,0.00011170341133310085,0.00011161335237127288,0.00011170341133310085,7,solver
64,9.200430545340462e-05,9.064887491519631e-05,9.132659018430046e-05,9.200430545340462e-05,7,solver
65,7.555191560780874e-05,7.401185490318476e-05,7.478188525549676e-05,7.555191560780874e-05,7,solver
66,6.194334510805835e-05,6.0419668595937964e-05,6.118150685199817e-05,6.194334510805835e-05,7,solver
67,5.0149255175972885e-05,4.98711148349999e-05,5.001018500548639e-05,5.0149255175972885e-05,7,solver
68,4.05687293224896e-05,4.1124977322072054e-05,4.084685332228083e-05,4.1124977322072054e-05,7,solver
69,3.2867710229671796e-05,3.370852068383052e-05,3.328811545675116e-05,3.370852068383052e-05,7,solver
70,2.658496620909504e-05,2.7433584429447768e-05,2.7009275319271404e-05,2.7433584429447768e-05,7,solver
71,2.1615777865783713e-05,2.2038495658075684e-05,2.18271367619297e-05,2.2038495658075684e-05,7,solver
72,1.7645159960018397e-05,1.7604758989403698e-05,1.7624959474711046e-05,1.7645159960018397e-05,7,solver
73,1.4426674904820534e-05,1.4096597883405208e-05,1.4261636394112871e-05,1.4426674904820534e-05,7,solver
74,1.173583028824606e-05,1.1375309028714163e-05,1.1555569658480112e-05,1.173583028824606e-05,7,solver
75,9.46566469773893e-06,9.21590613781008e-06,9.340785417774504e-06,9.46566469773893e-06,7,solver
76,7.561803530155025e-06,7.466958785673813e-06,7.514381157914419e-06,7.561803530155025e-06,7,solver
77,5.972316003659851e-06,6.0785836017171445e-06,6.025449802688498e-06,6.0785836017171445e-06,7,solver
78,4.756782554530151e-06,4.912185147123677e-06,4.834483850826914e-06,4.912185147123677e-06,7,solver
79,3.812305516305385e-06,3.961750008121535e-06,3.88702776221346e-06,3.961750008121535e-06,7,solver
80,3.072301098669467e-06,3.171368282010278e-06,3.1218346903398726e-06,3.171368282010278e-06,7,solver
81,2.4800318703388375e-06,2.5082642017233317e-06,2.4941480360310846e-06,2.5082642017233317e-06,7,solver
82,2.003343320626334e-06,1.9662129628275534e-06,1.9847781417269434e-06,2.003343320626334e-06,7,solver
83,1.6124119491306655e-06,1.5623646523605984e-06,1.5873883007456318e-06,1.6124119491306655e-06,7,solver
84,1.2918403131303485e-06,1.2840077433778537e-06,1.287924028254101e-06,1.2918403131303485e-06,7,solver
85,1.0495621687539784e-06,1.067128247157295e-06,1.0583452079556368e-06,1.067128247157295e-06,7,solver
86,8.609769317131167e-07,8.802462271444827e-07,8.706115794287997e-07,8.802462271444827e-07,7,solver
87,6.746279457389793e-07,7.391537481184382e-07,7.068908469287087e-07,7.391537481184382e-07,7,solver
88,5.697295723358342e-07,5.586289874573049e-07,5.641792798965695e-07,5.697295723358342e-07,7,solver
89,4.191909611450534e-07,4.7009311701853e-07,4.446420390817917e-07,4.7009311701853e-07,7,solver
90,3.465072904097756e-07,3.8319415122379664e-07,3.648507208167861e-07,3.8319415122379664e-07,7,solver
91,3.621276164424914e-07,3.043966871516817e-07,3.3326215179708657e-07,3.621276164424914e-07,7,solver
92,3.8649898007962663e-07,2.7488860106549757e-07,3.306937905725621e-07,3.8649898007962663e-07,7,solver
93,3.031199960716697e-07,3.6182195522647834e-07,3.32470975649074e-07,3.6182195522647834e-07,7,solver
94,1.9633549252565642e-07,3.9304511262912593e-07,2.9469030257739116e-07,3.9304511262912593e-07,7,solver
95,2.102316849987277e-07,3.1832379203348485e-07,2.6427773851610626e-07,3.1832379203348485e-07,7,solver
96,2.1441919266557855e-07,2.4228384662937756e-07,2.2835151964747805e-07,2.4228384662937756e-07,7,solver
97,2.1816065932284136e-07,1.8753401931674353e-07,2.0284733931979245e-07,2.1816065932284136e-07,7,solver
98,2.4266952823001113e-07,1.2851300454869992e-07,1.8559126638935553e-07,2.4266952823001113e-07,7,solver
99,1.6821440611134893e-07,2.2021626902889766e-07,1.942153375701233e-07,2.2021626902889766e-07,7,solver
100,1.7562174769499836e-07,2.3907516378537416e-07,2.0734845574018627e-07,2.3907516378537416e-07,7,solver
101,2.3030788302803338e-07,2.3115696562224874e-07,2.3073242432514107e-07,2.3115696562224874e-07,7,solver
102,2.0153343403160536e-07,2.754521534577119e-07,2.384927937446586e-07,2.754521534577119e-07,7,solver
103,1.8890295387358772e-07,2.575034982346819e-07,2.2320322605413482e-07,2.575034982346819e-07,7,solver
104,1.6413829414124096e-07,2.063547059470584e-07,1.852465000441497e-07,2.063547059470584e-07,7,solver
105,1.5114102818720568e-07,1.5736098924297682e-07,1.5425100871509126e-07,1.5736098924297682e-07,7,solver
106,1.546820326445834e-07,1.7912771027770242e-07,1.6690487146114293e-07,1.7912771027770242e-07,7,solver
107,2.1731403753721017e-07,1.8462401627923813e-07,2.0096902690822414e-07,2.1731403753721017e-07,7,solver
108,2.4566600370898734e-07,1.784862758585323e-07,2.1207613978375982e-07,2.4566600370898734e-07,7,solver
109,1.6895442990192324e-07,2.2071433432678954e-07,1.948343821143564e-07,2.2071433432678954e-07,7,solver
110,1.3056322630922817e-07,1.98998879306259e-07,1.647810528077436e-07,1.98998879306259e-07,7,solver
111,1.2048285166590074e-07,1.983071953556853e-07,1.59395023510793e-07,1.983071953556853e-07,7,solver
112,1.6536029912551495e-07,1.9719577173763804e-07,1.8127803543157648e-07,1.9719577173763804e-07,7,solver
113,2.3697497084927103e-07,1.2823635430329012e-07,1.8260566257628057e-07,2.3697497084927103e-07,7,solver
114,1.9013204623564613e-07,1.6484241819001704e-07,1.774872322128316e-07,1.9013204623564613e-07,7,solver
115,1.5140741905982415e-07,1.6629734396827578e-07,1.5885238151404998e-07,1.6629734396827578e-07,7,solver
116,1.5618027373048494e-07,1.5427025973082233e-07,1.5522526673065364e-07,1.5618027373048494e-07,7,solver
117,1.2408970564834243e-07,1.9387646488261847e-07,1.5898308526548043e-07,1.9387646488261847e-07,7,solver
118,1.721951002411633e-07,1.5227113007363723e-07,1.6223311515740028e-07,1.721951002411633e-07,7,solver
119,1.895833621400584e-07,9.974011138095361e-08,1.4466173676050601e-07,1.895833621400584e-07,7,solver
120,1.553275614438205e-07,1.3341876389157087e-07,1.443731626676957e-07,1.553275614438205e-07,7,solver
121,1.499433506311826e-07,1.5346863389970458e-07,1.517059922654436e-07,1.5346863389970458e-07,7,solver
122,1.5495227014471764e-07,1.6167587899431954e-07,1.583140745695186e-07,1.6167587899431954e-07,7,solver
123,1.2353630707181487e-07,1.710365695737883e-07,1.472864383228016e-07,1.710365695737883e-07,7,solver
124,1.473131695776733e-07,1.0152303657065581e-07,1.2441810307416456e-07,1.473131695776733e-07,7,solver
125,1.2943338123281981e-07,9.225006467184662e-08,1.1084172295233322e-07,1.2943338123281981e-07,7,solver
126,1.2301621055992572e-07,1.2531937621410314e-07,1.2416779338701443e-07,1.2531937621410314e-07,7,solver
127,1.4472320280023942e-07,1.4218454277427335e-07,1.434538727872564e-07,1.4472320280023942e-07,7,solver
128,1.287449816525732e-07,1.6426715500586992e-07,1.4650606832922157e-07,1.6426715500586992e-07,7,solver
129,1.346444093089805e-07,1.273879315272616e-07,1.3101617041812103e-07,1.346444093089805e-07,7,solver
130,1.1710437477214326e-07,9.027358807958522e-08,1.0368898142586424e-07,1.1710437477214326e-07,7,solver
131,9.770801750589047e-08,8.405381180591717e-08,9.088091465590381e-08,9.770801750589047e-08,7,solver
132,1.0649059592866764e-07,9.760385060902623e-08,1.0204722326884694e-07,1.0649059592866764e-07,7,solver
133,1.1556498796950962e-07,1.2057901788211813e-07,1.1807200292581387e-07,1.2057901788211813e-07,7,solver
134,1.0137945196006988e-07,1.3988152059713482e-07,1.2063048627860235e-07,1.3988152059713482e-07,7,solver
135,1.1463367576736446e-07,1.0913812067034765e-07,1.1188589821885606e-07,1.1463367576736446e-07,7,solver
136,9.90859298181962e-08,9.120415075354492e-08,9.514504028587056e-08,9.90859298181962e-08,7,solver
137,7.367899833482428e-08,9.480428180750488e-08,8.424164007116457e-08,9.480428180750488e-08,7,solver
138,9.194751096154428e-08,8.119875879024915e-08,8.657313487589671e-08,9.194751096154428e-08,7,solver
139,1.007211189019697e-07,8.371562224381164e-08,9.221837057289067e-08,1.007211189019697e-07,7,solver
140,9.299382237338482e-08,9.455147896594324e-08,9.377265066966404e-08,9.455147896594324e-08,7,solver
141,9.057122229401831e-08,8.761283671098214e-08,8.909202950250022e-08,9.057122229401831e-08,7,solver
142,7.845302024960174e-08,8.738408448263897e-08,8.291855236612035e-08,8.738408448263897e-08,7,solver
143,6.395912515530995e-08,9.375922530333631e-08,7.885917522932314e-08,9.375922530333631e-08,7,solver
144,8.448017157821887e-08,7.6757728650137e-08,8.061895011417794e-08,8.448017157821887e-08,7,solver
145,9.167242850917625e-08,6.863849145027356e-08,8.015545997972491e-08,9.167242850917625e-08,7,solver
146,7.862196875122478e-08,7.96784365493411e-08,7.915020265028294e-08,7.96784365493411e-08,7,solver
147,6.535160301938854e-08,8.588960651844533e-08,7.562060476891693e-08,8.588960651844533e-08,7,solver
148,6.619360118968687e-08,8.171968411022496e-08,7.395664264995591e-08,8.171968411022496e-08,7,solver
149,6.247462635476934e-08,8.298251851305463e-08,7.272857243391197e-08,8.298251851305463e-08,7,solver
150,7.367852671765976e-08,7.068185802056633e-08,7.218019236911304e-08,7.367852671765976e-08,7,solver
151,8.900964107749174e-08,4.3166248260922865e-08,6.608794466920731e-08,8.900964107749174e-08,7,solver
152,8.18514602076894e-08,4.9696879099777896e-08,6.577416965373364e-08,8.18514602076894e-08,7,solver
153,5.630131689102988e-08,7.572533540397689e-08,6.601332614750339e-08,7.572533540397689e-08,7,solver
154,4.51015132098225e-08,8.271015763896626e-08,6.390583542439437e-08,8.271015763896626e-08,7,solver
155,5.38013463716135e-08,7.570640696144093e-08,6.475387666652721e-08,7.570640696144093e-08,7,solver
156,6.262571981348213e-08,6.30019296684813e-08,6.281382474098172e-08,6.30019296684813e-08,7,solver
157,7.036525470678023e-08,4.432848487387702e-08,5.734686979032862e-08,7.036525470678023e-08,7,solver
158,6.358711580951491e-08,4.676589585839269e-08,5.51765058339538e-08,6.358711580951491e-08,7,solver
159,4.777144568047912e-08,6.209046405118656e-08,5.493095486583284e-08,6.209046405118656e-08,7,solver
160,4.47167576289654e-08,6.654143503356331e-08,5.562909633126436e-08,6.654143503356331e-08,7,solver
161,5.061216214358879e-08,6.318258569967258e-08,5.689737392163069e-08,6.318258569967258e-08,7,solver
162,5.839997002720262e-08,5.198222382684848e-08,5.5191096927025546e-08,5.839997002720262e-08,7,solver
163,5.93107142212132e-08,4.135020440125458e-08,5.033045931123389e-08,5.93107142212132e-08,7,solver
164,4.7989551587813027e-08,4.6672778141012985e-08,4.7331164864413006e-08,4.7989551587813027e-08,7,solver
165,3.3006393330963586e-08,5.744660760362343e-08,4.5226500467293503e-08,5.744660760362343e-08,7,solver
166,3.358817590458037e-08,6.108733365279866e-08,4.7337754778689516e-08,6.108733365279866e-08,7,solver
167,4.691184978978261e-08,5.499762458910737e-08,5.095473718944499e-08,5.499762458910737e-08,7,solver
168,6.054560028873856e-08,3.558986901604282e-08,4.806773465239069e-08,6.054560028873856e-08,7,solver
169,5.4869163439173814e-08,3.431996625260127e-08,4.459456484588754e-08,5.4869163439173814e-08,7,solver
170,4.440908262682433e-08,4.24554879617668e-08,4.3432285294295565e-08,4.440908262682433e-08,7,solver
171,3.903509561529984e-08,5.098628057254683e-08,4.501068809392334e-08,5.098628057254683e-08,7,solver
172,2.7787996738115147e-08,6.293707120988816e-08,4.536253397400165e-08,6.293707120988816e-08,7,solver
173,4.337987903837441e-08,5.327654151320694e-08,4.8328210275790674e-08,5.327654151320694e-08,7,solver
174,5.2310098585071856e-08,3.4448552409448457e-08,4.3379325497260157e-08,5.2310098585071856e-08,7,solver
175,4.3987741619086233e-08,3.5242263108494525e-08,3.9615002363790376e-08,4.3987741619086233e-08,7,solver
176,4.42224974866862e-08,3.6935293791483677e-08,4.057889563908494e-08,4.42224974866862e-08,7,solver
177,4.392475401632602e-08,4.691407657458145e-08,4.5419415295453736e-08,4.691407657458145e-08,7,solver
178,4.019628895826784e-08,5.426808934496911e-08,4.7232189151618474e-08,5.426808934496911e-08,7,solver
179,4.293101481163219e-08,4.6459584121548725e-08,4.469529946659046e-08,4.6459584121548725e-08,7,solver
180,4.451185605543269e-08,3.171581447134021e-08,3.811383526338645e-08,4.451185605543269e-08,7,solver
181,3.5069673649145173e-08,3.565246984569118e-08,3.536107174741818e-08,3.565246984569118e-08,7,solver
182,2.8278023749044994e-08,4.5118838425909974e-08,3.6698431087477484e-08,4.5118838425909974e-08,7,solver
183,3.9212678358851906e-08,4.327471254888557e-08,4.1243695453868735e-08,4.327471254888557e-08,7,solver
184,4.342937111382555e-08,4.112239265692565e-08,4.22758818853756e-08,4.342937111382555e-08,7,solver
185,4.642039147079061e-08,3.31061179903242e-08,3.9763254730557405e-08,4.642039147079061e-08,7,solver
186,4.3330744303531647e-08,2.9241654190785615e-08,3.6286199247158634e-08,4.3330744303531647e-08,7,solver
187,3.016978181385496e-08,3.693206790552997e-08,3.3550924859692466e-08,3.693206790552997e-08,7,solver
188,2.8736263137962703e-08,3.4632576526137606e-08,3.168441983205016e-08,3.4632576526137606e-08,7,solver
189,3.599951806497302e-08,2.9046263527848495e-08,3.2522890796410755e-08,3.599951806497302e-08,7,solver
190,3.2852221006954044e-08,3.8827324003426074e-08,3.583977250519006e-08,3.8827324003426074e-08,7,solver
191,4.847115672169031e-08,2.4440366396473342e-08,3.6455761559081826e-08,4.847115672169031e-08,7,solver
192,4.423454191630297e-08,2.8360515674477654e-08,3.6297528795390315e-08,4.423454191630297e-08,7,solver
193,3.194187481613029e-08,3.3727771867529364e-08,3.283482334182983e-08,3.3727771867529364e-08,7,solver
194,2.685265210965041e-08,3.305149600076598e-08,2.99520740552082e-08,3.305149600076598e-08,7,solver
195,2.9822396159470696e-08,3.4927613989146295e-08,3.2375005074308495e-08,3.4927613989146295e-08,7,solver
196,3.4286104426976054e-08,3.7650245466176605e-08,3.596817494657633e-08,3.7650245466176605e-08,7,solver
197,4.216061256303748e-08,2.8243032191816322e-08,3.52018223774269e-08,4.216061256303748e-08,7,solver
198,2.8004884904409326e-08,3.607760195185414e-08,3.204124342813173e-08,3.607760195185414e-08,7,solver
199,2.9692449914496157e-08,3.0688685481319875e-08,3.019056769790802e-08,3.0688685481319875e-08,7,solver
200,2.99419987798383e-08,3.529255321279835e-08,3.261727599631832e-08,3.529255321279835e-08,7,solver
201,3.615265761222057e-08,3.5158393052806786e-08,3.565552533251368e-08,3.615265761222057e-08,7,solver
202,3.575712027363219e-08,3.378716357836747e-08,3.477214192599983e-08,3.575712027363219e-08,7,solver
203,2.342178998761092e-08,3.747855455983987e-08,3.0450172273725394e-08,3.747855455983987e-08,7,solver
204,2.2362553158274594e-08,3.628321286093937e-08,2.9322883009606985e-08,3.628321286093937e-08,7,solver
205,2.5287135977823775e-08,3.886261232633372e-08,3.207487415207875e-08,3.886261232633372e-08,7,solver
206,2.5667774878391853e-08,4.115744851368462e-08,3.3412611696038235e-08,4.115744851368462e-08,7,solver
207,2.7705282270841256e-08,3.518347825207294e-08,3.1444380261457096e-08,3.518347825207294e-08,7,solver
208,3.415933123454238e-08,1.850025912998524e-08,2.632979518226381e-08,3.415933123454238e-08,7,solver
209,2.970456899468177e-08,2.4612313907530445e-08,2.7158441451106106e-08,2.970456899468177e-08,7,solver
210,2.976416206299851e-08,3.150239758519858e-08,3.0633279824098544e-08,3.150239758519858e-08,7,solver
211,1.543184056414405e-08,4.279512383106044e-08,2.9113482197602244e-08,4.279512383106044e-08,7,solver
212,2.723551360839237e-08,3.28479649043445e-08,3.0041739256368436e-08,3.28479649043445e-08,7,solver
213,2.5911128169246147e-08,2.922639144478301e-08,2.7568759807014577e-08,2.922639144478301e-08,7,solver
214,2.888485330955694e-08,2.5909250723704567e-08,2.739705201663075e-08,2.888485330955694e-08,7,solver
215,3.308345258310371e-08,2.0643832176869772e-08,2.6863642379986742e-08,3.308345258310371e-08,7,solver
216,2.159188151754259e-08,2.800305930750832e-08,2.4797470412525455e-08,2.800305930750832e-08,7,solver
217,2.3616439291701162e-08,1.8777547866192408e-08,2.1196993578946783e-08,2.3616439291701162e-08,7,solver
218,2.148500719855199e-08,2.251657281384736e-08,2.2000790006199675e-08,2.251657281384736e-08,7,solver
219,2.1729016930311226e-08,3.0298012045140015e-08,2.6013514487725622e-08,3.0298012045140015e-08,7,solver
220,3.3283347790005755e-08,2.2243812301060464e-08,2.776358004553311e-08,3.3283347790005755e-08,7,solver
221,2.543725534000936e-08,2.486149615405334e-08,2.514937574703135e-08,2.543725534000936e-08,7,solver
222,2.1792775844397464e-08,1.556492056881254e-08,1.8678848206605003e-08,2.1792775844397464e-08,7,solver
223,1.5273563224956335e-08,1.6353617620935858e-08,1.5813590422946096e-08,1.6353617620935858e-08,7,solver
224,1.5560618071240825e-08,2.1100546512435364e-08,1.8330582291838094e-08,2.1100546512435364e-08,7,solver
225,2.5684146111394647e-08,1.5598774558439902e-08,2.0641460334917274e-08,2.5684146111394647e-08,7,solver
226,2.183243760670713e-08,1.9938716262630466e-08,2.08855769346688e-08,2.183243760670713e-08,7,solver
227,1.6201895590589485e-08,2.0784648707779385e-08,1.8493272149184435e-08,2.0784648707779385e-08,7,solver
228,1.648023377825867e-08,1.746106414846744e-08,1.6970648963363056e-08,1.746106414846744e-08,7,solver
229,1.8238693203075732e-08,1.533810509433184e-08,1.6788399148703787e-08,1.8238693203075732e-08,7,solver
230,1.8279472705781167e-08,1.577335361691442e-08,1.702641316134779e-08,1.8279472705781167e-08,7,solver
231,1.7320800098407298e-08,1.6416342000277055e-08,1.6868571049342176e-08,1.7320800098407298e-08,7,solver
232,1.5699837207764128e-08,1.7147600281940165e-08,1.6423718744852145e-08,1.7147600281940165e-08,7,solver
233,1.798580017000565e-08,1.3414092424377444e-08,1.5699946297191546e-08,1.798580017000565e-08,7,solver
234,1.523421938472398e-08,1.4823497965841047e-08,1.5028858675282515e-08,1.523421938472398e-08,7,solver
235,1.2233693082890173e-08,1.6182752551235493e-08,1.4208222817062832e-08,1.6182752551235493e-08,7,solver
236,1.4202793785997644e-08,1.5005687244090664e-08,1.4604240515044154e-08,1.5005687244090664e-08,7,solver
237,1.7026078675951137e-08,1.4188404985645064e-08,1.56072418307981e-08,1.7026078675951137e-08,7,solver
238,1.229427357458994e-08,1.952643941792415e-08,1.5910356496257045e-08,1.952643941792415e-08,7,solver
239,1.4606266042436148e-08,1.6574105124785046e-08,1.5590185583610596e-08,1.6574105124785046e-08,7,solver
240,1.4275167698459318e-08,1.3289443570237226e-08,1.3782305634348272e-08,1.4275167698459318e-08,7,solver
241,1.4430364097594653e-08,9.70560805537403e-09,1.206798607648434e-08,1.4430364097594653e-08,7,solver
242,1.3015713161944132e-08,1.2465131220257961e-08,1.2740422191101046e-08,1.3015713161944132e-08,7,solver
243,1.5963945727489585e-08,1.2796012545952854e-08,1.437997913672122e-08,1.5963945727489585e-08,7,solver
244,9.972123039941595e-09,1.9433297312391387e-08,1.4702710176166491e-08,1.9433297312391387e-08,7,solver
245,1.4479585051365244e-08,1.4592565953765422e-08,1.4536075502565333e-08,1.4592565953765422e-08,7,solver
246,1.4318139610943658e-08,9.263936828075857e-09,1.1791038219509758e-08,1.4318139610943658e-08,7,solver
247,8.843145039421256e-09,1.0891141613005104e-08,9.867143326213181e-09,1.0891141613005104e-08,7,solver
248,1.0140928028529186e-08,1.0466124629794636e-08,1.0303526329161912e-08,1.0466124629794636e-08,7,solver
249,1.2824441249662466e-08,1.1283884106511073e-08,1.2054162678086768e-08,1.2824441249662466e-08,7,solver
250,9.313268485806689e-09,1.5614511588158338e-08,1.2463890036982514e-08,1.5614511588158338e-08,7,solver
251,1.1261729466292187e-08,1.2544872909557184e-08,1.1903301187924686e-08,1.2544872909557184e-08,7,solver
252,1.1044908998690247e-08,9.22483710031915e-09,1.0134873049504699e-08,1.1044908998690247e-08,7,solver
253,1.0061583394358846e-08,8.648317943833577e-09,9.35495066909621e-09,1.0061583394358846e-08,7,solver
254,1.1828627356191446e-08,7.898067046522969e-09,9.863347201357207e-09,1.1828627356191446e-08,7,solver
255,9.959052686064714e-09,1.1645315501533805e-08,1.080218409379926e-08,1.1645315501533805e-08,7,solver
256,1.1927989935449635e-08,9.555957850528832e-09,1.0741973892989233e-08,1.1927989935449635e-08,7,solver
257,1.1668187989717904e-08,8.747920441176968e-09,1.0208054215447436e-08,1.1668187989717904e-08,7,solver
258,1.1372099751355698e-08,8.790008319469953e-09,1.0081054035412826e-08,1.1372099751355698e-08,7,solver
259,1.0378732609721585e-08,1.0515139252499911e-08,1.0446935931110748e-08,1.0515139252499911e-08,7,solver
260,1.0377384702696492e-08,1.060893170501182e-08,1.0493158203854156e-08,1.060893170501182e-08,7,solver
261,9.298549247047801e-09,1.0711664152797205e-08,1.0005106699922503e-08,1.0711664152797205e-08,7,solver
262,1.0703919071587079e-08,8.631815981612199e-09,9.667867526599639e-09,1.0703919071587079e-08,7,solver
263,1.1912192650906276e-08,8.59568470041332e-09,1.02539386756598e-08,1.1912192650906276e-08,7,solver
264,1.2667126907296232e-08,1.04886932702452e-08,1.1577910088770716e-08,1.2667126907296232e-08,7,solver
265,1.2140828991529675e-08,1.2561009276417751e-08,1.2350919133973712e-08,1.2561009276417751e-08,7,solver
266,1.0907659895553777e-08,1.3043288528644835e-08,1.1975474212099305e-08,1.3043288528644835e-08,7,solver
267,8.890797036209528e-09,1.2829803036913919e-08,1.0860300036561723e-08,1.2829803036913919e-08,7,solver
268,1.0287657647308919e-08,1.042549781190655e-08,1.0356577729607735e-08,1.042549781190655e-08,7,solver
269,8.50531629176125e-09,1.206923450667169e-08,1.0287275399216471e-08,1.206923450667169e-08,7,solver
270,8.455127214267034e-09,1.2569728397615097e-08,1.0512427805941065e-08,1.2569728397615097e-08,7,solver
271,1.0461859295739899e-08,1.0679727856433331e-08,1.0570793576086615e-08,1.0679727856433331e-08,7,solver
272,9.410991702821375e-09,1.0880805466172604e-08,1.0145898584496989e-08,1.0880805466172604e-08,7,solver
273,8.323107208020066e-09,1.1536368550243898e-08,9.929737879131981e-09,1.1536368550243898e-08,7,solver
274,1.1266836504133139e-08,9.186737962809047e-09,1.0226787233471094e-08,1.1266836504133139e-08,7,solver
275,8.580848518190098e-09,1.1866204216144358e-08,1.0223526367167227e-08,1.1866204216144358e-08,7,solver
276,8.239427278413738e-09,1.1736499492950673e-08,9.987963385682206e-09,1.1736499492950673e-08,7,solver
277,9.58981004686155e-09,1.0646624585448997e-08,1.0118217316155274e-08,1.0646624585448997e-08,7,solver
278,9.546337388131498e-09,1.1683005839383409e-08,1.0614671613757454e-08,1.1683005839383409e-08,7,solver
279,1.0554972759721134e-08,1.1782337743016344e-08,1.1168655251368738e-08,1.1782337743016344e-08,7,solver
280,8.933008037086769e-09,1.2580830635712472e-08,1.075691933639962e-08,1.2580830635712472e-08,7,solver
281,8.674588529270227e-09,1.0942705590435567e-08,9.808647059852897e-09,1.0942705590435567e-08,7,solver
282,9.330809906176149e-09,9.009190756373971e-09,9.170000331275061e-09,9.330809906176149e-09,7,solver
283,9.835092020124334e-09,9.662034678176577e-09,9.748563349150455e-09,9.835092020124334e-09,7,solver
284,1.1939083702639613e-08,9.436258031546009e-09,1.0687670867092812e-08,1.1939083702639613e-08,7,solver
285,1.117284078744633e-08,1.0486806860041887e-08,1.0829823823744109e-08,1.117284078744633e-08,7,solver
286,9.297604880584095e-09,1.0031435413445945e-08,9.66452014701502e-09,1.0031435413445945e-08,7,solver
287,6.483369409233777e-09,9.918974258162408e-09,8.201171833698093e-09,9.918974258162408e-09,7,solver
288,7.913663803372636e-09,9.199912143471271e-09,8.556787973421953e-09,9.199912143471271e-09,7,solver
289,1.0127759483862026e-08,9.542655716374883e-09,9.835207600118454e-09,1.0127759483862026e-08,7,solver
290,1.117184242644855e-08,9.566744905140875e-09,1.0369293665794713e-08,1.117184242644855e-08,7,solver
291,8.155200639609716e-09,1.072488838956939e-08,9.440044514589553e-09,1.072488838956939e-08,7,solver
292,8.492756473060296e-09,7.231453936520184e-09,7.862105204790241e-09,8.492756473060296e-09,7,solver
293,6.5515093008110825e-09,7.740846399192121e-09,7.146177850001602e-09,7.740846399192121e-09,7,solver
294,7.2402126843669e-09,8.669936530635697e-09,7.955074607501299e-09,8.669936530635697e-09,7,solver
295,8.693116660008396e-09,9.029607221229045e-09,8.86136194061872e-09,9.029607221229045e-09,7,solver
296,7.576292013260268e-09,9.961797621449725e-09,8.769044817354995e-09,9.961797621449725e-09,7,solver
297,8.853178610857343e-09,7.817786754555858e-09,8.3354826827066e-09,8.853178610857343e-09,7,solver
298,7.196601160894579e-09,9.336608599669694e-09,8.266604880282137e-09,9.336608599669694e-09,7,solver
299,7.375104759418651e-09,1.009490837513646e-08,8.735006567277556e-09,1.009490837513646e-08,7,solver
300,1.087248400809457e-08,6.454635580698885e-09,8.663559794396727e-09,1.087248400809457e-08,7,solver
301,6.916477129236949e-09,9.364923094776143e-09,8.140700112006545e-09,9.364923094776143e-09,7,solver
302,7.075145966449449e-09,7.971698833614893e-09,7.52342240003217e-09,7.971698833614893e-09,7,solver
303,8.868091309977973e-09,7.08540610751885e-09,7.976748708748411e-09,8.868091309977973e-09,7,solver
304,9.676373014145577e-09,8.580198194207138e-09,9.128285604176358e-09,9.676373014145577e-09,7,solver
305,1.0087297705436145e-08,8.724764730807065e-09,9.406031218121605e-09,1.0087297705436145e-08,7,solver
306,8.351121186210354e-09,8.345998001278222e-09,8.348559593744287e-09,8.351121186210354e-09,7,solver
307,7.61521429949001e-09,5.7899457607071145e-09,6.702580030098562e-09,7.61521429949001e-09,7,solver
308,6.201598068787299e-09,6.86285798232356e-09,6.532228025555429e-09,6.86285798232356e-09,7,solver
309,6.497869349282506e-09,8.772834299246672e-09,7.635351824264589e-09,8.772834299246672e-09,7,solver
310,1.0478978515494878e-08,5.758429759531224e-09,8.11870413751305e-09,1.0478978515494878e-08,7,solver
311,7.394877399355805e-09,8.561292114121962e-09,7.978084756738883e-09,8.561292114121962e-09,7,solver
312,6.71563270928348e-09,7.477118774192906e-09,7.096375741738193e-09,7.477118774192906e-09,7,solver
313,7.872277682475443e-09,6.369784488944195e-09,7.121031085709819e-09,7.872277682475443e-09,7,solver
314,6.9993255943047414e-09,9.00421578355091e-09,8.001770688927826e-09,9.00421578355091e-09,7,solver
315,8.052223431521029e-09,8.916196950827165e-09,8.484210191174098e-09,8.916196950827165e-09,7,solver
316,9.1603503485101e-09,6.418258740378501e-09,7.7893045444443e-09,9.1603503485101e-09,7,solver
317,6.782396934861711e-09,7.12372334593517e-09,6.953060140398441e-09,7.12372334593517e-09,7,solver
318,7.515346860940415e-09,5.992803819276217e-09,6.754075340108317e-09,7.515346860940415e-09,7,solver
319,5.914040735975635e-09,8.700623859276566e-09,7.3073322976261e-09,8.700623859276566e-09,7,solver
320,6.55373016803184e-09,8.916706599126776e-09,7.735218383579308e-09,8.916706599126776e-09,7,solver
321,7.826821180392506e-09,7.097470091365831e-09,7.462145635879169e-09,7.826821180392506e-09,7,solver
322,6.7642192584362e-09,6.8410057223623895e-09,6.802612490399295e-09,6.8410057223623895e-09,7,solver
323,6.828385471344187e-09,6.3265850017643765e-09,6.577485236554282e-09,6.828385471344187e-09,7,solver
324,7.972625630544861e-09,5.669602697480733e-09,6.821114164012797e-09,7.972625630544861e-09,7,solver
325,6.50955522221796e-09,7.91919224350779e-09,7.214373732862876e-09,7.91919224350779e-09,7,solver
326,6.649577234114139e-09,7.776705453939435e-09,7.213141344026787e-09,7.776705453939435e-09,7,solver
327,6.6889291614930825e-09,7.249293167510409e-09,6.969111164501746e-09,7.249293167510409e-09,7,solver
328,7.542458396354979e-09,5.737973819926576e-09,6.640216108140777e-09,7.542458396354979e-09,7,solver
329,6.156363028382999e-09,6.895921781252893e-09,6.526142404817946e-09,6.895921781252893e-09,7,solver
330,7.362246821781791e-09,5.566172234215464e-09,6.4642095279986275e-09,7.362246821781791e-09,7,solver
331,6.300161994726054e-09,7.117084493810577e-09,6.7086232442683155e-09,7.117084493810577e-09,7,solver
332,6.879977422186166e-09,7.110519067453857e-09,6.995248244820011e-09,7.110519067453857e-09,7,solver
333,7.727610331865417e-09,6.3978717561560205e-09,7.062741044010719e-09,7.727610331865417e-09,7,solver
334,7.237395371636268e-09,6.454727767385489e-09,6.846061569510879e-09,7.237395371636268e-09,7,solver
335,6.748709022311198e-09,6.0963912891828056e-09,6.4225501557470015e-09,6.748709022311198e-09,7,solver
336,5.656844921272559e-09,6.7613082551288465e-09,6.209076588200703e-09,6.7613082551288465e-09,7,solver
337,6.955781575481907e-09,5.677619376293861e-09,6.316700475887884e-09,6.955781575481907e-09,7,solver
338,5.757619353825004e-09,7.181503625597244e-09,6.469561489711124e-09,7.181503625597244e-09,7,solver
339,7.039376786623783e-09,5.924720008640464e-09,6.482048397632123e-09,7.039376786623783e-09,7,solver
340,7.157300333263916e-09,5.481535362710717e-09,6.319417847987316e-09,7.157300333263916e-09,7,solver
341,4.551697004348356e-09,4.9291307308291126e-09,4.7404138675887344e-09,4.9291307308291126e-09,7,solver
342,5.608114554976509e-09,4.387845427732335e-09,4.997979991354422e-09,5.608114554976509e-09,7,solver
343,4.844873886791395e-09,5.474706058688953e-09,5.159789972740174e-09,5.474706058688953e-09,7,solver
344,4.603255442843695e-09,5.612202203865359e-09,5.107728823354527e-09,5.612202203865359e-09,7,solver
345,5.321647928161165e-09,4.665006941758067e-09,4.993327434959616e-09,5.321647928161165e-09,7,solver
346,4.635492628705296e-09,5.165324236522496e-09,4.9004084326138956e-09,5.165324236522496e-09,7,solver
347,5.11559956277291e-09,4.702838027636091e-09,4.9092187952045e-09,5.11559956277291e-09,7,solver
348,4.663218339495641e-09,5.287068846043628e-09,4.975143592769635e-09,5.287068846043628e-09,7,solver
349,5.498788968158967e-09,4.5188714034538515e-09,5.008830185806409e-09,5.498788968158967e-09,7,solver
350,5.148948322371861e-09,4.857216113450259e-09,5.00308221791106e-09,5.148948322371861e-09,7,solver
351,4.8345729444958255e-09,4.987754007330227e-09,4.911163475913026e-09,4.987754007330227e-09,7,solver
352,5.013303518843037e-09,4.545443681049397e-09,4.779373599946217e-09,5.013303518843037e-09,7,solver
353,4.4200298028727085e-09,4.853318286577912e-09,4.636674044725311e-09,4.853318286577912e-09,7,solver
354,4.085385417317255e-09,4.855478064283385e-09,4.47043174080032e-09,4.855478064283385e-09,7,solver
355,4.793886670935729e-09,3.845013464788004e-09,4.319450067861866e-09,4.793886670935729e-09,7,solver
356,4.395558448582155e-09,4.122832178551207e-09,4.2591953135666815e-09,4.395558448582155e-09,7,solver
357,3.846534040863611e-09,4.635192625609773e-09,4.240863333236692e-09,4.635192625609773e-09,7,solver
358,4.438087031545541e-09,4.203593463245849e-09,4.320840247395695e-09,4.438087031545541e-09,7,solver
359,4.546892820115552e-09,4.309538680387462e-09,4.428215750251507e-09,4.546892820115552e-09,7,solver
360,4.4253020956925565e-09,4.749354166174825e-09,4.587328130933691e-09,4.749354166174825e-09,7,solver
361,4.910857819968921e-09,4.719731539470638e-09,4.81529467971978e-09,4.910857819968921e-09,7,solver
362,5.31485251609475e-09,4.8108284348353565e-09,5.062840475465053e-09,5.31485251609475e-09,7,solver
363,5.103963292596918e-09,5.407855503251515e-09,5.255909397924217e-09,5.407855503251515e-09,7,solver
364,5.470058020613998e-09,5.136081203423053e-09,5.303069612018526e-09,5.470058020613998e-09,7,solver
365,5.222675375148167e-09,5.202649674047408e-09,5.212662524597787e-09,5.222675375148167e-09,7,solver
366,5.16399240057632e-09,4.970610528001842e-09,5.067301464289081e-09,5.16399240057632e-09,7,solver
367,4.934606859440763e-09,5.033761488639877e-09,4.9841841740403205e-09,5.033761488639877e-09,7,solver
368,4.9472921105638335e-09,5.0354501072655025e-09,4.991371108914668e-09,5.0354501072655025e-09,7,solver
369,4.556156444036304e-09,5.417338628913042e-09,4.986747536474673e-09,5.417338628913042e-09,7,solver
370,5.292604943160273e-09,4.504525066802172e-09,4.898565004981222e-09,5.292604943160273e-09,7,solver
371,4.83448955821396e-09,4.546341587021931e-09,4.6904155726179455e-09,4.83448955821396e-09,7,solver
372,4.194444538320399e-09,4.675480825887355e-09,4.434962682103877e-09,4.675480825887355e-09,7,solver
373,4.2496029408984134e-09,4.397418083552321e-09,4.323510512225368e-09,4.397418083552321e-09,7,solver
374,4.355740808010143e-09,4.461335660188579e-09,4.408538234099361e-09,4.461335660188579e-09,7,solver
375,4.373426175033319e-09,4.809734649947945e-09,4.591580412490632e-09,4.809734649947945e-09,7,solver
376,4.6522277689668965e-09,4.843460783715904e-09,4.7478442763414e-09,4.843460783715904e-09,7,solver
377,4.512156510858833e-09,5.118448639116901e-09,4.8153025749878674e-09,5.118448639116901e-09,7,solver
378,4.9543132160789425e-09,4.812335481109477e-09,4.88332434859421e-09,4.9543132160789425e-09,7,solver
379,4.885728561013788e-09,5.0633985283929274e-09,4.974563544703358e-09,5.0633985283929274e-09,7,solver
380,4.992163412678899e-09,5.11390292846155e-09,5.0530331705702245e-09,5.11390292846155e-09,7,solver
381,5.231536267742122e-09,4.808096375321696e-09,5.019816321531909e-09,5.231536267742122e-09,7,solver
382,5.1330961815888865e-09,4.58471399334434e-09,4.858905087466613e-09,5.1330961815888865e-09,7,solver
383,4.4338374042408066e-09,4.921866672244609e-09,4.677852038242708e-09,4.921866672244609e-09,7,solver
384,4.337569019141817e-09,4.881640246674246e-09,4.609604632908032e-09,4.881640246674246e-09,7,solver
385,4.8791233461095676e-09,4.466019420886133e-09,4.67257138349785e-09,4.8791233461095676e-09,7,solver
386,4.898383880827793e-09,4.529822909358343e-09,4.7141033950930686e-09,4.898383880827793e-09,7,solver
387,4.179228567354667e-09,4.996065945812322e-09,4.5876472565834944e-09,4.996065945812322e-09,7,solver
388,4.214160966933121e-09,4.5167458329487454e-09,4.365453399940933e-09,4.5167458329487454e-09,7,solver
389,4.610475186802838e-09,3.736744627991477e-09,4.173609907397157e-09,4.610475186802838e-09,7,solver
390,3.996959649959666e-09,4.54114818220026e-09,4.269053916079963e-09,4.54114818220026e-09,7,solver
391,4.5141983535867414e-09,4.642207328124068e-09,4.578202840855405e-09,4.642207328124068e-09,7,solver
392,5.223254476550462e-09,4.541089715762936e-09,4.8821720961566994e-09,5.223254476550462e-09,7,solver
393,5.053626120875573e-09,5.064910788675953e-09,5.059268454775763e-09,5.064910788675953e-09,7,solver
394,4.8401416560370705e-09,5.237745578672676e-09,5.038943617354873e-09,5.237745578672676e-09,7,solver
395,4.940784866841634e-09,4.898443196497462e-09,4.9196140316695475e-09,4.940784866841634e-09,7,solver
396,5.064291810550015e-09,4.512686723234033e-09,4.788489266892024e-09,5.064291810550015e-09,7,solver
397,4.533393195145741e-09,4.93051314301845e-09,4.731953169082095e-09,4.93051314301845e-09,7,solver
398,4.435978309472361e-09,4.9973193016234165e-09,4.716648805547889e-09,4.9973193016234165e-09,7,solver
399,4.9181083046979e-09,4.476371338023932e-09,4.697239821360916e-09,4.9181083046979e-09,7,solver
400,5.004217266302315e-09,4.201372925286736e-09,4.602795095794525e-09,5.004217266302315e-09,7,solver
401,3.6237077043031554e-09,5.211394300213761e-09,4.417551002258458e-09,5.211394300213761e-09,7,solver
402,4.691543637855055e-09,4.0506883447085e-09,4.371115991281777e-09,4.691543637855055e-09,7,solver
403,4.236712689171576e-09,4.557157889405045e-09,4.396935289288311e-09,4.557157889405045e-09,7,solver
404,4.80666839788907e-09,4.316304095173507e-09,4.561486246531288e-09,4.80666839788907e-09,7,solver
405,4.5452546323158625e-09,5.068422277605951e-09,4.806838454960907e-09,5.068422277605951e-09,7,solver
406,5.34026554518288e-09,4.69620913859381e-09,5.018237341888345e-09,5.34026554518288e-09,7,solver
407,4.7904869282302895e-09,5.491109034963836e-09,5.140797981597062e-09,5.491109034963836e-09,7,solver
408,5.675311651229187e-09,4.684867539472962e-09,5.180089595351074e-09,5.675311651229187e-09,7,solver
409,4.674284657909081e-09,5.751892320818104e-09,5.213088489363592e-09,5.751892320818104e-09,7,solver
410,5.582516702865949e-09,5.011619047210548e-09,5.297067875038249e-09,5.582516702865949e-09,7,solver
411,5.554078489847999e-09,5.198567217357942e-09,5.3763228536029704e-09,5.554078489847999e-09,7,solver
412,4.913567845699793e-09,5.8523973668994275e-09,5.38298260629961e-09,5.8523973668994275e-09,7,solver
413,5.640678532293967e-09,4.9650222117234205e-09,5.302850372008694e-09,5.640678532293967e-09,7,solver
414,4.651497638688985e-09,5.489560818307167e-09,5.070529228498076e-09,5.489560818307167e-09,7,solver
415,5.193162590895435e-09,4.338128237871512e-09,4.765645414383474e-09,5.193162590895435e-09,7,solver
416,4.3109194632155525e-09,4.802726713721645e-09,4.556823088468598e-09,4.802726713721645e-09,7,solver
417,4.69982977236844e-09,4.529008772581524e-09,4.614419272474982e-09,4.69982977236844e-09,7,solver
418,4.896246049998916e-09,5.0627643292683985e-09,4.979505189633657e-09,5.0627643292683985e-09,7,solver
419,6.0381682653016625e-09,4.843415146734095e-09,5.440791706017878e-09,6.0381682653016625e-09,7,solver
420,5.41398478231318e-09,6.24681112620868e-09,5.83039795426093e-09,6.24681112620868e-09,7,solver
421,6.217868015435456e-09,5.660731386321536e-09,5.939299700878496e-09,6.217868015435456e-09,7,solver
422,5.831894391219322e-09,5.739022590693528e-09,5.785458490956425e-09,5.831894391219322e-09,7,solver
423,5.877852889200301e-09,5.1273743884087235e-09,5.502613638804512e-09,5.877852889200301e-09,7,solver
424,4.714716558774545e-09,5.878223963758396e-09,5.2964702612664705e-09,5.878223963758396e-09,7,solver
425,5.669469568740107e-09,4.925875697918332e-09,5.29767263332922e-09,5.669469568740107e-09,7,solver
426,5.607138557991746e-09,5.143912279412707e-09,5.375525418702227e-09,5.607138557991746e-09,7,solver
427,5.252106153604632e-09,5.5328621409206296e-09,5.39248414726263e-09,5.5328621409206296e-09,7,solver
428,5.1295025276565634e-09,5.4224978019082035e-09,5.276000164782384e-09,5.4224978019082035e-09,7,solver
429,5.256659686138969e-09,4.863021234333833e-09,5.059840460236401e-09,5.256659686138969e-09,7,solver
430,4.458534772940401e-09,5.20305235794231e-09,4.830793565441356e-09,5.20305235794231e-09,7,solver
431,5.215604760363109e-09,4.120402082956504e-09,4.6680034216598065e-09,5.215604760363109e-09,7,solver
432,4.429047222851131e-09,4.8340342059937075e-09,4.631540714422419e-09,4.8340342059937075e-09,7,solver
433,4.602871278239765e-09,4.61396380209339e-09,4.6084175401665775e-09,4.61396380209339e-09,7,solver
434,4.857208532271969e-09,4.2898477054104926e-09,4.573528118841231e-09,4.857208532271969e-09,7,solver
435,4.06843779163557e-09,5.020338846048897e-09,4.5443883188422336e-09,5.020338846048897e-09,7,solver
436,4.736526067166988e-09,4.4813122606088536e-09,4.608919163887921e-09,4.736526067166988e-09,7,solver
437,4.3678173437933995e-09,5.0582489421588775e-09,4.7130331429761385e-09,5.0582489421588775e-09,7,solver
438,4.988125504790967e-09,4.757668381018513e-09,4.87289694290474e-09,4.988125504790967e-09,7,solver
439,4.84186701682645e-09,5.109228877789805e-09,4.975547947308128e-09,5.109228877789805e-09,7,solver
440,4.75269448156527e-09,5.180312424395307e-09,4.966503452980288e-09,5.180312424395307e-09,7,solver
441,4.931872404784331e-09,4.762077324733552e-09,4.846974864758942e-09,4.931872404784331e-09,7,solver
442,4.724749533336308e-09,4.587639614602449e-09,4.6561945739693785e-09,4.724749533336308e-09,7,solver
443,4.1053245201550855e-09,4.804357222170464e-09,4.454840871162775e-09,4.804357222170464e-09,7,solver
444,4.223069142799373e-09,4.434604367276543e-09,4.328836755037958e-09,4.434604367276543e-09,7,solver
445,4.683148809218132e-09,3.787591120044479e-09,4.2353699646313055e-09,4.683148809218132e-09,7,solver
446,4.01119195464456e-09,4.52901683149421e-09,4.270104393069385e-09,4.52901683149421e-09,7,solver
447,4.15391508109613e-09,4.676214018882e-09,4.415064549989065e-09,4.676214018882e-09,7,solver
448,5.549830088881429e-09,3.6225566537767087e-09,4.586193371329069e-09,5.549830088881429e-09,7,solver
449,4.357917318057978e-09,5.5313131844705416e-09,4.94461525126426e-09,5.5313131844705416e-09,7,solver
450,4.9635632430077095e-09,5.389450577817937e-09,5.176506910412823e-09,5.389450577817937e-09,7,solver
451,5.663846567916893e-09,4.749774856635349e-09,5.2068107122761204e-09,5.663846567916893e-09,7,solver
452,4.604391062402438e-09,5.647483565626245e-09,5.125937314014342e-09,5.647483565626245e-09,7,solver
453,5.29274811292981e-09,4.8098170360932106e-09,5.0512825745115105e-09,5.29274811292981e-09,7,solver
454,4.8141813810899126e-09,5.198803799846714e-09,5.0064925904683136e-09,5.198803799846714e-09,7,solver
455,4.912006003154512e-09,5.0617935475833145e-09,4.986899775368914e-09,5.0617935475833145e-09,7,solver
456,5.277143006581019e-09,4.529822815406022e-09,4.903482910993521e-09,5.277143006581019e-09,7,solver
457,4.781650055207287e-09,4.788318510298094e-09,4.78498428275269e-09,4.788318510298094e-09,7,solver
458,4.7537199967541e-09,4.591789356033183e-09,4.672754676393641e-09,4.7537199967541e-09,7,solver
459,4.07064754919466e-09,5.259556930537852e-09,4.665102239866256e-09,5.259556930537852e-09,7,solver
460,5.018043872903329e-09,4.778325163784079e-09,4.898184518343704e-09,5.018043872903329e-09,7,solver
461,5.569103395690101e-09,4.703044372392704e-09,5.136073884041402e-09,5.569103395690101e-09,7,solver
462,4.569303658568073e-09,5.968253255767496e-09,5.268778457167784e-09,5.968253255767496e-09,7,solver
463,5.438675881569591e-09,5.143428262348875e-09,5.291052071959233e-09,5.438675881569591e-09,7,solver
464,5.274845024342085e-09,4.927820548380419e-09,5.1013327863612515e-09,5.274845024342085e-09,7,solver
465,4.737013287984191e-09,4.971908027584777e-09,4.854460657784485e-09,4.971908027584777e-09,7,solver
466,4.3023599166143254e-09,5.0442365632884684e-09,4.6732982399513965e-09,5.0442365632884684e-09,7,solver
467,4.9807076965751e-09,4.358541419814604e-09,4.669624558194852e-09,4.9807076965751e-09,7,solver
468,4.610328050636773e-09,4.9754844411271235e-09,4.7929062458819485e-09,4.9754844411271235e-09,7,solver
469,4.308973472713727e-09,5.49611939289858e-09,4.902546432806154e-09,5.49611939289858e-09,7,solver
470,5.627277833842022e-09,4.355651207782685e-09,4.991464520812353e-09,5.627277833842022e-09,7,solver
471,5.233851867611496e-09,4.880794769700896e-09,5.057323318656196e-09,5.233851867611496e-09,7,solver
472,4.679003751974562e-09,5.375809635625367e-09,5.027406693799964e-09,5.375809635625367e-09,7,solver
473,4.8800286529946855e-09,5.06888294207885e-09,4.974455797536768e-09,5.06888294207885e-09,7,solver
474,5.09795845085685e-09,4.5974509571231405e-09,4.847704703989995e-09,5.09795845085685e-09,7,solver
475,4.9793643452507e-09,4.3320616747122335e-09,4.655713009981467e-09,4.9793643452507e-09,7,solver
476,4.2097446670175245e-09,4.659063615529366e-09,4.4344041412734455e-09,4.659063615529366e-09,7,solver
477,4.094298859789801e-09,4.376142807800503e-09,4.2352208337951526e-09,4.376142807800503e-09,7,solver
478,4.096212685479797e-09,4.1616366487161275e-09,4.128924667097962e-09,4.1616366487161275e-09,7,solver
479,3.923351434903256e-09,4.365170679778491e-09,4.144261057340873e-09,4.365170679778491e-09,7,solver
480,4.4846809143484306e-09,4.089101829690918e-09,4.286891372019674e-09,4.4846809143484306e-09,7,solver
481,4.1107899680954275e-09,4.884864434635347e-09,4.497827201365387e-09,4.884864434635347e-09,7,solver
482,4.899656369654223e-09,4.618724704462191e-09,4.759190537058207e-09,4.899656369654223e-09,7,solver
483,4.659732836409618e-09,5.237151399928891e-09,4.948442118169255e-09,5.237151399928891e-09,7,solver
484,5.205145542068937e-09,4.841692219416825e-09,5.0234188807428806e-09,5.205145542068937e-09,7,solver
485,5.008393626222321e-09,4.854179865393459e-09,4.93128674580789e-09,5.008393626222321e-09,7,solver
486,4.618012042567876e-09,4.780721754301828e-09,4.699366898434852e-09,4.780721754301828e-09,7,solver
487,4.4892037786051754e-09,4.3659988446368956e-09,4.427601311621036e-09,4.4892037786051754e-09,7,solver
488,4.189367404628622e-09,4.287808056322935e-09,4.238587730475779e-09,4.287808056322935e-09,7,solver
489,4.467652606704019e-09,3.925006985195871e-09,4.196329795949945e-09,4.467652606704019e-09,7,solver
490,4.30935298280847e-09,4.300917279738191e-09,4.305135131273331e-09,4.30935298280847e-09,7,solver
491,4.498611737830458e-09,4.42822237650585e-09,4.463417057168154e-09,4.498611737830458e-09,7,solver
492,4.336166730709199e-09,4.8769281442900085e-09,4.6065474374996036e-09,4.8769281442900085e-09,7,solver
493,4.9310533346465866e-09,4.510423473070387e-09,4.720738403858487e-09,4.9310533346465866e-09,7,solver
494,4.6069079115737225e-09,4.9773456782829486e-09,4.7921267949283355e-09,4.9773456782829486e-09,7,solver
495,5.043442339437436e-09,4.6595645847418895e-09,4.851503462089662e-09,5.043442339437436e-09,7,solver
496,5.093814303628009e-09,4.809215557116943e-09,4.951514930372476e-09,5.093814303628009e-09,7,solver
497,4.778453315924725e-09,5.433199903403931e-09,5.105826609664328e-09,5.433199903403931e-09,7,solver
498,5.624068981543788e-09,4.949057911570706e-09,5.286563446557247e-09,5.624068981543788e-09,7,solver
499,5.603732222975072e-09,5.159921834716107e-09,5.38182702884559e-09,5.603732222975072e-09,7,solver
500,4.720920732532374e-09,5.786011171023443e-09,5.2534659517779085e-09,5.786011171023443e-09,7,solver
501,5.626233440704829e-09,4.1947491937218836e-09,4.9104913172133565e-09,5.626233440704829e-09,7,solver
502,4.111496779007374e-09,4.939975801227977e-09,4.5257362901176755e-09,4.939975801227977e-09,7,solver
503,4.204982745067338e-09,4.277312036726554e-09,4.2411473908969456e-09,4.277312036726554e-09,7,solver
504,4.404141702212423e-09,4.0428268078173055e-09,4.223484255014864e-09,4.404141702212423e-09,7,solver
505,4.126515789959427e-09,4.794659657473536e-09,4.460587723716481e-09,4.794659657473536e-09,7,solver
506,5.208518302312891e-09,4.343212395809305e-09,4.775865349061098e-09,5.208518302312891e-09,7,solver
507,5.1698956784550825e-09,4.900131894923706e-09,5.0350137866893946e-09,5.1698956784550825e-09,7,solver
508,4.691208631656388e-09,5.548094329216254e-09,5.119651480436321e-09,5.548094329216254e-09,7,solver
509,5.082592372828597e-09,5.14756937998001e-09,5.115080876404303e-09,5.14756937998001e-09,7,solver
510,5.425131099085086e-09,4.592692829989577e-09,5.008911964537332e-09,5.425131099085086e-09,7,solver
511,5.260490991228206e-09,4.589836383055676e-09,4.925163687141941e-09,5.260490991228206e-09,7,solver
512,0.072413423376931,4.8997383409640355e-09,0.03620671413833467,0.072413423376931,7,solver
1,0.598770448242782,0.4271528054346573,0.5129616268387196,0.598770448242782,7,error
2,0.5315422457542391,0.3725679321569969,0.452055088955618,0.5315422457542391,7,error
3,0.2045501201670525,0.47546125187790905,0.34000568602248077,0.47546125187790905,7,error
4,0.267685226000459,0.25465790911996855,0.26117156756021376,0.267685226000459,7,error
5,0.1872953906001567,0.15901585051646983,0.17315562055831327,0.1872953906001567,7,error
6,0.11843216311658204,0.10312129516477235,0.1107767291406772,0.11843216311658204,7,error
7,0.1198491047868287,0.0823454270830519,0.1010972659349403,0.1198491047868287,7,error
8,0.11025003364559419,0.0911233226800212,0.10068667816280769,0.11025003364559419,7,error
9,0.08444348950852988,0.10909711860956396,0.09677030405904692,0.10909711860956396,7,error
10,0.09137089813545228,0.12566231498791164,0.10851660656168197,0.12566231498791164,7,error
11,0.08839908126943631,0.11227079646477027,0.10033493886710329,0.11227079646477027,7,error
12,0.148612843255152,0.08917483419915999,0.118893838727156,0.148612843255152,7,error
13,0.1370558691117356,0.1399454505884735,0.13850065985010454,0.1399454505884735,7,error
14,0.1651296396177233,0.13887911739403452,0.15200437850587892,0.1651296396177233,7,error
15,0.12692237664831094,0.15724136917108064,0.1420818729096958,0.15724136917108064,7,error
16,0.14954460308795622,0.15565568352245132,0.15260014330520377,0.15565568352245132,7,error
17,0.1603926649631004,0.12988623509747865,0.14513945003028952,0.1603926649631004,7,error
18,0.14215088464975303,0.1235034446019443,0.13282716462584868,0.14215088464975303,7,error
19,0.12846818823002035,0.11301017916093273,0.12073918369547654,0.12846818823002035,7,error
20,0.12163521822469434,0.09830001325006456,0.10996761573737945,0.12163521822469434,7,error
21,0.09237737389395116,0.09072949685519645,0.0915534353745738,0.09237737389395116,7,error
22,0.07850433707675017,0.07622589684841294,0.07736511696258155,0.07850433707675017,7,error
23,0.07364848807506613,0.06905248128603397,0.07135048468055005,0.07364848807506613,7,error
24,0.06124868069576578,0.06508853563961903,0.0631686081676924,0.06508853563961903,7,error
25,0.059626153244648046,0.058918790885578505,0.059272472065113276,0.059626153244648046,7,error
26,0.052278546139872394,0.051981950618155505,0.05213024837901395,0.052278546139872394,7,error
27,0.04425612113585725,0.049003522793297914,0.046629821964577586,0.049003522793297914,7,error
28,0.04614232729185665,0.039651734122057185,0.04289703070695691,0.04614232729185665,7,error
29,0.03556767822820522,0.036127319418864004,0.03584749882353461,0.036127319418864004,7,error
30,0.029876847404400816,0.030622244621053472,0.030249546012727144,0.030622244621053472,7,error
31,0.029190425427542743,0.028897145940186386,0.029043785683864565,0.029190425427542743,7,error
32,0.025319162839276717,0.0287443980688555,0.02703178045406611,0.0287443980688555,7,error
33,0.02474558992324234,0.02425269240424615,0.024499141163744242,0.02474558992324234,7,error
34,0.02044991756838598,0.021873751230950273,0.021161834399668126,0.021873751230950273,7,error
35,0.018791232392666408,0.01998873034182321,0.019389981367244808,0.01998873034182321,7,error
36,0.018862499484911362,0.01785834304970048,0.018360421267305922,0.018862499484911362,7,error
37,0.017008926061940682,0.01710149670773771,0.017055211384839196,0.01710149670773771,7,error
38,0.01604979571297838,0.015859319730353184,0.015954557721665784,0.01604979571297838,7,error
39,0.014994826947375877,0.014643842666264057,0.014819334806819967,0.014994826947375877,7,error
40,0.014630552581413483,0.01461956090728089,0.014625056744347185,0.014630552581413483,7,error
41,0.014186993090709615,0.014522002404300956,0.014354497747505286,0.014522002404300956,7,error
42,0.013764995644749669,0.013370288496550116,0.013567642070649893,0.013764995644749669,7,error
43,0.013385271464770388,0.01358203037553249,0.01348365092015144,0.01358203037553249,7,error
44,0.013306837654248732,0.013592911094482856,0.013449874374365794,0.013592911094482856,7,error
45,0.013451647309294231,0.013007729463083142,0.013229688386188687,0.013451647309294231,7,error
46,0.013102285034864866,0.01332462794799079,0.013213456491427827,0.01332462794799079,7,error
47,0.012990796464254526,0.013103588775370784,0.013047192619812655,0.013103588775370784,7,error
48,0.01317786717785247,0.012924501258441537,0.013051184218147004,0.01317786717785247,7,error
49,0.013038607750161893,0.013210795986648288,0.01312470186840509,0.013210795986648288,7,error
50,0.012994802655834034,0.013058947405175,0.013026875030504518,0.013058947405175,7,error
51,0.013078073223234406,0.01286672882440599,0.012972401023820197,0.013078073223234406,7,error
52,0.01294240667276624,0.01307387978651382,0.013008143229640029,0.01307387978651382,7,error
53,0.012980603760566424,0.013040799517650274,0.013010701639108349,0.013040799517650274,7,error
54,0.01308332726941638,0.012910697762291295,0.012997012515853838,0.01308332726941638,7,error
55,0.012927197047516303,0.013043577781299935,0.01298538741440812,0.013043577781299935,7,error
56,0.012976257110619204,0.012987753918443494,0.01298200551453135,0.012987753918443494,7,error
57,0.01305480422300412,0.012927433260324644,0.012991118741664382,0.01305480422300412,7,error
58,0.012938888277373004,0.0130477863314663,0.012993337304419652,0.0130477863314663,7,error
59,0.01298513625689552,0.012975978797018242,0.012980557526956881,0.01298513625689552,7,error
60,0.01301466904837766,0.012940203780226043,0.012977436414301852,0.01301466904837766,7,error
61,0.012940676146271897,0.0130290731824951,0.012984874664383498,0.0130290731824951,7,error
62,0.012997626076107468,0.01297136689380066,0.012984496484954065,0.012997626076107468,7,error
63,0.013009214549543874,0.012956737799016554,0.012982976174280214,0.013009214549543874,7,error
64,0.012947606910853376,0.013014125725996202,0.012980866318424789,0.013014125725996202,7,error
65,0.01298927544552777,0.012965009238833505,0.012977142342180639,0.01298927544552777,7,error
66,0.012991833522668198,0.012966129622543612,0.012978981572605904,0.012991833522668198,7,error
67,0.012956989138772612,0.01300416680500253,0.01298057797188757,0.01300416680500253,7,error
68,0.012995664563400337,0.012965208007447996,0.012980436285424167,0.012995664563400337,7,error
69,0.012988283572464015,0.01297276760641648,0.012980525589440246,0.012988283572464015,7,error
70,0.012961215169707512,0.012997229246496822,0.012979222208102166,0.012997229246496822,7,error
71,0.0129901772567838,0.012967188426892384,0.01297868284183809,0.0129901772567838,7,error
72,0.012981506172589648,0.012977491372144828,0.012979498772367239,0.012981506172589648,7,error
73,0.012969301559007704,0.012991530453101778,0.012980416006054742,0.012991530453101778,7,error
74,0.012993168126800462,0.012969868572449816,0.012981518349625139,0.012993168126800462,7,error
75,0.012981355001379983,0.012980934274189488,0.012981144637784735,0.012981355001379983,7,error
76,0.012971624336839956,0.012987673000727933,0.012979648668783945,0.012987673000727933,7,error
77,0.012986724038060048,0.0129718755711373,0.012979299804598674,0.012986724038060048,7,error
78,0.012978179229548801,0.012981474107810188,0.012979826668679494,0.012981474107810188,7,error
79,0.012977029514775177,0.01298460363952595,0.012980816577150563,0.01298460363952595,7,error
80,0.01298850160992635,0.01297398727322374,0.012981244441575045,0.01298850160992635,7,error
81,0.012978692258289522,0.012982320236538654,0.012980506247414089,0.012982320236538654,7,error
82,0.01297678700113074,0.012983044838401996,0.012979915919766369,0.012983044838401996,7,error
83,0.012983985386220824,0.01297553802777779,0.012979761706999307,0.012983985386220824,7,error
84,0.0129782669034676,0.01298182813714021,0.012980047520303906,0.01298182813714021,7,error
85,0.012980126644197973,0.012981510342674984,0.012980818493436477,0.012981510342674984,7,error
86,0.012984957140447468,0.01297705557070661,0.01298100635557704,0.012984957140447468,7,error
87,0.012978861378570553,0.012981962703979447,0.012980412041275001,0.012981962703979447,7,error
88,0.012978895817955853,0.012980747314577575,0.012979821566266713,0.012980747314577575,7,error
89,0.012981674984386654,0.01297768704818164,0.012979681016284147,0.012981674984386654,7,error
90,0.01297915418297198,0.012981203067213811,0.012980178625092896,0.012981203067213811,7,error
91,0.012981176351635718,0.012980144165986161,0.01298066025881094,0.012981176351635718,7,error
92,0.012982598508751216,0.012978585120179856,0.012980591814465536,0.012982598508751216,7,error
93,0.012979242515381972,0.012981272827474745,0.01298025767142836,0.012981272827474745,7,error
94,0.012979752679562822,0.012979965477369966,0.012979859078466393,0.012979965477369966,7,error
95,0.012980810515140927,0.012978779599934074,0.012979795057537501,0.012980810515140927,7,error
96,0.012979816713630746,0.01298069119457453,0.012980253954102638,0.01298069119457453,7,error
97,0.012981326164595566,0.012979800242648594,0.01298056320362208,0.012981326164595566,7,error
98,0.012981520821450215,0.012979412764782443,0.012980466793116329,0.012981520821450215,7,error
99,0.012979628646684052,0.012980669339149315,0.012980148992916683,0.012980669339149315,7,error
100,0.01297997952773092,0.012979740200140918,0.01297985986393592,0.01297997952773092,7,error
101,0.01298051513624829,0.01297939715368125,0.01297995614496477,0.01298051513624829,7,error
102,0.012980289361846973,0.012980272513577383,0.012980280937712179,0.012980289361846973,7,error
103,0.012981134732959339,0.012979745488760457,0.012980440110859897,0.012981134732959339,7,error
104,0.012980940115814273,0.01297980721594068,0.012980373665877476,0.012980940115814273,7,error
105,0.012979901968376095,0.012980327258399782,0.012980114613387939,0.012980327258399782,7,error
106,0.012980160218061651,0.012979712007742563,0.012979936112902107,0.012980160218061651,7,error
107,0.012980449581010602,0.012979668457162948,0.012980059019086776,0.012980449581010602,7,error
108,0.012980472267486958,0.01298008148389501,0.012980276875690984,0.012980472267486958,7,error
109,0.012980965978425144,0.012979786046875792,0.012980376012650468,0.012980965978425144,7,error
110,0.012980650568706885,0.01297992813315328,0.012980289350930083,0.012980650568706885,7,error
111,0.012980038363219284,0.012980129536829846,0.012980083950024566,0.012980129536829846,7,error
112,0.012980267759488715,0.01297974806117457,0.012980007910331642,0.012980267759488715,7,error
113,0.01298044295396936,0.012979782472492051,0.012980112713230706,0.01298044295396936,7,error
114,0.012980555473166849,0.01297996183376988,0.012980258653468364,0.012980555473166849,7,error
115,0.012980802174374365,0.012979848289777506,0.012980325232075936,0.012980802174374365,7,error
116,0.012980489600035127,0.012979971679017883,0.012980230639526505,0.012980489600035127,7,error
117,0.01298017155041473,0.012979996544889265,0.012980084047651996,0.01298017155041473,7,error
118,0.012980321547769253,0.012979796040384226,0.01298005879407674,0.012980321547769253,7,error
119,0.012980441912579577,0.012979839486610968,0.012980140699595272,0.012980441912579577,7,error
120,0.012980583538931048,0.01297991398463438,0.012980248761782713,0.012980583538931048,7,error
121,0.012980668254000747,0.012979888982690369,0.012980278618345557,0.012980668254000747,7,error
122,0.012980407625818547,0.012979964690750101,0.012980186158284324,0.012980407625818547,7,error
123,0.01298025893002556,0.012979935541061841,0.0129800972355437,0.01298025893002556,7,error
124,0.012980363150609199,0.012979822730963448,0.012980092940786322,0.012980363150609199,7,error
125,0.01298045576857472,0.012979853246115596,0.012980154507345158,0.01298045576857472,7,error
126,0.012980563331301879,0.012979897206534776,0.012980230268918327,0.012980563331301879,7,error
127,0.012980564259106993,0.012979907294862498,0.012980235776984745,0.012980564259106993,7,error
128,0.012980386381279758,0.012979944824727224,0.012980165603003491,0.012980386381279758,7,error
129,0.012980305917590283,0.01297990394772603,0.012980104932658157,0.012980305917590283,7,error
130,0.012980373417997647,0.012979844221697331,0.012980108819847489,0.012980373417997647,7,error
131,0.012980466634369891,0.01297986843901048,0.012980167536690186,0.012980466634369891,7,error
132,0.012980535320393255,0.012979893677781145,0.012980214499087199,0.012980535320393255,7,error
133,0.012980488485855757,0.012979915536006241,0.012980202010930999,0.012980488485855757,7,error
134,0.012980378934078503,0.012979928987984486,0.012980153961031495,0.012980378934078503,7,error
135,0.012980343815629876,0.012979894105402524,0.0129801189605162,0.012980343815629876,7,error
136,0.012980399872025023,0.012979855478692464,0.012980127675358744,0.012980399872025023,7,error
137,0.012980465618196995,0.012979877919826762,0.012980171769011879,0.012980465618196995,7,error
138,0.012980499802284802,0.01297990061416346,0.012980200208224131,0.012980499802284802,7,error
139,0.012980458211056228,0.012979915526656746,0.012980186868856488,0.012980458211056228,7,error
140,0.012980384234482108,0.012979914604692258,0.012980149419587184,0.012980384234482108,7,error
141,0.012980365449901035,0.01297988227336481,0.012980123861632923,0.012980365449901035,7,error
142,0.012980408411127251,0.012979866319228515,0.012980137365177884,0.012980408411127251,7,error
143,0.012980462475063934,0.01297988140976237,0.012980171942413153,0.012980462475063934,7,error
144,0.012980474497532759,0.012979897054563906,0.012980185776048331,0.012980474497532759,7,error
145,0.012980431052917392,0.012979910388825108,0.01298017072087125,0.012980431052917392,7,error
146,0.012980383699248364,0.01297990524197108,0.012980144470609722,0.012980383699248364,7,error
147,0.012980384003763347,0.012979882003215933,0.01298013300348964,0.012980384003763347,7,error
148,0.012980415810156215,0.012979875175721954,0.012980145492939084,0.012980415810156215,7,error
149,0.012980446573172863,0.012979887340617563,0.012980166956895214,0.012980446573172863,7,error
150,0.012980453374214612,0.012979895250159924,0.012980174312187268,0.012980453374214612,7,error
151,0.01298041494283062,0.012979908559230433,0.012980161751030526,0.01298041494283062,7,error
152,0.012980389683126375,0.01297989672834843,0.012980143205737402,0.012980389683126375,7,error
153,0.012980397505718623,0.01297987850468519,0.012980138005201907,0.012980397505718623,7,error
154,0.012980415847075375,0.01297988494244781,0.012980150394761593,0.012980415847075375,7,error
155,0.012980441983377004,0.012979886275893573,0.012980164129635288,0.012980441983377004,7,error
156,0.012980432705278556,0.012979900315725204,0.01298016651050188,0.012980432705278556,7,error
157,0.01298040868422249,0.012979905125386744,0.012980156904804616,0.01298040868422249,7,error
158,0.012980391756613434,0.012979893552228011,0.012980142654420723,0.012980391756613434,7,error
159,0.012980398416613219,0.012979884034323798,0.012980141225468509,0.012980398416613219,7,error
160,0.01298041526360476,0.012979884343599677,0.01298014980360222,0.01298041526360476,7,error
161,0.012980431652856094,0.012979885698989745,0.01298015867592292,0.012980431652856094,7,error
162,0.012980423894794486,0.01297989594155355,0.012980159918174018,0.012980423894794486,7,error
163,0.012980400755864213,0.012979902436063319,0.012980151595963767,0.012980400755864213,7,error
164,0.012980399654456982,0.012979887860618374,0.012980143757537678,0.012980399654456982,7,error
165,0.012980402288745103,0.012979884099335674,0.012980143194040387,0.012980402288745103,7,error
166,0.012980409631079293,0.012979887536678449,0.012980148583878871,0.012980409631079293,7,error
167,0.012980423000986096,0.012979887071380817,0.012980155036183456,0.012980423000986096,7,error
168,0.012980413412292164,0.012979897637736795,0.01298015552501448,0.012980413412292164,7,error
169,0.012980400906461192,0.012979895674121332,0.012980148290291262,0.012980400906461192,7,error
170,0.012980396573586664,0.012979887231442297,0.01298014190251448,0.012980396573586664,7,error
171,0.012980403593776576,0.012979884215681137,0.012980143904728857,0.012980403593776576,7,error
172,0.012980409827595641,0.0129798877239101,0.01298014877575287,0.012980409827595641,7,error
173,0.012980418496513619,0.01297988731238377,0.012980152904448695,0.012980418496513619,7,error
174,0.012980405604592168,0.012979898940937852,0.01298015227276501,0.012980405604592168,7,error
175,0.01298039943382023,0.012979893550675867,0.01298014649224805,0.01298039943382023,7,error
176,0.012980402067473229,0.012979884728764459,0.012980143398118843,0.012980402067473229,7,error
177,0.012980398773032817,0.012979890559732993,0.012980144666382906,0.012980398773032817,7,error
178,0.012980404873931,0.012979889670951839,0.01298014727244142,0.012980404873931,7,error
179,0.012980414064711482,0.01297988401473615,0.012980149039723816,0.012980414064711482,7,error
180,0.012980397907892906,0.012979896942819074,0.012980147425355991,0.012980397907892906,7,error
181,0.012980397596459671,0.012979890164326713,0.012980143880393192,0.012980397596459671,7,error
182,0.012980400340141092,0.012979886135888904,0.012980143238014998,0.012980400340141092,7,error
183,0.012980397332199996,0.012979891358818883,0.01298014434550944,0.012980397332199996,7,error
184,0.012980403109374658,0.012979886311938615,0.012980144710656637,0.012980403109374658,7,error
185,0.012980406896314113,0.012979886170685908,0.01298014653350001,0.012980406896314113,7,error
186,0.012980393854496586,0.012979897579533961,0.012980145717015274,0.012980393854496586,7,error
187,0.012980399708739269,0.01297988778588538,0.012980143747312324,0.012980399708739269,7,error
188,0.012980400012662,0.012979887583963361,0.01298014379831268,0.012980400012662,7,error
189,0.012980393173513982,0.012979895185343442,0.012980144179428712,0.012980393173513982,7,error
190,0.01298040303171091,0.01297988693468228,0.012980144983196596,0.01298040303171091,7,error
191,0.01298040239458523,0.012979888284360797,0.012980145339473014,0.01298040239458523,7,error
192,0.012980391797757252,0.012979897344901882,0.012980144571329566,0.012980391797757252,7,error
193,0.012980400186671332,0.012979886025159749,0.01298014310591554,0.012980400186671332,7,error
194,0.01298039860821774,0.012979885757677176,0.01298014218294746,0.01298039860821774,7,error
195,0.012980390566201027,0.01297989359672289,0.012980142081461959,0.012980390566201027,7,error
196,0.012980403696703075,0.012979883856008135,0.012980143776355604,0.012980403696703075,7,error
197,0.012980400971119748,0.012979887786319831,0.01298014437871979,0.012980400971119748,7,error
198,0.012980389389851252,0.012979897449640834,0.012980143419746043,0.012980389389851252,7,error
199,0.012980399429497266,0.012979883753179022,0.012980141591338144,0.012980399429497266,7,error
200,0.012980394277239942,0.012979886321331388,0.012980140299285665,0.012980394277239942,7,error
201,0.01298038940769636,0.012979891806583618,0.012980140607139989,0.01298038940769636,7,error
202,0.012980399125362438,0.0129798838107231,0.012980141468042768,0.012980399125362438,7,error
203,0.012980393317180984,0.01297989149613743,0.012980142406659206,0.012980393317180984,7,error
204,0.012980389280854134,0.01297989577278626,0.012980142526820197,0.012980389280854134,7,error
205,0.012980399621784825,0.012979882674116752,0.012980141147950788,0.012980399621784825,7,error
206,0.012980386257594153,0.012979893632265952,0.012980139944930053,0.012980386257594153,7,error
207,0.012980389190725942,0.01297989114319218,0.012980140166959062,0.012980389190725942,7,error
208,0.012980397809471866,0.01297988444338424,0.012980141126428053,0.012980397809471866,7,error
209,0.01298038853292067,0.012979893481404563,0.012980141007162617,0.01298038853292067,7,error
210,0.012980387865836607,0.012979894538814046,0.012980141202325327,0.012980387865836607,7,error
211,0.01298039801273267,0.012979884674983663,0.012980141343858166,0.01298039801273267,7,error
212,0.012980388836840868,0.012979891415325965,0.012980140126083416,0.012980388836840868,7,error
213,0.012980386879227026,0.012979893480781662,0.012980140180004344,0.012980386879227026,7,error
214,0.012980397840828635,0.012979881940989067,0.012980139890908852,0.012980397840828635,7,error
215,0.012980388494402709,0.0129798907624286,0.012980139628415654,0.012980388494402709,7,error
216,0.012980387180002379,0.0129798927271092,0.01298013995355579,0.012980387180002379,7,error
217,0.012980396334063837,0.012979883652628815,0.012980139993346327,0.012980396334063837,7,error
218,0.012980386489699748,0.01297989315845744,0.012980139824078593,0.012980386489699748,7,error
219,0.01298038802303,0.012979890445956219,0.01298013923449311,0.01298038802303,7,error
220,0.012980395825245275,0.012979882853416532,0.012980139339330904,0.012980395825245275,7,error
221,0.01298038100363207,0.012979898002429211,0.01298013950303064,0.01298038100363207,7,error
222,0.012980389112572217,0.012979888763904102,0.01298013893823816,0.012980389112572217,7,error
223,0.012980392662481778,0.01297988217756911,0.012980137420025444,0.012980392662481778,7,error
224,0.012980385897365235,0.012979891480819811,0.012980138689092523,0.012980385897365235,7,error
225,0.012980385763705268,0.012979892716143887,0.012980139239924578,0.012980385763705268,7,error
226,0.012980392743072909,0.012979884920855703,0.012980138831964305,0.012980392743072909,7,error
227,0.012980384249857525,0.012979893164260185,0.012980138707058855,0.012980384249857525,7,error
228,0.01298038991177395,0.012979887077787066,0.012980138494780507,0.01298038991177395,7,error
229,0.012980389858119432,0.012979888397928801,0.012980139128024117,0.012980389858119432,7,error
230,0.012980383896806726,0.012979892575069154,0.01298013823593794,0.012980383896806726,7,error
231,0.012980388881012493,0.012979884632945785,0.012980136756979139,0.012980388881012493,7,error
232,0.012980392026865718,0.012979882209790032,0.012980137118327875,0.012980392026865718,7,error
233,0.012980382363617881,0.012979892813036173,0.012980137588327027,0.012980382363617881,7,error
234,0.012980386018465805,0.012979890367394083,0.012980138192929945,0.012980386018465805,7,error
235,0.012980391840578556,0.012979883356456796,0.012980137598517676,0.012980391840578556,7,error
236,0.012980381695675737,0.012979891681654702,0.012980136688665218,0.012980381695675737,7,error
237,0.01298038614520093,0.012979887724152954,0.012980136934676942,0.01298038614520093,7,error
238,0.01298038661883112,0.012979887714547849,0.012980137166689484,0.01298038661883112,7,error
239,0.012980384445972418,0.012979890392767767,0.012980137419370093,0.012980384445972418,7,error
240,0.012980388053551754,0.012979888064574925,0.01298013805906334,0.012980388053551754,7,error
241,0.012980386302577621,0.012979887169486868,0.012980136736032245,0.012980386302577621,7,error
242,0.012980381444598598,0.012979892497977347,0.012980136971287973,0.012980381444598598,7,error
243,0.012980387797566583,0.012979887017424228,0.012980137407495405,0.012980387797566583,7,error
244,0.012980385583581246,0.012979887500506052,0.01298013654204365,0.012980385583581246,7,error
245,0.012980379531092923,0.012979892611802693,0.01298013607144781,0.012980379531092923,7,error
246,0.01298038130755969,0.01297989056996279,0.01298013593876124,0.01298038130755969,7,error
247,0.012980386259625179,0.01297988590209312,0.012980136080859149,0.012980386259625179,7,error
248,0.01298038231771645,0.012979890413826908,0.01298013636577168,0.01298038231771645,7,error
249,0.012980382034150185,0.01297988971832853,0.012980135876239357,0.012980382034150185,7,error
250,0.012980387100925568,0.012979883784790093,0.01298013544285783,0.012980387100925568,7,error
251,0.012980380645101375,0.012979890242851469,0.012980135443976422,0.012980380645101375,7,error
252,0.012980382287875058,0.012979889279904814,0.012980135783889936,0.012980382287875058,7,error
253,0.012980382654202587,0.012979889668103633,0.01298013616115311,0.012980382654202587,7,error
254,0.012980382328060197,0.012979890942840439,0.012980136635450317,0.012980382328060197,7,error
255,0.012980382637979454,0.01297989079201292,0.012980136714996187,0.012980382637979454,7,error
256,0.012980382887823678,0.012979889498549498,0.012980136193186588,0.012980382887823678,7,error
257,0.012980380837092843,0.012979888624891288,0.012980134730992066,0.012980380837092843,7,error
258,0.01298038029711475,0.012979890733546787,0.012980135515330768,0.01298038029711475,7,error
259,0.012980383204334147,0.01297988805115183,0.012980135627742988,0.012980383204334147,7,error
260,0.012980379906037105,0.01297988917837963,0.012980134542208368,0.012980379906037105,7,error
261,0.01298037983154346,0.012979889864952621,0.01298013484824804,0.01298037983154346,7,error
262,0.012980385031583051,0.01297988622753313,0.01298013562955809,0.012980385031583051,7,error
263,0.012980380259076094,0.01297988942306676,0.012980134841071427,0.012980380259076094,7,error
264,0.012980378868015164,0.012979892230261789,0.012980135549138476,0.012980378868015164,7,error
265,0.012980384367665267,0.012979887715491823,0.012980136041578546,0.012980384367665267,7,error
266,0.012980379461850752,0.012979891722738415,0.012980135592294583,0.012980379461850752,7,error
267,0.012980377576857416,0.012979894724361245,0.01298013615060933,0.012980377576857416,7,error
268,0.012980382151482292,0.0129798883664555,0.012980135258968895,0.012980382151482292,7,error
269,0.012980381049576595,0.012979886064280983,0.01298013355692879,0.012980381049576595,7,error
270,0.012980376199894072,0.01297989200081875,0.012980134100356411,0.012980376199894072,7,error
271,0.012980381530056293,0.012979887903320777,0.012980134716688536,0.012980381530056293,7,error
272,0.012980381099887282,0.012979886694893805,0.012980133897390543,0.012980381099887282,7,error
273,0.012980379038057157,0.012979889359644666,0.012980134198850912,0.012980379038057157,7,error
274,0.012980382671967019,0.012979886762069376,0.012980134717018197,0.012980382671967019,7,error
275,0.012980378690540594,0.01297988977318039,0.012980134231860492,0.012980378690540594,7,error
276,0.012980376638108854,0.012979891248254173,0.012980133943181513,0.012980376638108854,7,error
277,0.012980383853463168,0.012979885216990452,0.01298013453522681,0.012980383853463168,7,error
278,0.012980380988354835,0.012979890133060118,0.012980135560707477,0.012980380988354835,7,error
279,0.012980374395637477,0.012979895947055887,0.012980135171346682,0.012980374395637477,7,error
280,0.012980385556106346,0.012979883202925651,0.012980134379516,0.012980385556106346,7,error
281,0.01298038221616953,0.012979887122754856,0.012980134669462193,0.01298038221616953,7,error
282,0.012980374975315755,0.012979892829457391,0.012980133902386573,0.012980374975315755,7,error
283,0.012980379668279031,0.01297988691251326,0.012980133290396146,0.012980379668279031,7,error
284,0.012980380794280091,0.012979887502202647,0.012980134148241368,0.012980380794280091,7,error
285,0.012980375918138495,0.01297989194505742,0.012980133931597956,0.012980375918138495,7,error
286,0.012980381328609738,0.012979883878256625,0.01298013260343318,0.012980381328609738,7,error
287,0.012980375626608838,0.012979890022223025,0.012980132824415931,0.012980375626608838,7,error
288,0.012980373438305895,0.012979892844511693,0.012980133141408794,0.012980373438305895,7,error
289,0.01298038516863011,0.012979882422454146,0.012980133795542128,0.01298038516863011,7,error
290,0.01298037747328604,0.012979891003568698,0.012980134238427369,0.01298037747328604,7,error
291,0.012980371872398873,0.012979897121689872,0.012980134497044372,0.012980371872398873,7,error
292,0.012980383373114912,0.012979885542732638,0.012980134457923776,0.012980383373114912,7,error
293,0.012980376158119394,0.012979890986737247,0.012980133572428321,0.012980376158119394,7,error
294,0.012980372790784496,0.012979893535442549,0.012980133163113522,0.012980372790784496,7,error
295,0.012980383482556646,0.012979881942759218,0.012980132712657931,0.012980383482556646,7,error
296,0.012980372967325127,0.012979892443585191,0.012980132705455158,0.012980372967325127,7,error
297,0.012980375598672777,0.01297989115309922,0.012980133375885997,0.012980375598672777,7,error
298,0.012980384239291704,0.012979882169150926,0.012980133204221315,0.012980384239291704,7,error
299,0.012980372920852417,0.012979892449251356,0.012980132685051887,0.012980372920852417,7,error
300,0.012980374682281692,0.012979891226726699,0.012980132954504196,0.012980374682281692,7,error
301,0.012980383613736452,0.012979882540225496,0.012980133076980975,0.012980383613736452,7,error
302,0.01298037306509803,0.012979893435858003,0.012980133250478016,0.01298037306509803,7,error
303,0.012980373727915395,0.012979893335577877,0.012980133531746636,0.012980373727915395,7,error
304,0.01298038170007609,0.012979883638490687,0.012980132669283388,0.01298038170007609,7,error
305,0.012980371691239428,0.012979892687122076,0.012980132189180753,0.012980371691239428,7,error
306,0.012980372123257424,0.012979893811022786,0.012980132967140106,0.012980372123257424,7,error
307,0.012980381668176978,0.012979882992788573,0.012980132330482775,0.012980381668176978,7,error
308,0.012980372212125342,0.012979892483765403,0.012980132347945372,0.012980372212125342,7,error
309,0.012980373768253735,0.012979891212663002,0.012980132490458368,0.012980373768253735,7,error
310,0.012980381687478849,0.012979883524936273,0.012980132606207562,0.012980381687478849,7,error
311,0.012980370705159896,0.012979896374854137,0.012980133540007016,0.012980370705159896,7,error
312,0.012980377444588976,0.012979888745052941,0.012980133094820958,0.012980377444588976,7,error
313,0.012980381233882957,0.01297988412320067,0.012980132678541815,0.012980381233882957,7,error
314,0.012980368207600438,0.012979896169348613,0.012980132188474526,0.012980368207600438,7,error
315,0.012980376718558792,0.012979885367617232,0.012980131043088011,0.012980376718558792,7,error
316,0.01298037898130147,0.012979883915217875,0.012980131448259671,0.01298037898130147,7,error
317,0.012980368284463107,0.012979896646077443,0.012980132465270276,0.012980368284463107,7,error
318,0.012980379135544494,0.012979886261485218,0.012980132698514855,0.012980379135544494,7,error
319,0.01298037776543712,0.012979887720855645,0.012980132743146383,0.01298037776543712,7,error
320,0.012980370490711894,0.012979895875322502,0.012980133183017198,0.012980370490711894,7,error
321,0.012980376701695152,0.01297988878480182,0.012980132743248485,0.012980376701695152,7,error
322,0.012980377246030796,0.012979886840075758,0.012980132043053278,0.012980377246030796,7,error
323,0.012980368199489768,0.012979895370567214,0.01298013178502849,0.012980368199489768,7,error
324,0.012980375601917773,0.012979887450658891,0.012980131526288331,0.012980375601917773,7,error
325,0.012980376039573287,0.012979886492254074,0.01298013126591368,0.012980376039573287,7,error
326,0.012980366363647322,0.012979896356823402,0.012980131360235361,0.012980366363647322,7,error
327,0.012980377470749167,0.012979886628886854,0.01298013204981801,0.012980377470749167,7,error
328,0.012980372873180667,0.012979889125081438,0.012980130999131052,0.012980372873180667,7,error
329,0.012980367065665225,0.012979894630602435,0.01298013084813383,0.012980367065665225,7,error
330,0.012980376354102275,0.012979886679341164,0.01298013151672172,0.012980376354102275,7,error
331,0.012980372667512691,0.012979892586249238,0.012980132626880966,0.012980372667512691,7,error
332,0.012980370909396327,0.012979894982809333,0.01298013294610283,0.012980370909396327,7,error
333,0.012980377839919498,0.012979887568444136,0.012980132704181817,0.012980377839919498,7,error
334,0.012980372266167564,0.012979889712719943,0.012980130989443754,0.012980372266167564,7,error
335,0.012980367038925526,0.012979894576985878,0.012980130807955702,0.012980367038925526,7,error
336,0.012980379756833313,0.012979883817606938,0.012980131787220125,0.012980379756833313,7,error
337,0.012980370769456389,0.01297989294561062,0.012980131857533505,0.012980370769456389,7,error
338,0.012980370524808164,0.012979893548327742,0.012980132036567952,0.012980370524808164,7,error
339,0.012980375172124555,0.012979887727390636,0.012980131449757595,0.012980375172124555,7,error
340,0.012980370202230886,0.0129798905960165,0.012980130399123692,0.012980370202230886,7,error
341,0.012980373112144429,0.012979889066639917,0.012980131089392173,0.012980373112144429,7,error
342,0.012980374930669301,0.012979889626091062,0.012980132278380182,0.012980374930669301,7,error
343,0.012980371350927724,0.012979890915317014,0.01298013113312237,0.012980371350927724,7,error
344,0.012980370559161522,0.012979891084229986,0.012980130821695754,0.012980370559161522,7,error
345,0.012980375289096475,0.01297988658705552,0.012980130938075998,0.012980375289096475,7,error
346,0.012980369848465144,0.01297989406082463,0.012980131954644886,0.012980369848465144,7,error
347,0.01298037378099943,0.012979889438669933,0.012980131609834682,0.01298037378099943,7,error
348,0.012980374972341965,0.012979887119060028,0.012980131045700997,0.012980374972341965,7,error
349,0.012980368718544879,0.012979894074568466,0.012980131396556672,0.012980368718544879,7,error
350,0.012980372661647366,0.01297989129183921,0.012980131976743288,0.012980372661647366,7,error
351,0.012980376519787142,0.012979888322654863,0.012980132421221003,0.012980376519787142,7,error
352,0.012980367951942814,0.012979894949567158,0.012980131450754986,0.012980367951942814,7,error
353,0.012980370428863392,0.01297988864639093,0.012980129537627162,0.012980370428863392,7,error
354,0.012980367976355916,0.0129798902100072,0.012980129093181558,0.012980367976355916,7,error
355,0.01298036848657067,0.012979892452927163,0.012980130469748916,0.01298036848657067,7,error
356,0.012980369493448014,0.012979893615955772,0.012980131554701893,0.012980369493448014,7,error
357,0.01298037202046503,0.012979891561107447,0.012980131790786237,0.01298037202046503,7,error
358,0.01298036685800675,0.012979896834418045,0.012980131846212398,0.01298036685800675,7,error
359,0.01298037617300128,0.012979885839681005,0.012980131006341142,0.01298037617300128,7,error
360,0.012980370052010337,0.012979893496465727,0.012980131774238032,0.012980370052010337,7,error
361,0.012980367957298617,0.01297989593565027,0.012980131946474443,0.012980367957298617,7,error
362,0.0129803715868426,0.01297988914715715,0.012980130366999874,0.0129803715868426,7,error
363,0.012980367245799427,0.012979893907923841,0.012980130576861634,0.012980367245799427,7,error
364,0.012980366676474061,0.012979894772528717,0.012980130724501389,0.012980366676474061,7,error
365,0.01298037207569116,0.012979889097667363,0.012980130586679262,0.01298037207569116,7,error
366,0.01298036497142865,0.012979896771315624,0.012980130871372137,0.01298036497142865,7,error
367,0.012980368651385379,0.012979891432610207,0.012980130041997794,0.012980368651385379,7,error
368,0.012980370549622377,0.012979889275810482,0.01298012991271643,0.012980370549622377,7,error
369,0.012980366265567905,0.012979895339819249,0.012980130802693578,0.012980366265567905,7,error
370,0.012980369701795502,0.012979891621119918,0.012980130661457711,0.012980369701795502,7,error
371,0.012980371579461886,0.01297989197637957,0.012980131777920727,0.012980371579461886,7,error
372,0.01298036610824522,0.012979897673594134,0.012980131890919677,0.01298036610824522,7,error
373,0.012980371357582808,0.012979888706118901,0.012980130031850855,0.012980371357582808,7,error
374,0.012980365509617318,0.012979894207767738,0.012980129858692527,0.012980365509617318,7,error
375,0.012980360549916694,0.012979899519990656,0.012980130034953675,0.012980360549916694,7,error
376,0.012980375079636642,0.012979886614953313,0.012980130847294977,0.012980375079636642,7,error
377,0.012980367097068866,0.01297989557464077,0.012980131335854819,0.012980367097068866,7,error
378,0.012980359171624352,0.012979904667922959,0.012980131919773655,0.012980359171624352,7,error
379,0.012980375151544026,0.012979885908099505,0.012980130529821766,0.012980375151544026,7,error
380,0.012980364509980948,0.012979894686104766,0.012980129598042857,0.012980364509980948,7,error
381,0.01298035723279365,0.012979902225737975,0.012980129729265813,0.01298035723279365,7,error
382,0.012980377656643498,0.012979881608242521,0.01298012963244301,0.012980377656643498,7,error
383,0.012980357592838034,0.012979902266408293,0.012980129929623163,0.012980357592838034,7,error
384,0.01298035611385891,0.012979906300122022,0.012980131206990465,0.01298035611385891,7,error
385,0.012980391105774773,0.012979869727934612,0.012980130416854693,0.012980391105774773,7,error
386,0.012980349110477116,0.012979909881870004,0.01298012949617356,0.012980349110477116,7,error
387,0.012980355398804575,0.012979906172908666,0.01298013078585662,0.012980355398804575,7,error
388,0.012980402361630755,0.012979859393555762,0.012980130877593258,0.012980402361630755,7,error
389,0.012980339768054794,0.012979920756531219,0.012980130262293006,0.012980339768054794,7,error
390,0.012980355957941113,0.01297990724016216,0.012980131599051637,0.012980355957941113,7,error
391,0.01298041034625616,0.012979852021939433,0.012980131184097797,0.01298041034625616,7,error
392,0.012980321607891622,0.012979937936153053,0.012980129772022338,0.012980321607891622,7,error
393,0.01298036052428323,0.012979899447638955,0.012980129985961092,0.01298036052428323,7,error
394,0.012980422770345688,0.012979837207007756,0.012980129988676722,0.012980422770345688,7,error
395,0.012980291998745478,0.01297996726723362,0.01298012963298955,0.012980291998745478,7,error
396,0.012980372051676155,0.012979889056626944,0.01298013055415155,0.012980372051676155,7,error
397,0.012980449170151771,0.012979813532524009,0.01298013135133789,0.012980449170151771,7,error
398,0.012980254229822802,0.01298000722038049,0.012980130725101645,0.012980254229822802,7,error
399,0.012980391431222265,0.012979868015448258,0.012980129723335261,0.012980391431222265,7,error
400,0.012980470335312445,0.012979788174742149,0.012980129255027298,0.012980470335312445,7,error
401,0.012980199253066645,0.012980060219891346,0.012980129736478996,0.012980199253066645,7,error
402,0.012980421759301303,0.012979839821870745,0.012980130790586023,0.012980421759301303,7,error
403,0.012980495132456553,0.012979766464400784,0.012980130798428668,0.012980495132456553,7,error
404,0.012980124047017942,0.012980136645949178,0.01298013034648356,0.012980136645949178,7,error
405,0.012980477442914425,0.012979781421566465,0.012980129432240445,0.012980477442914425,7,error
406,0.012980517305440666,0.012979741152007448,0.012980129228724057,0.012980517305440666,7,error
407,0.012980021129235821,0.012980238844143226,0.012980129986689523,0.012980238844143226,7,error
408,0.012980576291339179,0.012979682600824537,0.012980129446081859,0.012980576291339179,7,error
409,0.012980529596331005,0.01297972748706974,0.012980128541700373,0.012980529596331005,7,error
410,0.012979877791220272,0.012980380621935465,0.01298012920657787,0.012980380621935465,7,error
411,0.012980732810499792,0.012979527410393049,0.01298013011044642,0.012980732810499792,7,error
412,0.012980515309852263,0.012979746750867016,0.01298013103035964,0.012980515309852263,7,error
413,0.012979704207113689,0.012980560605906149,0.012980132406509918,0.012980560605906149,7,error
414,0.01298095934482389,0.012979301970627802,0.012980130657725845,0.01298095934482389,7,error
415,0.012980463751550231,0.012979794458831826,0.01298012910519103,0.012980463751550231,7,error
416,0.012979469277661854,0.012980789382023036,0.012980129329842445,0.012980789382023036,7,error
417,0.01298130315487801,0.012978958012755724,0.012980130583816866,0.01298130315487801,7,error
418,0.012980333291047957,0.012979928799694621,0.012980131045371289,0.012980333291047957,7,error
419,0.012979199535104789,0.012981061175626595,0.012980130355365691,0.012981061175626595,7,error
420,0.012981793847359755,0.012978464306845265,0.01298012907710251,0.012981793847359755,7,error
421,0.012980065267429298,0.012980193851045384,0.01298012955923734,0.012980193851045384,7,error
422,0.012978900237637477,0.012981359537887961,0.01298012988776272,0.012981359537887961,7,error
423,0.012982488227027609,0.01297776988747127,0.01298012905724944,0.012982488227027609,7,error
424,0.012979578945148309,0.012980677961896744,0.012980128453522526,0.012980677961896744,7,error
425,0.012978622925605095,0.012981635223707102,0.012980129074656097,0.012981635223707102,7,error
426,0.012983449394910942,0.01297681101173664,0.012980130203323791,0.012983449394910942,7,error
427,0.012978749985359623,0.012981510271253775,0.012980130128306698,0.012981510271253775,7,error
428,0.012978422400835011,0.01298183519030756,0.012980128795571286,0.01298183519030756,7,error
429,0.012984729786738411,0.01297552805479085,0.012980128920764632,0.012984729786738411,7,error
430,0.012977437955255479,0.012982824248411377,0.012980131101833428,0.012982824248411377,7,error
431,0.012978407634553981,0.012981853855830847,0.012980130745192414,0.012981853855830847,7,error
432,0.012986364412632035,0.012973893578938023,0.012980128995785028,0.012986364412632035,7,error
433,0.012975470127495519,0.012984787812136201,0.01298012896981586,0.012984787812136201,7,error
434,0.012978799284669803,0.012981458167462679,0.01298012872606624,0.012981458167462679,7,error
435,0.012988290671320176,0.012971964797526426,0.012980127734423301,0.012988290671320176,7,error
436,0.01297260950751416,0.012987646101995197,0.012980127804754679,0.012987646101995197,7,error
437,0.01297995172614539,0.01298030533110406,0.012980128528624724,0.01298030533110406,7,error
438,0.012990386381926877,0.012969861992415512,0.012980124187171194,0.012990386381926877,7,error
439,0.012968542692980997,0.012991705268718304,0.012980123980849651,0.012991705268718304,7,error
440,0.012982377909150768,0.012977882051590667,0.012980129980370719,0.012982377909150768,7,error
441,0.012992472166135555,0.012967775109933898,0.012980123638034725,0.012992472166135555,7,error
442,0.01296288789749799,0.012997345973683537,0.012980116935590764,0.012997345973683537,7,error
443,0.012986669614185167,0.012973586117205376,0.012980127865695272,0.012986669614185167,7,error
444,0.012994258564214555,0.012965988323215797,0.012980123443715175,0.012994258564214555,7,error
445,0.012955466596231969,0.013004748840016891,0.012980107718124429,0.013004748840016891,7,error
446,0.012993350633709967,0.012966896425716022,0.012980123529712995,0.012993350633709967,7,error
447,0.012995113876728399,0.012965129200069555,0.012980121538398977,0.012995113876728399,7,error
448,0.012946518127226863,0.013013656042759331,0.012980087084993097,0.013013656042759331,7,error
449,0.013003098870219155,0.012957117541786958,0.012980108206003056,0.013003098870219155,7,error
450,0.012993633497743523,0.012966609969815187,0.012980121733779354,0.012993633497743523,7,error
451,0.01293676774043235,0.013023347598176674,0.01298005766930451,0.013023347598176674,7,error
452,0.013017141795098294,0.012943011164333352,0.012980076479715823,0.013017141795098294,7,error
453,0.012987663361405341,0.01297259148529357,0.012980127423349455,0.012987663361405341,7,error
454,0.012926713728876653,0.013033325891082966,0.01298001980997981,0.013033325891082966,7,error
455,0.01303715655047062,0.012922849236718473,0.012980002893594546,0.01303715655047062,7,error
456,0.012975521382662626,0.012984735822409617,0.012980128602536122,0.012984735822409617,7,error
457,0.012916283047106862,0.013043663336866676,0.012979973191986769,0.013043663336866676,7,error
458,0.013064167685819883,0.012895542749285187,0.012979855217552535,0.013064167685819883,7,error
459,0.012956064304629604,0.013004150372417358,0.012980107338523481,0.013004150372417358,7,error
460,0.012907464963830417,0.013052390329496188,0.012979927646663302,0.013052390329496188,7,error
461,0.013095676382783819,0.012863544798343774,0.012979610590563797,0.013095676382783819,7,error
462,0.012928755973550412,0.01303130230244044,0.012980029137995426,0.01303130230244044,7,error
463,0.012905103806555908,0.01305472517986797,0.012979914493211939,0.01305472517986797,7,error
464,0.013128265710471713,0.012830283115220593,0.012979274412846152,0.013128265710471713,7,error
465,0.012889077537965837,0.013070548508238855,0.012979813023102346,0.013070548508238855,7,error
466,0.012917639495622477,0.013042319528226442,0.01297997951192446,0.013042319528226442,7,error
467,0.013160869439643334,0.012796834491313568,0.01297885196547845,0.013160869439643334,7,error
468,0.012829026824656935,0.013129492933756884,0.012979259879206909,0.013129492933756884,7,error
469,0.012949948566563767,0.013010240233162105,0.012980094399862935,0.013010240233162105,7,error
470,0.013197762448958674,0.01275878380012737,0.012978273124543022,0.013197762448958674,7,error
471,0.01274613128380111,0.013209982319315803,0.012978056801558457,0.013209982319315803,7,error
472,0.012993897470045871,0.012966345114436669,0.01298012129224127,0.012993897470045871,7,error
473,0.013241882467643544,0.012712987717083157,0.01297743509236335,0.013241882467643544,7,error
474,0.012651059685437612,0.01330106153288308,0.012976060609160346,0.01330106153288308,7,error
475,0.0130493316300043,0.012910560216234929,0.012979945923119615,0.0130493316300043,7,error
476,0.013261078607397904,0.012692964423196826,0.012977021515297366,0.013261078607397904,7,error
477,0.012577116834470745,0.013370999609296648,0.012974058221883696,0.013370999609296648,7,error
478,0.013131199146490198,0.012827280634269208,0.012979239890379704,0.013131199146490198,7,error
479,0.013224564515158544,0.012731001847737159,0.012977783181447851,0.013224564515158544,7,error
480,0.012505062337996344,0.01343841145984539,0.012971736898920866,0.01343841145984539,7,error
481,0.01328230491296072,0.01267074925850265,0.012976527085731684,0.01328230491296072,7,error
482,0.013142585129902245,0.012815615204377467,0.012979100167139856,0.013142585129902245,7,error
483,0.012379539100978281,0.013554134400204367,0.012966836750591324,0.013554134400204367,7,error
484,0.013491757923985215,0.0124474909529946,0.012969624438489907,0.013491757923985215,7,error
485,0.013077627392643364,0.012881893713527522,0.012979760553085442,0.013077627392643364,7,error
486,0.012225184421849385,0.013693514721774647,0.012959349571812016,0.013693514721774647,7,error
487,0.013669170641693373,0.012252398358858491,0.012960784500275931,0.013669170641693373,7,error
488,0.013029344419681408,0.012930728465379715,0.012980036442530561,0.013029344419681408,7,error
489,0.012156463802731913,0.013754558728474272,0.012955511265603093,0.013754558728474272,7,error
490,0.013780552081826526,0.012126990204839542,0.012953771143333034,0.013780552081826526,7,error
491,0.01282809394051411,0.01313040463020198,0.012979249285358044,0.01313040463020198,7,error
492,0.012328407361833212,0.013600658009613601,0.012964532685723406,0.013600658009613601,7,error
493,0.013812144407123507,0.012090997901690806,0.012951571154407156,0.013812144407123507,7,error
494,0.0125568081953716,0.013390075123626903,0.012973441659499253,0.013390075123626903,7,error
495,0.012498558883511118,0.013444460723879281,0.0129715098036952,0.013444460723879281,7,error
496,0.01407279502113204,0.011786598926152943,0.01292969697364249,0.01407279502113204,7,error
497,0.012154745988025496,0.013756075952047132,0.012955410970036314,0.013756075952047132,7,error
498,0.01254607494285679,0.01340013113886871,0.01297310304086275,0.01340013113886871,7,error
499,0.014498696490658648,0.011258567859281095,0.012878632174969871,0.014498696490658648,7,error
500,0.011682707748605812,0.014159163555184021,0.012920935651894916,0.014159163555184021,7,error
501,0.012567621122767119,0.013379928057680979,0.012973774590224049,0.013379928057680979,7,error
502,0.014415120906942951,0.011365376349213793,0.012890248628078372,0.014415120906942951,7,error
503,0.011900290893007029,0.013976787000737774,0.012938538946872401,0.013976787000737774,7,error
504,0.012612516839527254,0.013337614503645883,0.012975065671586569,0.013337614503645883,7,error
505,0.014066075391711197,0.01179461959677443,0.012930347494242813,0.014066075391711197,7,error
506,0.012054278795285946,0.01384419940735551,0.012949239101320727,0.01384419940735551,7,error
507,0.013752733514378866,0.012158528375097899,0.012955630944738382,0.013752733514378866,7,error
508,0.013339234552730254,0.01261080166902764,0.012975018110878946,0.013339234552730254,7,error
509,0.01127628982054163,0.014484917096317117,0.012880603458429373,0.014484917096317117,7,error
510,0.013248426382161761,0.012706170551754,0.01297729846695788,0.013248426382161761,7,error
511,0.014245448324489953,0.01157733479196306,0.012911391558226506,0.014245448324489953,7,error
512,0.016769401706588576,0.012980128154005524,0.01487476493029705,0.016769401706588576,7,error
1,2.8340262538344607,2.192645910856474,2.513336082345467,2.8340262538344607,40,fno
2,2.1987450143434026,1.8286638561534314,2.013704435248417,2.1987450143434026,40,fno
3,1.332647535880012,1.4447160820635374,1.3886818089717747,1.4447160820635374,40,fno
4,1.0282481414449238,0.6703370771167371,0.8492926092808304,1.0282481414449238,40,fno
5,0.6116355794019004,0.5670810538480187,0.5893583166249595,0.6116355794019004,40,fno
6,0.46445165065257044,0.5506283578644926,0.5075400042585315,0.5506283578644926,40,fno
7,0.5483483582099672,0.29098113916284496,0.4196647486864061,0.5483483582099672,40,fno
8,0.35980276582707116,0.3412865334265869,0.350544649626829,0.35980276582707116,40,fno
9,0.33321377158466753,0.3772095495335483,0.3552116605591079,0.3772095495335483,40,fno
10,0.34616137622800797,0.33593823585176236,0.34104980603988516,0.34616137622800797,40,fno
11,0.1889248422178429,0.3365786550111043,0.2627517486144736,0.3365786550111043,40,fno
12,0.1914406061566895,0.15200806002216355,0.17172433308942653,0.1914406061566895,40,fno
13,0.09883546285362116,0.0908860839791671,0.09486077341639412,0.09883546285362116,40,fno
14,0.04764546629523307,0.0444937659188903,0.04606961610706169,0.04764546629523307,40,fno
15,0.02893285269057448,0.02244346943120782,0.02568816106089115,0.02893285269057448,40,fno
16,0.013514605704652486,0.01529728955882809,0.014405947631740287,0.01529728955882809,40,fno
17,0.013095106764840159,0.0161297035189984,0.014612405141919279,0.0161297035189984,40,fno
18,0.013150199554844911,0.014381113818892958,0.013765656686868934,0.014381113818892958,40,fno
19,0.013203539219601745,0.014845569161937982,0.014024554190769863,0.014845569161937982,40,fno
20,0.014136745741180118,0.013684838349140206,0.013910792045160162,0.014136745741180118,40,fno
21,0.015438888859720362,0.012850676956501663,0.014144782908111012,0.015438888859720362,40,fno
22,0.015160124707338405,0.01274511227969732,0.013952618493517862,0.015160124707338405,40,fno
23,0.014928319428038172,0.01345727387544355,0.01419279665174086,0.014928319428038172,40,fno
24,0.014531047369658592,0.013994553188029966,0.01426280027884428,0.014531047369658592,40,fno
25,0.01327201860495467,0.014834053912248532,0.0140530362586016,0.014834053912248532,40,fno
26,0.012969185218614735,0.015410313719132778,0.014189749468873757,0.015410313719132778,40,fno
27,0.013450194202789721,0.015232921616216253,0.014341557909502988,0.015232921616216253,40,fno
28,0.014265051184480897,0.014515495814904973,0.014390273499692935,0.014515495814904973,40,fno
29,0.015303698278949979,0.013739982198456707,0.014521840238703343,0.015303698278949979,40,fno
30,0.015760858164615518,0.013375055971848319,0.01456795706823192,0.015760858164615518,40,fno
31,0.0155436468922466,0.01379438065042995,0.014669013771338276,0.0155436468922466,40,fno
32,0.014895910259781632,0.014451545506089453,0.014673727882935542,0.014895910259781632,40,fno
33,0.014204098257993677,0.015230679846458555,0.014717389052226117,0.015230679846458555,40,fno
34,0.013704283417956662,0.01576192687602154,0.014733105146989101,0.01576192687602154,40,fno
35,0.01390681734967827,0.01570545846264139,0.01480613790615983,0.01570545846264139,40,fno
36,0.01449456862367273,0.015222581372001038,0.014858574997836885,0.015222581372001038,40,fno
37,0.015175318146362408,0.01454560643281163,0.014860462289587019,0.015175318146362408,40,fno
38,0.01567322554141065,0.014041752964453143,0.014857489252931897,0.01567322554141065,40,fno
39,0.015620754747477624,0.014060182728025688,0.014840468737751656,0.015620754747477624,40,fno
40,0.015312953508737154,0.014399340733673752,0.014856147121205452,0.015312953508737154,40,fno
41,0.014705790095130792,0.014956398179567697,0.014831094137349244,0.014956398179567697,40,fno
42,0.014279696864252686,0.015382017472637472,0.01483085716844508,0.015382017472637472,40,fno
43,0.014173342942540202,0.015461780636377952,0.014817561789459078,0.015461780636377952,40,fno
44,0.014352081035446891,0.015264440816393648,0.01480826092592027,0.015264440816393648,40,fno
45,0.014803164907951324,0.014847518125638285,0.014825341516794804,0.014847518125638285,40,fno
46,0.01515818939056822,0.014454680868194887,0.014806435129381554,0.01515818939056822,40,fno
47,0.015301510899526366,0.01430114072448312,0.014801325812004742,0.015301510899526366,40,fno
48,0.015191479643864168,0.014392663452628223,0.014792071548246195,0.015191479643864168,40,fno
49,0.014930440796004321,0.014685168992156434,0.014807804894080377,0.014930440796004321,40,fno
50,0.014600788351258144,0.01498732140967554,0.014794054880466843,0.01498732140967554,40,fno
51,0.01442891049216828,0.015154622677551039,0.014791766584859659,0.015154622677551039,40,fno
52,0.01445154384457992,0.015151689885750958,0.01480161686516544,0.015151689885750958,40,fno
53,0.01462977323356954,0.014960222892160502,0.01479499806286502,0.014960222892160502,40,fno
54,0.014871634917312453,0.014727118025846392,0.014799376471579423,0.014871634917312453,40,fno
55,0.015034529065944253,0.014551784108897615,0.014793156587420933,0.015034529065944253,40,fno
56,0.015092412748966326,0.014505445245856723,0.014798928997411524,0.015092412748966326,40,fno
57,0.014967006837784541,0.014611380540964126,0.014789193689374334,0.014967006837784541,40,fno
58,0.01481633544515581,0.014783667301885711,0.01480000137352076,0.01481633544515581,40,fno
59,0.014651197893399916,0.014940124701346362,0.014795661297373138,0.014940124701346362,40,fno
60,0.014575820413308547,0.015008828054862092,0.01479232423408532,0.015008828054862092,40,fno
61,0.014622343404781158,0.014972565972752726,0.01479745468876694,0.014972565972752726,40,fno
62,0.014732977667055435,0.014856897385344816,0.014794937526200126,0.014856897385344816,40,fno
63,0.01486679114269505,0.014729029498182845,0.014797910320438947,0.01486679114269505,40,fno
64,0.014934155357829399,0.014649373881861643,0.014791764619845521,0.014934155357829399,40,fno
65,0.014950645817582837,0.014650017370493925,0.014800331594038381,0.014950645817582837,40,fno
66,0.014870843165806584,0.01471731984849934,0.014794081507152963,0.014870843165806584,40,fno
67,0.0147830166294925,0.014812647913397875,0.014797832271445186,0.014812647913397875,40,fno
68,0.014707633381370067,0.014889407916840734,0.0147985206491054,0.014889407916840734,40,fno
69,0.014686804810494178,0.014907568735016922,0.014797186772755551,0.014907568735016922,40,fno
70,0.014721364233104661,0.014877734422234412,0.014799549327669536,0.014877734422234412,40,fno
71,0.014782828569522611,0.01481193595681496,0.014797382263168787,0.01481193595681496,40,fno
72,0.014853653378044788,0.01475076842124829,0.01480221089964654,0.014853653378044788,40,fno
73,0.014872100560752412,0.014721091841355985,0.0147965962010542,0.014872100560752412,40,fno
74,0.014872050277193816,0.014732460698174644,0.01480225548768423,0.014872050277193816,40,fno
75,0.014825011343000202,0.014774422594485484,0.014799716968742844,0.014825011343000202,40,fno
76,0.01478232943320383,0.014819808589633937,0.014801069011418883,0.014819808589633937,40,fno
77,0.014749969069885942,0.014852319977548373,0.014801144523717159,0.014852319977548373,40,fno
78,0.014748584934541347,0.014853035882961567,0.014800810408751457,0.014853035882961567,40,fno
79,0.014773416188101865,0.014831945384380062,0.014802680786240963,0.014831945384380062,40,fno
80,0.014800244121579523,0.014798416274127443,0.014799330197853483,0.014800244121579523,40,fno
81,0.014834253928512222,0.014773072691234394,0.01480366330987331,0.014834253928512222,40,fno
82,0.014835230746048068,0.014764018756663281,0.014799624751355675,0.014835230746048068,40,fno
83,0.014830847153821469,0.014773776285195063,0.014802311719508266,0.014830847153821469,40,fno
84,0.014805859222460329,0.014795787411673292,0.014800823317066811,0.014805859222460329,40,fno
85,0.014789005445014379,0.014814157442606123,0.01480158144381025,0.014814157442606123,40,fno
86,0.014777054530546199,0.014825818157196205,0.014801436343871202,0.014825818157196205,40,fno
87,0.014778842602318107,0.014821843902929248,0.014800343252623678,0.014821843902929248,40,fno
88,0.014794155204577835,0.014810927558298883,0.014802541381438359,0.014810927558298883,40,fno
89,0.01480321970457443,0.014796087066823789,0.01479965338569911,0.01480321970457443,40,fno
90,0.0148174858362619,0.014787372476176452,0.014802429156219175,0.0148174858362619,40,fno
91,0.014813988637549276,0.014786335862660274,0.014800162250104776,0.014813988637549276,40,fno
92,0.014812064799375432,0.014791564737507064,0.014801814768441248,0.014812064799375432,40,fno
93,0.014799811056258518,0.014801483912545835,0.014800647484402176,0.014801483912545835,40,fno
94,0.014794649257424205,0.014807600986359448,0.014801125121891827,0.014807600986359448,40,fno
95,0.014791931084327891,0.014811149599877862,0.014801540342102876,0.014811149599877862,40,fno
96,0.014792644420959507,0.014807609976579728,0.014800127198769619,0.014807609976579728,40,fno
97,0.014800719231584509,0.014803328555085421,0.014802023893334966,0.014803328555085421,40,fno
98,0.014802354362341964,0.014797626916386994,0.014799990639364479,0.014802354362341964,40,fno
99,0.014808311521840917,0.014795128659559051,0.014801720090699983,0.014808311521840917,40,fno
100,0.014804540788354168,0.014795955360196438,0.014800248074275303,0.014804540788354168,40,fno
101,0.014804648774775168,0.014798023019689336,0.014801335897232253,0.014804648774775168,40,fno
102,0.014799299646018189,0.014802063697405879,0.014800681671712033,0.014802063697405879,40,fno
103,0.014797893551506507,0.014803324043628871,0.014800608797567689,0.014803324043628871,40,fno
104,0.014798058527033926,0.01480452897091052,0.014801293748972223,0.01480452897091052,40,fno
105,0.014797926585953605,0.014802409352507408,0.014800167969230506,0.014802409352507408,40,fno
106,0.01480187228722906,0.014801072882786996,0.014801472585008028,0.01480187228722906,40,fno
107,0.014801031031238556,0.014799167720395719,0.014800099375817138,0.014801031031238556,40,fno
108,0.014804118299969072,0.014798585582743383,0.014801351941356226,0.014804118299969072,40,fno
109,0.01480126992114918,0.014799402958968786,0.014800336440058983,0.01480126992114918,40,fno
110,0.014801964461940173,0.014799976471569666,0.01480097046675492,0.014801964461940173,40,fno
111,0.014799886206184042,0.014801640680640249,0.014800763443412145,0.014801640680640249,40,fno
112,0.014799529778935843,0.014801421203183058,0.01480047549105945,0.014801421203183058,40,fno
113,0.014800217268536607,0.014801997886082061,0.014801107577309333,0.014801997886082061,40,fno
114,0.014799707623632058,0.01480082161887859,0.014800264621255324,0.01480082161887859,40,fno
115,0.014801885722058582,0.014800542158453856,0.014801213940256219,0.014801885722058582,40,fno
116,0.0148005060741216,0.014800040311870283,0.014800273192995941,0.0148005060741216,40,fno
117,0.014802292736836867,0.014799953845597942,0.014801123291217404,0.014802292736836867,40,fno
118,0.014800516620244345,0.014800520406315356,0.014800518513279851,0.014800520406315356,40,fno
119,0.014801120165171718,0.01480046580937025,0.014800792987270984,0.014801120165171718,40,fno
120,0.014800343972111732,0.01480129443895692,0.014800819205534325,0.01480129443895692,40,fno
121,0.01480024718469984,0.014800771708266984,0.014800509446483413,0.014800771708266984,40,fno
122,0.014800900519309745,0.014801106044094488,0.014801003281702117,0.014801106044094488,40,fno
123,0.014800278461409177,0.014800501584446553,0.014800390022927865,0.014800501584446553,40,fno
124,0.01480160809410873,0.01480053614889631,0.01480107212150252,0.01480160809410873,40,fno
125,0.014800402176229197,0.014800435006043989,0.014800418591136594,0.014800435006043989,40,fno
126,0.014801458881127575,0.014800400980681666,0.014800929930904622,0.014801458881127575,40,fno
127,0.0148004191836318,0.014800811526130546,0.014800615354881173,0.014800811526130546,40,fno
128,0.014800879681566967,0.014800555584372732,0.01480071763296985,0.014800879681566967,40,fno
129,0.014800585355520899,0.014800992153089249,0.014800788754305074,0.014800992153089249,40,fno
130,0.014800518800917702,0.014800578341625393,0.014800548571271548,0.014800578341625393,40,fno
131,0.01480104472808087,0.014800834855061727,0.014800939791571297,0.01480104472808087,40,fno
132,0.014800433036880063,0.014800501101924395,0.014800467069402228,0.014800501101924395,40,fno
133,0.014801306644942332,0.014800572660597613,0.014800939652769973,0.014801306644942332,40,fno
134,0.01480045392462291,0.01480060630044245,0.01480053011253268,0.01480060630044245,40,fno
135,0.014801105806903154,0.01480054678759306,0.014800826297248108,0.014801105806903154,40,fno
136,0.014800521355924036,0.01480079519448959,0.014800658275206813,0.01480079519448959,40,fno
137,0.014800787791546225,0.014800552629012963,0.014800670210279594,0.014800787791546225,40,fno
138,0.014800733409420678,0.014800848638669734,0.014800791024045206,0.014800848638669734,40,fno
139,0.01480060863978344,0.014800538018660553,0.014800573329221996,0.01480060863978344,40,fno
140,0.014800987295023476,0.014800721572290676,0.014800854433657076,0.014800987295023476,40,fno
141,0.014800556460305687,0.014800543422429946,0.014800549941367817,0.014800556460305687,40,fno
142,0.014801078748523164,0.014800620210414948,0.014800849479469056,0.014801078748523164,40,fno
143,0.014800518431213808,0.014800669127140243,0.014800593779177026,0.014800669127140243,40,fno
144,0.014800945018008488,0.014800583445369948,0.014800764231689217,0.014800945018008488,40,fno
145,0.01480061162133695,0.014800780107423755,0.014800695864380353,0.014800780107423755,40,fno
146,0.0148007846265038,0.014800552059070687,0.014800668342787242,0.0148007846265038,40,fno
147,0.014800779827915729,0.014800742582374389,0.01480076120514506,0.014800779827915729,40,fno
148,0.014800639699871427,0.014800560482063924,0.014800600090967675,0.014800639699871427,40,fno
149,0.014800926562488808,0.014800680176576335,0.014800803369532572,0.014800926562488808,40,fno
150,0.014800600204115234,0.014800604453279782,0.014800602328697508,0.014800604453279782,40,fno
151,0.014800940660507059,0.014800629908735633,0.014800785284621346,0.014800940660507059,40,fno
152,0.014800613325292106,0.014800674188196918,0.014800643756744513,0.014800674188196918,40,fno
153,0.014800866555477205,0.014800608917184335,0.01480073773633077,0.014800866555477205,40,fno
154,0.014800683030929273,0.014800724684584791,0.014800703857757032,0.014800724684584791,40,fno
155,0.014800749778343407,0.014800593405235403,0.014800671591789405,0.014800749778343407,40,fno
156,0.014800778010740819,0.01480072636574145,0.014800752188241135,0.014800778010740819,40,fno
157,0.014800684002389874,0.014800583900718634,0.014800633951554254,0.014800684002389874,40,fno
158,0.014800851242242643,0.014800679584647257,0.014800765413444949,0.014800851242242643,40,fno
159,0.01480064740283396,0.014800625793455839,0.0148006365981449,0.01480064740283396,40,fno
160,0.01480086967978896,0.014800628463724576,0.014800749071756769,0.01480086967978896,40,fno
161,0.014800653287247886,0.014800677603078835,0.01480066544516336,0.014800677603078835,40,fno
162,0.014800812826963864,0.014800607536630435,0.014800710181797148,0.014800812826963864,40,fno
163,0.014800710175798627,0.014800699810869263,0.014800704993333944,0.014800710175798627,40,fno
164,0.01480074497356154,0.014800603893673497,0.014800674433617518,0.01480074497356154,40,fno
165,0.01480078430932422,0.014800686355762501,0.01480073533254336,0.01480078430932422,40,fno
166,0.014800697721523606,0.01480061618351999,0.014800656952521798,0.014800697721523606,40,fno
167,0.014800821210816374,0.014800658748475793,0.014800739979646083,0.014800821210816374,40,fno
168,0.014800684293255194,0.014800639159695332,0.014800661726475263,0.014800684293255194,40,fno
169,0.014800812517264804,0.0148006452527008,0.014800728884982801,0.014800812517264804,40,fno
170,0.014800699095250154,0.014800661913871015,0.014800680504560584,0.014800699095250154,40,fno
171,0.014800778719764405,0.014800622573896628,0.014800700646830516,0.014800778719764405,40,fno
172,0.014800735468751864,0.01480067620307776,0.014800705835914812,0.014800735468751864,40,fno
173,0.014800749729830861,0.014800610038811883,0.014800679884321372,0.014800749729830861,40,fno
174,0.014800765951318599,0.014800674708824872,0.014800720330071735,0.014800765951318599,40,fno
175,0.014800719392374555,0.014800624492105334,0.014800671942239944,0.014800719392374555,40,fno
176,0.014800787794169401,0.014800664380095866,0.014800726087132635,0.014800787794169401,40,fno
177,0.014800693432649574,0.014800654020017864,0.01480067372633372,0.014800693432649574,40,fno
178,0.014800782793706306,0.014800636014377538,0.014800709404041922,0.014800782793706306,40,fno
179,0.014800722066196438,0.014800658595928828,0.014800690331062634,0.014800722066196438,40,fno
180,0.014800774541667911,0.014800621116681673,0.014800697829174793,0.014800774541667911,40,fno
181,0.014800745502833442,0.01480065848021501,0.014800701991524227,0.014800745502833442,40,fno
182,0.014800735956062796,0.014800631445457612,0.014800683700760204,0.014800735956062796,40,fno
183,0.014800757537092894,0.014800667493144033,0.014800712515118462,0.014800757537092894,40,fno
184,0.014800723077790009,0.014800638936685404,0.014800681007237707,0.014800723077790009,40,fno
185,0.014800762645419907,0.014800661690379028,0.014800712167899467,0.014800762645419907,40,fno
186,0.014800723201274407,0.014800645566069503,0.014800684383671955,0.014800723201274407,40,fno
187,0.014800774043643241,0.014800637008405622,0.014800705526024431,0.014800774043643241,40,fno
188,0.014800733471238814,0.014800651448479321,0.014800692459859068,0.014800733471238814,40,fno
189,0.014800760809389673,0.014800628808320998,0.014800694808855337,0.014800760809389673,40,fno
190,0.014800738283852225,0.01480066333476912,0.014800700809310674,0.014800738283852225,40,fno
191,0.01480074152213478,0.014800631354044637,0.014800686438089709,0.01480074152213478,40,fno
192,0.014800754520738821,0.014800653809812625,0.014800704165275723,0.014800754520738821,40,fno
193,0.014800723364454375,0.01480064970674228,0.014800686535598327,0.014800723364454375,40,fno
194,0.014800760340457015,0.014800651300011188,0.0148007058202341,0.014800760340457015,40,fno
195,0.014800728743111358,0.014800649055227127,0.014800688899169242,0.014800728743111358,40,fno
196,0.014800760014950539,0.014800639423809332,0.014800699719379935,0.014800760014950539,40,fno
197,0.014800739610704253,0.014800648653741044,0.01480069413222265,0.014800739610704253,40,fno
198,0.014800745497736597,0.014800642615276338,0.014800694056506468,0.014800745497736597,40,fno
199,0.014800746838745823,0.01480065336579711,0.014800700102271466,0.014800746838745823,40,fno
200,0.01480074087033166,0.014800640862411337,0.014800690866371499,0.01480074087033166,40,fno
201,0.014800743379250017,0.014800655384053509,0.014800699381651763,0.014800743379250017,40,fno
202,0.014800733537197802,0.014800643070269891,0.014800688303733846,0.014800733537197802,40,fno
203,0.014800748190721164,0.01480065402019904,0.014800701105460102,0.014800748190721164,40,fno
204,0.01480073544111945,0.014800648002091512,0.014800691721605481,0.01480073544111945,40,fno
205,0.014800750807192517,0.01480064089594396,0.014800695851568239,0.014800750807192517,40,fno
206,0.014800731819555987,0.014800657159504562,0.014800694489530274,0.014800731819555987,40,fno
207,0.014800749387442575,0.01480063952360989,0.014800694455526233,0.014800749387442575,40,fno
208,0.014800744729863988,0.014800650282022227,0.014800697505943108,0.014800744729863988,40,fno
209,0.014800738779830598,0.014800642729236773,0.014800690754533686,0.014800738779830598,40,fno
210,0.014800747807158027,0.014800647742395272,0.01480069777477665,0.014800747807158027,40,fno
211,0.01480073062315492,0.014800652145463729,0.014800691384309325,0.01480073062315492,40,fno
212,0.014800743743442086,0.014800651356369777,0.014800697549905931,0.014800743743442086,40,fno
213,0.014800735484495701,0.014800650652651175,0.014800693068573439,0.014800735484495701,40,fno
214,0.014800742453725415,0.014800645367232941,0.014800693910479178,0.014800742453725415,40,fno
215,0.014800744904809364,0.01480064281232019,0.014800693858564777,0.014800744904809364,40,fno
216,0.014800749728041549,0.01480064017731959,0.01480069495268057,0.014800749728041549,40,fno
217,0.014800743928890173,0.014800648316294969,0.01480069612259257,0.014800743928890173,40,fno
218,0.0148007389238925,0.01480064347424058,0.014800691199066539,0.0148007389238925,40,fno
219,0.014800737982752728,0.014800655641405251,0.01480069681207899,0.014800737982752728,40,fno
220,0.01480073691826288,0.014800646740231727,0.014800691829247304,0.01480073691826288,40,fno
221,0.014800741966830433,0.01480064789316706,0.014800694929998746,0.014800741966830433,40,fno
222,0.014800738049495462,0.014800648800332647,0.014800693424914056,0.014800738049495462,40,fno
223,0.014800749006146406,0.014800639228693038,0.014800694117419723,0.014800749006146406,40,fno
224,0.014800739239919317,0.01480064960444667,0.014800694422182993,0.014800739239919317,40,fno
225,0.014800741252384314,0.014800645742756557,0.014800693497570436,0.014800741252384314,40,fno
226,0.014800740075847947,0.014800648936501333,0.01480069450617464,0.014800740075847947,40,fno
227,0.014800736273684754,0.014800648101180045,0.0148006921874324,0.014800736273684754,40,fno
228,0.014800741650002584,0.014800648682468536,0.01480069516623556,0.014800741650002584,40,fno
229,0.014800735771113373,0.01480064849930192,0.014800692135207648,0.014800735771113373,40,fno
230,0.014800744602608272,0.014800643333342937,0.014800693967975604,0.014800744602608272,40,fno
231,0.014800744801608331,0.014800643812342048,0.01480069430697519,0.014800744801608331,40,fno
232,0.014800742310050562,0.014800646583543431,0.014800694446796997,0.014800742310050562,40,fno
233,0.014800737440195026,0.014800648991919269,0.014800693216057148,0.014800737440195026,40,fno
234,0.014800734239065687,0.014800650116565244,0.014800692177815464,0.014800734239065687,40,fno
235,0.014800740134389104,0.014800649320060293,0.014800694727224699,0.014800740134389104,40,fno
236,0.014800738555753697,0.014800647250952485,0.014800692903353091,0.014800738555753697,40,fno
237,0.014800738754509355,0.014800646489551244,0.0148006926220303,0.014800738754509355,40,fno
238,0.014800746620577475,0.014800640524530314,0.014800693572553893,0.014800746620577475,40,fno
239,0.014800743699889601,0.014800645822071797,0.014800694760980698,0.014800743699889601,40,fno
240,0.014800737105799268,0.014800646535716751,0.01480069182075801,0.014800737105799268,40,fno
241,0.014800736781263198,0.014800647435101828,0.014800692108182512,0.014800736781263198,40,fno
242,0.014800734551845144,0.01480065592798036,0.014800695239912752,0.014800734551845144,40,fno
243,0.014800741199298438,0.014800645474136767,0.014800693336717602,0.014800741199298438,40,fno
244,0.014800740135933495,0.014800644169626882,0.014800692152780189,0.014800740135933495,40,fno
245,0.014800737118496358,0.014800647414411462,0.01480069226645391,0.014800737118496358,40,fno
246,0.01480074078367679,0.014800647886138689,0.01480069433490774,0.01480074078367679,40,fno
247,0.014800737765050326,0.014800647988728132,0.014800692876889229,0.014800737765050326,40,fno
248,0.01480074066678869,0.014800643554062033,0.01480069211042536,0.01480074066678869,40,fno
249,0.014800738713928358,0.014800645876943193,0.014800692295435776,0.014800738713928358,40,fno
250,0.014800737620520355,0.014800648831648177,0.014800693226084266,0.014800737620520355,40,fno
251,0.014800739545534358,0.014800648489054755,0.014800694017294556,0.014800739545534358,40,fno
252,0.014800737596493614,0.014800647778352757,0.014800692687423185,0.014800737596493614,40,fno
253,0.01480073696887707,0.014800648415473594,0.014800692692175332,0.01480073696887707,40,fno
254,0.014800734035153869,0.014800647751910064,0.014800690893531965,0.014800734035153869,40,fno
255,0.014800738715054116,0.01480064672402369,0.014800692719538903,0.014800738715054116,40,fno
256,0.014800747483377726,0.014800642069528485,0.014800694776453106,0.014800747483377726,40,fno
257,0.014800741670355434,0.014800644224369873,0.014800692947362654,0.014800741670355434,40,fno
258,0.014800736443679331,0.014800644936731257,0.014800690690205294,0.014800736443679331,40,fno
259,0.014800736980771978,0.01480064763312643,0.014800692306949203,0.014800736980771978,40,fno
260,0.014800736653254458,0.014800649780897145,0.014800693217075802,0.014800736653254458,40,fno
261,0.01480073658471979,0.014800647429940311,0.01480069200733005,0.01480073658471979,40,fno
262,0.0148007365950535,0.014800650695269793,0.014800693645161647,0.0148007365950535,40,fno
263,0.014800739750486777,0.014800644849162211,0.014800692299824494,0.014800739750486777,40,fno
264,0.014800739890954807,0.014800642249419993,0.014800691070187399,0.014800739890954807,40,fno
265,0.014800738111224796,0.014800646184550587,0.014800692147887692,0.014800738111224796,40,fno
266,0.014800740150652393,0.014800645772201606,0.014800692961427,0.014800740150652393,40,fno
267,0.014800736883949096,0.014800648637293034,0.014800692760621065,0.014800736883949096,40,fno
268,0.014800737716764151,0.014800646654846313,0.014800692185805233,0.014800737716764151,40,fno
269,0.014800736476595251,0.01480064655597458,0.014800691516284915,0.014800736476595251,40,fno
270,0.014800730538396116,0.014800654249023278,0.014800692393709697,0.014800730538396116,40,fno
271,0.01480073569765224,0.014800649648894037,0.01480069267327314,0.01480073569765224,40,fno
272,0.014800735735752338,0.01480064752623572,0.014800691630994029,0.014800735735752338,40,fno
273,0.014800739410707272,0.014800643993625523,0.014800691702166397,0.014800739410707272,40,fno
274,0.014800744091547698,0.014800640456408873,0.014800692273978285,0.014800744091547698,40,fno
275,0.014800734685547918,0.014800649477442125,0.014800692081495022,0.014800734685547918,40,fno
276,0.014800735395443451,0.014800650263852104,0.014800692829647778,0.014800735395443451,40,fno
277,0.014800734903068189,0.01480064875072645,0.01480069182689732,0.014800734903068189,40,fno
278,0.014800731852911827,0.014800651401822436,0.014800691627367132,0.014800731852911827,40,fno
279,0.014800737609465422,0.014800646545602383,0.014800692077533904,0.014800737609465422,40,fno
280,0.014800739681029818,0.014800645531157184,0.0148006926060935,0.014800739681029818,40,fno
281,0.014800741972383494,0.01480064267870049,0.014800692325541992,0.014800741972383494,40,fno
282,0.014800739455270178,0.014800646268900246,0.014800692862085213,0.014800739455270178,40,fno
283,0.014800733620044939,0.014800649124003036,0.014800691372023988,0.014800733620044939,40,fno
284,0.014800733361643963,0.014800647432178002,0.014800690396910982,0.014800733361643963,40,fno
285,0.014800733491551872,0.014800652402079869,0.01480069294681587,0.014800733491551872,40,fno
286,0.01480073730081815,0.014800649145169053,0.014800693222993601,0.01480073730081815,40,fno
287,0.014800736333605534,0.014800646476493932,0.014800691405049733,0.014800736333605534,40,fno
288,0.014800737269933117,0.014800644691005846,0.014800690980469482,0.014800737269933117,40,fno
289,0.014800744459788226,0.01480063926796957,0.014800691863878897,0.014800744459788226,40,fno
290,0.014800736795343716,0.01480064751296904,0.01480069215415638,0.014800736795343716,40,fno
291,0.014800734666320543,0.014800649164748674,0.014800691915534608,0.014800734666320543,40,fno
292,0.014800735302245634,0.014800649324847646,0.01480069231354664,0.014800735302245634,40,fno
293,0.014800730043166043,0.014800653238697524,0.014800691640931785,0.014800730043166043,40,fno
294,0.014800735555963344,0.014800646067780962,0.014800690811872153,0.014800735555963344,40,fno
295,0.014800736648969949,0.014800645398868483,0.014800691023919215,0.014800736648969949,40,fno
296,0.014800741547305764,0.014800642231555205,0.014800691889430485,0.014800741547305764,40,fno
297,0.014800742753653914,0.014800643522963517,0.014800693138308715,0.014800742753653914,40,fno
298,0.014800733318469875,0.014800649338942208,0.014800691328706043,0.014800733318469875,40,fno
299,0.01480073223230936,0.014800648543515581,0.014800690387912471,0.01480073223230936,40,fno
300,0.014800732152009522,0.01480065051492797,0.014800691333468747,0.014800732152009522,40,fno
301,0.014800730637857336,0.01480065398691131,0.014800692312384324,0.014800730637857336,40,fno
302,0.01480073965048804,0.014800643518015178,0.01480069158425161,0.01480073965048804,40,fno
303,0.014800736924152432,0.014800645730309564,0.014800691327230997,0.014800736924152432,40,fno
304,0.014800739201503559,0.014800644812081112,0.014800692006792335,0.014800739201503559,40,fno
305,0.014800739713248396,0.014800644116893079,0.014800691915070737,0.014800739713248396,40,fno
306,0.014800729933226875,0.014800652956172592,0.014800691444699733,0.014800729933226875,40,fno
307,0.014800737861470355,0.014800642958914943,0.014800690410192649,0.014800737861470355,40,fno
308,0.014800735562030707,0.014800645992092932,0.01480069077706182,0.014800735562030707,40,fno
309,0.014800732862193588,0.014800652058009003,0.014800692460101295,0.014800732862193588,40,fno
310,0.014800737397903095,0.014800648449641856,0.014800692923772476,0.014800737397903095,40,fno
311,0.014800730789692488,0.014800652335855124,0.014800691562773806,0.014800730789692488,40,fno
312,0.014800736872021745,0.01480064540301739,0.014800691137519566,0.014800736872021745,40,fno
313,0.01480073809607161,0.014800643259218354,0.014800690677644982,0.01480073809607161,40,fno
314,0.014800732783894195,0.014800648881362196,0.014800690832628196,0.014800732783894195,40,fno
315,0.014800741230670397,0.014800642209809417,0.014800691720239907,0.014800741230670397,40,fno
316,0.014800738822788987,0.014800645939158363,0.014800692380973675,0.014800738822788987,40,fno
317,0.014800735189579273,0.014800648067282506,0.014800691628430888,0.014800735189579273,40,fno
318,0.014800735663083231,0.014800646285714559,0.014800690974398895,0.014800735663083231,40,fno
319,0.01480072742006506,0.014800654376288854,0.014800690898176958,0.01480072742006506,40,fno
320,0.014800736232070908,0.014800646079182744,0.014800691155626825,0.014800736232070908,40,fno
321,0.014800734687787614,0.014800645879843938,0.014800690283815776,0.014800734687787614,40,fno
322,0.014800730524393818,0.01480065156273595,0.014800691043564884,0.014800730524393818,40,fno
323,0.014800743453583698,0.01480064209517584,0.01480069277437977,0.014800743453583698,40,fno
324,0.014800739970292782,0.014800642966473921,0.01480069146838335,0.014800739970292782,40,fno
325,0.014800738202866662,0.014800641134558373,0.014800689668712518,0.014800738202866662,40,fno
326,0.014800736326112918,0.014800644887156522,0.01480069060663472,0.014800736326112918,40,fno
327,0.014800727890786824,0.014800656874167699,0.014800692382477262,0.014800727890786824,40,fno
328,0.0148007340707645,0.014800650055991932,0.014800692063378217,0.0148007340707645,40,fno
329,0.01480073159238176,0.01480065106249462,0.014800691327438189,0.01480073159238176,40,fno
330,0.014800729733386118,0.0148006502024575,0.01480068996792181,0.014800729733386118,40,fno
331,0.01480074087312376,0.014800639560708682,0.014800690216916221,0.01480074087312376,40,fno
332,0.014800743047439932,0.014800641491905655,0.014800692269672793,0.014800743047439932,40,fno
333,0.014800738688177684,0.014800644545311508,0.014800691616744596,0.014800738688177684,40,fno
334,0.014800735981013701,0.014800644883970922,0.014800690432492311,0.014800735981013701,40,fno
335,0.014800726100472708,0.014800658158975534,0.014800692129724121,0.014800726100472708,40,fno
336,0.014800730997558022,0.014800651214725362,0.014800691106141692,0.014800730997558022,40,fno
337,0.014800734901056866,0.01480064358526474,0.014800689243160803,0.014800734901056866,40,fno
338,0.014800732254687834,0.01480065105676517,0.014800691655726502,0.014800732254687834,40,fno
339,0.014800743450918906,0.014800642581337016,0.01480069301612796,0.014800743450918906,40,fno
340,0.014800738243615155,0.014800641437883373,0.014800689840749264,0.014800738243615155,40,fno
341,0.014800730738587144,0.014800647901758156,0.014800689320172651,0.014800730738587144,40,fno
342,0.014800739079612423,0.014800645150627935,0.014800692115120178,0.014800739079612423,40,fno
343,0.01480073027803396,0.014800652899308656,0.014800691588671307,0.01480073027803396,40,fno
344,0.014800735889579659,0.014800645160915839,0.01480069052524775,0.014800735889579659,40,fno
345,0.014800741453017718,0.01480064139576632,0.01480069142439202,0.014800741453017718,40,fno
346,0.014800733056689174,0.014800649760385205,0.01480069140853719,0.014800733056689174,40,fno
347,0.014800738743113459,0.014800642226057467,0.014800690484585464,0.014800738743113459,40,fno
348,0.014800730917161168,0.01480064978621831,0.014800690351689738,0.014800730917161168,40,fno
349,0.01480072927764439,0.014800652425194622,0.014800690851419506,0.01480072927764439,40,fno
350,0.014800734208101842,0.014800647434107196,0.01480069082110452,0.014800734208101842,40,fno
351,0.01480072988762285,0.014800652737301164,0.014800691312462007,0.01480072988762285,40,fno
352,0.014800745523202484,0.014800639050673652,0.014800692286938068,0.014800745523202484,40,fno
353,0.01480074294332186,0.014800638472401853,0.014800690707861858,0.01480074294332186,40,fno
354,0.014800734365305542,0.014800644352317188,0.014800689358811365,0.014800734365305542,40,fno
355,0.014800743965121902,0.01480063756768684,0.014800690766404372,0.014800743965121902,40,fno
356,0.014800727590238602,0.01480065645045218,0.014800692020345391,0.014800727590238602,40,fno
357,0.01480072357341624,0.01480065886749726,0.01480069122045675,0.01480072357341624,40,fno
358,0.014800729736943486,0.01480065113174262,0.014800690434343053,0.014800729736943486,40,fno
359,0.014800725164626495,0.014800654400416516,0.014800689782521505,0.014800725164626495,40,fno
360,0.014800744884779787,0.01480063658799048,0.014800690736385133,0.014800744884779787,40,fno
361,0.014800748880333933,0.01480063529660797,0.014800692088470952,0.014800748880333933,40,fno
362,0.014800749856972011,0.014800632979205586,0.014800691418088797,0.014800749856972011,40,fno
363,0.014800753632547205,0.014800627073003765,0.014800690352775484,0.014800753632547205,40,fno
364,0.014800726192075082,0.01480065520114916,0.01480069069661212,0.014800726192075082,40,fno
365,0.0148007185610456,0.014800661011728018,0.014800689786386809,0.0148007185610456,40,fno
366,0.014800715730574836,0.014800666259883077,0.014800690995228957,0.014800715730574836,40,fno
367,0.014800707700505697,0.014800676813874616,0.014800692257190155,0.014800707700505697,40,fno
368,0.014800733350396656,0.01480064774312556,0.014800690546761107,0.014800733350396656,40,fno
369,0.014800749206990435,0.014800631886566983,0.01480069054677871,0.014800749206990435,40,fno
370,0.014800770067881533,0.01480061264004167,0.0148006913539616,0.014800770067881533,40,fno
371,0.014800780428781003,0.01480059832801938,0.014800689378400192,0.014800780428781003,40,fno
372,0.01480074335120284,0.014800638612708247,0.014800690981955543,0.01480074335120284,40,fno
373,0.014800720233925207,0.014800664471962082,0.014800692352943644,0.014800720233925207,40,fno
374,0.0148006846100903,0.01480069513650591,0.014800689873298105,0.01480069513650591,40,fno
375,0.014800662474422424,0.014800717179044269,0.014800689826733347,0.014800717179044269,40,fno
376,0.01480070751419271,0.014800675412924439,0.014800691463558575,0.01480070751419271,40,fno
377,0.014800750282796734,0.014800631354488784,0.01480069081864276,0.014800750282796734,40,fno
378,0.014800808634037281,0.014800572472108621,0.01480069055307295,0.014800808634037281,40,fno
379,0.01480084358742266,0.01480053777932542,0.01480069068337404,0.01480084358742266,40,fno
380,0.014800796303958452,0.014800584933371946,0.014800690618665199,0.014800796303958452,40,fno
381,0.014800721465410937,0.01480066074677089,0.014800691106090913,0.014800721465410937,40,fno
382,0.014800626333753819,0.014800755279942103,0.014800690806847962,0.014800755279942103,40,fno
383,0.01480057217821899,0.0148008077432986,0.014800689960758794,0.0148008077432986,40,fno
384,0.01480062193278159,0.014800758868309756,0.014800690400545673,0.014800758868309756,40,fno
385,0.014800744705330599,0.014800636976423295,0.014800690840876946,0.014800744705330599,40,fno
386,0.014800896382554432,0.014800484550019073,0.014800690466286752,0.014800896382554432,40,fno
387,0.014800980368100597,0.014800400485404982,0.01480069042675279,0.014800980368100597,40,fno
388,0.014800932681365819,0.01480044787858324,0.01480069027997453,0.014800932681365819,40,fno
389,0.014800752319070838,0.014800628451877792,0.014800690385474314,0.014800752319070838,40,fno
390,0.014800502107550394,0.014800880734512759,0.014800691421031575,0.014800880734512759,40,fno
391,0.014800333984714715,0.014801045617112872,0.014800689800913792,0.014801045617112872,40,fno
392,0.014800383087093584,0.014800997001873298,0.014800690044483441,0.014800997001873298,40,fno
393,0.01480065624104765,0.014800727485901518,0.014800691863474585,0.014800727485901518,40,fno
394,0.014801058631320998,0.014800321904208963,0.01480069026776498,0.014801058631320998,40,fno
395,0.01480137118523223,0.014800007643894284,0.014800689414563258,0.01480137118523223,40,fno
396,0.01480138393584163,0.014799999869110193,0.014800691902475911,0.01480138393584163,40,fno
397,0.014800998408306757,0.014800382966324436,0.014800690687315597,0.014800998408306757,40,fno
398,0.014800337088066377,0.014801042923839092,0.014800690005952735,0.014801042923839092,40,fno
399,0.014799730513597304,0.014801650349753141,0.014800690431675222,0.014801650349753141,40,fno
400,0.01479956554696228,0.014801813490089041,0.01480068951852566,0.014801813490089041,40,fno
401,0.014800065211586217,0.014801315170026143,0.01480069019080618,0.014801315170026143,40,fno
402,0.01480110970610777,0.014800272512603732,0.014800691109355751,0.01480110970610777,40,fno
403,0.01480222791804071,0.014799153080956412,0.014800690499498562,0.01480222791804071,40,fno
404,0.014802771256101953,0.014798609908092012,0.014800690582096983,0.014802771256101953,40,fno
405,0.0148022504898686,0.014799131765125342,0.01480069112749697,0.0148022504898686,40,fno
406,0.014800678823329824,0.014800701690910646,0.014800690257120235,0.014800701690910646,40,fno
407,0.014798702457935416,0.014802677458248401,0.014800689958091908,0.014802677458248401,40,fno
408,0.014797380208931904,0.014803998702990491,0.014800689455961198,0.014803998702990491,40,fno
409,0.01479767776211586,0.01480370175192468,0.01480068975702027,0.01480370175192468,40,fno
410,0.014799835496706529,0.0148015466878442,0.014800691092275366,0.0148015466878442,40,fno
411,0.01480310527534994,0.014798276503900226,0.014800690889625084,0.01480310527534994,40,fno
412,0.014805867747836722,0.014795510874157826,0.014800689310997274,0.014805867747836722,40,fno
413,0.01480637499723293,0.014795002351803505,0.014800688674518218,0.01480637499723293,40,fno
414,0.014803765112821625,0.014797613122034523,0.014800689117428073,0.014803765112821625,40,fno
415,0.01479872894981496,0.014802652856191733,0.014800690903003347,0.014802652856191733,40,fno
416,0.014793562636768579,0.014807817003445006,0.014800689820106792,0.014807817003445006,40,fno
417,0.014791205894410922,0.014810167949946012,0.014800686922178466,0.014810167949946012,40,fno
418,0.01479369275936398,0.014807685122353084,0.014800688940858533,0.014807685122353084,40,fno
419,0.014800812451917542,0.014800569673487352,0.014800691062702447,0.014800812451917542,40,fno
420,0.014809601550503539,0.014791772283168253,0.014800686916835896,0.014809601550503539,40,fno
421,0.014815472847925785,0.014785891199741767,0.014800682023833776,0.014815472847925785,40,fno
422,0.014814417384912335,0.014786952932154403,0.014800685158533368,0.014814417384912335,40,fno
423,0.014805387294873204,0.014795993630870604,0.014800690462871904,0.014805387294873204,40,fno
424,0.014791667186228914,0.014809706994231285,0.0148006870902301,0.014809706994231285,40,fno
425,0.014779907568686062,0.014821442553464233,0.014800675061075148,0.014821442553464233,40,fno
426,0.014777168245939836,0.014824175766312737,0.014800672006126288,0.014824175766312737,40,fno
427,0.014787031328892886,0.01481433742358379,0.014800684376238337,0.01481433742358379,40,fno
428,0.014806649997057265,0.01479472846009081,0.014800689228574037,0.014806649997057265,40,fno
429,0.01482717566217659,0.014774156614699037,0.014800666138437814,0.01482717566217659,40,fno
430,0.014837366190633996,0.014763923581848989,0.014800644886241492,0.014837366190633996,40,fno
431,0.01482929801108955,0.014772028536494314,0.014800663273791932,0.01482929801108955,40,fno
432,0.014803792377061423,0.014797588541468365,0.014800690459264895,0.014803792377061423,40,fno
433,0.014771339302287648,0.014829982384016444,0.014800660843152045,0.014829982384016444,40,fno
434,0.014748540493058165,0.01485265528246736,0.014800597887762761,0.01485265528246736,40,fno
435,0.014750263116146049,0.01485094643575827,0.014800604775952159,0.01485094643575827,40,fno
436,0.014780005601886687,0.014821346361301025,0.014800675981593856,0.014821346361301025,40,fno
437,0.014826820265042893,0.014774515149793558,0.014800667707418225,0.014826820265042893,40,fno
438,0.014868088856845168,0.014732984203094088,0.014800536529969627,0.014868088856845168,40,fno
439,0.014879655536335187,0.014721298905472044,0.014800477220903614,0.014879655536335187,40,fno
440,0.014850486915721859,0.014750725098659566,0.014800606007190712,0.014850486915721859,40,fno
441,0.014788424509648823,0.0148129495324576,0.014800687021053211,0.0148129495324576,40,fno
442,0.014721625290808437,0.014879334622337597,0.014800479956573017,0.014879334622337597,40,fno
443,0.014687077823667275,0.014913433897376639,0.014800255860521958,0.014913433897376639,40,fno
444,0.014708087602099915,0.014892716573023159,0.014800402087561537,0.014892716573023159,40,fno
445,0.014783956520261808,0.014817405132386966,0.014800680826324387,0.014817405132386966,40,fno
446,0.014881212268551224,0.014719727866283477,0.01480047006741735,0.014881212268551224,40,fno
447,0.014948942823421381,0.014650941592756265,0.014799942208088824,0.014948942823421381,40,fno
448,0.01494872148166868,0.01465116461247312,0.0147999430470709,0.01494872148166868,40,fno
449,0.014866215300300866,0.014734869957624595,0.01480054262896273,0.014866215300300866,40,fno
450,0.014734638563455202,0.014866446230915743,0.014800542397185472,0.014866446230915743,40,fno
451,0.014619331074353958,0.014979854126522254,0.014799592600438106,0.014979854126522254,40,fno
452,0.014581997203355615,0.015016199674596194,0.014799098438975904,0.015016199674596194,40,fno
453,0.014662601168158622,0.014937505268470899,0.01480005321831476,0.014937505268470899,40,fno
454,0.014827654908059536,0.014773675391078274,0.014800665149568905,0.014827654908059536,40,fno
455,0.014998412477761899,0.01460028666412838,0.014799349570945138,0.014998412477761899,40,fno
456,0.015090891321809572,0.014504685033933002,0.014797788177871286,0.015090891321809572,40,fno
457,0.015032512489713545,0.014565181582304385,0.014798847036008965,0.015032512489713545,40,fno
458,0.01484488999800316,0.014756355685185003,0.014800622841594082,0.01484488999800316,40,fno
459,0.014604544604757661,0.014994268365325908,0.014799406485041786,0.014994268365325908,40,fno
460,0.014427535392232467,0.01516466756092918,0.014796101476580822,0.01516466756092918,40,fno
461,0.014444400062094475,0.015148603559663276,0.014796501810878875,0.015148603559663276,40,fno
462,0.01464512736369416,0.014954634221542293,0.014799880792618226,0.014954634221542293,40,fno
463,0.014956416264714348,0.014643308396099897,0.014799862330407122,0.014956416264714348,40,fno
464,0.015226693331533673,0.014362057143869887,0.01479437523770178,0.015226693331533673,40,fno
465,0.015279950064532456,0.01430538289851839,0.014792666481525423,0.015279950064532456,40,fno
466,0.015107819076374436,0.014487050726205911,0.014797434901290173,0.015107819076374436,40,fno
467,0.014728445253762433,0.01487258213590975,0.014800513694836091,0.01487258213590975,40,fno
468,0.014325400203221901,0.015261185305763482,0.014793292754492692,0.015261185305763482,40,fno
469,0.014160508561868354,0.015414309034857177,0.014787408798362767,0.015414309034857177,40,fno
470,0.014279954526835819,0.015303716196340446,0.014791835361588132,0.015303716196340446,40,fno
471,0.014733262597132377,0.014867812771395261,0.014800537684263818,0.014867812771395261,40,fno
472,0.015248897157745215,0.014338480363206651,0.014793688760475933,0.015248897157745215,40,fno
473,0.015533106954135149,0.01403008899918375,0.014781597976659448,0.015533106954135149,40,fno
474,0.01553351289045874,0.014029642895784934,0.014781577893121838,0.01553351289045874,40,fno
475,0.015061214370497842,0.014535496995549037,0.014798355683023439,0.015061214370497842,40,fno
476,0.01442507990232674,0.015167000654393144,0.014796040278359943,0.015167000654393144,40,fno
477,0.013944850484776825,0.015609678547826081,0.014777264516301453,0.015609678547826081,40,fno
478,0.01375859083123172,0.015774093123839827,0.014766341977535773,0.015774093123839827,40,fno
479,0.014292936786995164,0.015291591137018041,0.014792263962006603,0.015291591137018041,40,fno
480,0.014996102636157329,0.014602664867390772,0.01479938375177405,0.014996102636157329,40,fno
481,0.015614978352094293,0.013938915923885173,0.014776947137989733,0.015614978352094293,40,fno
482,0.015986855114438567,0.013510783680042894,0.01474881939724073,0.015986855114438567,40,fno
483,0.015523340910609742,0.014040893422221567,0.014782117166415655,0.015523340910609742,40,fno
484,0.014875432329238353,0.014725569543757854,0.014800500936498102,0.014875432329238353,40,fno
485,0.01403831936792741,0.015525670460127199,0.014781994914027305,0.015525670460127199,40,fno
486,0.013345877677986211,0.01612477669787837,0.01473532718793229,0.01612477669787837,40,fno
487,0.013831583466448222,0.01571012994543201,0.014770856705940116,0.01571012994543201,40,fno
488,0.014359732780966044,0.01522888359785187,0.014794308189408956,0.01522888359785187,40,fno
489,0.015331007006584447,0.014250650649800219,0.014790828828192333,0.015331007006584447,40,fno
490,0.01614775775016477,0.013318062685446268,0.014732910217805519,0.01614775775016477,40,fno
491,0.01582168972256865,0.013703833389326542,0.014762761555947596,0.01582168972256865,40,fno
492,0.01564708404060832,0.013902863996455218,0.01477497401853177,0.01564708404060832,40,fno
493,0.014542913564247282,0.015054051199442373,0.014798482381844828,0.015054051199442373,40,fno
494,0.013426082568667919,0.016058055298888388,0.014742068933778153,0.016058055298888388,40,fno
495,0.013657054979260844,0.015862084229590567,0.014759569604425706,0.015862084229590567,40,fno
496,0.01334225282950559,0.01612777676205357,0.014735014795779579,0.01612777676205357,40,fno
497,0.014730648546687623,0.014870404204809333,0.014800526375748479,0.014870404204809333,40,fno
498,0.01589277560422695,0.013621324946014257,0.014757050275120604,0.01589277560422695,40,fno
499,0.015929504811982298,0.013578353449561072,0.014753929130771684,0.015929504811982298,40,fno
500,0.01674776802855839,0.012555203339672916,0.014651485684115654,0.01674776802855839,40,fno
501,0.015254802931050747,0.014332195962558067,0.014793499446804408,0.015254802931050747,40,fno
502,0.013991597981933536,0.015567789015520948,0.014779693498727242,0.015567789015520948,40,fno
503,0.013541154968336699,0.01596114069810825,0.014751147833222475,0.01596114069810825,40,fno
504,0.011459660137493305,0.017515623302395592,0.014487641719944449,0.017515623302395592,40,fno
505,0.013781132230346393,0.015754404357975326,0.01476776829416086,0.015754404357975326,40,fno
506,0.015080743577620376,0.014515233526711246,0.014797988552165811,0.015080743577620376,40,fno
507,0.01614558457977269,0.013320696425620894,0.014733140502696793,0.01614558457977269,40,fno
508,0.018253319639347614,0.010243885737405301,0.014248602688376457,0.018253319639347614,40,fno
509,0.016108179756842138,0.01336590491937306,0.0147370423381076,0.016108179756842138,40,fno
510,0.014797863123909797,0.014803515954666373,0.014800689539288085,0.014803515954666373,40,fno
511,0.013310156594466006,0.016154274080734308,0.014732215337600156,0.016154274080734308,40,fno
512,0.05296079863346052,0.014800690901833653,0.03388074476764708,0.05296079863346052,40,fno
1,2.883953680986365,2.2463390125530758,2.5651463467697204,2.883953680986365,40,solver
2,2.2617978221946293,1.870148912025399,2.065973367110014,2.2617978221946293,40,solver
3,1.3683549292058108,1.4906949542541528,1.4295249417299818,1.4906949542541528,40,solver
4,1.0274814880144023,0.7241494808463261,0.8758154844303643,1.0274814880144023,40,solver
5,0.6587276094891807,0.5936372231387671,0.626182416313974,0.6587276094891807,40,solver
6,0.47778570507032486,0.6006050776217188,0.5391953913460218,0.6006050776217188,40,solver
7,0.557871127099455,0.29619307940154604,0.4270321032505005,0.557871127099455,40,solver
8,0.3671869006199916,0.3607332032636677,0.3639600519418297,0.3671869006199916,40,solver
9,0.34024841344923257,0.38334037391075176,0.36179439367999217,0.38334037391075176,40,solver
10,0.35502154945162046,0.3769154594361374,0.36596850444387896,0.3769154594361374,40,solver
11,0.24240729990400953,0.3637985221657091,0.3031029110348593,0.3637985221657091,40,solver
12,0.23137820875528253,0.21120577513992317,0.22129199194760285,0.23137820875528253,40,solver
13,0.1784310870905002,0.18571859067628163,0.18207483888339093,0.18571859067628163,40,solver
14,0.1763357153363516,0.20697836300257094,0.19165703916946125,0.20697836300257094,40,solver
15,0.2095054190374618,0.15487325952171757,0.1821893392795897,0.2095054190374618,40,solver
16,0.14447531506620234,0.15488378646041456,0.14967955076330847,0.15488378646041456,40,solver
17,0.11879223734636907,0.12611876944799155,0.12245550339718031,0.12611876944799155,40,solver
18,0.11672470221013806,0.11934398719920127,0.11803434470466967,0.11934398719920127,40,solver
19,0.09938545282175458,0.1243582858721277,0.11187186934694114,0.1243582858721277,40,solver
20,0.10028778908608027,0.08957808181296932,0.0949329354495248,0.10028778908608027,40,solver
21,0.07892343418965991,0.07687004570614832,0.07789673994790411,0.07892343418965991,40,solver
22,0.06855477226942364,0.07436644722005513,0.07146060974473939,0.07436644722005513,40,solver
23,0.07192279829949533,0.0638416048875063,0.06788220159350081,0.07192279829949533,40,solver
24,0.060944727170273126,0.05870876143222503,0.05982674430124908,0.060944727170273126,40,solver
25,0.04955984246361376,0.05128814102954312,0.05042399174657844,0.05128814102954312,40,solver
26,0.0441761319769494,0.04537085298994033,0.044773492483444866,0.04537085298994033,40,solver
27,0.03977852671109675,0.04249266447322656,0.04113559559216166,0.04249266447322656,40,solver
28,0.03539780388630799,0.03707108880519693,0.03623444634575246,0.03707108880519693,40,solver
29,0.03123287719476204,0.030287599109613844,0.03076023815218794,0.03123287719476204,40,solver
30,0.026982229283508963,0.026804642055446366,0.026893435669477665,0.026982229283508963,40,solver
31,0.02478746843374646,0.023968399221876366,0.024377933827811414,0.02478746843374646,40,solver
32,0.022233753409755263,0.021106532418344898,0.021670142914050082,0.022233753409755263,40,solver
33,0.018154647508968627,0.019080571749910652,0.01861760962943964,0.019080571749910652,40,solver
34,0.015817091877665158,0.016258348137602407,0.01603772000763378,0.016258348137602407,40,solver
35,0.014204574163027053,0.01409839478351532,0.014151484473271187,0.014204574163027053,40,solver
36,0.012441766069981014,0.012527900120038972,0.012484833095009994,0.012527900120038972,40,solver
37,0.010865141386357639,0.010754824945872231,0.010809983166114935,0.010865141386357639,40,solver
38,0.009268686273926094,0.009365334145792473,0.009317010209859283,0.009365334145792473,40,solver
39,0.008110880284539414,0.008142782420523235,0.008126831352531325,0.008142782420523235,40,solver
40,0.007180011198316533,0.007045201629146755,0.007112606413731644,0.007180011198316533,40,solver
41,0.006183048269039204,0.006132026540198502,0.006157537404618853,0.006183048269039204,40,solver
42,0.005271475047623143,0.005303765995846269,0.005287620521734706,0.005303765995846269,40,solver
43,0.004542135849370142,0.004568079950539156,0.004555107899954649,0.004568079950539156,40,solver
44,0.003925008704583301,0.003954275778759055,0.003939642241671178,0.003954275778759055,40,solver
45,0.0033816544551416266,0.0034082849927526636,0.003394969723947145,0.0034082849927526636,40,solver
46,0.0029196328001897883,0.0028992834604335215,0.002909458130311655,0.0029196328001897883,40,solver
47,0.0025000359038452407,0.002482289006570672,0.0024911624552079563,0.0025000359038452407,40,solver
48,0.002134217900914515,0.002135369036823721,0.0021347934688691183,0.002135369036823721,40,solver
49,0.001821570192017332,0.0018283067764649432,0.0018249384842411375,0.0018283067764649432,40,solver
50,0.0015502774029543822,0.001557178386578368,0.0015537278947663751,0.001557178386578368,40,solver
51,0.0013225783335922717,0.0013185208569221336,0.0013205495952572028,0.0013225783335922717,40,solver
52,0.0011260506938627472,0.001118685896764944,0.0011223682953138455,0.0011260506938627472,40,solver
53,0.0009528738247947365,0.0009523579271643244,0.0009526158759795304,0.0009528738247947365,40,solver
54,0.0008039389289950031,0.0008084931222643795,0.0008062160256296913,0.0008084931222643795,40,solver
55,0.0006795663680190817,0.0006821454801568317,0.0006808559240879567,0.0006821454801568317,40,solver
56,0.0005745557527848639,0.0005741595230342921,0.000574357637909578,0.0005745557527848639,40,solver
57,0.0004845723270211124,0.0004829195950325917,0.00048374596102685206,0.0004845723270211124,40,solver
58,0.000407077750992625,0.0004057960933561833,0.00040643692217440415,0.000407077750992625,40,solver
59,0.00034060898765829337,0.00034092542580416683,0.0003407672067312301,0.00034092542580416683,40,solver
60,0.00028489071805795234,0.00028578456320641025,0.0002853376406321813,0.00028578456320641025,40,solver
61,0.0002384365195885357,0.00023876612542962145,0.0002386013225090786,0.00023876612542962145,40,solver
62,0.00019935103019524838,0.00019889965487825158,0.00019912534253674997,0.00019935103019524838,40,solver
63,0.00016608975829750385,0.00016556224024527784,0.00016582599927139085,0.00016608975829750385,40,solver
64,0.00013786352075829616,0.0001378349874605614,0.00013784925410942879,0.00013786352075829616,40,solver
65,0.00011425213217946106,0.00011457686695465738,0.00011441449956705922,0.00011457686695465738,40,solver
66,9.468996039388252e-05,9.49314893986926e-05,9.481072489628755e-05,9.49314893986926e-05,40,solver
67,7.844089181227239e-05,7.842193409148447e-05,7.843141295187843e-05,7.844089181227239e-05,40,solver
68,6.485684733354196e-05,6.4687156250927e-05,6.477200179223449e-05,6.485684733354196e-05,40,solver
69,5.346343302707213e-05,5.335316235294334e-05,5.3408297690007737e-05,5.346343302707213e-05,40,solver
70,4.394397540575395e-05,4.400047051865889e-05,4.397222296220642e-05,4.400047051865889e-05,40,solver
71,3.6093823666222685e-05,3.618402747649768e-05,3.613892557136018e-05,3.618402747649768e-05,40,solver
72,2.962333903385396e-05,2.965366906048242e-05,2.963850404716819e-05,2.965366906048242e-05,40,solver
73,2.42860096046099e-05,2.4243553907972327e-05,2.4264781756291114e-05,2.42860096046099e-05,40,solver
74,1.9870531087713196e-05,1.9824698055682358e-05,1.9847614571697777e-05,1.9870531087713196e-05,40,solver
75,1.622139767388656e-05,1.6219145427465506e-05,1.6220271550676033e-05,1.622139767388656e-05,40,solver
76,1.3222033833048754e-05,1.3239909196999402e-05,1.3230971515024079e-05,1.3239909196999402e-05,40,solver
77,1.0754596891703128e-05,1.0786320497692238e-05,1.0770458694697683e-05,1.0786320497692238e-05,40,solver
78,8.751075866476404e-06,8.768624914311782e-06,8.759850390394093e-06,8.768624914311782e-06,40,solver
79,7.127207222890162e-06,7.11003484831993e-06,7.118621035605046e-06,7.127207222890162e-06,40,solver
80,5.787152373255823e-06,5.7515498373930844e-06,5.769351105324454e-06,5.787152373255823e-06,40,solver
81,4.662932600796826e-06,4.6671518225302705e-06,4.665042211663549e-06,4.6671518225302705e-06,40,solver
82,3.7722693037177495e-06,3.786948228319685e-06,3.7796087660187173e-06,3.786948228319685e-06,40,solver
83,3.075658363959109e-06,3.067386067350088e-06,3.0715222156545984e-06,3.075658363959109e-06,40,solver
84,2.482125396566925e-06,2.4916532539903975e-06,2.486889325278661e-06,2.4916532539903975e-06,40,solver
85,2.002247248617722e-06,1.9985852164856078e-06,2.000416232551665e-06,2.002247248617722e-06,40,solver
86,1.6210486534699676e-06,1.612385255643095e-06,1.6167169545565311e-06,1.6210486534699676e-06,40,solver
87,1.3213861141953643e-06,1.3258102312940867e-06,1.3235981727447254e-06,1.3258102312940867e-06,40,solver
88,1.0809130742871216e-06,1.0864956131818778e-06,1.0837043437344996e-06,1.0864956131818778e-06,40,solver
89,8.597926090914231e-07,9.046678316217396e-07,8.822302203565813e-07,9.046678316217396e-07,40,solver
90,7.117638350746204e-07,7.53563634751395e-07,7.326637349130076e-07,7.53563634751395e-07,40,solver
91,6.139830428291135e-07,6.285678832204878e-07,6.212754630248006e-07,6.285678832204878e-07,40,solver
92,5.01725121578447e-07,5.213631518971514e-07,5.115441367377993e-07,5.213631518971514e-07,40,solver
93,4.271829923605808e-07,3.9956220601496736e-07,4.133725991877741e-07,4.271829923605808e-07,40,solver
94,3.4748819485200726e-07,3.9888761484880094e-07,3.731879048504041e-07,3.9888761484880094e-07,40,solver
95,4.0103457054817685e-07,3.4188675403242826e-07,3.7146066229030253e-07,4.0103457054817685e-07,40,solver
96,4.039852958787485e-07,2.733006028260823e-07,3.386429493524154e-07,4.039852958787485e-07,40,solver
97,2.6796807425160053e-07,3.04519615012328e-07,2.8624384463196426e-07,3.04519615012328e-07,40,solver
98,2.0914050729225783e-07,2.849801730077007e-07,2.4706034014997926e-07,2.849801730077007e-07,40,solver
99,2.356697263905929e-07,2.6688635924689957e-07,2.5127804281874623e-07,2.6688635924689957e-07,40,solver
100,2.494800520844948e-07,2.4749288174483903e-07,2.484864669146669e-07,2.494800520844948e-07,40,solver
101,2.33122080435889e-07,2.2380356949371826e-07,2.284628249648036e-07,2.33122080435889e-07,40,solver
102,2.3985197903821246e-07,2.0644304238738232e-07,2.231475107127974e-07,2.3985197903821246e-07,40,solver
103,2.6574623267054696e-07,2.1075781399417742e-07,2.382520233323622e-07,2.6574623267054696e-07,40,solver
104,3.163721006132352e-07,1.3398035854095207e-07,2.2517622957709365e-07,3.163721006132352e-07,40,solver
105,2.533414486506255e-07,1.8484983272339797e-07,2.1909564068701176e-07,2.533414486506255e-07,40,solver
106,2.4741869243449613e-07,1.4263078801065922e-07,1.9502474022257768e-07,2.4741869243449613e-07,40,solver
107,1.7995367545727845e-07,2.2696582354835242e-07,2.0345974950281542e-07,2.2696582354835242e-07,40,solver
108,1.7268353460297305e-07,2.4174069870656665e-07,2.0721211665476985e-07,2.4174069870656665e-07,40,solver
109,1.9277021593221075e-07,2.0101631905521572e-07,1.9689326749371322e-07,2.0101631905521572e-07,40,solver
110,1.2408562316740997e-07,2.165213780798536e-07,1.703035006236318e-07,2.165213780798536e-07,40,solver
111,1.442993574708643e-07,1.9347941104173786e-07,1.6888938425630107e-07,1.9347941104173786e-07,40,solver
112,1.840375548291189e-07,1.597720524958811e-07,1.719048036625e-07,1.840375548291189e-07,40,solver
113,1.4024726832163767e-07,1.7894185087723102e-07,1.5959455959943435e-07,1.7894185087723102e-07,40,solver
114,1.5004020798787591e-07,1.3125639284799858e-07,1.4064830041793723e-07,1.5004020798787591e-07,40,solver
115,1.619257735035365e-07,1.1102363978250819e-07,1.3647470664302234e-07,1.619257735035365e-07,40,solver
116,1.2727546359191334e-07,1.7481250136857319e-07,1.5104398248024328e-07,1.7481250136857319e-07,40,solver
117,1.4486687146228698e-07,1.649963424057893e-07,1.5493160693403813e-07,1.649963424057893e-07,40,solver
118,1.4238683545974495e-07,1.3226895185020973e-07,1.3732789365497734e-07,1.4238683545974495e-07,40,solver
119,1.337535950055852e-07,9.859343225086913e-08,1.1617351362822717e-07,1.337535950055852e-07,40,solver
120,1.3592986880022747e-07,8.971511024348896e-08,1.1282248952185822e-07,1.3592986880022747e-07,40,solver
121,1.0422178934135642e-07,1.3571371839203427e-07,1.1996775386669534e-07,1.3571371839203427e-07,40,solver
122,6.414914875458904e-08,1.6118712051160423e-07,1.1266813463309664e-07,1.6118712051160423e-07,40,solver
123,1.0603557342751562e-07,1.423694670286319e-07,1.2420252022807376e-07,1.423694670286319e-07,40,solver
124,1.6188274016159091e-07,8.985122280055618e-08,1.2586698148107354e-07,1.6188274016159091e-07,40,solver
125,1.6073631232663137e-07,8.085302429543076e-08,1.2079466831103106e-07,1.6073631232663137e-07,40,solver
126,1.1016624439891927e-07,1.127341743057375e-07,1.1145020935232838e-07,1.127341743057375e-07,40,solver
127,9.898764417064918e-08,1.0128242174578894e-07,1.0013503295821906e-07,1.0128242174578894e-07,40,solver
128,1.0415111819547249e-07,1.0364630259130806e-07,1.0389871039339027e-07,1.0415111819547249e-07,40,solver
129,9.015334674716826e-08,1.1944072536523544e-07,1.0479703605620186e-07,1.1944072536523544e-07,40,solver
130,8.687127482234526e-08,1.0718783617888708e-07,9.702955550061617e-08,1.0718783617888708e-07,40,solver
131,7.673887693980343e-08,1.114605027753369e-07,9.409968985757017e-08,1.114605027753369e-07,40,solver
132,8.947922470118304e-08,1.2191785674088262e-07,1.0569854072103282e-07,1.2191785674088262e-07,40,solver
133,1.3068781054897824e-07,8.449563119750731e-08,1.0759172087324277e-07,1.3068781054897824e-07,40,solver
134,1.0397358607638332e-07,8.451220023720497e-08,9.424289315679415e-08,1.0397358607638332e-07,40,solver
135,7.489229643136872e-08,8.328869396062472e-08,7.909049519599672e-08,8.328869396062472e-08,40,solver
136,8.104120634974722e-08,8.967832813250123e-08,8.535976724112423e-08,8.967832813250123e-08,40,solver
137,7.688805506920758e-08,1.0998800003763147e-07,9.343802755341952e-08,1.0998800003763147e-07,40,solver
138,9.570150543388615e-08,8.329202825404179e-08,8.949676684396397e-08,9.570150543388615e-08,40,solver
139,8.502466599644019e-08,7.559308122735133e-08,8.030887361189575e-08,8.502466599644019e-08,40,solver
140,9.750055927215414e-08,6.579957496535768e-08,8.165006711875591e-08,9.750055927215414e-08,40,solver
141,8.091648563532149e-08,9.395165126137318e-08,8.743406844834733e-08,9.395165126137318e-08,40,solver
142,8.190723695474206e-08,8.239398165018621e-08,8.215060930246413e-08,8.239398165018621e-08,40,solver
143,9.325424063295321e-08,5.535834486875639e-08,7.43062927508548e-08,9.325424063295321e-08,40,solver
144,8.79720996689434e-08,7.628922178218677e-08,8.213066072556508e-08,8.79720996689434e-08,40,solver
145,9.129320039688913e-08,7.986993528332045e-08,8.55815678401048e-08,9.129320039688913e-08,40,solver
146,5.7627388920329833e-08,9.044905757653754e-08,7.403822324843368e-08,9.044905757653754e-08,40,solver
147,6.200762525075494e-08,6.66989346880831e-08,6.435327996941902e-08,6.66989346880831e-08,40,solver
148,8.721597001211983e-08,4.574987718854414e-08,6.648292360033198e-08,8.721597001211983e-08,40,solver
149,6.873021476139064e-08,8.576773395271312e-08,7.724897435705188e-08,8.576773395271312e-08,40,solver
150,7.685452550977877e-08,6.644008208484358e-08,7.164730379731118e-08,7.685452550977877e-08,40,solver
151,5.9345199494119224e-08,5.9048846905674274e-08,5.9197023199896746e-08,5.9345199494119224e-08,40,solver
152,5.4592482222448e-08,6.595905017209441e-08,6.027576619727121e-08,6.595905017209441e-08,40,solver
153,7.961499817797272e-08,5.846084693792596e-08,6.903792255794934e-08,7.961499817797272e-08,40,solver
154,6.047104450648407e-08,7.482871606224624e-08,6.764988028436515e-08,7.482871606224624e-08,40,solver
155,4.021991945083069e-08,6.80302610250336e-08,5.412509023793214e-08,6.80302610250336e-08,40,solver
156,5.094427291654906e-08,5.145410337227916e-08,5.119918814441411e-08,5.145410337227916e-08,40,solver
157,5.658527053588466e-08,6.066087977638349e-08,5.8623075156134075e-08,6.066087977638349e-08,40,solver
158,6.560897922386144e-08,5.7655343191209756e-08,6.16321612075356e-08,6.560897922386144e-08,40,solver
159,6.479335612022673e-08,4.578163536747355e-08,5.528749574385014e-08,6.479335612022673e-08,40,solver
160,5.57644764195791e-08,4.7188397308692075e-08,5.1476436864135585e-08,5.57644764195791e-08,40,solver
161,5.55475939117683e-08,5.353469423162166e-08,5.454114407169498e-08,5.55475939117683e-08,40,solver
162,5.9184336114152205e-08,5.3723079645985415e-08,5.6453707880068813e-08,5.9184336114152205e-08,40,solver
163,4.085907099749338e-08,6.246646556484566e-08,5.166276828116952e-08,6.246646556484566e-08,40,solver
164,4.2185189949936036e-08,5.556631919565691e-08,4.8875754572796476e-08,5.556631919565691e-08,40,solver
165,4.397557243773178e-08,5.860465530608537e-08,5.1290113871908575e-08,5.860465530608537e-08,40,solver
166,4.652005662244926e-08,6.163692686974935e-08,5.407849174609931e-08,6.163692686974935e-08,40,solver
167,5.648065693157855e-08,4.618221361771388e-08,5.133143527464621e-08,5.648065693157855e-08,40,solver
168,5.349985637406477e-08,3.5978313169116325e-08,4.473908477159054e-08,5.349985637406477e-08,40,solver
169,5.115657285636563e-08,3.8173002975355654e-08,4.466478791586064e-08,5.115657285636563e-08,40,solver
170,6.35206757674427e-08,3.1063509923419376e-08,4.7292092845431036e-08,6.35206757674427e-08,40,solver
171,5.058452561832346e-08,5.199676199649042e-08,5.129064380740694e-08,5.199676199649042e-08,40,solver
172,5.008174690250217e-08,4.193162468200788e-08,4.600668579225503e-08,5.008174690250217e-08,40,solver
173,3.8216530027344394e-08,4.4853219261384195e-08,4.1534874644364294e-08,4.4853219261384195e-08,40,solver
174,4.338667011775208e-08,4.5329259940788895e-08,4.435796502927049e-08,4.5329259940788895e-08,40,solver
175,4.759715952471607e-08,4.69872456068656e-08,4.729220256579084e-08,4.759715952471607e-08,40,solver
176,4.850255116739286e-08,3.7691073406530336e-08,4.30968122869616e-08,4.850255116739286e-08,40,solver
177,3.179910061195448e-08,4.295541136211034e-08,3.737725598703241e-08,4.295541136211034e-08,40,solver
178,3.9952189543084005e-08,4.034198086552506e-08,4.014708520430453e-08,4.034198086552506e-08,40,solver
179,4.169388502603902e-08,4.695712728657999e-08,4.4325506156309505e-08,4.695712728657999e-08,40,solver
180,2.7605126473900533e-08,5.0504251633436686e-08,3.905468905366861e-08,5.0504251633436686e-08,40,solver
181,3.1121181790094664e-08,3.523150149208808e-08,3.3176341641091377e-08,3.523150149208808e-08,40,solver
182,2.8329020021666522e-08,4.2363827629681e-08,3.534642382567376e-08,4.2363827629681e-08,40,solver
183,3.8845624751368935e-08,4.707645822465892e-08,4.296104148801393e-08,4.707645822465892e-08,40,solver
184,4.94050642264192e-08,3.0376054572685544e-08,3.9890559399552374e-08,4.94050642264192e-08,40,solver
185,3.5434414428389505e-08,2.657193070514162e-08,3.1003172566765566e-08,3.5434414428389505e-08,40,solver
186,3.0821210970423435e-08,2.9563510797127244e-08,3.0192360883775336e-08,3.0821210970423435e-08,40,solver
187,4.867458397895472e-08,2.1537785568545427e-08,3.5106184773750075e-08,4.867458397895472e-08,40,solver
188,2.993393738309791e-08,4.43334299248559e-08,3.71336836539769e-08,4.43334299248559e-08,40,solver
189,3.598700699188926e-08,2.489317280721079e-08,3.044008989955003e-08,3.598700699188926e-08,40,solver
190,3.2667617156523945e-08,3.0165035723651415e-08,3.141632644008768e-08,3.2667617156523945e-08,40,solver
191,2.2778377867422958e-08,5.034037714183984e-08,3.65593775046314e-08,5.034037714183984e-08,40,solver
192,4.676129634639273e-08,3.068784012324932e-08,3.8724568234821024e-08,4.676129634639273e-08,40,solver
193,2.1912768712356285e-08,3.8645415265628437e-08,3.027909198899236e-08,3.8645415265628437e-08,40,solver
194,2.6960345090014302e-08,2.793998435231379e-08,2.7450164721164047e-08,2.793998435231379e-08,40,solver
195,3.670549743632883e-08,3.1092598759029e-08,3.389904809767892e-08,3.670549743632883e-08,40,solver
196,3.277564215624658e-08,4.2635943606885935e-08,3.770579288156626e-08,4.2635943606885935e-08,40,solver
197,3.9780454366400925e-08,3.0508444868738524e-08,3.5144449617569724e-08,3.9780454366400925e-08,40,solver
198,3.1872367003024805e-08,3.3381175488142857e-08,3.262677124558383e-08,3.3381175488142857e-08,40,solver
199,4.177143811781531e-08,2.2358202685814138e-08,3.206482040181473e-08,4.177143811781531e-08,40,solver
200,3.1832995499367546e-08,3.415520204066226e-08,3.2994098770014904e-08,3.415520204066226e-08,40,solver
201,3.3174701741867174e-08,2.505841228806572e-08,2.9116557014966446e-08,3.3174701741867174e-08,40,solver
202,3.252120901856161e-08,2.3980450611114725e-08,2.8250829814838166e-08,3.252120901856161e-08,40,solver
203,2.825271460866996e-08,3.6397682567039745e-08,3.232519858785485e-08,3.6397682567039745e-08,40,solver
204,3.757382308477025e-08,3.2187554682880556e-08,3.4880688883825404e-08,3.757382308477025e-08,40,solver
205,2.2227278434185287e-08,4.056444825775018e-08,3.1395863345967733e-08,4.056444825775018e-08,40,solver
206,2.758162260047493e-08,2.987055604265715e-08,2.872608932156604e-08,2.987055604265715e-08,40,solver
207,2.6926616693507286e-08,2.805907657481934e-08,2.7492846634163315e-08,2.805907657481934e-08,40,solver
208,2.5219706682928763e-08,3.1585022348937276e-08,2.8402364515933018e-08,3.1585022348937276e-08,40,solver
209,3.1530527972438046e-08,2.6722319182289082e-08,2.9126423577363562e-08,3.1530527972438046e-08,40,solver
210,3.186076437962744e-08,2.5931919651127403e-08,2.8896342015377423e-08,3.186076437962744e-08,40,solver
211,3.265743578566369e-08,2.452894371521516e-08,2.8593189750439428e-08,3.265743578566369e-08,40,solver
212,3.046009240364025e-08,2.6627186967784122e-08,2.8543639685712185e-08,3.046009240364025e-08,40,solver
213,2.8047132092489928e-08,2.7178071205043585e-08,2.7612601648766756e-08,2.8047132092489928e-08,40,solver
214,2.4368458912240866e-08,2.776010024046255e-08,2.6064279576351708e-08,2.776010024046255e-08,40,solver
215,2.7618762839909705e-08,2.2188949110491925e-08,2.4903855975200817e-08,2.7618762839909705e-08,40,solver
216,2.4767472844781925e-08,2.520677366313797e-08,2.4987123253959946e-08,2.520677366313797e-08,40,solver
217,2.2731172745683336e-08,2.8333045604339443e-08,2.553210917501139e-08,2.8333045604339443e-08,40,solver
218,2.5784571819183905e-08,2.6936764936557417e-08,2.6360668377870663e-08,2.6936764936557417e-08,40,solver
219,2.5707790678579876e-08,2.6299411937353733e-08,2.6003601307966804e-08,2.6299411937353733e-08,40,solver
220,2.5920829525743427e-08,2.225179622719331e-08,2.408631287646837e-08,2.5920829525743427e-08,40,solver
221,2.300905963673408e-08,2.1428044154447838e-08,2.2218551895590958e-08,2.300905963673408e-08,40,solver
222,1.8518507061524708e-08,2.58308808691873e-08,2.2174693965356002e-08,2.58308808691873e-08,40,solver
223,1.9117566569503264e-08,2.787228425839764e-08,2.3494925413950453e-08,2.787228425839764e-08,40,solver
224,2.3909078737598277e-08,2.318412318079112e-08,2.3546600959194698e-08,2.3909078737598277e-08,40,solver
225,1.7677673139922467e-08,2.459198002672452e-08,2.1134826583323494e-08,2.459198002672452e-08,40,solver
226,1.689422599975615e-08,2.4170726749461462e-08,2.0532476374608805e-08,2.4170726749461462e-08,40,solver
227,2.3764137350499985e-08,2.150446010267703e-08,2.2634298726588507e-08,2.3764137350499985e-08,40,solver
228,2.1925650898105088e-08,2.4732348534897357e-08,2.3328999716501222e-08,2.4732348534897357e-08,40,solver
229,2.1094862420313657e-08,2.2530573122417643e-08,2.1812717771365652e-08,2.2530573122417643e-08,40,solver
230,2.3023249066821788e-08,1.8413016500509912e-08,2.071813278366585e-08,2.3023249066821788e-08,40,solver
231,2.509119997476193e-08,1.855037321876707e-08,2.1820786596764502e-08,2.509119997476193e-08,40,solver
232,2.751004303089319e-08,1.6762866161632163e-08,2.2136454596262675e-08,2.751004303089319e-08,40,solver
233,2.1017520721452583e-08,2.1602505282456655e-08,2.131001300195462e-08,2.1602505282456655e-08,40,solver
234,1.974987928400747e-08,1.9284938865229608e-08,1.9517409074618537e-08,1.974987928400747e-08,40,solver
235,2.0520725789000183e-08,1.880048049058189e-08,1.9660603139791038e-08,2.0520725789000183e-08,40,solver
236,2.3514804732333443e-08,1.801605936833096e-08,2.07654320503322e-08,2.3514804732333443e-08,40,solver
237,2.170399228794143e-08,2.180043337999469e-08,2.175221283396806e-08,2.180043337999469e-08,40,solver
238,1.4058925798491945e-08,2.7558193006591266e-08,2.0808559402541605e-08,2.7558193006591266e-08,40,solver
239,1.9622915957410352e-08,2.2577455674298137e-08,2.1100185815854247e-08,2.2577455674298137e-08,40,solver
240,1.8528577191323022e-08,1.9856854094085925e-08,1.9192715642704474e-08,1.9856854094085925e-08,40,solver
241,2.201386575536785e-08,1.008797003186991e-08,1.605091789361888e-08,2.201386575536785e-08,40,solver
242,1.859984615791475e-08,1.6737236907004255e-08,1.7668541532459502e-08,1.859984615791475e-08,40,solver
243,1.9812881011443582e-08,2.1973798166960905e-08,2.0893339589202245e-08,2.1973798166960905e-08,40,solver
244,2.5816769526139182e-08,2.042213328939959e-08,2.3119451407769388e-08,2.5816769526139182e-08,40,solver
245,2.7177830996071953e-08,1.6088553968098694e-08,2.1633192482085322e-08,2.7177830996071953e-08,40,solver
246,1.6921340045948615e-08,2.038765691945667e-08,1.8654498482702642e-08,2.038765691945667e-08,40,solver
247,1.509727631737273e-08,1.7412355092738846e-08,1.625481570505579e-08,1.7412355092738846e-08,40,solver
248,1.7334846850135695e-08,1.7507022948565754e-08,1.7420934899350724e-08,1.7507022948565754e-08,40,solver
249,1.287083058972081e-08,2.326755645238455e-08,1.806919352105268e-08,2.326755645238455e-08,40,solver
250,1.738471246378084e-08,1.980450996823458e-08,1.859461121600771e-08,1.980450996823458e-08,40,solver
251,2.1546994085166925e-08,1.649444973315337e-08,1.902072190916015e-08,2.1546994085166925e-08,40,solver
252,2.1430855813231524e-08,2.0467805292384973e-08,2.0949330552808248e-08,2.1430855813231524e-08,40,solver
253,2.4545146660412328e-08,1.500925500437872e-08,1.9777200832395526e-08,2.4545146660412328e-08,40,solver
254,1.589802447158404e-08,1.5799287947748758e-08,1.5848656209666398e-08,1.589802447158404e-08,40,solver
255,1.2977616428132633e-08,1.266661989755372e-08,1.2822118162843178e-08,1.2977616428132633e-08,40,solver
256,1.908887732895631e-08,1.4114473271143298e-08,1.6601675300049806e-08,1.908887732895631e-08,40,solver
257,1.4254490192653216e-08,2.4412130874354447e-08,1.9333310533503832e-08,2.4412130874354447e-08,40,solver
258,1.8131592936218772e-08,1.7825422748556293e-08,1.797850784238753e-08,1.8131592936218772e-08,40,solver
259,1.594370922626515e-08,1.2065192337618819e-08,1.4004450781941984e-08,1.594370922626515e-08,40,solver
260,1.3035329980916194e-08,1.707976382328013e-08,1.505754690209816e-08,1.707976382328013e-08,40,solver
261,2.173335511449931e-08,1.229384509688267e-08,1.7013600105690992e-08,2.173335511449931e-08,40,solver
262,1.7684690072362233e-08,1.4758047614775736e-08,1.6221368843568984e-08,1.7684690072362233e-08,40,solver
263,1.3232887295742052e-08,1.401419749471592e-08,1.3623542395228986e-08,1.401419749471592e-08,40,solver
264,1.4220032512897454e-08,1.6281302179050614e-08,1.5250667345974034e-08,1.6281302179050614e-08,40,solver
265,1.3428734720111704e-08,2.1044439849161277e-08,1.723658728463649e-08,2.1044439849161277e-08,40,solver
266,1.5570705506225925e-08,1.6565095613160557e-08,1.6067900559693242e-08,1.6565095613160557e-08,40,solver
267,1.1543255246129366e-08,1.3889541754965705e-08,1.2716398500547536e-08,1.3889541754965705e-08,40,solver
268,1.2982789521269158e-08,1.4612134726098042e-08,1.37974621236836e-08,1.4612134726098042e-08,40,solver
269,1.778435060194947e-08,1.5644859686001287e-08,1.671460514397538e-08,1.778435060194947e-08,40,solver
270,1.6585086661161454e-08,1.6821986395107153e-08,1.6703536528134303e-08,1.6821986395107153e-08,40,solver
271,1.3497348326843015e-08,1.581475918458341e-08,1.4656053755713213e-08,1.581475918458341e-08,40,solver
272,1.1974560885560468e-08,1.6351761033736703e-08,1.4163160959648585e-08,1.6351761033736703e-08,40,solver
273,1.3962928885249712e-08,1.6027592300483593e-08,1.4995260592866652e-08,1.6027592300483593e-08,40,solver
274,1.2562085586476129e-08,1.581308802229142e-08,1.4187586804383774e-08,1.581308802229142e-08,40,solver
275,1.3710202377521471e-08,1.2642552455469895e-08,1.3176377416495683e-08,1.3710202377521471e-08,40,solver
276,1.6048553009721354e-08,1.140781683678467e-08,1.3728184923253013e-08,1.6048553009721354e-08,40,solver
277,1.7509488660004765e-08,1.180448626918396e-08,1.4656987464594361e-08,1.7509488660004765e-08,40,solver
278,1.4986585841181866e-08,1.3828195568560287e-08,1.4407390704871076e-08,1.4986585841181866e-08,40,solver
279,1.3672050161131952e-08,1.2885434719617366e-08,1.3278742440374659e-08,1.3672050161131952e-08,40,solver
280,1.3967654629974164e-08,1.1364892985865573e-08,1.2666273807919868e-08,1.3967654629974164e-08,40,solver
281,9.96514249995491e-09,1.3992957824236584e-08,1.1979050162095746e-08,1.3992957824236584e-08,40,solver
282,1.2043039575329125e-08,1.098212833937853e-08,1.1512583957353828e-08,1.2043039575329125e-08,40,solver
283,1.0114525689344282e-08,1.389287580647155e-08,1.2003700747907916e-08,1.389287580647155e-08,40,solver
284,1.0414116905275636e-08,1.5414746927078915e-08,1.2914431916177277e-08,1.5414746927078915e-08,40,solver
285,1.498266484645307e-08,9.725529772411589e-09,1.235409730943233e-08,1.498266484645307e-08,40,solver
286,1.0302225444620979e-08,1.1904290582965827e-08,1.1103258013793402e-08,1.1904290582965827e-08,40,solver
287,1.0479029956564416e-08,1.1557650357480348e-08,1.1018340157022381e-08,1.1557650357480348e-08,40,solver
288,1.3367020886511113e-08,1.0239002828107088e-08,1.1803011857309101e-08,1.3367020886511113e-08,40,solver
289,1.1863660272453991e-08,1.112748099565144e-08,1.1495570634052716e-08,1.1863660272453991e-08,40,solver
290,1.2426358749318277e-08,7.22152117759211e-09,9.823939963455194e-09,1.2426358749318277e-08,40,solver
291,1.0223223416485116e-08,1.026859156588743e-08,1.0245907491186273e-08,1.026859156588743e-08,40,solver
292,1.0733824857159265e-08,1.2342504307799634e-08,1.153816458247945e-08,1.2342504307799634e-08,40,solver
293,1.1277897088994377e-08,1.2699752830917032e-08,1.1988824959955705e-08,1.2699752830917032e-08,40,solver
294,9.25568917937676e-09,1.2829875045208135e-08,1.1042782112292447e-08,1.2829875045208135e-08,40,solver
295,8.53318193563258e-09,1.1348529805818594e-08,9.940855870725587e-09,1.1348529805818594e-08,40,solver
296,1.0390092610084254e-08,8.453960481823189e-09,9.422026545953721e-09,1.0390092610084254e-08,40,solver
297,9.42823166542397e-09,1.0556682510566813e-08,9.992457087995392e-09,1.0556682510566813e-08,40,solver
298,1.0111136308635622e-08,1.2343697243033885e-08,1.1227416775834755e-08,1.2343697243033885e-08,40,solver
299,1.1587957377811675e-08,1.202938492539761e-08,1.1808671151604641e-08,1.202938492539761e-08,40,solver
300,9.860070402894123e-09,1.1588183875623477e-08,1.0724127139258799e-08,1.1588183875623477e-08,40,solver
301,1.0810962165206315e-08,7.824234739053453e-09,9.317598452129884e-09,1.0810962165206315e-08,40,solver
302,9.860019272587254e-09,9.753052046059592e-09,9.806535659323422e-09,9.860019272587254e-09,40,solver
303,8.625428526954599e-09,1.2369330544112497e-08,1.0497379535533548e-08,1.2369330544112497e-08,40,solver
304,1.1085263663995744e-08,9.717107015513383e-09,1.0401185339754564e-08,1.1085263663995744e-08,40,solver
305,1.0143865819679186e-08,1.0214236274047897e-08,1.0179051046863541e-08,1.0214236274047897e-08,40,solver
306,1.1226953469042193e-08,1.0558418892057791e-08,1.0892686180549992e-08,1.1226953469042193e-08,40,solver
307,1.1274668735777565e-08,1.0338607275190487e-08,1.0806638005484026e-08,1.1274668735777565e-08,40,solver
308,9.000960884080183e-09,9.504126641684127e-09,9.252543762882155e-09,9.504126641684127e-09,40,solver
309,1.0142070222617762e-08,8.35065328587315e-09,9.246361754245456e-09,1.0142070222617762e-08,40,solver
310,1.1410259681628204e-08,1.2095277095583667e-08,1.1752768388605936e-08,1.2095277095583667e-08,40,solver
311,1.3230937016299257e-08,1.1870599012390324e-08,1.255076801434479e-08,1.3230937016299257e-08,40,solver
312,9.65183863476029e-09,1.0934705296612315e-08,1.0293271965686304e-08,1.0934705296612315e-08,40,solver
313,7.91978721181016e-09,9.321054598835686e-09,8.620420905322923e-09,9.321054598835686e-09,40,solver
314,1.1053500601658824e-08,1.113675374813375e-08,1.1095127174896288e-08,1.113675374813375e-08,40,solver
315,1.0655274425970227e-08,1.4681792456650593e-08,1.266853344131041e-08,1.4681792456650593e-08,40,solver
316,1.377389389324437e-08,7.781000793636075e-09,1.0777447343440223e-08,1.377389389324437e-08,40,solver
317,1.0026171204020634e-08,7.697705822658124e-09,8.861938513339378e-09,1.0026171204020634e-08,40,solver
318,1.0530258121276601e-08,1.027633349307441e-08,1.0403295807175506e-08,1.0530258121276601e-08,40,solver
319,1.478342331598336e-08,8.711480812828326e-09,1.1747452064405842e-08,1.478342331598336e-08,40,solver
320,7.745313903333179e-09,1.3193430561258588e-08,1.0469372232295883e-08,1.3193430561258588e-08,40,solver
321,7.999263651288059e-09,8.73777008972662e-09,8.368516870507339e-09,8.73777008972662e-09,40,solver
322,9.46299106952765e-09,9.095599437721845e-09,9.279295253624747e-09,9.46299106952765e-09,40,solver
323,1.0194715328779552e-08,1.205254822111945e-08,1.1123631774949501e-08,1.205254822111945e-08,40,solver
324,1.3004307548764276e-08,6.832911929411691e-09,9.918609739087984e-09,1.3004307548764276e-08,40,solver
325,7.2166893104895315e-09,8.439894804817516e-09,7.828292057653524e-09,8.439894804817516e-09,40,solver
326,8.509152708591251e-09,6.716303282790541e-09,7.612727995690896e-09,8.509152708591251e-09,40,solver
327,1.149259413073231e-08,7.076634032703309e-09,9.284614081717809e-09,1.149259413073231e-08,40,solver
328,7.985267447979663e-09,1.1516044734051838e-08,9.75065609101575e-09,1.1516044734051838e-08,40,solver
329,8.46406665597561e-09,8.853522579082741e-09,8.658794617529175e-09,8.853522579082741e-09,40,solver
330,6.89316549372694e-09,8.898162638451994e-09,7.895664066089467e-09,8.898162638451994e-09,40,solver
331,7.893218017992656e-09,9.10190289822216e-09,8.497560458107408e-09,9.10190289822216e-09,40,solver
332,9.278570288536857e-09,7.95155789290515e-09,8.615064090721003e-09,9.278570288536857e-09,40,solver
333,8.05103237619252e-09,7.526624250472526e-09,7.788828313332523e-09,8.05103237619252e-09,40,solver
334,8.727789323166066e-09,5.579597881209125e-09,7.153693602187596e-09,8.727789323166066e-09,40,solver
335,8.34735244096837e-09,7.356430351234983e-09,7.851891396101676e-09,8.34735244096837e-09,40,solver
336,6.703869953196755e-09,9.426509315999072e-09,8.065189634597913e-09,9.426509315999072e-09,40,solver
337,6.175654877247378e-09,8.843729768940355e-09,7.509692323093867e-09,8.843729768940355e-09,40,solver
338,6.26444510449324e-09,6.595027320644279e-09,6.429736212568759e-09,6.595027320644279e-09,40,solver
339,6.4937869760452656e-09,5.5501745672636865e-09,6.021980771654476e-09,6.4937869760452656e-09,40,solver
340,6.650047532877089e-09,7.1259038832390175e-09,6.8879757080580535e-09,7.1259038832390175e-09,40,solver
341,4.520396347123839e-09,4.67925927890456e-09,4.599827813014199e-09,4.67925927890456e-09,40,solver
342,4.108746939122201e-09,4.777946291552387e-09,4.4433466153372935e-09,4.777946291552387e-09,40,solver
343,3.910597604327493e-09,4.065718023376313e-09,3.988157813851903e-09,4.065718023376313e-09,40,solver
344,3.3653439847032743e-09,4.000378138446038e-09,3.682861061574656e-09,4.000378138446038e-09,40,solver
345,3.6136039461321453e-09,4.25074884228026e-09,3.932176394206202e-09,4.25074884228026e-09,40,solver
346,4.734189487551103e-09,4.016639806855792e-09,4.375414647203447e-09,4.734189487551103e-09,40,solver
347,4.0613548049330576e-09,5.038561626714617e-09,4.549958215823837e-09,5.038561626714617e-09,40,solver
348,4.090862514486773e-09,4.835883734694124e-09,4.463373124590448e-09,4.835883734694124e-09,40,solver
349,3.792911633829929e-09,4.9214762563326246e-09,4.357193945081277e-09,4.9214762563326246e-09,40,solver
350,4.06200828972178e-09,4.896185568435132e-09,4.479096929078456e-09,4.896185568435132e-09,40,solver
351,5.051194981746453e-09,4.1823365600187425e-09,4.616765770882598e-09,5.051194981746453e-09,40,solver
352,4.931148068545376e-09,4.328728319117731e-09,4.629938193831553e-09,4.931148068545376e-09,40,solver
353,4.8885987222505e-09,4.198983253837174e-09,4.5437909880438375e-09,4.8885987222505e-09,40,solver
354,4.638571533494483e-09,4.350110207741058e-09,4.49434087061777e-09,4.638571533494483e-09,40,solver
355,4.5626387717636686e-09,4.299425600538687e-09,4.431032186151177e-09,4.5626387717636686e-09,40,solver
356,3.6107389824215943e-09,4.99070181427271e-09,4.300720398347153e-09,4.99070181427271e-09,40,solver
357,4.121439721484083e-09,4.7687720980114956e-09,4.445105909747789e-09,4.7687720980114956e-09,40,solver
358,4.902430958025561e-09,4.803173198999219e-09,4.85280207851239e-09,4.902430958025561e-09,40,solver
359,5.591181906438287e-09,4.90804654520519e-09,5.249614225821738e-09,5.591181906438287e-09,40,solver
360,5.392609207834667e-09,5.219427530080315e-09,5.3060183689574904e-09,5.392609207834667e-09,40,solver
361,4.759379101061219e-09,5.160345107769009e-09,4.959862104415114e-09,5.160345107769009e-09,40,solver
362,4.335450929876648e-09,4.905855820442177e-09,4.620653375159413e-09,4.905855820442177e-09,40,solver
363,4.576598451512828e-09,4.7851252151384745e-09,4.680861833325651e-09,4.7851252151384745e-09,40,solver
364,5.062146296982182e-09,4.748752956605438e-09,4.90544962679381e-09,5.062146296982182e-09,40,solver
365,5.3547951141598786e-09,4.3036981423616965e-09,4.8292466282607875e-09,5.3547951141598786e-09,40,solver
366,4.672869189773621e-09,4.242730550792498e-09,4.45779987028306e-09,4.672869189773621e-09,40,solver
367,3.960990195698967e-09,4.231473781735552e-09,4.09623198871726e-09,4.231473781735552e-09,40,solver
368,4.39012430715769e-09,3.8299115327025526e-09,4.110017919930121e-09,4.39012430715769e-09,40,solver
369,4.372579768034152e-09,4.326371436470693e-09,4.349475602252422e-09,4.372579768034152e-09,40,solver
370,4.4625833688953136e-09,4.405112380503561e-09,4.433847874699437e-09,4.4625833688953136e-09,40,solver
371,4.07750778675257e-09,4.58072823208255e-09,4.32911800941756e-09,4.58072823208255e-09,40,solver
372,4.078140270030759e-09,4.463942326786452e-09,4.271041298408605e-09,4.463942326786452e-09,40,solver
373,4.565386999111105e-09,4.153590838506023e-09,4.359488918808564e-09,4.565386999111105e-09,40,solver
374,4.71288760365756e-09,4.1988049228618344e-09,4.455846263259697e-09,4.71288760365756e-09,40,solver
375,4.343554778233737e-09,4.522591320630724e-09,4.43307304943223e-09,4.522591320630724e-09,40,solver
376,4.629476824393276e-09,4.024469126292148e-09,4.326972975342712e-09,4.629476824393276e-09,40,solver
377,4.404095787061845e-09,4.2386862216492415e-09,4.321391004355543e-09,4.404095787061845e-09,40,solver
378,4.5927748237614335e-09,4.166245438289771e-09,4.379510131025602e-09,4.5927748237614335e-09,40,solver
379,3.808392717948527e-09,4.871269221565938e-09,4.339830969757232e-09,4.871269221565938e-09,40,solver
380,3.792939530884165e-09,4.610151544984124e-09,4.201545537934145e-09,4.610151544984124e-09,40,solver
381,4.02530732126096e-09,4.137835842730105e-09,4.081571581995533e-09,4.137835842730105e-09,40,solver
382,4.431042433477122e-09,3.851712627285107e-09,4.141377530381115e-09,4.431042433477122e-09,40,solver
383,4.417160423984716e-09,4.3683515250604725e-09,4.392755974522594e-09,4.417160423984716e-09,40,solver
384,4.551507264366308e-09,4.625735733538283e-09,4.588621498952295e-09,4.625735733538283e-09,40,solver
385,4.060728449569228e-09,5.1207580762093656e-09,4.590743262889297e-09,5.1207580762093656e-09,40,solver
386,4.681216077928484e-09,4.4313453198555145e-09,4.5562806988919996e-09,4.681216077928484e-09,40,solver
387,4.635760493203506e-09,4.414313489770189e-09,4.525036991486848e-09,4.635760493203506e-09,40,solver
388,4.636438774434549e-09,4.475896819296117e-09,4.556167796865333e-09,4.636438774434549e-09,40,solver
389,4.862928840783946e-09,4.2837870284491505e-09,4.573357934616548e-09,4.862928840783946e-09,40,solver
390,4.862946820010933e-09,4.22228029614582e-09,4.542613558078376e-09,4.862946820010933e-09,40,solver
391,3.90857670721752e-09,5.021685972227492e-09,4.465131339722506e-09,5.021685972227492e-09,40,solver
392,4.224603925612276e-09,4.752792855298837e-09,4.488698390455556e-09,4.752792855298837e-09,40,solver
393,4.327820709055046e-09,4.842057615116355e-09,4.5849391620857e-09,4.842057615116355e-09,40,solver
394,5.0877401471805215e-09,4.367294709404431e-09,4.7275174282924765e-09,5.0877401471805215e-09,40,solver
395,4.607203347854217e-09,5.0367723903644e-09,4.8219878691093085e-09,5.0367723903644e-09,40,solver
396,5.008218334074352e-09,4.511489241828893e-09,4.759853787951622e-09,5.008218334074352e-09,40,solver
397,4.781245608046277e-09,4.416404615145133e-09,4.598825111595705e-09,4.781245608046277e-09,40,solver
398,4.848386294595845e-09,4.084097321321422e-09,4.466241807958633e-09,4.848386294595845e-09,40,solver
399,4.4837553221309505e-09,4.539245264311424e-09,4.5115002932211875e-09,4.539245264311424e-09,40,solver
400,5.074357679797885e-09,4.155000640488126e-09,4.614679160143006e-09,5.074357679797885e-09,40,solver
401,5.00315724269683e-09,4.466306804417838e-09,4.734732023557334e-09,5.00315724269683e-09,40,solver
402,5.261061155952255e-09,4.2727475230442685e-09,4.766904339498261e-09,5.261061155952255e-09,40,solver
403,4.652179884894061e-09,5.037331659184347e-09,4.844755772039204e-09,5.037331659184347e-09,40,solver
404,4.825864715168543e-09,5.062622785582762e-09,4.944243750375653e-09,5.062622785582762e-09,40,solver
405,4.84437701289689e-09,5.162187079037647e-09,5.003282045967269e-09,5.162187079037647e-09,40,solver
406,5.353906466740424e-09,4.428788907593776e-09,4.8913476871671e-09,5.353906466740424e-09,40,solver
407,4.91798513122366e-09,4.393460377592756e-09,4.655722754408208e-09,4.91798513122366e-09,40,solver
408,4.281091638248314e-09,4.53681367809965e-09,4.408952658173983e-09,4.53681367809965e-09,40,solver
409,3.976422931409304e-09,4.630703534033008e-09,4.3035632327211555e-09,4.630703534033008e-09,40,solver
410,3.849762498119772e-09,4.74584089648358e-09,4.297801697301676e-09,4.74584089648358e-09,40,solver
411,4.427170481338132e-09,4.012403984101248e-09,4.219787232719691e-09,4.427170481338132e-09,40,solver
412,3.918559882539975e-09,3.996601877512394e-09,3.957580880026184e-09,3.996601877512394e-09,40,solver
413,4.0368699220210806e-09,3.2776067567956994e-09,3.65723833940839e-09,4.0368699220210806e-09,40,solver
414,3.7167653125230963e-09,3.4326374556777196e-09,3.574701384100408e-09,3.7167653125230963e-09,40,solver
415,3.19649400235558e-09,4.029756581365091e-09,3.6131252918603356e-09,4.029756581365091e-09,40,solver
416,3.687927166253831e-09,3.7172345879194203e-09,3.7025808770866257e-09,3.7172345879194203e-09,40,solver
417,3.6884464150150467e-09,3.789729410663628e-09,3.739087912839337e-09,3.789729410663628e-09,40,solver
418,3.867041590641542e-09,3.780241396376057e-09,3.823641493508799e-09,3.867041590641542e-09,40,solver
419,4.3859039928405115e-09,3.497639429018118e-09,3.941771710929315e-09,4.3859039928405115e-09,40,solver
420,4.604397915827331e-09,3.4460796327874282e-09,4.025238774307379e-09,4.604397915827331e-09,40,solver
421,4.029084489873438e-09,4.041403320231928e-09,4.035243905052683e-09,4.041403320231928e-09,40,solver
422,3.7296155829265025e-09,4.0544105387212844e-09,3.8920130608238935e-09,4.0544105387212844e-09,40,solver
423,3.55737527399036e-09,3.985564448017e-09,3.7714698610036805e-09,3.985564448017e-09,40,solver
424,3.648173563567709e-09,3.979460803100729e-09,3.813817183334219e-09,3.979460803100729e-09,40,solver
425,4.028636060906509e-09,3.980629056428346e-09,4.004632558667428e-09,4.028636060906509e-09,40,solver
426,4.422782258540754e-09,3.912190309344404e-09,4.167486283942579e-09,4.422782258540754e-09,40,solver
427,4.136324811605642e-09,4.247959349498863e-09,4.192142080552252e-09,4.247959349498863e-09,40,solver
428,4.282902183757166e-09,3.921670751967616e-09,4.102286467862391e-09,4.282902183757166e-09,40,solver
429,3.985728884709857e-09,4.250784496699473e-09,4.118256690704665e-09,4.250784496699473e-09,40,solver
430,3.854411946630968e-09,4.752460247822447e-09,4.303436097226707e-09,4.752460247822447e-09,40,solver
431,4.599370076915501e-09,4.4887375296995315e-09,4.544053803307516e-09,4.599370076915501e-09,40,solver
432,4.876705492610961e-09,4.203040003271552e-09,4.539872747941256e-09,4.876705492610961e-09,40,solver
433,4.267847603002976e-09,4.445712615253721e-09,4.356780109128348e-09,4.445712615253721e-09,40,solver
434,4.042744700317292e-09,4.364066260203614e-09,4.203405480260453e-09,4.364066260203614e-09,40,solver
435,4.421256517713363e-09,4.16344794994115e-09,4.292352233827256e-09,4.421256517713363e-09,40,solver
436,4.748707151517899e-09,4.192623668604337e-09,4.4706654100611186e-09,4.748707151517899e-09,40,solver
437,5.057745898664162e-09,3.810977611543847e-09,4.434361755104004e-09,5.057745898664162e-09,40,solver
438,3.6721801841603607e-09,4.693355128254616e-09,4.182767656207489e-09,4.693355128254616e-09,40,solver
439,3.746686096116491e-09,4.074857493287569e-09,3.91077179470203e-09,4.074857493287569e-09,40,solver
440,3.5211769702613688e-09,4.227189457728052e-09,3.874183213994711e-09,4.227189457728052e-09,40,solver
441,4.162191829268718e-09,4.078001806240593e-09,4.120096817754655e-09,4.162191829268718e-09,40,solver
442,4.341353535852737e-09,4.2469109497482505e-09,4.294132242800493e-09,4.341353535852737e-09,40,solver
443,4.172213456196959e-09,4.316523474422451e-09,4.244368465309704e-09,4.316523474422451e-09,40,solver
444,4.215817821415688e-09,3.992098028550273e-09,4.10395792498298e-09,4.215817821415688e-09,40,solver
445,4.011300219185743e-09,4.220001896107964e-09,4.115651057646854e-09,4.220001896107964e-09,40,solver
446,4.417203959797167e-09,4.154584595940723e-09,4.285894277868945e-09,4.417203959797167e-09,40,solver
447,4.486181083828162e-09,4.320970887712535e-09,4.403575985770348e-09,4.486181083828162e-09,40,solver
448,4.3646920415579485e-09,4.359857089935561e-09,4.362274565746755e-09,4.3646920415579485e-09,40,solver
449,4.5168068760988806e-09,4.057218624864649e-09,4.2870127504817646e-09,4.5168068760988806e-09,40,solver
450,4.483991663616236e-09,4.216869476823491e-09,4.3504305702198635e-09,4.483991663616236e-09,40,solver
451,4.205525717758467e-09,4.712110402130908e-09,4.4588180599446874e-09,4.712110402130908e-09,40,solver
452,4.644278076226752e-09,4.245627970719317e-09,4.444953023473034e-09,4.644278076226752e-09,40,solver
453,3.9908415294485876e-09,4.592845092535578e-09,4.291843310992083e-09,4.592845092535578e-09,40,solver
454,4.083106165584772e-09,4.412506627981906e-09,4.247806396783338e-09,4.412506627981906e-09,40,solver
455,4.568969724733815e-09,4.326266891092953e-09,4.447618307913384e-09,4.568969724733815e-09,40,solver
456,4.834793227749551e-09,4.630770297223868e-09,4.732781762486709e-09,4.834793227749551e-09,40,solver
457,5.016827181807509e-09,4.6696113669708345e-09,4.843219274389172e-09,5.016827181807509e-09,40,solver
458,4.342916194924414e-09,5.081816820808933e-09,4.712366507866673e-09,5.081816820808933e-09,40,solver
459,4.4411216109288754e-09,4.68352211448855e-09,4.5623218627087126e-09,4.68352211448855e-09,40,solver
460,4.7414781329093495e-09,4.4945932780601684e-09,4.6180357054847586e-09,4.7414781329093495e-09,40,solver
461,5.266552714368414e-09,4.5686973691642906e-09,4.917625041766352e-09,5.266552714368414e-09,40,solver
462,5.645697317981255e-09,4.817012131537051e-09,5.231354724759153e-09,5.645697317981255e-09,40,solver
463,4.9899493681878255e-09,5.595842982479917e-09,5.292896175333871e-09,5.595842982479917e-09,40,solver
464,4.675888858344997e-09,5.33445046062798e-09,5.005169659486489e-09,5.33445046062798e-09,40,solver
465,4.880431509570747e-09,4.25766517356273e-09,4.569048341566739e-09,4.880431509570747e-09,40,solver
466,4.679655854792982e-09,3.924400370612214e-09,4.3020281127025975e-09,4.679655854792982e-09,40,solver
467,4.65886161105741e-09,3.9869456409942345e-09,4.322903626025823e-09,4.65886161105741e-09,40,solver
468,4.6264369633040345e-09,4.133845777714146e-09,4.38014137050909e-09,4.6264369633040345e-09,40,solver
469,4.308952189078452e-09,4.222493254306633e-09,4.265722721692543e-09,4.308952189078452e-09,40,solver
470,4.181190405660575e-09,3.9691516321619e-09,4.075171018911237e-09,4.181190405660575e-09,40,solver
471,4.09871724067109e-09,4.054326232548863e-09,4.076521736609977e-09,4.09871724067109e-09,40,solver
472,3.7170970476663417e-09,4.78558503687187e-09,4.251341042269106e-09,4.78558503687187e-09,40,solver
473,4.4628087740797655e-09,4.437243116640247e-09,4.450025945360006e-09,4.4628087740797655e-09,40,solver
474,4.6108084920189545e-09,4.172179424628907e-09,4.391493958323931e-09,4.6108084920189545e-09,40,solver
475,4.008490351418842e-09,4.343644917263558e-09,4.176067634341199e-09,4.343644917263558e-09,40,solver
476,4.244388821665373e-09,3.6995225974629647e-09,3.971955709564169e-09,4.244388821665373e-09,40,solver
477,3.902167188218583e-09,3.9866772026519345e-09,3.9444221954352586e-09,3.9866772026519345e-09,40,solver
478,3.5990228552837542e-09,4.5249632237131115e-09,4.061993039498433e-09,4.5249632237131115e-09,40,solver
479,4.349654924637665e-09,4.3138567605968764e-09,4.33175584261727e-09,4.349654924637665e-09,40,solver
480,4.108507826475195e-09,4.91498239094742e-09,4.511745108711308e-09,4.91498239094742e-09,40,solver
481,4.097609930740177e-09,4.951839367921488e-09,4.524724649330832e-09,4.951839367921488e-09,40,solver
482,4.664616605434873e-09,4.079757721250264e-09,4.372187163342568e-09,4.664616605434873e-09,40,solver
483,4.0145606423773524e-09,4.472810577255203e-09,4.243685609816278e-09,4.472810577255203e-09,40,solver
484,4.776807555632078e-09,3.893467371983169e-09,4.3351374638076235e-09,4.776807555632078e-09,40,solver
485,4.594532135089696e-09,4.606901041754815e-09,4.600716588422256e-09,4.606901041754815e-09,40,solver
486,4.9777256913505936e-09,4.395820126143659e-09,4.686772908747127e-09,4.9777256913505936e-09,40,solver
487,4.3345108716399465e-09,4.780505492023889e-09,4.557508181831918e-09,4.780505492023889e-09,40,solver
488,4.237555723147142e-09,4.614838878277387e-09,4.426197300712265e-09,4.614838878277387e-09,40,solver
489,4.360136598077254e-09,4.712208413097658e-09,4.536172505587456e-09,4.712208413097658e-09,40,solver
490,4.83028387715344e-09,4.729372841003438e-09,4.779828359078439e-09,4.83028387715344e-09,40,solver
491,5.081508946525873e-09,4.627304567661308e-09,4.8544067570935905e-09,5.081508946525873e-09,40,solver
492,4.747825383283534e-09,4.635672627594183e-09,4.691749005438858e-09,4.747825383283534e-09,40,solver
493,4.6340514774576435e-09,4.312173437438283e-09,4.473112457447963e-09,4.6340514774576435e-09,40,solver
494,4.728548119197923e-09,4.200811837791992e-09,4.464679978494958e-09,4.728548119197923e-09,40,solver
495,4.195753169181456e-09,5.1529728522575714e-09,4.674363010719514e-09,5.1529728522575714e-09,40,solver
496,4.779140933303192e-09,5.094080106212593e-09,4.936610519757892e-09,5.094080106212593e-09,40,solver
497,5.6595155949591855e-09,4.233103487565448e-09,4.946309541262316e-09,5.6595155949591855e-09,40,solver
498,4.770536424825288e-09,4.918810124888594e-09,4.844673274856941e-09,4.918810124888594e-09,40,solver
499,5.017837783558749e-09,4.246992809941945e-09,4.632415296750347e-09,5.017837783558749e-09,40,solver
500,4.449450245089502e-09,4.847476703092198e-09,4.6484634740908505e-09,4.847476703092198e-09,40,solver
501,4.485872562544765e-09,5.271665080446271e-09,4.878768821495518e-09,5.271665080446271e-09,40,solver
502,5.248959642753585e-09,4.9867064780309334e-09,5.117833060392259e-09,5.248959642753585e-09,40,solver
503,5.130659849376123e-09,5.025839350184002e-09,5.078249599780062e-09,5.130659849376123e-09,40,solver
504,4.912540319185792e-09,4.611345564924118e-09,4.761942942054956e-09,4.912540319185792e-09,40,solver
505,4.588912011190138e-09,4.193471115611056e-09,4.391191563400597e-09,4.588912011190138e-09,40,solver
506,3.7229262138776047e-09,4.626633722003959e-09,4.174779967940782e-09,4.626633722003959e-09,40,solver
507,4.292619528729899e-09,4.070367345205233e-09,4.1814934369675664e-09,4.292619528729899e-09,40,solver
508,3.867299528168002e-09,4.509082396748002e-09,4.188190962458002e-09,4.509082396748002e-09,40,solver
509,4.175549185272491e-09,4.143596057182454e-09,4.159572621227473e-09,4.175549185272491e-09,40,solver
510,4.298852557803467e-09,3.831179415248248e-09,4.065015986525857e-09,4.298852557803467e-09,40,solver
511,3.810611894445143e-09,4.160750170556889e-09,3.985681032501016e-09,4.160750170556889e-09,40,solver
512,0.05290689776587087,3.956750336497168e-09,0.026453450861310603,0.05290689776587087,40,solver
1,0.33645340737316226,0.42234970244542785,0.37940155490929506,0.42234970244542785,40,error
2,0.3564826855710475,0.2950237707955304,0.32575322818328895,0.3564826855710475,40,error
3,0.30127282641085434,0.20097106337540888,0.2511219448931316,0.30127282641085434,40,error
4,0.20811658133816932,0.14906288143991256,0.17858973138904094,0.20811658133816932,40,error
5,0.13553683415715795,0.10747075792793057,0.12150379604254426,0.13553683415715795,40,error
6,0.0800301393977324,0.09458979972305494,0.08730996956039366,0.09458979972305494,40,error
7,0.0843322983172295,0.054909634080931864,0.06962096619908069,0.0843322983172295,40,error
8,0.0554587531178851,0.06852159836505285,0.06199017574146898,0.06852159836505285,40,error
9,0.0731754787048538,0.07514546117695874,0.07416046994090628,0.07514546117695874,40,error
10,0.07001962231407494,0.09521552375307435,0.08261757303357464,0.09521552375307435,40,error
11,0.08638550948818628,0.08823041904915677,0.08730796426867152,0.08823041904915677,40,error
12,0.09291683306623405,0.08972836861069504,0.09132260083846455,0.09291683306623405,40,error
13,0.1070456618672031,0.11182933052059041,0.10943749619389675,0.11182933052059041,40,error
14,0.13631972868055006,0.17091401959863659,0.15361687413959332,0.17091401959863659,40,error
15,0.1837565250410774,0.13743466998949855,0.16059559751528796,0.1837565250410774,40,error
16,0.14448581267904523,0.1599547029864698,0.1522202578327575,0.1599547029864698,40,error
17,0.1184854113710819,0.1253186328477062,0.12190202210939405,0.1253186328477062,40,error
18,0.11773491454931262,0.12160805590371287,0.11967148522651275,0.12160805590371287,40,error
19,0.10206200064938949,0.13013793935693907,0.11609997000316427,0.13013793935693907,40,error
20,0.09886736068942602,0.09347879175680875,0.09617307622311738,0.09886736068942602,40,error
21,0.07724280502309767,0.07545499066143795,0.07634889784226781,0.07724280502309767,40,error
22,0.06778117718290198,0.07378345421282512,0.07078231569786356,0.07378345421282512,40,error
23,0.07011839194734003,0.0638969791046466,0.06700768552599332,0.07011839194734003,40,error
24,0.06299244741471448,0.06359510371837765,0.06329377556654606,0.06359510371837765,40,error
25,0.05250607940437753,0.056125296847788275,0.0543156881260829,0.056125296847788275,40,error
26,0.04596531335184047,0.04714908706910299,0.04655720021047173,0.04714908706910299,40,error
27,0.042411021665034576,0.04753710998907552,0.04497406582705504,0.04753710998907552,40,error
28,0.0370735697161705,0.0410388029290642,0.03905618632261735,0.0410388029290642,40,error
29,0.03343685736552087,0.033395617039238164,0.03341623720237952,0.03343685736552087,40,error
30,0.03147632587749616,0.030232264900426777,0.030854295388961468,0.03147632587749616,40,error
31,0.02734654144660389,0.026491460655053194,0.02691900105082854,0.02734654144660389,40,error
32,0.024559504213404335,0.02532012232252424,0.024939813267964288,0.02532012232252424,40,error
33,0.0233913091492692,0.025729214703659853,0.024560261926464527,0.025729214703659853,40,error
34,0.021126473064793573,0.02345178017313967,0.02228912661896662,0.02345178017313967,40,error
35,0.0205641968626098,0.02192368516837714,0.02124394101549347,0.02192368516837714,40,error
36,0.019200433947958728,0.02080575608698138,0.02000309501747005,0.02080575608698138,40,error
37,0.017805359123758323,0.0181278605432284,0.01796660983349336,0.0181278605432284,40,error
38,0.017748107275610266,0.016767060004854176,0.01725758364023222,0.017748107275610266,40,error
39,0.017265519677261247,0.016110537322904343,0.016688028500082795,0.017265519677261247,40,error
40,0.01638140349769844,0.0158206061663531,0.01610100483202577,0.01638140349769844,40,error
41,0.015709767061245928,0.016439079817993807,0.016074423439619866,0.016439079817993807,40,error
42,0.015285071769620805,0.016502808423299077,0.01589394009645994,0.016502808423299077,40,error
43,0.014937171451689343,0.01628862435982365,0.015612897905756498,0.01628862435982365,40,error
44,0.015056133715892693,0.01603903123055379,0.015547582473223243,0.01603903123055379,40,error
45,0.0151359097768289,0.015343072151467537,0.015239490964148217,0.015343072151467537,40,error
46,0.015272673175270172,0.014694030776204474,0.014983351975737323,0.015272673175270172,40,error
47,0.015433681281709969,0.014473536529067303,0.014953608905388636,0.015433681281709969,40,error
48,0.015267459079894203,0.014508579057459257,0.01488801906867673,0.015267459079894203,40,error
49,0.01500550023779441,0.014796734186976723,0.014901117212385566,0.01500550023779441,40,error
50,0.014703192674020732,0.015134465410149076,0.014918829042084903,0.015134465410149076,40,error
51,0.014494083410422692,0.015230439019216896,0.014862261214819794,0.015230439019216896,40,error
52,0.014489073802135096,0.015189858749517426,0.01483946627582626,0.015189858749517426,40,error
53,0.014668296459016551,0.01500609635520642,0.014837196407111486,0.01500609635520642,40,error
54,0.014890947674680828,0.014755749508693992,0.014823348591687411,0.014890947674680828,40,error
55,0.01504888924145432,0.014573194692073424,0.01481104196676387,0.01504888924145432,40,error
56,0.015107845321214381,0.014519800774834899,0.01481382304802464,0.015107845321214381,40,error
57,0.014966719263010395,0.014611020936384691,0.014788870099697543,0.014966719263010395,40,error
58,0.014812761310153225,0.014780204662132946,0.014796482986143085,0.014812761310153225,40,error
59,0.014653711961746738,0.014943649570925047,0.014798680766335892,0.014943649570925047,40,error
60,0.014580172544868715,0.015012918361506497,0.014796545453187607,0.015012918361506497,40,error
61,0.014628685203592501,0.014977548029742643,0.014803116616667573,0.014977548029742643,40,error
62,0.014738089091587832,0.014861259534365439,0.014799674312976636,0.014861259534365439,40,error
63,0.014867900881580206,0.01472967501903767,0.014798787950308938,0.014867900881580206,40,error
64,0.014933602439556362,0.014648684364980851,0.014791143402268607,0.014933602439556362,40,error
65,0.014950639364135541,0.01464949786447423,0.014800068614304884,0.014950639364135541,40,error
66,0.01487098674198176,0.01471686465523767,0.014793925698609715,0.01487098674198176,40,error
67,0.014783358951680065,0.014812466186577585,0.014797912569128824,0.014812466186577585,40,error
68,0.014708047053852789,0.014889637711235765,0.014798842382544277,0.014889637711235765,40,error
69,0.01468690127652078,0.014907607812680737,0.01479725454460076,0.014907607812680737,40,error
70,0.01472149492305759,0.014877551286630292,0.014799523104843941,0.014877551286630292,40,error
71,0.014783255244917574,0.014811958111658068,0.014797606678287821,0.014811958111658068,40,error
72,0.014853913579116002,0.01475087473080725,0.014802394154961627,0.014853913579116002,40,error
73,0.014872130388562234,0.014721160371735523,0.014796645380148878,0.014872130388562234,40,error
74,0.014872201859103585,0.01473251698985458,0.014802359424479081,0.014872201859103585,40,error
75,0.014825070303027595,0.01477420983743711,0.014799640070232352,0.014825070303027595,40,error
76,0.014782252069188196,0.014819615030825269,0.014800933550006733,0.014819615030825269,40,error
77,0.01474997016821016,0.014852339848234584,0.014801155008222372,0.014852339848234584,40,error
78,0.014748564588614321,0.014852952320668737,0.01480075845464153,0.014852952320668737,40,error
79,0.014773501890623032,0.01483187499620587,0.01480268844341445,0.01483187499620587,40,error
80,0.014800398737690389,0.01479846981800519,0.01479943427784779,0.014800398737690389,40,error
81,0.014834243710944694,0.014773071988184826,0.01480365784956476,0.014834243710944694,40,error
82,0.014835276755659283,0.014764024384373516,0.0147996505700164,0.014835276755659283,40,error
83,0.014830918747612293,0.014773747133093418,0.014802332940352856,0.014830918747612293,40,error
84,0.014805821837759177,0.014795692958088212,0.014800757397923695,0.014805821837759177,40,error
85,0.014789006648994862,0.01481414205735674,0.0148015743531758,0.01481414205735674,40,error
86,0.014777064411388027,0.014825796784342036,0.014801430597865033,0.014825796784342036,40,error
87,0.014778858398073434,0.014821790693943125,0.01480032454600828,0.014821790693943125,40,error
88,0.014794204390066538,0.014810947012106779,0.01480257570108666,0.014810947012106779,40,error
89,0.01480323399266549,0.014796092327109777,0.014799663159887634,0.01480323399266549,40,error
90,0.014817507828839319,0.014787363870224573,0.014802435849531946,0.014817507828839319,40,error
91,0.01481402935276227,0.014786328771737899,0.014800179062250084,0.01481402935276227,40,error
92,0.014812054614340372,0.01479153087111911,0.01480179274272974,0.014812054614340372,40,error
93,0.014799800325669223,0.01480147695125195,0.014800638638460586,0.01480147695125195,40,error
94,0.01479465372303228,0.014807577997941636,0.014801115860486958,0.014807577997941636,40,error
95,0.014791934075909063,0.014811119209321542,0.014801526642615304,0.014811119209321542,40,error
96,0.014792671151638258,0.014807621135654725,0.01480014614364649,0.014807621135654725,40,error
97,0.014800724185654987,0.01480334129980778,0.014802032742731383,0.01480334129980778,40,error
98,0.014802366750720932,0.014797626719505906,0.014799996735113419,0.014802366750720932,40,error
99,0.014808335975490725,0.0147951204659797,0.014801728220735211,0.014808335975490725,40,error
100,0.01480452967492111,0.014795936728004779,0.014800233201462945,0.01480452967492111,40,error
101,0.01480463665080774,0.014798022082011218,0.01480132936640948,0.01480463665080774,40,error
102,0.014799299408901559,0.014802059898545087,0.014800679653723323,0.014802059898545087,40,error
103,0.014797896498683178,0.014803305477987853,0.014800600988335515,0.014803305477987853,40,error
104,0.014798072465512865,0.01480453652458877,0.014801304495050818,0.01480453652458877,40,error
105,0.01479792663194762,0.014802420949961714,0.014800173790954666,0.014802420949961714,40,error
106,0.014801870912261681,0.014801072792863652,0.014801471852562666,0.014801870912261681,40,error
107,0.01480104395665113,0.01479917054534958,0.014800107251000356,0.01480104395665113,40,error
108,0.014804113262787029,0.014798576747400477,0.014801345005093752,0.014804113262787029,40,error
109,0.014801256411224635,0.014799399173486062,0.014800327792355348,0.014801256411224635,40,error
110,0.014801961978086755,0.014799979674806108,0.014800970826446432,0.014801961978086755,40,error
111,0.014799882541222966,0.014801634649007446,0.014800758595115206,0.014801634649007446,40,error
112,0.014799534036156591,0.014801425706704433,0.014800479871430513,0.014801425706704433,40,error
113,0.014800223810581098,0.014802010474327727,0.014801117142454412,0.014802010474327727,40,error
114,0.014799703424841845,0.014800825892287343,0.014800264658564594,0.014800825892287343,40,error
115,0.014801885453873613,0.014800543931398397,0.014801214692636004,0.014801885453873613,40,error
116,0.014800502272118314,0.014800039073889298,0.014800270673003806,0.014800502272118314,40,error
117,0.014802281568708149,0.014799949448030626,0.014801115508369388,0.014802281568708149,40,error
118,0.014800512372644268,0.014800522717002391,0.01480051754482333,0.014800522717002391,40,error
119,0.014801119002521441,0.014800469288027541,0.014800794145274491,0.014801119002521441,40,error
120,0.014800342460427733,0.01480129881538189,0.014800820637904812,0.01480129881538189,40,error
121,0.014800248568581672,0.014800780180130141,0.014800514374355906,0.014800780180130141,40,error
122,0.014800899532620253,0.014801111631184203,0.014801005581902227,0.014801111631184203,40,error
123,0.014800276104689175,0.014800503588455671,0.014800389846572424,0.014800503588455671,40,error
124,0.014801602925507832,0.014800537430014776,0.014801070177761305,0.014801602925507832,40,error
125,0.014800393994570052,0.014800434649840018,0.014800414322205035,0.014800434649840018,40,error
126,0.014801453964406778,0.014800401554107981,0.01480092775925738,0.014801453964406778,40,error
127,0.014800418354233623,0.014800812621013135,0.014800615487623379,0.014800812621013135,40,error
128,0.014800879222206261,0.014800560490523201,0.014800719856364731,0.014800879222206261,40,error
129,0.014800585189693424,0.014800999342526794,0.01480079226611011,0.014800999342526794,40,error
130,0.01480051837676397,0.014800581203472864,0.014800549790118417,0.014800581203472864,40,error
131,0.014801045444335081,0.014800834850088592,0.014800940147211837,0.014801045444335081,40,error
132,0.014800430039328037,0.014800500955526964,0.0148004654974275,0.014800500955526964,40,error
133,0.01480130037756332,0.014800572030469642,0.014800936204016481,0.01480130037756332,40,error
134,0.01480045254837335,0.014800607214269236,0.014800529881321293,0.014800607214269236,40,error
135,0.014801106685058628,0.014800545760235312,0.01480082622264697,0.014801106685058628,40,error
136,0.01480052195366342,0.014800795259412747,0.014800658606538083,0.014800795259412747,40,error
137,0.014800788333956936,0.014800558396577611,0.014800673365267273,0.014800788333956936,40,error
138,0.014800731762292308,0.014800849882578404,0.014800790822435357,0.014800849882578404,40,error
139,0.014800608743855512,0.01480053628358723,0.01480057251372137,0.014800608743855512,40,error
140,0.014800989229334451,0.01480072228477309,0.01480085575705377,0.014800989229334451,40,error
141,0.014800553037499593,0.01480054270853684,0.014800547873018217,0.014800553037499593,40,error
142,0.01480107652873466,0.014800620927011158,0.01480084872787291,0.01480107652873466,40,error
143,0.014800520487191894,0.01480066968123532,0.014800595084213608,0.01480066968123532,40,error
144,0.01480094505034789,0.014800580780895849,0.014800762915621869,0.01480094505034789,40,error
145,0.014800611738330029,0.014800781080054047,0.014800696409192038,0.014800781080054047,40,error
146,0.014800785092786348,0.014800554061150429,0.014800669576968389,0.014800785092786348,40,error
147,0.014800779272103323,0.014800740789495434,0.014800760030799378,0.014800779272103323,40,error
148,0.014800641721628356,0.014800560129600272,0.014800600925614315,0.014800641721628356,40,error
149,0.014800927560036979,0.014800681289158993,0.014800804424597986,0.014800927560036979,40,error
150,0.01480059838653009,0.014800604236412048,0.01480060131147107,0.014800604236412048,40,error
151,0.014800940131254244,0.014800629684915412,0.014800784908084827,0.014800940131254244,40,error
152,0.014800613733660265,0.01480067223587798,0.014800642984769123,0.01480067223587798,40,error
153,0.014800865936462885,0.01480060807413015,0.014800737005296518,0.014800865936462885,40,error
154,0.014800682596696356,0.014800727124806377,0.014800704860751367,0.014800727124806377,40,error
155,0.01480074983796205,0.014800594942833185,0.014800672390397618,0.01480074983796205,40,error
156,0.014800778599668503,0.014800726706451611,0.014800752653060058,0.014800778599668503,40,error
157,0.014800683598664934,0.014800584563151082,0.014800634080908008,0.014800683598664934,40,error
158,0.014800850062554102,0.01480067907932316,0.01480076457093863,0.014800850062554102,40,error
159,0.014800646416580906,0.014800626006475278,0.014800636211528093,0.014800646416580906,40,error
160,0.014800869403974083,0.014800628480692303,0.014800748942333193,0.014800869403974083,40,error
161,0.014800652836599674,0.01480067744911924,0.014800665142859458,0.01480067744911924,40,error
162,0.01480081308278761,0.014800608145150423,0.014800710613969016,0.01480081308278761,40,error
163,0.014800710279249748,0.014800700426039448,0.014800705352644598,0.014800710279249748,40,error
164,0.01480074476630389,0.014800604010221933,0.014800674388262911,0.01480074476630389,40,error
165,0.014800784504115315,0.014800687191536925,0.01480073584782612,0.014800784504115315,40,error
166,0.014800697379744357,0.014800616055214051,0.014800656717479203,0.014800697379744357,40,error
167,0.014800819984151604,0.0148006583555979,0.014800739169874752,0.014800819984151604,40,error
168,0.01480068483403517,0.014800639507005591,0.014800662170520382,0.01480068483403517,40,error
169,0.014800812236403248,0.014800645414335744,0.014800728825369496,0.014800812236403248,40,error
170,0.014800697740823298,0.014800661777894705,0.014800679759359002,0.014800697740823298,40,error
171,0.01480077892087858,0.014800623616661316,0.014800701268769948,0.01480077892087858,40,error
172,0.014800736083706361,0.014800676781838459,0.01480070643277241,0.014800736083706361,40,error
173,0.014800749796265533,0.014800609375271443,0.014800679585768488,0.014800749796265533,40,error
174,0.014800765638216605,0.014800675008671852,0.01480072032344423,0.014800765638216605,40,error
175,0.014800718988021499,0.014800624648093381,0.014800671818057439,0.014800718988021499,40,error
176,0.014800787876059296,0.014800664209221276,0.014800726042640286,0.014800787876059296,40,error
177,0.014800693888144058,0.014800653798776934,0.014800673843460496,0.014800693888144058,40,error
178,0.014800781968627805,0.014800635750828751,0.014800708859728277,0.014800781968627805,40,error
179,0.014800721393753637,0.014800659141653284,0.01480069026770346,0.014800721393753637,40,error
180,0.014800774627845618,0.01480062176167492,0.014800698194760268,0.014800774627845618,40,error
181,0.01480074597525046,0.014800658473115699,0.01480070222418308,0.01480074597525046,40,error
182,0.014800736492850589,0.014800631934388197,0.014800684213619393,0.014800736492850589,40,error
183,0.014800756921413647,0.014800667402328523,0.014800712161871085,0.014800756921413647,40,error
184,0.014800721665401743,0.014800639106860407,0.014800680386131075,0.014800721665401743,40,error
185,0.01480076294507554,0.014800661931116088,0.014800712438095814,0.01480076294507554,40,error
186,0.014800723079690409,0.014800644855504868,0.01480068396759764,0.014800723079690409,40,error
187,0.01480077375281507,0.014800637158779528,0.0148007054557973,0.01480077375281507,40,error
188,0.014800734532511019,0.014800652542928424,0.014800693537719721,0.014800734532511019,40,error
189,0.014800760696249754,0.014800628411281993,0.014800694553765873,0.014800760696249754,40,error
190,0.014800737611291302,0.014800662682139466,0.014800700146715383,0.014800737611291302,40,error
191,0.014800741641264426,0.01480063210005273,0.014800686870658577,0.014800741641264426,40,error
192,0.014800754142363164,0.014800654091628384,0.014800704116995774,0.014800754142363164,40,error
193,0.014800723267339482,0.014800649522945214,0.014800686395142348,0.014800723267339482,40,error
194,0.014800760722330109,0.014800651288024907,0.014800706005177508,0.014800760722330109,40,error
195,0.014800727861540349,0.014800649119449755,0.014800688490495052,0.014800727861540349,40,error
196,0.014800759254648176,0.0148006405621983,0.014800699908423238,0.014800759254648176,40,error
197,0.01480074014766808,0.014800648576846622,0.014800694362257352,0.01480074014766808,40,error
198,0.014800745063919981,0.014800642513049191,0.014800693788484587,0.014800745063919981,40,error
199,0.014800747405628275,0.014800653501138997,0.014800700453383636,0.014800747405628275,40,error
200,0.014800739673154817,0.014800641171530213,0.014800690422342515,0.014800739673154817,40,error
201,0.014800742845847056,0.014800655637177033,0.014800699241512043,0.014800742845847056,40,error
202,0.014800734844988929,0.014800643567302095,0.014800689206145513,0.014800734844988929,40,error
203,0.014800748239180128,0.014800653069601535,0.014800700654390831,0.014800748239180128,40,error
204,0.01480073519818895,0.014800647415794827,0.014800691306991888,0.01480073519818895,40,error
205,0.014800750779442238,0.014800641211388892,0.014800695995415565,0.014800750779442238,40,error
206,0.014800731733262231,0.014800656553920391,0.014800694143591312,0.014800731733262231,40,error
207,0.014800750628997137,0.014800638920828049,0.014800694774912592,0.014800750628997137,40,error
208,0.014800745746813426,0.0148006508208046,0.014800698283809012,0.014800745746813426,40,error
209,0.014800738692276614,0.014800642421262463,0.014800690556769538,0.014800738692276614,40,error
210,0.014800746802874788,0.01480064748025478,0.014800697141564784,0.014800746802874788,40,error
211,0.01480073061229703,0.014800652113696869,0.01480069136299695,0.01480073061229703,40,error
212,0.014800743590128623,0.014800651314986792,0.014800697452557708,0.014800743590128623,40,error
213,0.014800735573160672,0.014800650673339672,0.014800693123250172,0.014800735573160672,40,error
214,0.014800742710088763,0.014800646053148495,0.014800694381618629,0.014800742710088763,40,error
215,0.014800744569062848,0.014800643005872234,0.014800693787467541,0.014800744569062848,40,error
216,0.014800749271491827,0.014800640418650987,0.014800694845071408,0.014800749271491827,40,error
217,0.014800743645624581,0.014800649089773226,0.014800696367698905,0.014800743645624581,40,error
218,0.014800738129810614,0.014800643908088532,0.014800691018949572,0.014800738129810614,40,error
219,0.014800737231667993,0.01480065562794643,0.014800696429807213,0.014800737231667993,40,error
220,0.014800736795941844,0.014800646892471294,0.014800691844206569,0.014800736795941844,40,error
221,0.01480074187681962,0.014800648269375622,0.01480069507309762,0.01480074187681962,40,error
222,0.014800737829427375,0.01480064952142479,0.014800693675426083,0.014800737829427375,40,error
223,0.014800749524077379,0.014800638934034323,0.01480069422905585,0.014800749524077379,40,error
224,0.014800739780258301,0.014800649015340712,0.014800694397799507,0.014800739780258301,40,error
225,0.014800741659419102,0.014800645117875738,0.01480069338864742,0.014800741659419102,40,error
226,0.014800739787830607,0.014800648407255855,0.01480069409754323,0.014800739787830607,40,error
227,0.014800736283025312,0.014800648478914429,0.014800692380969871,0.014800736283025312,40,error
228,0.014800742391872776,0.014800648773467241,0.014800695582670009,0.014800742391872776,40,error
229,0.014800736444408363,0.014800647218109954,0.014800691831259158,0.014800736444408363,40,error
230,0.014800744794259784,0.014800642623226978,0.01480069370874338,0.014800744794259784,40,error
231,0.01480074471515001,0.01480064426133587,0.014800694488242939,0.01480074471515001,40,error
232,0.01480074238442017,0.014800646914622377,0.014800694649521273,0.01480074238442017,40,error
233,0.014800738126222105,0.014800648802675181,0.014800693464448643,0.014800738126222105,40,error
234,0.014800734256615284,0.014800649902891025,0.014800692079753154,0.014800734256615284,40,error
235,0.014800739401477744,0.014800649098435575,0.01480069424995666,0.014800739401477744,40,error
236,0.014800738498242297,0.01480064741659714,0.014800692957419719,0.014800738498242297,40,error
237,0.014800738833616418,0.014800646648968225,0.014800692741292322,0.014800738833616418,40,error
238,0.014800746294725251,0.014800640036825725,0.014800693165775487,0.014800746294725251,40,error
239,0.0148007440667202,0.014800646328333807,0.014800695197527004,0.0148007440667202,40,error
240,0.014800737390236978,0.014800647604323225,0.014800692497280101,0.014800737390236978,40,error
241,0.014800735950826033,0.014800647231403634,0.014800691591114834,0.014800735950826033,40,error
242,0.014800734533321912,0.014800655586030428,0.01480069505967617,0.014800734533321912,40,error
243,0.014800740958380534,0.014800645891593448,0.01480069342498699,0.014800740958380534,40,error
244,0.014800739562633546,0.014800643883420742,0.014800691723027143,0.014800739562633546,40,error
245,0.014800736884394544,0.014800647791278623,0.014800692337836582,0.014800736884394544,40,error
246,0.014800741093401688,0.014800648171679507,0.014800694632540598,0.014800741093401688,40,error
247,0.014800738271877691,0.014800647700222378,0.014800692986050034,0.014800738271877691,40,error
248,0.014800740835191686,0.014800643813089435,0.01480069232414056,0.014800740835191686,40,error
249,0.014800739024426725,0.014800645633645075,0.0148006923290359,0.014800739024426725,40,error
250,0.014800737423764521,0.014800648484994789,0.014800692954379656,0.014800737423764521,40,error
251,0.014800739354730271,0.01480064803536823,0.014800693695049251,0.014800739354730271,40,error
252,0.014800737858136025,0.014800647114731356,0.014800692486433691,0.014800737858136025,40,error
253,0.014800737243509148,0.014800648548106895,0.014800692895808022,0.014800737243509148,40,error
254,0.014800734543780532,0.01480064801882823,0.01480069128130438,0.014800734543780532,40,error
255,0.014800739054287138,0.014800646964876835,0.014800693009581986,0.014800739054287138,40,error
256,0.0148007475416038,0.014800642263482178,0.014800694902542988,0.0148007475416038,40,error
257,0.014800741587469671,0.014800643193302085,0.014800692390385877,0.014800741587469671,40,error
258,0.014800736178361673,0.014800643866583703,0.014800690022472689,0.014800736178361673,40,error
259,0.01480073718593385,0.01480064793883316,0.014800692562383505,0.01480073718593385,40,error
260,0.014800737303064644,0.014800650267311031,0.014800693785187839,0.014800737303064644,40,error
261,0.014800736885793206,0.014800647653493067,0.014800692269643137,0.014800736885793206,40,error
262,0.014800736830944758,0.014800650695028663,0.01480069376298671,0.014800736830944758,40,error
263,0.01480073963687558,0.014800644121772193,0.014800691879323886,0.01480073963687558,40,error
264,0.014800739460155381,0.014800641386736677,0.01480069042344603,0.014800739460155381,40,error
265,0.014800737830797517,0.014800646541750746,0.014800692186274132,0.014800737830797517,40,error
266,0.014800740850053286,0.014800645948296432,0.01480069339917486,0.014800740850053286,40,error
267,0.014800737869086991,0.014800648745059243,0.014800693307073117,0.014800737869086991,40,error
268,0.014800738280115964,0.014800646510226327,0.014800692395171147,0.014800738280115964,40,error
269,0.01480073587617625,0.014800645689512688,0.014800690782844468,0.01480073587617625,40,error
270,0.014800730158255908,0.01480065373676612,0.014800691947511015,0.014800730158255908,40,error
271,0.014800736193761639,0.014800649814943695,0.014800693004352668,0.014800736193761639,40,error
272,0.014800736181568436,0.014800647526558415,0.014800691854063425,0.014800736181568436,40,error
273,0.0148007390982027,0.014800644280420923,0.01480069168931181,0.0148007390982027,40,error
274,0.014800743890692929,0.014800640613870781,0.014800692252281856,0.014800743890692929,40,error
275,0.014800734932416994,0.014800649835181869,0.01480069238379943,0.014800734932416994,40,error
276,0.01480073512181668,0.014800650240679412,0.014800692681248047,0.01480073512181668,40,error
277,0.014800734666313093,0.014800648159419916,0.014800691412866504,0.014800734666313093,40,error
278,0.014800731636238223,0.014800652120298493,0.014800691878268359,0.014800731636238223,40,error
279,0.014800737175811512,0.014800646819818436,0.014800691997814974,0.014800737175811512,40,error
280,0.014800739731992273,0.014800645045040136,0.014800692388516204,0.014800739731992273,40,error
281,0.014800742567941916,0.014800643103223023,0.014800692835582469,0.014800742567941916,40,error
282,0.014800739630736446,0.014800646474486031,0.014800693052611238,0.014800739630736446,40,error
283,0.014800733009436219,0.014800648666811446,0.014800690838123833,0.014800733009436219,40,error
284,0.014800733528110482,0.014800647222814956,0.014800690375462718,0.014800733528110482,40,error
285,0.014800733649647159,0.01480065267705344,0.014800693163350299,0.014800733649647159,40,error
286,0.014800737340436772,0.014800648790695472,0.014800693065566122,0.014800737340436772,40,error
287,0.014800736372105492,0.014800646795745923,0.014800691583925708,0.014800736372105492,40,error
288,0.014800736761657643,0.01480064520948728,0.014800690985572462,0.014800736761657643,40,error
289,0.014800744255537882,0.0148006389927357,0.014800691624136792,0.014800744255537882,40,error
290,0.014800736806518186,0.01480064769214871,0.014800692249333447,0.014800736806518186,40,error
291,0.014800734690993269,0.014800649347910559,0.014800692019451913,0.014800734690993269,40,error
292,0.014800735883833654,0.014800649005887345,0.0148006924448605,0.014800735883833654,40,error
293,0.014800730143156426,0.01480065288284469,0.014800691513000558,0.014800730143156426,40,error
294,0.014800735571565573,0.014800645636701422,0.014800690604133498,0.014800735571565573,40,error
295,0.01480073692196069,0.014800645512351272,0.014800691217155982,0.01480073692196069,40,error
296,0.014800741467054814,0.014800641922798842,0.014800691694926829,0.014800741467054814,40,error
297,0.01480074287131034,0.01480064345365309,0.014800693162481716,0.01480074287131034,40,error
298,0.014800734096080877,0.014800649644009492,0.014800691870045185,0.014800734096080877,40,error
299,0.01480073212079619,0.014800647883278754,0.014800690002037473,0.01480073212079619,40,error
300,0.014800731446757122,0.014800650599234343,0.014800691022995732,0.014800731446757122,40,error
301,0.014800731045750472,0.014800654317228665,0.014800692681489569,0.014800731045750472,40,error
302,0.014800739202885044,0.014800643708633944,0.014800691455759494,0.014800739202885044,40,error
303,0.014800737080017985,0.014800645767326365,0.014800691423672175,0.014800737080017985,40,error
304,0.014800739772307156,0.014800645032105837,0.014800692402206496,0.014800739772307156,40,error
305,0.014800738792628946,0.014800643585527568,0.014800691189078258,0.014800738792628946,40,error
306,0.01480072934814511,0.014800652602743334,0.014800690975444222,0.01480072934814511,40,error
307,0.014800738579716545,0.014800644142656746,0.014800691361186644,0.014800738579716545,40,error
308,0.014800735753753314,0.014800646359881514,0.014800691056817413,0.014800735753753314,40,error
309,0.014800732780235784,0.014800651863601716,0.01480069232191875,0.014800732780235784,40,error
310,0.014800737365031045,0.01480064806158568,0.014800692713308363,0.014800737365031045,40,error
311,0.014800730488121779,0.014800651205614827,0.014800690846868303,0.014800730488121779,40,error
312,0.014800737030961993,0.014800645503635008,0.0148006912672985,0.014800737030961993,40,error
313,0.014800738834556086,0.014800643385231266,0.014800691109893675,0.014800738834556086,40,error
314,0.01480073354555559,0.014800648616071416,0.014800691080813503,0.01480073354555559,40,error
315,0.01480074197352277,0.014800642163624656,0.014800692068573713,0.01480074197352277,40,error
316,0.01480073903522297,0.014800645230157809,0.01480069213269039,0.01480073903522297,40,error
317,0.014800734239038249,0.014800647444642202,0.014800690841840224,0.014800734239038249,40,error
318,0.014800735969266336,0.014800645752947513,0.014800690861106924,0.014800735969266336,40,error
319,0.014800728339166468,0.014800654478219117,0.014800691408692793,0.014800728339166468,40,error
320,0.014800736388272246,0.014800646452197504,0.014800691420234876,0.014800736388272246,40,error
321,0.01480073489727841,0.01480064629552311,0.01480069059640076,0.01480073489727841,40,error
322,0.014800729861049567,0.01480065143143314,0.014800690646241354,0.014800729861049567,40,error
323,0.014800742874237717,0.014800641361987606,0.014800692118112663,0.014800742874237717,40,error
324,0.014800740425619867,0.01480064313621494,0.014800691780917405,0.014800740425619867,40,error
325,0.014800738552536783,0.014800641564022833,0.014800690058279808,0.014800738552536783,40,error
326,0.01480073630719488,0.014800645297424949,0.014800690802309915,0.01480073630719488,40,error
327,0.014800727564550085,0.01480065663624701,0.014800692100398548,0.014800727564550085,40,error
328,0.014800733942534729,0.014800649183323489,0.014800691562929109,0.014800733942534729,40,error
329,0.014800731975415411,0.014800651217746971,0.014800691596581192,0.014800731975415411,40,error
330,0.01480072990581628,0.014800650628643578,0.01480069026722993,0.01480072990581628,40,error
331,0.014800740730566956,0.014800639600222945,0.01480069016539495,0.014800740730566956,40,error
332,0.01480074322959023,0.014800641519234591,0.014800692374412412,0.01480074322959023,40,error
333,0.014800738503746278,0.014800644303613409,0.014800691403679844,0.014800738503746278,40,error
334,0.014800735176017031,0.014800644768439817,0.014800689972228425,0.014800735176017031,40,error
335,0.014800726447214576,0.014800658474873146,0.01480069246104386,0.014800726447214576,40,error
336,0.014800731403474683,0.014800651795752554,0.014800691599613619,0.014800731403474683,40,error
337,0.014800734775354783,0.014800643456871036,0.01480068911611291,0.014800734775354783,40,error
338,0.014800732073407132,0.014800650887557162,0.014800691480482147,0.014800732073407132,40,error
339,0.01480074344689403,0.014800641902542221,0.014800692674718126,0.01480074344689403,40,error
340,0.014800738480730661,0.01480064095324963,0.014800689716990147,0.014800738480730661,40,error
341,0.014800731511394855,0.014800648249684517,0.014800689880539685,0.014800731511394855,40,error
342,0.014800739313370382,0.014800645015181673,0.014800692164276028,0.014800739313370382,40,error
343,0.014800729898458855,0.014800652906684635,0.014800691402571745,0.014800729898458855,40,error
344,0.014800736209192613,0.014800645246400979,0.014800690727796797,0.014800736209192613,40,error
345,0.014800741149769522,0.014800641143024639,0.01480069114639708,0.014800741149769522,40,error
346,0.01480073200519399,0.01480065047544816,0.014800691240321075,0.01480073200519399,40,error
347,0.014800738366568028,0.014800642970659994,0.014800690668614011,0.014800738366568028,40,error
348,0.014800730136568907,0.01480065025398323,0.014800690195276068,0.014800730136568907,40,error
349,0.014800728923512304,0.014800653041265398,0.01480069098238885,0.014800728923512304,40,error
350,0.014800734197310957,0.014800648298288182,0.01480069124779957,0.014800734197310957,40,error
351,0.014800728891955202,0.014800653315641961,0.014800691103798582,0.014800728891955202,40,error
352,0.014800744652022923,0.014800639472961436,0.014800692062492179,0.014800744652022923,40,error
353,0.014800742710588618,0.014800639181638176,0.014800690946113398,0.014800742710588618,40,error
354,0.014800733973444113,0.014800643990536955,0.014800688981990533,0.014800733973444113,40,error
355,0.014800743797071907,0.014800637056468191,0.014800690426770048,0.014800743797071907,40,error
356,0.014800727889820115,0.014800657171882642,0.014800692530851377,0.014800727889820115,40,error
357,0.014800724099619052,0.014800659178217001,0.014800691638918027,0.014800724099619052,40,error
358,0.014800729735040007,0.014800651162854115,0.014800690448947062,0.014800729735040007,40,error
359,0.014800725146482573,0.014800653854610202,0.014800689500546388,0.014800725146482573,40,error
360,0.014800744785557308,0.01480063586239132,0.014800690323974314,0.014800744785557308,40,error
361,0.014800748879216414,0.014800635178221505,0.014800692028718958,0.014800748879216414,40,error
362,0.014800749945659842,0.014800633644263188,0.014800691794961515,0.014800749945659842,40,error
363,0.014800753003760637,0.014800627875620835,0.014800690439690737,0.014800753003760637,40,error
364,0.014800725940204472,0.014800655275019302,0.014800690607611886,0.014800725940204472,40,error
365,0.014800718686776158,0.01480066124085863,0.014800689963817393,0.014800718686776158,40,error
366,0.014800715161536285,0.014800666340098285,0.014800690750817285,0.014800715161536285,40,error
367,0.01480070780687924,0.014800676478773181,0.01480069214282621,0.01480070780687924,40,error
368,0.014800733740589416,0.014800647921857332,0.014800690831223373,0.014800733740589416,40,error
369,0.01480074956424784,0.014800631393730281,0.01480069047898906,0.01480074956424784,40,error
370,0.01480077074892443,0.014800611750635921,0.014800691249780177,0.01480077074892443,40,error
371,0.014800780767166975,0.014800597876846663,0.01480068932200682,0.014800780767166975,40,error
372,0.014800743975673459,0.014800637978606774,0.014800690977140117,0.014800743975673459,40,error
373,0.014800720590591992,0.014800664256171138,0.014800692423381565,0.014800720590591992,40,error
374,0.014800685044327518,0.014800694966872308,0.014800690005599913,0.014800694966872308,40,error
375,0.014800663123155394,0.014800717150140396,0.014800690136647896,0.014800717150140396,40,error
376,0.014800707346001776,0.014800675145783964,0.01480069124589287,0.014800707346001776,40,error
377,0.014800749657784523,0.01480063055101041,0.014800690104397466,0.014800749657784523,40,error
378,0.014800808700965817,0.01480057259713305,0.014800690649049434,0.014800808700965817,40,error
379,0.014800844091517981,0.014800538643045758,0.01480069136728187,0.014800844091517981,40,error
380,0.014800796153944959,0.014800585062149037,0.014800690608046998,0.014800796153944959,40,error
381,0.014800721121287256,0.01480066084508209,0.014800690983184673,0.014800721121287256,40,error
382,0.014800626401985107,0.014800755481263127,0.014800690941624117,0.014800755481263127,40,error
383,0.014800571427821943,0.014800807548906112,0.014800689488364029,0.014800807548906112,40,error
384,0.014800621620334763,0.014800758548682572,0.014800690084508667,0.014800758548682572,40,error
385,0.014800745032927144,0.014800637787300923,0.014800691410114034,0.014800745032927144,40,error
386,0.014800896510025668,0.01480048524333726,0.014800690876681465,0.014800896510025668,40,error
387,0.01480098029534191,0.014800400050141884,0.014800690172741897,0.01480098029534191,40,error
388,0.014800932477243067,0.014800447366975899,0.014800689922109483,0.014800932477243067,40,error
389,0.014800752257627064,0.014800628279577633,0.014800690268602349,0.014800752257627064,40,error
390,0.014800502407145462,0.014800880939695225,0.014800691673420343,0.014800880939695225,40,error
391,0.014800333759679849,0.014801046336983387,0.014800690048331618,0.014801046336983387,40,error
392,0.014800382822150683,0.014800996986788922,0.014800689904469803,0.014800996986788922,40,error
393,0.014800655984000476,0.01480072765714395,0.014800691820572212,0.01480072765714395,40,error
394,0.01480105811033596,0.014800322267058727,0.014800690188697344,0.01480105811033596,40,error
395,0.014801370978272483,0.014800007451227802,0.014800689214750144,0.014801370978272483,40,error
396,0.014801384025429788,0.014800000187857775,0.014800692106643781,0.014801384025429788,40,error
397,0.014800998969247985,0.014800383057740419,0.014800691013494202,0.014800998969247985,40,error
398,0.014800337522986658,0.014801042284797514,0.014800689903892085,0.014801042284797514,40,error
399,0.014799730033449622,0.014801650072412022,0.014800690052930821,0.014801650072412022,40,error
400,0.014799565907371418,0.014801813051990758,0.014800689479681089,0.014801813051990758,40,error
401,0.014800066167781447,0.014801314691727765,0.014800690429754605,0.014801314691727765,40,error
402,0.01480110990398092,0.014800272712842169,0.014800691308411544,0.01480110990398092,40,error
403,0.014802228347455157,0.014799152655678752,0.014800690501566955,0.014802228347455157,40,error
404,0.014802771218499957,0.014798609372777974,0.014800690295638966,0.014802771218499957,40,error
405,0.014802250216933752,0.014799131769555251,0.014800690993244502,0.014802250216933752,40,error
406,0.014800678967361243,0.014800701743868359,0.0148006903556148,0.014800701743868359,40,error
407,0.014798702771775802,0.014802677324945644,0.014800690048360723,0.014802677324945644,40,error
408,0.014797380417205495,0.014803999052509209,0.014800689734857351,0.014803999052509209,40,error
409,0.014797677983095335,0.01480370167188122,0.014800689827488278,0.01480370167188122,40,error
410,0.014799834412813323,0.01480154660693997,0.014800690509876646,0.01480154660693997,40,error
411,0.014803104868328053,0.014798276761631882,0.014800690814979967,0.014803104868328053,40,error
412,0.014805868067644924,0.014795511781355892,0.014800689924500409,0.014805868067644924,40,error
413,0.014806374656745324,0.014795002290306976,0.01480068847352615,0.014806374656745324,40,error
414,0.01480376475334836,0.014797612721497619,0.01480068873742299,0.01480376475334836,40,error
415,0.01479872871948587,0.014802653954514307,0.014800691337000089,0.014802653954514307,40,error
416,0.01479356254301574,0.014807817183063392,0.014800689863039566,0.014807817183063392,40,error
417,0.014791205652466643,0.01481016748748529,0.014800686569975966,0.01481016748748529,40,error
418,0.014793692910543266,0.014807685444452138,0.014800689177497703,0.014807685444452138,40,error
419,0.014800812438056242,0.014800570033369202,0.014800691235712721,0.014800812438056242,40,error
420,0.014809601584040731,0.014791771567158779,0.014800686575599756,0.014809601584040731,40,error
421,0.014815472819362248,0.014785891103480765,0.014800681961421506,0.014815472819362248,40,error
422,0.014814417718495634,0.01478695279696349,0.014800685257729563,0.014814417718495634,40,error
423,0.014805387589915193,0.014795993104398076,0.014800690347156635,0.014805387589915193,40,error
424,0.014791667509453833,0.014809707229345458,0.014800687369399646,0.014809707229345458,40,error
425,0.014779907921886614,0.014821443032654006,0.01480067547727031,0.014821443032654006,40,error
426,0.014777168034835371,0.014824175422822775,0.014800671728829073,0.014824175422822775,40,error
427,0.01478703066251015,0.014814336854776986,0.014800683758643568,0.014814336854776986,40,error
428,0.014806650435048273,0.014794728226704598,0.014800689330876436,0.014806650435048273,40,error
429,0.014827176148468305,0.014774156375715872,0.014800666262092088,0.014827176148468305,40,error
430,0.014837366589873703,0.01476392325486401,0.014800644922368857,0.014837366589873703,40,error
431,0.014829298593243296,0.014772029342124491,0.014800663967683893,0.014829298593243296,40,error
432,0.014803792118251925,0.014797588213930353,0.01480069016609114,0.014803792118251925,40,error
433,0.014771338729158857,0.014829981775466098,0.014800660252312477,0.014829981775466098,40,error
434,0.014748540667002064,0.014852655609011091,0.014800598138006577,0.014852655609011091,40,error
435,0.014750263170664883,0.014850946407630518,0.0148006047891477,0.014850946407630518,40,error
436,0.01478000567413626,0.014821346251782235,0.014800675962959246,0.014821346251782235,40,error
437,0.014826819794458417,0.014774515616972643,0.014800667705715531,0.014826819794458417,40,error
438,0.014868088878147586,0.014732984347994693,0.014800536613071139,0.014868088878147586,40,error
439,0.014879656005546023,0.014721298968972575,0.014800477487259298,0.014879656005546023,40,error
440,0.014850486542893006,0.014750725262704406,0.014800605902798705,0.014850486542893006,40,error
441,0.014788423892851206,0.014812949351696646,0.014800686622273927,0.014812949351696646,40,error
442,0.014721624993621583,0.014879334925220858,0.014800479959421221,0.014879334925220858,40,error
443,0.014687077981338618,0.01491343405372537,0.014800256017531994,0.01491343405372537,40,error
444,0.014708087838993092,0.014892716594525122,0.014800402216759108,0.014892716594525122,40,error
445,0.014783956977573143,0.014817405354126949,0.014800681165850045,0.014817405354126949,40,error
446,0.01488121123405919,0.014719728300469465,0.014800469767264329,0.01488121123405919,40,error
447,0.014948941935750654,0.014650941625907953,0.014799941780829304,0.014948941935750654,40,error
448,0.014948721987606842,0.014651164199330824,0.014799943093468833,0.014948721987606842,40,error
449,0.014866215419113718,0.014734870121869179,0.014800542770491448,0.014866215419113718,40,error
450,0.014734638849324157,0.014866446838104766,0.014800542843714463,0.014866446838104766,40,error
451,0.014619330948899955,0.014979854633124564,0.01479959279101226,0.014979854633124564,40,error
452,0.014581996399791042,0.015016199494359263,0.014799097947075152,0.015016199494359263,40,error
453,0.014662601283264664,0.014937504427974414,0.014800052855619538,0.014937504427974414,40,error
454,0.014827655007073382,0.014773675353739982,0.014800665180406682,0.014827655007073382,40,error
455,0.014998412459360112,0.014600286892069944,0.014799349675715029,0.014998412459360112,40,error
456,0.0150908917191378,0.014504685748968554,0.014797788734053177,0.0150908917191378,40,error
457,0.01503251285530912,0.014565181531632006,0.014798847193470563,0.01503251285530912,40,error
458,0.014844889648648473,0.014756354894035519,0.014800622271341997,0.014844889648648473,40,error
459,0.014604544529087545,0.014994268311978778,0.014799406420533161,0.014994268311978778,40,error
460,0.014427535573008946,0.015164667130546188,0.014796101351777568,0.015164667130546188,40,error
461,0.014444400206130805,0.01514860348407158,0.014796501845101192,0.01514860348407158,40,error
462,0.014645127835433517,0.014954635012238909,0.014799881423836213,0.014954635012238909,40,error
463,0.014956415822344814,0.014643308474001351,0.014799862148173082,0.014956415822344814,40,error
464,0.015226693174061168,0.014362056409349209,0.014794374791705188,0.015226693174061168,40,error
465,0.015279950456840668,0.014305383062848944,0.014792666759844806,0.015279950456840668,40,error
466,0.015107819589798944,0.014487049904003617,0.01479743474690128,0.015107819589798944,40,error
467,0.014728445070177945,0.014872582149527054,0.0148005136098525,0.014872582149527054,40,error
468,0.014325400480751826,0.01526118606485534,0.014793293272803583,0.01526118606485534,40,error
469,0.01416050903431574,0.015414308095241752,0.014787408564778746,0.015414308095241752,40,error
470,0.014279954189505725,0.015303715729499958,0.014791834959502842,0.015303715729499958,40,error
471,0.014733263289060789,0.014867812599199696,0.014800537944130242,0.014867812599199696,40,error
472,0.015248897335771998,0.01433848052769676,0.01479368893173438,0.015248897335771998,40,error
473,0.01553310667705235,0.014030089266494447,0.014781597971773398,0.01553310667705235,40,error
474,0.015533513081648916,0.014029642488899808,0.014781577785274362,0.015533513081648916,40,error
475,0.015061214347969821,0.01453549687820442,0.014798355613087122,0.015061214347969821,40,error
476,0.014425080051465838,0.015167000688115523,0.01479604036979068,0.015167000688115523,40,error
477,0.01394485005222808,0.01560967874138827,0.014777264396808175,0.01560967874138827,40,error
478,0.013758590883977802,0.015774093028685862,0.014766341956331832,0.015774093028685862,40,error
479,0.014292936810919369,0.015291591829049723,0.014792264319984545,0.015291591829049723,40,error
480,0.014996102135847669,0.014602664943260926,0.014799383539554296,0.014996102135847669,40,error
481,0.015614978430404979,0.013938915350850211,0.014776946890627595,0.015614978430404979,40,error
482,0.01598685541182891,0.013510783686055789,0.01474881954894235,0.01598685541182891,40,error
483,0.015523340568459797,0.014040893530410102,0.01478211704943495,0.015523340568459797,40,error
484,0.014875432942071064,0.014725569408239773,0.014800501175155419,0.014875432942071064,40,error
485,0.014038319427257133,0.015525670763682305,0.014781995095469718,0.015525670763682305,40,error
486,0.013345877599113841,0.016124775994922316,0.014735326797018078,0.016124775994922316,40,error
487,0.013831583827417695,0.0157101295325052,0.014770856679961447,0.0157101295325052,40,error
488,0.014359733038436408,0.01522888409181536,0.014794308565125884,0.01522888409181536,40,error
489,0.01533100690677782,0.014250650282232985,0.014790828594505402,0.01533100690677782,40,error
490,0.01614775788668735,0.01331806224155824,0.014732910064122796,0.01614775788668735,40,error
491,0.015821690228022597,0.013703833410069394,0.014762761819045995,0.015821690228022597,40,error
492,0.015647084077289545,0.013902863533555033,0.014774973805422288,0.015647084077289545,40,error
493,0.014542913427291491,0.015054051487744115,0.014798482457517803,0.015054051487744115,40,error
494,0.013426082882637845,0.01605805527775779,0.014742069080197817,0.01605805527775779,40,error
495,0.01365705552394153,0.015862083538568002,0.014759569531254766,0.015862083538568002,40,error
496,0.013342252975134325,0.016127776854185562,0.014735014914659943,0.016127776854185562,40,error
497,0.01473064842027241,0.01487040382007925,0.014800526120175829,0.01487040382007925,40,error
498,0.015892775324000852,0.013621324683443709,0.01475705000372228,0.015892775324000852,40,error
499,0.015929505621175653,0.01357835362138942,0.014753929621282537,0.015929505621175653,40,error
500,0.016747768731436224,0.012555202976089395,0.01465148585376281,0.016747768731436224,40,error
501,0.015254802336284552,0.014332195575763592,0.014793498956024071,0.015254802336284552,40,error
502,0.01399159802468201,0.015567789105832135,0.014779693565257074,0.015567789105832135,40,error
503,0.01354115516031578,0.01596114101101374,0.01475114808566476,0.01596114101101374,40,error
504,0.011459660165452709,0.017515622820106214,0.014487641492779462,0.017515622820106214,40,error
505,0.01378113220366883,0.015754404415557526,0.014767768309613178,0.015754404415557526,40,error
506,0.015080743403615166,0.014515233939390375,0.014797988671502772,0.015080743403615166,40,error
507,0.016145584019639645,0.01332069656854972,0.014733140294094681,0.016145584019639645,40,error
508,0.0182533196781954,0.010243885909092339,0.014248602793643868,0.0182533196781954,40,error
509,0.016108180445671732,0.013365904822415405,0.014737042634043568,0.016108180445671732,40,error
510,0.014797863431093005,0.01480351561802732,0.014800689524560161,0.01480351561802732,40,error
511,0.013310156600708181,0.016154273787900863,0.014732215194304522,0.016154273787900863,40,error
512,0.017414648107122142,0.014800690805023897,0.016107669456073018,0.017414648107122142,40,error
1,3.013304560618824,2.429375180653205,2.7213398706360143,3.013304560618824,47,fno
2,2.294833651175517,2.0769893362869034,2.1859114937312105,2.294833651175517,47,fno
3,1.5100448319535371,1.3163346323725387,1.4131897321630378,1.5100448319535371,47,fno
4,0.5617826534537904,0.9035923384273098,0.73268749594055,0.9035923384273098,47,fno
5,0.4888493403056756,0.44922668772345914,0.46903801401456735,0.4888493403056756,47,fno
6,0.6004980752864172,0.44313312338617167,0.5218155993362944,0.6004980752864172,47,fno
7,0.5407690587479815,0.5250035473226958,0.5328863030353387,0.5407690587479815,47,fno
8,0.45973885845706014,0.33362562034956644,0.39668223940331326,0.45973885845706014,47,fno
9,0.3543461796053791,0.23435571392441398,0.29435094676489654,0.3543461796053791,47,fno
10,0.28635654594157534,0.3175394917788535,0.3019480188602144,0.3175394917788535,47,fno
11,0.3063735944498321,0.2865711189505263,0.2964723567001792,0.3063735944498321,47,fno
12,0.23305576285287058,0.16336046945980656,0.19820811615633857,0.23305576285287058,47,fno
13,0.10151863569430361,0.11796857654355726,0.10974360611893044,0.11796857654355726,47,fno
14,0.05351811304542848,0.04517088819872601,0.04934450062207724,0.05351811304542848,47,fno
15,0.026948251630887574,0.028708038036823494,0.027828144833855532,0.028708038036823494,47,fno
16,0.014315611142955499,0.018733405488380678,0.01652450831566809,0.018733405488380678,47,fno
17,0.01450719098555105,0.015665900100086436,0.015086545542818743,0.015665900100086436,47,fno
18,0.013126185822065425,0.012831565742983915,0.012978875782524671,0.013126185822065425,47,fno
19,0.013657289181801428,0.015280637160382532,0.014468963171091979,0.015280637160382532,47,fno
20,0.015226009399612784,0.014670625504174655,0.01494831745189372,0.015226009399612784,47,fno
21,0.013395188749756008,0.016406377920143093,0.014900783334949552,0.016406377920143093,47,fno
22,0.014994067239225355,0.014274134112002899,0.014634100675614128,0.014994067239225355,47,fno
23,0.014769023429979438,0.014228439144517485,0.014498731287248462,0.014769023429979438,47,fno
24,0.013385376157960642,0.014725532447183906,0.014055454302572275,0.014725532447183906,47,fno
25,0.014307777503540661,0.013304896950331803,0.013806337226936232,0.014307777503540661,47,fno
26,0.013892486100507154,0.014472904033332859,0.014182695066920006,0.014472904033332859,47,fno
27,0.01491454131003781,0.013502620658134354,0.014208580984086082,0.01491454131003781,47,fno
28,0.014291093250077982,0.014344294365267516,0.01431769380767275,0.014344294365267516,47,fno
29,0.01471196815419837,0.014006876305925904,0.014359422230062136,0.01471196815419837,47,fno
30,0.014625426699102632,0.013810464815836667,0.014217945757469649,0.014625426699102632,47,fno
31,0.01420525268022198,0.013992896936834953,0.014099074808528466,0.01420525268022198,47,fno
32,0.014523250037414696,0.01380857567591039,0.014165912856662542,0.014523250037414696,47,fno
33,0.014075004517580111,0.01437249677797429,0.0142237506477772,0.01437249677797429,47,fno
34,0.014485393614140932,0.013849543967828315,0.014167468790984624,0.014485393614140932,47,fno
35,0.0140826802844025,0.01425184621198254,0.01416726324819252,0.01425184621198254,47,fno
36,0.014096714648888047,0.014169471054502135,0.014133092851695091,0.014169471054502135,47,fno
37,0.014022623457937833,0.01409318716036847,0.014057905309153152,0.01409318716036847,47,fno
38,0.013955175528004434,0.014270425442117401,0.014112800485060917,0.014270425442117401,47,fno
39,0.014223960372688672,0.014164629777621505,0.01419429507515509,0.014223960372688672,47,fno
40,0.013965215793258972,0.014415638858910531,0.014190427326084751,0.014415638858910531,47,fno
41,0.014211433389842959,0.014226556125633035,0.014218994757737996,0.014226556125633035,47,fno
42,0.014149929643246106,0.014275366717639026,0.014212648180442565,0.014275366717639026,47,fno
43,0.014088011124356635,0.01425669088627312,0.014172351005314877,0.01425669088627312,47,fno
44,0.01416163043828355,0.014120754530486982,0.014141192484385265,0.01416163043828355,47,fno
45,0.014060635959517521,0.014204053039680305,0.014132344499598912,0.014204053039680305,47,fno
46,0.014237199883249965,0.014048578034921334,0.01414288895908565,0.014237199883249965,47,fno
47,0.01407944499875093,0.01414648184714187,0.0141129634229464,0.01414648184714187,47,fno
48,0.01412995412759361,0.01407509971926523,0.01410252692342942,0.01412995412759361,47,fno
49,0.01417486771462303,0.014069854865727439,0.014122361290175234,0.01417486771462303,47,fno
50,0.014122385693608899,0.014114030815703792,0.014118208254656345,0.014122385693608899,47,fno
51,0.014151795090485935,0.014069092199236537,0.014110443644861236,0.014151795090485935,47,fno
52,0.01410882832028943,0.014147403170328188,0.01412811574530881,0.014147403170328188,47,fno
53,0.014197446929480665,0.014102026755193925,0.014149736842337295,0.014197446929480665,47,fno
54,0.014112517528104489,0.014154329681263095,0.014133423604683792,0.014154329681263095,47,fno
55,0.014112242284753485,0.014136431001338849,0.014124336643046166,0.014136431001338849,47,fno
56,0.014144666537880936,0.014135351167370922,0.014140008852625929,0.014144666537880936,47,fno
57,0.014106204260027554,0.014145821706865444,0.014126012983446498,0.014145821706865444,47,fno
58,0.014106621814547513,0.014119368744885997,0.014112995279716755,0.014119368744885997,47,fno
59,0.014096712352919134,0.014149747670029739,0.014123230011474436,0.014149747670029739,47,fno
60,0.014135615670102013,0.014122701293156651,0.014129158481629333,0.014135615670102013,47,fno
61,0.014114481542487213,0.014135492877683066,0.014124987210085139,0.014135492877683066,47,fno
62,0.014117168510749515,0.014135952568701133,0.014126560539725323,0.014135952568701133,47,fno
63,0.014145045522493564,0.014128367151277264,0.014136706336885414,0.014145045522493564,47,fno
64,0.014135943567007146,0.014134192350482265,0.014135067958744706,0.014135943567007146,47,fno
65,0.014141006032237323,0.014123260183055653,0.014132133107646487,0.014141006032237323,47,fno
66,0.014138123566245789,0.014135420785202973,0.014136772175724382,0.014138123566245789,47,fno
67,0.014150698418522614,0.014122663121504155,0.014136680770013385,0.014150698418522614,47,fno
68,0.014141317983684409,0.014124530404197916,0.014132924193941163,0.014141317983684409,47,fno
69,0.01413331152872611,0.01412837853778821,0.01413084503325716,0.01413331152872611,47,fno
70,0.01414212229718646,0.014121290533431405,0.014131706415308932,0.01414212229718646,47,fno
71,0.014132213730632686,0.014126953655781626,0.014129583693207156,0.014132213730632686,47,fno
72,0.014131478914212231,0.014123720844930967,0.014127599879571599,0.014131478914212231,47,fno
73,0.01412963033124967,0.014131555969817763,0.014130593150533718,0.014131555969817763,47,fno
74,0.014132741214928602,0.01412817125874941,0.014130456236839006,0.014132741214928602,47,fno
75,0.014127066086382969,0.01412933802988939,0.01412820205813618,0.01412933802988939,47,fno
76,0.014126112569828988,0.014133038746985422,0.014129575658407206,0.014133038746985422,47,fno
77,0.014130884891564478,0.014130487522759205,0.014130686207161841,0.014130884891564478,47,fno
78,0.014125625397285214,0.014131429683498124,0.014128527540391669,0.014131429683498124,47,fno
79,0.014126174433817182,0.01412985040830948,0.01412801242106333,0.01412985040830948,47,fno
80,0.01412862710063825,0.014131617339306929,0.01413012221997259,0.014131617339306929,47,fno
81,0.014128583575735527,0.014128768403135195,0.01412867598943536,0.014128768403135195,47,fno
82,0.014125520194367107,0.014127804449264345,0.014126662321815725,0.014127804449264345,47,fno
83,0.014128019611588894,0.014129519566360034,0.014128769588974464,0.014129519566360034,47,fno
84,0.01413073622127331,0.01412810781771637,0.014129422019494839,0.01413073622127331,47,fno
85,0.014127118028779551,0.014127740780156998,0.014127429404468275,0.014127740780156998,47,fno
86,0.014127617066549332,0.014128335391718736,0.014127976229134035,0.014128335391718736,47,fno
87,0.01413093283013275,0.014129173731661428,0.014130053280897089,0.01413093283013275,47,fno
88,0.014129842431887855,0.0141286410903928,0.014129241761140329,0.014129842431887855,47,fno
89,0.01412754927685301,0.014128622829266644,0.014128086053059827,0.014128622829266644,47,fno
90,0.014129543179618481,0.01412997157734156,0.014129757378480021,0.01412997157734156,47,fno
91,0.014131287949756856,0.014129463099644366,0.01413037552470061,0.014131287949756856,47,fno
92,0.014128411325728832,0.014129335406099001,0.014128873365913917,0.014129335406099001,47,fno
93,0.01412838216778371,0.014129733323277655,0.014129057745530683,0.014129733323277655,47,fno
94,0.0141308820070527,0.014129894132493001,0.014130388069772851,0.0141308820070527,47,fno
95,0.014130158946212331,0.014129531273630851,0.014129845109921591,0.014130158946212331,47,fno
96,0.014128469654343506,0.01412939961242665,0.014128934633385078,0.01412939961242665,47,fno
97,0.014129943406824793,0.014129761961618541,0.014129852684221667,0.014129943406824793,47,fno
98,0.014131388036669046,0.014129312414108496,0.01413035022538877,0.014131388036669046,47,fno
99,0.014129652792805222,0.014129096572741646,0.014129374682773435,0.014129652792805222,47,fno
100,0.01412949873011753,0.01412930754909489,0.01412940313960621,0.01412949873011753,47,fno
101,0.014131228462126352,0.01412927406754074,0.014130251264833546,0.014131228462126352,47,fno
102,0.014130864496409228,0.014128923300037524,0.014129893898223375,0.014130864496409228,47,fno
103,0.01412951851514079,0.014129002748382625,0.014129260631761707,0.01412951851514079,47,fno
104,0.014130265760747544,0.014129103613221797,0.01412968468698467,0.014130265760747544,47,fno
105,0.014131052103651034,0.014128835496566737,0.014129943800108884,0.014131052103651034,47,fno
106,0.014129937087682393,0.014128791096462454,0.014129364092072424,0.014129937087682393,47,fno
107,0.01412953525145228,0.014129030643263374,0.014129282947357828,0.01412953525145228,47,fno
108,0.014130385049747946,0.014128916388106075,0.01412965071892701,0.014130385049747946,47,fno
109,0.014130137875780373,0.014128743012472094,0.014129440444126232,0.014130137875780373,47,fno
110,0.014129354242633115,0.014128934518517832,0.014129144380575474,0.014129354242633115,47,fno
111,0.014129656261174397,0.014129019002339979,0.014129337631757187,0.014129656261174397,47,fno
112,0.014130022744825537,0.01412881346625301,0.014129418105539273,0.014130022744825537,47,fno
113,0.014129512833719231,0.014128820324345134,0.014129166579032182,0.014129512833719231,47,fno
114,0.014129317046908726,0.014129023512022288,0.014129170279465506,0.014129317046908726,47,fno
115,0.014129713692404747,0.014128909128341508,0.014129311410373126,0.014129713692404747,47,fno
116,0.014129612114319805,0.014128772667624013,0.01412919239097191,0.014129612114319805,47,fno
117,0.014129292159293991,0.014128942792024793,0.014129117475659392,0.014129292159293991,47,fno
118,0.014129461227778244,0.014129014992447307,0.014129238110112775,0.014129461227778244,47,fno
119,0.014129596712531242,0.014128844277652541,0.014129220495091892,0.014129596712531242,47,fno
120,0.014129382671984846,0.014128882415033935,0.01412913254350939,0.014129382671984846,47,fno
121,0.01412939320542565,0.014129052902113205,0.014129223053769426,0.01412939320542565,47,fno
122,0.014129549966194912,0.014129017900300207,0.014129283933247559,0.014129549966194912,47,fno
123,0.014129468015979127,0.014128920936080114,0.01412919447602962,0.014129468015979127,47,fno
124,0.014129397959497164,0.014129055027497034,0.014129226493497099,0.014129397959497164,47,fno
125,0.014129548595426504,0.014129136261011489,0.014129342428218996,0.014129548595426504,47,fno
126,0.014129559269909915,0.014129033068253787,0.014129296169081852,0.014129559269909915,47,fno
127,0.014129473177926673,0.014129038698753342,0.014129255938340007,0.014129473177926673,47,fno
128,0.014129582843283826,0.014129142809377953,0.014129362826330889,0.014129582843283826,47,fno
129,0.0141296606449438,0.014129128258658294,0.014129394451801048,0.0141296606449438,47,fno
130,0.014129572132093513,0.014129043130732299,0.014129307631412905,0.014129572132093513,47,fno
131,0.014129583129160779,0.014129101724046465,0.014129342426603622,0.014129583129160779,47,fno
132,0.014129730994815315,0.01412914442343365,0.014129437709124483,0.014129730994815315,47,fno
133,0.01412969386140712,0.014129084016418896,0.014129388938913008,0.01412969386140712,47,fno
134,0.01412961067144573,0.014129067339606421,0.014129339005526076,0.01412961067144573,47,fno
135,0.01412972055883196,0.014129104376166622,0.01412941246749929,0.01412972055883196,47,fno
136,0.014129781710661949,0.014129085850704388,0.014129433780683168,0.014129781710661949,47,fno
137,0.014129669779342342,0.014129050497195152,0.014129360138268748,0.014129669779342342,47,fno
138,0.014129674377922742,0.014129057973095268,0.014129366175509004,0.014129674377922742,47,fno
139,0.014129773703734274,0.014129074618815188,0.014129424161274731,0.014129773703734274,47,fno
140,0.01412973465353776,0.01412903820431105,0.014129386428924405,0.01412973465353776,47,fno
141,0.01412964197490285,0.014129031540456517,0.014129336757679682,0.01412964197490285,47,fno
142,0.014129704667487804,0.014129039054198251,0.014129371860843027,0.014129704667487804,47,fno
143,0.014129750128677935,0.01412902400913689,0.014129387068907411,0.014129750128677935,47,fno
144,0.014129663152824191,0.014129007706440593,0.014129335429632392,0.014129663152824191,47,fno
145,0.014129643550667254,0.014129003660925094,0.014129323605796173,0.014129643550667254,47,fno
146,0.014129695470691312,0.014129005227548432,0.01412935034911987,0.014129695470691312,47,fno
147,0.014129679336656516,0.014128988381865272,0.014129333859260894,0.014129679336656516,47,fno
148,0.014129609762230707,0.014128997827621857,0.014129303794926282,0.014129609762230707,47,fno
149,0.01412963575091608,0.014128996293427048,0.014129316022171564,0.01412963575091608,47,fno
150,0.014129663532608677,0.014128986668269339,0.014129325100439008,0.014129663532608677,47,fno
151,0.01412961669038996,0.014128989720732022,0.014129303205560991,0.01412961669038996,47,fno
152,0.014129594697068851,0.014128999088928406,0.01412929689299863,0.014129594697068851,47,fno
153,0.014129621877726945,0.014128997762524227,0.014129309820125585,0.014129621877726945,47,fno
154,0.014129617480946528,0.014128994923355658,0.014129306202151092,0.014129617480946528,47,fno
155,0.014129584887182597,0.01412901380518788,0.014129299346185238,0.014129584887182597,47,fno
156,0.014129586269903916,0.014129022353604179,0.014129304311754048,0.014129586269903916,47,fno
157,0.014129605330934353,0.01412900867258741,0.01412930700176088,0.014129605330934353,47,fno
158,0.014129589772883033,0.01412902122395703,0.014129305498420033,0.014129589772883033,47,fno
159,0.014129581146504117,0.014129035432638574,0.014129308289571346,0.014129581146504117,47,fno
160,0.014129591624251934,0.014129030137153886,0.014129310880702909,0.014129591624251934,47,fno
161,0.014129593695758641,0.014129029022917346,0.014129311359337994,0.014129593695758641,47,fno
162,0.014129593934186356,0.014129036650250172,0.014129315292218263,0.014129593934186356,47,fno
163,0.014129592200991034,0.014129045194303006,0.01412931869764702,0.014129592200991034,47,fno
164,0.014129606712590028,0.014129029360866515,0.014129318036728272,0.014129606712590028,47,fno
165,0.01412960541033724,0.014129033962661176,0.014129319686499208,0.01412960541033724,47,fno
166,0.014129615086143037,0.014129037174223254,0.014129326130183147,0.014129615086143037,47,fno
167,0.014129619494665216,0.014129032170770358,0.014129325832717787,0.014129619494665216,47,fno
168,0.01412961788608602,0.01412902784655044,0.014129322866318229,0.01412961788608602,47,fno
169,0.014129627489692181,0.014129026834514669,0.014129327162103425,0.014129627489692181,47,fno
170,0.014129624723358044,0.014129031374237096,0.01412932804879757,0.014129624723358044,47,fno
171,0.01412962731500759,0.014129021765112696,0.014129324540060143,0.01412962731500759,47,fno
172,0.014129622534634888,0.014129025126292983,0.014129323830463936,0.014129622534634888,47,fno
173,0.014129624807251485,0.014129030734061779,0.014129327770656633,0.014129624807251485,47,fno
174,0.014129627075271996,0.014129028437053383,0.014129327756162689,0.014129627075271996,47,fno
175,0.01412961535214913,0.01412902603730206,0.014129320694725594,0.01412961535214913,47,fno
176,0.014129618505630716,0.014129025086063918,0.014129321795847317,0.014129618505630716,47,fno
177,0.014129616597742244,0.014129032517033487,0.014129324557387865,0.014129616597742244,47,fno
178,0.014129611436995535,0.01412902870540523,0.014129320071200383,0.014129611436995535,47,fno
179,0.014129606155829122,0.014129026695663353,0.014129316425746236,0.014129606155829122,47,fno
180,0.014129605374591807,0.014129034749326929,0.014129320061959369,0.014129605374591807,47,fno
181,0.014129611208544451,0.014129026200289503,0.014129318704416978,0.014129611208544451,47,fno
182,0.014129598703203917,0.014129028856438188,0.014129313779821052,0.014129598703203917,47,fno
183,0.014129608182223002,0.014129019548310093,0.014129313865266547,0.014129608182223002,47,fno
184,0.014129610285175299,0.014129021137798205,0.014129315711486751,0.014129610285175299,47,fno
185,0.014129609941799542,0.014129016960397436,0.01412931345109849,0.014129609941799542,47,fno
186,0.014129609940373877,0.014129013755862575,0.014129311848118227,0.014129609940373877,47,fno
187,0.0141296101613187,0.014129015202878145,0.014129312682098423,0.0141296101613187,47,fno
188,0.014129614547364644,0.014129009978642025,0.014129312263003334,0.014129614547364644,47,fno
189,0.014129608225178298,0.01412901482227266,0.014129311523725478,0.014129608225178298,47,fno
190,0.014129605859996572,0.014129014373273475,0.014129310116635024,0.014129605859996572,47,fno
191,0.01412960760516106,0.014129013910865273,0.014129310758013167,0.01412960760516106,47,fno
192,0.014129601440463161,0.014129020762275235,0.014129311101369198,0.014129601440463161,47,fno
193,0.014129603066868439,0.01412901941853588,0.014129311242702159,0.014129603066868439,47,fno
194,0.01412959839995002,0.014129024984069236,0.014129311692009629,0.01412959839995002,47,fno
195,0.014129597754060735,0.014129025780496561,0.014129311767278649,0.014129597754060735,47,fno
196,0.014129596728632234,0.014129024561877757,0.014129310645254994,0.014129596728632234,47,fno
197,0.014129592652717064,0.014129028536212666,0.014129310594464865,0.014129592652717064,47,fno
198,0.0141295998871526,0.014129023490243973,0.014129311688698286,0.0141295998871526,47,fno
199,0.01412959522189107,0.014129031196568572,0.014129313209229822,0.01412959522189107,47,fno
200,0.014129598690676282,0.01412902583013939,0.014129312260407836,0.014129598690676282,47,fno
201,0.014129595547563106,0.014129026914042747,0.014129311230802927,0.014129595547563106,47,fno
202,0.014129599859414494,0.014129025796515994,0.014129312827965243,0.014129599859414494,47,fno
203,0.01412960264151046,0.014129022282709833,0.014129312462110147,0.01412960264151046,47,fno
204,0.01412959744674458,0.014129026190394559,0.014129311818569568,0.01412959744674458,47,fno
205,0.014129604740969429,0.014129019812259837,0.014129312276614632,0.014129604740969429,47,fno
206,0.014129601178079317,0.014129022786485194,0.014129311982282256,0.014129601178079317,47,fno
207,0.014129602303330713,0.014129021320120056,0.014129311811725383,0.014129602303330713,47,fno
208,0.014129603282882564,0.014129021100470032,0.014129312191676298,0.014129603282882564,47,fno
209,0.014129599691404251,0.014129021379513728,0.014129310535458989,0.014129599691404251,47,fno
210,0.014129604757096927,0.014129017217471933,0.01412931098728443,0.014129604757096927,47,fno
211,0.014129598746664916,0.014129024510528852,0.014129311628596885,0.014129598746664916,47,fno
212,0.014129598565412071,0.014129022528713977,0.014129310547063024,0.014129598565412071,47,fno
213,0.014129595527683643,0.014129023080504994,0.014129309304094319,0.014129595527683643,47,fno
214,0.0141295931542249,0.014129026723951797,0.014129309939088348,0.0141295931542249,47,fno
215,0.01412959732649459,0.014129022184196646,0.014129309755345619,0.01412959732649459,47,fno
216,0.014129588224025493,0.014129029712933025,0.014129308968479259,0.014129588224025493,47,fno
217,0.014129596182253925,0.014129022211207097,0.01412930919673051,0.014129596182253925,47,fno
218,0.014129590135080796,0.014129026779887227,0.014129308457484013,0.014129590135080796,47,fno
219,0.014129594209782367,0.01412902224166607,0.014129308225724219,0.014129594209782367,47,fno
220,0.014129595232873512,0.01412902125435992,0.014129308243616717,0.014129595232873512,47,fno
221,0.014129593093405146,0.01412902304196481,0.014129308067684978,0.014129593093405146,47,fno
222,0.01412959962014056,0.014129015998724992,0.014129307809432775,0.01412959962014056,47,fno
223,0.014129593500334228,0.014129021226927009,0.01412930736363062,0.014129593500334228,47,fno
224,0.014129597828591127,0.014129015751016945,0.014129306789804036,0.014129597828591127,47,fno
225,0.014129595197025014,0.014129020258792096,0.014129307727908555,0.014129595197025014,47,fno
226,0.014129594615063915,0.014129018959514393,0.014129306787289155,0.014129594615063915,47,fno
227,0.014129597261407504,0.01412901549938955,0.014129306380398526,0.014129597261407504,47,fno
228,0.014129593716974797,0.014129022353584299,0.014129308035279547,0.014129593716974797,47,fno
229,0.014129596903081949,0.014129016656393087,0.014129306779737519,0.014129596903081949,47,fno
230,0.014129591781637677,0.01412902168609789,0.014129306733867784,0.014129591781637677,47,fno
231,0.014129592082088898,0.014129021414695507,0.014129306748392204,0.014129592082088898,47,fno
232,0.014129592222059655,0.014129021156679942,0.014129306689369799,0.014129592222059655,47,fno
233,0.014129587735524822,0.014129027640458518,0.014129307687991671,0.014129587735524822,47,fno
234,0.014129593835176004,0.014129020031241233,0.01412930693320862,0.014129593835176004,47,fno
235,0.014129584769334185,0.014129028106986212,0.014129306438160199,0.014129584769334185,47,fno
236,0.01412959189236743,0.014129023684053684,0.014129307788210557,0.01412959189236743,47,fno
237,0.01412958639605323,0.01412902721450461,0.014129306805278921,0.01412958639605323,47,fno
238,0.014129585071522637,0.014129026365082419,0.014129305718302527,0.014129585071522637,47,fno
239,0.01412958901220529,0.01412902427705911,0.0141293066446322,0.01412958901220529,47,fno
240,0.014129586762216944,0.014129027348628092,0.014129307055422518,0.014129586762216944,47,fno
241,0.01412959102232731,0.014129019215468814,0.014129305118898063,0.01412959102232731,47,fno
242,0.014129587492021162,0.01412902478296177,0.014129306137491467,0.014129587492021162,47,fno
243,0.014129591132470686,0.014129022754858226,0.014129306943664457,0.014129591132470686,47,fno
244,0.014129590158525433,0.014129019870015223,0.014129305014270328,0.014129590158525433,47,fno
245,0.01412958656755382,0.014129024203004485,0.014129305385279152,0.01412958656755382,47,fno
246,0.014129591079534855,0.014129022199434092,0.014129306639484474,0.014129591079534855,47,fno
247,0.0141295890765087,0.014129021637336718,0.014129305356922708,0.0141295890765087,47,fno
248,0.014129590380641766,0.014129019013912874,0.01412930469727732,0.014129590380641766,47,fno
249,0.014129590966770368,0.014129019117253156,0.014129305042011762,0.014129590966770368,47,fno
250,0.014129587967588137,0.014129021947983192,0.014129304957785666,0.014129587967588137,47,fno
251,0.014129591394783373,0.014129019551493718,0.014129305473138546,0.014129591394783373,47,fno
252,0.014129590840055493,0.014129021123791222,0.014129305981923357,0.014129590840055493,47,fno
253,0.014129587941343684,0.014129022844372965,0.014129305392858324,0.014129587941343684,47,fno
254,0.014129588159351324,0.014129020816389152,0.014129304487870238,0.014129588159351324,47,fno
255,0.01412958423807243,0.014129025303844954,0.014129304770958692,0.01412958423807243,47,fno
256,0.01412958901150402,0.014129018759205147,0.014129303885354584,0.01412958901150402,47,fno
257,0.014129582925816871,0.01412902405527254,0.014129303490544705,0.014129582925816871,47,fno
258,0.014129586892465438,0.014129020571444143,0.014129303731954791,0.014129586892465438,47,fno
259,0.01412958626242959,0.014129021982650078,0.014129304122539835,0.01412958626242959,47,fno
260,0.014129588038691547,0.014129020278312875,0.01412930415850221,0.014129588038691547,47,fno
261,0.014129589626614716,0.014129019949070057,0.014129304787842387,0.014129589626614716,47,fno
262,0.014129587009167582,0.014129019633341365,0.014129303321254474,0.014129587009167582,47,fno
263,0.014129587600212604,0.014129018872777803,0.014129303236495205,0.014129587600212604,47,fno
264,0.014129587840837314,0.01412901983945689,0.014129303840147102,0.014129587840837314,47,fno
265,0.014129585674078588,0.01412902114329216,0.014129303408685373,0.014129585674078588,47,fno
266,0.014129585599714138,0.014129021638559778,0.014129303619136958,0.014129585599714138,47,fno
267,0.014129583157759314,0.014129023400817887,0.0141293032792886,0.014129583157759314,47,fno
268,0.01412958539918235,0.014129021418272936,0.014129303408727643,0.01412958539918235,47,fno
269,0.014129584179588962,0.014129022318090411,0.014129303248839688,0.014129584179588962,47,fno
270,0.014129584854484357,0.01412902285683608,0.014129303855660219,0.014129584854484357,47,fno
271,0.014129586190356657,0.014129022442556871,0.014129304316456764,0.014129586190356657,47,fno
272,0.014129579111385664,0.014129026637880496,0.014129302874633081,0.014129579111385664,47,fno
273,0.014129582770908304,0.014129023346017046,0.014129303058462675,0.014129582770908304,47,fno
274,0.01412957962450343,0.014129026901269062,0.014129303262886247,0.01412957962450343,47,fno
275,0.01412957892942911,0.01412902619936773,0.01412930256439842,0.01412957892942911,47,fno
276,0.014129582824764994,0.01412902342314484,0.014129303123954917,0.014129582824764994,47,fno
277,0.014129578400849753,0.014129028691446064,0.014129303546147907,0.014129578400849753,47,fno
278,0.01412958463117021,0.014129020296502124,0.014129302463836167,0.01412958463117021,47,fno
279,0.01412957985473803,0.014129027659510527,0.01412930375712428,0.01412957985473803,47,fno
280,0.014129585172471539,0.01412901953297519,0.014129302352723364,0.014129585172471539,47,fno
281,0.014129583061599244,0.014129020167430718,0.014129301614514981,0.014129583061599244,47,fno
282,0.014129583909318238,0.014129022550231353,0.014129303229774796,0.014129583909318238,47,fno
283,0.014129588423317104,0.01412901650867116,0.014129302465994132,0.014129588423317104,47,fno
284,0.014129583322322791,0.014129021736319806,0.014129302529321298,0.014129583322322791,47,fno
285,0.014129589653619908,0.014129014700007776,0.014129302176813841,0.014129589653619908,47,fno
286,0.014129585551427112,0.014129019374318819,0.014129302462872965,0.014129585551427112,47,fno
287,0.014129584993393724,0.014129021170959571,0.014129303082176647,0.014129584993393724,47,fno
288,0.014129588171274821,0.014129015935468685,0.014129302053371753,0.014129588171274821,47,fno
289,0.014129581276181837,0.014129023788374028,0.014129302532277933,0.014129581276181837,47,fno
290,0.014129587808908942,0.014129017361775567,0.014129302585342254,0.014129587808908942,47,fno
291,0.01412958058946196,0.014129023267282964,0.014129301928372463,0.01412958058946196,47,fno
292,0.014129582891645714,0.014129020983213367,0.01412930193742954,0.014129582891645714,47,fno
293,0.014129579802423154,0.014129023093294156,0.014129301447858655,0.014129579802423154,47,fno
294,0.014129575207079198,0.014129027835838744,0.01412930152145897,0.014129575207079198,47,fno
295,0.014129582475673053,0.014129022661496994,0.014129302568585023,0.014129582475673053,47,fno
296,0.014129573618704674,0.014129030738432422,0.014129302178568549,0.014129573618704674,47,fno
297,0.01412958069356711,0.014129022619652381,0.014129301656609746,0.01412958069356711,47,fno
298,0.014129575989065623,0.014129027081587172,0.014129301535326398,0.014129575989065623,47,fno
299,0.0141295777948589,0.014129024616954268,0.014129301205906584,0.0141295777948589,47,fno
300,0.014129582336696802,0.014129022245360322,0.014129302291028562,0.014129582336696802,47,fno
301,0.014129580596313926,0.014129021434595447,0.014129301015454687,0.014129580596313926,47,fno
302,0.014129585195120949,0.014129016895836356,0.014129301045478652,0.014129585195120949,47,fno
303,0.014129580950540552,0.014129022555791404,0.014129301753165978,0.014129580950540552,47,fno
304,0.01412958388401505,0.014129020084812474,0.014129301984413763,0.01412958388401505,47,fno
305,0.014129582541424927,0.014129020550846642,0.014129301546135785,0.014129582541424927,47,fno
306,0.014129579181225703,0.014129021027498951,0.014129300104362327,0.014129579181225703,47,fno
307,0.014129585133287546,0.01412901734192013,0.014129301237603838,0.014129585133287546,47,fno
308,0.014129578740823493,0.014129023925386999,0.014129301333105245,0.014129578740823493,47,fno
309,0.014129580770484295,0.014129021759358755,0.014129301264921526,0.014129580770484295,47,fno
310,0.014129579509991705,0.01412902370343427,0.014129301606712988,0.014129579509991705,47,fno
311,0.014129575843999903,0.014129024962428398,0.01412930040321415,0.014129575843999903,47,fno
312,0.014129579179339876,0.01412902209373117,0.014129300636535523,0.014129579179339876,47,fno
313,0.014129572476028342,0.014129029678806205,0.014129301077417274,0.014129572476028342,47,fno
314,0.014129580040651981,0.014129020373983196,0.014129300207317588,0.014129580040651981,47,fno
315,0.014129574150878805,0.014129029079517573,0.014129301615198188,0.014129574150878805,47,fno
316,0.014129578744653409,0.014129023195359205,0.014129300970006307,0.014129578744653409,47,fno
317,0.014129577944134691,0.01412902418811236,0.014129301066123525,0.014129577944134691,47,fno
318,0.014129577445680302,0.014129023268659288,0.014129300357169795,0.014129577445680302,47,fno
319,0.014129581355215838,0.014129018607067959,0.014129299981141898,0.014129581355215838,47,fno
320,0.014129579152504677,0.014129020690175478,0.014129299921340079,0.014129579152504677,47,fno
321,0.01412958396348687,0.014129017291702482,0.014129300627594675,0.01412958396348687,47,fno
322,0.014129583586534246,0.01412901770812022,0.014129300647327233,0.014129583586534246,47,fno
323,0.014129583911499268,0.014129015929628747,0.014129299920564008,0.014129583911499268,47,fno
324,0.014129587242947278,0.01412901497242218,0.01412930110768473,0.014129587242947278,47,fno
325,0.014129582340516733,0.01412901981511196,0.014129301077814346,0.014129582340516733,47,fno
326,0.01412958231687257,0.014129017163766609,0.014129299740319588,0.01412958231687257,47,fno
327,0.014129580588854005,0.014129020386393387,0.014129300487623696,0.014129580588854005,47,fno
328,0.014129576877053997,0.014129024603281104,0.01412930074016755,0.014129576877053997,47,fno
329,0.014129577645829368,0.014129022867417096,0.014129300256623232,0.014129577645829368,47,fno
330,0.014129565142093906,0.01412903335325981,0.014129299247676858,0.014129565142093906,47,fno
331,0.014129571906479893,0.014129027977945668,0.014129299942212781,0.014129571906479893,47,fno
332,0.01412956645241438,0.01412903382894656,0.01412930014068047,0.01412956645241438,47,fno
333,0.014129570877123902,0.014129029435601206,0.014129300156362554,0.014129570877123902,47,fno
334,0.014129569990814049,0.014129031242608394,0.014129300616711221,0.014129569990814049,47,fno
335,0.014129569737517592,0.0141290308581007,0.014129300297809146,0.014129569737517592,47,fno
336,0.01412957713051344,0.014129021884268211,0.014129299507390825,0.01412957713051344,47,fno
337,0.014129573490501469,0.01412902622767264,0.014129299859087055,0.014129573490501469,47,fno
338,0.014129580032125999,0.014129020742838207,0.014129300387482103,0.014129580032125999,47,fno
339,0.014129576981052945,0.014129022227815828,0.014129299604434386,0.014129576981052945,47,fno
340,0.014129579196320682,0.014129019965886856,0.014129299581103769,0.014129579196320682,47,fno
341,0.014129583874383844,0.014129015074596152,0.014129299474489997,0.014129583874383844,47,fno
342,0.01412958019500522,0.014129018897902423,0.014129299546453821,0.01412958019500522,47,fno
343,0.014129585198058745,0.014129017092160072,0.014129301145109407,0.014129585198058745,47,fno
344,0.014129579507981698,0.014129019572033432,0.014129299540007564,0.014129579507981698,47,fno
345,0.014129578756956111,0.014129018337561463,0.014129298547258787,0.014129578756956111,47,fno
346,0.014129579304731582,0.014129019735772701,0.014129299520252141,0.014129579304731582,47,fno
347,0.014129572702694562,0.01412902607099766,0.014129299386846112,0.014129572702694562,47,fno
348,0.01412957487594348,0.014129025405484528,0.014129300140714004,0.01412957487594348,47,fno
349,0.014129569522877772,0.014129031964918775,0.014129300743898274,0.014129569522877772,47,fno
350,0.014129571867114004,0.014129026740571208,0.014129299303842605,0.014129571867114004,47,fno
351,0.014129566599264445,0.014129030591572164,0.014129298595418303,0.014129566599264445,47,fno
352,0.014129569464634938,0.014129029750611085,0.014129299607623012,0.014129569464634938,47,fno
353,0.014129568857076096,0.01412902892915303,0.014129298893114563,0.014129568857076096,47,fno
354,0.014129569438946872,0.014129028205032193,0.014129298821989532,0.014129569438946872,47,fno
355,0.01412957325591731,0.0141290263228833,0.014129299789400303,0.01412957325591731,47,fno
356,0.014129571342562664,0.014129028501741976,0.014129299922152321,0.014129571342562664,47,fno
357,0.014129576219962824,0.014129023759665595,0.01412929998981421,0.014129576219962824,47,fno
358,0.01412957781784191,0.014129021069811266,0.014129299443826588,0.01412957781784191,47,fno
359,0.014129576690924803,0.014129020898327117,0.01412929879462596,0.014129576690924803,47,fno
360,0.014129578856886885,0.014129017827486056,0.01412929834218647,0.014129578856886885,47,fno
361,0.014129577562662449,0.014129020127333998,0.014129298844998223,0.014129577562662449,47,fno
362,0.014129580843468725,0.01412901891776363,0.014129299880616179,0.014129580843468725,47,fno
363,0.014129579481622623,0.014129019367175595,0.01412929942439911,0.014129579481622623,47,fno
364,0.014129575928353288,0.014129024499790555,0.01412930021407192,0.014129575928353288,47,fno
365,0.014129579805297384,0.014129020681170551,0.014129300243233969,0.014129579805297384,47,fno
366,0.014129570346779072,0.014129028273583347,0.014129299310181209,0.014129570346779072,47,fno
367,0.014129575059784872,0.014129023090007914,0.014129299074896393,0.014129575059784872,47,fno
368,0.014129568277316058,0.014129028634248336,0.014129298455782197,0.014129568277316058,47,fno
369,0.014129568653292774,0.014129028167781797,0.014129298410537287,0.014129568653292774,47,fno
370,0.014129565792412572,0.014129031225323411,0.014129298508867991,0.014129565792412572,47,fno
371,0.014129561181599849,0.014129036134990638,0.014129298658295243,0.014129561181599849,47,fno
372,0.014129569738963746,0.014129030157868601,0.014129299948416173,0.014129569738963746,47,fno
373,0.014129564673864942,0.014129033586249487,0.014129299130057215,0.014129564673864942,47,fno
374,0.014129571569927628,0.014129024896400184,0.014129298233163907,0.014129571569927628,47,fno
375,0.014129568919243727,0.01412903149908471,0.014129300209164218,0.014129568919243727,47,fno
376,0.014129571908168206,0.01412902555891413,0.014129298733541167,0.014129571908168206,47,fno
377,0.014129570822180068,0.014129025723696197,0.014129298272938132,0.014129570822180068,47,fno
378,0.014129566727100654,0.014129030177999768,0.014129298452550211,0.014129566727100654,47,fno
379,0.014129569822028983,0.014129025653612674,0.014129297737820828,0.014129569822028983,47,fno
380,0.014129570218668503,0.01412902696796681,0.014129298593317657,0.014129570218668503,47,fno
381,0.014129573102140398,0.014129025777658615,0.014129299439899507,0.014129573102140398,47,fno
382,0.01412957530237164,0.014129022216294087,0.014129298759332862,0.01412957530237164,47,fno
383,0.014129565346844853,0.014129031572575664,0.014129298459710258,0.014129565346844853,47,fno
384,0.01412957354652976,0.014129023066460404,0.014129298306495081,0.01412957354652976,47,fno
385,0.014129568890683473,0.014129027989242688,0.014129298439963082,0.014129568890683473,47,fno
386,0.01412956928154098,0.014129029915348775,0.014129299598444878,0.01412956928154098,47,fno
387,0.014129571593014433,0.014129025967619736,0.014129298780317084,0.014129571593014433,47,fno
388,0.014129570849986192,0.014129025562178816,0.014129298206082504,0.014129570849986192,47,fno
389,0.014129582915285622,0.014129014668626996,0.014129298791956308,0.014129582915285622,47,fno
390,0.01412957803434123,0.014129018173014459,0.014129298103677844,0.01412957803434123,47,fno
391,0.014129588746857543,0.01412900945312983,0.014129299099993687,0.014129588746857543,47,fno
392,0.014129580448130325,0.014129017653838127,0.014129299050984225,0.014129580448130325,47,fno
393,0.014129577922414021,0.014129016661709933,0.014129297292061978,0.014129577922414021,47,fno
394,0.01412957051448428,0.01412902478795785,0.014129297651221066,0.01412957051448428,47,fno
395,0.01412956433980889,0.01412903246303612,0.014129298401422505,0.01412956433980889,47,fno
396,0.014129549768090903,0.014129048680221879,0.014129299224156391,0.014129549768090903,47,fno
397,0.014129541503794127,0.014129054338262255,0.01412929792102819,0.014129541503794127,47,fno
398,0.014129524875556543,0.014129071683012213,0.014129298279284379,0.014129524875556543,47,fno
399,0.014129525671279666,0.014129073961416725,0.014129299816348195,0.014129525671279666,47,fno
400,0.014129513046166267,0.01412908389019318,0.014129298468179723,0.014129513046166267,47,fno
401,0.01412951746367447,0.014129077701577956,0.014129297582626214,0.01412951746367447,47,fno
402,0.014129528406882258,0.014129067193174246,0.014129297800028251,0.014129528406882258,47,fno
403,0.014129538861516681,0.01412905694942866,0.014129297905472672,0.014129538861516681,47,fno
404,0.014129575063633873,0.014129021705357816,0.014129298384495843,0.014129575063633873,47,fno
405,0.01412959085792494,0.014129005304616098,0.01412929808127052,0.01412959085792494,47,fno
406,0.014129634676883933,0.014128960335713434,0.014129297506298683,0.014129634676883933,47,fno
407,0.014129661788898648,0.014128934723500323,0.014129298256199485,0.014129661788898648,47,fno
408,0.014129678709521325,0.014128919311792823,0.014129299010657074,0.014129678709521325,47,fno
409,0.014129700765107344,0.014128896586100724,0.014129298675604033,0.014129700765107344,47,fno
410,0.014129671511439958,0.014128925196700653,0.014129298354070306,0.014129671511439958,47,fno
411,0.014129654351044223,0.014128942816668114,0.014129298583856168,0.014129654351044223,47,fno
412,0.014129617363327475,0.01412897793902948,0.014129297651178478,0.014129617363327475,47,fno
413,0.01412951463946223,0.014129079251442075,0.014129296945452154,0.01412951463946223,47,fno
414,0.014129525136078357,0.014129071099398831,0.014129298117738595,0.014129525136078357,47,fno
415,0.014129333360371817,0.014129262562537595,0.014129297961454707,0.014129333360371817,47,fno
416,0.014129412288506914,0.014129185330679993,0.014129298809593453,0.014129412288506914,47,fno
417,0.014129230559977784,0.01412936617965916,0.014129298369818473,0.01412936617965916,47,fno
418,0.014129313845794342,0.014129280236364297,0.01412929704107932,0.014129313845794342,47,fno
419,0.014129335208899663,0.014129262926421079,0.014129299067660372,0.014129335208899663,47,fno
420,0.014129317002475482,0.014129280524705743,0.014129298763590613,0.014129317002475482,47,fno
421,0.014129645181424818,0.014128948944930886,0.01412929706317785,0.014129645181424818,47,fno
422,0.014129506131671625,0.014129089894548202,0.014129298013109914,0.014129506131671625,47,fno
423,0.014130013882644508,0.014128581551005824,0.014129297716825166,0.014130013882644508,47,fno
424,0.014129895280464088,0.014128699528240399,0.014129297404352243,0.014129895280464088,47,fno
425,0.014130178500356833,0.01412841899419167,0.014129298747274251,0.014130178500356833,47,fno
426,0.014130303189258696,0.014128293957712186,0.014129298573485442,0.014130303189258696,47,fno
427,0.014129980229627708,0.01412861463653775,0.014129297433082728,0.014129980229627708,47,fno
428,0.01413032522277956,0.014128270219584195,0.014129297721181877,0.01413032522277956,47,fno
429,0.014129524605182658,0.014129070848310492,0.014129297726746575,0.014129524605182658,47,fno
430,0.014129568746637898,0.014129027490133091,0.014129298118385494,0.014129568746637898,47,fno
431,0.014129079915380365,0.014129517205517054,0.01412929856044871,0.014129517205517054,47,fno
432,0.014128098351740325,0.01413049726717757,0.014129297809458947,0.01413049726717757,47,fno
433,0.014128805546726849,0.014129788529199765,0.014129297037963307,0.014129788529199765,47,fno
434,0.014126785168129251,0.014131810665740678,0.014129297916934964,0.014131810665740678,47,fno
435,0.014128602458509398,0.014129994301377237,0.014129298379943318,0.014129994301377237,47,fno
436,0.014126988130869222,0.014131605814907576,0.014129296972888398,0.014131605814907576,47,fno
437,0.014128328398438413,0.014130269216664597,0.014129298807551505,0.014130269216664597,47,fno
438,0.014129525813842933,0.014129071510753877,0.014129298662298406,0.014129525813842933,47,fno
439,0.014128343509086734,0.014130251909276997,0.014129297709181865,0.014130251909276997,47,fno
440,0.014133458470726707,0.014125134866010726,0.014129296668368718,0.014133458470726707,47,fno
441,0.014129653792900087,0.014128939074664622,0.014129296433782353,0.014129653792900087,47,fno
442,0.014136137504532357,0.014122453683945529,0.014129295594238943,0.014136137504532357,47,fno
443,0.014132947041634656,0.01412564839871065,0.014129297720172653,0.014132947041634656,47,fno
444,0.014134929378665218,0.014123664676031185,0.014129297027348203,0.014134929378665218,47,fno
445,0.014136835651935057,0.014121755863891602,0.01412929575791333,0.014136835651935057,47,fno
446,0.01412982190846956,0.014128774246975673,0.014129298077722617,0.01412982190846956,47,fno
447,0.014137265856266509,0.014121325790550638,0.014129295823408574,0.014137265856266509,47,fno
448,0.014124333528224219,0.01413426036612394,0.014129296947174078,0.01413426036612394,47,fno
449,0.01412997228725968,0.014128623262193874,0.014129297774726778,0.01412997228725968,47,fno
450,0.01412292342696876,0.014135666622737424,0.014129295024853092,0.014135666622737424,47,fno
451,0.0141155855421898,0.014142996618949105,0.014129291080569453,0.014142996618949105,47,fno
452,0.014126184178365107,0.014132412534017848,0.014129298356191478,0.014132412534017848,47,fno
453,0.014103205484952747,0.014155341096965294,0.01412927329095902,0.014155341096965294,47,fno
454,0.014128829356724725,0.014129766984064207,0.014129298170394466,0.014129766984064207,47,fno
455,0.014106851525292192,0.0141517088076398,0.014129280166465995,0.0141517088076398,47,fno
456,0.014124561689206278,0.014134030455791908,0.014129296072499093,0.014134030455791908,47,fno
457,0.014133590320167871,0.014125002895554607,0.01412929660786124,0.014133590320167871,47,fno
458,0.014115421687303141,0.014143159023991965,0.014129290355647552,0.014143159023991965,47,fno
459,0.014171698702341166,0.014086769896897066,0.014129234299619115,0.014171698702341166,47,fno
460,0.014115794707469787,0.014142789086378246,0.014129291896924016,0.014142789086378246,47,fno
461,0.014192367608194647,0.014065944240741897,0.014129155924468272,0.014192367608194647,47,fno
462,0.014141400018213991,0.014117183599876505,0.014129291809045248,0.014141400018213991,47,fno
463,0.014170535960136699,0.014087938570562746,0.014129237265349722,0.014170535960136699,47,fno
464,0.014186850447174399,0.014071510978275307,0.014129180712724853,0.014186850447174399,47,fno
465,0.014111717447608559,0.014146856978973884,0.014129287213291222,0.014146856978973884,47,fno
466,0.014213812744041798,0.014044273171096478,0.014129042957569138,0.014213812744041798,47,fno
467,0.014058976237779571,0.014199268540318083,0.014129122389048827,0.014199268540318083,47,fno
468,0.014172676154382266,0.01408578564191759,0.014129230898149929,0.014172676154382266,47,fno
469,0.014061161841918057,0.014197107347757604,0.01412913459483783,0.014197107347757604,47,fno
470,0.0140537563238072,0.014204437893328073,0.014129097108567638,0.014204437893328073,47,fno
471,0.014119803065560413,0.01413878485190192,0.014129293958731167,0.01413878485190192,47,fno
472,0.013927528097358548,0.014328225609897055,0.014127876853627801,0.014328225609897055,47,fno
473,0.014169398918009453,0.014089081524531404,0.014129240221270429,0.014169398918009453,47,fno
474,0.01391875128750696,0.014336752946833646,0.014127752117170302,0.014336752946833646,47,fno
475,0.01413182062261669,0.014126775214792556,0.014129297918704624,0.01413182062261669,47,fno
476,0.014098070712416446,0.014160453382805631,0.014129262047611038,0.014160453382805631,47,fno
477,0.014010471854974288,0.01424713178621674,0.014128801820595515,0.01424713178621674,47,fno
478,0.01437557683273292,0.013878649791220336,0.014127113311976629,0.01437557683273292,47,fno
479,0.013936003873682986,0.014319980363230213,0.0141279921184566,0.014319980363230213,47,fno
480,0.014531509016478634,0.013715296007821332,0.014123402512149982,0.014531509016478634,47,fno
481,0.014071205330772186,0.014187154414828086,0.014129179872800136,0.014187154414828086,47,fno
482,0.014386547426916153,0.013867276772873657,0.014126912099894905,0.014386547426916153,47,fno
483,0.01441396119557104,0.01383878059161249,0.014126370893591766,0.01441396119557104,47,fno
484,0.013989842389923648,0.014267389857875486,0.014128616123899568,0.014267389857875486,47,fno
485,0.014709606656929039,0.01352410908320797,0.014116857870068503,0.014709606656929039,47,fno
486,0.01364908495589013,0.01459371624549699,0.01412140060069356,0.01459371624549699,47,fno
487,0.014619260198738597,0.013621724280935974,0.014120492239837286,0.014619260198738597,47,fno
488,0.01371541340659993,0.014531396935105693,0.014123405170852811,0.014531396935105693,47,fno
489,0.014020562506522952,0.014237201352417008,0.01412888192946998,0.014237201352417008,47,fno
490,0.014186535137080807,0.014071827589364129,0.014129181363222467,0.014186535137080807,47,fno
491,0.013217761242943157,0.014985488543643398,0.014101624893293276,0.014985488543643398,47,fno
492,0.014630277468464478,0.013609890714097003,0.014120084091280741,0.014630277468464478,47,fno
493,0.01292292217544362,0.015240479253634032,0.014081700714538826,0.015240479253634032,47,fno
494,0.014562667038108938,0.013682207992642912,0.014122437515375924,0.014562667038108938,47,fno
495,0.013596342139481344,0.014642868276816877,0.01411960520814911,0.014642868276816877,47,fno
496,0.013868907301749198,0.014384973812793645,0.014126940557271421,0.014384973812793645,47,fno
497,0.014829617554900285,0.013392404378979518,0.014111010966939902,0.014829617554900285,47,fno
498,0.013134573762192663,0.01505845531329462,0.014096514537743642,0.01505845531329462,47,fno
499,0.015617409771470475,0.012464777792082996,0.014041093781776735,0.015617409771470475,47,fno
500,0.013263291258409514,0.014945206224795489,0.014104248741602501,0.014945206224795489,47,fno
501,0.015319805477273067,0.012828780380320128,0.014074292928796597,0.015319805477273067,47,fno
502,0.014550586472765756,0.013695055785540313,0.014122821129153034,0.014550586472765756,47,fno
503,0.01398677924180067,0.014270392034966157,0.014128585638383413,0.014270392034966157,47,fno
504,0.015772160236396437,0.012268377196146546,0.014020268716271492,0.015772160236396437,47,fno
505,0.012754195174859222,0.01538195820381265,0.014068076689335936,0.01538195820381265,47,fno
506,0.015909768099971425,0.012089389772606542,0.013999578936288982,0.015909768099971425,47,fno
507,0.012947800212278017,0.015219349031785822,0.01408357462203192,0.015219349031785822,47,fno
508,0.014244255014761106,0.014013395947213016,0.01412882548098706,0.014244255014761106,47,fno
509,0.014729488873129646,0.013502452531525305,0.014115970702327476,0.014729488873129646,47,fno
510,0.011846025830382422,0.016091792091206248,0.013968908960794335,0.016091792091206248,47,fno
511,0.015345043049265806,0.012798583785044398,0.014071813417155101,0.015345043049265806,47,fno
512,0.057515259758205,0.01412929730542033,0.03582227853181266,0.057515259758205,47,fno
1,3.0639925498037512,2.5821588896715753,2.8230757197376635,3.0639925498037512,47,solver
2,2.354375901643684,2.1228127665016743,2.238594334072679,2.354375901643684,47,solver
3,1.5081151576830047,1.4272325718551595,1.4676738647690821,1.5081151576830047,47,solver
4,0.5592506764005931,0.9459857780913115,0.7526182272459523,0.9459857780913115,47,solver
5,0.5051308758378715,0.48471171832576104,0.4949212970818163,0.5051308758378715,47,solver
6,0.6275895468150293,0.4644127906422135,0.5460011687286215,0.6275895468150293,47,solver
7,0.5402673822065464,0.5108634219756727,0.5255654020911096,0.5402673822065464,47,solver
8,0.4443538128295593,0.3367938673884228,0.3905738401089911,0.4443538128295593,47,solver
9,0.3554649597872731,0.23945739710647132,0.2974611784468722,0.3554649597872731,47,solver
10,0.311644835110056,0.3211365257640975,0.31639068043707674,0.3211365257640975,47,solver
11,0.3146010416399889,0.31912228347628196,0.3168616625581354,0.31912228347628196,47,solver
12,0.29632688462298845,0.2055614920651414,0.25094418834406496,0.29632688462298845,47,solver
13,0.17503950497242066,0.18236753585820042,0.17870352041531054,0.18236753585820042,47,solver
14,0.16488325056730224,0.15991379472794967,0.16239852264762594,0.16488325056730224,47,solver
15,0.17988578304758435,0.18095735742069421,0.1804215702341393,0.18095735742069421,47,solver
16,0.18581162548017657,0.1595894176596971,0.17270052156993684,0.18581162548017657,47,solver
17,0.14666468623886614,0.1334708771590897,0.14006778169897793,0.14666468623886614,47,solver
18,0.10787577260815423,0.11232053818275044,0.11009815539545234,0.11232053818275044,47,solver
19,0.10121555455600253,0.1013869864511206,0.10130127050356157,0.1013869864511206,47,solver
20,0.09735285331341542,0.10048234696823807,0.09891760014082675,0.10048234696823807,47,solver
21,0.09671391788661919,0.0806844374691013,0.08869917767786024,0.09671391788661919,47,solver
22,0.07118780051879225,0.07945713090954104,0.07532246571416665,0.07945713090954104,47,solver
23,0.07011209090709222,0.06206703293914145,0.06608956192311684,0.07011209090709222,47,solver
24,0.05836383642899603,0.06410330126934834,0.06123356884917218,0.06410330126934834,47,solver
25,0.05702196856301677,0.05428362353607133,0.055652796049544054,0.05702196856301677,47,solver
26,0.049637596728019075,0.046936045707762525,0.048286821217890796,0.049637596728019075,47,solver
27,0.041126544205415394,0.04249179963494446,0.041809171920179924,0.04249179963494446,47,solver
28,0.03834175072524934,0.03706471129559493,0.03770323101042214,0.03834175072524934,47,solver
29,0.03324701599348036,0.03606981687775223,0.03465841643561629,0.03606981687775223,47,solver
30,0.033317809557497316,0.029058362054424657,0.031188085805960986,0.033317809557497316,47,solver
31,0.026064188514461975,0.028856741150303986,0.02746046483238298,0.028856741150303986,47,solver
32,0.024939718286365303,0.02340650609378606,0.02417311219007568,0.024939718286365303,47,solver
33,0.021187825340851407,0.02204287579729895,0.021615350569075178,0.02204287579729895,47,solver
34,0.019652932040021415,0.019279129087304316,0.019466030563662865,0.019652932040021415,47,solver
35,0.017582692780957112,0.017243253927595164,0.017412973354276138,0.017582692780957112,47,solver
36,0.01510937781978741,0.01580415235072718,0.015456765085257295,0.01580415235072718,47,solver
37,0.014123144472470048,0.013314694533556897,0.013718919503013472,0.014123144472470048,47,solver
38,0.011787827122261113,0.012638969925245514,0.012213398523753314,0.012638969925245514,47,solver
39,0.011255931972400301,0.010468652472218233,0.010862292222309267,0.011255931972400301,47,solver
40,0.009339865589388265,0.009893142419293137,0.009616504004340701,0.009893142419293137,47,solver
41,0.008632640945505358,0.008344296298085878,0.008488468621795617,0.008632640945505358,47,solver
42,0.007438393789040004,0.007559836610119406,0.007499115199579705,0.007559836610119406,47,solver
43,0.006628131533155752,0.006636231861323863,0.006632181697239808,0.006636231861323863,47,solver
44,0.0059140569139342425,0.00578742864347369,0.005850742778703967,0.0059140569139342425,47,solver
45,0.00503658397738436,0.0052379510690897975,0.005137267523237079,0.0052379510690897975,47,solver
46,0.004599967435106221,0.004395365929334758,0.004497666682220489,0.004599967435106221,47,solver
47,0.003846419371269474,0.004025988275669153,0.003936203823469314,0.004025988275669153,47,solver
48,0.003515398618390081,0.003371896645112119,0.0034436476317511004,0.003515398618390081,47,solver
49,0.0029567935579500053,0.0030559425751159938,0.0030063680665329993,0.0030559425751159938,47,solver
50,0.00264156687711567,0.002592126129516882,0.002616846503316276,0.00264156687711567,47,solver
51,0.0022676943240675282,0.0022775914430697643,0.0022726428835686463,0.0022775914430697643,47,solver
52,0.0019619996777166682,0.0019794164139789352,0.001970708045847802,0.0019794164139789352,47,solver
53,0.001723032486816675,0.0016885959172810753,0.0017058142020488752,0.001723032486816675,47,solver
54,0.0014518166659609007,0.0014942899211989283,0.0014730532935799145,0.0014942899211989283,47,solver
55,0.0012899426588578687,0.0012484368259044662,0.0012691897423811674,0.0012899426588578687,47,solver
56,0.0010741914962255513,0.0011090185294680803,0.0010916050128468159,0.0011090185294680803,47,solver
57,0.0009501891157676332,0.0009244209431246757,0.0009373050294461544,0.0009501891157676332,47,solver
58,0.0007951127258220251,0.0008112704042015617,0.0008031915650117934,0.0008112704042015617,47,solver
59,0.0006903115312461488,0.0006830728721519718,0.0006866922016990603,0.0006903115312461488,47,solver
60,0.0005857381253769426,0.0005859126784231543,0.0005858254019000485,0.0005859126784231543,47,solver
61,0.0004965770640367725,0.0005011000986681413,0.000498838581352457,0.0005011000986681413,47,solver
62,0.00042756493958786304,0.0004204183642486871,0.0004239916519182751,0.00042756493958786304,47,solver
63,0.0003556320699702364,0.00036367118396463897,0.0003596516269674377,0.00036367118396463897,47,solver
64,0.00030819796795205295,0.0003006595740234753,0.0003044287709877641,0.00030819796795205295,47,solver
65,0.00025411367518071785,0.000260209824758957,0.0002571617499698374,0.000260209824758957,47,solver
66,0.0002189764189237566,0.00021467823217979397,0.00021682732555177526,0.0002189764189237566,47,solver
67,0.00018120051606042493,0.00018378464489237942,0.00018249258047640216,0.00018378464489237942,47,solver
68,0.00015388429465847125,0.00015274286294839084,0.00015331357880343105,0.00015388429465847125,47,solver
69,0.00012855360400677117,0.00012853862264608845,0.0001285461133264298,0.00012855360400677117,47,solver
70,0.00010712421286697684,0.00010798351795893692,0.00010755386541295688,0.00010798351795893692,47,solver
71,9.04538219194477e-05,8.915240350641717e-05,8.980311271293243e-05,9.04538219194477e-05,47,solver
72,7.416077860983651e-05,7.551952761125003e-05,7.484015311054327e-05,7.551952761125003e-05,47,solver
73,6.286051132557187e-05,6.167278254997991e-05,6.22666469377759e-05,6.286051132557187e-05,47,solver
74,5.1243668872923856e-05,5.220807145857067e-05,5.172587016574726e-05,5.220807145857067e-05,47,solver
75,4.326469983155589e-05,4.2534606486772224e-05,4.2899653159164054e-05,4.326469983155589e-05,47,solver
76,3.527199863740245e-05,3.575077654321035e-05,3.55113875903064e-05,3.575077654321035e-05,47,solver
77,2.9433361918328556e-05,2.9227056726931407e-05,2.933020932262998e-05,2.9433361918328556e-05,47,solver
78,2.4182646500206654e-05,2.4156280249320512e-05,2.4169463374763583e-05,2.4182646500206654e-05,47,solver
79,1.9803750820190756e-05,1.9953319605888457e-05,1.9878535213039606e-05,1.9953319605888457e-05,47,solver
80,1.6413629733494663e-05,1.624644312262147e-05,1.6330036428058067e-05,1.6413629733494663e-05,47,solver
81,1.332562693969761e-05,1.348937642021179e-05,1.3407501679954702e-05,1.348937642021179e-05,47,solver
82,1.109216856484838e-05,1.090694721434602e-05,1.0999557889597201e-05,1.109216856484838e-05,47,solver
83,8.898642954480096e-06,9.109526697826546e-06,9.004084826153321e-06,9.109526697826546e-06,47,solver
84,7.404974059837552e-06,7.278652863928056e-06,7.341813461882804e-06,7.404974059837552e-06,47,solver
85,5.942477767457941e-06,5.9844137418034485e-06,5.963445754630695e-06,5.9844137418034485e-06,47,solver
86,4.847752685756715e-06,4.835219778622658e-06,4.841486232189687e-06,4.847752685756715e-06,47,solver
87,3.932825341434447e-06,3.957050291970025e-06,3.944937816702235e-06,3.957050291970025e-06,47,solver
88,3.237281366355557e-06,3.2122601518694163e-06,3.2247707591124868e-06,3.237281366355557e-06,47,solver
89,2.6425745634593185e-06,2.6137478394312457e-06,2.628161201445282e-06,2.6425745634593185e-06,47,solver
90,2.081404488782664e-06,2.1644192785182023e-06,2.122911883650433e-06,2.1644192785182023e-06,47,solver
91,1.7178396961117153e-06,1.6899861355408042e-06,1.7039129158262597e-06,1.7178396961117153e-06,47,solver
92,1.3654300931374757e-06,1.3799565905855498e-06,1.3726933418615129e-06,1.3799565905855498e-06,47,solver
93,1.1145799721623068e-06,1.1311444857925848e-06,1.1228622289774458e-06,1.1311444857925848e-06,47,solver
94,8.946353581221083e-07,9.703413182754608e-07,9.324883381987846e-07,9.703413182754608e-07,47,solver
95,8.026863415546092e-07,7.478992014988959e-07,7.752927715267526e-07,8.026863415546092e-07,47,solver
96,6.658568542188888e-07,5.970008578712964e-07,6.314288560450926e-07,6.658568542188888e-07,47,solver
97,5.057467663884198e-07,5.116630664522713e-07,5.087049164203455e-07,5.116630664522713e-07,47,solver
98,3.9534509809451237e-07,4.554320486767758e-07,4.253885733856441e-07,4.554320486767758e-07,47,solver
99,3.611036907669314e-07,4.092575287593199e-07,3.8518060976312565e-07,4.092575287593199e-07,47,solver
100,3.645940168807956e-07,3.4255604857927723e-07,3.535750327300364e-07,3.645940168807956e-07,47,solver
101,2.5428346939982656e-07,3.5739454123203277e-07,3.0583900531592967e-07,3.5739454123203277e-07,47,solver
102,2.626430216524317e-07,2.8513674960857177e-07,2.7388988563050177e-07,2.8513674960857177e-07,47,solver
103,2.3986748346503143e-07,2.8510727703630607e-07,2.6248738025066875e-07,2.8510727703630607e-07,47,solver
104,2.9104275686633125e-07,2.0980419457521937e-07,2.504234757207753e-07,2.9104275686633125e-07,47,solver
105,2.535357639499191e-07,1.9312492920521015e-07,2.2333034657756462e-07,2.535357639499191e-07,47,solver
106,2.1872985836822392e-07,1.9854889866924964e-07,2.0863937851873678e-07,2.1872985836822392e-07,47,solver
107,1.7159431684154981e-07,2.7805516328236285e-07,2.2482474006195634e-07,2.7805516328236285e-07,47,solver
108,1.747996239053536e-07,3.035558686688144e-07,2.39177746287084e-07,3.035558686688144e-07,47,solver
109,2.6349407727941574e-07,1.6430091223306983e-07,2.1389749475624279e-07,2.6349407727941574e-07,47,solver
110,1.320967620294784e-07,1.9673971895618313e-07,1.6441824049283078e-07,1.9673971895618313e-07,47,solver
111,1.1569716452520866e-07,1.9912010878623752e-07,1.574086366557231e-07,1.9912010878623752e-07,47,solver
112,1.7234686574112412e-07,2.2110950416742702e-07,1.9672818495427557e-07,2.2110950416742702e-07,47,solver
113,2.248810431989268e-07,1.8177900399230234e-07,2.0333002359561458e-07,2.248810431989268e-07,47,solver
114,1.4685381318679396e-07,1.9405527940552198e-07,1.7045454629615797e-07,1.9405527940552198e-07,47,solver
115,1.1203644918027546e-07,1.7219192077427624e-07,1.4211418497727586e-07,1.7219192077427624e-07,47,solver
116,1.287537802462802e-07,1.7885946508757274e-07,1.5380662266692648e-07,1.7885946508757274e-07,47,solver
117,1.3681470963535764e-07,1.8880637558128e-07,1.628105426083188e-07,1.8880637558128e-07,47,solver
118,1.7676182140969244e-07,1.14802821058141e-07,1.4578232123391673e-07,1.7676182140969244e-07,47,solver
119,1.2367893157120055e-07,1.4260784596415963e-07,1.331433887676801e-07,1.4260784596415963e-07,47,solver
120,8.995164947402863e-08,1.8241443798835836e-07,1.3618304373119348e-07,1.8241443798835836e-07,47,solver
121,1.1863041396270402e-07,1.8368201256389049e-07,1.5115621326329724e-07,1.8368201256389049e-07,47,solver
122,1.6502906718001244e-07,1.1693498697794591e-07,1.4098202707897918e-07,1.6502906718001244e-07,47,solver
123,1.2330338756045317e-07,1.2411209307795153e-07,1.2370774031920235e-07,1.2411209307795153e-07,47,solver
124,1.131046763504768e-07,1.3650793780069691e-07,1.2480630707558685e-07,1.3650793780069691e-07,47,solver
125,1.374629763909954e-07,1.3783804640639018e-07,1.376505113986928e-07,1.3783804640639018e-07,47,solver
126,1.4609438264450765e-07,1.231379214908435e-07,1.346161520676756e-07,1.4609438264450765e-07,47,solver
127,1.2134351080414886e-07,1.199102010479418e-07,1.2062685592604533e-07,1.2134351080414886e-07,47,solver
128,6.99344012635356e-08,1.502185833980836e-07,1.1007649233080959e-07,1.502185833980836e-07,47,solver
129,8.40670999216888e-08,1.576868699867665e-07,1.2087698495422764e-07,1.576868699867665e-07,47,solver
130,1.0313668536265826e-07,1.4516905674933462e-07,1.2415287105599644e-07,1.4516905674933462e-07,47,solver
131,1.2226447203761632e-07,9.60449837145814e-08,1.0915472787609886e-07,1.2226447203761632e-07,47,solver
132,8.665545075911913e-08,1.0943617095272049e-07,9.804581085591981e-08,1.0943617095272049e-07,47,solver
133,9.153676809281214e-08,1.2303748252801503e-07,1.0728712531041358e-07,1.2303748252801503e-07,47,solver
134,8.515283366667534e-08,1.445701647872574e-07,1.1486149922696636e-07,1.445701647872574e-07,47,solver
135,1.0120367889128394e-07,1.1868542299427066e-07,1.099445509427773e-07,1.1868542299427066e-07,47,solver
136,9.484078506516542e-08,8.473777011572805e-08,8.978927759044673e-08,9.484078506516542e-08,47,solver
137,7.807695524408684e-08,8.965114039122543e-08,8.386404781765612e-08,8.965114039122543e-08,47,solver
138,8.090865734356126e-08,1.1056606089263813e-07,9.57373591180997e-08,1.1056606089263813e-07,47,solver
139,7.576492560989334e-08,1.2255934789541906e-07,9.916213675265621e-08,1.2255934789541906e-07,47,solver
140,1.0539857361476666e-07,7.003570936720429e-08,8.771714149098548e-08,1.0539857361476666e-07,47,solver
141,5.795674520299498e-08,8.939158889062061e-08,7.36741670468078e-08,8.939158889062061e-08,47,solver
142,8.139395714674955e-08,7.78646837625022e-08,7.962932045462588e-08,8.139395714674955e-08,47,solver
143,5.453035991450148e-08,1.1371691780338109e-07,8.412363885894128e-08,1.1371691780338109e-07,47,solver
144,8.112446096439231e-08,8.83674881625953e-08,8.47459745634938e-08,8.83674881625953e-08,47,solver
145,6.120196930188148e-08,7.706468870241796e-08,6.913332900214972e-08,7.706468870241796e-08,47,solver
146,6.930033889170672e-08,5.906572486917845e-08,6.418303188044259e-08,6.930033889170672e-08,47,solver
147,6.522430551933464e-08,8.26781096917723e-08,7.395120760555347e-08,8.26781096917723e-08,47,solver
148,5.22478861693576e-08,9.94093772713475e-08,7.582863172035255e-08,9.94093772713475e-08,47,solver
149,7.341097474361355e-08,6.968754467681016e-08,7.154925971021186e-08,7.341097474361355e-08,47,solver
150,6.248135510873262e-08,6.24728601411757e-08,6.247710762495416e-08,6.248135510873262e-08,47,solver
151,6.537781022155473e-08,6.514550847918399e-08,6.526165935036935e-08,6.537781022155473e-08,47,solver
152,6.417259534869644e-08,7.629940809295881e-08,7.023600172082763e-08,7.629940809295881e-08,47,solver
153,4.6741976084851123e-08,8.052595729593529e-08,6.36339666903932e-08,8.052595729593529e-08,47,solver
154,5.0629322309256354e-08,5.838850373035928e-08,5.4508913019807816e-08,5.838850373035928e-08,47,solver
155,4.623439949079148e-08,5.7747359726429894e-08,5.1990879608610686e-08,5.7747359726429894e-08,47,solver
156,7.29297517681649e-08,4.754760776598954e-08,6.023867976707722e-08,7.29297517681649e-08,47,solver
157,7.032161712966309e-08,6.423697483338234e-08,6.727929598152271e-08,7.032161712966309e-08,47,solver
158,5.847611768579724e-08,6.406813390359922e-08,6.127212579469823e-08,6.406813390359922e-08,47,solver
159,4.937648625054778e-08,4.326201767461711e-08,4.6319251962582446e-08,4.937648625054778e-08,47,solver
160,3.6254738474957074e-08,3.789043646160786e-08,3.707258746828247e-08,3.789043646160786e-08,47,solver
161,4.003781872863426e-08,4.950800269270406e-08,4.477291071066916e-08,4.950800269270406e-08,47,solver
162,3.4297198486141996e-08,6.971605156761116e-08,5.200662502687658e-08,6.971605156761116e-08,47,solver
163,5.378333504217872e-08,5.586021903646689e-08,5.48217770393228e-08,5.586021903646689e-08,47,solver
164,5.4098805369761514e-08,3.2804130888537776e-08,4.345146812914964e-08,5.4098805369761514e-08,47,solver
165,3.047436526959504e-08,3.6628423919884294e-08,3.3551394594739665e-08,3.6628423919884294e-08,47,solver
166,3.192971156267564e-08,3.5490949606773624e-08,3.371033058472463e-08,3.5490949606773624e-08,47,solver
167,2.8153076076262067e-08,4.952360575549979e-08,3.883834091588093e-08,4.952360575549979e-08,47,solver
168,3.8386995767815514e-08,4.6798675398732515e-08,4.2592835583274014e-08,4.6798675398732515e-08,47,solver
169,4.14302545048067e-08,3.79778330479362e-08,3.9704043776371454e-08,4.14302545048067e-08,47,solver
170,4.017991847946668e-08,2.8863420448087576e-08,3.452166946377713e-08,4.017991847946668e-08,47,solver
171,3.6310937727281484e-08,3.001035171629558e-08,3.316064472178853e-08,3.6310937727281484e-08,47,solver
172,3.113621104197097e-08,3.8885472497953516e-08,3.501084176996224e-08,3.8885472497953516e-08,47,solver
173,3.7833387804366633e-08,3.590485764393258e-08,3.6869122724149606e-08,3.7833387804366633e-08,47,solver
174,4.11572184140585e-08,2.9174995738109116e-08,3.516610707608381e-08,4.11572184140585e-08,47,solver
175,2.6305667807559277e-08,3.864348723302629e-08,3.2474577520292786e-08,3.864348723302629e-08,47,solver
176,2.4299448265039903e-08,3.968837293993715e-08,3.1993910602488526e-08,3.968837293993715e-08,47,solver
177,3.63981839853134e-08,3.461468617884485e-08,3.5506435082079124e-08,3.63981839853134e-08,47,solver
178,4.137889304682961e-08,3.169206543839147e-08,3.6535479242610545e-08,4.137889304682961e-08,47,solver
179,3.7945124240280225e-08,3.0800120842465874e-08,3.437262254137305e-08,3.7945124240280225e-08,47,solver
180,3.7322845520255885e-08,2.1846947222960486e-08,2.9584896371608187e-08,3.7322845520255885e-08,47,solver
181,3.4084571066575945e-08,2.3494633634060444e-08,2.8789602350318196e-08,3.4084571066575945e-08,47,solver
182,3.012825659327236e-08,3.263021380403741e-08,3.1379235198654887e-08,3.263021380403741e-08,47,solver
183,2.8464334625307273e-08,3.872419924726144e-08,3.359426693628436e-08,3.872419924726144e-08,47,solver
184,4.1019215812439636e-08,2.9771868892647456e-08,3.5395542352543544e-08,4.1019215812439636e-08,47,solver
185,3.940627000079131e-08,3.3740687838318825e-08,3.657347891955507e-08,3.940627000079131e-08,47,solver
186,4.0289249605280686e-08,2.7688344212625873e-08,3.398879690895328e-08,4.0289249605280686e-08,47,solver
187,2.6362927618668887e-08,3.137722031828923e-08,2.8870073968479055e-08,3.137722031828923e-08,47,solver
188,2.7721110265295337e-08,2.474538845361666e-08,2.6233249359455998e-08,2.7721110265295337e-08,47,solver
189,2.9273727456354297e-08,3.5340512109746646e-08,3.230711978305047e-08,3.5340512109746646e-08,47,solver
190,2.4628688602013647e-08,4.911649668816396e-08,3.68725926450888e-08,4.911649668816396e-08,47,solver
191,3.6192134258805246e-08,3.8295149263848246e-08,3.7243641761326746e-08,3.8295149263848246e-08,47,solver
192,2.552655927567932e-08,3.129951872704427e-08,2.8413039001361798e-08,3.129951872704427e-08,47,solver
193,2.3663588712988693e-08,2.6335590830157837e-08,2.4999589771573267e-08,2.6335590830157837e-08,47,solver
194,2.3154218159942614e-08,4.033158446091445e-08,3.174290131042853e-08,4.033158446091445e-08,47,solver
195,4.051755790352555e-08,3.457778647121038e-08,3.7547672187367964e-08,4.051755790352555e-08,47,solver
196,4.0310114087982846e-08,2.3262931539144586e-08,3.1786522813563716e-08,4.0310114087982846e-08,47,solver
197,2.5464444778544015e-08,2.5170287684817653e-08,2.5317366231680834e-08,2.5464444778544015e-08,47,solver
198,2.433265673336491e-08,3.2499209969125794e-08,2.8415933351245352e-08,3.2499209969125794e-08,47,solver
199,2.4766824517476806e-08,4.457177578825229e-08,3.4669300152864546e-08,4.457177578825229e-08,47,solver
200,4.1550050207307536e-08,2.760166793948131e-08,3.457585907339442e-08,4.1550050207307536e-08,47,solver
201,2.829167396921285e-08,2.523090285029826e-08,2.6761288409755553e-08,2.829167396921285e-08,47,solver
202,1.9180364483550748e-08,2.6944217014236572e-08,2.306229074889366e-08,2.6944217014236572e-08,47,solver
203,2.185962597358203e-08,3.783543611917401e-08,2.984753104637802e-08,3.783543611917401e-08,47,solver
204,3.137132260470808e-08,3.873709527856974e-08,3.505420894163891e-08,3.873709527856974e-08,47,solver
205,3.909473206417883e-08,1.9343708134896774e-08,2.9219220099537802e-08,3.909473206417883e-08,47,solver
206,2.4019423630697127e-08,2.2888992494780232e-08,2.3454208062738678e-08,2.4019423630697127e-08,47,solver
207,2.376925282063787e-08,2.5397953790798958e-08,2.4583603305718413e-08,2.5397953790798958e-08,47,solver
208,1.9425286391043512e-08,3.771465312386307e-08,2.8569969757453294e-08,3.771465312386307e-08,47,solver
209,3.191037416854204e-08,2.7555849592557238e-08,2.973311188054964e-08,3.191037416854204e-08,47,solver
210,2.87535733076828e-08,1.8378981180594948e-08,2.3566277244138873e-08,2.87535733076828e-08,47,solver
211,2.1592563715624256e-08,2.037129914213201e-08,2.0981931428878133e-08,2.1592563715624256e-08,47,solver
212,1.9889827976905477e-08,2.8474461691745456e-08,2.4182144834325465e-08,2.8474461691745456e-08,47,solver
213,2.0358703412278644e-08,3.251375996318312e-08,2.6436231687730882e-08,3.251375996318312e-08,47,solver
214,2.9196206064005533e-08,1.938840631183899e-08,2.429230618792226e-08,2.9196206064005533e-08,47,solver
215,2.0433279256238645e-08,2.1184855180680768e-08,2.0809067218459706e-08,2.1184855180680768e-08,47,solver
216,2.045932769879965e-08,2.088556695333399e-08,2.067244732606682e-08,2.088556695333399e-08,47,solver
217,1.7237344230216972e-08,2.680756549983846e-08,2.2022454865027715e-08,2.680756549983846e-08,47,solver
218,2.1174692845489985e-08,2.2240485576554146e-08,2.1707589211022065e-08,2.2240485576554146e-08,47,solver
219,1.8887719613423682e-08,1.875277562960436e-08,1.882024762151402e-08,1.8887719613423682e-08,47,solver
220,2.0137659566682557e-08,1.6655074798030615e-08,1.8396367182356588e-08,2.0137659566682557e-08,47,solver
221,2.173848958063532e-08,2.02015161395223e-08,2.0970002860078812e-08,2.173848958063532e-08,47,solver
222,2.0893332071728633e-08,2.2482836527599794e-08,2.1688084299664212e-08,2.2482836527599794e-08,47,solver
223,1.9717791969494212e-08,1.8272573108115342e-08,1.8995182538804776e-08,1.9717791969494212e-08,47,solver
224,1.6293120035346067e-08,1.5493310228553234e-08,1.589321513194965e-08,1.6293120035346067e-08,47,solver
225,1.7766179473021433e-08,1.5251328585452855e-08,1.6508754029237142e-08,1.7766179473021433e-08,47,solver
226,1.9633169716772722e-08,1.8663502611925696e-08,1.914833616434921e-08,1.9633169716772722e-08,47,solver
227,1.9504066905908628e-08,2.084575495502577e-08,2.01749109304672e-08,2.084575495502577e-08,47,solver
228,2.3043623411548057e-08,1.5145025187276952e-08,1.9094324299412504e-08,2.3043623411548057e-08,47,solver
229,2.289021823269344e-08,1.2570299273755485e-08,1.7730258753224462e-08,2.289021823269344e-08,47,solver
230,1.7703754246833777e-08,1.723063757637118e-08,1.746719591160248e-08,1.7703754246833777e-08,47,solver
231,1.3989025215013874e-08,1.8132320625111436e-08,1.6060672920062654e-08,1.8132320625111436e-08,47,solver
232,1.0791965508208481e-08,1.8848034091129077e-08,1.481999979966878e-08,1.8848034091129077e-08,47,solver
233,1.3542671743008757e-08,1.7852310683618245e-08,1.56974912133135e-08,1.7852310683618245e-08,47,solver
234,1.4074568282895541e-08,1.9233051204277203e-08,1.6653809743586372e-08,1.9233051204277203e-08,47,solver
235,1.894665643393377e-08,1.5189672658552417e-08,1.7068164546243094e-08,1.894665643393377e-08,47,solver
236,1.8016980473074418e-08,1.5105083225807587e-08,1.6561031849441e-08,1.8016980473074418e-08,47,solver
237,1.759192808140534e-08,1.3271708128555746e-08,1.5431818104980543e-08,1.759192808140534e-08,47,solver
238,1.6946428192655433e-08,1.1521804044304443e-08,1.4234116118479939e-08,1.6946428192655433e-08,47,solver
239,1.6106474994533214e-08,1.214176040334763e-08,1.4124117698940422e-08,1.6106474994533214e-08,47,solver
240,1.8733256773226138e-08,1.1357121865881828e-08,1.5045189319553983e-08,1.8733256773226138e-08,47,solver
241,1.2501369588632974e-08,2.0608054877655897e-08,1.6554712233144435e-08,2.0608054877655897e-08,47,solver
242,1.521058499700331e-08,1.9518724566101605e-08,1.7364654781552456e-08,1.9518724566101605e-08,47,solver
243,1.8915002472601207e-08,1.4113176131990205e-08,1.6514089302295706e-08,1.8915002472601207e-08,47,solver
244,1.504762835233053e-08,1.5552682547634403e-08,1.5300155449982466e-08,1.5552682547634403e-08,47,solver
245,1.2987485492645584e-08,1.4942948253654386e-08,1.3965216873149985e-08,1.4942948253654386e-08,47,solver
246,1.3150158971901018e-08,1.4263450051729542e-08,1.370680451181528e-08,1.4263450051729542e-08,47,solver
247,1.9166839098163178e-08,1.0637225341391529e-08,1.4902032219777353e-08,1.9166839098163178e-08,47,solver
248,1.4330943196517374e-08,2.1463808998378496e-08,1.7897376097447937e-08,2.1463808998378496e-08,47,solver
249,1.4042716878204086e-08,2.34851128112429e-08,1.8763914844723493e-08,2.34851128112429e-08,47,solver
250,1.670833934216547e-08,1.78995074831421e-08,1.7303923412653785e-08,1.78995074831421e-08,47,solver
251,1.1702144665458401e-08,1.5350987526746906e-08,1.3526566096102654e-08,1.5350987526746906e-08,47,solver
252,1.2028456606392295e-08,1.4341330840374359e-08,1.3184893723383327e-08,1.4341330840374359e-08,47,solver
253,1.5139644827798223e-08,1.791905245792949e-08,1.6529348642863855e-08,1.791905245792949e-08,47,solver
254,2.1505681736885972e-08,1.5642792095747042e-08,1.8574236916316507e-08,2.1505681736885972e-08,47,solver
255,1.8063194706207655e-08,1.8406767921145897e-08,1.8234981313676776e-08,1.8406767921145897e-08,47,solver
256,1.3654770483741487e-08,1.8732451293377964e-08,1.6193610888559724e-08,1.8732451293377964e-08,47,solver
257,1.789560508388733e-08,1.2132710835327138e-08,1.5014157959607234e-08,1.789560508388733e-08,47,solver
258,1.7684764575829713e-08,1.2623806183423713e-08,1.5154285379626713e-08,1.7684764575829713e-08,47,solver
259,1.53950899897213e-08,1.699046633064813e-08,1.6192778160184717e-08,1.699046633064813e-08,47,solver
260,1.1535896685968289e-08,2.175175906718411e-08,1.66438278765762e-08,2.175175906718411e-08,47,solver
261,2.1458956836230236e-08,1.3710448678223186e-08,1.7584702757226712e-08,2.1458956836230236e-08,47,solver
262,1.867534972565879e-08,1.5251002468687238e-08,1.6963176097173014e-08,1.867534972565879e-08,47,solver
263,1.6869923724806143e-08,1.2572952526851126e-08,1.4721438125828634e-08,1.6869923724806143e-08,47,solver
264,1.355866170275711e-08,1.403250642395367e-08,1.379558406335539e-08,1.403250642395367e-08,47,solver
265,1.7201949963600948e-08,1.3543912784199706e-08,1.5372931373900327e-08,1.7201949963600948e-08,47,solver
266,1.8730516343078127e-08,1.6489562661173765e-08,1.7610039502125948e-08,1.8730516343078127e-08,47,solver
267,1.4850698099784094e-08,2.0192418089983368e-08,1.7521558094883732e-08,2.0192418089983368e-08,47,solver
268,1.875484993638782e-08,1.1590803653616704e-08,1.517282679500226e-08,1.875484993638782e-08,47,solver
269,1.182752711179245e-08,1.4858406896890556e-08,1.3342967004341502e-08,1.4858406896890556e-08,47,solver
270,1.5815579657747205e-08,1.1162976886388283e-08,1.3489278272067744e-08,1.5815579657747205e-08,47,solver
271,1.2265979507360381e-08,1.8255574682401474e-08,1.5260777094880927e-08,1.8255574682401474e-08,47,solver
272,2.077937551938313e-08,1.0985302587294154e-08,1.5882339053338642e-08,2.077937551938313e-08,47,solver
273,1.5170281629797884e-08,1.6699373706083183e-08,1.5934827667940534e-08,1.6699373706083183e-08,47,solver
274,1.1595244308820742e-08,1.687341570961454e-08,1.423433000921764e-08,1.687341570961454e-08,47,solver
275,1.6203231664338873e-08,1.128631041536506e-08,1.3744771039851967e-08,1.6203231664338873e-08,47,solver
276,1.206150342411644e-08,1.6361132776370586e-08,1.4211318100243513e-08,1.6361132776370586e-08,47,solver
277,1.7523929675448553e-08,9.220903233776945e-09,1.337241645461275e-08,1.7523929675448553e-08,47,solver
278,8.904683951023489e-09,1.5528547307158867e-08,1.2216615629091177e-08,1.5528547307158867e-08,47,solver
279,1.5631933442896626e-08,8.03332383214676e-09,1.1832628637521693e-08,1.5631933442896626e-08,47,solver
280,9.463520070888593e-09,1.755133892576971e-08,1.350742949832915e-08,1.755133892576971e-08,47,solver
281,1.630444575675474e-08,1.3962983358780934e-08,1.5133714557767837e-08,1.630444575675474e-08,47,solver
282,1.3968142594647465e-08,1.3674966901229964e-08,1.3821554747938715e-08,1.3968142594647465e-08,47,solver
283,1.0179576145429153e-08,1.1759544146104393e-08,1.0969560145766774e-08,1.1759544146104393e-08,47,solver
284,1.0956982121083217e-08,9.545408939784208e-09,1.0251195530433713e-08,1.0956982121083217e-08,47,solver
285,9.396663511336333e-09,1.4671856189460727e-08,1.203425985039853e-08,1.4671856189460727e-08,47,solver
286,1.7883507019683883e-08,6.980448266690244e-09,1.2431977643187063e-08,1.7883507019683883e-08,47,solver
287,9.78439772976571e-09,1.497097932645552e-08,1.2377688528110615e-08,1.497097932645552e-08,47,solver
288,1.3514744933730219e-08,7.550414115614317e-09,1.0532579524672269e-08,1.3514744933730219e-08,47,solver
289,8.616196993614562e-09,1.2502744683771444e-08,1.0559470838693003e-08,1.2502744683771444e-08,47,solver
290,1.1328116660972626e-08,1.1867681564336742e-08,1.1597899112654684e-08,1.1867681564336742e-08,47,solver
291,1.2797017041120585e-08,1.0261645373065402e-08,1.1529331207092994e-08,1.2797017041120585e-08,47,solver
292,8.479017394969132e-09,1.2343115366734777e-08,1.0411066380851954e-08,1.2343115366734777e-08,47,solver
293,1.1404084214610985e-08,8.449920893762976e-09,9.92700255418698e-09,1.1404084214610985e-08,47,solver
294,8.181133802340902e-09,1.234439219669717e-08,1.0262762999519035e-08,1.234439219669717e-08,47,solver
295,1.1846057730753221e-08,9.438752617558995e-09,1.0642405174156109e-08,1.1846057730753221e-08,47,solver
296,8.46631876049012e-09,1.173546512200893e-08,1.0100891941249524e-08,1.173546512200893e-08,47,solver
297,1.0711256510747175e-08,8.729868495107604e-09,9.72056250292739e-09,1.0711256510747175e-08,47,solver
298,9.848465821745102e-09,9.863740899049202e-09,9.856103360397152e-09,9.863740899049202e-09,47,solver
299,1.0253269189097643e-08,9.908315705651412e-09,1.0080792447374527e-08,1.0253269189097643e-08,47,solver
300,1.0495199377499835e-08,9.977588637510056e-09,1.0236394007504947e-08,1.0495199377499835e-08,47,solver
301,9.172026796268586e-09,1.1715754609755125e-08,1.0443890703011855e-08,1.1715754609755125e-08,47,solver
302,1.2974110966291252e-08,7.3332763464098995e-09,1.0153693656350575e-08,1.2974110966291252e-08,47,solver
303,8.493558641157015e-09,1.0833983027631665e-08,9.66377083439434e-09,1.0833983027631665e-08,47,solver
304,9.819310788167504e-09,7.835738112251459e-09,8.827524450209481e-09,9.819310788167504e-09,47,solver
305,9.436613499204526e-09,9.508708852438949e-09,9.472661175821738e-09,9.508708852438949e-09,47,solver
306,1.1027927452935583e-08,1.0054652312567386e-08,1.0541289882751484e-08,1.1027927452935583e-08,47,solver
307,9.829597094149658e-09,1.0599331283015144e-08,1.02144641885824e-08,1.0599331283015144e-08,47,solver
308,7.752127427629765e-09,9.533509041551653e-09,8.64281823459071e-09,9.533509041551653e-09,47,solver
309,8.763116095138723e-09,7.766506116774186e-09,8.264811105956454e-09,8.763116095138723e-09,47,solver
310,8.26989008471327e-09,1.0465179756422801e-08,9.367534920568035e-09,1.0465179756422801e-08,47,solver
311,8.652734951340718e-09,1.0863392100994071e-08,9.758063526167395e-09,1.0863392100994071e-08,47,solver
312,8.852919340231027e-09,8.940041449348051e-09,8.89648039478954e-09,8.940041449348051e-09,47,solver
313,1.0242825098490693e-08,6.138372046740023e-09,8.190598572615358e-09,1.0242825098490693e-08,47,solver
314,8.001397483609832e-09,1.0325346273083416e-08,9.163371878346624e-09,1.0325346273083416e-08,47,solver
315,8.16201813434803e-09,1.0387150150800395e-08,9.274584142574212e-09,1.0387150150800395e-08,47,solver
316,7.136551857713695e-09,8.504184523525487e-09,7.820368190619591e-09,8.504184523525487e-09,47,solver
317,7.000662398822536e-09,6.395772411707951e-09,6.698217405265243e-09,7.000662398822536e-09,47,solver
318,8.382994390607364e-09,7.646746144014691e-09,8.014870267311028e-09,8.382994390607364e-09,47,solver
319,8.13267692030419e-09,1.0684317041376344e-08,9.408496980840267e-09,1.0684317041376344e-08,47,solver
320,9.456244313880442e-09,8.87860858187153e-09,9.167426447875985e-09,9.456244313880442e-09,47,solver
321,7.843549066730747e-09,7.437322635808483e-09,7.640435851269615e-09,7.843549066730747e-09,47,solver
322,7.601170240445864e-09,6.65628069800065e-09,7.128725469223257e-09,7.601170240445864e-09,47,solver
323,8.206182734230272e-09,8.324830017892246e-09,8.265506376061258e-09,8.324830017892246e-09,47,solver
324,9.072753283911064e-09,9.211990677644453e-09,9.142371980777758e-09,9.211990677644453e-09,47,solver
325,6.892377467530182e-09,1.058532708433433e-08,8.738852275932256e-09,1.058532708433433e-08,47,solver
326,7.682723836449591e-09,8.65581807886523e-09,8.169270957657411e-09,8.65581807886523e-09,47,solver
327,8.498324914670305e-09,6.970365626812813e-09,7.734345270741559e-09,8.498324914670305e-09,47,solver
328,7.052511055075224e-09,8.42046061137394e-09,7.736485833224583e-09,8.42046061137394e-09,47,solver
329,7.06475049300504e-09,8.137146603600691e-09,7.600948548302866e-09,8.137146603600691e-09,47,solver
330,7.0491832037971946e-09,7.463235571574138e-09,7.256209387685666e-09,7.463235571574138e-09,47,solver
331,7.505060171021196e-09,6.814209237636482e-09,7.159634704328838e-09,7.505060171021196e-09,47,solver
332,7.369047724090363e-09,7.613854909433262e-09,7.491451316761813e-09,7.613854909433262e-09,47,solver
333,6.421695834604906e-09,8.644062035169434e-09,7.532878934887171e-09,8.644062035169434e-09,47,solver
334,6.076460356904989e-09,8.052089973228146e-09,7.0642751650665676e-09,8.052089973228146e-09,47,solver
335,6.646835518382059e-09,6.120896350208822e-09,6.383865934295441e-09,6.646835518382059e-09,47,solver
336,6.339937689458505e-09,6.135301147701774e-09,6.23761941858014e-09,6.339937689458505e-09,47,solver
337,5.9236890971003605e-09,7.603384765677183e-09,6.763536931388772e-09,7.603384765677183e-09,47,solver
338,7.682461428551064e-09,7.12625448921948e-09,7.404357958885272e-09,7.682461428551064e-09,47,solver
339,5.860033879273197e-09,8.615385236559616e-09,7.237709557916407e-09,8.615385236559616e-09,47,solver
340,6.790322830232356e-09,6.6208602173355975e-09,6.7055915237839765e-09,6.790322830232356e-09,47,solver
341,4.865727065116631e-09,4.8220581232360655e-09,4.843892594176348e-09,4.865727065116631e-09,47,solver
342,5.378123453277158e-09,4.44369955743185e-09,4.910911505354504e-09,5.378123453277158e-09,47,solver
343,4.548080319186009e-09,5.346262214369896e-09,4.947171266777953e-09,5.346262214369896e-09,47,solver
344,4.620715543542088e-09,5.014590022780416e-09,4.817652783161252e-09,5.014590022780416e-09,47,solver
345,4.9964745782623755e-09,4.087579065042155e-09,4.542026821652265e-09,4.9964745782623755e-09,47,solver
346,3.969638672261422e-09,4.654063413326234e-09,4.311851042793828e-09,4.654063413326234e-09,47,solver
347,4.189516431199746e-09,4.1874026356382055e-09,4.188459533418975e-09,4.189516431199746e-09,47,solver
348,3.741849333509805e-09,4.521699714690167e-09,4.131774524099986e-09,4.521699714690167e-09,47,solver
349,3.8383544481027395e-09,4.4915498879872996e-09,4.1649521680450195e-09,4.4915498879872996e-09,47,solver
350,4.051348739838804e-09,4.4586789900506516e-09,4.255013864944728e-09,4.4586789900506516e-09,47,solver
351,4.368143452591861e-09,4.418375100791127e-09,4.3932592766914946e-09,4.418375100791127e-09,47,solver
352,4.4279671675274306e-09,4.670791025172734e-09,4.549379096350082e-09,4.670791025172734e-09,47,solver
353,4.5947155267942456e-09,4.773847531663443e-09,4.684281529228844e-09,4.773847531663443e-09,47,solver
354,5.159686174340918e-09,4.347003700296975e-09,4.753344937318947e-09,5.159686174340918e-09,47,solver
355,4.876621805950086e-09,4.798611830297006e-09,4.837616818123546e-09,4.876621805950086e-09,47,solver
356,3.91793173604571e-09,5.778120773838321e-09,4.848026254942016e-09,5.778120773838321e-09,47,solver
357,5.015080471852297e-09,5.106846082985783e-09,5.060963277419039e-09,5.106846082985783e-09,47,solver
358,5.397690156289496e-09,4.8856616073808296e-09,5.141675881835163e-09,5.397690156289496e-09,47,solver
359,4.8543913774339345e-09,5.455288223324157e-09,5.154839800379046e-09,5.455288223324157e-09,47,solver
360,5.412423460152636e-09,4.8948339419430575e-09,5.153628701047847e-09,5.412423460152636e-09,47,solver
361,5.052356111522095e-09,5.358892679876409e-09,5.205624395699252e-09,5.358892679876409e-09,47,solver
362,5.752731027785338e-09,4.7622737248968025e-09,5.25750237634107e-09,5.752731027785338e-09,47,solver
363,5.049110471661401e-09,5.471654549193875e-09,5.260382510427638e-09,5.471654549193875e-09,47,solver
364,5.283452814239974e-09,4.889632317584627e-09,5.086542565912301e-09,5.283452814239974e-09,47,solver
365,4.677655808026814e-09,4.991563851511704e-09,4.834609829769259e-09,4.991563851511704e-09,47,solver
366,4.325897107866323e-09,5.040619303560325e-09,4.683258205713324e-09,5.040619303560325e-09,47,solver
367,5.274058092774937e-09,4.235107930351418e-09,4.754583011563177e-09,5.274058092774937e-09,47,solver
368,5.066903432483663e-09,4.885840926574366e-09,4.976372179529014e-09,5.066903432483663e-09,47,solver
369,5.038250310897891e-09,5.0562756254503855e-09,5.047262968174138e-09,5.0562756254503855e-09,47,solver
370,4.491803702287656e-09,5.21258822620762e-09,4.852195964247638e-09,5.21258822620762e-09,47,solver
371,4.561369221538444e-09,4.485073129808386e-09,4.523221175673415e-09,4.561369221538444e-09,47,solver
372,4.4729907217174476e-09,4.11321646651422e-09,4.293103594115833e-09,4.4729907217174476e-09,47,solver
373,4.304642312900449e-09,4.47920096718252e-09,4.3919216400414845e-09,4.47920096718252e-09,47,solver
374,4.67037959939489e-09,4.676007607647075e-09,4.673193603520982e-09,4.676007607647075e-09,47,solver
375,4.783715292236831e-09,4.8493874722393715e-09,4.8165513822381016e-09,4.8493874722393715e-09,47,solver
376,4.850945584720804e-09,4.427245406254529e-09,4.639095495487667e-09,4.850945584720804e-09,47,solver
377,3.966849319276184e-09,4.512568935918437e-09,4.2397091275973105e-09,4.512568935918437e-09,47,solver
378,3.7216899257785264e-09,4.1749182346711775e-09,3.948304080224852e-09,4.1749182346711775e-09,47,solver
379,3.6730256354116425e-09,4.364987519289711e-09,4.019006577350676e-09,4.364987519289711e-09,47,solver
380,4.312964505370953e-09,4.3834892236053465e-09,4.34822686448815e-09,4.3834892236053465e-09,47,solver
381,4.928222558132904e-09,4.102240697523973e-09,4.515231627828438e-09,4.928222558132904e-09,47,solver
382,4.264809197971015e-09,4.5180988926209984e-09,4.391454045296007e-09,4.5180988926209984e-09,47,solver
383,4.1802354131045185e-09,3.904940508963768e-09,4.042587961034143e-09,4.1802354131045185e-09,47,solver
384,3.4728605377614853e-09,4.233698164423302e-09,3.853279351092393e-09,4.233698164423302e-09,47,solver
385,4.6614349599300915e-09,3.5359411940827987e-09,4.098688077006445e-09,4.6614349599300915e-09,47,solver
386,4.5114505953819585e-09,4.7076822986815745e-09,4.609566447031766e-09,4.7076822986815745e-09,47,solver
387,5.139132783138099e-09,4.685258064463119e-09,4.912195423800609e-09,5.139132783138099e-09,47,solver
388,4.708793364778338e-09,5.166562285768733e-09,4.937677825273536e-09,5.166562285768733e-09,47,solver
389,4.4644124007582585e-09,5.224723297714631e-09,4.8445678492364446e-09,5.224723297714631e-09,47,solver
390,5.477637539951386e-09,4.230102686957036e-09,4.853870113454211e-09,5.477637539951386e-09,47,solver
391,5.195679845264255e-09,4.876451918978492e-09,5.0360658821213736e-09,5.195679845264255e-09,47,solver
392,5.156796736166451e-09,5.015309743193528e-09,5.086053239679989e-09,5.156796736166451e-09,47,solver
393,4.224587892286723e-09,5.515769528643767e-09,4.870178710465245e-09,5.515769528643767e-09,47,solver
394,4.91210959305902e-09,4.30322599082711e-09,4.6076677919430646e-09,4.91210959305902e-09,47,solver
395,4.512974957755256e-09,4.348992327855735e-09,4.4309836428054956e-09,4.512974957755256e-09,47,solver
396,4.693551136131935e-09,4.210070233054211e-09,4.451810684593073e-09,4.693551136131935e-09,47,solver
397,4.6188554478293616e-09,4.484859973143816e-09,4.551857710486589e-09,4.6188554478293616e-09,47,solver
398,4.05220836333304e-09,4.948790761315574e-09,4.500499562324306e-09,4.948790761315574e-09,47,solver
399,4.640498373026791e-09,4.048465949481265e-09,4.3444821612540285e-09,4.640498373026791e-09,47,solver
400,4.414820622112864e-09,4.022881221576445e-09,4.218850921844654e-09,4.414820622112864e-09,47,solver
401,4.156729383300735e-09,4.417867375732067e-09,4.2872983795164005e-09,4.417867375732067e-09,47,solver
402,4.121930864744644e-09,4.779940659283268e-09,4.450935762013956e-09,4.779940659283268e-09,47,solver
403,5.105236254084405e-09,3.818985249098145e-09,4.462110751591276e-09,5.105236254084405e-09,47,solver
404,4.768730999446942e-09,3.844424051404861e-09,4.306577525425902e-09,4.768730999446942e-09,47,solver
405,4.510400637898544e-09,3.6818090760804226e-09,4.096104856989484e-09,4.510400637898544e-09,47,solver
406,3.856738902047837e-09,4.467917511568082e-09,4.162328206807959e-09,4.467917511568082e-09,47,solver
407,4.280956336431808e-09,4.771468447757611e-09,4.5262123920947095e-09,4.771468447757611e-09,47,solver
408,5.650006014863361e-09,4.006803665140172e-09,4.8284048400017665e-09,5.650006014863361e-09,47,solver
409,4.713547706636189e-09,5.3098334809137544e-09,5.0116905937749715e-09,5.3098334809137544e-09,47,solver
410,4.963491857279966e-09,4.877334335348584e-09,4.920413096314275e-09,4.963491857279966e-09,47,solver
411,5.044556785402342e-09,4.632083023144877e-09,4.83831990427361e-09,5.044556785402342e-09,47,solver
412,4.376621749956734e-09,5.554875119684882e-09,4.965748434820808e-09,5.554875119684882e-09,47,solver
413,5.232012878551734e-09,5.3920091258007294e-09,5.312011002176231e-09,5.3920091258007294e-09,47,solver
414,5.281038639135989e-09,5.731916795913315e-09,5.506477717524652e-09,5.731916795913315e-09,47,solver
415,5.516306423423939e-09,5.354340347956699e-09,5.435323385690319e-09,5.516306423423939e-09,47,solver
416,5.296360042091066e-09,5.022229679464079e-09,5.1592948607775725e-09,5.296360042091066e-09,47,solver
417,5.686405756479693e-09,4.016949627350973e-09,4.851677691915333e-09,5.686405756479693e-09,47,solver
418,4.40408283784144e-09,5.344022786410189e-09,4.874052812125814e-09,5.344022786410189e-09,47,solver
419,5.119487463681019e-09,4.922703627290426e-09,5.021095545485722e-09,5.119487463681019e-09,47,solver
420,4.97713787688453e-09,5.259956885490788e-09,5.118547381187659e-09,5.259956885490788e-09,47,solver
421,4.591647448300181e-09,5.5660916149700825e-09,5.078869531635132e-09,5.5660916149700825e-09,47,solver
422,5.4712309759653366e-09,4.489378352502687e-09,4.9803046642340116e-09,5.4712309759653366e-09,47,solver
423,5.323613228943628e-09,4.433076166061904e-09,4.878344697502766e-09,5.323613228943628e-09,47,solver
424,4.473464816166485e-09,5.118058424598222e-09,4.795761620382353e-09,5.118058424598222e-09,47,solver
425,4.622021130096485e-09,4.8056043046001e-09,4.713812717348293e-09,4.8056043046001e-09,47,solver
426,4.787571055976274e-09,4.469958197957183e-09,4.628764626966729e-09,4.787571055976274e-09,47,solver
427,4.098701681884672e-09,5.0316623844005275e-09,4.565182033142599e-09,5.0316623844005275e-09,47,solver
428,4.882213504037246e-09,4.2995817478336805e-09,4.590897625935463e-09,4.882213504037246e-09,47,solver
429,4.653251896796853e-09,4.657558351651635e-09,4.655405124224243e-09,4.657558351651635e-09,47,solver
430,4.699854950179471e-09,4.8086731446243735e-09,4.754264047401922e-09,4.8086731446243735e-09,47,solver
431,4.805983334738455e-09,4.987421282081912e-09,4.896702308410184e-09,4.987421282081912e-09,47,solver
432,5.047077129218557e-09,5.038661739457121e-09,5.0428694343378395e-09,5.047077129218557e-09,47,solver
433,4.7209936987864146e-09,5.483295717815984e-09,5.102144708301199e-09,5.483295717815984e-09,47,solver
434,5.132037097479898e-09,5.008941153494186e-09,5.0704891254870415e-09,5.132037097479898e-09,47,solver
435,5.245462187363555e-09,4.586573402991335e-09,4.916017795177445e-09,5.245462187363555e-09,47,solver
436,4.557090037233705e-09,4.962897824629276e-09,4.759993930931491e-09,4.962897824629276e-09,47,solver
437,4.216491121632225e-09,5.0911292036934e-09,4.653810162662813e-09,5.0911292036934e-09,47,solver
438,5.118052027036538e-09,4.2331264266831834e-09,4.675589226859861e-09,5.118052027036538e-09,47,solver
439,4.918128938539769e-09,4.638212953468305e-09,4.778170946004037e-09,4.918128938539769e-09,47,solver
440,4.162582337995072e-09,5.4024616651131515e-09,4.782522001554112e-09,5.4024616651131515e-09,47,solver
441,4.933787525760483e-09,4.565315519791858e-09,4.7495515227761705e-09,4.933787525760483e-09,47,solver
442,4.930880906099698e-09,4.229256055788918e-09,4.580068480944309e-09,4.930880906099698e-09,47,solver
443,4.273160274764968e-09,4.6130291345967024e-09,4.443094704680836e-09,4.6130291345967024e-09,47,solver
444,4.207434561158294e-09,4.616749987417572e-09,4.4120922742879324e-09,4.616749987417572e-09,47,solver
445,4.207117888239952e-09,4.843601393670317e-09,4.5253596409551345e-09,4.843601393670317e-09,47,solver
446,4.989878804739669e-09,4.54521864467411e-09,4.767548724706889e-09,4.989878804739669e-09,47,solver
447,4.8481953828497724e-09,5.279368460837315e-09,5.0637819218435436e-09,5.279368460837315e-09,47,solver
448,4.597271796299092e-09,5.979766208567077e-09,5.288519002433085e-09,5.979766208567077e-09,47,solver
449,4.8290858322549044e-09,6.013953064301109e-09,5.421519448278007e-09,6.013953064301109e-09,47,solver
450,5.874624145678761e-09,4.83746924293258e-09,5.3560466943056706e-09,5.874624145678761e-09,47,solver
451,5.268310453950182e-09,5.19045479124013e-09,5.229382622595156e-09,5.268310453950182e-09,47,solver
452,5.355284137973649e-09,5.079184910208118e-09,5.217234524090883e-09,5.355284137973649e-09,47,solver
453,6.020919617649144e-09,4.747366678620608e-09,5.384143148134875e-09,6.020919617649144e-09,47,solver
454,6.202588518027727e-09,5.021223531636293e-09,5.61190602483201e-09,6.202588518027727e-09,47,solver
455,4.529761252011159e-09,6.5945867117491355e-09,5.562173981880147e-09,6.5945867117491355e-09,47,solver
456,5.473847112555097e-09,5.41705618373477e-09,5.4454516481449335e-09,5.473847112555097e-09,47,solver
457,5.3859898733148345e-09,4.986428430328411e-09,5.186209151821623e-09,5.3859898733148345e-09,47,solver
458,5.28020840608213e-09,4.835023642702238e-09,5.0576160243921845e-09,5.28020840608213e-09,47,solver
459,4.84108406031931e-09,5.243716653655903e-09,5.0424003569876066e-09,5.243716653655903e-09,47,solver
460,5.327551087536791e-09,4.744872088523668e-09,5.036211588030229e-09,5.327551087536791e-09,47,solver
461,5.3906857075332596e-09,4.7141478844218465e-09,5.052416795977553e-09,5.3906857075332596e-09,47,solver
462,4.6000441781076616e-09,5.666212926015249e-09,5.133128552061456e-09,5.666212926015249e-09,47,solver
463,5.6160332778598826e-09,4.883828320226201e-09,5.2499307990430415e-09,5.6160332778598826e-09,47,solver
464,5.078116357932339e-09,5.279255473602993e-09,5.178685915767666e-09,5.279255473602993e-09,47,solver
465,5.515643939332715e-09,3.979507978685377e-09,4.747575959009046e-09,5.515643939332715e-09,47,solver
466,3.756938962706099e-09,4.7730135709087785e-09,4.2649762668074385e-09,4.7730135709087785e-09,47,solver
467,3.821289026467862e-09,4.157851515761653e-09,3.989570271114757e-09,4.157851515761653e-09,47,solver
468,4.250002470603555e-09,3.992331436232776e-09,4.1211669534181655e-09,4.250002470603555e-09,47,solver
469,4.768466112129525e-09,4.1552288293118224e-09,4.461847470720673e-09,4.768466112129525e-09,47,solver
470,4.910928096013156e-09,4.525349431008368e-09,4.718138763510762e-09,4.910928096013156e-09,47,solver
471,4.126056764128945e-09,5.368537631036793e-09,4.747297197582869e-09,5.368537631036793e-09,47,solver
472,5.137340681975594e-09,4.429179460486429e-09,4.783260071231011e-09,5.137340681975594e-09,47,solver
473,4.764613714584879e-09,4.9909019703766274e-09,4.877757842480753e-09,4.9909019703766274e-09,47,solver
474,4.934166809089302e-09,5.094392531425045e-09,5.0142796702571735e-09,5.094392531425045e-09,47,solver
475,4.507315183920905e-09,5.6397019763289096e-09,5.073508580124907e-09,5.6397019763289096e-09,47,solver
476,5.46595406818634e-09,4.7495181346734366e-09,5.107736101429888e-09,5.46595406818634e-09,47,solver
477,5.003826823329321e-09,5.191866948755443e-09,5.097846886042382e-09,5.191866948755443e-09,47,solver
478,4.664691515238719e-09,5.38729187957351e-09,5.025991697406114e-09,5.38729187957351e-09,47,solver
479,5.3002200488075755e-09,4.429697741601636e-09,4.864958895204606e-09,5.3002200488075755e-09,47,solver
480,4.801045792266715e-09,4.466328949384833e-09,4.633687370825774e-09,4.801045792266715e-09,47,solver
481,4.152576638282099e-09,4.6819175043451305e-09,4.417247071313615e-09,4.6819175043451305e-09,47,solver
482,4.135564544816678e-09,4.620575515488594e-09,4.378070030152636e-09,4.620575515488594e-09,47,solver
483,4.40512910064147e-09,4.525269534159228e-09,4.465199317400349e-09,4.525269534159228e-09,47,solver
484,4.665102462543404e-09,4.299976268678434e-09,4.482539365610919e-09,4.665102462543404e-09,47,solver
485,4.736651248075619e-09,3.941095064029915e-09,4.338873156052767e-09,4.736651248075619e-09,47,solver
486,4.4943297633939315e-09,3.814798199303789e-09,4.15456398134886e-09,4.4943297633939315e-09,47,solver
487,4.085492271362633e-09,4.0604715766521095e-09,4.072981924007371e-09,4.085492271362633e-09,47,solver
488,3.5945756636816e-09,4.524626217996925e-09,4.059600940839262e-09,4.524626217996925e-09,47,solver
489,4.063511386314629e-09,4.078530737274182e-09,4.071021061794406e-09,4.078530737274182e-09,47,solver
490,4.163288621144333e-09,3.6986224509974795e-09,3.930955536070906e-09,4.163288621144333e-09,47,solver
491,3.654244259637162e-09,3.93319846625882e-09,3.793721362947991e-09,3.93319846625882e-09,47,solver
492,3.996111417093094e-09,3.773763080624722e-09,3.884937248858908e-09,3.996111417093094e-09,47,solver
493,4.537646935253913e-09,4.000717228737092e-09,4.269182081995503e-09,4.537646935253913e-09,47,solver
494,4.574379670188606e-09,4.924544874343272e-09,4.7494622722659395e-09,4.924544874343272e-09,47,solver
495,4.907497985030151e-09,5.228817955436277e-09,5.068157970233214e-09,5.228817955436277e-09,47,solver
496,5.308828331021994e-09,5.021425885022942e-09,5.1651271080224685e-09,5.308828331021994e-09,47,solver
497,5.254508233315805e-09,5.03873857965259e-09,5.146623406484198e-09,5.254508233315805e-09,47,solver
498,5.357278172329908e-09,4.934283848320201e-09,5.145781010325055e-09,5.357278172329908e-09,47,solver
499,5.161469648912422e-09,5.219217535384135e-09,5.190343592148278e-09,5.219217535384135e-09,47,solver
500,4.7848413615547026e-09,5.513075134901335e-09,5.148958248228019e-09,5.513075134901335e-09,47,solver
501,5.55238632136469e-09,4.329414236561152e-09,4.940900278962922e-09,5.55238632136469e-09,47,solver
502,4.828831454036452e-09,4.569496713345808e-09,4.69916408369113e-09,4.828831454036452e-09,47,solver
503,4.415175417463076e-09,4.655534267416853e-09,4.535354842439965e-09,4.655534267416853e-09,47,solver
504,4.198670907779652e-09,5.084946003208219e-09,4.6418084554939356e-09,5.084946003208219e-09,47,solver
505,4.896930494221231e-09,5.084746007275794e-09,4.990838250748513e-09,5.084746007275794e-09,47,solver
506,5.276382653109796e-09,5.207952621424246e-09,5.2421676372670215e-09,5.276382653109796e-09,47,solver
507,4.899608002839058e-09,5.507289551209895e-09,5.203448777024477e-09,5.507289551209895e-09,47,solver
508,5.208394195798445e-09,4.668227665763607e-09,4.938310930781026e-09,5.208394195798445e-09,47,solver
509,4.393257965535849e-09,5.025289817942977e-09,4.709273891739413e-09,5.025289817942977e-09,47,solver
510,5.145461806084048e-09,4.393370471957336e-09,4.769416139020692e-09,5.145461806084048e-09,47,solver
511,4.709947561054969e-09,5.3483160069350715e-09,5.02913178399502e-09,5.3483160069350715e-09,47,solver
512,0.06054484273298077,5.174516331241106e-09,0.03027242395374855,0.06054484273298077,47,solver
1,0.5922909339607287,0.5565986123307725,0.5744447731457506,0.5922909339607287,47,error
2,0.4762469938686808,0.4186859914808833,0.44746649267478206,0.4762469938686808,47,error
3,0.3201941323742803,0.2585462932279992,0.2893702128011397,0.3201941323742803,47,error
4,0.11806678738626578,0.16639685518324426,0.14223182128475503,0.16639685518324426,47,error
5,0.08953575284515243,0.09705711646513356,0.09329643465514299,0.09705711646513356,47,error
6,0.1383925131390778,0.08773074177863557,0.11306162745885669,0.1383925131390778,47,error
7,0.13222025073758734,0.09838930814859431,0.11530477944309082,0.13222025073758734,47,error
8,0.09803377214992355,0.07914799911466164,0.08859088563229259,0.09803377214992355,47,error
9,0.09031689596126502,0.05759319512249742,0.07395504554188122,0.09031689596126502,47,error
10,0.08160810177135114,0.07216800811381743,0.07688805494258429,0.08160810177135114,47,error
11,0.08383038447781718,0.06851286708140791,0.07617162577961255,0.08383038447781718,47,error
12,0.09756957075287145,0.08378294948821705,0.09067626012054425,0.09756957075287145,47,error
13,0.0962073236867132,0.10155971546337536,0.09888351957504428,0.10155971546337536,47,error
14,0.12864610552792258,0.12473637456499387,0.1266912400464582,0.12864610552792258,47,error
15,0.16010368489228508,0.15942007644410303,0.15976188066819405,0.16010368489228508,47,error
16,0.19010457466207187,0.16979033929664977,0.17994745697936082,0.19010457466207187,47,error
17,0.14708038985449026,0.1363211664715107,0.14170077816300047,0.14708038985449026,47,error
18,0.10934199054312968,0.11143612712811772,0.1103890588356237,0.11143612712811772,47,error
19,0.10283947874038336,0.1044905753569147,0.10366502704864902,0.1044905753569147,47,error
20,0.0997479656785786,0.10038558633357847,0.10006677600607854,0.10038558633357847,47,error
21,0.09754582638324713,0.08595442742722788,0.09175012690523751,0.09754582638324713,47,error
22,0.07405763476376907,0.07863017664492232,0.0763439057043457,0.07863017664492232,47,error
23,0.06664654871441372,0.06244262680461811,0.06454458775951591,0.06664654871441372,47,error
24,0.058457470164909195,0.06280582832526868,0.06063164924508894,0.06280582832526868,47,error
25,0.054962810936239816,0.05409699625943655,0.054529903597838186,0.054962810936239816,47,error
26,0.05240161941723417,0.04759322957994941,0.04999742449859179,0.05240161941723417,47,error
27,0.042429573833906144,0.044874440174172754,0.04365200700403945,0.044874440174172754,47,error
28,0.04226191018262121,0.038730692123408385,0.040496301153014794,0.04226191018262121,47,error
29,0.03539910949133866,0.04048373529686217,0.037941422394100414,0.04048373529686217,47,error
30,0.037738562468450615,0.0324724536326181,0.03510550805053436,0.037738562468450615,47,error
31,0.03090830493363843,0.03476731460225491,0.032837809767946674,0.03476731460225491,47,error
32,0.03113791964549846,0.027713348279747304,0.029425633962622884,0.03113791964549846,47,error
33,0.02639539778004157,0.028444108115497125,0.027419752947769348,0.028444108115497125,47,error
34,0.025418801509689466,0.023057167146079263,0.024237984327884363,0.025418801509689466,47,error
35,0.021914617574198506,0.023104609820732504,0.022509613697465507,0.023104609820732504,47,error
36,0.020557197293105928,0.019748546496494886,0.020152871894800407,0.020557197293105928,47,error
37,0.01855541023996105,0.0192086059032102,0.018882008071585625,0.0192086059032102,47,error
38,0.017872871883973213,0.01775507741892736,0.017813974651450286,0.017872871883973213,47,error
39,0.01680172552335173,0.017176504492525706,0.016989115007938718,0.017176504492525706,47,error
40,0.016603425744195877,0.016317742010657322,0.016460583877426598,0.016603425744195877,47,error
41,0.015864399502475604,0.01628554560868401,0.016074972555579808,0.01628554560868401,47,error
42,0.016385213941577565,0.015895253619653143,0.016140233780615354,0.016385213941577565,47,error
43,0.015544220341478824,0.01617012059040347,0.015857170465941147,0.01617012059040347,47,error
44,0.0159649455303757,0.015488601879244756,0.015726773704810227,0.0159649455303757,47,error
45,0.015070869234688236,0.015594794429446883,0.015332831832067559,0.015594794429446883,47,error
46,0.015456017453652432,0.014899984116072998,0.015178000784862715,0.015456017453652432,47,error
47,0.014716672832636946,0.015031318423308983,0.014873995627972965,0.015031318423308983,47,error
48,0.014813177168883104,0.01452560526953751,0.014669391219210307,0.014813177168883104,47,error
49,0.014443505294974329,0.014486776033539955,0.014465140664257142,0.014486776033539955,47,error
50,0.014375879815053878,0.01422053221695888,0.01429820601600638,0.014375879815053878,47,error
51,0.014193069006253051,0.01420131712788549,0.01419719306706927,0.01420131712788549,47,error
52,0.014160471662203827,0.014127725582843123,0.014144098622523475,0.014160471662203827,47,error
53,0.014180587239519045,0.01414053580383006,0.014160561521674553,0.014180587239519045,47,error
54,0.01413520267475049,0.014128803916340181,0.014132003295545335,0.01413520267475049,47,error
55,0.014121746396814145,0.014169260897023991,0.014145503646919067,0.014169260897023991,47,error
56,0.014182341851901993,0.014145443746609712,0.014163892799255853,0.014182341851901993,47,error
57,0.014138865962630665,0.014194029182160908,0.014166447572395786,0.014194029182160908,47,error
58,0.014157020640285664,0.014154870417333322,0.014155945528809492,0.014157020640285664,47,error
59,0.0141382398500853,0.014200026854151459,0.01416913335211838,0.014200026854151459,47,error
60,0.014178038356309567,0.014156576226320997,0.014167307291315281,0.014178038356309567,47,error
61,0.014139869786749406,0.014166038194573322,0.014152953990661365,0.014166038194573322,47,error
62,0.014137175284739855,0.014152238258746317,0.014144706771743086,0.014152238258746317,47,error
63,0.01415347991871835,0.014138304322246782,0.014145892120482565,0.01415347991871835,47,error
64,0.014140710219578193,0.014136367647201983,0.014138538933390088,0.014140710219578193,47,error
65,0.014138775178474427,0.014121642196250296,0.014130208687362361,0.014138775178474427,47,error
66,0.014134532705321357,0.014131514593733449,0.014133023649527402,0.014134532705321357,47,error
67,0.014145872377153462,0.014117996453602701,0.014131934415378081,0.014145872377153462,47,error
68,0.01413751612715679,0.014120878361255345,0.014129197244206068,0.01413751612715679,47,error
69,0.01413099639328671,0.014125437913978498,0.014128217153632605,0.01413099639328671,47,error
70,0.014140886163332545,0.01412037531784377,0.014130630740588158,0.014140886163332545,47,error
71,0.01413248302960631,0.014126790865394506,0.014129636947500409,0.01413248302960631,47,error
72,0.014132170017937823,0.014124632693750349,0.014128401355844086,0.014132170017937823,47,error
73,0.014130866199414659,0.014132418827689808,0.014131642513552234,0.014132418827689808,47,error
74,0.014133709492136425,0.01412949107170008,0.014131600281918252,0.014133709492136425,47,error
75,0.014128217586573505,0.014130268405516363,0.014129242996044934,0.014130268405516363,47,error
76,0.014126759364270665,0.014134003117291374,0.01413038124078102,0.014134003117291374,47,error
77,0.014131493986079989,0.014130801294797947,0.014131147640438968,0.014131493986079989,47,error
78,0.014125695804093553,0.014131593123951616,0.014128644464022583,0.014131593123951616,47,error
79,0.014126205801526567,0.01412973744614471,0.014127971623835639,0.01412973744614471,47,error
80,0.01412841862375401,0.014131556080070305,0.014129987351912158,0.014131556080070305,47,error
81,0.014128489806883441,0.014128586791975008,0.014128538299429224,0.014128586791975008,47,error
82,0.014125295124871692,0.014127696515988195,0.014126495820429944,0.014127696515988195,47,error
83,0.0141279010591356,0.014129319954963616,0.014128610507049607,0.014129319954963616,47,error
84,0.014130603808522964,0.014128030226119725,0.014129317017321345,0.014130603808522964,47,error
85,0.014127093936290545,0.014127682455482822,0.014127388195886683,0.014127682455482822,47,error
86,0.014127614809611593,0.014128349358089888,0.01412798208385074,0.014128349358089888,47,error
87,0.014130967074074395,0.014129179907959808,0.014130073491017102,0.014130967074074395,47,error
88,0.014129828105588884,0.014128687064357584,0.014129257584973234,0.014129828105588884,47,error
89,0.014127589350111531,0.014128635834992017,0.014128112592551773,0.014128635834992017,47,error
90,0.014129562426188277,0.014130011106693739,0.014129786766441008,0.014130011106693739,47,error
91,0.014131305578655376,0.014129483401864389,0.014130394490259882,0.014131305578655376,47,error
92,0.01412842775003352,0.01412934858910322,0.014128888169568369,0.01412934858910322,47,error
93,0.014128378482839958,0.014129739118264945,0.01412905880055245,0.014129739118264945,47,error
94,0.01413087775567054,0.014129905640801741,0.014130391698236142,0.01413087775567054,47,error
95,0.014130175115110158,0.014129513990990251,0.014129844553050205,0.014130175115110158,47,error
96,0.014128450586050303,0.014129395122010521,0.014128922854030411,0.014129395122010521,47,error
97,0.014129942067437609,0.014129761033902516,0.014129851550670062,0.014129942067437609,47,error
98,0.01413138501717999,0.014129301933103461,0.014130343475141725,0.01413138501717999,47,error
99,0.014129648341235937,0.01412911007915752,0.014129379210196729,0.014129648341235937,47,error
100,0.014129496953007756,0.014129302991959369,0.014129399972483563,0.014129496953007756,47,error
101,0.014131227125120828,0.014129261027009283,0.014130244076065055,0.014131227125120828,47,error
102,0.014130864437273594,0.01412893135915068,0.014129897898212137,0.014130864437273594,47,error
103,0.01412952325746196,0.014128989017283095,0.014129256137372526,0.01412952325746196,47,error
104,0.01413027489839574,0.01412911126070745,0.014129693079551595,0.01413027489839574,47,error
105,0.014131041754473432,0.014128842267377246,0.01412994201092534,0.014131041754473432,47,error
106,0.01412993902582717,0.01412878953752076,0.014129364281673964,0.01412993902582717,47,error
107,0.014129534220626912,0.014129033919521607,0.01412928407007426,0.014129534220626912,47,error
108,0.01413038352300815,0.01412891081069428,0.014129647166851216,0.01413038352300815,47,error
109,0.014130150412539013,0.01412874303769527,0.01412944672511714,0.014130150412539013,47,error
110,0.014129350680362439,0.014128935302836466,0.014129142991599453,0.014129350680362439,47,error
111,0.014129657424834826,0.014129018836379237,0.01412933813060703,0.014129657424834826,47,error
112,0.014130021500871693,0.01412880951175973,0.014129415506315711,0.014130021500871693,47,error
113,0.014129506134786366,0.014128821668736953,0.014129163901761659,0.014129506134786366,47,error
114,0.014129321360015585,0.014129026259169944,0.014129173809592764,0.014129321360015585,47,error
115,0.014129713630415701,0.014128908059725626,0.014129310845070664,0.014129713630415701,47,error
116,0.014129613494755677,0.014128771959925504,0.01412919272734059,0.014129613494755677,47,error
117,0.014129293983581329,0.01412893763703231,0.01412911581030682,0.014129293983581329,47,error
118,0.014129459519411412,0.014129014508142985,0.014129237013777197,0.014129459519411412,47,error
119,0.014129596032683822,0.014128849174429463,0.014129222603556642,0.014129596032683822,47,error
120,0.0141293822418994,0.014128880603738042,0.01412913142281872,0.0141293822418994,47,error
121,0.014129394281062885,0.014129055319353802,0.014129224800208343,0.014129394281062885,47,error
122,0.01412955071968642,0.014129016797439215,0.014129283758562816,0.01412955071968642,47,error
123,0.0141294689730213,0.01412891872743254,0.01412919385022692,0.0141294689730213,47,error
124,0.014129398514592346,0.014129054990171926,0.014129226752382136,0.014129398514592346,47,error
125,0.014129549308611903,0.014129134208589227,0.014129341758600564,0.014129549308611903,47,error
126,0.01412956220737581,0.014129034452054965,0.014129298329715387,0.01412956220737581,47,error
127,0.01412947010281852,0.014129040381934854,0.014129255242376687,0.01412947010281852,47,error
128,0.014129582975249504,0.01412914176704747,0.014129362371148486,0.014129582975249504,47,error
129,0.014129661125472287,0.014129127020317747,0.014129394072895016,0.014129661125472287,47,error
130,0.014129572099562096,0.01412904336770525,0.014129307733633674,0.014129572099562096,47,error
131,0.01412958547682873,0.014129102112500843,0.014129343794664786,0.01412958547682873,47,error
132,0.014129729781130059,0.014129143846235669,0.014129436813682863,0.014129729781130059,47,error
133,0.014129692720071252,0.014129082489303172,0.014129387604687212,0.014129692720071252,47,error
134,0.01412961105191188,0.014129065701077217,0.014129338376494549,0.01412961105191188,47,error
135,0.014129720484858593,0.014129106118887296,0.014129413301872944,0.014129720484858593,47,error
136,0.014129782796643033,0.014129086335426387,0.01412943456603471,0.014129782796643033,47,error
137,0.014129669481901233,0.01412905027973371,0.014129359880817472,0.014129669481901233,47,error
138,0.01412967495381945,0.014129057889790684,0.014129366421805067,0.01412967495381945,47,error
139,0.01412977426485492,0.014129073825363464,0.014129424045109192,0.01412977426485492,47,error
140,0.014129734205543818,0.014129039091534035,0.014129386648538926,0.014129734205543818,47,error
141,0.014129642076419622,0.014129031422370186,0.014129336749394903,0.014129642076419622,47,error
142,0.014129704354042474,0.014129038309247216,0.014129371331644845,0.014129704354042474,47,error
143,0.014129750207824308,0.014129025208689552,0.014129387708256929,0.014129750207824308,47,error
144,0.01412966313138218,0.014129006794353067,0.014129334962867623,0.01412966313138218,47,error
145,0.014129643343005786,0.014129003296129376,0.01412932331956758,0.014129643343005786,47,error
146,0.01412969610311172,0.014129005243668016,0.014129350673389867,0.01412969610311172,47,error
147,0.014129679275499879,0.014128988315757431,0.014129333795628654,0.014129679275499879,47,error
148,0.014129610043942828,0.014128998097189586,0.014129304070566208,0.014129610043942828,47,error
149,0.014129634815177797,0.014128996893643603,0.0141293158544107,0.014129634815177797,47,error
150,0.014129663624037508,0.014128986253734018,0.014129324938885763,0.014129663624037508,47,error
151,0.014129616519194066,0.014128989352517139,0.014129302935855601,0.014129616519194066,47,error
152,0.014129594809609831,0.0141289996963226,0.014129297252966216,0.014129594809609831,47,error
153,0.014129622662292566,0.014128997893092457,0.01412931027769251,0.014129622662292566,47,error
154,0.014129617561947245,0.014128995061542226,0.014129306311744735,0.014129617561947245,47,error
155,0.01412958436627767,0.014129013912585642,0.014129299139431655,0.01412958436627767,47,error
156,0.014129585718139498,0.014129021628386088,0.014129303673262792,0.014129585718139498,47,error
157,0.014129604915337763,0.014129008780715983,0.014129306848026872,0.014129604915337763,47,error
158,0.0141295897963098,0.014129021408329166,0.014129305602319484,0.0141295897963098,47,error
159,0.014129581049982595,0.014129035716999675,0.014129308383491135,0.014129581049982595,47,error
160,0.01412959125953832,0.014129030830687258,0.014129311045112789,0.01412959125953832,47,error
161,0.014129593603811944,0.0141290295484453,0.014129311576128623,0.014129593603811944,47,error
162,0.014129594099792094,0.014129036754954005,0.01412931542737305,0.014129594099792094,47,error
163,0.014129592487897243,0.014129044546116066,0.014129318517006655,0.014129592487897243,47,error
164,0.014129606903216522,0.01412902877517175,0.014129317839194137,0.014129606903216522,47,error
165,0.01412960531032174,0.01412903446507567,0.014129319887698704,0.01412960531032174,47,error
166,0.014129614656088961,0.014129037688829968,0.014129326172459464,0.014129614656088961,47,error
167,0.01412961900029377,0.014129031613291265,0.014129325306792517,0.01412961900029377,47,error
168,0.014129617720776174,0.01412902752701789,0.014129322623897031,0.014129617720776174,47,error
169,0.014129628509840151,0.014129026565454192,0.01412932753764717,0.014129628509840151,47,error
170,0.014129624998019464,0.014129032252603207,0.014129328625311336,0.014129624998019464,47,error
171,0.01412962776045706,0.014129021699500446,0.014129324729978753,0.01412962776045706,47,error
172,0.014129622187270229,0.014129025262913654,0.01412932372509194,0.014129622187270229,47,error
173,0.01412962484946231,0.014129030340484907,0.014129327594973609,0.01412962484946231,47,error
174,0.014129626574262819,0.014129028183598341,0.01412932737893058,0.014129626574262819,47,error
175,0.014129615166691365,0.014129025467021819,0.014129320316856592,0.014129615166691365,47,error
176,0.014129618401820929,0.014129025445747716,0.014129321923784324,0.014129618401820929,47,error
177,0.01412961688954813,0.014129032929090082,0.014129324909319107,0.01412961688954813,47,error
178,0.014129611350416078,0.014129028913869586,0.014129320132142832,0.014129611350416078,47,error
179,0.01412960636766239,0.01412902661498084,0.014129316491321615,0.01412960636766239,47,error
180,0.014129605301122491,0.014129034358107823,0.014129319829615157,0.014129605301122491,47,error
181,0.014129611489065655,0.014129026247736745,0.0141293188684012,0.014129611489065655,47,error
182,0.014129599298509377,0.014129029505897527,0.014129314402203452,0.014129599298509377,47,error
183,0.014129607945252372,0.014129019800611186,0.01412931387293178,0.014129607945252372,47,error
184,0.014129610168796847,0.014129020446071736,0.014129315307434291,0.014129610168796847,47,error
185,0.014129608845273742,0.014129016706865002,0.014129312776069372,0.014129608845273742,47,error
186,0.014129609939657168,0.014129013050223554,0.014129311494940362,0.014129609939657168,47,error
187,0.014129610180108033,0.014129015910703098,0.014129313045405566,0.014129610180108033,47,error
188,0.014129614674494842,0.014129010235209584,0.014129312454852213,0.014129614674494842,47,error
189,0.014129608421784987,0.014129014578143653,0.01412931149996432,0.014129608421784987,47,error
190,0.014129605883832297,0.014129014845782597,0.014129310364807447,0.014129605883832297,47,error
191,0.014129607724989427,0.014129014784109052,0.01412931125454924,0.014129607724989427,47,error
192,0.014129601595063676,0.014129020769533733,0.014129311182298704,0.014129601595063676,47,error
193,0.014129603156371576,0.01412901899188382,0.014129311074127699,0.014129603156371576,47,error
194,0.014129598070228951,0.014129024582113408,0.014129311326171179,0.014129598070228951,47,error
195,0.0141295971490103,0.014129025122251703,0.014129311135631002,0.0141295971490103,47,error
196,0.014129596875113391,0.014129024987630625,0.014129310931372008,0.014129596875113391,47,error
197,0.014129592963045142,0.014129028431005665,0.014129310697025404,0.014129592963045142,47,error
198,0.014129599817311485,0.014129023106525786,0.014129311461918636,0.014129599817311485,47,error
199,0.014129595523000181,0.014129031509755207,0.014129313516377695,0.014129595523000181,47,error
200,0.014129598709827218,0.014129025908900106,0.014129312309363661,0.014129598709827218,47,error
201,0.014129596138402218,0.014129027133828152,0.014129311636115185,0.014129596138402218,47,error
202,0.014129599758914112,0.014129026414483157,0.014129313086698635,0.014129599758914112,47,error
203,0.014129602378290125,0.014129021655012902,0.014129312016651513,0.014129602378290125,47,error
204,0.01412959745960263,0.0141290260172423,0.014129311738422464,0.01412959745960263,47,error
205,0.014129604306924138,0.014129020293012069,0.014129312299968104,0.014129604306924138,47,error
206,0.014129601177938088,0.014129022468998711,0.0141293118234684,0.014129601177938088,47,error
207,0.014129602384260156,0.014129021388203718,0.014129311886231937,0.014129602384260156,47,error
208,0.014129603239366661,0.014129020738825646,0.014129311989096154,0.014129603239366661,47,error
209,0.014129599582720647,0.01412902116086502,0.014129310371792833,0.014129599582720647,47,error
210,0.014129605094243625,0.014129017303203635,0.01412931119872363,0.014129605094243625,47,error
211,0.014129598760018085,0.014129024653631361,0.014129311706824722,0.014129598760018085,47,error
212,0.014129598928316006,0.014129022385003092,0.014129310656659549,0.014129598928316006,47,error
213,0.01412959546873412,0.014129022680685258,0.01412930907470969,0.01412959546873412,47,error
214,0.014129592994679353,0.014129026636015464,0.014129309815347407,0.014129592994679353,47,error
215,0.014129598092286677,0.014129022735346407,0.014129310413816543,0.014129598092286677,47,error
216,0.014129588355322556,0.014129030118216333,0.014129309236769444,0.014129588355322556,47,error
217,0.014129595575571684,0.014129021751070748,0.014129308663321216,0.014129595575571684,47,error
218,0.01412958971928131,0.014129026502121231,0.014129308110701271,0.01412958971928131,47,error
219,0.014129594339569982,0.014129022696982685,0.014129308518276333,0.014129594339569982,47,error
220,0.014129595055766947,0.014129021467150922,0.014129308261458935,0.014129595055766947,47,error
221,0.014129593287522196,0.014129022208755808,0.014129307748139003,0.014129593287522196,47,error
222,0.014129599581385729,0.014129016236844741,0.014129307909115235,0.014129599581385729,47,error
223,0.014129593831710656,0.01412902107046268,0.014129307451086669,0.014129593831710656,47,error
224,0.01412959730161242,0.01412901630615885,0.014129306803885635,0.01412959730161242,47,error
225,0.014129595109648294,0.01412902005925046,0.014129307584449377,0.014129595109648294,47,error
226,0.014129594367980126,0.014129019431057535,0.01412930689951883,0.014129594367980126,47,error
227,0.014129598271794637,0.014129016013192499,0.014129307142493568,0.014129598271794637,47,error
228,0.014129593877532754,0.014129021571539212,0.014129307724535984,0.014129593877532754,47,error
229,0.014129595880884535,0.014129016234525454,0.014129306057704995,0.014129595880884535,47,error
230,0.014129591730585504,0.014129021870051188,0.014129306800318346,0.014129591730585504,47,error
231,0.014129592312528902,0.01412902111527386,0.01412930671390138,0.014129592312528902,47,error
232,0.014129592919275659,0.014129021639203872,0.014129307279239766,0.014129592919275659,47,error
233,0.014129587827752234,0.014129028182610222,0.014129308005181227,0.014129587827752234,47,error
234,0.014129593414231131,0.014129019128587552,0.01412930627140934,0.014129593414231131,47,error
235,0.01412958461852646,0.014129028257447804,0.014129306437987132,0.01412958461852646,47,error
236,0.014129591851940602,0.014129023513745238,0.01412930768284292,0.014129591851940602,47,error
237,0.014129586651929007,0.014129026609438234,0.014129306630683621,0.014129586651929007,47,error
238,0.014129585473613513,0.014129027004175659,0.014129306238894586,0.014129585473613513,47,error
239,0.01412958878997669,0.014129025108490186,0.014129306949233438,0.01412958878997669,47,error
240,0.014129587006145432,0.014129026841410788,0.01412930692377811,0.014129587006145432,47,error
241,0.014129590844549154,0.01412901890034822,0.014129304872448687,0.014129590844549154,47,error
242,0.014129587538143386,0.01412902435102893,0.014129305944586158,0.014129587538143386,47,error
243,0.014129590895662555,0.01412902271129875,0.014129306803480653,0.014129590895662555,47,error
244,0.014129589386317181,0.014129020072284742,0.014129304729300962,0.014129589386317181,47,error
245,0.01412958664792878,0.014129023985483598,0.014129305316706189,0.01412958664792878,47,error
246,0.014129592021135071,0.01412902251553323,0.01412930726833415,0.014129592021135071,47,error
247,0.01412958911083155,0.014129022610518691,0.01412930586067512,0.01412958911083155,47,error
248,0.014129590485718808,0.014129018496709639,0.014129304491214224,0.014129590485718808,47,error
249,0.014129590410954332,0.014129018848238023,0.014129304629596178,0.014129590410954332,47,error
250,0.014129588047721464,0.014129021870500812,0.014129304959111138,0.014129588047721464,47,error
251,0.014129591675921777,0.01412902036096023,0.014129306018441003,0.014129591675921777,47,error
252,0.014129591114880245,0.014129021153738715,0.01412930613430948,0.014129591114880245,47,error
253,0.014129586940511904,0.014129022871699091,0.014129304906105498,0.014129586940511904,47,error
254,0.014129588138886668,0.014129020170291277,0.014129304154588972,0.014129588138886668,47,error
255,0.014129583824057062,0.014129025444558524,0.014129304634307793,0.014129583824057062,47,error
256,0.014129589235932764,0.014129018352155683,0.014129303794044224,0.014129589235932764,47,error
257,0.014129582103181671,0.014129024542662915,0.014129303322922292,0.014129582103181671,47,error
258,0.01412958698472791,0.0141290204094522,0.014129303697090055,0.01412958698472791,47,error
259,0.014129586942152111,0.014129022444113851,0.01412930469313298,0.014129586942152111,47,error
260,0.014129588701215659,0.014129020727796515,0.014129304714506087,0.014129588701215659,47,error
261,0.014129590387559579,0.014129019646893086,0.014129305017226333,0.014129590387559579,47,error
262,0.014129586991023233,0.014129019589881353,0.014129303290452293,0.014129586991023233,47,error
263,0.014129586795743169,0.014129018886862035,0.014129302841302602,0.014129586795743169,47,error
264,0.014129587489074934,0.014129019563326855,0.014129303526200895,0.014129587489074934,47,error
265,0.014129585595019615,0.014129020858812348,0.014129303226915982,0.014129585595019615,47,error
266,0.014129585929490714,0.014129020647996938,0.014129303288743827,0.014129585929490714,47,error
267,0.014129582769819881,0.014129023530135683,0.014129303149977783,0.014129582769819881,47,error
268,0.014129586075812196,0.014129021728981611,0.014129303902396903,0.014129586075812196,47,error
269,0.014129584120341156,0.014129023441644684,0.014129303780992919,0.014129584120341156,47,error
270,0.014129584959715617,0.014129023211663441,0.014129304085689529,0.014129584959715617,47,error
271,0.014129586529449172,0.014129021601619976,0.014129304065534573,0.014129586529449172,47,error
272,0.014129578401602639,0.014129026361702695,0.014129302381652668,0.014129578401602639,47,error
273,0.014129582943010211,0.014129023216554563,0.014129303079782388,0.014129582943010211,47,error
274,0.014129579063884165,0.014129027024580791,0.014129303044232478,0.014129579063884165,47,error
275,0.014129579226656946,0.01412902593875422,0.014129302582705583,0.014129579226656946,47,error
276,0.014129583542971249,0.014129023847742105,0.014129303695356678,0.014129583542971249,47,error
277,0.014129578198899026,0.014129028688058475,0.01412930344347875,0.014129578198899026,47,error
278,0.014129584406766557,0.014129020847347375,0.014129302627056965,0.014129584406766557,47,error
279,0.014129580042855437,0.014129027469277087,0.014129303756066261,0.014129580042855437,47,error
280,0.014129584729073628,0.014129019148526089,0.014129301938799858,0.014129584729073628,47,error
281,0.014129582987114205,0.01412902001194314,0.014129301499528672,0.014129582987114205,47,error
282,0.014129583848751778,0.01412902216147504,0.014129303005113409,0.014129583848751778,47,error
283,0.014129588254577588,0.014129017611284836,0.014129302932931211,0.014129588254577588,47,error
284,0.01412958411673725,0.014129021705089508,0.01412930291091338,0.01412958411673725,47,error
285,0.014129589816660505,0.014129014549774837,0.01412930218321767,0.014129589816660505,47,error
286,0.014129585193986174,0.014129019320325077,0.014129302257155626,0.014129585193986174,47,error
287,0.014129584408126313,0.014129020860105552,0.014129302634115933,0.014129584408126313,47,error
288,0.014129588094388731,0.014129016164124545,0.014129302129256638,0.014129588094388731,47,error
289,0.014129581438905997,0.01412902359082577,0.014129302514865882,0.014129581438905997,47,error
290,0.01412958784743391,0.014129017449130294,0.014129302648282101,0.01412958784743391,47,error
291,0.0141295811414473,0.014129022674555956,0.014129301908001629,0.0141295811414473,47,error
292,0.014129582507192878,0.014129021480569928,0.014129301993881403,0.014129582507192878,47,error
293,0.01412958040356295,0.014129023257420232,0.01412930183049159,0.01412958040356295,47,error
294,0.014129575650544898,0.014129027441485207,0.014129301546015053,0.014129575650544898,47,error
295,0.014129581788529556,0.014129022951581064,0.01412930237005531,0.014129581788529556,47,error
296,0.014129573467429832,0.014129030578939146,0.014129302023184489,0.014129573467429832,47,error
297,0.0141295805797175,0.014129022679756404,0.014129301629736952,0.0141295805797175,47,error
298,0.01412957610487143,0.01412902712055054,0.014129301612710986,0.01412957610487143,47,error
299,0.014129578208242078,0.01412902466611441,0.014129301437178245,0.014129578208242078,47,error
300,0.014129582137374959,0.014129022048264498,0.014129302092819727,0.014129582137374959,47,error
301,0.014129580467816746,0.014129021004633277,0.014129300736225012,0.014129580467816746,47,error
302,0.014129584799200411,0.014129017224915278,0.014129301012057845,0.014129584799200411,47,error
303,0.014129581119100317,0.014129022116332624,0.01412930161771647,0.014129581119100317,47,error
304,0.01412958388635457,0.014129021015165775,0.014129302450760172,0.01412958388635457,47,error
305,0.014129583524681301,0.014129020644813974,0.014129302084747638,0.014129583524681301,47,error
306,0.014129579040927456,0.014129020634872135,0.014129299837899796,0.014129579040927456,47,error
307,0.014129584834328265,0.014129016790724602,0.014129300812526432,0.014129584834328265,47,error
308,0.014129578549034901,0.014129023902612553,0.014129301225823728,0.014129578549034901,47,error
309,0.014129580716708523,0.014129021937561893,0.014129301327135208,0.014129580716708523,47,error
310,0.01412957943309871,0.014129024127827981,0.014129301780463345,0.01412957943309871,47,error
311,0.014129576041533956,0.014129024813043888,0.014129300427288922,0.014129576041533956,47,error
312,0.014129579119132984,0.014129022101024622,0.014129300610078804,0.014129579119132984,47,error
313,0.014129572453139078,0.014129030151983142,0.01412930130256111,0.014129572453139078,47,error
314,0.014129580349477084,0.014129019998163508,0.014129300173820296,0.014129580349477084,47,error
315,0.014129573385754884,0.014129029141009532,0.014129301263382209,0.014129573385754884,47,error
316,0.014129578840433983,0.01412902262744701,0.014129300733940496,0.014129578840433983,47,error
317,0.014129577762508068,0.014129024143213448,0.014129300952860758,0.014129577762508068,47,error
318,0.014129578034431944,0.014129023831808746,0.014129300933120346,0.014129578034431944,47,error
319,0.014129581418421773,0.014129019148262286,0.01412930028334203,0.014129581418421773,47,error
320,0.014129579070825116,0.014129020276888058,0.014129299673856587,0.014129579070825116,47,error
321,0.014129584197619923,0.014129017419388105,0.014129300808504015,0.014129584197619923,47,error
322,0.014129583118777569,0.014129017022580848,0.014129300070679208,0.014129583118777569,47,error
323,0.014129583504538593,0.0141290163516873,0.014129299928112946,0.014129583504538593,47,error
324,0.014129587782643017,0.014129015370321546,0.014129301576482282,0.014129587782643017,47,error
325,0.014129582175508314,0.014129019599061066,0.014129300887284691,0.014129582175508314,47,error
326,0.014129582395507405,0.014129017612494823,0.014129300004001113,0.014129582395507405,47,error
327,0.014129580367533916,0.014129019791389998,0.014129300079461957,0.014129580367533916,47,error
328,0.014129576317404994,0.014129024620211908,0.014129300468808451,0.014129576317404994,47,error
329,0.014129577804251755,0.014129022892234748,0.014129300348243251,0.014129577804251755,47,error
330,0.014129565114372269,0.014129033646136387,0.014129299380254328,0.014129565114372269,47,error
331,0.01412957233498321,0.01412902827822426,0.014129300306603735,0.01412957233498321,47,error
332,0.014129566781178327,0.014129033318092347,0.014129300049635337,0.014129566781178327,47,error
333,0.014129570517515514,0.014129029994384487,0.014129300255950002,0.014129570517515514,47,error
334,0.014129570673801207,0.014129030690575061,0.014129300682188133,0.014129570673801207,47,error
335,0.014129569459128999,0.014129031397460447,0.014129300428294723,0.014129569459128999,47,error
336,0.014129576775120528,0.014129021639510506,0.014129299207315517,0.014129576775120528,47,error
337,0.014129572879231271,0.01412902540951855,0.01412929914437491,0.014129572879231271,47,error
338,0.014129580254823082,0.014129020394054783,0.014129300324438931,0.014129580254823082,47,error
339,0.014129577447430411,0.014129022662585127,0.01412930005500777,0.014129577447430411,47,error
340,0.014129579636979094,0.014129020743607038,0.014129300190293067,0.014129579636979094,47,error
341,0.014129583916386948,0.014129015168128856,0.014129299542257903,0.014129583916386948,47,error
342,0.014129579528049179,0.014129018740072281,0.01412929913406073,0.014129579528049179,47,error
343,0.014129585022939982,0.014129016989985787,0.014129301006462884,0.014129585022939982,47,error
344,0.014129580351049335,0.014129019184733456,0.014129299767891394,0.014129580351049335,47,error
345,0.014129578283472995,0.014129018509382418,0.014129298396427707,0.014129578283472995,47,error
346,0.014129579491566362,0.014129019222515637,0.014129299357040999,0.014129579491566362,47,error
347,0.014129572594558767,0.01412902642648415,0.014129299510521458,0.014129572594558767,47,error
348,0.014129574766559372,0.01412902523377573,0.014129300000167551,0.014129574766559372,47,error
349,0.014129569878749942,0.014129031800929523,0.014129300839839733,0.014129569878749942,47,error
350,0.014129572147324758,0.014129027072758824,0.014129299610041791,0.014129572147324758,47,error
351,0.014129566383633987,0.01412903073121684,0.014129298557425413,0.014129566383633987,47,error
352,0.014129569058959422,0.014129030178835614,0.014129299618897518,0.014129569058959422,47,error
353,0.01412956902750064,0.014129028870066437,0.01412929894878354,0.01412956902750064,47,error
354,0.014129569086556795,0.01412902774314581,0.014129298414851301,0.014129569086556795,47,error
355,0.01412957312588875,0.014129026198573594,0.014129299662231172,0.01412957312588875,47,error
356,0.014129571650180667,0.014129028304136322,0.014129299977158494,0.014129571650180667,47,error
357,0.014129575833308884,0.01412902416812126,0.014129300000715071,0.014129575833308884,47,error
358,0.014129578162557685,0.01412902179776316,0.014129299980160423,0.014129578162557685,47,error
359,0.014129577062960258,0.014129020216291576,0.014129298639625917,0.014129577062960258,47,error
360,0.014129578381265807,0.014129018133088391,0.0141292982571771,0.014129578381265807,47,error
361,0.01412957810820482,0.014129020362323157,0.014129299235263989,0.01412957810820482,47,error
362,0.014129579738066026,0.014129018884163442,0.014129299311114734,0.014129579738066026,47,error
363,0.014129579258513202,0.014129018928658556,0.01412929909358588,0.014129579258513202,47,error
364,0.01412957626840306,0.014129024605873017,0.014129300437138038,0.01412957626840306,47,error
365,0.014129580359202202,0.014129021110098153,0.014129300734650178,0.014129580359202202,47,error
366,0.014129570584452066,0.014129028091640428,0.014129299338046247,0.014129570584452066,47,error
367,0.014129574254860774,0.01412902299478227,0.014129298624821523,0.014129574254860774,47,error
368,0.01412956847648537,0.014129028425536217,0.014129298451010793,0.01412956847648537,47,error
369,0.01412956869571707,0.014129027874129561,0.014129298284923316,0.01412956869571707,47,error
370,0.014129566039785626,0.014129031784830968,0.014129298912308297,0.014129566039785626,47,error
371,0.01412956176310555,0.014129035910084726,0.014129298836595139,0.01412956176310555,47,error
372,0.014129569006830935,0.014129030463766009,0.014129299735298473,0.014129569006830935,47,error
373,0.014129564927045164,0.014129033535275578,0.01412929923116037,0.014129564927045164,47,error
374,0.014129570987764375,0.014129024674229494,0.014129297830996933,0.014129570987764375,47,error
375,0.014129569056318656,0.014129031477333248,0.014129300266825951,0.014129569056318656,47,error
376,0.014129572117088636,0.014129025747638564,0.0141292989323636,0.014129572117088636,47,error
377,0.014129570887369802,0.014129025363064695,0.014129298125217248,0.014129570887369802,47,error
378,0.01412956678722239,0.014129030425861553,0.014129298606541971,0.01412956678722239,47,error
379,0.014129569544301019,0.01412902585323926,0.01412929769877014,0.014129569544301019,47,error
380,0.014129570437331476,0.014129026977352875,0.014129298707342176,0.014129570437331476,47,error
381,0.014129572657851646,0.014129026110623178,0.014129299384237412,0.014129572657851646,47,error
382,0.014129575520449984,0.014129021433020616,0.014129298476735299,0.014129575520449984,47,error
383,0.014129565690843776,0.014129031984986058,0.014129298837914916,0.014129565690843776,47,error
384,0.014129573540574857,0.014129023382426874,0.014129298461500866,0.014129573540574857,47,error
385,0.014129568569359449,0.014129027425524934,0.01412929799744219,0.014129568569359449,47,error
386,0.014129568601571349,0.014129029879460284,0.014129299240515817,0.014129568601571349,47,error
387,0.014129572096409299,0.014129025785230549,0.014129298940819924,0.014129572096409299,47,error
388,0.014129571380466242,0.014129026220371958,0.014129298800419101,0.014129571380466242,47,error
389,0.014129583134510999,0.014129014565612446,0.014129298850061723,0.014129583134510999,47,error
390,0.01412957778484238,0.01412901756120489,0.014129297673023636,0.01412957778484238,47,error
391,0.014129588450436645,0.014129010014256926,0.014129299232346786,0.014129588450436645,47,error
392,0.014129580891118532,0.014129017976549871,0.014129299433834203,0.014129580891118532,47,error
393,0.014129577478986697,0.014129016438006545,0.014129296958496622,0.014129577478986697,47,error
394,0.01412957018659373,0.014129024334620429,0.01412929726060708,0.01412957018659373,47,error
395,0.014129564361417641,0.014129032877985531,0.014129298619701587,0.014129564361417641,47,error
396,0.014129550060102365,0.014129048396807111,0.01412929922845474,0.014129550060102365,47,error
397,0.01412954116313514,0.014129054495171158,0.014129297829153148,0.01412954116313514,47,error
398,0.01412952506835148,0.014129071571876504,0.014129298320113993,0.01412952506835148,47,error
399,0.01412952564697453,0.014129074231994629,0.014129299939484578,0.01412952564697453,47,error
400,0.014129513790740995,0.014129083717917702,0.014129298754329347,0.014129513790740995,47,error
401,0.01412951730732786,0.014129077254021172,0.014129297280674517,0.01412951730732786,47,error
402,0.014129528224333473,0.014129067067129106,0.01412929764573129,0.014129528224333473,47,error
403,0.014129538853857078,0.014129057587230329,0.014129298220543703,0.014129538853857078,47,error
404,0.014129575431625449,0.014129021669037423,0.014129298550331435,0.014129575431625449,47,error
405,0.014129591085970512,0.014129005448735701,0.014129298267353107,0.014129591085970512,47,error
406,0.014129634461499372,0.01412895975621444,0.014129297108856905,0.014129634461499372,47,error
407,0.01412966115754251,0.014128934526055095,0.014129297841798803,0.01412966115754251,47,error
408,0.014129678787977933,0.014128919532281209,0.01412929916012957,0.014129678787977933,47,error
409,0.014129700136383684,0.014128897028608154,0.014129298582495918,0.014129700136383684,47,error
410,0.01412967196226556,0.014128924569984925,0.014129298266125242,0.01412967196226556,47,error
411,0.014129654451828615,0.014128942877567665,0.014129298664698139,0.014129654451828615,47,error
412,0.014129617330824844,0.014128978395636494,0.01412929786323067,0.014129617330824844,47,error
413,0.014129515269248208,0.014129079644008603,0.014129297456628404,0.014129515269248208,47,error
414,0.014129525018090174,0.014129071114224206,0.01412929806615719,0.014129525018090174,47,error
415,0.014129333277059411,0.014129261872868405,0.014129297574963909,0.014129333277059411,47,error
416,0.014129412757802735,0.014129185163934882,0.014129298960868808,0.014129412757802735,47,error
417,0.014129230194873782,0.014129366708626178,0.01412929845174998,0.014129366708626178,47,error
418,0.014129313828574705,0.01412928005310146,0.014129296940838082,0.014129313828574705,47,error
419,0.014129334780829457,0.014129262913593123,0.01412929884721129,0.014129334780829457,47,error
420,0.014129316784077311,0.014129280340791394,0.014129298562434353,0.014129316784077311,47,error
421,0.014129645926116697,0.014128948326158842,0.01412929712613777,0.014129645926116697,47,error
422,0.014129505404373298,0.01412909057102587,0.014129297987699584,0.014129505404373298,47,error
423,0.014130014018411819,0.014128581500561788,0.014129297759486802,0.014130014018411819,47,error
424,0.014129895565119231,0.014128699528417405,0.014129297546768317,0.014129895565119231,47,error
425,0.014130178779823943,0.014128418975514557,0.01412929887766925,0.014130178779823943,47,error
426,0.014130303192999306,0.014128293963635625,0.014129298578317465,0.014130303192999306,47,error
427,0.01412998038615957,0.01412861462554296,0.014129297505851266,0.01412998038615957,47,error
428,0.01413032478297284,0.014128270650244098,0.01412929771660847,0.01413032478297284,47,error
429,0.014129524700410095,0.014129070780607999,0.014129297740509047,0.014129524700410095,47,error
430,0.014129569197014259,0.014129027467152954,0.014129298332083606,0.014129569197014259,47,error
431,0.014129079710867439,0.01412951691139989,0.014129298311133664,0.01412951691139989,47,error
432,0.014128097633664951,0.014130497599744643,0.014129297616704797,0.014130497599744643,47,error
433,0.01412880569145492,0.014129788264951667,0.014129296978203294,0.014129788264951667,47,error
434,0.01412678504072093,0.014131810713383645,0.014129297877052287,0.014131810713383645,47,error
435,0.0141286023060989,0.014129994080619242,0.01412929819335907,0.014129994080619242,47,error
436,0.014126988266943065,0.014131605260816872,0.01412929676387997,0.014131605260816872,47,error
437,0.014128328379832729,0.014130269863729597,0.014129299121781163,0.014130269863729597,47,error
438,0.014129526428127592,0.014129071613939004,0.014129299021033298,0.014129526428127592,47,error
439,0.01412834361634208,0.014130252585702486,0.014129298101022283,0.014130252585702486,47,error
440,0.014133458590786883,0.014125134864577149,0.014129296727682015,0.014133458590786883,47,error
441,0.014129654079708882,0.014128938801956318,0.014129296440832599,0.014129654079708882,47,error
442,0.014136136997194924,0.014122453314985085,0.014129295156090006,0.014136136997194924,47,error
443,0.014132946583067322,0.01412564754892494,0.014129297065996131,0.014132946583067322,47,error
444,0.01413492944789898,0.014123665217036193,0.014129297332467587,0.01413492944789898,47,error
445,0.014136835693005364,0.014121756028467063,0.014129295860736213,0.014136835693005364,47,error
446,0.014129822266589346,0.014128774009890762,0.014129298138240053,0.014129822266589346,47,error
447,0.014137265873471055,0.014121325732574627,0.014129295803022841,0.014137265873471055,47,error
448,0.014124333431294031,0.014134259782422,0.014129296606858015,0.014134259782422,47,error
449,0.0141299719270474,0.014128624160405055,0.014129298043726228,0.0141299719270474,47,error
450,0.014122923775899271,0.014135666963029113,0.014129295369464192,0.014135666963029113,47,error
451,0.014115585652950785,0.01414299670259918,0.014129291177774983,0.01414299670259918,47,error
452,0.014126184023679482,0.014132412857742046,0.014129298440710765,0.014132412857742046,47,error
453,0.014103205219564072,0.01415534101911631,0.014129273119340192,0.01415534101911631,47,error
454,0.014128829287782097,0.014129766486949889,0.014129297887365992,0.014129766486949889,47,error
455,0.014106851391252227,0.014151709190637563,0.014129280290944894,0.014151709190637563,47,error
456,0.014124561922324416,0.014134030277521479,0.014129296099922948,0.014134030277521479,47,error
457,0.014133590091000653,0.014125002548890247,0.01412929631994545,0.014133590091000653,47,error
458,0.014115421300717482,0.014143159367927352,0.014129290334322416,0.014143159367927352,47,error
459,0.014171698811906915,0.014086769698245632,0.014129234255076274,0.014171698811906915,47,error
460,0.014115794643598337,0.014142789369215208,0.014129292006406773,0.014142789369215208,47,error
461,0.014192368343358748,0.014065944240779994,0.01412915629206937,0.014192368343358748,47,error
462,0.014141399634213802,0.014117183968612558,0.014129291801413181,0.014141399634213802,47,error
463,0.014170535732846042,0.014087938360222128,0.014129237046534085,0.014170535732846042,47,error
464,0.014186850421601062,0.014071511157682015,0.014129180789641538,0.014186850421601062,47,error
465,0.014111717786645649,0.014146856798373554,0.0141292872925096,0.014146856798373554,47,error
466,0.014213812615893535,0.014044273088745438,0.014129042852319487,0.014213812615893535,47,error
467,0.014058976482553455,0.014199268314980926,0.01412912239876719,0.014199268314980926,47,error
468,0.014172676136691306,0.014085785477039686,0.014129230806865496,0.014172676136691306,47,error
469,0.014061161863111016,0.014197107688436694,0.014129134775773855,0.014197107688436694,47,error
470,0.014053756463061366,0.01420443791696866,0.014129097190015013,0.01420443791696866,47,error
471,0.014119802646071843,0.014138784324760916,0.014129293485416378,0.014138784324760916,47,error
472,0.013927528491458884,0.014328225241445199,0.014127876866452041,0.014328225241445199,47,error
473,0.014169398831637718,0.014089081951433614,0.014129240391535666,0.014169398831637718,47,error
474,0.013918751490658734,0.014336752659531734,0.014127752075095234,0.014336752659531734,47,error
475,0.014131820457092702,0.014126775946173876,0.014129298201633288,0.014131820457092702,47,error
476,0.014098070736390592,0.014160453795933822,0.014129262266162207,0.014160453795933822,47,error
477,0.014010471323355827,0.014247131675506619,0.014128801499431222,0.014247131675506619,47,error
478,0.014375577083129542,0.013878649317027272,0.014127113200078407,0.014375577083129542,47,error
479,0.013936004024830773,0.01431998032742717,0.014127992176128971,0.01431998032742717,47,error
480,0.01453150912275582,0.013715295864395037,0.014123402493575427,0.01453150912275582,47,error
481,0.014071205642372941,0.014187154464095044,0.014129180053233992,0.014187154464095044,47,error
482,0.014386546712624827,0.013867276620830971,0.0141269116667279,0.014386546712624827,47,error
483,0.014413961643004345,0.01383878015076662,0.014126370896885482,0.014413961643004345,47,error
484,0.01398984304156091,0.014267390261675962,0.014128616651618436,0.014267390261675962,47,error
485,0.014709606651100658,0.013524108651761565,0.01411685765143111,0.014709606651100658,47,error
486,0.01364908464453133,0.014593716476503461,0.014121400560517396,0.014593716476503461,47,error
487,0.014619260062699426,0.0136217246582811,0.014120492360490263,0.014619260062699426,47,error
488,0.013715413342955528,0.014531396720112338,0.014123405031533934,0.014531396720112338,47,error
489,0.01402056269827231,0.01423720117797382,0.014128881938123065,0.01423720117797382,47,error
490,0.014186535146600308,0.014071827615404401,0.014129181381002356,0.014186535146600308,47,error
491,0.013217761269186192,0.014985488081577411,0.014101624675381803,0.014985488081577411,47,error
492,0.01463027745291592,0.01360989121149769,0.014120084332206805,0.01463027745291592,47,error
493,0.012922921964625966,0.015240479357734963,0.014081700661180464,0.015240479357734963,47,error
494,0.014562666816573856,0.013682207603177076,0.014122437209875466,0.014562666816573856,47,error
495,0.013596342659012843,0.014642869018579262,0.014119605838796054,0.014642869018579262,47,error
496,0.013868907000292623,0.014384974066317667,0.014126940533305144,0.014384974066317667,47,error
497,0.01482961722369562,0.013392404079204182,0.014111010651449901,0.01482961722369562,47,error
498,0.01313457413028298,0.015058455343235572,0.014096514736759276,0.015058455343235572,47,error
499,0.015617409224147196,0.012464778009171897,0.014041093616659547,0.015617409224147196,47,error
500,0.013263291314625836,0.014945206307921,0.014104248811273418,0.014945206307921,47,error
501,0.015319805710763525,0.012828780310875549,0.014074293010819538,0.015319805710763525,47,error
502,0.01455058573203177,0.013695055488999946,0.014122820610515858,0.01455058573203177,47,error
503,0.013986779514378751,0.014270392305273412,0.014128585909826082,0.014270392305273412,47,error
504,0.015772160732885086,0.012268377150422517,0.014020268941653802,0.015772160732885086,47,error
505,0.012754194326468037,0.015381958079364075,0.014068076202916056,0.015381958079364075,47,error
506,0.015909768541638884,0.012089390040488293,0.013999579291063588,0.015909768541638884,47,error
507,0.012947800999608905,0.015219348359740384,0.014083574679674644,0.015219348359740384,47,error
508,0.014244254773936666,0.014013396052559164,0.014128825413247916,0.014244254773936666,47,error
509,0.014729489043857232,0.013502453310657612,0.014115971177257422,0.014729489043857232,47,error
510,0.011846026390764952,0.016091792163941354,0.013968909277353152,0.016091792163941354,47,error
511,0.015345042439422906,0.012798583966310227,0.014071813202866566,0.015345042439422906,47,error
512,0.017157897033864094,0.014129296410771996,0.015643596722318045,0.017157897033864094,47,error
1,2.6392258100499495,1.401830222789826,2.0205280164198878,2.6392258100499495,115,fno
2,1.6262933290663169,1.8022536346494653,1.714273481857891,1.8022536346494653,115,fno
3,1.2695027870939057,1.1285312779338197,1.1990170325138627,1.2695027870939057,115,fno
4,0.8390372851571211,0.8289735181491825,0.8340054016531517,0.8390372851571211,115,fno
5,0.6680078711250464,0.6921963385313196,0.680102104828183,0.6921963385313196,115,fno
6,0.5870747757896531,0.5894072877935128,0.5882410317915829,0.5894072877935128,115,fno
7,0.553269166272457,0.4577774958642772,0.5055233310683671,0.553269166272457,115,fno
8,0.37271922079157216,0.38918667980607435,0.38095295029882326,0.38918667980607435,115,fno
9,0.29549622511625684,0.3551806629171698,0.3253384440167133,0.3551806629171698,115,fno
10,0.33268565062183825,0.25875442942940396,0.29572004002562113,0.33268565062183825,115,fno
11,0.2142843931191953,0.2818962078120548,0.24809030046562508,0.2818962078120548,115,fno
12,0.19531952658802446,0.16104950427209302,0.17818451543005875,0.19531952658802446,115,fno
13,0.11140426584131129,0.09086669738058335,0.10113548161094732,0.11140426584131129,115,fno
14,0.04103107724314973,0.05465201318212462,0.04784154521263717,0.05465201318212462,115,fno
15,0.025168124027290514,0.02270804690394334,0.023938085465616925,0.025168124027290514,115,fno
16,0.012641285226989346,0.013621762501989342,0.013131523864489344,0.013621762501989342,115,fno
17,0.011628228927333102,0.013798045682369232,0.012713137304851168,0.013798045682369232,115,fno
18,0.012513538398226125,0.013038754198124957,0.012776146298175542,0.013038754198124957,115,fno
19,0.012948117460409862,0.012409986305974622,0.012679051883192242,0.012948117460409862,115,fno
20,0.012328768843822271,0.01362721695096432,0.012977992897393296,0.01362721695096432,115,fno
21,0.01326581238958625,0.013039790105429279,0.013152801247507765,0.01326581238958625,115,fno
22,0.013626530477851267,0.012460547133276862,0.013043538805564064,0.013626530477851267,115,fno
23,0.013270913249822226,0.012547644396007465,0.012909278822914845,0.013270913249822226,115,fno
24,0.012418512739913371,0.012907169641568478,0.012662841190740924,0.012907169641568478,115,fno
25,0.012469455504923736,0.01263913414733196,0.012554294826127847,0.01263913414733196,115,fno
26,0.012822509779505187,0.012170754416655065,0.012496632098080126,0.012822509779505187,115,fno
27,0.01280540417081789,0.012440686171292679,0.012623045171055284,0.01280540417081789,115,fno
28,0.012404688355412018,0.01295849462057705,0.012681591487994534,0.01295849462057705,115,fno
29,0.012455539946669161,0.012872440006756327,0.012663989976712744,0.012872440006756327,115,fno
30,0.012722222092620038,0.012477687746146505,0.012599954919383271,0.012722222092620038,115,fno
31,0.01260858278958985,0.01240415037524224,0.012506366582416044,0.01260858278958985,115,fno
32,0.012393294303453898,0.012576890175617632,0.012485092239535766,0.012576890175617632,115,fno
33,0.012460202955494003,0.012594140027126896,0.01252717149131045,0.012594140027126896,115,fno
34,0.012650173508409482,0.012480054555196634,0.012565114031803059,0.012650173508409482,115,fno
35,0.012650788173236319,0.012578357446704594,0.012614572809970456,0.012650788173236319,115,fno
36,0.012534465602094796,0.012718485187191387,0.01262647539464309,0.012718485187191387,115,fno
37,0.012569382446337636,0.012665148624498516,0.012617265535418077,0.012665148624498516,115,fno
38,0.012686062312104536,0.012549955194208486,0.012618008753156511,0.012686062312104536,115,fno
39,0.012638558778733844,0.012577058690335943,0.012607808734534893,0.012638558778733844,115,fno
40,0.012571429213417857,0.012665736580310031,0.012618582896863944,0.012665736580310031,115,fno
41,0.012611393846117177,0.012651447219034408,0.012631420532575793,0.012651447219034408,115,fno
42,0.01267059119045877,0.012598384871865894,0.012634488031162332,0.01267059119045877,115,fno
43,0.012655638631951552,0.01262077207284773,0.01263820535239964,0.012655638631951552,115,fno
44,0.012597836287038184,0.012666921543899888,0.012632378915469037,0.012666921543899888,115,fno
45,0.012606017108217819,0.012647959883273496,0.012626988495745659,0.012647959883273496,115,fno
46,0.012653543479071265,0.012611868844551531,0.012632706161811398,0.012653543479071265,115,fno
47,0.012639471750146385,0.012633008790547925,0.012636240270347154,0.012639471750146385,115,fno
48,0.012619991192660432,0.012669894153288072,0.012644942672974252,0.012669894153288072,115,fno
49,0.0126407591966894,0.012662621826013605,0.012651690511351503,0.012662621826013605,115,fno
50,0.012668837775519056,0.012633043152801548,0.012650940464160302,0.012668837775519056,115,fno
51,0.012668739674161803,0.012634011635155182,0.012651375654658494,0.012668739674161803,115,fno
52,0.012642469641299796,0.012650591134284761,0.012646530387792279,0.012650591134284761,115,fno
53,0.012636571760172823,0.01264653683213889,0.012641554296155856,0.01264653683213889,115,fno
54,0.012649444178733414,0.012630895392373212,0.012640169785553313,0.012649444178733414,115,fno
55,0.012641461332995228,0.012629674150632616,0.012635567741813923,0.012641461332995228,115,fno
56,0.012633303554279383,0.012638715062078108,0.012636009308178747,0.012638715062078108,115,fno
57,0.01263342498932641,0.012638680277444385,0.012636052633385398,0.012638680277444385,115,fno
58,0.012637832083299865,0.01263296649329617,0.012635399288298018,0.012637832083299865,115,fno
59,0.01264052253274162,0.01263576276371597,0.012638142648228795,0.01264052253274162,115,fno
60,0.012633957381215451,0.012642225205249887,0.012638091293232668,0.012642225205249887,115,fno
61,0.012635613786466597,0.012643162873166337,0.012639388329816467,0.012643162873166337,115,fno
62,0.012642666209406635,0.012638880082454116,0.012640773145930376,0.012642666209406635,115,fno
63,0.012640919008931004,0.01263840595794701,0.012639662483439007,0.012640919008931004,115,fno
64,0.012639580777670896,0.012640779098251405,0.012640179937961151,0.012640779098251405,115,fno
65,0.012638652185393798,0.012640135819786947,0.012639394002590372,0.012640135819786947,115,fno
66,0.012638666707491789,0.012637678121588709,0.012638172414540249,0.012638666707491789,115,fno
67,0.012640336988881963,0.012637069592479136,0.01263870329068055,0.012640336988881963,115,fno
68,0.012638015797060281,0.01263804509227302,0.01263803044466665,0.01263804509227302,115,fno
69,0.012637969211870883,0.012638505240816687,0.012638237226343784,0.012638505240816687,115,fno
70,0.012640126807979176,0.012637953381530039,0.012639040094754608,0.012640126807979176,115,fno
71,0.012638660711261665,0.012638614088914275,0.012638637400087971,0.012638660711261665,115,fno
72,0.012638902958918199,0.012640013658368069,0.012639458308643135,0.012640013658368069,115,fno
73,0.012639031669008474,0.012640175167688616,0.012639603418348546,0.012640175167688616,115,fno
74,0.012638885523346051,0.0126396884249021,0.012639286974124076,0.0126396884249021,115,fno
75,0.01264014701196471,0.01263960884113207,0.01263987792654839,0.01264014701196471,115,fno
76,0.012639149257615966,0.01263974490192687,0.012639447079771417,0.01263974490192687,115,fno
77,0.012639149895455448,0.012639810115593049,0.01263948000552425,0.012639810115593049,115,fno
78,0.012640190508715675,0.012639211152285447,0.012639700830500561,0.012640190508715675,115,fno
79,0.012639589217374002,0.0126389011406801,0.01263924517902705,0.012639589217374002,115,fno
80,0.012640054163582087,0.012639048736527948,0.012639551450055016,0.012640054163582087,115,fno
81,0.012640126637804222,0.012638903102953599,0.01263951487037891,0.012640126637804222,115,fno
82,0.012639846120146894,0.012638831806279352,0.012639338963213124,0.012639846120146894,115,fno
83,0.01264046365420847,0.012638860074813543,0.012639661864511006,0.01264046365420847,115,fno
84,0.012639937912528914,0.01263894467105864,0.012639441291793778,0.012639937912528914,115,fno
85,0.01263979870301956,0.012639133980400523,0.01263946634171004,0.01263979870301956,115,fno
86,0.01264008660746249,0.012639043228334573,0.01263956491789853,0.01264008660746249,115,fno
87,0.012639623873797676,0.012639010318780662,0.012639317096289168,0.012639623873797676,115,fno
88,0.012639750116290446,0.012639120276340858,0.012639435196315652,0.012639750116290446,115,fno
89,0.01263966130385171,0.01263904950613128,0.012639355404991495,0.01263966130385171,115,fno
90,0.012639388614451583,0.012639022449249625,0.012639205531850604,0.012639388614451583,115,fno
91,0.01263966171047795,0.012638983707616656,0.012639322709047303,0.01263966171047795,115,fno
92,0.01263943862121121,0.012638918217502935,0.012639178419357073,0.01263943862121121,115,fno
93,0.012639380944417397,0.012638967688108139,0.012639174316262769,0.012639380944417397,115,fno
94,0.01263955308541682,0.012638903484739021,0.012639228285077922,0.01263955308541682,115,fno
95,0.012639325460338694,0.012638894417989608,0.012639109939164152,0.012639325460338694,115,fno
96,0.012639430050757312,0.01263897585883048,0.012639202954793895,0.012639430050757312,115,fno
97,0.01263940750724208,0.012638968415345456,0.012639187961293768,0.01263940750724208,115,fno
98,0.0126392743614679,0.0126390165463711,0.0126391454539195,0.0126392743614679,115,fno
99,0.012639431380841904,0.01263905392421908,0.012639242652530493,0.012639431380841904,115,fno
100,0.012639329014404208,0.012639058704733443,0.012639193859568826,0.012639329014404208,115,fno
101,0.012639323423895553,0.012639127957326576,0.012639225690611065,0.012639323423895553,115,fno
102,0.012639437170012886,0.012639119861693405,0.012639278515853145,0.012639437170012886,115,fno
103,0.01263936608683142,0.012639117139711137,0.012639241613271278,0.01263936608683142,115,fno
104,0.012639469016227995,0.012639135450999652,0.012639302233613824,0.012639469016227995,115,fno
105,0.012639493363818814,0.012639113814387131,0.012639303589102972,0.012639493363818814,115,fno
106,0.012639471654039749,0.01263912399819371,0.01263929782611673,0.012639471654039749,115,fno
107,0.012639592379574488,0.012639114571204226,0.012639353475389357,0.012639592379574488,115,fno
108,0.012639561380143376,0.01263909290367825,0.012639327141910812,0.012639561380143376,115,fno
109,0.012639576534174295,0.012639096617799567,0.012639336575986931,0.012639576534174295,115,fno
110,0.01263963068762062,0.012639075425887441,0.012639353056754031,0.01263963068762062,115,fno
111,0.012639596428574758,0.012639056696326513,0.012639326562450636,0.012639596428574758,115,fno
112,0.012639625824178307,0.012639076408476278,0.012639351116327292,0.012639625824178307,115,fno
113,0.012639613974223229,0.012639055307722575,0.012639334640972902,0.012639613974223229,115,fno
114,0.01263956982368323,0.012639062942053346,0.012639316382868289,0.01263956982368323,115,fno
115,0.01263960246501031,0.012639050976342462,0.012639326720676386,0.01263960246501031,115,fno
116,0.012639568323633506,0.012639034929411482,0.012639301626522494,0.012639568323633506,115,fno
117,0.012639547062291456,0.012639055206996522,0.012639301134643989,0.012639547062291456,115,fno
118,0.012639559331671626,0.01263903695851963,0.012639298145095627,0.012639559331671626,115,fno
119,0.012639518572974707,0.012639032362301005,0.012639275467637856,0.012639518572974707,115,fno
120,0.01263952881215666,0.012639031816322494,0.012639280314239578,0.01263952881215666,115,fno
121,0.012639510032422996,0.012639025989610577,0.012639268011016787,0.012639510032422996,115,fno
122,0.01263948466102479,0.012639037553189214,0.012639261107107003,0.01263948466102479,115,fno
123,0.012639508662172914,0.012639027917322587,0.01263926828974775,0.012639508662172914,115,fno
124,0.012639478771080839,0.012639034871098877,0.012639256821089857,0.012639478771080839,115,fno
125,0.01263947779798229,0.012639042596558422,0.012639260197270356,0.01263947779798229,115,fno
126,0.012639481466699125,0.012639045385027747,0.012639263425863436,0.012639481466699125,115,fno
127,0.012639465017211754,0.012639052729256469,0.01263925887323411,0.012639465017211754,115,fno
128,0.012639482366449847,0.012639053303239804,0.012639267834844824,0.012639482366449847,115,fno
129,0.012639472554549258,0.012639062759608077,0.012639267657078668,0.012639472554549258,115,fno
130,0.012639475154953448,0.012639065935719604,0.012639270545336527,0.012639475154953448,115,fno
131,0.012639488644081988,0.012639070420403124,0.012639279532242555,0.012639488644081988,115,fno
132,0.012639483712033665,0.012639072282324412,0.012639277997179038,0.012639483712033665,115,fno
133,0.012639498047857212,0.012639070522848874,0.012639284285353044,0.012639498047857212,115,fno
134,0.012639502182236343,0.01263907378409629,0.012639287983166317,0.012639502182236343,115,fno
135,0.012639504431321367,0.012639070434456744,0.012639287432889055,0.012639504431321367,115,fno
136,0.012639514808589977,0.012639070919616996,0.012639292864103487,0.012639514808589977,115,fno
137,0.012639514972312577,0.012639069121255876,0.012639292046784226,0.012639514972312577,115,fno
138,0.012639519823116287,0.012639062958198045,0.012639291390657167,0.012639519823116287,115,fno
139,0.012639525853155673,0.012639062616776947,0.01263929423496631,0.012639525853155673,115,fno
140,0.012639522872864673,0.01263906054694327,0.012639291709903973,0.012639522872864673,115,fno
141,0.01263952731625811,0.01263905640766251,0.012639291861960309,0.01263952731625811,115,fno
142,0.012639523908310264,0.012639056365274957,0.01263929013679261,0.012639523908310264,115,fno
143,0.012639519006861952,0.012639053469979006,0.012639286238420479,0.012639519006861952,115,fno
144,0.01263951589463849,0.012639056335687175,0.012639286115162834,0.01263951589463849,115,fno
145,0.012639514385613925,0.01263905220038235,0.012639283292998137,0.012639514385613925,115,fno
146,0.012639518426876077,0.012639044987800665,0.01263928170733837,0.012639518426876077,115,fno
147,0.012639511007769591,0.012639051072560486,0.012639281040165038,0.012639511007769591,115,fno
148,0.012639502431573106,0.012639052129360137,0.012639277280466621,0.012639502431573106,115,fno
149,0.012639505291523915,0.012639045550644783,0.01263927542108435,0.012639505291523915,115,fno
150,0.012639497890790196,0.01263905063508897,0.012639274262939582,0.012639497890790196,115,fno
151,0.0126394979948275,0.01263904832235756,0.012639273158592531,0.0126394979948275,115,fno
152,0.012639496314199928,0.012639050225059012,0.012639273269629471,0.012639496314199928,115,fno
153,0.012639495544549994,0.012639050276985269,0.012639272910767631,0.012639495544549994,115,fno
154,0.012639500597296356,0.01263904494277012,0.012639272770033239,0.012639500597296356,115,fno
155,0.01263949102868959,0.012639056795508703,0.012639273912099146,0.01263949102868959,115,fno
156,0.012639492367701845,0.012639054829144984,0.012639273598423414,0.012639492367701845,115,fno
157,0.012639494381538266,0.012639055645145237,0.012639275013341751,0.012639494381538266,115,fno
158,0.012639495931444042,0.012639055607883639,0.012639275769663842,0.012639495931444042,115,fno
159,0.012639494378646561,0.012639057184653676,0.012639275781650118,0.012639494378646561,115,fno
160,0.012639492373093936,0.012639061820072158,0.012639277096583048,0.012639492373093936,115,fno
161,0.012639495317085001,0.012639058635436308,0.012639276976260654,0.012639495317085001,115,fno
162,0.012639498754179305,0.012639057665994994,0.01263927821008715,0.012639498754179305,115,fno
163,0.012639497945281115,0.012639060300748621,0.012639279123014869,0.012639497945281115,115,fno
164,0.012639497090378498,0.012639060840194546,0.012639278965286521,0.012639497090378498,115,fno
165,0.01263950057704018,0.012639058610162924,0.012639279593601551,0.01263950057704018,115,fno
166,0.012639502186052823,0.012639057686497345,0.012639279936275085,0.012639502186052823,115,fno
167,0.01263949899736781,0.012639059456447829,0.012639279226907819,0.01263949899736781,115,fno
168,0.012639504247587642,0.01263905319933586,0.012639278723461751,0.012639504247587642,115,fno
169,0.012639498449851455,0.012639059220184259,0.012639278835017857,0.012639498449851455,115,fno
170,0.012639502465181836,0.012639055218115473,0.012639278841648654,0.012639502465181836,115,fno
171,0.012639501897008696,0.01263905418215142,0.012639278039580058,0.012639501897008696,115,fno
172,0.012639498741145594,0.012639056023968233,0.012639277382556914,0.012639498741145594,115,fno
173,0.01263950434822137,0.012639048192688455,0.012639276270454913,0.01263950434822137,115,fno
174,0.012639494512291448,0.012639057660149413,0.012639276086220431,0.012639494512291448,115,fno
175,0.012639500387527371,0.0126390522814177,0.012639276334472534,0.012639500387527371,115,fno
176,0.012639501037047083,0.012639048823954606,0.012639274930500845,0.012639501037047083,115,fno
177,0.012639495750723623,0.012639054185878908,0.012639274968301265,0.012639495750723623,115,fno
178,0.012639493089073892,0.012639056359715864,0.012639274724394878,0.012639493089073892,115,fno
179,0.012639491422220952,0.012639057575232012,0.012639274498726483,0.012639491422220952,115,fno
180,0.012639499553927002,0.012639049547104996,0.012639274550516,0.012639499553927002,115,fno
181,0.012639493209774118,0.012639055208472527,0.012639274209123322,0.012639493209774118,115,fno
182,0.01263948920139069,0.012639058659485286,0.012639273930437988,0.01263948920139069,115,fno
183,0.01263949047208093,0.012639058067061316,0.012639274269571123,0.01263949047208093,115,fno
184,0.012639494664679254,0.012639052897300643,0.01263927378098995,0.012639494664679254,115,fno
185,0.012639495394559396,0.012639053895710257,0.012639274645134826,0.012639495394559396,115,fno
186,0.012639490923784991,0.012639058734230631,0.012639274829007811,0.012639490923784991,115,fno
187,0.012639492497012534,0.012639056362072902,0.012639274429542718,0.012639492497012534,115,fno
188,0.012639497236326144,0.012639051514654024,0.012639274375490084,0.012639497236326144,115,fno
189,0.012639498102452223,0.01263905131823618,0.012639274710344203,0.012639498102452223,115,fno
190,0.012639490543208365,0.012639058323990078,0.012639274433599221,0.012639490543208365,115,fno
191,0.01263949278728571,0.012639056438879722,0.012639274613082715,0.01263949278728571,115,fno
192,0.012639499790415214,0.012639050684219742,0.012639275237317478,0.012639499790415214,115,fno
193,0.012639496654138835,0.012639053501181862,0.012639275077660349,0.012639496654138835,115,fno
194,0.012639496433584708,0.012639054046663486,0.012639275240124096,0.012639496433584708,115,fno
195,0.012639488180051945,0.012639061504621239,0.012639274842336592,0.012639488180051945,115,fno
196,0.0126394990743828,0.012639050447493213,0.012639274760938006,0.0126394990743828,115,fno
197,0.012639497468685269,0.012639051419954578,0.012639274444319924,0.012639497468685269,115,fno
198,0.012639488832307269,0.012639058894742181,0.012639273863524725,0.012639488832307269,115,fno
199,0.012639494023643973,0.012639053795940276,0.012639273909792125,0.012639494023643973,115,fno
200,0.01263949306204839,0.012639054993450718,0.012639274027749555,0.01263949306204839,115,fno
201,0.012639497235594885,0.01263905129594586,0.012639274265770373,0.012639497235594885,115,fno
202,0.012639493149140623,0.01263905564258919,0.012639274395864906,0.012639493149140623,115,fno
203,0.012639489145607127,0.012639057842990995,0.012639273494299061,0.012639489145607127,115,fno
204,0.012639497933573154,0.012639048028008961,0.012639272980791058,0.012639497933573154,115,fno
205,0.012639495652305665,0.01263905022427238,0.012639272938289023,0.012639495652305665,115,fno
206,0.012639491069322623,0.01263905576564609,0.012639273417484356,0.012639491069322623,115,fno
207,0.01263949255438885,0.012639053193500213,0.012639272873944531,0.01263949255438885,115,fno
208,0.012639492718484975,0.01263905333179716,0.012639273025141068,0.012639492718484975,115,fno
209,0.012639494810675363,0.012639052679016362,0.012639273744845862,0.012639494810675363,115,fno
210,0.012639491116589855,0.01263905588318686,0.012639273499888358,0.012639491116589855,115,fno
211,0.012639488066220199,0.012639057214653212,0.012639272640436705,0.012639488066220199,115,fno
212,0.012639493775248374,0.012639051185240497,0.012639272480244435,0.012639493775248374,115,fno
213,0.012639492747712488,0.01263905381590605,0.01263927328180927,0.012639492747712488,115,fno
214,0.01263949073521193,0.012639054469382932,0.01263927260229743,0.01263949073521193,115,fno
215,0.012639489828669616,0.012639055071523391,0.012639272450096503,0.012639489828669616,115,fno
216,0.012639493792590552,0.01263905131219006,0.012639272552390307,0.012639493792590552,115,fno
217,0.012639495830712657,0.012639049418603896,0.012639272624658277,0.012639495830712657,115,fno
218,0.012639489806751811,0.012639056504173489,0.01263927315546265,0.012639489806751811,115,fno
219,0.01263949048896771,0.012639055288719735,0.012639272888843723,0.01263949048896771,115,fno
220,0.012639492084785169,0.012639052714017373,0.01263927239940127,0.012639492084785169,115,fno
221,0.012639495624319179,0.012639049388634853,0.012639272506477017,0.012639495624319179,115,fno
222,0.012639489939958634,0.012639055034416972,0.012639272487187804,0.012639489939958634,115,fno
223,0.012639487034654902,0.012639058573859427,0.012639272804257164,0.012639487034654902,115,fno
224,0.012639492139323796,0.012639052809375152,0.012639272474349473,0.012639492139323796,115,fno
225,0.012639493210671185,0.012639052093394547,0.012639272652032865,0.012639493210671185,115,fno
226,0.012639491528205952,0.01263905384838914,0.012639272688297546,0.012639491528205952,115,fno
227,0.012639484616354026,0.012639060472748893,0.01263927254455146,0.012639484616354026,115,fno
228,0.012639490833696547,0.012639054031834565,0.012639272432765556,0.012639490833696547,115,fno
229,0.012639492933627225,0.012639050334538963,0.012639271634083094,0.012639492933627225,115,fno
230,0.012639488839127215,0.012639054712266937,0.012639271775697077,0.012639488839127215,115,fno
231,0.012639485375943532,0.012639059499529532,0.012639272437736531,0.012639485375943532,115,fno
232,0.012639487561928587,0.012639057304949722,0.012639272433439154,0.012639487561928587,115,fno
233,0.012639498477580622,0.01263904550690344,0.01263927199224203,0.012639498477580622,115,fno
234,0.012639491339142125,0.012639052168339434,0.012639271753740779,0.012639491339142125,115,fno
235,0.012639483750370802,0.012639060491531844,0.012639272120951322,0.012639483750370802,115,fno
236,0.012639490564208083,0.012639053440067162,0.012639272002137623,0.012639490564208083,115,fno
237,0.012639492166217965,0.012639050854164769,0.012639271510191367,0.012639492166217965,115,fno
238,0.012639490297051475,0.012639052572483989,0.012639271434767733,0.012639490297051475,115,fno
239,0.012639485251561125,0.012639057799227995,0.01263927152539456,0.012639485251561125,115,fno
240,0.01263948558470095,0.0126390587655692,0.012639272175135075,0.01263948558470095,115,fno
241,0.01263949626322482,0.012639047817053906,0.012639272040139364,0.01263949626322482,115,fno
242,0.012639490441160238,0.012639052119746636,0.012639271280453437,0.012639490441160238,115,fno
243,0.012639485294597469,0.012639057429851906,0.012639271362224688,0.012639485294597469,115,fno
244,0.012639486646973182,0.012639055805239734,0.012639271226106457,0.012639486646973182,115,fno
245,0.012639491692944262,0.012639051422166299,0.01263927155755528,0.012639491692944262,115,fno
246,0.01263949381961525,0.012639049242281146,0.0126392715309482,0.01263949381961525,115,fno
247,0.012639487046518301,0.01263905609412784,0.01263927157032307,0.012639487046518301,115,fno
248,0.012639486669709512,0.012639056168918255,0.012639271419313883,0.012639486669709512,115,fno
249,0.012639492032272178,0.012639050099320991,0.012639271065796584,0.012639492032272178,115,fno
250,0.012639493175606633,0.01263904972078623,0.012639271448196432,0.012639493175606633,115,fno
251,0.012639487524432242,0.012639055973361586,0.012639271748896914,0.012639487524432242,115,fno
252,0.012639485865598508,0.012639056806273126,0.012639271335935818,0.012639485865598508,115,fno
253,0.01263948890969492,0.012639053367421526,0.012639271138558223,0.01263948890969492,115,fno
254,0.01263948968986697,0.012639051874896239,0.012639270782381605,0.01263948968986697,115,fno
255,0.012639485886800217,0.01263905521781042,0.012639270552305319,0.012639485886800217,115,fno
256,0.012639482431026304,0.01263905978898195,0.012639271110004128,0.012639482431026304,115,fno
257,0.012639486474741193,0.012639056326724997,0.012639271400733095,0.012639486474741193,115,fno
258,0.012639490435622961,0.012639052986204284,0.012639271710913624,0.012639490435622961,115,fno
259,0.012639489286676202,0.01263905295566248,0.01263927112116934,0.012639489286676202,115,fno
260,0.012639484656274675,0.012639057477816861,0.012639271067045769,0.012639484656274675,115,fno
261,0.012639486974794566,0.012639055611137907,0.012639271292966237,0.012639486974794566,115,fno
262,0.012639491864688593,0.0126390499368425,0.012639270900765547,0.012639491864688593,115,fno
263,0.012639491035951097,0.01263905171309433,0.012639271374522714,0.012639491035951097,115,fno
264,0.012639486770794512,0.012639055682095453,0.012639271226444981,0.012639486770794512,115,fno
265,0.012639485568908001,0.01263905559352702,0.012639270581217511,0.012639485568908001,115,fno
266,0.012639491610033356,0.01263904834140714,0.01263926997572025,0.012639491610033356,115,fno
267,0.012639489542868297,0.012639051699035862,0.012639270620952079,0.012639489542868297,115,fno
268,0.012639485615192392,0.012639057157338238,0.012639271386265315,0.012639485615192392,115,fno
269,0.012639484354187653,0.01263905764196951,0.012639270998078581,0.012639484354187653,115,fno
270,0.012639489487364958,0.012639052300419177,0.012639270893892067,0.012639489487364958,115,fno
271,0.012639493758676167,0.012639048100246228,0.012639270929461197,0.012639493758676167,115,fno
272,0.012639484371795653,0.012639057453689925,0.012639270912742789,0.012639484371795653,115,fno
273,0.012639482176533691,0.012639058853122775,0.012639270514828233,0.012639482176533691,115,fno
274,0.012639487852745518,0.012639051974922452,0.012639269913833986,0.012639487852745518,115,fno
275,0.012639490945484335,0.012639051150535504,0.01263927104800992,0.012639490945484335,115,fno
276,0.012639487256580813,0.012639055090310233,0.012639271173445522,0.012639487256580813,115,fno
277,0.012639480545665688,0.012639060454238883,0.012639270499952285,0.012639480545665688,115,fno
278,0.012639488537713319,0.012639053056609634,0.012639270797161477,0.012639488537713319,115,fno
279,0.01263949535803486,0.012639046289254934,0.012639270823644896,0.01263949535803486,115,fno
280,0.012639484061770248,0.012639057299918035,0.012639270680844143,0.012639484061770248,115,fno
281,0.012639481572003295,0.012639058714483578,0.012639270143243436,0.012639481572003295,115,fno
282,0.012639485896528703,0.012639054095438095,0.012639269995983398,0.012639485896528703,115,fno
283,0.012639488665272204,0.01263905228373932,0.012639270474505762,0.012639488665272204,115,fno
284,0.012639486743468584,0.012639053981710457,0.01263927036258952,0.012639486743468584,115,fno
285,0.012639479848083387,0.01263906051671314,0.012639270182398264,0.012639479848083387,115,fno
286,0.012639487214885257,0.012639053200089121,0.012639270207487188,0.012639487214885257,115,fno
287,0.012639488866118799,0.01263905271654484,0.01263927079133182,0.012639488866118799,115,fno
288,0.012639488319420833,0.012639053620621713,0.012639270970021273,0.012639488319420833,115,fno
289,0.012639482120332463,0.012639058378354051,0.012639270249343257,0.012639482120332463,115,fno
290,0.012639485759581287,0.012639054954154044,0.012639270356867665,0.012639485759581287,115,fno
291,0.012639491370168765,0.012639049662352117,0.012639270516260442,0.012639491370168765,115,fno
292,0.012639487423543969,0.012639052649527034,0.012639270036535501,0.012639487423543969,115,fno
293,0.012639485255261146,0.012639054766054177,0.012639270010657662,0.012639485255261146,115,fno
294,0.012639484457750755,0.012639055582662562,0.012639270020206659,0.012639484457750755,115,fno
295,0.01263949036401766,0.012639049736361393,0.012639270050189527,0.01263949036401766,115,fno
296,0.012639488205363631,0.012639051317039416,0.012639269761201524,0.012639488205363631,115,fno
297,0.012639484177756646,0.012639054844695196,0.01263926951122592,0.012639484177756646,115,fno
298,0.012639485927967462,0.01263905463535856,0.01263927028166301,0.012639485927967462,115,fno
299,0.012639487293671155,0.012639053497332475,0.012639270395501815,0.012639487293671155,115,fno
300,0.012639488076612734,0.012639052644310879,0.012639270360461807,0.012639488076612734,115,fno
301,0.012639483612244097,0.01263905810102824,0.01263927085663617,0.012639483612244097,115,fno
302,0.012639484222778618,0.012639056096314197,0.012639270159546408,0.012639484222778618,115,fno
303,0.012639487028782398,0.012639051912318565,0.012639269470550482,0.012639487028782398,115,fno
304,0.0126394860495139,0.012639053430460444,0.012639269739987172,0.0126394860495139,115,fno
305,0.01263948566248429,0.012639054177467366,0.012639269919975828,0.01263948566248429,115,fno
306,0.012639484710497468,0.012639054985042305,0.012639269847769887,0.012639484710497468,115,fno
307,0.01263948855848524,0.012639050348475078,0.012639269453480158,0.01263948855848524,115,fno
308,0.012639490291726374,0.012639049179949706,0.01263926973583804,0.012639490291726374,115,fno
309,0.012639481665765041,0.012639059065289652,0.012639270365527346,0.012639481665765041,115,fno
310,0.012639484701697599,0.012639055451642317,0.012639270076669958,0.012639484701697599,115,fno
311,0.012639487917441046,0.012639052289794185,0.012639270103617616,0.012639487917441046,115,fno
312,0.01263948528637617,0.012639054129553445,0.012639269707964806,0.01263948528637617,115,fno
313,0.012639484535618445,0.012639053936889442,0.012639269236253943,0.012639484535618445,115,fno
314,0.012639479378188214,0.012639059548011746,0.01263926946309998,0.012639479378188214,115,fno
315,0.01263948873303076,0.01263905110321879,0.012639269918124776,0.01263948873303076,115,fno
316,0.012639489792697998,0.012639050256685462,0.012639270024691729,0.012639489792697998,115,fno
317,0.012639478384328513,0.012639061730747199,0.012639270057537856,0.012639478384328513,115,fno
318,0.012639486413810422,0.012639052737383477,0.01263926957559695,0.012639486413810422,115,fno
319,0.012639485618641177,0.012639054031238217,0.012639269824939698,0.012639485618641177,115,fno
320,0.012639490176596291,0.012639049671066247,0.01263926992383127,0.012639490176596291,115,fno
321,0.01263948413427303,0.012639055610256066,0.012639269872264547,0.01263948413427303,115,fno
322,0.012639480977536878,0.012639057804928973,0.012639269391232926,0.012639480977536878,115,fno
323,0.012639487337252703,0.012639051009263097,0.0126392691732579,0.012639487337252703,115,fno
324,0.012639487979678414,0.012639051828328363,0.012639269904003388,0.012639487979678414,115,fno
325,0.012639484441734324,0.012639056173844636,0.012639270307789479,0.012639484441734324,115,fno
326,0.012639481238012831,0.012639059019814462,0.012639270128913646,0.012639481238012831,115,fno
327,0.01263948578523407,0.01263905294271742,0.012639269363975743,0.01263948578523407,115,fno
328,0.012639485217967008,0.012639053890957758,0.012639269554462384,0.012639485217967008,115,fno
329,0.012639481093965546,0.012639058311292752,0.01263926970262915,0.012639481093965546,115,fno
330,0.012639479872951711,0.012639060126146212,0.012639269999548963,0.012639479872951711,115,fno
331,0.012639483060561509,0.012639057100024767,0.012639270080293138,0.012639483060561509,115,fno
332,0.012639487408001153,0.012639050277708938,0.012639268842855045,0.012639487408001153,115,fno
333,0.012639478994552039,0.012639058373756744,0.012639268684154392,0.012639478994552039,115,fno
334,0.012639481564538285,0.012639057745063102,0.012639269654800694,0.012639481564538285,115,fno
335,0.012639483168301317,0.012639056320562015,0.012639269744431667,0.012639483168301317,115,fno
336,0.01263948841333294,0.012639050816074337,0.012639269614703639,0.01263948841333294,115,fno
337,0.012639487042588545,0.012639053340946524,0.012639270191767533,0.012639487042588545,115,fno
338,0.012639478987645345,0.012639060216294384,0.012639269601969864,0.012639478987645345,115,fno
339,0.01263948913853469,0.012639049328291147,0.012639269233412919,0.01263948913853469,115,fno
340,0.012639482996432541,0.012639056303140078,0.01263926964978631,0.012639482996432541,115,fno
341,0.012639484211781722,0.012639055218866341,0.01263926971532403,0.012639484211781722,115,fno
342,0.012639484067216685,0.012639054666672716,0.0126392693669447,0.012639484067216685,115,fno
343,0.012639480727205037,0.01263905750406045,0.012639269115632745,0.012639480727205037,115,fno
344,0.012639486675339635,0.012639051995296911,0.012639269335318273,0.012639486675339635,115,fno
345,0.012639481056439174,0.012639057025923191,0.012639269041181182,0.012639481056439174,115,fno
346,0.012639482772855197,0.012639056177788537,0.012639269475321867,0.012639482772855197,115,fno
347,0.012639483129019838,0.012639055631415694,0.012639269380217765,0.012639483129019838,115,fno
348,0.012639481987948845,0.012639057993219738,0.012639269990584292,0.012639481987948845,115,fno
349,0.012639481385240734,0.012639057678749444,0.012639269531995088,0.012639481385240734,115,fno
350,0.0126394852866213,0.01263905364253275,0.012639269464577024,0.0126394852866213,115,fno
351,0.012639481955673531,0.012639056584705669,0.0126392692701896,0.012639481955673531,115,fno
352,0.012639479472003366,0.012639058045229842,0.012639268758616604,0.012639479472003366,115,fno
353,0.01263948366327543,0.012639054127965508,0.012639268895620469,0.01263948366327543,115,fno
354,0.012639483744601413,0.012639055016667611,0.012639269380634512,0.012639483744601413,115,fno
355,0.012639484054577899,0.012639054120449402,0.01263926908751365,0.012639484054577899,115,fno
356,0.012639482235315356,0.01263905612883546,0.012639269182075408,0.012639482235315356,115,fno
357,0.012639480444866756,0.01263905873864178,0.012639269591754269,0.012639480444866756,115,fno
358,0.012639491286667082,0.012639047758016934,0.012639269522342008,0.012639491286667082,115,fno
359,0.012639485095114623,0.012639054872960001,0.012639269984037312,0.012639485095114623,115,fno
360,0.01263948283228761,0.012639056151853865,0.012639269492070738,0.01263948283228761,115,fno
361,0.012639483092746186,0.012639054309383018,0.0126392687010646,0.012639483092746186,115,fno
362,0.012639480164150316,0.012639057000781715,0.012639268582466015,0.012639480164150316,115,fno
363,0.012639485146913666,0.012639053648687906,0.012639269397800787,0.012639485146913666,115,fno
364,0.012639479143929485,0.012639059490829054,0.01263926931737927,0.012639479143929485,115,fno
365,0.01263948208528317,0.012639056007305898,0.012639269046294534,0.01263948208528317,115,fno
366,0.012639487105176395,0.012639051672414817,0.012639269388795605,0.012639487105176395,115,fno
367,0.012639479647464839,0.012639057442557876,0.012639268545011358,0.012639479647464839,115,fno
368,0.012639478877281242,0.01263906040342912,0.01263926964035518,0.012639478877281242,115,fno
369,0.012639482909991891,0.012639056483678315,0.012639269696835103,0.012639482909991891,115,fno
370,0.012639482408729237,0.012639055549084371,0.012639268978906805,0.012639482408729237,115,fno
371,0.012639485565219996,0.012639053988561827,0.01263926977689091,0.012639485565219996,115,fno
372,0.012639482060015934,0.012639055826163672,0.012639268943089803,0.012639482060015934,115,fno
373,0.012639481594496193,0.012639056043882128,0.01263926881918916,0.012639481594496193,115,fno
374,0.012639484158016514,0.01263905443529883,0.012639269296657672,0.012639484158016514,115,fno
375,0.012639479165622866,0.012639058667125624,0.012639268916374246,0.012639479165622866,115,fno
376,0.01263948008553075,0.012639057373999323,0.012639268729765037,0.01263948008553075,115,fno
377,0.012639480882408427,0.0126390570029552,0.012639268942681813,0.012639480882408427,115,fno
378,0.01263947748364657,0.012639060453176717,0.012639268968411645,0.01263947748364657,115,fno
379,0.01263948224622977,0.01263905573621917,0.01263926899122447,0.01263948224622977,115,fno
380,0.012639477481500875,0.012639061962377273,0.012639269721939074,0.012639477481500875,115,fno
381,0.012639479232466241,0.012639059119433112,0.012639269175949677,0.012639479232466241,115,fno
382,0.01263947945491439,0.012639057853907218,0.012639268654410804,0.01263947945491439,115,fno
383,0.012639476389852024,0.012639061292491274,0.012639268841171648,0.012639476389852024,115,fno
384,0.012639486008068914,0.012639051942006485,0.012639268975037699,0.012639486008068914,115,fno
385,0.012639480441621654,0.012639057261584442,0.012639268851603047,0.012639480441621654,115,fno
386,0.012639481857403137,0.012639054746688893,0.012639268302046015,0.012639481857403137,115,fno
387,0.01263948475647896,0.012639053628142084,0.012639269192310523,0.01263948475647896,115,fno
388,0.012639482540840864,0.012639055640919251,0.012639269090880059,0.012639482540840864,115,fno
389,0.012639490745489262,0.012639047064400956,0.012639268904945109,0.012639490745489262,115,fno
390,0.01263947725345425,0.012639060815418943,0.012639269034436598,0.01263947725345425,115,fno
391,0.01263947899794741,0.01263905912803531,0.01263926906299136,0.01263947899794741,115,fno
392,0.012639482281893346,0.012639057046366158,0.012639269664129753,0.012639482281893346,115,fno
393,0.01263947613701887,0.012639061619239752,0.012639268878129311,0.01263947613701887,115,fno
394,0.012639474903561812,0.012639062765609459,0.012639268834585635,0.012639474903561812,115,fno
395,0.0126394668990892,0.012639070991487318,0.01263926894528826,0.0126394668990892,115,fno
396,0.01263948053506872,0.012639056816042764,0.012639268675555742,0.01263948053506872,115,fno
397,0.012639477759261043,0.012639060528716156,0.0126392691439886,0.012639477759261043,115,fno
398,0.012639475578930075,0.012639062468776186,0.01263926902385313,0.012639475578930075,115,fno
399,0.012639482526768681,0.012639055031002667,0.012639268778885673,0.012639482526768681,115,fno
400,0.012639485711393537,0.012639053344791339,0.012639269528092438,0.012639485711393537,115,fno
401,0.01263949718155028,0.012639041506466992,0.012639269344008636,0.01263949718155028,115,fno
402,0.012639485661623553,0.012639051509326515,0.012639268585475035,0.012639485661623553,115,fno
403,0.012639487194830552,0.012639050977946325,0.01263926908638844,0.012639487194830552,115,fno
404,0.0126394898170164,0.012639048275608798,0.012639269046312598,0.0126394898170164,115,fno
405,0.012639485568578638,0.012639051099257493,0.012639268333918065,0.012639485568578638,115,fno
406,0.012639472060215894,0.012639065889371295,0.012639268974793595,0.012639472060215894,115,fno
407,0.01263945902484583,0.012639077470169045,0.012639268247507437,0.01263945902484583,115,fno
408,0.01263945834457513,0.01263907888523942,0.012639268614907275,0.01263945834457513,115,fno
409,0.012639458020194722,0.012639080681465454,0.012639269350830089,0.012639458020194722,115,fno
410,0.01263944972788575,0.012639087805526838,0.012639268766706294,0.01263944972788575,115,fno
411,0.012639452962397253,0.012639085408724325,0.012639269185560789,0.012639452962397253,115,fno
412,0.012639472681795024,0.0126390659789483,0.012639269330371662,0.012639472681795024,115,fno
413,0.012639490155681898,0.01263904685537488,0.012639268505528389,0.012639490155681898,115,fno
414,0.012639502327095925,0.012639034926751216,0.01263926862692357,0.012639502327095925,115,fno
415,0.01263950964805513,0.012639028069866935,0.012639268858961033,0.01263950964805513,115,fno
416,0.012639527758410034,0.012639010159254817,0.012639268958832425,0.012639527758410034,115,fno
417,0.012639546327208573,0.012638992006227352,0.012639269166717962,0.012639546327208573,115,fno
418,0.012639518107825922,0.012639020124919477,0.0126392691163727,0.012639518107825922,115,fno
419,0.012639477201093331,0.012639059230212342,0.012639268215652836,0.012639477201093331,115,fno
420,0.012639463731706562,0.012639073390390547,0.012639268561048553,0.012639463731706562,115,fno
421,0.01263943965364599,0.012639098516942136,0.012639269085294063,0.01263943965364599,115,fno
422,0.012639395984070309,0.012639142660824521,0.012639269322447414,0.012639395984070309,115,fno
423,0.01263933613712583,0.012639201712173928,0.01263926892464988,0.01263933613712583,115,fno
424,0.012639355842799169,0.012639180393548425,0.012639268118173796,0.012639355842799169,115,fno
425,0.012639428742170935,0.01263910843210238,0.012639268587136657,0.012639428742170935,115,fno
426,0.012639438223525803,0.012639099247197272,0.012639268735361538,0.012639438223525803,115,fno
427,0.012639444841766989,0.012639093167206265,0.012639269004486628,0.012639444841766989,115,fno
428,0.012639555360438629,0.012638982840840429,0.01263926910063953,0.012639555360438629,115,fno
429,0.012639714432165789,0.012638822570800805,0.012639268501483298,0.012639714432165789,115,fno
430,0.012639717485019948,0.0126388203683935,0.012639268926706724,0.012639717485019948,115,fno
431,0.012639580798267495,0.012638956929800762,0.012639268864034128,0.012639580798267495,115,fno
432,0.012639593389768196,0.012638943923511654,0.012639268656639925,0.012639593389768196,115,fno
433,0.012639702477246434,0.012638835139031978,0.012639268808139207,0.012639702477246434,115,fno
434,0.012639503294771695,0.01263903351310037,0.012639268403936033,0.012639503294771695,115,fno
435,0.012639098336381722,0.012639438273793383,0.012639268305087553,0.012639438273793383,115,fno
436,0.012639046368052978,0.01263949135430674,0.012639268861179859,0.01263949135430674,115,fno
437,0.012639351824521096,0.012639186210611678,0.012639269017566387,0.012639351824521096,115,fno
438,0.012639251824703423,0.012639285564475184,0.012639268694589303,0.012639285564475184,115,fno
439,0.012638781871424068,0.012639755853148369,0.012639268862286219,0.012639755853148369,115,fno
440,0.012639027273587752,0.012639510143537971,0.012639268708562862,0.012639510143537971,115,fno
441,0.012640005754874013,0.012638531880065583,0.012639268817469799,0.012640005754874013,115,fno
442,0.012640165435991082,0.012638372578000575,0.012639269006995829,0.012640165435991082,115,fno
443,0.0126393284497471,0.01263920874658743,0.012639268598167264,0.0126393284497471,115,fno
444,0.012639566858121152,0.012638970155885316,0.012639268507003233,0.012639566858121152,115,fno
445,0.012641077368794875,0.012637458765821088,0.01263926806730798,0.012641077368794875,115,fno
446,0.012640919900605832,0.012637618006210303,0.012639268953408066,0.012640919900605832,115,fno
447,0.012638614892039405,0.012639923237644615,0.01263926906484201,0.012639923237644615,115,fno
448,0.012638206701037009,0.012640329951057303,0.012639268326047157,0.012640329951057303,115,fno
449,0.012640563142797984,0.012637974233017867,0.012639268687907925,0.012640563142797984,115,fno
450,0.012640221665065822,0.012638316485367375,0.012639269075216598,0.012640221665065822,115,fno
451,0.012636033907398732,0.012642503691362121,0.012639268799380427,0.012642503691362121,115,fno
452,0.012635584086303712,0.012642951662587429,0.01263926787444557,0.012642951662587429,115,fno
453,0.012640978153950133,0.012637557523623022,0.012639267838786578,0.012640978153950133,115,fno
454,0.012642010578474389,0.012636526149242424,0.012639268363858407,0.012642010578474389,115,fno
455,0.012635588111207754,0.012642948327010965,0.01263926821910936,0.012642948327010965,115,fno
456,0.012635528038572545,0.012643008651808061,0.012639268345190302,0.012643008651808061,115,fno
457,0.012646191112909114,0.012632342262858963,0.012639266687884038,0.012646191112909114,115,fno
458,0.012648733193514458,0.012629796833075298,0.01263926501329488,0.012648733193514458,115,fno
459,0.012636257626419007,0.012642279081822212,0.01263926835412061,0.012642279081822212,115,fno
460,0.012633601376109629,0.012644933139606795,0.012639267257858213,0.012644933139606795,115,fno
461,0.012650273255351983,0.012628254880863764,0.012639264068107874,0.012650273255351983,115,fno
462,0.012652788700889563,0.012625735343127437,0.012639262022008501,0.012652788700889563,115,fno
463,0.012627615608342947,0.01265091086926853,0.012639263238805739,0.01265091086926853,115,fno
464,0.012619436968220573,0.012659068936017101,0.012639252952118837,0.012659068936017101,115,fno
465,0.012647863223215138,0.01263066793250774,0.01263926557786144,0.012647863223215138,115,fno
466,0.012654623257216379,0.01262389526343993,0.012639259260328155,0.012654623257216379,115,fno
467,0.012613709241560167,0.012664775411008383,0.012639242326284276,0.012664775411008383,115,fno
468,0.012602787934331828,0.012675643437123936,0.012639215685727883,0.012675643437123936,115,fno
469,0.01265835844698719,0.012620151209469488,0.01263925482822834,0.01265835844698719,115,fno
470,0.012678996455498266,0.01259941604963993,0.012639206252569098,0.012678996455498266,115,fno
471,0.012615220292639581,0.012663271024831205,0.012639245658735393,0.012663271024831205,115,fno
472,0.012597164175790907,0.012681233174236133,0.01263919867501352,0.012681233174236133,115,fno
473,0.012689925848203523,0.012588406693929816,0.01263916627106667,0.012689925848203523,115,fno
474,0.012723267488460746,0.012554708934050486,0.012638988211255616,0.012723267488460746,115,fno
475,0.012608701967042906,0.01266976196544421,0.012639231966243558,0.01266976196544421,115,fno
476,0.012561274524198151,0.012716784343714293,0.012639029433956221,0.012716784343714293,115,fno
477,0.012698517615265012,0.012579740516157402,0.012639129065711206,0.012698517615265012,115,fno
478,0.012746186776223504,0.012531437607315917,0.01263881219176971,0.012746186776223504,115,fno
479,0.012555399359308677,0.012722585324697642,0.01263899234200316,0.012722585324697642,115,fno
480,0.012471823829486446,0.012804524159800533,0.01263817399464349,0.012804524159800533,115,fno
481,0.012694295396932766,0.012584001601259885,0.012639148499096326,0.012694295396932766,115,fno
482,0.012794140680216228,0.012482475591679958,0.012638308135948094,0.012794140680216228,115,fno
483,0.012523760651589123,0.012753730120074868,0.012638745385831995,0.012753730120074868,115,fno
484,0.01240044747494384,0.012873659677630213,0.012637053576287027,0.012873659677630213,115,fno
485,0.01276065638698846,0.012516704724359532,0.012638680555673996,0.01276065638698846,115,fno
486,0.01294880577825335,0.012321958803584469,0.01263538229091891,0.01294880577825335,115,fno
487,0.012540011790330428,0.012737751033794851,0.012638881412062639,0.012737751033794851,115,fno
488,0.012320688222878825,0.012950012864476439,0.01263535054367763,0.012950012864476439,115,fno
489,0.012829304860905303,0.012446331453884876,0.012637818157395089,0.012829304860905303,115,fno
490,0.013088924463039702,0.012173014314954824,0.012630969388997264,0.013088924463039702,115,fno
491,0.012491899815802787,0.012784938409266294,0.01263841911253454,0.012784938409266294,115,fno
492,0.012077881390296325,0.013176760349592817,0.012627320869944572,0.013176760349592817,115,fno
493,0.012750725333932868,0.01252682050331162,0.012638772918622244,0.012750725333932868,115,fno
494,0.013246543865093293,0.012001303853391017,0.012623923859242155,0.013246543865093293,115,fno
495,0.012371949122430254,0.012901050245507632,0.012636499683968943,0.012901050245507632,115,fno
496,0.011715776377448832,0.013499733197843596,0.012607754787646214,0.013499733197843596,115,fno
497,0.012886433368329562,0.012387172640209844,0.012636803004269703,0.012886433368329562,115,fno
498,0.013459433675072949,0.011762051818564752,0.012610742746818851,0.013459433675072949,115,fno
499,0.01234754417911238,0.012924409903131106,0.012635977041121743,0.012924409903131106,115,fno
500,0.01180400070550986,0.013422660137985865,0.012613330421747863,0.013422660137985865,115,fno
501,0.012855046724697287,0.012419741885917532,0.01263739430530741,0.012855046724697287,115,fno
502,0.013737069851725093,0.011436569298368528,0.012586819575046811,0.013737069851725093,115,fno
503,0.012830730706784439,0.01244486050015104,0.01263779560346774,0.012830730706784439,115,fno
504,0.011194055129105549,0.013935398084376938,0.012564726606741242,0.013935398084376938,115,fno
505,0.013070387180557015,0.012192915688491861,0.012631651434524438,0.013070387180557015,115,fno
506,0.014140681190018213,0.010933589552933918,0.012537135371476067,0.014140681190018213,115,fno
507,0.012569930752732878,0.012708229301523082,0.012639080027127981,0.012708229301523082,115,fno
508,0.012085333014518054,0.013169926648606849,0.012627629831562452,0.013169926648606849,115,fno
509,0.011786229070856647,0.013438266874811264,0.012612247972833956,0.013438266874811264,115,fno
510,0.013607428933096981,0.011590516493922782,0.012598972713509881,0.013607428933096981,115,fno
511,0.01279550212138593,0.012481079668003808,0.012638290894694868,0.01279550212138593,115,fno
512,0.06646566452545062,0.012639268589386984,0.0395524665574188,0.06646566452545062,115,fno
1,2.8500592092807597,1.5335142431252926,2.191786726203026,2.8500592092807597,115,solver
2,1.7821615919400082,1.8830579216918644,1.8326097568159363,1.8830579216918644,115,solver
3,1.3509060186145139,1.214067588973142,1.282486803793828,1.3509060186145139,115,solver
4,0.8426640737939405,0.9179115266398098,0.8802878002168751,0.9179115266398098,115,solver
5,0.6968854331858689,0.7650002065733714,0.7309428198796202,0.7650002065733714,115,solver
6,0.6546469959608457,0.657434326972157,0.6560406614665013,0.657434326972157,115,solver
7,0.5974071549676985,0.42422681246706284,0.5108169837173806,0.5974071549676985,115,solver
8,0.36958119984832427,0.38544814095485574,0.37751467040159004,0.38544814095485574,115,solver
9,0.3107313625292463,0.3674290774313952,0.3390802199803208,0.3674290774313952,115,solver
10,0.39387708436986557,0.3004282546544191,0.3471526695121423,0.39387708436986557,115,solver
11,0.2375411385550727,0.37785894626919636,0.30770004241213456,0.37785894626919636,115,solver
12,0.28257061508522313,0.2011054440024813,0.2418380295438522,0.28257061508522313,115,solver
13,0.2011549331890693,0.1906413026272793,0.1958981179081743,0.2011549331890693,115,solver
14,0.17551063021263713,0.19412353347156378,0.18481708184210044,0.19412353347156378,115,solver
15,0.18727177320074304,0.16111433139520345,0.17419305229797324,0.18727177320074304,115,solver
16,0.14193103652307223,0.16111841032309662,0.15152472342308443,0.16111841032309662,115,solver
17,0.13517730242025938,0.12790825234540015,0.13154277738282977,0.13517730242025938,115,solver
18,0.11934826886991752,0.12020740731877513,0.11977783809434633,0.12020740731877513,115,solver
19,0.10339374530817866,0.10887480238551664,0.10613427384684765,0.10887480238551664,115,solver
20,0.092045324066244,0.08323260754611309,0.08763896580617854,0.092045324066244,115,solver
21,0.06963684458976731,0.07608930493404509,0.0728630747619062,0.07608930493404509,115,solver
22,0.06531322958323164,0.06808179748298383,0.06669751353310774,0.06808179748298383,115,solver
23,0.06869699251530148,0.05726706823321616,0.06298203037425881,0.06869699251530148,115,solver
24,0.05075705868496352,0.06323816746057798,0.05699761307277075,0.06323816746057798,115,solver
25,0.05385811531416396,0.044607443435924904,0.04923277937504443,0.05385811531416396,115,solver
26,0.03936695268610871,0.04363119821454367,0.04149907545032619,0.04363119821454367,115,solver
27,0.03485480417610507,0.03457237903051601,0.03471359160331054,0.03485480417610507,115,solver
28,0.030212917954587443,0.028786805265599014,0.029499861610093228,0.030212917954587443,115,solver
29,0.025232270447954928,0.026906105873621376,0.026069188160788154,0.026906105873621376,115,solver
30,0.024675276904829742,0.02255983032129651,0.023617553613063128,0.024675276904829742,115,solver
31,0.020020596107034612,0.022333888311471418,0.021177242209253017,0.022333888311471418,115,solver
32,0.019389030445102585,0.017498261217987972,0.01844364583154528,0.019389030445102585,115,solver
33,0.015072019265062957,0.016042479891218858,0.015557249578140907,0.016042479891218858,115,solver
34,0.012803064617091424,0.012767392167961248,0.012785228392526337,0.012803064617091424,115,solver
35,0.010692429201501518,0.010345386448589138,0.010518907825045328,0.010692429201501518,115,solver
36,0.009030192782690455,0.009038809640068061,0.009034501211379258,0.009038809640068061,115,solver
37,0.007870016264813144,0.008304614902084178,0.008087315583448662,0.008304614902084178,115,solver
38,0.007476550344699993,0.006924779827931791,0.007200665086315892,0.007476550344699993,115,solver
39,0.005989375191664371,0.006368037424781138,0.0061787063082227546,0.006368037424781138,115,solver
40,0.005183413364948932,0.005045578326307884,0.005114495845628408,0.005183413364948932,115,solver
41,0.0041655167918443,0.00414431380940591,0.004154915300625105,0.0041655167918443,115,solver
42,0.0033553767491302532,0.0034107236872470146,0.003383050218188634,0.0034107236872470146,115,solver
43,0.002856015154519155,0.0027970349045013804,0.0028265250295102674,0.002856015154519155,115,solver
44,0.0023958928531065786,0.0024994614534268704,0.0024476771532667245,0.0024994614534268704,115,solver
45,0.0022229284979615556,0.0020681644151850304,0.002145546456573293,0.0022229284979615556,115,solver
46,0.0017573804276815362,0.001919711539573206,0.001838545983627371,0.001919711539573206,115,solver
47,0.001579549531308147,0.0014537838528698235,0.0015166666920889854,0.001579549531308147,115,solver
48,0.001179071858892119,0.0012487279738668253,0.0012138999163794721,0.0012487279738668253,115,solver
49,0.0009792793074382305,0.0009513501922904698,0.0009653147498643502,0.0009792793074382305,115,solver
50,0.000779458799840208,0.0007937013966061924,0.0007865800982232002,0.0007937013966061924,115,solver
51,0.0006730596645835486,0.0006609712364258976,0.0006670154505047231,0.0006730596645835486,115,solver
52,0.000575109320539292,0.0005788046250525779,0.000576956972795935,0.0005788046250525779,115,solver
53,0.00048630177252354304,0.0004963046760188679,0.0004913032242712055,0.0004963046760188679,115,solver
54,0.00041390885864746215,0.00039376972233454806,0.0004038392904910051,0.00041390885864746215,115,solver
55,0.0003110697668588662,0.00033163784698758166,0.0003213538069232239,0.00033163784698758166,115,solver
56,0.00025840864554175954,0.0002459356291639403,0.00025217213735284996,0.00025840864554175954,115,solver
57,0.00019870261715858968,0.00020227806408375636,0.00020049034062117303,0.00020227806408375636,115,solver
58,0.0001652946641999353,0.0001653650968085701,0.0001653298805042527,0.0001653650968085701,115,solver
59,0.00014030409444067797,0.00014113650382074165,0.0001407202991307098,0.00014113650382074165,115,solver
60,0.00012083561692280679,0.00011828359398810553,0.00011955960545545615,0.00012083561692280679,115,solver
61,9.692647452250446e-05,0.00010007557940668579,9.850102696459513e-05,0.00010007557940668579,115,solver
62,7.962685914125454e-05,7.68176974658813e-05,7.822227830356792e-05,7.962685914125454e-05,115,solver
63,5.9537203751340184e-05,6.190854414412619e-05,6.0722873947733185e-05,6.190854414412619e-05,115,solver
64,4.843875468270756e-05,4.615261705756955e-05,4.729568587013856e-05,4.843875468270756e-05,115,solver
65,3.711634636623743e-05,3.8883264693132254e-05,3.799980552968484e-05,3.8883264693132254e-05,115,solver
66,3.193902116622264e-05,3.1508929313202337e-05,3.172397523971249e-05,3.193902116622264e-05,115,solver
67,2.7279595309571964e-05,2.6311930068165685e-05,2.6795762688868824e-05,2.7279595309571964e-05,115,solver
68,2.1251848432681753e-05,2.2975808342838655e-05,2.2113828387760206e-05,2.2975808342838655e-05,115,solver
69,1.8456501231094496e-05,1.6687554110696598e-05,1.7572027670895547e-05,1.8456501231094496e-05,115,solver
70,1.2914513160438213e-05,1.4235223243649705e-05,1.3574868202043958e-05,1.4235223243649705e-05,115,solver
71,1.078955962626779e-05,1.0085096143915946e-05,1.0437327885091869e-05,1.078955962626779e-05,115,solver
72,8.077801509104384e-06,8.296545422857852e-06,8.187173465981118e-06,8.296545422857852e-06,115,solver
73,6.636181591682167e-06,6.690848424574399e-06,6.663515008128283e-06,6.690848424574399e-06,115,solver
74,5.731610909163922e-06,5.436877481539943e-06,5.584244195351932e-06,5.731610909163922e-06,115,solver
75,4.4377850220477695e-06,4.849704788532538e-06,4.6437449052901535e-06,4.849704788532538e-06,115,solver
76,3.857367968717286e-06,3.5413988589800374e-06,3.6993834138486613e-06,3.857367968717286e-06,115,solver
77,2.767438460884902e-06,2.86570842565762e-06,2.8165734432712612e-06,2.86570842565762e-06,115,solver
78,2.142900255761251e-06,2.1244602067973727e-06,2.133680231279312e-06,2.142900255761251e-06,115,solver
79,1.7275979656542899e-06,1.6432784939611035e-06,1.6854382298076968e-06,1.7275979656542899e-06,115,solver
80,1.338368675724334e-06,1.422769790794038e-06,1.380569233259186e-06,1.422769790794038e-06,115,solver
81,1.1259207418106087e-06,1.165743182977543e-06,1.145831962394076e-06,1.165743182977543e-06,115,solver
82,9.226464279806809e-07,9.947097758304118e-07,9.586781019055463e-07,9.947097758304118e-07,115,solver
83,8.375000110994561e-07,7.499015784429359e-07,7.93700794771196e-07,8.375000110994561e-07,115,solver
84,6.711212950715653e-07,6.022074416675868e-07,6.36664368369576e-07,6.711212950715653e-07,115,solver
85,5.423215379983802e-07,4.853870348273634e-07,5.138542864128719e-07,5.423215379983802e-07,115,solver
86,4.4784919268173395e-07,4.4625429593893955e-07,4.470517443103368e-07,4.4784919268173395e-07,115,solver
87,4.5069290604684497e-07,3.563797182716428e-07,4.035363121592439e-07,4.5069290604684497e-07,115,solver
88,3.219929098280434e-07,4.091336794600109e-07,3.655632946440272e-07,4.091336794600109e-07,115,solver
89,3.3274264816550793e-07,3.406011553462354e-07,3.366719017558717e-07,3.406011553462354e-07,115,solver
90,3.475733140677505e-07,2.661185328176122e-07,3.0684592344268134e-07,3.475733140677505e-07,115,solver
91,2.688842022890459e-07,2.9432061013692197e-07,2.816024062129839e-07,2.9432061013692197e-07,115,solver
92,2.2019667289780042e-07,3.050714142596472e-07,2.626340435787238e-07,3.050714142596472e-07,115,solver
93,2.96896006542394e-07,2.2557111750462025e-07,2.612335620235071e-07,2.96896006542394e-07,115,solver
94,2.637143681420074e-07,2.460562949250031e-07,2.548853315335052e-07,2.637143681420074e-07,115,solver
95,1.899444652973878e-07,2.7773761457278255e-07,2.338410399350852e-07,2.7773761457278255e-07,115,solver
96,2.577379855551942e-07,2.0172419392268416e-07,2.2973108973893917e-07,2.577379855551942e-07,115,solver
97,2.1904217693461527e-07,2.542164042450092e-07,2.3662929058981222e-07,2.542164042450092e-07,115,solver
98,1.8963923206915928e-07,2.81151126128558e-07,2.3539517909885863e-07,2.81151126128558e-07,115,solver
99,2.49047625345428e-07,2.2211694440149831e-07,2.3558228487346315e-07,2.49047625345428e-07,115,solver
100,2.561978489271654e-07,1.963447853319499e-07,2.2627131712955765e-07,2.561978489271654e-07,115,solver
101,2.0205010610167977e-07,2.2394927262256778e-07,2.129996893621238e-07,2.2394927262256778e-07,115,solver
102,1.7405645538128973e-07,2.2156732011525036e-07,1.9781188774827003e-07,2.2156732011525036e-07,115,solver
103,2.4344901872832055e-07,1.5417933449252185e-07,1.988141766104212e-07,2.4344901872832055e-07,115,solver
104,1.9801921539863748e-07,2.3385516215130653e-07,2.1593718877497202e-07,2.3385516215130653e-07,115,solver
105,2.2497495497401526e-07,2.0635315756698883e-07,2.1566405627050205e-07,2.2497495497401526e-07,115,solver
106,2.515404724173709e-07,1.503347748981166e-07,2.0093762365774375e-07,2.515404724173709e-07,115,solver
107,1.7617738347979519e-07,2.3548059951357632e-07,2.0582899149668575e-07,2.3548059951357632e-07,115,solver
108,1.586839500226984e-07,2.4609730199655604e-07,2.023906260096272e-07,2.4609730199655604e-07,115,solver
109,1.8982190557275703e-07,1.884023857537466e-07,1.8911214566325181e-07,1.8982190557275703e-07,115,solver
110,1.8576809864393606e-07,1.612228222502502e-07,1.7349546044709311e-07,1.8576809864393606e-07,115,solver
111,1.0466773040391577e-07,2.3851865384506013e-07,1.7159319212448796e-07,2.3851865384506013e-07,115,solver
112,2.2619943708448253e-07,1.492468777867815e-07,1.8772315743563202e-07,2.2619943708448253e-07,115,solver
113,1.5474578853397801e-07,1.8266395979862217e-07,1.687048741663001e-07,1.8266395979862217e-07,115,solver
114,1.4113137025909665e-07,1.344754330750974e-07,1.3780340166709703e-07,1.4113137025909665e-07,115,solver
115,1.670429822126524e-07,1.082887030668019e-07,1.3766584263972713e-07,1.670429822126524e-07,115,solver
116,1.7188005834875885e-07,1.4920085741114738e-07,1.6054045787995312e-07,1.7188005834875885e-07,115,solver
117,1.314188095469519e-07,1.910316011792564e-07,1.6122520536310417e-07,1.910316011792564e-07,115,solver
118,1.5324515070963643e-07,1.585732363886965e-07,1.5590919354916646e-07,1.585732363886965e-07,115,solver
119,1.6897852243884743e-07,1.3583246421122507e-07,1.5240549332503625e-07,1.6897852243884743e-07,115,solver
120,1.0608177244037627e-07,1.7998637976426635e-07,1.430340761023213e-07,1.7998637976426635e-07,115,solver
121,1.3566705870148547e-07,1.1922901997475885e-07,1.2744803933812216e-07,1.3566705870148547e-07,115,solver
122,1.0111040985076323e-07,1.1409282468515379e-07,1.076016172679585e-07,1.1409282468515379e-07,115,solver
123,1.0575727330551471e-07,1.1432628829456641e-07,1.1004178080004056e-07,1.1432628829456641e-07,115,solver
124,1.2777263237503229e-07,1.1533596593840667e-07,1.2155429915671947e-07,1.2777263237503229e-07,115,solver
125,1.5295492646397599e-07,8.536449525814975e-08,1.1915971086106287e-07,1.5295492646397599e-07,115,solver
126,1.1123494370021119e-07,1.245185540624405e-07,1.1787674888132585e-07,1.245185540624405e-07,115,solver
127,1.2592888094640852e-07,9.13985991384397e-08,1.086637400424241e-07,1.2592888094640852e-07,115,solver
128,1.0092723384808515e-07,9.516896206655586e-08,9.80480979573205e-08,1.0092723384808515e-07,115,solver
129,8.988386654316269e-08,7.67924677795826e-08,8.333816716137264e-08,8.988386654316269e-08,115,solver
130,7.440322036602157e-08,8.189396874805021e-08,7.81485945570359e-08,8.189396874805021e-08,115,solver
131,9.214311160876415e-08,7.734143424251729e-08,8.474227292564071e-08,9.214311160876415e-08,115,solver
132,8.952137001605235e-08,9.242833963126738e-08,9.097485482365987e-08,9.242833963126738e-08,115,solver
133,7.171895728009652e-08,1.0359202667497641e-07,8.765549197753646e-08,1.0359202667497641e-07,115,solver
134,9.676530985902016e-08,6.513268468798071e-08,8.094899727350044e-08,9.676530985902016e-08,115,solver
135,6.975867692497824e-08,7.967578636354495e-08,7.47172316442616e-08,7.967578636354495e-08,115,solver
136,7.116260086943032e-08,6.140966702548045e-08,6.628613394745538e-08,7.116260086943032e-08,115,solver
137,6.148806887703044e-08,5.758166263530791e-08,5.953486575616918e-08,6.148806887703044e-08,115,solver
138,6.324348034403986e-08,5.591189160530559e-08,5.957768597467273e-08,6.324348034403986e-08,115,solver
139,6.491022452978104e-08,6.476555596504457e-08,6.48378902474128e-08,6.491022452978104e-08,115,solver
140,7.213290651841892e-08,6.174608250720923e-08,6.693949451281408e-08,7.213290651841892e-08,115,solver
141,6.18380980001652e-08,6.616121275606838e-08,6.399965537811679e-08,6.616121275606838e-08,115,solver
142,4.864350100181905e-08,6.780367446242101e-08,5.822358773212003e-08,6.780367446242101e-08,115,solver
143,5.4070530524579975e-08,5.63287350270478e-08,5.519963277581389e-08,5.63287350270478e-08,115,solver
144,5.040446278627949e-08,5.357313131112006e-08,5.198879704869977e-08,5.357313131112006e-08,115,solver
145,4.9272631730536495e-08,4.937448642913771e-08,4.9323559079837104e-08,4.937448642913771e-08,115,solver
146,5.3824931088104544e-08,4.381111591880813e-08,4.881802350345634e-08,5.3824931088104544e-08,115,solver
147,5.3422700129668983e-08,4.684411257587524e-08,5.0133406352772116e-08,5.3422700129668983e-08,115,solver
148,5.136089768307687e-08,4.801030128559748e-08,4.968559948433717e-08,5.136089768307687e-08,115,solver
149,5.408656175619185e-08,4.0702268679781476e-08,4.739441521798666e-08,5.408656175619185e-08,115,solver
150,5.455709836163141e-08,3.921034008047705e-08,4.688371922105423e-08,5.455709836163141e-08,115,solver
151,4.5817134933223e-08,5.024295909127846e-08,4.803004701225073e-08,5.024295909127846e-08,115,solver
152,4.454283532305751e-08,4.844254410361461e-08,4.649268971333606e-08,4.844254410361461e-08,115,solver
153,4.551925112408292e-08,4.00693644395801e-08,4.279430778183151e-08,4.551925112408292e-08,115,solver
154,4.232298767727572e-08,3.811703747139973e-08,4.022001257433772e-08,4.232298767727572e-08,115,solver
155,4.556731030204774e-08,3.3277250839123196e-08,3.942228057058547e-08,4.556731030204774e-08,115,solver
156,4.497670781569891e-08,3.3482930964060416e-08,3.9229819389879663e-08,4.497670781569891e-08,115,solver
157,4.100521637846549e-08,3.611535903407597e-08,3.856028770627073e-08,4.100521637846549e-08,115,solver
158,4.3586477982643584e-08,3.196935989415355e-08,3.777791893839857e-08,4.3586477982643584e-08,115,solver
159,4.6311151994616754e-08,2.9429433328602975e-08,3.7870292661609866e-08,4.6311151994616754e-08,115,solver
160,4.409165862389305e-08,3.275692228062051e-08,3.842429045225678e-08,4.409165862389305e-08,115,solver
161,4.445306599315334e-08,2.886593889352934e-08,3.665950244334134e-08,4.445306599315334e-08,115,solver
162,4.159090612843835e-08,2.8897667149260766e-08,3.524428663884956e-08,4.159090612843835e-08,115,solver
163,3.854269538512544e-08,3.17716056221245e-08,3.5157150503624975e-08,3.854269538512544e-08,115,solver
164,3.897291250212018e-08,3.253535036452175e-08,3.575413143332096e-08,3.897291250212018e-08,115,solver
165,3.9607950771719685e-08,3.3013254543574666e-08,3.631060265764718e-08,3.9607950771719685e-08,115,solver
166,4.177983108041591e-08,3.038074043146322e-08,3.608028575593956e-08,4.177983108041591e-08,115,solver
167,4.220849299521385e-08,2.8924133546238956e-08,3.556631327072641e-08,4.220849299521385e-08,115,solver
168,4.1548914927023704e-08,2.776300264121078e-08,3.465595878411724e-08,4.1548914927023704e-08,115,solver
169,3.86854585435359e-08,2.844595547636268e-08,3.356570700994929e-08,3.86854585435359e-08,115,solver
170,3.607061757150527e-08,2.855741197203757e-08,3.231401477177142e-08,3.607061757150527e-08,115,solver
171,3.4165610716036434e-08,2.8519189985631664e-08,3.134240035083405e-08,3.4165610716036434e-08,115,solver
172,3.182458871077815e-08,2.8713888971926892e-08,3.026923884135252e-08,3.182458871077815e-08,115,solver
173,3.149809864717922e-08,2.5558545354146462e-08,2.8528322000662842e-08,3.149809864717922e-08,115,solver
174,3.075146917606621e-08,2.4066114339641106e-08,2.740879175785366e-08,3.075146917606621e-08,115,solver
175,3.096171820832035e-08,2.5085437157101315e-08,2.8023577682710833e-08,3.096171820832035e-08,115,solver
176,3.1850286800377865e-08,2.6029586117937535e-08,2.89399364591577e-08,3.1850286800377865e-08,115,solver
177,2.9751601069464635e-08,2.6942819077862862e-08,2.834721007366375e-08,2.9751601069464635e-08,115,solver
178,2.9502580720637776e-08,2.352786536829057e-08,2.6515223044464172e-08,2.9502580720637776e-08,115,solver
179,2.8096101336265686e-08,2.4895161002098796e-08,2.649563116918224e-08,2.8096101336265686e-08,115,solver
180,2.9220618285291193e-08,2.6416080389518032e-08,2.7818349337404613e-08,2.9220618285291193e-08,115,solver
181,3.385085191567171e-08,2.0364909240206055e-08,2.7107880577938883e-08,3.385085191567171e-08,115,solver
182,2.806225473156954e-08,2.5060247806399708e-08,2.6561251268984622e-08,2.806225473156954e-08,115,solver
183,2.3595840298598933e-08,2.9119647181974694e-08,2.6357743740286815e-08,2.9119647181974694e-08,115,solver
184,2.822906118925948e-08,2.7251124465529483e-08,2.774009282739448e-08,2.822906118925948e-08,115,solver
185,1.993359492319656e-08,3.282145898511739e-08,2.6377526954156973e-08,3.282145898511739e-08,115,solver
186,2.0888917247088947e-08,2.6355742568097022e-08,2.3622329907592984e-08,2.6355742568097022e-08,115,solver
187,2.1320903555902365e-08,1.996238150039436e-08,2.064164252814836e-08,2.1320903555902365e-08,115,solver
188,2.0399718218200098e-08,2.0504986378724464e-08,2.045235229846228e-08,2.0504986378724464e-08,115,solver
189,2.0450855531594892e-08,2.2216717081029662e-08,2.1333786306312276e-08,2.2216717081029662e-08,115,solver
190,2.100060604454132e-08,2.2495785433863166e-08,2.1748195739202242e-08,2.2495785433863166e-08,115,solver
191,2.7016203193168236e-08,1.6162039997320824e-08,2.158912159524453e-08,2.7016203193168236e-08,115,solver
192,2.1586889402212832e-08,2.3649993730841088e-08,2.2618441566526958e-08,2.3649993730841088e-08,115,solver
193,2.3173798374837098e-08,2.1114507791696823e-08,2.214415308326696e-08,2.3173798374837098e-08,115,solver
194,2.2938845545094912e-08,2.0200088272959905e-08,2.156946690902741e-08,2.2938845545094912e-08,115,solver
195,2.423216378768165e-08,1.93568533243859e-08,2.1794508556033775e-08,2.423216378768165e-08,115,solver
196,2.272087181158872e-08,2.2460492894875163e-08,2.259068235323194e-08,2.272087181158872e-08,115,solver
197,2.5962083739528056e-08,2.0289226539113528e-08,2.312565513932079e-08,2.5962083739528056e-08,115,solver
198,2.9464669371063783e-08,1.7198797224196756e-08,2.333173329763027e-08,2.9464669371063783e-08,115,solver
199,2.150336514582162e-08,2.5710972487337023e-08,2.3607168816579322e-08,2.5710972487337023e-08,115,solver
200,2.3620975927960644e-08,1.7826686044815015e-08,2.072383098638783e-08,2.3620975927960644e-08,115,solver
201,1.935079136169926e-08,1.693465312178762e-08,1.8142722241743438e-08,1.935079136169926e-08,115,solver
202,1.8642863535759893e-08,1.9508026354191823e-08,1.9075444944975856e-08,1.9508026354191823e-08,115,solver
203,2.311439564409716e-08,1.8844724107556047e-08,2.0979559875826603e-08,2.311439564409716e-08,115,solver
204,1.715562580042519e-08,2.349769194741742e-08,2.0326658873921304e-08,2.349769194741742e-08,115,solver
205,1.7572653360792387e-08,1.9981762978821146e-08,1.8777208169806766e-08,1.9981762978821146e-08,115,solver
206,1.787305188284763e-08,2.0277559265966267e-08,1.9075305574406948e-08,2.0277559265966267e-08,115,solver
207,1.4689041946191511e-08,2.4890994108316465e-08,1.9790018027253986e-08,2.4890994108316465e-08,115,solver
208,1.801429305728814e-08,2.2432221347905326e-08,2.0223257202596733e-08,2.2432221347905326e-08,115,solver
209,1.979223135259663e-08,2.0020023011980057e-08,1.9906127182288343e-08,2.0020023011980057e-08,115,solver
210,1.7406184403469926e-08,2.3681146941028983e-08,2.0543665672249456e-08,2.3681146941028983e-08,115,solver
211,2.1932661181688716e-08,2.0334152362233303e-08,2.113340677196101e-08,2.1932661181688716e-08,115,solver
212,1.7529033486848215e-08,2.0279573394993694e-08,1.8904303440920955e-08,2.0279573394993694e-08,115,solver
213,1.9183844922778205e-08,1.121272059990046e-08,1.519828276133933e-08,1.9183844922778205e-08,115,solver
214,1.8249196750562922e-08,1.2201965114683746e-08,1.5225580932623336e-08,1.8249196750562922e-08,115,solver
215,1.827247682962662e-08,1.8374091441737015e-08,1.8323284135681816e-08,1.8374091441737015e-08,115,solver
216,2.420818473868865e-08,1.6206375483706916e-08,2.0207280111197784e-08,2.420818473868865e-08,115,solver
217,1.6963915218528794e-08,2.4767614586472037e-08,2.0865764902500417e-08,2.4767614586472037e-08,115,solver
218,2.2820428624542763e-08,1.8680313567162495e-08,2.075037109585263e-08,2.2820428624542763e-08,115,solver
219,1.8899661788833514e-08,2.0935359308255235e-08,1.9917510548544376e-08,2.0935359308255235e-08,115,solver
220,1.5635857628321036e-08,2.0883438094828144e-08,1.825964786157459e-08,2.0883438094828144e-08,115,solver
221,1.5489517771473946e-08,1.8197855178591387e-08,1.6843686475032668e-08,1.8197855178591387e-08,115,solver
222,1.3863817822278024e-08,1.8778892303423478e-08,1.6321355062850753e-08,1.8778892303423478e-08,115,solver
223,1.7514781630323172e-08,1.6770273377953762e-08,1.7142527504138467e-08,1.7514781630323172e-08,115,solver
224,1.5101312343194332e-08,1.8910774412759437e-08,1.7006043377976883e-08,1.8910774412759437e-08,115,solver
225,1.4900297237444359e-08,1.64450322501334e-08,1.567266474378888e-08,1.64450322501334e-08,115,solver
226,1.3044618698899325e-08,1.5721953535091136e-08,1.438328611699523e-08,1.5721953535091136e-08,115,solver
227,1.3502187127737989e-08,1.662344356788975e-08,1.5062815347813868e-08,1.662344356788975e-08,115,solver
228,1.656218492721778e-08,1.668699221390201e-08,1.6624588570559897e-08,1.668699221390201e-08,115,solver
229,1.855613751338727e-08,1.5611554367026008e-08,1.708384594020664e-08,1.855613751338727e-08,115,solver
230,1.5733765293370915e-08,1.784179505134722e-08,1.678778017235907e-08,1.784179505134722e-08,115,solver
231,1.5084854801243103e-08,1.7436751713822858e-08,1.626080325753298e-08,1.7436751713822858e-08,115,solver
232,1.4181836405384129e-08,1.6060408509386683e-08,1.5121122457385406e-08,1.6060408509386683e-08,115,solver
233,1.2254163492994004e-08,1.3821722742560084e-08,1.3037943117777045e-08,1.3821722742560084e-08,115,solver
234,9.827505527062967e-09,1.3582412712574245e-08,1.1704959119818605e-08,1.3582412712574245e-08,115,solver
235,1.2779494923632377e-08,1.3313528146297598e-08,1.3046511534964986e-08,1.3313528146297598e-08,115,solver
236,1.4088358108431968e-08,1.4436928027236788e-08,1.4262643067834378e-08,1.4436928027236788e-08,115,solver
237,1.1416905764680305e-08,1.5301121232343217e-08,1.335901349851176e-08,1.5301121232343217e-08,115,solver
238,1.3195042510360343e-08,1.067772237461272e-08,1.1936382442486532e-08,1.3195042510360343e-08,115,solver
239,1.1115147945257508e-08,1.3348346689296357e-08,1.2231747317276931e-08,1.3348346689296357e-08,115,solver
240,1.2938324851957486e-08,1.3843881086315668e-08,1.3391102969136578e-08,1.3843881086315668e-08,115,solver
241,1.4495012865354414e-08,1.1618911782585669e-08,1.3056962323970042e-08,1.4495012865354414e-08,115,solver
242,9.894229872505896e-09,1.379738647814818e-08,1.1845808175327038e-08,1.379738647814818e-08,115,solver
243,1.1757157538397758e-08,1.2016522945182792e-08,1.1886840241790274e-08,1.2016522945182792e-08,115,solver
244,9.788176034058648e-09,1.4183980054101693e-08,1.1986078044080171e-08,1.4183980054101693e-08,115,solver
245,7.938060094878581e-09,1.3820111628539898e-08,1.087908586170924e-08,1.3820111628539898e-08,115,solver
246,9.93232462062614e-09,1.0519108647667778e-08,1.022571663414696e-08,1.0519108647667778e-08,115,solver
247,9.086527599790466e-09,1.3224631164115713e-08,1.1155579381953089e-08,1.3224631164115713e-08,115,solver
248,1.2675315398049595e-08,1.3378730581314622e-08,1.3027022989682109e-08,1.3378730581314622e-08,115,solver
249,1.3742960906521485e-08,1.202850028939901e-08,1.2885730597960248e-08,1.3742960906521485e-08,115,solver
250,1.245293140726919e-08,1.041075248941562e-08,1.1431841948342406e-08,1.245293140726919e-08,115,solver
251,1.1526413136936443e-08,1.057494291270589e-08,1.1050678024821166e-08,1.1526413136936443e-08,115,solver
252,1.2674007171638459e-08,1.10982184513253e-08,1.188611281148188e-08,1.2674007171638459e-08,115,solver
253,1.1892525138219386e-08,1.2413726149173131e-08,1.215312564369626e-08,1.2413726149173131e-08,115,solver
254,1.1459537869714325e-08,1.1393378425901147e-08,1.1426458147807735e-08,1.1459537869714325e-08,115,solver
255,1.2085001440463638e-08,9.17818023598443e-09,1.0631590838224033e-08,1.2085001440463638e-08,115,solver
256,1.1440198127812382e-08,9.278936740440926e-09,1.0359567434126654e-08,1.1440198127812382e-08,115,solver
257,1.1185407439276764e-08,8.963850838248554e-09,1.0074629138762658e-08,1.1185407439276764e-08,115,solver
258,1.102850428885904e-08,9.309510763814e-09,1.016900752633652e-08,1.102850428885904e-08,115,solver
259,1.150586262329083e-08,9.982950363267644e-09,1.0744406493279236e-08,1.150586262329083e-08,115,solver
260,1.0280044832337636e-08,1.1586933221590777e-08,1.0933489026964207e-08,1.1586933221590777e-08,115,solver
261,1.0680308943709027e-08,9.918189530510703e-09,1.0299249237109865e-08,1.0680308943709027e-08,115,solver
262,1.0031112668291092e-08,9.221393062618158e-09,9.626252865454624e-09,1.0031112668291092e-08,115,solver
263,9.334299618489765e-09,9.791740472416567e-09,9.563020045453165e-09,9.791740472416567e-09,115,solver
264,9.591536268209917e-09,9.183627921108382e-09,9.38758209465915e-09,9.591536268209917e-09,115,solver
265,8.489445275337204e-09,9.126323449303845e-09,8.807884362320525e-09,9.126323449303845e-09,115,solver
266,9.305730219559596e-09,8.649549517545715e-09,8.977639868552657e-09,9.305730219559596e-09,115,solver
267,1.0569620879808241e-08,9.625188493985428e-09,1.0097404686896835e-08,1.0569620879808241e-08,115,solver
268,1.1248622524619131e-08,9.616125372542097e-09,1.0432373948580614e-08,1.1248622524619131e-08,115,solver
269,7.142695459709172e-09,1.0831789504743186e-08,8.987242482226179e-09,1.0831789504743186e-08,115,solver
270,7.054762915807553e-09,8.794380165901401e-09,7.924571540854477e-09,8.794380165901401e-09,115,solver
271,8.807050161928998e-09,9.830452419100502e-09,9.31875129051475e-09,9.830452419100502e-09,115,solver
272,8.550060562134036e-09,1.3197038528273615e-08,1.0873549545203825e-08,1.3197038528273615e-08,115,solver
273,1.2531913097491037e-08,8.255366623880808e-09,1.0393639860685922e-08,1.2531913097491037e-08,115,solver
274,8.884599786855618e-09,7.927264853584425e-09,8.405932320220022e-09,8.884599786855618e-09,115,solver
275,7.763510817060242e-09,9.891268786734364e-09,8.827389801897303e-09,9.891268786734364e-09,115,solver
276,1.4884043406237544e-08,8.009921353243555e-09,1.144698237974055e-08,1.4884043406237544e-08,115,solver
277,8.321512898844872e-09,1.6098349008865813e-08,1.2209930953855342e-08,1.6098349008865813e-08,115,solver
278,1.0941417263879649e-08,9.153881112576943e-09,1.0047649188228296e-08,1.0941417263879649e-08,115,solver
279,7.059868027020169e-09,7.843106735731698e-09,7.451487381375934e-09,7.843106735731698e-09,115,solver
280,7.411974400216097e-09,1.2434115680026776e-08,9.923045040121436e-09,1.2434115680026776e-08,115,solver
281,1.6197660888954313e-08,8.211358964589495e-09,1.2204509926771904e-08,1.6197660888954313e-08,115,solver
282,1.0509722895286254e-08,1.259249496994942e-08,1.1551108932617838e-08,1.259249496994942e-08,115,solver
283,9.809412989635567e-09,8.127935935612327e-09,8.968674462623946e-09,9.809412989635567e-09,115,solver
284,1.3381804588101105e-08,7.883547149456256e-09,1.063267586877868e-08,1.3381804588101105e-08,115,solver
285,8.87523452754785e-09,1.762607135958317e-08,1.325065294356551e-08,1.762607135958317e-08,115,solver
286,1.4025390504170873e-08,1.1593505801335494e-08,1.2809448152753183e-08,1.4025390504170873e-08,115,solver
287,9.453507188223304e-09,7.726188016034664e-09,8.589847602128985e-09,9.453507188223304e-09,115,solver
288,9.352482023428661e-09,9.24478836791155e-09,9.298635195670105e-09,9.352482023428661e-09,115,solver
289,1.7224284630867807e-08,9.859045220013212e-09,1.354166492544051e-08,1.7224284630867807e-08,115,solver
290,1.5705395312864418e-08,1.454161108067343e-08,1.5123503196768924e-08,1.5705395312864418e-08,115,solver
291,8.340883500534474e-09,1.4447303035758038e-08,1.1394093268146255e-08,1.4447303035758038e-08,115,solver
292,9.36571800158016e-09,9.614878526504145e-09,9.490298264042153e-09,9.614878526504145e-09,115,solver
293,1.124907429018942e-08,1.4136555432681021e-08,1.269281486143522e-08,1.4136555432681021e-08,115,solver
294,1.3834810625960538e-08,1.6001160906295627e-08,1.4917985766128083e-08,1.6001160906295627e-08,115,solver
295,1.4461552653215734e-08,1.1399018760162587e-08,1.293028570668916e-08,1.4461552653215734e-08,115,solver
296,1.1678733118555475e-08,8.886350116210202e-09,1.028254161738284e-08,1.1678733118555475e-08,115,solver
297,1.2720735906731464e-08,1.191225863890491e-08,1.2316497272818187e-08,1.2720735906731464e-08,115,solver
298,1.6667266312146224e-08,1.2668865520236722e-08,1.4668065916191474e-08,1.6667266312146224e-08,115,solver
299,1.0697938430454573e-08,1.5997609908825552e-08,1.3347774169640062e-08,1.5997609908825552e-08,115,solver
300,9.436853116081976e-09,1.0939142355526828e-08,1.0187997735804403e-08,1.0939142355526828e-08,115,solver
301,8.598473516850037e-09,1.1682780411907363e-08,1.01406269643787e-08,1.1682780411907363e-08,115,solver
302,8.992882032630765e-09,1.5888170536718696e-08,1.244052628467473e-08,1.5888170536718696e-08,115,solver
303,1.6837955557263102e-08,7.741349318665554e-09,1.2289652437964329e-08,1.6837955557263102e-08,115,solver
304,9.36832906391602e-09,1.2119450553175318e-08,1.0743889808545669e-08,1.2119450553175318e-08,115,solver
305,1.0363366668181528e-08,9.710959947532814e-09,1.003716330785717e-08,1.0363366668181528e-08,115,solver
306,1.3725221078041938e-08,9.150520158536294e-09,1.1437870618289117e-08,1.3725221078041938e-08,115,solver
307,9.062591480621389e-09,1.4267079672165432e-08,1.166483557639341e-08,1.4267079672165432e-08,115,solver
308,1.0942015243377257e-08,9.565257183518912e-09,1.0253636213448084e-08,1.0942015243377257e-08,115,solver
309,9.897255152673188e-09,9.478608543324373e-09,9.687931847998782e-09,9.897255152673188e-09,115,solver
310,8.086773529310772e-09,1.3430048920380373e-08,1.0758411224845572e-08,1.3430048920380373e-08,115,solver
311,1.203471193026728e-08,1.0474572947166201e-08,1.125464243871674e-08,1.203471193026728e-08,115,solver
312,9.49554488981993e-09,9.301408907981669e-09,9.3984768989008e-09,9.49554488981993e-09,115,solver
313,9.443335467819334e-09,6.699339781575656e-09,8.071337624697496e-09,9.443335467819334e-09,115,solver
314,1.1212934300099672e-08,7.2694897443866144e-09,9.241212022243143e-09,1.1212934300099672e-08,115,solver
315,8.670724080737427e-09,1.1643428417157921e-08,1.0157076248947674e-08,1.1643428417157921e-08,115,solver
316,1.0971049273779698e-08,7.523419757016703e-09,9.2472345153982e-09,1.0971049273779698e-08,115,solver
317,7.824258664574029e-09,9.67409565685645e-09,8.749177160715239e-09,9.67409565685645e-09,115,solver
318,9.553321165276261e-09,9.726063278841306e-09,9.639692222058783e-09,9.726063278841306e-09,115,solver
319,1.0052532312840646e-08,9.773283997486577e-09,9.912908155163613e-09,1.0052532312840646e-08,115,solver
320,8.940736899777417e-09,8.218539969337154e-09,8.579638434557285e-09,8.940736899777417e-09,115,solver
321,8.486603349815046e-09,6.2723270368076495e-09,7.379465193311348e-09,8.486603349815046e-09,115,solver
322,9.249862942889076e-09,7.340011704975604e-09,8.294937323932341e-09,9.249862942889076e-09,115,solver
323,9.28653827176677e-09,9.423396474869102e-09,9.354967373317936e-09,9.423396474869102e-09,115,solver
324,8.986508372442981e-09,8.851530580095005e-09,8.919019476268992e-09,8.986508372442981e-09,115,solver
325,8.03199713110238e-09,7.376498795201768e-09,7.704247963152074e-09,8.03199713110238e-09,115,solver
326,6.653400382435904e-09,7.529505296840074e-09,7.091452839637989e-09,7.529505296840074e-09,115,solver
327,6.901233716373335e-09,7.15306641451936e-09,7.027150065446347e-09,7.15306641451936e-09,115,solver
328,6.668717179418946e-09,6.749334332865531e-09,6.709025756142238e-09,6.749334332865531e-09,115,solver
329,6.8062579195232866e-09,5.867485015693699e-09,6.336871467608493e-09,6.8062579195232866e-09,115,solver
330,5.211106117420407e-09,7.3356792464256655e-09,6.273392681923037e-09,7.3356792464256655e-09,115,solver
331,6.5707454206150974e-09,6.13989299779099e-09,6.355319209203043e-09,6.5707454206150974e-09,115,solver
332,6.431838365366865e-09,5.622433859730639e-09,6.027136112548752e-09,6.431838365366865e-09,115,solver
333,5.083726998354326e-09,6.274290451376591e-09,5.679008724865458e-09,6.274290451376591e-09,115,solver
334,4.872793984981921e-09,6.3394933426277435e-09,5.606143663804832e-09,6.3394933426277435e-09,115,solver
335,6.204632220238186e-09,5.288108883982889e-09,5.746370552110537e-09,6.204632220238186e-09,115,solver
336,4.614933414964641e-09,6.873794413242932e-09,5.744363914103787e-09,6.873794413242932e-09,115,solver
337,6.608792530942777e-09,5.220727042130254e-09,5.9147597865365154e-09,6.608792530942777e-09,115,solver
338,5.21729785748451e-09,6.5172183650160246e-09,5.867258111250267e-09,6.5172183650160246e-09,115,solver
339,6.106491461322282e-09,5.5309895172860805e-09,5.8187404893041815e-09,6.106491461322282e-09,115,solver
340,6.0904564570302595e-09,5.665278069319682e-09,5.877867263174971e-09,6.0904564570302595e-09,115,solver
341,5.039708560054425e-09,4.878910212335564e-09,4.959309386194994e-09,5.039708560054425e-09,115,solver
342,5.141582646659279e-09,5.054926286242883e-09,5.098254466451081e-09,5.141582646659279e-09,115,solver
343,4.814069090536796e-09,5.400728916334859e-09,5.1073990034358275e-09,5.400728916334859e-09,115,solver
344,4.895663604429597e-09,4.973351177658635e-09,4.9345073910441165e-09,4.973351177658635e-09,115,solver
345,5.0028414933040905e-09,4.1800336960512234e-09,4.591437594677657e-09,5.0028414933040905e-09,115,solver
346,3.968979539797231e-09,4.650332532500454e-09,4.309656036148843e-09,4.650332532500454e-09,115,solver
347,4.009980718273183e-09,4.464668032094149e-09,4.237324375183666e-09,4.464668032094149e-09,115,solver
348,4.836907039084276e-09,3.891024837634121e-09,4.363965938359198e-09,4.836907039084276e-09,115,solver
349,4.2461053505092414e-09,5.054841789544627e-09,4.650473570026934e-09,5.054841789544627e-09,115,solver
350,5.2628691445422195e-09,4.620591303911704e-09,4.941730224226962e-09,5.2628691445422195e-09,115,solver
351,5.325812863921203e-09,4.8402001055254796e-09,5.083006484723341e-09,5.325812863921203e-09,115,solver
352,4.252425757163647e-09,5.593333508158273e-09,4.92287963266096e-09,5.593333508158273e-09,115,solver
353,5.228095534816011e-09,4.0390785681024135e-09,4.633587051459212e-09,5.228095534816011e-09,115,solver
354,4.2208956603619104e-09,4.754382369265654e-09,4.487639014813782e-09,4.754382369265654e-09,115,solver
355,4.4232565383351156e-09,4.847020963405012e-09,4.6351387508700635e-09,4.847020963405012e-09,115,solver
356,5.328253157487407e-09,4.428401540346692e-09,4.878327348917049e-09,5.328253157487407e-09,115,solver
357,4.672826613064406e-09,5.207281235739068e-09,4.940053924401738e-09,5.207281235739068e-09,115,solver
358,4.730030477406732e-09,4.69992885628722e-09,4.714979666846976e-09,4.730030477406732e-09,115,solver
359,4.164010531043777e-09,4.629846914376091e-09,4.396928722709934e-09,4.629846914376091e-09,115,solver
360,4.490014108614061e-09,3.977344121489974e-09,4.233679115052017e-09,4.490014108614061e-09,115,solver
361,4.5821576833799e-09,3.92259976769696e-09,4.252378725538429e-09,4.5821576833799e-09,115,solver
362,3.799911292062836e-09,4.893527141154694e-09,4.346719216608765e-09,4.893527141154694e-09,115,solver
363,4.831966515094928e-09,4.147089859120079e-09,4.4895281871075036e-09,4.831966515094928e-09,115,solver
364,4.272431045418618e-09,4.7647260221859025e-09,4.51857853380226e-09,4.7647260221859025e-09,115,solver
365,4.178393296186502e-09,4.525267817936974e-09,4.351830557061738e-09,4.525267817936974e-09,115,solver
366,4.352884694083939e-09,3.81161937651267e-09,4.082252035298304e-09,4.352884694083939e-09,115,solver
367,4.125993762621543e-09,4.060085697565273e-09,4.093039730093408e-09,4.125993762621543e-09,115,solver
368,4.2995244967677416e-09,4.8201755563952965e-09,4.5598500265815194e-09,4.8201755563952965e-09,115,solver
369,5.635514963402407e-09,4.706153740181633e-09,5.17083435179202e-09,5.635514963402407e-09,115,solver
370,5.317907675853899e-09,5.736174792167161e-09,5.5270412340105305e-09,5.736174792167161e-09,115,solver
371,5.616946012749179e-09,5.232586564736951e-09,5.424766288743065e-09,5.616946012749179e-09,115,solver
372,4.635156967814366e-09,5.400953448177394e-09,5.01805520799588e-09,5.400953448177394e-09,115,solver
373,4.908257341248504e-09,4.354113652367034e-09,4.631185496807769e-09,4.908257341248504e-09,115,solver
374,4.278768317922937e-09,4.604066813568144e-09,4.441417565745541e-09,4.604066813568144e-09,115,solver
375,4.4607735636351865e-09,4.3952675327447766e-09,4.4280205481899815e-09,4.4607735636351865e-09,115,solver
376,4.694348333108073e-09,4.268312633472014e-09,4.481330483290043e-09,4.694348333108073e-09,115,solver
377,4.189947338334479e-09,4.879317327575802e-09,4.53463233295514e-09,4.879317327575802e-09,115,solver
378,5.003457628030094e-09,4.077513698951676e-09,4.540485663490885e-09,5.003457628030094e-09,115,solver
379,3.800521601338435e-09,5.132848080935001e-09,4.4666848411367176e-09,5.132848080935001e-09,115,solver
380,4.887894313580164e-09,3.969411532780803e-09,4.428652923180484e-09,4.887894313580164e-09,115,solver
381,4.397601132348209e-09,4.5117711489636725e-09,4.45468614065594e-09,4.5117711489636725e-09,115,solver
382,4.278418940070167e-09,4.785681187031508e-09,4.532050063550837e-09,4.785681187031508e-09,115,solver
383,4.86289210727333e-09,4.412606251755531e-09,4.637749179514431e-09,4.86289210727333e-09,115,solver
384,4.990075264792155e-09,4.4698696263820425e-09,4.729972445587099e-09,4.990075264792155e-09,115,solver
385,5.0145351263919415e-09,4.72571324867259e-09,4.8701241875322654e-09,5.0145351263919415e-09,115,solver
386,4.135273361958414e-09,5.882497523467631e-09,5.008885442713023e-09,5.882497523467631e-09,115,solver
387,5.518898991972965e-09,5.030762001905512e-09,5.274830496939238e-09,5.518898991972965e-09,115,solver
388,5.849476407502421e-09,4.639762359385688e-09,5.244619383444055e-09,5.849476407502421e-09,115,solver
389,4.335458711246493e-09,5.525575962362456e-09,4.9305173368044745e-09,5.525575962362456e-09,115,solver
390,4.5355974262779026e-09,4.306358621462996e-09,4.420978023870449e-09,4.5355974262779026e-09,115,solver
391,3.894742085116228e-09,4.0147038913648074e-09,3.954722988240518e-09,4.0147038913648074e-09,115,solver
392,3.995245368574652e-09,3.766920029315044e-09,3.8810826989448484e-09,3.995245368574652e-09,115,solver
393,4.177202024090268e-09,4.0926823524666835e-09,4.134942188278475e-09,4.177202024090268e-09,115,solver
394,4.310706046393309e-09,4.442848870374505e-09,4.376777458383907e-09,4.442848870374505e-09,115,solver
395,4.305829901759523e-09,4.6075116916809425e-09,4.456670796720233e-09,4.6075116916809425e-09,115,solver
396,4.717905753639564e-09,4.277532601196436e-09,4.4977191774180005e-09,4.717905753639564e-09,115,solver
397,4.415193965146208e-09,4.893426545578832e-09,4.6543102553625196e-09,4.893426545578832e-09,115,solver
398,5.212059129188408e-09,4.465931908495962e-09,4.838995518842185e-09,5.212059129188408e-09,115,solver
399,4.441121698990169e-09,5.250303435863312e-09,4.84571256742674e-09,5.250303435863312e-09,115,solver
400,4.708587221411761e-09,4.49514645344716e-09,4.6018668374294605e-09,4.708587221411761e-09,115,solver
401,4.159164110236475e-09,4.320083658913026e-09,4.23962388457475e-09,4.320083658913026e-09,115,solver
402,4.485315526850179e-09,3.546963489534203e-09,4.016139508192191e-09,4.485315526850179e-09,115,solver
403,3.970514558821146e-09,4.156083401721172e-09,4.063298980271159e-09,4.156083401721172e-09,115,solver
404,3.6308820645697687e-09,4.529378426763465e-09,4.080130245666617e-09,4.529378426763465e-09,115,solver
405,4.101888175808018e-09,4.008767680593534e-09,4.055327928200776e-09,4.101888175808018e-09,115,solver
406,4.536131883855959e-09,3.5286459085969528e-09,4.032388896226456e-09,4.536131883855959e-09,115,solver
407,3.846706563128628e-09,4.741315427061595e-09,4.2940109950951114e-09,4.741315427061595e-09,115,solver
408,5.156303272171016e-09,4.2658414993181425e-09,4.711072385744579e-09,5.156303272171016e-09,115,solver
409,4.62382259256209e-09,5.411072805198045e-09,5.017447698880067e-09,5.411072805198045e-09,115,solver
410,5.1465147295193535e-09,4.922834427891996e-09,5.034674578705675e-09,5.1465147295193535e-09,115,solver
411,4.617044077759946e-09,4.911895564120996e-09,4.764469820940471e-09,4.911895564120996e-09,115,solver
412,4.656189086177406e-09,4.187052544043839e-09,4.4216208151106225e-09,4.656189086177406e-09,115,solver
413,4.068889308541581e-09,4.442959184364872e-09,4.2559242464532266e-09,4.442959184364872e-09,115,solver
414,4.737810019471817e-09,3.895162298734874e-09,4.316486159103346e-09,4.737810019471817e-09,115,solver
415,4.131846223510531e-09,4.8723200394501525e-09,4.502083131480341e-09,4.8723200394501525e-09,115,solver
416,4.828757994465648e-09,4.423180439453794e-09,4.625969216959722e-09,4.828757994465648e-09,115,solver
417,4.1140370823357995e-09,5.084353211088985e-09,4.599195146712393e-09,5.084353211088985e-09,115,solver
418,5.331265030317183e-09,3.6368308011396e-09,4.484047915728391e-09,5.331265030317183e-09,115,solver
419,4.01952525367409e-09,4.998281845478939e-09,4.508903549576515e-09,4.998281845478939e-09,115,solver
420,4.560910340572802e-09,4.573454908392184e-09,4.567182624482493e-09,4.573454908392184e-09,115,solver
421,4.445089663454152e-09,4.757767625212586e-09,4.601428644333369e-09,4.757767625212586e-09,115,solver
422,4.7541213918562925e-09,4.34738491271107e-09,4.550753152283681e-09,4.7541213918562925e-09,115,solver
423,4.552510772166254e-09,4.155310755680587e-09,4.353910763923421e-09,4.552510772166254e-09,115,solver
424,3.8382200129661306e-09,4.252228693690057e-09,4.045224353328094e-09,4.252228693690057e-09,115,solver
425,4.055708618699646e-09,3.548463612503731e-09,3.8020861156016885e-09,4.055708618699646e-09,115,solver
426,3.4262639673458763e-09,4.231903717517195e-09,3.829083842431536e-09,4.231903717517195e-09,115,solver
427,4.438042892041138e-09,3.8614559710792904e-09,4.149749431560215e-09,4.438042892041138e-09,115,solver
428,3.996493137431608e-09,4.983469967403869e-09,4.489981552417739e-09,4.983469967403869e-09,115,solver
429,5.266565182490471e-09,4.173966890821288e-09,4.720266036655879e-09,5.266565182490471e-09,115,solver
430,4.596575124187466e-09,5.068594821512395e-09,4.83258497284993e-09,5.068594821512395e-09,115,solver
431,4.6268285744099425e-09,4.9553741663440025e-09,4.791101370376972e-09,4.9553741663440025e-09,115,solver
432,4.794471440927e-09,4.3688442327602814e-09,4.581657836843641e-09,4.794471440927e-09,115,solver
433,4.158825555116412e-09,4.240113411470815e-09,4.1994694832936135e-09,4.240113411470815e-09,115,solver
434,4.061097457383248e-09,3.4650966497050672e-09,3.763097053544158e-09,4.061097457383248e-09,115,solver
435,3.3541098538203155e-09,3.832924726137007e-09,3.593517289978661e-09,3.832924726137007e-09,115,solver
436,3.988302354365888e-09,3.5912902571366335e-09,3.78979630575126e-09,3.988302354365888e-09,115,solver
437,3.773990015746136e-09,4.448214164147623e-09,4.111102089946879e-09,4.448214164147623e-09,115,solver
438,4.45217773288254e-09,4.232718170175398e-09,4.342447951528969e-09,4.45217773288254e-09,115,solver
439,4.5754526010800075e-09,4.231755637904601e-09,4.403604119492305e-09,4.5754526010800075e-09,115,solver
440,3.7135729852142075e-09,5.015291529804957e-09,4.364432257509582e-09,5.015291529804957e-09,115,solver
441,5.2834684003634405e-09,3.4373952661629204e-09,4.36043183326318e-09,5.2834684003634405e-09,115,solver
442,3.7829276110729465e-09,5.171646065252487e-09,4.477286838162717e-09,5.171646065252487e-09,115,solver
443,5.065892847331991e-09,3.933598405496305e-09,4.499745626414148e-09,5.065892847331991e-09,115,solver
444,3.953266100524457e-09,4.810464200257413e-09,4.3818651503909355e-09,4.810464200257413e-09,115,solver
445,4.454566359838233e-09,3.99738330874816e-09,4.225974834293197e-09,4.454566359838233e-09,115,solver
446,4.048909674121741e-09,4.485210921720576e-09,4.267060297921158e-09,4.485210921720576e-09,115,solver
447,4.561851380367604e-09,4.669198519682313e-09,4.615524950024958e-09,4.669198519682313e-09,115,solver
448,5.301737363348966e-09,4.691861678089748e-09,4.996799520719357e-09,5.301737363348966e-09,115,solver
449,5.369592992866368e-09,4.914560067620604e-09,5.142076530243486e-09,5.369592992866368e-09,115,solver
450,4.442160932406799e-09,5.513730891865274e-09,4.977945912136037e-09,5.513730891865274e-09,115,solver
451,5.113779982221267e-09,4.481399017654749e-09,4.797589499938008e-09,5.113779982221267e-09,115,solver
452,4.650521007116462e-09,4.822214941158976e-09,4.736367974137719e-09,4.822214941158976e-09,115,solver
453,4.378639165099317e-09,5.004331913951922e-09,4.691485539525619e-09,5.004331913951922e-09,115,solver
454,5.011447063554347e-09,4.02309450006592e-09,4.517270781810133e-09,5.011447063554347e-09,115,solver
455,4.033260460868113e-09,4.650996588652665e-09,4.342128524760389e-09,4.650996588652665e-09,115,solver
456,4.466653519853153e-09,4.246127549719186e-09,4.356390534786169e-09,4.466653519853153e-09,115,solver
457,4.482537570906921e-09,4.535336106957596e-09,4.508936838932259e-09,4.535336106957596e-09,115,solver
458,4.203232730799433e-09,4.768490729096629e-09,4.485861729948031e-09,4.768490729096629e-09,115,solver
459,4.6085281169152325e-09,3.748224602479405e-09,4.178376359697319e-09,4.6085281169152325e-09,115,solver
460,3.843963384833499e-09,4.0002693418905695e-09,3.922116363362034e-09,4.0002693418905695e-09,115,solver
461,3.992641881926253e-09,4.05220032397754e-09,4.022421102951896e-09,4.05220032397754e-09,115,solver
462,4.01226647245326e-09,4.624690018170967e-09,4.318478245312113e-09,4.624690018170967e-09,115,solver
463,4.550584022580212e-09,4.285572054782989e-09,4.4180780386816e-09,4.550584022580212e-09,115,solver
464,4.502088393604116e-09,3.930698774794354e-09,4.216393584199235e-09,4.502088393604116e-09,115,solver
465,3.891533989700911e-09,4.295391444755132e-09,4.0934627172280216e-09,4.295391444755132e-09,115,solver
466,4.118939711067686e-09,4.515462143177124e-09,4.317200927122405e-09,4.515462143177124e-09,115,solver
467,4.9819681312857584e-09,4.311117323877779e-09,4.6465427275817684e-09,4.9819681312857584e-09,115,solver
468,4.436270823012321e-09,5.037094716673298e-09,4.736682769842809e-09,5.037094716673298e-09,115,solver
469,4.937900277704346e-09,4.170000497213828e-09,4.553950387459087e-09,4.937900277704346e-09,115,solver
470,4.0510638248099696e-09,4.805882614454832e-09,4.428473219632401e-09,4.805882614454832e-09,115,solver
471,4.690933412400912e-09,4.495445213170664e-09,4.593189312785788e-09,4.690933412400912e-09,115,solver
472,4.963709447753264e-09,4.704347302434518e-09,4.834028375093891e-09,4.963709447753264e-09,115,solver
473,4.843372799642734e-09,4.925320216449882e-09,4.884346508046307e-09,4.925320216449882e-09,115,solver
474,4.913612277593803e-09,4.506270790869244e-09,4.709941534231523e-09,4.913612277593803e-09,115,solver
475,4.092755074324314e-09,4.939729872760279e-09,4.5162424735422965e-09,4.939729872760279e-09,115,solver
476,4.65200394340758e-09,4.368770949657059e-09,4.51038744653232e-09,4.65200394340758e-09,115,solver
477,4.603459105328001e-09,4.518455845077483e-09,4.5609574752027415e-09,4.603459105328001e-09,115,solver
478,4.315537751616039e-09,4.719748264315122e-09,4.51764300796558e-09,4.719748264315122e-09,115,solver
479,4.702575871724384e-09,4.0437107523299305e-09,4.373143312027157e-09,4.702575871724384e-09,115,solver
480,3.854727001654527e-09,4.667699348598728e-09,4.261213175126627e-09,4.667699348598728e-09,115,solver
481,5.0047565659390525e-09,3.464527257144037e-09,4.234641911541545e-09,5.0047565659390525e-09,115,solver
482,3.6519574326985363e-09,5.046839155314428e-09,4.349398294006482e-09,5.046839155314428e-09,115,solver
483,4.466170789319325e-09,4.440267146231474e-09,4.4532189677754e-09,4.466170789319325e-09,115,solver
484,4.679867372255208e-09,4.047277025847038e-09,4.3635721990511224e-09,4.679867372255208e-09,115,solver
485,4.2456029866497686e-09,4.208554483620155e-09,4.227078735134962e-09,4.2456029866497686e-09,115,solver
486,3.7111446937380574e-09,4.574369541403278e-09,4.142757117570668e-09,4.574369541403278e-09,115,solver
487,4.930012169400244e-09,3.481756494717426e-09,4.205884332058835e-09,4.930012169400244e-09,115,solver
488,3.6588914237184263e-09,5.035029935552039e-09,4.3469606796352326e-09,5.035029935552039e-09,115,solver
489,4.458878485651523e-09,4.285423650203425e-09,4.372151067927474e-09,4.458878485651523e-09,115,solver
490,4.228585045825303e-09,4.133235249162416e-09,4.180910147493859e-09,4.228585045825303e-09,115,solver
491,4.282497314311221e-09,3.829876065266029e-09,4.056186689788625e-09,4.282497314311221e-09,115,solver
492,3.913586462440874e-09,4.514577507529815e-09,4.2140819849853445e-09,4.514577507529815e-09,115,solver
493,4.83959432731517e-09,4.24884580382422e-09,4.5442200655696954e-09,4.83959432731517e-09,115,solver
494,4.404300170990238e-09,5.178086005097454e-09,4.7911930880438454e-09,5.178086005097454e-09,115,solver
495,5.778202881176178e-09,3.848814937504441e-09,4.81350890934031e-09,5.778202881176178e-09,115,solver
496,3.541832147043878e-09,6.0013063411411474e-09,4.771569244092513e-09,6.0013063411411474e-09,115,solver
497,5.240775124695283e-09,4.489629799562995e-09,4.865202462129139e-09,5.240775124695283e-09,115,solver
498,5.075148255220036e-09,4.304042625867948e-09,4.689595440543992e-09,5.075148255220036e-09,115,solver
499,4.2726492661464236e-09,4.602650617390781e-09,4.437649941768602e-09,4.602650617390781e-09,115,solver
500,3.6188404051509314e-09,4.868098029894249e-09,4.243469217522591e-09,4.868098029894249e-09,115,solver
501,4.999975395316668e-09,3.629689144590885e-09,4.314832269953776e-09,4.999975395316668e-09,115,solver
502,4.361252371287413e-09,4.629418589344321e-09,4.495335480315867e-09,4.629418589344321e-09,115,solver
503,4.914563024540385e-09,3.943753964251381e-09,4.429158494395883e-09,4.914563024540385e-09,115,solver
504,3.652896758526261e-09,4.861498450433811e-09,4.2571976044800365e-09,4.861498450433811e-09,115,solver
505,4.507693756489911e-09,4.061993749082776e-09,4.284843752786344e-09,4.507693756489911e-09,115,solver
506,4.091899953720899e-09,4.879340367679882e-09,4.48562016070039e-09,4.879340367679882e-09,115,solver
507,5.257703853994096e-09,4.059896461544898e-09,4.658800157769497e-09,5.257703853994096e-09,115,solver
508,3.945616157998075e-09,5.2884771783226136e-09,4.617046668160344e-09,5.2884771783226136e-09,115,solver
509,4.933671937237225e-09,3.938346348510171e-09,4.436009142873698e-09,4.933671937237225e-09,115,solver
510,4.098986742152267e-09,4.5117981430974205e-09,4.305392442624844e-09,4.5117981430974205e-09,115,solver
511,5.045044795547718e-09,3.406874865149033e-09,4.225959830348375e-09,5.045044795547718e-09,115,solver
512,0.07234492683256968,4.3330742930503514e-09,0.036172465582821986,0.07234492683256968,115,solver
1,0.5070414902881226,0.25155762303515034,0.3792995566616365,0.5070414902881226,115,error
2,0.312167453416592,0.3218505710680026,0.3170090122422973,0.3218505710680026,115,error
3,0.23939100280960607,0.21305031364415136,0.2262206582268787,0.23939100280960607,115,error
4,0.13363870470277603,0.190696555832463,0.16216763026761952,0.190696555832463,115,error
5,0.1123413663907718,0.155268261896437,0.1338048141436044,0.155268261896437,115,error
6,0.12197953821390091,0.13344414327184329,0.1277118407428721,0.13344414327184329,115,error
7,0.12584567749358347,0.08932749722377134,0.1075865873586774,0.12584567749358347,115,error
8,0.10496661528939454,0.08923928016695488,0.09710294772817471,0.10496661528939454,115,error
9,0.10844926443279364,0.07926055706900788,0.09385491075090076,0.10844926443279364,115,error
10,0.0954152909156099,0.08298377145907515,0.08919953118734253,0.0954152909156099,115,error
11,0.06878550915469388,0.13781454284465353,0.1033000259996737,0.13781454284465353,115,error
12,0.10762830437132997,0.10493893306352214,0.10628361871742606,0.10762830437132997,115,error
13,0.12191169428385608,0.11633879415843783,0.11912524422114695,0.12191169428385608,115,error
14,0.14378826943725523,0.14790441885992958,0.1458463441485924,0.14790441885992958,115,error
15,0.16982025603297057,0.14553081193024228,0.15767553398160644,0.16982025603297057,115,error
16,0.1445743788979613,0.1646186537886585,0.1545965163433099,0.1646186537886585,115,error
17,0.13697107275200948,0.13143442747410644,0.13420275011305796,0.13697107275200948,115,error
18,0.11967983556166943,0.11633278307686973,0.11800630931926959,0.11967983556166943,115,error
19,0.10035784687228284,0.10996942452387448,0.10516363569807866,0.10996942452387448,115,error
20,0.09096111370264082,0.08194564665039297,0.0864533801765169,0.09096111370264082,115,error
21,0.07126237454399258,0.0772505385917084,0.07425645656785049,0.0772505385917084,115,error
22,0.0665913806269819,0.06812955708354851,0.0673604688552652,0.06812955708354851,115,error
23,0.06751698480558559,0.057270402503250224,0.06239369365441791,0.06751698480558559,115,error
24,0.05135836563861334,0.061436687028529814,0.056397526333571577,0.061436687028529814,115,error
25,0.05396652063213016,0.0473019519049046,0.050634236268517374,0.05396652063213016,115,error
26,0.042930544248421916,0.04756266338044699,0.045246603814434454,0.04756266338044699,115,error
27,0.03986903899799889,0.03824909033854354,0.039059064668271214,0.03986903899799889,115,error
28,0.03344508117290208,0.03252170698902623,0.03298339408096416,0.03344508117290208,115,error
29,0.028125389754042794,0.02973892912518617,0.028932159439614483,0.02973892912518617,115,error
30,0.02891702784403321,0.026277364653063295,0.027597196248548252,0.02891702784403321,115,error
31,0.024633760995947537,0.02667082662010612,0.02565229380802683,0.02667082662010612,115,error
32,0.021977446547963703,0.02216680693333959,0.02207212674065165,0.02216680693333959,115,error
33,0.0184823973237065,0.017978430884049896,0.018230414103878198,0.0184823973237065,115,error
34,0.01625130624560485,0.01640761224678907,0.01632945924619696,0.01640761224678907,115,error
35,0.01641263861043894,0.015971344618641616,0.016191991614540276,0.01641263861043894,115,error
36,0.01564723321459283,0.015454580234123612,0.01555090672435822,0.01564723321459283,115,error
37,0.014441827568150798,0.014793306703223893,0.014617567135687345,0.014793306703223893,115,error
38,0.014018610366213014,0.014428084446762615,0.014223347406487815,0.014428084446762615,115,error
39,0.014651936577789864,0.01437736506100054,0.014514650819395201,0.014651936577789864,115,error
40,0.014464135094427984,0.014375125873403855,0.01441963048391592,0.014464135094427984,115,error
41,0.013614328485003952,0.013805889048904531,0.013710108766954242,0.013805889048904531,115,error
42,0.013176081112132454,0.012846637683510919,0.013011359397821685,0.013176081112132454,115,error
43,0.012858374367986062,0.012905006596266881,0.012881690482126472,0.012905006596266881,115,error
44,0.012849379691358931,0.013093096748082468,0.0129712382197207,0.013093096748082468,115,error
45,0.012808843513978627,0.012820304672846729,0.012814574093412679,0.012820304672846729,115,error
46,0.012626432708739371,0.012487503857018816,0.012556968282879093,0.012626432708739371,115,error
47,0.01246319003721307,0.012522543756134222,0.012492866896673647,0.012522543756134222,115,error
48,0.012659849820798649,0.012635255352879213,0.012647552586838931,0.012659849820798649,115,error
49,0.012730682763604118,0.012767795976223363,0.012749239369913741,0.012767795976223363,115,error
50,0.012699976416406224,0.012712372740149292,0.012706174578277758,0.012712372740149292,115,error
51,0.012669911112066029,0.012634535856448515,0.012652223484257272,0.012669911112066029,115,error
52,0.012680003474600767,0.012661397667184663,0.012670700570892715,0.012680003474600767,115,error
53,0.012697903283134911,0.012716025379064593,0.012706964331099753,0.012716025379064593,115,error
54,0.012702095841245015,0.012677958607234264,0.01269002722423964,0.012702095841245015,115,error
55,0.012648142441215461,0.012629253028460912,0.012638697734838188,0.012648142441215461,115,error
56,0.012606344283350621,0.012629441376443687,0.012617892829897153,0.012629441376443687,115,error
57,0.01262812021372308,0.012630246504114736,0.012629183358918907,0.012630246504114736,115,error
58,0.012642107803810644,0.012633772323820387,0.012637940063815516,0.012642107803810644,115,error
59,0.012637737661795554,0.01263221280417253,0.012634975232984041,0.012637737661795554,115,error
60,0.012624212458381766,0.012632974737126691,0.012628593597754229,0.012632974737126691,115,error
61,0.012631573139657452,0.012636668377089546,0.012634120758373498,0.012636668377089546,115,error
62,0.012643389358516928,0.012643367956476205,0.012643378657496566,0.012643389358516928,115,error
63,0.012645471555591271,0.0126430297190394,0.012644250637315335,0.012645471555591271,115,error
64,0.012642054982196898,0.012641895838044436,0.012641975410120666,0.012642054982196898,115,error
65,0.012638731428309305,0.012640376155822823,0.012639553792066063,0.012640376155822823,115,error
66,0.01263967212510857,0.012638510106559664,0.012639091115834118,0.01263967212510857,115,error
67,0.012641783136499458,0.012638319793158185,0.01264005146482882,0.012641783136499458,115,error
68,0.012638108863169906,0.01263857577107954,0.012638342317124723,0.01263857577107954,115,error
69,0.012637112145426455,0.012637925608798053,0.012637518877112255,0.012637925608798053,115,error
70,0.012639591307343457,0.012637025408414495,0.012638308357878976,0.012639591307343457,115,error
71,0.012638392652603248,0.012638412105284406,0.012638402378943828,0.012638412105284406,115,error
72,0.012638870834921146,0.012639944110498968,0.012639407472710057,0.012639944110498968,115,error
73,0.012638930763660669,0.012640047945760288,0.012639489354710478,0.012640047945760288,115,error
74,0.01263876479365301,0.012639617082041968,0.012639190937847489,0.012639617082041968,115,error
75,0.012640163916719209,0.012639712388654592,0.012639938152686901,0.012640163916719209,115,error
76,0.012639336430438667,0.012639838794974404,0.012639587612706536,0.012639838794974404,115,error
77,0.012639234027660947,0.01263991157883896,0.012639572803249954,0.01263991157883896,115,error
78,0.01264021901076628,0.012639247457075927,0.012639733233921103,0.01264021901076628,115,error
79,0.012639601074318798,0.012638890163980008,0.012639245619149402,0.012639601074318798,115,error
80,0.0126400561683231,0.012639072300915892,0.012639564234619496,0.0126400561683231,115,error
81,0.012640110422995251,0.012638888337697647,0.012639499380346449,0.012640110422995251,115,error
82,0.012639841126043353,0.012638813716296498,0.012639327421169926,0.012639841126043353,115,error
83,0.012640430137872746,0.012638839123030059,0.012639634630451403,0.012640430137872746,115,error
84,0.012639944328055805,0.01263893757022452,0.012639440949140162,0.012639944328055805,115,error
85,0.012639781819926692,0.012639134036659332,0.012639457928293012,0.012639781819926692,115,error
86,0.012640098493279635,0.012639037944148149,0.012639568218713891,0.012640098493279635,115,error
87,0.012639616104249143,0.012639012915131953,0.012639314509690549,0.012639616104249143,115,error
88,0.012639757528251208,0.012639124841890314,0.012639441185070762,0.012639757528251208,115,error
89,0.0126396695874792,0.01263905292398815,0.012639361255733676,0.0126396695874792,115,error
90,0.012639384785137757,0.012639027135662898,0.012639205960400328,0.012639384785137757,115,error
91,0.012639666629607874,0.012638981645431398,0.012639324137519635,0.012639666629607874,115,error
92,0.01263943281752722,0.012638916565015661,0.01263917469127144,0.01263943281752722,115,error
93,0.012639386173785568,0.012638972428863566,0.012639179301324566,0.012639386173785568,115,error
94,0.012639550281648088,0.01263890087134847,0.01263922557649828,0.012639550281648088,115,error
95,0.012639327618390853,0.012638892753508744,0.0126391101859498,0.012639327618390853,115,error
96,0.012639423161107118,0.012638973251223625,0.01263919820616537,0.012639423161107118,115,error
97,0.012639411560731796,0.012638967921751126,0.012639189741241461,0.012639411560731796,115,error
98,0.012639271740658755,0.01263902048914195,0.012639146114900354,0.012639271740658755,115,error
99,0.01263943239960444,0.012639053419332613,0.012639242909468527,0.01263943239960444,115,error
100,0.012639327365446268,0.01263905717941753,0.012639192272431899,0.012639327365446268,115,error
101,0.012639324614016529,0.012639126732017864,0.012639225673017196,0.012639324614016529,115,error
102,0.012639439598723129,0.012639121759123186,0.012639280678923157,0.012639439598723129,115,error
103,0.012639366643573331,0.012639117408774927,0.012639242026174129,0.012639366643573331,115,error
104,0.012639465554646592,0.012639135651393211,0.0126393006030199,0.012639465554646592,115,error
105,0.012639491574279413,0.012639113468347724,0.012639302521313569,0.012639491574279413,115,error
106,0.012639472446619655,0.012639123979151406,0.01263929821288553,0.012639472446619655,115,error
107,0.01263959418502148,0.012639114678462666,0.012639354431742073,0.01263959418502148,115,error
108,0.012639561227274288,0.012639089937472496,0.012639325582373392,0.012639561227274288,115,error
109,0.012639575081791728,0.012639098230498077,0.012639336656144903,0.012639575081791728,115,error
110,0.012639631802326998,0.012639074715131232,0.012639353258729115,0.012639631802326998,115,error
111,0.012639596013987503,0.012639060840169162,0.012639328427078333,0.012639596013987503,115,error
112,0.012639626058846744,0.012639074268071522,0.012639350163459132,0.012639626058846744,115,error
113,0.01263961525609482,0.012639054301415906,0.012639334778755364,0.01263961525609482,115,error
114,0.012639569507066378,0.012639063213720499,0.012639316360393438,0.012639569507066378,115,error
115,0.012639603871605853,0.012639051413532557,0.012639327642569205,0.012639603871605853,115,error
116,0.012639567171821478,0.012639035565065454,0.012639301368443465,0.012639567171821478,115,error
117,0.012639545899925062,0.012639055139212312,0.012639300519568686,0.012639545899925062,115,error
118,0.012639559709030064,0.012639036036905445,0.012639297872967754,0.012639559709030064,115,error
119,0.012639518781736114,0.012639031692508131,0.012639275237122122,0.012639518781736114,115,error
120,0.012639529328742889,0.01263903182433283,0.012639280576537858,0.012639529328742889,115,error
121,0.01263950928194249,0.012639025277740497,0.012639267279841493,0.01263950928194249,115,error
122,0.012639484542901471,0.012639038636595433,0.012639261589748452,0.012639484542901471,115,error
123,0.01263950850762394,0.01263902777029588,0.01263926813895991,0.01263950850762394,115,error
124,0.012639479159501928,0.012639035535095763,0.012639257347298845,0.012639479159501928,115,error
125,0.012639478624599262,0.012639042036203762,0.012639260330401511,0.012639478624599262,115,error
126,0.012639481868228506,0.012639045750440319,0.012639263809334413,0.012639481868228506,115,error
127,0.01263946502649939,0.012639053060859107,0.012639259043679248,0.01263946502649939,115,error
128,0.012639482021211608,0.012639053159852132,0.012639267590531869,0.012639482021211608,115,error
129,0.012639471995522521,0.012639062104924055,0.012639267050223288,0.012639471995522521,115,error
130,0.012639474535088457,0.012639065883340099,0.012639270209214279,0.012639474535088457,115,error
131,0.012639488895074784,0.012639070014276966,0.012639279454675875,0.012639488895074784,115,error
132,0.012639483651295306,0.012639072479242433,0.01263927806526887,0.012639483651295306,115,error
133,0.012639498097035377,0.012639070985596896,0.012639284541316137,0.012639498097035377,115,error
134,0.012639502482209847,0.012639073637078483,0.012639288059644165,0.012639502482209847,115,error
135,0.012639504332700276,0.01263907031199902,0.012639287322349648,0.012639504332700276,115,error
136,0.012639515486168098,0.012639071205312718,0.012639293345740408,0.012639515486168098,115,error
137,0.01263951455259577,0.012639069318339833,0.0126392919354678,0.01263951455259577,115,error
138,0.01263951984380006,0.012639062490919591,0.012639291167359824,0.01263951984380006,115,error
139,0.012639525581935354,0.012639063021644277,0.012639294301789816,0.012639525581935354,115,error
140,0.012639523201525664,0.012639060708059063,0.012639291954792364,0.012639523201525664,115,error
141,0.012639527499515128,0.01263905629448762,0.012639291897001373,0.012639527499515128,115,error
142,0.012639523424449604,0.012639056353390443,0.012639289888920022,0.012639523424449604,115,error
143,0.012639519150126021,0.012639052890939967,0.012639286020532995,0.012639519150126021,115,error
144,0.012639516126444005,0.012639056726812613,0.012639286426628309,0.012639516126444005,115,error
145,0.012639513707305965,0.012639052177188317,0.012639282942247141,0.012639513707305965,115,error
146,0.012639518475506893,0.012639044736079092,0.012639281605792993,0.012639518475506893,115,error
147,0.012639511183089076,0.012639051408379839,0.012639281295734456,0.012639511183089076,115,error
148,0.012639503028040781,0.012639052393381449,0.012639277710711116,0.012639503028040781,115,error
149,0.012639505206304988,0.012639045846781364,0.012639275526543176,0.012639505206304988,115,error
150,0.01263949806675567,0.012639050112431395,0.012639274089593533,0.01263949806675567,115,error
151,0.012639497580926218,0.012639048242706567,0.012639272911816393,0.012639497580926218,115,error
152,0.012639496048471196,0.012639050435945728,0.012639273242208461,0.012639496048471196,115,error
153,0.012639496120751203,0.012639049816773126,0.012639272968762164,0.012639496120751203,115,error
154,0.012639500233227375,0.012639045028341211,0.012639272630784293,0.012639500233227375,115,error
155,0.01263949128128344,0.012639056827439299,0.012639274054361369,0.01263949128128344,115,error
156,0.012639492247469861,0.01263905492203196,0.01263927358475091,0.012639492247469861,115,error
157,0.01263949464734479,0.012639055743042504,0.012639275195193648,0.01263949464734479,115,error
158,0.012639496061154406,0.012639055639099074,0.01263927585012674,0.012639496061154406,115,error
159,0.012639494558849416,0.01263905767121087,0.012639276115030143,0.012639494558849416,115,error
160,0.012639492131817682,0.012639061572537953,0.012639276852177818,0.012639492131817682,115,error
161,0.01263949475975642,0.012639058284325905,0.012639276522041162,0.01263949475975642,115,error
162,0.012639498969846723,0.012639057402415431,0.012639278186131076,0.012639498969846723,115,error
163,0.012639498131253942,0.012639060497163653,0.012639279314208798,0.012639498131253942,115,error
164,0.012639497180656883,0.012639061366173128,0.012639279273415006,0.012639497180656883,115,error
165,0.012639500551531613,0.012639058310708395,0.012639279431120004,0.012639500551531613,115,error
166,0.012639502222809776,0.012639057816138504,0.01263928001947414,0.012639502222809776,115,error
167,0.01263949941002949,0.012639059338608895,0.012639279374319193,0.01263949941002949,115,error
168,0.012639504357842002,0.012639053184503113,0.012639278771172557,0.012639504357842002,115,error
169,0.012639497832077155,0.012639058957057603,0.012639278394567379,0.012639497832077155,115,error
170,0.012639502239874272,0.012639054826916421,0.012639278533395346,0.012639502239874272,115,error
171,0.012639502107246294,0.012639054426325996,0.012639278266786146,0.012639502107246294,115,error
172,0.012639499107823582,0.012639055896497676,0.01263927750216063,0.012639499107823582,115,error
173,0.012639504537850864,0.012639048528395983,0.012639276533123424,0.012639504537850864,115,error
174,0.012639494575137728,0.01263905781991107,0.0126392761975244,0.012639494575137728,115,error
175,0.012639500487705398,0.012639052453335626,0.012639276470520513,0.012639500487705398,115,error
176,0.012639500833317512,0.012639048787357462,0.012639274810337487,0.012639500833317512,115,error
177,0.012639495367865131,0.012639053918090483,0.012639274642977807,0.012639495367865131,115,error
178,0.012639493167600054,0.012639055579600982,0.012639274373600518,0.012639493167600054,115,error
179,0.012639491412543724,0.012639057862299389,0.012639274637421555,0.012639491412543724,115,error
180,0.012639499707461895,0.012639050007729974,0.012639274857595934,0.012639499707461895,115,error
181,0.012639493207091046,0.012639054997485879,0.012639274102288461,0.012639493207091046,115,error
182,0.012639489082195287,0.012639059077390158,0.012639274079792723,0.012639489082195287,115,error
183,0.012639490828778615,0.01263905784702318,0.012639274337900897,0.012639490828778615,115,error
184,0.012639494912600989,0.012639052714471086,0.012639273813536037,0.012639494912600989,115,error
185,0.012639495109843087,0.012639053950121354,0.01263927452998222,0.012639495109843087,115,error
186,0.012639491064006348,0.012639058575487732,0.01263927481974704,0.012639491064006348,115,error
187,0.012639492567754464,0.012639056382697763,0.012639274475226114,0.012639492567754464,115,error
188,0.012639497020189466,0.012639051926048663,0.012639274473119064,0.012639497020189466,115,error
189,0.012639498101391335,0.012639050601218749,0.012639274351305043,0.012639498101391335,115,error
190,0.012639490375791198,0.012639058280319027,0.012639274328055113,0.012639490375791198,115,error
191,0.012639493237390715,0.012639056720847358,0.012639274979119037,0.012639493237390715,115,error
192,0.012639499640346136,0.012639050930516297,0.012639275285431215,0.012639499640346136,115,error
193,0.012639496654261171,0.01263905349468009,0.01263927507447063,0.012639496654261171,115,error
194,0.012639496518734325,0.012639053885179613,0.012639275201956969,0.012639496518734325,115,error
195,0.012639487847838745,0.012639061870415096,0.012639274859126921,0.012639487847838745,115,error
196,0.012639499090224915,0.012639049934204205,0.01263927451221456,0.012639499090224915,115,error
197,0.0126394975678952,0.012639051602526163,0.012639274585210681,0.0126394975678952,115,error
198,0.012639488862319664,0.012639059052988613,0.01263927395765414,0.012639488862319664,115,error
199,0.012639494298942516,0.012639053508910593,0.012639273903926555,0.012639494298942516,115,error
200,0.012639492945565574,0.012639055119820941,0.012639274032693257,0.012639492945565574,115,error
201,0.012639497415652033,0.012639051074585466,0.01263927424511875,0.012639497415652033,115,error
202,0.012639492767396806,0.012639055704770441,0.012639274236083624,0.012639492767396806,115,error
203,0.01263948890105965,0.012639057914851525,0.012639273407955587,0.01263948890105965,115,error
204,0.012639498484317177,0.012639047974734724,0.01263927322952595,0.012639498484317177,115,error
205,0.012639495654686316,0.012639050318565243,0.01263927298662578,0.012639495654686316,115,error
206,0.012639491275941099,0.012639055941733647,0.012639273608837372,0.012639491275941099,115,error
207,0.012639492358259298,0.012639052942625179,0.012639272650442238,0.012639492358259298,115,error
208,0.012639492411742784,0.0126390532185888,0.012639272815165793,0.012639492411742784,115,error
209,0.01263949491675167,0.012639052472881416,0.012639273694816544,0.01263949491675167,115,error
210,0.012639491125246904,0.012639056141893304,0.012639273633570104,0.012639491125246904,115,error
211,0.012639488253878381,0.01263905743213264,0.012639272843005511,0.012639488253878381,115,error
212,0.012639493827588059,0.012639051048439098,0.012639272438013579,0.012639493827588059,115,error
213,0.012639492578823484,0.012639054087347763,0.012639273333085625,0.012639492578823484,115,error
214,0.012639490709471603,0.012639053972689416,0.01263927234108051,0.012639490709471603,115,error
215,0.01263948984807632,0.01263905500430591,0.012639272426191114,0.01263948984807632,115,error
216,0.012639493635978877,0.012639051793469075,0.012639272714723976,0.012639493635978877,115,error
217,0.012639496181197142,0.01263904935412219,0.012639272767659665,0.012639496181197142,115,error
218,0.012639489593542818,0.012639056791060182,0.0126392731923015,0.012639489593542818,115,error
219,0.012639490591354628,0.012639055231109347,0.012639272911231987,0.012639490591354628,115,error
220,0.012639492100023407,0.012639052339192824,0.012639272219608116,0.012639492100023407,115,error
221,0.012639495175204666,0.012639049192155749,0.012639272183680206,0.012639495175204666,115,error
222,0.012639490111518938,0.012639054745857178,0.012639272428688057,0.012639490111518938,115,error
223,0.012639487202014105,0.012639058856728629,0.012639273029371366,0.012639487202014105,115,error
224,0.012639492185105676,0.012639053273361954,0.012639272729233816,0.012639492185105676,115,error
225,0.012639493668294692,0.012639051991338928,0.012639272829816809,0.012639493668294692,115,error
226,0.012639491731212694,0.012639054031256891,0.012639272881234793,0.012639491731212694,115,error
227,0.01263948411916883,0.012639059988515661,0.012639272053842247,0.01263948411916883,115,error
228,0.012639490780125127,0.012639053880841428,0.012639272330483278,0.012639490780125127,115,error
229,0.012639492850895214,0.012639050728724328,0.01263927178980977,0.012639492850895214,115,error
230,0.012639489061600414,0.012639054262646828,0.01263927166212362,0.012639489061600414,115,error
231,0.012639485286444091,0.01263905943321641,0.01263927235983025,0.012639485286444091,115,error
232,0.012639487171405535,0.012639057143621214,0.012639272157513374,0.012639487171405535,115,error
233,0.012639498780525857,0.01263904579101881,0.012639272285772333,0.012639498780525857,115,error
234,0.012639491551202298,0.012639052767175621,0.01263927215918896,0.012639491551202298,115,error
235,0.012639483999546305,0.012639060383739362,0.012639272191642834,0.012639483999546305,115,error
236,0.01263949036672169,0.012639053090240349,0.012639271728481019,0.01263949036672169,115,error
237,0.012639491908196472,0.012639050752328853,0.012639271330262662,0.012639491908196472,115,error
238,0.01263949050659664,0.012639052673542086,0.012639271590069362,0.01263949050659664,115,error
239,0.012639484920086893,0.012639057940094851,0.012639271430090873,0.012639484920086893,115,error
240,0.012639485760729876,0.01263905881882636,0.012639272289778118,0.012639485760729876,115,error
241,0.012639496390426887,0.012639047835892182,0.012639272113159534,0.012639496390426887,115,error
242,0.01263949067994172,0.012639052119047693,0.012639271399494707,0.01263949067994172,115,error
243,0.012639484914884388,0.012639057140716708,0.012639271027800547,0.012639484914884388,115,error
244,0.01263948613908393,0.01263905545746679,0.01263927079827536,0.01263948613908393,115,error
245,0.012639492181670145,0.012639051332683343,0.012639271757176744,0.012639492181670145,115,error
246,0.012639494132030462,0.012639049571305735,0.012639271851668098,0.012639494132030462,115,error
247,0.012639487081207572,0.012639056537349754,0.012639271809278662,0.012639487081207572,115,error
248,0.01263948690163593,0.012639056211499106,0.012639271556567518,0.01263948690163593,115,error
249,0.012639491939396334,0.012639050124075197,0.012639271031735766,0.012639491939396334,115,error
250,0.012639492742023084,0.012639049575087807,0.012639271158555445,0.012639492742023084,115,error
251,0.012639487836250725,0.012639055432773725,0.012639271634512225,0.012639487836250725,115,error
252,0.012639485389933038,0.012639056632685048,0.012639271011309043,0.012639485389933038,115,error
253,0.012639489392668565,0.012639053408018387,0.012639271400343476,0.012639489392668565,115,error
254,0.01263948985899592,0.01263905215783514,0.01263927100841553,0.01263948985899592,115,error
255,0.012639485749213104,0.01263905559672348,0.012639270672968292,0.012639485749213104,115,error
256,0.012639482648194143,0.012639059819589677,0.01263927123389191,0.012639482648194143,115,error
257,0.012639486065093719,0.012639055633178159,0.01263927084913594,0.012639486065093719,115,error
258,0.012639490415630596,0.012639053055198367,0.012639271735414482,0.012639490415630596,115,error
259,0.012639489502335809,0.012639053103673515,0.012639271303004662,0.012639489502335809,115,error
260,0.012639484828427304,0.012639057348372314,0.012639271088399809,0.012639484828427304,115,error
261,0.012639486667030358,0.012639055553715292,0.012639271110372826,0.012639486667030358,115,error
262,0.012639492057093958,0.012639050027153972,0.012639271042123965,0.012639492057093958,115,error
263,0.01263949142460158,0.012639052140562828,0.012639271782582204,0.01263949142460158,115,error
264,0.012639486702565829,0.012639055669427683,0.012639271185996757,0.012639486702565829,115,error
265,0.01263948543804743,0.012639055547936375,0.012639270492991902,0.01263948543804743,115,error
266,0.012639491616379474,0.012639048153860855,0.012639269885120165,0.012639491616379474,115,error
267,0.012639489137204637,0.012639051401299447,0.012639270269252042,0.012639489137204637,115,error
268,0.012639485543539376,0.012639056854519813,0.012639271199029595,0.012639485543539376,115,error
269,0.01263948444618594,0.01263905785096627,0.012639271148576105,0.01263948444618594,115,error
270,0.012639489666671474,0.012639052539601845,0.01263927110313666,0.012639489666671474,115,error
271,0.012639493542029256,0.012639048253652467,0.012639270897840862,0.012639493542029256,115,error
272,0.012639484486031196,0.012639057028847722,0.01263927075743946,0.012639484486031196,115,error
273,0.012639482450813725,0.012639059269069173,0.012639270859941449,0.012639482450813725,115,error
274,0.01263948809938028,0.012639052413991252,0.012639270256685767,0.01263948809938028,115,error
275,0.01263949103129208,0.012639051291223962,0.012639271161258021,0.01263949103129208,115,error
276,0.012639486942617557,0.012639054753504894,0.012639270848061226,0.012639486942617557,115,error
277,0.012639480295572877,0.012639059878790226,0.012639270087181551,0.012639480295572877,115,error
278,0.012639488165157545,0.012639052747286491,0.012639270456222018,0.012639488165157545,115,error
279,0.012639495479011668,0.012639046325692162,0.012639270902351915,0.012639495479011668,115,error
280,0.012639484504856857,0.012639057872237482,0.01263927118854717,0.012639484504856857,115,error
281,0.012639481444167341,0.012639058834011571,0.012639270139089456,0.012639481444167341,115,error
282,0.01263948539041675,0.01263905409448957,0.01263926974245316,0.01263948539041675,115,error
283,0.012639488763182126,0.012639051885284145,0.012639270324233134,0.012639488763182126,115,error
284,0.012639487136933194,0.01263905425462704,0.012639270695780117,0.012639487136933194,115,error
285,0.01263948018189048,0.01263906085835142,0.01263927052012095,0.01263948018189048,115,error
286,0.012639487270434081,0.012639053407385097,0.012639270338909589,0.012639487270434081,115,error
287,0.012639488691826961,0.012639052706249015,0.012639270699037988,0.012639488691826961,115,error
288,0.012639487978529563,0.012639053501613071,0.012639270740071318,0.012639487978529563,115,error
289,0.012639481681582614,0.012639058048687334,0.012639269865134974,0.012639481681582614,115,error
290,0.012639485713874344,0.012639054455641221,0.012639270084757782,0.012639485713874344,115,error
291,0.012639491513187032,0.012639050042642852,0.012639270777914942,0.012639491513187032,115,error
292,0.012639487575164471,0.012639052390412634,0.012639269982788554,0.012639487575164471,115,error
293,0.012639485135934526,0.012639054953433124,0.012639270044683825,0.012639485135934526,115,error
294,0.012639484538569796,0.012639056127230765,0.012639270332900281,0.012639484538569796,115,error
295,0.012639490684652041,0.012639049978323194,0.012639270331487618,0.012639490684652041,115,error
296,0.012639488191542899,0.012639051502726656,0.012639269847134777,0.012639488191542899,115,error
297,0.012639484287943191,0.012639054616087551,0.012639269452015371,0.012639484287943191,115,error
298,0.012639485712479026,0.012639054199828517,0.012639269956153772,0.012639485712479026,115,error
299,0.01263948686496184,0.012639053157019844,0.012639270010990841,0.01263948686496184,115,error
300,0.012639488052430368,0.012639053200779553,0.01263927062660496,0.012639488052430368,115,error
301,0.01263948387764273,0.0126390582020773,0.012639271039860015,0.01263948387764273,115,error
302,0.012639484279490866,0.01263905583925955,0.012639270059375207,0.012639484279490866,115,error
303,0.01263948669403838,0.012639051871921055,0.012639269282979718,0.01263948669403838,115,error
304,0.012639485889401548,0.012639053056907662,0.012639269473154604,0.012639485889401548,115,error
305,0.012639485693674435,0.012639054865098575,0.012639270279386505,0.012639485693674435,115,error
306,0.012639485051850067,0.012639055316095809,0.012639270183972939,0.012639485051850067,115,error
307,0.012639488794306661,0.012639050054916268,0.012639269424611466,0.012639488794306661,115,error
308,0.012639490323674885,0.01263904914716698,0.012639269735420932,0.012639490323674885,115,error
309,0.01263948137016741,0.01263905882685977,0.01263927009851359,0.01263948137016741,115,error
310,0.012639484736019023,0.012639055750325827,0.012639270243172424,0.012639484736019023,115,error
311,0.012639487707596118,0.012639052419601629,0.012639270063598874,0.012639487707596118,115,error
312,0.012639485224242398,0.012639054011464836,0.012639269617853617,0.012639485224242398,115,error
313,0.012639484753290296,0.012639053912942426,0.01263926933311636,0.012639484753290296,115,error
314,0.012639479075765637,0.012639059439079083,0.01263926925742236,0.012639479075765637,115,error
315,0.012639488689405167,0.012639050804735655,0.01263926974707041,0.012639488689405167,115,error
316,0.01263948947266338,0.012639050218482778,0.012639269845573078,0.01263948947266338,115,error
317,0.012639478928686283,0.012639062091531364,0.012639270510108824,0.012639478928686283,115,error
318,0.012639486668236801,0.012639053162722597,0.012639269915479699,0.012639486668236801,115,error
319,0.01263948563185541,0.012639054321201972,0.012639269976528691,0.01263948563185541,115,error
320,0.012639490326675454,0.012639049466107182,0.012639269896391317,0.012639490326675454,115,error
321,0.012639484012708273,0.012639054945598877,0.012639269479153576,0.012639484012708273,115,error
322,0.01263948041218131,0.01263905784257718,0.012639269127379244,0.01263948041218131,115,error
323,0.012639487372892388,0.012639050420714015,0.012639268896803202,0.012639487372892388,115,error
324,0.012639488286151163,0.012639052253466915,0.012639270269809039,0.012639488286151163,115,error
325,0.01263948431096226,0.012639056973804222,0.012639270642383241,0.01263948431096226,115,error
326,0.012639481712426966,0.012639058244688686,0.012639269978557827,0.012639481712426966,115,error
327,0.012639485199623943,0.012639053112618742,0.012639269156121343,0.012639485199623943,115,error
328,0.01263948475877077,0.012639054168745802,0.012639269463758287,0.01263948475877077,115,error
329,0.01263948179516682,0.012639058289317178,0.012639270042242,0.01263948179516682,115,error
330,0.01263947980060504,0.012639060527874304,0.012639270164239672,0.01263947980060504,115,error
331,0.012639483260118616,0.012639057046280473,0.012639270153199544,0.012639483260118616,115,error
332,0.012639487437692143,0.012639050182439188,0.012639268810065666,0.012639487437692143,115,error
333,0.012639478284715386,0.012639058223972469,0.012639268254343927,0.012639478284715386,115,error
334,0.012639481474713976,0.01263905721738879,0.012639269346051384,0.012639481474713976,115,error
335,0.01263948311518706,0.01263905639187532,0.01263926975353119,0.01263948311518706,115,error
336,0.012639488845494231,0.01263905104827576,0.012639269946884996,0.012639488845494231,115,error
337,0.012639487713791371,0.012639053290047653,0.012639270501919512,0.012639487713791371,115,error
338,0.012639478624632562,0.012639060766210294,0.012639269695421427,0.012639478624632562,115,error
339,0.012639489185235235,0.012639049142709472,0.012639269163972355,0.012639489185235235,115,error
340,0.012639482657514975,0.012639055873841015,0.012639269265677995,0.012639482657514975,115,error
341,0.012639483818048853,0.012639055687215267,0.012639269752632059,0.012639483818048853,115,error
342,0.01263948467032623,0.012639054302508093,0.012639269486417162,0.01263948467032623,115,error
343,0.012639480627052597,0.012639057616674687,0.012639269121863642,0.012639480627052597,115,error
344,0.01263948633705076,0.012639052144276889,0.012639269240663824,0.01263948633705076,115,error
345,0.01263948064339627,0.012639056796640114,0.012639268720018193,0.01263948064339627,115,error
346,0.012639483402602935,0.012639055995273134,0.012639269698938034,0.012639483402602935,115,error
347,0.012639483414317094,0.01263905620218497,0.012639269808251032,0.012639483414317094,115,error
348,0.012639482101882128,0.012639058276394275,0.012639270189138203,0.012639482101882128,115,error
349,0.012639481278335885,0.012639057465960347,0.012639269372148116,0.012639481278335885,115,error
350,0.012639484462401856,0.012639053879543916,0.012639269170972887,0.012639484462401856,115,error
351,0.012639482458950671,0.012639055955984226,0.012639269207467448,0.012639482458950671,115,error
352,0.012639479549247346,0.012639057674799918,0.012639268612023632,0.012639479549247346,115,error
353,0.012639483254662746,0.012639054367081225,0.012639268810871986,0.012639483254662746,115,error
354,0.012639483693139731,0.012639054827650684,0.012639269260395207,0.012639483693139731,115,error
355,0.012639484024204228,0.012639054452527224,0.012639269238365726,0.012639484024204228,115,error
356,0.012639482411059466,0.01263905674227028,0.012639269576664874,0.012639482411059466,115,error
357,0.012639481163766593,0.012639058305345037,0.012639269734555815,0.012639481163766593,115,error
358,0.01263949143538933,0.0126390480582135,0.012639269746801414,0.01263949143538933,115,error
359,0.012639484633713357,0.012639055183326147,0.012639269908519752,0.012639484633713357,115,error
360,0.012639482576700164,0.012639055944300401,0.012639269260500283,0.012639482576700164,115,error
361,0.012639482633206455,0.012639053914935177,0.012639268274070817,0.012639482633206455,115,error
362,0.012639479942474965,0.01263905662732457,0.012639268284899767,0.012639479942474965,115,error
363,0.012639485420971552,0.012639053615366552,0.012639269518169051,0.012639485420971552,115,error
364,0.012639479381893741,0.012639059670484265,0.012639269526189004,0.012639479381893741,115,error
365,0.012639482331035453,0.012639056249289701,0.012639269290162576,0.012639482331035453,115,error
366,0.012639487703840895,0.012639051798764043,0.01263926975130247,0.012639487703840895,115,error
367,0.012639479432384037,0.012639057412788141,0.01263926842258609,0.012639479432384037,115,error
368,0.012639478448783673,0.012639060337658993,0.012639269393221332,0.012639478448783673,115,error
369,0.012639482866248728,0.012639056446835146,0.012639269656541937,0.012639482866248728,115,error
370,0.012639482181390344,0.012639055497592299,0.012639268839491322,0.012639482181390344,115,error
371,0.012639485581974764,0.012639054254131176,0.01263926991805297,0.012639485581974764,115,error
372,0.012639482140234564,0.0126390556298298,0.012639268885032182,0.012639482140234564,115,error
373,0.012639481770413637,0.012639055797936883,0.01263926878417526,0.012639481770413637,115,error
374,0.01263948419529366,0.012639054541544993,0.012639269368419326,0.01263948419529366,115,error
375,0.012639479135711494,0.012639058641311714,0.012639268888511603,0.012639479135711494,115,error
376,0.012639479898390009,0.012639057672423949,0.012639268785406978,0.012639479898390009,115,error
377,0.01263948107390754,0.012639057187079802,0.012639269130493671,0.01263948107390754,115,error
378,0.012639477599334429,0.012639060429543495,0.012639269014438962,0.012639477599334429,115,error
379,0.012639482215467445,0.01263905527339173,0.012639268744429588,0.012639482215467445,115,error
380,0.012639477326188588,0.01263906181943937,0.012639269572813978,0.012639477326188588,115,error
381,0.012639479261009605,0.012639059170084323,0.012639269215546964,0.012639479261009605,115,error
382,0.012639479532722788,0.01263905772709641,0.012639268629909599,0.012639479532722788,115,error
383,0.01263947636316678,0.01263906162674419,0.012639268994955485,0.01263947636316678,115,error
384,0.012639486020815962,0.012639051894429099,0.01263926895762253,0.012639486020815962,115,error
385,0.012639480308537426,0.012639057235175695,0.01263926877185656,0.012639480308537426,115,error
386,0.012639481843152922,0.012639054925876933,0.012639268384514927,0.012639481843152922,115,error
387,0.01263948502910153,0.012639053632357242,0.012639269330729386,0.01263948502910153,115,error
388,0.012639482916716287,0.012639055883414841,0.012639269400065564,0.012639482916716287,115,error
389,0.012639490365789922,0.01263904690833619,0.012639268637063057,0.012639490365789922,115,error
390,0.012639476945038154,0.012639060481432887,0.012639268713235521,0.012639476945038154,115,error
391,0.012639478593817272,0.01263905898623306,0.012639268790025165,0.012639478593817272,115,error
392,0.012639482628877015,0.012639056785122964,0.01263926970699999,0.012639482628877015,115,error
393,0.012639476215323608,0.012639062295898168,0.012639269255610888,0.012639476215323608,115,error
394,0.012639475320310858,0.012639062807622403,0.01263926906396663,0.012639475320310858,115,error
395,0.01263946689084625,0.01263907121893044,0.012639269054888345,0.01263946689084625,115,error
396,0.012639480338580204,0.012639056515621841,0.012639268427101023,0.012639480338580204,115,error
397,0.012639477507338084,0.012639060260461113,0.012639268883899598,0.012639477507338084,115,error
398,0.012639475460547556,0.012639062461385991,0.012639268960966774,0.012639475460547556,115,error
399,0.012639482659195131,0.012639055093577788,0.012639268876386459,0.012639482659195131,115,error
400,0.01263948581011531,0.012639053596238166,0.012639269703176737,0.01263948581011531,115,error
401,0.01263949749195255,0.012639041558526552,0.012639269525239551,0.01263949749195255,115,error
402,0.012639485479646684,0.012639051553257081,0.012639268516451883,0.012639485479646684,115,error
403,0.01263948749103042,0.012639050714838458,0.01263926910293444,0.01263948749103042,115,error
404,0.012639489538050486,0.012639048395611321,0.012639268966830904,0.012639489538050486,115,error
405,0.012639485619577446,0.012639050525475147,0.012639268072526296,0.012639485619577446,115,error
406,0.012639471790476661,0.01263906603006714,0.012639268910271902,0.012639471790476661,115,error
407,0.012639458754436091,0.012639077637039664,0.012639268195737878,0.012639458754436091,115,error
408,0.012639458452396465,0.01263907851003215,0.012639268481214307,0.012639458452396465,115,error
409,0.012639458247770565,0.012639081081033376,0.01263926966440197,0.012639458247770565,115,error
410,0.012639450529570856,0.012639088302800257,0.012639269416185556,0.012639450529570856,115,error
411,0.012639452849822676,0.01263908564459743,0.012639269247210053,0.012639452849822676,115,error
412,0.01263947214079913,0.012639065838861348,0.012639268989830239,0.01263947214079913,115,error
413,0.012639490103816986,0.012639045998873442,0.012639268051345215,0.012639490103816986,115,error
414,0.012639501985386412,0.012639034963496207,0.01263926847444131,0.012639501985386412,115,error
415,0.012639509881756866,0.01263902838310397,0.012639269132430419,0.012639509881756866,115,error
416,0.012639527881995832,0.012639010194613784,0.012639269038304809,0.012639527881995832,115,error
417,0.012639545923449671,0.012638992442853594,0.012639269183151633,0.012639545923449671,115,error
418,0.012639518050525095,0.012639019796790734,0.012639268923657914,0.012639518050525095,115,error
419,0.012639477333694936,0.012639058773019903,0.01263926805335742,0.012639477333694936,115,error
420,0.012639464000323768,0.012639073554516168,0.012639268777419967,0.012639464000323768,115,error
421,0.012639439758554017,0.012639099152509147,0.012639269455531583,0.012639439758554017,115,error
422,0.012639396489647285,0.012639142394179343,0.012639269441913313,0.012639396489647285,115,error
423,0.012639335493999954,0.012639201974604365,0.01263926873430216,0.012639335493999954,115,error
424,0.0126393557753906,0.012639179955341051,0.012639267865365827,0.0126393557753906,115,error
425,0.01263942877640184,0.012639108300909531,0.012639268538655685,0.01263942877640184,115,error
426,0.012639438196746138,0.012639099636829161,0.01263926891678765,0.012639438196746138,115,error
427,0.012639444912411344,0.012639092775307613,0.012639268843859477,0.012639444912411344,115,error
428,0.012639555458621898,0.012638982779038122,0.01263926911883001,0.012639555458621898,115,error
429,0.012639714219160632,0.012638822765760508,0.012639268492460571,0.012639714219160632,115,error
430,0.012639717681166951,0.012638820409359822,0.012639269045263387,0.012639717681166951,115,error
431,0.012639580733958487,0.012638956736750391,0.01263926873535444,0.012639580733958487,115,error
432,0.012639593117895972,0.01263894432842543,0.0126392687231607,0.012639593117895972,115,error
433,0.012639702805980927,0.012638834803271397,0.012639268804626163,0.012639702805980927,115,error
434,0.012639503086070135,0.012639033340531028,0.01263926821330058,0.012639503086070135,115,error
435,0.01263909858781928,0.012639438853781547,0.012639268720800415,0.012639438853781547,115,error
436,0.012639046694910644,0.012639491107286885,0.012639268901098764,0.012639491107286885,115,error
437,0.012639351725261014,0.012639186642317998,0.012639269183789506,0.012639351725261014,115,error
438,0.01263925148407435,0.012639285316918955,0.012639268400496652,0.012639285316918955,115,error
439,0.012638781637643136,0.012639755172076054,0.012639268404859596,0.012639755172076054,115,error
440,0.012639026986450544,0.01263951059114878,0.012639268788799663,0.01263951059114878,115,error
441,0.012640006071465232,0.01263853210996028,0.012639269090712755,0.012640006071465232,115,error
442,0.012640165711338388,0.012638372639919668,0.012639269175629027,0.012640165711338388,115,error
443,0.012639328038275143,0.012639208493785513,0.012639268266030328,0.012639328038275143,115,error
444,0.01263956658151967,0.012638970027735128,0.012639268304627398,0.01263956658151967,115,error
445,0.012641077785543428,0.012637458927929278,0.012639268356736353,0.012641077785543428,115,error
446,0.01264091999401356,0.012637618401140017,0.012639269197576788,0.01264091999401356,115,error
447,0.012638614996294125,0.012639923521098705,0.012639269258696415,0.012639923521098705,115,error
448,0.012638206841701765,0.012640329469037781,0.012639268155369773,0.012640329469037781,115,error
449,0.012640562905481031,0.012637974154427932,0.012639268529954482,0.012640562905481031,115,error
450,0.012640221817715538,0.012638316361327959,0.01263926908952175,0.012640221817715538,115,error
451,0.012636033534991016,0.012642503805617789,0.012639268670304403,0.012642503805617789,115,error
452,0.012635584482239925,0.012642951523841886,0.012639268003040906,0.012642951523841886,115,error
453,0.012640977839018139,0.01263755744641905,0.012639267642718595,0.012640977839018139,115,error
454,0.012642010419032962,0.01263652616920784,0.0126392682941204,0.012642010419032962,115,error
455,0.012635588169298434,0.01264294811654588,0.012639268142922157,0.01264294811654588,115,error
456,0.012635527755765508,0.012643008895046664,0.012639268325406086,0.012643008895046664,115,error
457,0.012646192049351086,0.012632342245177728,0.012639267147264408,0.012646192049351086,115,error
458,0.012648733137859814,0.012629797158358257,0.012639265148109036,0.012648733137859814,115,error
459,0.012636257712370341,0.012642278957457696,0.012639268334914019,0.012642278957457696,115,error
460,0.012633601550294806,0.012644933112021528,0.012639267331158166,0.012644933112021528,115,error
461,0.012650273338112864,0.012628254801196259,0.01263926406965456,0.012650273338112864,115,error
462,0.012652788312290738,0.012625735258368003,0.01263926178532937,0.012652788312290738,115,error
463,0.012627615370960217,0.012650910257838738,0.012639262814399477,0.012650910257838738,115,error
464,0.012619436686369785,0.012659068333556577,0.012639252509963181,0.012659068333556577,115,error
465,0.01264786319551527,0.012630668507425271,0.01263926585147027,0.01264786319551527,115,error
466,0.012654624271562684,0.012623895486895843,0.012639259879229262,0.012654624271562684,115,error
467,0.012613708931899373,0.012664775992981159,0.012639242462440265,0.012664775992981159,115,error
468,0.012602787786451889,0.012675643522615259,0.012639215654533574,0.012675643522615259,115,error
469,0.012658358805409692,0.012620150936753942,0.012639254871081817,0.012658358805409692,115,error
470,0.012678996520119227,0.012599416119839904,0.012639206319979565,0.012678996520119227,115,error
471,0.012615219843135723,0.012663270872573087,0.012639245357854406,0.012663270872573087,115,error
472,0.012597164097731692,0.01268123284862001,0.01263919847317585,0.01268123284862001,115,error
473,0.012689925709518303,0.012588406696675037,0.01263916620309667,0.012689925709518303,115,error
474,0.012723267149094821,0.012554709040768022,0.01263898809493142,0.012723267149094821,115,error
475,0.01260870248550654,0.012669761924356045,0.012639232204931293,0.012669761924356045,115,error
476,0.012561274728447465,0.012716784481817385,0.012639029605132425,0.012716784481817385,115,error
477,0.01269851754610282,0.012579740622527008,0.012639129084314915,0.01269851754610282,115,error
478,0.01274618701183,0.012531437396193503,0.012638812204011751,0.01274618701183,115,error
479,0.012555399245720956,0.012722585760303523,0.01263899250301224,0.012722585760303523,115,error
480,0.012471823902250198,0.012804523786035454,0.012638173844142826,0.012804523786035454,115,error
481,0.01269429530354191,0.01258400113225059,0.012639148217896249,0.01269429530354191,115,error
482,0.012794140395316235,0.012482475863491813,0.012638308129404023,0.012794140395316235,115,error
483,0.012523760694920666,0.01275372984309428,0.012638745269007472,0.01275372984309428,115,error
484,0.012400448037982617,0.012873660124790244,0.01263705408138643,0.012873660124790244,115,error
485,0.012760656109977613,0.012516705244398336,0.012638680677187975,0.012760656109977613,115,error
486,0.012948805830673657,0.012321958260905897,0.012635382045789777,0.012948805830673657,115,error
487,0.012540011789687163,0.012737751080828082,0.012638881435257623,0.012737751080828082,115,error
488,0.012320688152475967,0.012950012629460715,0.012635350390968341,0.012950012629460715,115,error
489,0.012829304553315523,0.012446331361233775,0.01263781795727465,0.012829304553315523,115,error
490,0.01308892434161986,0.01217301454209046,0.012630969441855159,0.01308892434161986,115,error
491,0.012491900168820225,0.012784938357324055,0.01263841926307214,0.012784938357324055,115,error
492,0.012077881436330028,0.013176760369435023,0.012627320902882527,0.013176760369435023,115,error
493,0.012750725410135387,0.012526820546501049,0.012638772978318218,0.012750725410135387,115,error
494,0.013246543814929634,0.012001303912135339,0.012623923863532487,0.013246543814929634,115,error
495,0.01237194891733049,0.01290105069486338,0.012636499806096935,0.01290105069486338,115,error
496,0.011715776382112708,0.013499732848823687,0.012607754615468198,0.013499732848823687,115,error
497,0.01288643358221307,0.01238717274272591,0.012636803162469491,0.01288643358221307,115,error
498,0.013459433695850039,0.011762052036365767,0.012610742866107902,0.013459433695850039,115,error
499,0.012347544126226552,0.012924409655804922,0.012635976891015737,0.012924409655804922,115,error
500,0.01180400090958186,0.013422660022395633,0.012613330465988747,0.013422660022395633,115,error
501,0.012855046189823874,0.012419741638609443,0.012637393914216657,0.012855046189823874,115,error
502,0.013737069539092619,0.011436568954106654,0.012586819246599636,0.013737069539092619,115,error
503,0.012830731297015494,0.012444860258799347,0.01263779577790742,0.012830731297015494,115,error
504,0.011194054956317673,0.013935398740533952,0.012564726848425812,0.013935398740533952,115,error
505,0.013070387478577758,0.012192915980846358,0.012631651729712059,0.013070387478577758,115,error
506,0.014140681759177078,0.010933589986250113,0.012537135872713595,0.014140681759177078,115,error
507,0.01256993034939247,0.012708229286034448,0.012639079817713459,0.012708229286034448,115,error
508,0.012085332593515335,0.01316992581465063,0.012627629204082983,0.01316992581465063,115,error
509,0.011786228559179521,0.013438267281278206,0.012612247920228864,0.013438267281278206,115,error
510,0.013607429052787019,0.011590516216177571,0.012598972634482295,0.013607429052787019,115,error
511,0.012795502361037365,0.012481079484379381,0.012638290922708373,0.012795502361037365,115,error
512,0.017092984922518102,0.012639269022508495,0.0148661269725133,0.017092984922518102,115,error
