c0901a-s25.ufhpc
Sun Aug 31 07:34:20 PM EDT 2025
/blue/shiboli.fsu/yifeisun.umich/adversarial_robustness_FNO
[INFO] Found 2899 .pt files in 3 specified dirs:
    1. /blue/shiboli.fsu/yifeisun.umich/adversarial_robustness_FNO/2D_NS_FNO2d_recurrent/datasets/expanded_exponax_datasets/t20/N=1150/dim2d_nx256_N1150_solver=exponax_nu0.000_t20.0_train_all_frames_modespec=wwwwwwwwww_norm2_alpha10_epsilon13.1072_steps10.pt
    2. /blue/shiboli.fsu/yifeisun.umich/adversarial_robustness_FNO/2D_NS_FNO2d_recurrent/datasets/expanded_exponax_datasets/t20/N=1150/dim2d_nx256_N1150_solver=exponax_nu0.000_t20.0_train_all_frames_modespec=wwwwwwwwww_norm2_alpha10_epsilon39.3216_steps10.pt
    3. /blue/shiboli.fsu/yifeisun.umich/adversarial_robustness_FNO/2D_NS_FNO2d_recurrent/datasets/expanded_exponax_datasets/t20/N=1150/dim2d_nx256_N1150_solver=exponax_nu0.000_t20.0_train_all_frames_modespec=wwwwwwwwww_norm2_alpha10_epsilon78.6432_steps10.pt
    4. /blue/shiboli.fsu/yifeisun.umich/adversarial_robustness_FNO/2D_NS_FNO2d_recurrent/datasets/expanded_exponax_datasets/t20/N=1150/dim2d_nx256_N1150_solver=exponax_nu0.000_t20.0_train_all_frames_modespec=wwwwwwwwww_norm2_alpha1_epsilon13.1072_steps10.pt
    5. /blue/shiboli.fsu/yifeisun.umich/adversarial_robustness_FNO/2D_NS_FNO2d_recurrent/datasets/expanded_exponax_datasets/t20/N=1150/dim2d_nx256_N1150_solver=exponax_nu0.000_t20.0_train_all_frames_modespec=wwwwwwwwww_norm2_alpha1_epsilon39.3216_steps10.pt
    6. /blue/shiboli.fsu/yifeisun.umich/adversarial_robustness_FNO/2D_NS_FNO2d_recurrent/datasets/expanded_exponax_datasets/t20/N=1150/dim2d_nx256_N1150_solver=exponax_nu0.000_t20.0_train_all_frames_modespec=wwwwwwwwww_norm2_alpha1_epsilon78.6432_steps10.pt
    7. /blue/shiboli.fsu/yifeisun.umich/adversarial_robustness_FNO/2D_NS_FNO2d_recurrent/datasets/expanded_exponax_datasets/t20/N=1150/dim2d_nx256_N1150_solver=exponax_nu0.000_t20.0_train_all_frames_modespec=wwwwwwwwww_norm2_alpha2.5_epsilon13.1072_steps10.pt
    8. /blue/shiboli.fsu/yifeisun.umich/adversarial_robustness_FNO/2D_NS_FNO2d_recurrent/datasets/expanded_exponax_datasets/t20/N=1150/dim2d_nx256_N1150_solver=exponax_nu0.000_t20.0_train_all_frames_modespec=wwwwwwwwww_norm2_alpha2.5_epsilon39.3216_steps10.pt
    9. /blue/shiboli.fsu/yifeisun.umich/adversarial_robustness_FNO/2D_NS_FNO2d_recurrent/datasets/expanded_exponax_datasets/t20/N=1150/dim2d_nx256_N1150_solver=exponax_nu0.000_t20.0_train_all_frames_modespec=wwwwwwwwww_norm2_alpha2.5_epsilon78.6432_steps10.pt
   10. /blue/shiboli.fsu/yifeisun.umich/adversarial_robustness_FNO/2D_NS_FNO2d_recurrent/datasets/expanded_exponax_datasets/t20/N=1150/dim2d_nx256_N1150_solver=exponax_nu0.000_t20.0_train_all_frames_modespec=wwwwwwwwww_norm2_alpha50_epsilon13.1072_steps10.pt
   11. /blue/shiboli.fsu/yifeisun.umich/adversarial_robustness_FNO/2D_NS_FNO2d_recurrent/datasets/expanded_exponax_datasets/t20/N=1150/dim2d_nx256_N1150_solver=exponax_nu0.000_t20.0_train_all_frames_modespec=wwwwwwwwww_norm2_alpha50_epsilon39.3216_steps10.pt
   12. /blue/shiboli.fsu/yifeisun.umich/adversarial_robustness_FNO/2D_NS_FNO2d_recurrent/datasets/expanded_exponax_datasets/t20/N=1150/dim2d_nx256_N1150_solver=exponax_nu0.000_t20.0_train_all_frames_modespec=wwwwwwwwww_norm2_alpha50_epsilon78.6432_steps10.pt
   13. /blue/shiboli.fsu/yifeisun.umich/adversarial_robustness_FNO/2D_NS_FNO2d_recurrent/datasets/expanded_exponax_datasets/t20/N=1150/dim2d_nx256_N1150_solver=exponax_nu0.000_t20.0_train_all_frames_modespec=wwwwwwwwww_norm2_alpha5_epsilon13.1072_steps10.pt
   14. /blue/shiboli.fsu/yifeisun.umich/adversarial_robustness_FNO/2D_NS_FNO2d_recurrent/datasets/expanded_exponax_datasets/t20/N=1150/dim2d_nx256_N1150_solver=exponax_nu0.000_t20.0_train_all_frames_modespec=wwwwwwwwww_norm2_alpha5_epsilon39.3216_steps10.pt
   15. /blue/shiboli.fsu/yifeisun.umich/adversarial_robustness_FNO/2D_NS_FNO2d_recurrent/datasets/expanded_exponax_datasets/t20/N=1150/dim2d_nx256_N1150_solver=exponax_nu0.000_t20.0_train_all_frames_modespec=wwwwwwwwww_norm2_alpha5_epsilon78.6432_steps10.pt
   16. /blue/shiboli.fsu/yifeisun.umich/adversarial_robustness_FNO/2D_NS_FNO2d_recurrent/datasets/exponax_datasets/t20/generalizability/dim2d_nx256_N10_solver=exponax_nu0.000_t20.0_test_ntimepoints21_GRF_matern_alpha1.500_tau11_vmax-1_vmin-1.5_batch0_all_frames.pt
   17. /blue/shiboli.fsu/yifeisun.umich/adversarial_robustness_FNO/2D_NS_FNO2d_recurrent/datasets/exponax_datasets/t20/generalizability/dim2d_nx256_N10_solver=exponax_nu0.000_t20.0_test_ntimepoints21_GRF_matern_alpha1.500_tau11_vmax0.4_vmin-0.4_batch0_all_frames.pt
   18. /blue/shiboli.fsu/yifeisun.umich/adversarial_robustness_FNO/2D_NS_FNO2d_recurrent/datasets/exponax_datasets/t20/generalizability/dim2d_nx256_N10_solver=exponax_nu0.000_t20.0_test_ntimepoints21_GRF_matern_alpha1.500_tau11_vmax0_vmin-1_batch0_all_frames.pt
   19. /blue/shiboli.fsu/yifeisun.umich/adversarial_robustness_FNO/2D_NS_FNO2d_recurrent/datasets/exponax_datasets/t20/generalizability/dim2d_nx256_N10_solver=exponax_nu0.000_t20.0_test_ntimepoints21_GRF_matern_alpha1.500_tau11_vmax1.5_vmin1_batch0_all_frames.pt
   20. /blue/shiboli.fsu/yifeisun.umich/adversarial_robustness_FNO/2D_NS_FNO2d_recurrent/datasets/exponax_datasets/t20/generalizability/dim2d_nx256_N10_solver=exponax_nu0.000_t20.0_test_ntimepoints21_GRF_matern_alpha1.500_tau11_vmax1_vmin-1_batch0_all_frames.pt
   21. /blue/shiboli.fsu/yifeisun.umich/adversarial_robustness_FNO/2D_NS_FNO2d_recurrent/datasets/exponax_datasets/t20/generalizability/dim2d_nx256_N10_solver=exponax_nu0.000_t20.0_test_ntimepoints21_GRF_matern_alpha1.500_tau11_vmax1_vmin0_batch0_all_frames.pt
   22. /blue/shiboli.fsu/yifeisun.umich/adversarial_robustness_FNO/2D_NS_FNO2d_recurrent/datasets/exponax_datasets/t20/generalizability/dim2d_nx256_N10_solver=exponax_nu0.000_t20.0_test_ntimepoints21_GRF_matern_alpha1.500_tau15_vmax-1_vmin-1.5_batch0_all_frames.pt
   23. /blue/shiboli.fsu/yifeisun.umich/adversarial_robustness_FNO/2D_NS_FNO2d_recurrent/datasets/exponax_datasets/t20/generalizability/dim2d_nx256_N10_solver=exponax_nu0.000_t20.0_test_ntimepoints21_GRF_matern_alpha1.500_tau15_vmax0.4_vmin-0.4_batch0_all_frames.pt
   24. /blue/shiboli.fsu/yifeisun.umich/adversarial_robustness_FNO/2D_NS_FNO2d_recurrent/datasets/exponax_datasets/t20/generalizability/dim2d_nx256_N10_solver=exponax_nu0.000_t20.0_test_ntimepoints21_GRF_matern_alpha1.500_tau15_vmax0_vmin-1_batch0_all_frames.pt
   25. /blue/shiboli.fsu/yifeisun.umich/adversarial_robustness_FNO/2D_NS_FNO2d_recurrent/datasets/exponax_datasets/t20/generalizability/dim2d_nx256_N10_solver=exponax_nu0.000_t20.0_test_ntimepoints21_GRF_matern_alpha1.500_tau15_vmax1.5_vmin1_batch0_all_frames.pt
   26. /blue/shiboli.fsu/yifeisun.umich/adversarial_robustness_FNO/2D_NS_FNO2d_recurrent/datasets/exponax_datasets/t20/generalizability/dim2d_nx256_N10_solver=exponax_nu0.000_t20.0_test_ntimepoints21_GRF_matern_alpha1.500_tau15_vmax1_vmin-1_batch0_all_frames.pt
   27. /blue/shiboli.fsu/yifeisun.umich/adversarial_robustness_FNO/2D_NS_FNO2d_recurrent/datasets/exponax_datasets/t20/generalizability/dim2d_nx256_N10_solver=exponax_nu0.000_t20.0_test_ntimepoints21_GRF_matern_alpha1.500_tau15_vmax1_vmin0_batch0_all_frames.pt
   28. /blue/shiboli.fsu/yifeisun.umich/adversarial_robustness_FNO/2D_NS_FNO2d_recurrent/datasets/exponax_datasets/t20/generalizability/dim2d_nx256_N10_solver=exponax_nu0.000_t20.0_test_ntimepoints21_GRF_matern_alpha1.500_tau1_vmax-1_vmin-1.5_batch0_all_frames.pt
   29. /blue/shiboli.fsu/yifeisun.umich/adversarial_robustness_FNO/2D_NS_FNO2d_recurrent/datasets/exponax_datasets/t20/generalizability/dim2d_nx256_N10_solver=exponax_nu0.000_t20.0_test_ntimepoints21_GRF_matern_alpha1.500_tau1_vmax0.4_vmin-0.4_batch0_all_frames.pt
   30. /blue/shiboli.fsu/yifeisun.umich/adversarial_robustness_FNO/2D_NS_FNO2d_recurrent/datasets/exponax_datasets/t20/generalizability/dim2d_nx256_N10_solver=exponax_nu0.000_t20.0_test_ntimepoints21_GRF_matern_alpha1.500_tau1_vmax0_vmin-1_batch0_all_frames.pt
   31. /blue/shiboli.fsu/yifeisun.umich/adversarial_robustness_FNO/2D_NS_FNO2d_recurrent/datasets/exponax_datasets/t20/generalizability/dim2d_nx256_N10_solver=exponax_nu0.000_t20.0_test_ntimepoints21_GRF_matern_alpha1.500_tau1_vmax1.5_vmin1_batch0_all_frames.pt
   32. /blue/shiboli.fsu/yifeisun.umich/adversarial_robustness_FNO/2D_NS_FNO2d_recurrent/datasets/exponax_datasets/t20/generalizability/dim2d_nx256_N10_solver=exponax_nu0.000_t20.0_test_ntimepoints21_GRF_matern_alpha1.500_tau1_vmax1_vmin-1_batch0_all_frames.pt
   33. /blue/shiboli.fsu/yifeisun.umich/adversarial_robustness_FNO/2D_NS_FNO2d_recurrent/datasets/exponax_datasets/t20/generalizability/dim2d_nx256_N10_solver=exponax_nu0.000_t20.0_test_ntimepoints21_GRF_matern_alpha1.500_tau1_vmax1_vmin0_batch0_all_frames.pt
   34. /blue/shiboli.fsu/yifeisun.umich/adversarial_robustness_FNO/2D_NS_FNO2d_recurrent/datasets/exponax_datasets/t20/generalizability/dim2d_nx256_N10_solver=exponax_nu0.000_t20.0_test_ntimepoints21_GRF_matern_alpha1.500_tau3_vmax-1_vmin-1.5_batch0_all_frames.pt
   35. /blue/shiboli.fsu/yifeisun.umich/adversarial_robustness_FNO/2D_NS_FNO2d_recurrent/datasets/exponax_datasets/t20/generalizability/dim2d_nx256_N10_solver=exponax_nu0.000_t20.0_test_ntimepoints21_GRF_matern_alpha1.500_tau3_vmax0.4_vmin-0.4_batch0_all_frames.pt
   36. /blue/shiboli.fsu/yifeisun.umich/adversarial_robustness_FNO/2D_NS_FNO2d_recurrent/datasets/exponax_datasets/t20/generalizability/dim2d_nx256_N10_solver=exponax_nu0.000_t20.0_test_ntimepoints21_GRF_matern_alpha1.500_tau3_vmax0_vmin-1_batch0_all_frames.pt
   37. /blue/shiboli.fsu/yifeisun.umich/adversarial_robustness_FNO/2D_NS_FNO2d_recurrent/datasets/exponax_datasets/t20/generalizability/dim2d_nx256_N10_solver=exponax_nu0.000_t20.0_test_ntimepoints21_GRF_matern_alpha1.500_tau3_vmax1.5_vmin1_batch0_all_frames.pt
   38. /blue/shiboli.fsu/yifeisun.umich/adversarial_robustness_FNO/2D_NS_FNO2d_recurrent/datasets/exponax_datasets/t20/generalizability/dim2d_nx256_N10_solver=exponax_nu0.000_t20.0_test_ntimepoints21_GRF_matern_alpha1.500_tau3_vmax1_vmin-1_batch0_all_frames.pt
   39. /blue/shiboli.fsu/yifeisun.umich/adversarial_robustness_FNO/2D_NS_FNO2d_recurrent/datasets/exponax_datasets/t20/generalizability/dim2d_nx256_N10_solver=exponax_nu0.000_t20.0_test_ntimepoints21_GRF_matern_alpha1.500_tau3_vmax1_vmin0_batch0_all_frames.pt
   40. /blue/shiboli.fsu/yifeisun.umich/adversarial_robustness_FNO/2D_NS_FNO2d_recurrent/datasets/exponax_datasets/t20/generalizability/dim2d_nx256_N10_solver=exponax_nu0.000_t20.0_test_ntimepoints21_GRF_matern_alpha1.500_tau7_vmax-1_vmin-1.5_batch0_all_frames.pt
   41. /blue/shiboli.fsu/yifeisun.umich/adversarial_robustness_FNO/2D_NS_FNO2d_recurrent/datasets/exponax_datasets/t20/generalizability/dim2d_nx256_N10_solver=exponax_nu0.000_t20.0_test_ntimepoints21_GRF_matern_alpha1.500_tau7_vmax0.4_vmin-0.4_batch0_all_frames.pt
   42. /blue/shiboli.fsu/yifeisun.umich/adversarial_robustness_FNO/2D_NS_FNO2d_recurrent/datasets/exponax_datasets/t20/generalizability/dim2d_nx256_N10_solver=exponax_nu0.000_t20.0_test_ntimepoints21_GRF_matern_alpha1.500_tau7_vmax0_vmin-1_batch0_all_frames.pt
   43. /blue/shiboli.fsu/yifeisun.umich/adversarial_robustness_FNO/2D_NS_FNO2d_recurrent/datasets/exponax_datasets/t20/generalizability/dim2d_nx256_N10_solver=exponax_nu0.000_t20.0_test_ntimepoints21_GRF_matern_alpha1.500_tau7_vmax1.5_vmin1_batch0_all_frames.pt
   44. /blue/shiboli.fsu/yifeisun.umich/adversarial_robustness_FNO/2D_NS_FNO2d_recurrent/datasets/exponax_datasets/t20/generalizability/dim2d_nx256_N10_solver=exponax_nu0.000_t20.0_test_ntimepoints21_GRF_matern_alpha1.500_tau7_vmax1_vmin-1_batch0_all_frames.pt
   45. /blue/shiboli.fsu/yifeisun.umich/adversarial_robustness_FNO/2D_NS_FNO2d_recurrent/datasets/exponax_datasets/t20/generalizability/dim2d_nx256_N10_solver=exponax_nu0.000_t20.0_test_ntimepoints21_GRF_matern_alpha1.500_tau7_vmax1_vmin0_batch0_all_frames.pt
   46. /blue/shiboli.fsu/yifeisun.umich/adversarial_robustness_FNO/2D_NS_FNO2d_recurrent/datasets/exponax_datasets/t20/generalizability/dim2d_nx256_N10_solver=exponax_nu0.000_t20.0_test_ntimepoints21_GRF_matern_alpha2.500_tau11_vmax-1_vmin-1.5_batch0_all_frames.pt
   47. /blue/shiboli.fsu/yifeisun.umich/adversarial_robustness_FNO/2D_NS_FNO2d_recurrent/datasets/exponax_datasets/t20/generalizability/dim2d_nx256_N10_solver=exponax_nu0.000_t20.0_test_ntimepoints21_GRF_matern_alpha2.500_tau11_vmax0.4_vmin-0.4_batch0_all_frames.pt
   48. /blue/shiboli.fsu/yifeisun.umich/adversarial_robustness_FNO/2D_NS_FNO2d_recurrent/datasets/exponax_datasets/t20/generalizability/dim2d_nx256_N10_solver=exponax_nu0.000_t20.0_test_ntimepoints21_GRF_matern_alpha2.500_tau11_vmax0_vmin-1_batch0_all_frames.pt
   49. /blue/shiboli.fsu/yifeisun.umich/adversarial_robustness_FNO/2D_NS_FNO2d_recurrent/datasets/exponax_datasets/t20/generalizability/dim2d_nx256_N10_solver=exponax_nu0.000_t20.0_test_ntimepoints21_GRF_matern_alpha2.500_tau11_vmax1.5_vmin1_batch0_all_frames.pt
   50. /blue/shiboli.fsu/yifeisun.umich/adversarial_robustness_FNO/2D_NS_FNO2d_recurrent/datasets/exponax_datasets/t20/generalizability/dim2d_nx256_N10_solver=exponax_nu0.000_t20.0_test_ntimepoints21_GRF_matern_alpha2.500_tau11_vmax1_vmin-1_batch0_all_frames.pt
   51. /blue/shiboli.fsu/yifeisun.umich/adversarial_robustness_FNO/2D_NS_FNO2d_recurrent/datasets/exponax_datasets/t20/generalizability/dim2d_nx256_N10_solver=exponax_nu0.000_t20.0_test_ntimepoints21_GRF_matern_alpha2.500_tau11_vmax1_vmin0_batch0_all_frames.pt
   52. /blue/shiboli.fsu/yifeisun.umich/adversarial_robustness_FNO/2D_NS_FNO2d_recurrent/datasets/exponax_datasets/t20/generalizability/dim2d_nx256_N10_solver=exponax_nu0.000_t20.0_test_ntimepoints21_GRF_matern_alpha2.500_tau15_vmax-1_vmin-1.5_batch0_all_frames.pt
   53. /blue/shiboli.fsu/yifeisun.umich/adversarial_robustness_FNO/2D_NS_FNO2d_recurrent/datasets/exponax_datasets/t20/generalizability/dim2d_nx256_N10_solver=exponax_nu0.000_t20.0_test_ntimepoints21_GRF_matern_alpha2.500_tau15_vmax0.4_vmin-0.4_batch0_all_frames.pt
   54. /blue/shiboli.fsu/yifeisun.umich/adversarial_robustness_FNO/2D_NS_FNO2d_recurrent/datasets/exponax_datasets/t20/generalizability/dim2d_nx256_N10_solver=exponax_nu0.000_t20.0_test_ntimepoints21_GRF_matern_alpha2.500_tau15_vmax0_vmin-1_batch0_all_frames.pt
   55. /blue/shiboli.fsu/yifeisun.umich/adversarial_robustness_FNO/2D_NS_FNO2d_recurrent/datasets/exponax_datasets/t20/generalizability/dim2d_nx256_N10_solver=exponax_nu0.000_t20.0_test_ntimepoints21_GRF_matern_alpha2.500_tau15_vmax1.5_vmin1_batch0_all_frames.pt
   56. /blue/shiboli.fsu/yifeisun.umich/adversarial_robustness_FNO/2D_NS_FNO2d_recurrent/datasets/exponax_datasets/t20/generalizability/dim2d_nx256_N10_solver=exponax_nu0.000_t20.0_test_ntimepoints21_GRF_matern_alpha2.500_tau15_vmax1_vmin-1_batch0_all_frames.pt
   57. /blue/shiboli.fsu/yifeisun.umich/adversarial_robustness_FNO/2D_NS_FNO2d_recurrent/datasets/exponax_datasets/t20/generalizability/dim2d_nx256_N10_solver=exponax_nu0.000_t20.0_test_ntimepoints21_GRF_matern_alpha2.500_tau15_vmax1_vmin0_batch0_all_frames.pt
   58. /blue/shiboli.fsu/yifeisun.umich/adversarial_robustness_FNO/2D_NS_FNO2d_recurrent/datasets/exponax_datasets/t20/generalizability/dim2d_nx256_N10_solver=exponax_nu0.000_t20.0_test_ntimepoints21_GRF_matern_alpha2.500_tau1_vmax-1_vmin-1.5_batch0_all_frames.pt
   59. /blue/shiboli.fsu/yifeisun.umich/adversarial_robustness_FNO/2D_NS_FNO2d_recurrent/datasets/exponax_datasets/t20/generalizability/dim2d_nx256_N10_solver=exponax_nu0.000_t20.0_test_ntimepoints21_GRF_matern_alpha2.500_tau1_vmax0.4_vmin-0.4_batch0_all_frames.pt
   60. /blue/shiboli.fsu/yifeisun.umich/adversarial_robustness_FNO/2D_NS_FNO2d_recurrent/datasets/exponax_datasets/t20/generalizability/dim2d_nx256_N10_solver=exponax_nu0.000_t20.0_test_ntimepoints21_GRF_matern_alpha2.500_tau1_vmax0_vmin-1_batch0_all_frames.pt
   61. /blue/shiboli.fsu/yifeisun.umich/adversarial_robustness_FNO/2D_NS_FNO2d_recurrent/datasets/exponax_datasets/t20/generalizability/dim2d_nx256_N10_solver=exponax_nu0.000_t20.0_test_ntimepoints21_GRF_matern_alpha2.500_tau1_vmax1.5_vmin1_batch0_all_frames.pt
   62. /blue/shiboli.fsu/yifeisun.umich/adversarial_robustness_FNO/2D_NS_FNO2d_recurrent/datasets/exponax_datasets/t20/generalizability/dim2d_nx256_N10_solver=exponax_nu0.000_t20.0_test_ntimepoints21_GRF_matern_alpha2.500_tau1_vmax1_vmin-1_batch0_all_frames.pt
   63. /blue/shiboli.fsu/yifeisun.umich/adversarial_robustness_FNO/2D_NS_FNO2d_recurrent/datasets/exponax_datasets/t20/generalizability/dim2d_nx256_N10_solver=exponax_nu0.000_t20.0_test_ntimepoints21_GRF_matern_alpha2.500_tau1_vmax1_vmin0_batch0_all_frames.pt
   64. /blue/shiboli.fsu/yifeisun.umich/adversarial_robustness_FNO/2D_NS_FNO2d_recurrent/datasets/exponax_datasets/t20/generalizability/dim2d_nx256_N10_solver=exponax_nu0.000_t20.0_test_ntimepoints21_GRF_matern_alpha2.500_tau3_vmax-1_vmin-1.5_batch0_all_frames.pt
   65. /blue/shiboli.fsu/yifeisun.umich/adversarial_robustness_FNO/2D_NS_FNO2d_recurrent/datasets/exponax_datasets/t20/generalizability/dim2d_nx256_N10_solver=exponax_nu0.000_t20.0_test_ntimepoints21_GRF_matern_alpha2.500_tau3_vmax0.4_vmin-0.4_batch0_all_frames.pt
   66. /blue/shiboli.fsu/yifeisun.umich/adversarial_robustness_FNO/2D_NS_FNO2d_recurrent/datasets/exponax_datasets/t20/generalizability/dim2d_nx256_N10_solver=exponax_nu0.000_t20.0_test_ntimepoints21_GRF_matern_alpha2.500_tau3_vmax0_vmin-1_batch0_all_frames.pt
   67. /blue/shiboli.fsu/yifeisun.umich/adversarial_robustness_FNO/2D_NS_FNO2d_recurrent/datasets/exponax_datasets/t20/generalizability/dim2d_nx256_N10_solver=exponax_nu0.000_t20.0_test_ntimepoints21_GRF_matern_alpha2.500_tau3_vmax1.5_vmin1_batch0_all_frames.pt
   68. /blue/shiboli.fsu/yifeisun.umich/adversarial_robustness_FNO/2D_NS_FNO2d_recurrent/datasets/exponax_datasets/t20/generalizability/dim2d_nx256_N10_solver=exponax_nu0.000_t20.0_test_ntimepoints21_GRF_matern_alpha2.500_tau3_vmax1_vmin-1_batch0_all_frames.pt
   69. /blue/shiboli.fsu/yifeisun.umich/adversarial_robustness_FNO/2D_NS_FNO2d_recurrent/datasets/exponax_datasets/t20/generalizability/dim2d_nx256_N10_solver=exponax_nu0.000_t20.0_test_ntimepoints21_GRF_matern_alpha2.500_tau3_vmax1_vmin0_batch0_all_frames.pt
   70. /blue/shiboli.fsu/yifeisun.umich/adversarial_robustness_FNO/2D_NS_FNO2d_recurrent/datasets/exponax_datasets/t20/generalizability/dim2d_nx256_N10_solver=exponax_nu0.000_t20.0_test_ntimepoints21_GRF_matern_alpha2.500_tau7_vmax-1_vmin-1.5_batch0_all_frames.pt
   71. /blue/shiboli.fsu/yifeisun.umich/adversarial_robustness_FNO/2D_NS_FNO2d_recurrent/datasets/exponax_datasets/t20/generalizability/dim2d_nx256_N10_solver=exponax_nu0.000_t20.0_test_ntimepoints21_GRF_matern_alpha2.500_tau7_vmax0.4_vmin-0.4_batch0_all_frames.pt
   72. /blue/shiboli.fsu/yifeisun.umich/adversarial_robustness_FNO/2D_NS_FNO2d_recurrent/datasets/exponax_datasets/t20/generalizability/dim2d_nx256_N10_solver=exponax_nu0.000_t20.0_test_ntimepoints21_GRF_matern_alpha2.500_tau7_vmax0_vmin-1_batch0_all_frames.pt
   73. /blue/shiboli.fsu/yifeisun.umich/adversarial_robustness_FNO/2D_NS_FNO2d_recurrent/datasets/exponax_datasets/t20/generalizability/dim2d_nx256_N10_solver=exponax_nu0.000_t20.0_test_ntimepoints21_GRF_matern_alpha2.500_tau7_vmax1.5_vmin1_batch0_all_frames.pt
   74. /blue/shiboli.fsu/yifeisun.umich/adversarial_robustness_FNO/2D_NS_FNO2d_recurrent/datasets/exponax_datasets/t20/generalizability/dim2d_nx256_N10_solver=exponax_nu0.000_t20.0_test_ntimepoints21_GRF_matern_alpha2.500_tau7_vmax1_vmin-1_batch0_all_frames.pt
   75. /blue/shiboli.fsu/yifeisun.umich/adversarial_robustness_FNO/2D_NS_FNO2d_recurrent/datasets/exponax_datasets/t20/generalizability/dim2d_nx256_N10_solver=exponax_nu0.000_t20.0_test_ntimepoints21_GRF_matern_alpha2.500_tau7_vmax1_vmin0_batch0_all_frames.pt
   76. /blue/shiboli.fsu/yifeisun.umich/adversarial_robustness_FNO/2D_NS_FNO2d_recurrent/datasets/exponax_datasets/t20/generalizability/dim2d_nx256_N10_solver=exponax_nu0.000_t20.0_test_ntimepoints21_GRF_matern_alpha2_tau11_vmax-1_vmin-1.5_batch0_all_frames.pt
   77. /blue/shiboli.fsu/yifeisun.umich/adversarial_robustness_FNO/2D_NS_FNO2d_recurrent/datasets/exponax_datasets/t20/generalizability/dim2d_nx256_N10_solver=exponax_nu0.000_t20.0_test_ntimepoints21_GRF_matern_alpha2_tau11_vmax0.4_vmin-0.4_batch0_all_frames.pt
   78. /blue/shiboli.fsu/yifeisun.umich/adversarial_robustness_FNO/2D_NS_FNO2d_recurrent/datasets/exponax_datasets/t20/generalizability/dim2d_nx256_N10_solver=exponax_nu0.000_t20.0_test_ntimepoints21_GRF_matern_alpha2_tau11_vmax0_vmin-1_batch0_all_frames.pt
   79. /blue/shiboli.fsu/yifeisun.umich/adversarial_robustness_FNO/2D_NS_FNO2d_recurrent/datasets/exponax_datasets/t20/generalizability/dim2d_nx256_N10_solver=exponax_nu0.000_t20.0_test_ntimepoints21_GRF_matern_alpha2_tau11_vmax1.5_vmin1_batch0_all_frames.pt
   80. /blue/shiboli.fsu/yifeisun.umich/adversarial_robustness_FNO/2D_NS_FNO2d_recurrent/datasets/exponax_datasets/t20/generalizability/dim2d_nx256_N10_solver=exponax_nu0.000_t20.0_test_ntimepoints21_GRF_matern_alpha2_tau11_vmax1_vmin-1_batch0_all_frames.pt
   81. /blue/shiboli.fsu/yifeisun.umich/adversarial_robustness_FNO/2D_NS_FNO2d_recurrent/datasets/exponax_datasets/t20/generalizability/dim2d_nx256_N10_solver=exponax_nu0.000_t20.0_test_ntimepoints21_GRF_matern_alpha2_tau11_vmax1_vmin0_batch0_all_frames.pt
   82. /blue/shiboli.fsu/yifeisun.umich/adversarial_robustness_FNO/2D_NS_FNO2d_recurrent/datasets/exponax_datasets/t20/generalizability/dim2d_nx256_N10_solver=exponax_nu0.000_t20.0_test_ntimepoints21_GRF_matern_alpha2_tau15_vmax-1_vmin-1.5_batch0_all_frames.pt
   83. /blue/shiboli.fsu/yifeisun.umich/adversarial_robustness_FNO/2D_NS_FNO2d_recurrent/datasets/exponax_datasets/t20/generalizability/dim2d_nx256_N10_solver=exponax_nu0.000_t20.0_test_ntimepoints21_GRF_matern_alpha2_tau15_vmax0.4_vmin-0.4_batch0_all_frames.pt
   84. /blue/shiboli.fsu/yifeisun.umich/adversarial_robustness_FNO/2D_NS_FNO2d_recurrent/datasets/exponax_datasets/t20/generalizability/dim2d_nx256_N10_solver=exponax_nu0.000_t20.0_test_ntimepoints21_GRF_matern_alpha2_tau15_vmax0_vmin-1_batch0_all_frames.pt
   85. /blue/shiboli.fsu/yifeisun.umich/adversarial_robustness_FNO/2D_NS_FNO2d_recurrent/datasets/exponax_datasets/t20/generalizability/dim2d_nx256_N10_solver=exponax_nu0.000_t20.0_test_ntimepoints21_GRF_matern_alpha2_tau15_vmax1.5_vmin1_batch0_all_frames.pt
   86. /blue/shiboli.fsu/yifeisun.umich/adversarial_robustness_FNO/2D_NS_FNO2d_recurrent/datasets/exponax_datasets/t20/generalizability/dim2d_nx256_N10_solver=exponax_nu0.000_t20.0_test_ntimepoints21_GRF_matern_alpha2_tau15_vmax1_vmin-1_batch0_all_frames.pt
   87. /blue/shiboli.fsu/yifeisun.umich/adversarial_robustness_FNO/2D_NS_FNO2d_recurrent/datasets/exponax_datasets/t20/generalizability/dim2d_nx256_N10_solver=exponax_nu0.000_t20.0_test_ntimepoints21_GRF_matern_alpha2_tau15_vmax1_vmin0_batch0_all_frames.pt
   88. /blue/shiboli.fsu/yifeisun.umich/adversarial_robustness_FNO/2D_NS_FNO2d_recurrent/datasets/exponax_datasets/t20/generalizability/dim2d_nx256_N10_solver=exponax_nu0.000_t20.0_test_ntimepoints21_GRF_matern_alpha2_tau1_vmax-1_vmin-1.5_batch0_all_frames.pt
   89. /blue/shiboli.fsu/yifeisun.umich/adversarial_robustness_FNO/2D_NS_FNO2d_recurrent/datasets/exponax_datasets/t20/generalizability/dim2d_nx256_N10_solver=exponax_nu0.000_t20.0_test_ntimepoints21_GRF_matern_alpha2_tau1_vmax0.4_vmin-0.4_batch0_all_frames.pt
   90. /blue/shiboli.fsu/yifeisun.umich/adversarial_robustness_FNO/2D_NS_FNO2d_recurrent/datasets/exponax_datasets/t20/generalizability/dim2d_nx256_N10_solver=exponax_nu0.000_t20.0_test_ntimepoints21_GRF_matern_alpha2_tau1_vmax0_vmin-1_batch0_all_frames.pt
   91. /blue/shiboli.fsu/yifeisun.umich/adversarial_robustness_FNO/2D_NS_FNO2d_recurrent/datasets/exponax_datasets/t20/generalizability/dim2d_nx256_N10_solver=exponax_nu0.000_t20.0_test_ntimepoints21_GRF_matern_alpha2_tau1_vmax1.5_vmin1_batch0_all_frames.pt
   92. /blue/shiboli.fsu/yifeisun.umich/adversarial_robustness_FNO/2D_NS_FNO2d_recurrent/datasets/exponax_datasets/t20/generalizability/dim2d_nx256_N10_solver=exponax_nu0.000_t20.0_test_ntimepoints21_GRF_matern_alpha2_tau1_vmax1_vmin-1_batch0_all_frames.pt
   93. /blue/shiboli.fsu/yifeisun.umich/adversarial_robustness_FNO/2D_NS_FNO2d_recurrent/datasets/exponax_datasets/t20/generalizability/dim2d_nx256_N10_solver=exponax_nu0.000_t20.0_test_ntimepoints21_GRF_matern_alpha2_tau1_vmax1_vmin0_batch0_all_frames.pt
   94. /blue/shiboli.fsu/yifeisun.umich/adversarial_robustness_FNO/2D_NS_FNO2d_recurrent/datasets/exponax_datasets/t20/generalizability/dim2d_nx256_N10_solver=exponax_nu0.000_t20.0_test_ntimepoints21_GRF_matern_alpha2_tau3_vmax-1_vmin-1.5_batch0_all_frames.pt
   95. /blue/shiboli.fsu/yifeisun.umich/adversarial_robustness_FNO/2D_NS_FNO2d_recurrent/datasets/exponax_datasets/t20/generalizability/dim2d_nx256_N10_solver=exponax_nu0.000_t20.0_test_ntimepoints21_GRF_matern_alpha2_tau3_vmax0.4_vmin-0.4_batch0_all_frames.pt
   96. /blue/shiboli.fsu/yifeisun.umich/adversarial_robustness_FNO/2D_NS_FNO2d_recurrent/datasets/exponax_datasets/t20/generalizability/dim2d_nx256_N10_solver=exponax_nu0.000_t20.0_test_ntimepoints21_GRF_matern_alpha2_tau3_vmax0_vmin-1_batch0_all_frames.pt
   97. /blue/shiboli.fsu/yifeisun.umich/adversarial_robustness_FNO/2D_NS_FNO2d_recurrent/datasets/exponax_datasets/t20/generalizability/dim2d_nx256_N10_solver=exponax_nu0.000_t20.0_test_ntimepoints21_GRF_matern_alpha2_tau3_vmax1.5_vmin1_batch0_all_frames.pt
   98. /blue/shiboli.fsu/yifeisun.umich/adversarial_robustness_FNO/2D_NS_FNO2d_recurrent/datasets/exponax_datasets/t20/generalizability/dim2d_nx256_N10_solver=exponax_nu0.000_t20.0_test_ntimepoints21_GRF_matern_alpha2_tau3_vmax1_vmin-1_batch0_all_frames.pt
   99. /blue/shiboli.fsu/yifeisun.umich/adversarial_robustness_FNO/2D_NS_FNO2d_recurrent/datasets/exponax_datasets/t20/generalizability/dim2d_nx256_N10_solver=exponax_nu0.000_t20.0_test_ntimepoints21_GRF_matern_alpha2_tau3_vmax1_vmin0_batch0_all_frames.pt
  100. /blue/shiboli.fsu/yifeisun.umich/adversarial_robustness_FNO/2D_NS_FNO2d_recurrent/datasets/exponax_datasets/t20/generalizability/dim2d_nx256_N10_solver=exponax_nu0.000_t20.0_test_ntimepoints21_GRF_matern_alpha2_tau7_vmax-1_vmin-1.5_batch0_all_frames.pt
  101. /blue/shiboli.fsu/yifeisun.umich/adversarial_robustness_FNO/2D_NS_FNO2d_recurrent/datasets/exponax_datasets/t20/generalizability/dim2d_nx256_N10_solver=exponax_nu0.000_t20.0_test_ntimepoints21_GRF_matern_alpha2_tau7_vmax0.4_vmin-0.4_batch0_all_frames.pt
  102. /blue/shiboli.fsu/yifeisun.umich/adversarial_robustness_FNO/2D_NS_FNO2d_recurrent/datasets/exponax_datasets/t20/generalizability/dim2d_nx256_N10_solver=exponax_nu0.000_t20.0_test_ntimepoints21_GRF_matern_alpha2_tau7_vmax0_vmin-1_batch0_all_frames.pt
  103. /blue/shiboli.fsu/yifeisun.umich/adversarial_robustness_FNO/2D_NS_FNO2d_recurrent/datasets/exponax_datasets/t20/generalizability/dim2d_nx256_N10_solver=exponax_nu0.000_t20.0_test_ntimepoints21_GRF_matern_alpha2_tau7_vmax1.5_vmin1_batch0_all_frames.pt
  104. /blue/shiboli.fsu/yifeisun.umich/adversarial_robustness_FNO/2D_NS_FNO2d_recurrent/datasets/exponax_datasets/t20/generalizability/dim2d_nx256_N10_solver=exponax_nu0.000_t20.0_test_ntimepoints21_GRF_matern_alpha2_tau7_vmax1_vmin-1_batch0_all_frames.pt
  105. /blue/shiboli.fsu/yifeisun.umich/adversarial_robustness_FNO/2D_NS_FNO2d_recurrent/datasets/exponax_datasets/t20/generalizability/dim2d_nx256_N10_solver=exponax_nu0.000_t20.0_test_ntimepoints21_GRF_matern_alpha2_tau7_vmax1_vmin0_batch0_all_frames.pt
  106. /blue/shiboli.fsu/yifeisun.umich/adversarial_robustness_FNO/2D_NS_FNO2d_recurrent/datasets/exponax_datasets/t20/generalizability/dim2d_nx256_N10_solver=exponax_nu0.000_t20.0_test_ntimepoints21_GRF_matern_alpha3.500_tau11_vmax-1_vmin-1.5_batch0_all_frames.pt
  107. /blue/shiboli.fsu/yifeisun.umich/adversarial_robustness_FNO/2D_NS_FNO2d_recurrent/datasets/exponax_datasets/t20/generalizability/dim2d_nx256_N10_solver=exponax_nu0.000_t20.0_test_ntimepoints21_GRF_matern_alpha3.500_tau11_vmax0.4_vmin-0.4_batch0_all_frames.pt
  108. /blue/shiboli.fsu/yifeisun.umich/adversarial_robustness_FNO/2D_NS_FNO2d_recurrent/datasets/exponax_datasets/t20/generalizability/dim2d_nx256_N10_solver=exponax_nu0.000_t20.0_test_ntimepoints21_GRF_matern_alpha3.500_tau11_vmax0_vmin-1_batch0_all_frames.pt
  109. /blue/shiboli.fsu/yifeisun.umich/adversarial_robustness_FNO/2D_NS_FNO2d_recurrent/datasets/exponax_datasets/t20/generalizability/dim2d_nx256_N10_solver=exponax_nu0.000_t20.0_test_ntimepoints21_GRF_matern_alpha3.500_tau11_vmax1.5_vmin1_batch0_all_frames.pt
  110. /blue/shiboli.fsu/yifeisun.umich/adversarial_robustness_FNO/2D_NS_FNO2d_recurrent/datasets/exponax_datasets/t20/generalizability/dim2d_nx256_N10_solver=exponax_nu0.000_t20.0_test_ntimepoints21_GRF_matern_alpha3.500_tau11_vmax1_vmin-1_batch0_all_frames.pt
  111. /blue/shiboli.fsu/yifeisun.umich/adversarial_robustness_FNO/2D_NS_FNO2d_recurrent/datasets/exponax_datasets/t20/generalizability/dim2d_nx256_N10_solver=exponax_nu0.000_t20.0_test_ntimepoints21_GRF_matern_alpha3.500_tau11_vmax1_vmin0_batch0_all_frames.pt
  112. /blue/shiboli.fsu/yifeisun.umich/adversarial_robustness_FNO/2D_NS_FNO2d_recurrent/datasets/exponax_datasets/t20/generalizability/dim2d_nx256_N10_solver=exponax_nu0.000_t20.0_test_ntimepoints21_GRF_matern_alpha3.500_tau15_vmax-1_vmin-1.5_batch0_all_frames.pt
  113. /blue/shiboli.fsu/yifeisun.umich/adversarial_robustness_FNO/2D_NS_FNO2d_recurrent/datasets/exponax_datasets/t20/generalizability/dim2d_nx256_N10_solver=exponax_nu0.000_t20.0_test_ntimepoints21_GRF_matern_alpha3.500_tau15_vmax0.4_vmin-0.4_batch0_all_frames.pt
  114. /blue/shiboli.fsu/yifeisun.umich/adversarial_robustness_FNO/2D_NS_FNO2d_recurrent/datasets/exponax_datasets/t20/generalizability/dim2d_nx256_N10_solver=exponax_nu0.000_t20.0_test_ntimepoints21_GRF_matern_alpha3.500_tau15_vmax0_vmin-1_batch0_all_frames.pt
  115. /blue/shiboli.fsu/yifeisun.umich/adversarial_robustness_FNO/2D_NS_FNO2d_recurrent/datasets/exponax_datasets/t20/generalizability/dim2d_nx256_N10_solver=exponax_nu0.000_t20.0_test_ntimepoints21_GRF_matern_alpha3.500_tau15_vmax1.5_vmin1_batch0_all_frames.pt
  116. /blue/shiboli.fsu/yifeisun.umich/adversarial_robustness_FNO/2D_NS_FNO2d_recurrent/datasets/exponax_datasets/t20/generalizability/dim2d_nx256_N10_solver=exponax_nu0.000_t20.0_test_ntimepoints21_GRF_matern_alpha3.500_tau15_vmax1_vmin-1_batch0_all_frames.pt
  117. /blue/shiboli.fsu/yifeisun.umich/adversarial_robustness_FNO/2D_NS_FNO2d_recurrent/datasets/exponax_datasets/t20/generalizability/dim2d_nx256_N10_solver=exponax_nu0.000_t20.0_test_ntimepoints21_GRF_matern_alpha3.500_tau15_vmax1_vmin0_batch0_all_frames.pt
  118. /blue/shiboli.fsu/yifeisun.umich/adversarial_robustness_FNO/2D_NS_FNO2d_recurrent/datasets/exponax_datasets/t20/generalizability/dim2d_nx256_N10_solver=exponax_nu0.000_t20.0_test_ntimepoints21_GRF_matern_alpha3.500_tau1_vmax-1_vmin-1.5_batch0_all_frames.pt
  119. /blue/shiboli.fsu/yifeisun.umich/adversarial_robustness_FNO/2D_NS_FNO2d_recurrent/datasets/exponax_datasets/t20/generalizability/dim2d_nx256_N10_solver=exponax_nu0.000_t20.0_test_ntimepoints21_GRF_matern_alpha3.500_tau1_vmax0.4_vmin-0.4_batch0_all_frames.pt
  120. /blue/shiboli.fsu/yifeisun.umich/adversarial_robustness_FNO/2D_NS_FNO2d_recurrent/datasets/exponax_datasets/t20/generalizability/dim2d_nx256_N10_solver=exponax_nu0.000_t20.0_test_ntimepoints21_GRF_matern_alpha3.500_tau1_vmax0_vmin-1_batch0_all_frames.pt
  121. /blue/shiboli.fsu/yifeisun.umich/adversarial_robustness_FNO/2D_NS_FNO2d_recurrent/datasets/exponax_datasets/t20/generalizability/dim2d_nx256_N10_solver=exponax_nu0.000_t20.0_test_ntimepoints21_GRF_matern_alpha3.500_tau1_vmax1.5_vmin1_batch0_all_frames.pt
  122. /blue/shiboli.fsu/yifeisun.umich/adversarial_robustness_FNO/2D_NS_FNO2d_recurrent/datasets/exponax_datasets/t20/generalizability/dim2d_nx256_N10_solver=exponax_nu0.000_t20.0_test_ntimepoints21_GRF_matern_alpha3.500_tau1_vmax1_vmin-1_batch0_all_frames.pt
  123. /blue/shiboli.fsu/yifeisun.umich/adversarial_robustness_FNO/2D_NS_FNO2d_recurrent/datasets/exponax_datasets/t20/generalizability/dim2d_nx256_N10_solver=exponax_nu0.000_t20.0_test_ntimepoints21_GRF_matern_alpha3.500_tau1_vmax1_vmin0_batch0_all_frames.pt
  124. /blue/shiboli.fsu/yifeisun.umich/adversarial_robustness_FNO/2D_NS_FNO2d_recurrent/datasets/exponax_datasets/t20/generalizability/dim2d_nx256_N10_solver=exponax_nu0.000_t20.0_test_ntimepoints21_GRF_matern_alpha3.500_tau3_vmax-1_vmin-1.5_batch0_all_frames.pt
  125. /blue/shiboli.fsu/yifeisun.umich/adversarial_robustness_FNO/2D_NS_FNO2d_recurrent/datasets/exponax_datasets/t20/generalizability/dim2d_nx256_N10_solver=exponax_nu0.000_t20.0_test_ntimepoints21_GRF_matern_alpha3.500_tau3_vmax0.4_vmin-0.4_batch0_all_frames.pt
  126. /blue/shiboli.fsu/yifeisun.umich/adversarial_robustness_FNO/2D_NS_FNO2d_recurrent/datasets/exponax_datasets/t20/generalizability/dim2d_nx256_N10_solver=exponax_nu0.000_t20.0_test_ntimepoints21_GRF_matern_alpha3.500_tau3_vmax0_vmin-1_batch0_all_frames.pt
  127. /blue/shiboli.fsu/yifeisun.umich/adversarial_robustness_FNO/2D_NS_FNO2d_recurrent/datasets/exponax_datasets/t20/generalizability/dim2d_nx256_N10_solver=exponax_nu0.000_t20.0_test_ntimepoints21_GRF_matern_alpha3.500_tau3_vmax1.5_vmin1_batch0_all_frames.pt
  128. /blue/shiboli.fsu/yifeisun.umich/adversarial_robustness_FNO/2D_NS_FNO2d_recurrent/datasets/exponax_datasets/t20/generalizability/dim2d_nx256_N10_solver=exponax_nu0.000_t20.0_test_ntimepoints21_GRF_matern_alpha3.500_tau3_vmax1_vmin-1_batch0_all_frames.pt
  129. /blue/shiboli.fsu/yifeisun.umich/adversarial_robustness_FNO/2D_NS_FNO2d_recurrent/datasets/exponax_datasets/t20/generalizability/dim2d_nx256_N10_solver=exponax_nu0.000_t20.0_test_ntimepoints21_GRF_matern_alpha3.500_tau3_vmax1_vmin0_batch0_all_frames.pt
  130. /blue/shiboli.fsu/yifeisun.umich/adversarial_robustness_FNO/2D_NS_FNO2d_recurrent/datasets/exponax_datasets/t20/generalizability/dim2d_nx256_N10_solver=exponax_nu0.000_t20.0_test_ntimepoints21_GRF_matern_alpha3.500_tau7_vmax-1_vmin-1.5_batch0_all_frames.pt
  131. /blue/shiboli.fsu/yifeisun.umich/adversarial_robustness_FNO/2D_NS_FNO2d_recurrent/datasets/exponax_datasets/t20/generalizability/dim2d_nx256_N10_solver=exponax_nu0.000_t20.0_test_ntimepoints21_GRF_matern_alpha3.500_tau7_vmax0.4_vmin-0.4_batch0_all_frames.pt
  132. /blue/shiboli.fsu/yifeisun.umich/adversarial_robustness_FNO/2D_NS_FNO2d_recurrent/datasets/exponax_datasets/t20/generalizability/dim2d_nx256_N10_solver=exponax_nu0.000_t20.0_test_ntimepoints21_GRF_matern_alpha3.500_tau7_vmax0_vmin-1_batch0_all_frames.pt
  133. /blue/shiboli.fsu/yifeisun.umich/adversarial_robustness_FNO/2D_NS_FNO2d_recurrent/datasets/exponax_datasets/t20/generalizability/dim2d_nx256_N10_solver=exponax_nu0.000_t20.0_test_ntimepoints21_GRF_matern_alpha3.500_tau7_vmax1.5_vmin1_batch0_all_frames.pt
  134. /blue/shiboli.fsu/yifeisun.umich/adversarial_robustness_FNO/2D_NS_FNO2d_recurrent/datasets/exponax_datasets/t20/generalizability/dim2d_nx256_N10_solver=exponax_nu0.000_t20.0_test_ntimepoints21_GRF_matern_alpha3.500_tau7_vmax1_vmin-1_batch0_all_frames.pt
  135. /blue/shiboli.fsu/yifeisun.umich/adversarial_robustness_FNO/2D_NS_FNO2d_recurrent/datasets/exponax_datasets/t20/generalizability/dim2d_nx256_N10_solver=exponax_nu0.000_t20.0_test_ntimepoints21_GRF_matern_alpha3.500_tau7_vmax1_vmin0_batch0_all_frames.pt
  136. /blue/shiboli.fsu/yifeisun.umich/adversarial_robustness_FNO/2D_NS_FNO2d_recurrent/datasets/exponax_datasets/t20/generalizability/dim2d_nx256_N10_solver=exponax_nu0.000_t20.0_test_ntimepoints21_GRF_periodic_length_scale40_period0.050_vmax-1_vmin-1.5_batch0_all_frames.pt
  137. /blue/shiboli.fsu/yifeisun.umich/adversarial_robustness_FNO/2D_NS_FNO2d_recurrent/datasets/exponax_datasets/t20/generalizability/dim2d_nx256_N10_solver=exponax_nu0.000_t20.0_test_ntimepoints21_GRF_periodic_length_scale40_period0.050_vmax0.4_vmin-0.4_batch0_all_frames.pt
  138. /blue/shiboli.fsu/yifeisun.umich/adversarial_robustness_FNO/2D_NS_FNO2d_recurrent/datasets/exponax_datasets/t20/generalizability/dim2d_nx256_N10_solver=exponax_nu0.000_t20.0_test_ntimepoints21_GRF_periodic_length_scale40_period0.050_vmax0_vmin-1_batch0_all_frames.pt
  139. /blue/shiboli.fsu/yifeisun.umich/adversarial_robustness_FNO/2D_NS_FNO2d_recurrent/datasets/exponax_datasets/t20/generalizability/dim2d_nx256_N10_solver=exponax_nu0.000_t20.0_test_ntimepoints21_GRF_periodic_length_scale40_period0.050_vmax1.5_vmin1_batch0_all_frames.pt
  140. /blue/shiboli.fsu/yifeisun.umich/adversarial_robustness_FNO/2D_NS_FNO2d_recurrent/datasets/exponax_datasets/t20/generalizability/dim2d_nx256_N10_solver=exponax_nu0.000_t20.0_test_ntimepoints21_GRF_periodic_length_scale40_period0.050_vmax1_vmin-1_batch0_all_frames.pt
  141. /blue/shiboli.fsu/yifeisun.umich/adversarial_robustness_FNO/2D_NS_FNO2d_recurrent/datasets/exponax_datasets/t20/generalizability/dim2d_nx256_N10_solver=exponax_nu0.000_t20.0_test_ntimepoints21_GRF_periodic_length_scale40_period0.050_vmax1_vmin0_batch0_all_frames.pt
  142. /blue/shiboli.fsu/yifeisun.umich/adversarial_robustness_FNO/2D_NS_FNO2d_recurrent/datasets/exponax_datasets/t20/generalizability/dim2d_nx256_N10_solver=exponax_nu0.000_t20.0_test_ntimepoints21_GRF_periodic_length_scale40_period0.100_vmax-1_vmin-1.5_batch0_all_frames.pt
  143. /blue/shiboli.fsu/yifeisun.umich/adversarial_robustness_FNO/2D_NS_FNO2d_recurrent/datasets/exponax_datasets/t20/generalizability/dim2d_nx256_N10_solver=exponax_nu0.000_t20.0_test_ntimepoints21_GRF_periodic_length_scale40_period0.100_vmax0.4_vmin-0.4_batch0_all_frames.pt
  144. /blue/shiboli.fsu/yifeisun.umich/adversarial_robustness_FNO/2D_NS_FNO2d_recurrent/datasets/exponax_datasets/t20/generalizability/dim2d_nx256_N10_solver=exponax_nu0.000_t20.0_test_ntimepoints21_GRF_periodic_length_scale40_period0.100_vmax0_vmin-1_batch0_all_frames.pt
  145. /blue/shiboli.fsu/yifeisun.umich/adversarial_robustness_FNO/2D_NS_FNO2d_recurrent/datasets/exponax_datasets/t20/generalizability/dim2d_nx256_N10_solver=exponax_nu0.000_t20.0_test_ntimepoints21_GRF_periodic_length_scale40_period0.100_vmax1.5_vmin1_batch0_all_frames.pt
  146. /blue/shiboli.fsu/yifeisun.umich/adversarial_robustness_FNO/2D_NS_FNO2d_recurrent/datasets/exponax_datasets/t20/generalizability/dim2d_nx256_N10_solver=exponax_nu0.000_t20.0_test_ntimepoints21_GRF_periodic_length_scale40_period0.100_vmax1_vmin-1_batch0_all_frames.pt
  147. /blue/shiboli.fsu/yifeisun.umich/adversarial_robustness_FNO/2D_NS_FNO2d_recurrent/datasets/exponax_datasets/t20/generalizability/dim2d_nx256_N10_solver=exponax_nu0.000_t20.0_test_ntimepoints21_GRF_periodic_length_scale40_period0.100_vmax1_vmin0_batch0_all_frames.pt
  148. /blue/shiboli.fsu/yifeisun.umich/adversarial_robustness_FNO/2D_NS_FNO2d_recurrent/datasets/exponax_datasets/t20/generalizability/dim2d_nx256_N10_solver=exponax_nu0.000_t20.0_test_ntimepoints21_GRF_periodic_length_scale40_period0.200_vmax-1_vmin-1.5_batch0_all_frames.pt
  149. /blue/shiboli.fsu/yifeisun.umich/adversarial_robustness_FNO/2D_NS_FNO2d_recurrent/datasets/exponax_datasets/t20/generalizability/dim2d_nx256_N10_solver=exponax_nu0.000_t20.0_test_ntimepoints21_GRF_periodic_length_scale40_period0.200_vmax0.4_vmin-0.4_batch0_all_frames.pt
  150. /blue/shiboli.fsu/yifeisun.umich/adversarial_robustness_FNO/2D_NS_FNO2d_recurrent/datasets/exponax_datasets/t20/generalizability/dim2d_nx256_N10_solver=exponax_nu0.000_t20.0_test_ntimepoints21_GRF_periodic_length_scale40_period0.200_vmax0_vmin-1_batch0_all_frames.pt
  151. /blue/shiboli.fsu/yifeisun.umich/adversarial_robustness_FNO/2D_NS_FNO2d_recurrent/datasets/exponax_datasets/t20/generalizability/dim2d_nx256_N10_solver=exponax_nu0.000_t20.0_test_ntimepoints21_GRF_periodic_length_scale40_period0.200_vmax1.5_vmin1_batch0_all_frames.pt
  152. /blue/shiboli.fsu/yifeisun.umich/adversarial_robustness_FNO/2D_NS_FNO2d_recurrent/datasets/exponax_datasets/t20/generalizability/dim2d_nx256_N10_solver=exponax_nu0.000_t20.0_test_ntimepoints21_GRF_periodic_length_scale40_period0.200_vmax1_vmin-1_batch0_all_frames.pt
  153. /blue/shiboli.fsu/yifeisun.umich/adversarial_robustness_FNO/2D_NS_FNO2d_recurrent/datasets/exponax_datasets/t20/generalizability/dim2d_nx256_N10_solver=exponax_nu0.000_t20.0_test_ntimepoints21_GRF_periodic_length_scale40_period0.200_vmax1_vmin0_batch0_all_frames.pt
  154. /blue/shiboli.fsu/yifeisun.umich/adversarial_robustness_FNO/2D_NS_FNO2d_recurrent/datasets/exponax_datasets/t20/generalizability/dim2d_nx256_N10_solver=exponax_nu0.000_t20.0_test_ntimepoints21_GRF_periodic_length_scale40_period0.500_vmax-1_vmin-1.5_batch0_all_frames.pt
  155. /blue/shiboli.fsu/yifeisun.umich/adversarial_robustness_FNO/2D_NS_FNO2d_recurrent/datasets/exponax_datasets/t20/generalizability/dim2d_nx256_N10_solver=exponax_nu0.000_t20.0_test_ntimepoints21_GRF_periodic_length_scale40_period0.500_vmax0.4_vmin-0.4_batch0_all_frames.pt
  156. /blue/shiboli.fsu/yifeisun.umich/adversarial_robustness_FNO/2D_NS_FNO2d_recurrent/datasets/exponax_datasets/t20/generalizability/dim2d_nx256_N10_solver=exponax_nu0.000_t20.0_test_ntimepoints21_GRF_periodic_length_scale40_period0.500_vmax0_vmin-1_batch0_all_frames.pt
  157. /blue/shiboli.fsu/yifeisun.umich/adversarial_robustness_FNO/2D_NS_FNO2d_recurrent/datasets/exponax_datasets/t20/generalizability/dim2d_nx256_N10_solver=exponax_nu0.000_t20.0_test_ntimepoints21_GRF_periodic_length_scale40_period0.500_vmax1.5_vmin1_batch0_all_frames.pt
  158. /blue/shiboli.fsu/yifeisun.umich/adversarial_robustness_FNO/2D_NS_FNO2d_recurrent/datasets/exponax_datasets/t20/generalizability/dim2d_nx256_N10_solver=exponax_nu0.000_t20.0_test_ntimepoints21_GRF_periodic_length_scale40_period0.500_vmax1_vmin-1_batch0_all_frames.pt
  159. /blue/shiboli.fsu/yifeisun.umich/adversarial_robustness_FNO/2D_NS_FNO2d_recurrent/datasets/exponax_datasets/t20/generalizability/dim2d_nx256_N10_solver=exponax_nu0.000_t20.0_test_ntimepoints21_GRF_periodic_length_scale40_period0.500_vmax1_vmin0_batch0_all_frames.pt
  160. /blue/shiboli.fsu/yifeisun.umich/adversarial_robustness_FNO/2D_NS_FNO2d_recurrent/datasets/exponax_datasets/t20/generalizability/dim2d_nx256_N10_solver=exponax_nu0.000_t20.0_test_ntimepoints21_GRF_rbf_length_scale0.020_variance0.100_vmax-1_vmin-1.5_batch0_all_frames.pt
  161. /blue/shiboli.fsu/yifeisun.umich/adversarial_robustness_FNO/2D_NS_FNO2d_recurrent/datasets/exponax_datasets/t20/generalizability/dim2d_nx256_N10_solver=exponax_nu0.000_t20.0_test_ntimepoints21_GRF_rbf_length_scale0.020_variance0.100_vmax0.4_vmin-0.4_batch0_all_frames.pt
  162. /blue/shiboli.fsu/yifeisun.umich/adversarial_robustness_FNO/2D_NS_FNO2d_recurrent/datasets/exponax_datasets/t20/generalizability/dim2d_nx256_N10_solver=exponax_nu0.000_t20.0_test_ntimepoints21_GRF_rbf_length_scale0.020_variance0.100_vmax0_vmin-1_batch0_all_frames.pt
  163. /blue/shiboli.fsu/yifeisun.umich/adversarial_robustness_FNO/2D_NS_FNO2d_recurrent/datasets/exponax_datasets/t20/generalizability/dim2d_nx256_N10_solver=exponax_nu0.000_t20.0_test_ntimepoints21_GRF_rbf_length_scale0.020_variance0.100_vmax1.5_vmin1_batch0_all_frames.pt
  164. /blue/shiboli.fsu/yifeisun.umich/adversarial_robustness_FNO/2D_NS_FNO2d_recurrent/datasets/exponax_datasets/t20/generalizability/dim2d_nx256_N10_solver=exponax_nu0.000_t20.0_test_ntimepoints21_GRF_rbf_length_scale0.020_variance0.100_vmax1_vmin-1_batch0_all_frames.pt
  165. /blue/shiboli.fsu/yifeisun.umich/adversarial_robustness_FNO/2D_NS_FNO2d_recurrent/datasets/exponax_datasets/t20/generalizability/dim2d_nx256_N10_solver=exponax_nu0.000_t20.0_test_ntimepoints21_GRF_rbf_length_scale0.020_variance0.100_vmax1_vmin0_batch0_all_frames.pt
  166. /blue/shiboli.fsu/yifeisun.umich/adversarial_robustness_FNO/2D_NS_FNO2d_recurrent/datasets/exponax_datasets/t20/generalizability/dim2d_nx256_N10_solver=exponax_nu0.000_t20.0_test_ntimepoints21_GRF_rbf_length_scale0.020_variance0.500_vmax-1_vmin-1.5_batch0_all_frames.pt
  167. /blue/shiboli.fsu/yifeisun.umich/adversarial_robustness_FNO/2D_NS_FNO2d_recurrent/datasets/exponax_datasets/t20/generalizability/dim2d_nx256_N10_solver=exponax_nu0.000_t20.0_test_ntimepoints21_GRF_rbf_length_scale0.020_variance0.500_vmax0.4_vmin-0.4_batch0_all_frames.pt
  168. /blue/shiboli.fsu/yifeisun.umich/adversarial_robustness_FNO/2D_NS_FNO2d_recurrent/datasets/exponax_datasets/t20/generalizability/dim2d_nx256_N10_solver=exponax_nu0.000_t20.0_test_ntimepoints21_GRF_rbf_length_scale0.020_variance0.500_vmax0_vmin-1_batch0_all_frames.pt
  169. /blue/shiboli.fsu/yifeisun.umich/adversarial_robustness_FNO/2D_NS_FNO2d_recurrent/datasets/exponax_datasets/t20/generalizability/dim2d_nx256_N10_solver=exponax_nu0.000_t20.0_test_ntimepoints21_GRF_rbf_length_scale0.020_variance0.500_vmax1.5_vmin1_batch0_all_frames.pt
  170. /blue/shiboli.fsu/yifeisun.umich/adversarial_robustness_FNO/2D_NS_FNO2d_recurrent/datasets/exponax_datasets/t20/generalizability/dim2d_nx256_N10_solver=exponax_nu0.000_t20.0_test_ntimepoints21_GRF_rbf_length_scale0.020_variance0.500_vmax1_vmin-1_batch0_all_frames.pt
  171. /blue/shiboli.fsu/yifeisun.umich/adversarial_robustness_FNO/2D_NS_FNO2d_recurrent/datasets/exponax_datasets/t20/generalizability/dim2d_nx256_N10_solver=exponax_nu0.000_t20.0_test_ntimepoints21_GRF_rbf_length_scale0.020_variance0.500_vmax1_vmin0_batch0_all_frames.pt
  172. /blue/shiboli.fsu/yifeisun.umich/adversarial_robustness_FNO/2D_NS_FNO2d_recurrent/datasets/exponax_datasets/t20/generalizability/dim2d_nx256_N10_solver=exponax_nu0.000_t20.0_test_ntimepoints21_GRF_rbf_length_scale0.020_variance1.000_vmax-1_vmin-1.5_batch0_all_frames.pt
  173. /blue/shiboli.fsu/yifeisun.umich/adversarial_robustness_FNO/2D_NS_FNO2d_recurrent/datasets/exponax_datasets/t20/generalizability/dim2d_nx256_N10_solver=exponax_nu0.000_t20.0_test_ntimepoints21_GRF_rbf_length_scale0.020_variance1.000_vmax0.4_vmin-0.4_batch0_all_frames.pt
  174. /blue/shiboli.fsu/yifeisun.umich/adversarial_robustness_FNO/2D_NS_FNO2d_recurrent/datasets/exponax_datasets/t20/generalizability/dim2d_nx256_N10_solver=exponax_nu0.000_t20.0_test_ntimepoints21_GRF_rbf_length_scale0.020_variance1.000_vmax0_vmin-1_batch0_all_frames.pt
  175. /blue/shiboli.fsu/yifeisun.umich/adversarial_robustness_FNO/2D_NS_FNO2d_recurrent/datasets/exponax_datasets/t20/generalizability/dim2d_nx256_N10_solver=exponax_nu0.000_t20.0_test_ntimepoints21_GRF_rbf_length_scale0.020_variance1.000_vmax1.5_vmin1_batch0_all_frames.pt
  176. /blue/shiboli.fsu/yifeisun.umich/adversarial_robustness_FNO/2D_NS_FNO2d_recurrent/datasets/exponax_datasets/t20/generalizability/dim2d_nx256_N10_solver=exponax_nu0.000_t20.0_test_ntimepoints21_GRF_rbf_length_scale0.020_variance1.000_vmax1_vmin-1_batch0_all_frames.pt
  177. /blue/shiboli.fsu/yifeisun.umich/adversarial_robustness_FNO/2D_NS_FNO2d_recurrent/datasets/exponax_datasets/t20/generalizability/dim2d_nx256_N10_solver=exponax_nu0.000_t20.0_test_ntimepoints21_GRF_rbf_length_scale0.020_variance1.000_vmax1_vmin0_batch0_all_frames.pt
  178. /blue/shiboli.fsu/yifeisun.umich/adversarial_robustness_FNO/2D_NS_FNO2d_recurrent/datasets/exponax_datasets/t20/generalizability/dim2d_nx256_N10_solver=exponax_nu0.000_t20.0_test_ntimepoints21_GRF_rbf_length_scale0.020_variance2.000_vmax-1_vmin-1.5_batch0_all_frames.pt
  179. /blue/shiboli.fsu/yifeisun.umich/adversarial_robustness_FNO/2D_NS_FNO2d_recurrent/datasets/exponax_datasets/t20/generalizability/dim2d_nx256_N10_solver=exponax_nu0.000_t20.0_test_ntimepoints21_GRF_rbf_length_scale0.020_variance2.000_vmax0.4_vmin-0.4_batch0_all_frames.pt
  180. /blue/shiboli.fsu/yifeisun.umich/adversarial_robustness_FNO/2D_NS_FNO2d_recurrent/datasets/exponax_datasets/t20/generalizability/dim2d_nx256_N10_solver=exponax_nu0.000_t20.0_test_ntimepoints21_GRF_rbf_length_scale0.020_variance2.000_vmax0_vmin-1_batch0_all_frames.pt
  181. /blue/shiboli.fsu/yifeisun.umich/adversarial_robustness_FNO/2D_NS_FNO2d_recurrent/datasets/exponax_datasets/t20/generalizability/dim2d_nx256_N10_solver=exponax_nu0.000_t20.0_test_ntimepoints21_GRF_rbf_length_scale0.020_variance2.000_vmax1.5_vmin1_batch0_all_frames.pt
  182. /blue/shiboli.fsu/yifeisun.umich/adversarial_robustness_FNO/2D_NS_FNO2d_recurrent/datasets/exponax_datasets/t20/generalizability/dim2d_nx256_N10_solver=exponax_nu0.000_t20.0_test_ntimepoints21_GRF_rbf_length_scale0.020_variance2.000_vmax1_vmin-1_batch0_all_frames.pt
  183. /blue/shiboli.fsu/yifeisun.umich/adversarial_robustness_FNO/2D_NS_FNO2d_recurrent/datasets/exponax_datasets/t20/generalizability/dim2d_nx256_N10_solver=exponax_nu0.000_t20.0_test_ntimepoints21_GRF_rbf_length_scale0.020_variance2.000_vmax1_vmin0_batch0_all_frames.pt
  184. /blue/shiboli.fsu/yifeisun.umich/adversarial_robustness_FNO/2D_NS_FNO2d_recurrent/datasets/exponax_datasets/t20/generalizability/dim2d_nx256_N10_solver=exponax_nu0.000_t20.0_test_ntimepoints21_GRF_rbf_length_scale0.020_variance5_vmax-1_vmin-1.5_batch0_all_frames.pt
  185. /blue/shiboli.fsu/yifeisun.umich/adversarial_robustness_FNO/2D_NS_FNO2d_recurrent/datasets/exponax_datasets/t20/generalizability/dim2d_nx256_N10_solver=exponax_nu0.000_t20.0_test_ntimepoints21_GRF_rbf_length_scale0.020_variance5_vmax0.4_vmin-0.4_batch0_all_frames.pt
  186. /blue/shiboli.fsu/yifeisun.umich/adversarial_robustness_FNO/2D_NS_FNO2d_recurrent/datasets/exponax_datasets/t20/generalizability/dim2d_nx256_N10_solver=exponax_nu0.000_t20.0_test_ntimepoints21_GRF_rbf_length_scale0.020_variance5_vmax0_vmin-1_batch0_all_frames.pt
  187. /blue/shiboli.fsu/yifeisun.umich/adversarial_robustness_FNO/2D_NS_FNO2d_recurrent/datasets/exponax_datasets/t20/generalizability/dim2d_nx256_N10_solver=exponax_nu0.000_t20.0_test_ntimepoints21_GRF_rbf_length_scale0.020_variance5_vmax1.5_vmin1_batch0_all_frames.pt
  188. /blue/shiboli.fsu/yifeisun.umich/adversarial_robustness_FNO/2D_NS_FNO2d_recurrent/datasets/exponax_datasets/t20/generalizability/dim2d_nx256_N10_solver=exponax_nu0.000_t20.0_test_ntimepoints21_GRF_rbf_length_scale0.020_variance5_vmax1_vmin-1_batch0_all_frames.pt
  189. /blue/shiboli.fsu/yifeisun.umich/adversarial_robustness_FNO/2D_NS_FNO2d_recurrent/datasets/exponax_datasets/t20/generalizability/dim2d_nx256_N10_solver=exponax_nu0.000_t20.0_test_ntimepoints21_GRF_rbf_length_scale0.020_variance5_vmax1_vmin0_batch0_all_frames.pt
  190. /blue/shiboli.fsu/yifeisun.umich/adversarial_robustness_FNO/2D_NS_FNO2d_recurrent/datasets/exponax_datasets/t20/generalizability/dim2d_nx256_N10_solver=exponax_nu0.000_t20.0_test_ntimepoints21_GRF_rbf_length_scale0.050_variance0.100_vmax-1_vmin-1.5_batch0_all_frames.pt
  191. /blue/shiboli.fsu/yifeisun.umich/adversarial_robustness_FNO/2D_NS_FNO2d_recurrent/datasets/exponax_datasets/t20/generalizability/dim2d_nx256_N10_solver=exponax_nu0.000_t20.0_test_ntimepoints21_GRF_rbf_length_scale0.050_variance0.100_vmax0.4_vmin-0.4_batch0_all_frames.pt
  192. /blue/shiboli.fsu/yifeisun.umich/adversarial_robustness_FNO/2D_NS_FNO2d_recurrent/datasets/exponax_datasets/t20/generalizability/dim2d_nx256_N10_solver=exponax_nu0.000_t20.0_test_ntimepoints21_GRF_rbf_length_scale0.050_variance0.100_vmax0_vmin-1_batch0_all_frames.pt
  193. /blue/shiboli.fsu/yifeisun.umich/adversarial_robustness_FNO/2D_NS_FNO2d_recurrent/datasets/exponax_datasets/t20/generalizability/dim2d_nx256_N10_solver=exponax_nu0.000_t20.0_test_ntimepoints21_GRF_rbf_length_scale0.050_variance0.100_vmax1.5_vmin1_batch0_all_frames.pt
  194. /blue/shiboli.fsu/yifeisun.umich/adversarial_robustness_FNO/2D_NS_FNO2d_recurrent/datasets/exponax_datasets/t20/generalizability/dim2d_nx256_N10_solver=exponax_nu0.000_t20.0_test_ntimepoints21_GRF_rbf_length_scale0.050_variance0.100_vmax1_vmin-1_batch0_all_frames.pt
  195. /blue/shiboli.fsu/yifeisun.umich/adversarial_robustness_FNO/2D_NS_FNO2d_recurrent/datasets/exponax_datasets/t20/generalizability/dim2d_nx256_N10_solver=exponax_nu0.000_t20.0_test_ntimepoints21_GRF_rbf_length_scale0.050_variance0.100_vmax1_vmin0_batch0_all_frames.pt
  196. /blue/shiboli.fsu/yifeisun.umich/adversarial_robustness_FNO/2D_NS_FNO2d_recurrent/datasets/exponax_datasets/t20/generalizability/dim2d_nx256_N10_solver=exponax_nu0.000_t20.0_test_ntimepoints21_GRF_rbf_length_scale0.050_variance0.500_vmax-1_vmin-1.5_batch0_all_frames.pt
  197. /blue/shiboli.fsu/yifeisun.umich/adversarial_robustness_FNO/2D_NS_FNO2d_recurrent/datasets/exponax_datasets/t20/generalizability/dim2d_nx256_N10_solver=exponax_nu0.000_t20.0_test_ntimepoints21_GRF_rbf_length_scale0.050_variance0.500_vmax0.4_vmin-0.4_batch0_all_frames.pt
  198. /blue/shiboli.fsu/yifeisun.umich/adversarial_robustness_FNO/2D_NS_FNO2d_recurrent/datasets/exponax_datasets/t20/generalizability/dim2d_nx256_N10_solver=exponax_nu0.000_t20.0_test_ntimepoints21_GRF_rbf_length_scale0.050_variance0.500_vmax0_vmin-1_batch0_all_frames.pt
  199. /blue/shiboli.fsu/yifeisun.umich/adversarial_robustness_FNO/2D_NS_FNO2d_recurrent/datasets/exponax_datasets/t20/generalizability/dim2d_nx256_N10_solver=exponax_nu0.000_t20.0_test_ntimepoints21_GRF_rbf_length_scale0.050_variance0.500_vmax1.5_vmin1_batch0_all_frames.pt
  200. /blue/shiboli.fsu/yifeisun.umich/adversarial_robustness_FNO/2D_NS_FNO2d_recurrent/datasets/exponax_datasets/t20/generalizability/dim2d_nx256_N10_solver=exponax_nu0.000_t20.0_test_ntimepoints21_GRF_rbf_length_scale0.050_variance0.500_vmax1_vmin-1_batch0_all_frames.pt
  201. /blue/shiboli.fsu/yifeisun.umich/adversarial_robustness_FNO/2D_NS_FNO2d_recurrent/datasets/exponax_datasets/t20/generalizability/dim2d_nx256_N10_solver=exponax_nu0.000_t20.0_test_ntimepoints21_GRF_rbf_length_scale0.050_variance0.500_vmax1_vmin0_batch0_all_frames.pt
  202. /blue/shiboli.fsu/yifeisun.umich/adversarial_robustness_FNO/2D_NS_FNO2d_recurrent/datasets/exponax_datasets/t20/generalizability/dim2d_nx256_N10_solver=exponax_nu0.000_t20.0_test_ntimepoints21_GRF_rbf_length_scale0.050_variance1.000_vmax-1_vmin-1.5_batch0_all_frames.pt
  203. /blue/shiboli.fsu/yifeisun.umich/adversarial_robustness_FNO/2D_NS_FNO2d_recurrent/datasets/exponax_datasets/t20/generalizability/dim2d_nx256_N10_solver=exponax_nu0.000_t20.0_test_ntimepoints21_GRF_rbf_length_scale0.050_variance1.000_vmax0.4_vmin-0.4_batch0_all_frames.pt
  204. /blue/shiboli.fsu/yifeisun.umich/adversarial_robustness_FNO/2D_NS_FNO2d_recurrent/datasets/exponax_datasets/t20/generalizability/dim2d_nx256_N10_solver=exponax_nu0.000_t20.0_test_ntimepoints21_GRF_rbf_length_scale0.050_variance1.000_vmax0_vmin-1_batch0_all_frames.pt
  205. /blue/shiboli.fsu/yifeisun.umich/adversarial_robustness_FNO/2D_NS_FNO2d_recurrent/datasets/exponax_datasets/t20/generalizability/dim2d_nx256_N10_solver=exponax_nu0.000_t20.0_test_ntimepoints21_GRF_rbf_length_scale0.050_variance1.000_vmax1.5_vmin1_batch0_all_frames.pt
  206. /blue/shiboli.fsu/yifeisun.umich/adversarial_robustness_FNO/2D_NS_FNO2d_recurrent/datasets/exponax_datasets/t20/generalizability/dim2d_nx256_N10_solver=exponax_nu0.000_t20.0_test_ntimepoints21_GRF_rbf_length_scale0.050_variance1.000_vmax1_vmin-1_batch0_all_frames.pt
  207. /blue/shiboli.fsu/yifeisun.umich/adversarial_robustness_FNO/2D_NS_FNO2d_recurrent/datasets/exponax_datasets/t20/generalizability/dim2d_nx256_N10_solver=exponax_nu0.000_t20.0_test_ntimepoints21_GRF_rbf_length_scale0.050_variance1.000_vmax1_vmin0_batch0_all_frames.pt
  208. /blue/shiboli.fsu/yifeisun.umich/adversarial_robustness_FNO/2D_NS_FNO2d_recurrent/datasets/exponax_datasets/t20/generalizability/dim2d_nx256_N10_solver=exponax_nu0.000_t20.0_test_ntimepoints21_GRF_rbf_length_scale0.050_variance2.000_vmax-1_vmin-1.5_batch0_all_frames.pt
  209. /blue/shiboli.fsu/yifeisun.umich/adversarial_robustness_FNO/2D_NS_FNO2d_recurrent/datasets/exponax_datasets/t20/generalizability/dim2d_nx256_N10_solver=exponax_nu0.000_t20.0_test_ntimepoints21_GRF_rbf_length_scale0.050_variance2.000_vmax0.4_vmin-0.4_batch0_all_frames.pt
  210. /blue/shiboli.fsu/yifeisun.umich/adversarial_robustness_FNO/2D_NS_FNO2d_recurrent/datasets/exponax_datasets/t20/generalizability/dim2d_nx256_N10_solver=exponax_nu0.000_t20.0_test_ntimepoints21_GRF_rbf_length_scale0.050_variance2.000_vmax0_vmin-1_batch0_all_frames.pt
  211. /blue/shiboli.fsu/yifeisun.umich/adversarial_robustness_FNO/2D_NS_FNO2d_recurrent/datasets/exponax_datasets/t20/generalizability/dim2d_nx256_N10_solver=exponax_nu0.000_t20.0_test_ntimepoints21_GRF_rbf_length_scale0.050_variance2.000_vmax1.5_vmin1_batch0_all_frames.pt
  212. /blue/shiboli.fsu/yifeisun.umich/adversarial_robustness_FNO/2D_NS_FNO2d_recurrent/datasets/exponax_datasets/t20/generalizability/dim2d_nx256_N10_solver=exponax_nu0.000_t20.0_test_ntimepoints21_GRF_rbf_length_scale0.050_variance2.000_vmax1_vmin-1_batch0_all_frames.pt
  213. /blue/shiboli.fsu/yifeisun.umich/adversarial_robustness_FNO/2D_NS_FNO2d_recurrent/datasets/exponax_datasets/t20/generalizability/dim2d_nx256_N10_solver=exponax_nu0.000_t20.0_test_ntimepoints21_GRF_rbf_length_scale0.050_variance2.000_vmax1_vmin0_batch0_all_frames.pt
  214. /blue/shiboli.fsu/yifeisun.umich/adversarial_robustness_FNO/2D_NS_FNO2d_recurrent/datasets/exponax_datasets/t20/generalizability/dim2d_nx256_N10_solver=exponax_nu0.000_t20.0_test_ntimepoints21_GRF_rbf_length_scale0.050_variance5_vmax-1_vmin-1.5_batch0_all_frames.pt
  215. /blue/shiboli.fsu/yifeisun.umich/adversarial_robustness_FNO/2D_NS_FNO2d_recurrent/datasets/exponax_datasets/t20/generalizability/dim2d_nx256_N10_solver=exponax_nu0.000_t20.0_test_ntimepoints21_GRF_rbf_length_scale0.050_variance5_vmax0.4_vmin-0.4_batch0_all_frames.pt
  216. /blue/shiboli.fsu/yifeisun.umich/adversarial_robustness_FNO/2D_NS_FNO2d_recurrent/datasets/exponax_datasets/t20/generalizability/dim2d_nx256_N10_solver=exponax_nu0.000_t20.0_test_ntimepoints21_GRF_rbf_length_scale0.050_variance5_vmax0_vmin-1_batch0_all_frames.pt
  217. /blue/shiboli.fsu/yifeisun.umich/adversarial_robustness_FNO/2D_NS_FNO2d_recurrent/datasets/exponax_datasets/t20/generalizability/dim2d_nx256_N10_solver=exponax_nu0.000_t20.0_test_ntimepoints21_GRF_rbf_length_scale0.050_variance5_vmax1.5_vmin1_batch0_all_frames.pt
  218. /blue/shiboli.fsu/yifeisun.umich/adversarial_robustness_FNO/2D_NS_FNO2d_recurrent/datasets/exponax_datasets/t20/generalizability/dim2d_nx256_N10_solver=exponax_nu0.000_t20.0_test_ntimepoints21_GRF_rbf_length_scale0.050_variance5_vmax1_vmin-1_batch0_all_frames.pt
  219. /blue/shiboli.fsu/yifeisun.umich/adversarial_robustness_FNO/2D_NS_FNO2d_recurrent/datasets/exponax_datasets/t20/generalizability/dim2d_nx256_N10_solver=exponax_nu0.000_t20.0_test_ntimepoints21_GRF_rbf_length_scale0.050_variance5_vmax1_vmin0_batch0_all_frames.pt
  220. /blue/shiboli.fsu/yifeisun.umich/adversarial_robustness_FNO/2D_NS_FNO2d_recurrent/datasets/exponax_datasets/t20/generalizability/dim2d_nx256_N10_solver=exponax_nu0.000_t20.0_test_ntimepoints21_GRF_rbf_length_scale0.100_variance0.100_vmax-1_vmin-1.5_batch0_all_frames.pt
  221. /blue/shiboli.fsu/yifeisun.umich/adversarial_robustness_FNO/2D_NS_FNO2d_recurrent/datasets/exponax_datasets/t20/generalizability/dim2d_nx256_N10_solver=exponax_nu0.000_t20.0_test_ntimepoints21_GRF_rbf_length_scale0.100_variance0.100_vmax0.4_vmin-0.4_batch0_all_frames.pt
  222. /blue/shiboli.fsu/yifeisun.umich/adversarial_robustness_FNO/2D_NS_FNO2d_recurrent/datasets/exponax_datasets/t20/generalizability/dim2d_nx256_N10_solver=exponax_nu0.000_t20.0_test_ntimepoints21_GRF_rbf_length_scale0.100_variance0.100_vmax0_vmin-1_batch0_all_frames.pt
  223. /blue/shiboli.fsu/yifeisun.umich/adversarial_robustness_FNO/2D_NS_FNO2d_recurrent/datasets/exponax_datasets/t20/generalizability/dim2d_nx256_N10_solver=exponax_nu0.000_t20.0_test_ntimepoints21_GRF_rbf_length_scale0.100_variance0.100_vmax1.5_vmin1_batch0_all_frames.pt
  224. /blue/shiboli.fsu/yifeisun.umich/adversarial_robustness_FNO/2D_NS_FNO2d_recurrent/datasets/exponax_datasets/t20/generalizability/dim2d_nx256_N10_solver=exponax_nu0.000_t20.0_test_ntimepoints21_GRF_rbf_length_scale0.100_variance0.100_vmax1_vmin-1_batch0_all_frames.pt
  225. /blue/shiboli.fsu/yifeisun.umich/adversarial_robustness_FNO/2D_NS_FNO2d_recurrent/datasets/exponax_datasets/t20/generalizability/dim2d_nx256_N10_solver=exponax_nu0.000_t20.0_test_ntimepoints21_GRF_rbf_length_scale0.100_variance0.100_vmax1_vmin0_batch0_all_frames.pt
  226. /blue/shiboli.fsu/yifeisun.umich/adversarial_robustness_FNO/2D_NS_FNO2d_recurrent/datasets/exponax_datasets/t20/generalizability/dim2d_nx256_N10_solver=exponax_nu0.000_t20.0_test_ntimepoints21_GRF_rbf_length_scale0.100_variance0.500_vmax-1_vmin-1.5_batch0_all_frames.pt
  227. /blue/shiboli.fsu/yifeisun.umich/adversarial_robustness_FNO/2D_NS_FNO2d_recurrent/datasets/exponax_datasets/t20/generalizability/dim2d_nx256_N10_solver=exponax_nu0.000_t20.0_test_ntimepoints21_GRF_rbf_length_scale0.100_variance0.500_vmax0.4_vmin-0.4_batch0_all_frames.pt
  228. /blue/shiboli.fsu/yifeisun.umich/adversarial_robustness_FNO/2D_NS_FNO2d_recurrent/datasets/exponax_datasets/t20/generalizability/dim2d_nx256_N10_solver=exponax_nu0.000_t20.0_test_ntimepoints21_GRF_rbf_length_scale0.100_variance0.500_vmax0_vmin-1_batch0_all_frames.pt
  229. /blue/shiboli.fsu/yifeisun.umich/adversarial_robustness_FNO/2D_NS_FNO2d_recurrent/datasets/exponax_datasets/t20/generalizability/dim2d_nx256_N10_solver=exponax_nu0.000_t20.0_test_ntimepoints21_GRF_rbf_length_scale0.100_variance0.500_vmax1.5_vmin1_batch0_all_frames.pt
  230. /blue/shiboli.fsu/yifeisun.umich/adversarial_robustness_FNO/2D_NS_FNO2d_recurrent/datasets/exponax_datasets/t20/generalizability/dim2d_nx256_N10_solver=exponax_nu0.000_t20.0_test_ntimepoints21_GRF_rbf_length_scale0.100_variance0.500_vmax1_vmin-1_batch0_all_frames.pt
  231. /blue/shiboli.fsu/yifeisun.umich/adversarial_robustness_FNO/2D_NS_FNO2d_recurrent/datasets/exponax_datasets/t20/generalizability/dim2d_nx256_N10_solver=exponax_nu0.000_t20.0_test_ntimepoints21_GRF_rbf_length_scale0.100_variance0.500_vmax1_vmin0_batch0_all_frames.pt
  232. /blue/shiboli.fsu/yifeisun.umich/adversarial_robustness_FNO/2D_NS_FNO2d_recurrent/datasets/exponax_datasets/t20/generalizability/dim2d_nx256_N10_solver=exponax_nu0.000_t20.0_test_ntimepoints21_GRF_rbf_length_scale0.100_variance1.000_vmax-1_vmin-1.5_batch0_all_frames.pt
  233. /blue/shiboli.fsu/yifeisun.umich/adversarial_robustness_FNO/2D_NS_FNO2d_recurrent/datasets/exponax_datasets/t20/generalizability/dim2d_nx256_N10_solver=exponax_nu0.000_t20.0_test_ntimepoints21_GRF_rbf_length_scale0.100_variance1.000_vmax0.4_vmin-0.4_batch0_all_frames.pt
  234. /blue/shiboli.fsu/yifeisun.umich/adversarial_robustness_FNO/2D_NS_FNO2d_recurrent/datasets/exponax_datasets/t20/generalizability/dim2d_nx256_N10_solver=exponax_nu0.000_t20.0_test_ntimepoints21_GRF_rbf_length_scale0.100_variance1.000_vmax0_vmin-1_batch0_all_frames.pt
  235. /blue/shiboli.fsu/yifeisun.umich/adversarial_robustness_FNO/2D_NS_FNO2d_recurrent/datasets/exponax_datasets/t20/generalizability/dim2d_nx256_N10_solver=exponax_nu0.000_t20.0_test_ntimepoints21_GRF_rbf_length_scale0.100_variance1.000_vmax1.5_vmin1_batch0_all_frames.pt
  236. /blue/shiboli.fsu/yifeisun.umich/adversarial_robustness_FNO/2D_NS_FNO2d_recurrent/datasets/exponax_datasets/t20/generalizability/dim2d_nx256_N10_solver=exponax_nu0.000_t20.0_test_ntimepoints21_GRF_rbf_length_scale0.100_variance1.000_vmax1_vmin-1_batch0_all_frames.pt
  237. /blue/shiboli.fsu/yifeisun.umich/adversarial_robustness_FNO/2D_NS_FNO2d_recurrent/datasets/exponax_datasets/t20/generalizability/dim2d_nx256_N10_solver=exponax_nu0.000_t20.0_test_ntimepoints21_GRF_rbf_length_scale0.100_variance1.000_vmax1_vmin0_batch0_all_frames.pt
  238. /blue/shiboli.fsu/yifeisun.umich/adversarial_robustness_FNO/2D_NS_FNO2d_recurrent/datasets/exponax_datasets/t20/generalizability/dim2d_nx256_N10_solver=exponax_nu0.000_t20.0_test_ntimepoints21_GRF_rbf_length_scale0.100_variance2.000_vmax-1_vmin-1.5_batch0_all_frames.pt
  239. /blue/shiboli.fsu/yifeisun.umich/adversarial_robustness_FNO/2D_NS_FNO2d_recurrent/datasets/exponax_datasets/t20/generalizability/dim2d_nx256_N10_solver=exponax_nu0.000_t20.0_test_ntimepoints21_GRF_rbf_length_scale0.100_variance2.000_vmax0.4_vmin-0.4_batch0_all_frames.pt
  240. /blue/shiboli.fsu/yifeisun.umich/adversarial_robustness_FNO/2D_NS_FNO2d_recurrent/datasets/exponax_datasets/t20/generalizability/dim2d_nx256_N10_solver=exponax_nu0.000_t20.0_test_ntimepoints21_GRF_rbf_length_scale0.100_variance2.000_vmax0_vmin-1_batch0_all_frames.pt
  241. /blue/shiboli.fsu/yifeisun.umich/adversarial_robustness_FNO/2D_NS_FNO2d_recurrent/datasets/exponax_datasets/t20/generalizability/dim2d_nx256_N10_solver=exponax_nu0.000_t20.0_test_ntimepoints21_GRF_rbf_length_scale0.100_variance2.000_vmax1.5_vmin1_batch0_all_frames.pt
  242. /blue/shiboli.fsu/yifeisun.umich/adversarial_robustness_FNO/2D_NS_FNO2d_recurrent/datasets/exponax_datasets/t20/generalizability/dim2d_nx256_N10_solver=exponax_nu0.000_t20.0_test_ntimepoints21_GRF_rbf_length_scale0.100_variance2.000_vmax1_vmin-1_batch0_all_frames.pt
  243. /blue/shiboli.fsu/yifeisun.umich/adversarial_robustness_FNO/2D_NS_FNO2d_recurrent/datasets/exponax_datasets/t20/generalizability/dim2d_nx256_N10_solver=exponax_nu0.000_t20.0_test_ntimepoints21_GRF_rbf_length_scale0.100_variance2.000_vmax1_vmin0_batch0_all_frames.pt
  244. /blue/shiboli.fsu/yifeisun.umich/adversarial_robustness_FNO/2D_NS_FNO2d_recurrent/datasets/exponax_datasets/t20/generalizability/dim2d_nx256_N10_solver=exponax_nu0.000_t20.0_test_ntimepoints21_GRF_rbf_length_scale0.100_variance5_vmax-1_vmin-1.5_batch0_all_frames.pt
  245. /blue/shiboli.fsu/yifeisun.umich/adversarial_robustness_FNO/2D_NS_FNO2d_recurrent/datasets/exponax_datasets/t20/generalizability/dim2d_nx256_N10_solver=exponax_nu0.000_t20.0_test_ntimepoints21_GRF_rbf_length_scale0.100_variance5_vmax0.4_vmin-0.4_batch0_all_frames.pt
  246. /blue/shiboli.fsu/yifeisun.umich/adversarial_robustness_FNO/2D_NS_FNO2d_recurrent/datasets/exponax_datasets/t20/generalizability/dim2d_nx256_N10_solver=exponax_nu0.000_t20.0_test_ntimepoints21_GRF_rbf_length_scale0.100_variance5_vmax0_vmin-1_batch0_all_frames.pt
  247. /blue/shiboli.fsu/yifeisun.umich/adversarial_robustness_FNO/2D_NS_FNO2d_recurrent/datasets/exponax_datasets/t20/generalizability/dim2d_nx256_N10_solver=exponax_nu0.000_t20.0_test_ntimepoints21_GRF_rbf_length_scale0.100_variance5_vmax1.5_vmin1_batch0_all_frames.pt
  248. /blue/shiboli.fsu/yifeisun.umich/adversarial_robustness_FNO/2D_NS_FNO2d_recurrent/datasets/exponax_datasets/t20/generalizability/dim2d_nx256_N10_solver=exponax_nu0.000_t20.0_test_ntimepoints21_GRF_rbf_length_scale0.100_variance5_vmax1_vmin-1_batch0_all_frames.pt
  249. /blue/shiboli.fsu/yifeisun.umich/adversarial_robustness_FNO/2D_NS_FNO2d_recurrent/datasets/exponax_datasets/t20/generalizability/dim2d_nx256_N10_solver=exponax_nu0.000_t20.0_test_ntimepoints21_GRF_rbf_length_scale0.100_variance5_vmax1_vmin0_batch0_all_frames.pt
  250. /blue/shiboli.fsu/yifeisun.umich/adversarial_robustness_FNO/2D_NS_FNO2d_recurrent/datasets/exponax_datasets/t20/generalizability/dim2d_nx256_N10_solver=exponax_nu0.000_t20.0_test_ntimepoints21_GRF_rbf_length_scale0.200_variance0.100_vmax-1_vmin-1.5_batch0_all_frames.pt
  251. /blue/shiboli.fsu/yifeisun.umich/adversarial_robustness_FNO/2D_NS_FNO2d_recurrent/datasets/exponax_datasets/t20/generalizability/dim2d_nx256_N10_solver=exponax_nu0.000_t20.0_test_ntimepoints21_GRF_rbf_length_scale0.200_variance0.100_vmax0.4_vmin-0.4_batch0_all_frames.pt
  252. /blue/shiboli.fsu/yifeisun.umich/adversarial_robustness_FNO/2D_NS_FNO2d_recurrent/datasets/exponax_datasets/t20/generalizability/dim2d_nx256_N10_solver=exponax_nu0.000_t20.0_test_ntimepoints21_GRF_rbf_length_scale0.200_variance0.100_vmax0_vmin-1_batch0_all_frames.pt
  253. /blue/shiboli.fsu/yifeisun.umich/adversarial_robustness_FNO/2D_NS_FNO2d_recurrent/datasets/exponax_datasets/t20/generalizability/dim2d_nx256_N10_solver=exponax_nu0.000_t20.0_test_ntimepoints21_GRF_rbf_length_scale0.200_variance0.100_vmax1.5_vmin1_batch0_all_frames.pt
  254. /blue/shiboli.fsu/yifeisun.umich/adversarial_robustness_FNO/2D_NS_FNO2d_recurrent/datasets/exponax_datasets/t20/generalizability/dim2d_nx256_N10_solver=exponax_nu0.000_t20.0_test_ntimepoints21_GRF_rbf_length_scale0.200_variance0.100_vmax1_vmin-1_batch0_all_frames.pt
  255. /blue/shiboli.fsu/yifeisun.umich/adversarial_robustness_FNO/2D_NS_FNO2d_recurrent/datasets/exponax_datasets/t20/generalizability/dim2d_nx256_N10_solver=exponax_nu0.000_t20.0_test_ntimepoints21_GRF_rbf_length_scale0.200_variance0.100_vmax1_vmin0_batch0_all_frames.pt
  256. /blue/shiboli.fsu/yifeisun.umich/adversarial_robustness_FNO/2D_NS_FNO2d_recurrent/datasets/exponax_datasets/t20/generalizability/dim2d_nx256_N10_solver=exponax_nu0.000_t20.0_test_ntimepoints21_GRF_rbf_length_scale0.200_variance0.500_vmax-1_vmin-1.5_batch0_all_frames.pt
  257. /blue/shiboli.fsu/yifeisun.umich/adversarial_robustness_FNO/2D_NS_FNO2d_recurrent/datasets/exponax_datasets/t20/generalizability/dim2d_nx256_N10_solver=exponax_nu0.000_t20.0_test_ntimepoints21_GRF_rbf_length_scale0.200_variance0.500_vmax0.4_vmin-0.4_batch0_all_frames.pt
  258. /blue/shiboli.fsu/yifeisun.umich/adversarial_robustness_FNO/2D_NS_FNO2d_recurrent/datasets/exponax_datasets/t20/generalizability/dim2d_nx256_N10_solver=exponax_nu0.000_t20.0_test_ntimepoints21_GRF_rbf_length_scale0.200_variance0.500_vmax0_vmin-1_batch0_all_frames.pt
  259. /blue/shiboli.fsu/yifeisun.umich/adversarial_robustness_FNO/2D_NS_FNO2d_recurrent/datasets/exponax_datasets/t20/generalizability/dim2d_nx256_N10_solver=exponax_nu0.000_t20.0_test_ntimepoints21_GRF_rbf_length_scale0.200_variance0.500_vmax1.5_vmin1_batch0_all_frames.pt
  260. /blue/shiboli.fsu/yifeisun.umich/adversarial_robustness_FNO/2D_NS_FNO2d_recurrent/datasets/exponax_datasets/t20/generalizability/dim2d_nx256_N10_solver=exponax_nu0.000_t20.0_test_ntimepoints21_GRF_rbf_length_scale0.200_variance0.500_vmax1_vmin-1_batch0_all_frames.pt
  261. /blue/shiboli.fsu/yifeisun.umich/adversarial_robustness_FNO/2D_NS_FNO2d_recurrent/datasets/exponax_datasets/t20/generalizability/dim2d_nx256_N10_solver=exponax_nu0.000_t20.0_test_ntimepoints21_GRF_rbf_length_scale0.200_variance0.500_vmax1_vmin0_batch0_all_frames.pt
  262. /blue/shiboli.fsu/yifeisun.umich/adversarial_robustness_FNO/2D_NS_FNO2d_recurrent/datasets/exponax_datasets/t20/generalizability/dim2d_nx256_N10_solver=exponax_nu0.000_t20.0_test_ntimepoints21_GRF_rbf_length_scale0.200_variance1.000_vmax-1_vmin-1.5_batch0_all_frames.pt
  263. /blue/shiboli.fsu/yifeisun.umich/adversarial_robustness_FNO/2D_NS_FNO2d_recurrent/datasets/exponax_datasets/t20/generalizability/dim2d_nx256_N10_solver=exponax_nu0.000_t20.0_test_ntimepoints21_GRF_rbf_length_scale0.200_variance1.000_vmax0.4_vmin-0.4_batch0_all_frames.pt
  264. /blue/shiboli.fsu/yifeisun.umich/adversarial_robustness_FNO/2D_NS_FNO2d_recurrent/datasets/exponax_datasets/t20/generalizability/dim2d_nx256_N10_solver=exponax_nu0.000_t20.0_test_ntimepoints21_GRF_rbf_length_scale0.200_variance1.000_vmax0_vmin-1_batch0_all_frames.pt
  265. /blue/shiboli.fsu/yifeisun.umich/adversarial_robustness_FNO/2D_NS_FNO2d_recurrent/datasets/exponax_datasets/t20/generalizability/dim2d_nx256_N10_solver=exponax_nu0.000_t20.0_test_ntimepoints21_GRF_rbf_length_scale0.200_variance1.000_vmax1.5_vmin1_batch0_all_frames.pt
  266. /blue/shiboli.fsu/yifeisun.umich/adversarial_robustness_FNO/2D_NS_FNO2d_recurrent/datasets/exponax_datasets/t20/generalizability/dim2d_nx256_N10_solver=exponax_nu0.000_t20.0_test_ntimepoints21_GRF_rbf_length_scale0.200_variance1.000_vmax1_vmin-1_batch0_all_frames.pt
  267. /blue/shiboli.fsu/yifeisun.umich/adversarial_robustness_FNO/2D_NS_FNO2d_recurrent/datasets/exponax_datasets/t20/generalizability/dim2d_nx256_N10_solver=exponax_nu0.000_t20.0_test_ntimepoints21_GRF_rbf_length_scale0.200_variance1.000_vmax1_vmin0_batch0_all_frames.pt
  268. /blue/shiboli.fsu/yifeisun.umich/adversarial_robustness_FNO/2D_NS_FNO2d_recurrent/datasets/exponax_datasets/t20/generalizability/dim2d_nx256_N10_solver=exponax_nu0.000_t20.0_test_ntimepoints21_GRF_rbf_length_scale0.200_variance2.000_vmax-1_vmin-1.5_batch0_all_frames.pt
  269. /blue/shiboli.fsu/yifeisun.umich/adversarial_robustness_FNO/2D_NS_FNO2d_recurrent/datasets/exponax_datasets/t20/generalizability/dim2d_nx256_N10_solver=exponax_nu0.000_t20.0_test_ntimepoints21_GRF_rbf_length_scale0.200_variance2.000_vmax0.4_vmin-0.4_batch0_all_frames.pt
  270. /blue/shiboli.fsu/yifeisun.umich/adversarial_robustness_FNO/2D_NS_FNO2d_recurrent/datasets/exponax_datasets/t20/generalizability/dim2d_nx256_N10_solver=exponax_nu0.000_t20.0_test_ntimepoints21_GRF_rbf_length_scale0.200_variance2.000_vmax0_vmin-1_batch0_all_frames.pt
  271. /blue/shiboli.fsu/yifeisun.umich/adversarial_robustness_FNO/2D_NS_FNO2d_recurrent/datasets/exponax_datasets/t20/generalizability/dim2d_nx256_N10_solver=exponax_nu0.000_t20.0_test_ntimepoints21_GRF_rbf_length_scale0.200_variance2.000_vmax1.5_vmin1_batch0_all_frames.pt
  272. /blue/shiboli.fsu/yifeisun.umich/adversarial_robustness_FNO/2D_NS_FNO2d_recurrent/datasets/exponax_datasets/t20/generalizability/dim2d_nx256_N10_solver=exponax_nu0.000_t20.0_test_ntimepoints21_GRF_rbf_length_scale0.200_variance2.000_vmax1_vmin-1_batch0_all_frames.pt
  273. /blue/shiboli.fsu/yifeisun.umich/adversarial_robustness_FNO/2D_NS_FNO2d_recurrent/datasets/exponax_datasets/t20/generalizability/dim2d_nx256_N10_solver=exponax_nu0.000_t20.0_test_ntimepoints21_GRF_rbf_length_scale0.200_variance2.000_vmax1_vmin0_batch0_all_frames.pt
  274. /blue/shiboli.fsu/yifeisun.umich/adversarial_robustness_FNO/2D_NS_FNO2d_recurrent/datasets/exponax_datasets/t20/generalizability/dim2d_nx256_N10_solver=exponax_nu0.000_t20.0_test_ntimepoints21_GRF_rbf_length_scale0.200_variance5_vmax-1_vmin-1.5_batch0_all_frames.pt
  275. /blue/shiboli.fsu/yifeisun.umich/adversarial_robustness_FNO/2D_NS_FNO2d_recurrent/datasets/exponax_datasets/t20/generalizability/dim2d_nx256_N10_solver=exponax_nu0.000_t20.0_test_ntimepoints21_GRF_rbf_length_scale0.200_variance5_vmax0.4_vmin-0.4_batch0_all_frames.pt
  276. /blue/shiboli.fsu/yifeisun.umich/adversarial_robustness_FNO/2D_NS_FNO2d_recurrent/datasets/exponax_datasets/t20/generalizability/dim2d_nx256_N10_solver=exponax_nu0.000_t20.0_test_ntimepoints21_GRF_rbf_length_scale0.200_variance5_vmax0_vmin-1_batch0_all_frames.pt
  277. /blue/shiboli.fsu/yifeisun.umich/adversarial_robustness_FNO/2D_NS_FNO2d_recurrent/datasets/exponax_datasets/t20/generalizability/dim2d_nx256_N10_solver=exponax_nu0.000_t20.0_test_ntimepoints21_GRF_rbf_length_scale0.200_variance5_vmax1.5_vmin1_batch0_all_frames.pt
  278. /blue/shiboli.fsu/yifeisun.umich/adversarial_robustness_FNO/2D_NS_FNO2d_recurrent/datasets/exponax_datasets/t20/generalizability/dim2d_nx256_N10_solver=exponax_nu0.000_t20.0_test_ntimepoints21_GRF_rbf_length_scale0.200_variance5_vmax1_vmin-1_batch0_all_frames.pt
  279. /blue/shiboli.fsu/yifeisun.umich/adversarial_robustness_FNO/2D_NS_FNO2d_recurrent/datasets/exponax_datasets/t20/generalizability/dim2d_nx256_N10_solver=exponax_nu0.000_t20.0_test_ntimepoints21_GRF_rbf_length_scale0.200_variance5_vmax1_vmin0_batch0_all_frames.pt
  280. /blue/shiboli.fsu/yifeisun.umich/adversarial_robustness_FNO/2D_NS_FNO2d_recurrent/datasets/exponax_datasets/t20/generalizability/dim2d_nx256_N10_solver=exponax_nu0.000_t20.0_test_ntimepoints21_GRF_rq_length_scale0.050_variance0.700_alpha0.750_vmax-1_vmin-1.5_batch0_all_frames.pt
  281. /blue/shiboli.fsu/yifeisun.umich/adversarial_robustness_FNO/2D_NS_FNO2d_recurrent/datasets/exponax_datasets/t20/generalizability/dim2d_nx256_N10_solver=exponax_nu0.000_t20.0_test_ntimepoints21_GRF_rq_length_scale0.050_variance0.700_alpha0.750_vmax0.4_vmin-0.4_batch0_all_frames.pt
  282. /blue/shiboli.fsu/yifeisun.umich/adversarial_robustness_FNO/2D_NS_FNO2d_recurrent/datasets/exponax_datasets/t20/generalizability/dim2d_nx256_N10_solver=exponax_nu0.000_t20.0_test_ntimepoints21_GRF_rq_length_scale0.050_variance0.700_alpha0.750_vmax0_vmin-1_batch0_all_frames.pt
  283. /blue/shiboli.fsu/yifeisun.umich/adversarial_robustness_FNO/2D_NS_FNO2d_recurrent/datasets/exponax_datasets/t20/generalizability/dim2d_nx256_N10_solver=exponax_nu0.000_t20.0_test_ntimepoints21_GRF_rq_length_scale0.050_variance0.700_alpha0.750_vmax1.5_vmin1_batch0_all_frames.pt
  284. /blue/shiboli.fsu/yifeisun.umich/adversarial_robustness_FNO/2D_NS_FNO2d_recurrent/datasets/exponax_datasets/t20/generalizability/dim2d_nx256_N10_solver=exponax_nu0.000_t20.0_test_ntimepoints21_GRF_rq_length_scale0.050_variance0.700_alpha0.750_vmax1_vmin-1_batch0_all_frames.pt
  285. /blue/shiboli.fsu/yifeisun.umich/adversarial_robustness_FNO/2D_NS_FNO2d_recurrent/datasets/exponax_datasets/t20/generalizability/dim2d_nx256_N10_solver=exponax_nu0.000_t20.0_test_ntimepoints21_GRF_rq_length_scale0.050_variance0.700_alpha0.750_vmax1_vmin0_batch0_all_frames.pt
  286. /blue/shiboli.fsu/yifeisun.umich/adversarial_robustness_FNO/2D_NS_FNO2d_recurrent/datasets/exponax_datasets/t20/generalizability/dim2d_nx256_N10_solver=exponax_nu0.000_t20.0_test_ntimepoints21_GRF_rq_length_scale0.050_variance0.700_alpha1.000_vmax-1_vmin-1.5_batch0_all_frames.pt
  287. /blue/shiboli.fsu/yifeisun.umich/adversarial_robustness_FNO/2D_NS_FNO2d_recurrent/datasets/exponax_datasets/t20/generalizability/dim2d_nx256_N10_solver=exponax_nu0.000_t20.0_test_ntimepoints21_GRF_rq_length_scale0.050_variance0.700_alpha1.000_vmax0.4_vmin-0.4_batch0_all_frames.pt
  288. /blue/shiboli.fsu/yifeisun.umich/adversarial_robustness_FNO/2D_NS_FNO2d_recurrent/datasets/exponax_datasets/t20/generalizability/dim2d_nx256_N10_solver=exponax_nu0.000_t20.0_test_ntimepoints21_GRF_rq_length_scale0.050_variance0.700_alpha1.000_vmax0_vmin-1_batch0_all_frames.pt
  289. /blue/shiboli.fsu/yifeisun.umich/adversarial_robustness_FNO/2D_NS_FNO2d_recurrent/datasets/exponax_datasets/t20/generalizability/dim2d_nx256_N10_solver=exponax_nu0.000_t20.0_test_ntimepoints21_GRF_rq_length_scale0.050_variance0.700_alpha1.000_vmax1.5_vmin1_batch0_all_frames.pt
  290. /blue/shiboli.fsu/yifeisun.umich/adversarial_robustness_FNO/2D_NS_FNO2d_recurrent/datasets/exponax_datasets/t20/generalizability/dim2d_nx256_N10_solver=exponax_nu0.000_t20.0_test_ntimepoints21_GRF_rq_length_scale0.050_variance0.700_alpha1.000_vmax1_vmin-1_batch0_all_frames.pt
  291. /blue/shiboli.fsu/yifeisun.umich/adversarial_robustness_FNO/2D_NS_FNO2d_recurrent/datasets/exponax_datasets/t20/generalizability/dim2d_nx256_N10_solver=exponax_nu0.000_t20.0_test_ntimepoints21_GRF_rq_length_scale0.050_variance0.700_alpha1.000_vmax1_vmin0_batch0_all_frames.pt
  292. /blue/shiboli.fsu/yifeisun.umich/adversarial_robustness_FNO/2D_NS_FNO2d_recurrent/datasets/exponax_datasets/t20/generalizability/dim2d_nx256_N10_solver=exponax_nu0.000_t20.0_test_ntimepoints21_GRF_rq_length_scale0.050_variance0.700_alpha1.500_vmax-1_vmin-1.5_batch0_all_frames.pt
  293. /blue/shiboli.fsu/yifeisun.umich/adversarial_robustness_FNO/2D_NS_FNO2d_recurrent/datasets/exponax_datasets/t20/generalizability/dim2d_nx256_N10_solver=exponax_nu0.000_t20.0_test_ntimepoints21_GRF_rq_length_scale0.050_variance0.700_alpha1.500_vmax0.4_vmin-0.4_batch0_all_frames.pt
  294. /blue/shiboli.fsu/yifeisun.umich/adversarial_robustness_FNO/2D_NS_FNO2d_recurrent/datasets/exponax_datasets/t20/generalizability/dim2d_nx256_N10_solver=exponax_nu0.000_t20.0_test_ntimepoints21_GRF_rq_length_scale0.050_variance0.700_alpha1.500_vmax0_vmin-1_batch0_all_frames.pt
  295. /blue/shiboli.fsu/yifeisun.umich/adversarial_robustness_FNO/2D_NS_FNO2d_recurrent/datasets/exponax_datasets/t20/generalizability/dim2d_nx256_N10_solver=exponax_nu0.000_t20.0_test_ntimepoints21_GRF_rq_length_scale0.050_variance0.700_alpha1.500_vmax1.5_vmin1_batch0_all_frames.pt
  296. /blue/shiboli.fsu/yifeisun.umich/adversarial_robustness_FNO/2D_NS_FNO2d_recurrent/datasets/exponax_datasets/t20/generalizability/dim2d_nx256_N10_solver=exponax_nu0.000_t20.0_test_ntimepoints21_GRF_rq_length_scale0.050_variance0.700_alpha1.500_vmax1_vmin-1_batch0_all_frames.pt
  297. /blue/shiboli.fsu/yifeisun.umich/adversarial_robustness_FNO/2D_NS_FNO2d_recurrent/datasets/exponax_datasets/t20/generalizability/dim2d_nx256_N10_solver=exponax_nu0.000_t20.0_test_ntimepoints21_GRF_rq_length_scale0.050_variance0.700_alpha1.500_vmax1_vmin0_batch0_all_frames.pt
  298. /blue/shiboli.fsu/yifeisun.umich/adversarial_robustness_FNO/2D_NS_FNO2d_recurrent/datasets/exponax_datasets/t20/generalizability/dim2d_nx256_N10_solver=exponax_nu0.000_t20.0_test_ntimepoints21_GRF_rq_length_scale0.050_variance0.700_alpha1.700_vmax-1_vmin-1.5_batch0_all_frames.pt
  299. /blue/shiboli.fsu/yifeisun.umich/adversarial_robustness_FNO/2D_NS_FNO2d_recurrent/datasets/exponax_datasets/t20/generalizability/dim2d_nx256_N10_solver=exponax_nu0.000_t20.0_test_ntimepoints21_GRF_rq_length_scale0.050_variance0.700_alpha1.700_vmax0.4_vmin-0.4_batch0_all_frames.pt
  300. /blue/shiboli.fsu/yifeisun.umich/adversarial_robustness_FNO/2D_NS_FNO2d_recurrent/datasets/exponax_datasets/t20/generalizability/dim2d_nx256_N10_solver=exponax_nu0.000_t20.0_test_ntimepoints21_GRF_rq_length_scale0.050_variance0.700_alpha1.700_vmax0_vmin-1_batch0_all_frames.pt
  301. /blue/shiboli.fsu/yifeisun.umich/adversarial_robustness_FNO/2D_NS_FNO2d_recurrent/datasets/exponax_datasets/t20/generalizability/dim2d_nx256_N10_solver=exponax_nu0.000_t20.0_test_ntimepoints21_GRF_rq_length_scale0.050_variance0.700_alpha1.700_vmax1.5_vmin1_batch0_all_frames.pt
  302. /blue/shiboli.fsu/yifeisun.umich/adversarial_robustness_FNO/2D_NS_FNO2d_recurrent/datasets/exponax_datasets/t20/generalizability/dim2d_nx256_N10_solver=exponax_nu0.000_t20.0_test_ntimepoints21_GRF_rq_length_scale0.050_variance0.700_alpha1.700_vmax1_vmin-1_batch0_all_frames.pt
  303. /blue/shiboli.fsu/yifeisun.umich/adversarial_robustness_FNO/2D_NS_FNO2d_recurrent/datasets/exponax_datasets/t20/generalizability/dim2d_nx256_N10_solver=exponax_nu0.000_t20.0_test_ntimepoints21_GRF_rq_length_scale0.050_variance0.700_alpha1.700_vmax1_vmin0_batch0_all_frames.pt
  304. /blue/shiboli.fsu/yifeisun.umich/adversarial_robustness_FNO/2D_NS_FNO2d_recurrent/datasets/exponax_datasets/t20/generalizability/dim2d_nx256_N10_solver=exponax_nu0.000_t20.0_test_ntimepoints21_GRF_rq_length_scale0.050_variance1.000_alpha0.750_vmax-1_vmin-1.5_batch0_all_frames.pt
  305. /blue/shiboli.fsu/yifeisun.umich/adversarial_robustness_FNO/2D_NS_FNO2d_recurrent/datasets/exponax_datasets/t20/generalizability/dim2d_nx256_N10_solver=exponax_nu0.000_t20.0_test_ntimepoints21_GRF_rq_length_scale0.050_variance1.000_alpha0.750_vmax0.4_vmin-0.4_batch0_all_frames.pt
  306. /blue/shiboli.fsu/yifeisun.umich/adversarial_robustness_FNO/2D_NS_FNO2d_recurrent/datasets/exponax_datasets/t20/generalizability/dim2d_nx256_N10_solver=exponax_nu0.000_t20.0_test_ntimepoints21_GRF_rq_length_scale0.050_variance1.000_alpha0.750_vmax0_vmin-1_batch0_all_frames.pt
  307. /blue/shiboli.fsu/yifeisun.umich/adversarial_robustness_FNO/2D_NS_FNO2d_recurrent/datasets/exponax_datasets/t20/generalizability/dim2d_nx256_N10_solver=exponax_nu0.000_t20.0_test_ntimepoints21_GRF_rq_length_scale0.050_variance1.000_alpha0.750_vmax1.5_vmin1_batch0_all_frames.pt
  308. /blue/shiboli.fsu/yifeisun.umich/adversarial_robustness_FNO/2D_NS_FNO2d_recurrent/datasets/exponax_datasets/t20/generalizability/dim2d_nx256_N10_solver=exponax_nu0.000_t20.0_test_ntimepoints21_GRF_rq_length_scale0.050_variance1.000_alpha0.750_vmax1_vmin-1_batch0_all_frames.pt
  309. /blue/shiboli.fsu/yifeisun.umich/adversarial_robustness_FNO/2D_NS_FNO2d_recurrent/datasets/exponax_datasets/t20/generalizability/dim2d_nx256_N10_solver=exponax_nu0.000_t20.0_test_ntimepoints21_GRF_rq_length_scale0.050_variance1.000_alpha0.750_vmax1_vmin0_batch0_all_frames.pt
  310. /blue/shiboli.fsu/yifeisun.umich/adversarial_robustness_FNO/2D_NS_FNO2d_recurrent/datasets/exponax_datasets/t20/generalizability/dim2d_nx256_N10_solver=exponax_nu0.000_t20.0_test_ntimepoints21_GRF_rq_length_scale0.050_variance1.000_alpha1.000_vmax-1_vmin-1.5_batch0_all_frames.pt
  311. /blue/shiboli.fsu/yifeisun.umich/adversarial_robustness_FNO/2D_NS_FNO2d_recurrent/datasets/exponax_datasets/t20/generalizability/dim2d_nx256_N10_solver=exponax_nu0.000_t20.0_test_ntimepoints21_GRF_rq_length_scale0.050_variance1.000_alpha1.000_vmax0.4_vmin-0.4_batch0_all_frames.pt
  312. /blue/shiboli.fsu/yifeisun.umich/adversarial_robustness_FNO/2D_NS_FNO2d_recurrent/datasets/exponax_datasets/t20/generalizability/dim2d_nx256_N10_solver=exponax_nu0.000_t20.0_test_ntimepoints21_GRF_rq_length_scale0.050_variance1.000_alpha1.000_vmax0_vmin-1_batch0_all_frames.pt
  313. /blue/shiboli.fsu/yifeisun.umich/adversarial_robustness_FNO/2D_NS_FNO2d_recurrent/datasets/exponax_datasets/t20/generalizability/dim2d_nx256_N10_solver=exponax_nu0.000_t20.0_test_ntimepoints21_GRF_rq_length_scale0.050_variance1.000_alpha1.000_vmax1.5_vmin1_batch0_all_frames.pt
  314. /blue/shiboli.fsu/yifeisun.umich/adversarial_robustness_FNO/2D_NS_FNO2d_recurrent/datasets/exponax_datasets/t20/generalizability/dim2d_nx256_N10_solver=exponax_nu0.000_t20.0_test_ntimepoints21_GRF_rq_length_scale0.050_variance1.000_alpha1.000_vmax1_vmin-1_batch0_all_frames.pt
  315. /blue/shiboli.fsu/yifeisun.umich/adversarial_robustness_FNO/2D_NS_FNO2d_recurrent/datasets/exponax_datasets/t20/generalizability/dim2d_nx256_N10_solver=exponax_nu0.000_t20.0_test_ntimepoints21_GRF_rq_length_scale0.050_variance1.000_alpha1.000_vmax1_vmin0_batch0_all_frames.pt
  316. /blue/shiboli.fsu/yifeisun.umich/adversarial_robustness_FNO/2D_NS_FNO2d_recurrent/datasets/exponax_datasets/t20/generalizability/dim2d_nx256_N10_solver=exponax_nu0.000_t20.0_test_ntimepoints21_GRF_rq_length_scale0.050_variance1.000_alpha1.500_vmax-1_vmin-1.5_batch0_all_frames.pt
  317. /blue/shiboli.fsu/yifeisun.umich/adversarial_robustness_FNO/2D_NS_FNO2d_recurrent/datasets/exponax_datasets/t20/generalizability/dim2d_nx256_N10_solver=exponax_nu0.000_t20.0_test_ntimepoints21_GRF_rq_length_scale0.050_variance1.000_alpha1.500_vmax0.4_vmin-0.4_batch0_all_frames.pt
  318. /blue/shiboli.fsu/yifeisun.umich/adversarial_robustness_FNO/2D_NS_FNO2d_recurrent/datasets/exponax_datasets/t20/generalizability/dim2d_nx256_N10_solver=exponax_nu0.000_t20.0_test_ntimepoints21_GRF_rq_length_scale0.050_variance1.000_alpha1.500_vmax0_vmin-1_batch0_all_frames.pt
  319. /blue/shiboli.fsu/yifeisun.umich/adversarial_robustness_FNO/2D_NS_FNO2d_recurrent/datasets/exponax_datasets/t20/generalizability/dim2d_nx256_N10_solver=exponax_nu0.000_t20.0_test_ntimepoints21_GRF_rq_length_scale0.050_variance1.000_alpha1.500_vmax1.5_vmin1_batch0_all_frames.pt
  320. /blue/shiboli.fsu/yifeisun.umich/adversarial_robustness_FNO/2D_NS_FNO2d_recurrent/datasets/exponax_datasets/t20/generalizability/dim2d_nx256_N10_solver=exponax_nu0.000_t20.0_test_ntimepoints21_GRF_rq_length_scale0.050_variance1.000_alpha1.500_vmax1_vmin-1_batch0_all_frames.pt
  321. /blue/shiboli.fsu/yifeisun.umich/adversarial_robustness_FNO/2D_NS_FNO2d_recurrent/datasets/exponax_datasets/t20/generalizability/dim2d_nx256_N10_solver=exponax_nu0.000_t20.0_test_ntimepoints21_GRF_rq_length_scale0.050_variance1.000_alpha1.500_vmax1_vmin0_batch0_all_frames.pt
  322. /blue/shiboli.fsu/yifeisun.umich/adversarial_robustness_FNO/2D_NS_FNO2d_recurrent/datasets/exponax_datasets/t20/generalizability/dim2d_nx256_N10_solver=exponax_nu0.000_t20.0_test_ntimepoints21_GRF_rq_length_scale0.050_variance1.000_alpha1.700_vmax-1_vmin-1.5_batch0_all_frames.pt
  323. /blue/shiboli.fsu/yifeisun.umich/adversarial_robustness_FNO/2D_NS_FNO2d_recurrent/datasets/exponax_datasets/t20/generalizability/dim2d_nx256_N10_solver=exponax_nu0.000_t20.0_test_ntimepoints21_GRF_rq_length_scale0.050_variance1.000_alpha1.700_vmax0.4_vmin-0.4_batch0_all_frames.pt
  324. /blue/shiboli.fsu/yifeisun.umich/adversarial_robustness_FNO/2D_NS_FNO2d_recurrent/datasets/exponax_datasets/t20/generalizability/dim2d_nx256_N10_solver=exponax_nu0.000_t20.0_test_ntimepoints21_GRF_rq_length_scale0.050_variance1.000_alpha1.700_vmax0_vmin-1_batch0_all_frames.pt
  325. /blue/shiboli.fsu/yifeisun.umich/adversarial_robustness_FNO/2D_NS_FNO2d_recurrent/datasets/exponax_datasets/t20/generalizability/dim2d_nx256_N10_solver=exponax_nu0.000_t20.0_test_ntimepoints21_GRF_rq_length_scale0.050_variance1.000_alpha1.700_vmax1.5_vmin1_batch0_all_frames.pt
  326. /blue/shiboli.fsu/yifeisun.umich/adversarial_robustness_FNO/2D_NS_FNO2d_recurrent/datasets/exponax_datasets/t20/generalizability/dim2d_nx256_N10_solver=exponax_nu0.000_t20.0_test_ntimepoints21_GRF_rq_length_scale0.050_variance1.000_alpha1.700_vmax1_vmin-1_batch0_all_frames.pt
  327. /blue/shiboli.fsu/yifeisun.umich/adversarial_robustness_FNO/2D_NS_FNO2d_recurrent/datasets/exponax_datasets/t20/generalizability/dim2d_nx256_N10_solver=exponax_nu0.000_t20.0_test_ntimepoints21_GRF_rq_length_scale0.050_variance1.000_alpha1.700_vmax1_vmin0_batch0_all_frames.pt
  328. /blue/shiboli.fsu/yifeisun.umich/adversarial_robustness_FNO/2D_NS_FNO2d_recurrent/datasets/exponax_datasets/t20/generalizability/dim2d_nx256_N10_solver=exponax_nu0.000_t20.0_test_ntimepoints21_GRF_rq_length_scale0.050_variance1.700_alpha0.750_vmax-1_vmin-1.5_batch0_all_frames.pt
  329. /blue/shiboli.fsu/yifeisun.umich/adversarial_robustness_FNO/2D_NS_FNO2d_recurrent/datasets/exponax_datasets/t20/generalizability/dim2d_nx256_N10_solver=exponax_nu0.000_t20.0_test_ntimepoints21_GRF_rq_length_scale0.050_variance1.700_alpha0.750_vmax0.4_vmin-0.4_batch0_all_frames.pt
  330. /blue/shiboli.fsu/yifeisun.umich/adversarial_robustness_FNO/2D_NS_FNO2d_recurrent/datasets/exponax_datasets/t20/generalizability/dim2d_nx256_N10_solver=exponax_nu0.000_t20.0_test_ntimepoints21_GRF_rq_length_scale0.050_variance1.700_alpha0.750_vmax0_vmin-1_batch0_all_frames.pt
  331. /blue/shiboli.fsu/yifeisun.umich/adversarial_robustness_FNO/2D_NS_FNO2d_recurrent/datasets/exponax_datasets/t20/generalizability/dim2d_nx256_N10_solver=exponax_nu0.000_t20.0_test_ntimepoints21_GRF_rq_length_scale0.050_variance1.700_alpha0.750_vmax1.5_vmin1_batch0_all_frames.pt
  332. /blue/shiboli.fsu/yifeisun.umich/adversarial_robustness_FNO/2D_NS_FNO2d_recurrent/datasets/exponax_datasets/t20/generalizability/dim2d_nx256_N10_solver=exponax_nu0.000_t20.0_test_ntimepoints21_GRF_rq_length_scale0.050_variance1.700_alpha0.750_vmax1_vmin-1_batch0_all_frames.pt
  333. /blue/shiboli.fsu/yifeisun.umich/adversarial_robustness_FNO/2D_NS_FNO2d_recurrent/datasets/exponax_datasets/t20/generalizability/dim2d_nx256_N10_solver=exponax_nu0.000_t20.0_test_ntimepoints21_GRF_rq_length_scale0.050_variance1.700_alpha0.750_vmax1_vmin0_batch0_all_frames.pt
  334. /blue/shiboli.fsu/yifeisun.umich/adversarial_robustness_FNO/2D_NS_FNO2d_recurrent/datasets/exponax_datasets/t20/generalizability/dim2d_nx256_N10_solver=exponax_nu0.000_t20.0_test_ntimepoints21_GRF_rq_length_scale0.050_variance1.700_alpha1.000_vmax-1_vmin-1.5_batch0_all_frames.pt
  335. /blue/shiboli.fsu/yifeisun.umich/adversarial_robustness_FNO/2D_NS_FNO2d_recurrent/datasets/exponax_datasets/t20/generalizability/dim2d_nx256_N10_solver=exponax_nu0.000_t20.0_test_ntimepoints21_GRF_rq_length_scale0.050_variance1.700_alpha1.000_vmax0.4_vmin-0.4_batch0_all_frames.pt
  336. /blue/shiboli.fsu/yifeisun.umich/adversarial_robustness_FNO/2D_NS_FNO2d_recurrent/datasets/exponax_datasets/t20/generalizability/dim2d_nx256_N10_solver=exponax_nu0.000_t20.0_test_ntimepoints21_GRF_rq_length_scale0.050_variance1.700_alpha1.000_vmax0_vmin-1_batch0_all_frames.pt
  337. /blue/shiboli.fsu/yifeisun.umich/adversarial_robustness_FNO/2D_NS_FNO2d_recurrent/datasets/exponax_datasets/t20/generalizability/dim2d_nx256_N10_solver=exponax_nu0.000_t20.0_test_ntimepoints21_GRF_rq_length_scale0.050_variance1.700_alpha1.000_vmax1.5_vmin1_batch0_all_frames.pt
  338. /blue/shiboli.fsu/yifeisun.umich/adversarial_robustness_FNO/2D_NS_FNO2d_recurrent/datasets/exponax_datasets/t20/generalizability/dim2d_nx256_N10_solver=exponax_nu0.000_t20.0_test_ntimepoints21_GRF_rq_length_scale0.050_variance1.700_alpha1.000_vmax1_vmin-1_batch0_all_frames.pt
  339. /blue/shiboli.fsu/yifeisun.umich/adversarial_robustness_FNO/2D_NS_FNO2d_recurrent/datasets/exponax_datasets/t20/generalizability/dim2d_nx256_N10_solver=exponax_nu0.000_t20.0_test_ntimepoints21_GRF_rq_length_scale0.050_variance1.700_alpha1.000_vmax1_vmin0_batch0_all_frames.pt
  340. /blue/shiboli.fsu/yifeisun.umich/adversarial_robustness_FNO/2D_NS_FNO2d_recurrent/datasets/exponax_datasets/t20/generalizability/dim2d_nx256_N10_solver=exponax_nu0.000_t20.0_test_ntimepoints21_GRF_rq_length_scale0.050_variance1.700_alpha1.500_vmax-1_vmin-1.5_batch0_all_frames.pt
  341. /blue/shiboli.fsu/yifeisun.umich/adversarial_robustness_FNO/2D_NS_FNO2d_recurrent/datasets/exponax_datasets/t20/generalizability/dim2d_nx256_N10_solver=exponax_nu0.000_t20.0_test_ntimepoints21_GRF_rq_length_scale0.050_variance1.700_alpha1.500_vmax0.4_vmin-0.4_batch0_all_frames.pt
  342. /blue/shiboli.fsu/yifeisun.umich/adversarial_robustness_FNO/2D_NS_FNO2d_recurrent/datasets/exponax_datasets/t20/generalizability/dim2d_nx256_N10_solver=exponax_nu0.000_t20.0_test_ntimepoints21_GRF_rq_length_scale0.050_variance1.700_alpha1.500_vmax0_vmin-1_batch0_all_frames.pt
  343. /blue/shiboli.fsu/yifeisun.umich/adversarial_robustness_FNO/2D_NS_FNO2d_recurrent/datasets/exponax_datasets/t20/generalizability/dim2d_nx256_N10_solver=exponax_nu0.000_t20.0_test_ntimepoints21_GRF_rq_length_scale0.050_variance1.700_alpha1.500_vmax1.5_vmin1_batch0_all_frames.pt
  344. /blue/shiboli.fsu/yifeisun.umich/adversarial_robustness_FNO/2D_NS_FNO2d_recurrent/datasets/exponax_datasets/t20/generalizability/dim2d_nx256_N10_solver=exponax_nu0.000_t20.0_test_ntimepoints21_GRF_rq_length_scale0.050_variance1.700_alpha1.500_vmax1_vmin-1_batch0_all_frames.pt
  345. /blue/shiboli.fsu/yifeisun.umich/adversarial_robustness_FNO/2D_NS_FNO2d_recurrent/datasets/exponax_datasets/t20/generalizability/dim2d_nx256_N10_solver=exponax_nu0.000_t20.0_test_ntimepoints21_GRF_rq_length_scale0.050_variance1.700_alpha1.500_vmax1_vmin0_batch0_all_frames.pt
  346. /blue/shiboli.fsu/yifeisun.umich/adversarial_robustness_FNO/2D_NS_FNO2d_recurrent/datasets/exponax_datasets/t20/generalizability/dim2d_nx256_N10_solver=exponax_nu0.000_t20.0_test_ntimepoints21_GRF_rq_length_scale0.050_variance1.700_alpha1.700_vmax-1_vmin-1.5_batch0_all_frames.pt
  347. /blue/shiboli.fsu/yifeisun.umich/adversarial_robustness_FNO/2D_NS_FNO2d_recurrent/datasets/exponax_datasets/t20/generalizability/dim2d_nx256_N10_solver=exponax_nu0.000_t20.0_test_ntimepoints21_GRF_rq_length_scale0.050_variance1.700_alpha1.700_vmax0.4_vmin-0.4_batch0_all_frames.pt
  348. /blue/shiboli.fsu/yifeisun.umich/adversarial_robustness_FNO/2D_NS_FNO2d_recurrent/datasets/exponax_datasets/t20/generalizability/dim2d_nx256_N10_solver=exponax_nu0.000_t20.0_test_ntimepoints21_GRF_rq_length_scale0.050_variance1.700_alpha1.700_vmax0_vmin-1_batch0_all_frames.pt
  349. /blue/shiboli.fsu/yifeisun.umich/adversarial_robustness_FNO/2D_NS_FNO2d_recurrent/datasets/exponax_datasets/t20/generalizability/dim2d_nx256_N10_solver=exponax_nu0.000_t20.0_test_ntimepoints21_GRF_rq_length_scale0.050_variance1.700_alpha1.700_vmax1.5_vmin1_batch0_all_frames.pt
  350. /blue/shiboli.fsu/yifeisun.umich/adversarial_robustness_FNO/2D_NS_FNO2d_recurrent/datasets/exponax_datasets/t20/generalizability/dim2d_nx256_N10_solver=exponax_nu0.000_t20.0_test_ntimepoints21_GRF_rq_length_scale0.050_variance1.700_alpha1.700_vmax1_vmin-1_batch0_all_frames.pt
  351. /blue/shiboli.fsu/yifeisun.umich/adversarial_robustness_FNO/2D_NS_FNO2d_recurrent/datasets/exponax_datasets/t20/generalizability/dim2d_nx256_N10_solver=exponax_nu0.000_t20.0_test_ntimepoints21_GRF_rq_length_scale0.050_variance1.700_alpha1.700_vmax1_vmin0_batch0_all_frames.pt
  352. /blue/shiboli.fsu/yifeisun.umich/adversarial_robustness_FNO/2D_NS_FNO2d_recurrent/datasets/exponax_datasets/t20/generalizability/dim2d_nx256_N10_solver=exponax_nu0.000_t20.0_test_ntimepoints21_GRF_rq_length_scale0.100_variance0.700_alpha0.750_vmax-1_vmin-1.5_batch0_all_frames.pt
  353. /blue/shiboli.fsu/yifeisun.umich/adversarial_robustness_FNO/2D_NS_FNO2d_recurrent/datasets/exponax_datasets/t20/generalizability/dim2d_nx256_N10_solver=exponax_nu0.000_t20.0_test_ntimepoints21_GRF_rq_length_scale0.100_variance0.700_alpha0.750_vmax0.4_vmin-0.4_batch0_all_frames.pt
  354. /blue/shiboli.fsu/yifeisun.umich/adversarial_robustness_FNO/2D_NS_FNO2d_recurrent/datasets/exponax_datasets/t20/generalizability/dim2d_nx256_N10_solver=exponax_nu0.000_t20.0_test_ntimepoints21_GRF_rq_length_scale0.100_variance0.700_alpha0.750_vmax0_vmin-1_batch0_all_frames.pt
  355. /blue/shiboli.fsu/yifeisun.umich/adversarial_robustness_FNO/2D_NS_FNO2d_recurrent/datasets/exponax_datasets/t20/generalizability/dim2d_nx256_N10_solver=exponax_nu0.000_t20.0_test_ntimepoints21_GRF_rq_length_scale0.100_variance0.700_alpha0.750_vmax1.5_vmin1_batch0_all_frames.pt
  356. /blue/shiboli.fsu/yifeisun.umich/adversarial_robustness_FNO/2D_NS_FNO2d_recurrent/datasets/exponax_datasets/t20/generalizability/dim2d_nx256_N10_solver=exponax_nu0.000_t20.0_test_ntimepoints21_GRF_rq_length_scale0.100_variance0.700_alpha0.750_vmax1_vmin-1_batch0_all_frames.pt
  357. /blue/shiboli.fsu/yifeisun.umich/adversarial_robustness_FNO/2D_NS_FNO2d_recurrent/datasets/exponax_datasets/t20/generalizability/dim2d_nx256_N10_solver=exponax_nu0.000_t20.0_test_ntimepoints21_GRF_rq_length_scale0.100_variance0.700_alpha0.750_vmax1_vmin0_batch0_all_frames.pt
  358. /blue/shiboli.fsu/yifeisun.umich/adversarial_robustness_FNO/2D_NS_FNO2d_recurrent/datasets/exponax_datasets/t20/generalizability/dim2d_nx256_N10_solver=exponax_nu0.000_t20.0_test_ntimepoints21_GRF_rq_length_scale0.100_variance0.700_alpha1.000_vmax-1_vmin-1.5_batch0_all_frames.pt
  359. /blue/shiboli.fsu/yifeisun.umich/adversarial_robustness_FNO/2D_NS_FNO2d_recurrent/datasets/exponax_datasets/t20/generalizability/dim2d_nx256_N10_solver=exponax_nu0.000_t20.0_test_ntimepoints21_GRF_rq_length_scale0.100_variance0.700_alpha1.000_vmax0.4_vmin-0.4_batch0_all_frames.pt
  360. /blue/shiboli.fsu/yifeisun.umich/adversarial_robustness_FNO/2D_NS_FNO2d_recurrent/datasets/exponax_datasets/t20/generalizability/dim2d_nx256_N10_solver=exponax_nu0.000_t20.0_test_ntimepoints21_GRF_rq_length_scale0.100_variance0.700_alpha1.000_vmax0_vmin-1_batch0_all_frames.pt
  361. /blue/shiboli.fsu/yifeisun.umich/adversarial_robustness_FNO/2D_NS_FNO2d_recurrent/datasets/exponax_datasets/t20/generalizability/dim2d_nx256_N10_solver=exponax_nu0.000_t20.0_test_ntimepoints21_GRF_rq_length_scale0.100_variance0.700_alpha1.000_vmax1.5_vmin1_batch0_all_frames.pt
  362. /blue/shiboli.fsu/yifeisun.umich/adversarial_robustness_FNO/2D_NS_FNO2d_recurrent/datasets/exponax_datasets/t20/generalizability/dim2d_nx256_N10_solver=exponax_nu0.000_t20.0_test_ntimepoints21_GRF_rq_length_scale0.100_variance0.700_alpha1.000_vmax1_vmin-1_batch0_all_frames.pt
  363. /blue/shiboli.fsu/yifeisun.umich/adversarial_robustness_FNO/2D_NS_FNO2d_recurrent/datasets/exponax_datasets/t20/generalizability/dim2d_nx256_N10_solver=exponax_nu0.000_t20.0_test_ntimepoints21_GRF_rq_length_scale0.100_variance0.700_alpha1.000_vmax1_vmin0_batch0_all_frames.pt
  364. /blue/shiboli.fsu/yifeisun.umich/adversarial_robustness_FNO/2D_NS_FNO2d_recurrent/datasets/exponax_datasets/t20/generalizability/dim2d_nx256_N10_solver=exponax_nu0.000_t20.0_test_ntimepoints21_GRF_rq_length_scale0.100_variance0.700_alpha1.500_vmax-1_vmin-1.5_batch0_all_frames.pt
  365. /blue/shiboli.fsu/yifeisun.umich/adversarial_robustness_FNO/2D_NS_FNO2d_recurrent/datasets/exponax_datasets/t20/generalizability/dim2d_nx256_N10_solver=exponax_nu0.000_t20.0_test_ntimepoints21_GRF_rq_length_scale0.100_variance0.700_alpha1.500_vmax0.4_vmin-0.4_batch0_all_frames.pt
  366. /blue/shiboli.fsu/yifeisun.umich/adversarial_robustness_FNO/2D_NS_FNO2d_recurrent/datasets/exponax_datasets/t20/generalizability/dim2d_nx256_N10_solver=exponax_nu0.000_t20.0_test_ntimepoints21_GRF_rq_length_scale0.100_variance0.700_alpha1.500_vmax0_vmin-1_batch0_all_frames.pt
  367. /blue/shiboli.fsu/yifeisun.umich/adversarial_robustness_FNO/2D_NS_FNO2d_recurrent/datasets/exponax_datasets/t20/generalizability/dim2d_nx256_N10_solver=exponax_nu0.000_t20.0_test_ntimepoints21_GRF_rq_length_scale0.100_variance0.700_alpha1.500_vmax1.5_vmin1_batch0_all_frames.pt
  368. /blue/shiboli.fsu/yifeisun.umich/adversarial_robustness_FNO/2D_NS_FNO2d_recurrent/datasets/exponax_datasets/t20/generalizability/dim2d_nx256_N10_solver=exponax_nu0.000_t20.0_test_ntimepoints21_GRF_rq_length_scale0.100_variance0.700_alpha1.500_vmax1_vmin-1_batch0_all_frames.pt
  369. /blue/shiboli.fsu/yifeisun.umich/adversarial_robustness_FNO/2D_NS_FNO2d_recurrent/datasets/exponax_datasets/t20/generalizability/dim2d_nx256_N10_solver=exponax_nu0.000_t20.0_test_ntimepoints21_GRF_rq_length_scale0.100_variance0.700_alpha1.500_vmax1_vmin0_batch0_all_frames.pt
  370. /blue/shiboli.fsu/yifeisun.umich/adversarial_robustness_FNO/2D_NS_FNO2d_recurrent/datasets/exponax_datasets/t20/generalizability/dim2d_nx256_N10_solver=exponax_nu0.000_t20.0_test_ntimepoints21_GRF_rq_length_scale0.100_variance0.700_alpha1.700_vmax-1_vmin-1.5_batch0_all_frames.pt
  371. /blue/shiboli.fsu/yifeisun.umich/adversarial_robustness_FNO/2D_NS_FNO2d_recurrent/datasets/exponax_datasets/t20/generalizability/dim2d_nx256_N10_solver=exponax_nu0.000_t20.0_test_ntimepoints21_GRF_rq_length_scale0.100_variance0.700_alpha1.700_vmax0.4_vmin-0.4_batch0_all_frames.pt
  372. /blue/shiboli.fsu/yifeisun.umich/adversarial_robustness_FNO/2D_NS_FNO2d_recurrent/datasets/exponax_datasets/t20/generalizability/dim2d_nx256_N10_solver=exponax_nu0.000_t20.0_test_ntimepoints21_GRF_rq_length_scale0.100_variance0.700_alpha1.700_vmax0_vmin-1_batch0_all_frames.pt
  373. /blue/shiboli.fsu/yifeisun.umich/adversarial_robustness_FNO/2D_NS_FNO2d_recurrent/datasets/exponax_datasets/t20/generalizability/dim2d_nx256_N10_solver=exponax_nu0.000_t20.0_test_ntimepoints21_GRF_rq_length_scale0.100_variance0.700_alpha1.700_vmax1.5_vmin1_batch0_all_frames.pt
  374. /blue/shiboli.fsu/yifeisun.umich/adversarial_robustness_FNO/2D_NS_FNO2d_recurrent/datasets/exponax_datasets/t20/generalizability/dim2d_nx256_N10_solver=exponax_nu0.000_t20.0_test_ntimepoints21_GRF_rq_length_scale0.100_variance0.700_alpha1.700_vmax1_vmin-1_batch0_all_frames.pt
  375. /blue/shiboli.fsu/yifeisun.umich/adversarial_robustness_FNO/2D_NS_FNO2d_recurrent/datasets/exponax_datasets/t20/generalizability/dim2d_nx256_N10_solver=exponax_nu0.000_t20.0_test_ntimepoints21_GRF_rq_length_scale0.100_variance0.700_alpha1.700_vmax1_vmin0_batch0_all_frames.pt
  376. /blue/shiboli.fsu/yifeisun.umich/adversarial_robustness_FNO/2D_NS_FNO2d_recurrent/datasets/exponax_datasets/t20/generalizability/dim2d_nx256_N10_solver=exponax_nu0.000_t20.0_test_ntimepoints21_GRF_rq_length_scale0.100_variance1.000_alpha0.750_vmax-1_vmin-1.5_batch0_all_frames.pt
  377. /blue/shiboli.fsu/yifeisun.umich/adversarial_robustness_FNO/2D_NS_FNO2d_recurrent/datasets/exponax_datasets/t20/generalizability/dim2d_nx256_N10_solver=exponax_nu0.000_t20.0_test_ntimepoints21_GRF_rq_length_scale0.100_variance1.000_alpha0.750_vmax0.4_vmin-0.4_batch0_all_frames.pt
  378. /blue/shiboli.fsu/yifeisun.umich/adversarial_robustness_FNO/2D_NS_FNO2d_recurrent/datasets/exponax_datasets/t20/generalizability/dim2d_nx256_N10_solver=exponax_nu0.000_t20.0_test_ntimepoints21_GRF_rq_length_scale0.100_variance1.000_alpha0.750_vmax0_vmin-1_batch0_all_frames.pt
  379. /blue/shiboli.fsu/yifeisun.umich/adversarial_robustness_FNO/2D_NS_FNO2d_recurrent/datasets/exponax_datasets/t20/generalizability/dim2d_nx256_N10_solver=exponax_nu0.000_t20.0_test_ntimepoints21_GRF_rq_length_scale0.100_variance1.000_alpha0.750_vmax1.5_vmin1_batch0_all_frames.pt
  380. /blue/shiboli.fsu/yifeisun.umich/adversarial_robustness_FNO/2D_NS_FNO2d_recurrent/datasets/exponax_datasets/t20/generalizability/dim2d_nx256_N10_solver=exponax_nu0.000_t20.0_test_ntimepoints21_GRF_rq_length_scale0.100_variance1.000_alpha0.750_vmax1_vmin-1_batch0_all_frames.pt
  381. /blue/shiboli.fsu/yifeisun.umich/adversarial_robustness_FNO/2D_NS_FNO2d_recurrent/datasets/exponax_datasets/t20/generalizability/dim2d_nx256_N10_solver=exponax_nu0.000_t20.0_test_ntimepoints21_GRF_rq_length_scale0.100_variance1.000_alpha0.750_vmax1_vmin0_batch0_all_frames.pt
  382. /blue/shiboli.fsu/yifeisun.umich/adversarial_robustness_FNO/2D_NS_FNO2d_recurrent/datasets/exponax_datasets/t20/generalizability/dim2d_nx256_N10_solver=exponax_nu0.000_t20.0_test_ntimepoints21_GRF_rq_length_scale0.100_variance1.000_alpha1.000_vmax-1_vmin-1.5_batch0_all_frames.pt
  383. /blue/shiboli.fsu/yifeisun.umich/adversarial_robustness_FNO/2D_NS_FNO2d_recurrent/datasets/exponax_datasets/t20/generalizability/dim2d_nx256_N10_solver=exponax_nu0.000_t20.0_test_ntimepoints21_GRF_rq_length_scale0.100_variance1.000_alpha1.000_vmax0.4_vmin-0.4_batch0_all_frames.pt
  384. /blue/shiboli.fsu/yifeisun.umich/adversarial_robustness_FNO/2D_NS_FNO2d_recurrent/datasets/exponax_datasets/t20/generalizability/dim2d_nx256_N10_solver=exponax_nu0.000_t20.0_test_ntimepoints21_GRF_rq_length_scale0.100_variance1.000_alpha1.000_vmax0_vmin-1_batch0_all_frames.pt
  385. /blue/shiboli.fsu/yifeisun.umich/adversarial_robustness_FNO/2D_NS_FNO2d_recurrent/datasets/exponax_datasets/t20/generalizability/dim2d_nx256_N10_solver=exponax_nu0.000_t20.0_test_ntimepoints21_GRF_rq_length_scale0.100_variance1.000_alpha1.000_vmax1.5_vmin1_batch0_all_frames.pt
  386. /blue/shiboli.fsu/yifeisun.umich/adversarial_robustness_FNO/2D_NS_FNO2d_recurrent/datasets/exponax_datasets/t20/generalizability/dim2d_nx256_N10_solver=exponax_nu0.000_t20.0_test_ntimepoints21_GRF_rq_length_scale0.100_variance1.000_alpha1.000_vmax1_vmin-1_batch0_all_frames.pt
  387. /blue/shiboli.fsu/yifeisun.umich/adversarial_robustness_FNO/2D_NS_FNO2d_recurrent/datasets/exponax_datasets/t20/generalizability/dim2d_nx256_N10_solver=exponax_nu0.000_t20.0_test_ntimepoints21_GRF_rq_length_scale0.100_variance1.000_alpha1.000_vmax1_vmin0_batch0_all_frames.pt
  388. /blue/shiboli.fsu/yifeisun.umich/adversarial_robustness_FNO/2D_NS_FNO2d_recurrent/datasets/exponax_datasets/t20/generalizability/dim2d_nx256_N10_solver=exponax_nu0.000_t20.0_test_ntimepoints21_GRF_rq_length_scale0.100_variance1.000_alpha1.500_vmax-1_vmin-1.5_batch0_all_frames.pt
  389. /blue/shiboli.fsu/yifeisun.umich/adversarial_robustness_FNO/2D_NS_FNO2d_recurrent/datasets/exponax_datasets/t20/generalizability/dim2d_nx256_N10_solver=exponax_nu0.000_t20.0_test_ntimepoints21_GRF_rq_length_scale0.100_variance1.000_alpha1.500_vmax0.4_vmin-0.4_batch0_all_frames.pt
  390. /blue/shiboli.fsu/yifeisun.umich/adversarial_robustness_FNO/2D_NS_FNO2d_recurrent/datasets/exponax_datasets/t20/generalizability/dim2d_nx256_N10_solver=exponax_nu0.000_t20.0_test_ntimepoints21_GRF_rq_length_scale0.100_variance1.000_alpha1.500_vmax0_vmin-1_batch0_all_frames.pt
  391. /blue/shiboli.fsu/yifeisun.umich/adversarial_robustness_FNO/2D_NS_FNO2d_recurrent/datasets/exponax_datasets/t20/generalizability/dim2d_nx256_N10_solver=exponax_nu0.000_t20.0_test_ntimepoints21_GRF_rq_length_scale0.100_variance1.000_alpha1.500_vmax1.5_vmin1_batch0_all_frames.pt
  392. /blue/shiboli.fsu/yifeisun.umich/adversarial_robustness_FNO/2D_NS_FNO2d_recurrent/datasets/exponax_datasets/t20/generalizability/dim2d_nx256_N10_solver=exponax_nu0.000_t20.0_test_ntimepoints21_GRF_rq_length_scale0.100_variance1.000_alpha1.500_vmax1_vmin-1_batch0_all_frames.pt
  393. /blue/shiboli.fsu/yifeisun.umich/adversarial_robustness_FNO/2D_NS_FNO2d_recurrent/datasets/exponax_datasets/t20/generalizability/dim2d_nx256_N10_solver=exponax_nu0.000_t20.0_test_ntimepoints21_GRF_rq_length_scale0.100_variance1.000_alpha1.500_vmax1_vmin0_batch0_all_frames.pt
  394. /blue/shiboli.fsu/yifeisun.umich/adversarial_robustness_FNO/2D_NS_FNO2d_recurrent/datasets/exponax_datasets/t20/generalizability/dim2d_nx256_N10_solver=exponax_nu0.000_t20.0_test_ntimepoints21_GRF_rq_length_scale0.100_variance1.000_alpha1.700_vmax-1_vmin-1.5_batch0_all_frames.pt
  395. /blue/shiboli.fsu/yifeisun.umich/adversarial_robustness_FNO/2D_NS_FNO2d_recurrent/datasets/exponax_datasets/t20/generalizability/dim2d_nx256_N10_solver=exponax_nu0.000_t20.0_test_ntimepoints21_GRF_rq_length_scale0.100_variance1.000_alpha1.700_vmax0.4_vmin-0.4_batch0_all_frames.pt
  396. /blue/shiboli.fsu/yifeisun.umich/adversarial_robustness_FNO/2D_NS_FNO2d_recurrent/datasets/exponax_datasets/t20/generalizability/dim2d_nx256_N10_solver=exponax_nu0.000_t20.0_test_ntimepoints21_GRF_rq_length_scale0.100_variance1.000_alpha1.700_vmax0_vmin-1_batch0_all_frames.pt
  397. /blue/shiboli.fsu/yifeisun.umich/adversarial_robustness_FNO/2D_NS_FNO2d_recurrent/datasets/exponax_datasets/t20/generalizability/dim2d_nx256_N10_solver=exponax_nu0.000_t20.0_test_ntimepoints21_GRF_rq_length_scale0.100_variance1.000_alpha1.700_vmax1.5_vmin1_batch0_all_frames.pt
  398. /blue/shiboli.fsu/yifeisun.umich/adversarial_robustness_FNO/2D_NS_FNO2d_recurrent/datasets/exponax_datasets/t20/generalizability/dim2d_nx256_N10_solver=exponax_nu0.000_t20.0_test_ntimepoints21_GRF_rq_length_scale0.100_variance1.000_alpha1.700_vmax1_vmin-1_batch0_all_frames.pt
  399. /blue/shiboli.fsu/yifeisun.umich/adversarial_robustness_FNO/2D_NS_FNO2d_recurrent/datasets/exponax_datasets/t20/generalizability/dim2d_nx256_N10_solver=exponax_nu0.000_t20.0_test_ntimepoints21_GRF_rq_length_scale0.100_variance1.000_alpha1.700_vmax1_vmin0_batch0_all_frames.pt
  400. /blue/shiboli.fsu/yifeisun.umich/adversarial_robustness_FNO/2D_NS_FNO2d_recurrent/datasets/exponax_datasets/t20/generalizability/dim2d_nx256_N10_solver=exponax_nu0.000_t20.0_test_ntimepoints21_GRF_rq_length_scale0.100_variance1.700_alpha0.750_vmax-1_vmin-1.5_batch0_all_frames.pt
  401. /blue/shiboli.fsu/yifeisun.umich/adversarial_robustness_FNO/2D_NS_FNO2d_recurrent/datasets/exponax_datasets/t20/generalizability/dim2d_nx256_N10_solver=exponax_nu0.000_t20.0_test_ntimepoints21_GRF_rq_length_scale0.100_variance1.700_alpha0.750_vmax0.4_vmin-0.4_batch0_all_frames.pt
  402. /blue/shiboli.fsu/yifeisun.umich/adversarial_robustness_FNO/2D_NS_FNO2d_recurrent/datasets/exponax_datasets/t20/generalizability/dim2d_nx256_N10_solver=exponax_nu0.000_t20.0_test_ntimepoints21_GRF_rq_length_scale0.100_variance1.700_alpha0.750_vmax0_vmin-1_batch0_all_frames.pt
  403. /blue/shiboli.fsu/yifeisun.umich/adversarial_robustness_FNO/2D_NS_FNO2d_recurrent/datasets/exponax_datasets/t20/generalizability/dim2d_nx256_N10_solver=exponax_nu0.000_t20.0_test_ntimepoints21_GRF_rq_length_scale0.100_variance1.700_alpha0.750_vmax1.5_vmin1_batch0_all_frames.pt
  404. /blue/shiboli.fsu/yifeisun.umich/adversarial_robustness_FNO/2D_NS_FNO2d_recurrent/datasets/exponax_datasets/t20/generalizability/dim2d_nx256_N10_solver=exponax_nu0.000_t20.0_test_ntimepoints21_GRF_rq_length_scale0.100_variance1.700_alpha0.750_vmax1_vmin-1_batch0_all_frames.pt
  405. /blue/shiboli.fsu/yifeisun.umich/adversarial_robustness_FNO/2D_NS_FNO2d_recurrent/datasets/exponax_datasets/t20/generalizability/dim2d_nx256_N10_solver=exponax_nu0.000_t20.0_test_ntimepoints21_GRF_rq_length_scale0.100_variance1.700_alpha0.750_vmax1_vmin0_batch0_all_frames.pt
  406. /blue/shiboli.fsu/yifeisun.umich/adversarial_robustness_FNO/2D_NS_FNO2d_recurrent/datasets/exponax_datasets/t20/generalizability/dim2d_nx256_N10_solver=exponax_nu0.000_t20.0_test_ntimepoints21_GRF_rq_length_scale0.100_variance1.700_alpha1.000_vmax-1_vmin-1.5_batch0_all_frames.pt
  407. /blue/shiboli.fsu/yifeisun.umich/adversarial_robustness_FNO/2D_NS_FNO2d_recurrent/datasets/exponax_datasets/t20/generalizability/dim2d_nx256_N10_solver=exponax_nu0.000_t20.0_test_ntimepoints21_GRF_rq_length_scale0.100_variance1.700_alpha1.000_vmax0.4_vmin-0.4_batch0_all_frames.pt
  408. /blue/shiboli.fsu/yifeisun.umich/adversarial_robustness_FNO/2D_NS_FNO2d_recurrent/datasets/exponax_datasets/t20/generalizability/dim2d_nx256_N10_solver=exponax_nu0.000_t20.0_test_ntimepoints21_GRF_rq_length_scale0.100_variance1.700_alpha1.000_vmax0_vmin-1_batch0_all_frames.pt
  409. /blue/shiboli.fsu/yifeisun.umich/adversarial_robustness_FNO/2D_NS_FNO2d_recurrent/datasets/exponax_datasets/t20/generalizability/dim2d_nx256_N10_solver=exponax_nu0.000_t20.0_test_ntimepoints21_GRF_rq_length_scale0.100_variance1.700_alpha1.000_vmax1.5_vmin1_batch0_all_frames.pt
  410. /blue/shiboli.fsu/yifeisun.umich/adversarial_robustness_FNO/2D_NS_FNO2d_recurrent/datasets/exponax_datasets/t20/generalizability/dim2d_nx256_N10_solver=exponax_nu0.000_t20.0_test_ntimepoints21_GRF_rq_length_scale0.100_variance1.700_alpha1.000_vmax1_vmin-1_batch0_all_frames.pt
  411. /blue/shiboli.fsu/yifeisun.umich/adversarial_robustness_FNO/2D_NS_FNO2d_recurrent/datasets/exponax_datasets/t20/generalizability/dim2d_nx256_N10_solver=exponax_nu0.000_t20.0_test_ntimepoints21_GRF_rq_length_scale0.100_variance1.700_alpha1.000_vmax1_vmin0_batch0_all_frames.pt
  412. /blue/shiboli.fsu/yifeisun.umich/adversarial_robustness_FNO/2D_NS_FNO2d_recurrent/datasets/exponax_datasets/t20/generalizability/dim2d_nx256_N10_solver=exponax_nu0.000_t20.0_test_ntimepoints21_GRF_rq_length_scale0.100_variance1.700_alpha1.500_vmax-1_vmin-1.5_batch0_all_frames.pt
  413. /blue/shiboli.fsu/yifeisun.umich/adversarial_robustness_FNO/2D_NS_FNO2d_recurrent/datasets/exponax_datasets/t20/generalizability/dim2d_nx256_N10_solver=exponax_nu0.000_t20.0_test_ntimepoints21_GRF_rq_length_scale0.100_variance1.700_alpha1.500_vmax0.4_vmin-0.4_batch0_all_frames.pt
  414. /blue/shiboli.fsu/yifeisun.umich/adversarial_robustness_FNO/2D_NS_FNO2d_recurrent/datasets/exponax_datasets/t20/generalizability/dim2d_nx256_N10_solver=exponax_nu0.000_t20.0_test_ntimepoints21_GRF_rq_length_scale0.100_variance1.700_alpha1.500_vmax0_vmin-1_batch0_all_frames.pt
  415. /blue/shiboli.fsu/yifeisun.umich/adversarial_robustness_FNO/2D_NS_FNO2d_recurrent/datasets/exponax_datasets/t20/generalizability/dim2d_nx256_N10_solver=exponax_nu0.000_t20.0_test_ntimepoints21_GRF_rq_length_scale0.100_variance1.700_alpha1.500_vmax1.5_vmin1_batch0_all_frames.pt
  416. /blue/shiboli.fsu/yifeisun.umich/adversarial_robustness_FNO/2D_NS_FNO2d_recurrent/datasets/exponax_datasets/t20/generalizability/dim2d_nx256_N10_solver=exponax_nu0.000_t20.0_test_ntimepoints21_GRF_rq_length_scale0.100_variance1.700_alpha1.500_vmax1_vmin-1_batch0_all_frames.pt
  417. /blue/shiboli.fsu/yifeisun.umich/adversarial_robustness_FNO/2D_NS_FNO2d_recurrent/datasets/exponax_datasets/t20/generalizability/dim2d_nx256_N10_solver=exponax_nu0.000_t20.0_test_ntimepoints21_GRF_rq_length_scale0.100_variance1.700_alpha1.500_vmax1_vmin0_batch0_all_frames.pt
  418. /blue/shiboli.fsu/yifeisun.umich/adversarial_robustness_FNO/2D_NS_FNO2d_recurrent/datasets/exponax_datasets/t20/generalizability/dim2d_nx256_N10_solver=exponax_nu0.000_t20.0_test_ntimepoints21_GRF_rq_length_scale0.100_variance1.700_alpha1.700_vmax-1_vmin-1.5_batch0_all_frames.pt
  419. /blue/shiboli.fsu/yifeisun.umich/adversarial_robustness_FNO/2D_NS_FNO2d_recurrent/datasets/exponax_datasets/t20/generalizability/dim2d_nx256_N10_solver=exponax_nu0.000_t20.0_test_ntimepoints21_GRF_rq_length_scale0.100_variance1.700_alpha1.700_vmax0.4_vmin-0.4_batch0_all_frames.pt
  420. /blue/shiboli.fsu/yifeisun.umich/adversarial_robustness_FNO/2D_NS_FNO2d_recurrent/datasets/exponax_datasets/t20/generalizability/dim2d_nx256_N10_solver=exponax_nu0.000_t20.0_test_ntimepoints21_GRF_rq_length_scale0.100_variance1.700_alpha1.700_vmax0_vmin-1_batch0_all_frames.pt
  421. /blue/shiboli.fsu/yifeisun.umich/adversarial_robustness_FNO/2D_NS_FNO2d_recurrent/datasets/exponax_datasets/t20/generalizability/dim2d_nx256_N10_solver=exponax_nu0.000_t20.0_test_ntimepoints21_GRF_rq_length_scale0.100_variance1.700_alpha1.700_vmax1.5_vmin1_batch0_all_frames.pt
  422. /blue/shiboli.fsu/yifeisun.umich/adversarial_robustness_FNO/2D_NS_FNO2d_recurrent/datasets/exponax_datasets/t20/generalizability/dim2d_nx256_N10_solver=exponax_nu0.000_t20.0_test_ntimepoints21_GRF_rq_length_scale0.100_variance1.700_alpha1.700_vmax1_vmin-1_batch0_all_frames.pt
  423. /blue/shiboli.fsu/yifeisun.umich/adversarial_robustness_FNO/2D_NS_FNO2d_recurrent/datasets/exponax_datasets/t20/generalizability/dim2d_nx256_N10_solver=exponax_nu0.000_t20.0_test_ntimepoints21_GRF_rq_length_scale0.100_variance1.700_alpha1.700_vmax1_vmin0_batch0_all_frames.pt
  424. /blue/shiboli.fsu/yifeisun.umich/adversarial_robustness_FNO/2D_NS_FNO2d_recurrent/datasets/exponax_datasets/t20/generalizability/dim2d_nx256_N10_solver=exponax_nu0.000_t20.0_test_ntimepoints21_GRF_rq_length_scale0.200_variance0.700_alpha0.750_vmax-1_vmin-1.5_batch0_all_frames.pt
  425. /blue/shiboli.fsu/yifeisun.umich/adversarial_robustness_FNO/2D_NS_FNO2d_recurrent/datasets/exponax_datasets/t20/generalizability/dim2d_nx256_N10_solver=exponax_nu0.000_t20.0_test_ntimepoints21_GRF_rq_length_scale0.200_variance0.700_alpha0.750_vmax0.4_vmin-0.4_batch0_all_frames.pt
  426. /blue/shiboli.fsu/yifeisun.umich/adversarial_robustness_FNO/2D_NS_FNO2d_recurrent/datasets/exponax_datasets/t20/generalizability/dim2d_nx256_N10_solver=exponax_nu0.000_t20.0_test_ntimepoints21_GRF_rq_length_scale0.200_variance0.700_alpha0.750_vmax0_vmin-1_batch0_all_frames.pt
  427. /blue/shiboli.fsu/yifeisun.umich/adversarial_robustness_FNO/2D_NS_FNO2d_recurrent/datasets/exponax_datasets/t20/generalizability/dim2d_nx256_N10_solver=exponax_nu0.000_t20.0_test_ntimepoints21_GRF_rq_length_scale0.200_variance0.700_alpha0.750_vmax1.5_vmin1_batch0_all_frames.pt
  428. /blue/shiboli.fsu/yifeisun.umich/adversarial_robustness_FNO/2D_NS_FNO2d_recurrent/datasets/exponax_datasets/t20/generalizability/dim2d_nx256_N10_solver=exponax_nu0.000_t20.0_test_ntimepoints21_GRF_rq_length_scale0.200_variance0.700_alpha0.750_vmax1_vmin-1_batch0_all_frames.pt
  429. /blue/shiboli.fsu/yifeisun.umich/adversarial_robustness_FNO/2D_NS_FNO2d_recurrent/datasets/exponax_datasets/t20/generalizability/dim2d_nx256_N10_solver=exponax_nu0.000_t20.0_test_ntimepoints21_GRF_rq_length_scale0.200_variance0.700_alpha0.750_vmax1_vmin0_batch0_all_frames.pt
  430. /blue/shiboli.fsu/yifeisun.umich/adversarial_robustness_FNO/2D_NS_FNO2d_recurrent/datasets/exponax_datasets/t20/generalizability/dim2d_nx256_N10_solver=exponax_nu0.000_t20.0_test_ntimepoints21_GRF_rq_length_scale0.200_variance0.700_alpha1.000_vmax-1_vmin-1.5_batch0_all_frames.pt
  431. /blue/shiboli.fsu/yifeisun.umich/adversarial_robustness_FNO/2D_NS_FNO2d_recurrent/datasets/exponax_datasets/t20/generalizability/dim2d_nx256_N10_solver=exponax_nu0.000_t20.0_test_ntimepoints21_GRF_rq_length_scale0.200_variance0.700_alpha1.000_vmax0.4_vmin-0.4_batch0_all_frames.pt
  432. /blue/shiboli.fsu/yifeisun.umich/adversarial_robustness_FNO/2D_NS_FNO2d_recurrent/datasets/exponax_datasets/t20/generalizability/dim2d_nx256_N10_solver=exponax_nu0.000_t20.0_test_ntimepoints21_GRF_rq_length_scale0.200_variance0.700_alpha1.000_vmax0_vmin-1_batch0_all_frames.pt
  433. /blue/shiboli.fsu/yifeisun.umich/adversarial_robustness_FNO/2D_NS_FNO2d_recurrent/datasets/exponax_datasets/t20/generalizability/dim2d_nx256_N10_solver=exponax_nu0.000_t20.0_test_ntimepoints21_GRF_rq_length_scale0.200_variance0.700_alpha1.000_vmax1.5_vmin1_batch0_all_frames.pt
  434. /blue/shiboli.fsu/yifeisun.umich/adversarial_robustness_FNO/2D_NS_FNO2d_recurrent/datasets/exponax_datasets/t20/generalizability/dim2d_nx256_N10_solver=exponax_nu0.000_t20.0_test_ntimepoints21_GRF_rq_length_scale0.200_variance0.700_alpha1.000_vmax1_vmin-1_batch0_all_frames.pt
  435. /blue/shiboli.fsu/yifeisun.umich/adversarial_robustness_FNO/2D_NS_FNO2d_recurrent/datasets/exponax_datasets/t20/generalizability/dim2d_nx256_N10_solver=exponax_nu0.000_t20.0_test_ntimepoints21_GRF_rq_length_scale0.200_variance0.700_alpha1.000_vmax1_vmin0_batch0_all_frames.pt
  436. /blue/shiboli.fsu/yifeisun.umich/adversarial_robustness_FNO/2D_NS_FNO2d_recurrent/datasets/exponax_datasets/t20/generalizability/dim2d_nx256_N10_solver=exponax_nu0.000_t20.0_test_ntimepoints21_GRF_rq_length_scale0.200_variance0.700_alpha1.500_vmax-1_vmin-1.5_batch0_all_frames.pt
  437. /blue/shiboli.fsu/yifeisun.umich/adversarial_robustness_FNO/2D_NS_FNO2d_recurrent/datasets/exponax_datasets/t20/generalizability/dim2d_nx256_N10_solver=exponax_nu0.000_t20.0_test_ntimepoints21_GRF_rq_length_scale0.200_variance0.700_alpha1.500_vmax0.4_vmin-0.4_batch0_all_frames.pt
  438. /blue/shiboli.fsu/yifeisun.umich/adversarial_robustness_FNO/2D_NS_FNO2d_recurrent/datasets/exponax_datasets/t20/generalizability/dim2d_nx256_N10_solver=exponax_nu0.000_t20.0_test_ntimepoints21_GRF_rq_length_scale0.200_variance0.700_alpha1.500_vmax0_vmin-1_batch0_all_frames.pt
  439. /blue/shiboli.fsu/yifeisun.umich/adversarial_robustness_FNO/2D_NS_FNO2d_recurrent/datasets/exponax_datasets/t20/generalizability/dim2d_nx256_N10_solver=exponax_nu0.000_t20.0_test_ntimepoints21_GRF_rq_length_scale0.200_variance0.700_alpha1.500_vmax1.5_vmin1_batch0_all_frames.pt
  440. /blue/shiboli.fsu/yifeisun.umich/adversarial_robustness_FNO/2D_NS_FNO2d_recurrent/datasets/exponax_datasets/t20/generalizability/dim2d_nx256_N10_solver=exponax_nu0.000_t20.0_test_ntimepoints21_GRF_rq_length_scale0.200_variance0.700_alpha1.500_vmax1_vmin-1_batch0_all_frames.pt
  441. /blue/shiboli.fsu/yifeisun.umich/adversarial_robustness_FNO/2D_NS_FNO2d_recurrent/datasets/exponax_datasets/t20/generalizability/dim2d_nx256_N10_solver=exponax_nu0.000_t20.0_test_ntimepoints21_GRF_rq_length_scale0.200_variance0.700_alpha1.500_vmax1_vmin0_batch0_all_frames.pt
  442. /blue/shiboli.fsu/yifeisun.umich/adversarial_robustness_FNO/2D_NS_FNO2d_recurrent/datasets/exponax_datasets/t20/generalizability/dim2d_nx256_N10_solver=exponax_nu0.000_t20.0_test_ntimepoints21_GRF_rq_length_scale0.200_variance0.700_alpha1.700_vmax-1_vmin-1.5_batch0_all_frames.pt
  443. /blue/shiboli.fsu/yifeisun.umich/adversarial_robustness_FNO/2D_NS_FNO2d_recurrent/datasets/exponax_datasets/t20/generalizability/dim2d_nx256_N10_solver=exponax_nu0.000_t20.0_test_ntimepoints21_GRF_rq_length_scale0.200_variance0.700_alpha1.700_vmax0.4_vmin-0.4_batch0_all_frames.pt
  444. /blue/shiboli.fsu/yifeisun.umich/adversarial_robustness_FNO/2D_NS_FNO2d_recurrent/datasets/exponax_datasets/t20/generalizability/dim2d_nx256_N10_solver=exponax_nu0.000_t20.0_test_ntimepoints21_GRF_rq_length_scale0.200_variance0.700_alpha1.700_vmax0_vmin-1_batch0_all_frames.pt
  445. /blue/shiboli.fsu/yifeisun.umich/adversarial_robustness_FNO/2D_NS_FNO2d_recurrent/datasets/exponax_datasets/t20/generalizability/dim2d_nx256_N10_solver=exponax_nu0.000_t20.0_test_ntimepoints21_GRF_rq_length_scale0.200_variance0.700_alpha1.700_vmax1.5_vmin1_batch0_all_frames.pt
  446. /blue/shiboli.fsu/yifeisun.umich/adversarial_robustness_FNO/2D_NS_FNO2d_recurrent/datasets/exponax_datasets/t20/generalizability/dim2d_nx256_N10_solver=exponax_nu0.000_t20.0_test_ntimepoints21_GRF_rq_length_scale0.200_variance0.700_alpha1.700_vmax1_vmin-1_batch0_all_frames.pt
  447. /blue/shiboli.fsu/yifeisun.umich/adversarial_robustness_FNO/2D_NS_FNO2d_recurrent/datasets/exponax_datasets/t20/generalizability/dim2d_nx256_N10_solver=exponax_nu0.000_t20.0_test_ntimepoints21_GRF_rq_length_scale0.200_variance0.700_alpha1.700_vmax1_vmin0_batch0_all_frames.pt
  448. /blue/shiboli.fsu/yifeisun.umich/adversarial_robustness_FNO/2D_NS_FNO2d_recurrent/datasets/exponax_datasets/t20/generalizability/dim2d_nx256_N10_solver=exponax_nu0.000_t20.0_test_ntimepoints21_GRF_rq_length_scale0.200_variance1.000_alpha0.750_vmax-1_vmin-1.5_batch0_all_frames.pt
  449. /blue/shiboli.fsu/yifeisun.umich/adversarial_robustness_FNO/2D_NS_FNO2d_recurrent/datasets/exponax_datasets/t20/generalizability/dim2d_nx256_N10_solver=exponax_nu0.000_t20.0_test_ntimepoints21_GRF_rq_length_scale0.200_variance1.000_alpha0.750_vmax0.4_vmin-0.4_batch0_all_frames.pt
  450. /blue/shiboli.fsu/yifeisun.umich/adversarial_robustness_FNO/2D_NS_FNO2d_recurrent/datasets/exponax_datasets/t20/generalizability/dim2d_nx256_N10_solver=exponax_nu0.000_t20.0_test_ntimepoints21_GRF_rq_length_scale0.200_variance1.000_alpha0.750_vmax0_vmin-1_batch0_all_frames.pt
  451. /blue/shiboli.fsu/yifeisun.umich/adversarial_robustness_FNO/2D_NS_FNO2d_recurrent/datasets/exponax_datasets/t20/generalizability/dim2d_nx256_N10_solver=exponax_nu0.000_t20.0_test_ntimepoints21_GRF_rq_length_scale0.200_variance1.000_alpha0.750_vmax1.5_vmin1_batch0_all_frames.pt
  452. /blue/shiboli.fsu/yifeisun.umich/adversarial_robustness_FNO/2D_NS_FNO2d_recurrent/datasets/exponax_datasets/t20/generalizability/dim2d_nx256_N10_solver=exponax_nu0.000_t20.0_test_ntimepoints21_GRF_rq_length_scale0.200_variance1.000_alpha0.750_vmax1_vmin-1_batch0_all_frames.pt
  453. /blue/shiboli.fsu/yifeisun.umich/adversarial_robustness_FNO/2D_NS_FNO2d_recurrent/datasets/exponax_datasets/t20/generalizability/dim2d_nx256_N10_solver=exponax_nu0.000_t20.0_test_ntimepoints21_GRF_rq_length_scale0.200_variance1.000_alpha0.750_vmax1_vmin0_batch0_all_frames.pt
  454. /blue/shiboli.fsu/yifeisun.umich/adversarial_robustness_FNO/2D_NS_FNO2d_recurrent/datasets/exponax_datasets/t20/generalizability/dim2d_nx256_N10_solver=exponax_nu0.000_t20.0_test_ntimepoints21_GRF_rq_length_scale0.200_variance1.000_alpha1.000_vmax-1_vmin-1.5_batch0_all_frames.pt
  455. /blue/shiboli.fsu/yifeisun.umich/adversarial_robustness_FNO/2D_NS_FNO2d_recurrent/datasets/exponax_datasets/t20/generalizability/dim2d_nx256_N10_solver=exponax_nu0.000_t20.0_test_ntimepoints21_GRF_rq_length_scale0.200_variance1.000_alpha1.000_vmax0.4_vmin-0.4_batch0_all_frames.pt
  456. /blue/shiboli.fsu/yifeisun.umich/adversarial_robustness_FNO/2D_NS_FNO2d_recurrent/datasets/exponax_datasets/t20/generalizability/dim2d_nx256_N10_solver=exponax_nu0.000_t20.0_test_ntimepoints21_GRF_rq_length_scale0.200_variance1.000_alpha1.000_vmax0_vmin-1_batch0_all_frames.pt
  457. /blue/shiboli.fsu/yifeisun.umich/adversarial_robustness_FNO/2D_NS_FNO2d_recurrent/datasets/exponax_datasets/t20/generalizability/dim2d_nx256_N10_solver=exponax_nu0.000_t20.0_test_ntimepoints21_GRF_rq_length_scale0.200_variance1.000_alpha1.000_vmax1.5_vmin1_batch0_all_frames.pt
  458. /blue/shiboli.fsu/yifeisun.umich/adversarial_robustness_FNO/2D_NS_FNO2d_recurrent/datasets/exponax_datasets/t20/generalizability/dim2d_nx256_N10_solver=exponax_nu0.000_t20.0_test_ntimepoints21_GRF_rq_length_scale0.200_variance1.000_alpha1.000_vmax1_vmin-1_batch0_all_frames.pt
  459. /blue/shiboli.fsu/yifeisun.umich/adversarial_robustness_FNO/2D_NS_FNO2d_recurrent/datasets/exponax_datasets/t20/generalizability/dim2d_nx256_N10_solver=exponax_nu0.000_t20.0_test_ntimepoints21_GRF_rq_length_scale0.200_variance1.000_alpha1.000_vmax1_vmin0_batch0_all_frames.pt
  460. /blue/shiboli.fsu/yifeisun.umich/adversarial_robustness_FNO/2D_NS_FNO2d_recurrent/datasets/exponax_datasets/t20/generalizability/dim2d_nx256_N10_solver=exponax_nu0.000_t20.0_test_ntimepoints21_GRF_rq_length_scale0.200_variance1.000_alpha1.500_vmax-1_vmin-1.5_batch0_all_frames.pt
  461. /blue/shiboli.fsu/yifeisun.umich/adversarial_robustness_FNO/2D_NS_FNO2d_recurrent/datasets/exponax_datasets/t20/generalizability/dim2d_nx256_N10_solver=exponax_nu0.000_t20.0_test_ntimepoints21_GRF_rq_length_scale0.200_variance1.000_alpha1.500_vmax0.4_vmin-0.4_batch0_all_frames.pt
  462. /blue/shiboli.fsu/yifeisun.umich/adversarial_robustness_FNO/2D_NS_FNO2d_recurrent/datasets/exponax_datasets/t20/generalizability/dim2d_nx256_N10_solver=exponax_nu0.000_t20.0_test_ntimepoints21_GRF_rq_length_scale0.200_variance1.000_alpha1.500_vmax0_vmin-1_batch0_all_frames.pt
  463. /blue/shiboli.fsu/yifeisun.umich/adversarial_robustness_FNO/2D_NS_FNO2d_recurrent/datasets/exponax_datasets/t20/generalizability/dim2d_nx256_N10_solver=exponax_nu0.000_t20.0_test_ntimepoints21_GRF_rq_length_scale0.200_variance1.000_alpha1.500_vmax1.5_vmin1_batch0_all_frames.pt
  464. /blue/shiboli.fsu/yifeisun.umich/adversarial_robustness_FNO/2D_NS_FNO2d_recurrent/datasets/exponax_datasets/t20/generalizability/dim2d_nx256_N10_solver=exponax_nu0.000_t20.0_test_ntimepoints21_GRF_rq_length_scale0.200_variance1.000_alpha1.500_vmax1_vmin-1_batch0_all_frames.pt
  465. /blue/shiboli.fsu/yifeisun.umich/adversarial_robustness_FNO/2D_NS_FNO2d_recurrent/datasets/exponax_datasets/t20/generalizability/dim2d_nx256_N10_solver=exponax_nu0.000_t20.0_test_ntimepoints21_GRF_rq_length_scale0.200_variance1.000_alpha1.500_vmax1_vmin0_batch0_all_frames.pt
  466. /blue/shiboli.fsu/yifeisun.umich/adversarial_robustness_FNO/2D_NS_FNO2d_recurrent/datasets/exponax_datasets/t20/generalizability/dim2d_nx256_N10_solver=exponax_nu0.000_t20.0_test_ntimepoints21_GRF_rq_length_scale0.200_variance1.000_alpha1.700_vmax-1_vmin-1.5_batch0_all_frames.pt
  467. /blue/shiboli.fsu/yifeisun.umich/adversarial_robustness_FNO/2D_NS_FNO2d_recurrent/datasets/exponax_datasets/t20/generalizability/dim2d_nx256_N10_solver=exponax_nu0.000_t20.0_test_ntimepoints21_GRF_rq_length_scale0.200_variance1.000_alpha1.700_vmax0.4_vmin-0.4_batch0_all_frames.pt
  468. /blue/shiboli.fsu/yifeisun.umich/adversarial_robustness_FNO/2D_NS_FNO2d_recurrent/datasets/exponax_datasets/t20/generalizability/dim2d_nx256_N10_solver=exponax_nu0.000_t20.0_test_ntimepoints21_GRF_rq_length_scale0.200_variance1.000_alpha1.700_vmax0_vmin-1_batch0_all_frames.pt
  469. /blue/shiboli.fsu/yifeisun.umich/adversarial_robustness_FNO/2D_NS_FNO2d_recurrent/datasets/exponax_datasets/t20/generalizability/dim2d_nx256_N10_solver=exponax_nu0.000_t20.0_test_ntimepoints21_GRF_rq_length_scale0.200_variance1.000_alpha1.700_vmax1.5_vmin1_batch0_all_frames.pt
  470. /blue/shiboli.fsu/yifeisun.umich/adversarial_robustness_FNO/2D_NS_FNO2d_recurrent/datasets/exponax_datasets/t20/generalizability/dim2d_nx256_N10_solver=exponax_nu0.000_t20.0_test_ntimepoints21_GRF_rq_length_scale0.200_variance1.000_alpha1.700_vmax1_vmin-1_batch0_all_frames.pt
  471. /blue/shiboli.fsu/yifeisun.umich/adversarial_robustness_FNO/2D_NS_FNO2d_recurrent/datasets/exponax_datasets/t20/generalizability/dim2d_nx256_N10_solver=exponax_nu0.000_t20.0_test_ntimepoints21_GRF_rq_length_scale0.200_variance1.000_alpha1.700_vmax1_vmin0_batch0_all_frames.pt
  472. /blue/shiboli.fsu/yifeisun.umich/adversarial_robustness_FNO/2D_NS_FNO2d_recurrent/datasets/exponax_datasets/t20/generalizability/dim2d_nx256_N10_solver=exponax_nu0.000_t20.0_test_ntimepoints21_GRF_rq_length_scale0.200_variance1.700_alpha0.750_vmax-1_vmin-1.5_batch0_all_frames.pt
  473. /blue/shiboli.fsu/yifeisun.umich/adversarial_robustness_FNO/2D_NS_FNO2d_recurrent/datasets/exponax_datasets/t20/generalizability/dim2d_nx256_N10_solver=exponax_nu0.000_t20.0_test_ntimepoints21_GRF_rq_length_scale0.200_variance1.700_alpha0.750_vmax0.4_vmin-0.4_batch0_all_frames.pt
  474. /blue/shiboli.fsu/yifeisun.umich/adversarial_robustness_FNO/2D_NS_FNO2d_recurrent/datasets/exponax_datasets/t20/generalizability/dim2d_nx256_N10_solver=exponax_nu0.000_t20.0_test_ntimepoints21_GRF_rq_length_scale0.200_variance1.700_alpha0.750_vmax0_vmin-1_batch0_all_frames.pt
  475. /blue/shiboli.fsu/yifeisun.umich/adversarial_robustness_FNO/2D_NS_FNO2d_recurrent/datasets/exponax_datasets/t20/generalizability/dim2d_nx256_N10_solver=exponax_nu0.000_t20.0_test_ntimepoints21_GRF_rq_length_scale0.200_variance1.700_alpha0.750_vmax1.5_vmin1_batch0_all_frames.pt
  476. /blue/shiboli.fsu/yifeisun.umich/adversarial_robustness_FNO/2D_NS_FNO2d_recurrent/datasets/exponax_datasets/t20/generalizability/dim2d_nx256_N10_solver=exponax_nu0.000_t20.0_test_ntimepoints21_GRF_rq_length_scale0.200_variance1.700_alpha0.750_vmax1_vmin-1_batch0_all_frames.pt
  477. /blue/shiboli.fsu/yifeisun.umich/adversarial_robustness_FNO/2D_NS_FNO2d_recurrent/datasets/exponax_datasets/t20/generalizability/dim2d_nx256_N10_solver=exponax_nu0.000_t20.0_test_ntimepoints21_GRF_rq_length_scale0.200_variance1.700_alpha0.750_vmax1_vmin0_batch0_all_frames.pt
  478. /blue/shiboli.fsu/yifeisun.umich/adversarial_robustness_FNO/2D_NS_FNO2d_recurrent/datasets/exponax_datasets/t20/generalizability/dim2d_nx256_N10_solver=exponax_nu0.000_t20.0_test_ntimepoints21_GRF_rq_length_scale0.200_variance1.700_alpha1.000_vmax-1_vmin-1.5_batch0_all_frames.pt
  479. /blue/shiboli.fsu/yifeisun.umich/adversarial_robustness_FNO/2D_NS_FNO2d_recurrent/datasets/exponax_datasets/t20/generalizability/dim2d_nx256_N10_solver=exponax_nu0.000_t20.0_test_ntimepoints21_GRF_rq_length_scale0.200_variance1.700_alpha1.000_vmax0.4_vmin-0.4_batch0_all_frames.pt
  480. /blue/shiboli.fsu/yifeisun.umich/adversarial_robustness_FNO/2D_NS_FNO2d_recurrent/datasets/exponax_datasets/t20/generalizability/dim2d_nx256_N10_solver=exponax_nu0.000_t20.0_test_ntimepoints21_GRF_rq_length_scale0.200_variance1.700_alpha1.000_vmax0_vmin-1_batch0_all_frames.pt
  481. /blue/shiboli.fsu/yifeisun.umich/adversarial_robustness_FNO/2D_NS_FNO2d_recurrent/datasets/exponax_datasets/t20/generalizability/dim2d_nx256_N10_solver=exponax_nu0.000_t20.0_test_ntimepoints21_GRF_rq_length_scale0.200_variance1.700_alpha1.000_vmax1.5_vmin1_batch0_all_frames.pt
  482. /blue/shiboli.fsu/yifeisun.umich/adversarial_robustness_FNO/2D_NS_FNO2d_recurrent/datasets/exponax_datasets/t20/generalizability/dim2d_nx256_N10_solver=exponax_nu0.000_t20.0_test_ntimepoints21_GRF_rq_length_scale0.200_variance1.700_alpha1.000_vmax1_vmin-1_batch0_all_frames.pt
  483. /blue/shiboli.fsu/yifeisun.umich/adversarial_robustness_FNO/2D_NS_FNO2d_recurrent/datasets/exponax_datasets/t20/generalizability/dim2d_nx256_N10_solver=exponax_nu0.000_t20.0_test_ntimepoints21_GRF_rq_length_scale0.200_variance1.700_alpha1.000_vmax1_vmin0_batch0_all_frames.pt
  484. /blue/shiboli.fsu/yifeisun.umich/adversarial_robustness_FNO/2D_NS_FNO2d_recurrent/datasets/exponax_datasets/t20/generalizability/dim2d_nx256_N10_solver=exponax_nu0.000_t20.0_test_ntimepoints21_GRF_rq_length_scale0.200_variance1.700_alpha1.500_vmax-1_vmin-1.5_batch0_all_frames.pt
  485. /blue/shiboli.fsu/yifeisun.umich/adversarial_robustness_FNO/2D_NS_FNO2d_recurrent/datasets/exponax_datasets/t20/generalizability/dim2d_nx256_N10_solver=exponax_nu0.000_t20.0_test_ntimepoints21_GRF_rq_length_scale0.200_variance1.700_alpha1.500_vmax0.4_vmin-0.4_batch0_all_frames.pt
  486. /blue/shiboli.fsu/yifeisun.umich/adversarial_robustness_FNO/2D_NS_FNO2d_recurrent/datasets/exponax_datasets/t20/generalizability/dim2d_nx256_N10_solver=exponax_nu0.000_t20.0_test_ntimepoints21_GRF_rq_length_scale0.200_variance1.700_alpha1.500_vmax0_vmin-1_batch0_all_frames.pt
  487. /blue/shiboli.fsu/yifeisun.umich/adversarial_robustness_FNO/2D_NS_FNO2d_recurrent/datasets/exponax_datasets/t20/generalizability/dim2d_nx256_N10_solver=exponax_nu0.000_t20.0_test_ntimepoints21_GRF_rq_length_scale0.200_variance1.700_alpha1.500_vmax1.5_vmin1_batch0_all_frames.pt
  488. /blue/shiboli.fsu/yifeisun.umich/adversarial_robustness_FNO/2D_NS_FNO2d_recurrent/datasets/exponax_datasets/t20/generalizability/dim2d_nx256_N10_solver=exponax_nu0.000_t20.0_test_ntimepoints21_GRF_rq_length_scale0.200_variance1.700_alpha1.500_vmax1_vmin-1_batch0_all_frames.pt
  489. /blue/shiboli.fsu/yifeisun.umich/adversarial_robustness_FNO/2D_NS_FNO2d_recurrent/datasets/exponax_datasets/t20/generalizability/dim2d_nx256_N10_solver=exponax_nu0.000_t20.0_test_ntimepoints21_GRF_rq_length_scale0.200_variance1.700_alpha1.500_vmax1_vmin0_batch0_all_frames.pt
  490. /blue/shiboli.fsu/yifeisun.umich/adversarial_robustness_FNO/2D_NS_FNO2d_recurrent/datasets/exponax_datasets/t20/generalizability/dim2d_nx256_N10_solver=exponax_nu0.000_t20.0_test_ntimepoints21_GRF_rq_length_scale0.200_variance1.700_alpha1.700_vmax-1_vmin-1.5_batch0_all_frames.pt
  491. /blue/shiboli.fsu/yifeisun.umich/adversarial_robustness_FNO/2D_NS_FNO2d_recurrent/datasets/exponax_datasets/t20/generalizability/dim2d_nx256_N10_solver=exponax_nu0.000_t20.0_test_ntimepoints21_GRF_rq_length_scale0.200_variance1.700_alpha1.700_vmax0.4_vmin-0.4_batch0_all_frames.pt
  492. /blue/shiboli.fsu/yifeisun.umich/adversarial_robustness_FNO/2D_NS_FNO2d_recurrent/datasets/exponax_datasets/t20/generalizability/dim2d_nx256_N10_solver=exponax_nu0.000_t20.0_test_ntimepoints21_GRF_rq_length_scale0.200_variance1.700_alpha1.700_vmax0_vmin-1_batch0_all_frames.pt
  493. /blue/shiboli.fsu/yifeisun.umich/adversarial_robustness_FNO/2D_NS_FNO2d_recurrent/datasets/exponax_datasets/t20/generalizability/dim2d_nx256_N10_solver=exponax_nu0.000_t20.0_test_ntimepoints21_GRF_rq_length_scale0.200_variance1.700_alpha1.700_vmax1.5_vmin1_batch0_all_frames.pt
  494. /blue/shiboli.fsu/yifeisun.umich/adversarial_robustness_FNO/2D_NS_FNO2d_recurrent/datasets/exponax_datasets/t20/generalizability/dim2d_nx256_N10_solver=exponax_nu0.000_t20.0_test_ntimepoints21_GRF_rq_length_scale0.200_variance1.700_alpha1.700_vmax1_vmin-1_batch0_all_frames.pt
  495. /blue/shiboli.fsu/yifeisun.umich/adversarial_robustness_FNO/2D_NS_FNO2d_recurrent/datasets/exponax_datasets/t20/generalizability/dim2d_nx256_N10_solver=exponax_nu0.000_t20.0_test_ntimepoints21_GRF_rq_length_scale0.200_variance1.700_alpha1.700_vmax1_vmin0_batch0_all_frames.pt
  496. /blue/shiboli.fsu/yifeisun.umich/adversarial_robustness_FNO/2D_NS_FNO2d_recurrent/datasets/exponax_datasets/t20/generalizability/dim2d_nx256_N10_solver=exponax_nu0.000_t20.0_test_ntimepoints21_LogGRF_matern_alpha1.500_tau11_exp_factor2.500_vmax-1_vmin-1.5_batch0_all_frames.pt
  497. /blue/shiboli.fsu/yifeisun.umich/adversarial_robustness_FNO/2D_NS_FNO2d_recurrent/datasets/exponax_datasets/t20/generalizability/dim2d_nx256_N10_solver=exponax_nu0.000_t20.0_test_ntimepoints21_LogGRF_matern_alpha1.500_tau11_exp_factor2.500_vmax0.4_vmin-0.4_batch0_all_frames.pt
  498. /blue/shiboli.fsu/yifeisun.umich/adversarial_robustness_FNO/2D_NS_FNO2d_recurrent/datasets/exponax_datasets/t20/generalizability/dim2d_nx256_N10_solver=exponax_nu0.000_t20.0_test_ntimepoints21_LogGRF_matern_alpha1.500_tau11_exp_factor2.500_vmax0_vmin-1_batch0_all_frames.pt
  499. /blue/shiboli.fsu/yifeisun.umich/adversarial_robustness_FNO/2D_NS_FNO2d_recurrent/datasets/exponax_datasets/t20/generalizability/dim2d_nx256_N10_solver=exponax_nu0.000_t20.0_test_ntimepoints21_LogGRF_matern_alpha1.500_tau11_exp_factor2.500_vmax1.5_vmin1_batch0_all_frames.pt
  500. /blue/shiboli.fsu/yifeisun.umich/adversarial_robustness_FNO/2D_NS_FNO2d_recurrent/datasets/exponax_datasets/t20/generalizability/dim2d_nx256_N10_solver=exponax_nu0.000_t20.0_test_ntimepoints21_LogGRF_matern_alpha1.500_tau11_exp_factor2.500_vmax1_vmin-1_batch0_all_frames.pt
  501. /blue/shiboli.fsu/yifeisun.umich/adversarial_robustness_FNO/2D_NS_FNO2d_recurrent/datasets/exponax_datasets/t20/generalizability/dim2d_nx256_N10_solver=exponax_nu0.000_t20.0_test_ntimepoints21_LogGRF_matern_alpha1.500_tau11_exp_factor2.500_vmax1_vmin0_batch0_all_frames.pt
  502. /blue/shiboli.fsu/yifeisun.umich/adversarial_robustness_FNO/2D_NS_FNO2d_recurrent/datasets/exponax_datasets/t20/generalizability/dim2d_nx256_N10_solver=exponax_nu0.000_t20.0_test_ntimepoints21_LogGRF_matern_alpha1.500_tau15_exp_factor2.500_vmax-1_vmin-1.5_batch0_all_frames.pt
  503. /blue/shiboli.fsu/yifeisun.umich/adversarial_robustness_FNO/2D_NS_FNO2d_recurrent/datasets/exponax_datasets/t20/generalizability/dim2d_nx256_N10_solver=exponax_nu0.000_t20.0_test_ntimepoints21_LogGRF_matern_alpha1.500_tau15_exp_factor2.500_vmax0.4_vmin-0.4_batch0_all_frames.pt
  504. /blue/shiboli.fsu/yifeisun.umich/adversarial_robustness_FNO/2D_NS_FNO2d_recurrent/datasets/exponax_datasets/t20/generalizability/dim2d_nx256_N10_solver=exponax_nu0.000_t20.0_test_ntimepoints21_LogGRF_matern_alpha1.500_tau15_exp_factor2.500_vmax0_vmin-1_batch0_all_frames.pt
  505. /blue/shiboli.fsu/yifeisun.umich/adversarial_robustness_FNO/2D_NS_FNO2d_recurrent/datasets/exponax_datasets/t20/generalizability/dim2d_nx256_N10_solver=exponax_nu0.000_t20.0_test_ntimepoints21_LogGRF_matern_alpha1.500_tau15_exp_factor2.500_vmax1.5_vmin1_batch0_all_frames.pt
  506. /blue/shiboli.fsu/yifeisun.umich/adversarial_robustness_FNO/2D_NS_FNO2d_recurrent/datasets/exponax_datasets/t20/generalizability/dim2d_nx256_N10_solver=exponax_nu0.000_t20.0_test_ntimepoints21_LogGRF_matern_alpha1.500_tau15_exp_factor2.500_vmax1_vmin-1_batch0_all_frames.pt
  507. /blue/shiboli.fsu/yifeisun.umich/adversarial_robustness_FNO/2D_NS_FNO2d_recurrent/datasets/exponax_datasets/t20/generalizability/dim2d_nx256_N10_solver=exponax_nu0.000_t20.0_test_ntimepoints21_LogGRF_matern_alpha1.500_tau15_exp_factor2.500_vmax1_vmin0_batch0_all_frames.pt
  508. /blue/shiboli.fsu/yifeisun.umich/adversarial_robustness_FNO/2D_NS_FNO2d_recurrent/datasets/exponax_datasets/t20/generalizability/dim2d_nx256_N10_solver=exponax_nu0.000_t20.0_test_ntimepoints21_LogGRF_matern_alpha1.500_tau1_exp_factor2.500_vmax-1_vmin-1.5_batch0_all_frames.pt
  509. /blue/shiboli.fsu/yifeisun.umich/adversarial_robustness_FNO/2D_NS_FNO2d_recurrent/datasets/exponax_datasets/t20/generalizability/dim2d_nx256_N10_solver=exponax_nu0.000_t20.0_test_ntimepoints21_LogGRF_matern_alpha1.500_tau1_exp_factor2.500_vmax0.4_vmin-0.4_batch0_all_frames.pt
  510. /blue/shiboli.fsu/yifeisun.umich/adversarial_robustness_FNO/2D_NS_FNO2d_recurrent/datasets/exponax_datasets/t20/generalizability/dim2d_nx256_N10_solver=exponax_nu0.000_t20.0_test_ntimepoints21_LogGRF_matern_alpha1.500_tau1_exp_factor2.500_vmax0_vmin-1_batch0_all_frames.pt
  511. /blue/shiboli.fsu/yifeisun.umich/adversarial_robustness_FNO/2D_NS_FNO2d_recurrent/datasets/exponax_datasets/t20/generalizability/dim2d_nx256_N10_solver=exponax_nu0.000_t20.0_test_ntimepoints21_LogGRF_matern_alpha1.500_tau1_exp_factor2.500_vmax1.5_vmin1_batch0_all_frames.pt
  512. /blue/shiboli.fsu/yifeisun.umich/adversarial_robustness_FNO/2D_NS_FNO2d_recurrent/datasets/exponax_datasets/t20/generalizability/dim2d_nx256_N10_solver=exponax_nu0.000_t20.0_test_ntimepoints21_LogGRF_matern_alpha1.500_tau1_exp_factor2.500_vmax1_vmin-1_batch0_all_frames.pt
  513. /blue/shiboli.fsu/yifeisun.umich/adversarial_robustness_FNO/2D_NS_FNO2d_recurrent/datasets/exponax_datasets/t20/generalizability/dim2d_nx256_N10_solver=exponax_nu0.000_t20.0_test_ntimepoints21_LogGRF_matern_alpha1.500_tau1_exp_factor2.500_vmax1_vmin0_batch0_all_frames.pt
  514. /blue/shiboli.fsu/yifeisun.umich/adversarial_robustness_FNO/2D_NS_FNO2d_recurrent/datasets/exponax_datasets/t20/generalizability/dim2d_nx256_N10_solver=exponax_nu0.000_t20.0_test_ntimepoints21_LogGRF_matern_alpha1.500_tau3_exp_factor2.500_vmax-1_vmin-1.5_batch0_all_frames.pt
  515. /blue/shiboli.fsu/yifeisun.umich/adversarial_robustness_FNO/2D_NS_FNO2d_recurrent/datasets/exponax_datasets/t20/generalizability/dim2d_nx256_N10_solver=exponax_nu0.000_t20.0_test_ntimepoints21_LogGRF_matern_alpha1.500_tau3_exp_factor2.500_vmax0.4_vmin-0.4_batch0_all_frames.pt
  516. /blue/shiboli.fsu/yifeisun.umich/adversarial_robustness_FNO/2D_NS_FNO2d_recurrent/datasets/exponax_datasets/t20/generalizability/dim2d_nx256_N10_solver=exponax_nu0.000_t20.0_test_ntimepoints21_LogGRF_matern_alpha1.500_tau3_exp_factor2.500_vmax0_vmin-1_batch0_all_frames.pt
  517. /blue/shiboli.fsu/yifeisun.umich/adversarial_robustness_FNO/2D_NS_FNO2d_recurrent/datasets/exponax_datasets/t20/generalizability/dim2d_nx256_N10_solver=exponax_nu0.000_t20.0_test_ntimepoints21_LogGRF_matern_alpha1.500_tau3_exp_factor2.500_vmax1.5_vmin1_batch0_all_frames.pt
  518. /blue/shiboli.fsu/yifeisun.umich/adversarial_robustness_FNO/2D_NS_FNO2d_recurrent/datasets/exponax_datasets/t20/generalizability/dim2d_nx256_N10_solver=exponax_nu0.000_t20.0_test_ntimepoints21_LogGRF_matern_alpha1.500_tau3_exp_factor2.500_vmax1_vmin-1_batch0_all_frames.pt
  519. /blue/shiboli.fsu/yifeisun.umich/adversarial_robustness_FNO/2D_NS_FNO2d_recurrent/datasets/exponax_datasets/t20/generalizability/dim2d_nx256_N10_solver=exponax_nu0.000_t20.0_test_ntimepoints21_LogGRF_matern_alpha1.500_tau3_exp_factor2.500_vmax1_vmin0_batch0_all_frames.pt
  520. /blue/shiboli.fsu/yifeisun.umich/adversarial_robustness_FNO/2D_NS_FNO2d_recurrent/datasets/exponax_datasets/t20/generalizability/dim2d_nx256_N10_solver=exponax_nu0.000_t20.0_test_ntimepoints21_LogGRF_matern_alpha1.500_tau7_exp_factor2.500_vmax-1_vmin-1.5_batch0_all_frames.pt
  521. /blue/shiboli.fsu/yifeisun.umich/adversarial_robustness_FNO/2D_NS_FNO2d_recurrent/datasets/exponax_datasets/t20/generalizability/dim2d_nx256_N10_solver=exponax_nu0.000_t20.0_test_ntimepoints21_LogGRF_matern_alpha1.500_tau7_exp_factor2.500_vmax0.4_vmin-0.4_batch0_all_frames.pt
  522. /blue/shiboli.fsu/yifeisun.umich/adversarial_robustness_FNO/2D_NS_FNO2d_recurrent/datasets/exponax_datasets/t20/generalizability/dim2d_nx256_N10_solver=exponax_nu0.000_t20.0_test_ntimepoints21_LogGRF_matern_alpha1.500_tau7_exp_factor2.500_vmax0_vmin-1_batch0_all_frames.pt
  523. /blue/shiboli.fsu/yifeisun.umich/adversarial_robustness_FNO/2D_NS_FNO2d_recurrent/datasets/exponax_datasets/t20/generalizability/dim2d_nx256_N10_solver=exponax_nu0.000_t20.0_test_ntimepoints21_LogGRF_matern_alpha1.500_tau7_exp_factor2.500_vmax1.5_vmin1_batch0_all_frames.pt
  524. /blue/shiboli.fsu/yifeisun.umich/adversarial_robustness_FNO/2D_NS_FNO2d_recurrent/datasets/exponax_datasets/t20/generalizability/dim2d_nx256_N10_solver=exponax_nu0.000_t20.0_test_ntimepoints21_LogGRF_matern_alpha1.500_tau7_exp_factor2.500_vmax1_vmin-1_batch0_all_frames.pt
  525. /blue/shiboli.fsu/yifeisun.umich/adversarial_robustness_FNO/2D_NS_FNO2d_recurrent/datasets/exponax_datasets/t20/generalizability/dim2d_nx256_N10_solver=exponax_nu0.000_t20.0_test_ntimepoints21_LogGRF_matern_alpha1.500_tau7_exp_factor2.500_vmax1_vmin0_batch0_all_frames.pt
  526. /blue/shiboli.fsu/yifeisun.umich/adversarial_robustness_FNO/2D_NS_FNO2d_recurrent/datasets/exponax_datasets/t20/generalizability/dim2d_nx256_N10_solver=exponax_nu0.000_t20.0_test_ntimepoints21_LogGRF_matern_alpha2.500_tau11_exp_factor2.500_vmax-1_vmin-1.5_batch0_all_frames.pt
  527. /blue/shiboli.fsu/yifeisun.umich/adversarial_robustness_FNO/2D_NS_FNO2d_recurrent/datasets/exponax_datasets/t20/generalizability/dim2d_nx256_N10_solver=exponax_nu0.000_t20.0_test_ntimepoints21_LogGRF_matern_alpha2.500_tau11_exp_factor2.500_vmax0.4_vmin-0.4_batch0_all_frames.pt
  528. /blue/shiboli.fsu/yifeisun.umich/adversarial_robustness_FNO/2D_NS_FNO2d_recurrent/datasets/exponax_datasets/t20/generalizability/dim2d_nx256_N10_solver=exponax_nu0.000_t20.0_test_ntimepoints21_LogGRF_matern_alpha2.500_tau11_exp_factor2.500_vmax0_vmin-1_batch0_all_frames.pt
  529. /blue/shiboli.fsu/yifeisun.umich/adversarial_robustness_FNO/2D_NS_FNO2d_recurrent/datasets/exponax_datasets/t20/generalizability/dim2d_nx256_N10_solver=exponax_nu0.000_t20.0_test_ntimepoints21_LogGRF_matern_alpha2.500_tau11_exp_factor2.500_vmax1.5_vmin1_batch0_all_frames.pt
  530. /blue/shiboli.fsu/yifeisun.umich/adversarial_robustness_FNO/2D_NS_FNO2d_recurrent/datasets/exponax_datasets/t20/generalizability/dim2d_nx256_N10_solver=exponax_nu0.000_t20.0_test_ntimepoints21_LogGRF_matern_alpha2.500_tau11_exp_factor2.500_vmax1_vmin-1_batch0_all_frames.pt
  531. /blue/shiboli.fsu/yifeisun.umich/adversarial_robustness_FNO/2D_NS_FNO2d_recurrent/datasets/exponax_datasets/t20/generalizability/dim2d_nx256_N10_solver=exponax_nu0.000_t20.0_test_ntimepoints21_LogGRF_matern_alpha2.500_tau11_exp_factor2.500_vmax1_vmin0_batch0_all_frames.pt
  532. /blue/shiboli.fsu/yifeisun.umich/adversarial_robustness_FNO/2D_NS_FNO2d_recurrent/datasets/exponax_datasets/t20/generalizability/dim2d_nx256_N10_solver=exponax_nu0.000_t20.0_test_ntimepoints21_LogGRF_matern_alpha2.500_tau15_exp_factor2.500_vmax-1_vmin-1.5_batch0_all_frames.pt
  533. /blue/shiboli.fsu/yifeisun.umich/adversarial_robustness_FNO/2D_NS_FNO2d_recurrent/datasets/exponax_datasets/t20/generalizability/dim2d_nx256_N10_solver=exponax_nu0.000_t20.0_test_ntimepoints21_LogGRF_matern_alpha2.500_tau15_exp_factor2.500_vmax0.4_vmin-0.4_batch0_all_frames.pt
  534. /blue/shiboli.fsu/yifeisun.umich/adversarial_robustness_FNO/2D_NS_FNO2d_recurrent/datasets/exponax_datasets/t20/generalizability/dim2d_nx256_N10_solver=exponax_nu0.000_t20.0_test_ntimepoints21_LogGRF_matern_alpha2.500_tau15_exp_factor2.500_vmax0_vmin-1_batch0_all_frames.pt
  535. /blue/shiboli.fsu/yifeisun.umich/adversarial_robustness_FNO/2D_NS_FNO2d_recurrent/datasets/exponax_datasets/t20/generalizability/dim2d_nx256_N10_solver=exponax_nu0.000_t20.0_test_ntimepoints21_LogGRF_matern_alpha2.500_tau15_exp_factor2.500_vmax1.5_vmin1_batch0_all_frames.pt
  536. /blue/shiboli.fsu/yifeisun.umich/adversarial_robustness_FNO/2D_NS_FNO2d_recurrent/datasets/exponax_datasets/t20/generalizability/dim2d_nx256_N10_solver=exponax_nu0.000_t20.0_test_ntimepoints21_LogGRF_matern_alpha2.500_tau15_exp_factor2.500_vmax1_vmin-1_batch0_all_frames.pt
  537. /blue/shiboli.fsu/yifeisun.umich/adversarial_robustness_FNO/2D_NS_FNO2d_recurrent/datasets/exponax_datasets/t20/generalizability/dim2d_nx256_N10_solver=exponax_nu0.000_t20.0_test_ntimepoints21_LogGRF_matern_alpha2.500_tau15_exp_factor2.500_vmax1_vmin0_batch0_all_frames.pt
  538. /blue/shiboli.fsu/yifeisun.umich/adversarial_robustness_FNO/2D_NS_FNO2d_recurrent/datasets/exponax_datasets/t20/generalizability/dim2d_nx256_N10_solver=exponax_nu0.000_t20.0_test_ntimepoints21_LogGRF_matern_alpha2.500_tau1_exp_factor2.500_vmax-1_vmin-1.5_batch0_all_frames.pt
  539. /blue/shiboli.fsu/yifeisun.umich/adversarial_robustness_FNO/2D_NS_FNO2d_recurrent/datasets/exponax_datasets/t20/generalizability/dim2d_nx256_N10_solver=exponax_nu0.000_t20.0_test_ntimepoints21_LogGRF_matern_alpha2.500_tau1_exp_factor2.500_vmax0.4_vmin-0.4_batch0_all_frames.pt
  540. /blue/shiboli.fsu/yifeisun.umich/adversarial_robustness_FNO/2D_NS_FNO2d_recurrent/datasets/exponax_datasets/t20/generalizability/dim2d_nx256_N10_solver=exponax_nu0.000_t20.0_test_ntimepoints21_LogGRF_matern_alpha2.500_tau1_exp_factor2.500_vmax0_vmin-1_batch0_all_frames.pt
  541. /blue/shiboli.fsu/yifeisun.umich/adversarial_robustness_FNO/2D_NS_FNO2d_recurrent/datasets/exponax_datasets/t20/generalizability/dim2d_nx256_N10_solver=exponax_nu0.000_t20.0_test_ntimepoints21_LogGRF_matern_alpha2.500_tau1_exp_factor2.500_vmax1.5_vmin1_batch0_all_frames.pt
  542. /blue/shiboli.fsu/yifeisun.umich/adversarial_robustness_FNO/2D_NS_FNO2d_recurrent/datasets/exponax_datasets/t20/generalizability/dim2d_nx256_N10_solver=exponax_nu0.000_t20.0_test_ntimepoints21_LogGRF_matern_alpha2.500_tau1_exp_factor2.500_vmax1_vmin-1_batch0_all_frames.pt
  543. /blue/shiboli.fsu/yifeisun.umich/adversarial_robustness_FNO/2D_NS_FNO2d_recurrent/datasets/exponax_datasets/t20/generalizability/dim2d_nx256_N10_solver=exponax_nu0.000_t20.0_test_ntimepoints21_LogGRF_matern_alpha2.500_tau1_exp_factor2.500_vmax1_vmin0_batch0_all_frames.pt
  544. /blue/shiboli.fsu/yifeisun.umich/adversarial_robustness_FNO/2D_NS_FNO2d_recurrent/datasets/exponax_datasets/t20/generalizability/dim2d_nx256_N10_solver=exponax_nu0.000_t20.0_test_ntimepoints21_LogGRF_matern_alpha2.500_tau3_exp_factor2.500_vmax-1_vmin-1.5_batch0_all_frames.pt
  545. /blue/shiboli.fsu/yifeisun.umich/adversarial_robustness_FNO/2D_NS_FNO2d_recurrent/datasets/exponax_datasets/t20/generalizability/dim2d_nx256_N10_solver=exponax_nu0.000_t20.0_test_ntimepoints21_LogGRF_matern_alpha2.500_tau3_exp_factor2.500_vmax0.4_vmin-0.4_batch0_all_frames.pt
  546. /blue/shiboli.fsu/yifeisun.umich/adversarial_robustness_FNO/2D_NS_FNO2d_recurrent/datasets/exponax_datasets/t20/generalizability/dim2d_nx256_N10_solver=exponax_nu0.000_t20.0_test_ntimepoints21_LogGRF_matern_alpha2.500_tau3_exp_factor2.500_vmax0_vmin-1_batch0_all_frames.pt
  547. /blue/shiboli.fsu/yifeisun.umich/adversarial_robustness_FNO/2D_NS_FNO2d_recurrent/datasets/exponax_datasets/t20/generalizability/dim2d_nx256_N10_solver=exponax_nu0.000_t20.0_test_ntimepoints21_LogGRF_matern_alpha2.500_tau3_exp_factor2.500_vmax1.5_vmin1_batch0_all_frames.pt
  548. /blue/shiboli.fsu/yifeisun.umich/adversarial_robustness_FNO/2D_NS_FNO2d_recurrent/datasets/exponax_datasets/t20/generalizability/dim2d_nx256_N10_solver=exponax_nu0.000_t20.0_test_ntimepoints21_LogGRF_matern_alpha2.500_tau3_exp_factor2.500_vmax1_vmin-1_batch0_all_frames.pt
  549. /blue/shiboli.fsu/yifeisun.umich/adversarial_robustness_FNO/2D_NS_FNO2d_recurrent/datasets/exponax_datasets/t20/generalizability/dim2d_nx256_N10_solver=exponax_nu0.000_t20.0_test_ntimepoints21_LogGRF_matern_alpha2.500_tau3_exp_factor2.500_vmax1_vmin0_batch0_all_frames.pt
  550. /blue/shiboli.fsu/yifeisun.umich/adversarial_robustness_FNO/2D_NS_FNO2d_recurrent/datasets/exponax_datasets/t20/generalizability/dim2d_nx256_N10_solver=exponax_nu0.000_t20.0_test_ntimepoints21_LogGRF_matern_alpha2.500_tau7_exp_factor2.500_vmax-1_vmin-1.5_batch0_all_frames.pt
  551. /blue/shiboli.fsu/yifeisun.umich/adversarial_robustness_FNO/2D_NS_FNO2d_recurrent/datasets/exponax_datasets/t20/generalizability/dim2d_nx256_N10_solver=exponax_nu0.000_t20.0_test_ntimepoints21_LogGRF_matern_alpha2.500_tau7_exp_factor2.500_vmax0.4_vmin-0.4_batch0_all_frames.pt
  552. /blue/shiboli.fsu/yifeisun.umich/adversarial_robustness_FNO/2D_NS_FNO2d_recurrent/datasets/exponax_datasets/t20/generalizability/dim2d_nx256_N10_solver=exponax_nu0.000_t20.0_test_ntimepoints21_LogGRF_matern_alpha2.500_tau7_exp_factor2.500_vmax0_vmin-1_batch0_all_frames.pt
  553. /blue/shiboli.fsu/yifeisun.umich/adversarial_robustness_FNO/2D_NS_FNO2d_recurrent/datasets/exponax_datasets/t20/generalizability/dim2d_nx256_N10_solver=exponax_nu0.000_t20.0_test_ntimepoints21_LogGRF_matern_alpha2.500_tau7_exp_factor2.500_vmax1.5_vmin1_batch0_all_frames.pt
  554. /blue/shiboli.fsu/yifeisun.umich/adversarial_robustness_FNO/2D_NS_FNO2d_recurrent/datasets/exponax_datasets/t20/generalizability/dim2d_nx256_N10_solver=exponax_nu0.000_t20.0_test_ntimepoints21_LogGRF_matern_alpha2.500_tau7_exp_factor2.500_vmax1_vmin-1_batch0_all_frames.pt
  555. /blue/shiboli.fsu/yifeisun.umich/adversarial_robustness_FNO/2D_NS_FNO2d_recurrent/datasets/exponax_datasets/t20/generalizability/dim2d_nx256_N10_solver=exponax_nu0.000_t20.0_test_ntimepoints21_LogGRF_matern_alpha2.500_tau7_exp_factor2.500_vmax1_vmin0_batch0_all_frames.pt
  556. /blue/shiboli.fsu/yifeisun.umich/adversarial_robustness_FNO/2D_NS_FNO2d_recurrent/datasets/exponax_datasets/t20/generalizability/dim2d_nx256_N10_solver=exponax_nu0.000_t20.0_test_ntimepoints21_LogGRF_matern_alpha2_tau11_exp_factor2.500_vmax-1_vmin-1.5_batch0_all_frames.pt
  557. /blue/shiboli.fsu/yifeisun.umich/adversarial_robustness_FNO/2D_NS_FNO2d_recurrent/datasets/exponax_datasets/t20/generalizability/dim2d_nx256_N10_solver=exponax_nu0.000_t20.0_test_ntimepoints21_LogGRF_matern_alpha2_tau11_exp_factor2.500_vmax0.4_vmin-0.4_batch0_all_frames.pt
  558. /blue/shiboli.fsu/yifeisun.umich/adversarial_robustness_FNO/2D_NS_FNO2d_recurrent/datasets/exponax_datasets/t20/generalizability/dim2d_nx256_N10_solver=exponax_nu0.000_t20.0_test_ntimepoints21_LogGRF_matern_alpha2_tau11_exp_factor2.500_vmax0_vmin-1_batch0_all_frames.pt
  559. /blue/shiboli.fsu/yifeisun.umich/adversarial_robustness_FNO/2D_NS_FNO2d_recurrent/datasets/exponax_datasets/t20/generalizability/dim2d_nx256_N10_solver=exponax_nu0.000_t20.0_test_ntimepoints21_LogGRF_matern_alpha2_tau11_exp_factor2.500_vmax1.5_vmin1_batch0_all_frames.pt
  560. /blue/shiboli.fsu/yifeisun.umich/adversarial_robustness_FNO/2D_NS_FNO2d_recurrent/datasets/exponax_datasets/t20/generalizability/dim2d_nx256_N10_solver=exponax_nu0.000_t20.0_test_ntimepoints21_LogGRF_matern_alpha2_tau11_exp_factor2.500_vmax1_vmin-1_batch0_all_frames.pt
  561. /blue/shiboli.fsu/yifeisun.umich/adversarial_robustness_FNO/2D_NS_FNO2d_recurrent/datasets/exponax_datasets/t20/generalizability/dim2d_nx256_N10_solver=exponax_nu0.000_t20.0_test_ntimepoints21_LogGRF_matern_alpha2_tau11_exp_factor2.500_vmax1_vmin0_batch0_all_frames.pt
  562. /blue/shiboli.fsu/yifeisun.umich/adversarial_robustness_FNO/2D_NS_FNO2d_recurrent/datasets/exponax_datasets/t20/generalizability/dim2d_nx256_N10_solver=exponax_nu0.000_t20.0_test_ntimepoints21_LogGRF_matern_alpha2_tau15_exp_factor2.500_vmax-1_vmin-1.5_batch0_all_frames.pt
  563. /blue/shiboli.fsu/yifeisun.umich/adversarial_robustness_FNO/2D_NS_FNO2d_recurrent/datasets/exponax_datasets/t20/generalizability/dim2d_nx256_N10_solver=exponax_nu0.000_t20.0_test_ntimepoints21_LogGRF_matern_alpha2_tau15_exp_factor2.500_vmax0.4_vmin-0.4_batch0_all_frames.pt
  564. /blue/shiboli.fsu/yifeisun.umich/adversarial_robustness_FNO/2D_NS_FNO2d_recurrent/datasets/exponax_datasets/t20/generalizability/dim2d_nx256_N10_solver=exponax_nu0.000_t20.0_test_ntimepoints21_LogGRF_matern_alpha2_tau15_exp_factor2.500_vmax0_vmin-1_batch0_all_frames.pt
  565. /blue/shiboli.fsu/yifeisun.umich/adversarial_robustness_FNO/2D_NS_FNO2d_recurrent/datasets/exponax_datasets/t20/generalizability/dim2d_nx256_N10_solver=exponax_nu0.000_t20.0_test_ntimepoints21_LogGRF_matern_alpha2_tau15_exp_factor2.500_vmax1.5_vmin1_batch0_all_frames.pt
  566. /blue/shiboli.fsu/yifeisun.umich/adversarial_robustness_FNO/2D_NS_FNO2d_recurrent/datasets/exponax_datasets/t20/generalizability/dim2d_nx256_N10_solver=exponax_nu0.000_t20.0_test_ntimepoints21_LogGRF_matern_alpha2_tau15_exp_factor2.500_vmax1_vmin-1_batch0_all_frames.pt
  567. /blue/shiboli.fsu/yifeisun.umich/adversarial_robustness_FNO/2D_NS_FNO2d_recurrent/datasets/exponax_datasets/t20/generalizability/dim2d_nx256_N10_solver=exponax_nu0.000_t20.0_test_ntimepoints21_LogGRF_matern_alpha2_tau15_exp_factor2.500_vmax1_vmin0_batch0_all_frames.pt
  568. /blue/shiboli.fsu/yifeisun.umich/adversarial_robustness_FNO/2D_NS_FNO2d_recurrent/datasets/exponax_datasets/t20/generalizability/dim2d_nx256_N10_solver=exponax_nu0.000_t20.0_test_ntimepoints21_LogGRF_matern_alpha2_tau1_exp_factor2.500_vmax-1_vmin-1.5_batch0_all_frames.pt
  569. /blue/shiboli.fsu/yifeisun.umich/adversarial_robustness_FNO/2D_NS_FNO2d_recurrent/datasets/exponax_datasets/t20/generalizability/dim2d_nx256_N10_solver=exponax_nu0.000_t20.0_test_ntimepoints21_LogGRF_matern_alpha2_tau1_exp_factor2.500_vmax0.4_vmin-0.4_batch0_all_frames.pt
  570. /blue/shiboli.fsu/yifeisun.umich/adversarial_robustness_FNO/2D_NS_FNO2d_recurrent/datasets/exponax_datasets/t20/generalizability/dim2d_nx256_N10_solver=exponax_nu0.000_t20.0_test_ntimepoints21_LogGRF_matern_alpha2_tau1_exp_factor2.500_vmax0_vmin-1_batch0_all_frames.pt
  571. /blue/shiboli.fsu/yifeisun.umich/adversarial_robustness_FNO/2D_NS_FNO2d_recurrent/datasets/exponax_datasets/t20/generalizability/dim2d_nx256_N10_solver=exponax_nu0.000_t20.0_test_ntimepoints21_LogGRF_matern_alpha2_tau1_exp_factor2.500_vmax1.5_vmin1_batch0_all_frames.pt
  572. /blue/shiboli.fsu/yifeisun.umich/adversarial_robustness_FNO/2D_NS_FNO2d_recurrent/datasets/exponax_datasets/t20/generalizability/dim2d_nx256_N10_solver=exponax_nu0.000_t20.0_test_ntimepoints21_LogGRF_matern_alpha2_tau1_exp_factor2.500_vmax1_vmin-1_batch0_all_frames.pt
  573. /blue/shiboli.fsu/yifeisun.umich/adversarial_robustness_FNO/2D_NS_FNO2d_recurrent/datasets/exponax_datasets/t20/generalizability/dim2d_nx256_N10_solver=exponax_nu0.000_t20.0_test_ntimepoints21_LogGRF_matern_alpha2_tau1_exp_factor2.500_vmax1_vmin0_batch0_all_frames.pt
  574. /blue/shiboli.fsu/yifeisun.umich/adversarial_robustness_FNO/2D_NS_FNO2d_recurrent/datasets/exponax_datasets/t20/generalizability/dim2d_nx256_N10_solver=exponax_nu0.000_t20.0_test_ntimepoints21_LogGRF_matern_alpha2_tau3_exp_factor2.500_vmax-1_vmin-1.5_batch0_all_frames.pt
  575. /blue/shiboli.fsu/yifeisun.umich/adversarial_robustness_FNO/2D_NS_FNO2d_recurrent/datasets/exponax_datasets/t20/generalizability/dim2d_nx256_N10_solver=exponax_nu0.000_t20.0_test_ntimepoints21_LogGRF_matern_alpha2_tau3_exp_factor2.500_vmax0.4_vmin-0.4_batch0_all_frames.pt
  576. /blue/shiboli.fsu/yifeisun.umich/adversarial_robustness_FNO/2D_NS_FNO2d_recurrent/datasets/exponax_datasets/t20/generalizability/dim2d_nx256_N10_solver=exponax_nu0.000_t20.0_test_ntimepoints21_LogGRF_matern_alpha2_tau3_exp_factor2.500_vmax0_vmin-1_batch0_all_frames.pt
  577. /blue/shiboli.fsu/yifeisun.umich/adversarial_robustness_FNO/2D_NS_FNO2d_recurrent/datasets/exponax_datasets/t20/generalizability/dim2d_nx256_N10_solver=exponax_nu0.000_t20.0_test_ntimepoints21_LogGRF_matern_alpha2_tau3_exp_factor2.500_vmax1.5_vmin1_batch0_all_frames.pt
  578. /blue/shiboli.fsu/yifeisun.umich/adversarial_robustness_FNO/2D_NS_FNO2d_recurrent/datasets/exponax_datasets/t20/generalizability/dim2d_nx256_N10_solver=exponax_nu0.000_t20.0_test_ntimepoints21_LogGRF_matern_alpha2_tau3_exp_factor2.500_vmax1_vmin-1_batch0_all_frames.pt
  579. /blue/shiboli.fsu/yifeisun.umich/adversarial_robustness_FNO/2D_NS_FNO2d_recurrent/datasets/exponax_datasets/t20/generalizability/dim2d_nx256_N10_solver=exponax_nu0.000_t20.0_test_ntimepoints21_LogGRF_matern_alpha2_tau3_exp_factor2.500_vmax1_vmin0_batch0_all_frames.pt
  580. /blue/shiboli.fsu/yifeisun.umich/adversarial_robustness_FNO/2D_NS_FNO2d_recurrent/datasets/exponax_datasets/t20/generalizability/dim2d_nx256_N10_solver=exponax_nu0.000_t20.0_test_ntimepoints21_LogGRF_matern_alpha2_tau7_exp_factor2.500_vmax-1_vmin-1.5_batch0_all_frames.pt
  581. /blue/shiboli.fsu/yifeisun.umich/adversarial_robustness_FNO/2D_NS_FNO2d_recurrent/datasets/exponax_datasets/t20/generalizability/dim2d_nx256_N10_solver=exponax_nu0.000_t20.0_test_ntimepoints21_LogGRF_matern_alpha2_tau7_exp_factor2.500_vmax0.4_vmin-0.4_batch0_all_frames.pt
  582. /blue/shiboli.fsu/yifeisun.umich/adversarial_robustness_FNO/2D_NS_FNO2d_recurrent/datasets/exponax_datasets/t20/generalizability/dim2d_nx256_N10_solver=exponax_nu0.000_t20.0_test_ntimepoints21_LogGRF_matern_alpha2_tau7_exp_factor2.500_vmax0_vmin-1_batch0_all_frames.pt
  583. /blue/shiboli.fsu/yifeisun.umich/adversarial_robustness_FNO/2D_NS_FNO2d_recurrent/datasets/exponax_datasets/t20/generalizability/dim2d_nx256_N10_solver=exponax_nu0.000_t20.0_test_ntimepoints21_LogGRF_matern_alpha2_tau7_exp_factor2.500_vmax1.5_vmin1_batch0_all_frames.pt
  584. /blue/shiboli.fsu/yifeisun.umich/adversarial_robustness_FNO/2D_NS_FNO2d_recurrent/datasets/exponax_datasets/t20/generalizability/dim2d_nx256_N10_solver=exponax_nu0.000_t20.0_test_ntimepoints21_LogGRF_matern_alpha2_tau7_exp_factor2.500_vmax1_vmin-1_batch0_all_frames.pt
  585. /blue/shiboli.fsu/yifeisun.umich/adversarial_robustness_FNO/2D_NS_FNO2d_recurrent/datasets/exponax_datasets/t20/generalizability/dim2d_nx256_N10_solver=exponax_nu0.000_t20.0_test_ntimepoints21_LogGRF_matern_alpha2_tau7_exp_factor2.500_vmax1_vmin0_batch0_all_frames.pt
  586. /blue/shiboli.fsu/yifeisun.umich/adversarial_robustness_FNO/2D_NS_FNO2d_recurrent/datasets/exponax_datasets/t20/generalizability/dim2d_nx256_N10_solver=exponax_nu0.000_t20.0_test_ntimepoints21_LogGRF_matern_alpha3.500_tau11_exp_factor2.500_vmax-1_vmin-1.5_batch0_all_frames.pt
  587. /blue/shiboli.fsu/yifeisun.umich/adversarial_robustness_FNO/2D_NS_FNO2d_recurrent/datasets/exponax_datasets/t20/generalizability/dim2d_nx256_N10_solver=exponax_nu0.000_t20.0_test_ntimepoints21_LogGRF_matern_alpha3.500_tau11_exp_factor2.500_vmax0.4_vmin-0.4_batch0_all_frames.pt
  588. /blue/shiboli.fsu/yifeisun.umich/adversarial_robustness_FNO/2D_NS_FNO2d_recurrent/datasets/exponax_datasets/t20/generalizability/dim2d_nx256_N10_solver=exponax_nu0.000_t20.0_test_ntimepoints21_LogGRF_matern_alpha3.500_tau11_exp_factor2.500_vmax0_vmin-1_batch0_all_frames.pt
  589. /blue/shiboli.fsu/yifeisun.umich/adversarial_robustness_FNO/2D_NS_FNO2d_recurrent/datasets/exponax_datasets/t20/generalizability/dim2d_nx256_N10_solver=exponax_nu0.000_t20.0_test_ntimepoints21_LogGRF_matern_alpha3.500_tau11_exp_factor2.500_vmax1.5_vmin1_batch0_all_frames.pt
  590. /blue/shiboli.fsu/yifeisun.umich/adversarial_robustness_FNO/2D_NS_FNO2d_recurrent/datasets/exponax_datasets/t20/generalizability/dim2d_nx256_N10_solver=exponax_nu0.000_t20.0_test_ntimepoints21_LogGRF_matern_alpha3.500_tau11_exp_factor2.500_vmax1_vmin-1_batch0_all_frames.pt
  591. /blue/shiboli.fsu/yifeisun.umich/adversarial_robustness_FNO/2D_NS_FNO2d_recurrent/datasets/exponax_datasets/t20/generalizability/dim2d_nx256_N10_solver=exponax_nu0.000_t20.0_test_ntimepoints21_LogGRF_matern_alpha3.500_tau11_exp_factor2.500_vmax1_vmin0_batch0_all_frames.pt
  592. /blue/shiboli.fsu/yifeisun.umich/adversarial_robustness_FNO/2D_NS_FNO2d_recurrent/datasets/exponax_datasets/t20/generalizability/dim2d_nx256_N10_solver=exponax_nu0.000_t20.0_test_ntimepoints21_LogGRF_matern_alpha3.500_tau15_exp_factor2.500_vmax-1_vmin-1.5_batch0_all_frames.pt
  593. /blue/shiboli.fsu/yifeisun.umich/adversarial_robustness_FNO/2D_NS_FNO2d_recurrent/datasets/exponax_datasets/t20/generalizability/dim2d_nx256_N10_solver=exponax_nu0.000_t20.0_test_ntimepoints21_LogGRF_matern_alpha3.500_tau15_exp_factor2.500_vmax0.4_vmin-0.4_batch0_all_frames.pt
  594. /blue/shiboli.fsu/yifeisun.umich/adversarial_robustness_FNO/2D_NS_FNO2d_recurrent/datasets/exponax_datasets/t20/generalizability/dim2d_nx256_N10_solver=exponax_nu0.000_t20.0_test_ntimepoints21_LogGRF_matern_alpha3.500_tau15_exp_factor2.500_vmax0_vmin-1_batch0_all_frames.pt
  595. /blue/shiboli.fsu/yifeisun.umich/adversarial_robustness_FNO/2D_NS_FNO2d_recurrent/datasets/exponax_datasets/t20/generalizability/dim2d_nx256_N10_solver=exponax_nu0.000_t20.0_test_ntimepoints21_LogGRF_matern_alpha3.500_tau15_exp_factor2.500_vmax1.5_vmin1_batch0_all_frames.pt
  596. /blue/shiboli.fsu/yifeisun.umich/adversarial_robustness_FNO/2D_NS_FNO2d_recurrent/datasets/exponax_datasets/t20/generalizability/dim2d_nx256_N10_solver=exponax_nu0.000_t20.0_test_ntimepoints21_LogGRF_matern_alpha3.500_tau15_exp_factor2.500_vmax1_vmin-1_batch0_all_frames.pt
  597. /blue/shiboli.fsu/yifeisun.umich/adversarial_robustness_FNO/2D_NS_FNO2d_recurrent/datasets/exponax_datasets/t20/generalizability/dim2d_nx256_N10_solver=exponax_nu0.000_t20.0_test_ntimepoints21_LogGRF_matern_alpha3.500_tau15_exp_factor2.500_vmax1_vmin0_batch0_all_frames.pt
  598. /blue/shiboli.fsu/yifeisun.umich/adversarial_robustness_FNO/2D_NS_FNO2d_recurrent/datasets/exponax_datasets/t20/generalizability/dim2d_nx256_N10_solver=exponax_nu0.000_t20.0_test_ntimepoints21_LogGRF_matern_alpha3.500_tau1_exp_factor2.500_vmax-1_vmin-1.5_batch0_all_frames.pt
  599. /blue/shiboli.fsu/yifeisun.umich/adversarial_robustness_FNO/2D_NS_FNO2d_recurrent/datasets/exponax_datasets/t20/generalizability/dim2d_nx256_N10_solver=exponax_nu0.000_t20.0_test_ntimepoints21_LogGRF_matern_alpha3.500_tau1_exp_factor2.500_vmax0.4_vmin-0.4_batch0_all_frames.pt
  600. /blue/shiboli.fsu/yifeisun.umich/adversarial_robustness_FNO/2D_NS_FNO2d_recurrent/datasets/exponax_datasets/t20/generalizability/dim2d_nx256_N10_solver=exponax_nu0.000_t20.0_test_ntimepoints21_LogGRF_matern_alpha3.500_tau1_exp_factor2.500_vmax0_vmin-1_batch0_all_frames.pt
  601. /blue/shiboli.fsu/yifeisun.umich/adversarial_robustness_FNO/2D_NS_FNO2d_recurrent/datasets/exponax_datasets/t20/generalizability/dim2d_nx256_N10_solver=exponax_nu0.000_t20.0_test_ntimepoints21_LogGRF_matern_alpha3.500_tau1_exp_factor2.500_vmax1.5_vmin1_batch0_all_frames.pt
  602. /blue/shiboli.fsu/yifeisun.umich/adversarial_robustness_FNO/2D_NS_FNO2d_recurrent/datasets/exponax_datasets/t20/generalizability/dim2d_nx256_N10_solver=exponax_nu0.000_t20.0_test_ntimepoints21_LogGRF_matern_alpha3.500_tau1_exp_factor2.500_vmax1_vmin-1_batch0_all_frames.pt
  603. /blue/shiboli.fsu/yifeisun.umich/adversarial_robustness_FNO/2D_NS_FNO2d_recurrent/datasets/exponax_datasets/t20/generalizability/dim2d_nx256_N10_solver=exponax_nu0.000_t20.0_test_ntimepoints21_LogGRF_matern_alpha3.500_tau1_exp_factor2.500_vmax1_vmin0_batch0_all_frames.pt
  604. /blue/shiboli.fsu/yifeisun.umich/adversarial_robustness_FNO/2D_NS_FNO2d_recurrent/datasets/exponax_datasets/t20/generalizability/dim2d_nx256_N10_solver=exponax_nu0.000_t20.0_test_ntimepoints21_LogGRF_matern_alpha3.500_tau3_exp_factor2.500_vmax-1_vmin-1.5_batch0_all_frames.pt
  605. /blue/shiboli.fsu/yifeisun.umich/adversarial_robustness_FNO/2D_NS_FNO2d_recurrent/datasets/exponax_datasets/t20/generalizability/dim2d_nx256_N10_solver=exponax_nu0.000_t20.0_test_ntimepoints21_LogGRF_matern_alpha3.500_tau3_exp_factor2.500_vmax0.4_vmin-0.4_batch0_all_frames.pt
  606. /blue/shiboli.fsu/yifeisun.umich/adversarial_robustness_FNO/2D_NS_FNO2d_recurrent/datasets/exponax_datasets/t20/generalizability/dim2d_nx256_N10_solver=exponax_nu0.000_t20.0_test_ntimepoints21_LogGRF_matern_alpha3.500_tau3_exp_factor2.500_vmax0_vmin-1_batch0_all_frames.pt
  607. /blue/shiboli.fsu/yifeisun.umich/adversarial_robustness_FNO/2D_NS_FNO2d_recurrent/datasets/exponax_datasets/t20/generalizability/dim2d_nx256_N10_solver=exponax_nu0.000_t20.0_test_ntimepoints21_LogGRF_matern_alpha3.500_tau3_exp_factor2.500_vmax1.5_vmin1_batch0_all_frames.pt
  608. /blue/shiboli.fsu/yifeisun.umich/adversarial_robustness_FNO/2D_NS_FNO2d_recurrent/datasets/exponax_datasets/t20/generalizability/dim2d_nx256_N10_solver=exponax_nu0.000_t20.0_test_ntimepoints21_LogGRF_matern_alpha3.500_tau3_exp_factor2.500_vmax1_vmin-1_batch0_all_frames.pt
  609. /blue/shiboli.fsu/yifeisun.umich/adversarial_robustness_FNO/2D_NS_FNO2d_recurrent/datasets/exponax_datasets/t20/generalizability/dim2d_nx256_N10_solver=exponax_nu0.000_t20.0_test_ntimepoints21_LogGRF_matern_alpha3.500_tau3_exp_factor2.500_vmax1_vmin0_batch0_all_frames.pt
  610. /blue/shiboli.fsu/yifeisun.umich/adversarial_robustness_FNO/2D_NS_FNO2d_recurrent/datasets/exponax_datasets/t20/generalizability/dim2d_nx256_N10_solver=exponax_nu0.000_t20.0_test_ntimepoints21_LogGRF_matern_alpha3.500_tau7_exp_factor2.500_vmax-1_vmin-1.5_batch0_all_frames.pt
  611. /blue/shiboli.fsu/yifeisun.umich/adversarial_robustness_FNO/2D_NS_FNO2d_recurrent/datasets/exponax_datasets/t20/generalizability/dim2d_nx256_N10_solver=exponax_nu0.000_t20.0_test_ntimepoints21_LogGRF_matern_alpha3.500_tau7_exp_factor2.500_vmax0.4_vmin-0.4_batch0_all_frames.pt
  612. /blue/shiboli.fsu/yifeisun.umich/adversarial_robustness_FNO/2D_NS_FNO2d_recurrent/datasets/exponax_datasets/t20/generalizability/dim2d_nx256_N10_solver=exponax_nu0.000_t20.0_test_ntimepoints21_LogGRF_matern_alpha3.500_tau7_exp_factor2.500_vmax0_vmin-1_batch0_all_frames.pt
  613. /blue/shiboli.fsu/yifeisun.umich/adversarial_robustness_FNO/2D_NS_FNO2d_recurrent/datasets/exponax_datasets/t20/generalizability/dim2d_nx256_N10_solver=exponax_nu0.000_t20.0_test_ntimepoints21_LogGRF_matern_alpha3.500_tau7_exp_factor2.500_vmax1.5_vmin1_batch0_all_frames.pt
  614. /blue/shiboli.fsu/yifeisun.umich/adversarial_robustness_FNO/2D_NS_FNO2d_recurrent/datasets/exponax_datasets/t20/generalizability/dim2d_nx256_N10_solver=exponax_nu0.000_t20.0_test_ntimepoints21_LogGRF_matern_alpha3.500_tau7_exp_factor2.500_vmax1_vmin-1_batch0_all_frames.pt
  615. /blue/shiboli.fsu/yifeisun.umich/adversarial_robustness_FNO/2D_NS_FNO2d_recurrent/datasets/exponax_datasets/t20/generalizability/dim2d_nx256_N10_solver=exponax_nu0.000_t20.0_test_ntimepoints21_LogGRF_matern_alpha3.500_tau7_exp_factor2.500_vmax1_vmin0_batch0_all_frames.pt
  616. /blue/shiboli.fsu/yifeisun.umich/adversarial_robustness_FNO/2D_NS_FNO2d_recurrent/datasets/exponax_datasets/t20/generalizability/dim2d_nx256_N10_solver=exponax_nu0.000_t20.0_test_ntimepoints21_LogGRF_periodic_length_scale40_period0.050_exp_factor2.500_vmax-1_vmin-1.5_batch0_all_frames.pt
  617. /blue/shiboli.fsu/yifeisun.umich/adversarial_robustness_FNO/2D_NS_FNO2d_recurrent/datasets/exponax_datasets/t20/generalizability/dim2d_nx256_N10_solver=exponax_nu0.000_t20.0_test_ntimepoints21_LogGRF_periodic_length_scale40_period0.050_exp_factor2.500_vmax0.4_vmin-0.4_batch0_all_frames.pt
  618. /blue/shiboli.fsu/yifeisun.umich/adversarial_robustness_FNO/2D_NS_FNO2d_recurrent/datasets/exponax_datasets/t20/generalizability/dim2d_nx256_N10_solver=exponax_nu0.000_t20.0_test_ntimepoints21_LogGRF_periodic_length_scale40_period0.050_exp_factor2.500_vmax0_vmin-1_batch0_all_frames.pt
  619. /blue/shiboli.fsu/yifeisun.umich/adversarial_robustness_FNO/2D_NS_FNO2d_recurrent/datasets/exponax_datasets/t20/generalizability/dim2d_nx256_N10_solver=exponax_nu0.000_t20.0_test_ntimepoints21_LogGRF_periodic_length_scale40_period0.050_exp_factor2.500_vmax1.5_vmin1_batch0_all_frames.pt
  620. /blue/shiboli.fsu/yifeisun.umich/adversarial_robustness_FNO/2D_NS_FNO2d_recurrent/datasets/exponax_datasets/t20/generalizability/dim2d_nx256_N10_solver=exponax_nu0.000_t20.0_test_ntimepoints21_LogGRF_periodic_length_scale40_period0.050_exp_factor2.500_vmax1_vmin-1_batch0_all_frames.pt
  621. /blue/shiboli.fsu/yifeisun.umich/adversarial_robustness_FNO/2D_NS_FNO2d_recurrent/datasets/exponax_datasets/t20/generalizability/dim2d_nx256_N10_solver=exponax_nu0.000_t20.0_test_ntimepoints21_LogGRF_periodic_length_scale40_period0.050_exp_factor2.500_vmax1_vmin0_batch0_all_frames.pt
  622. /blue/shiboli.fsu/yifeisun.umich/adversarial_robustness_FNO/2D_NS_FNO2d_recurrent/datasets/exponax_datasets/t20/generalizability/dim2d_nx256_N10_solver=exponax_nu0.000_t20.0_test_ntimepoints21_LogGRF_periodic_length_scale40_period0.100_exp_factor2.500_vmax-1_vmin-1.5_batch0_all_frames.pt
  623. /blue/shiboli.fsu/yifeisun.umich/adversarial_robustness_FNO/2D_NS_FNO2d_recurrent/datasets/exponax_datasets/t20/generalizability/dim2d_nx256_N10_solver=exponax_nu0.000_t20.0_test_ntimepoints21_LogGRF_periodic_length_scale40_period0.100_exp_factor2.500_vmax0.4_vmin-0.4_batch0_all_frames.pt
  624. /blue/shiboli.fsu/yifeisun.umich/adversarial_robustness_FNO/2D_NS_FNO2d_recurrent/datasets/exponax_datasets/t20/generalizability/dim2d_nx256_N10_solver=exponax_nu0.000_t20.0_test_ntimepoints21_LogGRF_periodic_length_scale40_period0.100_exp_factor2.500_vmax0_vmin-1_batch0_all_frames.pt
  625. /blue/shiboli.fsu/yifeisun.umich/adversarial_robustness_FNO/2D_NS_FNO2d_recurrent/datasets/exponax_datasets/t20/generalizability/dim2d_nx256_N10_solver=exponax_nu0.000_t20.0_test_ntimepoints21_LogGRF_periodic_length_scale40_period0.100_exp_factor2.500_vmax1.5_vmin1_batch0_all_frames.pt
  626. /blue/shiboli.fsu/yifeisun.umich/adversarial_robustness_FNO/2D_NS_FNO2d_recurrent/datasets/exponax_datasets/t20/generalizability/dim2d_nx256_N10_solver=exponax_nu0.000_t20.0_test_ntimepoints21_LogGRF_periodic_length_scale40_period0.100_exp_factor2.500_vmax1_vmin-1_batch0_all_frames.pt
  627. /blue/shiboli.fsu/yifeisun.umich/adversarial_robustness_FNO/2D_NS_FNO2d_recurrent/datasets/exponax_datasets/t20/generalizability/dim2d_nx256_N10_solver=exponax_nu0.000_t20.0_test_ntimepoints21_LogGRF_periodic_length_scale40_period0.100_exp_factor2.500_vmax1_vmin0_batch0_all_frames.pt
  628. /blue/shiboli.fsu/yifeisun.umich/adversarial_robustness_FNO/2D_NS_FNO2d_recurrent/datasets/exponax_datasets/t20/generalizability/dim2d_nx256_N10_solver=exponax_nu0.000_t20.0_test_ntimepoints21_LogGRF_periodic_length_scale40_period0.200_exp_factor2.500_vmax-1_vmin-1.5_batch0_all_frames.pt
  629. /blue/shiboli.fsu/yifeisun.umich/adversarial_robustness_FNO/2D_NS_FNO2d_recurrent/datasets/exponax_datasets/t20/generalizability/dim2d_nx256_N10_solver=exponax_nu0.000_t20.0_test_ntimepoints21_LogGRF_periodic_length_scale40_period0.200_exp_factor2.500_vmax0.4_vmin-0.4_batch0_all_frames.pt
  630. /blue/shiboli.fsu/yifeisun.umich/adversarial_robustness_FNO/2D_NS_FNO2d_recurrent/datasets/exponax_datasets/t20/generalizability/dim2d_nx256_N10_solver=exponax_nu0.000_t20.0_test_ntimepoints21_LogGRF_periodic_length_scale40_period0.200_exp_factor2.500_vmax0_vmin-1_batch0_all_frames.pt
  631. /blue/shiboli.fsu/yifeisun.umich/adversarial_robustness_FNO/2D_NS_FNO2d_recurrent/datasets/exponax_datasets/t20/generalizability/dim2d_nx256_N10_solver=exponax_nu0.000_t20.0_test_ntimepoints21_LogGRF_periodic_length_scale40_period0.200_exp_factor2.500_vmax1.5_vmin1_batch0_all_frames.pt
  632. /blue/shiboli.fsu/yifeisun.umich/adversarial_robustness_FNO/2D_NS_FNO2d_recurrent/datasets/exponax_datasets/t20/generalizability/dim2d_nx256_N10_solver=exponax_nu0.000_t20.0_test_ntimepoints21_LogGRF_periodic_length_scale40_period0.200_exp_factor2.500_vmax1_vmin-1_batch0_all_frames.pt
  633. /blue/shiboli.fsu/yifeisun.umich/adversarial_robustness_FNO/2D_NS_FNO2d_recurrent/datasets/exponax_datasets/t20/generalizability/dim2d_nx256_N10_solver=exponax_nu0.000_t20.0_test_ntimepoints21_LogGRF_periodic_length_scale40_period0.200_exp_factor2.500_vmax1_vmin0_batch0_all_frames.pt
  634. /blue/shiboli.fsu/yifeisun.umich/adversarial_robustness_FNO/2D_NS_FNO2d_recurrent/datasets/exponax_datasets/t20/generalizability/dim2d_nx256_N10_solver=exponax_nu0.000_t20.0_test_ntimepoints21_LogGRF_periodic_length_scale40_period0.500_exp_factor2.500_vmax-1_vmin-1.5_batch0_all_frames.pt
  635. /blue/shiboli.fsu/yifeisun.umich/adversarial_robustness_FNO/2D_NS_FNO2d_recurrent/datasets/exponax_datasets/t20/generalizability/dim2d_nx256_N10_solver=exponax_nu0.000_t20.0_test_ntimepoints21_LogGRF_periodic_length_scale40_period0.500_exp_factor2.500_vmax0.4_vmin-0.4_batch0_all_frames.pt
  636. /blue/shiboli.fsu/yifeisun.umich/adversarial_robustness_FNO/2D_NS_FNO2d_recurrent/datasets/exponax_datasets/t20/generalizability/dim2d_nx256_N10_solver=exponax_nu0.000_t20.0_test_ntimepoints21_LogGRF_periodic_length_scale40_period0.500_exp_factor2.500_vmax0_vmin-1_batch0_all_frames.pt
  637. /blue/shiboli.fsu/yifeisun.umich/adversarial_robustness_FNO/2D_NS_FNO2d_recurrent/datasets/exponax_datasets/t20/generalizability/dim2d_nx256_N10_solver=exponax_nu0.000_t20.0_test_ntimepoints21_LogGRF_periodic_length_scale40_period0.500_exp_factor2.500_vmax1.5_vmin1_batch0_all_frames.pt
  638. /blue/shiboli.fsu/yifeisun.umich/adversarial_robustness_FNO/2D_NS_FNO2d_recurrent/datasets/exponax_datasets/t20/generalizability/dim2d_nx256_N10_solver=exponax_nu0.000_t20.0_test_ntimepoints21_LogGRF_periodic_length_scale40_period0.500_exp_factor2.500_vmax1_vmin-1_batch0_all_frames.pt
  639. /blue/shiboli.fsu/yifeisun.umich/adversarial_robustness_FNO/2D_NS_FNO2d_recurrent/datasets/exponax_datasets/t20/generalizability/dim2d_nx256_N10_solver=exponax_nu0.000_t20.0_test_ntimepoints21_LogGRF_periodic_length_scale40_period0.500_exp_factor2.500_vmax1_vmin0_batch0_all_frames.pt
  640. /blue/shiboli.fsu/yifeisun.umich/adversarial_robustness_FNO/2D_NS_FNO2d_recurrent/datasets/exponax_datasets/t20/generalizability/dim2d_nx256_N10_solver=exponax_nu0.000_t20.0_test_ntimepoints21_LogGRF_rbf_length_scale0.020_variance0.100_exp_factor2.500_vmax-1_vmin-1.5_batch0_all_frames.pt
  641. /blue/shiboli.fsu/yifeisun.umich/adversarial_robustness_FNO/2D_NS_FNO2d_recurrent/datasets/exponax_datasets/t20/generalizability/dim2d_nx256_N10_solver=exponax_nu0.000_t20.0_test_ntimepoints21_LogGRF_rbf_length_scale0.020_variance0.100_exp_factor2.500_vmax0.4_vmin-0.4_batch0_all_frames.pt
  642. /blue/shiboli.fsu/yifeisun.umich/adversarial_robustness_FNO/2D_NS_FNO2d_recurrent/datasets/exponax_datasets/t20/generalizability/dim2d_nx256_N10_solver=exponax_nu0.000_t20.0_test_ntimepoints21_LogGRF_rbf_length_scale0.020_variance0.100_exp_factor2.500_vmax0_vmin-1_batch0_all_frames.pt
  643. /blue/shiboli.fsu/yifeisun.umich/adversarial_robustness_FNO/2D_NS_FNO2d_recurrent/datasets/exponax_datasets/t20/generalizability/dim2d_nx256_N10_solver=exponax_nu0.000_t20.0_test_ntimepoints21_LogGRF_rbf_length_scale0.020_variance0.100_exp_factor2.500_vmax1.5_vmin1_batch0_all_frames.pt
  644. /blue/shiboli.fsu/yifeisun.umich/adversarial_robustness_FNO/2D_NS_FNO2d_recurrent/datasets/exponax_datasets/t20/generalizability/dim2d_nx256_N10_solver=exponax_nu0.000_t20.0_test_ntimepoints21_LogGRF_rbf_length_scale0.020_variance0.100_exp_factor2.500_vmax1_vmin-1_batch0_all_frames.pt
  645. /blue/shiboli.fsu/yifeisun.umich/adversarial_robustness_FNO/2D_NS_FNO2d_recurrent/datasets/exponax_datasets/t20/generalizability/dim2d_nx256_N10_solver=exponax_nu0.000_t20.0_test_ntimepoints21_LogGRF_rbf_length_scale0.020_variance0.100_exp_factor2.500_vmax1_vmin0_batch0_all_frames.pt
  646. /blue/shiboli.fsu/yifeisun.umich/adversarial_robustness_FNO/2D_NS_FNO2d_recurrent/datasets/exponax_datasets/t20/generalizability/dim2d_nx256_N10_solver=exponax_nu0.000_t20.0_test_ntimepoints21_LogGRF_rbf_length_scale0.020_variance0.500_exp_factor2.500_vmax-1_vmin-1.5_batch0_all_frames.pt
  647. /blue/shiboli.fsu/yifeisun.umich/adversarial_robustness_FNO/2D_NS_FNO2d_recurrent/datasets/exponax_datasets/t20/generalizability/dim2d_nx256_N10_solver=exponax_nu0.000_t20.0_test_ntimepoints21_LogGRF_rbf_length_scale0.020_variance0.500_exp_factor2.500_vmax0.4_vmin-0.4_batch0_all_frames.pt
  648. /blue/shiboli.fsu/yifeisun.umich/adversarial_robustness_FNO/2D_NS_FNO2d_recurrent/datasets/exponax_datasets/t20/generalizability/dim2d_nx256_N10_solver=exponax_nu0.000_t20.0_test_ntimepoints21_LogGRF_rbf_length_scale0.020_variance0.500_exp_factor2.500_vmax0_vmin-1_batch0_all_frames.pt
  649. /blue/shiboli.fsu/yifeisun.umich/adversarial_robustness_FNO/2D_NS_FNO2d_recurrent/datasets/exponax_datasets/t20/generalizability/dim2d_nx256_N10_solver=exponax_nu0.000_t20.0_test_ntimepoints21_LogGRF_rbf_length_scale0.020_variance0.500_exp_factor2.500_vmax1.5_vmin1_batch0_all_frames.pt
  650. /blue/shiboli.fsu/yifeisun.umich/adversarial_robustness_FNO/2D_NS_FNO2d_recurrent/datasets/exponax_datasets/t20/generalizability/dim2d_nx256_N10_solver=exponax_nu0.000_t20.0_test_ntimepoints21_LogGRF_rbf_length_scale0.020_variance0.500_exp_factor2.500_vmax1_vmin-1_batch0_all_frames.pt
  651. /blue/shiboli.fsu/yifeisun.umich/adversarial_robustness_FNO/2D_NS_FNO2d_recurrent/datasets/exponax_datasets/t20/generalizability/dim2d_nx256_N10_solver=exponax_nu0.000_t20.0_test_ntimepoints21_LogGRF_rbf_length_scale0.020_variance0.500_exp_factor2.500_vmax1_vmin0_batch0_all_frames.pt
  652. /blue/shiboli.fsu/yifeisun.umich/adversarial_robustness_FNO/2D_NS_FNO2d_recurrent/datasets/exponax_datasets/t20/generalizability/dim2d_nx256_N10_solver=exponax_nu0.000_t20.0_test_ntimepoints21_LogGRF_rbf_length_scale0.020_variance1.000_exp_factor2.500_vmax-1_vmin-1.5_batch0_all_frames.pt
  653. /blue/shiboli.fsu/yifeisun.umich/adversarial_robustness_FNO/2D_NS_FNO2d_recurrent/datasets/exponax_datasets/t20/generalizability/dim2d_nx256_N10_solver=exponax_nu0.000_t20.0_test_ntimepoints21_LogGRF_rbf_length_scale0.020_variance1.000_exp_factor2.500_vmax0.4_vmin-0.4_batch0_all_frames.pt
  654. /blue/shiboli.fsu/yifeisun.umich/adversarial_robustness_FNO/2D_NS_FNO2d_recurrent/datasets/exponax_datasets/t20/generalizability/dim2d_nx256_N10_solver=exponax_nu0.000_t20.0_test_ntimepoints21_LogGRF_rbf_length_scale0.020_variance1.000_exp_factor2.500_vmax0_vmin-1_batch0_all_frames.pt
  655. /blue/shiboli.fsu/yifeisun.umich/adversarial_robustness_FNO/2D_NS_FNO2d_recurrent/datasets/exponax_datasets/t20/generalizability/dim2d_nx256_N10_solver=exponax_nu0.000_t20.0_test_ntimepoints21_LogGRF_rbf_length_scale0.020_variance1.000_exp_factor2.500_vmax1.5_vmin1_batch0_all_frames.pt
  656. /blue/shiboli.fsu/yifeisun.umich/adversarial_robustness_FNO/2D_NS_FNO2d_recurrent/datasets/exponax_datasets/t20/generalizability/dim2d_nx256_N10_solver=exponax_nu0.000_t20.0_test_ntimepoints21_LogGRF_rbf_length_scale0.020_variance1.000_exp_factor2.500_vmax1_vmin-1_batch0_all_frames.pt
  657. /blue/shiboli.fsu/yifeisun.umich/adversarial_robustness_FNO/2D_NS_FNO2d_recurrent/datasets/exponax_datasets/t20/generalizability/dim2d_nx256_N10_solver=exponax_nu0.000_t20.0_test_ntimepoints21_LogGRF_rbf_length_scale0.020_variance1.000_exp_factor2.500_vmax1_vmin0_batch0_all_frames.pt
  658. /blue/shiboli.fsu/yifeisun.umich/adversarial_robustness_FNO/2D_NS_FNO2d_recurrent/datasets/exponax_datasets/t20/generalizability/dim2d_nx256_N10_solver=exponax_nu0.000_t20.0_test_ntimepoints21_LogGRF_rbf_length_scale0.020_variance2.000_exp_factor2.500_vmax-1_vmin-1.5_batch0_all_frames.pt
  659. /blue/shiboli.fsu/yifeisun.umich/adversarial_robustness_FNO/2D_NS_FNO2d_recurrent/datasets/exponax_datasets/t20/generalizability/dim2d_nx256_N10_solver=exponax_nu0.000_t20.0_test_ntimepoints21_LogGRF_rbf_length_scale0.020_variance2.000_exp_factor2.500_vmax0.4_vmin-0.4_batch0_all_frames.pt
  660. /blue/shiboli.fsu/yifeisun.umich/adversarial_robustness_FNO/2D_NS_FNO2d_recurrent/datasets/exponax_datasets/t20/generalizability/dim2d_nx256_N10_solver=exponax_nu0.000_t20.0_test_ntimepoints21_LogGRF_rbf_length_scale0.020_variance2.000_exp_factor2.500_vmax0_vmin-1_batch0_all_frames.pt
  661. /blue/shiboli.fsu/yifeisun.umich/adversarial_robustness_FNO/2D_NS_FNO2d_recurrent/datasets/exponax_datasets/t20/generalizability/dim2d_nx256_N10_solver=exponax_nu0.000_t20.0_test_ntimepoints21_LogGRF_rbf_length_scale0.020_variance2.000_exp_factor2.500_vmax1.5_vmin1_batch0_all_frames.pt
  662. /blue/shiboli.fsu/yifeisun.umich/adversarial_robustness_FNO/2D_NS_FNO2d_recurrent/datasets/exponax_datasets/t20/generalizability/dim2d_nx256_N10_solver=exponax_nu0.000_t20.0_test_ntimepoints21_LogGRF_rbf_length_scale0.020_variance2.000_exp_factor2.500_vmax1_vmin-1_batch0_all_frames.pt
  663. /blue/shiboli.fsu/yifeisun.umich/adversarial_robustness_FNO/2D_NS_FNO2d_recurrent/datasets/exponax_datasets/t20/generalizability/dim2d_nx256_N10_solver=exponax_nu0.000_t20.0_test_ntimepoints21_LogGRF_rbf_length_scale0.020_variance2.000_exp_factor2.500_vmax1_vmin0_batch0_all_frames.pt
  664. /blue/shiboli.fsu/yifeisun.umich/adversarial_robustness_FNO/2D_NS_FNO2d_recurrent/datasets/exponax_datasets/t20/generalizability/dim2d_nx256_N10_solver=exponax_nu0.000_t20.0_test_ntimepoints21_LogGRF_rbf_length_scale0.020_variance5_exp_factor2.500_vmax-1_vmin-1.5_batch0_all_frames.pt
  665. /blue/shiboli.fsu/yifeisun.umich/adversarial_robustness_FNO/2D_NS_FNO2d_recurrent/datasets/exponax_datasets/t20/generalizability/dim2d_nx256_N10_solver=exponax_nu0.000_t20.0_test_ntimepoints21_LogGRF_rbf_length_scale0.020_variance5_exp_factor2.500_vmax0.4_vmin-0.4_batch0_all_frames.pt
  666. /blue/shiboli.fsu/yifeisun.umich/adversarial_robustness_FNO/2D_NS_FNO2d_recurrent/datasets/exponax_datasets/t20/generalizability/dim2d_nx256_N10_solver=exponax_nu0.000_t20.0_test_ntimepoints21_LogGRF_rbf_length_scale0.020_variance5_exp_factor2.500_vmax0_vmin-1_batch0_all_frames.pt
  667. /blue/shiboli.fsu/yifeisun.umich/adversarial_robustness_FNO/2D_NS_FNO2d_recurrent/datasets/exponax_datasets/t20/generalizability/dim2d_nx256_N10_solver=exponax_nu0.000_t20.0_test_ntimepoints21_LogGRF_rbf_length_scale0.020_variance5_exp_factor2.500_vmax1.5_vmin1_batch0_all_frames.pt
  668. /blue/shiboli.fsu/yifeisun.umich/adversarial_robustness_FNO/2D_NS_FNO2d_recurrent/datasets/exponax_datasets/t20/generalizability/dim2d_nx256_N10_solver=exponax_nu0.000_t20.0_test_ntimepoints21_LogGRF_rbf_length_scale0.020_variance5_exp_factor2.500_vmax1_vmin-1_batch0_all_frames.pt
  669. /blue/shiboli.fsu/yifeisun.umich/adversarial_robustness_FNO/2D_NS_FNO2d_recurrent/datasets/exponax_datasets/t20/generalizability/dim2d_nx256_N10_solver=exponax_nu0.000_t20.0_test_ntimepoints21_LogGRF_rbf_length_scale0.020_variance5_exp_factor2.500_vmax1_vmin0_batch0_all_frames.pt
  670. /blue/shiboli.fsu/yifeisun.umich/adversarial_robustness_FNO/2D_NS_FNO2d_recurrent/datasets/exponax_datasets/t20/generalizability/dim2d_nx256_N10_solver=exponax_nu0.000_t20.0_test_ntimepoints21_LogGRF_rbf_length_scale0.050_variance0.100_exp_factor2.500_vmax-1_vmin-1.5_batch0_all_frames.pt
  671. /blue/shiboli.fsu/yifeisun.umich/adversarial_robustness_FNO/2D_NS_FNO2d_recurrent/datasets/exponax_datasets/t20/generalizability/dim2d_nx256_N10_solver=exponax_nu0.000_t20.0_test_ntimepoints21_LogGRF_rbf_length_scale0.050_variance0.100_exp_factor2.500_vmax0.4_vmin-0.4_batch0_all_frames.pt
  672. /blue/shiboli.fsu/yifeisun.umich/adversarial_robustness_FNO/2D_NS_FNO2d_recurrent/datasets/exponax_datasets/t20/generalizability/dim2d_nx256_N10_solver=exponax_nu0.000_t20.0_test_ntimepoints21_LogGRF_rbf_length_scale0.050_variance0.100_exp_factor2.500_vmax0_vmin-1_batch0_all_frames.pt
  673. /blue/shiboli.fsu/yifeisun.umich/adversarial_robustness_FNO/2D_NS_FNO2d_recurrent/datasets/exponax_datasets/t20/generalizability/dim2d_nx256_N10_solver=exponax_nu0.000_t20.0_test_ntimepoints21_LogGRF_rbf_length_scale0.050_variance0.100_exp_factor2.500_vmax1.5_vmin1_batch0_all_frames.pt
  674. /blue/shiboli.fsu/yifeisun.umich/adversarial_robustness_FNO/2D_NS_FNO2d_recurrent/datasets/exponax_datasets/t20/generalizability/dim2d_nx256_N10_solver=exponax_nu0.000_t20.0_test_ntimepoints21_LogGRF_rbf_length_scale0.050_variance0.100_exp_factor2.500_vmax1_vmin-1_batch0_all_frames.pt
  675. /blue/shiboli.fsu/yifeisun.umich/adversarial_robustness_FNO/2D_NS_FNO2d_recurrent/datasets/exponax_datasets/t20/generalizability/dim2d_nx256_N10_solver=exponax_nu0.000_t20.0_test_ntimepoints21_LogGRF_rbf_length_scale0.050_variance0.100_exp_factor2.500_vmax1_vmin0_batch0_all_frames.pt
  676. /blue/shiboli.fsu/yifeisun.umich/adversarial_robustness_FNO/2D_NS_FNO2d_recurrent/datasets/exponax_datasets/t20/generalizability/dim2d_nx256_N10_solver=exponax_nu0.000_t20.0_test_ntimepoints21_LogGRF_rbf_length_scale0.050_variance0.500_exp_factor2.500_vmax-1_vmin-1.5_batch0_all_frames.pt
  677. /blue/shiboli.fsu/yifeisun.umich/adversarial_robustness_FNO/2D_NS_FNO2d_recurrent/datasets/exponax_datasets/t20/generalizability/dim2d_nx256_N10_solver=exponax_nu0.000_t20.0_test_ntimepoints21_LogGRF_rbf_length_scale0.050_variance0.500_exp_factor2.500_vmax0.4_vmin-0.4_batch0_all_frames.pt
  678. /blue/shiboli.fsu/yifeisun.umich/adversarial_robustness_FNO/2D_NS_FNO2d_recurrent/datasets/exponax_datasets/t20/generalizability/dim2d_nx256_N10_solver=exponax_nu0.000_t20.0_test_ntimepoints21_LogGRF_rbf_length_scale0.050_variance0.500_exp_factor2.500_vmax0_vmin-1_batch0_all_frames.pt
  679. /blue/shiboli.fsu/yifeisun.umich/adversarial_robustness_FNO/2D_NS_FNO2d_recurrent/datasets/exponax_datasets/t20/generalizability/dim2d_nx256_N10_solver=exponax_nu0.000_t20.0_test_ntimepoints21_LogGRF_rbf_length_scale0.050_variance0.500_exp_factor2.500_vmax1.5_vmin1_batch0_all_frames.pt
  680. /blue/shiboli.fsu/yifeisun.umich/adversarial_robustness_FNO/2D_NS_FNO2d_recurrent/datasets/exponax_datasets/t20/generalizability/dim2d_nx256_N10_solver=exponax_nu0.000_t20.0_test_ntimepoints21_LogGRF_rbf_length_scale0.050_variance0.500_exp_factor2.500_vmax1_vmin-1_batch0_all_frames.pt
  681. /blue/shiboli.fsu/yifeisun.umich/adversarial_robustness_FNO/2D_NS_FNO2d_recurrent/datasets/exponax_datasets/t20/generalizability/dim2d_nx256_N10_solver=exponax_nu0.000_t20.0_test_ntimepoints21_LogGRF_rbf_length_scale0.050_variance0.500_exp_factor2.500_vmax1_vmin0_batch0_all_frames.pt
  682. /blue/shiboli.fsu/yifeisun.umich/adversarial_robustness_FNO/2D_NS_FNO2d_recurrent/datasets/exponax_datasets/t20/generalizability/dim2d_nx256_N10_solver=exponax_nu0.000_t20.0_test_ntimepoints21_LogGRF_rbf_length_scale0.050_variance1.000_exp_factor2.500_vmax-1_vmin-1.5_batch0_all_frames.pt
  683. /blue/shiboli.fsu/yifeisun.umich/adversarial_robustness_FNO/2D_NS_FNO2d_recurrent/datasets/exponax_datasets/t20/generalizability/dim2d_nx256_N10_solver=exponax_nu0.000_t20.0_test_ntimepoints21_LogGRF_rbf_length_scale0.050_variance1.000_exp_factor2.500_vmax0.4_vmin-0.4_batch0_all_frames.pt
  684. /blue/shiboli.fsu/yifeisun.umich/adversarial_robustness_FNO/2D_NS_FNO2d_recurrent/datasets/exponax_datasets/t20/generalizability/dim2d_nx256_N10_solver=exponax_nu0.000_t20.0_test_ntimepoints21_LogGRF_rbf_length_scale0.050_variance1.000_exp_factor2.500_vmax0_vmin-1_batch0_all_frames.pt
  685. /blue/shiboli.fsu/yifeisun.umich/adversarial_robustness_FNO/2D_NS_FNO2d_recurrent/datasets/exponax_datasets/t20/generalizability/dim2d_nx256_N10_solver=exponax_nu0.000_t20.0_test_ntimepoints21_LogGRF_rbf_length_scale0.050_variance1.000_exp_factor2.500_vmax1.5_vmin1_batch0_all_frames.pt
  686. /blue/shiboli.fsu/yifeisun.umich/adversarial_robustness_FNO/2D_NS_FNO2d_recurrent/datasets/exponax_datasets/t20/generalizability/dim2d_nx256_N10_solver=exponax_nu0.000_t20.0_test_ntimepoints21_LogGRF_rbf_length_scale0.050_variance1.000_exp_factor2.500_vmax1_vmin-1_batch0_all_frames.pt
  687. /blue/shiboli.fsu/yifeisun.umich/adversarial_robustness_FNO/2D_NS_FNO2d_recurrent/datasets/exponax_datasets/t20/generalizability/dim2d_nx256_N10_solver=exponax_nu0.000_t20.0_test_ntimepoints21_LogGRF_rbf_length_scale0.050_variance1.000_exp_factor2.500_vmax1_vmin0_batch0_all_frames.pt
  688. /blue/shiboli.fsu/yifeisun.umich/adversarial_robustness_FNO/2D_NS_FNO2d_recurrent/datasets/exponax_datasets/t20/generalizability/dim2d_nx256_N10_solver=exponax_nu0.000_t20.0_test_ntimepoints21_LogGRF_rbf_length_scale0.050_variance2.000_exp_factor2.500_vmax-1_vmin-1.5_batch0_all_frames.pt
  689. /blue/shiboli.fsu/yifeisun.umich/adversarial_robustness_FNO/2D_NS_FNO2d_recurrent/datasets/exponax_datasets/t20/generalizability/dim2d_nx256_N10_solver=exponax_nu0.000_t20.0_test_ntimepoints21_LogGRF_rbf_length_scale0.050_variance2.000_exp_factor2.500_vmax0.4_vmin-0.4_batch0_all_frames.pt
  690. /blue/shiboli.fsu/yifeisun.umich/adversarial_robustness_FNO/2D_NS_FNO2d_recurrent/datasets/exponax_datasets/t20/generalizability/dim2d_nx256_N10_solver=exponax_nu0.000_t20.0_test_ntimepoints21_LogGRF_rbf_length_scale0.050_variance2.000_exp_factor2.500_vmax0_vmin-1_batch0_all_frames.pt
  691. /blue/shiboli.fsu/yifeisun.umich/adversarial_robustness_FNO/2D_NS_FNO2d_recurrent/datasets/exponax_datasets/t20/generalizability/dim2d_nx256_N10_solver=exponax_nu0.000_t20.0_test_ntimepoints21_LogGRF_rbf_length_scale0.050_variance2.000_exp_factor2.500_vmax1.5_vmin1_batch0_all_frames.pt
  692. /blue/shiboli.fsu/yifeisun.umich/adversarial_robustness_FNO/2D_NS_FNO2d_recurrent/datasets/exponax_datasets/t20/generalizability/dim2d_nx256_N10_solver=exponax_nu0.000_t20.0_test_ntimepoints21_LogGRF_rbf_length_scale0.050_variance2.000_exp_factor2.500_vmax1_vmin-1_batch0_all_frames.pt
  693. /blue/shiboli.fsu/yifeisun.umich/adversarial_robustness_FNO/2D_NS_FNO2d_recurrent/datasets/exponax_datasets/t20/generalizability/dim2d_nx256_N10_solver=exponax_nu0.000_t20.0_test_ntimepoints21_LogGRF_rbf_length_scale0.050_variance2.000_exp_factor2.500_vmax1_vmin0_batch0_all_frames.pt
  694. /blue/shiboli.fsu/yifeisun.umich/adversarial_robustness_FNO/2D_NS_FNO2d_recurrent/datasets/exponax_datasets/t20/generalizability/dim2d_nx256_N10_solver=exponax_nu0.000_t20.0_test_ntimepoints21_LogGRF_rbf_length_scale0.050_variance5_exp_factor2.500_vmax-1_vmin-1.5_batch0_all_frames.pt
  695. /blue/shiboli.fsu/yifeisun.umich/adversarial_robustness_FNO/2D_NS_FNO2d_recurrent/datasets/exponax_datasets/t20/generalizability/dim2d_nx256_N10_solver=exponax_nu0.000_t20.0_test_ntimepoints21_LogGRF_rbf_length_scale0.050_variance5_exp_factor2.500_vmax0.4_vmin-0.4_batch0_all_frames.pt
  696. /blue/shiboli.fsu/yifeisun.umich/adversarial_robustness_FNO/2D_NS_FNO2d_recurrent/datasets/exponax_datasets/t20/generalizability/dim2d_nx256_N10_solver=exponax_nu0.000_t20.0_test_ntimepoints21_LogGRF_rbf_length_scale0.050_variance5_exp_factor2.500_vmax0_vmin-1_batch0_all_frames.pt
  697. /blue/shiboli.fsu/yifeisun.umich/adversarial_robustness_FNO/2D_NS_FNO2d_recurrent/datasets/exponax_datasets/t20/generalizability/dim2d_nx256_N10_solver=exponax_nu0.000_t20.0_test_ntimepoints21_LogGRF_rbf_length_scale0.050_variance5_exp_factor2.500_vmax1.5_vmin1_batch0_all_frames.pt
  698. /blue/shiboli.fsu/yifeisun.umich/adversarial_robustness_FNO/2D_NS_FNO2d_recurrent/datasets/exponax_datasets/t20/generalizability/dim2d_nx256_N10_solver=exponax_nu0.000_t20.0_test_ntimepoints21_LogGRF_rbf_length_scale0.050_variance5_exp_factor2.500_vmax1_vmin-1_batch0_all_frames.pt
  699. /blue/shiboli.fsu/yifeisun.umich/adversarial_robustness_FNO/2D_NS_FNO2d_recurrent/datasets/exponax_datasets/t20/generalizability/dim2d_nx256_N10_solver=exponax_nu0.000_t20.0_test_ntimepoints21_LogGRF_rbf_length_scale0.050_variance5_exp_factor2.500_vmax1_vmin0_batch0_all_frames.pt
  700. /blue/shiboli.fsu/yifeisun.umich/adversarial_robustness_FNO/2D_NS_FNO2d_recurrent/datasets/exponax_datasets/t20/generalizability/dim2d_nx256_N10_solver=exponax_nu0.000_t20.0_test_ntimepoints21_LogGRF_rbf_length_scale0.100_variance0.100_exp_factor2.500_vmax-1_vmin-1.5_batch0_all_frames.pt
  701. /blue/shiboli.fsu/yifeisun.umich/adversarial_robustness_FNO/2D_NS_FNO2d_recurrent/datasets/exponax_datasets/t20/generalizability/dim2d_nx256_N10_solver=exponax_nu0.000_t20.0_test_ntimepoints21_LogGRF_rbf_length_scale0.100_variance0.100_exp_factor2.500_vmax0.4_vmin-0.4_batch0_all_frames.pt
  702. /blue/shiboli.fsu/yifeisun.umich/adversarial_robustness_FNO/2D_NS_FNO2d_recurrent/datasets/exponax_datasets/t20/generalizability/dim2d_nx256_N10_solver=exponax_nu0.000_t20.0_test_ntimepoints21_LogGRF_rbf_length_scale0.100_variance0.100_exp_factor2.500_vmax0_vmin-1_batch0_all_frames.pt
  703. /blue/shiboli.fsu/yifeisun.umich/adversarial_robustness_FNO/2D_NS_FNO2d_recurrent/datasets/exponax_datasets/t20/generalizability/dim2d_nx256_N10_solver=exponax_nu0.000_t20.0_test_ntimepoints21_LogGRF_rbf_length_scale0.100_variance0.100_exp_factor2.500_vmax1.5_vmin1_batch0_all_frames.pt
  704. /blue/shiboli.fsu/yifeisun.umich/adversarial_robustness_FNO/2D_NS_FNO2d_recurrent/datasets/exponax_datasets/t20/generalizability/dim2d_nx256_N10_solver=exponax_nu0.000_t20.0_test_ntimepoints21_LogGRF_rbf_length_scale0.100_variance0.100_exp_factor2.500_vmax1_vmin-1_batch0_all_frames.pt
  705. /blue/shiboli.fsu/yifeisun.umich/adversarial_robustness_FNO/2D_NS_FNO2d_recurrent/datasets/exponax_datasets/t20/generalizability/dim2d_nx256_N10_solver=exponax_nu0.000_t20.0_test_ntimepoints21_LogGRF_rbf_length_scale0.100_variance0.100_exp_factor2.500_vmax1_vmin0_batch0_all_frames.pt
  706. /blue/shiboli.fsu/yifeisun.umich/adversarial_robustness_FNO/2D_NS_FNO2d_recurrent/datasets/exponax_datasets/t20/generalizability/dim2d_nx256_N10_solver=exponax_nu0.000_t20.0_test_ntimepoints21_LogGRF_rbf_length_scale0.100_variance0.500_exp_factor2.500_vmax-1_vmin-1.5_batch0_all_frames.pt
  707. /blue/shiboli.fsu/yifeisun.umich/adversarial_robustness_FNO/2D_NS_FNO2d_recurrent/datasets/exponax_datasets/t20/generalizability/dim2d_nx256_N10_solver=exponax_nu0.000_t20.0_test_ntimepoints21_LogGRF_rbf_length_scale0.100_variance0.500_exp_factor2.500_vmax0.4_vmin-0.4_batch0_all_frames.pt
  708. /blue/shiboli.fsu/yifeisun.umich/adversarial_robustness_FNO/2D_NS_FNO2d_recurrent/datasets/exponax_datasets/t20/generalizability/dim2d_nx256_N10_solver=exponax_nu0.000_t20.0_test_ntimepoints21_LogGRF_rbf_length_scale0.100_variance0.500_exp_factor2.500_vmax0_vmin-1_batch0_all_frames.pt
  709. /blue/shiboli.fsu/yifeisun.umich/adversarial_robustness_FNO/2D_NS_FNO2d_recurrent/datasets/exponax_datasets/t20/generalizability/dim2d_nx256_N10_solver=exponax_nu0.000_t20.0_test_ntimepoints21_LogGRF_rbf_length_scale0.100_variance0.500_exp_factor2.500_vmax1.5_vmin1_batch0_all_frames.pt
  710. /blue/shiboli.fsu/yifeisun.umich/adversarial_robustness_FNO/2D_NS_FNO2d_recurrent/datasets/exponax_datasets/t20/generalizability/dim2d_nx256_N10_solver=exponax_nu0.000_t20.0_test_ntimepoints21_LogGRF_rbf_length_scale0.100_variance0.500_exp_factor2.500_vmax1_vmin-1_batch0_all_frames.pt
  711. /blue/shiboli.fsu/yifeisun.umich/adversarial_robustness_FNO/2D_NS_FNO2d_recurrent/datasets/exponax_datasets/t20/generalizability/dim2d_nx256_N10_solver=exponax_nu0.000_t20.0_test_ntimepoints21_LogGRF_rbf_length_scale0.100_variance0.500_exp_factor2.500_vmax1_vmin0_batch0_all_frames.pt
  712. /blue/shiboli.fsu/yifeisun.umich/adversarial_robustness_FNO/2D_NS_FNO2d_recurrent/datasets/exponax_datasets/t20/generalizability/dim2d_nx256_N10_solver=exponax_nu0.000_t20.0_test_ntimepoints21_LogGRF_rbf_length_scale0.100_variance1.000_exp_factor2.500_vmax-1_vmin-1.5_batch0_all_frames.pt
  713. /blue/shiboli.fsu/yifeisun.umich/adversarial_robustness_FNO/2D_NS_FNO2d_recurrent/datasets/exponax_datasets/t20/generalizability/dim2d_nx256_N10_solver=exponax_nu0.000_t20.0_test_ntimepoints21_LogGRF_rbf_length_scale0.100_variance1.000_exp_factor2.500_vmax0.4_vmin-0.4_batch0_all_frames.pt
  714. /blue/shiboli.fsu/yifeisun.umich/adversarial_robustness_FNO/2D_NS_FNO2d_recurrent/datasets/exponax_datasets/t20/generalizability/dim2d_nx256_N10_solver=exponax_nu0.000_t20.0_test_ntimepoints21_LogGRF_rbf_length_scale0.100_variance1.000_exp_factor2.500_vmax0_vmin-1_batch0_all_frames.pt
  715. /blue/shiboli.fsu/yifeisun.umich/adversarial_robustness_FNO/2D_NS_FNO2d_recurrent/datasets/exponax_datasets/t20/generalizability/dim2d_nx256_N10_solver=exponax_nu0.000_t20.0_test_ntimepoints21_LogGRF_rbf_length_scale0.100_variance1.000_exp_factor2.500_vmax1.5_vmin1_batch0_all_frames.pt
  716. /blue/shiboli.fsu/yifeisun.umich/adversarial_robustness_FNO/2D_NS_FNO2d_recurrent/datasets/exponax_datasets/t20/generalizability/dim2d_nx256_N10_solver=exponax_nu0.000_t20.0_test_ntimepoints21_LogGRF_rbf_length_scale0.100_variance1.000_exp_factor2.500_vmax1_vmin-1_batch0_all_frames.pt
  717. /blue/shiboli.fsu/yifeisun.umich/adversarial_robustness_FNO/2D_NS_FNO2d_recurrent/datasets/exponax_datasets/t20/generalizability/dim2d_nx256_N10_solver=exponax_nu0.000_t20.0_test_ntimepoints21_LogGRF_rbf_length_scale0.100_variance1.000_exp_factor2.500_vmax1_vmin0_batch0_all_frames.pt
  718. /blue/shiboli.fsu/yifeisun.umich/adversarial_robustness_FNO/2D_NS_FNO2d_recurrent/datasets/exponax_datasets/t20/generalizability/dim2d_nx256_N10_solver=exponax_nu0.000_t20.0_test_ntimepoints21_LogGRF_rbf_length_scale0.100_variance2.000_exp_factor2.500_vmax-1_vmin-1.5_batch0_all_frames.pt
  719. /blue/shiboli.fsu/yifeisun.umich/adversarial_robustness_FNO/2D_NS_FNO2d_recurrent/datasets/exponax_datasets/t20/generalizability/dim2d_nx256_N10_solver=exponax_nu0.000_t20.0_test_ntimepoints21_LogGRF_rbf_length_scale0.100_variance2.000_exp_factor2.500_vmax0.4_vmin-0.4_batch0_all_frames.pt
  720. /blue/shiboli.fsu/yifeisun.umich/adversarial_robustness_FNO/2D_NS_FNO2d_recurrent/datasets/exponax_datasets/t20/generalizability/dim2d_nx256_N10_solver=exponax_nu0.000_t20.0_test_ntimepoints21_LogGRF_rbf_length_scale0.100_variance2.000_exp_factor2.500_vmax0_vmin-1_batch0_all_frames.pt
  721. /blue/shiboli.fsu/yifeisun.umich/adversarial_robustness_FNO/2D_NS_FNO2d_recurrent/datasets/exponax_datasets/t20/generalizability/dim2d_nx256_N10_solver=exponax_nu0.000_t20.0_test_ntimepoints21_LogGRF_rbf_length_scale0.100_variance2.000_exp_factor2.500_vmax1.5_vmin1_batch0_all_frames.pt
  722. /blue/shiboli.fsu/yifeisun.umich/adversarial_robustness_FNO/2D_NS_FNO2d_recurrent/datasets/exponax_datasets/t20/generalizability/dim2d_nx256_N10_solver=exponax_nu0.000_t20.0_test_ntimepoints21_LogGRF_rbf_length_scale0.100_variance2.000_exp_factor2.500_vmax1_vmin-1_batch0_all_frames.pt
  723. /blue/shiboli.fsu/yifeisun.umich/adversarial_robustness_FNO/2D_NS_FNO2d_recurrent/datasets/exponax_datasets/t20/generalizability/dim2d_nx256_N10_solver=exponax_nu0.000_t20.0_test_ntimepoints21_LogGRF_rbf_length_scale0.100_variance2.000_exp_factor2.500_vmax1_vmin0_batch0_all_frames.pt
  724. /blue/shiboli.fsu/yifeisun.umich/adversarial_robustness_FNO/2D_NS_FNO2d_recurrent/datasets/exponax_datasets/t20/generalizability/dim2d_nx256_N10_solver=exponax_nu0.000_t20.0_test_ntimepoints21_LogGRF_rbf_length_scale0.100_variance5_exp_factor2.500_vmax-1_vmin-1.5_batch0_all_frames.pt
  725. /blue/shiboli.fsu/yifeisun.umich/adversarial_robustness_FNO/2D_NS_FNO2d_recurrent/datasets/exponax_datasets/t20/generalizability/dim2d_nx256_N10_solver=exponax_nu0.000_t20.0_test_ntimepoints21_LogGRF_rbf_length_scale0.100_variance5_exp_factor2.500_vmax0.4_vmin-0.4_batch0_all_frames.pt
  726. /blue/shiboli.fsu/yifeisun.umich/adversarial_robustness_FNO/2D_NS_FNO2d_recurrent/datasets/exponax_datasets/t20/generalizability/dim2d_nx256_N10_solver=exponax_nu0.000_t20.0_test_ntimepoints21_LogGRF_rbf_length_scale0.100_variance5_exp_factor2.500_vmax0_vmin-1_batch0_all_frames.pt
  727. /blue/shiboli.fsu/yifeisun.umich/adversarial_robustness_FNO/2D_NS_FNO2d_recurrent/datasets/exponax_datasets/t20/generalizability/dim2d_nx256_N10_solver=exponax_nu0.000_t20.0_test_ntimepoints21_LogGRF_rbf_length_scale0.100_variance5_exp_factor2.500_vmax1.5_vmin1_batch0_all_frames.pt
  728. /blue/shiboli.fsu/yifeisun.umich/adversarial_robustness_FNO/2D_NS_FNO2d_recurrent/datasets/exponax_datasets/t20/generalizability/dim2d_nx256_N10_solver=exponax_nu0.000_t20.0_test_ntimepoints21_LogGRF_rbf_length_scale0.100_variance5_exp_factor2.500_vmax1_vmin-1_batch0_all_frames.pt
  729. /blue/shiboli.fsu/yifeisun.umich/adversarial_robustness_FNO/2D_NS_FNO2d_recurrent/datasets/exponax_datasets/t20/generalizability/dim2d_nx256_N10_solver=exponax_nu0.000_t20.0_test_ntimepoints21_LogGRF_rbf_length_scale0.100_variance5_exp_factor2.500_vmax1_vmin0_batch0_all_frames.pt
  730. /blue/shiboli.fsu/yifeisun.umich/adversarial_robustness_FNO/2D_NS_FNO2d_recurrent/datasets/exponax_datasets/t20/generalizability/dim2d_nx256_N10_solver=exponax_nu0.000_t20.0_test_ntimepoints21_LogGRF_rbf_length_scale0.200_variance0.100_exp_factor2.500_vmax-1_vmin-1.5_batch0_all_frames.pt
  731. /blue/shiboli.fsu/yifeisun.umich/adversarial_robustness_FNO/2D_NS_FNO2d_recurrent/datasets/exponax_datasets/t20/generalizability/dim2d_nx256_N10_solver=exponax_nu0.000_t20.0_test_ntimepoints21_LogGRF_rbf_length_scale0.200_variance0.100_exp_factor2.500_vmax0.4_vmin-0.4_batch0_all_frames.pt
  732. /blue/shiboli.fsu/yifeisun.umich/adversarial_robustness_FNO/2D_NS_FNO2d_recurrent/datasets/exponax_datasets/t20/generalizability/dim2d_nx256_N10_solver=exponax_nu0.000_t20.0_test_ntimepoints21_LogGRF_rbf_length_scale0.200_variance0.100_exp_factor2.500_vmax0_vmin-1_batch0_all_frames.pt
  733. /blue/shiboli.fsu/yifeisun.umich/adversarial_robustness_FNO/2D_NS_FNO2d_recurrent/datasets/exponax_datasets/t20/generalizability/dim2d_nx256_N10_solver=exponax_nu0.000_t20.0_test_ntimepoints21_LogGRF_rbf_length_scale0.200_variance0.100_exp_factor2.500_vmax1.5_vmin1_batch0_all_frames.pt
  734. /blue/shiboli.fsu/yifeisun.umich/adversarial_robustness_FNO/2D_NS_FNO2d_recurrent/datasets/exponax_datasets/t20/generalizability/dim2d_nx256_N10_solver=exponax_nu0.000_t20.0_test_ntimepoints21_LogGRF_rbf_length_scale0.200_variance0.100_exp_factor2.500_vmax1_vmin-1_batch0_all_frames.pt
  735. /blue/shiboli.fsu/yifeisun.umich/adversarial_robustness_FNO/2D_NS_FNO2d_recurrent/datasets/exponax_datasets/t20/generalizability/dim2d_nx256_N10_solver=exponax_nu0.000_t20.0_test_ntimepoints21_LogGRF_rbf_length_scale0.200_variance0.100_exp_factor2.500_vmax1_vmin0_batch0_all_frames.pt
  736. /blue/shiboli.fsu/yifeisun.umich/adversarial_robustness_FNO/2D_NS_FNO2d_recurrent/datasets/exponax_datasets/t20/generalizability/dim2d_nx256_N10_solver=exponax_nu0.000_t20.0_test_ntimepoints21_LogGRF_rbf_length_scale0.200_variance0.500_exp_factor2.500_vmax-1_vmin-1.5_batch0_all_frames.pt
  737. /blue/shiboli.fsu/yifeisun.umich/adversarial_robustness_FNO/2D_NS_FNO2d_recurrent/datasets/exponax_datasets/t20/generalizability/dim2d_nx256_N10_solver=exponax_nu0.000_t20.0_test_ntimepoints21_LogGRF_rbf_length_scale0.200_variance0.500_exp_factor2.500_vmax0.4_vmin-0.4_batch0_all_frames.pt
  738. /blue/shiboli.fsu/yifeisun.umich/adversarial_robustness_FNO/2D_NS_FNO2d_recurrent/datasets/exponax_datasets/t20/generalizability/dim2d_nx256_N10_solver=exponax_nu0.000_t20.0_test_ntimepoints21_LogGRF_rbf_length_scale0.200_variance0.500_exp_factor2.500_vmax0_vmin-1_batch0_all_frames.pt
  739. /blue/shiboli.fsu/yifeisun.umich/adversarial_robustness_FNO/2D_NS_FNO2d_recurrent/datasets/exponax_datasets/t20/generalizability/dim2d_nx256_N10_solver=exponax_nu0.000_t20.0_test_ntimepoints21_LogGRF_rbf_length_scale0.200_variance0.500_exp_factor2.500_vmax1.5_vmin1_batch0_all_frames.pt
  740. /blue/shiboli.fsu/yifeisun.umich/adversarial_robustness_FNO/2D_NS_FNO2d_recurrent/datasets/exponax_datasets/t20/generalizability/dim2d_nx256_N10_solver=exponax_nu0.000_t20.0_test_ntimepoints21_LogGRF_rbf_length_scale0.200_variance0.500_exp_factor2.500_vmax1_vmin-1_batch0_all_frames.pt
  741. /blue/shiboli.fsu/yifeisun.umich/adversarial_robustness_FNO/2D_NS_FNO2d_recurrent/datasets/exponax_datasets/t20/generalizability/dim2d_nx256_N10_solver=exponax_nu0.000_t20.0_test_ntimepoints21_LogGRF_rbf_length_scale0.200_variance0.500_exp_factor2.500_vmax1_vmin0_batch0_all_frames.pt
  742. /blue/shiboli.fsu/yifeisun.umich/adversarial_robustness_FNO/2D_NS_FNO2d_recurrent/datasets/exponax_datasets/t20/generalizability/dim2d_nx256_N10_solver=exponax_nu0.000_t20.0_test_ntimepoints21_LogGRF_rbf_length_scale0.200_variance1.000_exp_factor2.500_vmax-1_vmin-1.5_batch0_all_frames.pt
  743. /blue/shiboli.fsu/yifeisun.umich/adversarial_robustness_FNO/2D_NS_FNO2d_recurrent/datasets/exponax_datasets/t20/generalizability/dim2d_nx256_N10_solver=exponax_nu0.000_t20.0_test_ntimepoints21_LogGRF_rbf_length_scale0.200_variance1.000_exp_factor2.500_vmax0.4_vmin-0.4_batch0_all_frames.pt
  744. /blue/shiboli.fsu/yifeisun.umich/adversarial_robustness_FNO/2D_NS_FNO2d_recurrent/datasets/exponax_datasets/t20/generalizability/dim2d_nx256_N10_solver=exponax_nu0.000_t20.0_test_ntimepoints21_LogGRF_rbf_length_scale0.200_variance1.000_exp_factor2.500_vmax0_vmin-1_batch0_all_frames.pt
  745. /blue/shiboli.fsu/yifeisun.umich/adversarial_robustness_FNO/2D_NS_FNO2d_recurrent/datasets/exponax_datasets/t20/generalizability/dim2d_nx256_N10_solver=exponax_nu0.000_t20.0_test_ntimepoints21_LogGRF_rbf_length_scale0.200_variance1.000_exp_factor2.500_vmax1.5_vmin1_batch0_all_frames.pt
  746. /blue/shiboli.fsu/yifeisun.umich/adversarial_robustness_FNO/2D_NS_FNO2d_recurrent/datasets/exponax_datasets/t20/generalizability/dim2d_nx256_N10_solver=exponax_nu0.000_t20.0_test_ntimepoints21_LogGRF_rbf_length_scale0.200_variance1.000_exp_factor2.500_vmax1_vmin-1_batch0_all_frames.pt
  747. /blue/shiboli.fsu/yifeisun.umich/adversarial_robustness_FNO/2D_NS_FNO2d_recurrent/datasets/exponax_datasets/t20/generalizability/dim2d_nx256_N10_solver=exponax_nu0.000_t20.0_test_ntimepoints21_LogGRF_rbf_length_scale0.200_variance1.000_exp_factor2.500_vmax1_vmin0_batch0_all_frames.pt
  748. /blue/shiboli.fsu/yifeisun.umich/adversarial_robustness_FNO/2D_NS_FNO2d_recurrent/datasets/exponax_datasets/t20/generalizability/dim2d_nx256_N10_solver=exponax_nu0.000_t20.0_test_ntimepoints21_LogGRF_rbf_length_scale0.200_variance2.000_exp_factor2.500_vmax-1_vmin-1.5_batch0_all_frames.pt
  749. /blue/shiboli.fsu/yifeisun.umich/adversarial_robustness_FNO/2D_NS_FNO2d_recurrent/datasets/exponax_datasets/t20/generalizability/dim2d_nx256_N10_solver=exponax_nu0.000_t20.0_test_ntimepoints21_LogGRF_rbf_length_scale0.200_variance2.000_exp_factor2.500_vmax0.4_vmin-0.4_batch0_all_frames.pt
  750. /blue/shiboli.fsu/yifeisun.umich/adversarial_robustness_FNO/2D_NS_FNO2d_recurrent/datasets/exponax_datasets/t20/generalizability/dim2d_nx256_N10_solver=exponax_nu0.000_t20.0_test_ntimepoints21_LogGRF_rbf_length_scale0.200_variance2.000_exp_factor2.500_vmax0_vmin-1_batch0_all_frames.pt
  751. /blue/shiboli.fsu/yifeisun.umich/adversarial_robustness_FNO/2D_NS_FNO2d_recurrent/datasets/exponax_datasets/t20/generalizability/dim2d_nx256_N10_solver=exponax_nu0.000_t20.0_test_ntimepoints21_LogGRF_rbf_length_scale0.200_variance2.000_exp_factor2.500_vmax1.5_vmin1_batch0_all_frames.pt
  752. /blue/shiboli.fsu/yifeisun.umich/adversarial_robustness_FNO/2D_NS_FNO2d_recurrent/datasets/exponax_datasets/t20/generalizability/dim2d_nx256_N10_solver=exponax_nu0.000_t20.0_test_ntimepoints21_LogGRF_rbf_length_scale0.200_variance2.000_exp_factor2.500_vmax1_vmin-1_batch0_all_frames.pt
  753. /blue/shiboli.fsu/yifeisun.umich/adversarial_robustness_FNO/2D_NS_FNO2d_recurrent/datasets/exponax_datasets/t20/generalizability/dim2d_nx256_N10_solver=exponax_nu0.000_t20.0_test_ntimepoints21_LogGRF_rbf_length_scale0.200_variance2.000_exp_factor2.500_vmax1_vmin0_batch0_all_frames.pt
  754. /blue/shiboli.fsu/yifeisun.umich/adversarial_robustness_FNO/2D_NS_FNO2d_recurrent/datasets/exponax_datasets/t20/generalizability/dim2d_nx256_N10_solver=exponax_nu0.000_t20.0_test_ntimepoints21_LogGRF_rbf_length_scale0.200_variance5_exp_factor2.500_vmax-1_vmin-1.5_batch0_all_frames.pt
  755. /blue/shiboli.fsu/yifeisun.umich/adversarial_robustness_FNO/2D_NS_FNO2d_recurrent/datasets/exponax_datasets/t20/generalizability/dim2d_nx256_N10_solver=exponax_nu0.000_t20.0_test_ntimepoints21_LogGRF_rbf_length_scale0.200_variance5_exp_factor2.500_vmax0.4_vmin-0.4_batch0_all_frames.pt
  756. /blue/shiboli.fsu/yifeisun.umich/adversarial_robustness_FNO/2D_NS_FNO2d_recurrent/datasets/exponax_datasets/t20/generalizability/dim2d_nx256_N10_solver=exponax_nu0.000_t20.0_test_ntimepoints21_LogGRF_rbf_length_scale0.200_variance5_exp_factor2.500_vmax0_vmin-1_batch0_all_frames.pt
  757. /blue/shiboli.fsu/yifeisun.umich/adversarial_robustness_FNO/2D_NS_FNO2d_recurrent/datasets/exponax_datasets/t20/generalizability/dim2d_nx256_N10_solver=exponax_nu0.000_t20.0_test_ntimepoints21_LogGRF_rbf_length_scale0.200_variance5_exp_factor2.500_vmax1.5_vmin1_batch0_all_frames.pt
  758. /blue/shiboli.fsu/yifeisun.umich/adversarial_robustness_FNO/2D_NS_FNO2d_recurrent/datasets/exponax_datasets/t20/generalizability/dim2d_nx256_N10_solver=exponax_nu0.000_t20.0_test_ntimepoints21_LogGRF_rbf_length_scale0.200_variance5_exp_factor2.500_vmax1_vmin-1_batch0_all_frames.pt
  759. /blue/shiboli.fsu/yifeisun.umich/adversarial_robustness_FNO/2D_NS_FNO2d_recurrent/datasets/exponax_datasets/t20/generalizability/dim2d_nx256_N10_solver=exponax_nu0.000_t20.0_test_ntimepoints21_LogGRF_rbf_length_scale0.200_variance5_exp_factor2.500_vmax1_vmin0_batch0_all_frames.pt
  760. /blue/shiboli.fsu/yifeisun.umich/adversarial_robustness_FNO/2D_NS_FNO2d_recurrent/datasets/exponax_datasets/t20/generalizability/dim2d_nx256_N10_solver=exponax_nu0.000_t20.0_test_ntimepoints21_LogGRF_rq_length_scale0.050_variance0.700_alpha0.750_exp_factor2.500_vmax-1_vmin-1.5_batch0_all_frames.pt
  761. /blue/shiboli.fsu/yifeisun.umich/adversarial_robustness_FNO/2D_NS_FNO2d_recurrent/datasets/exponax_datasets/t20/generalizability/dim2d_nx256_N10_solver=exponax_nu0.000_t20.0_test_ntimepoints21_LogGRF_rq_length_scale0.050_variance0.700_alpha0.750_exp_factor2.500_vmax0.4_vmin-0.4_batch0_all_frames.pt
  762. /blue/shiboli.fsu/yifeisun.umich/adversarial_robustness_FNO/2D_NS_FNO2d_recurrent/datasets/exponax_datasets/t20/generalizability/dim2d_nx256_N10_solver=exponax_nu0.000_t20.0_test_ntimepoints21_LogGRF_rq_length_scale0.050_variance0.700_alpha0.750_exp_factor2.500_vmax0_vmin-1_batch0_all_frames.pt
  763. /blue/shiboli.fsu/yifeisun.umich/adversarial_robustness_FNO/2D_NS_FNO2d_recurrent/datasets/exponax_datasets/t20/generalizability/dim2d_nx256_N10_solver=exponax_nu0.000_t20.0_test_ntimepoints21_LogGRF_rq_length_scale0.050_variance0.700_alpha0.750_exp_factor2.500_vmax1.5_vmin1_batch0_all_frames.pt
  764. /blue/shiboli.fsu/yifeisun.umich/adversarial_robustness_FNO/2D_NS_FNO2d_recurrent/datasets/exponax_datasets/t20/generalizability/dim2d_nx256_N10_solver=exponax_nu0.000_t20.0_test_ntimepoints21_LogGRF_rq_length_scale0.050_variance0.700_alpha0.750_exp_factor2.500_vmax1_vmin-1_batch0_all_frames.pt
  765. /blue/shiboli.fsu/yifeisun.umich/adversarial_robustness_FNO/2D_NS_FNO2d_recurrent/datasets/exponax_datasets/t20/generalizability/dim2d_nx256_N10_solver=exponax_nu0.000_t20.0_test_ntimepoints21_LogGRF_rq_length_scale0.050_variance0.700_alpha0.750_exp_factor2.500_vmax1_vmin0_batch0_all_frames.pt
  766. /blue/shiboli.fsu/yifeisun.umich/adversarial_robustness_FNO/2D_NS_FNO2d_recurrent/datasets/exponax_datasets/t20/generalizability/dim2d_nx256_N10_solver=exponax_nu0.000_t20.0_test_ntimepoints21_LogGRF_rq_length_scale0.050_variance0.700_alpha1.000_exp_factor2.500_vmax-1_vmin-1.5_batch0_all_frames.pt
  767. /blue/shiboli.fsu/yifeisun.umich/adversarial_robustness_FNO/2D_NS_FNO2d_recurrent/datasets/exponax_datasets/t20/generalizability/dim2d_nx256_N10_solver=exponax_nu0.000_t20.0_test_ntimepoints21_LogGRF_rq_length_scale0.050_variance0.700_alpha1.000_exp_factor2.500_vmax0.4_vmin-0.4_batch0_all_frames.pt
  768. /blue/shiboli.fsu/yifeisun.umich/adversarial_robustness_FNO/2D_NS_FNO2d_recurrent/datasets/exponax_datasets/t20/generalizability/dim2d_nx256_N10_solver=exponax_nu0.000_t20.0_test_ntimepoints21_LogGRF_rq_length_scale0.050_variance0.700_alpha1.000_exp_factor2.500_vmax0_vmin-1_batch0_all_frames.pt
  769. /blue/shiboli.fsu/yifeisun.umich/adversarial_robustness_FNO/2D_NS_FNO2d_recurrent/datasets/exponax_datasets/t20/generalizability/dim2d_nx256_N10_solver=exponax_nu0.000_t20.0_test_ntimepoints21_LogGRF_rq_length_scale0.050_variance0.700_alpha1.000_exp_factor2.500_vmax1.5_vmin1_batch0_all_frames.pt
  770. /blue/shiboli.fsu/yifeisun.umich/adversarial_robustness_FNO/2D_NS_FNO2d_recurrent/datasets/exponax_datasets/t20/generalizability/dim2d_nx256_N10_solver=exponax_nu0.000_t20.0_test_ntimepoints21_LogGRF_rq_length_scale0.050_variance0.700_alpha1.000_exp_factor2.500_vmax1_vmin-1_batch0_all_frames.pt
  771. /blue/shiboli.fsu/yifeisun.umich/adversarial_robustness_FNO/2D_NS_FNO2d_recurrent/datasets/exponax_datasets/t20/generalizability/dim2d_nx256_N10_solver=exponax_nu0.000_t20.0_test_ntimepoints21_LogGRF_rq_length_scale0.050_variance0.700_alpha1.000_exp_factor2.500_vmax1_vmin0_batch0_all_frames.pt
  772. /blue/shiboli.fsu/yifeisun.umich/adversarial_robustness_FNO/2D_NS_FNO2d_recurrent/datasets/exponax_datasets/t20/generalizability/dim2d_nx256_N10_solver=exponax_nu0.000_t20.0_test_ntimepoints21_LogGRF_rq_length_scale0.050_variance0.700_alpha1.500_exp_factor2.500_vmax-1_vmin-1.5_batch0_all_frames.pt
  773. /blue/shiboli.fsu/yifeisun.umich/adversarial_robustness_FNO/2D_NS_FNO2d_recurrent/datasets/exponax_datasets/t20/generalizability/dim2d_nx256_N10_solver=exponax_nu0.000_t20.0_test_ntimepoints21_LogGRF_rq_length_scale0.050_variance0.700_alpha1.500_exp_factor2.500_vmax0.4_vmin-0.4_batch0_all_frames.pt
  774. /blue/shiboli.fsu/yifeisun.umich/adversarial_robustness_FNO/2D_NS_FNO2d_recurrent/datasets/exponax_datasets/t20/generalizability/dim2d_nx256_N10_solver=exponax_nu0.000_t20.0_test_ntimepoints21_LogGRF_rq_length_scale0.050_variance0.700_alpha1.500_exp_factor2.500_vmax0_vmin-1_batch0_all_frames.pt
  775. /blue/shiboli.fsu/yifeisun.umich/adversarial_robustness_FNO/2D_NS_FNO2d_recurrent/datasets/exponax_datasets/t20/generalizability/dim2d_nx256_N10_solver=exponax_nu0.000_t20.0_test_ntimepoints21_LogGRF_rq_length_scale0.050_variance0.700_alpha1.500_exp_factor2.500_vmax1.5_vmin1_batch0_all_frames.pt
  776. /blue/shiboli.fsu/yifeisun.umich/adversarial_robustness_FNO/2D_NS_FNO2d_recurrent/datasets/exponax_datasets/t20/generalizability/dim2d_nx256_N10_solver=exponax_nu0.000_t20.0_test_ntimepoints21_LogGRF_rq_length_scale0.050_variance0.700_alpha1.500_exp_factor2.500_vmax1_vmin-1_batch0_all_frames.pt
  777. /blue/shiboli.fsu/yifeisun.umich/adversarial_robustness_FNO/2D_NS_FNO2d_recurrent/datasets/exponax_datasets/t20/generalizability/dim2d_nx256_N10_solver=exponax_nu0.000_t20.0_test_ntimepoints21_LogGRF_rq_length_scale0.050_variance0.700_alpha1.500_exp_factor2.500_vmax1_vmin0_batch0_all_frames.pt
  778. /blue/shiboli.fsu/yifeisun.umich/adversarial_robustness_FNO/2D_NS_FNO2d_recurrent/datasets/exponax_datasets/t20/generalizability/dim2d_nx256_N10_solver=exponax_nu0.000_t20.0_test_ntimepoints21_LogGRF_rq_length_scale0.050_variance0.700_alpha1.700_exp_factor2.500_vmax-1_vmin-1.5_batch0_all_frames.pt
  779. /blue/shiboli.fsu/yifeisun.umich/adversarial_robustness_FNO/2D_NS_FNO2d_recurrent/datasets/exponax_datasets/t20/generalizability/dim2d_nx256_N10_solver=exponax_nu0.000_t20.0_test_ntimepoints21_LogGRF_rq_length_scale0.050_variance0.700_alpha1.700_exp_factor2.500_vmax0.4_vmin-0.4_batch0_all_frames.pt
  780. /blue/shiboli.fsu/yifeisun.umich/adversarial_robustness_FNO/2D_NS_FNO2d_recurrent/datasets/exponax_datasets/t20/generalizability/dim2d_nx256_N10_solver=exponax_nu0.000_t20.0_test_ntimepoints21_LogGRF_rq_length_scale0.050_variance0.700_alpha1.700_exp_factor2.500_vmax0_vmin-1_batch0_all_frames.pt
  781. /blue/shiboli.fsu/yifeisun.umich/adversarial_robustness_FNO/2D_NS_FNO2d_recurrent/datasets/exponax_datasets/t20/generalizability/dim2d_nx256_N10_solver=exponax_nu0.000_t20.0_test_ntimepoints21_LogGRF_rq_length_scale0.050_variance0.700_alpha1.700_exp_factor2.500_vmax1.5_vmin1_batch0_all_frames.pt
  782. /blue/shiboli.fsu/yifeisun.umich/adversarial_robustness_FNO/2D_NS_FNO2d_recurrent/datasets/exponax_datasets/t20/generalizability/dim2d_nx256_N10_solver=exponax_nu0.000_t20.0_test_ntimepoints21_LogGRF_rq_length_scale0.050_variance0.700_alpha1.700_exp_factor2.500_vmax1_vmin-1_batch0_all_frames.pt
  783. /blue/shiboli.fsu/yifeisun.umich/adversarial_robustness_FNO/2D_NS_FNO2d_recurrent/datasets/exponax_datasets/t20/generalizability/dim2d_nx256_N10_solver=exponax_nu0.000_t20.0_test_ntimepoints21_LogGRF_rq_length_scale0.050_variance0.700_alpha1.700_exp_factor2.500_vmax1_vmin0_batch0_all_frames.pt
  784. /blue/shiboli.fsu/yifeisun.umich/adversarial_robustness_FNO/2D_NS_FNO2d_recurrent/datasets/exponax_datasets/t20/generalizability/dim2d_nx256_N10_solver=exponax_nu0.000_t20.0_test_ntimepoints21_LogGRF_rq_length_scale0.050_variance1.000_alpha0.750_exp_factor2.500_vmax-1_vmin-1.5_batch0_all_frames.pt
  785. /blue/shiboli.fsu/yifeisun.umich/adversarial_robustness_FNO/2D_NS_FNO2d_recurrent/datasets/exponax_datasets/t20/generalizability/dim2d_nx256_N10_solver=exponax_nu0.000_t20.0_test_ntimepoints21_LogGRF_rq_length_scale0.050_variance1.000_alpha0.750_exp_factor2.500_vmax0.4_vmin-0.4_batch0_all_frames.pt
  786. /blue/shiboli.fsu/yifeisun.umich/adversarial_robustness_FNO/2D_NS_FNO2d_recurrent/datasets/exponax_datasets/t20/generalizability/dim2d_nx256_N10_solver=exponax_nu0.000_t20.0_test_ntimepoints21_LogGRF_rq_length_scale0.050_variance1.000_alpha0.750_exp_factor2.500_vmax0_vmin-1_batch0_all_frames.pt
  787. /blue/shiboli.fsu/yifeisun.umich/adversarial_robustness_FNO/2D_NS_FNO2d_recurrent/datasets/exponax_datasets/t20/generalizability/dim2d_nx256_N10_solver=exponax_nu0.000_t20.0_test_ntimepoints21_LogGRF_rq_length_scale0.050_variance1.000_alpha0.750_exp_factor2.500_vmax1.5_vmin1_batch0_all_frames.pt
  788. /blue/shiboli.fsu/yifeisun.umich/adversarial_robustness_FNO/2D_NS_FNO2d_recurrent/datasets/exponax_datasets/t20/generalizability/dim2d_nx256_N10_solver=exponax_nu0.000_t20.0_test_ntimepoints21_LogGRF_rq_length_scale0.050_variance1.000_alpha0.750_exp_factor2.500_vmax1_vmin-1_batch0_all_frames.pt
  789. /blue/shiboli.fsu/yifeisun.umich/adversarial_robustness_FNO/2D_NS_FNO2d_recurrent/datasets/exponax_datasets/t20/generalizability/dim2d_nx256_N10_solver=exponax_nu0.000_t20.0_test_ntimepoints21_LogGRF_rq_length_scale0.050_variance1.000_alpha0.750_exp_factor2.500_vmax1_vmin0_batch0_all_frames.pt
  790. /blue/shiboli.fsu/yifeisun.umich/adversarial_robustness_FNO/2D_NS_FNO2d_recurrent/datasets/exponax_datasets/t20/generalizability/dim2d_nx256_N10_solver=exponax_nu0.000_t20.0_test_ntimepoints21_LogGRF_rq_length_scale0.050_variance1.000_alpha1.000_exp_factor2.500_vmax-1_vmin-1.5_batch0_all_frames.pt
  791. /blue/shiboli.fsu/yifeisun.umich/adversarial_robustness_FNO/2D_NS_FNO2d_recurrent/datasets/exponax_datasets/t20/generalizability/dim2d_nx256_N10_solver=exponax_nu0.000_t20.0_test_ntimepoints21_LogGRF_rq_length_scale0.050_variance1.000_alpha1.000_exp_factor2.500_vmax0.4_vmin-0.4_batch0_all_frames.pt
  792. /blue/shiboli.fsu/yifeisun.umich/adversarial_robustness_FNO/2D_NS_FNO2d_recurrent/datasets/exponax_datasets/t20/generalizability/dim2d_nx256_N10_solver=exponax_nu0.000_t20.0_test_ntimepoints21_LogGRF_rq_length_scale0.050_variance1.000_alpha1.000_exp_factor2.500_vmax0_vmin-1_batch0_all_frames.pt
  793. /blue/shiboli.fsu/yifeisun.umich/adversarial_robustness_FNO/2D_NS_FNO2d_recurrent/datasets/exponax_datasets/t20/generalizability/dim2d_nx256_N10_solver=exponax_nu0.000_t20.0_test_ntimepoints21_LogGRF_rq_length_scale0.050_variance1.000_alpha1.000_exp_factor2.500_vmax1.5_vmin1_batch0_all_frames.pt
  794. /blue/shiboli.fsu/yifeisun.umich/adversarial_robustness_FNO/2D_NS_FNO2d_recurrent/datasets/exponax_datasets/t20/generalizability/dim2d_nx256_N10_solver=exponax_nu0.000_t20.0_test_ntimepoints21_LogGRF_rq_length_scale0.050_variance1.000_alpha1.000_exp_factor2.500_vmax1_vmin-1_batch0_all_frames.pt
  795. /blue/shiboli.fsu/yifeisun.umich/adversarial_robustness_FNO/2D_NS_FNO2d_recurrent/datasets/exponax_datasets/t20/generalizability/dim2d_nx256_N10_solver=exponax_nu0.000_t20.0_test_ntimepoints21_LogGRF_rq_length_scale0.050_variance1.000_alpha1.000_exp_factor2.500_vmax1_vmin0_batch0_all_frames.pt
  796. /blue/shiboli.fsu/yifeisun.umich/adversarial_robustness_FNO/2D_NS_FNO2d_recurrent/datasets/exponax_datasets/t20/generalizability/dim2d_nx256_N10_solver=exponax_nu0.000_t20.0_test_ntimepoints21_LogGRF_rq_length_scale0.050_variance1.000_alpha1.500_exp_factor2.500_vmax-1_vmin-1.5_batch0_all_frames.pt
  797. /blue/shiboli.fsu/yifeisun.umich/adversarial_robustness_FNO/2D_NS_FNO2d_recurrent/datasets/exponax_datasets/t20/generalizability/dim2d_nx256_N10_solver=exponax_nu0.000_t20.0_test_ntimepoints21_LogGRF_rq_length_scale0.050_variance1.000_alpha1.500_exp_factor2.500_vmax0.4_vmin-0.4_batch0_all_frames.pt
  798. /blue/shiboli.fsu/yifeisun.umich/adversarial_robustness_FNO/2D_NS_FNO2d_recurrent/datasets/exponax_datasets/t20/generalizability/dim2d_nx256_N10_solver=exponax_nu0.000_t20.0_test_ntimepoints21_LogGRF_rq_length_scale0.050_variance1.000_alpha1.500_exp_factor2.500_vmax0_vmin-1_batch0_all_frames.pt
  799. /blue/shiboli.fsu/yifeisun.umich/adversarial_robustness_FNO/2D_NS_FNO2d_recurrent/datasets/exponax_datasets/t20/generalizability/dim2d_nx256_N10_solver=exponax_nu0.000_t20.0_test_ntimepoints21_LogGRF_rq_length_scale0.050_variance1.000_alpha1.500_exp_factor2.500_vmax1.5_vmin1_batch0_all_frames.pt
  800. /blue/shiboli.fsu/yifeisun.umich/adversarial_robustness_FNO/2D_NS_FNO2d_recurrent/datasets/exponax_datasets/t20/generalizability/dim2d_nx256_N10_solver=exponax_nu0.000_t20.0_test_ntimepoints21_LogGRF_rq_length_scale0.050_variance1.000_alpha1.500_exp_factor2.500_vmax1_vmin-1_batch0_all_frames.pt
  801. /blue/shiboli.fsu/yifeisun.umich/adversarial_robustness_FNO/2D_NS_FNO2d_recurrent/datasets/exponax_datasets/t20/generalizability/dim2d_nx256_N10_solver=exponax_nu0.000_t20.0_test_ntimepoints21_LogGRF_rq_length_scale0.050_variance1.000_alpha1.500_exp_factor2.500_vmax1_vmin0_batch0_all_frames.pt
  802. /blue/shiboli.fsu/yifeisun.umich/adversarial_robustness_FNO/2D_NS_FNO2d_recurrent/datasets/exponax_datasets/t20/generalizability/dim2d_nx256_N10_solver=exponax_nu0.000_t20.0_test_ntimepoints21_LogGRF_rq_length_scale0.050_variance1.000_alpha1.700_exp_factor2.500_vmax-1_vmin-1.5_batch0_all_frames.pt
  803. /blue/shiboli.fsu/yifeisun.umich/adversarial_robustness_FNO/2D_NS_FNO2d_recurrent/datasets/exponax_datasets/t20/generalizability/dim2d_nx256_N10_solver=exponax_nu0.000_t20.0_test_ntimepoints21_LogGRF_rq_length_scale0.050_variance1.000_alpha1.700_exp_factor2.500_vmax0.4_vmin-0.4_batch0_all_frames.pt
  804. /blue/shiboli.fsu/yifeisun.umich/adversarial_robustness_FNO/2D_NS_FNO2d_recurrent/datasets/exponax_datasets/t20/generalizability/dim2d_nx256_N10_solver=exponax_nu0.000_t20.0_test_ntimepoints21_LogGRF_rq_length_scale0.050_variance1.000_alpha1.700_exp_factor2.500_vmax0_vmin-1_batch0_all_frames.pt
  805. /blue/shiboli.fsu/yifeisun.umich/adversarial_robustness_FNO/2D_NS_FNO2d_recurrent/datasets/exponax_datasets/t20/generalizability/dim2d_nx256_N10_solver=exponax_nu0.000_t20.0_test_ntimepoints21_LogGRF_rq_length_scale0.050_variance1.000_alpha1.700_exp_factor2.500_vmax1.5_vmin1_batch0_all_frames.pt
  806. /blue/shiboli.fsu/yifeisun.umich/adversarial_robustness_FNO/2D_NS_FNO2d_recurrent/datasets/exponax_datasets/t20/generalizability/dim2d_nx256_N10_solver=exponax_nu0.000_t20.0_test_ntimepoints21_LogGRF_rq_length_scale0.050_variance1.000_alpha1.700_exp_factor2.500_vmax1_vmin-1_batch0_all_frames.pt
  807. /blue/shiboli.fsu/yifeisun.umich/adversarial_robustness_FNO/2D_NS_FNO2d_recurrent/datasets/exponax_datasets/t20/generalizability/dim2d_nx256_N10_solver=exponax_nu0.000_t20.0_test_ntimepoints21_LogGRF_rq_length_scale0.050_variance1.000_alpha1.700_exp_factor2.500_vmax1_vmin0_batch0_all_frames.pt
  808. /blue/shiboli.fsu/yifeisun.umich/adversarial_robustness_FNO/2D_NS_FNO2d_recurrent/datasets/exponax_datasets/t20/generalizability/dim2d_nx256_N10_solver=exponax_nu0.000_t20.0_test_ntimepoints21_LogGRF_rq_length_scale0.050_variance1.700_alpha0.750_exp_factor2.500_vmax-1_vmin-1.5_batch0_all_frames.pt
  809. /blue/shiboli.fsu/yifeisun.umich/adversarial_robustness_FNO/2D_NS_FNO2d_recurrent/datasets/exponax_datasets/t20/generalizability/dim2d_nx256_N10_solver=exponax_nu0.000_t20.0_test_ntimepoints21_LogGRF_rq_length_scale0.050_variance1.700_alpha0.750_exp_factor2.500_vmax0.4_vmin-0.4_batch0_all_frames.pt
  810. /blue/shiboli.fsu/yifeisun.umich/adversarial_robustness_FNO/2D_NS_FNO2d_recurrent/datasets/exponax_datasets/t20/generalizability/dim2d_nx256_N10_solver=exponax_nu0.000_t20.0_test_ntimepoints21_LogGRF_rq_length_scale0.050_variance1.700_alpha0.750_exp_factor2.500_vmax0_vmin-1_batch0_all_frames.pt
  811. /blue/shiboli.fsu/yifeisun.umich/adversarial_robustness_FNO/2D_NS_FNO2d_recurrent/datasets/exponax_datasets/t20/generalizability/dim2d_nx256_N10_solver=exponax_nu0.000_t20.0_test_ntimepoints21_LogGRF_rq_length_scale0.050_variance1.700_alpha0.750_exp_factor2.500_vmax1.5_vmin1_batch0_all_frames.pt
  812. /blue/shiboli.fsu/yifeisun.umich/adversarial_robustness_FNO/2D_NS_FNO2d_recurrent/datasets/exponax_datasets/t20/generalizability/dim2d_nx256_N10_solver=exponax_nu0.000_t20.0_test_ntimepoints21_LogGRF_rq_length_scale0.050_variance1.700_alpha0.750_exp_factor2.500_vmax1_vmin-1_batch0_all_frames.pt
  813. /blue/shiboli.fsu/yifeisun.umich/adversarial_robustness_FNO/2D_NS_FNO2d_recurrent/datasets/exponax_datasets/t20/generalizability/dim2d_nx256_N10_solver=exponax_nu0.000_t20.0_test_ntimepoints21_LogGRF_rq_length_scale0.050_variance1.700_alpha0.750_exp_factor2.500_vmax1_vmin0_batch0_all_frames.pt
  814. /blue/shiboli.fsu/yifeisun.umich/adversarial_robustness_FNO/2D_NS_FNO2d_recurrent/datasets/exponax_datasets/t20/generalizability/dim2d_nx256_N10_solver=exponax_nu0.000_t20.0_test_ntimepoints21_LogGRF_rq_length_scale0.050_variance1.700_alpha1.000_exp_factor2.500_vmax-1_vmin-1.5_batch0_all_frames.pt
  815. /blue/shiboli.fsu/yifeisun.umich/adversarial_robustness_FNO/2D_NS_FNO2d_recurrent/datasets/exponax_datasets/t20/generalizability/dim2d_nx256_N10_solver=exponax_nu0.000_t20.0_test_ntimepoints21_LogGRF_rq_length_scale0.050_variance1.700_alpha1.000_exp_factor2.500_vmax0.4_vmin-0.4_batch0_all_frames.pt
  816. /blue/shiboli.fsu/yifeisun.umich/adversarial_robustness_FNO/2D_NS_FNO2d_recurrent/datasets/exponax_datasets/t20/generalizability/dim2d_nx256_N10_solver=exponax_nu0.000_t20.0_test_ntimepoints21_LogGRF_rq_length_scale0.050_variance1.700_alpha1.000_exp_factor2.500_vmax0_vmin-1_batch0_all_frames.pt
  817. /blue/shiboli.fsu/yifeisun.umich/adversarial_robustness_FNO/2D_NS_FNO2d_recurrent/datasets/exponax_datasets/t20/generalizability/dim2d_nx256_N10_solver=exponax_nu0.000_t20.0_test_ntimepoints21_LogGRF_rq_length_scale0.050_variance1.700_alpha1.000_exp_factor2.500_vmax1.5_vmin1_batch0_all_frames.pt
  818. /blue/shiboli.fsu/yifeisun.umich/adversarial_robustness_FNO/2D_NS_FNO2d_recurrent/datasets/exponax_datasets/t20/generalizability/dim2d_nx256_N10_solver=exponax_nu0.000_t20.0_test_ntimepoints21_LogGRF_rq_length_scale0.050_variance1.700_alpha1.000_exp_factor2.500_vmax1_vmin-1_batch0_all_frames.pt
  819. /blue/shiboli.fsu/yifeisun.umich/adversarial_robustness_FNO/2D_NS_FNO2d_recurrent/datasets/exponax_datasets/t20/generalizability/dim2d_nx256_N10_solver=exponax_nu0.000_t20.0_test_ntimepoints21_LogGRF_rq_length_scale0.050_variance1.700_alpha1.000_exp_factor2.500_vmax1_vmin0_batch0_all_frames.pt
  820. /blue/shiboli.fsu/yifeisun.umich/adversarial_robustness_FNO/2D_NS_FNO2d_recurrent/datasets/exponax_datasets/t20/generalizability/dim2d_nx256_N10_solver=exponax_nu0.000_t20.0_test_ntimepoints21_LogGRF_rq_length_scale0.050_variance1.700_alpha1.500_exp_factor2.500_vmax-1_vmin-1.5_batch0_all_frames.pt
  821. /blue/shiboli.fsu/yifeisun.umich/adversarial_robustness_FNO/2D_NS_FNO2d_recurrent/datasets/exponax_datasets/t20/generalizability/dim2d_nx256_N10_solver=exponax_nu0.000_t20.0_test_ntimepoints21_LogGRF_rq_length_scale0.050_variance1.700_alpha1.500_exp_factor2.500_vmax0.4_vmin-0.4_batch0_all_frames.pt
  822. /blue/shiboli.fsu/yifeisun.umich/adversarial_robustness_FNO/2D_NS_FNO2d_recurrent/datasets/exponax_datasets/t20/generalizability/dim2d_nx256_N10_solver=exponax_nu0.000_t20.0_test_ntimepoints21_LogGRF_rq_length_scale0.050_variance1.700_alpha1.500_exp_factor2.500_vmax0_vmin-1_batch0_all_frames.pt
  823. /blue/shiboli.fsu/yifeisun.umich/adversarial_robustness_FNO/2D_NS_FNO2d_recurrent/datasets/exponax_datasets/t20/generalizability/dim2d_nx256_N10_solver=exponax_nu0.000_t20.0_test_ntimepoints21_LogGRF_rq_length_scale0.050_variance1.700_alpha1.500_exp_factor2.500_vmax1.5_vmin1_batch0_all_frames.pt
  824. /blue/shiboli.fsu/yifeisun.umich/adversarial_robustness_FNO/2D_NS_FNO2d_recurrent/datasets/exponax_datasets/t20/generalizability/dim2d_nx256_N10_solver=exponax_nu0.000_t20.0_test_ntimepoints21_LogGRF_rq_length_scale0.050_variance1.700_alpha1.500_exp_factor2.500_vmax1_vmin-1_batch0_all_frames.pt
  825. /blue/shiboli.fsu/yifeisun.umich/adversarial_robustness_FNO/2D_NS_FNO2d_recurrent/datasets/exponax_datasets/t20/generalizability/dim2d_nx256_N10_solver=exponax_nu0.000_t20.0_test_ntimepoints21_LogGRF_rq_length_scale0.050_variance1.700_alpha1.500_exp_factor2.500_vmax1_vmin0_batch0_all_frames.pt
  826. /blue/shiboli.fsu/yifeisun.umich/adversarial_robustness_FNO/2D_NS_FNO2d_recurrent/datasets/exponax_datasets/t20/generalizability/dim2d_nx256_N10_solver=exponax_nu0.000_t20.0_test_ntimepoints21_LogGRF_rq_length_scale0.050_variance1.700_alpha1.700_exp_factor2.500_vmax-1_vmin-1.5_batch0_all_frames.pt
  827. /blue/shiboli.fsu/yifeisun.umich/adversarial_robustness_FNO/2D_NS_FNO2d_recurrent/datasets/exponax_datasets/t20/generalizability/dim2d_nx256_N10_solver=exponax_nu0.000_t20.0_test_ntimepoints21_LogGRF_rq_length_scale0.050_variance1.700_alpha1.700_exp_factor2.500_vmax0.4_vmin-0.4_batch0_all_frames.pt
  828. /blue/shiboli.fsu/yifeisun.umich/adversarial_robustness_FNO/2D_NS_FNO2d_recurrent/datasets/exponax_datasets/t20/generalizability/dim2d_nx256_N10_solver=exponax_nu0.000_t20.0_test_ntimepoints21_LogGRF_rq_length_scale0.050_variance1.700_alpha1.700_exp_factor2.500_vmax0_vmin-1_batch0_all_frames.pt
  829. /blue/shiboli.fsu/yifeisun.umich/adversarial_robustness_FNO/2D_NS_FNO2d_recurrent/datasets/exponax_datasets/t20/generalizability/dim2d_nx256_N10_solver=exponax_nu0.000_t20.0_test_ntimepoints21_LogGRF_rq_length_scale0.050_variance1.700_alpha1.700_exp_factor2.500_vmax1.5_vmin1_batch0_all_frames.pt
  830. /blue/shiboli.fsu/yifeisun.umich/adversarial_robustness_FNO/2D_NS_FNO2d_recurrent/datasets/exponax_datasets/t20/generalizability/dim2d_nx256_N10_solver=exponax_nu0.000_t20.0_test_ntimepoints21_LogGRF_rq_length_scale0.050_variance1.700_alpha1.700_exp_factor2.500_vmax1_vmin-1_batch0_all_frames.pt
  831. /blue/shiboli.fsu/yifeisun.umich/adversarial_robustness_FNO/2D_NS_FNO2d_recurrent/datasets/exponax_datasets/t20/generalizability/dim2d_nx256_N10_solver=exponax_nu0.000_t20.0_test_ntimepoints21_LogGRF_rq_length_scale0.050_variance1.700_alpha1.700_exp_factor2.500_vmax1_vmin0_batch0_all_frames.pt
  832. /blue/shiboli.fsu/yifeisun.umich/adversarial_robustness_FNO/2D_NS_FNO2d_recurrent/datasets/exponax_datasets/t20/generalizability/dim2d_nx256_N10_solver=exponax_nu0.000_t20.0_test_ntimepoints21_LogGRF_rq_length_scale0.100_variance0.700_alpha0.750_exp_factor2.500_vmax-1_vmin-1.5_batch0_all_frames.pt
  833. /blue/shiboli.fsu/yifeisun.umich/adversarial_robustness_FNO/2D_NS_FNO2d_recurrent/datasets/exponax_datasets/t20/generalizability/dim2d_nx256_N10_solver=exponax_nu0.000_t20.0_test_ntimepoints21_LogGRF_rq_length_scale0.100_variance0.700_alpha0.750_exp_factor2.500_vmax0.4_vmin-0.4_batch0_all_frames.pt
  834. /blue/shiboli.fsu/yifeisun.umich/adversarial_robustness_FNO/2D_NS_FNO2d_recurrent/datasets/exponax_datasets/t20/generalizability/dim2d_nx256_N10_solver=exponax_nu0.000_t20.0_test_ntimepoints21_LogGRF_rq_length_scale0.100_variance0.700_alpha0.750_exp_factor2.500_vmax0_vmin-1_batch0_all_frames.pt
  835. /blue/shiboli.fsu/yifeisun.umich/adversarial_robustness_FNO/2D_NS_FNO2d_recurrent/datasets/exponax_datasets/t20/generalizability/dim2d_nx256_N10_solver=exponax_nu0.000_t20.0_test_ntimepoints21_LogGRF_rq_length_scale0.100_variance0.700_alpha0.750_exp_factor2.500_vmax1.5_vmin1_batch0_all_frames.pt
  836. /blue/shiboli.fsu/yifeisun.umich/adversarial_robustness_FNO/2D_NS_FNO2d_recurrent/datasets/exponax_datasets/t20/generalizability/dim2d_nx256_N10_solver=exponax_nu0.000_t20.0_test_ntimepoints21_LogGRF_rq_length_scale0.100_variance0.700_alpha0.750_exp_factor2.500_vmax1_vmin-1_batch0_all_frames.pt
  837. /blue/shiboli.fsu/yifeisun.umich/adversarial_robustness_FNO/2D_NS_FNO2d_recurrent/datasets/exponax_datasets/t20/generalizability/dim2d_nx256_N10_solver=exponax_nu0.000_t20.0_test_ntimepoints21_LogGRF_rq_length_scale0.100_variance0.700_alpha0.750_exp_factor2.500_vmax1_vmin0_batch0_all_frames.pt
  838. /blue/shiboli.fsu/yifeisun.umich/adversarial_robustness_FNO/2D_NS_FNO2d_recurrent/datasets/exponax_datasets/t20/generalizability/dim2d_nx256_N10_solver=exponax_nu0.000_t20.0_test_ntimepoints21_LogGRF_rq_length_scale0.100_variance0.700_alpha1.000_exp_factor2.500_vmax-1_vmin-1.5_batch0_all_frames.pt
  839. /blue/shiboli.fsu/yifeisun.umich/adversarial_robustness_FNO/2D_NS_FNO2d_recurrent/datasets/exponax_datasets/t20/generalizability/dim2d_nx256_N10_solver=exponax_nu0.000_t20.0_test_ntimepoints21_LogGRF_rq_length_scale0.100_variance0.700_alpha1.000_exp_factor2.500_vmax0.4_vmin-0.4_batch0_all_frames.pt
  840. /blue/shiboli.fsu/yifeisun.umich/adversarial_robustness_FNO/2D_NS_FNO2d_recurrent/datasets/exponax_datasets/t20/generalizability/dim2d_nx256_N10_solver=exponax_nu0.000_t20.0_test_ntimepoints21_LogGRF_rq_length_scale0.100_variance0.700_alpha1.000_exp_factor2.500_vmax0_vmin-1_batch0_all_frames.pt
  841. /blue/shiboli.fsu/yifeisun.umich/adversarial_robustness_FNO/2D_NS_FNO2d_recurrent/datasets/exponax_datasets/t20/generalizability/dim2d_nx256_N10_solver=exponax_nu0.000_t20.0_test_ntimepoints21_LogGRF_rq_length_scale0.100_variance0.700_alpha1.000_exp_factor2.500_vmax1.5_vmin1_batch0_all_frames.pt
  842. /blue/shiboli.fsu/yifeisun.umich/adversarial_robustness_FNO/2D_NS_FNO2d_recurrent/datasets/exponax_datasets/t20/generalizability/dim2d_nx256_N10_solver=exponax_nu0.000_t20.0_test_ntimepoints21_LogGRF_rq_length_scale0.100_variance0.700_alpha1.000_exp_factor2.500_vmax1_vmin-1_batch0_all_frames.pt
  843. /blue/shiboli.fsu/yifeisun.umich/adversarial_robustness_FNO/2D_NS_FNO2d_recurrent/datasets/exponax_datasets/t20/generalizability/dim2d_nx256_N10_solver=exponax_nu0.000_t20.0_test_ntimepoints21_LogGRF_rq_length_scale0.100_variance0.700_alpha1.000_exp_factor2.500_vmax1_vmin0_batch0_all_frames.pt
  844. /blue/shiboli.fsu/yifeisun.umich/adversarial_robustness_FNO/2D_NS_FNO2d_recurrent/datasets/exponax_datasets/t20/generalizability/dim2d_nx256_N10_solver=exponax_nu0.000_t20.0_test_ntimepoints21_LogGRF_rq_length_scale0.100_variance0.700_alpha1.500_exp_factor2.500_vmax-1_vmin-1.5_batch0_all_frames.pt
  845. /blue/shiboli.fsu/yifeisun.umich/adversarial_robustness_FNO/2D_NS_FNO2d_recurrent/datasets/exponax_datasets/t20/generalizability/dim2d_nx256_N10_solver=exponax_nu0.000_t20.0_test_ntimepoints21_LogGRF_rq_length_scale0.100_variance0.700_alpha1.500_exp_factor2.500_vmax0.4_vmin-0.4_batch0_all_frames.pt
  846. /blue/shiboli.fsu/yifeisun.umich/adversarial_robustness_FNO/2D_NS_FNO2d_recurrent/datasets/exponax_datasets/t20/generalizability/dim2d_nx256_N10_solver=exponax_nu0.000_t20.0_test_ntimepoints21_LogGRF_rq_length_scale0.100_variance0.700_alpha1.500_exp_factor2.500_vmax0_vmin-1_batch0_all_frames.pt
  847. /blue/shiboli.fsu/yifeisun.umich/adversarial_robustness_FNO/2D_NS_FNO2d_recurrent/datasets/exponax_datasets/t20/generalizability/dim2d_nx256_N10_solver=exponax_nu0.000_t20.0_test_ntimepoints21_LogGRF_rq_length_scale0.100_variance0.700_alpha1.500_exp_factor2.500_vmax1.5_vmin1_batch0_all_frames.pt
  848. /blue/shiboli.fsu/yifeisun.umich/adversarial_robustness_FNO/2D_NS_FNO2d_recurrent/datasets/exponax_datasets/t20/generalizability/dim2d_nx256_N10_solver=exponax_nu0.000_t20.0_test_ntimepoints21_LogGRF_rq_length_scale0.100_variance0.700_alpha1.500_exp_factor2.500_vmax1_vmin-1_batch0_all_frames.pt
  849. /blue/shiboli.fsu/yifeisun.umich/adversarial_robustness_FNO/2D_NS_FNO2d_recurrent/datasets/exponax_datasets/t20/generalizability/dim2d_nx256_N10_solver=exponax_nu0.000_t20.0_test_ntimepoints21_LogGRF_rq_length_scale0.100_variance0.700_alpha1.500_exp_factor2.500_vmax1_vmin0_batch0_all_frames.pt
  850. /blue/shiboli.fsu/yifeisun.umich/adversarial_robustness_FNO/2D_NS_FNO2d_recurrent/datasets/exponax_datasets/t20/generalizability/dim2d_nx256_N10_solver=exponax_nu0.000_t20.0_test_ntimepoints21_LogGRF_rq_length_scale0.100_variance0.700_alpha1.700_exp_factor2.500_vmax-1_vmin-1.5_batch0_all_frames.pt
  851. /blue/shiboli.fsu/yifeisun.umich/adversarial_robustness_FNO/2D_NS_FNO2d_recurrent/datasets/exponax_datasets/t20/generalizability/dim2d_nx256_N10_solver=exponax_nu0.000_t20.0_test_ntimepoints21_LogGRF_rq_length_scale0.100_variance0.700_alpha1.700_exp_factor2.500_vmax0.4_vmin-0.4_batch0_all_frames.pt
  852. /blue/shiboli.fsu/yifeisun.umich/adversarial_robustness_FNO/2D_NS_FNO2d_recurrent/datasets/exponax_datasets/t20/generalizability/dim2d_nx256_N10_solver=exponax_nu0.000_t20.0_test_ntimepoints21_LogGRF_rq_length_scale0.100_variance0.700_alpha1.700_exp_factor2.500_vmax0_vmin-1_batch0_all_frames.pt
  853. /blue/shiboli.fsu/yifeisun.umich/adversarial_robustness_FNO/2D_NS_FNO2d_recurrent/datasets/exponax_datasets/t20/generalizability/dim2d_nx256_N10_solver=exponax_nu0.000_t20.0_test_ntimepoints21_LogGRF_rq_length_scale0.100_variance0.700_alpha1.700_exp_factor2.500_vmax1.5_vmin1_batch0_all_frames.pt
  854. /blue/shiboli.fsu/yifeisun.umich/adversarial_robustness_FNO/2D_NS_FNO2d_recurrent/datasets/exponax_datasets/t20/generalizability/dim2d_nx256_N10_solver=exponax_nu0.000_t20.0_test_ntimepoints21_LogGRF_rq_length_scale0.100_variance0.700_alpha1.700_exp_factor2.500_vmax1_vmin-1_batch0_all_frames.pt
  855. /blue/shiboli.fsu/yifeisun.umich/adversarial_robustness_FNO/2D_NS_FNO2d_recurrent/datasets/exponax_datasets/t20/generalizability/dim2d_nx256_N10_solver=exponax_nu0.000_t20.0_test_ntimepoints21_LogGRF_rq_length_scale0.100_variance0.700_alpha1.700_exp_factor2.500_vmax1_vmin0_batch0_all_frames.pt
  856. /blue/shiboli.fsu/yifeisun.umich/adversarial_robustness_FNO/2D_NS_FNO2d_recurrent/datasets/exponax_datasets/t20/generalizability/dim2d_nx256_N10_solver=exponax_nu0.000_t20.0_test_ntimepoints21_LogGRF_rq_length_scale0.100_variance1.000_alpha0.750_exp_factor2.500_vmax-1_vmin-1.5_batch0_all_frames.pt
  857. /blue/shiboli.fsu/yifeisun.umich/adversarial_robustness_FNO/2D_NS_FNO2d_recurrent/datasets/exponax_datasets/t20/generalizability/dim2d_nx256_N10_solver=exponax_nu0.000_t20.0_test_ntimepoints21_LogGRF_rq_length_scale0.100_variance1.000_alpha0.750_exp_factor2.500_vmax0.4_vmin-0.4_batch0_all_frames.pt
  858. /blue/shiboli.fsu/yifeisun.umich/adversarial_robustness_FNO/2D_NS_FNO2d_recurrent/datasets/exponax_datasets/t20/generalizability/dim2d_nx256_N10_solver=exponax_nu0.000_t20.0_test_ntimepoints21_LogGRF_rq_length_scale0.100_variance1.000_alpha0.750_exp_factor2.500_vmax0_vmin-1_batch0_all_frames.pt
  859. /blue/shiboli.fsu/yifeisun.umich/adversarial_robustness_FNO/2D_NS_FNO2d_recurrent/datasets/exponax_datasets/t20/generalizability/dim2d_nx256_N10_solver=exponax_nu0.000_t20.0_test_ntimepoints21_LogGRF_rq_length_scale0.100_variance1.000_alpha0.750_exp_factor2.500_vmax1.5_vmin1_batch0_all_frames.pt
  860. /blue/shiboli.fsu/yifeisun.umich/adversarial_robustness_FNO/2D_NS_FNO2d_recurrent/datasets/exponax_datasets/t20/generalizability/dim2d_nx256_N10_solver=exponax_nu0.000_t20.0_test_ntimepoints21_LogGRF_rq_length_scale0.100_variance1.000_alpha0.750_exp_factor2.500_vmax1_vmin-1_batch0_all_frames.pt
  861. /blue/shiboli.fsu/yifeisun.umich/adversarial_robustness_FNO/2D_NS_FNO2d_recurrent/datasets/exponax_datasets/t20/generalizability/dim2d_nx256_N10_solver=exponax_nu0.000_t20.0_test_ntimepoints21_LogGRF_rq_length_scale0.100_variance1.000_alpha0.750_exp_factor2.500_vmax1_vmin0_batch0_all_frames.pt
  862. /blue/shiboli.fsu/yifeisun.umich/adversarial_robustness_FNO/2D_NS_FNO2d_recurrent/datasets/exponax_datasets/t20/generalizability/dim2d_nx256_N10_solver=exponax_nu0.000_t20.0_test_ntimepoints21_LogGRF_rq_length_scale0.100_variance1.000_alpha1.000_exp_factor2.500_vmax-1_vmin-1.5_batch0_all_frames.pt
  863. /blue/shiboli.fsu/yifeisun.umich/adversarial_robustness_FNO/2D_NS_FNO2d_recurrent/datasets/exponax_datasets/t20/generalizability/dim2d_nx256_N10_solver=exponax_nu0.000_t20.0_test_ntimepoints21_LogGRF_rq_length_scale0.100_variance1.000_alpha1.000_exp_factor2.500_vmax0.4_vmin-0.4_batch0_all_frames.pt
  864. /blue/shiboli.fsu/yifeisun.umich/adversarial_robustness_FNO/2D_NS_FNO2d_recurrent/datasets/exponax_datasets/t20/generalizability/dim2d_nx256_N10_solver=exponax_nu0.000_t20.0_test_ntimepoints21_LogGRF_rq_length_scale0.100_variance1.000_alpha1.000_exp_factor2.500_vmax0_vmin-1_batch0_all_frames.pt
  865. /blue/shiboli.fsu/yifeisun.umich/adversarial_robustness_FNO/2D_NS_FNO2d_recurrent/datasets/exponax_datasets/t20/generalizability/dim2d_nx256_N10_solver=exponax_nu0.000_t20.0_test_ntimepoints21_LogGRF_rq_length_scale0.100_variance1.000_alpha1.000_exp_factor2.500_vmax1.5_vmin1_batch0_all_frames.pt
  866. /blue/shiboli.fsu/yifeisun.umich/adversarial_robustness_FNO/2D_NS_FNO2d_recurrent/datasets/exponax_datasets/t20/generalizability/dim2d_nx256_N10_solver=exponax_nu0.000_t20.0_test_ntimepoints21_LogGRF_rq_length_scale0.100_variance1.000_alpha1.000_exp_factor2.500_vmax1_vmin-1_batch0_all_frames.pt
  867. /blue/shiboli.fsu/yifeisun.umich/adversarial_robustness_FNO/2D_NS_FNO2d_recurrent/datasets/exponax_datasets/t20/generalizability/dim2d_nx256_N10_solver=exponax_nu0.000_t20.0_test_ntimepoints21_LogGRF_rq_length_scale0.100_variance1.000_alpha1.000_exp_factor2.500_vmax1_vmin0_batch0_all_frames.pt
  868. /blue/shiboli.fsu/yifeisun.umich/adversarial_robustness_FNO/2D_NS_FNO2d_recurrent/datasets/exponax_datasets/t20/generalizability/dim2d_nx256_N10_solver=exponax_nu0.000_t20.0_test_ntimepoints21_LogGRF_rq_length_scale0.100_variance1.000_alpha1.500_exp_factor2.500_vmax-1_vmin-1.5_batch0_all_frames.pt
  869. /blue/shiboli.fsu/yifeisun.umich/adversarial_robustness_FNO/2D_NS_FNO2d_recurrent/datasets/exponax_datasets/t20/generalizability/dim2d_nx256_N10_solver=exponax_nu0.000_t20.0_test_ntimepoints21_LogGRF_rq_length_scale0.100_variance1.000_alpha1.500_exp_factor2.500_vmax0.4_vmin-0.4_batch0_all_frames.pt
  870. /blue/shiboli.fsu/yifeisun.umich/adversarial_robustness_FNO/2D_NS_FNO2d_recurrent/datasets/exponax_datasets/t20/generalizability/dim2d_nx256_N10_solver=exponax_nu0.000_t20.0_test_ntimepoints21_LogGRF_rq_length_scale0.100_variance1.000_alpha1.500_exp_factor2.500_vmax0_vmin-1_batch0_all_frames.pt
  871. /blue/shiboli.fsu/yifeisun.umich/adversarial_robustness_FNO/2D_NS_FNO2d_recurrent/datasets/exponax_datasets/t20/generalizability/dim2d_nx256_N10_solver=exponax_nu0.000_t20.0_test_ntimepoints21_LogGRF_rq_length_scale0.100_variance1.000_alpha1.500_exp_factor2.500_vmax1.5_vmin1_batch0_all_frames.pt
  872. /blue/shiboli.fsu/yifeisun.umich/adversarial_robustness_FNO/2D_NS_FNO2d_recurrent/datasets/exponax_datasets/t20/generalizability/dim2d_nx256_N10_solver=exponax_nu0.000_t20.0_test_ntimepoints21_LogGRF_rq_length_scale0.100_variance1.000_alpha1.500_exp_factor2.500_vmax1_vmin-1_batch0_all_frames.pt
  873. /blue/shiboli.fsu/yifeisun.umich/adversarial_robustness_FNO/2D_NS_FNO2d_recurrent/datasets/exponax_datasets/t20/generalizability/dim2d_nx256_N10_solver=exponax_nu0.000_t20.0_test_ntimepoints21_LogGRF_rq_length_scale0.100_variance1.000_alpha1.500_exp_factor2.500_vmax1_vmin0_batch0_all_frames.pt
  874. /blue/shiboli.fsu/yifeisun.umich/adversarial_robustness_FNO/2D_NS_FNO2d_recurrent/datasets/exponax_datasets/t20/generalizability/dim2d_nx256_N10_solver=exponax_nu0.000_t20.0_test_ntimepoints21_LogGRF_rq_length_scale0.100_variance1.000_alpha1.700_exp_factor2.500_vmax-1_vmin-1.5_batch0_all_frames.pt
  875. /blue/shiboli.fsu/yifeisun.umich/adversarial_robustness_FNO/2D_NS_FNO2d_recurrent/datasets/exponax_datasets/t20/generalizability/dim2d_nx256_N10_solver=exponax_nu0.000_t20.0_test_ntimepoints21_LogGRF_rq_length_scale0.100_variance1.000_alpha1.700_exp_factor2.500_vmax0.4_vmin-0.4_batch0_all_frames.pt
  876. /blue/shiboli.fsu/yifeisun.umich/adversarial_robustness_FNO/2D_NS_FNO2d_recurrent/datasets/exponax_datasets/t20/generalizability/dim2d_nx256_N10_solver=exponax_nu0.000_t20.0_test_ntimepoints21_LogGRF_rq_length_scale0.100_variance1.000_alpha1.700_exp_factor2.500_vmax0_vmin-1_batch0_all_frames.pt
  877. /blue/shiboli.fsu/yifeisun.umich/adversarial_robustness_FNO/2D_NS_FNO2d_recurrent/datasets/exponax_datasets/t20/generalizability/dim2d_nx256_N10_solver=exponax_nu0.000_t20.0_test_ntimepoints21_LogGRF_rq_length_scale0.100_variance1.000_alpha1.700_exp_factor2.500_vmax1.5_vmin1_batch0_all_frames.pt
  878. /blue/shiboli.fsu/yifeisun.umich/adversarial_robustness_FNO/2D_NS_FNO2d_recurrent/datasets/exponax_datasets/t20/generalizability/dim2d_nx256_N10_solver=exponax_nu0.000_t20.0_test_ntimepoints21_LogGRF_rq_length_scale0.100_variance1.000_alpha1.700_exp_factor2.500_vmax1_vmin-1_batch0_all_frames.pt
  879. /blue/shiboli.fsu/yifeisun.umich/adversarial_robustness_FNO/2D_NS_FNO2d_recurrent/datasets/exponax_datasets/t20/generalizability/dim2d_nx256_N10_solver=exponax_nu0.000_t20.0_test_ntimepoints21_LogGRF_rq_length_scale0.100_variance1.000_alpha1.700_exp_factor2.500_vmax1_vmin0_batch0_all_frames.pt
  880. /blue/shiboli.fsu/yifeisun.umich/adversarial_robustness_FNO/2D_NS_FNO2d_recurrent/datasets/exponax_datasets/t20/generalizability/dim2d_nx256_N10_solver=exponax_nu0.000_t20.0_test_ntimepoints21_LogGRF_rq_length_scale0.100_variance1.700_alpha0.750_exp_factor2.500_vmax-1_vmin-1.5_batch0_all_frames.pt
  881. /blue/shiboli.fsu/yifeisun.umich/adversarial_robustness_FNO/2D_NS_FNO2d_recurrent/datasets/exponax_datasets/t20/generalizability/dim2d_nx256_N10_solver=exponax_nu0.000_t20.0_test_ntimepoints21_LogGRF_rq_length_scale0.100_variance1.700_alpha0.750_exp_factor2.500_vmax0.4_vmin-0.4_batch0_all_frames.pt
  882. /blue/shiboli.fsu/yifeisun.umich/adversarial_robustness_FNO/2D_NS_FNO2d_recurrent/datasets/exponax_datasets/t20/generalizability/dim2d_nx256_N10_solver=exponax_nu0.000_t20.0_test_ntimepoints21_LogGRF_rq_length_scale0.100_variance1.700_alpha0.750_exp_factor2.500_vmax0_vmin-1_batch0_all_frames.pt
  883. /blue/shiboli.fsu/yifeisun.umich/adversarial_robustness_FNO/2D_NS_FNO2d_recurrent/datasets/exponax_datasets/t20/generalizability/dim2d_nx256_N10_solver=exponax_nu0.000_t20.0_test_ntimepoints21_LogGRF_rq_length_scale0.100_variance1.700_alpha0.750_exp_factor2.500_vmax1.5_vmin1_batch0_all_frames.pt
  884. /blue/shiboli.fsu/yifeisun.umich/adversarial_robustness_FNO/2D_NS_FNO2d_recurrent/datasets/exponax_datasets/t20/generalizability/dim2d_nx256_N10_solver=exponax_nu0.000_t20.0_test_ntimepoints21_LogGRF_rq_length_scale0.100_variance1.700_alpha0.750_exp_factor2.500_vmax1_vmin-1_batch0_all_frames.pt
  885. /blue/shiboli.fsu/yifeisun.umich/adversarial_robustness_FNO/2D_NS_FNO2d_recurrent/datasets/exponax_datasets/t20/generalizability/dim2d_nx256_N10_solver=exponax_nu0.000_t20.0_test_ntimepoints21_LogGRF_rq_length_scale0.100_variance1.700_alpha0.750_exp_factor2.500_vmax1_vmin0_batch0_all_frames.pt
  886. /blue/shiboli.fsu/yifeisun.umich/adversarial_robustness_FNO/2D_NS_FNO2d_recurrent/datasets/exponax_datasets/t20/generalizability/dim2d_nx256_N10_solver=exponax_nu0.000_t20.0_test_ntimepoints21_LogGRF_rq_length_scale0.100_variance1.700_alpha1.000_exp_factor2.500_vmax-1_vmin-1.5_batch0_all_frames.pt
  887. /blue/shiboli.fsu/yifeisun.umich/adversarial_robustness_FNO/2D_NS_FNO2d_recurrent/datasets/exponax_datasets/t20/generalizability/dim2d_nx256_N10_solver=exponax_nu0.000_t20.0_test_ntimepoints21_LogGRF_rq_length_scale0.100_variance1.700_alpha1.000_exp_factor2.500_vmax0.4_vmin-0.4_batch0_all_frames.pt
  888. /blue/shiboli.fsu/yifeisun.umich/adversarial_robustness_FNO/2D_NS_FNO2d_recurrent/datasets/exponax_datasets/t20/generalizability/dim2d_nx256_N10_solver=exponax_nu0.000_t20.0_test_ntimepoints21_LogGRF_rq_length_scale0.100_variance1.700_alpha1.000_exp_factor2.500_vmax0_vmin-1_batch0_all_frames.pt
  889. /blue/shiboli.fsu/yifeisun.umich/adversarial_robustness_FNO/2D_NS_FNO2d_recurrent/datasets/exponax_datasets/t20/generalizability/dim2d_nx256_N10_solver=exponax_nu0.000_t20.0_test_ntimepoints21_LogGRF_rq_length_scale0.100_variance1.700_alpha1.000_exp_factor2.500_vmax1.5_vmin1_batch0_all_frames.pt
  890. /blue/shiboli.fsu/yifeisun.umich/adversarial_robustness_FNO/2D_NS_FNO2d_recurrent/datasets/exponax_datasets/t20/generalizability/dim2d_nx256_N10_solver=exponax_nu0.000_t20.0_test_ntimepoints21_LogGRF_rq_length_scale0.100_variance1.700_alpha1.000_exp_factor2.500_vmax1_vmin-1_batch0_all_frames.pt
  891. /blue/shiboli.fsu/yifeisun.umich/adversarial_robustness_FNO/2D_NS_FNO2d_recurrent/datasets/exponax_datasets/t20/generalizability/dim2d_nx256_N10_solver=exponax_nu0.000_t20.0_test_ntimepoints21_LogGRF_rq_length_scale0.100_variance1.700_alpha1.000_exp_factor2.500_vmax1_vmin0_batch0_all_frames.pt
  892. /blue/shiboli.fsu/yifeisun.umich/adversarial_robustness_FNO/2D_NS_FNO2d_recurrent/datasets/exponax_datasets/t20/generalizability/dim2d_nx256_N10_solver=exponax_nu0.000_t20.0_test_ntimepoints21_LogGRF_rq_length_scale0.100_variance1.700_alpha1.500_exp_factor2.500_vmax-1_vmin-1.5_batch0_all_frames.pt
  893. /blue/shiboli.fsu/yifeisun.umich/adversarial_robustness_FNO/2D_NS_FNO2d_recurrent/datasets/exponax_datasets/t20/generalizability/dim2d_nx256_N10_solver=exponax_nu0.000_t20.0_test_ntimepoints21_LogGRF_rq_length_scale0.100_variance1.700_alpha1.500_exp_factor2.500_vmax0.4_vmin-0.4_batch0_all_frames.pt
  894. /blue/shiboli.fsu/yifeisun.umich/adversarial_robustness_FNO/2D_NS_FNO2d_recurrent/datasets/exponax_datasets/t20/generalizability/dim2d_nx256_N10_solver=exponax_nu0.000_t20.0_test_ntimepoints21_LogGRF_rq_length_scale0.100_variance1.700_alpha1.500_exp_factor2.500_vmax0_vmin-1_batch0_all_frames.pt
  895. /blue/shiboli.fsu/yifeisun.umich/adversarial_robustness_FNO/2D_NS_FNO2d_recurrent/datasets/exponax_datasets/t20/generalizability/dim2d_nx256_N10_solver=exponax_nu0.000_t20.0_test_ntimepoints21_LogGRF_rq_length_scale0.100_variance1.700_alpha1.500_exp_factor2.500_vmax1.5_vmin1_batch0_all_frames.pt
  896. /blue/shiboli.fsu/yifeisun.umich/adversarial_robustness_FNO/2D_NS_FNO2d_recurrent/datasets/exponax_datasets/t20/generalizability/dim2d_nx256_N10_solver=exponax_nu0.000_t20.0_test_ntimepoints21_LogGRF_rq_length_scale0.100_variance1.700_alpha1.500_exp_factor2.500_vmax1_vmin-1_batch0_all_frames.pt
  897. /blue/shiboli.fsu/yifeisun.umich/adversarial_robustness_FNO/2D_NS_FNO2d_recurrent/datasets/exponax_datasets/t20/generalizability/dim2d_nx256_N10_solver=exponax_nu0.000_t20.0_test_ntimepoints21_LogGRF_rq_length_scale0.100_variance1.700_alpha1.500_exp_factor2.500_vmax1_vmin0_batch0_all_frames.pt
  898. /blue/shiboli.fsu/yifeisun.umich/adversarial_robustness_FNO/2D_NS_FNO2d_recurrent/datasets/exponax_datasets/t20/generalizability/dim2d_nx256_N10_solver=exponax_nu0.000_t20.0_test_ntimepoints21_LogGRF_rq_length_scale0.100_variance1.700_alpha1.700_exp_factor2.500_vmax-1_vmin-1.5_batch0_all_frames.pt
  899. /blue/shiboli.fsu/yifeisun.umich/adversarial_robustness_FNO/2D_NS_FNO2d_recurrent/datasets/exponax_datasets/t20/generalizability/dim2d_nx256_N10_solver=exponax_nu0.000_t20.0_test_ntimepoints21_LogGRF_rq_length_scale0.100_variance1.700_alpha1.700_exp_factor2.500_vmax0.4_vmin-0.4_batch0_all_frames.pt
  900. /blue/shiboli.fsu/yifeisun.umich/adversarial_robustness_FNO/2D_NS_FNO2d_recurrent/datasets/exponax_datasets/t20/generalizability/dim2d_nx256_N10_solver=exponax_nu0.000_t20.0_test_ntimepoints21_LogGRF_rq_length_scale0.100_variance1.700_alpha1.700_exp_factor2.500_vmax0_vmin-1_batch0_all_frames.pt
  901. /blue/shiboli.fsu/yifeisun.umich/adversarial_robustness_FNO/2D_NS_FNO2d_recurrent/datasets/exponax_datasets/t20/generalizability/dim2d_nx256_N10_solver=exponax_nu0.000_t20.0_test_ntimepoints21_LogGRF_rq_length_scale0.100_variance1.700_alpha1.700_exp_factor2.500_vmax1.5_vmin1_batch0_all_frames.pt
  902. /blue/shiboli.fsu/yifeisun.umich/adversarial_robustness_FNO/2D_NS_FNO2d_recurrent/datasets/exponax_datasets/t20/generalizability/dim2d_nx256_N10_solver=exponax_nu0.000_t20.0_test_ntimepoints21_LogGRF_rq_length_scale0.100_variance1.700_alpha1.700_exp_factor2.500_vmax1_vmin-1_batch0_all_frames.pt
  903. /blue/shiboli.fsu/yifeisun.umich/adversarial_robustness_FNO/2D_NS_FNO2d_recurrent/datasets/exponax_datasets/t20/generalizability/dim2d_nx256_N10_solver=exponax_nu0.000_t20.0_test_ntimepoints21_LogGRF_rq_length_scale0.100_variance1.700_alpha1.700_exp_factor2.500_vmax1_vmin0_batch0_all_frames.pt
  904. /blue/shiboli.fsu/yifeisun.umich/adversarial_robustness_FNO/2D_NS_FNO2d_recurrent/datasets/exponax_datasets/t20/generalizability/dim2d_nx256_N10_solver=exponax_nu0.000_t20.0_test_ntimepoints21_LogGRF_rq_length_scale0.200_variance0.700_alpha0.750_exp_factor2.500_vmax-1_vmin-1.5_batch0_all_frames.pt
  905. /blue/shiboli.fsu/yifeisun.umich/adversarial_robustness_FNO/2D_NS_FNO2d_recurrent/datasets/exponax_datasets/t20/generalizability/dim2d_nx256_N10_solver=exponax_nu0.000_t20.0_test_ntimepoints21_LogGRF_rq_length_scale0.200_variance0.700_alpha0.750_exp_factor2.500_vmax0.4_vmin-0.4_batch0_all_frames.pt
  906. /blue/shiboli.fsu/yifeisun.umich/adversarial_robustness_FNO/2D_NS_FNO2d_recurrent/datasets/exponax_datasets/t20/generalizability/dim2d_nx256_N10_solver=exponax_nu0.000_t20.0_test_ntimepoints21_LogGRF_rq_length_scale0.200_variance0.700_alpha0.750_exp_factor2.500_vmax0_vmin-1_batch0_all_frames.pt
  907. /blue/shiboli.fsu/yifeisun.umich/adversarial_robustness_FNO/2D_NS_FNO2d_recurrent/datasets/exponax_datasets/t20/generalizability/dim2d_nx256_N10_solver=exponax_nu0.000_t20.0_test_ntimepoints21_LogGRF_rq_length_scale0.200_variance0.700_alpha0.750_exp_factor2.500_vmax1.5_vmin1_batch0_all_frames.pt
  908. /blue/shiboli.fsu/yifeisun.umich/adversarial_robustness_FNO/2D_NS_FNO2d_recurrent/datasets/exponax_datasets/t20/generalizability/dim2d_nx256_N10_solver=exponax_nu0.000_t20.0_test_ntimepoints21_LogGRF_rq_length_scale0.200_variance0.700_alpha0.750_exp_factor2.500_vmax1_vmin-1_batch0_all_frames.pt
  909. /blue/shiboli.fsu/yifeisun.umich/adversarial_robustness_FNO/2D_NS_FNO2d_recurrent/datasets/exponax_datasets/t20/generalizability/dim2d_nx256_N10_solver=exponax_nu0.000_t20.0_test_ntimepoints21_LogGRF_rq_length_scale0.200_variance0.700_alpha0.750_exp_factor2.500_vmax1_vmin0_batch0_all_frames.pt
  910. /blue/shiboli.fsu/yifeisun.umich/adversarial_robustness_FNO/2D_NS_FNO2d_recurrent/datasets/exponax_datasets/t20/generalizability/dim2d_nx256_N10_solver=exponax_nu0.000_t20.0_test_ntimepoints21_LogGRF_rq_length_scale0.200_variance0.700_alpha1.000_exp_factor2.500_vmax-1_vmin-1.5_batch0_all_frames.pt
  911. /blue/shiboli.fsu/yifeisun.umich/adversarial_robustness_FNO/2D_NS_FNO2d_recurrent/datasets/exponax_datasets/t20/generalizability/dim2d_nx256_N10_solver=exponax_nu0.000_t20.0_test_ntimepoints21_LogGRF_rq_length_scale0.200_variance0.700_alpha1.000_exp_factor2.500_vmax0.4_vmin-0.4_batch0_all_frames.pt
  912. /blue/shiboli.fsu/yifeisun.umich/adversarial_robustness_FNO/2D_NS_FNO2d_recurrent/datasets/exponax_datasets/t20/generalizability/dim2d_nx256_N10_solver=exponax_nu0.000_t20.0_test_ntimepoints21_LogGRF_rq_length_scale0.200_variance0.700_alpha1.000_exp_factor2.500_vmax0_vmin-1_batch0_all_frames.pt
  913. /blue/shiboli.fsu/yifeisun.umich/adversarial_robustness_FNO/2D_NS_FNO2d_recurrent/datasets/exponax_datasets/t20/generalizability/dim2d_nx256_N10_solver=exponax_nu0.000_t20.0_test_ntimepoints21_LogGRF_rq_length_scale0.200_variance0.700_alpha1.000_exp_factor2.500_vmax1.5_vmin1_batch0_all_frames.pt
  914. /blue/shiboli.fsu/yifeisun.umich/adversarial_robustness_FNO/2D_NS_FNO2d_recurrent/datasets/exponax_datasets/t20/generalizability/dim2d_nx256_N10_solver=exponax_nu0.000_t20.0_test_ntimepoints21_LogGRF_rq_length_scale0.200_variance0.700_alpha1.000_exp_factor2.500_vmax1_vmin-1_batch0_all_frames.pt
  915. /blue/shiboli.fsu/yifeisun.umich/adversarial_robustness_FNO/2D_NS_FNO2d_recurrent/datasets/exponax_datasets/t20/generalizability/dim2d_nx256_N10_solver=exponax_nu0.000_t20.0_test_ntimepoints21_LogGRF_rq_length_scale0.200_variance0.700_alpha1.000_exp_factor2.500_vmax1_vmin0_batch0_all_frames.pt
  916. /blue/shiboli.fsu/yifeisun.umich/adversarial_robustness_FNO/2D_NS_FNO2d_recurrent/datasets/exponax_datasets/t20/generalizability/dim2d_nx256_N10_solver=exponax_nu0.000_t20.0_test_ntimepoints21_LogGRF_rq_length_scale0.200_variance0.700_alpha1.500_exp_factor2.500_vmax-1_vmin-1.5_batch0_all_frames.pt
  917. /blue/shiboli.fsu/yifeisun.umich/adversarial_robustness_FNO/2D_NS_FNO2d_recurrent/datasets/exponax_datasets/t20/generalizability/dim2d_nx256_N10_solver=exponax_nu0.000_t20.0_test_ntimepoints21_LogGRF_rq_length_scale0.200_variance0.700_alpha1.500_exp_factor2.500_vmax0.4_vmin-0.4_batch0_all_frames.pt
  918. /blue/shiboli.fsu/yifeisun.umich/adversarial_robustness_FNO/2D_NS_FNO2d_recurrent/datasets/exponax_datasets/t20/generalizability/dim2d_nx256_N10_solver=exponax_nu0.000_t20.0_test_ntimepoints21_LogGRF_rq_length_scale0.200_variance0.700_alpha1.500_exp_factor2.500_vmax0_vmin-1_batch0_all_frames.pt
  919. /blue/shiboli.fsu/yifeisun.umich/adversarial_robustness_FNO/2D_NS_FNO2d_recurrent/datasets/exponax_datasets/t20/generalizability/dim2d_nx256_N10_solver=exponax_nu0.000_t20.0_test_ntimepoints21_LogGRF_rq_length_scale0.200_variance0.700_alpha1.500_exp_factor2.500_vmax1.5_vmin1_batch0_all_frames.pt
  920. /blue/shiboli.fsu/yifeisun.umich/adversarial_robustness_FNO/2D_NS_FNO2d_recurrent/datasets/exponax_datasets/t20/generalizability/dim2d_nx256_N10_solver=exponax_nu0.000_t20.0_test_ntimepoints21_LogGRF_rq_length_scale0.200_variance0.700_alpha1.500_exp_factor2.500_vmax1_vmin-1_batch0_all_frames.pt
  921. /blue/shiboli.fsu/yifeisun.umich/adversarial_robustness_FNO/2D_NS_FNO2d_recurrent/datasets/exponax_datasets/t20/generalizability/dim2d_nx256_N10_solver=exponax_nu0.000_t20.0_test_ntimepoints21_LogGRF_rq_length_scale0.200_variance0.700_alpha1.500_exp_factor2.500_vmax1_vmin0_batch0_all_frames.pt
  922. /blue/shiboli.fsu/yifeisun.umich/adversarial_robustness_FNO/2D_NS_FNO2d_recurrent/datasets/exponax_datasets/t20/generalizability/dim2d_nx256_N10_solver=exponax_nu0.000_t20.0_test_ntimepoints21_LogGRF_rq_length_scale0.200_variance0.700_alpha1.700_exp_factor2.500_vmax-1_vmin-1.5_batch0_all_frames.pt
  923. /blue/shiboli.fsu/yifeisun.umich/adversarial_robustness_FNO/2D_NS_FNO2d_recurrent/datasets/exponax_datasets/t20/generalizability/dim2d_nx256_N10_solver=exponax_nu0.000_t20.0_test_ntimepoints21_LogGRF_rq_length_scale0.200_variance0.700_alpha1.700_exp_factor2.500_vmax0.4_vmin-0.4_batch0_all_frames.pt
  924. /blue/shiboli.fsu/yifeisun.umich/adversarial_robustness_FNO/2D_NS_FNO2d_recurrent/datasets/exponax_datasets/t20/generalizability/dim2d_nx256_N10_solver=exponax_nu0.000_t20.0_test_ntimepoints21_LogGRF_rq_length_scale0.200_variance0.700_alpha1.700_exp_factor2.500_vmax0_vmin-1_batch0_all_frames.pt
  925. /blue/shiboli.fsu/yifeisun.umich/adversarial_robustness_FNO/2D_NS_FNO2d_recurrent/datasets/exponax_datasets/t20/generalizability/dim2d_nx256_N10_solver=exponax_nu0.000_t20.0_test_ntimepoints21_LogGRF_rq_length_scale0.200_variance0.700_alpha1.700_exp_factor2.500_vmax1.5_vmin1_batch0_all_frames.pt
  926. /blue/shiboli.fsu/yifeisun.umich/adversarial_robustness_FNO/2D_NS_FNO2d_recurrent/datasets/exponax_datasets/t20/generalizability/dim2d_nx256_N10_solver=exponax_nu0.000_t20.0_test_ntimepoints21_LogGRF_rq_length_scale0.200_variance0.700_alpha1.700_exp_factor2.500_vmax1_vmin-1_batch0_all_frames.pt
  927. /blue/shiboli.fsu/yifeisun.umich/adversarial_robustness_FNO/2D_NS_FNO2d_recurrent/datasets/exponax_datasets/t20/generalizability/dim2d_nx256_N10_solver=exponax_nu0.000_t20.0_test_ntimepoints21_LogGRF_rq_length_scale0.200_variance0.700_alpha1.700_exp_factor2.500_vmax1_vmin0_batch0_all_frames.pt
  928. /blue/shiboli.fsu/yifeisun.umich/adversarial_robustness_FNO/2D_NS_FNO2d_recurrent/datasets/exponax_datasets/t20/generalizability/dim2d_nx256_N10_solver=exponax_nu0.000_t20.0_test_ntimepoints21_LogGRF_rq_length_scale0.200_variance1.000_alpha0.750_exp_factor2.500_vmax-1_vmin-1.5_batch0_all_frames.pt
  929. /blue/shiboli.fsu/yifeisun.umich/adversarial_robustness_FNO/2D_NS_FNO2d_recurrent/datasets/exponax_datasets/t20/generalizability/dim2d_nx256_N10_solver=exponax_nu0.000_t20.0_test_ntimepoints21_LogGRF_rq_length_scale0.200_variance1.000_alpha0.750_exp_factor2.500_vmax0.4_vmin-0.4_batch0_all_frames.pt
  930. /blue/shiboli.fsu/yifeisun.umich/adversarial_robustness_FNO/2D_NS_FNO2d_recurrent/datasets/exponax_datasets/t20/generalizability/dim2d_nx256_N10_solver=exponax_nu0.000_t20.0_test_ntimepoints21_LogGRF_rq_length_scale0.200_variance1.000_alpha0.750_exp_factor2.500_vmax0_vmin-1_batch0_all_frames.pt
  931. /blue/shiboli.fsu/yifeisun.umich/adversarial_robustness_FNO/2D_NS_FNO2d_recurrent/datasets/exponax_datasets/t20/generalizability/dim2d_nx256_N10_solver=exponax_nu0.000_t20.0_test_ntimepoints21_LogGRF_rq_length_scale0.200_variance1.000_alpha0.750_exp_factor2.500_vmax1.5_vmin1_batch0_all_frames.pt
  932. /blue/shiboli.fsu/yifeisun.umich/adversarial_robustness_FNO/2D_NS_FNO2d_recurrent/datasets/exponax_datasets/t20/generalizability/dim2d_nx256_N10_solver=exponax_nu0.000_t20.0_test_ntimepoints21_LogGRF_rq_length_scale0.200_variance1.000_alpha0.750_exp_factor2.500_vmax1_vmin-1_batch0_all_frames.pt
  933. /blue/shiboli.fsu/yifeisun.umich/adversarial_robustness_FNO/2D_NS_FNO2d_recurrent/datasets/exponax_datasets/t20/generalizability/dim2d_nx256_N10_solver=exponax_nu0.000_t20.0_test_ntimepoints21_LogGRF_rq_length_scale0.200_variance1.000_alpha0.750_exp_factor2.500_vmax1_vmin0_batch0_all_frames.pt
  934. /blue/shiboli.fsu/yifeisun.umich/adversarial_robustness_FNO/2D_NS_FNO2d_recurrent/datasets/exponax_datasets/t20/generalizability/dim2d_nx256_N10_solver=exponax_nu0.000_t20.0_test_ntimepoints21_LogGRF_rq_length_scale0.200_variance1.000_alpha1.000_exp_factor2.500_vmax-1_vmin-1.5_batch0_all_frames.pt
  935. /blue/shiboli.fsu/yifeisun.umich/adversarial_robustness_FNO/2D_NS_FNO2d_recurrent/datasets/exponax_datasets/t20/generalizability/dim2d_nx256_N10_solver=exponax_nu0.000_t20.0_test_ntimepoints21_LogGRF_rq_length_scale0.200_variance1.000_alpha1.000_exp_factor2.500_vmax0.4_vmin-0.4_batch0_all_frames.pt
  936. /blue/shiboli.fsu/yifeisun.umich/adversarial_robustness_FNO/2D_NS_FNO2d_recurrent/datasets/exponax_datasets/t20/generalizability/dim2d_nx256_N10_solver=exponax_nu0.000_t20.0_test_ntimepoints21_LogGRF_rq_length_scale0.200_variance1.000_alpha1.000_exp_factor2.500_vmax0_vmin-1_batch0_all_frames.pt
  937. /blue/shiboli.fsu/yifeisun.umich/adversarial_robustness_FNO/2D_NS_FNO2d_recurrent/datasets/exponax_datasets/t20/generalizability/dim2d_nx256_N10_solver=exponax_nu0.000_t20.0_test_ntimepoints21_LogGRF_rq_length_scale0.200_variance1.000_alpha1.000_exp_factor2.500_vmax1.5_vmin1_batch0_all_frames.pt
  938. /blue/shiboli.fsu/yifeisun.umich/adversarial_robustness_FNO/2D_NS_FNO2d_recurrent/datasets/exponax_datasets/t20/generalizability/dim2d_nx256_N10_solver=exponax_nu0.000_t20.0_test_ntimepoints21_LogGRF_rq_length_scale0.200_variance1.000_alpha1.000_exp_factor2.500_vmax1_vmin-1_batch0_all_frames.pt
  939. /blue/shiboli.fsu/yifeisun.umich/adversarial_robustness_FNO/2D_NS_FNO2d_recurrent/datasets/exponax_datasets/t20/generalizability/dim2d_nx256_N10_solver=exponax_nu0.000_t20.0_test_ntimepoints21_LogGRF_rq_length_scale0.200_variance1.000_alpha1.000_exp_factor2.500_vmax1_vmin0_batch0_all_frames.pt
  940. /blue/shiboli.fsu/yifeisun.umich/adversarial_robustness_FNO/2D_NS_FNO2d_recurrent/datasets/exponax_datasets/t20/generalizability/dim2d_nx256_N10_solver=exponax_nu0.000_t20.0_test_ntimepoints21_LogGRF_rq_length_scale0.200_variance1.000_alpha1.500_exp_factor2.500_vmax-1_vmin-1.5_batch0_all_frames.pt
  941. /blue/shiboli.fsu/yifeisun.umich/adversarial_robustness_FNO/2D_NS_FNO2d_recurrent/datasets/exponax_datasets/t20/generalizability/dim2d_nx256_N10_solver=exponax_nu0.000_t20.0_test_ntimepoints21_LogGRF_rq_length_scale0.200_variance1.000_alpha1.500_exp_factor2.500_vmax0.4_vmin-0.4_batch0_all_frames.pt
  942. /blue/shiboli.fsu/yifeisun.umich/adversarial_robustness_FNO/2D_NS_FNO2d_recurrent/datasets/exponax_datasets/t20/generalizability/dim2d_nx256_N10_solver=exponax_nu0.000_t20.0_test_ntimepoints21_LogGRF_rq_length_scale0.200_variance1.000_alpha1.500_exp_factor2.500_vmax0_vmin-1_batch0_all_frames.pt
  943. /blue/shiboli.fsu/yifeisun.umich/adversarial_robustness_FNO/2D_NS_FNO2d_recurrent/datasets/exponax_datasets/t20/generalizability/dim2d_nx256_N10_solver=exponax_nu0.000_t20.0_test_ntimepoints21_LogGRF_rq_length_scale0.200_variance1.000_alpha1.500_exp_factor2.500_vmax1.5_vmin1_batch0_all_frames.pt
  944. /blue/shiboli.fsu/yifeisun.umich/adversarial_robustness_FNO/2D_NS_FNO2d_recurrent/datasets/exponax_datasets/t20/generalizability/dim2d_nx256_N10_solver=exponax_nu0.000_t20.0_test_ntimepoints21_LogGRF_rq_length_scale0.200_variance1.000_alpha1.500_exp_factor2.500_vmax1_vmin-1_batch0_all_frames.pt
  945. /blue/shiboli.fsu/yifeisun.umich/adversarial_robustness_FNO/2D_NS_FNO2d_recurrent/datasets/exponax_datasets/t20/generalizability/dim2d_nx256_N10_solver=exponax_nu0.000_t20.0_test_ntimepoints21_LogGRF_rq_length_scale0.200_variance1.000_alpha1.500_exp_factor2.500_vmax1_vmin0_batch0_all_frames.pt
  946. /blue/shiboli.fsu/yifeisun.umich/adversarial_robustness_FNO/2D_NS_FNO2d_recurrent/datasets/exponax_datasets/t20/generalizability/dim2d_nx256_N10_solver=exponax_nu0.000_t20.0_test_ntimepoints21_LogGRF_rq_length_scale0.200_variance1.000_alpha1.700_exp_factor2.500_vmax-1_vmin-1.5_batch0_all_frames.pt
  947. /blue/shiboli.fsu/yifeisun.umich/adversarial_robustness_FNO/2D_NS_FNO2d_recurrent/datasets/exponax_datasets/t20/generalizability/dim2d_nx256_N10_solver=exponax_nu0.000_t20.0_test_ntimepoints21_LogGRF_rq_length_scale0.200_variance1.000_alpha1.700_exp_factor2.500_vmax0.4_vmin-0.4_batch0_all_frames.pt
  948. /blue/shiboli.fsu/yifeisun.umich/adversarial_robustness_FNO/2D_NS_FNO2d_recurrent/datasets/exponax_datasets/t20/generalizability/dim2d_nx256_N10_solver=exponax_nu0.000_t20.0_test_ntimepoints21_LogGRF_rq_length_scale0.200_variance1.000_alpha1.700_exp_factor2.500_vmax0_vmin-1_batch0_all_frames.pt
  949. /blue/shiboli.fsu/yifeisun.umich/adversarial_robustness_FNO/2D_NS_FNO2d_recurrent/datasets/exponax_datasets/t20/generalizability/dim2d_nx256_N10_solver=exponax_nu0.000_t20.0_test_ntimepoints21_LogGRF_rq_length_scale0.200_variance1.000_alpha1.700_exp_factor2.500_vmax1.5_vmin1_batch0_all_frames.pt
  950. /blue/shiboli.fsu/yifeisun.umich/adversarial_robustness_FNO/2D_NS_FNO2d_recurrent/datasets/exponax_datasets/t20/generalizability/dim2d_nx256_N10_solver=exponax_nu0.000_t20.0_test_ntimepoints21_LogGRF_rq_length_scale0.200_variance1.000_alpha1.700_exp_factor2.500_vmax1_vmin-1_batch0_all_frames.pt
  951. /blue/shiboli.fsu/yifeisun.umich/adversarial_robustness_FNO/2D_NS_FNO2d_recurrent/datasets/exponax_datasets/t20/generalizability/dim2d_nx256_N10_solver=exponax_nu0.000_t20.0_test_ntimepoints21_LogGRF_rq_length_scale0.200_variance1.000_alpha1.700_exp_factor2.500_vmax1_vmin0_batch0_all_frames.pt
  952. /blue/shiboli.fsu/yifeisun.umich/adversarial_robustness_FNO/2D_NS_FNO2d_recurrent/datasets/exponax_datasets/t20/generalizability/dim2d_nx256_N10_solver=exponax_nu0.000_t20.0_test_ntimepoints21_LogGRF_rq_length_scale0.200_variance1.700_alpha0.750_exp_factor2.500_vmax-1_vmin-1.5_batch0_all_frames.pt
  953. /blue/shiboli.fsu/yifeisun.umich/adversarial_robustness_FNO/2D_NS_FNO2d_recurrent/datasets/exponax_datasets/t20/generalizability/dim2d_nx256_N10_solver=exponax_nu0.000_t20.0_test_ntimepoints21_LogGRF_rq_length_scale0.200_variance1.700_alpha0.750_exp_factor2.500_vmax0.4_vmin-0.4_batch0_all_frames.pt
  954. /blue/shiboli.fsu/yifeisun.umich/adversarial_robustness_FNO/2D_NS_FNO2d_recurrent/datasets/exponax_datasets/t20/generalizability/dim2d_nx256_N10_solver=exponax_nu0.000_t20.0_test_ntimepoints21_LogGRF_rq_length_scale0.200_variance1.700_alpha0.750_exp_factor2.500_vmax0_vmin-1_batch0_all_frames.pt
  955. /blue/shiboli.fsu/yifeisun.umich/adversarial_robustness_FNO/2D_NS_FNO2d_recurrent/datasets/exponax_datasets/t20/generalizability/dim2d_nx256_N10_solver=exponax_nu0.000_t20.0_test_ntimepoints21_LogGRF_rq_length_scale0.200_variance1.700_alpha0.750_exp_factor2.500_vmax1.5_vmin1_batch0_all_frames.pt
  956. /blue/shiboli.fsu/yifeisun.umich/adversarial_robustness_FNO/2D_NS_FNO2d_recurrent/datasets/exponax_datasets/t20/generalizability/dim2d_nx256_N10_solver=exponax_nu0.000_t20.0_test_ntimepoints21_LogGRF_rq_length_scale0.200_variance1.700_alpha0.750_exp_factor2.500_vmax1_vmin-1_batch0_all_frames.pt
  957. /blue/shiboli.fsu/yifeisun.umich/adversarial_robustness_FNO/2D_NS_FNO2d_recurrent/datasets/exponax_datasets/t20/generalizability/dim2d_nx256_N10_solver=exponax_nu0.000_t20.0_test_ntimepoints21_LogGRF_rq_length_scale0.200_variance1.700_alpha0.750_exp_factor2.500_vmax1_vmin0_batch0_all_frames.pt
  958. /blue/shiboli.fsu/yifeisun.umich/adversarial_robustness_FNO/2D_NS_FNO2d_recurrent/datasets/exponax_datasets/t20/generalizability/dim2d_nx256_N10_solver=exponax_nu0.000_t20.0_test_ntimepoints21_LogGRF_rq_length_scale0.200_variance1.700_alpha1.000_exp_factor2.500_vmax-1_vmin-1.5_batch0_all_frames.pt
  959. /blue/shiboli.fsu/yifeisun.umich/adversarial_robustness_FNO/2D_NS_FNO2d_recurrent/datasets/exponax_datasets/t20/generalizability/dim2d_nx256_N10_solver=exponax_nu0.000_t20.0_test_ntimepoints21_LogGRF_rq_length_scale0.200_variance1.700_alpha1.000_exp_factor2.500_vmax0.4_vmin-0.4_batch0_all_frames.pt
  960. /blue/shiboli.fsu/yifeisun.umich/adversarial_robustness_FNO/2D_NS_FNO2d_recurrent/datasets/exponax_datasets/t20/generalizability/dim2d_nx256_N10_solver=exponax_nu0.000_t20.0_test_ntimepoints21_LogGRF_rq_length_scale0.200_variance1.700_alpha1.000_exp_factor2.500_vmax0_vmin-1_batch0_all_frames.pt
  961. /blue/shiboli.fsu/yifeisun.umich/adversarial_robustness_FNO/2D_NS_FNO2d_recurrent/datasets/exponax_datasets/t20/generalizability/dim2d_nx256_N10_solver=exponax_nu0.000_t20.0_test_ntimepoints21_LogGRF_rq_length_scale0.200_variance1.700_alpha1.000_exp_factor2.500_vmax1.5_vmin1_batch0_all_frames.pt
  962. /blue/shiboli.fsu/yifeisun.umich/adversarial_robustness_FNO/2D_NS_FNO2d_recurrent/datasets/exponax_datasets/t20/generalizability/dim2d_nx256_N10_solver=exponax_nu0.000_t20.0_test_ntimepoints21_LogGRF_rq_length_scale0.200_variance1.700_alpha1.000_exp_factor2.500_vmax1_vmin-1_batch0_all_frames.pt
  963. /blue/shiboli.fsu/yifeisun.umich/adversarial_robustness_FNO/2D_NS_FNO2d_recurrent/datasets/exponax_datasets/t20/generalizability/dim2d_nx256_N10_solver=exponax_nu0.000_t20.0_test_ntimepoints21_LogGRF_rq_length_scale0.200_variance1.700_alpha1.000_exp_factor2.500_vmax1_vmin0_batch0_all_frames.pt
  964. /blue/shiboli.fsu/yifeisun.umich/adversarial_robustness_FNO/2D_NS_FNO2d_recurrent/datasets/exponax_datasets/t20/generalizability/dim2d_nx256_N10_solver=exponax_nu0.000_t20.0_test_ntimepoints21_LogGRF_rq_length_scale0.200_variance1.700_alpha1.500_exp_factor2.500_vmax-1_vmin-1.5_batch0_all_frames.pt
  965. /blue/shiboli.fsu/yifeisun.umich/adversarial_robustness_FNO/2D_NS_FNO2d_recurrent/datasets/exponax_datasets/t20/generalizability/dim2d_nx256_N10_solver=exponax_nu0.000_t20.0_test_ntimepoints21_LogGRF_rq_length_scale0.200_variance1.700_alpha1.500_exp_factor2.500_vmax0.4_vmin-0.4_batch0_all_frames.pt
  966. /blue/shiboli.fsu/yifeisun.umich/adversarial_robustness_FNO/2D_NS_FNO2d_recurrent/datasets/exponax_datasets/t20/generalizability/dim2d_nx256_N10_solver=exponax_nu0.000_t20.0_test_ntimepoints21_LogGRF_rq_length_scale0.200_variance1.700_alpha1.500_exp_factor2.500_vmax0_vmin-1_batch0_all_frames.pt
  967. /blue/shiboli.fsu/yifeisun.umich/adversarial_robustness_FNO/2D_NS_FNO2d_recurrent/datasets/exponax_datasets/t20/generalizability/dim2d_nx256_N10_solver=exponax_nu0.000_t20.0_test_ntimepoints21_LogGRF_rq_length_scale0.200_variance1.700_alpha1.500_exp_factor2.500_vmax1.5_vmin1_batch0_all_frames.pt
  968. /blue/shiboli.fsu/yifeisun.umich/adversarial_robustness_FNO/2D_NS_FNO2d_recurrent/datasets/exponax_datasets/t20/generalizability/dim2d_nx256_N10_solver=exponax_nu0.000_t20.0_test_ntimepoints21_LogGRF_rq_length_scale0.200_variance1.700_alpha1.500_exp_factor2.500_vmax1_vmin-1_batch0_all_frames.pt
  969. /blue/shiboli.fsu/yifeisun.umich/adversarial_robustness_FNO/2D_NS_FNO2d_recurrent/datasets/exponax_datasets/t20/generalizability/dim2d_nx256_N10_solver=exponax_nu0.000_t20.0_test_ntimepoints21_LogGRF_rq_length_scale0.200_variance1.700_alpha1.500_exp_factor2.500_vmax1_vmin0_batch0_all_frames.pt
  970. /blue/shiboli.fsu/yifeisun.umich/adversarial_robustness_FNO/2D_NS_FNO2d_recurrent/datasets/exponax_datasets/t20/generalizability/dim2d_nx256_N10_solver=exponax_nu0.000_t20.0_test_ntimepoints21_LogGRF_rq_length_scale0.200_variance1.700_alpha1.700_exp_factor2.500_vmax-1_vmin-1.5_batch0_all_frames.pt
  971. /blue/shiboli.fsu/yifeisun.umich/adversarial_robustness_FNO/2D_NS_FNO2d_recurrent/datasets/exponax_datasets/t20/generalizability/dim2d_nx256_N10_solver=exponax_nu0.000_t20.0_test_ntimepoints21_LogGRF_rq_length_scale0.200_variance1.700_alpha1.700_exp_factor2.500_vmax0.4_vmin-0.4_batch0_all_frames.pt
  972. /blue/shiboli.fsu/yifeisun.umich/adversarial_robustness_FNO/2D_NS_FNO2d_recurrent/datasets/exponax_datasets/t20/generalizability/dim2d_nx256_N10_solver=exponax_nu0.000_t20.0_test_ntimepoints21_LogGRF_rq_length_scale0.200_variance1.700_alpha1.700_exp_factor2.500_vmax0_vmin-1_batch0_all_frames.pt
  973. /blue/shiboli.fsu/yifeisun.umich/adversarial_robustness_FNO/2D_NS_FNO2d_recurrent/datasets/exponax_datasets/t20/generalizability/dim2d_nx256_N10_solver=exponax_nu0.000_t20.0_test_ntimepoints21_LogGRF_rq_length_scale0.200_variance1.700_alpha1.700_exp_factor2.500_vmax1.5_vmin1_batch0_all_frames.pt
  974. /blue/shiboli.fsu/yifeisun.umich/adversarial_robustness_FNO/2D_NS_FNO2d_recurrent/datasets/exponax_datasets/t20/generalizability/dim2d_nx256_N10_solver=exponax_nu0.000_t20.0_test_ntimepoints21_LogGRF_rq_length_scale0.200_variance1.700_alpha1.700_exp_factor2.500_vmax1_vmin-1_batch0_all_frames.pt
  975. /blue/shiboli.fsu/yifeisun.umich/adversarial_robustness_FNO/2D_NS_FNO2d_recurrent/datasets/exponax_datasets/t20/generalizability/dim2d_nx256_N10_solver=exponax_nu0.000_t20.0_test_ntimepoints21_LogGRF_rq_length_scale0.200_variance1.700_alpha1.700_exp_factor2.500_vmax1_vmin0_batch0_all_frames.pt
  976. /blue/shiboli.fsu/yifeisun.umich/adversarial_robustness_FNO/2D_NS_FNO2d_recurrent/datasets/exponax_datasets/t20/generalizability/dim2d_nx256_N10_solver=exponax_nu0.000_t20.0_test_ntimepoints21_NegLogGRF_matern_alpha1.500_tau11_exp_factor2.500_vmax-1_vmin-1.5_batch0_all_frames.pt
  977. /blue/shiboli.fsu/yifeisun.umich/adversarial_robustness_FNO/2D_NS_FNO2d_recurrent/datasets/exponax_datasets/t20/generalizability/dim2d_nx256_N10_solver=exponax_nu0.000_t20.0_test_ntimepoints21_NegLogGRF_matern_alpha1.500_tau11_exp_factor2.500_vmax0.4_vmin-0.4_batch0_all_frames.pt
  978. /blue/shiboli.fsu/yifeisun.umich/adversarial_robustness_FNO/2D_NS_FNO2d_recurrent/datasets/exponax_datasets/t20/generalizability/dim2d_nx256_N10_solver=exponax_nu0.000_t20.0_test_ntimepoints21_NegLogGRF_matern_alpha1.500_tau11_exp_factor2.500_vmax0_vmin-1_batch0_all_frames.pt
  979. /blue/shiboli.fsu/yifeisun.umich/adversarial_robustness_FNO/2D_NS_FNO2d_recurrent/datasets/exponax_datasets/t20/generalizability/dim2d_nx256_N10_solver=exponax_nu0.000_t20.0_test_ntimepoints21_NegLogGRF_matern_alpha1.500_tau11_exp_factor2.500_vmax1.5_vmin1_batch0_all_frames.pt
  980. /blue/shiboli.fsu/yifeisun.umich/adversarial_robustness_FNO/2D_NS_FNO2d_recurrent/datasets/exponax_datasets/t20/generalizability/dim2d_nx256_N10_solver=exponax_nu0.000_t20.0_test_ntimepoints21_NegLogGRF_matern_alpha1.500_tau11_exp_factor2.500_vmax1_vmin-1_batch0_all_frames.pt
  981. /blue/shiboli.fsu/yifeisun.umich/adversarial_robustness_FNO/2D_NS_FNO2d_recurrent/datasets/exponax_datasets/t20/generalizability/dim2d_nx256_N10_solver=exponax_nu0.000_t20.0_test_ntimepoints21_NegLogGRF_matern_alpha1.500_tau11_exp_factor2.500_vmax1_vmin0_batch0_all_frames.pt
  982. /blue/shiboli.fsu/yifeisun.umich/adversarial_robustness_FNO/2D_NS_FNO2d_recurrent/datasets/exponax_datasets/t20/generalizability/dim2d_nx256_N10_solver=exponax_nu0.000_t20.0_test_ntimepoints21_NegLogGRF_matern_alpha1.500_tau15_exp_factor2.500_vmax-1_vmin-1.5_batch0_all_frames.pt
  983. /blue/shiboli.fsu/yifeisun.umich/adversarial_robustness_FNO/2D_NS_FNO2d_recurrent/datasets/exponax_datasets/t20/generalizability/dim2d_nx256_N10_solver=exponax_nu0.000_t20.0_test_ntimepoints21_NegLogGRF_matern_alpha1.500_tau15_exp_factor2.500_vmax0.4_vmin-0.4_batch0_all_frames.pt
  984. /blue/shiboli.fsu/yifeisun.umich/adversarial_robustness_FNO/2D_NS_FNO2d_recurrent/datasets/exponax_datasets/t20/generalizability/dim2d_nx256_N10_solver=exponax_nu0.000_t20.0_test_ntimepoints21_NegLogGRF_matern_alpha1.500_tau15_exp_factor2.500_vmax0_vmin-1_batch0_all_frames.pt
  985. /blue/shiboli.fsu/yifeisun.umich/adversarial_robustness_FNO/2D_NS_FNO2d_recurrent/datasets/exponax_datasets/t20/generalizability/dim2d_nx256_N10_solver=exponax_nu0.000_t20.0_test_ntimepoints21_NegLogGRF_matern_alpha1.500_tau15_exp_factor2.500_vmax1.5_vmin1_batch0_all_frames.pt
  986. /blue/shiboli.fsu/yifeisun.umich/adversarial_robustness_FNO/2D_NS_FNO2d_recurrent/datasets/exponax_datasets/t20/generalizability/dim2d_nx256_N10_solver=exponax_nu0.000_t20.0_test_ntimepoints21_NegLogGRF_matern_alpha1.500_tau15_exp_factor2.500_vmax1_vmin-1_batch0_all_frames.pt
  987. /blue/shiboli.fsu/yifeisun.umich/adversarial_robustness_FNO/2D_NS_FNO2d_recurrent/datasets/exponax_datasets/t20/generalizability/dim2d_nx256_N10_solver=exponax_nu0.000_t20.0_test_ntimepoints21_NegLogGRF_matern_alpha1.500_tau15_exp_factor2.500_vmax1_vmin0_batch0_all_frames.pt
  988. /blue/shiboli.fsu/yifeisun.umich/adversarial_robustness_FNO/2D_NS_FNO2d_recurrent/datasets/exponax_datasets/t20/generalizability/dim2d_nx256_N10_solver=exponax_nu0.000_t20.0_test_ntimepoints21_NegLogGRF_matern_alpha1.500_tau1_exp_factor2.500_vmax-1_vmin-1.5_batch0_all_frames.pt
  989. /blue/shiboli.fsu/yifeisun.umich/adversarial_robustness_FNO/2D_NS_FNO2d_recurrent/datasets/exponax_datasets/t20/generalizability/dim2d_nx256_N10_solver=exponax_nu0.000_t20.0_test_ntimepoints21_NegLogGRF_matern_alpha1.500_tau1_exp_factor2.500_vmax0.4_vmin-0.4_batch0_all_frames.pt
  990. /blue/shiboli.fsu/yifeisun.umich/adversarial_robustness_FNO/2D_NS_FNO2d_recurrent/datasets/exponax_datasets/t20/generalizability/dim2d_nx256_N10_solver=exponax_nu0.000_t20.0_test_ntimepoints21_NegLogGRF_matern_alpha1.500_tau1_exp_factor2.500_vmax0_vmin-1_batch0_all_frames.pt
  991. /blue/shiboli.fsu/yifeisun.umich/adversarial_robustness_FNO/2D_NS_FNO2d_recurrent/datasets/exponax_datasets/t20/generalizability/dim2d_nx256_N10_solver=exponax_nu0.000_t20.0_test_ntimepoints21_NegLogGRF_matern_alpha1.500_tau1_exp_factor2.500_vmax1.5_vmin1_batch0_all_frames.pt
  992. /blue/shiboli.fsu/yifeisun.umich/adversarial_robustness_FNO/2D_NS_FNO2d_recurrent/datasets/exponax_datasets/t20/generalizability/dim2d_nx256_N10_solver=exponax_nu0.000_t20.0_test_ntimepoints21_NegLogGRF_matern_alpha1.500_tau1_exp_factor2.500_vmax1_vmin-1_batch0_all_frames.pt
  993. /blue/shiboli.fsu/yifeisun.umich/adversarial_robustness_FNO/2D_NS_FNO2d_recurrent/datasets/exponax_datasets/t20/generalizability/dim2d_nx256_N10_solver=exponax_nu0.000_t20.0_test_ntimepoints21_NegLogGRF_matern_alpha1.500_tau1_exp_factor2.500_vmax1_vmin0_batch0_all_frames.pt
  994. /blue/shiboli.fsu/yifeisun.umich/adversarial_robustness_FNO/2D_NS_FNO2d_recurrent/datasets/exponax_datasets/t20/generalizability/dim2d_nx256_N10_solver=exponax_nu0.000_t20.0_test_ntimepoints21_NegLogGRF_matern_alpha1.500_tau3_exp_factor2.500_vmax-1_vmin-1.5_batch0_all_frames.pt
  995. /blue/shiboli.fsu/yifeisun.umich/adversarial_robustness_FNO/2D_NS_FNO2d_recurrent/datasets/exponax_datasets/t20/generalizability/dim2d_nx256_N10_solver=exponax_nu0.000_t20.0_test_ntimepoints21_NegLogGRF_matern_alpha1.500_tau3_exp_factor2.500_vmax0.4_vmin-0.4_batch0_all_frames.pt
  996. /blue/shiboli.fsu/yifeisun.umich/adversarial_robustness_FNO/2D_NS_FNO2d_recurrent/datasets/exponax_datasets/t20/generalizability/dim2d_nx256_N10_solver=exponax_nu0.000_t20.0_test_ntimepoints21_NegLogGRF_matern_alpha1.500_tau3_exp_factor2.500_vmax0_vmin-1_batch0_all_frames.pt
  997. /blue/shiboli.fsu/yifeisun.umich/adversarial_robustness_FNO/2D_NS_FNO2d_recurrent/datasets/exponax_datasets/t20/generalizability/dim2d_nx256_N10_solver=exponax_nu0.000_t20.0_test_ntimepoints21_NegLogGRF_matern_alpha1.500_tau3_exp_factor2.500_vmax1.5_vmin1_batch0_all_frames.pt
  998. /blue/shiboli.fsu/yifeisun.umich/adversarial_robustness_FNO/2D_NS_FNO2d_recurrent/datasets/exponax_datasets/t20/generalizability/dim2d_nx256_N10_solver=exponax_nu0.000_t20.0_test_ntimepoints21_NegLogGRF_matern_alpha1.500_tau3_exp_factor2.500_vmax1_vmin-1_batch0_all_frames.pt
  999. /blue/shiboli.fsu/yifeisun.umich/adversarial_robustness_FNO/2D_NS_FNO2d_recurrent/datasets/exponax_datasets/t20/generalizability/dim2d_nx256_N10_solver=exponax_nu0.000_t20.0_test_ntimepoints21_NegLogGRF_matern_alpha1.500_tau3_exp_factor2.500_vmax1_vmin0_batch0_all_frames.pt
  1000. /blue/shiboli.fsu/yifeisun.umich/adversarial_robustness_FNO/2D_NS_FNO2d_recurrent/datasets/exponax_datasets/t20/generalizability/dim2d_nx256_N10_solver=exponax_nu0.000_t20.0_test_ntimepoints21_NegLogGRF_matern_alpha1.500_tau7_exp_factor2.500_vmax-1_vmin-1.5_batch0_all_frames.pt
  1001. /blue/shiboli.fsu/yifeisun.umich/adversarial_robustness_FNO/2D_NS_FNO2d_recurrent/datasets/exponax_datasets/t20/generalizability/dim2d_nx256_N10_solver=exponax_nu0.000_t20.0_test_ntimepoints21_NegLogGRF_matern_alpha1.500_tau7_exp_factor2.500_vmax0.4_vmin-0.4_batch0_all_frames.pt
  1002. /blue/shiboli.fsu/yifeisun.umich/adversarial_robustness_FNO/2D_NS_FNO2d_recurrent/datasets/exponax_datasets/t20/generalizability/dim2d_nx256_N10_solver=exponax_nu0.000_t20.0_test_ntimepoints21_NegLogGRF_matern_alpha1.500_tau7_exp_factor2.500_vmax0_vmin-1_batch0_all_frames.pt
  1003. /blue/shiboli.fsu/yifeisun.umich/adversarial_robustness_FNO/2D_NS_FNO2d_recurrent/datasets/exponax_datasets/t20/generalizability/dim2d_nx256_N10_solver=exponax_nu0.000_t20.0_test_ntimepoints21_NegLogGRF_matern_alpha1.500_tau7_exp_factor2.500_vmax1.5_vmin1_batch0_all_frames.pt
  1004. /blue/shiboli.fsu/yifeisun.umich/adversarial_robustness_FNO/2D_NS_FNO2d_recurrent/datasets/exponax_datasets/t20/generalizability/dim2d_nx256_N10_solver=exponax_nu0.000_t20.0_test_ntimepoints21_NegLogGRF_matern_alpha1.500_tau7_exp_factor2.500_vmax1_vmin-1_batch0_all_frames.pt
  1005. /blue/shiboli.fsu/yifeisun.umich/adversarial_robustness_FNO/2D_NS_FNO2d_recurrent/datasets/exponax_datasets/t20/generalizability/dim2d_nx256_N10_solver=exponax_nu0.000_t20.0_test_ntimepoints21_NegLogGRF_matern_alpha1.500_tau7_exp_factor2.500_vmax1_vmin0_batch0_all_frames.pt
  1006. /blue/shiboli.fsu/yifeisun.umich/adversarial_robustness_FNO/2D_NS_FNO2d_recurrent/datasets/exponax_datasets/t20/generalizability/dim2d_nx256_N10_solver=exponax_nu0.000_t20.0_test_ntimepoints21_NegLogGRF_matern_alpha2.500_tau11_exp_factor2.500_vmax-1_vmin-1.5_batch0_all_frames.pt
  1007. /blue/shiboli.fsu/yifeisun.umich/adversarial_robustness_FNO/2D_NS_FNO2d_recurrent/datasets/exponax_datasets/t20/generalizability/dim2d_nx256_N10_solver=exponax_nu0.000_t20.0_test_ntimepoints21_NegLogGRF_matern_alpha2.500_tau11_exp_factor2.500_vmax0.4_vmin-0.4_batch0_all_frames.pt
  1008. /blue/shiboli.fsu/yifeisun.umich/adversarial_robustness_FNO/2D_NS_FNO2d_recurrent/datasets/exponax_datasets/t20/generalizability/dim2d_nx256_N10_solver=exponax_nu0.000_t20.0_test_ntimepoints21_NegLogGRF_matern_alpha2.500_tau11_exp_factor2.500_vmax0_vmin-1_batch0_all_frames.pt
  1009. /blue/shiboli.fsu/yifeisun.umich/adversarial_robustness_FNO/2D_NS_FNO2d_recurrent/datasets/exponax_datasets/t20/generalizability/dim2d_nx256_N10_solver=exponax_nu0.000_t20.0_test_ntimepoints21_NegLogGRF_matern_alpha2.500_tau11_exp_factor2.500_vmax1.5_vmin1_batch0_all_frames.pt
  1010. /blue/shiboli.fsu/yifeisun.umich/adversarial_robustness_FNO/2D_NS_FNO2d_recurrent/datasets/exponax_datasets/t20/generalizability/dim2d_nx256_N10_solver=exponax_nu0.000_t20.0_test_ntimepoints21_NegLogGRF_matern_alpha2.500_tau11_exp_factor2.500_vmax1_vmin-1_batch0_all_frames.pt
  1011. /blue/shiboli.fsu/yifeisun.umich/adversarial_robustness_FNO/2D_NS_FNO2d_recurrent/datasets/exponax_datasets/t20/generalizability/dim2d_nx256_N10_solver=exponax_nu0.000_t20.0_test_ntimepoints21_NegLogGRF_matern_alpha2.500_tau11_exp_factor2.500_vmax1_vmin0_batch0_all_frames.pt
  1012. /blue/shiboli.fsu/yifeisun.umich/adversarial_robustness_FNO/2D_NS_FNO2d_recurrent/datasets/exponax_datasets/t20/generalizability/dim2d_nx256_N10_solver=exponax_nu0.000_t20.0_test_ntimepoints21_NegLogGRF_matern_alpha2.500_tau15_exp_factor2.500_vmax-1_vmin-1.5_batch0_all_frames.pt
  1013. /blue/shiboli.fsu/yifeisun.umich/adversarial_robustness_FNO/2D_NS_FNO2d_recurrent/datasets/exponax_datasets/t20/generalizability/dim2d_nx256_N10_solver=exponax_nu0.000_t20.0_test_ntimepoints21_NegLogGRF_matern_alpha2.500_tau15_exp_factor2.500_vmax0.4_vmin-0.4_batch0_all_frames.pt
  1014. /blue/shiboli.fsu/yifeisun.umich/adversarial_robustness_FNO/2D_NS_FNO2d_recurrent/datasets/exponax_datasets/t20/generalizability/dim2d_nx256_N10_solver=exponax_nu0.000_t20.0_test_ntimepoints21_NegLogGRF_matern_alpha2.500_tau15_exp_factor2.500_vmax0_vmin-1_batch0_all_frames.pt
  1015. /blue/shiboli.fsu/yifeisun.umich/adversarial_robustness_FNO/2D_NS_FNO2d_recurrent/datasets/exponax_datasets/t20/generalizability/dim2d_nx256_N10_solver=exponax_nu0.000_t20.0_test_ntimepoints21_NegLogGRF_matern_alpha2.500_tau15_exp_factor2.500_vmax1.5_vmin1_batch0_all_frames.pt
  1016. /blue/shiboli.fsu/yifeisun.umich/adversarial_robustness_FNO/2D_NS_FNO2d_recurrent/datasets/exponax_datasets/t20/generalizability/dim2d_nx256_N10_solver=exponax_nu0.000_t20.0_test_ntimepoints21_NegLogGRF_matern_alpha2.500_tau15_exp_factor2.500_vmax1_vmin-1_batch0_all_frames.pt
  1017. /blue/shiboli.fsu/yifeisun.umich/adversarial_robustness_FNO/2D_NS_FNO2d_recurrent/datasets/exponax_datasets/t20/generalizability/dim2d_nx256_N10_solver=exponax_nu0.000_t20.0_test_ntimepoints21_NegLogGRF_matern_alpha2.500_tau15_exp_factor2.500_vmax1_vmin0_batch0_all_frames.pt
  1018. /blue/shiboli.fsu/yifeisun.umich/adversarial_robustness_FNO/2D_NS_FNO2d_recurrent/datasets/exponax_datasets/t20/generalizability/dim2d_nx256_N10_solver=exponax_nu0.000_t20.0_test_ntimepoints21_NegLogGRF_matern_alpha2.500_tau1_exp_factor2.500_vmax-1_vmin-1.5_batch0_all_frames.pt
  1019. /blue/shiboli.fsu/yifeisun.umich/adversarial_robustness_FNO/2D_NS_FNO2d_recurrent/datasets/exponax_datasets/t20/generalizability/dim2d_nx256_N10_solver=exponax_nu0.000_t20.0_test_ntimepoints21_NegLogGRF_matern_alpha2.500_tau1_exp_factor2.500_vmax0.4_vmin-0.4_batch0_all_frames.pt
  1020. /blue/shiboli.fsu/yifeisun.umich/adversarial_robustness_FNO/2D_NS_FNO2d_recurrent/datasets/exponax_datasets/t20/generalizability/dim2d_nx256_N10_solver=exponax_nu0.000_t20.0_test_ntimepoints21_NegLogGRF_matern_alpha2.500_tau1_exp_factor2.500_vmax0_vmin-1_batch0_all_frames.pt
  1021. /blue/shiboli.fsu/yifeisun.umich/adversarial_robustness_FNO/2D_NS_FNO2d_recurrent/datasets/exponax_datasets/t20/generalizability/dim2d_nx256_N10_solver=exponax_nu0.000_t20.0_test_ntimepoints21_NegLogGRF_matern_alpha2.500_tau1_exp_factor2.500_vmax1.5_vmin1_batch0_all_frames.pt
  1022. /blue/shiboli.fsu/yifeisun.umich/adversarial_robustness_FNO/2D_NS_FNO2d_recurrent/datasets/exponax_datasets/t20/generalizability/dim2d_nx256_N10_solver=exponax_nu0.000_t20.0_test_ntimepoints21_NegLogGRF_matern_alpha2.500_tau1_exp_factor2.500_vmax1_vmin-1_batch0_all_frames.pt
  1023. /blue/shiboli.fsu/yifeisun.umich/adversarial_robustness_FNO/2D_NS_FNO2d_recurrent/datasets/exponax_datasets/t20/generalizability/dim2d_nx256_N10_solver=exponax_nu0.000_t20.0_test_ntimepoints21_NegLogGRF_matern_alpha2.500_tau1_exp_factor2.500_vmax1_vmin0_batch0_all_frames.pt
  1024. /blue/shiboli.fsu/yifeisun.umich/adversarial_robustness_FNO/2D_NS_FNO2d_recurrent/datasets/exponax_datasets/t20/generalizability/dim2d_nx256_N10_solver=exponax_nu0.000_t20.0_test_ntimepoints21_NegLogGRF_matern_alpha2.500_tau3_exp_factor2.500_vmax-1_vmin-1.5_batch0_all_frames.pt
  1025. /blue/shiboli.fsu/yifeisun.umich/adversarial_robustness_FNO/2D_NS_FNO2d_recurrent/datasets/exponax_datasets/t20/generalizability/dim2d_nx256_N10_solver=exponax_nu0.000_t20.0_test_ntimepoints21_NegLogGRF_matern_alpha2.500_tau3_exp_factor2.500_vmax0.4_vmin-0.4_batch0_all_frames.pt
  1026. /blue/shiboli.fsu/yifeisun.umich/adversarial_robustness_FNO/2D_NS_FNO2d_recurrent/datasets/exponax_datasets/t20/generalizability/dim2d_nx256_N10_solver=exponax_nu0.000_t20.0_test_ntimepoints21_NegLogGRF_matern_alpha2.500_tau3_exp_factor2.500_vmax0_vmin-1_batch0_all_frames.pt
  1027. /blue/shiboli.fsu/yifeisun.umich/adversarial_robustness_FNO/2D_NS_FNO2d_recurrent/datasets/exponax_datasets/t20/generalizability/dim2d_nx256_N10_solver=exponax_nu0.000_t20.0_test_ntimepoints21_NegLogGRF_matern_alpha2.500_tau3_exp_factor2.500_vmax1.5_vmin1_batch0_all_frames.pt
  1028. /blue/shiboli.fsu/yifeisun.umich/adversarial_robustness_FNO/2D_NS_FNO2d_recurrent/datasets/exponax_datasets/t20/generalizability/dim2d_nx256_N10_solver=exponax_nu0.000_t20.0_test_ntimepoints21_NegLogGRF_matern_alpha2.500_tau3_exp_factor2.500_vmax1_vmin-1_batch0_all_frames.pt
  1029. /blue/shiboli.fsu/yifeisun.umich/adversarial_robustness_FNO/2D_NS_FNO2d_recurrent/datasets/exponax_datasets/t20/generalizability/dim2d_nx256_N10_solver=exponax_nu0.000_t20.0_test_ntimepoints21_NegLogGRF_matern_alpha2.500_tau3_exp_factor2.500_vmax1_vmin0_batch0_all_frames.pt
  1030. /blue/shiboli.fsu/yifeisun.umich/adversarial_robustness_FNO/2D_NS_FNO2d_recurrent/datasets/exponax_datasets/t20/generalizability/dim2d_nx256_N10_solver=exponax_nu0.000_t20.0_test_ntimepoints21_NegLogGRF_matern_alpha2.500_tau7_exp_factor2.500_vmax-1_vmin-1.5_batch0_all_frames.pt
  1031. /blue/shiboli.fsu/yifeisun.umich/adversarial_robustness_FNO/2D_NS_FNO2d_recurrent/datasets/exponax_datasets/t20/generalizability/dim2d_nx256_N10_solver=exponax_nu0.000_t20.0_test_ntimepoints21_NegLogGRF_matern_alpha2.500_tau7_exp_factor2.500_vmax0.4_vmin-0.4_batch0_all_frames.pt
  1032. /blue/shiboli.fsu/yifeisun.umich/adversarial_robustness_FNO/2D_NS_FNO2d_recurrent/datasets/exponax_datasets/t20/generalizability/dim2d_nx256_N10_solver=exponax_nu0.000_t20.0_test_ntimepoints21_NegLogGRF_matern_alpha2.500_tau7_exp_factor2.500_vmax0_vmin-1_batch0_all_frames.pt
  1033. /blue/shiboli.fsu/yifeisun.umich/adversarial_robustness_FNO/2D_NS_FNO2d_recurrent/datasets/exponax_datasets/t20/generalizability/dim2d_nx256_N10_solver=exponax_nu0.000_t20.0_test_ntimepoints21_NegLogGRF_matern_alpha2.500_tau7_exp_factor2.500_vmax1.5_vmin1_batch0_all_frames.pt
  1034. /blue/shiboli.fsu/yifeisun.umich/adversarial_robustness_FNO/2D_NS_FNO2d_recurrent/datasets/exponax_datasets/t20/generalizability/dim2d_nx256_N10_solver=exponax_nu0.000_t20.0_test_ntimepoints21_NegLogGRF_matern_alpha2.500_tau7_exp_factor2.500_vmax1_vmin-1_batch0_all_frames.pt
  1035. /blue/shiboli.fsu/yifeisun.umich/adversarial_robustness_FNO/2D_NS_FNO2d_recurrent/datasets/exponax_datasets/t20/generalizability/dim2d_nx256_N10_solver=exponax_nu0.000_t20.0_test_ntimepoints21_NegLogGRF_matern_alpha2.500_tau7_exp_factor2.500_vmax1_vmin0_batch0_all_frames.pt
  1036. /blue/shiboli.fsu/yifeisun.umich/adversarial_robustness_FNO/2D_NS_FNO2d_recurrent/datasets/exponax_datasets/t20/generalizability/dim2d_nx256_N10_solver=exponax_nu0.000_t20.0_test_ntimepoints21_NegLogGRF_matern_alpha2_tau11_exp_factor2.500_vmax-1_vmin-1.5_batch0_all_frames.pt
  1037. /blue/shiboli.fsu/yifeisun.umich/adversarial_robustness_FNO/2D_NS_FNO2d_recurrent/datasets/exponax_datasets/t20/generalizability/dim2d_nx256_N10_solver=exponax_nu0.000_t20.0_test_ntimepoints21_NegLogGRF_matern_alpha2_tau11_exp_factor2.500_vmax0.4_vmin-0.4_batch0_all_frames.pt
  1038. /blue/shiboli.fsu/yifeisun.umich/adversarial_robustness_FNO/2D_NS_FNO2d_recurrent/datasets/exponax_datasets/t20/generalizability/dim2d_nx256_N10_solver=exponax_nu0.000_t20.0_test_ntimepoints21_NegLogGRF_matern_alpha2_tau11_exp_factor2.500_vmax0_vmin-1_batch0_all_frames.pt
  1039. /blue/shiboli.fsu/yifeisun.umich/adversarial_robustness_FNO/2D_NS_FNO2d_recurrent/datasets/exponax_datasets/t20/generalizability/dim2d_nx256_N10_solver=exponax_nu0.000_t20.0_test_ntimepoints21_NegLogGRF_matern_alpha2_tau11_exp_factor2.500_vmax1.5_vmin1_batch0_all_frames.pt
  1040. /blue/shiboli.fsu/yifeisun.umich/adversarial_robustness_FNO/2D_NS_FNO2d_recurrent/datasets/exponax_datasets/t20/generalizability/dim2d_nx256_N10_solver=exponax_nu0.000_t20.0_test_ntimepoints21_NegLogGRF_matern_alpha2_tau11_exp_factor2.500_vmax1_vmin-1_batch0_all_frames.pt
  1041. /blue/shiboli.fsu/yifeisun.umich/adversarial_robustness_FNO/2D_NS_FNO2d_recurrent/datasets/exponax_datasets/t20/generalizability/dim2d_nx256_N10_solver=exponax_nu0.000_t20.0_test_ntimepoints21_NegLogGRF_matern_alpha2_tau11_exp_factor2.500_vmax1_vmin0_batch0_all_frames.pt
  1042. /blue/shiboli.fsu/yifeisun.umich/adversarial_robustness_FNO/2D_NS_FNO2d_recurrent/datasets/exponax_datasets/t20/generalizability/dim2d_nx256_N10_solver=exponax_nu0.000_t20.0_test_ntimepoints21_NegLogGRF_matern_alpha2_tau15_exp_factor2.500_vmax-1_vmin-1.5_batch0_all_frames.pt
  1043. /blue/shiboli.fsu/yifeisun.umich/adversarial_robustness_FNO/2D_NS_FNO2d_recurrent/datasets/exponax_datasets/t20/generalizability/dim2d_nx256_N10_solver=exponax_nu0.000_t20.0_test_ntimepoints21_NegLogGRF_matern_alpha2_tau15_exp_factor2.500_vmax0.4_vmin-0.4_batch0_all_frames.pt
  1044. /blue/shiboli.fsu/yifeisun.umich/adversarial_robustness_FNO/2D_NS_FNO2d_recurrent/datasets/exponax_datasets/t20/generalizability/dim2d_nx256_N10_solver=exponax_nu0.000_t20.0_test_ntimepoints21_NegLogGRF_matern_alpha2_tau15_exp_factor2.500_vmax0_vmin-1_batch0_all_frames.pt
  1045. /blue/shiboli.fsu/yifeisun.umich/adversarial_robustness_FNO/2D_NS_FNO2d_recurrent/datasets/exponax_datasets/t20/generalizability/dim2d_nx256_N10_solver=exponax_nu0.000_t20.0_test_ntimepoints21_NegLogGRF_matern_alpha2_tau15_exp_factor2.500_vmax1.5_vmin1_batch0_all_frames.pt
  1046. /blue/shiboli.fsu/yifeisun.umich/adversarial_robustness_FNO/2D_NS_FNO2d_recurrent/datasets/exponax_datasets/t20/generalizability/dim2d_nx256_N10_solver=exponax_nu0.000_t20.0_test_ntimepoints21_NegLogGRF_matern_alpha2_tau15_exp_factor2.500_vmax1_vmin-1_batch0_all_frames.pt
  1047. /blue/shiboli.fsu/yifeisun.umich/adversarial_robustness_FNO/2D_NS_FNO2d_recurrent/datasets/exponax_datasets/t20/generalizability/dim2d_nx256_N10_solver=exponax_nu0.000_t20.0_test_ntimepoints21_NegLogGRF_matern_alpha2_tau15_exp_factor2.500_vmax1_vmin0_batch0_all_frames.pt
  1048. /blue/shiboli.fsu/yifeisun.umich/adversarial_robustness_FNO/2D_NS_FNO2d_recurrent/datasets/exponax_datasets/t20/generalizability/dim2d_nx256_N10_solver=exponax_nu0.000_t20.0_test_ntimepoints21_NegLogGRF_matern_alpha2_tau1_exp_factor2.500_vmax-1_vmin-1.5_batch0_all_frames.pt
  1049. /blue/shiboli.fsu/yifeisun.umich/adversarial_robustness_FNO/2D_NS_FNO2d_recurrent/datasets/exponax_datasets/t20/generalizability/dim2d_nx256_N10_solver=exponax_nu0.000_t20.0_test_ntimepoints21_NegLogGRF_matern_alpha2_tau1_exp_factor2.500_vmax0.4_vmin-0.4_batch0_all_frames.pt
  1050. /blue/shiboli.fsu/yifeisun.umich/adversarial_robustness_FNO/2D_NS_FNO2d_recurrent/datasets/exponax_datasets/t20/generalizability/dim2d_nx256_N10_solver=exponax_nu0.000_t20.0_test_ntimepoints21_NegLogGRF_matern_alpha2_tau1_exp_factor2.500_vmax0_vmin-1_batch0_all_frames.pt
  1051. /blue/shiboli.fsu/yifeisun.umich/adversarial_robustness_FNO/2D_NS_FNO2d_recurrent/datasets/exponax_datasets/t20/generalizability/dim2d_nx256_N10_solver=exponax_nu0.000_t20.0_test_ntimepoints21_NegLogGRF_matern_alpha2_tau1_exp_factor2.500_vmax1.5_vmin1_batch0_all_frames.pt
  1052. /blue/shiboli.fsu/yifeisun.umich/adversarial_robustness_FNO/2D_NS_FNO2d_recurrent/datasets/exponax_datasets/t20/generalizability/dim2d_nx256_N10_solver=exponax_nu0.000_t20.0_test_ntimepoints21_NegLogGRF_matern_alpha2_tau1_exp_factor2.500_vmax1_vmin-1_batch0_all_frames.pt
  1053. /blue/shiboli.fsu/yifeisun.umich/adversarial_robustness_FNO/2D_NS_FNO2d_recurrent/datasets/exponax_datasets/t20/generalizability/dim2d_nx256_N10_solver=exponax_nu0.000_t20.0_test_ntimepoints21_NegLogGRF_matern_alpha2_tau1_exp_factor2.500_vmax1_vmin0_batch0_all_frames.pt
  1054. /blue/shiboli.fsu/yifeisun.umich/adversarial_robustness_FNO/2D_NS_FNO2d_recurrent/datasets/exponax_datasets/t20/generalizability/dim2d_nx256_N10_solver=exponax_nu0.000_t20.0_test_ntimepoints21_NegLogGRF_matern_alpha2_tau3_exp_factor2.500_vmax-1_vmin-1.5_batch0_all_frames.pt
  1055. /blue/shiboli.fsu/yifeisun.umich/adversarial_robustness_FNO/2D_NS_FNO2d_recurrent/datasets/exponax_datasets/t20/generalizability/dim2d_nx256_N10_solver=exponax_nu0.000_t20.0_test_ntimepoints21_NegLogGRF_matern_alpha2_tau3_exp_factor2.500_vmax0.4_vmin-0.4_batch0_all_frames.pt
  1056. /blue/shiboli.fsu/yifeisun.umich/adversarial_robustness_FNO/2D_NS_FNO2d_recurrent/datasets/exponax_datasets/t20/generalizability/dim2d_nx256_N10_solver=exponax_nu0.000_t20.0_test_ntimepoints21_NegLogGRF_matern_alpha2_tau3_exp_factor2.500_vmax0_vmin-1_batch0_all_frames.pt
  1057. /blue/shiboli.fsu/yifeisun.umich/adversarial_robustness_FNO/2D_NS_FNO2d_recurrent/datasets/exponax_datasets/t20/generalizability/dim2d_nx256_N10_solver=exponax_nu0.000_t20.0_test_ntimepoints21_NegLogGRF_matern_alpha2_tau3_exp_factor2.500_vmax1.5_vmin1_batch0_all_frames.pt
  1058. /blue/shiboli.fsu/yifeisun.umich/adversarial_robustness_FNO/2D_NS_FNO2d_recurrent/datasets/exponax_datasets/t20/generalizability/dim2d_nx256_N10_solver=exponax_nu0.000_t20.0_test_ntimepoints21_NegLogGRF_matern_alpha2_tau3_exp_factor2.500_vmax1_vmin-1_batch0_all_frames.pt
  1059. /blue/shiboli.fsu/yifeisun.umich/adversarial_robustness_FNO/2D_NS_FNO2d_recurrent/datasets/exponax_datasets/t20/generalizability/dim2d_nx256_N10_solver=exponax_nu0.000_t20.0_test_ntimepoints21_NegLogGRF_matern_alpha2_tau3_exp_factor2.500_vmax1_vmin0_batch0_all_frames.pt
  1060. /blue/shiboli.fsu/yifeisun.umich/adversarial_robustness_FNO/2D_NS_FNO2d_recurrent/datasets/exponax_datasets/t20/generalizability/dim2d_nx256_N10_solver=exponax_nu0.000_t20.0_test_ntimepoints21_NegLogGRF_matern_alpha2_tau7_exp_factor2.500_vmax-1_vmin-1.5_batch0_all_frames.pt
  1061. /blue/shiboli.fsu/yifeisun.umich/adversarial_robustness_FNO/2D_NS_FNO2d_recurrent/datasets/exponax_datasets/t20/generalizability/dim2d_nx256_N10_solver=exponax_nu0.000_t20.0_test_ntimepoints21_NegLogGRF_matern_alpha2_tau7_exp_factor2.500_vmax0.4_vmin-0.4_batch0_all_frames.pt
  1062. /blue/shiboli.fsu/yifeisun.umich/adversarial_robustness_FNO/2D_NS_FNO2d_recurrent/datasets/exponax_datasets/t20/generalizability/dim2d_nx256_N10_solver=exponax_nu0.000_t20.0_test_ntimepoints21_NegLogGRF_matern_alpha2_tau7_exp_factor2.500_vmax0_vmin-1_batch0_all_frames.pt
  1063. /blue/shiboli.fsu/yifeisun.umich/adversarial_robustness_FNO/2D_NS_FNO2d_recurrent/datasets/exponax_datasets/t20/generalizability/dim2d_nx256_N10_solver=exponax_nu0.000_t20.0_test_ntimepoints21_NegLogGRF_matern_alpha2_tau7_exp_factor2.500_vmax1.5_vmin1_batch0_all_frames.pt
  1064. /blue/shiboli.fsu/yifeisun.umich/adversarial_robustness_FNO/2D_NS_FNO2d_recurrent/datasets/exponax_datasets/t20/generalizability/dim2d_nx256_N10_solver=exponax_nu0.000_t20.0_test_ntimepoints21_NegLogGRF_matern_alpha2_tau7_exp_factor2.500_vmax1_vmin-1_batch0_all_frames.pt
  1065. /blue/shiboli.fsu/yifeisun.umich/adversarial_robustness_FNO/2D_NS_FNO2d_recurrent/datasets/exponax_datasets/t20/generalizability/dim2d_nx256_N10_solver=exponax_nu0.000_t20.0_test_ntimepoints21_NegLogGRF_matern_alpha2_tau7_exp_factor2.500_vmax1_vmin0_batch0_all_frames.pt
  1066. /blue/shiboli.fsu/yifeisun.umich/adversarial_robustness_FNO/2D_NS_FNO2d_recurrent/datasets/exponax_datasets/t20/generalizability/dim2d_nx256_N10_solver=exponax_nu0.000_t20.0_test_ntimepoints21_NegLogGRF_matern_alpha3.500_tau11_exp_factor2.500_vmax-1_vmin-1.5_batch0_all_frames.pt
  1067. /blue/shiboli.fsu/yifeisun.umich/adversarial_robustness_FNO/2D_NS_FNO2d_recurrent/datasets/exponax_datasets/t20/generalizability/dim2d_nx256_N10_solver=exponax_nu0.000_t20.0_test_ntimepoints21_NegLogGRF_matern_alpha3.500_tau11_exp_factor2.500_vmax0.4_vmin-0.4_batch0_all_frames.pt
  1068. /blue/shiboli.fsu/yifeisun.umich/adversarial_robustness_FNO/2D_NS_FNO2d_recurrent/datasets/exponax_datasets/t20/generalizability/dim2d_nx256_N10_solver=exponax_nu0.000_t20.0_test_ntimepoints21_NegLogGRF_matern_alpha3.500_tau11_exp_factor2.500_vmax0_vmin-1_batch0_all_frames.pt
  1069. /blue/shiboli.fsu/yifeisun.umich/adversarial_robustness_FNO/2D_NS_FNO2d_recurrent/datasets/exponax_datasets/t20/generalizability/dim2d_nx256_N10_solver=exponax_nu0.000_t20.0_test_ntimepoints21_NegLogGRF_matern_alpha3.500_tau11_exp_factor2.500_vmax1.5_vmin1_batch0_all_frames.pt
  1070. /blue/shiboli.fsu/yifeisun.umich/adversarial_robustness_FNO/2D_NS_FNO2d_recurrent/datasets/exponax_datasets/t20/generalizability/dim2d_nx256_N10_solver=exponax_nu0.000_t20.0_test_ntimepoints21_NegLogGRF_matern_alpha3.500_tau11_exp_factor2.500_vmax1_vmin-1_batch0_all_frames.pt
  1071. /blue/shiboli.fsu/yifeisun.umich/adversarial_robustness_FNO/2D_NS_FNO2d_recurrent/datasets/exponax_datasets/t20/generalizability/dim2d_nx256_N10_solver=exponax_nu0.000_t20.0_test_ntimepoints21_NegLogGRF_matern_alpha3.500_tau11_exp_factor2.500_vmax1_vmin0_batch0_all_frames.pt
  1072. /blue/shiboli.fsu/yifeisun.umich/adversarial_robustness_FNO/2D_NS_FNO2d_recurrent/datasets/exponax_datasets/t20/generalizability/dim2d_nx256_N10_solver=exponax_nu0.000_t20.0_test_ntimepoints21_NegLogGRF_matern_alpha3.500_tau15_exp_factor2.500_vmax-1_vmin-1.5_batch0_all_frames.pt
  1073. /blue/shiboli.fsu/yifeisun.umich/adversarial_robustness_FNO/2D_NS_FNO2d_recurrent/datasets/exponax_datasets/t20/generalizability/dim2d_nx256_N10_solver=exponax_nu0.000_t20.0_test_ntimepoints21_NegLogGRF_matern_alpha3.500_tau15_exp_factor2.500_vmax0.4_vmin-0.4_batch0_all_frames.pt
  1074. /blue/shiboli.fsu/yifeisun.umich/adversarial_robustness_FNO/2D_NS_FNO2d_recurrent/datasets/exponax_datasets/t20/generalizability/dim2d_nx256_N10_solver=exponax_nu0.000_t20.0_test_ntimepoints21_NegLogGRF_matern_alpha3.500_tau15_exp_factor2.500_vmax0_vmin-1_batch0_all_frames.pt
  1075. /blue/shiboli.fsu/yifeisun.umich/adversarial_robustness_FNO/2D_NS_FNO2d_recurrent/datasets/exponax_datasets/t20/generalizability/dim2d_nx256_N10_solver=exponax_nu0.000_t20.0_test_ntimepoints21_NegLogGRF_matern_alpha3.500_tau15_exp_factor2.500_vmax1.5_vmin1_batch0_all_frames.pt
  1076. /blue/shiboli.fsu/yifeisun.umich/adversarial_robustness_FNO/2D_NS_FNO2d_recurrent/datasets/exponax_datasets/t20/generalizability/dim2d_nx256_N10_solver=exponax_nu0.000_t20.0_test_ntimepoints21_NegLogGRF_matern_alpha3.500_tau15_exp_factor2.500_vmax1_vmin-1_batch0_all_frames.pt
  1077. /blue/shiboli.fsu/yifeisun.umich/adversarial_robustness_FNO/2D_NS_FNO2d_recurrent/datasets/exponax_datasets/t20/generalizability/dim2d_nx256_N10_solver=exponax_nu0.000_t20.0_test_ntimepoints21_NegLogGRF_matern_alpha3.500_tau15_exp_factor2.500_vmax1_vmin0_batch0_all_frames.pt
  1078. /blue/shiboli.fsu/yifeisun.umich/adversarial_robustness_FNO/2D_NS_FNO2d_recurrent/datasets/exponax_datasets/t20/generalizability/dim2d_nx256_N10_solver=exponax_nu0.000_t20.0_test_ntimepoints21_NegLogGRF_matern_alpha3.500_tau1_exp_factor2.500_vmax-1_vmin-1.5_batch0_all_frames.pt
  1079. /blue/shiboli.fsu/yifeisun.umich/adversarial_robustness_FNO/2D_NS_FNO2d_recurrent/datasets/exponax_datasets/t20/generalizability/dim2d_nx256_N10_solver=exponax_nu0.000_t20.0_test_ntimepoints21_NegLogGRF_matern_alpha3.500_tau1_exp_factor2.500_vmax0.4_vmin-0.4_batch0_all_frames.pt
  1080. /blue/shiboli.fsu/yifeisun.umich/adversarial_robustness_FNO/2D_NS_FNO2d_recurrent/datasets/exponax_datasets/t20/generalizability/dim2d_nx256_N10_solver=exponax_nu0.000_t20.0_test_ntimepoints21_NegLogGRF_matern_alpha3.500_tau1_exp_factor2.500_vmax0_vmin-1_batch0_all_frames.pt
  1081. /blue/shiboli.fsu/yifeisun.umich/adversarial_robustness_FNO/2D_NS_FNO2d_recurrent/datasets/exponax_datasets/t20/generalizability/dim2d_nx256_N10_solver=exponax_nu0.000_t20.0_test_ntimepoints21_NegLogGRF_matern_alpha3.500_tau1_exp_factor2.500_vmax1.5_vmin1_batch0_all_frames.pt
  1082. /blue/shiboli.fsu/yifeisun.umich/adversarial_robustness_FNO/2D_NS_FNO2d_recurrent/datasets/exponax_datasets/t20/generalizability/dim2d_nx256_N10_solver=exponax_nu0.000_t20.0_test_ntimepoints21_NegLogGRF_matern_alpha3.500_tau1_exp_factor2.500_vmax1_vmin-1_batch0_all_frames.pt
  1083. /blue/shiboli.fsu/yifeisun.umich/adversarial_robustness_FNO/2D_NS_FNO2d_recurrent/datasets/exponax_datasets/t20/generalizability/dim2d_nx256_N10_solver=exponax_nu0.000_t20.0_test_ntimepoints21_NegLogGRF_matern_alpha3.500_tau1_exp_factor2.500_vmax1_vmin0_batch0_all_frames.pt
  1084. /blue/shiboli.fsu/yifeisun.umich/adversarial_robustness_FNO/2D_NS_FNO2d_recurrent/datasets/exponax_datasets/t20/generalizability/dim2d_nx256_N10_solver=exponax_nu0.000_t20.0_test_ntimepoints21_NegLogGRF_matern_alpha3.500_tau3_exp_factor2.500_vmax-1_vmin-1.5_batch0_all_frames.pt
  1085. /blue/shiboli.fsu/yifeisun.umich/adversarial_robustness_FNO/2D_NS_FNO2d_recurrent/datasets/exponax_datasets/t20/generalizability/dim2d_nx256_N10_solver=exponax_nu0.000_t20.0_test_ntimepoints21_NegLogGRF_matern_alpha3.500_tau3_exp_factor2.500_vmax0.4_vmin-0.4_batch0_all_frames.pt
  1086. /blue/shiboli.fsu/yifeisun.umich/adversarial_robustness_FNO/2D_NS_FNO2d_recurrent/datasets/exponax_datasets/t20/generalizability/dim2d_nx256_N10_solver=exponax_nu0.000_t20.0_test_ntimepoints21_NegLogGRF_matern_alpha3.500_tau3_exp_factor2.500_vmax0_vmin-1_batch0_all_frames.pt
  1087. /blue/shiboli.fsu/yifeisun.umich/adversarial_robustness_FNO/2D_NS_FNO2d_recurrent/datasets/exponax_datasets/t20/generalizability/dim2d_nx256_N10_solver=exponax_nu0.000_t20.0_test_ntimepoints21_NegLogGRF_matern_alpha3.500_tau3_exp_factor2.500_vmax1.5_vmin1_batch0_all_frames.pt
  1088. /blue/shiboli.fsu/yifeisun.umich/adversarial_robustness_FNO/2D_NS_FNO2d_recurrent/datasets/exponax_datasets/t20/generalizability/dim2d_nx256_N10_solver=exponax_nu0.000_t20.0_test_ntimepoints21_NegLogGRF_matern_alpha3.500_tau3_exp_factor2.500_vmax1_vmin-1_batch0_all_frames.pt
  1089. /blue/shiboli.fsu/yifeisun.umich/adversarial_robustness_FNO/2D_NS_FNO2d_recurrent/datasets/exponax_datasets/t20/generalizability/dim2d_nx256_N10_solver=exponax_nu0.000_t20.0_test_ntimepoints21_NegLogGRF_matern_alpha3.500_tau3_exp_factor2.500_vmax1_vmin0_batch0_all_frames.pt
  1090. /blue/shiboli.fsu/yifeisun.umich/adversarial_robustness_FNO/2D_NS_FNO2d_recurrent/datasets/exponax_datasets/t20/generalizability/dim2d_nx256_N10_solver=exponax_nu0.000_t20.0_test_ntimepoints21_NegLogGRF_matern_alpha3.500_tau7_exp_factor2.500_vmax-1_vmin-1.5_batch0_all_frames.pt
  1091. /blue/shiboli.fsu/yifeisun.umich/adversarial_robustness_FNO/2D_NS_FNO2d_recurrent/datasets/exponax_datasets/t20/generalizability/dim2d_nx256_N10_solver=exponax_nu0.000_t20.0_test_ntimepoints21_NegLogGRF_matern_alpha3.500_tau7_exp_factor2.500_vmax0.4_vmin-0.4_batch0_all_frames.pt
  1092. /blue/shiboli.fsu/yifeisun.umich/adversarial_robustness_FNO/2D_NS_FNO2d_recurrent/datasets/exponax_datasets/t20/generalizability/dim2d_nx256_N10_solver=exponax_nu0.000_t20.0_test_ntimepoints21_NegLogGRF_matern_alpha3.500_tau7_exp_factor2.500_vmax0_vmin-1_batch0_all_frames.pt
  1093. /blue/shiboli.fsu/yifeisun.umich/adversarial_robustness_FNO/2D_NS_FNO2d_recurrent/datasets/exponax_datasets/t20/generalizability/dim2d_nx256_N10_solver=exponax_nu0.000_t20.0_test_ntimepoints21_NegLogGRF_matern_alpha3.500_tau7_exp_factor2.500_vmax1.5_vmin1_batch0_all_frames.pt
  1094. /blue/shiboli.fsu/yifeisun.umich/adversarial_robustness_FNO/2D_NS_FNO2d_recurrent/datasets/exponax_datasets/t20/generalizability/dim2d_nx256_N10_solver=exponax_nu0.000_t20.0_test_ntimepoints21_NegLogGRF_matern_alpha3.500_tau7_exp_factor2.500_vmax1_vmin-1_batch0_all_frames.pt
  1095. /blue/shiboli.fsu/yifeisun.umich/adversarial_robustness_FNO/2D_NS_FNO2d_recurrent/datasets/exponax_datasets/t20/generalizability/dim2d_nx256_N10_solver=exponax_nu0.000_t20.0_test_ntimepoints21_NegLogGRF_matern_alpha3.500_tau7_exp_factor2.500_vmax1_vmin0_batch0_all_frames.pt
  1096. /blue/shiboli.fsu/yifeisun.umich/adversarial_robustness_FNO/2D_NS_FNO2d_recurrent/datasets/exponax_datasets/t20/generalizability/dim2d_nx256_N10_solver=exponax_nu0.000_t20.0_test_ntimepoints21_NegLogGRF_periodic_length_scale40_period0.050_exp_factor2.500_vmax-1_vmin-1.5_batch0_all_frames.pt
  1097. /blue/shiboli.fsu/yifeisun.umich/adversarial_robustness_FNO/2D_NS_FNO2d_recurrent/datasets/exponax_datasets/t20/generalizability/dim2d_nx256_N10_solver=exponax_nu0.000_t20.0_test_ntimepoints21_NegLogGRF_periodic_length_scale40_period0.050_exp_factor2.500_vmax0.4_vmin-0.4_batch0_all_frames.pt
  1098. /blue/shiboli.fsu/yifeisun.umich/adversarial_robustness_FNO/2D_NS_FNO2d_recurrent/datasets/exponax_datasets/t20/generalizability/dim2d_nx256_N10_solver=exponax_nu0.000_t20.0_test_ntimepoints21_NegLogGRF_periodic_length_scale40_period0.050_exp_factor2.500_vmax0_vmin-1_batch0_all_frames.pt
  1099. /blue/shiboli.fsu/yifeisun.umich/adversarial_robustness_FNO/2D_NS_FNO2d_recurrent/datasets/exponax_datasets/t20/generalizability/dim2d_nx256_N10_solver=exponax_nu0.000_t20.0_test_ntimepoints21_NegLogGRF_periodic_length_scale40_period0.050_exp_factor2.500_vmax1.5_vmin1_batch0_all_frames.pt
  1100. /blue/shiboli.fsu/yifeisun.umich/adversarial_robustness_FNO/2D_NS_FNO2d_recurrent/datasets/exponax_datasets/t20/generalizability/dim2d_nx256_N10_solver=exponax_nu0.000_t20.0_test_ntimepoints21_NegLogGRF_periodic_length_scale40_period0.050_exp_factor2.500_vmax1_vmin-1_batch0_all_frames.pt
  1101. /blue/shiboli.fsu/yifeisun.umich/adversarial_robustness_FNO/2D_NS_FNO2d_recurrent/datasets/exponax_datasets/t20/generalizability/dim2d_nx256_N10_solver=exponax_nu0.000_t20.0_test_ntimepoints21_NegLogGRF_periodic_length_scale40_period0.050_exp_factor2.500_vmax1_vmin0_batch0_all_frames.pt
  1102. /blue/shiboli.fsu/yifeisun.umich/adversarial_robustness_FNO/2D_NS_FNO2d_recurrent/datasets/exponax_datasets/t20/generalizability/dim2d_nx256_N10_solver=exponax_nu0.000_t20.0_test_ntimepoints21_NegLogGRF_periodic_length_scale40_period0.100_exp_factor2.500_vmax-1_vmin-1.5_batch0_all_frames.pt
  1103. /blue/shiboli.fsu/yifeisun.umich/adversarial_robustness_FNO/2D_NS_FNO2d_recurrent/datasets/exponax_datasets/t20/generalizability/dim2d_nx256_N10_solver=exponax_nu0.000_t20.0_test_ntimepoints21_NegLogGRF_periodic_length_scale40_period0.100_exp_factor2.500_vmax0.4_vmin-0.4_batch0_all_frames.pt
  1104. /blue/shiboli.fsu/yifeisun.umich/adversarial_robustness_FNO/2D_NS_FNO2d_recurrent/datasets/exponax_datasets/t20/generalizability/dim2d_nx256_N10_solver=exponax_nu0.000_t20.0_test_ntimepoints21_NegLogGRF_periodic_length_scale40_period0.100_exp_factor2.500_vmax0_vmin-1_batch0_all_frames.pt
  1105. /blue/shiboli.fsu/yifeisun.umich/adversarial_robustness_FNO/2D_NS_FNO2d_recurrent/datasets/exponax_datasets/t20/generalizability/dim2d_nx256_N10_solver=exponax_nu0.000_t20.0_test_ntimepoints21_NegLogGRF_periodic_length_scale40_period0.100_exp_factor2.500_vmax1.5_vmin1_batch0_all_frames.pt
  1106. /blue/shiboli.fsu/yifeisun.umich/adversarial_robustness_FNO/2D_NS_FNO2d_recurrent/datasets/exponax_datasets/t20/generalizability/dim2d_nx256_N10_solver=exponax_nu0.000_t20.0_test_ntimepoints21_NegLogGRF_periodic_length_scale40_period0.100_exp_factor2.500_vmax1_vmin-1_batch0_all_frames.pt
  1107. /blue/shiboli.fsu/yifeisun.umich/adversarial_robustness_FNO/2D_NS_FNO2d_recurrent/datasets/exponax_datasets/t20/generalizability/dim2d_nx256_N10_solver=exponax_nu0.000_t20.0_test_ntimepoints21_NegLogGRF_periodic_length_scale40_period0.100_exp_factor2.500_vmax1_vmin0_batch0_all_frames.pt
  1108. /blue/shiboli.fsu/yifeisun.umich/adversarial_robustness_FNO/2D_NS_FNO2d_recurrent/datasets/exponax_datasets/t20/generalizability/dim2d_nx256_N10_solver=exponax_nu0.000_t20.0_test_ntimepoints21_NegLogGRF_periodic_length_scale40_period0.200_exp_factor2.500_vmax-1_vmin-1.5_batch0_all_frames.pt
  1109. /blue/shiboli.fsu/yifeisun.umich/adversarial_robustness_FNO/2D_NS_FNO2d_recurrent/datasets/exponax_datasets/t20/generalizability/dim2d_nx256_N10_solver=exponax_nu0.000_t20.0_test_ntimepoints21_NegLogGRF_periodic_length_scale40_period0.200_exp_factor2.500_vmax0.4_vmin-0.4_batch0_all_frames.pt
  1110. /blue/shiboli.fsu/yifeisun.umich/adversarial_robustness_FNO/2D_NS_FNO2d_recurrent/datasets/exponax_datasets/t20/generalizability/dim2d_nx256_N10_solver=exponax_nu0.000_t20.0_test_ntimepoints21_NegLogGRF_periodic_length_scale40_period0.200_exp_factor2.500_vmax0_vmin-1_batch0_all_frames.pt
  1111. /blue/shiboli.fsu/yifeisun.umich/adversarial_robustness_FNO/2D_NS_FNO2d_recurrent/datasets/exponax_datasets/t20/generalizability/dim2d_nx256_N10_solver=exponax_nu0.000_t20.0_test_ntimepoints21_NegLogGRF_periodic_length_scale40_period0.200_exp_factor2.500_vmax1.5_vmin1_batch0_all_frames.pt
  1112. /blue/shiboli.fsu/yifeisun.umich/adversarial_robustness_FNO/2D_NS_FNO2d_recurrent/datasets/exponax_datasets/t20/generalizability/dim2d_nx256_N10_solver=exponax_nu0.000_t20.0_test_ntimepoints21_NegLogGRF_periodic_length_scale40_period0.200_exp_factor2.500_vmax1_vmin-1_batch0_all_frames.pt
  1113. /blue/shiboli.fsu/yifeisun.umich/adversarial_robustness_FNO/2D_NS_FNO2d_recurrent/datasets/exponax_datasets/t20/generalizability/dim2d_nx256_N10_solver=exponax_nu0.000_t20.0_test_ntimepoints21_NegLogGRF_periodic_length_scale40_period0.200_exp_factor2.500_vmax1_vmin0_batch0_all_frames.pt
  1114. /blue/shiboli.fsu/yifeisun.umich/adversarial_robustness_FNO/2D_NS_FNO2d_recurrent/datasets/exponax_datasets/t20/generalizability/dim2d_nx256_N10_solver=exponax_nu0.000_t20.0_test_ntimepoints21_NegLogGRF_periodic_length_scale40_period0.500_exp_factor2.500_vmax-1_vmin-1.5_batch0_all_frames.pt
  1115. /blue/shiboli.fsu/yifeisun.umich/adversarial_robustness_FNO/2D_NS_FNO2d_recurrent/datasets/exponax_datasets/t20/generalizability/dim2d_nx256_N10_solver=exponax_nu0.000_t20.0_test_ntimepoints21_NegLogGRF_periodic_length_scale40_period0.500_exp_factor2.500_vmax0.4_vmin-0.4_batch0_all_frames.pt
  1116. /blue/shiboli.fsu/yifeisun.umich/adversarial_robustness_FNO/2D_NS_FNO2d_recurrent/datasets/exponax_datasets/t20/generalizability/dim2d_nx256_N10_solver=exponax_nu0.000_t20.0_test_ntimepoints21_NegLogGRF_periodic_length_scale40_period0.500_exp_factor2.500_vmax0_vmin-1_batch0_all_frames.pt
  1117. /blue/shiboli.fsu/yifeisun.umich/adversarial_robustness_FNO/2D_NS_FNO2d_recurrent/datasets/exponax_datasets/t20/generalizability/dim2d_nx256_N10_solver=exponax_nu0.000_t20.0_test_ntimepoints21_NegLogGRF_periodic_length_scale40_period0.500_exp_factor2.500_vmax1.5_vmin1_batch0_all_frames.pt
  1118. /blue/shiboli.fsu/yifeisun.umich/adversarial_robustness_FNO/2D_NS_FNO2d_recurrent/datasets/exponax_datasets/t20/generalizability/dim2d_nx256_N10_solver=exponax_nu0.000_t20.0_test_ntimepoints21_NegLogGRF_periodic_length_scale40_period0.500_exp_factor2.500_vmax1_vmin-1_batch0_all_frames.pt
  1119. /blue/shiboli.fsu/yifeisun.umich/adversarial_robustness_FNO/2D_NS_FNO2d_recurrent/datasets/exponax_datasets/t20/generalizability/dim2d_nx256_N10_solver=exponax_nu0.000_t20.0_test_ntimepoints21_NegLogGRF_periodic_length_scale40_period0.500_exp_factor2.500_vmax1_vmin0_batch0_all_frames.pt
  1120. /blue/shiboli.fsu/yifeisun.umich/adversarial_robustness_FNO/2D_NS_FNO2d_recurrent/datasets/exponax_datasets/t20/generalizability/dim2d_nx256_N10_solver=exponax_nu0.000_t20.0_test_ntimepoints21_NegLogGRF_rbf_length_scale0.020_variance0.100_exp_factor2.500_vmax-1_vmin-1.5_batch0_all_frames.pt
  1121. /blue/shiboli.fsu/yifeisun.umich/adversarial_robustness_FNO/2D_NS_FNO2d_recurrent/datasets/exponax_datasets/t20/generalizability/dim2d_nx256_N10_solver=exponax_nu0.000_t20.0_test_ntimepoints21_NegLogGRF_rbf_length_scale0.020_variance0.100_exp_factor2.500_vmax0.4_vmin-0.4_batch0_all_frames.pt
  1122. /blue/shiboli.fsu/yifeisun.umich/adversarial_robustness_FNO/2D_NS_FNO2d_recurrent/datasets/exponax_datasets/t20/generalizability/dim2d_nx256_N10_solver=exponax_nu0.000_t20.0_test_ntimepoints21_NegLogGRF_rbf_length_scale0.020_variance0.100_exp_factor2.500_vmax0_vmin-1_batch0_all_frames.pt
  1123. /blue/shiboli.fsu/yifeisun.umich/adversarial_robustness_FNO/2D_NS_FNO2d_recurrent/datasets/exponax_datasets/t20/generalizability/dim2d_nx256_N10_solver=exponax_nu0.000_t20.0_test_ntimepoints21_NegLogGRF_rbf_length_scale0.020_variance0.100_exp_factor2.500_vmax1.5_vmin1_batch0_all_frames.pt
  1124. /blue/shiboli.fsu/yifeisun.umich/adversarial_robustness_FNO/2D_NS_FNO2d_recurrent/datasets/exponax_datasets/t20/generalizability/dim2d_nx256_N10_solver=exponax_nu0.000_t20.0_test_ntimepoints21_NegLogGRF_rbf_length_scale0.020_variance0.100_exp_factor2.500_vmax1_vmin-1_batch0_all_frames.pt
  1125. /blue/shiboli.fsu/yifeisun.umich/adversarial_robustness_FNO/2D_NS_FNO2d_recurrent/datasets/exponax_datasets/t20/generalizability/dim2d_nx256_N10_solver=exponax_nu0.000_t20.0_test_ntimepoints21_NegLogGRF_rbf_length_scale0.020_variance0.100_exp_factor2.500_vmax1_vmin0_batch0_all_frames.pt
  1126. /blue/shiboli.fsu/yifeisun.umich/adversarial_robustness_FNO/2D_NS_FNO2d_recurrent/datasets/exponax_datasets/t20/generalizability/dim2d_nx256_N10_solver=exponax_nu0.000_t20.0_test_ntimepoints21_NegLogGRF_rbf_length_scale0.020_variance0.500_exp_factor2.500_vmax-1_vmin-1.5_batch0_all_frames.pt
  1127. /blue/shiboli.fsu/yifeisun.umich/adversarial_robustness_FNO/2D_NS_FNO2d_recurrent/datasets/exponax_datasets/t20/generalizability/dim2d_nx256_N10_solver=exponax_nu0.000_t20.0_test_ntimepoints21_NegLogGRF_rbf_length_scale0.020_variance0.500_exp_factor2.500_vmax0.4_vmin-0.4_batch0_all_frames.pt
  1128. /blue/shiboli.fsu/yifeisun.umich/adversarial_robustness_FNO/2D_NS_FNO2d_recurrent/datasets/exponax_datasets/t20/generalizability/dim2d_nx256_N10_solver=exponax_nu0.000_t20.0_test_ntimepoints21_NegLogGRF_rbf_length_scale0.020_variance0.500_exp_factor2.500_vmax0_vmin-1_batch0_all_frames.pt
  1129. /blue/shiboli.fsu/yifeisun.umich/adversarial_robustness_FNO/2D_NS_FNO2d_recurrent/datasets/exponax_datasets/t20/generalizability/dim2d_nx256_N10_solver=exponax_nu0.000_t20.0_test_ntimepoints21_NegLogGRF_rbf_length_scale0.020_variance0.500_exp_factor2.500_vmax1.5_vmin1_batch0_all_frames.pt
  1130. /blue/shiboli.fsu/yifeisun.umich/adversarial_robustness_FNO/2D_NS_FNO2d_recurrent/datasets/exponax_datasets/t20/generalizability/dim2d_nx256_N10_solver=exponax_nu0.000_t20.0_test_ntimepoints21_NegLogGRF_rbf_length_scale0.020_variance0.500_exp_factor2.500_vmax1_vmin-1_batch0_all_frames.pt
  1131. /blue/shiboli.fsu/yifeisun.umich/adversarial_robustness_FNO/2D_NS_FNO2d_recurrent/datasets/exponax_datasets/t20/generalizability/dim2d_nx256_N10_solver=exponax_nu0.000_t20.0_test_ntimepoints21_NegLogGRF_rbf_length_scale0.020_variance0.500_exp_factor2.500_vmax1_vmin0_batch0_all_frames.pt
  1132. /blue/shiboli.fsu/yifeisun.umich/adversarial_robustness_FNO/2D_NS_FNO2d_recurrent/datasets/exponax_datasets/t20/generalizability/dim2d_nx256_N10_solver=exponax_nu0.000_t20.0_test_ntimepoints21_NegLogGRF_rbf_length_scale0.020_variance1.000_exp_factor2.500_vmax-1_vmin-1.5_batch0_all_frames.pt
  1133. /blue/shiboli.fsu/yifeisun.umich/adversarial_robustness_FNO/2D_NS_FNO2d_recurrent/datasets/exponax_datasets/t20/generalizability/dim2d_nx256_N10_solver=exponax_nu0.000_t20.0_test_ntimepoints21_NegLogGRF_rbf_length_scale0.020_variance1.000_exp_factor2.500_vmax0.4_vmin-0.4_batch0_all_frames.pt
  1134. /blue/shiboli.fsu/yifeisun.umich/adversarial_robustness_FNO/2D_NS_FNO2d_recurrent/datasets/exponax_datasets/t20/generalizability/dim2d_nx256_N10_solver=exponax_nu0.000_t20.0_test_ntimepoints21_NegLogGRF_rbf_length_scale0.020_variance1.000_exp_factor2.500_vmax0_vmin-1_batch0_all_frames.pt
  1135. /blue/shiboli.fsu/yifeisun.umich/adversarial_robustness_FNO/2D_NS_FNO2d_recurrent/datasets/exponax_datasets/t20/generalizability/dim2d_nx256_N10_solver=exponax_nu0.000_t20.0_test_ntimepoints21_NegLogGRF_rbf_length_scale0.020_variance1.000_exp_factor2.500_vmax1.5_vmin1_batch0_all_frames.pt
  1136. /blue/shiboli.fsu/yifeisun.umich/adversarial_robustness_FNO/2D_NS_FNO2d_recurrent/datasets/exponax_datasets/t20/generalizability/dim2d_nx256_N10_solver=exponax_nu0.000_t20.0_test_ntimepoints21_NegLogGRF_rbf_length_scale0.020_variance1.000_exp_factor2.500_vmax1_vmin-1_batch0_all_frames.pt
  1137. /blue/shiboli.fsu/yifeisun.umich/adversarial_robustness_FNO/2D_NS_FNO2d_recurrent/datasets/exponax_datasets/t20/generalizability/dim2d_nx256_N10_solver=exponax_nu0.000_t20.0_test_ntimepoints21_NegLogGRF_rbf_length_scale0.020_variance1.000_exp_factor2.500_vmax1_vmin0_batch0_all_frames.pt
  1138. /blue/shiboli.fsu/yifeisun.umich/adversarial_robustness_FNO/2D_NS_FNO2d_recurrent/datasets/exponax_datasets/t20/generalizability/dim2d_nx256_N10_solver=exponax_nu0.000_t20.0_test_ntimepoints21_NegLogGRF_rbf_length_scale0.020_variance2.000_exp_factor2.500_vmax-1_vmin-1.5_batch0_all_frames.pt
  1139. /blue/shiboli.fsu/yifeisun.umich/adversarial_robustness_FNO/2D_NS_FNO2d_recurrent/datasets/exponax_datasets/t20/generalizability/dim2d_nx256_N10_solver=exponax_nu0.000_t20.0_test_ntimepoints21_NegLogGRF_rbf_length_scale0.020_variance2.000_exp_factor2.500_vmax0.4_vmin-0.4_batch0_all_frames.pt
  1140. /blue/shiboli.fsu/yifeisun.umich/adversarial_robustness_FNO/2D_NS_FNO2d_recurrent/datasets/exponax_datasets/t20/generalizability/dim2d_nx256_N10_solver=exponax_nu0.000_t20.0_test_ntimepoints21_NegLogGRF_rbf_length_scale0.020_variance2.000_exp_factor2.500_vmax0_vmin-1_batch0_all_frames.pt
  1141. /blue/shiboli.fsu/yifeisun.umich/adversarial_robustness_FNO/2D_NS_FNO2d_recurrent/datasets/exponax_datasets/t20/generalizability/dim2d_nx256_N10_solver=exponax_nu0.000_t20.0_test_ntimepoints21_NegLogGRF_rbf_length_scale0.020_variance2.000_exp_factor2.500_vmax1.5_vmin1_batch0_all_frames.pt
  1142. /blue/shiboli.fsu/yifeisun.umich/adversarial_robustness_FNO/2D_NS_FNO2d_recurrent/datasets/exponax_datasets/t20/generalizability/dim2d_nx256_N10_solver=exponax_nu0.000_t20.0_test_ntimepoints21_NegLogGRF_rbf_length_scale0.020_variance2.000_exp_factor2.500_vmax1_vmin-1_batch0_all_frames.pt
  1143. /blue/shiboli.fsu/yifeisun.umich/adversarial_robustness_FNO/2D_NS_FNO2d_recurrent/datasets/exponax_datasets/t20/generalizability/dim2d_nx256_N10_solver=exponax_nu0.000_t20.0_test_ntimepoints21_NegLogGRF_rbf_length_scale0.020_variance2.000_exp_factor2.500_vmax1_vmin0_batch0_all_frames.pt
  1144. /blue/shiboli.fsu/yifeisun.umich/adversarial_robustness_FNO/2D_NS_FNO2d_recurrent/datasets/exponax_datasets/t20/generalizability/dim2d_nx256_N10_solver=exponax_nu0.000_t20.0_test_ntimepoints21_NegLogGRF_rbf_length_scale0.020_variance5_exp_factor2.500_vmax-1_vmin-1.5_batch0_all_frames.pt
  1145. /blue/shiboli.fsu/yifeisun.umich/adversarial_robustness_FNO/2D_NS_FNO2d_recurrent/datasets/exponax_datasets/t20/generalizability/dim2d_nx256_N10_solver=exponax_nu0.000_t20.0_test_ntimepoints21_NegLogGRF_rbf_length_scale0.020_variance5_exp_factor2.500_vmax0.4_vmin-0.4_batch0_all_frames.pt
  1146. /blue/shiboli.fsu/yifeisun.umich/adversarial_robustness_FNO/2D_NS_FNO2d_recurrent/datasets/exponax_datasets/t20/generalizability/dim2d_nx256_N10_solver=exponax_nu0.000_t20.0_test_ntimepoints21_NegLogGRF_rbf_length_scale0.020_variance5_exp_factor2.500_vmax0_vmin-1_batch0_all_frames.pt
  1147. /blue/shiboli.fsu/yifeisun.umich/adversarial_robustness_FNO/2D_NS_FNO2d_recurrent/datasets/exponax_datasets/t20/generalizability/dim2d_nx256_N10_solver=exponax_nu0.000_t20.0_test_ntimepoints21_NegLogGRF_rbf_length_scale0.020_variance5_exp_factor2.500_vmax1.5_vmin1_batch0_all_frames.pt
  1148. /blue/shiboli.fsu/yifeisun.umich/adversarial_robustness_FNO/2D_NS_FNO2d_recurrent/datasets/exponax_datasets/t20/generalizability/dim2d_nx256_N10_solver=exponax_nu0.000_t20.0_test_ntimepoints21_NegLogGRF_rbf_length_scale0.020_variance5_exp_factor2.500_vmax1_vmin-1_batch0_all_frames.pt
  1149. /blue/shiboli.fsu/yifeisun.umich/adversarial_robustness_FNO/2D_NS_FNO2d_recurrent/datasets/exponax_datasets/t20/generalizability/dim2d_nx256_N10_solver=exponax_nu0.000_t20.0_test_ntimepoints21_NegLogGRF_rbf_length_scale0.020_variance5_exp_factor2.500_vmax1_vmin0_batch0_all_frames.pt
  1150. /blue/shiboli.fsu/yifeisun.umich/adversarial_robustness_FNO/2D_NS_FNO2d_recurrent/datasets/exponax_datasets/t20/generalizability/dim2d_nx256_N10_solver=exponax_nu0.000_t20.0_test_ntimepoints21_NegLogGRF_rbf_length_scale0.050_variance0.100_exp_factor2.500_vmax-1_vmin-1.5_batch0_all_frames.pt
  1151. /blue/shiboli.fsu/yifeisun.umich/adversarial_robustness_FNO/2D_NS_FNO2d_recurrent/datasets/exponax_datasets/t20/generalizability/dim2d_nx256_N10_solver=exponax_nu0.000_t20.0_test_ntimepoints21_NegLogGRF_rbf_length_scale0.050_variance0.100_exp_factor2.500_vmax0.4_vmin-0.4_batch0_all_frames.pt
  1152. /blue/shiboli.fsu/yifeisun.umich/adversarial_robustness_FNO/2D_NS_FNO2d_recurrent/datasets/exponax_datasets/t20/generalizability/dim2d_nx256_N10_solver=exponax_nu0.000_t20.0_test_ntimepoints21_NegLogGRF_rbf_length_scale0.050_variance0.100_exp_factor2.500_vmax0_vmin-1_batch0_all_frames.pt
  1153. /blue/shiboli.fsu/yifeisun.umich/adversarial_robustness_FNO/2D_NS_FNO2d_recurrent/datasets/exponax_datasets/t20/generalizability/dim2d_nx256_N10_solver=exponax_nu0.000_t20.0_test_ntimepoints21_NegLogGRF_rbf_length_scale0.050_variance0.100_exp_factor2.500_vmax1.5_vmin1_batch0_all_frames.pt
  1154. /blue/shiboli.fsu/yifeisun.umich/adversarial_robustness_FNO/2D_NS_FNO2d_recurrent/datasets/exponax_datasets/t20/generalizability/dim2d_nx256_N10_solver=exponax_nu0.000_t20.0_test_ntimepoints21_NegLogGRF_rbf_length_scale0.050_variance0.100_exp_factor2.500_vmax1_vmin-1_batch0_all_frames.pt
  1155. /blue/shiboli.fsu/yifeisun.umich/adversarial_robustness_FNO/2D_NS_FNO2d_recurrent/datasets/exponax_datasets/t20/generalizability/dim2d_nx256_N10_solver=exponax_nu0.000_t20.0_test_ntimepoints21_NegLogGRF_rbf_length_scale0.050_variance0.100_exp_factor2.500_vmax1_vmin0_batch0_all_frames.pt
  1156. /blue/shiboli.fsu/yifeisun.umich/adversarial_robustness_FNO/2D_NS_FNO2d_recurrent/datasets/exponax_datasets/t20/generalizability/dim2d_nx256_N10_solver=exponax_nu0.000_t20.0_test_ntimepoints21_NegLogGRF_rbf_length_scale0.050_variance0.500_exp_factor2.500_vmax-1_vmin-1.5_batch0_all_frames.pt
  1157. /blue/shiboli.fsu/yifeisun.umich/adversarial_robustness_FNO/2D_NS_FNO2d_recurrent/datasets/exponax_datasets/t20/generalizability/dim2d_nx256_N10_solver=exponax_nu0.000_t20.0_test_ntimepoints21_NegLogGRF_rbf_length_scale0.050_variance0.500_exp_factor2.500_vmax0.4_vmin-0.4_batch0_all_frames.pt
  1158. /blue/shiboli.fsu/yifeisun.umich/adversarial_robustness_FNO/2D_NS_FNO2d_recurrent/datasets/exponax_datasets/t20/generalizability/dim2d_nx256_N10_solver=exponax_nu0.000_t20.0_test_ntimepoints21_NegLogGRF_rbf_length_scale0.050_variance0.500_exp_factor2.500_vmax0_vmin-1_batch0_all_frames.pt
  1159. /blue/shiboli.fsu/yifeisun.umich/adversarial_robustness_FNO/2D_NS_FNO2d_recurrent/datasets/exponax_datasets/t20/generalizability/dim2d_nx256_N10_solver=exponax_nu0.000_t20.0_test_ntimepoints21_NegLogGRF_rbf_length_scale0.050_variance0.500_exp_factor2.500_vmax1.5_vmin1_batch0_all_frames.pt
  1160. /blue/shiboli.fsu/yifeisun.umich/adversarial_robustness_FNO/2D_NS_FNO2d_recurrent/datasets/exponax_datasets/t20/generalizability/dim2d_nx256_N10_solver=exponax_nu0.000_t20.0_test_ntimepoints21_NegLogGRF_rbf_length_scale0.050_variance0.500_exp_factor2.500_vmax1_vmin-1_batch0_all_frames.pt
  1161. /blue/shiboli.fsu/yifeisun.umich/adversarial_robustness_FNO/2D_NS_FNO2d_recurrent/datasets/exponax_datasets/t20/generalizability/dim2d_nx256_N10_solver=exponax_nu0.000_t20.0_test_ntimepoints21_NegLogGRF_rbf_length_scale0.050_variance0.500_exp_factor2.500_vmax1_vmin0_batch0_all_frames.pt
  1162. /blue/shiboli.fsu/yifeisun.umich/adversarial_robustness_FNO/2D_NS_FNO2d_recurrent/datasets/exponax_datasets/t20/generalizability/dim2d_nx256_N10_solver=exponax_nu0.000_t20.0_test_ntimepoints21_NegLogGRF_rbf_length_scale0.050_variance1.000_exp_factor2.500_vmax-1_vmin-1.5_batch0_all_frames.pt
  1163. /blue/shiboli.fsu/yifeisun.umich/adversarial_robustness_FNO/2D_NS_FNO2d_recurrent/datasets/exponax_datasets/t20/generalizability/dim2d_nx256_N10_solver=exponax_nu0.000_t20.0_test_ntimepoints21_NegLogGRF_rbf_length_scale0.050_variance1.000_exp_factor2.500_vmax0.4_vmin-0.4_batch0_all_frames.pt
  1164. /blue/shiboli.fsu/yifeisun.umich/adversarial_robustness_FNO/2D_NS_FNO2d_recurrent/datasets/exponax_datasets/t20/generalizability/dim2d_nx256_N10_solver=exponax_nu0.000_t20.0_test_ntimepoints21_NegLogGRF_rbf_length_scale0.050_variance1.000_exp_factor2.500_vmax0_vmin-1_batch0_all_frames.pt
  1165. /blue/shiboli.fsu/yifeisun.umich/adversarial_robustness_FNO/2D_NS_FNO2d_recurrent/datasets/exponax_datasets/t20/generalizability/dim2d_nx256_N10_solver=exponax_nu0.000_t20.0_test_ntimepoints21_NegLogGRF_rbf_length_scale0.050_variance1.000_exp_factor2.500_vmax1.5_vmin1_batch0_all_frames.pt
  1166. /blue/shiboli.fsu/yifeisun.umich/adversarial_robustness_FNO/2D_NS_FNO2d_recurrent/datasets/exponax_datasets/t20/generalizability/dim2d_nx256_N10_solver=exponax_nu0.000_t20.0_test_ntimepoints21_NegLogGRF_rbf_length_scale0.050_variance1.000_exp_factor2.500_vmax1_vmin-1_batch0_all_frames.pt
  1167. /blue/shiboli.fsu/yifeisun.umich/adversarial_robustness_FNO/2D_NS_FNO2d_recurrent/datasets/exponax_datasets/t20/generalizability/dim2d_nx256_N10_solver=exponax_nu0.000_t20.0_test_ntimepoints21_NegLogGRF_rbf_length_scale0.050_variance1.000_exp_factor2.500_vmax1_vmin0_batch0_all_frames.pt
  1168. /blue/shiboli.fsu/yifeisun.umich/adversarial_robustness_FNO/2D_NS_FNO2d_recurrent/datasets/exponax_datasets/t20/generalizability/dim2d_nx256_N10_solver=exponax_nu0.000_t20.0_test_ntimepoints21_NegLogGRF_rbf_length_scale0.050_variance2.000_exp_factor2.500_vmax-1_vmin-1.5_batch0_all_frames.pt
  1169. /blue/shiboli.fsu/yifeisun.umich/adversarial_robustness_FNO/2D_NS_FNO2d_recurrent/datasets/exponax_datasets/t20/generalizability/dim2d_nx256_N10_solver=exponax_nu0.000_t20.0_test_ntimepoints21_NegLogGRF_rbf_length_scale0.050_variance2.000_exp_factor2.500_vmax0.4_vmin-0.4_batch0_all_frames.pt
  1170. /blue/shiboli.fsu/yifeisun.umich/adversarial_robustness_FNO/2D_NS_FNO2d_recurrent/datasets/exponax_datasets/t20/generalizability/dim2d_nx256_N10_solver=exponax_nu0.000_t20.0_test_ntimepoints21_NegLogGRF_rbf_length_scale0.050_variance2.000_exp_factor2.500_vmax0_vmin-1_batch0_all_frames.pt
  1171. /blue/shiboli.fsu/yifeisun.umich/adversarial_robustness_FNO/2D_NS_FNO2d_recurrent/datasets/exponax_datasets/t20/generalizability/dim2d_nx256_N10_solver=exponax_nu0.000_t20.0_test_ntimepoints21_NegLogGRF_rbf_length_scale0.050_variance2.000_exp_factor2.500_vmax1.5_vmin1_batch0_all_frames.pt
  1172. /blue/shiboli.fsu/yifeisun.umich/adversarial_robustness_FNO/2D_NS_FNO2d_recurrent/datasets/exponax_datasets/t20/generalizability/dim2d_nx256_N10_solver=exponax_nu0.000_t20.0_test_ntimepoints21_NegLogGRF_rbf_length_scale0.050_variance2.000_exp_factor2.500_vmax1_vmin-1_batch0_all_frames.pt
  1173. /blue/shiboli.fsu/yifeisun.umich/adversarial_robustness_FNO/2D_NS_FNO2d_recurrent/datasets/exponax_datasets/t20/generalizability/dim2d_nx256_N10_solver=exponax_nu0.000_t20.0_test_ntimepoints21_NegLogGRF_rbf_length_scale0.050_variance2.000_exp_factor2.500_vmax1_vmin0_batch0_all_frames.pt
  1174. /blue/shiboli.fsu/yifeisun.umich/adversarial_robustness_FNO/2D_NS_FNO2d_recurrent/datasets/exponax_datasets/t20/generalizability/dim2d_nx256_N10_solver=exponax_nu0.000_t20.0_test_ntimepoints21_NegLogGRF_rbf_length_scale0.050_variance5_exp_factor2.500_vmax-1_vmin-1.5_batch0_all_frames.pt
  1175. /blue/shiboli.fsu/yifeisun.umich/adversarial_robustness_FNO/2D_NS_FNO2d_recurrent/datasets/exponax_datasets/t20/generalizability/dim2d_nx256_N10_solver=exponax_nu0.000_t20.0_test_ntimepoints21_NegLogGRF_rbf_length_scale0.050_variance5_exp_factor2.500_vmax0.4_vmin-0.4_batch0_all_frames.pt
  1176. /blue/shiboli.fsu/yifeisun.umich/adversarial_robustness_FNO/2D_NS_FNO2d_recurrent/datasets/exponax_datasets/t20/generalizability/dim2d_nx256_N10_solver=exponax_nu0.000_t20.0_test_ntimepoints21_NegLogGRF_rbf_length_scale0.050_variance5_exp_factor2.500_vmax0_vmin-1_batch0_all_frames.pt
  1177. /blue/shiboli.fsu/yifeisun.umich/adversarial_robustness_FNO/2D_NS_FNO2d_recurrent/datasets/exponax_datasets/t20/generalizability/dim2d_nx256_N10_solver=exponax_nu0.000_t20.0_test_ntimepoints21_NegLogGRF_rbf_length_scale0.050_variance5_exp_factor2.500_vmax1.5_vmin1_batch0_all_frames.pt
  1178. /blue/shiboli.fsu/yifeisun.umich/adversarial_robustness_FNO/2D_NS_FNO2d_recurrent/datasets/exponax_datasets/t20/generalizability/dim2d_nx256_N10_solver=exponax_nu0.000_t20.0_test_ntimepoints21_NegLogGRF_rbf_length_scale0.050_variance5_exp_factor2.500_vmax1_vmin-1_batch0_all_frames.pt
  1179. /blue/shiboli.fsu/yifeisun.umich/adversarial_robustness_FNO/2D_NS_FNO2d_recurrent/datasets/exponax_datasets/t20/generalizability/dim2d_nx256_N10_solver=exponax_nu0.000_t20.0_test_ntimepoints21_NegLogGRF_rbf_length_scale0.050_variance5_exp_factor2.500_vmax1_vmin0_batch0_all_frames.pt
  1180. /blue/shiboli.fsu/yifeisun.umich/adversarial_robustness_FNO/2D_NS_FNO2d_recurrent/datasets/exponax_datasets/t20/generalizability/dim2d_nx256_N10_solver=exponax_nu0.000_t20.0_test_ntimepoints21_NegLogGRF_rbf_length_scale0.100_variance0.100_exp_factor2.500_vmax-1_vmin-1.5_batch0_all_frames.pt
  1181. /blue/shiboli.fsu/yifeisun.umich/adversarial_robustness_FNO/2D_NS_FNO2d_recurrent/datasets/exponax_datasets/t20/generalizability/dim2d_nx256_N10_solver=exponax_nu0.000_t20.0_test_ntimepoints21_NegLogGRF_rbf_length_scale0.100_variance0.100_exp_factor2.500_vmax0.4_vmin-0.4_batch0_all_frames.pt
  1182. /blue/shiboli.fsu/yifeisun.umich/adversarial_robustness_FNO/2D_NS_FNO2d_recurrent/datasets/exponax_datasets/t20/generalizability/dim2d_nx256_N10_solver=exponax_nu0.000_t20.0_test_ntimepoints21_NegLogGRF_rbf_length_scale0.100_variance0.100_exp_factor2.500_vmax0_vmin-1_batch0_all_frames.pt
  1183. /blue/shiboli.fsu/yifeisun.umich/adversarial_robustness_FNO/2D_NS_FNO2d_recurrent/datasets/exponax_datasets/t20/generalizability/dim2d_nx256_N10_solver=exponax_nu0.000_t20.0_test_ntimepoints21_NegLogGRF_rbf_length_scale0.100_variance0.100_exp_factor2.500_vmax1.5_vmin1_batch0_all_frames.pt
  1184. /blue/shiboli.fsu/yifeisun.umich/adversarial_robustness_FNO/2D_NS_FNO2d_recurrent/datasets/exponax_datasets/t20/generalizability/dim2d_nx256_N10_solver=exponax_nu0.000_t20.0_test_ntimepoints21_NegLogGRF_rbf_length_scale0.100_variance0.100_exp_factor2.500_vmax1_vmin-1_batch0_all_frames.pt
  1185. /blue/shiboli.fsu/yifeisun.umich/adversarial_robustness_FNO/2D_NS_FNO2d_recurrent/datasets/exponax_datasets/t20/generalizability/dim2d_nx256_N10_solver=exponax_nu0.000_t20.0_test_ntimepoints21_NegLogGRF_rbf_length_scale0.100_variance0.100_exp_factor2.500_vmax1_vmin0_batch0_all_frames.pt
  1186. /blue/shiboli.fsu/yifeisun.umich/adversarial_robustness_FNO/2D_NS_FNO2d_recurrent/datasets/exponax_datasets/t20/generalizability/dim2d_nx256_N10_solver=exponax_nu0.000_t20.0_test_ntimepoints21_NegLogGRF_rbf_length_scale0.100_variance0.500_exp_factor2.500_vmax-1_vmin-1.5_batch0_all_frames.pt
  1187. /blue/shiboli.fsu/yifeisun.umich/adversarial_robustness_FNO/2D_NS_FNO2d_recurrent/datasets/exponax_datasets/t20/generalizability/dim2d_nx256_N10_solver=exponax_nu0.000_t20.0_test_ntimepoints21_NegLogGRF_rbf_length_scale0.100_variance0.500_exp_factor2.500_vmax0.4_vmin-0.4_batch0_all_frames.pt
  1188. /blue/shiboli.fsu/yifeisun.umich/adversarial_robustness_FNO/2D_NS_FNO2d_recurrent/datasets/exponax_datasets/t20/generalizability/dim2d_nx256_N10_solver=exponax_nu0.000_t20.0_test_ntimepoints21_NegLogGRF_rbf_length_scale0.100_variance0.500_exp_factor2.500_vmax0_vmin-1_batch0_all_frames.pt
  1189. /blue/shiboli.fsu/yifeisun.umich/adversarial_robustness_FNO/2D_NS_FNO2d_recurrent/datasets/exponax_datasets/t20/generalizability/dim2d_nx256_N10_solver=exponax_nu0.000_t20.0_test_ntimepoints21_NegLogGRF_rbf_length_scale0.100_variance0.500_exp_factor2.500_vmax1.5_vmin1_batch0_all_frames.pt
  1190. /blue/shiboli.fsu/yifeisun.umich/adversarial_robustness_FNO/2D_NS_FNO2d_recurrent/datasets/exponax_datasets/t20/generalizability/dim2d_nx256_N10_solver=exponax_nu0.000_t20.0_test_ntimepoints21_NegLogGRF_rbf_length_scale0.100_variance0.500_exp_factor2.500_vmax1_vmin-1_batch0_all_frames.pt
  1191. /blue/shiboli.fsu/yifeisun.umich/adversarial_robustness_FNO/2D_NS_FNO2d_recurrent/datasets/exponax_datasets/t20/generalizability/dim2d_nx256_N10_solver=exponax_nu0.000_t20.0_test_ntimepoints21_NegLogGRF_rbf_length_scale0.100_variance0.500_exp_factor2.500_vmax1_vmin0_batch0_all_frames.pt
  1192. /blue/shiboli.fsu/yifeisun.umich/adversarial_robustness_FNO/2D_NS_FNO2d_recurrent/datasets/exponax_datasets/t20/generalizability/dim2d_nx256_N10_solver=exponax_nu0.000_t20.0_test_ntimepoints21_NegLogGRF_rbf_length_scale0.100_variance1.000_exp_factor2.500_vmax-1_vmin-1.5_batch0_all_frames.pt
  1193. /blue/shiboli.fsu/yifeisun.umich/adversarial_robustness_FNO/2D_NS_FNO2d_recurrent/datasets/exponax_datasets/t20/generalizability/dim2d_nx256_N10_solver=exponax_nu0.000_t20.0_test_ntimepoints21_NegLogGRF_rbf_length_scale0.100_variance1.000_exp_factor2.500_vmax0.4_vmin-0.4_batch0_all_frames.pt
  1194. /blue/shiboli.fsu/yifeisun.umich/adversarial_robustness_FNO/2D_NS_FNO2d_recurrent/datasets/exponax_datasets/t20/generalizability/dim2d_nx256_N10_solver=exponax_nu0.000_t20.0_test_ntimepoints21_NegLogGRF_rbf_length_scale0.100_variance1.000_exp_factor2.500_vmax0_vmin-1_batch0_all_frames.pt
  1195. /blue/shiboli.fsu/yifeisun.umich/adversarial_robustness_FNO/2D_NS_FNO2d_recurrent/datasets/exponax_datasets/t20/generalizability/dim2d_nx256_N10_solver=exponax_nu0.000_t20.0_test_ntimepoints21_NegLogGRF_rbf_length_scale0.100_variance1.000_exp_factor2.500_vmax1.5_vmin1_batch0_all_frames.pt
  1196. /blue/shiboli.fsu/yifeisun.umich/adversarial_robustness_FNO/2D_NS_FNO2d_recurrent/datasets/exponax_datasets/t20/generalizability/dim2d_nx256_N10_solver=exponax_nu0.000_t20.0_test_ntimepoints21_NegLogGRF_rbf_length_scale0.100_variance1.000_exp_factor2.500_vmax1_vmin-1_batch0_all_frames.pt
  1197. /blue/shiboli.fsu/yifeisun.umich/adversarial_robustness_FNO/2D_NS_FNO2d_recurrent/datasets/exponax_datasets/t20/generalizability/dim2d_nx256_N10_solver=exponax_nu0.000_t20.0_test_ntimepoints21_NegLogGRF_rbf_length_scale0.100_variance1.000_exp_factor2.500_vmax1_vmin0_batch0_all_frames.pt
  1198. /blue/shiboli.fsu/yifeisun.umich/adversarial_robustness_FNO/2D_NS_FNO2d_recurrent/datasets/exponax_datasets/t20/generalizability/dim2d_nx256_N10_solver=exponax_nu0.000_t20.0_test_ntimepoints21_NegLogGRF_rbf_length_scale0.100_variance2.000_exp_factor2.500_vmax-1_vmin-1.5_batch0_all_frames.pt
  1199. /blue/shiboli.fsu/yifeisun.umich/adversarial_robustness_FNO/2D_NS_FNO2d_recurrent/datasets/exponax_datasets/t20/generalizability/dim2d_nx256_N10_solver=exponax_nu0.000_t20.0_test_ntimepoints21_NegLogGRF_rbf_length_scale0.100_variance2.000_exp_factor2.500_vmax0.4_vmin-0.4_batch0_all_frames.pt
  1200. /blue/shiboli.fsu/yifeisun.umich/adversarial_robustness_FNO/2D_NS_FNO2d_recurrent/datasets/exponax_datasets/t20/generalizability/dim2d_nx256_N10_solver=exponax_nu0.000_t20.0_test_ntimepoints21_NegLogGRF_rbf_length_scale0.100_variance2.000_exp_factor2.500_vmax0_vmin-1_batch0_all_frames.pt
  1201. /blue/shiboli.fsu/yifeisun.umich/adversarial_robustness_FNO/2D_NS_FNO2d_recurrent/datasets/exponax_datasets/t20/generalizability/dim2d_nx256_N10_solver=exponax_nu0.000_t20.0_test_ntimepoints21_NegLogGRF_rbf_length_scale0.100_variance2.000_exp_factor2.500_vmax1.5_vmin1_batch0_all_frames.pt
  1202. /blue/shiboli.fsu/yifeisun.umich/adversarial_robustness_FNO/2D_NS_FNO2d_recurrent/datasets/exponax_datasets/t20/generalizability/dim2d_nx256_N10_solver=exponax_nu0.000_t20.0_test_ntimepoints21_NegLogGRF_rbf_length_scale0.100_variance2.000_exp_factor2.500_vmax1_vmin-1_batch0_all_frames.pt
  1203. /blue/shiboli.fsu/yifeisun.umich/adversarial_robustness_FNO/2D_NS_FNO2d_recurrent/datasets/exponax_datasets/t20/generalizability/dim2d_nx256_N10_solver=exponax_nu0.000_t20.0_test_ntimepoints21_NegLogGRF_rbf_length_scale0.100_variance2.000_exp_factor2.500_vmax1_vmin0_batch0_all_frames.pt
  1204. /blue/shiboli.fsu/yifeisun.umich/adversarial_robustness_FNO/2D_NS_FNO2d_recurrent/datasets/exponax_datasets/t20/generalizability/dim2d_nx256_N10_solver=exponax_nu0.000_t20.0_test_ntimepoints21_NegLogGRF_rbf_length_scale0.100_variance5_exp_factor2.500_vmax-1_vmin-1.5_batch0_all_frames.pt
  1205. /blue/shiboli.fsu/yifeisun.umich/adversarial_robustness_FNO/2D_NS_FNO2d_recurrent/datasets/exponax_datasets/t20/generalizability/dim2d_nx256_N10_solver=exponax_nu0.000_t20.0_test_ntimepoints21_NegLogGRF_rbf_length_scale0.100_variance5_exp_factor2.500_vmax0.4_vmin-0.4_batch0_all_frames.pt
  1206. /blue/shiboli.fsu/yifeisun.umich/adversarial_robustness_FNO/2D_NS_FNO2d_recurrent/datasets/exponax_datasets/t20/generalizability/dim2d_nx256_N10_solver=exponax_nu0.000_t20.0_test_ntimepoints21_NegLogGRF_rbf_length_scale0.100_variance5_exp_factor2.500_vmax0_vmin-1_batch0_all_frames.pt
  1207. /blue/shiboli.fsu/yifeisun.umich/adversarial_robustness_FNO/2D_NS_FNO2d_recurrent/datasets/exponax_datasets/t20/generalizability/dim2d_nx256_N10_solver=exponax_nu0.000_t20.0_test_ntimepoints21_NegLogGRF_rbf_length_scale0.100_variance5_exp_factor2.500_vmax1.5_vmin1_batch0_all_frames.pt
  1208. /blue/shiboli.fsu/yifeisun.umich/adversarial_robustness_FNO/2D_NS_FNO2d_recurrent/datasets/exponax_datasets/t20/generalizability/dim2d_nx256_N10_solver=exponax_nu0.000_t20.0_test_ntimepoints21_NegLogGRF_rbf_length_scale0.100_variance5_exp_factor2.500_vmax1_vmin-1_batch0_all_frames.pt
  1209. /blue/shiboli.fsu/yifeisun.umich/adversarial_robustness_FNO/2D_NS_FNO2d_recurrent/datasets/exponax_datasets/t20/generalizability/dim2d_nx256_N10_solver=exponax_nu0.000_t20.0_test_ntimepoints21_NegLogGRF_rbf_length_scale0.100_variance5_exp_factor2.500_vmax1_vmin0_batch0_all_frames.pt
  1210. /blue/shiboli.fsu/yifeisun.umich/adversarial_robustness_FNO/2D_NS_FNO2d_recurrent/datasets/exponax_datasets/t20/generalizability/dim2d_nx256_N10_solver=exponax_nu0.000_t20.0_test_ntimepoints21_NegLogGRF_rbf_length_scale0.200_variance0.100_exp_factor2.500_vmax-1_vmin-1.5_batch0_all_frames.pt
  1211. /blue/shiboli.fsu/yifeisun.umich/adversarial_robustness_FNO/2D_NS_FNO2d_recurrent/datasets/exponax_datasets/t20/generalizability/dim2d_nx256_N10_solver=exponax_nu0.000_t20.0_test_ntimepoints21_NegLogGRF_rbf_length_scale0.200_variance0.100_exp_factor2.500_vmax0.4_vmin-0.4_batch0_all_frames.pt
  1212. /blue/shiboli.fsu/yifeisun.umich/adversarial_robustness_FNO/2D_NS_FNO2d_recurrent/datasets/exponax_datasets/t20/generalizability/dim2d_nx256_N10_solver=exponax_nu0.000_t20.0_test_ntimepoints21_NegLogGRF_rbf_length_scale0.200_variance0.100_exp_factor2.500_vmax0_vmin-1_batch0_all_frames.pt
  1213. /blue/shiboli.fsu/yifeisun.umich/adversarial_robustness_FNO/2D_NS_FNO2d_recurrent/datasets/exponax_datasets/t20/generalizability/dim2d_nx256_N10_solver=exponax_nu0.000_t20.0_test_ntimepoints21_NegLogGRF_rbf_length_scale0.200_variance0.100_exp_factor2.500_vmax1.5_vmin1_batch0_all_frames.pt
  1214. /blue/shiboli.fsu/yifeisun.umich/adversarial_robustness_FNO/2D_NS_FNO2d_recurrent/datasets/exponax_datasets/t20/generalizability/dim2d_nx256_N10_solver=exponax_nu0.000_t20.0_test_ntimepoints21_NegLogGRF_rbf_length_scale0.200_variance0.100_exp_factor2.500_vmax1_vmin-1_batch0_all_frames.pt
  1215. /blue/shiboli.fsu/yifeisun.umich/adversarial_robustness_FNO/2D_NS_FNO2d_recurrent/datasets/exponax_datasets/t20/generalizability/dim2d_nx256_N10_solver=exponax_nu0.000_t20.0_test_ntimepoints21_NegLogGRF_rbf_length_scale0.200_variance0.100_exp_factor2.500_vmax1_vmin0_batch0_all_frames.pt
  1216. /blue/shiboli.fsu/yifeisun.umich/adversarial_robustness_FNO/2D_NS_FNO2d_recurrent/datasets/exponax_datasets/t20/generalizability/dim2d_nx256_N10_solver=exponax_nu0.000_t20.0_test_ntimepoints21_NegLogGRF_rbf_length_scale0.200_variance0.500_exp_factor2.500_vmax-1_vmin-1.5_batch0_all_frames.pt
  1217. /blue/shiboli.fsu/yifeisun.umich/adversarial_robustness_FNO/2D_NS_FNO2d_recurrent/datasets/exponax_datasets/t20/generalizability/dim2d_nx256_N10_solver=exponax_nu0.000_t20.0_test_ntimepoints21_NegLogGRF_rbf_length_scale0.200_variance0.500_exp_factor2.500_vmax0.4_vmin-0.4_batch0_all_frames.pt
  1218. /blue/shiboli.fsu/yifeisun.umich/adversarial_robustness_FNO/2D_NS_FNO2d_recurrent/datasets/exponax_datasets/t20/generalizability/dim2d_nx256_N10_solver=exponax_nu0.000_t20.0_test_ntimepoints21_NegLogGRF_rbf_length_scale0.200_variance0.500_exp_factor2.500_vmax0_vmin-1_batch0_all_frames.pt
  1219. /blue/shiboli.fsu/yifeisun.umich/adversarial_robustness_FNO/2D_NS_FNO2d_recurrent/datasets/exponax_datasets/t20/generalizability/dim2d_nx256_N10_solver=exponax_nu0.000_t20.0_test_ntimepoints21_NegLogGRF_rbf_length_scale0.200_variance0.500_exp_factor2.500_vmax1.5_vmin1_batch0_all_frames.pt
  1220. /blue/shiboli.fsu/yifeisun.umich/adversarial_robustness_FNO/2D_NS_FNO2d_recurrent/datasets/exponax_datasets/t20/generalizability/dim2d_nx256_N10_solver=exponax_nu0.000_t20.0_test_ntimepoints21_NegLogGRF_rbf_length_scale0.200_variance0.500_exp_factor2.500_vmax1_vmin-1_batch0_all_frames.pt
  1221. /blue/shiboli.fsu/yifeisun.umich/adversarial_robustness_FNO/2D_NS_FNO2d_recurrent/datasets/exponax_datasets/t20/generalizability/dim2d_nx256_N10_solver=exponax_nu0.000_t20.0_test_ntimepoints21_NegLogGRF_rbf_length_scale0.200_variance0.500_exp_factor2.500_vmax1_vmin0_batch0_all_frames.pt
  1222. /blue/shiboli.fsu/yifeisun.umich/adversarial_robustness_FNO/2D_NS_FNO2d_recurrent/datasets/exponax_datasets/t20/generalizability/dim2d_nx256_N10_solver=exponax_nu0.000_t20.0_test_ntimepoints21_NegLogGRF_rbf_length_scale0.200_variance1.000_exp_factor2.500_vmax-1_vmin-1.5_batch0_all_frames.pt
  1223. /blue/shiboli.fsu/yifeisun.umich/adversarial_robustness_FNO/2D_NS_FNO2d_recurrent/datasets/exponax_datasets/t20/generalizability/dim2d_nx256_N10_solver=exponax_nu0.000_t20.0_test_ntimepoints21_NegLogGRF_rbf_length_scale0.200_variance1.000_exp_factor2.500_vmax0.4_vmin-0.4_batch0_all_frames.pt
  1224. /blue/shiboli.fsu/yifeisun.umich/adversarial_robustness_FNO/2D_NS_FNO2d_recurrent/datasets/exponax_datasets/t20/generalizability/dim2d_nx256_N10_solver=exponax_nu0.000_t20.0_test_ntimepoints21_NegLogGRF_rbf_length_scale0.200_variance1.000_exp_factor2.500_vmax0_vmin-1_batch0_all_frames.pt
  1225. /blue/shiboli.fsu/yifeisun.umich/adversarial_robustness_FNO/2D_NS_FNO2d_recurrent/datasets/exponax_datasets/t20/generalizability/dim2d_nx256_N10_solver=exponax_nu0.000_t20.0_test_ntimepoints21_NegLogGRF_rbf_length_scale0.200_variance1.000_exp_factor2.500_vmax1.5_vmin1_batch0_all_frames.pt
  1226. /blue/shiboli.fsu/yifeisun.umich/adversarial_robustness_FNO/2D_NS_FNO2d_recurrent/datasets/exponax_datasets/t20/generalizability/dim2d_nx256_N10_solver=exponax_nu0.000_t20.0_test_ntimepoints21_NegLogGRF_rbf_length_scale0.200_variance1.000_exp_factor2.500_vmax1_vmin-1_batch0_all_frames.pt
  1227. /blue/shiboli.fsu/yifeisun.umich/adversarial_robustness_FNO/2D_NS_FNO2d_recurrent/datasets/exponax_datasets/t20/generalizability/dim2d_nx256_N10_solver=exponax_nu0.000_t20.0_test_ntimepoints21_NegLogGRF_rbf_length_scale0.200_variance1.000_exp_factor2.500_vmax1_vmin0_batch0_all_frames.pt
  1228. /blue/shiboli.fsu/yifeisun.umich/adversarial_robustness_FNO/2D_NS_FNO2d_recurrent/datasets/exponax_datasets/t20/generalizability/dim2d_nx256_N10_solver=exponax_nu0.000_t20.0_test_ntimepoints21_NegLogGRF_rbf_length_scale0.200_variance2.000_exp_factor2.500_vmax-1_vmin-1.5_batch0_all_frames.pt
  1229. /blue/shiboli.fsu/yifeisun.umich/adversarial_robustness_FNO/2D_NS_FNO2d_recurrent/datasets/exponax_datasets/t20/generalizability/dim2d_nx256_N10_solver=exponax_nu0.000_t20.0_test_ntimepoints21_NegLogGRF_rbf_length_scale0.200_variance2.000_exp_factor2.500_vmax0.4_vmin-0.4_batch0_all_frames.pt
  1230. /blue/shiboli.fsu/yifeisun.umich/adversarial_robustness_FNO/2D_NS_FNO2d_recurrent/datasets/exponax_datasets/t20/generalizability/dim2d_nx256_N10_solver=exponax_nu0.000_t20.0_test_ntimepoints21_NegLogGRF_rbf_length_scale0.200_variance2.000_exp_factor2.500_vmax0_vmin-1_batch0_all_frames.pt
  1231. /blue/shiboli.fsu/yifeisun.umich/adversarial_robustness_FNO/2D_NS_FNO2d_recurrent/datasets/exponax_datasets/t20/generalizability/dim2d_nx256_N10_solver=exponax_nu0.000_t20.0_test_ntimepoints21_NegLogGRF_rbf_length_scale0.200_variance2.000_exp_factor2.500_vmax1.5_vmin1_batch0_all_frames.pt
  1232. /blue/shiboli.fsu/yifeisun.umich/adversarial_robustness_FNO/2D_NS_FNO2d_recurrent/datasets/exponax_datasets/t20/generalizability/dim2d_nx256_N10_solver=exponax_nu0.000_t20.0_test_ntimepoints21_NegLogGRF_rbf_length_scale0.200_variance2.000_exp_factor2.500_vmax1_vmin-1_batch0_all_frames.pt
  1233. /blue/shiboli.fsu/yifeisun.umich/adversarial_robustness_FNO/2D_NS_FNO2d_recurrent/datasets/exponax_datasets/t20/generalizability/dim2d_nx256_N10_solver=exponax_nu0.000_t20.0_test_ntimepoints21_NegLogGRF_rbf_length_scale0.200_variance2.000_exp_factor2.500_vmax1_vmin0_batch0_all_frames.pt
  1234. /blue/shiboli.fsu/yifeisun.umich/adversarial_robustness_FNO/2D_NS_FNO2d_recurrent/datasets/exponax_datasets/t20/generalizability/dim2d_nx256_N10_solver=exponax_nu0.000_t20.0_test_ntimepoints21_NegLogGRF_rbf_length_scale0.200_variance5_exp_factor2.500_vmax-1_vmin-1.5_batch0_all_frames.pt
  1235. /blue/shiboli.fsu/yifeisun.umich/adversarial_robustness_FNO/2D_NS_FNO2d_recurrent/datasets/exponax_datasets/t20/generalizability/dim2d_nx256_N10_solver=exponax_nu0.000_t20.0_test_ntimepoints21_NegLogGRF_rbf_length_scale0.200_variance5_exp_factor2.500_vmax0.4_vmin-0.4_batch0_all_frames.pt
  1236. /blue/shiboli.fsu/yifeisun.umich/adversarial_robustness_FNO/2D_NS_FNO2d_recurrent/datasets/exponax_datasets/t20/generalizability/dim2d_nx256_N10_solver=exponax_nu0.000_t20.0_test_ntimepoints21_NegLogGRF_rbf_length_scale0.200_variance5_exp_factor2.500_vmax0_vmin-1_batch0_all_frames.pt
  1237. /blue/shiboli.fsu/yifeisun.umich/adversarial_robustness_FNO/2D_NS_FNO2d_recurrent/datasets/exponax_datasets/t20/generalizability/dim2d_nx256_N10_solver=exponax_nu0.000_t20.0_test_ntimepoints21_NegLogGRF_rbf_length_scale0.200_variance5_exp_factor2.500_vmax1.5_vmin1_batch0_all_frames.pt
  1238. /blue/shiboli.fsu/yifeisun.umich/adversarial_robustness_FNO/2D_NS_FNO2d_recurrent/datasets/exponax_datasets/t20/generalizability/dim2d_nx256_N10_solver=exponax_nu0.000_t20.0_test_ntimepoints21_NegLogGRF_rbf_length_scale0.200_variance5_exp_factor2.500_vmax1_vmin-1_batch0_all_frames.pt
  1239. /blue/shiboli.fsu/yifeisun.umich/adversarial_robustness_FNO/2D_NS_FNO2d_recurrent/datasets/exponax_datasets/t20/generalizability/dim2d_nx256_N10_solver=exponax_nu0.000_t20.0_test_ntimepoints21_NegLogGRF_rbf_length_scale0.200_variance5_exp_factor2.500_vmax1_vmin0_batch0_all_frames.pt
  1240. /blue/shiboli.fsu/yifeisun.umich/adversarial_robustness_FNO/2D_NS_FNO2d_recurrent/datasets/exponax_datasets/t20/generalizability/dim2d_nx256_N10_solver=exponax_nu0.000_t20.0_test_ntimepoints21_NegLogGRF_rq_length_scale0.050_variance0.700_alpha0.750_exp_factor2.500_vmax-1_vmin-1.5_batch0_all_frames.pt
  1241. /blue/shiboli.fsu/yifeisun.umich/adversarial_robustness_FNO/2D_NS_FNO2d_recurrent/datasets/exponax_datasets/t20/generalizability/dim2d_nx256_N10_solver=exponax_nu0.000_t20.0_test_ntimepoints21_NegLogGRF_rq_length_scale0.050_variance0.700_alpha0.750_exp_factor2.500_vmax0.4_vmin-0.4_batch0_all_frames.pt
  1242. /blue/shiboli.fsu/yifeisun.umich/adversarial_robustness_FNO/2D_NS_FNO2d_recurrent/datasets/exponax_datasets/t20/generalizability/dim2d_nx256_N10_solver=exponax_nu0.000_t20.0_test_ntimepoints21_NegLogGRF_rq_length_scale0.050_variance0.700_alpha0.750_exp_factor2.500_vmax0_vmin-1_batch0_all_frames.pt
  1243. /blue/shiboli.fsu/yifeisun.umich/adversarial_robustness_FNO/2D_NS_FNO2d_recurrent/datasets/exponax_datasets/t20/generalizability/dim2d_nx256_N10_solver=exponax_nu0.000_t20.0_test_ntimepoints21_NegLogGRF_rq_length_scale0.050_variance0.700_alpha0.750_exp_factor2.500_vmax1.5_vmin1_batch0_all_frames.pt
  1244. /blue/shiboli.fsu/yifeisun.umich/adversarial_robustness_FNO/2D_NS_FNO2d_recurrent/datasets/exponax_datasets/t20/generalizability/dim2d_nx256_N10_solver=exponax_nu0.000_t20.0_test_ntimepoints21_NegLogGRF_rq_length_scale0.050_variance0.700_alpha0.750_exp_factor2.500_vmax1_vmin-1_batch0_all_frames.pt
  1245. /blue/shiboli.fsu/yifeisun.umich/adversarial_robustness_FNO/2D_NS_FNO2d_recurrent/datasets/exponax_datasets/t20/generalizability/dim2d_nx256_N10_solver=exponax_nu0.000_t20.0_test_ntimepoints21_NegLogGRF_rq_length_scale0.050_variance0.700_alpha0.750_exp_factor2.500_vmax1_vmin0_batch0_all_frames.pt
  1246. /blue/shiboli.fsu/yifeisun.umich/adversarial_robustness_FNO/2D_NS_FNO2d_recurrent/datasets/exponax_datasets/t20/generalizability/dim2d_nx256_N10_solver=exponax_nu0.000_t20.0_test_ntimepoints21_NegLogGRF_rq_length_scale0.050_variance0.700_alpha1.000_exp_factor2.500_vmax-1_vmin-1.5_batch0_all_frames.pt
  1247. /blue/shiboli.fsu/yifeisun.umich/adversarial_robustness_FNO/2D_NS_FNO2d_recurrent/datasets/exponax_datasets/t20/generalizability/dim2d_nx256_N10_solver=exponax_nu0.000_t20.0_test_ntimepoints21_NegLogGRF_rq_length_scale0.050_variance0.700_alpha1.000_exp_factor2.500_vmax0.4_vmin-0.4_batch0_all_frames.pt
  1248. /blue/shiboli.fsu/yifeisun.umich/adversarial_robustness_FNO/2D_NS_FNO2d_recurrent/datasets/exponax_datasets/t20/generalizability/dim2d_nx256_N10_solver=exponax_nu0.000_t20.0_test_ntimepoints21_NegLogGRF_rq_length_scale0.050_variance0.700_alpha1.000_exp_factor2.500_vmax0_vmin-1_batch0_all_frames.pt
  1249. /blue/shiboli.fsu/yifeisun.umich/adversarial_robustness_FNO/2D_NS_FNO2d_recurrent/datasets/exponax_datasets/t20/generalizability/dim2d_nx256_N10_solver=exponax_nu0.000_t20.0_test_ntimepoints21_NegLogGRF_rq_length_scale0.050_variance0.700_alpha1.000_exp_factor2.500_vmax1.5_vmin1_batch0_all_frames.pt
  1250. /blue/shiboli.fsu/yifeisun.umich/adversarial_robustness_FNO/2D_NS_FNO2d_recurrent/datasets/exponax_datasets/t20/generalizability/dim2d_nx256_N10_solver=exponax_nu0.000_t20.0_test_ntimepoints21_NegLogGRF_rq_length_scale0.050_variance0.700_alpha1.000_exp_factor2.500_vmax1_vmin-1_batch0_all_frames.pt
  1251. /blue/shiboli.fsu/yifeisun.umich/adversarial_robustness_FNO/2D_NS_FNO2d_recurrent/datasets/exponax_datasets/t20/generalizability/dim2d_nx256_N10_solver=exponax_nu0.000_t20.0_test_ntimepoints21_NegLogGRF_rq_length_scale0.050_variance0.700_alpha1.000_exp_factor2.500_vmax1_vmin0_batch0_all_frames.pt
  1252. /blue/shiboli.fsu/yifeisun.umich/adversarial_robustness_FNO/2D_NS_FNO2d_recurrent/datasets/exponax_datasets/t20/generalizability/dim2d_nx256_N10_solver=exponax_nu0.000_t20.0_test_ntimepoints21_NegLogGRF_rq_length_scale0.050_variance0.700_alpha1.500_exp_factor2.500_vmax-1_vmin-1.5_batch0_all_frames.pt
  1253. /blue/shiboli.fsu/yifeisun.umich/adversarial_robustness_FNO/2D_NS_FNO2d_recurrent/datasets/exponax_datasets/t20/generalizability/dim2d_nx256_N10_solver=exponax_nu0.000_t20.0_test_ntimepoints21_NegLogGRF_rq_length_scale0.050_variance0.700_alpha1.500_exp_factor2.500_vmax0.4_vmin-0.4_batch0_all_frames.pt
  1254. /blue/shiboli.fsu/yifeisun.umich/adversarial_robustness_FNO/2D_NS_FNO2d_recurrent/datasets/exponax_datasets/t20/generalizability/dim2d_nx256_N10_solver=exponax_nu0.000_t20.0_test_ntimepoints21_NegLogGRF_rq_length_scale0.050_variance0.700_alpha1.500_exp_factor2.500_vmax0_vmin-1_batch0_all_frames.pt
  1255. /blue/shiboli.fsu/yifeisun.umich/adversarial_robustness_FNO/2D_NS_FNO2d_recurrent/datasets/exponax_datasets/t20/generalizability/dim2d_nx256_N10_solver=exponax_nu0.000_t20.0_test_ntimepoints21_NegLogGRF_rq_length_scale0.050_variance0.700_alpha1.500_exp_factor2.500_vmax1.5_vmin1_batch0_all_frames.pt
  1256. /blue/shiboli.fsu/yifeisun.umich/adversarial_robustness_FNO/2D_NS_FNO2d_recurrent/datasets/exponax_datasets/t20/generalizability/dim2d_nx256_N10_solver=exponax_nu0.000_t20.0_test_ntimepoints21_NegLogGRF_rq_length_scale0.050_variance0.700_alpha1.500_exp_factor2.500_vmax1_vmin-1_batch0_all_frames.pt
  1257. /blue/shiboli.fsu/yifeisun.umich/adversarial_robustness_FNO/2D_NS_FNO2d_recurrent/datasets/exponax_datasets/t20/generalizability/dim2d_nx256_N10_solver=exponax_nu0.000_t20.0_test_ntimepoints21_NegLogGRF_rq_length_scale0.050_variance0.700_alpha1.500_exp_factor2.500_vmax1_vmin0_batch0_all_frames.pt
  1258. /blue/shiboli.fsu/yifeisun.umich/adversarial_robustness_FNO/2D_NS_FNO2d_recurrent/datasets/exponax_datasets/t20/generalizability/dim2d_nx256_N10_solver=exponax_nu0.000_t20.0_test_ntimepoints21_NegLogGRF_rq_length_scale0.050_variance0.700_alpha1.700_exp_factor2.500_vmax-1_vmin-1.5_batch0_all_frames.pt
  1259. /blue/shiboli.fsu/yifeisun.umich/adversarial_robustness_FNO/2D_NS_FNO2d_recurrent/datasets/exponax_datasets/t20/generalizability/dim2d_nx256_N10_solver=exponax_nu0.000_t20.0_test_ntimepoints21_NegLogGRF_rq_length_scale0.050_variance0.700_alpha1.700_exp_factor2.500_vmax0.4_vmin-0.4_batch0_all_frames.pt
  1260. /blue/shiboli.fsu/yifeisun.umich/adversarial_robustness_FNO/2D_NS_FNO2d_recurrent/datasets/exponax_datasets/t20/generalizability/dim2d_nx256_N10_solver=exponax_nu0.000_t20.0_test_ntimepoints21_NegLogGRF_rq_length_scale0.050_variance0.700_alpha1.700_exp_factor2.500_vmax0_vmin-1_batch0_all_frames.pt
  1261. /blue/shiboli.fsu/yifeisun.umich/adversarial_robustness_FNO/2D_NS_FNO2d_recurrent/datasets/exponax_datasets/t20/generalizability/dim2d_nx256_N10_solver=exponax_nu0.000_t20.0_test_ntimepoints21_NegLogGRF_rq_length_scale0.050_variance0.700_alpha1.700_exp_factor2.500_vmax1.5_vmin1_batch0_all_frames.pt
  1262. /blue/shiboli.fsu/yifeisun.umich/adversarial_robustness_FNO/2D_NS_FNO2d_recurrent/datasets/exponax_datasets/t20/generalizability/dim2d_nx256_N10_solver=exponax_nu0.000_t20.0_test_ntimepoints21_NegLogGRF_rq_length_scale0.050_variance0.700_alpha1.700_exp_factor2.500_vmax1_vmin-1_batch0_all_frames.pt
  1263. /blue/shiboli.fsu/yifeisun.umich/adversarial_robustness_FNO/2D_NS_FNO2d_recurrent/datasets/exponax_datasets/t20/generalizability/dim2d_nx256_N10_solver=exponax_nu0.000_t20.0_test_ntimepoints21_NegLogGRF_rq_length_scale0.050_variance0.700_alpha1.700_exp_factor2.500_vmax1_vmin0_batch0_all_frames.pt
  1264. /blue/shiboli.fsu/yifeisun.umich/adversarial_robustness_FNO/2D_NS_FNO2d_recurrent/datasets/exponax_datasets/t20/generalizability/dim2d_nx256_N10_solver=exponax_nu0.000_t20.0_test_ntimepoints21_NegLogGRF_rq_length_scale0.050_variance1.000_alpha0.750_exp_factor2.500_vmax-1_vmin-1.5_batch0_all_frames.pt
  1265. /blue/shiboli.fsu/yifeisun.umich/adversarial_robustness_FNO/2D_NS_FNO2d_recurrent/datasets/exponax_datasets/t20/generalizability/dim2d_nx256_N10_solver=exponax_nu0.000_t20.0_test_ntimepoints21_NegLogGRF_rq_length_scale0.050_variance1.000_alpha0.750_exp_factor2.500_vmax0.4_vmin-0.4_batch0_all_frames.pt
  1266. /blue/shiboli.fsu/yifeisun.umich/adversarial_robustness_FNO/2D_NS_FNO2d_recurrent/datasets/exponax_datasets/t20/generalizability/dim2d_nx256_N10_solver=exponax_nu0.000_t20.0_test_ntimepoints21_NegLogGRF_rq_length_scale0.050_variance1.000_alpha0.750_exp_factor2.500_vmax0_vmin-1_batch0_all_frames.pt
  1267. /blue/shiboli.fsu/yifeisun.umich/adversarial_robustness_FNO/2D_NS_FNO2d_recurrent/datasets/exponax_datasets/t20/generalizability/dim2d_nx256_N10_solver=exponax_nu0.000_t20.0_test_ntimepoints21_NegLogGRF_rq_length_scale0.050_variance1.000_alpha0.750_exp_factor2.500_vmax1.5_vmin1_batch0_all_frames.pt
  1268. /blue/shiboli.fsu/yifeisun.umich/adversarial_robustness_FNO/2D_NS_FNO2d_recurrent/datasets/exponax_datasets/t20/generalizability/dim2d_nx256_N10_solver=exponax_nu0.000_t20.0_test_ntimepoints21_NegLogGRF_rq_length_scale0.050_variance1.000_alpha0.750_exp_factor2.500_vmax1_vmin-1_batch0_all_frames.pt
  1269. /blue/shiboli.fsu/yifeisun.umich/adversarial_robustness_FNO/2D_NS_FNO2d_recurrent/datasets/exponax_datasets/t20/generalizability/dim2d_nx256_N10_solver=exponax_nu0.000_t20.0_test_ntimepoints21_NegLogGRF_rq_length_scale0.050_variance1.000_alpha0.750_exp_factor2.500_vmax1_vmin0_batch0_all_frames.pt
  1270. /blue/shiboli.fsu/yifeisun.umich/adversarial_robustness_FNO/2D_NS_FNO2d_recurrent/datasets/exponax_datasets/t20/generalizability/dim2d_nx256_N10_solver=exponax_nu0.000_t20.0_test_ntimepoints21_NegLogGRF_rq_length_scale0.050_variance1.000_alpha1.000_exp_factor2.500_vmax-1_vmin-1.5_batch0_all_frames.pt
  1271. /blue/shiboli.fsu/yifeisun.umich/adversarial_robustness_FNO/2D_NS_FNO2d_recurrent/datasets/exponax_datasets/t20/generalizability/dim2d_nx256_N10_solver=exponax_nu0.000_t20.0_test_ntimepoints21_NegLogGRF_rq_length_scale0.050_variance1.000_alpha1.000_exp_factor2.500_vmax0.4_vmin-0.4_batch0_all_frames.pt
  1272. /blue/shiboli.fsu/yifeisun.umich/adversarial_robustness_FNO/2D_NS_FNO2d_recurrent/datasets/exponax_datasets/t20/generalizability/dim2d_nx256_N10_solver=exponax_nu0.000_t20.0_test_ntimepoints21_NegLogGRF_rq_length_scale0.050_variance1.000_alpha1.000_exp_factor2.500_vmax0_vmin-1_batch0_all_frames.pt
  1273. /blue/shiboli.fsu/yifeisun.umich/adversarial_robustness_FNO/2D_NS_FNO2d_recurrent/datasets/exponax_datasets/t20/generalizability/dim2d_nx256_N10_solver=exponax_nu0.000_t20.0_test_ntimepoints21_NegLogGRF_rq_length_scale0.050_variance1.000_alpha1.000_exp_factor2.500_vmax1.5_vmin1_batch0_all_frames.pt
  1274. /blue/shiboli.fsu/yifeisun.umich/adversarial_robustness_FNO/2D_NS_FNO2d_recurrent/datasets/exponax_datasets/t20/generalizability/dim2d_nx256_N10_solver=exponax_nu0.000_t20.0_test_ntimepoints21_NegLogGRF_rq_length_scale0.050_variance1.000_alpha1.000_exp_factor2.500_vmax1_vmin-1_batch0_all_frames.pt
  1275. /blue/shiboli.fsu/yifeisun.umich/adversarial_robustness_FNO/2D_NS_FNO2d_recurrent/datasets/exponax_datasets/t20/generalizability/dim2d_nx256_N10_solver=exponax_nu0.000_t20.0_test_ntimepoints21_NegLogGRF_rq_length_scale0.050_variance1.000_alpha1.000_exp_factor2.500_vmax1_vmin0_batch0_all_frames.pt
  1276. /blue/shiboli.fsu/yifeisun.umich/adversarial_robustness_FNO/2D_NS_FNO2d_recurrent/datasets/exponax_datasets/t20/generalizability/dim2d_nx256_N10_solver=exponax_nu0.000_t20.0_test_ntimepoints21_NegLogGRF_rq_length_scale0.050_variance1.000_alpha1.500_exp_factor2.500_vmax-1_vmin-1.5_batch0_all_frames.pt
  1277. /blue/shiboli.fsu/yifeisun.umich/adversarial_robustness_FNO/2D_NS_FNO2d_recurrent/datasets/exponax_datasets/t20/generalizability/dim2d_nx256_N10_solver=exponax_nu0.000_t20.0_test_ntimepoints21_NegLogGRF_rq_length_scale0.050_variance1.000_alpha1.500_exp_factor2.500_vmax0.4_vmin-0.4_batch0_all_frames.pt
  1278. /blue/shiboli.fsu/yifeisun.umich/adversarial_robustness_FNO/2D_NS_FNO2d_recurrent/datasets/exponax_datasets/t20/generalizability/dim2d_nx256_N10_solver=exponax_nu0.000_t20.0_test_ntimepoints21_NegLogGRF_rq_length_scale0.050_variance1.000_alpha1.500_exp_factor2.500_vmax0_vmin-1_batch0_all_frames.pt
  1279. /blue/shiboli.fsu/yifeisun.umich/adversarial_robustness_FNO/2D_NS_FNO2d_recurrent/datasets/exponax_datasets/t20/generalizability/dim2d_nx256_N10_solver=exponax_nu0.000_t20.0_test_ntimepoints21_NegLogGRF_rq_length_scale0.050_variance1.000_alpha1.500_exp_factor2.500_vmax1.5_vmin1_batch0_all_frames.pt
  1280. /blue/shiboli.fsu/yifeisun.umich/adversarial_robustness_FNO/2D_NS_FNO2d_recurrent/datasets/exponax_datasets/t20/generalizability/dim2d_nx256_N10_solver=exponax_nu0.000_t20.0_test_ntimepoints21_NegLogGRF_rq_length_scale0.050_variance1.000_alpha1.500_exp_factor2.500_vmax1_vmin-1_batch0_all_frames.pt
  1281. /blue/shiboli.fsu/yifeisun.umich/adversarial_robustness_FNO/2D_NS_FNO2d_recurrent/datasets/exponax_datasets/t20/generalizability/dim2d_nx256_N10_solver=exponax_nu0.000_t20.0_test_ntimepoints21_NegLogGRF_rq_length_scale0.050_variance1.000_alpha1.500_exp_factor2.500_vmax1_vmin0_batch0_all_frames.pt
  1282. /blue/shiboli.fsu/yifeisun.umich/adversarial_robustness_FNO/2D_NS_FNO2d_recurrent/datasets/exponax_datasets/t20/generalizability/dim2d_nx256_N10_solver=exponax_nu0.000_t20.0_test_ntimepoints21_NegLogGRF_rq_length_scale0.050_variance1.000_alpha1.700_exp_factor2.500_vmax-1_vmin-1.5_batch0_all_frames.pt
  1283. /blue/shiboli.fsu/yifeisun.umich/adversarial_robustness_FNO/2D_NS_FNO2d_recurrent/datasets/exponax_datasets/t20/generalizability/dim2d_nx256_N10_solver=exponax_nu0.000_t20.0_test_ntimepoints21_NegLogGRF_rq_length_scale0.050_variance1.000_alpha1.700_exp_factor2.500_vmax0.4_vmin-0.4_batch0_all_frames.pt
  1284. /blue/shiboli.fsu/yifeisun.umich/adversarial_robustness_FNO/2D_NS_FNO2d_recurrent/datasets/exponax_datasets/t20/generalizability/dim2d_nx256_N10_solver=exponax_nu0.000_t20.0_test_ntimepoints21_NegLogGRF_rq_length_scale0.050_variance1.000_alpha1.700_exp_factor2.500_vmax0_vmin-1_batch0_all_frames.pt
  1285. /blue/shiboli.fsu/yifeisun.umich/adversarial_robustness_FNO/2D_NS_FNO2d_recurrent/datasets/exponax_datasets/t20/generalizability/dim2d_nx256_N10_solver=exponax_nu0.000_t20.0_test_ntimepoints21_NegLogGRF_rq_length_scale0.050_variance1.000_alpha1.700_exp_factor2.500_vmax1.5_vmin1_batch0_all_frames.pt
  1286. /blue/shiboli.fsu/yifeisun.umich/adversarial_robustness_FNO/2D_NS_FNO2d_recurrent/datasets/exponax_datasets/t20/generalizability/dim2d_nx256_N10_solver=exponax_nu0.000_t20.0_test_ntimepoints21_NegLogGRF_rq_length_scale0.050_variance1.000_alpha1.700_exp_factor2.500_vmax1_vmin-1_batch0_all_frames.pt
  1287. /blue/shiboli.fsu/yifeisun.umich/adversarial_robustness_FNO/2D_NS_FNO2d_recurrent/datasets/exponax_datasets/t20/generalizability/dim2d_nx256_N10_solver=exponax_nu0.000_t20.0_test_ntimepoints21_NegLogGRF_rq_length_scale0.050_variance1.000_alpha1.700_exp_factor2.500_vmax1_vmin0_batch0_all_frames.pt
  1288. /blue/shiboli.fsu/yifeisun.umich/adversarial_robustness_FNO/2D_NS_FNO2d_recurrent/datasets/exponax_datasets/t20/generalizability/dim2d_nx256_N10_solver=exponax_nu0.000_t20.0_test_ntimepoints21_NegLogGRF_rq_length_scale0.050_variance1.700_alpha0.750_exp_factor2.500_vmax-1_vmin-1.5_batch0_all_frames.pt
  1289. /blue/shiboli.fsu/yifeisun.umich/adversarial_robustness_FNO/2D_NS_FNO2d_recurrent/datasets/exponax_datasets/t20/generalizability/dim2d_nx256_N10_solver=exponax_nu0.000_t20.0_test_ntimepoints21_NegLogGRF_rq_length_scale0.050_variance1.700_alpha0.750_exp_factor2.500_vmax0.4_vmin-0.4_batch0_all_frames.pt
  1290. /blue/shiboli.fsu/yifeisun.umich/adversarial_robustness_FNO/2D_NS_FNO2d_recurrent/datasets/exponax_datasets/t20/generalizability/dim2d_nx256_N10_solver=exponax_nu0.000_t20.0_test_ntimepoints21_NegLogGRF_rq_length_scale0.050_variance1.700_alpha0.750_exp_factor2.500_vmax0_vmin-1_batch0_all_frames.pt
  1291. /blue/shiboli.fsu/yifeisun.umich/adversarial_robustness_FNO/2D_NS_FNO2d_recurrent/datasets/exponax_datasets/t20/generalizability/dim2d_nx256_N10_solver=exponax_nu0.000_t20.0_test_ntimepoints21_NegLogGRF_rq_length_scale0.050_variance1.700_alpha0.750_exp_factor2.500_vmax1.5_vmin1_batch0_all_frames.pt
  1292. /blue/shiboli.fsu/yifeisun.umich/adversarial_robustness_FNO/2D_NS_FNO2d_recurrent/datasets/exponax_datasets/t20/generalizability/dim2d_nx256_N10_solver=exponax_nu0.000_t20.0_test_ntimepoints21_NegLogGRF_rq_length_scale0.050_variance1.700_alpha0.750_exp_factor2.500_vmax1_vmin-1_batch0_all_frames.pt
  1293. /blue/shiboli.fsu/yifeisun.umich/adversarial_robustness_FNO/2D_NS_FNO2d_recurrent/datasets/exponax_datasets/t20/generalizability/dim2d_nx256_N10_solver=exponax_nu0.000_t20.0_test_ntimepoints21_NegLogGRF_rq_length_scale0.050_variance1.700_alpha0.750_exp_factor2.500_vmax1_vmin0_batch0_all_frames.pt
  1294. /blue/shiboli.fsu/yifeisun.umich/adversarial_robustness_FNO/2D_NS_FNO2d_recurrent/datasets/exponax_datasets/t20/generalizability/dim2d_nx256_N10_solver=exponax_nu0.000_t20.0_test_ntimepoints21_NegLogGRF_rq_length_scale0.050_variance1.700_alpha1.000_exp_factor2.500_vmax-1_vmin-1.5_batch0_all_frames.pt
  1295. /blue/shiboli.fsu/yifeisun.umich/adversarial_robustness_FNO/2D_NS_FNO2d_recurrent/datasets/exponax_datasets/t20/generalizability/dim2d_nx256_N10_solver=exponax_nu0.000_t20.0_test_ntimepoints21_NegLogGRF_rq_length_scale0.050_variance1.700_alpha1.000_exp_factor2.500_vmax0.4_vmin-0.4_batch0_all_frames.pt
  1296. /blue/shiboli.fsu/yifeisun.umich/adversarial_robustness_FNO/2D_NS_FNO2d_recurrent/datasets/exponax_datasets/t20/generalizability/dim2d_nx256_N10_solver=exponax_nu0.000_t20.0_test_ntimepoints21_NegLogGRF_rq_length_scale0.050_variance1.700_alpha1.000_exp_factor2.500_vmax0_vmin-1_batch0_all_frames.pt
  1297. /blue/shiboli.fsu/yifeisun.umich/adversarial_robustness_FNO/2D_NS_FNO2d_recurrent/datasets/exponax_datasets/t20/generalizability/dim2d_nx256_N10_solver=exponax_nu0.000_t20.0_test_ntimepoints21_NegLogGRF_rq_length_scale0.050_variance1.700_alpha1.000_exp_factor2.500_vmax1.5_vmin1_batch0_all_frames.pt
  1298. /blue/shiboli.fsu/yifeisun.umich/adversarial_robustness_FNO/2D_NS_FNO2d_recurrent/datasets/exponax_datasets/t20/generalizability/dim2d_nx256_N10_solver=exponax_nu0.000_t20.0_test_ntimepoints21_NegLogGRF_rq_length_scale0.050_variance1.700_alpha1.000_exp_factor2.500_vmax1_vmin-1_batch0_all_frames.pt
  1299. /blue/shiboli.fsu/yifeisun.umich/adversarial_robustness_FNO/2D_NS_FNO2d_recurrent/datasets/exponax_datasets/t20/generalizability/dim2d_nx256_N10_solver=exponax_nu0.000_t20.0_test_ntimepoints21_NegLogGRF_rq_length_scale0.050_variance1.700_alpha1.000_exp_factor2.500_vmax1_vmin0_batch0_all_frames.pt
  1300. /blue/shiboli.fsu/yifeisun.umich/adversarial_robustness_FNO/2D_NS_FNO2d_recurrent/datasets/exponax_datasets/t20/generalizability/dim2d_nx256_N10_solver=exponax_nu0.000_t20.0_test_ntimepoints21_NegLogGRF_rq_length_scale0.050_variance1.700_alpha1.500_exp_factor2.500_vmax-1_vmin-1.5_batch0_all_frames.pt
  1301. /blue/shiboli.fsu/yifeisun.umich/adversarial_robustness_FNO/2D_NS_FNO2d_recurrent/datasets/exponax_datasets/t20/generalizability/dim2d_nx256_N10_solver=exponax_nu0.000_t20.0_test_ntimepoints21_NegLogGRF_rq_length_scale0.050_variance1.700_alpha1.500_exp_factor2.500_vmax0.4_vmin-0.4_batch0_all_frames.pt
  1302. /blue/shiboli.fsu/yifeisun.umich/adversarial_robustness_FNO/2D_NS_FNO2d_recurrent/datasets/exponax_datasets/t20/generalizability/dim2d_nx256_N10_solver=exponax_nu0.000_t20.0_test_ntimepoints21_NegLogGRF_rq_length_scale0.050_variance1.700_alpha1.500_exp_factor2.500_vmax0_vmin-1_batch0_all_frames.pt
  1303. /blue/shiboli.fsu/yifeisun.umich/adversarial_robustness_FNO/2D_NS_FNO2d_recurrent/datasets/exponax_datasets/t20/generalizability/dim2d_nx256_N10_solver=exponax_nu0.000_t20.0_test_ntimepoints21_NegLogGRF_rq_length_scale0.050_variance1.700_alpha1.500_exp_factor2.500_vmax1.5_vmin1_batch0_all_frames.pt
  1304. /blue/shiboli.fsu/yifeisun.umich/adversarial_robustness_FNO/2D_NS_FNO2d_recurrent/datasets/exponax_datasets/t20/generalizability/dim2d_nx256_N10_solver=exponax_nu0.000_t20.0_test_ntimepoints21_NegLogGRF_rq_length_scale0.050_variance1.700_alpha1.500_exp_factor2.500_vmax1_vmin-1_batch0_all_frames.pt
  1305. /blue/shiboli.fsu/yifeisun.umich/adversarial_robustness_FNO/2D_NS_FNO2d_recurrent/datasets/exponax_datasets/t20/generalizability/dim2d_nx256_N10_solver=exponax_nu0.000_t20.0_test_ntimepoints21_NegLogGRF_rq_length_scale0.050_variance1.700_alpha1.500_exp_factor2.500_vmax1_vmin0_batch0_all_frames.pt
  1306. /blue/shiboli.fsu/yifeisun.umich/adversarial_robustness_FNO/2D_NS_FNO2d_recurrent/datasets/exponax_datasets/t20/generalizability/dim2d_nx256_N10_solver=exponax_nu0.000_t20.0_test_ntimepoints21_NegLogGRF_rq_length_scale0.050_variance1.700_alpha1.700_exp_factor2.500_vmax-1_vmin-1.5_batch0_all_frames.pt
  1307. /blue/shiboli.fsu/yifeisun.umich/adversarial_robustness_FNO/2D_NS_FNO2d_recurrent/datasets/exponax_datasets/t20/generalizability/dim2d_nx256_N10_solver=exponax_nu0.000_t20.0_test_ntimepoints21_NegLogGRF_rq_length_scale0.050_variance1.700_alpha1.700_exp_factor2.500_vmax0.4_vmin-0.4_batch0_all_frames.pt
  1308. /blue/shiboli.fsu/yifeisun.umich/adversarial_robustness_FNO/2D_NS_FNO2d_recurrent/datasets/exponax_datasets/t20/generalizability/dim2d_nx256_N10_solver=exponax_nu0.000_t20.0_test_ntimepoints21_NegLogGRF_rq_length_scale0.050_variance1.700_alpha1.700_exp_factor2.500_vmax0_vmin-1_batch0_all_frames.pt
  1309. /blue/shiboli.fsu/yifeisun.umich/adversarial_robustness_FNO/2D_NS_FNO2d_recurrent/datasets/exponax_datasets/t20/generalizability/dim2d_nx256_N10_solver=exponax_nu0.000_t20.0_test_ntimepoints21_NegLogGRF_rq_length_scale0.050_variance1.700_alpha1.700_exp_factor2.500_vmax1.5_vmin1_batch0_all_frames.pt
  1310. /blue/shiboli.fsu/yifeisun.umich/adversarial_robustness_FNO/2D_NS_FNO2d_recurrent/datasets/exponax_datasets/t20/generalizability/dim2d_nx256_N10_solver=exponax_nu0.000_t20.0_test_ntimepoints21_NegLogGRF_rq_length_scale0.050_variance1.700_alpha1.700_exp_factor2.500_vmax1_vmin-1_batch0_all_frames.pt
  1311. /blue/shiboli.fsu/yifeisun.umich/adversarial_robustness_FNO/2D_NS_FNO2d_recurrent/datasets/exponax_datasets/t20/generalizability/dim2d_nx256_N10_solver=exponax_nu0.000_t20.0_test_ntimepoints21_NegLogGRF_rq_length_scale0.050_variance1.700_alpha1.700_exp_factor2.500_vmax1_vmin0_batch0_all_frames.pt
  1312. /blue/shiboli.fsu/yifeisun.umich/adversarial_robustness_FNO/2D_NS_FNO2d_recurrent/datasets/exponax_datasets/t20/generalizability/dim2d_nx256_N10_solver=exponax_nu0.000_t20.0_test_ntimepoints21_NegLogGRF_rq_length_scale0.100_variance0.700_alpha0.750_exp_factor2.500_vmax-1_vmin-1.5_batch0_all_frames.pt
  1313. /blue/shiboli.fsu/yifeisun.umich/adversarial_robustness_FNO/2D_NS_FNO2d_recurrent/datasets/exponax_datasets/t20/generalizability/dim2d_nx256_N10_solver=exponax_nu0.000_t20.0_test_ntimepoints21_NegLogGRF_rq_length_scale0.100_variance0.700_alpha0.750_exp_factor2.500_vmax0.4_vmin-0.4_batch0_all_frames.pt
  1314. /blue/shiboli.fsu/yifeisun.umich/adversarial_robustness_FNO/2D_NS_FNO2d_recurrent/datasets/exponax_datasets/t20/generalizability/dim2d_nx256_N10_solver=exponax_nu0.000_t20.0_test_ntimepoints21_NegLogGRF_rq_length_scale0.100_variance0.700_alpha0.750_exp_factor2.500_vmax0_vmin-1_batch0_all_frames.pt
  1315. /blue/shiboli.fsu/yifeisun.umich/adversarial_robustness_FNO/2D_NS_FNO2d_recurrent/datasets/exponax_datasets/t20/generalizability/dim2d_nx256_N10_solver=exponax_nu0.000_t20.0_test_ntimepoints21_NegLogGRF_rq_length_scale0.100_variance0.700_alpha0.750_exp_factor2.500_vmax1.5_vmin1_batch0_all_frames.pt
  1316. /blue/shiboli.fsu/yifeisun.umich/adversarial_robustness_FNO/2D_NS_FNO2d_recurrent/datasets/exponax_datasets/t20/generalizability/dim2d_nx256_N10_solver=exponax_nu0.000_t20.0_test_ntimepoints21_NegLogGRF_rq_length_scale0.100_variance0.700_alpha0.750_exp_factor2.500_vmax1_vmin-1_batch0_all_frames.pt
  1317. /blue/shiboli.fsu/yifeisun.umich/adversarial_robustness_FNO/2D_NS_FNO2d_recurrent/datasets/exponax_datasets/t20/generalizability/dim2d_nx256_N10_solver=exponax_nu0.000_t20.0_test_ntimepoints21_NegLogGRF_rq_length_scale0.100_variance0.700_alpha0.750_exp_factor2.500_vmax1_vmin0_batch0_all_frames.pt
  1318. /blue/shiboli.fsu/yifeisun.umich/adversarial_robustness_FNO/2D_NS_FNO2d_recurrent/datasets/exponax_datasets/t20/generalizability/dim2d_nx256_N10_solver=exponax_nu0.000_t20.0_test_ntimepoints21_NegLogGRF_rq_length_scale0.100_variance0.700_alpha1.000_exp_factor2.500_vmax-1_vmin-1.5_batch0_all_frames.pt
  1319. /blue/shiboli.fsu/yifeisun.umich/adversarial_robustness_FNO/2D_NS_FNO2d_recurrent/datasets/exponax_datasets/t20/generalizability/dim2d_nx256_N10_solver=exponax_nu0.000_t20.0_test_ntimepoints21_NegLogGRF_rq_length_scale0.100_variance0.700_alpha1.000_exp_factor2.500_vmax0.4_vmin-0.4_batch0_all_frames.pt
  1320. /blue/shiboli.fsu/yifeisun.umich/adversarial_robustness_FNO/2D_NS_FNO2d_recurrent/datasets/exponax_datasets/t20/generalizability/dim2d_nx256_N10_solver=exponax_nu0.000_t20.0_test_ntimepoints21_NegLogGRF_rq_length_scale0.100_variance0.700_alpha1.000_exp_factor2.500_vmax0_vmin-1_batch0_all_frames.pt
  1321. /blue/shiboli.fsu/yifeisun.umich/adversarial_robustness_FNO/2D_NS_FNO2d_recurrent/datasets/exponax_datasets/t20/generalizability/dim2d_nx256_N10_solver=exponax_nu0.000_t20.0_test_ntimepoints21_NegLogGRF_rq_length_scale0.100_variance0.700_alpha1.000_exp_factor2.500_vmax1.5_vmin1_batch0_all_frames.pt
  1322. /blue/shiboli.fsu/yifeisun.umich/adversarial_robustness_FNO/2D_NS_FNO2d_recurrent/datasets/exponax_datasets/t20/generalizability/dim2d_nx256_N10_solver=exponax_nu0.000_t20.0_test_ntimepoints21_NegLogGRF_rq_length_scale0.100_variance0.700_alpha1.000_exp_factor2.500_vmax1_vmin-1_batch0_all_frames.pt
  1323. /blue/shiboli.fsu/yifeisun.umich/adversarial_robustness_FNO/2D_NS_FNO2d_recurrent/datasets/exponax_datasets/t20/generalizability/dim2d_nx256_N10_solver=exponax_nu0.000_t20.0_test_ntimepoints21_NegLogGRF_rq_length_scale0.100_variance0.700_alpha1.000_exp_factor2.500_vmax1_vmin0_batch0_all_frames.pt
  1324. /blue/shiboli.fsu/yifeisun.umich/adversarial_robustness_FNO/2D_NS_FNO2d_recurrent/datasets/exponax_datasets/t20/generalizability/dim2d_nx256_N10_solver=exponax_nu0.000_t20.0_test_ntimepoints21_NegLogGRF_rq_length_scale0.100_variance0.700_alpha1.500_exp_factor2.500_vmax-1_vmin-1.5_batch0_all_frames.pt
  1325. /blue/shiboli.fsu/yifeisun.umich/adversarial_robustness_FNO/2D_NS_FNO2d_recurrent/datasets/exponax_datasets/t20/generalizability/dim2d_nx256_N10_solver=exponax_nu0.000_t20.0_test_ntimepoints21_NegLogGRF_rq_length_scale0.100_variance0.700_alpha1.500_exp_factor2.500_vmax0.4_vmin-0.4_batch0_all_frames.pt
  1326. /blue/shiboli.fsu/yifeisun.umich/adversarial_robustness_FNO/2D_NS_FNO2d_recurrent/datasets/exponax_datasets/t20/generalizability/dim2d_nx256_N10_solver=exponax_nu0.000_t20.0_test_ntimepoints21_NegLogGRF_rq_length_scale0.100_variance0.700_alpha1.500_exp_factor2.500_vmax0_vmin-1_batch0_all_frames.pt
  1327. /blue/shiboli.fsu/yifeisun.umich/adversarial_robustness_FNO/2D_NS_FNO2d_recurrent/datasets/exponax_datasets/t20/generalizability/dim2d_nx256_N10_solver=exponax_nu0.000_t20.0_test_ntimepoints21_NegLogGRF_rq_length_scale0.100_variance0.700_alpha1.500_exp_factor2.500_vmax1.5_vmin1_batch0_all_frames.pt
  1328. /blue/shiboli.fsu/yifeisun.umich/adversarial_robustness_FNO/2D_NS_FNO2d_recurrent/datasets/exponax_datasets/t20/generalizability/dim2d_nx256_N10_solver=exponax_nu0.000_t20.0_test_ntimepoints21_NegLogGRF_rq_length_scale0.100_variance0.700_alpha1.500_exp_factor2.500_vmax1_vmin-1_batch0_all_frames.pt
  1329. /blue/shiboli.fsu/yifeisun.umich/adversarial_robustness_FNO/2D_NS_FNO2d_recurrent/datasets/exponax_datasets/t20/generalizability/dim2d_nx256_N10_solver=exponax_nu0.000_t20.0_test_ntimepoints21_NegLogGRF_rq_length_scale0.100_variance0.700_alpha1.500_exp_factor2.500_vmax1_vmin0_batch0_all_frames.pt
  1330. /blue/shiboli.fsu/yifeisun.umich/adversarial_robustness_FNO/2D_NS_FNO2d_recurrent/datasets/exponax_datasets/t20/generalizability/dim2d_nx256_N10_solver=exponax_nu0.000_t20.0_test_ntimepoints21_NegLogGRF_rq_length_scale0.100_variance0.700_alpha1.700_exp_factor2.500_vmax-1_vmin-1.5_batch0_all_frames.pt
  1331. /blue/shiboli.fsu/yifeisun.umich/adversarial_robustness_FNO/2D_NS_FNO2d_recurrent/datasets/exponax_datasets/t20/generalizability/dim2d_nx256_N10_solver=exponax_nu0.000_t20.0_test_ntimepoints21_NegLogGRF_rq_length_scale0.100_variance0.700_alpha1.700_exp_factor2.500_vmax0.4_vmin-0.4_batch0_all_frames.pt
  1332. /blue/shiboli.fsu/yifeisun.umich/adversarial_robustness_FNO/2D_NS_FNO2d_recurrent/datasets/exponax_datasets/t20/generalizability/dim2d_nx256_N10_solver=exponax_nu0.000_t20.0_test_ntimepoints21_NegLogGRF_rq_length_scale0.100_variance0.700_alpha1.700_exp_factor2.500_vmax0_vmin-1_batch0_all_frames.pt
  1333. /blue/shiboli.fsu/yifeisun.umich/adversarial_robustness_FNO/2D_NS_FNO2d_recurrent/datasets/exponax_datasets/t20/generalizability/dim2d_nx256_N10_solver=exponax_nu0.000_t20.0_test_ntimepoints21_NegLogGRF_rq_length_scale0.100_variance0.700_alpha1.700_exp_factor2.500_vmax1.5_vmin1_batch0_all_frames.pt
  1334. /blue/shiboli.fsu/yifeisun.umich/adversarial_robustness_FNO/2D_NS_FNO2d_recurrent/datasets/exponax_datasets/t20/generalizability/dim2d_nx256_N10_solver=exponax_nu0.000_t20.0_test_ntimepoints21_NegLogGRF_rq_length_scale0.100_variance0.700_alpha1.700_exp_factor2.500_vmax1_vmin-1_batch0_all_frames.pt
  1335. /blue/shiboli.fsu/yifeisun.umich/adversarial_robustness_FNO/2D_NS_FNO2d_recurrent/datasets/exponax_datasets/t20/generalizability/dim2d_nx256_N10_solver=exponax_nu0.000_t20.0_test_ntimepoints21_NegLogGRF_rq_length_scale0.100_variance0.700_alpha1.700_exp_factor2.500_vmax1_vmin0_batch0_all_frames.pt
  1336. /blue/shiboli.fsu/yifeisun.umich/adversarial_robustness_FNO/2D_NS_FNO2d_recurrent/datasets/exponax_datasets/t20/generalizability/dim2d_nx256_N10_solver=exponax_nu0.000_t20.0_test_ntimepoints21_NegLogGRF_rq_length_scale0.100_variance1.000_alpha0.750_exp_factor2.500_vmax-1_vmin-1.5_batch0_all_frames.pt
  1337. /blue/shiboli.fsu/yifeisun.umich/adversarial_robustness_FNO/2D_NS_FNO2d_recurrent/datasets/exponax_datasets/t20/generalizability/dim2d_nx256_N10_solver=exponax_nu0.000_t20.0_test_ntimepoints21_NegLogGRF_rq_length_scale0.100_variance1.000_alpha0.750_exp_factor2.500_vmax0.4_vmin-0.4_batch0_all_frames.pt
  1338. /blue/shiboli.fsu/yifeisun.umich/adversarial_robustness_FNO/2D_NS_FNO2d_recurrent/datasets/exponax_datasets/t20/generalizability/dim2d_nx256_N10_solver=exponax_nu0.000_t20.0_test_ntimepoints21_NegLogGRF_rq_length_scale0.100_variance1.000_alpha0.750_exp_factor2.500_vmax0_vmin-1_batch0_all_frames.pt
  1339. /blue/shiboli.fsu/yifeisun.umich/adversarial_robustness_FNO/2D_NS_FNO2d_recurrent/datasets/exponax_datasets/t20/generalizability/dim2d_nx256_N10_solver=exponax_nu0.000_t20.0_test_ntimepoints21_NegLogGRF_rq_length_scale0.100_variance1.000_alpha0.750_exp_factor2.500_vmax1.5_vmin1_batch0_all_frames.pt
  1340. /blue/shiboli.fsu/yifeisun.umich/adversarial_robustness_FNO/2D_NS_FNO2d_recurrent/datasets/exponax_datasets/t20/generalizability/dim2d_nx256_N10_solver=exponax_nu0.000_t20.0_test_ntimepoints21_NegLogGRF_rq_length_scale0.100_variance1.000_alpha0.750_exp_factor2.500_vmax1_vmin-1_batch0_all_frames.pt
  1341. /blue/shiboli.fsu/yifeisun.umich/adversarial_robustness_FNO/2D_NS_FNO2d_recurrent/datasets/exponax_datasets/t20/generalizability/dim2d_nx256_N10_solver=exponax_nu0.000_t20.0_test_ntimepoints21_NegLogGRF_rq_length_scale0.100_variance1.000_alpha0.750_exp_factor2.500_vmax1_vmin0_batch0_all_frames.pt
  1342. /blue/shiboli.fsu/yifeisun.umich/adversarial_robustness_FNO/2D_NS_FNO2d_recurrent/datasets/exponax_datasets/t20/generalizability/dim2d_nx256_N10_solver=exponax_nu0.000_t20.0_test_ntimepoints21_NegLogGRF_rq_length_scale0.100_variance1.000_alpha1.000_exp_factor2.500_vmax-1_vmin-1.5_batch0_all_frames.pt
  1343. /blue/shiboli.fsu/yifeisun.umich/adversarial_robustness_FNO/2D_NS_FNO2d_recurrent/datasets/exponax_datasets/t20/generalizability/dim2d_nx256_N10_solver=exponax_nu0.000_t20.0_test_ntimepoints21_NegLogGRF_rq_length_scale0.100_variance1.000_alpha1.000_exp_factor2.500_vmax0.4_vmin-0.4_batch0_all_frames.pt
  1344. /blue/shiboli.fsu/yifeisun.umich/adversarial_robustness_FNO/2D_NS_FNO2d_recurrent/datasets/exponax_datasets/t20/generalizability/dim2d_nx256_N10_solver=exponax_nu0.000_t20.0_test_ntimepoints21_NegLogGRF_rq_length_scale0.100_variance1.000_alpha1.000_exp_factor2.500_vmax0_vmin-1_batch0_all_frames.pt
  1345. /blue/shiboli.fsu/yifeisun.umich/adversarial_robustness_FNO/2D_NS_FNO2d_recurrent/datasets/exponax_datasets/t20/generalizability/dim2d_nx256_N10_solver=exponax_nu0.000_t20.0_test_ntimepoints21_NegLogGRF_rq_length_scale0.100_variance1.000_alpha1.000_exp_factor2.500_vmax1.5_vmin1_batch0_all_frames.pt
  1346. /blue/shiboli.fsu/yifeisun.umich/adversarial_robustness_FNO/2D_NS_FNO2d_recurrent/datasets/exponax_datasets/t20/generalizability/dim2d_nx256_N10_solver=exponax_nu0.000_t20.0_test_ntimepoints21_NegLogGRF_rq_length_scale0.100_variance1.000_alpha1.000_exp_factor2.500_vmax1_vmin-1_batch0_all_frames.pt
  1347. /blue/shiboli.fsu/yifeisun.umich/adversarial_robustness_FNO/2D_NS_FNO2d_recurrent/datasets/exponax_datasets/t20/generalizability/dim2d_nx256_N10_solver=exponax_nu0.000_t20.0_test_ntimepoints21_NegLogGRF_rq_length_scale0.100_variance1.000_alpha1.000_exp_factor2.500_vmax1_vmin0_batch0_all_frames.pt
  1348. /blue/shiboli.fsu/yifeisun.umich/adversarial_robustness_FNO/2D_NS_FNO2d_recurrent/datasets/exponax_datasets/t20/generalizability/dim2d_nx256_N10_solver=exponax_nu0.000_t20.0_test_ntimepoints21_NegLogGRF_rq_length_scale0.100_variance1.000_alpha1.500_exp_factor2.500_vmax-1_vmin-1.5_batch0_all_frames.pt
  1349. /blue/shiboli.fsu/yifeisun.umich/adversarial_robustness_FNO/2D_NS_FNO2d_recurrent/datasets/exponax_datasets/t20/generalizability/dim2d_nx256_N10_solver=exponax_nu0.000_t20.0_test_ntimepoints21_NegLogGRF_rq_length_scale0.100_variance1.000_alpha1.500_exp_factor2.500_vmax0.4_vmin-0.4_batch0_all_frames.pt
  1350. /blue/shiboli.fsu/yifeisun.umich/adversarial_robustness_FNO/2D_NS_FNO2d_recurrent/datasets/exponax_datasets/t20/generalizability/dim2d_nx256_N10_solver=exponax_nu0.000_t20.0_test_ntimepoints21_NegLogGRF_rq_length_scale0.100_variance1.000_alpha1.500_exp_factor2.500_vmax0_vmin-1_batch0_all_frames.pt
  1351. /blue/shiboli.fsu/yifeisun.umich/adversarial_robustness_FNO/2D_NS_FNO2d_recurrent/datasets/exponax_datasets/t20/generalizability/dim2d_nx256_N10_solver=exponax_nu0.000_t20.0_test_ntimepoints21_NegLogGRF_rq_length_scale0.100_variance1.000_alpha1.500_exp_factor2.500_vmax1.5_vmin1_batch0_all_frames.pt
  1352. /blue/shiboli.fsu/yifeisun.umich/adversarial_robustness_FNO/2D_NS_FNO2d_recurrent/datasets/exponax_datasets/t20/generalizability/dim2d_nx256_N10_solver=exponax_nu0.000_t20.0_test_ntimepoints21_NegLogGRF_rq_length_scale0.100_variance1.000_alpha1.500_exp_factor2.500_vmax1_vmin-1_batch0_all_frames.pt
  1353. /blue/shiboli.fsu/yifeisun.umich/adversarial_robustness_FNO/2D_NS_FNO2d_recurrent/datasets/exponax_datasets/t20/generalizability/dim2d_nx256_N10_solver=exponax_nu0.000_t20.0_test_ntimepoints21_NegLogGRF_rq_length_scale0.100_variance1.000_alpha1.500_exp_factor2.500_vmax1_vmin0_batch0_all_frames.pt
  1354. /blue/shiboli.fsu/yifeisun.umich/adversarial_robustness_FNO/2D_NS_FNO2d_recurrent/datasets/exponax_datasets/t20/generalizability/dim2d_nx256_N10_solver=exponax_nu0.000_t20.0_test_ntimepoints21_NegLogGRF_rq_length_scale0.100_variance1.000_alpha1.700_exp_factor2.500_vmax-1_vmin-1.5_batch0_all_frames.pt
  1355. /blue/shiboli.fsu/yifeisun.umich/adversarial_robustness_FNO/2D_NS_FNO2d_recurrent/datasets/exponax_datasets/t20/generalizability/dim2d_nx256_N10_solver=exponax_nu0.000_t20.0_test_ntimepoints21_NegLogGRF_rq_length_scale0.100_variance1.000_alpha1.700_exp_factor2.500_vmax0.4_vmin-0.4_batch0_all_frames.pt
  1356. /blue/shiboli.fsu/yifeisun.umich/adversarial_robustness_FNO/2D_NS_FNO2d_recurrent/datasets/exponax_datasets/t20/generalizability/dim2d_nx256_N10_solver=exponax_nu0.000_t20.0_test_ntimepoints21_NegLogGRF_rq_length_scale0.100_variance1.000_alpha1.700_exp_factor2.500_vmax0_vmin-1_batch0_all_frames.pt
  1357. /blue/shiboli.fsu/yifeisun.umich/adversarial_robustness_FNO/2D_NS_FNO2d_recurrent/datasets/exponax_datasets/t20/generalizability/dim2d_nx256_N10_solver=exponax_nu0.000_t20.0_test_ntimepoints21_NegLogGRF_rq_length_scale0.100_variance1.000_alpha1.700_exp_factor2.500_vmax1.5_vmin1_batch0_all_frames.pt
  1358. /blue/shiboli.fsu/yifeisun.umich/adversarial_robustness_FNO/2D_NS_FNO2d_recurrent/datasets/exponax_datasets/t20/generalizability/dim2d_nx256_N10_solver=exponax_nu0.000_t20.0_test_ntimepoints21_NegLogGRF_rq_length_scale0.100_variance1.000_alpha1.700_exp_factor2.500_vmax1_vmin-1_batch0_all_frames.pt
  1359. /blue/shiboli.fsu/yifeisun.umich/adversarial_robustness_FNO/2D_NS_FNO2d_recurrent/datasets/exponax_datasets/t20/generalizability/dim2d_nx256_N10_solver=exponax_nu0.000_t20.0_test_ntimepoints21_NegLogGRF_rq_length_scale0.100_variance1.000_alpha1.700_exp_factor2.500_vmax1_vmin0_batch0_all_frames.pt
  1360. /blue/shiboli.fsu/yifeisun.umich/adversarial_robustness_FNO/2D_NS_FNO2d_recurrent/datasets/exponax_datasets/t20/generalizability/dim2d_nx256_N10_solver=exponax_nu0.000_t20.0_test_ntimepoints21_NegLogGRF_rq_length_scale0.100_variance1.700_alpha0.750_exp_factor2.500_vmax-1_vmin-1.5_batch0_all_frames.pt
  1361. /blue/shiboli.fsu/yifeisun.umich/adversarial_robustness_FNO/2D_NS_FNO2d_recurrent/datasets/exponax_datasets/t20/generalizability/dim2d_nx256_N10_solver=exponax_nu0.000_t20.0_test_ntimepoints21_NegLogGRF_rq_length_scale0.100_variance1.700_alpha0.750_exp_factor2.500_vmax0.4_vmin-0.4_batch0_all_frames.pt
  1362. /blue/shiboli.fsu/yifeisun.umich/adversarial_robustness_FNO/2D_NS_FNO2d_recurrent/datasets/exponax_datasets/t20/generalizability/dim2d_nx256_N10_solver=exponax_nu0.000_t20.0_test_ntimepoints21_NegLogGRF_rq_length_scale0.100_variance1.700_alpha0.750_exp_factor2.500_vmax0_vmin-1_batch0_all_frames.pt
  1363. /blue/shiboli.fsu/yifeisun.umich/adversarial_robustness_FNO/2D_NS_FNO2d_recurrent/datasets/exponax_datasets/t20/generalizability/dim2d_nx256_N10_solver=exponax_nu0.000_t20.0_test_ntimepoints21_NegLogGRF_rq_length_scale0.100_variance1.700_alpha0.750_exp_factor2.500_vmax1.5_vmin1_batch0_all_frames.pt
  1364. /blue/shiboli.fsu/yifeisun.umich/adversarial_robustness_FNO/2D_NS_FNO2d_recurrent/datasets/exponax_datasets/t20/generalizability/dim2d_nx256_N10_solver=exponax_nu0.000_t20.0_test_ntimepoints21_NegLogGRF_rq_length_scale0.100_variance1.700_alpha0.750_exp_factor2.500_vmax1_vmin-1_batch0_all_frames.pt
  1365. /blue/shiboli.fsu/yifeisun.umich/adversarial_robustness_FNO/2D_NS_FNO2d_recurrent/datasets/exponax_datasets/t20/generalizability/dim2d_nx256_N10_solver=exponax_nu0.000_t20.0_test_ntimepoints21_NegLogGRF_rq_length_scale0.100_variance1.700_alpha0.750_exp_factor2.500_vmax1_vmin0_batch0_all_frames.pt
  1366. /blue/shiboli.fsu/yifeisun.umich/adversarial_robustness_FNO/2D_NS_FNO2d_recurrent/datasets/exponax_datasets/t20/generalizability/dim2d_nx256_N10_solver=exponax_nu0.000_t20.0_test_ntimepoints21_NegLogGRF_rq_length_scale0.100_variance1.700_alpha1.000_exp_factor2.500_vmax-1_vmin-1.5_batch0_all_frames.pt
  1367. /blue/shiboli.fsu/yifeisun.umich/adversarial_robustness_FNO/2D_NS_FNO2d_recurrent/datasets/exponax_datasets/t20/generalizability/dim2d_nx256_N10_solver=exponax_nu0.000_t20.0_test_ntimepoints21_NegLogGRF_rq_length_scale0.100_variance1.700_alpha1.000_exp_factor2.500_vmax0.4_vmin-0.4_batch0_all_frames.pt
  1368. /blue/shiboli.fsu/yifeisun.umich/adversarial_robustness_FNO/2D_NS_FNO2d_recurrent/datasets/exponax_datasets/t20/generalizability/dim2d_nx256_N10_solver=exponax_nu0.000_t20.0_test_ntimepoints21_NegLogGRF_rq_length_scale0.100_variance1.700_alpha1.000_exp_factor2.500_vmax0_vmin-1_batch0_all_frames.pt
  1369. /blue/shiboli.fsu/yifeisun.umich/adversarial_robustness_FNO/2D_NS_FNO2d_recurrent/datasets/exponax_datasets/t20/generalizability/dim2d_nx256_N10_solver=exponax_nu0.000_t20.0_test_ntimepoints21_NegLogGRF_rq_length_scale0.100_variance1.700_alpha1.000_exp_factor2.500_vmax1.5_vmin1_batch0_all_frames.pt
  1370. /blue/shiboli.fsu/yifeisun.umich/adversarial_robustness_FNO/2D_NS_FNO2d_recurrent/datasets/exponax_datasets/t20/generalizability/dim2d_nx256_N10_solver=exponax_nu0.000_t20.0_test_ntimepoints21_NegLogGRF_rq_length_scale0.100_variance1.700_alpha1.000_exp_factor2.500_vmax1_vmin-1_batch0_all_frames.pt
  1371. /blue/shiboli.fsu/yifeisun.umich/adversarial_robustness_FNO/2D_NS_FNO2d_recurrent/datasets/exponax_datasets/t20/generalizability/dim2d_nx256_N10_solver=exponax_nu0.000_t20.0_test_ntimepoints21_NegLogGRF_rq_length_scale0.100_variance1.700_alpha1.000_exp_factor2.500_vmax1_vmin0_batch0_all_frames.pt
  1372. /blue/shiboli.fsu/yifeisun.umich/adversarial_robustness_FNO/2D_NS_FNO2d_recurrent/datasets/exponax_datasets/t20/generalizability/dim2d_nx256_N10_solver=exponax_nu0.000_t20.0_test_ntimepoints21_NegLogGRF_rq_length_scale0.100_variance1.700_alpha1.500_exp_factor2.500_vmax-1_vmin-1.5_batch0_all_frames.pt
  1373. /blue/shiboli.fsu/yifeisun.umich/adversarial_robustness_FNO/2D_NS_FNO2d_recurrent/datasets/exponax_datasets/t20/generalizability/dim2d_nx256_N10_solver=exponax_nu0.000_t20.0_test_ntimepoints21_NegLogGRF_rq_length_scale0.100_variance1.700_alpha1.500_exp_factor2.500_vmax0.4_vmin-0.4_batch0_all_frames.pt
  1374. /blue/shiboli.fsu/yifeisun.umich/adversarial_robustness_FNO/2D_NS_FNO2d_recurrent/datasets/exponax_datasets/t20/generalizability/dim2d_nx256_N10_solver=exponax_nu0.000_t20.0_test_ntimepoints21_NegLogGRF_rq_length_scale0.100_variance1.700_alpha1.500_exp_factor2.500_vmax0_vmin-1_batch0_all_frames.pt
  1375. /blue/shiboli.fsu/yifeisun.umich/adversarial_robustness_FNO/2D_NS_FNO2d_recurrent/datasets/exponax_datasets/t20/generalizability/dim2d_nx256_N10_solver=exponax_nu0.000_t20.0_test_ntimepoints21_NegLogGRF_rq_length_scale0.100_variance1.700_alpha1.500_exp_factor2.500_vmax1.5_vmin1_batch0_all_frames.pt
  1376. /blue/shiboli.fsu/yifeisun.umich/adversarial_robustness_FNO/2D_NS_FNO2d_recurrent/datasets/exponax_datasets/t20/generalizability/dim2d_nx256_N10_solver=exponax_nu0.000_t20.0_test_ntimepoints21_NegLogGRF_rq_length_scale0.100_variance1.700_alpha1.500_exp_factor2.500_vmax1_vmin-1_batch0_all_frames.pt
  1377. /blue/shiboli.fsu/yifeisun.umich/adversarial_robustness_FNO/2D_NS_FNO2d_recurrent/datasets/exponax_datasets/t20/generalizability/dim2d_nx256_N10_solver=exponax_nu0.000_t20.0_test_ntimepoints21_NegLogGRF_rq_length_scale0.100_variance1.700_alpha1.500_exp_factor2.500_vmax1_vmin0_batch0_all_frames.pt
  1378. /blue/shiboli.fsu/yifeisun.umich/adversarial_robustness_FNO/2D_NS_FNO2d_recurrent/datasets/exponax_datasets/t20/generalizability/dim2d_nx256_N10_solver=exponax_nu0.000_t20.0_test_ntimepoints21_NegLogGRF_rq_length_scale0.100_variance1.700_alpha1.700_exp_factor2.500_vmax-1_vmin-1.5_batch0_all_frames.pt
  1379. /blue/shiboli.fsu/yifeisun.umich/adversarial_robustness_FNO/2D_NS_FNO2d_recurrent/datasets/exponax_datasets/t20/generalizability/dim2d_nx256_N10_solver=exponax_nu0.000_t20.0_test_ntimepoints21_NegLogGRF_rq_length_scale0.100_variance1.700_alpha1.700_exp_factor2.500_vmax0.4_vmin-0.4_batch0_all_frames.pt
  1380. /blue/shiboli.fsu/yifeisun.umich/adversarial_robustness_FNO/2D_NS_FNO2d_recurrent/datasets/exponax_datasets/t20/generalizability/dim2d_nx256_N10_solver=exponax_nu0.000_t20.0_test_ntimepoints21_NegLogGRF_rq_length_scale0.100_variance1.700_alpha1.700_exp_factor2.500_vmax0_vmin-1_batch0_all_frames.pt
  1381. /blue/shiboli.fsu/yifeisun.umich/adversarial_robustness_FNO/2D_NS_FNO2d_recurrent/datasets/exponax_datasets/t20/generalizability/dim2d_nx256_N10_solver=exponax_nu0.000_t20.0_test_ntimepoints21_NegLogGRF_rq_length_scale0.100_variance1.700_alpha1.700_exp_factor2.500_vmax1.5_vmin1_batch0_all_frames.pt
  1382. /blue/shiboli.fsu/yifeisun.umich/adversarial_robustness_FNO/2D_NS_FNO2d_recurrent/datasets/exponax_datasets/t20/generalizability/dim2d_nx256_N10_solver=exponax_nu0.000_t20.0_test_ntimepoints21_NegLogGRF_rq_length_scale0.100_variance1.700_alpha1.700_exp_factor2.500_vmax1_vmin-1_batch0_all_frames.pt
  1383. /blue/shiboli.fsu/yifeisun.umich/adversarial_robustness_FNO/2D_NS_FNO2d_recurrent/datasets/exponax_datasets/t20/generalizability/dim2d_nx256_N10_solver=exponax_nu0.000_t20.0_test_ntimepoints21_NegLogGRF_rq_length_scale0.100_variance1.700_alpha1.700_exp_factor2.500_vmax1_vmin0_batch0_all_frames.pt
  1384. /blue/shiboli.fsu/yifeisun.umich/adversarial_robustness_FNO/2D_NS_FNO2d_recurrent/datasets/exponax_datasets/t20/generalizability/dim2d_nx256_N10_solver=exponax_nu0.000_t20.0_test_ntimepoints21_NegLogGRF_rq_length_scale0.200_variance0.700_alpha0.750_exp_factor2.500_vmax-1_vmin-1.5_batch0_all_frames.pt
  1385. /blue/shiboli.fsu/yifeisun.umich/adversarial_robustness_FNO/2D_NS_FNO2d_recurrent/datasets/exponax_datasets/t20/generalizability/dim2d_nx256_N10_solver=exponax_nu0.000_t20.0_test_ntimepoints21_NegLogGRF_rq_length_scale0.200_variance0.700_alpha0.750_exp_factor2.500_vmax0.4_vmin-0.4_batch0_all_frames.pt
  1386. /blue/shiboli.fsu/yifeisun.umich/adversarial_robustness_FNO/2D_NS_FNO2d_recurrent/datasets/exponax_datasets/t20/generalizability/dim2d_nx256_N10_solver=exponax_nu0.000_t20.0_test_ntimepoints21_NegLogGRF_rq_length_scale0.200_variance0.700_alpha0.750_exp_factor2.500_vmax0_vmin-1_batch0_all_frames.pt
  1387. /blue/shiboli.fsu/yifeisun.umich/adversarial_robustness_FNO/2D_NS_FNO2d_recurrent/datasets/exponax_datasets/t20/generalizability/dim2d_nx256_N10_solver=exponax_nu0.000_t20.0_test_ntimepoints21_NegLogGRF_rq_length_scale0.200_variance0.700_alpha0.750_exp_factor2.500_vmax1.5_vmin1_batch0_all_frames.pt
  1388. /blue/shiboli.fsu/yifeisun.umich/adversarial_robustness_FNO/2D_NS_FNO2d_recurrent/datasets/exponax_datasets/t20/generalizability/dim2d_nx256_N10_solver=exponax_nu0.000_t20.0_test_ntimepoints21_NegLogGRF_rq_length_scale0.200_variance0.700_alpha0.750_exp_factor2.500_vmax1_vmin-1_batch0_all_frames.pt
  1389. /blue/shiboli.fsu/yifeisun.umich/adversarial_robustness_FNO/2D_NS_FNO2d_recurrent/datasets/exponax_datasets/t20/generalizability/dim2d_nx256_N10_solver=exponax_nu0.000_t20.0_test_ntimepoints21_NegLogGRF_rq_length_scale0.200_variance0.700_alpha0.750_exp_factor2.500_vmax1_vmin0_batch0_all_frames.pt
  1390. /blue/shiboli.fsu/yifeisun.umich/adversarial_robustness_FNO/2D_NS_FNO2d_recurrent/datasets/exponax_datasets/t20/generalizability/dim2d_nx256_N10_solver=exponax_nu0.000_t20.0_test_ntimepoints21_NegLogGRF_rq_length_scale0.200_variance0.700_alpha1.000_exp_factor2.500_vmax-1_vmin-1.5_batch0_all_frames.pt
  1391. /blue/shiboli.fsu/yifeisun.umich/adversarial_robustness_FNO/2D_NS_FNO2d_recurrent/datasets/exponax_datasets/t20/generalizability/dim2d_nx256_N10_solver=exponax_nu0.000_t20.0_test_ntimepoints21_NegLogGRF_rq_length_scale0.200_variance0.700_alpha1.000_exp_factor2.500_vmax0.4_vmin-0.4_batch0_all_frames.pt
  1392. /blue/shiboli.fsu/yifeisun.umich/adversarial_robustness_FNO/2D_NS_FNO2d_recurrent/datasets/exponax_datasets/t20/generalizability/dim2d_nx256_N10_solver=exponax_nu0.000_t20.0_test_ntimepoints21_NegLogGRF_rq_length_scale0.200_variance0.700_alpha1.000_exp_factor2.500_vmax0_vmin-1_batch0_all_frames.pt
  1393. /blue/shiboli.fsu/yifeisun.umich/adversarial_robustness_FNO/2D_NS_FNO2d_recurrent/datasets/exponax_datasets/t20/generalizability/dim2d_nx256_N10_solver=exponax_nu0.000_t20.0_test_ntimepoints21_NegLogGRF_rq_length_scale0.200_variance0.700_alpha1.000_exp_factor2.500_vmax1.5_vmin1_batch0_all_frames.pt
  1394. /blue/shiboli.fsu/yifeisun.umich/adversarial_robustness_FNO/2D_NS_FNO2d_recurrent/datasets/exponax_datasets/t20/generalizability/dim2d_nx256_N10_solver=exponax_nu0.000_t20.0_test_ntimepoints21_NegLogGRF_rq_length_scale0.200_variance0.700_alpha1.000_exp_factor2.500_vmax1_vmin-1_batch0_all_frames.pt
  1395. /blue/shiboli.fsu/yifeisun.umich/adversarial_robustness_FNO/2D_NS_FNO2d_recurrent/datasets/exponax_datasets/t20/generalizability/dim2d_nx256_N10_solver=exponax_nu0.000_t20.0_test_ntimepoints21_NegLogGRF_rq_length_scale0.200_variance0.700_alpha1.000_exp_factor2.500_vmax1_vmin0_batch0_all_frames.pt
  1396. /blue/shiboli.fsu/yifeisun.umich/adversarial_robustness_FNO/2D_NS_FNO2d_recurrent/datasets/exponax_datasets/t20/generalizability/dim2d_nx256_N10_solver=exponax_nu0.000_t20.0_test_ntimepoints21_NegLogGRF_rq_length_scale0.200_variance0.700_alpha1.500_exp_factor2.500_vmax-1_vmin-1.5_batch0_all_frames.pt
  1397. /blue/shiboli.fsu/yifeisun.umich/adversarial_robustness_FNO/2D_NS_FNO2d_recurrent/datasets/exponax_datasets/t20/generalizability/dim2d_nx256_N10_solver=exponax_nu0.000_t20.0_test_ntimepoints21_NegLogGRF_rq_length_scale0.200_variance0.700_alpha1.500_exp_factor2.500_vmax0.4_vmin-0.4_batch0_all_frames.pt
  1398. /blue/shiboli.fsu/yifeisun.umich/adversarial_robustness_FNO/2D_NS_FNO2d_recurrent/datasets/exponax_datasets/t20/generalizability/dim2d_nx256_N10_solver=exponax_nu0.000_t20.0_test_ntimepoints21_NegLogGRF_rq_length_scale0.200_variance0.700_alpha1.500_exp_factor2.500_vmax0_vmin-1_batch0_all_frames.pt
  1399. /blue/shiboli.fsu/yifeisun.umich/adversarial_robustness_FNO/2D_NS_FNO2d_recurrent/datasets/exponax_datasets/t20/generalizability/dim2d_nx256_N10_solver=exponax_nu0.000_t20.0_test_ntimepoints21_NegLogGRF_rq_length_scale0.200_variance0.700_alpha1.500_exp_factor2.500_vmax1.5_vmin1_batch0_all_frames.pt
  1400. /blue/shiboli.fsu/yifeisun.umich/adversarial_robustness_FNO/2D_NS_FNO2d_recurrent/datasets/exponax_datasets/t20/generalizability/dim2d_nx256_N10_solver=exponax_nu0.000_t20.0_test_ntimepoints21_NegLogGRF_rq_length_scale0.200_variance0.700_alpha1.500_exp_factor2.500_vmax1_vmin-1_batch0_all_frames.pt
  1401. /blue/shiboli.fsu/yifeisun.umich/adversarial_robustness_FNO/2D_NS_FNO2d_recurrent/datasets/exponax_datasets/t20/generalizability/dim2d_nx256_N10_solver=exponax_nu0.000_t20.0_test_ntimepoints21_NegLogGRF_rq_length_scale0.200_variance0.700_alpha1.500_exp_factor2.500_vmax1_vmin0_batch0_all_frames.pt
  1402. /blue/shiboli.fsu/yifeisun.umich/adversarial_robustness_FNO/2D_NS_FNO2d_recurrent/datasets/exponax_datasets/t20/generalizability/dim2d_nx256_N10_solver=exponax_nu0.000_t20.0_test_ntimepoints21_NegLogGRF_rq_length_scale0.200_variance0.700_alpha1.700_exp_factor2.500_vmax-1_vmin-1.5_batch0_all_frames.pt
  1403. /blue/shiboli.fsu/yifeisun.umich/adversarial_robustness_FNO/2D_NS_FNO2d_recurrent/datasets/exponax_datasets/t20/generalizability/dim2d_nx256_N10_solver=exponax_nu0.000_t20.0_test_ntimepoints21_NegLogGRF_rq_length_scale0.200_variance0.700_alpha1.700_exp_factor2.500_vmax0.4_vmin-0.4_batch0_all_frames.pt
  1404. /blue/shiboli.fsu/yifeisun.umich/adversarial_robustness_FNO/2D_NS_FNO2d_recurrent/datasets/exponax_datasets/t20/generalizability/dim2d_nx256_N10_solver=exponax_nu0.000_t20.0_test_ntimepoints21_NegLogGRF_rq_length_scale0.200_variance0.700_alpha1.700_exp_factor2.500_vmax0_vmin-1_batch0_all_frames.pt
  1405. /blue/shiboli.fsu/yifeisun.umich/adversarial_robustness_FNO/2D_NS_FNO2d_recurrent/datasets/exponax_datasets/t20/generalizability/dim2d_nx256_N10_solver=exponax_nu0.000_t20.0_test_ntimepoints21_NegLogGRF_rq_length_scale0.200_variance0.700_alpha1.700_exp_factor2.500_vmax1.5_vmin1_batch0_all_frames.pt
  1406. /blue/shiboli.fsu/yifeisun.umich/adversarial_robustness_FNO/2D_NS_FNO2d_recurrent/datasets/exponax_datasets/t20/generalizability/dim2d_nx256_N10_solver=exponax_nu0.000_t20.0_test_ntimepoints21_NegLogGRF_rq_length_scale0.200_variance0.700_alpha1.700_exp_factor2.500_vmax1_vmin-1_batch0_all_frames.pt
  1407. /blue/shiboli.fsu/yifeisun.umich/adversarial_robustness_FNO/2D_NS_FNO2d_recurrent/datasets/exponax_datasets/t20/generalizability/dim2d_nx256_N10_solver=exponax_nu0.000_t20.0_test_ntimepoints21_NegLogGRF_rq_length_scale0.200_variance0.700_alpha1.700_exp_factor2.500_vmax1_vmin0_batch0_all_frames.pt
  1408. /blue/shiboli.fsu/yifeisun.umich/adversarial_robustness_FNO/2D_NS_FNO2d_recurrent/datasets/exponax_datasets/t20/generalizability/dim2d_nx256_N10_solver=exponax_nu0.000_t20.0_test_ntimepoints21_NegLogGRF_rq_length_scale0.200_variance1.000_alpha0.750_exp_factor2.500_vmax-1_vmin-1.5_batch0_all_frames.pt
  1409. /blue/shiboli.fsu/yifeisun.umich/adversarial_robustness_FNO/2D_NS_FNO2d_recurrent/datasets/exponax_datasets/t20/generalizability/dim2d_nx256_N10_solver=exponax_nu0.000_t20.0_test_ntimepoints21_NegLogGRF_rq_length_scale0.200_variance1.000_alpha0.750_exp_factor2.500_vmax0.4_vmin-0.4_batch0_all_frames.pt
  1410. /blue/shiboli.fsu/yifeisun.umich/adversarial_robustness_FNO/2D_NS_FNO2d_recurrent/datasets/exponax_datasets/t20/generalizability/dim2d_nx256_N10_solver=exponax_nu0.000_t20.0_test_ntimepoints21_NegLogGRF_rq_length_scale0.200_variance1.000_alpha0.750_exp_factor2.500_vmax0_vmin-1_batch0_all_frames.pt
  1411. /blue/shiboli.fsu/yifeisun.umich/adversarial_robustness_FNO/2D_NS_FNO2d_recurrent/datasets/exponax_datasets/t20/generalizability/dim2d_nx256_N10_solver=exponax_nu0.000_t20.0_test_ntimepoints21_NegLogGRF_rq_length_scale0.200_variance1.000_alpha0.750_exp_factor2.500_vmax1.5_vmin1_batch0_all_frames.pt
  1412. /blue/shiboli.fsu/yifeisun.umich/adversarial_robustness_FNO/2D_NS_FNO2d_recurrent/datasets/exponax_datasets/t20/generalizability/dim2d_nx256_N10_solver=exponax_nu0.000_t20.0_test_ntimepoints21_NegLogGRF_rq_length_scale0.200_variance1.000_alpha0.750_exp_factor2.500_vmax1_vmin-1_batch0_all_frames.pt
  1413. /blue/shiboli.fsu/yifeisun.umich/adversarial_robustness_FNO/2D_NS_FNO2d_recurrent/datasets/exponax_datasets/t20/generalizability/dim2d_nx256_N10_solver=exponax_nu0.000_t20.0_test_ntimepoints21_NegLogGRF_rq_length_scale0.200_variance1.000_alpha0.750_exp_factor2.500_vmax1_vmin0_batch0_all_frames.pt
  1414. /blue/shiboli.fsu/yifeisun.umich/adversarial_robustness_FNO/2D_NS_FNO2d_recurrent/datasets/exponax_datasets/t20/generalizability/dim2d_nx256_N10_solver=exponax_nu0.000_t20.0_test_ntimepoints21_NegLogGRF_rq_length_scale0.200_variance1.000_alpha1.000_exp_factor2.500_vmax-1_vmin-1.5_batch0_all_frames.pt
  1415. /blue/shiboli.fsu/yifeisun.umich/adversarial_robustness_FNO/2D_NS_FNO2d_recurrent/datasets/exponax_datasets/t20/generalizability/dim2d_nx256_N10_solver=exponax_nu0.000_t20.0_test_ntimepoints21_NegLogGRF_rq_length_scale0.200_variance1.000_alpha1.000_exp_factor2.500_vmax0.4_vmin-0.4_batch0_all_frames.pt
  1416. /blue/shiboli.fsu/yifeisun.umich/adversarial_robustness_FNO/2D_NS_FNO2d_recurrent/datasets/exponax_datasets/t20/generalizability/dim2d_nx256_N10_solver=exponax_nu0.000_t20.0_test_ntimepoints21_NegLogGRF_rq_length_scale0.200_variance1.000_alpha1.000_exp_factor2.500_vmax0_vmin-1_batch0_all_frames.pt
  1417. /blue/shiboli.fsu/yifeisun.umich/adversarial_robustness_FNO/2D_NS_FNO2d_recurrent/datasets/exponax_datasets/t20/generalizability/dim2d_nx256_N10_solver=exponax_nu0.000_t20.0_test_ntimepoints21_NegLogGRF_rq_length_scale0.200_variance1.000_alpha1.000_exp_factor2.500_vmax1.5_vmin1_batch0_all_frames.pt
  1418. /blue/shiboli.fsu/yifeisun.umich/adversarial_robustness_FNO/2D_NS_FNO2d_recurrent/datasets/exponax_datasets/t20/generalizability/dim2d_nx256_N10_solver=exponax_nu0.000_t20.0_test_ntimepoints21_NegLogGRF_rq_length_scale0.200_variance1.000_alpha1.000_exp_factor2.500_vmax1_vmin-1_batch0_all_frames.pt
  1419. /blue/shiboli.fsu/yifeisun.umich/adversarial_robustness_FNO/2D_NS_FNO2d_recurrent/datasets/exponax_datasets/t20/generalizability/dim2d_nx256_N10_solver=exponax_nu0.000_t20.0_test_ntimepoints21_NegLogGRF_rq_length_scale0.200_variance1.000_alpha1.000_exp_factor2.500_vmax1_vmin0_batch0_all_frames.pt
  1420. /blue/shiboli.fsu/yifeisun.umich/adversarial_robustness_FNO/2D_NS_FNO2d_recurrent/datasets/exponax_datasets/t20/generalizability/dim2d_nx256_N10_solver=exponax_nu0.000_t20.0_test_ntimepoints21_NegLogGRF_rq_length_scale0.200_variance1.000_alpha1.500_exp_factor2.500_vmax-1_vmin-1.5_batch0_all_frames.pt
  1421. /blue/shiboli.fsu/yifeisun.umich/adversarial_robustness_FNO/2D_NS_FNO2d_recurrent/datasets/exponax_datasets/t20/generalizability/dim2d_nx256_N10_solver=exponax_nu0.000_t20.0_test_ntimepoints21_NegLogGRF_rq_length_scale0.200_variance1.000_alpha1.500_exp_factor2.500_vmax0.4_vmin-0.4_batch0_all_frames.pt
  1422. /blue/shiboli.fsu/yifeisun.umich/adversarial_robustness_FNO/2D_NS_FNO2d_recurrent/datasets/exponax_datasets/t20/generalizability/dim2d_nx256_N10_solver=exponax_nu0.000_t20.0_test_ntimepoints21_NegLogGRF_rq_length_scale0.200_variance1.000_alpha1.500_exp_factor2.500_vmax0_vmin-1_batch0_all_frames.pt
  1423. /blue/shiboli.fsu/yifeisun.umich/adversarial_robustness_FNO/2D_NS_FNO2d_recurrent/datasets/exponax_datasets/t20/generalizability/dim2d_nx256_N10_solver=exponax_nu0.000_t20.0_test_ntimepoints21_NegLogGRF_rq_length_scale0.200_variance1.000_alpha1.500_exp_factor2.500_vmax1.5_vmin1_batch0_all_frames.pt
  1424. /blue/shiboli.fsu/yifeisun.umich/adversarial_robustness_FNO/2D_NS_FNO2d_recurrent/datasets/exponax_datasets/t20/generalizability/dim2d_nx256_N10_solver=exponax_nu0.000_t20.0_test_ntimepoints21_NegLogGRF_rq_length_scale0.200_variance1.000_alpha1.500_exp_factor2.500_vmax1_vmin-1_batch0_all_frames.pt
  1425. /blue/shiboli.fsu/yifeisun.umich/adversarial_robustness_FNO/2D_NS_FNO2d_recurrent/datasets/exponax_datasets/t20/generalizability/dim2d_nx256_N10_solver=exponax_nu0.000_t20.0_test_ntimepoints21_NegLogGRF_rq_length_scale0.200_variance1.000_alpha1.500_exp_factor2.500_vmax1_vmin0_batch0_all_frames.pt
  1426. /blue/shiboli.fsu/yifeisun.umich/adversarial_robustness_FNO/2D_NS_FNO2d_recurrent/datasets/exponax_datasets/t20/generalizability/dim2d_nx256_N10_solver=exponax_nu0.000_t20.0_test_ntimepoints21_NegLogGRF_rq_length_scale0.200_variance1.000_alpha1.700_exp_factor2.500_vmax-1_vmin-1.5_batch0_all_frames.pt
  1427. /blue/shiboli.fsu/yifeisun.umich/adversarial_robustness_FNO/2D_NS_FNO2d_recurrent/datasets/exponax_datasets/t20/generalizability/dim2d_nx256_N10_solver=exponax_nu0.000_t20.0_test_ntimepoints21_NegLogGRF_rq_length_scale0.200_variance1.000_alpha1.700_exp_factor2.500_vmax0.4_vmin-0.4_batch0_all_frames.pt
  1428. /blue/shiboli.fsu/yifeisun.umich/adversarial_robustness_FNO/2D_NS_FNO2d_recurrent/datasets/exponax_datasets/t20/generalizability/dim2d_nx256_N10_solver=exponax_nu0.000_t20.0_test_ntimepoints21_NegLogGRF_rq_length_scale0.200_variance1.000_alpha1.700_exp_factor2.500_vmax0_vmin-1_batch0_all_frames.pt
  1429. /blue/shiboli.fsu/yifeisun.umich/adversarial_robustness_FNO/2D_NS_FNO2d_recurrent/datasets/exponax_datasets/t20/generalizability/dim2d_nx256_N10_solver=exponax_nu0.000_t20.0_test_ntimepoints21_NegLogGRF_rq_length_scale0.200_variance1.000_alpha1.700_exp_factor2.500_vmax1.5_vmin1_batch0_all_frames.pt
  1430. /blue/shiboli.fsu/yifeisun.umich/adversarial_robustness_FNO/2D_NS_FNO2d_recurrent/datasets/exponax_datasets/t20/generalizability/dim2d_nx256_N10_solver=exponax_nu0.000_t20.0_test_ntimepoints21_NegLogGRF_rq_length_scale0.200_variance1.000_alpha1.700_exp_factor2.500_vmax1_vmin-1_batch0_all_frames.pt
  1431. /blue/shiboli.fsu/yifeisun.umich/adversarial_robustness_FNO/2D_NS_FNO2d_recurrent/datasets/exponax_datasets/t20/generalizability/dim2d_nx256_N10_solver=exponax_nu0.000_t20.0_test_ntimepoints21_NegLogGRF_rq_length_scale0.200_variance1.000_alpha1.700_exp_factor2.500_vmax1_vmin0_batch0_all_frames.pt
  1432. /blue/shiboli.fsu/yifeisun.umich/adversarial_robustness_FNO/2D_NS_FNO2d_recurrent/datasets/exponax_datasets/t20/generalizability/dim2d_nx256_N10_solver=exponax_nu0.000_t20.0_test_ntimepoints21_NegLogGRF_rq_length_scale0.200_variance1.700_alpha0.750_exp_factor2.500_vmax-1_vmin-1.5_batch0_all_frames.pt
  1433. /blue/shiboli.fsu/yifeisun.umich/adversarial_robustness_FNO/2D_NS_FNO2d_recurrent/datasets/exponax_datasets/t20/generalizability/dim2d_nx256_N10_solver=exponax_nu0.000_t20.0_test_ntimepoints21_NegLogGRF_rq_length_scale0.200_variance1.700_alpha0.750_exp_factor2.500_vmax0.4_vmin-0.4_batch0_all_frames.pt
  1434. /blue/shiboli.fsu/yifeisun.umich/adversarial_robustness_FNO/2D_NS_FNO2d_recurrent/datasets/exponax_datasets/t20/generalizability/dim2d_nx256_N10_solver=exponax_nu0.000_t20.0_test_ntimepoints21_NegLogGRF_rq_length_scale0.200_variance1.700_alpha0.750_exp_factor2.500_vmax0_vmin-1_batch0_all_frames.pt
  1435. /blue/shiboli.fsu/yifeisun.umich/adversarial_robustness_FNO/2D_NS_FNO2d_recurrent/datasets/exponax_datasets/t20/generalizability/dim2d_nx256_N10_solver=exponax_nu0.000_t20.0_test_ntimepoints21_NegLogGRF_rq_length_scale0.200_variance1.700_alpha0.750_exp_factor2.500_vmax1.5_vmin1_batch0_all_frames.pt
  1436. /blue/shiboli.fsu/yifeisun.umich/adversarial_robustness_FNO/2D_NS_FNO2d_recurrent/datasets/exponax_datasets/t20/generalizability/dim2d_nx256_N10_solver=exponax_nu0.000_t20.0_test_ntimepoints21_NegLogGRF_rq_length_scale0.200_variance1.700_alpha0.750_exp_factor2.500_vmax1_vmin-1_batch0_all_frames.pt
  1437. /blue/shiboli.fsu/yifeisun.umich/adversarial_robustness_FNO/2D_NS_FNO2d_recurrent/datasets/exponax_datasets/t20/generalizability/dim2d_nx256_N10_solver=exponax_nu0.000_t20.0_test_ntimepoints21_NegLogGRF_rq_length_scale0.200_variance1.700_alpha0.750_exp_factor2.500_vmax1_vmin0_batch0_all_frames.pt
  1438. /blue/shiboli.fsu/yifeisun.umich/adversarial_robustness_FNO/2D_NS_FNO2d_recurrent/datasets/exponax_datasets/t20/generalizability/dim2d_nx256_N10_solver=exponax_nu0.000_t20.0_test_ntimepoints21_NegLogGRF_rq_length_scale0.200_variance1.700_alpha1.000_exp_factor2.500_vmax-1_vmin-1.5_batch0_all_frames.pt
  1439. /blue/shiboli.fsu/yifeisun.umich/adversarial_robustness_FNO/2D_NS_FNO2d_recurrent/datasets/exponax_datasets/t20/generalizability/dim2d_nx256_N10_solver=exponax_nu0.000_t20.0_test_ntimepoints21_NegLogGRF_rq_length_scale0.200_variance1.700_alpha1.000_exp_factor2.500_vmax0.4_vmin-0.4_batch0_all_frames.pt
  1440. /blue/shiboli.fsu/yifeisun.umich/adversarial_robustness_FNO/2D_NS_FNO2d_recurrent/datasets/exponax_datasets/t20/generalizability/dim2d_nx256_N10_solver=exponax_nu0.000_t20.0_test_ntimepoints21_NegLogGRF_rq_length_scale0.200_variance1.700_alpha1.000_exp_factor2.500_vmax0_vmin-1_batch0_all_frames.pt
  1441. /blue/shiboli.fsu/yifeisun.umich/adversarial_robustness_FNO/2D_NS_FNO2d_recurrent/datasets/exponax_datasets/t20/generalizability/dim2d_nx256_N10_solver=exponax_nu0.000_t20.0_test_ntimepoints21_NegLogGRF_rq_length_scale0.200_variance1.700_alpha1.000_exp_factor2.500_vmax1.5_vmin1_batch0_all_frames.pt
  1442. /blue/shiboli.fsu/yifeisun.umich/adversarial_robustness_FNO/2D_NS_FNO2d_recurrent/datasets/exponax_datasets/t20/generalizability/dim2d_nx256_N10_solver=exponax_nu0.000_t20.0_test_ntimepoints21_NegLogGRF_rq_length_scale0.200_variance1.700_alpha1.000_exp_factor2.500_vmax1_vmin-1_batch0_all_frames.pt
  1443. /blue/shiboli.fsu/yifeisun.umich/adversarial_robustness_FNO/2D_NS_FNO2d_recurrent/datasets/exponax_datasets/t20/generalizability/dim2d_nx256_N10_solver=exponax_nu0.000_t20.0_test_ntimepoints21_NegLogGRF_rq_length_scale0.200_variance1.700_alpha1.000_exp_factor2.500_vmax1_vmin0_batch0_all_frames.pt
  1444. /blue/shiboli.fsu/yifeisun.umich/adversarial_robustness_FNO/2D_NS_FNO2d_recurrent/datasets/exponax_datasets/t20/generalizability/dim2d_nx256_N10_solver=exponax_nu0.000_t20.0_test_ntimepoints21_NegLogGRF_rq_length_scale0.200_variance1.700_alpha1.500_exp_factor2.500_vmax-1_vmin-1.5_batch0_all_frames.pt
  1445. /blue/shiboli.fsu/yifeisun.umich/adversarial_robustness_FNO/2D_NS_FNO2d_recurrent/datasets/exponax_datasets/t20/generalizability/dim2d_nx256_N10_solver=exponax_nu0.000_t20.0_test_ntimepoints21_NegLogGRF_rq_length_scale0.200_variance1.700_alpha1.500_exp_factor2.500_vmax0.4_vmin-0.4_batch0_all_frames.pt
  1446. /blue/shiboli.fsu/yifeisun.umich/adversarial_robustness_FNO/2D_NS_FNO2d_recurrent/datasets/exponax_datasets/t20/generalizability/dim2d_nx256_N10_solver=exponax_nu0.000_t20.0_test_ntimepoints21_NegLogGRF_rq_length_scale0.200_variance1.700_alpha1.500_exp_factor2.500_vmax0_vmin-1_batch0_all_frames.pt
  1447. /blue/shiboli.fsu/yifeisun.umich/adversarial_robustness_FNO/2D_NS_FNO2d_recurrent/datasets/exponax_datasets/t20/generalizability/dim2d_nx256_N10_solver=exponax_nu0.000_t20.0_test_ntimepoints21_NegLogGRF_rq_length_scale0.200_variance1.700_alpha1.500_exp_factor2.500_vmax1.5_vmin1_batch0_all_frames.pt
  1448. /blue/shiboli.fsu/yifeisun.umich/adversarial_robustness_FNO/2D_NS_FNO2d_recurrent/datasets/exponax_datasets/t20/generalizability/dim2d_nx256_N10_solver=exponax_nu0.000_t20.0_test_ntimepoints21_NegLogGRF_rq_length_scale0.200_variance1.700_alpha1.500_exp_factor2.500_vmax1_vmin-1_batch0_all_frames.pt
  1449. /blue/shiboli.fsu/yifeisun.umich/adversarial_robustness_FNO/2D_NS_FNO2d_recurrent/datasets/exponax_datasets/t20/generalizability/dim2d_nx256_N10_solver=exponax_nu0.000_t20.0_test_ntimepoints21_NegLogGRF_rq_length_scale0.200_variance1.700_alpha1.500_exp_factor2.500_vmax1_vmin0_batch0_all_frames.pt
  1450. /blue/shiboli.fsu/yifeisun.umich/adversarial_robustness_FNO/2D_NS_FNO2d_recurrent/datasets/exponax_datasets/t20/generalizability/dim2d_nx256_N10_solver=exponax_nu0.000_t20.0_test_ntimepoints21_NegLogGRF_rq_length_scale0.200_variance1.700_alpha1.700_exp_factor2.500_vmax-1_vmin-1.5_batch0_all_frames.pt
  1451. /blue/shiboli.fsu/yifeisun.umich/adversarial_robustness_FNO/2D_NS_FNO2d_recurrent/datasets/exponax_datasets/t20/generalizability/dim2d_nx256_N10_solver=exponax_nu0.000_t20.0_test_ntimepoints21_NegLogGRF_rq_length_scale0.200_variance1.700_alpha1.700_exp_factor2.500_vmax0.4_vmin-0.4_batch0_all_frames.pt
  1452. /blue/shiboli.fsu/yifeisun.umich/adversarial_robustness_FNO/2D_NS_FNO2d_recurrent/datasets/exponax_datasets/t20/generalizability/dim2d_nx256_N10_solver=exponax_nu0.000_t20.0_test_ntimepoints21_NegLogGRF_rq_length_scale0.200_variance1.700_alpha1.700_exp_factor2.500_vmax0_vmin-1_batch0_all_frames.pt
  1453. /blue/shiboli.fsu/yifeisun.umich/adversarial_robustness_FNO/2D_NS_FNO2d_recurrent/datasets/exponax_datasets/t20/generalizability/dim2d_nx256_N10_solver=exponax_nu0.000_t20.0_test_ntimepoints21_NegLogGRF_rq_length_scale0.200_variance1.700_alpha1.700_exp_factor2.500_vmax1.5_vmin1_batch0_all_frames.pt
  1454. /blue/shiboli.fsu/yifeisun.umich/adversarial_robustness_FNO/2D_NS_FNO2d_recurrent/datasets/exponax_datasets/t20/generalizability/dim2d_nx256_N10_solver=exponax_nu0.000_t20.0_test_ntimepoints21_NegLogGRF_rq_length_scale0.200_variance1.700_alpha1.700_exp_factor2.500_vmax1_vmin-1_batch0_all_frames.pt
  1455. /blue/shiboli.fsu/yifeisun.umich/adversarial_robustness_FNO/2D_NS_FNO2d_recurrent/datasets/exponax_datasets/t20/generalizability/dim2d_nx256_N10_solver=exponax_nu0.000_t20.0_test_ntimepoints21_NegLogGRF_rq_length_scale0.200_variance1.700_alpha1.700_exp_factor2.500_vmax1_vmin0_batch0_all_frames.pt
  1456. /blue/shiboli.fsu/yifeisun.umich/adversarial_robustness_FNO/2D_NS_FNO2d_recurrent/datasets/exponax_datasets/t20/dictionary/dim2d_nx256_N2000_solver=exponax_nu0.000_t20.0_dict_ntimepoints21_batch0_all_frames.pt
  1457. /blue/shiboli.fsu/yifeisun.umich/adversarial_robustness_FNO/2D_NS_FNO2d_recurrent/datasets/exponax_datasets/t20/dim2d_nx256_N1150_solver=exponax_nu0.000_t20.0_train_all_frames.pt
  1458. /blue/shiboli.fsu/yifeisun.umich/adversarial_robustness_FNO/2D_NS_FNO2d_recurrent/datasets/exponax_datasets/t20/dim2d_nx256_N50_solver=exponax_nu0.000_t20.0_test_all_frames.pt
  1459. /blue/shiboli.fsu/yifeisun.umich/adversarial_robustness_FNO/2D_NS_FNO2d_recurrent/datasets/exponax_datasets/t20/generalizability/dim2d_nx256_N10_solver=exponax_nu0.000_t20.0_test_ntimepoints21_GRF_matern_alpha1.500_tau11_vmax-1_vmin-1.5_batch0_all_frames.pt
  1460. /blue/shiboli.fsu/yifeisun.umich/adversarial_robustness_FNO/2D_NS_FNO2d_recurrent/datasets/exponax_datasets/t20/generalizability/dim2d_nx256_N10_solver=exponax_nu0.000_t20.0_test_ntimepoints21_GRF_matern_alpha1.500_tau11_vmax0.4_vmin-0.4_batch0_all_frames.pt
  1461. /blue/shiboli.fsu/yifeisun.umich/adversarial_robustness_FNO/2D_NS_FNO2d_recurrent/datasets/exponax_datasets/t20/generalizability/dim2d_nx256_N10_solver=exponax_nu0.000_t20.0_test_ntimepoints21_GRF_matern_alpha1.500_tau11_vmax0_vmin-1_batch0_all_frames.pt
  1462. /blue/shiboli.fsu/yifeisun.umich/adversarial_robustness_FNO/2D_NS_FNO2d_recurrent/datasets/exponax_datasets/t20/generalizability/dim2d_nx256_N10_solver=exponax_nu0.000_t20.0_test_ntimepoints21_GRF_matern_alpha1.500_tau11_vmax1.5_vmin1_batch0_all_frames.pt
  1463. /blue/shiboli.fsu/yifeisun.umich/adversarial_robustness_FNO/2D_NS_FNO2d_recurrent/datasets/exponax_datasets/t20/generalizability/dim2d_nx256_N10_solver=exponax_nu0.000_t20.0_test_ntimepoints21_GRF_matern_alpha1.500_tau11_vmax1_vmin-1_batch0_all_frames.pt
  1464. /blue/shiboli.fsu/yifeisun.umich/adversarial_robustness_FNO/2D_NS_FNO2d_recurrent/datasets/exponax_datasets/t20/generalizability/dim2d_nx256_N10_solver=exponax_nu0.000_t20.0_test_ntimepoints21_GRF_matern_alpha1.500_tau11_vmax1_vmin0_batch0_all_frames.pt
  1465. /blue/shiboli.fsu/yifeisun.umich/adversarial_robustness_FNO/2D_NS_FNO2d_recurrent/datasets/exponax_datasets/t20/generalizability/dim2d_nx256_N10_solver=exponax_nu0.000_t20.0_test_ntimepoints21_GRF_matern_alpha1.500_tau15_vmax-1_vmin-1.5_batch0_all_frames.pt
  1466. /blue/shiboli.fsu/yifeisun.umich/adversarial_robustness_FNO/2D_NS_FNO2d_recurrent/datasets/exponax_datasets/t20/generalizability/dim2d_nx256_N10_solver=exponax_nu0.000_t20.0_test_ntimepoints21_GRF_matern_alpha1.500_tau15_vmax0.4_vmin-0.4_batch0_all_frames.pt
  1467. /blue/shiboli.fsu/yifeisun.umich/adversarial_robustness_FNO/2D_NS_FNO2d_recurrent/datasets/exponax_datasets/t20/generalizability/dim2d_nx256_N10_solver=exponax_nu0.000_t20.0_test_ntimepoints21_GRF_matern_alpha1.500_tau15_vmax0_vmin-1_batch0_all_frames.pt
  1468. /blue/shiboli.fsu/yifeisun.umich/adversarial_robustness_FNO/2D_NS_FNO2d_recurrent/datasets/exponax_datasets/t20/generalizability/dim2d_nx256_N10_solver=exponax_nu0.000_t20.0_test_ntimepoints21_GRF_matern_alpha1.500_tau15_vmax1.5_vmin1_batch0_all_frames.pt
  1469. /blue/shiboli.fsu/yifeisun.umich/adversarial_robustness_FNO/2D_NS_FNO2d_recurrent/datasets/exponax_datasets/t20/generalizability/dim2d_nx256_N10_solver=exponax_nu0.000_t20.0_test_ntimepoints21_GRF_matern_alpha1.500_tau15_vmax1_vmin-1_batch0_all_frames.pt
  1470. /blue/shiboli.fsu/yifeisun.umich/adversarial_robustness_FNO/2D_NS_FNO2d_recurrent/datasets/exponax_datasets/t20/generalizability/dim2d_nx256_N10_solver=exponax_nu0.000_t20.0_test_ntimepoints21_GRF_matern_alpha1.500_tau15_vmax1_vmin0_batch0_all_frames.pt
  1471. /blue/shiboli.fsu/yifeisun.umich/adversarial_robustness_FNO/2D_NS_FNO2d_recurrent/datasets/exponax_datasets/t20/generalizability/dim2d_nx256_N10_solver=exponax_nu0.000_t20.0_test_ntimepoints21_GRF_matern_alpha1.500_tau1_vmax-1_vmin-1.5_batch0_all_frames.pt
  1472. /blue/shiboli.fsu/yifeisun.umich/adversarial_robustness_FNO/2D_NS_FNO2d_recurrent/datasets/exponax_datasets/t20/generalizability/dim2d_nx256_N10_solver=exponax_nu0.000_t20.0_test_ntimepoints21_GRF_matern_alpha1.500_tau1_vmax0.4_vmin-0.4_batch0_all_frames.pt
  1473. /blue/shiboli.fsu/yifeisun.umich/adversarial_robustness_FNO/2D_NS_FNO2d_recurrent/datasets/exponax_datasets/t20/generalizability/dim2d_nx256_N10_solver=exponax_nu0.000_t20.0_test_ntimepoints21_GRF_matern_alpha1.500_tau1_vmax0_vmin-1_batch0_all_frames.pt
  1474. /blue/shiboli.fsu/yifeisun.umich/adversarial_robustness_FNO/2D_NS_FNO2d_recurrent/datasets/exponax_datasets/t20/generalizability/dim2d_nx256_N10_solver=exponax_nu0.000_t20.0_test_ntimepoints21_GRF_matern_alpha1.500_tau1_vmax1.5_vmin1_batch0_all_frames.pt
  1475. /blue/shiboli.fsu/yifeisun.umich/adversarial_robustness_FNO/2D_NS_FNO2d_recurrent/datasets/exponax_datasets/t20/generalizability/dim2d_nx256_N10_solver=exponax_nu0.000_t20.0_test_ntimepoints21_GRF_matern_alpha1.500_tau1_vmax1_vmin-1_batch0_all_frames.pt
  1476. /blue/shiboli.fsu/yifeisun.umich/adversarial_robustness_FNO/2D_NS_FNO2d_recurrent/datasets/exponax_datasets/t20/generalizability/dim2d_nx256_N10_solver=exponax_nu0.000_t20.0_test_ntimepoints21_GRF_matern_alpha1.500_tau1_vmax1_vmin0_batch0_all_frames.pt
  1477. /blue/shiboli.fsu/yifeisun.umich/adversarial_robustness_FNO/2D_NS_FNO2d_recurrent/datasets/exponax_datasets/t20/generalizability/dim2d_nx256_N10_solver=exponax_nu0.000_t20.0_test_ntimepoints21_GRF_matern_alpha1.500_tau3_vmax-1_vmin-1.5_batch0_all_frames.pt
  1478. /blue/shiboli.fsu/yifeisun.umich/adversarial_robustness_FNO/2D_NS_FNO2d_recurrent/datasets/exponax_datasets/t20/generalizability/dim2d_nx256_N10_solver=exponax_nu0.000_t20.0_test_ntimepoints21_GRF_matern_alpha1.500_tau3_vmax0.4_vmin-0.4_batch0_all_frames.pt
  1479. /blue/shiboli.fsu/yifeisun.umich/adversarial_robustness_FNO/2D_NS_FNO2d_recurrent/datasets/exponax_datasets/t20/generalizability/dim2d_nx256_N10_solver=exponax_nu0.000_t20.0_test_ntimepoints21_GRF_matern_alpha1.500_tau3_vmax0_vmin-1_batch0_all_frames.pt
  1480. /blue/shiboli.fsu/yifeisun.umich/adversarial_robustness_FNO/2D_NS_FNO2d_recurrent/datasets/exponax_datasets/t20/generalizability/dim2d_nx256_N10_solver=exponax_nu0.000_t20.0_test_ntimepoints21_GRF_matern_alpha1.500_tau3_vmax1.5_vmin1_batch0_all_frames.pt
  1481. /blue/shiboli.fsu/yifeisun.umich/adversarial_robustness_FNO/2D_NS_FNO2d_recurrent/datasets/exponax_datasets/t20/generalizability/dim2d_nx256_N10_solver=exponax_nu0.000_t20.0_test_ntimepoints21_GRF_matern_alpha1.500_tau3_vmax1_vmin-1_batch0_all_frames.pt
  1482. /blue/shiboli.fsu/yifeisun.umich/adversarial_robustness_FNO/2D_NS_FNO2d_recurrent/datasets/exponax_datasets/t20/generalizability/dim2d_nx256_N10_solver=exponax_nu0.000_t20.0_test_ntimepoints21_GRF_matern_alpha1.500_tau3_vmax1_vmin0_batch0_all_frames.pt
  1483. /blue/shiboli.fsu/yifeisun.umich/adversarial_robustness_FNO/2D_NS_FNO2d_recurrent/datasets/exponax_datasets/t20/generalizability/dim2d_nx256_N10_solver=exponax_nu0.000_t20.0_test_ntimepoints21_GRF_matern_alpha1.500_tau7_vmax-1_vmin-1.5_batch0_all_frames.pt
  1484. /blue/shiboli.fsu/yifeisun.umich/adversarial_robustness_FNO/2D_NS_FNO2d_recurrent/datasets/exponax_datasets/t20/generalizability/dim2d_nx256_N10_solver=exponax_nu0.000_t20.0_test_ntimepoints21_GRF_matern_alpha1.500_tau7_vmax0.4_vmin-0.4_batch0_all_frames.pt
  1485. /blue/shiboli.fsu/yifeisun.umich/adversarial_robustness_FNO/2D_NS_FNO2d_recurrent/datasets/exponax_datasets/t20/generalizability/dim2d_nx256_N10_solver=exponax_nu0.000_t20.0_test_ntimepoints21_GRF_matern_alpha1.500_tau7_vmax0_vmin-1_batch0_all_frames.pt
  1486. /blue/shiboli.fsu/yifeisun.umich/adversarial_robustness_FNO/2D_NS_FNO2d_recurrent/datasets/exponax_datasets/t20/generalizability/dim2d_nx256_N10_solver=exponax_nu0.000_t20.0_test_ntimepoints21_GRF_matern_alpha1.500_tau7_vmax1.5_vmin1_batch0_all_frames.pt
  1487. /blue/shiboli.fsu/yifeisun.umich/adversarial_robustness_FNO/2D_NS_FNO2d_recurrent/datasets/exponax_datasets/t20/generalizability/dim2d_nx256_N10_solver=exponax_nu0.000_t20.0_test_ntimepoints21_GRF_matern_alpha1.500_tau7_vmax1_vmin-1_batch0_all_frames.pt
  1488. /blue/shiboli.fsu/yifeisun.umich/adversarial_robustness_FNO/2D_NS_FNO2d_recurrent/datasets/exponax_datasets/t20/generalizability/dim2d_nx256_N10_solver=exponax_nu0.000_t20.0_test_ntimepoints21_GRF_matern_alpha1.500_tau7_vmax1_vmin0_batch0_all_frames.pt
  1489. /blue/shiboli.fsu/yifeisun.umich/adversarial_robustness_FNO/2D_NS_FNO2d_recurrent/datasets/exponax_datasets/t20/generalizability/dim2d_nx256_N10_solver=exponax_nu0.000_t20.0_test_ntimepoints21_GRF_matern_alpha2.500_tau11_vmax-1_vmin-1.5_batch0_all_frames.pt
  1490. /blue/shiboli.fsu/yifeisun.umich/adversarial_robustness_FNO/2D_NS_FNO2d_recurrent/datasets/exponax_datasets/t20/generalizability/dim2d_nx256_N10_solver=exponax_nu0.000_t20.0_test_ntimepoints21_GRF_matern_alpha2.500_tau11_vmax0.4_vmin-0.4_batch0_all_frames.pt
  1491. /blue/shiboli.fsu/yifeisun.umich/adversarial_robustness_FNO/2D_NS_FNO2d_recurrent/datasets/exponax_datasets/t20/generalizability/dim2d_nx256_N10_solver=exponax_nu0.000_t20.0_test_ntimepoints21_GRF_matern_alpha2.500_tau11_vmax0_vmin-1_batch0_all_frames.pt
  1492. /blue/shiboli.fsu/yifeisun.umich/adversarial_robustness_FNO/2D_NS_FNO2d_recurrent/datasets/exponax_datasets/t20/generalizability/dim2d_nx256_N10_solver=exponax_nu0.000_t20.0_test_ntimepoints21_GRF_matern_alpha2.500_tau11_vmax1.5_vmin1_batch0_all_frames.pt
  1493. /blue/shiboli.fsu/yifeisun.umich/adversarial_robustness_FNO/2D_NS_FNO2d_recurrent/datasets/exponax_datasets/t20/generalizability/dim2d_nx256_N10_solver=exponax_nu0.000_t20.0_test_ntimepoints21_GRF_matern_alpha2.500_tau11_vmax1_vmin-1_batch0_all_frames.pt
  1494. /blue/shiboli.fsu/yifeisun.umich/adversarial_robustness_FNO/2D_NS_FNO2d_recurrent/datasets/exponax_datasets/t20/generalizability/dim2d_nx256_N10_solver=exponax_nu0.000_t20.0_test_ntimepoints21_GRF_matern_alpha2.500_tau11_vmax1_vmin0_batch0_all_frames.pt
  1495. /blue/shiboli.fsu/yifeisun.umich/adversarial_robustness_FNO/2D_NS_FNO2d_recurrent/datasets/exponax_datasets/t20/generalizability/dim2d_nx256_N10_solver=exponax_nu0.000_t20.0_test_ntimepoints21_GRF_matern_alpha2.500_tau15_vmax-1_vmin-1.5_batch0_all_frames.pt
  1496. /blue/shiboli.fsu/yifeisun.umich/adversarial_robustness_FNO/2D_NS_FNO2d_recurrent/datasets/exponax_datasets/t20/generalizability/dim2d_nx256_N10_solver=exponax_nu0.000_t20.0_test_ntimepoints21_GRF_matern_alpha2.500_tau15_vmax0.4_vmin-0.4_batch0_all_frames.pt
  1497. /blue/shiboli.fsu/yifeisun.umich/adversarial_robustness_FNO/2D_NS_FNO2d_recurrent/datasets/exponax_datasets/t20/generalizability/dim2d_nx256_N10_solver=exponax_nu0.000_t20.0_test_ntimepoints21_GRF_matern_alpha2.500_tau15_vmax0_vmin-1_batch0_all_frames.pt
  1498. /blue/shiboli.fsu/yifeisun.umich/adversarial_robustness_FNO/2D_NS_FNO2d_recurrent/datasets/exponax_datasets/t20/generalizability/dim2d_nx256_N10_solver=exponax_nu0.000_t20.0_test_ntimepoints21_GRF_matern_alpha2.500_tau15_vmax1.5_vmin1_batch0_all_frames.pt
  1499. /blue/shiboli.fsu/yifeisun.umich/adversarial_robustness_FNO/2D_NS_FNO2d_recurrent/datasets/exponax_datasets/t20/generalizability/dim2d_nx256_N10_solver=exponax_nu0.000_t20.0_test_ntimepoints21_GRF_matern_alpha2.500_tau15_vmax1_vmin-1_batch0_all_frames.pt
  1500. /blue/shiboli.fsu/yifeisun.umich/adversarial_robustness_FNO/2D_NS_FNO2d_recurrent/datasets/exponax_datasets/t20/generalizability/dim2d_nx256_N10_solver=exponax_nu0.000_t20.0_test_ntimepoints21_GRF_matern_alpha2.500_tau15_vmax1_vmin0_batch0_all_frames.pt
  1501. /blue/shiboli.fsu/yifeisun.umich/adversarial_robustness_FNO/2D_NS_FNO2d_recurrent/datasets/exponax_datasets/t20/generalizability/dim2d_nx256_N10_solver=exponax_nu0.000_t20.0_test_ntimepoints21_GRF_matern_alpha2.500_tau1_vmax-1_vmin-1.5_batch0_all_frames.pt
  1502. /blue/shiboli.fsu/yifeisun.umich/adversarial_robustness_FNO/2D_NS_FNO2d_recurrent/datasets/exponax_datasets/t20/generalizability/dim2d_nx256_N10_solver=exponax_nu0.000_t20.0_test_ntimepoints21_GRF_matern_alpha2.500_tau1_vmax0.4_vmin-0.4_batch0_all_frames.pt
  1503. /blue/shiboli.fsu/yifeisun.umich/adversarial_robustness_FNO/2D_NS_FNO2d_recurrent/datasets/exponax_datasets/t20/generalizability/dim2d_nx256_N10_solver=exponax_nu0.000_t20.0_test_ntimepoints21_GRF_matern_alpha2.500_tau1_vmax0_vmin-1_batch0_all_frames.pt
  1504. /blue/shiboli.fsu/yifeisun.umich/adversarial_robustness_FNO/2D_NS_FNO2d_recurrent/datasets/exponax_datasets/t20/generalizability/dim2d_nx256_N10_solver=exponax_nu0.000_t20.0_test_ntimepoints21_GRF_matern_alpha2.500_tau1_vmax1.5_vmin1_batch0_all_frames.pt
  1505. /blue/shiboli.fsu/yifeisun.umich/adversarial_robustness_FNO/2D_NS_FNO2d_recurrent/datasets/exponax_datasets/t20/generalizability/dim2d_nx256_N10_solver=exponax_nu0.000_t20.0_test_ntimepoints21_GRF_matern_alpha2.500_tau1_vmax1_vmin-1_batch0_all_frames.pt
  1506. /blue/shiboli.fsu/yifeisun.umich/adversarial_robustness_FNO/2D_NS_FNO2d_recurrent/datasets/exponax_datasets/t20/generalizability/dim2d_nx256_N10_solver=exponax_nu0.000_t20.0_test_ntimepoints21_GRF_matern_alpha2.500_tau1_vmax1_vmin0_batch0_all_frames.pt
  1507. /blue/shiboli.fsu/yifeisun.umich/adversarial_robustness_FNO/2D_NS_FNO2d_recurrent/datasets/exponax_datasets/t20/generalizability/dim2d_nx256_N10_solver=exponax_nu0.000_t20.0_test_ntimepoints21_GRF_matern_alpha2.500_tau3_vmax-1_vmin-1.5_batch0_all_frames.pt
  1508. /blue/shiboli.fsu/yifeisun.umich/adversarial_robustness_FNO/2D_NS_FNO2d_recurrent/datasets/exponax_datasets/t20/generalizability/dim2d_nx256_N10_solver=exponax_nu0.000_t20.0_test_ntimepoints21_GRF_matern_alpha2.500_tau3_vmax0.4_vmin-0.4_batch0_all_frames.pt
  1509. /blue/shiboli.fsu/yifeisun.umich/adversarial_robustness_FNO/2D_NS_FNO2d_recurrent/datasets/exponax_datasets/t20/generalizability/dim2d_nx256_N10_solver=exponax_nu0.000_t20.0_test_ntimepoints21_GRF_matern_alpha2.500_tau3_vmax0_vmin-1_batch0_all_frames.pt
  1510. /blue/shiboli.fsu/yifeisun.umich/adversarial_robustness_FNO/2D_NS_FNO2d_recurrent/datasets/exponax_datasets/t20/generalizability/dim2d_nx256_N10_solver=exponax_nu0.000_t20.0_test_ntimepoints21_GRF_matern_alpha2.500_tau3_vmax1.5_vmin1_batch0_all_frames.pt
  1511. /blue/shiboli.fsu/yifeisun.umich/adversarial_robustness_FNO/2D_NS_FNO2d_recurrent/datasets/exponax_datasets/t20/generalizability/dim2d_nx256_N10_solver=exponax_nu0.000_t20.0_test_ntimepoints21_GRF_matern_alpha2.500_tau3_vmax1_vmin-1_batch0_all_frames.pt
  1512. /blue/shiboli.fsu/yifeisun.umich/adversarial_robustness_FNO/2D_NS_FNO2d_recurrent/datasets/exponax_datasets/t20/generalizability/dim2d_nx256_N10_solver=exponax_nu0.000_t20.0_test_ntimepoints21_GRF_matern_alpha2.500_tau3_vmax1_vmin0_batch0_all_frames.pt
  1513. /blue/shiboli.fsu/yifeisun.umich/adversarial_robustness_FNO/2D_NS_FNO2d_recurrent/datasets/exponax_datasets/t20/generalizability/dim2d_nx256_N10_solver=exponax_nu0.000_t20.0_test_ntimepoints21_GRF_matern_alpha2.500_tau7_vmax-1_vmin-1.5_batch0_all_frames.pt
  1514. /blue/shiboli.fsu/yifeisun.umich/adversarial_robustness_FNO/2D_NS_FNO2d_recurrent/datasets/exponax_datasets/t20/generalizability/dim2d_nx256_N10_solver=exponax_nu0.000_t20.0_test_ntimepoints21_GRF_matern_alpha2.500_tau7_vmax0.4_vmin-0.4_batch0_all_frames.pt
  1515. /blue/shiboli.fsu/yifeisun.umich/adversarial_robustness_FNO/2D_NS_FNO2d_recurrent/datasets/exponax_datasets/t20/generalizability/dim2d_nx256_N10_solver=exponax_nu0.000_t20.0_test_ntimepoints21_GRF_matern_alpha2.500_tau7_vmax0_vmin-1_batch0_all_frames.pt
  1516. /blue/shiboli.fsu/yifeisun.umich/adversarial_robustness_FNO/2D_NS_FNO2d_recurrent/datasets/exponax_datasets/t20/generalizability/dim2d_nx256_N10_solver=exponax_nu0.000_t20.0_test_ntimepoints21_GRF_matern_alpha2.500_tau7_vmax1.5_vmin1_batch0_all_frames.pt
  1517. /blue/shiboli.fsu/yifeisun.umich/adversarial_robustness_FNO/2D_NS_FNO2d_recurrent/datasets/exponax_datasets/t20/generalizability/dim2d_nx256_N10_solver=exponax_nu0.000_t20.0_test_ntimepoints21_GRF_matern_alpha2.500_tau7_vmax1_vmin-1_batch0_all_frames.pt
  1518. /blue/shiboli.fsu/yifeisun.umich/adversarial_robustness_FNO/2D_NS_FNO2d_recurrent/datasets/exponax_datasets/t20/generalizability/dim2d_nx256_N10_solver=exponax_nu0.000_t20.0_test_ntimepoints21_GRF_matern_alpha2.500_tau7_vmax1_vmin0_batch0_all_frames.pt
  1519. /blue/shiboli.fsu/yifeisun.umich/adversarial_robustness_FNO/2D_NS_FNO2d_recurrent/datasets/exponax_datasets/t20/generalizability/dim2d_nx256_N10_solver=exponax_nu0.000_t20.0_test_ntimepoints21_GRF_matern_alpha2_tau11_vmax-1_vmin-1.5_batch0_all_frames.pt
  1520. /blue/shiboli.fsu/yifeisun.umich/adversarial_robustness_FNO/2D_NS_FNO2d_recurrent/datasets/exponax_datasets/t20/generalizability/dim2d_nx256_N10_solver=exponax_nu0.000_t20.0_test_ntimepoints21_GRF_matern_alpha2_tau11_vmax0.4_vmin-0.4_batch0_all_frames.pt
  1521. /blue/shiboli.fsu/yifeisun.umich/adversarial_robustness_FNO/2D_NS_FNO2d_recurrent/datasets/exponax_datasets/t20/generalizability/dim2d_nx256_N10_solver=exponax_nu0.000_t20.0_test_ntimepoints21_GRF_matern_alpha2_tau11_vmax0_vmin-1_batch0_all_frames.pt
  1522. /blue/shiboli.fsu/yifeisun.umich/adversarial_robustness_FNO/2D_NS_FNO2d_recurrent/datasets/exponax_datasets/t20/generalizability/dim2d_nx256_N10_solver=exponax_nu0.000_t20.0_test_ntimepoints21_GRF_matern_alpha2_tau11_vmax1.5_vmin1_batch0_all_frames.pt
  1523. /blue/shiboli.fsu/yifeisun.umich/adversarial_robustness_FNO/2D_NS_FNO2d_recurrent/datasets/exponax_datasets/t20/generalizability/dim2d_nx256_N10_solver=exponax_nu0.000_t20.0_test_ntimepoints21_GRF_matern_alpha2_tau11_vmax1_vmin-1_batch0_all_frames.pt
  1524. /blue/shiboli.fsu/yifeisun.umich/adversarial_robustness_FNO/2D_NS_FNO2d_recurrent/datasets/exponax_datasets/t20/generalizability/dim2d_nx256_N10_solver=exponax_nu0.000_t20.0_test_ntimepoints21_GRF_matern_alpha2_tau11_vmax1_vmin0_batch0_all_frames.pt
  1525. /blue/shiboli.fsu/yifeisun.umich/adversarial_robustness_FNO/2D_NS_FNO2d_recurrent/datasets/exponax_datasets/t20/generalizability/dim2d_nx256_N10_solver=exponax_nu0.000_t20.0_test_ntimepoints21_GRF_matern_alpha2_tau15_vmax-1_vmin-1.5_batch0_all_frames.pt
  1526. /blue/shiboli.fsu/yifeisun.umich/adversarial_robustness_FNO/2D_NS_FNO2d_recurrent/datasets/exponax_datasets/t20/generalizability/dim2d_nx256_N10_solver=exponax_nu0.000_t20.0_test_ntimepoints21_GRF_matern_alpha2_tau15_vmax0.4_vmin-0.4_batch0_all_frames.pt
  1527. /blue/shiboli.fsu/yifeisun.umich/adversarial_robustness_FNO/2D_NS_FNO2d_recurrent/datasets/exponax_datasets/t20/generalizability/dim2d_nx256_N10_solver=exponax_nu0.000_t20.0_test_ntimepoints21_GRF_matern_alpha2_tau15_vmax0_vmin-1_batch0_all_frames.pt
  1528. /blue/shiboli.fsu/yifeisun.umich/adversarial_robustness_FNO/2D_NS_FNO2d_recurrent/datasets/exponax_datasets/t20/generalizability/dim2d_nx256_N10_solver=exponax_nu0.000_t20.0_test_ntimepoints21_GRF_matern_alpha2_tau15_vmax1.5_vmin1_batch0_all_frames.pt
  1529. /blue/shiboli.fsu/yifeisun.umich/adversarial_robustness_FNO/2D_NS_FNO2d_recurrent/datasets/exponax_datasets/t20/generalizability/dim2d_nx256_N10_solver=exponax_nu0.000_t20.0_test_ntimepoints21_GRF_matern_alpha2_tau15_vmax1_vmin-1_batch0_all_frames.pt
  1530. /blue/shiboli.fsu/yifeisun.umich/adversarial_robustness_FNO/2D_NS_FNO2d_recurrent/datasets/exponax_datasets/t20/generalizability/dim2d_nx256_N10_solver=exponax_nu0.000_t20.0_test_ntimepoints21_GRF_matern_alpha2_tau15_vmax1_vmin0_batch0_all_frames.pt
  1531. /blue/shiboli.fsu/yifeisun.umich/adversarial_robustness_FNO/2D_NS_FNO2d_recurrent/datasets/exponax_datasets/t20/generalizability/dim2d_nx256_N10_solver=exponax_nu0.000_t20.0_test_ntimepoints21_GRF_matern_alpha2_tau1_vmax-1_vmin-1.5_batch0_all_frames.pt
  1532. /blue/shiboli.fsu/yifeisun.umich/adversarial_robustness_FNO/2D_NS_FNO2d_recurrent/datasets/exponax_datasets/t20/generalizability/dim2d_nx256_N10_solver=exponax_nu0.000_t20.0_test_ntimepoints21_GRF_matern_alpha2_tau1_vmax0.4_vmin-0.4_batch0_all_frames.pt
  1533. /blue/shiboli.fsu/yifeisun.umich/adversarial_robustness_FNO/2D_NS_FNO2d_recurrent/datasets/exponax_datasets/t20/generalizability/dim2d_nx256_N10_solver=exponax_nu0.000_t20.0_test_ntimepoints21_GRF_matern_alpha2_tau1_vmax0_vmin-1_batch0_all_frames.pt
  1534. /blue/shiboli.fsu/yifeisun.umich/adversarial_robustness_FNO/2D_NS_FNO2d_recurrent/datasets/exponax_datasets/t20/generalizability/dim2d_nx256_N10_solver=exponax_nu0.000_t20.0_test_ntimepoints21_GRF_matern_alpha2_tau1_vmax1.5_vmin1_batch0_all_frames.pt
  1535. /blue/shiboli.fsu/yifeisun.umich/adversarial_robustness_FNO/2D_NS_FNO2d_recurrent/datasets/exponax_datasets/t20/generalizability/dim2d_nx256_N10_solver=exponax_nu0.000_t20.0_test_ntimepoints21_GRF_matern_alpha2_tau1_vmax1_vmin-1_batch0_all_frames.pt
  1536. /blue/shiboli.fsu/yifeisun.umich/adversarial_robustness_FNO/2D_NS_FNO2d_recurrent/datasets/exponax_datasets/t20/generalizability/dim2d_nx256_N10_solver=exponax_nu0.000_t20.0_test_ntimepoints21_GRF_matern_alpha2_tau1_vmax1_vmin0_batch0_all_frames.pt
  1537. /blue/shiboli.fsu/yifeisun.umich/adversarial_robustness_FNO/2D_NS_FNO2d_recurrent/datasets/exponax_datasets/t20/generalizability/dim2d_nx256_N10_solver=exponax_nu0.000_t20.0_test_ntimepoints21_GRF_matern_alpha2_tau3_vmax-1_vmin-1.5_batch0_all_frames.pt
  1538. /blue/shiboli.fsu/yifeisun.umich/adversarial_robustness_FNO/2D_NS_FNO2d_recurrent/datasets/exponax_datasets/t20/generalizability/dim2d_nx256_N10_solver=exponax_nu0.000_t20.0_test_ntimepoints21_GRF_matern_alpha2_tau3_vmax0.4_vmin-0.4_batch0_all_frames.pt
  1539. /blue/shiboli.fsu/yifeisun.umich/adversarial_robustness_FNO/2D_NS_FNO2d_recurrent/datasets/exponax_datasets/t20/generalizability/dim2d_nx256_N10_solver=exponax_nu0.000_t20.0_test_ntimepoints21_GRF_matern_alpha2_tau3_vmax0_vmin-1_batch0_all_frames.pt
  1540. /blue/shiboli.fsu/yifeisun.umich/adversarial_robustness_FNO/2D_NS_FNO2d_recurrent/datasets/exponax_datasets/t20/generalizability/dim2d_nx256_N10_solver=exponax_nu0.000_t20.0_test_ntimepoints21_GRF_matern_alpha2_tau3_vmax1.5_vmin1_batch0_all_frames.pt
  1541. /blue/shiboli.fsu/yifeisun.umich/adversarial_robustness_FNO/2D_NS_FNO2d_recurrent/datasets/exponax_datasets/t20/generalizability/dim2d_nx256_N10_solver=exponax_nu0.000_t20.0_test_ntimepoints21_GRF_matern_alpha2_tau3_vmax1_vmin-1_batch0_all_frames.pt
  1542. /blue/shiboli.fsu/yifeisun.umich/adversarial_robustness_FNO/2D_NS_FNO2d_recurrent/datasets/exponax_datasets/t20/generalizability/dim2d_nx256_N10_solver=exponax_nu0.000_t20.0_test_ntimepoints21_GRF_matern_alpha2_tau3_vmax1_vmin0_batch0_all_frames.pt
  1543. /blue/shiboli.fsu/yifeisun.umich/adversarial_robustness_FNO/2D_NS_FNO2d_recurrent/datasets/exponax_datasets/t20/generalizability/dim2d_nx256_N10_solver=exponax_nu0.000_t20.0_test_ntimepoints21_GRF_matern_alpha2_tau7_vmax-1_vmin-1.5_batch0_all_frames.pt
  1544. /blue/shiboli.fsu/yifeisun.umich/adversarial_robustness_FNO/2D_NS_FNO2d_recurrent/datasets/exponax_datasets/t20/generalizability/dim2d_nx256_N10_solver=exponax_nu0.000_t20.0_test_ntimepoints21_GRF_matern_alpha2_tau7_vmax0.4_vmin-0.4_batch0_all_frames.pt
  1545. /blue/shiboli.fsu/yifeisun.umich/adversarial_robustness_FNO/2D_NS_FNO2d_recurrent/datasets/exponax_datasets/t20/generalizability/dim2d_nx256_N10_solver=exponax_nu0.000_t20.0_test_ntimepoints21_GRF_matern_alpha2_tau7_vmax0_vmin-1_batch0_all_frames.pt
  1546. /blue/shiboli.fsu/yifeisun.umich/adversarial_robustness_FNO/2D_NS_FNO2d_recurrent/datasets/exponax_datasets/t20/generalizability/dim2d_nx256_N10_solver=exponax_nu0.000_t20.0_test_ntimepoints21_GRF_matern_alpha2_tau7_vmax1.5_vmin1_batch0_all_frames.pt
  1547. /blue/shiboli.fsu/yifeisun.umich/adversarial_robustness_FNO/2D_NS_FNO2d_recurrent/datasets/exponax_datasets/t20/generalizability/dim2d_nx256_N10_solver=exponax_nu0.000_t20.0_test_ntimepoints21_GRF_matern_alpha2_tau7_vmax1_vmin-1_batch0_all_frames.pt
  1548. /blue/shiboli.fsu/yifeisun.umich/adversarial_robustness_FNO/2D_NS_FNO2d_recurrent/datasets/exponax_datasets/t20/generalizability/dim2d_nx256_N10_solver=exponax_nu0.000_t20.0_test_ntimepoints21_GRF_matern_alpha2_tau7_vmax1_vmin0_batch0_all_frames.pt
  1549. /blue/shiboli.fsu/yifeisun.umich/adversarial_robustness_FNO/2D_NS_FNO2d_recurrent/datasets/exponax_datasets/t20/generalizability/dim2d_nx256_N10_solver=exponax_nu0.000_t20.0_test_ntimepoints21_GRF_matern_alpha3.500_tau11_vmax-1_vmin-1.5_batch0_all_frames.pt
  1550. /blue/shiboli.fsu/yifeisun.umich/adversarial_robustness_FNO/2D_NS_FNO2d_recurrent/datasets/exponax_datasets/t20/generalizability/dim2d_nx256_N10_solver=exponax_nu0.000_t20.0_test_ntimepoints21_GRF_matern_alpha3.500_tau11_vmax0.4_vmin-0.4_batch0_all_frames.pt
  1551. /blue/shiboli.fsu/yifeisun.umich/adversarial_robustness_FNO/2D_NS_FNO2d_recurrent/datasets/exponax_datasets/t20/generalizability/dim2d_nx256_N10_solver=exponax_nu0.000_t20.0_test_ntimepoints21_GRF_matern_alpha3.500_tau11_vmax0_vmin-1_batch0_all_frames.pt
  1552. /blue/shiboli.fsu/yifeisun.umich/adversarial_robustness_FNO/2D_NS_FNO2d_recurrent/datasets/exponax_datasets/t20/generalizability/dim2d_nx256_N10_solver=exponax_nu0.000_t20.0_test_ntimepoints21_GRF_matern_alpha3.500_tau11_vmax1.5_vmin1_batch0_all_frames.pt
  1553. /blue/shiboli.fsu/yifeisun.umich/adversarial_robustness_FNO/2D_NS_FNO2d_recurrent/datasets/exponax_datasets/t20/generalizability/dim2d_nx256_N10_solver=exponax_nu0.000_t20.0_test_ntimepoints21_GRF_matern_alpha3.500_tau11_vmax1_vmin-1_batch0_all_frames.pt
  1554. /blue/shiboli.fsu/yifeisun.umich/adversarial_robustness_FNO/2D_NS_FNO2d_recurrent/datasets/exponax_datasets/t20/generalizability/dim2d_nx256_N10_solver=exponax_nu0.000_t20.0_test_ntimepoints21_GRF_matern_alpha3.500_tau11_vmax1_vmin0_batch0_all_frames.pt
  1555. /blue/shiboli.fsu/yifeisun.umich/adversarial_robustness_FNO/2D_NS_FNO2d_recurrent/datasets/exponax_datasets/t20/generalizability/dim2d_nx256_N10_solver=exponax_nu0.000_t20.0_test_ntimepoints21_GRF_matern_alpha3.500_tau15_vmax-1_vmin-1.5_batch0_all_frames.pt
  1556. /blue/shiboli.fsu/yifeisun.umich/adversarial_robustness_FNO/2D_NS_FNO2d_recurrent/datasets/exponax_datasets/t20/generalizability/dim2d_nx256_N10_solver=exponax_nu0.000_t20.0_test_ntimepoints21_GRF_matern_alpha3.500_tau15_vmax0.4_vmin-0.4_batch0_all_frames.pt
  1557. /blue/shiboli.fsu/yifeisun.umich/adversarial_robustness_FNO/2D_NS_FNO2d_recurrent/datasets/exponax_datasets/t20/generalizability/dim2d_nx256_N10_solver=exponax_nu0.000_t20.0_test_ntimepoints21_GRF_matern_alpha3.500_tau15_vmax0_vmin-1_batch0_all_frames.pt
  1558. /blue/shiboli.fsu/yifeisun.umich/adversarial_robustness_FNO/2D_NS_FNO2d_recurrent/datasets/exponax_datasets/t20/generalizability/dim2d_nx256_N10_solver=exponax_nu0.000_t20.0_test_ntimepoints21_GRF_matern_alpha3.500_tau15_vmax1.5_vmin1_batch0_all_frames.pt
  1559. /blue/shiboli.fsu/yifeisun.umich/adversarial_robustness_FNO/2D_NS_FNO2d_recurrent/datasets/exponax_datasets/t20/generalizability/dim2d_nx256_N10_solver=exponax_nu0.000_t20.0_test_ntimepoints21_GRF_matern_alpha3.500_tau15_vmax1_vmin-1_batch0_all_frames.pt
  1560. /blue/shiboli.fsu/yifeisun.umich/adversarial_robustness_FNO/2D_NS_FNO2d_recurrent/datasets/exponax_datasets/t20/generalizability/dim2d_nx256_N10_solver=exponax_nu0.000_t20.0_test_ntimepoints21_GRF_matern_alpha3.500_tau15_vmax1_vmin0_batch0_all_frames.pt
  1561. /blue/shiboli.fsu/yifeisun.umich/adversarial_robustness_FNO/2D_NS_FNO2d_recurrent/datasets/exponax_datasets/t20/generalizability/dim2d_nx256_N10_solver=exponax_nu0.000_t20.0_test_ntimepoints21_GRF_matern_alpha3.500_tau1_vmax-1_vmin-1.5_batch0_all_frames.pt
  1562. /blue/shiboli.fsu/yifeisun.umich/adversarial_robustness_FNO/2D_NS_FNO2d_recurrent/datasets/exponax_datasets/t20/generalizability/dim2d_nx256_N10_solver=exponax_nu0.000_t20.0_test_ntimepoints21_GRF_matern_alpha3.500_tau1_vmax0.4_vmin-0.4_batch0_all_frames.pt
  1563. /blue/shiboli.fsu/yifeisun.umich/adversarial_robustness_FNO/2D_NS_FNO2d_recurrent/datasets/exponax_datasets/t20/generalizability/dim2d_nx256_N10_solver=exponax_nu0.000_t20.0_test_ntimepoints21_GRF_matern_alpha3.500_tau1_vmax0_vmin-1_batch0_all_frames.pt
  1564. /blue/shiboli.fsu/yifeisun.umich/adversarial_robustness_FNO/2D_NS_FNO2d_recurrent/datasets/exponax_datasets/t20/generalizability/dim2d_nx256_N10_solver=exponax_nu0.000_t20.0_test_ntimepoints21_GRF_matern_alpha3.500_tau1_vmax1.5_vmin1_batch0_all_frames.pt
  1565. /blue/shiboli.fsu/yifeisun.umich/adversarial_robustness_FNO/2D_NS_FNO2d_recurrent/datasets/exponax_datasets/t20/generalizability/dim2d_nx256_N10_solver=exponax_nu0.000_t20.0_test_ntimepoints21_GRF_matern_alpha3.500_tau1_vmax1_vmin-1_batch0_all_frames.pt
  1566. /blue/shiboli.fsu/yifeisun.umich/adversarial_robustness_FNO/2D_NS_FNO2d_recurrent/datasets/exponax_datasets/t20/generalizability/dim2d_nx256_N10_solver=exponax_nu0.000_t20.0_test_ntimepoints21_GRF_matern_alpha3.500_tau1_vmax1_vmin0_batch0_all_frames.pt
  1567. /blue/shiboli.fsu/yifeisun.umich/adversarial_robustness_FNO/2D_NS_FNO2d_recurrent/datasets/exponax_datasets/t20/generalizability/dim2d_nx256_N10_solver=exponax_nu0.000_t20.0_test_ntimepoints21_GRF_matern_alpha3.500_tau3_vmax-1_vmin-1.5_batch0_all_frames.pt
  1568. /blue/shiboli.fsu/yifeisun.umich/adversarial_robustness_FNO/2D_NS_FNO2d_recurrent/datasets/exponax_datasets/t20/generalizability/dim2d_nx256_N10_solver=exponax_nu0.000_t20.0_test_ntimepoints21_GRF_matern_alpha3.500_tau3_vmax0.4_vmin-0.4_batch0_all_frames.pt
  1569. /blue/shiboli.fsu/yifeisun.umich/adversarial_robustness_FNO/2D_NS_FNO2d_recurrent/datasets/exponax_datasets/t20/generalizability/dim2d_nx256_N10_solver=exponax_nu0.000_t20.0_test_ntimepoints21_GRF_matern_alpha3.500_tau3_vmax0_vmin-1_batch0_all_frames.pt
  1570. /blue/shiboli.fsu/yifeisun.umich/adversarial_robustness_FNO/2D_NS_FNO2d_recurrent/datasets/exponax_datasets/t20/generalizability/dim2d_nx256_N10_solver=exponax_nu0.000_t20.0_test_ntimepoints21_GRF_matern_alpha3.500_tau3_vmax1.5_vmin1_batch0_all_frames.pt
  1571. /blue/shiboli.fsu/yifeisun.umich/adversarial_robustness_FNO/2D_NS_FNO2d_recurrent/datasets/exponax_datasets/t20/generalizability/dim2d_nx256_N10_solver=exponax_nu0.000_t20.0_test_ntimepoints21_GRF_matern_alpha3.500_tau3_vmax1_vmin-1_batch0_all_frames.pt
  1572. /blue/shiboli.fsu/yifeisun.umich/adversarial_robustness_FNO/2D_NS_FNO2d_recurrent/datasets/exponax_datasets/t20/generalizability/dim2d_nx256_N10_solver=exponax_nu0.000_t20.0_test_ntimepoints21_GRF_matern_alpha3.500_tau3_vmax1_vmin0_batch0_all_frames.pt
  1573. /blue/shiboli.fsu/yifeisun.umich/adversarial_robustness_FNO/2D_NS_FNO2d_recurrent/datasets/exponax_datasets/t20/generalizability/dim2d_nx256_N10_solver=exponax_nu0.000_t20.0_test_ntimepoints21_GRF_matern_alpha3.500_tau7_vmax-1_vmin-1.5_batch0_all_frames.pt
  1574. /blue/shiboli.fsu/yifeisun.umich/adversarial_robustness_FNO/2D_NS_FNO2d_recurrent/datasets/exponax_datasets/t20/generalizability/dim2d_nx256_N10_solver=exponax_nu0.000_t20.0_test_ntimepoints21_GRF_matern_alpha3.500_tau7_vmax0.4_vmin-0.4_batch0_all_frames.pt
  1575. /blue/shiboli.fsu/yifeisun.umich/adversarial_robustness_FNO/2D_NS_FNO2d_recurrent/datasets/exponax_datasets/t20/generalizability/dim2d_nx256_N10_solver=exponax_nu0.000_t20.0_test_ntimepoints21_GRF_matern_alpha3.500_tau7_vmax0_vmin-1_batch0_all_frames.pt
  1576. /blue/shiboli.fsu/yifeisun.umich/adversarial_robustness_FNO/2D_NS_FNO2d_recurrent/datasets/exponax_datasets/t20/generalizability/dim2d_nx256_N10_solver=exponax_nu0.000_t20.0_test_ntimepoints21_GRF_matern_alpha3.500_tau7_vmax1.5_vmin1_batch0_all_frames.pt
  1577. /blue/shiboli.fsu/yifeisun.umich/adversarial_robustness_FNO/2D_NS_FNO2d_recurrent/datasets/exponax_datasets/t20/generalizability/dim2d_nx256_N10_solver=exponax_nu0.000_t20.0_test_ntimepoints21_GRF_matern_alpha3.500_tau7_vmax1_vmin-1_batch0_all_frames.pt
  1578. /blue/shiboli.fsu/yifeisun.umich/adversarial_robustness_FNO/2D_NS_FNO2d_recurrent/datasets/exponax_datasets/t20/generalizability/dim2d_nx256_N10_solver=exponax_nu0.000_t20.0_test_ntimepoints21_GRF_matern_alpha3.500_tau7_vmax1_vmin0_batch0_all_frames.pt
  1579. /blue/shiboli.fsu/yifeisun.umich/adversarial_robustness_FNO/2D_NS_FNO2d_recurrent/datasets/exponax_datasets/t20/generalizability/dim2d_nx256_N10_solver=exponax_nu0.000_t20.0_test_ntimepoints21_GRF_periodic_length_scale40_period0.050_vmax-1_vmin-1.5_batch0_all_frames.pt
  1580. /blue/shiboli.fsu/yifeisun.umich/adversarial_robustness_FNO/2D_NS_FNO2d_recurrent/datasets/exponax_datasets/t20/generalizability/dim2d_nx256_N10_solver=exponax_nu0.000_t20.0_test_ntimepoints21_GRF_periodic_length_scale40_period0.050_vmax0.4_vmin-0.4_batch0_all_frames.pt
  1581. /blue/shiboli.fsu/yifeisun.umich/adversarial_robustness_FNO/2D_NS_FNO2d_recurrent/datasets/exponax_datasets/t20/generalizability/dim2d_nx256_N10_solver=exponax_nu0.000_t20.0_test_ntimepoints21_GRF_periodic_length_scale40_period0.050_vmax0_vmin-1_batch0_all_frames.pt
  1582. /blue/shiboli.fsu/yifeisun.umich/adversarial_robustness_FNO/2D_NS_FNO2d_recurrent/datasets/exponax_datasets/t20/generalizability/dim2d_nx256_N10_solver=exponax_nu0.000_t20.0_test_ntimepoints21_GRF_periodic_length_scale40_period0.050_vmax1.5_vmin1_batch0_all_frames.pt
  1583. /blue/shiboli.fsu/yifeisun.umich/adversarial_robustness_FNO/2D_NS_FNO2d_recurrent/datasets/exponax_datasets/t20/generalizability/dim2d_nx256_N10_solver=exponax_nu0.000_t20.0_test_ntimepoints21_GRF_periodic_length_scale40_period0.050_vmax1_vmin-1_batch0_all_frames.pt
  1584. /blue/shiboli.fsu/yifeisun.umich/adversarial_robustness_FNO/2D_NS_FNO2d_recurrent/datasets/exponax_datasets/t20/generalizability/dim2d_nx256_N10_solver=exponax_nu0.000_t20.0_test_ntimepoints21_GRF_periodic_length_scale40_period0.050_vmax1_vmin0_batch0_all_frames.pt
  1585. /blue/shiboli.fsu/yifeisun.umich/adversarial_robustness_FNO/2D_NS_FNO2d_recurrent/datasets/exponax_datasets/t20/generalizability/dim2d_nx256_N10_solver=exponax_nu0.000_t20.0_test_ntimepoints21_GRF_periodic_length_scale40_period0.100_vmax-1_vmin-1.5_batch0_all_frames.pt
  1586. /blue/shiboli.fsu/yifeisun.umich/adversarial_robustness_FNO/2D_NS_FNO2d_recurrent/datasets/exponax_datasets/t20/generalizability/dim2d_nx256_N10_solver=exponax_nu0.000_t20.0_test_ntimepoints21_GRF_periodic_length_scale40_period0.100_vmax0.4_vmin-0.4_batch0_all_frames.pt
  1587. /blue/shiboli.fsu/yifeisun.umich/adversarial_robustness_FNO/2D_NS_FNO2d_recurrent/datasets/exponax_datasets/t20/generalizability/dim2d_nx256_N10_solver=exponax_nu0.000_t20.0_test_ntimepoints21_GRF_periodic_length_scale40_period0.100_vmax0_vmin-1_batch0_all_frames.pt
  1588. /blue/shiboli.fsu/yifeisun.umich/adversarial_robustness_FNO/2D_NS_FNO2d_recurrent/datasets/exponax_datasets/t20/generalizability/dim2d_nx256_N10_solver=exponax_nu0.000_t20.0_test_ntimepoints21_GRF_periodic_length_scale40_period0.100_vmax1.5_vmin1_batch0_all_frames.pt
  1589. /blue/shiboli.fsu/yifeisun.umich/adversarial_robustness_FNO/2D_NS_FNO2d_recurrent/datasets/exponax_datasets/t20/generalizability/dim2d_nx256_N10_solver=exponax_nu0.000_t20.0_test_ntimepoints21_GRF_periodic_length_scale40_period0.100_vmax1_vmin-1_batch0_all_frames.pt
  1590. /blue/shiboli.fsu/yifeisun.umich/adversarial_robustness_FNO/2D_NS_FNO2d_recurrent/datasets/exponax_datasets/t20/generalizability/dim2d_nx256_N10_solver=exponax_nu0.000_t20.0_test_ntimepoints21_GRF_periodic_length_scale40_period0.100_vmax1_vmin0_batch0_all_frames.pt
  1591. /blue/shiboli.fsu/yifeisun.umich/adversarial_robustness_FNO/2D_NS_FNO2d_recurrent/datasets/exponax_datasets/t20/generalizability/dim2d_nx256_N10_solver=exponax_nu0.000_t20.0_test_ntimepoints21_GRF_periodic_length_scale40_period0.200_vmax-1_vmin-1.5_batch0_all_frames.pt
  1592. /blue/shiboli.fsu/yifeisun.umich/adversarial_robustness_FNO/2D_NS_FNO2d_recurrent/datasets/exponax_datasets/t20/generalizability/dim2d_nx256_N10_solver=exponax_nu0.000_t20.0_test_ntimepoints21_GRF_periodic_length_scale40_period0.200_vmax0.4_vmin-0.4_batch0_all_frames.pt
  1593. /blue/shiboli.fsu/yifeisun.umich/adversarial_robustness_FNO/2D_NS_FNO2d_recurrent/datasets/exponax_datasets/t20/generalizability/dim2d_nx256_N10_solver=exponax_nu0.000_t20.0_test_ntimepoints21_GRF_periodic_length_scale40_period0.200_vmax0_vmin-1_batch0_all_frames.pt
  1594. /blue/shiboli.fsu/yifeisun.umich/adversarial_robustness_FNO/2D_NS_FNO2d_recurrent/datasets/exponax_datasets/t20/generalizability/dim2d_nx256_N10_solver=exponax_nu0.000_t20.0_test_ntimepoints21_GRF_periodic_length_scale40_period0.200_vmax1.5_vmin1_batch0_all_frames.pt
  1595. /blue/shiboli.fsu/yifeisun.umich/adversarial_robustness_FNO/2D_NS_FNO2d_recurrent/datasets/exponax_datasets/t20/generalizability/dim2d_nx256_N10_solver=exponax_nu0.000_t20.0_test_ntimepoints21_GRF_periodic_length_scale40_period0.200_vmax1_vmin-1_batch0_all_frames.pt
  1596. /blue/shiboli.fsu/yifeisun.umich/adversarial_robustness_FNO/2D_NS_FNO2d_recurrent/datasets/exponax_datasets/t20/generalizability/dim2d_nx256_N10_solver=exponax_nu0.000_t20.0_test_ntimepoints21_GRF_periodic_length_scale40_period0.200_vmax1_vmin0_batch0_all_frames.pt
  1597. /blue/shiboli.fsu/yifeisun.umich/adversarial_robustness_FNO/2D_NS_FNO2d_recurrent/datasets/exponax_datasets/t20/generalizability/dim2d_nx256_N10_solver=exponax_nu0.000_t20.0_test_ntimepoints21_GRF_periodic_length_scale40_period0.500_vmax-1_vmin-1.5_batch0_all_frames.pt
  1598. /blue/shiboli.fsu/yifeisun.umich/adversarial_robustness_FNO/2D_NS_FNO2d_recurrent/datasets/exponax_datasets/t20/generalizability/dim2d_nx256_N10_solver=exponax_nu0.000_t20.0_test_ntimepoints21_GRF_periodic_length_scale40_period0.500_vmax0.4_vmin-0.4_batch0_all_frames.pt
  1599. /blue/shiboli.fsu/yifeisun.umich/adversarial_robustness_FNO/2D_NS_FNO2d_recurrent/datasets/exponax_datasets/t20/generalizability/dim2d_nx256_N10_solver=exponax_nu0.000_t20.0_test_ntimepoints21_GRF_periodic_length_scale40_period0.500_vmax0_vmin-1_batch0_all_frames.pt
  1600. /blue/shiboli.fsu/yifeisun.umich/adversarial_robustness_FNO/2D_NS_FNO2d_recurrent/datasets/exponax_datasets/t20/generalizability/dim2d_nx256_N10_solver=exponax_nu0.000_t20.0_test_ntimepoints21_GRF_periodic_length_scale40_period0.500_vmax1.5_vmin1_batch0_all_frames.pt
  1601. /blue/shiboli.fsu/yifeisun.umich/adversarial_robustness_FNO/2D_NS_FNO2d_recurrent/datasets/exponax_datasets/t20/generalizability/dim2d_nx256_N10_solver=exponax_nu0.000_t20.0_test_ntimepoints21_GRF_periodic_length_scale40_period0.500_vmax1_vmin-1_batch0_all_frames.pt
  1602. /blue/shiboli.fsu/yifeisun.umich/adversarial_robustness_FNO/2D_NS_FNO2d_recurrent/datasets/exponax_datasets/t20/generalizability/dim2d_nx256_N10_solver=exponax_nu0.000_t20.0_test_ntimepoints21_GRF_periodic_length_scale40_period0.500_vmax1_vmin0_batch0_all_frames.pt
  1603. /blue/shiboli.fsu/yifeisun.umich/adversarial_robustness_FNO/2D_NS_FNO2d_recurrent/datasets/exponax_datasets/t20/generalizability/dim2d_nx256_N10_solver=exponax_nu0.000_t20.0_test_ntimepoints21_GRF_rbf_length_scale0.020_variance0.100_vmax-1_vmin-1.5_batch0_all_frames.pt
  1604. /blue/shiboli.fsu/yifeisun.umich/adversarial_robustness_FNO/2D_NS_FNO2d_recurrent/datasets/exponax_datasets/t20/generalizability/dim2d_nx256_N10_solver=exponax_nu0.000_t20.0_test_ntimepoints21_GRF_rbf_length_scale0.020_variance0.100_vmax0.4_vmin-0.4_batch0_all_frames.pt
  1605. /blue/shiboli.fsu/yifeisun.umich/adversarial_robustness_FNO/2D_NS_FNO2d_recurrent/datasets/exponax_datasets/t20/generalizability/dim2d_nx256_N10_solver=exponax_nu0.000_t20.0_test_ntimepoints21_GRF_rbf_length_scale0.020_variance0.100_vmax0_vmin-1_batch0_all_frames.pt
  1606. /blue/shiboli.fsu/yifeisun.umich/adversarial_robustness_FNO/2D_NS_FNO2d_recurrent/datasets/exponax_datasets/t20/generalizability/dim2d_nx256_N10_solver=exponax_nu0.000_t20.0_test_ntimepoints21_GRF_rbf_length_scale0.020_variance0.100_vmax1.5_vmin1_batch0_all_frames.pt
  1607. /blue/shiboli.fsu/yifeisun.umich/adversarial_robustness_FNO/2D_NS_FNO2d_recurrent/datasets/exponax_datasets/t20/generalizability/dim2d_nx256_N10_solver=exponax_nu0.000_t20.0_test_ntimepoints21_GRF_rbf_length_scale0.020_variance0.100_vmax1_vmin-1_batch0_all_frames.pt
  1608. /blue/shiboli.fsu/yifeisun.umich/adversarial_robustness_FNO/2D_NS_FNO2d_recurrent/datasets/exponax_datasets/t20/generalizability/dim2d_nx256_N10_solver=exponax_nu0.000_t20.0_test_ntimepoints21_GRF_rbf_length_scale0.020_variance0.100_vmax1_vmin0_batch0_all_frames.pt
  1609. /blue/shiboli.fsu/yifeisun.umich/adversarial_robustness_FNO/2D_NS_FNO2d_recurrent/datasets/exponax_datasets/t20/generalizability/dim2d_nx256_N10_solver=exponax_nu0.000_t20.0_test_ntimepoints21_GRF_rbf_length_scale0.020_variance0.500_vmax-1_vmin-1.5_batch0_all_frames.pt
  1610. /blue/shiboli.fsu/yifeisun.umich/adversarial_robustness_FNO/2D_NS_FNO2d_recurrent/datasets/exponax_datasets/t20/generalizability/dim2d_nx256_N10_solver=exponax_nu0.000_t20.0_test_ntimepoints21_GRF_rbf_length_scale0.020_variance0.500_vmax0.4_vmin-0.4_batch0_all_frames.pt
  1611. /blue/shiboli.fsu/yifeisun.umich/adversarial_robustness_FNO/2D_NS_FNO2d_recurrent/datasets/exponax_datasets/t20/generalizability/dim2d_nx256_N10_solver=exponax_nu0.000_t20.0_test_ntimepoints21_GRF_rbf_length_scale0.020_variance0.500_vmax0_vmin-1_batch0_all_frames.pt
  1612. /blue/shiboli.fsu/yifeisun.umich/adversarial_robustness_FNO/2D_NS_FNO2d_recurrent/datasets/exponax_datasets/t20/generalizability/dim2d_nx256_N10_solver=exponax_nu0.000_t20.0_test_ntimepoints21_GRF_rbf_length_scale0.020_variance0.500_vmax1.5_vmin1_batch0_all_frames.pt
  1613. /blue/shiboli.fsu/yifeisun.umich/adversarial_robustness_FNO/2D_NS_FNO2d_recurrent/datasets/exponax_datasets/t20/generalizability/dim2d_nx256_N10_solver=exponax_nu0.000_t20.0_test_ntimepoints21_GRF_rbf_length_scale0.020_variance0.500_vmax1_vmin-1_batch0_all_frames.pt
  1614. /blue/shiboli.fsu/yifeisun.umich/adversarial_robustness_FNO/2D_NS_FNO2d_recurrent/datasets/exponax_datasets/t20/generalizability/dim2d_nx256_N10_solver=exponax_nu0.000_t20.0_test_ntimepoints21_GRF_rbf_length_scale0.020_variance0.500_vmax1_vmin0_batch0_all_frames.pt
  1615. /blue/shiboli.fsu/yifeisun.umich/adversarial_robustness_FNO/2D_NS_FNO2d_recurrent/datasets/exponax_datasets/t20/generalizability/dim2d_nx256_N10_solver=exponax_nu0.000_t20.0_test_ntimepoints21_GRF_rbf_length_scale0.020_variance1.000_vmax-1_vmin-1.5_batch0_all_frames.pt
  1616. /blue/shiboli.fsu/yifeisun.umich/adversarial_robustness_FNO/2D_NS_FNO2d_recurrent/datasets/exponax_datasets/t20/generalizability/dim2d_nx256_N10_solver=exponax_nu0.000_t20.0_test_ntimepoints21_GRF_rbf_length_scale0.020_variance1.000_vmax0.4_vmin-0.4_batch0_all_frames.pt
  1617. /blue/shiboli.fsu/yifeisun.umich/adversarial_robustness_FNO/2D_NS_FNO2d_recurrent/datasets/exponax_datasets/t20/generalizability/dim2d_nx256_N10_solver=exponax_nu0.000_t20.0_test_ntimepoints21_GRF_rbf_length_scale0.020_variance1.000_vmax0_vmin-1_batch0_all_frames.pt
  1618. /blue/shiboli.fsu/yifeisun.umich/adversarial_robustness_FNO/2D_NS_FNO2d_recurrent/datasets/exponax_datasets/t20/generalizability/dim2d_nx256_N10_solver=exponax_nu0.000_t20.0_test_ntimepoints21_GRF_rbf_length_scale0.020_variance1.000_vmax1.5_vmin1_batch0_all_frames.pt
  1619. /blue/shiboli.fsu/yifeisun.umich/adversarial_robustness_FNO/2D_NS_FNO2d_recurrent/datasets/exponax_datasets/t20/generalizability/dim2d_nx256_N10_solver=exponax_nu0.000_t20.0_test_ntimepoints21_GRF_rbf_length_scale0.020_variance1.000_vmax1_vmin-1_batch0_all_frames.pt
  1620. /blue/shiboli.fsu/yifeisun.umich/adversarial_robustness_FNO/2D_NS_FNO2d_recurrent/datasets/exponax_datasets/t20/generalizability/dim2d_nx256_N10_solver=exponax_nu0.000_t20.0_test_ntimepoints21_GRF_rbf_length_scale0.020_variance1.000_vmax1_vmin0_batch0_all_frames.pt
  1621. /blue/shiboli.fsu/yifeisun.umich/adversarial_robustness_FNO/2D_NS_FNO2d_recurrent/datasets/exponax_datasets/t20/generalizability/dim2d_nx256_N10_solver=exponax_nu0.000_t20.0_test_ntimepoints21_GRF_rbf_length_scale0.020_variance2.000_vmax-1_vmin-1.5_batch0_all_frames.pt
  1622. /blue/shiboli.fsu/yifeisun.umich/adversarial_robustness_FNO/2D_NS_FNO2d_recurrent/datasets/exponax_datasets/t20/generalizability/dim2d_nx256_N10_solver=exponax_nu0.000_t20.0_test_ntimepoints21_GRF_rbf_length_scale0.020_variance2.000_vmax0.4_vmin-0.4_batch0_all_frames.pt
  1623. /blue/shiboli.fsu/yifeisun.umich/adversarial_robustness_FNO/2D_NS_FNO2d_recurrent/datasets/exponax_datasets/t20/generalizability/dim2d_nx256_N10_solver=exponax_nu0.000_t20.0_test_ntimepoints21_GRF_rbf_length_scale0.020_variance2.000_vmax0_vmin-1_batch0_all_frames.pt
  1624. /blue/shiboli.fsu/yifeisun.umich/adversarial_robustness_FNO/2D_NS_FNO2d_recurrent/datasets/exponax_datasets/t20/generalizability/dim2d_nx256_N10_solver=exponax_nu0.000_t20.0_test_ntimepoints21_GRF_rbf_length_scale0.020_variance2.000_vmax1.5_vmin1_batch0_all_frames.pt
  1625. /blue/shiboli.fsu/yifeisun.umich/adversarial_robustness_FNO/2D_NS_FNO2d_recurrent/datasets/exponax_datasets/t20/generalizability/dim2d_nx256_N10_solver=exponax_nu0.000_t20.0_test_ntimepoints21_GRF_rbf_length_scale0.020_variance2.000_vmax1_vmin-1_batch0_all_frames.pt
  1626. /blue/shiboli.fsu/yifeisun.umich/adversarial_robustness_FNO/2D_NS_FNO2d_recurrent/datasets/exponax_datasets/t20/generalizability/dim2d_nx256_N10_solver=exponax_nu0.000_t20.0_test_ntimepoints21_GRF_rbf_length_scale0.020_variance2.000_vmax1_vmin0_batch0_all_frames.pt
  1627. /blue/shiboli.fsu/yifeisun.umich/adversarial_robustness_FNO/2D_NS_FNO2d_recurrent/datasets/exponax_datasets/t20/generalizability/dim2d_nx256_N10_solver=exponax_nu0.000_t20.0_test_ntimepoints21_GRF_rbf_length_scale0.020_variance5_vmax-1_vmin-1.5_batch0_all_frames.pt
  1628. /blue/shiboli.fsu/yifeisun.umich/adversarial_robustness_FNO/2D_NS_FNO2d_recurrent/datasets/exponax_datasets/t20/generalizability/dim2d_nx256_N10_solver=exponax_nu0.000_t20.0_test_ntimepoints21_GRF_rbf_length_scale0.020_variance5_vmax0.4_vmin-0.4_batch0_all_frames.pt
  1629. /blue/shiboli.fsu/yifeisun.umich/adversarial_robustness_FNO/2D_NS_FNO2d_recurrent/datasets/exponax_datasets/t20/generalizability/dim2d_nx256_N10_solver=exponax_nu0.000_t20.0_test_ntimepoints21_GRF_rbf_length_scale0.020_variance5_vmax0_vmin-1_batch0_all_frames.pt
  1630. /blue/shiboli.fsu/yifeisun.umich/adversarial_robustness_FNO/2D_NS_FNO2d_recurrent/datasets/exponax_datasets/t20/generalizability/dim2d_nx256_N10_solver=exponax_nu0.000_t20.0_test_ntimepoints21_GRF_rbf_length_scale0.020_variance5_vmax1.5_vmin1_batch0_all_frames.pt
  1631. /blue/shiboli.fsu/yifeisun.umich/adversarial_robustness_FNO/2D_NS_FNO2d_recurrent/datasets/exponax_datasets/t20/generalizability/dim2d_nx256_N10_solver=exponax_nu0.000_t20.0_test_ntimepoints21_GRF_rbf_length_scale0.020_variance5_vmax1_vmin-1_batch0_all_frames.pt
  1632. /blue/shiboli.fsu/yifeisun.umich/adversarial_robustness_FNO/2D_NS_FNO2d_recurrent/datasets/exponax_datasets/t20/generalizability/dim2d_nx256_N10_solver=exponax_nu0.000_t20.0_test_ntimepoints21_GRF_rbf_length_scale0.020_variance5_vmax1_vmin0_batch0_all_frames.pt
  1633. /blue/shiboli.fsu/yifeisun.umich/adversarial_robustness_FNO/2D_NS_FNO2d_recurrent/datasets/exponax_datasets/t20/generalizability/dim2d_nx256_N10_solver=exponax_nu0.000_t20.0_test_ntimepoints21_GRF_rbf_length_scale0.050_variance0.100_vmax-1_vmin-1.5_batch0_all_frames.pt
  1634. /blue/shiboli.fsu/yifeisun.umich/adversarial_robustness_FNO/2D_NS_FNO2d_recurrent/datasets/exponax_datasets/t20/generalizability/dim2d_nx256_N10_solver=exponax_nu0.000_t20.0_test_ntimepoints21_GRF_rbf_length_scale0.050_variance0.100_vmax0.4_vmin-0.4_batch0_all_frames.pt
  1635. /blue/shiboli.fsu/yifeisun.umich/adversarial_robustness_FNO/2D_NS_FNO2d_recurrent/datasets/exponax_datasets/t20/generalizability/dim2d_nx256_N10_solver=exponax_nu0.000_t20.0_test_ntimepoints21_GRF_rbf_length_scale0.050_variance0.100_vmax0_vmin-1_batch0_all_frames.pt
  1636. /blue/shiboli.fsu/yifeisun.umich/adversarial_robustness_FNO/2D_NS_FNO2d_recurrent/datasets/exponax_datasets/t20/generalizability/dim2d_nx256_N10_solver=exponax_nu0.000_t20.0_test_ntimepoints21_GRF_rbf_length_scale0.050_variance0.100_vmax1.5_vmin1_batch0_all_frames.pt
  1637. /blue/shiboli.fsu/yifeisun.umich/adversarial_robustness_FNO/2D_NS_FNO2d_recurrent/datasets/exponax_datasets/t20/generalizability/dim2d_nx256_N10_solver=exponax_nu0.000_t20.0_test_ntimepoints21_GRF_rbf_length_scale0.050_variance0.100_vmax1_vmin-1_batch0_all_frames.pt
  1638. /blue/shiboli.fsu/yifeisun.umich/adversarial_robustness_FNO/2D_NS_FNO2d_recurrent/datasets/exponax_datasets/t20/generalizability/dim2d_nx256_N10_solver=exponax_nu0.000_t20.0_test_ntimepoints21_GRF_rbf_length_scale0.050_variance0.100_vmax1_vmin0_batch0_all_frames.pt
  1639. /blue/shiboli.fsu/yifeisun.umich/adversarial_robustness_FNO/2D_NS_FNO2d_recurrent/datasets/exponax_datasets/t20/generalizability/dim2d_nx256_N10_solver=exponax_nu0.000_t20.0_test_ntimepoints21_GRF_rbf_length_scale0.050_variance0.500_vmax-1_vmin-1.5_batch0_all_frames.pt
  1640. /blue/shiboli.fsu/yifeisun.umich/adversarial_robustness_FNO/2D_NS_FNO2d_recurrent/datasets/exponax_datasets/t20/generalizability/dim2d_nx256_N10_solver=exponax_nu0.000_t20.0_test_ntimepoints21_GRF_rbf_length_scale0.050_variance0.500_vmax0.4_vmin-0.4_batch0_all_frames.pt
  1641. /blue/shiboli.fsu/yifeisun.umich/adversarial_robustness_FNO/2D_NS_FNO2d_recurrent/datasets/exponax_datasets/t20/generalizability/dim2d_nx256_N10_solver=exponax_nu0.000_t20.0_test_ntimepoints21_GRF_rbf_length_scale0.050_variance0.500_vmax0_vmin-1_batch0_all_frames.pt
  1642. /blue/shiboli.fsu/yifeisun.umich/adversarial_robustness_FNO/2D_NS_FNO2d_recurrent/datasets/exponax_datasets/t20/generalizability/dim2d_nx256_N10_solver=exponax_nu0.000_t20.0_test_ntimepoints21_GRF_rbf_length_scale0.050_variance0.500_vmax1.5_vmin1_batch0_all_frames.pt
  1643. /blue/shiboli.fsu/yifeisun.umich/adversarial_robustness_FNO/2D_NS_FNO2d_recurrent/datasets/exponax_datasets/t20/generalizability/dim2d_nx256_N10_solver=exponax_nu0.000_t20.0_test_ntimepoints21_GRF_rbf_length_scale0.050_variance0.500_vmax1_vmin-1_batch0_all_frames.pt
  1644. /blue/shiboli.fsu/yifeisun.umich/adversarial_robustness_FNO/2D_NS_FNO2d_recurrent/datasets/exponax_datasets/t20/generalizability/dim2d_nx256_N10_solver=exponax_nu0.000_t20.0_test_ntimepoints21_GRF_rbf_length_scale0.050_variance0.500_vmax1_vmin0_batch0_all_frames.pt
  1645. /blue/shiboli.fsu/yifeisun.umich/adversarial_robustness_FNO/2D_NS_FNO2d_recurrent/datasets/exponax_datasets/t20/generalizability/dim2d_nx256_N10_solver=exponax_nu0.000_t20.0_test_ntimepoints21_GRF_rbf_length_scale0.050_variance1.000_vmax-1_vmin-1.5_batch0_all_frames.pt
  1646. /blue/shiboli.fsu/yifeisun.umich/adversarial_robustness_FNO/2D_NS_FNO2d_recurrent/datasets/exponax_datasets/t20/generalizability/dim2d_nx256_N10_solver=exponax_nu0.000_t20.0_test_ntimepoints21_GRF_rbf_length_scale0.050_variance1.000_vmax0.4_vmin-0.4_batch0_all_frames.pt
  1647. /blue/shiboli.fsu/yifeisun.umich/adversarial_robustness_FNO/2D_NS_FNO2d_recurrent/datasets/exponax_datasets/t20/generalizability/dim2d_nx256_N10_solver=exponax_nu0.000_t20.0_test_ntimepoints21_GRF_rbf_length_scale0.050_variance1.000_vmax0_vmin-1_batch0_all_frames.pt
  1648. /blue/shiboli.fsu/yifeisun.umich/adversarial_robustness_FNO/2D_NS_FNO2d_recurrent/datasets/exponax_datasets/t20/generalizability/dim2d_nx256_N10_solver=exponax_nu0.000_t20.0_test_ntimepoints21_GRF_rbf_length_scale0.050_variance1.000_vmax1.5_vmin1_batch0_all_frames.pt
  1649. /blue/shiboli.fsu/yifeisun.umich/adversarial_robustness_FNO/2D_NS_FNO2d_recurrent/datasets/exponax_datasets/t20/generalizability/dim2d_nx256_N10_solver=exponax_nu0.000_t20.0_test_ntimepoints21_GRF_rbf_length_scale0.050_variance1.000_vmax1_vmin-1_batch0_all_frames.pt
  1650. /blue/shiboli.fsu/yifeisun.umich/adversarial_robustness_FNO/2D_NS_FNO2d_recurrent/datasets/exponax_datasets/t20/generalizability/dim2d_nx256_N10_solver=exponax_nu0.000_t20.0_test_ntimepoints21_GRF_rbf_length_scale0.050_variance1.000_vmax1_vmin0_batch0_all_frames.pt
  1651. /blue/shiboli.fsu/yifeisun.umich/adversarial_robustness_FNO/2D_NS_FNO2d_recurrent/datasets/exponax_datasets/t20/generalizability/dim2d_nx256_N10_solver=exponax_nu0.000_t20.0_test_ntimepoints21_GRF_rbf_length_scale0.050_variance2.000_vmax-1_vmin-1.5_batch0_all_frames.pt
  1652. /blue/shiboli.fsu/yifeisun.umich/adversarial_robustness_FNO/2D_NS_FNO2d_recurrent/datasets/exponax_datasets/t20/generalizability/dim2d_nx256_N10_solver=exponax_nu0.000_t20.0_test_ntimepoints21_GRF_rbf_length_scale0.050_variance2.000_vmax0.4_vmin-0.4_batch0_all_frames.pt
  1653. /blue/shiboli.fsu/yifeisun.umich/adversarial_robustness_FNO/2D_NS_FNO2d_recurrent/datasets/exponax_datasets/t20/generalizability/dim2d_nx256_N10_solver=exponax_nu0.000_t20.0_test_ntimepoints21_GRF_rbf_length_scale0.050_variance2.000_vmax0_vmin-1_batch0_all_frames.pt
  1654. /blue/shiboli.fsu/yifeisun.umich/adversarial_robustness_FNO/2D_NS_FNO2d_recurrent/datasets/exponax_datasets/t20/generalizability/dim2d_nx256_N10_solver=exponax_nu0.000_t20.0_test_ntimepoints21_GRF_rbf_length_scale0.050_variance2.000_vmax1.5_vmin1_batch0_all_frames.pt
  1655. /blue/shiboli.fsu/yifeisun.umich/adversarial_robustness_FNO/2D_NS_FNO2d_recurrent/datasets/exponax_datasets/t20/generalizability/dim2d_nx256_N10_solver=exponax_nu0.000_t20.0_test_ntimepoints21_GRF_rbf_length_scale0.050_variance2.000_vmax1_vmin-1_batch0_all_frames.pt
  1656. /blue/shiboli.fsu/yifeisun.umich/adversarial_robustness_FNO/2D_NS_FNO2d_recurrent/datasets/exponax_datasets/t20/generalizability/dim2d_nx256_N10_solver=exponax_nu0.000_t20.0_test_ntimepoints21_GRF_rbf_length_scale0.050_variance2.000_vmax1_vmin0_batch0_all_frames.pt
  1657. /blue/shiboli.fsu/yifeisun.umich/adversarial_robustness_FNO/2D_NS_FNO2d_recurrent/datasets/exponax_datasets/t20/generalizability/dim2d_nx256_N10_solver=exponax_nu0.000_t20.0_test_ntimepoints21_GRF_rbf_length_scale0.050_variance5_vmax-1_vmin-1.5_batch0_all_frames.pt
  1658. /blue/shiboli.fsu/yifeisun.umich/adversarial_robustness_FNO/2D_NS_FNO2d_recurrent/datasets/exponax_datasets/t20/generalizability/dim2d_nx256_N10_solver=exponax_nu0.000_t20.0_test_ntimepoints21_GRF_rbf_length_scale0.050_variance5_vmax0.4_vmin-0.4_batch0_all_frames.pt
  1659. /blue/shiboli.fsu/yifeisun.umich/adversarial_robustness_FNO/2D_NS_FNO2d_recurrent/datasets/exponax_datasets/t20/generalizability/dim2d_nx256_N10_solver=exponax_nu0.000_t20.0_test_ntimepoints21_GRF_rbf_length_scale0.050_variance5_vmax0_vmin-1_batch0_all_frames.pt
  1660. /blue/shiboli.fsu/yifeisun.umich/adversarial_robustness_FNO/2D_NS_FNO2d_recurrent/datasets/exponax_datasets/t20/generalizability/dim2d_nx256_N10_solver=exponax_nu0.000_t20.0_test_ntimepoints21_GRF_rbf_length_scale0.050_variance5_vmax1.5_vmin1_batch0_all_frames.pt
  1661. /blue/shiboli.fsu/yifeisun.umich/adversarial_robustness_FNO/2D_NS_FNO2d_recurrent/datasets/exponax_datasets/t20/generalizability/dim2d_nx256_N10_solver=exponax_nu0.000_t20.0_test_ntimepoints21_GRF_rbf_length_scale0.050_variance5_vmax1_vmin-1_batch0_all_frames.pt
  1662. /blue/shiboli.fsu/yifeisun.umich/adversarial_robustness_FNO/2D_NS_FNO2d_recurrent/datasets/exponax_datasets/t20/generalizability/dim2d_nx256_N10_solver=exponax_nu0.000_t20.0_test_ntimepoints21_GRF_rbf_length_scale0.050_variance5_vmax1_vmin0_batch0_all_frames.pt
  1663. /blue/shiboli.fsu/yifeisun.umich/adversarial_robustness_FNO/2D_NS_FNO2d_recurrent/datasets/exponax_datasets/t20/generalizability/dim2d_nx256_N10_solver=exponax_nu0.000_t20.0_test_ntimepoints21_GRF_rbf_length_scale0.100_variance0.100_vmax-1_vmin-1.5_batch0_all_frames.pt
  1664. /blue/shiboli.fsu/yifeisun.umich/adversarial_robustness_FNO/2D_NS_FNO2d_recurrent/datasets/exponax_datasets/t20/generalizability/dim2d_nx256_N10_solver=exponax_nu0.000_t20.0_test_ntimepoints21_GRF_rbf_length_scale0.100_variance0.100_vmax0.4_vmin-0.4_batch0_all_frames.pt
  1665. /blue/shiboli.fsu/yifeisun.umich/adversarial_robustness_FNO/2D_NS_FNO2d_recurrent/datasets/exponax_datasets/t20/generalizability/dim2d_nx256_N10_solver=exponax_nu0.000_t20.0_test_ntimepoints21_GRF_rbf_length_scale0.100_variance0.100_vmax0_vmin-1_batch0_all_frames.pt
  1666. /blue/shiboli.fsu/yifeisun.umich/adversarial_robustness_FNO/2D_NS_FNO2d_recurrent/datasets/exponax_datasets/t20/generalizability/dim2d_nx256_N10_solver=exponax_nu0.000_t20.0_test_ntimepoints21_GRF_rbf_length_scale0.100_variance0.100_vmax1.5_vmin1_batch0_all_frames.pt
  1667. /blue/shiboli.fsu/yifeisun.umich/adversarial_robustness_FNO/2D_NS_FNO2d_recurrent/datasets/exponax_datasets/t20/generalizability/dim2d_nx256_N10_solver=exponax_nu0.000_t20.0_test_ntimepoints21_GRF_rbf_length_scale0.100_variance0.100_vmax1_vmin-1_batch0_all_frames.pt
  1668. /blue/shiboli.fsu/yifeisun.umich/adversarial_robustness_FNO/2D_NS_FNO2d_recurrent/datasets/exponax_datasets/t20/generalizability/dim2d_nx256_N10_solver=exponax_nu0.000_t20.0_test_ntimepoints21_GRF_rbf_length_scale0.100_variance0.100_vmax1_vmin0_batch0_all_frames.pt
  1669. /blue/shiboli.fsu/yifeisun.umich/adversarial_robustness_FNO/2D_NS_FNO2d_recurrent/datasets/exponax_datasets/t20/generalizability/dim2d_nx256_N10_solver=exponax_nu0.000_t20.0_test_ntimepoints21_GRF_rbf_length_scale0.100_variance0.500_vmax-1_vmin-1.5_batch0_all_frames.pt
  1670. /blue/shiboli.fsu/yifeisun.umich/adversarial_robustness_FNO/2D_NS_FNO2d_recurrent/datasets/exponax_datasets/t20/generalizability/dim2d_nx256_N10_solver=exponax_nu0.000_t20.0_test_ntimepoints21_GRF_rbf_length_scale0.100_variance0.500_vmax0.4_vmin-0.4_batch0_all_frames.pt
  1671. /blue/shiboli.fsu/yifeisun.umich/adversarial_robustness_FNO/2D_NS_FNO2d_recurrent/datasets/exponax_datasets/t20/generalizability/dim2d_nx256_N10_solver=exponax_nu0.000_t20.0_test_ntimepoints21_GRF_rbf_length_scale0.100_variance0.500_vmax0_vmin-1_batch0_all_frames.pt
  1672. /blue/shiboli.fsu/yifeisun.umich/adversarial_robustness_FNO/2D_NS_FNO2d_recurrent/datasets/exponax_datasets/t20/generalizability/dim2d_nx256_N10_solver=exponax_nu0.000_t20.0_test_ntimepoints21_GRF_rbf_length_scale0.100_variance0.500_vmax1.5_vmin1_batch0_all_frames.pt
  1673. /blue/shiboli.fsu/yifeisun.umich/adversarial_robustness_FNO/2D_NS_FNO2d_recurrent/datasets/exponax_datasets/t20/generalizability/dim2d_nx256_N10_solver=exponax_nu0.000_t20.0_test_ntimepoints21_GRF_rbf_length_scale0.100_variance0.500_vmax1_vmin-1_batch0_all_frames.pt
  1674. /blue/shiboli.fsu/yifeisun.umich/adversarial_robustness_FNO/2D_NS_FNO2d_recurrent/datasets/exponax_datasets/t20/generalizability/dim2d_nx256_N10_solver=exponax_nu0.000_t20.0_test_ntimepoints21_GRF_rbf_length_scale0.100_variance0.500_vmax1_vmin0_batch0_all_frames.pt
  1675. /blue/shiboli.fsu/yifeisun.umich/adversarial_robustness_FNO/2D_NS_FNO2d_recurrent/datasets/exponax_datasets/t20/generalizability/dim2d_nx256_N10_solver=exponax_nu0.000_t20.0_test_ntimepoints21_GRF_rbf_length_scale0.100_variance1.000_vmax-1_vmin-1.5_batch0_all_frames.pt
  1676. /blue/shiboli.fsu/yifeisun.umich/adversarial_robustness_FNO/2D_NS_FNO2d_recurrent/datasets/exponax_datasets/t20/generalizability/dim2d_nx256_N10_solver=exponax_nu0.000_t20.0_test_ntimepoints21_GRF_rbf_length_scale0.100_variance1.000_vmax0.4_vmin-0.4_batch0_all_frames.pt
  1677. /blue/shiboli.fsu/yifeisun.umich/adversarial_robustness_FNO/2D_NS_FNO2d_recurrent/datasets/exponax_datasets/t20/generalizability/dim2d_nx256_N10_solver=exponax_nu0.000_t20.0_test_ntimepoints21_GRF_rbf_length_scale0.100_variance1.000_vmax0_vmin-1_batch0_all_frames.pt
  1678. /blue/shiboli.fsu/yifeisun.umich/adversarial_robustness_FNO/2D_NS_FNO2d_recurrent/datasets/exponax_datasets/t20/generalizability/dim2d_nx256_N10_solver=exponax_nu0.000_t20.0_test_ntimepoints21_GRF_rbf_length_scale0.100_variance1.000_vmax1.5_vmin1_batch0_all_frames.pt
  1679. /blue/shiboli.fsu/yifeisun.umich/adversarial_robustness_FNO/2D_NS_FNO2d_recurrent/datasets/exponax_datasets/t20/generalizability/dim2d_nx256_N10_solver=exponax_nu0.000_t20.0_test_ntimepoints21_GRF_rbf_length_scale0.100_variance1.000_vmax1_vmin-1_batch0_all_frames.pt
  1680. /blue/shiboli.fsu/yifeisun.umich/adversarial_robustness_FNO/2D_NS_FNO2d_recurrent/datasets/exponax_datasets/t20/generalizability/dim2d_nx256_N10_solver=exponax_nu0.000_t20.0_test_ntimepoints21_GRF_rbf_length_scale0.100_variance1.000_vmax1_vmin0_batch0_all_frames.pt
  1681. /blue/shiboli.fsu/yifeisun.umich/adversarial_robustness_FNO/2D_NS_FNO2d_recurrent/datasets/exponax_datasets/t20/generalizability/dim2d_nx256_N10_solver=exponax_nu0.000_t20.0_test_ntimepoints21_GRF_rbf_length_scale0.100_variance2.000_vmax-1_vmin-1.5_batch0_all_frames.pt
  1682. /blue/shiboli.fsu/yifeisun.umich/adversarial_robustness_FNO/2D_NS_FNO2d_recurrent/datasets/exponax_datasets/t20/generalizability/dim2d_nx256_N10_solver=exponax_nu0.000_t20.0_test_ntimepoints21_GRF_rbf_length_scale0.100_variance2.000_vmax0.4_vmin-0.4_batch0_all_frames.pt
  1683. /blue/shiboli.fsu/yifeisun.umich/adversarial_robustness_FNO/2D_NS_FNO2d_recurrent/datasets/exponax_datasets/t20/generalizability/dim2d_nx256_N10_solver=exponax_nu0.000_t20.0_test_ntimepoints21_GRF_rbf_length_scale0.100_variance2.000_vmax0_vmin-1_batch0_all_frames.pt
  1684. /blue/shiboli.fsu/yifeisun.umich/adversarial_robustness_FNO/2D_NS_FNO2d_recurrent/datasets/exponax_datasets/t20/generalizability/dim2d_nx256_N10_solver=exponax_nu0.000_t20.0_test_ntimepoints21_GRF_rbf_length_scale0.100_variance2.000_vmax1.5_vmin1_batch0_all_frames.pt
  1685. /blue/shiboli.fsu/yifeisun.umich/adversarial_robustness_FNO/2D_NS_FNO2d_recurrent/datasets/exponax_datasets/t20/generalizability/dim2d_nx256_N10_solver=exponax_nu0.000_t20.0_test_ntimepoints21_GRF_rbf_length_scale0.100_variance2.000_vmax1_vmin-1_batch0_all_frames.pt
  1686. /blue/shiboli.fsu/yifeisun.umich/adversarial_robustness_FNO/2D_NS_FNO2d_recurrent/datasets/exponax_datasets/t20/generalizability/dim2d_nx256_N10_solver=exponax_nu0.000_t20.0_test_ntimepoints21_GRF_rbf_length_scale0.100_variance2.000_vmax1_vmin0_batch0_all_frames.pt
  1687. /blue/shiboli.fsu/yifeisun.umich/adversarial_robustness_FNO/2D_NS_FNO2d_recurrent/datasets/exponax_datasets/t20/generalizability/dim2d_nx256_N10_solver=exponax_nu0.000_t20.0_test_ntimepoints21_GRF_rbf_length_scale0.100_variance5_vmax-1_vmin-1.5_batch0_all_frames.pt
  1688. /blue/shiboli.fsu/yifeisun.umich/adversarial_robustness_FNO/2D_NS_FNO2d_recurrent/datasets/exponax_datasets/t20/generalizability/dim2d_nx256_N10_solver=exponax_nu0.000_t20.0_test_ntimepoints21_GRF_rbf_length_scale0.100_variance5_vmax0.4_vmin-0.4_batch0_all_frames.pt
  1689. /blue/shiboli.fsu/yifeisun.umich/adversarial_robustness_FNO/2D_NS_FNO2d_recurrent/datasets/exponax_datasets/t20/generalizability/dim2d_nx256_N10_solver=exponax_nu0.000_t20.0_test_ntimepoints21_GRF_rbf_length_scale0.100_variance5_vmax0_vmin-1_batch0_all_frames.pt
  1690. /blue/shiboli.fsu/yifeisun.umich/adversarial_robustness_FNO/2D_NS_FNO2d_recurrent/datasets/exponax_datasets/t20/generalizability/dim2d_nx256_N10_solver=exponax_nu0.000_t20.0_test_ntimepoints21_GRF_rbf_length_scale0.100_variance5_vmax1.5_vmin1_batch0_all_frames.pt
  1691. /blue/shiboli.fsu/yifeisun.umich/adversarial_robustness_FNO/2D_NS_FNO2d_recurrent/datasets/exponax_datasets/t20/generalizability/dim2d_nx256_N10_solver=exponax_nu0.000_t20.0_test_ntimepoints21_GRF_rbf_length_scale0.100_variance5_vmax1_vmin-1_batch0_all_frames.pt
  1692. /blue/shiboli.fsu/yifeisun.umich/adversarial_robustness_FNO/2D_NS_FNO2d_recurrent/datasets/exponax_datasets/t20/generalizability/dim2d_nx256_N10_solver=exponax_nu0.000_t20.0_test_ntimepoints21_GRF_rbf_length_scale0.100_variance5_vmax1_vmin0_batch0_all_frames.pt
  1693. /blue/shiboli.fsu/yifeisun.umich/adversarial_robustness_FNO/2D_NS_FNO2d_recurrent/datasets/exponax_datasets/t20/generalizability/dim2d_nx256_N10_solver=exponax_nu0.000_t20.0_test_ntimepoints21_GRF_rbf_length_scale0.200_variance0.100_vmax-1_vmin-1.5_batch0_all_frames.pt
  1694. /blue/shiboli.fsu/yifeisun.umich/adversarial_robustness_FNO/2D_NS_FNO2d_recurrent/datasets/exponax_datasets/t20/generalizability/dim2d_nx256_N10_solver=exponax_nu0.000_t20.0_test_ntimepoints21_GRF_rbf_length_scale0.200_variance0.100_vmax0.4_vmin-0.4_batch0_all_frames.pt
  1695. /blue/shiboli.fsu/yifeisun.umich/adversarial_robustness_FNO/2D_NS_FNO2d_recurrent/datasets/exponax_datasets/t20/generalizability/dim2d_nx256_N10_solver=exponax_nu0.000_t20.0_test_ntimepoints21_GRF_rbf_length_scale0.200_variance0.100_vmax0_vmin-1_batch0_all_frames.pt
  1696. /blue/shiboli.fsu/yifeisun.umich/adversarial_robustness_FNO/2D_NS_FNO2d_recurrent/datasets/exponax_datasets/t20/generalizability/dim2d_nx256_N10_solver=exponax_nu0.000_t20.0_test_ntimepoints21_GRF_rbf_length_scale0.200_variance0.100_vmax1.5_vmin1_batch0_all_frames.pt
  1697. /blue/shiboli.fsu/yifeisun.umich/adversarial_robustness_FNO/2D_NS_FNO2d_recurrent/datasets/exponax_datasets/t20/generalizability/dim2d_nx256_N10_solver=exponax_nu0.000_t20.0_test_ntimepoints21_GRF_rbf_length_scale0.200_variance0.100_vmax1_vmin-1_batch0_all_frames.pt
  1698. /blue/shiboli.fsu/yifeisun.umich/adversarial_robustness_FNO/2D_NS_FNO2d_recurrent/datasets/exponax_datasets/t20/generalizability/dim2d_nx256_N10_solver=exponax_nu0.000_t20.0_test_ntimepoints21_GRF_rbf_length_scale0.200_variance0.100_vmax1_vmin0_batch0_all_frames.pt
  1699. /blue/shiboli.fsu/yifeisun.umich/adversarial_robustness_FNO/2D_NS_FNO2d_recurrent/datasets/exponax_datasets/t20/generalizability/dim2d_nx256_N10_solver=exponax_nu0.000_t20.0_test_ntimepoints21_GRF_rbf_length_scale0.200_variance0.500_vmax-1_vmin-1.5_batch0_all_frames.pt
  1700. /blue/shiboli.fsu/yifeisun.umich/adversarial_robustness_FNO/2D_NS_FNO2d_recurrent/datasets/exponax_datasets/t20/generalizability/dim2d_nx256_N10_solver=exponax_nu0.000_t20.0_test_ntimepoints21_GRF_rbf_length_scale0.200_variance0.500_vmax0.4_vmin-0.4_batch0_all_frames.pt
  1701. /blue/shiboli.fsu/yifeisun.umich/adversarial_robustness_FNO/2D_NS_FNO2d_recurrent/datasets/exponax_datasets/t20/generalizability/dim2d_nx256_N10_solver=exponax_nu0.000_t20.0_test_ntimepoints21_GRF_rbf_length_scale0.200_variance0.500_vmax0_vmin-1_batch0_all_frames.pt
  1702. /blue/shiboli.fsu/yifeisun.umich/adversarial_robustness_FNO/2D_NS_FNO2d_recurrent/datasets/exponax_datasets/t20/generalizability/dim2d_nx256_N10_solver=exponax_nu0.000_t20.0_test_ntimepoints21_GRF_rbf_length_scale0.200_variance0.500_vmax1.5_vmin1_batch0_all_frames.pt
  1703. /blue/shiboli.fsu/yifeisun.umich/adversarial_robustness_FNO/2D_NS_FNO2d_recurrent/datasets/exponax_datasets/t20/generalizability/dim2d_nx256_N10_solver=exponax_nu0.000_t20.0_test_ntimepoints21_GRF_rbf_length_scale0.200_variance0.500_vmax1_vmin-1_batch0_all_frames.pt
  1704. /blue/shiboli.fsu/yifeisun.umich/adversarial_robustness_FNO/2D_NS_FNO2d_recurrent/datasets/exponax_datasets/t20/generalizability/dim2d_nx256_N10_solver=exponax_nu0.000_t20.0_test_ntimepoints21_GRF_rbf_length_scale0.200_variance0.500_vmax1_vmin0_batch0_all_frames.pt
  1705. /blue/shiboli.fsu/yifeisun.umich/adversarial_robustness_FNO/2D_NS_FNO2d_recurrent/datasets/exponax_datasets/t20/generalizability/dim2d_nx256_N10_solver=exponax_nu0.000_t20.0_test_ntimepoints21_GRF_rbf_length_scale0.200_variance1.000_vmax-1_vmin-1.5_batch0_all_frames.pt
  1706. /blue/shiboli.fsu/yifeisun.umich/adversarial_robustness_FNO/2D_NS_FNO2d_recurrent/datasets/exponax_datasets/t20/generalizability/dim2d_nx256_N10_solver=exponax_nu0.000_t20.0_test_ntimepoints21_GRF_rbf_length_scale0.200_variance1.000_vmax0.4_vmin-0.4_batch0_all_frames.pt
  1707. /blue/shiboli.fsu/yifeisun.umich/adversarial_robustness_FNO/2D_NS_FNO2d_recurrent/datasets/exponax_datasets/t20/generalizability/dim2d_nx256_N10_solver=exponax_nu0.000_t20.0_test_ntimepoints21_GRF_rbf_length_scale0.200_variance1.000_vmax0_vmin-1_batch0_all_frames.pt
  1708. /blue/shiboli.fsu/yifeisun.umich/adversarial_robustness_FNO/2D_NS_FNO2d_recurrent/datasets/exponax_datasets/t20/generalizability/dim2d_nx256_N10_solver=exponax_nu0.000_t20.0_test_ntimepoints21_GRF_rbf_length_scale0.200_variance1.000_vmax1.5_vmin1_batch0_all_frames.pt
  1709. /blue/shiboli.fsu/yifeisun.umich/adversarial_robustness_FNO/2D_NS_FNO2d_recurrent/datasets/exponax_datasets/t20/generalizability/dim2d_nx256_N10_solver=exponax_nu0.000_t20.0_test_ntimepoints21_GRF_rbf_length_scale0.200_variance1.000_vmax1_vmin-1_batch0_all_frames.pt
  1710. /blue/shiboli.fsu/yifeisun.umich/adversarial_robustness_FNO/2D_NS_FNO2d_recurrent/datasets/exponax_datasets/t20/generalizability/dim2d_nx256_N10_solver=exponax_nu0.000_t20.0_test_ntimepoints21_GRF_rbf_length_scale0.200_variance1.000_vmax1_vmin0_batch0_all_frames.pt
  1711. /blue/shiboli.fsu/yifeisun.umich/adversarial_robustness_FNO/2D_NS_FNO2d_recurrent/datasets/exponax_datasets/t20/generalizability/dim2d_nx256_N10_solver=exponax_nu0.000_t20.0_test_ntimepoints21_GRF_rbf_length_scale0.200_variance2.000_vmax-1_vmin-1.5_batch0_all_frames.pt
  1712. /blue/shiboli.fsu/yifeisun.umich/adversarial_robustness_FNO/2D_NS_FNO2d_recurrent/datasets/exponax_datasets/t20/generalizability/dim2d_nx256_N10_solver=exponax_nu0.000_t20.0_test_ntimepoints21_GRF_rbf_length_scale0.200_variance2.000_vmax0.4_vmin-0.4_batch0_all_frames.pt
  1713. /blue/shiboli.fsu/yifeisun.umich/adversarial_robustness_FNO/2D_NS_FNO2d_recurrent/datasets/exponax_datasets/t20/generalizability/dim2d_nx256_N10_solver=exponax_nu0.000_t20.0_test_ntimepoints21_GRF_rbf_length_scale0.200_variance2.000_vmax0_vmin-1_batch0_all_frames.pt
  1714. /blue/shiboli.fsu/yifeisun.umich/adversarial_robustness_FNO/2D_NS_FNO2d_recurrent/datasets/exponax_datasets/t20/generalizability/dim2d_nx256_N10_solver=exponax_nu0.000_t20.0_test_ntimepoints21_GRF_rbf_length_scale0.200_variance2.000_vmax1.5_vmin1_batch0_all_frames.pt
  1715. /blue/shiboli.fsu/yifeisun.umich/adversarial_robustness_FNO/2D_NS_FNO2d_recurrent/datasets/exponax_datasets/t20/generalizability/dim2d_nx256_N10_solver=exponax_nu0.000_t20.0_test_ntimepoints21_GRF_rbf_length_scale0.200_variance2.000_vmax1_vmin-1_batch0_all_frames.pt
  1716. /blue/shiboli.fsu/yifeisun.umich/adversarial_robustness_FNO/2D_NS_FNO2d_recurrent/datasets/exponax_datasets/t20/generalizability/dim2d_nx256_N10_solver=exponax_nu0.000_t20.0_test_ntimepoints21_GRF_rbf_length_scale0.200_variance2.000_vmax1_vmin0_batch0_all_frames.pt
  1717. /blue/shiboli.fsu/yifeisun.umich/adversarial_robustness_FNO/2D_NS_FNO2d_recurrent/datasets/exponax_datasets/t20/generalizability/dim2d_nx256_N10_solver=exponax_nu0.000_t20.0_test_ntimepoints21_GRF_rbf_length_scale0.200_variance5_vmax-1_vmin-1.5_batch0_all_frames.pt
  1718. /blue/shiboli.fsu/yifeisun.umich/adversarial_robustness_FNO/2D_NS_FNO2d_recurrent/datasets/exponax_datasets/t20/generalizability/dim2d_nx256_N10_solver=exponax_nu0.000_t20.0_test_ntimepoints21_GRF_rbf_length_scale0.200_variance5_vmax0.4_vmin-0.4_batch0_all_frames.pt
  1719. /blue/shiboli.fsu/yifeisun.umich/adversarial_robustness_FNO/2D_NS_FNO2d_recurrent/datasets/exponax_datasets/t20/generalizability/dim2d_nx256_N10_solver=exponax_nu0.000_t20.0_test_ntimepoints21_GRF_rbf_length_scale0.200_variance5_vmax0_vmin-1_batch0_all_frames.pt
  1720. /blue/shiboli.fsu/yifeisun.umich/adversarial_robustness_FNO/2D_NS_FNO2d_recurrent/datasets/exponax_datasets/t20/generalizability/dim2d_nx256_N10_solver=exponax_nu0.000_t20.0_test_ntimepoints21_GRF_rbf_length_scale0.200_variance5_vmax1.5_vmin1_batch0_all_frames.pt
  1721. /blue/shiboli.fsu/yifeisun.umich/adversarial_robustness_FNO/2D_NS_FNO2d_recurrent/datasets/exponax_datasets/t20/generalizability/dim2d_nx256_N10_solver=exponax_nu0.000_t20.0_test_ntimepoints21_GRF_rbf_length_scale0.200_variance5_vmax1_vmin-1_batch0_all_frames.pt
  1722. /blue/shiboli.fsu/yifeisun.umich/adversarial_robustness_FNO/2D_NS_FNO2d_recurrent/datasets/exponax_datasets/t20/generalizability/dim2d_nx256_N10_solver=exponax_nu0.000_t20.0_test_ntimepoints21_GRF_rbf_length_scale0.200_variance5_vmax1_vmin0_batch0_all_frames.pt
  1723. /blue/shiboli.fsu/yifeisun.umich/adversarial_robustness_FNO/2D_NS_FNO2d_recurrent/datasets/exponax_datasets/t20/generalizability/dim2d_nx256_N10_solver=exponax_nu0.000_t20.0_test_ntimepoints21_GRF_rq_length_scale0.050_variance0.700_alpha0.750_vmax-1_vmin-1.5_batch0_all_frames.pt
  1724. /blue/shiboli.fsu/yifeisun.umich/adversarial_robustness_FNO/2D_NS_FNO2d_recurrent/datasets/exponax_datasets/t20/generalizability/dim2d_nx256_N10_solver=exponax_nu0.000_t20.0_test_ntimepoints21_GRF_rq_length_scale0.050_variance0.700_alpha0.750_vmax0.4_vmin-0.4_batch0_all_frames.pt
  1725. /blue/shiboli.fsu/yifeisun.umich/adversarial_robustness_FNO/2D_NS_FNO2d_recurrent/datasets/exponax_datasets/t20/generalizability/dim2d_nx256_N10_solver=exponax_nu0.000_t20.0_test_ntimepoints21_GRF_rq_length_scale0.050_variance0.700_alpha0.750_vmax0_vmin-1_batch0_all_frames.pt
  1726. /blue/shiboli.fsu/yifeisun.umich/adversarial_robustness_FNO/2D_NS_FNO2d_recurrent/datasets/exponax_datasets/t20/generalizability/dim2d_nx256_N10_solver=exponax_nu0.000_t20.0_test_ntimepoints21_GRF_rq_length_scale0.050_variance0.700_alpha0.750_vmax1.5_vmin1_batch0_all_frames.pt
  1727. /blue/shiboli.fsu/yifeisun.umich/adversarial_robustness_FNO/2D_NS_FNO2d_recurrent/datasets/exponax_datasets/t20/generalizability/dim2d_nx256_N10_solver=exponax_nu0.000_t20.0_test_ntimepoints21_GRF_rq_length_scale0.050_variance0.700_alpha0.750_vmax1_vmin-1_batch0_all_frames.pt
  1728. /blue/shiboli.fsu/yifeisun.umich/adversarial_robustness_FNO/2D_NS_FNO2d_recurrent/datasets/exponax_datasets/t20/generalizability/dim2d_nx256_N10_solver=exponax_nu0.000_t20.0_test_ntimepoints21_GRF_rq_length_scale0.050_variance0.700_alpha0.750_vmax1_vmin0_batch0_all_frames.pt
  1729. /blue/shiboli.fsu/yifeisun.umich/adversarial_robustness_FNO/2D_NS_FNO2d_recurrent/datasets/exponax_datasets/t20/generalizability/dim2d_nx256_N10_solver=exponax_nu0.000_t20.0_test_ntimepoints21_GRF_rq_length_scale0.050_variance0.700_alpha1.000_vmax-1_vmin-1.5_batch0_all_frames.pt
  1730. /blue/shiboli.fsu/yifeisun.umich/adversarial_robustness_FNO/2D_NS_FNO2d_recurrent/datasets/exponax_datasets/t20/generalizability/dim2d_nx256_N10_solver=exponax_nu0.000_t20.0_test_ntimepoints21_GRF_rq_length_scale0.050_variance0.700_alpha1.000_vmax0.4_vmin-0.4_batch0_all_frames.pt
  1731. /blue/shiboli.fsu/yifeisun.umich/adversarial_robustness_FNO/2D_NS_FNO2d_recurrent/datasets/exponax_datasets/t20/generalizability/dim2d_nx256_N10_solver=exponax_nu0.000_t20.0_test_ntimepoints21_GRF_rq_length_scale0.050_variance0.700_alpha1.000_vmax0_vmin-1_batch0_all_frames.pt
  1732. /blue/shiboli.fsu/yifeisun.umich/adversarial_robustness_FNO/2D_NS_FNO2d_recurrent/datasets/exponax_datasets/t20/generalizability/dim2d_nx256_N10_solver=exponax_nu0.000_t20.0_test_ntimepoints21_GRF_rq_length_scale0.050_variance0.700_alpha1.000_vmax1.5_vmin1_batch0_all_frames.pt
  1733. /blue/shiboli.fsu/yifeisun.umich/adversarial_robustness_FNO/2D_NS_FNO2d_recurrent/datasets/exponax_datasets/t20/generalizability/dim2d_nx256_N10_solver=exponax_nu0.000_t20.0_test_ntimepoints21_GRF_rq_length_scale0.050_variance0.700_alpha1.000_vmax1_vmin-1_batch0_all_frames.pt
  1734. /blue/shiboli.fsu/yifeisun.umich/adversarial_robustness_FNO/2D_NS_FNO2d_recurrent/datasets/exponax_datasets/t20/generalizability/dim2d_nx256_N10_solver=exponax_nu0.000_t20.0_test_ntimepoints21_GRF_rq_length_scale0.050_variance0.700_alpha1.000_vmax1_vmin0_batch0_all_frames.pt
  1735. /blue/shiboli.fsu/yifeisun.umich/adversarial_robustness_FNO/2D_NS_FNO2d_recurrent/datasets/exponax_datasets/t20/generalizability/dim2d_nx256_N10_solver=exponax_nu0.000_t20.0_test_ntimepoints21_GRF_rq_length_scale0.050_variance0.700_alpha1.500_vmax-1_vmin-1.5_batch0_all_frames.pt
  1736. /blue/shiboli.fsu/yifeisun.umich/adversarial_robustness_FNO/2D_NS_FNO2d_recurrent/datasets/exponax_datasets/t20/generalizability/dim2d_nx256_N10_solver=exponax_nu0.000_t20.0_test_ntimepoints21_GRF_rq_length_scale0.050_variance0.700_alpha1.500_vmax0.4_vmin-0.4_batch0_all_frames.pt
  1737. /blue/shiboli.fsu/yifeisun.umich/adversarial_robustness_FNO/2D_NS_FNO2d_recurrent/datasets/exponax_datasets/t20/generalizability/dim2d_nx256_N10_solver=exponax_nu0.000_t20.0_test_ntimepoints21_GRF_rq_length_scale0.050_variance0.700_alpha1.500_vmax0_vmin-1_batch0_all_frames.pt
  1738. /blue/shiboli.fsu/yifeisun.umich/adversarial_robustness_FNO/2D_NS_FNO2d_recurrent/datasets/exponax_datasets/t20/generalizability/dim2d_nx256_N10_solver=exponax_nu0.000_t20.0_test_ntimepoints21_GRF_rq_length_scale0.050_variance0.700_alpha1.500_vmax1.5_vmin1_batch0_all_frames.pt
  1739. /blue/shiboli.fsu/yifeisun.umich/adversarial_robustness_FNO/2D_NS_FNO2d_recurrent/datasets/exponax_datasets/t20/generalizability/dim2d_nx256_N10_solver=exponax_nu0.000_t20.0_test_ntimepoints21_GRF_rq_length_scale0.050_variance0.700_alpha1.500_vmax1_vmin-1_batch0_all_frames.pt
  1740. /blue/shiboli.fsu/yifeisun.umich/adversarial_robustness_FNO/2D_NS_FNO2d_recurrent/datasets/exponax_datasets/t20/generalizability/dim2d_nx256_N10_solver=exponax_nu0.000_t20.0_test_ntimepoints21_GRF_rq_length_scale0.050_variance0.700_alpha1.500_vmax1_vmin0_batch0_all_frames.pt
  1741. /blue/shiboli.fsu/yifeisun.umich/adversarial_robustness_FNO/2D_NS_FNO2d_recurrent/datasets/exponax_datasets/t20/generalizability/dim2d_nx256_N10_solver=exponax_nu0.000_t20.0_test_ntimepoints21_GRF_rq_length_scale0.050_variance0.700_alpha1.700_vmax-1_vmin-1.5_batch0_all_frames.pt
  1742. /blue/shiboli.fsu/yifeisun.umich/adversarial_robustness_FNO/2D_NS_FNO2d_recurrent/datasets/exponax_datasets/t20/generalizability/dim2d_nx256_N10_solver=exponax_nu0.000_t20.0_test_ntimepoints21_GRF_rq_length_scale0.050_variance0.700_alpha1.700_vmax0.4_vmin-0.4_batch0_all_frames.pt
  1743. /blue/shiboli.fsu/yifeisun.umich/adversarial_robustness_FNO/2D_NS_FNO2d_recurrent/datasets/exponax_datasets/t20/generalizability/dim2d_nx256_N10_solver=exponax_nu0.000_t20.0_test_ntimepoints21_GRF_rq_length_scale0.050_variance0.700_alpha1.700_vmax0_vmin-1_batch0_all_frames.pt
  1744. /blue/shiboli.fsu/yifeisun.umich/adversarial_robustness_FNO/2D_NS_FNO2d_recurrent/datasets/exponax_datasets/t20/generalizability/dim2d_nx256_N10_solver=exponax_nu0.000_t20.0_test_ntimepoints21_GRF_rq_length_scale0.050_variance0.700_alpha1.700_vmax1.5_vmin1_batch0_all_frames.pt
  1745. /blue/shiboli.fsu/yifeisun.umich/adversarial_robustness_FNO/2D_NS_FNO2d_recurrent/datasets/exponax_datasets/t20/generalizability/dim2d_nx256_N10_solver=exponax_nu0.000_t20.0_test_ntimepoints21_GRF_rq_length_scale0.050_variance0.700_alpha1.700_vmax1_vmin-1_batch0_all_frames.pt
  1746. /blue/shiboli.fsu/yifeisun.umich/adversarial_robustness_FNO/2D_NS_FNO2d_recurrent/datasets/exponax_datasets/t20/generalizability/dim2d_nx256_N10_solver=exponax_nu0.000_t20.0_test_ntimepoints21_GRF_rq_length_scale0.050_variance0.700_alpha1.700_vmax1_vmin0_batch0_all_frames.pt
  1747. /blue/shiboli.fsu/yifeisun.umich/adversarial_robustness_FNO/2D_NS_FNO2d_recurrent/datasets/exponax_datasets/t20/generalizability/dim2d_nx256_N10_solver=exponax_nu0.000_t20.0_test_ntimepoints21_GRF_rq_length_scale0.050_variance1.000_alpha0.750_vmax-1_vmin-1.5_batch0_all_frames.pt
  1748. /blue/shiboli.fsu/yifeisun.umich/adversarial_robustness_FNO/2D_NS_FNO2d_recurrent/datasets/exponax_datasets/t20/generalizability/dim2d_nx256_N10_solver=exponax_nu0.000_t20.0_test_ntimepoints21_GRF_rq_length_scale0.050_variance1.000_alpha0.750_vmax0.4_vmin-0.4_batch0_all_frames.pt
  1749. /blue/shiboli.fsu/yifeisun.umich/adversarial_robustness_FNO/2D_NS_FNO2d_recurrent/datasets/exponax_datasets/t20/generalizability/dim2d_nx256_N10_solver=exponax_nu0.000_t20.0_test_ntimepoints21_GRF_rq_length_scale0.050_variance1.000_alpha0.750_vmax0_vmin-1_batch0_all_frames.pt
  1750. /blue/shiboli.fsu/yifeisun.umich/adversarial_robustness_FNO/2D_NS_FNO2d_recurrent/datasets/exponax_datasets/t20/generalizability/dim2d_nx256_N10_solver=exponax_nu0.000_t20.0_test_ntimepoints21_GRF_rq_length_scale0.050_variance1.000_alpha0.750_vmax1.5_vmin1_batch0_all_frames.pt
  1751. /blue/shiboli.fsu/yifeisun.umich/adversarial_robustness_FNO/2D_NS_FNO2d_recurrent/datasets/exponax_datasets/t20/generalizability/dim2d_nx256_N10_solver=exponax_nu0.000_t20.0_test_ntimepoints21_GRF_rq_length_scale0.050_variance1.000_alpha0.750_vmax1_vmin-1_batch0_all_frames.pt
  1752. /blue/shiboli.fsu/yifeisun.umich/adversarial_robustness_FNO/2D_NS_FNO2d_recurrent/datasets/exponax_datasets/t20/generalizability/dim2d_nx256_N10_solver=exponax_nu0.000_t20.0_test_ntimepoints21_GRF_rq_length_scale0.050_variance1.000_alpha0.750_vmax1_vmin0_batch0_all_frames.pt
  1753. /blue/shiboli.fsu/yifeisun.umich/adversarial_robustness_FNO/2D_NS_FNO2d_recurrent/datasets/exponax_datasets/t20/generalizability/dim2d_nx256_N10_solver=exponax_nu0.000_t20.0_test_ntimepoints21_GRF_rq_length_scale0.050_variance1.000_alpha1.000_vmax-1_vmin-1.5_batch0_all_frames.pt
  1754. /blue/shiboli.fsu/yifeisun.umich/adversarial_robustness_FNO/2D_NS_FNO2d_recurrent/datasets/exponax_datasets/t20/generalizability/dim2d_nx256_N10_solver=exponax_nu0.000_t20.0_test_ntimepoints21_GRF_rq_length_scale0.050_variance1.000_alpha1.000_vmax0.4_vmin-0.4_batch0_all_frames.pt
  1755. /blue/shiboli.fsu/yifeisun.umich/adversarial_robustness_FNO/2D_NS_FNO2d_recurrent/datasets/exponax_datasets/t20/generalizability/dim2d_nx256_N10_solver=exponax_nu0.000_t20.0_test_ntimepoints21_GRF_rq_length_scale0.050_variance1.000_alpha1.000_vmax0_vmin-1_batch0_all_frames.pt
  1756. /blue/shiboli.fsu/yifeisun.umich/adversarial_robustness_FNO/2D_NS_FNO2d_recurrent/datasets/exponax_datasets/t20/generalizability/dim2d_nx256_N10_solver=exponax_nu0.000_t20.0_test_ntimepoints21_GRF_rq_length_scale0.050_variance1.000_alpha1.000_vmax1.5_vmin1_batch0_all_frames.pt
  1757. /blue/shiboli.fsu/yifeisun.umich/adversarial_robustness_FNO/2D_NS_FNO2d_recurrent/datasets/exponax_datasets/t20/generalizability/dim2d_nx256_N10_solver=exponax_nu0.000_t20.0_test_ntimepoints21_GRF_rq_length_scale0.050_variance1.000_alpha1.000_vmax1_vmin-1_batch0_all_frames.pt
  1758. /blue/shiboli.fsu/yifeisun.umich/adversarial_robustness_FNO/2D_NS_FNO2d_recurrent/datasets/exponax_datasets/t20/generalizability/dim2d_nx256_N10_solver=exponax_nu0.000_t20.0_test_ntimepoints21_GRF_rq_length_scale0.050_variance1.000_alpha1.000_vmax1_vmin0_batch0_all_frames.pt
  1759. /blue/shiboli.fsu/yifeisun.umich/adversarial_robustness_FNO/2D_NS_FNO2d_recurrent/datasets/exponax_datasets/t20/generalizability/dim2d_nx256_N10_solver=exponax_nu0.000_t20.0_test_ntimepoints21_GRF_rq_length_scale0.050_variance1.000_alpha1.500_vmax-1_vmin-1.5_batch0_all_frames.pt
  1760. /blue/shiboli.fsu/yifeisun.umich/adversarial_robustness_FNO/2D_NS_FNO2d_recurrent/datasets/exponax_datasets/t20/generalizability/dim2d_nx256_N10_solver=exponax_nu0.000_t20.0_test_ntimepoints21_GRF_rq_length_scale0.050_variance1.000_alpha1.500_vmax0.4_vmin-0.4_batch0_all_frames.pt
  1761. /blue/shiboli.fsu/yifeisun.umich/adversarial_robustness_FNO/2D_NS_FNO2d_recurrent/datasets/exponax_datasets/t20/generalizability/dim2d_nx256_N10_solver=exponax_nu0.000_t20.0_test_ntimepoints21_GRF_rq_length_scale0.050_variance1.000_alpha1.500_vmax0_vmin-1_batch0_all_frames.pt
  1762. /blue/shiboli.fsu/yifeisun.umich/adversarial_robustness_FNO/2D_NS_FNO2d_recurrent/datasets/exponax_datasets/t20/generalizability/dim2d_nx256_N10_solver=exponax_nu0.000_t20.0_test_ntimepoints21_GRF_rq_length_scale0.050_variance1.000_alpha1.500_vmax1.5_vmin1_batch0_all_frames.pt
  1763. /blue/shiboli.fsu/yifeisun.umich/adversarial_robustness_FNO/2D_NS_FNO2d_recurrent/datasets/exponax_datasets/t20/generalizability/dim2d_nx256_N10_solver=exponax_nu0.000_t20.0_test_ntimepoints21_GRF_rq_length_scale0.050_variance1.000_alpha1.500_vmax1_vmin-1_batch0_all_frames.pt
  1764. /blue/shiboli.fsu/yifeisun.umich/adversarial_robustness_FNO/2D_NS_FNO2d_recurrent/datasets/exponax_datasets/t20/generalizability/dim2d_nx256_N10_solver=exponax_nu0.000_t20.0_test_ntimepoints21_GRF_rq_length_scale0.050_variance1.000_alpha1.500_vmax1_vmin0_batch0_all_frames.pt
  1765. /blue/shiboli.fsu/yifeisun.umich/adversarial_robustness_FNO/2D_NS_FNO2d_recurrent/datasets/exponax_datasets/t20/generalizability/dim2d_nx256_N10_solver=exponax_nu0.000_t20.0_test_ntimepoints21_GRF_rq_length_scale0.050_variance1.000_alpha1.700_vmax-1_vmin-1.5_batch0_all_frames.pt
  1766. /blue/shiboli.fsu/yifeisun.umich/adversarial_robustness_FNO/2D_NS_FNO2d_recurrent/datasets/exponax_datasets/t20/generalizability/dim2d_nx256_N10_solver=exponax_nu0.000_t20.0_test_ntimepoints21_GRF_rq_length_scale0.050_variance1.000_alpha1.700_vmax0.4_vmin-0.4_batch0_all_frames.pt
  1767. /blue/shiboli.fsu/yifeisun.umich/adversarial_robustness_FNO/2D_NS_FNO2d_recurrent/datasets/exponax_datasets/t20/generalizability/dim2d_nx256_N10_solver=exponax_nu0.000_t20.0_test_ntimepoints21_GRF_rq_length_scale0.050_variance1.000_alpha1.700_vmax0_vmin-1_batch0_all_frames.pt
  1768. /blue/shiboli.fsu/yifeisun.umich/adversarial_robustness_FNO/2D_NS_FNO2d_recurrent/datasets/exponax_datasets/t20/generalizability/dim2d_nx256_N10_solver=exponax_nu0.000_t20.0_test_ntimepoints21_GRF_rq_length_scale0.050_variance1.000_alpha1.700_vmax1.5_vmin1_batch0_all_frames.pt
  1769. /blue/shiboli.fsu/yifeisun.umich/adversarial_robustness_FNO/2D_NS_FNO2d_recurrent/datasets/exponax_datasets/t20/generalizability/dim2d_nx256_N10_solver=exponax_nu0.000_t20.0_test_ntimepoints21_GRF_rq_length_scale0.050_variance1.000_alpha1.700_vmax1_vmin-1_batch0_all_frames.pt
  1770. /blue/shiboli.fsu/yifeisun.umich/adversarial_robustness_FNO/2D_NS_FNO2d_recurrent/datasets/exponax_datasets/t20/generalizability/dim2d_nx256_N10_solver=exponax_nu0.000_t20.0_test_ntimepoints21_GRF_rq_length_scale0.050_variance1.000_alpha1.700_vmax1_vmin0_batch0_all_frames.pt
  1771. /blue/shiboli.fsu/yifeisun.umich/adversarial_robustness_FNO/2D_NS_FNO2d_recurrent/datasets/exponax_datasets/t20/generalizability/dim2d_nx256_N10_solver=exponax_nu0.000_t20.0_test_ntimepoints21_GRF_rq_length_scale0.050_variance1.700_alpha0.750_vmax-1_vmin-1.5_batch0_all_frames.pt
  1772. /blue/shiboli.fsu/yifeisun.umich/adversarial_robustness_FNO/2D_NS_FNO2d_recurrent/datasets/exponax_datasets/t20/generalizability/dim2d_nx256_N10_solver=exponax_nu0.000_t20.0_test_ntimepoints21_GRF_rq_length_scale0.050_variance1.700_alpha0.750_vmax0.4_vmin-0.4_batch0_all_frames.pt
  1773. /blue/shiboli.fsu/yifeisun.umich/adversarial_robustness_FNO/2D_NS_FNO2d_recurrent/datasets/exponax_datasets/t20/generalizability/dim2d_nx256_N10_solver=exponax_nu0.000_t20.0_test_ntimepoints21_GRF_rq_length_scale0.050_variance1.700_alpha0.750_vmax0_vmin-1_batch0_all_frames.pt
  1774. /blue/shiboli.fsu/yifeisun.umich/adversarial_robustness_FNO/2D_NS_FNO2d_recurrent/datasets/exponax_datasets/t20/generalizability/dim2d_nx256_N10_solver=exponax_nu0.000_t20.0_test_ntimepoints21_GRF_rq_length_scale0.050_variance1.700_alpha0.750_vmax1.5_vmin1_batch0_all_frames.pt
  1775. /blue/shiboli.fsu/yifeisun.umich/adversarial_robustness_FNO/2D_NS_FNO2d_recurrent/datasets/exponax_datasets/t20/generalizability/dim2d_nx256_N10_solver=exponax_nu0.000_t20.0_test_ntimepoints21_GRF_rq_length_scale0.050_variance1.700_alpha0.750_vmax1_vmin-1_batch0_all_frames.pt
  1776. /blue/shiboli.fsu/yifeisun.umich/adversarial_robustness_FNO/2D_NS_FNO2d_recurrent/datasets/exponax_datasets/t20/generalizability/dim2d_nx256_N10_solver=exponax_nu0.000_t20.0_test_ntimepoints21_GRF_rq_length_scale0.050_variance1.700_alpha0.750_vmax1_vmin0_batch0_all_frames.pt
  1777. /blue/shiboli.fsu/yifeisun.umich/adversarial_robustness_FNO/2D_NS_FNO2d_recurrent/datasets/exponax_datasets/t20/generalizability/dim2d_nx256_N10_solver=exponax_nu0.000_t20.0_test_ntimepoints21_GRF_rq_length_scale0.050_variance1.700_alpha1.000_vmax-1_vmin-1.5_batch0_all_frames.pt
  1778. /blue/shiboli.fsu/yifeisun.umich/adversarial_robustness_FNO/2D_NS_FNO2d_recurrent/datasets/exponax_datasets/t20/generalizability/dim2d_nx256_N10_solver=exponax_nu0.000_t20.0_test_ntimepoints21_GRF_rq_length_scale0.050_variance1.700_alpha1.000_vmax0.4_vmin-0.4_batch0_all_frames.pt
  1779. /blue/shiboli.fsu/yifeisun.umich/adversarial_robustness_FNO/2D_NS_FNO2d_recurrent/datasets/exponax_datasets/t20/generalizability/dim2d_nx256_N10_solver=exponax_nu0.000_t20.0_test_ntimepoints21_GRF_rq_length_scale0.050_variance1.700_alpha1.000_vmax0_vmin-1_batch0_all_frames.pt
  1780. /blue/shiboli.fsu/yifeisun.umich/adversarial_robustness_FNO/2D_NS_FNO2d_recurrent/datasets/exponax_datasets/t20/generalizability/dim2d_nx256_N10_solver=exponax_nu0.000_t20.0_test_ntimepoints21_GRF_rq_length_scale0.050_variance1.700_alpha1.000_vmax1.5_vmin1_batch0_all_frames.pt
  1781. /blue/shiboli.fsu/yifeisun.umich/adversarial_robustness_FNO/2D_NS_FNO2d_recurrent/datasets/exponax_datasets/t20/generalizability/dim2d_nx256_N10_solver=exponax_nu0.000_t20.0_test_ntimepoints21_GRF_rq_length_scale0.050_variance1.700_alpha1.000_vmax1_vmin-1_batch0_all_frames.pt
  1782. /blue/shiboli.fsu/yifeisun.umich/adversarial_robustness_FNO/2D_NS_FNO2d_recurrent/datasets/exponax_datasets/t20/generalizability/dim2d_nx256_N10_solver=exponax_nu0.000_t20.0_test_ntimepoints21_GRF_rq_length_scale0.050_variance1.700_alpha1.000_vmax1_vmin0_batch0_all_frames.pt
  1783. /blue/shiboli.fsu/yifeisun.umich/adversarial_robustness_FNO/2D_NS_FNO2d_recurrent/datasets/exponax_datasets/t20/generalizability/dim2d_nx256_N10_solver=exponax_nu0.000_t20.0_test_ntimepoints21_GRF_rq_length_scale0.050_variance1.700_alpha1.500_vmax-1_vmin-1.5_batch0_all_frames.pt
  1784. /blue/shiboli.fsu/yifeisun.umich/adversarial_robustness_FNO/2D_NS_FNO2d_recurrent/datasets/exponax_datasets/t20/generalizability/dim2d_nx256_N10_solver=exponax_nu0.000_t20.0_test_ntimepoints21_GRF_rq_length_scale0.050_variance1.700_alpha1.500_vmax0.4_vmin-0.4_batch0_all_frames.pt
  1785. /blue/shiboli.fsu/yifeisun.umich/adversarial_robustness_FNO/2D_NS_FNO2d_recurrent/datasets/exponax_datasets/t20/generalizability/dim2d_nx256_N10_solver=exponax_nu0.000_t20.0_test_ntimepoints21_GRF_rq_length_scale0.050_variance1.700_alpha1.500_vmax0_vmin-1_batch0_all_frames.pt
  1786. /blue/shiboli.fsu/yifeisun.umich/adversarial_robustness_FNO/2D_NS_FNO2d_recurrent/datasets/exponax_datasets/t20/generalizability/dim2d_nx256_N10_solver=exponax_nu0.000_t20.0_test_ntimepoints21_GRF_rq_length_scale0.050_variance1.700_alpha1.500_vmax1.5_vmin1_batch0_all_frames.pt
  1787. /blue/shiboli.fsu/yifeisun.umich/adversarial_robustness_FNO/2D_NS_FNO2d_recurrent/datasets/exponax_datasets/t20/generalizability/dim2d_nx256_N10_solver=exponax_nu0.000_t20.0_test_ntimepoints21_GRF_rq_length_scale0.050_variance1.700_alpha1.500_vmax1_vmin-1_batch0_all_frames.pt
  1788. /blue/shiboli.fsu/yifeisun.umich/adversarial_robustness_FNO/2D_NS_FNO2d_recurrent/datasets/exponax_datasets/t20/generalizability/dim2d_nx256_N10_solver=exponax_nu0.000_t20.0_test_ntimepoints21_GRF_rq_length_scale0.050_variance1.700_alpha1.500_vmax1_vmin0_batch0_all_frames.pt
  1789. /blue/shiboli.fsu/yifeisun.umich/adversarial_robustness_FNO/2D_NS_FNO2d_recurrent/datasets/exponax_datasets/t20/generalizability/dim2d_nx256_N10_solver=exponax_nu0.000_t20.0_test_ntimepoints21_GRF_rq_length_scale0.050_variance1.700_alpha1.700_vmax-1_vmin-1.5_batch0_all_frames.pt
  1790. /blue/shiboli.fsu/yifeisun.umich/adversarial_robustness_FNO/2D_NS_FNO2d_recurrent/datasets/exponax_datasets/t20/generalizability/dim2d_nx256_N10_solver=exponax_nu0.000_t20.0_test_ntimepoints21_GRF_rq_length_scale0.050_variance1.700_alpha1.700_vmax0.4_vmin-0.4_batch0_all_frames.pt
  1791. /blue/shiboli.fsu/yifeisun.umich/adversarial_robustness_FNO/2D_NS_FNO2d_recurrent/datasets/exponax_datasets/t20/generalizability/dim2d_nx256_N10_solver=exponax_nu0.000_t20.0_test_ntimepoints21_GRF_rq_length_scale0.050_variance1.700_alpha1.700_vmax0_vmin-1_batch0_all_frames.pt
  1792. /blue/shiboli.fsu/yifeisun.umich/adversarial_robustness_FNO/2D_NS_FNO2d_recurrent/datasets/exponax_datasets/t20/generalizability/dim2d_nx256_N10_solver=exponax_nu0.000_t20.0_test_ntimepoints21_GRF_rq_length_scale0.050_variance1.700_alpha1.700_vmax1.5_vmin1_batch0_all_frames.pt
  1793. /blue/shiboli.fsu/yifeisun.umich/adversarial_robustness_FNO/2D_NS_FNO2d_recurrent/datasets/exponax_datasets/t20/generalizability/dim2d_nx256_N10_solver=exponax_nu0.000_t20.0_test_ntimepoints21_GRF_rq_length_scale0.050_variance1.700_alpha1.700_vmax1_vmin-1_batch0_all_frames.pt
  1794. /blue/shiboli.fsu/yifeisun.umich/adversarial_robustness_FNO/2D_NS_FNO2d_recurrent/datasets/exponax_datasets/t20/generalizability/dim2d_nx256_N10_solver=exponax_nu0.000_t20.0_test_ntimepoints21_GRF_rq_length_scale0.050_variance1.700_alpha1.700_vmax1_vmin0_batch0_all_frames.pt
  1795. /blue/shiboli.fsu/yifeisun.umich/adversarial_robustness_FNO/2D_NS_FNO2d_recurrent/datasets/exponax_datasets/t20/generalizability/dim2d_nx256_N10_solver=exponax_nu0.000_t20.0_test_ntimepoints21_GRF_rq_length_scale0.100_variance0.700_alpha0.750_vmax-1_vmin-1.5_batch0_all_frames.pt
  1796. /blue/shiboli.fsu/yifeisun.umich/adversarial_robustness_FNO/2D_NS_FNO2d_recurrent/datasets/exponax_datasets/t20/generalizability/dim2d_nx256_N10_solver=exponax_nu0.000_t20.0_test_ntimepoints21_GRF_rq_length_scale0.100_variance0.700_alpha0.750_vmax0.4_vmin-0.4_batch0_all_frames.pt
  1797. /blue/shiboli.fsu/yifeisun.umich/adversarial_robustness_FNO/2D_NS_FNO2d_recurrent/datasets/exponax_datasets/t20/generalizability/dim2d_nx256_N10_solver=exponax_nu0.000_t20.0_test_ntimepoints21_GRF_rq_length_scale0.100_variance0.700_alpha0.750_vmax0_vmin-1_batch0_all_frames.pt
  1798. /blue/shiboli.fsu/yifeisun.umich/adversarial_robustness_FNO/2D_NS_FNO2d_recurrent/datasets/exponax_datasets/t20/generalizability/dim2d_nx256_N10_solver=exponax_nu0.000_t20.0_test_ntimepoints21_GRF_rq_length_scale0.100_variance0.700_alpha0.750_vmax1.5_vmin1_batch0_all_frames.pt
  1799. /blue/shiboli.fsu/yifeisun.umich/adversarial_robustness_FNO/2D_NS_FNO2d_recurrent/datasets/exponax_datasets/t20/generalizability/dim2d_nx256_N10_solver=exponax_nu0.000_t20.0_test_ntimepoints21_GRF_rq_length_scale0.100_variance0.700_alpha0.750_vmax1_vmin-1_batch0_all_frames.pt
  1800. /blue/shiboli.fsu/yifeisun.umich/adversarial_robustness_FNO/2D_NS_FNO2d_recurrent/datasets/exponax_datasets/t20/generalizability/dim2d_nx256_N10_solver=exponax_nu0.000_t20.0_test_ntimepoints21_GRF_rq_length_scale0.100_variance0.700_alpha0.750_vmax1_vmin0_batch0_all_frames.pt
  1801. /blue/shiboli.fsu/yifeisun.umich/adversarial_robustness_FNO/2D_NS_FNO2d_recurrent/datasets/exponax_datasets/t20/generalizability/dim2d_nx256_N10_solver=exponax_nu0.000_t20.0_test_ntimepoints21_GRF_rq_length_scale0.100_variance0.700_alpha1.000_vmax-1_vmin-1.5_batch0_all_frames.pt
  1802. /blue/shiboli.fsu/yifeisun.umich/adversarial_robustness_FNO/2D_NS_FNO2d_recurrent/datasets/exponax_datasets/t20/generalizability/dim2d_nx256_N10_solver=exponax_nu0.000_t20.0_test_ntimepoints21_GRF_rq_length_scale0.100_variance0.700_alpha1.000_vmax0.4_vmin-0.4_batch0_all_frames.pt
  1803. /blue/shiboli.fsu/yifeisun.umich/adversarial_robustness_FNO/2D_NS_FNO2d_recurrent/datasets/exponax_datasets/t20/generalizability/dim2d_nx256_N10_solver=exponax_nu0.000_t20.0_test_ntimepoints21_GRF_rq_length_scale0.100_variance0.700_alpha1.000_vmax0_vmin-1_batch0_all_frames.pt
  1804. /blue/shiboli.fsu/yifeisun.umich/adversarial_robustness_FNO/2D_NS_FNO2d_recurrent/datasets/exponax_datasets/t20/generalizability/dim2d_nx256_N10_solver=exponax_nu0.000_t20.0_test_ntimepoints21_GRF_rq_length_scale0.100_variance0.700_alpha1.000_vmax1.5_vmin1_batch0_all_frames.pt
  1805. /blue/shiboli.fsu/yifeisun.umich/adversarial_robustness_FNO/2D_NS_FNO2d_recurrent/datasets/exponax_datasets/t20/generalizability/dim2d_nx256_N10_solver=exponax_nu0.000_t20.0_test_ntimepoints21_GRF_rq_length_scale0.100_variance0.700_alpha1.000_vmax1_vmin-1_batch0_all_frames.pt
  1806. /blue/shiboli.fsu/yifeisun.umich/adversarial_robustness_FNO/2D_NS_FNO2d_recurrent/datasets/exponax_datasets/t20/generalizability/dim2d_nx256_N10_solver=exponax_nu0.000_t20.0_test_ntimepoints21_GRF_rq_length_scale0.100_variance0.700_alpha1.000_vmax1_vmin0_batch0_all_frames.pt
  1807. /blue/shiboli.fsu/yifeisun.umich/adversarial_robustness_FNO/2D_NS_FNO2d_recurrent/datasets/exponax_datasets/t20/generalizability/dim2d_nx256_N10_solver=exponax_nu0.000_t20.0_test_ntimepoints21_GRF_rq_length_scale0.100_variance0.700_alpha1.500_vmax-1_vmin-1.5_batch0_all_frames.pt
  1808. /blue/shiboli.fsu/yifeisun.umich/adversarial_robustness_FNO/2D_NS_FNO2d_recurrent/datasets/exponax_datasets/t20/generalizability/dim2d_nx256_N10_solver=exponax_nu0.000_t20.0_test_ntimepoints21_GRF_rq_length_scale0.100_variance0.700_alpha1.500_vmax0.4_vmin-0.4_batch0_all_frames.pt
  1809. /blue/shiboli.fsu/yifeisun.umich/adversarial_robustness_FNO/2D_NS_FNO2d_recurrent/datasets/exponax_datasets/t20/generalizability/dim2d_nx256_N10_solver=exponax_nu0.000_t20.0_test_ntimepoints21_GRF_rq_length_scale0.100_variance0.700_alpha1.500_vmax0_vmin-1_batch0_all_frames.pt
  1810. /blue/shiboli.fsu/yifeisun.umich/adversarial_robustness_FNO/2D_NS_FNO2d_recurrent/datasets/exponax_datasets/t20/generalizability/dim2d_nx256_N10_solver=exponax_nu0.000_t20.0_test_ntimepoints21_GRF_rq_length_scale0.100_variance0.700_alpha1.500_vmax1.5_vmin1_batch0_all_frames.pt
  1811. /blue/shiboli.fsu/yifeisun.umich/adversarial_robustness_FNO/2D_NS_FNO2d_recurrent/datasets/exponax_datasets/t20/generalizability/dim2d_nx256_N10_solver=exponax_nu0.000_t20.0_test_ntimepoints21_GRF_rq_length_scale0.100_variance0.700_alpha1.500_vmax1_vmin-1_batch0_all_frames.pt
  1812. /blue/shiboli.fsu/yifeisun.umich/adversarial_robustness_FNO/2D_NS_FNO2d_recurrent/datasets/exponax_datasets/t20/generalizability/dim2d_nx256_N10_solver=exponax_nu0.000_t20.0_test_ntimepoints21_GRF_rq_length_scale0.100_variance0.700_alpha1.500_vmax1_vmin0_batch0_all_frames.pt
  1813. /blue/shiboli.fsu/yifeisun.umich/adversarial_robustness_FNO/2D_NS_FNO2d_recurrent/datasets/exponax_datasets/t20/generalizability/dim2d_nx256_N10_solver=exponax_nu0.000_t20.0_test_ntimepoints21_GRF_rq_length_scale0.100_variance0.700_alpha1.700_vmax-1_vmin-1.5_batch0_all_frames.pt
  1814. /blue/shiboli.fsu/yifeisun.umich/adversarial_robustness_FNO/2D_NS_FNO2d_recurrent/datasets/exponax_datasets/t20/generalizability/dim2d_nx256_N10_solver=exponax_nu0.000_t20.0_test_ntimepoints21_GRF_rq_length_scale0.100_variance0.700_alpha1.700_vmax0.4_vmin-0.4_batch0_all_frames.pt
  1815. /blue/shiboli.fsu/yifeisun.umich/adversarial_robustness_FNO/2D_NS_FNO2d_recurrent/datasets/exponax_datasets/t20/generalizability/dim2d_nx256_N10_solver=exponax_nu0.000_t20.0_test_ntimepoints21_GRF_rq_length_scale0.100_variance0.700_alpha1.700_vmax0_vmin-1_batch0_all_frames.pt
  1816. /blue/shiboli.fsu/yifeisun.umich/adversarial_robustness_FNO/2D_NS_FNO2d_recurrent/datasets/exponax_datasets/t20/generalizability/dim2d_nx256_N10_solver=exponax_nu0.000_t20.0_test_ntimepoints21_GRF_rq_length_scale0.100_variance0.700_alpha1.700_vmax1.5_vmin1_batch0_all_frames.pt
  1817. /blue/shiboli.fsu/yifeisun.umich/adversarial_robustness_FNO/2D_NS_FNO2d_recurrent/datasets/exponax_datasets/t20/generalizability/dim2d_nx256_N10_solver=exponax_nu0.000_t20.0_test_ntimepoints21_GRF_rq_length_scale0.100_variance0.700_alpha1.700_vmax1_vmin-1_batch0_all_frames.pt
  1818. /blue/shiboli.fsu/yifeisun.umich/adversarial_robustness_FNO/2D_NS_FNO2d_recurrent/datasets/exponax_datasets/t20/generalizability/dim2d_nx256_N10_solver=exponax_nu0.000_t20.0_test_ntimepoints21_GRF_rq_length_scale0.100_variance0.700_alpha1.700_vmax1_vmin0_batch0_all_frames.pt
  1819. /blue/shiboli.fsu/yifeisun.umich/adversarial_robustness_FNO/2D_NS_FNO2d_recurrent/datasets/exponax_datasets/t20/generalizability/dim2d_nx256_N10_solver=exponax_nu0.000_t20.0_test_ntimepoints21_GRF_rq_length_scale0.100_variance1.000_alpha0.750_vmax-1_vmin-1.5_batch0_all_frames.pt
  1820. /blue/shiboli.fsu/yifeisun.umich/adversarial_robustness_FNO/2D_NS_FNO2d_recurrent/datasets/exponax_datasets/t20/generalizability/dim2d_nx256_N10_solver=exponax_nu0.000_t20.0_test_ntimepoints21_GRF_rq_length_scale0.100_variance1.000_alpha0.750_vmax0.4_vmin-0.4_batch0_all_frames.pt
  1821. /blue/shiboli.fsu/yifeisun.umich/adversarial_robustness_FNO/2D_NS_FNO2d_recurrent/datasets/exponax_datasets/t20/generalizability/dim2d_nx256_N10_solver=exponax_nu0.000_t20.0_test_ntimepoints21_GRF_rq_length_scale0.100_variance1.000_alpha0.750_vmax0_vmin-1_batch0_all_frames.pt
  1822. /blue/shiboli.fsu/yifeisun.umich/adversarial_robustness_FNO/2D_NS_FNO2d_recurrent/datasets/exponax_datasets/t20/generalizability/dim2d_nx256_N10_solver=exponax_nu0.000_t20.0_test_ntimepoints21_GRF_rq_length_scale0.100_variance1.000_alpha0.750_vmax1.5_vmin1_batch0_all_frames.pt
  1823. /blue/shiboli.fsu/yifeisun.umich/adversarial_robustness_FNO/2D_NS_FNO2d_recurrent/datasets/exponax_datasets/t20/generalizability/dim2d_nx256_N10_solver=exponax_nu0.000_t20.0_test_ntimepoints21_GRF_rq_length_scale0.100_variance1.000_alpha0.750_vmax1_vmin-1_batch0_all_frames.pt
  1824. /blue/shiboli.fsu/yifeisun.umich/adversarial_robustness_FNO/2D_NS_FNO2d_recurrent/datasets/exponax_datasets/t20/generalizability/dim2d_nx256_N10_solver=exponax_nu0.000_t20.0_test_ntimepoints21_GRF_rq_length_scale0.100_variance1.000_alpha0.750_vmax1_vmin0_batch0_all_frames.pt
  1825. /blue/shiboli.fsu/yifeisun.umich/adversarial_robustness_FNO/2D_NS_FNO2d_recurrent/datasets/exponax_datasets/t20/generalizability/dim2d_nx256_N10_solver=exponax_nu0.000_t20.0_test_ntimepoints21_GRF_rq_length_scale0.100_variance1.000_alpha1.000_vmax-1_vmin-1.5_batch0_all_frames.pt
  1826. /blue/shiboli.fsu/yifeisun.umich/adversarial_robustness_FNO/2D_NS_FNO2d_recurrent/datasets/exponax_datasets/t20/generalizability/dim2d_nx256_N10_solver=exponax_nu0.000_t20.0_test_ntimepoints21_GRF_rq_length_scale0.100_variance1.000_alpha1.000_vmax0.4_vmin-0.4_batch0_all_frames.pt
  1827. /blue/shiboli.fsu/yifeisun.umich/adversarial_robustness_FNO/2D_NS_FNO2d_recurrent/datasets/exponax_datasets/t20/generalizability/dim2d_nx256_N10_solver=exponax_nu0.000_t20.0_test_ntimepoints21_GRF_rq_length_scale0.100_variance1.000_alpha1.000_vmax0_vmin-1_batch0_all_frames.pt
  1828. /blue/shiboli.fsu/yifeisun.umich/adversarial_robustness_FNO/2D_NS_FNO2d_recurrent/datasets/exponax_datasets/t20/generalizability/dim2d_nx256_N10_solver=exponax_nu0.000_t20.0_test_ntimepoints21_GRF_rq_length_scale0.100_variance1.000_alpha1.000_vmax1.5_vmin1_batch0_all_frames.pt
  1829. /blue/shiboli.fsu/yifeisun.umich/adversarial_robustness_FNO/2D_NS_FNO2d_recurrent/datasets/exponax_datasets/t20/generalizability/dim2d_nx256_N10_solver=exponax_nu0.000_t20.0_test_ntimepoints21_GRF_rq_length_scale0.100_variance1.000_alpha1.000_vmax1_vmin-1_batch0_all_frames.pt
  1830. /blue/shiboli.fsu/yifeisun.umich/adversarial_robustness_FNO/2D_NS_FNO2d_recurrent/datasets/exponax_datasets/t20/generalizability/dim2d_nx256_N10_solver=exponax_nu0.000_t20.0_test_ntimepoints21_GRF_rq_length_scale0.100_variance1.000_alpha1.000_vmax1_vmin0_batch0_all_frames.pt
  1831. /blue/shiboli.fsu/yifeisun.umich/adversarial_robustness_FNO/2D_NS_FNO2d_recurrent/datasets/exponax_datasets/t20/generalizability/dim2d_nx256_N10_solver=exponax_nu0.000_t20.0_test_ntimepoints21_GRF_rq_length_scale0.100_variance1.000_alpha1.500_vmax-1_vmin-1.5_batch0_all_frames.pt
  1832. /blue/shiboli.fsu/yifeisun.umich/adversarial_robustness_FNO/2D_NS_FNO2d_recurrent/datasets/exponax_datasets/t20/generalizability/dim2d_nx256_N10_solver=exponax_nu0.000_t20.0_test_ntimepoints21_GRF_rq_length_scale0.100_variance1.000_alpha1.500_vmax0.4_vmin-0.4_batch0_all_frames.pt
  1833. /blue/shiboli.fsu/yifeisun.umich/adversarial_robustness_FNO/2D_NS_FNO2d_recurrent/datasets/exponax_datasets/t20/generalizability/dim2d_nx256_N10_solver=exponax_nu0.000_t20.0_test_ntimepoints21_GRF_rq_length_scale0.100_variance1.000_alpha1.500_vmax0_vmin-1_batch0_all_frames.pt
  1834. /blue/shiboli.fsu/yifeisun.umich/adversarial_robustness_FNO/2D_NS_FNO2d_recurrent/datasets/exponax_datasets/t20/generalizability/dim2d_nx256_N10_solver=exponax_nu0.000_t20.0_test_ntimepoints21_GRF_rq_length_scale0.100_variance1.000_alpha1.500_vmax1.5_vmin1_batch0_all_frames.pt
  1835. /blue/shiboli.fsu/yifeisun.umich/adversarial_robustness_FNO/2D_NS_FNO2d_recurrent/datasets/exponax_datasets/t20/generalizability/dim2d_nx256_N10_solver=exponax_nu0.000_t20.0_test_ntimepoints21_GRF_rq_length_scale0.100_variance1.000_alpha1.500_vmax1_vmin-1_batch0_all_frames.pt
  1836. /blue/shiboli.fsu/yifeisun.umich/adversarial_robustness_FNO/2D_NS_FNO2d_recurrent/datasets/exponax_datasets/t20/generalizability/dim2d_nx256_N10_solver=exponax_nu0.000_t20.0_test_ntimepoints21_GRF_rq_length_scale0.100_variance1.000_alpha1.500_vmax1_vmin0_batch0_all_frames.pt
  1837. /blue/shiboli.fsu/yifeisun.umich/adversarial_robustness_FNO/2D_NS_FNO2d_recurrent/datasets/exponax_datasets/t20/generalizability/dim2d_nx256_N10_solver=exponax_nu0.000_t20.0_test_ntimepoints21_GRF_rq_length_scale0.100_variance1.000_alpha1.700_vmax-1_vmin-1.5_batch0_all_frames.pt
  1838. /blue/shiboli.fsu/yifeisun.umich/adversarial_robustness_FNO/2D_NS_FNO2d_recurrent/datasets/exponax_datasets/t20/generalizability/dim2d_nx256_N10_solver=exponax_nu0.000_t20.0_test_ntimepoints21_GRF_rq_length_scale0.100_variance1.000_alpha1.700_vmax0.4_vmin-0.4_batch0_all_frames.pt
  1839. /blue/shiboli.fsu/yifeisun.umich/adversarial_robustness_FNO/2D_NS_FNO2d_recurrent/datasets/exponax_datasets/t20/generalizability/dim2d_nx256_N10_solver=exponax_nu0.000_t20.0_test_ntimepoints21_GRF_rq_length_scale0.100_variance1.000_alpha1.700_vmax0_vmin-1_batch0_all_frames.pt
  1840. /blue/shiboli.fsu/yifeisun.umich/adversarial_robustness_FNO/2D_NS_FNO2d_recurrent/datasets/exponax_datasets/t20/generalizability/dim2d_nx256_N10_solver=exponax_nu0.000_t20.0_test_ntimepoints21_GRF_rq_length_scale0.100_variance1.000_alpha1.700_vmax1.5_vmin1_batch0_all_frames.pt
  1841. /blue/shiboli.fsu/yifeisun.umich/adversarial_robustness_FNO/2D_NS_FNO2d_recurrent/datasets/exponax_datasets/t20/generalizability/dim2d_nx256_N10_solver=exponax_nu0.000_t20.0_test_ntimepoints21_GRF_rq_length_scale0.100_variance1.000_alpha1.700_vmax1_vmin-1_batch0_all_frames.pt
  1842. /blue/shiboli.fsu/yifeisun.umich/adversarial_robustness_FNO/2D_NS_FNO2d_recurrent/datasets/exponax_datasets/t20/generalizability/dim2d_nx256_N10_solver=exponax_nu0.000_t20.0_test_ntimepoints21_GRF_rq_length_scale0.100_variance1.000_alpha1.700_vmax1_vmin0_batch0_all_frames.pt
  1843. /blue/shiboli.fsu/yifeisun.umich/adversarial_robustness_FNO/2D_NS_FNO2d_recurrent/datasets/exponax_datasets/t20/generalizability/dim2d_nx256_N10_solver=exponax_nu0.000_t20.0_test_ntimepoints21_GRF_rq_length_scale0.100_variance1.700_alpha0.750_vmax-1_vmin-1.5_batch0_all_frames.pt
  1844. /blue/shiboli.fsu/yifeisun.umich/adversarial_robustness_FNO/2D_NS_FNO2d_recurrent/datasets/exponax_datasets/t20/generalizability/dim2d_nx256_N10_solver=exponax_nu0.000_t20.0_test_ntimepoints21_GRF_rq_length_scale0.100_variance1.700_alpha0.750_vmax0.4_vmin-0.4_batch0_all_frames.pt
  1845. /blue/shiboli.fsu/yifeisun.umich/adversarial_robustness_FNO/2D_NS_FNO2d_recurrent/datasets/exponax_datasets/t20/generalizability/dim2d_nx256_N10_solver=exponax_nu0.000_t20.0_test_ntimepoints21_GRF_rq_length_scale0.100_variance1.700_alpha0.750_vmax0_vmin-1_batch0_all_frames.pt
  1846. /blue/shiboli.fsu/yifeisun.umich/adversarial_robustness_FNO/2D_NS_FNO2d_recurrent/datasets/exponax_datasets/t20/generalizability/dim2d_nx256_N10_solver=exponax_nu0.000_t20.0_test_ntimepoints21_GRF_rq_length_scale0.100_variance1.700_alpha0.750_vmax1.5_vmin1_batch0_all_frames.pt
  1847. /blue/shiboli.fsu/yifeisun.umich/adversarial_robustness_FNO/2D_NS_FNO2d_recurrent/datasets/exponax_datasets/t20/generalizability/dim2d_nx256_N10_solver=exponax_nu0.000_t20.0_test_ntimepoints21_GRF_rq_length_scale0.100_variance1.700_alpha0.750_vmax1_vmin-1_batch0_all_frames.pt
  1848. /blue/shiboli.fsu/yifeisun.umich/adversarial_robustness_FNO/2D_NS_FNO2d_recurrent/datasets/exponax_datasets/t20/generalizability/dim2d_nx256_N10_solver=exponax_nu0.000_t20.0_test_ntimepoints21_GRF_rq_length_scale0.100_variance1.700_alpha0.750_vmax1_vmin0_batch0_all_frames.pt
  1849. /blue/shiboli.fsu/yifeisun.umich/adversarial_robustness_FNO/2D_NS_FNO2d_recurrent/datasets/exponax_datasets/t20/generalizability/dim2d_nx256_N10_solver=exponax_nu0.000_t20.0_test_ntimepoints21_GRF_rq_length_scale0.100_variance1.700_alpha1.000_vmax-1_vmin-1.5_batch0_all_frames.pt
  1850. /blue/shiboli.fsu/yifeisun.umich/adversarial_robustness_FNO/2D_NS_FNO2d_recurrent/datasets/exponax_datasets/t20/generalizability/dim2d_nx256_N10_solver=exponax_nu0.000_t20.0_test_ntimepoints21_GRF_rq_length_scale0.100_variance1.700_alpha1.000_vmax0.4_vmin-0.4_batch0_all_frames.pt
  1851. /blue/shiboli.fsu/yifeisun.umich/adversarial_robustness_FNO/2D_NS_FNO2d_recurrent/datasets/exponax_datasets/t20/generalizability/dim2d_nx256_N10_solver=exponax_nu0.000_t20.0_test_ntimepoints21_GRF_rq_length_scale0.100_variance1.700_alpha1.000_vmax0_vmin-1_batch0_all_frames.pt
  1852. /blue/shiboli.fsu/yifeisun.umich/adversarial_robustness_FNO/2D_NS_FNO2d_recurrent/datasets/exponax_datasets/t20/generalizability/dim2d_nx256_N10_solver=exponax_nu0.000_t20.0_test_ntimepoints21_GRF_rq_length_scale0.100_variance1.700_alpha1.000_vmax1.5_vmin1_batch0_all_frames.pt
  1853. /blue/shiboli.fsu/yifeisun.umich/adversarial_robustness_FNO/2D_NS_FNO2d_recurrent/datasets/exponax_datasets/t20/generalizability/dim2d_nx256_N10_solver=exponax_nu0.000_t20.0_test_ntimepoints21_GRF_rq_length_scale0.100_variance1.700_alpha1.000_vmax1_vmin-1_batch0_all_frames.pt
  1854. /blue/shiboli.fsu/yifeisun.umich/adversarial_robustness_FNO/2D_NS_FNO2d_recurrent/datasets/exponax_datasets/t20/generalizability/dim2d_nx256_N10_solver=exponax_nu0.000_t20.0_test_ntimepoints21_GRF_rq_length_scale0.100_variance1.700_alpha1.000_vmax1_vmin0_batch0_all_frames.pt
  1855. /blue/shiboli.fsu/yifeisun.umich/adversarial_robustness_FNO/2D_NS_FNO2d_recurrent/datasets/exponax_datasets/t20/generalizability/dim2d_nx256_N10_solver=exponax_nu0.000_t20.0_test_ntimepoints21_GRF_rq_length_scale0.100_variance1.700_alpha1.500_vmax-1_vmin-1.5_batch0_all_frames.pt
  1856. /blue/shiboli.fsu/yifeisun.umich/adversarial_robustness_FNO/2D_NS_FNO2d_recurrent/datasets/exponax_datasets/t20/generalizability/dim2d_nx256_N10_solver=exponax_nu0.000_t20.0_test_ntimepoints21_GRF_rq_length_scale0.100_variance1.700_alpha1.500_vmax0.4_vmin-0.4_batch0_all_frames.pt
  1857. /blue/shiboli.fsu/yifeisun.umich/adversarial_robustness_FNO/2D_NS_FNO2d_recurrent/datasets/exponax_datasets/t20/generalizability/dim2d_nx256_N10_solver=exponax_nu0.000_t20.0_test_ntimepoints21_GRF_rq_length_scale0.100_variance1.700_alpha1.500_vmax0_vmin-1_batch0_all_frames.pt
  1858. /blue/shiboli.fsu/yifeisun.umich/adversarial_robustness_FNO/2D_NS_FNO2d_recurrent/datasets/exponax_datasets/t20/generalizability/dim2d_nx256_N10_solver=exponax_nu0.000_t20.0_test_ntimepoints21_GRF_rq_length_scale0.100_variance1.700_alpha1.500_vmax1.5_vmin1_batch0_all_frames.pt
  1859. /blue/shiboli.fsu/yifeisun.umich/adversarial_robustness_FNO/2D_NS_FNO2d_recurrent/datasets/exponax_datasets/t20/generalizability/dim2d_nx256_N10_solver=exponax_nu0.000_t20.0_test_ntimepoints21_GRF_rq_length_scale0.100_variance1.700_alpha1.500_vmax1_vmin-1_batch0_all_frames.pt
  1860. /blue/shiboli.fsu/yifeisun.umich/adversarial_robustness_FNO/2D_NS_FNO2d_recurrent/datasets/exponax_datasets/t20/generalizability/dim2d_nx256_N10_solver=exponax_nu0.000_t20.0_test_ntimepoints21_GRF_rq_length_scale0.100_variance1.700_alpha1.500_vmax1_vmin0_batch0_all_frames.pt
  1861. /blue/shiboli.fsu/yifeisun.umich/adversarial_robustness_FNO/2D_NS_FNO2d_recurrent/datasets/exponax_datasets/t20/generalizability/dim2d_nx256_N10_solver=exponax_nu0.000_t20.0_test_ntimepoints21_GRF_rq_length_scale0.100_variance1.700_alpha1.700_vmax-1_vmin-1.5_batch0_all_frames.pt
  1862. /blue/shiboli.fsu/yifeisun.umich/adversarial_robustness_FNO/2D_NS_FNO2d_recurrent/datasets/exponax_datasets/t20/generalizability/dim2d_nx256_N10_solver=exponax_nu0.000_t20.0_test_ntimepoints21_GRF_rq_length_scale0.100_variance1.700_alpha1.700_vmax0.4_vmin-0.4_batch0_all_frames.pt
  1863. /blue/shiboli.fsu/yifeisun.umich/adversarial_robustness_FNO/2D_NS_FNO2d_recurrent/datasets/exponax_datasets/t20/generalizability/dim2d_nx256_N10_solver=exponax_nu0.000_t20.0_test_ntimepoints21_GRF_rq_length_scale0.100_variance1.700_alpha1.700_vmax0_vmin-1_batch0_all_frames.pt
  1864. /blue/shiboli.fsu/yifeisun.umich/adversarial_robustness_FNO/2D_NS_FNO2d_recurrent/datasets/exponax_datasets/t20/generalizability/dim2d_nx256_N10_solver=exponax_nu0.000_t20.0_test_ntimepoints21_GRF_rq_length_scale0.100_variance1.700_alpha1.700_vmax1.5_vmin1_batch0_all_frames.pt
  1865. /blue/shiboli.fsu/yifeisun.umich/adversarial_robustness_FNO/2D_NS_FNO2d_recurrent/datasets/exponax_datasets/t20/generalizability/dim2d_nx256_N10_solver=exponax_nu0.000_t20.0_test_ntimepoints21_GRF_rq_length_scale0.100_variance1.700_alpha1.700_vmax1_vmin-1_batch0_all_frames.pt
  1866. /blue/shiboli.fsu/yifeisun.umich/adversarial_robustness_FNO/2D_NS_FNO2d_recurrent/datasets/exponax_datasets/t20/generalizability/dim2d_nx256_N10_solver=exponax_nu0.000_t20.0_test_ntimepoints21_GRF_rq_length_scale0.100_variance1.700_alpha1.700_vmax1_vmin0_batch0_all_frames.pt
  1867. /blue/shiboli.fsu/yifeisun.umich/adversarial_robustness_FNO/2D_NS_FNO2d_recurrent/datasets/exponax_datasets/t20/generalizability/dim2d_nx256_N10_solver=exponax_nu0.000_t20.0_test_ntimepoints21_GRF_rq_length_scale0.200_variance0.700_alpha0.750_vmax-1_vmin-1.5_batch0_all_frames.pt
  1868. /blue/shiboli.fsu/yifeisun.umich/adversarial_robustness_FNO/2D_NS_FNO2d_recurrent/datasets/exponax_datasets/t20/generalizability/dim2d_nx256_N10_solver=exponax_nu0.000_t20.0_test_ntimepoints21_GRF_rq_length_scale0.200_variance0.700_alpha0.750_vmax0.4_vmin-0.4_batch0_all_frames.pt
  1869. /blue/shiboli.fsu/yifeisun.umich/adversarial_robustness_FNO/2D_NS_FNO2d_recurrent/datasets/exponax_datasets/t20/generalizability/dim2d_nx256_N10_solver=exponax_nu0.000_t20.0_test_ntimepoints21_GRF_rq_length_scale0.200_variance0.700_alpha0.750_vmax0_vmin-1_batch0_all_frames.pt
  1870. /blue/shiboli.fsu/yifeisun.umich/adversarial_robustness_FNO/2D_NS_FNO2d_recurrent/datasets/exponax_datasets/t20/generalizability/dim2d_nx256_N10_solver=exponax_nu0.000_t20.0_test_ntimepoints21_GRF_rq_length_scale0.200_variance0.700_alpha0.750_vmax1.5_vmin1_batch0_all_frames.pt
  1871. /blue/shiboli.fsu/yifeisun.umich/adversarial_robustness_FNO/2D_NS_FNO2d_recurrent/datasets/exponax_datasets/t20/generalizability/dim2d_nx256_N10_solver=exponax_nu0.000_t20.0_test_ntimepoints21_GRF_rq_length_scale0.200_variance0.700_alpha0.750_vmax1_vmin-1_batch0_all_frames.pt
  1872. /blue/shiboli.fsu/yifeisun.umich/adversarial_robustness_FNO/2D_NS_FNO2d_recurrent/datasets/exponax_datasets/t20/generalizability/dim2d_nx256_N10_solver=exponax_nu0.000_t20.0_test_ntimepoints21_GRF_rq_length_scale0.200_variance0.700_alpha0.750_vmax1_vmin0_batch0_all_frames.pt
  1873. /blue/shiboli.fsu/yifeisun.umich/adversarial_robustness_FNO/2D_NS_FNO2d_recurrent/datasets/exponax_datasets/t20/generalizability/dim2d_nx256_N10_solver=exponax_nu0.000_t20.0_test_ntimepoints21_GRF_rq_length_scale0.200_variance0.700_alpha1.000_vmax-1_vmin-1.5_batch0_all_frames.pt
  1874. /blue/shiboli.fsu/yifeisun.umich/adversarial_robustness_FNO/2D_NS_FNO2d_recurrent/datasets/exponax_datasets/t20/generalizability/dim2d_nx256_N10_solver=exponax_nu0.000_t20.0_test_ntimepoints21_GRF_rq_length_scale0.200_variance0.700_alpha1.000_vmax0.4_vmin-0.4_batch0_all_frames.pt
  1875. /blue/shiboli.fsu/yifeisun.umich/adversarial_robustness_FNO/2D_NS_FNO2d_recurrent/datasets/exponax_datasets/t20/generalizability/dim2d_nx256_N10_solver=exponax_nu0.000_t20.0_test_ntimepoints21_GRF_rq_length_scale0.200_variance0.700_alpha1.000_vmax0_vmin-1_batch0_all_frames.pt
  1876. /blue/shiboli.fsu/yifeisun.umich/adversarial_robustness_FNO/2D_NS_FNO2d_recurrent/datasets/exponax_datasets/t20/generalizability/dim2d_nx256_N10_solver=exponax_nu0.000_t20.0_test_ntimepoints21_GRF_rq_length_scale0.200_variance0.700_alpha1.000_vmax1.5_vmin1_batch0_all_frames.pt
  1877. /blue/shiboli.fsu/yifeisun.umich/adversarial_robustness_FNO/2D_NS_FNO2d_recurrent/datasets/exponax_datasets/t20/generalizability/dim2d_nx256_N10_solver=exponax_nu0.000_t20.0_test_ntimepoints21_GRF_rq_length_scale0.200_variance0.700_alpha1.000_vmax1_vmin-1_batch0_all_frames.pt
  1878. /blue/shiboli.fsu/yifeisun.umich/adversarial_robustness_FNO/2D_NS_FNO2d_recurrent/datasets/exponax_datasets/t20/generalizability/dim2d_nx256_N10_solver=exponax_nu0.000_t20.0_test_ntimepoints21_GRF_rq_length_scale0.200_variance0.700_alpha1.000_vmax1_vmin0_batch0_all_frames.pt
  1879. /blue/shiboli.fsu/yifeisun.umich/adversarial_robustness_FNO/2D_NS_FNO2d_recurrent/datasets/exponax_datasets/t20/generalizability/dim2d_nx256_N10_solver=exponax_nu0.000_t20.0_test_ntimepoints21_GRF_rq_length_scale0.200_variance0.700_alpha1.500_vmax-1_vmin-1.5_batch0_all_frames.pt
  1880. /blue/shiboli.fsu/yifeisun.umich/adversarial_robustness_FNO/2D_NS_FNO2d_recurrent/datasets/exponax_datasets/t20/generalizability/dim2d_nx256_N10_solver=exponax_nu0.000_t20.0_test_ntimepoints21_GRF_rq_length_scale0.200_variance0.700_alpha1.500_vmax0.4_vmin-0.4_batch0_all_frames.pt
  1881. /blue/shiboli.fsu/yifeisun.umich/adversarial_robustness_FNO/2D_NS_FNO2d_recurrent/datasets/exponax_datasets/t20/generalizability/dim2d_nx256_N10_solver=exponax_nu0.000_t20.0_test_ntimepoints21_GRF_rq_length_scale0.200_variance0.700_alpha1.500_vmax0_vmin-1_batch0_all_frames.pt
  1882. /blue/shiboli.fsu/yifeisun.umich/adversarial_robustness_FNO/2D_NS_FNO2d_recurrent/datasets/exponax_datasets/t20/generalizability/dim2d_nx256_N10_solver=exponax_nu0.000_t20.0_test_ntimepoints21_GRF_rq_length_scale0.200_variance0.700_alpha1.500_vmax1.5_vmin1_batch0_all_frames.pt
  1883. /blue/shiboli.fsu/yifeisun.umich/adversarial_robustness_FNO/2D_NS_FNO2d_recurrent/datasets/exponax_datasets/t20/generalizability/dim2d_nx256_N10_solver=exponax_nu0.000_t20.0_test_ntimepoints21_GRF_rq_length_scale0.200_variance0.700_alpha1.500_vmax1_vmin-1_batch0_all_frames.pt
  1884. /blue/shiboli.fsu/yifeisun.umich/adversarial_robustness_FNO/2D_NS_FNO2d_recurrent/datasets/exponax_datasets/t20/generalizability/dim2d_nx256_N10_solver=exponax_nu0.000_t20.0_test_ntimepoints21_GRF_rq_length_scale0.200_variance0.700_alpha1.500_vmax1_vmin0_batch0_all_frames.pt
  1885. /blue/shiboli.fsu/yifeisun.umich/adversarial_robustness_FNO/2D_NS_FNO2d_recurrent/datasets/exponax_datasets/t20/generalizability/dim2d_nx256_N10_solver=exponax_nu0.000_t20.0_test_ntimepoints21_GRF_rq_length_scale0.200_variance0.700_alpha1.700_vmax-1_vmin-1.5_batch0_all_frames.pt
  1886. /blue/shiboli.fsu/yifeisun.umich/adversarial_robustness_FNO/2D_NS_FNO2d_recurrent/datasets/exponax_datasets/t20/generalizability/dim2d_nx256_N10_solver=exponax_nu0.000_t20.0_test_ntimepoints21_GRF_rq_length_scale0.200_variance0.700_alpha1.700_vmax0.4_vmin-0.4_batch0_all_frames.pt
  1887. /blue/shiboli.fsu/yifeisun.umich/adversarial_robustness_FNO/2D_NS_FNO2d_recurrent/datasets/exponax_datasets/t20/generalizability/dim2d_nx256_N10_solver=exponax_nu0.000_t20.0_test_ntimepoints21_GRF_rq_length_scale0.200_variance0.700_alpha1.700_vmax0_vmin-1_batch0_all_frames.pt
  1888. /blue/shiboli.fsu/yifeisun.umich/adversarial_robustness_FNO/2D_NS_FNO2d_recurrent/datasets/exponax_datasets/t20/generalizability/dim2d_nx256_N10_solver=exponax_nu0.000_t20.0_test_ntimepoints21_GRF_rq_length_scale0.200_variance0.700_alpha1.700_vmax1.5_vmin1_batch0_all_frames.pt
  1889. /blue/shiboli.fsu/yifeisun.umich/adversarial_robustness_FNO/2D_NS_FNO2d_recurrent/datasets/exponax_datasets/t20/generalizability/dim2d_nx256_N10_solver=exponax_nu0.000_t20.0_test_ntimepoints21_GRF_rq_length_scale0.200_variance0.700_alpha1.700_vmax1_vmin-1_batch0_all_frames.pt
  1890. /blue/shiboli.fsu/yifeisun.umich/adversarial_robustness_FNO/2D_NS_FNO2d_recurrent/datasets/exponax_datasets/t20/generalizability/dim2d_nx256_N10_solver=exponax_nu0.000_t20.0_test_ntimepoints21_GRF_rq_length_scale0.200_variance0.700_alpha1.700_vmax1_vmin0_batch0_all_frames.pt
  1891. /blue/shiboli.fsu/yifeisun.umich/adversarial_robustness_FNO/2D_NS_FNO2d_recurrent/datasets/exponax_datasets/t20/generalizability/dim2d_nx256_N10_solver=exponax_nu0.000_t20.0_test_ntimepoints21_GRF_rq_length_scale0.200_variance1.000_alpha0.750_vmax-1_vmin-1.5_batch0_all_frames.pt
  1892. /blue/shiboli.fsu/yifeisun.umich/adversarial_robustness_FNO/2D_NS_FNO2d_recurrent/datasets/exponax_datasets/t20/generalizability/dim2d_nx256_N10_solver=exponax_nu0.000_t20.0_test_ntimepoints21_GRF_rq_length_scale0.200_variance1.000_alpha0.750_vmax0.4_vmin-0.4_batch0_all_frames.pt
  1893. /blue/shiboli.fsu/yifeisun.umich/adversarial_robustness_FNO/2D_NS_FNO2d_recurrent/datasets/exponax_datasets/t20/generalizability/dim2d_nx256_N10_solver=exponax_nu0.000_t20.0_test_ntimepoints21_GRF_rq_length_scale0.200_variance1.000_alpha0.750_vmax0_vmin-1_batch0_all_frames.pt
  1894. /blue/shiboli.fsu/yifeisun.umich/adversarial_robustness_FNO/2D_NS_FNO2d_recurrent/datasets/exponax_datasets/t20/generalizability/dim2d_nx256_N10_solver=exponax_nu0.000_t20.0_test_ntimepoints21_GRF_rq_length_scale0.200_variance1.000_alpha0.750_vmax1.5_vmin1_batch0_all_frames.pt
  1895. /blue/shiboli.fsu/yifeisun.umich/adversarial_robustness_FNO/2D_NS_FNO2d_recurrent/datasets/exponax_datasets/t20/generalizability/dim2d_nx256_N10_solver=exponax_nu0.000_t20.0_test_ntimepoints21_GRF_rq_length_scale0.200_variance1.000_alpha0.750_vmax1_vmin-1_batch0_all_frames.pt
  1896. /blue/shiboli.fsu/yifeisun.umich/adversarial_robustness_FNO/2D_NS_FNO2d_recurrent/datasets/exponax_datasets/t20/generalizability/dim2d_nx256_N10_solver=exponax_nu0.000_t20.0_test_ntimepoints21_GRF_rq_length_scale0.200_variance1.000_alpha0.750_vmax1_vmin0_batch0_all_frames.pt
  1897. /blue/shiboli.fsu/yifeisun.umich/adversarial_robustness_FNO/2D_NS_FNO2d_recurrent/datasets/exponax_datasets/t20/generalizability/dim2d_nx256_N10_solver=exponax_nu0.000_t20.0_test_ntimepoints21_GRF_rq_length_scale0.200_variance1.000_alpha1.000_vmax-1_vmin-1.5_batch0_all_frames.pt
  1898. /blue/shiboli.fsu/yifeisun.umich/adversarial_robustness_FNO/2D_NS_FNO2d_recurrent/datasets/exponax_datasets/t20/generalizability/dim2d_nx256_N10_solver=exponax_nu0.000_t20.0_test_ntimepoints21_GRF_rq_length_scale0.200_variance1.000_alpha1.000_vmax0.4_vmin-0.4_batch0_all_frames.pt
  1899. /blue/shiboli.fsu/yifeisun.umich/adversarial_robustness_FNO/2D_NS_FNO2d_recurrent/datasets/exponax_datasets/t20/generalizability/dim2d_nx256_N10_solver=exponax_nu0.000_t20.0_test_ntimepoints21_GRF_rq_length_scale0.200_variance1.000_alpha1.000_vmax0_vmin-1_batch0_all_frames.pt
  1900. /blue/shiboli.fsu/yifeisun.umich/adversarial_robustness_FNO/2D_NS_FNO2d_recurrent/datasets/exponax_datasets/t20/generalizability/dim2d_nx256_N10_solver=exponax_nu0.000_t20.0_test_ntimepoints21_GRF_rq_length_scale0.200_variance1.000_alpha1.000_vmax1.5_vmin1_batch0_all_frames.pt
  1901. /blue/shiboli.fsu/yifeisun.umich/adversarial_robustness_FNO/2D_NS_FNO2d_recurrent/datasets/exponax_datasets/t20/generalizability/dim2d_nx256_N10_solver=exponax_nu0.000_t20.0_test_ntimepoints21_GRF_rq_length_scale0.200_variance1.000_alpha1.000_vmax1_vmin-1_batch0_all_frames.pt
  1902. /blue/shiboli.fsu/yifeisun.umich/adversarial_robustness_FNO/2D_NS_FNO2d_recurrent/datasets/exponax_datasets/t20/generalizability/dim2d_nx256_N10_solver=exponax_nu0.000_t20.0_test_ntimepoints21_GRF_rq_length_scale0.200_variance1.000_alpha1.000_vmax1_vmin0_batch0_all_frames.pt
  1903. /blue/shiboli.fsu/yifeisun.umich/adversarial_robustness_FNO/2D_NS_FNO2d_recurrent/datasets/exponax_datasets/t20/generalizability/dim2d_nx256_N10_solver=exponax_nu0.000_t20.0_test_ntimepoints21_GRF_rq_length_scale0.200_variance1.000_alpha1.500_vmax-1_vmin-1.5_batch0_all_frames.pt
  1904. /blue/shiboli.fsu/yifeisun.umich/adversarial_robustness_FNO/2D_NS_FNO2d_recurrent/datasets/exponax_datasets/t20/generalizability/dim2d_nx256_N10_solver=exponax_nu0.000_t20.0_test_ntimepoints21_GRF_rq_length_scale0.200_variance1.000_alpha1.500_vmax0.4_vmin-0.4_batch0_all_frames.pt
  1905. /blue/shiboli.fsu/yifeisun.umich/adversarial_robustness_FNO/2D_NS_FNO2d_recurrent/datasets/exponax_datasets/t20/generalizability/dim2d_nx256_N10_solver=exponax_nu0.000_t20.0_test_ntimepoints21_GRF_rq_length_scale0.200_variance1.000_alpha1.500_vmax0_vmin-1_batch0_all_frames.pt
  1906. /blue/shiboli.fsu/yifeisun.umich/adversarial_robustness_FNO/2D_NS_FNO2d_recurrent/datasets/exponax_datasets/t20/generalizability/dim2d_nx256_N10_solver=exponax_nu0.000_t20.0_test_ntimepoints21_GRF_rq_length_scale0.200_variance1.000_alpha1.500_vmax1.5_vmin1_batch0_all_frames.pt
  1907. /blue/shiboli.fsu/yifeisun.umich/adversarial_robustness_FNO/2D_NS_FNO2d_recurrent/datasets/exponax_datasets/t20/generalizability/dim2d_nx256_N10_solver=exponax_nu0.000_t20.0_test_ntimepoints21_GRF_rq_length_scale0.200_variance1.000_alpha1.500_vmax1_vmin-1_batch0_all_frames.pt
  1908. /blue/shiboli.fsu/yifeisun.umich/adversarial_robustness_FNO/2D_NS_FNO2d_recurrent/datasets/exponax_datasets/t20/generalizability/dim2d_nx256_N10_solver=exponax_nu0.000_t20.0_test_ntimepoints21_GRF_rq_length_scale0.200_variance1.000_alpha1.500_vmax1_vmin0_batch0_all_frames.pt
  1909. /blue/shiboli.fsu/yifeisun.umich/adversarial_robustness_FNO/2D_NS_FNO2d_recurrent/datasets/exponax_datasets/t20/generalizability/dim2d_nx256_N10_solver=exponax_nu0.000_t20.0_test_ntimepoints21_GRF_rq_length_scale0.200_variance1.000_alpha1.700_vmax-1_vmin-1.5_batch0_all_frames.pt
  1910. /blue/shiboli.fsu/yifeisun.umich/adversarial_robustness_FNO/2D_NS_FNO2d_recurrent/datasets/exponax_datasets/t20/generalizability/dim2d_nx256_N10_solver=exponax_nu0.000_t20.0_test_ntimepoints21_GRF_rq_length_scale0.200_variance1.000_alpha1.700_vmax0.4_vmin-0.4_batch0_all_frames.pt
  1911. /blue/shiboli.fsu/yifeisun.umich/adversarial_robustness_FNO/2D_NS_FNO2d_recurrent/datasets/exponax_datasets/t20/generalizability/dim2d_nx256_N10_solver=exponax_nu0.000_t20.0_test_ntimepoints21_GRF_rq_length_scale0.200_variance1.000_alpha1.700_vmax0_vmin-1_batch0_all_frames.pt
  1912. /blue/shiboli.fsu/yifeisun.umich/adversarial_robustness_FNO/2D_NS_FNO2d_recurrent/datasets/exponax_datasets/t20/generalizability/dim2d_nx256_N10_solver=exponax_nu0.000_t20.0_test_ntimepoints21_GRF_rq_length_scale0.200_variance1.000_alpha1.700_vmax1.5_vmin1_batch0_all_frames.pt
  1913. /blue/shiboli.fsu/yifeisun.umich/adversarial_robustness_FNO/2D_NS_FNO2d_recurrent/datasets/exponax_datasets/t20/generalizability/dim2d_nx256_N10_solver=exponax_nu0.000_t20.0_test_ntimepoints21_GRF_rq_length_scale0.200_variance1.000_alpha1.700_vmax1_vmin-1_batch0_all_frames.pt
  1914. /blue/shiboli.fsu/yifeisun.umich/adversarial_robustness_FNO/2D_NS_FNO2d_recurrent/datasets/exponax_datasets/t20/generalizability/dim2d_nx256_N10_solver=exponax_nu0.000_t20.0_test_ntimepoints21_GRF_rq_length_scale0.200_variance1.000_alpha1.700_vmax1_vmin0_batch0_all_frames.pt
  1915. /blue/shiboli.fsu/yifeisun.umich/adversarial_robustness_FNO/2D_NS_FNO2d_recurrent/datasets/exponax_datasets/t20/generalizability/dim2d_nx256_N10_solver=exponax_nu0.000_t20.0_test_ntimepoints21_GRF_rq_length_scale0.200_variance1.700_alpha0.750_vmax-1_vmin-1.5_batch0_all_frames.pt
  1916. /blue/shiboli.fsu/yifeisun.umich/adversarial_robustness_FNO/2D_NS_FNO2d_recurrent/datasets/exponax_datasets/t20/generalizability/dim2d_nx256_N10_solver=exponax_nu0.000_t20.0_test_ntimepoints21_GRF_rq_length_scale0.200_variance1.700_alpha0.750_vmax0.4_vmin-0.4_batch0_all_frames.pt
  1917. /blue/shiboli.fsu/yifeisun.umich/adversarial_robustness_FNO/2D_NS_FNO2d_recurrent/datasets/exponax_datasets/t20/generalizability/dim2d_nx256_N10_solver=exponax_nu0.000_t20.0_test_ntimepoints21_GRF_rq_length_scale0.200_variance1.700_alpha0.750_vmax0_vmin-1_batch0_all_frames.pt
  1918. /blue/shiboli.fsu/yifeisun.umich/adversarial_robustness_FNO/2D_NS_FNO2d_recurrent/datasets/exponax_datasets/t20/generalizability/dim2d_nx256_N10_solver=exponax_nu0.000_t20.0_test_ntimepoints21_GRF_rq_length_scale0.200_variance1.700_alpha0.750_vmax1.5_vmin1_batch0_all_frames.pt
  1919. /blue/shiboli.fsu/yifeisun.umich/adversarial_robustness_FNO/2D_NS_FNO2d_recurrent/datasets/exponax_datasets/t20/generalizability/dim2d_nx256_N10_solver=exponax_nu0.000_t20.0_test_ntimepoints21_GRF_rq_length_scale0.200_variance1.700_alpha0.750_vmax1_vmin-1_batch0_all_frames.pt
  1920. /blue/shiboli.fsu/yifeisun.umich/adversarial_robustness_FNO/2D_NS_FNO2d_recurrent/datasets/exponax_datasets/t20/generalizability/dim2d_nx256_N10_solver=exponax_nu0.000_t20.0_test_ntimepoints21_GRF_rq_length_scale0.200_variance1.700_alpha0.750_vmax1_vmin0_batch0_all_frames.pt
  1921. /blue/shiboli.fsu/yifeisun.umich/adversarial_robustness_FNO/2D_NS_FNO2d_recurrent/datasets/exponax_datasets/t20/generalizability/dim2d_nx256_N10_solver=exponax_nu0.000_t20.0_test_ntimepoints21_GRF_rq_length_scale0.200_variance1.700_alpha1.000_vmax-1_vmin-1.5_batch0_all_frames.pt
  1922. /blue/shiboli.fsu/yifeisun.umich/adversarial_robustness_FNO/2D_NS_FNO2d_recurrent/datasets/exponax_datasets/t20/generalizability/dim2d_nx256_N10_solver=exponax_nu0.000_t20.0_test_ntimepoints21_GRF_rq_length_scale0.200_variance1.700_alpha1.000_vmax0.4_vmin-0.4_batch0_all_frames.pt
  1923. /blue/shiboli.fsu/yifeisun.umich/adversarial_robustness_FNO/2D_NS_FNO2d_recurrent/datasets/exponax_datasets/t20/generalizability/dim2d_nx256_N10_solver=exponax_nu0.000_t20.0_test_ntimepoints21_GRF_rq_length_scale0.200_variance1.700_alpha1.000_vmax0_vmin-1_batch0_all_frames.pt
  1924. /blue/shiboli.fsu/yifeisun.umich/adversarial_robustness_FNO/2D_NS_FNO2d_recurrent/datasets/exponax_datasets/t20/generalizability/dim2d_nx256_N10_solver=exponax_nu0.000_t20.0_test_ntimepoints21_GRF_rq_length_scale0.200_variance1.700_alpha1.000_vmax1.5_vmin1_batch0_all_frames.pt
  1925. /blue/shiboli.fsu/yifeisun.umich/adversarial_robustness_FNO/2D_NS_FNO2d_recurrent/datasets/exponax_datasets/t20/generalizability/dim2d_nx256_N10_solver=exponax_nu0.000_t20.0_test_ntimepoints21_GRF_rq_length_scale0.200_variance1.700_alpha1.000_vmax1_vmin-1_batch0_all_frames.pt
  1926. /blue/shiboli.fsu/yifeisun.umich/adversarial_robustness_FNO/2D_NS_FNO2d_recurrent/datasets/exponax_datasets/t20/generalizability/dim2d_nx256_N10_solver=exponax_nu0.000_t20.0_test_ntimepoints21_GRF_rq_length_scale0.200_variance1.700_alpha1.000_vmax1_vmin0_batch0_all_frames.pt
  1927. /blue/shiboli.fsu/yifeisun.umich/adversarial_robustness_FNO/2D_NS_FNO2d_recurrent/datasets/exponax_datasets/t20/generalizability/dim2d_nx256_N10_solver=exponax_nu0.000_t20.0_test_ntimepoints21_GRF_rq_length_scale0.200_variance1.700_alpha1.500_vmax-1_vmin-1.5_batch0_all_frames.pt
  1928. /blue/shiboli.fsu/yifeisun.umich/adversarial_robustness_FNO/2D_NS_FNO2d_recurrent/datasets/exponax_datasets/t20/generalizability/dim2d_nx256_N10_solver=exponax_nu0.000_t20.0_test_ntimepoints21_GRF_rq_length_scale0.200_variance1.700_alpha1.500_vmax0.4_vmin-0.4_batch0_all_frames.pt
  1929. /blue/shiboli.fsu/yifeisun.umich/adversarial_robustness_FNO/2D_NS_FNO2d_recurrent/datasets/exponax_datasets/t20/generalizability/dim2d_nx256_N10_solver=exponax_nu0.000_t20.0_test_ntimepoints21_GRF_rq_length_scale0.200_variance1.700_alpha1.500_vmax0_vmin-1_batch0_all_frames.pt
  1930. /blue/shiboli.fsu/yifeisun.umich/adversarial_robustness_FNO/2D_NS_FNO2d_recurrent/datasets/exponax_datasets/t20/generalizability/dim2d_nx256_N10_solver=exponax_nu0.000_t20.0_test_ntimepoints21_GRF_rq_length_scale0.200_variance1.700_alpha1.500_vmax1.5_vmin1_batch0_all_frames.pt
  1931. /blue/shiboli.fsu/yifeisun.umich/adversarial_robustness_FNO/2D_NS_FNO2d_recurrent/datasets/exponax_datasets/t20/generalizability/dim2d_nx256_N10_solver=exponax_nu0.000_t20.0_test_ntimepoints21_GRF_rq_length_scale0.200_variance1.700_alpha1.500_vmax1_vmin-1_batch0_all_frames.pt
  1932. /blue/shiboli.fsu/yifeisun.umich/adversarial_robustness_FNO/2D_NS_FNO2d_recurrent/datasets/exponax_datasets/t20/generalizability/dim2d_nx256_N10_solver=exponax_nu0.000_t20.0_test_ntimepoints21_GRF_rq_length_scale0.200_variance1.700_alpha1.500_vmax1_vmin0_batch0_all_frames.pt
  1933. /blue/shiboli.fsu/yifeisun.umich/adversarial_robustness_FNO/2D_NS_FNO2d_recurrent/datasets/exponax_datasets/t20/generalizability/dim2d_nx256_N10_solver=exponax_nu0.000_t20.0_test_ntimepoints21_GRF_rq_length_scale0.200_variance1.700_alpha1.700_vmax-1_vmin-1.5_batch0_all_frames.pt
  1934. /blue/shiboli.fsu/yifeisun.umich/adversarial_robustness_FNO/2D_NS_FNO2d_recurrent/datasets/exponax_datasets/t20/generalizability/dim2d_nx256_N10_solver=exponax_nu0.000_t20.0_test_ntimepoints21_GRF_rq_length_scale0.200_variance1.700_alpha1.700_vmax0.4_vmin-0.4_batch0_all_frames.pt
  1935. /blue/shiboli.fsu/yifeisun.umich/adversarial_robustness_FNO/2D_NS_FNO2d_recurrent/datasets/exponax_datasets/t20/generalizability/dim2d_nx256_N10_solver=exponax_nu0.000_t20.0_test_ntimepoints21_GRF_rq_length_scale0.200_variance1.700_alpha1.700_vmax0_vmin-1_batch0_all_frames.pt
  1936. /blue/shiboli.fsu/yifeisun.umich/adversarial_robustness_FNO/2D_NS_FNO2d_recurrent/datasets/exponax_datasets/t20/generalizability/dim2d_nx256_N10_solver=exponax_nu0.000_t20.0_test_ntimepoints21_GRF_rq_length_scale0.200_variance1.700_alpha1.700_vmax1.5_vmin1_batch0_all_frames.pt
  1937. /blue/shiboli.fsu/yifeisun.umich/adversarial_robustness_FNO/2D_NS_FNO2d_recurrent/datasets/exponax_datasets/t20/generalizability/dim2d_nx256_N10_solver=exponax_nu0.000_t20.0_test_ntimepoints21_GRF_rq_length_scale0.200_variance1.700_alpha1.700_vmax1_vmin-1_batch0_all_frames.pt
  1938. /blue/shiboli.fsu/yifeisun.umich/adversarial_robustness_FNO/2D_NS_FNO2d_recurrent/datasets/exponax_datasets/t20/generalizability/dim2d_nx256_N10_solver=exponax_nu0.000_t20.0_test_ntimepoints21_GRF_rq_length_scale0.200_variance1.700_alpha1.700_vmax1_vmin0_batch0_all_frames.pt
  1939. /blue/shiboli.fsu/yifeisun.umich/adversarial_robustness_FNO/2D_NS_FNO2d_recurrent/datasets/exponax_datasets/t20/generalizability/dim2d_nx256_N10_solver=exponax_nu0.000_t20.0_test_ntimepoints21_LogGRF_matern_alpha1.500_tau11_exp_factor2.500_vmax-1_vmin-1.5_batch0_all_frames.pt
  1940. /blue/shiboli.fsu/yifeisun.umich/adversarial_robustness_FNO/2D_NS_FNO2d_recurrent/datasets/exponax_datasets/t20/generalizability/dim2d_nx256_N10_solver=exponax_nu0.000_t20.0_test_ntimepoints21_LogGRF_matern_alpha1.500_tau11_exp_factor2.500_vmax0.4_vmin-0.4_batch0_all_frames.pt
  1941. /blue/shiboli.fsu/yifeisun.umich/adversarial_robustness_FNO/2D_NS_FNO2d_recurrent/datasets/exponax_datasets/t20/generalizability/dim2d_nx256_N10_solver=exponax_nu0.000_t20.0_test_ntimepoints21_LogGRF_matern_alpha1.500_tau11_exp_factor2.500_vmax0_vmin-1_batch0_all_frames.pt
  1942. /blue/shiboli.fsu/yifeisun.umich/adversarial_robustness_FNO/2D_NS_FNO2d_recurrent/datasets/exponax_datasets/t20/generalizability/dim2d_nx256_N10_solver=exponax_nu0.000_t20.0_test_ntimepoints21_LogGRF_matern_alpha1.500_tau11_exp_factor2.500_vmax1.5_vmin1_batch0_all_frames.pt
  1943. /blue/shiboli.fsu/yifeisun.umich/adversarial_robustness_FNO/2D_NS_FNO2d_recurrent/datasets/exponax_datasets/t20/generalizability/dim2d_nx256_N10_solver=exponax_nu0.000_t20.0_test_ntimepoints21_LogGRF_matern_alpha1.500_tau11_exp_factor2.500_vmax1_vmin-1_batch0_all_frames.pt
  1944. /blue/shiboli.fsu/yifeisun.umich/adversarial_robustness_FNO/2D_NS_FNO2d_recurrent/datasets/exponax_datasets/t20/generalizability/dim2d_nx256_N10_solver=exponax_nu0.000_t20.0_test_ntimepoints21_LogGRF_matern_alpha1.500_tau11_exp_factor2.500_vmax1_vmin0_batch0_all_frames.pt
  1945. /blue/shiboli.fsu/yifeisun.umich/adversarial_robustness_FNO/2D_NS_FNO2d_recurrent/datasets/exponax_datasets/t20/generalizability/dim2d_nx256_N10_solver=exponax_nu0.000_t20.0_test_ntimepoints21_LogGRF_matern_alpha1.500_tau15_exp_factor2.500_vmax-1_vmin-1.5_batch0_all_frames.pt
  1946. /blue/shiboli.fsu/yifeisun.umich/adversarial_robustness_FNO/2D_NS_FNO2d_recurrent/datasets/exponax_datasets/t20/generalizability/dim2d_nx256_N10_solver=exponax_nu0.000_t20.0_test_ntimepoints21_LogGRF_matern_alpha1.500_tau15_exp_factor2.500_vmax0.4_vmin-0.4_batch0_all_frames.pt
  1947. /blue/shiboli.fsu/yifeisun.umich/adversarial_robustness_FNO/2D_NS_FNO2d_recurrent/datasets/exponax_datasets/t20/generalizability/dim2d_nx256_N10_solver=exponax_nu0.000_t20.0_test_ntimepoints21_LogGRF_matern_alpha1.500_tau15_exp_factor2.500_vmax0_vmin-1_batch0_all_frames.pt
  1948. /blue/shiboli.fsu/yifeisun.umich/adversarial_robustness_FNO/2D_NS_FNO2d_recurrent/datasets/exponax_datasets/t20/generalizability/dim2d_nx256_N10_solver=exponax_nu0.000_t20.0_test_ntimepoints21_LogGRF_matern_alpha1.500_tau15_exp_factor2.500_vmax1.5_vmin1_batch0_all_frames.pt
  1949. /blue/shiboli.fsu/yifeisun.umich/adversarial_robustness_FNO/2D_NS_FNO2d_recurrent/datasets/exponax_datasets/t20/generalizability/dim2d_nx256_N10_solver=exponax_nu0.000_t20.0_test_ntimepoints21_LogGRF_matern_alpha1.500_tau15_exp_factor2.500_vmax1_vmin-1_batch0_all_frames.pt
  1950. /blue/shiboli.fsu/yifeisun.umich/adversarial_robustness_FNO/2D_NS_FNO2d_recurrent/datasets/exponax_datasets/t20/generalizability/dim2d_nx256_N10_solver=exponax_nu0.000_t20.0_test_ntimepoints21_LogGRF_matern_alpha1.500_tau15_exp_factor2.500_vmax1_vmin0_batch0_all_frames.pt
  1951. /blue/shiboli.fsu/yifeisun.umich/adversarial_robustness_FNO/2D_NS_FNO2d_recurrent/datasets/exponax_datasets/t20/generalizability/dim2d_nx256_N10_solver=exponax_nu0.000_t20.0_test_ntimepoints21_LogGRF_matern_alpha1.500_tau1_exp_factor2.500_vmax-1_vmin-1.5_batch0_all_frames.pt
  1952. /blue/shiboli.fsu/yifeisun.umich/adversarial_robustness_FNO/2D_NS_FNO2d_recurrent/datasets/exponax_datasets/t20/generalizability/dim2d_nx256_N10_solver=exponax_nu0.000_t20.0_test_ntimepoints21_LogGRF_matern_alpha1.500_tau1_exp_factor2.500_vmax0.4_vmin-0.4_batch0_all_frames.pt
  1953. /blue/shiboli.fsu/yifeisun.umich/adversarial_robustness_FNO/2D_NS_FNO2d_recurrent/datasets/exponax_datasets/t20/generalizability/dim2d_nx256_N10_solver=exponax_nu0.000_t20.0_test_ntimepoints21_LogGRF_matern_alpha1.500_tau1_exp_factor2.500_vmax0_vmin-1_batch0_all_frames.pt
  1954. /blue/shiboli.fsu/yifeisun.umich/adversarial_robustness_FNO/2D_NS_FNO2d_recurrent/datasets/exponax_datasets/t20/generalizability/dim2d_nx256_N10_solver=exponax_nu0.000_t20.0_test_ntimepoints21_LogGRF_matern_alpha1.500_tau1_exp_factor2.500_vmax1.5_vmin1_batch0_all_frames.pt
  1955. /blue/shiboli.fsu/yifeisun.umich/adversarial_robustness_FNO/2D_NS_FNO2d_recurrent/datasets/exponax_datasets/t20/generalizability/dim2d_nx256_N10_solver=exponax_nu0.000_t20.0_test_ntimepoints21_LogGRF_matern_alpha1.500_tau1_exp_factor2.500_vmax1_vmin-1_batch0_all_frames.pt
  1956. /blue/shiboli.fsu/yifeisun.umich/adversarial_robustness_FNO/2D_NS_FNO2d_recurrent/datasets/exponax_datasets/t20/generalizability/dim2d_nx256_N10_solver=exponax_nu0.000_t20.0_test_ntimepoints21_LogGRF_matern_alpha1.500_tau1_exp_factor2.500_vmax1_vmin0_batch0_all_frames.pt
  1957. /blue/shiboli.fsu/yifeisun.umich/adversarial_robustness_FNO/2D_NS_FNO2d_recurrent/datasets/exponax_datasets/t20/generalizability/dim2d_nx256_N10_solver=exponax_nu0.000_t20.0_test_ntimepoints21_LogGRF_matern_alpha1.500_tau3_exp_factor2.500_vmax-1_vmin-1.5_batch0_all_frames.pt
  1958. /blue/shiboli.fsu/yifeisun.umich/adversarial_robustness_FNO/2D_NS_FNO2d_recurrent/datasets/exponax_datasets/t20/generalizability/dim2d_nx256_N10_solver=exponax_nu0.000_t20.0_test_ntimepoints21_LogGRF_matern_alpha1.500_tau3_exp_factor2.500_vmax0.4_vmin-0.4_batch0_all_frames.pt
  1959. /blue/shiboli.fsu/yifeisun.umich/adversarial_robustness_FNO/2D_NS_FNO2d_recurrent/datasets/exponax_datasets/t20/generalizability/dim2d_nx256_N10_solver=exponax_nu0.000_t20.0_test_ntimepoints21_LogGRF_matern_alpha1.500_tau3_exp_factor2.500_vmax0_vmin-1_batch0_all_frames.pt
  1960. /blue/shiboli.fsu/yifeisun.umich/adversarial_robustness_FNO/2D_NS_FNO2d_recurrent/datasets/exponax_datasets/t20/generalizability/dim2d_nx256_N10_solver=exponax_nu0.000_t20.0_test_ntimepoints21_LogGRF_matern_alpha1.500_tau3_exp_factor2.500_vmax1.5_vmin1_batch0_all_frames.pt
  1961. /blue/shiboli.fsu/yifeisun.umich/adversarial_robustness_FNO/2D_NS_FNO2d_recurrent/datasets/exponax_datasets/t20/generalizability/dim2d_nx256_N10_solver=exponax_nu0.000_t20.0_test_ntimepoints21_LogGRF_matern_alpha1.500_tau3_exp_factor2.500_vmax1_vmin-1_batch0_all_frames.pt
  1962. /blue/shiboli.fsu/yifeisun.umich/adversarial_robustness_FNO/2D_NS_FNO2d_recurrent/datasets/exponax_datasets/t20/generalizability/dim2d_nx256_N10_solver=exponax_nu0.000_t20.0_test_ntimepoints21_LogGRF_matern_alpha1.500_tau3_exp_factor2.500_vmax1_vmin0_batch0_all_frames.pt
  1963. /blue/shiboli.fsu/yifeisun.umich/adversarial_robustness_FNO/2D_NS_FNO2d_recurrent/datasets/exponax_datasets/t20/generalizability/dim2d_nx256_N10_solver=exponax_nu0.000_t20.0_test_ntimepoints21_LogGRF_matern_alpha1.500_tau7_exp_factor2.500_vmax-1_vmin-1.5_batch0_all_frames.pt
  1964. /blue/shiboli.fsu/yifeisun.umich/adversarial_robustness_FNO/2D_NS_FNO2d_recurrent/datasets/exponax_datasets/t20/generalizability/dim2d_nx256_N10_solver=exponax_nu0.000_t20.0_test_ntimepoints21_LogGRF_matern_alpha1.500_tau7_exp_factor2.500_vmax0.4_vmin-0.4_batch0_all_frames.pt
  1965. /blue/shiboli.fsu/yifeisun.umich/adversarial_robustness_FNO/2D_NS_FNO2d_recurrent/datasets/exponax_datasets/t20/generalizability/dim2d_nx256_N10_solver=exponax_nu0.000_t20.0_test_ntimepoints21_LogGRF_matern_alpha1.500_tau7_exp_factor2.500_vmax0_vmin-1_batch0_all_frames.pt
  1966. /blue/shiboli.fsu/yifeisun.umich/adversarial_robustness_FNO/2D_NS_FNO2d_recurrent/datasets/exponax_datasets/t20/generalizability/dim2d_nx256_N10_solver=exponax_nu0.000_t20.0_test_ntimepoints21_LogGRF_matern_alpha1.500_tau7_exp_factor2.500_vmax1.5_vmin1_batch0_all_frames.pt
  1967. /blue/shiboli.fsu/yifeisun.umich/adversarial_robustness_FNO/2D_NS_FNO2d_recurrent/datasets/exponax_datasets/t20/generalizability/dim2d_nx256_N10_solver=exponax_nu0.000_t20.0_test_ntimepoints21_LogGRF_matern_alpha1.500_tau7_exp_factor2.500_vmax1_vmin-1_batch0_all_frames.pt
  1968. /blue/shiboli.fsu/yifeisun.umich/adversarial_robustness_FNO/2D_NS_FNO2d_recurrent/datasets/exponax_datasets/t20/generalizability/dim2d_nx256_N10_solver=exponax_nu0.000_t20.0_test_ntimepoints21_LogGRF_matern_alpha1.500_tau7_exp_factor2.500_vmax1_vmin0_batch0_all_frames.pt
  1969. /blue/shiboli.fsu/yifeisun.umich/adversarial_robustness_FNO/2D_NS_FNO2d_recurrent/datasets/exponax_datasets/t20/generalizability/dim2d_nx256_N10_solver=exponax_nu0.000_t20.0_test_ntimepoints21_LogGRF_matern_alpha2.500_tau11_exp_factor2.500_vmax-1_vmin-1.5_batch0_all_frames.pt
  1970. /blue/shiboli.fsu/yifeisun.umich/adversarial_robustness_FNO/2D_NS_FNO2d_recurrent/datasets/exponax_datasets/t20/generalizability/dim2d_nx256_N10_solver=exponax_nu0.000_t20.0_test_ntimepoints21_LogGRF_matern_alpha2.500_tau11_exp_factor2.500_vmax0.4_vmin-0.4_batch0_all_frames.pt
  1971. /blue/shiboli.fsu/yifeisun.umich/adversarial_robustness_FNO/2D_NS_FNO2d_recurrent/datasets/exponax_datasets/t20/generalizability/dim2d_nx256_N10_solver=exponax_nu0.000_t20.0_test_ntimepoints21_LogGRF_matern_alpha2.500_tau11_exp_factor2.500_vmax0_vmin-1_batch0_all_frames.pt
  1972. /blue/shiboli.fsu/yifeisun.umich/adversarial_robustness_FNO/2D_NS_FNO2d_recurrent/datasets/exponax_datasets/t20/generalizability/dim2d_nx256_N10_solver=exponax_nu0.000_t20.0_test_ntimepoints21_LogGRF_matern_alpha2.500_tau11_exp_factor2.500_vmax1.5_vmin1_batch0_all_frames.pt
  1973. /blue/shiboli.fsu/yifeisun.umich/adversarial_robustness_FNO/2D_NS_FNO2d_recurrent/datasets/exponax_datasets/t20/generalizability/dim2d_nx256_N10_solver=exponax_nu0.000_t20.0_test_ntimepoints21_LogGRF_matern_alpha2.500_tau11_exp_factor2.500_vmax1_vmin-1_batch0_all_frames.pt
  1974. /blue/shiboli.fsu/yifeisun.umich/adversarial_robustness_FNO/2D_NS_FNO2d_recurrent/datasets/exponax_datasets/t20/generalizability/dim2d_nx256_N10_solver=exponax_nu0.000_t20.0_test_ntimepoints21_LogGRF_matern_alpha2.500_tau11_exp_factor2.500_vmax1_vmin0_batch0_all_frames.pt
  1975. /blue/shiboli.fsu/yifeisun.umich/adversarial_robustness_FNO/2D_NS_FNO2d_recurrent/datasets/exponax_datasets/t20/generalizability/dim2d_nx256_N10_solver=exponax_nu0.000_t20.0_test_ntimepoints21_LogGRF_matern_alpha2.500_tau15_exp_factor2.500_vmax-1_vmin-1.5_batch0_all_frames.pt
  1976. /blue/shiboli.fsu/yifeisun.umich/adversarial_robustness_FNO/2D_NS_FNO2d_recurrent/datasets/exponax_datasets/t20/generalizability/dim2d_nx256_N10_solver=exponax_nu0.000_t20.0_test_ntimepoints21_LogGRF_matern_alpha2.500_tau15_exp_factor2.500_vmax0.4_vmin-0.4_batch0_all_frames.pt
  1977. /blue/shiboli.fsu/yifeisun.umich/adversarial_robustness_FNO/2D_NS_FNO2d_recurrent/datasets/exponax_datasets/t20/generalizability/dim2d_nx256_N10_solver=exponax_nu0.000_t20.0_test_ntimepoints21_LogGRF_matern_alpha2.500_tau15_exp_factor2.500_vmax0_vmin-1_batch0_all_frames.pt
  1978. /blue/shiboli.fsu/yifeisun.umich/adversarial_robustness_FNO/2D_NS_FNO2d_recurrent/datasets/exponax_datasets/t20/generalizability/dim2d_nx256_N10_solver=exponax_nu0.000_t20.0_test_ntimepoints21_LogGRF_matern_alpha2.500_tau15_exp_factor2.500_vmax1.5_vmin1_batch0_all_frames.pt
  1979. /blue/shiboli.fsu/yifeisun.umich/adversarial_robustness_FNO/2D_NS_FNO2d_recurrent/datasets/exponax_datasets/t20/generalizability/dim2d_nx256_N10_solver=exponax_nu0.000_t20.0_test_ntimepoints21_LogGRF_matern_alpha2.500_tau15_exp_factor2.500_vmax1_vmin-1_batch0_all_frames.pt
  1980. /blue/shiboli.fsu/yifeisun.umich/adversarial_robustness_FNO/2D_NS_FNO2d_recurrent/datasets/exponax_datasets/t20/generalizability/dim2d_nx256_N10_solver=exponax_nu0.000_t20.0_test_ntimepoints21_LogGRF_matern_alpha2.500_tau15_exp_factor2.500_vmax1_vmin0_batch0_all_frames.pt
  1981. /blue/shiboli.fsu/yifeisun.umich/adversarial_robustness_FNO/2D_NS_FNO2d_recurrent/datasets/exponax_datasets/t20/generalizability/dim2d_nx256_N10_solver=exponax_nu0.000_t20.0_test_ntimepoints21_LogGRF_matern_alpha2.500_tau1_exp_factor2.500_vmax-1_vmin-1.5_batch0_all_frames.pt
  1982. /blue/shiboli.fsu/yifeisun.umich/adversarial_robustness_FNO/2D_NS_FNO2d_recurrent/datasets/exponax_datasets/t20/generalizability/dim2d_nx256_N10_solver=exponax_nu0.000_t20.0_test_ntimepoints21_LogGRF_matern_alpha2.500_tau1_exp_factor2.500_vmax0.4_vmin-0.4_batch0_all_frames.pt
  1983. /blue/shiboli.fsu/yifeisun.umich/adversarial_robustness_FNO/2D_NS_FNO2d_recurrent/datasets/exponax_datasets/t20/generalizability/dim2d_nx256_N10_solver=exponax_nu0.000_t20.0_test_ntimepoints21_LogGRF_matern_alpha2.500_tau1_exp_factor2.500_vmax0_vmin-1_batch0_all_frames.pt
  1984. /blue/shiboli.fsu/yifeisun.umich/adversarial_robustness_FNO/2D_NS_FNO2d_recurrent/datasets/exponax_datasets/t20/generalizability/dim2d_nx256_N10_solver=exponax_nu0.000_t20.0_test_ntimepoints21_LogGRF_matern_alpha2.500_tau1_exp_factor2.500_vmax1.5_vmin1_batch0_all_frames.pt
  1985. /blue/shiboli.fsu/yifeisun.umich/adversarial_robustness_FNO/2D_NS_FNO2d_recurrent/datasets/exponax_datasets/t20/generalizability/dim2d_nx256_N10_solver=exponax_nu0.000_t20.0_test_ntimepoints21_LogGRF_matern_alpha2.500_tau1_exp_factor2.500_vmax1_vmin-1_batch0_all_frames.pt
  1986. /blue/shiboli.fsu/yifeisun.umich/adversarial_robustness_FNO/2D_NS_FNO2d_recurrent/datasets/exponax_datasets/t20/generalizability/dim2d_nx256_N10_solver=exponax_nu0.000_t20.0_test_ntimepoints21_LogGRF_matern_alpha2.500_tau1_exp_factor2.500_vmax1_vmin0_batch0_all_frames.pt
  1987. /blue/shiboli.fsu/yifeisun.umich/adversarial_robustness_FNO/2D_NS_FNO2d_recurrent/datasets/exponax_datasets/t20/generalizability/dim2d_nx256_N10_solver=exponax_nu0.000_t20.0_test_ntimepoints21_LogGRF_matern_alpha2.500_tau3_exp_factor2.500_vmax-1_vmin-1.5_batch0_all_frames.pt
  1988. /blue/shiboli.fsu/yifeisun.umich/adversarial_robustness_FNO/2D_NS_FNO2d_recurrent/datasets/exponax_datasets/t20/generalizability/dim2d_nx256_N10_solver=exponax_nu0.000_t20.0_test_ntimepoints21_LogGRF_matern_alpha2.500_tau3_exp_factor2.500_vmax0.4_vmin-0.4_batch0_all_frames.pt
  1989. /blue/shiboli.fsu/yifeisun.umich/adversarial_robustness_FNO/2D_NS_FNO2d_recurrent/datasets/exponax_datasets/t20/generalizability/dim2d_nx256_N10_solver=exponax_nu0.000_t20.0_test_ntimepoints21_LogGRF_matern_alpha2.500_tau3_exp_factor2.500_vmax0_vmin-1_batch0_all_frames.pt
  1990. /blue/shiboli.fsu/yifeisun.umich/adversarial_robustness_FNO/2D_NS_FNO2d_recurrent/datasets/exponax_datasets/t20/generalizability/dim2d_nx256_N10_solver=exponax_nu0.000_t20.0_test_ntimepoints21_LogGRF_matern_alpha2.500_tau3_exp_factor2.500_vmax1.5_vmin1_batch0_all_frames.pt
  1991. /blue/shiboli.fsu/yifeisun.umich/adversarial_robustness_FNO/2D_NS_FNO2d_recurrent/datasets/exponax_datasets/t20/generalizability/dim2d_nx256_N10_solver=exponax_nu0.000_t20.0_test_ntimepoints21_LogGRF_matern_alpha2.500_tau3_exp_factor2.500_vmax1_vmin-1_batch0_all_frames.pt
  1992. /blue/shiboli.fsu/yifeisun.umich/adversarial_robustness_FNO/2D_NS_FNO2d_recurrent/datasets/exponax_datasets/t20/generalizability/dim2d_nx256_N10_solver=exponax_nu0.000_t20.0_test_ntimepoints21_LogGRF_matern_alpha2.500_tau3_exp_factor2.500_vmax1_vmin0_batch0_all_frames.pt
  1993. /blue/shiboli.fsu/yifeisun.umich/adversarial_robustness_FNO/2D_NS_FNO2d_recurrent/datasets/exponax_datasets/t20/generalizability/dim2d_nx256_N10_solver=exponax_nu0.000_t20.0_test_ntimepoints21_LogGRF_matern_alpha2.500_tau7_exp_factor2.500_vmax-1_vmin-1.5_batch0_all_frames.pt
  1994. /blue/shiboli.fsu/yifeisun.umich/adversarial_robustness_FNO/2D_NS_FNO2d_recurrent/datasets/exponax_datasets/t20/generalizability/dim2d_nx256_N10_solver=exponax_nu0.000_t20.0_test_ntimepoints21_LogGRF_matern_alpha2.500_tau7_exp_factor2.500_vmax0.4_vmin-0.4_batch0_all_frames.pt
  1995. /blue/shiboli.fsu/yifeisun.umich/adversarial_robustness_FNO/2D_NS_FNO2d_recurrent/datasets/exponax_datasets/t20/generalizability/dim2d_nx256_N10_solver=exponax_nu0.000_t20.0_test_ntimepoints21_LogGRF_matern_alpha2.500_tau7_exp_factor2.500_vmax0_vmin-1_batch0_all_frames.pt
  1996. /blue/shiboli.fsu/yifeisun.umich/adversarial_robustness_FNO/2D_NS_FNO2d_recurrent/datasets/exponax_datasets/t20/generalizability/dim2d_nx256_N10_solver=exponax_nu0.000_t20.0_test_ntimepoints21_LogGRF_matern_alpha2.500_tau7_exp_factor2.500_vmax1.5_vmin1_batch0_all_frames.pt
  1997. /blue/shiboli.fsu/yifeisun.umich/adversarial_robustness_FNO/2D_NS_FNO2d_recurrent/datasets/exponax_datasets/t20/generalizability/dim2d_nx256_N10_solver=exponax_nu0.000_t20.0_test_ntimepoints21_LogGRF_matern_alpha2.500_tau7_exp_factor2.500_vmax1_vmin-1_batch0_all_frames.pt
  1998. /blue/shiboli.fsu/yifeisun.umich/adversarial_robustness_FNO/2D_NS_FNO2d_recurrent/datasets/exponax_datasets/t20/generalizability/dim2d_nx256_N10_solver=exponax_nu0.000_t20.0_test_ntimepoints21_LogGRF_matern_alpha2.500_tau7_exp_factor2.500_vmax1_vmin0_batch0_all_frames.pt
  1999. /blue/shiboli.fsu/yifeisun.umich/adversarial_robustness_FNO/2D_NS_FNO2d_recurrent/datasets/exponax_datasets/t20/generalizability/dim2d_nx256_N10_solver=exponax_nu0.000_t20.0_test_ntimepoints21_LogGRF_matern_alpha2_tau11_exp_factor2.500_vmax-1_vmin-1.5_batch0_all_frames.pt
  2000. /blue/shiboli.fsu/yifeisun.umich/adversarial_robustness_FNO/2D_NS_FNO2d_recurrent/datasets/exponax_datasets/t20/generalizability/dim2d_nx256_N10_solver=exponax_nu0.000_t20.0_test_ntimepoints21_LogGRF_matern_alpha2_tau11_exp_factor2.500_vmax0.4_vmin-0.4_batch0_all_frames.pt
  2001. /blue/shiboli.fsu/yifeisun.umich/adversarial_robustness_FNO/2D_NS_FNO2d_recurrent/datasets/exponax_datasets/t20/generalizability/dim2d_nx256_N10_solver=exponax_nu0.000_t20.0_test_ntimepoints21_LogGRF_matern_alpha2_tau11_exp_factor2.500_vmax0_vmin-1_batch0_all_frames.pt
  2002. /blue/shiboli.fsu/yifeisun.umich/adversarial_robustness_FNO/2D_NS_FNO2d_recurrent/datasets/exponax_datasets/t20/generalizability/dim2d_nx256_N10_solver=exponax_nu0.000_t20.0_test_ntimepoints21_LogGRF_matern_alpha2_tau11_exp_factor2.500_vmax1.5_vmin1_batch0_all_frames.pt
  2003. /blue/shiboli.fsu/yifeisun.umich/adversarial_robustness_FNO/2D_NS_FNO2d_recurrent/datasets/exponax_datasets/t20/generalizability/dim2d_nx256_N10_solver=exponax_nu0.000_t20.0_test_ntimepoints21_LogGRF_matern_alpha2_tau11_exp_factor2.500_vmax1_vmin-1_batch0_all_frames.pt
  2004. /blue/shiboli.fsu/yifeisun.umich/adversarial_robustness_FNO/2D_NS_FNO2d_recurrent/datasets/exponax_datasets/t20/generalizability/dim2d_nx256_N10_solver=exponax_nu0.000_t20.0_test_ntimepoints21_LogGRF_matern_alpha2_tau11_exp_factor2.500_vmax1_vmin0_batch0_all_frames.pt
  2005. /blue/shiboli.fsu/yifeisun.umich/adversarial_robustness_FNO/2D_NS_FNO2d_recurrent/datasets/exponax_datasets/t20/generalizability/dim2d_nx256_N10_solver=exponax_nu0.000_t20.0_test_ntimepoints21_LogGRF_matern_alpha2_tau15_exp_factor2.500_vmax-1_vmin-1.5_batch0_all_frames.pt
  2006. /blue/shiboli.fsu/yifeisun.umich/adversarial_robustness_FNO/2D_NS_FNO2d_recurrent/datasets/exponax_datasets/t20/generalizability/dim2d_nx256_N10_solver=exponax_nu0.000_t20.0_test_ntimepoints21_LogGRF_matern_alpha2_tau15_exp_factor2.500_vmax0.4_vmin-0.4_batch0_all_frames.pt
  2007. /blue/shiboli.fsu/yifeisun.umich/adversarial_robustness_FNO/2D_NS_FNO2d_recurrent/datasets/exponax_datasets/t20/generalizability/dim2d_nx256_N10_solver=exponax_nu0.000_t20.0_test_ntimepoints21_LogGRF_matern_alpha2_tau15_exp_factor2.500_vmax0_vmin-1_batch0_all_frames.pt
  2008. /blue/shiboli.fsu/yifeisun.umich/adversarial_robustness_FNO/2D_NS_FNO2d_recurrent/datasets/exponax_datasets/t20/generalizability/dim2d_nx256_N10_solver=exponax_nu0.000_t20.0_test_ntimepoints21_LogGRF_matern_alpha2_tau15_exp_factor2.500_vmax1.5_vmin1_batch0_all_frames.pt
  2009. /blue/shiboli.fsu/yifeisun.umich/adversarial_robustness_FNO/2D_NS_FNO2d_recurrent/datasets/exponax_datasets/t20/generalizability/dim2d_nx256_N10_solver=exponax_nu0.000_t20.0_test_ntimepoints21_LogGRF_matern_alpha2_tau15_exp_factor2.500_vmax1_vmin-1_batch0_all_frames.pt
  2010. /blue/shiboli.fsu/yifeisun.umich/adversarial_robustness_FNO/2D_NS_FNO2d_recurrent/datasets/exponax_datasets/t20/generalizability/dim2d_nx256_N10_solver=exponax_nu0.000_t20.0_test_ntimepoints21_LogGRF_matern_alpha2_tau15_exp_factor2.500_vmax1_vmin0_batch0_all_frames.pt
  2011. /blue/shiboli.fsu/yifeisun.umich/adversarial_robustness_FNO/2D_NS_FNO2d_recurrent/datasets/exponax_datasets/t20/generalizability/dim2d_nx256_N10_solver=exponax_nu0.000_t20.0_test_ntimepoints21_LogGRF_matern_alpha2_tau1_exp_factor2.500_vmax-1_vmin-1.5_batch0_all_frames.pt
  2012. /blue/shiboli.fsu/yifeisun.umich/adversarial_robustness_FNO/2D_NS_FNO2d_recurrent/datasets/exponax_datasets/t20/generalizability/dim2d_nx256_N10_solver=exponax_nu0.000_t20.0_test_ntimepoints21_LogGRF_matern_alpha2_tau1_exp_factor2.500_vmax0.4_vmin-0.4_batch0_all_frames.pt
  2013. /blue/shiboli.fsu/yifeisun.umich/adversarial_robustness_FNO/2D_NS_FNO2d_recurrent/datasets/exponax_datasets/t20/generalizability/dim2d_nx256_N10_solver=exponax_nu0.000_t20.0_test_ntimepoints21_LogGRF_matern_alpha2_tau1_exp_factor2.500_vmax0_vmin-1_batch0_all_frames.pt
  2014. /blue/shiboli.fsu/yifeisun.umich/adversarial_robustness_FNO/2D_NS_FNO2d_recurrent/datasets/exponax_datasets/t20/generalizability/dim2d_nx256_N10_solver=exponax_nu0.000_t20.0_test_ntimepoints21_LogGRF_matern_alpha2_tau1_exp_factor2.500_vmax1.5_vmin1_batch0_all_frames.pt
  2015. /blue/shiboli.fsu/yifeisun.umich/adversarial_robustness_FNO/2D_NS_FNO2d_recurrent/datasets/exponax_datasets/t20/generalizability/dim2d_nx256_N10_solver=exponax_nu0.000_t20.0_test_ntimepoints21_LogGRF_matern_alpha2_tau1_exp_factor2.500_vmax1_vmin-1_batch0_all_frames.pt
  2016. /blue/shiboli.fsu/yifeisun.umich/adversarial_robustness_FNO/2D_NS_FNO2d_recurrent/datasets/exponax_datasets/t20/generalizability/dim2d_nx256_N10_solver=exponax_nu0.000_t20.0_test_ntimepoints21_LogGRF_matern_alpha2_tau1_exp_factor2.500_vmax1_vmin0_batch0_all_frames.pt
  2017. /blue/shiboli.fsu/yifeisun.umich/adversarial_robustness_FNO/2D_NS_FNO2d_recurrent/datasets/exponax_datasets/t20/generalizability/dim2d_nx256_N10_solver=exponax_nu0.000_t20.0_test_ntimepoints21_LogGRF_matern_alpha2_tau3_exp_factor2.500_vmax-1_vmin-1.5_batch0_all_frames.pt
  2018. /blue/shiboli.fsu/yifeisun.umich/adversarial_robustness_FNO/2D_NS_FNO2d_recurrent/datasets/exponax_datasets/t20/generalizability/dim2d_nx256_N10_solver=exponax_nu0.000_t20.0_test_ntimepoints21_LogGRF_matern_alpha2_tau3_exp_factor2.500_vmax0.4_vmin-0.4_batch0_all_frames.pt
  2019. /blue/shiboli.fsu/yifeisun.umich/adversarial_robustness_FNO/2D_NS_FNO2d_recurrent/datasets/exponax_datasets/t20/generalizability/dim2d_nx256_N10_solver=exponax_nu0.000_t20.0_test_ntimepoints21_LogGRF_matern_alpha2_tau3_exp_factor2.500_vmax0_vmin-1_batch0_all_frames.pt
  2020. /blue/shiboli.fsu/yifeisun.umich/adversarial_robustness_FNO/2D_NS_FNO2d_recurrent/datasets/exponax_datasets/t20/generalizability/dim2d_nx256_N10_solver=exponax_nu0.000_t20.0_test_ntimepoints21_LogGRF_matern_alpha2_tau3_exp_factor2.500_vmax1.5_vmin1_batch0_all_frames.pt
  2021. /blue/shiboli.fsu/yifeisun.umich/adversarial_robustness_FNO/2D_NS_FNO2d_recurrent/datasets/exponax_datasets/t20/generalizability/dim2d_nx256_N10_solver=exponax_nu0.000_t20.0_test_ntimepoints21_LogGRF_matern_alpha2_tau3_exp_factor2.500_vmax1_vmin-1_batch0_all_frames.pt
  2022. /blue/shiboli.fsu/yifeisun.umich/adversarial_robustness_FNO/2D_NS_FNO2d_recurrent/datasets/exponax_datasets/t20/generalizability/dim2d_nx256_N10_solver=exponax_nu0.000_t20.0_test_ntimepoints21_LogGRF_matern_alpha2_tau3_exp_factor2.500_vmax1_vmin0_batch0_all_frames.pt
  2023. /blue/shiboli.fsu/yifeisun.umich/adversarial_robustness_FNO/2D_NS_FNO2d_recurrent/datasets/exponax_datasets/t20/generalizability/dim2d_nx256_N10_solver=exponax_nu0.000_t20.0_test_ntimepoints21_LogGRF_matern_alpha2_tau7_exp_factor2.500_vmax-1_vmin-1.5_batch0_all_frames.pt
  2024. /blue/shiboli.fsu/yifeisun.umich/adversarial_robustness_FNO/2D_NS_FNO2d_recurrent/datasets/exponax_datasets/t20/generalizability/dim2d_nx256_N10_solver=exponax_nu0.000_t20.0_test_ntimepoints21_LogGRF_matern_alpha2_tau7_exp_factor2.500_vmax0.4_vmin-0.4_batch0_all_frames.pt
  2025. /blue/shiboli.fsu/yifeisun.umich/adversarial_robustness_FNO/2D_NS_FNO2d_recurrent/datasets/exponax_datasets/t20/generalizability/dim2d_nx256_N10_solver=exponax_nu0.000_t20.0_test_ntimepoints21_LogGRF_matern_alpha2_tau7_exp_factor2.500_vmax0_vmin-1_batch0_all_frames.pt
  2026. /blue/shiboli.fsu/yifeisun.umich/adversarial_robustness_FNO/2D_NS_FNO2d_recurrent/datasets/exponax_datasets/t20/generalizability/dim2d_nx256_N10_solver=exponax_nu0.000_t20.0_test_ntimepoints21_LogGRF_matern_alpha2_tau7_exp_factor2.500_vmax1.5_vmin1_batch0_all_frames.pt
  2027. /blue/shiboli.fsu/yifeisun.umich/adversarial_robustness_FNO/2D_NS_FNO2d_recurrent/datasets/exponax_datasets/t20/generalizability/dim2d_nx256_N10_solver=exponax_nu0.000_t20.0_test_ntimepoints21_LogGRF_matern_alpha2_tau7_exp_factor2.500_vmax1_vmin-1_batch0_all_frames.pt
  2028. /blue/shiboli.fsu/yifeisun.umich/adversarial_robustness_FNO/2D_NS_FNO2d_recurrent/datasets/exponax_datasets/t20/generalizability/dim2d_nx256_N10_solver=exponax_nu0.000_t20.0_test_ntimepoints21_LogGRF_matern_alpha2_tau7_exp_factor2.500_vmax1_vmin0_batch0_all_frames.pt
  2029. /blue/shiboli.fsu/yifeisun.umich/adversarial_robustness_FNO/2D_NS_FNO2d_recurrent/datasets/exponax_datasets/t20/generalizability/dim2d_nx256_N10_solver=exponax_nu0.000_t20.0_test_ntimepoints21_LogGRF_matern_alpha3.500_tau11_exp_factor2.500_vmax-1_vmin-1.5_batch0_all_frames.pt
  2030. /blue/shiboli.fsu/yifeisun.umich/adversarial_robustness_FNO/2D_NS_FNO2d_recurrent/datasets/exponax_datasets/t20/generalizability/dim2d_nx256_N10_solver=exponax_nu0.000_t20.0_test_ntimepoints21_LogGRF_matern_alpha3.500_tau11_exp_factor2.500_vmax0.4_vmin-0.4_batch0_all_frames.pt
  2031. /blue/shiboli.fsu/yifeisun.umich/adversarial_robustness_FNO/2D_NS_FNO2d_recurrent/datasets/exponax_datasets/t20/generalizability/dim2d_nx256_N10_solver=exponax_nu0.000_t20.0_test_ntimepoints21_LogGRF_matern_alpha3.500_tau11_exp_factor2.500_vmax0_vmin-1_batch0_all_frames.pt
  2032. /blue/shiboli.fsu/yifeisun.umich/adversarial_robustness_FNO/2D_NS_FNO2d_recurrent/datasets/exponax_datasets/t20/generalizability/dim2d_nx256_N10_solver=exponax_nu0.000_t20.0_test_ntimepoints21_LogGRF_matern_alpha3.500_tau11_exp_factor2.500_vmax1.5_vmin1_batch0_all_frames.pt
  2033. /blue/shiboli.fsu/yifeisun.umich/adversarial_robustness_FNO/2D_NS_FNO2d_recurrent/datasets/exponax_datasets/t20/generalizability/dim2d_nx256_N10_solver=exponax_nu0.000_t20.0_test_ntimepoints21_LogGRF_matern_alpha3.500_tau11_exp_factor2.500_vmax1_vmin-1_batch0_all_frames.pt
  2034. /blue/shiboli.fsu/yifeisun.umich/adversarial_robustness_FNO/2D_NS_FNO2d_recurrent/datasets/exponax_datasets/t20/generalizability/dim2d_nx256_N10_solver=exponax_nu0.000_t20.0_test_ntimepoints21_LogGRF_matern_alpha3.500_tau11_exp_factor2.500_vmax1_vmin0_batch0_all_frames.pt
  2035. /blue/shiboli.fsu/yifeisun.umich/adversarial_robustness_FNO/2D_NS_FNO2d_recurrent/datasets/exponax_datasets/t20/generalizability/dim2d_nx256_N10_solver=exponax_nu0.000_t20.0_test_ntimepoints21_LogGRF_matern_alpha3.500_tau15_exp_factor2.500_vmax-1_vmin-1.5_batch0_all_frames.pt
  2036. /blue/shiboli.fsu/yifeisun.umich/adversarial_robustness_FNO/2D_NS_FNO2d_recurrent/datasets/exponax_datasets/t20/generalizability/dim2d_nx256_N10_solver=exponax_nu0.000_t20.0_test_ntimepoints21_LogGRF_matern_alpha3.500_tau15_exp_factor2.500_vmax0.4_vmin-0.4_batch0_all_frames.pt
  2037. /blue/shiboli.fsu/yifeisun.umich/adversarial_robustness_FNO/2D_NS_FNO2d_recurrent/datasets/exponax_datasets/t20/generalizability/dim2d_nx256_N10_solver=exponax_nu0.000_t20.0_test_ntimepoints21_LogGRF_matern_alpha3.500_tau15_exp_factor2.500_vmax0_vmin-1_batch0_all_frames.pt
  2038. /blue/shiboli.fsu/yifeisun.umich/adversarial_robustness_FNO/2D_NS_FNO2d_recurrent/datasets/exponax_datasets/t20/generalizability/dim2d_nx256_N10_solver=exponax_nu0.000_t20.0_test_ntimepoints21_LogGRF_matern_alpha3.500_tau15_exp_factor2.500_vmax1.5_vmin1_batch0_all_frames.pt
  2039. /blue/shiboli.fsu/yifeisun.umich/adversarial_robustness_FNO/2D_NS_FNO2d_recurrent/datasets/exponax_datasets/t20/generalizability/dim2d_nx256_N10_solver=exponax_nu0.000_t20.0_test_ntimepoints21_LogGRF_matern_alpha3.500_tau15_exp_factor2.500_vmax1_vmin-1_batch0_all_frames.pt
  2040. /blue/shiboli.fsu/yifeisun.umich/adversarial_robustness_FNO/2D_NS_FNO2d_recurrent/datasets/exponax_datasets/t20/generalizability/dim2d_nx256_N10_solver=exponax_nu0.000_t20.0_test_ntimepoints21_LogGRF_matern_alpha3.500_tau15_exp_factor2.500_vmax1_vmin0_batch0_all_frames.pt
  2041. /blue/shiboli.fsu/yifeisun.umich/adversarial_robustness_FNO/2D_NS_FNO2d_recurrent/datasets/exponax_datasets/t20/generalizability/dim2d_nx256_N10_solver=exponax_nu0.000_t20.0_test_ntimepoints21_LogGRF_matern_alpha3.500_tau1_exp_factor2.500_vmax-1_vmin-1.5_batch0_all_frames.pt
  2042. /blue/shiboli.fsu/yifeisun.umich/adversarial_robustness_FNO/2D_NS_FNO2d_recurrent/datasets/exponax_datasets/t20/generalizability/dim2d_nx256_N10_solver=exponax_nu0.000_t20.0_test_ntimepoints21_LogGRF_matern_alpha3.500_tau1_exp_factor2.500_vmax0.4_vmin-0.4_batch0_all_frames.pt
  2043. /blue/shiboli.fsu/yifeisun.umich/adversarial_robustness_FNO/2D_NS_FNO2d_recurrent/datasets/exponax_datasets/t20/generalizability/dim2d_nx256_N10_solver=exponax_nu0.000_t20.0_test_ntimepoints21_LogGRF_matern_alpha3.500_tau1_exp_factor2.500_vmax0_vmin-1_batch0_all_frames.pt
  2044. /blue/shiboli.fsu/yifeisun.umich/adversarial_robustness_FNO/2D_NS_FNO2d_recurrent/datasets/exponax_datasets/t20/generalizability/dim2d_nx256_N10_solver=exponax_nu0.000_t20.0_test_ntimepoints21_LogGRF_matern_alpha3.500_tau1_exp_factor2.500_vmax1.5_vmin1_batch0_all_frames.pt
  2045. /blue/shiboli.fsu/yifeisun.umich/adversarial_robustness_FNO/2D_NS_FNO2d_recurrent/datasets/exponax_datasets/t20/generalizability/dim2d_nx256_N10_solver=exponax_nu0.000_t20.0_test_ntimepoints21_LogGRF_matern_alpha3.500_tau1_exp_factor2.500_vmax1_vmin-1_batch0_all_frames.pt
  2046. /blue/shiboli.fsu/yifeisun.umich/adversarial_robustness_FNO/2D_NS_FNO2d_recurrent/datasets/exponax_datasets/t20/generalizability/dim2d_nx256_N10_solver=exponax_nu0.000_t20.0_test_ntimepoints21_LogGRF_matern_alpha3.500_tau1_exp_factor2.500_vmax1_vmin0_batch0_all_frames.pt
  2047. /blue/shiboli.fsu/yifeisun.umich/adversarial_robustness_FNO/2D_NS_FNO2d_recurrent/datasets/exponax_datasets/t20/generalizability/dim2d_nx256_N10_solver=exponax_nu0.000_t20.0_test_ntimepoints21_LogGRF_matern_alpha3.500_tau3_exp_factor2.500_vmax-1_vmin-1.5_batch0_all_frames.pt
  2048. /blue/shiboli.fsu/yifeisun.umich/adversarial_robustness_FNO/2D_NS_FNO2d_recurrent/datasets/exponax_datasets/t20/generalizability/dim2d_nx256_N10_solver=exponax_nu0.000_t20.0_test_ntimepoints21_LogGRF_matern_alpha3.500_tau3_exp_factor2.500_vmax0.4_vmin-0.4_batch0_all_frames.pt
  2049. /blue/shiboli.fsu/yifeisun.umich/adversarial_robustness_FNO/2D_NS_FNO2d_recurrent/datasets/exponax_datasets/t20/generalizability/dim2d_nx256_N10_solver=exponax_nu0.000_t20.0_test_ntimepoints21_LogGRF_matern_alpha3.500_tau3_exp_factor2.500_vmax0_vmin-1_batch0_all_frames.pt
  2050. /blue/shiboli.fsu/yifeisun.umich/adversarial_robustness_FNO/2D_NS_FNO2d_recurrent/datasets/exponax_datasets/t20/generalizability/dim2d_nx256_N10_solver=exponax_nu0.000_t20.0_test_ntimepoints21_LogGRF_matern_alpha3.500_tau3_exp_factor2.500_vmax1.5_vmin1_batch0_all_frames.pt
  2051. /blue/shiboli.fsu/yifeisun.umich/adversarial_robustness_FNO/2D_NS_FNO2d_recurrent/datasets/exponax_datasets/t20/generalizability/dim2d_nx256_N10_solver=exponax_nu0.000_t20.0_test_ntimepoints21_LogGRF_matern_alpha3.500_tau3_exp_factor2.500_vmax1_vmin-1_batch0_all_frames.pt
  2052. /blue/shiboli.fsu/yifeisun.umich/adversarial_robustness_FNO/2D_NS_FNO2d_recurrent/datasets/exponax_datasets/t20/generalizability/dim2d_nx256_N10_solver=exponax_nu0.000_t20.0_test_ntimepoints21_LogGRF_matern_alpha3.500_tau3_exp_factor2.500_vmax1_vmin0_batch0_all_frames.pt
  2053. /blue/shiboli.fsu/yifeisun.umich/adversarial_robustness_FNO/2D_NS_FNO2d_recurrent/datasets/exponax_datasets/t20/generalizability/dim2d_nx256_N10_solver=exponax_nu0.000_t20.0_test_ntimepoints21_LogGRF_matern_alpha3.500_tau7_exp_factor2.500_vmax-1_vmin-1.5_batch0_all_frames.pt
  2054. /blue/shiboli.fsu/yifeisun.umich/adversarial_robustness_FNO/2D_NS_FNO2d_recurrent/datasets/exponax_datasets/t20/generalizability/dim2d_nx256_N10_solver=exponax_nu0.000_t20.0_test_ntimepoints21_LogGRF_matern_alpha3.500_tau7_exp_factor2.500_vmax0.4_vmin-0.4_batch0_all_frames.pt
  2055. /blue/shiboli.fsu/yifeisun.umich/adversarial_robustness_FNO/2D_NS_FNO2d_recurrent/datasets/exponax_datasets/t20/generalizability/dim2d_nx256_N10_solver=exponax_nu0.000_t20.0_test_ntimepoints21_LogGRF_matern_alpha3.500_tau7_exp_factor2.500_vmax0_vmin-1_batch0_all_frames.pt
  2056. /blue/shiboli.fsu/yifeisun.umich/adversarial_robustness_FNO/2D_NS_FNO2d_recurrent/datasets/exponax_datasets/t20/generalizability/dim2d_nx256_N10_solver=exponax_nu0.000_t20.0_test_ntimepoints21_LogGRF_matern_alpha3.500_tau7_exp_factor2.500_vmax1.5_vmin1_batch0_all_frames.pt
  2057. /blue/shiboli.fsu/yifeisun.umich/adversarial_robustness_FNO/2D_NS_FNO2d_recurrent/datasets/exponax_datasets/t20/generalizability/dim2d_nx256_N10_solver=exponax_nu0.000_t20.0_test_ntimepoints21_LogGRF_matern_alpha3.500_tau7_exp_factor2.500_vmax1_vmin-1_batch0_all_frames.pt
  2058. /blue/shiboli.fsu/yifeisun.umich/adversarial_robustness_FNO/2D_NS_FNO2d_recurrent/datasets/exponax_datasets/t20/generalizability/dim2d_nx256_N10_solver=exponax_nu0.000_t20.0_test_ntimepoints21_LogGRF_matern_alpha3.500_tau7_exp_factor2.500_vmax1_vmin0_batch0_all_frames.pt
  2059. /blue/shiboli.fsu/yifeisun.umich/adversarial_robustness_FNO/2D_NS_FNO2d_recurrent/datasets/exponax_datasets/t20/generalizability/dim2d_nx256_N10_solver=exponax_nu0.000_t20.0_test_ntimepoints21_LogGRF_periodic_length_scale40_period0.050_exp_factor2.500_vmax-1_vmin-1.5_batch0_all_frames.pt
  2060. /blue/shiboli.fsu/yifeisun.umich/adversarial_robustness_FNO/2D_NS_FNO2d_recurrent/datasets/exponax_datasets/t20/generalizability/dim2d_nx256_N10_solver=exponax_nu0.000_t20.0_test_ntimepoints21_LogGRF_periodic_length_scale40_period0.050_exp_factor2.500_vmax0.4_vmin-0.4_batch0_all_frames.pt
  2061. /blue/shiboli.fsu/yifeisun.umich/adversarial_robustness_FNO/2D_NS_FNO2d_recurrent/datasets/exponax_datasets/t20/generalizability/dim2d_nx256_N10_solver=exponax_nu0.000_t20.0_test_ntimepoints21_LogGRF_periodic_length_scale40_period0.050_exp_factor2.500_vmax0_vmin-1_batch0_all_frames.pt
  2062. /blue/shiboli.fsu/yifeisun.umich/adversarial_robustness_FNO/2D_NS_FNO2d_recurrent/datasets/exponax_datasets/t20/generalizability/dim2d_nx256_N10_solver=exponax_nu0.000_t20.0_test_ntimepoints21_LogGRF_periodic_length_scale40_period0.050_exp_factor2.500_vmax1.5_vmin1_batch0_all_frames.pt
  2063. /blue/shiboli.fsu/yifeisun.umich/adversarial_robustness_FNO/2D_NS_FNO2d_recurrent/datasets/exponax_datasets/t20/generalizability/dim2d_nx256_N10_solver=exponax_nu0.000_t20.0_test_ntimepoints21_LogGRF_periodic_length_scale40_period0.050_exp_factor2.500_vmax1_vmin-1_batch0_all_frames.pt
  2064. /blue/shiboli.fsu/yifeisun.umich/adversarial_robustness_FNO/2D_NS_FNO2d_recurrent/datasets/exponax_datasets/t20/generalizability/dim2d_nx256_N10_solver=exponax_nu0.000_t20.0_test_ntimepoints21_LogGRF_periodic_length_scale40_period0.050_exp_factor2.500_vmax1_vmin0_batch0_all_frames.pt
  2065. /blue/shiboli.fsu/yifeisun.umich/adversarial_robustness_FNO/2D_NS_FNO2d_recurrent/datasets/exponax_datasets/t20/generalizability/dim2d_nx256_N10_solver=exponax_nu0.000_t20.0_test_ntimepoints21_LogGRF_periodic_length_scale40_period0.100_exp_factor2.500_vmax-1_vmin-1.5_batch0_all_frames.pt
  2066. /blue/shiboli.fsu/yifeisun.umich/adversarial_robustness_FNO/2D_NS_FNO2d_recurrent/datasets/exponax_datasets/t20/generalizability/dim2d_nx256_N10_solver=exponax_nu0.000_t20.0_test_ntimepoints21_LogGRF_periodic_length_scale40_period0.100_exp_factor2.500_vmax0.4_vmin-0.4_batch0_all_frames.pt
  2067. /blue/shiboli.fsu/yifeisun.umich/adversarial_robustness_FNO/2D_NS_FNO2d_recurrent/datasets/exponax_datasets/t20/generalizability/dim2d_nx256_N10_solver=exponax_nu0.000_t20.0_test_ntimepoints21_LogGRF_periodic_length_scale40_period0.100_exp_factor2.500_vmax0_vmin-1_batch0_all_frames.pt
  2068. /blue/shiboli.fsu/yifeisun.umich/adversarial_robustness_FNO/2D_NS_FNO2d_recurrent/datasets/exponax_datasets/t20/generalizability/dim2d_nx256_N10_solver=exponax_nu0.000_t20.0_test_ntimepoints21_LogGRF_periodic_length_scale40_period0.100_exp_factor2.500_vmax1.5_vmin1_batch0_all_frames.pt
  2069. /blue/shiboli.fsu/yifeisun.umich/adversarial_robustness_FNO/2D_NS_FNO2d_recurrent/datasets/exponax_datasets/t20/generalizability/dim2d_nx256_N10_solver=exponax_nu0.000_t20.0_test_ntimepoints21_LogGRF_periodic_length_scale40_period0.100_exp_factor2.500_vmax1_vmin-1_batch0_all_frames.pt
  2070. /blue/shiboli.fsu/yifeisun.umich/adversarial_robustness_FNO/2D_NS_FNO2d_recurrent/datasets/exponax_datasets/t20/generalizability/dim2d_nx256_N10_solver=exponax_nu0.000_t20.0_test_ntimepoints21_LogGRF_periodic_length_scale40_period0.100_exp_factor2.500_vmax1_vmin0_batch0_all_frames.pt
  2071. /blue/shiboli.fsu/yifeisun.umich/adversarial_robustness_FNO/2D_NS_FNO2d_recurrent/datasets/exponax_datasets/t20/generalizability/dim2d_nx256_N10_solver=exponax_nu0.000_t20.0_test_ntimepoints21_LogGRF_periodic_length_scale40_period0.200_exp_factor2.500_vmax-1_vmin-1.5_batch0_all_frames.pt
  2072. /blue/shiboli.fsu/yifeisun.umich/adversarial_robustness_FNO/2D_NS_FNO2d_recurrent/datasets/exponax_datasets/t20/generalizability/dim2d_nx256_N10_solver=exponax_nu0.000_t20.0_test_ntimepoints21_LogGRF_periodic_length_scale40_period0.200_exp_factor2.500_vmax0.4_vmin-0.4_batch0_all_frames.pt
  2073. /blue/shiboli.fsu/yifeisun.umich/adversarial_robustness_FNO/2D_NS_FNO2d_recurrent/datasets/exponax_datasets/t20/generalizability/dim2d_nx256_N10_solver=exponax_nu0.000_t20.0_test_ntimepoints21_LogGRF_periodic_length_scale40_period0.200_exp_factor2.500_vmax0_vmin-1_batch0_all_frames.pt
  2074. /blue/shiboli.fsu/yifeisun.umich/adversarial_robustness_FNO/2D_NS_FNO2d_recurrent/datasets/exponax_datasets/t20/generalizability/dim2d_nx256_N10_solver=exponax_nu0.000_t20.0_test_ntimepoints21_LogGRF_periodic_length_scale40_period0.200_exp_factor2.500_vmax1.5_vmin1_batch0_all_frames.pt
  2075. /blue/shiboli.fsu/yifeisun.umich/adversarial_robustness_FNO/2D_NS_FNO2d_recurrent/datasets/exponax_datasets/t20/generalizability/dim2d_nx256_N10_solver=exponax_nu0.000_t20.0_test_ntimepoints21_LogGRF_periodic_length_scale40_period0.200_exp_factor2.500_vmax1_vmin-1_batch0_all_frames.pt
  2076. /blue/shiboli.fsu/yifeisun.umich/adversarial_robustness_FNO/2D_NS_FNO2d_recurrent/datasets/exponax_datasets/t20/generalizability/dim2d_nx256_N10_solver=exponax_nu0.000_t20.0_test_ntimepoints21_LogGRF_periodic_length_scale40_period0.200_exp_factor2.500_vmax1_vmin0_batch0_all_frames.pt
  2077. /blue/shiboli.fsu/yifeisun.umich/adversarial_robustness_FNO/2D_NS_FNO2d_recurrent/datasets/exponax_datasets/t20/generalizability/dim2d_nx256_N10_solver=exponax_nu0.000_t20.0_test_ntimepoints21_LogGRF_periodic_length_scale40_period0.500_exp_factor2.500_vmax-1_vmin-1.5_batch0_all_frames.pt
  2078. /blue/shiboli.fsu/yifeisun.umich/adversarial_robustness_FNO/2D_NS_FNO2d_recurrent/datasets/exponax_datasets/t20/generalizability/dim2d_nx256_N10_solver=exponax_nu0.000_t20.0_test_ntimepoints21_LogGRF_periodic_length_scale40_period0.500_exp_factor2.500_vmax0.4_vmin-0.4_batch0_all_frames.pt
  2079. /blue/shiboli.fsu/yifeisun.umich/adversarial_robustness_FNO/2D_NS_FNO2d_recurrent/datasets/exponax_datasets/t20/generalizability/dim2d_nx256_N10_solver=exponax_nu0.000_t20.0_test_ntimepoints21_LogGRF_periodic_length_scale40_period0.500_exp_factor2.500_vmax0_vmin-1_batch0_all_frames.pt
  2080. /blue/shiboli.fsu/yifeisun.umich/adversarial_robustness_FNO/2D_NS_FNO2d_recurrent/datasets/exponax_datasets/t20/generalizability/dim2d_nx256_N10_solver=exponax_nu0.000_t20.0_test_ntimepoints21_LogGRF_periodic_length_scale40_period0.500_exp_factor2.500_vmax1.5_vmin1_batch0_all_frames.pt
  2081. /blue/shiboli.fsu/yifeisun.umich/adversarial_robustness_FNO/2D_NS_FNO2d_recurrent/datasets/exponax_datasets/t20/generalizability/dim2d_nx256_N10_solver=exponax_nu0.000_t20.0_test_ntimepoints21_LogGRF_periodic_length_scale40_period0.500_exp_factor2.500_vmax1_vmin-1_batch0_all_frames.pt
  2082. /blue/shiboli.fsu/yifeisun.umich/adversarial_robustness_FNO/2D_NS_FNO2d_recurrent/datasets/exponax_datasets/t20/generalizability/dim2d_nx256_N10_solver=exponax_nu0.000_t20.0_test_ntimepoints21_LogGRF_periodic_length_scale40_period0.500_exp_factor2.500_vmax1_vmin0_batch0_all_frames.pt
  2083. /blue/shiboli.fsu/yifeisun.umich/adversarial_robustness_FNO/2D_NS_FNO2d_recurrent/datasets/exponax_datasets/t20/generalizability/dim2d_nx256_N10_solver=exponax_nu0.000_t20.0_test_ntimepoints21_LogGRF_rbf_length_scale0.020_variance0.100_exp_factor2.500_vmax-1_vmin-1.5_batch0_all_frames.pt
  2084. /blue/shiboli.fsu/yifeisun.umich/adversarial_robustness_FNO/2D_NS_FNO2d_recurrent/datasets/exponax_datasets/t20/generalizability/dim2d_nx256_N10_solver=exponax_nu0.000_t20.0_test_ntimepoints21_LogGRF_rbf_length_scale0.020_variance0.100_exp_factor2.500_vmax0.4_vmin-0.4_batch0_all_frames.pt
  2085. /blue/shiboli.fsu/yifeisun.umich/adversarial_robustness_FNO/2D_NS_FNO2d_recurrent/datasets/exponax_datasets/t20/generalizability/dim2d_nx256_N10_solver=exponax_nu0.000_t20.0_test_ntimepoints21_LogGRF_rbf_length_scale0.020_variance0.100_exp_factor2.500_vmax0_vmin-1_batch0_all_frames.pt
  2086. /blue/shiboli.fsu/yifeisun.umich/adversarial_robustness_FNO/2D_NS_FNO2d_recurrent/datasets/exponax_datasets/t20/generalizability/dim2d_nx256_N10_solver=exponax_nu0.000_t20.0_test_ntimepoints21_LogGRF_rbf_length_scale0.020_variance0.100_exp_factor2.500_vmax1.5_vmin1_batch0_all_frames.pt
  2087. /blue/shiboli.fsu/yifeisun.umich/adversarial_robustness_FNO/2D_NS_FNO2d_recurrent/datasets/exponax_datasets/t20/generalizability/dim2d_nx256_N10_solver=exponax_nu0.000_t20.0_test_ntimepoints21_LogGRF_rbf_length_scale0.020_variance0.100_exp_factor2.500_vmax1_vmin-1_batch0_all_frames.pt
  2088. /blue/shiboli.fsu/yifeisun.umich/adversarial_robustness_FNO/2D_NS_FNO2d_recurrent/datasets/exponax_datasets/t20/generalizability/dim2d_nx256_N10_solver=exponax_nu0.000_t20.0_test_ntimepoints21_LogGRF_rbf_length_scale0.020_variance0.100_exp_factor2.500_vmax1_vmin0_batch0_all_frames.pt
  2089. /blue/shiboli.fsu/yifeisun.umich/adversarial_robustness_FNO/2D_NS_FNO2d_recurrent/datasets/exponax_datasets/t20/generalizability/dim2d_nx256_N10_solver=exponax_nu0.000_t20.0_test_ntimepoints21_LogGRF_rbf_length_scale0.020_variance0.500_exp_factor2.500_vmax-1_vmin-1.5_batch0_all_frames.pt
  2090. /blue/shiboli.fsu/yifeisun.umich/adversarial_robustness_FNO/2D_NS_FNO2d_recurrent/datasets/exponax_datasets/t20/generalizability/dim2d_nx256_N10_solver=exponax_nu0.000_t20.0_test_ntimepoints21_LogGRF_rbf_length_scale0.020_variance0.500_exp_factor2.500_vmax0.4_vmin-0.4_batch0_all_frames.pt
  2091. /blue/shiboli.fsu/yifeisun.umich/adversarial_robustness_FNO/2D_NS_FNO2d_recurrent/datasets/exponax_datasets/t20/generalizability/dim2d_nx256_N10_solver=exponax_nu0.000_t20.0_test_ntimepoints21_LogGRF_rbf_length_scale0.020_variance0.500_exp_factor2.500_vmax0_vmin-1_batch0_all_frames.pt
  2092. /blue/shiboli.fsu/yifeisun.umich/adversarial_robustness_FNO/2D_NS_FNO2d_recurrent/datasets/exponax_datasets/t20/generalizability/dim2d_nx256_N10_solver=exponax_nu0.000_t20.0_test_ntimepoints21_LogGRF_rbf_length_scale0.020_variance0.500_exp_factor2.500_vmax1.5_vmin1_batch0_all_frames.pt
  2093. /blue/shiboli.fsu/yifeisun.umich/adversarial_robustness_FNO/2D_NS_FNO2d_recurrent/datasets/exponax_datasets/t20/generalizability/dim2d_nx256_N10_solver=exponax_nu0.000_t20.0_test_ntimepoints21_LogGRF_rbf_length_scale0.020_variance0.500_exp_factor2.500_vmax1_vmin-1_batch0_all_frames.pt
  2094. /blue/shiboli.fsu/yifeisun.umich/adversarial_robustness_FNO/2D_NS_FNO2d_recurrent/datasets/exponax_datasets/t20/generalizability/dim2d_nx256_N10_solver=exponax_nu0.000_t20.0_test_ntimepoints21_LogGRF_rbf_length_scale0.020_variance0.500_exp_factor2.500_vmax1_vmin0_batch0_all_frames.pt
  2095. /blue/shiboli.fsu/yifeisun.umich/adversarial_robustness_FNO/2D_NS_FNO2d_recurrent/datasets/exponax_datasets/t20/generalizability/dim2d_nx256_N10_solver=exponax_nu0.000_t20.0_test_ntimepoints21_LogGRF_rbf_length_scale0.020_variance1.000_exp_factor2.500_vmax-1_vmin-1.5_batch0_all_frames.pt
  2096. /blue/shiboli.fsu/yifeisun.umich/adversarial_robustness_FNO/2D_NS_FNO2d_recurrent/datasets/exponax_datasets/t20/generalizability/dim2d_nx256_N10_solver=exponax_nu0.000_t20.0_test_ntimepoints21_LogGRF_rbf_length_scale0.020_variance1.000_exp_factor2.500_vmax0.4_vmin-0.4_batch0_all_frames.pt
  2097. /blue/shiboli.fsu/yifeisun.umich/adversarial_robustness_FNO/2D_NS_FNO2d_recurrent/datasets/exponax_datasets/t20/generalizability/dim2d_nx256_N10_solver=exponax_nu0.000_t20.0_test_ntimepoints21_LogGRF_rbf_length_scale0.020_variance1.000_exp_factor2.500_vmax0_vmin-1_batch0_all_frames.pt
  2098. /blue/shiboli.fsu/yifeisun.umich/adversarial_robustness_FNO/2D_NS_FNO2d_recurrent/datasets/exponax_datasets/t20/generalizability/dim2d_nx256_N10_solver=exponax_nu0.000_t20.0_test_ntimepoints21_LogGRF_rbf_length_scale0.020_variance1.000_exp_factor2.500_vmax1.5_vmin1_batch0_all_frames.pt
  2099. /blue/shiboli.fsu/yifeisun.umich/adversarial_robustness_FNO/2D_NS_FNO2d_recurrent/datasets/exponax_datasets/t20/generalizability/dim2d_nx256_N10_solver=exponax_nu0.000_t20.0_test_ntimepoints21_LogGRF_rbf_length_scale0.020_variance1.000_exp_factor2.500_vmax1_vmin-1_batch0_all_frames.pt
  2100. /blue/shiboli.fsu/yifeisun.umich/adversarial_robustness_FNO/2D_NS_FNO2d_recurrent/datasets/exponax_datasets/t20/generalizability/dim2d_nx256_N10_solver=exponax_nu0.000_t20.0_test_ntimepoints21_LogGRF_rbf_length_scale0.020_variance1.000_exp_factor2.500_vmax1_vmin0_batch0_all_frames.pt
  2101. /blue/shiboli.fsu/yifeisun.umich/adversarial_robustness_FNO/2D_NS_FNO2d_recurrent/datasets/exponax_datasets/t20/generalizability/dim2d_nx256_N10_solver=exponax_nu0.000_t20.0_test_ntimepoints21_LogGRF_rbf_length_scale0.020_variance2.000_exp_factor2.500_vmax-1_vmin-1.5_batch0_all_frames.pt
  2102. /blue/shiboli.fsu/yifeisun.umich/adversarial_robustness_FNO/2D_NS_FNO2d_recurrent/datasets/exponax_datasets/t20/generalizability/dim2d_nx256_N10_solver=exponax_nu0.000_t20.0_test_ntimepoints21_LogGRF_rbf_length_scale0.020_variance2.000_exp_factor2.500_vmax0.4_vmin-0.4_batch0_all_frames.pt
  2103. /blue/shiboli.fsu/yifeisun.umich/adversarial_robustness_FNO/2D_NS_FNO2d_recurrent/datasets/exponax_datasets/t20/generalizability/dim2d_nx256_N10_solver=exponax_nu0.000_t20.0_test_ntimepoints21_LogGRF_rbf_length_scale0.020_variance2.000_exp_factor2.500_vmax0_vmin-1_batch0_all_frames.pt
  2104. /blue/shiboli.fsu/yifeisun.umich/adversarial_robustness_FNO/2D_NS_FNO2d_recurrent/datasets/exponax_datasets/t20/generalizability/dim2d_nx256_N10_solver=exponax_nu0.000_t20.0_test_ntimepoints21_LogGRF_rbf_length_scale0.020_variance2.000_exp_factor2.500_vmax1.5_vmin1_batch0_all_frames.pt
  2105. /blue/shiboli.fsu/yifeisun.umich/adversarial_robustness_FNO/2D_NS_FNO2d_recurrent/datasets/exponax_datasets/t20/generalizability/dim2d_nx256_N10_solver=exponax_nu0.000_t20.0_test_ntimepoints21_LogGRF_rbf_length_scale0.020_variance2.000_exp_factor2.500_vmax1_vmin-1_batch0_all_frames.pt
  2106. /blue/shiboli.fsu/yifeisun.umich/adversarial_robustness_FNO/2D_NS_FNO2d_recurrent/datasets/exponax_datasets/t20/generalizability/dim2d_nx256_N10_solver=exponax_nu0.000_t20.0_test_ntimepoints21_LogGRF_rbf_length_scale0.020_variance2.000_exp_factor2.500_vmax1_vmin0_batch0_all_frames.pt
  2107. /blue/shiboli.fsu/yifeisun.umich/adversarial_robustness_FNO/2D_NS_FNO2d_recurrent/datasets/exponax_datasets/t20/generalizability/dim2d_nx256_N10_solver=exponax_nu0.000_t20.0_test_ntimepoints21_LogGRF_rbf_length_scale0.020_variance5_exp_factor2.500_vmax-1_vmin-1.5_batch0_all_frames.pt
  2108. /blue/shiboli.fsu/yifeisun.umich/adversarial_robustness_FNO/2D_NS_FNO2d_recurrent/datasets/exponax_datasets/t20/generalizability/dim2d_nx256_N10_solver=exponax_nu0.000_t20.0_test_ntimepoints21_LogGRF_rbf_length_scale0.020_variance5_exp_factor2.500_vmax0.4_vmin-0.4_batch0_all_frames.pt
  2109. /blue/shiboli.fsu/yifeisun.umich/adversarial_robustness_FNO/2D_NS_FNO2d_recurrent/datasets/exponax_datasets/t20/generalizability/dim2d_nx256_N10_solver=exponax_nu0.000_t20.0_test_ntimepoints21_LogGRF_rbf_length_scale0.020_variance5_exp_factor2.500_vmax0_vmin-1_batch0_all_frames.pt
  2110. /blue/shiboli.fsu/yifeisun.umich/adversarial_robustness_FNO/2D_NS_FNO2d_recurrent/datasets/exponax_datasets/t20/generalizability/dim2d_nx256_N10_solver=exponax_nu0.000_t20.0_test_ntimepoints21_LogGRF_rbf_length_scale0.020_variance5_exp_factor2.500_vmax1.5_vmin1_batch0_all_frames.pt
  2111. /blue/shiboli.fsu/yifeisun.umich/adversarial_robustness_FNO/2D_NS_FNO2d_recurrent/datasets/exponax_datasets/t20/generalizability/dim2d_nx256_N10_solver=exponax_nu0.000_t20.0_test_ntimepoints21_LogGRF_rbf_length_scale0.020_variance5_exp_factor2.500_vmax1_vmin-1_batch0_all_frames.pt
  2112. /blue/shiboli.fsu/yifeisun.umich/adversarial_robustness_FNO/2D_NS_FNO2d_recurrent/datasets/exponax_datasets/t20/generalizability/dim2d_nx256_N10_solver=exponax_nu0.000_t20.0_test_ntimepoints21_LogGRF_rbf_length_scale0.020_variance5_exp_factor2.500_vmax1_vmin0_batch0_all_frames.pt
  2113. /blue/shiboli.fsu/yifeisun.umich/adversarial_robustness_FNO/2D_NS_FNO2d_recurrent/datasets/exponax_datasets/t20/generalizability/dim2d_nx256_N10_solver=exponax_nu0.000_t20.0_test_ntimepoints21_LogGRF_rbf_length_scale0.050_variance0.100_exp_factor2.500_vmax-1_vmin-1.5_batch0_all_frames.pt
  2114. /blue/shiboli.fsu/yifeisun.umich/adversarial_robustness_FNO/2D_NS_FNO2d_recurrent/datasets/exponax_datasets/t20/generalizability/dim2d_nx256_N10_solver=exponax_nu0.000_t20.0_test_ntimepoints21_LogGRF_rbf_length_scale0.050_variance0.100_exp_factor2.500_vmax0.4_vmin-0.4_batch0_all_frames.pt
  2115. /blue/shiboli.fsu/yifeisun.umich/adversarial_robustness_FNO/2D_NS_FNO2d_recurrent/datasets/exponax_datasets/t20/generalizability/dim2d_nx256_N10_solver=exponax_nu0.000_t20.0_test_ntimepoints21_LogGRF_rbf_length_scale0.050_variance0.100_exp_factor2.500_vmax0_vmin-1_batch0_all_frames.pt
  2116. /blue/shiboli.fsu/yifeisun.umich/adversarial_robustness_FNO/2D_NS_FNO2d_recurrent/datasets/exponax_datasets/t20/generalizability/dim2d_nx256_N10_solver=exponax_nu0.000_t20.0_test_ntimepoints21_LogGRF_rbf_length_scale0.050_variance0.100_exp_factor2.500_vmax1.5_vmin1_batch0_all_frames.pt
  2117. /blue/shiboli.fsu/yifeisun.umich/adversarial_robustness_FNO/2D_NS_FNO2d_recurrent/datasets/exponax_datasets/t20/generalizability/dim2d_nx256_N10_solver=exponax_nu0.000_t20.0_test_ntimepoints21_LogGRF_rbf_length_scale0.050_variance0.100_exp_factor2.500_vmax1_vmin-1_batch0_all_frames.pt
  2118. /blue/shiboli.fsu/yifeisun.umich/adversarial_robustness_FNO/2D_NS_FNO2d_recurrent/datasets/exponax_datasets/t20/generalizability/dim2d_nx256_N10_solver=exponax_nu0.000_t20.0_test_ntimepoints21_LogGRF_rbf_length_scale0.050_variance0.100_exp_factor2.500_vmax1_vmin0_batch0_all_frames.pt
  2119. /blue/shiboli.fsu/yifeisun.umich/adversarial_robustness_FNO/2D_NS_FNO2d_recurrent/datasets/exponax_datasets/t20/generalizability/dim2d_nx256_N10_solver=exponax_nu0.000_t20.0_test_ntimepoints21_LogGRF_rbf_length_scale0.050_variance0.500_exp_factor2.500_vmax-1_vmin-1.5_batch0_all_frames.pt
  2120. /blue/shiboli.fsu/yifeisun.umich/adversarial_robustness_FNO/2D_NS_FNO2d_recurrent/datasets/exponax_datasets/t20/generalizability/dim2d_nx256_N10_solver=exponax_nu0.000_t20.0_test_ntimepoints21_LogGRF_rbf_length_scale0.050_variance0.500_exp_factor2.500_vmax0.4_vmin-0.4_batch0_all_frames.pt
  2121. /blue/shiboli.fsu/yifeisun.umich/adversarial_robustness_FNO/2D_NS_FNO2d_recurrent/datasets/exponax_datasets/t20/generalizability/dim2d_nx256_N10_solver=exponax_nu0.000_t20.0_test_ntimepoints21_LogGRF_rbf_length_scale0.050_variance0.500_exp_factor2.500_vmax0_vmin-1_batch0_all_frames.pt
  2122. /blue/shiboli.fsu/yifeisun.umich/adversarial_robustness_FNO/2D_NS_FNO2d_recurrent/datasets/exponax_datasets/t20/generalizability/dim2d_nx256_N10_solver=exponax_nu0.000_t20.0_test_ntimepoints21_LogGRF_rbf_length_scale0.050_variance0.500_exp_factor2.500_vmax1.5_vmin1_batch0_all_frames.pt
  2123. /blue/shiboli.fsu/yifeisun.umich/adversarial_robustness_FNO/2D_NS_FNO2d_recurrent/datasets/exponax_datasets/t20/generalizability/dim2d_nx256_N10_solver=exponax_nu0.000_t20.0_test_ntimepoints21_LogGRF_rbf_length_scale0.050_variance0.500_exp_factor2.500_vmax1_vmin-1_batch0_all_frames.pt
  2124. /blue/shiboli.fsu/yifeisun.umich/adversarial_robustness_FNO/2D_NS_FNO2d_recurrent/datasets/exponax_datasets/t20/generalizability/dim2d_nx256_N10_solver=exponax_nu0.000_t20.0_test_ntimepoints21_LogGRF_rbf_length_scale0.050_variance0.500_exp_factor2.500_vmax1_vmin0_batch0_all_frames.pt
  2125. /blue/shiboli.fsu/yifeisun.umich/adversarial_robustness_FNO/2D_NS_FNO2d_recurrent/datasets/exponax_datasets/t20/generalizability/dim2d_nx256_N10_solver=exponax_nu0.000_t20.0_test_ntimepoints21_LogGRF_rbf_length_scale0.050_variance1.000_exp_factor2.500_vmax-1_vmin-1.5_batch0_all_frames.pt
  2126. /blue/shiboli.fsu/yifeisun.umich/adversarial_robustness_FNO/2D_NS_FNO2d_recurrent/datasets/exponax_datasets/t20/generalizability/dim2d_nx256_N10_solver=exponax_nu0.000_t20.0_test_ntimepoints21_LogGRF_rbf_length_scale0.050_variance1.000_exp_factor2.500_vmax0.4_vmin-0.4_batch0_all_frames.pt
  2127. /blue/shiboli.fsu/yifeisun.umich/adversarial_robustness_FNO/2D_NS_FNO2d_recurrent/datasets/exponax_datasets/t20/generalizability/dim2d_nx256_N10_solver=exponax_nu0.000_t20.0_test_ntimepoints21_LogGRF_rbf_length_scale0.050_variance1.000_exp_factor2.500_vmax0_vmin-1_batch0_all_frames.pt
  2128. /blue/shiboli.fsu/yifeisun.umich/adversarial_robustness_FNO/2D_NS_FNO2d_recurrent/datasets/exponax_datasets/t20/generalizability/dim2d_nx256_N10_solver=exponax_nu0.000_t20.0_test_ntimepoints21_LogGRF_rbf_length_scale0.050_variance1.000_exp_factor2.500_vmax1.5_vmin1_batch0_all_frames.pt
  2129. /blue/shiboli.fsu/yifeisun.umich/adversarial_robustness_FNO/2D_NS_FNO2d_recurrent/datasets/exponax_datasets/t20/generalizability/dim2d_nx256_N10_solver=exponax_nu0.000_t20.0_test_ntimepoints21_LogGRF_rbf_length_scale0.050_variance1.000_exp_factor2.500_vmax1_vmin-1_batch0_all_frames.pt
  2130. /blue/shiboli.fsu/yifeisun.umich/adversarial_robustness_FNO/2D_NS_FNO2d_recurrent/datasets/exponax_datasets/t20/generalizability/dim2d_nx256_N10_solver=exponax_nu0.000_t20.0_test_ntimepoints21_LogGRF_rbf_length_scale0.050_variance1.000_exp_factor2.500_vmax1_vmin0_batch0_all_frames.pt
  2131. /blue/shiboli.fsu/yifeisun.umich/adversarial_robustness_FNO/2D_NS_FNO2d_recurrent/datasets/exponax_datasets/t20/generalizability/dim2d_nx256_N10_solver=exponax_nu0.000_t20.0_test_ntimepoints21_LogGRF_rbf_length_scale0.050_variance2.000_exp_factor2.500_vmax-1_vmin-1.5_batch0_all_frames.pt
  2132. /blue/shiboli.fsu/yifeisun.umich/adversarial_robustness_FNO/2D_NS_FNO2d_recurrent/datasets/exponax_datasets/t20/generalizability/dim2d_nx256_N10_solver=exponax_nu0.000_t20.0_test_ntimepoints21_LogGRF_rbf_length_scale0.050_variance2.000_exp_factor2.500_vmax0.4_vmin-0.4_batch0_all_frames.pt
  2133. /blue/shiboli.fsu/yifeisun.umich/adversarial_robustness_FNO/2D_NS_FNO2d_recurrent/datasets/exponax_datasets/t20/generalizability/dim2d_nx256_N10_solver=exponax_nu0.000_t20.0_test_ntimepoints21_LogGRF_rbf_length_scale0.050_variance2.000_exp_factor2.500_vmax0_vmin-1_batch0_all_frames.pt
  2134. /blue/shiboli.fsu/yifeisun.umich/adversarial_robustness_FNO/2D_NS_FNO2d_recurrent/datasets/exponax_datasets/t20/generalizability/dim2d_nx256_N10_solver=exponax_nu0.000_t20.0_test_ntimepoints21_LogGRF_rbf_length_scale0.050_variance2.000_exp_factor2.500_vmax1.5_vmin1_batch0_all_frames.pt
  2135. /blue/shiboli.fsu/yifeisun.umich/adversarial_robustness_FNO/2D_NS_FNO2d_recurrent/datasets/exponax_datasets/t20/generalizability/dim2d_nx256_N10_solver=exponax_nu0.000_t20.0_test_ntimepoints21_LogGRF_rbf_length_scale0.050_variance2.000_exp_factor2.500_vmax1_vmin-1_batch0_all_frames.pt
  2136. /blue/shiboli.fsu/yifeisun.umich/adversarial_robustness_FNO/2D_NS_FNO2d_recurrent/datasets/exponax_datasets/t20/generalizability/dim2d_nx256_N10_solver=exponax_nu0.000_t20.0_test_ntimepoints21_LogGRF_rbf_length_scale0.050_variance2.000_exp_factor2.500_vmax1_vmin0_batch0_all_frames.pt
  2137. /blue/shiboli.fsu/yifeisun.umich/adversarial_robustness_FNO/2D_NS_FNO2d_recurrent/datasets/exponax_datasets/t20/generalizability/dim2d_nx256_N10_solver=exponax_nu0.000_t20.0_test_ntimepoints21_LogGRF_rbf_length_scale0.050_variance5_exp_factor2.500_vmax-1_vmin-1.5_batch0_all_frames.pt
  2138. /blue/shiboli.fsu/yifeisun.umich/adversarial_robustness_FNO/2D_NS_FNO2d_recurrent/datasets/exponax_datasets/t20/generalizability/dim2d_nx256_N10_solver=exponax_nu0.000_t20.0_test_ntimepoints21_LogGRF_rbf_length_scale0.050_variance5_exp_factor2.500_vmax0.4_vmin-0.4_batch0_all_frames.pt
  2139. /blue/shiboli.fsu/yifeisun.umich/adversarial_robustness_FNO/2D_NS_FNO2d_recurrent/datasets/exponax_datasets/t20/generalizability/dim2d_nx256_N10_solver=exponax_nu0.000_t20.0_test_ntimepoints21_LogGRF_rbf_length_scale0.050_variance5_exp_factor2.500_vmax0_vmin-1_batch0_all_frames.pt
  2140. /blue/shiboli.fsu/yifeisun.umich/adversarial_robustness_FNO/2D_NS_FNO2d_recurrent/datasets/exponax_datasets/t20/generalizability/dim2d_nx256_N10_solver=exponax_nu0.000_t20.0_test_ntimepoints21_LogGRF_rbf_length_scale0.050_variance5_exp_factor2.500_vmax1.5_vmin1_batch0_all_frames.pt
  2141. /blue/shiboli.fsu/yifeisun.umich/adversarial_robustness_FNO/2D_NS_FNO2d_recurrent/datasets/exponax_datasets/t20/generalizability/dim2d_nx256_N10_solver=exponax_nu0.000_t20.0_test_ntimepoints21_LogGRF_rbf_length_scale0.050_variance5_exp_factor2.500_vmax1_vmin-1_batch0_all_frames.pt
  2142. /blue/shiboli.fsu/yifeisun.umich/adversarial_robustness_FNO/2D_NS_FNO2d_recurrent/datasets/exponax_datasets/t20/generalizability/dim2d_nx256_N10_solver=exponax_nu0.000_t20.0_test_ntimepoints21_LogGRF_rbf_length_scale0.050_variance5_exp_factor2.500_vmax1_vmin0_batch0_all_frames.pt
  2143. /blue/shiboli.fsu/yifeisun.umich/adversarial_robustness_FNO/2D_NS_FNO2d_recurrent/datasets/exponax_datasets/t20/generalizability/dim2d_nx256_N10_solver=exponax_nu0.000_t20.0_test_ntimepoints21_LogGRF_rbf_length_scale0.100_variance0.100_exp_factor2.500_vmax-1_vmin-1.5_batch0_all_frames.pt
  2144. /blue/shiboli.fsu/yifeisun.umich/adversarial_robustness_FNO/2D_NS_FNO2d_recurrent/datasets/exponax_datasets/t20/generalizability/dim2d_nx256_N10_solver=exponax_nu0.000_t20.0_test_ntimepoints21_LogGRF_rbf_length_scale0.100_variance0.100_exp_factor2.500_vmax0.4_vmin-0.4_batch0_all_frames.pt
  2145. /blue/shiboli.fsu/yifeisun.umich/adversarial_robustness_FNO/2D_NS_FNO2d_recurrent/datasets/exponax_datasets/t20/generalizability/dim2d_nx256_N10_solver=exponax_nu0.000_t20.0_test_ntimepoints21_LogGRF_rbf_length_scale0.100_variance0.100_exp_factor2.500_vmax0_vmin-1_batch0_all_frames.pt
  2146. /blue/shiboli.fsu/yifeisun.umich/adversarial_robustness_FNO/2D_NS_FNO2d_recurrent/datasets/exponax_datasets/t20/generalizability/dim2d_nx256_N10_solver=exponax_nu0.000_t20.0_test_ntimepoints21_LogGRF_rbf_length_scale0.100_variance0.100_exp_factor2.500_vmax1.5_vmin1_batch0_all_frames.pt
  2147. /blue/shiboli.fsu/yifeisun.umich/adversarial_robustness_FNO/2D_NS_FNO2d_recurrent/datasets/exponax_datasets/t20/generalizability/dim2d_nx256_N10_solver=exponax_nu0.000_t20.0_test_ntimepoints21_LogGRF_rbf_length_scale0.100_variance0.100_exp_factor2.500_vmax1_vmin-1_batch0_all_frames.pt
  2148. /blue/shiboli.fsu/yifeisun.umich/adversarial_robustness_FNO/2D_NS_FNO2d_recurrent/datasets/exponax_datasets/t20/generalizability/dim2d_nx256_N10_solver=exponax_nu0.000_t20.0_test_ntimepoints21_LogGRF_rbf_length_scale0.100_variance0.100_exp_factor2.500_vmax1_vmin0_batch0_all_frames.pt
  2149. /blue/shiboli.fsu/yifeisun.umich/adversarial_robustness_FNO/2D_NS_FNO2d_recurrent/datasets/exponax_datasets/t20/generalizability/dim2d_nx256_N10_solver=exponax_nu0.000_t20.0_test_ntimepoints21_LogGRF_rbf_length_scale0.100_variance0.500_exp_factor2.500_vmax-1_vmin-1.5_batch0_all_frames.pt
  2150. /blue/shiboli.fsu/yifeisun.umich/adversarial_robustness_FNO/2D_NS_FNO2d_recurrent/datasets/exponax_datasets/t20/generalizability/dim2d_nx256_N10_solver=exponax_nu0.000_t20.0_test_ntimepoints21_LogGRF_rbf_length_scale0.100_variance0.500_exp_factor2.500_vmax0.4_vmin-0.4_batch0_all_frames.pt
  2151. /blue/shiboli.fsu/yifeisun.umich/adversarial_robustness_FNO/2D_NS_FNO2d_recurrent/datasets/exponax_datasets/t20/generalizability/dim2d_nx256_N10_solver=exponax_nu0.000_t20.0_test_ntimepoints21_LogGRF_rbf_length_scale0.100_variance0.500_exp_factor2.500_vmax0_vmin-1_batch0_all_frames.pt
  2152. /blue/shiboli.fsu/yifeisun.umich/adversarial_robustness_FNO/2D_NS_FNO2d_recurrent/datasets/exponax_datasets/t20/generalizability/dim2d_nx256_N10_solver=exponax_nu0.000_t20.0_test_ntimepoints21_LogGRF_rbf_length_scale0.100_variance0.500_exp_factor2.500_vmax1.5_vmin1_batch0_all_frames.pt
  2153. /blue/shiboli.fsu/yifeisun.umich/adversarial_robustness_FNO/2D_NS_FNO2d_recurrent/datasets/exponax_datasets/t20/generalizability/dim2d_nx256_N10_solver=exponax_nu0.000_t20.0_test_ntimepoints21_LogGRF_rbf_length_scale0.100_variance0.500_exp_factor2.500_vmax1_vmin-1_batch0_all_frames.pt
  2154. /blue/shiboli.fsu/yifeisun.umich/adversarial_robustness_FNO/2D_NS_FNO2d_recurrent/datasets/exponax_datasets/t20/generalizability/dim2d_nx256_N10_solver=exponax_nu0.000_t20.0_test_ntimepoints21_LogGRF_rbf_length_scale0.100_variance0.500_exp_factor2.500_vmax1_vmin0_batch0_all_frames.pt
  2155. /blue/shiboli.fsu/yifeisun.umich/adversarial_robustness_FNO/2D_NS_FNO2d_recurrent/datasets/exponax_datasets/t20/generalizability/dim2d_nx256_N10_solver=exponax_nu0.000_t20.0_test_ntimepoints21_LogGRF_rbf_length_scale0.100_variance1.000_exp_factor2.500_vmax-1_vmin-1.5_batch0_all_frames.pt
  2156. /blue/shiboli.fsu/yifeisun.umich/adversarial_robustness_FNO/2D_NS_FNO2d_recurrent/datasets/exponax_datasets/t20/generalizability/dim2d_nx256_N10_solver=exponax_nu0.000_t20.0_test_ntimepoints21_LogGRF_rbf_length_scale0.100_variance1.000_exp_factor2.500_vmax0.4_vmin-0.4_batch0_all_frames.pt
  2157. /blue/shiboli.fsu/yifeisun.umich/adversarial_robustness_FNO/2D_NS_FNO2d_recurrent/datasets/exponax_datasets/t20/generalizability/dim2d_nx256_N10_solver=exponax_nu0.000_t20.0_test_ntimepoints21_LogGRF_rbf_length_scale0.100_variance1.000_exp_factor2.500_vmax0_vmin-1_batch0_all_frames.pt
  2158. /blue/shiboli.fsu/yifeisun.umich/adversarial_robustness_FNO/2D_NS_FNO2d_recurrent/datasets/exponax_datasets/t20/generalizability/dim2d_nx256_N10_solver=exponax_nu0.000_t20.0_test_ntimepoints21_LogGRF_rbf_length_scale0.100_variance1.000_exp_factor2.500_vmax1.5_vmin1_batch0_all_frames.pt
  2159. /blue/shiboli.fsu/yifeisun.umich/adversarial_robustness_FNO/2D_NS_FNO2d_recurrent/datasets/exponax_datasets/t20/generalizability/dim2d_nx256_N10_solver=exponax_nu0.000_t20.0_test_ntimepoints21_LogGRF_rbf_length_scale0.100_variance1.000_exp_factor2.500_vmax1_vmin-1_batch0_all_frames.pt
  2160. /blue/shiboli.fsu/yifeisun.umich/adversarial_robustness_FNO/2D_NS_FNO2d_recurrent/datasets/exponax_datasets/t20/generalizability/dim2d_nx256_N10_solver=exponax_nu0.000_t20.0_test_ntimepoints21_LogGRF_rbf_length_scale0.100_variance1.000_exp_factor2.500_vmax1_vmin0_batch0_all_frames.pt
  2161. /blue/shiboli.fsu/yifeisun.umich/adversarial_robustness_FNO/2D_NS_FNO2d_recurrent/datasets/exponax_datasets/t20/generalizability/dim2d_nx256_N10_solver=exponax_nu0.000_t20.0_test_ntimepoints21_LogGRF_rbf_length_scale0.100_variance2.000_exp_factor2.500_vmax-1_vmin-1.5_batch0_all_frames.pt
  2162. /blue/shiboli.fsu/yifeisun.umich/adversarial_robustness_FNO/2D_NS_FNO2d_recurrent/datasets/exponax_datasets/t20/generalizability/dim2d_nx256_N10_solver=exponax_nu0.000_t20.0_test_ntimepoints21_LogGRF_rbf_length_scale0.100_variance2.000_exp_factor2.500_vmax0.4_vmin-0.4_batch0_all_frames.pt
  2163. /blue/shiboli.fsu/yifeisun.umich/adversarial_robustness_FNO/2D_NS_FNO2d_recurrent/datasets/exponax_datasets/t20/generalizability/dim2d_nx256_N10_solver=exponax_nu0.000_t20.0_test_ntimepoints21_LogGRF_rbf_length_scale0.100_variance2.000_exp_factor2.500_vmax0_vmin-1_batch0_all_frames.pt
  2164. /blue/shiboli.fsu/yifeisun.umich/adversarial_robustness_FNO/2D_NS_FNO2d_recurrent/datasets/exponax_datasets/t20/generalizability/dim2d_nx256_N10_solver=exponax_nu0.000_t20.0_test_ntimepoints21_LogGRF_rbf_length_scale0.100_variance2.000_exp_factor2.500_vmax1.5_vmin1_batch0_all_frames.pt
  2165. /blue/shiboli.fsu/yifeisun.umich/adversarial_robustness_FNO/2D_NS_FNO2d_recurrent/datasets/exponax_datasets/t20/generalizability/dim2d_nx256_N10_solver=exponax_nu0.000_t20.0_test_ntimepoints21_LogGRF_rbf_length_scale0.100_variance2.000_exp_factor2.500_vmax1_vmin-1_batch0_all_frames.pt
  2166. /blue/shiboli.fsu/yifeisun.umich/adversarial_robustness_FNO/2D_NS_FNO2d_recurrent/datasets/exponax_datasets/t20/generalizability/dim2d_nx256_N10_solver=exponax_nu0.000_t20.0_test_ntimepoints21_LogGRF_rbf_length_scale0.100_variance2.000_exp_factor2.500_vmax1_vmin0_batch0_all_frames.pt
  2167. /blue/shiboli.fsu/yifeisun.umich/adversarial_robustness_FNO/2D_NS_FNO2d_recurrent/datasets/exponax_datasets/t20/generalizability/dim2d_nx256_N10_solver=exponax_nu0.000_t20.0_test_ntimepoints21_LogGRF_rbf_length_scale0.100_variance5_exp_factor2.500_vmax-1_vmin-1.5_batch0_all_frames.pt
  2168. /blue/shiboli.fsu/yifeisun.umich/adversarial_robustness_FNO/2D_NS_FNO2d_recurrent/datasets/exponax_datasets/t20/generalizability/dim2d_nx256_N10_solver=exponax_nu0.000_t20.0_test_ntimepoints21_LogGRF_rbf_length_scale0.100_variance5_exp_factor2.500_vmax0.4_vmin-0.4_batch0_all_frames.pt
  2169. /blue/shiboli.fsu/yifeisun.umich/adversarial_robustness_FNO/2D_NS_FNO2d_recurrent/datasets/exponax_datasets/t20/generalizability/dim2d_nx256_N10_solver=exponax_nu0.000_t20.0_test_ntimepoints21_LogGRF_rbf_length_scale0.100_variance5_exp_factor2.500_vmax0_vmin-1_batch0_all_frames.pt
  2170. /blue/shiboli.fsu/yifeisun.umich/adversarial_robustness_FNO/2D_NS_FNO2d_recurrent/datasets/exponax_datasets/t20/generalizability/dim2d_nx256_N10_solver=exponax_nu0.000_t20.0_test_ntimepoints21_LogGRF_rbf_length_scale0.100_variance5_exp_factor2.500_vmax1.5_vmin1_batch0_all_frames.pt
  2171. /blue/shiboli.fsu/yifeisun.umich/adversarial_robustness_FNO/2D_NS_FNO2d_recurrent/datasets/exponax_datasets/t20/generalizability/dim2d_nx256_N10_solver=exponax_nu0.000_t20.0_test_ntimepoints21_LogGRF_rbf_length_scale0.100_variance5_exp_factor2.500_vmax1_vmin-1_batch0_all_frames.pt
  2172. /blue/shiboli.fsu/yifeisun.umich/adversarial_robustness_FNO/2D_NS_FNO2d_recurrent/datasets/exponax_datasets/t20/generalizability/dim2d_nx256_N10_solver=exponax_nu0.000_t20.0_test_ntimepoints21_LogGRF_rbf_length_scale0.100_variance5_exp_factor2.500_vmax1_vmin0_batch0_all_frames.pt
  2173. /blue/shiboli.fsu/yifeisun.umich/adversarial_robustness_FNO/2D_NS_FNO2d_recurrent/datasets/exponax_datasets/t20/generalizability/dim2d_nx256_N10_solver=exponax_nu0.000_t20.0_test_ntimepoints21_LogGRF_rbf_length_scale0.200_variance0.100_exp_factor2.500_vmax-1_vmin-1.5_batch0_all_frames.pt
  2174. /blue/shiboli.fsu/yifeisun.umich/adversarial_robustness_FNO/2D_NS_FNO2d_recurrent/datasets/exponax_datasets/t20/generalizability/dim2d_nx256_N10_solver=exponax_nu0.000_t20.0_test_ntimepoints21_LogGRF_rbf_length_scale0.200_variance0.100_exp_factor2.500_vmax0.4_vmin-0.4_batch0_all_frames.pt
  2175. /blue/shiboli.fsu/yifeisun.umich/adversarial_robustness_FNO/2D_NS_FNO2d_recurrent/datasets/exponax_datasets/t20/generalizability/dim2d_nx256_N10_solver=exponax_nu0.000_t20.0_test_ntimepoints21_LogGRF_rbf_length_scale0.200_variance0.100_exp_factor2.500_vmax0_vmin-1_batch0_all_frames.pt
  2176. /blue/shiboli.fsu/yifeisun.umich/adversarial_robustness_FNO/2D_NS_FNO2d_recurrent/datasets/exponax_datasets/t20/generalizability/dim2d_nx256_N10_solver=exponax_nu0.000_t20.0_test_ntimepoints21_LogGRF_rbf_length_scale0.200_variance0.100_exp_factor2.500_vmax1.5_vmin1_batch0_all_frames.pt
  2177. /blue/shiboli.fsu/yifeisun.umich/adversarial_robustness_FNO/2D_NS_FNO2d_recurrent/datasets/exponax_datasets/t20/generalizability/dim2d_nx256_N10_solver=exponax_nu0.000_t20.0_test_ntimepoints21_LogGRF_rbf_length_scale0.200_variance0.100_exp_factor2.500_vmax1_vmin-1_batch0_all_frames.pt
  2178. /blue/shiboli.fsu/yifeisun.umich/adversarial_robustness_FNO/2D_NS_FNO2d_recurrent/datasets/exponax_datasets/t20/generalizability/dim2d_nx256_N10_solver=exponax_nu0.000_t20.0_test_ntimepoints21_LogGRF_rbf_length_scale0.200_variance0.100_exp_factor2.500_vmax1_vmin0_batch0_all_frames.pt
  2179. /blue/shiboli.fsu/yifeisun.umich/adversarial_robustness_FNO/2D_NS_FNO2d_recurrent/datasets/exponax_datasets/t20/generalizability/dim2d_nx256_N10_solver=exponax_nu0.000_t20.0_test_ntimepoints21_LogGRF_rbf_length_scale0.200_variance0.500_exp_factor2.500_vmax-1_vmin-1.5_batch0_all_frames.pt
  2180. /blue/shiboli.fsu/yifeisun.umich/adversarial_robustness_FNO/2D_NS_FNO2d_recurrent/datasets/exponax_datasets/t20/generalizability/dim2d_nx256_N10_solver=exponax_nu0.000_t20.0_test_ntimepoints21_LogGRF_rbf_length_scale0.200_variance0.500_exp_factor2.500_vmax0.4_vmin-0.4_batch0_all_frames.pt
  2181. /blue/shiboli.fsu/yifeisun.umich/adversarial_robustness_FNO/2D_NS_FNO2d_recurrent/datasets/exponax_datasets/t20/generalizability/dim2d_nx256_N10_solver=exponax_nu0.000_t20.0_test_ntimepoints21_LogGRF_rbf_length_scale0.200_variance0.500_exp_factor2.500_vmax0_vmin-1_batch0_all_frames.pt
  2182. /blue/shiboli.fsu/yifeisun.umich/adversarial_robustness_FNO/2D_NS_FNO2d_recurrent/datasets/exponax_datasets/t20/generalizability/dim2d_nx256_N10_solver=exponax_nu0.000_t20.0_test_ntimepoints21_LogGRF_rbf_length_scale0.200_variance0.500_exp_factor2.500_vmax1.5_vmin1_batch0_all_frames.pt
  2183. /blue/shiboli.fsu/yifeisun.umich/adversarial_robustness_FNO/2D_NS_FNO2d_recurrent/datasets/exponax_datasets/t20/generalizability/dim2d_nx256_N10_solver=exponax_nu0.000_t20.0_test_ntimepoints21_LogGRF_rbf_length_scale0.200_variance0.500_exp_factor2.500_vmax1_vmin-1_batch0_all_frames.pt
  2184. /blue/shiboli.fsu/yifeisun.umich/adversarial_robustness_FNO/2D_NS_FNO2d_recurrent/datasets/exponax_datasets/t20/generalizability/dim2d_nx256_N10_solver=exponax_nu0.000_t20.0_test_ntimepoints21_LogGRF_rbf_length_scale0.200_variance0.500_exp_factor2.500_vmax1_vmin0_batch0_all_frames.pt
  2185. /blue/shiboli.fsu/yifeisun.umich/adversarial_robustness_FNO/2D_NS_FNO2d_recurrent/datasets/exponax_datasets/t20/generalizability/dim2d_nx256_N10_solver=exponax_nu0.000_t20.0_test_ntimepoints21_LogGRF_rbf_length_scale0.200_variance1.000_exp_factor2.500_vmax-1_vmin-1.5_batch0_all_frames.pt
  2186. /blue/shiboli.fsu/yifeisun.umich/adversarial_robustness_FNO/2D_NS_FNO2d_recurrent/datasets/exponax_datasets/t20/generalizability/dim2d_nx256_N10_solver=exponax_nu0.000_t20.0_test_ntimepoints21_LogGRF_rbf_length_scale0.200_variance1.000_exp_factor2.500_vmax0.4_vmin-0.4_batch0_all_frames.pt
  2187. /blue/shiboli.fsu/yifeisun.umich/adversarial_robustness_FNO/2D_NS_FNO2d_recurrent/datasets/exponax_datasets/t20/generalizability/dim2d_nx256_N10_solver=exponax_nu0.000_t20.0_test_ntimepoints21_LogGRF_rbf_length_scale0.200_variance1.000_exp_factor2.500_vmax0_vmin-1_batch0_all_frames.pt
  2188. /blue/shiboli.fsu/yifeisun.umich/adversarial_robustness_FNO/2D_NS_FNO2d_recurrent/datasets/exponax_datasets/t20/generalizability/dim2d_nx256_N10_solver=exponax_nu0.000_t20.0_test_ntimepoints21_LogGRF_rbf_length_scale0.200_variance1.000_exp_factor2.500_vmax1.5_vmin1_batch0_all_frames.pt
  2189. /blue/shiboli.fsu/yifeisun.umich/adversarial_robustness_FNO/2D_NS_FNO2d_recurrent/datasets/exponax_datasets/t20/generalizability/dim2d_nx256_N10_solver=exponax_nu0.000_t20.0_test_ntimepoints21_LogGRF_rbf_length_scale0.200_variance1.000_exp_factor2.500_vmax1_vmin-1_batch0_all_frames.pt
  2190. /blue/shiboli.fsu/yifeisun.umich/adversarial_robustness_FNO/2D_NS_FNO2d_recurrent/datasets/exponax_datasets/t20/generalizability/dim2d_nx256_N10_solver=exponax_nu0.000_t20.0_test_ntimepoints21_LogGRF_rbf_length_scale0.200_variance1.000_exp_factor2.500_vmax1_vmin0_batch0_all_frames.pt
  2191. /blue/shiboli.fsu/yifeisun.umich/adversarial_robustness_FNO/2D_NS_FNO2d_recurrent/datasets/exponax_datasets/t20/generalizability/dim2d_nx256_N10_solver=exponax_nu0.000_t20.0_test_ntimepoints21_LogGRF_rbf_length_scale0.200_variance2.000_exp_factor2.500_vmax-1_vmin-1.5_batch0_all_frames.pt
  2192. /blue/shiboli.fsu/yifeisun.umich/adversarial_robustness_FNO/2D_NS_FNO2d_recurrent/datasets/exponax_datasets/t20/generalizability/dim2d_nx256_N10_solver=exponax_nu0.000_t20.0_test_ntimepoints21_LogGRF_rbf_length_scale0.200_variance2.000_exp_factor2.500_vmax0.4_vmin-0.4_batch0_all_frames.pt
  2193. /blue/shiboli.fsu/yifeisun.umich/adversarial_robustness_FNO/2D_NS_FNO2d_recurrent/datasets/exponax_datasets/t20/generalizability/dim2d_nx256_N10_solver=exponax_nu0.000_t20.0_test_ntimepoints21_LogGRF_rbf_length_scale0.200_variance2.000_exp_factor2.500_vmax0_vmin-1_batch0_all_frames.pt
  2194. /blue/shiboli.fsu/yifeisun.umich/adversarial_robustness_FNO/2D_NS_FNO2d_recurrent/datasets/exponax_datasets/t20/generalizability/dim2d_nx256_N10_solver=exponax_nu0.000_t20.0_test_ntimepoints21_LogGRF_rbf_length_scale0.200_variance2.000_exp_factor2.500_vmax1.5_vmin1_batch0_all_frames.pt
  2195. /blue/shiboli.fsu/yifeisun.umich/adversarial_robustness_FNO/2D_NS_FNO2d_recurrent/datasets/exponax_datasets/t20/generalizability/dim2d_nx256_N10_solver=exponax_nu0.000_t20.0_test_ntimepoints21_LogGRF_rbf_length_scale0.200_variance2.000_exp_factor2.500_vmax1_vmin-1_batch0_all_frames.pt
  2196. /blue/shiboli.fsu/yifeisun.umich/adversarial_robustness_FNO/2D_NS_FNO2d_recurrent/datasets/exponax_datasets/t20/generalizability/dim2d_nx256_N10_solver=exponax_nu0.000_t20.0_test_ntimepoints21_LogGRF_rbf_length_scale0.200_variance2.000_exp_factor2.500_vmax1_vmin0_batch0_all_frames.pt
  2197. /blue/shiboli.fsu/yifeisun.umich/adversarial_robustness_FNO/2D_NS_FNO2d_recurrent/datasets/exponax_datasets/t20/generalizability/dim2d_nx256_N10_solver=exponax_nu0.000_t20.0_test_ntimepoints21_LogGRF_rbf_length_scale0.200_variance5_exp_factor2.500_vmax-1_vmin-1.5_batch0_all_frames.pt
  2198. /blue/shiboli.fsu/yifeisun.umich/adversarial_robustness_FNO/2D_NS_FNO2d_recurrent/datasets/exponax_datasets/t20/generalizability/dim2d_nx256_N10_solver=exponax_nu0.000_t20.0_test_ntimepoints21_LogGRF_rbf_length_scale0.200_variance5_exp_factor2.500_vmax0.4_vmin-0.4_batch0_all_frames.pt
  2199. /blue/shiboli.fsu/yifeisun.umich/adversarial_robustness_FNO/2D_NS_FNO2d_recurrent/datasets/exponax_datasets/t20/generalizability/dim2d_nx256_N10_solver=exponax_nu0.000_t20.0_test_ntimepoints21_LogGRF_rbf_length_scale0.200_variance5_exp_factor2.500_vmax0_vmin-1_batch0_all_frames.pt
  2200. /blue/shiboli.fsu/yifeisun.umich/adversarial_robustness_FNO/2D_NS_FNO2d_recurrent/datasets/exponax_datasets/t20/generalizability/dim2d_nx256_N10_solver=exponax_nu0.000_t20.0_test_ntimepoints21_LogGRF_rbf_length_scale0.200_variance5_exp_factor2.500_vmax1.5_vmin1_batch0_all_frames.pt
  2201. /blue/shiboli.fsu/yifeisun.umich/adversarial_robustness_FNO/2D_NS_FNO2d_recurrent/datasets/exponax_datasets/t20/generalizability/dim2d_nx256_N10_solver=exponax_nu0.000_t20.0_test_ntimepoints21_LogGRF_rbf_length_scale0.200_variance5_exp_factor2.500_vmax1_vmin-1_batch0_all_frames.pt
  2202. /blue/shiboli.fsu/yifeisun.umich/adversarial_robustness_FNO/2D_NS_FNO2d_recurrent/datasets/exponax_datasets/t20/generalizability/dim2d_nx256_N10_solver=exponax_nu0.000_t20.0_test_ntimepoints21_LogGRF_rbf_length_scale0.200_variance5_exp_factor2.500_vmax1_vmin0_batch0_all_frames.pt
  2203. /blue/shiboli.fsu/yifeisun.umich/adversarial_robustness_FNO/2D_NS_FNO2d_recurrent/datasets/exponax_datasets/t20/generalizability/dim2d_nx256_N10_solver=exponax_nu0.000_t20.0_test_ntimepoints21_LogGRF_rq_length_scale0.050_variance0.700_alpha0.750_exp_factor2.500_vmax-1_vmin-1.5_batch0_all_frames.pt
  2204. /blue/shiboli.fsu/yifeisun.umich/adversarial_robustness_FNO/2D_NS_FNO2d_recurrent/datasets/exponax_datasets/t20/generalizability/dim2d_nx256_N10_solver=exponax_nu0.000_t20.0_test_ntimepoints21_LogGRF_rq_length_scale0.050_variance0.700_alpha0.750_exp_factor2.500_vmax0.4_vmin-0.4_batch0_all_frames.pt
  2205. /blue/shiboli.fsu/yifeisun.umich/adversarial_robustness_FNO/2D_NS_FNO2d_recurrent/datasets/exponax_datasets/t20/generalizability/dim2d_nx256_N10_solver=exponax_nu0.000_t20.0_test_ntimepoints21_LogGRF_rq_length_scale0.050_variance0.700_alpha0.750_exp_factor2.500_vmax0_vmin-1_batch0_all_frames.pt
  2206. /blue/shiboli.fsu/yifeisun.umich/adversarial_robustness_FNO/2D_NS_FNO2d_recurrent/datasets/exponax_datasets/t20/generalizability/dim2d_nx256_N10_solver=exponax_nu0.000_t20.0_test_ntimepoints21_LogGRF_rq_length_scale0.050_variance0.700_alpha0.750_exp_factor2.500_vmax1.5_vmin1_batch0_all_frames.pt
  2207. /blue/shiboli.fsu/yifeisun.umich/adversarial_robustness_FNO/2D_NS_FNO2d_recurrent/datasets/exponax_datasets/t20/generalizability/dim2d_nx256_N10_solver=exponax_nu0.000_t20.0_test_ntimepoints21_LogGRF_rq_length_scale0.050_variance0.700_alpha0.750_exp_factor2.500_vmax1_vmin-1_batch0_all_frames.pt
  2208. /blue/shiboli.fsu/yifeisun.umich/adversarial_robustness_FNO/2D_NS_FNO2d_recurrent/datasets/exponax_datasets/t20/generalizability/dim2d_nx256_N10_solver=exponax_nu0.000_t20.0_test_ntimepoints21_LogGRF_rq_length_scale0.050_variance0.700_alpha0.750_exp_factor2.500_vmax1_vmin0_batch0_all_frames.pt
  2209. /blue/shiboli.fsu/yifeisun.umich/adversarial_robustness_FNO/2D_NS_FNO2d_recurrent/datasets/exponax_datasets/t20/generalizability/dim2d_nx256_N10_solver=exponax_nu0.000_t20.0_test_ntimepoints21_LogGRF_rq_length_scale0.050_variance0.700_alpha1.000_exp_factor2.500_vmax-1_vmin-1.5_batch0_all_frames.pt
  2210. /blue/shiboli.fsu/yifeisun.umich/adversarial_robustness_FNO/2D_NS_FNO2d_recurrent/datasets/exponax_datasets/t20/generalizability/dim2d_nx256_N10_solver=exponax_nu0.000_t20.0_test_ntimepoints21_LogGRF_rq_length_scale0.050_variance0.700_alpha1.000_exp_factor2.500_vmax0.4_vmin-0.4_batch0_all_frames.pt
  2211. /blue/shiboli.fsu/yifeisun.umich/adversarial_robustness_FNO/2D_NS_FNO2d_recurrent/datasets/exponax_datasets/t20/generalizability/dim2d_nx256_N10_solver=exponax_nu0.000_t20.0_test_ntimepoints21_LogGRF_rq_length_scale0.050_variance0.700_alpha1.000_exp_factor2.500_vmax0_vmin-1_batch0_all_frames.pt
  2212. /blue/shiboli.fsu/yifeisun.umich/adversarial_robustness_FNO/2D_NS_FNO2d_recurrent/datasets/exponax_datasets/t20/generalizability/dim2d_nx256_N10_solver=exponax_nu0.000_t20.0_test_ntimepoints21_LogGRF_rq_length_scale0.050_variance0.700_alpha1.000_exp_factor2.500_vmax1.5_vmin1_batch0_all_frames.pt
  2213. /blue/shiboli.fsu/yifeisun.umich/adversarial_robustness_FNO/2D_NS_FNO2d_recurrent/datasets/exponax_datasets/t20/generalizability/dim2d_nx256_N10_solver=exponax_nu0.000_t20.0_test_ntimepoints21_LogGRF_rq_length_scale0.050_variance0.700_alpha1.000_exp_factor2.500_vmax1_vmin-1_batch0_all_frames.pt
  2214. /blue/shiboli.fsu/yifeisun.umich/adversarial_robustness_FNO/2D_NS_FNO2d_recurrent/datasets/exponax_datasets/t20/generalizability/dim2d_nx256_N10_solver=exponax_nu0.000_t20.0_test_ntimepoints21_LogGRF_rq_length_scale0.050_variance0.700_alpha1.000_exp_factor2.500_vmax1_vmin0_batch0_all_frames.pt
  2215. /blue/shiboli.fsu/yifeisun.umich/adversarial_robustness_FNO/2D_NS_FNO2d_recurrent/datasets/exponax_datasets/t20/generalizability/dim2d_nx256_N10_solver=exponax_nu0.000_t20.0_test_ntimepoints21_LogGRF_rq_length_scale0.050_variance0.700_alpha1.500_exp_factor2.500_vmax-1_vmin-1.5_batch0_all_frames.pt
  2216. /blue/shiboli.fsu/yifeisun.umich/adversarial_robustness_FNO/2D_NS_FNO2d_recurrent/datasets/exponax_datasets/t20/generalizability/dim2d_nx256_N10_solver=exponax_nu0.000_t20.0_test_ntimepoints21_LogGRF_rq_length_scale0.050_variance0.700_alpha1.500_exp_factor2.500_vmax0.4_vmin-0.4_batch0_all_frames.pt
  2217. /blue/shiboli.fsu/yifeisun.umich/adversarial_robustness_FNO/2D_NS_FNO2d_recurrent/datasets/exponax_datasets/t20/generalizability/dim2d_nx256_N10_solver=exponax_nu0.000_t20.0_test_ntimepoints21_LogGRF_rq_length_scale0.050_variance0.700_alpha1.500_exp_factor2.500_vmax0_vmin-1_batch0_all_frames.pt
  2218. /blue/shiboli.fsu/yifeisun.umich/adversarial_robustness_FNO/2D_NS_FNO2d_recurrent/datasets/exponax_datasets/t20/generalizability/dim2d_nx256_N10_solver=exponax_nu0.000_t20.0_test_ntimepoints21_LogGRF_rq_length_scale0.050_variance0.700_alpha1.500_exp_factor2.500_vmax1.5_vmin1_batch0_all_frames.pt
  2219. /blue/shiboli.fsu/yifeisun.umich/adversarial_robustness_FNO/2D_NS_FNO2d_recurrent/datasets/exponax_datasets/t20/generalizability/dim2d_nx256_N10_solver=exponax_nu0.000_t20.0_test_ntimepoints21_LogGRF_rq_length_scale0.050_variance0.700_alpha1.500_exp_factor2.500_vmax1_vmin-1_batch0_all_frames.pt
  2220. /blue/shiboli.fsu/yifeisun.umich/adversarial_robustness_FNO/2D_NS_FNO2d_recurrent/datasets/exponax_datasets/t20/generalizability/dim2d_nx256_N10_solver=exponax_nu0.000_t20.0_test_ntimepoints21_LogGRF_rq_length_scale0.050_variance0.700_alpha1.500_exp_factor2.500_vmax1_vmin0_batch0_all_frames.pt
  2221. /blue/shiboli.fsu/yifeisun.umich/adversarial_robustness_FNO/2D_NS_FNO2d_recurrent/datasets/exponax_datasets/t20/generalizability/dim2d_nx256_N10_solver=exponax_nu0.000_t20.0_test_ntimepoints21_LogGRF_rq_length_scale0.050_variance0.700_alpha1.700_exp_factor2.500_vmax-1_vmin-1.5_batch0_all_frames.pt
  2222. /blue/shiboli.fsu/yifeisun.umich/adversarial_robustness_FNO/2D_NS_FNO2d_recurrent/datasets/exponax_datasets/t20/generalizability/dim2d_nx256_N10_solver=exponax_nu0.000_t20.0_test_ntimepoints21_LogGRF_rq_length_scale0.050_variance0.700_alpha1.700_exp_factor2.500_vmax0.4_vmin-0.4_batch0_all_frames.pt
  2223. /blue/shiboli.fsu/yifeisun.umich/adversarial_robustness_FNO/2D_NS_FNO2d_recurrent/datasets/exponax_datasets/t20/generalizability/dim2d_nx256_N10_solver=exponax_nu0.000_t20.0_test_ntimepoints21_LogGRF_rq_length_scale0.050_variance0.700_alpha1.700_exp_factor2.500_vmax0_vmin-1_batch0_all_frames.pt
  2224. /blue/shiboli.fsu/yifeisun.umich/adversarial_robustness_FNO/2D_NS_FNO2d_recurrent/datasets/exponax_datasets/t20/generalizability/dim2d_nx256_N10_solver=exponax_nu0.000_t20.0_test_ntimepoints21_LogGRF_rq_length_scale0.050_variance0.700_alpha1.700_exp_factor2.500_vmax1.5_vmin1_batch0_all_frames.pt
  2225. /blue/shiboli.fsu/yifeisun.umich/adversarial_robustness_FNO/2D_NS_FNO2d_recurrent/datasets/exponax_datasets/t20/generalizability/dim2d_nx256_N10_solver=exponax_nu0.000_t20.0_test_ntimepoints21_LogGRF_rq_length_scale0.050_variance0.700_alpha1.700_exp_factor2.500_vmax1_vmin-1_batch0_all_frames.pt
  2226. /blue/shiboli.fsu/yifeisun.umich/adversarial_robustness_FNO/2D_NS_FNO2d_recurrent/datasets/exponax_datasets/t20/generalizability/dim2d_nx256_N10_solver=exponax_nu0.000_t20.0_test_ntimepoints21_LogGRF_rq_length_scale0.050_variance0.700_alpha1.700_exp_factor2.500_vmax1_vmin0_batch0_all_frames.pt
  2227. /blue/shiboli.fsu/yifeisun.umich/adversarial_robustness_FNO/2D_NS_FNO2d_recurrent/datasets/exponax_datasets/t20/generalizability/dim2d_nx256_N10_solver=exponax_nu0.000_t20.0_test_ntimepoints21_LogGRF_rq_length_scale0.050_variance1.000_alpha0.750_exp_factor2.500_vmax-1_vmin-1.5_batch0_all_frames.pt
  2228. /blue/shiboli.fsu/yifeisun.umich/adversarial_robustness_FNO/2D_NS_FNO2d_recurrent/datasets/exponax_datasets/t20/generalizability/dim2d_nx256_N10_solver=exponax_nu0.000_t20.0_test_ntimepoints21_LogGRF_rq_length_scale0.050_variance1.000_alpha0.750_exp_factor2.500_vmax0.4_vmin-0.4_batch0_all_frames.pt
  2229. /blue/shiboli.fsu/yifeisun.umich/adversarial_robustness_FNO/2D_NS_FNO2d_recurrent/datasets/exponax_datasets/t20/generalizability/dim2d_nx256_N10_solver=exponax_nu0.000_t20.0_test_ntimepoints21_LogGRF_rq_length_scale0.050_variance1.000_alpha0.750_exp_factor2.500_vmax0_vmin-1_batch0_all_frames.pt
  2230. /blue/shiboli.fsu/yifeisun.umich/adversarial_robustness_FNO/2D_NS_FNO2d_recurrent/datasets/exponax_datasets/t20/generalizability/dim2d_nx256_N10_solver=exponax_nu0.000_t20.0_test_ntimepoints21_LogGRF_rq_length_scale0.050_variance1.000_alpha0.750_exp_factor2.500_vmax1.5_vmin1_batch0_all_frames.pt
  2231. /blue/shiboli.fsu/yifeisun.umich/adversarial_robustness_FNO/2D_NS_FNO2d_recurrent/datasets/exponax_datasets/t20/generalizability/dim2d_nx256_N10_solver=exponax_nu0.000_t20.0_test_ntimepoints21_LogGRF_rq_length_scale0.050_variance1.000_alpha0.750_exp_factor2.500_vmax1_vmin-1_batch0_all_frames.pt
  2232. /blue/shiboli.fsu/yifeisun.umich/adversarial_robustness_FNO/2D_NS_FNO2d_recurrent/datasets/exponax_datasets/t20/generalizability/dim2d_nx256_N10_solver=exponax_nu0.000_t20.0_test_ntimepoints21_LogGRF_rq_length_scale0.050_variance1.000_alpha0.750_exp_factor2.500_vmax1_vmin0_batch0_all_frames.pt
  2233. /blue/shiboli.fsu/yifeisun.umich/adversarial_robustness_FNO/2D_NS_FNO2d_recurrent/datasets/exponax_datasets/t20/generalizability/dim2d_nx256_N10_solver=exponax_nu0.000_t20.0_test_ntimepoints21_LogGRF_rq_length_scale0.050_variance1.000_alpha1.000_exp_factor2.500_vmax-1_vmin-1.5_batch0_all_frames.pt
  2234. /blue/shiboli.fsu/yifeisun.umich/adversarial_robustness_FNO/2D_NS_FNO2d_recurrent/datasets/exponax_datasets/t20/generalizability/dim2d_nx256_N10_solver=exponax_nu0.000_t20.0_test_ntimepoints21_LogGRF_rq_length_scale0.050_variance1.000_alpha1.000_exp_factor2.500_vmax0.4_vmin-0.4_batch0_all_frames.pt
  2235. /blue/shiboli.fsu/yifeisun.umich/adversarial_robustness_FNO/2D_NS_FNO2d_recurrent/datasets/exponax_datasets/t20/generalizability/dim2d_nx256_N10_solver=exponax_nu0.000_t20.0_test_ntimepoints21_LogGRF_rq_length_scale0.050_variance1.000_alpha1.000_exp_factor2.500_vmax0_vmin-1_batch0_all_frames.pt
  2236. /blue/shiboli.fsu/yifeisun.umich/adversarial_robustness_FNO/2D_NS_FNO2d_recurrent/datasets/exponax_datasets/t20/generalizability/dim2d_nx256_N10_solver=exponax_nu0.000_t20.0_test_ntimepoints21_LogGRF_rq_length_scale0.050_variance1.000_alpha1.000_exp_factor2.500_vmax1.5_vmin1_batch0_all_frames.pt
  2237. /blue/shiboli.fsu/yifeisun.umich/adversarial_robustness_FNO/2D_NS_FNO2d_recurrent/datasets/exponax_datasets/t20/generalizability/dim2d_nx256_N10_solver=exponax_nu0.000_t20.0_test_ntimepoints21_LogGRF_rq_length_scale0.050_variance1.000_alpha1.000_exp_factor2.500_vmax1_vmin-1_batch0_all_frames.pt
  2238. /blue/shiboli.fsu/yifeisun.umich/adversarial_robustness_FNO/2D_NS_FNO2d_recurrent/datasets/exponax_datasets/t20/generalizability/dim2d_nx256_N10_solver=exponax_nu0.000_t20.0_test_ntimepoints21_LogGRF_rq_length_scale0.050_variance1.000_alpha1.000_exp_factor2.500_vmax1_vmin0_batch0_all_frames.pt
  2239. /blue/shiboli.fsu/yifeisun.umich/adversarial_robustness_FNO/2D_NS_FNO2d_recurrent/datasets/exponax_datasets/t20/generalizability/dim2d_nx256_N10_solver=exponax_nu0.000_t20.0_test_ntimepoints21_LogGRF_rq_length_scale0.050_variance1.000_alpha1.500_exp_factor2.500_vmax-1_vmin-1.5_batch0_all_frames.pt
  2240. /blue/shiboli.fsu/yifeisun.umich/adversarial_robustness_FNO/2D_NS_FNO2d_recurrent/datasets/exponax_datasets/t20/generalizability/dim2d_nx256_N10_solver=exponax_nu0.000_t20.0_test_ntimepoints21_LogGRF_rq_length_scale0.050_variance1.000_alpha1.500_exp_factor2.500_vmax0.4_vmin-0.4_batch0_all_frames.pt
  2241. /blue/shiboli.fsu/yifeisun.umich/adversarial_robustness_FNO/2D_NS_FNO2d_recurrent/datasets/exponax_datasets/t20/generalizability/dim2d_nx256_N10_solver=exponax_nu0.000_t20.0_test_ntimepoints21_LogGRF_rq_length_scale0.050_variance1.000_alpha1.500_exp_factor2.500_vmax0_vmin-1_batch0_all_frames.pt
  2242. /blue/shiboli.fsu/yifeisun.umich/adversarial_robustness_FNO/2D_NS_FNO2d_recurrent/datasets/exponax_datasets/t20/generalizability/dim2d_nx256_N10_solver=exponax_nu0.000_t20.0_test_ntimepoints21_LogGRF_rq_length_scale0.050_variance1.000_alpha1.500_exp_factor2.500_vmax1.5_vmin1_batch0_all_frames.pt
  2243. /blue/shiboli.fsu/yifeisun.umich/adversarial_robustness_FNO/2D_NS_FNO2d_recurrent/datasets/exponax_datasets/t20/generalizability/dim2d_nx256_N10_solver=exponax_nu0.000_t20.0_test_ntimepoints21_LogGRF_rq_length_scale0.050_variance1.000_alpha1.500_exp_factor2.500_vmax1_vmin-1_batch0_all_frames.pt
  2244. /blue/shiboli.fsu/yifeisun.umich/adversarial_robustness_FNO/2D_NS_FNO2d_recurrent/datasets/exponax_datasets/t20/generalizability/dim2d_nx256_N10_solver=exponax_nu0.000_t20.0_test_ntimepoints21_LogGRF_rq_length_scale0.050_variance1.000_alpha1.500_exp_factor2.500_vmax1_vmin0_batch0_all_frames.pt
  2245. /blue/shiboli.fsu/yifeisun.umich/adversarial_robustness_FNO/2D_NS_FNO2d_recurrent/datasets/exponax_datasets/t20/generalizability/dim2d_nx256_N10_solver=exponax_nu0.000_t20.0_test_ntimepoints21_LogGRF_rq_length_scale0.050_variance1.000_alpha1.700_exp_factor2.500_vmax-1_vmin-1.5_batch0_all_frames.pt
  2246. /blue/shiboli.fsu/yifeisun.umich/adversarial_robustness_FNO/2D_NS_FNO2d_recurrent/datasets/exponax_datasets/t20/generalizability/dim2d_nx256_N10_solver=exponax_nu0.000_t20.0_test_ntimepoints21_LogGRF_rq_length_scale0.050_variance1.000_alpha1.700_exp_factor2.500_vmax0.4_vmin-0.4_batch0_all_frames.pt
  2247. /blue/shiboli.fsu/yifeisun.umich/adversarial_robustness_FNO/2D_NS_FNO2d_recurrent/datasets/exponax_datasets/t20/generalizability/dim2d_nx256_N10_solver=exponax_nu0.000_t20.0_test_ntimepoints21_LogGRF_rq_length_scale0.050_variance1.000_alpha1.700_exp_factor2.500_vmax0_vmin-1_batch0_all_frames.pt
  2248. /blue/shiboli.fsu/yifeisun.umich/adversarial_robustness_FNO/2D_NS_FNO2d_recurrent/datasets/exponax_datasets/t20/generalizability/dim2d_nx256_N10_solver=exponax_nu0.000_t20.0_test_ntimepoints21_LogGRF_rq_length_scale0.050_variance1.000_alpha1.700_exp_factor2.500_vmax1.5_vmin1_batch0_all_frames.pt
  2249. /blue/shiboli.fsu/yifeisun.umich/adversarial_robustness_FNO/2D_NS_FNO2d_recurrent/datasets/exponax_datasets/t20/generalizability/dim2d_nx256_N10_solver=exponax_nu0.000_t20.0_test_ntimepoints21_LogGRF_rq_length_scale0.050_variance1.000_alpha1.700_exp_factor2.500_vmax1_vmin-1_batch0_all_frames.pt
  2250. /blue/shiboli.fsu/yifeisun.umich/adversarial_robustness_FNO/2D_NS_FNO2d_recurrent/datasets/exponax_datasets/t20/generalizability/dim2d_nx256_N10_solver=exponax_nu0.000_t20.0_test_ntimepoints21_LogGRF_rq_length_scale0.050_variance1.000_alpha1.700_exp_factor2.500_vmax1_vmin0_batch0_all_frames.pt
  2251. /blue/shiboli.fsu/yifeisun.umich/adversarial_robustness_FNO/2D_NS_FNO2d_recurrent/datasets/exponax_datasets/t20/generalizability/dim2d_nx256_N10_solver=exponax_nu0.000_t20.0_test_ntimepoints21_LogGRF_rq_length_scale0.050_variance1.700_alpha0.750_exp_factor2.500_vmax-1_vmin-1.5_batch0_all_frames.pt
  2252. /blue/shiboli.fsu/yifeisun.umich/adversarial_robustness_FNO/2D_NS_FNO2d_recurrent/datasets/exponax_datasets/t20/generalizability/dim2d_nx256_N10_solver=exponax_nu0.000_t20.0_test_ntimepoints21_LogGRF_rq_length_scale0.050_variance1.700_alpha0.750_exp_factor2.500_vmax0.4_vmin-0.4_batch0_all_frames.pt
  2253. /blue/shiboli.fsu/yifeisun.umich/adversarial_robustness_FNO/2D_NS_FNO2d_recurrent/datasets/exponax_datasets/t20/generalizability/dim2d_nx256_N10_solver=exponax_nu0.000_t20.0_test_ntimepoints21_LogGRF_rq_length_scale0.050_variance1.700_alpha0.750_exp_factor2.500_vmax0_vmin-1_batch0_all_frames.pt
  2254. /blue/shiboli.fsu/yifeisun.umich/adversarial_robustness_FNO/2D_NS_FNO2d_recurrent/datasets/exponax_datasets/t20/generalizability/dim2d_nx256_N10_solver=exponax_nu0.000_t20.0_test_ntimepoints21_LogGRF_rq_length_scale0.050_variance1.700_alpha0.750_exp_factor2.500_vmax1.5_vmin1_batch0_all_frames.pt
  2255. /blue/shiboli.fsu/yifeisun.umich/adversarial_robustness_FNO/2D_NS_FNO2d_recurrent/datasets/exponax_datasets/t20/generalizability/dim2d_nx256_N10_solver=exponax_nu0.000_t20.0_test_ntimepoints21_LogGRF_rq_length_scale0.050_variance1.700_alpha0.750_exp_factor2.500_vmax1_vmin-1_batch0_all_frames.pt
  2256. /blue/shiboli.fsu/yifeisun.umich/adversarial_robustness_FNO/2D_NS_FNO2d_recurrent/datasets/exponax_datasets/t20/generalizability/dim2d_nx256_N10_solver=exponax_nu0.000_t20.0_test_ntimepoints21_LogGRF_rq_length_scale0.050_variance1.700_alpha0.750_exp_factor2.500_vmax1_vmin0_batch0_all_frames.pt
  2257. /blue/shiboli.fsu/yifeisun.umich/adversarial_robustness_FNO/2D_NS_FNO2d_recurrent/datasets/exponax_datasets/t20/generalizability/dim2d_nx256_N10_solver=exponax_nu0.000_t20.0_test_ntimepoints21_LogGRF_rq_length_scale0.050_variance1.700_alpha1.000_exp_factor2.500_vmax-1_vmin-1.5_batch0_all_frames.pt
  2258. /blue/shiboli.fsu/yifeisun.umich/adversarial_robustness_FNO/2D_NS_FNO2d_recurrent/datasets/exponax_datasets/t20/generalizability/dim2d_nx256_N10_solver=exponax_nu0.000_t20.0_test_ntimepoints21_LogGRF_rq_length_scale0.050_variance1.700_alpha1.000_exp_factor2.500_vmax0.4_vmin-0.4_batch0_all_frames.pt
  2259. /blue/shiboli.fsu/yifeisun.umich/adversarial_robustness_FNO/2D_NS_FNO2d_recurrent/datasets/exponax_datasets/t20/generalizability/dim2d_nx256_N10_solver=exponax_nu0.000_t20.0_test_ntimepoints21_LogGRF_rq_length_scale0.050_variance1.700_alpha1.000_exp_factor2.500_vmax0_vmin-1_batch0_all_frames.pt
  2260. /blue/shiboli.fsu/yifeisun.umich/adversarial_robustness_FNO/2D_NS_FNO2d_recurrent/datasets/exponax_datasets/t20/generalizability/dim2d_nx256_N10_solver=exponax_nu0.000_t20.0_test_ntimepoints21_LogGRF_rq_length_scale0.050_variance1.700_alpha1.000_exp_factor2.500_vmax1.5_vmin1_batch0_all_frames.pt
  2261. /blue/shiboli.fsu/yifeisun.umich/adversarial_robustness_FNO/2D_NS_FNO2d_recurrent/datasets/exponax_datasets/t20/generalizability/dim2d_nx256_N10_solver=exponax_nu0.000_t20.0_test_ntimepoints21_LogGRF_rq_length_scale0.050_variance1.700_alpha1.000_exp_factor2.500_vmax1_vmin-1_batch0_all_frames.pt
  2262. /blue/shiboli.fsu/yifeisun.umich/adversarial_robustness_FNO/2D_NS_FNO2d_recurrent/datasets/exponax_datasets/t20/generalizability/dim2d_nx256_N10_solver=exponax_nu0.000_t20.0_test_ntimepoints21_LogGRF_rq_length_scale0.050_variance1.700_alpha1.000_exp_factor2.500_vmax1_vmin0_batch0_all_frames.pt
  2263. /blue/shiboli.fsu/yifeisun.umich/adversarial_robustness_FNO/2D_NS_FNO2d_recurrent/datasets/exponax_datasets/t20/generalizability/dim2d_nx256_N10_solver=exponax_nu0.000_t20.0_test_ntimepoints21_LogGRF_rq_length_scale0.050_variance1.700_alpha1.500_exp_factor2.500_vmax-1_vmin-1.5_batch0_all_frames.pt
  2264. /blue/shiboli.fsu/yifeisun.umich/adversarial_robustness_FNO/2D_NS_FNO2d_recurrent/datasets/exponax_datasets/t20/generalizability/dim2d_nx256_N10_solver=exponax_nu0.000_t20.0_test_ntimepoints21_LogGRF_rq_length_scale0.050_variance1.700_alpha1.500_exp_factor2.500_vmax0.4_vmin-0.4_batch0_all_frames.pt
  2265. /blue/shiboli.fsu/yifeisun.umich/adversarial_robustness_FNO/2D_NS_FNO2d_recurrent/datasets/exponax_datasets/t20/generalizability/dim2d_nx256_N10_solver=exponax_nu0.000_t20.0_test_ntimepoints21_LogGRF_rq_length_scale0.050_variance1.700_alpha1.500_exp_factor2.500_vmax0_vmin-1_batch0_all_frames.pt
  2266. /blue/shiboli.fsu/yifeisun.umich/adversarial_robustness_FNO/2D_NS_FNO2d_recurrent/datasets/exponax_datasets/t20/generalizability/dim2d_nx256_N10_solver=exponax_nu0.000_t20.0_test_ntimepoints21_LogGRF_rq_length_scale0.050_variance1.700_alpha1.500_exp_factor2.500_vmax1.5_vmin1_batch0_all_frames.pt
  2267. /blue/shiboli.fsu/yifeisun.umich/adversarial_robustness_FNO/2D_NS_FNO2d_recurrent/datasets/exponax_datasets/t20/generalizability/dim2d_nx256_N10_solver=exponax_nu0.000_t20.0_test_ntimepoints21_LogGRF_rq_length_scale0.050_variance1.700_alpha1.500_exp_factor2.500_vmax1_vmin-1_batch0_all_frames.pt
  2268. /blue/shiboli.fsu/yifeisun.umich/adversarial_robustness_FNO/2D_NS_FNO2d_recurrent/datasets/exponax_datasets/t20/generalizability/dim2d_nx256_N10_solver=exponax_nu0.000_t20.0_test_ntimepoints21_LogGRF_rq_length_scale0.050_variance1.700_alpha1.500_exp_factor2.500_vmax1_vmin0_batch0_all_frames.pt
  2269. /blue/shiboli.fsu/yifeisun.umich/adversarial_robustness_FNO/2D_NS_FNO2d_recurrent/datasets/exponax_datasets/t20/generalizability/dim2d_nx256_N10_solver=exponax_nu0.000_t20.0_test_ntimepoints21_LogGRF_rq_length_scale0.050_variance1.700_alpha1.700_exp_factor2.500_vmax-1_vmin-1.5_batch0_all_frames.pt
  2270. /blue/shiboli.fsu/yifeisun.umich/adversarial_robustness_FNO/2D_NS_FNO2d_recurrent/datasets/exponax_datasets/t20/generalizability/dim2d_nx256_N10_solver=exponax_nu0.000_t20.0_test_ntimepoints21_LogGRF_rq_length_scale0.050_variance1.700_alpha1.700_exp_factor2.500_vmax0.4_vmin-0.4_batch0_all_frames.pt
  2271. /blue/shiboli.fsu/yifeisun.umich/adversarial_robustness_FNO/2D_NS_FNO2d_recurrent/datasets/exponax_datasets/t20/generalizability/dim2d_nx256_N10_solver=exponax_nu0.000_t20.0_test_ntimepoints21_LogGRF_rq_length_scale0.050_variance1.700_alpha1.700_exp_factor2.500_vmax0_vmin-1_batch0_all_frames.pt
  2272. /blue/shiboli.fsu/yifeisun.umich/adversarial_robustness_FNO/2D_NS_FNO2d_recurrent/datasets/exponax_datasets/t20/generalizability/dim2d_nx256_N10_solver=exponax_nu0.000_t20.0_test_ntimepoints21_LogGRF_rq_length_scale0.050_variance1.700_alpha1.700_exp_factor2.500_vmax1.5_vmin1_batch0_all_frames.pt
  2273. /blue/shiboli.fsu/yifeisun.umich/adversarial_robustness_FNO/2D_NS_FNO2d_recurrent/datasets/exponax_datasets/t20/generalizability/dim2d_nx256_N10_solver=exponax_nu0.000_t20.0_test_ntimepoints21_LogGRF_rq_length_scale0.050_variance1.700_alpha1.700_exp_factor2.500_vmax1_vmin-1_batch0_all_frames.pt
  2274. /blue/shiboli.fsu/yifeisun.umich/adversarial_robustness_FNO/2D_NS_FNO2d_recurrent/datasets/exponax_datasets/t20/generalizability/dim2d_nx256_N10_solver=exponax_nu0.000_t20.0_test_ntimepoints21_LogGRF_rq_length_scale0.050_variance1.700_alpha1.700_exp_factor2.500_vmax1_vmin0_batch0_all_frames.pt
  2275. /blue/shiboli.fsu/yifeisun.umich/adversarial_robustness_FNO/2D_NS_FNO2d_recurrent/datasets/exponax_datasets/t20/generalizability/dim2d_nx256_N10_solver=exponax_nu0.000_t20.0_test_ntimepoints21_LogGRF_rq_length_scale0.100_variance0.700_alpha0.750_exp_factor2.500_vmax-1_vmin-1.5_batch0_all_frames.pt
  2276. /blue/shiboli.fsu/yifeisun.umich/adversarial_robustness_FNO/2D_NS_FNO2d_recurrent/datasets/exponax_datasets/t20/generalizability/dim2d_nx256_N10_solver=exponax_nu0.000_t20.0_test_ntimepoints21_LogGRF_rq_length_scale0.100_variance0.700_alpha0.750_exp_factor2.500_vmax0.4_vmin-0.4_batch0_all_frames.pt
  2277. /blue/shiboli.fsu/yifeisun.umich/adversarial_robustness_FNO/2D_NS_FNO2d_recurrent/datasets/exponax_datasets/t20/generalizability/dim2d_nx256_N10_solver=exponax_nu0.000_t20.0_test_ntimepoints21_LogGRF_rq_length_scale0.100_variance0.700_alpha0.750_exp_factor2.500_vmax0_vmin-1_batch0_all_frames.pt
  2278. /blue/shiboli.fsu/yifeisun.umich/adversarial_robustness_FNO/2D_NS_FNO2d_recurrent/datasets/exponax_datasets/t20/generalizability/dim2d_nx256_N10_solver=exponax_nu0.000_t20.0_test_ntimepoints21_LogGRF_rq_length_scale0.100_variance0.700_alpha0.750_exp_factor2.500_vmax1.5_vmin1_batch0_all_frames.pt
  2279. /blue/shiboli.fsu/yifeisun.umich/adversarial_robustness_FNO/2D_NS_FNO2d_recurrent/datasets/exponax_datasets/t20/generalizability/dim2d_nx256_N10_solver=exponax_nu0.000_t20.0_test_ntimepoints21_LogGRF_rq_length_scale0.100_variance0.700_alpha0.750_exp_factor2.500_vmax1_vmin-1_batch0_all_frames.pt
  2280. /blue/shiboli.fsu/yifeisun.umich/adversarial_robustness_FNO/2D_NS_FNO2d_recurrent/datasets/exponax_datasets/t20/generalizability/dim2d_nx256_N10_solver=exponax_nu0.000_t20.0_test_ntimepoints21_LogGRF_rq_length_scale0.100_variance0.700_alpha0.750_exp_factor2.500_vmax1_vmin0_batch0_all_frames.pt
  2281. /blue/shiboli.fsu/yifeisun.umich/adversarial_robustness_FNO/2D_NS_FNO2d_recurrent/datasets/exponax_datasets/t20/generalizability/dim2d_nx256_N10_solver=exponax_nu0.000_t20.0_test_ntimepoints21_LogGRF_rq_length_scale0.100_variance0.700_alpha1.000_exp_factor2.500_vmax-1_vmin-1.5_batch0_all_frames.pt
  2282. /blue/shiboli.fsu/yifeisun.umich/adversarial_robustness_FNO/2D_NS_FNO2d_recurrent/datasets/exponax_datasets/t20/generalizability/dim2d_nx256_N10_solver=exponax_nu0.000_t20.0_test_ntimepoints21_LogGRF_rq_length_scale0.100_variance0.700_alpha1.000_exp_factor2.500_vmax0.4_vmin-0.4_batch0_all_frames.pt
  2283. /blue/shiboli.fsu/yifeisun.umich/adversarial_robustness_FNO/2D_NS_FNO2d_recurrent/datasets/exponax_datasets/t20/generalizability/dim2d_nx256_N10_solver=exponax_nu0.000_t20.0_test_ntimepoints21_LogGRF_rq_length_scale0.100_variance0.700_alpha1.000_exp_factor2.500_vmax0_vmin-1_batch0_all_frames.pt
  2284. /blue/shiboli.fsu/yifeisun.umich/adversarial_robustness_FNO/2D_NS_FNO2d_recurrent/datasets/exponax_datasets/t20/generalizability/dim2d_nx256_N10_solver=exponax_nu0.000_t20.0_test_ntimepoints21_LogGRF_rq_length_scale0.100_variance0.700_alpha1.000_exp_factor2.500_vmax1.5_vmin1_batch0_all_frames.pt
  2285. /blue/shiboli.fsu/yifeisun.umich/adversarial_robustness_FNO/2D_NS_FNO2d_recurrent/datasets/exponax_datasets/t20/generalizability/dim2d_nx256_N10_solver=exponax_nu0.000_t20.0_test_ntimepoints21_LogGRF_rq_length_scale0.100_variance0.700_alpha1.000_exp_factor2.500_vmax1_vmin-1_batch0_all_frames.pt
  2286. /blue/shiboli.fsu/yifeisun.umich/adversarial_robustness_FNO/2D_NS_FNO2d_recurrent/datasets/exponax_datasets/t20/generalizability/dim2d_nx256_N10_solver=exponax_nu0.000_t20.0_test_ntimepoints21_LogGRF_rq_length_scale0.100_variance0.700_alpha1.000_exp_factor2.500_vmax1_vmin0_batch0_all_frames.pt
  2287. /blue/shiboli.fsu/yifeisun.umich/adversarial_robustness_FNO/2D_NS_FNO2d_recurrent/datasets/exponax_datasets/t20/generalizability/dim2d_nx256_N10_solver=exponax_nu0.000_t20.0_test_ntimepoints21_LogGRF_rq_length_scale0.100_variance0.700_alpha1.500_exp_factor2.500_vmax-1_vmin-1.5_batch0_all_frames.pt
  2288. /blue/shiboli.fsu/yifeisun.umich/adversarial_robustness_FNO/2D_NS_FNO2d_recurrent/datasets/exponax_datasets/t20/generalizability/dim2d_nx256_N10_solver=exponax_nu0.000_t20.0_test_ntimepoints21_LogGRF_rq_length_scale0.100_variance0.700_alpha1.500_exp_factor2.500_vmax0.4_vmin-0.4_batch0_all_frames.pt
  2289. /blue/shiboli.fsu/yifeisun.umich/adversarial_robustness_FNO/2D_NS_FNO2d_recurrent/datasets/exponax_datasets/t20/generalizability/dim2d_nx256_N10_solver=exponax_nu0.000_t20.0_test_ntimepoints21_LogGRF_rq_length_scale0.100_variance0.700_alpha1.500_exp_factor2.500_vmax0_vmin-1_batch0_all_frames.pt
  2290. /blue/shiboli.fsu/yifeisun.umich/adversarial_robustness_FNO/2D_NS_FNO2d_recurrent/datasets/exponax_datasets/t20/generalizability/dim2d_nx256_N10_solver=exponax_nu0.000_t20.0_test_ntimepoints21_LogGRF_rq_length_scale0.100_variance0.700_alpha1.500_exp_factor2.500_vmax1.5_vmin1_batch0_all_frames.pt
  2291. /blue/shiboli.fsu/yifeisun.umich/adversarial_robustness_FNO/2D_NS_FNO2d_recurrent/datasets/exponax_datasets/t20/generalizability/dim2d_nx256_N10_solver=exponax_nu0.000_t20.0_test_ntimepoints21_LogGRF_rq_length_scale0.100_variance0.700_alpha1.500_exp_factor2.500_vmax1_vmin-1_batch0_all_frames.pt
  2292. /blue/shiboli.fsu/yifeisun.umich/adversarial_robustness_FNO/2D_NS_FNO2d_recurrent/datasets/exponax_datasets/t20/generalizability/dim2d_nx256_N10_solver=exponax_nu0.000_t20.0_test_ntimepoints21_LogGRF_rq_length_scale0.100_variance0.700_alpha1.500_exp_factor2.500_vmax1_vmin0_batch0_all_frames.pt
  2293. /blue/shiboli.fsu/yifeisun.umich/adversarial_robustness_FNO/2D_NS_FNO2d_recurrent/datasets/exponax_datasets/t20/generalizability/dim2d_nx256_N10_solver=exponax_nu0.000_t20.0_test_ntimepoints21_LogGRF_rq_length_scale0.100_variance0.700_alpha1.700_exp_factor2.500_vmax-1_vmin-1.5_batch0_all_frames.pt
  2294. /blue/shiboli.fsu/yifeisun.umich/adversarial_robustness_FNO/2D_NS_FNO2d_recurrent/datasets/exponax_datasets/t20/generalizability/dim2d_nx256_N10_solver=exponax_nu0.000_t20.0_test_ntimepoints21_LogGRF_rq_length_scale0.100_variance0.700_alpha1.700_exp_factor2.500_vmax0.4_vmin-0.4_batch0_all_frames.pt
  2295. /blue/shiboli.fsu/yifeisun.umich/adversarial_robustness_FNO/2D_NS_FNO2d_recurrent/datasets/exponax_datasets/t20/generalizability/dim2d_nx256_N10_solver=exponax_nu0.000_t20.0_test_ntimepoints21_LogGRF_rq_length_scale0.100_variance0.700_alpha1.700_exp_factor2.500_vmax0_vmin-1_batch0_all_frames.pt
  2296. /blue/shiboli.fsu/yifeisun.umich/adversarial_robustness_FNO/2D_NS_FNO2d_recurrent/datasets/exponax_datasets/t20/generalizability/dim2d_nx256_N10_solver=exponax_nu0.000_t20.0_test_ntimepoints21_LogGRF_rq_length_scale0.100_variance0.700_alpha1.700_exp_factor2.500_vmax1.5_vmin1_batch0_all_frames.pt
  2297. /blue/shiboli.fsu/yifeisun.umich/adversarial_robustness_FNO/2D_NS_FNO2d_recurrent/datasets/exponax_datasets/t20/generalizability/dim2d_nx256_N10_solver=exponax_nu0.000_t20.0_test_ntimepoints21_LogGRF_rq_length_scale0.100_variance0.700_alpha1.700_exp_factor2.500_vmax1_vmin-1_batch0_all_frames.pt
  2298. /blue/shiboli.fsu/yifeisun.umich/adversarial_robustness_FNO/2D_NS_FNO2d_recurrent/datasets/exponax_datasets/t20/generalizability/dim2d_nx256_N10_solver=exponax_nu0.000_t20.0_test_ntimepoints21_LogGRF_rq_length_scale0.100_variance0.700_alpha1.700_exp_factor2.500_vmax1_vmin0_batch0_all_frames.pt
  2299. /blue/shiboli.fsu/yifeisun.umich/adversarial_robustness_FNO/2D_NS_FNO2d_recurrent/datasets/exponax_datasets/t20/generalizability/dim2d_nx256_N10_solver=exponax_nu0.000_t20.0_test_ntimepoints21_LogGRF_rq_length_scale0.100_variance1.000_alpha0.750_exp_factor2.500_vmax-1_vmin-1.5_batch0_all_frames.pt
  2300. /blue/shiboli.fsu/yifeisun.umich/adversarial_robustness_FNO/2D_NS_FNO2d_recurrent/datasets/exponax_datasets/t20/generalizability/dim2d_nx256_N10_solver=exponax_nu0.000_t20.0_test_ntimepoints21_LogGRF_rq_length_scale0.100_variance1.000_alpha0.750_exp_factor2.500_vmax0.4_vmin-0.4_batch0_all_frames.pt
  2301. /blue/shiboli.fsu/yifeisun.umich/adversarial_robustness_FNO/2D_NS_FNO2d_recurrent/datasets/exponax_datasets/t20/generalizability/dim2d_nx256_N10_solver=exponax_nu0.000_t20.0_test_ntimepoints21_LogGRF_rq_length_scale0.100_variance1.000_alpha0.750_exp_factor2.500_vmax0_vmin-1_batch0_all_frames.pt
  2302. /blue/shiboli.fsu/yifeisun.umich/adversarial_robustness_FNO/2D_NS_FNO2d_recurrent/datasets/exponax_datasets/t20/generalizability/dim2d_nx256_N10_solver=exponax_nu0.000_t20.0_test_ntimepoints21_LogGRF_rq_length_scale0.100_variance1.000_alpha0.750_exp_factor2.500_vmax1.5_vmin1_batch0_all_frames.pt
  2303. /blue/shiboli.fsu/yifeisun.umich/adversarial_robustness_FNO/2D_NS_FNO2d_recurrent/datasets/exponax_datasets/t20/generalizability/dim2d_nx256_N10_solver=exponax_nu0.000_t20.0_test_ntimepoints21_LogGRF_rq_length_scale0.100_variance1.000_alpha0.750_exp_factor2.500_vmax1_vmin-1_batch0_all_frames.pt
  2304. /blue/shiboli.fsu/yifeisun.umich/adversarial_robustness_FNO/2D_NS_FNO2d_recurrent/datasets/exponax_datasets/t20/generalizability/dim2d_nx256_N10_solver=exponax_nu0.000_t20.0_test_ntimepoints21_LogGRF_rq_length_scale0.100_variance1.000_alpha0.750_exp_factor2.500_vmax1_vmin0_batch0_all_frames.pt
  2305. /blue/shiboli.fsu/yifeisun.umich/adversarial_robustness_FNO/2D_NS_FNO2d_recurrent/datasets/exponax_datasets/t20/generalizability/dim2d_nx256_N10_solver=exponax_nu0.000_t20.0_test_ntimepoints21_LogGRF_rq_length_scale0.100_variance1.000_alpha1.000_exp_factor2.500_vmax-1_vmin-1.5_batch0_all_frames.pt
  2306. /blue/shiboli.fsu/yifeisun.umich/adversarial_robustness_FNO/2D_NS_FNO2d_recurrent/datasets/exponax_datasets/t20/generalizability/dim2d_nx256_N10_solver=exponax_nu0.000_t20.0_test_ntimepoints21_LogGRF_rq_length_scale0.100_variance1.000_alpha1.000_exp_factor2.500_vmax0.4_vmin-0.4_batch0_all_frames.pt
  2307. /blue/shiboli.fsu/yifeisun.umich/adversarial_robustness_FNO/2D_NS_FNO2d_recurrent/datasets/exponax_datasets/t20/generalizability/dim2d_nx256_N10_solver=exponax_nu0.000_t20.0_test_ntimepoints21_LogGRF_rq_length_scale0.100_variance1.000_alpha1.000_exp_factor2.500_vmax0_vmin-1_batch0_all_frames.pt
  2308. /blue/shiboli.fsu/yifeisun.umich/adversarial_robustness_FNO/2D_NS_FNO2d_recurrent/datasets/exponax_datasets/t20/generalizability/dim2d_nx256_N10_solver=exponax_nu0.000_t20.0_test_ntimepoints21_LogGRF_rq_length_scale0.100_variance1.000_alpha1.000_exp_factor2.500_vmax1.5_vmin1_batch0_all_frames.pt
  2309. /blue/shiboli.fsu/yifeisun.umich/adversarial_robustness_FNO/2D_NS_FNO2d_recurrent/datasets/exponax_datasets/t20/generalizability/dim2d_nx256_N10_solver=exponax_nu0.000_t20.0_test_ntimepoints21_LogGRF_rq_length_scale0.100_variance1.000_alpha1.000_exp_factor2.500_vmax1_vmin-1_batch0_all_frames.pt
  2310. /blue/shiboli.fsu/yifeisun.umich/adversarial_robustness_FNO/2D_NS_FNO2d_recurrent/datasets/exponax_datasets/t20/generalizability/dim2d_nx256_N10_solver=exponax_nu0.000_t20.0_test_ntimepoints21_LogGRF_rq_length_scale0.100_variance1.000_alpha1.000_exp_factor2.500_vmax1_vmin0_batch0_all_frames.pt
  2311. /blue/shiboli.fsu/yifeisun.umich/adversarial_robustness_FNO/2D_NS_FNO2d_recurrent/datasets/exponax_datasets/t20/generalizability/dim2d_nx256_N10_solver=exponax_nu0.000_t20.0_test_ntimepoints21_LogGRF_rq_length_scale0.100_variance1.000_alpha1.500_exp_factor2.500_vmax-1_vmin-1.5_batch0_all_frames.pt
  2312. /blue/shiboli.fsu/yifeisun.umich/adversarial_robustness_FNO/2D_NS_FNO2d_recurrent/datasets/exponax_datasets/t20/generalizability/dim2d_nx256_N10_solver=exponax_nu0.000_t20.0_test_ntimepoints21_LogGRF_rq_length_scale0.100_variance1.000_alpha1.500_exp_factor2.500_vmax0.4_vmin-0.4_batch0_all_frames.pt
  2313. /blue/shiboli.fsu/yifeisun.umich/adversarial_robustness_FNO/2D_NS_FNO2d_recurrent/datasets/exponax_datasets/t20/generalizability/dim2d_nx256_N10_solver=exponax_nu0.000_t20.0_test_ntimepoints21_LogGRF_rq_length_scale0.100_variance1.000_alpha1.500_exp_factor2.500_vmax0_vmin-1_batch0_all_frames.pt
  2314. /blue/shiboli.fsu/yifeisun.umich/adversarial_robustness_FNO/2D_NS_FNO2d_recurrent/datasets/exponax_datasets/t20/generalizability/dim2d_nx256_N10_solver=exponax_nu0.000_t20.0_test_ntimepoints21_LogGRF_rq_length_scale0.100_variance1.000_alpha1.500_exp_factor2.500_vmax1.5_vmin1_batch0_all_frames.pt
  2315. /blue/shiboli.fsu/yifeisun.umich/adversarial_robustness_FNO/2D_NS_FNO2d_recurrent/datasets/exponax_datasets/t20/generalizability/dim2d_nx256_N10_solver=exponax_nu0.000_t20.0_test_ntimepoints21_LogGRF_rq_length_scale0.100_variance1.000_alpha1.500_exp_factor2.500_vmax1_vmin-1_batch0_all_frames.pt
  2316. /blue/shiboli.fsu/yifeisun.umich/adversarial_robustness_FNO/2D_NS_FNO2d_recurrent/datasets/exponax_datasets/t20/generalizability/dim2d_nx256_N10_solver=exponax_nu0.000_t20.0_test_ntimepoints21_LogGRF_rq_length_scale0.100_variance1.000_alpha1.500_exp_factor2.500_vmax1_vmin0_batch0_all_frames.pt
  2317. /blue/shiboli.fsu/yifeisun.umich/adversarial_robustness_FNO/2D_NS_FNO2d_recurrent/datasets/exponax_datasets/t20/generalizability/dim2d_nx256_N10_solver=exponax_nu0.000_t20.0_test_ntimepoints21_LogGRF_rq_length_scale0.100_variance1.000_alpha1.700_exp_factor2.500_vmax-1_vmin-1.5_batch0_all_frames.pt
  2318. /blue/shiboli.fsu/yifeisun.umich/adversarial_robustness_FNO/2D_NS_FNO2d_recurrent/datasets/exponax_datasets/t20/generalizability/dim2d_nx256_N10_solver=exponax_nu0.000_t20.0_test_ntimepoints21_LogGRF_rq_length_scale0.100_variance1.000_alpha1.700_exp_factor2.500_vmax0.4_vmin-0.4_batch0_all_frames.pt
  2319. /blue/shiboli.fsu/yifeisun.umich/adversarial_robustness_FNO/2D_NS_FNO2d_recurrent/datasets/exponax_datasets/t20/generalizability/dim2d_nx256_N10_solver=exponax_nu0.000_t20.0_test_ntimepoints21_LogGRF_rq_length_scale0.100_variance1.000_alpha1.700_exp_factor2.500_vmax0_vmin-1_batch0_all_frames.pt
  2320. /blue/shiboli.fsu/yifeisun.umich/adversarial_robustness_FNO/2D_NS_FNO2d_recurrent/datasets/exponax_datasets/t20/generalizability/dim2d_nx256_N10_solver=exponax_nu0.000_t20.0_test_ntimepoints21_LogGRF_rq_length_scale0.100_variance1.000_alpha1.700_exp_factor2.500_vmax1.5_vmin1_batch0_all_frames.pt
  2321. /blue/shiboli.fsu/yifeisun.umich/adversarial_robustness_FNO/2D_NS_FNO2d_recurrent/datasets/exponax_datasets/t20/generalizability/dim2d_nx256_N10_solver=exponax_nu0.000_t20.0_test_ntimepoints21_LogGRF_rq_length_scale0.100_variance1.000_alpha1.700_exp_factor2.500_vmax1_vmin-1_batch0_all_frames.pt
  2322. /blue/shiboli.fsu/yifeisun.umich/adversarial_robustness_FNO/2D_NS_FNO2d_recurrent/datasets/exponax_datasets/t20/generalizability/dim2d_nx256_N10_solver=exponax_nu0.000_t20.0_test_ntimepoints21_LogGRF_rq_length_scale0.100_variance1.000_alpha1.700_exp_factor2.500_vmax1_vmin0_batch0_all_frames.pt
  2323. /blue/shiboli.fsu/yifeisun.umich/adversarial_robustness_FNO/2D_NS_FNO2d_recurrent/datasets/exponax_datasets/t20/generalizability/dim2d_nx256_N10_solver=exponax_nu0.000_t20.0_test_ntimepoints21_LogGRF_rq_length_scale0.100_variance1.700_alpha0.750_exp_factor2.500_vmax-1_vmin-1.5_batch0_all_frames.pt
  2324. /blue/shiboli.fsu/yifeisun.umich/adversarial_robustness_FNO/2D_NS_FNO2d_recurrent/datasets/exponax_datasets/t20/generalizability/dim2d_nx256_N10_solver=exponax_nu0.000_t20.0_test_ntimepoints21_LogGRF_rq_length_scale0.100_variance1.700_alpha0.750_exp_factor2.500_vmax0.4_vmin-0.4_batch0_all_frames.pt
  2325. /blue/shiboli.fsu/yifeisun.umich/adversarial_robustness_FNO/2D_NS_FNO2d_recurrent/datasets/exponax_datasets/t20/generalizability/dim2d_nx256_N10_solver=exponax_nu0.000_t20.0_test_ntimepoints21_LogGRF_rq_length_scale0.100_variance1.700_alpha0.750_exp_factor2.500_vmax0_vmin-1_batch0_all_frames.pt
  2326. /blue/shiboli.fsu/yifeisun.umich/adversarial_robustness_FNO/2D_NS_FNO2d_recurrent/datasets/exponax_datasets/t20/generalizability/dim2d_nx256_N10_solver=exponax_nu0.000_t20.0_test_ntimepoints21_LogGRF_rq_length_scale0.100_variance1.700_alpha0.750_exp_factor2.500_vmax1.5_vmin1_batch0_all_frames.pt
  2327. /blue/shiboli.fsu/yifeisun.umich/adversarial_robustness_FNO/2D_NS_FNO2d_recurrent/datasets/exponax_datasets/t20/generalizability/dim2d_nx256_N10_solver=exponax_nu0.000_t20.0_test_ntimepoints21_LogGRF_rq_length_scale0.100_variance1.700_alpha0.750_exp_factor2.500_vmax1_vmin-1_batch0_all_frames.pt
  2328. /blue/shiboli.fsu/yifeisun.umich/adversarial_robustness_FNO/2D_NS_FNO2d_recurrent/datasets/exponax_datasets/t20/generalizability/dim2d_nx256_N10_solver=exponax_nu0.000_t20.0_test_ntimepoints21_LogGRF_rq_length_scale0.100_variance1.700_alpha0.750_exp_factor2.500_vmax1_vmin0_batch0_all_frames.pt
  2329. /blue/shiboli.fsu/yifeisun.umich/adversarial_robustness_FNO/2D_NS_FNO2d_recurrent/datasets/exponax_datasets/t20/generalizability/dim2d_nx256_N10_solver=exponax_nu0.000_t20.0_test_ntimepoints21_LogGRF_rq_length_scale0.100_variance1.700_alpha1.000_exp_factor2.500_vmax-1_vmin-1.5_batch0_all_frames.pt
  2330. /blue/shiboli.fsu/yifeisun.umich/adversarial_robustness_FNO/2D_NS_FNO2d_recurrent/datasets/exponax_datasets/t20/generalizability/dim2d_nx256_N10_solver=exponax_nu0.000_t20.0_test_ntimepoints21_LogGRF_rq_length_scale0.100_variance1.700_alpha1.000_exp_factor2.500_vmax0.4_vmin-0.4_batch0_all_frames.pt
  2331. /blue/shiboli.fsu/yifeisun.umich/adversarial_robustness_FNO/2D_NS_FNO2d_recurrent/datasets/exponax_datasets/t20/generalizability/dim2d_nx256_N10_solver=exponax_nu0.000_t20.0_test_ntimepoints21_LogGRF_rq_length_scale0.100_variance1.700_alpha1.000_exp_factor2.500_vmax0_vmin-1_batch0_all_frames.pt
  2332. /blue/shiboli.fsu/yifeisun.umich/adversarial_robustness_FNO/2D_NS_FNO2d_recurrent/datasets/exponax_datasets/t20/generalizability/dim2d_nx256_N10_solver=exponax_nu0.000_t20.0_test_ntimepoints21_LogGRF_rq_length_scale0.100_variance1.700_alpha1.000_exp_factor2.500_vmax1.5_vmin1_batch0_all_frames.pt
  2333. /blue/shiboli.fsu/yifeisun.umich/adversarial_robustness_FNO/2D_NS_FNO2d_recurrent/datasets/exponax_datasets/t20/generalizability/dim2d_nx256_N10_solver=exponax_nu0.000_t20.0_test_ntimepoints21_LogGRF_rq_length_scale0.100_variance1.700_alpha1.000_exp_factor2.500_vmax1_vmin-1_batch0_all_frames.pt
  2334. /blue/shiboli.fsu/yifeisun.umich/adversarial_robustness_FNO/2D_NS_FNO2d_recurrent/datasets/exponax_datasets/t20/generalizability/dim2d_nx256_N10_solver=exponax_nu0.000_t20.0_test_ntimepoints21_LogGRF_rq_length_scale0.100_variance1.700_alpha1.000_exp_factor2.500_vmax1_vmin0_batch0_all_frames.pt
  2335. /blue/shiboli.fsu/yifeisun.umich/adversarial_robustness_FNO/2D_NS_FNO2d_recurrent/datasets/exponax_datasets/t20/generalizability/dim2d_nx256_N10_solver=exponax_nu0.000_t20.0_test_ntimepoints21_LogGRF_rq_length_scale0.100_variance1.700_alpha1.500_exp_factor2.500_vmax-1_vmin-1.5_batch0_all_frames.pt
  2336. /blue/shiboli.fsu/yifeisun.umich/adversarial_robustness_FNO/2D_NS_FNO2d_recurrent/datasets/exponax_datasets/t20/generalizability/dim2d_nx256_N10_solver=exponax_nu0.000_t20.0_test_ntimepoints21_LogGRF_rq_length_scale0.100_variance1.700_alpha1.500_exp_factor2.500_vmax0.4_vmin-0.4_batch0_all_frames.pt
  2337. /blue/shiboli.fsu/yifeisun.umich/adversarial_robustness_FNO/2D_NS_FNO2d_recurrent/datasets/exponax_datasets/t20/generalizability/dim2d_nx256_N10_solver=exponax_nu0.000_t20.0_test_ntimepoints21_LogGRF_rq_length_scale0.100_variance1.700_alpha1.500_exp_factor2.500_vmax0_vmin-1_batch0_all_frames.pt
  2338. /blue/shiboli.fsu/yifeisun.umich/adversarial_robustness_FNO/2D_NS_FNO2d_recurrent/datasets/exponax_datasets/t20/generalizability/dim2d_nx256_N10_solver=exponax_nu0.000_t20.0_test_ntimepoints21_LogGRF_rq_length_scale0.100_variance1.700_alpha1.500_exp_factor2.500_vmax1.5_vmin1_batch0_all_frames.pt
  2339. /blue/shiboli.fsu/yifeisun.umich/adversarial_robustness_FNO/2D_NS_FNO2d_recurrent/datasets/exponax_datasets/t20/generalizability/dim2d_nx256_N10_solver=exponax_nu0.000_t20.0_test_ntimepoints21_LogGRF_rq_length_scale0.100_variance1.700_alpha1.500_exp_factor2.500_vmax1_vmin-1_batch0_all_frames.pt
  2340. /blue/shiboli.fsu/yifeisun.umich/adversarial_robustness_FNO/2D_NS_FNO2d_recurrent/datasets/exponax_datasets/t20/generalizability/dim2d_nx256_N10_solver=exponax_nu0.000_t20.0_test_ntimepoints21_LogGRF_rq_length_scale0.100_variance1.700_alpha1.500_exp_factor2.500_vmax1_vmin0_batch0_all_frames.pt
  2341. /blue/shiboli.fsu/yifeisun.umich/adversarial_robustness_FNO/2D_NS_FNO2d_recurrent/datasets/exponax_datasets/t20/generalizability/dim2d_nx256_N10_solver=exponax_nu0.000_t20.0_test_ntimepoints21_LogGRF_rq_length_scale0.100_variance1.700_alpha1.700_exp_factor2.500_vmax-1_vmin-1.5_batch0_all_frames.pt
  2342. /blue/shiboli.fsu/yifeisun.umich/adversarial_robustness_FNO/2D_NS_FNO2d_recurrent/datasets/exponax_datasets/t20/generalizability/dim2d_nx256_N10_solver=exponax_nu0.000_t20.0_test_ntimepoints21_LogGRF_rq_length_scale0.100_variance1.700_alpha1.700_exp_factor2.500_vmax0.4_vmin-0.4_batch0_all_frames.pt
  2343. /blue/shiboli.fsu/yifeisun.umich/adversarial_robustness_FNO/2D_NS_FNO2d_recurrent/datasets/exponax_datasets/t20/generalizability/dim2d_nx256_N10_solver=exponax_nu0.000_t20.0_test_ntimepoints21_LogGRF_rq_length_scale0.100_variance1.700_alpha1.700_exp_factor2.500_vmax0_vmin-1_batch0_all_frames.pt
  2344. /blue/shiboli.fsu/yifeisun.umich/adversarial_robustness_FNO/2D_NS_FNO2d_recurrent/datasets/exponax_datasets/t20/generalizability/dim2d_nx256_N10_solver=exponax_nu0.000_t20.0_test_ntimepoints21_LogGRF_rq_length_scale0.100_variance1.700_alpha1.700_exp_factor2.500_vmax1.5_vmin1_batch0_all_frames.pt
  2345. /blue/shiboli.fsu/yifeisun.umich/adversarial_robustness_FNO/2D_NS_FNO2d_recurrent/datasets/exponax_datasets/t20/generalizability/dim2d_nx256_N10_solver=exponax_nu0.000_t20.0_test_ntimepoints21_LogGRF_rq_length_scale0.100_variance1.700_alpha1.700_exp_factor2.500_vmax1_vmin-1_batch0_all_frames.pt
  2346. /blue/shiboli.fsu/yifeisun.umich/adversarial_robustness_FNO/2D_NS_FNO2d_recurrent/datasets/exponax_datasets/t20/generalizability/dim2d_nx256_N10_solver=exponax_nu0.000_t20.0_test_ntimepoints21_LogGRF_rq_length_scale0.100_variance1.700_alpha1.700_exp_factor2.500_vmax1_vmin0_batch0_all_frames.pt
  2347. /blue/shiboli.fsu/yifeisun.umich/adversarial_robustness_FNO/2D_NS_FNO2d_recurrent/datasets/exponax_datasets/t20/generalizability/dim2d_nx256_N10_solver=exponax_nu0.000_t20.0_test_ntimepoints21_LogGRF_rq_length_scale0.200_variance0.700_alpha0.750_exp_factor2.500_vmax-1_vmin-1.5_batch0_all_frames.pt
  2348. /blue/shiboli.fsu/yifeisun.umich/adversarial_robustness_FNO/2D_NS_FNO2d_recurrent/datasets/exponax_datasets/t20/generalizability/dim2d_nx256_N10_solver=exponax_nu0.000_t20.0_test_ntimepoints21_LogGRF_rq_length_scale0.200_variance0.700_alpha0.750_exp_factor2.500_vmax0.4_vmin-0.4_batch0_all_frames.pt
  2349. /blue/shiboli.fsu/yifeisun.umich/adversarial_robustness_FNO/2D_NS_FNO2d_recurrent/datasets/exponax_datasets/t20/generalizability/dim2d_nx256_N10_solver=exponax_nu0.000_t20.0_test_ntimepoints21_LogGRF_rq_length_scale0.200_variance0.700_alpha0.750_exp_factor2.500_vmax0_vmin-1_batch0_all_frames.pt
  2350. /blue/shiboli.fsu/yifeisun.umich/adversarial_robustness_FNO/2D_NS_FNO2d_recurrent/datasets/exponax_datasets/t20/generalizability/dim2d_nx256_N10_solver=exponax_nu0.000_t20.0_test_ntimepoints21_LogGRF_rq_length_scale0.200_variance0.700_alpha0.750_exp_factor2.500_vmax1.5_vmin1_batch0_all_frames.pt
  2351. /blue/shiboli.fsu/yifeisun.umich/adversarial_robustness_FNO/2D_NS_FNO2d_recurrent/datasets/exponax_datasets/t20/generalizability/dim2d_nx256_N10_solver=exponax_nu0.000_t20.0_test_ntimepoints21_LogGRF_rq_length_scale0.200_variance0.700_alpha0.750_exp_factor2.500_vmax1_vmin-1_batch0_all_frames.pt
  2352. /blue/shiboli.fsu/yifeisun.umich/adversarial_robustness_FNO/2D_NS_FNO2d_recurrent/datasets/exponax_datasets/t20/generalizability/dim2d_nx256_N10_solver=exponax_nu0.000_t20.0_test_ntimepoints21_LogGRF_rq_length_scale0.200_variance0.700_alpha0.750_exp_factor2.500_vmax1_vmin0_batch0_all_frames.pt
  2353. /blue/shiboli.fsu/yifeisun.umich/adversarial_robustness_FNO/2D_NS_FNO2d_recurrent/datasets/exponax_datasets/t20/generalizability/dim2d_nx256_N10_solver=exponax_nu0.000_t20.0_test_ntimepoints21_LogGRF_rq_length_scale0.200_variance0.700_alpha1.000_exp_factor2.500_vmax-1_vmin-1.5_batch0_all_frames.pt
  2354. /blue/shiboli.fsu/yifeisun.umich/adversarial_robustness_FNO/2D_NS_FNO2d_recurrent/datasets/exponax_datasets/t20/generalizability/dim2d_nx256_N10_solver=exponax_nu0.000_t20.0_test_ntimepoints21_LogGRF_rq_length_scale0.200_variance0.700_alpha1.000_exp_factor2.500_vmax0.4_vmin-0.4_batch0_all_frames.pt
  2355. /blue/shiboli.fsu/yifeisun.umich/adversarial_robustness_FNO/2D_NS_FNO2d_recurrent/datasets/exponax_datasets/t20/generalizability/dim2d_nx256_N10_solver=exponax_nu0.000_t20.0_test_ntimepoints21_LogGRF_rq_length_scale0.200_variance0.700_alpha1.000_exp_factor2.500_vmax0_vmin-1_batch0_all_frames.pt
  2356. /blue/shiboli.fsu/yifeisun.umich/adversarial_robustness_FNO/2D_NS_FNO2d_recurrent/datasets/exponax_datasets/t20/generalizability/dim2d_nx256_N10_solver=exponax_nu0.000_t20.0_test_ntimepoints21_LogGRF_rq_length_scale0.200_variance0.700_alpha1.000_exp_factor2.500_vmax1.5_vmin1_batch0_all_frames.pt
  2357. /blue/shiboli.fsu/yifeisun.umich/adversarial_robustness_FNO/2D_NS_FNO2d_recurrent/datasets/exponax_datasets/t20/generalizability/dim2d_nx256_N10_solver=exponax_nu0.000_t20.0_test_ntimepoints21_LogGRF_rq_length_scale0.200_variance0.700_alpha1.000_exp_factor2.500_vmax1_vmin-1_batch0_all_frames.pt
  2358. /blue/shiboli.fsu/yifeisun.umich/adversarial_robustness_FNO/2D_NS_FNO2d_recurrent/datasets/exponax_datasets/t20/generalizability/dim2d_nx256_N10_solver=exponax_nu0.000_t20.0_test_ntimepoints21_LogGRF_rq_length_scale0.200_variance0.700_alpha1.000_exp_factor2.500_vmax1_vmin0_batch0_all_frames.pt
  2359. /blue/shiboli.fsu/yifeisun.umich/adversarial_robustness_FNO/2D_NS_FNO2d_recurrent/datasets/exponax_datasets/t20/generalizability/dim2d_nx256_N10_solver=exponax_nu0.000_t20.0_test_ntimepoints21_LogGRF_rq_length_scale0.200_variance0.700_alpha1.500_exp_factor2.500_vmax-1_vmin-1.5_batch0_all_frames.pt
  2360. /blue/shiboli.fsu/yifeisun.umich/adversarial_robustness_FNO/2D_NS_FNO2d_recurrent/datasets/exponax_datasets/t20/generalizability/dim2d_nx256_N10_solver=exponax_nu0.000_t20.0_test_ntimepoints21_LogGRF_rq_length_scale0.200_variance0.700_alpha1.500_exp_factor2.500_vmax0.4_vmin-0.4_batch0_all_frames.pt
  2361. /blue/shiboli.fsu/yifeisun.umich/adversarial_robustness_FNO/2D_NS_FNO2d_recurrent/datasets/exponax_datasets/t20/generalizability/dim2d_nx256_N10_solver=exponax_nu0.000_t20.0_test_ntimepoints21_LogGRF_rq_length_scale0.200_variance0.700_alpha1.500_exp_factor2.500_vmax0_vmin-1_batch0_all_frames.pt
  2362. /blue/shiboli.fsu/yifeisun.umich/adversarial_robustness_FNO/2D_NS_FNO2d_recurrent/datasets/exponax_datasets/t20/generalizability/dim2d_nx256_N10_solver=exponax_nu0.000_t20.0_test_ntimepoints21_LogGRF_rq_length_scale0.200_variance0.700_alpha1.500_exp_factor2.500_vmax1.5_vmin1_batch0_all_frames.pt
  2363. /blue/shiboli.fsu/yifeisun.umich/adversarial_robustness_FNO/2D_NS_FNO2d_recurrent/datasets/exponax_datasets/t20/generalizability/dim2d_nx256_N10_solver=exponax_nu0.000_t20.0_test_ntimepoints21_LogGRF_rq_length_scale0.200_variance0.700_alpha1.500_exp_factor2.500_vmax1_vmin-1_batch0_all_frames.pt
  2364. /blue/shiboli.fsu/yifeisun.umich/adversarial_robustness_FNO/2D_NS_FNO2d_recurrent/datasets/exponax_datasets/t20/generalizability/dim2d_nx256_N10_solver=exponax_nu0.000_t20.0_test_ntimepoints21_LogGRF_rq_length_scale0.200_variance0.700_alpha1.500_exp_factor2.500_vmax1_vmin0_batch0_all_frames.pt
  2365. /blue/shiboli.fsu/yifeisun.umich/adversarial_robustness_FNO/2D_NS_FNO2d_recurrent/datasets/exponax_datasets/t20/generalizability/dim2d_nx256_N10_solver=exponax_nu0.000_t20.0_test_ntimepoints21_LogGRF_rq_length_scale0.200_variance0.700_alpha1.700_exp_factor2.500_vmax-1_vmin-1.5_batch0_all_frames.pt
  2366. /blue/shiboli.fsu/yifeisun.umich/adversarial_robustness_FNO/2D_NS_FNO2d_recurrent/datasets/exponax_datasets/t20/generalizability/dim2d_nx256_N10_solver=exponax_nu0.000_t20.0_test_ntimepoints21_LogGRF_rq_length_scale0.200_variance0.700_alpha1.700_exp_factor2.500_vmax0.4_vmin-0.4_batch0_all_frames.pt
  2367. /blue/shiboli.fsu/yifeisun.umich/adversarial_robustness_FNO/2D_NS_FNO2d_recurrent/datasets/exponax_datasets/t20/generalizability/dim2d_nx256_N10_solver=exponax_nu0.000_t20.0_test_ntimepoints21_LogGRF_rq_length_scale0.200_variance0.700_alpha1.700_exp_factor2.500_vmax0_vmin-1_batch0_all_frames.pt
  2368. /blue/shiboli.fsu/yifeisun.umich/adversarial_robustness_FNO/2D_NS_FNO2d_recurrent/datasets/exponax_datasets/t20/generalizability/dim2d_nx256_N10_solver=exponax_nu0.000_t20.0_test_ntimepoints21_LogGRF_rq_length_scale0.200_variance0.700_alpha1.700_exp_factor2.500_vmax1.5_vmin1_batch0_all_frames.pt
  2369. /blue/shiboli.fsu/yifeisun.umich/adversarial_robustness_FNO/2D_NS_FNO2d_recurrent/datasets/exponax_datasets/t20/generalizability/dim2d_nx256_N10_solver=exponax_nu0.000_t20.0_test_ntimepoints21_LogGRF_rq_length_scale0.200_variance0.700_alpha1.700_exp_factor2.500_vmax1_vmin-1_batch0_all_frames.pt
  2370. /blue/shiboli.fsu/yifeisun.umich/adversarial_robustness_FNO/2D_NS_FNO2d_recurrent/datasets/exponax_datasets/t20/generalizability/dim2d_nx256_N10_solver=exponax_nu0.000_t20.0_test_ntimepoints21_LogGRF_rq_length_scale0.200_variance0.700_alpha1.700_exp_factor2.500_vmax1_vmin0_batch0_all_frames.pt
  2371. /blue/shiboli.fsu/yifeisun.umich/adversarial_robustness_FNO/2D_NS_FNO2d_recurrent/datasets/exponax_datasets/t20/generalizability/dim2d_nx256_N10_solver=exponax_nu0.000_t20.0_test_ntimepoints21_LogGRF_rq_length_scale0.200_variance1.000_alpha0.750_exp_factor2.500_vmax-1_vmin-1.5_batch0_all_frames.pt
  2372. /blue/shiboli.fsu/yifeisun.umich/adversarial_robustness_FNO/2D_NS_FNO2d_recurrent/datasets/exponax_datasets/t20/generalizability/dim2d_nx256_N10_solver=exponax_nu0.000_t20.0_test_ntimepoints21_LogGRF_rq_length_scale0.200_variance1.000_alpha0.750_exp_factor2.500_vmax0.4_vmin-0.4_batch0_all_frames.pt
  2373. /blue/shiboli.fsu/yifeisun.umich/adversarial_robustness_FNO/2D_NS_FNO2d_recurrent/datasets/exponax_datasets/t20/generalizability/dim2d_nx256_N10_solver=exponax_nu0.000_t20.0_test_ntimepoints21_LogGRF_rq_length_scale0.200_variance1.000_alpha0.750_exp_factor2.500_vmax0_vmin-1_batch0_all_frames.pt
  2374. /blue/shiboli.fsu/yifeisun.umich/adversarial_robustness_FNO/2D_NS_FNO2d_recurrent/datasets/exponax_datasets/t20/generalizability/dim2d_nx256_N10_solver=exponax_nu0.000_t20.0_test_ntimepoints21_LogGRF_rq_length_scale0.200_variance1.000_alpha0.750_exp_factor2.500_vmax1.5_vmin1_batch0_all_frames.pt
  2375. /blue/shiboli.fsu/yifeisun.umich/adversarial_robustness_FNO/2D_NS_FNO2d_recurrent/datasets/exponax_datasets/t20/generalizability/dim2d_nx256_N10_solver=exponax_nu0.000_t20.0_test_ntimepoints21_LogGRF_rq_length_scale0.200_variance1.000_alpha0.750_exp_factor2.500_vmax1_vmin-1_batch0_all_frames.pt
  2376. /blue/shiboli.fsu/yifeisun.umich/adversarial_robustness_FNO/2D_NS_FNO2d_recurrent/datasets/exponax_datasets/t20/generalizability/dim2d_nx256_N10_solver=exponax_nu0.000_t20.0_test_ntimepoints21_LogGRF_rq_length_scale0.200_variance1.000_alpha0.750_exp_factor2.500_vmax1_vmin0_batch0_all_frames.pt
  2377. /blue/shiboli.fsu/yifeisun.umich/adversarial_robustness_FNO/2D_NS_FNO2d_recurrent/datasets/exponax_datasets/t20/generalizability/dim2d_nx256_N10_solver=exponax_nu0.000_t20.0_test_ntimepoints21_LogGRF_rq_length_scale0.200_variance1.000_alpha1.000_exp_factor2.500_vmax-1_vmin-1.5_batch0_all_frames.pt
  2378. /blue/shiboli.fsu/yifeisun.umich/adversarial_robustness_FNO/2D_NS_FNO2d_recurrent/datasets/exponax_datasets/t20/generalizability/dim2d_nx256_N10_solver=exponax_nu0.000_t20.0_test_ntimepoints21_LogGRF_rq_length_scale0.200_variance1.000_alpha1.000_exp_factor2.500_vmax0.4_vmin-0.4_batch0_all_frames.pt
  2379. /blue/shiboli.fsu/yifeisun.umich/adversarial_robustness_FNO/2D_NS_FNO2d_recurrent/datasets/exponax_datasets/t20/generalizability/dim2d_nx256_N10_solver=exponax_nu0.000_t20.0_test_ntimepoints21_LogGRF_rq_length_scale0.200_variance1.000_alpha1.000_exp_factor2.500_vmax0_vmin-1_batch0_all_frames.pt
  2380. /blue/shiboli.fsu/yifeisun.umich/adversarial_robustness_FNO/2D_NS_FNO2d_recurrent/datasets/exponax_datasets/t20/generalizability/dim2d_nx256_N10_solver=exponax_nu0.000_t20.0_test_ntimepoints21_LogGRF_rq_length_scale0.200_variance1.000_alpha1.000_exp_factor2.500_vmax1.5_vmin1_batch0_all_frames.pt
  2381. /blue/shiboli.fsu/yifeisun.umich/adversarial_robustness_FNO/2D_NS_FNO2d_recurrent/datasets/exponax_datasets/t20/generalizability/dim2d_nx256_N10_solver=exponax_nu0.000_t20.0_test_ntimepoints21_LogGRF_rq_length_scale0.200_variance1.000_alpha1.000_exp_factor2.500_vmax1_vmin-1_batch0_all_frames.pt
  2382. /blue/shiboli.fsu/yifeisun.umich/adversarial_robustness_FNO/2D_NS_FNO2d_recurrent/datasets/exponax_datasets/t20/generalizability/dim2d_nx256_N10_solver=exponax_nu0.000_t20.0_test_ntimepoints21_LogGRF_rq_length_scale0.200_variance1.000_alpha1.000_exp_factor2.500_vmax1_vmin0_batch0_all_frames.pt
  2383. /blue/shiboli.fsu/yifeisun.umich/adversarial_robustness_FNO/2D_NS_FNO2d_recurrent/datasets/exponax_datasets/t20/generalizability/dim2d_nx256_N10_solver=exponax_nu0.000_t20.0_test_ntimepoints21_LogGRF_rq_length_scale0.200_variance1.000_alpha1.500_exp_factor2.500_vmax-1_vmin-1.5_batch0_all_frames.pt
  2384. /blue/shiboli.fsu/yifeisun.umich/adversarial_robustness_FNO/2D_NS_FNO2d_recurrent/datasets/exponax_datasets/t20/generalizability/dim2d_nx256_N10_solver=exponax_nu0.000_t20.0_test_ntimepoints21_LogGRF_rq_length_scale0.200_variance1.000_alpha1.500_exp_factor2.500_vmax0.4_vmin-0.4_batch0_all_frames.pt
  2385. /blue/shiboli.fsu/yifeisun.umich/adversarial_robustness_FNO/2D_NS_FNO2d_recurrent/datasets/exponax_datasets/t20/generalizability/dim2d_nx256_N10_solver=exponax_nu0.000_t20.0_test_ntimepoints21_LogGRF_rq_length_scale0.200_variance1.000_alpha1.500_exp_factor2.500_vmax0_vmin-1_batch0_all_frames.pt
  2386. /blue/shiboli.fsu/yifeisun.umich/adversarial_robustness_FNO/2D_NS_FNO2d_recurrent/datasets/exponax_datasets/t20/generalizability/dim2d_nx256_N10_solver=exponax_nu0.000_t20.0_test_ntimepoints21_LogGRF_rq_length_scale0.200_variance1.000_alpha1.500_exp_factor2.500_vmax1.5_vmin1_batch0_all_frames.pt
  2387. /blue/shiboli.fsu/yifeisun.umich/adversarial_robustness_FNO/2D_NS_FNO2d_recurrent/datasets/exponax_datasets/t20/generalizability/dim2d_nx256_N10_solver=exponax_nu0.000_t20.0_test_ntimepoints21_LogGRF_rq_length_scale0.200_variance1.000_alpha1.500_exp_factor2.500_vmax1_vmin-1_batch0_all_frames.pt
  2388. /blue/shiboli.fsu/yifeisun.umich/adversarial_robustness_FNO/2D_NS_FNO2d_recurrent/datasets/exponax_datasets/t20/generalizability/dim2d_nx256_N10_solver=exponax_nu0.000_t20.0_test_ntimepoints21_LogGRF_rq_length_scale0.200_variance1.000_alpha1.500_exp_factor2.500_vmax1_vmin0_batch0_all_frames.pt
  2389. /blue/shiboli.fsu/yifeisun.umich/adversarial_robustness_FNO/2D_NS_FNO2d_recurrent/datasets/exponax_datasets/t20/generalizability/dim2d_nx256_N10_solver=exponax_nu0.000_t20.0_test_ntimepoints21_LogGRF_rq_length_scale0.200_variance1.000_alpha1.700_exp_factor2.500_vmax-1_vmin-1.5_batch0_all_frames.pt
  2390. /blue/shiboli.fsu/yifeisun.umich/adversarial_robustness_FNO/2D_NS_FNO2d_recurrent/datasets/exponax_datasets/t20/generalizability/dim2d_nx256_N10_solver=exponax_nu0.000_t20.0_test_ntimepoints21_LogGRF_rq_length_scale0.200_variance1.000_alpha1.700_exp_factor2.500_vmax0.4_vmin-0.4_batch0_all_frames.pt
  2391. /blue/shiboli.fsu/yifeisun.umich/adversarial_robustness_FNO/2D_NS_FNO2d_recurrent/datasets/exponax_datasets/t20/generalizability/dim2d_nx256_N10_solver=exponax_nu0.000_t20.0_test_ntimepoints21_LogGRF_rq_length_scale0.200_variance1.000_alpha1.700_exp_factor2.500_vmax0_vmin-1_batch0_all_frames.pt
  2392. /blue/shiboli.fsu/yifeisun.umich/adversarial_robustness_FNO/2D_NS_FNO2d_recurrent/datasets/exponax_datasets/t20/generalizability/dim2d_nx256_N10_solver=exponax_nu0.000_t20.0_test_ntimepoints21_LogGRF_rq_length_scale0.200_variance1.000_alpha1.700_exp_factor2.500_vmax1.5_vmin1_batch0_all_frames.pt
  2393. /blue/shiboli.fsu/yifeisun.umich/adversarial_robustness_FNO/2D_NS_FNO2d_recurrent/datasets/exponax_datasets/t20/generalizability/dim2d_nx256_N10_solver=exponax_nu0.000_t20.0_test_ntimepoints21_LogGRF_rq_length_scale0.200_variance1.000_alpha1.700_exp_factor2.500_vmax1_vmin-1_batch0_all_frames.pt
  2394. /blue/shiboli.fsu/yifeisun.umich/adversarial_robustness_FNO/2D_NS_FNO2d_recurrent/datasets/exponax_datasets/t20/generalizability/dim2d_nx256_N10_solver=exponax_nu0.000_t20.0_test_ntimepoints21_LogGRF_rq_length_scale0.200_variance1.000_alpha1.700_exp_factor2.500_vmax1_vmin0_batch0_all_frames.pt
  2395. /blue/shiboli.fsu/yifeisun.umich/adversarial_robustness_FNO/2D_NS_FNO2d_recurrent/datasets/exponax_datasets/t20/generalizability/dim2d_nx256_N10_solver=exponax_nu0.000_t20.0_test_ntimepoints21_LogGRF_rq_length_scale0.200_variance1.700_alpha0.750_exp_factor2.500_vmax-1_vmin-1.5_batch0_all_frames.pt
  2396. /blue/shiboli.fsu/yifeisun.umich/adversarial_robustness_FNO/2D_NS_FNO2d_recurrent/datasets/exponax_datasets/t20/generalizability/dim2d_nx256_N10_solver=exponax_nu0.000_t20.0_test_ntimepoints21_LogGRF_rq_length_scale0.200_variance1.700_alpha0.750_exp_factor2.500_vmax0.4_vmin-0.4_batch0_all_frames.pt
  2397. /blue/shiboli.fsu/yifeisun.umich/adversarial_robustness_FNO/2D_NS_FNO2d_recurrent/datasets/exponax_datasets/t20/generalizability/dim2d_nx256_N10_solver=exponax_nu0.000_t20.0_test_ntimepoints21_LogGRF_rq_length_scale0.200_variance1.700_alpha0.750_exp_factor2.500_vmax0_vmin-1_batch0_all_frames.pt
  2398. /blue/shiboli.fsu/yifeisun.umich/adversarial_robustness_FNO/2D_NS_FNO2d_recurrent/datasets/exponax_datasets/t20/generalizability/dim2d_nx256_N10_solver=exponax_nu0.000_t20.0_test_ntimepoints21_LogGRF_rq_length_scale0.200_variance1.700_alpha0.750_exp_factor2.500_vmax1.5_vmin1_batch0_all_frames.pt
  2399. /blue/shiboli.fsu/yifeisun.umich/adversarial_robustness_FNO/2D_NS_FNO2d_recurrent/datasets/exponax_datasets/t20/generalizability/dim2d_nx256_N10_solver=exponax_nu0.000_t20.0_test_ntimepoints21_LogGRF_rq_length_scale0.200_variance1.700_alpha0.750_exp_factor2.500_vmax1_vmin-1_batch0_all_frames.pt
  2400. /blue/shiboli.fsu/yifeisun.umich/adversarial_robustness_FNO/2D_NS_FNO2d_recurrent/datasets/exponax_datasets/t20/generalizability/dim2d_nx256_N10_solver=exponax_nu0.000_t20.0_test_ntimepoints21_LogGRF_rq_length_scale0.200_variance1.700_alpha0.750_exp_factor2.500_vmax1_vmin0_batch0_all_frames.pt
  2401. /blue/shiboli.fsu/yifeisun.umich/adversarial_robustness_FNO/2D_NS_FNO2d_recurrent/datasets/exponax_datasets/t20/generalizability/dim2d_nx256_N10_solver=exponax_nu0.000_t20.0_test_ntimepoints21_LogGRF_rq_length_scale0.200_variance1.700_alpha1.000_exp_factor2.500_vmax-1_vmin-1.5_batch0_all_frames.pt
  2402. /blue/shiboli.fsu/yifeisun.umich/adversarial_robustness_FNO/2D_NS_FNO2d_recurrent/datasets/exponax_datasets/t20/generalizability/dim2d_nx256_N10_solver=exponax_nu0.000_t20.0_test_ntimepoints21_LogGRF_rq_length_scale0.200_variance1.700_alpha1.000_exp_factor2.500_vmax0.4_vmin-0.4_batch0_all_frames.pt
  2403. /blue/shiboli.fsu/yifeisun.umich/adversarial_robustness_FNO/2D_NS_FNO2d_recurrent/datasets/exponax_datasets/t20/generalizability/dim2d_nx256_N10_solver=exponax_nu0.000_t20.0_test_ntimepoints21_LogGRF_rq_length_scale0.200_variance1.700_alpha1.000_exp_factor2.500_vmax0_vmin-1_batch0_all_frames.pt
  2404. /blue/shiboli.fsu/yifeisun.umich/adversarial_robustness_FNO/2D_NS_FNO2d_recurrent/datasets/exponax_datasets/t20/generalizability/dim2d_nx256_N10_solver=exponax_nu0.000_t20.0_test_ntimepoints21_LogGRF_rq_length_scale0.200_variance1.700_alpha1.000_exp_factor2.500_vmax1.5_vmin1_batch0_all_frames.pt
  2405. /blue/shiboli.fsu/yifeisun.umich/adversarial_robustness_FNO/2D_NS_FNO2d_recurrent/datasets/exponax_datasets/t20/generalizability/dim2d_nx256_N10_solver=exponax_nu0.000_t20.0_test_ntimepoints21_LogGRF_rq_length_scale0.200_variance1.700_alpha1.000_exp_factor2.500_vmax1_vmin-1_batch0_all_frames.pt
  2406. /blue/shiboli.fsu/yifeisun.umich/adversarial_robustness_FNO/2D_NS_FNO2d_recurrent/datasets/exponax_datasets/t20/generalizability/dim2d_nx256_N10_solver=exponax_nu0.000_t20.0_test_ntimepoints21_LogGRF_rq_length_scale0.200_variance1.700_alpha1.000_exp_factor2.500_vmax1_vmin0_batch0_all_frames.pt
  2407. /blue/shiboli.fsu/yifeisun.umich/adversarial_robustness_FNO/2D_NS_FNO2d_recurrent/datasets/exponax_datasets/t20/generalizability/dim2d_nx256_N10_solver=exponax_nu0.000_t20.0_test_ntimepoints21_LogGRF_rq_length_scale0.200_variance1.700_alpha1.500_exp_factor2.500_vmax-1_vmin-1.5_batch0_all_frames.pt
  2408. /blue/shiboli.fsu/yifeisun.umich/adversarial_robustness_FNO/2D_NS_FNO2d_recurrent/datasets/exponax_datasets/t20/generalizability/dim2d_nx256_N10_solver=exponax_nu0.000_t20.0_test_ntimepoints21_LogGRF_rq_length_scale0.200_variance1.700_alpha1.500_exp_factor2.500_vmax0.4_vmin-0.4_batch0_all_frames.pt
  2409. /blue/shiboli.fsu/yifeisun.umich/adversarial_robustness_FNO/2D_NS_FNO2d_recurrent/datasets/exponax_datasets/t20/generalizability/dim2d_nx256_N10_solver=exponax_nu0.000_t20.0_test_ntimepoints21_LogGRF_rq_length_scale0.200_variance1.700_alpha1.500_exp_factor2.500_vmax0_vmin-1_batch0_all_frames.pt
  2410. /blue/shiboli.fsu/yifeisun.umich/adversarial_robustness_FNO/2D_NS_FNO2d_recurrent/datasets/exponax_datasets/t20/generalizability/dim2d_nx256_N10_solver=exponax_nu0.000_t20.0_test_ntimepoints21_LogGRF_rq_length_scale0.200_variance1.700_alpha1.500_exp_factor2.500_vmax1.5_vmin1_batch0_all_frames.pt
  2411. /blue/shiboli.fsu/yifeisun.umich/adversarial_robustness_FNO/2D_NS_FNO2d_recurrent/datasets/exponax_datasets/t20/generalizability/dim2d_nx256_N10_solver=exponax_nu0.000_t20.0_test_ntimepoints21_LogGRF_rq_length_scale0.200_variance1.700_alpha1.500_exp_factor2.500_vmax1_vmin-1_batch0_all_frames.pt
  2412. /blue/shiboli.fsu/yifeisun.umich/adversarial_robustness_FNO/2D_NS_FNO2d_recurrent/datasets/exponax_datasets/t20/generalizability/dim2d_nx256_N10_solver=exponax_nu0.000_t20.0_test_ntimepoints21_LogGRF_rq_length_scale0.200_variance1.700_alpha1.500_exp_factor2.500_vmax1_vmin0_batch0_all_frames.pt
  2413. /blue/shiboli.fsu/yifeisun.umich/adversarial_robustness_FNO/2D_NS_FNO2d_recurrent/datasets/exponax_datasets/t20/generalizability/dim2d_nx256_N10_solver=exponax_nu0.000_t20.0_test_ntimepoints21_LogGRF_rq_length_scale0.200_variance1.700_alpha1.700_exp_factor2.500_vmax-1_vmin-1.5_batch0_all_frames.pt
  2414. /blue/shiboli.fsu/yifeisun.umich/adversarial_robustness_FNO/2D_NS_FNO2d_recurrent/datasets/exponax_datasets/t20/generalizability/dim2d_nx256_N10_solver=exponax_nu0.000_t20.0_test_ntimepoints21_LogGRF_rq_length_scale0.200_variance1.700_alpha1.700_exp_factor2.500_vmax0.4_vmin-0.4_batch0_all_frames.pt
  2415. /blue/shiboli.fsu/yifeisun.umich/adversarial_robustness_FNO/2D_NS_FNO2d_recurrent/datasets/exponax_datasets/t20/generalizability/dim2d_nx256_N10_solver=exponax_nu0.000_t20.0_test_ntimepoints21_LogGRF_rq_length_scale0.200_variance1.700_alpha1.700_exp_factor2.500_vmax0_vmin-1_batch0_all_frames.pt
  2416. /blue/shiboli.fsu/yifeisun.umich/adversarial_robustness_FNO/2D_NS_FNO2d_recurrent/datasets/exponax_datasets/t20/generalizability/dim2d_nx256_N10_solver=exponax_nu0.000_t20.0_test_ntimepoints21_LogGRF_rq_length_scale0.200_variance1.700_alpha1.700_exp_factor2.500_vmax1.5_vmin1_batch0_all_frames.pt
  2417. /blue/shiboli.fsu/yifeisun.umich/adversarial_robustness_FNO/2D_NS_FNO2d_recurrent/datasets/exponax_datasets/t20/generalizability/dim2d_nx256_N10_solver=exponax_nu0.000_t20.0_test_ntimepoints21_LogGRF_rq_length_scale0.200_variance1.700_alpha1.700_exp_factor2.500_vmax1_vmin-1_batch0_all_frames.pt
  2418. /blue/shiboli.fsu/yifeisun.umich/adversarial_robustness_FNO/2D_NS_FNO2d_recurrent/datasets/exponax_datasets/t20/generalizability/dim2d_nx256_N10_solver=exponax_nu0.000_t20.0_test_ntimepoints21_LogGRF_rq_length_scale0.200_variance1.700_alpha1.700_exp_factor2.500_vmax1_vmin0_batch0_all_frames.pt
  2419. /blue/shiboli.fsu/yifeisun.umich/adversarial_robustness_FNO/2D_NS_FNO2d_recurrent/datasets/exponax_datasets/t20/generalizability/dim2d_nx256_N10_solver=exponax_nu0.000_t20.0_test_ntimepoints21_NegLogGRF_matern_alpha1.500_tau11_exp_factor2.500_vmax-1_vmin-1.5_batch0_all_frames.pt
  2420. /blue/shiboli.fsu/yifeisun.umich/adversarial_robustness_FNO/2D_NS_FNO2d_recurrent/datasets/exponax_datasets/t20/generalizability/dim2d_nx256_N10_solver=exponax_nu0.000_t20.0_test_ntimepoints21_NegLogGRF_matern_alpha1.500_tau11_exp_factor2.500_vmax0.4_vmin-0.4_batch0_all_frames.pt
  2421. /blue/shiboli.fsu/yifeisun.umich/adversarial_robustness_FNO/2D_NS_FNO2d_recurrent/datasets/exponax_datasets/t20/generalizability/dim2d_nx256_N10_solver=exponax_nu0.000_t20.0_test_ntimepoints21_NegLogGRF_matern_alpha1.500_tau11_exp_factor2.500_vmax0_vmin-1_batch0_all_frames.pt
  2422. /blue/shiboli.fsu/yifeisun.umich/adversarial_robustness_FNO/2D_NS_FNO2d_recurrent/datasets/exponax_datasets/t20/generalizability/dim2d_nx256_N10_solver=exponax_nu0.000_t20.0_test_ntimepoints21_NegLogGRF_matern_alpha1.500_tau11_exp_factor2.500_vmax1.5_vmin1_batch0_all_frames.pt
  2423. /blue/shiboli.fsu/yifeisun.umich/adversarial_robustness_FNO/2D_NS_FNO2d_recurrent/datasets/exponax_datasets/t20/generalizability/dim2d_nx256_N10_solver=exponax_nu0.000_t20.0_test_ntimepoints21_NegLogGRF_matern_alpha1.500_tau11_exp_factor2.500_vmax1_vmin-1_batch0_all_frames.pt
  2424. /blue/shiboli.fsu/yifeisun.umich/adversarial_robustness_FNO/2D_NS_FNO2d_recurrent/datasets/exponax_datasets/t20/generalizability/dim2d_nx256_N10_solver=exponax_nu0.000_t20.0_test_ntimepoints21_NegLogGRF_matern_alpha1.500_tau11_exp_factor2.500_vmax1_vmin0_batch0_all_frames.pt
  2425. /blue/shiboli.fsu/yifeisun.umich/adversarial_robustness_FNO/2D_NS_FNO2d_recurrent/datasets/exponax_datasets/t20/generalizability/dim2d_nx256_N10_solver=exponax_nu0.000_t20.0_test_ntimepoints21_NegLogGRF_matern_alpha1.500_tau15_exp_factor2.500_vmax-1_vmin-1.5_batch0_all_frames.pt
  2426. /blue/shiboli.fsu/yifeisun.umich/adversarial_robustness_FNO/2D_NS_FNO2d_recurrent/datasets/exponax_datasets/t20/generalizability/dim2d_nx256_N10_solver=exponax_nu0.000_t20.0_test_ntimepoints21_NegLogGRF_matern_alpha1.500_tau15_exp_factor2.500_vmax0.4_vmin-0.4_batch0_all_frames.pt
  2427. /blue/shiboli.fsu/yifeisun.umich/adversarial_robustness_FNO/2D_NS_FNO2d_recurrent/datasets/exponax_datasets/t20/generalizability/dim2d_nx256_N10_solver=exponax_nu0.000_t20.0_test_ntimepoints21_NegLogGRF_matern_alpha1.500_tau15_exp_factor2.500_vmax0_vmin-1_batch0_all_frames.pt
  2428. /blue/shiboli.fsu/yifeisun.umich/adversarial_robustness_FNO/2D_NS_FNO2d_recurrent/datasets/exponax_datasets/t20/generalizability/dim2d_nx256_N10_solver=exponax_nu0.000_t20.0_test_ntimepoints21_NegLogGRF_matern_alpha1.500_tau15_exp_factor2.500_vmax1.5_vmin1_batch0_all_frames.pt
  2429. /blue/shiboli.fsu/yifeisun.umich/adversarial_robustness_FNO/2D_NS_FNO2d_recurrent/datasets/exponax_datasets/t20/generalizability/dim2d_nx256_N10_solver=exponax_nu0.000_t20.0_test_ntimepoints21_NegLogGRF_matern_alpha1.500_tau15_exp_factor2.500_vmax1_vmin-1_batch0_all_frames.pt
  2430. /blue/shiboli.fsu/yifeisun.umich/adversarial_robustness_FNO/2D_NS_FNO2d_recurrent/datasets/exponax_datasets/t20/generalizability/dim2d_nx256_N10_solver=exponax_nu0.000_t20.0_test_ntimepoints21_NegLogGRF_matern_alpha1.500_tau15_exp_factor2.500_vmax1_vmin0_batch0_all_frames.pt
  2431. /blue/shiboli.fsu/yifeisun.umich/adversarial_robustness_FNO/2D_NS_FNO2d_recurrent/datasets/exponax_datasets/t20/generalizability/dim2d_nx256_N10_solver=exponax_nu0.000_t20.0_test_ntimepoints21_NegLogGRF_matern_alpha1.500_tau1_exp_factor2.500_vmax-1_vmin-1.5_batch0_all_frames.pt
  2432. /blue/shiboli.fsu/yifeisun.umich/adversarial_robustness_FNO/2D_NS_FNO2d_recurrent/datasets/exponax_datasets/t20/generalizability/dim2d_nx256_N10_solver=exponax_nu0.000_t20.0_test_ntimepoints21_NegLogGRF_matern_alpha1.500_tau1_exp_factor2.500_vmax0.4_vmin-0.4_batch0_all_frames.pt
  2433. /blue/shiboli.fsu/yifeisun.umich/adversarial_robustness_FNO/2D_NS_FNO2d_recurrent/datasets/exponax_datasets/t20/generalizability/dim2d_nx256_N10_solver=exponax_nu0.000_t20.0_test_ntimepoints21_NegLogGRF_matern_alpha1.500_tau1_exp_factor2.500_vmax0_vmin-1_batch0_all_frames.pt
  2434. /blue/shiboli.fsu/yifeisun.umich/adversarial_robustness_FNO/2D_NS_FNO2d_recurrent/datasets/exponax_datasets/t20/generalizability/dim2d_nx256_N10_solver=exponax_nu0.000_t20.0_test_ntimepoints21_NegLogGRF_matern_alpha1.500_tau1_exp_factor2.500_vmax1.5_vmin1_batch0_all_frames.pt
  2435. /blue/shiboli.fsu/yifeisun.umich/adversarial_robustness_FNO/2D_NS_FNO2d_recurrent/datasets/exponax_datasets/t20/generalizability/dim2d_nx256_N10_solver=exponax_nu0.000_t20.0_test_ntimepoints21_NegLogGRF_matern_alpha1.500_tau1_exp_factor2.500_vmax1_vmin-1_batch0_all_frames.pt
  2436. /blue/shiboli.fsu/yifeisun.umich/adversarial_robustness_FNO/2D_NS_FNO2d_recurrent/datasets/exponax_datasets/t20/generalizability/dim2d_nx256_N10_solver=exponax_nu0.000_t20.0_test_ntimepoints21_NegLogGRF_matern_alpha1.500_tau1_exp_factor2.500_vmax1_vmin0_batch0_all_frames.pt
  2437. /blue/shiboli.fsu/yifeisun.umich/adversarial_robustness_FNO/2D_NS_FNO2d_recurrent/datasets/exponax_datasets/t20/generalizability/dim2d_nx256_N10_solver=exponax_nu0.000_t20.0_test_ntimepoints21_NegLogGRF_matern_alpha1.500_tau3_exp_factor2.500_vmax-1_vmin-1.5_batch0_all_frames.pt
  2438. /blue/shiboli.fsu/yifeisun.umich/adversarial_robustness_FNO/2D_NS_FNO2d_recurrent/datasets/exponax_datasets/t20/generalizability/dim2d_nx256_N10_solver=exponax_nu0.000_t20.0_test_ntimepoints21_NegLogGRF_matern_alpha1.500_tau3_exp_factor2.500_vmax0.4_vmin-0.4_batch0_all_frames.pt
  2439. /blue/shiboli.fsu/yifeisun.umich/adversarial_robustness_FNO/2D_NS_FNO2d_recurrent/datasets/exponax_datasets/t20/generalizability/dim2d_nx256_N10_solver=exponax_nu0.000_t20.0_test_ntimepoints21_NegLogGRF_matern_alpha1.500_tau3_exp_factor2.500_vmax0_vmin-1_batch0_all_frames.pt
  2440. /blue/shiboli.fsu/yifeisun.umich/adversarial_robustness_FNO/2D_NS_FNO2d_recurrent/datasets/exponax_datasets/t20/generalizability/dim2d_nx256_N10_solver=exponax_nu0.000_t20.0_test_ntimepoints21_NegLogGRF_matern_alpha1.500_tau3_exp_factor2.500_vmax1.5_vmin1_batch0_all_frames.pt
  2441. /blue/shiboli.fsu/yifeisun.umich/adversarial_robustness_FNO/2D_NS_FNO2d_recurrent/datasets/exponax_datasets/t20/generalizability/dim2d_nx256_N10_solver=exponax_nu0.000_t20.0_test_ntimepoints21_NegLogGRF_matern_alpha1.500_tau3_exp_factor2.500_vmax1_vmin-1_batch0_all_frames.pt
  2442. /blue/shiboli.fsu/yifeisun.umich/adversarial_robustness_FNO/2D_NS_FNO2d_recurrent/datasets/exponax_datasets/t20/generalizability/dim2d_nx256_N10_solver=exponax_nu0.000_t20.0_test_ntimepoints21_NegLogGRF_matern_alpha1.500_tau3_exp_factor2.500_vmax1_vmin0_batch0_all_frames.pt
  2443. /blue/shiboli.fsu/yifeisun.umich/adversarial_robustness_FNO/2D_NS_FNO2d_recurrent/datasets/exponax_datasets/t20/generalizability/dim2d_nx256_N10_solver=exponax_nu0.000_t20.0_test_ntimepoints21_NegLogGRF_matern_alpha1.500_tau7_exp_factor2.500_vmax-1_vmin-1.5_batch0_all_frames.pt
  2444. /blue/shiboli.fsu/yifeisun.umich/adversarial_robustness_FNO/2D_NS_FNO2d_recurrent/datasets/exponax_datasets/t20/generalizability/dim2d_nx256_N10_solver=exponax_nu0.000_t20.0_test_ntimepoints21_NegLogGRF_matern_alpha1.500_tau7_exp_factor2.500_vmax0.4_vmin-0.4_batch0_all_frames.pt
  2445. /blue/shiboli.fsu/yifeisun.umich/adversarial_robustness_FNO/2D_NS_FNO2d_recurrent/datasets/exponax_datasets/t20/generalizability/dim2d_nx256_N10_solver=exponax_nu0.000_t20.0_test_ntimepoints21_NegLogGRF_matern_alpha1.500_tau7_exp_factor2.500_vmax0_vmin-1_batch0_all_frames.pt
  2446. /blue/shiboli.fsu/yifeisun.umich/adversarial_robustness_FNO/2D_NS_FNO2d_recurrent/datasets/exponax_datasets/t20/generalizability/dim2d_nx256_N10_solver=exponax_nu0.000_t20.0_test_ntimepoints21_NegLogGRF_matern_alpha1.500_tau7_exp_factor2.500_vmax1.5_vmin1_batch0_all_frames.pt
  2447. /blue/shiboli.fsu/yifeisun.umich/adversarial_robustness_FNO/2D_NS_FNO2d_recurrent/datasets/exponax_datasets/t20/generalizability/dim2d_nx256_N10_solver=exponax_nu0.000_t20.0_test_ntimepoints21_NegLogGRF_matern_alpha1.500_tau7_exp_factor2.500_vmax1_vmin-1_batch0_all_frames.pt
  2448. /blue/shiboli.fsu/yifeisun.umich/adversarial_robustness_FNO/2D_NS_FNO2d_recurrent/datasets/exponax_datasets/t20/generalizability/dim2d_nx256_N10_solver=exponax_nu0.000_t20.0_test_ntimepoints21_NegLogGRF_matern_alpha1.500_tau7_exp_factor2.500_vmax1_vmin0_batch0_all_frames.pt
  2449. /blue/shiboli.fsu/yifeisun.umich/adversarial_robustness_FNO/2D_NS_FNO2d_recurrent/datasets/exponax_datasets/t20/generalizability/dim2d_nx256_N10_solver=exponax_nu0.000_t20.0_test_ntimepoints21_NegLogGRF_matern_alpha2.500_tau11_exp_factor2.500_vmax-1_vmin-1.5_batch0_all_frames.pt
  2450. /blue/shiboli.fsu/yifeisun.umich/adversarial_robustness_FNO/2D_NS_FNO2d_recurrent/datasets/exponax_datasets/t20/generalizability/dim2d_nx256_N10_solver=exponax_nu0.000_t20.0_test_ntimepoints21_NegLogGRF_matern_alpha2.500_tau11_exp_factor2.500_vmax0.4_vmin-0.4_batch0_all_frames.pt
  2451. /blue/shiboli.fsu/yifeisun.umich/adversarial_robustness_FNO/2D_NS_FNO2d_recurrent/datasets/exponax_datasets/t20/generalizability/dim2d_nx256_N10_solver=exponax_nu0.000_t20.0_test_ntimepoints21_NegLogGRF_matern_alpha2.500_tau11_exp_factor2.500_vmax0_vmin-1_batch0_all_frames.pt
  2452. /blue/shiboli.fsu/yifeisun.umich/adversarial_robustness_FNO/2D_NS_FNO2d_recurrent/datasets/exponax_datasets/t20/generalizability/dim2d_nx256_N10_solver=exponax_nu0.000_t20.0_test_ntimepoints21_NegLogGRF_matern_alpha2.500_tau11_exp_factor2.500_vmax1.5_vmin1_batch0_all_frames.pt
  2453. /blue/shiboli.fsu/yifeisun.umich/adversarial_robustness_FNO/2D_NS_FNO2d_recurrent/datasets/exponax_datasets/t20/generalizability/dim2d_nx256_N10_solver=exponax_nu0.000_t20.0_test_ntimepoints21_NegLogGRF_matern_alpha2.500_tau11_exp_factor2.500_vmax1_vmin-1_batch0_all_frames.pt
  2454. /blue/shiboli.fsu/yifeisun.umich/adversarial_robustness_FNO/2D_NS_FNO2d_recurrent/datasets/exponax_datasets/t20/generalizability/dim2d_nx256_N10_solver=exponax_nu0.000_t20.0_test_ntimepoints21_NegLogGRF_matern_alpha2.500_tau11_exp_factor2.500_vmax1_vmin0_batch0_all_frames.pt
  2455. /blue/shiboli.fsu/yifeisun.umich/adversarial_robustness_FNO/2D_NS_FNO2d_recurrent/datasets/exponax_datasets/t20/generalizability/dim2d_nx256_N10_solver=exponax_nu0.000_t20.0_test_ntimepoints21_NegLogGRF_matern_alpha2.500_tau15_exp_factor2.500_vmax-1_vmin-1.5_batch0_all_frames.pt
  2456. /blue/shiboli.fsu/yifeisun.umich/adversarial_robustness_FNO/2D_NS_FNO2d_recurrent/datasets/exponax_datasets/t20/generalizability/dim2d_nx256_N10_solver=exponax_nu0.000_t20.0_test_ntimepoints21_NegLogGRF_matern_alpha2.500_tau15_exp_factor2.500_vmax0.4_vmin-0.4_batch0_all_frames.pt
  2457. /blue/shiboli.fsu/yifeisun.umich/adversarial_robustness_FNO/2D_NS_FNO2d_recurrent/datasets/exponax_datasets/t20/generalizability/dim2d_nx256_N10_solver=exponax_nu0.000_t20.0_test_ntimepoints21_NegLogGRF_matern_alpha2.500_tau15_exp_factor2.500_vmax0_vmin-1_batch0_all_frames.pt
  2458. /blue/shiboli.fsu/yifeisun.umich/adversarial_robustness_FNO/2D_NS_FNO2d_recurrent/datasets/exponax_datasets/t20/generalizability/dim2d_nx256_N10_solver=exponax_nu0.000_t20.0_test_ntimepoints21_NegLogGRF_matern_alpha2.500_tau15_exp_factor2.500_vmax1.5_vmin1_batch0_all_frames.pt
  2459. /blue/shiboli.fsu/yifeisun.umich/adversarial_robustness_FNO/2D_NS_FNO2d_recurrent/datasets/exponax_datasets/t20/generalizability/dim2d_nx256_N10_solver=exponax_nu0.000_t20.0_test_ntimepoints21_NegLogGRF_matern_alpha2.500_tau15_exp_factor2.500_vmax1_vmin-1_batch0_all_frames.pt
  2460. /blue/shiboli.fsu/yifeisun.umich/adversarial_robustness_FNO/2D_NS_FNO2d_recurrent/datasets/exponax_datasets/t20/generalizability/dim2d_nx256_N10_solver=exponax_nu0.000_t20.0_test_ntimepoints21_NegLogGRF_matern_alpha2.500_tau15_exp_factor2.500_vmax1_vmin0_batch0_all_frames.pt
  2461. /blue/shiboli.fsu/yifeisun.umich/adversarial_robustness_FNO/2D_NS_FNO2d_recurrent/datasets/exponax_datasets/t20/generalizability/dim2d_nx256_N10_solver=exponax_nu0.000_t20.0_test_ntimepoints21_NegLogGRF_matern_alpha2.500_tau1_exp_factor2.500_vmax-1_vmin-1.5_batch0_all_frames.pt
  2462. /blue/shiboli.fsu/yifeisun.umich/adversarial_robustness_FNO/2D_NS_FNO2d_recurrent/datasets/exponax_datasets/t20/generalizability/dim2d_nx256_N10_solver=exponax_nu0.000_t20.0_test_ntimepoints21_NegLogGRF_matern_alpha2.500_tau1_exp_factor2.500_vmax0.4_vmin-0.4_batch0_all_frames.pt
  2463. /blue/shiboli.fsu/yifeisun.umich/adversarial_robustness_FNO/2D_NS_FNO2d_recurrent/datasets/exponax_datasets/t20/generalizability/dim2d_nx256_N10_solver=exponax_nu0.000_t20.0_test_ntimepoints21_NegLogGRF_matern_alpha2.500_tau1_exp_factor2.500_vmax0_vmin-1_batch0_all_frames.pt
  2464. /blue/shiboli.fsu/yifeisun.umich/adversarial_robustness_FNO/2D_NS_FNO2d_recurrent/datasets/exponax_datasets/t20/generalizability/dim2d_nx256_N10_solver=exponax_nu0.000_t20.0_test_ntimepoints21_NegLogGRF_matern_alpha2.500_tau1_exp_factor2.500_vmax1.5_vmin1_batch0_all_frames.pt
  2465. /blue/shiboli.fsu/yifeisun.umich/adversarial_robustness_FNO/2D_NS_FNO2d_recurrent/datasets/exponax_datasets/t20/generalizability/dim2d_nx256_N10_solver=exponax_nu0.000_t20.0_test_ntimepoints21_NegLogGRF_matern_alpha2.500_tau1_exp_factor2.500_vmax1_vmin-1_batch0_all_frames.pt
  2466. /blue/shiboli.fsu/yifeisun.umich/adversarial_robustness_FNO/2D_NS_FNO2d_recurrent/datasets/exponax_datasets/t20/generalizability/dim2d_nx256_N10_solver=exponax_nu0.000_t20.0_test_ntimepoints21_NegLogGRF_matern_alpha2.500_tau1_exp_factor2.500_vmax1_vmin0_batch0_all_frames.pt
  2467. /blue/shiboli.fsu/yifeisun.umich/adversarial_robustness_FNO/2D_NS_FNO2d_recurrent/datasets/exponax_datasets/t20/generalizability/dim2d_nx256_N10_solver=exponax_nu0.000_t20.0_test_ntimepoints21_NegLogGRF_matern_alpha2.500_tau3_exp_factor2.500_vmax-1_vmin-1.5_batch0_all_frames.pt
  2468. /blue/shiboli.fsu/yifeisun.umich/adversarial_robustness_FNO/2D_NS_FNO2d_recurrent/datasets/exponax_datasets/t20/generalizability/dim2d_nx256_N10_solver=exponax_nu0.000_t20.0_test_ntimepoints21_NegLogGRF_matern_alpha2.500_tau3_exp_factor2.500_vmax0.4_vmin-0.4_batch0_all_frames.pt
  2469. /blue/shiboli.fsu/yifeisun.umich/adversarial_robustness_FNO/2D_NS_FNO2d_recurrent/datasets/exponax_datasets/t20/generalizability/dim2d_nx256_N10_solver=exponax_nu0.000_t20.0_test_ntimepoints21_NegLogGRF_matern_alpha2.500_tau3_exp_factor2.500_vmax0_vmin-1_batch0_all_frames.pt
  2470. /blue/shiboli.fsu/yifeisun.umich/adversarial_robustness_FNO/2D_NS_FNO2d_recurrent/datasets/exponax_datasets/t20/generalizability/dim2d_nx256_N10_solver=exponax_nu0.000_t20.0_test_ntimepoints21_NegLogGRF_matern_alpha2.500_tau3_exp_factor2.500_vmax1.5_vmin1_batch0_all_frames.pt
  2471. /blue/shiboli.fsu/yifeisun.umich/adversarial_robustness_FNO/2D_NS_FNO2d_recurrent/datasets/exponax_datasets/t20/generalizability/dim2d_nx256_N10_solver=exponax_nu0.000_t20.0_test_ntimepoints21_NegLogGRF_matern_alpha2.500_tau3_exp_factor2.500_vmax1_vmin-1_batch0_all_frames.pt
  2472. /blue/shiboli.fsu/yifeisun.umich/adversarial_robustness_FNO/2D_NS_FNO2d_recurrent/datasets/exponax_datasets/t20/generalizability/dim2d_nx256_N10_solver=exponax_nu0.000_t20.0_test_ntimepoints21_NegLogGRF_matern_alpha2.500_tau3_exp_factor2.500_vmax1_vmin0_batch0_all_frames.pt
  2473. /blue/shiboli.fsu/yifeisun.umich/adversarial_robustness_FNO/2D_NS_FNO2d_recurrent/datasets/exponax_datasets/t20/generalizability/dim2d_nx256_N10_solver=exponax_nu0.000_t20.0_test_ntimepoints21_NegLogGRF_matern_alpha2.500_tau7_exp_factor2.500_vmax-1_vmin-1.5_batch0_all_frames.pt
  2474. /blue/shiboli.fsu/yifeisun.umich/adversarial_robustness_FNO/2D_NS_FNO2d_recurrent/datasets/exponax_datasets/t20/generalizability/dim2d_nx256_N10_solver=exponax_nu0.000_t20.0_test_ntimepoints21_NegLogGRF_matern_alpha2.500_tau7_exp_factor2.500_vmax0.4_vmin-0.4_batch0_all_frames.pt
  2475. /blue/shiboli.fsu/yifeisun.umich/adversarial_robustness_FNO/2D_NS_FNO2d_recurrent/datasets/exponax_datasets/t20/generalizability/dim2d_nx256_N10_solver=exponax_nu0.000_t20.0_test_ntimepoints21_NegLogGRF_matern_alpha2.500_tau7_exp_factor2.500_vmax0_vmin-1_batch0_all_frames.pt
  2476. /blue/shiboli.fsu/yifeisun.umich/adversarial_robustness_FNO/2D_NS_FNO2d_recurrent/datasets/exponax_datasets/t20/generalizability/dim2d_nx256_N10_solver=exponax_nu0.000_t20.0_test_ntimepoints21_NegLogGRF_matern_alpha2.500_tau7_exp_factor2.500_vmax1.5_vmin1_batch0_all_frames.pt
  2477. /blue/shiboli.fsu/yifeisun.umich/adversarial_robustness_FNO/2D_NS_FNO2d_recurrent/datasets/exponax_datasets/t20/generalizability/dim2d_nx256_N10_solver=exponax_nu0.000_t20.0_test_ntimepoints21_NegLogGRF_matern_alpha2.500_tau7_exp_factor2.500_vmax1_vmin-1_batch0_all_frames.pt
  2478. /blue/shiboli.fsu/yifeisun.umich/adversarial_robustness_FNO/2D_NS_FNO2d_recurrent/datasets/exponax_datasets/t20/generalizability/dim2d_nx256_N10_solver=exponax_nu0.000_t20.0_test_ntimepoints21_NegLogGRF_matern_alpha2.500_tau7_exp_factor2.500_vmax1_vmin0_batch0_all_frames.pt
  2479. /blue/shiboli.fsu/yifeisun.umich/adversarial_robustness_FNO/2D_NS_FNO2d_recurrent/datasets/exponax_datasets/t20/generalizability/dim2d_nx256_N10_solver=exponax_nu0.000_t20.0_test_ntimepoints21_NegLogGRF_matern_alpha2_tau11_exp_factor2.500_vmax-1_vmin-1.5_batch0_all_frames.pt
  2480. /blue/shiboli.fsu/yifeisun.umich/adversarial_robustness_FNO/2D_NS_FNO2d_recurrent/datasets/exponax_datasets/t20/generalizability/dim2d_nx256_N10_solver=exponax_nu0.000_t20.0_test_ntimepoints21_NegLogGRF_matern_alpha2_tau11_exp_factor2.500_vmax0.4_vmin-0.4_batch0_all_frames.pt
  2481. /blue/shiboli.fsu/yifeisun.umich/adversarial_robustness_FNO/2D_NS_FNO2d_recurrent/datasets/exponax_datasets/t20/generalizability/dim2d_nx256_N10_solver=exponax_nu0.000_t20.0_test_ntimepoints21_NegLogGRF_matern_alpha2_tau11_exp_factor2.500_vmax0_vmin-1_batch0_all_frames.pt
  2482. /blue/shiboli.fsu/yifeisun.umich/adversarial_robustness_FNO/2D_NS_FNO2d_recurrent/datasets/exponax_datasets/t20/generalizability/dim2d_nx256_N10_solver=exponax_nu0.000_t20.0_test_ntimepoints21_NegLogGRF_matern_alpha2_tau11_exp_factor2.500_vmax1.5_vmin1_batch0_all_frames.pt
  2483. /blue/shiboli.fsu/yifeisun.umich/adversarial_robustness_FNO/2D_NS_FNO2d_recurrent/datasets/exponax_datasets/t20/generalizability/dim2d_nx256_N10_solver=exponax_nu0.000_t20.0_test_ntimepoints21_NegLogGRF_matern_alpha2_tau11_exp_factor2.500_vmax1_vmin-1_batch0_all_frames.pt
  2484. /blue/shiboli.fsu/yifeisun.umich/adversarial_robustness_FNO/2D_NS_FNO2d_recurrent/datasets/exponax_datasets/t20/generalizability/dim2d_nx256_N10_solver=exponax_nu0.000_t20.0_test_ntimepoints21_NegLogGRF_matern_alpha2_tau11_exp_factor2.500_vmax1_vmin0_batch0_all_frames.pt
  2485. /blue/shiboli.fsu/yifeisun.umich/adversarial_robustness_FNO/2D_NS_FNO2d_recurrent/datasets/exponax_datasets/t20/generalizability/dim2d_nx256_N10_solver=exponax_nu0.000_t20.0_test_ntimepoints21_NegLogGRF_matern_alpha2_tau15_exp_factor2.500_vmax-1_vmin-1.5_batch0_all_frames.pt
  2486. /blue/shiboli.fsu/yifeisun.umich/adversarial_robustness_FNO/2D_NS_FNO2d_recurrent/datasets/exponax_datasets/t20/generalizability/dim2d_nx256_N10_solver=exponax_nu0.000_t20.0_test_ntimepoints21_NegLogGRF_matern_alpha2_tau15_exp_factor2.500_vmax0.4_vmin-0.4_batch0_all_frames.pt
  2487. /blue/shiboli.fsu/yifeisun.umich/adversarial_robustness_FNO/2D_NS_FNO2d_recurrent/datasets/exponax_datasets/t20/generalizability/dim2d_nx256_N10_solver=exponax_nu0.000_t20.0_test_ntimepoints21_NegLogGRF_matern_alpha2_tau15_exp_factor2.500_vmax0_vmin-1_batch0_all_frames.pt
  2488. /blue/shiboli.fsu/yifeisun.umich/adversarial_robustness_FNO/2D_NS_FNO2d_recurrent/datasets/exponax_datasets/t20/generalizability/dim2d_nx256_N10_solver=exponax_nu0.000_t20.0_test_ntimepoints21_NegLogGRF_matern_alpha2_tau15_exp_factor2.500_vmax1.5_vmin1_batch0_all_frames.pt
  2489. /blue/shiboli.fsu/yifeisun.umich/adversarial_robustness_FNO/2D_NS_FNO2d_recurrent/datasets/exponax_datasets/t20/generalizability/dim2d_nx256_N10_solver=exponax_nu0.000_t20.0_test_ntimepoints21_NegLogGRF_matern_alpha2_tau15_exp_factor2.500_vmax1_vmin-1_batch0_all_frames.pt
  2490. /blue/shiboli.fsu/yifeisun.umich/adversarial_robustness_FNO/2D_NS_FNO2d_recurrent/datasets/exponax_datasets/t20/generalizability/dim2d_nx256_N10_solver=exponax_nu0.000_t20.0_test_ntimepoints21_NegLogGRF_matern_alpha2_tau15_exp_factor2.500_vmax1_vmin0_batch0_all_frames.pt
  2491. /blue/shiboli.fsu/yifeisun.umich/adversarial_robustness_FNO/2D_NS_FNO2d_recurrent/datasets/exponax_datasets/t20/generalizability/dim2d_nx256_N10_solver=exponax_nu0.000_t20.0_test_ntimepoints21_NegLogGRF_matern_alpha2_tau1_exp_factor2.500_vmax-1_vmin-1.5_batch0_all_frames.pt
  2492. /blue/shiboli.fsu/yifeisun.umich/adversarial_robustness_FNO/2D_NS_FNO2d_recurrent/datasets/exponax_datasets/t20/generalizability/dim2d_nx256_N10_solver=exponax_nu0.000_t20.0_test_ntimepoints21_NegLogGRF_matern_alpha2_tau1_exp_factor2.500_vmax0.4_vmin-0.4_batch0_all_frames.pt
  2493. /blue/shiboli.fsu/yifeisun.umich/adversarial_robustness_FNO/2D_NS_FNO2d_recurrent/datasets/exponax_datasets/t20/generalizability/dim2d_nx256_N10_solver=exponax_nu0.000_t20.0_test_ntimepoints21_NegLogGRF_matern_alpha2_tau1_exp_factor2.500_vmax0_vmin-1_batch0_all_frames.pt
  2494. /blue/shiboli.fsu/yifeisun.umich/adversarial_robustness_FNO/2D_NS_FNO2d_recurrent/datasets/exponax_datasets/t20/generalizability/dim2d_nx256_N10_solver=exponax_nu0.000_t20.0_test_ntimepoints21_NegLogGRF_matern_alpha2_tau1_exp_factor2.500_vmax1.5_vmin1_batch0_all_frames.pt
  2495. /blue/shiboli.fsu/yifeisun.umich/adversarial_robustness_FNO/2D_NS_FNO2d_recurrent/datasets/exponax_datasets/t20/generalizability/dim2d_nx256_N10_solver=exponax_nu0.000_t20.0_test_ntimepoints21_NegLogGRF_matern_alpha2_tau1_exp_factor2.500_vmax1_vmin-1_batch0_all_frames.pt
  2496. /blue/shiboli.fsu/yifeisun.umich/adversarial_robustness_FNO/2D_NS_FNO2d_recurrent/datasets/exponax_datasets/t20/generalizability/dim2d_nx256_N10_solver=exponax_nu0.000_t20.0_test_ntimepoints21_NegLogGRF_matern_alpha2_tau1_exp_factor2.500_vmax1_vmin0_batch0_all_frames.pt
  2497. /blue/shiboli.fsu/yifeisun.umich/adversarial_robustness_FNO/2D_NS_FNO2d_recurrent/datasets/exponax_datasets/t20/generalizability/dim2d_nx256_N10_solver=exponax_nu0.000_t20.0_test_ntimepoints21_NegLogGRF_matern_alpha2_tau3_exp_factor2.500_vmax-1_vmin-1.5_batch0_all_frames.pt
  2498. /blue/shiboli.fsu/yifeisun.umich/adversarial_robustness_FNO/2D_NS_FNO2d_recurrent/datasets/exponax_datasets/t20/generalizability/dim2d_nx256_N10_solver=exponax_nu0.000_t20.0_test_ntimepoints21_NegLogGRF_matern_alpha2_tau3_exp_factor2.500_vmax0.4_vmin-0.4_batch0_all_frames.pt
  2499. /blue/shiboli.fsu/yifeisun.umich/adversarial_robustness_FNO/2D_NS_FNO2d_recurrent/datasets/exponax_datasets/t20/generalizability/dim2d_nx256_N10_solver=exponax_nu0.000_t20.0_test_ntimepoints21_NegLogGRF_matern_alpha2_tau3_exp_factor2.500_vmax0_vmin-1_batch0_all_frames.pt
  2500. /blue/shiboli.fsu/yifeisun.umich/adversarial_robustness_FNO/2D_NS_FNO2d_recurrent/datasets/exponax_datasets/t20/generalizability/dim2d_nx256_N10_solver=exponax_nu0.000_t20.0_test_ntimepoints21_NegLogGRF_matern_alpha2_tau3_exp_factor2.500_vmax1.5_vmin1_batch0_all_frames.pt
  2501. /blue/shiboli.fsu/yifeisun.umich/adversarial_robustness_FNO/2D_NS_FNO2d_recurrent/datasets/exponax_datasets/t20/generalizability/dim2d_nx256_N10_solver=exponax_nu0.000_t20.0_test_ntimepoints21_NegLogGRF_matern_alpha2_tau3_exp_factor2.500_vmax1_vmin-1_batch0_all_frames.pt
  2502. /blue/shiboli.fsu/yifeisun.umich/adversarial_robustness_FNO/2D_NS_FNO2d_recurrent/datasets/exponax_datasets/t20/generalizability/dim2d_nx256_N10_solver=exponax_nu0.000_t20.0_test_ntimepoints21_NegLogGRF_matern_alpha2_tau3_exp_factor2.500_vmax1_vmin0_batch0_all_frames.pt
  2503. /blue/shiboli.fsu/yifeisun.umich/adversarial_robustness_FNO/2D_NS_FNO2d_recurrent/datasets/exponax_datasets/t20/generalizability/dim2d_nx256_N10_solver=exponax_nu0.000_t20.0_test_ntimepoints21_NegLogGRF_matern_alpha2_tau7_exp_factor2.500_vmax-1_vmin-1.5_batch0_all_frames.pt
  2504. /blue/shiboli.fsu/yifeisun.umich/adversarial_robustness_FNO/2D_NS_FNO2d_recurrent/datasets/exponax_datasets/t20/generalizability/dim2d_nx256_N10_solver=exponax_nu0.000_t20.0_test_ntimepoints21_NegLogGRF_matern_alpha2_tau7_exp_factor2.500_vmax0.4_vmin-0.4_batch0_all_frames.pt
  2505. /blue/shiboli.fsu/yifeisun.umich/adversarial_robustness_FNO/2D_NS_FNO2d_recurrent/datasets/exponax_datasets/t20/generalizability/dim2d_nx256_N10_solver=exponax_nu0.000_t20.0_test_ntimepoints21_NegLogGRF_matern_alpha2_tau7_exp_factor2.500_vmax0_vmin-1_batch0_all_frames.pt
  2506. /blue/shiboli.fsu/yifeisun.umich/adversarial_robustness_FNO/2D_NS_FNO2d_recurrent/datasets/exponax_datasets/t20/generalizability/dim2d_nx256_N10_solver=exponax_nu0.000_t20.0_test_ntimepoints21_NegLogGRF_matern_alpha2_tau7_exp_factor2.500_vmax1.5_vmin1_batch0_all_frames.pt
  2507. /blue/shiboli.fsu/yifeisun.umich/adversarial_robustness_FNO/2D_NS_FNO2d_recurrent/datasets/exponax_datasets/t20/generalizability/dim2d_nx256_N10_solver=exponax_nu0.000_t20.0_test_ntimepoints21_NegLogGRF_matern_alpha2_tau7_exp_factor2.500_vmax1_vmin-1_batch0_all_frames.pt
  2508. /blue/shiboli.fsu/yifeisun.umich/adversarial_robustness_FNO/2D_NS_FNO2d_recurrent/datasets/exponax_datasets/t20/generalizability/dim2d_nx256_N10_solver=exponax_nu0.000_t20.0_test_ntimepoints21_NegLogGRF_matern_alpha2_tau7_exp_factor2.500_vmax1_vmin0_batch0_all_frames.pt
  2509. /blue/shiboli.fsu/yifeisun.umich/adversarial_robustness_FNO/2D_NS_FNO2d_recurrent/datasets/exponax_datasets/t20/generalizability/dim2d_nx256_N10_solver=exponax_nu0.000_t20.0_test_ntimepoints21_NegLogGRF_matern_alpha3.500_tau11_exp_factor2.500_vmax-1_vmin-1.5_batch0_all_frames.pt
  2510. /blue/shiboli.fsu/yifeisun.umich/adversarial_robustness_FNO/2D_NS_FNO2d_recurrent/datasets/exponax_datasets/t20/generalizability/dim2d_nx256_N10_solver=exponax_nu0.000_t20.0_test_ntimepoints21_NegLogGRF_matern_alpha3.500_tau11_exp_factor2.500_vmax0.4_vmin-0.4_batch0_all_frames.pt
  2511. /blue/shiboli.fsu/yifeisun.umich/adversarial_robustness_FNO/2D_NS_FNO2d_recurrent/datasets/exponax_datasets/t20/generalizability/dim2d_nx256_N10_solver=exponax_nu0.000_t20.0_test_ntimepoints21_NegLogGRF_matern_alpha3.500_tau11_exp_factor2.500_vmax0_vmin-1_batch0_all_frames.pt
  2512. /blue/shiboli.fsu/yifeisun.umich/adversarial_robustness_FNO/2D_NS_FNO2d_recurrent/datasets/exponax_datasets/t20/generalizability/dim2d_nx256_N10_solver=exponax_nu0.000_t20.0_test_ntimepoints21_NegLogGRF_matern_alpha3.500_tau11_exp_factor2.500_vmax1.5_vmin1_batch0_all_frames.pt
  2513. /blue/shiboli.fsu/yifeisun.umich/adversarial_robustness_FNO/2D_NS_FNO2d_recurrent/datasets/exponax_datasets/t20/generalizability/dim2d_nx256_N10_solver=exponax_nu0.000_t20.0_test_ntimepoints21_NegLogGRF_matern_alpha3.500_tau11_exp_factor2.500_vmax1_vmin-1_batch0_all_frames.pt
  2514. /blue/shiboli.fsu/yifeisun.umich/adversarial_robustness_FNO/2D_NS_FNO2d_recurrent/datasets/exponax_datasets/t20/generalizability/dim2d_nx256_N10_solver=exponax_nu0.000_t20.0_test_ntimepoints21_NegLogGRF_matern_alpha3.500_tau11_exp_factor2.500_vmax1_vmin0_batch0_all_frames.pt
  2515. /blue/shiboli.fsu/yifeisun.umich/adversarial_robustness_FNO/2D_NS_FNO2d_recurrent/datasets/exponax_datasets/t20/generalizability/dim2d_nx256_N10_solver=exponax_nu0.000_t20.0_test_ntimepoints21_NegLogGRF_matern_alpha3.500_tau15_exp_factor2.500_vmax-1_vmin-1.5_batch0_all_frames.pt
  2516. /blue/shiboli.fsu/yifeisun.umich/adversarial_robustness_FNO/2D_NS_FNO2d_recurrent/datasets/exponax_datasets/t20/generalizability/dim2d_nx256_N10_solver=exponax_nu0.000_t20.0_test_ntimepoints21_NegLogGRF_matern_alpha3.500_tau15_exp_factor2.500_vmax0.4_vmin-0.4_batch0_all_frames.pt
  2517. /blue/shiboli.fsu/yifeisun.umich/adversarial_robustness_FNO/2D_NS_FNO2d_recurrent/datasets/exponax_datasets/t20/generalizability/dim2d_nx256_N10_solver=exponax_nu0.000_t20.0_test_ntimepoints21_NegLogGRF_matern_alpha3.500_tau15_exp_factor2.500_vmax0_vmin-1_batch0_all_frames.pt
  2518. /blue/shiboli.fsu/yifeisun.umich/adversarial_robustness_FNO/2D_NS_FNO2d_recurrent/datasets/exponax_datasets/t20/generalizability/dim2d_nx256_N10_solver=exponax_nu0.000_t20.0_test_ntimepoints21_NegLogGRF_matern_alpha3.500_tau15_exp_factor2.500_vmax1.5_vmin1_batch0_all_frames.pt
  2519. /blue/shiboli.fsu/yifeisun.umich/adversarial_robustness_FNO/2D_NS_FNO2d_recurrent/datasets/exponax_datasets/t20/generalizability/dim2d_nx256_N10_solver=exponax_nu0.000_t20.0_test_ntimepoints21_NegLogGRF_matern_alpha3.500_tau15_exp_factor2.500_vmax1_vmin-1_batch0_all_frames.pt
  2520. /blue/shiboli.fsu/yifeisun.umich/adversarial_robustness_FNO/2D_NS_FNO2d_recurrent/datasets/exponax_datasets/t20/generalizability/dim2d_nx256_N10_solver=exponax_nu0.000_t20.0_test_ntimepoints21_NegLogGRF_matern_alpha3.500_tau15_exp_factor2.500_vmax1_vmin0_batch0_all_frames.pt
  2521. /blue/shiboli.fsu/yifeisun.umich/adversarial_robustness_FNO/2D_NS_FNO2d_recurrent/datasets/exponax_datasets/t20/generalizability/dim2d_nx256_N10_solver=exponax_nu0.000_t20.0_test_ntimepoints21_NegLogGRF_matern_alpha3.500_tau1_exp_factor2.500_vmax-1_vmin-1.5_batch0_all_frames.pt
  2522. /blue/shiboli.fsu/yifeisun.umich/adversarial_robustness_FNO/2D_NS_FNO2d_recurrent/datasets/exponax_datasets/t20/generalizability/dim2d_nx256_N10_solver=exponax_nu0.000_t20.0_test_ntimepoints21_NegLogGRF_matern_alpha3.500_tau1_exp_factor2.500_vmax0.4_vmin-0.4_batch0_all_frames.pt
  2523. /blue/shiboli.fsu/yifeisun.umich/adversarial_robustness_FNO/2D_NS_FNO2d_recurrent/datasets/exponax_datasets/t20/generalizability/dim2d_nx256_N10_solver=exponax_nu0.000_t20.0_test_ntimepoints21_NegLogGRF_matern_alpha3.500_tau1_exp_factor2.500_vmax0_vmin-1_batch0_all_frames.pt
  2524. /blue/shiboli.fsu/yifeisun.umich/adversarial_robustness_FNO/2D_NS_FNO2d_recurrent/datasets/exponax_datasets/t20/generalizability/dim2d_nx256_N10_solver=exponax_nu0.000_t20.0_test_ntimepoints21_NegLogGRF_matern_alpha3.500_tau1_exp_factor2.500_vmax1.5_vmin1_batch0_all_frames.pt
  2525. /blue/shiboli.fsu/yifeisun.umich/adversarial_robustness_FNO/2D_NS_FNO2d_recurrent/datasets/exponax_datasets/t20/generalizability/dim2d_nx256_N10_solver=exponax_nu0.000_t20.0_test_ntimepoints21_NegLogGRF_matern_alpha3.500_tau1_exp_factor2.500_vmax1_vmin-1_batch0_all_frames.pt
  2526. /blue/shiboli.fsu/yifeisun.umich/adversarial_robustness_FNO/2D_NS_FNO2d_recurrent/datasets/exponax_datasets/t20/generalizability/dim2d_nx256_N10_solver=exponax_nu0.000_t20.0_test_ntimepoints21_NegLogGRF_matern_alpha3.500_tau1_exp_factor2.500_vmax1_vmin0_batch0_all_frames.pt
  2527. /blue/shiboli.fsu/yifeisun.umich/adversarial_robustness_FNO/2D_NS_FNO2d_recurrent/datasets/exponax_datasets/t20/generalizability/dim2d_nx256_N10_solver=exponax_nu0.000_t20.0_test_ntimepoints21_NegLogGRF_matern_alpha3.500_tau3_exp_factor2.500_vmax-1_vmin-1.5_batch0_all_frames.pt
  2528. /blue/shiboli.fsu/yifeisun.umich/adversarial_robustness_FNO/2D_NS_FNO2d_recurrent/datasets/exponax_datasets/t20/generalizability/dim2d_nx256_N10_solver=exponax_nu0.000_t20.0_test_ntimepoints21_NegLogGRF_matern_alpha3.500_tau3_exp_factor2.500_vmax0.4_vmin-0.4_batch0_all_frames.pt
  2529. /blue/shiboli.fsu/yifeisun.umich/adversarial_robustness_FNO/2D_NS_FNO2d_recurrent/datasets/exponax_datasets/t20/generalizability/dim2d_nx256_N10_solver=exponax_nu0.000_t20.0_test_ntimepoints21_NegLogGRF_matern_alpha3.500_tau3_exp_factor2.500_vmax0_vmin-1_batch0_all_frames.pt
  2530. /blue/shiboli.fsu/yifeisun.umich/adversarial_robustness_FNO/2D_NS_FNO2d_recurrent/datasets/exponax_datasets/t20/generalizability/dim2d_nx256_N10_solver=exponax_nu0.000_t20.0_test_ntimepoints21_NegLogGRF_matern_alpha3.500_tau3_exp_factor2.500_vmax1.5_vmin1_batch0_all_frames.pt
  2531. /blue/shiboli.fsu/yifeisun.umich/adversarial_robustness_FNO/2D_NS_FNO2d_recurrent/datasets/exponax_datasets/t20/generalizability/dim2d_nx256_N10_solver=exponax_nu0.000_t20.0_test_ntimepoints21_NegLogGRF_matern_alpha3.500_tau3_exp_factor2.500_vmax1_vmin-1_batch0_all_frames.pt
  2532. /blue/shiboli.fsu/yifeisun.umich/adversarial_robustness_FNO/2D_NS_FNO2d_recurrent/datasets/exponax_datasets/t20/generalizability/dim2d_nx256_N10_solver=exponax_nu0.000_t20.0_test_ntimepoints21_NegLogGRF_matern_alpha3.500_tau3_exp_factor2.500_vmax1_vmin0_batch0_all_frames.pt
  2533. /blue/shiboli.fsu/yifeisun.umich/adversarial_robustness_FNO/2D_NS_FNO2d_recurrent/datasets/exponax_datasets/t20/generalizability/dim2d_nx256_N10_solver=exponax_nu0.000_t20.0_test_ntimepoints21_NegLogGRF_matern_alpha3.500_tau7_exp_factor2.500_vmax-1_vmin-1.5_batch0_all_frames.pt
  2534. /blue/shiboli.fsu/yifeisun.umich/adversarial_robustness_FNO/2D_NS_FNO2d_recurrent/datasets/exponax_datasets/t20/generalizability/dim2d_nx256_N10_solver=exponax_nu0.000_t20.0_test_ntimepoints21_NegLogGRF_matern_alpha3.500_tau7_exp_factor2.500_vmax0.4_vmin-0.4_batch0_all_frames.pt
  2535. /blue/shiboli.fsu/yifeisun.umich/adversarial_robustness_FNO/2D_NS_FNO2d_recurrent/datasets/exponax_datasets/t20/generalizability/dim2d_nx256_N10_solver=exponax_nu0.000_t20.0_test_ntimepoints21_NegLogGRF_matern_alpha3.500_tau7_exp_factor2.500_vmax0_vmin-1_batch0_all_frames.pt
  2536. /blue/shiboli.fsu/yifeisun.umich/adversarial_robustness_FNO/2D_NS_FNO2d_recurrent/datasets/exponax_datasets/t20/generalizability/dim2d_nx256_N10_solver=exponax_nu0.000_t20.0_test_ntimepoints21_NegLogGRF_matern_alpha3.500_tau7_exp_factor2.500_vmax1.5_vmin1_batch0_all_frames.pt
  2537. /blue/shiboli.fsu/yifeisun.umich/adversarial_robustness_FNO/2D_NS_FNO2d_recurrent/datasets/exponax_datasets/t20/generalizability/dim2d_nx256_N10_solver=exponax_nu0.000_t20.0_test_ntimepoints21_NegLogGRF_matern_alpha3.500_tau7_exp_factor2.500_vmax1_vmin-1_batch0_all_frames.pt
  2538. /blue/shiboli.fsu/yifeisun.umich/adversarial_robustness_FNO/2D_NS_FNO2d_recurrent/datasets/exponax_datasets/t20/generalizability/dim2d_nx256_N10_solver=exponax_nu0.000_t20.0_test_ntimepoints21_NegLogGRF_matern_alpha3.500_tau7_exp_factor2.500_vmax1_vmin0_batch0_all_frames.pt
  2539. /blue/shiboli.fsu/yifeisun.umich/adversarial_robustness_FNO/2D_NS_FNO2d_recurrent/datasets/exponax_datasets/t20/generalizability/dim2d_nx256_N10_solver=exponax_nu0.000_t20.0_test_ntimepoints21_NegLogGRF_periodic_length_scale40_period0.050_exp_factor2.500_vmax-1_vmin-1.5_batch0_all_frames.pt
  2540. /blue/shiboli.fsu/yifeisun.umich/adversarial_robustness_FNO/2D_NS_FNO2d_recurrent/datasets/exponax_datasets/t20/generalizability/dim2d_nx256_N10_solver=exponax_nu0.000_t20.0_test_ntimepoints21_NegLogGRF_periodic_length_scale40_period0.050_exp_factor2.500_vmax0.4_vmin-0.4_batch0_all_frames.pt
  2541. /blue/shiboli.fsu/yifeisun.umich/adversarial_robustness_FNO/2D_NS_FNO2d_recurrent/datasets/exponax_datasets/t20/generalizability/dim2d_nx256_N10_solver=exponax_nu0.000_t20.0_test_ntimepoints21_NegLogGRF_periodic_length_scale40_period0.050_exp_factor2.500_vmax0_vmin-1_batch0_all_frames.pt
  2542. /blue/shiboli.fsu/yifeisun.umich/adversarial_robustness_FNO/2D_NS_FNO2d_recurrent/datasets/exponax_datasets/t20/generalizability/dim2d_nx256_N10_solver=exponax_nu0.000_t20.0_test_ntimepoints21_NegLogGRF_periodic_length_scale40_period0.050_exp_factor2.500_vmax1.5_vmin1_batch0_all_frames.pt
  2543. /blue/shiboli.fsu/yifeisun.umich/adversarial_robustness_FNO/2D_NS_FNO2d_recurrent/datasets/exponax_datasets/t20/generalizability/dim2d_nx256_N10_solver=exponax_nu0.000_t20.0_test_ntimepoints21_NegLogGRF_periodic_length_scale40_period0.050_exp_factor2.500_vmax1_vmin-1_batch0_all_frames.pt
  2544. /blue/shiboli.fsu/yifeisun.umich/adversarial_robustness_FNO/2D_NS_FNO2d_recurrent/datasets/exponax_datasets/t20/generalizability/dim2d_nx256_N10_solver=exponax_nu0.000_t20.0_test_ntimepoints21_NegLogGRF_periodic_length_scale40_period0.050_exp_factor2.500_vmax1_vmin0_batch0_all_frames.pt
  2545. /blue/shiboli.fsu/yifeisun.umich/adversarial_robustness_FNO/2D_NS_FNO2d_recurrent/datasets/exponax_datasets/t20/generalizability/dim2d_nx256_N10_solver=exponax_nu0.000_t20.0_test_ntimepoints21_NegLogGRF_periodic_length_scale40_period0.100_exp_factor2.500_vmax-1_vmin-1.5_batch0_all_frames.pt
  2546. /blue/shiboli.fsu/yifeisun.umich/adversarial_robustness_FNO/2D_NS_FNO2d_recurrent/datasets/exponax_datasets/t20/generalizability/dim2d_nx256_N10_solver=exponax_nu0.000_t20.0_test_ntimepoints21_NegLogGRF_periodic_length_scale40_period0.100_exp_factor2.500_vmax0.4_vmin-0.4_batch0_all_frames.pt
  2547. /blue/shiboli.fsu/yifeisun.umich/adversarial_robustness_FNO/2D_NS_FNO2d_recurrent/datasets/exponax_datasets/t20/generalizability/dim2d_nx256_N10_solver=exponax_nu0.000_t20.0_test_ntimepoints21_NegLogGRF_periodic_length_scale40_period0.100_exp_factor2.500_vmax0_vmin-1_batch0_all_frames.pt
  2548. /blue/shiboli.fsu/yifeisun.umich/adversarial_robustness_FNO/2D_NS_FNO2d_recurrent/datasets/exponax_datasets/t20/generalizability/dim2d_nx256_N10_solver=exponax_nu0.000_t20.0_test_ntimepoints21_NegLogGRF_periodic_length_scale40_period0.100_exp_factor2.500_vmax1.5_vmin1_batch0_all_frames.pt
  2549. /blue/shiboli.fsu/yifeisun.umich/adversarial_robustness_FNO/2D_NS_FNO2d_recurrent/datasets/exponax_datasets/t20/generalizability/dim2d_nx256_N10_solver=exponax_nu0.000_t20.0_test_ntimepoints21_NegLogGRF_periodic_length_scale40_period0.100_exp_factor2.500_vmax1_vmin-1_batch0_all_frames.pt
  2550. /blue/shiboli.fsu/yifeisun.umich/adversarial_robustness_FNO/2D_NS_FNO2d_recurrent/datasets/exponax_datasets/t20/generalizability/dim2d_nx256_N10_solver=exponax_nu0.000_t20.0_test_ntimepoints21_NegLogGRF_periodic_length_scale40_period0.100_exp_factor2.500_vmax1_vmin0_batch0_all_frames.pt
  2551. /blue/shiboli.fsu/yifeisun.umich/adversarial_robustness_FNO/2D_NS_FNO2d_recurrent/datasets/exponax_datasets/t20/generalizability/dim2d_nx256_N10_solver=exponax_nu0.000_t20.0_test_ntimepoints21_NegLogGRF_periodic_length_scale40_period0.200_exp_factor2.500_vmax-1_vmin-1.5_batch0_all_frames.pt
  2552. /blue/shiboli.fsu/yifeisun.umich/adversarial_robustness_FNO/2D_NS_FNO2d_recurrent/datasets/exponax_datasets/t20/generalizability/dim2d_nx256_N10_solver=exponax_nu0.000_t20.0_test_ntimepoints21_NegLogGRF_periodic_length_scale40_period0.200_exp_factor2.500_vmax0.4_vmin-0.4_batch0_all_frames.pt
  2553. /blue/shiboli.fsu/yifeisun.umich/adversarial_robustness_FNO/2D_NS_FNO2d_recurrent/datasets/exponax_datasets/t20/generalizability/dim2d_nx256_N10_solver=exponax_nu0.000_t20.0_test_ntimepoints21_NegLogGRF_periodic_length_scale40_period0.200_exp_factor2.500_vmax0_vmin-1_batch0_all_frames.pt
  2554. /blue/shiboli.fsu/yifeisun.umich/adversarial_robustness_FNO/2D_NS_FNO2d_recurrent/datasets/exponax_datasets/t20/generalizability/dim2d_nx256_N10_solver=exponax_nu0.000_t20.0_test_ntimepoints21_NegLogGRF_periodic_length_scale40_period0.200_exp_factor2.500_vmax1.5_vmin1_batch0_all_frames.pt
  2555. /blue/shiboli.fsu/yifeisun.umich/adversarial_robustness_FNO/2D_NS_FNO2d_recurrent/datasets/exponax_datasets/t20/generalizability/dim2d_nx256_N10_solver=exponax_nu0.000_t20.0_test_ntimepoints21_NegLogGRF_periodic_length_scale40_period0.200_exp_factor2.500_vmax1_vmin-1_batch0_all_frames.pt
  2556. /blue/shiboli.fsu/yifeisun.umich/adversarial_robustness_FNO/2D_NS_FNO2d_recurrent/datasets/exponax_datasets/t20/generalizability/dim2d_nx256_N10_solver=exponax_nu0.000_t20.0_test_ntimepoints21_NegLogGRF_periodic_length_scale40_period0.200_exp_factor2.500_vmax1_vmin0_batch0_all_frames.pt
  2557. /blue/shiboli.fsu/yifeisun.umich/adversarial_robustness_FNO/2D_NS_FNO2d_recurrent/datasets/exponax_datasets/t20/generalizability/dim2d_nx256_N10_solver=exponax_nu0.000_t20.0_test_ntimepoints21_NegLogGRF_periodic_length_scale40_period0.500_exp_factor2.500_vmax-1_vmin-1.5_batch0_all_frames.pt
  2558. /blue/shiboli.fsu/yifeisun.umich/adversarial_robustness_FNO/2D_NS_FNO2d_recurrent/datasets/exponax_datasets/t20/generalizability/dim2d_nx256_N10_solver=exponax_nu0.000_t20.0_test_ntimepoints21_NegLogGRF_periodic_length_scale40_period0.500_exp_factor2.500_vmax0.4_vmin-0.4_batch0_all_frames.pt
  2559. /blue/shiboli.fsu/yifeisun.umich/adversarial_robustness_FNO/2D_NS_FNO2d_recurrent/datasets/exponax_datasets/t20/generalizability/dim2d_nx256_N10_solver=exponax_nu0.000_t20.0_test_ntimepoints21_NegLogGRF_periodic_length_scale40_period0.500_exp_factor2.500_vmax0_vmin-1_batch0_all_frames.pt
  2560. /blue/shiboli.fsu/yifeisun.umich/adversarial_robustness_FNO/2D_NS_FNO2d_recurrent/datasets/exponax_datasets/t20/generalizability/dim2d_nx256_N10_solver=exponax_nu0.000_t20.0_test_ntimepoints21_NegLogGRF_periodic_length_scale40_period0.500_exp_factor2.500_vmax1.5_vmin1_batch0_all_frames.pt
  2561. /blue/shiboli.fsu/yifeisun.umich/adversarial_robustness_FNO/2D_NS_FNO2d_recurrent/datasets/exponax_datasets/t20/generalizability/dim2d_nx256_N10_solver=exponax_nu0.000_t20.0_test_ntimepoints21_NegLogGRF_periodic_length_scale40_period0.500_exp_factor2.500_vmax1_vmin-1_batch0_all_frames.pt
  2562. /blue/shiboli.fsu/yifeisun.umich/adversarial_robustness_FNO/2D_NS_FNO2d_recurrent/datasets/exponax_datasets/t20/generalizability/dim2d_nx256_N10_solver=exponax_nu0.000_t20.0_test_ntimepoints21_NegLogGRF_periodic_length_scale40_period0.500_exp_factor2.500_vmax1_vmin0_batch0_all_frames.pt
  2563. /blue/shiboli.fsu/yifeisun.umich/adversarial_robustness_FNO/2D_NS_FNO2d_recurrent/datasets/exponax_datasets/t20/generalizability/dim2d_nx256_N10_solver=exponax_nu0.000_t20.0_test_ntimepoints21_NegLogGRF_rbf_length_scale0.020_variance0.100_exp_factor2.500_vmax-1_vmin-1.5_batch0_all_frames.pt
  2564. /blue/shiboli.fsu/yifeisun.umich/adversarial_robustness_FNO/2D_NS_FNO2d_recurrent/datasets/exponax_datasets/t20/generalizability/dim2d_nx256_N10_solver=exponax_nu0.000_t20.0_test_ntimepoints21_NegLogGRF_rbf_length_scale0.020_variance0.100_exp_factor2.500_vmax0.4_vmin-0.4_batch0_all_frames.pt
  2565. /blue/shiboli.fsu/yifeisun.umich/adversarial_robustness_FNO/2D_NS_FNO2d_recurrent/datasets/exponax_datasets/t20/generalizability/dim2d_nx256_N10_solver=exponax_nu0.000_t20.0_test_ntimepoints21_NegLogGRF_rbf_length_scale0.020_variance0.100_exp_factor2.500_vmax0_vmin-1_batch0_all_frames.pt
  2566. /blue/shiboli.fsu/yifeisun.umich/adversarial_robustness_FNO/2D_NS_FNO2d_recurrent/datasets/exponax_datasets/t20/generalizability/dim2d_nx256_N10_solver=exponax_nu0.000_t20.0_test_ntimepoints21_NegLogGRF_rbf_length_scale0.020_variance0.100_exp_factor2.500_vmax1.5_vmin1_batch0_all_frames.pt
  2567. /blue/shiboli.fsu/yifeisun.umich/adversarial_robustness_FNO/2D_NS_FNO2d_recurrent/datasets/exponax_datasets/t20/generalizability/dim2d_nx256_N10_solver=exponax_nu0.000_t20.0_test_ntimepoints21_NegLogGRF_rbf_length_scale0.020_variance0.100_exp_factor2.500_vmax1_vmin-1_batch0_all_frames.pt
  2568. /blue/shiboli.fsu/yifeisun.umich/adversarial_robustness_FNO/2D_NS_FNO2d_recurrent/datasets/exponax_datasets/t20/generalizability/dim2d_nx256_N10_solver=exponax_nu0.000_t20.0_test_ntimepoints21_NegLogGRF_rbf_length_scale0.020_variance0.100_exp_factor2.500_vmax1_vmin0_batch0_all_frames.pt
  2569. /blue/shiboli.fsu/yifeisun.umich/adversarial_robustness_FNO/2D_NS_FNO2d_recurrent/datasets/exponax_datasets/t20/generalizability/dim2d_nx256_N10_solver=exponax_nu0.000_t20.0_test_ntimepoints21_NegLogGRF_rbf_length_scale0.020_variance0.500_exp_factor2.500_vmax-1_vmin-1.5_batch0_all_frames.pt
  2570. /blue/shiboli.fsu/yifeisun.umich/adversarial_robustness_FNO/2D_NS_FNO2d_recurrent/datasets/exponax_datasets/t20/generalizability/dim2d_nx256_N10_solver=exponax_nu0.000_t20.0_test_ntimepoints21_NegLogGRF_rbf_length_scale0.020_variance0.500_exp_factor2.500_vmax0.4_vmin-0.4_batch0_all_frames.pt
  2571. /blue/shiboli.fsu/yifeisun.umich/adversarial_robustness_FNO/2D_NS_FNO2d_recurrent/datasets/exponax_datasets/t20/generalizability/dim2d_nx256_N10_solver=exponax_nu0.000_t20.0_test_ntimepoints21_NegLogGRF_rbf_length_scale0.020_variance0.500_exp_factor2.500_vmax0_vmin-1_batch0_all_frames.pt
  2572. /blue/shiboli.fsu/yifeisun.umich/adversarial_robustness_FNO/2D_NS_FNO2d_recurrent/datasets/exponax_datasets/t20/generalizability/dim2d_nx256_N10_solver=exponax_nu0.000_t20.0_test_ntimepoints21_NegLogGRF_rbf_length_scale0.020_variance0.500_exp_factor2.500_vmax1.5_vmin1_batch0_all_frames.pt
  2573. /blue/shiboli.fsu/yifeisun.umich/adversarial_robustness_FNO/2D_NS_FNO2d_recurrent/datasets/exponax_datasets/t20/generalizability/dim2d_nx256_N10_solver=exponax_nu0.000_t20.0_test_ntimepoints21_NegLogGRF_rbf_length_scale0.020_variance0.500_exp_factor2.500_vmax1_vmin-1_batch0_all_frames.pt
  2574. /blue/shiboli.fsu/yifeisun.umich/adversarial_robustness_FNO/2D_NS_FNO2d_recurrent/datasets/exponax_datasets/t20/generalizability/dim2d_nx256_N10_solver=exponax_nu0.000_t20.0_test_ntimepoints21_NegLogGRF_rbf_length_scale0.020_variance0.500_exp_factor2.500_vmax1_vmin0_batch0_all_frames.pt
  2575. /blue/shiboli.fsu/yifeisun.umich/adversarial_robustness_FNO/2D_NS_FNO2d_recurrent/datasets/exponax_datasets/t20/generalizability/dim2d_nx256_N10_solver=exponax_nu0.000_t20.0_test_ntimepoints21_NegLogGRF_rbf_length_scale0.020_variance1.000_exp_factor2.500_vmax-1_vmin-1.5_batch0_all_frames.pt
  2576. /blue/shiboli.fsu/yifeisun.umich/adversarial_robustness_FNO/2D_NS_FNO2d_recurrent/datasets/exponax_datasets/t20/generalizability/dim2d_nx256_N10_solver=exponax_nu0.000_t20.0_test_ntimepoints21_NegLogGRF_rbf_length_scale0.020_variance1.000_exp_factor2.500_vmax0.4_vmin-0.4_batch0_all_frames.pt
  2577. /blue/shiboli.fsu/yifeisun.umich/adversarial_robustness_FNO/2D_NS_FNO2d_recurrent/datasets/exponax_datasets/t20/generalizability/dim2d_nx256_N10_solver=exponax_nu0.000_t20.0_test_ntimepoints21_NegLogGRF_rbf_length_scale0.020_variance1.000_exp_factor2.500_vmax0_vmin-1_batch0_all_frames.pt
  2578. /blue/shiboli.fsu/yifeisun.umich/adversarial_robustness_FNO/2D_NS_FNO2d_recurrent/datasets/exponax_datasets/t20/generalizability/dim2d_nx256_N10_solver=exponax_nu0.000_t20.0_test_ntimepoints21_NegLogGRF_rbf_length_scale0.020_variance1.000_exp_factor2.500_vmax1.5_vmin1_batch0_all_frames.pt
  2579. /blue/shiboli.fsu/yifeisun.umich/adversarial_robustness_FNO/2D_NS_FNO2d_recurrent/datasets/exponax_datasets/t20/generalizability/dim2d_nx256_N10_solver=exponax_nu0.000_t20.0_test_ntimepoints21_NegLogGRF_rbf_length_scale0.020_variance1.000_exp_factor2.500_vmax1_vmin-1_batch0_all_frames.pt
  2580. /blue/shiboli.fsu/yifeisun.umich/adversarial_robustness_FNO/2D_NS_FNO2d_recurrent/datasets/exponax_datasets/t20/generalizability/dim2d_nx256_N10_solver=exponax_nu0.000_t20.0_test_ntimepoints21_NegLogGRF_rbf_length_scale0.020_variance1.000_exp_factor2.500_vmax1_vmin0_batch0_all_frames.pt
  2581. /blue/shiboli.fsu/yifeisun.umich/adversarial_robustness_FNO/2D_NS_FNO2d_recurrent/datasets/exponax_datasets/t20/generalizability/dim2d_nx256_N10_solver=exponax_nu0.000_t20.0_test_ntimepoints21_NegLogGRF_rbf_length_scale0.020_variance2.000_exp_factor2.500_vmax-1_vmin-1.5_batch0_all_frames.pt
  2582. /blue/shiboli.fsu/yifeisun.umich/adversarial_robustness_FNO/2D_NS_FNO2d_recurrent/datasets/exponax_datasets/t20/generalizability/dim2d_nx256_N10_solver=exponax_nu0.000_t20.0_test_ntimepoints21_NegLogGRF_rbf_length_scale0.020_variance2.000_exp_factor2.500_vmax0.4_vmin-0.4_batch0_all_frames.pt
  2583. /blue/shiboli.fsu/yifeisun.umich/adversarial_robustness_FNO/2D_NS_FNO2d_recurrent/datasets/exponax_datasets/t20/generalizability/dim2d_nx256_N10_solver=exponax_nu0.000_t20.0_test_ntimepoints21_NegLogGRF_rbf_length_scale0.020_variance2.000_exp_factor2.500_vmax0_vmin-1_batch0_all_frames.pt
  2584. /blue/shiboli.fsu/yifeisun.umich/adversarial_robustness_FNO/2D_NS_FNO2d_recurrent/datasets/exponax_datasets/t20/generalizability/dim2d_nx256_N10_solver=exponax_nu0.000_t20.0_test_ntimepoints21_NegLogGRF_rbf_length_scale0.020_variance2.000_exp_factor2.500_vmax1.5_vmin1_batch0_all_frames.pt
  2585. /blue/shiboli.fsu/yifeisun.umich/adversarial_robustness_FNO/2D_NS_FNO2d_recurrent/datasets/exponax_datasets/t20/generalizability/dim2d_nx256_N10_solver=exponax_nu0.000_t20.0_test_ntimepoints21_NegLogGRF_rbf_length_scale0.020_variance2.000_exp_factor2.500_vmax1_vmin-1_batch0_all_frames.pt
  2586. /blue/shiboli.fsu/yifeisun.umich/adversarial_robustness_FNO/2D_NS_FNO2d_recurrent/datasets/exponax_datasets/t20/generalizability/dim2d_nx256_N10_solver=exponax_nu0.000_t20.0_test_ntimepoints21_NegLogGRF_rbf_length_scale0.020_variance2.000_exp_factor2.500_vmax1_vmin0_batch0_all_frames.pt
  2587. /blue/shiboli.fsu/yifeisun.umich/adversarial_robustness_FNO/2D_NS_FNO2d_recurrent/datasets/exponax_datasets/t20/generalizability/dim2d_nx256_N10_solver=exponax_nu0.000_t20.0_test_ntimepoints21_NegLogGRF_rbf_length_scale0.020_variance5_exp_factor2.500_vmax-1_vmin-1.5_batch0_all_frames.pt
  2588. /blue/shiboli.fsu/yifeisun.umich/adversarial_robustness_FNO/2D_NS_FNO2d_recurrent/datasets/exponax_datasets/t20/generalizability/dim2d_nx256_N10_solver=exponax_nu0.000_t20.0_test_ntimepoints21_NegLogGRF_rbf_length_scale0.020_variance5_exp_factor2.500_vmax0.4_vmin-0.4_batch0_all_frames.pt
  2589. /blue/shiboli.fsu/yifeisun.umich/adversarial_robustness_FNO/2D_NS_FNO2d_recurrent/datasets/exponax_datasets/t20/generalizability/dim2d_nx256_N10_solver=exponax_nu0.000_t20.0_test_ntimepoints21_NegLogGRF_rbf_length_scale0.020_variance5_exp_factor2.500_vmax0_vmin-1_batch0_all_frames.pt
  2590. /blue/shiboli.fsu/yifeisun.umich/adversarial_robustness_FNO/2D_NS_FNO2d_recurrent/datasets/exponax_datasets/t20/generalizability/dim2d_nx256_N10_solver=exponax_nu0.000_t20.0_test_ntimepoints21_NegLogGRF_rbf_length_scale0.020_variance5_exp_factor2.500_vmax1.5_vmin1_batch0_all_frames.pt
  2591. /blue/shiboli.fsu/yifeisun.umich/adversarial_robustness_FNO/2D_NS_FNO2d_recurrent/datasets/exponax_datasets/t20/generalizability/dim2d_nx256_N10_solver=exponax_nu0.000_t20.0_test_ntimepoints21_NegLogGRF_rbf_length_scale0.020_variance5_exp_factor2.500_vmax1_vmin-1_batch0_all_frames.pt
  2592. /blue/shiboli.fsu/yifeisun.umich/adversarial_robustness_FNO/2D_NS_FNO2d_recurrent/datasets/exponax_datasets/t20/generalizability/dim2d_nx256_N10_solver=exponax_nu0.000_t20.0_test_ntimepoints21_NegLogGRF_rbf_length_scale0.020_variance5_exp_factor2.500_vmax1_vmin0_batch0_all_frames.pt
  2593. /blue/shiboli.fsu/yifeisun.umich/adversarial_robustness_FNO/2D_NS_FNO2d_recurrent/datasets/exponax_datasets/t20/generalizability/dim2d_nx256_N10_solver=exponax_nu0.000_t20.0_test_ntimepoints21_NegLogGRF_rbf_length_scale0.050_variance0.100_exp_factor2.500_vmax-1_vmin-1.5_batch0_all_frames.pt
  2594. /blue/shiboli.fsu/yifeisun.umich/adversarial_robustness_FNO/2D_NS_FNO2d_recurrent/datasets/exponax_datasets/t20/generalizability/dim2d_nx256_N10_solver=exponax_nu0.000_t20.0_test_ntimepoints21_NegLogGRF_rbf_length_scale0.050_variance0.100_exp_factor2.500_vmax0.4_vmin-0.4_batch0_all_frames.pt
  2595. /blue/shiboli.fsu/yifeisun.umich/adversarial_robustness_FNO/2D_NS_FNO2d_recurrent/datasets/exponax_datasets/t20/generalizability/dim2d_nx256_N10_solver=exponax_nu0.000_t20.0_test_ntimepoints21_NegLogGRF_rbf_length_scale0.050_variance0.100_exp_factor2.500_vmax0_vmin-1_batch0_all_frames.pt
  2596. /blue/shiboli.fsu/yifeisun.umich/adversarial_robustness_FNO/2D_NS_FNO2d_recurrent/datasets/exponax_datasets/t20/generalizability/dim2d_nx256_N10_solver=exponax_nu0.000_t20.0_test_ntimepoints21_NegLogGRF_rbf_length_scale0.050_variance0.100_exp_factor2.500_vmax1.5_vmin1_batch0_all_frames.pt
  2597. /blue/shiboli.fsu/yifeisun.umich/adversarial_robustness_FNO/2D_NS_FNO2d_recurrent/datasets/exponax_datasets/t20/generalizability/dim2d_nx256_N10_solver=exponax_nu0.000_t20.0_test_ntimepoints21_NegLogGRF_rbf_length_scale0.050_variance0.100_exp_factor2.500_vmax1_vmin-1_batch0_all_frames.pt
  2598. /blue/shiboli.fsu/yifeisun.umich/adversarial_robustness_FNO/2D_NS_FNO2d_recurrent/datasets/exponax_datasets/t20/generalizability/dim2d_nx256_N10_solver=exponax_nu0.000_t20.0_test_ntimepoints21_NegLogGRF_rbf_length_scale0.050_variance0.100_exp_factor2.500_vmax1_vmin0_batch0_all_frames.pt
  2599. /blue/shiboli.fsu/yifeisun.umich/adversarial_robustness_FNO/2D_NS_FNO2d_recurrent/datasets/exponax_datasets/t20/generalizability/dim2d_nx256_N10_solver=exponax_nu0.000_t20.0_test_ntimepoints21_NegLogGRF_rbf_length_scale0.050_variance0.500_exp_factor2.500_vmax-1_vmin-1.5_batch0_all_frames.pt
  2600. /blue/shiboli.fsu/yifeisun.umich/adversarial_robustness_FNO/2D_NS_FNO2d_recurrent/datasets/exponax_datasets/t20/generalizability/dim2d_nx256_N10_solver=exponax_nu0.000_t20.0_test_ntimepoints21_NegLogGRF_rbf_length_scale0.050_variance0.500_exp_factor2.500_vmax0.4_vmin-0.4_batch0_all_frames.pt
  2601. /blue/shiboli.fsu/yifeisun.umich/adversarial_robustness_FNO/2D_NS_FNO2d_recurrent/datasets/exponax_datasets/t20/generalizability/dim2d_nx256_N10_solver=exponax_nu0.000_t20.0_test_ntimepoints21_NegLogGRF_rbf_length_scale0.050_variance0.500_exp_factor2.500_vmax0_vmin-1_batch0_all_frames.pt
  2602. /blue/shiboli.fsu/yifeisun.umich/adversarial_robustness_FNO/2D_NS_FNO2d_recurrent/datasets/exponax_datasets/t20/generalizability/dim2d_nx256_N10_solver=exponax_nu0.000_t20.0_test_ntimepoints21_NegLogGRF_rbf_length_scale0.050_variance0.500_exp_factor2.500_vmax1.5_vmin1_batch0_all_frames.pt
  2603. /blue/shiboli.fsu/yifeisun.umich/adversarial_robustness_FNO/2D_NS_FNO2d_recurrent/datasets/exponax_datasets/t20/generalizability/dim2d_nx256_N10_solver=exponax_nu0.000_t20.0_test_ntimepoints21_NegLogGRF_rbf_length_scale0.050_variance0.500_exp_factor2.500_vmax1_vmin-1_batch0_all_frames.pt
  2604. /blue/shiboli.fsu/yifeisun.umich/adversarial_robustness_FNO/2D_NS_FNO2d_recurrent/datasets/exponax_datasets/t20/generalizability/dim2d_nx256_N10_solver=exponax_nu0.000_t20.0_test_ntimepoints21_NegLogGRF_rbf_length_scale0.050_variance0.500_exp_factor2.500_vmax1_vmin0_batch0_all_frames.pt
  2605. /blue/shiboli.fsu/yifeisun.umich/adversarial_robustness_FNO/2D_NS_FNO2d_recurrent/datasets/exponax_datasets/t20/generalizability/dim2d_nx256_N10_solver=exponax_nu0.000_t20.0_test_ntimepoints21_NegLogGRF_rbf_length_scale0.050_variance1.000_exp_factor2.500_vmax-1_vmin-1.5_batch0_all_frames.pt
  2606. /blue/shiboli.fsu/yifeisun.umich/adversarial_robustness_FNO/2D_NS_FNO2d_recurrent/datasets/exponax_datasets/t20/generalizability/dim2d_nx256_N10_solver=exponax_nu0.000_t20.0_test_ntimepoints21_NegLogGRF_rbf_length_scale0.050_variance1.000_exp_factor2.500_vmax0.4_vmin-0.4_batch0_all_frames.pt
  2607. /blue/shiboli.fsu/yifeisun.umich/adversarial_robustness_FNO/2D_NS_FNO2d_recurrent/datasets/exponax_datasets/t20/generalizability/dim2d_nx256_N10_solver=exponax_nu0.000_t20.0_test_ntimepoints21_NegLogGRF_rbf_length_scale0.050_variance1.000_exp_factor2.500_vmax0_vmin-1_batch0_all_frames.pt
  2608. /blue/shiboli.fsu/yifeisun.umich/adversarial_robustness_FNO/2D_NS_FNO2d_recurrent/datasets/exponax_datasets/t20/generalizability/dim2d_nx256_N10_solver=exponax_nu0.000_t20.0_test_ntimepoints21_NegLogGRF_rbf_length_scale0.050_variance1.000_exp_factor2.500_vmax1.5_vmin1_batch0_all_frames.pt
  2609. /blue/shiboli.fsu/yifeisun.umich/adversarial_robustness_FNO/2D_NS_FNO2d_recurrent/datasets/exponax_datasets/t20/generalizability/dim2d_nx256_N10_solver=exponax_nu0.000_t20.0_test_ntimepoints21_NegLogGRF_rbf_length_scale0.050_variance1.000_exp_factor2.500_vmax1_vmin-1_batch0_all_frames.pt
  2610. /blue/shiboli.fsu/yifeisun.umich/adversarial_robustness_FNO/2D_NS_FNO2d_recurrent/datasets/exponax_datasets/t20/generalizability/dim2d_nx256_N10_solver=exponax_nu0.000_t20.0_test_ntimepoints21_NegLogGRF_rbf_length_scale0.050_variance1.000_exp_factor2.500_vmax1_vmin0_batch0_all_frames.pt
  2611. /blue/shiboli.fsu/yifeisun.umich/adversarial_robustness_FNO/2D_NS_FNO2d_recurrent/datasets/exponax_datasets/t20/generalizability/dim2d_nx256_N10_solver=exponax_nu0.000_t20.0_test_ntimepoints21_NegLogGRF_rbf_length_scale0.050_variance2.000_exp_factor2.500_vmax-1_vmin-1.5_batch0_all_frames.pt
  2612. /blue/shiboli.fsu/yifeisun.umich/adversarial_robustness_FNO/2D_NS_FNO2d_recurrent/datasets/exponax_datasets/t20/generalizability/dim2d_nx256_N10_solver=exponax_nu0.000_t20.0_test_ntimepoints21_NegLogGRF_rbf_length_scale0.050_variance2.000_exp_factor2.500_vmax0.4_vmin-0.4_batch0_all_frames.pt
  2613. /blue/shiboli.fsu/yifeisun.umich/adversarial_robustness_FNO/2D_NS_FNO2d_recurrent/datasets/exponax_datasets/t20/generalizability/dim2d_nx256_N10_solver=exponax_nu0.000_t20.0_test_ntimepoints21_NegLogGRF_rbf_length_scale0.050_variance2.000_exp_factor2.500_vmax0_vmin-1_batch0_all_frames.pt
  2614. /blue/shiboli.fsu/yifeisun.umich/adversarial_robustness_FNO/2D_NS_FNO2d_recurrent/datasets/exponax_datasets/t20/generalizability/dim2d_nx256_N10_solver=exponax_nu0.000_t20.0_test_ntimepoints21_NegLogGRF_rbf_length_scale0.050_variance2.000_exp_factor2.500_vmax1.5_vmin1_batch0_all_frames.pt
  2615. /blue/shiboli.fsu/yifeisun.umich/adversarial_robustness_FNO/2D_NS_FNO2d_recurrent/datasets/exponax_datasets/t20/generalizability/dim2d_nx256_N10_solver=exponax_nu0.000_t20.0_test_ntimepoints21_NegLogGRF_rbf_length_scale0.050_variance2.000_exp_factor2.500_vmax1_vmin-1_batch0_all_frames.pt
  2616. /blue/shiboli.fsu/yifeisun.umich/adversarial_robustness_FNO/2D_NS_FNO2d_recurrent/datasets/exponax_datasets/t20/generalizability/dim2d_nx256_N10_solver=exponax_nu0.000_t20.0_test_ntimepoints21_NegLogGRF_rbf_length_scale0.050_variance2.000_exp_factor2.500_vmax1_vmin0_batch0_all_frames.pt
  2617. /blue/shiboli.fsu/yifeisun.umich/adversarial_robustness_FNO/2D_NS_FNO2d_recurrent/datasets/exponax_datasets/t20/generalizability/dim2d_nx256_N10_solver=exponax_nu0.000_t20.0_test_ntimepoints21_NegLogGRF_rbf_length_scale0.050_variance5_exp_factor2.500_vmax-1_vmin-1.5_batch0_all_frames.pt
  2618. /blue/shiboli.fsu/yifeisun.umich/adversarial_robustness_FNO/2D_NS_FNO2d_recurrent/datasets/exponax_datasets/t20/generalizability/dim2d_nx256_N10_solver=exponax_nu0.000_t20.0_test_ntimepoints21_NegLogGRF_rbf_length_scale0.050_variance5_exp_factor2.500_vmax0.4_vmin-0.4_batch0_all_frames.pt
  2619. /blue/shiboli.fsu/yifeisun.umich/adversarial_robustness_FNO/2D_NS_FNO2d_recurrent/datasets/exponax_datasets/t20/generalizability/dim2d_nx256_N10_solver=exponax_nu0.000_t20.0_test_ntimepoints21_NegLogGRF_rbf_length_scale0.050_variance5_exp_factor2.500_vmax0_vmin-1_batch0_all_frames.pt
  2620. /blue/shiboli.fsu/yifeisun.umich/adversarial_robustness_FNO/2D_NS_FNO2d_recurrent/datasets/exponax_datasets/t20/generalizability/dim2d_nx256_N10_solver=exponax_nu0.000_t20.0_test_ntimepoints21_NegLogGRF_rbf_length_scale0.050_variance5_exp_factor2.500_vmax1.5_vmin1_batch0_all_frames.pt
  2621. /blue/shiboli.fsu/yifeisun.umich/adversarial_robustness_FNO/2D_NS_FNO2d_recurrent/datasets/exponax_datasets/t20/generalizability/dim2d_nx256_N10_solver=exponax_nu0.000_t20.0_test_ntimepoints21_NegLogGRF_rbf_length_scale0.050_variance5_exp_factor2.500_vmax1_vmin-1_batch0_all_frames.pt
  2622. /blue/shiboli.fsu/yifeisun.umich/adversarial_robustness_FNO/2D_NS_FNO2d_recurrent/datasets/exponax_datasets/t20/generalizability/dim2d_nx256_N10_solver=exponax_nu0.000_t20.0_test_ntimepoints21_NegLogGRF_rbf_length_scale0.050_variance5_exp_factor2.500_vmax1_vmin0_batch0_all_frames.pt
  2623. /blue/shiboli.fsu/yifeisun.umich/adversarial_robustness_FNO/2D_NS_FNO2d_recurrent/datasets/exponax_datasets/t20/generalizability/dim2d_nx256_N10_solver=exponax_nu0.000_t20.0_test_ntimepoints21_NegLogGRF_rbf_length_scale0.100_variance0.100_exp_factor2.500_vmax-1_vmin-1.5_batch0_all_frames.pt
  2624. /blue/shiboli.fsu/yifeisun.umich/adversarial_robustness_FNO/2D_NS_FNO2d_recurrent/datasets/exponax_datasets/t20/generalizability/dim2d_nx256_N10_solver=exponax_nu0.000_t20.0_test_ntimepoints21_NegLogGRF_rbf_length_scale0.100_variance0.100_exp_factor2.500_vmax0.4_vmin-0.4_batch0_all_frames.pt
  2625. /blue/shiboli.fsu/yifeisun.umich/adversarial_robustness_FNO/2D_NS_FNO2d_recurrent/datasets/exponax_datasets/t20/generalizability/dim2d_nx256_N10_solver=exponax_nu0.000_t20.0_test_ntimepoints21_NegLogGRF_rbf_length_scale0.100_variance0.100_exp_factor2.500_vmax0_vmin-1_batch0_all_frames.pt
  2626. /blue/shiboli.fsu/yifeisun.umich/adversarial_robustness_FNO/2D_NS_FNO2d_recurrent/datasets/exponax_datasets/t20/generalizability/dim2d_nx256_N10_solver=exponax_nu0.000_t20.0_test_ntimepoints21_NegLogGRF_rbf_length_scale0.100_variance0.100_exp_factor2.500_vmax1.5_vmin1_batch0_all_frames.pt
  2627. /blue/shiboli.fsu/yifeisun.umich/adversarial_robustness_FNO/2D_NS_FNO2d_recurrent/datasets/exponax_datasets/t20/generalizability/dim2d_nx256_N10_solver=exponax_nu0.000_t20.0_test_ntimepoints21_NegLogGRF_rbf_length_scale0.100_variance0.100_exp_factor2.500_vmax1_vmin-1_batch0_all_frames.pt
  2628. /blue/shiboli.fsu/yifeisun.umich/adversarial_robustness_FNO/2D_NS_FNO2d_recurrent/datasets/exponax_datasets/t20/generalizability/dim2d_nx256_N10_solver=exponax_nu0.000_t20.0_test_ntimepoints21_NegLogGRF_rbf_length_scale0.100_variance0.100_exp_factor2.500_vmax1_vmin0_batch0_all_frames.pt
  2629. /blue/shiboli.fsu/yifeisun.umich/adversarial_robustness_FNO/2D_NS_FNO2d_recurrent/datasets/exponax_datasets/t20/generalizability/dim2d_nx256_N10_solver=exponax_nu0.000_t20.0_test_ntimepoints21_NegLogGRF_rbf_length_scale0.100_variance0.500_exp_factor2.500_vmax-1_vmin-1.5_batch0_all_frames.pt
  2630. /blue/shiboli.fsu/yifeisun.umich/adversarial_robustness_FNO/2D_NS_FNO2d_recurrent/datasets/exponax_datasets/t20/generalizability/dim2d_nx256_N10_solver=exponax_nu0.000_t20.0_test_ntimepoints21_NegLogGRF_rbf_length_scale0.100_variance0.500_exp_factor2.500_vmax0.4_vmin-0.4_batch0_all_frames.pt
  2631. /blue/shiboli.fsu/yifeisun.umich/adversarial_robustness_FNO/2D_NS_FNO2d_recurrent/datasets/exponax_datasets/t20/generalizability/dim2d_nx256_N10_solver=exponax_nu0.000_t20.0_test_ntimepoints21_NegLogGRF_rbf_length_scale0.100_variance0.500_exp_factor2.500_vmax0_vmin-1_batch0_all_frames.pt
  2632. /blue/shiboli.fsu/yifeisun.umich/adversarial_robustness_FNO/2D_NS_FNO2d_recurrent/datasets/exponax_datasets/t20/generalizability/dim2d_nx256_N10_solver=exponax_nu0.000_t20.0_test_ntimepoints21_NegLogGRF_rbf_length_scale0.100_variance0.500_exp_factor2.500_vmax1.5_vmin1_batch0_all_frames.pt
  2633. /blue/shiboli.fsu/yifeisun.umich/adversarial_robustness_FNO/2D_NS_FNO2d_recurrent/datasets/exponax_datasets/t20/generalizability/dim2d_nx256_N10_solver=exponax_nu0.000_t20.0_test_ntimepoints21_NegLogGRF_rbf_length_scale0.100_variance0.500_exp_factor2.500_vmax1_vmin-1_batch0_all_frames.pt
  2634. /blue/shiboli.fsu/yifeisun.umich/adversarial_robustness_FNO/2D_NS_FNO2d_recurrent/datasets/exponax_datasets/t20/generalizability/dim2d_nx256_N10_solver=exponax_nu0.000_t20.0_test_ntimepoints21_NegLogGRF_rbf_length_scale0.100_variance0.500_exp_factor2.500_vmax1_vmin0_batch0_all_frames.pt
  2635. /blue/shiboli.fsu/yifeisun.umich/adversarial_robustness_FNO/2D_NS_FNO2d_recurrent/datasets/exponax_datasets/t20/generalizability/dim2d_nx256_N10_solver=exponax_nu0.000_t20.0_test_ntimepoints21_NegLogGRF_rbf_length_scale0.100_variance1.000_exp_factor2.500_vmax-1_vmin-1.5_batch0_all_frames.pt
  2636. /blue/shiboli.fsu/yifeisun.umich/adversarial_robustness_FNO/2D_NS_FNO2d_recurrent/datasets/exponax_datasets/t20/generalizability/dim2d_nx256_N10_solver=exponax_nu0.000_t20.0_test_ntimepoints21_NegLogGRF_rbf_length_scale0.100_variance1.000_exp_factor2.500_vmax0.4_vmin-0.4_batch0_all_frames.pt
  2637. /blue/shiboli.fsu/yifeisun.umich/adversarial_robustness_FNO/2D_NS_FNO2d_recurrent/datasets/exponax_datasets/t20/generalizability/dim2d_nx256_N10_solver=exponax_nu0.000_t20.0_test_ntimepoints21_NegLogGRF_rbf_length_scale0.100_variance1.000_exp_factor2.500_vmax0_vmin-1_batch0_all_frames.pt
  2638. /blue/shiboli.fsu/yifeisun.umich/adversarial_robustness_FNO/2D_NS_FNO2d_recurrent/datasets/exponax_datasets/t20/generalizability/dim2d_nx256_N10_solver=exponax_nu0.000_t20.0_test_ntimepoints21_NegLogGRF_rbf_length_scale0.100_variance1.000_exp_factor2.500_vmax1.5_vmin1_batch0_all_frames.pt
  2639. /blue/shiboli.fsu/yifeisun.umich/adversarial_robustness_FNO/2D_NS_FNO2d_recurrent/datasets/exponax_datasets/t20/generalizability/dim2d_nx256_N10_solver=exponax_nu0.000_t20.0_test_ntimepoints21_NegLogGRF_rbf_length_scale0.100_variance1.000_exp_factor2.500_vmax1_vmin-1_batch0_all_frames.pt
  2640. /blue/shiboli.fsu/yifeisun.umich/adversarial_robustness_FNO/2D_NS_FNO2d_recurrent/datasets/exponax_datasets/t20/generalizability/dim2d_nx256_N10_solver=exponax_nu0.000_t20.0_test_ntimepoints21_NegLogGRF_rbf_length_scale0.100_variance1.000_exp_factor2.500_vmax1_vmin0_batch0_all_frames.pt
  2641. /blue/shiboli.fsu/yifeisun.umich/adversarial_robustness_FNO/2D_NS_FNO2d_recurrent/datasets/exponax_datasets/t20/generalizability/dim2d_nx256_N10_solver=exponax_nu0.000_t20.0_test_ntimepoints21_NegLogGRF_rbf_length_scale0.100_variance2.000_exp_factor2.500_vmax-1_vmin-1.5_batch0_all_frames.pt
  2642. /blue/shiboli.fsu/yifeisun.umich/adversarial_robustness_FNO/2D_NS_FNO2d_recurrent/datasets/exponax_datasets/t20/generalizability/dim2d_nx256_N10_solver=exponax_nu0.000_t20.0_test_ntimepoints21_NegLogGRF_rbf_length_scale0.100_variance2.000_exp_factor2.500_vmax0.4_vmin-0.4_batch0_all_frames.pt
  2643. /blue/shiboli.fsu/yifeisun.umich/adversarial_robustness_FNO/2D_NS_FNO2d_recurrent/datasets/exponax_datasets/t20/generalizability/dim2d_nx256_N10_solver=exponax_nu0.000_t20.0_test_ntimepoints21_NegLogGRF_rbf_length_scale0.100_variance2.000_exp_factor2.500_vmax0_vmin-1_batch0_all_frames.pt
  2644. /blue/shiboli.fsu/yifeisun.umich/adversarial_robustness_FNO/2D_NS_FNO2d_recurrent/datasets/exponax_datasets/t20/generalizability/dim2d_nx256_N10_solver=exponax_nu0.000_t20.0_test_ntimepoints21_NegLogGRF_rbf_length_scale0.100_variance2.000_exp_factor2.500_vmax1.5_vmin1_batch0_all_frames.pt
  2645. /blue/shiboli.fsu/yifeisun.umich/adversarial_robustness_FNO/2D_NS_FNO2d_recurrent/datasets/exponax_datasets/t20/generalizability/dim2d_nx256_N10_solver=exponax_nu0.000_t20.0_test_ntimepoints21_NegLogGRF_rbf_length_scale0.100_variance2.000_exp_factor2.500_vmax1_vmin-1_batch0_all_frames.pt
  2646. /blue/shiboli.fsu/yifeisun.umich/adversarial_robustness_FNO/2D_NS_FNO2d_recurrent/datasets/exponax_datasets/t20/generalizability/dim2d_nx256_N10_solver=exponax_nu0.000_t20.0_test_ntimepoints21_NegLogGRF_rbf_length_scale0.100_variance2.000_exp_factor2.500_vmax1_vmin0_batch0_all_frames.pt
  2647. /blue/shiboli.fsu/yifeisun.umich/adversarial_robustness_FNO/2D_NS_FNO2d_recurrent/datasets/exponax_datasets/t20/generalizability/dim2d_nx256_N10_solver=exponax_nu0.000_t20.0_test_ntimepoints21_NegLogGRF_rbf_length_scale0.100_variance5_exp_factor2.500_vmax-1_vmin-1.5_batch0_all_frames.pt
  2648. /blue/shiboli.fsu/yifeisun.umich/adversarial_robustness_FNO/2D_NS_FNO2d_recurrent/datasets/exponax_datasets/t20/generalizability/dim2d_nx256_N10_solver=exponax_nu0.000_t20.0_test_ntimepoints21_NegLogGRF_rbf_length_scale0.100_variance5_exp_factor2.500_vmax0.4_vmin-0.4_batch0_all_frames.pt
  2649. /blue/shiboli.fsu/yifeisun.umich/adversarial_robustness_FNO/2D_NS_FNO2d_recurrent/datasets/exponax_datasets/t20/generalizability/dim2d_nx256_N10_solver=exponax_nu0.000_t20.0_test_ntimepoints21_NegLogGRF_rbf_length_scale0.100_variance5_exp_factor2.500_vmax0_vmin-1_batch0_all_frames.pt
  2650. /blue/shiboli.fsu/yifeisun.umich/adversarial_robustness_FNO/2D_NS_FNO2d_recurrent/datasets/exponax_datasets/t20/generalizability/dim2d_nx256_N10_solver=exponax_nu0.000_t20.0_test_ntimepoints21_NegLogGRF_rbf_length_scale0.100_variance5_exp_factor2.500_vmax1.5_vmin1_batch0_all_frames.pt
  2651. /blue/shiboli.fsu/yifeisun.umich/adversarial_robustness_FNO/2D_NS_FNO2d_recurrent/datasets/exponax_datasets/t20/generalizability/dim2d_nx256_N10_solver=exponax_nu0.000_t20.0_test_ntimepoints21_NegLogGRF_rbf_length_scale0.100_variance5_exp_factor2.500_vmax1_vmin-1_batch0_all_frames.pt
  2652. /blue/shiboli.fsu/yifeisun.umich/adversarial_robustness_FNO/2D_NS_FNO2d_recurrent/datasets/exponax_datasets/t20/generalizability/dim2d_nx256_N10_solver=exponax_nu0.000_t20.0_test_ntimepoints21_NegLogGRF_rbf_length_scale0.100_variance5_exp_factor2.500_vmax1_vmin0_batch0_all_frames.pt
  2653. /blue/shiboli.fsu/yifeisun.umich/adversarial_robustness_FNO/2D_NS_FNO2d_recurrent/datasets/exponax_datasets/t20/generalizability/dim2d_nx256_N10_solver=exponax_nu0.000_t20.0_test_ntimepoints21_NegLogGRF_rbf_length_scale0.200_variance0.100_exp_factor2.500_vmax-1_vmin-1.5_batch0_all_frames.pt
  2654. /blue/shiboli.fsu/yifeisun.umich/adversarial_robustness_FNO/2D_NS_FNO2d_recurrent/datasets/exponax_datasets/t20/generalizability/dim2d_nx256_N10_solver=exponax_nu0.000_t20.0_test_ntimepoints21_NegLogGRF_rbf_length_scale0.200_variance0.100_exp_factor2.500_vmax0.4_vmin-0.4_batch0_all_frames.pt
  2655. /blue/shiboli.fsu/yifeisun.umich/adversarial_robustness_FNO/2D_NS_FNO2d_recurrent/datasets/exponax_datasets/t20/generalizability/dim2d_nx256_N10_solver=exponax_nu0.000_t20.0_test_ntimepoints21_NegLogGRF_rbf_length_scale0.200_variance0.100_exp_factor2.500_vmax0_vmin-1_batch0_all_frames.pt
  2656. /blue/shiboli.fsu/yifeisun.umich/adversarial_robustness_FNO/2D_NS_FNO2d_recurrent/datasets/exponax_datasets/t20/generalizability/dim2d_nx256_N10_solver=exponax_nu0.000_t20.0_test_ntimepoints21_NegLogGRF_rbf_length_scale0.200_variance0.100_exp_factor2.500_vmax1.5_vmin1_batch0_all_frames.pt
  2657. /blue/shiboli.fsu/yifeisun.umich/adversarial_robustness_FNO/2D_NS_FNO2d_recurrent/datasets/exponax_datasets/t20/generalizability/dim2d_nx256_N10_solver=exponax_nu0.000_t20.0_test_ntimepoints21_NegLogGRF_rbf_length_scale0.200_variance0.100_exp_factor2.500_vmax1_vmin-1_batch0_all_frames.pt
  2658. /blue/shiboli.fsu/yifeisun.umich/adversarial_robustness_FNO/2D_NS_FNO2d_recurrent/datasets/exponax_datasets/t20/generalizability/dim2d_nx256_N10_solver=exponax_nu0.000_t20.0_test_ntimepoints21_NegLogGRF_rbf_length_scale0.200_variance0.100_exp_factor2.500_vmax1_vmin0_batch0_all_frames.pt
  2659. /blue/shiboli.fsu/yifeisun.umich/adversarial_robustness_FNO/2D_NS_FNO2d_recurrent/datasets/exponax_datasets/t20/generalizability/dim2d_nx256_N10_solver=exponax_nu0.000_t20.0_test_ntimepoints21_NegLogGRF_rbf_length_scale0.200_variance0.500_exp_factor2.500_vmax-1_vmin-1.5_batch0_all_frames.pt
  2660. /blue/shiboli.fsu/yifeisun.umich/adversarial_robustness_FNO/2D_NS_FNO2d_recurrent/datasets/exponax_datasets/t20/generalizability/dim2d_nx256_N10_solver=exponax_nu0.000_t20.0_test_ntimepoints21_NegLogGRF_rbf_length_scale0.200_variance0.500_exp_factor2.500_vmax0.4_vmin-0.4_batch0_all_frames.pt
  2661. /blue/shiboli.fsu/yifeisun.umich/adversarial_robustness_FNO/2D_NS_FNO2d_recurrent/datasets/exponax_datasets/t20/generalizability/dim2d_nx256_N10_solver=exponax_nu0.000_t20.0_test_ntimepoints21_NegLogGRF_rbf_length_scale0.200_variance0.500_exp_factor2.500_vmax0_vmin-1_batch0_all_frames.pt
  2662. /blue/shiboli.fsu/yifeisun.umich/adversarial_robustness_FNO/2D_NS_FNO2d_recurrent/datasets/exponax_datasets/t20/generalizability/dim2d_nx256_N10_solver=exponax_nu0.000_t20.0_test_ntimepoints21_NegLogGRF_rbf_length_scale0.200_variance0.500_exp_factor2.500_vmax1.5_vmin1_batch0_all_frames.pt
  2663. /blue/shiboli.fsu/yifeisun.umich/adversarial_robustness_FNO/2D_NS_FNO2d_recurrent/datasets/exponax_datasets/t20/generalizability/dim2d_nx256_N10_solver=exponax_nu0.000_t20.0_test_ntimepoints21_NegLogGRF_rbf_length_scale0.200_variance0.500_exp_factor2.500_vmax1_vmin-1_batch0_all_frames.pt
  2664. /blue/shiboli.fsu/yifeisun.umich/adversarial_robustness_FNO/2D_NS_FNO2d_recurrent/datasets/exponax_datasets/t20/generalizability/dim2d_nx256_N10_solver=exponax_nu0.000_t20.0_test_ntimepoints21_NegLogGRF_rbf_length_scale0.200_variance0.500_exp_factor2.500_vmax1_vmin0_batch0_all_frames.pt
  2665. /blue/shiboli.fsu/yifeisun.umich/adversarial_robustness_FNO/2D_NS_FNO2d_recurrent/datasets/exponax_datasets/t20/generalizability/dim2d_nx256_N10_solver=exponax_nu0.000_t20.0_test_ntimepoints21_NegLogGRF_rbf_length_scale0.200_variance1.000_exp_factor2.500_vmax-1_vmin-1.5_batch0_all_frames.pt
  2666. /blue/shiboli.fsu/yifeisun.umich/adversarial_robustness_FNO/2D_NS_FNO2d_recurrent/datasets/exponax_datasets/t20/generalizability/dim2d_nx256_N10_solver=exponax_nu0.000_t20.0_test_ntimepoints21_NegLogGRF_rbf_length_scale0.200_variance1.000_exp_factor2.500_vmax0.4_vmin-0.4_batch0_all_frames.pt
  2667. /blue/shiboli.fsu/yifeisun.umich/adversarial_robustness_FNO/2D_NS_FNO2d_recurrent/datasets/exponax_datasets/t20/generalizability/dim2d_nx256_N10_solver=exponax_nu0.000_t20.0_test_ntimepoints21_NegLogGRF_rbf_length_scale0.200_variance1.000_exp_factor2.500_vmax0_vmin-1_batch0_all_frames.pt
  2668. /blue/shiboli.fsu/yifeisun.umich/adversarial_robustness_FNO/2D_NS_FNO2d_recurrent/datasets/exponax_datasets/t20/generalizability/dim2d_nx256_N10_solver=exponax_nu0.000_t20.0_test_ntimepoints21_NegLogGRF_rbf_length_scale0.200_variance1.000_exp_factor2.500_vmax1.5_vmin1_batch0_all_frames.pt
  2669. /blue/shiboli.fsu/yifeisun.umich/adversarial_robustness_FNO/2D_NS_FNO2d_recurrent/datasets/exponax_datasets/t20/generalizability/dim2d_nx256_N10_solver=exponax_nu0.000_t20.0_test_ntimepoints21_NegLogGRF_rbf_length_scale0.200_variance1.000_exp_factor2.500_vmax1_vmin-1_batch0_all_frames.pt
  2670. /blue/shiboli.fsu/yifeisun.umich/adversarial_robustness_FNO/2D_NS_FNO2d_recurrent/datasets/exponax_datasets/t20/generalizability/dim2d_nx256_N10_solver=exponax_nu0.000_t20.0_test_ntimepoints21_NegLogGRF_rbf_length_scale0.200_variance1.000_exp_factor2.500_vmax1_vmin0_batch0_all_frames.pt
  2671. /blue/shiboli.fsu/yifeisun.umich/adversarial_robustness_FNO/2D_NS_FNO2d_recurrent/datasets/exponax_datasets/t20/generalizability/dim2d_nx256_N10_solver=exponax_nu0.000_t20.0_test_ntimepoints21_NegLogGRF_rbf_length_scale0.200_variance2.000_exp_factor2.500_vmax-1_vmin-1.5_batch0_all_frames.pt
  2672. /blue/shiboli.fsu/yifeisun.umich/adversarial_robustness_FNO/2D_NS_FNO2d_recurrent/datasets/exponax_datasets/t20/generalizability/dim2d_nx256_N10_solver=exponax_nu0.000_t20.0_test_ntimepoints21_NegLogGRF_rbf_length_scale0.200_variance2.000_exp_factor2.500_vmax0.4_vmin-0.4_batch0_all_frames.pt
  2673. /blue/shiboli.fsu/yifeisun.umich/adversarial_robustness_FNO/2D_NS_FNO2d_recurrent/datasets/exponax_datasets/t20/generalizability/dim2d_nx256_N10_solver=exponax_nu0.000_t20.0_test_ntimepoints21_NegLogGRF_rbf_length_scale0.200_variance2.000_exp_factor2.500_vmax0_vmin-1_batch0_all_frames.pt
  2674. /blue/shiboli.fsu/yifeisun.umich/adversarial_robustness_FNO/2D_NS_FNO2d_recurrent/datasets/exponax_datasets/t20/generalizability/dim2d_nx256_N10_solver=exponax_nu0.000_t20.0_test_ntimepoints21_NegLogGRF_rbf_length_scale0.200_variance2.000_exp_factor2.500_vmax1.5_vmin1_batch0_all_frames.pt
  2675. /blue/shiboli.fsu/yifeisun.umich/adversarial_robustness_FNO/2D_NS_FNO2d_recurrent/datasets/exponax_datasets/t20/generalizability/dim2d_nx256_N10_solver=exponax_nu0.000_t20.0_test_ntimepoints21_NegLogGRF_rbf_length_scale0.200_variance2.000_exp_factor2.500_vmax1_vmin-1_batch0_all_frames.pt
  2676. /blue/shiboli.fsu/yifeisun.umich/adversarial_robustness_FNO/2D_NS_FNO2d_recurrent/datasets/exponax_datasets/t20/generalizability/dim2d_nx256_N10_solver=exponax_nu0.000_t20.0_test_ntimepoints21_NegLogGRF_rbf_length_scale0.200_variance2.000_exp_factor2.500_vmax1_vmin0_batch0_all_frames.pt
  2677. /blue/shiboli.fsu/yifeisun.umich/adversarial_robustness_FNO/2D_NS_FNO2d_recurrent/datasets/exponax_datasets/t20/generalizability/dim2d_nx256_N10_solver=exponax_nu0.000_t20.0_test_ntimepoints21_NegLogGRF_rbf_length_scale0.200_variance5_exp_factor2.500_vmax-1_vmin-1.5_batch0_all_frames.pt
  2678. /blue/shiboli.fsu/yifeisun.umich/adversarial_robustness_FNO/2D_NS_FNO2d_recurrent/datasets/exponax_datasets/t20/generalizability/dim2d_nx256_N10_solver=exponax_nu0.000_t20.0_test_ntimepoints21_NegLogGRF_rbf_length_scale0.200_variance5_exp_factor2.500_vmax0.4_vmin-0.4_batch0_all_frames.pt
  2679. /blue/shiboli.fsu/yifeisun.umich/adversarial_robustness_FNO/2D_NS_FNO2d_recurrent/datasets/exponax_datasets/t20/generalizability/dim2d_nx256_N10_solver=exponax_nu0.000_t20.0_test_ntimepoints21_NegLogGRF_rbf_length_scale0.200_variance5_exp_factor2.500_vmax0_vmin-1_batch0_all_frames.pt
  2680. /blue/shiboli.fsu/yifeisun.umich/adversarial_robustness_FNO/2D_NS_FNO2d_recurrent/datasets/exponax_datasets/t20/generalizability/dim2d_nx256_N10_solver=exponax_nu0.000_t20.0_test_ntimepoints21_NegLogGRF_rbf_length_scale0.200_variance5_exp_factor2.500_vmax1.5_vmin1_batch0_all_frames.pt
  2681. /blue/shiboli.fsu/yifeisun.umich/adversarial_robustness_FNO/2D_NS_FNO2d_recurrent/datasets/exponax_datasets/t20/generalizability/dim2d_nx256_N10_solver=exponax_nu0.000_t20.0_test_ntimepoints21_NegLogGRF_rbf_length_scale0.200_variance5_exp_factor2.500_vmax1_vmin-1_batch0_all_frames.pt
  2682. /blue/shiboli.fsu/yifeisun.umich/adversarial_robustness_FNO/2D_NS_FNO2d_recurrent/datasets/exponax_datasets/t20/generalizability/dim2d_nx256_N10_solver=exponax_nu0.000_t20.0_test_ntimepoints21_NegLogGRF_rbf_length_scale0.200_variance5_exp_factor2.500_vmax1_vmin0_batch0_all_frames.pt
  2683. /blue/shiboli.fsu/yifeisun.umich/adversarial_robustness_FNO/2D_NS_FNO2d_recurrent/datasets/exponax_datasets/t20/generalizability/dim2d_nx256_N10_solver=exponax_nu0.000_t20.0_test_ntimepoints21_NegLogGRF_rq_length_scale0.050_variance0.700_alpha0.750_exp_factor2.500_vmax-1_vmin-1.5_batch0_all_frames.pt
  2684. /blue/shiboli.fsu/yifeisun.umich/adversarial_robustness_FNO/2D_NS_FNO2d_recurrent/datasets/exponax_datasets/t20/generalizability/dim2d_nx256_N10_solver=exponax_nu0.000_t20.0_test_ntimepoints21_NegLogGRF_rq_length_scale0.050_variance0.700_alpha0.750_exp_factor2.500_vmax0.4_vmin-0.4_batch0_all_frames.pt
  2685. /blue/shiboli.fsu/yifeisun.umich/adversarial_robustness_FNO/2D_NS_FNO2d_recurrent/datasets/exponax_datasets/t20/generalizability/dim2d_nx256_N10_solver=exponax_nu0.000_t20.0_test_ntimepoints21_NegLogGRF_rq_length_scale0.050_variance0.700_alpha0.750_exp_factor2.500_vmax0_vmin-1_batch0_all_frames.pt
  2686. /blue/shiboli.fsu/yifeisun.umich/adversarial_robustness_FNO/2D_NS_FNO2d_recurrent/datasets/exponax_datasets/t20/generalizability/dim2d_nx256_N10_solver=exponax_nu0.000_t20.0_test_ntimepoints21_NegLogGRF_rq_length_scale0.050_variance0.700_alpha0.750_exp_factor2.500_vmax1.5_vmin1_batch0_all_frames.pt
  2687. /blue/shiboli.fsu/yifeisun.umich/adversarial_robustness_FNO/2D_NS_FNO2d_recurrent/datasets/exponax_datasets/t20/generalizability/dim2d_nx256_N10_solver=exponax_nu0.000_t20.0_test_ntimepoints21_NegLogGRF_rq_length_scale0.050_variance0.700_alpha0.750_exp_factor2.500_vmax1_vmin-1_batch0_all_frames.pt
  2688. /blue/shiboli.fsu/yifeisun.umich/adversarial_robustness_FNO/2D_NS_FNO2d_recurrent/datasets/exponax_datasets/t20/generalizability/dim2d_nx256_N10_solver=exponax_nu0.000_t20.0_test_ntimepoints21_NegLogGRF_rq_length_scale0.050_variance0.700_alpha0.750_exp_factor2.500_vmax1_vmin0_batch0_all_frames.pt
  2689. /blue/shiboli.fsu/yifeisun.umich/adversarial_robustness_FNO/2D_NS_FNO2d_recurrent/datasets/exponax_datasets/t20/generalizability/dim2d_nx256_N10_solver=exponax_nu0.000_t20.0_test_ntimepoints21_NegLogGRF_rq_length_scale0.050_variance0.700_alpha1.000_exp_factor2.500_vmax-1_vmin-1.5_batch0_all_frames.pt
  2690. /blue/shiboli.fsu/yifeisun.umich/adversarial_robustness_FNO/2D_NS_FNO2d_recurrent/datasets/exponax_datasets/t20/generalizability/dim2d_nx256_N10_solver=exponax_nu0.000_t20.0_test_ntimepoints21_NegLogGRF_rq_length_scale0.050_variance0.700_alpha1.000_exp_factor2.500_vmax0.4_vmin-0.4_batch0_all_frames.pt
  2691. /blue/shiboli.fsu/yifeisun.umich/adversarial_robustness_FNO/2D_NS_FNO2d_recurrent/datasets/exponax_datasets/t20/generalizability/dim2d_nx256_N10_solver=exponax_nu0.000_t20.0_test_ntimepoints21_NegLogGRF_rq_length_scale0.050_variance0.700_alpha1.000_exp_factor2.500_vmax0_vmin-1_batch0_all_frames.pt
  2692. /blue/shiboli.fsu/yifeisun.umich/adversarial_robustness_FNO/2D_NS_FNO2d_recurrent/datasets/exponax_datasets/t20/generalizability/dim2d_nx256_N10_solver=exponax_nu0.000_t20.0_test_ntimepoints21_NegLogGRF_rq_length_scale0.050_variance0.700_alpha1.000_exp_factor2.500_vmax1.5_vmin1_batch0_all_frames.pt
  2693. /blue/shiboli.fsu/yifeisun.umich/adversarial_robustness_FNO/2D_NS_FNO2d_recurrent/datasets/exponax_datasets/t20/generalizability/dim2d_nx256_N10_solver=exponax_nu0.000_t20.0_test_ntimepoints21_NegLogGRF_rq_length_scale0.050_variance0.700_alpha1.000_exp_factor2.500_vmax1_vmin-1_batch0_all_frames.pt
  2694. /blue/shiboli.fsu/yifeisun.umich/adversarial_robustness_FNO/2D_NS_FNO2d_recurrent/datasets/exponax_datasets/t20/generalizability/dim2d_nx256_N10_solver=exponax_nu0.000_t20.0_test_ntimepoints21_NegLogGRF_rq_length_scale0.050_variance0.700_alpha1.000_exp_factor2.500_vmax1_vmin0_batch0_all_frames.pt
  2695. /blue/shiboli.fsu/yifeisun.umich/adversarial_robustness_FNO/2D_NS_FNO2d_recurrent/datasets/exponax_datasets/t20/generalizability/dim2d_nx256_N10_solver=exponax_nu0.000_t20.0_test_ntimepoints21_NegLogGRF_rq_length_scale0.050_variance0.700_alpha1.500_exp_factor2.500_vmax-1_vmin-1.5_batch0_all_frames.pt
  2696. /blue/shiboli.fsu/yifeisun.umich/adversarial_robustness_FNO/2D_NS_FNO2d_recurrent/datasets/exponax_datasets/t20/generalizability/dim2d_nx256_N10_solver=exponax_nu0.000_t20.0_test_ntimepoints21_NegLogGRF_rq_length_scale0.050_variance0.700_alpha1.500_exp_factor2.500_vmax0.4_vmin-0.4_batch0_all_frames.pt
  2697. /blue/shiboli.fsu/yifeisun.umich/adversarial_robustness_FNO/2D_NS_FNO2d_recurrent/datasets/exponax_datasets/t20/generalizability/dim2d_nx256_N10_solver=exponax_nu0.000_t20.0_test_ntimepoints21_NegLogGRF_rq_length_scale0.050_variance0.700_alpha1.500_exp_factor2.500_vmax0_vmin-1_batch0_all_frames.pt
  2698. /blue/shiboli.fsu/yifeisun.umich/adversarial_robustness_FNO/2D_NS_FNO2d_recurrent/datasets/exponax_datasets/t20/generalizability/dim2d_nx256_N10_solver=exponax_nu0.000_t20.0_test_ntimepoints21_NegLogGRF_rq_length_scale0.050_variance0.700_alpha1.500_exp_factor2.500_vmax1.5_vmin1_batch0_all_frames.pt
  2699. /blue/shiboli.fsu/yifeisun.umich/adversarial_robustness_FNO/2D_NS_FNO2d_recurrent/datasets/exponax_datasets/t20/generalizability/dim2d_nx256_N10_solver=exponax_nu0.000_t20.0_test_ntimepoints21_NegLogGRF_rq_length_scale0.050_variance0.700_alpha1.500_exp_factor2.500_vmax1_vmin-1_batch0_all_frames.pt
  2700. /blue/shiboli.fsu/yifeisun.umich/adversarial_robustness_FNO/2D_NS_FNO2d_recurrent/datasets/exponax_datasets/t20/generalizability/dim2d_nx256_N10_solver=exponax_nu0.000_t20.0_test_ntimepoints21_NegLogGRF_rq_length_scale0.050_variance0.700_alpha1.500_exp_factor2.500_vmax1_vmin0_batch0_all_frames.pt
  2701. /blue/shiboli.fsu/yifeisun.umich/adversarial_robustness_FNO/2D_NS_FNO2d_recurrent/datasets/exponax_datasets/t20/generalizability/dim2d_nx256_N10_solver=exponax_nu0.000_t20.0_test_ntimepoints21_NegLogGRF_rq_length_scale0.050_variance0.700_alpha1.700_exp_factor2.500_vmax-1_vmin-1.5_batch0_all_frames.pt
  2702. /blue/shiboli.fsu/yifeisun.umich/adversarial_robustness_FNO/2D_NS_FNO2d_recurrent/datasets/exponax_datasets/t20/generalizability/dim2d_nx256_N10_solver=exponax_nu0.000_t20.0_test_ntimepoints21_NegLogGRF_rq_length_scale0.050_variance0.700_alpha1.700_exp_factor2.500_vmax0.4_vmin-0.4_batch0_all_frames.pt
  2703. /blue/shiboli.fsu/yifeisun.umich/adversarial_robustness_FNO/2D_NS_FNO2d_recurrent/datasets/exponax_datasets/t20/generalizability/dim2d_nx256_N10_solver=exponax_nu0.000_t20.0_test_ntimepoints21_NegLogGRF_rq_length_scale0.050_variance0.700_alpha1.700_exp_factor2.500_vmax0_vmin-1_batch0_all_frames.pt
  2704. /blue/shiboli.fsu/yifeisun.umich/adversarial_robustness_FNO/2D_NS_FNO2d_recurrent/datasets/exponax_datasets/t20/generalizability/dim2d_nx256_N10_solver=exponax_nu0.000_t20.0_test_ntimepoints21_NegLogGRF_rq_length_scale0.050_variance0.700_alpha1.700_exp_factor2.500_vmax1.5_vmin1_batch0_all_frames.pt
  2705. /blue/shiboli.fsu/yifeisun.umich/adversarial_robustness_FNO/2D_NS_FNO2d_recurrent/datasets/exponax_datasets/t20/generalizability/dim2d_nx256_N10_solver=exponax_nu0.000_t20.0_test_ntimepoints21_NegLogGRF_rq_length_scale0.050_variance0.700_alpha1.700_exp_factor2.500_vmax1_vmin-1_batch0_all_frames.pt
  2706. /blue/shiboli.fsu/yifeisun.umich/adversarial_robustness_FNO/2D_NS_FNO2d_recurrent/datasets/exponax_datasets/t20/generalizability/dim2d_nx256_N10_solver=exponax_nu0.000_t20.0_test_ntimepoints21_NegLogGRF_rq_length_scale0.050_variance0.700_alpha1.700_exp_factor2.500_vmax1_vmin0_batch0_all_frames.pt
  2707. /blue/shiboli.fsu/yifeisun.umich/adversarial_robustness_FNO/2D_NS_FNO2d_recurrent/datasets/exponax_datasets/t20/generalizability/dim2d_nx256_N10_solver=exponax_nu0.000_t20.0_test_ntimepoints21_NegLogGRF_rq_length_scale0.050_variance1.000_alpha0.750_exp_factor2.500_vmax-1_vmin-1.5_batch0_all_frames.pt
  2708. /blue/shiboli.fsu/yifeisun.umich/adversarial_robustness_FNO/2D_NS_FNO2d_recurrent/datasets/exponax_datasets/t20/generalizability/dim2d_nx256_N10_solver=exponax_nu0.000_t20.0_test_ntimepoints21_NegLogGRF_rq_length_scale0.050_variance1.000_alpha0.750_exp_factor2.500_vmax0.4_vmin-0.4_batch0_all_frames.pt
  2709. /blue/shiboli.fsu/yifeisun.umich/adversarial_robustness_FNO/2D_NS_FNO2d_recurrent/datasets/exponax_datasets/t20/generalizability/dim2d_nx256_N10_solver=exponax_nu0.000_t20.0_test_ntimepoints21_NegLogGRF_rq_length_scale0.050_variance1.000_alpha0.750_exp_factor2.500_vmax0_vmin-1_batch0_all_frames.pt
  2710. /blue/shiboli.fsu/yifeisun.umich/adversarial_robustness_FNO/2D_NS_FNO2d_recurrent/datasets/exponax_datasets/t20/generalizability/dim2d_nx256_N10_solver=exponax_nu0.000_t20.0_test_ntimepoints21_NegLogGRF_rq_length_scale0.050_variance1.000_alpha0.750_exp_factor2.500_vmax1.5_vmin1_batch0_all_frames.pt
  2711. /blue/shiboli.fsu/yifeisun.umich/adversarial_robustness_FNO/2D_NS_FNO2d_recurrent/datasets/exponax_datasets/t20/generalizability/dim2d_nx256_N10_solver=exponax_nu0.000_t20.0_test_ntimepoints21_NegLogGRF_rq_length_scale0.050_variance1.000_alpha0.750_exp_factor2.500_vmax1_vmin-1_batch0_all_frames.pt
  2712. /blue/shiboli.fsu/yifeisun.umich/adversarial_robustness_FNO/2D_NS_FNO2d_recurrent/datasets/exponax_datasets/t20/generalizability/dim2d_nx256_N10_solver=exponax_nu0.000_t20.0_test_ntimepoints21_NegLogGRF_rq_length_scale0.050_variance1.000_alpha0.750_exp_factor2.500_vmax1_vmin0_batch0_all_frames.pt
  2713. /blue/shiboli.fsu/yifeisun.umich/adversarial_robustness_FNO/2D_NS_FNO2d_recurrent/datasets/exponax_datasets/t20/generalizability/dim2d_nx256_N10_solver=exponax_nu0.000_t20.0_test_ntimepoints21_NegLogGRF_rq_length_scale0.050_variance1.000_alpha1.000_exp_factor2.500_vmax-1_vmin-1.5_batch0_all_frames.pt
  2714. /blue/shiboli.fsu/yifeisun.umich/adversarial_robustness_FNO/2D_NS_FNO2d_recurrent/datasets/exponax_datasets/t20/generalizability/dim2d_nx256_N10_solver=exponax_nu0.000_t20.0_test_ntimepoints21_NegLogGRF_rq_length_scale0.050_variance1.000_alpha1.000_exp_factor2.500_vmax0.4_vmin-0.4_batch0_all_frames.pt
  2715. /blue/shiboli.fsu/yifeisun.umich/adversarial_robustness_FNO/2D_NS_FNO2d_recurrent/datasets/exponax_datasets/t20/generalizability/dim2d_nx256_N10_solver=exponax_nu0.000_t20.0_test_ntimepoints21_NegLogGRF_rq_length_scale0.050_variance1.000_alpha1.000_exp_factor2.500_vmax0_vmin-1_batch0_all_frames.pt
  2716. /blue/shiboli.fsu/yifeisun.umich/adversarial_robustness_FNO/2D_NS_FNO2d_recurrent/datasets/exponax_datasets/t20/generalizability/dim2d_nx256_N10_solver=exponax_nu0.000_t20.0_test_ntimepoints21_NegLogGRF_rq_length_scale0.050_variance1.000_alpha1.000_exp_factor2.500_vmax1.5_vmin1_batch0_all_frames.pt
  2717. /blue/shiboli.fsu/yifeisun.umich/adversarial_robustness_FNO/2D_NS_FNO2d_recurrent/datasets/exponax_datasets/t20/generalizability/dim2d_nx256_N10_solver=exponax_nu0.000_t20.0_test_ntimepoints21_NegLogGRF_rq_length_scale0.050_variance1.000_alpha1.000_exp_factor2.500_vmax1_vmin-1_batch0_all_frames.pt
  2718. /blue/shiboli.fsu/yifeisun.umich/adversarial_robustness_FNO/2D_NS_FNO2d_recurrent/datasets/exponax_datasets/t20/generalizability/dim2d_nx256_N10_solver=exponax_nu0.000_t20.0_test_ntimepoints21_NegLogGRF_rq_length_scale0.050_variance1.000_alpha1.000_exp_factor2.500_vmax1_vmin0_batch0_all_frames.pt
  2719. /blue/shiboli.fsu/yifeisun.umich/adversarial_robustness_FNO/2D_NS_FNO2d_recurrent/datasets/exponax_datasets/t20/generalizability/dim2d_nx256_N10_solver=exponax_nu0.000_t20.0_test_ntimepoints21_NegLogGRF_rq_length_scale0.050_variance1.000_alpha1.500_exp_factor2.500_vmax-1_vmin-1.5_batch0_all_frames.pt
  2720. /blue/shiboli.fsu/yifeisun.umich/adversarial_robustness_FNO/2D_NS_FNO2d_recurrent/datasets/exponax_datasets/t20/generalizability/dim2d_nx256_N10_solver=exponax_nu0.000_t20.0_test_ntimepoints21_NegLogGRF_rq_length_scale0.050_variance1.000_alpha1.500_exp_factor2.500_vmax0.4_vmin-0.4_batch0_all_frames.pt
  2721. /blue/shiboli.fsu/yifeisun.umich/adversarial_robustness_FNO/2D_NS_FNO2d_recurrent/datasets/exponax_datasets/t20/generalizability/dim2d_nx256_N10_solver=exponax_nu0.000_t20.0_test_ntimepoints21_NegLogGRF_rq_length_scale0.050_variance1.000_alpha1.500_exp_factor2.500_vmax0_vmin-1_batch0_all_frames.pt
  2722. /blue/shiboli.fsu/yifeisun.umich/adversarial_robustness_FNO/2D_NS_FNO2d_recurrent/datasets/exponax_datasets/t20/generalizability/dim2d_nx256_N10_solver=exponax_nu0.000_t20.0_test_ntimepoints21_NegLogGRF_rq_length_scale0.050_variance1.000_alpha1.500_exp_factor2.500_vmax1.5_vmin1_batch0_all_frames.pt
  2723. /blue/shiboli.fsu/yifeisun.umich/adversarial_robustness_FNO/2D_NS_FNO2d_recurrent/datasets/exponax_datasets/t20/generalizability/dim2d_nx256_N10_solver=exponax_nu0.000_t20.0_test_ntimepoints21_NegLogGRF_rq_length_scale0.050_variance1.000_alpha1.500_exp_factor2.500_vmax1_vmin-1_batch0_all_frames.pt
  2724. /blue/shiboli.fsu/yifeisun.umich/adversarial_robustness_FNO/2D_NS_FNO2d_recurrent/datasets/exponax_datasets/t20/generalizability/dim2d_nx256_N10_solver=exponax_nu0.000_t20.0_test_ntimepoints21_NegLogGRF_rq_length_scale0.050_variance1.000_alpha1.500_exp_factor2.500_vmax1_vmin0_batch0_all_frames.pt
  2725. /blue/shiboli.fsu/yifeisun.umich/adversarial_robustness_FNO/2D_NS_FNO2d_recurrent/datasets/exponax_datasets/t20/generalizability/dim2d_nx256_N10_solver=exponax_nu0.000_t20.0_test_ntimepoints21_NegLogGRF_rq_length_scale0.050_variance1.000_alpha1.700_exp_factor2.500_vmax-1_vmin-1.5_batch0_all_frames.pt
  2726. /blue/shiboli.fsu/yifeisun.umich/adversarial_robustness_FNO/2D_NS_FNO2d_recurrent/datasets/exponax_datasets/t20/generalizability/dim2d_nx256_N10_solver=exponax_nu0.000_t20.0_test_ntimepoints21_NegLogGRF_rq_length_scale0.050_variance1.000_alpha1.700_exp_factor2.500_vmax0.4_vmin-0.4_batch0_all_frames.pt
  2727. /blue/shiboli.fsu/yifeisun.umich/adversarial_robustness_FNO/2D_NS_FNO2d_recurrent/datasets/exponax_datasets/t20/generalizability/dim2d_nx256_N10_solver=exponax_nu0.000_t20.0_test_ntimepoints21_NegLogGRF_rq_length_scale0.050_variance1.000_alpha1.700_exp_factor2.500_vmax0_vmin-1_batch0_all_frames.pt
  2728. /blue/shiboli.fsu/yifeisun.umich/adversarial_robustness_FNO/2D_NS_FNO2d_recurrent/datasets/exponax_datasets/t20/generalizability/dim2d_nx256_N10_solver=exponax_nu0.000_t20.0_test_ntimepoints21_NegLogGRF_rq_length_scale0.050_variance1.000_alpha1.700_exp_factor2.500_vmax1.5_vmin1_batch0_all_frames.pt
  2729. /blue/shiboli.fsu/yifeisun.umich/adversarial_robustness_FNO/2D_NS_FNO2d_recurrent/datasets/exponax_datasets/t20/generalizability/dim2d_nx256_N10_solver=exponax_nu0.000_t20.0_test_ntimepoints21_NegLogGRF_rq_length_scale0.050_variance1.000_alpha1.700_exp_factor2.500_vmax1_vmin-1_batch0_all_frames.pt
  2730. /blue/shiboli.fsu/yifeisun.umich/adversarial_robustness_FNO/2D_NS_FNO2d_recurrent/datasets/exponax_datasets/t20/generalizability/dim2d_nx256_N10_solver=exponax_nu0.000_t20.0_test_ntimepoints21_NegLogGRF_rq_length_scale0.050_variance1.000_alpha1.700_exp_factor2.500_vmax1_vmin0_batch0_all_frames.pt
  2731. /blue/shiboli.fsu/yifeisun.umich/adversarial_robustness_FNO/2D_NS_FNO2d_recurrent/datasets/exponax_datasets/t20/generalizability/dim2d_nx256_N10_solver=exponax_nu0.000_t20.0_test_ntimepoints21_NegLogGRF_rq_length_scale0.050_variance1.700_alpha0.750_exp_factor2.500_vmax-1_vmin-1.5_batch0_all_frames.pt
  2732. /blue/shiboli.fsu/yifeisun.umich/adversarial_robustness_FNO/2D_NS_FNO2d_recurrent/datasets/exponax_datasets/t20/generalizability/dim2d_nx256_N10_solver=exponax_nu0.000_t20.0_test_ntimepoints21_NegLogGRF_rq_length_scale0.050_variance1.700_alpha0.750_exp_factor2.500_vmax0.4_vmin-0.4_batch0_all_frames.pt
  2733. /blue/shiboli.fsu/yifeisun.umich/adversarial_robustness_FNO/2D_NS_FNO2d_recurrent/datasets/exponax_datasets/t20/generalizability/dim2d_nx256_N10_solver=exponax_nu0.000_t20.0_test_ntimepoints21_NegLogGRF_rq_length_scale0.050_variance1.700_alpha0.750_exp_factor2.500_vmax0_vmin-1_batch0_all_frames.pt
  2734. /blue/shiboli.fsu/yifeisun.umich/adversarial_robustness_FNO/2D_NS_FNO2d_recurrent/datasets/exponax_datasets/t20/generalizability/dim2d_nx256_N10_solver=exponax_nu0.000_t20.0_test_ntimepoints21_NegLogGRF_rq_length_scale0.050_variance1.700_alpha0.750_exp_factor2.500_vmax1.5_vmin1_batch0_all_frames.pt
  2735. /blue/shiboli.fsu/yifeisun.umich/adversarial_robustness_FNO/2D_NS_FNO2d_recurrent/datasets/exponax_datasets/t20/generalizability/dim2d_nx256_N10_solver=exponax_nu0.000_t20.0_test_ntimepoints21_NegLogGRF_rq_length_scale0.050_variance1.700_alpha0.750_exp_factor2.500_vmax1_vmin-1_batch0_all_frames.pt
  2736. /blue/shiboli.fsu/yifeisun.umich/adversarial_robustness_FNO/2D_NS_FNO2d_recurrent/datasets/exponax_datasets/t20/generalizability/dim2d_nx256_N10_solver=exponax_nu0.000_t20.0_test_ntimepoints21_NegLogGRF_rq_length_scale0.050_variance1.700_alpha0.750_exp_factor2.500_vmax1_vmin0_batch0_all_frames.pt
  2737. /blue/shiboli.fsu/yifeisun.umich/adversarial_robustness_FNO/2D_NS_FNO2d_recurrent/datasets/exponax_datasets/t20/generalizability/dim2d_nx256_N10_solver=exponax_nu0.000_t20.0_test_ntimepoints21_NegLogGRF_rq_length_scale0.050_variance1.700_alpha1.000_exp_factor2.500_vmax-1_vmin-1.5_batch0_all_frames.pt
  2738. /blue/shiboli.fsu/yifeisun.umich/adversarial_robustness_FNO/2D_NS_FNO2d_recurrent/datasets/exponax_datasets/t20/generalizability/dim2d_nx256_N10_solver=exponax_nu0.000_t20.0_test_ntimepoints21_NegLogGRF_rq_length_scale0.050_variance1.700_alpha1.000_exp_factor2.500_vmax0.4_vmin-0.4_batch0_all_frames.pt
  2739. /blue/shiboli.fsu/yifeisun.umich/adversarial_robustness_FNO/2D_NS_FNO2d_recurrent/datasets/exponax_datasets/t20/generalizability/dim2d_nx256_N10_solver=exponax_nu0.000_t20.0_test_ntimepoints21_NegLogGRF_rq_length_scale0.050_variance1.700_alpha1.000_exp_factor2.500_vmax0_vmin-1_batch0_all_frames.pt
  2740. /blue/shiboli.fsu/yifeisun.umich/adversarial_robustness_FNO/2D_NS_FNO2d_recurrent/datasets/exponax_datasets/t20/generalizability/dim2d_nx256_N10_solver=exponax_nu0.000_t20.0_test_ntimepoints21_NegLogGRF_rq_length_scale0.050_variance1.700_alpha1.000_exp_factor2.500_vmax1.5_vmin1_batch0_all_frames.pt
  2741. /blue/shiboli.fsu/yifeisun.umich/adversarial_robustness_FNO/2D_NS_FNO2d_recurrent/datasets/exponax_datasets/t20/generalizability/dim2d_nx256_N10_solver=exponax_nu0.000_t20.0_test_ntimepoints21_NegLogGRF_rq_length_scale0.050_variance1.700_alpha1.000_exp_factor2.500_vmax1_vmin-1_batch0_all_frames.pt
  2742. /blue/shiboli.fsu/yifeisun.umich/adversarial_robustness_FNO/2D_NS_FNO2d_recurrent/datasets/exponax_datasets/t20/generalizability/dim2d_nx256_N10_solver=exponax_nu0.000_t20.0_test_ntimepoints21_NegLogGRF_rq_length_scale0.050_variance1.700_alpha1.000_exp_factor2.500_vmax1_vmin0_batch0_all_frames.pt
  2743. /blue/shiboli.fsu/yifeisun.umich/adversarial_robustness_FNO/2D_NS_FNO2d_recurrent/datasets/exponax_datasets/t20/generalizability/dim2d_nx256_N10_solver=exponax_nu0.000_t20.0_test_ntimepoints21_NegLogGRF_rq_length_scale0.050_variance1.700_alpha1.500_exp_factor2.500_vmax-1_vmin-1.5_batch0_all_frames.pt
  2744. /blue/shiboli.fsu/yifeisun.umich/adversarial_robustness_FNO/2D_NS_FNO2d_recurrent/datasets/exponax_datasets/t20/generalizability/dim2d_nx256_N10_solver=exponax_nu0.000_t20.0_test_ntimepoints21_NegLogGRF_rq_length_scale0.050_variance1.700_alpha1.500_exp_factor2.500_vmax0.4_vmin-0.4_batch0_all_frames.pt
  2745. /blue/shiboli.fsu/yifeisun.umich/adversarial_robustness_FNO/2D_NS_FNO2d_recurrent/datasets/exponax_datasets/t20/generalizability/dim2d_nx256_N10_solver=exponax_nu0.000_t20.0_test_ntimepoints21_NegLogGRF_rq_length_scale0.050_variance1.700_alpha1.500_exp_factor2.500_vmax0_vmin-1_batch0_all_frames.pt
  2746. /blue/shiboli.fsu/yifeisun.umich/adversarial_robustness_FNO/2D_NS_FNO2d_recurrent/datasets/exponax_datasets/t20/generalizability/dim2d_nx256_N10_solver=exponax_nu0.000_t20.0_test_ntimepoints21_NegLogGRF_rq_length_scale0.050_variance1.700_alpha1.500_exp_factor2.500_vmax1.5_vmin1_batch0_all_frames.pt
  2747. /blue/shiboli.fsu/yifeisun.umich/adversarial_robustness_FNO/2D_NS_FNO2d_recurrent/datasets/exponax_datasets/t20/generalizability/dim2d_nx256_N10_solver=exponax_nu0.000_t20.0_test_ntimepoints21_NegLogGRF_rq_length_scale0.050_variance1.700_alpha1.500_exp_factor2.500_vmax1_vmin-1_batch0_all_frames.pt
  2748. /blue/shiboli.fsu/yifeisun.umich/adversarial_robustness_FNO/2D_NS_FNO2d_recurrent/datasets/exponax_datasets/t20/generalizability/dim2d_nx256_N10_solver=exponax_nu0.000_t20.0_test_ntimepoints21_NegLogGRF_rq_length_scale0.050_variance1.700_alpha1.500_exp_factor2.500_vmax1_vmin0_batch0_all_frames.pt
  2749. /blue/shiboli.fsu/yifeisun.umich/adversarial_robustness_FNO/2D_NS_FNO2d_recurrent/datasets/exponax_datasets/t20/generalizability/dim2d_nx256_N10_solver=exponax_nu0.000_t20.0_test_ntimepoints21_NegLogGRF_rq_length_scale0.050_variance1.700_alpha1.700_exp_factor2.500_vmax-1_vmin-1.5_batch0_all_frames.pt
  2750. /blue/shiboli.fsu/yifeisun.umich/adversarial_robustness_FNO/2D_NS_FNO2d_recurrent/datasets/exponax_datasets/t20/generalizability/dim2d_nx256_N10_solver=exponax_nu0.000_t20.0_test_ntimepoints21_NegLogGRF_rq_length_scale0.050_variance1.700_alpha1.700_exp_factor2.500_vmax0.4_vmin-0.4_batch0_all_frames.pt
  2751. /blue/shiboli.fsu/yifeisun.umich/adversarial_robustness_FNO/2D_NS_FNO2d_recurrent/datasets/exponax_datasets/t20/generalizability/dim2d_nx256_N10_solver=exponax_nu0.000_t20.0_test_ntimepoints21_NegLogGRF_rq_length_scale0.050_variance1.700_alpha1.700_exp_factor2.500_vmax0_vmin-1_batch0_all_frames.pt
  2752. /blue/shiboli.fsu/yifeisun.umich/adversarial_robustness_FNO/2D_NS_FNO2d_recurrent/datasets/exponax_datasets/t20/generalizability/dim2d_nx256_N10_solver=exponax_nu0.000_t20.0_test_ntimepoints21_NegLogGRF_rq_length_scale0.050_variance1.700_alpha1.700_exp_factor2.500_vmax1.5_vmin1_batch0_all_frames.pt
  2753. /blue/shiboli.fsu/yifeisun.umich/adversarial_robustness_FNO/2D_NS_FNO2d_recurrent/datasets/exponax_datasets/t20/generalizability/dim2d_nx256_N10_solver=exponax_nu0.000_t20.0_test_ntimepoints21_NegLogGRF_rq_length_scale0.050_variance1.700_alpha1.700_exp_factor2.500_vmax1_vmin-1_batch0_all_frames.pt
  2754. /blue/shiboli.fsu/yifeisun.umich/adversarial_robustness_FNO/2D_NS_FNO2d_recurrent/datasets/exponax_datasets/t20/generalizability/dim2d_nx256_N10_solver=exponax_nu0.000_t20.0_test_ntimepoints21_NegLogGRF_rq_length_scale0.050_variance1.700_alpha1.700_exp_factor2.500_vmax1_vmin0_batch0_all_frames.pt
  2755. /blue/shiboli.fsu/yifeisun.umich/adversarial_robustness_FNO/2D_NS_FNO2d_recurrent/datasets/exponax_datasets/t20/generalizability/dim2d_nx256_N10_solver=exponax_nu0.000_t20.0_test_ntimepoints21_NegLogGRF_rq_length_scale0.100_variance0.700_alpha0.750_exp_factor2.500_vmax-1_vmin-1.5_batch0_all_frames.pt
  2756. /blue/shiboli.fsu/yifeisun.umich/adversarial_robustness_FNO/2D_NS_FNO2d_recurrent/datasets/exponax_datasets/t20/generalizability/dim2d_nx256_N10_solver=exponax_nu0.000_t20.0_test_ntimepoints21_NegLogGRF_rq_length_scale0.100_variance0.700_alpha0.750_exp_factor2.500_vmax0.4_vmin-0.4_batch0_all_frames.pt
  2757. /blue/shiboli.fsu/yifeisun.umich/adversarial_robustness_FNO/2D_NS_FNO2d_recurrent/datasets/exponax_datasets/t20/generalizability/dim2d_nx256_N10_solver=exponax_nu0.000_t20.0_test_ntimepoints21_NegLogGRF_rq_length_scale0.100_variance0.700_alpha0.750_exp_factor2.500_vmax0_vmin-1_batch0_all_frames.pt
  2758. /blue/shiboli.fsu/yifeisun.umich/adversarial_robustness_FNO/2D_NS_FNO2d_recurrent/datasets/exponax_datasets/t20/generalizability/dim2d_nx256_N10_solver=exponax_nu0.000_t20.0_test_ntimepoints21_NegLogGRF_rq_length_scale0.100_variance0.700_alpha0.750_exp_factor2.500_vmax1.5_vmin1_batch0_all_frames.pt
  2759. /blue/shiboli.fsu/yifeisun.umich/adversarial_robustness_FNO/2D_NS_FNO2d_recurrent/datasets/exponax_datasets/t20/generalizability/dim2d_nx256_N10_solver=exponax_nu0.000_t20.0_test_ntimepoints21_NegLogGRF_rq_length_scale0.100_variance0.700_alpha0.750_exp_factor2.500_vmax1_vmin-1_batch0_all_frames.pt
  2760. /blue/shiboli.fsu/yifeisun.umich/adversarial_robustness_FNO/2D_NS_FNO2d_recurrent/datasets/exponax_datasets/t20/generalizability/dim2d_nx256_N10_solver=exponax_nu0.000_t20.0_test_ntimepoints21_NegLogGRF_rq_length_scale0.100_variance0.700_alpha0.750_exp_factor2.500_vmax1_vmin0_batch0_all_frames.pt
  2761. /blue/shiboli.fsu/yifeisun.umich/adversarial_robustness_FNO/2D_NS_FNO2d_recurrent/datasets/exponax_datasets/t20/generalizability/dim2d_nx256_N10_solver=exponax_nu0.000_t20.0_test_ntimepoints21_NegLogGRF_rq_length_scale0.100_variance0.700_alpha1.000_exp_factor2.500_vmax-1_vmin-1.5_batch0_all_frames.pt
  2762. /blue/shiboli.fsu/yifeisun.umich/adversarial_robustness_FNO/2D_NS_FNO2d_recurrent/datasets/exponax_datasets/t20/generalizability/dim2d_nx256_N10_solver=exponax_nu0.000_t20.0_test_ntimepoints21_NegLogGRF_rq_length_scale0.100_variance0.700_alpha1.000_exp_factor2.500_vmax0.4_vmin-0.4_batch0_all_frames.pt
  2763. /blue/shiboli.fsu/yifeisun.umich/adversarial_robustness_FNO/2D_NS_FNO2d_recurrent/datasets/exponax_datasets/t20/generalizability/dim2d_nx256_N10_solver=exponax_nu0.000_t20.0_test_ntimepoints21_NegLogGRF_rq_length_scale0.100_variance0.700_alpha1.000_exp_factor2.500_vmax0_vmin-1_batch0_all_frames.pt
  2764. /blue/shiboli.fsu/yifeisun.umich/adversarial_robustness_FNO/2D_NS_FNO2d_recurrent/datasets/exponax_datasets/t20/generalizability/dim2d_nx256_N10_solver=exponax_nu0.000_t20.0_test_ntimepoints21_NegLogGRF_rq_length_scale0.100_variance0.700_alpha1.000_exp_factor2.500_vmax1.5_vmin1_batch0_all_frames.pt
  2765. /blue/shiboli.fsu/yifeisun.umich/adversarial_robustness_FNO/2D_NS_FNO2d_recurrent/datasets/exponax_datasets/t20/generalizability/dim2d_nx256_N10_solver=exponax_nu0.000_t20.0_test_ntimepoints21_NegLogGRF_rq_length_scale0.100_variance0.700_alpha1.000_exp_factor2.500_vmax1_vmin-1_batch0_all_frames.pt
  2766. /blue/shiboli.fsu/yifeisun.umich/adversarial_robustness_FNO/2D_NS_FNO2d_recurrent/datasets/exponax_datasets/t20/generalizability/dim2d_nx256_N10_solver=exponax_nu0.000_t20.0_test_ntimepoints21_NegLogGRF_rq_length_scale0.100_variance0.700_alpha1.000_exp_factor2.500_vmax1_vmin0_batch0_all_frames.pt
  2767. /blue/shiboli.fsu/yifeisun.umich/adversarial_robustness_FNO/2D_NS_FNO2d_recurrent/datasets/exponax_datasets/t20/generalizability/dim2d_nx256_N10_solver=exponax_nu0.000_t20.0_test_ntimepoints21_NegLogGRF_rq_length_scale0.100_variance0.700_alpha1.500_exp_factor2.500_vmax-1_vmin-1.5_batch0_all_frames.pt
  2768. /blue/shiboli.fsu/yifeisun.umich/adversarial_robustness_FNO/2D_NS_FNO2d_recurrent/datasets/exponax_datasets/t20/generalizability/dim2d_nx256_N10_solver=exponax_nu0.000_t20.0_test_ntimepoints21_NegLogGRF_rq_length_scale0.100_variance0.700_alpha1.500_exp_factor2.500_vmax0.4_vmin-0.4_batch0_all_frames.pt
  2769. /blue/shiboli.fsu/yifeisun.umich/adversarial_robustness_FNO/2D_NS_FNO2d_recurrent/datasets/exponax_datasets/t20/generalizability/dim2d_nx256_N10_solver=exponax_nu0.000_t20.0_test_ntimepoints21_NegLogGRF_rq_length_scale0.100_variance0.700_alpha1.500_exp_factor2.500_vmax0_vmin-1_batch0_all_frames.pt
  2770. /blue/shiboli.fsu/yifeisun.umich/adversarial_robustness_FNO/2D_NS_FNO2d_recurrent/datasets/exponax_datasets/t20/generalizability/dim2d_nx256_N10_solver=exponax_nu0.000_t20.0_test_ntimepoints21_NegLogGRF_rq_length_scale0.100_variance0.700_alpha1.500_exp_factor2.500_vmax1.5_vmin1_batch0_all_frames.pt
  2771. /blue/shiboli.fsu/yifeisun.umich/adversarial_robustness_FNO/2D_NS_FNO2d_recurrent/datasets/exponax_datasets/t20/generalizability/dim2d_nx256_N10_solver=exponax_nu0.000_t20.0_test_ntimepoints21_NegLogGRF_rq_length_scale0.100_variance0.700_alpha1.500_exp_factor2.500_vmax1_vmin-1_batch0_all_frames.pt
  2772. /blue/shiboli.fsu/yifeisun.umich/adversarial_robustness_FNO/2D_NS_FNO2d_recurrent/datasets/exponax_datasets/t20/generalizability/dim2d_nx256_N10_solver=exponax_nu0.000_t20.0_test_ntimepoints21_NegLogGRF_rq_length_scale0.100_variance0.700_alpha1.500_exp_factor2.500_vmax1_vmin0_batch0_all_frames.pt
  2773. /blue/shiboli.fsu/yifeisun.umich/adversarial_robustness_FNO/2D_NS_FNO2d_recurrent/datasets/exponax_datasets/t20/generalizability/dim2d_nx256_N10_solver=exponax_nu0.000_t20.0_test_ntimepoints21_NegLogGRF_rq_length_scale0.100_variance0.700_alpha1.700_exp_factor2.500_vmax-1_vmin-1.5_batch0_all_frames.pt
  2774. /blue/shiboli.fsu/yifeisun.umich/adversarial_robustness_FNO/2D_NS_FNO2d_recurrent/datasets/exponax_datasets/t20/generalizability/dim2d_nx256_N10_solver=exponax_nu0.000_t20.0_test_ntimepoints21_NegLogGRF_rq_length_scale0.100_variance0.700_alpha1.700_exp_factor2.500_vmax0.4_vmin-0.4_batch0_all_frames.pt
  2775. /blue/shiboli.fsu/yifeisun.umich/adversarial_robustness_FNO/2D_NS_FNO2d_recurrent/datasets/exponax_datasets/t20/generalizability/dim2d_nx256_N10_solver=exponax_nu0.000_t20.0_test_ntimepoints21_NegLogGRF_rq_length_scale0.100_variance0.700_alpha1.700_exp_factor2.500_vmax0_vmin-1_batch0_all_frames.pt
  2776. /blue/shiboli.fsu/yifeisun.umich/adversarial_robustness_FNO/2D_NS_FNO2d_recurrent/datasets/exponax_datasets/t20/generalizability/dim2d_nx256_N10_solver=exponax_nu0.000_t20.0_test_ntimepoints21_NegLogGRF_rq_length_scale0.100_variance0.700_alpha1.700_exp_factor2.500_vmax1.5_vmin1_batch0_all_frames.pt
  2777. /blue/shiboli.fsu/yifeisun.umich/adversarial_robustness_FNO/2D_NS_FNO2d_recurrent/datasets/exponax_datasets/t20/generalizability/dim2d_nx256_N10_solver=exponax_nu0.000_t20.0_test_ntimepoints21_NegLogGRF_rq_length_scale0.100_variance0.700_alpha1.700_exp_factor2.500_vmax1_vmin-1_batch0_all_frames.pt
  2778. /blue/shiboli.fsu/yifeisun.umich/adversarial_robustness_FNO/2D_NS_FNO2d_recurrent/datasets/exponax_datasets/t20/generalizability/dim2d_nx256_N10_solver=exponax_nu0.000_t20.0_test_ntimepoints21_NegLogGRF_rq_length_scale0.100_variance0.700_alpha1.700_exp_factor2.500_vmax1_vmin0_batch0_all_frames.pt
  2779. /blue/shiboli.fsu/yifeisun.umich/adversarial_robustness_FNO/2D_NS_FNO2d_recurrent/datasets/exponax_datasets/t20/generalizability/dim2d_nx256_N10_solver=exponax_nu0.000_t20.0_test_ntimepoints21_NegLogGRF_rq_length_scale0.100_variance1.000_alpha0.750_exp_factor2.500_vmax-1_vmin-1.5_batch0_all_frames.pt
  2780. /blue/shiboli.fsu/yifeisun.umich/adversarial_robustness_FNO/2D_NS_FNO2d_recurrent/datasets/exponax_datasets/t20/generalizability/dim2d_nx256_N10_solver=exponax_nu0.000_t20.0_test_ntimepoints21_NegLogGRF_rq_length_scale0.100_variance1.000_alpha0.750_exp_factor2.500_vmax0.4_vmin-0.4_batch0_all_frames.pt
  2781. /blue/shiboli.fsu/yifeisun.umich/adversarial_robustness_FNO/2D_NS_FNO2d_recurrent/datasets/exponax_datasets/t20/generalizability/dim2d_nx256_N10_solver=exponax_nu0.000_t20.0_test_ntimepoints21_NegLogGRF_rq_length_scale0.100_variance1.000_alpha0.750_exp_factor2.500_vmax0_vmin-1_batch0_all_frames.pt
  2782. /blue/shiboli.fsu/yifeisun.umich/adversarial_robustness_FNO/2D_NS_FNO2d_recurrent/datasets/exponax_datasets/t20/generalizability/dim2d_nx256_N10_solver=exponax_nu0.000_t20.0_test_ntimepoints21_NegLogGRF_rq_length_scale0.100_variance1.000_alpha0.750_exp_factor2.500_vmax1.5_vmin1_batch0_all_frames.pt
  2783. /blue/shiboli.fsu/yifeisun.umich/adversarial_robustness_FNO/2D_NS_FNO2d_recurrent/datasets/exponax_datasets/t20/generalizability/dim2d_nx256_N10_solver=exponax_nu0.000_t20.0_test_ntimepoints21_NegLogGRF_rq_length_scale0.100_variance1.000_alpha0.750_exp_factor2.500_vmax1_vmin-1_batch0_all_frames.pt
  2784. /blue/shiboli.fsu/yifeisun.umich/adversarial_robustness_FNO/2D_NS_FNO2d_recurrent/datasets/exponax_datasets/t20/generalizability/dim2d_nx256_N10_solver=exponax_nu0.000_t20.0_test_ntimepoints21_NegLogGRF_rq_length_scale0.100_variance1.000_alpha0.750_exp_factor2.500_vmax1_vmin0_batch0_all_frames.pt
  2785. /blue/shiboli.fsu/yifeisun.umich/adversarial_robustness_FNO/2D_NS_FNO2d_recurrent/datasets/exponax_datasets/t20/generalizability/dim2d_nx256_N10_solver=exponax_nu0.000_t20.0_test_ntimepoints21_NegLogGRF_rq_length_scale0.100_variance1.000_alpha1.000_exp_factor2.500_vmax-1_vmin-1.5_batch0_all_frames.pt
  2786. /blue/shiboli.fsu/yifeisun.umich/adversarial_robustness_FNO/2D_NS_FNO2d_recurrent/datasets/exponax_datasets/t20/generalizability/dim2d_nx256_N10_solver=exponax_nu0.000_t20.0_test_ntimepoints21_NegLogGRF_rq_length_scale0.100_variance1.000_alpha1.000_exp_factor2.500_vmax0.4_vmin-0.4_batch0_all_frames.pt
  2787. /blue/shiboli.fsu/yifeisun.umich/adversarial_robustness_FNO/2D_NS_FNO2d_recurrent/datasets/exponax_datasets/t20/generalizability/dim2d_nx256_N10_solver=exponax_nu0.000_t20.0_test_ntimepoints21_NegLogGRF_rq_length_scale0.100_variance1.000_alpha1.000_exp_factor2.500_vmax0_vmin-1_batch0_all_frames.pt
  2788. /blue/shiboli.fsu/yifeisun.umich/adversarial_robustness_FNO/2D_NS_FNO2d_recurrent/datasets/exponax_datasets/t20/generalizability/dim2d_nx256_N10_solver=exponax_nu0.000_t20.0_test_ntimepoints21_NegLogGRF_rq_length_scale0.100_variance1.000_alpha1.000_exp_factor2.500_vmax1.5_vmin1_batch0_all_frames.pt
  2789. /blue/shiboli.fsu/yifeisun.umich/adversarial_robustness_FNO/2D_NS_FNO2d_recurrent/datasets/exponax_datasets/t20/generalizability/dim2d_nx256_N10_solver=exponax_nu0.000_t20.0_test_ntimepoints21_NegLogGRF_rq_length_scale0.100_variance1.000_alpha1.000_exp_factor2.500_vmax1_vmin-1_batch0_all_frames.pt
  2790. /blue/shiboli.fsu/yifeisun.umich/adversarial_robustness_FNO/2D_NS_FNO2d_recurrent/datasets/exponax_datasets/t20/generalizability/dim2d_nx256_N10_solver=exponax_nu0.000_t20.0_test_ntimepoints21_NegLogGRF_rq_length_scale0.100_variance1.000_alpha1.000_exp_factor2.500_vmax1_vmin0_batch0_all_frames.pt
  2791. /blue/shiboli.fsu/yifeisun.umich/adversarial_robustness_FNO/2D_NS_FNO2d_recurrent/datasets/exponax_datasets/t20/generalizability/dim2d_nx256_N10_solver=exponax_nu0.000_t20.0_test_ntimepoints21_NegLogGRF_rq_length_scale0.100_variance1.000_alpha1.500_exp_factor2.500_vmax-1_vmin-1.5_batch0_all_frames.pt
  2792. /blue/shiboli.fsu/yifeisun.umich/adversarial_robustness_FNO/2D_NS_FNO2d_recurrent/datasets/exponax_datasets/t20/generalizability/dim2d_nx256_N10_solver=exponax_nu0.000_t20.0_test_ntimepoints21_NegLogGRF_rq_length_scale0.100_variance1.000_alpha1.500_exp_factor2.500_vmax0.4_vmin-0.4_batch0_all_frames.pt
  2793. /blue/shiboli.fsu/yifeisun.umich/adversarial_robustness_FNO/2D_NS_FNO2d_recurrent/datasets/exponax_datasets/t20/generalizability/dim2d_nx256_N10_solver=exponax_nu0.000_t20.0_test_ntimepoints21_NegLogGRF_rq_length_scale0.100_variance1.000_alpha1.500_exp_factor2.500_vmax0_vmin-1_batch0_all_frames.pt
  2794. /blue/shiboli.fsu/yifeisun.umich/adversarial_robustness_FNO/2D_NS_FNO2d_recurrent/datasets/exponax_datasets/t20/generalizability/dim2d_nx256_N10_solver=exponax_nu0.000_t20.0_test_ntimepoints21_NegLogGRF_rq_length_scale0.100_variance1.000_alpha1.500_exp_factor2.500_vmax1.5_vmin1_batch0_all_frames.pt
  2795. /blue/shiboli.fsu/yifeisun.umich/adversarial_robustness_FNO/2D_NS_FNO2d_recurrent/datasets/exponax_datasets/t20/generalizability/dim2d_nx256_N10_solver=exponax_nu0.000_t20.0_test_ntimepoints21_NegLogGRF_rq_length_scale0.100_variance1.000_alpha1.500_exp_factor2.500_vmax1_vmin-1_batch0_all_frames.pt
  2796. /blue/shiboli.fsu/yifeisun.umich/adversarial_robustness_FNO/2D_NS_FNO2d_recurrent/datasets/exponax_datasets/t20/generalizability/dim2d_nx256_N10_solver=exponax_nu0.000_t20.0_test_ntimepoints21_NegLogGRF_rq_length_scale0.100_variance1.000_alpha1.500_exp_factor2.500_vmax1_vmin0_batch0_all_frames.pt
  2797. /blue/shiboli.fsu/yifeisun.umich/adversarial_robustness_FNO/2D_NS_FNO2d_recurrent/datasets/exponax_datasets/t20/generalizability/dim2d_nx256_N10_solver=exponax_nu0.000_t20.0_test_ntimepoints21_NegLogGRF_rq_length_scale0.100_variance1.000_alpha1.700_exp_factor2.500_vmax-1_vmin-1.5_batch0_all_frames.pt
  2798. /blue/shiboli.fsu/yifeisun.umich/adversarial_robustness_FNO/2D_NS_FNO2d_recurrent/datasets/exponax_datasets/t20/generalizability/dim2d_nx256_N10_solver=exponax_nu0.000_t20.0_test_ntimepoints21_NegLogGRF_rq_length_scale0.100_variance1.000_alpha1.700_exp_factor2.500_vmax0.4_vmin-0.4_batch0_all_frames.pt
  2799. /blue/shiboli.fsu/yifeisun.umich/adversarial_robustness_FNO/2D_NS_FNO2d_recurrent/datasets/exponax_datasets/t20/generalizability/dim2d_nx256_N10_solver=exponax_nu0.000_t20.0_test_ntimepoints21_NegLogGRF_rq_length_scale0.100_variance1.000_alpha1.700_exp_factor2.500_vmax0_vmin-1_batch0_all_frames.pt
  2800. /blue/shiboli.fsu/yifeisun.umich/adversarial_robustness_FNO/2D_NS_FNO2d_recurrent/datasets/exponax_datasets/t20/generalizability/dim2d_nx256_N10_solver=exponax_nu0.000_t20.0_test_ntimepoints21_NegLogGRF_rq_length_scale0.100_variance1.000_alpha1.700_exp_factor2.500_vmax1.5_vmin1_batch0_all_frames.pt
  2801. /blue/shiboli.fsu/yifeisun.umich/adversarial_robustness_FNO/2D_NS_FNO2d_recurrent/datasets/exponax_datasets/t20/generalizability/dim2d_nx256_N10_solver=exponax_nu0.000_t20.0_test_ntimepoints21_NegLogGRF_rq_length_scale0.100_variance1.000_alpha1.700_exp_factor2.500_vmax1_vmin-1_batch0_all_frames.pt
  2802. /blue/shiboli.fsu/yifeisun.umich/adversarial_robustness_FNO/2D_NS_FNO2d_recurrent/datasets/exponax_datasets/t20/generalizability/dim2d_nx256_N10_solver=exponax_nu0.000_t20.0_test_ntimepoints21_NegLogGRF_rq_length_scale0.100_variance1.000_alpha1.700_exp_factor2.500_vmax1_vmin0_batch0_all_frames.pt
  2803. /blue/shiboli.fsu/yifeisun.umich/adversarial_robustness_FNO/2D_NS_FNO2d_recurrent/datasets/exponax_datasets/t20/generalizability/dim2d_nx256_N10_solver=exponax_nu0.000_t20.0_test_ntimepoints21_NegLogGRF_rq_length_scale0.100_variance1.700_alpha0.750_exp_factor2.500_vmax-1_vmin-1.5_batch0_all_frames.pt
  2804. /blue/shiboli.fsu/yifeisun.umich/adversarial_robustness_FNO/2D_NS_FNO2d_recurrent/datasets/exponax_datasets/t20/generalizability/dim2d_nx256_N10_solver=exponax_nu0.000_t20.0_test_ntimepoints21_NegLogGRF_rq_length_scale0.100_variance1.700_alpha0.750_exp_factor2.500_vmax0.4_vmin-0.4_batch0_all_frames.pt
  2805. /blue/shiboli.fsu/yifeisun.umich/adversarial_robustness_FNO/2D_NS_FNO2d_recurrent/datasets/exponax_datasets/t20/generalizability/dim2d_nx256_N10_solver=exponax_nu0.000_t20.0_test_ntimepoints21_NegLogGRF_rq_length_scale0.100_variance1.700_alpha0.750_exp_factor2.500_vmax0_vmin-1_batch0_all_frames.pt
  2806. /blue/shiboli.fsu/yifeisun.umich/adversarial_robustness_FNO/2D_NS_FNO2d_recurrent/datasets/exponax_datasets/t20/generalizability/dim2d_nx256_N10_solver=exponax_nu0.000_t20.0_test_ntimepoints21_NegLogGRF_rq_length_scale0.100_variance1.700_alpha0.750_exp_factor2.500_vmax1.5_vmin1_batch0_all_frames.pt
  2807. /blue/shiboli.fsu/yifeisun.umich/adversarial_robustness_FNO/2D_NS_FNO2d_recurrent/datasets/exponax_datasets/t20/generalizability/dim2d_nx256_N10_solver=exponax_nu0.000_t20.0_test_ntimepoints21_NegLogGRF_rq_length_scale0.100_variance1.700_alpha0.750_exp_factor2.500_vmax1_vmin-1_batch0_all_frames.pt
  2808. /blue/shiboli.fsu/yifeisun.umich/adversarial_robustness_FNO/2D_NS_FNO2d_recurrent/datasets/exponax_datasets/t20/generalizability/dim2d_nx256_N10_solver=exponax_nu0.000_t20.0_test_ntimepoints21_NegLogGRF_rq_length_scale0.100_variance1.700_alpha0.750_exp_factor2.500_vmax1_vmin0_batch0_all_frames.pt
  2809. /blue/shiboli.fsu/yifeisun.umich/adversarial_robustness_FNO/2D_NS_FNO2d_recurrent/datasets/exponax_datasets/t20/generalizability/dim2d_nx256_N10_solver=exponax_nu0.000_t20.0_test_ntimepoints21_NegLogGRF_rq_length_scale0.100_variance1.700_alpha1.000_exp_factor2.500_vmax-1_vmin-1.5_batch0_all_frames.pt
  2810. /blue/shiboli.fsu/yifeisun.umich/adversarial_robustness_FNO/2D_NS_FNO2d_recurrent/datasets/exponax_datasets/t20/generalizability/dim2d_nx256_N10_solver=exponax_nu0.000_t20.0_test_ntimepoints21_NegLogGRF_rq_length_scale0.100_variance1.700_alpha1.000_exp_factor2.500_vmax0.4_vmin-0.4_batch0_all_frames.pt
  2811. /blue/shiboli.fsu/yifeisun.umich/adversarial_robustness_FNO/2D_NS_FNO2d_recurrent/datasets/exponax_datasets/t20/generalizability/dim2d_nx256_N10_solver=exponax_nu0.000_t20.0_test_ntimepoints21_NegLogGRF_rq_length_scale0.100_variance1.700_alpha1.000_exp_factor2.500_vmax0_vmin-1_batch0_all_frames.pt
  2812. /blue/shiboli.fsu/yifeisun.umich/adversarial_robustness_FNO/2D_NS_FNO2d_recurrent/datasets/exponax_datasets/t20/generalizability/dim2d_nx256_N10_solver=exponax_nu0.000_t20.0_test_ntimepoints21_NegLogGRF_rq_length_scale0.100_variance1.700_alpha1.000_exp_factor2.500_vmax1.5_vmin1_batch0_all_frames.pt
  2813. /blue/shiboli.fsu/yifeisun.umich/adversarial_robustness_FNO/2D_NS_FNO2d_recurrent/datasets/exponax_datasets/t20/generalizability/dim2d_nx256_N10_solver=exponax_nu0.000_t20.0_test_ntimepoints21_NegLogGRF_rq_length_scale0.100_variance1.700_alpha1.000_exp_factor2.500_vmax1_vmin-1_batch0_all_frames.pt
  2814. /blue/shiboli.fsu/yifeisun.umich/adversarial_robustness_FNO/2D_NS_FNO2d_recurrent/datasets/exponax_datasets/t20/generalizability/dim2d_nx256_N10_solver=exponax_nu0.000_t20.0_test_ntimepoints21_NegLogGRF_rq_length_scale0.100_variance1.700_alpha1.000_exp_factor2.500_vmax1_vmin0_batch0_all_frames.pt
  2815. /blue/shiboli.fsu/yifeisun.umich/adversarial_robustness_FNO/2D_NS_FNO2d_recurrent/datasets/exponax_datasets/t20/generalizability/dim2d_nx256_N10_solver=exponax_nu0.000_t20.0_test_ntimepoints21_NegLogGRF_rq_length_scale0.100_variance1.700_alpha1.500_exp_factor2.500_vmax-1_vmin-1.5_batch0_all_frames.pt
  2816. /blue/shiboli.fsu/yifeisun.umich/adversarial_robustness_FNO/2D_NS_FNO2d_recurrent/datasets/exponax_datasets/t20/generalizability/dim2d_nx256_N10_solver=exponax_nu0.000_t20.0_test_ntimepoints21_NegLogGRF_rq_length_scale0.100_variance1.700_alpha1.500_exp_factor2.500_vmax0.4_vmin-0.4_batch0_all_frames.pt
  2817. /blue/shiboli.fsu/yifeisun.umich/adversarial_robustness_FNO/2D_NS_FNO2d_recurrent/datasets/exponax_datasets/t20/generalizability/dim2d_nx256_N10_solver=exponax_nu0.000_t20.0_test_ntimepoints21_NegLogGRF_rq_length_scale0.100_variance1.700_alpha1.500_exp_factor2.500_vmax0_vmin-1_batch0_all_frames.pt
  2818. /blue/shiboli.fsu/yifeisun.umich/adversarial_robustness_FNO/2D_NS_FNO2d_recurrent/datasets/exponax_datasets/t20/generalizability/dim2d_nx256_N10_solver=exponax_nu0.000_t20.0_test_ntimepoints21_NegLogGRF_rq_length_scale0.100_variance1.700_alpha1.500_exp_factor2.500_vmax1.5_vmin1_batch0_all_frames.pt
  2819. /blue/shiboli.fsu/yifeisun.umich/adversarial_robustness_FNO/2D_NS_FNO2d_recurrent/datasets/exponax_datasets/t20/generalizability/dim2d_nx256_N10_solver=exponax_nu0.000_t20.0_test_ntimepoints21_NegLogGRF_rq_length_scale0.100_variance1.700_alpha1.500_exp_factor2.500_vmax1_vmin-1_batch0_all_frames.pt
  2820. /blue/shiboli.fsu/yifeisun.umich/adversarial_robustness_FNO/2D_NS_FNO2d_recurrent/datasets/exponax_datasets/t20/generalizability/dim2d_nx256_N10_solver=exponax_nu0.000_t20.0_test_ntimepoints21_NegLogGRF_rq_length_scale0.100_variance1.700_alpha1.500_exp_factor2.500_vmax1_vmin0_batch0_all_frames.pt
  2821. /blue/shiboli.fsu/yifeisun.umich/adversarial_robustness_FNO/2D_NS_FNO2d_recurrent/datasets/exponax_datasets/t20/generalizability/dim2d_nx256_N10_solver=exponax_nu0.000_t20.0_test_ntimepoints21_NegLogGRF_rq_length_scale0.100_variance1.700_alpha1.700_exp_factor2.500_vmax-1_vmin-1.5_batch0_all_frames.pt
  2822. /blue/shiboli.fsu/yifeisun.umich/adversarial_robustness_FNO/2D_NS_FNO2d_recurrent/datasets/exponax_datasets/t20/generalizability/dim2d_nx256_N10_solver=exponax_nu0.000_t20.0_test_ntimepoints21_NegLogGRF_rq_length_scale0.100_variance1.700_alpha1.700_exp_factor2.500_vmax0.4_vmin-0.4_batch0_all_frames.pt
  2823. /blue/shiboli.fsu/yifeisun.umich/adversarial_robustness_FNO/2D_NS_FNO2d_recurrent/datasets/exponax_datasets/t20/generalizability/dim2d_nx256_N10_solver=exponax_nu0.000_t20.0_test_ntimepoints21_NegLogGRF_rq_length_scale0.100_variance1.700_alpha1.700_exp_factor2.500_vmax0_vmin-1_batch0_all_frames.pt
  2824. /blue/shiboli.fsu/yifeisun.umich/adversarial_robustness_FNO/2D_NS_FNO2d_recurrent/datasets/exponax_datasets/t20/generalizability/dim2d_nx256_N10_solver=exponax_nu0.000_t20.0_test_ntimepoints21_NegLogGRF_rq_length_scale0.100_variance1.700_alpha1.700_exp_factor2.500_vmax1.5_vmin1_batch0_all_frames.pt
  2825. /blue/shiboli.fsu/yifeisun.umich/adversarial_robustness_FNO/2D_NS_FNO2d_recurrent/datasets/exponax_datasets/t20/generalizability/dim2d_nx256_N10_solver=exponax_nu0.000_t20.0_test_ntimepoints21_NegLogGRF_rq_length_scale0.100_variance1.700_alpha1.700_exp_factor2.500_vmax1_vmin-1_batch0_all_frames.pt
  2826. /blue/shiboli.fsu/yifeisun.umich/adversarial_robustness_FNO/2D_NS_FNO2d_recurrent/datasets/exponax_datasets/t20/generalizability/dim2d_nx256_N10_solver=exponax_nu0.000_t20.0_test_ntimepoints21_NegLogGRF_rq_length_scale0.100_variance1.700_alpha1.700_exp_factor2.500_vmax1_vmin0_batch0_all_frames.pt
  2827. /blue/shiboli.fsu/yifeisun.umich/adversarial_robustness_FNO/2D_NS_FNO2d_recurrent/datasets/exponax_datasets/t20/generalizability/dim2d_nx256_N10_solver=exponax_nu0.000_t20.0_test_ntimepoints21_NegLogGRF_rq_length_scale0.200_variance0.700_alpha0.750_exp_factor2.500_vmax-1_vmin-1.5_batch0_all_frames.pt
  2828. /blue/shiboli.fsu/yifeisun.umich/adversarial_robustness_FNO/2D_NS_FNO2d_recurrent/datasets/exponax_datasets/t20/generalizability/dim2d_nx256_N10_solver=exponax_nu0.000_t20.0_test_ntimepoints21_NegLogGRF_rq_length_scale0.200_variance0.700_alpha0.750_exp_factor2.500_vmax0.4_vmin-0.4_batch0_all_frames.pt
  2829. /blue/shiboli.fsu/yifeisun.umich/adversarial_robustness_FNO/2D_NS_FNO2d_recurrent/datasets/exponax_datasets/t20/generalizability/dim2d_nx256_N10_solver=exponax_nu0.000_t20.0_test_ntimepoints21_NegLogGRF_rq_length_scale0.200_variance0.700_alpha0.750_exp_factor2.500_vmax0_vmin-1_batch0_all_frames.pt
  2830. /blue/shiboli.fsu/yifeisun.umich/adversarial_robustness_FNO/2D_NS_FNO2d_recurrent/datasets/exponax_datasets/t20/generalizability/dim2d_nx256_N10_solver=exponax_nu0.000_t20.0_test_ntimepoints21_NegLogGRF_rq_length_scale0.200_variance0.700_alpha0.750_exp_factor2.500_vmax1.5_vmin1_batch0_all_frames.pt
  2831. /blue/shiboli.fsu/yifeisun.umich/adversarial_robustness_FNO/2D_NS_FNO2d_recurrent/datasets/exponax_datasets/t20/generalizability/dim2d_nx256_N10_solver=exponax_nu0.000_t20.0_test_ntimepoints21_NegLogGRF_rq_length_scale0.200_variance0.700_alpha0.750_exp_factor2.500_vmax1_vmin-1_batch0_all_frames.pt
  2832. /blue/shiboli.fsu/yifeisun.umich/adversarial_robustness_FNO/2D_NS_FNO2d_recurrent/datasets/exponax_datasets/t20/generalizability/dim2d_nx256_N10_solver=exponax_nu0.000_t20.0_test_ntimepoints21_NegLogGRF_rq_length_scale0.200_variance0.700_alpha0.750_exp_factor2.500_vmax1_vmin0_batch0_all_frames.pt
  2833. /blue/shiboli.fsu/yifeisun.umich/adversarial_robustness_FNO/2D_NS_FNO2d_recurrent/datasets/exponax_datasets/t20/generalizability/dim2d_nx256_N10_solver=exponax_nu0.000_t20.0_test_ntimepoints21_NegLogGRF_rq_length_scale0.200_variance0.700_alpha1.000_exp_factor2.500_vmax-1_vmin-1.5_batch0_all_frames.pt
  2834. /blue/shiboli.fsu/yifeisun.umich/adversarial_robustness_FNO/2D_NS_FNO2d_recurrent/datasets/exponax_datasets/t20/generalizability/dim2d_nx256_N10_solver=exponax_nu0.000_t20.0_test_ntimepoints21_NegLogGRF_rq_length_scale0.200_variance0.700_alpha1.000_exp_factor2.500_vmax0.4_vmin-0.4_batch0_all_frames.pt
  2835. /blue/shiboli.fsu/yifeisun.umich/adversarial_robustness_FNO/2D_NS_FNO2d_recurrent/datasets/exponax_datasets/t20/generalizability/dim2d_nx256_N10_solver=exponax_nu0.000_t20.0_test_ntimepoints21_NegLogGRF_rq_length_scale0.200_variance0.700_alpha1.000_exp_factor2.500_vmax0_vmin-1_batch0_all_frames.pt
  2836. /blue/shiboli.fsu/yifeisun.umich/adversarial_robustness_FNO/2D_NS_FNO2d_recurrent/datasets/exponax_datasets/t20/generalizability/dim2d_nx256_N10_solver=exponax_nu0.000_t20.0_test_ntimepoints21_NegLogGRF_rq_length_scale0.200_variance0.700_alpha1.000_exp_factor2.500_vmax1.5_vmin1_batch0_all_frames.pt
  2837. /blue/shiboli.fsu/yifeisun.umich/adversarial_robustness_FNO/2D_NS_FNO2d_recurrent/datasets/exponax_datasets/t20/generalizability/dim2d_nx256_N10_solver=exponax_nu0.000_t20.0_test_ntimepoints21_NegLogGRF_rq_length_scale0.200_variance0.700_alpha1.000_exp_factor2.500_vmax1_vmin-1_batch0_all_frames.pt
  2838. /blue/shiboli.fsu/yifeisun.umich/adversarial_robustness_FNO/2D_NS_FNO2d_recurrent/datasets/exponax_datasets/t20/generalizability/dim2d_nx256_N10_solver=exponax_nu0.000_t20.0_test_ntimepoints21_NegLogGRF_rq_length_scale0.200_variance0.700_alpha1.000_exp_factor2.500_vmax1_vmin0_batch0_all_frames.pt
  2839. /blue/shiboli.fsu/yifeisun.umich/adversarial_robustness_FNO/2D_NS_FNO2d_recurrent/datasets/exponax_datasets/t20/generalizability/dim2d_nx256_N10_solver=exponax_nu0.000_t20.0_test_ntimepoints21_NegLogGRF_rq_length_scale0.200_variance0.700_alpha1.500_exp_factor2.500_vmax-1_vmin-1.5_batch0_all_frames.pt
  2840. /blue/shiboli.fsu/yifeisun.umich/adversarial_robustness_FNO/2D_NS_FNO2d_recurrent/datasets/exponax_datasets/t20/generalizability/dim2d_nx256_N10_solver=exponax_nu0.000_t20.0_test_ntimepoints21_NegLogGRF_rq_length_scale0.200_variance0.700_alpha1.500_exp_factor2.500_vmax0.4_vmin-0.4_batch0_all_frames.pt
  2841. /blue/shiboli.fsu/yifeisun.umich/adversarial_robustness_FNO/2D_NS_FNO2d_recurrent/datasets/exponax_datasets/t20/generalizability/dim2d_nx256_N10_solver=exponax_nu0.000_t20.0_test_ntimepoints21_NegLogGRF_rq_length_scale0.200_variance0.700_alpha1.500_exp_factor2.500_vmax0_vmin-1_batch0_all_frames.pt
  2842. /blue/shiboli.fsu/yifeisun.umich/adversarial_robustness_FNO/2D_NS_FNO2d_recurrent/datasets/exponax_datasets/t20/generalizability/dim2d_nx256_N10_solver=exponax_nu0.000_t20.0_test_ntimepoints21_NegLogGRF_rq_length_scale0.200_variance0.700_alpha1.500_exp_factor2.500_vmax1.5_vmin1_batch0_all_frames.pt
  2843. /blue/shiboli.fsu/yifeisun.umich/adversarial_robustness_FNO/2D_NS_FNO2d_recurrent/datasets/exponax_datasets/t20/generalizability/dim2d_nx256_N10_solver=exponax_nu0.000_t20.0_test_ntimepoints21_NegLogGRF_rq_length_scale0.200_variance0.700_alpha1.500_exp_factor2.500_vmax1_vmin-1_batch0_all_frames.pt
  2844. /blue/shiboli.fsu/yifeisun.umich/adversarial_robustness_FNO/2D_NS_FNO2d_recurrent/datasets/exponax_datasets/t20/generalizability/dim2d_nx256_N10_solver=exponax_nu0.000_t20.0_test_ntimepoints21_NegLogGRF_rq_length_scale0.200_variance0.700_alpha1.500_exp_factor2.500_vmax1_vmin0_batch0_all_frames.pt
  2845. /blue/shiboli.fsu/yifeisun.umich/adversarial_robustness_FNO/2D_NS_FNO2d_recurrent/datasets/exponax_datasets/t20/generalizability/dim2d_nx256_N10_solver=exponax_nu0.000_t20.0_test_ntimepoints21_NegLogGRF_rq_length_scale0.200_variance0.700_alpha1.700_exp_factor2.500_vmax-1_vmin-1.5_batch0_all_frames.pt
  2846. /blue/shiboli.fsu/yifeisun.umich/adversarial_robustness_FNO/2D_NS_FNO2d_recurrent/datasets/exponax_datasets/t20/generalizability/dim2d_nx256_N10_solver=exponax_nu0.000_t20.0_test_ntimepoints21_NegLogGRF_rq_length_scale0.200_variance0.700_alpha1.700_exp_factor2.500_vmax0.4_vmin-0.4_batch0_all_frames.pt
  2847. /blue/shiboli.fsu/yifeisun.umich/adversarial_robustness_FNO/2D_NS_FNO2d_recurrent/datasets/exponax_datasets/t20/generalizability/dim2d_nx256_N10_solver=exponax_nu0.000_t20.0_test_ntimepoints21_NegLogGRF_rq_length_scale0.200_variance0.700_alpha1.700_exp_factor2.500_vmax0_vmin-1_batch0_all_frames.pt
  2848. /blue/shiboli.fsu/yifeisun.umich/adversarial_robustness_FNO/2D_NS_FNO2d_recurrent/datasets/exponax_datasets/t20/generalizability/dim2d_nx256_N10_solver=exponax_nu0.000_t20.0_test_ntimepoints21_NegLogGRF_rq_length_scale0.200_variance0.700_alpha1.700_exp_factor2.500_vmax1.5_vmin1_batch0_all_frames.pt
  2849. /blue/shiboli.fsu/yifeisun.umich/adversarial_robustness_FNO/2D_NS_FNO2d_recurrent/datasets/exponax_datasets/t20/generalizability/dim2d_nx256_N10_solver=exponax_nu0.000_t20.0_test_ntimepoints21_NegLogGRF_rq_length_scale0.200_variance0.700_alpha1.700_exp_factor2.500_vmax1_vmin-1_batch0_all_frames.pt
  2850. /blue/shiboli.fsu/yifeisun.umich/adversarial_robustness_FNO/2D_NS_FNO2d_recurrent/datasets/exponax_datasets/t20/generalizability/dim2d_nx256_N10_solver=exponax_nu0.000_t20.0_test_ntimepoints21_NegLogGRF_rq_length_scale0.200_variance0.700_alpha1.700_exp_factor2.500_vmax1_vmin0_batch0_all_frames.pt
  2851. /blue/shiboli.fsu/yifeisun.umich/adversarial_robustness_FNO/2D_NS_FNO2d_recurrent/datasets/exponax_datasets/t20/generalizability/dim2d_nx256_N10_solver=exponax_nu0.000_t20.0_test_ntimepoints21_NegLogGRF_rq_length_scale0.200_variance1.000_alpha0.750_exp_factor2.500_vmax-1_vmin-1.5_batch0_all_frames.pt
  2852. /blue/shiboli.fsu/yifeisun.umich/adversarial_robustness_FNO/2D_NS_FNO2d_recurrent/datasets/exponax_datasets/t20/generalizability/dim2d_nx256_N10_solver=exponax_nu0.000_t20.0_test_ntimepoints21_NegLogGRF_rq_length_scale0.200_variance1.000_alpha0.750_exp_factor2.500_vmax0.4_vmin-0.4_batch0_all_frames.pt
  2853. /blue/shiboli.fsu/yifeisun.umich/adversarial_robustness_FNO/2D_NS_FNO2d_recurrent/datasets/exponax_datasets/t20/generalizability/dim2d_nx256_N10_solver=exponax_nu0.000_t20.0_test_ntimepoints21_NegLogGRF_rq_length_scale0.200_variance1.000_alpha0.750_exp_factor2.500_vmax0_vmin-1_batch0_all_frames.pt
  2854. /blue/shiboli.fsu/yifeisun.umich/adversarial_robustness_FNO/2D_NS_FNO2d_recurrent/datasets/exponax_datasets/t20/generalizability/dim2d_nx256_N10_solver=exponax_nu0.000_t20.0_test_ntimepoints21_NegLogGRF_rq_length_scale0.200_variance1.000_alpha0.750_exp_factor2.500_vmax1.5_vmin1_batch0_all_frames.pt
  2855. /blue/shiboli.fsu/yifeisun.umich/adversarial_robustness_FNO/2D_NS_FNO2d_recurrent/datasets/exponax_datasets/t20/generalizability/dim2d_nx256_N10_solver=exponax_nu0.000_t20.0_test_ntimepoints21_NegLogGRF_rq_length_scale0.200_variance1.000_alpha0.750_exp_factor2.500_vmax1_vmin-1_batch0_all_frames.pt
  2856. /blue/shiboli.fsu/yifeisun.umich/adversarial_robustness_FNO/2D_NS_FNO2d_recurrent/datasets/exponax_datasets/t20/generalizability/dim2d_nx256_N10_solver=exponax_nu0.000_t20.0_test_ntimepoints21_NegLogGRF_rq_length_scale0.200_variance1.000_alpha0.750_exp_factor2.500_vmax1_vmin0_batch0_all_frames.pt
  2857. /blue/shiboli.fsu/yifeisun.umich/adversarial_robustness_FNO/2D_NS_FNO2d_recurrent/datasets/exponax_datasets/t20/generalizability/dim2d_nx256_N10_solver=exponax_nu0.000_t20.0_test_ntimepoints21_NegLogGRF_rq_length_scale0.200_variance1.000_alpha1.000_exp_factor2.500_vmax-1_vmin-1.5_batch0_all_frames.pt
  2858. /blue/shiboli.fsu/yifeisun.umich/adversarial_robustness_FNO/2D_NS_FNO2d_recurrent/datasets/exponax_datasets/t20/generalizability/dim2d_nx256_N10_solver=exponax_nu0.000_t20.0_test_ntimepoints21_NegLogGRF_rq_length_scale0.200_variance1.000_alpha1.000_exp_factor2.500_vmax0.4_vmin-0.4_batch0_all_frames.pt
  2859. /blue/shiboli.fsu/yifeisun.umich/adversarial_robustness_FNO/2D_NS_FNO2d_recurrent/datasets/exponax_datasets/t20/generalizability/dim2d_nx256_N10_solver=exponax_nu0.000_t20.0_test_ntimepoints21_NegLogGRF_rq_length_scale0.200_variance1.000_alpha1.000_exp_factor2.500_vmax0_vmin-1_batch0_all_frames.pt
  2860. /blue/shiboli.fsu/yifeisun.umich/adversarial_robustness_FNO/2D_NS_FNO2d_recurrent/datasets/exponax_datasets/t20/generalizability/dim2d_nx256_N10_solver=exponax_nu0.000_t20.0_test_ntimepoints21_NegLogGRF_rq_length_scale0.200_variance1.000_alpha1.000_exp_factor2.500_vmax1.5_vmin1_batch0_all_frames.pt
  2861. /blue/shiboli.fsu/yifeisun.umich/adversarial_robustness_FNO/2D_NS_FNO2d_recurrent/datasets/exponax_datasets/t20/generalizability/dim2d_nx256_N10_solver=exponax_nu0.000_t20.0_test_ntimepoints21_NegLogGRF_rq_length_scale0.200_variance1.000_alpha1.000_exp_factor2.500_vmax1_vmin-1_batch0_all_frames.pt
  2862. /blue/shiboli.fsu/yifeisun.umich/adversarial_robustness_FNO/2D_NS_FNO2d_recurrent/datasets/exponax_datasets/t20/generalizability/dim2d_nx256_N10_solver=exponax_nu0.000_t20.0_test_ntimepoints21_NegLogGRF_rq_length_scale0.200_variance1.000_alpha1.000_exp_factor2.500_vmax1_vmin0_batch0_all_frames.pt
  2863. /blue/shiboli.fsu/yifeisun.umich/adversarial_robustness_FNO/2D_NS_FNO2d_recurrent/datasets/exponax_datasets/t20/generalizability/dim2d_nx256_N10_solver=exponax_nu0.000_t20.0_test_ntimepoints21_NegLogGRF_rq_length_scale0.200_variance1.000_alpha1.500_exp_factor2.500_vmax-1_vmin-1.5_batch0_all_frames.pt
  2864. /blue/shiboli.fsu/yifeisun.umich/adversarial_robustness_FNO/2D_NS_FNO2d_recurrent/datasets/exponax_datasets/t20/generalizability/dim2d_nx256_N10_solver=exponax_nu0.000_t20.0_test_ntimepoints21_NegLogGRF_rq_length_scale0.200_variance1.000_alpha1.500_exp_factor2.500_vmax0.4_vmin-0.4_batch0_all_frames.pt
  2865. /blue/shiboli.fsu/yifeisun.umich/adversarial_robustness_FNO/2D_NS_FNO2d_recurrent/datasets/exponax_datasets/t20/generalizability/dim2d_nx256_N10_solver=exponax_nu0.000_t20.0_test_ntimepoints21_NegLogGRF_rq_length_scale0.200_variance1.000_alpha1.500_exp_factor2.500_vmax0_vmin-1_batch0_all_frames.pt
  2866. /blue/shiboli.fsu/yifeisun.umich/adversarial_robustness_FNO/2D_NS_FNO2d_recurrent/datasets/exponax_datasets/t20/generalizability/dim2d_nx256_N10_solver=exponax_nu0.000_t20.0_test_ntimepoints21_NegLogGRF_rq_length_scale0.200_variance1.000_alpha1.500_exp_factor2.500_vmax1.5_vmin1_batch0_all_frames.pt
  2867. /blue/shiboli.fsu/yifeisun.umich/adversarial_robustness_FNO/2D_NS_FNO2d_recurrent/datasets/exponax_datasets/t20/generalizability/dim2d_nx256_N10_solver=exponax_nu0.000_t20.0_test_ntimepoints21_NegLogGRF_rq_length_scale0.200_variance1.000_alpha1.500_exp_factor2.500_vmax1_vmin-1_batch0_all_frames.pt
  2868. /blue/shiboli.fsu/yifeisun.umich/adversarial_robustness_FNO/2D_NS_FNO2d_recurrent/datasets/exponax_datasets/t20/generalizability/dim2d_nx256_N10_solver=exponax_nu0.000_t20.0_test_ntimepoints21_NegLogGRF_rq_length_scale0.200_variance1.000_alpha1.500_exp_factor2.500_vmax1_vmin0_batch0_all_frames.pt
  2869. /blue/shiboli.fsu/yifeisun.umich/adversarial_robustness_FNO/2D_NS_FNO2d_recurrent/datasets/exponax_datasets/t20/generalizability/dim2d_nx256_N10_solver=exponax_nu0.000_t20.0_test_ntimepoints21_NegLogGRF_rq_length_scale0.200_variance1.000_alpha1.700_exp_factor2.500_vmax-1_vmin-1.5_batch0_all_frames.pt
  2870. /blue/shiboli.fsu/yifeisun.umich/adversarial_robustness_FNO/2D_NS_FNO2d_recurrent/datasets/exponax_datasets/t20/generalizability/dim2d_nx256_N10_solver=exponax_nu0.000_t20.0_test_ntimepoints21_NegLogGRF_rq_length_scale0.200_variance1.000_alpha1.700_exp_factor2.500_vmax0.4_vmin-0.4_batch0_all_frames.pt
  2871. /blue/shiboli.fsu/yifeisun.umich/adversarial_robustness_FNO/2D_NS_FNO2d_recurrent/datasets/exponax_datasets/t20/generalizability/dim2d_nx256_N10_solver=exponax_nu0.000_t20.0_test_ntimepoints21_NegLogGRF_rq_length_scale0.200_variance1.000_alpha1.700_exp_factor2.500_vmax0_vmin-1_batch0_all_frames.pt
  2872. /blue/shiboli.fsu/yifeisun.umich/adversarial_robustness_FNO/2D_NS_FNO2d_recurrent/datasets/exponax_datasets/t20/generalizability/dim2d_nx256_N10_solver=exponax_nu0.000_t20.0_test_ntimepoints21_NegLogGRF_rq_length_scale0.200_variance1.000_alpha1.700_exp_factor2.500_vmax1.5_vmin1_batch0_all_frames.pt
  2873. /blue/shiboli.fsu/yifeisun.umich/adversarial_robustness_FNO/2D_NS_FNO2d_recurrent/datasets/exponax_datasets/t20/generalizability/dim2d_nx256_N10_solver=exponax_nu0.000_t20.0_test_ntimepoints21_NegLogGRF_rq_length_scale0.200_variance1.000_alpha1.700_exp_factor2.500_vmax1_vmin-1_batch0_all_frames.pt
  2874. /blue/shiboli.fsu/yifeisun.umich/adversarial_robustness_FNO/2D_NS_FNO2d_recurrent/datasets/exponax_datasets/t20/generalizability/dim2d_nx256_N10_solver=exponax_nu0.000_t20.0_test_ntimepoints21_NegLogGRF_rq_length_scale0.200_variance1.000_alpha1.700_exp_factor2.500_vmax1_vmin0_batch0_all_frames.pt
  2875. /blue/shiboli.fsu/yifeisun.umich/adversarial_robustness_FNO/2D_NS_FNO2d_recurrent/datasets/exponax_datasets/t20/generalizability/dim2d_nx256_N10_solver=exponax_nu0.000_t20.0_test_ntimepoints21_NegLogGRF_rq_length_scale0.200_variance1.700_alpha0.750_exp_factor2.500_vmax-1_vmin-1.5_batch0_all_frames.pt
  2876. /blue/shiboli.fsu/yifeisun.umich/adversarial_robustness_FNO/2D_NS_FNO2d_recurrent/datasets/exponax_datasets/t20/generalizability/dim2d_nx256_N10_solver=exponax_nu0.000_t20.0_test_ntimepoints21_NegLogGRF_rq_length_scale0.200_variance1.700_alpha0.750_exp_factor2.500_vmax0.4_vmin-0.4_batch0_all_frames.pt
  2877. /blue/shiboli.fsu/yifeisun.umich/adversarial_robustness_FNO/2D_NS_FNO2d_recurrent/datasets/exponax_datasets/t20/generalizability/dim2d_nx256_N10_solver=exponax_nu0.000_t20.0_test_ntimepoints21_NegLogGRF_rq_length_scale0.200_variance1.700_alpha0.750_exp_factor2.500_vmax0_vmin-1_batch0_all_frames.pt
  2878. /blue/shiboli.fsu/yifeisun.umich/adversarial_robustness_FNO/2D_NS_FNO2d_recurrent/datasets/exponax_datasets/t20/generalizability/dim2d_nx256_N10_solver=exponax_nu0.000_t20.0_test_ntimepoints21_NegLogGRF_rq_length_scale0.200_variance1.700_alpha0.750_exp_factor2.500_vmax1.5_vmin1_batch0_all_frames.pt
  2879. /blue/shiboli.fsu/yifeisun.umich/adversarial_robustness_FNO/2D_NS_FNO2d_recurrent/datasets/exponax_datasets/t20/generalizability/dim2d_nx256_N10_solver=exponax_nu0.000_t20.0_test_ntimepoints21_NegLogGRF_rq_length_scale0.200_variance1.700_alpha0.750_exp_factor2.500_vmax1_vmin-1_batch0_all_frames.pt
  2880. /blue/shiboli.fsu/yifeisun.umich/adversarial_robustness_FNO/2D_NS_FNO2d_recurrent/datasets/exponax_datasets/t20/generalizability/dim2d_nx256_N10_solver=exponax_nu0.000_t20.0_test_ntimepoints21_NegLogGRF_rq_length_scale0.200_variance1.700_alpha0.750_exp_factor2.500_vmax1_vmin0_batch0_all_frames.pt
  2881. /blue/shiboli.fsu/yifeisun.umich/adversarial_robustness_FNO/2D_NS_FNO2d_recurrent/datasets/exponax_datasets/t20/generalizability/dim2d_nx256_N10_solver=exponax_nu0.000_t20.0_test_ntimepoints21_NegLogGRF_rq_length_scale0.200_variance1.700_alpha1.000_exp_factor2.500_vmax-1_vmin-1.5_batch0_all_frames.pt
  2882. /blue/shiboli.fsu/yifeisun.umich/adversarial_robustness_FNO/2D_NS_FNO2d_recurrent/datasets/exponax_datasets/t20/generalizability/dim2d_nx256_N10_solver=exponax_nu0.000_t20.0_test_ntimepoints21_NegLogGRF_rq_length_scale0.200_variance1.700_alpha1.000_exp_factor2.500_vmax0.4_vmin-0.4_batch0_all_frames.pt
  2883. /blue/shiboli.fsu/yifeisun.umich/adversarial_robustness_FNO/2D_NS_FNO2d_recurrent/datasets/exponax_datasets/t20/generalizability/dim2d_nx256_N10_solver=exponax_nu0.000_t20.0_test_ntimepoints21_NegLogGRF_rq_length_scale0.200_variance1.700_alpha1.000_exp_factor2.500_vmax0_vmin-1_batch0_all_frames.pt
  2884. /blue/shiboli.fsu/yifeisun.umich/adversarial_robustness_FNO/2D_NS_FNO2d_recurrent/datasets/exponax_datasets/t20/generalizability/dim2d_nx256_N10_solver=exponax_nu0.000_t20.0_test_ntimepoints21_NegLogGRF_rq_length_scale0.200_variance1.700_alpha1.000_exp_factor2.500_vmax1.5_vmin1_batch0_all_frames.pt
  2885. /blue/shiboli.fsu/yifeisun.umich/adversarial_robustness_FNO/2D_NS_FNO2d_recurrent/datasets/exponax_datasets/t20/generalizability/dim2d_nx256_N10_solver=exponax_nu0.000_t20.0_test_ntimepoints21_NegLogGRF_rq_length_scale0.200_variance1.700_alpha1.000_exp_factor2.500_vmax1_vmin-1_batch0_all_frames.pt
  2886. /blue/shiboli.fsu/yifeisun.umich/adversarial_robustness_FNO/2D_NS_FNO2d_recurrent/datasets/exponax_datasets/t20/generalizability/dim2d_nx256_N10_solver=exponax_nu0.000_t20.0_test_ntimepoints21_NegLogGRF_rq_length_scale0.200_variance1.700_alpha1.000_exp_factor2.500_vmax1_vmin0_batch0_all_frames.pt
  2887. /blue/shiboli.fsu/yifeisun.umich/adversarial_robustness_FNO/2D_NS_FNO2d_recurrent/datasets/exponax_datasets/t20/generalizability/dim2d_nx256_N10_solver=exponax_nu0.000_t20.0_test_ntimepoints21_NegLogGRF_rq_length_scale0.200_variance1.700_alpha1.500_exp_factor2.500_vmax-1_vmin-1.5_batch0_all_frames.pt
  2888. /blue/shiboli.fsu/yifeisun.umich/adversarial_robustness_FNO/2D_NS_FNO2d_recurrent/datasets/exponax_datasets/t20/generalizability/dim2d_nx256_N10_solver=exponax_nu0.000_t20.0_test_ntimepoints21_NegLogGRF_rq_length_scale0.200_variance1.700_alpha1.500_exp_factor2.500_vmax0.4_vmin-0.4_batch0_all_frames.pt
  2889. /blue/shiboli.fsu/yifeisun.umich/adversarial_robustness_FNO/2D_NS_FNO2d_recurrent/datasets/exponax_datasets/t20/generalizability/dim2d_nx256_N10_solver=exponax_nu0.000_t20.0_test_ntimepoints21_NegLogGRF_rq_length_scale0.200_variance1.700_alpha1.500_exp_factor2.500_vmax0_vmin-1_batch0_all_frames.pt
  2890. /blue/shiboli.fsu/yifeisun.umich/adversarial_robustness_FNO/2D_NS_FNO2d_recurrent/datasets/exponax_datasets/t20/generalizability/dim2d_nx256_N10_solver=exponax_nu0.000_t20.0_test_ntimepoints21_NegLogGRF_rq_length_scale0.200_variance1.700_alpha1.500_exp_factor2.500_vmax1.5_vmin1_batch0_all_frames.pt
  2891. /blue/shiboli.fsu/yifeisun.umich/adversarial_robustness_FNO/2D_NS_FNO2d_recurrent/datasets/exponax_datasets/t20/generalizability/dim2d_nx256_N10_solver=exponax_nu0.000_t20.0_test_ntimepoints21_NegLogGRF_rq_length_scale0.200_variance1.700_alpha1.500_exp_factor2.500_vmax1_vmin-1_batch0_all_frames.pt
  2892. /blue/shiboli.fsu/yifeisun.umich/adversarial_robustness_FNO/2D_NS_FNO2d_recurrent/datasets/exponax_datasets/t20/generalizability/dim2d_nx256_N10_solver=exponax_nu0.000_t20.0_test_ntimepoints21_NegLogGRF_rq_length_scale0.200_variance1.700_alpha1.500_exp_factor2.500_vmax1_vmin0_batch0_all_frames.pt
  2893. /blue/shiboli.fsu/yifeisun.umich/adversarial_robustness_FNO/2D_NS_FNO2d_recurrent/datasets/exponax_datasets/t20/generalizability/dim2d_nx256_N10_solver=exponax_nu0.000_t20.0_test_ntimepoints21_NegLogGRF_rq_length_scale0.200_variance1.700_alpha1.700_exp_factor2.500_vmax-1_vmin-1.5_batch0_all_frames.pt
  2894. /blue/shiboli.fsu/yifeisun.umich/adversarial_robustness_FNO/2D_NS_FNO2d_recurrent/datasets/exponax_datasets/t20/generalizability/dim2d_nx256_N10_solver=exponax_nu0.000_t20.0_test_ntimepoints21_NegLogGRF_rq_length_scale0.200_variance1.700_alpha1.700_exp_factor2.500_vmax0.4_vmin-0.4_batch0_all_frames.pt
  2895. /blue/shiboli.fsu/yifeisun.umich/adversarial_robustness_FNO/2D_NS_FNO2d_recurrent/datasets/exponax_datasets/t20/generalizability/dim2d_nx256_N10_solver=exponax_nu0.000_t20.0_test_ntimepoints21_NegLogGRF_rq_length_scale0.200_variance1.700_alpha1.700_exp_factor2.500_vmax0_vmin-1_batch0_all_frames.pt
  2896. /blue/shiboli.fsu/yifeisun.umich/adversarial_robustness_FNO/2D_NS_FNO2d_recurrent/datasets/exponax_datasets/t20/generalizability/dim2d_nx256_N10_solver=exponax_nu0.000_t20.0_test_ntimepoints21_NegLogGRF_rq_length_scale0.200_variance1.700_alpha1.700_exp_factor2.500_vmax1.5_vmin1_batch0_all_frames.pt
  2897. /blue/shiboli.fsu/yifeisun.umich/adversarial_robustness_FNO/2D_NS_FNO2d_recurrent/datasets/exponax_datasets/t20/generalizability/dim2d_nx256_N10_solver=exponax_nu0.000_t20.0_test_ntimepoints21_NegLogGRF_rq_length_scale0.200_variance1.700_alpha1.700_exp_factor2.500_vmax1_vmin-1_batch0_all_frames.pt
  2898. /blue/shiboli.fsu/yifeisun.umich/adversarial_robustness_FNO/2D_NS_FNO2d_recurrent/datasets/exponax_datasets/t20/generalizability/dim2d_nx256_N10_solver=exponax_nu0.000_t20.0_test_ntimepoints21_NegLogGRF_rq_length_scale0.200_variance1.700_alpha1.700_exp_factor2.500_vmax1_vmin0_batch0_all_frames.pt
  2899. /blue/shiboli.fsu/yifeisun.umich/adversarial_robustness_FNO/2D_NS_FNO2d_recurrent/datasets/exponax_datasets/t20/old_test/dim2d_nx256_N50_solver=exponax_nu0.000_t20.0_test_all_frames.pt

[PROCESS 1/2899] /blue/shiboli.fsu/yifeisun.umich/adversarial_robustness_FNO/2D_NS_FNO2d_recurrent/datasets/expanded_exponax_datasets/t20/N=1150/dim2d_nx256_N1150_solver=exponax_nu0.000_t20.0_train_all_frames_modespec=wwwwwwwwww_norm2_alpha10_epsilon13.1072_steps10.pt
[sanity] dim2d_nx256_N1150_solver=exponax_nu0.000_t20.0_train_all_frames_modespec=wwwwwwwwww_norm2_alpha10_epsilon13.1072_steps10.pt  y shape=(1150, 256, 256, 21)  (expect (N,H,W,T))
[sanity] samples per cell across records (N) = 1150
[sanity] frame 0: mean(all)= -0.000250145, std(all)= 0.294219
[sanity] max|y[...,0]-x| = 0
[sanity] frame 19: mean(all)= -0.000250143, std(all)= 1.72585
  [DONE 1/2899] elapsed: 0:00:40.082

[PROCESS 2/2899] /blue/shiboli.fsu/yifeisun.umich/adversarial_robustness_FNO/2D_NS_FNO2d_recurrent/datasets/expanded_exponax_datasets/t20/N=1150/dim2d_nx256_N1150_solver=exponax_nu0.000_t20.0_train_all_frames_modespec=wwwwwwwwww_norm2_alpha10_epsilon39.3216_steps10.pt
[sanity] dim2d_nx256_N1150_solver=exponax_nu0.000_t20.0_train_all_frames_modespec=wwwwwwwwww_norm2_alpha10_epsilon39.3216_steps10.pt  y shape=(1150, 256, 256, 21)  (expect (N,H,W,T))
[sanity] samples per cell across records (N) = 1150
[sanity] frame 0: mean(all)= -0.000893196, std(all)= 0.350165
[sanity] max|y[...,0]-x| = 0
[sanity] frame 19: mean(all)= -0.000893196, std(all)= 1.68844
  [DONE 2/2899] elapsed: 0:00:37.622

[PROCESS 3/2899] /blue/shiboli.fsu/yifeisun.umich/adversarial_robustness_FNO/2D_NS_FNO2d_recurrent/datasets/expanded_exponax_datasets/t20/N=1150/dim2d_nx256_N1150_solver=exponax_nu0.000_t20.0_train_all_frames_modespec=wwwwwwwwww_norm2_alpha10_epsilon78.6432_steps10.pt
[sanity] dim2d_nx256_N1150_solver=exponax_nu0.000_t20.0_train_all_frames_modespec=wwwwwwwwww_norm2_alpha10_epsilon78.6432_steps10.pt  y shape=(1150, 256, 256, 21)  (expect (N,H,W,T))
[sanity] samples per cell across records (N) = 1150
[sanity] frame 0: mean(all)= -0.00163826, std(all)= 0.448382
[sanity] max|y[...,0]-x| = 0
[sanity] frame 19: mean(all)= -0.00163825, std(all)= 1.67094
  [DONE 3/2899] elapsed: 0:00:37.771

[PROCESS 4/2899] /blue/shiboli.fsu/yifeisun.umich/adversarial_robustness_FNO/2D_NS_FNO2d_recurrent/datasets/expanded_exponax_datasets/t20/N=1150/dim2d_nx256_N1150_solver=exponax_nu0.000_t20.0_train_all_frames_modespec=wwwwwwwwww_norm2_alpha1_epsilon13.1072_steps10.pt
[sanity] dim2d_nx256_N1150_solver=exponax_nu0.000_t20.0_train_all_frames_modespec=wwwwwwwwww_norm2_alpha1_epsilon13.1072_steps10.pt  y shape=(1150, 256, 256, 21)  (expect (N,H,W,T))
[sanity] samples per cell across records (N) = 1150
[sanity] frame 0: mean(all)= 7.31663e-05, std(all)= 0.289128
[sanity] max|y[...,0]-x| = 0
[sanity] frame 19: mean(all)= 7.31638e-05, std(all)= 1.73328
  [DONE 4/2899] elapsed: 0:00:38.463

[PROCESS 5/2899] /blue/shiboli.fsu/yifeisun.umich/adversarial_robustness_FNO/2D_NS_FNO2d_recurrent/datasets/expanded_exponax_datasets/t20/N=1150/dim2d_nx256_N1150_solver=exponax_nu0.000_t20.0_train_all_frames_modespec=wwwwwwwwww_norm2_alpha1_epsilon39.3216_steps10.pt
[sanity] dim2d_nx256_N1150_solver=exponax_nu0.000_t20.0_train_all_frames_modespec=wwwwwwwwww_norm2_alpha1_epsilon39.3216_steps10.pt  y shape=(1150, 256, 256, 21)  (expect (N,H,W,T))
[sanity] samples per cell across records (N) = 1150
[sanity] frame 0: mean(all)= 7.31663e-05, std(all)= 0.289128
[sanity] max|y[...,0]-x| = 0
[sanity] frame 19: mean(all)= 7.31638e-05, std(all)= 1.73328
  [DONE 5/2899] elapsed: 0:00:38.615

[PROCESS 6/2899] /blue/shiboli.fsu/yifeisun.umich/adversarial_robustness_FNO/2D_NS_FNO2d_recurrent/datasets/expanded_exponax_datasets/t20/N=1150/dim2d_nx256_N1150_solver=exponax_nu0.000_t20.0_train_all_frames_modespec=wwwwwwwwww_norm2_alpha1_epsilon78.6432_steps10.pt
[sanity] dim2d_nx256_N1150_solver=exponax_nu0.000_t20.0_train_all_frames_modespec=wwwwwwwwww_norm2_alpha1_epsilon78.6432_steps10.pt  y shape=(1150, 256, 256, 21)  (expect (N,H,W,T))
[sanity] samples per cell across records (N) = 1150
[sanity] frame 0: mean(all)= 7.31663e-05, std(all)= 0.289128
[sanity] max|y[...,0]-x| = 0
[sanity] frame 19: mean(all)= 7.31638e-05, std(all)= 1.73328
  [DONE 6/2899] elapsed: 0:00:38.791

[PROCESS 7/2899] /blue/shiboli.fsu/yifeisun.umich/adversarial_robustness_FNO/2D_NS_FNO2d_recurrent/datasets/expanded_exponax_datasets/t20/N=1150/dim2d_nx256_N1150_solver=exponax_nu0.000_t20.0_train_all_frames_modespec=wwwwwwwwww_norm2_alpha2.5_epsilon13.1072_steps10.pt
[sanity] dim2d_nx256_N1150_solver=exponax_nu0.000_t20.0_train_all_frames_modespec=wwwwwwwwww_norm2_alpha2.5_epsilon13.1072_steps10.pt  y shape=(1150, 256, 256, 21)  (expect (N,H,W,T))
[sanity] samples per cell across records (N) = 1150
[sanity] frame 0: mean(all)= 4.74232e-05, std(all)= 0.295481
[sanity] max|y[...,0]-x| = 0
[sanity] frame 19: mean(all)= 4.74205e-05, std(all)= 1.72855
  [DONE 7/2899] elapsed: 0:00:38.362

[PROCESS 8/2899] /blue/shiboli.fsu/yifeisun.umich/adversarial_robustness_FNO/2D_NS_FNO2d_recurrent/datasets/expanded_exponax_datasets/t20/N=1150/dim2d_nx256_N1150_solver=exponax_nu0.000_t20.0_train_all_frames_modespec=wwwwwwwwww_norm2_alpha2.5_epsilon39.3216_steps10.pt
[sanity] dim2d_nx256_N1150_solver=exponax_nu0.000_t20.0_train_all_frames_modespec=wwwwwwwwww_norm2_alpha2.5_epsilon39.3216_steps10.pt  y shape=(1150, 256, 256, 21)  (expect (N,H,W,T))
[sanity] samples per cell across records (N) = 1150
[sanity] frame 0: mean(all)= 7.92515e-05, std(all)= 0.30826
[sanity] max|y[...,0]-x| = 0
[sanity] frame 19: mean(all)= 7.92535e-05, std(all)= 1.71495
  [DONE 8/2899] elapsed: 0:00:37.869

[PROCESS 9/2899] /blue/shiboli.fsu/yifeisun.umich/adversarial_robustness_FNO/2D_NS_FNO2d_recurrent/datasets/expanded_exponax_datasets/t20/N=1150/dim2d_nx256_N1150_solver=exponax_nu0.000_t20.0_train_all_frames_modespec=wwwwwwwwww_norm2_alpha2.5_epsilon78.6432_steps10.pt
[sanity] dim2d_nx256_N1150_solver=exponax_nu0.000_t20.0_train_all_frames_modespec=wwwwwwwwww_norm2_alpha2.5_epsilon78.6432_steps10.pt  y shape=(1150, 256, 256, 21)  (expect (N,H,W,T))
[sanity] samples per cell across records (N) = 1150
[sanity] frame 0: mean(all)= 7.92515e-05, std(all)= 0.30826
[sanity] max|y[...,0]-x| = 0
[sanity] frame 19: mean(all)= 7.92535e-05, std(all)= 1.71495
  [DONE 9/2899] elapsed: 0:00:38.751

[PROCESS 10/2899] /blue/shiboli.fsu/yifeisun.umich/adversarial_robustness_FNO/2D_NS_FNO2d_recurrent/datasets/expanded_exponax_datasets/t20/N=1150/dim2d_nx256_N1150_solver=exponax_nu0.000_t20.0_train_all_frames_modespec=wwwwwwwwww_norm2_alpha50_epsilon13.1072_steps10.pt
[sanity] dim2d_nx256_N1150_solver=exponax_nu0.000_t20.0_train_all_frames_modespec=wwwwwwwwww_norm2_alpha50_epsilon13.1072_steps10.pt  y shape=(1150, 256, 256, 21)  (expect (N,H,W,T))
[sanity] samples per cell across records (N) = 1150
[sanity] frame 0: mean(all)= -0.000229491, std(all)= 0.294173
[sanity] max|y[...,0]-x| = 0
[sanity] frame 19: mean(all)= -0.000229491, std(all)= 1.72268
  [DONE 10/2899] elapsed: 0:00:38.018

[PROCESS 11/2899] /blue/shiboli.fsu/yifeisun.umich/adversarial_robustness_FNO/2D_NS_FNO2d_recurrent/datasets/expanded_exponax_datasets/t20/N=1150/dim2d_nx256_N1150_solver=exponax_nu0.000_t20.0_train_all_frames_modespec=wwwwwwwwww_norm2_alpha50_epsilon39.3216_steps10.pt
[sanity] dim2d_nx256_N1150_solver=exponax_nu0.000_t20.0_train_all_frames_modespec=wwwwwwwwww_norm2_alpha50_epsilon39.3216_steps10.pt  y shape=(1150, 256, 256, 21)  (expect (N,H,W,T))
[sanity] samples per cell across records (N) = 1150
[sanity] frame 0: mean(all)= -0.00201245, std(all)= 0.352217
[sanity] max|y[...,0]-x| = 0
[sanity] frame 19: mean(all)= -0.00201245, std(all)= 1.6409
