c0901a-s15.ufhpc
Wed Jul  2 09:42:46 AM EDT 2025
/blue/shiboli.fsu/yifeisun.umich/adversarial_robustness_FNO/2D_NS

======================================== 环境诊断 ========================================

[PyTorch]
Version: 2.7.0+cu128
CUDA Available: True
CUDA Version: 12.8
cuDNN Version: 90800
Current Device: 0
Device Name: NVIDIA B200
Device Memory: 178.36 GB

[JAX]
JAX Version: 0.6.0
JAXlib Version: 0.6.0
JAX Backend: gpu
JAX Devices Error: module 'jax.lib.xla_bridge' has no attribute 'devices'

[CUDA/cuDNN System Info]
nvcc not found

[GPU Details]
Device 0: NVIDIA B200
  Compute Capability: 10.0
  Total Memory: 178.36 GB
  Multiprocessors: 148
GPU Details Error: 'torch._C._CudaDeviceProperties' object has no attribute 'max_threads_per_block'

[Compatibility Warnings]
======================================== 诊断结束 ========================================

================================================================================
norm: 2, epsilon: 6553.6, alpha: 5.0, num_steps: 100
x_adv.shape:  torch.Size([256, 256])

[Step 0] ============ 详细性能分析 ============
[模型部分] 总时间: 34.561034s | 显存: 4.12 GB

[0-9秒 PDE求解详细性能]
  t=0s - 时间: 0.000000s | 显存: 0.00 B
  t=1s - 时间: 8.529115s | 显存: 0.00 B
  t=2s - 时间: 0.507673s | 显存: 0.00 B
  t=3s - 时间: 0.560672s | 显存: 0.00 B
  t=4s - 时间: 0.652519s | 显存: 0.00 B
  t=5s - 时间: 0.725642s | 显存: 0.00 B
  t=6s - 时间: 0.811732s | 显存: 0.00 B
  t=7s - 时间: 0.925971s | 显存: 0.00 B
  t=8s - 时间: 1.009197s | 显存: 0.00 B
  t=9s - 时间: 1.093543s | 显存: 0.00 B

[19秒 PDE求解]
  t=19.0s - 时间: 1.886651s | 显存: 0.00 B

[PDE求解部分] 总时间: 1.886889s | 显存: 0.00 B

[本步骤总计] 时间: 36.447923s | 显存: 4.12 GB
orginal_loss:  tensor(2874.2017, device='cuda:0', grad_fn=<MseLossBackward0>)
[Step 0] Backward Propagation - Time: 26.1794s, Mem: -4405592064.00 B
x_adv.requires_grad:  True
pred_19.requires_grad, true_19.requires_grad:  True True
Autograd grad max:  tensor(5.5374, device='cuda:0')
Autograd grad min:  tensor(-6.3897, device='cuda:0')
Autograd grad mean:  tensor(0.2062, device='cuda:0')
[Step 0] PGD Update - Time: 0.6253s, Mem: 513.00 KB

[Step 0] 完整步骤总时间: 70.234076s | 总显存: 20.41 MB
[Step 0] 峰值显存: 6.21 GB

[Step 1] ============ 详细性能分析 ============
[模型部分] 总时间: 6.465689s | 显存: 4.12 GB

[0-9秒 PDE求解详细性能]
  t=0s - 时间: 0.000000s | 显存: 0.00 B
  t=1s - 时间: 0.409590s | 显存: 0.00 B
  t=2s - 时间: 0.462057s | 显存: 0.00 B
  t=3s - 时间: 0.529808s | 显存: 0.00 B
  t=4s - 时间: 0.629502s | 显存: 0.00 B
  t=5s - 时间: 0.701081s | 显存: 0.00 B
  t=6s - 时间: 0.779356s | 显存: 0.00 B
  t=7s - 时间: 0.873659s | 显存: 0.00 B
  t=8s - 时间: 0.988566s | 显存: 0.00 B
  t=9s - 时间: 1.071110s | 显存: 0.00 B

[19秒 PDE求解]
  t=19.0s - 时间: 1.856288s | 显存: 0.00 B

[PDE求解部分] 总时间: 1.856586s | 显存: 0.00 B

[本步骤总计] 时间: 8.322275s | 显存: 4.12 GB
orginal_loss:  tensor(4909.8740, device='cuda:0', grad_fn=<MseLossBackward0>)
[Step 1] Backward Propagation - Time: 21.4155s, Mem: -4414291968.00 B
x_adv.requires_grad:  True
pred_19.requires_grad, true_19.requires_grad:  True True
Autograd grad max:  tensor(13.5077, device='cuda:0')
Autograd grad min:  tensor(-13.1833, device='cuda:0')
Autograd grad mean:  tensor(0.3434, device='cuda:0')
[Step 1] PGD Update - Time: 0.0013s, Mem: 0.00 B

[Step 1] 完整步骤总时间: 29.744017s | 总显存: -524288.00 B
[Step 1] 峰值显存: 6.22 GB

[Step 2] ============ 详细性能分析 ============
[模型部分] 总时间: 6.572053s | 显存: 4.12 GB

[0-9秒 PDE求解详细性能]
  t=0s - 时间: 0.000000s | 显存: 0.00 B
  t=1s - 时间: 0.392522s | 显存: 0.00 B
  t=2s - 时间: 0.507666s | 显存: 0.00 B
  t=3s - 时间: 0.582977s | 显存: 0.00 B
  t=4s - 时间: 0.638684s | 显存: 0.00 B
  t=5s - 时间: 0.728958s | 显存: 0.00 B
  t=6s - 时间: 0.803353s | 显存: 0.00 B
  t=7s - 时间: 0.885384s | 显存: 0.00 B
  t=8s - 时间: 0.971313s | 显存: 0.00 B
  t=9s - 时间: 1.040060s | 显存: 0.00 B

[19秒 PDE求解]
  t=19.0s - 时间: 1.843274s | 显存: 0.00 B

[PDE求解部分] 总时间: 1.843555s | 显存: 0.00 B

[本步骤总计] 时间: 8.415608s | 显存: 4.12 GB
orginal_loss:  tensor(8897.0117, device='cuda:0', grad_fn=<MseLossBackward0>)
[Step 2] Backward Propagation - Time: 21.4440s, Mem: -4416135168.00 B
x_adv.requires_grad:  True
pred_19.requires_grad, true_19.requires_grad:  True True
Autograd grad max:  tensor(18.4677, device='cuda:0')
Autograd grad min:  tensor(-21.1761, device='cuda:0')
Autograd grad mean:  tensor(0.4020, device='cuda:0')
[Step 2] PGD Update - Time: 0.0013s, Mem: 0.00 B

[Step 2] 完整步骤总时间: 29.865432s | 总显存: 0.00 B
[Step 2] 峰值显存: 6.22 GB

[Step 3] ============ 详细性能分析 ============
[模型部分] 总时间: 6.303549s | 显存: 4.12 GB

[0-9秒 PDE求解详细性能]
  t=0s - 时间: 0.000000s | 显存: 0.00 B
  t=1s - 时间: 0.386828s | 显存: 0.00 B
  t=2s - 时间: 0.446050s | 显存: 0.00 B
  t=3s - 时间: 0.531732s | 显存: 0.00 B
  t=4s - 时间: 0.603788s | 显存: 0.00 B
  t=5s - 时间: 0.696367s | 显存: 0.00 B
  t=6s - 时间: 0.783705s | 显存: 0.00 B
  t=7s - 时间: 0.862473s | 显存: 0.00 B
  t=8s - 时间: 0.941058s | 显存: 0.00 B
  t=9s - 时间: 1.030444s | 显存: 0.00 B

[19秒 PDE求解]
  t=19.0s - 时间: 1.852863s | 显存: 0.00 B

[PDE求解部分] 总时间: 1.853146s | 显存: 0.00 B

[本步骤总计] 时间: 8.156695s | 显存: 4.12 GB
orginal_loss:  tensor(14124.9395, device='cuda:0', grad_fn=<MseLossBackward0>)
[Step 3] Backward Propagation - Time: 21.3223s, Mem: -4416135168.00 B
x_adv.requires_grad:  True
pred_19.requires_grad, true_19.requires_grad:  True True
Autograd grad max:  tensor(28.7537, device='cuda:0')
Autograd grad min:  tensor(-25.9679, device='cuda:0')
Autograd grad mean:  tensor(0.3954, device='cuda:0')
[Step 3] PGD Update - Time: 0.0013s, Mem: 0.00 B

[Step 3] 完整步骤总时间: 29.485402s | 总显存: 0.00 B
[Step 3] 峰值显存: 6.22 GB

[Step 4] ============ 详细性能分析 ============
[模型部分] 总时间: 6.657581s | 显存: 4.12 GB

[0-9秒 PDE求解详细性能]
  t=0s - 时间: 0.000000s | 显存: 0.00 B
  t=1s - 时间: 0.414828s | 显存: 0.00 B
  t=2s - 时间: 0.489928s | 显存: 0.00 B
  t=3s - 时间: 0.565950s | 显存: 0.00 B
  t=4s - 时间: 0.659495s | 显存: 0.00 B
  t=5s - 时间: 0.735390s | 显存: 0.00 B
  t=6s - 时间: 0.823111s | 显存: 0.00 B
  t=7s - 时间: 0.902366s | 显存: 0.00 B
  t=8s - 时间: 0.985290s | 显存: 0.00 B
  t=9s - 时间: 1.059803s | 显存: 0.00 B

[19秒 PDE求解]
  t=19.0s - 时间: 1.837640s | 显存: 0.00 B

[PDE求解部分] 总时间: 1.837908s | 显存: 0.00 B

[本步骤总计] 时间: 8.495489s | 显存: 4.12 GB
orginal_loss:  tensor(18851.9609, device='cuda:0', grad_fn=<MseLossBackward0>)
[Step 4] Backward Propagation - Time: 21.3316s, Mem: -4416135168.00 B
x_adv.requires_grad:  True
pred_19.requires_grad, true_19.requires_grad:  True True
Autograd grad max:  tensor(30.8077, device='cuda:0')
Autograd grad min:  tensor(-35.3504, device='cuda:0')
Autograd grad mean:  tensor(0.5493, device='cuda:0')
[Step 4] PGD Update - Time: 0.0013s, Mem: 0.00 B

[Step 4] 完整步骤总时间: 29.833663s | 总显存: 0.00 B
[Step 4] 峰值显存: 6.22 GB

[Step 5] ============ 详细性能分析 ============
[模型部分] 总时间: 6.649681s | 显存: 4.12 GB

[0-9秒 PDE求解详细性能]
  t=0s - 时间: 0.000000s | 显存: 0.00 B
  t=1s - 时间: 0.412829s | 显存: 0.00 B
  t=2s - 时间: 0.484637s | 显存: 0.00 B
  t=3s - 时间: 0.575613s | 显存: 0.00 B
  t=4s - 时间: 0.654438s | 显存: 0.00 B
  t=5s - 时间: 0.739585s | 显存: 0.00 B
  t=6s - 时间: 0.820783s | 显存: 0.00 B
  t=7s - 时间: 0.905026s | 显存: 0.00 B
  t=8s - 时间: 0.987073s | 显存: 0.00 B
  t=9s - 时间: 1.048373s | 显存: 0.00 B

[19秒 PDE求解]
  t=19.0s - 时间: 1.859737s | 显存: 0.00 B

[PDE求解部分] 总时间: 1.860006s | 显存: 0.00 B

[本步骤总计] 时间: 8.509688s | 显存: 4.12 GB
orginal_loss:  tensor(21684.1113, device='cuda:0', grad_fn=<MseLossBackward0>)
[Step 5] Backward Propagation - Time: 21.3641s, Mem: -4416135168.00 B
x_adv.requires_grad:  True
pred_19.requires_grad, true_19.requires_grad:  True True
Autograd grad max:  tensor(30.3658, device='cuda:0')
Autograd grad min:  tensor(-36.6242, device='cuda:0')
Autograd grad mean:  tensor(0.4915, device='cuda:0')
[Step 5] PGD Update - Time: 0.0013s, Mem: 0.00 B

[Step 5] 完整步骤总时间: 29.879532s | 总显存: 0.00 B
[Step 5] 峰值显存: 6.22 GB

[Step 6] ============ 详细性能分析 ============
[模型部分] 总时间: 6.645599s | 显存: 4.12 GB

[0-9秒 PDE求解详细性能]
  t=0s - 时间: 0.000000s | 显存: 0.00 B
  t=1s - 时间: 0.422424s | 显存: 0.00 B
  t=2s - 时间: 0.489462s | 显存: 0.00 B
  t=3s - 时间: 0.576844s | 显存: 0.00 B
  t=4s - 时间: 0.651435s | 显存: 0.00 B
  t=5s - 时间: 0.729960s | 显存: 0.00 B
  t=6s - 时间: 0.811493s | 显存: 0.00 B
  t=7s - 时间: 0.905190s | 显存: 0.00 B
  t=8s - 时间: 0.969605s | 显存: 0.00 B
  t=9s - 时间: 1.067933s | 显存: 0.00 B

[19秒 PDE求解]
  t=19.0s - 时间: 1.837236s | 显存: 0.00 B

[PDE求解部分] 总时间: 1.837548s | 显存: 0.00 B

[本步骤总计] 时间: 8.483147s | 显存: 4.12 GB
orginal_loss:  tensor(25924.4082, device='cuda:0', grad_fn=<MseLossBackward0>)
[Step 6] Backward Propagation - Time: 21.2858s, Mem: -4416135168.00 B
x_adv.requires_grad:  True
pred_19.requires_grad, true_19.requires_grad:  True True
Autograd grad max:  tensor(36.7710, device='cuda:0')
Autograd grad min:  tensor(-38.6169, device='cuda:0')
Autograd grad mean:  tensor(0.6387, device='cuda:0')
[Step 6] PGD Update - Time: 0.0013s, Mem: 0.00 B

[Step 6] 完整步骤总时间: 29.775131s | 总显存: 0.00 B
[Step 6] 峰值显存: 6.22 GB

[Step 7] ============ 详细性能分析 ============
[模型部分] 总时间: 6.537367s | 显存: 4.12 GB

[0-9秒 PDE求解详细性能]
  t=0s - 时间: 0.000000s | 显存: 0.00 B
  t=1s - 时间: 0.385320s | 显存: 0.00 B
  t=2s - 时间: 0.481966s | 显存: 0.00 B
  t=3s - 时间: 0.569913s | 显存: 0.00 B
  t=4s - 时间: 0.657699s | 显存: 0.00 B
  t=5s - 时间: 0.729755s | 显存: 0.00 B
  t=6s - 时间: 0.798696s | 显存: 0.00 B
  t=7s - 时间: 0.893216s | 显存: 0.00 B
  t=8s - 时间: 0.970088s | 显存: 0.00 B
  t=9s - 时间: 1.029713s | 显存: 0.00 B

[19秒 PDE求解]
  t=19.0s - 时间: 1.870172s | 显存: 0.00 B

[PDE求解部分] 总时间: 1.870459s | 显存: 0.00 B

[本步骤总计] 时间: 8.407826s | 显存: 4.12 GB
orginal_loss:  tensor(27825.9844, device='cuda:0', grad_fn=<MseLossBackward0>)
[Step 7] Backward Propagation - Time: 21.3489s, Mem: -4416135168.00 B
x_adv.requires_grad:  True
pred_19.requires_grad, true_19.requires_grad:  True True
Autograd grad max:  tensor(30.2702, device='cuda:0')
Autograd grad min:  tensor(-40.0555, device='cuda:0')
Autograd grad mean:  tensor(0.6000, device='cuda:0')
[Step 7] PGD Update - Time: 0.0013s, Mem: 0.00 B

[Step 7] 完整步骤总时间: 29.762876s | 总显存: 0.00 B
[Step 7] 峰值显存: 6.22 GB

[Step 8] ============ 详细性能分析 ============
[模型部分] 总时间: 6.557031s | 显存: 4.12 GB

[0-9秒 PDE求解详细性能]
  t=0s - 时间: 0.000000s | 显存: 0.00 B
  t=1s - 时间: 0.425525s | 显存: 0.00 B
  t=2s - 时间: 0.498224s | 显存: 0.00 B
  t=3s - 时间: 0.559408s | 显存: 0.00 B
  t=4s - 时间: 0.624045s | 显存: 0.00 B
  t=5s - 时间: 0.731368s | 显存: 0.00 B
  t=6s - 时间: 0.819938s | 显存: 0.00 B
  t=7s - 时间: 0.906289s | 显存: 0.00 B
  t=8s - 时间: 0.949518s | 显存: 0.00 B
  t=9s - 时间: 1.021489s | 显存: 0.00 B

[19秒 PDE求解]
  t=19.0s - 时间: 1.850207s | 显存: 0.00 B

[PDE求解部分] 总时间: 1.850547s | 显存: 0.00 B

[本步骤总计] 时间: 8.407578s | 显存: 4.12 GB
orginal_loss:  tensor(31901.5859, device='cuda:0', grad_fn=<MseLossBackward0>)
[Step 8] Backward Propagation - Time: 21.6607s, Mem: -4416135168.00 B
x_adv.requires_grad:  True
pred_19.requires_grad, true_19.requires_grad:  True True
Autograd grad max:  tensor(33.7443, device='cuda:0')
Autograd grad min:  tensor(-33.7309, device='cuda:0')
Autograd grad mean:  tensor(0.7433, device='cuda:0')
[Step 8] PGD Update - Time: 0.0010s, Mem: 0.00 B

[Step 8] 完整步骤总时间: 30.074758s | 总显存: 0.00 B
[Step 8] 峰值显存: 6.22 GB

[Step 9] ============ 详细性能分析 ============
[模型部分] 总时间: 6.384952s | 显存: 4.12 GB

[0-9秒 PDE求解详细性能]
  t=0s - 时间: 0.000000s | 显存: 0.00 B
  t=1s - 时间: 0.385767s | 显存: 0.00 B
  t=2s - 时间: 0.466073s | 显存: 0.00 B
  t=3s - 时间: 0.538980s | 显存: 0.00 B
  t=4s - 时间: 0.617165s | 显存: 0.00 B
  t=5s - 时间: 0.703231s | 显存: 0.00 B
  t=6s - 时间: 0.792304s | 显存: 0.00 B
  t=7s - 时间: 0.869888s | 显存: 0.00 B
  t=8s - 时间: 0.947167s | 显存: 0.00 B
  t=9s - 时间: 1.043081s | 显存: 0.00 B

[19秒 PDE求解]
  t=19.0s - 时间: 1.850340s | 显存: 0.00 B

[PDE求解部分] 总时间: 1.850600s | 显存: 0.00 B

[本步骤总计] 时间: 8.235552s | 显存: 4.12 GB
orginal_loss:  tensor(34542.1875, device='cuda:0', grad_fn=<MseLossBackward0>)
[Step 9] Backward Propagation - Time: 21.5587s, Mem: -4416135168.00 B
x_adv.requires_grad:  True
pred_19.requires_grad, true_19.requires_grad:  True True
Autograd grad max:  tensor(30.9419, device='cuda:0')
Autograd grad min:  tensor(-42.6100, device='cuda:0')
Autograd grad mean:  tensor(0.7224, device='cuda:0')
[Step 9] PGD Update - Time: 0.0012s, Mem: 0.00 B

[Step 9] 完整步骤总时间: 29.799716s | 总显存: 0.00 B
[Step 9] 峰值显存: 6.22 GB

[Step 10] ============ 详细性能分析 ============
[模型部分] 总时间: 6.401457s | 显存: 4.12 GB

[0-9秒 PDE求解详细性能]
  t=0s - 时间: 0.000000s | 显存: 0.00 B
  t=1s - 时间: 0.394430s | 显存: 0.00 B
  t=2s - 时间: 0.466105s | 显存: 0.00 B
  t=3s - 时间: 0.544232s | 显存: 0.00 B
  t=4s - 时间: 0.642536s | 显存: 0.00 B
  t=5s - 时间: 0.706357s | 显存: 0.00 B
  t=6s - 时间: 0.785412s | 显存: 0.00 B
  t=7s - 时间: 0.853351s | 显存: 0.00 B
  t=8s - 时间: 0.952811s | 显存: 0.00 B
  t=9s - 时间: 1.035064s | 显存: 0.00 B

[19秒 PDE求解]
  t=19.0s - 时间: 1.848380s | 显存: 0.00 B

[PDE求解部分] 总时间: 1.848657s | 显存: 0.00 B

[本步骤总计] 时间: 8.250114s | 显存: 4.12 GB
orginal_loss:  tensor(38235.4844, device='cuda:0', grad_fn=<MseLossBackward0>)
[Step 10] Backward Propagation - Time: 20.9843s, Mem: -4416135168.00 B
x_adv.requires_grad:  True
pred_19.requires_grad, true_19.requires_grad:  True True
Autograd grad max:  tensor(32.7316, device='cuda:0')
Autograd grad min:  tensor(-32.7664, device='cuda:0')
Autograd grad mean:  tensor(0.8676, device='cuda:0')
[Step 10] PGD Update - Time: 0.0014s, Mem: 0.00 B

[Step 10] 完整步骤总时间: 29.240518s | 总显存: 0.00 B
[Step 10] 峰值显存: 6.22 GB

[Step 11] ============ 详细性能分析 ============
[模型部分] 总时间: 6.558970s | 显存: 4.12 GB

[0-9秒 PDE求解详细性能]
  t=0s - 时间: 0.000000s | 显存: 0.00 B
  t=1s - 时间: 0.416003s | 显存: 0.00 B
  t=2s - 时间: 0.457799s | 显存: 0.00 B
  t=3s - 时间: 0.547692s | 显存: 0.00 B
  t=4s - 时间: 0.654014s | 显存: 0.00 B
  t=5s - 时间: 0.745606s | 显存: 0.00 B
  t=6s - 时间: 0.821818s | 显存: 0.00 B
  t=7s - 时间: 0.882890s | 显存: 0.00 B
  t=8s - 时间: 0.978970s | 显存: 0.00 B
  t=9s - 时间: 1.033102s | 显存: 0.00 B

[19秒 PDE求解]
  t=19.0s - 时间: 1.885717s | 显存: 0.00 B

[PDE求解部分] 总时间: 1.886031s | 显存: 0.00 B

[本步骤总计] 时间: 8.445001s | 显存: 4.12 GB
orginal_loss:  tensor(42043.3086, device='cuda:0', grad_fn=<MseLossBackward0>)
[Step 11] Backward Propagation - Time: 21.5024s, Mem: -4416135168.00 B
x_adv.requires_grad:  True
pred_19.requires_grad, true_19.requires_grad:  True True
Autograd grad max:  tensor(31.1988, device='cuda:0')
Autograd grad min:  tensor(-37.4542, device='cuda:0')
Autograd grad mean:  tensor(0.7902, device='cuda:0')
[Step 11] PGD Update - Time: 0.0012s, Mem: 0.00 B

[Step 11] 完整步骤总时间: 29.953356s | 总显存: 0.00 B
[Step 11] 峰值显存: 6.22 GB

[Step 12] ============ 详细性能分析 ============
[模型部分] 总时间: 6.443835s | 显存: 4.12 GB

[0-9秒 PDE求解详细性能]
  t=0s - 时间: 0.000000s | 显存: 0.00 B
  t=1s - 时间: 0.386698s | 显存: 0.00 B
  t=2s - 时间: 0.455277s | 显存: 0.00 B
  t=3s - 时间: 0.538064s | 显存: 0.00 B
  t=4s - 时间: 0.650471s | 显存: 0.00 B
  t=5s - 时间: 0.733951s | 显存: 0.00 B
  t=6s - 时间: 0.792550s | 显存: 0.00 B
  t=7s - 时间: 0.861287s | 显存: 0.00 B
  t=8s - 时间: 0.954111s | 显存: 0.00 B
  t=9s - 时间: 1.050336s | 显存: 0.00 B

[19秒 PDE求解]
  t=19.0s - 时间: 1.850062s | 显存: 0.00 B

[PDE求解部分] 总时间: 1.850341s | 显存: 0.00 B

[本步骤总计] 时间: 8.294176s | 显存: 4.12 GB
orginal_loss:  tensor(43810.7500, device='cuda:0', grad_fn=<MseLossBackward0>)
[Step 12] Backward Propagation - Time: 20.9116s, Mem: -4416135168.00 B
x_adv.requires_grad:  True
pred_19.requires_grad, true_19.requires_grad:  True True
Autograd grad max:  tensor(74.7944, device='cuda:0')
Autograd grad min:  tensor(-64.4762, device='cuda:0')
Autograd grad mean:  tensor(0.9319, device='cuda:0')
[Step 12] PGD Update - Time: 0.0013s, Mem: 0.00 B

[Step 12] 完整步骤总时间: 29.212244s | 总显存: 0.00 B
[Step 12] 峰值显存: 6.22 GB

[Step 13] ============ 详细性能分析 ============
[模型部分] 总时间: 6.441254s | 显存: 4.12 GB

[0-9秒 PDE求解详细性能]
  t=0s - 时间: 0.000000s | 显存: 0.00 B
  t=1s - 时间: 0.379504s | 显存: 0.00 B
  t=2s - 时间: 0.461941s | 显存: 0.00 B
  t=3s - 时间: 0.570833s | 显存: 0.00 B
  t=4s - 时间: 0.639894s | 显存: 0.00 B
  t=5s - 时间: 0.739500s | 显存: 0.00 B
  t=6s - 时间: 0.773006s | 显存: 0.00 B
  t=7s - 时间: 0.872362s | 显存: 0.00 B
  t=8s - 时间: 0.959580s | 显存: 0.00 B
  t=9s - 时间: 1.023321s | 显存: 0.00 B

[19秒 PDE求解]
  t=19.0s - 时间: 1.838239s | 显存: 0.00 B

[PDE求解部分] 总时间: 1.838509s | 显存: 0.00 B

[本步骤总计] 时间: 8.279763s | 显存: 4.12 GB
orginal_loss:  tensor(42295.0312, device='cuda:0', grad_fn=<MseLossBackward0>)
[Step 13] Backward Propagation - Time: 21.8386s, Mem: -4416135168.00 B
x_adv.requires_grad:  True
pred_19.requires_grad, true_19.requires_grad:  True True
Autograd grad max:  tensor(57.7449, device='cuda:0')
Autograd grad min:  tensor(-78.7609, device='cuda:0')
Autograd grad mean:  tensor(0.9485, device='cuda:0')
[Step 13] PGD Update - Time: 0.0011s, Mem: 0.00 B

[Step 13] 完整步骤总时间: 30.123951s | 总显存: 0.00 B
[Step 13] 峰值显存: 6.22 GB

[Step 14] ============ 详细性能分析 ============
[模型部分] 总时间: 6.411306s | 显存: 4.12 GB

[0-9秒 PDE求解详细性能]
  t=0s - 时间: 0.000000s | 显存: 0.00 B
  t=1s - 时间: 0.382198s | 显存: 0.00 B
  t=2s - 时间: 0.452664s | 显存: 0.00 B
  t=3s - 时间: 0.543942s | 显存: 0.00 B
  t=4s - 时间: 0.617573s | 显存: 0.00 B
  t=5s - 时间: 0.713425s | 显存: 0.00 B
  t=6s - 时间: 0.796255s | 显存: 0.00 B
  t=7s - 时间: 0.860141s | 显存: 0.00 B
  t=8s - 时间: 0.985916s | 显存: 0.00 B
  t=9s - 时间: 1.038322s | 显存: 0.00 B

[19秒 PDE求解]
  t=19.0s - 时间: 1.863366s | 显存: 0.00 B

[PDE求解部分] 总时间: 1.863654s | 显存: 0.00 B

[本步骤总计] 时间: 8.274960s | 显存: 4.12 GB
orginal_loss:  tensor(47901.8906, device='cuda:0', grad_fn=<MseLossBackward0>)
[Step 14] Backward Propagation - Time: 20.7223s, Mem: -4416135168.00 B
x_adv.requires_grad:  True
pred_19.requires_grad, true_19.requires_grad:  True True
Autograd grad max:  tensor(85.3032, device='cuda:0')
Autograd grad min:  tensor(-72.0469, device='cuda:0')
Autograd grad mean:  tensor(1.0172, device='cuda:0')
[Step 14] PGD Update - Time: 0.0013s, Mem: 0.00 B

[Step 14] 完整步骤总时间: 29.003297s | 总显存: 0.00 B
[Step 14] 峰值显存: 6.22 GB

[Step 15] ============ 详细性能分析 ============
[模型部分] 总时间: 6.632908s | 显存: 4.12 GB

[0-9秒 PDE求解详细性能]
  t=0s - 时间: 0.000000s | 显存: 0.00 B
  t=1s - 时间: 0.393871s | 显存: 0.00 B
  t=2s - 时间: 0.495850s | 显存: 0.00 B
  t=3s - 时间: 0.553963s | 显存: 0.00 B
  t=4s - 时间: 0.627380s | 显存: 0.00 B
  t=5s - 时间: 0.718621s | 显存: 0.00 B
  t=6s - 时间: 0.826583s | 显存: 0.00 B
  t=7s - 时间: 0.917196s | 显存: 0.00 B
  t=8s - 时间: 0.998929s | 显存: 0.00 B
  t=9s - 时间: 1.078708s | 显存: 0.00 B

[19秒 PDE求解]
  t=19.0s - 时间: 1.866998s | 显存: 0.00 B

[PDE求解部分] 总时间: 1.867305s | 显存: 0.00 B

[本步骤总计] 时间: 8.500213s | 显存: 4.12 GB
orginal_loss:  tensor(48186.8594, device='cuda:0', grad_fn=<MseLossBackward0>)
[Step 15] Backward Propagation - Time: 20.8395s, Mem: -4416135168.00 B
x_adv.requires_grad:  True
pred_19.requires_grad, true_19.requires_grad:  True True
Autograd grad max:  tensor(59.1963, device='cuda:0')
Autograd grad min:  tensor(-72.0566, device='cuda:0')
Autograd grad mean:  tensor(1.0647, device='cuda:0')
[Step 15] PGD Update - Time: 0.0012s, Mem: 0.00 B

[Step 15] 完整步骤总时间: 29.345969s | 总显存: 0.00 B
[Step 15] 峰值显存: 6.22 GB

[Step 16] ============ 详细性能分析 ============
[模型部分] 总时间: 6.418932s | 显存: 4.12 GB

[0-9秒 PDE求解详细性能]
  t=0s - 时间: 0.000000s | 显存: 0.00 B
  t=1s - 时间: 0.385004s | 显存: 0.00 B
  t=2s - 时间: 0.456749s | 显存: 0.00 B
  t=3s - 时间: 0.538191s | 显存: 0.00 B
  t=4s - 时间: 0.620700s | 显存: 0.00 B
  t=5s - 时间: 0.697950s | 显存: 0.00 B
  t=6s - 时间: 0.801613s | 显存: 0.00 B
  t=7s - 时间: 0.881559s | 显存: 0.00 B
  t=8s - 时间: 0.962616s | 显存: 0.00 B
  t=9s - 时间: 1.053269s | 显存: 0.00 B

[19秒 PDE求解]
  t=19.0s - 时间: 1.852833s | 显存: 0.00 B

[PDE求解部分] 总时间: 1.853121s | 显存: 0.00 B

[本步骤总计] 时间: 8.272053s | 显存: 4.12 GB
orginal_loss:  tensor(53149.2656, device='cuda:0', grad_fn=<MseLossBackward0>)
[Step 16] Backward Propagation - Time: 22.1246s, Mem: -4416135168.00 B
x_adv.requires_grad:  True
pred_19.requires_grad, true_19.requires_grad:  True True
Autograd grad max:  tensor(80.0412, device='cuda:0')
Autograd grad min:  tensor(-71.6611, device='cuda:0')
Autograd grad mean:  tensor(1.0003, device='cuda:0')
[Step 16] PGD Update - Time: 0.0013s, Mem: 0.00 B

[Step 16] 完整步骤总时间: 30.402880s | 总显存: 0.00 B
[Step 16] 峰值显存: 6.22 GB

[Step 17] ============ 详细性能分析 ============
[模型部分] 总时间: 6.470326s | 显存: 4.12 GB

[0-9秒 PDE求解详细性能]
  t=0s - 时间: 0.000000s | 显存: 0.00 B
  t=1s - 时间: 0.404614s | 显存: 0.00 B
  t=2s - 时间: 0.455771s | 显存: 0.00 B
  t=3s - 时间: 0.530199s | 显存: 0.00 B
  t=4s - 时间: 0.631146s | 显存: 0.00 B
  t=5s - 时间: 0.741202s | 显存: 0.00 B
  t=6s - 时间: 0.792335s | 显存: 0.00 B
  t=7s - 时间: 0.867774s | 显存: 0.00 B
  t=8s - 时间: 0.983824s | 显存: 0.00 B
  t=9s - 时间: 1.042422s | 显存: 0.00 B

[19秒 PDE求解]
  t=19.0s - 时间: 1.850587s | 显存: 0.00 B

[PDE求解部分] 总时间: 1.850861s | 显存: 0.00 B

[本步骤总计] 时间: 8.321187s | 显存: 4.12 GB
orginal_loss:  tensor(53822.5898, device='cuda:0', grad_fn=<MseLossBackward0>)
[Step 17] Backward Propagation - Time: 21.0062s, Mem: -4416135168.00 B
x_adv.requires_grad:  True
pred_19.requires_grad, true_19.requires_grad:  True True
Autograd grad max:  tensor(62.1790, device='cuda:0')
Autograd grad min:  tensor(-68.6124, device='cuda:0')
Autograd grad mean:  tensor(1.0255, device='cuda:0')
[Step 17] PGD Update - Time: 0.0013s, Mem: 0.00 B

[Step 17] 完整步骤总时间: 29.333520s | 总显存: 0.00 B
[Step 17] 峰值显存: 6.22 GB

[Step 18] ============ 详细性能分析 ============
[模型部分] 总时间: 6.549304s | 显存: 4.12 GB

[0-9秒 PDE求解详细性能]
  t=0s - 时间: 0.000000s | 显存: 0.00 B
  t=1s - 时间: 0.392515s | 显存: 0.00 B
  t=2s - 时间: 0.465337s | 显存: 0.00 B
  t=3s - 时间: 0.538947s | 显存: 0.00 B
  t=4s - 时间: 0.676697s | 显存: 0.00 B
  t=5s - 时间: 0.733397s | 显存: 0.00 B
  t=6s - 时间: 0.822369s | 显存: 0.00 B
  t=7s - 时间: 0.907151s | 显存: 0.00 B
  t=8s - 时间: 0.956164s | 显存: 0.00 B
  t=9s - 时间: 1.035320s | 显存: 0.00 B

[19秒 PDE求解]
  t=19.0s - 时间: 1.853165s | 显存: 0.00 B

[PDE求解部分] 总时间: 1.853471s | 显存: 0.00 B

[本步骤总计] 时间: 8.402775s | 显存: 4.12 GB
orginal_loss:  tensor(59748.0312, device='cuda:0', grad_fn=<MseLossBackward0>)
[Step 18] Backward Propagation - Time: 21.0099s, Mem: -4416135168.00 B
x_adv.requires_grad:  True
pred_19.requires_grad, true_19.requires_grad:  True True
Autograd grad max:  tensor(68.6444, device='cuda:0')
Autograd grad min:  tensor(-66.7718, device='cuda:0')
Autograd grad mean:  tensor(1.0418, device='cuda:0')
[Step 18] PGD Update - Time: 0.0012s, Mem: 0.00 B

[Step 18] 完整步骤总时间: 29.418879s | 总显存: 0.00 B
[Step 18] 峰值显存: 6.22 GB

[Step 19] ============ 详细性能分析 ============
[模型部分] 总时间: 6.383900s | 显存: 4.12 GB

[0-9秒 PDE求解详细性能]
  t=0s - 时间: 0.000000s | 显存: 0.00 B
  t=1s - 时间: 0.384947s | 显存: 0.00 B
  t=2s - 时间: 0.456828s | 显存: 0.00 B
  t=3s - 时间: 0.536008s | 显存: 0.00 B
  t=4s - 时间: 0.636937s | 显存: 0.00 B
  t=5s - 时间: 0.691513s | 显存: 0.00 B
  t=6s - 时间: 0.782877s | 显存: 0.00 B
  t=7s - 时间: 0.873254s | 显存: 0.00 B
  t=8s - 时间: 0.945124s | 显存: 0.00 B
  t=9s - 时间: 1.055532s | 显存: 0.00 B

[19秒 PDE求解]
  t=19.0s - 时间: 1.895034s | 显存: 0.00 B

[PDE求解部分] 总时间: 1.895339s | 显存: 0.00 B

[本步骤总计] 时间: 8.279239s | 显存: 4.12 GB
orginal_loss:  tensor(59320.3594, device='cuda:0', grad_fn=<MseLossBackward0>)
[Step 19] Backward Propagation - Time: 21.8473s, Mem: -4416135168.00 B
x_adv.requires_grad:  True
pred_19.requires_grad, true_19.requires_grad:  True True
Autograd grad max:  tensor(60.9159, device='cuda:0')
Autograd grad min:  tensor(-63.4684, device='cuda:0')
Autograd grad mean:  tensor(0.9968, device='cuda:0')
[Step 19] PGD Update - Time: 0.0013s, Mem: 0.00 B

[Step 19] 完整步骤总时间: 30.132729s | 总显存: 0.00 B
[Step 19] 峰值显存: 6.22 GB

[Step 20] ============ 详细性能分析 ============
[模型部分] 总时间: 6.489791s | 显存: 4.12 GB

[0-9秒 PDE求解详细性能]
  t=0s - 时间: 0.000000s | 显存: 0.00 B
  t=1s - 时间: 0.399352s | 显存: 0.00 B
  t=2s - 时间: 0.459605s | 显存: 0.00 B
  t=3s - 时间: 0.539642s | 显存: 0.00 B
  t=4s - 时间: 0.629737s | 显存: 0.00 B
  t=5s - 时间: 0.714629s | 显存: 0.00 B
  t=6s - 时间: 0.788415s | 显存: 0.00 B
  t=7s - 时间: 0.884075s | 显存: 0.00 B
  t=8s - 时间: 0.986731s | 显存: 0.00 B
  t=9s - 时间: 1.066609s | 显存: 0.00 B

[19秒 PDE求解]
  t=19.0s - 时间: 1.861074s | 显存: 0.00 B

[PDE求解部分] 总时间: 1.861408s | 显存: 0.00 B

[本步骤总计] 时间: 8.351199s | 显存: 4.12 GB
orginal_loss:  tensor(65697.1875, device='cuda:0', grad_fn=<MseLossBackward0>)
[Step 20] Backward Propagation - Time: 21.3671s, Mem: -4416135168.00 B
x_adv.requires_grad:  True
pred_19.requires_grad, true_19.requires_grad:  True True
Autograd grad max:  tensor(64.0302, device='cuda:0')
Autograd grad min:  tensor(-66.2760, device='cuda:0')
Autograd grad mean:  tensor(1.0733, device='cuda:0')
[Step 20] PGD Update - Time: 0.0013s, Mem: 0.00 B

[Step 20] 完整步骤总时间: 29.724259s | 总显存: 0.00 B
[Step 20] 峰值显存: 6.22 GB

[Step 21] ============ 详细性能分析 ============
[模型部分] 总时间: 6.521509s | 显存: 4.12 GB

[0-9秒 PDE求解详细性能]
  t=0s - 时间: 0.000000s | 显存: 0.00 B
  t=1s - 时间: 0.392340s | 显存: 0.00 B
  t=2s - 时间: 0.491799s | 显存: 0.00 B
  t=3s - 时间: 0.571886s | 显存: 0.00 B
  t=4s - 时间: 0.657366s | 显存: 0.00 B
  t=5s - 时间: 0.721998s | 显存: 0.00 B
  t=6s - 时间: 0.788654s | 显存: 0.00 B
  t=7s - 时间: 0.859754s | 显存: 0.00 B
  t=8s - 时间: 0.983171s | 显存: 0.00 B
  t=9s - 时间: 1.033191s | 显存: 0.00 B

[19秒 PDE求解]
  t=19.0s - 时间: 1.861740s | 显存: 0.00 B

[PDE求解部分] 总时间: 1.862013s | 显存: 0.00 B

[本步骤总计] 时间: 8.383521s | 显存: 4.12 GB
orginal_loss:  tensor(64907.5859, device='cuda:0', grad_fn=<MseLossBackward0>)
[Step 21] Backward Propagation - Time: 20.9624s, Mem: -4416135168.00 B
x_adv.requires_grad:  True
pred_19.requires_grad, true_19.requires_grad:  True True
Autograd grad max:  tensor(62.4126, device='cuda:0')
Autograd grad min:  tensor(-62.9101, device='cuda:0')
Autograd grad mean:  tensor(1.0102, device='cuda:0')
[Step 21] PGD Update - Time: 0.0013s, Mem: 0.00 B

[Step 21] 完整步骤总时间: 29.351737s | 总显存: 0.00 B
[Step 21] 峰值显存: 6.22 GB

[Step 22] ============ 详细性能分析 ============
[模型部分] 总时间: 6.490813s | 显存: 4.12 GB

[0-9秒 PDE求解详细性能]
  t=0s - 时间: 0.000000s | 显存: 0.00 B
  t=1s - 时间: 0.379400s | 显存: 0.00 B
  t=2s - 时间: 0.452056s | 显存: 0.00 B
  t=3s - 时间: 0.544094s | 显存: 0.00 B
  t=4s - 时间: 0.622572s | 显存: 0.00 B
  t=5s - 时间: 0.689769s | 显存: 0.00 B
  t=6s - 时间: 0.810601s | 显存: 0.00 B
  t=7s - 时间: 0.908325s | 显存: 0.00 B
  t=8s - 时间: 0.993312s | 显存: 0.00 B
  t=9s - 时间: 1.069779s | 显存: 0.00 B

[19秒 PDE求解]
  t=19.0s - 时间: 1.891024s | 显存: 0.00 B

[PDE求解部分] 总时间: 1.891327s | 显存: 0.00 B

[本步骤总计] 时间: 8.382141s | 显存: 4.12 GB
orginal_loss:  tensor(71947.3906, device='cuda:0', grad_fn=<MseLossBackward0>)
[Step 22] Backward Propagation - Time: 22.5467s, Mem: -4416135168.00 B
x_adv.requires_grad:  True
pred_19.requires_grad, true_19.requires_grad:  True True
Autograd grad max:  tensor(60.4857, device='cuda:0')
Autograd grad min:  tensor(-61.0841, device='cuda:0')
Autograd grad mean:  tensor(1.0773, device='cuda:0')
[Step 22] PGD Update - Time: 0.0013s, Mem: 0.00 B

[Step 22] 完整步骤总时间: 30.934681s | 总显存: 0.00 B
[Step 22] 峰值显存: 6.22 GB

[Step 23] ============ 详细性能分析 ============
[模型部分] 总时间: 6.402802s | 显存: 4.12 GB

[0-9秒 PDE求解详细性能]
  t=0s - 时间: 0.000000s | 显存: 0.00 B
  t=1s - 时间: 0.389295s | 显存: 0.00 B
  t=2s - 时间: 0.453476s | 显存: 0.00 B
  t=3s - 时间: 0.535119s | 显存: 0.00 B
  t=4s - 时间: 0.622972s | 显存: 0.00 B
  t=5s - 时间: 0.694289s | 显存: 0.00 B
  t=6s - 时间: 0.830205s | 显存: 0.00 B
  t=7s - 时间: 0.880411s | 显存: 0.00 B
  t=8s - 时间: 0.941124s | 显存: 0.00 B
  t=9s - 时间: 1.034589s | 显存: 0.00 B

[19秒 PDE求解]
  t=19.0s - 时间: 1.889946s | 显存: 0.00 B

[PDE求解部分] 总时间: 1.890313s | 显存: 0.00 B

[本步骤总计] 时间: 8.293115s | 显存: 4.12 GB
orginal_loss:  tensor(70375.2031, device='cuda:0', grad_fn=<MseLossBackward0>)
[Step 23] Backward Propagation - Time: 21.1589s, Mem: -4416135168.00 B
x_adv.requires_grad:  True
pred_19.requires_grad, true_19.requires_grad:  True True
Autograd grad max:  tensor(70.1260, device='cuda:0')
Autograd grad min:  tensor(-73.4815, device='cuda:0')
Autograd grad mean:  tensor(1.0458, device='cuda:0')
[Step 23] PGD Update - Time: 0.0012s, Mem: 0.00 B

[Step 23] 完整步骤总时间: 29.458174s | 总显存: 0.00 B
[Step 23] 峰值显存: 6.22 GB

[Step 24] ============ 详细性能分析 ============
[模型部分] 总时间: 6.459403s | 显存: 4.12 GB

[0-9秒 PDE求解详细性能]
  t=0s - 时间: 0.000000s | 显存: 0.00 B
  t=1s - 时间: 0.398923s | 显存: 0.00 B
  t=2s - 时间: 0.451845s | 显存: 0.00 B
  t=3s - 时间: 0.541685s | 显存: 0.00 B
  t=4s - 时间: 0.628931s | 显存: 0.00 B
  t=5s - 时间: 0.693587s | 显存: 0.00 B
  t=6s - 时间: 0.808429s | 显存: 0.00 B
  t=7s - 时间: 0.874029s | 显存: 0.00 B
  t=8s - 时间: 0.974557s | 显存: 0.00 B
  t=9s - 时间: 1.066270s | 显存: 0.00 B

[19秒 PDE求解]
  t=19.0s - 时间: 1.866382s | 显存: 0.00 B

[PDE求解部分] 总时间: 1.866685s | 显存: 0.00 B

[本步骤总计] 时间: 8.326087s | 显存: 4.12 GB
orginal_loss:  tensor(77345.7031, device='cuda:0', grad_fn=<MseLossBackward0>)
[Step 24] Backward Propagation - Time: 21.1844s, Mem: -4416135168.00 B
x_adv.requires_grad:  True
pred_19.requires_grad, true_19.requires_grad:  True True
Autograd grad max:  tensor(64.4161, device='cuda:0')
Autograd grad min:  tensor(-60.1011, device='cuda:0')
Autograd grad mean:  tensor(1.0363, device='cuda:0')
[Step 24] PGD Update - Time: 0.0014s, Mem: 0.00 B

[Step 24] 完整步骤总时间: 29.516670s | 总显存: 0.00 B
[Step 24] 峰值显存: 6.22 GB

[Step 25] ============ 详细性能分析 ============
[模型部分] 总时间: 6.654958s | 显存: 4.12 GB

[0-9秒 PDE求解详细性能]
  t=0s - 时间: 0.000000s | 显存: 0.00 B
  t=1s - 时间: 0.430996s | 显存: 0.00 B
  t=2s - 时间: 0.501011s | 显存: 0.00 B
  t=3s - 时间: 0.580860s | 显存: 0.00 B
  t=4s - 时间: 0.664591s | 显存: 0.00 B
  t=5s - 时间: 0.743251s | 显存: 0.00 B
  t=6s - 时间: 0.835847s | 显存: 0.00 B
  t=7s - 时间: 0.884723s | 显存: 0.00 B
  t=8s - 时间: 0.956114s | 显存: 0.00 B
  t=9s - 时间: 1.036507s | 显存: 0.00 B

[19秒 PDE求解]
  t=19.0s - 时间: 1.885369s | 显存: 0.00 B

[PDE求解部分] 总时间: 1.885661s | 显存: 0.00 B

[本步骤总计] 时间: 8.540619s | 显存: 4.12 GB
orginal_loss:  tensor(77128.7500, device='cuda:0', grad_fn=<MseLossBackward0>)
[Step 25] Backward Propagation - Time: 21.0395s, Mem: -4416135168.00 B
x_adv.requires_grad:  True
pred_19.requires_grad, true_19.requires_grad:  True True
Autograd grad max:  tensor(87.5008, device='cuda:0')
Autograd grad min:  tensor(-74.5718, device='cuda:0')
Autograd grad mean:  tensor(1.0980, device='cuda:0')
[Step 25] PGD Update - Time: 0.0013s, Mem: 0.00 B

[Step 25] 完整步骤总时间: 29.586193s | 总显存: 0.00 B
[Step 25] 峰值显存: 6.22 GB

[Step 26] ============ 详细性能分析 ============
[模型部分] 总时间: 6.545843s | 显存: 4.12 GB

[0-9秒 PDE求解详细性能]
  t=0s - 时间: 0.000000s | 显存: 0.00 B
  t=1s - 时间: 0.414329s | 显存: 0.00 B
  t=2s - 时间: 0.498180s | 显存: 0.00 B
  t=3s - 时间: 0.583505s | 显存: 0.00 B
  t=4s - 时间: 0.644210s | 显存: 0.00 B
  t=5s - 时间: 0.721279s | 显存: 0.00 B
  t=6s - 时间: 0.795371s | 显存: 0.00 B
  t=7s - 时间: 0.875261s | 显存: 0.00 B
  t=8s - 时间: 0.947198s | 显存: 0.00 B
  t=9s - 时间: 1.045326s | 显存: 0.00 B

[19秒 PDE求解]
  t=19.0s - 时间: 1.849437s | 显存: 0.00 B

[PDE求解部分] 总时间: 1.849739s | 显存: 0.00 B

[本步骤总计] 时间: 8.395582s | 显存: 4.12 GB
orginal_loss:  tensor(82858.3750, device='cuda:0', grad_fn=<MseLossBackward0>)
[Step 26] Backward Propagation - Time: 22.2800s, Mem: -4416135168.00 B
x_adv.requires_grad:  True
pred_19.requires_grad, true_19.requires_grad:  True True
Autograd grad max:  tensor(69.9249, device='cuda:0')
Autograd grad min:  tensor(-65.0883, device='cuda:0')
Autograd grad mean:  tensor(1.0199, device='cuda:0')
[Step 26] PGD Update - Time: 0.0011s, Mem: 0.00 B

[Step 26] 完整步骤总时间: 30.681047s | 总显存: 0.00 B
[Step 26] 峰值显存: 6.22 GB

[Step 27] ============ 详细性能分析 ============
[模型部分] 总时间: 6.624904s | 显存: 4.12 GB

[0-9秒 PDE求解详细性能]
  t=0s - 时间: 0.000000s | 显存: 0.00 B
  t=1s - 时间: 0.381573s | 显存: 0.00 B
  t=2s - 时间: 0.459340s | 显存: 0.00 B
  t=3s - 时间: 0.568548s | 显存: 0.00 B
  t=4s - 时间: 0.648323s | 显存: 0.00 B
  t=5s - 时间: 0.745807s | 显存: 0.00 B
  t=6s - 时间: 0.813158s | 显存: 0.00 B
  t=7s - 时间: 0.883433s | 显存: 0.00 B
  t=8s - 时间: 1.028500s | 显存: 0.00 B
  t=9s - 时间: 1.075092s | 显存: 0.00 B

[19秒 PDE求解]
  t=19.0s - 时间: 1.895065s | 显存: 0.00 B

[PDE求解部分] 总时间: 1.895372s | 显存: 0.00 B

[本步骤总计] 时间: 8.520276s | 显存: 4.12 GB
orginal_loss:  tensor(81573.2422, device='cuda:0', grad_fn=<MseLossBackward0>)
[Step 27] Backward Propagation - Time: 21.5001s, Mem: -4416135168.00 B
x_adv.requires_grad:  True
pred_19.requires_grad, true_19.requires_grad:  True True
Autograd grad max:  tensor(93.5966, device='cuda:0')
Autograd grad min:  tensor(-75.3199, device='cuda:0')
Autograd grad mean:  tensor(0.9576, device='cuda:0')
[Step 27] PGD Update - Time: 0.0013s, Mem: 0.00 B

[Step 27] 完整步骤总时间: 30.026478s | 总显存: 0.00 B
[Step 27] 峰值显存: 6.22 GB

[Step 28] ============ 详细性能分析 ============
[模型部分] 总时间: 6.575575s | 显存: 4.12 GB

[0-9秒 PDE求解详细性能]
  t=0s - 时间: 0.000000s | 显存: 0.00 B
  t=1s - 时间: 0.419501s | 显存: 0.00 B
  t=2s - 时间: 0.492006s | 显存: 0.00 B
  t=3s - 时间: 0.568962s | 显存: 0.00 B
  t=4s - 时间: 0.654317s | 显存: 0.00 B
  t=5s - 时间: 0.741251s | 显存: 0.00 B
  t=6s - 时间: 0.794748s | 显存: 0.00 B
  t=7s - 时间: 0.886184s | 显存: 0.00 B
  t=8s - 时间: 0.962742s | 显存: 0.00 B
  t=9s - 时间: 1.035028s | 显存: 0.00 B

[19秒 PDE求解]
  t=19.0s - 时间: 1.861955s | 显存: 0.00 B

[PDE求解部分] 总时间: 1.862234s | 显存: 0.00 B

[本步骤总计] 时间: 8.437810s | 显存: 4.12 GB
orginal_loss:  tensor(86084.3594, device='cuda:0', grad_fn=<MseLossBackward0>)
[Step 28] Backward Propagation - Time: 21.1921s, Mem: -4416135168.00 B
x_adv.requires_grad:  True
pred_19.requires_grad, true_19.requires_grad:  True True
Autograd grad max:  tensor(62.8874, device='cuda:0')
Autograd grad min:  tensor(-68.9993, device='cuda:0')
Autograd grad mean:  tensor(0.9154, device='cuda:0')
[Step 28] PGD Update - Time: 0.0013s, Mem: 0.00 B

[Step 28] 完整步骤总时间: 29.635743s | 总显存: 0.00 B
[Step 28] 峰值显存: 6.22 GB

[Step 29] ============ 详细性能分析 ============
[模型部分] 总时间: 6.580013s | 显存: 4.12 GB

[0-9秒 PDE求解详细性能]
  t=0s - 时间: 0.000000s | 显存: 0.00 B
  t=1s - 时间: 0.388708s | 显存: 0.00 B
  t=2s - 时间: 0.464979s | 显存: 0.00 B
  t=3s - 时间: 0.544981s | 显存: 0.00 B
  t=4s - 时间: 0.653809s | 显存: 0.00 B
  t=5s - 时间: 0.715978s | 显存: 0.00 B
  t=6s - 时间: 0.816402s | 显存: 0.00 B
  t=7s - 时间: 0.900235s | 显存: 0.00 B
  t=8s - 时间: 0.992556s | 显存: 0.00 B
  t=9s - 时间: 1.081252s | 显存: 0.00 B

[19秒 PDE求解]
  t=19.0s - 时间: 1.880264s | 显存: 0.00 B

[PDE求解部分] 总时间: 1.880583s | 显存: 0.00 B

[本步骤总计] 时间: 8.460596s | 显存: 4.12 GB
orginal_loss:  tensor(85186.6406, device='cuda:0', grad_fn=<MseLossBackward0>)
[Step 29] Backward Propagation - Time: 21.4392s, Mem: -4416135168.00 B
x_adv.requires_grad:  True
pred_19.requires_grad, true_19.requires_grad:  True True
Autograd grad max:  tensor(90.5626, device='cuda:0')
Autograd grad min:  tensor(-75.2474, device='cuda:0')
Autograd grad mean:  tensor(0.7724, device='cuda:0')
[Step 29] PGD Update - Time: 0.0013s, Mem: 0.00 B

[Step 29] 完整步骤总时间: 29.905955s | 总显存: 0.00 B
[Step 29] 峰值显存: 6.22 GB

[Step 30] ============ 详细性能分析 ============
[模型部分] 总时间: 6.487266s | 显存: 4.12 GB

[0-9秒 PDE求解详细性能]
  t=0s - 时间: 0.000000s | 显存: 0.00 B
  t=1s - 时间: 0.403590s | 显存: 0.00 B
  t=2s - 时间: 0.479369s | 显存: 0.00 B
  t=3s - 时间: 0.541702s | 显存: 0.00 B
  t=4s - 时间: 0.635158s | 显存: 0.00 B
  t=5s - 时间: 0.710894s | 显存: 0.00 B
  t=6s - 时间: 0.794317s | 显存: 0.00 B
  t=7s - 时间: 0.875576s | 显存: 0.00 B
  t=8s - 时间: 0.957190s | 显存: 0.00 B
  t=9s - 时间: 1.068596s | 显存: 0.00 B

[19秒 PDE求解]
  t=19.0s - 时间: 1.872362s | 显存: 0.00 B

[PDE求解部分] 总时间: 1.872715s | 显存: 0.00 B

[本步骤总计] 时间: 8.359981s | 显存: 4.12 GB
orginal_loss:  tensor(88977.0078, device='cuda:0', grad_fn=<MseLossBackward0>)
[Step 30] Backward Propagation - Time: 21.1893s, Mem: -4416135168.00 B
x_adv.requires_grad:  True
pred_19.requires_grad, true_19.requires_grad:  True True
Autograd grad max:  tensor(51.9727, device='cuda:0')
Autograd grad min:  tensor(-63.9461, device='cuda:0')
Autograd grad mean:  tensor(0.8144, device='cuda:0')
[Step 30] PGD Update - Time: 0.0014s, Mem: 0.00 B

[Step 30] 完整步骤总时间: 29.555140s | 总显存: 0.00 B
[Step 30] 峰值显存: 6.22 GB

[Step 31] ============ 详细性能分析 ============
[模型部分] 总时间: 6.946295s | 显存: 4.12 GB

[0-9秒 PDE求解详细性能]
  t=0s - 时间: 0.000000s | 显存: 0.00 B
  t=1s - 时间: 0.405984s | 显存: 0.00 B
  t=2s - 时间: 0.493115s | 显存: 0.00 B
  t=3s - 时间: 0.589907s | 显存: 0.00 B
  t=4s - 时间: 0.658913s | 显存: 0.00 B
  t=5s - 时间: 0.746128s | 显存: 0.00 B
  t=6s - 时间: 0.946714s | 显存: 0.00 B
  t=7s - 时间: 0.917977s | 显存: 0.00 B
  t=8s - 时间: 1.090586s | 显存: 0.00 B
  t=9s - 时间: 1.075663s | 显存: 0.00 B

[19秒 PDE求解]
  t=19.0s - 时间: 1.898189s | 显存: 0.00 B

[PDE求解部分] 总时间: 1.898480s | 显存: 0.00 B

[本步骤总计] 时间: 8.844775s | 显存: 4.12 GB
orginal_loss:  tensor(89450.0312, device='cuda:0', grad_fn=<MseLossBackward0>)
[Step 31] Backward Propagation - Time: 22.5466s, Mem: -4416135168.00 B
x_adv.requires_grad:  True
pred_19.requires_grad, true_19.requires_grad:  True True
Autograd grad max:  tensor(87.0267, device='cuda:0')
Autograd grad min:  tensor(-66.1101, device='cuda:0')
Autograd grad mean:  tensor(0.6537, device='cuda:0')
[Step 31] PGD Update - Time: 0.0013s, Mem: 0.00 B

[Step 31] 完整步骤总时间: 31.397705s | 总显存: 0.00 B
[Step 31] 峰值显存: 6.22 GB

[Step 32] ============ 详细性能分析 ============
[模型部分] 总时间: 6.454267s | 显存: 4.12 GB

[0-9秒 PDE求解详细性能]
  t=0s - 时间: 0.000000s | 显存: 0.00 B
  t=1s - 时间: 0.384809s | 显存: 0.00 B
  t=2s - 时间: 0.462842s | 显存: 0.00 B
  t=3s - 时间: 0.576822s | 显存: 0.00 B
  t=4s - 时间: 0.642840s | 显存: 0.00 B
  t=5s - 时间: 0.703709s | 显存: 0.00 B
  t=6s - 时间: 0.790659s | 显存: 0.00 B
  t=7s - 时间: 0.880888s | 显存: 0.00 B
  t=8s - 时间: 0.959457s | 显存: 0.00 B
  t=9s - 时间: 1.031382s | 显存: 0.00 B

[19秒 PDE求解]
  t=19.0s - 时间: 1.847631s | 显存: 0.00 B

[PDE求解部分] 总时间: 1.847938s | 显存: 0.00 B

[本步骤总计] 时间: 8.302204s | 显存: 4.12 GB
orginal_loss:  tensor(91858.9688, device='cuda:0', grad_fn=<MseLossBackward0>)
[Step 32] Backward Propagation - Time: 20.7690s, Mem: -4416135168.00 B
x_adv.requires_grad:  True
pred_19.requires_grad, true_19.requires_grad:  True True
Autograd grad max:  tensor(58.7632, device='cuda:0')
Autograd grad min:  tensor(-70.1729, device='cuda:0')
Autograd grad mean:  tensor(0.8017, device='cuda:0')
[Step 32] PGD Update - Time: 0.0013s, Mem: 0.00 B

[Step 32] 完整步骤总时间: 29.077319s | 总显存: 0.00 B
[Step 32] 峰值显存: 6.22 GB

[Step 33] ============ 详细性能分析 ============
[模型部分] 总时间: 6.439489s | 显存: 4.12 GB

[0-9秒 PDE求解详细性能]
  t=0s - 时间: 0.000000s | 显存: 0.00 B
  t=1s - 时间: 0.395443s | 显存: 0.00 B
  t=2s - 时间: 0.463372s | 显存: 0.00 B
  t=3s - 时间: 0.542367s | 显存: 0.00 B
  t=4s - 时间: 0.626024s | 显存: 0.00 B
  t=5s - 时间: 0.715732s | 显存: 0.00 B
  t=6s - 时间: 0.798435s | 显存: 0.00 B
  t=7s - 时间: 0.876290s | 显存: 0.00 B
  t=8s - 时间: 0.964045s | 显存: 0.00 B
  t=9s - 时间: 1.036654s | 显存: 0.00 B

[19秒 PDE求解]
  t=19.0s - 时间: 1.905350s | 显存: 0.00 B

[PDE求解部分] 总时间: 1.905659s | 显存: 0.00 B

[本步骤总计] 时间: 8.345149s | 显存: 4.12 GB
orginal_loss:  tensor(92565.9297, device='cuda:0', grad_fn=<MseLossBackward0>)
[Step 33] Backward Propagation - Time: 21.3067s, Mem: -4416135168.00 B
x_adv.requires_grad:  True
pred_19.requires_grad, true_19.requires_grad:  True True
Autograd grad max:  tensor(84.1040, device='cuda:0')
Autograd grad min:  tensor(-65.3718, device='cuda:0')
Autograd grad mean:  tensor(0.6451, device='cuda:0')
[Step 33] PGD Update - Time: 0.0013s, Mem: 0.00 B

[Step 33] 完整步骤总时间: 29.657927s | 总显存: 0.00 B
[Step 33] 峰值显存: 6.22 GB

[Step 34] ============ 详细性能分析 ============
[模型部分] 总时间: 6.463646s | 显存: 4.12 GB

[0-9秒 PDE求解详细性能]
  t=0s - 时间: 0.000000s | 显存: 0.00 B
  t=1s - 时间: 0.423597s | 显存: 0.00 B
  t=2s - 时间: 0.466770s | 显存: 0.00 B
  t=3s - 时间: 0.549892s | 显存: 0.00 B
  t=4s - 时间: 0.625751s | 显存: 0.00 B
  t=5s - 时间: 0.712086s | 显存: 0.00 B
  t=6s - 时间: 0.795816s | 显存: 0.00 B
  t=7s - 时间: 0.874345s | 显存: 0.00 B
  t=8s - 时间: 0.949517s | 显存: 0.00 B
  t=9s - 时间: 1.044725s | 显存: 0.00 B

[19秒 PDE求解]
  t=19.0s - 时间: 1.870144s | 显存: 0.00 B

[PDE求解部分] 总时间: 1.870429s | 显存: 0.00 B

[本步骤总计] 时间: 8.334075s | 显存: 4.12 GB
orginal_loss:  tensor(94400.2109, device='cuda:0', grad_fn=<MseLossBackward0>)
[Step 34] Backward Propagation - Time: 20.9558s, Mem: -4416135168.00 B
x_adv.requires_grad:  True
pred_19.requires_grad, true_19.requires_grad:  True True
Autograd grad max:  tensor(62.9721, device='cuda:0')
Autograd grad min:  tensor(-74.9245, device='cuda:0')
Autograd grad mean:  tensor(0.7772, device='cuda:0')
[Step 34] PGD Update - Time: 0.0013s, Mem: 0.00 B

[Step 34] 完整步骤总时间: 29.295753s | 总显存: 0.00 B
[Step 34] 峰值显存: 6.22 GB

[Step 35] ============ 详细性能分析 ============
[模型部分] 总时间: 6.550949s | 显存: 4.12 GB

[0-9秒 PDE求解详细性能]
  t=0s - 时间: 0.000000s | 显存: 0.00 B
  t=1s - 时间: 0.419900s | 显存: 0.00 B
  t=2s - 时间: 0.477673s | 显存: 0.00 B
  t=3s - 时间: 0.550819s | 显存: 0.00 B
  t=4s - 时间: 0.636226s | 显存: 0.00 B
  t=5s - 时间: 0.744685s | 显存: 0.00 B
  t=6s - 时间: 0.811656s | 显存: 0.00 B
  t=7s - 时间: 0.912732s | 显存: 0.00 B
  t=8s - 时间: 0.951205s | 显存: 0.00 B
  t=9s - 时间: 1.025221s | 显存: 0.00 B

[19秒 PDE求解]
  t=19.0s - 时间: 1.892215s | 显存: 0.00 B

[PDE求解部分] 总时间: 1.892500s | 显存: 0.00 B

[本步骤总计] 时间: 8.443449s | 显存: 4.12 GB
orginal_loss:  tensor(95256.3203, device='cuda:0', grad_fn=<MseLossBackward0>)
[Step 35] Backward Propagation - Time: 20.9815s, Mem: -4416135168.00 B
x_adv.requires_grad:  True
pred_19.requires_grad, true_19.requires_grad:  True True
Autograd grad max:  tensor(80.0647, device='cuda:0')
Autograd grad min:  tensor(-63.7570, device='cuda:0')
Autograd grad mean:  tensor(0.6281, device='cuda:0')
[Step 35] PGD Update - Time: 0.0013s, Mem: 0.00 B

[Step 35] 完整步骤总时间: 29.430940s | 总显存: 0.00 B
[Step 35] 峰值显存: 6.22 GB

[Step 36] ============ 详细性能分析 ============
[模型部分] 总时间: 6.391426s | 显存: 4.12 GB

[0-9秒 PDE求解详细性能]
  t=0s - 时间: 0.000000s | 显存: 0.00 B
  t=1s - 时间: 0.378119s | 显存: 0.00 B
  t=2s - 时间: 0.461900s | 显存: 0.00 B
  t=3s - 时间: 0.536275s | 显存: 0.00 B
  t=4s - 时间: 0.611890s | 显存: 0.00 B
  t=5s - 时间: 0.730356s | 显存: 0.00 B
  t=6s - 时间: 0.789244s | 显存: 0.00 B
  t=7s - 时间: 0.869330s | 显存: 0.00 B
  t=8s - 时间: 0.960352s | 显存: 0.00 B
  t=9s - 时间: 1.032870s | 显存: 0.00 B

[19秒 PDE求解]
  t=19.0s - 时间: 1.852999s | 显存: 0.00 B

[PDE求解部分] 总时间: 1.853280s | 显存: 0.00 B

[本步骤总计] 时间: 8.244705s | 显存: 4.12 GB
orginal_loss:  tensor(96870.8906, device='cuda:0', grad_fn=<MseLossBackward0>)
[Step 36] Backward Propagation - Time: 22.8541s, Mem: -4416135168.00 B
x_adv.requires_grad:  True
pred_19.requires_grad, true_19.requires_grad:  True True
Autograd grad max:  tensor(58.2842, device='cuda:0')
Autograd grad min:  tensor(-69.9335, device='cuda:0')
Autograd grad mean:  tensor(0.7203, device='cuda:0')
[Step 36] PGD Update - Time: 0.0013s, Mem: 0.00 B

[Step 36] 完整步骤总时间: 31.104396s | 总显存: 0.00 B
[Step 36] 峰值显存: 6.22 GB

[Step 37] ============ 详细性能分析 ============
[模型部分] 总时间: 6.528642s | 显存: 4.12 GB

[0-9秒 PDE求解详细性能]
  t=0s - 时间: 0.000000s | 显存: 0.00 B
  t=1s - 时间: 0.422086s | 显存: 0.00 B
  t=2s - 时间: 0.499156s | 显存: 0.00 B
  t=3s - 时间: 0.583231s | 显存: 0.00 B
  t=4s - 时间: 0.656421s | 显存: 0.00 B
  t=5s - 时间: 0.695303s | 显存: 0.00 B
  t=6s - 时间: 0.789012s | 显存: 0.00 B
  t=7s - 时间: 0.875835s | 显存: 0.00 B
  t=8s - 时间: 0.950123s | 显存: 0.00 B
  t=9s - 时间: 1.036552s | 显存: 0.00 B

[19秒 PDE求解]
  t=19.0s - 时间: 1.861741s | 显存: 0.00 B

[PDE求解部分] 总时间: 1.862053s | 显存: 0.00 B

[本步骤总计] 时间: 8.390695s | 显存: 4.12 GB
orginal_loss:  tensor(97889.2266, device='cuda:0', grad_fn=<MseLossBackward0>)
[Step 37] Backward Propagation - Time: 21.4864s, Mem: -4416135168.00 B
x_adv.requires_grad:  True
pred_19.requires_grad, true_19.requires_grad:  True True
Autograd grad max:  tensor(77.5381, device='cuda:0')
Autograd grad min:  tensor(-62.9964, device='cuda:0')
Autograd grad mean:  tensor(0.5827, device='cuda:0')
[Step 37] PGD Update - Time: 0.0013s, Mem: 0.00 B

[Step 37] 完整步骤总时间: 29.883021s | 总显存: 0.00 B
[Step 37] 峰值显存: 6.22 GB

[Step 38] ============ 详细性能分析 ============
[模型部分] 总时间: 6.698485s | 显存: 4.12 GB

[0-9秒 PDE求解详细性能]
  t=0s - 时间: 0.000000s | 显存: 0.00 B
  t=1s - 时间: 0.419816s | 显存: 0.00 B
  t=2s - 时间: 0.497144s | 显存: 0.00 B
  t=3s - 时间: 0.583324s | 显存: 0.00 B
  t=4s - 时间: 0.650265s | 显存: 0.00 B
  t=5s - 时间: 0.740019s | 显存: 0.00 B
  t=6s - 时间: 0.824759s | 显存: 0.00 B
  t=7s - 时间: 0.912599s | 显存: 0.00 B
  t=8s - 时间: 0.975315s | 显存: 0.00 B
  t=9s - 时间: 1.074064s | 显存: 0.00 B

[19秒 PDE求解]
  t=19.0s - 时间: 1.858532s | 显存: 0.00 B

[PDE求解部分] 总时间: 1.858834s | 显存: 0.00 B

[本步骤总计] 时间: 8.557320s | 显存: 4.12 GB
orginal_loss:  tensor(99202.8516, device='cuda:0', grad_fn=<MseLossBackward0>)
[Step 38] Backward Propagation - Time: 21.1040s, Mem: -4416135168.00 B
x_adv.requires_grad:  True
pred_19.requires_grad, true_19.requires_grad:  True True
Autograd grad max:  tensor(56.6908, device='cuda:0')
Autograd grad min:  tensor(-69.5109, device='cuda:0')
Autograd grad mean:  tensor(0.6885, device='cuda:0')
[Step 38] PGD Update - Time: 0.0013s, Mem: 0.00 B

[Step 38] 完整步骤总时间: 29.667782s | 总显存: 0.00 B
[Step 38] 峰值显存: 6.22 GB

[Step 39] ============ 详细性能分析 ============
[模型部分] 总时间: 6.421064s | 显存: 4.12 GB

[0-9秒 PDE求解详细性能]
  t=0s - 时间: 0.000000s | 显存: 0.00 B
  t=1s - 时间: 0.397739s | 显存: 0.00 B
  t=2s - 时间: 0.470153s | 显存: 0.00 B
  t=3s - 时间: 0.539433s | 显存: 0.00 B
  t=4s - 时间: 0.622967s | 显存: 0.00 B
  t=5s - 时间: 0.712048s | 显存: 0.00 B
  t=6s - 时间: 0.781137s | 显存: 0.00 B
  t=7s - 时间: 0.882698s | 显存: 0.00 B
  t=8s - 时间: 0.957549s | 显存: 0.00 B
  t=9s - 时间: 1.036441s | 显存: 0.00 B

[19秒 PDE求解]
  t=19.0s - 时间: 1.849251s | 显存: 0.00 B

[PDE求解部分] 总时间: 1.849546s | 显存: 0.00 B

[本步骤总计] 时间: 8.270610s | 显存: 4.12 GB
orginal_loss:  tensor(100416.5156, device='cuda:0', grad_fn=<MseLossBackward0>)
[Step 39] Backward Propagation - Time: 21.2746s, Mem: -4416135168.00 B
x_adv.requires_grad:  True
pred_19.requires_grad, true_19.requires_grad:  True True
Autograd grad max:  tensor(77.6745, device='cuda:0')
Autograd grad min:  tensor(-63.3590, device='cuda:0')
Autograd grad mean:  tensor(0.5514, device='cuda:0')
[Step 39] PGD Update - Time: 0.0013s, Mem: 0.00 B

[Step 39] 完整步骤总时间: 29.550950s | 总显存: 0.00 B
[Step 39] 峰值显存: 6.22 GB

[Step 40] ============ 详细性能分析 ============
[模型部分] 总时间: 6.419166s | 显存: 4.12 GB

[0-9秒 PDE求解详细性能]
  t=0s - 时间: 0.000000s | 显存: 0.00 B
  t=1s - 时间: 0.389578s | 显存: 0.00 B
  t=2s - 时间: 0.452147s | 显存: 0.00 B
  t=3s - 时间: 0.548029s | 显存: 0.00 B
  t=4s - 时间: 0.627441s | 显存: 0.00 B
  t=5s - 时间: 0.698918s | 显存: 0.00 B
  t=6s - 时间: 0.790473s | 显存: 0.00 B
  t=7s - 时间: 0.861602s | 显存: 0.00 B
  t=8s - 时间: 0.963206s | 显存: 0.00 B
  t=9s - 时间: 1.066694s | 显存: 0.00 B

[19秒 PDE求解]
  t=19.0s - 时间: 1.866825s | 显存: 0.00 B

[PDE求解部分] 总时间: 1.867136s | 显存: 0.00 B

[本步骤总计] 时间: 8.286301s | 显存: 4.12 GB
orginal_loss:  tensor(101436.4062, device='cuda:0', grad_fn=<MseLossBackward0>)
[Step 40] Backward Propagation - Time: 20.9692s, Mem: -4416135168.00 B
x_adv.requires_grad:  True
pred_19.requires_grad, true_19.requires_grad:  True True
Autograd grad max:  tensor(62.1116, device='cuda:0')
Autograd grad min:  tensor(-77.8394, device='cuda:0')
Autograd grad mean:  tensor(0.7032, device='cuda:0')
[Step 40] PGD Update - Time: 0.0012s, Mem: 0.00 B

[Step 40] 完整步骤总时间: 29.261660s | 总显存: 0.00 B
[Step 40] 峰值显存: 6.22 GB

[Step 41] ============ 详细性能分析 ============
[模型部分] 总时间: 6.489122s | 显存: 4.12 GB

[0-9秒 PDE求解详细性能]
  t=0s - 时间: 0.000000s | 显存: 0.00 B
  t=1s - 时间: 0.380296s | 显存: 0.00 B
  t=2s - 时间: 0.475123s | 显存: 0.00 B
  t=3s - 时间: 0.546480s | 显存: 0.00 B
  t=4s - 时间: 0.672959s | 显存: 0.00 B
  t=5s - 时间: 0.743466s | 显存: 0.00 B
  t=6s - 时间: 0.808868s | 显存: 0.00 B
  t=7s - 时间: 0.867141s | 显存: 0.00 B
  t=8s - 时间: 0.946472s | 显存: 0.00 B
  t=9s - 时间: 1.027463s | 显存: 0.00 B

[19秒 PDE求解]
  t=19.0s - 时间: 1.859411s | 显存: 0.00 B

[PDE求解部分] 总时间: 1.859710s | 显存: 0.00 B

[本步骤总计] 时间: 8.348831s | 显存: 4.12 GB
orginal_loss:  tensor(102602.9062, device='cuda:0', grad_fn=<MseLossBackward0>)
[Step 41] Backward Propagation - Time: 23.2930s, Mem: -4416135168.00 B
x_adv.requires_grad:  True
pred_19.requires_grad, true_19.requires_grad:  True True
Autograd grad max:  tensor(78.4436, device='cuda:0')
Autograd grad min:  tensor(-63.7701, device='cuda:0')
Autograd grad mean:  tensor(0.5395, device='cuda:0')
[Step 41] PGD Update - Time: 0.0013s, Mem: 0.00 B

[Step 41] 完整步骤总时间: 31.647786s | 总显存: 0.00 B
[Step 41] 峰值显存: 6.22 GB

[Step 42] ============ 详细性能分析 ============
[模型部分] 总时间: 6.687606s | 显存: 4.12 GB

[0-9秒 PDE求解详细性能]
  t=0s - 时间: 0.000000s | 显存: 0.00 B
  t=1s - 时间: 0.458740s | 显存: 0.00 B
  t=2s - 时间: 0.497525s | 显存: 0.00 B
  t=3s - 时间: 0.571675s | 显存: 0.00 B
  t=4s - 时间: 0.651449s | 显存: 0.00 B
  t=5s - 时间: 0.736492s | 显存: 0.00 B
  t=6s - 时间: 0.824317s | 显存: 0.00 B
  t=7s - 时间: 0.901376s | 显存: 0.00 B
  t=8s - 时间: 0.961402s | 显存: 0.00 B
  t=9s - 时间: 1.063482s | 显存: 0.00 B

[19秒 PDE求解]
  t=19.0s - 时间: 1.861847s | 显存: 0.00 B

[PDE求解部分] 总时间: 1.862172s | 显存: 0.00 B

[本步骤总计] 时间: 8.549778s | 显存: 4.12 GB
orginal_loss:  tensor(103619.0469, device='cuda:0', grad_fn=<MseLossBackward0>)
[Step 42] Backward Propagation - Time: 21.1213s, Mem: -4416135168.00 B
x_adv.requires_grad:  True
pred_19.requires_grad, true_19.requires_grad:  True True
Autograd grad max:  tensor(66.5314, device='cuda:0')
Autograd grad min:  tensor(-82.9931, device='cuda:0')
Autograd grad mean:  tensor(0.7091, device='cuda:0')
[Step 42] PGD Update - Time: 0.0011s, Mem: 0.00 B

[Step 42] 完整步骤总时间: 29.676589s | 总显存: 0.00 B
[Step 42] 峰值显存: 6.22 GB

[Step 43] ============ 详细性能分析 ============
[模型部分] 总时间: 6.501852s | 显存: 4.12 GB

[0-9秒 PDE求解详细性能]
  t=0s - 时间: 0.000000s | 显存: 0.00 B
  t=1s - 时间: 0.390550s | 显存: 0.00 B
  t=2s - 时间: 0.465327s | 显存: 0.00 B
  t=3s - 时间: 0.543101s | 显存: 0.00 B
  t=4s - 时间: 0.663169s | 显存: 0.00 B
  t=5s - 时间: 0.748798s | 显存: 0.00 B
  t=6s - 时间: 0.793686s | 显存: 0.00 B
  t=7s - 时间: 0.880451s | 显存: 0.00 B
  t=8s - 时间: 0.955579s | 显存: 0.00 B
  t=9s - 时间: 1.040281s | 显存: 0.00 B

[19秒 PDE求解]
  t=19.0s - 时间: 1.859899s | 显存: 0.00 B

[PDE求解部分] 总时间: 1.860210s | 显存: 0.00 B

[本步骤总计] 时间: 8.362061s | 显存: 4.12 GB
orginal_loss:  tensor(104597.3906, device='cuda:0', grad_fn=<MseLossBackward0>)
[Step 43] Backward Propagation - Time: 21.2609s, Mem: -4416135168.00 B
x_adv.requires_grad:  True
pred_19.requires_grad, true_19.requires_grad:  True True
Autograd grad max:  tensor(79.8620, device='cuda:0')
Autograd grad min:  tensor(-66.6913, device='cuda:0')
Autograd grad mean:  tensor(0.5361, device='cuda:0')
[Step 43] PGD Update - Time: 0.0013s, Mem: 0.00 B

[Step 43] 完整步骤总时间: 29.629068s | 总显存: 0.00 B
[Step 43] 峰值显存: 6.22 GB

[Step 44] ============ 详细性能分析 ============
[模型部分] 总时间: 6.616776s | 显存: 4.12 GB

[0-9秒 PDE求解详细性能]
  t=0s - 时间: 0.000000s | 显存: 0.00 B
  t=1s - 时间: 0.449990s | 显存: 0.00 B
  t=2s - 时间: 0.494392s | 显存: 0.00 B
  t=3s - 时间: 0.567126s | 显存: 0.00 B
  t=4s - 时间: 0.664891s | 显存: 0.00 B
  t=5s - 时间: 0.703194s | 显存: 0.00 B
  t=6s - 时间: 0.797264s | 显存: 0.00 B
  t=7s - 时间: 0.874436s | 显存: 0.00 B
  t=8s - 时间: 0.988349s | 显存: 0.00 B
  t=9s - 时间: 1.056018s | 显存: 0.00 B

[19秒 PDE求解]
  t=19.0s - 时间: 1.873439s | 显存: 0.00 B

[PDE求解部分] 总时间: 1.873750s | 显存: 0.00 B

[本步骤总计] 时间: 8.490526s | 显存: 4.12 GB
orginal_loss:  tensor(105761.3047, device='cuda:0', grad_fn=<MseLossBackward0>)
[Step 44] Backward Propagation - Time: 21.0549s, Mem: -4416135168.00 B
x_adv.requires_grad:  True
pred_19.requires_grad, true_19.requires_grad:  True True
Autograd grad max:  tensor(69.3418, device='cuda:0')
Autograd grad min:  tensor(-84.1541, device='cuda:0')
Autograd grad mean:  tensor(0.7118, device='cuda:0')
[Step 44] PGD Update - Time: 0.0017s, Mem: 0.00 B

[Step 44] 完整步骤总时间: 29.552354s | 总显存: 0.00 B
[Step 44] 峰值显存: 6.22 GB

[Step 45] ============ 详细性能分析 ============
[模型部分] 总时间: 6.575148s | 显存: 4.12 GB

[0-9秒 PDE求解详细性能]
  t=0s - 时间: 0.000000s | 显存: 0.00 B
  t=1s - 时间: 0.421706s | 显存: 0.00 B
  t=2s - 时间: 0.493237s | 显存: 0.00 B
  t=3s - 时间: 0.568474s | 显存: 0.00 B
  t=4s - 时间: 0.663833s | 显存: 0.00 B
  t=5s - 时间: 0.738911s | 显存: 0.00 B
  t=6s - 时间: 0.807957s | 显存: 0.00 B
  t=7s - 时间: 0.861592s | 显存: 0.00 B
  t=8s - 时间: 0.957420s | 显存: 0.00 B
  t=9s - 时间: 1.040862s | 显存: 0.00 B

[19秒 PDE求解]
  t=19.0s - 时间: 1.853284s | 显存: 0.00 B

[PDE求解部分] 总时间: 1.853586s | 显存: 0.00 B

[本步骤总计] 时间: 8.428734s | 显存: 4.12 GB
orginal_loss:  tensor(106574.3203, device='cuda:0', grad_fn=<MseLossBackward0>)
[Step 45] Backward Propagation - Time: 21.1758s, Mem: -4416135168.00 B
x_adv.requires_grad:  True
pred_19.requires_grad, true_19.requires_grad:  True True
Autograd grad max:  tensor(86.4720, device='cuda:0')
Autograd grad min:  tensor(-72.0358, device='cuda:0')
Autograd grad mean:  tensor(0.5450, device='cuda:0')
[Step 45] PGD Update - Time: 0.0013s, Mem: 0.00 B

[Step 45] 完整步骤总时间: 29.610543s | 总显存: 0.00 B
[Step 45] 峰值显存: 6.22 GB

[Step 46] ============ 详细性能分析 ============
[模型部分] 总时间: 6.507856s | 显存: 4.12 GB

[0-9秒 PDE求解详细性能]
  t=0s - 时间: 0.000000s | 显存: 0.00 B
  t=1s - 时间: 0.380354s | 显存: 0.00 B
  t=2s - 时间: 0.462556s | 显存: 0.00 B
  t=3s - 时间: 0.544125s | 显存: 0.00 B
  t=4s - 时间: 0.653858s | 显存: 0.00 B
  t=5s - 时间: 0.717399s | 显存: 0.00 B
  t=6s - 时间: 0.815726s | 显存: 0.00 B
  t=7s - 时间: 0.879220s | 显存: 0.00 B
  t=8s - 时间: 0.964914s | 显存: 0.00 B
  t=9s - 时间: 1.068700s | 显存: 0.00 B

[19秒 PDE求解]
  t=19.0s - 时间: 1.871709s | 显存: 0.00 B

[PDE求解部分] 总时间: 1.872022s | 显存: 0.00 B

[本步骤总计] 时间: 8.379878s | 显存: 4.12 GB
orginal_loss:  tensor(107940.1562, device='cuda:0', grad_fn=<MseLossBackward0>)
[Step 46] Backward Propagation - Time: 21.2135s, Mem: -4416135168.00 B
x_adv.requires_grad:  True
pred_19.requires_grad, true_19.requires_grad:  True True
Autograd grad max:  tensor(71.6124, device='cuda:0')
Autograd grad min:  tensor(-85.0754, device='cuda:0')
Autograd grad mean:  tensor(0.7288, device='cuda:0')
[Step 46] PGD Update - Time: 0.0012s, Mem: 0.00 B

[Step 46] 完整步骤总时间: 29.599331s | 总显存: 0.00 B
[Step 46] 峰值显存: 6.22 GB

[Step 47] ============ 详细性能分析 ============
[模型部分] 总时间: 6.513968s | 显存: 4.12 GB

[0-9秒 PDE求解详细性能]
  t=0s - 时间: 0.000000s | 显存: 0.00 B
  t=1s - 时间: 0.397474s | 显存: 0.00 B
  t=2s - 时间: 0.469951s | 显存: 0.00 B
  t=3s - 时间: 0.543158s | 显存: 0.00 B
  t=4s - 时间: 0.625416s | 显存: 0.00 B
  t=5s - 时间: 0.716277s | 显存: 0.00 B
  t=6s - 时间: 0.797150s | 显存: 0.00 B
  t=7s - 时间: 0.911389s | 显存: 0.00 B
  t=8s - 时间: 0.970779s | 显存: 0.00 B
  t=9s - 时间: 1.061208s | 显存: 0.00 B

[19秒 PDE求解]
  t=19.0s - 时间: 1.865049s | 显存: 0.00 B

[PDE求解部分] 总时间: 1.865346s | 显存: 0.00 B

[本步骤总计] 时间: 8.379314s | 显存: 4.12 GB
orginal_loss:  tensor(108695.4688, device='cuda:0', grad_fn=<MseLossBackward0>)
[Step 47] Backward Propagation - Time: 23.4287s, Mem: -4416135168.00 B
x_adv.requires_grad:  True
pred_19.requires_grad, true_19.requires_grad:  True True
Autograd grad max:  tensor(95.2018, device='cuda:0')
Autograd grad min:  tensor(-77.7671, device='cuda:0')
Autograd grad mean:  tensor(0.5587, device='cuda:0')
[Step 47] PGD Update - Time: 0.0011s, Mem: 0.00 B

[Step 47] 完整步骤总时间: 31.813427s | 总显存: 0.00 B
[Step 47] 峰值显存: 6.22 GB

[Step 48] ============ 详细性能分析 ============
[模型部分] 总时间: 6.654474s | 显存: 4.12 GB

[0-9秒 PDE求解详细性能]
  t=0s - 时间: 0.000000s | 显存: 0.00 B
  t=1s - 时间: 0.425911s | 显存: 0.00 B
  t=2s - 时间: 0.495855s | 显存: 0.00 B
  t=3s - 时间: 0.575251s | 显存: 0.00 B
  t=4s - 时间: 0.647660s | 显存: 0.00 B
  t=5s - 时间: 0.737815s | 显存: 0.00 B
  t=6s - 时间: 0.838629s | 显存: 0.00 B
  t=7s - 时间: 0.910389s | 显存: 0.00 B
  t=8s - 时间: 0.960671s | 显存: 0.00 B
  t=9s - 时间: 1.041424s | 显存: 0.00 B

[19秒 PDE求解]
  t=19.0s - 时间: 1.870663s | 显存: 0.00 B

[PDE求解部分] 总时间: 1.870969s | 显存: 0.00 B

[本步骤总计] 时间: 8.525443s | 显存: 4.12 GB
orginal_loss:  tensor(110219.6562, device='cuda:0', grad_fn=<MseLossBackward0>)
[Step 48] Backward Propagation - Time: 21.3862s, Mem: -4416135168.00 B
x_adv.requires_grad:  True
pred_19.requires_grad, true_19.requires_grad:  True True
Autograd grad max:  tensor(72.7331, device='cuda:0')
Autograd grad min:  tensor(-84.9705, device='cuda:0')
Autograd grad mean:  tensor(0.7379, device='cuda:0')
[Step 48] PGD Update - Time: 0.0012s, Mem: 0.00 B

[Step 48] 完整步骤总时间: 29.917636s | 总显存: 0.00 B
[Step 48] 峰值显存: 6.22 GB

[Step 49] ============ 详细性能分析 ============
[模型部分] 总时间: 6.527211s | 显存: 4.12 GB

[0-9秒 PDE求解详细性能]
  t=0s - 时间: 0.000000s | 显存: 0.00 B
  t=1s - 时间: 0.394044s | 显存: 0.00 B
  t=2s - 时间: 0.464598s | 显存: 0.00 B
  t=3s - 时间: 0.536658s | 显存: 0.00 B
  t=4s - 时间: 0.634590s | 显存: 0.00 B
  t=5s - 时间: 0.752925s | 显存: 0.00 B
  t=6s - 时间: 0.820364s | 显存: 0.00 B
  t=7s - 时间: 0.915096s | 显存: 0.00 B
  t=8s - 时间: 0.958811s | 显存: 0.00 B
  t=9s - 时间: 1.028896s | 显存: 0.00 B

[19秒 PDE求解]
  t=19.0s - 时间: 1.881362s | 显存: 0.00 B

[PDE求解部分] 总时间: 1.881658s | 显存: 0.00 B

[本步骤总计] 时间: 8.408869s | 显存: 4.12 GB
orginal_loss:  tensor(110955.6406, device='cuda:0', grad_fn=<MseLossBackward0>)
[Step 49] Backward Propagation - Time: 21.4870s, Mem: -4416135168.00 B
x_adv.requires_grad:  True
pred_19.requires_grad, true_19.requires_grad:  True True
Autograd grad max:  tensor(99.1042, device='cuda:0')
Autograd grad min:  tensor(-80.1471, device='cuda:0')
Autograd grad mean:  tensor(0.5607, device='cuda:0')
[Step 49] PGD Update - Time: 0.0012s, Mem: 0.00 B

[Step 49] 完整步骤总时间: 29.901481s | 总显存: 0.00 B
[Step 49] 峰值显存: 6.22 GB

[Step 50] ============ 详细性能分析 ============
[模型部分] 总时间: 6.678387s | 显存: 4.12 GB

[0-9秒 PDE求解详细性能]
  t=0s - 时间: 0.000000s | 显存: 0.00 B
  t=1s - 时间: 0.418759s | 显存: 0.00 B
  t=2s - 时间: 0.490621s | 显存: 0.00 B
  t=3s - 时间: 0.574282s | 显存: 0.00 B
  t=4s - 时间: 0.652855s | 显存: 0.00 B
  t=5s - 时间: 0.739522s | 显存: 0.00 B
  t=6s - 时间: 0.826426s | 显存: 0.00 B
  t=7s - 时间: 0.898862s | 显存: 0.00 B
  t=8s - 时间: 0.990924s | 显存: 0.00 B
  t=9s - 时间: 1.065115s | 显存: 0.00 B

[19秒 PDE求解]
  t=19.0s - 时间: 1.883051s | 显存: 0.00 B

[PDE求解部分] 总时间: 1.883387s | 显存: 0.00 B

[本步骤总计] 时间: 8.561774s | 显存: 4.12 GB
orginal_loss:  tensor(112509.0781, device='cuda:0', grad_fn=<MseLossBackward0>)
[Step 50] Backward Propagation - Time: 21.0117s, Mem: -4416135168.00 B
x_adv.requires_grad:  True
pred_19.requires_grad, true_19.requires_grad:  True True
Autograd grad max:  tensor(71.5467, device='cuda:0')
Autograd grad min:  tensor(-83.9620, device='cuda:0')
Autograd grad mean:  tensor(0.7404, device='cuda:0')
[Step 50] PGD Update - Time: 0.0013s, Mem: 0.00 B

[Step 50] 完整步骤总时间: 29.579392s | 总显存: 0.00 B
[Step 50] 峰值显存: 6.22 GB

[Step 51] ============ 详细性能分析 ============
[模型部分] 总时间: 6.671995s | 显存: 4.12 GB

[0-9秒 PDE求解详细性能]
  t=0s - 时间: 0.000000s | 显存: 0.00 B
  t=1s - 时间: 0.423887s | 显存: 0.00 B
  t=2s - 时间: 0.479062s | 显存: 0.00 B
  t=3s - 时间: 0.577264s | 显存: 0.00 B
  t=4s - 时间: 0.667725s | 显存: 0.00 B
  t=5s - 时间: 0.776384s | 显存: 0.00 B
  t=6s - 时间: 0.825973s | 显存: 0.00 B
  t=7s - 时间: 0.877422s | 显存: 0.00 B
  t=8s - 时间: 0.952443s | 显存: 0.00 B
  t=9s - 时间: 1.070493s | 显存: 0.00 B

[19秒 PDE求解]
  t=19.0s - 时间: 1.892101s | 显存: 0.00 B

[PDE求解部分] 总时间: 1.892394s | 显存: 0.00 B

[本步骤总计] 时间: 8.564389s | 显存: 4.12 GB
orginal_loss:  tensor(113276.6953, device='cuda:0', grad_fn=<MseLossBackward0>)
[Step 51] Backward Propagation - Time: 21.2720s, Mem: -4416135168.00 B
x_adv.requires_grad:  True
pred_19.requires_grad, true_19.requires_grad:  True True
Autograd grad max:  tensor(99.9388, device='cuda:0')
Autograd grad min:  tensor(-80.2510, device='cuda:0')
Autograd grad mean:  tensor(0.5511, device='cuda:0')
[Step 51] PGD Update - Time: 0.0013s, Mem: 0.00 B

[Step 51] 完整步骤总时间: 29.842600s | 总显存: 0.00 B
[Step 51] 峰值显存: 6.22 GB

[Step 52] ============ 详细性能分析 ============
[模型部分] 总时间: 6.371915s | 显存: 4.12 GB

[0-9秒 PDE求解详细性能]
  t=0s - 时间: 0.000000s | 显存: 0.00 B
  t=1s - 时间: 0.365635s | 显存: 0.00 B
  t=2s - 时间: 0.460919s | 显存: 0.00 B
  t=3s - 时间: 0.545774s | 显存: 0.00 B
  t=4s - 时间: 0.621087s | 显存: 0.00 B
  t=5s - 时间: 0.713777s | 显存: 0.00 B
  t=6s - 时间: 0.787655s | 显存: 0.00 B
  t=7s - 时间: 0.859284s | 显存: 0.00 B
  t=8s - 时间: 0.961049s | 显存: 0.00 B
  t=9s - 时间: 1.035722s | 显存: 0.00 B

[19秒 PDE求解]
  t=19.0s - 时间: 1.859524s | 显存: 0.00 B

[PDE求解部分] 总时间: 1.859863s | 显存: 0.00 B

[本步骤总计] 时间: 8.231778s | 显存: 4.12 GB
orginal_loss:  tensor(114778.1406, device='cuda:0', grad_fn=<MseLossBackward0>)
[Step 52] Backward Propagation - Time: 21.3675s, Mem: -4416135168.00 B
x_adv.requires_grad:  True
pred_19.requires_grad, true_19.requires_grad:  True True
Autograd grad max:  tensor(69.7989, device='cuda:0')
Autograd grad min:  tensor(-83.7107, device='cuda:0')
Autograd grad mean:  tensor(0.7510, device='cuda:0')
[Step 52] PGD Update - Time: 0.0011s, Mem: 0.00 B

[Step 52] 完整步骤总时间: 29.604852s | 总显存: 0.00 B
[Step 52] 峰值显存: 6.22 GB

[Step 53] ============ 详细性能分析 ============
[模型部分] 总时间: 6.461049s | 显存: 4.12 GB

[0-9秒 PDE求解详细性能]
  t=0s - 时间: 0.000000s | 显存: 0.00 B
  t=1s - 时间: 0.382500s | 显存: 0.00 B
  t=2s - 时间: 0.474970s | 显存: 0.00 B
  t=3s - 时间: 0.556246s | 显存: 0.00 B
  t=4s - 时间: 0.621215s | 显存: 0.00 B
  t=5s - 时间: 0.711826s | 显存: 0.00 B
  t=6s - 时间: 0.790147s | 显存: 0.00 B
  t=7s - 时间: 0.871487s | 显存: 0.00 B
  t=8s - 时间: 0.988724s | 显存: 0.00 B
  t=9s - 时间: 1.042510s | 显存: 0.00 B

[19秒 PDE求解]
  t=19.0s - 时间: 1.853610s | 显存: 0.00 B

[PDE求解部分] 总时间: 1.853917s | 显存: 0.00 B

[本步骤总计] 时间: 8.314966s | 显存: 4.12 GB
orginal_loss:  tensor(115713.6094, device='cuda:0', grad_fn=<MseLossBackward0>)
[Step 53] Backward Propagation - Time: 23.6443s, Mem: -4416135168.00 B
x_adv.requires_grad:  True
pred_19.requires_grad, true_19.requires_grad:  True True
Autograd grad max:  tensor(100.0452, device='cuda:0')
Autograd grad min:  tensor(-79.7631, device='cuda:0')
Autograd grad mean:  tensor(0.5370, device='cuda:0')
[Step 53] PGD Update - Time: 0.0012s, Mem: 0.00 B

[Step 53] 完整步骤总时间: 31.965534s | 总显存: 0.00 B
[Step 53] 峰值显存: 6.22 GB

[Step 54] ============ 详细性能分析 ============
[模型部分] 总时间: 6.661210s | 显存: 4.12 GB

[0-9秒 PDE求解详细性能]
  t=0s - 时间: 0.000000s | 显存: 0.00 B
  t=1s - 时间: 0.428565s | 显存: 0.00 B
  t=2s - 时间: 0.489325s | 显存: 0.00 B
  t=3s - 时间: 0.574542s | 显存: 0.00 B
  t=4s - 时间: 0.651577s | 显存: 0.00 B
  t=5s - 时间: 0.746602s | 显存: 0.00 B
  t=6s - 时间: 0.836402s | 显存: 0.00 B
  t=7s - 时间: 0.878525s | 显存: 0.00 B
  t=8s - 时间: 0.963165s | 显存: 0.00 B
  t=9s - 时间: 1.071570s | 显存: 0.00 B

[19秒 PDE求解]
  t=19.0s - 时间: 1.888134s | 显存: 0.00 B

[PDE求解部分] 总时间: 1.888455s | 显存: 0.00 B

[本步骤总计] 时间: 8.549665s | 显存: 4.12 GB
orginal_loss:  tensor(117122.3281, device='cuda:0', grad_fn=<MseLossBackward0>)
[Step 54] Backward Propagation - Time: 21.4189s, Mem: -4416135168.00 B
x_adv.requires_grad:  True
pred_19.requires_grad, true_19.requires_grad:  True True
Autograd grad max:  tensor(68.6190, device='cuda:0')
Autograd grad min:  tensor(-84.3352, device='cuda:0')
Autograd grad mean:  tensor(0.7665, device='cuda:0')
[Step 54] PGD Update - Time: 0.0013s, Mem: 0.00 B

[Step 54] 完整步骤总时间: 29.974170s | 总显存: 0.00 B
[Step 54] 峰值显存: 6.22 GB

[Step 55] ============ 详细性能分析 ============
[模型部分] 总时间: 6.602456s | 显存: 4.12 GB

[0-9秒 PDE求解详细性能]
  t=0s - 时间: 0.000000s | 显存: 0.00 B
  t=1s - 时间: 0.438394s | 显存: 0.00 B
  t=2s - 时间: 0.486076s | 显存: 0.00 B
  t=3s - 时间: 0.579307s | 显存: 0.00 B
  t=4s - 时间: 0.662469s | 显存: 0.00 B
  t=5s - 时间: 0.731583s | 显存: 0.00 B
  t=6s - 时间: 0.797126s | 显存: 0.00 B
  t=7s - 时间: 0.878763s | 显存: 0.00 B
  t=8s - 时间: 0.970007s | 显存: 0.00 B
  t=9s - 时间: 1.037390s | 显存: 0.00 B

[19秒 PDE求解]
  t=19.0s - 时间: 1.889497s | 显存: 0.00 B

[PDE求解部分] 总时间: 1.889798s | 显存: 0.00 B

[本步骤总计] 时间: 8.492253s | 显存: 4.12 GB
orginal_loss:  tensor(118341.9531, device='cuda:0', grad_fn=<MseLossBackward0>)
[Step 55] Backward Propagation - Time: 21.4414s, Mem: -4416135168.00 B
x_adv.requires_grad:  True
pred_19.requires_grad, true_19.requires_grad:  True True
Autograd grad max:  tensor(97.8548, device='cuda:0')
Autograd grad min:  tensor(-76.8504, device='cuda:0')
Autograd grad mean:  tensor(0.5235, device='cuda:0')
[Step 55] PGD Update - Time: 0.0012s, Mem: 0.00 B

[Step 55] 完整步骤总时间: 29.939786s | 总显存: 0.00 B
[Step 55] 峰值显存: 6.22 GB

[Step 56] ============ 详细性能分析 ============
[模型部分] 总时间: 6.472962s | 显存: 4.12 GB

[0-9秒 PDE求解详细性能]
  t=0s - 时间: 0.000000s | 显存: 0.00 B
  t=1s - 时间: 0.403409s | 显存: 0.00 B
  t=2s - 时间: 0.467806s | 显存: 0.00 B
  t=3s - 时间: 0.546457s | 显存: 0.00 B
  t=4s - 时间: 0.648907s | 显存: 0.00 B
  t=5s - 时间: 0.709661s | 显存: 0.00 B
  t=6s - 时间: 0.789676s | 显存: 0.00 B
  t=7s - 时间: 0.888628s | 显存: 0.00 B
  t=8s - 时间: 0.960627s | 显存: 0.00 B
  t=9s - 时间: 1.036743s | 显存: 0.00 B

[19秒 PDE求解]
  t=19.0s - 时间: 1.864915s | 显存: 0.00 B

[PDE求解部分] 总时间: 1.865245s | 显存: 0.00 B

[本步骤总计] 时间: 8.338207s | 显存: 4.12 GB
orginal_loss:  tensor(119673.7656, device='cuda:0', grad_fn=<MseLossBackward0>)
[Step 56] Backward Propagation - Time: 21.3235s, Mem: -4416135168.00 B
x_adv.requires_grad:  True
pred_19.requires_grad, true_19.requires_grad:  True True
Autograd grad max:  tensor(68.8935, device='cuda:0')
Autograd grad min:  tensor(-86.4621, device='cuda:0')
Autograd grad mean:  tensor(0.7729, device='cuda:0')
[Step 56] PGD Update - Time: 0.0013s, Mem: 0.00 B

[Step 56] 完整步骤总时间: 29.667398s | 总显存: 0.00 B
[Step 56] 峰值显存: 6.22 GB

[Step 57] ============ 详细性能分析 ============
[模型部分] 总时间: 6.672065s | 显存: 4.12 GB

[0-9秒 PDE求解详细性能]
  t=0s - 时间: 0.000000s | 显存: 0.00 B
  t=1s - 时间: 0.428708s | 显存: 0.00 B
  t=2s - 时间: 0.501516s | 显存: 0.00 B
  t=3s - 时间: 0.573879s | 显存: 0.00 B
  t=4s - 时间: 0.678942s | 显存: 0.00 B
  t=5s - 时间: 0.743502s | 显存: 0.00 B
  t=6s - 时间: 0.831868s | 显存: 0.00 B
  t=7s - 时间: 0.906918s | 显存: 0.00 B
  t=8s - 时间: 0.955031s | 显存: 0.00 B
  t=9s - 时间: 1.030240s | 显存: 0.00 B

[19秒 PDE求解]
  t=19.0s - 时间: 1.868116s | 显存: 0.00 B

[PDE求解部分] 总时间: 1.868439s | 显存: 0.00 B

[本步骤总计] 时间: 8.540504s | 显存: 4.12 GB
orginal_loss:  tensor(121020.0625, device='cuda:0', grad_fn=<MseLossBackward0>)
[Step 57] Backward Propagation - Time: 21.2503s, Mem: -4416135168.00 B
x_adv.requires_grad:  True
pred_19.requires_grad, true_19.requires_grad:  True True
Autograd grad max:  tensor(92.5301, device='cuda:0')
Autograd grad min:  tensor(-70.6020, device='cuda:0')
Autograd grad mean:  tensor(0.5212, device='cuda:0')
[Step 57] PGD Update - Time: 0.0012s, Mem: 0.00 B

[Step 57] 完整步骤总时间: 29.796972s | 总显存: 0.00 B
[Step 57] 峰值显存: 6.22 GB

[Step 58] ============ 详细性能分析 ============
[模型部分] 总时间: 6.500246s | 显存: 4.12 GB

[0-9秒 PDE求解详细性能]
  t=0s - 时间: 0.000000s | 显存: 0.00 B
  t=1s - 时间: 0.384710s | 显存: 0.00 B
  t=2s - 时间: 0.467177s | 显存: 0.00 B
  t=3s - 时间: 0.581505s | 显存: 0.00 B
  t=4s - 时间: 0.626395s | 显存: 0.00 B
  t=5s - 时间: 0.712085s | 显存: 0.00 B
  t=6s - 时间: 0.793896s | 显存: 0.00 B
  t=7s - 时间: 0.882052s | 显存: 0.00 B
  t=8s - 时间: 0.951360s | 显存: 0.00 B
  t=9s - 时间: 1.080047s | 显存: 0.00 B

[19秒 PDE求解]
  t=19.0s - 时间: 1.868826s | 显存: 0.00 B

[PDE求解部分] 总时间: 1.869176s | 显存: 0.00 B

[本步骤总计] 时间: 8.369422s | 显存: 4.12 GB
orginal_loss:  tensor(122390.0703, device='cuda:0', grad_fn=<MseLossBackward0>)
[Step 58] Backward Propagation - Time: 21.2407s, Mem: -4416135168.00 B
x_adv.requires_grad:  True
pred_19.requires_grad, true_19.requires_grad:  True True
Autograd grad max:  tensor(69.7747, device='cuda:0')
Autograd grad min:  tensor(-94.4279, device='cuda:0')
Autograd grad mean:  tensor(0.7381, device='cuda:0')
[Step 58] PGD Update - Time: 0.0012s, Mem: 0.00 B

[Step 58] 完整步骤总时间: 29.615961s | 总显存: 0.00 B
[Step 58] 峰值显存: 6.22 GB

[Step 59] ============ 详细性能分析 ============
[模型部分] 总时间: 6.649615s | 显存: 4.12 GB

[0-9秒 PDE求解详细性能]
  t=0s - 时间: 0.000000s | 显存: 0.00 B
  t=1s - 时间: 0.434346s | 显存: 0.00 B
  t=2s - 时间: 0.508803s | 显存: 0.00 B
  t=3s - 时间: 0.580724s | 显存: 0.00 B
  t=4s - 时间: 0.661802s | 显存: 0.00 B
  t=5s - 时间: 0.741795s | 显存: 0.00 B
  t=6s - 时间: 0.795427s | 显存: 0.00 B
  t=7s - 时间: 0.890843s | 显存: 0.00 B
  t=8s - 时间: 0.978204s | 显存: 0.00 B
  t=9s - 时间: 1.036474s | 显存: 0.00 B

[19秒 PDE求解]
  t=19.0s - 时间: 1.888507s | 显存: 0.00 B

[PDE求解部分] 总时间: 1.888812s | 显存: 0.00 B

[本步骤总计] 时间: 8.538426s | 显存: 4.12 GB
orginal_loss:  tensor(123414.5547, device='cuda:0', grad_fn=<MseLossBackward0>)
[Step 59] Backward Propagation - Time: 21.4402s, Mem: -4416135168.00 B
x_adv.requires_grad:  True
pred_19.requires_grad, true_19.requires_grad:  True True
Autograd grad max:  tensor(84.8862, device='cuda:0')
Autograd grad min:  tensor(-64.0562, device='cuda:0')
Autograd grad mean:  tensor(0.5393, device='cuda:0')
[Step 59] PGD Update - Time: 0.0011s, Mem: 0.00 B

[Step 59] 完整步骤总时间: 29.984199s | 总显存: 0.00 B
[Step 59] 峰值显存: 6.22 GB

[Step 60] ============ 详细性能分析 ============
[模型部分] 总时间: 6.647109s | 显存: 4.12 GB

[0-9秒 PDE求解详细性能]
  t=0s - 时间: 0.000000s | 显存: 0.00 B
  t=1s - 时间: 0.424521s | 显存: 0.00 B
  t=2s - 时间: 0.496193s | 显存: 0.00 B
  t=3s - 时间: 0.557720s | 显存: 0.00 B
  t=4s - 时间: 0.635045s | 显存: 0.00 B
  t=5s - 时间: 0.734441s | 显存: 0.00 B
  t=6s - 时间: 0.808286s | 显存: 0.00 B
  t=7s - 时间: 0.904486s | 显存: 0.00 B
  t=8s - 时间: 0.988130s | 显存: 0.00 B
  t=9s - 时间: 1.077193s | 显存: 0.00 B

[19秒 PDE求解]
  t=19.0s - 时间: 1.886845s | 显存: 0.00 B

[PDE求解部分] 总时间: 1.887213s | 显存: 0.00 B

[本步骤总计] 时间: 8.534322s | 显存: 4.12 GB
orginal_loss:  tensor(125113.3281, device='cuda:0', grad_fn=<MseLossBackward0>)
[Step 60] Backward Propagation - Time: 24.2672s, Mem: -4416135168.00 B
x_adv.requires_grad:  True
pred_19.requires_grad, true_19.requires_grad:  True True
Autograd grad max:  tensor(76.2276, device='cuda:0')
Autograd grad min:  tensor(-115.5231, device='cuda:0')
Autograd grad mean:  tensor(0.6339, device='cuda:0')
[Step 60] PGD Update - Time: 0.0013s, Mem: 0.00 B

[Step 60] 完整步骤总时间: 32.807528s | 总显存: 0.00 B
[Step 60] 峰值显存: 6.22 GB

[Step 61] ============ 详细性能分析 ============
[模型部分] 总时间: 6.653126s | 显存: 4.12 GB

[0-9秒 PDE求解详细性能]
  t=0s - 时间: 0.000000s | 显存: 0.00 B
  t=1s - 时间: 0.388924s | 显存: 0.00 B
  t=2s - 时间: 0.453953s | 显存: 0.00 B
  t=3s - 时间: 0.585814s | 显存: 0.00 B
  t=4s - 时间: 0.660330s | 显存: 0.00 B
  t=5s - 时间: 0.752515s | 显存: 0.00 B
  t=6s - 时间: 0.822783s | 显存: 0.00 B
  t=7s - 时间: 0.904869s | 显存: 0.00 B
  t=8s - 时间: 0.977202s | 显存: 0.00 B
  t=9s - 时间: 1.085528s | 显存: 0.00 B

[19秒 PDE求解]
  t=19.0s - 时间: 1.861296s | 显存: 0.00 B

[PDE求解部分] 总时间: 1.861605s | 显存: 0.00 B

[本步骤总计] 时间: 8.514730s | 显存: 4.12 GB
orginal_loss:  tensor(125394.7734, device='cuda:0', grad_fn=<MseLossBackward0>)
[Step 61] Backward Propagation - Time: 21.5044s, Mem: -4416135168.00 B
x_adv.requires_grad:  True
pred_19.requires_grad, true_19.requires_grad:  True True
Autograd grad max:  tensor(72.7383, device='cuda:0')
Autograd grad min:  tensor(-65.4715, device='cuda:0')
Autograd grad mean:  tensor(0.5664, device='cuda:0')
[Step 61] PGD Update - Time: 0.0012s, Mem: 0.00 B

[Step 61] 完整步骤总时间: 30.024728s | 总显存: 0.00 B
[Step 61] 峰值显存: 6.22 GB

[Step 62] ============ 详细性能分析 ============
[模型部分] 总时间: 6.618882s | 显存: 4.12 GB

[0-9秒 PDE求解详细性能]
  t=0s - 时间: 0.000000s | 显存: 0.00 B
  t=1s - 时间: 0.422269s | 显存: 0.00 B
  t=2s - 时间: 0.467612s | 显存: 0.00 B
  t=3s - 时间: 0.565208s | 显存: 0.00 B
  t=4s - 时间: 0.665419s | 显存: 0.00 B
  t=5s - 时间: 0.745422s | 显存: 0.00 B
  t=6s - 时间: 0.808351s | 显存: 0.00 B
  t=7s - 时间: 0.875733s | 显存: 0.00 B
  t=8s - 时间: 0.965088s | 显存: 0.00 B
  t=9s - 时间: 1.082697s | 显存: 0.00 B

[19秒 PDE求解]
  t=19.0s - 时间: 1.869349s | 显存: 0.00 B

[PDE求解部分] 总时间: 1.869724s | 显存: 0.00 B

[本步骤总计] 时间: 8.488605s | 显存: 4.12 GB
orginal_loss:  tensor(128260.5156, device='cuda:0', grad_fn=<MseLossBackward0>)
[Step 62] Backward Propagation - Time: 21.3947s, Mem: -4416135168.00 B
x_adv.requires_grad:  True
pred_19.requires_grad, true_19.requires_grad:  True True
Autograd grad max:  tensor(83.9865, device='cuda:0')
Autograd grad min:  tensor(-122.2229, device='cuda:0')
Autograd grad mean:  tensor(0.5547, device='cuda:0')
[Step 62] PGD Update - Time: 0.0013s, Mem: 0.00 B

[Step 62] 完整步骤总时间: 29.889097s | 总显存: 0.00 B
[Step 62] 峰值显存: 6.22 GB

[Step 63] ============ 详细性能分析 ============
[模型部分] 总时间: 6.457065s | 显存: 4.12 GB

[0-9秒 PDE求解详细性能]
  t=0s - 时间: 0.000000s | 显存: 0.00 B
  t=1s - 时间: 0.390029s | 显存: 0.00 B
  t=2s - 时间: 0.468476s | 显存: 0.00 B
  t=3s - 时间: 0.550755s | 显存: 0.00 B
  t=4s - 时间: 0.628723s | 显存: 0.00 B
  t=5s - 时间: 0.719483s | 显存: 0.00 B
  t=6s - 时间: 0.798819s | 显存: 0.00 B
  t=7s - 时间: 0.886267s | 显存: 0.00 B
  t=8s - 时间: 0.961853s | 显存: 0.00 B
  t=9s - 时间: 1.031458s | 显存: 0.00 B

[19秒 PDE求解]
  t=19.0s - 时间: 1.875740s | 显存: 0.00 B

[PDE求解部分] 总时间: 1.876045s | 显存: 0.00 B

[本步骤总计] 时间: 8.333110s | 显存: 4.12 GB
orginal_loss:  tensor(127482.4531, device='cuda:0', grad_fn=<MseLossBackward0>)
[Step 63] Backward Propagation - Time: 21.0356s, Mem: -4416135168.00 B
x_adv.requires_grad:  True
pred_19.requires_grad, true_19.requires_grad:  True True
Autograd grad max:  tensor(72.8251, device='cuda:0')
Autograd grad min:  tensor(-64.5317, device='cuda:0')
Autograd grad mean:  tensor(0.5872, device='cuda:0')
[Step 63] PGD Update - Time: 0.0013s, Mem: 0.00 B

[Step 63] 完整步骤总时间: 29.374658s | 总显存: 0.00 B
[Step 63] 峰值显存: 6.22 GB

[Step 64] ============ 详细性能分析 ============
[模型部分] 总时间: 6.454132s | 显存: 4.12 GB

[0-9秒 PDE求解详细性能]
  t=0s - 时间: 0.000000s | 显存: 0.00 B
  t=1s - 时间: 0.396858s | 显存: 0.00 B
  t=2s - 时间: 0.472618s | 显存: 0.00 B
  t=3s - 时间: 0.545853s | 显存: 0.00 B
  t=4s - 时间: 0.625047s | 显存: 0.00 B
  t=5s - 时间: 0.714022s | 显存: 0.00 B
  t=6s - 时间: 0.796798s | 显存: 0.00 B
  t=7s - 时间: 0.878716s | 显存: 0.00 B
  t=8s - 时间: 0.958000s | 显存: 0.00 B
  t=9s - 时间: 1.045092s | 显存: 0.00 B

[19秒 PDE求解]
  t=19.0s - 时间: 1.886037s | 显存: 0.00 B

[PDE求解部分] 总时间: 1.886373s | 显存: 0.00 B

[本步骤总计] 时间: 8.340505s | 显存: 4.12 GB
orginal_loss:  tensor(131329.4062, device='cuda:0', grad_fn=<MseLossBackward0>)
[Step 64] Backward Propagation - Time: 21.4402s, Mem: -4416135168.00 B
x_adv.requires_grad:  True
pred_19.requires_grad, true_19.requires_grad:  True True
Autograd grad max:  tensor(79.3749, device='cuda:0')
Autograd grad min:  tensor(-112.7888, device='cuda:0')
Autograd grad mean:  tensor(0.5368, device='cuda:0')
[Step 64] PGD Update - Time: 0.0013s, Mem: 0.00 B

[Step 64] 完整步骤总时间: 29.786369s | 总显存: 0.00 B
[Step 64] 峰值显存: 6.22 GB

[Step 65] ============ 详细性能分析 ============
[模型部分] 总时间: 6.484463s | 显存: 4.12 GB

[0-9秒 PDE求解详细性能]
  t=0s - 时间: 0.000000s | 显存: 0.00 B
  t=1s - 时间: 0.391189s | 显存: 0.00 B
  t=2s - 时间: 0.469528s | 显存: 0.00 B
  t=3s - 时间: 0.549660s | 显存: 0.00 B
  t=4s - 时间: 0.637245s | 显存: 0.00 B
  t=5s - 时间: 0.725565s | 显存: 0.00 B
  t=6s - 时间: 0.813962s | 显存: 0.00 B
  t=7s - 时间: 0.890657s | 显存: 0.00 B
  t=8s - 时间: 0.938790s | 显存: 0.00 B
  t=9s - 时间: 1.046560s | 显存: 0.00 B

[19秒 PDE求解]
  t=19.0s - 时间: 1.862790s | 显存: 0.00 B

[PDE求解部分] 总时间: 1.863088s | 显存: 0.00 B

[本步骤总计] 时间: 8.347551s | 显存: 4.12 GB
orginal_loss:  tensor(129740.2344, device='cuda:0', grad_fn=<MseLossBackward0>)
[Step 65] Backward Propagation - Time: 20.9773s, Mem: -4416135168.00 B
x_adv.requires_grad:  True
pred_19.requires_grad, true_19.requires_grad:  True True
Autograd grad max:  tensor(78.4940, device='cuda:0')
Autograd grad min:  tensor(-63.8528, device='cuda:0')
Autograd grad mean:  tensor(0.6017, device='cuda:0')
[Step 65] PGD Update - Time: 0.0010s, Mem: 0.00 B

[Step 65] 完整步骤总时间: 29.330813s | 总显存: 0.00 B
[Step 65] 峰值显存: 6.22 GB

[Step 66] ============ 详细性能分析 ============
[模型部分] 总时间: 6.490307s | 显存: 4.12 GB

[0-9秒 PDE求解详细性能]
  t=0s - 时间: 0.000000s | 显存: 0.00 B
  t=1s - 时间: 0.401082s | 显存: 0.00 B
  t=2s - 时间: 0.470065s | 显存: 0.00 B
  t=3s - 时间: 0.553520s | 显存: 0.00 B
  t=4s - 时间: 0.635723s | 显存: 0.00 B
  t=5s - 时间: 0.726454s | 显存: 0.00 B
  t=6s - 时间: 0.791650s | 显存: 0.00 B
  t=7s - 时间: 0.878516s | 显存: 0.00 B
  t=8s - 时间: 0.962701s | 显存: 0.00 B
  t=9s - 时间: 1.049436s | 显存: 0.00 B

[19秒 PDE求解]
  t=19.0s - 时间: 1.852288s | 显存: 0.00 B

[PDE求解部分] 总时间: 1.852652s | 显存: 0.00 B

[本步骤总计] 时间: 8.342959s | 显存: 4.12 GB
orginal_loss:  tensor(134446., device='cuda:0', grad_fn=<MseLossBackward0>)
[Step 66] Backward Propagation - Time: 21.1167s, Mem: -4416135168.00 B
x_adv.requires_grad:  True
pred_19.requires_grad, true_19.requires_grad:  True True
Autograd grad max:  tensor(78.5219, device='cuda:0')
Autograd grad min:  tensor(-109.1202, device='cuda:0')
Autograd grad mean:  tensor(0.5419, device='cuda:0')
[Step 66] PGD Update - Time: 0.0013s, Mem: 0.00 B

[Step 66] 完整步骤总时间: 29.465574s | 总显存: 0.00 B
[Step 66] 峰值显存: 6.22 GB

[Step 67] ============ 详细性能分析 ============
[模型部分] 总时间: 6.492273s | 显存: 4.12 GB

[0-9秒 PDE求解详细性能]
  t=0s - 时间: 0.000000s | 显存: 0.00 B
  t=1s - 时间: 0.401286s | 显存: 0.00 B
  t=2s - 时间: 0.472054s | 显存: 0.00 B
  t=3s - 时间: 0.540425s | 显存: 0.00 B
  t=4s - 时间: 0.648773s | 显存: 0.00 B
  t=5s - 时间: 0.715869s | 显存: 0.00 B
  t=6s - 时间: 0.794546s | 显存: 0.00 B
  t=7s - 时间: 0.876245s | 显存: 0.00 B
  t=8s - 时间: 0.975417s | 显存: 0.00 B
  t=9s - 时间: 1.046410s | 显存: 0.00 B

[19秒 PDE求解]
  t=19.0s - 时间: 1.868130s | 显存: 0.00 B

[PDE求解部分] 总时间: 1.868444s | 显存: 0.00 B

[本步骤总计] 时间: 8.360717s | 显存: 4.12 GB
orginal_loss:  tensor(132191.8750, device='cuda:0', grad_fn=<MseLossBackward0>)
[Step 67] Backward Propagation - Time: 24.3139s, Mem: -4416135168.00 B
x_adv.requires_grad:  True
pred_19.requires_grad, true_19.requires_grad:  True True
Autograd grad max:  tensor(86.4744, device='cuda:0')
Autograd grad min:  tensor(-64.3149, device='cuda:0')
Autograd grad mean:  tensor(0.6229, device='cuda:0')
[Step 67] PGD Update - Time: 0.0013s, Mem: 0.00 B

[Step 67] 完整步骤总时间: 32.680981s | 总显存: 0.00 B
[Step 67] 峰值显存: 6.22 GB

[Step 68] ============ 详细性能分析 ============
[模型部分] 总时间: 6.635222s | 显存: 4.12 GB

[0-9秒 PDE求解详细性能]
  t=0s - 时间: 0.000000s | 显存: 0.00 B
  t=1s - 时间: 0.426717s | 显存: 0.00 B
  t=2s - 时间: 0.490351s | 显存: 0.00 B
  t=3s - 时间: 0.584747s | 显存: 0.00 B
  t=4s - 时间: 0.666883s | 显存: 0.00 B
  t=5s - 时间: 0.748201s | 显存: 0.00 B
  t=6s - 时间: 0.798761s | 显存: 0.00 B
  t=7s - 时间: 0.880288s | 显存: 0.00 B
  t=8s - 时间: 0.953056s | 显存: 0.00 B
  t=9s - 时间: 1.065306s | 显存: 0.00 B

[19秒 PDE求解]
  t=19.0s - 时间: 1.855491s | 显存: 0.00 B

[PDE求解部分] 总时间: 1.855836s | 显存: 0.00 B

[本步骤总计] 时间: 8.491058s | 显存: 4.12 GB
orginal_loss:  tensor(137701.6562, device='cuda:0', grad_fn=<MseLossBackward0>)
[Step 68] Backward Propagation - Time: 21.2956s, Mem: -4416135168.00 B
x_adv.requires_grad:  True
pred_19.requires_grad, true_19.requires_grad:  True True
Autograd grad max:  tensor(81.1442, device='cuda:0')
Autograd grad min:  tensor(-117.1465, device='cuda:0')
Autograd grad mean:  tensor(0.5897, device='cuda:0')
[Step 68] PGD Update - Time: 0.0013s, Mem: 0.00 B

[Step 68] 完整步骤总时间: 29.792395s | 总显存: 0.00 B
[Step 68] 峰值显存: 6.22 GB

[Step 69] ============ 详细性能分析 ============
[模型部分] 总时间: 6.490941s | 显存: 4.12 GB

[0-9秒 PDE求解详细性能]
  t=0s - 时间: 0.000000s | 显存: 0.00 B
  t=1s - 时间: 0.396611s | 显存: 0.00 B
  t=2s - 时间: 0.468463s | 显存: 0.00 B
  t=3s - 时间: 0.544975s | 显存: 0.00 B
  t=4s - 时间: 0.622255s | 显存: 0.00 B
  t=5s - 时间: 0.733759s | 显存: 0.00 B
  t=6s - 时间: 0.793811s | 显存: 0.00 B
  t=7s - 时间: 0.877128s | 显存: 0.00 B
  t=8s - 时间: 0.956852s | 显存: 0.00 B
  t=9s - 时间: 1.075692s | 显存: 0.00 B

[19秒 PDE求解]
  t=19.0s - 时间: 1.865568s | 显存: 0.00 B

[PDE求解部分] 总时间: 1.865844s | 显存: 0.00 B

[本步骤总计] 时间: 8.356785s | 显存: 4.12 GB
orginal_loss:  tensor(134663.6406, device='cuda:0', grad_fn=<MseLossBackward0>)
[Step 69] Backward Propagation - Time: 21.3257s, Mem: -4416135168.00 B
x_adv.requires_grad:  True
pred_19.requires_grad, true_19.requires_grad:  True True
Autograd grad max:  tensor(95.9086, device='cuda:0')
Autograd grad min:  tensor(-76.8415, device='cuda:0')
Autograd grad mean:  tensor(0.6530, device='cuda:0')
[Step 69] PGD Update - Time: 0.0013s, Mem: 0.00 B

[Step 69] 完整步骤总时间: 29.688716s | 总显存: 0.00 B
[Step 69] 峰值显存: 6.22 GB

[Step 70] ============ 详细性能分析 ============
[模型部分] 总时间: 6.587429s | 显存: 4.12 GB

[0-9秒 PDE求解详细性能]
  t=0s - 时间: 0.000000s | 显存: 0.00 B
  t=1s - 时间: 0.387569s | 显存: 0.00 B
  t=2s - 时间: 0.465835s | 显存: 0.00 B
  t=3s - 时间: 0.543333s | 显存: 0.00 B
  t=4s - 时间: 0.655434s | 显存: 0.00 B
  t=5s - 时间: 0.745122s | 显存: 0.00 B
  t=6s - 时间: 0.828628s | 显存: 0.00 B
  t=7s - 时间: 0.912977s | 显存: 0.00 B
  t=8s - 时间: 0.990972s | 显存: 0.00 B
  t=9s - 时间: 1.036442s | 显存: 0.00 B

[19秒 PDE求解]
  t=19.0s - 时间: 1.861074s | 显存: 0.00 B

[PDE求解部分] 总时间: 1.861440s | 显存: 0.00 B

[本步骤总计] 时间: 8.448869s | 显存: 4.12 GB
orginal_loss:  tensor(140756.2500, device='cuda:0', grad_fn=<MseLossBackward0>)
[Step 70] Backward Propagation - Time: 21.0677s, Mem: -4416135168.00 B
x_adv.requires_grad:  True
pred_19.requires_grad, true_19.requires_grad:  True True
Autograd grad max:  tensor(99.6168, device='cuda:0')
Autograd grad min:  tensor(-133.8864, device='cuda:0')
Autograd grad mean:  tensor(0.6794, device='cuda:0')
[Step 70] PGD Update - Time: 0.0013s, Mem: 0.00 B

[Step 70] 完整步骤总时间: 29.524615s | 总显存: 0.00 B
[Step 70] 峰值显存: 6.22 GB

[Step 71] ============ 详细性能分析 ============
[模型部分] 总时间: 6.535626s | 显存: 4.12 GB

[0-9秒 PDE求解详细性能]
  t=0s - 时间: 0.000000s | 显存: 0.00 B
  t=1s - 时间: 0.399614s | 显存: 0.00 B
  t=2s - 时间: 0.458192s | 显存: 0.00 B
  t=3s - 时间: 0.540046s | 显存: 0.00 B
  t=4s - 时间: 0.665118s | 显存: 0.00 B
  t=5s - 时间: 0.714459s | 显存: 0.00 B
  t=6s - 时间: 0.836304s | 显存: 0.00 B
  t=7s - 时间: 0.895173s | 显存: 0.00 B
  t=8s - 时间: 0.962892s | 显存: 0.00 B
  t=9s - 时间: 1.042388s | 显存: 0.00 B

[19秒 PDE求解]
  t=19.0s - 时间: 1.852561s | 显存: 0.00 B

[PDE求解部分] 总时间: 1.852877s | 显存: 0.00 B

[本步骤总计] 时间: 8.388503s | 显存: 4.12 GB
orginal_loss:  tensor(137093.4062, device='cuda:0', grad_fn=<MseLossBackward0>)
[Step 71] Backward Propagation - Time: 21.1102s, Mem: -4416135168.00 B
x_adv.requires_grad:  True
pred_19.requires_grad, true_19.requires_grad:  True True
Autograd grad max:  tensor(113.4608, device='cuda:0')
Autograd grad min:  tensor(-101.4619, device='cuda:0')
Autograd grad mean:  tensor(0.6934, device='cuda:0')
[Step 71] PGD Update - Time: 0.0013s, Mem: 0.00 B

[Step 71] 完整步骤总时间: 29.505012s | 总显存: 0.00 B
[Step 71] 峰值显存: 6.22 GB

[Step 72] ============ 详细性能分析 ============
[模型部分] 总时间: 6.487853s | 显存: 4.12 GB

[0-9秒 PDE求解详细性能]
  t=0s - 时间: 0.000000s | 显存: 0.00 B
  t=1s - 时间: 0.404701s | 显存: 0.00 B
  t=2s - 时间: 0.472289s | 显存: 0.00 B
  t=3s - 时间: 0.552893s | 显存: 0.00 B
  t=4s - 时间: 0.627662s | 显存: 0.00 B
  t=5s - 时间: 0.717385s | 显存: 0.00 B
  t=6s - 时间: 0.800998s | 显存: 0.00 B
  t=7s - 时间: 0.878365s | 显存: 0.00 B
  t=8s - 时间: 0.968506s | 显存: 0.00 B
  t=9s - 时间: 1.043944s | 显存: 0.00 B

[19秒 PDE求解]
  t=19.0s - 时间: 1.855563s | 显存: 0.00 B

[PDE求解部分] 总时间: 1.855881s | 显存: 0.00 B

[本步骤总计] 时间: 8.343734s | 显存: 4.12 GB
orginal_loss:  tensor(143880.3594, device='cuda:0', grad_fn=<MseLossBackward0>)
[Step 72] Backward Propagation - Time: 21.0751s, Mem: -4416135168.00 B
x_adv.requires_grad:  True
pred_19.requires_grad, true_19.requires_grad:  True True
Autograd grad max:  tensor(109.3800, device='cuda:0')
Autograd grad min:  tensor(-139.5662, device='cuda:0')
Autograd grad mean:  tensor(0.7451, device='cuda:0')
[Step 72] PGD Update - Time: 0.0013s, Mem: 0.00 B

[Step 72] 完整步骤总时间: 29.424603s | 总显存: 0.00 B
[Step 72] 峰值显存: 6.22 GB

[Step 73] ============ 详细性能分析 ============
[模型部分] 总时间: 6.716635s | 显存: 4.12 GB

[0-9秒 PDE求解详细性能]
  t=0s - 时间: 0.000000s | 显存: 0.00 B
  t=1s - 时间: 0.428006s | 显存: 0.00 B
  t=2s - 时间: 0.501595s | 显存: 0.00 B
  t=3s - 时间: 0.592430s | 显存: 0.00 B
  t=4s - 时间: 0.654568s | 显存: 0.00 B
  t=5s - 时间: 0.755489s | 显存: 0.00 B
  t=6s - 时间: 0.835074s | 显存: 0.00 B
  t=7s - 时间: 0.944834s | 显存: 0.00 B
  t=8s - 时间: 0.953226s | 显存: 0.00 B
  t=9s - 时间: 1.030162s | 显存: 0.00 B

[19秒 PDE求解]
  t=19.0s - 时间: 1.862886s | 显存: 0.00 B

[PDE求解部分] 总时间: 1.863204s | 显存: 0.00 B

[本步骤总计] 时间: 8.579839s | 显存: 4.12 GB
orginal_loss:  tensor(140299., device='cuda:0', grad_fn=<MseLossBackward0>)
[Step 73] Backward Propagation - Time: 21.2867s, Mem: -4416135168.00 B
x_adv.requires_grad:  True
pred_19.requires_grad, true_19.requires_grad:  True True
Autograd grad max:  tensor(130.1541, device='cuda:0')
Autograd grad min:  tensor(-119.2967, device='cuda:0')
Autograd grad mean:  tensor(0.7577, device='cuda:0')
[Step 73] PGD Update - Time: 0.0012s, Mem: 0.00 B

[Step 73] 完整步骤总时间: 29.884401s | 总显存: 0.00 B
[Step 73] 峰值显存: 6.22 GB

[Step 74] ============ 详细性能分析 ============
[模型部分] 总时间: 6.527287s | 显存: 4.12 GB

[0-9秒 PDE求解详细性能]
  t=0s - 时间: 0.000000s | 显存: 0.00 B
  t=1s - 时间: 0.400730s | 显存: 0.00 B
  t=2s - 时间: 0.469518s | 显存: 0.00 B
  t=3s - 时间: 0.529235s | 显存: 0.00 B
  t=4s - 时间: 0.613584s | 显存: 0.00 B
  t=5s - 时间: 0.723189s | 显存: 0.00 B
  t=6s - 时间: 0.776912s | 显存: 0.00 B
  t=7s - 时间: 0.911776s | 显存: 0.00 B
  t=8s - 时间: 1.000864s | 显存: 0.00 B
  t=9s - 时间: 1.080394s | 显存: 0.00 B

[19秒 PDE求解]
  t=19.0s - 时间: 1.895361s | 显存: 0.00 B

[PDE求解部分] 总时间: 1.895744s | 显存: 0.00 B

[本步骤总计] 时间: 8.423031s | 显存: 4.12 GB
orginal_loss:  tensor(147480.3438, device='cuda:0', grad_fn=<MseLossBackward0>)
[Step 74] Backward Propagation - Time: 21.1997s, Mem: -4416135168.00 B
x_adv.requires_grad:  True
pred_19.requires_grad, true_19.requires_grad:  True True
Autograd grad max:  tensor(123.7674, device='cuda:0')
Autograd grad min:  tensor(-142.5223, device='cuda:0')
Autograd grad mean:  tensor(0.8199, device='cuda:0')
[Step 74] PGD Update - Time: 0.0013s, Mem: 0.00 B

[Step 74] 完整步骤总时间: 29.628585s | 总显存: 0.00 B
[Step 74] 峰值显存: 6.22 GB

[Step 75] ============ 详细性能分析 ============
[模型部分] 总时间: 6.422923s | 显存: 4.12 GB

[0-9秒 PDE求解详细性能]
  t=0s - 时间: 0.000000s | 显存: 0.00 B
  t=1s - 时间: 0.393170s | 显存: 0.00 B
  t=2s - 时间: 0.458695s | 显存: 0.00 B
  t=3s - 时间: 0.558611s | 显存: 0.00 B
  t=4s - 时间: 0.627782s | 显存: 0.00 B
  t=5s - 时间: 0.711454s | 显存: 0.00 B
  t=6s - 时间: 0.791789s | 显存: 0.00 B
  t=7s - 时间: 0.873857s | 显存: 0.00 B
  t=8s - 时间: 0.949491s | 显存: 0.00 B
  t=9s - 时间: 1.036779s | 显存: 0.00 B

[19秒 PDE求解]
  t=19.0s - 时间: 1.884160s | 显存: 0.00 B

[PDE求解部分] 总时间: 1.884483s | 显存: 0.00 B

[本步骤总计] 时间: 8.307406s | 显存: 4.12 GB
orginal_loss:  tensor(143772.4688, device='cuda:0', grad_fn=<MseLossBackward0>)
[Step 75] Backward Propagation - Time: 21.4216s, Mem: -4416135168.00 B
x_adv.requires_grad:  True
pred_19.requires_grad, true_19.requires_grad:  True True
Autograd grad max:  tensor(140.1613, device='cuda:0')
Autograd grad min:  tensor(-129.5475, device='cuda:0')
Autograd grad mean:  tensor(0.8282, device='cuda:0')
[Step 75] PGD Update - Time: 0.0013s, Mem: 0.00 B

[Step 75] 完整步骤总时间: 29.734463s | 总显存: 0.00 B
[Step 75] 峰值显存: 6.22 GB

[Step 76] ============ 详细性能分析 ============
[模型部分] 总时间: 10.028135s | 显存: 4.12 GB

[0-9秒 PDE求解详细性能]
  t=0s - 时间: 0.000000s | 显存: 0.00 B
  t=1s - 时间: 0.419576s | 显存: 0.00 B
  t=2s - 时间: 0.466970s | 显存: 0.00 B
  t=3s - 时间: 0.588773s | 显存: 0.00 B
  t=4s - 时间: 0.629432s | 显存: 0.00 B
  t=5s - 时间: 4.208825s | 显存: 0.00 B
  t=6s - 时间: 0.799659s | 显存: 0.00 B
  t=7s - 时间: 0.884175s | 显存: 0.00 B
  t=8s - 时间: 0.965529s | 显存: 0.00 B
  t=9s - 时间: 1.044067s | 显存: 0.00 B

[19秒 PDE求解]
  t=19.0s - 时间: 1.861259s | 显存: 0.00 B

[PDE求解部分] 总时间: 1.861583s | 显存: 0.00 B

[本步骤总计] 时间: 11.889719s | 显存: 4.12 GB
orginal_loss:  tensor(150970.9688, device='cuda:0', grad_fn=<MseLossBackward0>)
[Step 76] Backward Propagation - Time: 21.2140s, Mem: -4416135168.00 B
x_adv.requires_grad:  True
pred_19.requires_grad, true_19.requires_grad:  True True
Autograd grad max:  tensor(136.9227, device='cuda:0')
Autograd grad min:  tensor(-138.9874, device='cuda:0')
Autograd grad mean:  tensor(0.8771, device='cuda:0')
[Step 76] PGD Update - Time: 0.0013s, Mem: 0.00 B

[Step 76] 完整步骤总时间: 33.109562s | 总显存: 0.00 B
[Step 76] 峰值显存: 6.22 GB

[Step 77] ============ 详细性能分析 ============
[模型部分] 总时间: 6.692212s | 显存: 4.12 GB

[0-9秒 PDE求解详细性能]
  t=0s - 时间: 0.000000s | 显存: 0.00 B
  t=1s - 时间: 0.391347s | 显存: 0.00 B
  t=2s - 时间: 0.476377s | 显存: 0.00 B
  t=3s - 时间: 0.563303s | 显存: 0.00 B
  t=4s - 时间: 0.684673s | 显存: 0.00 B
  t=5s - 时间: 0.750082s | 显存: 0.00 B
  t=6s - 时间: 0.823843s | 显存: 0.00 B
  t=7s - 时间: 0.917923s | 显存: 0.00 B
  t=8s - 时间: 0.992587s | 显存: 0.00 B
  t=9s - 时间: 1.070863s | 显存: 0.00 B

[19秒 PDE求解]
  t=19.0s - 时间: 1.895053s | 显存: 0.00 B

[PDE求解部分] 总时间: 1.895360s | 显存: 0.00 B

[本步骤总计] 时间: 8.587572s | 显存: 4.12 GB
orginal_loss:  tensor(147041.5312, device='cuda:0', grad_fn=<MseLossBackward0>)
[Step 77] Backward Propagation - Time: 21.2532s, Mem: -4416135168.00 B
x_adv.requires_grad:  True
pred_19.requires_grad, true_19.requires_grad:  True True
Autograd grad max:  tensor(158.5824, device='cuda:0')
Autograd grad min:  tensor(-144.2007, device='cuda:0')
Autograd grad mean:  tensor(0.8404, device='cuda:0')
[Step 77] PGD Update - Time: 0.0012s, Mem: 0.00 B

[Step 77] 完整步骤总时间: 29.846236s | 总显存: 0.00 B
[Step 77] 峰值显存: 6.22 GB

[Step 78] ============ 详细性能分析 ============
[模型部分] 总时间: 6.552155s | 显存: 4.12 GB

[0-9秒 PDE求解详细性能]
  t=0s - 时间: 0.000000s | 显存: 0.00 B
  t=1s - 时间: 0.401771s | 显存: 0.00 B
  t=2s - 时间: 0.480798s | 显存: 0.00 B
  t=3s - 时间: 0.556761s | 显存: 0.00 B
  t=4s - 时间: 0.618898s | 显存: 0.00 B
  t=5s - 时间: 0.720293s | 显存: 0.00 B
  t=6s - 时间: 0.825875s | 显存: 0.00 B
  t=7s - 时间: 0.888404s | 显存: 0.00 B
  t=8s - 时间: 0.957008s | 显存: 0.00 B
  t=9s - 时间: 1.081274s | 显存: 0.00 B

[19秒 PDE求解]
  t=19.0s - 时间: 1.885957s | 显存: 0.00 B

[PDE求解部分] 总时间: 1.886362s | 显存: 0.00 B

[本步骤总计] 时间: 8.438517s | 显存: 4.12 GB
orginal_loss:  tensor(153973.8750, device='cuda:0', grad_fn=<MseLossBackward0>)
[Step 78] Backward Propagation - Time: 21.3718s, Mem: -4416135168.00 B
x_adv.requires_grad:  True
pred_19.requires_grad, true_19.requires_grad:  True True
Autograd grad max:  tensor(129.8997, device='cuda:0')
Autograd grad min:  tensor(-125.2149, device='cuda:0')
Autograd grad mean:  tensor(0.9111, device='cuda:0')
[Step 78] PGD Update - Time: 0.0013s, Mem: 0.00 B

[Step 78] 完整步骤总时间: 29.816020s | 总显存: 0.00 B
[Step 78] 峰值显存: 6.22 GB

[Step 79] ============ 详细性能分析 ============
[模型部分] 总时间: 6.611323s | 显存: 4.12 GB

[0-9秒 PDE求解详细性能]
  t=0s - 时间: 0.000000s | 显存: 0.00 B
  t=1s - 时间: 0.428243s | 显存: 0.00 B
  t=2s - 时间: 0.517648s | 显存: 0.00 B
  t=3s - 时间: 0.576488s | 显存: 0.00 B
  t=4s - 时间: 0.664603s | 显存: 0.00 B
  t=5s - 时间: 0.732572s | 显存: 0.00 B
  t=6s - 时间: 0.795410s | 显存: 0.00 B
  t=7s - 时间: 0.873392s | 显存: 0.00 B
  t=8s - 时间: 0.964206s | 显存: 0.00 B
  t=9s - 时间: 1.037425s | 显存: 0.00 B

[19秒 PDE求解]
  t=19.0s - 时间: 1.886609s | 显存: 0.00 B

[PDE求解部分] 总时间: 1.886927s | 显存: 0.00 B

[本步骤总计] 时间: 8.498250s | 显存: 4.12 GB
orginal_loss:  tensor(150247., device='cuda:0', grad_fn=<MseLossBackward0>)
[Step 79] Backward Propagation - Time: 21.5489s, Mem: -4416135168.00 B
x_adv.requires_grad:  True
pred_19.requires_grad, true_19.requires_grad:  True True
Autograd grad max:  tensor(182.2318, device='cuda:0')
Autograd grad min:  tensor(-168.3974, device='cuda:0')
Autograd grad mean:  tensor(0.7914, device='cuda:0')
[Step 79] PGD Update - Time: 0.0012s, Mem: 0.00 B

[Step 79] 完整步骤总时间: 30.052789s | 总显存: 0.00 B
[Step 79] 峰值显存: 6.22 GB

[Step 80] ============ 详细性能分析 ============
[模型部分] 总时间: 6.689123s | 显存: 4.12 GB

[0-9秒 PDE求解详细性能]
  t=0s - 时间: 0.000000s | 显存: 0.00 B
  t=1s - 时间: 0.440079s | 显存: 0.00 B
  t=2s - 时间: 0.501026s | 显存: 0.00 B
  t=3s - 时间: 0.578894s | 显存: 0.00 B
  t=4s - 时间: 0.655753s | 显存: 0.00 B
  t=5s - 时间: 0.746367s | 显存: 0.00 B
  t=6s - 时间: 0.816500s | 显存: 0.00 B
  t=7s - 时间: 0.889325s | 显存: 0.00 B
  t=8s - 时间: 0.992500s | 显存: 0.00 B
  t=9s - 时间: 1.047592s | 显存: 0.00 B

[19秒 PDE求解]
  t=19.0s - 时间: 1.867590s | 显存: 0.00 B

[PDE求解部分] 总时间: 1.867931s | 显存: 0.00 B

[本步骤总计] 时间: 8.557054s | 显存: 4.12 GB
orginal_loss:  tensor(156403.5938, device='cuda:0', grad_fn=<MseLossBackward0>)
[Step 80] Backward Propagation - Time: 21.0430s, Mem: -4416135168.00 B
x_adv.requires_grad:  True
pred_19.requires_grad, true_19.requires_grad:  True True
Autograd grad max:  tensor(107.1378, device='cuda:0')
Autograd grad min:  tensor(-109.2189, device='cuda:0')
Autograd grad mean:  tensor(0.9922, device='cuda:0')
[Step 80] PGD Update - Time: 0.0012s, Mem: 0.00 B

[Step 80] 完整步骤总时间: 29.605848s | 总显存: 0.00 B
[Step 80] 峰值显存: 6.22 GB

[Step 81] ============ 详细性能分析 ============
[模型部分] 总时间: 6.716992s | 显存: 4.12 GB

[0-9秒 PDE求解详细性能]
  t=0s - 时间: 0.000000s | 显存: 0.00 B
  t=1s - 时间: 0.394130s | 显存: 0.00 B
  t=2s - 时间: 0.477115s | 显存: 0.00 B
  t=3s - 时间: 0.577452s | 显存: 0.00 B
  t=4s - 时间: 0.664293s | 显存: 0.00 B
  t=5s - 时间: 0.773525s | 显存: 0.00 B
  t=6s - 时间: 0.832902s | 显存: 0.00 B
  t=7s - 时间: 0.911452s | 显存: 0.00 B
  t=8s - 时间: 0.983880s | 显存: 0.00 B
  t=9s - 时间: 1.080864s | 显存: 0.00 B

[19秒 PDE求解]
  t=19.0s - 时间: 1.881451s | 显存: 0.00 B

[PDE求解部分] 总时间: 1.881758s | 显存: 0.00 B

[本步骤总计] 时间: 8.598750s | 显存: 4.12 GB
orginal_loss:  tensor(153772.1250, device='cuda:0', grad_fn=<MseLossBackward0>)
[Step 81] Backward Propagation - Time: 21.3275s, Mem: -4416135168.00 B
x_adv.requires_grad:  True
pred_19.requires_grad, true_19.requires_grad:  True True
Autograd grad max:  tensor(188.6913, device='cuda:0')
Autograd grad min:  tensor(-179.8719, device='cuda:0')
Autograd grad mean:  tensor(0.6532, device='cuda:0')
[Step 81] PGD Update - Time: 0.0013s, Mem: 0.00 B

[Step 81] 完整步骤总时间: 29.932192s | 总显存: 0.00 B
[Step 81] 峰值显存: 6.22 GB

[Step 82] ============ 详细性能分析 ============
[模型部分] 总时间: 6.598692s | 显存: 4.12 GB

[0-9秒 PDE求解详细性能]
  t=0s - 时间: 0.000000s | 显存: 0.00 B
  t=1s - 时间: 0.401870s | 显存: 0.00 B
  t=2s - 时间: 0.515404s | 显存: 0.00 B
  t=3s - 时间: 0.590258s | 显存: 0.00 B
  t=4s - 时间: 0.664376s | 显存: 0.00 B
  t=5s - 时间: 0.717945s | 显存: 0.00 B
  t=6s - 时间: 0.792821s | 显存: 0.00 B
  t=7s - 时间: 0.896983s | 显存: 0.00 B
  t=8s - 时间: 0.963297s | 显存: 0.00 B
  t=9s - 时间: 1.034689s | 显存: 0.00 B

[19秒 PDE求解]
  t=19.0s - 时间: 1.853657s | 显存: 0.00 B

[PDE求解部分] 总时间: 1.854032s | 显存: 0.00 B

[本步骤总计] 时间: 8.452724s | 显存: 4.12 GB
orginal_loss:  tensor(158795., device='cuda:0', grad_fn=<MseLossBackward0>)
[Step 82] Backward Propagation - Time: 21.2548s, Mem: -4416135168.00 B
x_adv.requires_grad:  True
pred_19.requires_grad, true_19.requires_grad:  True True
Autograd grad max:  tensor(96.0804, device='cuda:0')
Autograd grad min:  tensor(-106.7406, device='cuda:0')
Autograd grad mean:  tensor(1.1398, device='cuda:0')
[Step 82] PGD Update - Time: 0.0013s, Mem: 0.00 B

[Step 82] 完整步骤总时间: 29.713156s | 总显存: 0.00 B
[Step 82] 峰值显存: 6.22 GB

[Step 83] ============ 详细性能分析 ============
[模型部分] 总时间: 6.698038s | 显存: 4.12 GB

[0-9秒 PDE求解详细性能]
  t=0s - 时间: 0.000000s | 显存: 0.00 B
  t=1s - 时间: 0.388352s | 显存: 0.00 B
  t=2s - 时间: 0.469974s | 显存: 0.00 B
  t=3s - 时间: 0.556550s | 显存: 0.00 B
  t=4s - 时间: 0.667625s | 显存: 0.00 B
  t=5s - 时间: 0.766865s | 显存: 0.00 B
  t=6s - 时间: 0.853097s | 显存: 0.00 B
  t=7s - 时间: 0.912701s | 显存: 0.00 B
  t=8s - 时间: 0.986823s | 显存: 0.00 B
  t=9s - 时间: 1.074700s | 显存: 0.00 B

[19秒 PDE求解]
  t=19.0s - 时间: 1.874027s | 显存: 0.00 B

[PDE求解部分] 总时间: 1.874341s | 显存: 0.00 B

[本步骤总计] 时间: 8.572379s | 显存: 4.12 GB
orginal_loss:  tensor(158685.8125, device='cuda:0', grad_fn=<MseLossBackward0>)
[Step 83] Backward Propagation - Time: 21.1848s, Mem: -4416135168.00 B
x_adv.requires_grad:  True
pred_19.requires_grad, true_19.requires_grad:  True True
Autograd grad max:  tensor(180.3675, device='cuda:0')
Autograd grad min:  tensor(-182.9071, device='cuda:0')
Autograd grad mean:  tensor(0.5985, device='cuda:0')
[Step 83] PGD Update - Time: 0.0013s, Mem: 0.00 B

[Step 83] 完整步骤总时间: 29.763302s | 总显存: 0.00 B
[Step 83] 峰值显存: 6.22 GB

[Step 84] ============ 详细性能分析 ============
[模型部分] 总时间: 6.563811s | 显存: 4.12 GB

[0-9秒 PDE求解详细性能]
  t=0s - 时间: 0.000000s | 显存: 0.00 B
  t=1s - 时间: 0.414906s | 显存: 0.00 B
  t=2s - 时间: 0.486057s | 显存: 0.00 B
  t=3s - 时间: 0.556326s | 显存: 0.00 B
  t=4s - 时间: 0.634837s | 显存: 0.00 B
  t=5s - 时间: 0.712549s | 显存: 0.00 B
  t=6s - 时间: 0.809806s | 显存: 0.00 B
  t=7s - 时间: 0.878409s | 显存: 0.00 B
  t=8s - 时间: 0.968704s | 显存: 0.00 B
  t=9s - 时间: 1.081197s | 显存: 0.00 B

[19秒 PDE求解]
  t=19.0s - 时间: 1.904254s | 显存: 0.00 B

[PDE求解部分] 总时间: 1.904560s | 显存: 0.00 B

[本步骤总计] 时间: 8.468372s | 显存: 4.12 GB
orginal_loss:  tensor(162075.5938, device='cuda:0', grad_fn=<MseLossBackward0>)
[Step 84] Backward Propagation - Time: 25.2105s, Mem: -4416135168.00 B
x_adv.requires_grad:  True
pred_19.requires_grad, true_19.requires_grad:  True True
Autograd grad max:  tensor(114.6147, device='cuda:0')
Autograd grad min:  tensor(-128.8184, device='cuda:0')
Autograd grad mean:  tensor(1.1758, device='cuda:0')
[Step 84] PGD Update - Time: 0.0012s, Mem: 0.00 B

[Step 84] 完整步骤总时间: 33.684471s | 总显存: 0.00 B
[Step 84] 峰值显存: 6.22 GB

[Step 85] ============ 详细性能分析 ============
[模型部分] 总时间: 6.470975s | 显存: 4.12 GB

[0-9秒 PDE求解详细性能]
  t=0s - 时间: 0.000000s | 显存: 0.00 B
  t=1s - 时间: 0.394025s | 显存: 0.00 B
  t=2s - 时间: 0.474258s | 显存: 0.00 B
  t=3s - 时间: 0.545885s | 显存: 0.00 B
  t=4s - 时间: 0.633655s | 显存: 0.00 B
  t=5s - 时间: 0.721709s | 显存: 0.00 B
  t=6s - 时间: 0.791940s | 显存: 0.00 B
  t=7s - 时间: 0.881855s | 显存: 0.00 B
  t=8s - 时间: 0.957074s | 显存: 0.00 B
  t=9s - 时间: 1.049232s | 显存: 0.00 B

[19秒 PDE求解]
  t=19.0s - 时间: 1.849514s | 显存: 0.00 B

[PDE求解部分] 总时间: 1.849819s | 显存: 0.00 B

[本步骤总计] 时间: 8.320795s | 显存: 4.12 GB
orginal_loss:  tensor(161451.1406, device='cuda:0', grad_fn=<MseLossBackward0>)
[Step 85] Backward Propagation - Time: 21.8948s, Mem: -4416135168.00 B
x_adv.requires_grad:  True
pred_19.requires_grad, true_19.requires_grad:  True True
Autograd grad max:  tensor(251.3783, device='cuda:0')
Autograd grad min:  tensor(-220.8184, device='cuda:0')
Autograd grad mean:  tensor(0.6929, device='cuda:0')
[Step 85] PGD Update - Time: 0.0025s, Mem: 0.00 B

[Step 85] 完整步骤总时间: 30.415373s | 总显存: 0.00 B
[Step 85] 峰值显存: 6.22 GB

[Step 86] ============ 详细性能分析 ============
[模型部分] 总时间: 6.768529s | 显存: 4.12 GB

[0-9秒 PDE求解详细性能]
  t=0s - 时间: 0.000000s | 显存: 0.00 B
  t=1s - 时间: 0.465938s | 显存: 0.00 B
  t=2s - 时间: 0.512213s | 显存: 0.00 B
  t=3s - 时间: 0.586513s | 显存: 0.00 B
  t=4s - 时间: 0.671686s | 显存: 0.00 B
  t=5s - 时间: 0.751690s | 显存: 0.00 B
  t=6s - 时间: 0.802907s | 显存: 0.00 B
  t=7s - 时间: 0.916461s | 显存: 0.00 B
  t=8s - 时间: 0.978647s | 显存: 0.00 B
  t=9s - 时间: 1.044477s | 显存: 0.00 B

[19秒 PDE求解]
  t=19.0s - 时间: 1.851578s | 显存: 0.00 B

[PDE求解部分] 总时间: 1.851924s | 显存: 0.00 B

[本步骤总计] 时间: 8.620454s | 显存: 4.12 GB
orginal_loss:  tensor(163735.7812, device='cuda:0', grad_fn=<MseLossBackward0>)
[Step 86] Backward Propagation - Time: 21.5478s, Mem: -4416135168.00 B
x_adv.requires_grad:  True
pred_19.requires_grad, true_19.requires_grad:  True True
Autograd grad max:  tensor(166.6651, device='cuda:0')
Autograd grad min:  tensor(-153.1041, device='cuda:0')
Autograd grad mean:  tensor(1.0279, device='cuda:0')
[Step 86] PGD Update - Time: 0.0012s, Mem: 0.00 B

[Step 86] 完整步骤总时间: 30.173935s | 总显存: 0.00 B
[Step 86] 峰值显存: 6.22 GB

[Step 87] ============ 详细性能分析 ============
[模型部分] 总时间: 6.788936s | 显存: 4.12 GB

[0-9秒 PDE求解详细性能]
  t=0s - 时间: 0.000000s | 显存: 0.00 B
  t=1s - 时间: 0.424289s | 显存: 0.00 B
  t=2s - 时间: 0.511690s | 显存: 0.00 B
  t=3s - 时间: 0.584418s | 显存: 0.00 B
  t=4s - 时间: 0.670126s | 显存: 0.00 B
  t=5s - 时间: 0.751065s | 显存: 0.00 B
  t=6s - 时间: 0.836421s | 显存: 0.00 B
  t=7s - 时间: 0.915542s | 显存: 0.00 B
  t=8s - 时间: 0.995764s | 显存: 0.00 B
  t=9s - 时间: 1.078456s | 显存: 0.00 B

[19秒 PDE求解]
  t=19.0s - 时间: 1.895998s | 显存: 0.00 B

[PDE求解部分] 总时间: 1.896355s | 显存: 0.00 B

[本步骤总计] 时间: 8.685291s | 显存: 4.12 GB
orginal_loss:  tensor(164435.1562, device='cuda:0', grad_fn=<MseLossBackward0>)
[Step 87] Backward Propagation - Time: 34.5793s, Mem: -4416135168.00 B
x_adv.requires_grad:  True
pred_19.requires_grad, true_19.requires_grad:  True True
Autograd grad max:  tensor(209.7525, device='cuda:0')
Autograd grad min:  tensor(-192.4141, device='cuda:0')
Autograd grad mean:  tensor(0.7610, device='cuda:0')
[Step 87] PGD Update - Time: 1.1159s, Mem: 0.00 B

[Step 87] 完整步骤总时间: 49.002644s | 总显存: 0.00 B
[Step 87] 峰值显存: 6.22 GB

[Step 88] ============ 详细性能分析 ============
[模型部分] 总时间: 15.938583s | 显存: 4.12 GB

[0-9秒 PDE求解详细性能]
  t=0s - 时间: 0.000000s | 显存: 0.00 B
  t=1s - 时间: 1.485671s | 显存: 0.00 B
  t=2s - 时间: 0.529397s | 显存: 0.00 B
  t=3s - 时间: 0.557699s | 显存: 0.00 B
  t=4s - 时间: 0.643775s | 显存: 0.00 B
  t=5s - 时间: 0.713055s | 显存: 0.00 B
  t=6s - 时间: 0.804347s | 显存: 0.00 B
  t=7s - 时间: 0.885871s | 显存: 0.00 B
  t=8s - 时间: 0.966704s | 显存: 0.00 B
  t=9s - 时间: 1.039961s | 显存: 0.00 B

[19秒 PDE求解]
  t=19.0s - 时间: 1.912225s | 显存: 0.00 B

[PDE求解部分] 总时间: 1.912558s | 显存: 0.00 B

[本步骤总计] 时间: 17.851141s | 显存: 4.12 GB
orginal_loss:  tensor(166636.8281, device='cuda:0', grad_fn=<MseLossBackward0>)
[Step 88] Backward Propagation - Time: 23.1410s, Mem: -4416135168.00 B
x_adv.requires_grad:  True
pred_19.requires_grad, true_19.requires_grad:  True True
Autograd grad max:  tensor(169.3490, device='cuda:0')
Autograd grad min:  tensor(-167.8392, device='cuda:0')
Autograd grad mean:  tensor(1.0268, device='cuda:0')
[Step 88] PGD Update - Time: 0.0012s, Mem: 0.00 B

[Step 88] 完整步骤总时间: 41.662145s | 总显存: 0.00 B
[Step 88] 峰值显存: 6.22 GB

[Step 89] ============ 详细性能分析 ============
[模型部分] 总时间: 6.577623s | 显存: 4.12 GB

[0-9秒 PDE求解详细性能]
  t=0s - 时间: 0.000000s | 显存: 0.00 B
  t=1s - 时间: 0.402790s | 显存: 0.00 B
  t=2s - 时间: 0.478965s | 显存: 0.00 B
  t=3s - 时间: 0.548615s | 显存: 0.00 B
  t=4s - 时间: 0.624945s | 显存: 0.00 B
  t=5s - 时间: 0.751214s | 显存: 0.00 B
  t=6s - 时间: 0.800915s | 显存: 0.00 B
  t=7s - 时间: 0.915036s | 显存: 0.00 B
  t=8s - 时间: 0.995708s | 显存: 0.00 B
  t=9s - 时间: 1.038438s | 显存: 0.00 B

[19秒 PDE求解]
  t=19.0s - 时间: 1.897509s | 显存: 0.00 B

[PDE求解部分] 总时间: 1.897854s | 显存: 0.00 B

[本步骤总计] 时间: 8.475478s | 显存: 4.12 GB
orginal_loss:  tensor(167544.1875, device='cuda:0', grad_fn=<MseLossBackward0>)
[Step 89] Backward Propagation - Time: 21.8653s, Mem: -4416135168.00 B
x_adv.requires_grad:  True
pred_19.requires_grad, true_19.requires_grad:  True True
Autograd grad max:  tensor(218.4072, device='cuda:0')
Autograd grad min:  tensor(-197.8970, device='cuda:0')
Autograd grad mean:  tensor(0.7124, device='cuda:0')
[Step 89] PGD Update - Time: 0.0013s, Mem: 0.00 B

[Step 89] 完整步骤总时间: 30.346615s | 总显存: 0.00 B
[Step 89] 峰值显存: 6.22 GB

[Step 90] ============ 详细性能分析 ============
[模型部分] 总时间: 6.758449s | 显存: 4.12 GB

[0-9秒 PDE求解详细性能]
  t=0s - 时间: 0.000000s | 显存: 0.00 B
  t=1s - 时间: 0.428336s | 显存: 0.00 B
  t=2s - 时间: 0.521949s | 显存: 0.00 B
  t=3s - 时间: 0.595607s | 显存: 0.00 B
  t=4s - 时间: 0.635810s | 显存: 0.00 B
  t=5s - 时间: 0.733103s | 显存: 0.00 B
  t=6s - 时间: 0.795736s | 显存: 0.00 B
  t=7s - 时间: 0.925321s | 显存: 0.00 B
  t=8s - 时间: 1.011632s | 显存: 0.00 B
  t=9s - 时间: 1.089425s | 显存: 0.00 B

[19秒 PDE求解]
  t=19.0s - 时间: 1.896354s | 显存: 0.00 B

[PDE求解部分] 总时间: 1.896669s | 显存: 0.00 B

[本步骤总计] 时间: 8.655117s | 显存: 4.12 GB
orginal_loss:  tensor(169009.0938, device='cuda:0', grad_fn=<MseLossBackward0>)
[Step 90] Backward Propagation - Time: 21.4955s, Mem: -4416135168.00 B
x_adv.requires_grad:  True
pred_19.requires_grad, true_19.requires_grad:  True True
Autograd grad max:  tensor(153.7525, device='cuda:0')
Autograd grad min:  tensor(-146.7894, device='cuda:0')
Autograd grad mean:  tensor(1.0612, device='cuda:0')
[Step 90] PGD Update - Time: 0.0012s, Mem: 0.00 B

[Step 90] 完整步骤总时间: 30.156910s | 总显存: 0.00 B
[Step 90] 峰值显存: 6.22 GB

[Step 91] ============ 详细性能分析 ============
[模型部分] 总时间: 6.837486s | 显存: 4.12 GB

[0-9秒 PDE求解详细性能]
  t=0s - 时间: 0.000000s | 显存: 0.00 B
  t=1s - 时间: 0.403704s | 显存: 0.00 B
  t=2s - 时间: 0.520065s | 显存: 0.00 B
  t=3s - 时间: 0.614498s | 显存: 0.00 B
  t=4s - 时间: 0.704739s | 显存: 0.00 B
  t=5s - 时间: 0.773791s | 显存: 0.00 B
  t=6s - 时间: 0.867607s | 显存: 0.00 B
  t=7s - 时间: 0.917991s | 显存: 0.00 B
  t=8s - 时间: 0.961022s | 显存: 0.00 B
  t=9s - 时间: 1.053024s | 显存: 0.00 B

[19秒 PDE求解]
  t=19.0s - 时间: 1.873736s | 显存: 0.00 B

[PDE求解部分] 总时间: 1.874108s | 显存: 0.00 B

[本步骤总计] 时间: 8.711594s | 显存: 4.12 GB
orginal_loss:  tensor(170707.8438, device='cuda:0', grad_fn=<MseLossBackward0>)
[Step 91] Backward Propagation - Time: 21.4851s, Mem: -4416135168.00 B
x_adv.requires_grad:  True
pred_19.requires_grad, true_19.requires_grad:  True True
Autograd grad max:  tensor(225.3841, device='cuda:0')
Autograd grad min:  tensor(-223.9647, device='cuda:0')
Autograd grad mean:  tensor(0.6940, device='cuda:0')
[Step 91] PGD Update - Time: 0.0013s, Mem: 0.00 B

[Step 91] 完整步骤总时间: 30.202353s | 总显存: 0.00 B
[Step 91] 峰值显存: 6.22 GB

[Step 92] ============ 详细性能分析 ============
[模型部分] 总时间: 6.720077s | 显存: 4.12 GB

[0-9秒 PDE求解详细性能]
  t=0s - 时间: 0.000000s | 显存: 0.00 B
  t=1s - 时间: 0.431237s | 显存: 0.00 B
  t=2s - 时间: 0.486720s | 显存: 0.00 B
  t=3s - 时间: 0.592441s | 显存: 0.00 B
  t=4s - 时间: 0.652230s | 显存: 0.00 B
  t=5s - 时间: 0.736217s | 显存: 0.00 B
  t=6s - 时间: 0.861040s | 显存: 0.00 B
  t=7s - 时间: 0.905395s | 显存: 0.00 B
  t=8s - 时间: 0.976760s | 显存: 0.00 B
  t=9s - 时间: 1.056677s | 显存: 0.00 B

[19秒 PDE求解]
  t=19.0s - 时间: 1.894276s | 显存: 0.00 B

[PDE求解部分] 总时间: 1.894615s | 显存: 0.00 B

[本步骤总计] 时间: 8.614692s | 显存: 4.12 GB
orginal_loss:  tensor(171424.3125, device='cuda:0', grad_fn=<MseLossBackward0>)
[Step 92] Backward Propagation - Time: 21.4222s, Mem: -4416135168.00 B
x_adv.requires_grad:  True
pred_19.requires_grad, true_19.requires_grad:  True True
Autograd grad max:  tensor(146.5762, device='cuda:0')
Autograd grad min:  tensor(-137.6411, device='cuda:0')
Autograd grad mean:  tensor(1.1009, device='cuda:0')
[Step 92] PGD Update - Time: 0.0013s, Mem: 0.00 B

[Step 92] 完整步骤总时间: 30.043402s | 总显存: 0.00 B
[Step 92] 峰值显存: 6.22 GB

[Step 93] ============ 详细性能分析 ============
[模型部分] 总时间: 6.647702s | 显存: 4.12 GB

[0-9秒 PDE求解详细性能]
  t=0s - 时间: 0.000000s | 显存: 0.00 B
  t=1s - 时间: 0.398617s | 显存: 0.00 B
  t=2s - 时间: 0.474998s | 显存: 0.00 B
  t=3s - 时间: 0.583610s | 显存: 0.00 B
  t=4s - 时间: 0.675159s | 显存: 0.00 B
  t=5s - 时间: 0.762201s | 显存: 0.00 B
  t=6s - 时间: 0.798639s | 显存: 0.00 B
  t=7s - 时间: 0.885530s | 显存: 0.00 B
  t=8s - 时间: 0.965951s | 显存: 0.00 B
  t=9s - 时间: 1.081779s | 显存: 0.00 B

[19秒 PDE求解]
  t=19.0s - 时间: 1.905059s | 显存: 0.00 B

[PDE求解部分] 总时间: 1.905406s | 显存: 0.00 B

[本步骤总计] 时间: 8.553108s | 显存: 4.12 GB
orginal_loss:  tensor(174259.8125, device='cuda:0', grad_fn=<MseLossBackward0>)
[Step 93] Backward Propagation - Time: 21.3186s, Mem: -4416135168.00 B
x_adv.requires_grad:  True
pred_19.requires_grad, true_19.requires_grad:  True True
Autograd grad max:  tensor(220.6284, device='cuda:0')
Autograd grad min:  tensor(-228.8519, device='cuda:0')
Autograd grad mean:  tensor(0.7058, device='cuda:0')
[Step 93] PGD Update - Time: 0.0013s, Mem: 0.00 B

[Step 93] 完整步骤总时间: 29.882331s | 总显存: 0.00 B
[Step 93] 峰值显存: 6.22 GB

[Step 94] ============ 详细性能分析 ============
[模型部分] 总时间: 6.706956s | 显存: 4.12 GB

[0-9秒 PDE求解详细性能]
  t=0s - 时间: 0.000000s | 显存: 0.00 B
  t=1s - 时间: 0.404688s | 显存: 0.00 B
  t=2s - 时间: 0.479603s | 显存: 0.00 B
  t=3s - 时间: 0.562379s | 显存: 0.00 B
  t=4s - 时间: 0.677359s | 显存: 0.00 B
  t=5s - 时间: 0.759031s | 显存: 0.00 B
  t=6s - 时间: 0.836451s | 显存: 0.00 B
  t=7s - 时间: 0.923946s | 显存: 0.00 B
  t=8s - 时间: 0.958977s | 显存: 0.00 B
  t=9s - 时间: 1.083163s | 显存: 0.00 B

[19秒 PDE求解]
  t=19.0s - 时间: 1.879798s | 显存: 0.00 B

[PDE求解部分] 总时间: 1.880124s | 显存: 0.00 B

[本步骤总计] 时间: 8.587081s | 显存: 4.12 GB
orginal_loss:  tensor(173764.6875, device='cuda:0', grad_fn=<MseLossBackward0>)
[Step 94] Backward Propagation - Time: 25.4326s, Mem: -4416135168.00 B
x_adv.requires_grad:  True
pred_19.requires_grad, true_19.requires_grad:  True True
Autograd grad max:  tensor(155.7880, device='cuda:0')
Autograd grad min:  tensor(-148.7411, device='cuda:0')
Autograd grad mean:  tensor(1.1086, device='cuda:0')
[Step 94] PGD Update - Time: 0.0012s, Mem: 0.00 B

[Step 94] 完整步骤总时间: 34.027009s | 总显存: 0.00 B
[Step 94] 峰值显存: 6.22 GB

[Step 95] ============ 详细性能分析 ============
[模型部分] 总时间: 6.539199s | 显存: 4.12 GB

[0-9秒 PDE求解详细性能]
  t=0s - 时间: 0.000000s | 显存: 0.00 B
  t=1s - 时间: 0.397655s | 显存: 0.00 B
  t=2s - 时间: 0.468178s | 显存: 0.00 B
  t=3s - 时间: 0.553606s | 显存: 0.00 B
  t=4s - 时间: 0.673827s | 显存: 0.00 B
  t=5s - 时间: 0.742778s | 显存: 0.00 B
  t=6s - 时间: 0.788491s | 显存: 0.00 B
  t=7s - 时间: 0.881806s | 显存: 0.00 B
  t=8s - 时间: 0.963308s | 显存: 0.00 B
  t=9s - 时间: 1.048434s | 显存: 0.00 B

[19秒 PDE求解]
  t=19.0s - 时间: 1.872100s | 显存: 0.00 B

[PDE求解部分] 总时间: 1.872421s | 显存: 0.00 B

[本步骤总计] 时间: 8.411620s | 显存: 4.12 GB
orginal_loss:  tensor(177544.5312, device='cuda:0', grad_fn=<MseLossBackward0>)
[Step 95] Backward Propagation - Time: 21.2417s, Mem: -4416135168.00 B
x_adv.requires_grad:  True
pred_19.requires_grad, true_19.requires_grad:  True True
Autograd grad max:  tensor(219.6475, device='cuda:0')
Autograd grad min:  tensor(-218.7076, device='cuda:0')
Autograd grad mean:  tensor(0.7169, device='cuda:0')
[Step 95] PGD Update - Time: 0.0012s, Mem: 0.00 B

[Step 95] 完整步骤总时间: 29.661100s | 总显存: 0.00 B
[Step 95] 峰值显存: 6.22 GB

[Step 96] ============ 详细性能分析 ============
[模型部分] 总时间: 6.656889s | 显存: 4.12 GB

[0-9秒 PDE求解详细性能]
  t=0s - 时间: 0.000000s | 显存: 0.00 B
  t=1s - 时间: 0.427361s | 显存: 0.00 B
  t=2s - 时间: 0.502054s | 显存: 0.00 B
  t=3s - 时间: 0.575012s | 显存: 0.00 B
  t=4s - 时间: 0.662716s | 显存: 0.00 B
  t=5s - 时间: 0.731610s | 显存: 0.00 B
  t=6s - 时间: 0.826342s | 显存: 0.00 B
  t=7s - 时间: 0.905878s | 显存: 0.00 B
  t=8s - 时间: 0.967403s | 显存: 0.00 B
  t=9s - 时间: 1.037276s | 显存: 0.00 B

[19秒 PDE求解]
  t=19.0s - 时间: 1.896094s | 显存: 0.00 B

[PDE求解部分] 总时间: 1.896404s | 显存: 0.00 B

[本步骤总计] 时间: 8.553293s | 显存: 4.12 GB
orginal_loss:  tensor(176186.5469, device='cuda:0', grad_fn=<MseLossBackward0>)
[Step 96] Backward Propagation - Time: 21.5556s, Mem: -4416135168.00 B
x_adv.requires_grad:  True
pred_19.requires_grad, true_19.requires_grad:  True True
Autograd grad max:  tensor(163.6304, device='cuda:0')
Autograd grad min:  tensor(-163.5346, device='cuda:0')
Autograd grad mean:  tensor(1.1163, device='cuda:0')
[Step 96] PGD Update - Time: 0.0013s, Mem: 0.00 B

[Step 96] 完整步骤总时间: 30.114841s | 总显存: 0.00 B
[Step 96] 峰值显存: 6.22 GB

[Step 97] ============ 详细性能分析 ============
[模型部分] 总时间: 6.593729s | 显存: 4.12 GB

[0-9秒 PDE求解详细性能]
  t=0s - 时间: 0.000000s | 显存: 0.00 B
  t=1s - 时间: 0.389495s | 显存: 0.00 B
  t=2s - 时间: 0.464068s | 显存: 0.00 B
  t=3s - 时间: 0.579463s | 显存: 0.00 B
  t=4s - 时间: 0.656889s | 显存: 0.00 B
  t=5s - 时间: 0.723985s | 显存: 0.00 B
  t=6s - 时间: 0.817493s | 显存: 0.00 B
  t=7s - 时间: 0.908935s | 显存: 0.00 B
  t=8s - 时间: 0.983672s | 显存: 0.00 B
  t=9s - 时间: 1.048652s | 显存: 0.00 B

[19秒 PDE求解]
  t=19.0s - 时间: 1.873824s | 显存: 0.00 B

[PDE求解部分] 总时间: 1.874189s | 显存: 0.00 B

[本步骤总计] 时间: 8.467918s | 显存: 4.12 GB
orginal_loss:  tensor(180810.5625, device='cuda:0', grad_fn=<MseLossBackward0>)
[Step 97] Backward Propagation - Time: 21.7803s, Mem: -4416135168.00 B
x_adv.requires_grad:  True
pred_19.requires_grad, true_19.requires_grad:  True True
Autograd grad max:  tensor(211.7477, device='cuda:0')
Autograd grad min:  tensor(-209.2323, device='cuda:0')
Autograd grad mean:  tensor(0.7197, device='cuda:0')
[Step 97] PGD Update - Time: 0.0011s, Mem: 0.00 B

[Step 97] 完整步骤总时间: 30.253883s | 总显存: 0.00 B
[Step 97] 峰值显存: 6.22 GB

[Step 98] ============ 详细性能分析 ============
[模型部分] 总时间: 6.765266s | 显存: 4.12 GB

[0-9秒 PDE求解详细性能]
  t=0s - 时间: 0.000000s | 显存: 0.00 B
  t=1s - 时间: 0.450908s | 显存: 0.00 B
  t=2s - 时间: 0.507824s | 显存: 0.00 B
  t=3s - 时间: 0.557902s | 显存: 0.00 B
  t=4s - 时间: 0.635191s | 显存: 0.00 B
  t=5s - 时间: 0.766603s | 显存: 0.00 B
  t=6s - 时间: 0.837325s | 显存: 0.00 B
  t=7s - 时间: 0.897140s | 显存: 0.00 B
  t=8s - 时间: 1.011337s | 显存: 0.00 B
  t=9s - 时间: 1.079641s | 显存: 0.00 B

[19秒 PDE求解]
  t=19.0s - 时间: 1.891387s | 显存: 0.00 B

[PDE求解部分] 总时间: 1.891722s | 显存: 0.00 B

[本步骤总计] 时间: 8.656988s | 显存: 4.12 GB
orginal_loss:  tensor(178828.9062, device='cuda:0', grad_fn=<MseLossBackward0>)
[Step 98] Backward Propagation - Time: 21.2922s, Mem: -4416135168.00 B
x_adv.requires_grad:  True
pred_19.requires_grad, true_19.requires_grad:  True True
Autograd grad max:  tensor(163.6051, device='cuda:0')
Autograd grad min:  tensor(-170.3555, device='cuda:0')
Autograd grad mean:  tensor(1.1422, device='cuda:0')
[Step 98] PGD Update - Time: 0.0013s, Mem: 0.00 B

[Step 98] 完整步骤总时间: 30.083393s | 总显存: 0.00 B
[Step 98] 峰值显存: 6.22 GB

[Step 99] ============ 详细性能分析 ============
[模型部分] 总时间: 6.743876s | 显存: 4.12 GB

[0-9秒 PDE求解详细性能]
  t=0s - 时间: 0.000000s | 显存: 0.00 B
  t=1s - 时间: 0.445337s | 显存: 0.00 B
  t=2s - 时间: 0.504360s | 显存: 0.00 B
  t=3s - 时间: 0.577046s | 显存: 0.00 B
  t=4s - 时间: 0.675413s | 显存: 0.00 B
  t=5s - 时间: 0.742950s | 显存: 0.00 B
  t=6s - 时间: 0.804523s | 显存: 0.00 B
  t=7s - 时间: 0.925691s | 显存: 0.00 B
  t=8s - 时间: 1.001413s | 显存: 0.00 B
  t=9s - 时间: 1.046025s | 显存: 0.00 B

[19秒 PDE求解]
  t=19.0s - 时间: 1.862382s | 显存: 0.00 B

[PDE求解部分] 总时间: 1.862709s | 显存: 0.00 B

[本步骤总计] 时间: 8.606585s | 显存: 4.12 GB
orginal_loss:  tensor(184071.6719, device='cuda:0', grad_fn=<MseLossBackward0>)
[Step 99] Backward Propagation - Time: 21.1499s, Mem: -4416135168.00 B
x_adv.requires_grad:  True
pred_19.requires_grad, true_19.requires_grad:  True True
Autograd grad max:  tensor(212.2454, device='cuda:0')
Autograd grad min:  tensor(-212.2304, device='cuda:0')
Autograd grad mean:  tensor(0.7162, device='cuda:0')
[Step 99] PGD Update - Time: 0.0012s, Mem: 0.00 B

[Step 99] 完整步骤总时间: 29.768464s | 总显存: 0.00 B
[Step 99] 峰值显存: 6.22 GB
清理前显存占用: 2092.6298828125 MB
PGD攻击完成！显存已清理
当前显存占用: 2092.1298828125 MB
================================================================================
norm: 2, epsilon: 32768.0, alpha: 50.0, num_steps: 100
x_adv.shape:  torch.Size([256, 256])

[Step 0] ============ 详细性能分析 ============
[模型部分] 总时间: 7.580688s | 显存: 4.11 GB

[0-9秒 PDE求解详细性能]
  t=0s - 时间: 0.000000s | 显存: 0.00 B
  t=1s - 时间: 0.434778s | 显存: 0.00 B
  t=2s - 时间: 0.504870s | 显存: 0.00 B
  t=3s - 时间: 0.584410s | 显存: 0.00 B
  t=4s - 时间: 0.641531s | 显存: 0.00 B
  t=5s - 时间: 0.711565s | 显存: 0.00 B
  t=6s - 时间: 0.849019s | 显存: 0.00 B
  t=7s - 时间: 0.969864s | 显存: 0.00 B
  t=8s - 时间: 0.990228s | 显存: 0.00 B
  t=9s - 时间: 1.089951s | 显存: 0.00 B

[19秒 PDE求解]
  t=19.0s - 时间: 1.895101s | 显存: 0.00 B

[PDE求解部分] 总时间: 1.895414s | 显存: 0.00 B

[本步骤总计] 时间: 9.476102s | 显存: 4.11 GB
orginal_loss:  tensor(2874.2017, device='cuda:0', grad_fn=<MseLossBackward0>)
[Step 0] Backward Propagation - Time: 21.0135s, Mem: -4411883520.00 B
x_adv.requires_grad:  True
pred_19.requires_grad, true_19.requires_grad:  True True
Autograd grad max:  tensor(5.5374, device='cuda:0')
Autograd grad min:  tensor(-6.3897, device='cuda:0')
Autograd grad mean:  tensor(0.2062, device='cuda:0')
[Step 0] PGD Update - Time: 0.0011s, Mem: 513.00 KB

[Step 0] 完整步骤总时间: 30.494612s | 总显存: 3.75 MB
[Step 0] 峰值显存: 6.22 GB

[Step 1] ============ 详细性能分析 ============
[模型部分] 总时间: 6.620902s | 显存: 4.11 GB

[0-9秒 PDE求解详细性能]
  t=0s - 时间: 0.000000s | 显存: 0.00 B
  t=1s - 时间: 0.405915s | 显存: 0.00 B
  t=2s - 时间: 0.475870s | 显存: 0.00 B
  t=3s - 时间: 0.558699s | 显存: 0.00 B
  t=4s - 时间: 0.668803s | 显存: 0.00 B
  t=5s - 时间: 0.721253s | 显存: 0.00 B
  t=6s - 时间: 0.813548s | 显存: 0.00 B
  t=7s - 时间: 0.872342s | 显存: 0.00 B
  t=8s - 时间: 0.999051s | 显存: 0.00 B
  t=9s - 时间: 1.084349s | 显存: 0.00 B

[19秒 PDE求解]
  t=19.0s - 时间: 1.905518s | 显存: 0.00 B

[PDE求解部分] 总时间: 1.905832s | 显存: 0.00 B

[本步骤总计] 时间: 8.526735s | 显存: 4.11 GB
orginal_loss:  tensor(19426.0977, device='cuda:0', grad_fn=<MseLossBackward0>)
[Step 1] Backward Propagation - Time: 21.1399s, Mem: -4410040320.00 B
x_adv.requires_grad:  True
pred_19.requires_grad, true_19.requires_grad:  True True
Autograd grad max:  tensor(34.7159, device='cuda:0')
Autograd grad min:  tensor(-40.8230, device='cuda:0')
Autograd grad mean:  tensor(0.0466, device='cuda:0')
[Step 1] PGD Update - Time: 0.0010s, Mem: 0.00 B

[Step 1] 完整步骤总时间: 29.672383s | 总显存: -524288.00 B
[Step 1] 峰值显存: 6.22 GB

[Step 2] ============ 详细性能分析 ============
[模型部分] 总时间: 6.612881s | 显存: 4.12 GB

[0-9秒 PDE求解详细性能]
  t=0s - 时间: 0.000000s | 显存: 0.00 B
  t=1s - 时间: 0.433922s | 显存: 0.00 B
  t=2s - 时间: 0.490836s | 显存: 0.00 B
  t=3s - 时间: 0.558632s | 显存: 0.00 B
  t=4s - 时间: 0.622988s | 显存: 0.00 B
  t=5s - 时间: 0.749132s | 显存: 0.00 B
  t=6s - 时间: 0.828524s | 显存: 0.00 B
  t=7s - 时间: 0.877902s | 显存: 0.00 B
  t=8s - 时间: 0.984669s | 显存: 0.00 B
  t=9s - 时间: 1.045007s | 显存: 0.00 B

[19秒 PDE求解]
  t=19.0s - 时间: 1.847432s | 显存: 0.00 B

[PDE求解部分] 总时间: 1.847756s | 显存: 0.00 B

[本步骤总计] 时间: 8.460637s | 显存: 4.12 GB
orginal_loss:  tensor(46431.4531, device='cuda:0', grad_fn=<MseLossBackward0>)
[Step 2] Backward Propagation - Time: 21.3973s, Mem: -4413235200.00 B
x_adv.requires_grad:  True
pred_19.requires_grad, true_19.requires_grad:  True True
Autograd grad max:  tensor(46.1330, device='cuda:0')
Autograd grad min:  tensor(-41.8033, device='cuda:0')
Autograd grad mean:  tensor(-0.0847, device='cuda:0')
[Step 2] PGD Update - Time: 0.0010s, Mem: 0.00 B

[Step 2] 完整步骤总时间: 29.863908s | 总显存: 0.00 B
[Step 2] 峰值显存: 6.22 GB

[Step 3] ============ 详细性能分析 ============
[模型部分] 总时间: 6.577649s | 显存: 4.12 GB

[0-9秒 PDE求解详细性能]
  t=0s - 时间: 0.000000s | 显存: 0.00 B
  t=1s - 时间: 0.419106s | 显存: 0.00 B
  t=2s - 时间: 0.476541s | 显存: 0.00 B
  t=3s - 时间: 0.572960s | 显存: 0.00 B
  t=4s - 时间: 0.645535s | 显存: 0.00 B
  t=5s - 时间: 0.720547s | 显存: 0.00 B
  t=6s - 时间: 0.799640s | 显存: 0.00 B
  t=7s - 时间: 0.875153s | 显存: 0.00 B
  t=8s - 时间: 0.965984s | 显存: 0.00 B
  t=9s - 时间: 1.080646s | 显存: 0.00 B

[19秒 PDE求解]
  t=19.0s - 时间: 1.872122s | 显存: 0.00 B

[PDE求解部分] 总时间: 1.872439s | 显存: 0.00 B

[本步骤总计] 时间: 8.450088s | 显存: 4.12 GB
orginal_loss:  tensor(54792.4766, device='cuda:0', grad_fn=<MseLossBackward0>)
[Step 3] Backward Propagation - Time: 21.3543s, Mem: -4413235200.00 B
x_adv.requires_grad:  True
pred_19.requires_grad, true_19.requires_grad:  True True
Autograd grad max:  tensor(84.1226, device='cuda:0')
Autograd grad min:  tensor(-70.1535, device='cuda:0')
Autograd grad mean:  tensor(-0.0676, device='cuda:0')
[Step 3] PGD Update - Time: 0.0014s, Mem: 0.00 B

[Step 3] 完整步骤总时间: 29.810970s | 总显存: 0.00 B
[Step 3] 峰值显存: 6.22 GB

[Step 4] ============ 详细性能分析 ============
[模型部分] 总时间: 6.689492s | 显存: 4.12 GB

[0-9秒 PDE求解详细性能]
  t=0s - 时间: 0.000000s | 显存: 0.00 B
  t=1s - 时间: 0.436619s | 显存: 0.00 B
  t=2s - 时间: 0.511555s | 显存: 0.00 B
  t=3s - 时间: 0.571871s | 显存: 0.00 B
  t=4s - 时间: 0.633204s | 显存: 0.00 B
  t=5s - 时间: 0.734066s | 显存: 0.00 B
  t=6s - 时间: 0.837451s | 显存: 0.00 B
  t=7s - 时间: 0.881556s | 显存: 0.00 B
  t=8s - 时间: 1.011299s | 显存: 0.00 B
  t=9s - 时间: 1.050713s | 显存: 0.00 B

[19秒 PDE求解]
  t=19.0s - 时间: 1.859350s | 显存: 0.00 B

[PDE求解部分] 总时间: 1.859683s | 显存: 0.00 B

[本步骤总计] 时间: 8.549176s | 显存: 4.12 GB
orginal_loss:  tensor(92187.9297, device='cuda:0', grad_fn=<MseLossBackward0>)
[Step 4] Backward Propagation - Time: 21.3199s, Mem: -4413235200.00 B
x_adv.requires_grad:  True
pred_19.requires_grad, true_19.requires_grad:  True True
Autograd grad max:  tensor(324.4565, device='cuda:0')
Autograd grad min:  tensor(-242.2847, device='cuda:0')
Autograd grad mean:  tensor(0.8742, device='cuda:0')
[Step 4] PGD Update - Time: 0.0013s, Mem: 0.00 B

[Step 4] 完整步骤总时间: 29.874875s | 总显存: 0.00 B
[Step 4] 峰值显存: 6.22 GB

[Step 5] ============ 详细性能分析 ============
[模型部分] 总时间: 6.585159s | 显存: 4.12 GB

[0-9秒 PDE求解详细性能]
  t=0s - 时间: 0.000000s | 显存: 0.00 B
  t=1s - 时间: 0.411266s | 显存: 0.00 B
  t=2s - 时间: 0.471611s | 显存: 0.00 B
  t=3s - 时间: 0.553306s | 显存: 0.00 B
  t=4s - 时间: 0.633582s | 显存: 0.00 B
  t=5s - 时间: 0.724295s | 显存: 0.00 B
  t=6s - 时间: 0.818541s | 显存: 0.00 B
  t=7s - 时间: 0.885387s | 显存: 0.00 B
  t=8s - 时间: 0.992062s | 显存: 0.00 B
  t=9s - 时间: 1.073628s | 显存: 0.00 B

[19秒 PDE求解]
  t=19.0s - 时间: 1.857364s | 显存: 0.00 B

[PDE求解部分] 总时间: 1.857712s | 显存: 0.00 B

[本步骤总计] 时间: 8.442871s | 显存: 4.12 GB
orginal_loss:  tensor(50097.0078, device='cuda:0', grad_fn=<MseLossBackward0>)
[Step 5] Backward Propagation - Time: 21.2654s, Mem: -4413235200.00 B
x_adv.requires_grad:  True
pred_19.requires_grad, true_19.requires_grad:  True True
Autograd grad max:  tensor(97.0887, device='cuda:0')
Autograd grad min:  tensor(-86.2390, device='cuda:0')
Autograd grad mean:  tensor(0.2614, device='cuda:0')
[Step 5] PGD Update - Time: 0.0013s, Mem: 0.00 B

[Step 5] 完整步骤总时间: 29.714242s | 总显存: 0.00 B
[Step 5] 峰值显存: 6.22 GB

[Step 6] ============ 详细性能分析 ============
[模型部分] 总时间: 6.795786s | 显存: 4.12 GB

[0-9秒 PDE求解详细性能]
  t=0s - 时间: 0.000000s | 显存: 0.00 B
  t=1s - 时间: 0.436557s | 显存: 0.00 B
  t=2s - 时间: 0.503938s | 显存: 0.00 B
  t=3s - 时间: 0.588296s | 显存: 0.00 B
  t=4s - 时间: 0.666634s | 显存: 0.00 B
  t=5s - 时间: 0.755858s | 显存: 0.00 B
  t=6s - 时间: 0.824953s | 显存: 0.00 B
  t=7s - 时间: 0.915166s | 显存: 0.00 B
  t=8s - 时间: 0.996973s | 显存: 0.00 B
  t=9s - 时间: 1.086424s | 显存: 0.00 B

[19秒 PDE求解]
  t=19.0s - 时间: 1.901895s | 显存: 0.00 B

[PDE求解部分] 总时间: 1.902219s | 显存: 0.00 B

[本步骤总计] 时间: 8.698005s | 显存: 4.12 GB
orginal_loss:  tensor(102978.5312, device='cuda:0', grad_fn=<MseLossBackward0>)
[Step 6] Backward Propagation - Time: 21.5953s, Mem: -4413235200.00 B
x_adv.requires_grad:  True
pred_19.requires_grad, true_19.requires_grad:  True True
Autograd grad max:  tensor(165.2787, device='cuda:0')
Autograd grad min:  tensor(-139.3123, device='cuda:0')
Autograd grad mean:  tensor(0.4822, device='cuda:0')
[Step 6] PGD Update - Time: 0.0012s, Mem: 0.00 B

[Step 6] 完整步骤总时间: 30.299062s | 总显存: 0.00 B
[Step 6] 峰值显存: 6.22 GB

[Step 7] ============ 详细性能分析 ============
[模型部分] 总时间: 6.779596s | 显存: 4.12 GB

[0-9秒 PDE求解详细性能]
  t=0s - 时间: 0.000000s | 显存: 0.00 B
  t=1s - 时间: 0.406620s | 显存: 0.00 B
  t=2s - 时间: 0.493076s | 显存: 0.00 B
  t=3s - 时间: 0.593867s | 显存: 0.00 B
  t=4s - 时间: 0.673575s | 显存: 0.00 B
  t=5s - 时间: 0.757933s | 显存: 0.00 B
  t=6s - 时间: 0.844206s | 显存: 0.00 B
  t=7s - 时间: 0.919843s | 显存: 0.00 B
  t=8s - 时间: 0.988163s | 显存: 0.00 B
  t=9s - 时间: 1.080880s | 显存: 0.00 B

[19秒 PDE求解]
  t=19.0s - 时间: 1.883227s | 显存: 0.00 B

[PDE求解部分] 总时间: 1.883541s | 显存: 0.00 B

[本步骤总计] 时间: 8.663137s | 显存: 4.12 GB
orginal_loss:  tensor(257636.9844, device='cuda:0', grad_fn=<MseLossBackward0>)
[Step 7] Backward Propagation - Time: 21.5697s, Mem: -4413235200.00 B
x_adv.requires_grad:  True
pred_19.requires_grad, true_19.requires_grad:  True True
Autograd grad max:  tensor(161.4379, device='cuda:0')
Autograd grad min:  tensor(-137.0848, device='cuda:0')
Autograd grad mean:  tensor(0.1606, device='cuda:0')
[Step 7] PGD Update - Time: 0.0013s, Mem: 0.00 B

[Step 7] 完整步骤总时间: 30.241490s | 总显存: 0.00 B
[Step 7] 峰值显存: 6.22 GB

[Step 8] ============ 详细性能分析 ============
[模型部分] 总时间: 6.563050s | 显存: 4.12 GB

[0-9秒 PDE求解详细性能]
  t=0s - 时间: 0.000000s | 显存: 0.00 B
  t=1s - 时间: 0.422175s | 显存: 0.00 B
  t=2s - 时间: 0.467673s | 显存: 0.00 B
  t=3s - 时间: 0.557557s | 显存: 0.00 B
  t=4s - 时间: 0.634357s | 显存: 0.00 B
  t=5s - 时间: 0.730979s | 显存: 0.00 B
  t=6s - 时间: 0.811563s | 显存: 0.00 B
  t=7s - 时间: 0.898836s | 显存: 0.00 B
  t=8s - 时间: 0.972603s | 显存: 0.00 B
  t=9s - 时间: 1.046121s | 显存: 0.00 B

[19秒 PDE求解]
  t=19.0s - 时间: 1.880397s | 显存: 0.00 B

[PDE求解部分] 总时间: 1.880721s | 显存: 0.00 B

[本步骤总计] 时间: 8.443771s | 显存: 4.12 GB
orginal_loss:  tensor(214068.9531, device='cuda:0', grad_fn=<MseLossBackward0>)
[Step 8] Backward Propagation - Time: 21.6831s, Mem: -4413235200.00 B
x_adv.requires_grad:  True
pred_19.requires_grad, true_19.requires_grad:  True True
Autograd grad max:  tensor(219.9384, device='cuda:0')
Autograd grad min:  tensor(-260.2241, device='cuda:0')
Autograd grad mean:  tensor(-0.0455, device='cuda:0')
[Step 8] PGD Update - Time: 0.0013s, Mem: 0.00 B

[Step 8] 完整步骤总时间: 30.132585s | 总显存: 0.00 B
[Step 8] 峰值显存: 6.22 GB

[Step 9] ============ 详细性能分析 ============
[模型部分] 总时间: 6.545659s | 显存: 4.12 GB

[0-9秒 PDE求解详细性能]
  t=0s - 时间: 0.000000s | 显存: 0.00 B
  t=1s - 时间: 0.398718s | 显存: 0.00 B
  t=2s - 时间: 0.478219s | 显存: 0.00 B
  t=3s - 时间: 0.563816s | 显存: 0.00 B
  t=4s - 时间: 0.648264s | 显存: 0.00 B
  t=5s - 时间: 0.717840s | 显存: 0.00 B
  t=6s - 时间: 0.798496s | 显存: 0.00 B
  t=7s - 时间: 0.893279s | 显存: 0.00 B
  t=8s - 时间: 0.969964s | 显存: 0.00 B
  t=9s - 时间: 1.055758s | 显存: 0.00 B

[19秒 PDE求解]
  t=19.0s - 时间: 1.871217s | 显存: 0.00 B

[PDE求解部分] 总时间: 1.871534s | 显存: 0.00 B

[本步骤总计] 时间: 8.417193s | 显存: 4.12 GB
orginal_loss:  tensor(62955.3164, device='cuda:0', grad_fn=<MseLossBackward0>)
[Step 9] Backward Propagation - Time: 21.5303s, Mem: -4413235200.00 B
x_adv.requires_grad:  True
pred_19.requires_grad, true_19.requires_grad:  True True
Autograd grad max:  tensor(118.6320, device='cuda:0')
Autograd grad min:  tensor(-91.2922, device='cuda:0')
Autograd grad mean:  tensor(-0.0866, device='cuda:0')
[Step 9] PGD Update - Time: 0.0013s, Mem: 0.00 B

[Step 9] 完整步骤总时间: 29.953501s | 总显存: 0.00 B
[Step 9] 峰值显存: 6.22 GB

[Step 10] ============ 详细性能分析 ============
[模型部分] 总时间: 6.649351s | 显存: 4.12 GB

[0-9秒 PDE求解详细性能]
  t=0s - 时间: 0.000000s | 显存: 0.00 B
  t=1s - 时间: 0.467277s | 显存: 0.00 B
  t=2s - 时间: 0.520915s | 显存: 0.00 B
  t=3s - 时间: 0.554820s | 显存: 0.00 B
  t=4s - 时间: 0.636477s | 显存: 0.00 B
  t=5s - 时间: 0.723563s | 显存: 0.00 B
  t=6s - 时间: 0.800206s | 显存: 0.00 B
  t=7s - 时间: 0.891092s | 显存: 0.00 B
  t=8s - 时间: 0.979586s | 显存: 0.00 B
  t=9s - 时间: 1.054161s | 显存: 0.00 B

[19秒 PDE求解]
  t=19.0s - 时间: 1.872288s | 显存: 0.00 B

[PDE求解部分] 总时间: 1.872617s | 显存: 0.00 B

[本步骤总计] 时间: 8.521968s | 显存: 4.12 GB
orginal_loss:  tensor(172141.9062, device='cuda:0', grad_fn=<MseLossBackward0>)
[Step 10] Backward Propagation - Time: 26.3593s, Mem: -4413235200.00 B
x_adv.requires_grad:  True
pred_19.requires_grad, true_19.requires_grad:  True True
Autograd grad max:  tensor(151.6886, device='cuda:0')
Autograd grad min:  tensor(-119.9844, device='cuda:0')
Autograd grad mean:  tensor(1.0123, device='cuda:0')
[Step 10] PGD Update - Time: 0.0012s, Mem: 0.00 B

[Step 10] 完整步骤总时间: 34.886759s | 总显存: 0.00 B
[Step 10] 峰值显存: 6.22 GB

[Step 11] ============ 详细性能分析 ============
[模型部分] 总时间: 6.478560s | 显存: 4.12 GB

[0-9秒 PDE求解详细性能]
  t=0s - 时间: 0.000000s | 显存: 0.00 B
  t=1s - 时间: 0.388262s | 显存: 0.00 B
  t=2s - 时间: 0.470243s | 显存: 0.00 B
  t=3s - 时间: 0.567163s | 显存: 0.00 B
  t=4s - 时间: 0.630953s | 显存: 0.00 B
  t=5s - 时间: 0.704040s | 显存: 0.00 B
  t=6s - 时间: 0.791427s | 显存: 0.00 B
  t=7s - 时间: 0.889608s | 显存: 0.00 B
  t=8s - 时间: 0.971993s | 显存: 0.00 B
  t=9s - 时间: 1.043850s | 显存: 0.00 B

[19秒 PDE求解]
  t=19.0s - 时间: 1.901636s | 显存: 0.00 B

[PDE求解部分] 总时间: 1.901948s | 显存: 0.00 B

[本步骤总计] 时间: 8.380508s | 显存: 4.12 GB
orginal_loss:  tensor(273750.5312, device='cuda:0', grad_fn=<MseLossBackward0>)
[Step 11] Backward Propagation - Time: 21.5989s, Mem: -4413235200.00 B
x_adv.requires_grad:  True
pred_19.requires_grad, true_19.requires_grad:  True True
Autograd grad max:  tensor(148.8529, device='cuda:0')
Autograd grad min:  tensor(-128.9642, device='cuda:0')
Autograd grad mean:  tensor(1.0811, device='cuda:0')
[Step 11] PGD Update - Time: 0.0013s, Mem: 0.00 B

[Step 11] 完整步骤总时间: 29.985264s | 总显存: 0.00 B
[Step 11] 峰值显存: 6.22 GB

[Step 12] ============ 详细性能分析 ============
[模型部分] 总时间: 6.448923s | 显存: 4.12 GB

[0-9秒 PDE求解详细性能]
  t=0s - 时间: 0.000000s | 显存: 0.00 B
  t=1s - 时间: 0.400446s | 显存: 0.00 B
  t=2s - 时间: 0.453980s | 显存: 0.00 B
  t=3s - 时间: 0.551889s | 显存: 0.00 B
  t=4s - 时间: 0.628900s | 显存: 0.00 B
  t=5s - 时间: 0.715512s | 显存: 0.00 B
  t=6s - 时间: 0.800212s | 显存: 0.00 B
  t=7s - 时间: 0.892105s | 显存: 0.00 B
  t=8s - 时间: 0.946690s | 显存: 0.00 B
  t=9s - 时间: 1.038095s | 显存: 0.00 B

[19秒 PDE求解]
  t=19.0s - 时间: 1.867842s | 显存: 0.00 B

[PDE求解部分] 总时间: 1.868148s | 显存: 0.00 B

[本步骤总计] 时间: 8.317071s | 显存: 4.12 GB
orginal_loss:  tensor(255389.9062, device='cuda:0', grad_fn=<MseLossBackward0>)
[Step 12] Backward Propagation - Time: 21.7911s, Mem: -4413235200.00 B
x_adv.requires_grad:  True
pred_19.requires_grad, true_19.requires_grad:  True True
Autograd grad max:  tensor(213.0095, device='cuda:0')
Autograd grad min:  tensor(-432.1076, device='cuda:0')
Autograd grad mean:  tensor(-0.5645, device='cuda:0')
[Step 12] PGD Update - Time: 0.0012s, Mem: 0.00 B

[Step 12] 完整步骤总时间: 30.113978s | 总显存: 0.00 B
[Step 12] 峰值显存: 6.22 GB

[Step 13] ============ 详细性能分析 ============
[模型部分] 总时间: 6.723591s | 显存: 4.12 GB

[0-9秒 PDE求解详细性能]
  t=0s - 时间: 0.000000s | 显存: 0.00 B
  t=1s - 时间: 0.442913s | 显存: 0.00 B
  t=2s - 时间: 0.510698s | 显存: 0.00 B
  t=3s - 时间: 0.603184s | 显存: 0.00 B
  t=4s - 时间: 0.673496s | 显存: 0.00 B
  t=5s - 时间: 0.754107s | 显存: 0.00 B
  t=6s - 时间: 0.820444s | 显存: 0.00 B
  t=7s - 时间: 0.878681s | 显存: 0.00 B
  t=8s - 时间: 0.973468s | 显存: 0.00 B
  t=9s - 时间: 1.045391s | 显存: 0.00 B

[19秒 PDE求解]
  t=19.0s - 时间: 1.868169s | 显存: 0.00 B

[PDE求解部分] 总时间: 1.868516s | 显存: 0.00 B

[本步骤总计] 时间: 8.592107s | 显存: 4.12 GB
orginal_loss:  tensor(289938.8438, device='cuda:0', grad_fn=<MseLossBackward0>)
[Step 13] Backward Propagation - Time: 21.3928s, Mem: -4413235200.00 B
x_adv.requires_grad:  True
pred_19.requires_grad, true_19.requires_grad:  True True
Autograd grad max:  tensor(213.2381, device='cuda:0')
Autograd grad min:  tensor(-324.6851, device='cuda:0')
Autograd grad mean:  tensor(0.6062, device='cuda:0')
[Step 13] PGD Update - Time: 0.0013s, Mem: 0.00 B

[Step 13] 完整步骤总时间: 29.990824s | 总显存: 0.00 B
[Step 13] 峰值显存: 6.22 GB

[Step 14] ============ 详细性能分析 ============
[模型部分] 总时间: 6.562247s | 显存: 4.12 GB

[0-9秒 PDE求解详细性能]
  t=0s - 时间: 0.000000s | 显存: 0.00 B
  t=1s - 时间: 0.418162s | 显存: 0.00 B
  t=2s - 时间: 0.492488s | 显存: 0.00 B
  t=3s - 时间: 0.573074s | 显存: 0.00 B
  t=4s - 时间: 0.634112s | 显存: 0.00 B
  t=5s - 时间: 0.719444s | 显存: 0.00 B
  t=6s - 时间: 0.808392s | 显存: 0.00 B
  t=7s - 时间: 0.891339s | 显存: 0.00 B
  t=8s - 时间: 0.962130s | 显存: 0.00 B
  t=9s - 时间: 1.041454s | 显存: 0.00 B

[19秒 PDE求解]
  t=19.0s - 时间: 1.872662s | 显存: 0.00 B

[PDE求解部分] 总时间: 1.872980s | 显存: 0.00 B

[本步骤总计] 时间: 8.435227s | 显存: 4.12 GB
orginal_loss:  tensor(289308.8438, device='cuda:0', grad_fn=<MseLossBackward0>)
[Step 14] Backward Propagation - Time: 21.4298s, Mem: -4413235200.00 B
x_adv.requires_grad:  True
pred_19.requires_grad, true_19.requires_grad:  True True
Autograd grad max:  tensor(153.1666, device='cuda:0')
Autograd grad min:  tensor(-184.5275, device='cuda:0')
Autograd grad mean:  tensor(0.5747, device='cuda:0')
[Step 14] PGD Update - Time: 0.0010s, Mem: 0.00 B

[Step 14] 完整步骤总时间: 29.871020s | 总显存: 0.00 B
[Step 14] 峰值显存: 6.22 GB

[Step 15] ============ 详细性能分析 ============
[模型部分] 总时间: 6.600846s | 显存: 4.12 GB

[0-9秒 PDE求解详细性能]
  t=0s - 时间: 0.000000s | 显存: 0.00 B
  t=1s - 时间: 0.410879s | 显存: 0.00 B
  t=2s - 时间: 0.507177s | 显存: 0.00 B
  t=3s - 时间: 0.565088s | 显存: 0.00 B
  t=4s - 时间: 0.635067s | 显存: 0.00 B
  t=5s - 时间: 0.730446s | 显存: 0.00 B
  t=6s - 时间: 0.805625s | 显存: 0.00 B
  t=7s - 时间: 0.893043s | 显存: 0.00 B
  t=8s - 时间: 0.973268s | 显存: 0.00 B
  t=9s - 时间: 1.058727s | 显存: 0.00 B

[19秒 PDE求解]
  t=19.0s - 时间: 1.877319s | 显存: 0.00 B

[PDE求解部分] 总时间: 1.877652s | 显存: 0.00 B

[本步骤总计] 时间: 8.478498s | 显存: 4.12 GB
orginal_loss:  tensor(138060.9062, device='cuda:0', grad_fn=<MseLossBackward0>)
[Step 15] Backward Propagation - Time: 21.5467s, Mem: -4413235200.00 B
x_adv.requires_grad:  True
pred_19.requires_grad, true_19.requires_grad:  True True
Autograd grad max:  tensor(587.9706, device='cuda:0')
Autograd grad min:  tensor(-537.0714, device='cuda:0')
Autograd grad mean:  tensor(1.0361, device='cuda:0')
[Step 15] PGD Update - Time: 0.0013s, Mem: 0.00 B

[Step 15] 完整步骤总时间: 30.031173s | 总显存: 0.00 B
[Step 15] 峰值显存: 6.22 GB

[Step 16] ============ 详细性能分析 ============
[模型部分] 总时间: 6.684775s | 显存: 4.12 GB

[0-9秒 PDE求解详细性能]
  t=0s - 时间: 0.000000s | 显存: 0.00 B
  t=1s - 时间: 0.442430s | 显存: 0.00 B
  t=2s - 时间: 0.504245s | 显存: 0.00 B
  t=3s - 时间: 0.583460s | 显存: 0.00 B
  t=4s - 时间: 0.676213s | 显存: 0.00 B
  t=5s - 时间: 0.753265s | 显存: 0.00 B
  t=6s - 时间: 0.809975s | 显存: 0.00 B
  t=7s - 时间: 0.884196s | 显存: 0.00 B
  t=8s - 时间: 0.962585s | 显存: 0.00 B
  t=9s - 时间: 1.047283s | 显存: 0.00 B

[19秒 PDE求解]
  t=19.0s - 时间: 1.863542s | 显存: 0.00 B

[PDE求解部分] 总时间: 1.863860s | 显存: 0.00 B

[本步骤总计] 时间: 8.548635s | 显存: 4.12 GB
orginal_loss:  tensor(207766.9062, device='cuda:0', grad_fn=<MseLossBackward0>)
[Step 16] Backward Propagation - Time: 21.4377s, Mem: -4413235200.00 B
x_adv.requires_grad:  True
pred_19.requires_grad, true_19.requires_grad:  True True
Autograd grad max:  tensor(413.1818, device='cuda:0')
Autograd grad min:  tensor(-594.2480, device='cuda:0')
Autograd grad mean:  tensor(-1.7566, device='cuda:0')
[Step 16] PGD Update - Time: 0.0013s, Mem: 0.00 B

[Step 16] 完整步骤总时间: 29.992091s | 总显存: 0.00 B
[Step 16] 峰值显存: 6.22 GB

[Step 17] ============ 详细性能分析 ============
[模型部分] 总时间: 6.762373s | 显存: 4.12 GB

[0-9秒 PDE求解详细性能]
  t=0s - 时间: 0.000000s | 显存: 0.00 B
  t=1s - 时间: 0.403274s | 显存: 0.00 B
  t=2s - 时间: 0.512306s | 显存: 0.00 B
  t=3s - 时间: 0.575714s | 显存: 0.00 B
  t=4s - 时间: 0.663269s | 显存: 0.00 B
  t=5s - 时间: 0.736876s | 显存: 0.00 B
  t=6s - 时间: 0.839320s | 显存: 0.00 B
  t=7s - 时间: 0.917322s | 显存: 0.00 B
  t=8s - 时间: 1.012707s | 显存: 0.00 B
  t=9s - 时间: 1.080449s | 显存: 0.00 B

[19秒 PDE求解]
  t=19.0s - 时间: 1.866986s | 显存: 0.00 B

[PDE求解部分] 总时间: 1.867335s | 显存: 0.00 B

[本步骤总计] 时间: 8.629708s | 显存: 4.12 GB
orginal_loss:  tensor(275193.5000, device='cuda:0', grad_fn=<MseLossBackward0>)
[Step 17] Backward Propagation - Time: 21.2961s, Mem: -4413235200.00 B
x_adv.requires_grad:  True
pred_19.requires_grad, true_19.requires_grad:  True True
Autograd grad max:  tensor(243.0453, device='cuda:0')
Autograd grad min:  tensor(-380.4240, device='cuda:0')
Autograd grad mean:  tensor(0.2960, device='cuda:0')
[Step 17] PGD Update - Time: 0.0013s, Mem: 0.00 B

[Step 17] 完整步骤总时间: 29.931999s | 总显存: 0.00 B
[Step 17] 峰值显存: 6.22 GB

[Step 18] ============ 详细性能分析 ============
[模型部分] 总时间: 6.612234s | 显存: 4.12 GB

[0-9秒 PDE求解详细性能]
  t=0s - 时间: 0.000000s | 显存: 0.00 B
  t=1s - 时间: 0.428845s | 显存: 0.00 B
  t=2s - 时间: 0.473784s | 显存: 0.00 B
  t=3s - 时间: 0.553675s | 显存: 0.00 B
  t=4s - 时间: 0.631965s | 显存: 0.00 B
  t=5s - 时间: 0.728247s | 显存: 0.00 B
  t=6s - 时间: 0.791733s | 显存: 0.00 B
  t=7s - 时间: 0.893956s | 显存: 0.00 B
  t=8s - 时间: 0.999800s | 显存: 0.00 B
  t=9s - 时间: 1.088998s | 显存: 0.00 B

[19秒 PDE求解]
  t=19.0s - 时间: 1.911082s | 显存: 0.00 B

[PDE求解部分] 总时间: 1.911407s | 显存: 0.00 B

[本步骤总计] 时间: 8.523641s | 显存: 4.12 GB
orginal_loss:  tensor(227127.3438, device='cuda:0', grad_fn=<MseLossBackward0>)
[Step 18] Backward Propagation - Time: 21.6077s, Mem: -4413235200.00 B
x_adv.requires_grad:  True
pred_19.requires_grad, true_19.requires_grad:  True True
Autograd grad max:  tensor(276.9615, device='cuda:0')
Autograd grad min:  tensor(-402.5546, device='cuda:0')
Autograd grad mean:  tensor(-1.3229, device='cuda:0')
[Step 18] PGD Update - Time: 0.0012s, Mem: 0.00 B

[Step 18] 完整步骤总时间: 30.137085s | 总显存: 0.00 B
[Step 18] 峰值显存: 6.22 GB

[Step 19] ============ 详细性能分析 ============
[模型部分] 总时间: 6.591671s | 显存: 4.12 GB

[0-9秒 PDE求解详细性能]
  t=0s - 时间: 0.000000s | 显存: 0.00 B
  t=1s - 时间: 0.440702s | 显存: 0.00 B
  t=2s - 时间: 0.490441s | 显存: 0.00 B
  t=3s - 时间: 0.567244s | 显存: 0.00 B
  t=4s - 时间: 0.645259s | 显存: 0.00 B
  t=5s - 时间: 0.730215s | 显存: 0.00 B
  t=6s - 时间: 0.799920s | 显存: 0.00 B
  t=7s - 时间: 0.877992s | 显存: 0.00 B
  t=8s - 时间: 0.973125s | 显存: 0.00 B
  t=9s - 时间: 1.045229s | 显存: 0.00 B

[19秒 PDE求解]
  t=19.0s - 时间: 1.860826s | 显存: 0.00 B

[PDE求解部分] 总时间: 1.861149s | 显存: 0.00 B

[本步骤总计] 时间: 8.452821s | 显存: 4.12 GB
orginal_loss:  tensor(295875.6875, device='cuda:0', grad_fn=<MseLossBackward0>)
[Step 19] Backward Propagation - Time: 21.2222s, Mem: -4413235200.00 B
x_adv.requires_grad:  True
pred_19.requires_grad, true_19.requires_grad:  True True
Autograd grad max:  tensor(291.9431, device='cuda:0')
Autograd grad min:  tensor(-448.7864, device='cuda:0')
Autograd grad mean:  tensor(-0.4752, device='cuda:0')
[Step 19] PGD Update - Time: 0.0013s, Mem: 0.00 B

[Step 19] 完整步骤总时间: 29.681135s | 总显存: 0.00 B
[Step 19] 峰值显存: 6.22 GB

[Step 20] ============ 详细性能分析 ============
[模型部分] 总时间: 6.738829s | 显存: 4.12 GB

[0-9秒 PDE求解详细性能]
  t=0s - 时间: 0.000000s | 显存: 0.00 B
  t=1s - 时间: 0.420289s | 显存: 0.00 B
  t=2s - 时间: 0.482595s | 显存: 0.00 B
  t=3s - 时间: 0.548053s | 显存: 0.00 B
  t=4s - 时间: 0.664520s | 显存: 0.00 B
  t=5s - 时间: 0.745502s | 显存: 0.00 B
  t=6s - 时间: 0.838372s | 显存: 0.00 B
  t=7s - 时间: 0.921867s | 显存: 0.00 B
  t=8s - 时间: 1.037834s | 显存: 0.00 B
  t=9s - 时间: 1.058670s | 显存: 0.00 B

[19秒 PDE求解]
  t=19.0s - 时间: 1.899071s | 显存: 0.00 B

[PDE求解部分] 总时间: 1.899400s | 显存: 0.00 B

[本步骤总计] 时间: 8.638230s | 显存: 4.12 GB
orginal_loss:  tensor(152525.7344, device='cuda:0', grad_fn=<MseLossBackward0>)
[Step 20] Backward Propagation - Time: 21.4652s, Mem: -4413235200.00 B
x_adv.requires_grad:  True
pred_19.requires_grad, true_19.requires_grad:  True True
Autograd grad max:  tensor(244.2413, device='cuda:0')
Autograd grad min:  tensor(-297.8663, device='cuda:0')
Autograd grad mean:  tensor(-0.2004, device='cuda:0')
[Step 20] PGD Update - Time: 0.0013s, Mem: 0.00 B

[Step 20] 完整步骤总时间: 30.109318s | 总显存: 0.00 B
[Step 20] 峰值显存: 6.22 GB

[Step 21] ============ 详细性能分析 ============
[模型部分] 总时间: 6.728670s | 显存: 4.12 GB

[0-9秒 PDE求解详细性能]
  t=0s - 时间: 0.000000s | 显存: 0.00 B
  t=1s - 时间: 0.436161s | 显存: 0.00 B
  t=2s - 时间: 0.511279s | 显存: 0.00 B
  t=3s - 时间: 0.587539s | 显存: 0.00 B
  t=4s - 时间: 0.661235s | 显存: 0.00 B
  t=5s - 时间: 0.720904s | 显存: 0.00 B
  t=6s - 时间: 0.804450s | 显存: 0.00 B
  t=7s - 时间: 0.901345s | 显存: 0.00 B
  t=8s - 时间: 0.993385s | 显存: 0.00 B
  t=9s - 时间: 1.091106s | 显存: 0.00 B

[19秒 PDE求解]
  t=19.0s - 时间: 1.897945s | 显存: 0.00 B

[PDE求解部分] 总时间: 1.898292s | 显存: 0.00 B

[本步骤总计] 时间: 8.626962s | 显存: 4.12 GB
orginal_loss:  tensor(161185.0156, device='cuda:0', grad_fn=<MseLossBackward0>)
[Step 21] Backward Propagation - Time: 21.2861s, Mem: -4413235200.00 B
x_adv.requires_grad:  True
pred_19.requires_grad, true_19.requires_grad:  True True
Autograd grad max:  tensor(507.9808, device='cuda:0')
Autograd grad min:  tensor(-514.6422, device='cuda:0')
Autograd grad mean:  tensor(-0.4175, device='cuda:0')
[Step 21] PGD Update - Time: 0.0013s, Mem: 0.00 B

[Step 21] 完整步骤总时间: 29.919284s | 总显存: 0.00 B
[Step 21] 峰值显存: 6.22 GB

[Step 22] ============ 详细性能分析 ============
[模型部分] 总时间: 6.705503s | 显存: 4.12 GB

[0-9秒 PDE求解详细性能]
  t=0s - 时间: 0.000000s | 显存: 0.00 B
  t=1s - 时间: 0.414376s | 显存: 0.00 B
  t=2s - 时间: 0.517684s | 显存: 0.00 B
  t=3s - 时间: 0.595655s | 显存: 0.00 B
  t=4s - 时间: 0.676261s | 显存: 0.00 B
  t=5s - 时间: 0.747084s | 显存: 0.00 B
  t=6s - 时间: 0.821786s | 显存: 0.00 B
  t=7s - 时间: 0.894610s | 显存: 0.00 B
  t=8s - 时间: 0.965739s | 显存: 0.00 B
  t=9s - 时间: 1.051003s | 显存: 0.00 B

[19秒 PDE求解]
  t=19.0s - 时间: 1.868015s | 显存: 0.00 B

[PDE求解部分] 总时间: 1.868346s | 显存: 0.00 B

[本步骤总计] 时间: 8.573848s | 显存: 4.12 GB
orginal_loss:  tensor(172272.7969, device='cuda:0', grad_fn=<MseLossBackward0>)
[Step 22] Backward Propagation - Time: 96.7322s, Mem: -4413235200.00 B
x_adv.requires_grad:  True
pred_19.requires_grad, true_19.requires_grad:  True True
Autograd grad max:  tensor(740.8060, device='cuda:0')
Autograd grad min:  tensor(-765.8313, device='cuda:0')
Autograd grad mean:  tensor(-0.6509, device='cuda:0')
[Step 22] PGD Update - Time: 2.1754s, Mem: 0.00 B

[Step 22] 完整步骤总时间: 115.769121s | 总显存: 0.00 B
[Step 22] 峰值显存: 6.22 GB

[Step 23] ============ 详细性能分析 ============
[模型部分] 总时间: 33.499704s | 显存: 4.12 GB

[0-9秒 PDE求解详细性能]
  t=0s - 时间: 0.000000s | 显存: 0.00 B
  t=1s - 时间: 9.347031s | 显存: 0.00 B
  t=2s - 时间: 0.524980s | 显存: 0.00 B
  t=3s - 时间: 0.590292s | 显存: 0.00 B
  t=4s - 时间: 0.731161s | 显存: 0.00 B
  t=5s - 时间: 2.840347s | 显存: 0.00 B
  t=6s - 时间: 10.745919s | 显存: 0.00 B
  t=7s - 时间: 0.902903s | 显存: 0.00 B
  t=8s - 时间: 0.986015s | 显存: 0.00 B
  t=9s - 时间: 1.051090s | 显存: 0.00 B

[19秒 PDE求解]
  t=19.0s - 时间: 1.873472s | 显存: 0.00 B

[PDE求解部分] 总时间: 1.873809s | 显存: 0.00 B

[本步骤总计] 时间: 35.373513s | 显存: 4.12 GB
orginal_loss:  tensor(427144.9375, device='cuda:0', grad_fn=<MseLossBackward0>)
[Step 23] Backward Propagation - Time: 25.9580s, Mem: -4413235200.00 B
x_adv.requires_grad:  True
pred_19.requires_grad, true_19.requires_grad:  True True
Autograd grad max:  tensor(716.1731, device='cuda:0')
Autograd grad min:  tensor(-468.3911, device='cuda:0')
Autograd grad mean:  tensor(1.4643, device='cuda:0')
[Step 23] PGD Update - Time: 0.0014s, Mem: 0.00 B

[Step 23] 完整步骤总时间: 61.659344s | 总显存: 0.00 B
[Step 23] 峰值显存: 6.22 GB

[Step 24] ============ 详细性能分析 ============
[模型部分] 总时间: 6.791980s | 显存: 4.12 GB

[0-9秒 PDE求解详细性能]
  t=0s - 时间: 0.000000s | 显存: 0.00 B
  t=1s - 时间: 0.431936s | 显存: 0.00 B
  t=2s - 时间: 0.489671s | 显存: 0.00 B
  t=3s - 时间: 0.595810s | 显存: 0.00 B
  t=4s - 时间: 0.641527s | 显存: 0.00 B
  t=5s - 时间: 0.738785s | 显存: 0.00 B
  t=6s - 时间: 0.856782s | 显存: 0.00 B
  t=7s - 时间: 0.932637s | 显存: 0.00 B
  t=8s - 时间: 1.003753s | 显存: 0.00 B
  t=9s - 时间: 1.079766s | 显存: 0.00 B

[19秒 PDE求解]
  t=19.0s - 时间: 1.886864s | 显存: 0.00 B

[PDE求解部分] 总时间: 1.887202s | 显存: 0.00 B

[本步骤总计] 时间: 8.679182s | 显存: 4.12 GB
orginal_loss:  tensor(230956.6875, device='cuda:0', grad_fn=<MseLossBackward0>)
[Step 24] Backward Propagation - Time: 21.7584s, Mem: -4413235200.00 B
x_adv.requires_grad:  True
pred_19.requires_grad, true_19.requires_grad:  True True
Autograd grad max:  tensor(565.5693, device='cuda:0')
Autograd grad min:  tensor(-439.3097, device='cuda:0')
Autograd grad mean:  tensor(-1.2124, device='cuda:0')
[Step 24] PGD Update - Time: 0.0013s, Mem: 0.00 B

[Step 24] 完整步骤总时间: 30.444396s | 总显存: 0.00 B
[Step 24] 峰值显存: 6.22 GB

[Step 25] ============ 详细性能分析 ============
[模型部分] 总时间: 6.708880s | 显存: 4.12 GB

[0-9秒 PDE求解详细性能]
  t=0s - 时间: 0.000000s | 显存: 0.00 B
  t=1s - 时间: 0.431721s | 显存: 0.00 B
  t=2s - 时间: 0.501249s | 显存: 0.00 B
  t=3s - 时间: 0.576540s | 显存: 0.00 B
  t=4s - 时间: 0.656935s | 显存: 0.00 B
  t=5s - 时间: 0.740551s | 显存: 0.00 B
  t=6s - 时间: 0.822350s | 显存: 0.00 B
  t=7s - 时间: 0.907289s | 显存: 0.00 B
  t=8s - 时间: 0.991137s | 显存: 0.00 B
  t=9s - 时间: 1.059789s | 显存: 0.00 B

[19秒 PDE求解]
  t=19.0s - 时间: 1.889973s | 显存: 0.00 B

[PDE求解部分] 总时间: 1.890296s | 显存: 0.00 B

[本步骤总计] 时间: 8.599175s | 显存: 4.12 GB
orginal_loss:  tensor(411327.8125, device='cuda:0', grad_fn=<MseLossBackward0>)
[Step 25] Backward Propagation - Time: 21.6470s, Mem: -4413235200.00 B
x_adv.requires_grad:  True
pred_19.requires_grad, true_19.requires_grad:  True True
Autograd grad max:  tensor(1987.5878, device='cuda:0')
Autograd grad min:  tensor(-1512.2518, device='cuda:0')
Autograd grad mean:  tensor(5.2999, device='cuda:0')
[Step 25] PGD Update - Time: 0.0012s, Mem: 0.00 B

[Step 25] 完整步骤总时间: 30.252104s | 总显存: 0.00 B
[Step 25] 峰值显存: 6.22 GB

[Step 26] ============ 详细性能分析 ============
[模型部分] 总时间: 6.709820s | 显存: 4.12 GB

[0-9秒 PDE求解详细性能]
  t=0s - 时间: 0.000000s | 显存: 0.00 B
  t=1s - 时间: 0.441558s | 显存: 0.00 B
  t=2s - 时间: 0.490780s | 显存: 0.00 B
  t=3s - 时间: 0.578671s | 显存: 0.00 B
  t=4s - 时间: 0.658007s | 显存: 0.00 B
  t=5s - 时间: 0.755074s | 显存: 0.00 B
  t=6s - 时间: 0.820837s | 显存: 0.00 B
  t=7s - 时间: 0.903629s | 显存: 0.00 B
  t=8s - 时间: 0.982310s | 显存: 0.00 B
  t=9s - 时间: 1.057613s | 显存: 0.00 B

[19秒 PDE求解]
  t=19.0s - 时间: 1.869046s | 显存: 0.00 B

[PDE求解部分] 总时间: 1.869385s | 显存: 0.00 B

[本步骤总计] 时间: 8.579205s | 显存: 4.12 GB
orginal_loss:  tensor(285101.7812, device='cuda:0', grad_fn=<MseLossBackward0>)
[Step 26] Backward Propagation - Time: 21.8202s, Mem: -4413235200.00 B
x_adv.requires_grad:  True
pred_19.requires_grad, true_19.requires_grad:  True True
Autograd grad max:  tensor(491.0410, device='cuda:0')
Autograd grad min:  tensor(-600.9990, device='cuda:0')
Autograd grad mean:  tensor(0.0897, device='cuda:0')
[Step 26] PGD Update - Time: 0.0014s, Mem: 0.00 B

[Step 26] 完整步骤总时间: 30.427848s | 总显存: 0.00 B
[Step 26] 峰值显存: 6.22 GB

[Step 27] ============ 详细性能分析 ============
[模型部分] 总时间: 6.659382s | 显存: 4.12 GB

[0-9秒 PDE求解详细性能]
  t=0s - 时间: 0.000000s | 显存: 0.00 B
  t=1s - 时间: 0.458622s | 显存: 0.00 B
  t=2s - 时间: 0.492237s | 显存: 0.00 B
  t=3s - 时间: 0.568451s | 显存: 0.00 B
  t=4s - 时间: 0.638562s | 显存: 0.00 B
  t=5s - 时间: 0.729490s | 显存: 0.00 B
  t=6s - 时间: 0.826959s | 显存: 0.00 B
  t=7s - 时间: 0.894267s | 显存: 0.00 B
  t=8s - 时间: 0.983056s | 显存: 0.00 B
  t=9s - 时间: 1.046385s | 显存: 0.00 B

[19秒 PDE求解]
  t=19.0s - 时间: 1.885545s | 显存: 0.00 B

[PDE求解部分] 总时间: 1.885872s | 显存: 0.00 B

[本步骤总计] 时间: 8.545254s | 显存: 4.12 GB
orginal_loss:  tensor(272086.3438, device='cuda:0', grad_fn=<MseLossBackward0>)
[Step 27] Backward Propagation - Time: 22.1867s, Mem: -4413235200.00 B
x_adv.requires_grad:  True
pred_19.requires_grad, true_19.requires_grad:  True True
Autograd grad max:  tensor(726.3359, device='cuda:0')
Autograd grad min:  tensor(-932.3986, device='cuda:0')
Autograd grad mean:  tensor(5.6002, device='cuda:0')
[Step 27] PGD Update - Time: 0.0011s, Mem: 0.00 B

[Step 27] 完整步骤总时间: 30.737596s | 总显存: 0.00 B
[Step 27] 峰值显存: 6.22 GB

[Step 28] ============ 详细性能分析 ============
[模型部分] 总时间: 6.831250s | 显存: 4.12 GB

[0-9秒 PDE求解详细性能]
  t=0s - 时间: 0.000000s | 显存: 0.00 B
  t=1s - 时间: 0.444383s | 显存: 0.00 B
  t=2s - 时间: 0.513846s | 显存: 0.00 B
  t=3s - 时间: 0.595184s | 显存: 0.00 B
  t=4s - 时间: 0.692297s | 显存: 0.00 B
  t=5s - 时间: 0.764721s | 显存: 0.00 B
  t=6s - 时间: 0.856427s | 显存: 0.00 B
  t=7s - 时间: 0.908894s | 显存: 0.00 B
  t=8s - 时间: 0.975718s | 显存: 0.00 B
  t=9s - 时间: 1.058559s | 显存: 0.00 B

[19秒 PDE求解]
  t=19.0s - 时间: 1.877821s | 显存: 0.00 B

[PDE求解部分] 总时间: 1.878164s | 显存: 0.00 B

[本步骤总计] 时间: 8.709414s | 显存: 4.12 GB
orginal_loss:  tensor(197257.8438, device='cuda:0', grad_fn=<MseLossBackward0>)
[Step 28] Backward Propagation - Time: 21.5653s, Mem: -4413235200.00 B
x_adv.requires_grad:  True
pred_19.requires_grad, true_19.requires_grad:  True True
Autograd grad max:  tensor(198.6721, device='cuda:0')
Autograd grad min:  tensor(-238.3036, device='cuda:0')
Autograd grad mean:  tensor(1.0148, device='cuda:0')
[Step 28] PGD Update - Time: 0.0013s, Mem: 0.00 B

[Step 28] 完整步骤总时间: 30.280850s | 总显存: 0.00 B
[Step 28] 峰值显存: 6.22 GB

[Step 29] ============ 详细性能分析 ============
[模型部分] 总时间: 6.922989s | 显存: 4.12 GB

[0-9秒 PDE求解详细性能]
  t=0s - 时间: 0.000000s | 显存: 0.00 B
  t=1s - 时间: 0.434569s | 显存: 0.00 B
  t=2s - 时间: 0.487489s | 显存: 0.00 B
  t=3s - 时间: 0.568765s | 显存: 0.00 B
  t=4s - 时间: 0.663448s | 显存: 0.00 B
  t=5s - 时间: 0.770842s | 显存: 0.00 B
  t=6s - 时间: 0.853080s | 显存: 0.00 B
  t=7s - 时间: 0.937440s | 显存: 0.00 B
  t=8s - 时间: 1.029758s | 显存: 0.00 B
  t=9s - 时间: 1.156244s | 显存: 0.00 B

[19秒 PDE求解]
  t=19.0s - 时间: 1.912581s | 显存: 0.00 B

[PDE求解部分] 总时间: 1.912907s | 显存: 0.00 B

[本步骤总计] 时间: 8.835897s | 显存: 4.12 GB
orginal_loss:  tensor(303514.4062, device='cuda:0', grad_fn=<MseLossBackward0>)
[Step 29] Backward Propagation - Time: 21.8730s, Mem: -4413235200.00 B
x_adv.requires_grad:  True
pred_19.requires_grad, true_19.requires_grad:  True True
Autograd grad max:  tensor(726.4972, device='cuda:0')
Autograd grad min:  tensor(-505.2726, device='cuda:0')
Autograd grad mean:  tensor(-2.3190, device='cuda:0')
[Step 29] PGD Update - Time: 0.0013s, Mem: 0.00 B

[Step 29] 完整步骤总时间: 30.714628s | 总显存: 0.00 B
[Step 29] 峰值显存: 6.22 GB

[Step 30] ============ 详细性能分析 ============
[模型部分] 总时间: 6.859653s | 显存: 4.12 GB

[0-9秒 PDE求解详细性能]
  t=0s - 时间: 0.000000s | 显存: 0.00 B
  t=1s - 时间: 0.450802s | 显存: 0.00 B
  t=2s - 时间: 0.536847s | 显存: 0.00 B
  t=3s - 时间: 0.609008s | 显存: 0.00 B
  t=4s - 时间: 0.694983s | 显存: 0.00 B
  t=5s - 时间: 0.748718s | 显存: 0.00 B
  t=6s - 时间: 0.821993s | 显存: 0.00 B
  t=7s - 时间: 0.906848s | 显存: 0.00 B
  t=8s - 时间: 0.998665s | 显存: 0.00 B
  t=9s - 时间: 1.070482s | 显存: 0.00 B

[19秒 PDE求解]
  t=19.0s - 时间: 1.871188s | 显存: 0.00 B

[PDE求解部分] 总时间: 1.871549s | 显存: 0.00 B

[本步骤总计] 时间: 8.731202s | 显存: 4.12 GB
orginal_loss:  tensor(286086.3750, device='cuda:0', grad_fn=<MseLossBackward0>)
[Step 30] Backward Propagation - Time: 21.9438s, Mem: -4413235200.00 B
x_adv.requires_grad:  True
pred_19.requires_grad, true_19.requires_grad:  True True
Autograd grad max:  tensor(1051.0406, device='cuda:0')
Autograd grad min:  tensor(-979.9420, device='cuda:0')
Autograd grad mean:  tensor(-1.3964, device='cuda:0')
[Step 30] PGD Update - Time: 0.0013s, Mem: 0.00 B

[Step 30] 完整步骤总时间: 30.680908s | 总显存: 0.00 B
[Step 30] 峰值显存: 6.22 GB

[Step 31] ============ 详细性能分析 ============
[模型部分] 总时间: 6.817775s | 显存: 4.12 GB

[0-9秒 PDE求解详细性能]
  t=0s - 时间: 0.000000s | 显存: 0.00 B
  t=1s - 时间: 0.435584s | 显存: 0.00 B
  t=2s - 时间: 0.504159s | 显存: 0.00 B
  t=3s - 时间: 0.605137s | 显存: 0.00 B
  t=4s - 时间: 0.682889s | 显存: 0.00 B
  t=5s - 时间: 0.761385s | 显存: 0.00 B
  t=6s - 时间: 0.819700s | 显存: 0.00 B
  t=7s - 时间: 0.910995s | 显存: 0.00 B
  t=8s - 时间: 0.974318s | 显存: 0.00 B
  t=9s - 时间: 1.102185s | 显存: 0.00 B

[19秒 PDE求解]
  t=19.0s - 时间: 1.920451s | 显存: 0.00 B

[PDE求解部分] 总时间: 1.920788s | 显存: 0.00 B

[本步骤总计] 时间: 8.738563s | 显存: 4.12 GB
orginal_loss:  tensor(280538.1875, device='cuda:0', grad_fn=<MseLossBackward0>)
[Step 31] Backward Propagation - Time: 21.6037s, Mem: -4413235200.00 B
x_adv.requires_grad:  True
pred_19.requires_grad, true_19.requires_grad:  True True
Autograd grad max:  tensor(308.1593, device='cuda:0')
Autograd grad min:  tensor(-422.6898, device='cuda:0')
Autograd grad mean:  tensor(1.0474, device='cuda:0')
[Step 31] PGD Update - Time: 0.0013s, Mem: 0.00 B

[Step 31] 完整步骤总时间: 30.348523s | 总显存: 0.00 B
[Step 31] 峰值显存: 6.22 GB

[Step 32] ============ 详细性能分析 ============
[模型部分] 总时间: 6.762442s | 显存: 4.12 GB

[0-9秒 PDE求解详细性能]
  t=0s - 时间: 0.000000s | 显存: 0.00 B
  t=1s - 时间: 0.422168s | 显存: 0.00 B
  t=2s - 时间: 0.502188s | 显存: 0.00 B
  t=3s - 时间: 0.581622s | 显存: 0.00 B
  t=4s - 时间: 0.658171s | 显存: 0.00 B
  t=5s - 时间: 0.744026s | 显存: 0.00 B
  t=6s - 时间: 0.825683s | 显存: 0.00 B
  t=7s - 时间: 0.927327s | 显存: 0.00 B
  t=8s - 时间: 0.981016s | 显存: 0.00 B
  t=9s - 时间: 1.098859s | 显存: 0.00 B

[19秒 PDE求解]
  t=19.0s - 时间: 1.909962s | 显存: 0.00 B

[PDE求解部分] 总时间: 1.910301s | 显存: 0.00 B

[本步骤总计] 时间: 8.672743s | 显存: 4.12 GB
orginal_loss:  tensor(359060.4375, device='cuda:0', grad_fn=<MseLossBackward0>)
[Step 32] Backward Propagation - Time: 21.5262s, Mem: -4413235200.00 B
x_adv.requires_grad:  True
pred_19.requires_grad, true_19.requires_grad:  True True
Autograd grad max:  tensor(295.4958, device='cuda:0')
Autograd grad min:  tensor(-329.3613, device='cuda:0')
Autograd grad mean:  tensor(3.8815, device='cuda:0')
[Step 32] PGD Update - Time: 0.0010s, Mem: 0.00 B

[Step 32] 完整步骤总时间: 30.204565s | 总显存: 0.00 B
[Step 32] 峰值显存: 6.22 GB

[Step 33] ============ 详细性能分析 ============
[模型部分] 总时间: 6.694768s | 显存: 4.12 GB

[0-9秒 PDE求解详细性能]
  t=0s - 时间: 0.000000s | 显存: 0.00 B
  t=1s - 时间: 0.429722s | 显存: 0.00 B
  t=2s - 时间: 0.477401s | 显存: 0.00 B
  t=3s - 时间: 0.559773s | 显存: 0.00 B
  t=4s - 时间: 0.645798s | 显存: 0.00 B
  t=5s - 时间: 0.727854s | 显存: 0.00 B
  t=6s - 时间: 0.810544s | 显存: 0.00 B
  t=7s - 时间: 0.902698s | 显存: 0.00 B
  t=8s - 时间: 1.018236s | 显存: 0.00 B
  t=9s - 时间: 1.101301s | 显存: 0.00 B

[19秒 PDE求解]
  t=19.0s - 时间: 1.913598s | 显存: 0.00 B

[PDE求解部分] 总时间: 1.913930s | 显存: 0.00 B

[本步骤总计] 时间: 8.608699s | 显存: 4.12 GB
orginal_loss:  tensor(348554.6875, device='cuda:0', grad_fn=<MseLossBackward0>)
[Step 33] Backward Propagation - Time: 21.2627s, Mem: -4413235200.00 B
x_adv.requires_grad:  True
pred_19.requires_grad, true_19.requires_grad:  True True
Autograd grad max:  tensor(379.2265, device='cuda:0')
Autograd grad min:  tensor(-362.2780, device='cuda:0')
Autograd grad mean:  tensor(3.1347, device='cuda:0')
[Step 33] PGD Update - Time: 0.0012s, Mem: 0.00 B

[Step 33] 完整步骤总时间: 29.877870s | 总显存: 0.00 B
[Step 33] 峰值显存: 6.22 GB

[Step 34] ============ 详细性能分析 ============
[模型部分] 总时间: 6.671897s | 显存: 4.12 GB

[0-9秒 PDE求解详细性能]
  t=0s - 时间: 0.000000s | 显存: 0.00 B
  t=1s - 时间: 0.418116s | 显存: 0.00 B
  t=2s - 时间: 0.478679s | 显存: 0.00 B
  t=3s - 时间: 0.582405s | 显存: 0.00 B
  t=4s - 时间: 0.661675s | 显存: 0.00 B
  t=5s - 时间: 0.743228s | 显存: 0.00 B
  t=6s - 时间: 0.845086s | 显存: 0.00 B
  t=7s - 时间: 0.895199s | 显存: 0.00 B
  t=8s - 时间: 0.982248s | 显存: 0.00 B
  t=9s - 时间: 1.043808s | 显存: 0.00 B

[19秒 PDE求解]
  t=19.0s - 时间: 1.908775s | 显存: 0.00 B

[PDE求解部分] 总时间: 1.909091s | 显存: 0.00 B

[本步骤总计] 时间: 8.580988s | 显存: 4.12 GB
orginal_loss:  tensor(223849.7188, device='cuda:0', grad_fn=<MseLossBackward0>)
[Step 34] Backward Propagation - Time: 29.1047s, Mem: -4413235200.00 B
x_adv.requires_grad:  True
pred_19.requires_grad, true_19.requires_grad:  True True
Autograd grad max:  tensor(588.8788, device='cuda:0')
Autograd grad min:  tensor(-573.7933, device='cuda:0')
Autograd grad mean:  tensor(3.5743, device='cuda:0')
[Step 34] PGD Update - Time: 0.0013s, Mem: 0.00 B

[Step 34] 完整步骤总时间: 37.692134s | 总显存: 0.00 B
[Step 34] 峰值显存: 6.22 GB

[Step 35] ============ 详细性能分析 ============
[模型部分] 总时间: 6.710435s | 显存: 4.12 GB

[0-9秒 PDE求解详细性能]
  t=0s - 时间: 0.000000s | 显存: 0.00 B
  t=1s - 时间: 0.450574s | 显存: 0.00 B
  t=2s - 时间: 0.485939s | 显存: 0.00 B
  t=3s - 时间: 0.574979s | 显存: 0.00 B
  t=4s - 时间: 0.635863s | 显存: 0.00 B
  t=5s - 时间: 0.733943s | 显存: 0.00 B
  t=6s - 时间: 0.826891s | 显存: 0.00 B
  t=7s - 时间: 0.910318s | 显存: 0.00 B
  t=8s - 时间: 0.977384s | 显存: 0.00 B
  t=9s - 时间: 1.092978s | 显存: 0.00 B

[19秒 PDE求解]
  t=19.0s - 时间: 1.883703s | 显存: 0.00 B

[PDE求解部分] 总时间: 1.884024s | 显存: 0.00 B

[本步骤总计] 时间: 8.594459s | 显存: 4.12 GB
orginal_loss:  tensor(279337.5625, device='cuda:0', grad_fn=<MseLossBackward0>)
[Step 35] Backward Propagation - Time: 21.5374s, Mem: -4413235200.00 B
x_adv.requires_grad:  True
pred_19.requires_grad, true_19.requires_grad:  True True
Autograd grad max:  tensor(374.1982, device='cuda:0')
Autograd grad min:  tensor(-486.0770, device='cuda:0')
Autograd grad mean:  tensor(-1.3060, device='cuda:0')
[Step 35] PGD Update - Time: 0.0013s, Mem: 0.00 B

[Step 35] 完整步骤总时间: 30.137884s | 总显存: 0.00 B
[Step 35] 峰值显存: 6.22 GB

[Step 36] ============ 详细性能分析 ============
[模型部分] 总时间: 6.789342s | 显存: 4.12 GB

[0-9秒 PDE求解详细性能]
  t=0s - 时间: 0.000000s | 显存: 0.00 B
  t=1s - 时间: 0.438382s | 显存: 0.00 B
  t=2s - 时间: 0.491922s | 显存: 0.00 B
  t=3s - 时间: 0.582782s | 显存: 0.00 B
  t=4s - 时间: 0.669299s | 显存: 0.00 B
  t=5s - 时间: 0.779253s | 显存: 0.00 B
  t=6s - 时间: 0.826807s | 显存: 0.00 B
  t=7s - 时间: 0.911448s | 显存: 0.00 B
  t=8s - 时间: 0.990452s | 显存: 0.00 B
  t=9s - 时间: 1.077702s | 显存: 0.00 B

[19秒 PDE求解]
  t=19.0s - 时间: 1.876666s | 显存: 0.00 B

[PDE求解部分] 总时间: 1.876983s | 显存: 0.00 B

[本步骤总计] 时间: 8.666325s | 显存: 4.12 GB
orginal_loss:  tensor(344939., device='cuda:0', grad_fn=<MseLossBackward0>)
[Step 36] Backward Propagation - Time: 21.4870s, Mem: -4413235200.00 B
x_adv.requires_grad:  True
pred_19.requires_grad, true_19.requires_grad:  True True
Autograd grad max:  tensor(261.1752, device='cuda:0')
Autograd grad min:  tensor(-575.8476, device='cuda:0')
Autograd grad mean:  tensor(1.5483, device='cuda:0')
[Step 36] PGD Update - Time: 0.0013s, Mem: 0.00 B

[Step 36] 完整步骤总时间: 30.160694s | 总显存: 0.00 B
[Step 36] 峰值显存: 6.22 GB

[Step 37] ============ 详细性能分析 ============
[模型部分] 总时间: 6.679233s | 显存: 4.12 GB

[0-9秒 PDE求解详细性能]
  t=0s - 时间: 0.000000s | 显存: 0.00 B
  t=1s - 时间: 0.428751s | 显存: 0.00 B
  t=2s - 时间: 0.493100s | 显存: 0.00 B
  t=3s - 时间: 0.591322s | 显存: 0.00 B
  t=4s - 时间: 0.647829s | 显存: 0.00 B
  t=5s - 时间: 0.759623s | 显存: 0.00 B
  t=6s - 时间: 0.817656s | 显存: 0.00 B
  t=7s - 时间: 0.893284s | 显存: 0.00 B
  t=8s - 时间: 0.979081s | 显存: 0.00 B
  t=9s - 时间: 1.047356s | 显存: 0.00 B

[19秒 PDE求解]
  t=19.0s - 时间: 1.871124s | 显存: 0.00 B

[PDE求解部分] 总时间: 1.871476s | 显存: 0.00 B

[本步骤总计] 时间: 8.550709s | 显存: 4.12 GB
orginal_loss:  tensor(214895.8438, device='cuda:0', grad_fn=<MseLossBackward0>)
[Step 37] Backward Propagation - Time: 21.6665s, Mem: -4413235200.00 B
x_adv.requires_grad:  True
pred_19.requires_grad, true_19.requires_grad:  True True
Autograd grad max:  tensor(544.5135, device='cuda:0')
Autograd grad min:  tensor(-373.3344, device='cuda:0')
Autograd grad mean:  tensor(2.2280, device='cuda:0')
[Step 37] PGD Update - Time: 0.0012s, Mem: 0.00 B

[Step 37] 完整步骤总时间: 30.223035s | 总显存: 0.00 B
[Step 37] 峰值显存: 6.22 GB

[Step 38] ============ 详细性能分析 ============
[模型部分] 总时间: 6.701771s | 显存: 4.12 GB

[0-9秒 PDE求解详细性能]
  t=0s - 时间: 0.000000s | 显存: 0.00 B
  t=1s - 时间: 0.423695s | 显存: 0.00 B
  t=2s - 时间: 0.518109s | 显存: 0.00 B
  t=3s - 时间: 0.589646s | 显存: 0.00 B
  t=4s - 时间: 0.645724s | 显存: 0.00 B
  t=5s - 时间: 0.741613s | 显存: 0.00 B
  t=6s - 时间: 0.818178s | 显存: 0.00 B
  t=7s - 时间: 0.900491s | 显存: 0.00 B
  t=8s - 时间: 0.976917s | 显存: 0.00 B
  t=9s - 时间: 1.065939s | 显存: 0.00 B

[19秒 PDE求解]
  t=19.0s - 时间: 1.888215s | 显存: 0.00 B

[PDE求解部分] 总时间: 1.888535s | 显存: 0.00 B

[本步骤总计] 时间: 8.590306s | 显存: 4.12 GB
orginal_loss:  tensor(499893.3438, device='cuda:0', grad_fn=<MseLossBackward0>)
[Step 38] Backward Propagation - Time: 21.9912s, Mem: -4413235200.00 B
x_adv.requires_grad:  True
pred_19.requires_grad, true_19.requires_grad:  True True
Autograd grad max:  tensor(207.1314, device='cuda:0')
Autograd grad min:  tensor(-191.7342, device='cuda:0')
Autograd grad mean:  tensor(1.9064, device='cuda:0')
[Step 38] PGD Update - Time: 0.0013s, Mem: 0.00 B

[Step 38] 完整步骤总时间: 30.587856s | 总显存: 0.00 B
[Step 38] 峰值显存: 6.22 GB

[Step 39] ============ 详细性能分析 ============
[模型部分] 总时间: 6.793975s | 显存: 4.12 GB

[0-9秒 PDE求解详细性能]
  t=0s - 时间: 0.000000s | 显存: 0.00 B
  t=1s - 时间: 0.425715s | 显存: 0.00 B
  t=2s - 时间: 0.489440s | 显存: 0.00 B
  t=3s - 时间: 0.573845s | 显存: 0.00 B
  t=4s - 时间: 0.665336s | 显存: 0.00 B
  t=5s - 时间: 0.756939s | 显存: 0.00 B
  t=6s - 时间: 0.820478s | 显存: 0.00 B
  t=7s - 时间: 0.917350s | 显存: 0.00 B
  t=8s - 时间: 1.023569s | 显存: 0.00 B
  t=9s - 时间: 1.099999s | 显存: 0.00 B

[19秒 PDE求解]
  t=19.0s - 时间: 1.896549s | 显存: 0.00 B

[PDE求解部分] 总时间: 1.896907s | 显存: 0.00 B

[本步骤总计] 时间: 8.690882s | 显存: 4.12 GB
orginal_loss:  tensor(320233.6250, device='cuda:0', grad_fn=<MseLossBackward0>)
[Step 39] Backward Propagation - Time: 21.5908s, Mem: -4413235200.00 B
x_adv.requires_grad:  True
pred_19.requires_grad, true_19.requires_grad:  True True
Autograd grad max:  tensor(324.8911, device='cuda:0')
Autograd grad min:  tensor(-490.0456, device='cuda:0')
Autograd grad mean:  tensor(0.6459, device='cuda:0')
[Step 39] PGD Update - Time: 0.0013s, Mem: 0.00 B

[Step 39] 完整步骤总时间: 30.287559s | 总显存: 0.00 B
[Step 39] 峰值显存: 6.22 GB

[Step 40] ============ 详细性能分析 ============
[模型部分] 总时间: 6.820655s | 显存: 4.12 GB

[0-9秒 PDE求解详细性能]
  t=0s - 时间: 0.000000s | 显存: 0.00 B
  t=1s - 时间: 0.424977s | 显存: 0.00 B
  t=2s - 时间: 0.507722s | 显存: 0.00 B
  t=3s - 时间: 0.636681s | 显存: 0.00 B
  t=4s - 时间: 0.656555s | 显存: 0.00 B
  t=5s - 时间: 0.745753s | 显存: 0.00 B
  t=6s - 时间: 0.854676s | 显存: 0.00 B
  t=7s - 时间: 0.929927s | 显存: 0.00 B
  t=8s - 时间: 0.978028s | 显存: 0.00 B
  t=9s - 时间: 1.064867s | 显存: 0.00 B

[19秒 PDE求解]
  t=19.0s - 时间: 1.895274s | 显存: 0.00 B

[PDE求解部分] 总时间: 1.895591s | 显存: 0.00 B

[本步骤总计] 时间: 8.716246s | 显存: 4.12 GB
orginal_loss:  tensor(344660.6562, device='cuda:0', grad_fn=<MseLossBackward0>)
[Step 40] Backward Propagation - Time: 21.6099s, Mem: -4413235200.00 B
x_adv.requires_grad:  True
pred_19.requires_grad, true_19.requires_grad:  True True
Autograd grad max:  tensor(512.6462, device='cuda:0')
Autograd grad min:  tensor(-797.2704, device='cuda:0')
Autograd grad mean:  tensor(4.0568, device='cuda:0')
[Step 40] PGD Update - Time: 0.0012s, Mem: 0.00 B

[Step 40] 完整步骤总时间: 30.332547s | 总显存: 0.00 B
[Step 40] 峰值显存: 6.22 GB

[Step 41] ============ 详细性能分析 ============
[模型部分] 总时间: 6.826168s | 显存: 4.12 GB

[0-9秒 PDE求解详细性能]
  t=0s - 时间: 0.000000s | 显存: 0.00 B
  t=1s - 时间: 0.432795s | 显存: 0.00 B
  t=2s - 时间: 0.508762s | 显存: 0.00 B
  t=3s - 时间: 0.597771s | 显存: 0.00 B
  t=4s - 时间: 0.654168s | 显存: 0.00 B
  t=5s - 时间: 0.771085s | 显存: 0.00 B
  t=6s - 时间: 0.862594s | 显存: 0.00 B
  t=7s - 时间: 0.930183s | 显存: 0.00 B
  t=8s - 时间: 0.980493s | 显存: 0.00 B
  t=9s - 时间: 1.067139s | 显存: 0.00 B

[19秒 PDE求解]
  t=19.0s - 时间: 1.908263s | 显存: 0.00 B

[PDE求解部分] 总时间: 1.908626s | 显存: 0.00 B

[本步骤总计] 时间: 8.734794s | 显存: 4.12 GB
orginal_loss:  tensor(459715.3125, device='cuda:0', grad_fn=<MseLossBackward0>)
[Step 41] Backward Propagation - Time: 21.5283s, Mem: -4413235200.00 B
x_adv.requires_grad:  True
pred_19.requires_grad, true_19.requires_grad:  True True
Autograd grad max:  tensor(338.1953, device='cuda:0')
Autograd grad min:  tensor(-278.8840, device='cuda:0')
Autograd grad mean:  tensor(0.1734, device='cuda:0')
[Step 41] PGD Update - Time: 0.0013s, Mem: 0.00 B

[Step 41] 完整步骤总时间: 30.268944s | 总显存: 0.00 B
[Step 41] 峰值显存: 6.22 GB

[Step 42] ============ 详细性能分析 ============
[模型部分] 总时间: 6.858426s | 显存: 4.12 GB

[0-9秒 PDE求解详细性能]
  t=0s - 时间: 0.000000s | 显存: 0.00 B
  t=1s - 时间: 0.431599s | 显存: 0.00 B
  t=2s - 时间: 0.493521s | 显存: 0.00 B
  t=3s - 时间: 0.648773s | 显存: 0.00 B
  t=4s - 时间: 0.656969s | 显存: 0.00 B
  t=5s - 时间: 0.734495s | 显存: 0.00 B
  t=6s - 时间: 0.849462s | 显存: 0.00 B
  t=7s - 时间: 0.935504s | 显存: 0.00 B
  t=8s - 时间: 1.019303s | 显存: 0.00 B
  t=9s - 时间: 1.067308s | 显存: 0.00 B

[19秒 PDE求解]
  t=19.0s - 时间: 1.900229s | 显存: 0.00 B

[PDE求解部分] 总时间: 1.900549s | 显存: 0.00 B

[本步骤总计] 时间: 8.758975s | 显存: 4.12 GB
orginal_loss:  tensor(400508.1875, device='cuda:0', grad_fn=<MseLossBackward0>)
[Step 42] Backward Propagation - Time: 21.7921s, Mem: -4413235200.00 B
x_adv.requires_grad:  True
pred_19.requires_grad, true_19.requires_grad:  True True
Autograd grad max:  tensor(235.0695, device='cuda:0')
Autograd grad min:  tensor(-232.8866, device='cuda:0')
Autograd grad mean:  tensor(1.1966, device='cuda:0')
[Step 42] PGD Update - Time: 0.0011s, Mem: 0.00 B

[Step 42] 完整步骤总时间: 30.560141s | 总显存: 0.00 B
[Step 42] 峰值显存: 6.22 GB

[Step 43] ============ 详细性能分析 ============
[模型部分] 总时间: 6.814523s | 显存: 4.12 GB

[0-9秒 PDE求解详细性能]
  t=0s - 时间: 0.000000s | 显存: 0.00 B
  t=1s - 时间: 0.464133s | 显存: 0.00 B
  t=2s - 时间: 0.521035s | 显存: 0.00 B
  t=3s - 时间: 0.598155s | 显存: 0.00 B
  t=4s - 时间: 0.657058s | 显存: 0.00 B
  t=5s - 时间: 0.745454s | 显存: 0.00 B
  t=6s - 时间: 0.805616s | 显存: 0.00 B
  t=7s - 时间: 0.914124s | 显存: 0.00 B
  t=8s - 时间: 1.017200s | 显存: 0.00 B
  t=9s - 时间: 1.070497s | 显存: 0.00 B

[19秒 PDE求解]
  t=19.0s - 时间: 1.878121s | 显存: 0.00 B

[PDE求解部分] 总时间: 1.878454s | 显存: 0.00 B

[本步骤总计] 时间: 8.692978s | 显存: 4.12 GB
orginal_loss:  tensor(455785.8750, device='cuda:0', grad_fn=<MseLossBackward0>)
[Step 43] Backward Propagation - Time: 21.7623s, Mem: -4413235200.00 B
x_adv.requires_grad:  True
pred_19.requires_grad, true_19.requires_grad:  True True
Autograd grad max:  tensor(599.0580, device='cuda:0')
Autograd grad min:  tensor(-537.5781, device='cuda:0')
Autograd grad mean:  tensor(-0.3056, device='cuda:0')
[Step 43] PGD Update - Time: 0.0009s, Mem: 0.00 B

[Step 43] 完整步骤总时间: 30.460368s | 总显存: 0.00 B
[Step 43] 峰值显存: 6.22 GB

[Step 44] ============ 详细性能分析 ============
[模型部分] 总时间: 6.721910s | 显存: 4.12 GB

[0-9秒 PDE求解详细性能]
  t=0s - 时间: 0.000000s | 显存: 0.00 B
  t=1s - 时间: 0.424952s | 显存: 0.00 B
  t=2s - 时间: 0.496356s | 显存: 0.00 B
  t=3s - 时间: 0.579671s | 显存: 0.00 B
  t=4s - 时间: 0.651532s | 显存: 0.00 B
  t=5s - 时间: 0.733895s | 显存: 0.00 B
  t=6s - 时间: 0.827677s | 显存: 0.00 B
  t=7s - 时间: 0.907918s | 显存: 0.00 B
  t=8s - 时间: 1.009290s | 显存: 0.00 B
  t=9s - 时间: 1.069021s | 显存: 0.00 B

[19秒 PDE求解]
  t=19.0s - 时间: 1.898796s | 显存: 0.00 B

[PDE求解部分] 总时间: 1.899108s | 显存: 0.00 B

[本步骤总计] 时间: 8.621018s | 显存: 4.12 GB
orginal_loss:  tensor(472644.5000, device='cuda:0', grad_fn=<MseLossBackward0>)
[Step 44] Backward Propagation - Time: 21.5974s, Mem: -4413235200.00 B
x_adv.requires_grad:  True
pred_19.requires_grad, true_19.requires_grad:  True True
Autograd grad max:  tensor(851.9706, device='cuda:0')
Autograd grad min:  tensor(-778.8383, device='cuda:0')
Autograd grad mean:  tensor(0.7693, device='cuda:0')
[Step 44] PGD Update - Time: 0.0013s, Mem: 0.00 B

[Step 44] 完整步骤总时间: 30.236307s | 总显存: 0.00 B
[Step 44] 峰值显存: 6.22 GB

[Step 45] ============ 详细性能分析 ============
[模型部分] 总时间: 6.669768s | 显存: 4.12 GB

[0-9秒 PDE求解详细性能]
  t=0s - 时间: 0.000000s | 显存: 0.00 B
  t=1s - 时间: 0.425042s | 显存: 0.00 B
  t=2s - 时间: 0.502546s | 显存: 0.00 B
  t=3s - 时间: 0.587448s | 显存: 0.00 B
  t=4s - 时间: 0.658099s | 显存: 0.00 B
  t=5s - 时间: 0.732613s | 显存: 0.00 B
  t=6s - 时间: 0.812785s | 显存: 0.00 B
  t=7s - 时间: 0.896960s | 显存: 0.00 B
  t=8s - 时间: 0.978060s | 显存: 0.00 B
  t=9s - 时间: 1.055062s | 显存: 0.00 B

[19秒 PDE求解]
  t=19.0s - 时间: 1.882556s | 显存: 0.00 B

[PDE求解部分] 总时间: 1.882877s | 显存: 0.00 B

[本步骤总计] 时间: 8.552646s | 显存: 4.12 GB
orginal_loss:  tensor(421780.7500, device='cuda:0', grad_fn=<MseLossBackward0>)
[Step 45] Backward Propagation - Time: 21.9575s, Mem: -4413235200.00 B
x_adv.requires_grad:  True
pred_19.requires_grad, true_19.requires_grad:  True True
Autograd grad max:  tensor(1357.7094, device='cuda:0')
Autograd grad min:  tensor(-1369.9651, device='cuda:0')
Autograd grad mean:  tensor(-7.0164, device='cuda:0')
[Step 45] PGD Update - Time: 0.0012s, Mem: 0.00 B

[Step 45] 完整步骤总时间: 30.515714s | 总显存: 0.00 B
[Step 45] 峰值显存: 6.22 GB

[Step 46] ============ 详细性能分析 ============
[模型部分] 总时间: 6.770886s | 显存: 4.12 GB

[0-9秒 PDE求解详细性能]
  t=0s - 时间: 0.000000s | 显存: 0.00 B
  t=1s - 时间: 0.417898s | 显存: 0.00 B
  t=2s - 时间: 0.536895s | 显存: 0.00 B
  t=3s - 时间: 0.555506s | 显存: 0.00 B
  t=4s - 时间: 0.677018s | 显存: 0.00 B
  t=5s - 时间: 0.742535s | 显存: 0.00 B
  t=6s - 时间: 0.841932s | 显存: 0.00 B
  t=7s - 时间: 0.902631s | 显存: 0.00 B
  t=8s - 时间: 0.982488s | 显存: 0.00 B
  t=9s - 时间: 1.092879s | 显存: 0.00 B

[19秒 PDE求解]
  t=19.0s - 时间: 1.878677s | 显存: 0.00 B

[PDE求解部分] 总时间: 1.879043s | 显存: 0.00 B

[本步骤总计] 时间: 8.649929s | 显存: 4.12 GB
orginal_loss:  tensor(384198.6875, device='cuda:0', grad_fn=<MseLossBackward0>)
[Step 46] Backward Propagation - Time: 21.4885s, Mem: -4413235200.00 B
x_adv.requires_grad:  True
pred_19.requires_grad, true_19.requires_grad:  True True
Autograd grad max:  tensor(367.7386, device='cuda:0')
Autograd grad min:  tensor(-722.2739, device='cuda:0')
Autograd grad mean:  tensor(-2.8169, device='cuda:0')
[Step 46] PGD Update - Time: 0.0013s, Mem: 0.00 B

[Step 46] 完整步骤总时间: 30.144498s | 总显存: 0.00 B
[Step 46] 峰值显存: 6.22 GB

[Step 47] ============ 详细性能分析 ============
[模型部分] 总时间: 6.801873s | 显存: 4.12 GB

[0-9秒 PDE求解详细性能]
  t=0s - 时间: 0.000000s | 显存: 0.00 B
  t=1s - 时间: 0.435285s | 显存: 0.00 B
  t=2s - 时间: 0.512828s | 显存: 0.00 B
  t=3s - 时间: 0.586962s | 显存: 0.00 B
  t=4s - 时间: 0.660405s | 显存: 0.00 B
  t=5s - 时间: 0.748258s | 显存: 0.00 B
  t=6s - 时间: 0.866736s | 显存: 0.00 B
  t=7s - 时间: 0.930741s | 显存: 0.00 B
  t=8s - 时间: 0.985193s | 显存: 0.00 B
  t=9s - 时间: 1.054047s | 显存: 0.00 B

[19秒 PDE求解]
  t=19.0s - 时间: 1.873963s | 显存: 0.00 B

[PDE求解部分] 总时间: 1.874296s | 显存: 0.00 B

[本步骤总计] 时间: 8.676169s | 显存: 4.12 GB
orginal_loss:  tensor(485296.4375, device='cuda:0', grad_fn=<MseLossBackward0>)
[Step 47] Backward Propagation - Time: 21.5449s, Mem: -4413235200.00 B
x_adv.requires_grad:  True
pred_19.requires_grad, true_19.requires_grad:  True True
Autograd grad max:  tensor(557.1419, device='cuda:0')
Autograd grad min:  tensor(-643.0744, device='cuda:0')
Autograd grad mean:  tensor(-4.2286, device='cuda:0')
[Step 47] PGD Update - Time: 0.0012s, Mem: 0.00 B

[Step 47] 完整步骤总时间: 30.227325s | 总显存: 0.00 B
[Step 47] 峰值显存: 6.22 GB

[Step 48] ============ 详细性能分析 ============
[模型部分] 总时间: 6.734704s | 显存: 4.12 GB

[0-9秒 PDE求解详细性能]
  t=0s - 时间: 0.000000s | 显存: 0.00 B
  t=1s - 时间: 0.422212s | 显存: 0.00 B
  t=2s - 时间: 0.475986s | 显存: 0.00 B
  t=3s - 时间: 0.551668s | 显存: 0.00 B
  t=4s - 时间: 0.660774s | 显存: 0.00 B
  t=5s - 时间: 0.761232s | 显存: 0.00 B
  t=6s - 时间: 0.849746s | 显存: 0.00 B
  t=7s - 时间: 0.915664s | 显存: 0.00 B
  t=8s - 时间: 1.009454s | 显存: 0.00 B
  t=9s - 时间: 1.066834s | 显存: 0.00 B

[19秒 PDE求解]
  t=19.0s - 时间: 1.912910s | 显存: 0.00 B

[PDE求解部分] 总时间: 1.913278s | 显存: 0.00 B

[本步骤总计] 时间: 8.647982s | 显存: 4.12 GB
orginal_loss:  tensor(607925.8750, device='cuda:0', grad_fn=<MseLossBackward0>)
[Step 48] Backward Propagation - Time: 28.2822s, Mem: -4413235200.00 B
x_adv.requires_grad:  True
pred_19.requires_grad, true_19.requires_grad:  True True
Autograd grad max:  tensor(4501.6558, device='cuda:0')
Autograd grad min:  tensor(-3549.0657, device='cuda:0')
Autograd grad mean:  tensor(3.6429, device='cuda:0')
[Step 48] PGD Update - Time: 0.0013s, Mem: 0.00 B

[Step 48] 完整步骤总时间: 36.938619s | 总显存: 0.00 B
[Step 48] 峰值显存: 6.22 GB

[Step 49] ============ 详细性能分析 ============
[模型部分] 总时间: 6.929433s | 显存: 4.12 GB

[0-9秒 PDE求解详细性能]
  t=0s - 时间: 0.000000s | 显存: 0.00 B
  t=1s - 时间: 0.462649s | 显存: 0.00 B
  t=2s - 时间: 0.506555s | 显存: 0.00 B
  t=3s - 时间: 0.588275s | 显存: 0.00 B
  t=4s - 时间: 0.672465s | 显存: 0.00 B
  t=5s - 时间: 0.751914s | 显存: 0.00 B
  t=6s - 时间: 0.869005s | 显存: 0.00 B
  t=7s - 时间: 0.937205s | 显存: 0.00 B
  t=8s - 时间: 1.022043s | 显存: 0.00 B
  t=9s - 时间: 1.097741s | 显存: 0.00 B

[19秒 PDE求解]
  t=19.0s - 时间: 1.918957s | 显存: 0.00 B

[PDE求解部分] 总时间: 1.919277s | 显存: 0.00 B

[本步骤总计] 时间: 8.848710s | 显存: 4.12 GB
orginal_loss:  tensor(483456.1250, device='cuda:0', grad_fn=<MseLossBackward0>)
[Step 49] Backward Propagation - Time: 21.5988s, Mem: -4413235200.00 B
x_adv.requires_grad:  True
pred_19.requires_grad, true_19.requires_grad:  True True
Autograd grad max:  tensor(1489.8773, device='cuda:0')
Autograd grad min:  tensor(-680.5405, device='cuda:0')
Autograd grad mean:  tensor(0.7279, device='cuda:0')
[Step 49] PGD Update - Time: 0.0012s, Mem: 0.00 B

[Step 49] 完整步骤总时间: 30.453865s | 总显存: 0.00 B
[Step 49] 峰值显存: 6.22 GB

[Step 50] ============ 详细性能分析 ============
[模型部分] 总时间: 6.659580s | 显存: 4.12 GB

[0-9秒 PDE求解详细性能]
  t=0s - 时间: 0.000000s | 显存: 0.00 B
  t=1s - 时间: 0.425840s | 显存: 0.00 B
  t=2s - 时间: 0.487260s | 显存: 0.00 B
  t=3s - 时间: 0.566240s | 显存: 0.00 B
  t=4s - 时间: 0.656400s | 显存: 0.00 B
  t=5s - 时间: 0.740985s | 显存: 0.00 B
  t=6s - 时间: 0.820085s | 显存: 0.00 B
  t=7s - 时间: 0.906400s | 显存: 0.00 B
  t=8s - 时间: 0.969021s | 显存: 0.00 B
  t=9s - 时间: 1.066080s | 显存: 0.00 B

[19秒 PDE求解]
  t=19.0s - 时间: 1.888729s | 显存: 0.00 B

[PDE求解部分] 总时间: 1.889066s | 显存: 0.00 B

[本步骤总计] 时间: 8.548646s | 显存: 4.12 GB
orginal_loss:  tensor(629778.1250, device='cuda:0', grad_fn=<MseLossBackward0>)
[Step 50] Backward Propagation - Time: 21.6265s, Mem: -4413235200.00 B
x_adv.requires_grad:  True
pred_19.requires_grad, true_19.requires_grad:  True True
Autograd grad max:  tensor(1541.5525, device='cuda:0')
Autograd grad min:  tensor(-1629.5023, device='cuda:0')
Autograd grad mean:  tensor(5.3162, device='cuda:0')
[Step 50] PGD Update - Time: 0.0013s, Mem: 0.00 B

[Step 50] 完整步骤总时间: 30.181331s | 总显存: 0.00 B
[Step 50] 峰值显存: 6.22 GB

[Step 51] ============ 详细性能分析 ============
[模型部分] 总时间: 6.725404s | 显存: 4.12 GB

[0-9秒 PDE求解详细性能]
  t=0s - 时间: 0.000000s | 显存: 0.00 B
  t=1s - 时间: 0.433209s | 显存: 0.00 B
  t=2s - 时间: 0.486252s | 显存: 0.00 B
  t=3s - 时间: 0.559821s | 显存: 0.00 B
  t=4s - 时间: 0.667458s | 显存: 0.00 B
  t=5s - 时间: 0.726938s | 显存: 0.00 B
  t=6s - 时间: 0.818784s | 显存: 0.00 B
  t=7s - 时间: 0.913435s | 显存: 0.00 B
  t=8s - 时间: 1.002085s | 显存: 0.00 B
  t=9s - 时间: 1.096038s | 显存: 0.00 B

[19秒 PDE求解]
  t=19.0s - 时间: 1.898573s | 显存: 0.00 B

[PDE求解部分] 总时间: 1.898885s | 显存: 0.00 B

[本步骤总计] 时间: 8.624289s | 显存: 4.12 GB
orginal_loss:  tensor(370953.1250, device='cuda:0', grad_fn=<MseLossBackward0>)
[Step 51] Backward Propagation - Time: 21.6609s, Mem: -4413235200.00 B
x_adv.requires_grad:  True
pred_19.requires_grad, true_19.requires_grad:  True True
Autograd grad max:  tensor(725.3651, device='cuda:0')
Autograd grad min:  tensor(-693.0748, device='cuda:0')
Autograd grad mean:  tensor(-7.9516, device='cuda:0')
[Step 51] PGD Update - Time: 0.0013s, Mem: 0.00 B

[Step 51] 完整步骤总时间: 30.290926s | 总显存: 0.00 B
[Step 51] 峰值显存: 6.22 GB

[Step 52] ============ 详细性能分析 ============
[模型部分] 总时间: 6.879824s | 显存: 4.12 GB

[0-9秒 PDE求解详细性能]
  t=0s - 时间: 0.000000s | 显存: 0.00 B
  t=1s - 时间: 0.440872s | 显存: 0.00 B
  t=2s - 时间: 0.520760s | 显存: 0.00 B
  t=3s - 时间: 0.592797s | 显存: 0.00 B
  t=4s - 时间: 0.687865s | 显存: 0.00 B
  t=5s - 时间: 0.734128s | 显存: 0.00 B
  t=6s - 时间: 0.851024s | 显存: 0.00 B
  t=7s - 时间: 0.938342s | 显存: 0.00 B
  t=8s - 时间: 1.006452s | 显存: 0.00 B
  t=9s - 时间: 1.086370s | 显存: 0.00 B

[19秒 PDE求解]
  t=19.0s - 时间: 1.892355s | 显存: 0.00 B

[PDE求解部分] 总时间: 1.892726s | 显存: 0.00 B

[本步骤总计] 时间: 8.772551s | 显存: 4.12 GB
orginal_loss:  tensor(510744.2812, device='cuda:0', grad_fn=<MseLossBackward0>)
[Step 52] Backward Propagation - Time: 21.6772s, Mem: -4413235200.00 B
x_adv.requires_grad:  True
pred_19.requires_grad, true_19.requires_grad:  True True
Autograd grad max:  tensor(527.0701, device='cuda:0')
Autograd grad min:  tensor(-899.0801, device='cuda:0')
Autograd grad mean:  tensor(-0.9426, device='cuda:0')
[Step 52] PGD Update - Time: 0.0013s, Mem: 0.00 B

[Step 52] 完整步骤总时间: 30.455955s | 总显存: 0.00 B
[Step 52] 峰值显存: 6.22 GB

[Step 53] ============ 详细性能分析 ============
[模型部分] 总时间: 6.766880s | 显存: 4.12 GB

[0-9秒 PDE求解详细性能]
  t=0s - 时间: 0.000000s | 显存: 0.00 B
  t=1s - 时间: 0.435731s | 显存: 0.00 B
  t=2s - 时间: 0.490692s | 显存: 0.00 B
  t=3s - 时间: 0.598175s | 显存: 0.00 B
  t=4s - 时间: 0.667929s | 显存: 0.00 B
  t=5s - 时间: 0.755176s | 显存: 0.00 B
  t=6s - 时间: 0.845048s | 显存: 0.00 B
  t=7s - 时间: 0.886540s | 显存: 0.00 B
  t=8s - 时间: 0.969868s | 显存: 0.00 B
  t=9s - 时间: 1.096354s | 显存: 0.00 B

[19秒 PDE求解]
  t=19.0s - 时间: 1.913004s | 显存: 0.00 B

[PDE求解部分] 总时间: 1.913335s | 显存: 0.00 B

[本步骤总计] 时间: 8.680215s | 显存: 4.12 GB
orginal_loss:  tensor(441188.7500, device='cuda:0', grad_fn=<MseLossBackward0>)
[Step 53] Backward Propagation - Time: 21.6330s, Mem: -4413235200.00 B
x_adv.requires_grad:  True
pred_19.requires_grad, true_19.requires_grad:  True True
Autograd grad max:  tensor(725.2256, device='cuda:0')
Autograd grad min:  tensor(-586.3566, device='cuda:0')
Autograd grad mean:  tensor(2.1341, device='cuda:0')
[Step 53] PGD Update - Time: 0.0012s, Mem: 0.00 B

[Step 53] 完整步骤总时间: 30.318952s | 总显存: 0.00 B
[Step 53] 峰值显存: 6.22 GB

[Step 54] ============ 详细性能分析 ============
[模型部分] 总时间: 6.786750s | 显存: 4.12 GB

[0-9秒 PDE求解详细性能]
  t=0s - 时间: 0.000000s | 显存: 0.00 B
  t=1s - 时间: 0.429001s | 显存: 0.00 B
  t=2s - 时间: 0.500774s | 显存: 0.00 B
  t=3s - 时间: 0.587253s | 显存: 0.00 B
  t=4s - 时间: 0.659058s | 显存: 0.00 B
  t=5s - 时间: 0.769453s | 显存: 0.00 B
  t=6s - 时间: 0.840025s | 显存: 0.00 B
  t=7s - 时间: 0.904324s | 显存: 0.00 B
  t=8s - 时间: 0.978989s | 显存: 0.00 B
  t=9s - 时间: 1.096559s | 显存: 0.00 B

[19秒 PDE求解]
  t=19.0s - 时间: 1.928028s | 显存: 0.00 B

[PDE求解部分] 总时间: 1.928403s | 显存: 0.00 B

[本步骤总计] 时间: 8.715153s | 显存: 4.12 GB
orginal_loss:  tensor(458342.1250, device='cuda:0', grad_fn=<MseLossBackward0>)
[Step 54] Backward Propagation - Time: 21.5757s, Mem: -4413235200.00 B
x_adv.requires_grad:  True
pred_19.requires_grad, true_19.requires_grad:  True True
Autograd grad max:  tensor(452.5737, device='cuda:0')
Autograd grad min:  tensor(-338.7380, device='cuda:0')
Autograd grad mean:  tensor(1.6956, device='cuda:0')
[Step 54] PGD Update - Time: 0.0014s, Mem: 0.00 B

[Step 54] 完整步骤总时间: 30.297361s | 总显存: 0.00 B
[Step 54] 峰值显存: 6.22 GB

[Step 55] ============ 详细性能分析 ============
[模型部分] 总时间: 6.650005s | 显存: 4.12 GB

[0-9秒 PDE求解详细性能]
  t=0s - 时间: 0.000000s | 显存: 0.00 B
  t=1s - 时间: 0.435244s | 显存: 0.00 B
  t=2s - 时间: 0.498405s | 显存: 0.00 B
  t=3s - 时间: 0.576616s | 显存: 0.00 B
  t=4s - 时间: 0.652412s | 显存: 0.00 B
  t=5s - 时间: 0.732416s | 显存: 0.00 B
  t=6s - 时间: 0.813703s | 显存: 0.00 B
  t=7s - 时间: 0.878148s | 显存: 0.00 B
  t=8s - 时间: 0.972007s | 显存: 0.00 B
  t=9s - 时间: 1.069256s | 显存: 0.00 B

[19秒 PDE求解]
  t=19.0s - 时间: 1.879341s | 显存: 0.00 B

[PDE求解部分] 总时间: 1.879660s | 显存: 0.00 B

[本步骤总计] 时间: 8.529664s | 显存: 4.12 GB
orginal_loss:  tensor(441727.3125, device='cuda:0', grad_fn=<MseLossBackward0>)
[Step 55] Backward Propagation - Time: 21.9086s, Mem: -4413235200.00 B
x_adv.requires_grad:  True
pred_19.requires_grad, true_19.requires_grad:  True True
Autograd grad max:  tensor(811.0404, device='cuda:0')
Autograd grad min:  tensor(-772.2533, device='cuda:0')
Autograd grad mean:  tensor(-3.0105, device='cuda:0')
[Step 55] PGD Update - Time: 0.0012s, Mem: 0.00 B

[Step 55] 完整步骤总时间: 30.444298s | 总显存: 0.00 B
[Step 55] 峰值显存: 6.22 GB

[Step 56] ============ 详细性能分析 ============
[模型部分] 总时间: 6.722631s | 显存: 4.12 GB

[0-9秒 PDE求解详细性能]
  t=0s - 时间: 0.000000s | 显存: 0.00 B
  t=1s - 时间: 0.429046s | 显存: 0.00 B
  t=2s - 时间: 0.506198s | 显存: 0.00 B
  t=3s - 时间: 0.579299s | 显存: 0.00 B
  t=4s - 时间: 0.662830s | 显存: 0.00 B
  t=5s - 时间: 0.739408s | 显存: 0.00 B
  t=6s - 时间: 0.814449s | 显存: 0.00 B
  t=7s - 时间: 0.910816s | 显存: 0.00 B
  t=8s - 时间: 0.984963s | 显存: 0.00 B
  t=9s - 时间: 1.074347s | 显存: 0.00 B

[19秒 PDE求解]
  t=19.0s - 时间: 1.888360s | 显存: 0.00 B

[PDE求解部分] 总时间: 1.888703s | 显存: 0.00 B

[本步骤总计] 时间: 8.611334s | 显存: 4.12 GB
orginal_loss:  tensor(403158.8750, device='cuda:0', grad_fn=<MseLossBackward0>)
[Step 56] Backward Propagation - Time: 21.4519s, Mem: -4413235200.00 B
x_adv.requires_grad:  True
pred_19.requires_grad, true_19.requires_grad:  True True
Autograd grad max:  tensor(683.9391, device='cuda:0')
Autograd grad min:  tensor(-1202.9360, device='cuda:0')
Autograd grad mean:  tensor(-0.0015, device='cuda:0')
[Step 56] PGD Update - Time: 0.0013s, Mem: 0.00 B

[Step 56] 完整步骤总时间: 30.069180s | 总显存: 0.00 B
[Step 56] 峰值显存: 6.22 GB

[Step 57] ============ 详细性能分析 ============
[模型部分] 总时间: 6.719794s | 显存: 4.12 GB

[0-9秒 PDE求解详细性能]
  t=0s - 时间: 0.000000s | 显存: 0.00 B
  t=1s - 时间: 0.437669s | 显存: 0.00 B
  t=2s - 时间: 0.494401s | 显存: 0.00 B
  t=3s - 时间: 0.615340s | 显存: 0.00 B
  t=4s - 时间: 0.659215s | 显存: 0.00 B
  t=5s - 时间: 0.728626s | 显存: 0.00 B
  t=6s - 时间: 0.813911s | 显存: 0.00 B
  t=7s - 时间: 0.909168s | 显存: 0.00 B
  t=8s - 时间: 0.983205s | 显存: 0.00 B
  t=9s - 时间: 1.056557s | 显存: 0.00 B

[19秒 PDE求解]
  t=19.0s - 时间: 1.919504s | 显存: 0.00 B

[PDE求解部分] 总时间: 1.919825s | 显存: 0.00 B

[本步骤总计] 时间: 8.639619s | 显存: 4.12 GB
orginal_loss:  tensor(563710.7500, device='cuda:0', grad_fn=<MseLossBackward0>)
[Step 57] Backward Propagation - Time: 21.7701s, Mem: -4413235200.00 B
x_adv.requires_grad:  True
pred_19.requires_grad, true_19.requires_grad:  True True
Autograd grad max:  tensor(356.2063, device='cuda:0')
Autograd grad min:  tensor(-226.4136, device='cuda:0')
Autograd grad mean:  tensor(0.4140, device='cuda:0')
[Step 57] PGD Update - Time: 0.0012s, Mem: 0.00 B

[Step 57] 完整步骤总时间: 30.416222s | 总显存: 0.00 B
[Step 57] 峰值显存: 6.22 GB

[Step 58] ============ 详细性能分析 ============
[模型部分] 总时间: 6.754658s | 显存: 4.12 GB

[0-9秒 PDE求解详细性能]
  t=0s - 时间: 0.000000s | 显存: 0.00 B
  t=1s - 时间: 0.419445s | 显存: 0.00 B
  t=2s - 时间: 0.518548s | 显存: 0.00 B
  t=3s - 时间: 0.594341s | 显存: 0.00 B
  t=4s - 时间: 0.655747s | 显存: 0.00 B
  t=5s - 时间: 0.782029s | 显存: 0.00 B
  t=6s - 时间: 0.826361s | 显存: 0.00 B
  t=7s - 时间: 0.894282s | 显存: 0.00 B
  t=8s - 时间: 0.982024s | 显存: 0.00 B
  t=9s - 时间: 1.060600s | 显存: 0.00 B

[19秒 PDE求解]
  t=19.0s - 时间: 1.867250s | 显存: 0.00 B

[PDE求解部分] 总时间: 1.867593s | 显存: 0.00 B

[本步骤总计] 时间: 8.622251s | 显存: 4.12 GB
orginal_loss:  tensor(435282.9688, device='cuda:0', grad_fn=<MseLossBackward0>)
[Step 58] Backward Propagation - Time: 21.7550s, Mem: -4413235200.00 B
x_adv.requires_grad:  True
pred_19.requires_grad, true_19.requires_grad:  True True
Autograd grad max:  tensor(1211.6421, device='cuda:0')
Autograd grad min:  tensor(-1557.5779, device='cuda:0')
Autograd grad mean:  tensor(-1.3818, device='cuda:0')
[Step 58] PGD Update - Time: 0.0013s, Mem: 0.00 B

[Step 58] 完整步骤总时间: 30.383152s | 总显存: 0.00 B
[Step 58] 峰值显存: 6.22 GB

[Step 59] ============ 详细性能分析 ============
[模型部分] 总时间: 6.927878s | 显存: 4.12 GB

[0-9秒 PDE求解详细性能]
  t=0s - 时间: 0.000000s | 显存: 0.00 B
  t=1s - 时间: 0.465321s | 显存: 0.00 B
  t=2s - 时间: 0.525197s | 显存: 0.00 B
  t=3s - 时间: 0.607097s | 显存: 0.00 B
  t=4s - 时间: 0.690518s | 显存: 0.00 B
  t=5s - 时间: 0.776101s | 显存: 0.00 B
  t=6s - 时间: 0.856765s | 显存: 0.00 B
  t=7s - 时间: 0.932241s | 显存: 0.00 B
  t=8s - 时间: 0.979029s | 显存: 0.00 B
  t=9s - 时间: 1.074054s | 显存: 0.00 B

[19秒 PDE求解]
  t=19.0s - 时间: 1.903649s | 显存: 0.00 B

[PDE求解部分] 总时间: 1.903967s | 显存: 0.00 B

[本步骤总计] 时间: 8.831845s | 显存: 4.12 GB
orginal_loss:  tensor(259412.5469, device='cuda:0', grad_fn=<MseLossBackward0>)
[Step 59] Backward Propagation - Time: 21.5306s, Mem: -4413235200.00 B
x_adv.requires_grad:  True
pred_19.requires_grad, true_19.requires_grad:  True True
Autograd grad max:  tensor(543.4134, device='cuda:0')
Autograd grad min:  tensor(-658.0183, device='cuda:0')
Autograd grad mean:  tensor(-2.6143, device='cuda:0')
[Step 59] PGD Update - Time: 0.0012s, Mem: 0.00 B

[Step 59] 完整步骤总时间: 30.368007s | 总显存: 0.00 B
[Step 59] 峰值显存: 6.22 GB

[Step 60] ============ 详细性能分析 ============
[模型部分] 总时间: 6.754380s | 显存: 4.12 GB

[0-9秒 PDE求解详细性能]
  t=0s - 时间: 0.000000s | 显存: 0.00 B
  t=1s - 时间: 0.443790s | 显存: 0.00 B
  t=2s - 时间: 0.521800s | 显存: 0.00 B
  t=3s - 时间: 0.574229s | 显存: 0.00 B
  t=4s - 时间: 0.646968s | 显存: 0.00 B
  t=5s - 时间: 0.740998s | 显存: 0.00 B
  t=6s - 时间: 0.830986s | 显存: 0.00 B
  t=7s - 时间: 0.912788s | 显存: 0.00 B
  t=8s - 时间: 0.972288s | 显存: 0.00 B
  t=9s - 时间: 1.089058s | 显存: 0.00 B

[19秒 PDE求解]
  t=19.0s - 时间: 1.915452s | 显存: 0.00 B

[PDE求解部分] 总时间: 1.915786s | 显存: 0.00 B

[本步骤总计] 时间: 8.670165s | 显存: 4.12 GB
orginal_loss:  tensor(553243.7500, device='cuda:0', grad_fn=<MseLossBackward0>)
[Step 60] Backward Propagation - Time: 21.7429s, Mem: -4413235200.00 B
x_adv.requires_grad:  True
pred_19.requires_grad, true_19.requires_grad:  True True
Autograd grad max:  tensor(605.9567, device='cuda:0')
Autograd grad min:  tensor(-825.9985, device='cuda:0')
Autograd grad mean:  tensor(4.4597, device='cuda:0')
[Step 60] PGD Update - Time: 0.0013s, Mem: 0.00 B

[Step 60] 完整步骤总时间: 30.419027s | 总显存: 0.00 B
[Step 60] 峰值显存: 6.22 GB

[Step 61] ============ 详细性能分析 ============
[模型部分] 总时间: 6.863481s | 显存: 4.12 GB

[0-9秒 PDE求解详细性能]
  t=0s - 时间: 0.000000s | 显存: 0.00 B
  t=1s - 时间: 0.452727s | 显存: 0.00 B
  t=2s - 时间: 0.524650s | 显存: 0.00 B
  t=3s - 时间: 0.598322s | 显存: 0.00 B
  t=4s - 时间: 0.677489s | 显存: 0.00 B
  t=5s - 时间: 0.749177s | 显存: 0.00 B
  t=6s - 时间: 0.853292s | 显存: 0.00 B
  t=7s - 时间: 0.921214s | 显存: 0.00 B
  t=8s - 时间: 1.015087s | 显存: 0.00 B
  t=9s - 时间: 1.050552s | 显存: 0.00 B

[19秒 PDE求解]
  t=19.0s - 时间: 1.895768s | 显存: 0.00 B

[PDE求解部分] 总时间: 1.896098s | 显存: 0.00 B

[本步骤总计] 时间: 8.759579s | 显存: 4.12 GB
orginal_loss:  tensor(419315.8750, device='cuda:0', grad_fn=<MseLossBackward0>)
[Step 61] Backward Propagation - Time: 21.5978s, Mem: -4413235200.00 B
x_adv.requires_grad:  True
pred_19.requires_grad, true_19.requires_grad:  True True
Autograd grad max:  tensor(750.3819, device='cuda:0')
Autograd grad min:  tensor(-710.7643, device='cuda:0')
Autograd grad mean:  tensor(4.7090, device='cuda:0')
[Step 61] PGD Update - Time: 0.0013s, Mem: 0.00 B

[Step 61] 完整步骤总时间: 30.363139s | 总显存: 0.00 B
[Step 61] 峰值显存: 6.22 GB

[Step 62] ============ 详细性能分析 ============
[模型部分] 总时间: 6.684508s | 显存: 4.12 GB

[0-9秒 PDE求解详细性能]
  t=0s - 时间: 0.000000s | 显存: 0.00 B
  t=1s - 时间: 0.417713s | 显存: 0.00 B
  t=2s - 时间: 0.487393s | 显存: 0.00 B
  t=3s - 时间: 0.604412s | 显存: 0.00 B
  t=4s - 时间: 0.646885s | 显存: 0.00 B
  t=5s - 时间: 0.738693s | 显存: 0.00 B
  t=6s - 时间: 0.835108s | 显存: 0.00 B
  t=7s - 时间: 0.905803s | 显存: 0.00 B
  t=8s - 时间: 0.971946s | 显存: 0.00 B
  t=9s - 时间: 1.055228s | 显存: 0.00 B

[19秒 PDE求解]
  t=19.0s - 时间: 1.920139s | 显存: 0.00 B

[PDE求解部分] 总时间: 1.920496s | 显存: 0.00 B

[本步骤总计] 时间: 8.605004s | 显存: 4.12 GB
orginal_loss:  tensor(493182.7500, device='cuda:0', grad_fn=<MseLossBackward0>)
[Step 62] Backward Propagation - Time: 28.4185s, Mem: -4413235200.00 B
x_adv.requires_grad:  True
pred_19.requires_grad, true_19.requires_grad:  True True
Autograd grad max:  tensor(887.1918, device='cuda:0')
Autograd grad min:  tensor(-945.0606, device='cuda:0')
Autograd grad mean:  tensor(1.8006, device='cuda:0')
[Step 62] PGD Update - Time: 0.0013s, Mem: 0.00 B

[Step 62] 完整步骤总时间: 37.029645s | 总显存: 0.00 B
[Step 62] 峰值显存: 6.22 GB

[Step 63] ============ 详细性能分析 ============
[模型部分] 总时间: 6.713564s | 显存: 4.12 GB

[0-9秒 PDE求解详细性能]
  t=0s - 时间: 0.000000s | 显存: 0.00 B
  t=1s - 时间: 0.422597s | 显存: 0.00 B
  t=2s - 时间: 0.499257s | 显存: 0.00 B
  t=3s - 时间: 0.587709s | 显存: 0.00 B
  t=4s - 时间: 0.662554s | 显存: 0.00 B
  t=5s - 时间: 0.749262s | 显存: 0.00 B
  t=6s - 时间: 0.814633s | 显存: 0.00 B
  t=7s - 时间: 0.897446s | 显存: 0.00 B
  t=8s - 时间: 0.998639s | 显存: 0.00 B
  t=9s - 时间: 1.060204s | 显存: 0.00 B

[19秒 PDE求解]
  t=19.0s - 时间: 1.875852s | 显存: 0.00 B

[PDE求解部分] 总时间: 1.876141s | 显存: 0.00 B

[本步骤总计] 时间: 8.589705s | 显存: 4.12 GB
orginal_loss:  tensor(448075.2812, device='cuda:0', grad_fn=<MseLossBackward0>)
[Step 63] Backward Propagation - Time: 21.6489s, Mem: -4413235200.00 B
x_adv.requires_grad:  True
pred_19.requires_grad, true_19.requires_grad:  True True
Autograd grad max:  tensor(420.2307, device='cuda:0')
Autograd grad min:  tensor(-384.1056, device='cuda:0')
Autograd grad mean:  tensor(3.5986, device='cuda:0')
[Step 63] PGD Update - Time: 0.0013s, Mem: 0.00 B

[Step 63] 完整步骤总时间: 30.244321s | 总显存: 0.00 B
[Step 63] 峰值显存: 6.22 GB

[Step 64] ============ 详细性能分析 ============
[模型部分] 总时间: 6.906188s | 显存: 4.12 GB

[0-9秒 PDE求解详细性能]
  t=0s - 时间: 0.000000s | 显存: 0.00 B
  t=1s - 时间: 0.426279s | 显存: 0.00 B
  t=2s - 时间: 0.503757s | 显存: 0.00 B
  t=3s - 时间: 0.580751s | 显存: 0.00 B
  t=4s - 时间: 0.688584s | 显存: 0.00 B
  t=5s - 时间: 0.773295s | 显存: 0.00 B
  t=6s - 时间: 0.854196s | 显存: 0.00 B
  t=7s - 时间: 0.938633s | 显存: 0.00 B
  t=8s - 时间: 1.032695s | 显存: 0.00 B
  t=9s - 时间: 1.086772s | 显存: 0.00 B

[19秒 PDE求解]
  t=19.0s - 时间: 1.868961s | 显存: 0.00 B

[PDE求解部分] 总时间: 1.869309s | 显存: 0.00 B

[本步骤总计] 时间: 8.775497s | 显存: 4.12 GB
orginal_loss:  tensor(648159.5000, device='cuda:0', grad_fn=<MseLossBackward0>)
[Step 64] Backward Propagation - Time: 21.7034s, Mem: -4413235200.00 B
x_adv.requires_grad:  True
pred_19.requires_grad, true_19.requires_grad:  True True
Autograd grad max:  tensor(547.0104, device='cuda:0')
Autograd grad min:  tensor(-380.2134, device='cuda:0')
Autograd grad mean:  tensor(-1.6179, device='cuda:0')
[Step 64] PGD Update - Time: 0.0013s, Mem: 0.00 B

[Step 64] 完整步骤总时间: 30.485044s | 总显存: 0.00 B
[Step 64] 峰值显存: 6.22 GB

[Step 65] ============ 详细性能分析 ============
[模型部分] 总时间: 6.755715s | 显存: 4.12 GB

[0-9秒 PDE求解详细性能]
  t=0s - 时间: 0.000000s | 显存: 0.00 B
  t=1s - 时间: 0.450157s | 显存: 0.00 B
  t=2s - 时间: 0.496956s | 显存: 0.00 B
  t=3s - 时间: 0.573137s | 显存: 0.00 B
  t=4s - 时间: 0.659448s | 显存: 0.00 B
  t=5s - 时间: 0.749723s | 显存: 0.00 B
  t=6s - 时间: 0.803506s | 显存: 0.00 B
  t=7s - 时间: 0.903388s | 显存: 0.00 B
  t=8s - 时间: 1.008646s | 显存: 0.00 B
  t=9s - 时间: 1.089384s | 显存: 0.00 B

[19秒 PDE求解]
  t=19.0s - 时间: 1.888747s | 显存: 0.00 B

[PDE求解部分] 总时间: 1.889063s | 显存: 0.00 B

[本步骤总计] 时间: 8.644778s | 显存: 4.12 GB
orginal_loss:  tensor(683115.1250, device='cuda:0', grad_fn=<MseLossBackward0>)
[Step 65] Backward Propagation - Time: 21.6937s, Mem: -4413235200.00 B
x_adv.requires_grad:  True
pred_19.requires_grad, true_19.requires_grad:  True True
Autograd grad max:  tensor(365.1994, device='cuda:0')
Autograd grad min:  tensor(-557.4317, device='cuda:0')
Autograd grad mean:  tensor(0.7216, device='cuda:0')
[Step 65] PGD Update - Time: 0.0013s, Mem: 0.00 B

[Step 65] 完整步骤总时间: 30.344770s | 总显存: 0.00 B
[Step 65] 峰值显存: 6.22 GB

[Step 66] ============ 详细性能分析 ============
[模型部分] 总时间: 6.689770s | 显存: 4.12 GB

[0-9秒 PDE求解详细性能]
  t=0s - 时间: 0.000000s | 显存: 0.00 B
  t=1s - 时间: 0.427368s | 显存: 0.00 B
  t=2s - 时间: 0.502506s | 显存: 0.00 B
  t=3s - 时间: 0.561903s | 显存: 0.00 B
  t=4s - 时间: 0.677651s | 显存: 0.00 B
  t=5s - 时间: 0.749992s | 显存: 0.00 B
  t=6s - 时间: 0.815566s | 显存: 0.00 B
  t=7s - 时间: 0.892323s | 显存: 0.00 B
  t=8s - 时间: 0.982844s | 显存: 0.00 B
  t=9s - 时间: 1.058331s | 显存: 0.00 B

[19秒 PDE求解]
  t=19.0s - 时间: 1.886030s | 显存: 0.00 B

[PDE求解部分] 总时间: 1.886352s | 显存: 0.00 B

[本步骤总计] 时间: 8.576122s | 显存: 4.12 GB
orginal_loss:  tensor(586386.1250, device='cuda:0', grad_fn=<MseLossBackward0>)
[Step 66] Backward Propagation - Time: 21.9439s, Mem: -4413235200.00 B
x_adv.requires_grad:  True
pred_19.requires_grad, true_19.requires_grad:  True True
Autograd grad max:  tensor(723.0838, device='cuda:0')
Autograd grad min:  tensor(-1049.2078, device='cuda:0')
Autograd grad mean:  tensor(3.2589, device='cuda:0')
[Step 66] PGD Update - Time: 0.0009s, Mem: 0.00 B

[Step 66] 完整步骤总时间: 30.525655s | 总显存: 0.00 B
[Step 66] 峰值显存: 6.22 GB

[Step 67] ============ 详细性能分析 ============
[模型部分] 总时间: 6.756290s | 显存: 4.12 GB

[0-9秒 PDE求解详细性能]
  t=0s - 时间: 0.000000s | 显存: 0.00 B
  t=1s - 时间: 0.417325s | 显存: 0.00 B
  t=2s - 时间: 0.496846s | 显存: 0.00 B
  t=3s - 时间: 0.572135s | 显存: 0.00 B
  t=4s - 时间: 0.661703s | 显存: 0.00 B
  t=5s - 时间: 0.745442s | 显存: 0.00 B
  t=6s - 时间: 0.839959s | 显存: 0.00 B
  t=7s - 时间: 0.909350s | 显存: 0.00 B
  t=8s - 时间: 1.025828s | 显存: 0.00 B
  t=9s - 时间: 1.066530s | 显存: 0.00 B

[19秒 PDE求解]
  t=19.0s - 时间: 1.890338s | 显存: 0.00 B

[PDE求解部分] 总时间: 1.890680s | 显存: 0.00 B

[本步骤总计] 时间: 8.646969s | 显存: 4.12 GB
orginal_loss:  tensor(683188.8750, device='cuda:0', grad_fn=<MseLossBackward0>)
[Step 67] Backward Propagation - Time: 21.6200s, Mem: -4413235200.00 B
x_adv.requires_grad:  True
pred_19.requires_grad, true_19.requires_grad:  True True
Autograd grad max:  tensor(623.6153, device='cuda:0')
Autograd grad min:  tensor(-737.2228, device='cuda:0')
Autograd grad mean:  tensor(1.6253, device='cuda:0')
[Step 67] PGD Update - Time: 0.0013s, Mem: 0.00 B

[Step 67] 完整步骤总时间: 30.272848s | 总显存: 0.00 B
[Step 67] 峰值显存: 6.22 GB

[Step 68] ============ 详细性能分析 ============
[模型部分] 总时间: 6.818969s | 显存: 4.12 GB

[0-9秒 PDE求解详细性能]
  t=0s - 时间: 0.000000s | 显存: 0.00 B
  t=1s - 时间: 0.432450s | 显存: 0.00 B
  t=2s - 时间: 0.500471s | 显存: 0.00 B
  t=3s - 时间: 0.585768s | 显存: 0.00 B
  t=4s - 时间: 0.687022s | 显存: 0.00 B
  t=5s - 时间: 0.738783s | 显存: 0.00 B
  t=6s - 时间: 0.823559s | 显存: 0.00 B
  t=7s - 时间: 0.945894s | 显存: 0.00 B
  t=8s - 时间: 1.021419s | 显存: 0.00 B
  t=9s - 时间: 1.062044s | 显存: 0.00 B

[19秒 PDE求解]
  t=19.0s - 时间: 1.878516s | 显存: 0.00 B

[PDE求解部分] 总时间: 1.878845s | 显存: 0.00 B

[本步骤总计] 时间: 8.697814s | 显存: 4.12 GB
orginal_loss:  tensor(609398.8750, device='cuda:0', grad_fn=<MseLossBackward0>)
[Step 68] Backward Propagation - Time: 21.7803s, Mem: -4413235200.00 B
x_adv.requires_grad:  True
pred_19.requires_grad, true_19.requires_grad:  True True
Autograd grad max:  tensor(296.9124, device='cuda:0')
Autograd grad min:  tensor(-378.3475, device='cuda:0')
Autograd grad mean:  tensor(1.2795, device='cuda:0')
[Step 68] PGD Update - Time: 0.0012s, Mem: 0.00 B

[Step 68] 完整步骤总时间: 30.484722s | 总显存: 0.00 B
[Step 68] 峰值显存: 6.22 GB

[Step 69] ============ 详细性能分析 ============
[模型部分] 总时间: 6.838519s | 显存: 4.12 GB

[0-9秒 PDE求解详细性能]
  t=0s - 时间: 0.000000s | 显存: 0.00 B
  t=1s - 时间: 0.432816s | 显存: 0.00 B
  t=2s - 时间: 0.501629s | 显存: 0.00 B
  t=3s - 时间: 0.584097s | 显存: 0.00 B
  t=4s - 时间: 0.666800s | 显存: 0.00 B
  t=5s - 时间: 0.736398s | 显存: 0.00 B
  t=6s - 时间: 0.851374s | 显存: 0.00 B
  t=7s - 时间: 0.922732s | 显存: 0.00 B
  t=8s - 时间: 1.016034s | 显存: 0.00 B
  t=9s - 时间: 1.105390s | 显存: 0.00 B

[19秒 PDE求解]
  t=19.0s - 时间: 1.886771s | 显存: 0.00 B

[PDE求解部分] 总时间: 1.887102s | 显存: 0.00 B

[本步骤总计] 时间: 8.725621s | 显存: 4.12 GB
orginal_loss:  tensor(559480.8750, device='cuda:0', grad_fn=<MseLossBackward0>)
[Step 69] Backward Propagation - Time: 21.9686s, Mem: -4413235200.00 B
x_adv.requires_grad:  True
pred_19.requires_grad, true_19.requires_grad:  True True
Autograd grad max:  tensor(1048.7640, device='cuda:0')
Autograd grad min:  tensor(-1094.2147, device='cuda:0')
Autograd grad mean:  tensor(0.6629, device='cuda:0')
[Step 69] PGD Update - Time: 0.0013s, Mem: 0.00 B

[Step 69] 完整步骤总时间: 30.699924s | 总显存: 0.00 B
[Step 69] 峰值显存: 6.22 GB

[Step 70] ============ 详细性能分析 ============
[模型部分] 总时间: 6.790496s | 显存: 4.12 GB

[0-9秒 PDE求解详细性能]
  t=0s - 时间: 0.000000s | 显存: 0.00 B
  t=1s - 时间: 0.433863s | 显存: 0.00 B
  t=2s - 时间: 0.498406s | 显存: 0.00 B
  t=3s - 时间: 0.568036s | 显存: 0.00 B
  t=4s - 时间: 0.645595s | 显存: 0.00 B
  t=5s - 时间: 0.737293s | 显存: 0.00 B
  t=6s - 时间: 0.829699s | 显存: 0.00 B
  t=7s - 时间: 0.940077s | 显存: 0.00 B
  t=8s - 时间: 1.020548s | 显存: 0.00 B
  t=9s - 时间: 1.095514s | 显存: 0.00 B

[19秒 PDE求解]
  t=19.0s - 时间: 1.884027s | 显存: 0.00 B

[PDE求解部分] 总时间: 1.884351s | 显存: 0.00 B

[本步骤总计] 时间: 8.674847s | 显存: 4.12 GB
orginal_loss:  tensor(501603.5000, device='cuda:0', grad_fn=<MseLossBackward0>)
[Step 70] Backward Propagation - Time: 21.6408s, Mem: -4413235200.00 B
x_adv.requires_grad:  True
pred_19.requires_grad, true_19.requires_grad:  True True
Autograd grad max:  tensor(3001.0991, device='cuda:0')
Autograd grad min:  tensor(-2243.9473, device='cuda:0')
Autograd grad mean:  tensor(-2.9697, device='cuda:0')
[Step 70] PGD Update - Time: 0.0013s, Mem: 0.00 B

[Step 70] 完整步骤总时间: 30.321478s | 总显存: 0.00 B
[Step 70] 峰值显存: 6.22 GB

[Step 71] ============ 详细性能分析 ============
[模型部分] 总时间: 6.853597s | 显存: 4.12 GB

[0-9秒 PDE求解详细性能]
  t=0s - 时间: 0.000000s | 显存: 0.00 B
  t=1s - 时间: 0.436704s | 显存: 0.00 B
  t=2s - 时间: 0.490924s | 显存: 0.00 B
  t=3s - 时间: 0.581008s | 显存: 0.00 B
  t=4s - 时间: 0.668399s | 显存: 0.00 B
  t=5s - 时间: 0.739828s | 显存: 0.00 B
  t=6s - 时间: 0.851991s | 显存: 0.00 B
  t=7s - 时间: 0.941153s | 显存: 0.00 B
  t=8s - 时间: 1.024032s | 显存: 0.00 B
  t=9s - 时间: 1.098374s | 显存: 0.00 B

[19秒 PDE求解]
  t=19.0s - 时间: 1.919620s | 显存: 0.00 B

[PDE求解部分] 总时间: 1.919967s | 显存: 0.00 B

[本步骤总计] 时间: 8.773564s | 显存: 4.12 GB
orginal_loss:  tensor(573001.6250, device='cuda:0', grad_fn=<MseLossBackward0>)
[Step 71] Backward Propagation - Time: 21.8536s, Mem: -4413235200.00 B
x_adv.requires_grad:  True
pred_19.requires_grad, true_19.requires_grad:  True True
Autograd grad max:  tensor(1135.8174, device='cuda:0')
Autograd grad min:  tensor(-1250.7141, device='cuda:0')
Autograd grad mean:  tensor(-3.7116, device='cuda:0')
[Step 71] PGD Update - Time: 0.0011s, Mem: 0.00 B

[Step 71] 完整步骤总时间: 30.632854s | 总显存: 0.00 B
[Step 71] 峰值显存: 6.22 GB

[Step 72] ============ 详细性能分析 ============
[模型部分] 总时间: 6.759883s | 显存: 4.12 GB

[0-9秒 PDE求解详细性能]
  t=0s - 时间: 0.000000s | 显存: 0.00 B
  t=1s - 时间: 0.459601s | 显存: 0.00 B
  t=2s - 时间: 0.509216s | 显存: 0.00 B
  t=3s - 时间: 0.607085s | 显存: 0.00 B
  t=4s - 时间: 0.659881s | 显存: 0.00 B
  t=5s - 时间: 0.762130s | 显存: 0.00 B
  t=6s - 时间: 0.812002s | 显存: 0.00 B
  t=7s - 时间: 0.900988s | 显存: 0.00 B
  t=8s - 时间: 0.982967s | 显存: 0.00 B
  t=9s - 时间: 1.044751s | 显存: 0.00 B

[19秒 PDE求解]
  t=19.0s - 时间: 1.886201s | 显存: 0.00 B

[PDE求解部分] 总时间: 1.886566s | 显存: 0.00 B

[本步骤总计] 时间: 8.646449s | 显存: 4.12 GB
orginal_loss:  tensor(636844.6250, device='cuda:0', grad_fn=<MseLossBackward0>)
[Step 72] Backward Propagation - Time: 21.7459s, Mem: -4413235200.00 B
x_adv.requires_grad:  True
pred_19.requires_grad, true_19.requires_grad:  True True
Autograd grad max:  tensor(1183.6182, device='cuda:0')
Autograd grad min:  tensor(-1840.3517, device='cuda:0')
Autograd grad mean:  tensor(-14.9980, device='cuda:0')
[Step 72] PGD Update - Time: 0.0014s, Mem: 0.00 B

[Step 72] 完整步骤总时间: 30.400875s | 总显存: 0.00 B
[Step 72] 峰值显存: 6.22 GB

[Step 73] ============ 详细性能分析 ============
[模型部分] 总时间: 6.986478s | 显存: 4.12 GB

[0-9秒 PDE求解详细性能]
  t=0s - 时间: 0.000000s | 显存: 0.00 B
  t=1s - 时间: 0.474331s | 显存: 0.00 B
  t=2s - 时间: 0.505893s | 显存: 0.00 B
  t=3s - 时间: 0.615472s | 显存: 0.00 B
  t=4s - 时间: 0.695595s | 显存: 0.00 B
  t=5s - 时间: 0.758975s | 显存: 0.00 B
  t=6s - 时间: 0.853952s | 显存: 0.00 B
  t=7s - 时间: 0.936341s | 显存: 0.00 B
  t=8s - 时间: 1.024195s | 显存: 0.00 B
  t=9s - 时间: 1.100358s | 显存: 0.00 B

[19秒 PDE求解]
  t=19.0s - 时间: 1.891043s | 显存: 0.00 B

[PDE求解部分] 总时间: 1.891376s | 显存: 0.00 B

[本步骤总计] 时间: 8.877854s | 显存: 4.12 GB
orginal_loss:  tensor(724824.6250, device='cuda:0', grad_fn=<MseLossBackward0>)
[Step 73] Backward Propagation - Time: 21.9574s, Mem: -4413235200.00 B
x_adv.requires_grad:  True
pred_19.requires_grad, true_19.requires_grad:  True True
Autograd grad max:  tensor(938.6096, device='cuda:0')
Autograd grad min:  tensor(-697.0862, device='cuda:0')
Autograd grad mean:  tensor(-2.0032, device='cuda:0')
[Step 73] PGD Update - Time: 0.0013s, Mem: 0.00 B

[Step 73] 完整步骤总时间: 30.841150s | 总显存: 0.00 B
[Step 73] 峰值显存: 6.22 GB

[Step 74] ============ 详细性能分析 ============
[模型部分] 总时间: 6.779557s | 显存: 4.12 GB

[0-9秒 PDE求解详细性能]
  t=0s - 时间: 0.000000s | 显存: 0.00 B
  t=1s - 时间: 0.457853s | 显存: 0.00 B
  t=2s - 时间: 0.526735s | 显存: 0.00 B
  t=3s - 时间: 0.603111s | 显存: 0.00 B
  t=4s - 时间: 0.688001s | 显存: 0.00 B
  t=5s - 时间: 0.728107s | 显存: 0.00 B
  t=6s - 时间: 0.811767s | 显存: 0.00 B
  t=7s - 时间: 0.900464s | 显存: 0.00 B
  t=8s - 时间: 0.973653s | 显存: 0.00 B
  t=9s - 时间: 1.068517s | 显存: 0.00 B

[19秒 PDE求解]
  t=19.0s - 时间: 1.878763s | 显存: 0.00 B

[PDE求解部分] 总时间: 1.879128s | 显存: 0.00 B

[本步骤总计] 时间: 8.658685s | 显存: 4.12 GB
orginal_loss:  tensor(818661.1250, device='cuda:0', grad_fn=<MseLossBackward0>)
[Step 74] Backward Propagation - Time: 21.9166s, Mem: -4413235200.00 B
x_adv.requires_grad:  True
pred_19.requires_grad, true_19.requires_grad:  True True
Autograd grad max:  tensor(1711.3208, device='cuda:0')
Autograd grad min:  tensor(-1213.7329, device='cuda:0')
Autograd grad mean:  tensor(1.5587, device='cuda:0')
[Step 74] PGD Update - Time: 0.0012s, Mem: 0.00 B

[Step 74] 完整步骤总时间: 30.581272s | 总显存: 0.00 B
[Step 74] 峰值显存: 6.22 GB

[Step 75] ============ 详细性能分析 ============
[模型部分] 总时间: 6.822944s | 显存: 4.12 GB

[0-9秒 PDE求解详细性能]
  t=0s - 时间: 0.000000s | 显存: 0.00 B
  t=1s - 时间: 0.437262s | 显存: 0.00 B
  t=2s - 时间: 0.489454s | 显存: 0.00 B
  t=3s - 时间: 0.592335s | 显存: 0.00 B
  t=4s - 时间: 0.649197s | 显存: 0.00 B
  t=5s - 时间: 0.736893s | 显存: 0.00 B
  t=6s - 时间: 0.852473s | 显存: 0.00 B
  t=7s - 时间: 0.942433s | 显存: 0.00 B
  t=8s - 时间: 1.016284s | 显存: 0.00 B
  t=9s - 时间: 1.085095s | 显存: 0.00 B

[19秒 PDE求解]
  t=19.0s - 时间: 1.906218s | 显存: 0.00 B

[PDE求解部分] 总时间: 1.906541s | 显存: 0.00 B

[本步骤总计] 时间: 8.729485s | 显存: 4.12 GB
orginal_loss:  tensor(792783.6875, device='cuda:0', grad_fn=<MseLossBackward0>)
[Step 75] Backward Propagation - Time: 21.8164s, Mem: -4413235200.00 B
x_adv.requires_grad:  True
pred_19.requires_grad, true_19.requires_grad:  True True
Autograd grad max:  tensor(732.8367, device='cuda:0')
Autograd grad min:  tensor(-1268.5099, device='cuda:0')
Autograd grad mean:  tensor(-3.7288, device='cuda:0')
[Step 75] PGD Update - Time: 0.0013s, Mem: 0.00 B

[Step 75] 完整步骤总时间: 30.551512s | 总显存: 0.00 B
[Step 75] 峰值显存: 6.22 GB

[Step 76] ============ 详细性能分析 ============
[模型部分] 总时间: 6.810480s | 显存: 4.12 GB

[0-9秒 PDE求解详细性能]
  t=0s - 时间: 0.000000s | 显存: 0.00 B
  t=1s - 时间: 0.471503s | 显存: 0.00 B
  t=2s - 时间: 0.495068s | 显存: 0.00 B
  t=3s - 时间: 0.579297s | 显存: 0.00 B
  t=4s - 时间: 0.663346s | 显存: 0.00 B
  t=5s - 时间: 0.751809s | 显存: 0.00 B
  t=6s - 时间: 0.835627s | 显存: 0.00 B
  t=7s - 时间: 0.901564s | 显存: 0.00 B
  t=8s - 时间: 1.015766s | 显存: 0.00 B
  t=9s - 时间: 1.075282s | 显存: 0.00 B

[19秒 PDE求解]
  t=19.0s - 时间: 1.891182s | 显存: 0.00 B

[PDE求解部分] 总时间: 1.891566s | 显存: 0.00 B

[本步骤总计] 时间: 8.702046s | 显存: 4.12 GB
orginal_loss:  tensor(743870.3750, device='cuda:0', grad_fn=<MseLossBackward0>)
[Step 76] Backward Propagation - Time: 21.7140s, Mem: -4413235200.00 B
x_adv.requires_grad:  True
pred_19.requires_grad, true_19.requires_grad:  True True
Autograd grad max:  tensor(962.0883, device='cuda:0')
Autograd grad min:  tensor(-779.4345, device='cuda:0')
Autograd grad mean:  tensor(-1.0540, device='cuda:0')
[Step 76] PGD Update - Time: 0.0013s, Mem: 0.00 B

[Step 76] 完整步骤总时间: 30.421542s | 总显存: 0.00 B
[Step 76] 峰值显存: 6.22 GB

[Step 77] ============ 详细性能分析 ============
[模型部分] 总时间: 6.830649s | 显存: 4.12 GB

[0-9秒 PDE求解详细性能]
  t=0s - 时间: 0.000000s | 显存: 0.00 B
  t=1s - 时间: 0.453078s | 显存: 0.00 B
  t=2s - 时间: 0.510631s | 显存: 0.00 B
  t=3s - 时间: 0.584416s | 显存: 0.00 B
  t=4s - 时间: 0.645580s | 显存: 0.00 B
  t=5s - 时间: 0.746476s | 显存: 0.00 B
  t=6s - 时间: 0.828515s | 显存: 0.00 B
  t=7s - 时间: 0.922989s | 显存: 0.00 B
  t=8s - 时间: 1.015252s | 显存: 0.00 B
  t=9s - 时间: 1.102113s | 显存: 0.00 B

[19秒 PDE求解]
  t=19.0s - 时间: 1.886255s | 显存: 0.00 B

[PDE求解部分] 总时间: 1.886566s | 显存: 0.00 B

[本步骤总计] 时间: 8.717214s | 显存: 4.12 GB
orginal_loss:  tensor(726240.8750, device='cuda:0', grad_fn=<MseLossBackward0>)
[Step 77] Backward Propagation - Time: 28.7815s, Mem: -4413235200.00 B
x_adv.requires_grad:  True
pred_19.requires_grad, true_19.requires_grad:  True True
Autograd grad max:  tensor(899.6696, device='cuda:0')
Autograd grad min:  tensor(-843.8145, device='cuda:0')
Autograd grad mean:  tensor(-2.7593, device='cuda:0')
[Step 77] PGD Update - Time: 0.0013s, Mem: 0.00 B

[Step 77] 完整步骤总时间: 37.504660s | 总显存: 0.00 B
[Step 77] 峰值显存: 6.22 GB

[Step 78] ============ 详细性能分析 ============
[模型部分] 总时间: 6.891433s | 显存: 4.12 GB

[0-9秒 PDE求解详细性能]
  t=0s - 时间: 0.000000s | 显存: 0.00 B
  t=1s - 时间: 0.430241s | 显存: 0.00 B
  t=2s - 时间: 0.487041s | 显存: 0.00 B
  t=3s - 时间: 0.615001s | 显存: 0.00 B
  t=4s - 时间: 0.706090s | 显存: 0.00 B
  t=5s - 时间: 0.774156s | 显存: 0.00 B
  t=6s - 时间: 0.858316s | 显存: 0.00 B
  t=7s - 时间: 0.929576s | 显存: 0.00 B
  t=8s - 时间: 1.000470s | 显存: 0.00 B
  t=9s - 时间: 1.069353s | 显存: 0.00 B

[19秒 PDE求解]
  t=19.0s - 时间: 1.879046s | 显存: 0.00 B

[PDE求解部分] 总时间: 1.879393s | 显存: 0.00 B

[本步骤总计] 时间: 8.770826s | 显存: 4.12 GB
orginal_loss:  tensor(847263.1250, device='cuda:0', grad_fn=<MseLossBackward0>)
[Step 78] Backward Propagation - Time: 21.4660s, Mem: -4413235200.00 B
x_adv.requires_grad:  True
pred_19.requires_grad, true_19.requires_grad:  True True
Autograd grad max:  tensor(1120.8636, device='cuda:0')
Autograd grad min:  tensor(-1335.6781, device='cuda:0')
Autograd grad mean:  tensor(4.7840, device='cuda:0')
[Step 78] PGD Update - Time: 0.0013s, Mem: 0.00 B

[Step 78] 完整步骤总时间: 30.242499s | 总显存: 0.00 B
[Step 78] 峰值显存: 6.22 GB

[Step 79] ============ 详细性能分析 ============
[模型部分] 总时间: 6.911051s | 显存: 4.12 GB

[0-9秒 PDE求解详细性能]
  t=0s - 时间: 0.000000s | 显存: 0.00 B
  t=1s - 时间: 0.425072s | 显存: 0.00 B
  t=2s - 时间: 0.534719s | 显存: 0.00 B
  t=3s - 时间: 0.607358s | 显存: 0.00 B
  t=4s - 时间: 0.689356s | 显存: 0.00 B
  t=5s - 时间: 0.771201s | 显存: 0.00 B
  t=6s - 时间: 0.853980s | 显存: 0.00 B
  t=7s - 时间: 0.939583s | 显存: 0.00 B
  t=8s - 时间: 0.989572s | 显存: 0.00 B
  t=9s - 时间: 1.078662s | 显存: 0.00 B

[19秒 PDE求解]
  t=19.0s - 时间: 1.912777s | 显存: 0.00 B

[PDE求解部分] 总时间: 1.913106s | 显存: 0.00 B

[本步骤总计] 时间: 8.824157s | 显存: 4.12 GB
orginal_loss:  tensor(584605.3750, device='cuda:0', grad_fn=<MseLossBackward0>)
[Step 79] Backward Propagation - Time: 21.6241s, Mem: -4413235200.00 B
x_adv.requires_grad:  True
pred_19.requires_grad, true_19.requires_grad:  True True
Autograd grad max:  tensor(5829.3452, device='cuda:0')
Autograd grad min:  tensor(-6429.0850, device='cuda:0')
Autograd grad mean:  tensor(-2.1343, device='cuda:0')
[Step 79] PGD Update - Time: 0.0013s, Mem: 0.00 B

[Step 79] 完整步骤总时间: 30.454645s | 总显存: 0.00 B
[Step 79] 峰值显存: 6.22 GB

[Step 80] ============ 详细性能分析 ============
[模型部分] 总时间: 6.775048s | 显存: 4.12 GB

[0-9秒 PDE求解详细性能]
  t=0s - 时间: 0.000000s | 显存: 0.00 B
  t=1s - 时间: 0.443882s | 显存: 0.00 B
  t=2s - 时间: 0.489753s | 显存: 0.00 B
  t=3s - 时间: 0.588769s | 显存: 0.00 B
  t=4s - 时间: 0.668316s | 显存: 0.00 B
  t=5s - 时间: 0.737067s | 显存: 0.00 B
  t=6s - 时间: 0.852358s | 显存: 0.00 B
  t=7s - 时间: 0.919234s | 显存: 0.00 B
  t=8s - 时间: 0.982101s | 显存: 0.00 B
  t=9s - 时间: 1.072037s | 显存: 0.00 B

[19秒 PDE求解]
  t=19.0s - 时间: 1.915198s | 显存: 0.00 B

[PDE求解部分] 总时间: 1.915528s | 显存: 0.00 B

[本步骤总计] 时间: 8.690575s | 显存: 4.12 GB
orginal_loss:  tensor(434595.1875, device='cuda:0', grad_fn=<MseLossBackward0>)
[Step 80] Backward Propagation - Time: 21.6255s, Mem: -4413235200.00 B
x_adv.requires_grad:  True
pred_19.requires_grad, true_19.requires_grad:  True True
Autograd grad max:  tensor(3167.1487, device='cuda:0')
Autograd grad min:  tensor(-1558.7179, device='cuda:0')
Autograd grad mean:  tensor(-4.3618, device='cuda:0')
[Step 80] PGD Update - Time: 0.0013s, Mem: 0.00 B

[Step 80] 完整步骤总时间: 30.322155s | 总显存: 0.00 B
[Step 80] 峰值显存: 6.22 GB

[Step 81] ============ 详细性能分析 ============
[模型部分] 总时间: 6.838028s | 显存: 4.12 GB

[0-9秒 PDE求解详细性能]
  t=0s - 时间: 0.000000s | 显存: 0.00 B
  t=1s - 时间: 0.434233s | 显存: 0.00 B
  t=2s - 时间: 0.500339s | 显存: 0.00 B
  t=3s - 时间: 0.582135s | 显存: 0.00 B
  t=4s - 时间: 0.690571s | 显存: 0.00 B
  t=5s - 时间: 0.767147s | 显存: 0.00 B
  t=6s - 时间: 0.821542s | 显存: 0.00 B
  t=7s - 时间: 0.908550s | 显存: 0.00 B
  t=8s - 时间: 1.017322s | 显存: 0.00 B
  t=9s - 时间: 1.094971s | 显存: 0.00 B

[19秒 PDE求解]
  t=19.0s - 时间: 1.901964s | 显存: 0.00 B

[PDE求解部分] 总时间: 1.902346s | 显存: 0.00 B

[本步骤总计] 时间: 8.740374s | 显存: 4.12 GB
orginal_loss:  tensor(529913.3125, device='cuda:0', grad_fn=<MseLossBackward0>)
[Step 81] Backward Propagation - Time: 21.2859s, Mem: -4413235200.00 B
x_adv.requires_grad:  True
pred_19.requires_grad, true_19.requires_grad:  True True
Autograd grad max:  tensor(1437.5470, device='cuda:0')
Autograd grad min:  tensor(-1964.1605, device='cuda:0')
Autograd grad mean:  tensor(1.2040, device='cuda:0')
[Step 81] PGD Update - Time: 0.0013s, Mem: 0.00 B

[Step 81] 完整步骤总时间: 30.032242s | 总显存: 0.00 B
[Step 81] 峰值显存: 6.22 GB

[Step 82] ============ 详细性能分析 ============
[模型部分] 总时间: 6.815171s | 显存: 4.12 GB

[0-9秒 PDE求解详细性能]
  t=0s - 时间: 0.000000s | 显存: 0.00 B
  t=1s - 时间: 0.426286s | 显存: 0.00 B
  t=2s - 时间: 0.497077s | 显存: 0.00 B
  t=3s - 时间: 0.586704s | 显存: 0.00 B
  t=4s - 时间: 0.662241s | 显存: 0.00 B
  t=5s - 时间: 0.778049s | 显存: 0.00 B
  t=6s - 时间: 0.850172s | 显存: 0.00 B
  t=7s - 时间: 0.939031s | 显存: 0.00 B
  t=8s - 时间: 0.996410s | 显存: 0.00 B
  t=9s - 时间: 1.057612s | 显存: 0.00 B

[19秒 PDE求解]
  t=19.0s - 时间: 1.909857s | 显存: 0.00 B

[PDE求解部分] 总时间: 1.910180s | 显存: 0.00 B

[本步骤总计] 时间: 8.725350s | 显存: 4.12 GB
orginal_loss:  tensor(580980.1875, device='cuda:0', grad_fn=<MseLossBackward0>)
[Step 82] Backward Propagation - Time: 21.8397s, Mem: -4413235200.00 B
x_adv.requires_grad:  True
pred_19.requires_grad, true_19.requires_grad:  True True
Autograd grad max:  tensor(1706.7668, device='cuda:0')
Autograd grad min:  tensor(-1981.2944, device='cuda:0')
Autograd grad mean:  tensor(4.3088, device='cuda:0')
[Step 82] PGD Update - Time: 0.0013s, Mem: 0.00 B

[Step 82] 完整步骤总时间: 30.571080s | 总显存: 0.00 B
[Step 82] 峰值显存: 6.22 GB

[Step 83] ============ 详细性能分析 ============
[模型部分] 总时间: 6.771587s | 显存: 4.12 GB

[0-9秒 PDE求解详细性能]
  t=0s - 时间: 0.000000s | 显存: 0.00 B
  t=1s - 时间: 0.429200s | 显存: 0.00 B
  t=2s - 时间: 0.516585s | 显存: 0.00 B
  t=3s - 时间: 0.582611s | 显存: 0.00 B
  t=4s - 时间: 0.661260s | 显存: 0.00 B
  t=5s - 时间: 0.746842s | 显存: 0.00 B
  t=6s - 时间: 0.823671s | 显存: 0.00 B
  t=7s - 时间: 0.910876s | 显存: 0.00 B
  t=8s - 时间: 0.984636s | 显存: 0.00 B
  t=9s - 时间: 1.094668s | 显存: 0.00 B

[19秒 PDE求解]
  t=19.0s - 时间: 1.892673s | 显存: 0.00 B

[PDE求解部分] 总时间: 1.893010s | 显存: 0.00 B

[本步骤总计] 时间: 8.664597s | 显存: 4.12 GB
orginal_loss:  tensor(547386.8750, device='cuda:0', grad_fn=<MseLossBackward0>)
[Step 83] Backward Propagation - Time: 21.6796s, Mem: -4413235200.00 B
x_adv.requires_grad:  True
pred_19.requires_grad, true_19.requires_grad:  True True
Autograd grad max:  tensor(2206.3315, device='cuda:0')
Autograd grad min:  tensor(-1928.2878, device='cuda:0')
Autograd grad mean:  tensor(-2.2813, device='cuda:0')
[Step 83] PGD Update - Time: 0.0012s, Mem: 0.00 B

[Step 83] 完整步骤总时间: 30.349837s | 总显存: 0.00 B
[Step 83] 峰值显存: 6.22 GB

[Step 84] ============ 详细性能分析 ============
[模型部分] 总时间: 6.853096s | 显存: 4.12 GB

[0-9秒 PDE求解详细性能]
  t=0s - 时间: 0.000000s | 显存: 0.00 B
  t=1s - 时间: 0.420416s | 显存: 0.00 B
  t=2s - 时间: 0.527234s | 显存: 0.00 B
  t=3s - 时间: 0.616308s | 显存: 0.00 B
  t=4s - 时间: 0.692152s | 显存: 0.00 B
  t=5s - 时间: 0.763960s | 显存: 0.00 B
  t=6s - 时间: 0.815993s | 显存: 0.00 B
  t=7s - 时间: 0.905146s | 显存: 0.00 B
  t=8s - 时间: 1.022212s | 显存: 0.00 B
  t=9s - 时间: 1.068450s | 显存: 0.00 B

[19秒 PDE求解]
  t=19.0s - 时间: 1.907549s | 显存: 0.00 B

[PDE求解部分] 总时间: 1.907949s | 显存: 0.00 B

[本步骤总计] 时间: 8.761045s | 显存: 4.12 GB
orginal_loss:  tensor(800278.6250, device='cuda:0', grad_fn=<MseLossBackward0>)
[Step 84] Backward Propagation - Time: 21.4493s, Mem: -4413235200.00 B
x_adv.requires_grad:  True
pred_19.requires_grad, true_19.requires_grad:  True True
Autograd grad max:  tensor(2414.4409, device='cuda:0')
Autograd grad min:  tensor(-3750.9548, device='cuda:0')
Autograd grad mean:  tensor(-14.7503, device='cuda:0')
[Step 84] PGD Update - Time: 0.0013s, Mem: 0.00 B

[Step 84] 完整步骤总时间: 30.216505s | 总显存: 0.00 B
[Step 84] 峰值显存: 6.22 GB

[Step 85] ============ 详细性能分析 ============
[模型部分] 总时间: 6.956573s | 显存: 4.12 GB

[0-9秒 PDE求解详细性能]
  t=0s - 时间: 0.000000s | 显存: 0.00 B
  t=1s - 时间: 0.447041s | 显存: 0.00 B
  t=2s - 时间: 0.493614s | 显存: 0.00 B
  t=3s - 时间: 0.597671s | 显存: 0.00 B
  t=4s - 时间: 0.702774s | 显存: 0.00 B
  t=5s - 时间: 0.765682s | 显存: 0.00 B
  t=6s - 时间: 0.858967s | 显存: 0.00 B
  t=7s - 时间: 0.945932s | 显存: 0.00 B
  t=8s - 时间: 1.029460s | 显存: 0.00 B
  t=9s - 时间: 1.094001s | 显存: 0.00 B

[19秒 PDE求解]
  t=19.0s - 时间: 1.872133s | 显存: 0.00 B

[PDE求解部分] 总时间: 1.872463s | 显存: 0.00 B

[本步骤总计] 时间: 8.829037s | 显存: 4.12 GB
orginal_loss:  tensor(582507.7500, device='cuda:0', grad_fn=<MseLossBackward0>)
[Step 85] Backward Propagation - Time: 21.4007s, Mem: -4413235200.00 B
x_adv.requires_grad:  True
pred_19.requires_grad, true_19.requires_grad:  True True
Autograd grad max:  tensor(2229.8691, device='cuda:0')
Autograd grad min:  tensor(-1850.7567, device='cuda:0')
Autograd grad mean:  tensor(0.3032, device='cuda:0')
[Step 85] PGD Update - Time: 0.0013s, Mem: 0.00 B

[Step 85] 完整步骤总时间: 30.235903s | 总显存: 0.00 B
[Step 85] 峰值显存: 6.22 GB

[Step 86] ============ 详细性能分析 ============
[模型部分] 总时间: 6.661312s | 显存: 4.12 GB

[0-9秒 PDE求解详细性能]
  t=0s - 时间: 0.000000s | 显存: 0.00 B
  t=1s - 时间: 0.411582s | 显存: 0.00 B
  t=2s - 时间: 0.488271s | 显存: 0.00 B
  t=3s - 时间: 0.570380s | 显存: 0.00 B
  t=4s - 时间: 0.651639s | 显存: 0.00 B
  t=5s - 时间: 0.736626s | 显存: 0.00 B
  t=6s - 时间: 0.818433s | 显存: 0.00 B
  t=7s - 时间: 0.907893s | 显存: 0.00 B
  t=8s - 时间: 0.985452s | 显存: 0.00 B
  t=9s - 时间: 1.069666s | 显存: 0.00 B

[19秒 PDE求解]
  t=19.0s - 时间: 1.887959s | 显存: 0.00 B

[PDE求解部分] 总时间: 1.888317s | 显存: 0.00 B

[本步骤总计] 时间: 8.549629s | 显存: 4.12 GB
orginal_loss:  tensor(414498.2500, device='cuda:0', grad_fn=<MseLossBackward0>)
[Step 86] Backward Propagation - Time: 21.5088s, Mem: -4413235200.00 B
x_adv.requires_grad:  True
pred_19.requires_grad, true_19.requires_grad:  True True
Autograd grad max:  tensor(1947.4194, device='cuda:0')
Autograd grad min:  tensor(-2372.4341, device='cuda:0')
Autograd grad mean:  tensor(5.9232, device='cuda:0')
[Step 86] PGD Update - Time: 0.0013s, Mem: 0.00 B

[Step 86] 完整步骤总时间: 30.064208s | 总显存: 0.00 B
[Step 86] 峰值显存: 6.22 GB

[Step 87] ============ 详细性能分析 ============
[模型部分] 总时间: 6.740112s | 显存: 4.12 GB

[0-9秒 PDE求解详细性能]
  t=0s - 时间: 0.000000s | 显存: 0.00 B
  t=1s - 时间: 0.421027s | 显存: 0.00 B
  t=2s - 时间: 0.495871s | 显存: 0.00 B
  t=3s - 时间: 0.604202s | 显存: 0.00 B
  t=4s - 时间: 0.675418s | 显存: 0.00 B
  t=5s - 时间: 0.761896s | 显存: 0.00 B
  t=6s - 时间: 0.815206s | 显存: 0.00 B
  t=7s - 时间: 0.901193s | 显存: 0.00 B
  t=8s - 时间: 0.983895s | 显存: 0.00 B
  t=9s - 时间: 1.059854s | 显存: 0.00 B

[19秒 PDE求解]
  t=19.0s - 时间: 1.881314s | 显存: 0.00 B

[PDE求解部分] 总时间: 1.881636s | 显存: 0.00 B

[本步骤总计] 时间: 8.621747s | 显存: 4.12 GB
orginal_loss:  tensor(559632., device='cuda:0', grad_fn=<MseLossBackward0>)
[Step 87] Backward Propagation - Time: 21.4433s, Mem: -4413235200.00 B
x_adv.requires_grad:  True
pred_19.requires_grad, true_19.requires_grad:  True True
Autograd grad max:  tensor(572.8728, device='cuda:0')
Autograd grad min:  tensor(-756.4153, device='cuda:0')
Autograd grad mean:  tensor(-3.2654, device='cuda:0')
[Step 87] PGD Update - Time: 0.0012s, Mem: 0.00 B

[Step 87] 完整步骤总时间: 30.070576s | 总显存: 0.00 B
[Step 87] 峰值显存: 6.22 GB

[Step 88] ============ 详细性能分析 ============
[模型部分] 总时间: 6.967158s | 显存: 4.12 GB

[0-9秒 PDE求解详细性能]
  t=0s - 时间: 0.000000s | 显存: 0.00 B
  t=1s - 时间: 0.436197s | 显存: 0.00 B
  t=2s - 时间: 0.521876s | 显存: 0.00 B
  t=3s - 时间: 0.609482s | 显存: 0.00 B
  t=4s - 时间: 0.668758s | 显存: 0.00 B
  t=5s - 时间: 0.790707s | 显存: 0.00 B
  t=6s - 时间: 0.860423s | 显存: 0.00 B
  t=7s - 时间: 0.936108s | 显存: 0.00 B
  t=8s - 时间: 1.026387s | 显存: 0.00 B
  t=9s - 时间: 1.095935s | 显存: 0.00 B

[19秒 PDE求解]
  t=19.0s - 时间: 1.891825s | 显存: 0.00 B

[PDE求解部分] 总时间: 1.892237s | 显存: 0.00 B

[本步骤总计] 时间: 8.859395s | 显存: 4.12 GB
orginal_loss:  tensor(570675.8750, device='cuda:0', grad_fn=<MseLossBackward0>)
[Step 88] Backward Propagation - Time: 21.8379s, Mem: -4413235200.00 B
x_adv.requires_grad:  True
pred_19.requires_grad, true_19.requires_grad:  True True
Autograd grad max:  tensor(902.8030, device='cuda:0')
Autograd grad min:  tensor(-696.2834, device='cuda:0')
Autograd grad mean:  tensor(-1.7034, device='cuda:0')
[Step 88] PGD Update - Time: 0.0009s, Mem: 0.00 B

[Step 88] 完整步骤总时间: 30.702517s | 总显存: 0.00 B
[Step 88] 峰值显存: 6.22 GB

[Step 89] ============ 详细性能分析 ============
[模型部分] 总时间: 6.926049s | 显存: 4.12 GB

[0-9秒 PDE求解详细性能]
  t=0s - 时间: 0.000000s | 显存: 0.00 B
  t=1s - 时间: 0.415995s | 显存: 0.00 B
  t=2s - 时间: 0.498427s | 显存: 0.00 B
  t=3s - 时间: 0.621829s | 显存: 0.00 B
  t=4s - 时间: 0.699380s | 显存: 0.00 B
  t=5s - 时间: 0.777132s | 显存: 0.00 B
  t=6s - 时间: 0.842145s | 显存: 0.00 B
  t=7s - 时间: 0.936615s | 显存: 0.00 B
  t=8s - 时间: 1.010350s | 显存: 0.00 B
  t=9s - 时间: 1.102495s | 显存: 0.00 B

[19秒 PDE求解]
  t=19.0s - 时间: 1.915776s | 显存: 0.00 B

[PDE求解部分] 总时间: 1.916136s | 显存: 0.00 B

[本步骤总计] 时间: 8.842185s | 显存: 4.12 GB
orginal_loss:  tensor(528241.5625, device='cuda:0', grad_fn=<MseLossBackward0>)
[Step 89] Backward Propagation - Time: 21.7799s, Mem: -4413235200.00 B
x_adv.requires_grad:  True
pred_19.requires_grad, true_19.requires_grad:  True True
Autograd grad max:  tensor(1126.4174, device='cuda:0')
Autograd grad min:  tensor(-1989.5685, device='cuda:0')
Autograd grad mean:  tensor(-1.4683, device='cuda:0')
[Step 89] PGD Update - Time: 0.0013s, Mem: 0.00 B

[Step 89] 完整步骤总时间: 30.628123s | 总显存: 0.00 B
[Step 89] 峰值显存: 6.22 GB

[Step 90] ============ 详细性能分析 ============
[模型部分] 总时间: 6.749785s | 显存: 4.12 GB

[0-9秒 PDE求解详细性能]
  t=0s - 时间: 0.000000s | 显存: 0.00 B
  t=1s - 时间: 0.433398s | 显存: 0.00 B
  t=2s - 时间: 0.487999s | 显存: 0.00 B
  t=3s - 时间: 0.582718s | 显存: 0.00 B
  t=4s - 时间: 0.666452s | 显存: 0.00 B
  t=5s - 时间: 0.739943s | 显存: 0.00 B
  t=6s - 时间: 0.821899s | 显存: 0.00 B
  t=7s - 时间: 0.918762s | 显存: 0.00 B
  t=8s - 时间: 0.995122s | 显存: 0.00 B
  t=9s - 时间: 1.082228s | 显存: 0.00 B

[19秒 PDE求解]
  t=19.0s - 时间: 1.920540s | 显存: 0.00 B

[PDE求解部分] 总时间: 1.920864s | 显存: 0.00 B

[本步骤总计] 时间: 8.670649s | 显存: 4.12 GB
orginal_loss:  tensor(385911.6562, device='cuda:0', grad_fn=<MseLossBackward0>)
[Step 90] Backward Propagation - Time: 21.8189s, Mem: -4413235200.00 B
x_adv.requires_grad:  True
pred_19.requires_grad, true_19.requires_grad:  True True
Autograd grad max:  tensor(2346.6797, device='cuda:0')
Autograd grad min:  tensor(-1646.2482, device='cuda:0')
Autograd grad mean:  tensor(-0.0284, device='cuda:0')
[Step 90] PGD Update - Time: 0.0013s, Mem: 0.00 B

[Step 90] 完整步骤总时间: 30.495309s | 总显存: 0.00 B
[Step 90] 峰值显存: 6.22 GB

[Step 91] ============ 详细性能分析 ============
[模型部分] 总时间: 6.787376s | 显存: 4.12 GB

[0-9秒 PDE求解详细性能]
  t=0s - 时间: 0.000000s | 显存: 0.00 B
  t=1s - 时间: 0.436377s | 显存: 0.00 B
  t=2s - 时间: 0.503347s | 显存: 0.00 B
  t=3s - 时间: 0.590309s | 显存: 0.00 B
  t=4s - 时间: 0.655192s | 显存: 0.00 B
  t=5s - 时间: 0.736352s | 显存: 0.00 B
  t=6s - 时间: 0.823817s | 显存: 0.00 B
  t=7s - 时间: 0.921045s | 显存: 0.00 B
  t=8s - 时间: 1.027534s | 显存: 0.00 B
  t=9s - 时间: 1.072048s | 显存: 0.00 B

[19秒 PDE求解]
  t=19.0s - 时间: 1.880926s | 显存: 0.00 B

[PDE求解部分] 总时间: 1.881306s | 显存: 0.00 B

[本步骤总计] 时间: 8.668682s | 显存: 4.12 GB
orginal_loss:  tensor(582686.6250, device='cuda:0', grad_fn=<MseLossBackward0>)
[Step 91] Backward Propagation - Time: 21.4351s, Mem: -4413235200.00 B
x_adv.requires_grad:  True
pred_19.requires_grad, true_19.requires_grad:  True True
Autograd grad max:  tensor(1145.7063, device='cuda:0')
Autograd grad min:  tensor(-1744.0853, device='cuda:0')
Autograd grad mean:  tensor(5.2398, device='cuda:0')
[Step 91] PGD Update - Time: 0.0013s, Mem: 0.00 B

[Step 91] 完整步骤总时间: 30.109670s | 总显存: 0.00 B
[Step 91] 峰值显存: 6.22 GB

[Step 92] ============ 详细性能分析 ============
[模型部分] 总时间: 6.831322s | 显存: 4.12 GB

[0-9秒 PDE求解详细性能]
  t=0s - 时间: 0.000000s | 显存: 0.00 B
  t=1s - 时间: 0.447878s | 显存: 0.00 B
  t=2s - 时间: 0.537685s | 显存: 0.00 B
  t=3s - 时间: 0.583186s | 显存: 0.00 B
  t=4s - 时间: 0.654929s | 显存: 0.00 B
  t=5s - 时间: 0.748513s | 显存: 0.00 B
  t=6s - 时间: 0.828772s | 显存: 0.00 B
  t=7s - 时间: 0.930718s | 显存: 0.00 B
  t=8s - 时间: 1.014991s | 显存: 0.00 B
  t=9s - 时间: 1.063118s | 显存: 0.00 B

[19秒 PDE求解]
  t=19.0s - 时间: 1.906311s | 显存: 0.00 B

[PDE求解部分] 总时间: 1.906649s | 显存: 0.00 B

[本步骤总计] 时间: 8.737970s | 显存: 4.12 GB
orginal_loss:  tensor(512516.7500, device='cuda:0', grad_fn=<MseLossBackward0>)
[Step 92] Backward Propagation - Time: 21.5451s, Mem: -4413235200.00 B
x_adv.requires_grad:  True
pred_19.requires_grad, true_19.requires_grad:  True True
Autograd grad max:  tensor(3158.2888, device='cuda:0')
Autograd grad min:  tensor(-2037.7893, device='cuda:0')
Autograd grad mean:  tensor(10.2668, device='cuda:0')
[Step 92] PGD Update - Time: 0.0013s, Mem: 0.00 B

[Step 92] 完整步骤总时间: 30.289475s | 总显存: 0.00 B
[Step 92] 峰值显存: 6.22 GB

[Step 93] ============ 详细性能分析 ============
[模型部分] 总时间: 6.799028s | 显存: 4.12 GB

[0-9秒 PDE求解详细性能]
  t=0s - 时间: 0.000000s | 显存: 0.00 B
  t=1s - 时间: 0.461510s | 显存: 0.00 B
  t=2s - 时间: 0.493253s | 显存: 0.00 B
  t=3s - 时间: 0.618609s | 显存: 0.00 B
  t=4s - 时间: 0.659458s | 显存: 0.00 B
  t=5s - 时间: 0.741166s | 显存: 0.00 B
  t=6s - 时间: 0.819337s | 显存: 0.00 B
  t=7s - 时间: 0.897911s | 显存: 0.00 B
  t=8s - 时间: 0.992578s | 显存: 0.00 B
  t=9s - 时间: 1.093388s | 显存: 0.00 B

[19秒 PDE求解]
  t=19.0s - 时间: 1.923303s | 显存: 0.00 B

[PDE求解部分] 总时间: 1.923642s | 显存: 0.00 B

[本步骤总计] 时间: 8.722670s | 显存: 4.12 GB
orginal_loss:  tensor(306349.4062, device='cuda:0', grad_fn=<MseLossBackward0>)
[Step 93] Backward Propagation - Time: 29.9568s, Mem: -4413235200.00 B
x_adv.requires_grad:  True
pred_19.requires_grad, true_19.requires_grad:  True True
Autograd grad max:  tensor(1004.8561, device='cuda:0')
Autograd grad min:  tensor(-1072.6945, device='cuda:0')
Autograd grad mean:  tensor(3.7323, device='cuda:0')
[Step 93] PGD Update - Time: 0.0010s, Mem: 0.00 B

[Step 93] 完整步骤总时间: 38.685152s | 总显存: 0.00 B
[Step 93] 峰值显存: 6.22 GB

[Step 94] ============ 详细性能分析 ============
[模型部分] 总时间: 6.806629s | 显存: 4.12 GB

[0-9秒 PDE求解详细性能]
  t=0s - 时间: 0.000000s | 显存: 0.00 B
  t=1s - 时间: 0.471048s | 显存: 0.00 B
  t=2s - 时间: 0.496576s | 显存: 0.00 B
  t=3s - 时间: 0.601363s | 显存: 0.00 B
  t=4s - 时间: 0.670627s | 显存: 0.00 B
  t=5s - 时间: 0.741588s | 显存: 0.00 B
  t=6s - 时间: 0.822640s | 显存: 0.00 B
  t=7s - 时间: 0.939103s | 显存: 0.00 B
  t=8s - 时间: 0.971182s | 显存: 0.00 B
  t=9s - 时间: 1.071317s | 显存: 0.00 B

[19秒 PDE求解]
  t=19.0s - 时间: 1.910971s | 显存: 0.00 B

[PDE求解部分] 总时间: 1.911305s | 显存: 0.00 B

[本步骤总计] 时间: 8.717934s | 显存: 4.12 GB
orginal_loss:  tensor(628203.2500, device='cuda:0', grad_fn=<MseLossBackward0>)
[Step 94] Backward Propagation - Time: 21.6885s, Mem: -4413235200.00 B
x_adv.requires_grad:  True
pred_19.requires_grad, true_19.requires_grad:  True True
Autograd grad max:  tensor(4544.3960, device='cuda:0')
Autograd grad min:  tensor(-2912.9875, device='cuda:0')
Autograd grad mean:  tensor(-1.3328, device='cuda:0')
[Step 94] PGD Update - Time: 0.0013s, Mem: 0.00 B

[Step 94] 完整步骤总时间: 30.412293s | 总显存: 0.00 B
[Step 94] 峰值显存: 6.22 GB

[Step 95] ============ 详细性能分析 ============
[模型部分] 总时间: 6.894658s | 显存: 4.12 GB

[0-9秒 PDE求解详细性能]
  t=0s - 时间: 0.000000s | 显存: 0.00 B
  t=1s - 时间: 0.425253s | 显存: 0.00 B
  t=2s - 时间: 0.507827s | 显存: 0.00 B
  t=3s - 时间: 0.597553s | 显存: 0.00 B
  t=4s - 时间: 0.686117s | 显存: 0.00 B
  t=5s - 时间: 0.766033s | 显存: 0.00 B
  t=6s - 时间: 0.860946s | 显存: 0.00 B
  t=7s - 时间: 0.949303s | 显存: 0.00 B
  t=8s - 时间: 1.017817s | 显存: 0.00 B
  t=9s - 时间: 1.062198s | 显存: 0.00 B

[19秒 PDE求解]
  t=19.0s - 时间: 1.882563s | 显存: 0.00 B

[PDE求解部分] 总时间: 1.882885s | 显存: 0.00 B

[本步骤总计] 时间: 8.777543s | 显存: 4.12 GB
orginal_loss:  tensor(404767.8125, device='cuda:0', grad_fn=<MseLossBackward0>)
[Step 95] Backward Propagation - Time: 21.5259s, Mem: -4413235200.00 B
x_adv.requires_grad:  True
pred_19.requires_grad, true_19.requires_grad:  True True
Autograd grad max:  tensor(3657.0259, device='cuda:0')
Autograd grad min:  tensor(-2812.9148, device='cuda:0')
Autograd grad mean:  tensor(-8.0379, device='cuda:0')
[Step 95] PGD Update - Time: 0.0011s, Mem: 0.00 B

[Step 95] 完整步骤总时间: 30.309393s | 总显存: 0.00 B
[Step 95] 峰值显存: 6.22 GB

[Step 96] ============ 详细性能分析 ============
[模型部分] 总时间: 6.739035s | 显存: 4.12 GB

[0-9秒 PDE求解详细性能]
  t=0s - 时间: 0.000000s | 显存: 0.00 B
  t=1s - 时间: 0.446043s | 显存: 0.00 B
  t=2s - 时间: 0.499593s | 显存: 0.00 B
  t=3s - 时间: 0.578342s | 显存: 0.00 B
  t=4s - 时间: 0.666782s | 显存: 0.00 B
  t=5s - 时间: 0.752458s | 显存: 0.00 B
  t=6s - 时间: 0.820225s | 显存: 0.00 B
  t=7s - 时间: 0.902331s | 显存: 0.00 B
  t=8s - 时间: 0.978143s | 显存: 0.00 B
  t=9s - 时间: 1.073507s | 显存: 0.00 B

[19秒 PDE求解]
  t=19.0s - 时间: 1.925852s | 显存: 0.00 B

[PDE求解部分] 总时间: 1.926185s | 显存: 0.00 B

[本步骤总计] 时间: 8.665220s | 显存: 4.12 GB
orginal_loss:  tensor(688076.8750, device='cuda:0', grad_fn=<MseLossBackward0>)
[Step 96] Backward Propagation - Time: 22.0234s, Mem: -4413235200.00 B
x_adv.requires_grad:  True
pred_19.requires_grad, true_19.requires_grad:  True True
Autograd grad max:  tensor(2506.0796, device='cuda:0')
Autograd grad min:  tensor(-2771.4028, device='cuda:0')
Autograd grad mean:  tensor(3.2301, device='cuda:0')
[Step 96] PGD Update - Time: 0.0013s, Mem: 0.00 B

[Step 96] 完整步骤总时间: 30.721641s | 总显存: 0.00 B
[Step 96] 峰值显存: 6.22 GB

[Step 97] ============ 详细性能分析 ============
[模型部分] 总时间: 6.912049s | 显存: 4.12 GB

[0-9秒 PDE求解详细性能]
  t=0s - 时间: 0.000000s | 显存: 0.00 B
  t=1s - 时间: 0.485729s | 显存: 0.00 B
  t=2s - 时间: 0.539012s | 显存: 0.00 B
  t=3s - 时间: 0.613022s | 显存: 0.00 B
  t=4s - 时间: 0.681250s | 显存: 0.00 B
  t=5s - 时间: 0.750437s | 显存: 0.00 B
  t=6s - 时间: 0.833363s | 显存: 0.00 B
  t=7s - 时间: 0.905796s | 显存: 0.00 B
  t=8s - 时间: 0.975691s | 显存: 0.00 B
  t=9s - 时间: 1.106394s | 显存: 0.00 B

[19秒 PDE求解]
  t=19.0s - 时间: 1.879250s | 显存: 0.00 B

[PDE求解部分] 总时间: 1.879576s | 显存: 0.00 B

[本步骤总计] 时间: 8.791624s | 显存: 4.12 GB
orginal_loss:  tensor(722806.9375, device='cuda:0', grad_fn=<MseLossBackward0>)
[Step 97] Backward Propagation - Time: 21.9826s, Mem: -4413235200.00 B
x_adv.requires_grad:  True
pred_19.requires_grad, true_19.requires_grad:  True True
Autograd grad max:  tensor(3067.9294, device='cuda:0')
Autograd grad min:  tensor(-2552.9443, device='cuda:0')
Autograd grad mean:  tensor(0.1529, device='cuda:0')
[Step 97] PGD Update - Time: 0.0012s, Mem: 0.00 B

[Step 97] 完整步骤总时间: 30.783538s | 总显存: 0.00 B
[Step 97] 峰值显存: 6.22 GB

[Step 98] ============ 详细性能分析 ============
[模型部分] 总时间: 6.817868s | 显存: 4.12 GB

[0-9秒 PDE求解详细性能]
  t=0s - 时间: 0.000000s | 显存: 0.00 B
  t=1s - 时间: 0.429450s | 显存: 0.00 B
  t=2s - 时间: 0.502534s | 显存: 0.00 B
  t=3s - 时间: 0.609534s | 显存: 0.00 B
  t=4s - 时间: 0.689526s | 显存: 0.00 B
  t=5s - 时间: 0.779320s | 显存: 0.00 B
  t=6s - 时间: 0.834286s | 显存: 0.00 B
  t=7s - 时间: 0.896261s | 显存: 0.00 B
  t=8s - 时间: 0.982559s | 显存: 0.00 B
  t=9s - 时间: 1.073099s | 显存: 0.00 B

[19秒 PDE求解]
  t=19.0s - 时间: 1.890892s | 显存: 0.00 B

[PDE求解部分] 总时间: 1.891267s | 显存: 0.00 B

[本步骤总计] 时间: 8.709135s | 显存: 4.12 GB
orginal_loss:  tensor(581914.8750, device='cuda:0', grad_fn=<MseLossBackward0>)
[Step 98] Backward Propagation - Time: 21.7202s, Mem: -4413235200.00 B
x_adv.requires_grad:  True
pred_19.requires_grad, true_19.requires_grad:  True True
Autograd grad max:  tensor(2314.9001, device='cuda:0')
Autograd grad min:  tensor(-1967.5837, device='cuda:0')
Autograd grad mean:  tensor(-1.7622, device='cuda:0')
[Step 98] PGD Update - Time: 0.0013s, Mem: 0.00 B

[Step 98] 完整步骤总时间: 30.435566s | 总显存: 0.00 B
[Step 98] 峰值显存: 6.22 GB
