c1001a-s25.ufhpc
Wed Jul  2 09:44:24 AM EDT 2025
/blue/shiboli.fsu/yifeisun.umich/adversarial_robustness_FNO/2D_NS

======================================== 环境诊断 ========================================

[PyTorch]
Version: 2.7.0+cu128
CUDA Available: True
CUDA Version: 12.8
cuDNN Version: 90800
Current Device: 0
Device Name: NVIDIA B200
Device Memory: 178.36 GB

[JAX]
JAX Version: 0.6.0
JAXlib Version: 0.6.0
JAX Backend: gpu
JAX Devices Error: module 'jax.lib.xla_bridge' has no attribute 'devices'

[CUDA/cuDNN System Info]
nvcc not found

[GPU Details]
Device 0: NVIDIA B200
  Compute Capability: 10.0
  Total Memory: 178.36 GB
  Multiprocessors: 148
GPU Details Error: 'torch._C._CudaDeviceProperties' object has no attribute 'max_threads_per_block'

[Compatibility Warnings]
======================================== 诊断结束 ========================================

================================================================================
norm: 2, epsilon: 6553.6, alpha: 5.0, num_steps: 100
x_adv.shape:  torch.Size([256, 256])

[Step 0] ============ 详细性能分析 ============
[模型部分] 总时间: 49.398330s | 显存: 4.12 GB

[0-9秒 PDE求解详细性能]
  t=0s - 时间: 0.000000s | 显存: 0.00 B
  t=1s - 时间: 34.176347s | 显存: 0.00 B
  t=2s - 时间: 0.508282s | 显存: 0.00 B
  t=3s - 时间: 0.580984s | 显存: 0.00 B
  t=4s - 时间: 0.707385s | 显存: 0.00 B
  t=5s - 时间: 0.737032s | 显存: 0.00 B
  t=6s - 时间: 0.813425s | 显存: 0.00 B
  t=7s - 时间: 0.900094s | 显存: 0.00 B
  t=8s - 时间: 0.972036s | 显存: 0.00 B
  t=9s - 时间: 1.028106s | 显存: 0.00 B

[19秒 PDE求解]
  t=19.0s - 时间: 1.842830s | 显存: 0.00 B

[PDE求解部分] 总时间: 1.843082s | 显存: 0.00 B

[本步骤总计] 时间: 51.241412s | 显存: 4.12 GB
orginal_loss:  tensor(2874.2017, device='cuda:0', grad_fn=<MseLossBackward0>)
[Step 0] Backward Propagation - Time: 21.5946s, Mem: -4405592064.00 B
x_adv.requires_grad:  True
pred_19.requires_grad, true_19.requires_grad:  True True
Autograd grad max:  tensor(5.5374, device='cuda:0')
Autograd grad min:  tensor(-6.3897, device='cuda:0')
Autograd grad mean:  tensor(0.2062, device='cuda:0')
[Step 0] PGD Update - Time: 0.2192s, Mem: 513.00 KB

[Step 0] 完整步骤总时间: 75.265347s | 总显存: 20.41 MB
[Step 0] 峰值显存: 6.21 GB

[Step 1] ============ 详细性能分析 ============
[模型部分] 总时间: 6.369597s | 显存: 4.12 GB

[0-9秒 PDE求解详细性能]
  t=0s - 时间: 0.000000s | 显存: 0.00 B
  t=1s - 时间: 0.379520s | 显存: 0.00 B
  t=2s - 时间: 0.448446s | 显存: 0.00 B
  t=3s - 时间: 0.548035s | 显存: 0.00 B
  t=4s - 时间: 0.631801s | 显存: 0.00 B
  t=5s - 时间: 0.714809s | 显存: 0.00 B
  t=6s - 时间: 0.789586s | 显存: 0.00 B
  t=7s - 时间: 0.870919s | 显存: 0.00 B
  t=8s - 时间: 0.946598s | 显存: 0.00 B
  t=9s - 时间: 1.018602s | 显存: 0.00 B

[19秒 PDE求解]
  t=19.0s - 时间: 1.767460s | 显存: 0.00 B

[PDE求解部分] 总时间: 1.767750s | 显存: 0.00 B

[本步骤总计] 时间: 8.137348s | 显存: 4.12 GB
orginal_loss:  tensor(4909.8740, device='cuda:0', grad_fn=<MseLossBackward0>)
[Step 1] Backward Propagation - Time: 20.3990s, Mem: -4414291968.00 B
x_adv.requires_grad:  True
pred_19.requires_grad, true_19.requires_grad:  True True
Autograd grad max:  tensor(13.5077, device='cuda:0')
Autograd grad min:  tensor(-13.1833, device='cuda:0')
Autograd grad mean:  tensor(0.3434, device='cuda:0')
[Step 1] PGD Update - Time: 0.0013s, Mem: 0.00 B

[Step 1] 完整步骤总时间: 28.745788s | 总显存: -524288.00 B
[Step 1] 峰值显存: 6.22 GB

[Step 2] ============ 详细性能分析 ============
[模型部分] 总时间: 6.203082s | 显存: 4.12 GB

[0-9秒 PDE求解详细性能]
  t=0s - 时间: 0.000000s | 显存: 0.00 B
  t=1s - 时间: 0.370967s | 显存: 0.00 B
  t=2s - 时间: 0.427119s | 显存: 0.00 B
  t=3s - 时间: 0.528654s | 显存: 0.00 B
  t=4s - 时间: 0.635738s | 显存: 0.00 B
  t=5s - 时间: 0.694087s | 显存: 0.00 B
  t=6s - 时间: 0.759039s | 显存: 0.00 B
  t=7s - 时间: 0.848336s | 显存: 0.00 B
  t=8s - 时间: 0.910874s | 显存: 0.00 B
  t=9s - 时间: 1.007065s | 显存: 0.00 B

[19秒 PDE求解]
  t=19.0s - 时间: 1.787327s | 显存: 0.00 B

[PDE求解部分] 总时间: 1.787620s | 显存: 0.00 B

[本步骤总计] 时间: 7.990702s | 显存: 4.12 GB
orginal_loss:  tensor(8897.0117, device='cuda:0', grad_fn=<MseLossBackward0>)
[Step 2] Backward Propagation - Time: 20.6730s, Mem: -4416135168.00 B
x_adv.requires_grad:  True
pred_19.requires_grad, true_19.requires_grad:  True True
Autograd grad max:  tensor(18.4677, device='cuda:0')
Autograd grad min:  tensor(-21.1761, device='cuda:0')
Autograd grad mean:  tensor(0.4020, device='cuda:0')
[Step 2] PGD Update - Time: 0.0013s, Mem: 0.00 B

[Step 2] 完整步骤总时间: 28.670288s | 总显存: 0.00 B
[Step 2] 峰值显存: 6.22 GB

[Step 3] ============ 详细性能分析 ============
[模型部分] 总时间: 6.308763s | 显存: 4.12 GB

[0-9秒 PDE求解详细性能]
  t=0s - 时间: 0.000000s | 显存: 0.00 B
  t=1s - 时间: 0.392544s | 显存: 0.00 B
  t=2s - 时间: 0.469541s | 显存: 0.00 B
  t=3s - 时间: 0.550035s | 显存: 0.00 B
  t=4s - 时间: 0.616743s | 显存: 0.00 B
  t=5s - 时间: 0.705780s | 显存: 0.00 B
  t=6s - 时间: 0.772864s | 显存: 0.00 B
  t=7s - 时间: 0.830818s | 显存: 0.00 B
  t=8s - 时间: 0.919793s | 显存: 0.00 B
  t=9s - 时间: 1.029371s | 显存: 0.00 B

[19秒 PDE求解]
  t=19.0s - 时间: 1.769638s | 显存: 0.00 B

[PDE求解部分] 总时间: 1.769963s | 显存: 0.00 B

[本步骤总计] 时间: 8.078725s | 显存: 4.12 GB
orginal_loss:  tensor(14124.9395, device='cuda:0', grad_fn=<MseLossBackward0>)
[Step 3] Backward Propagation - Time: 20.5588s, Mem: -4416135168.00 B
x_adv.requires_grad:  True
pred_19.requires_grad, true_19.requires_grad:  True True
Autograd grad max:  tensor(28.7537, device='cuda:0')
Autograd grad min:  tensor(-25.9679, device='cuda:0')
Autograd grad mean:  tensor(0.3954, device='cuda:0')
[Step 3] PGD Update - Time: 0.0013s, Mem: 0.00 B

[Step 3] 完整步骤总时间: 28.644340s | 总显存: 0.00 B
[Step 3] 峰值显存: 6.22 GB

[Step 4] ============ 详细性能分析 ============
[模型部分] 总时间: 6.324373s | 显存: 4.12 GB

[0-9秒 PDE求解详细性能]
  t=0s - 时间: 0.000000s | 显存: 0.00 B
  t=1s - 时间: 0.380542s | 显存: 0.00 B
  t=2s - 时间: 0.449479s | 显存: 0.00 B
  t=3s - 时间: 0.535668s | 显存: 0.00 B
  t=4s - 时间: 0.627875s | 显存: 0.00 B
  t=5s - 时间: 0.711033s | 显存: 0.00 B
  t=6s - 时间: 0.780105s | 显存: 0.00 B
  t=7s - 时间: 0.855311s | 显存: 0.00 B
  t=8s - 时间: 0.942661s | 显存: 0.00 B
  t=9s - 时间: 1.020449s | 显存: 0.00 B

[19秒 PDE求解]
  t=19.0s - 时间: 1.798186s | 显存: 0.00 B

[PDE求解部分] 总时间: 1.798468s | 显存: 0.00 B

[本步骤总计] 时间: 8.122841s | 显存: 4.12 GB
orginal_loss:  tensor(18851.9609, device='cuda:0', grad_fn=<MseLossBackward0>)
[Step 4] Backward Propagation - Time: 20.4291s, Mem: -4416135168.00 B
x_adv.requires_grad:  True
pred_19.requires_grad, true_19.requires_grad:  True True
Autograd grad max:  tensor(30.8077, device='cuda:0')
Autograd grad min:  tensor(-35.3504, device='cuda:0')
Autograd grad mean:  tensor(0.5493, device='cuda:0')
[Step 4] PGD Update - Time: 0.0013s, Mem: 0.00 B

[Step 4] 完整步骤总时间: 28.558459s | 总显存: 0.00 B
[Step 4] 峰值显存: 6.22 GB

[Step 5] ============ 详细性能分析 ============
[模型部分] 总时间: 6.248523s | 显存: 4.12 GB

[0-9秒 PDE求解详细性能]
  t=0s - 时间: 0.000000s | 显存: 0.00 B
  t=1s - 时间: 0.390561s | 显存: 0.00 B
  t=2s - 时间: 0.452313s | 显存: 0.00 B
  t=3s - 时间: 0.540973s | 显存: 0.00 B
  t=4s - 时间: 0.610858s | 显存: 0.00 B
  t=5s - 时间: 0.692030s | 显存: 0.00 B
  t=6s - 时间: 0.766776s | 显存: 0.00 B
  t=7s - 时间: 0.844720s | 显存: 0.00 B
  t=8s - 时间: 0.923218s | 显存: 0.00 B
  t=9s - 时间: 1.005832s | 显存: 0.00 B

[19秒 PDE求解]
  t=19.0s - 时间: 1.788549s | 显存: 0.00 B

[PDE求解部分] 总时间: 1.788824s | 显存: 0.00 B

[本步骤总计] 时间: 8.037348s | 显存: 4.12 GB
orginal_loss:  tensor(21684.1113, device='cuda:0', grad_fn=<MseLossBackward0>)
[Step 5] Backward Propagation - Time: 20.4572s, Mem: -4416135168.00 B
x_adv.requires_grad:  True
pred_19.requires_grad, true_19.requires_grad:  True True
Autograd grad max:  tensor(30.3658, device='cuda:0')
Autograd grad min:  tensor(-36.6242, device='cuda:0')
Autograd grad mean:  tensor(0.4915, device='cuda:0')
[Step 5] PGD Update - Time: 0.0013s, Mem: 0.00 B

[Step 5] 完整步骤总时间: 28.501570s | 总显存: 0.00 B
[Step 5] 峰值显存: 6.22 GB

[Step 6] ============ 详细性能分析 ============
[模型部分] 总时间: 6.311644s | 显存: 4.12 GB

[0-9秒 PDE求解详细性能]
  t=0s - 时间: 0.000000s | 显存: 0.00 B
  t=1s - 时间: 0.374720s | 显存: 0.00 B
  t=2s - 时间: 0.447381s | 显存: 0.00 B
  t=3s - 时间: 0.552797s | 显存: 0.00 B
  t=4s - 时间: 0.621882s | 显存: 0.00 B
  t=5s - 时间: 0.702994s | 显存: 0.00 B
  t=6s - 时间: 0.823220s | 显存: 0.00 B
  t=7s - 时间: 0.847988s | 显存: 0.00 B
  t=8s - 时间: 0.925641s | 显存: 0.00 B
  t=9s - 时间: 0.993962s | 显存: 0.00 B

[19秒 PDE求解]
  t=19.0s - 时间: 1.761018s | 显存: 0.00 B

[PDE求解部分] 总时间: 1.761317s | 显存: 0.00 B

[本步骤总计] 时间: 8.072961s | 显存: 4.12 GB
orginal_loss:  tensor(25924.4082, device='cuda:0', grad_fn=<MseLossBackward0>)
[Step 6] Backward Propagation - Time: 20.5552s, Mem: -4416135168.00 B
x_adv.requires_grad:  True
pred_19.requires_grad, true_19.requires_grad:  True True
Autograd grad max:  tensor(36.7710, device='cuda:0')
Autograd grad min:  tensor(-38.6169, device='cuda:0')
Autograd grad mean:  tensor(0.6387, device='cuda:0')
[Step 6] PGD Update - Time: 0.0014s, Mem: 0.00 B

[Step 6] 完整步骤总时间: 28.635190s | 总显存: 0.00 B
[Step 6] 峰值显存: 6.22 GB

[Step 7] ============ 详细性能分析 ============
[模型部分] 总时间: 6.233612s | 显存: 4.12 GB

[0-9秒 PDE求解详细性能]
  t=0s - 时间: 0.000000s | 显存: 0.00 B
  t=1s - 时间: 0.407648s | 显存: 0.00 B
  t=2s - 时间: 0.475135s | 显存: 0.00 B
  t=3s - 时间: 0.551968s | 显存: 0.00 B
  t=4s - 时间: 0.598881s | 显存: 0.00 B
  t=5s - 时间: 0.674980s | 显存: 0.00 B
  t=6s - 时间: 0.755245s | 显存: 0.00 B
  t=7s - 时间: 0.837425s | 显存: 0.00 B
  t=8s - 时间: 0.918404s | 显存: 0.00 B
  t=9s - 时间: 0.992721s | 显存: 0.00 B

[19秒 PDE求解]
  t=19.0s - 时间: 1.768643s | 显存: 0.00 B

[PDE求解部分] 总时间: 1.768938s | 显存: 0.00 B

[本步骤总计] 时间: 8.002550s | 显存: 4.12 GB
orginal_loss:  tensor(27825.9844, device='cuda:0', grad_fn=<MseLossBackward0>)
[Step 7] Backward Propagation - Time: 20.1989s, Mem: -4416135168.00 B
x_adv.requires_grad:  True
pred_19.requires_grad, true_19.requires_grad:  True True
Autograd grad max:  tensor(30.2702, device='cuda:0')
Autograd grad min:  tensor(-40.0555, device='cuda:0')
Autograd grad mean:  tensor(0.6000, device='cuda:0')
[Step 7] PGD Update - Time: 0.0014s, Mem: 0.00 B

[Step 7] 完整步骤总时间: 28.207898s | 总显存: 0.00 B
[Step 7] 峰值显存: 6.22 GB

[Step 8] ============ 详细性能分析 ============
[模型部分] 总时间: 6.241211s | 显存: 4.12 GB

[0-9秒 PDE求解详细性能]
  t=0s - 时间: 0.000000s | 显存: 0.00 B
  t=1s - 时间: 0.393660s | 显存: 0.00 B
  t=2s - 时间: 0.469374s | 显存: 0.00 B
  t=3s - 时间: 0.538501s | 显存: 0.00 B
  t=4s - 时间: 0.588288s | 显存: 0.00 B
  t=5s - 时间: 0.683046s | 显存: 0.00 B
  t=6s - 时间: 0.780453s | 显存: 0.00 B
  t=7s - 时间: 0.857563s | 显存: 0.00 B
  t=8s - 时间: 0.914016s | 显存: 0.00 B
  t=9s - 时间: 0.995048s | 显存: 0.00 B

[19秒 PDE求解]
  t=19.0s - 时间: 1.799920s | 显存: 0.00 B

[PDE求解部分] 总时间: 1.800243s | 显存: 0.00 B

[本步骤总计] 时间: 8.041454s | 显存: 4.12 GB
orginal_loss:  tensor(31901.5859, device='cuda:0', grad_fn=<MseLossBackward0>)
[Step 8] Backward Propagation - Time: 20.7177s, Mem: -4416135168.00 B
x_adv.requires_grad:  True
pred_19.requires_grad, true_19.requires_grad:  True True
Autograd grad max:  tensor(33.7443, device='cuda:0')
Autograd grad min:  tensor(-33.7309, device='cuda:0')
Autograd grad mean:  tensor(0.7433, device='cuda:0')
[Step 8] PGD Update - Time: 0.0010s, Mem: 0.00 B

[Step 8] 完整步骤总时间: 28.765030s | 总显存: 0.00 B
[Step 8] 峰值显存: 6.22 GB

[Step 9] ============ 详细性能分析 ============
[模型部分] 总时间: 6.386822s | 显存: 4.12 GB

[0-9秒 PDE求解详细性能]
  t=0s - 时间: 0.000000s | 显存: 0.00 B
  t=1s - 时间: 0.396195s | 显存: 0.00 B
  t=2s - 时间: 0.463260s | 显存: 0.00 B
  t=3s - 时间: 0.532028s | 显存: 0.00 B
  t=4s - 时间: 0.638740s | 显存: 0.00 B
  t=5s - 时间: 0.725069s | 显存: 0.00 B
  t=6s - 时间: 0.792139s | 显存: 0.00 B
  t=7s - 时间: 0.859405s | 显存: 0.00 B
  t=8s - 时间: 0.950016s | 显存: 0.00 B
  t=9s - 时间: 1.008774s | 显存: 0.00 B

[19秒 PDE求解]
  t=19.0s - 时间: 1.794765s | 显存: 0.00 B

[PDE求解部分] 总时间: 1.795049s | 显存: 0.00 B

[本步骤总计] 时间: 8.181870s | 显存: 4.12 GB
orginal_loss:  tensor(34542.1875, device='cuda:0', grad_fn=<MseLossBackward0>)
[Step 9] Backward Propagation - Time: 20.8327s, Mem: -4416135168.00 B
x_adv.requires_grad:  True
pred_19.requires_grad, true_19.requires_grad:  True True
Autograd grad max:  tensor(30.9419, device='cuda:0')
Autograd grad min:  tensor(-42.6100, device='cuda:0')
Autograd grad mean:  tensor(0.7224, device='cuda:0')
[Step 9] PGD Update - Time: 0.0013s, Mem: 0.00 B

[Step 9] 完整步骤总时间: 29.021176s | 总显存: 0.00 B
[Step 9] 峰值显存: 6.22 GB

[Step 10] ============ 详细性能分析 ============
[模型部分] 总时间: 6.339814s | 显存: 4.12 GB

[0-9秒 PDE求解详细性能]
  t=0s - 时间: 0.000000s | 显存: 0.00 B
  t=1s - 时间: 0.375220s | 显存: 0.00 B
  t=2s - 时间: 0.454100s | 显存: 0.00 B
  t=3s - 时间: 0.561081s | 显存: 0.00 B
  t=4s - 时间: 0.641212s | 显存: 0.00 B
  t=5s - 时间: 0.707060s | 显存: 0.00 B
  t=6s - 时间: 0.763315s | 显存: 0.00 B
  t=7s - 时间: 0.853987s | 显存: 0.00 B
  t=8s - 时间: 0.929283s | 显存: 0.00 B
  t=9s - 时间: 1.033459s | 显存: 0.00 B

[19秒 PDE求解]
  t=19.0s - 时间: 1.813710s | 显存: 0.00 B

[PDE求解部分] 总时间: 1.813979s | 显存: 0.00 B

[本步骤总计] 时间: 8.153793s | 显存: 4.12 GB
orginal_loss:  tensor(38235.4844, device='cuda:0', grad_fn=<MseLossBackward0>)
[Step 10] Backward Propagation - Time: 20.4731s, Mem: -4416135168.00 B
x_adv.requires_grad:  True
pred_19.requires_grad, true_19.requires_grad:  True True
Autograd grad max:  tensor(32.7316, device='cuda:0')
Autograd grad min:  tensor(-32.7664, device='cuda:0')
Autograd grad mean:  tensor(0.8676, device='cuda:0')
[Step 10] PGD Update - Time: 0.0014s, Mem: 0.00 B

[Step 10] 完整步骤总时间: 28.633151s | 总显存: 0.00 B
[Step 10] 峰值显存: 6.22 GB

[Step 11] ============ 详细性能分析 ============
[模型部分] 总时间: 6.370626s | 显存: 4.12 GB

[0-9秒 PDE求解详细性能]
  t=0s - 时间: 0.000000s | 显存: 0.00 B
  t=1s - 时间: 0.380404s | 显存: 0.00 B
  t=2s - 时间: 0.465866s | 显存: 0.00 B
  t=3s - 时间: 0.553835s | 显存: 0.00 B
  t=4s - 时间: 0.632753s | 显存: 0.00 B
  t=5s - 时间: 0.687627s | 显存: 0.00 B
  t=6s - 时间: 0.761568s | 显存: 0.00 B
  t=7s - 时间: 0.885659s | 显存: 0.00 B
  t=8s - 时间: 0.979645s | 显存: 0.00 B
  t=9s - 时间: 1.001930s | 显存: 0.00 B

[19秒 PDE求解]
  t=19.0s - 时间: 1.804546s | 显存: 0.00 B

[PDE求解部分] 总时间: 1.804912s | 显存: 0.00 B

[本步骤总计] 时间: 8.175538s | 显存: 4.12 GB
orginal_loss:  tensor(42043.3086, device='cuda:0', grad_fn=<MseLossBackward0>)
[Step 11] Backward Propagation - Time: 20.9663s, Mem: -4416135168.00 B
x_adv.requires_grad:  True
pred_19.requires_grad, true_19.requires_grad:  True True
Autograd grad max:  tensor(31.1988, device='cuda:0')
Autograd grad min:  tensor(-37.4542, device='cuda:0')
Autograd grad mean:  tensor(0.7902, device='cuda:0')
[Step 11] PGD Update - Time: 0.0013s, Mem: 0.00 B

[Step 11] 完整步骤总时间: 29.147955s | 总显存: 0.00 B
[Step 11] 峰值显存: 6.22 GB

[Step 12] ============ 详细性能分析 ============
[模型部分] 总时间: 6.355830s | 显存: 4.12 GB

[0-9秒 PDE求解详细性能]
  t=0s - 时间: 0.000000s | 显存: 0.00 B
  t=1s - 时间: 0.395193s | 显存: 0.00 B
  t=2s - 时间: 0.477672s | 显存: 0.00 B
  t=3s - 时间: 0.557350s | 显存: 0.00 B
  t=4s - 时间: 0.642386s | 显存: 0.00 B
  t=5s - 时间: 0.697521s | 显存: 0.00 B
  t=6s - 时间: 0.778650s | 显存: 0.00 B
  t=7s - 时间: 0.851858s | 显存: 0.00 B
  t=8s - 时间: 0.927443s | 显存: 0.00 B
  t=9s - 时间: 1.006531s | 显存: 0.00 B

[19秒 PDE求解]
  t=19.0s - 时间: 1.780077s | 显存: 0.00 B

[PDE求解部分] 总时间: 1.780359s | 显存: 0.00 B

[本步骤总计] 时间: 8.136189s | 显存: 4.12 GB
orginal_loss:  tensor(43810.7500, device='cuda:0', grad_fn=<MseLossBackward0>)
[Step 12] Backward Propagation - Time: 20.2571s, Mem: -4416135168.00 B
x_adv.requires_grad:  True
pred_19.requires_grad, true_19.requires_grad:  True True
Autograd grad max:  tensor(74.7944, device='cuda:0')
Autograd grad min:  tensor(-64.4762, device='cuda:0')
Autograd grad mean:  tensor(0.9319, device='cuda:0')
[Step 12] PGD Update - Time: 0.0013s, Mem: 0.00 B

[Step 12] 完整步骤总时间: 28.399052s | 总显存: 0.00 B
[Step 12] 峰值显存: 6.22 GB

[Step 13] ============ 详细性能分析 ============
[模型部分] 总时间: 6.270680s | 显存: 4.12 GB

[0-9秒 PDE求解详细性能]
  t=0s - 时间: 0.000000s | 显存: 0.00 B
  t=1s - 时间: 0.394531s | 显存: 0.00 B
  t=2s - 时间: 0.444725s | 显存: 0.00 B
  t=3s - 时间: 0.539853s | 显存: 0.00 B
  t=4s - 时间: 0.608804s | 显存: 0.00 B
  t=5s - 时间: 0.687072s | 显存: 0.00 B
  t=6s - 时间: 0.755960s | 显存: 0.00 B
  t=7s - 时间: 0.846563s | 显存: 0.00 B
  t=8s - 时间: 0.931995s | 显存: 0.00 B
  t=9s - 时间: 1.040235s | 显存: 0.00 B

[19秒 PDE求解]
  t=19.0s - 时间: 1.870841s | 显存: 0.00 B

[PDE求解部分] 总时间: 1.871117s | 显存: 0.00 B

[本步骤总计] 时间: 8.141796s | 显存: 4.12 GB
orginal_loss:  tensor(42295.0312, device='cuda:0', grad_fn=<MseLossBackward0>)
[Step 13] Backward Propagation - Time: 21.2200s, Mem: -4416135168.00 B
x_adv.requires_grad:  True
pred_19.requires_grad, true_19.requires_grad:  True True
Autograd grad max:  tensor(57.7449, device='cuda:0')
Autograd grad min:  tensor(-78.7609, device='cuda:0')
Autograd grad mean:  tensor(0.9485, device='cuda:0')
[Step 13] PGD Update - Time: 0.0012s, Mem: 0.00 B

[Step 13] 完整步骤总时间: 29.367865s | 总显存: 0.00 B
[Step 13] 峰值显存: 6.22 GB

[Step 14] ============ 详细性能分析 ============
[模型部分] 总时间: 6.357170s | 显存: 4.12 GB

[0-9秒 PDE求解详细性能]
  t=0s - 时间: 0.000000s | 显存: 0.00 B
  t=1s - 时间: 0.402718s | 显存: 0.00 B
  t=2s - 时间: 0.476822s | 显存: 0.00 B
  t=3s - 时间: 0.536121s | 显存: 0.00 B
  t=4s - 时间: 0.610735s | 显存: 0.00 B
  t=5s - 时间: 0.687685s | 显存: 0.00 B
  t=6s - 时间: 0.760411s | 显存: 0.00 B
  t=7s - 时间: 0.883409s | 显存: 0.00 B
  t=8s - 时间: 0.949307s | 显存: 0.00 B
  t=9s - 时间: 1.028830s | 显存: 0.00 B

[19秒 PDE求解]
  t=19.0s - 时间: 1.807551s | 显存: 0.00 B

[PDE求解部分] 总时间: 1.807875s | 显存: 0.00 B

[本步骤总计] 时间: 8.165045s | 显存: 4.12 GB
orginal_loss:  tensor(47901.8906, device='cuda:0', grad_fn=<MseLossBackward0>)
[Step 14] Backward Propagation - Time: 20.5067s, Mem: -4416135168.00 B
x_adv.requires_grad:  True
pred_19.requires_grad, true_19.requires_grad:  True True
Autograd grad max:  tensor(85.3032, device='cuda:0')
Autograd grad min:  tensor(-72.0469, device='cuda:0')
Autograd grad mean:  tensor(1.0172, device='cuda:0')
[Step 14] PGD Update - Time: 0.0013s, Mem: 0.00 B

[Step 14] 完整步骤总时间: 28.677733s | 总显存: 0.00 B
[Step 14] 峰值显存: 6.22 GB

[Step 15] ============ 详细性能分析 ============
[模型部分] 总时间: 6.303253s | 显存: 4.12 GB

[0-9秒 PDE求解详细性能]
  t=0s - 时间: 0.000000s | 显存: 0.00 B
  t=1s - 时间: 0.373844s | 显存: 0.00 B
  t=2s - 时间: 0.442799s | 显存: 0.00 B
  t=3s - 时间: 0.563605s | 显存: 0.00 B
  t=4s - 时间: 0.623227s | 显存: 0.00 B
  t=5s - 时间: 0.711929s | 显存: 0.00 B
  t=6s - 时间: 0.757522s | 显存: 0.00 B
  t=7s - 时间: 0.838767s | 显存: 0.00 B
  t=8s - 时间: 0.940176s | 显存: 0.00 B
  t=9s - 时间: 1.030142s | 显存: 0.00 B

[19秒 PDE求解]
  t=19.0s - 时间: 1.772816s | 显存: 0.00 B

[PDE求解部分] 总时间: 1.773116s | 显存: 0.00 B

[本步骤总计] 时间: 8.076369s | 显存: 4.12 GB
orginal_loss:  tensor(48186.8594, device='cuda:0', grad_fn=<MseLossBackward0>)
[Step 15] Backward Propagation - Time: 20.2402s, Mem: -4416135168.00 B
x_adv.requires_grad:  True
pred_19.requires_grad, true_19.requires_grad:  True True
Autograd grad max:  tensor(59.1963, device='cuda:0')
Autograd grad min:  tensor(-72.0566, device='cuda:0')
Autograd grad mean:  tensor(1.0647, device='cuda:0')
[Step 15] PGD Update - Time: 0.0013s, Mem: 0.00 B

[Step 15] 完整步骤总时间: 28.322292s | 总显存: 0.00 B
[Step 15] 峰值显存: 6.22 GB

[Step 16] ============ 详细性能分析 ============
[模型部分] 总时间: 6.402909s | 显存: 4.12 GB

[0-9秒 PDE求解详细性能]
  t=0s - 时间: 0.000000s | 显存: 0.00 B
  t=1s - 时间: 0.388746s | 显存: 0.00 B
  t=2s - 时间: 0.476411s | 显存: 0.00 B
  t=3s - 时间: 0.560326s | 显存: 0.00 B
  t=4s - 时间: 0.637656s | 显存: 0.00 B
  t=5s - 时间: 0.713368s | 显存: 0.00 B
  t=6s - 时间: 0.772220s | 显存: 0.00 B
  t=7s - 时间: 0.849298s | 显存: 0.00 B
  t=8s - 时间: 0.958387s | 显存: 0.00 B
  t=9s - 时间: 1.025494s | 显存: 0.00 B

[19秒 PDE求解]
  t=19.0s - 时间: 2.803517s | 显存: 0.00 B

[PDE求解部分] 总时间: 2.803860s | 显存: 0.00 B

[本步骤总计] 时间: 9.206769s | 显存: 4.12 GB
orginal_loss:  tensor(53149.2656, device='cuda:0', grad_fn=<MseLossBackward0>)
[Step 16] Backward Propagation - Time: 23.7880s, Mem: -4416135168.00 B
x_adv.requires_grad:  True
pred_19.requires_grad, true_19.requires_grad:  True True
Autograd grad max:  tensor(80.0412, device='cuda:0')
Autograd grad min:  tensor(-71.6611, device='cuda:0')
Autograd grad mean:  tensor(1.0003, device='cuda:0')
[Step 16] PGD Update - Time: 0.2949s, Mem: 0.00 B

[Step 16] 完整步骤总时间: 36.356656s | 总显存: 0.00 B
[Step 16] 峰值显存: 6.22 GB

[Step 17] ============ 详细性能分析 ============
[模型部分] 总时间: 9.813308s | 显存: 4.12 GB

[0-9秒 PDE求解详细性能]
  t=0s - 时间: 0.000000s | 显存: 0.00 B
  t=1s - 时间: 0.451932s | 显存: 0.00 B
  t=2s - 时间: 0.471330s | 显存: 0.00 B
  t=3s - 时间: 0.534651s | 显存: 0.00 B
  t=4s - 时间: 0.596924s | 显存: 0.00 B
  t=5s - 时间: 0.712100s | 显存: 0.00 B
  t=6s - 时间: 0.766141s | 显存: 0.00 B
  t=7s - 时间: 0.868280s | 显存: 0.00 B
  t=8s - 时间: 0.925454s | 显存: 0.00 B
  t=9s - 时间: 3.117036s | 显存: 0.00 B

[19秒 PDE求解]
  t=19.0s - 时间: 13.624666s | 显存: 0.00 B

[PDE求解部分] 总时间: 13.625002s | 显存: 0.00 B

[本步骤总计] 时间: 23.438310s | 显存: 4.12 GB
orginal_loss:  tensor(53822.5898, device='cuda:0', grad_fn=<MseLossBackward0>)
[Step 17] Backward Propagation - Time: 20.5420s, Mem: -4416135168.00 B
x_adv.requires_grad:  True
pred_19.requires_grad, true_19.requires_grad:  True True
Autograd grad max:  tensor(62.1790, device='cuda:0')
Autograd grad min:  tensor(-68.6124, device='cuda:0')
Autograd grad mean:  tensor(1.0255, device='cuda:0')
[Step 17] PGD Update - Time: 0.0013s, Mem: 0.00 B

[Step 17] 完整步骤总时间: 43.986554s | 总显存: 0.00 B
[Step 17] 峰值显存: 6.22 GB

[Step 18] ============ 详细性能分析 ============
[模型部分] 总时间: 6.328263s | 显存: 4.12 GB

[0-9秒 PDE求解详细性能]
  t=0s - 时间: 0.000000s | 显存: 0.00 B
  t=1s - 时间: 0.394713s | 显存: 0.00 B
  t=2s - 时间: 0.467027s | 显存: 0.00 B
  t=3s - 时间: 0.539880s | 显存: 0.00 B
  t=4s - 时间: 0.643162s | 显存: 0.00 B
  t=5s - 时间: 0.697395s | 显存: 0.00 B
  t=6s - 时间: 0.779027s | 显存: 0.00 B
  t=7s - 时间: 0.861703s | 显存: 0.00 B
  t=8s - 时间: 0.934463s | 显存: 0.00 B
  t=9s - 时间: 0.989458s | 显存: 0.00 B

[19秒 PDE求解]
  t=19.0s - 时间: 1.802627s | 显存: 0.00 B

[PDE求解部分] 总时间: 1.802904s | 显存: 0.00 B

[本步骤总计] 时间: 8.131166s | 显存: 4.12 GB
orginal_loss:  tensor(59748.0312, device='cuda:0', grad_fn=<MseLossBackward0>)
[Step 18] Backward Propagation - Time: 20.4594s, Mem: -4416135168.00 B
x_adv.requires_grad:  True
pred_19.requires_grad, true_19.requires_grad:  True True
Autograd grad max:  tensor(68.6444, device='cuda:0')
Autograd grad min:  tensor(-66.7718, device='cuda:0')
Autograd grad mean:  tensor(1.0418, device='cuda:0')
[Step 18] PGD Update - Time: 0.0014s, Mem: 0.00 B

[Step 18] 完整步骤总时间: 28.596882s | 总显存: 0.00 B
[Step 18] 峰值显存: 6.22 GB

[Step 19] ============ 详细性能分析 ============
[模型部分] 总时间: 6.274712s | 显存: 4.12 GB

[0-9秒 PDE求解详细性能]
  t=0s - 时间: 0.000000s | 显存: 0.00 B
  t=1s - 时间: 0.380263s | 显存: 0.00 B
  t=2s - 时间: 0.450908s | 显存: 0.00 B
  t=3s - 时间: 0.528337s | 显存: 0.00 B
  t=4s - 时间: 0.608608s | 显存: 0.00 B
  t=5s - 时间: 0.692323s | 显存: 0.00 B
  t=6s - 时间: 0.790230s | 显存: 0.00 B
  t=7s - 时间: 0.871553s | 显存: 0.00 B
  t=8s - 时间: 0.930997s | 显存: 0.00 B
  t=9s - 时间: 1.000492s | 显存: 0.00 B

[19秒 PDE求解]
  t=19.0s - 时间: 1.812611s | 显存: 0.00 B

[PDE求解部分] 总时间: 1.812919s | 显存: 0.00 B

[本步骤总计] 时间: 8.087631s | 显存: 4.12 GB
orginal_loss:  tensor(59320.3594, device='cuda:0', grad_fn=<MseLossBackward0>)
[Step 19] Backward Propagation - Time: 21.7882s, Mem: -4416135168.00 B
x_adv.requires_grad:  True
pred_19.requires_grad, true_19.requires_grad:  True True
Autograd grad max:  tensor(60.9159, device='cuda:0')
Autograd grad min:  tensor(-63.4684, device='cuda:0')
Autograd grad mean:  tensor(0.9968, device='cuda:0')
[Step 19] PGD Update - Time: 0.0013s, Mem: 0.00 B

[Step 19] 完整步骤总时间: 29.882836s | 总显存: 0.00 B
[Step 19] 峰值显存: 6.22 GB

[Step 20] ============ 详细性能分析 ============
[模型部分] 总时间: 6.496594s | 显存: 4.12 GB

[0-9秒 PDE求解详细性能]
  t=0s - 时间: 0.000000s | 显存: 0.00 B
  t=1s - 时间: 0.411740s | 显存: 0.00 B
  t=2s - 时间: 0.488191s | 显存: 0.00 B
  t=3s - 时间: 0.559887s | 显存: 0.00 B
  t=4s - 时间: 0.641491s | 显存: 0.00 B
  t=5s - 时间: 0.708539s | 显存: 0.00 B
  t=6s - 时间: 0.799381s | 显存: 0.00 B
  t=7s - 时间: 0.875439s | 显存: 0.00 B
  t=8s - 时间: 0.960154s | 显存: 0.00 B
  t=9s - 时间: 1.030425s | 显存: 0.00 B

[19秒 PDE求解]
  t=19.0s - 时间: 1.821344s | 显存: 0.00 B

[PDE求解部分] 总时间: 1.821624s | 显存: 0.00 B

[本步骤总计] 时间: 8.318218s | 显存: 4.12 GB
orginal_loss:  tensor(65697.1875, device='cuda:0', grad_fn=<MseLossBackward0>)
[Step 20] Backward Propagation - Time: 20.5290s, Mem: -4416135168.00 B
x_adv.requires_grad:  True
pred_19.requires_grad, true_19.requires_grad:  True True
Autograd grad max:  tensor(64.0302, device='cuda:0')
Autograd grad min:  tensor(-66.2760, device='cuda:0')
Autograd grad mean:  tensor(1.0733, device='cuda:0')
[Step 20] PGD Update - Time: 0.0013s, Mem: 0.00 B

[Step 20] 完整步骤总时间: 28.853362s | 总显存: 0.00 B
[Step 20] 峰值显存: 6.22 GB

[Step 21] ============ 详细性能分析 ============
[模型部分] 总时间: 6.424898s | 显存: 4.12 GB

[0-9秒 PDE求解详细性能]
  t=0s - 时间: 0.000000s | 显存: 0.00 B
  t=1s - 时间: 0.407821s | 显存: 0.00 B
  t=2s - 时间: 0.480764s | 显存: 0.00 B
  t=3s - 时间: 0.550615s | 显存: 0.00 B
  t=4s - 时间: 0.641438s | 显存: 0.00 B
  t=5s - 时间: 0.721287s | 显存: 0.00 B
  t=6s - 时间: 0.797439s | 显存: 0.00 B
  t=7s - 时间: 0.855792s | 显存: 0.00 B
  t=8s - 时间: 0.941463s | 显存: 0.00 B
  t=9s - 时间: 1.007303s | 显存: 0.00 B

[19秒 PDE求解]
  t=19.0s - 时间: 1.784884s | 显存: 0.00 B

[PDE求解部分] 总时间: 1.785206s | 显存: 0.00 B

[本步骤总计] 时间: 8.210104s | 显存: 4.12 GB
orginal_loss:  tensor(64907.5859, device='cuda:0', grad_fn=<MseLossBackward0>)
[Step 21] Backward Propagation - Time: 20.3121s, Mem: -4416135168.00 B
x_adv.requires_grad:  True
pred_19.requires_grad, true_19.requires_grad:  True True
Autograd grad max:  tensor(62.4126, device='cuda:0')
Autograd grad min:  tensor(-62.9101, device='cuda:0')
Autograd grad mean:  tensor(1.0102, device='cuda:0')
[Step 21] PGD Update - Time: 0.0014s, Mem: 0.00 B

[Step 21] 完整步骤总时间: 28.528743s | 总显存: 0.00 B
[Step 21] 峰值显存: 6.22 GB

[Step 22] ============ 详细性能分析 ============
[模型部分] 总时间: 6.305950s | 显存: 4.12 GB

[0-9秒 PDE求解详细性能]
  t=0s - 时间: 0.000000s | 显存: 0.00 B
  t=1s - 时间: 0.407607s | 显存: 0.00 B
  t=2s - 时间: 0.447622s | 显存: 0.00 B
  t=3s - 时间: 0.521763s | 显存: 0.00 B
  t=4s - 时间: 0.616673s | 显存: 0.00 B
  t=5s - 时间: 0.693528s | 显存: 0.00 B
  t=6s - 时间: 0.769360s | 显存: 0.00 B
  t=7s - 时间: 0.856552s | 显存: 0.00 B
  t=8s - 时间: 0.951971s | 显存: 0.00 B
  t=9s - 时间: 1.019722s | 显存: 0.00 B

[19秒 PDE求解]
  t=19.0s - 时间: 1.787558s | 显存: 0.00 B

[PDE求解部分] 总时间: 1.787862s | 显存: 0.00 B

[本步骤总计] 时间: 8.093812s | 显存: 4.12 GB
orginal_loss:  tensor(71947.3906, device='cuda:0', grad_fn=<MseLossBackward0>)
[Step 22] Backward Propagation - Time: 21.7517s, Mem: -4416135168.00 B
x_adv.requires_grad:  True
pred_19.requires_grad, true_19.requires_grad:  True True
Autograd grad max:  tensor(60.4857, device='cuda:0')
Autograd grad min:  tensor(-61.0841, device='cuda:0')
Autograd grad mean:  tensor(1.0773, device='cuda:0')
[Step 22] PGD Update - Time: 0.0013s, Mem: 0.00 B

[Step 22] 完整步骤总时间: 29.851354s | 总显存: 0.00 B
[Step 22] 峰值显存: 6.22 GB

[Step 23] ============ 详细性能分析 ============
[模型部分] 总时间: 6.298015s | 显存: 4.12 GB

[0-9秒 PDE求解详细性能]
  t=0s - 时间: 0.000000s | 显存: 0.00 B
  t=1s - 时间: 0.379102s | 显存: 0.00 B
  t=2s - 时间: 0.459331s | 显存: 0.00 B
  t=3s - 时间: 0.533177s | 显存: 0.00 B
  t=4s - 时间: 0.623026s | 显存: 0.00 B
  t=5s - 时间: 0.695712s | 显存: 0.00 B
  t=6s - 时间: 0.787472s | 显存: 0.00 B
  t=7s - 时间: 0.849018s | 显存: 0.00 B
  t=8s - 时间: 0.934777s | 显存: 0.00 B
  t=9s - 时间: 1.015200s | 显存: 0.00 B

[19秒 PDE求解]
  t=19.0s - 时间: 1.802991s | 显存: 0.00 B

[PDE求解部分] 总时间: 1.803281s | 显存: 0.00 B

[本步骤总计] 时间: 8.101296s | 显存: 4.12 GB
orginal_loss:  tensor(70375.2031, device='cuda:0', grad_fn=<MseLossBackward0>)
[Step 23] Backward Propagation - Time: 20.3135s, Mem: -4416135168.00 B
x_adv.requires_grad:  True
pred_19.requires_grad, true_19.requires_grad:  True True
Autograd grad max:  tensor(70.1260, device='cuda:0')
Autograd grad min:  tensor(-73.4815, device='cuda:0')
Autograd grad mean:  tensor(1.0458, device='cuda:0')
[Step 23] PGD Update - Time: 0.0013s, Mem: 0.00 B

[Step 23] 完整步骤总时间: 28.420607s | 总显存: 0.00 B
[Step 23] 峰值显存: 6.22 GB

[Step 24] ============ 详细性能分析 ============
[模型部分] 总时间: 6.470290s | 显存: 4.12 GB

[0-9秒 PDE求解详细性能]
  t=0s - 时间: 0.000000s | 显存: 0.00 B
  t=1s - 时间: 0.415550s | 显存: 0.00 B
  t=2s - 时间: 0.480420s | 显存: 0.00 B
  t=3s - 时间: 0.563672s | 显存: 0.00 B
  t=4s - 时间: 0.652817s | 显存: 0.00 B
  t=5s - 时间: 0.738307s | 显存: 0.00 B
  t=6s - 时间: 0.782271s | 显存: 0.00 B
  t=7s - 时间: 0.854596s | 显存: 0.00 B
  t=8s - 时间: 0.947198s | 显存: 0.00 B
  t=9s - 时间: 1.014456s | 显存: 0.00 B

[19秒 PDE求解]
  t=19.0s - 时间: 1.835121s | 显存: 0.00 B

[PDE求解部分] 总时间: 1.835409s | 显存: 0.00 B

[本步骤总计] 时间: 8.305699s | 显存: 4.12 GB
orginal_loss:  tensor(77345.7031, device='cuda:0', grad_fn=<MseLossBackward0>)
[Step 24] Backward Propagation - Time: 20.5395s, Mem: -4416135168.00 B
x_adv.requires_grad:  True
pred_19.requires_grad, true_19.requires_grad:  True True
Autograd grad max:  tensor(64.4161, device='cuda:0')
Autograd grad min:  tensor(-60.1011, device='cuda:0')
Autograd grad mean:  tensor(1.0363, device='cuda:0')
[Step 24] PGD Update - Time: 0.0013s, Mem: 0.00 B

[Step 24] 完整步骤总时间: 28.851120s | 总显存: 0.00 B
[Step 24] 峰值显存: 6.22 GB

[Step 25] ============ 详细性能分析 ============
[模型部分] 总时间: 6.445867s | 显存: 4.12 GB

[0-9秒 PDE求解详细性能]
  t=0s - 时间: 0.000000s | 显存: 0.00 B
  t=1s - 时间: 0.394704s | 显存: 0.00 B
  t=2s - 时间: 0.478002s | 显存: 0.00 B
  t=3s - 时间: 0.549241s | 显存: 0.00 B
  t=4s - 时间: 0.639945s | 显存: 0.00 B
  t=5s - 时间: 0.716344s | 显存: 0.00 B
  t=6s - 时间: 0.793124s | 显存: 0.00 B
  t=7s - 时间: 0.863194s | 显存: 0.00 B
  t=8s - 时间: 0.955780s | 显存: 0.00 B
  t=9s - 时间: 1.034241s | 显存: 0.00 B

[19秒 PDE求解]
  t=19.0s - 时间: 1.848135s | 显存: 0.00 B

[PDE求解部分] 总时间: 1.848440s | 显存: 0.00 B

[本步骤总计] 时间: 8.294307s | 显存: 4.12 GB
orginal_loss:  tensor(77128.7500, device='cuda:0', grad_fn=<MseLossBackward0>)
[Step 25] Backward Propagation - Time: 20.4049s, Mem: -4416135168.00 B
x_adv.requires_grad:  True
pred_19.requires_grad, true_19.requires_grad:  True True
Autograd grad max:  tensor(87.5008, device='cuda:0')
Autograd grad min:  tensor(-74.5718, device='cuda:0')
Autograd grad mean:  tensor(1.0980, device='cuda:0')
[Step 25] PGD Update - Time: 0.0013s, Mem: 0.00 B

[Step 25] 完整步骤总时间: 28.705644s | 总显存: 0.00 B
[Step 25] 峰值显存: 6.22 GB

[Step 26] ============ 详细性能分析 ============
[模型部分] 总时间: 6.289469s | 显存: 4.12 GB

[0-9秒 PDE求解详细性能]
  t=0s - 时间: 0.000000s | 显存: 0.00 B
  t=1s - 时间: 0.395824s | 显存: 0.00 B
  t=2s - 时间: 0.472393s | 显存: 0.00 B
  t=3s - 时间: 0.530715s | 显存: 0.00 B
  t=4s - 时间: 0.621859s | 显存: 0.00 B
  t=5s - 时间: 0.692852s | 显存: 0.00 B
  t=6s - 时间: 0.769695s | 显存: 0.00 B
  t=7s - 时间: 0.844462s | 显存: 0.00 B
  t=8s - 时间: 0.943113s | 显存: 0.00 B
  t=9s - 时间: 0.997568s | 显存: 0.00 B

[19秒 PDE求解]
  t=19.0s - 时间: 1.806422s | 显存: 0.00 B

[PDE求解部分] 总时间: 1.806728s | 显存: 0.00 B

[本步骤总计] 时间: 8.096196s | 显存: 4.12 GB
orginal_loss:  tensor(82858.3750, device='cuda:0', grad_fn=<MseLossBackward0>)
[Step 26] Backward Propagation - Time: 21.8800s, Mem: -4416135168.00 B
x_adv.requires_grad:  True
pred_19.requires_grad, true_19.requires_grad:  True True
Autograd grad max:  tensor(69.9249, device='cuda:0')
Autograd grad min:  tensor(-65.0883, device='cuda:0')
Autograd grad mean:  tensor(1.0199, device='cuda:0')
[Step 26] PGD Update - Time: 0.0012s, Mem: 0.00 B

[Step 26] 完整步骤总时间: 29.982063s | 总显存: 0.00 B
[Step 26] 峰值显存: 6.22 GB

[Step 27] ============ 详细性能分析 ============
[模型部分] 总时间: 6.299968s | 显存: 4.12 GB

[0-9秒 PDE求解详细性能]
  t=0s - 时间: 0.000000s | 显存: 0.00 B
  t=1s - 时间: 0.385524s | 显存: 0.00 B
  t=2s - 时间: 0.471888s | 显存: 0.00 B
  t=3s - 时间: 0.522052s | 显存: 0.00 B
  t=4s - 时间: 0.609701s | 显存: 0.00 B
  t=5s - 时间: 0.686767s | 显存: 0.00 B
  t=6s - 时间: 0.779693s | 显存: 0.00 B
  t=7s - 时间: 0.849693s | 显存: 0.00 B
  t=8s - 时间: 0.942865s | 显存: 0.00 B
  t=9s - 时间: 1.030496s | 显存: 0.00 B

[19秒 PDE求解]
  t=19.0s - 时间: 1.797993s | 显存: 0.00 B

[PDE求解部分] 总时间: 1.798303s | 显存: 0.00 B

[本步骤总计] 时间: 8.098271s | 显存: 4.12 GB
orginal_loss:  tensor(81573.2422, device='cuda:0', grad_fn=<MseLossBackward0>)
[Step 27] Backward Propagation - Time: 20.3979s, Mem: -4416135168.00 B
x_adv.requires_grad:  True
pred_19.requires_grad, true_19.requires_grad:  True True
Autograd grad max:  tensor(93.5966, device='cuda:0')
Autograd grad min:  tensor(-75.3199, device='cuda:0')
Autograd grad mean:  tensor(0.9576, device='cuda:0')
[Step 27] PGD Update - Time: 0.0013s, Mem: 0.00 B

[Step 27] 完整步骤总时间: 28.501952s | 总显存: 0.00 B
[Step 27] 峰值显存: 6.22 GB

[Step 28] ============ 详细性能分析 ============
[模型部分] 总时间: 6.373373s | 显存: 4.12 GB

[0-9秒 PDE求解详细性能]
  t=0s - 时间: 0.000000s | 显存: 0.00 B
  t=1s - 时间: 0.409817s | 显存: 0.00 B
  t=2s - 时间: 0.478525s | 显存: 0.00 B
  t=3s - 时间: 0.569003s | 显存: 0.00 B
  t=4s - 时间: 0.609660s | 显存: 0.00 B
  t=5s - 时间: 0.706202s | 显存: 0.00 B
  t=6s - 时间: 0.781756s | 显存: 0.00 B
  t=7s - 时间: 0.846937s | 显存: 0.00 B
  t=8s - 时间: 0.921802s | 显存: 0.00 B
  t=9s - 时间: 1.028357s | 显存: 0.00 B

[19秒 PDE求解]
  t=19.0s - 时间: 1.822665s | 显存: 0.00 B

[PDE求解部分] 总时间: 1.822996s | 显存: 0.00 B

[本步骤总计] 时间: 8.196369s | 显存: 4.12 GB
orginal_loss:  tensor(86084.3594, device='cuda:0', grad_fn=<MseLossBackward0>)
[Step 28] Backward Propagation - Time: 20.5195s, Mem: -4416135168.00 B
x_adv.requires_grad:  True
pred_19.requires_grad, true_19.requires_grad:  True True
Autograd grad max:  tensor(62.8874, device='cuda:0')
Autograd grad min:  tensor(-68.9993, device='cuda:0')
Autograd grad mean:  tensor(0.9154, device='cuda:0')
[Step 28] PGD Update - Time: 0.0014s, Mem: 0.00 B

[Step 28] 完整步骤总时间: 28.722045s | 总显存: 0.00 B
[Step 28] 峰值显存: 6.22 GB

[Step 29] ============ 详细性能分析 ============
[模型部分] 总时间: 6.450013s | 显存: 4.12 GB

[0-9秒 PDE求解详细性能]
  t=0s - 时间: 0.000000s | 显存: 0.00 B
  t=1s - 时间: 0.399689s | 显存: 0.00 B
  t=2s - 时间: 0.491820s | 显存: 0.00 B
  t=3s - 时间: 0.550072s | 显存: 0.00 B
  t=4s - 时间: 0.616654s | 显存: 0.00 B
  t=5s - 时间: 0.720965s | 显存: 0.00 B
  t=6s - 时间: 0.785596s | 显存: 0.00 B
  t=7s - 时间: 0.869257s | 显存: 0.00 B
  t=8s - 时间: 0.969619s | 显存: 0.00 B
  t=9s - 时间: 1.024977s | 显存: 0.00 B

[19秒 PDE求解]
  t=19.0s - 时间: 1.799653s | 显存: 0.00 B

[PDE求解部分] 总时间: 1.799945s | 显存: 0.00 B

[本步骤总计] 时间: 8.249958s | 显存: 4.12 GB
orginal_loss:  tensor(85186.6406, device='cuda:0', grad_fn=<MseLossBackward0>)
[Step 29] Backward Propagation - Time: 20.2002s, Mem: -4416135168.00 B
x_adv.requires_grad:  True
pred_19.requires_grad, true_19.requires_grad:  True True
Autograd grad max:  tensor(90.5626, device='cuda:0')
Autograd grad min:  tensor(-75.2474, device='cuda:0')
Autograd grad mean:  tensor(0.7724, device='cuda:0')
[Step 29] PGD Update - Time: 0.0013s, Mem: 0.00 B

[Step 29] 完整步骤总时间: 28.456372s | 总显存: 0.00 B
[Step 29] 峰值显存: 6.22 GB

[Step 30] ============ 详细性能分析 ============
[模型部分] 总时间: 6.304828s | 显存: 4.12 GB

[0-9秒 PDE求解详细性能]
  t=0s - 时间: 0.000000s | 显存: 0.00 B
  t=1s - 时间: 0.382576s | 显存: 0.00 B
  t=2s - 时间: 0.470531s | 显存: 0.00 B
  t=3s - 时间: 0.554545s | 显存: 0.00 B
  t=4s - 时间: 0.603365s | 显存: 0.00 B
  t=5s - 时间: 0.686900s | 显存: 0.00 B
  t=6s - 时间: 0.771376s | 显存: 0.00 B
  t=7s - 时间: 0.868622s | 显存: 0.00 B
  t=8s - 时间: 0.932049s | 显存: 0.00 B
  t=9s - 时间: 1.013874s | 显存: 0.00 B

[19秒 PDE求解]
  t=19.0s - 时间: 1.796127s | 显存: 0.00 B

[PDE求解部分] 总时间: 1.796428s | 显存: 0.00 B

[本步骤总计] 时间: 8.101256s | 显存: 4.12 GB
orginal_loss:  tensor(88977.0078, device='cuda:0', grad_fn=<MseLossBackward0>)
[Step 30] Backward Propagation - Time: 20.4266s, Mem: -4416135168.00 B
x_adv.requires_grad:  True
pred_19.requires_grad, true_19.requires_grad:  True True
Autograd grad max:  tensor(51.9727, device='cuda:0')
Autograd grad min:  tensor(-63.9461, device='cuda:0')
Autograd grad mean:  tensor(0.8144, device='cuda:0')
[Step 30] PGD Update - Time: 0.0011s, Mem: 0.00 B

[Step 30] 完整步骤总时间: 28.533560s | 总显存: 0.00 B
[Step 30] 峰值显存: 6.22 GB

[Step 31] ============ 详细性能分析 ============
[模型部分] 总时间: 6.583061s | 显存: 4.12 GB

[0-9秒 PDE求解详细性能]
  t=0s - 时间: 0.000000s | 显存: 0.00 B
  t=1s - 时间: 0.384311s | 显存: 0.00 B
  t=2s - 时间: 0.457059s | 显存: 0.00 B
  t=3s - 时间: 0.542654s | 显存: 0.00 B
  t=4s - 时间: 0.622049s | 显存: 0.00 B
  t=5s - 时间: 0.734012s | 显存: 0.00 B
  t=6s - 时间: 0.782721s | 显存: 0.00 B
  t=7s - 时间: 1.098005s | 显存: 0.00 B
  t=8s - 时间: 0.937216s | 显存: 0.00 B
  t=9s - 时间: 1.003786s | 显存: 0.00 B

[19秒 PDE求解]
  t=19.0s - 时间: 1.787457s | 显存: 0.00 B

[PDE求解部分] 总时间: 1.787780s | 显存: 0.00 B

[本步骤总计] 时间: 8.370841s | 显存: 4.12 GB
orginal_loss:  tensor(89450.0312, device='cuda:0', grad_fn=<MseLossBackward0>)
[Step 31] Backward Propagation - Time: 21.8027s, Mem: -4416135168.00 B
x_adv.requires_grad:  True
pred_19.requires_grad, true_19.requires_grad:  True True
Autograd grad max:  tensor(87.0267, device='cuda:0')
Autograd grad min:  tensor(-66.1101, device='cuda:0')
Autograd grad mean:  tensor(0.6537, device='cuda:0')
[Step 31] PGD Update - Time: 0.0013s, Mem: 0.00 B

[Step 31] 完整步骤总时间: 30.179374s | 总显存: 0.00 B
[Step 31] 峰值显存: 6.22 GB

[Step 32] ============ 详细性能分析 ============
[模型部分] 总时间: 6.296401s | 显存: 4.12 GB

[0-9秒 PDE求解详细性能]
  t=0s - 时间: 0.000000s | 显存: 0.00 B
  t=1s - 时间: 0.393558s | 显存: 0.00 B
  t=2s - 时间: 0.454414s | 显存: 0.00 B
  t=3s - 时间: 0.538928s | 显存: 0.00 B
  t=4s - 时间: 0.619333s | 显存: 0.00 B
  t=5s - 时间: 0.688828s | 显存: 0.00 B
  t=6s - 时间: 0.777438s | 显存: 0.00 B
  t=7s - 时间: 0.854873s | 显存: 0.00 B
  t=8s - 时间: 0.932034s | 显存: 0.00 B
  t=9s - 时间: 1.015970s | 显存: 0.00 B

[19秒 PDE求解]
  t=19.0s - 时间: 1.809537s | 显存: 0.00 B

[PDE求解部分] 总时间: 1.809862s | 显存: 0.00 B

[本步骤总计] 时间: 8.106263s | 显存: 4.12 GB
orginal_loss:  tensor(91858.9688, device='cuda:0', grad_fn=<MseLossBackward0>)
[Step 32] Backward Propagation - Time: 20.4351s, Mem: -4416135168.00 B
x_adv.requires_grad:  True
pred_19.requires_grad, true_19.requires_grad:  True True
Autograd grad max:  tensor(58.7632, device='cuda:0')
Autograd grad min:  tensor(-70.1729, device='cuda:0')
Autograd grad mean:  tensor(0.8017, device='cuda:0')
[Step 32] PGD Update - Time: 0.0014s, Mem: 0.00 B

[Step 32] 完整步骤总时间: 28.547384s | 总显存: 0.00 B
[Step 32] 峰值显存: 6.22 GB

[Step 33] ============ 详细性能分析 ============
[模型部分] 总时间: 6.644263s | 显存: 4.12 GB

[0-9秒 PDE求解详细性能]
  t=0s - 时间: 0.000000s | 显存: 0.00 B
  t=1s - 时间: 0.401480s | 显存: 0.00 B
  t=2s - 时间: 0.462051s | 显存: 0.00 B
  t=3s - 时间: 0.539049s | 显存: 0.00 B
  t=4s - 时间: 0.631337s | 显存: 0.00 B
  t=5s - 时间: 0.718903s | 显存: 0.00 B
  t=6s - 时间: 0.779391s | 显存: 0.00 B
  t=7s - 时间: 0.876748s | 显存: 0.00 B
  t=8s - 时间: 1.041262s | 显存: 0.00 B
  t=9s - 时间: 1.172590s | 显存: 0.00 B

[19秒 PDE求解]
  t=19.0s - 时间: 1.808826s | 显存: 0.00 B

[PDE求解部分] 总时间: 1.809135s | 显存: 0.00 B

[本步骤总计] 时间: 8.453398s | 显存: 4.12 GB
orginal_loss:  tensor(92565.9297, device='cuda:0', grad_fn=<MseLossBackward0>)
[Step 33] Backward Propagation - Time: 20.5921s, Mem: -4416135168.00 B
x_adv.requires_grad:  True
pred_19.requires_grad, true_19.requires_grad:  True True
Autograd grad max:  tensor(84.1040, device='cuda:0')
Autograd grad min:  tensor(-65.3718, device='cuda:0')
Autograd grad mean:  tensor(0.6451, device='cuda:0')
[Step 33] PGD Update - Time: 0.0013s, Mem: 0.00 B

[Step 33] 完整步骤总时间: 29.051732s | 总显存: 0.00 B
[Step 33] 峰值显存: 6.22 GB

[Step 34] ============ 详细性能分析 ============
[模型部分] 总时间: 6.393521s | 显存: 4.12 GB

[0-9秒 PDE求解详细性能]
  t=0s - 时间: 0.000000s | 显存: 0.00 B
  t=1s - 时间: 0.405012s | 显存: 0.00 B
  t=2s - 时间: 0.462257s | 显存: 0.00 B
  t=3s - 时间: 0.565469s | 显存: 0.00 B
  t=4s - 时间: 0.619920s | 显存: 0.00 B
  t=5s - 时间: 0.691776s | 显存: 0.00 B
  t=6s - 时间: 0.796594s | 显存: 0.00 B
  t=7s - 时间: 0.863992s | 显存: 0.00 B
  t=8s - 时间: 0.949372s | 显存: 0.00 B
  t=9s - 时间: 1.018113s | 显存: 0.00 B

[19秒 PDE求解]
  t=19.0s - 时间: 1.897006s | 显存: 0.00 B

[PDE求解部分] 总时间: 1.897392s | 显存: 0.00 B

[本步骤总计] 时间: 8.290913s | 显存: 4.12 GB
orginal_loss:  tensor(94400.2109, device='cuda:0', grad_fn=<MseLossBackward0>)
[Step 34] Backward Propagation - Time: 20.3595s, Mem: -4416135168.00 B
x_adv.requires_grad:  True
pred_19.requires_grad, true_19.requires_grad:  True True
Autograd grad max:  tensor(62.9721, device='cuda:0')
Autograd grad min:  tensor(-74.9245, device='cuda:0')
Autograd grad mean:  tensor(0.7772, device='cuda:0')
[Step 34] PGD Update - Time: 0.0013s, Mem: 0.00 B

[Step 34] 完整步骤总时间: 28.656219s | 总显存: 0.00 B
[Step 34] 峰值显存: 6.22 GB

[Step 35] ============ 详细性能分析 ============
[模型部分] 总时间: 6.253815s | 显存: 4.12 GB

[0-9秒 PDE求解详细性能]
  t=0s - 时间: 0.000000s | 显存: 0.00 B
  t=1s - 时间: 0.375177s | 显存: 0.00 B
  t=2s - 时间: 0.457718s | 显存: 0.00 B
  t=3s - 时间: 0.515959s | 显存: 0.00 B
  t=4s - 时间: 0.616319s | 显存: 0.00 B
  t=5s - 时间: 0.692343s | 显存: 0.00 B
  t=6s - 时间: 0.767520s | 显存: 0.00 B
  t=7s - 时间: 0.879654s | 显存: 0.00 B
  t=8s - 时间: 0.940984s | 显存: 0.00 B
  t=9s - 时间: 0.986925s | 显存: 0.00 B

[19秒 PDE求解]
  t=19.0s - 时间: 1.804463s | 显存: 0.00 B

[PDE求解部分] 总时间: 1.804776s | 显存: 0.00 B

[本步骤总计] 时间: 8.058591s | 显存: 4.12 GB
orginal_loss:  tensor(95256.3203, device='cuda:0', grad_fn=<MseLossBackward0>)
[Step 35] Backward Propagation - Time: 20.9665s, Mem: -4416135168.00 B
x_adv.requires_grad:  True
pred_19.requires_grad, true_19.requires_grad:  True True
Autograd grad max:  tensor(80.0647, device='cuda:0')
Autograd grad min:  tensor(-63.7570, device='cuda:0')
Autograd grad mean:  tensor(0.6281, device='cuda:0')
[Step 35] PGD Update - Time: 0.0012s, Mem: 0.00 B

[Step 35] 完整步骤总时间: 29.031442s | 总显存: 0.00 B
[Step 35] 峰值显存: 6.22 GB

[Step 36] ============ 详细性能分析 ============
[模型部分] 总时间: 6.571641s | 显存: 4.12 GB

[0-9秒 PDE求解详细性能]
  t=0s - 时间: 0.000000s | 显存: 0.00 B
  t=1s - 时间: 0.413389s | 显存: 0.00 B
  t=2s - 时间: 0.484867s | 显存: 0.00 B
  t=3s - 时间: 0.564929s | 显存: 0.00 B
  t=4s - 时间: 0.650062s | 显存: 0.00 B
  t=5s - 时间: 0.751625s | 显存: 0.00 B
  t=6s - 时间: 0.810964s | 显存: 0.00 B
  t=7s - 时间: 0.882667s | 显存: 0.00 B
  t=8s - 时间: 0.961360s | 显存: 0.00 B
  t=9s - 时间: 1.030829s | 显存: 0.00 B

[19秒 PDE求解]
  t=19.0s - 时间: 1.822487s | 显存: 0.00 B

[PDE求解部分] 总时间: 1.822790s | 显存: 0.00 B

[本步骤总计] 时间: 8.394431s | 显存: 4.12 GB
orginal_loss:  tensor(96870.8906, device='cuda:0', grad_fn=<MseLossBackward0>)
[Step 36] Backward Propagation - Time: 22.2497s, Mem: -4416135168.00 B
x_adv.requires_grad:  True
pred_19.requires_grad, true_19.requires_grad:  True True
Autograd grad max:  tensor(58.2842, device='cuda:0')
Autograd grad min:  tensor(-69.9335, device='cuda:0')
Autograd grad mean:  tensor(0.7203, device='cuda:0')
[Step 36] PGD Update - Time: 0.0013s, Mem: 0.00 B

[Step 36] 完整步骤总时间: 30.650180s | 总显存: 0.00 B
[Step 36] 峰值显存: 6.22 GB

[Step 37] ============ 详细性能分析 ============
[模型部分] 总时间: 7.928658s | 显存: 4.12 GB

[0-9秒 PDE求解详细性能]
  t=0s - 时间: 0.000000s | 显存: 0.00 B
  t=1s - 时间: 0.418733s | 显存: 0.00 B
  t=2s - 时间: 0.481831s | 显存: 0.00 B
  t=3s - 时间: 0.568498s | 显存: 0.00 B
  t=4s - 时间: 0.645625s | 显存: 0.00 B
  t=5s - 时间: 0.691013s | 显存: 0.00 B
  t=6s - 时间: 0.781234s | 显存: 0.00 B
  t=7s - 时间: 0.852366s | 显存: 0.00 B
  t=8s - 时间: 0.947637s | 显存: 0.00 B
  t=9s - 时间: 1.029771s | 显存: 0.00 B

[19秒 PDE求解]
  t=19.0s - 时间: 1.874966s | 显存: 0.00 B

[PDE求解部分] 总时间: 1.875245s | 显存: 0.00 B

[本步骤总计] 时间: 9.803903s | 显存: 4.12 GB
orginal_loss:  tensor(97889.2266, device='cuda:0', grad_fn=<MseLossBackward0>)
[Step 37] Backward Propagation - Time: 20.7404s, Mem: -4416135168.00 B
x_adv.requires_grad:  True
pred_19.requires_grad, true_19.requires_grad:  True True
Autograd grad max:  tensor(77.5381, device='cuda:0')
Autograd grad min:  tensor(-62.9964, device='cuda:0')
Autograd grad mean:  tensor(0.5827, device='cuda:0')
[Step 37] PGD Update - Time: 0.0013s, Mem: 0.00 B

[Step 37] 完整步骤总时间: 30.550557s | 总显存: 0.00 B
[Step 37] 峰值显存: 6.22 GB

[Step 38] ============ 详细性能分析 ============
[模型部分] 总时间: 6.512987s | 显存: 4.12 GB

[0-9秒 PDE求解详细性能]
  t=0s - 时间: 0.000000s | 显存: 0.00 B
  t=1s - 时间: 0.414993s | 显存: 0.00 B
  t=2s - 时间: 0.478752s | 显存: 0.00 B
  t=3s - 时间: 0.557903s | 显存: 0.00 B
  t=4s - 时间: 0.635040s | 显存: 0.00 B
  t=5s - 时间: 0.711824s | 显存: 0.00 B
  t=6s - 时间: 0.815045s | 显存: 0.00 B
  t=7s - 时间: 0.884703s | 显存: 0.00 B
  t=8s - 时间: 0.955120s | 显存: 0.00 B
  t=9s - 时间: 1.038424s | 显存: 0.00 B

[19秒 PDE求解]
  t=19.0s - 时间: 1.855143s | 显存: 0.00 B

[PDE求解部分] 总时间: 1.855447s | 显存: 0.00 B

[本步骤总计] 时间: 8.368434s | 显存: 4.12 GB
orginal_loss:  tensor(99202.8516, device='cuda:0', grad_fn=<MseLossBackward0>)
[Step 38] Backward Propagation - Time: 20.5077s, Mem: -4416135168.00 B
x_adv.requires_grad:  True
pred_19.requires_grad, true_19.requires_grad:  True True
Autograd grad max:  tensor(56.6908, device='cuda:0')
Autograd grad min:  tensor(-69.5109, device='cuda:0')
Autograd grad mean:  tensor(0.6885, device='cuda:0')
[Step 38] PGD Update - Time: 0.0013s, Mem: 0.00 B

[Step 38] 完整步骤总时间: 28.882572s | 总显存: 0.00 B
[Step 38] 峰值显存: 6.22 GB

[Step 39] ============ 详细性能分析 ============
[模型部分] 总时间: 6.344507s | 显存: 4.12 GB

[0-9秒 PDE求解详细性能]
  t=0s - 时间: 0.000000s | 显存: 0.00 B
  t=1s - 时间: 0.389779s | 显存: 0.00 B
  t=2s - 时间: 0.467792s | 显存: 0.00 B
  t=3s - 时间: 0.534946s | 显存: 0.00 B
  t=4s - 时间: 0.609509s | 显存: 0.00 B
  t=5s - 时间: 0.682332s | 显存: 0.00 B
  t=6s - 时间: 0.801985s | 显存: 0.00 B
  t=7s - 时间: 0.864977s | 显存: 0.00 B
  t=8s - 时间: 0.954180s | 显存: 0.00 B
  t=9s - 时间: 1.018082s | 显存: 0.00 B

[19秒 PDE求解]
  t=19.0s - 时间: 1.800072s | 显存: 0.00 B

[PDE求解部分] 总时间: 1.800514s | 显存: 0.00 B

[本步骤总计] 时间: 8.145021s | 显存: 4.12 GB
orginal_loss:  tensor(100416.5156, device='cuda:0', grad_fn=<MseLossBackward0>)
[Step 39] Backward Propagation - Time: 20.3837s, Mem: -4416135168.00 B
x_adv.requires_grad:  True
pred_19.requires_grad, true_19.requires_grad:  True True
Autograd grad max:  tensor(77.6745, device='cuda:0')
Autograd grad min:  tensor(-63.3590, device='cuda:0')
Autograd grad mean:  tensor(0.5514, device='cuda:0')
[Step 39] PGD Update - Time: 0.0013s, Mem: 0.00 B

[Step 39] 完整步骤总时间: 28.534933s | 总显存: 0.00 B
[Step 39] 峰值显存: 6.22 GB

[Step 40] ============ 详细性能分析 ============
[模型部分] 总时间: 6.410073s | 显存: 4.12 GB

[0-9秒 PDE求解详细性能]
  t=0s - 时间: 0.000000s | 显存: 0.00 B
  t=1s - 时间: 0.428223s | 显存: 0.00 B
  t=2s - 时间: 0.494168s | 显存: 0.00 B
  t=3s - 时间: 0.561476s | 显存: 0.00 B
  t=4s - 时间: 0.611141s | 显存: 0.00 B
  t=5s - 时间: 0.702906s | 显存: 0.00 B
  t=6s - 时间: 0.780716s | 显存: 0.00 B
  t=7s - 时间: 0.853871s | 显存: 0.00 B
  t=8s - 时间: 0.926676s | 显存: 0.00 B
  t=9s - 时间: 1.029628s | 显存: 0.00 B

[19秒 PDE求解]
  t=19.0s - 时间: 1.776653s | 显存: 0.00 B

[PDE求解部分] 总时间: 1.776945s | 显存: 0.00 B

[本步骤总计] 时间: 8.187018s | 显存: 4.12 GB
orginal_loss:  tensor(101436.4062, device='cuda:0', grad_fn=<MseLossBackward0>)
[Step 40] Backward Propagation - Time: 20.4430s, Mem: -4416135168.00 B
x_adv.requires_grad:  True
pred_19.requires_grad, true_19.requires_grad:  True True
Autograd grad max:  tensor(62.1116, device='cuda:0')
Autograd grad min:  tensor(-77.8394, device='cuda:0')
Autograd grad mean:  tensor(0.7032, device='cuda:0')
[Step 40] PGD Update - Time: 0.0013s, Mem: 0.00 B

[Step 40] 完整步骤总时间: 28.636441s | 总显存: 0.00 B
[Step 40] 峰值显存: 6.22 GB

[Step 41] ============ 详细性能分析 ============
[模型部分] 总时间: 6.403855s | 显存: 4.12 GB

[0-9秒 PDE求解详细性能]
  t=0s - 时间: 0.000000s | 显存: 0.00 B
  t=1s - 时间: 0.394842s | 显存: 0.00 B
  t=2s - 时间: 0.466753s | 显存: 0.00 B
  t=3s - 时间: 0.554722s | 显存: 0.00 B
  t=4s - 时间: 0.609464s | 显存: 0.00 B
  t=5s - 时间: 0.703024s | 显存: 0.00 B
  t=6s - 时间: 0.783825s | 显存: 0.00 B
  t=7s - 时间: 0.913924s | 显存: 0.00 B
  t=8s - 时间: 0.942182s | 显存: 0.00 B
  t=9s - 时间: 1.013858s | 显存: 0.00 B

[19秒 PDE求解]
  t=19.0s - 时间: 1.814524s | 显存: 0.00 B

[PDE求解部分] 总时间: 1.814826s | 显存: 0.00 B

[本步骤总计] 时间: 8.218681s | 显存: 4.12 GB
orginal_loss:  tensor(102602.9062, device='cuda:0', grad_fn=<MseLossBackward0>)
[Step 41] Backward Propagation - Time: 22.4716s, Mem: -4416135168.00 B
x_adv.requires_grad:  True
pred_19.requires_grad, true_19.requires_grad:  True True
Autograd grad max:  tensor(78.4436, device='cuda:0')
Autograd grad min:  tensor(-63.7701, device='cuda:0')
Autograd grad mean:  tensor(0.5395, device='cuda:0')
[Step 41] PGD Update - Time: 0.0014s, Mem: 0.00 B

[Step 41] 完整步骤总时间: 30.696162s | 总显存: 0.00 B
[Step 41] 峰值显存: 6.22 GB

[Step 42] ============ 详细性能分析 ============
[模型部分] 总时间: 6.623873s | 显存: 4.12 GB

[0-9秒 PDE求解详细性能]
  t=0s - 时间: 0.000000s | 显存: 0.00 B
  t=1s - 时间: 0.387600s | 显存: 0.00 B
  t=2s - 时间: 0.470244s | 显存: 0.00 B
  t=3s - 时间: 0.746668s | 显存: 0.00 B
  t=4s - 时间: 0.620282s | 显存: 0.00 B
  t=5s - 时间: 0.713624s | 显存: 0.00 B
  t=6s - 时间: 0.807829s | 显存: 0.00 B
  t=7s - 时间: 0.868606s | 显存: 0.00 B
  t=8s - 时间: 0.929173s | 显存: 0.00 B
  t=9s - 时间: 1.058719s | 显存: 0.00 B

[19秒 PDE求解]
  t=19.0s - 时间: 1.801499s | 显存: 0.00 B

[PDE求解部分] 总时间: 1.801836s | 显存: 0.00 B

[本步骤总计] 时间: 8.425709s | 显存: 4.12 GB
orginal_loss:  tensor(103619.0469, device='cuda:0', grad_fn=<MseLossBackward0>)
[Step 42] Backward Propagation - Time: 20.5293s, Mem: -4416135168.00 B
x_adv.requires_grad:  True
pred_19.requires_grad, true_19.requires_grad:  True True
Autograd grad max:  tensor(66.5314, device='cuda:0')
Autograd grad min:  tensor(-82.9931, device='cuda:0')
Autograd grad mean:  tensor(0.7091, device='cuda:0')
[Step 42] PGD Update - Time: 0.0012s, Mem: 0.00 B

[Step 42] 完整步骤总时间: 28.960942s | 总显存: 0.00 B
[Step 42] 峰值显存: 6.22 GB

[Step 43] ============ 详细性能分析 ============
[模型部分] 总时间: 6.405992s | 显存: 4.12 GB

[0-9秒 PDE求解详细性能]
  t=0s - 时间: 0.000000s | 显存: 0.00 B
  t=1s - 时间: 0.382179s | 显存: 0.00 B
  t=2s - 时间: 0.463288s | 显存: 0.00 B
  t=3s - 时间: 0.542700s | 显存: 0.00 B
  t=4s - 时间: 0.637734s | 显存: 0.00 B
  t=5s - 时间: 0.718576s | 显存: 0.00 B
  t=6s - 时间: 0.814987s | 显存: 0.00 B
  t=7s - 时间: 0.870007s | 显存: 0.00 B
  t=8s - 时间: 0.949071s | 显存: 0.00 B
  t=9s - 时间: 1.006007s | 显存: 0.00 B

[19秒 PDE求解]
  t=19.0s - 时间: 1.777528s | 显存: 0.00 B

[PDE求解部分] 总时间: 1.777862s | 显存: 0.00 B

[本步骤总计] 时间: 8.183853s | 显存: 4.12 GB
orginal_loss:  tensor(104597.3906, device='cuda:0', grad_fn=<MseLossBackward0>)
[Step 43] Backward Propagation - Time: 20.4026s, Mem: -4416135168.00 B
x_adv.requires_grad:  True
pred_19.requires_grad, true_19.requires_grad:  True True
Autograd grad max:  tensor(79.8620, device='cuda:0')
Autograd grad min:  tensor(-66.6913, device='cuda:0')
Autograd grad mean:  tensor(0.5361, device='cuda:0')
[Step 43] PGD Update - Time: 0.0013s, Mem: 0.00 B

[Step 43] 完整步骤总时间: 28.593412s | 总显存: 0.00 B
[Step 43] 峰值显存: 6.22 GB

[Step 44] ============ 详细性能分析 ============
[模型部分] 总时间: 6.348297s | 显存: 4.12 GB

[0-9秒 PDE求解详细性能]
  t=0s - 时间: 0.000000s | 显存: 0.00 B
  t=1s - 时间: 0.372041s | 显存: 0.00 B
  t=2s - 时间: 0.455116s | 显存: 0.00 B
  t=3s - 时间: 0.556129s | 显存: 0.00 B
  t=4s - 时间: 0.637694s | 显存: 0.00 B
  t=5s - 时间: 0.727973s | 显存: 0.00 B
  t=6s - 时间: 0.792353s | 显存: 0.00 B
  t=7s - 时间: 0.863990s | 显存: 0.00 B
  t=8s - 时间: 0.919459s | 显存: 0.00 B
  t=9s - 时间: 1.002570s | 显存: 0.00 B

[19秒 PDE求解]
  t=19.0s - 时间: 1.777422s | 显存: 0.00 B

[PDE求解部分] 总时间: 1.777755s | 显存: 0.00 B

[本步骤总计] 时间: 8.126052s | 显存: 4.12 GB
orginal_loss:  tensor(105761.3047, device='cuda:0', grad_fn=<MseLossBackward0>)
[Step 44] Backward Propagation - Time: 20.3728s, Mem: -4416135168.00 B
x_adv.requires_grad:  True
pred_19.requires_grad, true_19.requires_grad:  True True
Autograd grad max:  tensor(69.3418, device='cuda:0')
Autograd grad min:  tensor(-84.1541, device='cuda:0')
Autograd grad mean:  tensor(0.7118, device='cuda:0')
[Step 44] PGD Update - Time: 0.0014s, Mem: 0.00 B

[Step 44] 完整步骤总时间: 28.505478s | 总显存: 0.00 B
[Step 44] 峰值显存: 6.22 GB

[Step 45] ============ 详细性能分析 ============
[模型部分] 总时间: 6.277064s | 显存: 4.12 GB

[0-9秒 PDE求解详细性能]
  t=0s - 时间: 0.000000s | 显存: 0.00 B
  t=1s - 时间: 0.394506s | 显存: 0.00 B
  t=2s - 时间: 0.463164s | 显存: 0.00 B
  t=3s - 时间: 0.531501s | 显存: 0.00 B
  t=4s - 时间: 0.613243s | 显存: 0.00 B
  t=5s - 时间: 0.693653s | 显存: 0.00 B
  t=6s - 时间: 0.777824s | 显存: 0.00 B
  t=7s - 时间: 0.852220s | 显存: 0.00 B
  t=8s - 时间: 0.920503s | 显存: 0.00 B
  t=9s - 时间: 1.009065s | 显存: 0.00 B

[19秒 PDE求解]
  t=19.0s - 时间: 1.782478s | 显存: 0.00 B

[PDE求解部分] 总时间: 1.782800s | 显存: 0.00 B

[本步骤总计] 时间: 8.059864s | 显存: 4.12 GB
orginal_loss:  tensor(106574.3203, device='cuda:0', grad_fn=<MseLossBackward0>)
[Step 45] Backward Propagation - Time: 20.4800s, Mem: -4416135168.00 B
x_adv.requires_grad:  True
pred_19.requires_grad, true_19.requires_grad:  True True
Autograd grad max:  tensor(86.4720, device='cuda:0')
Autograd grad min:  tensor(-72.0358, device='cuda:0')
Autograd grad mean:  tensor(0.5450, device='cuda:0')
[Step 45] PGD Update - Time: 0.0012s, Mem: 0.00 B

[Step 45] 完整步骤总时间: 28.545639s | 总显存: 0.00 B
[Step 45] 峰值显存: 6.22 GB

[Step 46] ============ 详细性能分析 ============
[模型部分] 总时间: 6.369376s | 显存: 4.12 GB

[0-9秒 PDE求解详细性能]
  t=0s - 时间: 0.000000s | 显存: 0.00 B
  t=1s - 时间: 0.378450s | 显存: 0.00 B
  t=2s - 时间: 0.458337s | 显存: 0.00 B
  t=3s - 时间: 0.548016s | 显存: 0.00 B
  t=4s - 时间: 0.616852s | 显存: 0.00 B
  t=5s - 时间: 0.701593s | 显存: 0.00 B
  t=6s - 时间: 0.800812s | 显存: 0.00 B
  t=7s - 时间: 0.865685s | 显存: 0.00 B
  t=8s - 时间: 0.954314s | 显存: 0.00 B
  t=9s - 时间: 1.023895s | 显存: 0.00 B

[19秒 PDE求解]
  t=19.0s - 时间: 1.808124s | 显存: 0.00 B

[PDE求解部分] 总时间: 1.808435s | 显存: 0.00 B

[本步骤总计] 时间: 8.177811s | 显存: 4.12 GB
orginal_loss:  tensor(107940.1562, device='cuda:0', grad_fn=<MseLossBackward0>)
[Step 46] Backward Propagation - Time: 20.3426s, Mem: -4416135168.00 B
x_adv.requires_grad:  True
pred_19.requires_grad, true_19.requires_grad:  True True
Autograd grad max:  tensor(71.6124, device='cuda:0')
Autograd grad min:  tensor(-85.0754, device='cuda:0')
Autograd grad mean:  tensor(0.7288, device='cuda:0')
[Step 46] PGD Update - Time: 0.0014s, Mem: 0.00 B

[Step 46] 完整步骤总时间: 28.526782s | 总显存: 0.00 B
[Step 46] 峰值显存: 6.22 GB

[Step 47] ============ 详细性能分析 ============
[模型部分] 总时间: 6.412497s | 显存: 4.12 GB

[0-9秒 PDE求解详细性能]
  t=0s - 时间: 0.000000s | 显存: 0.00 B
  t=1s - 时间: 0.391775s | 显存: 0.00 B
  t=2s - 时间: 0.487291s | 显存: 0.00 B
  t=3s - 时间: 0.569252s | 显存: 0.00 B
  t=4s - 时间: 0.616570s | 显存: 0.00 B
  t=5s - 时间: 0.691857s | 显存: 0.00 B
  t=6s - 时间: 0.785315s | 显存: 0.00 B
  t=7s - 时间: 0.887580s | 显存: 0.00 B
  t=8s - 时间: 0.926726s | 显存: 0.00 B
  t=9s - 时间: 1.035181s | 显存: 0.00 B

[19秒 PDE求解]
  t=19.0s - 时间: 1.782914s | 显存: 0.00 B

[PDE求解部分] 总时间: 1.783317s | 显存: 0.00 B

[本步骤总计] 时间: 8.195814s | 显存: 4.12 GB
orginal_loss:  tensor(108695.4688, device='cuda:0', grad_fn=<MseLossBackward0>)
[Step 47] Backward Propagation - Time: 22.7758s, Mem: -4416135168.00 B
x_adv.requires_grad:  True
pred_19.requires_grad, true_19.requires_grad:  True True
Autograd grad max:  tensor(95.2018, device='cuda:0')
Autograd grad min:  tensor(-77.7671, device='cuda:0')
Autograd grad mean:  tensor(0.5587, device='cuda:0')
[Step 47] PGD Update - Time: 0.0013s, Mem: 0.00 B

[Step 47] 完整步骤总时间: 30.977688s | 总显存: 0.00 B
[Step 47] 峰值显存: 6.22 GB

[Step 48] ============ 详细性能分析 ============
[模型部分] 总时间: 6.406188s | 显存: 4.12 GB

[0-9秒 PDE求解详细性能]
  t=0s - 时间: 0.000000s | 显存: 0.00 B
  t=1s - 时间: 0.378010s | 显存: 0.00 B
  t=2s - 时间: 0.458814s | 显存: 0.00 B
  t=3s - 时间: 0.546873s | 显存: 0.00 B
  t=4s - 时间: 0.633988s | 显存: 0.00 B
  t=5s - 时间: 0.715871s | 显存: 0.00 B
  t=6s - 时间: 0.807386s | 显存: 0.00 B
  t=7s - 时间: 0.874309s | 显存: 0.00 B
  t=8s - 时间: 0.970073s | 显存: 0.00 B
  t=9s - 时间: 0.999693s | 显存: 0.00 B

[19秒 PDE求解]
  t=19.0s - 时间: 1.782787s | 显存: 0.00 B

[PDE求解部分] 总时间: 1.783109s | 显存: 0.00 B

[本步骤总计] 时间: 8.189297s | 显存: 4.12 GB
orginal_loss:  tensor(110219.6562, device='cuda:0', grad_fn=<MseLossBackward0>)
[Step 48] Backward Propagation - Time: 20.2545s, Mem: -4416135168.00 B
x_adv.requires_grad:  True
pred_19.requires_grad, true_19.requires_grad:  True True
Autograd grad max:  tensor(72.7331, device='cuda:0')
Autograd grad min:  tensor(-84.9705, device='cuda:0')
Autograd grad mean:  tensor(0.7379, device='cuda:0')
[Step 48] PGD Update - Time: 0.0013s, Mem: 0.00 B

[Step 48] 完整步骤总时间: 28.449626s | 总显存: 0.00 B
[Step 48] 峰值显存: 6.22 GB

[Step 49] ============ 详细性能分析 ============
[模型部分] 总时间: 6.586822s | 显存: 4.12 GB

[0-9秒 PDE求解详细性能]
  t=0s - 时间: 0.000000s | 显存: 0.00 B
  t=1s - 时间: 0.499196s | 显存: 0.00 B
  t=2s - 时间: 0.489738s | 显存: 0.00 B
  t=3s - 时间: 0.536794s | 显存: 0.00 B
  t=4s - 时间: 0.671374s | 显存: 0.00 B
  t=5s - 时间: 0.713537s | 显存: 0.00 B
  t=6s - 时间: 0.785327s | 显存: 0.00 B
  t=7s - 时间: 0.873876s | 显存: 0.00 B
  t=8s - 时间: 0.957007s | 显存: 0.00 B
  t=9s - 时间: 1.038535s | 显存: 0.00 B

[19秒 PDE求解]
  t=19.0s - 时间: 1.803084s | 显存: 0.00 B

[PDE求解部分] 总时间: 1.803472s | 显存: 0.00 B

[本步骤总计] 时间: 8.390295s | 显存: 4.12 GB
orginal_loss:  tensor(110955.6406, device='cuda:0', grad_fn=<MseLossBackward0>)
[Step 49] Backward Propagation - Time: 20.5459s, Mem: -4416135168.00 B
x_adv.requires_grad:  True
pred_19.requires_grad, true_19.requires_grad:  True True
Autograd grad max:  tensor(99.1042, device='cuda:0')
Autograd grad min:  tensor(-80.1471, device='cuda:0')
Autograd grad mean:  tensor(0.5607, device='cuda:0')
[Step 49] PGD Update - Time: 0.0013s, Mem: 0.00 B

[Step 49] 完整步骤总时间: 28.942407s | 总显存: 0.00 B
[Step 49] 峰值显存: 6.22 GB

[Step 50] ============ 详细性能分析 ============
[模型部分] 总时间: 6.286819s | 显存: 4.12 GB

[0-9秒 PDE求解详细性能]
  t=0s - 时间: 0.000000s | 显存: 0.00 B
  t=1s - 时间: 0.399253s | 显存: 0.00 B
  t=2s - 时间: 0.452344s | 显存: 0.00 B
  t=3s - 时间: 0.559123s | 显存: 0.00 B
  t=4s - 时间: 0.605430s | 显存: 0.00 B
  t=5s - 时间: 0.691268s | 显存: 0.00 B
  t=6s - 时间: 0.768669s | 显存: 0.00 B
  t=7s - 时间: 0.831793s | 显存: 0.00 B
  t=8s - 时间: 0.940952s | 显存: 0.00 B
  t=9s - 时间: 1.016735s | 显存: 0.00 B

[19秒 PDE求解]
  t=19.0s - 时间: 1.813021s | 显存: 0.00 B

[PDE求解部分] 总时间: 1.813309s | 显存: 0.00 B

[本步骤总计] 时间: 8.100128s | 显存: 4.12 GB
orginal_loss:  tensor(112509.0781, device='cuda:0', grad_fn=<MseLossBackward0>)
[Step 50] Backward Propagation - Time: 20.1523s, Mem: -4416135168.00 B
x_adv.requires_grad:  True
pred_19.requires_grad, true_19.requires_grad:  True True
Autograd grad max:  tensor(71.5467, device='cuda:0')
Autograd grad min:  tensor(-83.9620, device='cuda:0')
Autograd grad mean:  tensor(0.7404, device='cuda:0')
[Step 50] PGD Update - Time: 0.0013s, Mem: 0.00 B

[Step 50] 完整步骤总时间: 28.258543s | 总显存: 0.00 B
[Step 50] 峰值显存: 6.22 GB

[Step 51] ============ 详细性能分析 ============
[模型部分] 总时间: 6.431380s | 显存: 4.12 GB

[0-9秒 PDE求解详细性能]
  t=0s - 时间: 0.000000s | 显存: 0.00 B
  t=1s - 时间: 0.386763s | 显存: 0.00 B
  t=2s - 时间: 0.472137s | 显存: 0.00 B
  t=3s - 时间: 0.550782s | 显存: 0.00 B
  t=4s - 时间: 0.607281s | 显存: 0.00 B
  t=5s - 时间: 0.735363s | 显存: 0.00 B
  t=6s - 时间: 0.803176s | 显存: 0.00 B
  t=7s - 时间: 0.849830s | 显存: 0.00 B
  t=8s - 时间: 0.964818s | 显存: 0.00 B
  t=9s - 时间: 1.040013s | 显存: 0.00 B

[19秒 PDE求解]
  t=19.0s - 时间: 1.818631s | 显存: 0.00 B

[PDE求解部分] 总时间: 1.818937s | 显存: 0.00 B

[本步骤总计] 时间: 8.250317s | 显存: 4.12 GB
orginal_loss:  tensor(113276.6953, device='cuda:0', grad_fn=<MseLossBackward0>)
[Step 51] Backward Propagation - Time: 20.7394s, Mem: -4416135168.00 B
x_adv.requires_grad:  True
pred_19.requires_grad, true_19.requires_grad:  True True
Autograd grad max:  tensor(99.9388, device='cuda:0')
Autograd grad min:  tensor(-80.2510, device='cuda:0')
Autograd grad mean:  tensor(0.5511, device='cuda:0')
[Step 51] PGD Update - Time: 0.0013s, Mem: 0.00 B

[Step 51] 完整步骤总时间: 28.995661s | 总显存: 0.00 B
[Step 51] 峰值显存: 6.22 GB

[Step 52] ============ 详细性能分析 ============
[模型部分] 总时间: 6.427174s | 显存: 4.12 GB

[0-9秒 PDE求解详细性能]
  t=0s - 时间: 0.000000s | 显存: 0.00 B
  t=1s - 时间: 0.403430s | 显存: 0.00 B
  t=2s - 时间: 0.471248s | 显存: 0.00 B
  t=3s - 时间: 0.569155s | 显存: 0.00 B
  t=4s - 时间: 0.645450s | 显存: 0.00 B
  t=5s - 时间: 0.714583s | 显存: 0.00 B
  t=6s - 时间: 0.801850s | 显存: 0.00 B
  t=7s - 时间: 0.873335s | 显存: 0.00 B
  t=8s - 时间: 0.911106s | 显存: 0.00 B
  t=9s - 时间: 1.015920s | 显存: 0.00 B

[19秒 PDE求解]
  t=19.0s - 时间: 1.777453s | 显存: 0.00 B

[PDE求解部分] 总时间: 1.777830s | 显存: 0.00 B

[本步骤总计] 时间: 8.205005s | 显存: 4.12 GB
orginal_loss:  tensor(114778.1406, device='cuda:0', grad_fn=<MseLossBackward0>)
[Step 52] Backward Propagation - Time: 20.4935s, Mem: -4416135168.00 B
x_adv.requires_grad:  True
pred_19.requires_grad, true_19.requires_grad:  True True
Autograd grad max:  tensor(69.7989, device='cuda:0')
Autograd grad min:  tensor(-83.7107, device='cuda:0')
Autograd grad mean:  tensor(0.7510, device='cuda:0')
[Step 52] PGD Update - Time: 0.0012s, Mem: 0.00 B

[Step 52] 完整步骤总时间: 28.704300s | 总显存: 0.00 B
[Step 52] 峰值显存: 6.22 GB

[Step 53] ============ 详细性能分析 ============
[模型部分] 总时间: 6.505339s | 显存: 4.12 GB

[0-9秒 PDE求解详细性能]
  t=0s - 时间: 0.000000s | 显存: 0.00 B
  t=1s - 时间: 0.411866s | 显存: 0.00 B
  t=2s - 时间: 0.496151s | 显存: 0.00 B
  t=3s - 时间: 0.564726s | 显存: 0.00 B
  t=4s - 时间: 0.643320s | 显存: 0.00 B
  t=5s - 时间: 0.723735s | 显存: 0.00 B
  t=6s - 时间: 0.778283s | 显存: 0.00 B
  t=7s - 时间: 0.868571s | 显存: 0.00 B
  t=8s - 时间: 0.976148s | 显存: 0.00 B
  t=9s - 时间: 1.021169s | 显存: 0.00 B

[19秒 PDE求解]
  t=19.0s - 时间: 1.841886s | 显存: 0.00 B

[PDE求解部分] 总时间: 1.842221s | 显存: 0.00 B

[本步骤总计] 时间: 8.347560s | 显存: 4.12 GB
orginal_loss:  tensor(115713.6094, device='cuda:0', grad_fn=<MseLossBackward0>)
[Step 53] Backward Propagation - Time: 22.7342s, Mem: -4416135168.00 B
x_adv.requires_grad:  True
pred_19.requires_grad, true_19.requires_grad:  True True
Autograd grad max:  tensor(100.0452, device='cuda:0')
Autograd grad min:  tensor(-79.7631, device='cuda:0')
Autograd grad mean:  tensor(0.5370, device='cuda:0')
[Step 53] PGD Update - Time: 0.0013s, Mem: 0.00 B

[Step 53] 完整步骤总时间: 31.087530s | 总显存: 0.00 B
[Step 53] 峰值显存: 6.22 GB

[Step 54] ============ 详细性能分析 ============
[模型部分] 总时间: 6.360229s | 显存: 4.12 GB

[0-9秒 PDE求解详细性能]
  t=0s - 时间: 0.000000s | 显存: 0.00 B
  t=1s - 时间: 0.386060s | 显存: 0.00 B
  t=2s - 时间: 0.469254s | 显存: 0.00 B
  t=3s - 时间: 0.550732s | 显存: 0.00 B
  t=4s - 时间: 0.635051s | 显存: 0.00 B
  t=5s - 时间: 0.697264s | 显存: 0.00 B
  t=6s - 时间: 0.777141s | 显存: 0.00 B
  t=7s - 时间: 0.848532s | 显存: 0.00 B
  t=8s - 时间: 0.955424s | 显存: 0.00 B
  t=9s - 时间: 1.019666s | 显存: 0.00 B

[19秒 PDE求解]
  t=19.0s - 时间: 1.785610s | 显存: 0.00 B

[PDE求解部分] 总时间: 1.785921s | 显存: 0.00 B

[本步骤总计] 时间: 8.146150s | 显存: 4.12 GB
orginal_loss:  tensor(117122.3281, device='cuda:0', grad_fn=<MseLossBackward0>)
[Step 54] Backward Propagation - Time: 20.5881s, Mem: -4416135168.00 B
x_adv.requires_grad:  True
pred_19.requires_grad, true_19.requires_grad:  True True
Autograd grad max:  tensor(68.6190, device='cuda:0')
Autograd grad min:  tensor(-84.3352, device='cuda:0')
Autograd grad mean:  tensor(0.7665, device='cuda:0')
[Step 54] PGD Update - Time: 0.0013s, Mem: 0.00 B

[Step 54] 完整步骤总时间: 28.740348s | 总显存: 0.00 B
[Step 54] 峰值显存: 6.22 GB

[Step 55] ============ 详细性能分析 ============
[模型部分] 总时间: 6.358969s | 显存: 4.12 GB

[0-9秒 PDE求解详细性能]
  t=0s - 时间: 0.000000s | 显存: 0.00 B
  t=1s - 时间: 0.394462s | 显存: 0.00 B
  t=2s - 时间: 0.469805s | 显存: 0.00 B
  t=3s - 时间: 0.545698s | 显存: 0.00 B
  t=4s - 时间: 0.611193s | 显存: 0.00 B
  t=5s - 时间: 0.707888s | 显存: 0.00 B
  t=6s - 时间: 0.807181s | 显存: 0.00 B
  t=7s - 时间: 0.858467s | 显存: 0.00 B
  t=8s - 时间: 0.933964s | 显存: 0.00 B
  t=9s - 时间: 1.009045s | 显存: 0.00 B

[19秒 PDE求解]
  t=19.0s - 时间: 1.848271s | 显存: 0.00 B

[PDE求解部分] 总时间: 1.848582s | 显存: 0.00 B

[本步骤总计] 时间: 8.207551s | 显存: 4.12 GB
orginal_loss:  tensor(118341.9531, device='cuda:0', grad_fn=<MseLossBackward0>)
[Step 55] Backward Propagation - Time: 20.6175s, Mem: -4416135168.00 B
x_adv.requires_grad:  True
pred_19.requires_grad, true_19.requires_grad:  True True
Autograd grad max:  tensor(97.8548, device='cuda:0')
Autograd grad min:  tensor(-76.8504, device='cuda:0')
Autograd grad mean:  tensor(0.5235, device='cuda:0')
[Step 55] PGD Update - Time: 0.0013s, Mem: 0.00 B

[Step 55] 完整步骤总时间: 28.830563s | 总显存: 0.00 B
[Step 55] 峰值显存: 6.22 GB

[Step 56] ============ 详细性能分析 ============
[模型部分] 总时间: 6.429580s | 显存: 4.12 GB

[0-9秒 PDE求解详细性能]
  t=0s - 时间: 0.000000s | 显存: 0.00 B
  t=1s - 时间: 0.409576s | 显存: 0.00 B
  t=2s - 时间: 0.476956s | 显存: 0.00 B
  t=3s - 时间: 0.560028s | 显存: 0.00 B
  t=4s - 时间: 0.633867s | 显存: 0.00 B
  t=5s - 时间: 0.705356s | 显存: 0.00 B
  t=6s - 时间: 0.788428s | 显存: 0.00 B
  t=7s - 时间: 0.856745s | 显存: 0.00 B
  t=8s - 时间: 0.940097s | 显存: 0.00 B
  t=9s - 时间: 1.037416s | 显存: 0.00 B

[19秒 PDE求解]
  t=19.0s - 时间: 1.788019s | 显存: 0.00 B

[PDE求解部分] 总时间: 1.788350s | 显存: 0.00 B

[本步骤总计] 时间: 8.217930s | 显存: 4.12 GB
orginal_loss:  tensor(119673.7656, device='cuda:0', grad_fn=<MseLossBackward0>)
[Step 56] Backward Propagation - Time: 20.6059s, Mem: -4416135168.00 B
x_adv.requires_grad:  True
pred_19.requires_grad, true_19.requires_grad:  True True
Autograd grad max:  tensor(68.8935, device='cuda:0')
Autograd grad min:  tensor(-86.4621, device='cuda:0')
Autograd grad mean:  tensor(0.7729, device='cuda:0')
[Step 56] PGD Update - Time: 0.0013s, Mem: 0.00 B

[Step 56] 完整步骤总时间: 28.829589s | 总显存: 0.00 B
[Step 56] 峰值显存: 6.22 GB

[Step 57] ============ 详细性能分析 ============
[模型部分] 总时间: 6.408774s | 显存: 4.12 GB

[0-9秒 PDE求解详细性能]
  t=0s - 时间: 0.000000s | 显存: 0.00 B
  t=1s - 时间: 0.383759s | 显存: 0.00 B
  t=2s - 时间: 0.481732s | 显存: 0.00 B
  t=3s - 时间: 0.546853s | 显存: 0.00 B
  t=4s - 时间: 0.609793s | 显存: 0.00 B
  t=5s - 时间: 0.718826s | 显存: 0.00 B
  t=6s - 时间: 0.806490s | 显存: 0.00 B
  t=7s - 时间: 0.886924s | 显存: 0.00 B
  t=8s - 时间: 0.950219s | 显存: 0.00 B
  t=9s - 时间: 1.002815s | 显存: 0.00 B

[19秒 PDE求解]
  t=19.0s - 时间: 1.796233s | 显存: 0.00 B

[PDE求解部分] 总时间: 1.796559s | 显存: 0.00 B

[本步骤总计] 时间: 8.205333s | 显存: 4.12 GB
orginal_loss:  tensor(121020.0625, device='cuda:0', grad_fn=<MseLossBackward0>)
[Step 57] Backward Propagation - Time: 20.6421s, Mem: -4416135168.00 B
x_adv.requires_grad:  True
pred_19.requires_grad, true_19.requires_grad:  True True
Autograd grad max:  tensor(92.5301, device='cuda:0')
Autograd grad min:  tensor(-70.6020, device='cuda:0')
Autograd grad mean:  tensor(0.5212, device='cuda:0')
[Step 57] PGD Update - Time: 0.0013s, Mem: 0.00 B

[Step 57] 完整步骤总时间: 28.853297s | 总显存: 0.00 B
[Step 57] 峰值显存: 6.22 GB

[Step 58] ============ 详细性能分析 ============
[模型部分] 总时间: 6.599879s | 显存: 4.12 GB

[0-9秒 PDE求解详细性能]
  t=0s - 时间: 0.000000s | 显存: 0.00 B
  t=1s - 时间: 0.401116s | 显存: 0.00 B
  t=2s - 时间: 0.476230s | 显存: 0.00 B
  t=3s - 时间: 0.553930s | 显存: 0.00 B
  t=4s - 时间: 0.621335s | 显存: 0.00 B
  t=5s - 时间: 0.707990s | 显存: 0.00 B
  t=6s - 时间: 0.792650s | 显存: 0.00 B
  t=7s - 时间: 0.845434s | 显存: 0.00 B
  t=8s - 时间: 1.146391s | 显存: 0.00 B
  t=9s - 时间: 1.033670s | 显存: 0.00 B

[19秒 PDE求解]
  t=19.0s - 时间: 1.817328s | 显存: 0.00 B

[PDE求解部分] 总时间: 1.817689s | 显存: 0.00 B

[本步骤总计] 时间: 8.417569s | 显存: 4.12 GB
orginal_loss:  tensor(122390.0703, device='cuda:0', grad_fn=<MseLossBackward0>)
[Step 58] Backward Propagation - Time: 20.7085s, Mem: -4416135168.00 B
x_adv.requires_grad:  True
pred_19.requires_grad, true_19.requires_grad:  True True
Autograd grad max:  tensor(69.7747, device='cuda:0')
Autograd grad min:  tensor(-94.4279, device='cuda:0')
Autograd grad mean:  tensor(0.7381, device='cuda:0')
[Step 58] PGD Update - Time: 0.0008s, Mem: 0.00 B

[Step 58] 完整步骤总时间: 29.131534s | 总显存: 0.00 B
[Step 58] 峰值显存: 6.22 GB

[Step 59] ============ 详细性能分析 ============
[模型部分] 总时间: 6.422901s | 显存: 4.12 GB

[0-9秒 PDE求解详细性能]
  t=0s - 时间: 0.000000s | 显存: 0.00 B
  t=1s - 时间: 0.386651s | 显存: 0.00 B
  t=2s - 时间: 0.490477s | 显存: 0.00 B
  t=3s - 时间: 0.555647s | 显存: 0.00 B
  t=4s - 时间: 0.641027s | 显存: 0.00 B
  t=5s - 时间: 0.697782s | 显存: 0.00 B
  t=6s - 时间: 0.811356s | 显存: 0.00 B
  t=7s - 时间: 0.874986s | 显存: 0.00 B
  t=8s - 时间: 0.937566s | 显存: 0.00 B
  t=9s - 时间: 1.006071s | 显存: 0.00 B

[19秒 PDE求解]
  t=19.0s - 时间: 1.822905s | 显存: 0.00 B

[PDE求解部分] 总时间: 1.823216s | 显存: 0.00 B

[本步骤总计] 时间: 8.246117s | 显存: 4.12 GB
orginal_loss:  tensor(123414.5547, device='cuda:0', grad_fn=<MseLossBackward0>)
[Step 59] Backward Propagation - Time: 20.6702s, Mem: -4416135168.00 B
x_adv.requires_grad:  True
pred_19.requires_grad, true_19.requires_grad:  True True
Autograd grad max:  tensor(84.8862, device='cuda:0')
Autograd grad min:  tensor(-64.0562, device='cuda:0')
Autograd grad mean:  tensor(0.5393, device='cuda:0')
[Step 59] PGD Update - Time: 0.0012s, Mem: 0.00 B

[Step 59] 完整步骤总时间: 28.922051s | 总显存: 0.00 B
[Step 59] 峰值显存: 6.22 GB

[Step 60] ============ 详细性能分析 ============
[模型部分] 总时间: 6.427528s | 显存: 4.12 GB

[0-9秒 PDE求解详细性能]
  t=0s - 时间: 0.000000s | 显存: 0.00 B
  t=1s - 时间: 0.424009s | 显存: 0.00 B
  t=2s - 时间: 0.490601s | 显存: 0.00 B
  t=3s - 时间: 0.569115s | 显存: 0.00 B
  t=4s - 时间: 0.649153s | 显存: 0.00 B
  t=5s - 时间: 0.717922s | 显存: 0.00 B
  t=6s - 时间: 0.772494s | 显存: 0.00 B
  t=7s - 时间: 0.855004s | 显存: 0.00 B
  t=8s - 时间: 0.939046s | 显存: 0.00 B
  t=9s - 时间: 0.989040s | 显存: 0.00 B

[19秒 PDE求解]
  t=19.0s - 时间: 1.863733s | 显存: 0.00 B

[PDE求解部分] 总时间: 1.864066s | 显存: 0.00 B

[本步骤总计] 时间: 8.291594s | 显存: 4.12 GB
orginal_loss:  tensor(125113.3281, device='cuda:0', grad_fn=<MseLossBackward0>)
[Step 60] Backward Propagation - Time: 23.3095s, Mem: -4416135168.00 B
x_adv.requires_grad:  True
pred_19.requires_grad, true_19.requires_grad:  True True
Autograd grad max:  tensor(76.2276, device='cuda:0')
Autograd grad min:  tensor(-115.5231, device='cuda:0')
Autograd grad mean:  tensor(0.6339, device='cuda:0')
[Step 60] PGD Update - Time: 0.0013s, Mem: 0.00 B

[Step 60] 完整步骤总时间: 31.606913s | 总显存: 0.00 B
[Step 60] 峰值显存: 6.22 GB

[Step 61] ============ 详细性能分析 ============
[模型部分] 总时间: 6.395556s | 显存: 4.12 GB

[0-9秒 PDE求解详细性能]
  t=0s - 时间: 0.000000s | 显存: 0.00 B
  t=1s - 时间: 0.373035s | 显存: 0.00 B
  t=2s - 时间: 0.450524s | 显存: 0.00 B
  t=3s - 时间: 0.536618s | 显存: 0.00 B
  t=4s - 时间: 0.635307s | 显存: 0.00 B
  t=5s - 时间: 0.710505s | 显存: 0.00 B
  t=6s - 时间: 0.801623s | 显存: 0.00 B
  t=7s - 时间: 0.880351s | 显存: 0.00 B
  t=8s - 时间: 0.965188s | 显存: 0.00 B
  t=9s - 时间: 1.021099s | 显存: 0.00 B

[19秒 PDE求解]
  t=19.0s - 时间: 1.810399s | 显存: 0.00 B

[PDE求解部分] 总时间: 1.810712s | 显存: 0.00 B

[本步骤总计] 时间: 8.206268s | 显存: 4.12 GB
orginal_loss:  tensor(125394.7734, device='cuda:0', grad_fn=<MseLossBackward0>)
[Step 61] Backward Propagation - Time: 20.5246s, Mem: -4416135168.00 B
x_adv.requires_grad:  True
pred_19.requires_grad, true_19.requires_grad:  True True
Autograd grad max:  tensor(72.7383, device='cuda:0')
Autograd grad min:  tensor(-65.4715, device='cuda:0')
Autograd grad mean:  tensor(0.5664, device='cuda:0')
[Step 61] PGD Update - Time: 0.0013s, Mem: 0.00 B

[Step 61] 完整步骤总时间: 28.736880s | 总显存: 0.00 B
[Step 61] 峰值显存: 6.22 GB

[Step 62] ============ 详细性能分析 ============
[模型部分] 总时间: 6.337371s | 显存: 4.12 GB

[0-9秒 PDE求解详细性能]
  t=0s - 时间: 0.000000s | 显存: 0.00 B
  t=1s - 时间: 0.377067s | 显存: 0.00 B
  t=2s - 时间: 0.455576s | 显存: 0.00 B
  t=3s - 时间: 0.529293s | 显存: 0.00 B
  t=4s - 时间: 0.640595s | 显存: 0.00 B
  t=5s - 时间: 0.714922s | 显存: 0.00 B
  t=6s - 时间: 0.786401s | 显存: 0.00 B
  t=7s - 时间: 0.884105s | 显存: 0.00 B
  t=8s - 时间: 0.920852s | 显存: 0.00 B
  t=9s - 时间: 1.007162s | 显存: 0.00 B

[19秒 PDE求解]
  t=19.0s - 时间: 1.792789s | 显存: 0.00 B

[PDE求解部分] 总时间: 1.793120s | 显存: 0.00 B

[本步骤总计] 时间: 8.130491s | 显存: 4.12 GB
orginal_loss:  tensor(128260.5156, device='cuda:0', grad_fn=<MseLossBackward0>)
[Step 62] Backward Propagation - Time: 20.6812s, Mem: -4416135168.00 B
x_adv.requires_grad:  True
pred_19.requires_grad, true_19.requires_grad:  True True
Autograd grad max:  tensor(83.9865, device='cuda:0')
Autograd grad min:  tensor(-122.2229, device='cuda:0')
Autograd grad mean:  tensor(0.5547, device='cuda:0')
[Step 62] PGD Update - Time: 0.0015s, Mem: 0.00 B

[Step 62] 完整步骤总时间: 28.818019s | 总显存: 0.00 B
[Step 62] 峰值显存: 6.22 GB

[Step 63] ============ 详细性能分析 ============
[模型部分] 总时间: 6.609533s | 显存: 4.12 GB

[0-9秒 PDE求解详细性能]
  t=0s - 时间: 0.000000s | 显存: 0.00 B
  t=1s - 时间: 0.421613s | 显存: 0.00 B
  t=2s - 时间: 0.498023s | 显存: 0.00 B
  t=3s - 时间: 0.569826s | 显存: 0.00 B
  t=4s - 时间: 0.647781s | 显存: 0.00 B
  t=5s - 时间: 0.726248s | 显存: 0.00 B
  t=6s - 时间: 0.807777s | 显存: 0.00 B
  t=7s - 时间: 0.898704s | 显存: 0.00 B
  t=8s - 时间: 0.989770s | 显存: 0.00 B
  t=9s - 时间: 1.028574s | 显存: 0.00 B

[19秒 PDE求解]
  t=19.0s - 时间: 1.813200s | 显存: 0.00 B

[PDE求解部分] 总时间: 1.813548s | 显存: 0.00 B

[本步骤总计] 时间: 8.423081s | 显存: 4.12 GB
orginal_loss:  tensor(127482.4531, device='cuda:0', grad_fn=<MseLossBackward0>)
[Step 63] Backward Propagation - Time: 20.5017s, Mem: -4416135168.00 B
x_adv.requires_grad:  True
pred_19.requires_grad, true_19.requires_grad:  True True
Autograd grad max:  tensor(72.8251, device='cuda:0')
Autograd grad min:  tensor(-64.5317, device='cuda:0')
Autograd grad mean:  tensor(0.5872, device='cuda:0')
[Step 63] PGD Update - Time: 0.0013s, Mem: 0.00 B

[Step 63] 完整步骤总时间: 28.931007s | 总显存: 0.00 B
[Step 63] 峰值显存: 6.22 GB

[Step 64] ============ 详细性能分析 ============
[模型部分] 总时间: 6.724180s | 显存: 4.12 GB

[0-9秒 PDE求解详细性能]
  t=0s - 时间: 0.000000s | 显存: 0.00 B
  t=1s - 时间: 0.437159s | 显存: 0.00 B
  t=2s - 时间: 0.777600s | 显存: 0.00 B
  t=3s - 时间: 0.544849s | 显存: 0.00 B
  t=4s - 时间: 0.627766s | 显存: 0.00 B
  t=5s - 时间: 0.683663s | 显存: 0.00 B
  t=6s - 时间: 0.772383s | 显存: 0.00 B
  t=7s - 时间: 0.866715s | 显存: 0.00 B
  t=8s - 时间: 0.956015s | 显存: 0.00 B
  t=9s - 时间: 1.036574s | 显存: 0.00 B

[19秒 PDE求解]
  t=19.0s - 时间: 1.840579s | 显存: 0.00 B

[PDE求解部分] 总时间: 1.840902s | 显存: 0.00 B

[本步骤总计] 时间: 8.565082s | 显存: 4.12 GB
orginal_loss:  tensor(131329.4062, device='cuda:0', grad_fn=<MseLossBackward0>)
[Step 64] Backward Propagation - Time: 20.5385s, Mem: -4416135168.00 B
x_adv.requires_grad:  True
pred_19.requires_grad, true_19.requires_grad:  True True
Autograd grad max:  tensor(79.3749, device='cuda:0')
Autograd grad min:  tensor(-112.7888, device='cuda:0')
Autograd grad mean:  tensor(0.5368, device='cuda:0')
[Step 64] PGD Update - Time: 0.0013s, Mem: 0.00 B

[Step 64] 完整步骤总时间: 29.109764s | 总显存: 0.00 B
[Step 64] 峰值显存: 6.22 GB

[Step 65] ============ 详细性能分析 ============
[模型部分] 总时间: 6.501520s | 显存: 4.12 GB

[0-9秒 PDE求解详细性能]
  t=0s - 时间: 0.000000s | 显存: 0.00 B
  t=1s - 时间: 0.417590s | 显存: 0.00 B
  t=2s - 时间: 0.487909s | 显存: 0.00 B
  t=3s - 时间: 0.575315s | 显存: 0.00 B
  t=4s - 时间: 0.636477s | 显存: 0.00 B
  t=5s - 时间: 0.731599s | 显存: 0.00 B
  t=6s - 时间: 0.799534s | 显存: 0.00 B
  t=7s - 时间: 0.890502s | 显存: 0.00 B
  t=8s - 时间: 0.938868s | 显存: 0.00 B
  t=9s - 时间: 1.002481s | 显存: 0.00 B

[19秒 PDE求解]
  t=19.0s - 时间: 1.819826s | 显存: 0.00 B

[PDE求解部分] 总时间: 1.820206s | 显存: 0.00 B

[本步骤总计] 时间: 8.321727s | 显存: 4.12 GB
orginal_loss:  tensor(129740.2344, device='cuda:0', grad_fn=<MseLossBackward0>)
[Step 65] Backward Propagation - Time: 20.5630s, Mem: -4416135168.00 B
x_adv.requires_grad:  True
pred_19.requires_grad, true_19.requires_grad:  True True
Autograd grad max:  tensor(78.4940, device='cuda:0')
Autograd grad min:  tensor(-63.8528, device='cuda:0')
Autograd grad mean:  tensor(0.6017, device='cuda:0')
[Step 65] PGD Update - Time: 0.0011s, Mem: 0.00 B

[Step 65] 完整步骤总时间: 28.890421s | 总显存: 0.00 B
[Step 65] 峰值显存: 6.22 GB

[Step 66] ============ 详细性能分析 ============
[模型部分] 总时间: 6.439192s | 显存: 4.12 GB

[0-9秒 PDE求解详细性能]
  t=0s - 时间: 0.000000s | 显存: 0.00 B
  t=1s - 时间: 0.403223s | 显存: 0.00 B
  t=2s - 时间: 0.447160s | 显存: 0.00 B
  t=3s - 时间: 0.544050s | 显存: 0.00 B
  t=4s - 时间: 0.633678s | 显存: 0.00 B
  t=5s - 时间: 0.790208s | 显存: 0.00 B
  t=6s - 时间: 0.826728s | 显存: 0.00 B
  t=7s - 时间: 0.855275s | 显存: 0.00 B
  t=8s - 时间: 0.919219s | 显存: 0.00 B
  t=9s - 时间: 0.998326s | 显存: 0.00 B

[19秒 PDE求解]
  t=19.0s - 时间: 1.792798s | 显存: 0.00 B

[PDE求解部分] 总时间: 1.793133s | 显存: 0.00 B

[本步骤总计] 时间: 8.232324s | 显存: 4.12 GB
orginal_loss:  tensor(134446., device='cuda:0', grad_fn=<MseLossBackward0>)
[Step 66] Backward Propagation - Time: 20.4533s, Mem: -4416135168.00 B
x_adv.requires_grad:  True
pred_19.requires_grad, true_19.requires_grad:  True True
Autograd grad max:  tensor(78.5219, device='cuda:0')
Autograd grad min:  tensor(-109.1202, device='cuda:0')
Autograd grad mean:  tensor(0.5419, device='cuda:0')
[Step 66] PGD Update - Time: 0.0013s, Mem: 0.00 B

[Step 66] 完整步骤总时间: 28.692085s | 总显存: 0.00 B
[Step 66] 峰值显存: 6.22 GB

[Step 67] ============ 详细性能分析 ============
[模型部分] 总时间: 6.573036s | 显存: 4.12 GB

[0-9秒 PDE求解详细性能]
  t=0s - 时间: 0.000000s | 显存: 0.00 B
  t=1s - 时间: 0.460093s | 显存: 0.00 B
  t=2s - 时间: 0.496891s | 显存: 0.00 B
  t=3s - 时间: 0.577421s | 显存: 0.00 B
  t=4s - 时间: 0.642367s | 显存: 0.00 B
  t=5s - 时间: 0.694251s | 显存: 0.00 B
  t=6s - 时间: 0.791699s | 显存: 0.00 B
  t=7s - 时间: 0.884955s | 显存: 0.00 B
  t=8s - 时间: 0.964671s | 显存: 0.00 B
  t=9s - 时间: 1.039324s | 显存: 0.00 B

[19秒 PDE求解]
  t=19.0s - 时间: 1.824618s | 显存: 0.00 B

[PDE求解部分] 总时间: 1.824960s | 显存: 0.00 B

[本步骤总计] 时间: 8.397996s | 显存: 4.12 GB
orginal_loss:  tensor(132191.8750, device='cuda:0', grad_fn=<MseLossBackward0>)
[Step 67] Backward Propagation - Time: 24.0269s, Mem: -4416135168.00 B
x_adv.requires_grad:  True
pred_19.requires_grad, true_19.requires_grad:  True True
Autograd grad max:  tensor(86.4744, device='cuda:0')
Autograd grad min:  tensor(-64.3149, device='cuda:0')
Autograd grad mean:  tensor(0.6229, device='cuda:0')
[Step 67] PGD Update - Time: 0.0013s, Mem: 0.00 B

[Step 67] 完整步骤总时间: 32.430657s | 总显存: 0.00 B
[Step 67] 峰值显存: 6.22 GB

[Step 68] ============ 详细性能分析 ============
[模型部分] 总时间: 6.656935s | 显存: 4.12 GB

[0-9秒 PDE求解详细性能]
  t=0s - 时间: 0.000000s | 显存: 0.00 B
  t=1s - 时间: 0.394659s | 显存: 0.00 B
  t=2s - 时间: 0.483076s | 显存: 0.00 B
  t=3s - 时间: 0.604638s | 显存: 0.00 B
  t=4s - 时间: 0.724390s | 显存: 0.00 B
  t=5s - 时间: 0.738051s | 显存: 0.00 B
  t=6s - 时间: 0.806369s | 显存: 0.00 B
  t=7s - 时间: 0.883723s | 显存: 0.00 B
  t=8s - 时间: 0.960654s | 显存: 0.00 B
  t=9s - 时间: 1.040165s | 显存: 0.00 B

[19秒 PDE求解]
  t=19.0s - 时间: 1.810629s | 显存: 0.00 B

[PDE求解部分] 总时间: 1.810954s | 显存: 0.00 B

[本步骤总计] 时间: 8.467889s | 显存: 4.12 GB
orginal_loss:  tensor(137701.6562, device='cuda:0', grad_fn=<MseLossBackward0>)
[Step 68] Backward Propagation - Time: 20.8455s, Mem: -4416135168.00 B
x_adv.requires_grad:  True
pred_19.requires_grad, true_19.requires_grad:  True True
Autograd grad max:  tensor(81.1442, device='cuda:0')
Autograd grad min:  tensor(-117.1465, device='cuda:0')
Autograd grad mean:  tensor(0.5897, device='cuda:0')
[Step 68] PGD Update - Time: 0.0014s, Mem: 0.00 B

[Step 68] 完整步骤总时间: 29.319322s | 总显存: 0.00 B
[Step 68] 峰值显存: 6.22 GB

[Step 69] ============ 详细性能分析 ============
[模型部分] 总时间: 6.539900s | 显存: 4.12 GB

[0-9秒 PDE求解详细性能]
  t=0s - 时间: 0.000000s | 显存: 0.00 B
  t=1s - 时间: 0.424755s | 显存: 0.00 B
  t=2s - 时间: 0.488112s | 显存: 0.00 B
  t=3s - 时间: 0.546330s | 显存: 0.00 B
  t=4s - 时间: 0.644320s | 显存: 0.00 B
  t=5s - 时间: 0.711456s | 显存: 0.00 B
  t=6s - 时间: 0.812767s | 显存: 0.00 B
  t=7s - 时间: 0.884975s | 显存: 0.00 B
  t=8s - 时间: 0.960944s | 显存: 0.00 B
  t=9s - 时间: 1.044845s | 显存: 0.00 B

[19秒 PDE求解]
  t=19.0s - 时间: 1.829476s | 显存: 0.00 B

[PDE求解部分] 总时间: 1.829828s | 显存: 0.00 B

[本步骤总计] 时间: 8.369728s | 显存: 4.12 GB
orginal_loss:  tensor(134663.6406, device='cuda:0', grad_fn=<MseLossBackward0>)
[Step 69] Backward Propagation - Time: 22.7505s, Mem: -4416135168.00 B
x_adv.requires_grad:  True
pred_19.requires_grad, true_19.requires_grad:  True True
Autograd grad max:  tensor(95.9086, device='cuda:0')
Autograd grad min:  tensor(-76.8415, device='cuda:0')
Autograd grad mean:  tensor(0.6530, device='cuda:0')
[Step 69] PGD Update - Time: 0.1997s, Mem: 0.00 B

[Step 69] 完整步骤总时间: 33.628930s | 总显存: 0.00 B
[Step 69] 峰值显存: 6.22 GB

[Step 70] ============ 详细性能分析 ============
[模型部分] 总时间: 7.628793s | 显存: 4.12 GB

[0-9秒 PDE求解详细性能]
  t=0s - 时间: 0.000000s | 显存: 0.00 B
  t=1s - 时间: 0.467810s | 显存: 0.00 B
  t=2s - 时间: 0.474032s | 显存: 0.00 B
  t=3s - 时间: 0.547581s | 显存: 0.00 B
  t=4s - 时间: 0.641699s | 显存: 0.00 B
  t=5s - 时间: 0.702195s | 显存: 0.00 B
  t=6s - 时间: 0.785835s | 显存: 0.00 B
  t=7s - 时间: 0.872246s | 显存: 0.00 B
  t=8s - 时间: 0.957958s | 显存: 0.00 B
  t=9s - 时间: 1.025697s | 显存: 0.00 B

[19秒 PDE求解]
  t=19.0s - 时间: 1.829450s | 显存: 0.00 B

[PDE求解部分] 总时间: 1.829790s | 显存: 0.00 B

[本步骤总计] 时间: 9.458583s | 显存: 4.12 GB
orginal_loss:  tensor(140756.2500, device='cuda:0', grad_fn=<MseLossBackward0>)
[Step 70] Backward Propagation - Time: 20.8580s, Mem: -4416135168.00 B
x_adv.requires_grad:  True
pred_19.requires_grad, true_19.requires_grad:  True True
Autograd grad max:  tensor(99.6168, device='cuda:0')
Autograd grad min:  tensor(-133.8864, device='cuda:0')
Autograd grad mean:  tensor(0.6794, device='cuda:0')
[Step 70] PGD Update - Time: 0.0013s, Mem: 0.00 B

[Step 70] 完整步骤总时间: 30.555215s | 总显存: 0.00 B
[Step 70] 峰值显存: 6.22 GB

[Step 71] ============ 详细性能分析 ============
[模型部分] 总时间: 6.536400s | 显存: 4.12 GB

[0-9秒 PDE求解详细性能]
  t=0s - 时间: 0.000000s | 显存: 0.00 B
  t=1s - 时间: 0.396712s | 显存: 0.00 B
  t=2s - 时间: 0.498893s | 显存: 0.00 B
  t=3s - 时间: 0.570363s | 显存: 0.00 B
  t=4s - 时间: 0.667039s | 显存: 0.00 B
  t=5s - 时间: 0.732236s | 显存: 0.00 B
  t=6s - 时间: 0.802037s | 显存: 0.00 B
  t=7s - 时间: 0.857964s | 显存: 0.00 B
  t=8s - 时间: 0.945731s | 显存: 0.00 B
  t=9s - 时间: 1.044031s | 显存: 0.00 B

[19秒 PDE求解]
  t=19.0s - 时间: 1.825257s | 显存: 0.00 B

[PDE求解部分] 总时间: 1.825587s | 显存: 0.00 B

[本步骤总计] 时间: 8.361987s | 显存: 4.12 GB
orginal_loss:  tensor(137093.4062, device='cuda:0', grad_fn=<MseLossBackward0>)
[Step 71] Backward Propagation - Time: 20.5695s, Mem: -4416135168.00 B
x_adv.requires_grad:  True
pred_19.requires_grad, true_19.requires_grad:  True True
Autograd grad max:  tensor(113.4608, device='cuda:0')
Autograd grad min:  tensor(-101.4619, device='cuda:0')
Autograd grad mean:  tensor(0.6934, device='cuda:0')
[Step 71] PGD Update - Time: 0.0013s, Mem: 0.00 B

[Step 71] 完整步骤总时间: 28.939244s | 总显存: 0.00 B
[Step 71] 峰值显存: 6.22 GB

[Step 72] ============ 详细性能分析 ============
[模型部分] 总时间: 6.318750s | 显存: 4.12 GB

[0-9秒 PDE求解详细性能]
  t=0s - 时间: 0.000000s | 显存: 0.00 B
  t=1s - 时间: 0.386739s | 显存: 0.00 B
  t=2s - 时间: 0.467547s | 显存: 0.00 B
  t=3s - 时间: 0.545766s | 显存: 0.00 B
  t=4s - 时间: 0.605292s | 显存: 0.00 B
  t=5s - 时间: 0.696208s | 显存: 0.00 B
  t=6s - 时间: 0.787282s | 显存: 0.00 B
  t=7s - 时间: 0.855550s | 显存: 0.00 B
  t=8s - 时间: 0.939027s | 显存: 0.00 B
  t=9s - 时间: 1.014216s | 显存: 0.00 B

[19秒 PDE求解]
  t=19.0s - 时间: 1.835098s | 显存: 0.00 B

[PDE求解部分] 总时间: 1.835469s | 显存: 0.00 B

[本步骤总计] 时间: 8.154219s | 显存: 4.12 GB
orginal_loss:  tensor(143880.3594, device='cuda:0', grad_fn=<MseLossBackward0>)
[Step 72] Backward Propagation - Time: 20.8216s, Mem: -4416135168.00 B
x_adv.requires_grad:  True
pred_19.requires_grad, true_19.requires_grad:  True True
Autograd grad max:  tensor(109.3800, device='cuda:0')
Autograd grad min:  tensor(-139.5662, device='cuda:0')
Autograd grad mean:  tensor(0.7451, device='cuda:0')
[Step 72] PGD Update - Time: 0.0013s, Mem: 0.00 B

[Step 72] 完整步骤总时间: 28.984325s | 总显存: 0.00 B
[Step 72] 峰值显存: 6.22 GB

[Step 73] ============ 详细性能分析 ============
[模型部分] 总时间: 6.314090s | 显存: 4.12 GB

[0-9秒 PDE求解详细性能]
  t=0s - 时间: 0.000000s | 显存: 0.00 B
  t=1s - 时间: 0.386145s | 显存: 0.00 B
  t=2s - 时间: 0.458286s | 显存: 0.00 B
  t=3s - 时间: 0.542279s | 显存: 0.00 B
  t=4s - 时间: 0.625869s | 显存: 0.00 B
  t=5s - 时间: 0.696506s | 显存: 0.00 B
  t=6s - 时间: 0.781152s | 显存: 0.00 B
  t=7s - 时间: 0.849782s | 显存: 0.00 B
  t=8s - 时间: 0.930192s | 显存: 0.00 B
  t=9s - 时间: 1.022557s | 显存: 0.00 B

[19秒 PDE求解]
  t=19.0s - 时间: 1.832780s | 显存: 0.00 B

[PDE求解部分] 总时间: 1.833102s | 显存: 0.00 B

[本步骤总计] 时间: 8.147192s | 显存: 4.12 GB
orginal_loss:  tensor(140299., device='cuda:0', grad_fn=<MseLossBackward0>)
[Step 73] Backward Propagation - Time: 20.4425s, Mem: -4416135168.00 B
x_adv.requires_grad:  True
pred_19.requires_grad, true_19.requires_grad:  True True
Autograd grad max:  tensor(130.1541, device='cuda:0')
Autograd grad min:  tensor(-119.2967, device='cuda:0')
Autograd grad mean:  tensor(0.7577, device='cuda:0')
[Step 73] PGD Update - Time: 0.0013s, Mem: 0.00 B

[Step 73] 完整步骤总时间: 28.595401s | 总显存: 0.00 B
[Step 73] 峰值显存: 6.22 GB

[Step 74] ============ 详细性能分析 ============
[模型部分] 总时间: 6.627803s | 显存: 4.12 GB

[0-9秒 PDE求解详细性能]
  t=0s - 时间: 0.000000s | 显存: 0.00 B
  t=1s - 时间: 0.423649s | 显存: 0.00 B
  t=2s - 时间: 0.486575s | 显存: 0.00 B
  t=3s - 时间: 0.613447s | 显存: 0.00 B
  t=4s - 时间: 0.687869s | 显存: 0.00 B
  t=5s - 时间: 0.716829s | 显存: 0.00 B
  t=6s - 时间: 0.810742s | 显存: 0.00 B
  t=7s - 时间: 0.882015s | 显存: 0.00 B
  t=8s - 时间: 0.953488s | 显存: 0.00 B
  t=9s - 时间: 1.032079s | 显存: 0.00 B

[19秒 PDE求解]
  t=19.0s - 时间: 1.794617s | 显存: 0.00 B

[PDE求解部分] 总时间: 1.794974s | 显存: 0.00 B

[本步骤总计] 时间: 8.422777s | 显存: 4.12 GB
orginal_loss:  tensor(147480.3438, device='cuda:0', grad_fn=<MseLossBackward0>)
[Step 74] Backward Propagation - Time: 21.0835s, Mem: -4416135168.00 B
x_adv.requires_grad:  True
pred_19.requires_grad, true_19.requires_grad:  True True
Autograd grad max:  tensor(123.7674, device='cuda:0')
Autograd grad min:  tensor(-142.5223, device='cuda:0')
Autograd grad mean:  tensor(0.8199, device='cuda:0')
[Step 74] PGD Update - Time: 0.0013s, Mem: 0.00 B

[Step 74] 完整步骤总时间: 29.515069s | 总显存: 0.00 B
[Step 74] 峰值显存: 6.22 GB

[Step 75] ============ 详细性能分析 ============
[模型部分] 总时间: 6.579757s | 显存: 4.12 GB

[0-9秒 PDE求解详细性能]
  t=0s - 时间: 0.000000s | 显存: 0.00 B
  t=1s - 时间: 0.405122s | 显存: 0.00 B
  t=2s - 时间: 0.493278s | 显存: 0.00 B
  t=3s - 时间: 0.568996s | 显存: 0.00 B
  t=4s - 时间: 0.620506s | 显存: 0.00 B
  t=5s - 时间: 0.694489s | 显存: 0.00 B
  t=6s - 时间: 0.770756s | 显存: 0.00 B
  t=7s - 时间: 0.844999s | 显存: 0.00 B
  t=8s - 时间: 0.946344s | 显存: 0.00 B
  t=9s - 时间: 1.005393s | 显存: 0.00 B

[19秒 PDE求解]
  t=19.0s - 时间: 1.795917s | 显存: 0.00 B

[PDE求解部分] 总时间: 1.796233s | 显存: 0.00 B

[本步骤总计] 时间: 8.375990s | 显存: 4.12 GB
orginal_loss:  tensor(143772.4688, device='cuda:0', grad_fn=<MseLossBackward0>)
[Step 75] Backward Propagation - Time: 23.9497s, Mem: -4416135168.00 B
x_adv.requires_grad:  True
pred_19.requires_grad, true_19.requires_grad:  True True
Autograd grad max:  tensor(140.1613, device='cuda:0')
Autograd grad min:  tensor(-129.5475, device='cuda:0')
Autograd grad mean:  tensor(0.8282, device='cuda:0')
[Step 75] PGD Update - Time: 0.0013s, Mem: 0.00 B

[Step 75] 完整步骤总时间: 32.331457s | 总显存: 0.00 B
[Step 75] 峰值显存: 6.22 GB

[Step 76] ============ 详细性能分析 ============
[模型部分] 总时间: 6.448185s | 显存: 4.12 GB

[0-9秒 PDE求解详细性能]
  t=0s - 时间: 0.000000s | 显存: 0.00 B
  t=1s - 时间: 0.396993s | 显存: 0.00 B
  t=2s - 时间: 0.459932s | 显存: 0.00 B
  t=3s - 时间: 0.574170s | 显存: 0.00 B
  t=4s - 时间: 0.627257s | 显存: 0.00 B
  t=5s - 时间: 0.715442s | 显存: 0.00 B
  t=6s - 时间: 0.799125s | 显存: 0.00 B
  t=7s - 时间: 0.867063s | 显存: 0.00 B
  t=8s - 时间: 0.940317s | 显存: 0.00 B
  t=9s - 时间: 1.046722s | 显存: 0.00 B

[19秒 PDE求解]
  t=19.0s - 时间: 1.822445s | 显存: 0.00 B

[PDE求解部分] 总时间: 1.822792s | 显存: 0.00 B

[本步骤总计] 时间: 8.270976s | 显存: 4.12 GB
orginal_loss:  tensor(150970.9688, device='cuda:0', grad_fn=<MseLossBackward0>)
[Step 76] Backward Propagation - Time: 20.6985s, Mem: -4416135168.00 B
x_adv.requires_grad:  True
pred_19.requires_grad, true_19.requires_grad:  True True
Autograd grad max:  tensor(136.9227, device='cuda:0')
Autograd grad min:  tensor(-138.9874, device='cuda:0')
Autograd grad mean:  tensor(0.8771, device='cuda:0')
[Step 76] PGD Update - Time: 0.0014s, Mem: 0.00 B

[Step 76] 完整步骤总时间: 28.976025s | 总显存: 0.00 B
[Step 76] 峰值显存: 6.22 GB

[Step 77] ============ 详细性能分析 ============
[模型部分] 总时间: 6.459298s | 显存: 4.12 GB

[0-9秒 PDE求解详细性能]
  t=0s - 时间: 0.000000s | 显存: 0.00 B
  t=1s - 时间: 0.395956s | 显存: 0.00 B
  t=2s - 时间: 0.453274s | 显存: 0.00 B
  t=3s - 时间: 0.558386s | 显存: 0.00 B
  t=4s - 时间: 0.627215s | 显存: 0.00 B
  t=5s - 时间: 0.731366s | 显存: 0.00 B
  t=6s - 时间: 0.841852s | 显存: 0.00 B
  t=7s - 时间: 0.875356s | 显存: 0.00 B
  t=8s - 时间: 0.920973s | 显存: 0.00 B
  t=9s - 时间: 1.033635s | 显存: 0.00 B

[19秒 PDE求解]
  t=19.0s - 时间: 1.816975s | 显存: 0.00 B

[PDE求解部分] 总时间: 1.817300s | 显存: 0.00 B

[本步骤总计] 时间: 8.276598s | 显存: 4.12 GB
orginal_loss:  tensor(147041.5312, device='cuda:0', grad_fn=<MseLossBackward0>)
[Step 77] Backward Propagation - Time: 20.4525s, Mem: -4416135168.00 B
x_adv.requires_grad:  True
pred_19.requires_grad, true_19.requires_grad:  True True
Autograd grad max:  tensor(158.5824, device='cuda:0')
Autograd grad min:  tensor(-144.2007, device='cuda:0')
Autograd grad mean:  tensor(0.8404, device='cuda:0')
[Step 77] PGD Update - Time: 0.0013s, Mem: 0.00 B

[Step 77] 完整步骤总时间: 28.735071s | 总显存: 0.00 B
[Step 77] 峰值显存: 6.22 GB

[Step 78] ============ 详细性能分析 ============
[模型部分] 总时间: 6.617394s | 显存: 4.12 GB

[0-9秒 PDE求解详细性能]
  t=0s - 时间: 0.000000s | 显存: 0.00 B
  t=1s - 时间: 0.424287s | 显存: 0.00 B
  t=2s - 时间: 0.495380s | 显存: 0.00 B
  t=3s - 时间: 0.579061s | 显存: 0.00 B
  t=4s - 时间: 0.673011s | 显存: 0.00 B
  t=5s - 时间: 0.743576s | 显存: 0.00 B
  t=6s - 时间: 0.803392s | 显存: 0.00 B
  t=7s - 时间: 0.876447s | 显存: 0.00 B
  t=8s - 时间: 0.949524s | 显存: 0.00 B
  t=9s - 时间: 1.051185s | 显存: 0.00 B

[19秒 PDE求解]
  t=19.0s - 时间: 1.828639s | 显存: 0.00 B

[PDE求解部分] 总时间: 1.828967s | 显存: 0.00 B

[本步骤总计] 时间: 8.446361s | 显存: 4.12 GB
orginal_loss:  tensor(153973.8750, device='cuda:0', grad_fn=<MseLossBackward0>)
[Step 78] Backward Propagation - Time: 21.1662s, Mem: -4416135168.00 B
x_adv.requires_grad:  True
pred_19.requires_grad, true_19.requires_grad:  True True
Autograd grad max:  tensor(129.8997, device='cuda:0')
Autograd grad min:  tensor(-125.2149, device='cuda:0')
Autograd grad mean:  tensor(0.9111, device='cuda:0')
[Step 78] PGD Update - Time: 0.0014s, Mem: 0.00 B

[Step 78] 完整步骤总时间: 29.618629s | 总显存: 0.00 B
[Step 78] 峰值显存: 6.22 GB

[Step 79] ============ 详细性能分析 ============
[模型部分] 总时间: 6.388910s | 显存: 4.12 GB

[0-9秒 PDE求解详细性能]
  t=0s - 时间: 0.000000s | 显存: 0.00 B
  t=1s - 时间: 0.424654s | 显存: 0.00 B
  t=2s - 时间: 0.461433s | 显存: 0.00 B
  t=3s - 时间: 0.540512s | 显存: 0.00 B
  t=4s - 时间: 0.619544s | 显存: 0.00 B
  t=5s - 时间: 0.713035s | 显存: 0.00 B
  t=6s - 时间: 0.793468s | 显存: 0.00 B
  t=7s - 时间: 0.855727s | 显存: 0.00 B
  t=8s - 时间: 0.929814s | 显存: 0.00 B
  t=9s - 时间: 1.029653s | 显存: 0.00 B

[19秒 PDE求解]
  t=19.0s - 时间: 1.792292s | 显存: 0.00 B

[PDE求解部分] 总时间: 1.792642s | 显存: 0.00 B

[本步骤总计] 时间: 8.181552s | 显存: 4.12 GB
orginal_loss:  tensor(150247., device='cuda:0', grad_fn=<MseLossBackward0>)
[Step 79] Backward Propagation - Time: 20.6484s, Mem: -4416135168.00 B
x_adv.requires_grad:  True
pred_19.requires_grad, true_19.requires_grad:  True True
Autograd grad max:  tensor(182.2318, device='cuda:0')
Autograd grad min:  tensor(-168.3974, device='cuda:0')
Autograd grad mean:  tensor(0.7914, device='cuda:0')
[Step 79] PGD Update - Time: 0.0012s, Mem: 0.00 B

[Step 79] 完整步骤总时间: 28.835704s | 总显存: 0.00 B
[Step 79] 峰值显存: 6.22 GB

[Step 80] ============ 详细性能分析 ============
[模型部分] 总时间: 6.585892s | 显存: 4.12 GB

[0-9秒 PDE求解详细性能]
  t=0s - 时间: 0.000000s | 显存: 0.00 B
  t=1s - 时间: 0.408129s | 显存: 0.00 B
  t=2s - 时间: 0.497312s | 显存: 0.00 B
  t=3s - 时间: 0.562881s | 显存: 0.00 B
  t=4s - 时间: 0.643305s | 显存: 0.00 B
  t=5s - 时间: 0.726842s | 显存: 0.00 B
  t=6s - 时间: 0.850330s | 显存: 0.00 B
  t=7s - 时间: 0.909718s | 显存: 0.00 B
  t=8s - 时间: 0.947765s | 显存: 0.00 B
  t=9s - 时间: 1.018016s | 显存: 0.00 B

[19秒 PDE求解]
  t=19.0s - 时间: 1.808472s | 显存: 0.00 B

[PDE求解部分] 总时间: 1.808803s | 显存: 0.00 B

[本步骤总计] 时间: 8.394694s | 显存: 4.12 GB
orginal_loss:  tensor(156403.5938, device='cuda:0', grad_fn=<MseLossBackward0>)
[Step 80] Backward Propagation - Time: 20.6386s, Mem: -4416135168.00 B
x_adv.requires_grad:  True
pred_19.requires_grad, true_19.requires_grad:  True True
Autograd grad max:  tensor(107.1378, device='cuda:0')
Autograd grad min:  tensor(-109.2189, device='cuda:0')
Autograd grad mean:  tensor(0.9922, device='cuda:0')
[Step 80] PGD Update - Time: 0.0013s, Mem: 0.00 B

[Step 80] 完整步骤总时间: 29.039335s | 总显存: 0.00 B
[Step 80] 峰值显存: 6.22 GB

[Step 81] ============ 详细性能分析 ============
[模型部分] 总时间: 6.581105s | 显存: 4.12 GB

[0-9秒 PDE求解详细性能]
  t=0s - 时间: 0.000000s | 显存: 0.00 B
  t=1s - 时间: 0.427439s | 显存: 0.00 B
  t=2s - 时间: 0.493373s | 显存: 0.00 B
  t=3s - 时间: 0.566359s | 显存: 0.00 B
  t=4s - 时间: 0.658015s | 显存: 0.00 B
  t=5s - 时间: 0.701203s | 显存: 0.00 B
  t=6s - 时间: 0.801507s | 显存: 0.00 B
  t=7s - 时间: 0.901333s | 显存: 0.00 B
  t=8s - 时间: 0.963228s | 显存: 0.00 B
  t=9s - 时间: 1.047298s | 显存: 0.00 B

[19秒 PDE求解]
  t=19.0s - 时间: 1.802418s | 显存: 0.00 B

[PDE求解部分] 总时间: 1.802746s | 显存: 0.00 B

[本步骤总计] 时间: 8.383851s | 显存: 4.12 GB
orginal_loss:  tensor(153772.1250, device='cuda:0', grad_fn=<MseLossBackward0>)
[Step 81] Backward Propagation - Time: 20.5915s, Mem: -4416135168.00 B
x_adv.requires_grad:  True
pred_19.requires_grad, true_19.requires_grad:  True True
Autograd grad max:  tensor(188.6913, device='cuda:0')
Autograd grad min:  tensor(-179.8719, device='cuda:0')
Autograd grad mean:  tensor(0.6532, device='cuda:0')
[Step 81] PGD Update - Time: 0.0013s, Mem: 0.00 B

[Step 81] 完整步骤总时间: 28.981671s | 总显存: 0.00 B
[Step 81] 峰值显存: 6.22 GB

[Step 82] ============ 详细性能分析 ============
[模型部分] 总时间: 6.519039s | 显存: 4.12 GB

[0-9秒 PDE求解详细性能]
  t=0s - 时间: 0.000000s | 显存: 0.00 B
  t=1s - 时间: 0.420813s | 显存: 0.00 B
  t=2s - 时间: 0.477997s | 显存: 0.00 B
  t=3s - 时间: 0.556456s | 显存: 0.00 B
  t=4s - 时间: 0.642553s | 显存: 0.00 B
  t=5s - 时间: 0.748925s | 显存: 0.00 B
  t=6s - 时间: 0.803364s | 显存: 0.00 B
  t=7s - 时间: 0.861220s | 显存: 0.00 B
  t=8s - 时间: 0.928443s | 显存: 0.00 B
  t=9s - 时间: 1.058144s | 显存: 0.00 B

[19秒 PDE求解]
  t=19.0s - 时间: 1.848537s | 显存: 0.00 B

[PDE求解部分] 总时间: 1.848872s | 显存: 0.00 B

[本步骤总计] 时间: 8.367912s | 显存: 4.12 GB
orginal_loss:  tensor(158795., device='cuda:0', grad_fn=<MseLossBackward0>)
[Step 82] Backward Propagation - Time: 20.5963s, Mem: -4416135168.00 B
x_adv.requires_grad:  True
pred_19.requires_grad, true_19.requires_grad:  True True
Autograd grad max:  tensor(96.0804, device='cuda:0')
Autograd grad min:  tensor(-106.7406, device='cuda:0')
Autograd grad mean:  tensor(1.1398, device='cuda:0')
[Step 82] PGD Update - Time: 0.0013s, Mem: 0.00 B

[Step 82] 完整步骤总时间: 28.970451s | 总显存: 0.00 B
[Step 82] 峰值显存: 6.22 GB

[Step 83] ============ 详细性能分析 ============
[模型部分] 总时间: 6.675202s | 显存: 4.12 GB

[0-9秒 PDE求解详细性能]
  t=0s - 时间: 0.000000s | 显存: 0.00 B
  t=1s - 时间: 0.395504s | 显存: 0.00 B
  t=2s - 时间: 0.482951s | 显存: 0.00 B
  t=3s - 时间: 0.558222s | 显存: 0.00 B
  t=4s - 时间: 0.659419s | 显存: 0.00 B
  t=5s - 时间: 0.738983s | 显存: 0.00 B
  t=6s - 时间: 0.816149s | 显存: 0.00 B
  t=7s - 时间: 0.970383s | 显存: 0.00 B
  t=8s - 时间: 0.972996s | 显存: 0.00 B
  t=9s - 时间: 1.059056s | 显存: 0.00 B

[19秒 PDE求解]
  t=19.0s - 时间: 1.867991s | 显存: 0.00 B

[PDE求解部分] 总时间: 1.868331s | 显存: 0.00 B

[本步骤总计] 时间: 8.543532s | 显存: 4.12 GB
orginal_loss:  tensor(158685.8125, device='cuda:0', grad_fn=<MseLossBackward0>)
[Step 83] Backward Propagation - Time: 20.6365s, Mem: -4416135168.00 B
x_adv.requires_grad:  True
pred_19.requires_grad, true_19.requires_grad:  True True
Autograd grad max:  tensor(180.3675, device='cuda:0')
Autograd grad min:  tensor(-182.9071, device='cuda:0')
Autograd grad mean:  tensor(0.5985, device='cuda:0')
[Step 83] PGD Update - Time: 0.0013s, Mem: 0.00 B

[Step 83] 完整步骤总时间: 29.186214s | 总显存: 0.00 B
[Step 83] 峰值显存: 6.22 GB

[Step 84] ============ 详细性能分析 ============
[模型部分] 总时间: 6.692665s | 显存: 4.12 GB

[0-9秒 PDE求解详细性能]
  t=0s - 时间: 0.000000s | 显存: 0.00 B
  t=1s - 时间: 0.441222s | 显存: 0.00 B
  t=2s - 时间: 0.496078s | 显存: 0.00 B
  t=3s - 时间: 0.566142s | 显存: 0.00 B
  t=4s - 时间: 0.698855s | 显存: 0.00 B
  t=5s - 时间: 0.739935s | 显存: 0.00 B
  t=6s - 时间: 0.817748s | 显存: 0.00 B
  t=7s - 时间: 0.895609s | 显存: 0.00 B
  t=8s - 时间: 0.960910s | 显存: 0.00 B
  t=9s - 时间: 1.055002s | 显存: 0.00 B

[19秒 PDE求解]
  t=19.0s - 时间: 1.907727s | 显存: 0.00 B

[PDE求解部分] 总时间: 1.908059s | 显存: 0.00 B

[本步骤总计] 时间: 8.600724s | 显存: 4.12 GB
orginal_loss:  tensor(162075.5938, device='cuda:0', grad_fn=<MseLossBackward0>)
[Step 84] Backward Propagation - Time: 24.5906s, Mem: -4416135168.00 B
x_adv.requires_grad:  True
pred_19.requires_grad, true_19.requires_grad:  True True
Autograd grad max:  tensor(114.6147, device='cuda:0')
Autograd grad min:  tensor(-128.8184, device='cuda:0')
Autograd grad mean:  tensor(1.1758, device='cuda:0')
[Step 84] PGD Update - Time: 0.0013s, Mem: 0.00 B

[Step 84] 完整步骤总时间: 33.197436s | 总显存: 0.00 B
[Step 84] 峰值显存: 6.22 GB

[Step 85] ============ 详细性能分析 ============
[模型部分] 总时间: 6.514614s | 显存: 4.12 GB

[0-9秒 PDE求解详细性能]
  t=0s - 时间: 0.000000s | 显存: 0.00 B
  t=1s - 时间: 0.414801s | 显存: 0.00 B
  t=2s - 时间: 0.500301s | 显存: 0.00 B
  t=3s - 时间: 0.571800s | 显存: 0.00 B
  t=4s - 时间: 0.638751s | 显存: 0.00 B
  t=5s - 时间: 0.724325s | 显存: 0.00 B
  t=6s - 时间: 0.801482s | 显存: 0.00 B
  t=7s - 时间: 0.869567s | 显存: 0.00 B
  t=8s - 时间: 0.943191s | 显存: 0.00 B
  t=9s - 时间: 1.029040s | 显存: 0.00 B

[19秒 PDE求解]
  t=19.0s - 时间: 1.802945s | 显存: 0.00 B

[PDE求解部分] 总时间: 1.803261s | 显存: 0.00 B

[本步骤总计] 时间: 8.317875s | 显存: 4.12 GB
orginal_loss:  tensor(161451.1406, device='cuda:0', grad_fn=<MseLossBackward0>)
[Step 85] Backward Propagation - Time: 20.6156s, Mem: -4416135168.00 B
x_adv.requires_grad:  True
pred_19.requires_grad, true_19.requires_grad:  True True
Autograd grad max:  tensor(251.3783, device='cuda:0')
Autograd grad min:  tensor(-220.8184, device='cuda:0')
Autograd grad mean:  tensor(0.6929, device='cuda:0')
[Step 85] PGD Update - Time: 0.0013s, Mem: 0.00 B

[Step 85] 完整步骤总时间: 28.939373s | 总显存: 0.00 B
[Step 85] 峰值显存: 6.22 GB

[Step 86] ============ 详细性能分析 ============
[模型部分] 总时间: 6.504377s | 显存: 4.12 GB

[0-9秒 PDE求解详细性能]
  t=0s - 时间: 0.000000s | 显存: 0.00 B
  t=1s - 时间: 0.419375s | 显存: 0.00 B
  t=2s - 时间: 0.466605s | 显存: 0.00 B
  t=3s - 时间: 0.527186s | 显存: 0.00 B
  t=4s - 时间: 0.604887s | 显存: 0.00 B
  t=5s - 时间: 0.696053s | 显存: 0.00 B
  t=6s - 时间: 0.776513s | 显存: 0.00 B
  t=7s - 时间: 0.858291s | 显存: 0.00 B
  t=8s - 时间: 0.987745s | 显存: 0.00 B
  t=9s - 时间: 1.146620s | 显存: 0.00 B

[19秒 PDE求解]
  t=19.0s - 时间: 1.813139s | 显存: 0.00 B

[PDE求解部分] 总时间: 1.813476s | 显存: 0.00 B

[本步骤总计] 时间: 8.317853s | 显存: 4.12 GB
orginal_loss:  tensor(163735.7812, device='cuda:0', grad_fn=<MseLossBackward0>)
[Step 86] Backward Propagation - Time: 20.5817s, Mem: -4416135168.00 B
x_adv.requires_grad:  True
pred_19.requires_grad, true_19.requires_grad:  True True
Autograd grad max:  tensor(166.6651, device='cuda:0')
Autograd grad min:  tensor(-153.1041, device='cuda:0')
Autograd grad mean:  tensor(1.0279, device='cuda:0')
[Step 86] PGD Update - Time: 0.0013s, Mem: 0.00 B

[Step 86] 完整步骤总时间: 28.905510s | 总显存: 0.00 B
[Step 86] 峰值显存: 6.22 GB

[Step 87] ============ 详细性能分析 ============
[模型部分] 总时间: 6.390842s | 显存: 4.12 GB

[0-9秒 PDE求解详细性能]
  t=0s - 时间: 0.000000s | 显存: 0.00 B
  t=1s - 时间: 0.391316s | 显存: 0.00 B
  t=2s - 时间: 0.457078s | 显存: 0.00 B
  t=3s - 时间: 0.547755s | 显存: 0.00 B
  t=4s - 时间: 0.618818s | 显存: 0.00 B
  t=5s - 时间: 0.709715s | 显存: 0.00 B
  t=6s - 时间: 0.782450s | 显存: 0.00 B
  t=7s - 时间: 0.878115s | 显存: 0.00 B
  t=8s - 时间: 0.968657s | 显存: 0.00 B
  t=9s - 时间: 1.015474s | 显存: 0.00 B

[19秒 PDE求解]
  t=19.0s - 时间: 1.799899s | 显存: 0.00 B

[PDE求解部分] 总时间: 1.800220s | 显存: 0.00 B

[本步骤总计] 时间: 8.191062s | 显存: 4.12 GB
orginal_loss:  tensor(164435.1562, device='cuda:0', grad_fn=<MseLossBackward0>)
[Step 87] Backward Propagation - Time: 20.5884s, Mem: -4416135168.00 B
x_adv.requires_grad:  True
pred_19.requires_grad, true_19.requires_grad:  True True
Autograd grad max:  tensor(209.7525, device='cuda:0')
Autograd grad min:  tensor(-192.4141, device='cuda:0')
Autograd grad mean:  tensor(0.7610, device='cuda:0')
[Step 87] PGD Update - Time: 0.0013s, Mem: 0.00 B

[Step 87] 完整步骤总时间: 28.785460s | 总显存: 0.00 B
[Step 87] 峰值显存: 6.22 GB

[Step 88] ============ 详细性能分析 ============
[模型部分] 总时间: 6.539633s | 显存: 4.12 GB

[0-9秒 PDE求解详细性能]
  t=0s - 时间: 0.000000s | 显存: 0.00 B
  t=1s - 时间: 0.404942s | 显存: 0.00 B
  t=2s - 时间: 0.472774s | 显存: 0.00 B
  t=3s - 时间: 0.564897s | 显存: 0.00 B
  t=4s - 时间: 0.646641s | 显存: 0.00 B
  t=5s - 时间: 0.725569s | 显存: 0.00 B
  t=6s - 时间: 0.806304s | 显存: 0.00 B
  t=7s - 时间: 0.882577s | 显存: 0.00 B
  t=8s - 时间: 0.966524s | 显存: 0.00 B
  t=9s - 时间: 1.048304s | 显存: 0.00 B

[19秒 PDE求解]
  t=19.0s - 时间: 1.811381s | 显存: 0.00 B

[PDE求解部分] 总时间: 1.811728s | 显存: 0.00 B

[本步骤总计] 时间: 8.351362s | 显存: 4.12 GB
orginal_loss:  tensor(166636.8281, device='cuda:0', grad_fn=<MseLossBackward0>)
[Step 88] Backward Propagation - Time: 20.5710s, Mem: -4416135168.00 B
x_adv.requires_grad:  True
pred_19.requires_grad, true_19.requires_grad:  True True
Autograd grad max:  tensor(169.3490, device='cuda:0')
Autograd grad min:  tensor(-167.8392, device='cuda:0')
Autograd grad mean:  tensor(1.0268, device='cuda:0')
[Step 88] PGD Update - Time: 0.0013s, Mem: 0.00 B

[Step 88] 完整步骤总时间: 28.928470s | 总显存: 0.00 B
[Step 88] 峰值显存: 6.22 GB

[Step 89] ============ 详细性能分析 ============
[模型部分] 总时间: 6.375352s | 显存: 4.12 GB

[0-9秒 PDE求解详细性能]
  t=0s - 时间: 0.000000s | 显存: 0.00 B
  t=1s - 时间: 0.397567s | 显存: 0.00 B
  t=2s - 时间: 0.478995s | 显存: 0.00 B
  t=3s - 时间: 0.542248s | 显存: 0.00 B
  t=4s - 时间: 0.620766s | 显存: 0.00 B
  t=5s - 时间: 0.716041s | 显存: 0.00 B
  t=6s - 时间: 0.802264s | 显存: 0.00 B
  t=7s - 时间: 0.854697s | 显存: 0.00 B
  t=8s - 时间: 0.919253s | 显存: 0.00 B
  t=9s - 时间: 1.022131s | 显存: 0.00 B

[19秒 PDE求解]
  t=19.0s - 时间: 1.798772s | 显存: 0.00 B

[PDE求解部分] 总时间: 1.799083s | 显存: 0.00 B

[本步骤总计] 时间: 8.174435s | 显存: 4.12 GB
orginal_loss:  tensor(167544.1875, device='cuda:0', grad_fn=<MseLossBackward0>)
[Step 89] Backward Propagation - Time: 20.3885s, Mem: -4416135168.00 B
x_adv.requires_grad:  True
pred_19.requires_grad, true_19.requires_grad:  True True
Autograd grad max:  tensor(218.4072, device='cuda:0')
Autograd grad min:  tensor(-197.8970, device='cuda:0')
Autograd grad mean:  tensor(0.7124, device='cuda:0')
[Step 89] PGD Update - Time: 0.0014s, Mem: 0.00 B

[Step 89] 完整步骤总时间: 28.568991s | 总显存: 0.00 B
[Step 89] 峰值显存: 6.22 GB

[Step 90] ============ 详细性能分析 ============
[模型部分] 总时间: 6.539718s | 显存: 4.12 GB

[0-9秒 PDE求解详细性能]
  t=0s - 时间: 0.000000s | 显存: 0.00 B
  t=1s - 时间: 0.423455s | 显存: 0.00 B
  t=2s - 时间: 0.467453s | 显存: 0.00 B
  t=3s - 时间: 0.570276s | 显存: 0.00 B
  t=4s - 时间: 0.652758s | 显存: 0.00 B
  t=5s - 时间: 0.730598s | 显存: 0.00 B
  t=6s - 时间: 0.811202s | 显存: 0.00 B
  t=7s - 时间: 0.856624s | 显存: 0.00 B
  t=8s - 时间: 0.956490s | 显存: 0.00 B
  t=9s - 时间: 1.049532s | 显存: 0.00 B

[19秒 PDE求解]
  t=19.0s - 时间: 1.835976s | 显存: 0.00 B

[PDE求解部分] 总时间: 1.836291s | 显存: 0.00 B

[本步骤总计] 时间: 8.376010s | 显存: 4.12 GB
orginal_loss:  tensor(169009.0938, device='cuda:0', grad_fn=<MseLossBackward0>)
[Step 90] Backward Propagation - Time: 20.5523s, Mem: -4416135168.00 B
x_adv.requires_grad:  True
pred_19.requires_grad, true_19.requires_grad:  True True
Autograd grad max:  tensor(153.7525, device='cuda:0')
Autograd grad min:  tensor(-146.7894, device='cuda:0')
Autograd grad mean:  tensor(1.0612, device='cuda:0')
[Step 90] PGD Update - Time: 0.0013s, Mem: 0.00 B

[Step 90] 完整步骤总时间: 28.934309s | 总显存: 0.00 B
[Step 90] 峰值显存: 6.22 GB

[Step 91] ============ 详细性能分析 ============
[模型部分] 总时间: 6.581001s | 显存: 4.12 GB

[0-9秒 PDE求解详细性能]
  t=0s - 时间: 0.000000s | 显存: 0.00 B
  t=1s - 时间: 0.418170s | 显存: 0.00 B
  t=2s - 时间: 0.473339s | 显存: 0.00 B
  t=3s - 时间: 0.553492s | 显存: 0.00 B
  t=4s - 时间: 0.696151s | 显存: 0.00 B
  t=5s - 时间: 0.736888s | 显存: 0.00 B
  t=6s - 时间: 0.803262s | 显存: 0.00 B
  t=7s - 时间: 0.861041s | 显存: 0.00 B
  t=8s - 时间: 0.978334s | 显存: 0.00 B
  t=9s - 时间: 1.039113s | 显存: 0.00 B

[19秒 PDE求解]
  t=19.0s - 时间: 1.786621s | 显存: 0.00 B

[PDE求解部分] 总时间: 1.787029s | 显存: 0.00 B

[本步骤总计] 时间: 8.368030s | 显存: 4.12 GB
orginal_loss:  tensor(170707.8438, device='cuda:0', grad_fn=<MseLossBackward0>)
[Step 91] Backward Propagation - Time: 21.1125s, Mem: -4416135168.00 B
x_adv.requires_grad:  True
pred_19.requires_grad, true_19.requires_grad:  True True
Autograd grad max:  tensor(225.3841, device='cuda:0')
Autograd grad min:  tensor(-223.9647, device='cuda:0')
Autograd grad mean:  tensor(0.6940, device='cuda:0')
[Step 91] PGD Update - Time: 0.0013s, Mem: 0.00 B

[Step 91] 完整步骤总时间: 29.486363s | 总显存: 0.00 B
[Step 91] 峰值显存: 6.22 GB

[Step 92] ============ 详细性能分析 ============
[模型部分] 总时间: 6.661962s | 显存: 4.12 GB

[0-9秒 PDE求解详细性能]
  t=0s - 时间: 0.000000s | 显存: 0.00 B
  t=1s - 时间: 0.440086s | 显存: 0.00 B
  t=2s - 时间: 0.497001s | 显存: 0.00 B
  t=3s - 时间: 0.576344s | 显存: 0.00 B
  t=4s - 时间: 0.652307s | 显存: 0.00 B
  t=5s - 时间: 0.736977s | 显存: 0.00 B
  t=6s - 时间: 0.822507s | 显存: 0.00 B
  t=7s - 时间: 0.893893s | 显存: 0.00 B
  t=8s - 时间: 0.973463s | 显存: 0.00 B
  t=9s - 时间: 1.048010s | 显存: 0.00 B

[19秒 PDE求解]
  t=19.0s - 时间: 1.824209s | 显存: 0.00 B

[PDE求解部分] 总时间: 1.824526s | 显存: 0.00 B

[本步骤总计] 时间: 8.486488s | 显存: 4.12 GB
orginal_loss:  tensor(171424.3125, device='cuda:0', grad_fn=<MseLossBackward0>)
[Step 92] Backward Propagation - Time: 20.7648s, Mem: -4416135168.00 B
x_adv.requires_grad:  True
pred_19.requires_grad, true_19.requires_grad:  True True
Autograd grad max:  tensor(146.5762, device='cuda:0')
Autograd grad min:  tensor(-137.6411, device='cuda:0')
Autograd grad mean:  tensor(1.1009, device='cuda:0')
[Step 92] PGD Update - Time: 0.0013s, Mem: 0.00 B

[Step 92] 完整步骤总时间: 29.257236s | 总显存: 0.00 B
[Step 92] 峰值显存: 6.22 GB

[Step 93] ============ 详细性能分析 ============
[模型部分] 总时间: 6.438460s | 显存: 4.12 GB

[0-9秒 PDE求解详细性能]
  t=0s - 时间: 0.000000s | 显存: 0.00 B
  t=1s - 时间: 0.401530s | 显存: 0.00 B
  t=2s - 时间: 0.525888s | 显存: 0.00 B
  t=3s - 时间: 0.556044s | 显存: 0.00 B
  t=4s - 时间: 0.613089s | 显存: 0.00 B
  t=5s - 时间: 0.695021s | 显存: 0.00 B
  t=6s - 时间: 0.771474s | 显存: 0.00 B
  t=7s - 时间: 0.859629s | 显存: 0.00 B
  t=8s - 时间: 0.962643s | 显存: 0.00 B
  t=9s - 时间: 1.031676s | 显存: 0.00 B

[19秒 PDE求解]
  t=19.0s - 时间: 1.827941s | 显存: 0.00 B

[PDE求解部分] 总时间: 1.828273s | 显存: 0.00 B

[本步骤总计] 时间: 8.266733s | 显存: 4.12 GB
orginal_loss:  tensor(174259.8125, device='cuda:0', grad_fn=<MseLossBackward0>)
[Step 93] Backward Propagation - Time: 20.6976s, Mem: -4416135168.00 B
x_adv.requires_grad:  True
pred_19.requires_grad, true_19.requires_grad:  True True
Autograd grad max:  tensor(220.6284, device='cuda:0')
Autograd grad min:  tensor(-228.8519, device='cuda:0')
Autograd grad mean:  tensor(0.7058, device='cuda:0')
[Step 93] PGD Update - Time: 0.0013s, Mem: 0.00 B

[Step 93] 完整步骤总时间: 28.970728s | 总显存: 0.00 B
[Step 93] 峰值显存: 6.22 GB

[Step 94] ============ 详细性能分析 ============
[模型部分] 总时间: 6.667519s | 显存: 4.12 GB

[0-9秒 PDE求解详细性能]
  t=0s - 时间: 0.000000s | 显存: 0.00 B
  t=1s - 时间: 0.399604s | 显存: 0.00 B
  t=2s - 时间: 0.509179s | 显存: 0.00 B
  t=3s - 时间: 0.578697s | 显存: 0.00 B
  t=4s - 时间: 0.663980s | 显存: 0.00 B
  t=5s - 时间: 0.745831s | 显存: 0.00 B
  t=6s - 时间: 0.790483s | 显存: 0.00 B
  t=7s - 时间: 0.882301s | 显存: 0.00 B
  t=8s - 时间: 0.976624s | 显存: 0.00 B
  t=9s - 时间: 1.099660s | 显存: 0.00 B

[19秒 PDE求解]
  t=19.0s - 时间: 1.831548s | 显存: 0.00 B

[PDE求解部分] 总时间: 1.831874s | 显存: 0.00 B

[本步骤总计] 时间: 8.499393s | 显存: 4.12 GB
orginal_loss:  tensor(173764.6875, device='cuda:0', grad_fn=<MseLossBackward0>)
[Step 94] Backward Propagation - Time: 25.0857s, Mem: -4416135168.00 B
x_adv.requires_grad:  True
pred_19.requires_grad, true_19.requires_grad:  True True
Autograd grad max:  tensor(155.7880, device='cuda:0')
Autograd grad min:  tensor(-148.7411, device='cuda:0')
Autograd grad mean:  tensor(1.1086, device='cuda:0')
[Step 94] PGD Update - Time: 0.0013s, Mem: 0.00 B

[Step 94] 完整步骤总时间: 33.590713s | 总显存: 0.00 B
[Step 94] 峰值显存: 6.22 GB

[Step 95] ============ 详细性能分析 ============
[模型部分] 总时间: 6.575539s | 显存: 4.12 GB

[0-9秒 PDE求解详细性能]
  t=0s - 时间: 0.000000s | 显存: 0.00 B
  t=1s - 时间: 0.411258s | 显存: 0.00 B
  t=2s - 时间: 0.503057s | 显存: 0.00 B
  t=3s - 时间: 0.575160s | 显存: 0.00 B
  t=4s - 时间: 0.664399s | 显存: 0.00 B
  t=5s - 时间: 0.728772s | 显存: 0.00 B
  t=6s - 时间: 0.783441s | 显存: 0.00 B
  t=7s - 时间: 0.867797s | 显存: 0.00 B
  t=8s - 时间: 0.964297s | 显存: 0.00 B
  t=9s - 时间: 1.055889s | 显存: 0.00 B

[19秒 PDE求解]
  t=19.0s - 时间: 1.845676s | 显存: 0.00 B

[PDE求解部分] 总时间: 1.845988s | 显存: 0.00 B

[本步骤总计] 时间: 8.421526s | 显存: 4.12 GB
orginal_loss:  tensor(177544.5312, device='cuda:0', grad_fn=<MseLossBackward0>)
[Step 95] Backward Propagation - Time: 20.8903s, Mem: -4416135168.00 B
x_adv.requires_grad:  True
pred_19.requires_grad, true_19.requires_grad:  True True
Autograd grad max:  tensor(219.6475, device='cuda:0')
Autograd grad min:  tensor(-218.7076, device='cuda:0')
Autograd grad mean:  tensor(0.7169, device='cuda:0')
[Step 95] PGD Update - Time: 0.0013s, Mem: 0.00 B

[Step 95] 完整步骤总时间: 29.320591s | 总显存: 0.00 B
[Step 95] 峰值显存: 6.22 GB

[Step 96] ============ 详细性能分析 ============
[模型部分] 总时间: 6.509584s | 显存: 4.12 GB

[0-9秒 PDE求解详细性能]
  t=0s - 时间: 0.000000s | 显存: 0.00 B
  t=1s - 时间: 0.436913s | 显存: 0.00 B
  t=2s - 时间: 0.468361s | 显存: 0.00 B
  t=3s - 时间: 0.544981s | 显存: 0.00 B
  t=4s - 时间: 0.624095s | 显存: 0.00 B
  t=5s - 时间: 0.715361s | 显存: 0.00 B
  t=6s - 时间: 0.813077s | 显存: 0.00 B
  t=7s - 时间: 0.877624s | 显存: 0.00 B
  t=8s - 时间: 0.962515s | 显存: 0.00 B
  t=9s - 时间: 1.045514s | 显存: 0.00 B

[19秒 PDE求解]
  t=19.0s - 时间: 1.815476s | 显存: 0.00 B

[PDE求解部分] 总时间: 1.815796s | 显存: 0.00 B

[本步骤总计] 时间: 8.325380s | 显存: 4.12 GB
orginal_loss:  tensor(176186.5469, device='cuda:0', grad_fn=<MseLossBackward0>)
[Step 96] Backward Propagation - Time: 20.8680s, Mem: -4416135168.00 B
x_adv.requires_grad:  True
pred_19.requires_grad, true_19.requires_grad:  True True
Autograd grad max:  tensor(163.6304, device='cuda:0')
Autograd grad min:  tensor(-163.5346, device='cuda:0')
Autograd grad mean:  tensor(1.1163, device='cuda:0')
[Step 96] PGD Update - Time: 0.0013s, Mem: 0.00 B

[Step 96] 完整步骤总时间: 29.199185s | 总显存: 0.00 B
[Step 96] 峰值显存: 6.22 GB

[Step 97] ============ 详细性能分析 ============
[模型部分] 总时间: 6.458747s | 显存: 4.12 GB

[0-9秒 PDE求解详细性能]
  t=0s - 时间: 0.000000s | 显存: 0.00 B
  t=1s - 时间: 0.399739s | 显存: 0.00 B
  t=2s - 时间: 0.492594s | 显存: 0.00 B
  t=3s - 时间: 0.545521s | 显存: 0.00 B
  t=4s - 时间: 0.627538s | 显存: 0.00 B
  t=5s - 时间: 0.711499s | 显存: 0.00 B
  t=6s - 时间: 0.814035s | 显存: 0.00 B
  t=7s - 时间: 0.881962s | 显存: 0.00 B
  t=8s - 时间: 0.943220s | 显存: 0.00 B
  t=9s - 时间: 1.021439s | 显存: 0.00 B

[19秒 PDE求解]
  t=19.0s - 时间: 1.789517s | 显存: 0.00 B

[PDE求解部分] 总时间: 1.789862s | 显存: 0.00 B

[本步骤总计] 时间: 8.248609s | 显存: 4.12 GB
orginal_loss:  tensor(180810.5625, device='cuda:0', grad_fn=<MseLossBackward0>)
[Step 97] Backward Propagation - Time: 20.5614s, Mem: -4416135168.00 B
x_adv.requires_grad:  True
pred_19.requires_grad, true_19.requires_grad:  True True
Autograd grad max:  tensor(211.7477, device='cuda:0')
Autograd grad min:  tensor(-209.2323, device='cuda:0')
Autograd grad mean:  tensor(0.7197, device='cuda:0')
[Step 97] PGD Update - Time: 0.0012s, Mem: 0.00 B

[Step 97] 完整步骤总时间: 28.815837s | 总显存: 0.00 B
[Step 97] 峰值显存: 6.22 GB

[Step 98] ============ 详细性能分析 ============
[模型部分] 总时间: 6.477437s | 显存: 4.12 GB

[0-9秒 PDE求解详细性能]
  t=0s - 时间: 0.000000s | 显存: 0.00 B
  t=1s - 时间: 0.395768s | 显存: 0.00 B
  t=2s - 时间: 0.451233s | 显存: 0.00 B
  t=3s - 时间: 0.556882s | 显存: 0.00 B
  t=4s - 时间: 0.646123s | 显存: 0.00 B
  t=5s - 时间: 0.723190s | 显存: 0.00 B
  t=6s - 时间: 0.797253s | 显存: 0.00 B
  t=7s - 时间: 0.884521s | 显存: 0.00 B
  t=8s - 时间: 0.946683s | 显存: 0.00 B
  t=9s - 时间: 1.054412s | 显存: 0.00 B

[19秒 PDE求解]
  t=19.0s - 时间: 1.832729s | 显存: 0.00 B

[PDE求解部分] 总时间: 1.833054s | 显存: 0.00 B

[本步骤总计] 时间: 8.310491s | 显存: 4.12 GB
orginal_loss:  tensor(178828.9062, device='cuda:0', grad_fn=<MseLossBackward0>)
[Step 98] Backward Propagation - Time: 20.3506s, Mem: -4416135168.00 B
x_adv.requires_grad:  True
pred_19.requires_grad, true_19.requires_grad:  True True
Autograd grad max:  tensor(163.6051, device='cuda:0')
Autograd grad min:  tensor(-170.3555, device='cuda:0')
Autograd grad mean:  tensor(1.1422, device='cuda:0')
[Step 98] PGD Update - Time: 0.0012s, Mem: 0.00 B

[Step 98] 完整步骤总时间: 28.667565s | 总显存: 0.00 B
[Step 98] 峰值显存: 6.22 GB

[Step 99] ============ 详细性能分析 ============
[模型部分] 总时间: 6.556557s | 显存: 4.12 GB

[0-9秒 PDE求解详细性能]
  t=0s - 时间: 0.000000s | 显存: 0.00 B
  t=1s - 时间: 0.402257s | 显存: 0.00 B
  t=2s - 时间: 0.474923s | 显存: 0.00 B
  t=3s - 时间: 0.555839s | 显存: 0.00 B
  t=4s - 时间: 0.655002s | 显存: 0.00 B
  t=5s - 时间: 0.724462s | 显存: 0.00 B
  t=6s - 时间: 0.809689s | 显存: 0.00 B
  t=7s - 时间: 0.878543s | 显存: 0.00 B
  t=8s - 时间: 0.966317s | 显存: 0.00 B
  t=9s - 时间: 1.068307s | 显存: 0.00 B

[19秒 PDE求解]
  t=19.0s - 时间: 1.818369s | 显存: 0.00 B

[PDE求解部分] 总时间: 1.818739s | 显存: 0.00 B

[本步骤总计] 时间: 8.375296s | 显存: 4.12 GB
orginal_loss:  tensor(184071.6719, device='cuda:0', grad_fn=<MseLossBackward0>)
[Step 99] Backward Propagation - Time: 20.8872s, Mem: -4416135168.00 B
x_adv.requires_grad:  True
pred_19.requires_grad, true_19.requires_grad:  True True
Autograd grad max:  tensor(212.2454, device='cuda:0')
Autograd grad min:  tensor(-212.2304, device='cuda:0')
Autograd grad mean:  tensor(0.7162, device='cuda:0')
[Step 99] PGD Update - Time: 0.0013s, Mem: 0.00 B

[Step 99] 完整步骤总时间: 29.268520s | 总显存: 0.00 B
[Step 99] 峰值显存: 6.22 GB
清理前显存占用: 2092.6298828125 MB
PGD攻击完成！显存已清理
当前显存占用: 2092.1298828125 MB
================================================================================
norm: 2, epsilon: 32768.0, alpha: 50.0, num_steps: 100
x_adv.shape:  torch.Size([256, 256])

[Step 0] ============ 详细性能分析 ============
[模型部分] 总时间: 6.468930s | 显存: 4.11 GB

[0-9秒 PDE求解详细性能]
  t=0s - 时间: 0.000000s | 显存: 0.00 B
  t=1s - 时间: 0.403027s | 显存: 0.00 B
  t=2s - 时间: 0.498723s | 显存: 0.00 B
  t=3s - 时间: 0.581118s | 显存: 0.00 B
  t=4s - 时间: 0.639925s | 显存: 0.00 B
  t=5s - 时间: 0.705344s | 显存: 0.00 B
  t=6s - 时间: 0.784034s | 显存: 0.00 B
  t=7s - 时间: 0.856228s | 显存: 0.00 B
  t=8s - 时间: 0.941925s | 显存: 0.00 B
  t=9s - 时间: 1.026728s | 显存: 0.00 B

[19秒 PDE求解]
  t=19.0s - 时间: 1.803499s | 显存: 0.00 B

[PDE求解部分] 总时间: 1.803820s | 显存: 0.00 B

[本步骤总计] 时间: 8.272750s | 显存: 4.11 GB
orginal_loss:  tensor(2874.2017, device='cuda:0', grad_fn=<MseLossBackward0>)
[Step 0] Backward Propagation - Time: 20.7472s, Mem: -4411883520.00 B
x_adv.requires_grad:  True
pred_19.requires_grad, true_19.requires_grad:  True True
Autograd grad max:  tensor(5.5374, device='cuda:0')
Autograd grad min:  tensor(-6.3897, device='cuda:0')
Autograd grad mean:  tensor(0.2062, device='cuda:0')
[Step 0] PGD Update - Time: 0.0012s, Mem: 513.00 KB

[Step 0] 完整步骤总时间: 29.024745s | 总显存: 3.75 MB
[Step 0] 峰值显存: 6.22 GB

[Step 1] ============ 详细性能分析 ============
[模型部分] 总时间: 6.583193s | 显存: 4.11 GB

[0-9秒 PDE求解详细性能]
  t=0s - 时间: 0.000000s | 显存: 0.00 B
  t=1s - 时间: 0.416933s | 显存: 0.00 B
  t=2s - 时间: 0.502473s | 显存: 0.00 B
  t=3s - 时间: 0.578983s | 显存: 0.00 B
  t=4s - 时间: 0.633612s | 显存: 0.00 B
  t=5s - 时间: 0.719295s | 显存: 0.00 B
  t=6s - 时间: 0.810745s | 显存: 0.00 B
  t=7s - 时间: 0.905647s | 显存: 0.00 B
  t=8s - 时间: 0.961115s | 显存: 0.00 B
  t=9s - 时间: 1.033157s | 显存: 0.00 B

[19秒 PDE求解]
  t=19.0s - 时间: 1.816662s | 显存: 0.00 B

[PDE求解部分] 总时间: 1.817020s | 显存: 0.00 B

[本步骤总计] 时间: 8.400213s | 显存: 4.11 GB
orginal_loss:  tensor(19426.0977, device='cuda:0', grad_fn=<MseLossBackward0>)
[Step 1] Backward Propagation - Time: 20.5156s, Mem: -4410040320.00 B
x_adv.requires_grad:  True
pred_19.requires_grad, true_19.requires_grad:  True True
Autograd grad max:  tensor(34.7159, device='cuda:0')
Autograd grad min:  tensor(-40.8230, device='cuda:0')
Autograd grad mean:  tensor(0.0466, device='cuda:0')
[Step 1] PGD Update - Time: 0.0011s, Mem: 0.00 B

[Step 1] 完整步骤总时间: 28.925448s | 总显存: -524288.00 B
[Step 1] 峰值显存: 6.22 GB

[Step 2] ============ 详细性能分析 ============
[模型部分] 总时间: 6.438472s | 显存: 4.12 GB

[0-9秒 PDE求解详细性能]
  t=0s - 时间: 0.000000s | 显存: 0.00 B
  t=1s - 时间: 0.415214s | 显存: 0.00 B
  t=2s - 时间: 0.497186s | 显存: 0.00 B
  t=3s - 时间: 0.563808s | 显存: 0.00 B
  t=4s - 时间: 0.627937s | 显存: 0.00 B
  t=5s - 时间: 0.695593s | 显存: 0.00 B
  t=6s - 时间: 0.799782s | 显存: 0.00 B
  t=7s - 时间: 0.871175s | 显存: 0.00 B
  t=8s - 时间: 0.937101s | 显存: 0.00 B
  t=9s - 时间: 1.009336s | 显存: 0.00 B

[19秒 PDE求解]
  t=19.0s - 时间: 1.848542s | 显存: 0.00 B

[PDE求解部分] 总时间: 1.848879s | 显存: 0.00 B

[本步骤总计] 时间: 8.287350s | 显存: 4.12 GB
orginal_loss:  tensor(46431.4531, device='cuda:0', grad_fn=<MseLossBackward0>)
[Step 2] Backward Propagation - Time: 20.6005s, Mem: -4413235200.00 B
x_adv.requires_grad:  True
pred_19.requires_grad, true_19.requires_grad:  True True
Autograd grad max:  tensor(46.1330, device='cuda:0')
Autograd grad min:  tensor(-41.8033, device='cuda:0')
Autograd grad mean:  tensor(-0.0847, device='cuda:0')
[Step 2] PGD Update - Time: 0.0010s, Mem: 0.00 B

[Step 2] 完整步骤总时间: 28.893454s | 总显存: 0.00 B
[Step 2] 峰值显存: 6.22 GB

[Step 3] ============ 详细性能分析 ============
[模型部分] 总时间: 6.614521s | 显存: 4.12 GB

[0-9秒 PDE求解详细性能]
  t=0s - 时间: 0.000000s | 显存: 0.00 B
  t=1s - 时间: 0.413754s | 显存: 0.00 B
  t=2s - 时间: 0.493240s | 显存: 0.00 B
  t=3s - 时间: 0.563722s | 显存: 0.00 B
  t=4s - 时间: 0.658443s | 显存: 0.00 B
  t=5s - 时间: 0.718827s | 显存: 0.00 B
  t=6s - 时间: 0.780026s | 显存: 0.00 B
  t=7s - 时间: 0.905901s | 显存: 0.00 B
  t=8s - 时间: 0.999381s | 显存: 0.00 B
  t=9s - 时间: 1.059820s | 显存: 0.00 B

[19秒 PDE求解]
  t=19.0s - 时间: 1.834418s | 显存: 0.00 B

[PDE求解部分] 总时间: 1.834774s | 显存: 0.00 B

[本步骤总计] 时间: 8.449295s | 显存: 4.12 GB
orginal_loss:  tensor(54792.4766, device='cuda:0', grad_fn=<MseLossBackward0>)
[Step 3] Backward Propagation - Time: 20.7820s, Mem: -4413235200.00 B
x_adv.requires_grad:  True
pred_19.requires_grad, true_19.requires_grad:  True True
Autograd grad max:  tensor(84.1226, device='cuda:0')
Autograd grad min:  tensor(-70.1535, device='cuda:0')
Autograd grad mean:  tensor(-0.0676, device='cuda:0')
[Step 3] PGD Update - Time: 0.0013s, Mem: 0.00 B

[Step 3] 完整步骤总时间: 29.237727s | 总显存: 0.00 B
[Step 3] 峰值显存: 6.22 GB

[Step 4] ============ 详细性能分析 ============
[模型部分] 总时间: 6.586350s | 显存: 4.12 GB

[0-9秒 PDE求解详细性能]
  t=0s - 时间: 0.000000s | 显存: 0.00 B
  t=1s - 时间: 0.449038s | 显存: 0.00 B
  t=2s - 时间: 0.504009s | 显存: 0.00 B
  t=3s - 时间: 0.550292s | 显存: 0.00 B
  t=4s - 时间: 0.647705s | 显存: 0.00 B
  t=5s - 时间: 0.744030s | 显存: 0.00 B
  t=6s - 时间: 0.800656s | 显存: 0.00 B
  t=7s - 时间: 0.901296s | 显存: 0.00 B
  t=8s - 时间: 0.957568s | 显存: 0.00 B
  t=9s - 时间: 1.010310s | 显存: 0.00 B

[19秒 PDE求解]
  t=19.0s - 时间: 1.785044s | 显存: 0.00 B

[PDE求解部分] 总时间: 1.785394s | 显存: 0.00 B

[本步骤总计] 时间: 8.371744s | 显存: 4.12 GB
orginal_loss:  tensor(92187.9297, device='cuda:0', grad_fn=<MseLossBackward0>)
[Step 4] Backward Propagation - Time: 20.7740s, Mem: -4413235200.00 B
x_adv.requires_grad:  True
pred_19.requires_grad, true_19.requires_grad:  True True
Autograd grad max:  tensor(324.4565, device='cuda:0')
Autograd grad min:  tensor(-242.2847, device='cuda:0')
Autograd grad mean:  tensor(0.8742, device='cuda:0')
[Step 4] PGD Update - Time: 0.0013s, Mem: 0.00 B

[Step 4] 完整步骤总时间: 29.151566s | 总显存: 0.00 B
[Step 4] 峰值显存: 6.22 GB

[Step 5] ============ 详细性能分析 ============
[模型部分] 总时间: 6.537358s | 显存: 4.12 GB

[0-9秒 PDE求解详细性能]
  t=0s - 时间: 0.000000s | 显存: 0.00 B
  t=1s - 时间: 0.397695s | 显存: 0.00 B
  t=2s - 时间: 0.476765s | 显存: 0.00 B
  t=3s - 时间: 0.553449s | 显存: 0.00 B
  t=4s - 时间: 0.636750s | 显存: 0.00 B
  t=5s - 时间: 0.716603s | 显存: 0.00 B
  t=6s - 时间: 0.887352s | 显存: 0.00 B
  t=7s - 时间: 0.865973s | 显存: 0.00 B
  t=8s - 时间: 0.945575s | 显存: 0.00 B
  t=9s - 时间: 1.035562s | 显存: 0.00 B

[19秒 PDE求解]
  t=19.0s - 时间: 1.796142s | 显存: 0.00 B

[PDE求解部分] 总时间: 1.796489s | 显存: 0.00 B

[本步骤总计] 时间: 8.333847s | 显存: 4.12 GB
orginal_loss:  tensor(50097.0078, device='cuda:0', grad_fn=<MseLossBackward0>)
[Step 5] Backward Propagation - Time: 20.7945s, Mem: -4413235200.00 B
x_adv.requires_grad:  True
pred_19.requires_grad, true_19.requires_grad:  True True
Autograd grad max:  tensor(97.0887, device='cuda:0')
Autograd grad min:  tensor(-86.2390, device='cuda:0')
Autograd grad mean:  tensor(0.2614, device='cuda:0')
[Step 5] PGD Update - Time: 0.0013s, Mem: 0.00 B

[Step 5] 完整步骤总时间: 29.134484s | 总显存: 0.00 B
[Step 5] 峰值显存: 6.22 GB

[Step 6] ============ 详细性能分析 ============
[模型部分] 总时间: 6.470881s | 显存: 4.12 GB

[0-9秒 PDE求解详细性能]
  t=0s - 时间: 0.000000s | 显存: 0.00 B
  t=1s - 时间: 0.404956s | 显存: 0.00 B
  t=2s - 时间: 0.487525s | 显存: 0.00 B
  t=3s - 时间: 0.571077s | 显存: 0.00 B
  t=4s - 时间: 0.621204s | 显存: 0.00 B
  t=5s - 时间: 0.709715s | 显存: 0.00 B
  t=6s - 时间: 0.796054s | 显存: 0.00 B
  t=7s - 时间: 0.874447s | 显存: 0.00 B
  t=8s - 时间: 0.949003s | 显存: 0.00 B
  t=9s - 时间: 1.035706s | 显存: 0.00 B

[19秒 PDE求解]
  t=19.0s - 时间: 1.820257s | 显存: 0.00 B

[PDE求解部分] 总时间: 1.820573s | 显存: 0.00 B

[本步骤总计] 时间: 8.291453s | 显存: 4.12 GB
orginal_loss:  tensor(102978.5312, device='cuda:0', grad_fn=<MseLossBackward0>)
[Step 6] Backward Propagation - Time: 20.9136s, Mem: -4413235200.00 B
x_adv.requires_grad:  True
pred_19.requires_grad, true_19.requires_grad:  True True
Autograd grad max:  tensor(165.2787, device='cuda:0')
Autograd grad min:  tensor(-139.3123, device='cuda:0')
Autograd grad mean:  tensor(0.4822, device='cuda:0')
[Step 6] PGD Update - Time: 0.0013s, Mem: 0.00 B

[Step 6] 完整步骤总时间: 29.210902s | 总显存: 0.00 B
[Step 6] 峰值显存: 6.22 GB

[Step 7] ============ 详细性能分析 ============
[模型部分] 总时间: 6.380146s | 显存: 4.12 GB

[0-9秒 PDE求解详细性能]
  t=0s - 时间: 0.000000s | 显存: 0.00 B
  t=1s - 时间: 0.397199s | 显存: 0.00 B
  t=2s - 时间: 0.492607s | 显存: 0.00 B
  t=3s - 时间: 0.540727s | 显存: 0.00 B
  t=4s - 时间: 0.624062s | 显存: 0.00 B
  t=5s - 时间: 0.697876s | 显存: 0.00 B
  t=6s - 时间: 0.775595s | 显存: 0.00 B
  t=7s - 时间: 0.860642s | 显存: 0.00 B
  t=8s - 时间: 0.929978s | 显存: 0.00 B
  t=9s - 时间: 1.040169s | 显存: 0.00 B

[19秒 PDE求解]
  t=19.0s - 时间: 1.817307s | 显存: 0.00 B

[PDE求解部分] 总时间: 1.817657s | 显存: 0.00 B

[本步骤总计] 时间: 8.197803s | 显存: 4.12 GB
orginal_loss:  tensor(257636.9844, device='cuda:0', grad_fn=<MseLossBackward0>)
[Step 7] Backward Propagation - Time: 20.8822s, Mem: -4413235200.00 B
x_adv.requires_grad:  True
pred_19.requires_grad, true_19.requires_grad:  True True
Autograd grad max:  tensor(161.4379, device='cuda:0')
Autograd grad min:  tensor(-137.0848, device='cuda:0')
Autograd grad mean:  tensor(0.1606, device='cuda:0')
[Step 7] PGD Update - Time: 0.0014s, Mem: 0.00 B

[Step 7] 完整步骤总时间: 29.086159s | 总显存: 0.00 B
[Step 7] 峰值显存: 6.22 GB

[Step 8] ============ 详细性能分析 ============
[模型部分] 总时间: 6.944821s | 显存: 4.12 GB

[0-9秒 PDE求解详细性能]
  t=0s - 时间: 0.000000s | 显存: 0.00 B
  t=1s - 时间: 0.443380s | 显存: 0.00 B
  t=2s - 时间: 0.484938s | 显存: 0.00 B
  t=3s - 时间: 0.588394s | 显存: 0.00 B
  t=4s - 时间: 0.654483s | 显存: 0.00 B
  t=5s - 时间: 0.718477s | 显存: 0.00 B
  t=6s - 时间: 0.804268s | 显存: 0.00 B
  t=7s - 时间: 0.882296s | 显存: 0.00 B
  t=8s - 时间: 0.956382s | 显存: 0.00 B
  t=9s - 时间: 1.025345s | 显存: 0.00 B

[19秒 PDE求解]
  t=19.0s - 时间: 1.792745s | 显存: 0.00 B

[PDE求解部分] 总时间: 1.793071s | 显存: 0.00 B

[本步骤总计] 时间: 8.737892s | 显存: 4.12 GB
orginal_loss:  tensor(214068.9531, device='cuda:0', grad_fn=<MseLossBackward0>)
[Step 8] Backward Propagation - Time: 21.2973s, Mem: -4413235200.00 B
x_adv.requires_grad:  True
pred_19.requires_grad, true_19.requires_grad:  True True
Autograd grad max:  tensor(219.9384, device='cuda:0')
Autograd grad min:  tensor(-260.2241, device='cuda:0')
Autograd grad mean:  tensor(-0.0455, device='cuda:0')
[Step 8] PGD Update - Time: 0.0013s, Mem: 0.00 B

[Step 8] 完整步骤总时间: 30.041212s | 总显存: 0.00 B
[Step 8] 峰值显存: 6.22 GB

[Step 9] ============ 详细性能分析 ============
[模型部分] 总时间: 6.481539s | 显存: 4.12 GB

[0-9秒 PDE求解详细性能]
  t=0s - 时间: 0.000000s | 显存: 0.00 B
  t=1s - 时间: 0.388655s | 显存: 0.00 B
  t=2s - 时间: 0.464514s | 显存: 0.00 B
  t=3s - 时间: 0.554175s | 显存: 0.00 B
  t=4s - 时间: 0.638471s | 显存: 0.00 B
  t=5s - 时间: 0.725702s | 显存: 0.00 B
  t=6s - 时间: 0.788488s | 显存: 0.00 B
  t=7s - 时间: 0.900607s | 显存: 0.00 B
  t=8s - 时间: 0.950139s | 显存: 0.00 B
  t=9s - 时间: 1.049156s | 显存: 0.00 B

[19秒 PDE求解]
  t=19.0s - 时间: 1.839907s | 显存: 0.00 B

[PDE求解部分] 总时间: 1.840240s | 显存: 0.00 B

[本步骤总计] 时间: 8.321779s | 显存: 4.12 GB
orginal_loss:  tensor(62955.3164, device='cuda:0', grad_fn=<MseLossBackward0>)
[Step 9] Backward Propagation - Time: 21.0069s, Mem: -4413235200.00 B
x_adv.requires_grad:  True
pred_19.requires_grad, true_19.requires_grad:  True True
Autograd grad max:  tensor(118.6320, device='cuda:0')
Autograd grad min:  tensor(-91.2922, device='cuda:0')
Autograd grad mean:  tensor(-0.0866, device='cuda:0')
[Step 9] PGD Update - Time: 0.0012s, Mem: 0.00 B

[Step 9] 完整步骤总时间: 29.334690s | 总显存: 0.00 B
[Step 9] 峰值显存: 6.22 GB

[Step 10] ============ 详细性能分析 ============
[模型部分] 总时间: 6.614320s | 显存: 4.12 GB

[0-9秒 PDE求解详细性能]
  t=0s - 时间: 0.000000s | 显存: 0.00 B
  t=1s - 时间: 0.439779s | 显存: 0.00 B
  t=2s - 时间: 0.523347s | 显存: 0.00 B
  t=3s - 时间: 0.626343s | 显存: 0.00 B
  t=4s - 时间: 0.641361s | 显存: 0.00 B
  t=5s - 时间: 0.704561s | 显存: 0.00 B
  t=6s - 时间: 0.784545s | 显存: 0.00 B
  t=7s - 时间: 0.868216s | 显存: 0.00 B
  t=8s - 时间: 0.971262s | 显存: 0.00 B
  t=9s - 时间: 1.033640s | 显存: 0.00 B

[19秒 PDE求解]
  t=19.0s - 时间: 1.810876s | 显存: 0.00 B

[PDE求解部分] 总时间: 1.811208s | 显存: 0.00 B

[本步骤总计] 时间: 8.425528s | 显存: 4.12 GB
orginal_loss:  tensor(172141.9062, device='cuda:0', grad_fn=<MseLossBackward0>)
[Step 10] Backward Propagation - Time: 25.7272s, Mem: -4413235200.00 B
x_adv.requires_grad:  True
pred_19.requires_grad, true_19.requires_grad:  True True
Autograd grad max:  tensor(151.6886, device='cuda:0')
Autograd grad min:  tensor(-119.9844, device='cuda:0')
Autograd grad mean:  tensor(1.0123, device='cuda:0')
[Step 10] PGD Update - Time: 0.0013s, Mem: 0.00 B

[Step 10] 完整步骤总时间: 34.158595s | 总显存: 0.00 B
[Step 10] 峰值显存: 6.22 GB

[Step 11] ============ 详细性能分析 ============
[模型部分] 总时间: 6.473893s | 显存: 4.12 GB

[0-9秒 PDE求解详细性能]
  t=0s - 时间: 0.000000s | 显存: 0.00 B
  t=1s - 时间: 0.428507s | 显存: 0.00 B
  t=2s - 时间: 0.479626s | 显存: 0.00 B
  t=3s - 时间: 0.551147s | 显存: 0.00 B
  t=4s - 时间: 0.632126s | 显存: 0.00 B
  t=5s - 时间: 0.735009s | 显存: 0.00 B
  t=6s - 时间: 0.792884s | 显存: 0.00 B
  t=7s - 时间: 0.866915s | 显存: 0.00 B
  t=8s - 时间: 0.945675s | 显存: 0.00 B
  t=9s - 时间: 1.020398s | 显存: 0.00 B

[19秒 PDE求解]
  t=19.0s - 时间: 1.788690s | 显存: 0.00 B

[PDE求解部分] 总时间: 1.789012s | 显存: 0.00 B

[本步骤总计] 时间: 8.262905s | 显存: 4.12 GB
orginal_loss:  tensor(273750.5312, device='cuda:0', grad_fn=<MseLossBackward0>)
[Step 11] Backward Propagation - Time: 20.7924s, Mem: -4413235200.00 B
x_adv.requires_grad:  True
pred_19.requires_grad, true_19.requires_grad:  True True
Autograd grad max:  tensor(148.8529, device='cuda:0')
Autograd grad min:  tensor(-128.9642, device='cuda:0')
Autograd grad mean:  tensor(1.0811, device='cuda:0')
[Step 11] PGD Update - Time: 0.0014s, Mem: 0.00 B

[Step 11] 完整步骤总时间: 29.061367s | 总显存: 0.00 B
[Step 11] 峰值显存: 6.22 GB

[Step 12] ============ 详细性能分析 ============
[模型部分] 总时间: 6.571892s | 显存: 4.12 GB

[0-9秒 PDE求解详细性能]
  t=0s - 时间: 0.000000s | 显存: 0.00 B
  t=1s - 时间: 0.451368s | 显存: 0.00 B
  t=2s - 时间: 0.500413s | 显存: 0.00 B
  t=3s - 时间: 0.582821s | 显存: 0.00 B
  t=4s - 时间: 0.650698s | 显存: 0.00 B
  t=5s - 时间: 0.737572s | 显存: 0.00 B
  t=6s - 时间: 0.791396s | 显存: 0.00 B
  t=7s - 时间: 0.863299s | 显存: 0.00 B
  t=8s - 时间: 0.955323s | 显存: 0.00 B
  t=9s - 时间: 1.017660s | 显存: 0.00 B

[19秒 PDE求解]
  t=19.0s - 时间: 1.803836s | 显存: 0.00 B

[PDE求解部分] 总时间: 1.804199s | 显存: 0.00 B

[本步骤总计] 时间: 8.376091s | 显存: 4.12 GB
orginal_loss:  tensor(255389.9062, device='cuda:0', grad_fn=<MseLossBackward0>)
[Step 12] Backward Propagation - Time: 20.9032s, Mem: -4413235200.00 B
x_adv.requires_grad:  True
pred_19.requires_grad, true_19.requires_grad:  True True
Autograd grad max:  tensor(213.0095, device='cuda:0')
Autograd grad min:  tensor(-432.1076, device='cuda:0')
Autograd grad mean:  tensor(-0.5645, device='cuda:0')
[Step 12] PGD Update - Time: 0.0013s, Mem: 0.00 B

[Step 12] 完整步骤总时间: 29.285191s | 总显存: 0.00 B
[Step 12] 峰值显存: 6.22 GB

[Step 13] ============ 详细性能分析 ============
[模型部分] 总时间: 6.495576s | 显存: 4.12 GB

[0-9秒 PDE求解详细性能]
  t=0s - 时间: 0.000000s | 显存: 0.00 B
  t=1s - 时间: 0.415623s | 显存: 0.00 B
  t=2s - 时间: 0.480654s | 显存: 0.00 B
  t=3s - 时间: 0.543032s | 显存: 0.00 B
  t=4s - 时间: 0.625142s | 显存: 0.00 B
  t=5s - 时间: 0.716232s | 显存: 0.00 B
  t=6s - 时间: 0.788650s | 显存: 0.00 B
  t=7s - 时间: 0.895567s | 显存: 0.00 B
  t=8s - 时间: 0.992523s | 显存: 0.00 B
  t=9s - 时间: 1.016817s | 显存: 0.00 B

[19秒 PDE求解]
  t=19.0s - 时间: 1.819350s | 显存: 0.00 B

[PDE求解部分] 总时间: 1.819794s | 显存: 0.00 B

[本步骤总计] 时间: 8.315370s | 显存: 4.12 GB
orginal_loss:  tensor(289938.8438, device='cuda:0', grad_fn=<MseLossBackward0>)
[Step 13] Backward Propagation - Time: 20.8986s, Mem: -4413235200.00 B
x_adv.requires_grad:  True
pred_19.requires_grad, true_19.requires_grad:  True True
Autograd grad max:  tensor(213.2381, device='cuda:0')
Autograd grad min:  tensor(-324.6851, device='cuda:0')
Autograd grad mean:  tensor(0.6062, device='cuda:0')
[Step 13] PGD Update - Time: 0.0013s, Mem: 0.00 B

[Step 13] 完整步骤总时间: 29.219992s | 总显存: 0.00 B
[Step 13] 峰值显存: 6.22 GB

[Step 14] ============ 详细性能分析 ============
[模型部分] 总时间: 6.490214s | 显存: 4.12 GB

[0-9秒 PDE求解详细性能]
  t=0s - 时间: 0.000000s | 显存: 0.00 B
  t=1s - 时间: 0.427294s | 显存: 0.00 B
  t=2s - 时间: 0.488509s | 显存: 0.00 B
  t=3s - 时间: 0.553856s | 显存: 0.00 B
  t=4s - 时间: 0.622182s | 显存: 0.00 B
  t=5s - 时间: 0.702745s | 显存: 0.00 B
  t=6s - 时间: 0.782604s | 显存: 0.00 B
  t=7s - 时间: 0.881418s | 显存: 0.00 B
  t=8s - 时间: 0.973872s | 显存: 0.00 B
  t=9s - 时间: 1.036289s | 显存: 0.00 B

[19秒 PDE求解]
  t=19.0s - 时间: 1.823795s | 显存: 0.00 B

[PDE求解部分] 总时间: 1.824139s | 显存: 0.00 B

[本步骤总计] 时间: 8.314353s | 显存: 4.12 GB
orginal_loss:  tensor(289308.8438, device='cuda:0', grad_fn=<MseLossBackward0>)
[Step 14] Backward Propagation - Time: 20.8504s, Mem: -4413235200.00 B
x_adv.requires_grad:  True
pred_19.requires_grad, true_19.requires_grad:  True True
Autograd grad max:  tensor(153.1666, device='cuda:0')
Autograd grad min:  tensor(-184.5275, device='cuda:0')
Autograd grad mean:  tensor(0.5747, device='cuda:0')
[Step 14] PGD Update - Time: 0.0010s, Mem: 0.00 B

[Step 14] 完整步骤总时间: 29.171063s | 总显存: 0.00 B
[Step 14] 峰值显存: 6.22 GB

[Step 15] ============ 详细性能分析 ============
[模型部分] 总时间: 6.456608s | 显存: 4.12 GB

[0-9秒 PDE求解详细性能]
  t=0s - 时间: 0.000000s | 显存: 0.00 B
  t=1s - 时间: 0.396292s | 显存: 0.00 B
  t=2s - 时间: 0.465708s | 显存: 0.00 B
  t=3s - 时间: 0.545174s | 显存: 0.00 B
  t=4s - 时间: 0.644807s | 显存: 0.00 B
  t=5s - 时间: 0.729852s | 显存: 0.00 B
  t=6s - 时间: 0.801750s | 显存: 0.00 B
  t=7s - 时间: 0.874634s | 显存: 0.00 B
  t=8s - 时间: 0.964151s | 显存: 0.00 B
  t=9s - 时间: 1.012966s | 显存: 0.00 B

[19秒 PDE求解]
  t=19.0s - 时间: 1.805518s | 显存: 0.00 B

[PDE求解部分] 总时间: 1.805875s | 显存: 0.00 B

[本步骤总计] 时间: 8.262483s | 显存: 4.12 GB
orginal_loss:  tensor(138060.9062, device='cuda:0', grad_fn=<MseLossBackward0>)
[Step 15] Backward Propagation - Time: 20.7127s, Mem: -4413235200.00 B
x_adv.requires_grad:  True
pred_19.requires_grad, true_19.requires_grad:  True True
Autograd grad max:  tensor(587.9706, device='cuda:0')
Autograd grad min:  tensor(-537.0714, device='cuda:0')
Autograd grad mean:  tensor(1.0361, device='cuda:0')
[Step 15] PGD Update - Time: 0.0013s, Mem: 0.00 B

[Step 15] 完整步骤总时间: 28.981181s | 总显存: 0.00 B
[Step 15] 峰值显存: 6.22 GB

[Step 16] ============ 详细性能分析 ============
[模型部分] 总时间: 6.525759s | 显存: 4.12 GB

[0-9秒 PDE求解详细性能]
  t=0s - 时间: 0.000000s | 显存: 0.00 B
  t=1s - 时间: 0.432714s | 显存: 0.00 B
  t=2s - 时间: 0.503077s | 显存: 0.00 B
  t=3s - 时间: 0.547315s | 显存: 0.00 B
  t=4s - 时间: 0.626423s | 显存: 0.00 B
  t=5s - 时间: 0.708330s | 显存: 0.00 B
  t=6s - 时间: 0.798896s | 显存: 0.00 B
  t=7s - 时间: 0.886516s | 显存: 0.00 B
  t=8s - 时间: 0.965192s | 显存: 0.00 B
  t=9s - 时间: 1.035799s | 显存: 0.00 B

[19秒 PDE求解]
  t=19.0s - 时间: 1.823572s | 显存: 0.00 B

[PDE求解部分] 总时间: 1.823909s | 显存: 0.00 B

[本步骤总计] 时间: 8.349669s | 显存: 4.12 GB
orginal_loss:  tensor(207766.9062, device='cuda:0', grad_fn=<MseLossBackward0>)
[Step 16] Backward Propagation - Time: 20.8240s, Mem: -4413235200.00 B
x_adv.requires_grad:  True
pred_19.requires_grad, true_19.requires_grad:  True True
Autograd grad max:  tensor(413.1818, device='cuda:0')
Autograd grad min:  tensor(-594.2480, device='cuda:0')
Autograd grad mean:  tensor(-1.7566, device='cuda:0')
[Step 16] PGD Update - Time: 0.0013s, Mem: 0.00 B

[Step 16] 完整步骤总时间: 29.179294s | 总显存: 0.00 B
[Step 16] 峰值显存: 6.22 GB

[Step 17] ============ 详细性能分析 ============
[模型部分] 总时间: 6.479854s | 显存: 4.12 GB

[0-9秒 PDE求解详细性能]
  t=0s - 时间: 0.000000s | 显存: 0.00 B
  t=1s - 时间: 0.424750s | 显存: 0.00 B
  t=2s - 时间: 0.472243s | 显存: 0.00 B
  t=3s - 时间: 0.551983s | 显存: 0.00 B
  t=4s - 时间: 0.630777s | 显存: 0.00 B
  t=5s - 时间: 0.714519s | 显存: 0.00 B
  t=6s - 时间: 0.796414s | 显存: 0.00 B
  t=7s - 时间: 0.897102s | 显存: 0.00 B
  t=8s - 时间: 0.941081s | 显存: 0.00 B
  t=9s - 时间: 1.029861s | 显存: 0.00 B

[19秒 PDE求解]
  t=19.0s - 时间: 1.802237s | 显存: 0.00 B

[PDE求解部分] 总时间: 1.802611s | 显存: 0.00 B

[本步骤总计] 时间: 8.282465s | 显存: 4.12 GB
orginal_loss:  tensor(275193.5000, device='cuda:0', grad_fn=<MseLossBackward0>)
[Step 17] Backward Propagation - Time: 20.3998s, Mem: -4413235200.00 B
x_adv.requires_grad:  True
pred_19.requires_grad, true_19.requires_grad:  True True
Autograd grad max:  tensor(243.0453, device='cuda:0')
Autograd grad min:  tensor(-380.4240, device='cuda:0')
Autograd grad mean:  tensor(0.2960, device='cuda:0')
[Step 17] PGD Update - Time: 0.0012s, Mem: 0.00 B

[Step 17] 完整步骤总时间: 28.687816s | 总显存: 0.00 B
[Step 17] 峰值显存: 6.22 GB

[Step 18] ============ 详细性能分析 ============
[模型部分] 总时间: 6.442474s | 显存: 4.12 GB

[0-9秒 PDE求解详细性能]
  t=0s - 时间: 0.000000s | 显存: 0.00 B
  t=1s - 时间: 0.383362s | 显存: 0.00 B
  t=2s - 时间: 0.471491s | 显存: 0.00 B
  t=3s - 时间: 0.568111s | 显存: 0.00 B
  t=4s - 时间: 0.625066s | 显存: 0.00 B
  t=5s - 时间: 0.708491s | 显存: 0.00 B
  t=6s - 时间: 0.819104s | 显存: 0.00 B
  t=7s - 时间: 0.863225s | 显存: 0.00 B
  t=8s - 时间: 0.950771s | 显存: 0.00 B
  t=9s - 时间: 1.031172s | 显存: 0.00 B

[19秒 PDE求解]
  t=19.0s - 时间: 1.825000s | 显存: 0.00 B

[PDE求解部分] 总时间: 1.825331s | 显存: 0.00 B

[本步骤总计] 时间: 8.267806s | 显存: 4.12 GB
orginal_loss:  tensor(227127.3438, device='cuda:0', grad_fn=<MseLossBackward0>)
[Step 18] Backward Propagation - Time: 20.8754s, Mem: -4413235200.00 B
x_adv.requires_grad:  True
pred_19.requires_grad, true_19.requires_grad:  True True
Autograd grad max:  tensor(276.9615, device='cuda:0')
Autograd grad min:  tensor(-402.5546, device='cuda:0')
Autograd grad mean:  tensor(-1.3229, device='cuda:0')
[Step 18] PGD Update - Time: 0.0013s, Mem: 0.00 B

[Step 18] 完整步骤总时间: 29.149512s | 总显存: 0.00 B
[Step 18] 峰值显存: 6.22 GB

[Step 19] ============ 详细性能分析 ============
[模型部分] 总时间: 6.644604s | 显存: 4.12 GB

[0-9秒 PDE求解详细性能]
  t=0s - 时间: 0.000000s | 显存: 0.00 B
  t=1s - 时间: 0.445140s | 显存: 0.00 B
  t=2s - 时间: 0.503581s | 显存: 0.00 B
  t=3s - 时间: 0.581332s | 显存: 0.00 B
  t=4s - 时间: 0.675880s | 显存: 0.00 B
  t=5s - 时间: 0.740955s | 显存: 0.00 B
  t=6s - 时间: 0.807497s | 显存: 0.00 B
  t=7s - 时间: 0.865211s | 显存: 0.00 B
  t=8s - 时间: 0.970477s | 显存: 0.00 B
  t=9s - 时间: 1.033277s | 显存: 0.00 B

[19秒 PDE求解]
  t=19.0s - 时间: 1.795388s | 显存: 0.00 B

[PDE求解部分] 总时间: 1.795714s | 显存: 0.00 B

[本步骤总计] 时间: 8.440318s | 显存: 4.12 GB
orginal_loss:  tensor(295875.6875, device='cuda:0', grad_fn=<MseLossBackward0>)
[Step 19] Backward Propagation - Time: 20.7531s, Mem: -4413235200.00 B
x_adv.requires_grad:  True
pred_19.requires_grad, true_19.requires_grad:  True True
Autograd grad max:  tensor(291.9431, device='cuda:0')
Autograd grad min:  tensor(-448.7864, device='cuda:0')
Autograd grad mean:  tensor(-0.4752, device='cuda:0')
[Step 19] PGD Update - Time: 0.0013s, Mem: 0.00 B

[Step 19] 完整步骤总时间: 29.199209s | 总显存: 0.00 B
[Step 19] 峰值显存: 6.22 GB

[Step 20] ============ 详细性能分析 ============
[模型部分] 总时间: 6.547264s | 显存: 4.12 GB

[0-9秒 PDE求解详细性能]
  t=0s - 时间: 0.000000s | 显存: 0.00 B
  t=1s - 时间: 0.419387s | 显存: 0.00 B
  t=2s - 时间: 0.490480s | 显存: 0.00 B
  t=3s - 时间: 0.572827s | 显存: 0.00 B
  t=4s - 时间: 0.652744s | 显存: 0.00 B
  t=5s - 时间: 0.723941s | 显存: 0.00 B
  t=6s - 时间: 0.826456s | 显存: 0.00 B
  t=7s - 时间: 0.887699s | 显存: 0.00 B
  t=8s - 时间: 0.938833s | 显存: 0.00 B
  t=9s - 时间: 1.013514s | 显存: 0.00 B

[19秒 PDE求解]
  t=19.0s - 时间: 1.807715s | 显存: 0.00 B

[PDE求解部分] 总时间: 1.808141s | 显存: 0.00 B

[本步骤总计] 时间: 8.355405s | 显存: 4.12 GB
orginal_loss:  tensor(152525.7344, device='cuda:0', grad_fn=<MseLossBackward0>)
[Step 20] Backward Propagation - Time: 20.9828s, Mem: -4413235200.00 B
x_adv.requires_grad:  True
pred_19.requires_grad, true_19.requires_grad:  True True
Autograd grad max:  tensor(244.2413, device='cuda:0')
Autograd grad min:  tensor(-297.8663, device='cuda:0')
Autograd grad mean:  tensor(-0.2004, device='cuda:0')
[Step 20] PGD Update - Time: 0.0012s, Mem: 0.00 B

[Step 20] 完整步骤总时间: 29.344944s | 总显存: 0.00 B
[Step 20] 峰值显存: 6.22 GB

[Step 21] ============ 详细性能分析 ============
[模型部分] 总时间: 6.511567s | 显存: 4.12 GB

[0-9秒 PDE求解详细性能]
  t=0s - 时间: 0.000000s | 显存: 0.00 B
  t=1s - 时间: 0.442642s | 显存: 0.00 B
  t=2s - 时间: 0.468724s | 显存: 0.00 B
  t=3s - 时间: 0.531295s | 显存: 0.00 B
  t=4s - 时间: 0.620231s | 显存: 0.00 B
  t=5s - 时间: 0.717780s | 显存: 0.00 B
  t=6s - 时间: 0.824467s | 显存: 0.00 B
  t=7s - 时间: 0.895758s | 显存: 0.00 B
  t=8s - 时间: 0.948707s | 显存: 0.00 B
  t=9s - 时间: 1.040248s | 显存: 0.00 B

[19秒 PDE求解]
  t=19.0s - 时间: 1.836270s | 显存: 0.00 B

[PDE求解部分] 总时间: 1.836612s | 显存: 0.00 B

[本步骤总计] 时间: 8.348178s | 显存: 4.12 GB
orginal_loss:  tensor(161185.0156, device='cuda:0', grad_fn=<MseLossBackward0>)
[Step 21] Backward Propagation - Time: 20.8760s, Mem: -4413235200.00 B
x_adv.requires_grad:  True
pred_19.requires_grad, true_19.requires_grad:  True True
Autograd grad max:  tensor(507.9808, device='cuda:0')
Autograd grad min:  tensor(-514.6422, device='cuda:0')
Autograd grad mean:  tensor(-0.4175, device='cuda:0')
[Step 21] PGD Update - Time: 0.0011s, Mem: 0.00 B

[Step 21] 完整步骤总时间: 29.230595s | 总显存: 0.00 B
[Step 21] 峰值显存: 6.22 GB

[Step 22] ============ 详细性能分析 ============
[模型部分] 总时间: 6.394919s | 显存: 4.12 GB

[0-9秒 PDE求解详细性能]
  t=0s - 时间: 0.000000s | 显存: 0.00 B
  t=1s - 时间: 0.417134s | 显存: 0.00 B
  t=2s - 时间: 0.484318s | 显存: 0.00 B
  t=3s - 时间: 0.539000s | 显存: 0.00 B
  t=4s - 时间: 0.635091s | 显存: 0.00 B
  t=5s - 时间: 0.714280s | 显存: 0.00 B
  t=6s - 时间: 0.780077s | 显存: 0.00 B
  t=7s - 时间: 0.860605s | 显存: 0.00 B
  t=8s - 时间: 0.936549s | 显存: 0.00 B
  t=9s - 时间: 1.006527s | 显存: 0.00 B

[19秒 PDE求解]
  t=19.0s - 时间: 1.798745s | 显存: 0.00 B

[PDE求解部分] 总时间: 1.799164s | 显存: 0.00 B

[本步骤总计] 时间: 8.194083s | 显存: 4.12 GB
orginal_loss:  tensor(172272.7969, device='cuda:0', grad_fn=<MseLossBackward0>)
[Step 22] Backward Propagation - Time: 26.1806s, Mem: -4413235200.00 B
x_adv.requires_grad:  True
pred_19.requires_grad, true_19.requires_grad:  True True
Autograd grad max:  tensor(740.8060, device='cuda:0')
Autograd grad min:  tensor(-765.8313, device='cuda:0')
Autograd grad mean:  tensor(-0.6509, device='cuda:0')
[Step 22] PGD Update - Time: 0.0014s, Mem: 0.00 B

[Step 22] 完整步骤总时间: 34.380792s | 总显存: 0.00 B
[Step 22] 峰值显存: 6.22 GB

[Step 23] ============ 详细性能分析 ============
[模型部分] 总时间: 6.642841s | 显存: 4.12 GB

[0-9秒 PDE求解详细性能]
  t=0s - 时间: 0.000000s | 显存: 0.00 B
  t=1s - 时间: 0.428678s | 显存: 0.00 B
  t=2s - 时间: 0.502775s | 显存: 0.00 B
  t=3s - 时间: 0.577405s | 显存: 0.00 B
  t=4s - 时间: 0.663322s | 显存: 0.00 B
  t=5s - 时间: 0.735630s | 显存: 0.00 B
  t=6s - 时间: 0.807938s | 显存: 0.00 B
  t=7s - 时间: 0.883243s | 显存: 0.00 B
  t=8s - 时间: 0.979191s | 显存: 0.00 B
  t=9s - 时间: 1.043231s | 显存: 0.00 B

[19秒 PDE求解]
  t=19.0s - 时间: 1.842849s | 显存: 0.00 B

[PDE求解部分] 总时间: 1.843185s | 显存: 0.00 B

[本步骤总计] 时间: 8.486025s | 显存: 4.12 GB
orginal_loss:  tensor(427144.9375, device='cuda:0', grad_fn=<MseLossBackward0>)
[Step 23] Backward Propagation - Time: 20.8465s, Mem: -4413235200.00 B
x_adv.requires_grad:  True
pred_19.requires_grad, true_19.requires_grad:  True True
Autograd grad max:  tensor(716.1731, device='cuda:0')
Autograd grad min:  tensor(-468.3911, device='cuda:0')
Autograd grad mean:  tensor(1.4643, device='cuda:0')
[Step 23] PGD Update - Time: 0.0013s, Mem: 0.00 B

[Step 23] 完整步骤总时间: 29.338507s | 总显存: 0.00 B
[Step 23] 峰值显存: 6.22 GB

[Step 24] ============ 详细性能分析 ============
[模型部分] 总时间: 6.477992s | 显存: 4.12 GB

[0-9秒 PDE求解详细性能]
  t=0s - 时间: 0.000000s | 显存: 0.00 B
  t=1s - 时间: 0.424794s | 显存: 0.00 B
  t=2s - 时间: 0.491732s | 显存: 0.00 B
  t=3s - 时间: 0.560679s | 显存: 0.00 B
  t=4s - 时间: 0.623793s | 显存: 0.00 B
  t=5s - 时间: 0.709385s | 显存: 0.00 B
  t=6s - 时间: 0.781468s | 显存: 0.00 B
  t=7s - 时间: 0.867955s | 显存: 0.00 B
  t=8s - 时间: 0.950254s | 显存: 0.00 B
  t=9s - 时间: 1.046713s | 显存: 0.00 B

[19秒 PDE求解]
  t=19.0s - 时间: 1.792781s | 显存: 0.00 B

[PDE求解部分] 总时间: 1.793144s | 显存: 0.00 B

[本步骤总计] 时间: 8.271137s | 显存: 4.12 GB
orginal_loss:  tensor(230956.6875, device='cuda:0', grad_fn=<MseLossBackward0>)
[Step 24] Backward Propagation - Time: 21.1778s, Mem: -4413235200.00 B
x_adv.requires_grad:  True
pred_19.requires_grad, true_19.requires_grad:  True True
Autograd grad max:  tensor(565.5693, device='cuda:0')
Autograd grad min:  tensor(-439.3097, device='cuda:0')
Autograd grad mean:  tensor(-1.2124, device='cuda:0')
[Step 24] PGD Update - Time: 0.0014s, Mem: 0.00 B

[Step 24] 完整步骤总时间: 29.454943s | 总显存: 0.00 B
[Step 24] 峰值显存: 6.22 GB

[Step 25] ============ 详细性能分析 ============
[模型部分] 总时间: 6.635068s | 显存: 4.12 GB

[0-9秒 PDE求解详细性能]
  t=0s - 时间: 0.000000s | 显存: 0.00 B
  t=1s - 时间: 0.438266s | 显存: 0.00 B
  t=2s - 时间: 0.501983s | 显存: 0.00 B
  t=3s - 时间: 0.581946s | 显存: 0.00 B
  t=4s - 时间: 0.653323s | 显存: 0.00 B
  t=5s - 时间: 0.731235s | 显存: 0.00 B
  t=6s - 时间: 0.790706s | 显存: 0.00 B
  t=7s - 时间: 0.907560s | 显存: 0.00 B
  t=8s - 时间: 0.950650s | 显存: 0.00 B
  t=9s - 时间: 1.057906s | 显存: 0.00 B

[19秒 PDE求解]
  t=19.0s - 时间: 1.818216s | 显存: 0.00 B

[PDE求解部分] 总时间: 1.818549s | 显存: 0.00 B

[本步骤总计] 时间: 8.453618s | 显存: 4.12 GB
orginal_loss:  tensor(411327.8125, device='cuda:0', grad_fn=<MseLossBackward0>)
[Step 25] Backward Propagation - Time: 21.0074s, Mem: -4413235200.00 B
x_adv.requires_grad:  True
pred_19.requires_grad, true_19.requires_grad:  True True
Autograd grad max:  tensor(1987.5878, device='cuda:0')
Autograd grad min:  tensor(-1512.2518, device='cuda:0')
Autograd grad mean:  tensor(5.2999, device='cuda:0')
[Step 25] PGD Update - Time: 0.0011s, Mem: 0.00 B

[Step 25] 完整步骤总时间: 29.466527s | 总显存: 0.00 B
[Step 25] 峰值显存: 6.22 GB

[Step 26] ============ 详细性能分析 ============
[模型部分] 总时间: 6.767722s | 显存: 4.12 GB

[0-9秒 PDE求解详细性能]
  t=0s - 时间: 0.000000s | 显存: 0.00 B
  t=1s - 时间: 0.449965s | 显存: 0.00 B
  t=2s - 时间: 0.498019s | 显存: 0.00 B
  t=3s - 时间: 0.619215s | 显存: 0.00 B
  t=4s - 时间: 0.770609s | 显存: 0.00 B
  t=5s - 时间: 0.737031s | 显存: 0.00 B
  t=6s - 时间: 0.816244s | 显存: 0.00 B
  t=7s - 时间: 0.897601s | 显存: 0.00 B
  t=8s - 时间: 0.944385s | 显存: 0.00 B
  t=9s - 时间: 1.013422s | 显存: 0.00 B

[19秒 PDE求解]
  t=19.0s - 时间: 1.803155s | 显存: 0.00 B

[PDE求解部分] 总时间: 1.803535s | 显存: 0.00 B

[本步骤总计] 时间: 8.571258s | 显存: 4.12 GB
orginal_loss:  tensor(285101.7812, device='cuda:0', grad_fn=<MseLossBackward0>)
[Step 26] Backward Propagation - Time: 20.8165s, Mem: -4413235200.00 B
x_adv.requires_grad:  True
pred_19.requires_grad, true_19.requires_grad:  True True
Autograd grad max:  tensor(491.0410, device='cuda:0')
Autograd grad min:  tensor(-600.9990, device='cuda:0')
Autograd grad mean:  tensor(0.0897, device='cuda:0')
[Step 26] PGD Update - Time: 0.0013s, Mem: 0.00 B

[Step 26] 完整步骤总时间: 29.393317s | 总显存: 0.00 B
[Step 26] 峰值显存: 6.22 GB

[Step 27] ============ 详细性能分析 ============
[模型部分] 总时间: 6.674162s | 显存: 4.12 GB

[0-9秒 PDE求解详细性能]
  t=0s - 时间: 0.000000s | 显存: 0.00 B
  t=1s - 时间: 0.433282s | 显存: 0.00 B
  t=2s - 时间: 0.495653s | 显存: 0.00 B
  t=3s - 时间: 0.584931s | 显存: 0.00 B
  t=4s - 时间: 0.660008s | 显存: 0.00 B
  t=5s - 时间: 0.743222s | 显存: 0.00 B
  t=6s - 时间: 0.824192s | 显存: 0.00 B
  t=7s - 时间: 0.896143s | 显存: 0.00 B
  t=8s - 时间: 0.964020s | 显存: 0.00 B
  t=9s - 时间: 1.051120s | 显存: 0.00 B

[19秒 PDE求解]
  t=19.0s - 时间: 1.816965s | 显存: 0.00 B

[PDE求解部分] 总时间: 1.817313s | 显存: 0.00 B

[本步骤总计] 时间: 8.491474s | 显存: 4.12 GB
orginal_loss:  tensor(272086.3438, device='cuda:0', grad_fn=<MseLossBackward0>)
[Step 27] Backward Propagation - Time: 20.9006s, Mem: -4413235200.00 B
x_adv.requires_grad:  True
pred_19.requires_grad, true_19.requires_grad:  True True
Autograd grad max:  tensor(726.3359, device='cuda:0')
Autograd grad min:  tensor(-932.3986, device='cuda:0')
Autograd grad mean:  tensor(5.6002, device='cuda:0')
[Step 27] PGD Update - Time: 0.0013s, Mem: 0.00 B

[Step 27] 完整步骤总时间: 29.398254s | 总显存: 0.00 B
[Step 27] 峰值显存: 6.22 GB

[Step 28] ============ 详细性能分析 ============
[模型部分] 总时间: 6.603395s | 显存: 4.12 GB

[0-9秒 PDE求解详细性能]
  t=0s - 时间: 0.000000s | 显存: 0.00 B
  t=1s - 时间: 0.423308s | 显存: 0.00 B
  t=2s - 时间: 0.509202s | 显存: 0.00 B
  t=3s - 时间: 0.579272s | 显存: 0.00 B
  t=4s - 时间: 0.666272s | 显存: 0.00 B
  t=5s - 时间: 0.730076s | 显存: 0.00 B
  t=6s - 时间: 0.799649s | 显存: 0.00 B
  t=7s - 时间: 0.889562s | 显存: 0.00 B
  t=8s - 时间: 0.928621s | 显存: 0.00 B
  t=9s - 时间: 1.056142s | 显存: 0.00 B

[19秒 PDE求解]
  t=19.0s - 时间: 1.826925s | 显存: 0.00 B

[PDE求解部分] 总时间: 1.827249s | 显存: 0.00 B

[本步骤总计] 时间: 8.430644s | 显存: 4.12 GB
orginal_loss:  tensor(197257.8438, device='cuda:0', grad_fn=<MseLossBackward0>)
[Step 28] Backward Propagation - Time: 21.0357s, Mem: -4413235200.00 B
x_adv.requires_grad:  True
pred_19.requires_grad, true_19.requires_grad:  True True
Autograd grad max:  tensor(198.6721, device='cuda:0')
Autograd grad min:  tensor(-238.3036, device='cuda:0')
Autograd grad mean:  tensor(1.0148, device='cuda:0')
[Step 28] PGD Update - Time: 0.0013s, Mem: 0.00 B

[Step 28] 完整步骤总时间: 29.479164s | 总显存: 0.00 B
[Step 28] 峰值显存: 6.22 GB

[Step 29] ============ 详细性能分析 ============
[模型部分] 总时间: 117.283436s | 显存: 4.12 GB

[0-9秒 PDE求解详细性能]
  t=0s - 时间: 0.000000s | 显存: 0.00 B
  t=1s - 时间: 0.665102s | 显存: 0.00 B
  t=2s - 时间: 0.503874s | 显存: 0.00 B
  t=3s - 时间: 0.580796s | 显存: 0.00 B
  t=4s - 时间: 0.656174s | 显存: 0.00 B
  t=5s - 时间: 0.736258s | 显存: 0.00 B
  t=6s - 时间: 30.223553s | 显存: 0.00 B
  t=7s - 时间: 52.585811s | 显存: 0.00 B
  t=8s - 时间: 0.982820s | 显存: 0.00 B
  t=9s - 时间: 1.037998s | 显存: 0.00 B

[19秒 PDE求解]
  t=19.0s - 时间: 2.208260s | 显存: 0.00 B

[PDE求解部分] 总时间: 2.208630s | 显存: 0.00 B

[本步骤总计] 时间: 119.492066s | 显存: 4.12 GB
orginal_loss:  tensor(303514.4062, device='cuda:0', grad_fn=<MseLossBackward0>)
[Step 29] Backward Propagation - Time: 32.8919s, Mem: -4413235200.00 B
x_adv.requires_grad:  True
pred_19.requires_grad, true_19.requires_grad:  True True
Autograd grad max:  tensor(726.4972, device='cuda:0')
Autograd grad min:  tensor(-505.2726, device='cuda:0')
Autograd grad mean:  tensor(-2.3190, device='cuda:0')
[Step 29] PGD Update - Time: 3.5569s, Mem: 0.00 B

[Step 29] 完整步骤总时间: 166.130431s | 总显存: 0.00 B
[Step 29] 峰值显存: 6.22 GB

[Step 30] ============ 详细性能分析 ============
[模型部分] 总时间: 6.708220s | 显存: 4.12 GB

[0-9秒 PDE求解详细性能]
  t=0s - 时间: 0.000000s | 显存: 0.00 B
  t=1s - 时间: 0.456815s | 显存: 0.00 B
  t=2s - 时间: 0.515193s | 显存: 0.00 B
  t=3s - 时间: 0.583029s | 显存: 0.00 B
  t=4s - 时间: 0.659748s | 显存: 0.00 B
  t=5s - 时间: 0.725691s | 显存: 0.00 B
  t=6s - 时间: 0.810073s | 显存: 0.00 B
  t=7s - 时间: 0.877598s | 显存: 0.00 B
  t=8s - 时间: 1.015608s | 显存: 0.00 B
  t=9s - 时间: 1.043047s | 显存: 0.00 B

[19秒 PDE求解]
  t=19.0s - 时间: 1.804476s | 显存: 0.00 B

[PDE求解部分] 总时间: 1.804797s | 显存: 0.00 B

[本步骤总计] 时间: 8.513018s | 显存: 4.12 GB
orginal_loss:  tensor(286086.3750, device='cuda:0', grad_fn=<MseLossBackward0>)
[Step 30] Backward Propagation - Time: 20.9719s, Mem: -4413235200.00 B
x_adv.requires_grad:  True
pred_19.requires_grad, true_19.requires_grad:  True True
Autograd grad max:  tensor(1051.0406, device='cuda:0')
Autograd grad min:  tensor(-979.9420, device='cuda:0')
Autograd grad mean:  tensor(-1.3964, device='cuda:0')
[Step 30] PGD Update - Time: 0.0013s, Mem: 0.00 B

[Step 30] 完整步骤总时间: 29.491239s | 总显存: 0.00 B
[Step 30] 峰值显存: 6.22 GB

[Step 31] ============ 详细性能分析 ============
[模型部分] 总时间: 6.690817s | 显存: 4.12 GB

[0-9秒 PDE求解详细性能]
  t=0s - 时间: 0.000000s | 显存: 0.00 B
  t=1s - 时间: 0.435804s | 显存: 0.00 B
  t=2s - 时间: 0.545989s | 显存: 0.00 B
  t=3s - 时间: 0.560905s | 显存: 0.00 B
  t=4s - 时间: 0.661180s | 显存: 0.00 B
  t=5s - 时间: 0.741518s | 显存: 0.00 B
  t=6s - 时间: 0.828014s | 显存: 0.00 B
  t=7s - 时间: 0.910434s | 显存: 0.00 B
  t=8s - 时间: 0.955013s | 显存: 0.00 B
  t=9s - 时间: 1.030624s | 显存: 0.00 B

[19秒 PDE求解]
  t=19.0s - 时间: 1.796045s | 显存: 0.00 B

[PDE求解部分] 总时间: 1.796423s | 显存: 0.00 B

[本步骤总计] 时间: 8.487240s | 显存: 4.12 GB
orginal_loss:  tensor(280538.1875, device='cuda:0', grad_fn=<MseLossBackward0>)
[Step 31] Backward Propagation - Time: 20.9463s, Mem: -4413235200.00 B
x_adv.requires_grad:  True
pred_19.requires_grad, true_19.requires_grad:  True True
Autograd grad max:  tensor(308.1593, device='cuda:0')
Autograd grad min:  tensor(-422.6898, device='cuda:0')
Autograd grad mean:  tensor(1.0474, device='cuda:0')
[Step 31] PGD Update - Time: 0.0014s, Mem: 0.00 B

[Step 31] 完整步骤总时间: 29.439704s | 总显存: 0.00 B
[Step 31] 峰值显存: 6.22 GB

[Step 32] ============ 详细性能分析 ============
[模型部分] 总时间: 6.844013s | 显存: 4.12 GB

[0-9秒 PDE求解详细性能]
  t=0s - 时间: 0.000000s | 显存: 0.00 B
  t=1s - 时间: 0.460800s | 显存: 0.00 B
  t=2s - 时间: 0.503217s | 显存: 0.00 B
  t=3s - 时间: 0.564294s | 显存: 0.00 B
  t=4s - 时间: 0.657465s | 显存: 0.00 B
  t=5s - 时间: 0.758604s | 显存: 0.00 B
  t=6s - 时间: 0.861570s | 显存: 0.00 B
  t=7s - 时间: 0.926672s | 显存: 0.00 B
  t=8s - 时间: 0.988630s | 显存: 0.00 B
  t=9s - 时间: 1.101244s | 显存: 0.00 B

[19秒 PDE求解]
  t=19.0s - 时间: 1.822278s | 显存: 0.00 B

[PDE求解部分] 总时间: 1.822628s | 显存: 0.00 B

[本步骤总计] 时间: 8.666641s | 显存: 4.12 GB
orginal_loss:  tensor(359060.4375, device='cuda:0', grad_fn=<MseLossBackward0>)
[Step 32] Backward Propagation - Time: 21.0485s, Mem: -4413235200.00 B
x_adv.requires_grad:  True
pred_19.requires_grad, true_19.requires_grad:  True True
Autograd grad max:  tensor(295.4958, device='cuda:0')
Autograd grad min:  tensor(-329.3613, device='cuda:0')
Autograd grad mean:  tensor(3.8815, device='cuda:0')
[Step 32] PGD Update - Time: 0.0010s, Mem: 0.00 B

[Step 32] 完整步骤总时间: 29.720941s | 总显存: 0.00 B
[Step 32] 峰值显存: 6.22 GB

[Step 33] ============ 详细性能分析 ============
[模型部分] 总时间: 6.783882s | 显存: 4.12 GB

[0-9秒 PDE求解详细性能]
  t=0s - 时间: 0.000000s | 显存: 0.00 B
  t=1s - 时间: 0.448600s | 显存: 0.00 B
  t=2s - 时间: 0.531269s | 显存: 0.00 B
  t=3s - 时间: 0.588122s | 显存: 0.00 B
  t=4s - 时间: 0.643630s | 显存: 0.00 B
  t=5s - 时间: 0.751804s | 显存: 0.00 B
  t=6s - 时间: 0.829494s | 显存: 0.00 B
  t=7s - 时间: 0.905224s | 显存: 0.00 B
  t=8s - 时间: 0.984572s | 显存: 0.00 B
  t=9s - 时间: 1.079883s | 显存: 0.00 B

[19秒 PDE求解]
  t=19.0s - 时间: 1.833478s | 显存: 0.00 B

[PDE求解部分] 总时间: 1.833853s | 显存: 0.00 B

[本步骤总计] 时间: 8.617735s | 显存: 4.12 GB
orginal_loss:  tensor(348554.6875, device='cuda:0', grad_fn=<MseLossBackward0>)
[Step 33] Backward Propagation - Time: 21.0482s, Mem: -4413235200.00 B
x_adv.requires_grad:  True
pred_19.requires_grad, true_19.requires_grad:  True True
Autograd grad max:  tensor(379.2265, device='cuda:0')
Autograd grad min:  tensor(-362.2780, device='cuda:0')
Autograd grad mean:  tensor(3.1347, device='cuda:0')
[Step 33] PGD Update - Time: 0.0013s, Mem: 0.00 B

[Step 33] 完整步骤总时间: 29.671701s | 总显存: 0.00 B
[Step 33] 峰值显存: 6.22 GB

[Step 34] ============ 详细性能分析 ============
[模型部分] 总时间: 6.659319s | 显存: 4.12 GB

[0-9秒 PDE求解详细性能]
  t=0s - 时间: 0.000000s | 显存: 0.00 B
  t=1s - 时间: 0.419519s | 显存: 0.00 B
  t=2s - 时间: 0.489917s | 显存: 0.00 B
  t=3s - 时间: 0.592564s | 显存: 0.00 B
  t=4s - 时间: 0.651635s | 显存: 0.00 B
  t=5s - 时间: 0.728871s | 显存: 0.00 B
  t=6s - 时间: 0.811741s | 显存: 0.00 B
  t=7s - 时间: 0.927521s | 显存: 0.00 B
  t=8s - 时间: 0.980389s | 显存: 0.00 B
  t=9s - 时间: 1.035524s | 显存: 0.00 B

[19秒 PDE求解]
  t=19.0s - 时间: 1.881416s | 显存: 0.00 B

[PDE求解部分] 总时间: 1.881778s | 显存: 0.00 B

[本步骤总计] 时间: 8.541096s | 显存: 4.12 GB
orginal_loss:  tensor(223849.7188, device='cuda:0', grad_fn=<MseLossBackward0>)
[Step 34] Backward Propagation - Time: 26.6452s, Mem: -4413235200.00 B
x_adv.requires_grad:  True
pred_19.requires_grad, true_19.requires_grad:  True True
Autograd grad max:  tensor(588.8788, device='cuda:0')
Autograd grad min:  tensor(-573.7933, device='cuda:0')
Autograd grad mean:  tensor(3.5743, device='cuda:0')
[Step 34] PGD Update - Time: 0.0014s, Mem: 0.00 B

[Step 34] 完整步骤总时间: 35.192594s | 总显存: 0.00 B
[Step 34] 峰值显存: 6.22 GB

[Step 35] ============ 详细性能分析 ============
[模型部分] 总时间: 6.635389s | 显存: 4.12 GB

[0-9秒 PDE求解详细性能]
  t=0s - 时间: 0.000000s | 显存: 0.00 B
  t=1s - 时间: 0.422612s | 显存: 0.00 B
  t=2s - 时间: 0.506879s | 显存: 0.00 B
  t=3s - 时间: 0.593004s | 显存: 0.00 B
  t=4s - 时间: 0.672644s | 显存: 0.00 B
  t=5s - 时间: 0.738756s | 显存: 0.00 B
  t=6s - 时间: 0.812780s | 显存: 0.00 B
  t=7s - 时间: 0.885797s | 显存: 0.00 B
  t=8s - 时间: 0.949388s | 显存: 0.00 B
  t=9s - 时间: 1.032370s | 显存: 0.00 B

[19秒 PDE求解]
  t=19.0s - 时间: 1.818983s | 显存: 0.00 B

[PDE求解部分] 总时间: 1.819330s | 显存: 0.00 B

[本步骤总计] 时间: 8.454719s | 显存: 4.12 GB
orginal_loss:  tensor(279337.5625, device='cuda:0', grad_fn=<MseLossBackward0>)
[Step 35] Backward Propagation - Time: 21.0215s, Mem: -4413235200.00 B
x_adv.requires_grad:  True
pred_19.requires_grad, true_19.requires_grad:  True True
Autograd grad max:  tensor(374.1982, device='cuda:0')
Autograd grad min:  tensor(-486.0770, device='cuda:0')
Autograd grad mean:  tensor(-1.3060, device='cuda:0')
[Step 35] PGD Update - Time: 0.0013s, Mem: 0.00 B

[Step 35] 完整步骤总时间: 29.482095s | 总显存: 0.00 B
[Step 35] 峰值显存: 6.22 GB

[Step 36] ============ 详细性能分析 ============
[模型部分] 总时间: 7.013983s | 显存: 4.12 GB

[0-9秒 PDE求解详细性能]
  t=0s - 时间: 0.000000s | 显存: 0.00 B
  t=1s - 时间: 0.442618s | 显存: 0.00 B
  t=2s - 时间: 0.515140s | 显存: 0.00 B
  t=3s - 时间: 0.607527s | 显存: 0.00 B
  t=4s - 时间: 0.797543s | 显存: 0.00 B
  t=5s - 时间: 0.820224s | 显存: 0.00 B
  t=6s - 时间: 0.819816s | 显存: 0.00 B
  t=7s - 时间: 0.963714s | 显存: 0.00 B
  t=8s - 时间: 0.976054s | 显存: 0.00 B
  t=9s - 时间: 1.049968s | 显存: 0.00 B

[19秒 PDE求解]
  t=19.0s - 时间: 1.815238s | 显存: 0.00 B

[PDE求解部分] 总时间: 1.815602s | 显存: 0.00 B

[本步骤总计] 时间: 8.829585s | 显存: 4.12 GB
orginal_loss:  tensor(344939., device='cuda:0', grad_fn=<MseLossBackward0>)
[Step 36] Backward Propagation - Time: 20.9211s, Mem: -4413235200.00 B
x_adv.requires_grad:  True
pred_19.requires_grad, true_19.requires_grad:  True True
Autograd grad max:  tensor(261.1752, device='cuda:0')
Autograd grad min:  tensor(-575.8476, device='cuda:0')
Autograd grad mean:  tensor(1.5483, device='cuda:0')
[Step 36] PGD Update - Time: 0.0014s, Mem: 0.00 B

[Step 36] 完整步骤总时间: 29.758419s | 总显存: 0.00 B
[Step 36] 峰值显存: 6.22 GB

[Step 37] ============ 详细性能分析 ============
[模型部分] 总时间: 6.833001s | 显存: 4.12 GB

[0-9秒 PDE求解详细性能]
  t=0s - 时间: 0.000000s | 显存: 0.00 B
  t=1s - 时间: 0.474891s | 显存: 0.00 B
  t=2s - 时间: 0.504958s | 显存: 0.00 B
  t=3s - 时间: 0.586584s | 显存: 0.00 B
  t=4s - 时间: 0.690375s | 显存: 0.00 B
  t=5s - 时间: 0.750871s | 显存: 0.00 B
  t=6s - 时间: 0.833311s | 显存: 0.00 B
  t=7s - 时间: 0.918932s | 显存: 0.00 B
  t=8s - 时间: 0.988762s | 显存: 0.00 B
  t=9s - 时间: 1.062802s | 显存: 0.00 B

[19秒 PDE求解]
  t=19.0s - 时间: 1.839689s | 显存: 0.00 B

[PDE求解部分] 总时间: 1.840003s | 显存: 0.00 B

[本步骤总计] 时间: 8.673004s | 显存: 4.12 GB
orginal_loss:  tensor(214895.8438, device='cuda:0', grad_fn=<MseLossBackward0>)
[Step 37] Backward Propagation - Time: 21.1113s, Mem: -4413235200.00 B
x_adv.requires_grad:  True
pred_19.requires_grad, true_19.requires_grad:  True True
Autograd grad max:  tensor(544.5135, device='cuda:0')
Autograd grad min:  tensor(-373.3344, device='cuda:0')
Autograd grad mean:  tensor(2.2280, device='cuda:0')
[Step 37] PGD Update - Time: 0.0012s, Mem: 0.00 B

[Step 37] 完整步骤总时间: 29.790153s | 总显存: 0.00 B
[Step 37] 峰值显存: 6.22 GB

[Step 38] ============ 详细性能分析 ============
[模型部分] 总时间: 6.704896s | 显存: 4.12 GB

[0-9秒 PDE求解详细性能]
  t=0s - 时间: 0.000000s | 显存: 0.00 B
  t=1s - 时间: 0.409918s | 显存: 0.00 B
  t=2s - 时间: 0.483750s | 显存: 0.00 B
  t=3s - 时间: 0.563344s | 显存: 0.00 B
  t=4s - 时间: 0.649702s | 显存: 0.00 B
  t=5s - 时间: 0.803242s | 显存: 0.00 B
  t=6s - 时间: 0.830266s | 显存: 0.00 B
  t=7s - 时间: 0.906817s | 显存: 0.00 B
  t=8s - 时间: 0.975254s | 显存: 0.00 B
  t=9s - 时间: 1.061317s | 显存: 0.00 B

[19秒 PDE求解]
  t=19.0s - 时间: 1.837874s | 显存: 0.00 B

[PDE求解部分] 总时间: 1.838214s | 显存: 0.00 B

[本步骤总计] 时间: 8.543110s | 显存: 4.12 GB
orginal_loss:  tensor(499893.3438, device='cuda:0', grad_fn=<MseLossBackward0>)
[Step 38] Backward Propagation - Time: 20.8308s, Mem: -4413235200.00 B
x_adv.requires_grad:  True
pred_19.requires_grad, true_19.requires_grad:  True True
Autograd grad max:  tensor(207.1314, device='cuda:0')
Autograd grad min:  tensor(-191.7342, device='cuda:0')
Autograd grad mean:  tensor(1.9064, device='cuda:0')
[Step 38] PGD Update - Time: 0.0013s, Mem: 0.00 B

[Step 38] 完整步骤总时间: 29.380047s | 总显存: 0.00 B
[Step 38] 峰值显存: 6.22 GB

[Step 39] ============ 详细性能分析 ============
[模型部分] 总时间: 6.640887s | 显存: 4.12 GB

[0-9秒 PDE求解详细性能]
  t=0s - 时间: 0.000000s | 显存: 0.00 B
  t=1s - 时间: 0.438916s | 显存: 0.00 B
  t=2s - 时间: 0.479649s | 显存: 0.00 B
  t=3s - 时间: 0.570748s | 显存: 0.00 B
  t=4s - 时间: 0.658849s | 显存: 0.00 B
  t=5s - 时间: 0.757411s | 显存: 0.00 B
  t=6s - 时间: 0.827017s | 显存: 0.00 B
  t=7s - 时间: 0.884659s | 显存: 0.00 B
  t=8s - 时间: 0.964416s | 显存: 0.00 B
  t=9s - 时间: 1.037740s | 显存: 0.00 B

[19秒 PDE求解]
  t=19.0s - 时间: 1.835144s | 显存: 0.00 B

[PDE求解部分] 总时间: 1.835500s | 显存: 0.00 B

[本步骤总计] 时间: 8.476387s | 显存: 4.12 GB
orginal_loss:  tensor(320233.6250, device='cuda:0', grad_fn=<MseLossBackward0>)
[Step 39] Backward Propagation - Time: 21.0231s, Mem: -4413235200.00 B
x_adv.requires_grad:  True
pred_19.requires_grad, true_19.requires_grad:  True True
Autograd grad max:  tensor(324.8911, device='cuda:0')
Autograd grad min:  tensor(-490.0456, device='cuda:0')
Autograd grad mean:  tensor(0.6459, device='cuda:0')
[Step 39] PGD Update - Time: 0.0013s, Mem: 0.00 B

[Step 39] 完整步骤总时间: 29.506092s | 总显存: 0.00 B
[Step 39] 峰值显存: 6.22 GB

[Step 40] ============ 详细性能分析 ============
[模型部分] 总时间: 6.739819s | 显存: 4.12 GB

[0-9秒 PDE求解详细性能]
  t=0s - 时间: 0.000000s | 显存: 0.00 B
  t=1s - 时间: 0.426099s | 显存: 0.00 B
  t=2s - 时间: 0.508794s | 显存: 0.00 B
  t=3s - 时间: 0.569488s | 显存: 0.00 B
  t=4s - 时间: 0.660958s | 显存: 0.00 B
  t=5s - 时间: 0.721156s | 显存: 0.00 B
  t=6s - 时间: 0.852919s | 显存: 0.00 B
  t=7s - 时间: 0.994046s | 显存: 0.00 B
  t=8s - 时间: 0.960376s | 显存: 0.00 B
  t=9s - 时间: 1.024650s | 显存: 0.00 B

[19秒 PDE求解]
  t=19.0s - 时间: 1.814927s | 显存: 0.00 B

[PDE求解部分] 总时间: 1.815293s | 显存: 0.00 B

[本步骤总计] 时间: 8.555113s | 显存: 4.12 GB
orginal_loss:  tensor(344660.6562, device='cuda:0', grad_fn=<MseLossBackward0>)
[Step 40] Backward Propagation - Time: 20.8517s, Mem: -4413235200.00 B
x_adv.requires_grad:  True
pred_19.requires_grad, true_19.requires_grad:  True True
Autograd grad max:  tensor(512.6462, device='cuda:0')
Autograd grad min:  tensor(-797.2704, device='cuda:0')
Autograd grad mean:  tensor(4.0568, device='cuda:0')
[Step 40] PGD Update - Time: 0.0013s, Mem: 0.00 B

[Step 40] 完整步骤总时间: 29.412566s | 总显存: 0.00 B
[Step 40] 峰值显存: 6.22 GB

[Step 41] ============ 详细性能分析 ============
[模型部分] 总时间: 6.687464s | 显存: 4.12 GB

[0-9秒 PDE求解详细性能]
  t=0s - 时间: 0.000000s | 显存: 0.00 B
  t=1s - 时间: 0.446473s | 显存: 0.00 B
  t=2s - 时间: 0.512778s | 显存: 0.00 B
  t=3s - 时间: 0.587767s | 显存: 0.00 B
  t=4s - 时间: 0.654841s | 显存: 0.00 B
  t=5s - 时间: 0.730134s | 显存: 0.00 B
  t=6s - 时间: 0.825782s | 显存: 0.00 B
  t=7s - 时间: 0.907403s | 显存: 0.00 B
  t=8s - 时间: 0.952713s | 显存: 0.00 B
  t=9s - 时间: 1.048033s | 显存: 0.00 B

[19秒 PDE求解]
  t=19.0s - 时间: 1.840471s | 显存: 0.00 B

[PDE求解部分] 总时间: 1.840826s | 显存: 0.00 B

[本步骤总计] 时间: 8.528290s | 显存: 4.12 GB
orginal_loss:  tensor(459715.3125, device='cuda:0', grad_fn=<MseLossBackward0>)
[Step 41] Backward Propagation - Time: 20.8881s, Mem: -4413235200.00 B
x_adv.requires_grad:  True
pred_19.requires_grad, true_19.requires_grad:  True True
Autograd grad max:  tensor(338.1953, device='cuda:0')
Autograd grad min:  tensor(-278.8840, device='cuda:0')
Autograd grad mean:  tensor(0.1734, device='cuda:0')
[Step 41] PGD Update - Time: 0.0013s, Mem: 0.00 B

[Step 41] 完整步骤总时间: 29.422414s | 总显存: 0.00 B
[Step 41] 峰值显存: 6.22 GB

[Step 42] ============ 详细性能分析 ============
[模型部分] 总时间: 6.798060s | 显存: 4.12 GB

[0-9秒 PDE求解详细性能]
  t=0s - 时间: 0.000000s | 显存: 0.00 B
  t=1s - 时间: 0.437526s | 显存: 0.00 B
  t=2s - 时间: 0.507413s | 显存: 0.00 B
  t=3s - 时间: 0.581099s | 显存: 0.00 B
  t=4s - 时间: 0.655895s | 显存: 0.00 B
  t=5s - 时间: 0.734722s | 显存: 0.00 B
  t=6s - 时间: 0.810749s | 显存: 0.00 B
  t=7s - 时间: 0.883837s | 显存: 0.00 B
  t=8s - 时间: 1.115490s | 显存: 0.00 B
  t=9s - 时间: 1.050106s | 显存: 0.00 B

[19秒 PDE求解]
  t=19.0s - 时间: 1.831523s | 显存: 0.00 B

[PDE求解部分] 总时间: 1.831847s | 显存: 0.00 B

[本步骤总计] 时间: 8.629907s | 显存: 4.12 GB
orginal_loss:  tensor(400508.1875, device='cuda:0', grad_fn=<MseLossBackward0>)
[Step 42] Backward Propagation - Time: 20.9447s, Mem: -4413235200.00 B
x_adv.requires_grad:  True
pred_19.requires_grad, true_19.requires_grad:  True True
Autograd grad max:  tensor(235.0695, device='cuda:0')
Autograd grad min:  tensor(-232.8866, device='cuda:0')
Autograd grad mean:  tensor(1.1966, device='cuda:0')
[Step 42] PGD Update - Time: 0.0013s, Mem: 0.00 B

[Step 42] 完整步骤总时间: 29.580518s | 总显存: 0.00 B
[Step 42] 峰值显存: 6.22 GB

[Step 43] ============ 详细性能分析 ============
[模型部分] 总时间: 6.828214s | 显存: 4.12 GB

[0-9秒 PDE求解详细性能]
  t=0s - 时间: 0.000000s | 显存: 0.00 B
  t=1s - 时间: 0.435416s | 显存: 0.00 B
  t=2s - 时间: 0.483676s | 显存: 0.00 B
  t=3s - 时间: 0.589203s | 显存: 0.00 B
  t=4s - 时间: 0.656925s | 显存: 0.00 B
  t=5s - 时间: 0.755268s | 显存: 0.00 B
  t=6s - 时间: 0.834795s | 显存: 0.00 B
  t=7s - 时间: 0.979709s | 显存: 0.00 B
  t=8s - 时间: 0.988341s | 显存: 0.00 B
  t=9s - 时间: 1.083500s | 显存: 0.00 B

[19秒 PDE求解]
  t=19.0s - 时间: 2.806532s | 显存: 0.00 B

[PDE求解部分] 总时间: 2.806931s | 显存: 0.00 B

[本步骤总计] 时间: 9.635145s | 显存: 4.12 GB
orginal_loss:  tensor(455785.8750, device='cuda:0', grad_fn=<MseLossBackward0>)
[Step 43] Backward Propagation - Time: 25.3577s, Mem: -4413235200.00 B
x_adv.requires_grad:  True
pred_19.requires_grad, true_19.requires_grad:  True True
Autograd grad max:  tensor(599.0580, device='cuda:0')
Autograd grad min:  tensor(-537.5781, device='cuda:0')
Autograd grad mean:  tensor(-0.3056, device='cuda:0')
[Step 43] PGD Update - Time: 0.2535s, Mem: 0.00 B

[Step 43] 完整步骤总时间: 38.625235s | 总显存: 0.00 B
[Step 43] 峰值显存: 6.22 GB

[Step 44] ============ 详细性能分析 ============
[模型部分] 总时间: 8.502186s | 显存: 4.12 GB

[0-9秒 PDE求解详细性能]
  t=0s - 时间: 0.000000s | 显存: 0.00 B
  t=1s - 时间: 0.517585s | 显存: 0.00 B
  t=2s - 时间: 0.512916s | 显存: 0.00 B
  t=3s - 时间: 0.574506s | 显存: 0.00 B
  t=4s - 时间: 0.674675s | 显存: 0.00 B
  t=5s - 时间: 0.754600s | 显存: 0.00 B
  t=6s - 时间: 0.818655s | 显存: 0.00 B
  t=7s - 时间: 0.894735s | 显存: 0.00 B
  t=8s - 时间: 0.952822s | 显存: 0.00 B
  t=9s - 时间: 1.053896s | 显存: 0.00 B

[19秒 PDE求解]
  t=19.0s - 时间: 1.864039s | 显存: 0.00 B

[PDE求解部分] 总时间: 1.864374s | 显存: 0.00 B

[本步骤总计] 时间: 10.366560s | 显存: 4.12 GB
orginal_loss:  tensor(472644.5000, device='cuda:0', grad_fn=<MseLossBackward0>)
[Step 44] Backward Propagation - Time: 20.8866s, Mem: -4413235200.00 B
x_adv.requires_grad:  True
pred_19.requires_grad, true_19.requires_grad:  True True
Autograd grad max:  tensor(851.9706, device='cuda:0')
Autograd grad min:  tensor(-778.8383, device='cuda:0')
Autograd grad mean:  tensor(0.7693, device='cuda:0')
[Step 44] PGD Update - Time: 0.0013s, Mem: 0.00 B

[Step 44] 完整步骤总时间: 31.261665s | 总显存: 0.00 B
[Step 44] 峰值显存: 6.22 GB

[Step 45] ============ 详细性能分析 ============
[模型部分] 总时间: 6.696648s | 显存: 4.12 GB

[0-9秒 PDE求解详细性能]
  t=0s - 时间: 0.000000s | 显存: 0.00 B
  t=1s - 时间: 0.424957s | 显存: 0.00 B
  t=2s - 时间: 0.517367s | 显存: 0.00 B
  t=3s - 时间: 0.592313s | 显存: 0.00 B
  t=4s - 时间: 0.660937s | 显存: 0.00 B
  t=5s - 时间: 0.752332s | 显存: 0.00 B
  t=6s - 时间: 0.812947s | 显存: 0.00 B
  t=7s - 时间: 0.883648s | 显存: 0.00 B
  t=8s - 时间: 0.973212s | 显存: 0.00 B
  t=9s - 时间: 1.057539s | 显存: 0.00 B

[19秒 PDE求解]
  t=19.0s - 时间: 1.823360s | 显存: 0.00 B

[PDE求解部分] 总时间: 1.823746s | 显存: 0.00 B

[本步骤总计] 时间: 8.520394s | 显存: 4.12 GB
orginal_loss:  tensor(421780.7500, device='cuda:0', grad_fn=<MseLossBackward0>)
[Step 45] Backward Propagation - Time: 20.8706s, Mem: -4413235200.00 B
x_adv.requires_grad:  True
pred_19.requires_grad, true_19.requires_grad:  True True
Autograd grad max:  tensor(1357.7094, device='cuda:0')
Autograd grad min:  tensor(-1369.9651, device='cuda:0')
Autograd grad mean:  tensor(-7.0164, device='cuda:0')
[Step 45] PGD Update - Time: 0.0014s, Mem: 0.00 B

[Step 45] 完整步骤总时间: 29.399014s | 总显存: 0.00 B
[Step 45] 峰值显存: 6.22 GB

[Step 46] ============ 详细性能分析 ============
[模型部分] 总时间: 6.607142s | 显存: 4.12 GB

[0-9秒 PDE求解详细性能]
  t=0s - 时间: 0.000000s | 显存: 0.00 B
  t=1s - 时间: 0.441045s | 显存: 0.00 B
  t=2s - 时间: 0.495877s | 显存: 0.00 B
  t=3s - 时间: 0.562915s | 显存: 0.00 B
  t=4s - 时间: 0.628103s | 显存: 0.00 B
  t=5s - 时间: 0.714924s | 显存: 0.00 B
  t=6s - 时间: 0.810188s | 显存: 0.00 B
  t=7s - 时间: 0.916218s | 显存: 0.00 B
  t=8s - 时间: 0.981386s | 显存: 0.00 B
  t=9s - 时间: 1.035021s | 显存: 0.00 B

[19秒 PDE求解]
  t=19.0s - 时间: 1.818174s | 显存: 0.00 B

[PDE求解部分] 总时间: 1.818509s | 显存: 0.00 B

[本步骤总计] 时间: 8.425651s | 显存: 4.12 GB
orginal_loss:  tensor(384198.6875, device='cuda:0', grad_fn=<MseLossBackward0>)
[Step 46] Backward Propagation - Time: 36.9678s, Mem: -4413235200.00 B
x_adv.requires_grad:  True
pred_19.requires_grad, true_19.requires_grad:  True True
Autograd grad max:  tensor(367.7386, device='cuda:0')
Autograd grad min:  tensor(-722.2739, device='cuda:0')
Autograd grad mean:  tensor(-2.8169, device='cuda:0')
[Step 46] PGD Update - Time: 0.0013s, Mem: 0.00 B

[Step 46] 完整步骤总时间: 45.399480s | 总显存: 0.00 B
[Step 46] 峰值显存: 6.22 GB

[Step 47] ============ 详细性能分析 ============
[模型部分] 总时间: 6.938483s | 显存: 4.12 GB

[0-9秒 PDE求解详细性能]
  t=0s - 时间: 0.000000s | 显存: 0.00 B
  t=1s - 时间: 0.566960s | 显存: 0.00 B
  t=2s - 时间: 0.513709s | 显存: 0.00 B
  t=3s - 时间: 0.591055s | 显存: 0.00 B
  t=4s - 时间: 0.664852s | 显存: 0.00 B
  t=5s - 时间: 0.750240s | 显存: 0.00 B
  t=6s - 时间: 0.814285s | 显存: 0.00 B
  t=7s - 时间: 0.904091s | 显存: 0.00 B
  t=8s - 时间: 1.058310s | 显存: 0.00 B
  t=9s - 时间: 1.053596s | 显存: 0.00 B

[19秒 PDE求解]
  t=19.0s - 时间: 1.845520s | 显存: 0.00 B

[PDE求解部分] 总时间: 1.845871s | 显存: 0.00 B

[本步骤总计] 时间: 8.784353s | 显存: 4.12 GB
orginal_loss:  tensor(485296.4375, device='cuda:0', grad_fn=<MseLossBackward0>)
[Step 47] Backward Propagation - Time: 20.9844s, Mem: -4413235200.00 B
x_adv.requires_grad:  True
pred_19.requires_grad, true_19.requires_grad:  True True
Autograd grad max:  tensor(557.1419, device='cuda:0')
Autograd grad min:  tensor(-643.0744, device='cuda:0')
Autograd grad mean:  tensor(-4.2286, device='cuda:0')
[Step 47] PGD Update - Time: 0.0014s, Mem: 0.00 B

[Step 47] 完整步骤总时间: 29.775053s | 总显存: 0.00 B
[Step 47] 峰值显存: 6.22 GB

[Step 48] ============ 详细性能分析 ============
[模型部分] 总时间: 6.645281s | 显存: 4.12 GB

[0-9秒 PDE求解详细性能]
  t=0s - 时间: 0.000000s | 显存: 0.00 B
  t=1s - 时间: 0.458914s | 显存: 0.00 B
  t=2s - 时间: 0.514801s | 显存: 0.00 B
  t=3s - 时间: 0.592201s | 显存: 0.00 B
  t=4s - 时间: 0.667725s | 显存: 0.00 B
  t=5s - 时间: 0.713977s | 显存: 0.00 B
  t=6s - 时间: 0.794600s | 显存: 0.00 B
  t=7s - 时间: 0.885684s | 显存: 0.00 B
  t=8s - 时间: 0.953265s | 显存: 0.00 B
  t=9s - 时间: 1.042189s | 显存: 0.00 B

[19秒 PDE求解]
  t=19.0s - 时间: 1.829694s | 显存: 0.00 B

[PDE求解部分] 总时间: 1.830025s | 显存: 0.00 B

[本步骤总计] 时间: 8.475306s | 显存: 4.12 GB
orginal_loss:  tensor(607925.8750, device='cuda:0', grad_fn=<MseLossBackward0>)
[Step 48] Backward Propagation - Time: 26.9217s, Mem: -4413235200.00 B
x_adv.requires_grad:  True
pred_19.requires_grad, true_19.requires_grad:  True True
Autograd grad max:  tensor(4501.6558, device='cuda:0')
Autograd grad min:  tensor(-3549.0657, device='cuda:0')
Autograd grad mean:  tensor(3.6429, device='cuda:0')
[Step 48] PGD Update - Time: 0.0013s, Mem: 0.00 B

[Step 48] 完整步骤总时间: 35.402973s | 总显存: 0.00 B
[Step 48] 峰值显存: 6.22 GB

[Step 49] ============ 详细性能分析 ============
[模型部分] 总时间: 6.680409s | 显存: 4.12 GB

[0-9秒 PDE求解详细性能]
  t=0s - 时间: 0.000000s | 显存: 0.00 B
  t=1s - 时间: 0.425305s | 显存: 0.00 B
  t=2s - 时间: 0.491052s | 显存: 0.00 B
  t=3s - 时间: 0.565089s | 显存: 0.00 B
  t=4s - 时间: 0.652174s | 显存: 0.00 B
  t=5s - 时间: 0.726505s | 显存: 0.00 B
  t=6s - 时间: 0.820827s | 显存: 0.00 B
  t=7s - 时间: 0.876642s | 显存: 0.00 B
  t=8s - 时间: 0.979309s | 显存: 0.00 B
  t=9s - 时间: 1.122212s | 显存: 0.00 B

[19秒 PDE求解]
  t=19.0s - 时间: 1.862762s | 显存: 0.00 B

[PDE求解部分] 总时间: 1.863169s | 显存: 0.00 B

[本步骤总计] 时间: 8.543578s | 显存: 4.12 GB
orginal_loss:  tensor(483456.1250, device='cuda:0', grad_fn=<MseLossBackward0>)
[Step 49] Backward Propagation - Time: 21.2124s, Mem: -4413235200.00 B
x_adv.requires_grad:  True
pred_19.requires_grad, true_19.requires_grad:  True True
Autograd grad max:  tensor(1489.8773, device='cuda:0')
Autograd grad min:  tensor(-680.5405, device='cuda:0')
Autograd grad mean:  tensor(0.7279, device='cuda:0')
[Step 49] PGD Update - Time: 0.0010s, Mem: 0.00 B

[Step 49] 完整步骤总时间: 29.761774s | 总显存: 0.00 B
[Step 49] 峰值显存: 6.22 GB

[Step 50] ============ 详细性能分析 ============
[模型部分] 总时间: 6.699651s | 显存: 4.12 GB

[0-9秒 PDE求解详细性能]
  t=0s - 时间: 0.000000s | 显存: 0.00 B
  t=1s - 时间: 0.431892s | 显存: 0.00 B
  t=2s - 时间: 0.511842s | 显存: 0.00 B
  t=3s - 时间: 0.606538s | 显存: 0.00 B
  t=4s - 时间: 0.654943s | 显存: 0.00 B
  t=5s - 时间: 0.737027s | 显存: 0.00 B
  t=6s - 时间: 0.805805s | 显存: 0.00 B
  t=7s - 时间: 0.889428s | 显存: 0.00 B
  t=8s - 时间: 0.985778s | 显存: 0.00 B
  t=9s - 时间: 1.054846s | 显存: 0.00 B

[19秒 PDE求解]
  t=19.0s - 时间: 1.853424s | 显存: 0.00 B

[PDE求解部分] 总时间: 1.853736s | 显存: 0.00 B

[本步骤总计] 时间: 8.553387s | 显存: 4.12 GB
orginal_loss:  tensor(629778.1250, device='cuda:0', grad_fn=<MseLossBackward0>)
[Step 50] Backward Propagation - Time: 21.2904s, Mem: -4413235200.00 B
x_adv.requires_grad:  True
pred_19.requires_grad, true_19.requires_grad:  True True
Autograd grad max:  tensor(1541.5525, device='cuda:0')
Autograd grad min:  tensor(-1629.5023, device='cuda:0')
Autograd grad mean:  tensor(5.3162, device='cuda:0')
[Step 50] PGD Update - Time: 0.0013s, Mem: 0.00 B

[Step 50] 完整步骤总时间: 29.852326s | 总显存: 0.00 B
[Step 50] 峰值显存: 6.22 GB

[Step 51] ============ 详细性能分析 ============
[模型部分] 总时间: 6.659332s | 显存: 4.12 GB

[0-9秒 PDE求解详细性能]
  t=0s - 时间: 0.000000s | 显存: 0.00 B
  t=1s - 时间: 0.419336s | 显存: 0.00 B
  t=2s - 时间: 0.490983s | 显存: 0.00 B
  t=3s - 时间: 0.585813s | 显存: 0.00 B
  t=4s - 时间: 0.646663s | 显存: 0.00 B
  t=5s - 时间: 0.732548s | 显存: 0.00 B
  t=6s - 时间: 0.810698s | 显存: 0.00 B
  t=7s - 时间: 0.903294s | 显存: 0.00 B
  t=8s - 时间: 0.975083s | 显存: 0.00 B
  t=9s - 时间: 1.073708s | 显存: 0.00 B

[19秒 PDE求解]
  t=19.0s - 时间: 1.837091s | 显存: 0.00 B

[PDE求解部分] 总时间: 1.837429s | 显存: 0.00 B

[本步骤总计] 时间: 8.496761s | 显存: 4.12 GB
orginal_loss:  tensor(370953.1250, device='cuda:0', grad_fn=<MseLossBackward0>)
[Step 51] Backward Propagation - Time: 20.7830s, Mem: -4413235200.00 B
x_adv.requires_grad:  True
pred_19.requires_grad, true_19.requires_grad:  True True
Autograd grad max:  tensor(725.3651, device='cuda:0')
Autograd grad min:  tensor(-693.0748, device='cuda:0')
Autograd grad mean:  tensor(-7.9516, device='cuda:0')
[Step 51] PGD Update - Time: 0.0013s, Mem: 0.00 B

[Step 51] 完整步骤总时间: 29.285529s | 总显存: 0.00 B
[Step 51] 峰值显存: 6.22 GB

[Step 52] ============ 详细性能分析 ============
[模型部分] 总时间: 6.693741s | 显存: 4.12 GB

[0-9秒 PDE求解详细性能]
  t=0s - 时间: 0.000000s | 显存: 0.00 B
  t=1s - 时间: 0.424254s | 显存: 0.00 B
  t=2s - 时间: 0.535649s | 显存: 0.00 B
  t=3s - 时间: 0.597028s | 显存: 0.00 B
  t=4s - 时间: 0.655759s | 显存: 0.00 B
  t=5s - 时间: 0.748402s | 显存: 0.00 B
  t=6s - 时间: 0.811961s | 显存: 0.00 B
  t=7s - 时间: 0.894164s | 显存: 0.00 B
  t=8s - 时间: 0.944972s | 显存: 0.00 B
  t=9s - 时间: 1.060215s | 显存: 0.00 B

[19秒 PDE求解]
  t=19.0s - 时间: 1.836009s | 显存: 0.00 B

[PDE求解部分] 总时间: 1.836374s | 显存: 0.00 B

[本步骤总计] 时间: 8.530115s | 显存: 4.12 GB
orginal_loss:  tensor(510744.2812, device='cuda:0', grad_fn=<MseLossBackward0>)
[Step 52] Backward Propagation - Time: 22.5811s, Mem: -4413235200.00 B
x_adv.requires_grad:  True
pred_19.requires_grad, true_19.requires_grad:  True True
Autograd grad max:  tensor(527.0701, device='cuda:0')
Autograd grad min:  tensor(-899.0801, device='cuda:0')
Autograd grad mean:  tensor(-0.9426, device='cuda:0')
[Step 52] PGD Update - Time: 0.0014s, Mem: 0.00 B

[Step 52] 完整步骤总时间: 31.117588s | 总显存: 0.00 B
[Step 52] 峰值显存: 6.22 GB

[Step 53] ============ 详细性能分析 ============
[模型部分] 总时间: 6.763762s | 显存: 4.12 GB

[0-9秒 PDE求解详细性能]
  t=0s - 时间: 0.000000s | 显存: 0.00 B
  t=1s - 时间: 0.446642s | 显存: 0.00 B
  t=2s - 时间: 0.517261s | 显存: 0.00 B
  t=3s - 时间: 0.580215s | 显存: 0.00 B
  t=4s - 时间: 0.654189s | 显存: 0.00 B
  t=5s - 时间: 0.748445s | 显存: 0.00 B
  t=6s - 时间: 0.819513s | 显存: 0.00 B
  t=7s - 时间: 0.909158s | 显存: 0.00 B
  t=8s - 时间: 1.027248s | 显存: 0.00 B
  t=9s - 时间: 1.039638s | 显存: 0.00 B

[19秒 PDE求解]
  t=19.0s - 时间: 1.822940s | 显存: 0.00 B

[PDE求解部分] 总时间: 1.823272s | 显存: 0.00 B

[本步骤总计] 时间: 8.587034s | 显存: 4.12 GB
orginal_loss:  tensor(441188.7500, device='cuda:0', grad_fn=<MseLossBackward0>)
[Step 53] Backward Propagation - Time: 21.3224s, Mem: -4413235200.00 B
x_adv.requires_grad:  True
pred_19.requires_grad, true_19.requires_grad:  True True
Autograd grad max:  tensor(725.2256, device='cuda:0')
Autograd grad min:  tensor(-586.3566, device='cuda:0')
Autograd grad mean:  tensor(2.1341, device='cuda:0')
[Step 53] PGD Update - Time: 0.0013s, Mem: 0.00 B

[Step 53] 完整步骤总时间: 29.915424s | 总显存: 0.00 B
[Step 53] 峰值显存: 6.22 GB

[Step 54] ============ 详细性能分析 ============
[模型部分] 总时间: 6.650957s | 显存: 4.12 GB

[0-9秒 PDE求解详细性能]
  t=0s - 时间: 0.000000s | 显存: 0.00 B
  t=1s - 时间: 0.437630s | 显存: 0.00 B
  t=2s - 时间: 0.532408s | 显存: 0.00 B
  t=3s - 时间: 0.582652s | 显存: 0.00 B
  t=4s - 时间: 0.658164s | 显存: 0.00 B
  t=5s - 时间: 0.749860s | 显存: 0.00 B
  t=6s - 时间: 0.803777s | 显存: 0.00 B
  t=7s - 时间: 0.871428s | 显存: 0.00 B
  t=8s - 时间: 0.964753s | 显存: 0.00 B
  t=9s - 时间: 1.028938s | 显存: 0.00 B

[19秒 PDE求解]
  t=19.0s - 时间: 1.819677s | 显存: 0.00 B

[PDE求解部分] 总时间: 1.820035s | 显存: 0.00 B

[本步骤总计] 时间: 8.470991s | 显存: 4.12 GB
orginal_loss:  tensor(458342.1250, device='cuda:0', grad_fn=<MseLossBackward0>)
[Step 54] Backward Propagation - Time: 21.0864s, Mem: -4413235200.00 B
x_adv.requires_grad:  True
pred_19.requires_grad, true_19.requires_grad:  True True
Autograd grad max:  tensor(452.5737, device='cuda:0')
Autograd grad min:  tensor(-338.7380, device='cuda:0')
Autograd grad mean:  tensor(1.6956, device='cuda:0')
[Step 54] PGD Update - Time: 0.0012s, Mem: 0.00 B

[Step 54] 完整步骤总时间: 29.563343s | 总显存: 0.00 B
[Step 54] 峰值显存: 6.22 GB

[Step 55] ============ 详细性能分析 ============
[模型部分] 总时间: 6.649730s | 显存: 4.12 GB

[0-9秒 PDE求解详细性能]
  t=0s - 时间: 0.000000s | 显存: 0.00 B
  t=1s - 时间: 0.444249s | 显存: 0.00 B
  t=2s - 时间: 0.502726s | 显存: 0.00 B
  t=3s - 时间: 0.576906s | 显存: 0.00 B
  t=4s - 时间: 0.667016s | 显存: 0.00 B
  t=5s - 时间: 0.739730s | 显存: 0.00 B
  t=6s - 时间: 0.819739s | 显存: 0.00 B
  t=7s - 时间: 0.876608s | 显存: 0.00 B
  t=8s - 时间: 0.964183s | 显存: 0.00 B
  t=9s - 时间: 1.036866s | 显存: 0.00 B

[19秒 PDE求解]
  t=19.0s - 时间: 1.831900s | 显存: 0.00 B

[PDE求解部分] 总时间: 1.832290s | 显存: 0.00 B

[本步骤总计] 时间: 8.482020s | 显存: 4.12 GB
orginal_loss:  tensor(441727.3125, device='cuda:0', grad_fn=<MseLossBackward0>)
[Step 55] Backward Propagation - Time: 21.1962s, Mem: -4413235200.00 B
x_adv.requires_grad:  True
pred_19.requires_grad, true_19.requires_grad:  True True
Autograd grad max:  tensor(811.0404, device='cuda:0')
Autograd grad min:  tensor(-772.2533, device='cuda:0')
Autograd grad mean:  tensor(-3.0105, device='cuda:0')
[Step 55] PGD Update - Time: 0.0013s, Mem: 0.00 B

[Step 55] 完整步骤总时间: 29.684746s | 总显存: 0.00 B
[Step 55] 峰值显存: 6.22 GB

[Step 56] ============ 详细性能分析 ============
[模型部分] 总时间: 6.572775s | 显存: 4.12 GB

[0-9秒 PDE求解详细性能]
  t=0s - 时间: 0.000000s | 显存: 0.00 B
  t=1s - 时间: 0.422312s | 显存: 0.00 B
  t=2s - 时间: 0.490065s | 显存: 0.00 B
  t=3s - 时间: 0.566179s | 显存: 0.00 B
  t=4s - 时间: 0.667505s | 显存: 0.00 B
  t=5s - 时间: 0.715955s | 显存: 0.00 B
  t=6s - 时间: 0.822104s | 显存: 0.00 B
  t=7s - 时间: 0.880173s | 显存: 0.00 B
  t=8s - 时间: 0.957856s | 显存: 0.00 B
  t=9s - 时间: 1.029226s | 显存: 0.00 B

[19秒 PDE求解]
  t=19.0s - 时间: 1.814124s | 显存: 0.00 B

[PDE求解部分] 总时间: 1.814492s | 显存: 0.00 B

[本步骤总计] 时间: 8.387268s | 显存: 4.12 GB
orginal_loss:  tensor(403158.8750, device='cuda:0', grad_fn=<MseLossBackward0>)
[Step 56] Backward Propagation - Time: 20.8836s, Mem: -4413235200.00 B
x_adv.requires_grad:  True
pred_19.requires_grad, true_19.requires_grad:  True True
Autograd grad max:  tensor(683.9391, device='cuda:0')
Autograd grad min:  tensor(-1202.9360, device='cuda:0')
Autograd grad mean:  tensor(-0.0015, device='cuda:0')
[Step 56] PGD Update - Time: 0.0014s, Mem: 0.00 B

[Step 56] 完整步骤总时间: 29.276967s | 总显存: 0.00 B
[Step 56] 峰值显存: 6.22 GB

[Step 57] ============ 详细性能分析 ============
[模型部分] 总时间: 6.751010s | 显存: 4.12 GB

[0-9秒 PDE求解详细性能]
  t=0s - 时间: 0.000000s | 显存: 0.00 B
  t=1s - 时间: 0.442772s | 显存: 0.00 B
  t=2s - 时间: 0.519649s | 显存: 0.00 B
  t=3s - 时间: 0.628598s | 显存: 0.00 B
  t=4s - 时间: 0.682119s | 显存: 0.00 B
  t=5s - 时间: 0.754097s | 显存: 0.00 B
  t=6s - 时间: 0.815021s | 显存: 0.00 B
  t=7s - 时间: 0.883699s | 显存: 0.00 B
  t=8s - 时间: 0.957731s | 显存: 0.00 B
  t=9s - 时间: 1.045698s | 显存: 0.00 B

[19秒 PDE求解]
  t=19.0s - 时间: 1.897446s | 显存: 0.00 B

[PDE求解部分] 总时间: 1.897783s | 显存: 0.00 B

[本步骤总计] 时间: 8.648793s | 显存: 4.12 GB
orginal_loss:  tensor(563710.7500, device='cuda:0', grad_fn=<MseLossBackward0>)
[Step 57] Backward Propagation - Time: 21.1831s, Mem: -4413235200.00 B
x_adv.requires_grad:  True
pred_19.requires_grad, true_19.requires_grad:  True True
Autograd grad max:  tensor(356.2063, device='cuda:0')
Autograd grad min:  tensor(-226.4136, device='cuda:0')
Autograd grad mean:  tensor(0.4140, device='cuda:0')
[Step 57] PGD Update - Time: 0.0013s, Mem: 0.00 B

[Step 57] 完整步骤总时间: 29.837810s | 总显存: 0.00 B
[Step 57] 峰值显存: 6.22 GB

[Step 58] ============ 详细性能分析 ============
[模型部分] 总时间: 6.759666s | 显存: 4.12 GB

[0-9秒 PDE求解详细性能]
  t=0s - 时间: 0.000000s | 显存: 0.00 B
  t=1s - 时间: 0.547648s | 显存: 0.00 B
  t=2s - 时间: 0.514995s | 显存: 0.00 B
  t=3s - 时间: 0.588571s | 显存: 0.00 B
  t=4s - 时间: 0.664374s | 显存: 0.00 B
  t=5s - 时间: 0.718606s | 显存: 0.00 B
  t=6s - 时间: 0.825172s | 显存: 0.00 B
  t=7s - 时间: 0.880065s | 显存: 0.00 B
  t=8s - 时间: 0.960252s | 显存: 0.00 B
  t=9s - 时间: 1.038725s | 显存: 0.00 B

[19秒 PDE求解]
  t=19.0s - 时间: 1.821577s | 显存: 0.00 B

[PDE求解部分] 总时间: 1.821910s | 显存: 0.00 B

[本步骤总计] 时间: 8.581577s | 显存: 4.12 GB
orginal_loss:  tensor(435282.9688, device='cuda:0', grad_fn=<MseLossBackward0>)
[Step 58] Backward Propagation - Time: 20.8895s, Mem: -4413235200.00 B
x_adv.requires_grad:  True
pred_19.requires_grad, true_19.requires_grad:  True True
Autograd grad max:  tensor(1211.6421, device='cuda:0')
Autograd grad min:  tensor(-1557.5779, device='cuda:0')
Autograd grad mean:  tensor(-1.3818, device='cuda:0')
[Step 58] PGD Update - Time: 0.0013s, Mem: 0.00 B

[Step 58] 完整步骤总时间: 29.476907s | 总显存: 0.00 B
[Step 58] 峰值显存: 6.22 GB

[Step 59] ============ 详细性能分析 ============
[模型部分] 总时间: 6.664668s | 显存: 4.12 GB

[0-9秒 PDE求解详细性能]
  t=0s - 时间: 0.000000s | 显存: 0.00 B
  t=1s - 时间: 0.441413s | 显存: 0.00 B
  t=2s - 时间: 0.516577s | 显存: 0.00 B
  t=3s - 时间: 0.582186s | 显存: 0.00 B
  t=4s - 时间: 0.634692s | 显存: 0.00 B
  t=5s - 时间: 0.743943s | 显存: 0.00 B
  t=6s - 时间: 0.810808s | 显存: 0.00 B
  t=7s - 时间: 0.877562s | 显存: 0.00 B
  t=8s - 时间: 0.984872s | 显存: 0.00 B
  t=9s - 时间: 1.051312s | 显存: 0.00 B

[19秒 PDE求解]
  t=19.0s - 时间: 1.862220s | 显存: 0.00 B

[PDE求解部分] 总时间: 1.862608s | 显存: 0.00 B

[本步骤总计] 时间: 8.527276s | 显存: 4.12 GB
orginal_loss:  tensor(259412.5469, device='cuda:0', grad_fn=<MseLossBackward0>)
[Step 59] Backward Propagation - Time: 20.9611s, Mem: -4413235200.00 B
x_adv.requires_grad:  True
pred_19.requires_grad, true_19.requires_grad:  True True
Autograd grad max:  tensor(543.4134, device='cuda:0')
Autograd grad min:  tensor(-658.0183, device='cuda:0')
Autograd grad mean:  tensor(-2.6143, device='cuda:0')
[Step 59] PGD Update - Time: 0.0014s, Mem: 0.00 B

[Step 59] 完整步骤总时间: 29.494519s | 总显存: 0.00 B
[Step 59] 峰值显存: 6.22 GB

[Step 60] ============ 详细性能分析 ============
[模型部分] 总时间: 6.754898s | 显存: 4.12 GB

[0-9秒 PDE求解详细性能]
  t=0s - 时间: 0.000000s | 显存: 0.00 B
  t=1s - 时间: 0.441877s | 显存: 0.00 B
  t=2s - 时间: 0.490288s | 显存: 0.00 B
  t=3s - 时间: 0.588096s | 显存: 0.00 B
  t=4s - 时间: 0.658426s | 显存: 0.00 B
  t=5s - 时间: 0.732374s | 显存: 0.00 B
  t=6s - 时间: 0.825826s | 显存: 0.00 B
  t=7s - 时间: 0.883104s | 显存: 0.00 B
  t=8s - 时间: 1.050346s | 显存: 0.00 B
  t=9s - 时间: 1.063173s | 显存: 0.00 B

[19秒 PDE求解]
  t=19.0s - 时间: 1.844061s | 显存: 0.00 B

[PDE求解部分] 总时间: 1.844392s | 显存: 0.00 B

[本步骤总计] 时间: 8.599290s | 显存: 4.12 GB
orginal_loss:  tensor(553243.7500, device='cuda:0', grad_fn=<MseLossBackward0>)
[Step 60] Backward Propagation - Time: 21.1505s, Mem: -4413235200.00 B
x_adv.requires_grad:  True
pred_19.requires_grad, true_19.requires_grad:  True True
Autograd grad max:  tensor(605.9567, device='cuda:0')
Autograd grad min:  tensor(-825.9985, device='cuda:0')
Autograd grad mean:  tensor(4.4597, device='cuda:0')
[Step 60] PGD Update - Time: 0.0011s, Mem: 0.00 B

[Step 60] 完整步骤总时间: 29.755813s | 总显存: 0.00 B
[Step 60] 峰值显存: 6.22 GB

[Step 61] ============ 详细性能分析 ============
[模型部分] 总时间: 6.585943s | 显存: 4.12 GB

[0-9秒 PDE求解详细性能]
  t=0s - 时间: 0.000000s | 显存: 0.00 B
  t=1s - 时间: 0.405678s | 显存: 0.00 B
  t=2s - 时间: 0.496928s | 显存: 0.00 B
  t=3s - 时间: 0.560174s | 显存: 0.00 B
  t=4s - 时间: 0.648294s | 显存: 0.00 B
  t=5s - 时间: 0.730372s | 显存: 0.00 B
  t=6s - 时间: 0.826413s | 显存: 0.00 B
  t=7s - 时间: 0.881385s | 显存: 0.00 B
  t=8s - 时间: 0.943361s | 显存: 0.00 B
  t=9s - 时间: 1.072020s | 显存: 0.00 B

[19秒 PDE求解]
  t=19.0s - 时间: 1.821212s | 显存: 0.00 B

[PDE求解部分] 总时间: 1.821578s | 显存: 0.00 B

[本步骤总计] 时间: 8.407521s | 显存: 4.12 GB
orginal_loss:  tensor(419315.8750, device='cuda:0', grad_fn=<MseLossBackward0>)
[Step 61] Backward Propagation - Time: 21.1673s, Mem: -4413235200.00 B
x_adv.requires_grad:  True
pred_19.requires_grad, true_19.requires_grad:  True True
Autograd grad max:  tensor(750.3819, device='cuda:0')
Autograd grad min:  tensor(-710.7643, device='cuda:0')
Autograd grad mean:  tensor(4.7090, device='cuda:0')
[Step 61] PGD Update - Time: 0.0013s, Mem: 0.00 B

[Step 61] 完整步骤总时间: 29.580690s | 总显存: 0.00 B
[Step 61] 峰值显存: 6.22 GB

[Step 62] ============ 详细性能分析 ============
[模型部分] 总时间: 6.769079s | 显存: 4.12 GB

[0-9秒 PDE求解详细性能]
  t=0s - 时间: 0.000000s | 显存: 0.00 B
  t=1s - 时间: 0.425369s | 显存: 0.00 B
  t=2s - 时间: 0.528856s | 显存: 0.00 B
  t=3s - 时间: 0.598740s | 显存: 0.00 B
  t=4s - 时间: 0.658460s | 显存: 0.00 B
  t=5s - 时间: 0.755549s | 显存: 0.00 B
  t=6s - 时间: 0.831205s | 显存: 0.00 B
  t=7s - 时间: 0.920568s | 显存: 0.00 B
  t=8s - 时间: 0.990937s | 显存: 0.00 B
  t=9s - 时间: 1.037839s | 显存: 0.00 B

[19秒 PDE求解]
  t=19.0s - 时间: 1.817949s | 显存: 0.00 B

[PDE求解部分] 总时间: 1.818303s | 显存: 0.00 B

[本步骤总计] 时间: 8.587383s | 显存: 4.12 GB
orginal_loss:  tensor(493182.7500, device='cuda:0', grad_fn=<MseLossBackward0>)
[Step 62] Backward Propagation - Time: 27.6326s, Mem: -4413235200.00 B
x_adv.requires_grad:  True
pred_19.requires_grad, true_19.requires_grad:  True True
Autograd grad max:  tensor(887.1918, device='cuda:0')
Autograd grad min:  tensor(-945.0606, device='cuda:0')
Autograd grad mean:  tensor(1.8006, device='cuda:0')
[Step 62] PGD Update - Time: 0.0013s, Mem: 0.00 B

[Step 62] 完整步骤总时间: 36.226101s | 总显存: 0.00 B
[Step 62] 峰值显存: 6.22 GB

[Step 63] ============ 详细性能分析 ============
[模型部分] 总时间: 7.929497s | 显存: 4.12 GB

[0-9秒 PDE求解详细性能]
  t=0s - 时间: 0.000000s | 显存: 0.00 B
  t=1s - 时间: 0.422283s | 显存: 0.00 B
  t=2s - 时间: 0.500211s | 显存: 0.00 B
  t=3s - 时间: 0.571681s | 显存: 0.00 B
  t=4s - 时间: 0.675915s | 显存: 0.00 B
  t=5s - 时间: 0.810839s | 显存: 0.00 B
  t=6s - 时间: 0.807508s | 显存: 0.00 B
  t=7s - 时间: 0.883233s | 显存: 0.00 B
  t=8s - 时间: 0.969303s | 显存: 0.00 B
  t=9s - 时间: 1.069921s | 显存: 0.00 B

[19秒 PDE求解]
  t=19.0s - 时间: 1.846289s | 显存: 0.00 B

[PDE求解部分] 总时间: 1.846666s | 显存: 0.00 B

[本步骤总计] 时间: 9.776163s | 显存: 4.12 GB
orginal_loss:  tensor(448075.2812, device='cuda:0', grad_fn=<MseLossBackward0>)
[Step 63] Backward Propagation - Time: 21.2547s, Mem: -4413235200.00 B
x_adv.requires_grad:  True
pred_19.requires_grad, true_19.requires_grad:  True True
Autograd grad max:  tensor(420.2307, device='cuda:0')
Autograd grad min:  tensor(-384.1056, device='cuda:0')
Autograd grad mean:  tensor(3.5986, device='cuda:0')
[Step 63] PGD Update - Time: 0.0013s, Mem: 0.00 B

[Step 63] 完整步骤总时间: 31.037045s | 总显存: 0.00 B
[Step 63] 峰值显存: 6.22 GB

[Step 64] ============ 详细性能分析 ============
[模型部分] 总时间: 6.678560s | 显存: 4.12 GB

[0-9秒 PDE求解详细性能]
  t=0s - 时间: 0.000000s | 显存: 0.00 B
  t=1s - 时间: 0.418184s | 显存: 0.00 B
  t=2s - 时间: 0.491761s | 显存: 0.00 B
  t=3s - 时间: 0.597363s | 显存: 0.00 B
  t=4s - 时间: 0.667219s | 显存: 0.00 B
  t=5s - 时间: 0.727614s | 显存: 0.00 B
  t=6s - 时间: 0.805293s | 显存: 0.00 B
  t=7s - 时间: 0.902878s | 显存: 0.00 B
  t=8s - 时间: 0.988751s | 显存: 0.00 B
  t=9s - 时间: 1.057906s | 显存: 0.00 B

[19秒 PDE求解]
  t=19.0s - 时间: 1.855326s | 显存: 0.00 B

[PDE求解部分] 总时间: 1.855656s | 显存: 0.00 B

[本步骤总计] 时间: 8.534217s | 显存: 4.12 GB
orginal_loss:  tensor(648159.5000, device='cuda:0', grad_fn=<MseLossBackward0>)
[Step 64] Backward Propagation - Time: 22.3697s, Mem: -4413235200.00 B
x_adv.requires_grad:  True
pred_19.requires_grad, true_19.requires_grad:  True True
Autograd grad max:  tensor(547.0104, device='cuda:0')
Autograd grad min:  tensor(-380.2134, device='cuda:0')
Autograd grad mean:  tensor(-1.6179, device='cuda:0')
[Step 64] PGD Update - Time: 0.0013s, Mem: 0.00 B

[Step 64] 完整步骤总时间: 30.909937s | 总显存: 0.00 B
[Step 64] 峰值显存: 6.22 GB

[Step 65] ============ 详细性能分析 ============
[模型部分] 总时间: 6.830372s | 显存: 4.12 GB

[0-9秒 PDE求解详细性能]
  t=0s - 时间: 0.000000s | 显存: 0.00 B
  t=1s - 时间: 0.500257s | 显存: 0.00 B
  t=2s - 时间: 0.548440s | 显存: 0.00 B
  t=3s - 时间: 0.566291s | 显存: 0.00 B
  t=4s - 时间: 0.652084s | 显存: 0.00 B
  t=5s - 时间: 0.725311s | 显存: 0.00 B
  t=6s - 时间: 0.797719s | 显存: 0.00 B
  t=7s - 时间: 0.875684s | 显存: 0.00 B
  t=8s - 时间: 0.959677s | 显存: 0.00 B
  t=9s - 时间: 1.183651s | 显存: 0.00 B

[19秒 PDE求解]
  t=19.0s - 时间: 1.841564s | 显存: 0.00 B

[PDE求解部分] 总时间: 1.841893s | 显存: 0.00 B

[本步骤总计] 时间: 8.672265s | 显存: 4.12 GB
orginal_loss:  tensor(683115.1250, device='cuda:0', grad_fn=<MseLossBackward0>)
[Step 65] Backward Propagation - Time: 21.1881s, Mem: -4413235200.00 B
x_adv.requires_grad:  True
pred_19.requires_grad, true_19.requires_grad:  True True
Autograd grad max:  tensor(365.1994, device='cuda:0')
Autograd grad min:  tensor(-557.4317, device='cuda:0')
Autograd grad mean:  tensor(0.7216, device='cuda:0')
[Step 65] PGD Update - Time: 0.0014s, Mem: 0.00 B

[Step 65] 完整步骤总时间: 29.866652s | 总显存: 0.00 B
[Step 65] 峰值显存: 6.22 GB

[Step 66] ============ 详细性能分析 ============
[模型部分] 总时间: 6.712036s | 显存: 4.12 GB

[0-9秒 PDE求解详细性能]
  t=0s - 时间: 0.000000s | 显存: 0.00 B
  t=1s - 时间: 0.454660s | 显存: 0.00 B
  t=2s - 时间: 0.515553s | 显存: 0.00 B
  t=3s - 时间: 0.571787s | 显存: 0.00 B
  t=4s - 时间: 0.668352s | 显存: 0.00 B
  t=5s - 时间: 0.755203s | 显存: 0.00 B
  t=6s - 时间: 0.831427s | 显存: 0.00 B
  t=7s - 时间: 0.890494s | 显存: 0.00 B
  t=8s - 时间: 0.972043s | 显存: 0.00 B
  t=9s - 时间: 1.031011s | 显存: 0.00 B

[19秒 PDE求解]
  t=19.0s - 时间: 1.830472s | 显存: 0.00 B

[PDE求解部分] 总时间: 1.830794s | 显存: 0.00 B

[本步骤总计] 时间: 8.542830s | 显存: 4.12 GB
orginal_loss:  tensor(586386.1250, device='cuda:0', grad_fn=<MseLossBackward0>)
[Step 66] Backward Propagation - Time: 20.8562s, Mem: -4413235200.00 B
x_adv.requires_grad:  True
pred_19.requires_grad, true_19.requires_grad:  True True
Autograd grad max:  tensor(723.0838, device='cuda:0')
Autograd grad min:  tensor(-1049.2078, device='cuda:0')
Autograd grad mean:  tensor(3.2589, device='cuda:0')
[Step 66] PGD Update - Time: 0.0011s, Mem: 0.00 B

[Step 66] 完整步骤总时间: 29.404438s | 总显存: 0.00 B
[Step 66] 峰值显存: 6.22 GB

[Step 67] ============ 详细性能分析 ============
[模型部分] 总时间: 6.855921s | 显存: 4.12 GB

[0-9秒 PDE求解详细性能]
  t=0s - 时间: 0.000000s | 显存: 0.00 B
  t=1s - 时间: 0.416454s | 显存: 0.00 B
  t=2s - 时间: 0.545877s | 显存: 0.00 B
  t=3s - 时间: 0.653835s | 显存: 0.00 B
  t=4s - 时间: 0.718594s | 显存: 0.00 B
  t=5s - 时间: 0.751220s | 显存: 0.00 B
  t=6s - 时间: 0.837534s | 显存: 0.00 B
  t=7s - 时间: 0.888794s | 显存: 0.00 B
  t=8s - 时间: 0.967737s | 显存: 0.00 B
  t=9s - 时间: 1.054551s | 显存: 0.00 B

[19秒 PDE求解]
  t=19.0s - 时间: 1.829506s | 显存: 0.00 B

[PDE求解部分] 总时间: 1.829897s | 显存: 0.00 B

[本步骤总计] 时间: 8.685818s | 显存: 4.12 GB
orginal_loss:  tensor(683188.8750, device='cuda:0', grad_fn=<MseLossBackward0>)
[Step 67] Backward Propagation - Time: 20.9700s, Mem: -4413235200.00 B
x_adv.requires_grad:  True
pred_19.requires_grad, true_19.requires_grad:  True True
Autograd grad max:  tensor(623.6153, device='cuda:0')
Autograd grad min:  tensor(-737.2228, device='cuda:0')
Autograd grad mean:  tensor(1.6253, device='cuda:0')
[Step 67] PGD Update - Time: 0.0013s, Mem: 0.00 B

[Step 67] 完整步骤总时间: 29.661414s | 总显存: 0.00 B
[Step 67] 峰值显存: 6.22 GB

[Step 68] ============ 详细性能分析 ============
[模型部分] 总时间: 6.687754s | 显存: 4.12 GB

[0-9秒 PDE求解详细性能]
  t=0s - 时间: 0.000000s | 显存: 0.00 B
  t=1s - 时间: 0.442318s | 显存: 0.00 B
  t=2s - 时间: 0.508093s | 显存: 0.00 B
  t=3s - 时间: 0.589274s | 显存: 0.00 B
  t=4s - 时间: 0.657936s | 显存: 0.00 B
  t=5s - 时间: 0.733555s | 显存: 0.00 B
  t=6s - 时间: 0.821152s | 显存: 0.00 B
  t=7s - 时间: 0.891410s | 显存: 0.00 B
  t=8s - 时间: 0.982498s | 显存: 0.00 B
  t=9s - 时间: 1.039855s | 显存: 0.00 B

[19秒 PDE求解]
  t=19.0s - 时间: 1.834038s | 显存: 0.00 B

[PDE求解部分] 总时间: 1.834377s | 显存: 0.00 B

[本步骤总计] 时间: 8.522131s | 显存: 4.12 GB
orginal_loss:  tensor(609398.8750, device='cuda:0', grad_fn=<MseLossBackward0>)
[Step 68] Backward Propagation - Time: 21.2506s, Mem: -4413235200.00 B
x_adv.requires_grad:  True
pred_19.requires_grad, true_19.requires_grad:  True True
Autograd grad max:  tensor(296.9124, device='cuda:0')
Autograd grad min:  tensor(-378.3475, device='cuda:0')
Autograd grad mean:  tensor(1.2795, device='cuda:0')
[Step 68] PGD Update - Time: 0.0013s, Mem: 0.00 B

[Step 68] 完整步骤总时间: 29.778914s | 总显存: 0.00 B
[Step 68] 峰值显存: 6.22 GB

[Step 69] ============ 详细性能分析 ============
[模型部分] 总时间: 6.753636s | 显存: 4.12 GB

[0-9秒 PDE求解详细性能]
  t=0s - 时间: 0.000000s | 显存: 0.00 B
  t=1s - 时间: 0.456925s | 显存: 0.00 B
  t=2s - 时间: 0.477236s | 显存: 0.00 B
  t=3s - 时间: 0.629419s | 显存: 0.00 B
  t=4s - 时间: 0.721173s | 显存: 0.00 B
  t=5s - 时间: 0.724626s | 显存: 0.00 B
  t=6s - 时间: 0.802105s | 显存: 0.00 B
  t=7s - 时间: 0.888144s | 显存: 0.00 B
  t=8s - 时间: 0.979838s | 显存: 0.00 B
  t=9s - 时间: 1.052981s | 显存: 0.00 B

[19秒 PDE求解]
  t=19.0s - 时间: 1.817688s | 显存: 0.00 B

[PDE求解部分] 总时间: 1.818048s | 显存: 0.00 B

[本步骤总计] 时间: 8.571683s | 显存: 4.12 GB
orginal_loss:  tensor(559480.8750, device='cuda:0', grad_fn=<MseLossBackward0>)
[Step 69] Backward Propagation - Time: 20.8756s, Mem: -4413235200.00 B
x_adv.requires_grad:  True
pred_19.requires_grad, true_19.requires_grad:  True True
Autograd grad max:  tensor(1048.7640, device='cuda:0')
Autograd grad min:  tensor(-1094.2147, device='cuda:0')
Autograd grad mean:  tensor(0.6629, device='cuda:0')
[Step 69] PGD Update - Time: 0.0013s, Mem: 0.00 B

[Step 69] 完整步骤总时间: 29.452989s | 总显存: 0.00 B
[Step 69] 峰值显存: 6.22 GB

[Step 70] ============ 详细性能分析 ============
[模型部分] 总时间: 6.775882s | 显存: 4.12 GB

[0-9秒 PDE求解详细性能]
  t=0s - 时间: 0.000000s | 显存: 0.00 B
  t=1s - 时间: 0.447706s | 显存: 0.00 B
  t=2s - 时间: 0.492426s | 显存: 0.00 B
  t=3s - 时间: 0.595844s | 显存: 0.00 B
  t=4s - 时间: 0.675976s | 显存: 0.00 B
  t=5s - 时间: 0.756067s | 显存: 0.00 B
  t=6s - 时间: 0.840142s | 显存: 0.00 B
  t=7s - 时间: 0.909413s | 显存: 0.00 B
  t=8s - 时间: 0.987369s | 显存: 0.00 B
  t=9s - 时间: 1.049585s | 显存: 0.00 B

[19秒 PDE求解]
  t=19.0s - 时间: 1.823436s | 显存: 0.00 B

[PDE求解部分] 总时间: 1.824027s | 显存: 0.00 B

[本步骤总计] 时间: 8.599908s | 显存: 4.12 GB
orginal_loss:  tensor(501603.5000, device='cuda:0', grad_fn=<MseLossBackward0>)
[Step 70] Backward Propagation - Time: 20.9301s, Mem: -4413235200.00 B
x_adv.requires_grad:  True
pred_19.requires_grad, true_19.requires_grad:  True True
Autograd grad max:  tensor(3001.0991, device='cuda:0')
Autograd grad min:  tensor(-2243.9473, device='cuda:0')
Autograd grad mean:  tensor(-2.9697, device='cuda:0')
[Step 70] PGD Update - Time: 0.0014s, Mem: 0.00 B

[Step 70] 完整步骤总时间: 29.536056s | 总显存: 0.00 B
[Step 70] 峰值显存: 6.22 GB

[Step 71] ============ 详细性能分析 ============
[模型部分] 总时间: 6.940939s | 显存: 4.12 GB

[0-9秒 PDE求解详细性能]
  t=0s - 时间: 0.000000s | 显存: 0.00 B
  t=1s - 时间: 0.479525s | 显存: 0.00 B
  t=2s - 时间: 0.522010s | 显存: 0.00 B
  t=3s - 时间: 0.592326s | 显存: 0.00 B
  t=4s - 时间: 0.677529s | 显存: 0.00 B
  t=5s - 时间: 0.818308s | 显存: 0.00 B
  t=6s - 时间: 0.885516s | 显存: 0.00 B
  t=7s - 时间: 0.908333s | 显存: 0.00 B
  t=8s - 时间: 0.982906s | 显存: 0.00 B
  t=9s - 时间: 1.052749s | 显存: 0.00 B

[19秒 PDE求解]
  t=19.0s - 时间: 1.826718s | 显存: 0.00 B

[PDE求解部分] 总时间: 1.827049s | 显存: 0.00 B

[本步骤总计] 时间: 8.767988s | 显存: 4.12 GB
orginal_loss:  tensor(573001.6250, device='cuda:0', grad_fn=<MseLossBackward0>)
[Step 71] Backward Propagation - Time: 21.2626s, Mem: -4413235200.00 B
x_adv.requires_grad:  True
pred_19.requires_grad, true_19.requires_grad:  True True
Autograd grad max:  tensor(1135.8174, device='cuda:0')
Autograd grad min:  tensor(-1250.7141, device='cuda:0')
Autograd grad mean:  tensor(-3.7116, device='cuda:0')
[Step 71] PGD Update - Time: 0.0013s, Mem: 0.00 B

[Step 71] 完整步骤总时间: 30.037123s | 总显存: 0.00 B
[Step 71] 峰值显存: 6.22 GB

[Step 72] ============ 详细性能分析 ============
[模型部分] 总时间: 6.646484s | 显存: 4.12 GB

[0-9秒 PDE求解详细性能]
  t=0s - 时间: 0.000000s | 显存: 0.00 B
  t=1s - 时间: 0.412464s | 显存: 0.00 B
  t=2s - 时间: 0.489353s | 显存: 0.00 B
  t=3s - 时间: 0.563999s | 显存: 0.00 B
  t=4s - 时间: 0.653960s | 显存: 0.00 B
  t=5s - 时间: 0.750454s | 显存: 0.00 B
  t=6s - 时间: 0.798304s | 显存: 0.00 B
  t=7s - 时间: 0.902948s | 显存: 0.00 B
  t=8s - 时间: 0.990088s | 显存: 0.00 B
  t=9s - 时间: 1.063569s | 显存: 0.00 B

[19秒 PDE求解]
  t=19.0s - 时间: 1.839011s | 显存: 0.00 B

[PDE求解部分] 总时间: 1.839405s | 显存: 0.00 B

[本步骤总计] 时间: 8.485890s | 显存: 4.12 GB
orginal_loss:  tensor(636844.6250, device='cuda:0', grad_fn=<MseLossBackward0>)
[Step 72] Backward Propagation - Time: 21.2490s, Mem: -4413235200.00 B
x_adv.requires_grad:  True
pred_19.requires_grad, true_19.requires_grad:  True True
Autograd grad max:  tensor(1183.6182, device='cuda:0')
Autograd grad min:  tensor(-1840.3517, device='cuda:0')
Autograd grad mean:  tensor(-14.9980, device='cuda:0')
[Step 72] PGD Update - Time: 0.0013s, Mem: 0.00 B

[Step 72] 完整步骤总时间: 29.740729s | 总显存: 0.00 B
[Step 72] 峰值显存: 6.22 GB

[Step 73] ============ 详细性能分析 ============
[模型部分] 总时间: 6.949317s | 显存: 4.12 GB

[0-9秒 PDE求解详细性能]
  t=0s - 时间: 0.000000s | 显存: 0.00 B
  t=1s - 时间: 0.454168s | 显存: 0.00 B
  t=2s - 时间: 0.493642s | 显存: 0.00 B
  t=3s - 时间: 0.580440s | 显存: 0.00 B
  t=4s - 时间: 0.650361s | 显存: 0.00 B
  t=5s - 时间: 0.888837s | 显存: 0.00 B
  t=6s - 时间: 0.873162s | 显存: 0.00 B
  t=7s - 时间: 0.913297s | 显存: 0.00 B
  t=8s - 时间: 0.994856s | 显存: 0.00 B
  t=9s - 时间: 1.078965s | 显存: 0.00 B

[19秒 PDE求解]
  t=19.0s - 时间: 1.852240s | 显存: 0.00 B

[PDE求解部分] 总时间: 1.852575s | 显存: 0.00 B

[本步骤总计] 时间: 8.801892s | 显存: 4.12 GB
orginal_loss:  tensor(724824.6250, device='cuda:0', grad_fn=<MseLossBackward0>)
[Step 73] Backward Propagation - Time: 21.1899s, Mem: -4413235200.00 B
x_adv.requires_grad:  True
pred_19.requires_grad, true_19.requires_grad:  True True
Autograd grad max:  tensor(938.6096, device='cuda:0')
Autograd grad min:  tensor(-697.0862, device='cuda:0')
Autograd grad mean:  tensor(-2.0032, device='cuda:0')
[Step 73] PGD Update - Time: 0.0013s, Mem: 0.00 B

[Step 73] 完整步骤总时间: 29.997783s | 总显存: 0.00 B
[Step 73] 峰值显存: 6.22 GB

[Step 74] ============ 详细性能分析 ============
[模型部分] 总时间: 6.735603s | 显存: 4.12 GB

[0-9秒 PDE求解详细性能]
  t=0s - 时间: 0.000000s | 显存: 0.00 B
  t=1s - 时间: 0.447787s | 显存: 0.00 B
  t=2s - 时间: 0.500026s | 显存: 0.00 B
  t=3s - 时间: 0.588869s | 显存: 0.00 B
  t=4s - 时间: 0.640226s | 显存: 0.00 B
  t=5s - 时间: 0.763315s | 显存: 0.00 B
  t=6s - 时间: 0.817551s | 显存: 0.00 B
  t=7s - 时间: 0.892663s | 显存: 0.00 B
  t=8s - 时间: 0.990786s | 显存: 0.00 B
  t=9s - 时间: 1.073032s | 显存: 0.00 B

[19秒 PDE求解]
  t=19.0s - 时间: 1.839325s | 显存: 0.00 B

[PDE求解部分] 总时间: 1.839676s | 显存: 0.00 B

[本步骤总计] 时间: 8.575279s | 显存: 4.12 GB
orginal_loss:  tensor(818661.1250, device='cuda:0', grad_fn=<MseLossBackward0>)
[Step 74] Backward Propagation - Time: 20.9731s, Mem: -4413235200.00 B
x_adv.requires_grad:  True
pred_19.requires_grad, true_19.requires_grad:  True True
Autograd grad max:  tensor(1711.3208, device='cuda:0')
Autograd grad min:  tensor(-1213.7329, device='cuda:0')
Autograd grad mean:  tensor(1.5587, device='cuda:0')
[Step 74] PGD Update - Time: 0.0011s, Mem: 0.00 B

[Step 74] 完整步骤总时间: 29.553924s | 总显存: 0.00 B
[Step 74] 峰值显存: 6.22 GB

[Step 75] ============ 详细性能分析 ============
[模型部分] 总时间: 7.856157s | 显存: 4.12 GB

[0-9秒 PDE求解详细性能]
  t=0s - 时间: 0.000000s | 显存: 0.00 B
  t=1s - 时间: 0.478085s | 显存: 0.00 B
  t=2s - 时间: 0.525489s | 显存: 0.00 B
  t=3s - 时间: 1.610645s | 显存: 0.00 B
  t=4s - 时间: 0.704496s | 显存: 0.00 B
  t=5s - 时间: 0.791573s | 显存: 0.00 B
  t=6s - 时间: 0.798328s | 显存: 0.00 B
  t=7s - 时间: 0.880478s | 显存: 0.00 B
  t=8s - 时间: 0.975295s | 显存: 0.00 B
  t=9s - 时间: 1.070436s | 显存: 0.00 B

[19秒 PDE求解]
  t=19.0s - 时间: 1.860477s | 显存: 0.00 B

[PDE求解部分] 总时间: 1.860842s | 显存: 0.00 B

[本步骤总计] 时间: 9.716999s | 显存: 4.12 GB
orginal_loss:  tensor(792783.6875, device='cuda:0', grad_fn=<MseLossBackward0>)
[Step 75] Backward Propagation - Time: 21.0918s, Mem: -4413235200.00 B
x_adv.requires_grad:  True
pred_19.requires_grad, true_19.requires_grad:  True True
Autograd grad max:  tensor(732.8367, device='cuda:0')
Autograd grad min:  tensor(-1268.5099, device='cuda:0')
Autograd grad mean:  tensor(-3.7288, device='cuda:0')
[Step 75] PGD Update - Time: 0.0013s, Mem: 0.00 B

[Step 75] 完整步骤总时间: 30.814779s | 总显存: 0.00 B
[Step 75] 峰值显存: 6.22 GB

[Step 76] ============ 详细性能分析 ============
[模型部分] 总时间: 6.821676s | 显存: 4.12 GB

[0-9秒 PDE求解详细性能]
  t=0s - 时间: 0.000000s | 显存: 0.00 B
  t=1s - 时间: 0.464281s | 显存: 0.00 B
  t=2s - 时间: 0.524444s | 显存: 0.00 B
  t=3s - 时间: 0.580803s | 显存: 0.00 B
  t=4s - 时间: 0.697396s | 显存: 0.00 B
  t=5s - 时间: 0.732799s | 显存: 0.00 B
  t=6s - 时间: 0.831610s | 显存: 0.00 B
  t=7s - 时间: 0.896444s | 显存: 0.00 B
  t=8s - 时间: 1.008760s | 显存: 0.00 B
  t=9s - 时间: 1.063499s | 显存: 0.00 B

[19秒 PDE求解]
  t=19.0s - 时间: 1.854256s | 显存: 0.00 B

[PDE求解部分] 总时间: 1.854611s | 显存: 0.00 B

[本步骤总计] 时间: 8.676287s | 显存: 4.12 GB
orginal_loss:  tensor(743870.3750, device='cuda:0', grad_fn=<MseLossBackward0>)
[Step 76] Backward Propagation - Time: 21.0090s, Mem: -4413235200.00 B
x_adv.requires_grad:  True
pred_19.requires_grad, true_19.requires_grad:  True True
Autograd grad max:  tensor(962.0883, device='cuda:0')
Autograd grad min:  tensor(-779.4345, device='cuda:0')
Autograd grad mean:  tensor(-1.0540, device='cuda:0')
[Step 76] PGD Update - Time: 0.0011s, Mem: 0.00 B

[Step 76] 完整步骤总时间: 29.695210s | 总显存: 0.00 B
[Step 76] 峰值显存: 6.22 GB

[Step 77] ============ 详细性能分析 ============
[模型部分] 总时间: 6.872722s | 显存: 4.12 GB

[0-9秒 PDE求解详细性能]
  t=0s - 时间: 0.000000s | 显存: 0.00 B
  t=1s - 时间: 0.424602s | 显存: 0.00 B
  t=2s - 时间: 0.497046s | 显存: 0.00 B
  t=3s - 时间: 0.570618s | 显存: 0.00 B
  t=4s - 时间: 0.660250s | 显存: 0.00 B
  t=5s - 时间: 0.799813s | 显存: 0.00 B
  t=6s - 时间: 0.958410s | 显存: 0.00 B
  t=7s - 时间: 0.906954s | 显存: 0.00 B
  t=8s - 时间: 0.959089s | 显存: 0.00 B
  t=9s - 时间: 1.074563s | 显存: 0.00 B

[19秒 PDE求解]
  t=19.0s - 时间: 1.838980s | 显存: 0.00 B

[PDE求解部分] 总时间: 1.839363s | 显存: 0.00 B

[本步骤总计] 时间: 8.712085s | 显存: 4.12 GB
orginal_loss:  tensor(726240.8750, device='cuda:0', grad_fn=<MseLossBackward0>)
[Step 77] Backward Propagation - Time: 28.0636s, Mem: -4413235200.00 B
x_adv.requires_grad:  True
pred_19.requires_grad, true_19.requires_grad:  True True
Autograd grad max:  tensor(899.6696, device='cuda:0')
Autograd grad min:  tensor(-843.8145, device='cuda:0')
Autograd grad mean:  tensor(-2.7593, device='cuda:0')
[Step 77] PGD Update - Time: 0.0014s, Mem: 0.00 B

[Step 77] 完整步骤总时间: 36.781889s | 总显存: 0.00 B
[Step 77] 峰值显存: 6.22 GB

[Step 78] ============ 详细性能分析 ============
[模型部分] 总时间: 6.664106s | 显存: 4.12 GB

[0-9秒 PDE求解详细性能]
  t=0s - 时间: 0.000000s | 显存: 0.00 B
  t=1s - 时间: 0.430577s | 显存: 0.00 B
  t=2s - 时间: 0.492824s | 显存: 0.00 B
  t=3s - 时间: 0.591816s | 显存: 0.00 B
  t=4s - 时间: 0.671459s | 显存: 0.00 B
  t=5s - 时间: 0.730886s | 显存: 0.00 B
  t=6s - 时间: 0.834881s | 显存: 0.00 B
  t=7s - 时间: 0.891998s | 显存: 0.00 B
  t=8s - 时间: 0.955249s | 显存: 0.00 B
  t=9s - 时间: 1.042886s | 显存: 0.00 B

[19秒 PDE求解]
  t=19.0s - 时间: 1.812290s | 显存: 0.00 B

[PDE求解部分] 总时间: 1.812664s | 显存: 0.00 B

[本步骤总计] 时间: 8.476769s | 显存: 4.12 GB
orginal_loss:  tensor(847263.1250, device='cuda:0', grad_fn=<MseLossBackward0>)
[Step 78] Backward Propagation - Time: 20.9626s, Mem: -4413235200.00 B
x_adv.requires_grad:  True
pred_19.requires_grad, true_19.requires_grad:  True True
Autograd grad max:  tensor(1120.8636, device='cuda:0')
Autograd grad min:  tensor(-1335.6781, device='cuda:0')
Autograd grad mean:  tensor(4.7840, device='cuda:0')
[Step 78] PGD Update - Time: 0.0012s, Mem: 0.00 B

[Step 78] 完整步骤总时间: 29.445886s | 总显存: 0.00 B
[Step 78] 峰值显存: 6.22 GB

[Step 79] ============ 详细性能分析 ============
[模型部分] 总时间: 6.580058s | 显存: 4.12 GB

[0-9秒 PDE求解详细性能]
  t=0s - 时间: 0.000000s | 显存: 0.00 B
  t=1s - 时间: 0.427728s | 显存: 0.00 B
  t=2s - 时间: 0.484503s | 显存: 0.00 B
  t=3s - 时间: 0.569274s | 显存: 0.00 B
  t=4s - 时间: 0.654894s | 显存: 0.00 B
  t=5s - 时间: 0.753404s | 显存: 0.00 B
  t=6s - 时间: 0.793671s | 显存: 0.00 B
  t=7s - 时间: 0.873675s | 显存: 0.00 B
  t=8s - 时间: 0.945381s | 显存: 0.00 B
  t=9s - 时间: 1.055892s | 显存: 0.00 B

[19秒 PDE求解]
  t=19.0s - 时间: 1.820542s | 显存: 0.00 B

[PDE求解部分] 总时间: 1.820869s | 显存: 0.00 B

[本步骤总计] 时间: 8.400928s | 显存: 4.12 GB
orginal_loss:  tensor(584605.3750, device='cuda:0', grad_fn=<MseLossBackward0>)
[Step 79] Backward Propagation - Time: 20.9890s, Mem: -4413235200.00 B
x_adv.requires_grad:  True
pred_19.requires_grad, true_19.requires_grad:  True True
Autograd grad max:  tensor(5829.3452, device='cuda:0')
Autograd grad min:  tensor(-6429.0850, device='cuda:0')
Autograd grad mean:  tensor(-2.1343, device='cuda:0')
[Step 79] PGD Update - Time: 0.0013s, Mem: 0.00 B

[Step 79] 完整步骤总时间: 29.395923s | 总显存: 0.00 B
[Step 79] 峰值显存: 6.22 GB

[Step 80] ============ 详细性能分析 ============
[模型部分] 总时间: 6.630627s | 显存: 4.12 GB

[0-9秒 PDE求解详细性能]
  t=0s - 时间: 0.000000s | 显存: 0.00 B
  t=1s - 时间: 0.433833s | 显存: 0.00 B
  t=2s - 时间: 0.504850s | 显存: 0.00 B
  t=3s - 时间: 0.570328s | 显存: 0.00 B
  t=4s - 时间: 0.657768s | 显存: 0.00 B
  t=5s - 时间: 0.715229s | 显存: 0.00 B
  t=6s - 时间: 0.802883s | 显存: 0.00 B
  t=7s - 时间: 0.902049s | 显存: 0.00 B
  t=8s - 时间: 0.966448s | 显存: 0.00 B
  t=9s - 时间: 1.055966s | 显存: 0.00 B

[19秒 PDE求解]
  t=19.0s - 时间: 1.809321s | 显存: 0.00 B

[PDE求解部分] 总时间: 1.809688s | 显存: 0.00 B

[本步骤总计] 时间: 8.440315s | 显存: 4.12 GB
orginal_loss:  tensor(434595.1875, device='cuda:0', grad_fn=<MseLossBackward0>)
[Step 80] Backward Propagation - Time: 21.1992s, Mem: -4413235200.00 B
x_adv.requires_grad:  True
pred_19.requires_grad, true_19.requires_grad:  True True
Autograd grad max:  tensor(3167.1487, device='cuda:0')
Autograd grad min:  tensor(-1558.7179, device='cuda:0')
Autograd grad mean:  tensor(-4.3618, device='cuda:0')
[Step 80] PGD Update - Time: 0.0013s, Mem: 0.00 B

[Step 80] 完整步骤总时间: 29.645542s | 总显存: 0.00 B
[Step 80] 峰值显存: 6.22 GB

[Step 81] ============ 详细性能分析 ============
[模型部分] 总时间: 6.704120s | 显存: 4.12 GB

[0-9秒 PDE求解详细性能]
  t=0s - 时间: 0.000000s | 显存: 0.00 B
  t=1s - 时间: 0.453797s | 显存: 0.00 B
  t=2s - 时间: 0.507658s | 显存: 0.00 B
  t=3s - 时间: 0.569820s | 显存: 0.00 B
  t=4s - 时间: 0.647345s | 显存: 0.00 B
  t=5s - 时间: 0.763509s | 显存: 0.00 B
  t=6s - 时间: 0.828937s | 显存: 0.00 B
  t=7s - 时间: 0.896363s | 显存: 0.00 B
  t=8s - 时间: 0.956918s | 显存: 0.00 B
  t=9s - 时间: 1.058253s | 显存: 0.00 B

[19秒 PDE求解]
  t=19.0s - 时间: 1.911622s | 显存: 0.00 B

[PDE求解部分] 总时间: 1.911953s | 显存: 0.00 B

[本步骤总计] 时间: 8.616073s | 显存: 4.12 GB
orginal_loss:  tensor(529913.3125, device='cuda:0', grad_fn=<MseLossBackward0>)
[Step 81] Backward Propagation - Time: 21.2681s, Mem: -4413235200.00 B
x_adv.requires_grad:  True
pred_19.requires_grad, true_19.requires_grad:  True True
Autograd grad max:  tensor(1437.5470, device='cuda:0')
Autograd grad min:  tensor(-1964.1605, device='cuda:0')
Autograd grad mean:  tensor(1.2040, device='cuda:0')
[Step 81] PGD Update - Time: 0.0014s, Mem: 0.00 B

[Step 81] 完整步骤总时间: 29.890167s | 总显存: 0.00 B
[Step 81] 峰值显存: 6.22 GB

[Step 82] ============ 详细性能分析 ============
[模型部分] 总时间: 6.741168s | 显存: 4.12 GB

[0-9秒 PDE求解详细性能]
  t=0s - 时间: 0.000000s | 显存: 0.00 B
  t=1s - 时间: 0.454843s | 显存: 0.00 B
  t=2s - 时间: 0.496483s | 显存: 0.00 B
  t=3s - 时间: 0.586242s | 显存: 0.00 B
  t=4s - 时间: 0.671492s | 显存: 0.00 B
  t=5s - 时间: 0.753811s | 显存: 0.00 B
  t=6s - 时间: 0.814294s | 显存: 0.00 B
  t=7s - 时间: 0.888972s | 显存: 0.00 B
  t=8s - 时间: 0.997857s | 显存: 0.00 B
  t=9s - 时间: 1.055831s | 显存: 0.00 B

[19秒 PDE求解]
  t=19.0s - 时间: 1.825948s | 显存: 0.00 B

[PDE求解部分] 总时间: 1.826297s | 显存: 0.00 B

[本步骤总计] 时间: 8.567465s | 显存: 4.12 GB
orginal_loss:  tensor(580980.1875, device='cuda:0', grad_fn=<MseLossBackward0>)
[Step 82] Backward Propagation - Time: 21.0580s, Mem: -4413235200.00 B
x_adv.requires_grad:  True
pred_19.requires_grad, true_19.requires_grad:  True True
Autograd grad max:  tensor(1706.7668, device='cuda:0')
Autograd grad min:  tensor(-1981.2944, device='cuda:0')
Autograd grad mean:  tensor(4.3088, device='cuda:0')
[Step 82] PGD Update - Time: 0.0013s, Mem: 0.00 B

[Step 82] 完整步骤总时间: 29.631284s | 总显存: 0.00 B
[Step 82] 峰值显存: 6.22 GB

[Step 83] ============ 详细性能分析 ============
[模型部分] 总时间: 6.685722s | 显存: 4.12 GB

[0-9秒 PDE求解详细性能]
  t=0s - 时间: 0.000000s | 显存: 0.00 B
  t=1s - 时间: 0.425659s | 显存: 0.00 B
  t=2s - 时间: 0.505714s | 显存: 0.00 B
  t=3s - 时间: 0.588957s | 显存: 0.00 B
  t=4s - 时间: 0.641836s | 显存: 0.00 B
  t=5s - 时间: 0.734694s | 显存: 0.00 B
  t=6s - 时间: 0.808626s | 显存: 0.00 B
  t=7s - 时间: 0.935826s | 显存: 0.00 B
  t=8s - 时间: 0.955518s | 显存: 0.00 B
  t=9s - 时间: 1.067235s | 显存: 0.00 B

[19秒 PDE求解]
  t=19.0s - 时间: 1.824562s | 显存: 0.00 B

[PDE求解部分] 总时间: 1.824906s | 显存: 0.00 B

[本步骤总计] 时间: 8.510627s | 显存: 4.12 GB
orginal_loss:  tensor(547386.8750, device='cuda:0', grad_fn=<MseLossBackward0>)
[Step 83] Backward Propagation - Time: 21.0210s, Mem: -4413235200.00 B
x_adv.requires_grad:  True
pred_19.requires_grad, true_19.requires_grad:  True True
Autograd grad max:  tensor(2206.3315, device='cuda:0')
Autograd grad min:  tensor(-1928.2878, device='cuda:0')
Autograd grad mean:  tensor(-2.2813, device='cuda:0')
[Step 83] PGD Update - Time: 0.0012s, Mem: 0.00 B

[Step 83] 完整步骤总时间: 29.537639s | 总显存: 0.00 B
[Step 83] 峰值显存: 6.22 GB

[Step 84] ============ 详细性能分析 ============
[模型部分] 总时间: 6.721607s | 显存: 4.12 GB

[0-9秒 PDE求解详细性能]
  t=0s - 时间: 0.000000s | 显存: 0.00 B
  t=1s - 时间: 0.470777s | 显存: 0.00 B
  t=2s - 时间: 0.495142s | 显存: 0.00 B
  t=3s - 时间: 0.619072s | 显存: 0.00 B
  t=4s - 时间: 0.663887s | 显存: 0.00 B
  t=5s - 时间: 0.750126s | 显存: 0.00 B
  t=6s - 时间: 0.790352s | 显存: 0.00 B
  t=7s - 时间: 0.907739s | 显存: 0.00 B
  t=8s - 时间: 0.970406s | 显存: 0.00 B
  t=9s - 时间: 1.032815s | 显存: 0.00 B

[19秒 PDE求解]
  t=19.0s - 时间: 1.821917s | 显存: 0.00 B

[PDE求解部分] 总时间: 1.822248s | 显存: 0.00 B

[本步骤总计] 时间: 8.543855s | 显存: 4.12 GB
orginal_loss:  tensor(800278.6250, device='cuda:0', grad_fn=<MseLossBackward0>)
[Step 84] Backward Propagation - Time: 20.9847s, Mem: -4413235200.00 B
x_adv.requires_grad:  True
pred_19.requires_grad, true_19.requires_grad:  True True
Autograd grad max:  tensor(2414.4409, device='cuda:0')
Autograd grad min:  tensor(-3750.9548, device='cuda:0')
Autograd grad mean:  tensor(-14.7503, device='cuda:0')
[Step 84] PGD Update - Time: 0.0013s, Mem: 0.00 B

[Step 84] 完整步骤总时间: 29.534614s | 总显存: 0.00 B
[Step 84] 峰值显存: 6.22 GB

[Step 85] ============ 详细性能分析 ============
[模型部分] 总时间: 6.733810s | 显存: 4.12 GB

[0-9秒 PDE求解详细性能]
  t=0s - 时间: 0.000000s | 显存: 0.00 B
  t=1s - 时间: 0.432067s | 显存: 0.00 B
  t=2s - 时间: 0.528419s | 显存: 0.00 B
  t=3s - 时间: 0.581644s | 显存: 0.00 B
  t=4s - 时间: 0.681515s | 显存: 0.00 B
  t=5s - 时间: 0.753154s | 显存: 0.00 B
  t=6s - 时间: 0.805610s | 显存: 0.00 B
  t=7s - 时间: 0.887712s | 显存: 0.00 B
  t=8s - 时间: 0.989457s | 显存: 0.00 B
  t=9s - 时间: 1.052909s | 显存: 0.00 B

[19秒 PDE求解]
  t=19.0s - 时间: 1.853489s | 显存: 0.00 B

[PDE求解部分] 总时间: 1.853873s | 显存: 0.00 B

[本步骤总计] 时间: 8.587683s | 显存: 4.12 GB
orginal_loss:  tensor(582507.7500, device='cuda:0', grad_fn=<MseLossBackward0>)
[Step 85] Backward Propagation - Time: 20.9780s, Mem: -4413235200.00 B
x_adv.requires_grad:  True
pred_19.requires_grad, true_19.requires_grad:  True True
Autograd grad max:  tensor(2229.8691, device='cuda:0')
Autograd grad min:  tensor(-1850.7567, device='cuda:0')
Autograd grad mean:  tensor(0.3032, device='cuda:0')
[Step 85] PGD Update - Time: 0.0014s, Mem: 0.00 B

[Step 85] 完整步骤总时间: 29.571882s | 总显存: 0.00 B
[Step 85] 峰值显存: 6.22 GB

[Step 86] ============ 详细性能分析 ============
[模型部分] 总时间: 6.736892s | 显存: 4.12 GB

[0-9秒 PDE求解详细性能]
  t=0s - 时间: 0.000000s | 显存: 0.00 B
  t=1s - 时间: 0.458537s | 显存: 0.00 B
  t=2s - 时间: 0.542452s | 显存: 0.00 B
  t=3s - 时间: 0.576010s | 显存: 0.00 B
  t=4s - 时间: 0.675661s | 显存: 0.00 B
  t=5s - 时间: 0.750229s | 显存: 0.00 B
  t=6s - 时间: 0.812386s | 显存: 0.00 B
  t=7s - 时间: 0.896444s | 显存: 0.00 B
  t=8s - 时间: 0.968222s | 显存: 0.00 B
  t=9s - 时间: 1.035156s | 显存: 0.00 B

[19秒 PDE求解]
  t=19.0s - 时间: 1.848616s | 显存: 0.00 B

[PDE求解部分] 总时间: 1.848956s | 显存: 0.00 B

[本步骤总计] 时间: 8.585848s | 显存: 4.12 GB
orginal_loss:  tensor(414498.2500, device='cuda:0', grad_fn=<MseLossBackward0>)
[Step 86] Backward Propagation - Time: 21.1431s, Mem: -4413235200.00 B
x_adv.requires_grad:  True
pred_19.requires_grad, true_19.requires_grad:  True True
Autograd grad max:  tensor(1947.4194, device='cuda:0')
Autograd grad min:  tensor(-2372.4341, device='cuda:0')
Autograd grad mean:  tensor(5.9232, device='cuda:0')
[Step 86] PGD Update - Time: 0.0013s, Mem: 0.00 B

[Step 86] 完整步骤总时间: 29.735467s | 总显存: 0.00 B
[Step 86] 峰值显存: 6.22 GB

[Step 87] ============ 详细性能分析 ============
[模型部分] 总时间: 6.818769s | 显存: 4.12 GB

[0-9秒 PDE求解详细性能]
  t=0s - 时间: 0.000000s | 显存: 0.00 B
  t=1s - 时间: 0.483929s | 显存: 0.00 B
  t=2s - 时间: 0.523470s | 显存: 0.00 B
  t=3s - 时间: 0.601878s | 显存: 0.00 B
  t=4s - 时间: 0.658305s | 显存: 0.00 B
  t=5s - 时间: 0.770636s | 显存: 0.00 B
  t=6s - 时间: 0.829828s | 显存: 0.00 B
  t=7s - 时间: 0.892074s | 显存: 0.00 B
  t=8s - 时间: 0.971650s | 显存: 0.00 B
  t=9s - 时间: 1.065517s | 显存: 0.00 B

[19秒 PDE求解]
  t=19.0s - 时间: 1.844114s | 显存: 0.00 B

[PDE求解部分] 总时间: 1.844480s | 显存: 0.00 B

[本步骤总计] 时间: 8.663249s | 显存: 4.12 GB
orginal_loss:  tensor(559632., device='cuda:0', grad_fn=<MseLossBackward0>)
[Step 87] Backward Propagation - Time: 21.1842s, Mem: -4413235200.00 B
x_adv.requires_grad:  True
pred_19.requires_grad, true_19.requires_grad:  True True
Autograd grad max:  tensor(572.8728, device='cuda:0')
Autograd grad min:  tensor(-756.4153, device='cuda:0')
Autograd grad mean:  tensor(-3.2654, device='cuda:0')
[Step 87] PGD Update - Time: 0.0014s, Mem: 0.00 B

[Step 87] 完整步骤总时间: 29.853338s | 总显存: 0.00 B
[Step 87] 峰值显存: 6.22 GB

[Step 88] ============ 详细性能分析 ============
[模型部分] 总时间: 6.795294s | 显存: 4.12 GB

[0-9秒 PDE求解详细性能]
  t=0s - 时间: 0.000000s | 显存: 0.00 B
  t=1s - 时间: 0.419881s | 显存: 0.00 B
  t=2s - 时间: 0.501577s | 显存: 0.00 B
  t=3s - 时间: 0.592838s | 显存: 0.00 B
  t=4s - 时间: 0.659533s | 显存: 0.00 B
  t=5s - 时间: 0.749614s | 显存: 0.00 B
  t=6s - 时间: 0.850554s | 显存: 0.00 B
  t=7s - 时间: 0.918291s | 显存: 0.00 B
  t=8s - 时间: 0.992602s | 显存: 0.00 B
  t=9s - 时间: 1.088827s | 显存: 0.00 B

[19秒 PDE求解]
  t=19.0s - 时间: 1.852939s | 显存: 0.00 B

[PDE求解部分] 总时间: 1.853288s | 显存: 0.00 B

[本步骤总计] 时间: 8.648581s | 显存: 4.12 GB
orginal_loss:  tensor(570675.8750, device='cuda:0', grad_fn=<MseLossBackward0>)
[Step 88] Backward Propagation - Time: 21.0597s, Mem: -4413235200.00 B
x_adv.requires_grad:  True
pred_19.requires_grad, true_19.requires_grad:  True True
Autograd grad max:  tensor(902.8030, device='cuda:0')
Autograd grad min:  tensor(-696.2834, device='cuda:0')
Autograd grad mean:  tensor(-1.7034, device='cuda:0')
[Step 88] PGD Update - Time: 0.0012s, Mem: 0.00 B

[Step 88] 完整步骤总时间: 29.714276s | 总显存: 0.00 B
[Step 88] 峰值显存: 6.22 GB

[Step 89] ============ 详细性能分析 ============
[模型部分] 总时间: 6.861306s | 显存: 4.12 GB

[0-9秒 PDE求解详细性能]
  t=0s - 时间: 0.000000s | 显存: 0.00 B
  t=1s - 时间: 0.465819s | 显存: 0.00 B
  t=2s - 时间: 0.551082s | 显存: 0.00 B
  t=3s - 时间: 0.603813s | 显存: 0.00 B
  t=4s - 时间: 0.668723s | 显存: 0.00 B
  t=5s - 时间: 0.760892s | 显存: 0.00 B
  t=6s - 时间: 0.826623s | 显存: 0.00 B
  t=7s - 时间: 0.914811s | 显存: 0.00 B
  t=8s - 时间: 0.975835s | 显存: 0.00 B
  t=9s - 时间: 1.072486s | 显存: 0.00 B

[19秒 PDE求解]
  t=19.0s - 时间: 1.852901s | 显存: 0.00 B

[PDE求解部分] 总时间: 1.853243s | 显存: 0.00 B

[本步骤总计] 时间: 8.714549s | 显存: 4.12 GB
orginal_loss:  tensor(528241.5625, device='cuda:0', grad_fn=<MseLossBackward0>)
[Step 89] Backward Propagation - Time: 21.0079s, Mem: -4413235200.00 B
x_adv.requires_grad:  True
pred_19.requires_grad, true_19.requires_grad:  True True
Autograd grad max:  tensor(1126.4174, device='cuda:0')
Autograd grad min:  tensor(-1989.5685, device='cuda:0')
Autograd grad mean:  tensor(-1.4683, device='cuda:0')
[Step 89] PGD Update - Time: 0.0013s, Mem: 0.00 B

[Step 89] 完整步骤总时间: 29.728320s | 总显存: 0.00 B
[Step 89] 峰值显存: 6.22 GB

[Step 90] ============ 详细性能分析 ============
[模型部分] 总时间: 6.722981s | 显存: 4.12 GB

[0-9秒 PDE求解详细性能]
  t=0s - 时间: 0.000000s | 显存: 0.00 B
  t=1s - 时间: 0.456958s | 显存: 0.00 B
  t=2s - 时间: 0.489853s | 显存: 0.00 B
  t=3s - 时间: 0.566508s | 显存: 0.00 B
  t=4s - 时间: 0.673456s | 显存: 0.00 B
  t=5s - 时间: 0.726516s | 显存: 0.00 B
  t=6s - 时间: 0.838737s | 显存: 0.00 B
  t=7s - 时间: 0.909419s | 显存: 0.00 B
  t=8s - 时间: 0.988152s | 显存: 0.00 B
  t=9s - 时间: 1.051993s | 显存: 0.00 B

[19秒 PDE求解]
  t=19.0s - 时间: 1.843768s | 显存: 0.00 B

[PDE求解部分] 总时间: 1.844156s | 显存: 0.00 B

[本步骤总计] 时间: 8.567137s | 显存: 4.12 GB
orginal_loss:  tensor(385911.6562, device='cuda:0', grad_fn=<MseLossBackward0>)
[Step 90] Backward Propagation - Time: 20.9598s, Mem: -4413235200.00 B
x_adv.requires_grad:  True
pred_19.requires_grad, true_19.requires_grad:  True True
Autograd grad max:  tensor(2346.6797, device='cuda:0')
Autograd grad min:  tensor(-1646.2482, device='cuda:0')
Autograd grad mean:  tensor(-0.0284, device='cuda:0')
[Step 90] PGD Update - Time: 0.0013s, Mem: 0.00 B

[Step 90] 完整步骤总时间: 29.533193s | 总显存: 0.00 B
[Step 90] 峰值显存: 6.22 GB

[Step 91] ============ 详细性能分析 ============
[模型部分] 总时间: 6.764257s | 显存: 4.12 GB

[0-9秒 PDE求解详细性能]
  t=0s - 时间: 0.000000s | 显存: 0.00 B
  t=1s - 时间: 0.448812s | 显存: 0.00 B
  t=2s - 时间: 0.536141s | 显存: 0.00 B
  t=3s - 时间: 0.610545s | 显存: 0.00 B
  t=4s - 时间: 0.654253s | 显存: 0.00 B
  t=5s - 时间: 0.755316s | 显存: 0.00 B
  t=6s - 时间: 0.811596s | 显存: 0.00 B
  t=7s - 时间: 0.907533s | 显存: 0.00 B
  t=8s - 时间: 0.977044s | 显存: 0.00 B
  t=9s - 时间: 1.041443s | 显存: 0.00 B

[19秒 PDE求解]
  t=19.0s - 时间: 1.815324s | 显存: 0.00 B

[PDE求解部分] 总时间: 1.815670s | 显存: 0.00 B

[本步骤总计] 时间: 8.579927s | 显存: 4.12 GB
orginal_loss:  tensor(582686.6250, device='cuda:0', grad_fn=<MseLossBackward0>)
[Step 91] Backward Propagation - Time: 20.9935s, Mem: -4413235200.00 B
x_adv.requires_grad:  True
pred_19.requires_grad, true_19.requires_grad:  True True
Autograd grad max:  tensor(1145.7063, device='cuda:0')
Autograd grad min:  tensor(-1744.0853, device='cuda:0')
Autograd grad mean:  tensor(5.2398, device='cuda:0')
[Step 91] PGD Update - Time: 0.0013s, Mem: 0.00 B

[Step 91] 完整步骤总时间: 29.579739s | 总显存: 0.00 B
[Step 91] 峰值显存: 6.22 GB

[Step 92] ============ 详细性能分析 ============
[模型部分] 总时间: 6.704976s | 显存: 4.12 GB

[0-9秒 PDE求解详细性能]
  t=0s - 时间: 0.000000s | 显存: 0.00 B
  t=1s - 时间: 0.437436s | 显存: 0.00 B
  t=2s - 时间: 0.507193s | 显存: 0.00 B
  t=3s - 时间: 0.584155s | 显存: 0.00 B
  t=4s - 时间: 0.646243s | 显存: 0.00 B
  t=5s - 时间: 0.754867s | 显存: 0.00 B
  t=6s - 时间: 0.803130s | 显存: 0.00 B
  t=7s - 时间: 0.879644s | 显存: 0.00 B
  t=8s - 时间: 1.010226s | 显存: 0.00 B
  t=9s - 时间: 1.060923s | 显存: 0.00 B

[19秒 PDE求解]
  t=19.0s - 时间: 1.859332s | 显存: 0.00 B

[PDE求解部分] 总时间: 1.859673s | 显存: 0.00 B

[本步骤总计] 时间: 8.564649s | 显存: 4.12 GB
orginal_loss:  tensor(512516.7500, device='cuda:0', grad_fn=<MseLossBackward0>)
[Step 92] Backward Propagation - Time: 21.1409s, Mem: -4413235200.00 B
x_adv.requires_grad:  True
pred_19.requires_grad, true_19.requires_grad:  True True
Autograd grad max:  tensor(3158.2888, device='cuda:0')
Autograd grad min:  tensor(-2037.7893, device='cuda:0')
Autograd grad mean:  tensor(10.2668, device='cuda:0')
[Step 92] PGD Update - Time: 0.0013s, Mem: 0.00 B

[Step 92] 完整步骤总时间: 29.711603s | 总显存: 0.00 B
[Step 92] 峰值显存: 6.22 GB

[Step 93] ============ 详细性能分析 ============
[模型部分] 总时间: 6.731343s | 显存: 4.12 GB

[0-9秒 PDE求解详细性能]
  t=0s - 时间: 0.000000s | 显存: 0.00 B
  t=1s - 时间: 0.423509s | 显存: 0.00 B
  t=2s - 时间: 0.516795s | 显存: 0.00 B
  t=3s - 时间: 0.640432s | 显存: 0.00 B
  t=4s - 时间: 0.702360s | 显存: 0.00 B
  t=5s - 时间: 0.753512s | 显存: 0.00 B
  t=6s - 时间: 0.830271s | 显存: 0.00 B
  t=7s - 时间: 0.877288s | 显存: 0.00 B
  t=8s - 时间: 0.940834s | 显存: 0.00 B
  t=9s - 时间: 1.024982s | 显存: 0.00 B

[19秒 PDE求解]
  t=19.0s - 时间: 1.841883s | 显存: 0.00 B

[PDE求解部分] 总时间: 1.842290s | 显存: 0.00 B

[本步骤总计] 时间: 8.573633s | 显存: 4.12 GB
orginal_loss:  tensor(306349.4062, device='cuda:0', grad_fn=<MseLossBackward0>)
[Step 93] Backward Propagation - Time: 30.6574s, Mem: -4413235200.00 B
x_adv.requires_grad:  True
pred_19.requires_grad, true_19.requires_grad:  True True
Autograd grad max:  tensor(1004.8561, device='cuda:0')
Autograd grad min:  tensor(-1072.6945, device='cuda:0')
Autograd grad mean:  tensor(3.7323, device='cuda:0')
[Step 93] PGD Update - Time: 0.3399s, Mem: 0.00 B

[Step 93] 完整步骤总时间: 42.361326s | 总显存: 0.00 B
[Step 93] 峰值显存: 6.22 GB

[Step 94] ============ 详细性能分析 ============
[模型部分] 总时间: 8.468557s | 显存: 4.12 GB

[0-9秒 PDE求解详细性能]
  t=0s - 时间: 0.000000s | 显存: 0.00 B
  t=1s - 时间: 0.516850s | 显存: 0.00 B
  t=2s - 时间: 0.506165s | 显存: 0.00 B
  t=3s - 时间: 0.566950s | 显存: 0.00 B
  t=4s - 时间: 0.666787s | 显存: 0.00 B
  t=5s - 时间: 0.729106s | 显存: 0.00 B
  t=6s - 时间: 0.870688s | 显存: 0.00 B
  t=7s - 时间: 0.886186s | 显存: 0.00 B
  t=8s - 时间: 0.955406s | 显存: 0.00 B
  t=9s - 时间: 1.056575s | 显存: 0.00 B

[19秒 PDE求解]
  t=19.0s - 时间: 1.856529s | 显存: 0.00 B

[PDE求解部分] 总时间: 1.856909s | 显存: 0.00 B

[本步骤总计] 时间: 10.325466s | 显存: 4.12 GB
orginal_loss:  tensor(628203.2500, device='cuda:0', grad_fn=<MseLossBackward0>)
[Step 94] Backward Propagation - Time: 21.0779s, Mem: -4413235200.00 B
x_adv.requires_grad:  True
pred_19.requires_grad, true_19.requires_grad:  True True
Autograd grad max:  tensor(4544.3960, device='cuda:0')
Autograd grad min:  tensor(-2912.9875, device='cuda:0')
Autograd grad mean:  tensor(-1.3328, device='cuda:0')
[Step 94] PGD Update - Time: 0.0025s, Mem: 0.00 B

[Step 94] 完整步骤总时间: 31.512513s | 总显存: 0.00 B
[Step 94] 峰值显存: 6.22 GB

[Step 95] ============ 详细性能分析 ============
[模型部分] 总时间: 6.645996s | 显存: 4.12 GB

[0-9秒 PDE求解详细性能]
  t=0s - 时间: 0.000000s | 显存: 0.00 B
  t=1s - 时间: 0.441354s | 显存: 0.00 B
  t=2s - 时间: 0.481815s | 显存: 0.00 B
  t=3s - 时间: 0.582919s | 显存: 0.00 B
  t=4s - 时间: 0.663527s | 显存: 0.00 B
  t=5s - 时间: 0.720663s | 显存: 0.00 B
  t=6s - 时间: 0.828034s | 显存: 0.00 B
  t=7s - 时间: 0.873266s | 显存: 0.00 B
  t=8s - 时间: 0.973150s | 显存: 0.00 B
  t=9s - 时间: 1.049435s | 显存: 0.00 B

[19秒 PDE求解]
  t=19.0s - 时间: 1.855353s | 显存: 0.00 B

[PDE求解部分] 总时间: 1.855704s | 显存: 0.00 B

[本步骤总计] 时间: 8.501700s | 显存: 4.12 GB
orginal_loss:  tensor(404767.8125, device='cuda:0', grad_fn=<MseLossBackward0>)
[Step 95] Backward Propagation - Time: 21.0632s, Mem: -4413235200.00 B
x_adv.requires_grad:  True
pred_19.requires_grad, true_19.requires_grad:  True True
Autograd grad max:  tensor(3657.0259, device='cuda:0')
Autograd grad min:  tensor(-2812.9148, device='cuda:0')
Autograd grad mean:  tensor(-8.0379, device='cuda:0')
[Step 95] PGD Update - Time: 0.0011s, Mem: 0.00 B

[Step 95] 完整步骤总时间: 29.570715s | 总显存: 0.00 B
[Step 95] 峰值显存: 6.22 GB

[Step 96] ============ 详细性能分析 ============
[模型部分] 总时间: 6.643898s | 显存: 4.12 GB

[0-9秒 PDE求解详细性能]
  t=0s - 时间: 0.000000s | 显存: 0.00 B
  t=1s - 时间: 0.425343s | 显存: 0.00 B
  t=2s - 时间: 0.498199s | 显存: 0.00 B
  t=3s - 时间: 0.568829s | 显存: 0.00 B
  t=4s - 时间: 0.652935s | 显存: 0.00 B
  t=5s - 时间: 0.727767s | 显存: 0.00 B
  t=6s - 时间: 0.819150s | 显存: 0.00 B
  t=7s - 时间: 0.890771s | 显存: 0.00 B
  t=8s - 时间: 0.996494s | 显存: 0.00 B
  t=9s - 时间: 1.043049s | 显存: 0.00 B

[19秒 PDE求解]
  t=19.0s - 时间: 1.809738s | 显存: 0.00 B

[PDE求解部分] 总时间: 1.810086s | 显存: 0.00 B

[本步骤总计] 时间: 8.453984s | 显存: 4.12 GB
orginal_loss:  tensor(688076.8750, device='cuda:0', grad_fn=<MseLossBackward0>)
[Step 96] Backward Propagation - Time: 20.9641s, Mem: -4413235200.00 B
x_adv.requires_grad:  True
pred_19.requires_grad, true_19.requires_grad:  True True
Autograd grad max:  tensor(2506.0796, device='cuda:0')
Autograd grad min:  tensor(-2771.4028, device='cuda:0')
Autograd grad mean:  tensor(3.2301, device='cuda:0')
[Step 96] PGD Update - Time: 0.0014s, Mem: 0.00 B

[Step 96] 完整步骤总时间: 29.424289s | 总显存: 0.00 B
[Step 96] 峰值显存: 6.22 GB

[Step 97] ============ 详细性能分析 ============
[模型部分] 总时间: 6.644543s | 显存: 4.12 GB

[0-9秒 PDE求解详细性能]
  t=0s - 时间: 0.000000s | 显存: 0.00 B
  t=1s - 时间: 0.459613s | 显存: 0.00 B
  t=2s - 时间: 0.525573s | 显存: 0.00 B
  t=3s - 时间: 0.591435s | 显存: 0.00 B
  t=4s - 时间: 0.656595s | 显存: 0.00 B
  t=5s - 时间: 0.729383s | 显存: 0.00 B
  t=6s - 时间: 0.787744s | 显存: 0.00 B
  t=7s - 时间: 0.889510s | 显存: 0.00 B
  t=8s - 时间: 0.938605s | 显存: 0.00 B
  t=9s - 时间: 1.044603s | 显存: 0.00 B

[19秒 PDE求解]
  t=19.0s - 时间: 1.878046s | 显存: 0.00 B

[PDE求解部分] 总时间: 1.878383s | 显存: 0.00 B

[本步骤总计] 时间: 8.522925s | 显存: 4.12 GB
orginal_loss:  tensor(722806.9375, device='cuda:0', grad_fn=<MseLossBackward0>)
[Step 97] Backward Propagation - Time: 21.0859s, Mem: -4413235200.00 B
x_adv.requires_grad:  True
pred_19.requires_grad, true_19.requires_grad:  True True
Autograd grad max:  tensor(3067.9294, device='cuda:0')
Autograd grad min:  tensor(-2552.9443, device='cuda:0')
Autograd grad mean:  tensor(0.1529, device='cuda:0')
[Step 97] PGD Update - Time: 0.0013s, Mem: 0.00 B

[Step 97] 完整步骤总时间: 29.614680s | 总显存: 0.00 B
[Step 97] 峰值显存: 6.22 GB

[Step 98] ============ 详细性能分析 ============
[模型部分] 总时间: 6.707336s | 显存: 4.12 GB

[0-9秒 PDE求解详细性能]
  t=0s - 时间: 0.000000s | 显存: 0.00 B
  t=1s - 时间: 0.433210s | 显存: 0.00 B
  t=2s - 时间: 0.516745s | 显存: 0.00 B
  t=3s - 时间: 0.601990s | 显存: 0.00 B
  t=4s - 时间: 0.657186s | 显存: 0.00 B
  t=5s - 时间: 0.753017s | 显存: 0.00 B
  t=6s - 时间: 0.831654s | 显存: 0.00 B
  t=7s - 时间: 0.887008s | 显存: 0.00 B
  t=8s - 时间: 0.973595s | 显存: 0.00 B
  t=9s - 时间: 1.031461s | 显存: 0.00 B

[19秒 PDE求解]
  t=19.0s - 时间: 1.863144s | 显存: 0.00 B

[PDE求解部分] 总时间: 1.863530s | 显存: 0.00 B

[本步骤总计] 时间: 8.570866s | 显存: 4.12 GB
orginal_loss:  tensor(581914.8750, device='cuda:0', grad_fn=<MseLossBackward0>)
[Step 98] Backward Propagation - Time: 20.8994s, Mem: -4413235200.00 B
x_adv.requires_grad:  True
pred_19.requires_grad, true_19.requires_grad:  True True
Autograd grad max:  tensor(2314.9001, device='cuda:0')
Autograd grad min:  tensor(-1967.5837, device='cuda:0')
Autograd grad mean:  tensor(-1.7622, device='cuda:0')
[Step 98] PGD Update - Time: 0.0014s, Mem: 0.00 B

[Step 98] 完整步骤总时间: 29.476353s | 总显存: 0.00 B
[Step 98] 峰值显存: 6.22 GB

[Step 99] ============ 详细性能分析 ============
[模型部分] 总时间: 6.596210s | 显存: 4.12 GB

[0-9秒 PDE求解详细性能]
  t=0s - 时间: 0.000000s | 显存: 0.00 B
  t=1s - 时间: 0.461472s | 显存: 0.00 B
  t=2s - 时间: 0.488234s | 显存: 0.00 B
  t=3s - 时间: 0.564430s | 显存: 0.00 B
  t=4s - 时间: 0.643659s | 显存: 0.00 B
  t=5s - 时间: 0.729491s | 显存: 0.00 B
  t=6s - 时间: 0.804790s | 显存: 0.00 B
  t=7s - 时间: 0.901942s | 显存: 0.00 B
  t=8s - 时间: 0.949871s | 显存: 0.00 B
  t=9s - 时间: 1.030753s | 显存: 0.00 B

[19秒 PDE求解]
  t=19.0s - 时间: 1.869130s | 显存: 0.00 B

[PDE求解部分] 总时间: 1.869483s | 显存: 0.00 B

[本步骤总计] 时间: 8.465693s | 显存: 4.12 GB
orginal_loss:  tensor(579234.9375, device='cuda:0', grad_fn=<MseLossBackward0>)
[Step 99] Backward Propagation - Time: 20.9758s, Mem: -4413235200.00 B
x_adv.requires_grad:  True
pred_19.requires_grad, true_19.requires_grad:  True True
Autograd grad max:  tensor(2527.6250, device='cuda:0')
Autograd grad min:  tensor(-1707.9423, device='cuda:0')
Autograd grad mean:  tensor(-0.5049, device='cuda:0')
[Step 99] PGD Update - Time: 0.0013s, Mem: 0.00 B

[Step 99] 完整步骤总时间: 29.450678s | 总显存: 0.00 B
[Step 99] 峰值显存: 6.22 GB
清理前显存占用: 2092.6298828125 MB
PGD攻击完成！显存已清理
当前显存占用: 2092.1298828125 MB
================================================================================
norm: 2, epsilon: 32768.0, alpha: 25.0, num_steps: 100
x_adv.shape:  torch.Size([256, 256])

[Step 0] ============ 详细性能分析 ============
[模型部分] 总时间: 6.707967s | 显存: 4.11 GB

[0-9秒 PDE求解详细性能]
  t=0s - 时间: 0.000000s | 显存: 0.00 B
  t=1s - 时间: 0.437015s | 显存: 0.00 B
  t=2s - 时间: 0.497641s | 显存: 0.00 B
  t=3s - 时间: 0.598818s | 显存: 0.00 B
  t=4s - 时间: 0.677748s | 显存: 0.00 B
  t=5s - 时间: 0.744751s | 显存: 0.00 B
  t=6s - 时间: 0.817431s | 显存: 0.00 B
  t=7s - 时间: 0.880180s | 显存: 0.00 B
  t=8s - 时间: 0.965337s | 显存: 0.00 B
  t=9s - 时间: 1.056397s | 显存: 0.00 B

[19秒 PDE求解]
  t=19.0s - 时间: 1.810529s | 显存: 0.00 B

[PDE求解部分] 总时间: 1.810892s | 显存: 0.00 B

[本步骤总计] 时间: 8.518858s | 显存: 4.11 GB
orginal_loss:  tensor(2874.2017, device='cuda:0', grad_fn=<MseLossBackward0>)
[Step 0] Backward Propagation - Time: 20.9285s, Mem: -4411883520.00 B
x_adv.requires_grad:  True
pred_19.requires_grad, true_19.requires_grad:  True True
Autograd grad max:  tensor(5.5374, device='cuda:0')
Autograd grad min:  tensor(-6.3897, device='cuda:0')
Autograd grad mean:  tensor(0.2062, device='cuda:0')
[Step 0] PGD Update - Time: 0.0009s, Mem: 513.00 KB

[Step 0] 完整步骤总时间: 29.455883s | 总显存: 3.75 MB
[Step 0] 峰值显存: 6.22 GB

[Step 1] ============ 详细性能分析 ============
[模型部分] 总时间: 6.697263s | 显存: 4.11 GB

[0-9秒 PDE求解详细性能]
  t=0s - 时间: 0.000000s | 显存: 0.00 B
  t=1s - 时间: 0.490143s | 显存: 0.00 B
  t=2s - 时间: 0.500577s | 显存: 0.00 B
  t=3s - 时间: 0.571091s | 显存: 0.00 B
  t=4s - 时间: 0.642721s | 显存: 0.00 B
  t=5s - 时间: 0.722135s | 显存: 0.00 B
  t=6s - 时间: 0.818621s | 显存: 0.00 B
  t=7s - 时间: 0.905191s | 显存: 0.00 B
  t=8s - 时间: 0.963497s | 显存: 0.00 B
  t=9s - 时间: 1.051882s | 显存: 0.00 B

[19秒 PDE求解]
  t=19.0s - 时间: 1.869266s | 显存: 0.00 B

[PDE求解部分] 总时间: 1.869612s | 显存: 0.00 B

[本步骤总计] 时间: 8.566875s | 显存: 4.11 GB
orginal_loss:  tensor(9173.3145, device='cuda:0', grad_fn=<MseLossBackward0>)
[Step 1] Backward Propagation - Time: 21.2432s, Mem: -4410040320.00 B
x_adv.requires_grad:  True
pred_19.requires_grad, true_19.requires_grad:  True True
Autograd grad max:  tensor(26.0937, device='cuda:0')
Autograd grad min:  tensor(-31.9618, device='cuda:0')
Autograd grad mean:  tensor(0.3207, device='cuda:0')
[Step 1] PGD Update - Time: 0.0012s, Mem: 0.00 B

[Step 1] 完整步骤总时间: 29.816650s | 总显存: -524288.00 B
[Step 1] 峰值显存: 6.22 GB

[Step 2] ============ 详细性能分析 ============
[模型部分] 总时间: 6.674971s | 显存: 4.12 GB

[0-9秒 PDE求解详细性能]
  t=0s - 时间: 0.000000s | 显存: 0.00 B
  t=1s - 时间: 0.428689s | 显存: 0.00 B
  t=2s - 时间: 0.518741s | 显存: 0.00 B
  t=3s - 时间: 0.561448s | 显存: 0.00 B
  t=4s - 时间: 0.660750s | 显存: 0.00 B
  t=5s - 时间: 0.742174s | 显存: 0.00 B
  t=6s - 时间: 0.829490s | 显存: 0.00 B
  t=7s - 时间: 0.885694s | 显存: 0.00 B
  t=8s - 时间: 0.966053s | 显存: 0.00 B
  t=9s - 时间: 1.060451s | 显存: 0.00 B

[19秒 PDE求解]
  t=19.0s - 时间: 1.840743s | 显存: 0.00 B

[PDE求解部分] 总时间: 1.841068s | 显存: 0.00 B

[本步骤总计] 时间: 8.516039s | 显存: 4.12 GB
orginal_loss:  tensor(14432.6328, device='cuda:0', grad_fn=<MseLossBackward0>)
